protein_A	protein_B	protein_id_A	protein_id_B	string_score	A_is_RP_seed	B_is_RP_seed	retina_nTPM_A	retina_nTPM_B	A_in_HPA_retina	B_in_HPA_retina	expression_status_gt0
MERTK	PROS1	ENSP00000295408	ENSP00000377783	0.999	True	False	15.4	4.3	True	True	BOTH_EXPRESSED
MERTK	GAS6	ENSP00000295408	ENSP00000331831	0.999	True	False	15.4	5.8	True	True	BOTH_EXPRESSED
MVK	HMGCR	ENSP00000228510	ENSP00000287936	0.999	True	False	3.2	17.4	True	True	BOTH_EXPRESSED
MVK	MVD	ENSP00000228510	ENSP00000301012	0.999	True	False	3.2	3.2	True	True	BOTH_EXPRESSED
DYNC2H1	WDR34	ENSP00000497174	ENSP00000361800	0.999	True	False	9.5		True	False	UNKNOWN
CNGB1	CNGA4	ENSP00000251102	ENSP00000369268	0.999	True	False	557.0	1.0	True	True	BOTH_EXPRESSED
CNGB1	CNGA1	ENSP00000251102	ENSP00000384264	0.999	True	True	557.0	244.8	True	True	BOTH_EXPRESSED
CNGB1	CNGA2	ENSP00000251102	ENSP00000328478	0.999	True	False	557.0	0.0	True	True	BELOW_THRESHOLD
PRPF8	LSM8	ENSP00000460348	ENSP00000249299	0.999	True	False	76.4	15.4	True	True	BOTH_EXPRESSED
PRPF8	CDC40	ENSP00000460348	ENSP00000357928	0.999	True	False	76.4	13.7	True	True	BOTH_EXPRESSED
PRPF8	DDX23	ENSP00000460348	ENSP00000310723	0.999	True	False	76.4	17.9	True	True	BOTH_EXPRESSED
PRPF8	EFTUD2	ENSP00000460348	ENSP00000392094	0.999	True	False	76.4	14.4	True	True	BOTH_EXPRESSED
PRPF8	TXNL4A	ENSP00000460348	ENSP00000269601	0.999	True	False	76.4	33.8	True	True	BOTH_EXPRESSED
PRPF8	SF3B1	ENSP00000460348	ENSP00000335321	0.999	True	False	76.4	128.1	True	True	BOTH_EXPRESSED
PRPF8	SF3A3	ENSP00000460348	ENSP00000362110	0.999	True	False	76.4	27.7	True	True	BOTH_EXPRESSED
PRPF8	SNRPG	ENSP00000460348	ENSP00000393388	0.999	True	False	76.4	85.8	True	True	BOTH_EXPRESSED
PRPF8	SLU7	ENSP00000460348	ENSP00000297151	0.999	True	False	76.4	27.2	True	True	BOTH_EXPRESSED
PRPF8	PLRG1	ENSP00000460348	ENSP00000424417	0.999	True	False	76.4	24.4	True	True	BOTH_EXPRESSED
PRPF8	SNRPD2	ENSP00000460348	ENSP00000342374	0.999	True	False	76.4	112.0	True	True	BOTH_EXPRESSED
PRPF8	PRPF19	ENSP00000460348	ENSP00000227524	0.999	True	False	76.4	42.8	True	True	BOTH_EXPRESSED
PRPF8	SNRPD1	ENSP00000460348	ENSP00000300413	0.999	True	False	76.4	30.6	True	True	BOTH_EXPRESSED
PRPF8	DHX16	ENSP00000460348	ENSP00000365625	0.999	True	False	76.4	13.3	True	True	BOTH_EXPRESSED
PRPF8	SF3B4	ENSP00000460348	ENSP00000271628	0.999	True	False	76.4	19.2	True	True	BOTH_EXPRESSED
PRPF8	PRPF6	ENSP00000460348	ENSP00000266079	0.999	True	True	76.4	33.8	True	True	BOTH_EXPRESSED
PRPF8	YJU2	ENSP00000460348	ENSP00000262962	0.999	True	False	76.4	7.5	True	True	BOTH_EXPRESSED
PRPF8	ISY1-RAB43	ENSP00000460348	ENSP00000411822	0.999	True	False	76.4	2.5	True	True	BOTH_EXPRESSED
PRPF8	CWC15	ENSP00000460348	ENSP00000475615	0.999	True	False	76.4	23.4	True	True	BOTH_EXPRESSED
PRPF8	RBM22	ENSP00000460348	ENSP00000199814	0.999	True	False	76.4	21.9	True	True	BOTH_EXPRESSED
PRPF8	PPIL1	ENSP00000460348	ENSP00000362803	0.999	True	False	76.4	26.9	True	True	BOTH_EXPRESSED
PRPF8	CDC5L	ENSP00000460348	ENSP00000360532	0.999	True	False	76.4	12.2	True	True	BOTH_EXPRESSED
PRPF8	SF3A2	ENSP00000460348	ENSP00000221494	0.999	True	False	76.4	6.5	True	True	BOTH_EXPRESSED
PRPF8	CWC22	ENSP00000460348	ENSP00000387006	0.999	True	False	76.4	11.5	True	True	BOTH_EXPRESSED
PRPF8	SNRNP40	ENSP00000460348	ENSP00000263694	0.999	True	False	76.4	17.7	True	True	BOTH_EXPRESSED
PRPF8	SF3A1	ENSP00000460348	ENSP00000215793	0.999	True	False	76.4	33.8	True	True	BOTH_EXPRESSED
PRPF8	SNRPA1	ENSP00000460348	ENSP00000254193	0.999	True	False	76.4	14.3	True	True	BOTH_EXPRESSED
PRPF8	CRNKL1	ENSP00000460348	ENSP00000366557	0.999	True	False	76.4	9.1	True	True	BOTH_EXPRESSED
PRPF8	AAR2	ENSP00000460348	ENSP00000363043	0.999	True	False	76.4	6.9	True	True	BOTH_EXPRESSED
PRPF8	MFAP1	ENSP00000460348	ENSP00000267812	0.999	True	False	76.4	23.1	True	True	BOTH_EXPRESSED
PRPF8	PRPF3	ENSP00000460348	ENSP00000315379	0.999	True	True	76.4	40.3	True	True	BOTH_EXPRESSED
PRPF8	SRRM2	ENSP00000460348	ENSP00000301740	0.999	True	False	76.4	67.1	True	True	BOTH_EXPRESSED
PRPF8	SF3B2	ENSP00000460348	ENSP00000318861	0.999	True	False	76.4	89.5	True	True	BOTH_EXPRESSED
PRPF8	SNW1	ENSP00000460348	ENSP00000451129	0.999	True	False	76.4	40.1	True	True	BOTH_EXPRESSED
PRPF8	SF3B3	ENSP00000460348	ENSP00000305790	0.999	True	False	76.4	15.1	True	True	BOTH_EXPRESSED
PRPF8	SNRNP200	ENSP00000460348	ENSP00000317123	0.999	True	True	76.4	62.7	True	True	BOTH_EXPRESSED
PRPF8	SNRPF	ENSP00000460348	ENSP00000266735	0.999	True	False	76.4	58.3	True	True	BOTH_EXPRESSED
PRPF8	PRPF4	ENSP00000460348	ENSP00000363313	0.999	True	True	76.4	12.1	True	True	BOTH_EXPRESSED
PRPF8	PRPF31	ENSP00000460348	ENSP00000324122	0.999	True	True	76.4	7.6	True	True	BOTH_EXPRESSED
PRPF8	BCAS2	ENSP00000460348	ENSP00000358554	0.999	True	False	76.4	37.4	True	True	BOTH_EXPRESSED
PRPF8	BUD31	ENSP00000460348	ENSP00000386023	0.999	True	False	76.4	13.8	True	True	BOTH_EXPRESSED
PRPF8	SART1	ENSP00000460348	ENSP00000310448	0.999	True	False	76.4	7.4	True	True	BOTH_EXPRESSED
PRPF8	AQR	ENSP00000460348	ENSP00000156471	0.999	True	False	76.4	7.4	True	True	BOTH_EXPRESSED
SCLT1	CEP83	ENSP00000281142	ENSP00000380911	0.999	True	False	2.7	4.4	True	True	BOTH_EXPRESSED
PRPF8	SNRPD3	ENSP00000460348	ENSP00000215829	0.999	True	False	76.4	50.0	True	True	BOTH_EXPRESSED
PRPF8	XAB2	ENSP00000460348	ENSP00000351137	0.999	True	False	76.4	8.3	True	True	BOTH_EXPRESSED
PRPF8	SNRPB	ENSP00000460348	ENSP00000412566	0.999	True	False	76.4	21.5	True	True	BOTH_EXPRESSED
PRPF8	SNRPE	ENSP00000460348	ENSP00000400591	0.999	True	False	76.4	35.0	True	True	BOTH_EXPRESSED
SNRNP200	YJU2	ENSP00000317123	ENSP00000262962	0.999	True	False	62.7	7.5	True	True	BOTH_EXPRESSED
SNRNP200	SNRPE	ENSP00000317123	ENSP00000400591	0.999	True	False	62.7	35.0	True	True	BOTH_EXPRESSED
SNRNP200	SNRPB	ENSP00000317123	ENSP00000412566	0.999	True	False	62.7	21.5	True	True	BOTH_EXPRESSED
SNRNP200	SNRPD3	ENSP00000317123	ENSP00000215829	0.999	True	False	62.7	50.0	True	True	BOTH_EXPRESSED
SNRNP200	DHX38	ENSP00000317123	ENSP00000268482	0.999	True	True	62.7	12.3	True	True	BOTH_EXPRESSED
SNRNP200	SART1	ENSP00000317123	ENSP00000310448	0.999	True	False	62.7	7.4	True	True	BOTH_EXPRESSED
DYNC2H1	DYNC2LI1	ENSP00000497174	ENSP00000474032	0.999	True	False	9.5	40.7	True	True	BOTH_EXPRESSED
DYNC2H1	WDR60	ENSP00000497174	ENSP00000384290	0.999	True	False	9.5		True	False	UNKNOWN
DYNC2H1	DYNLL1	ENSP00000497174	ENSP00000376297	0.999	True	False	9.5	168.0	True	True	BOTH_EXPRESSED
GNAT1	RHO	ENSP00000232461	ENSP00000296271	0.999	True	True	1040.7	3767.6	True	True	BOTH_EXPRESSED
PRPF4	SNRNP200	ENSP00000363313	ENSP00000317123	0.999	True	True	12.1	62.7	True	True	BOTH_EXPRESSED
PRPF4	SNRPF	ENSP00000363313	ENSP00000266735	0.999	True	False	12.1	58.3	True	True	BOTH_EXPRESSED
PRPF4	PPIH	ENSP00000363313	ENSP00000306614	0.999	True	False	12.1	20.7	True	True	BOTH_EXPRESSED
PRPF4	LSM8	ENSP00000363313	ENSP00000249299	0.999	True	False	12.1	15.4	True	True	BOTH_EXPRESSED
PRPF4	EFTUD2	ENSP00000363313	ENSP00000392094	0.999	True	False	12.1	14.4	True	True	BOTH_EXPRESSED
PRPF4	SNU13	ENSP00000363313	ENSP00000383949	0.999	True	False	12.1	79.3	True	True	BOTH_EXPRESSED
PRPF4	LSM2	ENSP00000363313	ENSP00000364813	0.999	True	False	12.1	6.7	True	True	BOTH_EXPRESSED
PRPF4	SNRPD2	ENSP00000363313	ENSP00000342374	0.999	True	False	12.1	112.0	True	True	BOTH_EXPRESSED
PRPF4	MFAP1	ENSP00000363313	ENSP00000267812	0.999	True	False	12.1	23.1	True	True	BOTH_EXPRESSED
PRPF4	PRPF3	ENSP00000363313	ENSP00000315379	0.999	True	True	12.1	40.3	True	True	BOTH_EXPRESSED
PRPF4	LSM7	ENSP00000363313	ENSP00000252622	0.999	True	False	12.1	14.0	True	True	BOTH_EXPRESSED
PRPF4	LSM6	ENSP00000363313	ENSP00000296581	0.999	True	False	12.1	7.6	True	True	BOTH_EXPRESSED
PRPF4	LSM5	ENSP00000363313	ENSP00000410758	0.999	True	False	12.1	26.6	True	True	BOTH_EXPRESSED
PRPF4	LSM4	ENSP00000363313	ENSP00000469468	0.999	True	False	12.1	30.7	True	True	BOTH_EXPRESSED
GUCA1A	GUCY2D	ENSP00000053469	ENSP00000254854	0.999	True	True	703.2	31.7	True	True	BOTH_EXPRESSED
PRPF4	SNRPE	ENSP00000363313	ENSP00000400591	0.999	True	False	12.1	35.0	True	True	BOTH_EXPRESSED
PRPF4	PRPF6	ENSP00000363313	ENSP00000266079	0.999	True	True	12.1	33.8	True	True	BOTH_EXPRESSED
PRPF4	SART1	ENSP00000363313	ENSP00000310448	0.999	True	False	12.1	7.4	True	True	BOTH_EXPRESSED
PRPF4	PRPF31	ENSP00000363313	ENSP00000324122	0.999	True	True	12.1	7.6	True	True	BOTH_EXPRESSED
SNRNP200	RBMX2	ENSP00000317123	ENSP00000339090	0.999	True	False	62.7	10.3	True	True	BOTH_EXPRESSED
SNRNP200	CWC27	ENSP00000317123	ENSP00000370460	0.999	True	False	62.7	11.7	True	True	BOTH_EXPRESSED
SNRNP200	SNIP1	ENSP00000317123	ENSP00000296215	0.999	True	False	62.7	3.6	True	True	BOTH_EXPRESSED
SNRNP200	PRPF31	ENSP00000317123	ENSP00000324122	0.999	True	True	62.7	7.6	True	True	BOTH_EXPRESSED
SNRNP200	SNRPF	ENSP00000317123	ENSP00000266735	0.999	True	False	62.7	58.3	True	True	BOTH_EXPRESSED
SNRNP200	SF3B3	ENSP00000317123	ENSP00000305790	0.999	True	False	62.7	15.1	True	True	BOTH_EXPRESSED
SNRNP200	PHF5A	ENSP00000317123	ENSP00000216252	0.999	True	False	62.7	22.7	True	True	BOTH_EXPRESSED
SNRNP200	SF3B2	ENSP00000317123	ENSP00000318861	0.999	True	False	62.7	89.5	True	True	BOTH_EXPRESSED
SNRNP200	BUD13	ENSP00000317123	ENSP00000260210	0.999	True	False	62.7	9.8	True	True	BOTH_EXPRESSED
SNRNP200	PRPF6	ENSP00000317123	ENSP00000266079	0.999	True	True	62.7	33.8	True	True	BOTH_EXPRESSED
SNRNP200	LSM5	ENSP00000317123	ENSP00000410758	0.999	True	False	62.7	26.6	True	True	BOTH_EXPRESSED
SNRNP200	SF3A2	ENSP00000317123	ENSP00000221494	0.999	True	False	62.7	6.5	True	True	BOTH_EXPRESSED
SNRNP200	SF3A3	ENSP00000317123	ENSP00000362110	0.999	True	False	62.7	27.7	True	True	BOTH_EXPRESSED
SNRNP200	LSM2	ENSP00000317123	ENSP00000364813	0.999	True	False	62.7	6.7	True	True	BOTH_EXPRESSED
SNRNP200	SF3B1	ENSP00000317123	ENSP00000335321	0.999	True	False	62.7	128.1	True	True	BOTH_EXPRESSED
SNRNP200	TXNL4A	ENSP00000317123	ENSP00000269601	0.999	True	False	62.7	33.8	True	True	BOTH_EXPRESSED
SNRNP200	EFTUD2	ENSP00000317123	ENSP00000392094	0.999	True	False	62.7	14.4	True	True	BOTH_EXPRESSED
SNRNP200	SNU13	ENSP00000317123	ENSP00000383949	0.999	True	False	62.7	79.3	True	True	BOTH_EXPRESSED
SNRNP200	DDX23	ENSP00000317123	ENSP00000310723	0.999	True	False	62.7	17.9	True	True	BOTH_EXPRESSED
SNRNP200	LSM8	ENSP00000317123	ENSP00000249299	0.999	True	False	62.7	15.4	True	True	BOTH_EXPRESSED
SNRNP200	DHX16	ENSP00000317123	ENSP00000365625	0.999	True	False	62.7	13.3	True	True	BOTH_EXPRESSED
SNRNP200	SF3B4	ENSP00000317123	ENSP00000271628	0.999	True	False	62.7	19.2	True	True	BOTH_EXPRESSED
SNRNP200	SNRPD1	ENSP00000317123	ENSP00000300413	0.999	True	False	62.7	30.6	True	True	BOTH_EXPRESSED
SNRNP200	PRPF19	ENSP00000317123	ENSP00000227524	0.999	True	False	62.7	42.8	True	True	BOTH_EXPRESSED
SNRNP200	SNRPD2	ENSP00000317123	ENSP00000342374	0.999	True	False	62.7	112.0	True	True	BOTH_EXPRESSED
SNRNP200	CWC25	ENSP00000317123	ENSP00000478070	0.999	True	False	62.7	7.9	True	True	BOTH_EXPRESSED
SNRNP200	MFAP1	ENSP00000317123	ENSP00000267812	0.999	True	False	62.7	23.1	True	True	BOTH_EXPRESSED
SNRNP200	SNRPA1	ENSP00000317123	ENSP00000254193	0.999	True	False	62.7	14.3	True	True	BOTH_EXPRESSED
SNRNP200	ZMAT2	ENSP00000317123	ENSP00000274712	0.999	True	False	62.7	43.4	True	True	BOTH_EXPRESSED
SNRNP200	LSM4	ENSP00000317123	ENSP00000469468	0.999	True	False	62.7	30.7	True	True	BOTH_EXPRESSED
SNRNP200	SF3A1	ENSP00000317123	ENSP00000215793	0.999	True	False	62.7	33.8	True	True	BOTH_EXPRESSED
SNRNP200	SNRNP40	ENSP00000317123	ENSP00000263694	0.999	True	False	62.7	17.7	True	True	BOTH_EXPRESSED
SNRNP200	CWC22	ENSP00000317123	ENSP00000387006	0.999	True	False	62.7	11.5	True	True	BOTH_EXPRESSED
SNRNP200	LSM7	ENSP00000317123	ENSP00000252622	0.999	True	False	62.7	14.0	True	True	BOTH_EXPRESSED
SNRNP200	SF3B5	ENSP00000317123	ENSP00000356541	0.999	True	False	62.7	30.0	True	True	BOTH_EXPRESSED
SNRNP200	LSM6	ENSP00000317123	ENSP00000296581	0.999	True	False	62.7	7.6	True	True	BOTH_EXPRESSED
SNRNP200	SNRPG	ENSP00000317123	ENSP00000393388	0.999	True	False	62.7	85.8	True	True	BOTH_EXPRESSED
SNRNP200	RNF113A	ENSP00000317123	ENSP00000360497	0.999	True	False	62.7	14.5	True	True	BOTH_EXPRESSED
SNRNP200	PRPF3	ENSP00000317123	ENSP00000315379	0.999	True	True	62.7	40.3	True	True	BOTH_EXPRESSED
PRPF31	LSM4	ENSP00000324122	ENSP00000469468	0.999	True	False	7.6	30.7	True	True	BOTH_EXPRESSED
PRPF31	SNRPA1	ENSP00000324122	ENSP00000254193	0.999	True	False	7.6	14.3	True	True	BOTH_EXPRESSED
PRPF31	SF3A2	ENSP00000324122	ENSP00000221494	0.999	True	False	7.6	6.5	True	True	BOTH_EXPRESSED
TTC8	BBS2	ENSP00000482306	ENSP00000245157	0.999	True	True	34.7	12.0	True	True	BOTH_EXPRESSED
TTC8	BBS4	ENSP00000482306	ENSP00000268057	0.999	True	False	34.7	42.0	True	True	BOTH_EXPRESSED
TTC8	BBS5	ENSP00000482306	ENSP00000295240	0.999	True	False	34.7	11.3	True	True	BOTH_EXPRESSED
TTC8	BBS1	ENSP00000482306	ENSP00000317469	0.999	True	True	34.7	19.9	True	True	BOTH_EXPRESSED
TTC8	BBS7	ENSP00000482306	ENSP00000264499	0.999	True	False	34.7	52.4	True	True	BOTH_EXPRESSED
TTC8	BBS9	ENSP00000482306	ENSP00000242067	0.999	True	True	34.7	20.3	True	True	BOTH_EXPRESSED
PRPF31	LSM8	ENSP00000324122	ENSP00000249299	0.999	True	False	7.6	15.4	True	True	BOTH_EXPRESSED
PRPF31	SNRPD2	ENSP00000324122	ENSP00000342374	0.999	True	False	7.6	112.0	True	True	BOTH_EXPRESSED
PRPF31	PRPF3	ENSP00000324122	ENSP00000315379	0.999	True	True	7.6	40.3	True	True	BOTH_EXPRESSED
PRPF31	SNRPG	ENSP00000324122	ENSP00000393388	0.999	True	False	7.6	85.8	True	True	BOTH_EXPRESSED
PRPF31	LSM6	ENSP00000324122	ENSP00000296581	0.999	True	False	7.6	7.6	True	True	BOTH_EXPRESSED
PRPF31	MFAP1	ENSP00000324122	ENSP00000267812	0.999	True	False	7.6	23.1	True	True	BOTH_EXPRESSED
IDH3A	IDH3G	ENSP00000299518	ENSP00000217901	0.999	True	True	23.8	22.7	True	True	BOTH_EXPRESSED
PRPF31	PRPF6	ENSP00000324122	ENSP00000266079	0.999	True	True	7.6	33.8	True	True	BOTH_EXPRESSED
PRPF31	SNRPE	ENSP00000324122	ENSP00000400591	0.999	True	False	7.6	35.0	True	True	BOTH_EXPRESSED
PRPF31	SART1	ENSP00000324122	ENSP00000310448	0.999	True	False	7.6	7.4	True	True	BOTH_EXPRESSED
PRPF31	PPIH	ENSP00000324122	ENSP00000306614	0.999	True	False	7.6	20.7	True	True	BOTH_EXPRESSED
PRPF31	SNRPF	ENSP00000324122	ENSP00000266735	0.999	True	False	7.6	58.3	True	True	BOTH_EXPRESSED
PRPF31	SNU13	ENSP00000324122	ENSP00000383949	0.999	True	False	7.6	79.3	True	True	BOTH_EXPRESSED
PRPF31	EFTUD2	ENSP00000324122	ENSP00000392094	0.999	True	False	7.6	14.4	True	True	BOTH_EXPRESSED
PRPF31	LSM2	ENSP00000324122	ENSP00000364813	0.999	True	False	7.6	6.7	True	True	BOTH_EXPRESSED
PRPF31	TXNL4A	ENSP00000324122	ENSP00000269601	0.999	True	False	7.6	33.8	True	True	BOTH_EXPRESSED
IDH3A	IDH3B	ENSP00000299518	ENSP00000482773	0.999	True	True	23.8	42.7	True	True	BOTH_EXPRESSED
BBS9	BBS1	ENSP00000242067	ENSP00000317469	0.999	True	True	20.3	19.9	True	True	BOTH_EXPRESSED
BBS9	BBS5	ENSP00000242067	ENSP00000295240	0.999	True	False	20.3	11.3	True	True	BOTH_EXPRESSED
BBS9	BBIP1	ENSP00000242067	ENSP00000433157	0.999	True	False	20.3	46.4	True	True	BOTH_EXPRESSED
BBS9	BBS4	ENSP00000242067	ENSP00000268057	0.999	True	False	20.3	42.0	True	True	BOTH_EXPRESSED
BBS9	BBS7	ENSP00000242067	ENSP00000264499	0.999	True	False	20.3	52.4	True	True	BOTH_EXPRESSED
BBS9	BBS2	ENSP00000242067	ENSP00000245157	0.999	True	True	20.3	12.0	True	True	BOTH_EXPRESSED
IDH3B	IDH3G	ENSP00000482773	ENSP00000217901	0.999	True	True	42.7	22.7	True	True	BOTH_EXPRESSED
PRPF3	SNRPG	ENSP00000315379	ENSP00000393388	0.999	True	False	40.3	85.8	True	True	BOTH_EXPRESSED
PRPF6	DDX23	ENSP00000266079	ENSP00000310723	0.999	True	False	33.8	17.9	True	True	BOTH_EXPRESSED
PRPF6	SF3B1	ENSP00000266079	ENSP00000335321	0.999	True	False	33.8	128.1	True	True	BOTH_EXPRESSED
PRPF6	TXNL4A	ENSP00000266079	ENSP00000269601	0.999	True	False	33.8	33.8	True	True	BOTH_EXPRESSED
PRPF6	SF3A3	ENSP00000266079	ENSP00000362110	0.999	True	False	33.8	27.7	True	True	BOTH_EXPRESSED
PRPF6	LSM8	ENSP00000266079	ENSP00000249299	0.999	True	False	33.8	15.4	True	True	BOTH_EXPRESSED
PRPF6	SNRPD2	ENSP00000266079	ENSP00000342374	0.999	True	False	33.8	112.0	True	True	BOTH_EXPRESSED
PRPF3	SNRPD1	ENSP00000315379	ENSP00000300413	0.999	True	False	40.3	30.6	True	True	BOTH_EXPRESSED
PRPF3	EFTUD2	ENSP00000315379	ENSP00000392094	0.999	True	False	40.3	14.4	True	True	BOTH_EXPRESSED
PRPF3	DDX23	ENSP00000315379	ENSP00000310723	0.999	True	False	40.3	17.9	True	True	BOTH_EXPRESSED
PRPF3	SNU13	ENSP00000315379	ENSP00000383949	0.999	True	False	40.3	79.3	True	True	BOTH_EXPRESSED
PRPF3	LSM2	ENSP00000315379	ENSP00000364813	0.999	True	False	40.3	6.7	True	True	BOTH_EXPRESSED
PRPF3	LSM8	ENSP00000315379	ENSP00000249299	0.999	True	False	40.3	15.4	True	True	BOTH_EXPRESSED
PRPF3	LSM4	ENSP00000315379	ENSP00000469468	0.999	True	False	40.3	30.7	True	True	BOTH_EXPRESSED
PRPF3	LSM6	ENSP00000315379	ENSP00000296581	0.999	True	False	40.3	7.6	True	True	BOTH_EXPRESSED
PRPF3	PPIH	ENSP00000315379	ENSP00000306614	0.999	True	False	40.3	20.7	True	True	BOTH_EXPRESSED
PRPF3	LSM3	ENSP00000315379	ENSP00000302160	0.999	True	False	40.3	9.9	True	True	BOTH_EXPRESSED
PRPF3	SNRPD2	ENSP00000315379	ENSP00000342374	0.999	True	False	40.3	112.0	True	True	BOTH_EXPRESSED
BBS2	BBS5	ENSP00000245157	ENSP00000295240	0.999	True	False	12.0	11.3	True	True	BOTH_EXPRESSED
BBS2	BBS1	ENSP00000245157	ENSP00000317469	0.999	True	True	12.0	19.9	True	True	BOTH_EXPRESSED
BBS2	BBS7	ENSP00000245157	ENSP00000264499	0.999	True	False	12.0	52.4	True	True	BOTH_EXPRESSED
DHX38	CDC40	ENSP00000268482	ENSP00000357928	0.999	True	False	12.3	13.7	True	True	BOTH_EXPRESSED
PRPF3	SF3B2	ENSP00000315379	ENSP00000318861	0.999	True	False	40.3	89.5	True	True	BOTH_EXPRESSED
PRPF3	DHX8	ENSP00000315379	ENSP00000262415	0.999	True	False	40.3	14.6	True	True	BOTH_EXPRESSED
PRPF3	SART1	ENSP00000315379	ENSP00000310448	0.999	True	False	40.3	7.4	True	True	BOTH_EXPRESSED
PRPF3	PRPF6	ENSP00000315379	ENSP00000266079	0.999	True	True	40.3	33.8	True	True	BOTH_EXPRESSED
PRPF3	SNRPD3	ENSP00000315379	ENSP00000215829	0.999	True	False	40.3	50.0	True	True	BOTH_EXPRESSED
BBS2	BBS4	ENSP00000245157	ENSP00000268057	0.999	True	False	12.0	42.0	True	True	BOTH_EXPRESSED
BBS2	BBIP1	ENSP00000245157	ENSP00000433157	0.999	True	False	12.0	46.4	True	True	BOTH_EXPRESSED
USH2A	WHRN	ENSP00000305941	ENSP00000354623	0.999	True	False	17.8	20.0	True	True	BOTH_EXPRESSED
PRPF6	SNRPD1	ENSP00000266079	ENSP00000300413	0.999	True	False	33.8	30.6	True	True	BOTH_EXPRESSED
PRPF6	SF3B4	ENSP00000266079	ENSP00000271628	0.999	True	False	33.8	19.2	True	True	BOTH_EXPRESSED
PRPF6	SNRPG	ENSP00000266079	ENSP00000393388	0.999	True	False	33.8	85.8	True	True	BOTH_EXPRESSED
PRPF6	MFAP1	ENSP00000266079	ENSP00000267812	0.999	True	False	33.8	23.1	True	True	BOTH_EXPRESSED
SAG	RHO	ENSP00000386444	ENSP00000296271	0.999	True	True	1359.9	3767.6	True	True	BOTH_EXPRESSED
BBS1	BBS7	ENSP00000317469	ENSP00000264499	0.999	True	False	19.9	52.4	True	True	BOTH_EXPRESSED
PRPF6	SF3A1	ENSP00000266079	ENSP00000215793	0.999	True	False	33.8	33.8	True	True	BOTH_EXPRESSED
PRPF6	LSM4	ENSP00000266079	ENSP00000469468	0.999	True	False	33.8	30.7	True	True	BOTH_EXPRESSED
PRPF6	SF3A2	ENSP00000266079	ENSP00000221494	0.999	True	False	33.8	6.5	True	True	BOTH_EXPRESSED
PRPF6	LSM5	ENSP00000266079	ENSP00000410758	0.999	True	False	33.8	26.6	True	True	BOTH_EXPRESSED
PRPF6	SNRNP40	ENSP00000266079	ENSP00000263694	0.999	True	False	33.8	17.7	True	True	BOTH_EXPRESSED
PRPF6	EFTUD2	ENSP00000266079	ENSP00000392094	0.999	True	False	33.8	14.4	True	True	BOTH_EXPRESSED
PRPF6	SNU13	ENSP00000266079	ENSP00000383949	0.999	True	False	33.8	79.3	True	True	BOTH_EXPRESSED
ARL2BP	ARL2	ENSP00000219204	ENSP00000246747	0.999	True	False	34.8	40.5	True	True	BOTH_EXPRESSED
PRPF6	SF3B3	ENSP00000266079	ENSP00000305790	0.999	True	False	33.8	15.1	True	True	BOTH_EXPRESSED
PRPF6	SNRPF	ENSP00000266079	ENSP00000266735	0.999	True	False	33.8	58.3	True	True	BOTH_EXPRESSED
PRPF6	SF3B2	ENSP00000266079	ENSP00000318861	0.999	True	False	33.8	89.5	True	True	BOTH_EXPRESSED
BBS1	BBS5	ENSP00000317469	ENSP00000295240	0.999	True	False	19.9	11.3	True	True	BOTH_EXPRESSED
IFT140	WDR35	ENSP00000406012	ENSP00000314444	0.999	True	False	5.9	11.6	True	True	BOTH_EXPRESSED
IFT140	WDR19	ENSP00000406012	ENSP00000382717	0.999	True	False	5.9	12.0	True	True	BOTH_EXPRESSED
IFT140	IFT122	ENSP00000406012	ENSP00000296266	0.999	True	False	5.9	0.9	True	True	BOTH_EXPRESSED
IFT140	IFT43	ENSP00000406012	ENSP00000238628	0.999	True	False	5.9	23.2	True	True	BOTH_EXPRESSED
IFT140	TTC21B	ENSP00000406012	ENSP00000243344	0.999	True	False	5.9	6.9	True	True	BOTH_EXPRESSED
PRPF6	SNRPD3	ENSP00000266079	ENSP00000215829	0.999	True	False	33.8	50.0	True	True	BOTH_EXPRESSED
PRPF6	SNRPE	ENSP00000266079	ENSP00000400591	0.999	True	False	33.8	35.0	True	True	BOTH_EXPRESSED
PRPF6	SART1	ENSP00000266079	ENSP00000310448	0.999	True	False	33.8	7.4	True	True	BOTH_EXPRESSED
RHO	GRK7	ENSP00000296271	ENSP00000264952	0.999	True	False	3767.6	10.4	True	True	BOTH_EXPRESSED
RHO	GRK1	ENSP00000296271	ENSP00000334876	0.999	True	False	3767.6	39.5	True	True	BOTH_EXPRESSED
BBS1	BBIP1	ENSP00000317469	ENSP00000433157	0.999	True	False	19.9	46.4	True	True	BOTH_EXPRESSED
BBS1	BBS4	ENSP00000317469	ENSP00000268057	0.999	True	False	19.9	42.0	True	True	BOTH_EXPRESSED
IFT172	IFT88	ENSP00000260570	ENSP00000323580	0.999	True	False	5.3	30.2	True	True	BOTH_EXPRESSED
IFT172	IFT80	ENSP00000260570	ENSP00000312778	0.999	True	False	5.3	23.2	True	True	BOTH_EXPRESSED
IFT172	IFT57	ENSP00000260570	ENSP00000264538	0.999	True	False	5.3	22.2	True	True	BOTH_EXPRESSED
BCOR	PCGF1	ENSP00000367705	ENSP00000233630	0.999	True	False	13.1	16.8	True	True	BOTH_EXPRESSED
BCOR	BCL6	ENSP00000367705	ENSP00000384371	0.999	True	False	13.1	31.7	True	True	BOTH_EXPRESSED
ZNF408	GPATCH3	ENSP00000309606	ENSP00000354645	0.999	True	False	1.2	5.0	True	True	BOTH_EXPRESSED
IFT172	TRAF3IP1	ENSP00000260570	ENSP00000362424	0.999	True	False	5.3	6.1	True	True	BOTH_EXPRESSED
CRB1	MPP5	ENSP00000356370	ENSP00000261681	0.999	True	False	69.2		True	False	UNKNOWN
IMPDH1	GMPS	ENSP00000345096	ENSP00000419851	0.999	True	False	98.6	9.4	True	True	BOTH_EXPRESSED
RPGR	RPGRIP1	ENSP00000495537	ENSP00000382895	0.999	True	False	11.2	171.2	True	True	BOTH_EXPRESSED
PRPF6	SNRPA1	ENSP00000266079	ENSP00000254193	0.998	True	False	33.8	14.3	True	True	BOTH_EXPRESSED
PRPF6	LSM7	ENSP00000266079	ENSP00000252622	0.998	True	False	33.8	14.0	True	True	BOTH_EXPRESSED
PRPF6	SNRPB2	ENSP00000266079	ENSP00000246071	0.998	True	False	33.8	10.4	True	True	BOTH_EXPRESSED
DHDDS	NUS1	ENSP00000353104	ENSP00000357480	0.998	True	False	30.3	11.6	True	True	BOTH_EXPRESSED
PRPF6	SNRPB	ENSP00000266079	ENSP00000412566	0.998	True	False	33.8	21.5	True	True	BOTH_EXPRESSED
DHX38	SYF2	ENSP00000268482	ENSP00000236273	0.998	True	False	12.3	27.3	True	True	BOTH_EXPRESSED
DHX38	YJU2	ENSP00000268482	ENSP00000262962	0.998	True	False	12.3	7.5	True	True	BOTH_EXPRESSED
SNRNP200	LSM3	ENSP00000317123	ENSP00000302160	0.998	True	False	62.7	9.9	True	True	BOTH_EXPRESSED
SNRNP200	RBM22	ENSP00000317123	ENSP00000199814	0.998	True	False	62.7	21.9	True	True	BOTH_EXPRESSED
SNRNP200	CDC5L	ENSP00000317123	ENSP00000360532	0.998	True	False	62.7	12.2	True	True	BOTH_EXPRESSED
SNRNP200	SRRM2	ENSP00000317123	ENSP00000301740	0.998	True	False	62.7	67.1	True	True	BOTH_EXPRESSED
PRPF8	LSM2	ENSP00000460348	ENSP00000364813	0.998	True	False	76.4	6.7	True	True	BOTH_EXPRESSED
PRPF8	CWC25	ENSP00000460348	ENSP00000478070	0.998	True	False	76.4	7.9	True	True	BOTH_EXPRESSED
PRPF8	LSM5	ENSP00000460348	ENSP00000410758	0.998	True	False	76.4	26.6	True	True	BOTH_EXPRESSED
SNRNP200	SNRPB2	ENSP00000317123	ENSP00000246071	0.998	True	False	62.7	10.4	True	True	BOTH_EXPRESSED
PRPF8	SYF2	ENSP00000460348	ENSP00000236273	0.998	True	False	76.4	27.3	True	True	BOTH_EXPRESSED
PRPF8	DHX38	ENSP00000460348	ENSP00000268482	0.998	True	True	76.4	12.3	True	True	BOTH_EXPRESSED
PRPF8	LSM6	ENSP00000460348	ENSP00000296581	0.998	True	False	76.4	7.6	True	True	BOTH_EXPRESSED
PRPF8	ISY1	ENSP00000460348	ENSP00000273541	0.998	True	False	76.4	9.6	True	True	BOTH_EXPRESSED
SNRNP200	SNW1	ENSP00000317123	ENSP00000451129	0.998	True	False	62.7	40.1	True	True	BOTH_EXPRESSED
IFT172	CLUAP1	ENSP00000260570	ENSP00000344392	0.998	True	False	5.3	26.7	True	True	BOTH_EXPRESSED
IFT172	IFT46	ENSP00000260570	ENSP00000264020	0.998	True	False	5.3	33.1	True	True	BOTH_EXPRESSED
PRPF4	SNRPD3	ENSP00000363313	ENSP00000215829	0.998	True	False	12.1	50.0	True	True	BOTH_EXPRESSED
SNRNP200	SLU7	ENSP00000317123	ENSP00000297151	0.998	True	False	62.7	27.2	True	True	BOTH_EXPRESSED
SNRNP200	WBP4	ENSP00000317123	ENSP00000368801	0.998	True	False	62.7	15.3	True	True	BOTH_EXPRESSED
PRPF4	SNRPA1	ENSP00000363313	ENSP00000254193	0.998	True	False	12.1	14.3	True	True	BOTH_EXPRESSED
SNRNP200	CD2BP2	ENSP00000317123	ENSP00000304903	0.998	True	False	62.7	15.0	True	True	BOTH_EXPRESSED
TMEM216	TMEM67	ENSP00000334844	ENSP00000389998	0.998	True	False	10.8	3.0	True	True	BOTH_EXPRESSED
IDH3G	IDH2	ENSP00000217901	ENSP00000331897	0.998	True	False	22.7	5.0	True	True	BOTH_EXPRESSED
POMGNT1	POMT2	ENSP00000361060	ENSP00000261534	0.998	True	False	10.1	2.4	True	True	BOTH_EXPRESSED
PRPF4	SF3A1	ENSP00000363313	ENSP00000215793	0.998	True	False	12.1	33.8	True	True	BOTH_EXPRESSED
PRPF4	LSM3	ENSP00000363313	ENSP00000302160	0.998	True	False	12.1	9.9	True	True	BOTH_EXPRESSED
PRPF4	SNRPG	ENSP00000363313	ENSP00000393388	0.998	True	False	12.1	85.8	True	True	BOTH_EXPRESSED
PRPF4	ZMAT2	ENSP00000363313	ENSP00000274712	0.998	True	False	12.1	43.4	True	True	BOTH_EXPRESSED
IFT172	IFT81	ENSP00000260570	ENSP00000242591	0.998	True	False	5.3	21.3	True	True	BOTH_EXPRESSED
COQ2	PDSS1	ENSP00000310873	ENSP00000365388	0.998	True	True	3.7	1.7	True	True	BOTH_EXPRESSED
DHX38	CWC22	ENSP00000268482	ENSP00000387006	0.998	True	False	12.3	11.5	True	True	BOTH_EXPRESSED
POMGNT1	POMT1	ENSP00000361060	ENSP00000361302	0.998	True	False	10.1	3.0	True	True	BOTH_EXPRESSED
DHX38	GPKOW	ENSP00000268482	ENSP00000156109	0.998	True	False	12.3	11.1	True	True	BOTH_EXPRESSED
PRPF3	SNRPF	ENSP00000315379	ENSP00000266735	0.998	True	False	40.3	58.3	True	True	BOTH_EXPRESSED
PRPF3	ZMAT2	ENSP00000315379	ENSP00000274712	0.998	True	False	40.3	43.4	True	True	BOTH_EXPRESSED
ARL3	UNC119	ENSP00000260746	ENSP00000337040	0.998	True	False	89.3	1084.9	True	True	BOTH_EXPRESSED
PDE6G	PDE6A	ENSP00000328412	ENSP00000255266	0.998	True	True	1904.6	1001.0	True	True	BOTH_EXPRESSED
PRPF31	LSM7	ENSP00000324122	ENSP00000252622	0.998	True	False	7.6	14.0	True	True	BOTH_EXPRESSED
IDH3A	ACO2	ENSP00000299518	ENSP00000216254	0.998	True	False	23.8	43.6	True	True	BOTH_EXPRESSED
PRPF31	SNRPD3	ENSP00000324122	ENSP00000215829	0.998	True	False	7.6	50.0	True	True	BOTH_EXPRESSED
PRPF31	LSM3	ENSP00000324122	ENSP00000302160	0.998	True	False	7.6	9.9	True	True	BOTH_EXPRESSED
PRPF31	PHF5A	ENSP00000324122	ENSP00000216252	0.998	True	False	7.6	22.7	True	True	BOTH_EXPRESSED
PRPF31	SF3A3	ENSP00000324122	ENSP00000362110	0.998	True	False	7.6	27.7	True	True	BOTH_EXPRESSED
PRPF31	SNRPD1	ENSP00000324122	ENSP00000300413	0.998	True	False	7.6	30.6	True	True	BOTH_EXPRESSED
HK1	VDAC1	ENSP00000494664	ENSP00000378487	0.998	True	False	141.7	292.7	True	True	BOTH_EXPRESSED
HGSNAT	NAGLU	ENSP00000368965	ENSP00000225927	0.998	True	False	12.6	2.9	True	True	BOTH_EXPRESSED
CC2D2A	TCTN1	ENSP00000403465	ENSP00000380779	0.998	True	False	78.4	2.8	True	True	BOTH_EXPRESSED
CC2D2A	B9D1	ENSP00000403465	ENSP00000261499	0.998	True	False	78.4	20.2	True	True	BOTH_EXPRESSED
CC2D2A	TMEM67	ENSP00000403465	ENSP00000389998	0.998	True	False	78.4	3.0	True	True	BOTH_EXPRESSED
DHX38	CWC25	ENSP00000268482	ENSP00000478070	0.998	True	False	12.3	7.9	True	True	BOTH_EXPRESSED
DHX38	SLU7	ENSP00000268482	ENSP00000297151	0.998	True	False	12.3	27.2	True	True	BOTH_EXPRESSED
PRPF3	SF3B1	ENSP00000315379	ENSP00000335321	0.998	True	False	40.3	128.1	True	True	BOTH_EXPRESSED
PRPF3	SNRPE	ENSP00000315379	ENSP00000400591	0.998	True	False	40.3	35.0	True	True	BOTH_EXPRESSED
PRPF6	LSM2	ENSP00000266079	ENSP00000364813	0.998	True	False	33.8	6.7	True	True	BOTH_EXPRESSED
PRPF3	SF3A2	ENSP00000315379	ENSP00000221494	0.998	True	False	40.3	6.5	True	True	BOTH_EXPRESSED
COQ5	COQ7	ENSP00000288532	ENSP00000322316	0.998	True	False	24.3	13.1	True	True	BOTH_EXPRESSED
PRPF3	LSM7	ENSP00000315379	ENSP00000252622	0.998	True	False	40.3	14.0	True	True	BOTH_EXPRESSED
PRPF3	SNRPA1	ENSP00000315379	ENSP00000254193	0.998	True	False	40.3	14.3	True	True	BOTH_EXPRESSED
BBS1	RAB3IP	ENSP00000317469	ENSP00000447300	0.998	True	False	19.9	82.0	True	True	BOTH_EXPRESSED
GNAT1	PDE6G	ENSP00000232461	ENSP00000328412	0.997	True	True	1040.7	1904.6	True	True	BOTH_EXPRESSED
RPE65	LRAT	ENSP00000262340	ENSP00000337224	0.997	True	True	7.8	0.9	True	True	BOTH_EXPRESSED
COQ2	PDSS2	ENSP00000310873	ENSP00000358033	0.997	True	False	3.7	5.6	True	True	BOTH_EXPRESSED
IFT172	IFT52	ENSP00000260570	ENSP00000362121	0.997	True	False	5.3	14.0	True	True	BOTH_EXPRESSED
PRPF31	SF3B1	ENSP00000324122	ENSP00000335321	0.997	True	False	7.6	128.1	True	True	BOTH_EXPRESSED
PRPF31	SF3B3	ENSP00000324122	ENSP00000305790	0.997	True	False	7.6	15.1	True	True	BOTH_EXPRESSED
PRPF31	DDX23	ENSP00000324122	ENSP00000310723	0.997	True	False	7.6	17.9	True	True	BOTH_EXPRESSED
IDH3B	IDH2	ENSP00000482773	ENSP00000331897	0.997	True	False	42.7	5.0	True	True	BOTH_EXPRESSED
SNRNP200	ISY1-RAB43	ENSP00000317123	ENSP00000411822	0.997	True	False	62.7	2.5	True	True	BOTH_EXPRESSED
PRPF3	SF3A3	ENSP00000315379	ENSP00000362110	0.997	True	False	40.3	27.7	True	True	BOTH_EXPRESSED
PRPF3	TXNL4A	ENSP00000315379	ENSP00000269601	0.997	True	False	40.3	33.8	True	True	BOTH_EXPRESSED
SNRNP200	ISY1	ENSP00000317123	ENSP00000273541	0.997	True	False	62.7	9.6	True	True	BOTH_EXPRESSED
CC2D2A	B9D2	ENSP00000403465	ENSP00000243578	0.997	True	False	78.4	1.1	True	True	BOTH_EXPRESSED
CC2D2A	MKS1	ENSP00000403465	ENSP00000376827	0.997	True	False	78.4	6.1	True	True	BOTH_EXPRESSED
CC2D2A	TMEM216	ENSP00000403465	ENSP00000334844	0.997	True	True	78.4	10.8	True	True	BOTH_EXPRESSED
PRPF6	LSM3	ENSP00000266079	ENSP00000302160	0.997	True	False	33.8	9.9	True	True	BOTH_EXPRESSED
PRPF31	WBP4	ENSP00000324122	ENSP00000368801	0.997	True	False	7.6	15.3	True	True	BOTH_EXPRESSED
IDH3A	IDH2	ENSP00000299518	ENSP00000331897	0.997	True	False	23.8	5.0	True	True	BOTH_EXPRESSED
PRPF3	LSM5	ENSP00000315379	ENSP00000410758	0.997	True	False	40.3	26.6	True	True	BOTH_EXPRESSED
PRPF3	SF3A1	ENSP00000315379	ENSP00000215793	0.997	True	False	40.3	33.8	True	True	BOTH_EXPRESSED
PRPF3	SLU7	ENSP00000315379	ENSP00000297151	0.997	True	False	40.3	27.2	True	True	BOTH_EXPRESSED
PRPF3	SNRPB	ENSP00000315379	ENSP00000412566	0.997	True	False	40.3	21.5	True	True	BOTH_EXPRESSED
COQ5	COQ6	ENSP00000288532	ENSP00000333946	0.997	True	False	24.3	5.4	True	True	BOTH_EXPRESSED
PRPF31	SNRPB	ENSP00000324122	ENSP00000412566	0.997	True	False	7.6	21.5	True	True	BOTH_EXPRESSED
PRPF6	LSM6	ENSP00000266079	ENSP00000296581	0.997	True	False	33.8	7.6	True	True	BOTH_EXPRESSED
PDE6G	PDE6B	ENSP00000328412	ENSP00000420295	0.997	True	True	1904.6	357.2	True	True	BOTH_EXPRESSED
TTC8	BBIP1	ENSP00000482306	ENSP00000433157	0.997	True	False	34.7	46.4	True	True	BOTH_EXPRESSED
PRPF8	LSM3	ENSP00000460348	ENSP00000302160	0.997	True	False	76.4	9.9	True	True	BOTH_EXPRESSED
PRPF8	BUD13	ENSP00000460348	ENSP00000260210	0.997	True	False	76.4	9.8	True	True	BOTH_EXPRESSED
SNRNP200	CRNKL1	ENSP00000317123	ENSP00000366557	0.997	True	False	62.7	9.1	True	True	BOTH_EXPRESSED
SCLT1	FBF1	ENSP00000281142	ENSP00000490726	0.997	True	False	2.7	3.8	True	True	BOTH_EXPRESSED
PRPF8	CWC27	ENSP00000460348	ENSP00000370460	0.997	True	False	76.4	11.7	True	True	BOTH_EXPRESSED
PRPF8	SNRPB2	ENSP00000460348	ENSP00000246071	0.997	True	False	76.4	10.4	True	True	BOTH_EXPRESSED
SNRNP200	XAB2	ENSP00000317123	ENSP00000351137	0.997	True	False	62.7	8.3	True	True	BOTH_EXPRESSED
CLN3	CLN5	ENSP00000454229	ENSP00000498772	0.997	True	False	3.0	22.1	True	True	BOTH_EXPRESSED
PRPF8	EIF4A3	ENSP00000460348	ENSP00000497641	0.997	True	False	76.4	30.0	True	True	BOTH_EXPRESSED
PRPF8	LSM4	ENSP00000460348	ENSP00000469468	0.997	True	False	76.4	30.7	True	True	BOTH_EXPRESSED
SCLT1	CEP164	ENSP00000281142	ENSP00000278935	0.997	True	False	2.7	24.1	True	True	BOTH_EXPRESSED
PRPF8	SNU13	ENSP00000460348	ENSP00000383949	0.997	True	False	76.4	79.3	True	True	BOTH_EXPRESSED
PRPF8	UBL5	ENSP00000460348	ENSP00000351492	0.997	True	False	76.4	254.4	True	True	BOTH_EXPRESSED
DHX38	PRPF18	ENSP00000268482	ENSP00000367835	0.997	True	False	12.3	11.3	True	True	BOTH_EXPRESSED
DHX38	DHX16	ENSP00000268482	ENSP00000365625	0.997	True	False	12.3	13.3	True	True	BOTH_EXPRESSED
DHX38	CDC5L	ENSP00000268482	ENSP00000360532	0.997	True	False	12.3	12.2	True	True	BOTH_EXPRESSED
PRPF8	DHX8	ENSP00000460348	ENSP00000262415	0.997	True	False	76.4	14.6	True	True	BOTH_EXPRESSED
CC2D2A	CEP290	ENSP00000403465	ENSP00000448012	0.996	True	False	78.4	6.6	True	True	BOTH_EXPRESSED
SCLT1	CEP89	ENSP00000281142	ENSP00000306105	0.996	True	False	2.7	6.8	True	True	BOTH_EXPRESSED
CC2D2A	TCTN2	ENSP00000403465	ENSP00000304941	0.996	True	False	78.4	16.3	True	True	BOTH_EXPRESSED
PRPF4	SNRPD1	ENSP00000363313	ENSP00000300413	0.996	True	False	12.1	30.6	True	True	BOTH_EXPRESSED
CC2D2A	AHI1	ENSP00000403465	ENSP00000265602	0.996	True	True	78.4	25.2	True	True	BOTH_EXPRESSED
PRPF4	SF3A2	ENSP00000363313	ENSP00000221494	0.996	True	False	12.1	6.5	True	True	BOTH_EXPRESSED
IDH3G	IDH1	ENSP00000217901	ENSP00000390265	0.996	True	False	22.7	32.4	True	True	BOTH_EXPRESSED
PRPF3	SF3B4	ENSP00000315379	ENSP00000271628	0.996	True	False	40.3	19.2	True	True	BOTH_EXPRESSED
DHX38	XAB2	ENSP00000268482	ENSP00000351137	0.996	True	False	12.3	8.3	True	True	BOTH_EXPRESSED
PRPF4	SF3B1	ENSP00000363313	ENSP00000335321	0.996	True	False	12.1	128.1	True	True	BOTH_EXPRESSED
PRPF4	SNRPB	ENSP00000363313	ENSP00000412566	0.996	True	False	12.1	21.5	True	True	BOTH_EXPRESSED
PRPF6	ZMAT2	ENSP00000266079	ENSP00000274712	0.996	True	False	33.8	43.4	True	True	BOTH_EXPRESSED
PRPF31	SF3A1	ENSP00000324122	ENSP00000215793	0.996	True	False	7.6	33.8	True	True	BOTH_EXPRESSED
PRPF31	LSM5	ENSP00000324122	ENSP00000410758	0.996	True	False	7.6	26.6	True	True	BOTH_EXPRESSED
SNRNP200	EIF4A3	ENSP00000317123	ENSP00000497641	0.996	True	False	62.7	30.0	True	True	BOTH_EXPRESSED
IFT172	IFT20	ENSP00000260570	ENSP00000464443	0.996	True	False	5.3	24.7	True	True	BOTH_EXPRESSED
PRPF8	ZMAT2	ENSP00000460348	ENSP00000274712	0.996	True	False	76.4	43.4	True	True	BOTH_EXPRESSED
PRPF8	DHX15	ENSP00000460348	ENSP00000336741	0.996	True	False	76.4	37.1	True	True	BOTH_EXPRESSED
DHX38	EFTUD2	ENSP00000268482	ENSP00000392094	0.996	True	False	12.3	14.4	True	True	BOTH_EXPRESSED
PRPF8	LSM7	ENSP00000460348	ENSP00000252622	0.996	True	False	76.4	14.0	True	True	BOTH_EXPRESSED
PRPF8	SNIP1	ENSP00000460348	ENSP00000296215	0.996	True	False	76.4	3.6	True	True	BOTH_EXPRESSED
USH2A	ADGRV1	ENSP00000305941	ENSP00000384582	0.996	True	False	17.8	16.8	True	True	BOTH_EXPRESSED
CNGB1	CALM3	ENSP00000251102	ENSP00000291295	0.996	True	False	557.0	141.0	True	True	BOTH_EXPRESSED
GUCY2D	GUCA1B	ENSP00000254854	ENSP00000230361	0.996	True	False	31.7	432.4	True	True	BOTH_EXPRESSED
PRPF4	DDX23	ENSP00000363313	ENSP00000310723	0.996	True	False	12.1	17.9	True	True	BOTH_EXPRESSED
ARL3	UNC119B	ENSP00000260746	ENSP00000344942	0.996	True	False	89.3	18.6	True	True	BOTH_EXPRESSED
PRPF31	SNRPB2	ENSP00000324122	ENSP00000246071	0.996	True	False	7.6	10.4	True	True	BOTH_EXPRESSED
SNRNP200	CDC40	ENSP00000317123	ENSP00000357928	0.996	True	False	62.7	13.7	True	True	BOTH_EXPRESSED
SNRNP200	PLRG1	ENSP00000317123	ENSP00000424417	0.996	True	False	62.7	24.4	True	True	BOTH_EXPRESSED
DHX38	PRPF19	ENSP00000268482	ENSP00000227524	0.996	True	False	12.3	42.8	True	True	BOTH_EXPRESSED
IDH3B	ACO2	ENSP00000482773	ENSP00000216254	0.996	True	False	42.7	43.6	True	True	BOTH_EXPRESSED
SNRNP200	AAR2	ENSP00000317123	ENSP00000363043	0.996	True	False	62.7	6.9	True	True	BOTH_EXPRESSED
PRPH2	ROM1	ENSP00000230381	ENSP00000278833	0.995	True	False	594.9	1101.4	True	True	BOTH_EXPRESSED
SNRNP200	SMU1	ENSP00000317123	ENSP00000380336	0.995	True	False	62.7	11.7	True	True	BOTH_EXPRESSED
SNRNP200	SYF2	ENSP00000317123	ENSP00000236273	0.995	True	False	62.7	27.3	True	True	BOTH_EXPRESSED
SNRNP200	BUD31	ENSP00000317123	ENSP00000386023	0.995	True	False	62.7	13.8	True	True	BOTH_EXPRESSED
COQ5	COQ3	ENSP00000288532	ENSP00000254759	0.995	True	False	24.3	11.0	True	True	BOTH_EXPRESSED
PRPF6	IK	ENSP00000266079	ENSP00000396301	0.995	True	False	33.8	83.7	True	True	BOTH_EXPRESSED
TMEM216	B9D1	ENSP00000334844	ENSP00000261499	0.995	True	False	10.8	20.2	True	True	BOTH_EXPRESSED
USH2A	PDZD7	ENSP00000305941	ENSP00000480489	0.995	True	False	17.8	2.1	True	True	BOTH_EXPRESSED
PRPF8	PRPF38A	ENSP00000460348	ENSP00000257181	0.995	True	False	76.4	16.2	True	True	BOTH_EXPRESSED
PRPF8	RNF113A	ENSP00000460348	ENSP00000360497	0.995	True	False	76.4	14.5	True	True	BOTH_EXPRESSED
PRPF8	PCBP1	ENSP00000460348	ENSP00000305556	0.995	True	False	76.4	83.9	True	True	BOTH_EXPRESSED
CRB1	PATJ	ENSP00000356370	ENSP00000494277	0.995	True	False	69.2	14.5	True	True	BOTH_EXPRESSED
IFT172	IFT27	ENSP00000260570	ENSP00000393541	0.995	True	False	5.3	14.5	True	True	BOTH_EXPRESSED
TMEM216	TCTN1	ENSP00000334844	ENSP00000380779	0.995	True	False	10.8	2.8	True	True	BOTH_EXPRESSED
PRPF4	SF3B3	ENSP00000363313	ENSP00000305790	0.995	True	False	12.1	15.1	True	True	BOTH_EXPRESSED
DHX38	BUD31	ENSP00000268482	ENSP00000386023	0.995	True	False	12.3	13.8	True	True	BOTH_EXPRESSED
DHX38	SNW1	ENSP00000268482	ENSP00000451129	0.995	True	False	12.3	40.1	True	True	BOTH_EXPRESSED
IDH3A	OGDH	ENSP00000299518	ENSP00000388183	0.995	True	False	23.8	24.1	True	True	BOTH_EXPRESSED
PRPF3	USP39	ENSP00000315379	ENSP00000312981	0.995	True	False	40.3	20.4	True	True	BOTH_EXPRESSED
PRPF3	MFAP1	ENSP00000315379	ENSP00000267812	0.995	True	False	40.3	23.1	True	True	BOTH_EXPRESSED
PRPF3	SF3B3	ENSP00000315379	ENSP00000305790	0.995	True	False	40.3	15.1	True	True	BOTH_EXPRESSED
DHX38	RBM10	ENSP00000268482	ENSP00000328848	0.995	True	False	12.3	13.7	True	True	BOTH_EXPRESSED
BCOR	RNF2	ENSP00000367705	ENSP00000356480	0.995	True	False	13.1	10.9	True	True	BOTH_EXPRESSED
HK1	PFKP	ENSP00000494664	ENSP00000370517	0.995	True	False	141.7	250.0	True	True	BOTH_EXPRESSED
PRPF31	ZMAT2	ENSP00000324122	ENSP00000274712	0.995	True	False	7.6	43.4	True	True	BOTH_EXPRESSED
DHX38	SRRM2	ENSP00000268482	ENSP00000301740	0.995	True	False	12.3	67.1	True	True	BOTH_EXPRESSED
PRPF31	USP39	ENSP00000324122	ENSP00000312981	0.995	True	False	7.6	20.4	True	True	BOTH_EXPRESSED
PRPF4	SF3B4	ENSP00000363313	ENSP00000271628	0.994	True	False	12.1	19.2	True	True	BOTH_EXPRESSED
PRPF4	TXNL4A	ENSP00000363313	ENSP00000269601	0.994	True	False	12.1	33.8	True	True	BOTH_EXPRESSED
SNRNP200	AQR	ENSP00000317123	ENSP00000156471	0.994	True	False	62.7	7.4	True	True	BOTH_EXPRESSED
SNRNP200	CWC15	ENSP00000317123	ENSP00000475615	0.994	True	False	62.7	23.4	True	True	BOTH_EXPRESSED
PRPF8	SNRPN	ENSP00000460348	ENSP00000494831	0.994	True	False	76.4	150.2	True	True	BOTH_EXPRESSED
PRPF4	SF3A3	ENSP00000363313	ENSP00000362110	0.994	True	False	12.1	27.7	True	True	BOTH_EXPRESSED
IDH3G	ACO2	ENSP00000217901	ENSP00000216254	0.994	True	False	22.7	43.6	True	True	BOTH_EXPRESSED
RP2	ARL3	ENSP00000218340	ENSP00000260746	0.994	True	True	3.9	89.3	True	True	BOTH_EXPRESSED
PRPF8	WDR83	ENSP00000460348	ENSP00000402653	0.994	True	False	76.4	2.3	True	True	BOTH_EXPRESSED
MVK	PMVK	ENSP00000228510	ENSP00000357452	0.994	True	False	3.2	18.3	True	True	BOTH_EXPRESSED
CC2D2A	TMEM231	ENSP00000403465	ENSP00000258173	0.994	True	False	78.4	3.6	True	True	BOTH_EXPRESSED
PRPF8	USP39	ENSP00000460348	ENSP00000312981	0.994	True	False	76.4	20.4	True	True	BOTH_EXPRESSED
RPGR	PDE6D	ENSP00000495537	ENSP00000287600	0.994	True	False	11.2	64.5	True	True	BOTH_EXPRESSED
PRPF6	PRPF38A	ENSP00000266079	ENSP00000257181	0.994	True	False	33.8	16.2	True	True	BOTH_EXPRESSED
PRPF6	SNRPA	ENSP00000266079	ENSP00000243563	0.994	True	False	33.8	10.0	True	True	BOTH_EXPRESSED
PRPF8	ZNF830	ENSP00000460348	ENSP00000354518	0.994	True	False	76.4	5.9	True	True	BOTH_EXPRESSED
BCOR	RING1	ENSP00000367705	ENSP00000363787	0.994	True	False	13.1	14.6	True	True	BOTH_EXPRESSED
BCOR	MLLT3	ENSP00000367705	ENSP00000369695	0.994	True	False	13.1	7.6	True	True	BOTH_EXPRESSED
DHX38	CRNKL1	ENSP00000268482	ENSP00000366557	0.994	True	False	12.3	9.1	True	True	BOTH_EXPRESSED
DHX38	RBM22	ENSP00000268482	ENSP00000199814	0.994	True	False	12.3	21.9	True	True	BOTH_EXPRESSED
PRPF6	CD2BP2	ENSP00000266079	ENSP00000304903	0.994	True	False	33.8	15.0	True	True	BOTH_EXPRESSED
PRPF8	SF3B5	ENSP00000460348	ENSP00000356541	0.993	True	False	76.4	30.0	True	True	BOTH_EXPRESSED
RHO	ARR3	ENSP00000296271	ENSP00000311538	0.993	True	False	3767.6	357.5	True	True	BOTH_EXPRESSED
AHI1	TMEM67	ENSP00000265602	ENSP00000389998	0.993	True	False	25.2	3.0	True	True	BOTH_EXPRESSED
AHI1	NPHP1	ENSP00000265602	ENSP00000313169	0.993	True	False	25.2	10.0	True	True	BOTH_EXPRESSED
DHX38	SNRPA1	ENSP00000268482	ENSP00000254193	0.993	True	False	12.3	14.3	True	True	BOTH_EXPRESSED
TMEM216	B9D2	ENSP00000334844	ENSP00000243578	0.993	True	False	10.8	1.1	True	True	BOTH_EXPRESSED
PRPF4	SF3B2	ENSP00000363313	ENSP00000318861	0.993	True	False	12.1	89.5	True	True	BOTH_EXPRESSED
SNRNP200	SNRPN	ENSP00000317123	ENSP00000494831	0.993	True	False	62.7	150.2	True	True	BOTH_EXPRESSED
SNRNP200	BCAS2	ENSP00000317123	ENSP00000358554	0.993	True	False	62.7	37.4	True	True	BOTH_EXPRESSED
PRPF4	PHF5A	ENSP00000363313	ENSP00000216252	0.993	True	False	12.1	22.7	True	True	BOTH_EXPRESSED
COQ5	COQ9	ENSP00000288532	ENSP00000262507	0.993	True	False	24.3	10.9	True	True	BOTH_EXPRESSED
PRPF8	SMU1	ENSP00000460348	ENSP00000380336	0.993	True	False	76.4	11.7	True	True	BOTH_EXPRESSED
PRPF8	PHF5A	ENSP00000460348	ENSP00000216252	0.993	True	False	76.4	22.7	True	True	BOTH_EXPRESSED
PRPF6	SF3B5	ENSP00000266079	ENSP00000356541	0.993	True	False	33.8	30.0	True	True	BOTH_EXPRESSED
IFT172	IFT74	ENSP00000260570	ENSP00000404122	0.993	True	False	5.3	13.6	True	True	BOTH_EXPRESSED
PRPF4	SNRPB2	ENSP00000363313	ENSP00000246071	0.993	True	False	12.1	10.4	True	True	BOTH_EXPRESSED
CC2D2A	TCTN3	ENSP00000403465	ENSP00000483364	0.993	True	False	78.4	20.6	True	True	BOTH_EXPRESSED
SNRNP200	SNRPA	ENSP00000317123	ENSP00000243563	0.992	True	False	62.7	10.0	True	True	BOTH_EXPRESSED
IFT172	IFT22	ENSP00000260570	ENSP00000320359	0.992	True	False	5.3	38.4	True	True	BOTH_EXPRESSED
POMGNT1	DAG1	ENSP00000361060	ENSP00000442600	0.992	True	False	10.1	9.2	True	True	BOTH_EXPRESSED
GNAT1	GNB1	ENSP00000232461	ENSP00000367872	0.992	True	False	1040.7	2147.2	True	True	BOTH_EXPRESSED
PRPF4	WBP4	ENSP00000363313	ENSP00000368801	0.992	True	False	12.1	15.3	True	True	BOTH_EXPRESSED
PRPF31	SF3B4	ENSP00000324122	ENSP00000271628	0.992	True	False	7.6	19.2	True	True	BOTH_EXPRESSED
PRPF31	SF3B2	ENSP00000324122	ENSP00000318861	0.992	True	False	7.6	89.5	True	True	BOTH_EXPRESSED
PRPF3	PHF5A	ENSP00000315379	ENSP00000216252	0.992	True	False	40.3	22.7	True	True	BOTH_EXPRESSED
PRPF8	RBMX2	ENSP00000460348	ENSP00000339090	0.992	True	False	76.4	10.3	True	True	BOTH_EXPRESSED
PRPF3	PRPF38A	ENSP00000315379	ENSP00000257181	0.992	True	False	40.3	16.2	True	True	BOTH_EXPRESSED
PRPF6	SNRPN	ENSP00000266079	ENSP00000494831	0.992	True	False	33.8	150.2	True	True	BOTH_EXPRESSED
RHO	GNB1	ENSP00000296271	ENSP00000367872	0.992	True	False	3767.6	2147.2	True	True	BOTH_EXPRESSED
RLBP1	RDH5	ENSP00000268125	ENSP00000257895	0.991	True	False	246.4	3.0	True	True	BOTH_EXPRESSED
SNRNP200	RBM8A	ENSP00000317123	ENSP00000463058	0.991	True	False	62.7	41.8	True	True	BOTH_EXPRESSED
PRPF6	PHF5A	ENSP00000266079	ENSP00000216252	0.991	True	False	33.8	22.7	True	True	BOTH_EXPRESSED
PRPF6	SF3B6	ENSP00000266079	ENSP00000233468	0.991	True	False	33.8	59.6	True	True	BOTH_EXPRESSED
ARHGEF18	CGN	ENSP00000482647	ENSP00000271636	0.991	True	False	4.6	3.4	True	True	BOTH_EXPRESSED
PRPF31	PRPF38A	ENSP00000324122	ENSP00000257181	0.991	True	False	7.6	16.2	True	True	BOTH_EXPRESSED
PRPF4	SF3B5	ENSP00000363313	ENSP00000356541	0.991	True	False	12.1	30.0	True	True	BOTH_EXPRESSED
SNRNP200	PRPF38A	ENSP00000317123	ENSP00000257181	0.991	True	False	62.7	16.2	True	True	BOTH_EXPRESSED
PRPF3	SNRPB2	ENSP00000315379	ENSP00000246071	0.991	True	False	40.3	10.4	True	True	BOTH_EXPRESSED
IDH3A	OGDHL	ENSP00000299518	ENSP00000363216	0.991	True	False	23.8	17.3	True	True	BOTH_EXPRESSED
PRPF3	SF3B5	ENSP00000315379	ENSP00000356541	0.991	True	False	40.3	30.0	True	True	BOTH_EXPRESSED
TMEM216	CEP290	ENSP00000334844	ENSP00000448012	0.99	True	False	10.8	6.6	True	True	BOTH_EXPRESSED
PDE6B	GNAT1	ENSP00000420295	ENSP00000232461	0.99	True	True	357.2	1040.7	True	True	BOTH_EXPRESSED
USH2A	USH1C	ENSP00000305941	ENSP00000005226	0.99	True	False	17.8	17.6	True	True	BOTH_EXPRESSED
CREB3	HCFC1	ENSP00000342136	ENSP00000309555	0.99	True	False	21.7	6.7	True	True	BOTH_EXPRESSED
POMGNT1	FKTN	ENSP00000361060	ENSP00000223528	0.99	True	False	10.1	9.3	True	True	BOTH_EXPRESSED
PRPF31	SF3B5	ENSP00000324122	ENSP00000356541	0.99	True	False	7.6	30.0	True	True	BOTH_EXPRESSED
HK1	PFKM	ENSP00000494664	ENSP00000496597	0.99	True	False	141.7	79.2	True	True	BOTH_EXPRESSED
COQ5	COQ4	ENSP00000288532	ENSP00000300452	0.99	True	False	24.3	20.8	True	True	BOTH_EXPRESSED
PRPF6	SMU1	ENSP00000266079	ENSP00000380336	0.99	True	False	33.8	11.7	True	True	BOTH_EXPRESSED
CRX	NRL	ENSP00000221996	ENSP00000454062	0.99	True	True	202.2	294.2	True	True	BOTH_EXPRESSED
PRPF8	TSSC4	ENSP00000460348	ENSP00000331087	0.99	True	False	76.4	5.5	True	True	BOTH_EXPRESSED
RPGR	IQCB1	ENSP00000495537	ENSP00000311505	0.989	True	False	11.2	17.5	True	True	BOTH_EXPRESSED
IFT172	HSPB11	ENSP00000260570	ENSP00000194214	0.989	True	False	5.3	27.6	True	True	BOTH_EXPRESSED
PRPF31	SMU1	ENSP00000324122	ENSP00000380336	0.989	True	False	7.6	11.7	True	True	BOTH_EXPRESSED
RHO	RCVRN	ENSP00000296271	ENSP00000226193	0.989	True	False	3767.6	430.9	True	True	BOTH_EXPRESSED
DHX38	CWC15	ENSP00000268482	ENSP00000475615	0.989	True	False	12.3	23.4	True	True	BOTH_EXPRESSED
DHX38	PLRG1	ENSP00000268482	ENSP00000424417	0.989	True	False	12.3	24.4	True	True	BOTH_EXPRESSED
IFT172	TTC26	ENSP00000260570	ENSP00000419279	0.989	True	False	5.3	4.3	True	True	BOTH_EXPRESSED
IFT172	TTC30B	ENSP00000260570	ENSP00000386181	0.989	True	False	5.3	4.8	True	True	BOTH_EXPRESSED
PRPF3	SNRNP40	ENSP00000315379	ENSP00000263694	0.988	True	False	40.3	17.7	True	True	BOTH_EXPRESSED
AHI1	CEP290	ENSP00000265602	ENSP00000448012	0.988	True	False	25.2	6.6	True	True	BOTH_EXPRESSED
PRPF8	RBM8A	ENSP00000460348	ENSP00000463058	0.988	True	False	76.4	41.8	True	True	BOTH_EXPRESSED
PRPF8	PPIE	ENSP00000460348	ENSP00000361918	0.988	True	False	76.4	20.0	True	True	BOTH_EXPRESSED
IDH3B	IDH1	ENSP00000482773	ENSP00000390265	0.988	True	False	42.7	32.4	True	True	BOTH_EXPRESSED
CREB3	NR0B2	ENSP00000342136	ENSP00000254227	0.988	True	False	21.7	0.1	True	True	BOTH_EXPRESSED
TMEM216	TCTN3	ENSP00000334844	ENSP00000483364	0.988	True	False	10.8	20.6	True	True	BOTH_EXPRESSED
PRPF3	WBP4	ENSP00000315379	ENSP00000368801	0.988	True	False	40.3	15.3	True	True	BOTH_EXPRESSED
PDSS1	COQ8A	ENSP00000365388	ENSP00000355741	0.988	True	False	1.7	1.2	True	True	BOTH_EXPRESSED
PRPF8	SNRPA	ENSP00000460348	ENSP00000243563	0.988	True	False	76.4	10.0	True	True	BOTH_EXPRESSED
BBS2	BBS10	ENSP00000245157	ENSP00000497413	0.987	True	False	12.0	10.5	True	True	BOTH_EXPRESSED
PRPF6	WBP4	ENSP00000266079	ENSP00000368801	0.987	True	False	33.8	15.3	True	True	BOTH_EXPRESSED
SAG	GRK1	ENSP00000386444	ENSP00000334876	0.987	True	False	1359.9	39.5	True	True	BOTH_EXPRESSED
PRPF8	MAGOHB	ENSP00000460348	ENSP00000319240	0.987	True	False	76.4	3.7	True	True	BOTH_EXPRESSED
LRAT	RDH12	ENSP00000337224	ENSP00000449079	0.987	True	True	0.9	206.6	True	True	BOTH_EXPRESSED
PRPF4	SNRPN	ENSP00000363313	ENSP00000494831	0.987	True	False	12.1	150.2	True	True	BOTH_EXPRESSED
TMEM216	MKS1	ENSP00000334844	ENSP00000376827	0.987	True	False	10.8	6.1	True	True	BOTH_EXPRESSED
PRPF4	PRPF38A	ENSP00000363313	ENSP00000257181	0.987	True	False	12.1	16.2	True	True	BOTH_EXPRESSED
TMEM216	TMEM231	ENSP00000334844	ENSP00000258173	0.987	True	False	10.8	3.6	True	True	BOTH_EXPRESSED
PDE6G	GNAT2	ENSP00000328412	ENSP00000251337	0.987	True	False	1904.6	73.0	True	True	BOTH_EXPRESSED
RDH12	ALDH1A3	ENSP00000449079	ENSP00000332256	0.987	True	False	206.6	0.3	True	True	BOTH_EXPRESSED
IDH3A	IDH1	ENSP00000299518	ENSP00000390265	0.987	True	False	23.8	32.4	True	True	BOTH_EXPRESSED
BBS9	LZTFL1	ENSP00000242067	ENSP00000296135	0.986	True	False	20.3	2.0	True	True	BOTH_EXPRESSED
IFT140	IFT27	ENSP00000406012	ENSP00000393541	0.986	True	False	5.9	14.5	True	True	BOTH_EXPRESSED
PRPF4	SNRNP40	ENSP00000363313	ENSP00000263694	0.986	True	False	12.1	17.7	True	True	BOTH_EXPRESSED
BCOR	KDM2B	ENSP00000367705	ENSP00000366271	0.986	True	False	13.1	9.0	True	True	BOTH_EXPRESSED
PRPF6	USP39	ENSP00000266079	ENSP00000312981	0.986	True	False	33.8	20.4	True	True	BOTH_EXPRESSED
PRPF8	IK	ENSP00000460348	ENSP00000396301	0.986	True	False	76.4	83.7	True	True	BOTH_EXPRESSED
PRPF6	SRRM2	ENSP00000266079	ENSP00000301740	0.986	True	False	33.8	67.1	True	True	BOTH_EXPRESSED
POMGNT1	FKRP	ENSP00000361060	ENSP00000326570	0.986	True	False	10.1	5.3	True	True	BOTH_EXPRESSED
PRPF3	IK	ENSP00000315379	ENSP00000396301	0.985	True	False	40.3	83.7	True	True	BOTH_EXPRESSED
SAG	ADRB2	ENSP00000386444	ENSP00000305372	0.985	True	False	1359.9	0.5	True	True	BOTH_EXPRESSED
PDSS1	COQ9	ENSP00000365388	ENSP00000262507	0.985	True	False	1.7	10.9	True	True	BOTH_EXPRESSED
AHI1	TMEM216	ENSP00000265602	ENSP00000334844	0.985	True	True	25.2	10.8	True	True	BOTH_EXPRESSED
PRPF8	CWF19L2	ENSP00000460348	ENSP00000282251	0.985	True	False	76.4	8.2	True	True	BOTH_EXPRESSED
ARHGEF18	RHOA	ENSP00000482647	ENSP00000400175	0.985	True	False	4.6	104.1	True	True	BOTH_EXPRESSED
RHO	GNAT2	ENSP00000296271	ENSP00000251337	0.985	True	False	3767.6	73.0	True	True	BOTH_EXPRESSED
POMGNT1	POMGNT2	ENSP00000361060	ENSP00000344125	0.985	True	False	10.1	7.4	True	True	BOTH_EXPRESSED
CLN3	PPT1	ENSP00000454229	ENSP00000493153	0.985	True	False	3.0	82.8	True	True	BOTH_EXPRESSED
HK1	GPI	ENSP00000494664	ENSP00000405573	0.985	True	False	141.7	144.9	True	True	BOTH_EXPRESSED
KLHL7	CUL3	ENSP00000343273	ENSP00000264414	0.985	True	False	13.9	37.1	True	True	BOTH_EXPRESSED
GUCY2D	GUCA1A-2	ENSP00000254854	ENSP00000362049	0.985	True	False	31.7		True	False	UNKNOWN
SNRNP200	TSSC4	ENSP00000317123	ENSP00000331087	0.985	True	False	62.7	5.5	True	True	BOTH_EXPRESSED
SNRNP200	MAGOHB	ENSP00000317123	ENSP00000319240	0.985	True	False	62.7	3.7	True	True	BOTH_EXPRESSED
BBS2	LZTFL1	ENSP00000245157	ENSP00000296135	0.984	True	False	12.0	2.0	True	True	BOTH_EXPRESSED
PRPF3	SMU1	ENSP00000315379	ENSP00000380336	0.984	True	False	40.3	11.7	True	True	BOTH_EXPRESSED
IMPDH1	IMPDH2	ENSP00000345096	ENSP00000321584	0.984	True	False	98.6	20.1	True	True	BOTH_EXPRESSED
IDH3B	OGDH	ENSP00000482773	ENSP00000388183	0.984	True	False	42.7	24.1	True	True	BOTH_EXPRESSED
RPE65	RDH5	ENSP00000262340	ENSP00000257895	0.984	True	False	7.8	3.0	True	True	BOTH_EXPRESSED
COQ2	COQ8A	ENSP00000310873	ENSP00000355741	0.984	True	False	3.7	1.2	True	True	BOTH_EXPRESSED
COQ2	COQ9	ENSP00000310873	ENSP00000262507	0.984	True	False	3.7	10.9	True	True	BOTH_EXPRESSED
SNRNP200	CASC3	ENSP00000317123	ENSP00000264645	0.983	True	False	62.7	36.2	True	True	BOTH_EXPRESSED
PRPF8	PPIH	ENSP00000460348	ENSP00000306614	0.983	True	False	76.4	20.7	True	True	BOTH_EXPRESSED
POMGNT1	MGAT5B	ENSP00000361060	ENSP00000391227	0.983	True	False	10.1	0.8	True	True	BOTH_EXPRESSED
PRPF4	USP39	ENSP00000363313	ENSP00000312981	0.983	True	False	12.1	20.4	True	True	BOTH_EXPRESSED
IDH3G	OGDH	ENSP00000217901	ENSP00000388183	0.983	True	False	22.7	24.1	True	True	BOTH_EXPRESSED
DHX38	DDX23	ENSP00000268482	ENSP00000310723	0.983	True	False	12.3	17.9	True	True	BOTH_EXPRESSED
RPGR	RPGRIP1L	ENSP00000495537	ENSP00000493946	0.982	True	False	11.2	2.6	True	True	BOTH_EXPRESSED
SNRNP200	IK	ENSP00000317123	ENSP00000396301	0.982	True	False	62.7	83.7	True	True	BOTH_EXPRESSED
OFD1	NDE1	ENSP00000344314	ENSP00000379643	0.982	True	False	2.3	1.8	True	True	BOTH_EXPRESSED
GUCA1A	GUCY2F	ENSP00000053469	ENSP00000218006	0.982	True	False	703.2	39.1	True	True	BOTH_EXPRESSED
PRPF8	CD2BP2	ENSP00000460348	ENSP00000304903	0.982	True	False	76.4	15.0	True	True	BOTH_EXPRESSED
CFAP410	NEK1	ENSP00000381047	ENSP00000424757	0.982	True	False	9.2	5.3	True	True	BOTH_EXPRESSED
PDE6A	PDE6B	ENSP00000255266	ENSP00000420295	0.982	True	True	1001.0	357.2	True	True	BOTH_EXPRESSED
BBS1	BBS10	ENSP00000317469	ENSP00000497413	0.982	True	False	19.9	10.5	True	True	BOTH_EXPRESSED
PRPF8	WBP4	ENSP00000460348	ENSP00000368801	0.982	True	False	76.4	15.3	True	True	BOTH_EXPRESSED
HGSNAT	SGSH	ENSP00000368965	ENSP00000314606	0.981	True	False	12.6	2.6	True	True	BOTH_EXPRESSED
CREB3	CREBRF	ENSP00000342136	ENSP00000296953	0.981	True	False	21.7	10.4	True	True	BOTH_EXPRESSED
PRPF4	SMU1	ENSP00000363313	ENSP00000380336	0.981	True	False	12.1	11.7	True	True	BOTH_EXPRESSED
RPGR	CEP290	ENSP00000495537	ENSP00000448012	0.981	True	False	11.2	6.6	True	True	BOTH_EXPRESSED
IMPDH1	ADSS2	ENSP00000345096	ENSP00000355493	0.981	True	False	98.6	10.5	True	True	BOTH_EXPRESSED
PDSS1	PDSS2	ENSP00000365388	ENSP00000358033	0.981	True	False	1.7	5.6	True	True	BOTH_EXPRESSED
PRPF31	SNRPN	ENSP00000324122	ENSP00000494831	0.981	True	False	7.6	150.2	True	True	BOTH_EXPRESSED
PRPF3	SNRPN	ENSP00000315379	ENSP00000494831	0.98	True	False	40.3	150.2	True	True	BOTH_EXPRESSED
GNAT1	PDE6A	ENSP00000232461	ENSP00000255266	0.98	True	True	1040.7	1001.0	True	True	BOTH_EXPRESSED
GUCY2D	GUCA1C	ENSP00000254854	ENSP00000261047	0.98	True	False	31.7	274.8	True	True	BOTH_EXPRESSED
COQ2	COQ6	ENSP00000310873	ENSP00000333946	0.98	True	False	3.7	5.4	True	True	BOTH_EXPRESSED
TMEM216	TCTN2	ENSP00000334844	ENSP00000304941	0.98	True	False	10.8	16.3	True	True	BOTH_EXPRESSED
PRPF8	TCERG1	ENSP00000460348	ENSP00000296702	0.98	True	False	76.4	15.7	True	True	BOTH_EXPRESSED
INPP5E	PDE6D	ENSP00000360777	ENSP00000287600	0.98	True	False	6.9	64.5	True	True	BOTH_EXPRESSED
RHO	GNGT1	ENSP00000296271	ENSP00000248572	0.98	True	False	3767.6	1760.3	True	True	BOTH_EXPRESSED
IDH3A	ACO1	ENSP00000299518	ENSP00000309477	0.98	True	False	23.8	11.9	True	True	BOTH_EXPRESSED
PRPF8	CASC3	ENSP00000460348	ENSP00000264645	0.98	True	False	76.4	36.2	True	True	BOTH_EXPRESSED
FAM161A	CCT2	ENSP00000385158	ENSP00000299300	0.979	True	False	26.9	53.2	True	True	BOTH_EXPRESSED
PRPF4	IK	ENSP00000363313	ENSP00000396301	0.979	True	False	12.1	83.7	True	True	BOTH_EXPRESSED
AHI1	TCTN1	ENSP00000265602	ENSP00000380779	0.979	True	False	25.2	2.8	True	True	BOTH_EXPRESSED
IMPDH1	ATIC	ENSP00000345096	ENSP00000236959	0.979	True	False	98.6	17.7	True	True	BOTH_EXPRESSED
PRPF31	IK	ENSP00000324122	ENSP00000396301	0.979	True	False	7.6	83.7	True	True	BOTH_EXPRESSED
CLN3	CLN6	ENSP00000454229	ENSP00000249806	0.979	True	False	3.0	11.0	True	True	BOTH_EXPRESSED
HK1	HK2	ENSP00000494664	ENSP00000290573	0.979	True	False	141.7	133.5	True	True	BOTH_EXPRESSED
COQ8B	COQ6	ENSP00000315118	ENSP00000333946	0.978	True	False	1.2	5.4	True	True	BOTH_EXPRESSED
HK1	HK3	ENSP00000494664	ENSP00000292432	0.978	True	False	141.7	0.1	True	True	BOTH_EXPRESSED
IDH3B	OGDHL	ENSP00000482773	ENSP00000363216	0.978	True	False	42.7	17.3	True	True	BOTH_EXPRESSED
IMPG1	ELOVL4	ENSP00000358966	ENSP00000358831	0.978	True	False	621.3	163.6	True	True	BOTH_EXPRESSED
DHX38	DDX46	ENSP00000268482	ENSP00000416534	0.978	True	False	12.3	16.7	True	True	BOTH_EXPRESSED
DYNC2H1	DYNLRB1	ENSP00000497174	ENSP00000349679	0.978	True	False	9.5	160.9	True	True	BOTH_EXPRESSED
HK1	PFKL	ENSP00000494664	ENSP00000269848	0.977	True	False	141.7	22.2	True	True	BOTH_EXPRESSED
IMPDH1	ADSS1	ENSP00000345096	ENSP00000333019	0.977	True	False	98.6	9.4	True	True	BOTH_EXPRESSED
SNRNP200	DHX8	ENSP00000317123	ENSP00000262415	0.977	True	False	62.7	14.6	True	True	BOTH_EXPRESSED
SNRNP200	PRPF18	ENSP00000317123	ENSP00000367835	0.977	True	False	62.7	11.3	True	True	BOTH_EXPRESSED
GNAT1	RGS9	ENSP00000232461	ENSP00000262406	0.976	True	False	1040.7	1.2	True	True	BOTH_EXPRESSED
SNRNP200	TCERG1	ENSP00000317123	ENSP00000296702	0.976	True	False	62.7	15.7	True	True	BOTH_EXPRESSED
IDH3G	OGDHL	ENSP00000217901	ENSP00000363216	0.976	True	False	22.7	17.3	True	True	BOTH_EXPRESSED
OFD1	SDCCAG8	ENSP00000344314	ENSP00000355499	0.976	True	False	2.3	3.4	True	True	BOTH_EXPRESSED
AHI1	B9D1	ENSP00000265602	ENSP00000261499	0.976	True	False	25.2	20.2	True	True	BOTH_EXPRESSED
BBS9	BBS10	ENSP00000242067	ENSP00000497413	0.976	True	False	20.3	10.5	True	True	BOTH_EXPRESSED
IDH3B	ACO1	ENSP00000482773	ENSP00000309477	0.975	True	False	42.7	11.9	True	True	BOTH_EXPRESSED
DHX38	SNRPB2	ENSP00000268482	ENSP00000246071	0.975	True	False	12.3	10.4	True	True	BOTH_EXPRESSED
AIPL1	NUB1	ENSP00000370521	ENSP00000454264	0.975	True	False	775.1	29.8	True	True	BOTH_EXPRESSED
RLBP1	RDH11	ENSP00000268125	ENSP00000370750	0.975	True	False	246.4	68.5	True	True	BOTH_EXPRESSED
PDSS1	FDPS	ENSP00000365388	ENSP00000349078	0.975	True	False	1.7	42.6	True	True	BOTH_EXPRESSED
LRAT	RDH5	ENSP00000337224	ENSP00000257895	0.975	True	False	0.9	3.0	True	True	BOTH_EXPRESSED
IDH3G	ACO1	ENSP00000217901	ENSP00000309477	0.975	True	False	22.7	11.9	True	True	BOTH_EXPRESSED
ARL3	CFAP36	ENSP00000260746	ENSP00000342699	0.974	True	False	89.3	115.1	True	True	BOTH_EXPRESSED
PRPF3	RBMX2	ENSP00000315379	ENSP00000339090	0.974	True	False	40.3	10.3	True	True	BOTH_EXPRESSED
PRPF3	SNIP1	ENSP00000315379	ENSP00000296215	0.974	True	False	40.3	3.6	True	True	BOTH_EXPRESSED
PDE6A	GNGT1	ENSP00000255266	ENSP00000248572	0.974	True	False	1001.0	1760.3	True	True	BOTH_EXPRESSED
PDE6A	GNAT2	ENSP00000255266	ENSP00000251337	0.974	True	False	1001.0	73.0	True	True	BOTH_EXPRESSED
GUCY2D	AIPL1	ENSP00000254854	ENSP00000370521	0.974	True	True	31.7	775.1	True	True	BOTH_EXPRESSED
GNAT1	GNGT1	ENSP00000232461	ENSP00000248572	0.973	True	False	1040.7	1760.3	True	True	BOTH_EXPRESSED
HK1	HKDC1	ENSP00000494664	ENSP00000346643	0.973	True	False	141.7	43.4	True	True	BOTH_EXPRESSED
PRPF6	PRPF4B	ENSP00000266079	ENSP00000337194	0.973	True	False	33.8	14.8	True	True	BOTH_EXPRESSED
CC2D2A	RPGRIP1L	ENSP00000403465	ENSP00000493946	0.973	True	False	78.4	2.6	True	True	BOTH_EXPRESSED
PRPF3	DHX16	ENSP00000315379	ENSP00000365625	0.973	True	False	40.3	13.3	True	True	BOTH_EXPRESSED
IFT172	TTC30A	ENSP00000260570	ENSP00000347915	0.973	True	False	5.3	7.6	True	True	BOTH_EXPRESSED
NR2E3	CRX	ENSP00000482504	ENSP00000221996	0.972	True	True	121.9	202.2	True	True	BOTH_EXPRESSED
LRAT	CYP26A1	ENSP00000337224	ENSP00000224356	0.972	True	False	0.9	0.5	True	True	BOTH_EXPRESSED
PDE6B	GNAT2	ENSP00000420295	ENSP00000251337	0.972	True	False	357.2	73.0	True	True	BOTH_EXPRESSED
DYNC2H1	NEK1	ENSP00000497174	ENSP00000424757	0.972	True	False	9.5	5.3	True	True	BOTH_EXPRESSED
FAM161A	CCT5	ENSP00000385158	ENSP00000280326	0.972	True	False	26.9	45.4	True	True	BOTH_EXPRESSED
PRPF31	SNRPA	ENSP00000324122	ENSP00000243563	0.972	True	False	7.6	10.0	True	True	BOTH_EXPRESSED
DHX38	ISY1	ENSP00000268482	ENSP00000273541	0.972	True	False	12.3	9.6	True	True	BOTH_EXPRESSED
DHX38	ISY1-RAB43	ENSP00000268482	ENSP00000411822	0.972	True	False	12.3	2.5	True	True	BOTH_EXPRESSED
BBS1	LZTFL1	ENSP00000317469	ENSP00000296135	0.972	True	False	19.9	2.0	True	True	BOTH_EXPRESSED
IDH3A	SUCLA2	ENSP00000299518	ENSP00000494360	0.972	True	False	23.8	40.9	True	True	BOTH_EXPRESSED
IFT140	TULP3	ENSP00000406012	ENSP00000380321	0.972	True	False	5.9	11.7	True	True	BOTH_EXPRESSED
PRPF4	SNIP1	ENSP00000363313	ENSP00000296215	0.971	True	False	12.1	3.6	True	True	BOTH_EXPRESSED
SNRNP200	C9orf78	ENSP00000317123	ENSP00000361524	0.971	True	False	62.7	19.1	True	True	BOTH_EXPRESSED
BCOR	CBX8	ENSP00000367705	ENSP00000269385	0.971	True	False	13.1	4.2	True	True	BOTH_EXPRESSED
DYNC2H1	IFT80	ENSP00000497174	ENSP00000312778	0.971	True	False	9.5	23.2	True	True	BOTH_EXPRESSED
DYNC2H1	DYNLL2	ENSP00000497174	ENSP00000477310	0.97	True	False	9.5	38.2	True	True	BOTH_EXPRESSED
TTC8	LZTFL1	ENSP00000482306	ENSP00000296135	0.97	True	False	34.7	2.0	True	True	BOTH_EXPRESSED
RDH12	ALDH1A1	ENSP00000449079	ENSP00000297785	0.969	True	False	206.6	0.4	True	True	BOTH_EXPRESSED
PRPF8	TFIP11	ENSP00000460348	ENSP00000384421	0.969	True	False	76.4	12.4	True	True	BOTH_EXPRESSED
PRPF3	BUD13	ENSP00000315379	ENSP00000260210	0.969	True	False	40.3	9.8	True	True	BOTH_EXPRESSED
PRPH2	PDE6B	ENSP00000230381	ENSP00000420295	0.969	True	True	594.9	357.2	True	True	BOTH_EXPRESSED
PRPF6	PPIH	ENSP00000266079	ENSP00000306614	0.969	True	False	33.8	20.7	True	True	BOTH_EXPRESSED
PRPF6	SMNDC1	ENSP00000266079	ENSP00000358616	0.968	True	False	33.8	15.4	True	True	BOTH_EXPRESSED
PRPF8	SNRNP70	ENSP00000460348	ENSP00000472998	0.968	True	False	76.4	17.2	True	True	BOTH_EXPRESSED
AHI1	B9D2	ENSP00000265602	ENSP00000243578	0.968	True	False	25.2	1.1	True	True	BOTH_EXPRESSED
IMPDH1	AMPD2	ENSP00000345096	ENSP00000499465	0.968	True	False	98.6	9.8	True	True	BOTH_EXPRESSED
PRPF3	SART3	ENSP00000315379	ENSP00000449386	0.968	True	False	40.3	18.8	True	True	BOTH_EXPRESSED
ARL3	PDE6D	ENSP00000260746	ENSP00000287600	0.967	True	False	89.3	64.5	True	True	BOTH_EXPRESSED
LRAT	RDH10	ENSP00000337224	ENSP00000240285	0.967	True	False	0.9	79.9	True	True	BOTH_EXPRESSED
DHDDS	GGPS1	ENSP00000353104	ENSP00000282841	0.967	True	False	30.3	35.9	True	True	BOTH_EXPRESSED
IFT140	IFT80	ENSP00000406012	ENSP00000312778	0.967	True	False	5.9	23.2	True	True	BOTH_EXPRESSED
PRPF6	UBL5	ENSP00000266079	ENSP00000351492	0.967	True	False	33.8	254.4	True	True	BOTH_EXPRESSED
BBS9	BBS12	ENSP00000242067	ENSP00000438273	0.967	True	False	20.3	16.3	True	True	BOTH_EXPRESSED
PRPF3	SNRPA	ENSP00000315379	ENSP00000243563	0.966	True	False	40.3	10.0	True	True	BOTH_EXPRESSED
DHDDS	FDPS	ENSP00000353104	ENSP00000349078	0.966	True	False	30.3	42.6	True	True	BOTH_EXPRESSED
RPGR	NPHP4	ENSP00000495537	ENSP00000367398	0.966	True	False	11.2	2.2	True	True	BOTH_EXPRESSED
CLN3	CLN8	ENSP00000454229	ENSP00000328182	0.966	True	False	3.0	3.5	True	True	BOTH_EXPRESSED
TMEM216	TMEM107	ENSP00000334844	ENSP00000314116	0.966	True	False	10.8	27.5	True	True	BOTH_EXPRESSED
PRPF6	DHX16	ENSP00000266079	ENSP00000365625	0.966	True	False	33.8	13.3	True	True	BOTH_EXPRESSED
PRPF6	SNIP1	ENSP00000266079	ENSP00000296215	0.965	True	False	33.8	3.6	True	True	BOTH_EXPRESSED
SNRNP200	PPIH	ENSP00000317123	ENSP00000306614	0.965	True	False	62.7	20.7	True	True	BOTH_EXPRESSED
DHDDS	PDSS1	ENSP00000353104	ENSP00000365388	0.965	True	True	30.3	1.7	True	True	BOTH_EXPRESSED
IMPDH1	AMPD3	ENSP00000345096	ENSP00000379802	0.965	True	False	98.6	6.5	True	True	BOTH_EXPRESSED
LRAT	RDH11	ENSP00000337224	ENSP00000370750	0.965	True	False	0.9	68.5	True	True	BOTH_EXPRESSED
PRPF31	PRPF4B	ENSP00000324122	ENSP00000337194	0.965	True	False	7.6	14.8	True	True	BOTH_EXPRESSED
SNRNP200	USP39	ENSP00000317123	ENSP00000312981	0.965	True	False	62.7	20.4	True	True	BOTH_EXPRESSED
BBS2	BBS12	ENSP00000245157	ENSP00000438273	0.965	True	False	12.0	16.3	True	True	BOTH_EXPRESSED
AHI1	MKS1	ENSP00000265602	ENSP00000376827	0.965	True	False	25.2	6.1	True	True	BOTH_EXPRESSED
PRPF31	DHX16	ENSP00000324122	ENSP00000365625	0.965	True	False	7.6	13.3	True	True	BOTH_EXPRESSED
PRPF31	RBMX2	ENSP00000324122	ENSP00000339090	0.964	True	False	7.6	10.3	True	True	BOTH_EXPRESSED
CREB3	CREB3L2	ENSP00000342136	ENSP00000329140	0.964	True	False	21.7	4.4	True	True	BOTH_EXPRESSED
PRPF31	RUVBL1	ENSP00000324122	ENSP00000318297	0.964	True	False	7.6	7.0	True	True	BOTH_EXPRESSED
DHX38	PPWD1	ENSP00000268482	ENSP00000261308	0.964	True	False	12.3	13.6	True	True	BOTH_EXPRESSED
RDH12	ALDH1A2	ENSP00000449079	ENSP00000249750	0.964	True	False	206.6	5.5	True	True	BOTH_EXPRESSED
DYNC2H1	TCTEX1D2	ENSP00000497174	ENSP00000324323	0.964	True	False	9.5		True	False	UNKNOWN
BBS1	BBS12	ENSP00000317469	ENSP00000438273	0.963	True	False	19.9	16.3	True	True	BOTH_EXPRESSED
IMPDH1	AMPD1	ENSP00000345096	ENSP00000430075	0.963	True	False	98.6	0.0	True	True	BELOW_THRESHOLD
DHX38	PPIG	ENSP00000268482	ENSP00000260970	0.963	True	False	12.3	27.1	True	True	BOTH_EXPRESSED
DHX38	PPIL1	ENSP00000268482	ENSP00000362803	0.963	True	False	12.3	26.9	True	True	BOTH_EXPRESSED
AHI1	TCTN2	ENSP00000265602	ENSP00000304941	0.963	True	False	25.2	16.3	True	True	BOTH_EXPRESSED
COQ5	COQ8A	ENSP00000288532	ENSP00000355741	0.962	True	False	24.3	1.2	True	True	BOTH_EXPRESSED
PRPF4	SNRPA	ENSP00000363313	ENSP00000243563	0.962	True	False	12.1	10.0	True	True	BOTH_EXPRESSED
DYNC2H1	DYNC1I1	ENSP00000497174	ENSP00000320130	0.961	True	False	9.5	25.4	True	True	BOTH_EXPRESSED
PRPF8	PRPF18	ENSP00000460348	ENSP00000367835	0.961	True	False	76.4	11.3	True	True	BOTH_EXPRESSED
CNGB1	CALML5	ENSP00000251102	ENSP00000369689	0.961	True	False	557.0	0.0	True	True	BELOW_THRESHOLD
AHI1	TCTN3	ENSP00000265602	ENSP00000483364	0.961	True	False	25.2	20.6	True	True	BOTH_EXPRESSED
CNGB1	CALML4	ENSP00000251102	ENSP00000419081	0.961	True	False	557.0	3.1	True	True	BOTH_EXPRESSED
PDSS1	GGPS1	ENSP00000365388	ENSP00000282841	0.961	True	False	1.7	35.9	True	True	BOTH_EXPRESSED
CNGB1	CALML6	ENSP00000251102	ENSP00000304643	0.961	True	False	557.0	0.2	True	True	BOTH_EXPRESSED
CNGB1	CALML3	ENSP00000251102	ENSP00000315299	0.961	True	False	557.0	0.0	True	True	BELOW_THRESHOLD
COQ8B	COQ3	ENSP00000315118	ENSP00000254759	0.96	True	False	1.2	11.0	True	True	BOTH_EXPRESSED
PDE6G	GNGT1	ENSP00000328412	ENSP00000248572	0.96	True	False	1904.6	1760.3	True	True	BOTH_EXPRESSED
PRPF6	TXNL4B	ENSP00000266079	ENSP00000268483	0.96	True	False	33.8	6.2	True	True	BOTH_EXPRESSED
AHI1	TMEM231	ENSP00000265602	ENSP00000258173	0.96	True	False	25.2	3.6	True	True	BOTH_EXPRESSED
PRPF31	RBM42	ENSP00000324122	ENSP00000262633	0.96	True	False	7.6	8.5	True	True	BOTH_EXPRESSED
BCOR	RYBP	ENSP00000367705	ENSP00000419494	0.96	True	False	13.1	1.9	True	True	BOTH_EXPRESSED
RPE65	RDH11	ENSP00000262340	ENSP00000370750	0.96	True	False	7.8	68.5	True	True	BOTH_EXPRESSED
CREB3	CREB3L4	ENSP00000342136	ENSP00000271889	0.96	True	False	21.7	4.6	True	True	BOTH_EXPRESSED
DYNC2H1	DYNC1I2	ENSP00000497174	ENSP00000380308	0.959	True	False	9.5	58.8	True	True	BOTH_EXPRESSED
PRPF4	BUD13	ENSP00000363313	ENSP00000260210	0.959	True	False	12.1	9.8	True	True	BOTH_EXPRESSED
PRPF4	PRPF4B	ENSP00000363313	ENSP00000337194	0.959	True	False	12.1	14.8	True	True	BOTH_EXPRESSED
GUCY2D	NCALD	ENSP00000254854	ENSP00000379256	0.959	True	False	31.7	14.6	True	True	BOTH_EXPRESSED
PRPF6	RBMX2	ENSP00000266079	ENSP00000339090	0.959	True	False	33.8	10.3	True	True	BOTH_EXPRESSED
TMEM216	RPGRIP1L	ENSP00000334844	ENSP00000493946	0.959	True	False	10.8	2.6	True	True	BOTH_EXPRESSED
CREB3	DCSTAMP	ENSP00000342136	ENSP00000297581	0.959	True	False	21.7	0.0	True	True	BELOW_THRESHOLD
PRPF31	BUD13	ENSP00000324122	ENSP00000260210	0.959	True	False	7.6	9.8	True	True	BOTH_EXPRESSED
SNRNP200	NCBP2	ENSP00000317123	ENSP00000326806	0.959	True	False	62.7	42.8	True	True	BOTH_EXPRESSED
SNRNP200	SNRNP70	ENSP00000317123	ENSP00000472998	0.959	True	False	62.7	17.2	True	True	BOTH_EXPRESSED
SNRNP200	PPIL1	ENSP00000317123	ENSP00000362803	0.959	True	False	62.7	26.9	True	True	BOTH_EXPRESSED
ARHGEF18	EPB41L4B	ENSP00000482647	ENSP00000363694	0.958	True	False	4.6	2.8	True	True	BOTH_EXPRESSED
CREB3	CREB3L3	ENSP00000342136	ENSP00000078445	0.958	True	False	21.7	0.0	True	True	BELOW_THRESHOLD
MVK	IGHD	ENSP00000228510	ENSP00000478893	0.958	True	False	3.2	0.0	True	True	BELOW_THRESHOLD
AHI1	RAB8A	ENSP00000265602	ENSP00000300935	0.958	True	False	25.2	8.1	True	True	BOTH_EXPRESSED
LRAT	RDH8	ENSP00000337224	ENSP00000498711	0.958	True	False	0.9	106.2	True	True	BOTH_EXPRESSED
PRPF3	RBM42	ENSP00000315379	ENSP00000262633	0.958	True	False	40.3	8.5	True	True	BOTH_EXPRESSED
BCOR	PCGF2	ENSP00000367705	ENSP00000482063	0.958	True	False	13.1	6.6	True	True	BOTH_EXPRESSED
BCOR	BMI1	ENSP00000367705	ENSP00000365851	0.958	True	False	13.1	37.4	True	True	BOTH_EXPRESSED
RHO	ARRB1	ENSP00000296271	ENSP00000409581	0.958	True	False	3767.6	4.9	True	True	BOTH_EXPRESSED
IMPDH1	ITPA	ENSP00000345096	ENSP00000369456	0.957	True	False	98.6	6.4	True	True	BOTH_EXPRESSED
PRPF8	GPKOW	ENSP00000460348	ENSP00000156109	0.957	True	False	76.4	11.1	True	True	BOTH_EXPRESSED
SAG	GRK7	ENSP00000386444	ENSP00000264952	0.957	True	False	1359.9	10.4	True	True	BOTH_EXPRESSED
PRPF8	PRPF4B	ENSP00000460348	ENSP00000337194	0.957	True	False	76.4	14.8	True	True	BOTH_EXPRESSED
BCOR	YAF2	ENSP00000367705	ENSP00000328004	0.956	True	False	13.1	13.1	True	True	BOTH_EXPRESSED
BCOR	PHC1	ENSP00000367705	ENSP00000437659	0.956	True	False	13.1	37.1	True	True	BOTH_EXPRESSED
BCOR	CBX4	ENSP00000367705	ENSP00000269397	0.956	True	False	13.1	11.4	True	True	BOTH_EXPRESSED
PRPF6	BUD13	ENSP00000266079	ENSP00000260210	0.956	True	False	33.8	9.8	True	True	BOTH_EXPRESSED
CC2D2A	TMEM17	ENSP00000403465	ENSP00000335094	0.956	True	False	78.4	3.7	True	True	BOTH_EXPRESSED
INPP5E	ARL13B	ENSP00000360777	ENSP00000377769	0.956	True	False	6.9	16.8	True	True	BOTH_EXPRESSED
RPE65	RDH10	ENSP00000262340	ENSP00000240285	0.955	True	False	7.8	79.9	True	True	BOTH_EXPRESSED
IMPDH1	HPRT1	ENSP00000345096	ENSP00000298556	0.955	True	False	98.6	69.4	True	True	BOTH_EXPRESSED
PRPF8	NCBP2	ENSP00000460348	ENSP00000326806	0.955	True	False	76.4	42.8	True	True	BOTH_EXPRESSED
PRPF6	AAR2	ENSP00000266079	ENSP00000363043	0.955	True	False	33.8	6.9	True	True	BOTH_EXPRESSED
CREB3	CREB1	ENSP00000342136	ENSP00000387699	0.955	True	False	21.7	16.5	True	True	BOTH_EXPRESSED
PRPF4	RBMX2	ENSP00000363313	ENSP00000339090	0.955	True	False	12.1	10.3	True	True	BOTH_EXPRESSED
PRPF31	SNIP1	ENSP00000324122	ENSP00000296215	0.955	True	False	7.6	3.6	True	True	BOTH_EXPRESSED
KIAA1549	BRAF	ENSP00000416040	ENSP00000419060	0.954	True	False	5.3	15.7	True	True	BOTH_EXPRESSED
NRL	NR2E3	ENSP00000454062	ENSP00000482504	0.954	True	True	294.2	121.9	True	True	BOTH_EXPRESSED
IFT140	IFT52	ENSP00000406012	ENSP00000362121	0.953	True	False	5.9	14.0	True	True	BOTH_EXPRESSED
IFT140	IFT88	ENSP00000406012	ENSP00000323580	0.953	True	False	5.9	30.2	True	True	BOTH_EXPRESSED
DHDDS	PDSS2	ENSP00000353104	ENSP00000358033	0.953	True	False	30.3	5.6	True	True	BOTH_EXPRESSED
PRPF8	SF3B6	ENSP00000460348	ENSP00000233468	0.953	True	False	76.4	59.6	True	True	BOTH_EXPRESSED
PRPF3	SNRNP70	ENSP00000315379	ENSP00000472998	0.953	True	False	40.3	17.2	True	True	BOTH_EXPRESSED
PRPF6	RBM42	ENSP00000266079	ENSP00000262633	0.953	True	False	33.8	8.5	True	True	BOTH_EXPRESSED
IMPDH1	NT5E	ENSP00000345096	ENSP00000257770	0.953	True	False	98.6	87.4	True	True	BOTH_EXPRESSED
TMEM216	TMEM17	ENSP00000334844	ENSP00000335094	0.952	True	False	10.8	3.7	True	True	BOTH_EXPRESSED
CC2D2A	NPHP1	ENSP00000403465	ENSP00000313169	0.952	True	False	78.4	10.0	True	True	BOTH_EXPRESSED
TOPORS	TP53	ENSP00000353735	ENSP00000269305	0.952	True	False	10.6	3.8	True	True	BOTH_EXPRESSED
CLN3	MFSD8	ENSP00000454229	ENSP00000493218	0.952	True	False	3.0	4.5	True	True	BOTH_EXPRESSED
FAM161A	POC1B	ENSP00000385158	ENSP00000323302	0.952	True	False	26.9	5.1	True	True	BOTH_EXPRESSED
PDSS1	FDFT1	ENSP00000365388	ENSP00000491537	0.952	True	False	1.7	5.0	True	True	BOTH_EXPRESSED
PRPF8	PPIL2	ENSP00000460348	ENSP00000486725	0.952	True	False	76.4	8.4	True	True	BOTH_EXPRESSED
CLRN1	MYO7A	ENSP00000329158	ENSP00000386331	0.951	True	False	11.8	25.4	True	True	BOTH_EXPRESSED
SPATA7	RPGRIP1	ENSP00000377176	ENSP00000382895	0.951	True	False	9.4	171.2	True	True	BOTH_EXPRESSED
ARHGEF18	STK11	ENSP00000482647	ENSP00000324856	0.951	True	False	4.6	5.3	True	True	BOTH_EXPRESSED
PRPF8	C9orf78	ENSP00000460348	ENSP00000361524	0.951	True	False	76.4	19.1	True	True	BOTH_EXPRESSED
LRAT	RBP1	ENSP00000337224	ENSP00000232219	0.951	True	False	0.9	21.6	True	True	BOTH_EXPRESSED
HK1	MPI	ENSP00000494664	ENSP00000318318	0.951	True	False	141.7	31.2	True	True	BOTH_EXPRESSED
CREB3	ATF2	ENSP00000342136	ENSP00000264110	0.95	True	False	21.7	19.6	True	True	BOTH_EXPRESSED
DHDDS	FNTB	ENSP00000353104	ENSP00000246166	0.95	True	False	30.3	5.7	True	True	BOTH_EXPRESSED
GNAT1	GNAT2	ENSP00000232461	ENSP00000251337	0.95	True	False	1040.7	73.0	True	True	BOTH_EXPRESSED
PRPF4	DHX16	ENSP00000363313	ENSP00000365625	0.95	True	False	12.1	13.3	True	True	BOTH_EXPRESSED
LRAT	DHRS3	ENSP00000337224	ENSP00000480439	0.95	True	False	0.9	7.9	True	True	BOTH_EXPRESSED
HK1	FBP1	ENSP00000494664	ENSP00000408025	0.95	True	False	141.7	0.5	True	True	BOTH_EXPRESSED
RDH12	BCO1	ENSP00000449079	ENSP00000258168	0.95	True	False	206.6	0.2	True	True	BOTH_EXPRESSED
LRAT	RETSAT	ENSP00000337224	ENSP00000295802	0.949	True	False	0.9	8.8	True	True	BOTH_EXPRESSED
PRPF3	SRRM2	ENSP00000315379	ENSP00000301740	0.949	True	False	40.3	67.1	True	True	BOTH_EXPRESSED
MERTK	TULP1	ENSP00000295408	ENSP00000229771	0.949	True	True	15.4	194.3	True	True	BOTH_EXPRESSED
CREB3	EP300	ENSP00000342136	ENSP00000263253	0.949	True	False	21.7	16.1	True	True	BOTH_EXPRESSED
BBS1	ARL6	ENSP00000317469	ENSP00000419619	0.948	True	True	19.9	35.2	True	True	BOTH_EXPRESSED
DYNC2H1	DYNC1LI2	ENSP00000497174	ENSP00000258198	0.948	True	False	9.5	34.6	True	True	BOTH_EXPRESSED
PRPF3	CWC27	ENSP00000315379	ENSP00000370460	0.948	True	False	40.3	11.7	True	True	BOTH_EXPRESSED
IFT140	IFT81	ENSP00000406012	ENSP00000242591	0.948	True	False	5.9	21.3	True	True	BOTH_EXPRESSED
RPGR	NPHP1	ENSP00000495537	ENSP00000313169	0.948	True	False	11.2	10.0	True	True	BOTH_EXPRESSED
PRPF8	SRSF1	ENSP00000460348	ENSP00000258962	0.948	True	False	76.4	56.0	True	True	BOTH_EXPRESSED
PRPF8	MAGOH	ENSP00000460348	ENSP00000360525	0.948	True	False	76.4	31.8	True	True	BOTH_EXPRESSED
PRPF8	SRRM1	ENSP00000460348	ENSP00000326261	0.948	True	False	76.4	49.3	True	True	BOTH_EXPRESSED
SNRNP200	M0R3G1_HUMAN	ENSP00000317123	ENSP00000473200	0.948	True	False	62.7		True	False	UNKNOWN
USH2A	CDH23	ENSP00000305941	ENSP00000224721	0.947	True	False	17.8	13.4	True	True	BOTH_EXPRESSED
PRPF31	CWC27	ENSP00000324122	ENSP00000370460	0.947	True	False	7.6	11.7	True	True	BOTH_EXPRESSED
PDSS1	NUS1	ENSP00000365388	ENSP00000357480	0.947	True	False	1.7	11.6	True	True	BOTH_EXPRESSED
PDE6B	GNGT1	ENSP00000420295	ENSP00000248572	0.947	True	False	357.2	1760.3	True	True	BOTH_EXPRESSED
CREB3	CREB3L1	ENSP00000342136	ENSP00000481956	0.947	True	False	21.7	0.0	True	True	BELOW_THRESHOLD
PRPF6	CWC27	ENSP00000266079	ENSP00000370460	0.947	True	False	33.8	11.7	True	True	BOTH_EXPRESSED
COQ8B	COQ9	ENSP00000315118	ENSP00000262507	0.947	True	False	1.2	10.9	True	True	BOTH_EXPRESSED
POMGNT1	B4GALT1	ENSP00000361060	ENSP00000369055	0.946	True	False	10.1	24.3	True	True	BOTH_EXPRESSED
LRAT	RDH16	ENSP00000337224	ENSP00000381206	0.946	True	False	0.9	0.4	True	True	BOTH_EXPRESSED
RHO	GNAI1	ENSP00000296271	ENSP00000497260	0.946	True	False	3767.6	1.4	True	True	BOTH_EXPRESSED
DYNC2H1	DYNC1LI1	ENSP00000497174	ENSP00000273130	0.946	True	False	9.5	36.8	True	True	BOTH_EXPRESSED
HK1	PGM2	ENSP00000494664	ENSP00000371393	0.945	True	False	141.7	16.9	True	True	BOTH_EXPRESSED
PDE6G	GNB1	ENSP00000328412	ENSP00000367872	0.945	True	False	1904.6	2147.2	True	True	BOTH_EXPRESSED
CREB3	CREBZF	ENSP00000342136	ENSP00000433459	0.945	True	False	21.7	22.6	True	True	BOTH_EXPRESSED
PRPF4	SNRNP27	ENSP00000363313	ENSP00000244227	0.945	True	False	12.1	23.5	True	True	BOTH_EXPRESSED
PDE6A	GNB1	ENSP00000255266	ENSP00000367872	0.945	True	False	1001.0	2147.2	True	True	BOTH_EXPRESSED
GUCY2D	RPGRIP1	ENSP00000254854	ENSP00000382895	0.945	True	False	31.7	171.2	True	True	BOTH_EXPRESSED
RHO	ARRB2	ENSP00000296271	ENSP00000403701	0.945	True	False	3767.6	15.7	True	True	BOTH_EXPRESSED
DHX38	EIF4A3	ENSP00000268482	ENSP00000497641	0.945	True	False	12.3	30.0	True	True	BOTH_EXPRESSED
IMPDH1	TPMT	ENSP00000345096	ENSP00000312304	0.945	True	False	98.6	12.1	True	True	BOTH_EXPRESSED
IFT172	IFT122	ENSP00000260570	ENSP00000296266	0.945	True	False	5.3	0.9	True	True	BOTH_EXPRESSED
INPP5E	PIP5K1B	ENSP00000360777	ENSP00000265382	0.944	True	False	6.9	35.2	True	True	BOTH_EXPRESSED
PRPF31	SNRNP40	ENSP00000324122	ENSP00000263694	0.944	True	False	7.6	17.7	True	True	BOTH_EXPRESSED
PRPF31	RUVBL2	ENSP00000324122	ENSP00000473172	0.944	True	False	7.6	13.9	True	True	BOTH_EXPRESSED
RP1L1	MSRA	ENSP00000371923	ENSP00000313921	0.944	True	False	41.0	0.5	True	True	BOTH_EXPRESSED
HK1	GNPDA1	ENSP00000494664	ENSP00000423674	0.944	True	False	141.7	16.4	True	True	BOTH_EXPRESSED
LRAT	DHRS9	ENSP00000337224	ENSP00000389241	0.944	True	False	0.9	1.2	True	True	BOTH_EXPRESSED
GUCA1A	GUCA1B	ENSP00000053469	ENSP00000230361	0.944	True	False	703.2	432.4	True	True	BOTH_EXPRESSED
PRPF8	PPWD1	ENSP00000460348	ENSP00000261308	0.943	True	False	76.4	13.6	True	True	BOTH_EXPRESSED
PRPF6	CWC22	ENSP00000266079	ENSP00000387006	0.943	True	False	33.8	11.5	True	True	BOTH_EXPRESSED
PDSS1	FNTB	ENSP00000365388	ENSP00000246166	0.943	True	False	1.7	5.7	True	True	BOTH_EXPRESSED
DHDDS	FNTA	ENSP00000353104	ENSP00000303423	0.943	True	False	30.3	31.4	True	True	BOTH_EXPRESSED
AIPL1	RPGRIP1	ENSP00000370521	ENSP00000382895	0.943	True	False	775.1	171.2	True	True	BOTH_EXPRESSED
RDH12	CYP26A1	ENSP00000449079	ENSP00000224356	0.943	True	False	206.6	0.5	True	True	BOTH_EXPRESSED
HK1	G6PC3	ENSP00000494664	ENSP00000269097	0.943	True	False	141.7	12.1	True	True	BOTH_EXPRESSED
INPP5E	INPP4A	ENSP00000360777	ENSP00000074304	0.943	True	False	6.9	8.4	True	True	BOTH_EXPRESSED
PRPF4	SART3	ENSP00000363313	ENSP00000449386	0.943	True	False	12.1	18.8	True	True	BOTH_EXPRESSED
DHX38	DDX39B	ENSP00000268482	ENSP00000416269	0.943	True	False	12.3	31.8	True	True	BOTH_EXPRESSED
BBS1	RAB8A	ENSP00000317469	ENSP00000300935	0.943	True	False	19.9	8.1	True	True	BOTH_EXPRESSED
HK1	H6PD	ENSP00000494664	ENSP00000473348	0.943	True	False	141.7	3.9	True	True	BOTH_EXPRESSED
BCOR	CBX2	ENSP00000367705	ENSP00000308750	0.942	True	False	13.1	0.4	True	True	BOTH_EXPRESSED
HK1	G6PC2	ENSP00000494664	ENSP00000364512	0.942	True	False	141.7	11.4	True	True	BOTH_EXPRESSED
PRPF4	CWC27	ENSP00000363313	ENSP00000370460	0.941	True	False	12.1	11.7	True	True	BOTH_EXPRESSED
PDSS1	FNTA	ENSP00000365388	ENSP00000303423	0.941	True	False	1.7	31.4	True	True	BOTH_EXPRESSED
SNRNP200	MAGOH	ENSP00000317123	ENSP00000360525	0.941	True	False	62.7	31.8	True	True	BOTH_EXPRESSED
PRPF3	SNRNP27	ENSP00000315379	ENSP00000244227	0.941	True	False	40.3	23.5	True	True	BOTH_EXPRESSED
IMPDH1	NT5C	ENSP00000345096	ENSP00000245552	0.941	True	False	98.6	8.1	True	True	BOTH_EXPRESSED
HK1	G6PC	ENSP00000494664	ENSP00000253801	0.941	True	False	141.7		True	False	UNKNOWN
HK1	PMM2	ENSP00000494664	ENSP00000268261	0.941	True	False	141.7	1.3	True	True	BOTH_EXPRESSED
AHI1	RPGRIP1L	ENSP00000265602	ENSP00000493946	0.941	True	False	25.2	2.6	True	True	BOTH_EXPRESSED
TMEM216	NPHP1	ENSP00000334844	ENSP00000313169	0.94	True	False	10.8	10.0	True	True	BOTH_EXPRESSED
SNRNP200	PRPF4B	ENSP00000317123	ENSP00000337194	0.94	True	False	62.7	14.8	True	True	BOTH_EXPRESSED
CREB3	PPARGC1A	ENSP00000342136	ENSP00000264867	0.94	True	False	21.7	3.9	True	True	BOTH_EXPRESSED
CREB3	ATF4	ENSP00000342136	ENSP00000336790	0.94	True	False	21.7	460.9	True	True	BOTH_EXPRESSED
FAM161A	POC5	ENSP00000385158	ENSP00000410216	0.94	True	False	26.9	27.0	True	True	BOTH_EXPRESSED
HK1	GNPNAT1	ENSP00000494664	ENSP00000216410	0.939	True	False	141.7	5.2	True	True	BOTH_EXPRESSED
SNRNP200	SNRPC	ENSP00000317123	ENSP00000244520	0.939	True	False	62.7	36.8	True	True	BOTH_EXPRESSED
SNRNP200	TXNL4B	ENSP00000317123	ENSP00000268483	0.939	True	False	62.7	6.2	True	True	BOTH_EXPRESSED
CEP250	NIN	ENSP00000380661	ENSP00000371472	0.939	True	False	9.2	16.7	True	True	BOTH_EXPRESSED
POMGNT1	B4GALT3	ENSP00000361060	ENSP00000480428	0.939	True	False	10.1	7.5	True	True	BOTH_EXPRESSED
INPP5E	PIP5K1C	ENSP00000360777	ENSP00000466363	0.939	True	False	6.9	12.3	True	True	BOTH_EXPRESSED
HK1	ALDOA	ENSP00000494664	ENSP00000496166	0.939	True	False	141.7	431.9	True	True	BOTH_EXPRESSED
TOPORS	TOP1	ENSP00000353735	ENSP00000354522	0.939	True	False	10.6	23.9	True	True	BOTH_EXPRESSED
HK1	GNPDA2	ENSP00000494664	ENSP00000295448	0.938	True	False	141.7	17.1	True	True	BOTH_EXPRESSED
HK1	SORD	ENSP00000494664	ENSP00000267814	0.938	True	False	141.7	4.4	True	True	BOTH_EXPRESSED
USH2A	MYO7A	ENSP00000305941	ENSP00000386331	0.938	True	False	17.8	25.4	True	True	BOTH_EXPRESSED
KLHL7	RBX1	ENSP00000343273	ENSP00000216225	0.938	True	False	13.9	43.0	True	True	BOTH_EXPRESSED
PDE6B	GNB1	ENSP00000420295	ENSP00000367872	0.938	True	False	357.2	2147.2	True	True	BOTH_EXPRESSED
IFT172	IFT140	ENSP00000260570	ENSP00000406012	0.937	True	True	5.3	5.9	True	True	BOTH_EXPRESSED
INPP5E	INPP4B	ENSP00000360777	ENSP00000422793	0.937	True	False	6.9	1.6	True	True	BOTH_EXPRESSED
ARHGEF18	PATJ	ENSP00000482647	ENSP00000494277	0.937	True	False	4.6	14.5	True	True	BOTH_EXPRESSED
CRX	RHO	ENSP00000221996	ENSP00000296271	0.937	True	True	202.2	3767.6	True	True	BOTH_EXPRESSED
HK1	G6PD	ENSP00000494664	ENSP00000377192	0.937	True	False	141.7	22.5	True	True	BOTH_EXPRESSED
IMPDH1	NT5C2	ENSP00000345096	ENSP00000339479	0.937	True	False	98.6	43.8	True	True	BOTH_EXPRESSED
HK1	ADPGK	ENSP00000494664	ENSP00000312250	0.936	True	False	141.7	5.0	True	True	BOTH_EXPRESSED
COQ8B	PDSS1	ENSP00000315118	ENSP00000365388	0.936	True	True	1.2	1.7	True	True	BOTH_EXPRESSED
INPP5E	OCRL	ENSP00000360777	ENSP00000360154	0.936	True	False	6.9	11.3	True	True	BOTH_EXPRESSED
RDH12	RDH5	ENSP00000449079	ENSP00000257895	0.936	True	False	206.6	3.0	True	True	BOTH_EXPRESSED
COQ2	UBIAD1	ENSP00000310873	ENSP00000366006	0.936	True	False	3.7	7.4	True	True	BOTH_EXPRESSED
IFT140	IFT20	ENSP00000406012	ENSP00000464443	0.936	True	False	5.9	24.7	True	True	BOTH_EXPRESSED
PRPF4	RBM42	ENSP00000363313	ENSP00000262633	0.936	True	False	12.1	8.5	True	True	BOTH_EXPRESSED
TMEM216	TMEM138	ENSP00000334844	ENSP00000278826	0.936	True	False	10.8	52.8	True	True	BOTH_EXPRESSED
CLN3	HOOK1	ENSP00000454229	ENSP00000360252	0.936	True	False	3.0	46.7	True	True	BOTH_EXPRESSED
HK1	GFPT1	ENSP00000494664	ENSP00000349860	0.936	True	False	141.7	9.7	True	True	BOTH_EXPRESSED
RHO	PRPH2	ENSP00000296271	ENSP00000230381	0.935	True	True	3767.6	594.9	True	True	BOTH_EXPRESSED
IMPDH1	NT5M	ENSP00000345096	ENSP00000373674	0.935	True	False	98.6	0.4	True	True	BOTH_EXPRESSED
IFT172	WDR19	ENSP00000260570	ENSP00000382717	0.935	True	False	5.3	12.0	True	True	BOTH_EXPRESSED
PRPF31	SART3	ENSP00000324122	ENSP00000449386	0.935	True	False	7.6	18.8	True	True	BOTH_EXPRESSED
PRPF8	NCBP1	ENSP00000460348	ENSP00000364289	0.935	True	False	76.4	28.1	True	True	BOTH_EXPRESSED
RDH12	RETSAT	ENSP00000449079	ENSP00000295802	0.934	True	False	206.6	8.8	True	True	BOTH_EXPRESSED
PRPF8	SNRNP27	ENSP00000460348	ENSP00000244227	0.934	True	False	76.4	23.5	True	True	BOTH_EXPRESSED
SNRNP200	RBM42	ENSP00000317123	ENSP00000262633	0.934	True	False	62.7	8.5	True	True	BOTH_EXPRESSED
PRPF31	TXNL4B	ENSP00000324122	ENSP00000268483	0.933	True	False	7.6	6.2	True	True	BOTH_EXPRESSED
CEP250	NEK2	ENSP00000380661	ENSP00000355966	0.933	True	False	9.2	1.3	True	True	BOTH_EXPRESSED
CC2D2A	ARL13B	ENSP00000403465	ENSP00000377769	0.932	True	False	78.4	16.8	True	True	BOTH_EXPRESSED
PDE6G	PDE5A	ENSP00000328412	ENSP00000347046	0.932	True	False	1904.6	9.8	True	True	BOTH_EXPRESSED
INPP5E	INPP5B	ENSP00000360777	ENSP00000362115	0.932	True	False	6.9	11.6	True	True	BOTH_EXPRESSED
CNGB1	PDE6A	ENSP00000251102	ENSP00000255266	0.932	True	True	557.0	1001.0	True	True	BOTH_EXPRESSED
RDH12	RPE65	ENSP00000449079	ENSP00000262340	0.932	True	True	206.6	7.8	True	True	BOTH_EXPRESSED
USH2A	RNF139	ENSP00000305941	ENSP00000304051	0.932	True	False	17.8	11.5	True	True	BOTH_EXPRESSED
BCOR	PCGF6	ENSP00000367705	ENSP00000358862	0.932	True	False	13.1	2.4	True	True	BOTH_EXPRESSED
CREB3	CREB5	ENSP00000342136	ENSP00000350359	0.932	True	False	21.7	1.2	True	True	BOTH_EXPRESSED
PRPF8	CACTIN	ENSP00000460348	ENSP00000415078	0.932	True	False	76.4	4.3	True	True	BOTH_EXPRESSED
BBS2	RAB3IP	ENSP00000245157	ENSP00000447300	0.932	True	False	12.0	82.0	True	True	BOTH_EXPRESSED
HK1	FBP2	ENSP00000494664	ENSP00000364486	0.932	True	False	141.7	0.0	True	True	BELOW_THRESHOLD
LRAT	ADH1A	ENSP00000337224	ENSP00000209668	0.932	True	False	0.9	0.0	True	True	BELOW_THRESHOLD
PRPF3	CWC22	ENSP00000315379	ENSP00000387006	0.932	True	False	40.3	11.5	True	True	BOTH_EXPRESSED
HK1	GFPT2	ENSP00000494664	ENSP00000253778	0.932	True	False	141.7	2.7	True	True	BOTH_EXPRESSED
GNAT1	GNB2	ENSP00000232461	ENSP00000305260	0.931	True	False	1040.7	18.7	True	True	BOTH_EXPRESSED
RPE65	DGAT1	ENSP00000262340	ENSP00000482264	0.931	True	False	7.8	1.5	True	True	BOTH_EXPRESSED
LRAT	ADH7	ENSP00000337224	ENSP00000420269	0.931	True	False	0.9	0.0	True	True	BELOW_THRESHOLD
PDE6B	CNGA1	ENSP00000420295	ENSP00000384264	0.931	True	True	357.2	244.8	True	True	BOTH_EXPRESSED
POMGNT1	B4GALT2	ENSP00000361060	ENSP00000310696	0.931	True	False	10.1	8.3	True	True	BOTH_EXPRESSED
IDH3B	SUCLG1	ENSP00000482773	ENSP00000377446	0.931	True	False	42.7	35.6	True	True	BOTH_EXPRESSED
INPP5E	PIP4P2	ENSP00000360777	ENSP00000285419	0.93	True	False	6.9	10.1	True	True	BOTH_EXPRESSED
SNRNP200	NCBP1	ENSP00000317123	ENSP00000364289	0.93	True	False	62.7	28.1	True	True	BOTH_EXPRESSED
IMPDH1	GMPR	ENSP00000345096	ENSP00000259727	0.93	True	False	98.6	2.0	True	True	BOTH_EXPRESSED
SPATA7	AIPL1	ENSP00000377176	ENSP00000370521	0.93	True	True	9.4	775.1	True	True	BOTH_EXPRESSED
INPP5E	SYNJ2	ENSP00000360777	ENSP00000347792	0.929	True	False	6.9	2.1	True	True	BOTH_EXPRESSED
CNGA1	PDE6A	ENSP00000384264	ENSP00000255266	0.929	True	True	244.8	1001.0	True	True	BOTH_EXPRESSED
HK1	PMM1	ENSP00000494664	ENSP00000216259	0.929	True	False	141.7	12.7	True	True	BOTH_EXPRESSED
OFD1	PCM1	ENSP00000344314	ENSP00000327077	0.929	True	False	2.3	52.9	True	True	BOTH_EXPRESSED
GUCY2D	RD3	ENSP00000254854	ENSP00000355969	0.929	True	False	31.7	43.8	True	True	BOTH_EXPRESSED
IDH3A	DLST	ENSP00000299518	ENSP00000335304	0.929	True	False	23.8	34.4	True	True	BOTH_EXPRESSED
CC2D2A	TMEM107	ENSP00000403465	ENSP00000314116	0.929	True	False	78.4	27.5	True	True	BOTH_EXPRESSED
AIPL1	CRX	ENSP00000370521	ENSP00000221996	0.928	True	True	775.1	202.2	True	True	BOTH_EXPRESSED
BBS9	RAB3IP	ENSP00000242067	ENSP00000447300	0.928	True	False	20.3	82.0	True	True	BOTH_EXPRESSED
BCOR	PHC2	ENSP00000367705	ENSP00000257118	0.928	True	False	13.1	50.4	True	True	BOTH_EXPRESSED
BCOR	PHC3	ENSP00000367705	ENSP00000420294	0.928	True	False	13.1	38.9	True	True	BOTH_EXPRESSED
GUCY2D	GUCY2F	ENSP00000254854	ENSP00000218006	0.928	True	False	31.7	39.1	True	True	BOTH_EXPRESSED
DHX38	RBM8A	ENSP00000268482	ENSP00000463058	0.928	True	False	12.3	41.8	True	True	BOTH_EXPRESSED
USH2A	PCDH15	ENSP00000305941	ENSP00000363068	0.927	True	False	17.8	57.2	True	True	BOTH_EXPRESSED
USH2A	USH1G	ENSP00000305941	ENSP00000480279	0.927	True	False	17.8	0.7	True	True	BOTH_EXPRESSED
DYNC2H1	DYNC1H1	ENSP00000497174	ENSP00000348965	0.927	True	False	9.5	6.2	True	True	BOTH_EXPRESSED
PRPF3	RNF113A	ENSP00000315379	ENSP00000360497	0.927	True	False	40.3	14.5	True	True	BOTH_EXPRESSED
CNGA1	CALM3	ENSP00000384264	ENSP00000291295	0.927	True	False	244.8	141.0	True	True	BOTH_EXPRESSED
PRPF31	CWC22	ENSP00000324122	ENSP00000387006	0.927	True	False	7.6	11.5	True	True	BOTH_EXPRESSED
COQ8B	COQ4	ENSP00000315118	ENSP00000300452	0.927	True	False	1.2	20.8	True	True	BOTH_EXPRESSED
RP2	UNC119B	ENSP00000218340	ENSP00000344942	0.927	True	False	3.9	18.6	True	True	BOTH_EXPRESSED
INPP5E	PIP4K2A	ENSP00000360777	ENSP00000365757	0.927	True	False	6.9	14.2	True	True	BOTH_EXPRESSED
CREB3	CRTC2	ENSP00000342136	ENSP00000357622	0.926	True	False	21.7	9.3	True	True	BOTH_EXPRESSED
DHX38	SNRPD3	ENSP00000268482	ENSP00000215829	0.926	True	False	12.3	50.0	True	True	BOTH_EXPRESSED
CREB3	ATF6B	ENSP00000342136	ENSP00000364349	0.926	True	False	21.7	7.5	True	True	BOTH_EXPRESSED
HK1	AMDHD2-2	ENSP00000494664	ENSP00000455561	0.926	True	False	141.7		True	False	UNKNOWN
PRPF8	RBM42	ENSP00000460348	ENSP00000262633	0.926	True	False	76.4	8.5	True	True	BOTH_EXPRESSED
PRPF6	SNRNP70	ENSP00000266079	ENSP00000472998	0.926	True	False	33.8	17.2	True	True	BOTH_EXPRESSED
AHI1	HAP1	ENSP00000265602	ENSP00000334002	0.926	True	False	25.2	0.8	True	True	BOTH_EXPRESSED
PRPF8	EAPP	ENSP00000460348	ENSP00000250454	0.926	True	False	76.4	33.9	True	True	BOTH_EXPRESSED
RLBP1	RPE65	ENSP00000268125	ENSP00000262340	0.925	True	True	246.4	7.8	True	True	BOTH_EXPRESSED
CNGA1	CALML3	ENSP00000384264	ENSP00000315299	0.925	True	False	244.8	0.0	True	True	BELOW_THRESHOLD
CNGA1	CALML4	ENSP00000384264	ENSP00000419081	0.925	True	False	244.8	3.1	True	True	BOTH_EXPRESSED
CNGA1	CALML5	ENSP00000384264	ENSP00000369689	0.925	True	False	244.8	0.0	True	True	BELOW_THRESHOLD
INPP5E	PIP4K2C	ENSP00000360777	ENSP00000347032	0.925	True	False	6.9	27.0	True	True	BOTH_EXPRESSED
CNGA1	CALML6	ENSP00000384264	ENSP00000304643	0.925	True	False	244.8	0.2	True	True	BOTH_EXPRESSED
IDH3A	CS	ENSP00000299518	ENSP00000342056	0.925	True	False	23.8	119.5	True	True	BOTH_EXPRESSED
HK1	KHK	ENSP00000494664	ENSP00000260599	0.925	True	False	141.7	1.3	True	True	BOTH_EXPRESSED
DHX38	CWC27	ENSP00000268482	ENSP00000370460	0.924	True	False	12.3	11.7	True	True	BOTH_EXPRESSED
DHX38	U2AF2	ENSP00000268482	ENSP00000307863	0.924	True	False	12.3	34.5	True	True	BOTH_EXPRESSED
RDH12	CYP27C1	ENSP00000449079	ENSP00000334128	0.924	True	False	206.6	0.1	True	True	BOTH_EXPRESSED
RDH12	DGAT1	ENSP00000449079	ENSP00000482264	0.924	True	False	206.6	1.5	True	True	BOTH_EXPRESSED
CREB3	HCFC2	ENSP00000342136	ENSP00000229330	0.924	True	False	21.7	7.4	True	True	BOTH_EXPRESSED
DHX38	TFIP11	ENSP00000268482	ENSP00000384421	0.924	True	False	12.3	12.4	True	True	BOTH_EXPRESSED
PRPF3	SNRPC	ENSP00000315379	ENSP00000244520	0.924	True	False	40.3	36.8	True	True	BOTH_EXPRESSED
RHO	PPEF1	ENSP00000296271	ENSP00000354871	0.924	True	False	3767.6	1.3	True	True	BOTH_EXPRESSED
PRPF31	SNRNP27	ENSP00000324122	ENSP00000244227	0.923	True	False	7.6	23.5	True	True	BOTH_EXPRESSED
PRPF8	M0R3G1_HUMAN	ENSP00000460348	ENSP00000473200	0.923	True	False	76.4		True	False	UNKNOWN
IMPDH1	NT5C1A	ENSP00000345096	ENSP00000235628	0.923	True	False	98.6	0.4	True	True	BOTH_EXPRESSED
CREB3	CREM	ENSP00000342136	ENSP00000265372	0.923	True	False	21.7	20.7	True	True	BOTH_EXPRESSED
SAG	RCVRN	ENSP00000386444	ENSP00000226193	0.923	True	False	1359.9	430.9	True	True	BOTH_EXPRESSED
PRPF4	MAGOHB	ENSP00000363313	ENSP00000319240	0.923	True	False	12.1	3.7	True	True	BOTH_EXPRESSED
GNAT1	GNB4	ENSP00000232461	ENSP00000232564	0.923	True	False	1040.7	1.8	True	True	BOTH_EXPRESSED
KLHL7	KLHL9	ENSP00000343273	ENSP00000351933	0.922	True	False	13.9	16.4	True	True	BOTH_EXPRESSED
CRX	ATXN7	ENSP00000221996	ENSP00000295900	0.922	True	False	202.2	15.1	True	True	BOTH_EXPRESSED
INPP5E	PTEN	ENSP00000360777	ENSP00000361021	0.922	True	False	6.9	23.1	True	True	BOTH_EXPRESSED
SNRNP200	ARMC7	ENSP00000317123	ENSP00000245543	0.922	True	False	62.7	2.5	True	True	BOTH_EXPRESSED
LRAT	SDR16C5	ENSP00000337224	ENSP00000431010	0.922	True	False	0.9	1.0	True	True	BOTH_EXPRESSED
TTC8	BBS12	ENSP00000482306	ENSP00000438273	0.922	True	False	34.7	16.3	True	True	BOTH_EXPRESSED
LRAT	HSD17B6	ENSP00000337224	ENSP00000451406	0.922	True	False	0.9	0.8	True	True	BOTH_EXPRESSED
PRPF8	ARMC7	ENSP00000460348	ENSP00000245543	0.922	True	False	76.4	2.5	True	True	BOTH_EXPRESSED
PRPF31	WDR5	ENSP00000324122	ENSP00000351446	0.922	True	False	7.6	8.4	True	True	BOTH_EXPRESSED
HK1	MGAM	ENSP00000494664	ENSP00000447378	0.922	True	False	141.7	0.0	True	True	BELOW_THRESHOLD
LRAT	DHRS4	ENSP00000337224	ENSP00000326219	0.922	True	False	0.9	3.6	True	True	BOTH_EXPRESSED
PRPF31	RNF113A	ENSP00000324122	ENSP00000360497	0.921	True	False	7.6	14.5	True	True	BOTH_EXPRESSED
DHX38	NCBP1	ENSP00000268482	ENSP00000364289	0.921	True	False	12.3	28.1	True	True	BOTH_EXPRESSED
TULP1	AIPL1	ENSP00000229771	ENSP00000370521	0.921	True	True	194.3	775.1	True	True	BOTH_EXPRESSED
BCOR	CDC16	ENSP00000367705	ENSP00000348554	0.921	True	False	13.1	39.7	True	True	BOTH_EXPRESSED
PRPH2	GUCY2D	ENSP00000230381	ENSP00000254854	0.921	True	True	594.9	31.7	True	True	BOTH_EXPRESSED
KLHL7	ENC1	ENSP00000343273	ENSP00000499185	0.921	True	False	13.9	2.2	True	True	BOTH_EXPRESSED
SNRNP200	SRSF1	ENSP00000317123	ENSP00000258962	0.921	True	False	62.7	56.0	True	True	BOTH_EXPRESSED
PRPF6	RNF113A	ENSP00000266079	ENSP00000360497	0.921	True	False	33.8	14.5	True	True	BOTH_EXPRESSED
KLHL7	GAN	ENSP00000343273	ENSP00000497351	0.921	True	False	13.9	3.0	True	True	BOTH_EXPRESSED
BBS1	CEP290	ENSP00000317469	ENSP00000448012	0.921	True	False	19.9	6.6	True	True	BOTH_EXPRESSED
PRPF8	WDR70	ENSP00000460348	ENSP00000265107	0.92	True	False	76.4	4.9	True	True	BOTH_EXPRESSED
MVK	HMGCS1	ENSP00000228510	ENSP00000322706	0.92	True	False	3.2	31.7	True	True	BOTH_EXPRESSED
LRAT	CYP27C1	ENSP00000337224	ENSP00000334128	0.92	True	False	0.9	0.1	True	True	BOTH_EXPRESSED
INPP5E	SYNJ1	ENSP00000360777	ENSP00000409667	0.92	True	False	6.9	44.8	True	True	BOTH_EXPRESSED
INPP5E	PIP5K1A	ENSP00000360777	ENSP00000357883	0.919	True	False	6.9	27.9	True	True	BOTH_EXPRESSED
RPE65	AWAT2	ENSP00000262340	ENSP00000421172	0.919	True	False	7.8	0.0	True	True	BELOW_THRESHOLD
PRPF31	SRRM2	ENSP00000324122	ENSP00000301740	0.919	True	False	7.6	67.1	True	True	BOTH_EXPRESSED
GUCY2D	PDE6B	ENSP00000254854	ENSP00000420295	0.919	True	True	31.7	357.2	True	True	BOTH_EXPRESSED
TTC8	BBS10	ENSP00000482306	ENSP00000497413	0.919	True	False	34.7	10.5	True	True	BOTH_EXPRESSED
LRAT	ADH1C	ENSP00000337224	ENSP00000426083	0.919	True	False	0.9	0.0	True	True	BELOW_THRESHOLD
BCOR	PCGF3	ENSP00000367705	ENSP00000354724	0.919	True	False	13.1	12.8	True	True	BOTH_EXPRESSED
RPGR	IFT88	ENSP00000495537	ENSP00000323580	0.919	True	False	11.2	30.2	True	True	BOTH_EXPRESSED
DHX38	SNRPD1	ENSP00000268482	ENSP00000300413	0.919	True	False	12.3	30.6	True	True	BOTH_EXPRESSED
TMEM216	ARL13B	ENSP00000334844	ENSP00000377769	0.919	True	False	10.8	16.8	True	True	BOTH_EXPRESSED
SNRNP200	SNRNP27	ENSP00000317123	ENSP00000244227	0.919	True	False	62.7	23.5	True	True	BOTH_EXPRESSED
MERTK	LGALS3	ENSP00000295408	ENSP00000254301	0.918	True	False	15.4	63.2	True	True	BOTH_EXPRESSED
LRAT	ADH5	ENSP00000337224	ENSP00000296412	0.918	True	False	0.9	32.8	True	True	BOTH_EXPRESSED
CRB1	CRB2	ENSP00000356370	ENSP00000362734	0.918	True	False	69.2	7.5	True	True	BOTH_EXPRESSED
COQ2	COQ3	ENSP00000310873	ENSP00000254759	0.918	True	False	3.7	11.0	True	True	BOTH_EXPRESSED
CREB3	MAPK1	ENSP00000342136	ENSP00000215832	0.918	True	False	21.7	28.1	True	True	BOTH_EXPRESSED
TULP1	RPE65	ENSP00000229771	ENSP00000262340	0.918	True	True	194.3	7.8	True	True	BOTH_EXPRESSED
INPP5E	PIP4P1	ENSP00000360777	ENSP00000381102	0.918	True	False	6.9	24.2	True	True	BOTH_EXPRESSED
CFAP20	TBP	ENSP00000262498	ENSP00000230354	0.918	True	False	26.4	8.2	True	True	BOTH_EXPRESSED
LRAT	ADH4	ENSP00000337224	ENSP00000424630	0.917	True	False	0.9	0.7	True	True	BOTH_EXPRESSED
HK1	GCK	ENSP00000494664	ENSP00000223366	0.917	True	False	141.7	0.8	True	True	BOTH_EXPRESSED
CDHR1	PROM1	ENSP00000485478	ENSP00000426809	0.917	True	False	291.2	252.8	True	True	BOTH_EXPRESSED
PRPF6	MAGOHB	ENSP00000266079	ENSP00000319240	0.917	True	False	33.8	3.7	True	True	BOTH_EXPRESSED
KLHL7	KLHL13	ENSP00000343273	ENSP00000419803	0.917	True	False	13.9	3.9	True	True	BOTH_EXPRESSED
KLHL7	KLHL12	ENSP00000343273	ENSP00000356230	0.917	True	False	13.9	22.8	True	True	BOTH_EXPRESSED
CREB3	CREBBP	ENSP00000342136	ENSP00000262367	0.917	True	False	21.7	12.8	True	True	BOTH_EXPRESSED
BBS1	SSTR3	ENSP00000317469	ENSP00000480971	0.917	True	False	19.9	0.2	True	True	BOTH_EXPRESSED
COQ8B	COQ5	ENSP00000315118	ENSP00000288532	0.917	True	True	1.2	24.3	True	True	BOTH_EXPRESSED
PDE6B	RD3	ENSP00000420295	ENSP00000355969	0.917	True	False	357.2	43.8	True	True	BOTH_EXPRESSED
HK1	SI	ENSP00000494664	ENSP00000264382	0.917	True	False	141.7	0.0	True	True	BELOW_THRESHOLD
RPE65	RHO	ENSP00000262340	ENSP00000296271	0.916	True	True	7.8	3767.6	True	True	BOTH_EXPRESSED
PRPF4	CWC22	ENSP00000363313	ENSP00000387006	0.916	True	False	12.1	11.5	True	True	BOTH_EXPRESSED
PDSS1	COQ4	ENSP00000365388	ENSP00000300452	0.916	True	False	1.7	20.8	True	True	BOTH_EXPRESSED
OFD1	FOPNL	ENSP00000344314	ENSP00000461830	0.916	True	False	2.3		True	False	UNKNOWN
HK1	MGAM2	ENSP00000494664	ENSP00000420449	0.916	True	False	141.7	0.0	True	True	BELOW_THRESHOLD
SPATA7	RDH12	ENSP00000377176	ENSP00000449079	0.916	True	True	9.4	206.6	True	True	BOTH_EXPRESSED
PDE6G	GUK1	ENSP00000328412	ENSP00000355689	0.916	True	False	1904.6	36.3	True	True	BOTH_EXPRESSED
PRPF3	U2AF2	ENSP00000315379	ENSP00000307863	0.916	True	False	40.3	34.5	True	True	BOTH_EXPRESSED
KLHL7	KLHL20	ENSP00000343273	ENSP00000209884	0.916	True	False	13.9	8.3	True	True	BOTH_EXPRESSED
PRPF6	SNRNP27	ENSP00000266079	ENSP00000244227	0.916	True	False	33.8	23.5	True	True	BOTH_EXPRESSED
COQ8B	COQ2	ENSP00000315118	ENSP00000310873	0.915	True	True	1.2	3.7	True	True	BOTH_EXPRESSED
PDE6A	GUK1	ENSP00000255266	ENSP00000355689	0.915	True	False	1001.0	36.3	True	True	BOTH_EXPRESSED
KLHL7	KLHL21	ENSP00000343273	ENSP00000366886	0.915	True	False	13.9	6.9	True	True	BOTH_EXPRESSED
KLHL7	KEAP1	ENSP00000343273	ENSP00000377245	0.915	True	False	13.9	15.2	True	True	BOTH_EXPRESSED
KLHL7	KBTBD8	ENSP00000343273	ENSP00000401878	0.915	True	False	13.9	1.2	True	True	BOTH_EXPRESSED
CREB3	MAPK3	ENSP00000342136	ENSP00000263025	0.915	True	False	21.7	66.4	True	True	BOTH_EXPRESSED
IMPDH1	NT5C1B	ENSP00000345096	ENSP00000352904	0.915	True	False	98.6	0.1	True	True	BOTH_EXPRESSED
CFAP20	PACRG	ENSP00000262498	ENSP00000337946	0.915	True	False	26.4	5.8	True	True	BOTH_EXPRESSED
IMPDH1	NT5C1B-RDH14	ENSP00000345096	ENSP00000433415	0.915	True	False	98.6	0.0	True	True	BELOW_THRESHOLD
IFT172	TTC21B	ENSP00000260570	ENSP00000243344	0.914	True	False	5.3	6.9	True	True	BOTH_EXPRESSED
POMGNT1	LARGE1	ENSP00000361060	ENSP00000347088	0.914	True	False	10.1	12.3	True	True	BOTH_EXPRESSED
RDH12	AOX1	ENSP00000449079	ENSP00000363832	0.914	True	False	206.6	0.5	True	True	BOTH_EXPRESSED
CRX	RCVRN	ENSP00000221996	ENSP00000226193	0.914	True	False	202.2	430.9	True	True	BOTH_EXPRESSED
KLHL7	KLHL3	ENSP00000343273	ENSP00000312397	0.914	True	False	13.9	7.1	True	True	BOTH_EXPRESSED
HK1	GALM	ENSP00000494664	ENSP00000272252	0.914	True	False	141.7	4.0	True	True	BOTH_EXPRESSED
INPP5E	PIK3C2A	ENSP00000360777	ENSP00000265970	0.914	True	False	6.9	19.1	True	True	BOTH_EXPRESSED
KLHL7	KLHL25	ENSP00000343273	ENSP00000336800	0.914	True	False	13.9	0.8	True	True	BOTH_EXPRESSED
CLN3	DNAJC5	ENSP00000454229	ENSP00000354111	0.914	True	False	3.0	26.1	True	True	BOTH_EXPRESSED
LRAT	ADH1B	ENSP00000337224	ENSP00000306606	0.913	True	False	0.9	0.1	True	True	BOTH_EXPRESSED
COQ5	PDSS1	ENSP00000288532	ENSP00000365388	0.913	True	True	24.3	1.7	True	True	BOTH_EXPRESSED
DHX38	MAGOH	ENSP00000268482	ENSP00000360525	0.913	True	False	12.3	31.8	True	True	BOTH_EXPRESSED
PDE6B	GUK1	ENSP00000420295	ENSP00000355689	0.913	True	False	357.2	36.3	True	True	BOTH_EXPRESSED
KLHL7	KLHL42	ENSP00000343273	ENSP00000370671	0.912	True	False	13.9	12.9	True	True	BOTH_EXPRESSED
INPP5E	PIP4K2B	ENSP00000360777	ENSP00000482548	0.912	True	False	6.9	33.4	True	True	BOTH_EXPRESSED
LRAT	RBP2	ENSP00000337224	ENSP00000232217	0.912	True	False	0.9	2.0	True	True	BOTH_EXPRESSED
KLHL7	KLHL41	ENSP00000343273	ENSP00000284669	0.912	True	False	13.9	15.0	True	True	BOTH_EXPRESSED
HK1	GAA	ENSP00000494664	ENSP00000305692	0.912	True	False	141.7	6.1	True	True	BOTH_EXPRESSED
DHX38	SNRPD2	ENSP00000268482	ENSP00000342374	0.912	True	False	12.3	112.0	True	True	BOTH_EXPRESSED
COQ2	COQ4	ENSP00000310873	ENSP00000300452	0.912	True	False	3.7	20.8	True	True	BOTH_EXPRESSED
PRPF4	SRRM2	ENSP00000363313	ENSP00000301740	0.912	True	False	12.1	67.1	True	True	BOTH_EXPRESSED
INPP5E	PIK3C2B	ENSP00000360777	ENSP00000356155	0.912	True	False	6.9	2.5	True	True	BOTH_EXPRESSED
KLHL7	KLHL8	ENSP00000343273	ENSP00000273963	0.912	True	False	13.9	25.2	True	True	BOTH_EXPRESSED
KLHL7	KLHL22	ENSP00000343273	ENSP00000331682	0.912	True	False	13.9	14.2	True	True	BOTH_EXPRESSED
BCOR	BRCC3	ENSP00000367705	ENSP00000358474	0.912	True	False	13.1	11.6	True	True	BOTH_EXPRESSED
SAG	GRK2	ENSP00000386444	ENSP00000312262	0.911	True	False	1359.9	7.4	True	True	BOTH_EXPRESSED
RDH12	PNPLA4	ENSP00000449079	ENSP00000370430	0.911	True	False	206.6	15.5	True	True	BOTH_EXPRESSED
AHI1	ARL13B	ENSP00000265602	ENSP00000377769	0.911	True	False	25.2	16.8	True	True	BOTH_EXPRESSED
DHX38	DHX8	ENSP00000268482	ENSP00000262415	0.911	True	False	12.3	14.6	True	True	BOTH_EXPRESSED
MVK	FDPS	ENSP00000228510	ENSP00000349078	0.911	True	False	3.2	42.6	True	True	BOTH_EXPRESSED
PRPF31	MCRS1	ENSP00000324122	ENSP00000349640	0.911	True	False	7.6	16.0	True	True	BOTH_EXPRESSED
KLHL7	LZTR1	ENSP00000343273	ENSP00000496779	0.911	True	False	13.9	3.2	True	True	BOTH_EXPRESSED
CREB3	GSK3B	ENSP00000342136	ENSP00000324806	0.911	True	False	21.7	21.9	True	True	BOTH_EXPRESSED
CYP4V2	POR	ENSP00000368079	ENSP00000419970	0.911	True	False	13.1	11.8	True	True	BOTH_EXPRESSED
IFT140	IFT22	ENSP00000406012	ENSP00000320359	0.911	True	False	5.9	38.4	True	True	BOTH_EXPRESSED
CEP250	FKBP1A	ENSP00000380661	ENSP00000383003	0.911	True	False	9.2	11.0	True	True	BOTH_EXPRESSED
PRPF6	DDX39B	ENSP00000266079	ENSP00000416269	0.911	True	False	33.8	31.8	True	True	BOTH_EXPRESSED
CLN3	TPP1	ENSP00000454229	ENSP00000299427	0.911	True	False	3.0	46.1	True	True	BOTH_EXPRESSED
LRAT	ADH6	ENSP00000337224	ENSP00000378359	0.911	True	False	0.9	0.0	True	True	BELOW_THRESHOLD
DHX38	MAGOHB	ENSP00000268482	ENSP00000319240	0.91	True	False	12.3	3.7	True	True	BOTH_EXPRESSED
IDH3A	GLUD1	ENSP00000299518	ENSP00000277865	0.91	True	False	23.8	73.4	True	True	BOTH_EXPRESSED
BBS1	MCHR1	ENSP00000317469	ENSP00000249016	0.91	True	False	19.9	1.7	True	True	BOTH_EXPRESSED
DHX38	SNRPE	ENSP00000268482	ENSP00000400591	0.91	True	False	12.3	35.0	True	True	BOTH_EXPRESSED
PRPF31	MAGOHB	ENSP00000324122	ENSP00000319240	0.91	True	False	7.6	3.7	True	True	BOTH_EXPRESSED
GUCA1A	GUCA1C	ENSP00000053469	ENSP00000261047	0.909	True	False	703.2	274.8	True	True	BOTH_EXPRESSED
PDE6B	HPRT1	ENSP00000420295	ENSP00000298556	0.909	True	False	357.2	69.4	True	True	BOTH_EXPRESSED
BCOR	ANAPC4	ENSP00000367705	ENSP00000426654	0.909	True	False	13.1	15.4	True	True	BOTH_EXPRESSED
CLRN1	USH1C	ENSP00000329158	ENSP00000005226	0.909	True	False	11.8	17.6	True	True	BOTH_EXPRESSED
IMPDH1	ENTPD6	ENSP00000345096	ENSP00000365840	0.909	True	False	98.6	14.6	True	True	BOTH_EXPRESSED
RHO	SRP54	ENSP00000296271	ENSP00000451818	0.909	True	False	3767.6	22.5	True	True	BOTH_EXPRESSED
RHO	GNG2	ENSP00000296271	ENSP00000334448	0.908	True	False	3767.6	12.7	True	True	BOTH_EXPRESSED
PDE6B	GMPR	ENSP00000420295	ENSP00000259727	0.908	True	False	357.2	2.0	True	True	BOTH_EXPRESSED
RHO	GRK2	ENSP00000296271	ENSP00000312262	0.908	True	False	3767.6	7.4	True	True	BOTH_EXPRESSED
IDH3B	GOT2	ENSP00000482773	ENSP00000245206	0.908	True	False	42.7	84.7	True	True	BOTH_EXPRESSED
BCOR	ANAPC2	ENSP00000367705	ENSP00000314004	0.908	True	False	13.1	4.0	True	True	BOTH_EXPRESSED
CEP250	CROCC	ENSP00000380661	ENSP00000364691	0.908	True	False	9.2	10.6	True	True	BOTH_EXPRESSED
RDH12	AWAT2	ENSP00000449079	ENSP00000421172	0.908	True	False	206.6	0.0	True	True	BELOW_THRESHOLD
RPE65	PNPLA4	ENSP00000262340	ENSP00000370430	0.908	True	False	7.8	15.5	True	True	BOTH_EXPRESSED
PDE6A	GMPR	ENSP00000255266	ENSP00000259727	0.908	True	False	1001.0	2.0	True	True	BOTH_EXPRESSED
USH2A	LCA5	ENSP00000305941	ENSP00000376686	0.908	True	False	17.8	12.7	True	True	BOTH_EXPRESSED
CNGB1	CALM2	ENSP00000251102	ENSP00000499797	0.908	True	False	557.0	532.0	True	True	BOTH_EXPRESSED
CFAP20	EFHC1	ENSP00000262498	ENSP00000360107	0.908	True	False	26.4	19.7	True	True	BOTH_EXPRESSED
BCOR	BABAM2	ENSP00000367705	ENSP00000343412	0.908	True	False	13.1	24.3	True	True	BOTH_EXPRESSED
SNRNP200	DHX15	ENSP00000317123	ENSP00000336741	0.908	True	False	62.7	37.1	True	True	BOTH_EXPRESSED
PDE6A	APRT	ENSP00000255266	ENSP00000367615	0.907	True	False	1001.0	4.7	True	True	BOTH_EXPRESSED
HK1	ALDOC	ENSP00000494664	ENSP00000378731	0.907	True	False	141.7	1098.1	True	True	BOTH_EXPRESSED
INPP5E	PIP5KL1	ENSP00000360777	ENSP00000373399	0.907	True	False	6.9	0.1	True	True	BOTH_EXPRESSED
DHX38	CASC3	ENSP00000268482	ENSP00000264645	0.907	True	False	12.3	36.2	True	True	BOTH_EXPRESSED
KLHL7	KBTBD6	ENSP00000343273	ENSP00000368799	0.907	True	False	13.9	3.9	True	True	BOTH_EXPRESSED
KLHL7	SPOPL	ENSP00000343273	ENSP00000280098	0.907	True	False	13.9	9.1	True	True	BOTH_EXPRESSED
KLHL7	SPOP	ENSP00000343273	ENSP00000377001	0.907	True	False	13.9	35.3	True	True	BOTH_EXPRESSED
BCOR	CUL7	ENSP00000367705	ENSP00000438788	0.907	True	False	13.1	4.8	True	True	BOTH_EXPRESSED
BCOR	CDC27	ENSP00000367705	ENSP00000434614	0.907	True	False	13.1	12.7	True	True	BOTH_EXPRESSED
PRPF31	PELP1	ENSP00000324122	ENSP00000301396	0.907	True	False	7.6	8.0	True	True	BOTH_EXPRESSED
PDE6B	APRT	ENSP00000420295	ENSP00000367615	0.907	True	False	357.2	4.7	True	True	BOTH_EXPRESSED
GUCY2D	ENPP1	ENSP00000254854	ENSP00000498074	0.907	True	False	31.7	0.4	True	True	BOTH_EXPRESSED
GUCY2D	ENPP3	ENSP00000254854	ENSP00000406261	0.907	True	False	31.7	0.3	True	True	BOTH_EXPRESSED
IMPDH1	ENTPD5	ENSP00000345096	ENSP00000335246	0.907	True	False	98.6	8.7	True	True	BOTH_EXPRESSED
CNGB1	PDE6B	ENSP00000251102	ENSP00000420295	0.906	True	True	557.0	357.2	True	True	BOTH_EXPRESSED
BCOR	CDC23	ENSP00000367705	ENSP00000378350	0.906	True	False	13.1	13.0	True	True	BOTH_EXPRESSED
PRPF8	FRG1	ENSP00000460348	ENSP00000226798	0.906	True	False	76.4	3.5	True	True	BOTH_EXPRESSED
INPP5E	INPP5F	ENSP00000360777	ENSP00000497527	0.906	True	False	6.9	30.5	True	True	BOTH_EXPRESSED
IMPDH1	CANT1	ENSP00000345096	ENSP00000307674	0.906	True	False	98.6	6.9	True	True	BOTH_EXPRESSED
PRPF6	SNRPC	ENSP00000266079	ENSP00000244520	0.906	True	False	33.8	36.8	True	True	BOTH_EXPRESSED
PRPF31	HCFC1	ENSP00000324122	ENSP00000309555	0.905	True	False	7.6	6.7	True	True	BOTH_EXPRESSED
PRPF31	RP9	ENSP00000324122	ENSP00000297157	0.905	True	False	7.6	14.0	True	True	BOTH_EXPRESSED
USH2A	VEZT	ENSP00000305941	ENSP00000410083	0.905	True	False	17.8	10.9	True	True	BOTH_EXPRESSED
GUCY2D	NUDT2	ENSP00000254854	ENSP00000368452	0.905	True	False	31.7	19.3	True	True	BOTH_EXPRESSED
POMGNT1	RXYLT1	ENSP00000361060	ENSP00000261234	0.905	True	False	10.1	3.1	True	True	BOTH_EXPRESSED
DHX38	DBR1	ENSP00000268482	ENSP00000260803	0.905	True	False	12.3	3.1	True	True	BOTH_EXPRESSED
PRPF4	RNF113A	ENSP00000363313	ENSP00000360497	0.905	True	False	12.1	14.5	True	True	BOTH_EXPRESSED
GNAT1	OPN4	ENSP00000232461	ENSP00000361141	0.905	True	False	1040.7	0.8	True	True	BOTH_EXPRESSED
AIPL1	AIP	ENSP00000370521	ENSP00000279146	0.905	True	False	775.1	17.0	True	True	BOTH_EXPRESSED
BCOR	BARD1	ENSP00000367705	ENSP00000260947	0.905	True	False	13.1	1.8	True	True	BOTH_EXPRESSED
DYNC2H1	DYNLT1	ENSP00000497174	ENSP00000356056	0.905	True	False	9.5	31.8	True	True	BOTH_EXPRESSED
IDH3A	DLD	ENSP00000299518	ENSP00000205402	0.905	True	False	23.8	28.0	True	True	BOTH_EXPRESSED
BCOR	BRCA1	ENSP00000367705	ENSP00000418960	0.904	True	False	13.1	6.9	True	True	BOTH_EXPRESSED
KLHL7	KCTD17	ENSP00000343273	ENSP00000385096	0.904	True	False	13.9	3.4	True	True	BOTH_EXPRESSED
HK1	BAX	ENSP00000494664	ENSP00000293288	0.904	True	False	141.7	6.2	True	True	BOTH_EXPRESSED
PDSS1	COQ6	ENSP00000365388	ENSP00000333946	0.904	True	False	1.7	5.4	True	True	BOTH_EXPRESSED
BCOR	UBE2S	ENSP00000367705	ENSP00000264552	0.904	True	False	13.1	8.7	True	True	BOTH_EXPRESSED
IDH3G	GLUD2	ENSP00000217901	ENSP00000327589	0.904	True	False	22.7	0.1	True	True	BOTH_EXPRESSED
PRPF31	TAF1	ENSP00000324122	ENSP00000406549	0.904	True	False	7.6	19.0	True	True	BOTH_EXPRESSED
PRPF31	CHD8	ENSP00000324122	ENSP00000495240	0.904	True	False	7.6	13.7	True	True	BOTH_EXPRESSED
BCOR	UBE2C	ENSP00000367705	ENSP00000348838	0.904	True	False	13.1	0.2	True	True	BOTH_EXPRESSED
DHX38	SNRPF	ENSP00000268482	ENSP00000266735	0.903	True	False	12.3	58.3	True	True	BOTH_EXPRESSED
SNRNP200	PPIG	ENSP00000317123	ENSP00000260970	0.903	True	False	62.7	27.1	True	True	BOTH_EXPRESSED
HK1	LCT	ENSP00000494664	ENSP00000264162	0.903	True	False	141.7	0.0	True	True	BELOW_THRESHOLD
CREB3	CAMK4	ENSP00000342136	ENSP00000282356	0.903	True	False	21.7	4.4	True	True	BOTH_EXPRESSED
INPP5E	PIK3C2G	ENSP00000360777	ENSP00000445381	0.903	True	False	6.9	0.1	True	True	BOTH_EXPRESSED
RDH12	RDH11	ENSP00000449079	ENSP00000370750	0.903	True	False	206.6	68.5	True	True	BOTH_EXPRESSED
IMPDH1	ENTPD3	ENSP00000345096	ENSP00000301825	0.903	True	False	98.6	2.4	True	True	BOTH_EXPRESSED
GUCY2D	PKLR	ENSP00000254854	ENSP00000339933	0.903	True	False	31.7	0.0	True	True	BELOW_THRESHOLD
GUCY2D	PKM	ENSP00000254854	ENSP00000320171	0.903	True	False	31.7	1155.0	True	True	BOTH_EXPRESSED
BCOR	ANAPC11	ENSP00000367705	ENSP00000349957	0.903	True	False	13.1	17.9	True	True	BOTH_EXPRESSED
RHO	CALML3	ENSP00000296271	ENSP00000315299	0.903	True	False	3767.6	0.0	True	True	BELOW_THRESHOLD
RPGR	ABCA4	ENSP00000495537	ENSP00000359245	0.903	True	False	11.2	328.7	True	True	BOTH_EXPRESSED
MVK	CTH	ENSP00000228510	ENSP00000359976	0.902	True	False	3.2	7.8	True	True	BOTH_EXPRESSED
RHO	CALML4	ENSP00000296271	ENSP00000419081	0.902	True	False	3767.6	3.1	True	True	BOTH_EXPRESSED
BCOR	ANAPC7	ENSP00000367705	ENSP00000394394	0.902	True	False	13.1	12.2	True	True	BOTH_EXPRESSED
PDE6A	GMPS	ENSP00000255266	ENSP00000419851	0.902	True	False	1001.0	9.4	True	True	BOTH_EXPRESSED
IMPDH1	NT5C3A	ENSP00000345096	ENSP00000476480	0.902	True	False	98.6	16.1	True	True	BOTH_EXPRESSED
PRPF3	MAGOHB	ENSP00000315379	ENSP00000319240	0.902	True	False	40.3	3.7	True	True	BOTH_EXPRESSED
PDE6B	GMPS	ENSP00000420295	ENSP00000419851	0.902	True	False	357.2	9.4	True	True	BOTH_EXPRESSED
PRPF31	PHF20	ENSP00000324122	ENSP00000363124	0.902	True	False	7.6	13.4	True	True	BOTH_EXPRESSED
PRPF31	KAT8	ENSP00000324122	ENSP00000406037	0.902	True	False	7.6	25.5	True	True	BOTH_EXPRESSED
IFT140	IFT57	ENSP00000406012	ENSP00000264538	0.902	True	False	5.9	22.2	True	True	BOTH_EXPRESSED
BCOR	ANAPC1	ENSP00000367705	ENSP00000339109	0.902	True	False	13.1	7.4	True	True	BOTH_EXPRESSED
AIPL1	RPE65	ENSP00000370521	ENSP00000262340	0.902	True	True	775.1	7.8	True	True	BOTH_EXPRESSED
LRAT	SPATA7	ENSP00000337224	ENSP00000377176	0.902	True	True	0.9	9.4	True	True	BOTH_EXPRESSED
RLBP1	RDH8	ENSP00000268125	ENSP00000498711	0.902	True	False	246.4	106.2	True	True	BOTH_EXPRESSED
RHO	CALM3	ENSP00000296271	ENSP00000291295	0.902	True	False	3767.6	141.0	True	True	BOTH_EXPRESSED
PRPF31	LAS1L	ENSP00000324122	ENSP00000363944	0.902	True	False	7.6	8.6	True	True	BOTH_EXPRESSED
RHO	CALML6	ENSP00000296271	ENSP00000304643	0.902	True	False	3767.6	0.2	True	True	BOTH_EXPRESSED
IDH3B	DLST	ENSP00000482773	ENSP00000335304	0.902	True	False	42.7	34.4	True	True	BOTH_EXPRESSED
PRPF31	C17orf49	ENSP00000324122	ENSP00000448598	0.902	True	False	7.6	36.3	True	True	BOTH_EXPRESSED
PRPF31	TAF6	ENSP00000324122	ENSP00000399982	0.902	True	False	7.6	9.6	True	True	BOTH_EXPRESSED
PRPF31	KMT2A	ENSP00000324122	ENSP00000436786	0.902	True	False	7.6	25.9	True	True	BOTH_EXPRESSED
IDH3A	SUCLG1	ENSP00000299518	ENSP00000377446	0.902	True	False	23.8	35.6	True	True	BOTH_EXPRESSED
KLHL7	ZSWIM8	ENSP00000343273	ENSP00000381693	0.901	True	False	13.9	25.5	True	True	BOTH_EXPRESSED
BCOR	ANAPC5	ENSP00000367705	ENSP00000261819	0.901	True	False	13.1	16.3	True	True	BOTH_EXPRESSED
KLHL7	KBTBD7	ENSP00000343273	ENSP00000368797	0.901	True	False	13.9	5.6	True	True	BOTH_EXPRESSED
PRPF3	MEPCE	ENSP00000315379	ENSP00000308546	0.901	True	False	40.3	10.5	True	True	BOTH_EXPRESSED
IMPDH1	NUDT16	ENSP00000345096	ENSP00000422375	0.901	True	False	98.6	17.4	True	True	BOTH_EXPRESSED
PRPF31	TAF9	ENSP00000324122	ENSP00000370193	0.901	True	False	7.6	39.9	True	True	BOTH_EXPRESSED
BCOR	ANAPC10	ENSP00000367705	ENSP00000478501	0.901	True	False	13.1	8.5	True	True	BOTH_EXPRESSED
HK1	GLB1	ENSP00000494664	ENSP00000306920	0.901	True	False	141.7	13.8	True	True	BOTH_EXPRESSED
PRPF8	PSME3IP1	ENSP00000460348	ENSP00000335808	0.901	True	False	76.4	69.6	True	True	BOTH_EXPRESSED
USH2A	NINL	ENSP00000305941	ENSP00000278886	0.901	True	False	17.8	1.2	True	True	BOTH_EXPRESSED
PRPF3	TXNL4B	ENSP00000315379	ENSP00000268483	0.901	True	False	40.3	6.2	True	True	BOTH_EXPRESSED
OFD1	CEP290	ENSP00000344314	ENSP00000448012	0.901	True	False	2.3	6.6	True	True	BOTH_EXPRESSED
PRPF31	KANSL1	ENSP00000324122	ENSP00000387393	0.901	True	False	7.6	8.7	True	True	BOTH_EXPRESSED
IMPDH1	NT5C3B	ENSP00000345096	ENSP00000389948	0.901	True	False	98.6	3.3	True	True	BOTH_EXPRESSED
PDE6G	HPRT1	ENSP00000328412	ENSP00000298556	0.901	True	False	1904.6	69.4	True	True	BOTH_EXPRESSED
RHO	CALML5	ENSP00000296271	ENSP00000369689	0.901	True	False	3767.6	0.0	True	True	BELOW_THRESHOLD
CREB3	RPS6KA5	ENSP00000342136	ENSP00000479667	0.901	True	False	21.7	2.8	True	True	BOTH_EXPRESSED
GUCY2D	ITPA	ENSP00000254854	ENSP00000369456	0.901	True	False	31.7	6.4	True	True	BOTH_EXPRESSED
COQ2	SALL3	ENSP00000310873	ENSP00000441823	0.901	True	False	3.7	0.9	True	True	BOTH_EXPRESSED
COQ8B	COQ7	ENSP00000315118	ENSP00000322316	0.901	True	False	1.2	13.1	True	True	BOTH_EXPRESSED
DHX38	SNRPG	ENSP00000268482	ENSP00000393388	0.901	True	False	12.3	85.8	True	True	BOTH_EXPRESSED
PRPF8	ECD	ENSP00000460348	ENSP00000401566	0.901	True	False	76.4	15.7	True	True	BOTH_EXPRESSED
PRPF31	TEX10	ENSP00000324122	ENSP00000364037	0.901	True	False	7.6	5.1	True	True	BOTH_EXPRESSED
KLHL7	KCTD13	ENSP00000343273	ENSP00000455785	0.9	True	False	13.9	9.5	True	True	BOTH_EXPRESSED
KLHL7	TNFAIP1	ENSP00000343273	ENSP00000226225	0.9	True	False	13.9	24.4	True	True	BOTH_EXPRESSED
BCOR	ANAPC16	ENSP00000367705	ENSP00000477760	0.9	True	False	13.1	18.8	True	True	BOTH_EXPRESSED
BCOR	ANAPC13	ENSP00000367705	ENSP00000421842	0.9	True	False	13.1	57.9	True	True	BOTH_EXPRESSED
PRPF31	MGA	ENSP00000324122	ENSP00000219905	0.9	True	False	7.6	4.4	True	True	BOTH_EXPRESSED
PRPF31	RBBP5	ENSP00000324122	ENSP00000264515	0.9	True	False	7.6	9.1	True	True	BOTH_EXPRESSED
PRPF31	MAX	ENSP00000324122	ENSP00000351490	0.9	True	False	7.6	21.9	True	True	BOTH_EXPRESSED
TOPORS	UBE2I	ENSP00000353735	ENSP00000348056	0.9	True	False	10.6	29.3	True	True	BOTH_EXPRESSED
PRPF31	INO80C	ENSP00000324122	ENSP00000391457	0.9	True	False	7.6	31.3	True	True	BOTH_EXPRESSED
PDE6G	ITPA	ENSP00000328412	ENSP00000369456	0.9	True	False	1904.6	6.4	True	True	BOTH_EXPRESSED
PRPF31	TAF7	ENSP00000324122	ENSP00000312709	0.9	True	False	7.6	89.3	True	True	BOTH_EXPRESSED
PRPF31	RNF2	ENSP00000324122	ENSP00000356480	0.9	True	False	7.6	10.9	True	True	BOTH_EXPRESSED
PDE6G	GMPS	ENSP00000328412	ENSP00000419851	0.9	True	False	1904.6	9.4	True	True	BOTH_EXPRESSED
PDE6G	GMPR	ENSP00000328412	ENSP00000259727	0.9	True	False	1904.6	2.0	True	True	BOTH_EXPRESSED
PDE6G	APRT	ENSP00000328412	ENSP00000367615	0.9	True	False	1904.6	4.7	True	True	BOTH_EXPRESSED
BCOR	ANAPC15	ENSP00000367705	ENSP00000437360	0.9	True	False	13.1	40.8	True	True	BOTH_EXPRESSED
PRPF31	TAF4	ENSP00000324122	ENSP00000252996	0.9	True	False	7.6	1.4	True	True	BOTH_EXPRESSED
BCOR	CDC26	ENSP00000367705	ENSP00000363322	0.9	True	False	13.1	38.6	True	True	BOTH_EXPRESSED
PRPF31	SENP3	ENSP00000324122	ENSP00000314029	0.9	True	False	7.6	22.9	True	True	BOTH_EXPRESSED
PRPF31	E2F6	ENSP00000324122	ENSP00000370936	0.9	True	False	7.6	3.3	True	True	BOTH_EXPRESSED
IDH3G	SUCLG1	ENSP00000217901	ENSP00000377446	0.9	True	False	22.7	35.6	True	True	BOTH_EXPRESSED
IDH3B	GLUD1	ENSP00000482773	ENSP00000277865	0.9	True	False	42.7	73.4	True	True	BOTH_EXPRESSED
PRPF8	SCNM1	ENSP00000460348	ENSP00000357901	0.9	True	False	76.4	12.7	True	True	BOTH_EXPRESSED
HK1	GANC	ENSP00000494664	ENSP00000326227	0.9	True	False	141.7	8.0	True	True	BOTH_EXPRESSED
PRPF8	RBM48	ENSP00000460348	ENSP00000265732	0.9	True	False	76.4	6.0	True	True	BOTH_EXPRESSED
PRPF8	CRIPT	ENSP00000460348	ENSP00000238892	0.9	True	False	76.4	9.9	True	True	BOTH_EXPRESSED
PRPF8	PRKRIP1	ENSP00000460348	ENSP00000419270	0.9	True	False	76.4	3.1	True	True	BOTH_EXPRESSED
PDE6B	ITPA	ENSP00000420295	ENSP00000369456	0.9	True	False	357.2	6.4	True	True	BOTH_EXPRESSED
PRPF8	FAM32A	ENSP00000460348	ENSP00000263384	0.9	True	False	76.4	26.1	True	True	BOTH_EXPRESSED
PDE6A	HPRT1	ENSP00000255266	ENSP00000298556	0.9	True	False	1001.0	69.4	True	True	BOTH_EXPRESSED
PDE6A	ITPA	ENSP00000255266	ENSP00000369456	0.9	True	False	1001.0	6.4	True	True	BOTH_EXPRESSED
IMPDH1	ENTPD8	ENSP00000345096	ENSP00000360561	0.9	True	False	98.6	0.0	True	True	BELOW_THRESHOLD
PDSS1	PSMD3	ENSP00000365388	ENSP00000264639	0.9	True	False	1.7	29.0	True	True	BOTH_EXPRESSED
IMPDH1	ENTPD1	ENSP00000345096	ENSP00000360250	0.9	True	False	98.6	6.2	True	True	BOTH_EXPRESSED
IMPDH1	ENTPD4	ENSP00000345096	ENSP00000351520	0.9	True	False	98.6	30.3	True	True	BOTH_EXPRESSED
PRPF3	PRPF4B	ENSP00000315379	ENSP00000337194	0.9	True	False	40.3	14.8	True	True	BOTH_EXPRESSED
CNGB1	RHO	ENSP00000251102	ENSP00000296271	0.899	True	True	557.0	3767.6	True	True	BOTH_EXPRESSED
CFAP20	EFHB	ENSP00000262498	ENSP00000295824	0.899	True	False	26.4	0.8	True	True	BOTH_EXPRESSED
CREB3	KLHDC2	ENSP00000342136	ENSP00000298307	0.899	True	False	21.7	22.2	True	True	BOTH_EXPRESSED
BCOR	SKP1	ENSP00000367705	ENSP00000231487	0.899	True	False	13.1	304.2	True	True	BOTH_EXPRESSED
IFT172	KIF3A	ENSP00000260570	ENSP00000385808	0.899	True	False	5.3	31.3	True	True	BOTH_EXPRESSED
IDH3B	GLUD2	ENSP00000482773	ENSP00000327589	0.899	True	False	42.7	0.1	True	True	BOTH_EXPRESSED
RBP3	CLUL1	ENSP00000463151	ENSP00000441726	0.899	True	False	504.0	275.9	True	True	BOTH_EXPRESSED
CNGA1	PDE6G	ENSP00000384264	ENSP00000328412	0.898	True	True	244.8	1904.6	True	True	BOTH_EXPRESSED
PRPF4	SNRNP70	ENSP00000363313	ENSP00000472998	0.898	True	False	12.1	17.2	True	True	BOTH_EXPRESSED
PDE6B	RHO	ENSP00000420295	ENSP00000296271	0.898	True	True	357.2	3767.6	True	True	BOTH_EXPRESSED
IFT140	IFT46	ENSP00000406012	ENSP00000264020	0.898	True	False	5.9	33.1	True	True	BOTH_EXPRESSED
BBS1	CCDC28B	ENSP00000317469	ENSP00000413017	0.898	True	False	19.9	4.8	True	True	BOTH_EXPRESSED
OFD1	KIAA0753	ENSP00000344314	ENSP00000355250	0.898	True	False	2.3	10.0	True	True	BOTH_EXPRESSED
IDH3G	GLUD1	ENSP00000217901	ENSP00000277865	0.897	True	False	22.7	73.4	True	True	BOTH_EXPRESSED
PRPF4	UBL5	ENSP00000363313	ENSP00000351492	0.897	True	False	12.1	254.4	True	True	BOTH_EXPRESSED
CFAP20	EFHC2	ENSP00000262498	ENSP00000404232	0.897	True	False	26.4	1.8	True	True	BOTH_EXPRESSED
CLRN1	USH1G	ENSP00000329158	ENSP00000480279	0.897	True	False	11.8	0.7	True	True	BOTH_EXPRESSED
COQ2	IDI1	ENSP00000310873	ENSP00000370748	0.897	True	False	3.7	37.7	True	True	BOTH_EXPRESSED
RPE65	MERTK	ENSP00000262340	ENSP00000295408	0.896	True	True	7.8	15.4	True	True	BOTH_EXPRESSED
IDH3B	NDUFV1	ENSP00000482773	ENSP00000497587	0.896	True	False	42.7	75.6	True	True	BOTH_EXPRESSED
IDH3A	GLUD2	ENSP00000299518	ENSP00000327589	0.896	True	False	23.8	0.1	True	True	BOTH_EXPRESSED
IMPDH1	RDH12	ENSP00000345096	ENSP00000449079	0.895	True	True	98.6	206.6	True	True	BOTH_EXPRESSED
SNRNP200	RPP38	ENSP00000317123	ENSP00000478982	0.895	True	False	62.7	12.4	True	True	BOTH_EXPRESSED
KIAA1549	FAM131B	ENSP00000416040	ENSP00000410603	0.895	True	False	5.3	1.7	True	True	BOTH_EXPRESSED
MVK	FDFT1	ENSP00000228510	ENSP00000491537	0.895	True	False	3.2	5.0	True	True	BOTH_EXPRESSED
TULP1	LRAT	ENSP00000229771	ENSP00000337224	0.894	True	True	194.3	0.9	True	True	BOTH_EXPRESSED
RBP3	RHO	ENSP00000463151	ENSP00000296271	0.894	True	True	504.0	3767.6	True	True	BOTH_EXPRESSED
PRPF8	ASCC3	ENSP00000460348	ENSP00000358159	0.894	True	False	76.4	5.2	True	True	BOTH_EXPRESSED
COQ2	APTX	ENSP00000310873	ENSP00000369145	0.894	True	False	3.7	7.4	True	True	BOTH_EXPRESSED
COQ2	COQ5	ENSP00000310873	ENSP00000288532	0.893	True	True	3.7	24.3	True	True	BOTH_EXPRESSED
CFAP20	ENKUR	ENSP00000262498	ENSP00000331044	0.893	True	False	26.4	1.8	True	True	BOTH_EXPRESSED
CLN3	HMGCL	ENSP00000454229	ENSP00000363614	0.893	True	False	3.0	14.9	True	True	BOTH_EXPRESSED
RDH12	TULP1	ENSP00000449079	ENSP00000229771	0.893	True	True	206.6	194.3	True	True	BOTH_EXPRESSED
DHX38	DDX5	ENSP00000268482	ENSP00000225792	0.893	True	False	12.3	195.9	True	True	BOTH_EXPRESSED
PRPH2	RD3	ENSP00000230381	ENSP00000355969	0.893	True	False	594.9	43.8	True	True	BOTH_EXPRESSED
RLBP1	RDH10	ENSP00000268125	ENSP00000240285	0.892	True	False	246.4	79.9	True	True	BOTH_EXPRESSED
SPATA7	RD3	ENSP00000377176	ENSP00000355969	0.892	True	False	9.4	43.8	True	True	BOTH_EXPRESSED
IDH3G	DLST	ENSP00000217901	ENSP00000335304	0.892	True	False	22.7	34.4	True	True	BOTH_EXPRESSED
OFD1	PLK1	ENSP00000344314	ENSP00000300093	0.892	True	False	2.3	1.1	True	True	BOTH_EXPRESSED
MVK	ACAT1	ENSP00000228510	ENSP00000265838	0.892	True	False	3.2	24.3	True	True	BOTH_EXPRESSED
DHX38	SNRNP40	ENSP00000268482	ENSP00000263694	0.892	True	False	12.3	17.7	True	True	BOTH_EXPRESSED
PRPF3	RP9	ENSP00000315379	ENSP00000297157	0.892	True	False	40.3	14.0	True	True	BOTH_EXPRESSED
BEST1	RPE65	ENSP00000399709	ENSP00000262340	0.891	True	True	6.2	7.8	True	True	BOTH_EXPRESSED
DYNC2H1	DYNLT3	ENSP00000497174	ENSP00000367841	0.891	True	False	9.5	30.6	True	True	BOTH_EXPRESSED
PDE6A	GUCY2D	ENSP00000255266	ENSP00000254854	0.891	True	True	1001.0	31.7	True	True	BOTH_EXPRESSED
DYNC2H1	DYNLRB2	ENSP00000497174	ENSP00000455791	0.891	True	False	9.5	3.9	True	True	BOTH_EXPRESSED
DHX38	WDR25	ENSP00000268482	ENSP00000334148	0.891	True	False	12.3	4.3	True	True	BOTH_EXPRESSED
PRPH2	ABCA4	ENSP00000230381	ENSP00000359245	0.891	True	False	594.9	328.7	True	True	BOTH_EXPRESSED
PRPF31	SNRNP70	ENSP00000324122	ENSP00000472998	0.891	True	False	7.6	17.2	True	True	BOTH_EXPRESSED
BBS2	MCHR1	ENSP00000245157	ENSP00000249016	0.891	True	False	12.0	1.7	True	True	BOTH_EXPRESSED
CLN3	KCNIP3	ENSP00000454229	ENSP00000295225	0.89	True	False	3.0	0.3	True	True	BOTH_EXPRESSED
AIPL1	RDH12	ENSP00000370521	ENSP00000449079	0.89	True	True	775.1	206.6	True	True	BOTH_EXPRESSED
CREB3	TAF4	ENSP00000342136	ENSP00000252996	0.89	True	False	21.7	1.4	True	True	BOTH_EXPRESSED
TTC8	RAB3IP	ENSP00000482306	ENSP00000447300	0.89	True	False	34.7	82.0	True	True	BOTH_EXPRESSED
IDH3B	DLD	ENSP00000482773	ENSP00000205402	0.89	True	False	42.7	28.0	True	True	BOTH_EXPRESSED
GUCY2D	PDE6C	ENSP00000254854	ENSP00000360502	0.89	True	False	31.7	21.4	True	True	BOTH_EXPRESSED
PDSS1	COQ3	ENSP00000365388	ENSP00000254759	0.89	True	False	1.7	11.0	True	True	BOTH_EXPRESSED
POMGNT1	POMK	ENSP00000361060	ENSP00000331258	0.89	True	False	10.1	5.4	True	True	BOTH_EXPRESSED
IDH3G	DLD	ENSP00000217901	ENSP00000205402	0.889	True	False	22.7	28.0	True	True	BOTH_EXPRESSED
IDH3A	GOT2	ENSP00000299518	ENSP00000245206	0.889	True	False	23.8	84.7	True	True	BOTH_EXPRESSED
CLRN1	WHRN	ENSP00000329158	ENSP00000354623	0.889	True	False	11.8	20.0	True	True	BOTH_EXPRESSED
USH2A	HM13	ENSP00000305941	ENSP00000381237	0.889	True	False	17.8	19.1	True	True	BOTH_EXPRESSED
CEP250	PLK1	ENSP00000380661	ENSP00000300093	0.889	True	False	9.2	1.1	True	True	BOTH_EXPRESSED
RHO	NRL	ENSP00000296271	ENSP00000454062	0.889	True	True	3767.6	294.2	True	True	BOTH_EXPRESSED
SNRNP200	WDR25	ENSP00000317123	ENSP00000334148	0.889	True	False	62.7	4.3	True	True	BOTH_EXPRESSED
IDH3G	SUCLA2	ENSP00000217901	ENSP00000494360	0.889	True	False	22.7	40.9	True	True	BOTH_EXPRESSED
COQ2	IDI2	ENSP00000310873	ENSP00000277517	0.888	True	False	3.7	1.1	True	True	BOTH_EXPRESSED
AIPL1	LRAT	ENSP00000370521	ENSP00000337224	0.888	True	True	775.1	0.9	True	True	BOTH_EXPRESSED
NRL	FIZ1	ENSP00000454062	ENSP00000221665	0.888	True	False	294.2	10.9	True	True	BOTH_EXPRESSED
BBS2	SSTR3	ENSP00000245157	ENSP00000480971	0.888	True	False	12.0	0.2	True	True	BOTH_EXPRESSED
SCLT1	SCN10A	ENSP00000281142	ENSP00000390600	0.888	True	False	2.7	0.0	True	True	BELOW_THRESHOLD
CREB3	ATF1	ENSP00000342136	ENSP00000262053	0.888	True	False	21.7	11.0	True	True	BOTH_EXPRESSED
PRPF8	EEF2	ENSP00000460348	ENSP00000307940	0.887	True	False	76.4	208.1	True	True	BOTH_EXPRESSED
IFT172	WDR35	ENSP00000260570	ENSP00000314444	0.887	True	False	5.3	11.6	True	True	BOTH_EXPRESSED
USH2A	CLRN1	ENSP00000305941	ENSP00000329158	0.887	True	True	17.8	11.8	True	True	BOTH_EXPRESSED
DHX38	WDR70	ENSP00000268482	ENSP00000265107	0.887	True	False	12.3	4.9	True	True	BOTH_EXPRESSED
PRPF31	XAB2	ENSP00000324122	ENSP00000351137	0.887	True	False	7.6	8.3	True	True	BOTH_EXPRESSED
PRPF31	UBL5	ENSP00000324122	ENSP00000351492	0.886	True	False	7.6	254.4	True	True	BOTH_EXPRESSED
TBC1D32	FAM149B1	ENSP00000381270	ENSP00000242505	0.886	True	False	6.9	10.9	True	True	BOTH_EXPRESSED
IDH3G	GOT2	ENSP00000217901	ENSP00000245206	0.886	True	False	22.7	84.7	True	True	BOTH_EXPRESSED
SAG	GRK3	ENSP00000386444	ENSP00000317578	0.886	True	False	1359.9	4.0	True	True	BOTH_EXPRESSED
PRPF4	SNRPC	ENSP00000363313	ENSP00000244520	0.886	True	False	12.1	36.8	True	True	BOTH_EXPRESSED
COQ2	SORD	ENSP00000310873	ENSP00000267814	0.886	True	False	3.7	4.4	True	True	BOTH_EXPRESSED
CFAP20	GTF2B	ENSP00000262498	ENSP00000359531	0.885	True	False	26.4	16.5	True	True	BOTH_EXPRESSED
CEP162	CEP290	ENSP00000385215	ENSP00000448012	0.885	True	False	2.6	6.6	True	True	BOTH_EXPRESSED
DHX38	BCAS2	ENSP00000268482	ENSP00000358554	0.885	True	False	12.3	37.4	True	True	BOTH_EXPRESSED
CRX	TPRX1	ENSP00000221996	ENSP00000323455	0.885	True	False	202.2	1.0	True	True	BOTH_EXPRESSED
PRPF3	USP4	ENSP00000315379	ENSP00000265560	0.885	True	False	40.3	24.9	True	True	BOTH_EXPRESSED
DHX38	ALYREF	ENSP00000268482	ENSP00000421592	0.885	True	False	12.3	8.8	True	True	BOTH_EXPRESSED
MVK	ACAT2	ENSP00000228510	ENSP00000356015	0.885	True	False	3.2	18.1	True	True	BOTH_EXPRESSED
GNAT1	RPE65	ENSP00000232461	ENSP00000262340	0.884	True	True	1040.7	7.8	True	True	BOTH_EXPRESSED
PRCD	GUCA1B	ENSP00000467661	ENSP00000230361	0.884	True	False	44.6	432.4	True	True	BOTH_EXPRESSED
BBS1	SMO	ENSP00000317469	ENSP00000249373	0.884	True	False	19.9	1.9	True	True	BOTH_EXPRESSED
SNRNP200	ECD	ENSP00000317123	ENSP00000401566	0.884	True	False	62.7	15.7	True	True	BOTH_EXPRESSED
SNRNP200	PPWD1	ENSP00000317123	ENSP00000261308	0.884	True	False	62.7	13.6	True	True	BOTH_EXPRESSED
IFT140	CLUAP1	ENSP00000406012	ENSP00000344392	0.884	True	False	5.9	26.7	True	True	BOTH_EXPRESSED
TTC8	CCDC28B	ENSP00000482306	ENSP00000413017	0.884	True	False	34.7	4.8	True	True	BOTH_EXPRESSED
RBP3	ZNF239	ENSP00000463151	ENSP00000307774	0.884	True	False	504.0	1.4	True	True	BOTH_EXPRESSED
RPE65	GUCY2D	ENSP00000262340	ENSP00000254854	0.883	True	True	7.8	31.7	True	True	BOTH_EXPRESSED
CFAP20	TBC1D32	ENSP00000262498	ENSP00000381270	0.883	True	True	26.4	6.9	True	True	BOTH_EXPRESSED
CNGA1	GUCA1B	ENSP00000384264	ENSP00000230361	0.883	True	False	244.8	432.4	True	True	BOTH_EXPRESSED
SPATA7	LCA5	ENSP00000377176	ENSP00000376686	0.883	True	False	9.4	12.7	True	True	BOTH_EXPRESSED
CEP250	CNTLN	ENSP00000380661	ENSP00000370021	0.882	True	False	9.2	2.0	True	True	BOTH_EXPRESSED
CRX	GUCY2D	ENSP00000221996	ENSP00000254854	0.882	True	True	202.2	31.7	True	True	BOTH_EXPRESSED
DHX38	NCBP2	ENSP00000268482	ENSP00000326806	0.882	True	False	12.3	42.8	True	True	BOTH_EXPRESSED
BBS1	MKS1	ENSP00000317469	ENSP00000376827	0.882	True	False	19.9	6.1	True	True	BOTH_EXPRESSED
COQ2	DHDDS	ENSP00000310873	ENSP00000353104	0.881	True	True	3.7	30.3	True	True	BOTH_EXPRESSED
RHO	ARF4	ENSP00000296271	ENSP00000306010	0.881	True	False	3767.6	50.0	True	True	BOTH_EXPRESSED
IMPG1	PRPH2	ENSP00000358966	ENSP00000230381	0.881	True	True	621.3	594.9	True	True	BOTH_EXPRESSED
HK1	TKT	ENSP00000494664	ENSP00000391481	0.881	True	False	141.7	16.8	True	True	BOTH_EXPRESSED
PRPF31	SNRPC	ENSP00000324122	ENSP00000244520	0.881	True	False	7.6	36.8	True	True	BOTH_EXPRESSED
HK1	TKTL1	ENSP00000494664	ENSP00000358931	0.88	True	False	141.7	2.0	True	True	BOTH_EXPRESSED
HK1	TALDO1	ENSP00000494664	ENSP00000321259	0.88	True	False	141.7	31.6	True	True	BOTH_EXPRESSED
DHX38	SRRT	ENSP00000268482	ENSP00000480421	0.88	True	False	12.3	28.6	True	True	BOTH_EXPRESSED
CC2D2A	TMEM237	ENSP00000403465	ENSP00000386264	0.88	True	False	78.4	71.7	True	True	BOTH_EXPRESSED
PRPF8	WDR25	ENSP00000460348	ENSP00000334148	0.88	True	False	76.4	4.3	True	True	BOTH_EXPRESSED
PRPF8	HFM1	ENSP00000460348	ENSP00000359454	0.88	True	False	76.4	4.2	True	True	BOTH_EXPRESSED
HK1	TKTL2	ENSP00000494664	ENSP00000280605	0.88	True	False	141.7	0.1	True	True	BOTH_EXPRESSED
SNRNP200	SRRM3	ENSP00000317123	ENSP00000480851	0.879	True	False	62.7	25.2	True	True	BOTH_EXPRESSED
COQ2	NUS1	ENSP00000310873	ENSP00000357480	0.879	True	False	3.7	11.6	True	True	BOTH_EXPRESSED
ARL3	RASA1	ENSP00000260746	ENSP00000274376	0.879	True	False	89.3	32.1	True	True	BOTH_EXPRESSED
PRPF6	DHX9	ENSP00000266079	ENSP00000356520	0.879	True	False	33.8	61.6	True	True	BOTH_EXPRESSED
MVK	IDI1	ENSP00000228510	ENSP00000370748	0.879	True	False	3.2	37.7	True	True	BOTH_EXPRESSED
CNGB1	PDE6G	ENSP00000251102	ENSP00000328412	0.879	True	True	557.0	1904.6	True	True	BOTH_EXPRESSED
AHI1	TMEM17	ENSP00000265602	ENSP00000335094	0.878	True	False	25.2	3.7	True	True	BOTH_EXPRESSED
CREB3	MBTPS2	ENSP00000342136	ENSP00000368798	0.878	True	False	21.7	8.1	True	True	BOTH_EXPRESSED
ARL6	BBS7	ENSP00000419619	ENSP00000264499	0.878	True	False	35.2	52.4	True	True	BOTH_EXPRESSED
IFT172	DYNC2H1	ENSP00000260570	ENSP00000497174	0.878	True	True	5.3	9.5	True	True	BOTH_EXPRESSED
SNRNP200	SRRM1	ENSP00000317123	ENSP00000326261	0.878	True	False	62.7	49.3	True	True	BOTH_EXPRESSED
CNGA1	CNGB3	ENSP00000384264	ENSP00000316605	0.878	True	False	244.8	11.6	True	True	BOTH_EXPRESSED
GNAT1	CNGA3	ENSP00000232461	ENSP00000272602	0.877	True	False	1040.7	5.4	True	True	BOTH_EXPRESSED
IFT140	TTC26	ENSP00000406012	ENSP00000419279	0.877	True	False	5.9	4.3	True	True	BOTH_EXPRESSED
PRPF8	PPIG	ENSP00000460348	ENSP00000260970	0.877	True	False	76.4	27.1	True	True	BOTH_EXPRESSED
SAG	SRC	ENSP00000386444	ENSP00000362680	0.877	True	False	1359.9	3.5	True	True	BOTH_EXPRESSED
CC2D2A	OFD1	ENSP00000403465	ENSP00000344314	0.877	True	True	78.4	2.3	True	True	BOTH_EXPRESSED
PRPF8	SNRPC	ENSP00000460348	ENSP00000244520	0.877	True	False	76.4	36.8	True	True	BOTH_EXPRESSED
PDSS1	COQ7	ENSP00000365388	ENSP00000322316	0.876	True	False	1.7	13.1	True	True	BOTH_EXPRESSED
DHDDS	FDFT1	ENSP00000353104	ENSP00000491537	0.876	True	False	30.3	5.0	True	True	BOTH_EXPRESSED
IDH3G	HMGCL	ENSP00000217901	ENSP00000363614	0.876	True	False	22.7	14.9	True	True	BOTH_EXPRESSED
PRPF3	UBL5	ENSP00000315379	ENSP00000351492	0.876	True	False	40.3	254.4	True	True	BOTH_EXPRESSED
IFT140	TTC30B	ENSP00000406012	ENSP00000386181	0.876	True	False	5.9	4.8	True	True	BOTH_EXPRESSED
IFT140	IFT74	ENSP00000406012	ENSP00000404122	0.876	True	False	5.9	13.6	True	True	BOTH_EXPRESSED
AHI1	OFD1	ENSP00000265602	ENSP00000344314	0.876	True	True	25.2	2.3	True	True	BOTH_EXPRESSED
PRPF6	SRRT	ENSP00000266079	ENSP00000480421	0.876	True	False	33.8	28.6	True	True	BOTH_EXPRESSED
BBS9	MKS1	ENSP00000242067	ENSP00000376827	0.875	True	False	20.3	6.1	True	True	BOTH_EXPRESSED
CNGB1	GNAT1	ENSP00000251102	ENSP00000232461	0.875	True	True	557.0	1040.7	True	True	BOTH_EXPRESSED
CFAP410	ALS2	ENSP00000381047	ENSP00000264276	0.875	True	False	9.2	5.2	True	True	BOTH_EXPRESSED
RPE65	CRX	ENSP00000262340	ENSP00000221996	0.875	True	True	7.8	202.2	True	True	BOTH_EXPRESSED
TMEM216	OFD1	ENSP00000334844	ENSP00000344314	0.875	True	True	10.8	2.3	True	True	BOTH_EXPRESSED
PRPF8	SRRM3	ENSP00000460348	ENSP00000480851	0.875	True	False	76.4	25.2	True	True	BOTH_EXPRESSED
RPE65	CNGA3	ENSP00000262340	ENSP00000272602	0.874	True	False	7.8	5.4	True	True	BOTH_EXPRESSED
IDH3A	GOT1	ENSP00000299518	ENSP00000359539	0.874	True	False	23.8	98.5	True	True	BOTH_EXPRESSED
SNRNP200	SF3B6	ENSP00000317123	ENSP00000233468	0.874	True	False	62.7	59.6	True	True	BOTH_EXPRESSED
RHO	ROM1	ENSP00000296271	ENSP00000278833	0.874	True	False	3767.6	1101.4	True	True	BOTH_EXPRESSED
SNRNP200	DDX46	ENSP00000317123	ENSP00000416534	0.874	True	False	62.7	16.7	True	True	BOTH_EXPRESSED
PRPF6	DDX5	ENSP00000266079	ENSP00000225792	0.874	True	False	33.8	195.9	True	True	BOTH_EXPRESSED
PRPF6	ALYREF	ENSP00000266079	ENSP00000421592	0.874	True	False	33.8	8.8	True	True	BOTH_EXPRESSED
IDH3G	CS	ENSP00000217901	ENSP00000342056	0.874	True	False	22.7	119.5	True	True	BOTH_EXPRESSED
BBS2	CEP290	ENSP00000245157	ENSP00000448012	0.874	True	False	12.0	6.6	True	True	BOTH_EXPRESSED
IFT140	TRAF3IP1	ENSP00000406012	ENSP00000362424	0.873	True	False	5.9	6.1	True	True	BOTH_EXPRESSED
DHX38	SNRPB	ENSP00000268482	ENSP00000412566	0.873	True	False	12.3	21.5	True	True	BOTH_EXPRESSED
TMEM216	TMEM237	ENSP00000334844	ENSP00000386264	0.872	True	False	10.8	71.7	True	True	BOTH_EXPRESSED
MVK	GGPS1	ENSP00000228510	ENSP00000282841	0.872	True	False	3.2	35.9	True	True	BOTH_EXPRESSED
PRPF6	PRPF19	ENSP00000266079	ENSP00000227524	0.872	True	False	33.8	42.8	True	True	BOTH_EXPRESSED
BBS1	LEPR	ENSP00000317469	ENSP00000330393	0.872	True	False	19.9	2.3	True	True	BOTH_EXPRESSED
CLRN1	PCDH15	ENSP00000329158	ENSP00000363068	0.872	True	False	11.8	57.2	True	True	BOTH_EXPRESSED
ARHGEF18	CGNL1	ENSP00000482647	ENSP00000281282	0.872	True	False	4.6	11.4	True	True	BOTH_EXPRESSED
CREB3	MBTPS1	ENSP00000342136	ENSP00000344223	0.872	True	False	21.7	100.6	True	True	BOTH_EXPRESSED
BBS2	MKS1	ENSP00000245157	ENSP00000376827	0.871	True	False	12.0	6.1	True	True	BOTH_EXPRESSED
AIPL1	RD3	ENSP00000370521	ENSP00000355969	0.871	True	False	775.1	43.8	True	True	BOTH_EXPRESSED
GNAT1	GNB3	ENSP00000232461	ENSP00000229264	0.871	True	False	1040.7	396.1	True	True	BOTH_EXPRESSED
MVK	HMGCL	ENSP00000228510	ENSP00000363614	0.871	True	False	3.2	14.9	True	True	BOTH_EXPRESSED
ARHGEF18	ROCK2	ENSP00000482647	ENSP00000317985	0.87	True	False	4.6	12.8	True	True	BOTH_EXPRESSED
TULP1	RPGRIP1	ENSP00000229771	ENSP00000382895	0.87	True	False	194.3	171.2	True	True	BOTH_EXPRESSED
COQ2	CDS2	ENSP00000310873	ENSP00000419879	0.87	True	False	3.7	29.2	True	True	BOTH_EXPRESSED
COQ2	CDS1	ENSP00000310873	ENSP00000295887	0.87	True	False	3.7	20.8	True	True	BOTH_EXPRESSED
IDH3B	SUCLA2	ENSP00000482773	ENSP00000494360	0.869	True	False	42.7	40.9	True	True	BOTH_EXPRESSED
TULP1	GUCY2D	ENSP00000229771	ENSP00000254854	0.869	True	True	194.3	31.7	True	True	BOTH_EXPRESSED
BBS1	WDR19	ENSP00000317469	ENSP00000382717	0.869	True	False	19.9	12.0	True	True	BOTH_EXPRESSED
PDE6B	ESX1	ENSP00000420295	ENSP00000361669	0.869	True	False	357.2	0.0	True	True	BELOW_THRESHOLD
RHO	GRK5	ENSP00000296271	ENSP00000376609	0.869	True	False	3767.6	0.9	True	True	BOTH_EXPRESSED
TOPORS	SUMO1	ENSP00000353735	ENSP00000376077	0.869	True	False	10.6	74.2	True	True	BOTH_EXPRESSED
COQ2	COQ7	ENSP00000310873	ENSP00000322316	0.868	True	False	3.7	13.1	True	True	BOTH_EXPRESSED
RPE65	ABCA4	ENSP00000262340	ENSP00000359245	0.868	True	False	7.8	328.7	True	True	BOTH_EXPRESSED
HK1	ALDOB	ENSP00000494664	ENSP00000497767	0.868	True	False	141.7	0.3	True	True	BOTH_EXPRESSED
PRPH2	BEST1	ENSP00000230381	ENSP00000399709	0.868	True	True	594.9	6.2	True	True	BOTH_EXPRESSED
PRPF31	MEPCE	ENSP00000324122	ENSP00000308546	0.868	True	False	7.6	10.5	True	True	BOTH_EXPRESSED
GUCY2D	LCA5	ENSP00000254854	ENSP00000376686	0.868	True	False	31.7	12.7	True	True	BOTH_EXPRESSED
DHX38	SRSF1	ENSP00000268482	ENSP00000258962	0.867	True	False	12.3	56.0	True	True	BOTH_EXPRESSED
CLN3	HMGCLL1	ENSP00000454229	ENSP00000381654	0.867	True	False	3.0	4.2	True	True	BOTH_EXPRESSED
SAG	KIF3A	ENSP00000386444	ENSP00000385808	0.867	True	False	1359.9	31.3	True	True	BOTH_EXPRESSED
ARL3	SYS1	ENSP00000260746	ENSP00000243918	0.867	True	False	89.3	19.9	True	True	BOTH_EXPRESSED
SNRNP200	EAPP	ENSP00000317123	ENSP00000250454	0.867	True	False	62.7	33.9	True	True	BOTH_EXPRESSED
AIPL1	HSP90AA1	ENSP00000370521	ENSP00000335153	0.867	True	False	775.1	1044.8	True	True	BOTH_EXPRESSED
BCOR	MLLT1	ENSP00000367705	ENSP00000252674	0.867	True	False	13.1	12.6	True	True	BOTH_EXPRESSED
ARL3	TBCC	ENSP00000260746	ENSP00000361967	0.866	True	False	89.3	14.3	True	True	BOTH_EXPRESSED
CFAP20	TUBB4B	ENSP00000262498	ENSP00000341289	0.866	True	False	26.4	243.1	True	True	BOTH_EXPRESSED
OFD1	RPGRIP1L	ENSP00000344314	ENSP00000493946	0.866	True	False	2.3	2.6	True	True	BOTH_EXPRESSED
SNRNP200	KIN	ENSP00000317123	ENSP00000368881	0.866	True	False	62.7	3.2	True	True	BOTH_EXPRESSED
RDH12	RPGRIP1	ENSP00000449079	ENSP00000382895	0.866	True	False	206.6	171.2	True	True	BOTH_EXPRESSED
IDH3B	HMGCL	ENSP00000482773	ENSP00000363614	0.866	True	False	42.7	14.9	True	True	BOTH_EXPRESSED
CLRN1	ADGRV1	ENSP00000329158	ENSP00000384582	0.866	True	False	11.8	16.8	True	True	BOTH_EXPRESSED
OFD1	ARL13B	ENSP00000344314	ENSP00000377769	0.866	True	False	2.3	16.8	True	True	BOTH_EXPRESSED
CFAP20	CFAP45	ENSP00000262498	ENSP00000357079	0.866	True	False	26.4	0.0	True	True	BELOW_THRESHOLD
PRPF4	TUT1	ENSP00000363313	ENSP00000308000	0.866	True	False	12.1	5.1	True	True	BOTH_EXPRESSED
SNRNP200	CTNNBL1	ENSP00000317123	ENSP00000355050	0.865	True	False	62.7	17.4	True	True	BOTH_EXPRESSED
SNRNP200	SDE2	ENSP00000317123	ENSP00000272091	0.865	True	False	62.7	4.7	True	True	BOTH_EXPRESSED
CNGB1	GUCA1B	ENSP00000251102	ENSP00000230361	0.865	True	False	557.0	432.4	True	True	BOTH_EXPRESSED
IDH3B	ASL	ENSP00000482773	ENSP00000307188	0.865	True	False	42.7	2.2	True	True	BOTH_EXPRESSED
IDH3G	ASL	ENSP00000217901	ENSP00000307188	0.865	True	False	22.7	2.2	True	True	BOTH_EXPRESSED
IDH3A	HMGCL	ENSP00000299518	ENSP00000363614	0.865	True	False	23.8	14.9	True	True	BOTH_EXPRESSED
RPGR	RAN	ENSP00000495537	ENSP00000446215	0.865	True	False	11.2	197.5	True	True	BOTH_EXPRESSED
PDE6G	PDE2A	ENSP00000328412	ENSP00000334910	0.865	True	False	1904.6	2.8	True	True	BOTH_EXPRESSED
RHO	RLBP1	ENSP00000296271	ENSP00000268125	0.864	True	True	3767.6	246.4	True	True	BOTH_EXPRESSED
GUCY2D	RCVRN	ENSP00000254854	ENSP00000226193	0.864	True	False	31.7	430.9	True	True	BOTH_EXPRESSED
CRX	FIZ1	ENSP00000221996	ENSP00000221665	0.864	True	False	202.2	10.9	True	True	BOTH_EXPRESSED
PRPF8	WBP11	ENSP00000460348	ENSP00000261167	0.864	True	False	76.4	19.8	True	True	BOTH_EXPRESSED
PRPF3	WDR53	ENSP00000315379	ENSP00000328079	0.864	True	False	40.3	8.2	True	True	BOTH_EXPRESSED
COQ2	HPD	ENSP00000310873	ENSP00000289004	0.864	True	False	3.7	0.3	True	True	BOTH_EXPRESSED
IDH3A	FH	ENSP00000299518	ENSP00000355518	0.864	True	False	23.8	50.0	True	True	BOTH_EXPRESSED
TULP1	CRX	ENSP00000229771	ENSP00000221996	0.863	True	True	194.3	202.2	True	True	BOTH_EXPRESSED
SAG	PPP1R9B	ENSP00000386444	ENSP00000478767	0.863	True	False	1359.9	7.3	True	True	BOTH_EXPRESSED
PRPF8	RP9	ENSP00000460348	ENSP00000297157	0.862	True	False	76.4	14.0	True	True	BOTH_EXPRESSED
PRPF8	LSM10	ENSP00000460348	ENSP00000319341	0.862	True	False	76.4	9.0	True	True	BOTH_EXPRESSED
DHX38	SF3B1	ENSP00000268482	ENSP00000335321	0.862	True	False	12.3	128.1	True	True	BOTH_EXPRESSED
RPE65	RPGRIP1	ENSP00000262340	ENSP00000382895	0.861	True	False	7.8	171.2	True	True	BOTH_EXPRESSED
COQ8B	PDSS2	ENSP00000315118	ENSP00000358033	0.861	True	False	1.2	5.6	True	True	BOTH_EXPRESSED
PRPF3	DAW1	ENSP00000315379	ENSP00000311899	0.861	True	False	40.3	1.1	True	True	BOTH_EXPRESSED
RLBP1	RBP1	ENSP00000268125	ENSP00000232219	0.861	True	False	246.4	21.6	True	True	BOTH_EXPRESSED
RP1L1	SOX7	ENSP00000371923	ENSP00000301921	0.861	True	False	41.0	0.3	True	True	BOTH_EXPRESSED
ARHGEF18	ENSP00000500339	ENSP00000482647	ENSP00000500339	0.861	True	False	4.6		True	False	UNKNOWN
AHI1	NPHP4	ENSP00000265602	ENSP00000367398	0.86	True	False	25.2	2.2	True	True	BOTH_EXPRESSED
CC2D2A	NPHP4	ENSP00000403465	ENSP00000367398	0.86	True	False	78.4	2.2	True	True	BOTH_EXPRESSED
IDH3B	MDH2	ENSP00000482773	ENSP00000327070	0.86	True	False	42.7	37.3	True	True	BOTH_EXPRESSED
RPE65	SPATA7	ENSP00000262340	ENSP00000377176	0.86	True	True	7.8	9.4	True	True	BOTH_EXPRESSED
COQ2	PARK7	ENSP00000310873	ENSP00000340278	0.86	True	False	3.7	253.6	True	True	BOTH_EXPRESSED
OFD1	IFT172	ENSP00000344314	ENSP00000260570	0.86	True	True	2.3	5.3	True	True	BOTH_EXPRESSED
PRPF4	U2AF1	ENSP00000363313	ENSP00000291552	0.86	True	False	12.1	68.4	True	True	BOTH_EXPRESSED
TULP1	SPATA7	ENSP00000229771	ENSP00000377176	0.86	True	True	194.3	9.4	True	True	BOTH_EXPRESSED
IDH3A	ALDH5A1	ENSP00000299518	ENSP00000314649	0.86	True	False	23.8	10.1	True	True	BOTH_EXPRESSED
CFAP20	TUBA1A	ENSP00000262498	ENSP00000439020	0.86	True	False	26.4	240.9	True	True	BOTH_EXPRESSED
DHX38	SNRPA	ENSP00000268482	ENSP00000243563	0.859	True	False	12.3	10.0	True	True	BOTH_EXPRESSED
MVK	SQLE	ENSP00000228510	ENSP00000265896	0.859	True	False	3.2	16.5	True	True	BOTH_EXPRESSED
RLBP1	RDH12	ENSP00000268125	ENSP00000449079	0.859	True	True	246.4	206.6	True	True	BOTH_EXPRESSED
IDH3A	ASL	ENSP00000299518	ENSP00000307188	0.859	True	False	23.8	2.2	True	True	BOTH_EXPRESSED
IMPDH1	EPHX2	ENSP00000345096	ENSP00000430269	0.859	True	False	98.6	19.9	True	True	BOTH_EXPRESSED
CRX	RPGRIP1	ENSP00000221996	ENSP00000382895	0.859	True	False	202.2	171.2	True	True	BOTH_EXPRESSED
OFD1	CCDC14	ENSP00000344314	ENSP00000420180	0.859	True	False	2.3	40.0	True	True	BOTH_EXPRESSED
RHO	RPGR	ENSP00000296271	ENSP00000495537	0.858	True	True	3767.6	11.2	True	True	BOTH_EXPRESSED
CLRN1	CDH23	ENSP00000329158	ENSP00000224721	0.858	True	False	11.8	13.4	True	True	BOTH_EXPRESSED
CERKL	EYS	ENSP00000341159	ENSP00000359655	0.857	True	True	19.5	23.1	True	True	BOTH_EXPRESSED
SPATA7	IMPDH1	ENSP00000377176	ENSP00000345096	0.857	True	True	9.4	98.6	True	True	BOTH_EXPRESSED
IDH3A	MDH2	ENSP00000299518	ENSP00000327070	0.857	True	False	23.8	37.3	True	True	BOTH_EXPRESSED
IFT172	IFT43	ENSP00000260570	ENSP00000238628	0.857	True	False	5.3	23.2	True	True	BOTH_EXPRESSED
IMPG2	EYS	ENSP00000193391	ENSP00000359655	0.856	True	True	282.9	23.1	True	True	BOTH_EXPRESSED
PRPF31	TFPT	ENSP00000324122	ENSP00000375639	0.856	True	False	7.6	4.7	True	True	BOTH_EXPRESSED
IDH3A	PDHB	ENSP00000299518	ENSP00000307241	0.856	True	False	23.8	28.4	True	True	BOTH_EXPRESSED
COQ2	HPDL	ENSP00000310873	ENSP00000335060	0.856	True	False	3.7	0.4	True	True	BOTH_EXPRESSED
COQ5	PDSS2	ENSP00000288532	ENSP00000358033	0.856	True	False	24.3	5.6	True	True	BOTH_EXPRESSED
AIPL1	AHR	ENSP00000370521	ENSP00000242057	0.856	True	False	775.1	3.7	True	True	BOTH_EXPRESSED
CRX	RDH12	ENSP00000221996	ENSP00000449079	0.856	True	True	202.2	206.6	True	True	BOTH_EXPRESSED
PDE6A	GUCY2F	ENSP00000255266	ENSP00000218006	0.855	True	False	1001.0	39.1	True	True	BOTH_EXPRESSED
SNRNP200	PPIL2	ENSP00000317123	ENSP00000486725	0.855	True	False	62.7	8.4	True	True	BOTH_EXPRESSED
IDH3A	ATP5F1A	ENSP00000299518	ENSP00000381736	0.855	True	False	23.8	431.2	True	True	BOTH_EXPRESSED
OFD1	LCA5	ENSP00000344314	ENSP00000376686	0.854	True	False	2.3	12.7	True	True	BOTH_EXPRESSED
TTC8	ARL6	ENSP00000482306	ENSP00000419619	0.854	True	True	34.7	35.2	True	True	BOTH_EXPRESSED
AIPL1	LCA5	ENSP00000370521	ENSP00000376686	0.854	True	False	775.1	12.7	True	True	BOTH_EXPRESSED
RHO	GTPBP4	ENSP00000296271	ENSP00000354040	0.854	True	False	3767.6	8.2	True	True	BOTH_EXPRESSED
COQ5	UBIAD1	ENSP00000288532	ENSP00000366006	0.854	True	False	24.3	7.4	True	True	BOTH_EXPRESSED
IDH3A	GPT	ENSP00000299518	ENSP00000378408	0.854	True	False	23.8	0.5	True	True	BOTH_EXPRESSED
IDH3A	SUCLG2	ENSP00000299518	ENSP00000419325	0.854	True	False	23.8	6.7	True	True	BOTH_EXPRESSED
IDH3G	SSR4	ENSP00000217901	ENSP00000317331	0.854	True	False	22.7	34.4	True	True	BOTH_EXPRESSED
PRPF8	SDHA	ENSP00000460348	ENSP00000264932	0.854	True	False	76.4	38.7	True	True	BOTH_EXPRESSED
PRPF31	C19orf54	ENSP00000324122	ENSP00000367564	0.854	True	False	7.6	4.9	True	True	BOTH_EXPRESSED
DHX38	SRSF4	ENSP00000268482	ENSP00000362900	0.854	True	False	12.3	41.5	True	True	BOTH_EXPRESSED
PRPF8	C19orf54	ENSP00000460348	ENSP00000367564	0.854	True	False	76.4	4.9	True	True	BOTH_EXPRESSED
BBS1	PCM1	ENSP00000317469	ENSP00000327077	0.853	True	False	19.9	52.9	True	True	BOTH_EXPRESSED
SNRNP200	GPKOW	ENSP00000317123	ENSP00000156109	0.853	True	False	62.7	11.1	True	True	BOTH_EXPRESSED
RHO	ASAP1	ENSP00000296271	ENSP00000429900	0.853	True	False	3767.6	8.0	True	True	BOTH_EXPRESSED
OFD1	TCOF1	ENSP00000344314	ENSP00000367028	0.853	True	False	2.3	8.9	True	True	BOTH_EXPRESSED
CNGB1	ABCA4	ENSP00000251102	ENSP00000359245	0.853	True	False	557.0	328.7	True	True	BOTH_EXPRESSED
SCLT1	NIN	ENSP00000281142	ENSP00000371472	0.853	True	False	2.7	16.7	True	True	BOTH_EXPRESSED
IDH3B	DBT	ENSP00000482773	ENSP00000359151	0.852	True	False	42.7	5.5	True	True	BOTH_EXPRESSED
OFD1	CEP131	ENSP00000344314	ENSP00000269392	0.852	True	False	2.3	1.7	True	True	BOTH_EXPRESSED
FAM161A	PEX19	ENSP00000385158	ENSP00000357051	0.852	True	False	26.9	28.6	True	True	BOTH_EXPRESSED
CREB3	KLHDC1	ENSP00000342136	ENSP00000352282	0.852	True	False	21.7	5.6	True	True	BOTH_EXPRESSED
IDH3A	HMGCLL1	ENSP00000299518	ENSP00000381654	0.851	True	False	23.8	4.2	True	True	BOTH_EXPRESSED
CNGB1	ROM1	ENSP00000251102	ENSP00000278833	0.851	True	False	557.0	1101.4	True	True	BOTH_EXPRESSED
RDH12	RD3	ENSP00000449079	ENSP00000355969	0.851	True	False	206.6	43.8	True	True	BOTH_EXPRESSED
IDH3B	HMGCLL1	ENSP00000482773	ENSP00000381654	0.851	True	False	42.7	4.2	True	True	BOTH_EXPRESSED
PRPF4	PRPF19	ENSP00000363313	ENSP00000227524	0.851	True	False	12.1	42.8	True	True	BOTH_EXPRESSED
IDH3B	GOT1	ENSP00000482773	ENSP00000359539	0.851	True	False	42.7	98.5	True	True	BOTH_EXPRESSED
RPGR	CACNA1F	ENSP00000495537	ENSP00000365441	0.851	True	False	11.2	116.2	True	True	BOTH_EXPRESSED
IDH3G	HMGCLL1	ENSP00000217901	ENSP00000381654	0.851	True	False	22.7	4.2	True	True	BOTH_EXPRESSED
RPE65	OPN4	ENSP00000262340	ENSP00000361141	0.851	True	False	7.8	0.8	True	True	BOTH_EXPRESSED
TMEM216	NPHP4	ENSP00000334844	ENSP00000367398	0.851	True	False	10.8	2.2	True	True	BOTH_EXPRESSED
LRAT	STRA6	ENSP00000337224	ENSP00000456609	0.85	True	False	0.9	0.0	True	True	BELOW_THRESHOLD
RPGR	SPATA7	ENSP00000495537	ENSP00000377176	0.85	True	True	11.2	9.4	True	True	BOTH_EXPRESSED
PRPF6	MTREX	ENSP00000266079	ENSP00000230640	0.85	True	False	33.8	16.5	True	True	BOTH_EXPRESSED
BCOR	PCGF5	ENSP00000367705	ENSP00000337500	0.85	True	False	13.1	15.0	True	True	BOTH_EXPRESSED
ARHGEF18	F11R	ENSP00000482647	ENSP00000357005	0.85	True	False	4.6	2.0	True	True	BOTH_EXPRESSED
SLC4A7	USH1C	ENSP00000390394	ENSP00000005226	0.85	True	False	67.5	17.6	True	True	BOTH_EXPRESSED
SNRNP200	C19orf54	ENSP00000317123	ENSP00000367564	0.85	True	False	62.7	4.9	True	True	BOTH_EXPRESSED
DHX38	AQR	ENSP00000268482	ENSP00000156471	0.849	True	False	12.3	7.4	True	True	BOTH_EXPRESSED
MVK	HMGCLL1	ENSP00000228510	ENSP00000381654	0.849	True	False	3.2	4.2	True	True	BOTH_EXPRESSED
OFD1	PCNT	ENSP00000344314	ENSP00000352572	0.849	True	False	2.3	1.3	True	True	BOTH_EXPRESSED
CFAP20	CFAP161	ENSP00000262498	ENSP00000286732	0.849	True	False	26.4	1.2	True	True	BOTH_EXPRESSED
PRPF4	C19orf54	ENSP00000363313	ENSP00000367564	0.849	True	False	12.1	4.9	True	True	BOTH_EXPRESSED
CRX	PDE6B	ENSP00000221996	ENSP00000420295	0.848	True	True	202.2	357.2	True	True	BOTH_EXPRESSED
RPE65	CEP290	ENSP00000262340	ENSP00000448012	0.848	True	False	7.8	6.6	True	True	BOTH_EXPRESSED
CRX	ATXN7-2	ENSP00000221996	ENSP00000439585	0.848	True	False	202.2		True	False	UNKNOWN
RDH12	LCA5	ENSP00000449079	ENSP00000376686	0.848	True	False	206.6	12.7	True	True	BOTH_EXPRESSED
IDH3A	GPT2	ENSP00000299518	ENSP00000345282	0.848	True	False	23.8	6.4	True	True	BOTH_EXPRESSED
IDH3A	GOT1L1	ENSP00000299518	ENSP00000303077	0.848	True	False	23.8	0.0	True	True	BELOW_THRESHOLD
DHX38	SRSF5	ENSP00000268482	ENSP00000452123	0.847	True	False	12.3	216.4	True	True	BOTH_EXPRESSED
DHX38	SRSF6	ENSP00000268482	ENSP00000244020	0.847	True	False	12.3	35.9	True	True	BOTH_EXPRESSED
SNRNP200	LSM10	ENSP00000317123	ENSP00000319341	0.847	True	False	62.7	9.0	True	True	BOTH_EXPRESSED
PRPF6	WDR53	ENSP00000266079	ENSP00000328079	0.847	True	False	33.8	8.2	True	True	BOTH_EXPRESSED
CFAP20	ARL2BP	ENSP00000262498	ENSP00000219204	0.846	True	True	26.4	34.8	True	True	BOTH_EXPRESSED
RHO	NR2E3	ENSP00000296271	ENSP00000482504	0.846	True	True	3767.6	121.9	True	True	BOTH_EXPRESSED
PRPF6	DAW1	ENSP00000266079	ENSP00000311899	0.846	True	False	33.8	1.1	True	True	BOTH_EXPRESSED
RPE65	PDE6B	ENSP00000262340	ENSP00000420295	0.846	True	True	7.8	357.2	True	True	BOTH_EXPRESSED
IDH3B	GPT2	ENSP00000482773	ENSP00000345282	0.846	True	False	42.7	6.4	True	True	BOTH_EXPRESSED
PRPF3	PRPF18	ENSP00000315379	ENSP00000367835	0.846	True	False	40.3	11.3	True	True	BOTH_EXPRESSED
BBS1	IFT88	ENSP00000317469	ENSP00000323580	0.845	True	False	19.9	30.2	True	True	BOTH_EXPRESSED
IDH3G	GPT2	ENSP00000217901	ENSP00000345282	0.845	True	False	22.7	6.4	True	True	BOTH_EXPRESSED
PRPF6	LSM10	ENSP00000266079	ENSP00000319341	0.845	True	False	33.8	9.0	True	True	BOTH_EXPRESSED
DHX38	SRSF2	ENSP00000268482	ENSP00000376276	0.845	True	False	12.3	49.5	True	True	BOTH_EXPRESSED
DHX38	BUD13	ENSP00000268482	ENSP00000260210	0.845	True	False	12.3	9.8	True	True	BOTH_EXPRESSED
PRPF31	CTNNBL1	ENSP00000324122	ENSP00000355050	0.845	True	False	7.6	17.4	True	True	BOTH_EXPRESSED
BBS9	CEP290	ENSP00000242067	ENSP00000448012	0.845	True	False	20.3	6.6	True	True	BOTH_EXPRESSED
PRPF3	PRPF19	ENSP00000315379	ENSP00000227524	0.845	True	False	40.3	42.8	True	True	BOTH_EXPRESSED
IDH3B	ALDH5A1	ENSP00000482773	ENSP00000314649	0.844	True	False	42.7	10.1	True	True	BOTH_EXPRESSED
PRPF6	ASCC3	ENSP00000266079	ENSP00000358159	0.844	True	False	33.8	5.2	True	True	BOTH_EXPRESSED
HK1	AKR1B1	ENSP00000494664	ENSP00000285930	0.844	True	False	141.7	33.8	True	True	BOTH_EXPRESSED
DHX38	CIR1	ENSP00000268482	ENSP00000339723	0.844	True	False	12.3	21.9	True	True	BOTH_EXPRESSED
ARL3	NPHP3	ENSP00000260746	ENSP00000338766	0.844	True	False	89.3	2.9	True	True	BOTH_EXPRESSED
DHDDS	UBIAD1	ENSP00000353104	ENSP00000366006	0.844	True	False	30.3	7.4	True	True	BOTH_EXPRESSED
IFT140	C11orf74	ENSP00000406012	ENSP00000403937	0.844	True	False	5.9		True	False	UNKNOWN
SAG	DRD2	ENSP00000386444	ENSP00000354859	0.844	True	False	1359.9	10.8	True	True	BOTH_EXPRESSED
CREB3	HDAC3	ENSP00000342136	ENSP00000302967	0.844	True	False	21.7	15.2	True	True	BOTH_EXPRESSED
IDH3B	ADSL	ENSP00000482773	ENSP00000485525	0.844	True	False	42.7	9.5	True	True	BOTH_EXPRESSED
IDH3G	ALDH5A1	ENSP00000217901	ENSP00000314649	0.844	True	False	22.7	10.1	True	True	BOTH_EXPRESSED
CFAP20	NME7	ENSP00000262498	ENSP00000356785	0.843	True	False	26.4	18.2	True	True	BOTH_EXPRESSED
RPE65	RPGR	ENSP00000262340	ENSP00000495537	0.843	True	True	7.8	11.2	True	True	BOTH_EXPRESSED
PDE6B	GUCA1B	ENSP00000420295	ENSP00000230361	0.843	True	False	357.2	432.4	True	True	BOTH_EXPRESSED
PRPF3	C19orf54	ENSP00000315379	ENSP00000367564	0.843	True	False	40.3	4.9	True	True	BOTH_EXPRESSED
KIZ	SCLT1	ENSP00000479542	ENSP00000281142	0.843	True	True	18.7	2.7	True	True	BOTH_EXPRESSED
PRPF8	TCERG1L	ENSP00000460348	ENSP00000357631	0.842	True	False	76.4	5.7	True	True	BOTH_EXPRESSED
IDH3G	GOT1	ENSP00000217901	ENSP00000359539	0.842	True	False	22.7	98.5	True	True	BOTH_EXPRESSED
SNRNP200	TCERG1L	ENSP00000317123	ENSP00000357631	0.842	True	False	62.7	5.7	True	True	BOTH_EXPRESSED
DHX38	RNF113A	ENSP00000268482	ENSP00000360497	0.842	True	False	12.3	14.5	True	True	BOTH_EXPRESSED
DHX38	PAPOLA	ENSP00000268482	ENSP00000216277	0.841	True	False	12.3	85.6	True	True	BOTH_EXPRESSED
PRPF31	EYS	ENSP00000324122	ENSP00000359655	0.841	True	True	7.6	23.1	True	True	BOTH_EXPRESSED
IMPG2	PCARE	ENSP00000193391	ENSP00000332809	0.841	True	True	282.9	26.4	True	True	BOTH_EXPRESSED
EYS	PCARE	ENSP00000359655	ENSP00000332809	0.841	True	True	23.1	26.4	True	True	BOTH_EXPRESSED
FAM161A	CCT7	ENSP00000385158	ENSP00000258091	0.841	True	False	26.9	76.7	True	True	BOTH_EXPRESSED
PRPF3	SF3B6	ENSP00000315379	ENSP00000233468	0.841	True	False	40.3	59.6	True	True	BOTH_EXPRESSED
SNRNP200	PPIE	ENSP00000317123	ENSP00000361918	0.841	True	False	62.7	20.0	True	True	BOTH_EXPRESSED
PRPF6	CDC40	ENSP00000266079	ENSP00000357928	0.841	True	False	33.8	13.7	True	True	BOTH_EXPRESSED
PRPF8	CTNNBL1	ENSP00000460348	ENSP00000355050	0.841	True	False	76.4	17.4	True	True	BOTH_EXPRESSED
IDH3B	GPT	ENSP00000482773	ENSP00000378408	0.841	True	False	42.7	0.5	True	True	BOTH_EXPRESSED
IDH3B	NDUFS2	ENSP00000482773	ENSP00000356972	0.841	True	False	42.7	33.5	True	True	BOTH_EXPRESSED
PRPF8	SNRNP48	ENSP00000460348	ENSP00000339834	0.841	True	False	76.4	6.7	True	True	BOTH_EXPRESSED
DHX38	SRRM1	ENSP00000268482	ENSP00000326261	0.841	True	False	12.3	49.3	True	True	BOTH_EXPRESSED
ZNF408	TSPAN12	ENSP00000309606	ENSP00000222747	0.84	True	False	1.2	1.7	True	True	BOTH_EXPRESSED
ARL6	BBIP1	ENSP00000419619	ENSP00000433157	0.84	True	False	35.2	46.4	True	True	BOTH_EXPRESSED
SPATA7	CEP290	ENSP00000377176	ENSP00000448012	0.84	True	False	9.4	6.6	True	True	BOTH_EXPRESSED
PRPF6	HFM1	ENSP00000266079	ENSP00000359454	0.84	True	False	33.8	4.2	True	True	BOTH_EXPRESSED
SNRNP200	WBP11	ENSP00000317123	ENSP00000261167	0.84	True	False	62.7	19.8	True	True	BOTH_EXPRESSED
AHI1	ABL1	ENSP00000265602	ENSP00000361423	0.84	True	False	25.2	10.3	True	True	BOTH_EXPRESSED
RPE65	RD3	ENSP00000262340	ENSP00000355969	0.84	True	False	7.8	43.8	True	True	BOTH_EXPRESSED
MVK	SH3YL1	ENSP00000228510	ENSP00000348471	0.84	True	False	3.2	9.9	True	True	BOTH_EXPRESSED
BBS1	PTCH1	ENSP00000317469	ENSP00000332353	0.839	True	False	19.9	7.8	True	True	BOTH_EXPRESSED
LRAT	RD3	ENSP00000337224	ENSP00000355969	0.839	True	False	0.9	43.8	True	True	BOTH_EXPRESSED
SNRNP200	UBL5	ENSP00000317123	ENSP00000351492	0.839	True	False	62.7	254.4	True	True	BOTH_EXPRESSED
PRPF6	PQBP1	ENSP00000266079	ENSP00000498362	0.839	True	False	33.8	25.2	True	True	BOTH_EXPRESSED
IMPDH1	ADSL	ENSP00000345096	ENSP00000485525	0.839	True	False	98.6	9.5	True	True	BOTH_EXPRESSED
IDH3G	GPT	ENSP00000217901	ENSP00000378408	0.838	True	False	22.7	0.5	True	True	BOTH_EXPRESSED
IFT140	TTC21A	ENSP00000406012	ENSP00000398211	0.838	True	False	5.9	0.9	True	True	BOTH_EXPRESSED
PRPF31	FSCN2	ENSP00000324122	ENSP00000334665	0.838	True	False	7.6	8.1	True	True	BOTH_EXPRESSED
IDH3G	RIMKLB	ENSP00000217901	ENSP00000350136	0.838	True	False	22.7	17.7	True	True	BOTH_EXPRESSED
IDH3A	NIT2	ENSP00000299518	ENSP00000377696	0.838	True	False	23.8	3.3	True	True	BOTH_EXPRESSED
PRPH2	ELOVL4	ENSP00000230381	ENSP00000358831	0.838	True	False	594.9	163.6	True	True	BOTH_EXPRESSED
PDE6G	GUCY2D	ENSP00000328412	ENSP00000254854	0.837	True	True	1904.6	31.7	True	True	BOTH_EXPRESSED
EYS	RPGR	ENSP00000359655	ENSP00000495537	0.837	True	True	23.1	11.2	True	True	BOTH_EXPRESSED
GUCY2D	MOCS1	ENSP00000254854	ENSP00000344794	0.837	True	False	31.7	2.7	True	True	BOTH_EXPRESSED
SLC66A1	CTNS	ENSP00000364295	ENSP00000371294	0.837	True	False	11.2	6.3	True	True	BOTH_EXPRESSED
CEP250	CNTRL	ENSP00000380661	ENSP00000362962	0.837	True	False	9.2	4.6	True	True	BOTH_EXPRESSED
PDSS1	APTX	ENSP00000365388	ENSP00000369145	0.837	True	False	1.7	7.4	True	True	BOTH_EXPRESSED
PRPF8	U2AF2	ENSP00000460348	ENSP00000307863	0.837	True	False	76.4	34.5	True	True	BOTH_EXPRESSED
CLN3	CTSD	ENSP00000454229	ENSP00000236671	0.837	True	False	3.0	44.9	True	True	BOTH_EXPRESSED
IDH3B	GOT1L1	ENSP00000482773	ENSP00000303077	0.836	True	False	42.7	0.0	True	True	BELOW_THRESHOLD
PDE6B	NXNL1	ENSP00000420295	ENSP00000305631	0.836	True	False	357.2	59.7	True	True	BOTH_EXPRESSED
IDH3G	GOT1L1	ENSP00000217901	ENSP00000303077	0.836	True	False	22.7	0.0	True	True	BELOW_THRESHOLD
IDH3B	RIMKLB	ENSP00000482773	ENSP00000350136	0.836	True	False	42.7	17.7	True	True	BOTH_EXPRESSED
IDH3A	RIMKLB	ENSP00000299518	ENSP00000350136	0.836	True	False	23.8	17.7	True	True	BOTH_EXPRESSED
GUCA1A	RD3	ENSP00000053469	ENSP00000355969	0.836	True	False	703.2	43.8	True	True	BOTH_EXPRESSED
SNRNP200	SNRNP48	ENSP00000317123	ENSP00000339834	0.835	True	False	62.7	6.7	True	True	BOTH_EXPRESSED
GUCY2D	PDE6H	ENSP00000254854	ENSP00000266395	0.835	True	False	31.7	844.1	True	True	BOTH_EXPRESSED
CNGB1	CNGA3	ENSP00000251102	ENSP00000272602	0.835	True	False	557.0	5.4	True	True	BOTH_EXPRESSED
CERKL	TULP1	ENSP00000341159	ENSP00000229771	0.835	True	True	19.5	194.3	True	True	BOTH_EXPRESSED
PRPH2	CNGB1	ENSP00000230381	ENSP00000251102	0.834	True	True	594.9	557.0	True	True	BOTH_EXPRESSED
EYS	ABCA4	ENSP00000359655	ENSP00000359245	0.834	True	False	23.1	328.7	True	True	BOTH_EXPRESSED
POMGNT1	B3GALNT2	ENSP00000361060	ENSP00000355559	0.834	True	False	10.1	3.6	True	True	BOTH_EXPRESSED
CNGB1	SH3BGRL	ENSP00000251102	ENSP00000362308	0.834	True	False	557.0	23.0	True	True	BOTH_EXPRESSED
IDH3A	ADSL	ENSP00000299518	ENSP00000485525	0.834	True	False	23.8	9.5	True	True	BOTH_EXPRESSED
CEP250	LRRC45	ENSP00000380661	ENSP00000306760	0.834	True	False	9.2	0.5	True	True	BOTH_EXPRESSED
SNRNP200	PRKRIP1	ENSP00000317123	ENSP00000419270	0.834	True	False	62.7	3.1	True	True	BOTH_EXPRESSED
GNAT1	LRAT	ENSP00000232461	ENSP00000337224	0.833	True	True	1040.7	0.9	True	True	BOTH_EXPRESSED
MVK	ACAA2	ENSP00000228510	ENSP00000285093	0.833	True	False	3.2	29.5	True	True	BOTH_EXPRESSED
MVK	DHCR7	ENSP00000228510	ENSP00000347717	0.833	True	False	3.2	7.1	True	True	BOTH_EXPRESSED
BCOR	CBX7	ENSP00000367705	ENSP00000216133	0.833	True	False	13.1	31.6	True	True	BOTH_EXPRESSED
CFAP20	TEKT1	ENSP00000262498	ENSP00000341346	0.833	True	False	26.4	0.1	True	True	BOTH_EXPRESSED
CFAP20	CFAP52	ENSP00000262498	ENSP00000339449	0.833	True	False	26.4	2.2	True	True	BOTH_EXPRESSED
GUCA1A	GUF1	ENSP00000053469	ENSP00000281543	0.833	True	False	703.2	6.2	True	True	BOTH_EXPRESSED
COQ2	HAO1	ENSP00000310873	ENSP00000368066	0.833	True	False	3.7	0.0	True	True	BELOW_THRESHOLD
COQ2	HAO2	ENSP00000310873	ENSP00000354314	0.833	True	False	3.7	0.0	True	True	BELOW_THRESHOLD
IDH3B	CS	ENSP00000482773	ENSP00000342056	0.832	True	False	42.7	119.5	True	True	BOTH_EXPRESSED
PRCD	PCARE	ENSP00000467661	ENSP00000332809	0.832	True	True	44.6	26.4	True	True	BOTH_EXPRESSED
RHO	GNB3	ENSP00000296271	ENSP00000229264	0.832	True	False	3767.6	396.1	True	True	BOTH_EXPRESSED
PRPF3	SMNDC1	ENSP00000315379	ENSP00000358616	0.832	True	False	40.3	15.4	True	True	BOTH_EXPRESSED
CLCC1	COX11	ENSP00000349456	ENSP00000299335	0.832	True	False	10.5	18.9	True	True	BOTH_EXPRESSED
DHX38	PPIE	ENSP00000268482	ENSP00000361918	0.832	True	False	12.3	20.0	True	True	BOTH_EXPRESSED
SNRNP200	RP9	ENSP00000317123	ENSP00000297157	0.832	True	False	62.7	14.0	True	True	BOTH_EXPRESSED
BEST1	MYRF	ENSP00000399709	ENSP00000278836	0.832	True	False	6.2	0.3	True	True	BOTH_EXPRESSED
IFT140	HSPB11	ENSP00000406012	ENSP00000194214	0.831	True	False	5.9	27.6	True	True	BOTH_EXPRESSED
AIPL1	HSPA4	ENSP00000370521	ENSP00000302961	0.831	True	False	775.1	85.1	True	True	BOTH_EXPRESSED
DHX38	SRRM3	ENSP00000268482	ENSP00000480851	0.831	True	False	12.3	25.2	True	True	BOTH_EXPRESSED
FLVCR1	HPX	ENSP00000355938	ENSP00000265983	0.831	True	False	6.3	1.5	True	True	BOTH_EXPRESSED
RDH12	ABCA4	ENSP00000449079	ENSP00000359245	0.831	True	False	206.6	328.7	True	True	BOTH_EXPRESSED
IDH3B	NIT2	ENSP00000482773	ENSP00000377696	0.831	True	False	42.7	3.3	True	True	BOTH_EXPRESSED
IDH3G	ADSL	ENSP00000217901	ENSP00000485525	0.831	True	False	22.7	9.5	True	True	BOTH_EXPRESSED
PRPF8	PPRC1	ENSP00000460348	ENSP00000278070	0.831	True	False	76.4	4.7	True	True	BOTH_EXPRESSED
MVK	HMGCS2	ENSP00000228510	ENSP00000358414	0.83	True	False	3.2	0.0	True	True	BELOW_THRESHOLD
IMPDH1	TULP1	ENSP00000345096	ENSP00000229771	0.83	True	True	98.6	194.3	True	True	BOTH_EXPRESSED
PRPF3	PPIA	ENSP00000315379	ENSP00000419425	0.83	True	False	40.3	460.2	True	True	BOTH_EXPRESSED
CYP4V2	GFM1	ENSP00000368079	ENSP00000264263	0.83	True	False	13.1	42.9	True	True	BOTH_EXPRESSED
MVK	IDI2	ENSP00000228510	ENSP00000277517	0.83	True	False	3.2	1.1	True	True	BOTH_EXPRESSED
AHI1	IQCB1	ENSP00000265602	ENSP00000311505	0.829	True	False	25.2	17.5	True	True	BOTH_EXPRESSED
TOPORS	UBE2D1	ENSP00000353735	ENSP00000363019	0.829	True	False	10.6	5.0	True	True	BOTH_EXPRESSED
PRPF31	SF3B6	ENSP00000324122	ENSP00000233468	0.829	True	False	7.6	59.6	True	True	BOTH_EXPRESSED
AIPL1	CEP290	ENSP00000370521	ENSP00000448012	0.829	True	False	775.1	6.6	True	True	BOTH_EXPRESSED
ARL3	ARL2BP	ENSP00000260746	ENSP00000219204	0.829	True	True	89.3	34.8	True	True	BOTH_EXPRESSED
MVK	GALK1	ENSP00000228510	ENSP00000225614	0.829	True	False	3.2	0.7	True	True	BOTH_EXPRESSED
BBS9	RAB8A	ENSP00000242067	ENSP00000300935	0.828	True	False	20.3	8.1	True	True	BOTH_EXPRESSED
CERKL	RDH12	ENSP00000341159	ENSP00000449079	0.828	True	True	19.5	206.6	True	True	BOTH_EXPRESSED
HK1	PFKFB3	ENSP00000494664	ENSP00000492001	0.828	True	False	141.7	29.2	True	True	BOTH_EXPRESSED
TULP1	GAS6	ENSP00000229771	ENSP00000331831	0.828	True	False	194.3	5.8	True	True	BOTH_EXPRESSED
PRPF8	TXNL4B	ENSP00000460348	ENSP00000268483	0.828	True	False	76.4	6.2	True	True	BOTH_EXPRESSED
SNRNP200	CACTIN	ENSP00000317123	ENSP00000415078	0.828	True	False	62.7	4.3	True	True	BOTH_EXPRESSED
GUCY2D	ABCA4	ENSP00000254854	ENSP00000359245	0.828	True	False	31.7	328.7	True	True	BOTH_EXPRESSED
PDE6G	GNGT2	ENSP00000328412	ENSP00000421710	0.828	True	False	1904.6	145.5	True	True	BOTH_EXPRESSED
RHO	PDC	ENSP00000296271	ENSP00000375855	0.828	True	False	3767.6	618.7	True	True	BOTH_EXPRESSED
RBP3	OPN1SW	ENSP00000463151	ENSP00000249389	0.828	True	False	504.0	38.0	True	True	BOTH_EXPRESSED
SNRNP200	COPS5	ENSP00000317123	ENSP00000350512	0.827	True	False	62.7	36.8	True	True	BOTH_EXPRESSED
CFAP20	RIBC2	ENSP00000262498	ENSP00000483356	0.827	True	False	26.4	0.2	True	True	BOTH_EXPRESSED
PRPH2	NPY2R	ENSP00000230381	ENSP00000332591	0.827	True	False	594.9	0.1	True	True	BOTH_EXPRESSED
CFAP20	FAM149B1	ENSP00000262498	ENSP00000242505	0.826	True	False	26.4	10.9	True	True	BOTH_EXPRESSED
CRX	IMPDH1	ENSP00000221996	ENSP00000345096	0.826	True	True	202.2	98.6	True	True	BOTH_EXPRESSED
GNAT1	OPN1SW	ENSP00000232461	ENSP00000249389	0.826	True	False	1040.7	38.0	True	True	BOTH_EXPRESSED
SNRNP200	DDB1	ENSP00000317123	ENSP00000301764	0.826	True	False	62.7	150.8	True	True	BOTH_EXPRESSED
PRPH2	GHRH	ENSP00000230381	ENSP00000362716	0.825	True	False	594.9	0.0	True	True	BELOW_THRESHOLD
RHO	GNB5	ENSP00000296271	ENSP00000261837	0.825	True	False	3767.6	111.3	True	True	BOTH_EXPRESSED
RHO	RDH8	ENSP00000296271	ENSP00000498711	0.825	True	False	3767.6	106.2	True	True	BOTH_EXPRESSED
PRPF6	SRRM1	ENSP00000266079	ENSP00000326261	0.825	True	False	33.8	49.3	True	True	BOTH_EXPRESSED
TTC8	WDPCP	ENSP00000482306	ENSP00000272321	0.825	True	False	34.7	11.0	True	True	BOTH_EXPRESSED
PRPH2	RP9	ENSP00000230381	ENSP00000297157	0.825	True	False	594.9	14.0	True	True	BOTH_EXPRESSED
DHX38	PABPN1	ENSP00000268482	ENSP00000216727	0.825	True	False	12.3	120.1	True	True	BOTH_EXPRESSED
CNGB1	CERKL	ENSP00000251102	ENSP00000341159	0.825	True	True	557.0	19.5	True	True	BOTH_EXPRESSED
CERKL	PDE6A	ENSP00000341159	ENSP00000255266	0.825	True	True	19.5	1001.0	True	True	BOTH_EXPRESSED
BBS2	RAB8A	ENSP00000245157	ENSP00000300935	0.825	True	False	12.0	8.1	True	True	BOTH_EXPRESSED
IDH3G	NIT2	ENSP00000217901	ENSP00000377696	0.825	True	False	22.7	3.3	True	True	BOTH_EXPRESSED
BBS9	WDPCP	ENSP00000242067	ENSP00000272321	0.825	True	False	20.3	11.0	True	True	BOTH_EXPRESSED
PRPF6	TCERG1	ENSP00000266079	ENSP00000296702	0.824	True	False	33.8	15.7	True	True	BOTH_EXPRESSED
IMPDH1	RD3	ENSP00000345096	ENSP00000355969	0.824	True	False	98.6	43.8	True	True	BOTH_EXPRESSED
PRPF31	RPGR	ENSP00000324122	ENSP00000495537	0.824	True	True	7.6	11.2	True	True	BOTH_EXPRESSED
PRPF31	TUT1	ENSP00000324122	ENSP00000308000	0.824	True	False	7.6	5.1	True	True	BOTH_EXPRESSED
GNAT1	RIC8A	ENSP00000232461	ENSP00000325941	0.824	True	False	1040.7	23.0	True	True	BOTH_EXPRESSED
GUCY2D	PITPNM3	ENSP00000254854	ENSP00000262483	0.824	True	False	31.7	7.3	True	True	BOTH_EXPRESSED
IDH3A	KIAA1217	ENSP00000299518	ENSP00000365637	0.824	True	False	23.8	22.1	True	True	BOTH_EXPRESSED
IDH3B	SDHA	ENSP00000482773	ENSP00000264932	0.824	True	False	42.7	38.7	True	True	BOTH_EXPRESSED
GUCY2D	LRAT	ENSP00000254854	ENSP00000337224	0.823	True	True	31.7	0.9	True	True	BOTH_EXPRESSED
CFAP20	C9orf135	ENSP00000262498	ENSP00000366402	0.823	True	False	26.4		True	False	UNKNOWN
DHX38	UPF3B	ENSP00000268482	ENSP00000276201	0.823	True	False	12.3	17.1	True	True	BOTH_EXPRESSED
USH2A	MYO15A	ENSP00000305941	ENSP00000495481	0.823	True	False	17.8	0.3	True	True	BOTH_EXPRESSED
CFAP20	CFAP126	ENSP00000262498	ENSP00000356951	0.823	True	False	26.4	30.4	True	True	BOTH_EXPRESSED
CFAP20	C1orf158	ENSP00000262498	ENSP00000477802	0.823	True	False	26.4		True	False	UNKNOWN
MERTK	GUCA1B	ENSP00000295408	ENSP00000230361	0.823	True	False	15.4	432.4	True	True	BOTH_EXPRESSED
IDH3A	DLAT	ENSP00000299518	ENSP00000280346	0.823	True	False	23.8	10.0	True	True	BOTH_EXPRESSED
CFAP20	SPAG8	ENSP00000262498	ENSP00000340982	0.823	True	False	26.4	0.2	True	True	BOTH_EXPRESSED
CFAP20	CFAP53	ENSP00000262498	ENSP00000381553	0.823	True	False	26.4	3.2	True	True	BOTH_EXPRESSED
CFAP20	C1orf194	ENSP00000262498	ENSP00000358965	0.823	True	False	26.4		True	False	UNKNOWN
CFAP20	C1orf189	ENSP00000262498	ENSP00000357511	0.823	True	False	26.4		True	False	UNKNOWN
PRPH2	BPIFA2	ENSP00000230381	ENSP00000253362	0.822	True	False	594.9	0.0	True	True	BELOW_THRESHOLD
CERKL	ABCA4	ENSP00000341159	ENSP00000359245	0.822	True	False	19.5	328.7	True	True	BOTH_EXPRESSED
AIPL1	IMPDH1	ENSP00000370521	ENSP00000345096	0.822	True	True	775.1	98.6	True	True	BOTH_EXPRESSED
DHX38	PPIL3	ENSP00000268482	ENSP00000286175	0.822	True	False	12.3	17.7	True	True	BOTH_EXPRESSED
HK1	AKR1B10	ENSP00000494664	ENSP00000352584	0.822	True	False	141.7	0.1	True	True	BOTH_EXPRESSED
SNRNP200	WDR53	ENSP00000317123	ENSP00000328079	0.822	True	False	62.7	8.2	True	True	BOTH_EXPRESSED
CFAP20	TEKT2	ENSP00000262498	ENSP00000207457	0.822	True	False	26.4	0.1	True	True	BOTH_EXPRESSED
SNRNP200	DAW1	ENSP00000317123	ENSP00000311899	0.822	True	False	62.7	1.1	True	True	BOTH_EXPRESSED
CFAP20	C15orf65	ENSP00000262498	ENSP00000456337	0.821	True	False	26.4		True	False	UNKNOWN
CFAP20	MNS1	ENSP00000262498	ENSP00000260453	0.821	True	False	26.4	4.3	True	True	BOTH_EXPRESSED
CFAP20	TEKT4	ENSP00000262498	ENSP00000295201	0.821	True	False	26.4	0.0	True	True	BELOW_THRESHOLD
CLCC1	UQCRFS1	ENSP00000349456	ENSP00000306397	0.821	True	False	10.5	24.7	True	True	BOTH_EXPRESSED
OFD1	C2CD3	ENSP00000344314	ENSP00000334379	0.821	True	False	2.3	7.7	True	True	BOTH_EXPRESSED
CFAP20	C9orf116	ENSP00000262498	ENSP00000395281	0.821	True	False	26.4		True	False	UNKNOWN
PRPF31	PRPF18	ENSP00000324122	ENSP00000367835	0.821	True	False	7.6	11.3	True	True	BOTH_EXPRESSED
AHI1	TMEM107	ENSP00000265602	ENSP00000314116	0.821	True	False	25.2	27.5	True	True	BOTH_EXPRESSED
CLCC1	COX15	ENSP00000349456	ENSP00000016171	0.821	True	False	10.5	14.2	True	True	BOTH_EXPRESSED
PRCD	IMPG2	ENSP00000467661	ENSP00000193391	0.82	True	True	44.6	282.9	True	True	BOTH_EXPRESSED
DHX38	SF3A1	ENSP00000268482	ENSP00000215793	0.82	True	False	12.3	33.8	True	True	BOTH_EXPRESSED
PRPF4	MEPCE	ENSP00000363313	ENSP00000308546	0.82	True	False	12.1	10.5	True	True	BOTH_EXPRESSED
PRPF4	SF3B6	ENSP00000363313	ENSP00000233468	0.82	True	False	12.1	59.6	True	True	BOTH_EXPRESSED
RHO	DYNLT1	ENSP00000296271	ENSP00000356056	0.82	True	False	3767.6	31.8	True	True	BOTH_EXPRESSED
CFAP20	CCDC173	ENSP00000262498	ENSP00000391504	0.82	True	False	26.4		True	False	UNKNOWN
MVK	SREBF2	ENSP00000228510	ENSP00000354476	0.82	True	False	3.2	19.5	True	True	BOTH_EXPRESSED
AHI1	INVS	ENSP00000265602	ENSP00000262457	0.819	True	False	25.2	10.9	True	True	BOTH_EXPRESSED
AHI1	CCP110	ENSP00000265602	ENSP00000370803	0.819	True	False	25.2	12.4	True	True	BOTH_EXPRESSED
ARL6	BBS9	ENSP00000419619	ENSP00000242067	0.819	True	True	35.2	20.3	True	True	BOTH_EXPRESSED
PRPF6	TSSC4	ENSP00000266079	ENSP00000331087	0.819	True	False	33.8	5.5	True	True	BOTH_EXPRESSED
IDH3A	SDHA	ENSP00000299518	ENSP00000264932	0.819	True	False	23.8	38.7	True	True	BOTH_EXPRESSED
MERTK	MFGE8	ENSP00000295408	ENSP00000268150	0.819	True	False	15.4	215.9	True	True	BOTH_EXPRESSED
RHO	RAB11A	ENSP00000296271	ENSP00000261890	0.819	True	False	3767.6	91.7	True	True	BOTH_EXPRESSED
GNAT1	GNGT2	ENSP00000232461	ENSP00000421710	0.819	True	False	1040.7	145.5	True	True	BOTH_EXPRESSED
PDE6G	RGS9	ENSP00000328412	ENSP00000262406	0.818	True	False	1904.6	1.2	True	True	BOTH_EXPRESSED
RPE65	IMPDH1	ENSP00000262340	ENSP00000345096	0.818	True	True	7.8	98.6	True	True	BOTH_EXPRESSED
DYNC2H1	RAB7A	ENSP00000497174	ENSP00000265062	0.818	True	False	9.5	96.2	True	True	BOTH_EXPRESSED
SPATA7	CRX	ENSP00000377176	ENSP00000221996	0.818	True	True	9.4	202.2	True	True	BOTH_EXPRESSED
IDH3G	MDH2	ENSP00000217901	ENSP00000327070	0.818	True	False	22.7	37.3	True	True	BOTH_EXPRESSED
BBS2	IFT88	ENSP00000245157	ENSP00000323580	0.818	True	False	12.0	30.2	True	True	BOTH_EXPRESSED
AIPL1	HSP90AB1	ENSP00000370521	ENSP00000360609	0.818	True	False	775.1	314.7	True	True	BOTH_EXPRESSED
GNAT1	GNB5	ENSP00000232461	ENSP00000261837	0.817	True	False	1040.7	111.3	True	True	BOTH_EXPRESSED
PRPF8	U2AF1	ENSP00000460348	ENSP00000291552	0.817	True	False	76.4	68.4	True	True	BOTH_EXPRESSED
DHX38	SRSF3	ENSP00000268482	ENSP00000362820	0.817	True	False	12.3	41.9	True	True	BOTH_EXPRESSED
IDH3G	PDHB	ENSP00000217901	ENSP00000307241	0.817	True	False	22.7	28.4	True	True	BOTH_EXPRESSED
CFAP20	TEKT3	ENSP00000262498	ENSP00000379263	0.817	True	False	26.4	0.6	True	True	BOTH_EXPRESSED
OFD1	BBS4	ENSP00000344314	ENSP00000268057	0.817	True	False	2.3	42.0	True	True	BOTH_EXPRESSED
RHO	ABCA4	ENSP00000296271	ENSP00000359245	0.817	True	False	3767.6	328.7	True	True	BOTH_EXPRESSED
MVK	LSS	ENSP00000228510	ENSP00000380837	0.817	True	False	3.2	6.3	True	True	BOTH_EXPRESSED
PDE6B	GUCY2F	ENSP00000420295	ENSP00000218006	0.816	True	False	357.2	39.1	True	True	BOTH_EXPRESSED
PRPF31	DAW1	ENSP00000324122	ENSP00000311899	0.816	True	False	7.6	1.1	True	True	BOTH_EXPRESSED
IDH3B	SDHB	ENSP00000482773	ENSP00000364649	0.816	True	False	42.7	58.3	True	True	BOTH_EXPRESSED
PDSS1	ACAD9	ENSP00000365388	ENSP00000312618	0.816	True	False	1.7	3.8	True	True	BOTH_EXPRESSED
CREB3	HTT	ENSP00000342136	ENSP00000347184	0.816	True	False	21.7	9.5	True	True	BOTH_EXPRESSED
PRPF31	WDR53	ENSP00000324122	ENSP00000328079	0.816	True	False	7.6	8.2	True	True	BOTH_EXPRESSED
PRPF8	PPARGC1A	ENSP00000460348	ENSP00000264867	0.816	True	False	76.4	3.9	True	True	BOTH_EXPRESSED
NR2E3	PRPH2	ENSP00000482504	ENSP00000230381	0.815	True	True	121.9	594.9	True	True	BOTH_EXPRESSED
PRPF8	DAW1	ENSP00000460348	ENSP00000311899	0.815	True	False	76.4	1.1	True	True	BOTH_EXPRESSED
RPGR	PRPH2	ENSP00000495537	ENSP00000230381	0.815	True	True	11.2	594.9	True	True	BOTH_EXPRESSED
PRCD	PDE6A	ENSP00000467661	ENSP00000255266	0.815	True	True	44.6	1001.0	True	True	BOTH_EXPRESSED
FAM161A	LCA5	ENSP00000385158	ENSP00000376686	0.815	True	False	26.9	12.7	True	True	BOTH_EXPRESSED
PRPF8	GFM1	ENSP00000460348	ENSP00000264263	0.815	True	False	76.4	42.9	True	True	BOTH_EXPRESSED
PRPF8	EFL1	ENSP00000460348	ENSP00000268206	0.815	True	False	76.4	4.7	True	True	BOTH_EXPRESSED
DHX38	SRSF9	ENSP00000268482	ENSP00000229390	0.815	True	False	12.3	4.2	True	True	BOTH_EXPRESSED
PRPF8	WDR53	ENSP00000460348	ENSP00000328079	0.815	True	False	76.4	8.2	True	True	BOTH_EXPRESSED
OFD1	NPHP1	ENSP00000344314	ENSP00000313169	0.815	True	False	2.3	10.0	True	True	BOTH_EXPRESSED
PRPF8	SDE2	ENSP00000460348	ENSP00000272091	0.815	True	False	76.4	4.7	True	True	BOTH_EXPRESSED
NRL	FSCN2	ENSP00000454062	ENSP00000334665	0.815	True	False	294.2	8.1	True	True	BOTH_EXPRESSED
IDH3A	ATP5F1C	ENSP00000299518	ENSP00000349142	0.814	True	False	23.8	149.6	True	True	BOTH_EXPRESSED
PRPF8	LRTOMT-2	ENSP00000460348	ENSP00000496019	0.814	True	False	76.4		True	False	UNKNOWN
SNRNP200	FUS	ENSP00000317123	ENSP00000254108	0.814	True	False	62.7	55.2	True	True	BOTH_EXPRESSED
PDE6A	EYS	ENSP00000255266	ENSP00000359655	0.814	True	True	1001.0	23.1	True	True	BOTH_EXPRESSED
OFD1	IQCB1	ENSP00000344314	ENSP00000311505	0.814	True	False	2.3	17.5	True	True	BOTH_EXPRESSED
IDH3B	NNT	ENSP00000482773	ENSP00000264663	0.814	True	False	42.7	11.9	True	True	BOTH_EXPRESSED
BBS1	IFT172	ENSP00000317469	ENSP00000260570	0.814	True	True	19.9	5.3	True	True	BOTH_EXPRESSED
RAX2	PITPNM3	ENSP00000450456	ENSP00000262483	0.814	True	False	59.9	7.3	True	True	BOTH_EXPRESSED
TTC8	MKS1	ENSP00000482306	ENSP00000376827	0.814	True	False	34.7	6.1	True	True	BOTH_EXPRESSED
PRPF8	LRMDA	ENSP00000460348	ENSP00000480240	0.814	True	False	76.4	2.2	True	True	BOTH_EXPRESSED
CRX	PRPH2	ENSP00000221996	ENSP00000230381	0.813	True	True	202.2	594.9	True	True	BOTH_EXPRESSED
PDE6A	RPE65	ENSP00000255266	ENSP00000262340	0.813	True	True	1001.0	7.8	True	True	BOTH_EXPRESSED
DHX38	MFAP1	ENSP00000268482	ENSP00000267812	0.813	True	False	12.3	23.1	True	True	BOTH_EXPRESSED
RDH12	EYS	ENSP00000449079	ENSP00000359655	0.813	True	True	206.6	23.1	True	True	BOTH_EXPRESSED
PRPF8	GCFC2	ENSP00000460348	ENSP00000318690	0.813	True	False	76.4	10.8	True	True	BOTH_EXPRESSED
SNRNP200	LRMDA	ENSP00000317123	ENSP00000480240	0.813	True	False	62.7	2.2	True	True	BOTH_EXPRESSED
SNRNP200	LRTOMT-2	ENSP00000317123	ENSP00000496019	0.813	True	False	62.7		True	False	UNKNOWN
HK1	GLYCTK	ENSP00000494664	ENSP00000389175	0.813	True	False	141.7	0.6	True	True	BOTH_EXPRESSED
CC2D2A	CCP110	ENSP00000403465	ENSP00000370803	0.813	True	False	78.4	12.4	True	True	BOTH_EXPRESSED
PRPH2	TULP1	ENSP00000230381	ENSP00000229771	0.812	True	True	594.9	194.3	True	True	BOTH_EXPRESSED
RHO	PDE6A	ENSP00000296271	ENSP00000255266	0.812	True	True	3767.6	1001.0	True	True	BOTH_EXPRESSED
DHX38	SRSF7	ENSP00000268482	ENSP00000325905	0.812	True	False	12.3	23.1	True	True	BOTH_EXPRESSED
SNRNP200	NKAP	ENSP00000317123	ENSP00000360464	0.812	True	False	62.7	8.9	True	True	BOTH_EXPRESSED
BBS9	SSTR3	ENSP00000242067	ENSP00000480971	0.812	True	False	20.3	0.2	True	True	BOTH_EXPRESSED
TULP1	ABCA4	ENSP00000229771	ENSP00000359245	0.812	True	False	194.3	328.7	True	True	BOTH_EXPRESSED
IDH3B	ATP5F1C	ENSP00000482773	ENSP00000349142	0.812	True	False	42.7	149.6	True	True	BOTH_EXPRESSED
KLHL7	TOPORS	ENSP00000343273	ENSP00000353735	0.811	True	True	13.9	10.6	True	True	BOTH_EXPRESSED
PRPF3	FSCN2	ENSP00000315379	ENSP00000334665	0.811	True	False	40.3	8.1	True	True	BOTH_EXPRESSED
MVK	NSDHL	ENSP00000228510	ENSP00000359297	0.811	True	False	3.2	9.7	True	True	BOTH_EXPRESSED
OFD1	TMEM67	ENSP00000344314	ENSP00000389998	0.811	True	False	2.3	3.0	True	True	BOTH_EXPRESSED
OFD1	IFT88	ENSP00000344314	ENSP00000323580	0.811	True	False	2.3	30.2	True	True	BOTH_EXPRESSED
SAG	GNAT1	ENSP00000386444	ENSP00000232461	0.811	True	True	1359.9	1040.7	True	True	BOTH_EXPRESSED
PRPF6	WBP11	ENSP00000266079	ENSP00000261167	0.811	True	False	33.8	19.8	True	True	BOTH_EXPRESSED
DHX38	SRSF11	ENSP00000268482	ENSP00000359988	0.811	True	False	12.3	28.9	True	True	BOTH_EXPRESSED
SAG	PDE4A	ENSP00000386444	ENSP00000370078	0.811	True	False	1359.9	4.9	True	True	BOTH_EXPRESSED
TTC8	NME3	ENSP00000482306	ENSP00000219302	0.811	True	False	34.7	2.6	True	True	BOTH_EXPRESSED
IMPDH1	PRPF31	ENSP00000345096	ENSP00000324122	0.811	True	True	98.6	7.6	True	True	BOTH_EXPRESSED
CNGB1	PRCD	ENSP00000251102	ENSP00000467661	0.811	True	True	557.0	44.6	True	True	BOTH_EXPRESSED
BEST1	ABCA4	ENSP00000399709	ENSP00000359245	0.811	True	False	6.2	328.7	True	True	BOTH_EXPRESSED
CNGB1	EYS	ENSP00000251102	ENSP00000359655	0.81	True	True	557.0	23.1	True	True	BOTH_EXPRESSED
PRPH2	AIPL1	ENSP00000230381	ENSP00000370521	0.81	True	True	594.9	775.1	True	True	BOTH_EXPRESSED
CRX	RD3	ENSP00000221996	ENSP00000355969	0.809	True	False	202.2	43.8	True	True	BOTH_EXPRESSED
PRPF6	C19orf54	ENSP00000266079	ENSP00000367564	0.809	True	False	33.8	4.9	True	True	BOTH_EXPRESSED
RHO	SRP68	ENSP00000296271	ENSP00000312066	0.809	True	False	3767.6	25.9	True	True	BOTH_EXPRESSED
PDE6A	GUCY1B1	ENSP00000255266	ENSP00000426786	0.809	True	False	1001.0	32.1	True	True	BOTH_EXPRESSED
IMPDH1	RP9	ENSP00000345096	ENSP00000297157	0.809	True	False	98.6	14.0	True	True	BOTH_EXPRESSED
LRAT	IMPDH1	ENSP00000337224	ENSP00000345096	0.808	True	True	0.9	98.6	True	True	BOTH_EXPRESSED
RPGR	RSPH4A	ENSP00000495537	ENSP00000229554	0.808	True	False	11.2	5.6	True	True	BOTH_EXPRESSED
DHX38	CCDC12	ENSP00000268482	ENSP00000292314	0.808	True	False	12.3	19.3	True	True	BOTH_EXPRESSED
RCBTB1	CUL3	ENSP00000367552	ENSP00000264414	0.808	True	False	45.9	37.1	True	True	BOTH_EXPRESSED
RDH12	CEP290	ENSP00000449079	ENSP00000448012	0.808	True	False	206.6	6.6	True	True	BOTH_EXPRESSED
AIPL1	PITPNM3	ENSP00000370521	ENSP00000262483	0.808	True	False	775.1	7.3	True	True	BOTH_EXPRESSED
BBS1	IFT27	ENSP00000317469	ENSP00000393541	0.807	True	False	19.9	14.5	True	True	BOTH_EXPRESSED
IMPG2	ZNF513	ENSP00000193391	ENSP00000318373	0.807	True	False	282.9	4.4	True	True	BOTH_EXPRESSED
CFAP20	DRAP1	ENSP00000262498	ENSP00000307850	0.807	True	False	26.4	23.3	True	True	BOTH_EXPRESSED
TULP1	CNGB1	ENSP00000229771	ENSP00000251102	0.807	True	True	194.3	557.0	True	True	BOTH_EXPRESSED
IDH3B	IL4I1	ENSP00000482773	ENSP00000472474	0.807	True	False	42.7	0.1	True	True	BOTH_EXPRESSED
CLRN1	CIB2	ENSP00000329158	ENSP00000258930	0.807	True	False	11.8	4.7	True	True	BOTH_EXPRESSED
IDH3B	SUCLG2	ENSP00000482773	ENSP00000419325	0.806	True	False	42.7	6.7	True	True	BOTH_EXPRESSED
PRPF8	CIR1	ENSP00000460348	ENSP00000339723	0.806	True	False	76.4	21.9	True	True	BOTH_EXPRESSED
PRPF3	TOPORS	ENSP00000315379	ENSP00000353735	0.806	True	True	40.3	10.6	True	True	BOTH_EXPRESSED
PRCD	ZNF513	ENSP00000467661	ENSP00000318373	0.806	True	False	44.6	4.4	True	True	BOTH_EXPRESSED
PDE6A	TULP1	ENSP00000255266	ENSP00000229771	0.806	True	True	1001.0	194.3	True	True	BOTH_EXPRESSED
DHX38	U2AF1	ENSP00000268482	ENSP00000291552	0.806	True	False	12.3	68.4	True	True	BOTH_EXPRESSED
LRAT	RPGRIP1	ENSP00000337224	ENSP00000382895	0.806	True	False	0.9	171.2	True	True	BOTH_EXPRESSED
SAG	GRK5	ENSP00000386444	ENSP00000376609	0.806	True	False	1359.9	0.9	True	True	BOTH_EXPRESSED
SNRNP200	FAM32A	ENSP00000317123	ENSP00000263384	0.805	True	False	62.7	26.1	True	True	BOTH_EXPRESSED
RHO	RAB8A	ENSP00000296271	ENSP00000300935	0.805	True	False	3767.6	8.1	True	True	BOTH_EXPRESSED
IDH3A	IL4I1	ENSP00000299518	ENSP00000472474	0.805	True	False	23.8	0.1	True	True	BOTH_EXPRESSED
CERKL	PCARE	ENSP00000341159	ENSP00000332809	0.805	True	True	19.5	26.4	True	True	BOTH_EXPRESSED
ARL6	BBS2	ENSP00000419619	ENSP00000245157	0.805	True	True	35.2	12.0	True	True	BOTH_EXPRESSED
RBP3	SAG	ENSP00000463151	ENSP00000386444	0.805	True	True	504.0	1359.9	True	True	BOTH_EXPRESSED
GUCY2D	GCH1	ENSP00000254854	ENSP00000477796	0.805	True	False	31.7	0.1	True	True	BOTH_EXPRESSED
SNRNP200	PPRC1	ENSP00000317123	ENSP00000278070	0.804	True	False	62.7	4.7	True	True	BOTH_EXPRESSED
SNRNP200	FRG1	ENSP00000317123	ENSP00000226798	0.804	True	False	62.7	3.5	True	True	BOTH_EXPRESSED
CLRN1	CACNG2	ENSP00000329158	ENSP00000300105	0.804	True	False	11.8	2.6	True	True	BOTH_EXPRESSED
RHO	GNAQ	ENSP00000296271	ENSP00000286548	0.804	True	False	3767.6	9.6	True	True	BOTH_EXPRESSED
IDH3G	IL4I1	ENSP00000217901	ENSP00000472474	0.804	True	False	22.7	0.1	True	True	BOTH_EXPRESSED
IDH3B	FH	ENSP00000482773	ENSP00000355518	0.804	True	False	42.7	50.0	True	True	BOTH_EXPRESSED
PRPF8	KIN	ENSP00000460348	ENSP00000368881	0.804	True	False	76.4	3.2	True	True	BOTH_EXPRESSED
CRX	FSCN2	ENSP00000221996	ENSP00000334665	0.804	True	False	202.2	8.1	True	True	BOTH_EXPRESSED
PDE6G	GNAT3	ENSP00000328412	ENSP00000381339	0.804	True	False	1904.6	0.0	True	True	BELOW_THRESHOLD
HGSNAT	ESCO1	ENSP00000368965	ENSP00000269214	0.803	True	False	12.6	7.2	True	True	BOTH_EXPRESSED
HK1	TIGAR	ENSP00000494664	ENSP00000179259	0.803	True	False	141.7	2.1	True	True	BOTH_EXPRESSED
SLC4A7	NEK10	ENSP00000390394	ENSP00000343847	0.803	True	False	67.5	4.4	True	True	BOTH_EXPRESSED
DYNC2H1	RAB7B	ENSP00000497174	ENSP00000479762	0.803	True	False	9.5	0.7	True	True	BOTH_EXPRESSED
IDH3G	SUCLG2	ENSP00000217901	ENSP00000419325	0.803	True	False	22.7	6.7	True	True	BOTH_EXPRESSED
IMPDH1	FSCN2	ENSP00000345096	ENSP00000334665	0.803	True	False	98.6	8.1	True	True	BOTH_EXPRESSED
PDE6A	ROM1	ENSP00000255266	ENSP00000278833	0.803	True	False	1001.0	1101.4	True	True	BOTH_EXPRESSED
SNRNP200	WDR70	ENSP00000317123	ENSP00000265107	0.803	True	False	62.7	4.9	True	True	BOTH_EXPRESSED
RHO	VSX2	ENSP00000296271	ENSP00000261980	0.802	True	False	3767.6	68.4	True	True	BOTH_EXPRESSED
CLRN1	PDZD7	ENSP00000329158	ENSP00000480489	0.802	True	False	11.8	2.1	True	True	BOTH_EXPRESSED
HGSNAT	ESCO2	ENSP00000368965	ENSP00000306999	0.802	True	False	12.6	0.5	True	True	BOTH_EXPRESSED
DHX38	FRG1	ENSP00000268482	ENSP00000226798	0.802	True	False	12.3	3.5	True	True	BOTH_EXPRESSED
RBP3	RBP1	ENSP00000463151	ENSP00000232219	0.802	True	False	504.0	21.6	True	True	BOTH_EXPRESSED
CFAP20	FAM166C	ENSP00000262498	ENSP00000332875	0.802	True	False	26.4	0.1	True	True	BOTH_EXPRESSED
PRPF8	NKAP	ENSP00000460348	ENSP00000360464	0.802	True	False	76.4	8.9	True	True	BOTH_EXPRESSED
PRPF8	FSCN2	ENSP00000460348	ENSP00000334665	0.802	True	False	76.4	8.1	True	True	BOTH_EXPRESSED
COQ2	DOLK	ENSP00000310873	ENSP00000361667	0.802	True	False	3.7	4.1	True	True	BOTH_EXPRESSED
GNAT1	OPN1MW	ENSP00000232461	ENSP00000472316	0.802	True	False	1040.7	12.6	True	True	BOTH_EXPRESSED
PCARE	ZNF513	ENSP00000332809	ENSP00000318373	0.801	True	False	26.4	4.4	True	True	BOTH_EXPRESSED
EYS	TULP1	ENSP00000359655	ENSP00000229771	0.801	True	True	23.1	194.3	True	True	BOTH_EXPRESSED
BBS1	TMEM67	ENSP00000317469	ENSP00000389998	0.801	True	False	19.9	3.0	True	True	BOTH_EXPRESSED
HK1	FCSK	ENSP00000494664	ENSP00000288078	0.801	True	False	141.7	2.7	True	True	BOTH_EXPRESSED
RPGR	DNAI1	ENSP00000495537	ENSP00000480538	0.801	True	False	11.2	2.5	True	True	BOTH_EXPRESSED
DYNC2H1	TTC21B	ENSP00000497174	ENSP00000243344	0.801	True	False	9.5	6.9	True	True	BOTH_EXPRESSED
IDH3G	FH	ENSP00000217901	ENSP00000355518	0.801	True	False	22.7	50.0	True	True	BOTH_EXPRESSED
MAK	MCM3	ENSP00000346484	ENSP00000480987	0.801	True	False	110.1	17.9	True	True	BOTH_EXPRESSED
HK1	DERA	ENSP00000494664	ENSP00000416583	0.8	True	False	141.7	26.1	True	True	BOTH_EXPRESSED
CNGA1	CERKL	ENSP00000384264	ENSP00000341159	0.8	True	True	244.8	19.5	True	True	BOTH_EXPRESSED
CREB3	TAF4B	ENSP00000342136	ENSP00000462980	0.8	True	False	21.7	0.2	True	True	BOTH_EXPRESSED
PRCD	CERKL	ENSP00000467661	ENSP00000341159	0.8	True	True	44.6	19.5	True	True	BOTH_EXPRESSED
PRCD	EYS	ENSP00000467661	ENSP00000359655	0.8	True	True	44.6	23.1	True	True	BOTH_EXPRESSED
CNGA1	RHO	ENSP00000384264	ENSP00000296271	0.8	True	True	244.8	3767.6	True	True	BOTH_EXPRESSED
SNRNP200	CRIPT	ENSP00000317123	ENSP00000238892	0.8	True	False	62.7	9.9	True	True	BOTH_EXPRESSED
DHX38	SF3B3	ENSP00000268482	ENSP00000305790	0.8	True	False	12.3	15.1	True	True	BOTH_EXPRESSED
SNRNP200	RBM48	ENSP00000317123	ENSP00000265732	0.8	True	False	62.7	6.0	True	True	BOTH_EXPRESSED
SNRNP200	SCNM1	ENSP00000317123	ENSP00000357901	0.8	True	False	62.7	12.7	True	True	BOTH_EXPRESSED
RHO	SRP19	ENSP00000296271	ENSP00000424870	0.8	True	False	3767.6	13.5	True	True	BOTH_EXPRESSED
RHO	SRP9	ENSP00000296271	ENSP00000305230	0.8	True	False	3767.6	152.8	True	True	BOTH_EXPRESSED
RHO	IGHV3-16	ENSP00000296271	ENSP00000478725	0.8	True	False	3767.6	0.0	True	True	BELOW_THRESHOLD
DYNC2H1	RILP	ENSP00000497174	ENSP00000301336	0.8	True	False	9.5	0.4	True	True	BOTH_EXPRESSED
DYNC2H1	EVC	ENSP00000497174	ENSP00000264956	0.8	True	False	9.5	1.6	True	True	BOTH_EXPRESSED
PRPH2	PRPF31	ENSP00000230381	ENSP00000324122	0.8	True	True	594.9	7.6	True	True	BOTH_EXPRESSED
CFAP20	FAM183A	ENSP00000262498	ENSP00000334415	0.8	True	False	26.4	0.2	True	True	BOTH_EXPRESSED
CFAP20	FAM166B	ENSP00000262498	ENSP00000382646	0.8	True	False	26.4	0.5	True	True	BOTH_EXPRESSED
SAG	CLTCL1	ENSP00000386444	ENSP00000441158	0.8	True	False	1359.9	1.9	True	True	BOTH_EXPRESSED
CFAP20	C11orf1	ENSP00000262498	ENSP00000260276	0.8	True	False	26.4	20.7	True	True	BOTH_EXPRESSED
CFAP20	SPACA9	ENSP00000262498	ENSP00000361209	0.8	True	False	26.4	7.6	True	True	BOTH_EXPRESSED
PRPF31	TOPORS	ENSP00000324122	ENSP00000353735	0.8	True	True	7.6	10.6	True	True	BOTH_EXPRESSED
CFAP20	C5orf49	ENSP00000262498	ENSP00000382708	0.8	True	False	26.4	1.3	True	True	BOTH_EXPRESSED
CFAP20	CFAP77	ENSP00000262498	ENSP00000343290	0.8	True	False	26.4	3.4	True	True	BOTH_EXPRESSED
BBS2	WDPCP	ENSP00000245157	ENSP00000272321	0.799	True	False	12.0	11.0	True	True	BOTH_EXPRESSED
MERTK	MEGF10	ENSP00000295408	ENSP00000423354	0.799	True	False	15.4	7.4	True	True	BOTH_EXPRESSED
TOPORS	RP9	ENSP00000353735	ENSP00000297157	0.799	True	False	10.6	14.0	True	True	BOTH_EXPRESSED
ARL6	BBS4	ENSP00000419619	ENSP00000268057	0.799	True	False	35.2	42.0	True	True	BOTH_EXPRESSED
SNRNP200	TBK1	ENSP00000317123	ENSP00000329967	0.799	True	False	62.7	5.8	True	True	BOTH_EXPRESSED
BBS2	CCDC28B	ENSP00000245157	ENSP00000413017	0.799	True	False	12.0	4.8	True	True	BOTH_EXPRESSED
SNRNP200	PPARGC1A	ENSP00000317123	ENSP00000264867	0.799	True	False	62.7	3.9	True	True	BOTH_EXPRESSED
PRPF31	LSM10	ENSP00000324122	ENSP00000319341	0.798	True	False	7.6	9.0	True	True	BOTH_EXPRESSED
NRL	RPE65	ENSP00000454062	ENSP00000262340	0.798	True	True	294.2	7.8	True	True	BOTH_EXPRESSED
LRAT	LCA5	ENSP00000337224	ENSP00000376686	0.798	True	False	0.9	12.7	True	True	BOTH_EXPRESSED
OFD1	NIN	ENSP00000344314	ENSP00000371472	0.798	True	False	2.3	16.7	True	True	BOTH_EXPRESSED
PRPF3	CCDC84	ENSP00000315379	ENSP00000334767	0.798	True	False	40.3		True	False	UNKNOWN
HGSNAT	GNS	ENSP00000368965	ENSP00000258145	0.797	True	False	12.6	23.2	True	True	BOTH_EXPRESSED
PRPF3	TFIP11	ENSP00000315379	ENSP00000384421	0.797	True	False	40.3	12.4	True	True	BOTH_EXPRESSED
TULP1	GUCA1B	ENSP00000229771	ENSP00000230361	0.797	True	False	194.3	432.4	True	True	BOTH_EXPRESSED
LRAT	MERTK	ENSP00000337224	ENSP00000295408	0.797	True	True	0.9	15.4	True	True	BOTH_EXPRESSED
AHI1	JAK2	ENSP00000265602	ENSP00000371067	0.797	True	False	25.2	11.9	True	True	BOTH_EXPRESSED
FAM161A	HSPE1	ENSP00000385158	ENSP00000233893	0.797	True	False	26.9	79.4	True	True	BOTH_EXPRESSED
PDE6A	GNGT2	ENSP00000255266	ENSP00000421710	0.797	True	False	1001.0	145.5	True	True	BOTH_EXPRESSED
SNRNP200	SART3	ENSP00000317123	ENSP00000449386	0.797	True	False	62.7	18.8	True	True	BOTH_EXPRESSED
PDE6A	PCARE	ENSP00000255266	ENSP00000332809	0.797	True	True	1001.0	26.4	True	True	BOTH_EXPRESSED
PDE6B	GUCY2C	ENSP00000420295	ENSP00000261170	0.797	True	False	357.2	0.1	True	True	BOTH_EXPRESSED
FAM161A	CRX	ENSP00000385158	ENSP00000221996	0.797	True	True	26.9	202.2	True	True	BOTH_EXPRESSED
SLC4A7	PPP3CB	ENSP00000390394	ENSP00000378306	0.796	True	False	67.5	52.8	True	True	BOTH_EXPRESSED
RPE65	PRPH2	ENSP00000262340	ENSP00000230381	0.796	True	True	7.8	594.9	True	True	BOTH_EXPRESSED
BBS1	WDPCP	ENSP00000317469	ENSP00000272321	0.796	True	False	19.9	11.0	True	True	BOTH_EXPRESSED
PDE6G	ZNF513	ENSP00000328412	ENSP00000318373	0.795	True	False	1904.6	4.4	True	True	BOTH_EXPRESSED
IMPDH1	PRPF8	ENSP00000345096	ENSP00000460348	0.795	True	True	98.6	76.4	True	True	BOTH_EXPRESSED
RPE65	LCA5	ENSP00000262340	ENSP00000376686	0.795	True	False	7.8	12.7	True	True	BOTH_EXPRESSED
COQ2	SQLE	ENSP00000310873	ENSP00000265896	0.795	True	False	3.7	16.5	True	True	BOTH_EXPRESSED
CRX	RBP3	ENSP00000221996	ENSP00000463151	0.794	True	True	202.2	504.0	True	True	BOTH_EXPRESSED
SAG	CLTC	ENSP00000386444	ENSP00000479606	0.794	True	False	1359.9	120.8	True	True	BOTH_EXPRESSED
IMPDH1	PPAT	ENSP00000345096	ENSP00000264220	0.794	True	False	98.6	4.1	True	True	BOTH_EXPRESSED
PDE6B	RPGR	ENSP00000420295	ENSP00000495537	0.794	True	True	357.2	11.2	True	True	BOTH_EXPRESSED
RPGR	WHRN	ENSP00000495537	ENSP00000354623	0.794	True	False	11.2	20.0	True	True	BOTH_EXPRESSED
SNRNP200	TFIP11	ENSP00000317123	ENSP00000384421	0.793	True	False	62.7	12.4	True	True	BOTH_EXPRESSED
PDE6G	PCARE	ENSP00000328412	ENSP00000332809	0.793	True	True	1904.6	26.4	True	True	BOTH_EXPRESSED
SLC4A7	CA2	ENSP00000390394	ENSP00000285379	0.793	True	False	67.5	361.8	True	True	BOTH_EXPRESSED
IMPDH1	LCA5	ENSP00000345096	ENSP00000376686	0.793	True	False	98.6	12.7	True	True	BOTH_EXPRESSED
IDH3A	BCKDHB	ENSP00000299518	ENSP00000318351	0.793	True	False	23.8	7.3	True	True	BOTH_EXPRESSED
GUCA1A	CABP1	ENSP00000053469	ENSP00000317310	0.793	True	False	703.2	23.9	True	True	BOTH_EXPRESSED
RHO	GNGT2	ENSP00000296271	ENSP00000421710	0.792	True	False	3767.6	145.5	True	True	BOTH_EXPRESSED
BBS9	NME3	ENSP00000242067	ENSP00000219302	0.792	True	False	20.3	2.6	True	True	BOTH_EXPRESSED
PRPF31	CERKL	ENSP00000324122	ENSP00000341159	0.792	True	True	7.6	19.5	True	True	BOTH_EXPRESSED
RBP3	ARR3	ENSP00000463151	ENSP00000311538	0.792	True	False	504.0	357.5	True	True	BOTH_EXPRESSED
CC2D2A	RAB8A	ENSP00000403465	ENSP00000300935	0.792	True	False	78.4	8.1	True	True	BOTH_EXPRESSED
PRPF8	DDX46	ENSP00000460348	ENSP00000416534	0.792	True	False	76.4	16.7	True	True	BOTH_EXPRESSED
CNGA1	EYS	ENSP00000384264	ENSP00000359655	0.791	True	True	244.8	23.1	True	True	BOTH_EXPRESSED
SLC4A7	ADGRV1	ENSP00000390394	ENSP00000384582	0.791	True	False	67.5	16.8	True	True	BOTH_EXPRESSED
PRPF3	TUT1	ENSP00000315379	ENSP00000308000	0.791	True	False	40.3	5.1	True	True	BOTH_EXPRESSED
DYNC2H1	NUDCD3	ENSP00000497174	ENSP00000347626	0.791	True	False	9.5	4.4	True	True	BOTH_EXPRESSED
CRX	ATXN7L2	ENSP00000221996	ENSP00000358886	0.791	True	False	202.2	0.2	True	True	BOTH_EXPRESSED
PRPH2	PDE6G	ENSP00000230381	ENSP00000328412	0.791	True	True	594.9	1904.6	True	True	BOTH_EXPRESSED
PRPF3	CERKL	ENSP00000315379	ENSP00000341159	0.791	True	True	40.3	19.5	True	True	BOTH_EXPRESSED
PDE6A	GUCA1B	ENSP00000255266	ENSP00000230361	0.791	True	False	1001.0	432.4	True	True	BOTH_EXPRESSED
PRPF3	IMPDH1	ENSP00000315379	ENSP00000345096	0.79	True	True	40.3	98.6	True	True	BOTH_EXPRESSED
CNGA1	PCARE	ENSP00000384264	ENSP00000332809	0.79	True	True	244.8	26.4	True	True	BOTH_EXPRESSED
CRX	BEST1	ENSP00000221996	ENSP00000399709	0.79	True	True	202.2	6.2	True	True	BOTH_EXPRESSED
USH2A	KCTD3	ENSP00000305941	ENSP00000259154	0.79	True	False	17.8	36.8	True	True	BOTH_EXPRESSED
RHO	GRK4	ENSP00000296271	ENSP00000381129	0.79	True	False	3767.6	9.3	True	True	BOTH_EXPRESSED
PCARE	RDH12	ENSP00000332809	ENSP00000449079	0.789	True	True	26.4	206.6	True	True	BOTH_EXPRESSED
PRPF8	TOPORS	ENSP00000460348	ENSP00000353735	0.789	True	True	76.4	10.6	True	True	BOTH_EXPRESSED
RPGR	RAB8A	ENSP00000495537	ENSP00000300935	0.789	True	False	11.2	8.1	True	True	BOTH_EXPRESSED
PRPF6	XAB2	ENSP00000266079	ENSP00000351137	0.789	True	False	33.8	8.3	True	True	BOTH_EXPRESSED
BEST1	RLBP1	ENSP00000399709	ENSP00000268125	0.789	True	True	6.2	246.4	True	True	BOTH_EXPRESSED
PRPF6	CDC5L	ENSP00000266079	ENSP00000360532	0.789	True	False	33.8	12.2	True	True	BOTH_EXPRESSED
SNRNP200	RNPC3	ENSP00000317123	ENSP00000432886	0.789	True	False	62.7	58.9	True	True	BOTH_EXPRESSED
RLBP1	AWAT2	ENSP00000268125	ENSP00000421172	0.789	True	False	246.4	0.0	True	True	BELOW_THRESHOLD
PDE6B	FAM161A	ENSP00000420295	ENSP00000385158	0.788	True	True	357.2	26.9	True	True	BOTH_EXPRESSED
IMPDH1	CTPS1	ENSP00000345096	ENSP00000497744	0.788	True	False	98.6	2.3	True	True	BOTH_EXPRESSED
TULP1	PCARE	ENSP00000229771	ENSP00000332809	0.788	True	True	194.3	26.4	True	True	BOTH_EXPRESSED
RDH12	RDH8	ENSP00000449079	ENSP00000498711	0.788	True	False	206.6	106.2	True	True	BOTH_EXPRESSED
RDH12	PDE6A	ENSP00000449079	ENSP00000255266	0.788	True	True	206.6	1001.0	True	True	BOTH_EXPRESSED
EYS	PRPH2	ENSP00000359655	ENSP00000230381	0.788	True	True	23.1	594.9	True	True	BOTH_EXPRESSED
SLC37A3	ATRAID	ENSP00000321498	ENSP00000484228	0.788	True	False	10.4	52.6	True	True	BOTH_EXPRESSED
GNAT1	GNAT3	ENSP00000232461	ENSP00000381339	0.788	True	False	1040.7	0.0	True	True	BELOW_THRESHOLD
CRX	ATXN7L1	ENSP00000221996	ENSP00000410759	0.788	True	False	202.2	1.9	True	True	BOTH_EXPRESSED
PRPF31	DDX39B	ENSP00000324122	ENSP00000416269	0.788	True	False	7.6	31.8	True	True	BOTH_EXPRESSED
CERKL	RPGR	ENSP00000341159	ENSP00000495537	0.787	True	True	19.5	11.2	True	True	BOTH_EXPRESSED
SCLT1	CLTC	ENSP00000281142	ENSP00000479606	0.787	True	False	2.7	120.8	True	True	BOTH_EXPRESSED
PRPF3	SEMA4A	ENSP00000315379	ENSP00000357265	0.787	True	False	40.3	1.8	True	True	BOTH_EXPRESSED
IMPG2	CERKL	ENSP00000193391	ENSP00000341159	0.787	True	True	282.9	19.5	True	True	BOTH_EXPRESSED
SAG	AGTR1	ENSP00000386444	ENSP00000398832	0.787	True	False	1359.9	0.9	True	True	BOTH_EXPRESSED
PRPF8	DNAJC5B	ENSP00000460348	ENSP00000276570	0.787	True	False	76.4	0.0	True	True	BELOW_THRESHOLD
PRPF8	DNAJC5	ENSP00000460348	ENSP00000354111	0.787	True	False	76.4	26.1	True	True	BOTH_EXPRESSED
MAK	CDC6	ENSP00000346484	ENSP00000209728	0.787	True	False	110.1	0.5	True	True	BOTH_EXPRESSED
RHO	TPM3	ENSP00000296271	ENSP00000498577	0.787	True	False	3767.6	55.9	True	True	BOTH_EXPRESSED
MAK	MCM2	ENSP00000346484	ENSP00000265056	0.787	True	False	110.1	3.2	True	True	BOTH_EXPRESSED
CNGB1	PCARE	ENSP00000251102	ENSP00000332809	0.786	True	True	557.0	26.4	True	True	BOTH_EXPRESSED
RPE65	CNGB1	ENSP00000262340	ENSP00000251102	0.786	True	True	7.8	557.0	True	True	BOTH_EXPRESSED
PRPF3	CDC5L	ENSP00000315379	ENSP00000360532	0.786	True	False	40.3	12.2	True	True	BOTH_EXPRESSED
MVK	FNTA	ENSP00000228510	ENSP00000303423	0.786	True	False	3.2	31.4	True	True	BOTH_EXPRESSED
IFT140	TTC30A	ENSP00000406012	ENSP00000347915	0.786	True	False	5.9	7.6	True	True	BOTH_EXPRESSED
POMGNT1	GMPPB	ENSP00000361060	ENSP00000309092	0.785	True	False	10.1	3.8	True	True	BOTH_EXPRESSED
PDE6A	PRPH2	ENSP00000255266	ENSP00000230381	0.785	True	True	1001.0	594.9	True	True	BOTH_EXPRESSED
BBS9	TMEM67	ENSP00000242067	ENSP00000389998	0.785	True	False	20.3	3.0	True	True	BOTH_EXPRESSED
CRX	MEF2D	ENSP00000221996	ENSP00000271555	0.785	True	False	202.2	46.3	True	True	BOTH_EXPRESSED
GUCY2D	PDE2A	ENSP00000254854	ENSP00000334910	0.785	True	False	31.7	2.8	True	True	BOTH_EXPRESSED
COQ5	HIGD1C	ENSP00000288532	ENSP00000381473	0.785	True	False	24.3	0.1	True	True	BOTH_EXPRESSED
INPP5E	SNAPC4	ENSP00000360777	ENSP00000298532	0.785	True	False	6.9	1.6	True	True	BOTH_EXPRESSED
CDHR1	TM4SF5	ENSP00000485478	ENSP00000270560	0.784	True	False	291.2	0.0	True	True	BELOW_THRESHOLD
CRX	PDE6A	ENSP00000221996	ENSP00000255266	0.784	True	True	202.2	1001.0	True	True	BOTH_EXPRESSED
RPGR	USH2A	ENSP00000495537	ENSP00000305941	0.784	True	True	11.2	17.8	True	True	BOTH_EXPRESSED
HK1	TPI1	ENSP00000494664	ENSP00000229270	0.784	True	False	141.7	580.2	True	True	BOTH_EXPRESSED
SNRNP200	DHX9	ENSP00000317123	ENSP00000356520	0.784	True	False	62.7	61.6	True	True	BOTH_EXPRESSED
CFAP410	PFKL	ENSP00000381047	ENSP00000269848	0.784	True	False	9.2	22.2	True	True	BOTH_EXPRESSED
CERKL	ZNF513	ENSP00000341159	ENSP00000318373	0.784	True	False	19.5	4.4	True	True	BOTH_EXPRESSED
SAG	FPR1	ENSP00000386444	ENSP00000471493	0.784	True	False	1359.9	1.5	True	True	BOTH_EXPRESSED
IDH3G	TIMM44	ENSP00000217901	ENSP00000270538	0.784	True	False	22.7	3.9	True	True	BOTH_EXPRESSED
MAK	ORC3	ENSP00000346484	ENSP00000257789	0.783	True	False	110.1	31.3	True	True	BOTH_EXPRESSED
PRPF4	ZGPAT	ENSP00000363313	ENSP00000332013	0.783	True	False	12.1	1.3	True	True	BOTH_EXPRESSED
CNGA1	ROM1	ENSP00000384264	ENSP00000278833	0.783	True	False	244.8	1101.4	True	True	BOTH_EXPRESSED
USH2A	RPS20	ENSP00000305941	ENSP00000429374	0.783	True	False	17.8	598.4	True	True	BOTH_EXPRESSED
USH2A	ABCA4	ENSP00000305941	ENSP00000359245	0.783	True	False	17.8	328.7	True	True	BOTH_EXPRESSED
MAK	ORC4	ENSP00000346484	ENSP00000441953	0.783	True	False	110.1	17.5	True	True	BOTH_EXPRESSED
PDE6B	NPR2	ENSP00000420295	ENSP00000341083	0.783	True	False	357.2	1.5	True	True	BOTH_EXPRESSED
PRPF6	DDX3X	ENSP00000266079	ENSP00000494040	0.783	True	False	33.8	75.6	True	True	BOTH_EXPRESSED
MAK	ORC5	ENSP00000346484	ENSP00000297431	0.782	True	False	110.1	13.1	True	True	BOTH_EXPRESSED
BCOR	USP7	ENSP00000367705	ENSP00000343535	0.782	True	False	13.1	20.1	True	True	BOTH_EXPRESSED
CNGB1	GUCA1C	ENSP00000251102	ENSP00000261047	0.782	True	False	557.0	274.8	True	True	BOTH_EXPRESSED
MAK	MCM5	ENSP00000346484	ENSP00000216122	0.782	True	False	110.1	2.1	True	True	BOTH_EXPRESSED
MAK	MCM7	ENSP00000346484	ENSP00000307288	0.782	True	False	110.1	9.9	True	True	BOTH_EXPRESSED
ARL3	ARL13B	ENSP00000260746	ENSP00000377769	0.782	True	False	89.3	16.8	True	True	BOTH_EXPRESSED
PDE6A	GUCY1A2	ENSP00000255266	ENSP00000282249	0.782	True	False	1001.0	3.2	True	True	BOTH_EXPRESSED
LRAT	OPN4	ENSP00000337224	ENSP00000361141	0.782	True	False	0.9	0.8	True	True	BOTH_EXPRESSED
PDE6A	GUCY2C	ENSP00000255266	ENSP00000261170	0.782	True	False	1001.0	0.1	True	True	BOTH_EXPRESSED
MAK	MCM4	ENSP00000346484	ENSP00000262105	0.782	True	False	110.1	10.6	True	True	BOTH_EXPRESSED
PRCD	PDE6G	ENSP00000467661	ENSP00000328412	0.782	True	True	44.6	1904.6	True	True	BOTH_EXPRESSED
PRPF4	GPKOW	ENSP00000363313	ENSP00000156109	0.782	True	False	12.1	11.1	True	True	BOTH_EXPRESSED
MAK	MCM6	ENSP00000346484	ENSP00000264156	0.782	True	False	110.1	3.0	True	True	BOTH_EXPRESSED
MVK	CYP51A1	ENSP00000228510	ENSP00000003100	0.782	True	False	3.2	26.7	True	True	BOTH_EXPRESSED
PDE6G	GUCY2F	ENSP00000328412	ENSP00000218006	0.782	True	False	1904.6	39.1	True	True	BOTH_EXPRESSED
MAK	ORC2	ENSP00000346484	ENSP00000234296	0.782	True	False	110.1	7.2	True	True	BOTH_EXPRESSED
MAK	CDT1	ENSP00000346484	ENSP00000301019	0.782	True	False	110.1	0.3	True	True	BOTH_EXPRESSED
OFD1	MKLN1	ENSP00000344314	ENSP00000323527	0.781	True	False	2.3	20.3	True	True	BOTH_EXPRESSED
DHX38	PRPF3	ENSP00000268482	ENSP00000315379	0.781	True	True	12.3	40.3	True	True	BOTH_EXPRESSED
PDE6A	GUCY1A1	ENSP00000255266	ENSP00000296518	0.781	True	False	1001.0	15.7	True	True	BOTH_EXPRESSED
PRCD	IDH3B	ENSP00000467661	ENSP00000482773	0.781	True	True	44.6	42.7	True	True	BOTH_EXPRESSED
CNGA1	GNAT1	ENSP00000384264	ENSP00000232461	0.781	True	True	244.8	1040.7	True	True	BOTH_EXPRESSED
GUCY2D	RDH12	ENSP00000254854	ENSP00000449079	0.781	True	True	31.7	206.6	True	True	BOTH_EXPRESSED
MVK	TM7SF2	ENSP00000228510	ENSP00000279263	0.781	True	False	3.2	5.6	True	True	BOTH_EXPRESSED
IDH3A	DBT	ENSP00000299518	ENSP00000359151	0.78	True	False	23.8	5.5	True	True	BOTH_EXPRESSED
IMPG2	PDE6A	ENSP00000193391	ENSP00000255266	0.78	True	True	282.9	1001.0	True	True	BOTH_EXPRESSED
TOPORS	FSCN2	ENSP00000353735	ENSP00000334665	0.78	True	False	10.6	8.1	True	True	BOTH_EXPRESSED
CRX	KCNG4	ENSP00000221996	ENSP00000312129	0.78	True	False	202.2	3.6	True	True	BOTH_EXPRESSED
PRPF6	GCFC2	ENSP00000266079	ENSP00000318690	0.78	True	False	33.8	10.8	True	True	BOTH_EXPRESSED
NRL	PDE6B	ENSP00000454062	ENSP00000420295	0.779	True	True	294.2	357.2	True	True	BOTH_EXPRESSED
CERKL	FSCN2	ENSP00000341159	ENSP00000334665	0.779	True	False	19.5	8.1	True	True	BOTH_EXPRESSED
SAG	NEDD4L	ENSP00000386444	ENSP00000383199	0.779	True	False	1359.9	19.0	True	True	BOTH_EXPRESSED
FAM161A	CCT8L2	ENSP00000385158	ENSP00000353048	0.779	True	False	26.9	0.0	True	True	BELOW_THRESHOLD
CNGA1	TULP1	ENSP00000384264	ENSP00000229771	0.779	True	True	244.8	194.3	True	True	BOTH_EXPRESSED
CNGA1	PRPH2	ENSP00000384264	ENSP00000230381	0.779	True	True	244.8	594.9	True	True	BOTH_EXPRESSED
SAG	CALML4	ENSP00000386444	ENSP00000419081	0.779	True	False	1359.9	3.1	True	True	BOTH_EXPRESSED
PRPF3	XAB2	ENSP00000315379	ENSP00000351137	0.779	True	False	40.3	8.3	True	True	BOTH_EXPRESSED
ZNF408	RNF25	ENSP00000309606	ENSP00000295704	0.779	True	False	1.2	6.5	True	True	BOTH_EXPRESSED
IFT172	SUFU	ENSP00000260570	ENSP00000358918	0.779	True	False	5.3	4.3	True	True	BOTH_EXPRESSED
FAM161A	CCT8	ENSP00000385158	ENSP00000286788	0.779	True	False	26.9	66.0	True	True	BOTH_EXPRESSED
BBS1	RABIF	ENSP00000317469	ENSP00000356231	0.779	True	False	19.9	6.3	True	True	BOTH_EXPRESSED
TULP1	RD3	ENSP00000229771	ENSP00000355969	0.779	True	False	194.3	43.8	True	True	BOTH_EXPRESSED
MVK	MMAB	ENSP00000228510	ENSP00000445920	0.778	True	False	3.2	6.8	True	True	BOTH_EXPRESSED
PDE6A	GNB3	ENSP00000255266	ENSP00000229264	0.778	True	False	1001.0	396.1	True	True	BOTH_EXPRESSED
PRPF31	CD2BP2	ENSP00000324122	ENSP00000304903	0.778	True	False	7.6	15.0	True	True	BOTH_EXPRESSED
CERKL	RP9	ENSP00000341159	ENSP00000297157	0.778	True	False	19.5	14.0	True	True	BOTH_EXPRESSED
PRPF3	NKAP	ENSP00000315379	ENSP00000360464	0.778	True	False	40.3	8.9	True	True	BOTH_EXPRESSED
RPGR	RSPH9	ENSP00000495537	ENSP00000361238	0.778	True	False	11.2	0.9	True	True	BOTH_EXPRESSED
CEP162	TUBG1	ENSP00000385215	ENSP00000251413	0.778	True	False	2.6	9.9	True	True	BOTH_EXPRESSED
PDE6G	GUCA1B	ENSP00000328412	ENSP00000230361	0.777	True	False	1904.6	432.4	True	True	BOTH_EXPRESSED
IMPDH1	TOPORS	ENSP00000345096	ENSP00000353735	0.777	True	True	98.6	10.6	True	True	BOTH_EXPRESSED
SNRNP200	GCFC2	ENSP00000317123	ENSP00000318690	0.777	True	False	62.7	10.8	True	True	BOTH_EXPRESSED
DHDDS	DOLK	ENSP00000353104	ENSP00000361667	0.777	True	False	30.3	4.1	True	True	BOTH_EXPRESSED
TULP1	PRCD	ENSP00000229771	ENSP00000467661	0.777	True	True	194.3	44.6	True	True	BOTH_EXPRESSED
DHDDS	MRRF	ENSP00000353104	ENSP00000343867	0.777	True	False	30.3	13.4	True	True	BOTH_EXPRESSED
CNGB1	GUCY2D	ENSP00000251102	ENSP00000254854	0.776	True	True	557.0	31.7	True	True	BOTH_EXPRESSED
TOPORS	BLOC1S2	ENSP00000353735	ENSP00000359398	0.776	True	False	10.6	17.5	True	True	BOTH_EXPRESSED
PDE6A	RPGR	ENSP00000255266	ENSP00000495537	0.775	True	True	1001.0	11.2	True	True	BOTH_EXPRESSED
BBS2	MKKS	ENSP00000245157	ENSP00000246062	0.775	True	False	12.0	21.1	True	True	BOTH_EXPRESSED
IMPG2	PDE6G	ENSP00000193391	ENSP00000328412	0.775	True	True	282.9	1904.6	True	True	BOTH_EXPRESSED
IMPG2	BEST1	ENSP00000193391	ENSP00000399709	0.775	True	True	282.9	6.2	True	True	BOTH_EXPRESSED
CRX	LRAT	ENSP00000221996	ENSP00000337224	0.775	True	True	202.2	0.9	True	True	BOTH_EXPRESSED
RPGR	DNAH5	ENSP00000495537	ENSP00000265104	0.775	True	False	11.2	0.0	True	True	BELOW_THRESHOLD
PDE6B	GUCY1A2	ENSP00000420295	ENSP00000282249	0.775	True	False	357.2	3.2	True	True	BOTH_EXPRESSED
SLC4A7	TOX3	ENSP00000390394	ENSP00000219746	0.775	True	False	67.5	16.4	True	True	BOTH_EXPRESSED
PRPF4	TXNL4B	ENSP00000363313	ENSP00000268483	0.775	True	False	12.1	6.2	True	True	BOTH_EXPRESSED
RAX2	GUCY2D	ENSP00000450456	ENSP00000254854	0.774	True	True	59.9	31.7	True	True	BOTH_EXPRESSED
RPE65	EYS	ENSP00000262340	ENSP00000359655	0.774	True	True	7.8	23.1	True	True	BOTH_EXPRESSED
DHDDS	DOLPP1	ENSP00000353104	ENSP00000361625	0.774	True	False	30.3	3.5	True	True	BOTH_EXPRESSED
PRCD	CNGA1	ENSP00000467661	ENSP00000384264	0.774	True	True	44.6	244.8	True	True	BOTH_EXPRESSED
IMPG2	RDH12	ENSP00000193391	ENSP00000449079	0.774	True	True	282.9	206.6	True	True	BOTH_EXPRESSED
EYS	ZNF513	ENSP00000359655	ENSP00000318373	0.774	True	False	23.1	4.4	True	True	BOTH_EXPRESSED
IDH3G	ATP5F1C	ENSP00000217901	ENSP00000349142	0.774	True	False	22.7	149.6	True	True	BOTH_EXPRESSED
GUCY2D	CEP290	ENSP00000254854	ENSP00000448012	0.774	True	False	31.7	6.6	True	True	BOTH_EXPRESSED
RPE65	CERKL	ENSP00000262340	ENSP00000341159	0.774	True	True	7.8	19.5	True	True	BOTH_EXPRESSED
AIPL1	SEMA4A	ENSP00000370521	ENSP00000357265	0.774	True	False	775.1	1.8	True	True	BOTH_EXPRESSED
PDE6A	ADCY3	ENSP00000255266	ENSP00000384484	0.774	True	False	1001.0	3.8	True	True	BOTH_EXPRESSED
CNGB1	AIPL1	ENSP00000251102	ENSP00000370521	0.773	True	True	557.0	775.1	True	True	BOTH_EXPRESSED
CFAP410	MX1	ENSP00000381047	ENSP00000381601	0.773	True	False	9.2	3.5	True	True	BOTH_EXPRESSED
RDH12	CNGB1	ENSP00000449079	ENSP00000251102	0.773	True	True	206.6	557.0	True	True	BOTH_EXPRESSED
HK1	PFKFB2	ENSP00000494664	ENSP00000356047	0.773	True	False	141.7	77.2	True	True	BOTH_EXPRESSED
CNGB1	IMPG2	ENSP00000251102	ENSP00000193391	0.773	True	True	557.0	282.9	True	True	BOTH_EXPRESSED
CNGB1	SH3BGR	ENSP00000251102	ENSP00000332513	0.773	True	False	557.0	13.9	True	True	BOTH_EXPRESSED
AIPL1	GUCA1A	ENSP00000370521	ENSP00000053469	0.773	True	True	775.1	703.2	True	True	BOTH_EXPRESSED
IMPG2	PRPH2	ENSP00000193391	ENSP00000230381	0.773	True	True	282.9	594.9	True	True	BOTH_EXPRESSED
NR2E3	RPE65	ENSP00000482504	ENSP00000262340	0.773	True	True	121.9	7.8	True	True	BOTH_EXPRESSED
DYNC2H1	WDR19	ENSP00000497174	ENSP00000382717	0.773	True	False	9.5	12.0	True	True	BOTH_EXPRESSED
CRX	CEP290	ENSP00000221996	ENSP00000448012	0.773	True	False	202.2	6.6	True	True	BOTH_EXPRESSED
CRX	LCA5	ENSP00000221996	ENSP00000376686	0.773	True	False	202.2	12.7	True	True	BOTH_EXPRESSED
CNGA1	SLC24A1	ENSP00000384264	ENSP00000261892	0.773	True	True	244.8	179.2	True	True	BOTH_EXPRESSED
POMGNT1	ADGRL2	ENSP00000361060	ENSP00000359765	0.773	True	False	10.1	23.2	True	True	BOTH_EXPRESSED
IMPDH1	GART	ENSP00000345096	ENSP00000371253	0.773	True	False	98.6	19.3	True	True	BOTH_EXPRESSED
IMPDH1	RPGRIP1	ENSP00000345096	ENSP00000382895	0.773	True	False	98.6	171.2	True	True	BOTH_EXPRESSED
KLHL7	KLHL40	ENSP00000343273	ENSP00000287777	0.773	True	False	13.9	0.1	True	True	BOTH_EXPRESSED
SCLT1	LRRC45	ENSP00000281142	ENSP00000306760	0.772	True	False	2.7	0.5	True	True	BOTH_EXPRESSED
PDE6A	ADCY5	ENSP00000255266	ENSP00000419361	0.772	True	False	1001.0	5.2	True	True	BOTH_EXPRESSED
PRPF8	DHX9	ENSP00000460348	ENSP00000356520	0.772	True	False	76.4	61.6	True	True	BOTH_EXPRESSED
PCARE	GUCA1B	ENSP00000332809	ENSP00000230361	0.772	True	False	26.4	432.4	True	True	BOTH_EXPRESSED
TMEM216	CPLANE1	ENSP00000334844	ENSP00000389014	0.772	True	False	10.8	5.3	True	True	BOTH_EXPRESSED
SAG	PDC	ENSP00000386444	ENSP00000375855	0.772	True	False	1359.9	618.7	True	True	BOTH_EXPRESSED
POMGNT1	DPM3	ENSP00000361060	ENSP00000357384	0.772	True	False	10.1	9.6	True	True	BOTH_EXPRESSED
RDH12	GUCA1B	ENSP00000449079	ENSP00000230361	0.772	True	False	206.6	432.4	True	True	BOTH_EXPRESSED
CNGB1	RPGR	ENSP00000251102	ENSP00000495537	0.771	True	True	557.0	11.2	True	True	BOTH_EXPRESSED
PRPF8	ZNHIT2	ENSP00000460348	ENSP00000308548	0.771	True	False	76.4	0.8	True	True	BOTH_EXPRESSED
PDE6G	GUCY1A2	ENSP00000328412	ENSP00000282249	0.771	True	False	1904.6	3.2	True	True	BOTH_EXPRESSED
CRX	ABCA4	ENSP00000221996	ENSP00000359245	0.771	True	False	202.2	328.7	True	True	BOTH_EXPRESSED
DHX38	SF3B2	ENSP00000268482	ENSP00000318861	0.771	True	False	12.3	89.5	True	True	BOTH_EXPRESSED
DHX38	SF3A3	ENSP00000268482	ENSP00000362110	0.771	True	False	12.3	27.7	True	True	BOTH_EXPRESSED
SAG	OPRM1	ENSP00000386444	ENSP00000394624	0.77	True	False	1359.9	0.9	True	True	BOTH_EXPRESSED
PRPF3	CD2BP2	ENSP00000315379	ENSP00000304903	0.77	True	False	40.3	15.0	True	True	BOTH_EXPRESSED
PDE6B	NPR1	ENSP00000420295	ENSP00000357669	0.77	True	False	357.2	0.1	True	True	BOTH_EXPRESSED
IFT172	GLI2	ENSP00000260570	ENSP00000390436	0.77	True	False	5.3	0.0	True	True	BELOW_THRESHOLD
PDE6A	NR2E3	ENSP00000255266	ENSP00000482504	0.769	True	True	1001.0	121.9	True	True	BOTH_EXPRESSED
GNAT1	GNG4	ENSP00000232461	ENSP00000398629	0.769	True	False	1040.7	2.3	True	True	BOTH_EXPRESSED
IDH3B	CYC1	ENSP00000482773	ENSP00000317159	0.769	True	False	42.7	39.0	True	True	BOTH_EXPRESSED
SLC7A14	FRRS1L	ENSP00000231706	ENSP00000477141	0.768	True	False	5.7	7.2	True	True	BOTH_EXPRESSED
COQ2	KMO	ENSP00000310873	ENSP00000355517	0.768	True	False	3.7	0.1	True	True	BOTH_EXPRESSED
PRPH2	CERKL	ENSP00000230381	ENSP00000341159	0.768	True	True	594.9	19.5	True	True	BOTH_EXPRESSED
TTC8	C8orf37	ENSP00000482306	ENSP00000286688	0.768	True	False	34.7		True	False	UNKNOWN
BBS9	AP1G1	ENSP00000242067	ENSP00000377148	0.768	True	False	20.3	48.8	True	True	BOTH_EXPRESSED
KLHL7	KLHL24	ENSP00000343273	ENSP00000395012	0.768	True	False	13.9	14.9	True	True	BOTH_EXPRESSED
RHO	PRKCA	ENSP00000296271	ENSP00000408695	0.768	True	False	3767.6	27.9	True	True	BOTH_EXPRESSED
GNAT1	GNG11	ENSP00000232461	ENSP00000248564	0.768	True	False	1040.7	1.4	True	True	BOTH_EXPRESSED
RAX2	ABCA4	ENSP00000450456	ENSP00000359245	0.768	True	False	59.9	328.7	True	True	BOTH_EXPRESSED
BBS2	CLUAP1	ENSP00000245157	ENSP00000344392	0.767	True	False	12.0	26.7	True	True	BOTH_EXPRESSED
PRPH2	RDH12	ENSP00000230381	ENSP00000449079	0.767	True	True	594.9	206.6	True	True	BOTH_EXPRESSED
BBS9	TRIM32	ENSP00000242067	ENSP00000408292	0.767	True	False	20.3	6.7	True	True	BOTH_EXPRESSED
PDE6A	ABCA4	ENSP00000255266	ENSP00000359245	0.767	True	False	1001.0	328.7	True	True	BOTH_EXPRESSED
TULP1	NR2E3	ENSP00000229771	ENSP00000482504	0.767	True	True	194.3	121.9	True	True	BOTH_EXPRESSED
DYNC2H1	IFT140	ENSP00000497174	ENSP00000406012	0.767	True	True	9.5	5.9	True	True	BOTH_EXPRESSED
KLHL7	RP9	ENSP00000343273	ENSP00000297157	0.767	True	False	13.9	14.0	True	True	BOTH_EXPRESSED
KIAA1549	CLCN6	ENSP00000416040	ENSP00000234488	0.767	True	False	5.3	14.1	True	True	BOTH_EXPRESSED
IDH3G	DBT	ENSP00000217901	ENSP00000359151	0.766	True	False	22.7	5.5	True	True	BOTH_EXPRESSED
NR2E3	CERKL	ENSP00000482504	ENSP00000341159	0.766	True	True	121.9	19.5	True	True	BOTH_EXPRESSED
TULP1	PDE6B	ENSP00000229771	ENSP00000420295	0.766	True	True	194.3	357.2	True	True	BOTH_EXPRESSED
IFT172	WNT11	ENSP00000260570	ENSP00000325526	0.766	True	False	5.3	0.2	True	True	BOTH_EXPRESSED
RHO	GNAO1	ENSP00000296271	ENSP00000262494	0.766	True	False	3767.6	48.0	True	True	BOTH_EXPRESSED
RHO	RDH5	ENSP00000296271	ENSP00000257895	0.766	True	False	3767.6	3.0	True	True	BOTH_EXPRESSED
RBP3	RCVRN	ENSP00000463151	ENSP00000226193	0.766	True	False	504.0	430.9	True	True	BOTH_EXPRESSED
IDH3B	UQCRC1	ENSP00000482773	ENSP00000203407	0.766	True	False	42.7	49.2	True	True	BOTH_EXPRESSED
GUCY2D	PDE9A	ENSP00000254854	ENSP00000291539	0.766	True	False	31.7	9.9	True	True	BOTH_EXPRESSED
BBS2	TMEM67	ENSP00000245157	ENSP00000389998	0.765	True	False	12.0	3.0	True	True	BOTH_EXPRESSED
HK1	PFKFB1	ENSP00000494664	ENSP00000364145	0.765	True	False	141.7	0.4	True	True	BOTH_EXPRESSED
CREB3	JUN	ENSP00000342136	ENSP00000360266	0.765	True	False	21.7	27.6	True	True	BOTH_EXPRESSED
MVK	HSD17B7	ENSP00000228510	ENSP00000254521	0.765	True	False	3.2	4.7	True	True	BOTH_EXPRESSED
SNRNP200	TRNAU1AP	ENSP00000317123	ENSP00000362936	0.764	True	False	62.7	6.7	True	True	BOTH_EXPRESSED
RDH12	FSCN2	ENSP00000449079	ENSP00000334665	0.764	True	False	206.6	8.1	True	True	BOTH_EXPRESSED
PRPF31	NR2E3	ENSP00000324122	ENSP00000482504	0.764	True	True	7.6	121.9	True	True	BOTH_EXPRESSED
PDE6G	GNAO1	ENSP00000328412	ENSP00000262494	0.764	True	False	1904.6	48.0	True	True	BOTH_EXPRESSED
PDE6B	ROM1	ENSP00000420295	ENSP00000278833	0.764	True	False	357.2	1101.4	True	True	BOTH_EXPRESSED
HK1	PKM	ENSP00000494664	ENSP00000320171	0.764	True	False	141.7	1155.0	True	True	BOTH_EXPRESSED
GUCY2D	PDE5A	ENSP00000254854	ENSP00000347046	0.764	True	False	31.7	9.8	True	True	BOTH_EXPRESSED
IDH3A	PDHX	ENSP00000299518	ENSP00000227868	0.763	True	False	23.8	25.1	True	True	BOTH_EXPRESSED
CDHR1	ABCA4	ENSP00000485478	ENSP00000359245	0.763	True	False	291.2	328.7	True	True	BOTH_EXPRESSED
PRPH2	IMPDH1	ENSP00000230381	ENSP00000345096	0.763	True	True	594.9	98.6	True	True	BOTH_EXPRESSED
LRAT	CNGA3	ENSP00000337224	ENSP00000272602	0.763	True	False	0.9	5.4	True	True	BOTH_EXPRESSED
PDE6B	NT5E	ENSP00000420295	ENSP00000257770	0.763	True	False	357.2	87.4	True	True	BOTH_EXPRESSED
BBS2	NPHP3	ENSP00000245157	ENSP00000338766	0.763	True	False	12.0	2.9	True	True	BOTH_EXPRESSED
RDH12	RPGR	ENSP00000449079	ENSP00000495537	0.763	True	True	206.6	11.2	True	True	BOTH_EXPRESSED
CLN3	PPT2	ENSP00000454229	ENSP00000354608	0.763	True	False	3.0	5.8	True	True	BOTH_EXPRESSED
PDE6B	GUCY1B1	ENSP00000420295	ENSP00000426786	0.763	True	False	357.2	32.1	True	True	BOTH_EXPRESSED
PDSS1	MVD	ENSP00000365388	ENSP00000301012	0.763	True	False	1.7	3.2	True	True	BOTH_EXPRESSED
BBS1	AP1G1	ENSP00000317469	ENSP00000377148	0.762	True	False	19.9	48.8	True	True	BOTH_EXPRESSED
BBS2	AP1G1	ENSP00000245157	ENSP00000377148	0.762	True	False	12.0	48.8	True	True	BOTH_EXPRESSED
MAK	EVPL	ENSP00000346484	ENSP00000465630	0.762	True	False	110.1	0.6	True	True	BOTH_EXPRESSED
KIAA1549	AKAP9	ENSP00000416040	ENSP00000348573	0.762	True	False	5.3	29.1	True	True	BOTH_EXPRESSED
CRX	NEUROD1	ENSP00000221996	ENSP00000295108	0.762	True	False	202.2	131.5	True	True	BOTH_EXPRESSED
SAG	CALML5	ENSP00000386444	ENSP00000369689	0.762	True	False	1359.9	0.0	True	True	BELOW_THRESHOLD
GNAT1	NMT1	ENSP00000232461	ENSP00000468424	0.762	True	False	1040.7	23.8	True	True	BOTH_EXPRESSED
INPP5E	PLCD1	ENSP00000360777	ENSP00000430344	0.762	True	False	6.9	2.6	True	True	BOTH_EXPRESSED
SNRNP200	C6orf52	ENSP00000317123	ENSP00000259983	0.762	True	False	62.7	0.7	True	True	BOTH_EXPRESSED
SAG	CALML3	ENSP00000386444	ENSP00000315299	0.762	True	False	1359.9	0.0	True	True	BELOW_THRESHOLD
IFT140	WDR34	ENSP00000406012	ENSP00000361800	0.761	True	False	5.9		True	False	UNKNOWN
DHX38	PRPF6	ENSP00000268482	ENSP00000266079	0.761	True	True	12.3	33.8	True	True	BOTH_EXPRESSED
BBS9	IFT88	ENSP00000242067	ENSP00000323580	0.761	True	False	20.3	30.2	True	True	BOTH_EXPRESSED
CC2D2A	WDPCP	ENSP00000403465	ENSP00000272321	0.761	True	False	78.4	11.0	True	True	BOTH_EXPRESSED
AIPL1	ABCA4	ENSP00000370521	ENSP00000359245	0.761	True	False	775.1	328.7	True	True	BOTH_EXPRESSED
TOPORS	PLK1	ENSP00000353735	ENSP00000300093	0.761	True	False	10.6	1.1	True	True	BOTH_EXPRESSED
IDH3A	SDHB	ENSP00000299518	ENSP00000364649	0.761	True	False	23.8	58.3	True	True	BOTH_EXPRESSED
SAG	CALML6	ENSP00000386444	ENSP00000304643	0.761	True	False	1359.9	0.2	True	True	BOTH_EXPRESSED
PRPF3	ASCC3	ENSP00000315379	ENSP00000358159	0.761	True	False	40.3	5.2	True	True	BOTH_EXPRESSED
SAG	CALM3	ENSP00000386444	ENSP00000291295	0.761	True	False	1359.9	141.0	True	True	BOTH_EXPRESSED
NR2E3	EYS	ENSP00000482504	ENSP00000359655	0.761	True	True	121.9	23.1	True	True	BOTH_EXPRESSED
PCARE	ABCA4	ENSP00000332809	ENSP00000359245	0.761	True	False	26.4	328.7	True	True	BOTH_EXPRESSED
ARL6	BBS5	ENSP00000419619	ENSP00000295240	0.76	True	False	35.2	11.3	True	True	BOTH_EXPRESSED
PCARE	FSCN2	ENSP00000332809	ENSP00000334665	0.76	True	False	26.4	8.1	True	True	BOTH_EXPRESSED
PDE6B	GNGT2	ENSP00000420295	ENSP00000421710	0.76	True	False	357.2	145.5	True	True	BOTH_EXPRESSED
HK1	PFKFB4	ENSP00000494664	ENSP00000232375	0.76	True	False	141.7	15.0	True	True	BOTH_EXPRESSED
BBS9	MCHR1	ENSP00000242067	ENSP00000249016	0.759	True	False	20.3	1.7	True	True	BOTH_EXPRESSED
GUCY2D	CNGA3	ENSP00000254854	ENSP00000272602	0.759	True	False	31.7	5.4	True	True	BOTH_EXPRESSED
PDE6B	ADCY5	ENSP00000420295	ENSP00000419361	0.759	True	False	357.2	5.2	True	True	BOTH_EXPRESSED
PDE6B	ADCY6	ENSP00000420295	ENSP00000311405	0.759	True	False	357.2	5.3	True	True	BOTH_EXPRESSED
BBS1	IFT52	ENSP00000317469	ENSP00000362121	0.759	True	False	19.9	14.0	True	True	BOTH_EXPRESSED
CRX	CNGB1	ENSP00000221996	ENSP00000251102	0.759	True	True	202.2	557.0	True	True	BOTH_EXPRESSED
PRPF8	TRNAU1AP	ENSP00000460348	ENSP00000362936	0.759	True	False	76.4	6.7	True	True	BOTH_EXPRESSED
PRPF8	C6orf52	ENSP00000460348	ENSP00000259983	0.759	True	False	76.4	0.7	True	True	BOTH_EXPRESSED
GUCY2D	UNC119	ENSP00000254854	ENSP00000337040	0.759	True	False	31.7	1084.9	True	True	BOTH_EXPRESSED
CNGA1	CNGA4	ENSP00000384264	ENSP00000369268	0.759	True	False	244.8	1.0	True	True	BOTH_EXPRESSED
IFT140	GPR161	ENSP00000406012	ENSP00000441039	0.759	True	False	5.9	1.9	True	True	BOTH_EXPRESSED
DYNC2H1	TUBA3D	ENSP00000497174	ENSP00000326042	0.758	True	False	9.5	0.3	True	True	BOTH_EXPRESSED
CNGA1	GUCA1A	ENSP00000384264	ENSP00000053469	0.758	True	True	244.8	703.2	True	True	BOTH_EXPRESSED
DYNC2H1	IFT122	ENSP00000497174	ENSP00000296266	0.758	True	False	9.5	0.9	True	True	BOTH_EXPRESSED
TULP1	RPGR	ENSP00000229771	ENSP00000495537	0.758	True	True	194.3	11.2	True	True	BOTH_EXPRESSED
SNRNP200	U2AF2	ENSP00000317123	ENSP00000307863	0.758	True	False	62.7	34.5	True	True	BOTH_EXPRESSED
RPGR	DNAAF2	ENSP00000495537	ENSP00000298292	0.758	True	False	11.2	4.4	True	True	BOTH_EXPRESSED
PRPF8	PTBP1	ENSP00000460348	ENSP00000349428	0.758	True	False	76.4	11.0	True	True	BOTH_EXPRESSED
PDE6A	ADCY7	ENSP00000255266	ENSP00000501053	0.758	True	False	1001.0	0.7	True	True	BOTH_EXPRESSED
PRPF6	SART3	ENSP00000266079	ENSP00000449386	0.758	True	False	33.8	18.8	True	True	BOTH_EXPRESSED
RDH12	CNGA1	ENSP00000449079	ENSP00000384264	0.757	True	True	206.6	244.8	True	True	BOTH_EXPRESSED
MERTK	RDH12	ENSP00000295408	ENSP00000449079	0.757	True	True	15.4	206.6	True	True	BOTH_EXPRESSED
PDE6A	PDE6H	ENSP00000255266	ENSP00000266395	0.757	True	False	1001.0	844.1	True	True	BOTH_EXPRESSED
INPP5E	PI4KA	ENSP00000360777	ENSP00000255882	0.757	True	False	6.9	25.6	True	True	BOTH_EXPRESSED
RPGR	PRPF8	ENSP00000495537	ENSP00000460348	0.757	True	True	11.2	76.4	True	True	BOTH_EXPRESSED
PRPF31	ABCA4	ENSP00000324122	ENSP00000359245	0.757	True	False	7.6	328.7	True	True	BOTH_EXPRESSED
CNGB1	FSCN2	ENSP00000251102	ENSP00000334665	0.756	True	False	557.0	8.1	True	True	BOTH_EXPRESSED
CLN3	SBDS	ENSP00000454229	ENSP00000246868	0.756	True	False	3.0	73.0	True	True	BOTH_EXPRESSED
IDH3G	TAZ	ENSP00000217901	ENSP00000469981	0.756	True	False	22.7		True	False	UNKNOWN
CDHR1	RPGRIP1	ENSP00000485478	ENSP00000382895	0.756	True	False	291.2	171.2	True	True	BOTH_EXPRESSED
CRX	RPGR	ENSP00000221996	ENSP00000495537	0.756	True	True	202.2	11.2	True	True	BOTH_EXPRESSED
COQ2	LSS	ENSP00000310873	ENSP00000380837	0.756	True	False	3.7	6.3	True	True	BOTH_EXPRESSED
PRPF8	HNRNPC	ENSP00000460348	ENSP00000451291	0.756	True	False	76.4	382.1	True	True	BOTH_EXPRESSED
PRPH2	FSCN2	ENSP00000230381	ENSP00000334665	0.756	True	False	594.9	8.1	True	True	BOTH_EXPRESSED
POMGNT1	SGCB	ENSP00000361060	ENSP00000370839	0.756	True	False	10.1	15.4	True	True	BOTH_EXPRESSED
RHO	GNB2	ENSP00000296271	ENSP00000305260	0.756	True	False	3767.6	18.7	True	True	BOTH_EXPRESSED
TTC8	TRIM32	ENSP00000482306	ENSP00000408292	0.756	True	False	34.7	6.7	True	True	BOTH_EXPRESSED
SNRNP200	RBM41	ENSP00000317123	ENSP00000361557	0.756	True	False	62.7	5.7	True	True	BOTH_EXPRESSED
DYNC2H1	WDR35	ENSP00000497174	ENSP00000314444	0.755	True	False	9.5	11.6	True	True	BOTH_EXPRESSED
GNAT1	ADGRL1	ENSP00000232461	ENSP00000340688	0.755	True	False	1040.7	8.2	True	True	BOTH_EXPRESSED
BBS2	PCM1	ENSP00000245157	ENSP00000327077	0.755	True	False	12.0	52.9	True	True	BOTH_EXPRESSED
POMGNT1	MGAT4B	ENSP00000361060	ENSP00000338487	0.755	True	False	10.1	4.1	True	True	BOTH_EXPRESSED
AIPL1	UNC119	ENSP00000370521	ENSP00000337040	0.755	True	False	775.1	1084.9	True	True	BOTH_EXPRESSED
GNAT1	GNG2	ENSP00000232461	ENSP00000334448	0.755	True	False	1040.7	12.7	True	True	BOTH_EXPRESSED
PRCD	RHO	ENSP00000467661	ENSP00000296271	0.755	True	True	44.6	3767.6	True	True	BOTH_EXPRESSED
PRPF3	USP15	ENSP00000315379	ENSP00000280377	0.755	True	False	40.3	42.4	True	True	BOTH_EXPRESSED
CRB1	CRB3	ENSP00000356370	ENSP00000349204	0.755	True	False	69.2	0.3	True	True	BOTH_EXPRESSED
DYNC2H1	TUBB2A	ENSP00000497174	ENSP00000369703	0.755	True	False	9.5	46.3	True	True	BOTH_EXPRESSED
RPE65	PRCD	ENSP00000262340	ENSP00000467661	0.754	True	True	7.8	44.6	True	True	BOTH_EXPRESSED
PRPF31	ROM1	ENSP00000324122	ENSP00000278833	0.754	True	False	7.6	1101.4	True	True	BOTH_EXPRESSED
PRPH2	RLBP1	ENSP00000230381	ENSP00000268125	0.754	True	True	594.9	246.4	True	True	BOTH_EXPRESSED
BCOR	BUB1B	ENSP00000367705	ENSP00000287598	0.754	True	False	13.1	0.1	True	True	BOTH_EXPRESSED
PDE6B	ADCY3	ENSP00000420295	ENSP00000384484	0.754	True	False	357.2	3.8	True	True	BOTH_EXPRESSED
PDE6B	AIPL1	ENSP00000420295	ENSP00000370521	0.754	True	True	357.2	775.1	True	True	BOTH_EXPRESSED
PDE6A	ADCY6	ENSP00000255266	ENSP00000311405	0.754	True	False	1001.0	5.3	True	True	BOTH_EXPRESSED
RHO	RGS9BP	ENSP00000296271	ENSP00000334134	0.754	True	False	3767.6	16.1	True	True	BOTH_EXPRESSED
KLHL7	KLHL2	ENSP00000343273	ENSP00000424198	0.754	True	False	13.9	8.2	True	True	BOTH_EXPRESSED
PDE6G	ROM1	ENSP00000328412	ENSP00000278833	0.754	True	False	1904.6	1101.4	True	True	BOTH_EXPRESSED
PDE6B	GUCY1A1	ENSP00000420295	ENSP00000296518	0.753	True	False	357.2	15.7	True	True	BOTH_EXPRESSED
RHO	OPN1SW	ENSP00000296271	ENSP00000249389	0.753	True	False	3767.6	38.0	True	True	BOTH_EXPRESSED
GUCY2D	GCDH	ENSP00000254854	ENSP00000466845	0.753	True	False	31.7	5.1	True	True	BOTH_EXPRESSED
HK1	VDAC3	ENSP00000494664	ENSP00000428845	0.753	True	False	141.7	114.0	True	True	BOTH_EXPRESSED
TULP1	FSCN2	ENSP00000229771	ENSP00000334665	0.752	True	False	194.3	8.1	True	True	BOTH_EXPRESSED
HK1	PRKN	ENSP00000494664	ENSP00000355865	0.752	True	False	141.7	1.3	True	True	BOTH_EXPRESSED
RHO	GNA12	ENSP00000296271	ENSP00000275364	0.752	True	False	3767.6	2.7	True	True	BOTH_EXPRESSED
TOPORS	BRCA1	ENSP00000353735	ENSP00000418960	0.752	True	False	10.6	6.9	True	True	BOTH_EXPRESSED
GNAT1	ADGRL2	ENSP00000232461	ENSP00000359765	0.752	True	False	1040.7	23.2	True	True	BOTH_EXPRESSED
PRPF31	ZNF513	ENSP00000324122	ENSP00000318373	0.752	True	False	7.6	4.4	True	True	BOTH_EXPRESSED
PCARE	PRPH2	ENSP00000332809	ENSP00000230381	0.752	True	True	26.4	594.9	True	True	BOTH_EXPRESSED
GNAT1	ADGRL3	ENSP00000232461	ENSP00000422533	0.752	True	False	1040.7	9.2	True	True	BOTH_EXPRESSED
OFD1	HDAC6	ENSP00000344314	ENSP00000365804	0.752	True	False	2.3	7.0	True	True	BOTH_EXPRESSED
RHO	GUCA1B	ENSP00000296271	ENSP00000230361	0.751	True	False	3767.6	432.4	True	True	BOTH_EXPRESSED
PDE6A	PRPF31	ENSP00000255266	ENSP00000324122	0.751	True	True	1001.0	7.6	True	True	BOTH_EXPRESSED
RAX2	AIPL1	ENSP00000450456	ENSP00000370521	0.751	True	True	59.9	775.1	True	True	BOTH_EXPRESSED
TOPORS	SPIN1	ENSP00000353735	ENSP00000365019	0.751	True	False	10.6	32.2	True	True	BOTH_EXPRESSED
INPP5E	PI4KB	ENSP00000360777	ENSP00000357869	0.751	True	False	6.9	43.4	True	True	BOTH_EXPRESSED
POMGNT1	AGRN	ENSP00000361060	ENSP00000368678	0.751	True	False	10.1	0.7	True	True	BOTH_EXPRESSED
DHX38	SF3A2	ENSP00000268482	ENSP00000221494	0.751	True	False	12.3	6.5	True	True	BOTH_EXPRESSED
PDE6B	PRCD	ENSP00000420295	ENSP00000467661	0.75	True	True	357.2	44.6	True	True	BOTH_EXPRESSED
PDE6A	FSCN2	ENSP00000255266	ENSP00000334665	0.75	True	False	1001.0	8.1	True	True	BOTH_EXPRESSED
CNGB1	ADCY3	ENSP00000251102	ENSP00000384484	0.75	True	False	557.0	3.8	True	True	BOTH_EXPRESSED
GNAT1	NMT2	ENSP00000232461	ENSP00000367407	0.75	True	False	1040.7	6.5	True	True	BOTH_EXPRESSED
GNAT1	METAP2	ENSP00000232461	ENSP00000325312	0.75	True	False	1040.7	28.6	True	True	BOTH_EXPRESSED
OFD1	CENPJ	ENSP00000344314	ENSP00000371308	0.75	True	False	2.3	1.7	True	True	BOTH_EXPRESSED
GNAT1	METAP1	ENSP00000232461	ENSP00000296411	0.75	True	False	1040.7	10.5	True	True	BOTH_EXPRESSED
RHO	GNB4	ENSP00000296271	ENSP00000232564	0.75	True	False	3767.6	1.8	True	True	BOTH_EXPRESSED
CEP250	CEP135	ENSP00000380661	ENSP00000257287	0.75	True	False	9.2	2.6	True	True	BOTH_EXPRESSED
RHO	GPR119	ENSP00000296271	ENSP00000276218	0.75	True	False	3767.6	0.2	True	True	BOTH_EXPRESSED
MVK	SC5D	ENSP00000228510	ENSP00000264027	0.75	True	False	3.2	27.3	True	True	BOTH_EXPRESSED
PRPF3	ZNF513	ENSP00000315379	ENSP00000318373	0.749	True	False	40.3	4.4	True	True	BOTH_EXPRESSED
PCARE	PRPF31	ENSP00000332809	ENSP00000324122	0.749	True	True	26.4	7.6	True	True	BOTH_EXPRESSED
IDH3B	ZNF513	ENSP00000482773	ENSP00000318373	0.749	True	False	42.7	4.4	True	True	BOTH_EXPRESSED
IDH3B	PDHB	ENSP00000482773	ENSP00000307241	0.749	True	False	42.7	28.4	True	True	BOTH_EXPRESSED
RPGR	RP9	ENSP00000495537	ENSP00000297157	0.749	True	False	11.2	14.0	True	True	BOTH_EXPRESSED
IDH3A	PDHA1	ENSP00000299518	ENSP00000369134	0.749	True	False	23.8	20.2	True	True	BOTH_EXPRESSED
IDH3A	SLC25A3	ENSP00000299518	ENSP00000228318	0.749	True	False	23.8	154.7	True	True	BOTH_EXPRESSED
PRCD	FSCN2	ENSP00000467661	ENSP00000334665	0.749	True	False	44.6	8.1	True	True	BOTH_EXPRESSED
RDH12	PRPF31	ENSP00000449079	ENSP00000324122	0.749	True	True	206.6	7.6	True	True	BOTH_EXPRESSED
CERKL	IDH3B	ENSP00000341159	ENSP00000482773	0.749	True	True	19.5	42.7	True	True	BOTH_EXPRESSED
PRPF8	HNRNPM	ENSP00000460348	ENSP00000325376	0.749	True	False	76.4	118.2	True	True	BOTH_EXPRESSED
PRCD	TTC8	ENSP00000467661	ENSP00000482306	0.749	True	True	44.6	34.7	True	True	BOTH_EXPRESSED
RPGR	DNAH11	ENSP00000495537	ENSP00000475939	0.749	True	False	11.2	0.0	True	True	BELOW_THRESHOLD
BEST1	RPGR	ENSP00000399709	ENSP00000495537	0.749	True	True	6.2	11.2	True	True	BOTH_EXPRESSED
AHI1	RPGRIP1	ENSP00000265602	ENSP00000382895	0.749	True	False	25.2	171.2	True	True	BOTH_EXPRESSED
SNRNP200	TARDBP	ENSP00000317123	ENSP00000240185	0.748	True	False	62.7	110.6	True	True	BOTH_EXPRESSED
RPGR	PCARE	ENSP00000495537	ENSP00000332809	0.748	True	True	11.2	26.4	True	True	BOTH_EXPRESSED
SNRNP200	CNOT1	ENSP00000317123	ENSP00000320949	0.748	True	False	62.7	30.0	True	True	BOTH_EXPRESSED
GUCY2D	CDHR1	ENSP00000254854	ENSP00000485478	0.748	True	True	31.7	291.2	True	True	BOTH_EXPRESSED
SNRNP200	ZNF513	ENSP00000317123	ENSP00000318373	0.748	True	False	62.7	4.4	True	True	BOTH_EXPRESSED
AHI1	TMEM237	ENSP00000265602	ENSP00000386264	0.748	True	False	25.2	71.7	True	True	BOTH_EXPRESSED
AIPL1	GUCA1B	ENSP00000370521	ENSP00000230361	0.748	True	False	775.1	432.4	True	True	BOTH_EXPRESSED
RPGR	PRCD	ENSP00000495537	ENSP00000467661	0.748	True	True	11.2	44.6	True	True	BOTH_EXPRESSED
NR2E3	OTX2	ENSP00000482504	ENSP00000500595	0.748	True	False	121.9	259.6	True	True	BOTH_EXPRESSED
GUCY2D	PDE11A	ENSP00000254854	ENSP00000286063	0.748	True	False	31.7	1.3	True	True	BOTH_EXPRESSED
DYNC2H1	TUBB3	ENSP00000497174	ENSP00000320295	0.748	True	False	9.5	22.8	True	True	BOTH_EXPRESSED
GUCY2D	PDE10A	ENSP00000254854	ENSP00000355847	0.748	True	False	31.7	1.8	True	True	BOTH_EXPRESSED
IFT140	DYNC2LI1	ENSP00000406012	ENSP00000474032	0.747	True	False	5.9	40.7	True	True	BOTH_EXPRESSED
FAM161A	CCT3	ENSP00000385158	ENSP00000295688	0.747	True	False	26.9	126.0	True	True	BOTH_EXPRESSED
PRPF31	RPE65	ENSP00000324122	ENSP00000262340	0.747	True	True	7.6	7.8	True	True	BOTH_EXPRESSED
CRX	GUCA1B	ENSP00000221996	ENSP00000230361	0.747	True	False	202.2	432.4	True	True	BOTH_EXPRESSED
TTC8	SPATA7	ENSP00000482306	ENSP00000377176	0.747	True	True	34.7	9.4	True	True	BOTH_EXPRESSED
IMPG2	TULP1	ENSP00000193391	ENSP00000229771	0.747	True	True	282.9	194.3	True	True	BOTH_EXPRESSED
PDE6A	ZNF513	ENSP00000255266	ENSP00000318373	0.747	True	False	1001.0	4.4	True	True	BOTH_EXPRESSED
BBS1	NPHP3	ENSP00000317469	ENSP00000338766	0.747	True	False	19.9	2.9	True	True	BOTH_EXPRESSED
CERKL	SEMA4A	ENSP00000341159	ENSP00000357265	0.747	True	False	19.5	1.8	True	True	BOTH_EXPRESSED
USH2A	CEP290	ENSP00000305941	ENSP00000448012	0.747	True	False	17.8	6.6	True	True	BOTH_EXPRESSED
SAG	SUCLG2	ENSP00000386444	ENSP00000419325	0.747	True	False	1359.9	6.7	True	True	BOTH_EXPRESSED
DHX38	RBMX2	ENSP00000268482	ENSP00000339090	0.747	True	False	12.3	10.3	True	True	BOTH_EXPRESSED
PRPF6	DDX42	ENSP00000266079	ENSP00000464050	0.746	True	False	33.8	32.9	True	True	BOTH_EXPRESSED
PCARE	TTC8	ENSP00000332809	ENSP00000482306	0.746	True	True	26.4	34.7	True	True	BOTH_EXPRESSED
IDH3G	SDHB	ENSP00000217901	ENSP00000364649	0.746	True	False	22.7	58.3	True	True	BOTH_EXPRESSED
PDE6A	NPR2	ENSP00000255266	ENSP00000341083	0.746	True	False	1001.0	1.5	True	True	BOTH_EXPRESSED
PRPF6	NCBP2	ENSP00000266079	ENSP00000326806	0.745	True	False	33.8	42.8	True	True	BOTH_EXPRESSED
RPGR	DNAI2	ENSP00000495537	ENSP00000400252	0.745	True	False	11.2	0.0	True	True	BELOW_THRESHOLD
RHO	PDE6G	ENSP00000296271	ENSP00000328412	0.745	True	True	3767.6	1904.6	True	True	BOTH_EXPRESSED
NR2E3	PCARE	ENSP00000482504	ENSP00000332809	0.745	True	True	121.9	26.4	True	True	BOTH_EXPRESSED
CNGB1	PRPF31	ENSP00000251102	ENSP00000324122	0.745	True	True	557.0	7.6	True	True	BOTH_EXPRESSED
BEST1	EYS	ENSP00000399709	ENSP00000359655	0.745	True	True	6.2	23.1	True	True	BOTH_EXPRESSED
IMPG2	FSCN2	ENSP00000193391	ENSP00000334665	0.745	True	False	282.9	8.1	True	True	BOTH_EXPRESSED
DHX38	CPSF7	ENSP00000268482	ENSP00000345412	0.745	True	False	12.3	37.7	True	True	BOTH_EXPRESSED
PRPF6	U2AF2	ENSP00000266079	ENSP00000307863	0.744	True	False	33.8	34.5	True	True	BOTH_EXPRESSED
TOPORS	TUBGCP6	ENSP00000353735	ENSP00000248846	0.744	True	False	10.6	5.5	True	True	BOTH_EXPRESSED
TTC8	ZNF513	ENSP00000482306	ENSP00000318373	0.744	True	False	34.7	4.4	True	True	BOTH_EXPRESSED
RPGR	RANBP2	ENSP00000495537	ENSP00000283195	0.744	True	False	11.2	25.7	True	True	BOTH_EXPRESSED
CDHR1	AIPL1	ENSP00000485478	ENSP00000370521	0.744	True	True	291.2	775.1	True	True	BOTH_EXPRESSED
LRAT	BCO1	ENSP00000337224	ENSP00000258168	0.744	True	False	0.9	0.2	True	True	BOTH_EXPRESSED
CEP250	PCNT	ENSP00000380661	ENSP00000352572	0.744	True	False	9.2	1.3	True	True	BOTH_EXPRESSED
USH2A	CIB2	ENSP00000305941	ENSP00000258930	0.743	True	False	17.8	4.7	True	True	BOTH_EXPRESSED
RPGR	DNAAF1	ENSP00000495537	ENSP00000367815	0.743	True	False	11.2	0.4	True	True	BOTH_EXPRESSED
OFD1	CEP135	ENSP00000344314	ENSP00000257287	0.743	True	False	2.3	2.6	True	True	BOTH_EXPRESSED
PRPF3	RBM39	ENSP00000315379	ENSP00000253363	0.743	True	False	40.3	45.8	True	True	BOTH_EXPRESSED
CNGA1	ABCA4	ENSP00000384264	ENSP00000359245	0.743	True	False	244.8	328.7	True	True	BOTH_EXPRESSED
SLC4A7	SLC9A1	ENSP00000390394	ENSP00000263980	0.743	True	False	67.5	4.2	True	True	BOTH_EXPRESSED
SLC4A7	LSP1	ENSP00000390394	ENSP00000371194	0.743	True	False	67.5	0.9	True	True	BOTH_EXPRESSED
NR2E3	RCVRN	ENSP00000482504	ENSP00000226193	0.743	True	False	121.9	430.9	True	True	BOTH_EXPRESSED
DYNC2H1	IFT88	ENSP00000497174	ENSP00000323580	0.743	True	False	9.5	30.2	True	True	BOTH_EXPRESSED
PDE6A	NRL	ENSP00000255266	ENSP00000454062	0.743	True	True	1001.0	294.2	True	True	BOTH_EXPRESSED
CNGB1	PDE6C	ENSP00000251102	ENSP00000360502	0.743	True	False	557.0	21.4	True	True	BOTH_EXPRESSED
CDHR1	MINPP1	ENSP00000485478	ENSP00000361064	0.743	True	False	291.2	11.1	True	True	BOTH_EXPRESSED
PDE6A	NPR1	ENSP00000255266	ENSP00000357669	0.743	True	False	1001.0	0.1	True	True	BOTH_EXPRESSED
IDH3A	HACL1	ENSP00000299518	ENSP00000323811	0.743	True	False	23.8	11.3	True	True	BOTH_EXPRESSED
PRPF6	RNPC3	ENSP00000266079	ENSP00000432886	0.743	True	False	33.8	58.9	True	True	BOTH_EXPRESSED
DYNC2H1	TPR	ENSP00000497174	ENSP00000356448	0.742	True	False	9.5	18.4	True	True	BOTH_EXPRESSED
DYNC2H1	TUBA1C	ENSP00000497174	ENSP00000443475	0.742	True	False	9.5	2.5	True	True	BOTH_EXPRESSED
PRPF8	CERKL	ENSP00000460348	ENSP00000341159	0.742	True	True	76.4	19.5	True	True	BOTH_EXPRESSED
PRPF6	SF1	ENSP00000266079	ENSP00000366604	0.742	True	False	33.8	42.0	True	True	BOTH_EXPRESSED
OFD1	TBL1X	ENSP00000344314	ENSP00000495556	0.742	True	False	2.3	15.3	True	True	BOTH_EXPRESSED
DYNC2H1	TUBAL3	ENSP00000497174	ENSP00000369784	0.742	True	False	9.5	0.0	True	True	BELOW_THRESHOLD
SCLT1	ODF2	ENSP00000281142	ENSP00000403453	0.742	True	False	2.7	9.0	True	True	BOTH_EXPRESSED
DYNC2H1	TUBA8	ENSP00000497174	ENSP00000333326	0.742	True	False	9.5	2.3	True	True	BOTH_EXPRESSED
DYNC2H1	TUBA1B	ENSP00000497174	ENSP00000336799	0.742	True	False	9.5	605.6	True	True	BOTH_EXPRESSED
COQ8B	COQ10A	ENSP00000315118	ENSP00000312587	0.742	True	False	1.2	24.1	True	True	BOTH_EXPRESSED
TULP1	PRPF31	ENSP00000229771	ENSP00000324122	0.742	True	True	194.3	7.6	True	True	BOTH_EXPRESSED
DYNC2H1	TUBA4A	ENSP00000497174	ENSP00000248437	0.742	True	False	9.5	44.9	True	True	BOTH_EXPRESSED
PDE6G	PDE6C	ENSP00000328412	ENSP00000360502	0.742	True	False	1904.6	21.4	True	True	BOTH_EXPRESSED
CREB3	AKT1	ENSP00000342136	ENSP00000451828	0.742	True	False	21.7	19.5	True	True	BOTH_EXPRESSED
PRPF31	BEST1	ENSP00000324122	ENSP00000399709	0.742	True	True	7.6	6.2	True	True	BOTH_EXPRESSED
IMPG2	NR2E3	ENSP00000193391	ENSP00000482504	0.742	True	True	282.9	121.9	True	True	BOTH_EXPRESSED
DYNC2H1	TUBA1A	ENSP00000497174	ENSP00000439020	0.742	True	False	9.5	240.9	True	True	BOTH_EXPRESSED
DYNC2H1	TUBA3E	ENSP00000497174	ENSP00000318197	0.742	True	False	9.5	0.0	True	True	BELOW_THRESHOLD
DYNC2H1	TUBB6	ENSP00000497174	ENSP00000318697	0.742	True	False	9.5	3.1	True	True	BOTH_EXPRESSED
NR2E3	PRCD	ENSP00000482504	ENSP00000467661	0.742	True	True	121.9	44.6	True	True	BOTH_EXPRESSED
FAM161A	ERMARD	ENSP00000385158	ENSP00000355735	0.742	True	False	26.9	13.5	True	True	BOTH_EXPRESSED
COQ5	NDUFA9	ENSP00000288532	ENSP00000266544	0.742	True	False	24.3	18.6	True	True	BOTH_EXPRESSED
KLHL7	CERKL	ENSP00000343273	ENSP00000341159	0.741	True	True	13.9	19.5	True	True	BOTH_EXPRESSED
SNRNP200	HNRNPA1	ENSP00000317123	ENSP00000341826	0.741	True	False	62.7	243.0	True	True	BOTH_EXPRESSED
SNRNP200	TOPORS	ENSP00000317123	ENSP00000353735	0.741	True	True	62.7	10.6	True	True	BOTH_EXPRESSED
NR2E3	CNGA1	ENSP00000482504	ENSP00000384264	0.741	True	True	121.9	244.8	True	True	BOTH_EXPRESSED
ARHGEF18	TJP1	ENSP00000482647	ENSP00000348416	0.741	True	False	4.6	9.3	True	True	BOTH_EXPRESSED
IMPG2	ABCA4	ENSP00000193391	ENSP00000359245	0.741	True	False	282.9	328.7	True	True	BOTH_EXPRESSED
IDH3B	BCKDHB	ENSP00000482773	ENSP00000318351	0.741	True	False	42.7	7.3	True	True	BOTH_EXPRESSED
MVK	DHCR24	ENSP00000228510	ENSP00000360316	0.741	True	False	3.2	14.7	True	True	BOTH_EXPRESSED
PDE6A	NT5E	ENSP00000255266	ENSP00000257770	0.741	True	False	1001.0	87.4	True	True	BOTH_EXPRESSED
SPATA7	IQCB1	ENSP00000377176	ENSP00000311505	0.741	True	False	9.4	17.5	True	True	BOTH_EXPRESSED
CNGB1	NR2E3	ENSP00000251102	ENSP00000482504	0.74	True	True	557.0	121.9	True	True	BOTH_EXPRESSED
EYS	FSCN2	ENSP00000359655	ENSP00000334665	0.74	True	False	23.1	8.1	True	True	BOTH_EXPRESSED
GNAT1	UNC119B	ENSP00000232461	ENSP00000344942	0.74	True	False	1040.7	18.6	True	True	BOTH_EXPRESSED
PCARE	TOPORS	ENSP00000332809	ENSP00000353735	0.74	True	True	26.4	10.6	True	True	BOTH_EXPRESSED
EYS	RP9	ENSP00000359655	ENSP00000297157	0.74	True	False	23.1	14.0	True	True	BOTH_EXPRESSED
PRPF31	KLHL7	ENSP00000324122	ENSP00000343273	0.74	True	True	7.6	13.9	True	True	BOTH_EXPRESSED
BEST1	LRRC8A	ENSP00000399709	ENSP00000259324	0.74	True	False	6.2	12.4	True	True	BOTH_EXPRESSED
IMPG2	CNGA1	ENSP00000193391	ENSP00000384264	0.74	True	True	282.9	244.8	True	True	BOTH_EXPRESSED
PRPF31	USP15	ENSP00000324122	ENSP00000280377	0.74	True	False	7.6	42.4	True	True	BOTH_EXPRESSED
BBS9	RAC2	ENSP00000242067	ENSP00000249071	0.74	True	False	20.3	0.2	True	True	BOTH_EXPRESSED
PDE6G	CERKL	ENSP00000328412	ENSP00000341159	0.739	True	True	1904.6	19.5	True	True	BOTH_EXPRESSED
RPGR	IMPDH1	ENSP00000495537	ENSP00000345096	0.739	True	True	11.2	98.6	True	True	BOTH_EXPRESSED
RHO	GNG11	ENSP00000296271	ENSP00000248564	0.739	True	False	3767.6	1.4	True	True	BOTH_EXPRESSED
IDH3G	DHTKD1	ENSP00000217901	ENSP00000263035	0.739	True	False	22.7	6.9	True	True	BOTH_EXPRESSED
CLN3	ATG7	ENSP00000454229	ENSP00000346437	0.739	True	False	3.0	9.3	True	True	BOTH_EXPRESSED
POMGNT1	LARGE2	ENSP00000361060	ENSP00000385235	0.739	True	False	10.1	3.3	True	True	BOTH_EXPRESSED
TOPORS	TUBGCP4	ENSP00000353735	ENSP00000260383	0.739	True	False	10.6	10.3	True	True	BOTH_EXPRESSED
PCARE	RP9	ENSP00000332809	ENSP00000297157	0.739	True	False	26.4	14.0	True	True	BOTH_EXPRESSED
RDH12	PDE6B	ENSP00000449079	ENSP00000420295	0.739	True	True	206.6	357.2	True	True	BOTH_EXPRESSED
RDH12	PRCD	ENSP00000449079	ENSP00000467661	0.739	True	True	206.6	44.6	True	True	BOTH_EXPRESSED
PRPF6	RP9	ENSP00000266079	ENSP00000297157	0.739	True	False	33.8	14.0	True	True	BOTH_EXPRESSED
DHDDS	MBTPS2	ENSP00000353104	ENSP00000368798	0.739	True	False	30.3	8.1	True	True	BOTH_EXPRESSED
PDE6B	GNB3	ENSP00000420295	ENSP00000229264	0.739	True	False	357.2	396.1	True	True	BOTH_EXPRESSED
COQ2	COQ10B	ENSP00000310873	ENSP00000263960	0.739	True	False	3.7	17.4	True	True	BOTH_EXPRESSED
CERKL	TOPORS	ENSP00000341159	ENSP00000353735	0.739	True	True	19.5	10.6	True	True	BOTH_EXPRESSED
DYNC2H1	TUBB4B	ENSP00000497174	ENSP00000341289	0.738	True	False	9.5	243.1	True	True	BOTH_EXPRESSED
DYNC2H1	TUBB2B	ENSP00000497174	ENSP00000259818	0.738	True	False	9.5	60.6	True	True	BOTH_EXPRESSED
DYNC2H1	TUBB1	ENSP00000497174	ENSP00000217133	0.738	True	False	9.5	0.2	True	True	BOTH_EXPRESSED
DHDDS	IDI1	ENSP00000353104	ENSP00000370748	0.738	True	False	30.3	37.7	True	True	BOTH_EXPRESSED
DHDDS	IDI2	ENSP00000353104	ENSP00000277517	0.738	True	False	30.3	1.1	True	True	BOTH_EXPRESSED
CNGB1	ZNF513	ENSP00000251102	ENSP00000318373	0.738	True	False	557.0	4.4	True	True	BOTH_EXPRESSED
DYNC2H1	TUBB8	ENSP00000497174	ENSP00000456206	0.738	True	False	9.5	0.1	True	True	BOTH_EXPRESSED
NRL	GNAT1	ENSP00000454062	ENSP00000232461	0.738	True	True	294.2	1040.7	True	True	BOTH_EXPRESSED
RPGR	CNGB3	ENSP00000495537	ENSP00000316605	0.738	True	False	11.2	11.6	True	True	BOTH_EXPRESSED
DYNC2H1	TUBB	ENSP00000497174	ENSP00000339001	0.738	True	False	9.5	76.5	True	True	BOTH_EXPRESSED
NR2E3	RDH12	ENSP00000482504	ENSP00000449079	0.738	True	True	121.9	206.6	True	True	BOTH_EXPRESSED
RHO	PKD1	ENSP00000296271	ENSP00000262304	0.738	True	False	3767.6	6.3	True	True	BOTH_EXPRESSED
SAG	ADRB1	ENSP00000386444	ENSP00000358301	0.738	True	False	1359.9	1.9	True	True	BOTH_EXPRESSED
PRPF6	EIF4A3	ENSP00000266079	ENSP00000497641	0.738	True	False	33.8	30.0	True	True	BOTH_EXPRESSED
DYNC2H1	TUBB4A	ENSP00000497174	ENSP00000264071	0.738	True	False	9.5	21.0	True	True	BOTH_EXPRESSED
SCLT1	RAB3IP	ENSP00000281142	ENSP00000447300	0.738	True	False	2.7	82.0	True	True	BOTH_EXPRESSED
RDH12	ZNF513	ENSP00000449079	ENSP00000318373	0.738	True	False	206.6	4.4	True	True	BOTH_EXPRESSED
CRX	ROM1	ENSP00000221996	ENSP00000278833	0.738	True	False	202.2	1101.4	True	True	BOTH_EXPRESSED
NRL	RP9	ENSP00000454062	ENSP00000297157	0.738	True	False	294.2	14.0	True	True	BOTH_EXPRESSED
GNAT1	GNG7	ENSP00000232461	ENSP00000371594	0.738	True	False	1040.7	14.0	True	True	BOTH_EXPRESSED
PRPF6	PRPF18	ENSP00000266079	ENSP00000367835	0.738	True	False	33.8	11.3	True	True	BOTH_EXPRESSED
HK1	SLC2A3	ENSP00000494664	ENSP00000075120	0.737	True	False	141.7	80.9	True	True	BOTH_EXPRESSED
PDE6A	ADCY8	ENSP00000255266	ENSP00000286355	0.737	True	False	1001.0	2.9	True	True	BOTH_EXPRESSED
DHDDS	SRD5A3	ENSP00000353104	ENSP00000264228	0.737	True	False	30.3	1.4	True	True	BOTH_EXPRESSED
PRPF3	CTNNBL1	ENSP00000315379	ENSP00000355050	0.737	True	False	40.3	17.4	True	True	BOTH_EXPRESSED
LRAT	RLBP1	ENSP00000337224	ENSP00000268125	0.737	True	True	0.9	246.4	True	True	BOTH_EXPRESSED
RAX2	CDHR1	ENSP00000450456	ENSP00000485478	0.737	True	True	59.9	291.2	True	True	BOTH_EXPRESSED
PDE6G	GUCY1B1	ENSP00000328412	ENSP00000426786	0.737	True	False	1904.6	32.1	True	True	BOTH_EXPRESSED
SNRNP200	KLHL7	ENSP00000317123	ENSP00000343273	0.737	True	True	62.7	13.9	True	True	BOTH_EXPRESSED
PDE6A	ADCY9	ENSP00000255266	ENSP00000294016	0.737	True	False	1001.0	2.7	True	True	BOTH_EXPRESSED
RPE65	GUCA1B	ENSP00000262340	ENSP00000230361	0.737	True	False	7.8	432.4	True	True	BOTH_EXPRESSED
GNAT1	GNG13	ENSP00000232461	ENSP00000248150	0.737	True	False	1040.7	51.9	True	True	BOTH_EXPRESSED
PRPF3	ZGPAT	ENSP00000315379	ENSP00000332013	0.737	True	False	40.3	1.3	True	True	BOTH_EXPRESSED
NR2E3	FSCN2	ENSP00000482504	ENSP00000334665	0.736	True	False	121.9	8.1	True	True	BOTH_EXPRESSED
MVK	SREBF1	ENSP00000228510	ENSP00000348069	0.736	True	False	3.2	3.6	True	True	BOTH_EXPRESSED
PRPF6	BCAS2	ENSP00000266079	ENSP00000358554	0.736	True	False	33.8	37.4	True	True	BOTH_EXPRESSED
TULP1	TYRO3	ENSP00000229771	ENSP00000263798	0.736	True	False	194.3	2.4	True	True	BOTH_EXPRESSED
NR2E3	ARR3	ENSP00000482504	ENSP00000311538	0.735	True	False	121.9	357.5	True	True	BOTH_EXPRESSED
REEP6	REEP5	ENSP00000233596	ENSP00000368959	0.735	True	False	87.4	75.5	True	True	BOTH_EXPRESSED
GUCY2D	PDE3A	ENSP00000254854	ENSP00000351957	0.735	True	False	31.7	5.2	True	True	BOTH_EXPRESSED
IDH3A	ATP5PB	ENSP00000299518	ENSP00000358737	0.735	True	False	23.8	26.4	True	True	BOTH_EXPRESSED
GUCY2D	CNGB3	ENSP00000254854	ENSP00000316605	0.735	True	False	31.7	11.6	True	True	BOTH_EXPRESSED
PDE6A	ENPP3	ENSP00000255266	ENSP00000406261	0.734	True	False	1001.0	0.3	True	True	BOTH_EXPRESSED
BBS1	TRIM32	ENSP00000317469	ENSP00000408292	0.734	True	False	19.9	6.7	True	True	BOTH_EXPRESSED
PRPF31	NRL	ENSP00000324122	ENSP00000454062	0.734	True	True	7.6	294.2	True	True	BOTH_EXPRESSED
ZNF408	FZD4	ENSP00000309606	ENSP00000434034	0.734	True	False	1.2	1.0	True	True	BOTH_EXPRESSED
RHO	GNAT3	ENSP00000296271	ENSP00000381339	0.734	True	False	3767.6	0.0	True	True	BELOW_THRESHOLD
KLHL7	FSCN2	ENSP00000343273	ENSP00000334665	0.734	True	False	13.9	8.1	True	True	BOTH_EXPRESSED
PRPF8	KLHL7	ENSP00000460348	ENSP00000343273	0.734	True	True	76.4	13.9	True	True	BOTH_EXPRESSED
CERKL	PDE6B	ENSP00000341159	ENSP00000420295	0.733	True	True	19.5	357.2	True	True	BOTH_EXPRESSED
IMPG2	IDH3B	ENSP00000193391	ENSP00000482773	0.733	True	True	282.9	42.7	True	True	BOTH_EXPRESSED
IMPDH1	IDH3B	ENSP00000345096	ENSP00000482773	0.733	True	True	98.6	42.7	True	True	BOTH_EXPRESSED
NRL	IMPG2	ENSP00000454062	ENSP00000193391	0.733	True	True	294.2	282.9	True	True	BOTH_EXPRESSED
OFD1	CEP164	ENSP00000344314	ENSP00000278935	0.733	True	False	2.3	24.1	True	True	BOTH_EXPRESSED
SNRNP200	SEC63	ENSP00000317123	ENSP00000357998	0.733	True	False	62.7	19.6	True	True	BOTH_EXPRESSED
TTC8	CEP290	ENSP00000482306	ENSP00000448012	0.733	True	False	34.7	6.6	True	True	BOTH_EXPRESSED
COQ2	COQ10A	ENSP00000310873	ENSP00000312587	0.733	True	False	3.7	24.1	True	True	BOTH_EXPRESSED
RHO	GPR142	ENSP00000296271	ENSP00000335158	0.733	True	False	3767.6	0.0	True	True	BELOW_THRESHOLD
RHO	CNGA3	ENSP00000296271	ENSP00000272602	0.733	True	False	3767.6	5.4	True	True	BOTH_EXPRESSED
LRAT	CEP290	ENSP00000337224	ENSP00000448012	0.733	True	False	0.9	6.6	True	True	BOTH_EXPRESSED
CERKL	CRX	ENSP00000341159	ENSP00000221996	0.732	True	True	19.5	202.2	True	True	BOTH_EXPRESSED
IDH3B	PRPF31	ENSP00000482773	ENSP00000324122	0.732	True	True	42.7	7.6	True	True	BOTH_EXPRESSED
KLHL7	GLMN	ENSP00000343273	ENSP00000359385	0.732	True	False	13.9	36.2	True	True	BOTH_EXPRESSED
PCARE	ROM1	ENSP00000332809	ENSP00000278833	0.732	True	False	26.4	1101.4	True	True	BOTH_EXPRESSED
SNRNP200	SF1	ENSP00000317123	ENSP00000366604	0.732	True	False	62.7	42.0	True	True	BOTH_EXPRESSED
PDE6G	FSCN2	ENSP00000328412	ENSP00000334665	0.732	True	False	1904.6	8.1	True	True	BOTH_EXPRESSED
PRPF3	RPGR	ENSP00000315379	ENSP00000495537	0.732	True	True	40.3	11.2	True	True	BOTH_EXPRESSED
CERKL	IMPDH1	ENSP00000341159	ENSP00000345096	0.732	True	True	19.5	98.6	True	True	BOTH_EXPRESSED
BBS2	RPGRIP1L	ENSP00000245157	ENSP00000493946	0.732	True	False	12.0	2.6	True	True	BOTH_EXPRESSED
TULP1	ZNF513	ENSP00000229771	ENSP00000318373	0.732	True	False	194.3	4.4	True	True	BOTH_EXPRESSED
TMEM216	NPHP3	ENSP00000334844	ENSP00000338766	0.732	True	False	10.8	2.9	True	True	BOTH_EXPRESSED
GUCY2D	PDE6D	ENSP00000254854	ENSP00000287600	0.732	True	False	31.7	64.5	True	True	BOTH_EXPRESSED
TTC8	RAB8A	ENSP00000482306	ENSP00000300935	0.732	True	False	34.7	8.1	True	True	BOTH_EXPRESSED
IMPDH1	CEP290	ENSP00000345096	ENSP00000448012	0.731	True	False	98.6	6.6	True	True	BOTH_EXPRESSED
GNAT1	GNG10	ENSP00000232461	ENSP00000363411	0.731	True	False	1040.7	10.5	True	True	BOTH_EXPRESSED
TOPORS	MZT1	ENSP00000353735	ENSP00000367049	0.731	True	False	10.6	9.2	True	True	BOTH_EXPRESSED
IDH3G	DLAT	ENSP00000217901	ENSP00000280346	0.731	True	False	22.7	10.0	True	True	BOTH_EXPRESSED
RHO	PPEF2	ENSP00000296271	ENSP00000286719	0.731	True	False	3767.6	221.1	True	True	BOTH_EXPRESSED
IFT172	DYNC2LI1	ENSP00000260570	ENSP00000474032	0.731	True	False	5.3	40.7	True	True	BOTH_EXPRESSED
RDH12	RP9	ENSP00000449079	ENSP00000297157	0.731	True	False	206.6	14.0	True	True	BOTH_EXPRESSED
CNGA1	RPGR	ENSP00000384264	ENSP00000495537	0.73	True	True	244.8	11.2	True	True	BOTH_EXPRESSED
PDSS1	ETFDH	ENSP00000365388	ENSP00000426638	0.73	True	False	1.7	7.1	True	True	BOTH_EXPRESSED
GNAT1	RGR	ENSP00000232461	ENSP00000352427	0.73	True	False	1040.7	129.0	True	True	BOTH_EXPRESSED
COQ2	GGPS1	ENSP00000310873	ENSP00000282841	0.73	True	False	3.7	35.9	True	True	BOTH_EXPRESSED
RHO	GPR52	ENSP00000296271	ENSP00000356658	0.73	True	False	3767.6	0.1	True	True	BOTH_EXPRESSED
EYS	PRPF8	ENSP00000359655	ENSP00000460348	0.73	True	True	23.1	76.4	True	True	BOTH_EXPRESSED
GUCY2D	PDE3B	ENSP00000254854	ENSP00000282096	0.73	True	False	31.7	0.5	True	True	BOTH_EXPRESSED
BBS9	NPHP1	ENSP00000242067	ENSP00000313169	0.73	True	False	20.3	10.0	True	True	BOTH_EXPRESSED
BCOR	BRCA2	ENSP00000367705	ENSP00000369497	0.729	True	False	13.1	0.0	True	True	BELOW_THRESHOLD
PRPH2	TIMP3	ENSP00000230381	ENSP00000266085	0.729	True	False	594.9	29.4	True	True	BOTH_EXPRESSED
BBS1	IFT140	ENSP00000317469	ENSP00000406012	0.729	True	True	19.9	5.9	True	True	BOTH_EXPRESSED
CRX	RP9	ENSP00000221996	ENSP00000297157	0.729	True	False	202.2	14.0	True	True	BOTH_EXPRESSED
TTC8	RAC2	ENSP00000482306	ENSP00000249071	0.729	True	False	34.7	0.2	True	True	BOTH_EXPRESSED
INPP5E	PI4K2A	ENSP00000360777	ENSP00000359665	0.729	True	False	6.9	11.9	True	True	BOTH_EXPRESSED
SNRNP200	EYS	ENSP00000317123	ENSP00000359655	0.729	True	True	62.7	23.1	True	True	BOTH_EXPRESSED
POMGNT1	B4GAT1	ENSP00000361060	ENSP00000309096	0.729	True	False	10.1	42.6	True	True	BOTH_EXPRESSED
BBS9	CCDC28B	ENSP00000242067	ENSP00000413017	0.728	True	False	20.3	4.8	True	True	BOTH_EXPRESSED
IDH3G	ATP5F1A	ENSP00000217901	ENSP00000381736	0.728	True	False	22.7	431.2	True	True	BOTH_EXPRESSED
BEST1	PRCD	ENSP00000399709	ENSP00000467661	0.728	True	True	6.2	44.6	True	True	BOTH_EXPRESSED
POMGNT1	DOLK	ENSP00000361060	ENSP00000361667	0.728	True	False	10.1	4.1	True	True	BOTH_EXPRESSED
CNGA1	FSCN2	ENSP00000384264	ENSP00000334665	0.728	True	False	244.8	8.1	True	True	BOTH_EXPRESSED
RDH12	ROM1	ENSP00000449079	ENSP00000278833	0.728	True	False	206.6	1101.4	True	True	BOTH_EXPRESSED
CLN3	KCTD7	ENSP00000454229	ENSP00000492240	0.728	True	False	3.0	60.9	True	True	BOTH_EXPRESSED
ZNF408	NDP	ENSP00000309606	ENSP00000495811	0.728	True	False	1.2	17.8	True	True	BOTH_EXPRESSED
BBS2	TRIM32	ENSP00000245157	ENSP00000408292	0.728	True	False	12.0	6.7	True	True	BOTH_EXPRESSED
AIPL1	MERTK	ENSP00000370521	ENSP00000295408	0.728	True	True	775.1	15.4	True	True	BOTH_EXPRESSED
PRPF6	RBM41	ENSP00000266079	ENSP00000361557	0.728	True	False	33.8	5.7	True	True	BOTH_EXPRESSED
PDE6G	GUCY1A1	ENSP00000328412	ENSP00000296518	0.728	True	False	1904.6	15.7	True	True	BOTH_EXPRESSED
PRPF8	NR2E3	ENSP00000460348	ENSP00000482504	0.727	True	True	76.4	121.9	True	True	BOTH_EXPRESSED
IMPDH1	GUCA1B	ENSP00000345096	ENSP00000230361	0.727	True	False	98.6	432.4	True	True	BOTH_EXPRESSED
NRL	EYS	ENSP00000454062	ENSP00000359655	0.727	True	True	294.2	23.1	True	True	BOTH_EXPRESSED
PRPF6	CTNNBL1	ENSP00000266079	ENSP00000355050	0.727	True	False	33.8	17.4	True	True	BOTH_EXPRESSED
TTC8	IMPG2	ENSP00000482306	ENSP00000193391	0.727	True	True	34.7	282.9	True	True	BOTH_EXPRESSED
GUCY2D	RIMS1	ENSP00000254854	ENSP00000428417	0.727	True	False	31.7	6.8	True	True	BOTH_EXPRESSED
CRX	PRPF31	ENSP00000221996	ENSP00000324122	0.727	True	True	202.2	7.6	True	True	BOTH_EXPRESSED
PRPF8	LUC7L2	ENSP00000460348	ENSP00000347005	0.727	True	False	76.4	40.3	True	True	BOTH_EXPRESSED
EYS	PDE6B	ENSP00000359655	ENSP00000420295	0.727	True	True	23.1	357.2	True	True	BOTH_EXPRESSED
RPGR	NYX	ENSP00000495537	ENSP00000340328	0.727	True	False	11.2	0.4	True	True	BOTH_EXPRESSED
CNGA1	RPE65	ENSP00000384264	ENSP00000262340	0.727	True	True	244.8	7.8	True	True	BOTH_EXPRESSED
PDE6B	ADCY2	ENSP00000420295	ENSP00000342952	0.727	True	False	357.2	6.5	True	True	BOTH_EXPRESSED
CDHR1	PITPNM3	ENSP00000485478	ENSP00000262483	0.727	True	False	291.2	7.3	True	True	BOTH_EXPRESSED
POMGNT1	LAMA2	ENSP00000361060	ENSP00000400365	0.726	True	False	10.1	3.1	True	True	BOTH_EXPRESSED
TTC8	MCHR1	ENSP00000482306	ENSP00000249016	0.726	True	False	34.7	1.7	True	True	BOTH_EXPRESSED
PRPF3	NRL	ENSP00000315379	ENSP00000454062	0.726	True	True	40.3	294.2	True	True	BOTH_EXPRESSED
IFT172	VANGL2	ENSP00000260570	ENSP00000357040	0.726	True	False	5.3	4.0	True	True	BOTH_EXPRESSED
RAX2	RPGRIP1	ENSP00000450456	ENSP00000382895	0.726	True	False	59.9	171.2	True	True	BOTH_EXPRESSED
PDE6B	ENPP3	ENSP00000420295	ENSP00000406261	0.726	True	False	357.2	0.3	True	True	BOTH_EXPRESSED
DHX38	PPRC1	ENSP00000268482	ENSP00000278070	0.726	True	False	12.3	4.7	True	True	BOTH_EXPRESSED
GUCY2D	SEMA4A	ENSP00000254854	ENSP00000357265	0.726	True	False	31.7	1.8	True	True	BOTH_EXPRESSED
OFD1	RPGR	ENSP00000344314	ENSP00000495537	0.726	True	True	2.3	11.2	True	True	BOTH_EXPRESSED
PDE6B	ENPP1	ENSP00000420295	ENSP00000498074	0.726	True	False	357.2	0.4	True	True	BOTH_EXPRESSED
PRPF8	HNRNPA1	ENSP00000460348	ENSP00000341826	0.726	True	False	76.4	243.0	True	True	BOTH_EXPRESSED
COQ8B	COQ10B	ENSP00000315118	ENSP00000263960	0.726	True	False	1.2	17.4	True	True	BOTH_EXPRESSED
IDH3G	SDHA	ENSP00000217901	ENSP00000264932	0.726	True	False	22.7	38.7	True	True	BOTH_EXPRESSED
IDH3A	NNT	ENSP00000299518	ENSP00000264663	0.726	True	False	23.8	11.9	True	True	BOTH_EXPRESSED
PDE6A	ENPP1	ENSP00000255266	ENSP00000498074	0.726	True	False	1001.0	0.4	True	True	BOTH_EXPRESSED
SCLT1	C2CD3	ENSP00000281142	ENSP00000334379	0.726	True	False	2.7	7.7	True	True	BOTH_EXPRESSED
TULP1	LCA5	ENSP00000229771	ENSP00000376686	0.726	True	False	194.3	12.7	True	True	BOTH_EXPRESSED
TOPORS	CENPJ	ENSP00000353735	ENSP00000371308	0.726	True	False	10.6	1.7	True	True	BOTH_EXPRESSED
RPGR	FSCN2	ENSP00000495537	ENSP00000334665	0.726	True	False	11.2	8.1	True	True	BOTH_EXPRESSED
CEP250	CEP78	ENSP00000380661	ENSP00000365782	0.726	True	False	9.2	8.6	True	True	BOTH_EXPRESSED
RHO	GRK6	ENSP00000296271	ENSP00000347655	0.725	True	False	3767.6	2.1	True	True	BOTH_EXPRESSED
PRPF3	KLHL7	ENSP00000315379	ENSP00000343273	0.725	True	True	40.3	13.9	True	True	BOTH_EXPRESSED
PRPF3	EYS	ENSP00000315379	ENSP00000359655	0.725	True	True	40.3	23.1	True	True	BOTH_EXPRESSED
PDE6G	EYS	ENSP00000328412	ENSP00000359655	0.725	True	True	1904.6	23.1	True	True	BOTH_EXPRESSED
PDE6G	IDH3B	ENSP00000328412	ENSP00000482773	0.725	True	True	1904.6	42.7	True	True	BOTH_EXPRESSED
RPGR	CNGA3	ENSP00000495537	ENSP00000272602	0.725	True	False	11.2	5.4	True	True	BOTH_EXPRESSED
KLHL7	PDCD6	ENSP00000343273	ENSP00000264933	0.725	True	False	13.9	43.0	True	True	BOTH_EXPRESSED
SCLT1	CEP128	ENSP00000281142	ENSP00000451162	0.725	True	False	2.7	1.5	True	True	BOTH_EXPRESSED
IMPG2	RP9	ENSP00000193391	ENSP00000297157	0.724	True	False	282.9	14.0	True	True	BOTH_EXPRESSED
RBP3	RBP2	ENSP00000463151	ENSP00000232217	0.724	True	False	504.0	2.0	True	True	BOTH_EXPRESSED
FLVCR1	SLC48A1	ENSP00000355938	ENSP00000415998	0.724	True	False	6.3	10.4	True	True	BOTH_EXPRESSED
PDE6G	NPR1	ENSP00000328412	ENSP00000357669	0.724	True	False	1904.6	0.1	True	True	BOTH_EXPRESSED
PRPF8	RUVBL2	ENSP00000460348	ENSP00000473172	0.724	True	False	76.4	13.9	True	True	BOTH_EXPRESSED
IDH3B	HACL1	ENSP00000482773	ENSP00000323811	0.724	True	False	42.7	11.3	True	True	BOTH_EXPRESSED
SAG	ACKR3	ENSP00000386444	ENSP00000272928	0.724	True	False	1359.9	1.6	True	True	BOTH_EXPRESSED
PDE6B	ADCY1	ENSP00000420295	ENSP00000297323	0.724	True	False	357.2	49.2	True	True	BOTH_EXPRESSED
PRPF31	NUFIP1	ENSP00000324122	ENSP00000368459	0.724	True	False	7.6	2.4	True	True	BOTH_EXPRESSED
ARL6	OPN1MW	ENSP00000419619	ENSP00000472316	0.723	True	False	35.2	12.6	True	True	BOTH_EXPRESSED
IFT140	CEP290	ENSP00000406012	ENSP00000448012	0.723	True	False	5.9	6.6	True	True	BOTH_EXPRESSED
POMGNT1	NRXN2	ENSP00000361060	ENSP00000265459	0.723	True	False	10.1	16.4	True	True	BOTH_EXPRESSED
DHX38	PPP4R2	ENSP00000268482	ENSP00000349124	0.723	True	False	12.3	22.6	True	True	BOTH_EXPRESSED
DYNC2H1	SNX4	ENSP00000497174	ENSP00000251775	0.723	True	False	9.5	8.4	True	True	BOTH_EXPRESSED
PRCD	PRPF31	ENSP00000467661	ENSP00000324122	0.722	True	True	44.6	7.6	True	True	BOTH_EXPRESSED
BCOR	RAD51	ENSP00000367705	ENSP00000493712	0.722	True	False	13.1	0.3	True	True	BOTH_EXPRESSED
PDE6A	ADCY2	ENSP00000255266	ENSP00000342952	0.722	True	False	1001.0	6.5	True	True	BOTH_EXPRESSED
MVK	MSMO1	ENSP00000228510	ENSP00000261507	0.722	True	False	3.2	24.1	True	True	BOTH_EXPRESSED
DYNC2H1	IFT52	ENSP00000497174	ENSP00000362121	0.722	True	False	9.5	14.0	True	True	BOTH_EXPRESSED
PRPF3	IMPG2	ENSP00000315379	ENSP00000193391	0.722	True	True	40.3	282.9	True	True	BOTH_EXPRESSED
PRPF6	SNW1	ENSP00000266079	ENSP00000451129	0.722	True	False	33.8	40.1	True	True	BOTH_EXPRESSED
LRAT	RHO	ENSP00000337224	ENSP00000296271	0.722	True	True	0.9	3767.6	True	True	BOTH_EXPRESSED
DHX38	LRTOMT-2	ENSP00000268482	ENSP00000496019	0.722	True	False	12.3		True	False	UNKNOWN
DHX38	LRMDA	ENSP00000268482	ENSP00000480240	0.722	True	False	12.3	2.2	True	True	BOTH_EXPRESSED
CC2D2A	CPLANE1	ENSP00000403465	ENSP00000389014	0.722	True	False	78.4	5.3	True	True	BOTH_EXPRESSED
KLHL7	KCTD10	ENSP00000343273	ENSP00000228495	0.722	True	False	13.9	13.3	True	True	BOTH_EXPRESSED
KLHL7	PEF1	ENSP00000343273	ENSP00000362807	0.722	True	False	13.9	24.7	True	True	BOTH_EXPRESSED
RLBP1	SDR9C7	ENSP00000268125	ENSP00000293502	0.722	True	False	246.4	0.1	True	True	BOTH_EXPRESSED
CRX	ARR3	ENSP00000221996	ENSP00000311538	0.722	True	False	202.2	357.5	True	True	BOTH_EXPRESSED
IDH3A	NDUFV1	ENSP00000299518	ENSP00000497587	0.722	True	False	23.8	75.6	True	True	BOTH_EXPRESSED
BBS1	RAC2	ENSP00000317469	ENSP00000249071	0.721	True	False	19.9	0.2	True	True	BOTH_EXPRESSED
GUCY2D	SPATA7	ENSP00000254854	ENSP00000377176	0.721	True	True	31.7	9.4	True	True	BOTH_EXPRESSED
SAG	GRK4	ENSP00000386444	ENSP00000381129	0.721	True	False	1359.9	9.3	True	True	BOTH_EXPRESSED
NR2E3	RPGR	ENSP00000482504	ENSP00000495537	0.721	True	True	121.9	11.2	True	True	BOTH_EXPRESSED
BEST1	MERTK	ENSP00000399709	ENSP00000295408	0.721	True	True	6.2	15.4	True	True	BOTH_EXPRESSED
POMGNT1	ANO5	ENSP00000361060	ENSP00000315371	0.721	True	False	10.1	1.8	True	True	BOTH_EXPRESSED
DHX38	DDX42	ENSP00000268482	ENSP00000464050	0.721	True	False	12.3	32.9	True	True	BOTH_EXPRESSED
IMPDH1	NRL	ENSP00000345096	ENSP00000454062	0.72	True	True	98.6	294.2	True	True	BOTH_EXPRESSED
TOPORS	TUBGCP5	ENSP00000353735	ENSP00000480316	0.72	True	False	10.6	9.1	True	True	BOTH_EXPRESSED
KLHL7	IMPDH1	ENSP00000343273	ENSP00000345096	0.72	True	True	13.9	98.6	True	True	BOTH_EXPRESSED
PRPF4	PRPF18	ENSP00000363313	ENSP00000367835	0.72	True	False	12.1	11.3	True	True	BOTH_EXPRESSED
NRL	PDE6G	ENSP00000454062	ENSP00000328412	0.72	True	True	294.2	1904.6	True	True	BOTH_EXPRESSED
OFD1	CSPP1	ENSP00000344314	ENSP00000262210	0.72	True	False	2.3	2.1	True	True	BOTH_EXPRESSED
TOPORS	MZT2B	ENSP00000353735	ENSP00000386419	0.72	True	False	10.6	10.6	True	True	BOTH_EXPRESSED
PRPH2	GUCA1B	ENSP00000230381	ENSP00000230361	0.72	True	False	594.9	432.4	True	True	BOTH_EXPRESSED
PDE6B	ADCY7	ENSP00000420295	ENSP00000501053	0.72	True	False	357.2	0.7	True	True	BOTH_EXPRESSED
GUCY2D	RPGR	ENSP00000254854	ENSP00000495537	0.72	True	True	31.7	11.2	True	True	BOTH_EXPRESSED
TOPORS	MZT2A	ENSP00000353735	ENSP00000311500	0.72	True	False	10.6	0.7	True	True	BOTH_EXPRESSED
AHI1	DNM2	ENSP00000265602	ENSP00000373905	0.72	True	False	25.2	23.7	True	True	BOTH_EXPRESSED
RPGR	NME8	ENSP00000495537	ENSP00000199447	0.72	True	False	11.2	0.0	True	True	BELOW_THRESHOLD
MVK	HMGA1	ENSP00000228510	ENSP00000399888	0.72	True	False	3.2	31.0	True	True	BOTH_EXPRESSED
TOPORS	MARK4	ENSP00000353735	ENSP00000262891	0.72	True	False	10.6	14.4	True	True	BOTH_EXPRESSED
POMGNT1	MGAT4A	ENSP00000361060	ENSP00000264968	0.72	True	False	10.1	5.0	True	True	BOTH_EXPRESSED
PRPF6	DDX46	ENSP00000266079	ENSP00000416534	0.72	True	False	33.8	16.7	True	True	BOTH_EXPRESSED
IDH3G	BCKDHB	ENSP00000217901	ENSP00000318351	0.72	True	False	22.7	7.3	True	True	BOTH_EXPRESSED
POMGNT1	DPM2	ENSP00000361060	ENSP00000322181	0.72	True	False	10.1	12.3	True	True	BOTH_EXPRESSED
IDH3B	PCARE	ENSP00000482773	ENSP00000332809	0.719	True	True	42.7	26.4	True	True	BOTH_EXPRESSED
FLVCR1	SLC46A1	ENSP00000355938	ENSP00000480703	0.719	True	False	6.3	7.9	True	True	BOTH_EXPRESSED
PDE6B	RCVRN	ENSP00000420295	ENSP00000226193	0.719	True	False	357.2	430.9	True	True	BOTH_EXPRESSED
CC2D2A	NPHP3	ENSP00000403465	ENSP00000338766	0.719	True	False	78.4	2.9	True	True	BOTH_EXPRESSED
PDE6B	ADCY8	ENSP00000420295	ENSP00000286355	0.719	True	False	357.2	2.9	True	True	BOTH_EXPRESSED
PDE6B	ADCY4	ENSP00000420295	ENSP00000312126	0.719	True	False	357.2	0.0	True	True	BELOW_THRESHOLD
GUCY2D	GUCA2A	ENSP00000254854	ENSP00000349493	0.719	True	False	31.7	0.0	True	True	BELOW_THRESHOLD
AIPL1	RIMS1	ENSP00000370521	ENSP00000428417	0.719	True	False	775.1	6.8	True	True	BOTH_EXPRESSED
CRX	EYS	ENSP00000221996	ENSP00000359655	0.719	True	True	202.2	23.1	True	True	BOTH_EXPRESSED
TOPORS	RPGR	ENSP00000353735	ENSP00000495537	0.719	True	True	10.6	11.2	True	True	BOTH_EXPRESSED
IMPDH1	EYS	ENSP00000345096	ENSP00000359655	0.719	True	True	98.6	23.1	True	True	BOTH_EXPRESSED
PDE6A	ADCY1	ENSP00000255266	ENSP00000297323	0.719	True	False	1001.0	49.2	True	True	BOTH_EXPRESSED
SAG	GNGT1	ENSP00000386444	ENSP00000248572	0.719	True	False	1359.9	1760.3	True	True	BOTH_EXPRESSED
IDH3B	EYS	ENSP00000482773	ENSP00000359655	0.719	True	True	42.7	23.1	True	True	BOTH_EXPRESSED
PDE6A	ADCY4	ENSP00000255266	ENSP00000312126	0.719	True	False	1001.0	0.0	True	True	BELOW_THRESHOLD
NR2E3	ABCA4	ENSP00000482504	ENSP00000359245	0.719	True	False	121.9	328.7	True	True	BOTH_EXPRESSED
BBS1	NPHP1	ENSP00000317469	ENSP00000313169	0.718	True	False	19.9	10.0	True	True	BOTH_EXPRESSED
RHO	GRK3	ENSP00000296271	ENSP00000317578	0.718	True	False	3767.6	4.0	True	True	BOTH_EXPRESSED
PRPF3	NR2E3	ENSP00000315379	ENSP00000482504	0.718	True	True	40.3	121.9	True	True	BOTH_EXPRESSED
OFD1	RAB8A	ENSP00000344314	ENSP00000300935	0.718	True	False	2.3	8.1	True	True	BOTH_EXPRESSED
SCLT1	TBC1D32	ENSP00000281142	ENSP00000381270	0.717	True	True	2.7	6.9	True	True	BOTH_EXPRESSED
IDH3B	BCKDHA	ENSP00000482773	ENSP00000269980	0.717	True	False	42.7	20.2	True	True	BOTH_EXPRESSED
PDE6B	ADCY9	ENSP00000420295	ENSP00000294016	0.717	True	False	357.2	2.7	True	True	BOTH_EXPRESSED
PDE6G	NPR2	ENSP00000328412	ENSP00000341083	0.717	True	False	1904.6	1.5	True	True	BOTH_EXPRESSED
PRPH2	TOPORS	ENSP00000230381	ENSP00000353735	0.716	True	True	594.9	10.6	True	True	BOTH_EXPRESSED
SNRNP200	IMPDH1	ENSP00000317123	ENSP00000345096	0.716	True	True	62.7	98.6	True	True	BOTH_EXPRESSED
PRCD	ROM1	ENSP00000467661	ENSP00000278833	0.716	True	False	44.6	1101.4	True	True	BOTH_EXPRESSED
RPGR	ADGRD1	ENSP00000495537	ENSP00000444425	0.716	True	False	11.2	0.7	True	True	BOTH_EXPRESSED
PRPF6	GFM1	ENSP00000266079	ENSP00000264263	0.716	True	False	33.8	42.9	True	True	BOTH_EXPRESSED
COQ8B	ADCK2	ENSP00000315118	ENSP00000072869	0.716	True	False	1.2	5.9	True	True	BOTH_EXPRESSED
POMGNT1	DPM1	ENSP00000361060	ENSP00000360638	0.716	True	False	10.1	20.2	True	True	BOTH_EXPRESSED
HK1	LDHA	ENSP00000494664	ENSP00000445175	0.716	True	False	141.7	411.4	True	True	BOTH_EXPRESSED
IDH3B	ILVBL	ENSP00000482773	ENSP00000263383	0.716	True	False	42.7	12.9	True	True	BOTH_EXPRESSED
COQ2	FDPS	ENSP00000310873	ENSP00000349078	0.716	True	False	3.7	42.6	True	True	BOTH_EXPRESSED
OFD1	PIBF1	ENSP00000344314	ENSP00000317144	0.716	True	False	2.3	9.4	True	True	BOTH_EXPRESSED
CERKL	GUCA1B	ENSP00000341159	ENSP00000230361	0.716	True	False	19.5	432.4	True	True	BOTH_EXPRESSED
GNAT1	RGS11	ENSP00000232461	ENSP00000380876	0.716	True	False	1040.7	8.3	True	True	BOTH_EXPRESSED
DHX38	PRPF31	ENSP00000268482	ENSP00000324122	0.715	True	True	12.3	7.6	True	True	BOTH_EXPRESSED
IDH3G	BCKDHA	ENSP00000217901	ENSP00000269980	0.715	True	False	22.7	20.2	True	True	BOTH_EXPRESSED
NR2E3	TOPORS	ENSP00000482504	ENSP00000353735	0.715	True	True	121.9	10.6	True	True	BOTH_EXPRESSED
NRL	GUCA1B	ENSP00000454062	ENSP00000230361	0.715	True	False	294.2	432.4	True	True	BOTH_EXPRESSED
CNGB1	KIFC3	ENSP00000251102	ENSP00000442008	0.715	True	False	557.0	75.8	True	True	BOTH_EXPRESSED
PRCD	ABCA4	ENSP00000467661	ENSP00000359245	0.715	True	False	44.6	328.7	True	True	BOTH_EXPRESSED
BBS1	GLIS2	ENSP00000317469	ENSP00000262366	0.715	True	False	19.9	0.6	True	True	BOTH_EXPRESSED
PRPF8	ZNF513	ENSP00000460348	ENSP00000318373	0.714	True	False	76.4	4.4	True	True	BOTH_EXPRESSED
PDE6G	ADCY8	ENSP00000328412	ENSP00000286355	0.714	True	False	1904.6	2.9	True	True	BOTH_EXPRESSED
USH2A	SLC4A7	ENSP00000305941	ENSP00000390394	0.714	True	True	17.8	67.5	True	True	BOTH_EXPRESSED
COQ2	HSPA9	ENSP00000310873	ENSP00000297185	0.714	True	False	3.7	45.2	True	True	BOTH_EXPRESSED
RLBP1	RGR	ENSP00000268125	ENSP00000352427	0.714	True	False	246.4	129.0	True	True	BOTH_EXPRESSED
RHO	GPR141	ENSP00000296271	ENSP00000390410	0.714	True	False	3767.6	0.3	True	True	BOTH_EXPRESSED
SAG	ROM1	ENSP00000386444	ENSP00000278833	0.714	True	False	1359.9	1101.4	True	True	BOTH_EXPRESSED
IDH3A	BCKDHA	ENSP00000299518	ENSP00000269980	0.714	True	False	23.8	20.2	True	True	BOTH_EXPRESSED
BBS2	IFT27	ENSP00000245157	ENSP00000393541	0.713	True	False	12.0	14.5	True	True	BOTH_EXPRESSED
PRPH2	NRL	ENSP00000230381	ENSP00000454062	0.713	True	True	594.9	294.2	True	True	BOTH_EXPRESSED
POMGNT1	SGCA	ENSP00000361060	ENSP00000262018	0.713	True	False	10.1	0.0	True	True	BELOW_THRESHOLD
NR2E3	PDE6B	ENSP00000482504	ENSP00000420295	0.713	True	True	121.9	357.2	True	True	BOTH_EXPRESSED
BBS1	ALMS1	ENSP00000317469	ENSP00000482968	0.713	True	False	19.9	8.1	True	True	BOTH_EXPRESSED
PRPF3	EXOSC10	ENSP00000315379	ENSP00000366135	0.713	True	False	40.3	32.8	True	True	BOTH_EXPRESSED
IDH3A	UQCRC2	ENSP00000299518	ENSP00000268379	0.713	True	False	23.8	131.8	True	True	BOTH_EXPRESSED
SNRNP200	HTATSF1	ENSP00000317123	ENSP00000442699	0.713	True	False	62.7	52.0	True	True	BOTH_EXPRESSED
KIAA1549	ARAF	ENSP00000416040	ENSP00000290277	0.713	True	False	5.3	14.3	True	True	BOTH_EXPRESSED
GUCY2D	AK9	ENSP00000254854	ENSP00000410186	0.713	True	False	31.7	13.0	True	True	BOTH_EXPRESSED
RAX2	UNC119	ENSP00000450456	ENSP00000337040	0.713	True	False	59.9	1084.9	True	True	BOTH_EXPRESSED
PRPF3	CNGB1	ENSP00000315379	ENSP00000251102	0.712	True	True	40.3	557.0	True	True	BOTH_EXPRESSED
CFAP20	DR1	ENSP00000262498	ENSP00000359295	0.712	True	False	26.4	13.0	True	True	BOTH_EXPRESSED
GUCY2D	PDE1B	ENSP00000254854	ENSP00000243052	0.712	True	False	31.7	0.3	True	True	BOTH_EXPRESSED
TMEM216	IQCB1	ENSP00000334844	ENSP00000311505	0.712	True	False	10.8	17.5	True	True	BOTH_EXPRESSED
FAM161A	WDR90	ENSP00000385158	ENSP00000293879	0.712	True	False	26.9	4.3	True	True	BOTH_EXPRESSED
OFD1	NOLC1	ENSP00000344314	ENSP00000385410	0.712	True	False	2.3	35.2	True	True	BOTH_EXPRESSED
OFD1	KIF3A	ENSP00000344314	ENSP00000385808	0.712	True	False	2.3	31.3	True	True	BOTH_EXPRESSED
MERTK	SOCS1	ENSP00000295408	ENSP00000496577	0.712	True	False	15.4	0.1	True	True	BOTH_EXPRESSED
GNAT1	GNG3	ENSP00000232461	ENSP00000294117	0.712	True	False	1040.7	32.7	True	True	BOTH_EXPRESSED
NRL	CNGB1	ENSP00000454062	ENSP00000251102	0.711	True	True	294.2	557.0	True	True	BOTH_EXPRESSED
MERTK	GUCY2D	ENSP00000295408	ENSP00000254854	0.711	True	True	15.4	31.7	True	True	BOTH_EXPRESSED
PRPF3	ROM1	ENSP00000315379	ENSP00000278833	0.711	True	False	40.3	1101.4	True	True	BOTH_EXPRESSED
TULP1	CEP290	ENSP00000229771	ENSP00000448012	0.711	True	False	194.3	6.6	True	True	BOTH_EXPRESSED
MERTK	CRX	ENSP00000295408	ENSP00000221996	0.711	True	True	15.4	202.2	True	True	BOTH_EXPRESSED
RHO	RAB3IP	ENSP00000296271	ENSP00000447300	0.711	True	False	3767.6	82.0	True	True	BOTH_EXPRESSED
IMPG2	GUCA1B	ENSP00000193391	ENSP00000230361	0.711	True	False	282.9	432.4	True	True	BOTH_EXPRESSED
DHDDS	EPRS1	ENSP00000353104	ENSP00000355890	0.711	True	False	30.3	40.5	True	True	BOTH_EXPRESSED
TULP1	C8orf37	ENSP00000229771	ENSP00000286688	0.711	True	False	194.3		True	False	UNKNOWN
NR2E3	GUCA1B	ENSP00000482504	ENSP00000230361	0.71	True	False	121.9	432.4	True	True	BOTH_EXPRESSED
PDE6A	RP9	ENSP00000255266	ENSP00000297157	0.71	True	False	1001.0	14.0	True	True	BOTH_EXPRESSED
IDH3G	ILVBL	ENSP00000217901	ENSP00000263383	0.71	True	False	22.7	12.9	True	True	BOTH_EXPRESSED
CERKL	SNRNP200	ENSP00000341159	ENSP00000317123	0.71	True	True	19.5	62.7	True	True	BOTH_EXPRESSED
CNGA1	NRL	ENSP00000384264	ENSP00000454062	0.71	True	True	244.8	294.2	True	True	BOTH_EXPRESSED
MERTK	TIMD4	ENSP00000295408	ENSP00000274532	0.71	True	False	15.4	0.0	True	True	BELOW_THRESHOLD
DHX38	DDX41	ENSP00000268482	ENSP00000330349	0.71	True	False	12.3	13.6	True	True	BOTH_EXPRESSED
SNRNP200	FSCN2	ENSP00000317123	ENSP00000334665	0.71	True	False	62.7	8.1	True	True	BOTH_EXPRESSED
PRPF8	NRL	ENSP00000460348	ENSP00000454062	0.709	True	True	76.4	294.2	True	True	BOTH_EXPRESSED
CNGB1	GUCA1A	ENSP00000251102	ENSP00000053469	0.709	True	True	557.0	703.2	True	True	BOTH_EXPRESSED
TTC8	SSTR3	ENSP00000482306	ENSP00000480971	0.709	True	False	34.7	0.2	True	True	BOTH_EXPRESSED
RHO	SUCLG2	ENSP00000296271	ENSP00000419325	0.709	True	False	3767.6	6.7	True	True	BOTH_EXPRESSED
TOPORS	ZNF513	ENSP00000353735	ENSP00000318373	0.709	True	False	10.6	4.4	True	True	BOTH_EXPRESSED
TOPORS	GUCA1B	ENSP00000353735	ENSP00000230361	0.709	True	False	10.6	432.4	True	True	BOTH_EXPRESSED
IDH3G	HACL1	ENSP00000217901	ENSP00000323811	0.709	True	False	22.7	11.3	True	True	BOTH_EXPRESSED
PDE6G	RGS11	ENSP00000328412	ENSP00000380876	0.709	True	False	1904.6	8.3	True	True	BOTH_EXPRESSED
SNRNP200	DDX39B	ENSP00000317123	ENSP00000416269	0.709	True	False	62.7	31.8	True	True	BOTH_EXPRESSED
FAM161A	BBS10	ENSP00000385158	ENSP00000497413	0.709	True	False	26.9	10.5	True	True	BOTH_EXPRESSED
SCLT1	TTBK2	ENSP00000281142	ENSP00000267890	0.709	True	False	2.7	16.4	True	True	BOTH_EXPRESSED
IDH3B	FSCN2	ENSP00000482773	ENSP00000334665	0.708	True	False	42.7	8.1	True	True	BOTH_EXPRESSED
CNGA1	ZNF513	ENSP00000384264	ENSP00000318373	0.708	True	False	244.8	4.4	True	True	BOTH_EXPRESSED
IFT172	BBS2	ENSP00000260570	ENSP00000245157	0.708	True	True	5.3	12.0	True	True	BOTH_EXPRESSED
DHDDS	FAM161A	ENSP00000353104	ENSP00000385158	0.708	True	True	30.3	26.9	True	True	BOTH_EXPRESSED
PRPF3	PCARE	ENSP00000315379	ENSP00000332809	0.708	True	True	40.3	26.4	True	True	BOTH_EXPRESSED
GNAT1	GNG5	ENSP00000232461	ENSP00000359675	0.708	True	False	1040.7	18.1	True	True	BOTH_EXPRESSED
POMGNT1	MGAT5	ENSP00000361060	ENSP00000281923	0.708	True	False	10.1	10.8	True	True	BOTH_EXPRESSED
PDE6G	GUCY2C	ENSP00000328412	ENSP00000261170	0.708	True	False	1904.6	0.1	True	True	BOTH_EXPRESSED
IMPG2	TOPORS	ENSP00000193391	ENSP00000353735	0.708	True	True	282.9	10.6	True	True	BOTH_EXPRESSED
RDH12	BEST1	ENSP00000449079	ENSP00000399709	0.708	True	True	206.6	6.2	True	True	BOTH_EXPRESSED
KLHL7	ZNF513	ENSP00000343273	ENSP00000318373	0.708	True	False	13.9	4.4	True	True	BOTH_EXPRESSED
PRPH2	PRPF8	ENSP00000230381	ENSP00000460348	0.708	True	True	594.9	76.4	True	True	BOTH_EXPRESSED
GUCA1A	GRK1	ENSP00000053469	ENSP00000334876	0.708	True	False	703.2	39.5	True	True	BOTH_EXPRESSED
PRPF31	BCAS2	ENSP00000324122	ENSP00000358554	0.708	True	False	7.6	37.4	True	True	BOTH_EXPRESSED
NR2E3	IMPDH1	ENSP00000482504	ENSP00000345096	0.708	True	True	121.9	98.6	True	True	BOTH_EXPRESSED
TOPORS	EYS	ENSP00000353735	ENSP00000359655	0.708	True	True	10.6	23.1	True	True	BOTH_EXPRESSED
ARL3	CDKN2A	ENSP00000260746	ENSP00000418915	0.708	True	False	89.3	0.1	True	True	BOTH_EXPRESSED
PDE6A	RGS9BP	ENSP00000255266	ENSP00000334134	0.708	True	False	1001.0	16.1	True	True	BOTH_EXPRESSED
SNRNP200	TTC27	ENSP00000317123	ENSP00000313953	0.708	True	False	62.7	4.9	True	True	BOTH_EXPRESSED
HK1	GAPDH	ENSP00000494664	ENSP00000380070	0.708	True	False	141.7	2216.3	True	True	BOTH_EXPRESSED
TULP1	PDE6G	ENSP00000229771	ENSP00000328412	0.707	True	True	194.3	1904.6	True	True	BOTH_EXPRESSED
BEST1	FSCN2	ENSP00000399709	ENSP00000334665	0.707	True	False	6.2	8.1	True	True	BOTH_EXPRESSED
PDE6A	PRPF8	ENSP00000255266	ENSP00000460348	0.707	True	True	1001.0	76.4	True	True	BOTH_EXPRESSED
ARHGEF18	RHOB	ENSP00000482647	ENSP00000272233	0.707	True	False	4.6	25.5	True	True	BOTH_EXPRESSED
AHI1	NPHP3	ENSP00000265602	ENSP00000338766	0.707	True	False	25.2	2.9	True	True	BOTH_EXPRESSED
ZNF408	ZNF212	ENSP00000309606	ENSP00000338572	0.707	True	False	1.2	4.2	True	True	BOTH_EXPRESSED
IMPG2	PRPF31	ENSP00000193391	ENSP00000324122	0.707	True	True	282.9	7.6	True	True	BOTH_EXPRESSED
RDH12	RBP1	ENSP00000449079	ENSP00000232219	0.707	True	False	206.6	21.6	True	True	BOTH_EXPRESSED
CYP4V2	NDOR1	ENSP00000368079	ENSP00000360576	0.707	True	False	13.1	3.3	True	True	BOTH_EXPRESSED
CNGA1	PRPF31	ENSP00000384264	ENSP00000324122	0.706	True	True	244.8	7.6	True	True	BOTH_EXPRESSED
PRPF3	AKAP7	ENSP00000315379	ENSP00000405252	0.706	True	False	40.3	7.1	True	True	BOTH_EXPRESSED
PRPF3	RDH12	ENSP00000315379	ENSP00000449079	0.706	True	True	40.3	206.6	True	True	BOTH_EXPRESSED
TULP1	AXL	ENSP00000229771	ENSP00000301178	0.706	True	False	194.3	5.3	True	True	BOTH_EXPRESSED
SLC4A7	COX11	ENSP00000390394	ENSP00000299335	0.706	True	False	67.5	18.9	True	True	BOTH_EXPRESSED
AIPL1	PDE6A	ENSP00000370521	ENSP00000255266	0.706	True	True	775.1	1001.0	True	True	BOTH_EXPRESSED
EYS	GUCA1B	ENSP00000359655	ENSP00000230361	0.706	True	False	23.1	432.4	True	True	BOTH_EXPRESSED
ARL3	C20orf194	ENSP00000260746	ENSP00000252032	0.706	True	False	89.3		True	False	UNKNOWN
C19orf44	PROSER3	ENSP00000221671	ENSP00000380116	0.706	True	False	3.4	5.9	True	True	BOTH_EXPRESSED
CERKL	ROM1	ENSP00000341159	ENSP00000278833	0.706	True	False	19.5	1101.4	True	True	BOTH_EXPRESSED
IMPG2	SEMA4A	ENSP00000193391	ENSP00000357265	0.706	True	False	282.9	1.8	True	True	BOTH_EXPRESSED
BBS1	PKD1	ENSP00000317469	ENSP00000262304	0.706	True	False	19.9	6.3	True	True	BOTH_EXPRESSED
BEST1	ROM1	ENSP00000399709	ENSP00000278833	0.706	True	False	6.2	1101.4	True	True	BOTH_EXPRESSED
PDE6G	ADCY4	ENSP00000328412	ENSP00000312126	0.705	True	False	1904.6	0.0	True	True	BELOW_THRESHOLD
PCARE	CRX	ENSP00000332809	ENSP00000221996	0.705	True	True	26.4	202.2	True	True	BOTH_EXPRESSED
BBS2	RAC2	ENSP00000245157	ENSP00000249071	0.705	True	False	12.0	0.2	True	True	BOTH_EXPRESSED
MERTK	CERKL	ENSP00000295408	ENSP00000341159	0.705	True	True	15.4	19.5	True	True	BOTH_EXPRESSED
RPE65	RBP3	ENSP00000262340	ENSP00000463151	0.705	True	True	7.8	504.0	True	True	BOTH_EXPRESSED
IFT172	PTCH1	ENSP00000260570	ENSP00000332353	0.705	True	False	5.3	7.8	True	True	BOTH_EXPRESSED
PRPF6	EFL1	ENSP00000266079	ENSP00000268206	0.705	True	False	33.8	4.7	True	True	BOTH_EXPRESSED
BEST1	CERKL	ENSP00000399709	ENSP00000341159	0.705	True	True	6.2	19.5	True	True	BOTH_EXPRESSED
PRPF6	EEF2	ENSP00000266079	ENSP00000307940	0.705	True	False	33.8	208.1	True	True	BOTH_EXPRESSED
TTC8	PDE6G	ENSP00000482306	ENSP00000328412	0.704	True	True	34.7	1904.6	True	True	BOTH_EXPRESSED
SLC24A1	CABP4	ENSP00000261892	ENSP00000324960	0.704	True	False	179.2	63.1	True	True	BOTH_EXPRESSED
PRPH2	GUCA1A-2	ENSP00000230381	ENSP00000362049	0.704	True	False	594.9		True	False	UNKNOWN
IFT140	WDR60	ENSP00000406012	ENSP00000384290	0.704	True	False	5.9		True	False	UNKNOWN
PDE6B	CACNA1F	ENSP00000420295	ENSP00000365441	0.704	True	False	357.2	116.2	True	True	BOTH_EXPRESSED
PDE6G	ADCY2	ENSP00000328412	ENSP00000342952	0.704	True	False	1904.6	6.5	True	True	BOTH_EXPRESSED
PRPH2	PRPF3	ENSP00000230381	ENSP00000315379	0.704	True	True	594.9	40.3	True	True	BOTH_EXPRESSED
IDH3B	DHTKD1	ENSP00000482773	ENSP00000263035	0.704	True	False	42.7	6.9	True	True	BOTH_EXPRESSED
SNRNP200	HNRNPA3	ENSP00000317123	ENSP00000376309	0.703	True	False	62.7	167.4	True	True	BOTH_EXPRESSED
IDH3B	PDE6A	ENSP00000482773	ENSP00000255266	0.703	True	True	42.7	1001.0	True	True	BOTH_EXPRESSED
CRX	GNAT1	ENSP00000221996	ENSP00000232461	0.703	True	True	202.2	1040.7	True	True	BOTH_EXPRESSED
RPGR	IMPG2	ENSP00000495537	ENSP00000193391	0.703	True	True	11.2	282.9	True	True	BOTH_EXPRESSED
TOPORS	PRCD	ENSP00000353735	ENSP00000467661	0.703	True	True	10.6	44.6	True	True	BOTH_EXPRESSED
PCARE	PDE6B	ENSP00000332809	ENSP00000420295	0.703	True	True	26.4	357.2	True	True	BOTH_EXPRESSED
CREB3	AKT3	ENSP00000342136	ENSP00000500582	0.703	True	False	21.7	15.2	True	True	BOTH_EXPRESSED
RPE65	CNGB3	ENSP00000262340	ENSP00000316605	0.703	True	False	7.8	11.6	True	True	BOTH_EXPRESSED
PDE6A	BEST1	ENSP00000255266	ENSP00000399709	0.703	True	True	1001.0	6.2	True	True	BOTH_EXPRESSED
PRPF8	ROM1	ENSP00000460348	ENSP00000278833	0.703	True	False	76.4	1101.4	True	True	BOTH_EXPRESSED
IFT172	WDR34	ENSP00000260570	ENSP00000361800	0.703	True	False	5.3		True	False	UNKNOWN
KIAA1549	QKI	ENSP00000416040	ENSP00000355094	0.703	True	False	5.3	24.9	True	True	BOTH_EXPRESSED
AIPL1	NEDD8	ENSP00000370521	ENSP00000250495	0.703	True	False	775.1	69.1	True	True	BOTH_EXPRESSED
IMPDH1	ROM1	ENSP00000345096	ENSP00000278833	0.703	True	False	98.6	1101.4	True	True	BOTH_EXPRESSED
GNAT1	OPN1LW	ENSP00000232461	ENSP00000358967	0.703	True	False	1040.7	237.8	True	True	BOTH_EXPRESSED
IDH3A	ILVBL	ENSP00000299518	ENSP00000263383	0.703	True	False	23.8	12.9	True	True	BOTH_EXPRESSED
CNGA1	PDE6C	ENSP00000384264	ENSP00000360502	0.703	True	False	244.8	21.4	True	True	BOTH_EXPRESSED
PRPF31	CNOT3	ENSP00000324122	ENSP00000351159	0.702	True	False	7.6	16.6	True	True	BOTH_EXPRESSED
PRPF8	PCARE	ENSP00000460348	ENSP00000332809	0.702	True	True	76.4	26.4	True	True	BOTH_EXPRESSED
HK1	KRAS	ENSP00000494664	ENSP00000256078	0.702	True	False	141.7	16.2	True	True	BOTH_EXPRESSED
PCARE	SNRNP200	ENSP00000332809	ENSP00000317123	0.702	True	True	26.4	62.7	True	True	BOTH_EXPRESSED
GNAT1	GNG12	ENSP00000232461	ENSP00000360021	0.702	True	False	1040.7	6.1	True	True	BOTH_EXPRESSED
CREB3	PRKACA	ENSP00000342136	ENSP00000309591	0.702	True	False	21.7	23.4	True	True	BOTH_EXPRESSED
PDE6A	ALDH7A1	ENSP00000255266	ENSP00000387123	0.702	True	False	1001.0	18.3	True	True	BOTH_EXPRESSED
DHDDS	DPM1	ENSP00000353104	ENSP00000360638	0.702	True	False	30.3	20.2	True	True	BOTH_EXPRESSED
OFD1	INVS	ENSP00000344314	ENSP00000262457	0.702	True	False	2.3	10.9	True	True	BOTH_EXPRESSED
COQ5	COQ10A	ENSP00000288532	ENSP00000312587	0.702	True	False	24.3	24.1	True	True	BOTH_EXPRESSED
AGBL5	TTLL6	ENSP00000353249	ENSP00000377043	0.702	True	False	15.1	0.3	True	True	BOTH_EXPRESSED
PRPF8	GUCA1B	ENSP00000460348	ENSP00000230361	0.701	True	False	76.4	432.4	True	True	BOTH_EXPRESSED
MERTK	FCGR1A	ENSP00000295408	ENSP00000358165	0.701	True	False	15.4	2.2	True	True	BOTH_EXPRESSED
DYNC2H1	IFT43	ENSP00000497174	ENSP00000238628	0.701	True	False	9.5	23.2	True	True	BOTH_EXPRESSED
BBS2	SMO	ENSP00000245157	ENSP00000249373	0.701	True	False	12.0	1.9	True	True	BOTH_EXPRESSED
OFD1	CPLANE1	ENSP00000344314	ENSP00000389014	0.701	True	False	2.3	5.3	True	True	BOTH_EXPRESSED
PRPF31	SF1	ENSP00000324122	ENSP00000366604	0.701	True	False	7.6	42.0	True	True	BOTH_EXPRESSED
IMPDH1	PCARE	ENSP00000345096	ENSP00000332809	0.701	True	True	98.6	26.4	True	True	BOTH_EXPRESSED
RHO	OPN1MW	ENSP00000296271	ENSP00000472316	0.701	True	False	3767.6	12.6	True	True	BOTH_EXPRESSED
TTC8	PDE6A	ENSP00000482306	ENSP00000255266	0.701	True	True	34.7	1001.0	True	True	BOTH_EXPRESSED
IMPDH1	PDE6A	ENSP00000345096	ENSP00000255266	0.701	True	True	98.6	1001.0	True	True	BOTH_EXPRESSED
TOPORS	ROM1	ENSP00000353735	ENSP00000278833	0.701	True	False	10.6	1101.4	True	True	BOTH_EXPRESSED
CREB3	PRKACB	ENSP00000342136	ENSP00000359719	0.701	True	False	21.7	66.3	True	True	BOTH_EXPRESSED
RLBP1	RCVRN	ENSP00000268125	ENSP00000226193	0.701	True	False	246.4	430.9	True	True	BOTH_EXPRESSED
SAG	ARRDC3	ENSP00000386444	ENSP00000265138	0.701	True	False	1359.9	69.6	True	True	BOTH_EXPRESSED
LRAT	SDR9C7	ENSP00000337224	ENSP00000293502	0.7	True	False	0.9	0.1	True	True	BOTH_EXPRESSED
PCARE	RPE65	ENSP00000332809	ENSP00000262340	0.7	True	True	26.4	7.8	True	True	BOTH_EXPRESSED
PDE6A	CNGA3	ENSP00000255266	ENSP00000272602	0.7	True	False	1001.0	5.4	True	True	BOTH_EXPRESSED
BBS1	SDCCAG8	ENSP00000317469	ENSP00000355499	0.7	True	False	19.9	3.4	True	True	BOTH_EXPRESSED
PRPF6	RBM22	ENSP00000266079	ENSP00000199814	0.7	True	False	33.8	21.9	True	True	BOTH_EXPRESSED
INPP5E	PI4K2B	ENSP00000360777	ENSP00000264864	0.7	True	False	6.9	4.5	True	True	BOTH_EXPRESSED
PDE6G	NT5C3A	ENSP00000328412	ENSP00000476480	0.7	True	False	1904.6	16.1	True	True	BOTH_EXPRESSED
IDH3A	SDHD	ENSP00000299518	ENSP00000364699	0.7	True	False	23.8	34.6	True	True	BOTH_EXPRESSED
PRPF3	PRCD	ENSP00000315379	ENSP00000467661	0.7	True	True	40.3	44.6	True	True	BOTH_EXPRESSED
OFD1	DYNLL1	ENSP00000344314	ENSP00000376297	0.7	True	False	2.3	168.0	True	True	BOTH_EXPRESSED
DYNC2H1	KIF3A	ENSP00000497174	ENSP00000385808	0.7	True	False	9.5	31.3	True	True	BOTH_EXPRESSED
PDE6G	ADCY9	ENSP00000328412	ENSP00000294016	0.7	True	False	1904.6	2.7	True	True	BOTH_EXPRESSED
PDE6G	ABCA4	ENSP00000328412	ENSP00000359245	0.7	True	False	1904.6	328.7	True	True	BOTH_EXPRESSED
GUCY2D	PDE1C	ENSP00000254854	ENSP00000379496	0.699	True	False	31.7	6.8	True	True	BOTH_EXPRESSED
PRPF4	RP9	ENSP00000363313	ENSP00000297157	0.699	True	False	12.1	14.0	True	True	BOTH_EXPRESSED
GUCY2D	PDE1A	ENSP00000254854	ENSP00000410309	0.699	True	False	31.7	1.1	True	True	BOTH_EXPRESSED
SNRNP200	ILF3	ENSP00000317123	ENSP00000404121	0.699	True	False	62.7	64.8	True	True	BOTH_EXPRESSED
PDE6B	NT5C3A	ENSP00000420295	ENSP00000476480	0.699	True	False	357.2	16.1	True	True	BOTH_EXPRESSED
GUCA1A	GUCA2A	ENSP00000053469	ENSP00000349493	0.699	True	False	703.2	0.0	True	True	BELOW_THRESHOLD
GNAT1	GNG8	ENSP00000232461	ENSP00000300873	0.699	True	False	1040.7	0.4	True	True	BOTH_EXPRESSED
NRL	ROM1	ENSP00000454062	ENSP00000278833	0.699	True	False	294.2	1101.4	True	True	BOTH_EXPRESSED
INPP5E	PIK3R2	ENSP00000360777	ENSP00000222254	0.699	True	False	6.9	7.3	True	True	BOTH_EXPRESSED
PRPF3	GUCA1B	ENSP00000315379	ENSP00000230361	0.698	True	False	40.3	432.4	True	True	BOTH_EXPRESSED
MERTK	APOE	ENSP00000295408	ENSP00000252486	0.698	True	False	15.4	81.4	True	True	BOTH_EXPRESSED
PRPF8	RPAP3	ENSP00000460348	ENSP00000005386	0.698	True	False	76.4	10.3	True	True	BOTH_EXPRESSED
DHX38	POLDIP3	ENSP00000268482	ENSP00000397927	0.698	True	False	12.3	27.3	True	True	BOTH_EXPRESSED
AHI1	CPLANE1	ENSP00000265602	ENSP00000389014	0.698	True	False	25.2	5.3	True	True	BOTH_EXPRESSED
PRPF31	CA4	ENSP00000324122	ENSP00000300900	0.698	True	False	7.6	0.0	True	True	BELOW_THRESHOLD
RBP3	RLBP1	ENSP00000463151	ENSP00000268125	0.698	True	True	504.0	246.4	True	True	BOTH_EXPRESSED
RCBTB1	RCBTB2	ENSP00000367552	ENSP00000389910	0.698	True	False	45.9	7.7	True	True	BOTH_EXPRESSED
REEP6	KLRF1	ENSP00000233596	ENSP00000483713	0.698	True	False	87.4	0.1	True	True	BOTH_EXPRESSED
PRPF8	IDH3B	ENSP00000460348	ENSP00000482773	0.698	True	True	76.4	42.7	True	True	BOTH_EXPRESSED
IFT172	BBS4	ENSP00000260570	ENSP00000268057	0.697	True	False	5.3	42.0	True	True	BOTH_EXPRESSED
IDH3B	CNGB1	ENSP00000482773	ENSP00000251102	0.697	True	True	42.7	557.0	True	True	BOTH_EXPRESSED
CNGA1	RP9	ENSP00000384264	ENSP00000297157	0.697	True	False	244.8	14.0	True	True	BOTH_EXPRESSED
IFT172	BBS7	ENSP00000260570	ENSP00000264499	0.697	True	False	5.3	52.4	True	True	BOTH_EXPRESSED
RHO	RXFP4	ENSP00000296271	ENSP00000357301	0.697	True	False	3767.6	0.0	True	True	BELOW_THRESHOLD
EYS	ROM1	ENSP00000359655	ENSP00000278833	0.697	True	False	23.1	1101.4	True	True	BOTH_EXPRESSED
PRPF8	RPE65	ENSP00000460348	ENSP00000262340	0.697	True	True	76.4	7.8	True	True	BOTH_EXPRESSED
PRPF8	RPL5	ENSP00000460348	ENSP00000359345	0.697	True	False	76.4	321.1	True	True	BOTH_EXPRESSED
SPATA7	CERKL	ENSP00000377176	ENSP00000341159	0.696	True	True	9.4	19.5	True	True	BOTH_EXPRESSED
PRPH2	AMELX	ENSP00000230381	ENSP00000370088	0.696	True	False	594.9	0.0	True	True	BELOW_THRESHOLD
IDH3A	CHMP3	ENSP00000299518	ENSP00000263856	0.696	True	False	23.8	28.5	True	True	BOTH_EXPRESSED
MVK	FASN	ENSP00000228510	ENSP00000304592	0.696	True	False	3.2	4.0	True	True	BOTH_EXPRESSED
PRPH2	AMELY	ENSP00000230381	ENSP00000372505	0.696	True	False	594.9	0.0	True	True	BELOW_THRESHOLD
CRX	SEMA4A	ENSP00000221996	ENSP00000357265	0.696	True	False	202.2	1.8	True	True	BOTH_EXPRESSED
CNGB1	GNGT1	ENSP00000251102	ENSP00000248572	0.696	True	False	557.0	1760.3	True	True	BOTH_EXPRESSED
CERKL	FAM161A	ENSP00000341159	ENSP00000385158	0.696	True	True	19.5	26.9	True	True	BOTH_EXPRESSED
PDE6B	PITPNM1	ENSP00000420295	ENSP00000348772	0.696	True	False	357.2	37.8	True	True	BOTH_EXPRESSED
MVK	ACAA1	ENSP00000228510	ENSP00000333664	0.695	True	False	3.2	4.5	True	True	BOTH_EXPRESSED
CREB3	PRKACG	ENSP00000342136	ENSP00000366488	0.695	True	False	21.7	0.0	True	True	BELOW_THRESHOLD
CNGA1	GUCA1C	ENSP00000384264	ENSP00000261047	0.695	True	False	244.8	274.8	True	True	BOTH_EXPRESSED
PRPF3	PATL1	ENSP00000315379	ENSP00000300146	0.695	True	False	40.3	21.8	True	True	BOTH_EXPRESSED
POMGNT1	CRPPA	ENSP00000361060	ENSP00000385478	0.695	True	False	10.1	1.1	True	True	BOTH_EXPRESSED
AHI1	RAB3IP	ENSP00000265602	ENSP00000447300	0.695	True	False	25.2	82.0	True	True	BOTH_EXPRESSED
CEP250	HAUS5	ENSP00000380661	ENSP00000439056	0.695	True	False	9.2	3.7	True	True	BOTH_EXPRESSED
RHO	AIPL1	ENSP00000296271	ENSP00000370521	0.695	True	True	3767.6	775.1	True	True	BOTH_EXPRESSED
PRCD	RP9	ENSP00000467661	ENSP00000297157	0.695	True	False	44.6	14.0	True	True	BOTH_EXPRESSED
PRPH2	CELA3A	ENSP00000230381	ENSP00000290122	0.694	True	False	594.9	0.0	True	True	BELOW_THRESHOLD
PDE6A	NT5C3A	ENSP00000255266	ENSP00000476480	0.694	True	False	1001.0	16.1	True	True	BOTH_EXPRESSED
PRPF8	PRCD	ENSP00000460348	ENSP00000467661	0.694	True	True	76.4	44.6	True	True	BOTH_EXPRESSED
IDH3A	NDUFA10	ENSP00000299518	ENSP00000252711	0.694	True	False	23.8	28.9	True	True	BOTH_EXPRESSED
PDE6G	ADCY5	ENSP00000328412	ENSP00000419361	0.694	True	False	1904.6	5.2	True	True	BOTH_EXPRESSED
ARL3	RPGR	ENSP00000260746	ENSP00000495537	0.694	True	True	89.3	11.2	True	True	BOTH_EXPRESSED
PRPF8	RBMX	ENSP00000460348	ENSP00000359645	0.694	True	False	76.4	75.9	True	True	BOTH_EXPRESSED
GNAT1	RGS9BP	ENSP00000232461	ENSP00000334134	0.694	True	False	1040.7	16.1	True	True	BOTH_EXPRESSED
PRCD	SNRNP200	ENSP00000467661	ENSP00000317123	0.694	True	True	44.6	62.7	True	True	BOTH_EXPRESSED
NR2E3	RS1	ENSP00000482504	ENSP00000369320	0.694	True	False	121.9	198.0	True	True	BOTH_EXPRESSED
PRPH2	CELA3B	ENSP00000230381	ENSP00000338369	0.694	True	False	594.9	0.0	True	True	BELOW_THRESHOLD
PRPF31	USH2A	ENSP00000324122	ENSP00000305941	0.694	True	True	7.6	17.8	True	True	BOTH_EXPRESSED
CRX	CNGA1	ENSP00000221996	ENSP00000384264	0.693	True	True	202.2	244.8	True	True	BOTH_EXPRESSED
TULP1	IDH3B	ENSP00000229771	ENSP00000482773	0.693	True	True	194.3	42.7	True	True	BOTH_EXPRESSED
RPGR	SNRNP200	ENSP00000495537	ENSP00000317123	0.693	True	True	11.2	62.7	True	True	BOTH_EXPRESSED
PRPH2	SEMA4A	ENSP00000230381	ENSP00000357265	0.693	True	False	594.9	1.8	True	True	BOTH_EXPRESSED
BCOR	BCORL1	ENSP00000367705	ENSP00000437775	0.693	True	False	13.1	1.8	True	True	BOTH_EXPRESSED
CERKL	TTC8	ENSP00000341159	ENSP00000482306	0.693	True	True	19.5	34.7	True	True	BOTH_EXPRESSED
RPGR	FAM3B	ENSP00000495537	ENSP00000350673	0.693	True	False	11.2	0.0	True	True	BELOW_THRESHOLD
PRPF8	RDH12	ENSP00000460348	ENSP00000449079	0.693	True	True	76.4	206.6	True	True	BOTH_EXPRESSED
PRPF3	SLC39A8	ENSP00000315379	ENSP00000378310	0.693	True	False	40.3	0.3	True	True	BOTH_EXPRESSED
RPGR	SCIN	ENSP00000495537	ENSP00000297029	0.693	True	False	11.2	2.2	True	True	BOTH_EXPRESSED
IDH3B	RP9	ENSP00000482773	ENSP00000297157	0.693	True	False	42.7	14.0	True	True	BOTH_EXPRESSED
SNRNP200	THOC2	ENSP00000317123	ENSP00000245838	0.693	True	False	62.7	32.3	True	True	BOTH_EXPRESSED
COQ2	ETFDH	ENSP00000310873	ENSP00000426638	0.693	True	False	3.7	7.1	True	True	BOTH_EXPRESSED
PDE6G	RP9	ENSP00000328412	ENSP00000297157	0.693	True	False	1904.6	14.0	True	True	BOTH_EXPRESSED
RAX2	SEMA4A	ENSP00000450456	ENSP00000357265	0.692	True	False	59.9	1.8	True	True	BOTH_EXPRESSED
SAG	SMO	ENSP00000386444	ENSP00000249373	0.692	True	False	1359.9	1.9	True	True	BOTH_EXPRESSED
OFD1	GABARAP	ENSP00000344314	ENSP00000306866	0.692	True	False	2.3	260.0	True	True	BOTH_EXPRESSED
PRPF31	GUCA1B	ENSP00000324122	ENSP00000230361	0.692	True	False	7.6	432.4	True	True	BOTH_EXPRESSED
NR2E3	ZNF513	ENSP00000482504	ENSP00000318373	0.692	True	False	121.9	4.4	True	True	BOTH_EXPRESSED
CEP250	LZTFL1	ENSP00000380661	ENSP00000296135	0.692	True	False	9.2	2.0	True	True	BOTH_EXPRESSED
IDH3G	CYC1	ENSP00000217901	ENSP00000317159	0.692	True	False	22.7	39.0	True	True	BOTH_EXPRESSED
DYNC2H1	TCTE3	ENSP00000497174	ENSP00000355736	0.691	True	False	9.5		True	False	UNKNOWN
NR2E3	RP9	ENSP00000482504	ENSP00000297157	0.691	True	False	121.9	14.0	True	True	BOTH_EXPRESSED
RDH12	TOPORS	ENSP00000449079	ENSP00000353735	0.691	True	True	206.6	10.6	True	True	BOTH_EXPRESSED
PDE6A	PRPF3	ENSP00000255266	ENSP00000315379	0.691	True	True	1001.0	40.3	True	True	BOTH_EXPRESSED
IDH3B	CNGA1	ENSP00000482773	ENSP00000384264	0.691	True	True	42.7	244.8	True	True	BOTH_EXPRESSED
PRCD	SEMA4A	ENSP00000467661	ENSP00000357265	0.691	True	False	44.6	1.8	True	True	BOTH_EXPRESSED
RPE65	RGR	ENSP00000262340	ENSP00000352427	0.691	True	False	7.8	129.0	True	True	BOTH_EXPRESSED
NRL	RDH12	ENSP00000454062	ENSP00000449079	0.691	True	True	294.2	206.6	True	True	BOTH_EXPRESSED
INPP5E	PLCB1	ENSP00000360777	ENSP00000338185	0.691	True	False	6.9	6.6	True	True	BOTH_EXPRESSED
RHO	GUCA1A	ENSP00000296271	ENSP00000053469	0.691	True	True	3767.6	703.2	True	True	BOTH_EXPRESSED
CEP162	CEP120	ENSP00000385215	ENSP00000303058	0.691	True	False	2.6	10.7	True	True	BOTH_EXPRESSED
NRL	TULP1	ENSP00000454062	ENSP00000229771	0.69	True	True	294.2	194.3	True	True	BOTH_EXPRESSED
CRX	BANF1	ENSP00000221996	ENSP00000433760	0.69	True	False	202.2	91.5	True	True	BOTH_EXPRESSED
KLHL7	PRCD	ENSP00000343273	ENSP00000467661	0.69	True	True	13.9	44.6	True	True	BOTH_EXPRESSED
FAM161A	EYS	ENSP00000385158	ENSP00000359655	0.69	True	True	26.9	23.1	True	True	BOTH_EXPRESSED
GNAT1	OPN5	ENSP00000232461	ENSP00000360255	0.69	True	False	1040.7	0.0	True	True	BELOW_THRESHOLD
IDH3A	DHTKD1	ENSP00000299518	ENSP00000263035	0.69	True	False	23.8	6.9	True	True	BOTH_EXPRESSED
GNAT1	SEMA4B	ENSP00000232461	ENSP00000394720	0.69	True	False	1040.7	25.2	True	True	BOTH_EXPRESSED
CNGB1	RP9	ENSP00000251102	ENSP00000297157	0.69	True	False	557.0	14.0	True	True	BOTH_EXPRESSED
RPE65	PDE6G	ENSP00000262340	ENSP00000328412	0.69	True	True	7.8	1904.6	True	True	BOTH_EXPRESSED
IMPDH1	RHO	ENSP00000345096	ENSP00000296271	0.69	True	True	98.6	3767.6	True	True	BOTH_EXPRESSED
OFD1	KIAA0586	ENSP00000344314	ENSP00000346359	0.69	True	False	2.3	7.4	True	True	BOTH_EXPRESSED
SNRNP200	EEF2	ENSP00000317123	ENSP00000307940	0.69	True	False	62.7	208.1	True	True	BOTH_EXPRESSED
NRL	RPGR	ENSP00000454062	ENSP00000495537	0.69	True	True	294.2	11.2	True	True	BOTH_EXPRESSED
IFT140	BBS4	ENSP00000406012	ENSP00000268057	0.69	True	False	5.9	42.0	True	True	BOTH_EXPRESSED
OFD1	RAB3IP	ENSP00000344314	ENSP00000447300	0.69	True	False	2.3	82.0	True	True	BOTH_EXPRESSED
RPGR	SMC3	ENSP00000495537	ENSP00000354720	0.69	True	False	11.2	22.1	True	True	BOTH_EXPRESSED
DHX38	SART1	ENSP00000268482	ENSP00000310448	0.69	True	False	12.3	7.4	True	True	BOTH_EXPRESSED
CREB3	PRKCA	ENSP00000342136	ENSP00000408695	0.69	True	False	21.7	27.9	True	True	BOTH_EXPRESSED
SNRNP200	RBM39	ENSP00000317123	ENSP00000253363	0.69	True	False	62.7	45.8	True	True	BOTH_EXPRESSED
RBP3	ZNF513	ENSP00000463151	ENSP00000318373	0.689	True	False	504.0	4.4	True	True	BOTH_EXPRESSED
RPGR	GSN	ENSP00000495537	ENSP00000362924	0.689	True	False	11.2	55.2	True	True	BOTH_EXPRESSED
DHX38	DHX34	ENSP00000268482	ENSP00000331907	0.689	True	False	12.3	2.7	True	True	BOTH_EXPRESSED
BBS1	STOML3	ENSP00000317469	ENSP00000368952	0.689	True	False	19.9	0.0	True	True	BELOW_THRESHOLD
KIZ	PCNT	ENSP00000479542	ENSP00000352572	0.689	True	False	18.7	1.3	True	True	BOTH_EXPRESSED
GUCA1A	CRX	ENSP00000053469	ENSP00000221996	0.689	True	True	703.2	202.2	True	True	BOTH_EXPRESSED
TULP1	RP9	ENSP00000229771	ENSP00000297157	0.689	True	False	194.3	14.0	True	True	BOTH_EXPRESSED
CRX	OPN1SW	ENSP00000221996	ENSP00000249389	0.689	True	False	202.2	38.0	True	True	BOTH_EXPRESSED
PRCD	MERTK	ENSP00000467661	ENSP00000295408	0.689	True	True	44.6	15.4	True	True	BOTH_EXPRESSED
RDH12	SNRNP200	ENSP00000449079	ENSP00000317123	0.688	True	True	206.6	62.7	True	True	BOTH_EXPRESSED
CNGB1	BEST1	ENSP00000251102	ENSP00000399709	0.688	True	True	557.0	6.2	True	True	BOTH_EXPRESSED
AGBL5	TTLL4	ENSP00000353249	ENSP00000375951	0.688	True	False	15.1	14.1	True	True	BOTH_EXPRESSED
MERTK	PJVK	ENSP00000295408	ENSP00000495855	0.688	True	False	15.4	5.9	True	True	BOTH_EXPRESSED
PCARE	SEMA4A	ENSP00000332809	ENSP00000357265	0.688	True	False	26.4	1.8	True	True	BOTH_EXPRESSED
PDE6G	ADCY6	ENSP00000328412	ENSP00000311405	0.687	True	False	1904.6	5.3	True	True	BOTH_EXPRESSED
BEST1	PCARE	ENSP00000399709	ENSP00000332809	0.687	True	True	6.2	26.4	True	True	BOTH_EXPRESSED
CC2D2A	IFT88	ENSP00000403465	ENSP00000323580	0.687	True	False	78.4	30.2	True	True	BOTH_EXPRESSED
EYS	MERTK	ENSP00000359655	ENSP00000295408	0.687	True	True	23.1	15.4	True	True	BOTH_EXPRESSED
USH2A	STRC	ENSP00000305941	ENSP00000401513	0.687	True	False	17.8	3.3	True	True	BOTH_EXPRESSED
PDE6G	NT5C2	ENSP00000328412	ENSP00000339479	0.687	True	False	1904.6	43.8	True	True	BOTH_EXPRESSED
CDHR1	CERKL	ENSP00000485478	ENSP00000341159	0.687	True	True	291.2	19.5	True	True	BOTH_EXPRESSED
IMPDH1	ZNF513	ENSP00000345096	ENSP00000318373	0.687	True	False	98.6	4.4	True	True	BOTH_EXPRESSED
PRPF3	RBM25	ENSP00000315379	ENSP00000261973	0.687	True	False	40.3	38.8	True	True	BOTH_EXPRESSED
PDE6G	ADCY3	ENSP00000328412	ENSP00000384484	0.687	True	False	1904.6	3.8	True	True	BOTH_EXPRESSED
PDE6G	ADCY1	ENSP00000328412	ENSP00000297323	0.687	True	False	1904.6	49.2	True	True	BOTH_EXPRESSED
RDH12	IDH3B	ENSP00000449079	ENSP00000482773	0.687	True	True	206.6	42.7	True	True	BOTH_EXPRESSED
RPE65	USH2A	ENSP00000262340	ENSP00000305941	0.687	True	True	7.8	17.8	True	True	BOTH_EXPRESSED
IDH3B	DLAT	ENSP00000482773	ENSP00000280346	0.687	True	False	42.7	10.0	True	True	BOTH_EXPRESSED
CNGB1	SLC24A1	ENSP00000251102	ENSP00000261892	0.687	True	True	557.0	179.2	True	True	BOTH_EXPRESSED
PDE6A	CNGB3	ENSP00000255266	ENSP00000316605	0.687	True	False	1001.0	11.6	True	True	BOTH_EXPRESSED
PDE6G	ADCY7	ENSP00000328412	ENSP00000501053	0.687	True	False	1904.6	0.7	True	True	BOTH_EXPRESSED
TOPORS	TULP1	ENSP00000353735	ENSP00000229771	0.686	True	True	10.6	194.3	True	True	BOTH_EXPRESSED
LRAT	NRL	ENSP00000337224	ENSP00000454062	0.686	True	True	0.9	294.2	True	True	BOTH_EXPRESSED
TOPORS	PDE6G	ENSP00000353735	ENSP00000328412	0.686	True	True	10.6	1904.6	True	True	BOTH_EXPRESSED
CNGA1	PDE6H	ENSP00000384264	ENSP00000266395	0.686	True	False	244.8	844.1	True	True	BOTH_EXPRESSED
RHO	PKD2	ENSP00000296271	ENSP00000237596	0.686	True	False	3767.6	12.9	True	True	BOTH_EXPRESSED
DHX38	SNRNP48	ENSP00000268482	ENSP00000339834	0.686	True	False	12.3	6.7	True	True	BOTH_EXPRESSED
MERTK	ABCA4	ENSP00000295408	ENSP00000359245	0.686	True	False	15.4	328.7	True	True	BOTH_EXPRESSED
IMPG2	SNRNP200	ENSP00000193391	ENSP00000317123	0.686	True	True	282.9	62.7	True	True	BOTH_EXPRESSED
COQ2	NDUFA9	ENSP00000310873	ENSP00000266544	0.686	True	False	3.7	18.6	True	True	BOTH_EXPRESSED
SLC4A7	SLC12A2	ENSP00000390394	ENSP00000262461	0.686	True	False	67.5	15.5	True	True	BOTH_EXPRESSED
IFT172	GLI1	ENSP00000260570	ENSP00000228682	0.686	True	False	5.3	0.0	True	True	BELOW_THRESHOLD
GUCY2D	GUCA2B	ENSP00000254854	ENSP00000361662	0.686	True	False	31.7	0.0	True	True	BELOW_THRESHOLD
PRCD	NRL	ENSP00000467661	ENSP00000454062	0.685	True	True	44.6	294.2	True	True	BOTH_EXPRESSED
PCARE	RHO	ENSP00000332809	ENSP00000296271	0.685	True	True	26.4	3767.6	True	True	BOTH_EXPRESSED
SNRNP200	GUCA1B	ENSP00000317123	ENSP00000230361	0.685	True	False	62.7	432.4	True	True	BOTH_EXPRESSED
LRAT	GUCA1B	ENSP00000337224	ENSP00000230361	0.685	True	False	0.9	432.4	True	True	BOTH_EXPRESSED
BBS9	IFT27	ENSP00000242067	ENSP00000393541	0.685	True	False	20.3	14.5	True	True	BOTH_EXPRESSED
MERTK	PDE6B	ENSP00000295408	ENSP00000420295	0.685	True	True	15.4	357.2	True	True	BOTH_EXPRESSED
CFAP20	CLASRP	ENSP00000262498	ENSP00000221455	0.685	True	False	26.4	2.4	True	True	BOTH_EXPRESSED
TOPORS	UBE2E1	ENSP00000353735	ENSP00000303709	0.685	True	False	10.6	67.7	True	True	BOTH_EXPRESSED
BEST1	ZNF513	ENSP00000399709	ENSP00000318373	0.685	True	False	6.2	4.4	True	True	BOTH_EXPRESSED
PDE6B	CNGA3	ENSP00000420295	ENSP00000272602	0.685	True	False	357.2	5.4	True	True	BOTH_EXPRESSED
TTC8	EYS	ENSP00000482306	ENSP00000359655	0.685	True	True	34.7	23.1	True	True	BOTH_EXPRESSED
DHX38	SKIV2L	ENSP00000268482	ENSP00000364543	0.685	True	False	12.3		True	False	UNKNOWN
TULP1	PRPF3	ENSP00000229771	ENSP00000315379	0.685	True	True	194.3	40.3	True	True	BOTH_EXPRESSED
RHO	NTS	ENSP00000296271	ENSP00000256010	0.685	True	False	3767.6	0.0	True	True	BELOW_THRESHOLD
PRPF8	DHX35	ENSP00000460348	ENSP00000252011	0.685	True	False	76.4	5.6	True	True	BOTH_EXPRESSED
PDE6A	PDE6D	ENSP00000255266	ENSP00000287600	0.685	True	False	1001.0	64.5	True	True	BOTH_EXPRESSED
PRPF8	TTC27	ENSP00000460348	ENSP00000313953	0.684	True	False	76.4	4.9	True	True	BOTH_EXPRESSED
PRPF6	SRSF1	ENSP00000266079	ENSP00000258962	0.684	True	False	33.8	56.0	True	True	BOTH_EXPRESSED
NRL	TOPORS	ENSP00000454062	ENSP00000353735	0.684	True	True	294.2	10.6	True	True	BOTH_EXPRESSED
PRPF8	PRPF40A	ENSP00000460348	ENSP00000386458	0.684	True	False	76.4	21.4	True	True	BOTH_EXPRESSED
RPE65	FSCN2	ENSP00000262340	ENSP00000334665	0.684	True	False	7.8	8.1	True	True	BOTH_EXPRESSED
POMGNT1	SGCG	ENSP00000361060	ENSP00000218867	0.684	True	False	10.1	0.3	True	True	BOTH_EXPRESSED
NR2E3	KLHL7	ENSP00000482504	ENSP00000343273	0.684	True	True	121.9	13.9	True	True	BOTH_EXPRESSED
CEP162	KIAA0753	ENSP00000385215	ENSP00000355250	0.684	True	False	2.6	10.0	True	True	BOTH_EXPRESSED
PRPF4	COIL	ENSP00000363313	ENSP00000240316	0.684	True	False	12.1	11.7	True	True	BOTH_EXPRESSED
CRX	PRPF8	ENSP00000221996	ENSP00000460348	0.683	True	True	202.2	76.4	True	True	BOTH_EXPRESSED
RPE65	GUCA1A	ENSP00000262340	ENSP00000053469	0.683	True	True	7.8	703.2	True	True	BOTH_EXPRESSED
RLBP1	VSX2	ENSP00000268125	ENSP00000261980	0.683	True	False	246.4	68.4	True	True	BOTH_EXPRESSED
SPATA7	NPHP4	ENSP00000377176	ENSP00000367398	0.683	True	False	9.4	2.2	True	True	BOTH_EXPRESSED
CERKL	NRL	ENSP00000341159	ENSP00000454062	0.683	True	True	19.5	294.2	True	True	BOTH_EXPRESSED
PDE6A	NT5C3B	ENSP00000255266	ENSP00000389948	0.683	True	False	1001.0	3.3	True	True	BOTH_EXPRESSED
PDE6B	NT5C3B	ENSP00000420295	ENSP00000389948	0.683	True	False	357.2	3.3	True	True	BOTH_EXPRESSED
OFD1	GLI3	ENSP00000344314	ENSP00000379258	0.683	True	False	2.3	1.7	True	True	BOTH_EXPRESSED
IFT172	WDR60	ENSP00000260570	ENSP00000384290	0.683	True	False	5.3		True	False	UNKNOWN
RHO	RP9	ENSP00000296271	ENSP00000297157	0.683	True	False	3767.6	14.0	True	True	BOTH_EXPRESSED
PRPF4	PATL1	ENSP00000363313	ENSP00000300146	0.683	True	False	12.1	21.8	True	True	BOTH_EXPRESSED
NRL	ZNF513	ENSP00000454062	ENSP00000318373	0.683	True	False	294.2	4.4	True	True	BOTH_EXPRESSED
GNAT1	GNA15	ENSP00000232461	ENSP00000262958	0.683	True	False	1040.7	0.1	True	True	BOTH_EXPRESSED
RPE65	PRPF3	ENSP00000262340	ENSP00000315379	0.682	True	True	7.8	40.3	True	True	BOTH_EXPRESSED
CRX	GNGT1	ENSP00000221996	ENSP00000248572	0.682	True	False	202.2	1760.3	True	True	BOTH_EXPRESSED
PRPF8	SF1	ENSP00000460348	ENSP00000366604	0.682	True	False	76.4	42.0	True	True	BOTH_EXPRESSED
PRPF8	IMPG2	ENSP00000460348	ENSP00000193391	0.682	True	True	76.4	282.9	True	True	BOTH_EXPRESSED
IDH3B	PRPF3	ENSP00000482773	ENSP00000315379	0.682	True	True	42.7	40.3	True	True	BOTH_EXPRESSED
CREB3	AKT2	ENSP00000342136	ENSP00000375892	0.682	True	False	21.7	38.3	True	True	BOTH_EXPRESSED
SNRNP200	PDE6A	ENSP00000317123	ENSP00000255266	0.682	True	True	62.7	1001.0	True	True	BOTH_EXPRESSED
FAM161A	DHX32	ENSP00000385158	ENSP00000284690	0.682	True	False	26.9	20.0	True	True	BOTH_EXPRESSED
DHX38	PPARGC1A	ENSP00000268482	ENSP00000264867	0.682	True	False	12.3	3.9	True	True	BOTH_EXPRESSED
RPGR	MERTK	ENSP00000495537	ENSP00000295408	0.682	True	True	11.2	15.4	True	True	BOTH_EXPRESSED
KLHL7	GUCA1B	ENSP00000343273	ENSP00000230361	0.682	True	False	13.9	432.4	True	True	BOTH_EXPRESSED
HK1	PGK1	ENSP00000494664	ENSP00000362413	0.682	True	False	141.7	277.0	True	True	BOTH_EXPRESSED
COQ2	BCS1L	ENSP00000310873	ENSP00000413908	0.682	True	False	3.7	12.5	True	True	BOTH_EXPRESSED
IFT140	NPHP4	ENSP00000406012	ENSP00000367398	0.682	True	False	5.9	2.2	True	True	BOTH_EXPRESSED
SAG	CXCR4	ENSP00000386444	ENSP00000386884	0.682	True	False	1359.9	7.4	True	True	BOTH_EXPRESSED
SAG	RGS9BP	ENSP00000386444	ENSP00000334134	0.682	True	False	1359.9	16.1	True	True	BOTH_EXPRESSED
SAG	AP2B1	ENSP00000386444	ENSP00000483185	0.681	True	False	1359.9	70.5	True	True	BOTH_EXPRESSED
MVK	HADHB	ENSP00000228510	ENSP00000325136	0.681	True	False	3.2	58.4	True	True	BOTH_EXPRESSED
PRPF6	PLRG1	ENSP00000266079	ENSP00000424417	0.681	True	False	33.8	24.4	True	True	BOTH_EXPRESSED
IMPG2	KLHL7	ENSP00000193391	ENSP00000343273	0.681	True	True	282.9	13.9	True	True	BOTH_EXPRESSED
PRPF3	CRX	ENSP00000315379	ENSP00000221996	0.681	True	True	40.3	202.2	True	True	BOTH_EXPRESSED
KLHL7	PCARE	ENSP00000343273	ENSP00000332809	0.681	True	True	13.9	26.4	True	True	BOTH_EXPRESSED
PRPF8	SART3	ENSP00000460348	ENSP00000449386	0.681	True	False	76.4	18.8	True	True	BOTH_EXPRESSED
SLC24A1	PDE6B	ENSP00000261892	ENSP00000420295	0.681	True	True	179.2	357.2	True	True	BOTH_EXPRESSED
LRAT	CYP26B1	ENSP00000337224	ENSP00000001146	0.681	True	False	0.9	3.9	True	True	BOTH_EXPRESSED
RPGR	ARL2	ENSP00000495537	ENSP00000246747	0.681	True	False	11.2	40.5	True	True	BOTH_EXPRESSED
GUCA1A	RPGRIP1	ENSP00000053469	ENSP00000382895	0.681	True	False	703.2	171.2	True	True	BOTH_EXPRESSED
RHO	GUCA1A-2	ENSP00000296271	ENSP00000362049	0.681	True	False	3767.6		True	False	UNKNOWN
MERTK	CD163	ENSP00000295408	ENSP00000352071	0.68	True	False	15.4	4.0	True	True	BOTH_EXPRESSED
IMPDH1	IMPG2	ENSP00000345096	ENSP00000193391	0.68	True	True	98.6	282.9	True	True	BOTH_EXPRESSED
MERTK	RPGRIP1	ENSP00000295408	ENSP00000382895	0.68	True	False	15.4	171.2	True	True	BOTH_EXPRESSED
OFD1	IFT20	ENSP00000344314	ENSP00000464443	0.68	True	False	2.3	24.7	True	True	BOTH_EXPRESSED
PDE6A	RP1L1	ENSP00000255266	ENSP00000371923	0.68	True	True	1001.0	41.0	True	True	BOTH_EXPRESSED
OFD1	SSX2IP	ENSP00000344314	ENSP00000340279	0.68	True	False	2.3	109.9	True	True	BOTH_EXPRESSED
IDH3G	OTC	ENSP00000217901	ENSP00000039007	0.68	True	False	22.7	0.1	True	True	BOTH_EXPRESSED
RHO	RGR	ENSP00000296271	ENSP00000352427	0.68	True	False	3767.6	129.0	True	True	BOTH_EXPRESSED
DYNC2H1	IFT74	ENSP00000497174	ENSP00000404122	0.68	True	False	9.5	13.6	True	True	BOTH_EXPRESSED
DHX38	SNIP1	ENSP00000268482	ENSP00000296215	0.68	True	False	12.3	3.6	True	True	BOTH_EXPRESSED
CNGB1	CNGB3	ENSP00000251102	ENSP00000316605	0.68	True	False	557.0	11.6	True	True	BOTH_EXPRESSED
SAG	GRK6	ENSP00000386444	ENSP00000347655	0.679	True	False	1359.9	2.1	True	True	BOTH_EXPRESSED
PRPF3	MUC7	ENSP00000315379	ENSP00000407422	0.679	True	False	40.3	0.0	True	True	BELOW_THRESHOLD
CRX	ATOH7	ENSP00000221996	ENSP00000362777	0.679	True	False	202.2	0.3	True	True	BOTH_EXPRESSED
CREB3	PRKCG	ENSP00000342136	ENSP00000263431	0.679	True	False	21.7	0.1	True	True	BOTH_EXPRESSED
CREB3	CAMK2B	ENSP00000342136	ENSP00000379098	0.679	True	False	21.7	14.9	True	True	BOTH_EXPRESSED
INPP5E	PIK3R1	ENSP00000360777	ENSP00000428056	0.679	True	False	6.9	56.7	True	True	BOTH_EXPRESSED
SNRNP200	HUWE1	ENSP00000317123	ENSP00000340648	0.679	True	False	62.7	37.8	True	True	BOTH_EXPRESSED
PDE6A	TOPORS	ENSP00000255266	ENSP00000353735	0.679	True	True	1001.0	10.6	True	True	BOTH_EXPRESSED
PDE6B	ADCY10	ENSP00000420295	ENSP00000356825	0.679	True	False	357.2	0.1	True	True	BOTH_EXPRESSED
BBS2	NME3	ENSP00000245157	ENSP00000219302	0.679	True	False	12.0	2.6	True	True	BOTH_EXPRESSED
MERTK	ERBB2	ENSP00000295408	ENSP00000269571	0.679	True	False	15.4	7.5	True	True	BOTH_EXPRESSED
PDE6G	PRPF8	ENSP00000328412	ENSP00000460348	0.678	True	True	1904.6	76.4	True	True	BOTH_EXPRESSED
MERTK	SPATA7	ENSP00000295408	ENSP00000377176	0.678	True	True	15.4	9.4	True	True	BOTH_EXPRESSED
PRPF6	EAPP	ENSP00000266079	ENSP00000250454	0.678	True	False	33.8	33.9	True	True	BOTH_EXPRESSED
TTC8	TMEM67	ENSP00000482306	ENSP00000389998	0.678	True	False	34.7	3.0	True	True	BOTH_EXPRESSED
CERKL	USH2A	ENSP00000341159	ENSP00000305941	0.678	True	True	19.5	17.8	True	True	BOTH_EXPRESSED
CNGA1	TOPORS	ENSP00000384264	ENSP00000353735	0.678	True	True	244.8	10.6	True	True	BOTH_EXPRESSED
OFD1	CEP72	ENSP00000344314	ENSP00000264935	0.678	True	False	2.3	1.0	True	True	BOTH_EXPRESSED
SNRNP200	HNRNPU	ENSP00000317123	ENSP00000491215	0.678	True	False	62.7	118.0	True	True	BOTH_EXPRESSED
DHDDS	DPAGT1	ENSP00000353104	ENSP00000386597	0.678	True	False	30.3	5.5	True	True	BOTH_EXPRESSED
FLVCR1	ABCB10	ENSP00000355938	ENSP00000355637	0.678	True	False	6.3	5.9	True	True	BOTH_EXPRESSED
PRPF3	STATH	ENSP00000315379	ENSP00000246895	0.678	True	False	40.3	0.0	True	True	BELOW_THRESHOLD
INPP5E	PLCG1	ENSP00000360777	ENSP00000244007	0.678	True	False	6.9	10.1	True	True	BOTH_EXPRESSED
RDH12	PDE6G	ENSP00000449079	ENSP00000328412	0.677	True	True	206.6	1904.6	True	True	BOTH_EXPRESSED
INPP5E	PIK3R3	ENSP00000360777	ENSP00000262741	0.677	True	False	6.9	16.6	True	True	BOTH_EXPRESSED
PRPF4	AGPAT1	ENSP00000363313	ENSP00000378877	0.677	True	False	12.1	11.6	True	True	BOTH_EXPRESSED
PRPH2	OPTC	ENSP00000230381	ENSP00000356191	0.676	True	False	594.9	0.6	True	True	BOTH_EXPRESSED
ARL6	LZTFL1	ENSP00000419619	ENSP00000296135	0.676	True	False	35.2	2.0	True	True	BOTH_EXPRESSED
CNGB1	ANO2	ENSP00000251102	ENSP00000348453	0.676	True	False	557.0	190.9	True	True	BOTH_EXPRESSED
IMPDH1	PRCD	ENSP00000345096	ENSP00000467661	0.676	True	True	98.6	44.6	True	True	BOTH_EXPRESSED
CLN3	CTSF	ENSP00000454229	ENSP00000310832	0.676	True	False	3.0	24.3	True	True	BOTH_EXPRESSED
DHX38	PRPF4	ENSP00000268482	ENSP00000363313	0.676	True	True	12.3	12.1	True	True	BOTH_EXPRESSED
OFD1	NINL	ENSP00000344314	ENSP00000278886	0.676	True	False	2.3	1.2	True	True	BOTH_EXPRESSED
PDE6A	ADCY10	ENSP00000255266	ENSP00000356825	0.676	True	False	1001.0	0.1	True	True	BOTH_EXPRESSED
INPP5E	PLCB4	ENSP00000360777	ENSP00000367762	0.676	True	False	6.9	13.9	True	True	BOTH_EXPRESSED
CREB3	PRKCB	ENSP00000342136	ENSP00000496129	0.676	True	False	21.7	16.9	True	True	BOTH_EXPRESSED
NR2E3	NEUROD1	ENSP00000482504	ENSP00000295108	0.676	True	False	121.9	131.5	True	True	BOTH_EXPRESSED
ARHGEF18	PARD3	ENSP00000482647	ENSP00000363921	0.676	True	False	4.6	12.6	True	True	BOTH_EXPRESSED
CREB3	NMI	ENSP00000342136	ENSP00000243346	0.675	True	False	21.7	1.3	True	True	BOTH_EXPRESSED
IFT172	LHX4	ENSP00000260570	ENSP00000263726	0.675	True	False	5.3	14.3	True	True	BOTH_EXPRESSED
PDE6A	CANT1	ENSP00000255266	ENSP00000307674	0.675	True	False	1001.0	6.9	True	True	BOTH_EXPRESSED
HK1	LOC112694756	ENSP00000494664	ENSP00000485952	0.675	True	False	141.7		True	False	UNKNOWN
MVK	MEFV	ENSP00000228510	ENSP00000219596	0.675	True	False	3.2	0.1	True	True	BOTH_EXPRESSED
CERKL	C8orf37	ENSP00000341159	ENSP00000286688	0.675	True	False	19.5		True	False	UNKNOWN
CERKL	PROM1	ENSP00000341159	ENSP00000426809	0.675	True	False	19.5	252.8	True	True	BOTH_EXPRESSED
BEST1	CLCN3	ENSP00000399709	ENSP00000261514	0.675	True	False	6.2	66.2	True	True	BOTH_EXPRESSED
PDE6B	CANT1	ENSP00000420295	ENSP00000307674	0.675	True	False	357.2	6.9	True	True	BOTH_EXPRESSED
TOPORS	IDH3B	ENSP00000353735	ENSP00000482773	0.675	True	True	10.6	42.7	True	True	BOTH_EXPRESSED
INPP5E	PLCB3	ENSP00000360777	ENSP00000443631	0.675	True	False	6.9	1.3	True	True	BOTH_EXPRESSED
IDH3G	TIMM17B	ENSP00000217901	ENSP00000379999	0.675	True	False	22.7	27.4	True	True	BOTH_EXPRESSED
PDE6A	ENTPD5	ENSP00000255266	ENSP00000335246	0.674	True	False	1001.0	8.7	True	True	BOTH_EXPRESSED
PRPF8	CNGA1	ENSP00000460348	ENSP00000384264	0.674	True	True	76.4	244.8	True	True	BOTH_EXPRESSED
PDE6B	LRAT	ENSP00000420295	ENSP00000337224	0.674	True	True	357.2	0.9	True	True	BOTH_EXPRESSED
TOPORS	CNGB1	ENSP00000353735	ENSP00000251102	0.674	True	True	10.6	557.0	True	True	BOTH_EXPRESSED
NR2E3	NR1D1	ENSP00000482504	ENSP00000246672	0.674	True	False	121.9	46.8	True	True	BOTH_EXPRESSED
RBP3	CRABP1	ENSP00000463151	ENSP00000299529	0.674	True	False	504.0	505.1	True	True	BOTH_EXPRESSED
PRPF3	PDE6G	ENSP00000315379	ENSP00000328412	0.674	True	True	40.3	1904.6	True	True	BOTH_EXPRESSED
PRPF8	CNGB1	ENSP00000460348	ENSP00000251102	0.674	True	True	76.4	557.0	True	True	BOTH_EXPRESSED
IFT172	GLI3	ENSP00000260570	ENSP00000379258	0.674	True	False	5.3	1.7	True	True	BOTH_EXPRESSED
IMPDH1	CA4	ENSP00000345096	ENSP00000300900	0.674	True	False	98.6	0.0	True	True	BELOW_THRESHOLD
RAX2	RIMS1	ENSP00000450456	ENSP00000428417	0.674	True	False	59.9	6.8	True	True	BOTH_EXPRESSED
IFT140	CEP164	ENSP00000406012	ENSP00000278935	0.673	True	False	5.9	24.1	True	True	BOTH_EXPRESSED
CREB3	CAMK2A	ENSP00000342136	ENSP00000500386	0.673	True	False	21.7	1.6	True	True	BOTH_EXPRESSED
BBS9	WDR19	ENSP00000242067	ENSP00000382717	0.673	True	False	20.3	12.0	True	True	BOTH_EXPRESSED
BBS1	IFT20	ENSP00000317469	ENSP00000464443	0.673	True	False	19.9	24.7	True	True	BOTH_EXPRESSED
CC2D2A	NIN	ENSP00000403465	ENSP00000371472	0.673	True	False	78.4	16.7	True	True	BOTH_EXPRESSED
AIPL1	IQCB1	ENSP00000370521	ENSP00000311505	0.673	True	False	775.1	17.5	True	True	BOTH_EXPRESSED
ARL3	IFT88	ENSP00000260746	ENSP00000323580	0.673	True	False	89.3	30.2	True	True	BOTH_EXPRESSED
SCLT1	CCP110	ENSP00000281142	ENSP00000370803	0.673	True	False	2.7	12.4	True	True	BOTH_EXPRESSED
SAG	GNB1	ENSP00000386444	ENSP00000367872	0.673	True	False	1359.9	2147.2	True	True	BOTH_EXPRESSED
TTC8	TULP1	ENSP00000482306	ENSP00000229771	0.672	True	True	34.7	194.3	True	True	BOTH_EXPRESSED
TTC8	IFT88	ENSP00000482306	ENSP00000323580	0.672	True	False	34.7	30.2	True	True	BOTH_EXPRESSED
POMGNT1	NRXN1	ENSP00000361060	ENSP00000385142	0.672	True	False	10.1	6.5	True	True	BOTH_EXPRESSED
PRPH2	RS1	ENSP00000230381	ENSP00000369320	0.672	True	False	594.9	198.0	True	True	BOTH_EXPRESSED
TTC8	CNGB1	ENSP00000482306	ENSP00000251102	0.672	True	True	34.7	557.0	True	True	BOTH_EXPRESSED
TTC8	SDCCAG8	ENSP00000482306	ENSP00000355499	0.672	True	False	34.7	3.4	True	True	BOTH_EXPRESSED
CREB3	PRKG1	ENSP00000342136	ENSP00000363092	0.672	True	False	21.7	3.4	True	True	BOTH_EXPRESSED
OFD1	CEP120	ENSP00000344314	ENSP00000303058	0.672	True	False	2.3	10.7	True	True	BOTH_EXPRESSED
ARHGEF18	RHOC	ENSP00000482647	ENSP00000285735	0.672	True	False	4.6	81.4	True	True	BOTH_EXPRESSED
ARL3	ARFRP1	ENSP00000260746	ENSP00000483486	0.672	True	False	89.3	5.1	True	True	BOTH_EXPRESSED
POMGNT1	DMD	ENSP00000361060	ENSP00000354923	0.671	True	False	10.1	67.9	True	True	BOTH_EXPRESSED
RHO	SCT	ENSP00000296271	ENSP00000176195	0.671	True	False	3767.6	0.2	True	True	BOTH_EXPRESSED
KIAA1549	AGK	ENSP00000416040	ENSP00000497280	0.671	True	False	5.3	11.9	True	True	BOTH_EXPRESSED
PRPF8	PPP1R8	ENSP00000460348	ENSP00000311677	0.671	True	False	76.4	26.0	True	True	BOTH_EXPRESSED
CC2D2A	RAB3IP	ENSP00000403465	ENSP00000447300	0.671	True	False	78.4	82.0	True	True	BOTH_EXPRESSED
PRCD	SPATA7	ENSP00000467661	ENSP00000377176	0.671	True	True	44.6	9.4	True	True	BOTH_EXPRESSED
CDHR1	UNC119	ENSP00000485478	ENSP00000337040	0.671	True	False	291.2	1084.9	True	True	BOTH_EXPRESSED
MAK	NECTIN3	ENSP00000346484	ENSP00000418070	0.671	True	False	110.1	6.7	True	True	BOTH_EXPRESSED
BBS1	RPGRIP1L	ENSP00000317469	ENSP00000493946	0.67	True	False	19.9	2.6	True	True	BOTH_EXPRESSED
SCLT1	OFD1	ENSP00000281142	ENSP00000344314	0.67	True	True	2.7	2.3	True	True	BOTH_EXPRESSED
PCARE	SPATA7	ENSP00000332809	ENSP00000377176	0.67	True	True	26.4	9.4	True	True	BOTH_EXPRESSED
BBS9	SMO	ENSP00000242067	ENSP00000249373	0.67	True	False	20.3	1.9	True	True	BOTH_EXPRESSED
TULP1	SEMA4A	ENSP00000229771	ENSP00000357265	0.67	True	False	194.3	1.8	True	True	BOTH_EXPRESSED
PRPH2	PRCD	ENSP00000230381	ENSP00000467661	0.67	True	True	594.9	44.6	True	True	BOTH_EXPRESSED
BEST1	RP9	ENSP00000399709	ENSP00000297157	0.67	True	False	6.2	14.0	True	True	BOTH_EXPRESSED
MVK	INSIG1	ENSP00000228510	ENSP00000344741	0.67	True	False	3.2	37.6	True	True	BOTH_EXPRESSED
PRPH2	PROM1	ENSP00000230381	ENSP00000426809	0.67	True	False	594.9	252.8	True	True	BOTH_EXPRESSED
OFD1	GLI2	ENSP00000344314	ENSP00000390436	0.67	True	False	2.3	0.0	True	True	BELOW_THRESHOLD
OFD1	CXorf51A	ENSP00000344314	ENSP00000489806	0.67	True	False	2.3	0.0	True	True	BELOW_THRESHOLD
IMPDH1	APRT	ENSP00000345096	ENSP00000367615	0.67	True	False	98.6	4.7	True	True	BOTH_EXPRESSED
RPE65	IMPG2	ENSP00000262340	ENSP00000193391	0.67	True	True	7.8	282.9	True	True	BOTH_EXPRESSED
ARL3	IFT20	ENSP00000260746	ENSP00000464443	0.67	True	False	89.3	24.7	True	True	BOTH_EXPRESSED
RDH12	KLHL7	ENSP00000449079	ENSP00000343273	0.67	True	True	206.6	13.9	True	True	BOTH_EXPRESSED
NRL	PCARE	ENSP00000454062	ENSP00000332809	0.67	True	True	294.2	26.4	True	True	BOTH_EXPRESSED
ARL3	IFT27	ENSP00000260746	ENSP00000393541	0.67	True	False	89.3	14.5	True	True	BOTH_EXPRESSED
PRPH2	MFRP	ENSP00000230381	ENSP00000481824	0.67	True	False	594.9	0.1	True	True	BOTH_EXPRESSED
PDE6A	ENTPD6	ENSP00000255266	ENSP00000365840	0.67	True	False	1001.0	14.6	True	True	BOTH_EXPRESSED
PDE6B	ENTPD6	ENSP00000420295	ENSP00000365840	0.67	True	False	357.2	14.6	True	True	BOTH_EXPRESSED
PDE6B	ENTPD5	ENSP00000420295	ENSP00000335246	0.67	True	False	357.2	8.7	True	True	BOTH_EXPRESSED
AHI1	CETN2	ENSP00000265602	ENSP00000359300	0.67	True	False	25.2	37.1	True	True	BOTH_EXPRESSED
MERTK	CNGA3	ENSP00000295408	ENSP00000272602	0.669	True	False	15.4	5.4	True	True	BOTH_EXPRESSED
PRPH2	RDH5	ENSP00000230381	ENSP00000257895	0.669	True	False	594.9	3.0	True	True	BOTH_EXPRESSED
SLC4A7	SLC9A2	ENSP00000390394	ENSP00000233969	0.669	True	False	67.5	0.1	True	True	BOTH_EXPRESSED
IMPDH1	ANKRD9	ENSP00000345096	ENSP00000286918	0.669	True	False	98.6	2.2	True	True	BOTH_EXPRESSED
MVK	EBP	ENSP00000228510	ENSP00000417052	0.669	True	False	3.2	9.9	True	True	BOTH_EXPRESSED
SAG	MDM2	ENSP00000386444	ENSP00000258149	0.669	True	False	1359.9	14.0	True	True	BOTH_EXPRESSED
SAG	RPE65	ENSP00000386444	ENSP00000262340	0.669	True	True	1359.9	7.8	True	True	BOTH_EXPRESSED
TMEM216	CEP41	ENSP00000334844	ENSP00000223208	0.669	True	False	10.8	7.2	True	True	BOTH_EXPRESSED
KLHL7	PDE6G	ENSP00000343273	ENSP00000328412	0.669	True	True	13.9	1904.6	True	True	BOTH_EXPRESSED
RHO	GLUL	ENSP00000296271	ENSP00000307900	0.669	True	False	3767.6	826.3	True	True	BOTH_EXPRESSED
PDE6G	ADCY10	ENSP00000328412	ENSP00000356825	0.669	True	False	1904.6	0.1	True	True	BOTH_EXPRESSED
DYNC2H1	IFT81	ENSP00000497174	ENSP00000242591	0.669	True	False	9.5	21.3	True	True	BOTH_EXPRESSED
INPP5E	PIK3CA	ENSP00000360777	ENSP00000263967	0.669	True	False	6.9	11.5	True	True	BOTH_EXPRESSED
RDH12	SEMA4A	ENSP00000449079	ENSP00000357265	0.669	True	False	206.6	1.8	True	True	BOTH_EXPRESSED
SCLT1	CEP170	ENSP00000281142	ENSP00000355500	0.669	True	False	2.7	10.1	True	True	BOTH_EXPRESSED
RPE65	RP9	ENSP00000262340	ENSP00000297157	0.668	True	False	7.8	14.0	True	True	BOTH_EXPRESSED
PRPF3	CA4	ENSP00000315379	ENSP00000300900	0.668	True	False	40.3	0.0	True	True	BELOW_THRESHOLD
BBS9	IFT80	ENSP00000242067	ENSP00000312778	0.668	True	False	20.3	23.2	True	True	BOTH_EXPRESSED
BEST1	NR2E3	ENSP00000399709	ENSP00000482504	0.668	True	True	6.2	121.9	True	True	BOTH_EXPRESSED
IMPDH1	BEST1	ENSP00000345096	ENSP00000399709	0.668	True	True	98.6	6.2	True	True	BOTH_EXPRESSED
IMPDH1	ABCA4	ENSP00000345096	ENSP00000359245	0.668	True	False	98.6	328.7	True	True	BOTH_EXPRESSED
PDE6G	SNRNP200	ENSP00000328412	ENSP00000317123	0.668	True	True	1904.6	62.7	True	True	BOTH_EXPRESSED
PDE6G	BEST1	ENSP00000328412	ENSP00000399709	0.668	True	True	1904.6	6.2	True	True	BOTH_EXPRESSED
NR2E3	VSX2	ENSP00000482504	ENSP00000261980	0.668	True	False	121.9	68.4	True	True	BOTH_EXPRESSED
GUCY2D	KCNV2	ENSP00000254854	ENSP00000371514	0.668	True	False	31.7	268.2	True	True	BOTH_EXPRESSED
INPP5E	PLCD4	ENSP00000360777	ENSP00000388631	0.668	True	False	6.9	153.9	True	True	BOTH_EXPRESSED
INPP5E	PLCB2	ENSP00000360777	ENSP00000260402	0.668	True	False	6.9	0.5	True	True	BOTH_EXPRESSED
PRPF31	ASCC3	ENSP00000324122	ENSP00000358159	0.668	True	False	7.6	5.2	True	True	BOTH_EXPRESSED
POMGNT1	DYSF	ENSP00000361060	ENSP00000386881	0.667	True	False	10.1	1.0	True	True	BOTH_EXPRESSED
CC2D2A	TMEM138	ENSP00000403465	ENSP00000278826	0.667	True	False	78.4	52.8	True	True	BOTH_EXPRESSED
IMPDH1	PNP	ENSP00000345096	ENSP00000354532	0.667	True	False	98.6	24.6	True	True	BOTH_EXPRESSED
KLHL7	EYS	ENSP00000343273	ENSP00000359655	0.667	True	True	13.9	23.1	True	True	BOTH_EXPRESSED
CRX	NR2E1	ENSP00000221996	ENSP00000357979	0.667	True	False	202.2	28.4	True	True	BOTH_EXPRESSED
RHO	PDE6C	ENSP00000296271	ENSP00000360502	0.667	True	False	3767.6	21.4	True	True	BOTH_EXPRESSED
MVK	PSTPIP1	ENSP00000228510	ENSP00000452746	0.667	True	False	3.2	0.1	True	True	BOTH_EXPRESSED
NR2E3	SNRNP200	ENSP00000482504	ENSP00000317123	0.667	True	True	121.9	62.7	True	True	BOTH_EXPRESSED
PRPF3	CNGA1	ENSP00000315379	ENSP00000384264	0.667	True	True	40.3	244.8	True	True	BOTH_EXPRESSED
OFD1	CCP110	ENSP00000344314	ENSP00000370803	0.667	True	False	2.3	12.4	True	True	BOTH_EXPRESSED
IFT172	KIF3B	ENSP00000260570	ENSP00000364864	0.667	True	False	5.3	28.6	True	True	BOTH_EXPRESSED
CDHR1	SEMA4A	ENSP00000485478	ENSP00000357265	0.667	True	False	291.2	1.8	True	True	BOTH_EXPRESSED
RHO	ATP4A	ENSP00000296271	ENSP00000262623	0.667	True	False	3767.6	0.0	True	True	BELOW_THRESHOLD
CNGA1	GRB14	ENSP00000384264	ENSP00000263915	0.667	True	False	244.8	0.5	True	True	BOTH_EXPRESSED
INPP5E	PLCD3	ENSP00000360777	ENSP00000479636	0.667	True	False	6.9	13.4	True	True	BOTH_EXPRESSED
IDH3B	SNRNP200	ENSP00000482773	ENSP00000317123	0.666	True	True	42.7	62.7	True	True	BOTH_EXPRESSED
RHO	MERTK	ENSP00000296271	ENSP00000295408	0.666	True	True	3767.6	15.4	True	True	BOTH_EXPRESSED
RHO	TULP1	ENSP00000296271	ENSP00000229771	0.666	True	True	3767.6	194.3	True	True	BOTH_EXPRESSED
AIPL1	UBD	ENSP00000370521	ENSP00000366249	0.666	True	False	775.1	0.0	True	True	BELOW_THRESHOLD
EYS	SEMA4A	ENSP00000359655	ENSP00000357265	0.666	True	False	23.1	1.8	True	True	BOTH_EXPRESSED
TTC8	FSCN2	ENSP00000482306	ENSP00000334665	0.666	True	False	34.7	8.1	True	True	BOTH_EXPRESSED
IDH3G	ATP5F1B	ENSP00000217901	ENSP00000262030	0.666	True	False	22.7	448.6	True	True	BOTH_EXPRESSED
INPP5E	PIK3CD	ENSP00000360777	ENSP00000366563	0.666	True	False	6.9	0.3	True	True	BOTH_EXPRESSED
SLC24A1	LRIT3	ENSP00000261892	ENSP00000469759	0.666	True	False	179.2	16.3	True	True	BOTH_EXPRESSED
PRPF4	ALYREF	ENSP00000363313	ENSP00000421592	0.666	True	False	12.1	8.8	True	True	BOTH_EXPRESSED
MERTK	PDE6A	ENSP00000295408	ENSP00000255266	0.666	True	True	15.4	1001.0	True	True	BOTH_EXPRESSED
TTC8	RP9	ENSP00000482306	ENSP00000297157	0.666	True	False	34.7	14.0	True	True	BOTH_EXPRESSED
PRPH2	CDHR1	ENSP00000230381	ENSP00000485478	0.666	True	True	594.9	291.2	True	True	BOTH_EXPRESSED
CFAP20	SFSWAP	ENSP00000262498	ENSP00000437738	0.666	True	False	26.4	8.6	True	True	BOTH_EXPRESSED
INPP5E	PIK3CB	ENSP00000360777	ENSP00000501150	0.666	True	False	6.9	21.2	True	True	BOTH_EXPRESSED
GNAT1	GUCA1B	ENSP00000232461	ENSP00000230361	0.666	True	False	1040.7	432.4	True	True	BOTH_EXPRESSED
PDE6B	RPGRIP1	ENSP00000420295	ENSP00000382895	0.665	True	False	357.2	171.2	True	True	BOTH_EXPRESSED
TOPORS	CRX	ENSP00000353735	ENSP00000221996	0.665	True	True	10.6	202.2	True	True	BOTH_EXPRESSED
TULP1	GUCA1A	ENSP00000229771	ENSP00000053469	0.665	True	True	194.3	703.2	True	True	BOTH_EXPRESSED
PRPF8	HTATSF1	ENSP00000460348	ENSP00000442699	0.665	True	False	76.4	52.0	True	True	BOTH_EXPRESSED
TTC8	IDH3B	ENSP00000482306	ENSP00000482773	0.665	True	True	34.7	42.7	True	True	BOTH_EXPRESSED
GNAT1	PDE6H	ENSP00000232461	ENSP00000266395	0.665	True	False	1040.7	844.1	True	True	BOTH_EXPRESSED
IFT140	BBS7	ENSP00000406012	ENSP00000264499	0.665	True	False	5.9	52.4	True	True	BOTH_EXPRESSED
OFD1	BBS1	ENSP00000344314	ENSP00000317469	0.664	True	True	2.3	19.9	True	True	BOTH_EXPRESSED
IDH3B	NDUFA9	ENSP00000482773	ENSP00000266544	0.664	True	False	42.7	18.6	True	True	BOTH_EXPRESSED
BEST1	PRPF3	ENSP00000399709	ENSP00000315379	0.664	True	True	6.2	40.3	True	True	BOTH_EXPRESSED
HK1	ENO1	ENSP00000494664	ENSP00000495530	0.664	True	False	141.7	688.1	True	True	BOTH_EXPRESSED
BBS1	NPHP4	ENSP00000317469	ENSP00000367398	0.664	True	False	19.9	2.2	True	True	BOTH_EXPRESSED
PRPF8	PRKDC	ENSP00000460348	ENSP00000313420	0.664	True	False	76.4	22.6	True	True	BOTH_EXPRESSED
IDH3B	PDHA1	ENSP00000482773	ENSP00000369134	0.664	True	False	42.7	20.2	True	True	BOTH_EXPRESSED
RP1L1	C8orf37	ENSP00000371923	ENSP00000286688	0.663	True	False	41.0		True	False	UNKNOWN
IMPDH1	GUCY2D	ENSP00000345096	ENSP00000254854	0.663	True	True	98.6	31.7	True	True	BOTH_EXPRESSED
INPP5E	PLCH2	ENSP00000360777	ENSP00000367747	0.663	True	False	6.9	41.6	True	True	BOTH_EXPRESSED
PRPF31	PDE6G	ENSP00000324122	ENSP00000328412	0.663	True	True	7.6	1904.6	True	True	BOTH_EXPRESSED
SCLT1	RAB8A	ENSP00000281142	ENSP00000300935	0.663	True	False	2.7	8.1	True	True	BOTH_EXPRESSED
PRPH2	SNRNP200	ENSP00000230381	ENSP00000317123	0.663	True	True	594.9	62.7	True	True	BOTH_EXPRESSED
GUCY2D	NME2	ENSP00000254854	ENSP00000376886	0.663	True	False	31.7	58.6	True	True	BOTH_EXPRESSED
CRX	IMPG2	ENSP00000221996	ENSP00000193391	0.663	True	True	202.2	282.9	True	True	BOTH_EXPRESSED
GUCY2D	NME1	ENSP00000254854	ENSP00000337060	0.663	True	False	31.7	202.6	True	True	BOTH_EXPRESSED
GUCY2D	NME4	ENSP00000254854	ENSP00000219479	0.663	True	False	31.7	10.3	True	True	BOTH_EXPRESSED
PDSS1	IDI1	ENSP00000365388	ENSP00000370748	0.663	True	False	1.7	37.7	True	True	BOTH_EXPRESSED
PRPF31	HFM1	ENSP00000324122	ENSP00000359454	0.663	True	False	7.6	4.2	True	True	BOTH_EXPRESSED
GNAT1	GUCY2D	ENSP00000232461	ENSP00000254854	0.663	True	True	1040.7	31.7	True	True	BOTH_EXPRESSED
GUCY2D	NME7	ENSP00000254854	ENSP00000356785	0.663	True	False	31.7	18.2	True	True	BOTH_EXPRESSED
RPGR	SEMA4A	ENSP00000495537	ENSP00000357265	0.663	True	False	11.2	1.8	True	True	BOTH_EXPRESSED
GUCY2D	NME3	ENSP00000254854	ENSP00000219302	0.663	True	False	31.7	2.6	True	True	BOTH_EXPRESSED
GUCY2D	NME1-NME2	ENSP00000254854	ENSP00000376889	0.663	True	False	31.7	47.6	True	True	BOTH_EXPRESSED
GUCY2D	NME6	ENSP00000254854	ENSP00000416658	0.663	True	False	31.7	7.1	True	True	BOTH_EXPRESSED
DYNC2H1	GLI3	ENSP00000497174	ENSP00000379258	0.662	True	False	9.5	1.7	True	True	BOTH_EXPRESSED
RPE65	PDC	ENSP00000262340	ENSP00000375855	0.662	True	False	7.8	618.7	True	True	BOTH_EXPRESSED
TOPORS	SEMA4A	ENSP00000353735	ENSP00000357265	0.662	True	False	10.6	1.8	True	True	BOTH_EXPRESSED
GNAT1	LRIT3	ENSP00000232461	ENSP00000469759	0.662	True	False	1040.7	16.3	True	True	BOTH_EXPRESSED
SNRNP200	HNRNPC	ENSP00000317123	ENSP00000451291	0.662	True	False	62.7	382.1	True	True	BOTH_EXPRESSED
TULP1	PROS1	ENSP00000229771	ENSP00000377783	0.662	True	False	194.3	4.3	True	True	BOTH_EXPRESSED
GUCY2D	S100B	ENSP00000254854	ENSP00000291700	0.662	True	False	31.7	13.1	True	True	BOTH_EXPRESSED
BEST1	GUCA1B	ENSP00000399709	ENSP00000230361	0.662	True	False	6.2	432.4	True	True	BOTH_EXPRESSED
OFD1	CEP83	ENSP00000344314	ENSP00000380911	0.662	True	False	2.3	4.4	True	True	BOTH_EXPRESSED
PDE6B	VSX2	ENSP00000420295	ENSP00000261980	0.662	True	False	357.2	68.4	True	True	BOTH_EXPRESSED
KIZ	CEP72	ENSP00000479542	ENSP00000264935	0.662	True	False	18.7	1.0	True	True	BOTH_EXPRESSED
IDH3B	GUCA1B	ENSP00000482773	ENSP00000230361	0.661	True	False	42.7	432.4	True	True	BOTH_EXPRESSED
BEST1	PRPF8	ENSP00000399709	ENSP00000460348	0.661	True	True	6.2	76.4	True	True	BOTH_EXPRESSED
PDE6B	NT5C2	ENSP00000420295	ENSP00000339479	0.661	True	False	357.2	43.8	True	True	BOTH_EXPRESSED
CEP162	CCP110	ENSP00000385215	ENSP00000370803	0.661	True	False	2.6	12.4	True	True	BOTH_EXPRESSED
ARL3	RABEP1	ENSP00000260746	ENSP00000445408	0.661	True	False	89.3	53.5	True	True	BOTH_EXPRESSED
PDE6A	RCVRN	ENSP00000255266	ENSP00000226193	0.661	True	False	1001.0	430.9	True	True	BOTH_EXPRESSED
PDE6A	NT5C2	ENSP00000255266	ENSP00000339479	0.661	True	False	1001.0	43.8	True	True	BOTH_EXPRESSED
TULP1	PRPF8	ENSP00000229771	ENSP00000460348	0.661	True	True	194.3	76.4	True	True	BOTH_EXPRESSED
PRPF3	LSM10	ENSP00000315379	ENSP00000319341	0.661	True	False	40.3	9.0	True	True	BOTH_EXPRESSED
RHO	OPN5	ENSP00000296271	ENSP00000360255	0.661	True	False	3767.6	0.0	True	True	BELOW_THRESHOLD
DHX38	RNPS1	ENSP00000268482	ENSP00000457723	0.661	True	False	12.3	43.9	True	True	BOTH_EXPRESSED
DYNC2H1	IFT57	ENSP00000497174	ENSP00000264538	0.661	True	False	9.5	22.2	True	True	BOTH_EXPRESSED
INPP5E	PLCG2	ENSP00000360777	ENSP00000482457	0.661	True	False	6.9	0.3	True	True	BOTH_EXPRESSED
NRL	BEST1	ENSP00000454062	ENSP00000399709	0.66	True	True	294.2	6.2	True	True	BOTH_EXPRESSED
KLHL7	SEMA4A	ENSP00000343273	ENSP00000357265	0.66	True	False	13.9	1.8	True	True	BOTH_EXPRESSED
TULP1	RCVRN	ENSP00000229771	ENSP00000226193	0.66	True	False	194.3	430.9	True	True	BOTH_EXPRESSED
NR2E3	MFRP	ENSP00000482504	ENSP00000481824	0.66	True	False	121.9	0.1	True	True	BOTH_EXPRESSED
SPATA7	CFAP410	ENSP00000377176	ENSP00000381047	0.66	True	True	9.4	9.2	True	True	BOTH_EXPRESSED
PDE6B	ENTPD1	ENSP00000420295	ENSP00000360250	0.66	True	False	357.2	6.2	True	True	BOTH_EXPRESSED
ARL6	CRYBG3	ENSP00000419619	ENSP00000374273	0.66	True	False	35.2	7.3	True	True	BOTH_EXPRESSED
INPP5E	PLCZ1	ENSP00000360777	ENSP00000266505	0.66	True	False	6.9	0.0	True	True	BELOW_THRESHOLD
INPP5E	PLCH1	ENSP00000360777	ENSP00000345988	0.66	True	False	6.9	11.5	True	True	BOTH_EXPRESSED
GNAT1	GNG14	ENSP00000232461	ENSP00000492612	0.66	True	False	1040.7	0.2	True	True	BOTH_EXPRESSED
INPP5E	PLCE1	ENSP00000360777	ENSP00000360431	0.66	True	False	6.9	6.0	True	True	BOTH_EXPRESSED
RAX2	USP49	ENSP00000450456	ENSP00000377797	0.66	True	False	59.9	8.3	True	True	BOTH_EXPRESSED
PRPF31	SEMA4A	ENSP00000324122	ENSP00000357265	0.659	True	False	7.6	1.8	True	True	BOTH_EXPRESSED
IFT172	SMO	ENSP00000260570	ENSP00000249373	0.659	True	False	5.3	1.9	True	True	BOTH_EXPRESSED
EYS	SPATA7	ENSP00000359655	ENSP00000377176	0.659	True	True	23.1	9.4	True	True	BOTH_EXPRESSED
CLN3	HOOK3	ENSP00000454229	ENSP00000305699	0.659	True	False	3.0	6.4	True	True	BOTH_EXPRESSED
PDE6B	ALDH7A1	ENSP00000420295	ENSP00000387123	0.659	True	False	357.2	18.3	True	True	BOTH_EXPRESSED
GNAT1	GRK1	ENSP00000232461	ENSP00000334876	0.659	True	False	1040.7	39.5	True	True	BOTH_EXPRESSED
RHO	ATP12A	ENSP00000296271	ENSP00000218548	0.659	True	False	3767.6	0.0	True	True	BELOW_THRESHOLD
CRB1	MSN	ENSP00000356370	ENSP00000353408	0.659	True	False	69.2	18.8	True	True	BOTH_EXPRESSED
PDE6G	SEMA4A	ENSP00000328412	ENSP00000357265	0.659	True	False	1904.6	1.8	True	True	BOTH_EXPRESSED
HGSNAT	GALNS	ENSP00000368965	ENSP00000268695	0.659	True	False	12.6	3.1	True	True	BOTH_EXPRESSED
CC2D2A	CEP41	ENSP00000403465	ENSP00000223208	0.659	True	False	78.4	7.2	True	True	BOTH_EXPRESSED
DYNC2H1	DNAI2	ENSP00000497174	ENSP00000400252	0.659	True	False	9.5	0.0	True	True	BELOW_THRESHOLD
CRB1	EPB41	ENSP00000356370	ENSP00000345259	0.658	True	False	69.2	74.1	True	True	BOTH_EXPRESSED
GUCY2D	IQCB1	ENSP00000254854	ENSP00000311505	0.658	True	False	31.7	17.5	True	True	BOTH_EXPRESSED
USH2A	CSMD3	ENSP00000305941	ENSP00000297405	0.658	True	False	17.8	0.6	True	True	BOTH_EXPRESSED
OFD1	TCTN3	ENSP00000344314	ENSP00000483364	0.658	True	False	2.3	20.6	True	True	BOTH_EXPRESSED
CRX	PDE6H	ENSP00000221996	ENSP00000266395	0.658	True	False	202.2	844.1	True	True	BOTH_EXPRESSED
DYNC2H1	TCTEX1D4	ENSP00000497174	ENSP00000341803	0.658	True	False	9.5		True	False	UNKNOWN
PDE6G	ENPP1	ENSP00000328412	ENSP00000498074	0.658	True	False	1904.6	0.4	True	True	BOTH_EXPRESSED
TOPORS	SIN3A	ENSP00000353735	ENSP00000378402	0.658	True	False	10.6	15.9	True	True	BOTH_EXPRESSED
PRPF6	BUD31	ENSP00000266079	ENSP00000386023	0.658	True	False	33.8	13.8	True	True	BOTH_EXPRESSED
PDE6A	GRK7	ENSP00000255266	ENSP00000264952	0.658	True	False	1001.0	10.4	True	True	BOTH_EXPRESSED
DHX38	DHX35	ENSP00000268482	ENSP00000252011	0.657	True	False	12.3	5.6	True	True	BOTH_EXPRESSED
RPGR	PLIN2	ENSP00000495537	ENSP00000276914	0.657	True	False	11.2	12.1	True	True	BOTH_EXPRESSED
CDHR1	C8orf37	ENSP00000485478	ENSP00000286688	0.657	True	False	291.2		True	False	UNKNOWN
RHO	GRM6	ENSP00000296271	ENSP00000497110	0.657	True	False	3767.6	39.6	True	True	BOTH_EXPRESSED
BBS9	RABIF	ENSP00000242067	ENSP00000356231	0.657	True	False	20.3	6.3	True	True	BOTH_EXPRESSED
PDE6G	NR2E3	ENSP00000328412	ENSP00000482504	0.657	True	True	1904.6	121.9	True	True	BOTH_EXPRESSED
PRPF31	USP4	ENSP00000324122	ENSP00000265560	0.657	True	False	7.6	24.9	True	True	BOTH_EXPRESSED
GUCY2D	ENTPD3	ENSP00000254854	ENSP00000301825	0.656	True	False	31.7	2.4	True	True	BOTH_EXPRESSED
IMPDH1	SEMA4A	ENSP00000345096	ENSP00000357265	0.656	True	False	98.6	1.8	True	True	BOTH_EXPRESSED
KLHL7	BEST1	ENSP00000343273	ENSP00000399709	0.656	True	True	13.9	6.2	True	True	BOTH_EXPRESSED
MVK	SERPINA3	ENSP00000228510	ENSP00000450540	0.656	True	False	3.2	122.1	True	True	BOTH_EXPRESSED
INPP5E	PIK3CG	ENSP00000360777	ENSP00000419260	0.656	True	False	6.9	0.0	True	True	BELOW_THRESHOLD
PRPF31	HTATSF1	ENSP00000324122	ENSP00000442699	0.656	True	False	7.6	52.0	True	True	BOTH_EXPRESSED
PRPF8	RNPC3	ENSP00000460348	ENSP00000432886	0.656	True	False	76.4	58.9	True	True	BOTH_EXPRESSED
PRPF3	DDX46	ENSP00000315379	ENSP00000416534	0.655	True	False	40.3	16.7	True	True	BOTH_EXPRESSED
IMPG2	SPATA7	ENSP00000193391	ENSP00000377176	0.655	True	True	282.9	9.4	True	True	BOTH_EXPRESSED
NRL	RAX2	ENSP00000454062	ENSP00000450456	0.655	True	True	294.2	59.9	True	True	BOTH_EXPRESSED
SPATA7	ZNF513	ENSP00000377176	ENSP00000318373	0.655	True	False	9.4	4.4	True	True	BOTH_EXPRESSED
CRX	POU4F2	ENSP00000221996	ENSP00000281321	0.655	True	False	202.2	0.9	True	True	BOTH_EXPRESSED
SNRNP200	PRPF40A	ENSP00000317123	ENSP00000386458	0.655	True	False	62.7	21.4	True	True	BOTH_EXPRESSED
PDE6G	AOC2	ENSP00000328412	ENSP00000253799	0.655	True	False	1904.6	1.4	True	True	BOTH_EXPRESSED
PRPF8	SEMA4A	ENSP00000460348	ENSP00000357265	0.655	True	False	76.4	1.8	True	True	BOTH_EXPRESSED
NR2E3	SAMD7	ENSP00000482504	ENSP00000391299	0.655	True	False	121.9	124.2	True	True	BOTH_EXPRESSED
CREB3	CAMK1D	ENSP00000342136	ENSP00000478874	0.655	True	False	21.7	53.6	True	True	BOTH_EXPRESSED
GUCY2D	ENTPD1	ENSP00000254854	ENSP00000360250	0.655	True	False	31.7	6.2	True	True	BOTH_EXPRESSED
CNGA1	SNRNP200	ENSP00000384264	ENSP00000317123	0.655	True	True	244.8	62.7	True	True	BOTH_EXPRESSED
GUCY2D	ENTPD8	ENSP00000254854	ENSP00000360561	0.655	True	False	31.7	0.0	True	True	BELOW_THRESHOLD
RPGR	ZNF513	ENSP00000495537	ENSP00000318373	0.655	True	False	11.2	4.4	True	True	BOTH_EXPRESSED
CREB3	PPP1CA	ENSP00000342136	ENSP00000326031	0.654	True	False	21.7	20.0	True	True	BOTH_EXPRESSED
CREB3	PRKD2	ENSP00000342136	ENSP00000393978	0.654	True	False	21.7	4.1	True	True	BOTH_EXPRESSED
SNRNP200	ACIN1	ENSP00000317123	ENSP00000262710	0.654	True	False	62.7	36.0	True	True	BOTH_EXPRESSED
COQ2	ACO2	ENSP00000310873	ENSP00000216254	0.654	True	False	3.7	43.6	True	True	BOTH_EXPRESSED
CNGA1	IMPDH1	ENSP00000384264	ENSP00000345096	0.654	True	True	244.8	98.6	True	True	BOTH_EXPRESSED
AIPL1	CERKL	ENSP00000370521	ENSP00000341159	0.654	True	True	775.1	19.5	True	True	BOTH_EXPRESSED
DHX38	PRKRIP1	ENSP00000268482	ENSP00000419270	0.654	True	False	12.3	3.1	True	True	BOTH_EXPRESSED
RPE65	ZNF513	ENSP00000262340	ENSP00000318373	0.654	True	False	7.8	4.4	True	True	BOTH_EXPRESSED
PRPF6	SUGP1	ENSP00000266079	ENSP00000247001	0.654	True	False	33.8	1.9	True	True	BOTH_EXPRESSED
COQ5	ADCK2	ENSP00000288532	ENSP00000072869	0.654	True	False	24.3	5.9	True	True	BOTH_EXPRESSED
BBS9	E9PBE3_HUMAN	ENSP00000242067	ENSP00000424363	0.654	True	False	20.3		True	False	UNKNOWN
POMGNT1	MGAT2	ENSP00000361060	ENSP00000307423	0.654	True	False	10.1	7.6	True	True	BOTH_EXPRESSED
PDE6A	SLC24A1	ENSP00000255266	ENSP00000261892	0.653	True	True	1001.0	179.2	True	True	BOTH_EXPRESSED
BBS2	NPHP1	ENSP00000245157	ENSP00000313169	0.653	True	False	12.0	10.0	True	True	BOTH_EXPRESSED
TBC1D32	WDPCP	ENSP00000381270	ENSP00000272321	0.653	True	False	6.9	11.0	True	True	BOTH_EXPRESSED
SAG	AVPR2	ENSP00000386444	ENSP00000496396	0.653	True	False	1359.9	0.0	True	True	BELOW_THRESHOLD
COQ5	COQ10B	ENSP00000288532	ENSP00000263960	0.653	True	False	24.3	17.4	True	True	BOTH_EXPRESSED
HK1	SLC2A1	ENSP00000494664	ENSP00000416293	0.653	True	False	141.7	22.9	True	True	BOTH_EXPRESSED
PRPF8	CA4	ENSP00000460348	ENSP00000300900	0.653	True	False	76.4	0.0	True	True	BELOW_THRESHOLD
SNRNP200	ABCA4	ENSP00000317123	ENSP00000359245	0.653	True	False	62.7	328.7	True	True	BOTH_EXPRESSED
DHX38	CD2BP2	ENSP00000268482	ENSP00000304903	0.652	True	False	12.3	15.0	True	True	BOTH_EXPRESSED
DHDDS	NPC2	ENSP00000353104	ENSP00000451206	0.652	True	False	30.3	45.0	True	True	BOTH_EXPRESSED
NR2E3	GNAT2	ENSP00000482504	ENSP00000251337	0.652	True	False	121.9	73.0	True	True	BOTH_EXPRESSED
GUCY2D	CACNA1F	ENSP00000254854	ENSP00000365441	0.652	True	False	31.7	116.2	True	True	BOTH_EXPRESSED
IFT172	C8orf37	ENSP00000260570	ENSP00000286688	0.652	True	False	5.3		True	False	UNKNOWN
PCARE	RP1L1	ENSP00000332809	ENSP00000371923	0.652	True	True	26.4	41.0	True	True	BOTH_EXPRESSED
CREB3	CAMK1	ENSP00000342136	ENSP00000256460	0.652	True	False	21.7	5.5	True	True	BOTH_EXPRESSED
PDE6G	NT5C	ENSP00000328412	ENSP00000245552	0.652	True	False	1904.6	8.1	True	True	BOTH_EXPRESSED
PRPF4	LSG1	ENSP00000363313	ENSP00000265245	0.652	True	False	12.1	13.0	True	True	BOTH_EXPRESSED
SAG	RGS2	ENSP00000386444	ENSP00000235382	0.652	True	False	1359.9	34.2	True	True	BOTH_EXPRESSED
FAM161A	RHO	ENSP00000385158	ENSP00000296271	0.652	True	True	26.9	3767.6	True	True	BOTH_EXPRESSED
PRPF6	HTATSF1	ENSP00000266079	ENSP00000442699	0.652	True	False	33.8	52.0	True	True	BOTH_EXPRESSED
RHO	CXCR4	ENSP00000296271	ENSP00000386884	0.652	True	False	3767.6	7.4	True	True	BOTH_EXPRESSED
GNAT1	CABP4	ENSP00000232461	ENSP00000324960	0.652	True	False	1040.7	63.1	True	True	BOTH_EXPRESSED
GNAT1	PDE6C	ENSP00000232461	ENSP00000360502	0.652	True	False	1040.7	21.4	True	True	BOTH_EXPRESSED
SCLT1	RAB11A	ENSP00000281142	ENSP00000261890	0.651	True	False	2.7	91.7	True	True	BOTH_EXPRESSED
GNAT1	RCVRN	ENSP00000232461	ENSP00000226193	0.651	True	False	1040.7	430.9	True	True	BOTH_EXPRESSED
PDE6B	ABCA4	ENSP00000420295	ENSP00000359245	0.651	True	False	357.2	328.7	True	True	BOTH_EXPRESSED
CERKL	RLBP1	ENSP00000341159	ENSP00000268125	0.651	True	True	19.5	246.4	True	True	BOTH_EXPRESSED
RDH12	RDH10	ENSP00000449079	ENSP00000240285	0.651	True	False	206.6	79.9	True	True	BOTH_EXPRESSED
CREB3	CAMK1G	ENSP00000342136	ENSP00000009105	0.651	True	False	21.7	0.4	True	True	BOTH_EXPRESSED
KIAA1549	NF1	ENSP00000416040	ENSP00000351015	0.651	True	False	5.3	24.9	True	True	BOTH_EXPRESSED
BBS1	IQCB1	ENSP00000317469	ENSP00000311505	0.651	True	False	19.9	17.5	True	True	BOTH_EXPRESSED
TULP1	LGALS3	ENSP00000229771	ENSP00000254301	0.651	True	False	194.3	63.2	True	True	BOTH_EXPRESSED
CLN3	ATP5MC1	ENSP00000454229	ENSP00000377033	0.651	True	False	3.0	108.4	True	True	BOTH_EXPRESSED
CNGA1	LGALS4	ENSP00000384264	ENSP00000302100	0.651	True	False	244.8	0.2	True	True	BOTH_EXPRESSED
GUCA1A	GRK7	ENSP00000053469	ENSP00000264952	0.651	True	False	703.2	10.4	True	True	BOTH_EXPRESSED
PDE6B	NT5C1B-RDH14	ENSP00000420295	ENSP00000433415	0.65	True	False	357.2	0.0	True	True	BELOW_THRESHOLD
PDE6B	NT5C1A	ENSP00000420295	ENSP00000235628	0.65	True	False	357.2	0.4	True	True	BOTH_EXPRESSED
PDE6A	NT5C1B-RDH14	ENSP00000255266	ENSP00000433415	0.65	True	False	1001.0	0.0	True	True	BELOW_THRESHOLD
RHO	ADRB1	ENSP00000296271	ENSP00000358301	0.65	True	False	3767.6	1.9	True	True	BOTH_EXPRESSED
CRX	GNAT2	ENSP00000221996	ENSP00000251337	0.65	True	False	202.2	73.0	True	True	BOTH_EXPRESSED
PDE6B	NT5C	ENSP00000420295	ENSP00000245552	0.65	True	False	357.2	8.1	True	True	BOTH_EXPRESSED
PDE6A	NT5C1A	ENSP00000255266	ENSP00000235628	0.65	True	False	1001.0	0.4	True	True	BOTH_EXPRESSED
BBS9	SDCCAG8	ENSP00000242067	ENSP00000355499	0.65	True	False	20.3	3.4	True	True	BOTH_EXPRESSED
PDE6G	NT5C1A	ENSP00000328412	ENSP00000235628	0.65	True	False	1904.6	0.4	True	True	BOTH_EXPRESSED
PDE6G	ENTPD4	ENSP00000328412	ENSP00000351520	0.65	True	False	1904.6	30.3	True	True	BOTH_EXPRESSED
PDE6G	NT5E	ENSP00000328412	ENSP00000257770	0.65	True	False	1904.6	87.4	True	True	BOTH_EXPRESSED
PDE6G	ENTPD1	ENSP00000328412	ENSP00000360250	0.65	True	False	1904.6	6.2	True	True	BOTH_EXPRESSED
PDE6G	NT5C1B	ENSP00000328412	ENSP00000352904	0.65	True	False	1904.6	0.1	True	True	BOTH_EXPRESSED
CREB3	PRKD3	ENSP00000342136	ENSP00000368356	0.65	True	False	21.7	38.5	True	True	BOTH_EXPRESSED
PDE6B	ENTPD3	ENSP00000420295	ENSP00000301825	0.65	True	False	357.2	2.4	True	True	BOTH_EXPRESSED
CERKL	EIF3B	ENSP00000341159	ENSP00000354125	0.65	True	False	19.5	16.5	True	True	BOTH_EXPRESSED
PDE6G	ENPP3	ENSP00000328412	ENSP00000406261	0.65	True	False	1904.6	0.3	True	True	BOTH_EXPRESSED
PDE6G	ENTPD3	ENSP00000328412	ENSP00000301825	0.65	True	False	1904.6	2.4	True	True	BOTH_EXPRESSED
CREB3	PPP1CC	ENSP00000342136	ENSP00000341779	0.65	True	False	21.7	115.8	True	True	BOTH_EXPRESSED
CREB3	RPS6KA4	ENSP00000342136	ENSP00000333896	0.65	True	False	21.7	2.0	True	True	BOTH_EXPRESSED
PDE6G	NT5M	ENSP00000328412	ENSP00000373674	0.65	True	False	1904.6	0.4	True	True	BOTH_EXPRESSED
PDE6G	NT5C3B	ENSP00000328412	ENSP00000389948	0.65	True	False	1904.6	3.3	True	True	BOTH_EXPRESSED
IMPG2	ROM1	ENSP00000193391	ENSP00000278833	0.65	True	False	282.9	1101.4	True	True	BOTH_EXPRESSED
PDE6A	NT5C1B	ENSP00000255266	ENSP00000352904	0.65	True	False	1001.0	0.1	True	True	BOTH_EXPRESSED
TOPORS	RPE65	ENSP00000353735	ENSP00000262340	0.65	True	True	10.6	7.8	True	True	BOTH_EXPRESSED
PDE6A	ENTPD1	ENSP00000255266	ENSP00000360250	0.65	True	False	1001.0	6.2	True	True	BOTH_EXPRESSED
PDE6A	ENTPD8	ENSP00000255266	ENSP00000360561	0.65	True	False	1001.0	0.0	True	True	BELOW_THRESHOLD
PDE6A	ENTPD4	ENSP00000255266	ENSP00000351520	0.65	True	False	1001.0	30.3	True	True	BOTH_EXPRESSED
PDE6A	NT5C	ENSP00000255266	ENSP00000245552	0.65	True	False	1001.0	8.1	True	True	BOTH_EXPRESSED
PDE6A	ENTPD3	ENSP00000255266	ENSP00000301825	0.65	True	False	1001.0	2.4	True	True	BOTH_EXPRESSED
PDE6B	NT5C1B	ENSP00000420295	ENSP00000352904	0.65	True	False	357.2	0.1	True	True	BOTH_EXPRESSED
PDE6B	NT5M	ENSP00000420295	ENSP00000373674	0.65	True	False	357.2	0.4	True	True	BOTH_EXPRESSED
CREB3	PRKG2	ENSP00000342136	ENSP00000264399	0.65	True	False	21.7	0.3	True	True	BOTH_EXPRESSED
CREB3	PRKD1	ENSP00000342136	ENSP00000390535	0.65	True	False	21.7	1.8	True	True	BOTH_EXPRESSED
PDE6G	NT5C1B-RDH14	ENSP00000328412	ENSP00000433415	0.65	True	False	1904.6	0.0	True	True	BELOW_THRESHOLD
CREB3	PPP1CB	ENSP00000342136	ENSP00000378769	0.65	True	False	21.7	70.9	True	True	BOTH_EXPRESSED
PDE6G	ENTPD5	ENSP00000328412	ENSP00000335246	0.65	True	False	1904.6	8.7	True	True	BOTH_EXPRESSED
PDE6A	NT5M	ENSP00000255266	ENSP00000373674	0.65	True	False	1001.0	0.4	True	True	BOTH_EXPRESSED
PDE6G	ENTPD8	ENSP00000328412	ENSP00000360561	0.65	True	False	1904.6	0.0	True	True	BELOW_THRESHOLD
PDE6G	CANT1	ENSP00000328412	ENSP00000307674	0.65	True	False	1904.6	6.9	True	True	BOTH_EXPRESSED
TULP1	DNM1	ENSP00000229771	ENSP00000362014	0.65	True	False	194.3	73.8	True	True	BOTH_EXPRESSED
CEP162	IQCB1	ENSP00000385215	ENSP00000311505	0.65	True	False	2.6	17.5	True	True	BOTH_EXPRESSED
GNAT1	ROM1	ENSP00000232461	ENSP00000278833	0.65	True	False	1040.7	1101.4	True	True	BOTH_EXPRESSED
RPE65	RDH8	ENSP00000262340	ENSP00000498711	0.65	True	False	7.8	106.2	True	True	BOTH_EXPRESSED
GNAT1	ARR3	ENSP00000232461	ENSP00000311538	0.65	True	False	1040.7	357.5	True	True	BOTH_EXPRESSED
PDE6G	ENTPD6	ENSP00000328412	ENSP00000365840	0.65	True	False	1904.6	14.6	True	True	BOTH_EXPRESSED
PDE6B	ENTPD4	ENSP00000420295	ENSP00000351520	0.65	True	False	357.2	30.3	True	True	BOTH_EXPRESSED
PDE6B	ENTPD8	ENSP00000420295	ENSP00000360561	0.65	True	False	357.2	0.0	True	True	BELOW_THRESHOLD
DHX38	RP9	ENSP00000268482	ENSP00000297157	0.65	True	False	12.3	14.0	True	True	BOTH_EXPRESSED
OFD1	SUCLG2	ENSP00000344314	ENSP00000419325	0.649	True	False	2.3	6.7	True	True	BOTH_EXPRESSED
COQ2	HMGCR	ENSP00000310873	ENSP00000287936	0.649	True	False	3.7	17.4	True	True	BOTH_EXPRESSED
GUCY2D	GRK1	ENSP00000254854	ENSP00000334876	0.649	True	False	31.7	39.5	True	True	BOTH_EXPRESSED
PRPF31	PDE6B	ENSP00000324122	ENSP00000420295	0.649	True	True	7.6	357.2	True	True	BOTH_EXPRESSED
CRX	PLEKHB1	ENSP00000221996	ENSP00000346127	0.649	True	False	202.2	703.2	True	True	BOTH_EXPRESSED
NR2E3	ROM1	ENSP00000482504	ENSP00000278833	0.649	True	False	121.9	1101.4	True	True	BOTH_EXPRESSED
SPATA7	GUCA1B	ENSP00000377176	ENSP00000230361	0.649	True	False	9.4	432.4	True	True	BOTH_EXPRESSED
RBP3	CRABP2	ENSP00000463151	ENSP00000482841	0.649	True	False	504.0	4.1	True	True	BOTH_EXPRESSED
PDE6B	PDE6H	ENSP00000420295	ENSP00000266395	0.649	True	False	357.2	844.1	True	True	BOTH_EXPRESSED
PDE6B	CABP4	ENSP00000420295	ENSP00000324960	0.649	True	False	357.2	63.1	True	True	BOTH_EXPRESSED
PDE6A	KLHL7	ENSP00000255266	ENSP00000343273	0.648	True	True	1001.0	13.9	True	True	BOTH_EXPRESSED
CNGB1	NFASC	ENSP00000251102	ENSP00000344786	0.648	True	False	557.0	20.9	True	True	BOTH_EXPRESSED
IDH3G	UQCRC1	ENSP00000217901	ENSP00000203407	0.648	True	False	22.7	49.2	True	True	BOTH_EXPRESSED
IDH3G	HSPD1	ENSP00000217901	ENSP00000340019	0.648	True	False	22.7	66.7	True	True	BOTH_EXPRESSED
SAG	AKT1	ENSP00000386444	ENSP00000451828	0.648	True	False	1359.9	19.5	True	True	BOTH_EXPRESSED
DYNC2H1	MTMR10	ENSP00000497174	ENSP00000402537	0.648	True	False	9.5	11.5	True	True	BOTH_EXPRESSED
CEP162	CEP135	ENSP00000385215	ENSP00000257287	0.648	True	False	2.6	2.6	True	True	BOTH_EXPRESSED
IMPG2	PDE6B	ENSP00000193391	ENSP00000420295	0.647	True	True	282.9	357.2	True	True	BOTH_EXPRESSED
PRPF8	ABCA4	ENSP00000460348	ENSP00000359245	0.647	True	False	76.4	328.7	True	True	BOTH_EXPRESSED
PRPF3	SF1	ENSP00000315379	ENSP00000366604	0.647	True	False	40.3	42.0	True	True	BOTH_EXPRESSED
IDH3A	CYC1	ENSP00000299518	ENSP00000317159	0.647	True	False	23.8	39.0	True	True	BOTH_EXPRESSED
RP2	NME9	ENSP00000218340	ENSP00000335444	0.647	True	False	3.9	6.9	True	True	BOTH_EXPRESSED
ARL3	ELMOD2	ENSP00000260746	ENSP00000326342	0.647	True	False	89.3	16.6	True	True	BOTH_EXPRESSED
SNRNP200	BEST1	ENSP00000317123	ENSP00000399709	0.647	True	True	62.7	6.2	True	True	BOTH_EXPRESSED
MERTK	CNGB1	ENSP00000295408	ENSP00000251102	0.647	True	True	15.4	557.0	True	True	BOTH_EXPRESSED
MERTK	SOCS3	ENSP00000295408	ENSP00000330341	0.647	True	False	15.4	3.9	True	True	BOTH_EXPRESSED
CEP250	NEK11	ENSP00000380661	ENSP00000372857	0.647	True	False	9.2	5.2	True	True	BOTH_EXPRESSED
PDE6B	NYX	ENSP00000420295	ENSP00000340328	0.647	True	False	357.2	0.4	True	True	BOTH_EXPRESSED
PDSS1	COX10	ENSP00000365388	ENSP00000261643	0.647	True	False	1.7	5.2	True	True	BOTH_EXPRESSED
IDH3B	ATP5F1A	ENSP00000482773	ENSP00000381736	0.647	True	False	42.7	431.2	True	True	BOTH_EXPRESSED
IMPDH1	MERTK	ENSP00000345096	ENSP00000295408	0.646	True	True	98.6	15.4	True	True	BOTH_EXPRESSED
IDH3G	FXN	ENSP00000217901	ENSP00000419243	0.646	True	False	22.7	3.8	True	True	BOTH_EXPRESSED
RDH12	TTC8	ENSP00000449079	ENSP00000482306	0.646	True	True	206.6	34.7	True	True	BOTH_EXPRESSED
HK1	SMAD5	ENSP00000494664	ENSP00000441954	0.646	True	False	141.7	14.5	True	True	BOTH_EXPRESSED
KLHL7	NUP42	ENSP00000343273	ENSP00000258742	0.646	True	False	13.9	6.1	True	True	BOTH_EXPRESSED
CEP162	HAUS1	ENSP00000385215	ENSP00000282058	0.646	True	False	2.6	8.8	True	True	BOTH_EXPRESSED
TULP1	BEST1	ENSP00000229771	ENSP00000399709	0.646	True	True	194.3	6.2	True	True	BOTH_EXPRESSED
RHO	OTX2	ENSP00000296271	ENSP00000500595	0.646	True	False	3767.6	259.6	True	True	BOTH_EXPRESSED
GNAT1	RRH	ENSP00000232461	ENSP00000314992	0.646	True	False	1040.7	70.0	True	True	BOTH_EXPRESSED
TTC8	GUCA1B	ENSP00000482306	ENSP00000230361	0.646	True	False	34.7	432.4	True	True	BOTH_EXPRESSED
ARL3	MRPS25	ENSP00000260746	ENSP00000253686	0.646	True	False	89.3	4.0	True	True	BOTH_EXPRESSED
ZNF408	ZNF574	ENSP00000309606	ENSP00000222339	0.646	True	False	1.2	3.8	True	True	BOTH_EXPRESSED
IMPDH1	DDX3X	ENSP00000345096	ENSP00000494040	0.646	True	False	98.6	75.6	True	True	BOTH_EXPRESSED
BEST1	SEMA4A	ENSP00000399709	ENSP00000357265	0.646	True	False	6.2	1.8	True	True	BOTH_EXPRESSED
PDE6B	GNB5	ENSP00000420295	ENSP00000261837	0.646	True	False	357.2	111.3	True	True	BOTH_EXPRESSED
PRPF3	PRPF40A	ENSP00000315379	ENSP00000386458	0.646	True	False	40.3	21.4	True	True	BOTH_EXPRESSED
OFD1	KIF7	ENSP00000344314	ENSP00000377934	0.646	True	False	2.3	0.2	True	True	BOTH_EXPRESSED
RPE65	RCVRN	ENSP00000262340	ENSP00000226193	0.646	True	False	7.8	430.9	True	True	BOTH_EXPRESSED
ZNF408	LRP5	ENSP00000309606	ENSP00000294304	0.646	True	False	1.2	1.5	True	True	BOTH_EXPRESSED
CERKL	RPGRIP1	ENSP00000341159	ENSP00000382895	0.646	True	False	19.5	171.2	True	True	BOTH_EXPRESSED
IFT172	CEP290	ENSP00000260570	ENSP00000448012	0.646	True	False	5.3	6.6	True	True	BOTH_EXPRESSED
CC2D2A	IQCB1	ENSP00000403465	ENSP00000311505	0.646	True	False	78.4	17.5	True	True	BOTH_EXPRESSED
HK1	TREH	ENSP00000494664	ENSP00000264029	0.645	True	False	141.7	0.0	True	True	BELOW_THRESHOLD
PDE6B	RGS9BP	ENSP00000420295	ENSP00000334134	0.645	True	False	357.2	16.1	True	True	BOTH_EXPRESSED
SNRNP200	RAD51	ENSP00000317123	ENSP00000493712	0.645	True	False	62.7	0.3	True	True	BOTH_EXPRESSED
FAM161A	PCARE	ENSP00000385158	ENSP00000332809	0.645	True	True	26.9	26.4	True	True	BOTH_EXPRESSED
NRL	CNGA3	ENSP00000454062	ENSP00000272602	0.645	True	False	294.2	5.4	True	True	BOTH_EXPRESSED
IFT172	BBS5	ENSP00000260570	ENSP00000295240	0.645	True	False	5.3	11.3	True	True	BOTH_EXPRESSED
PRPF8	TMIGD2	ENSP00000460348	ENSP00000301272	0.645	True	False	76.4	0.1	True	True	BOTH_EXPRESSED
GNAT1	CNGB3	ENSP00000232461	ENSP00000316605	0.645	True	False	1040.7	11.6	True	True	BOTH_EXPRESSED
PRPF8	NAA38	ENSP00000460348	ENSP00000332103	0.645	True	False	76.4	30.2	True	True	BOTH_EXPRESSED
PRPF8	SPACA6	ENSP00000460348	ENSP00000490829	0.645	True	False	76.4	0.1	True	True	BOTH_EXPRESSED
COQ2	CS	ENSP00000310873	ENSP00000342056	0.644	True	False	3.7	119.5	True	True	BOTH_EXPRESSED
CNGA1	TTC8	ENSP00000384264	ENSP00000482306	0.644	True	True	244.8	34.7	True	True	BOTH_EXPRESSED
BBS2	SDCCAG8	ENSP00000245157	ENSP00000355499	0.644	True	False	12.0	3.4	True	True	BOTH_EXPRESSED
CNGB1	SNRNP200	ENSP00000251102	ENSP00000317123	0.644	True	True	557.0	62.7	True	True	BOTH_EXPRESSED
ARL3	MRPL19	ENSP00000260746	ENSP00000377486	0.644	True	False	89.3	17.9	True	True	BOTH_EXPRESSED
CLN3	AUP1	ENSP00000454229	ENSP00000366748	0.644	True	False	3.0	30.1	True	True	BOTH_EXPRESSED
RP1L1	EYS	ENSP00000371923	ENSP00000359655	0.644	True	True	41.0	23.1	True	True	BOTH_EXPRESSED
CERKL	CA4	ENSP00000341159	ENSP00000300900	0.644	True	False	19.5	0.0	True	True	BELOW_THRESHOLD
SLC4A7	SLC9A3	ENSP00000390394	ENSP00000264938	0.644	True	False	67.5	1.5	True	True	BOTH_EXPRESSED
MERTK	DOCK1	ENSP00000295408	ENSP00000485033	0.644	True	False	15.4	2.1	True	True	BOTH_EXPRESSED
IMPDH1	CNGB1	ENSP00000345096	ENSP00000251102	0.644	True	True	98.6	557.0	True	True	BOTH_EXPRESSED
ARHGEF18	AKAP13	ENSP00000482647	ENSP00000354718	0.644	True	False	4.6	7.9	True	True	BOTH_EXPRESSED
IDH3G	CHCHD3	ENSP00000217901	ENSP00000389297	0.644	True	False	22.7	37.3	True	True	BOTH_EXPRESSED
AHI1	CEP83	ENSP00000265602	ENSP00000380911	0.644	True	False	25.2	4.4	True	True	BOTH_EXPRESSED
PRPF3	ABCA4	ENSP00000315379	ENSP00000359245	0.644	True	False	40.3	328.7	True	True	BOTH_EXPRESSED
SNRNP200	MATR3	ENSP00000317123	ENSP00000378284	0.644	True	False	62.7	207.2	True	True	BOTH_EXPRESSED
AHI1	CEP41	ENSP00000265602	ENSP00000223208	0.643	True	False	25.2	7.2	True	True	BOTH_EXPRESSED
NRL	ATXN7-2	ENSP00000454062	ENSP00000439585	0.643	True	False	294.2		True	False	UNKNOWN
IMPDH1	PDE6G	ENSP00000345096	ENSP00000328412	0.643	True	True	98.6	1904.6	True	True	BOTH_EXPRESSED
CRX	PDE6G	ENSP00000221996	ENSP00000328412	0.643	True	True	202.2	1904.6	True	True	BOTH_EXPRESSED
RBP3	RGR	ENSP00000463151	ENSP00000352427	0.643	True	False	504.0	129.0	True	True	BOTH_EXPRESSED
PRPF6	CRNKL1	ENSP00000266079	ENSP00000366557	0.643	True	False	33.8	9.1	True	True	BOTH_EXPRESSED
NRL	ATXN7	ENSP00000454062	ENSP00000295900	0.643	True	False	294.2	15.1	True	True	BOTH_EXPRESSED
RLBP1	GLUL	ENSP00000268125	ENSP00000307900	0.643	True	False	246.4	826.3	True	True	BOTH_EXPRESSED
OFD1	NPHP4	ENSP00000344314	ENSP00000367398	0.643	True	False	2.3	2.2	True	True	BOTH_EXPRESSED
ARL3	SCOC	ENSP00000260746	ENSP00000477352	0.643	True	False	89.3	68.9	True	True	BOTH_EXPRESSED
MERTK	SEMA4C	ENSP00000295408	ENSP00000306844	0.643	True	False	15.4	6.6	True	True	BOTH_EXPRESSED
PRPF8	HUWE1	ENSP00000460348	ENSP00000340648	0.643	True	False	76.4	37.8	True	True	BOTH_EXPRESSED
IDH3G	MRPS36	ENSP00000217901	ENSP00000256441	0.643	True	False	22.7	17.5	True	True	BOTH_EXPRESSED
BCOR	NCOR2	ENSP00000367705	ENSP00000384018	0.642	True	False	13.1	23.1	True	True	BOTH_EXPRESSED
BEST1	TOPORS	ENSP00000399709	ENSP00000353735	0.642	True	True	6.2	10.6	True	True	BOTH_EXPRESSED
ARL6	ARL6IP5	ENSP00000419619	ENSP00000273258	0.642	True	False	35.2	125.1	True	True	BOTH_EXPRESSED
IFT140	ARL13B	ENSP00000406012	ENSP00000377769	0.642	True	False	5.9	16.8	True	True	BOTH_EXPRESSED
RPGR	KIF3A	ENSP00000495537	ENSP00000385808	0.642	True	False	11.2	31.3	True	True	BOTH_EXPRESSED
SNRNP200	GFM1	ENSP00000317123	ENSP00000264263	0.642	True	False	62.7	42.9	True	True	BOTH_EXPRESSED
IFT172	ARL13B	ENSP00000260570	ENSP00000377769	0.642	True	False	5.3	16.8	True	True	BOTH_EXPRESSED
CNGA1	GNGT1	ENSP00000384264	ENSP00000248572	0.642	True	False	244.8	1760.3	True	True	BOTH_EXPRESSED
SAG	NTSR1	ENSP00000386444	ENSP00000359532	0.642	True	False	1359.9	0.1	True	True	BOTH_EXPRESSED
RHO	GPR55	ENSP00000296271	ENSP00000498258	0.642	True	False	3767.6	0.0	True	True	BELOW_THRESHOLD
RLBP1	CRX	ENSP00000268125	ENSP00000221996	0.641	True	True	246.4	202.2	True	True	BOTH_EXPRESSED
MERTK	CX3CR1	ENSP00000295408	ENSP00000351059	0.641	True	False	15.4	0.5	True	True	BOTH_EXPRESSED
GUCY2D	OMP	ENSP00000254854	ENSP00000436376	0.641	True	False	31.7	0.0	True	True	BELOW_THRESHOLD
PRCD	CRX	ENSP00000467661	ENSP00000221996	0.641	True	True	44.6	202.2	True	True	BOTH_EXPRESSED
CC2D2A	RPGR	ENSP00000403465	ENSP00000495537	0.641	True	True	78.4	11.2	True	True	BOTH_EXPRESSED
PRPH2	KLHL7	ENSP00000230381	ENSP00000343273	0.641	True	True	594.9	13.9	True	True	BOTH_EXPRESSED
TTC8	RPGR	ENSP00000482306	ENSP00000495537	0.641	True	True	34.7	11.2	True	True	BOTH_EXPRESSED
RCBTB1	CDADC1	ENSP00000367552	ENSP00000251108	0.641	True	False	45.9	4.8	True	True	BOTH_EXPRESSED
OFD1	OPTN	ENSP00000344314	ENSP00000368022	0.641	True	False	2.3	45.5	True	True	BOTH_EXPRESSED
IDH3B	NDUFA10	ENSP00000482773	ENSP00000252711	0.641	True	False	42.7	28.9	True	True	BOTH_EXPRESSED
SNRNP200	SEMA4A	ENSP00000317123	ENSP00000357265	0.641	True	False	62.7	1.8	True	True	BOTH_EXPRESSED
PRPF8	RPS14	ENSP00000460348	ENSP00000385958	0.64	True	False	76.4	278.7	True	True	BOTH_EXPRESSED
LRAT	DGAT1	ENSP00000337224	ENSP00000482264	0.64	True	False	0.9	1.5	True	True	BOTH_EXPRESSED
IDH3B	SEMA4A	ENSP00000482773	ENSP00000357265	0.64	True	False	42.7	1.8	True	True	BOTH_EXPRESSED
TOPORS	CA4	ENSP00000353735	ENSP00000300900	0.64	True	False	10.6	0.0	True	True	BELOW_THRESHOLD
IMPDH1	CTPS2	ENSP00000345096	ENSP00000401264	0.64	True	False	98.6	9.1	True	True	BOTH_EXPRESSED
AHI1	IFT88	ENSP00000265602	ENSP00000323580	0.64	True	False	25.2	30.2	True	True	BOTH_EXPRESSED
CEP250	SMARCC2	ENSP00000380661	ENSP00000449396	0.64	True	False	9.2	36.4	True	True	BOTH_EXPRESSED
MERTK	CD68	ENSP00000295408	ENSP00000250092	0.64	True	False	15.4	4.5	True	True	BOTH_EXPRESSED
SLC4A7	CFTR	ENSP00000390394	ENSP00000003084	0.64	True	False	67.5	0.0	True	True	BELOW_THRESHOLD
DYNC2H1	GLI2	ENSP00000497174	ENSP00000390436	0.64	True	False	9.5	0.0	True	True	BELOW_THRESHOLD
PDE6G	CA4	ENSP00000328412	ENSP00000300900	0.64	True	False	1904.6	0.0	True	True	BELOW_THRESHOLD
GNAT1	OPN3	ENSP00000232461	ENSP00000355512	0.64	True	False	1040.7	0.5	True	True	BOTH_EXPRESSED
BEST1	OTX2	ENSP00000399709	ENSP00000500595	0.639	True	False	6.2	259.6	True	True	BOTH_EXPRESSED
PDE6B	CNGB3	ENSP00000420295	ENSP00000316605	0.639	True	False	357.2	11.6	True	True	BOTH_EXPRESSED
IDH3G	NDUFB8	ENSP00000217901	ENSP00000299166	0.639	True	False	22.7	118.0	True	True	BOTH_EXPRESSED
MVK	CARTPT	ENSP00000228510	ENSP00000296777	0.639	True	False	3.2	19.8	True	True	BOTH_EXPRESSED
CRX	SIX3	ENSP00000221996	ENSP00000260653	0.639	True	False	202.2	23.5	True	True	BOTH_EXPRESSED
DHX38	CACTIN	ENSP00000268482	ENSP00000415078	0.639	True	False	12.3	4.3	True	True	BOTH_EXPRESSED
IDH3A	IREB2	ENSP00000299518	ENSP00000258886	0.639	True	False	23.8	17.9	True	True	BOTH_EXPRESSED
IDH3B	KLHL7	ENSP00000482773	ENSP00000343273	0.638	True	True	42.7	13.9	True	True	BOTH_EXPRESSED
SCLT1	CCDC120	ENSP00000281142	ENSP00000474071	0.638	True	False	2.7	1.8	True	True	BOTH_EXPRESSED
PRPF3	SRSF1	ENSP00000315379	ENSP00000258962	0.638	True	False	40.3	56.0	True	True	BOTH_EXPRESSED
OFD1	CDK5RAP2	ENSP00000344314	ENSP00000343818	0.638	True	False	2.3	4.8	True	True	BOTH_EXPRESSED
CRX	CNGB3	ENSP00000221996	ENSP00000316605	0.638	True	False	202.2	11.6	True	True	BOTH_EXPRESSED
BBS9	IFT140	ENSP00000242067	ENSP00000406012	0.638	True	True	20.3	5.9	True	True	BOTH_EXPRESSED
IDH3A	ACAN	ENSP00000299518	ENSP00000387356	0.638	True	False	23.8	0.1	True	True	BOTH_EXPRESSED
DYNC2H1	TCTEX1D1	ENSP00000497174	ENSP00000282670	0.638	True	False	9.5		True	False	UNKNOWN
PDE6G	GNG11	ENSP00000328412	ENSP00000248564	0.638	True	False	1904.6	1.4	True	True	BOTH_EXPRESSED
CEP162	HAUS4	ENSP00000385215	ENSP00000206474	0.638	True	False	2.6	9.6	True	True	BOTH_EXPRESSED
PDE6B	GNG12	ENSP00000420295	ENSP00000360021	0.638	True	False	357.2	6.1	True	True	BOTH_EXPRESSED
SLC4A7	SLC26A6	ENSP00000390394	ENSP00000378920	0.638	True	False	67.5	3.8	True	True	BOTH_EXPRESSED
IDH3A	GFM1	ENSP00000299518	ENSP00000264263	0.638	True	False	23.8	42.9	True	True	BOTH_EXPRESSED
NR2E3	GNAT1	ENSP00000482504	ENSP00000232461	0.638	True	True	121.9	1040.7	True	True	BOTH_EXPRESSED
PRPH2	RPGRIP1	ENSP00000230381	ENSP00000382895	0.638	True	False	594.9	171.2	True	True	BOTH_EXPRESSED
CC2D2A	RPGRIP1	ENSP00000403465	ENSP00000382895	0.638	True	False	78.4	171.2	True	True	BOTH_EXPRESSED
RPE65	MYO7A	ENSP00000262340	ENSP00000386331	0.638	True	False	7.8	25.4	True	True	BOTH_EXPRESSED
BBS2	IFT140	ENSP00000245157	ENSP00000406012	0.637	True	True	12.0	5.9	True	True	BOTH_EXPRESSED
PRPH2	RP1L1	ENSP00000230381	ENSP00000371923	0.637	True	True	594.9	41.0	True	True	BOTH_EXPRESSED
RHO	NPY	ENSP00000296271	ENSP00000384364	0.637	True	False	3767.6	4.1	True	True	BOTH_EXPRESSED
RHO	ALDH7A1	ENSP00000296271	ENSP00000387123	0.637	True	False	3767.6	18.3	True	True	BOTH_EXPRESSED
IFT172	TCTN2	ENSP00000260570	ENSP00000304941	0.637	True	False	5.3	16.3	True	True	BOTH_EXPRESSED
COQ2	FDFT1	ENSP00000310873	ENSP00000491537	0.637	True	False	3.7	5.0	True	True	BOTH_EXPRESSED
CNGA1	MERTK	ENSP00000384264	ENSP00000295408	0.637	True	True	244.8	15.4	True	True	BOTH_EXPRESSED
PRPF3	FAM98A	ENSP00000315379	ENSP00000238823	0.637	True	False	40.3	12.6	True	True	BOTH_EXPRESSED
PRPF6	ATP5IF1	ENSP00000266079	ENSP00000335203	0.637	True	False	33.8	65.7	True	True	BOTH_EXPRESSED
PDSS1	UBIAD1	ENSP00000365388	ENSP00000366006	0.637	True	False	1.7	7.4	True	True	BOTH_EXPRESSED
CERKL	ENO4	ENSP00000341159	ENSP00000345555	0.637	True	False	19.5	1.8	True	True	BOTH_EXPRESSED
CC2D2A	ODF2	ENSP00000403465	ENSP00000403453	0.636	True	False	78.4	9.0	True	True	BOTH_EXPRESSED
GUCY2D	CNGA1	ENSP00000254854	ENSP00000384264	0.636	True	True	31.7	244.8	True	True	BOTH_EXPRESSED
BBS2	PLLP	ENSP00000245157	ENSP00000219207	0.636	True	False	12.0	1.5	True	True	BOTH_EXPRESSED
USH2A	SLC4A8	ENSP00000305941	ENSP00000405812	0.636	True	False	17.8	10.3	True	True	BOTH_EXPRESSED
TULP1	SNRNP200	ENSP00000229771	ENSP00000317123	0.636	True	True	194.3	62.7	True	True	BOTH_EXPRESSED
PDE6G	ALDH7A1	ENSP00000328412	ENSP00000387123	0.636	True	False	1904.6	18.3	True	True	BOTH_EXPRESSED
PDSS1	COQ10A	ENSP00000365388	ENSP00000312587	0.636	True	False	1.7	24.1	True	True	BOTH_EXPRESSED
KIAA1549	MAP2K1	ENSP00000416040	ENSP00000302486	0.636	True	False	5.3	16.4	True	True	BOTH_EXPRESSED
RPE65	GNAT2	ENSP00000262340	ENSP00000251337	0.636	True	False	7.8	73.0	True	True	BOTH_EXPRESSED
PRPF3	PLRG1	ENSP00000315379	ENSP00000424417	0.636	True	False	40.3	24.4	True	True	BOTH_EXPRESSED
SNRNP200	DHX35	ENSP00000317123	ENSP00000252011	0.636	True	False	62.7	5.6	True	True	BOTH_EXPRESSED
AHI1	TRAF3IP1	ENSP00000265602	ENSP00000362424	0.636	True	False	25.2	6.1	True	True	BOTH_EXPRESSED
CEP162	YEATS4	ENSP00000385215	ENSP00000247843	0.636	True	False	2.6	18.6	True	True	BOTH_EXPRESSED
SNRNP200	SUMO2	ENSP00000317123	ENSP00000405965	0.636	True	False	62.7	190.7	True	True	BOTH_EXPRESSED
BBS1	IFT80	ENSP00000317469	ENSP00000312778	0.635	True	False	19.9	23.2	True	True	BOTH_EXPRESSED
ARL3	GGA1	ENSP00000260746	ENSP00000371175	0.635	True	False	89.3	21.1	True	True	BOTH_EXPRESSED
IDH3G	PKM	ENSP00000217901	ENSP00000320171	0.635	True	False	22.7	1155.0	True	True	BOTH_EXPRESSED
CRX	ZNF513	ENSP00000221996	ENSP00000318373	0.635	True	False	202.2	4.4	True	True	BOTH_EXPRESSED
AIPL1	RCVRN	ENSP00000370521	ENSP00000226193	0.635	True	False	775.1	430.9	True	True	BOTH_EXPRESSED
PRPF8	SRSF2	ENSP00000460348	ENSP00000376276	0.635	True	False	76.4	49.5	True	True	BOTH_EXPRESSED
IDH3B	NR2E3	ENSP00000482773	ENSP00000482504	0.635	True	True	42.7	121.9	True	True	BOTH_EXPRESSED
IDH3A	TPI1	ENSP00000299518	ENSP00000229270	0.635	True	False	23.8	580.2	True	True	BOTH_EXPRESSED
TTC8	NPHP3	ENSP00000482306	ENSP00000338766	0.635	True	False	34.7	2.9	True	True	BOTH_EXPRESSED
CNGB1	ARF4	ENSP00000251102	ENSP00000306010	0.635	True	False	557.0	50.0	True	True	BOTH_EXPRESSED
RPE65	PITPNM1	ENSP00000262340	ENSP00000348772	0.635	True	False	7.8	37.8	True	True	BOTH_EXPRESSED
SLC24A1	RCVRN	ENSP00000261892	ENSP00000226193	0.635	True	False	179.2	430.9	True	True	BOTH_EXPRESSED
PRPF6	DDX3Y	ENSP00000266079	ENSP00000353284	0.634	True	False	33.8	21.9	True	True	BOTH_EXPRESSED
RBP3	IMPG1	ENSP00000463151	ENSP00000358966	0.634	True	True	504.0	621.3	True	True	BOTH_EXPRESSED
IDH3B	NDUFS3	ENSP00000482773	ENSP00000263774	0.634	True	False	42.7	21.8	True	True	BOTH_EXPRESSED
PRPF8	HNRNPH2	ENSP00000460348	ENSP00000361927	0.634	True	False	76.4	73.5	True	True	BOTH_EXPRESSED
GUCY2D	GNAT2	ENSP00000254854	ENSP00000251337	0.634	True	False	31.7	73.0	True	True	BOTH_EXPRESSED
KLHL7	CNGA1	ENSP00000343273	ENSP00000384264	0.634	True	True	13.9	244.8	True	True	BOTH_EXPRESSED
RDH12	IQCB1	ENSP00000449079	ENSP00000311505	0.634	True	False	206.6	17.5	True	True	BOTH_EXPRESSED
IFT172	LHX3	ENSP00000260570	ENSP00000360811	0.634	True	False	5.3	1.0	True	True	BOTH_EXPRESSED
RHO	IFT20	ENSP00000296271	ENSP00000464443	0.634	True	False	3767.6	24.7	True	True	BOTH_EXPRESSED
PRPF6	IL31RA	ENSP00000266079	ENSP00000498630	0.634	True	False	33.8	0.0	True	True	BELOW_THRESHOLD
PRPF6	DDX4	ENSP00000266079	ENSP00000424838	0.634	True	False	33.8	0.1	True	True	BOTH_EXPRESSED
KLHL7	NRL	ENSP00000343273	ENSP00000454062	0.634	True	True	13.9	294.2	True	True	BOTH_EXPRESSED
IMPDH1	PDE6B	ENSP00000345096	ENSP00000420295	0.634	True	True	98.6	357.2	True	True	BOTH_EXPRESSED
PDE6G	GNB3	ENSP00000328412	ENSP00000229264	0.634	True	False	1904.6	396.1	True	True	BOTH_EXPRESSED
KIZ	BMX	ENSP00000479542	ENSP00000350224	0.634	True	False	18.7	0.0	True	True	BELOW_THRESHOLD
ARL3	KPNA2	ENSP00000260746	ENSP00000438483	0.634	True	False	89.3	20.6	True	True	BOTH_EXPRESSED
IFT172	RPGRIP1L	ENSP00000260570	ENSP00000493946	0.634	True	False	5.3	2.6	True	True	BOTH_EXPRESSED
SAG	PRKN	ENSP00000386444	ENSP00000355865	0.633	True	False	1359.9	1.3	True	True	BOTH_EXPRESSED
PRPF8	THOC2	ENSP00000460348	ENSP00000245838	0.633	True	False	76.4	32.3	True	True	BOTH_EXPRESSED
RAX2	HMCN1	ENSP00000450456	ENSP00000271588	0.633	True	False	59.9	0.5	True	True	BOTH_EXPRESSED
PDE6G	GNB5	ENSP00000328412	ENSP00000261837	0.633	True	False	1904.6	111.3	True	True	BOTH_EXPRESSED
OFD1	USH2A	ENSP00000344314	ENSP00000305941	0.633	True	True	2.3	17.8	True	True	BOTH_EXPRESSED
CRB1	EPB41L5	ENSP00000356370	ENSP00000263713	0.633	True	False	69.2	25.8	True	True	BOTH_EXPRESSED
RHO	RBP2	ENSP00000296271	ENSP00000232217	0.633	True	False	3767.6	2.0	True	True	BOTH_EXPRESSED
PDE6A	GNAO1	ENSP00000255266	ENSP00000262494	0.632	True	False	1001.0	48.0	True	True	BOTH_EXPRESSED
ZNF408	KIF11	ENSP00000309606	ENSP00000260731	0.632	True	False	1.2	0.7	True	True	BOTH_EXPRESSED
PRPF3	ACIN1	ENSP00000315379	ENSP00000262710	0.632	True	False	40.3	36.0	True	True	BOTH_EXPRESSED
IDH3A	NDUFS1	ENSP00000299518	ENSP00000392709	0.632	True	False	23.8	22.6	True	True	BOTH_EXPRESSED
CC2D2A	TTC21B	ENSP00000403465	ENSP00000243344	0.632	True	False	78.4	6.9	True	True	BOTH_EXPRESSED
PRPF8	DHX32	ENSP00000460348	ENSP00000284690	0.632	True	False	76.4	20.0	True	True	BOTH_EXPRESSED
BBS2	IFT80	ENSP00000245157	ENSP00000312778	0.632	True	False	12.0	23.2	True	True	BOTH_EXPRESSED
DHX38	CWF19L2	ENSP00000268482	ENSP00000282251	0.632	True	False	12.3	8.2	True	True	BOTH_EXPRESSED
IFT140	BBS5	ENSP00000406012	ENSP00000295240	0.632	True	False	5.9	11.3	True	True	BOTH_EXPRESSED
TULP1	IQCB1	ENSP00000229771	ENSP00000311505	0.632	True	False	194.3	17.5	True	True	BOTH_EXPRESSED
OFD1	VANGL2	ENSP00000344314	ENSP00000357040	0.632	True	False	2.3	4.0	True	True	BOTH_EXPRESSED
MERTK	FSCN2	ENSP00000295408	ENSP00000334665	0.631	True	False	15.4	8.1	True	True	BOTH_EXPRESSED
FAM161A	MKKS	ENSP00000385158	ENSP00000246062	0.631	True	False	26.9	21.1	True	True	BOTH_EXPRESSED
ARL3	TBCD	ENSP00000260746	ENSP00000347719	0.631	True	False	89.3	7.9	True	True	BOTH_EXPRESSED
DHX38	SART3	ENSP00000268482	ENSP00000449386	0.631	True	False	12.3	18.8	True	True	BOTH_EXPRESSED
IDH3B	COX5B	ENSP00000482773	ENSP00000258424	0.631	True	False	42.7	69.1	True	True	BOTH_EXPRESSED
USH2A	MYO6	ENSP00000305941	ENSP00000358994	0.631	True	False	17.8	45.6	True	True	BOTH_EXPRESSED
BBS2	ALMS1	ENSP00000245157	ENSP00000482968	0.631	True	False	12.0	8.1	True	True	BOTH_EXPRESSED
DHX38	SF3B4	ENSP00000268482	ENSP00000271628	0.631	True	False	12.3	19.2	True	True	BOTH_EXPRESSED
PRPF8	DQX1	ENSP00000460348	ENSP00000384621	0.631	True	False	76.4	0.0	True	True	BELOW_THRESHOLD
RP1	POT1	ENSP00000220676	ENSP00000350249	0.631	True	False	218.9	9.1	True	True	BOTH_EXPRESSED
OFD1	RAB11A	ENSP00000344314	ENSP00000261890	0.631	True	False	2.3	91.7	True	True	BOTH_EXPRESSED
BBS1	CETN1	ENSP00000317469	ENSP00000319052	0.631	True	False	19.9	0.0	True	True	BELOW_THRESHOLD
CFAP410	CHCHD10	ENSP00000381047	ENSP00000384973	0.631	True	False	9.2	58.6	True	True	BOTH_EXPRESSED
TOPORS	UBXN7	ENSP00000353735	ENSP00000296328	0.631	True	False	10.6	16.7	True	True	BOTH_EXPRESSED
FAM161A	TCP1	ENSP00000385158	ENSP00000317334	0.63	True	False	26.9	71.1	True	True	BOTH_EXPRESSED
IDH3B	RPE65	ENSP00000482773	ENSP00000262340	0.63	True	True	42.7	7.8	True	True	BOTH_EXPRESSED
TMEM216	CCP110	ENSP00000334844	ENSP00000370803	0.63	True	False	10.8	12.4	True	True	BOTH_EXPRESSED
TMEM216	TTC21B	ENSP00000334844	ENSP00000243344	0.63	True	False	10.8	6.9	True	True	BOTH_EXPRESSED
CRX	RORB	ENSP00000221996	ENSP00000366093	0.63	True	False	202.2	51.5	True	True	BOTH_EXPRESSED
IDH3G	BCKDK	ENSP00000217901	ENSP00000378405	0.63	True	False	22.7	5.9	True	True	BOTH_EXPRESSED
BBS1	DCTN1	ENSP00000317469	ENSP00000354791	0.63	True	False	19.9	40.4	True	True	BOTH_EXPRESSED
REEP6	RTN3	ENSP00000233596	ENSP00000367050	0.63	True	False	87.4	180.1	True	True	BOTH_EXPRESSED
KIZ	FANCM	ENSP00000479542	ENSP00000267430	0.63	True	False	18.7	1.9	True	True	BOTH_EXPRESSED
PRPF31	RBM25	ENSP00000324122	ENSP00000261973	0.63	True	False	7.6	38.8	True	True	BOTH_EXPRESSED
PRPF31	GDPD3	ENSP00000324122	ENSP00000384363	0.63	True	False	7.6	6.1	True	True	BOTH_EXPRESSED
SAG	ARRB1	ENSP00000386444	ENSP00000409581	0.629	True	False	1359.9	4.9	True	True	BOTH_EXPRESSED
PRPF31	TTC8	ENSP00000324122	ENSP00000482306	0.629	True	True	7.6	34.7	True	True	BOTH_EXPRESSED
PRPF8	DHX34	ENSP00000460348	ENSP00000331907	0.629	True	False	76.4	2.7	True	True	BOTH_EXPRESSED
CNGB1	GNAT2	ENSP00000251102	ENSP00000251337	0.629	True	False	557.0	73.0	True	True	BOTH_EXPRESSED
SNRNP200	NUDCD1	ENSP00000317123	ENSP00000239690	0.629	True	False	62.7	3.4	True	True	BOTH_EXPRESSED
CDHR1	LRIT2	ENSP00000485478	ENSP00000438264	0.629	True	False	291.2	54.7	True	True	BOTH_EXPRESSED
CRB1	PARD3	ENSP00000356370	ENSP00000363921	0.629	True	False	69.2	12.6	True	True	BOTH_EXPRESSED
RAX2	HAUS2	ENSP00000450456	ENSP00000260372	0.629	True	False	59.9	5.0	True	True	BOTH_EXPRESSED
RPGR	GRK1	ENSP00000495537	ENSP00000334876	0.629	True	False	11.2	39.5	True	True	BOTH_EXPRESSED
CERKL	EIF3G	ENSP00000341159	ENSP00000253108	0.629	True	False	19.5	23.1	True	True	BOTH_EXPRESSED
PDE6B	OPN4	ENSP00000420295	ENSP00000361141	0.629	True	False	357.2	0.8	True	True	BOTH_EXPRESSED
PRPF4	RNPS1	ENSP00000363313	ENSP00000457723	0.629	True	False	12.1	43.9	True	True	BOTH_EXPRESSED
SNRNP200	KIAA1143	ENSP00000317123	ENSP00000296121	0.629	True	False	62.7	5.3	True	True	BOTH_EXPRESSED
COQ2	ALB	ENSP00000310873	ENSP00000295897	0.629	True	False	3.7	0.4	True	True	BOTH_EXPRESSED
TULP1	ROM1	ENSP00000229771	ENSP00000278833	0.629	True	False	194.3	1101.4	True	True	BOTH_EXPRESSED
ARL3	IFT22	ENSP00000260746	ENSP00000320359	0.629	True	False	89.3	38.4	True	True	BOTH_EXPRESSED
IFT172	SHH	ENSP00000260570	ENSP00000297261	0.629	True	False	5.3	0.2	True	True	BOTH_EXPRESSED
PRPF31	M0R3G1_HUMAN	ENSP00000324122	ENSP00000473200	0.628	True	False	7.6		True	False	UNKNOWN
EYS	GNAT2	ENSP00000359655	ENSP00000251337	0.628	True	False	23.1	73.0	True	True	BOTH_EXPRESSED
BEST1	CNGA1	ENSP00000399709	ENSP00000384264	0.628	True	True	6.2	244.8	True	True	BOTH_EXPRESSED
CEP162	HAUS6	ENSP00000385215	ENSP00000369871	0.628	True	False	2.6	8.4	True	True	BOTH_EXPRESSED
LRAT	ABCA4	ENSP00000337224	ENSP00000359245	0.628	True	False	0.9	328.7	True	True	BOTH_EXPRESSED
SLC24A1	CNGB3	ENSP00000261892	ENSP00000316605	0.627	True	False	179.2	11.6	True	True	BOTH_EXPRESSED
CNGB1	KLHL7	ENSP00000251102	ENSP00000343273	0.627	True	True	557.0	13.9	True	True	BOTH_EXPRESSED
USH2A	TULP1	ENSP00000305941	ENSP00000229771	0.627	True	True	17.8	194.3	True	True	BOTH_EXPRESSED
SPATA7	FAM161A	ENSP00000377176	ENSP00000385158	0.627	True	True	9.4	26.9	True	True	BOTH_EXPRESSED
AIPL1	RGS9BP	ENSP00000370521	ENSP00000334134	0.627	True	False	775.1	16.1	True	True	BOTH_EXPRESSED
MERTK	RLBP1	ENSP00000295408	ENSP00000268125	0.627	True	True	15.4	246.4	True	True	BOTH_EXPRESSED
PRPF8	HNRNPU	ENSP00000460348	ENSP00000491215	0.627	True	False	76.4	118.0	True	True	BOTH_EXPRESSED
SAG	PTH1R	ENSP00000386444	ENSP00000402723	0.627	True	False	1359.9	0.6	True	True	BOTH_EXPRESSED
BBS1	IFT43	ENSP00000317469	ENSP00000238628	0.627	True	False	19.9	23.2	True	True	BOTH_EXPRESSED
OFD1	GLI1	ENSP00000344314	ENSP00000228682	0.627	True	False	2.3	0.0	True	True	BELOW_THRESHOLD
DHDDS	CERKL	ENSP00000353104	ENSP00000341159	0.627	True	True	30.3	19.5	True	True	BOTH_EXPRESSED
CREB3	HIF3A	ENSP00000342136	ENSP00000366898	0.627	True	False	21.7	9.1	True	True	BOTH_EXPRESSED
DHDDS	PARS2	ENSP00000353104	ENSP00000360327	0.627	True	False	30.3	1.8	True	True	BOTH_EXPRESSED
OFD1	CEP295	ENSP00000344314	ENSP00000316681	0.627	True	False	2.3	13.6	True	True	BOTH_EXPRESSED
IDH3A	MRPS36	ENSP00000299518	ENSP00000256441	0.627	True	False	23.8	17.5	True	True	BOTH_EXPRESSED
ZNF408	MFSD5	ENSP00000309606	ENSP00000442688	0.627	True	False	1.2	25.0	True	True	BOTH_EXPRESSED
NR2E3	PIAS3	ENSP00000482504	ENSP00000376765	0.627	True	False	121.9	9.0	True	True	BOTH_EXPRESSED
PDE6A	SEMA4A	ENSP00000255266	ENSP00000357265	0.627	True	False	1001.0	1.8	True	True	BOTH_EXPRESSED
POMGNT1	SGCD	ENSP00000361060	ENSP00000338343	0.627	True	False	10.1	1.5	True	True	BOTH_EXPRESSED
BBS1	KIF11	ENSP00000317469	ENSP00000260731	0.627	True	False	19.9	0.7	True	True	BOTH_EXPRESSED
RPGR	CCDC103	ENSP00000495537	ENSP00000391692	0.627	True	False	11.2	3.8	True	True	BOTH_EXPRESSED
USH2A	PDE6A	ENSP00000305941	ENSP00000255266	0.626	True	True	17.8	1001.0	True	True	BOTH_EXPRESSED
OFD1	CEP89	ENSP00000344314	ENSP00000306105	0.626	True	False	2.3	6.8	True	True	BOTH_EXPRESSED
PDSS1	COQ10B	ENSP00000365388	ENSP00000263960	0.626	True	False	1.7	17.4	True	True	BOTH_EXPRESSED
COQ8B	NPHS2	ENSP00000315118	ENSP00000356587	0.626	True	False	1.2	0.0	True	True	BELOW_THRESHOLD
RHO	POMC	ENSP00000296271	ENSP00000384092	0.626	True	False	3767.6	0.2	True	True	BOTH_EXPRESSED
RDH12	SORD	ENSP00000449079	ENSP00000267814	0.626	True	False	206.6	4.4	True	True	BOTH_EXPRESSED
OFD1	CEP63	ENSP00000344314	ENSP00000336524	0.626	True	False	2.3	15.5	True	True	BOTH_EXPRESSED
OFD1	TMEM231	ENSP00000344314	ENSP00000258173	0.626	True	False	2.3	3.6	True	True	BOTH_EXPRESSED
PDE6B	GNAO1	ENSP00000420295	ENSP00000262494	0.626	True	False	357.2	48.0	True	True	BOTH_EXPRESSED
CDHR1	RIMS1	ENSP00000485478	ENSP00000428417	0.626	True	False	291.2	6.8	True	True	BOTH_EXPRESSED
CEP250	CEP170	ENSP00000380661	ENSP00000355500	0.626	True	False	9.2	10.1	True	True	BOTH_EXPRESSED
RP2	NME3	ENSP00000218340	ENSP00000219302	0.626	True	False	3.9	2.6	True	True	BOTH_EXPRESSED
CEP250	PDZD7	ENSP00000380661	ENSP00000480489	0.626	True	False	9.2	2.1	True	True	BOTH_EXPRESSED
FAM161A	CCT6A	ENSP00000385158	ENSP00000275603	0.626	True	False	26.9	44.2	True	True	BOTH_EXPRESSED
PRPF3	MERTK	ENSP00000315379	ENSP00000295408	0.626	True	True	40.3	15.4	True	True	BOTH_EXPRESSED
BBS2	IFT20	ENSP00000245157	ENSP00000464443	0.626	True	False	12.0	24.7	True	True	BOTH_EXPRESSED
AGBL5	CGAS	ENSP00000353249	ENSP00000359339	0.626	True	False	15.1	0.2	True	True	BOTH_EXPRESSED
SNRNP200	RPE65	ENSP00000317123	ENSP00000262340	0.625	True	True	62.7	7.8	True	True	BOTH_EXPRESSED
GUCY2D	RHO	ENSP00000254854	ENSP00000296271	0.625	True	True	31.7	3767.6	True	True	BOTH_EXPRESSED
OFD1	MIB1	ENSP00000344314	ENSP00000261537	0.625	True	False	2.3	7.6	True	True	BOTH_EXPRESSED
OFD1	NEDD1	ENSP00000344314	ENSP00000451211	0.625	True	False	2.3	6.6	True	True	BOTH_EXPRESSED
KLHL7	RPGR	ENSP00000343273	ENSP00000495537	0.625	True	True	13.9	11.2	True	True	BOTH_EXPRESSED
TTC8	TOPORS	ENSP00000482306	ENSP00000353735	0.625	True	True	34.7	10.6	True	True	BOTH_EXPRESSED
CLN3	ATP13A2	ENSP00000454229	ENSP00000327214	0.625	True	False	3.0	21.2	True	True	BOTH_EXPRESSED
CLN3	ECPAS	ENSP00000454229	ENSP00000259335	0.625	True	False	3.0	24.6	True	True	BOTH_EXPRESSED
RHO	ALMS1	ENSP00000296271	ENSP00000482968	0.625	True	False	3767.6	8.1	True	True	BOTH_EXPRESSED
IDH3G	LDHD	ENSP00000217901	ENSP00000300051	0.625	True	False	22.7	1.2	True	True	BOTH_EXPRESSED
RHO	HTR2B	ENSP00000296271	ENSP00000258400	0.625	True	False	3767.6	0.2	True	True	BOTH_EXPRESSED
TOPORS	RNF4	ENSP00000353735	ENSP00000426503	0.625	True	False	10.6	22.2	True	True	BOTH_EXPRESSED
IFT140	KIF3A	ENSP00000406012	ENSP00000385808	0.625	True	False	5.9	31.3	True	True	BOTH_EXPRESSED
NRL	RCVRN	ENSP00000454062	ENSP00000226193	0.625	True	False	294.2	430.9	True	True	BOTH_EXPRESSED
PDE6B	ZNF740	ENSP00000420295	ENSP00000409463	0.624	True	False	357.2	5.2	True	True	BOTH_EXPRESSED
COQ5	ETFDH	ENSP00000288532	ENSP00000426638	0.624	True	False	24.3	7.1	True	True	BOTH_EXPRESSED
ARL3	MRPL27	ENSP00000260746	ENSP00000225969	0.624	True	False	89.3	30.5	True	True	BOTH_EXPRESSED
INPP5E	CEP164	ENSP00000360777	ENSP00000278935	0.624	True	False	6.9	24.1	True	True	BOTH_EXPRESSED
PRPH2	CEP290	ENSP00000230381	ENSP00000448012	0.624	True	False	594.9	6.6	True	True	BOTH_EXPRESSED
CNGA1	PROM1	ENSP00000384264	ENSP00000426809	0.624	True	False	244.8	252.8	True	True	BOTH_EXPRESSED
IFT172	TTC21A	ENSP00000260570	ENSP00000398211	0.624	True	False	5.3	0.9	True	True	BOTH_EXPRESSED
RCBTB1	PHF11	ENSP00000367552	ENSP00000367570	0.624	True	False	45.9	8.5	True	True	BOTH_EXPRESSED
SNRNP200	DDX17	ENSP00000317123	ENSP00000380033	0.624	True	False	62.7	316.8	True	True	BOTH_EXPRESSED
RCBTB1	NUDCD1	ENSP00000367552	ENSP00000239690	0.624	True	False	45.9	3.4	True	True	BOTH_EXPRESSED
IDH3G	NNT	ENSP00000217901	ENSP00000264663	0.624	True	False	22.7	11.9	True	True	BOTH_EXPRESSED
PRPF31	NOP56	ENSP00000324122	ENSP00000370589	0.624	True	False	7.6	19.5	True	True	BOTH_EXPRESSED
RP2	NME6	ENSP00000218340	ENSP00000416658	0.623	True	False	3.9	7.1	True	True	BOTH_EXPRESSED
SLC24A1	SLC8A1	ENSP00000261892	ENSP00000384763	0.623	True	False	179.2	10.0	True	True	BOTH_EXPRESSED
MERTK	MRC1	ENSP00000295408	ENSP00000455897	0.623	True	False	15.4	0.1	True	True	BOTH_EXPRESSED
BBS1	KIF3A	ENSP00000317469	ENSP00000385808	0.623	True	False	19.9	31.3	True	True	BOTH_EXPRESSED
BEST1	IMPG1	ENSP00000399709	ENSP00000358966	0.623	True	True	6.2	621.3	True	True	BOTH_EXPRESSED
CRX	OPN1MW	ENSP00000221996	ENSP00000472316	0.623	True	False	202.2	12.6	True	True	BOTH_EXPRESSED
COQ2	CYC1	ENSP00000310873	ENSP00000317159	0.623	True	False	3.7	39.0	True	True	BOTH_EXPRESSED
PRPF8	RPL11	ENSP00000460348	ENSP00000496250	0.623	True	False	76.4	358.8	True	True	BOTH_EXPRESSED
PRPF6	M0R3G1_HUMAN	ENSP00000266079	ENSP00000473200	0.623	True	False	33.8		True	False	UNKNOWN
BBS1	TTC21B	ENSP00000317469	ENSP00000243344	0.623	True	False	19.9	6.9	True	True	BOTH_EXPRESSED
PRPF8	RUVBL1	ENSP00000460348	ENSP00000318297	0.623	True	False	76.4	7.0	True	True	BOTH_EXPRESSED
PRPF6	NAA38	ENSP00000266079	ENSP00000332103	0.623	True	False	33.8	30.2	True	True	BOTH_EXPRESSED
PRPF6	SPACA6	ENSP00000266079	ENSP00000490829	0.623	True	False	33.8	0.1	True	True	BOTH_EXPRESSED
PRPF6	TMIGD2	ENSP00000266079	ENSP00000301272	0.623	True	False	33.8	0.1	True	True	BOTH_EXPRESSED
USH2A	CNGB1	ENSP00000305941	ENSP00000251102	0.623	True	True	17.8	557.0	True	True	BOTH_EXPRESSED
RHO	RAB11FIP3	ENSP00000296271	ENSP00000262305	0.623	True	False	3767.6	3.8	True	True	BOTH_EXPRESSED
RPE65	TJP1	ENSP00000262340	ENSP00000348416	0.623	True	False	7.8	9.3	True	True	BOTH_EXPRESSED
DHX38	M0R3G1_HUMAN	ENSP00000268482	ENSP00000473200	0.623	True	False	12.3		True	False	UNKNOWN
NR2E3	AIPL1	ENSP00000482504	ENSP00000370521	0.622	True	True	121.9	775.1	True	True	BOTH_EXPRESSED
NR2E3	CNGB3	ENSP00000482504	ENSP00000316605	0.622	True	False	121.9	11.6	True	True	BOTH_EXPRESSED
AIPL1	RPGR	ENSP00000370521	ENSP00000495537	0.622	True	True	775.1	11.2	True	True	BOTH_EXPRESSED
AIPL1	PROM1	ENSP00000370521	ENSP00000426809	0.622	True	False	775.1	252.8	True	True	BOTH_EXPRESSED
KLHL7	TTC8	ENSP00000343273	ENSP00000482306	0.622	True	True	13.9	34.7	True	True	BOTH_EXPRESSED
POMGNT1	TCAP	ENSP00000361060	ENSP00000312624	0.622	True	False	10.1	1.0	True	True	BOTH_EXPRESSED
ARL6	ARL6IP1	ENSP00000419619	ENSP00000306788	0.622	True	False	35.2	292.6	True	True	BOTH_EXPRESSED
PRPH2	ZNF513	ENSP00000230381	ENSP00000318373	0.622	True	False	594.9	4.4	True	True	BOTH_EXPRESSED
HGSNAT	IDUA	ENSP00000368965	ENSP00000247933	0.622	True	False	12.6	1.7	True	True	BOTH_EXPRESSED
OFD1	WNT11	ENSP00000344314	ENSP00000325526	0.622	True	False	2.3	0.2	True	True	BOTH_EXPRESSED
PRPF8	DHX30	ENSP00000460348	ENSP00000405620	0.622	True	False	76.4	11.8	True	True	BOTH_EXPRESSED
NR2E3	PITPNM1	ENSP00000482504	ENSP00000348772	0.622	True	False	121.9	37.8	True	True	BOTH_EXPRESSED
CREB3	IFI35	ENSP00000342136	ENSP00000395590	0.622	True	False	21.7	1.4	True	True	BOTH_EXPRESSED
CNGB1	SEMA4A	ENSP00000251102	ENSP00000357265	0.622	True	False	557.0	1.8	True	True	BOTH_EXPRESSED
PRPH2	SPATA7	ENSP00000230381	ENSP00000377176	0.621	True	True	594.9	9.4	True	True	BOTH_EXPRESSED
IMPDH1	TTC8	ENSP00000345096	ENSP00000482306	0.621	True	True	98.6	34.7	True	True	BOTH_EXPRESSED
RLBP1	OTX2	ENSP00000268125	ENSP00000500595	0.621	True	False	246.4	259.6	True	True	BOTH_EXPRESSED
IFT140	INTU	ENSP00000406012	ENSP00000334003	0.621	True	False	5.9	12.2	True	True	BOTH_EXPRESSED
SPATA7	FSCN2	ENSP00000377176	ENSP00000334665	0.621	True	False	9.4	8.1	True	True	BOTH_EXPRESSED
SLC24A1	GNAT1	ENSP00000261892	ENSP00000232461	0.621	True	True	179.2	1040.7	True	True	BOTH_EXPRESSED
COQ5	ADCK1	ENSP00000288532	ENSP00000238561	0.621	True	False	24.3	3.5	True	True	BOTH_EXPRESSED
PRPF8	HCFC1	ENSP00000460348	ENSP00000309555	0.621	True	False	76.4	6.7	True	True	BOTH_EXPRESSED
RP2	NME5	ENSP00000218340	ENSP00000265191	0.621	True	False	3.9	11.9	True	True	BOTH_EXPRESSED
INPP5E	INPP5A	ENSP00000360777	ENSP00000357583	0.621	True	False	6.9	15.7	True	True	BOTH_EXPRESSED
CLN3	CTNS	ENSP00000454229	ENSP00000371294	0.621	True	False	3.0	6.3	True	True	BOTH_EXPRESSED
PDE6A	GNB5	ENSP00000255266	ENSP00000261837	0.621	True	False	1001.0	111.3	True	True	BOTH_EXPRESSED
OFD1	TCTN2	ENSP00000344314	ENSP00000304941	0.621	True	False	2.3	16.3	True	True	BOTH_EXPRESSED
PRPF4	CD2BP2	ENSP00000363313	ENSP00000304903	0.621	True	False	12.1	15.0	True	True	BOTH_EXPRESSED
CREB3	POU2F1	ENSP00000342136	ENSP00000356840	0.62	True	False	21.7	12.0	True	True	BOTH_EXPRESSED
AIPL1	NMNAT1	ENSP00000370521	ENSP00000366410	0.62	True	False	775.1	4.8	True	True	BOTH_EXPRESSED
PCARE	MERTK	ENSP00000332809	ENSP00000295408	0.62	True	True	26.4	15.4	True	True	BOTH_EXPRESSED
SLC4A7	LGALS9C	ENSP00000390394	ENSP00000329932	0.62	True	False	67.5	0.0	True	True	BELOW_THRESHOLD
IMPDH1	NUDCD1	ENSP00000345096	ENSP00000239690	0.62	True	False	98.6	3.4	True	True	BOTH_EXPRESSED
FAM161A	CCT6B	ENSP00000385158	ENSP00000327191	0.62	True	False	26.9	2.1	True	True	BOTH_EXPRESSED
NR2E3	RLBP1	ENSP00000482504	ENSP00000268125	0.62	True	True	121.9	246.4	True	True	BOTH_EXPRESSED
RPGR	TTLL5	ENSP00000495537	ENSP00000298832	0.62	True	False	11.2	22.2	True	True	BOTH_EXPRESSED
CRX	NR1D1	ENSP00000221996	ENSP00000246672	0.62	True	False	202.2	46.8	True	True	BOTH_EXPRESSED
RHO	PAX6	ENSP00000296271	ENSP00000492024	0.62	True	False	3767.6	63.9	True	True	BOTH_EXPRESSED
SNRNP200	GCN1	ENSP00000317123	ENSP00000300648	0.62	True	False	62.7	8.2	True	True	BOTH_EXPRESSED
RBP3	CLU	ENSP00000463151	ENSP00000315130	0.62	True	False	504.0	3033.7	True	True	BOTH_EXPRESSED
TTC8	IFT172	ENSP00000482306	ENSP00000260570	0.619	True	True	34.7	5.3	True	True	BOTH_EXPRESSED
MERTK	ADGRB1	ENSP00000295408	ENSP00000430945	0.619	True	False	15.4	1.5	True	True	BOTH_EXPRESSED
MERTK	RP9	ENSP00000295408	ENSP00000297157	0.619	True	False	15.4	14.0	True	True	BOTH_EXPRESSED
REEP6	SNX15	ENSP00000233596	ENSP00000366452	0.619	True	False	87.4	5.4	True	True	BOTH_EXPRESSED
SNRNP200	HNRNPM	ENSP00000317123	ENSP00000325376	0.619	True	False	62.7	118.2	True	True	BOTH_EXPRESSED
OFD1	TMEM237	ENSP00000344314	ENSP00000386264	0.619	True	False	2.3	71.7	True	True	BOTH_EXPRESSED
RPGR	POC1B	ENSP00000495537	ENSP00000323302	0.619	True	False	11.2	5.1	True	True	BOTH_EXPRESSED
HK1	HIF1A	ENSP00000494664	ENSP00000437955	0.619	True	False	141.7	32.9	True	True	BOTH_EXPRESSED
PRPH2	CTBP1	ENSP00000230381	ENSP00000290921	0.619	True	False	594.9	26.4	True	True	BOTH_EXPRESSED
OFD1	C8orf37	ENSP00000344314	ENSP00000286688	0.619	True	False	2.3		True	False	UNKNOWN
PDE6B	VSX1	ENSP00000420295	ENSP00000365899	0.619	True	False	357.2	32.9	True	True	BOTH_EXPRESSED
IDH3G	NDUFV1	ENSP00000217901	ENSP00000497587	0.619	True	False	22.7	75.6	True	True	BOTH_EXPRESSED
SNRNP200	PPP1R8	ENSP00000317123	ENSP00000311677	0.619	True	False	62.7	26.0	True	True	BOTH_EXPRESSED
PRPF8	WDR92	ENSP00000460348	ENSP00000295121	0.619	True	False	76.4		True	False	UNKNOWN
IMPDH1	IMPA1	ENSP00000345096	ENSP00000408526	0.619	True	False	98.6	16.8	True	True	BOTH_EXPRESSED
IDH3G	PDHA1	ENSP00000217901	ENSP00000369134	0.619	True	False	22.7	20.2	True	True	BOTH_EXPRESSED
SNRNP200	VIRMA	ENSP00000317123	ENSP00000297591	0.619	True	False	62.7	11.4	True	True	BOTH_EXPRESSED
PRPF8	SYNCRIP	ENSP00000460348	ENSP00000358635	0.618	True	False	76.4	22.4	True	True	BOTH_EXPRESSED
IDH3G	PPP1R12A	ENSP00000217901	ENSP00000389168	0.618	True	False	22.7	13.6	True	True	BOTH_EXPRESSED
DHX38	SEC63	ENSP00000268482	ENSP00000357998	0.618	True	False	12.3	19.6	True	True	BOTH_EXPRESSED
USH2A	LRP1B	ENSP00000305941	ENSP00000374135	0.618	True	False	17.8	2.4	True	True	BOTH_EXPRESSED
CERKL	LCA5	ENSP00000341159	ENSP00000376686	0.618	True	False	19.5	12.7	True	True	BOTH_EXPRESSED
PRPF6	GPKOW	ENSP00000266079	ENSP00000156109	0.618	True	False	33.8	11.1	True	True	BOTH_EXPRESSED
SNRNP200	DDX41	ENSP00000317123	ENSP00000330349	0.618	True	False	62.7	13.6	True	True	BOTH_EXPRESSED
NR2E3	NCOR1	ENSP00000482504	ENSP00000268712	0.618	True	False	121.9	31.8	True	True	BOTH_EXPRESSED
DHDDS	GUCA1B	ENSP00000353104	ENSP00000230361	0.618	True	False	30.3	432.4	True	True	BOTH_EXPRESSED
MERTK	PRPF31	ENSP00000295408	ENSP00000324122	0.618	True	True	15.4	7.6	True	True	BOTH_EXPRESSED
SAG	GNAQ	ENSP00000386444	ENSP00000286548	0.618	True	False	1359.9	9.6	True	True	BOTH_EXPRESSED
IDH3A	COX5A	ENSP00000299518	ENSP00000317780	0.618	True	False	23.8	179.7	True	True	BOTH_EXPRESSED
KIAA1549	RNF130	ENSP00000416040	ENSP00000430237	0.618	True	False	5.3	13.2	True	True	BOTH_EXPRESSED
CRX	SP4	ENSP00000221996	ENSP00000222584	0.618	True	False	202.2	8.3	True	True	BOTH_EXPRESSED
BBS2	IQCB1	ENSP00000245157	ENSP00000311505	0.617	True	False	12.0	17.5	True	True	BOTH_EXPRESSED
PRPF3	GNAT2	ENSP00000315379	ENSP00000251337	0.617	True	False	40.3	73.0	True	True	BOTH_EXPRESSED
USH2A	PRPH2	ENSP00000305941	ENSP00000230381	0.617	True	True	17.8	594.9	True	True	BOTH_EXPRESSED
BCOR	HDAC1	ENSP00000367705	ENSP00000362649	0.617	True	False	13.1	17.6	True	True	BOTH_EXPRESSED
IDH3B	ABCA4	ENSP00000482773	ENSP00000359245	0.617	True	False	42.7	328.7	True	True	BOTH_EXPRESSED
RPE65	PAX6	ENSP00000262340	ENSP00000492024	0.617	True	False	7.8	63.9	True	True	BOTH_EXPRESSED
IDH3B	SDHC	ENSP00000482773	ENSP00000356953	0.617	True	False	42.7	78.1	True	True	BOTH_EXPRESSED
FAM161A	TTC8	ENSP00000385158	ENSP00000482306	0.617	True	True	26.9	34.7	True	True	BOTH_EXPRESSED
PDSS1	NDUFAF6	ENSP00000365388	ENSP00000379430	0.616	True	False	1.7	3.7	True	True	BOTH_EXPRESSED
IFT172	CORO1A	ENSP00000260570	ENSP00000219150	0.616	True	False	5.3	0.8	True	True	BOTH_EXPRESSED
NR2E3	OPN1SW	ENSP00000482504	ENSP00000249389	0.616	True	False	121.9	38.0	True	True	BOTH_EXPRESSED
DHX38	SNRPC	ENSP00000268482	ENSP00000244520	0.616	True	False	12.3	36.8	True	True	BOTH_EXPRESSED
SNRNP200	NRL	ENSP00000317123	ENSP00000454062	0.616	True	True	62.7	294.2	True	True	BOTH_EXPRESSED
FAM161A	RPGR	ENSP00000385158	ENSP00000495537	0.616	True	True	26.9	11.2	True	True	BOTH_EXPRESSED
FLVCR1	STEAP3	ENSP00000355938	ENSP00000376822	0.616	True	False	6.3	0.6	True	True	BOTH_EXPRESSED
PRPF4	AAR2	ENSP00000363313	ENSP00000363043	0.616	True	False	12.1	6.9	True	True	BOTH_EXPRESSED
MERTK	CALR	ENSP00000295408	ENSP00000320866	0.616	True	False	15.4	89.3	True	True	BOTH_EXPRESSED
BBS1	MKKS	ENSP00000317469	ENSP00000246062	0.616	True	False	19.9	21.1	True	True	BOTH_EXPRESSED
BBS1	ZCWPW1	ENSP00000317469	ENSP00000381109	0.616	True	False	19.9	2.9	True	True	BOTH_EXPRESSED
PDSS1	DHODH	ENSP00000365388	ENSP00000219240	0.616	True	False	1.7	2.9	True	True	BOTH_EXPRESSED
TOPORS	SPIN2B	ENSP00000353735	ENSP00000335008	0.616	True	False	10.6	7.2	True	True	BOTH_EXPRESSED
PRPF8	TRIM28	ENSP00000460348	ENSP00000253024	0.616	True	False	76.4	36.6	True	True	BOTH_EXPRESSED
IFT172	PKD2	ENSP00000260570	ENSP00000237596	0.615	True	False	5.3	12.9	True	True	BOTH_EXPRESSED
IDH3B	NRL	ENSP00000482773	ENSP00000454062	0.615	True	True	42.7	294.2	True	True	BOTH_EXPRESSED
RPE65	SDR9C7	ENSP00000262340	ENSP00000293502	0.615	True	False	7.8	0.1	True	True	BOTH_EXPRESSED
ARL3	MRPS16	ENSP00000260746	ENSP00000362036	0.615	True	False	89.3	7.7	True	True	BOTH_EXPRESSED
SPATA7	RPGRIP1L	ENSP00000377176	ENSP00000493946	0.615	True	False	9.4	2.6	True	True	BOTH_EXPRESSED
TTC8	NR2E3	ENSP00000482306	ENSP00000482504	0.615	True	True	34.7	121.9	True	True	BOTH_EXPRESSED
PRPF4	M0R3G1_HUMAN	ENSP00000363313	ENSP00000473200	0.615	True	False	12.1		True	False	UNKNOWN
SLC24A1	GRK7	ENSP00000261892	ENSP00000264952	0.615	True	False	179.2	10.4	True	True	BOTH_EXPRESSED
IDH3B	SDHD	ENSP00000482773	ENSP00000364699	0.615	True	False	42.7	34.6	True	True	BOTH_EXPRESSED
CERKL	EIF3I	ENSP00000341159	ENSP00000362688	0.615	True	False	19.5	49.7	True	True	BOTH_EXPRESSED
COQ5	ADCK5	ENSP00000288532	ENSP00000310547	0.615	True	False	24.3	0.4	True	True	BOTH_EXPRESSED
TOPORS	IKBKE	ENSP00000353735	ENSP00000464030	0.615	True	False	10.6	0.1	True	True	BOTH_EXPRESSED
DYNC2H1	GLI1	ENSP00000497174	ENSP00000228682	0.615	True	False	9.5	0.0	True	True	BELOW_THRESHOLD
CNGB1	GNAL	ENSP00000251102	ENSP00000334051	0.615	True	False	557.0	3.8	True	True	BOTH_EXPRESSED
PDE6A	CA4	ENSP00000255266	ENSP00000300900	0.614	True	False	1001.0	0.0	True	True	BELOW_THRESHOLD
BBS2	AHI1	ENSP00000245157	ENSP00000265602	0.614	True	True	12.0	25.2	True	True	BOTH_EXPRESSED
RPGR	ROM1	ENSP00000495537	ENSP00000278833	0.614	True	False	11.2	1101.4	True	True	BOTH_EXPRESSED
PRPF8	ZRSR2	ENSP00000460348	ENSP00000303015	0.614	True	False	76.4	16.0	True	True	BOTH_EXPRESSED
PRPF8	XRCC6	ENSP00000460348	ENSP00000352257	0.614	True	False	76.4	107.5	True	True	BOTH_EXPRESSED
PRPF8	TPR	ENSP00000460348	ENSP00000356448	0.614	True	False	76.4	18.4	True	True	BOTH_EXPRESSED
COQ8B	NDUFA9	ENSP00000315118	ENSP00000266544	0.614	True	False	1.2	18.6	True	True	BOTH_EXPRESSED
BBS2	C8orf37	ENSP00000245157	ENSP00000286688	0.614	True	False	12.0		True	False	UNKNOWN
TOPORS	SENP7	ENSP00000353735	ENSP00000377655	0.614	True	False	10.6	24.0	True	True	BOTH_EXPRESSED
RHO	RRH	ENSP00000296271	ENSP00000314992	0.614	True	False	3767.6	70.0	True	True	BOTH_EXPRESSED
IMPDH1	SLC25A44	ENSP00000345096	ENSP00000407560	0.614	True	False	98.6	17.0	True	True	BOTH_EXPRESSED
IDH3G	BCAP31	ENSP00000217901	ENSP00000392330	0.614	True	False	22.7	59.3	True	True	BOTH_EXPRESSED
PDE6B	FSCN2	ENSP00000420295	ENSP00000334665	0.614	True	False	357.2	8.1	True	True	BOTH_EXPRESSED
PDE6B	PDE6D	ENSP00000420295	ENSP00000287600	0.614	True	False	357.2	64.5	True	True	BOTH_EXPRESSED
PRPF8	DHX33	ENSP00000460348	ENSP00000225296	0.614	True	False	76.4	5.9	True	True	BOTH_EXPRESSED
FLVCR1	FECH	ENSP00000355938	ENSP00000498358	0.614	True	False	6.3	3.1	True	True	BOTH_EXPRESSED
CNGB1	RCVRN	ENSP00000251102	ENSP00000226193	0.614	True	False	557.0	430.9	True	True	BOTH_EXPRESSED
MERTK	ZNF513	ENSP00000295408	ENSP00000318373	0.614	True	False	15.4	4.4	True	True	BOTH_EXPRESSED
ARL3	MRPL23	ENSP00000260746	ENSP00000380466	0.614	True	False	89.3	6.5	True	True	BOTH_EXPRESSED
SLC24A1	GNAT2	ENSP00000261892	ENSP00000251337	0.614	True	False	179.2	73.0	True	True	BOTH_EXPRESSED
IDH3G	SLC25A4	ENSP00000217901	ENSP00000281456	0.614	True	False	22.7	18.4	True	True	BOTH_EXPRESSED
GUCY2D	GUF1	ENSP00000254854	ENSP00000281543	0.614	True	False	31.7	6.2	True	True	BOTH_EXPRESSED
KIAA1549	FXR1	ENSP00000416040	ENSP00000350170	0.614	True	False	5.3	39.6	True	True	BOTH_EXPRESSED
GNAT1	GLYATL1	ENSP00000232461	ENSP00000300079	0.613	True	False	1040.7	0.2	True	True	BOTH_EXPRESSED
GNAT1	GNAL	ENSP00000232461	ENSP00000334051	0.613	True	False	1040.7	3.8	True	True	BOTH_EXPRESSED
BBS1	C8orf37	ENSP00000317469	ENSP00000286688	0.613	True	False	19.9		True	False	UNKNOWN
CC2D2A	RAB11A	ENSP00000403465	ENSP00000261890	0.613	True	False	78.4	91.7	True	True	BOTH_EXPRESSED
MERTK	ELMO1	ENSP00000295408	ENSP00000312185	0.613	True	False	15.4	12.0	True	True	BOTH_EXPRESSED
RAX2	ADAM9	ENSP00000450456	ENSP00000419446	0.613	True	False	59.9	17.2	True	True	BOTH_EXPRESSED
OFD1	CEP85	ENSP00000344314	ENSP00000252992	0.613	True	False	2.3	13.1	True	True	BOTH_EXPRESSED
MERTK	TREM2	ENSP00000295408	ENSP00000362205	0.613	True	False	15.4	1.8	True	True	BOTH_EXPRESSED
CEP250	CEP350	ENSP00000380661	ENSP00000356579	0.613	True	False	9.2	4.2	True	True	BOTH_EXPRESSED
USH2A	FAM161A	ENSP00000305941	ENSP00000385158	0.613	True	True	17.8	26.9	True	True	BOTH_EXPRESSED
GUCA1A	SAG	ENSP00000053469	ENSP00000386444	0.613	True	True	703.2	1359.9	True	True	BOTH_EXPRESSED
IMPDH1	FH	ENSP00000345096	ENSP00000355518	0.613	True	False	98.6	50.0	True	True	BOTH_EXPRESSED
EYS	PDE6C	ENSP00000359655	ENSP00000360502	0.613	True	False	23.1	21.4	True	True	BOTH_EXPRESSED
IDH3G	SLC25A6	ENSP00000217901	ENSP00000370808	0.613	True	False	22.7	100.6	True	True	BOTH_EXPRESSED
CEP250	CEP290	ENSP00000380661	ENSP00000448012	0.613	True	False	9.2	6.6	True	True	BOTH_EXPRESSED
BBS1	ZCWPW2	ENSP00000317469	ENSP00000373278	0.613	True	False	19.9	1.5	True	True	BOTH_EXPRESSED
IDH3B	BEST1	ENSP00000482773	ENSP00000399709	0.612	True	True	42.7	6.2	True	True	BOTH_EXPRESSED
IDH3B	PDHX	ENSP00000482773	ENSP00000227868	0.612	True	False	42.7	25.1	True	True	BOTH_EXPRESSED
GNAT1	HRAS	ENSP00000232461	ENSP00000407586	0.612	True	False	1040.7	9.2	True	True	BOTH_EXPRESSED
MERTK	ITGAM	ENSP00000295408	ENSP00000496959	0.612	True	False	15.4	0.2	True	True	BOTH_EXPRESSED
CEP250	PLK4	ENSP00000380661	ENSP00000270861	0.612	True	False	9.2	1.9	True	True	BOTH_EXPRESSED
SAG	GUCA1A-2	ENSP00000386444	ENSP00000362049	0.612	True	False	1359.9		True	False	UNKNOWN
PDE6A	RPGRIP1	ENSP00000255266	ENSP00000382895	0.612	True	False	1001.0	171.2	True	True	BOTH_EXPRESSED
CLN3	COX15	ENSP00000454229	ENSP00000016171	0.612	True	False	3.0	14.2	True	True	BOTH_EXPRESSED
OFD1	NPHP3	ENSP00000344314	ENSP00000338766	0.612	True	False	2.3	2.9	True	True	BOTH_EXPRESSED
TMEM216	TMEM218	ENSP00000334844	ENSP00000436596	0.612	True	False	10.8	6.6	True	True	BOTH_EXPRESSED
RLBP1	ABCA4	ENSP00000268125	ENSP00000359245	0.612	True	False	246.4	328.7	True	True	BOTH_EXPRESSED
PCARE	USH2A	ENSP00000332809	ENSP00000305941	0.612	True	True	26.4	17.8	True	True	BOTH_EXPRESSED
PCARE	CLRN1	ENSP00000332809	ENSP00000329158	0.612	True	True	26.4	11.8	True	True	BOTH_EXPRESSED
SNRNP200	RBMX	ENSP00000317123	ENSP00000359645	0.612	True	False	62.7	75.9	True	True	BOTH_EXPRESSED
USH2A	PDE6B	ENSP00000305941	ENSP00000420295	0.612	True	True	17.8	357.2	True	True	BOTH_EXPRESSED
RPE65	ARR3	ENSP00000262340	ENSP00000311538	0.612	True	False	7.8	357.5	True	True	BOTH_EXPRESSED
RPE65	OTX2	ENSP00000262340	ENSP00000500595	0.612	True	False	7.8	259.6	True	True	BOTH_EXPRESSED
BCOR	ZBTB7A	ENSP00000367705	ENSP00000323670	0.611	True	False	13.1	7.5	True	True	BOTH_EXPRESSED
RPE65	SEMA4A	ENSP00000262340	ENSP00000357265	0.611	True	False	7.8	1.8	True	True	BOTH_EXPRESSED
MVK	DHDDS	ENSP00000228510	ENSP00000353104	0.611	True	True	3.2	30.3	True	True	BOTH_EXPRESSED
RLBP1	PAX6	ENSP00000268125	ENSP00000492024	0.611	True	False	246.4	63.9	True	True	BOTH_EXPRESSED
FLVCR1	ABCB6	ENSP00000355938	ENSP00000265316	0.611	True	False	6.3	2.8	True	True	BOTH_EXPRESSED
MERTK	IFNAR1	ENSP00000295408	ENSP00000270139	0.611	True	False	15.4	14.5	True	True	BOTH_EXPRESSED
PRPH2	CA4	ENSP00000230381	ENSP00000300900	0.611	True	False	594.9	0.0	True	True	BELOW_THRESHOLD
CLCC1	COX10	ENSP00000349456	ENSP00000261643	0.611	True	False	10.5	5.2	True	True	BOTH_EXPRESSED
OFD1	CROCC	ENSP00000344314	ENSP00000364691	0.611	True	False	2.3	10.6	True	True	BOTH_EXPRESSED
BEST1	GLUL	ENSP00000399709	ENSP00000307900	0.611	True	False	6.2	826.3	True	True	BOTH_EXPRESSED
IFT172	NEK4	ENSP00000260570	ENSP00000233027	0.611	True	False	5.3	15.6	True	True	BOTH_EXPRESSED
RCBTB1	NUDCD2	ENSP00000367552	ENSP00000304854	0.611	True	False	45.9	6.8	True	True	BOTH_EXPRESSED
OFD1	TCTN1	ENSP00000344314	ENSP00000380779	0.61	True	False	2.3	2.8	True	True	BOTH_EXPRESSED
OFD1	MKS1	ENSP00000344314	ENSP00000376827	0.61	True	False	2.3	6.1	True	True	BOTH_EXPRESSED
CC2D2A	IFT172	ENSP00000403465	ENSP00000260570	0.61	True	True	78.4	5.3	True	True	BOTH_EXPRESSED
IMPG2	MERTK	ENSP00000193391	ENSP00000295408	0.61	True	True	282.9	15.4	True	True	BOTH_EXPRESSED
RLBP1	PDE6A	ENSP00000268125	ENSP00000255266	0.61	True	True	246.4	1001.0	True	True	BOTH_EXPRESSED
DHX38	FAM32A	ENSP00000268482	ENSP00000263384	0.61	True	False	12.3	26.1	True	True	BOTH_EXPRESSED
IFT140	KIFAP3	ENSP00000406012	ENSP00000354560	0.61	True	False	5.9	52.2	True	True	BOTH_EXPRESSED
PRPF6	ZNF513	ENSP00000266079	ENSP00000318373	0.61	True	False	33.8	4.4	True	True	BOTH_EXPRESSED
DYNC2H1	PAFAH1B1	ENSP00000497174	ENSP00000380378	0.61	True	False	9.5	44.1	True	True	BOTH_EXPRESSED
RHO	PSIP1	ENSP00000296271	ENSP00000370114	0.61	True	False	3767.6	143.4	True	True	BOTH_EXPRESSED
PDE6B	MFRP	ENSP00000420295	ENSP00000481824	0.61	True	False	357.2	0.1	True	True	BOTH_EXPRESSED
PRPH2	GNGT2	ENSP00000230381	ENSP00000421710	0.61	True	False	594.9	145.5	True	True	BOTH_EXPRESSED
COQ2	TOMM40	ENSP00000310873	ENSP00000410339	0.61	True	False	3.7	16.7	True	True	BOTH_EXPRESSED
KIZ	PRDM1	ENSP00000479542	ENSP00000358092	0.61	True	False	18.7	1.2	True	True	BOTH_EXPRESSED
CREB3	ATF6	ENSP00000342136	ENSP00000356919	0.609	True	False	21.7	15.4	True	True	BOTH_EXPRESSED
DYNC2H1	SUFU	ENSP00000497174	ENSP00000358918	0.609	True	False	9.5	4.3	True	True	BOTH_EXPRESSED
BBS1	IFT74	ENSP00000317469	ENSP00000404122	0.609	True	False	19.9	13.6	True	True	BOTH_EXPRESSED
CLN3	SLC25A10	ENSP00000454229	ENSP00000446242	0.609	True	False	3.0	0.6	True	True	BOTH_EXPRESSED
IDH3B	BCKDK	ENSP00000482773	ENSP00000378405	0.609	True	False	42.7	5.9	True	True	BOTH_EXPRESSED
RBP3	LRAT	ENSP00000463151	ENSP00000337224	0.609	True	True	504.0	0.9	True	True	BOTH_EXPRESSED
CC2D2A	CEP97	ENSP00000403465	ENSP00000342510	0.609	True	False	78.4	2.7	True	True	BOTH_EXPRESSED
FAM161A	C8orf37	ENSP00000385158	ENSP00000286688	0.609	True	False	26.9		True	False	UNKNOWN
CEP250	SASS6	ENSP00000380661	ENSP00000287482	0.609	True	False	9.2	5.3	True	True	BOTH_EXPRESSED
SAG	ADRA2A	ENSP00000386444	ENSP00000280155	0.609	True	False	1359.9	0.0	True	True	BELOW_THRESHOLD
NR2E3	RD3	ENSP00000482504	ENSP00000355969	0.609	True	False	121.9	43.8	True	True	BOTH_EXPRESSED
PRPF3	COIL	ENSP00000315379	ENSP00000240316	0.609	True	False	40.3	11.7	True	True	BOTH_EXPRESSED
USH2A	TUBGCP4	ENSP00000305941	ENSP00000260383	0.609	True	False	17.8	10.3	True	True	BOTH_EXPRESSED
CEP250	CIB2	ENSP00000380661	ENSP00000258930	0.608	True	False	9.2	4.7	True	True	BOTH_EXPRESSED
COQ2	RUSC1	ENSP00000310873	ENSP00000357336	0.608	True	False	3.7	10.9	True	True	BOTH_EXPRESSED
BBS1	CLUAP1	ENSP00000317469	ENSP00000344392	0.608	True	False	19.9	26.7	True	True	BOTH_EXPRESSED
CLN3	NUP205	ENSP00000454229	ENSP00000285968	0.608	True	False	3.0	13.7	True	True	BOTH_EXPRESSED
BBS9	IFT74	ENSP00000242067	ENSP00000404122	0.608	True	False	20.3	13.6	True	True	BOTH_EXPRESSED
NR2E3	DHX30	ENSP00000482504	ENSP00000405620	0.608	True	False	121.9	11.8	True	True	BOTH_EXPRESSED
EYS	CEP290	ENSP00000359655	ENSP00000448012	0.608	True	False	23.1	6.6	True	True	BOTH_EXPRESSED
AHI1	RAB11A	ENSP00000265602	ENSP00000261890	0.608	True	False	25.2	91.7	True	True	BOTH_EXPRESSED
RHO	ADRB2	ENSP00000296271	ENSP00000305372	0.608	True	False	3767.6	0.5	True	True	BOTH_EXPRESSED
IDH3B	ATP5F1B	ENSP00000482773	ENSP00000262030	0.608	True	False	42.7	448.6	True	True	BOTH_EXPRESSED
GUCA1A	RGS9BP	ENSP00000053469	ENSP00000334134	0.607	True	False	703.2	16.1	True	True	BOTH_EXPRESSED
RHO	CNGB3	ENSP00000296271	ENSP00000316605	0.607	True	False	3767.6	11.6	True	True	BOTH_EXPRESSED
CRX	CABP4	ENSP00000221996	ENSP00000324960	0.607	True	False	202.2	63.1	True	True	BOTH_EXPRESSED
PRPH2	CNGA3	ENSP00000230381	ENSP00000272602	0.607	True	False	594.9	5.4	True	True	BOTH_EXPRESSED
BEST1	MITF	ENSP00000399709	ENSP00000391803	0.607	True	False	6.2	1.1	True	True	BOTH_EXPRESSED
KIAA1549	KRAS	ENSP00000416040	ENSP00000256078	0.607	True	False	5.3	16.2	True	True	BOTH_EXPRESSED
FAM161A	RPGRIP1	ENSP00000385158	ENSP00000382895	0.607	True	False	26.9	171.2	True	True	BOTH_EXPRESSED
USH2A	KCNQ4	ENSP00000305941	ENSP00000262916	0.607	True	False	17.8	0.3	True	True	BOTH_EXPRESSED
IDH3G	PDHX	ENSP00000217901	ENSP00000227868	0.607	True	False	22.7	25.1	True	True	BOTH_EXPRESSED
CEP250	PCARE	ENSP00000380661	ENSP00000332809	0.607	True	True	9.2	26.4	True	True	BOTH_EXPRESSED
IDH3G	VDAC1	ENSP00000217901	ENSP00000378487	0.607	True	False	22.7	292.7	True	True	BOTH_EXPRESSED
SNRNP200	ROM1	ENSP00000317123	ENSP00000278833	0.607	True	False	62.7	1101.4	True	True	BOTH_EXPRESSED
KIAA1549	FAM114A2	ENSP00000416040	ENSP00000341597	0.607	True	False	5.3	12.2	True	True	BOTH_EXPRESSED
BBS1	IFT57	ENSP00000317469	ENSP00000264538	0.607	True	False	19.9	22.2	True	True	BOTH_EXPRESSED
CC2D2A	SEPTIN2	ENSP00000403465	ENSP00000479861	0.607	True	False	78.4	105.6	True	True	BOTH_EXPRESSED
USH2A	RPGRIP1	ENSP00000305941	ENSP00000382895	0.607	True	False	17.8	171.2	True	True	BOTH_EXPRESSED
SAG	CRX	ENSP00000386444	ENSP00000221996	0.606	True	True	1359.9	202.2	True	True	BOTH_EXPRESSED
SAG	TXNIP	ENSP00000386444	ENSP00000462521	0.606	True	False	1359.9	13.5	True	True	BOTH_EXPRESSED
POMGNT1	GCNT1	ENSP00000361060	ENSP00000415454	0.606	True	False	10.1	0.1	True	True	BOTH_EXPRESSED
FAM161A	PRPF31	ENSP00000385158	ENSP00000324122	0.606	True	True	26.9	7.6	True	True	BOTH_EXPRESSED
BBS2	MDFI	ENSP00000245157	ENSP00000230321	0.606	True	False	12.0	0.1	True	True	BOTH_EXPRESSED
BBS2	IFT74	ENSP00000245157	ENSP00000404122	0.606	True	False	12.0	13.6	True	True	BOTH_EXPRESSED
CC2D2A	CSPP1	ENSP00000403465	ENSP00000262210	0.606	True	False	78.4	2.1	True	True	BOTH_EXPRESSED
TMEM216	CEP97	ENSP00000334844	ENSP00000342510	0.606	True	False	10.8	2.7	True	True	BOTH_EXPRESSED
USH2A	WFS1	ENSP00000305941	ENSP00000226760	0.606	True	False	17.8	7.5	True	True	BOTH_EXPRESSED
BBS1	E9PBE3_HUMAN	ENSP00000317469	ENSP00000424363	0.606	True	False	19.9		True	False	UNKNOWN
USH2A	TMC1	ENSP00000305941	ENSP00000494684	0.606	True	False	17.8	0.0	True	True	BELOW_THRESHOLD
NR2E3	PDE6H	ENSP00000482504	ENSP00000266395	0.606	True	False	121.9	844.1	True	True	BOTH_EXPRESSED
CEP250	CDK5RAP2	ENSP00000380661	ENSP00000343818	0.606	True	False	9.2	4.8	True	True	BOTH_EXPRESSED
RHO	FIZ1	ENSP00000296271	ENSP00000221665	0.606	True	False	3767.6	10.9	True	True	BOTH_EXPRESSED
DHDDS	THUMPD2	ENSP00000353104	ENSP00000423933	0.606	True	False	30.3	0.4	True	True	BOTH_EXPRESSED
PRPF8	WARS1	ENSP00000460348	ENSP00000347495	0.606	True	False	76.4	35.0	True	True	BOTH_EXPRESSED
CFAP410	VTN	ENSP00000381047	ENSP00000226218	0.606	True	False	9.2	44.0	True	True	BOTH_EXPRESSED
ZNF408	RCBTB1	ENSP00000309606	ENSP00000367552	0.605	True	True	1.2	45.9	True	True	BOTH_EXPRESSED
USH2A	LRRC4C	ENSP00000305941	ENSP00000278198	0.605	True	False	17.8	15.8	True	True	BOTH_EXPRESSED
GUCY2D	NMNAT1	ENSP00000254854	ENSP00000366410	0.605	True	False	31.7	4.8	True	True	BOTH_EXPRESSED
FAM161A	ZNF513	ENSP00000385158	ENSP00000318373	0.605	True	False	26.9	4.4	True	True	BOTH_EXPRESSED
CLN3	XPO1	ENSP00000454229	ENSP00000384863	0.605	True	False	3.0	48.2	True	True	BOTH_EXPRESSED
BBS1	IFT122	ENSP00000317469	ENSP00000296266	0.605	True	False	19.9	0.9	True	True	BOTH_EXPRESSED
SNRNP200	LUC7L3	ENSP00000317123	ENSP00000376919	0.605	True	False	62.7	162.8	True	True	BOTH_EXPRESSED
COQ2	RUSC2	ENSP00000310873	ENSP00000393922	0.605	True	False	3.7	11.3	True	True	BOTH_EXPRESSED
ARL3	MRPL34	ENSP00000260746	ENSP00000252602	0.605	True	False	89.3	29.3	True	True	BOTH_EXPRESSED
BBS2	WDR19	ENSP00000245157	ENSP00000382717	0.605	True	False	12.0	12.0	True	True	BOTH_EXPRESSED
TTC8	PRPF8	ENSP00000482306	ENSP00000460348	0.605	True	True	34.7	76.4	True	True	BOTH_EXPRESSED
COQ2	FBXO40	ENSP00000310873	ENSP00000337510	0.605	True	False	3.7	0.1	True	True	BOTH_EXPRESSED
POMGNT1	TRIM32	ENSP00000361060	ENSP00000408292	0.605	True	False	10.1	6.7	True	True	BOTH_EXPRESSED
SCLT1	CEP19	ENSP00000281142	ENSP00000387209	0.605	True	False	2.7	6.1	True	True	BOTH_EXPRESSED
RHO	CALB1	ENSP00000296271	ENSP00000265431	0.605	True	False	3767.6	50.9	True	True	BOTH_EXPRESSED
PRPF8	LUC7L3	ENSP00000460348	ENSP00000376919	0.605	True	False	76.4	162.8	True	True	BOTH_EXPRESSED
AHI1	NTRK2	ENSP00000265602	ENSP00000277120	0.605	True	False	25.2	38.5	True	True	BOTH_EXPRESSED
IMPDH1	DHODH	ENSP00000345096	ENSP00000219240	0.605	True	False	98.6	2.9	True	True	BOTH_EXPRESSED
SNRNP200	HCFC1	ENSP00000317123	ENSP00000309555	0.605	True	False	62.7	6.7	True	True	BOTH_EXPRESSED
PRPF3	SNW1	ENSP00000315379	ENSP00000451129	0.605	True	False	40.3	40.1	True	True	BOTH_EXPRESSED
IFT140	TCTEX1D2	ENSP00000406012	ENSP00000324323	0.604	True	False	5.9		True	False	UNKNOWN
SNRNP200	CCAR1	ENSP00000317123	ENSP00000265872	0.604	True	False	62.7	19.3	True	True	BOTH_EXPRESSED
USH2A	RDH12	ENSP00000305941	ENSP00000449079	0.604	True	True	17.8	206.6	True	True	BOTH_EXPRESSED
CDHR1	KCNV2	ENSP00000485478	ENSP00000371514	0.604	True	False	291.2	268.2	True	True	BOTH_EXPRESSED
DHX38	SDE2	ENSP00000268482	ENSP00000272091	0.604	True	False	12.3	4.7	True	True	BOTH_EXPRESSED
TOPORS	DAXX	ENSP00000353735	ENSP00000266000	0.604	True	False	10.6	4.8	True	True	BOTH_EXPRESSED
CDHR1	GHITM	ENSP00000485478	ENSP00000361207	0.604	True	False	291.2	129.8	True	True	BOTH_EXPRESSED
CERKL	ITGA4	ENSP00000341159	ENSP00000380227	0.604	True	False	19.5	5.5	True	True	BOTH_EXPRESSED
CLCC1	MT-CO1	ENSP00000349456	ENSP00000354499	0.604	True	False	10.5	11587.8	True	True	BOTH_EXPRESSED
KIAA1549	H3-3A	ENSP00000416040	ENSP00000355780	0.603	True	False	5.3	251.6	True	True	BOTH_EXPRESSED
PDE6A	GNB4	ENSP00000255266	ENSP00000232564	0.603	True	False	1001.0	1.8	True	True	BOTH_EXPRESSED
KLHL7	CA4	ENSP00000343273	ENSP00000300900	0.603	True	False	13.9	0.0	True	True	BELOW_THRESHOLD
BEST1	RHO	ENSP00000399709	ENSP00000296271	0.603	True	True	6.2	3767.6	True	True	BOTH_EXPRESSED
KLHL7	CRX	ENSP00000343273	ENSP00000221996	0.603	True	True	13.9	202.2	True	True	BOTH_EXPRESSED
RPE65	MITF	ENSP00000262340	ENSP00000391803	0.603	True	False	7.8	1.1	True	True	BOTH_EXPRESSED
SLC24A1	CNGA3	ENSP00000261892	ENSP00000272602	0.603	True	False	179.2	5.4	True	True	BOTH_EXPRESSED
BBS9	PCM1	ENSP00000242067	ENSP00000327077	0.603	True	False	20.3	52.9	True	True	BOTH_EXPRESSED
AIPL1	CABP4	ENSP00000370521	ENSP00000324960	0.603	True	False	775.1	63.1	True	True	BOTH_EXPRESSED
RP1L1	ROM1	ENSP00000371923	ENSP00000278833	0.603	True	False	41.0	1101.4	True	True	BOTH_EXPRESSED
CEP250	HAUS2	ENSP00000380661	ENSP00000260372	0.603	True	False	9.2	5.0	True	True	BOTH_EXPRESSED
PDE6B	ZNF513	ENSP00000420295	ENSP00000318373	0.603	True	False	357.2	4.4	True	True	BOTH_EXPRESSED
SLC4A7	SLC26A4	ENSP00000390394	ENSP00000494017	0.603	True	False	67.5	0.1	True	True	BOTH_EXPRESSED
AHI1	CSPP1	ENSP00000265602	ENSP00000262210	0.603	True	False	25.2	2.1	True	True	BOTH_EXPRESSED
LRAT	GUCA1A	ENSP00000337224	ENSP00000053469	0.603	True	True	0.9	703.2	True	True	BOTH_EXPRESSED
PRPF8	DDX21	ENSP00000460348	ENSP00000346120	0.603	True	False	76.4	6.6	True	True	BOTH_EXPRESSED
RHO	CEP290	ENSP00000296271	ENSP00000448012	0.603	True	False	3767.6	6.6	True	True	BOTH_EXPRESSED
OFD1	CEP41	ENSP00000344314	ENSP00000223208	0.602	True	False	2.3	7.2	True	True	BOTH_EXPRESSED
TTC8	PRPF3	ENSP00000482306	ENSP00000315379	0.602	True	True	34.7	40.3	True	True	BOTH_EXPRESSED
SNRNP200	MERTK	ENSP00000317123	ENSP00000295408	0.602	True	True	62.7	15.4	True	True	BOTH_EXPRESSED
SCLT1	CEP290	ENSP00000281142	ENSP00000448012	0.602	True	False	2.7	6.6	True	True	BOTH_EXPRESSED
RBP3	GNAT2	ENSP00000463151	ENSP00000251337	0.602	True	False	504.0	73.0	True	True	BOTH_EXPRESSED
PRCD	CA4	ENSP00000467661	ENSP00000300900	0.602	True	False	44.6	0.0	True	True	BELOW_THRESHOLD
RDH12	RHO	ENSP00000449079	ENSP00000296271	0.602	True	True	206.6	3767.6	True	True	BOTH_EXPRESSED
BEST1	ELOVL4	ENSP00000399709	ENSP00000358831	0.602	True	False	6.2	163.6	True	True	BOTH_EXPRESSED
DHDDS	ZNF513	ENSP00000353104	ENSP00000318373	0.602	True	False	30.3	4.4	True	True	BOTH_EXPRESSED
AIPL1	PDE6C	ENSP00000370521	ENSP00000360502	0.602	True	False	775.1	21.4	True	True	BOTH_EXPRESSED
DYNC2H1	EVC2	ENSP00000497174	ENSP00000342144	0.602	True	False	9.5	0.3	True	True	BOTH_EXPRESSED
PDSS1	IDI2	ENSP00000365388	ENSP00000277517	0.602	True	False	1.7	1.1	True	True	BOTH_EXPRESSED
SNRNP200	KHDRBS1	ENSP00000317123	ENSP00000313829	0.602	True	False	62.7	54.2	True	True	BOTH_EXPRESSED
GNAT1	GNA13	ENSP00000232461	ENSP00000400717	0.601	True	False	1040.7	15.9	True	True	BOTH_EXPRESSED
SNRNP200	DDX1	ENSP00000317123	ENSP00000370745	0.601	True	False	62.7	51.9	True	True	BOTH_EXPRESSED
PRPF8	MERTK	ENSP00000460348	ENSP00000295408	0.601	True	True	76.4	15.4	True	True	BOTH_EXPRESSED
TULP1	CABP4	ENSP00000229771	ENSP00000324960	0.601	True	False	194.3	63.1	True	True	BOTH_EXPRESSED
CERKL	GUCY2D	ENSP00000341159	ENSP00000254854	0.601	True	True	19.5	31.7	True	True	BOTH_EXPRESSED
CDHR1	ADAM9	ENSP00000485478	ENSP00000419446	0.601	True	False	291.2	17.2	True	True	BOTH_EXPRESSED
CFAP20	SF3A2	ENSP00000262498	ENSP00000221494	0.601	True	False	26.4	6.5	True	True	BOTH_EXPRESSED
RPE65	ALDH1A3	ENSP00000262340	ENSP00000332256	0.601	True	False	7.8	0.3	True	True	BOTH_EXPRESSED
PDE6B	PAX6	ENSP00000420295	ENSP00000492024	0.601	True	False	357.2	63.9	True	True	BOTH_EXPRESSED
KIAA1549	IDH1	ENSP00000416040	ENSP00000390265	0.601	True	False	5.3	32.4	True	True	BOTH_EXPRESSED
RBP3	PDC	ENSP00000463151	ENSP00000375855	0.601	True	False	504.0	618.7	True	True	BOTH_EXPRESSED
KIAA1549	TRIM24	ENSP00000416040	ENSP00000340507	0.601	True	False	5.3	11.3	True	True	BOTH_EXPRESSED
PRPF8	HNRNPA2B1	ENSP00000460348	ENSP00000346694	0.6	True	False	76.4	121.5	True	True	BOTH_EXPRESSED
AHI1	TMEM138	ENSP00000265602	ENSP00000278826	0.6	True	False	25.2	52.8	True	True	BOTH_EXPRESSED
SNRNP200	UBR4	ENSP00000317123	ENSP00000364403	0.6	True	False	62.7	41.3	True	True	BOTH_EXPRESSED
SAG	HTR2B	ENSP00000386444	ENSP00000258400	0.6	True	False	1359.9	0.2	True	True	BOTH_EXPRESSED
IDH3A	ATP5PD	ENSP00000299518	ENSP00000301587	0.6	True	False	23.8	237.2	True	True	BOTH_EXPRESSED
TOPORS	SUMO2	ENSP00000353735	ENSP00000405965	0.6	True	False	10.6	190.7	True	True	BOTH_EXPRESSED
TULP1	KLHL7	ENSP00000229771	ENSP00000343273	0.6	True	True	194.3	13.9	True	True	BOTH_EXPRESSED
BBS2	CCT2	ENSP00000245157	ENSP00000299300	0.6	True	False	12.0	53.2	True	True	BOTH_EXPRESSED
TOPORS	UBA2	ENSP00000353735	ENSP00000246548	0.6	True	False	10.6	43.7	True	True	BOTH_EXPRESSED
PRPF3	CDK10	ENSP00000315379	ENSP00000338673	0.6	True	False	40.3	7.0	True	True	BOTH_EXPRESSED
PRPF3	M0R3G1_HUMAN	ENSP00000315379	ENSP00000473200	0.6	True	False	40.3		True	False	UNKNOWN
CEP250	CEP152	ENSP00000380661	ENSP00000370337	0.6	True	False	9.2	1.7	True	True	BOTH_EXPRESSED
ARL3	RPL23	ENSP00000260746	ENSP00000420311	0.6	True	False	89.3	474.6	True	True	BOTH_EXPRESSED
OFD1	MAP1LC3B	ENSP00000344314	ENSP00000498476	0.6	True	False	2.3	116.7	True	True	BOTH_EXPRESSED
CLN3	RPN2	ENSP00000454229	ENSP00000237530	0.6	True	False	3.0	108.1	True	True	BOTH_EXPRESSED
RCBTB1	SETDB2	ENSP00000367552	ENSP00000346175	0.6	True	False	45.9	6.2	True	True	BOTH_EXPRESSED
FLVCR1	ALAS1	ENSP00000355938	ENSP00000378416	0.6	True	False	6.3	19.1	True	True	BOTH_EXPRESSED
CRX	PDE6C	ENSP00000221996	ENSP00000360502	0.6	True	False	202.2	21.4	True	True	BOTH_EXPRESSED
PRPH2	CNGB3	ENSP00000230381	ENSP00000316605	0.6	True	False	594.9	11.6	True	True	BOTH_EXPRESSED
CLN3	SLC25A11	ENSP00000454229	ENSP00000225665	0.6	True	False	3.0	21.6	True	True	BOTH_EXPRESSED
RAX2	CPLX4	ENSP00000450456	ENSP00000299721	0.6	True	False	59.9	291.7	True	True	BOTH_EXPRESSED
SAG	GUCA1B	ENSP00000386444	ENSP00000230361	0.599	True	False	1359.9	432.4	True	True	BOTH_EXPRESSED
PRCD	SLC4A3	ENSP00000467661	ENSP00000273063	0.599	True	False	44.6	12.1	True	True	BOTH_EXPRESSED
CC2D2A	TMEM218	ENSP00000403465	ENSP00000436596	0.599	True	False	78.4	6.6	True	True	BOTH_EXPRESSED
RDH12	CA4	ENSP00000449079	ENSP00000300900	0.599	True	False	206.6	0.0	True	True	BELOW_THRESHOLD
CRX	KAT2A	ENSP00000221996	ENSP00000225916	0.599	True	False	202.2	0.9	True	True	BOTH_EXPRESSED
TTC8	IFT27	ENSP00000482306	ENSP00000393541	0.599	True	False	34.7	14.5	True	True	BOTH_EXPRESSED
SPATA7	KCNJ13	ENSP00000377176	ENSP00000233826	0.599	True	False	9.4	12.7	True	True	BOTH_EXPRESSED
NRL	FOSL2	ENSP00000454062	ENSP00000264716	0.599	True	False	294.2	9.9	True	True	BOTH_EXPRESSED
USH2A	SLC26A4	ENSP00000305941	ENSP00000494017	0.599	True	False	17.8	0.1	True	True	BOTH_EXPRESSED
AIPL1	CNGB3	ENSP00000370521	ENSP00000316605	0.599	True	False	775.1	11.6	True	True	BOTH_EXPRESSED
PDE6B	ARR3	ENSP00000420295	ENSP00000311538	0.599	True	False	357.2	357.5	True	True	BOTH_EXPRESSED
TOPORS	TOP1MT	ENSP00000353735	ENSP00000328835	0.599	True	False	10.6	1.8	True	True	BOTH_EXPRESSED
TOPORS	ABCA4	ENSP00000353735	ENSP00000359245	0.599	True	False	10.6	328.7	True	True	BOTH_EXPRESSED
AHI1	CEP97	ENSP00000265602	ENSP00000342510	0.599	True	False	25.2	2.7	True	True	BOTH_EXPRESSED
SLC24A1	PDE6C	ENSP00000261892	ENSP00000360502	0.599	True	False	179.2	21.4	True	True	BOTH_EXPRESSED
IDH3A	ETFA	ENSP00000299518	ENSP00000452762	0.599	True	False	23.8	20.4	True	True	BOTH_EXPRESSED
CRX	IPO13	ENSP00000221996	ENSP00000361418	0.599	True	False	202.2	22.2	True	True	BOTH_EXPRESSED
CLCC1	SPNS3	ENSP00000349456	ENSP00000347721	0.599	True	False	10.5	0.0	True	True	BELOW_THRESHOLD
RPGR	GUCA1B	ENSP00000495537	ENSP00000230361	0.599	True	False	11.2	432.4	True	True	BOTH_EXPRESSED
MERTK	TNK2	ENSP00000295408	ENSP00000371341	0.599	True	False	15.4	8.9	True	True	BOTH_EXPRESSED
IDH3G	ATP5MC1	ENSP00000217901	ENSP00000377033	0.598	True	False	22.7	108.4	True	True	BOTH_EXPRESSED
CDHR1	LRIT1	ENSP00000485478	ENSP00000361177	0.598	True	False	291.2	23.8	True	True	BOTH_EXPRESSED
RDH12	NMNAT1	ENSP00000449079	ENSP00000366410	0.598	True	False	206.6	4.8	True	True	BOTH_EXPRESSED
CC2D2A	IFT140	ENSP00000403465	ENSP00000406012	0.598	True	True	78.4	5.9	True	True	BOTH_EXPRESSED
TMEM216	RAB3IP	ENSP00000334844	ENSP00000447300	0.598	True	False	10.8	82.0	True	True	BOTH_EXPRESSED
GNAT1	GNA12	ENSP00000232461	ENSP00000275364	0.598	True	False	1040.7	2.7	True	True	BOTH_EXPRESSED
CNGA1	ARR3	ENSP00000384264	ENSP00000311538	0.598	True	False	244.8	357.5	True	True	BOTH_EXPRESSED
COQ2	PLCE1	ENSP00000310873	ENSP00000360431	0.598	True	False	3.7	6.0	True	True	BOTH_EXPRESSED
GNAT1	SEMA3B	ENSP00000232461	ENSP00000480680	0.598	True	False	1040.7	1.8	True	True	BOTH_EXPRESSED
KIAA1549	RAF1	ENSP00000416040	ENSP00000401888	0.598	True	False	5.3	24.4	True	True	BOTH_EXPRESSED
RLBP1	CNGA1	ENSP00000268125	ENSP00000384264	0.598	True	True	246.4	244.8	True	True	BOTH_EXPRESSED
PRPF8	DDX39B	ENSP00000460348	ENSP00000416269	0.598	True	False	76.4	31.8	True	True	BOTH_EXPRESSED
TULP1	FAM161A	ENSP00000229771	ENSP00000385158	0.598	True	True	194.3	26.9	True	True	BOTH_EXPRESSED
CREB3	OGT	ENSP00000342136	ENSP00000362824	0.598	True	False	21.7	24.1	True	True	BOTH_EXPRESSED
CFAP410	FXN	ENSP00000381047	ENSP00000419243	0.597	True	False	9.2	3.8	True	True	BOTH_EXPRESSED
IDH3G	IREB2	ENSP00000217901	ENSP00000258886	0.597	True	False	22.7	17.9	True	True	BOTH_EXPRESSED
KLHL7	ROM1	ENSP00000343273	ENSP00000278833	0.597	True	False	13.9	1101.4	True	True	BOTH_EXPRESSED
AIPL1	ROM1	ENSP00000370521	ENSP00000278833	0.597	True	False	775.1	1101.4	True	True	BOTH_EXPRESSED
SAG	TPM3	ENSP00000386444	ENSP00000498577	0.597	True	False	1359.9	55.9	True	True	BOTH_EXPRESSED
PRPF8	RBM41	ENSP00000460348	ENSP00000361557	0.597	True	False	76.4	5.7	True	True	BOTH_EXPRESSED
BBS9	PLEK	ENSP00000242067	ENSP00000234313	0.597	True	False	20.3	0.5	True	True	BOTH_EXPRESSED
CNGB1	PDE6H	ENSP00000251102	ENSP00000266395	0.597	True	False	557.0	844.1	True	True	BOTH_EXPRESSED
SNRNP200	DDX21	ENSP00000317123	ENSP00000346120	0.597	True	False	62.7	6.6	True	True	BOTH_EXPRESSED
PDE6A	GNB2	ENSP00000255266	ENSP00000305260	0.597	True	False	1001.0	18.7	True	True	BOTH_EXPRESSED
BEST1	CLCA2	ENSP00000399709	ENSP00000359596	0.597	True	False	6.2	0.0	True	True	BELOW_THRESHOLD
PRPH2	RDH8	ENSP00000230381	ENSP00000498711	0.597	True	False	594.9	106.2	True	True	BOTH_EXPRESSED
OFD1	TBC1D31	ENSP00000344314	ENSP00000287380	0.597	True	False	2.3	4.5	True	True	BOTH_EXPRESSED
ARL3	MRPL46	ENSP00000260746	ENSP00000312311	0.597	True	False	89.3	15.6	True	True	BOTH_EXPRESSED
CEP162	CEP97	ENSP00000385215	ENSP00000342510	0.597	True	False	2.6	2.7	True	True	BOTH_EXPRESSED
KIAA1549	C11orf95	ENSP00000416040	ENSP00000482180	0.597	True	False	5.3		True	False	UNKNOWN
IDH3B	IREB2	ENSP00000482773	ENSP00000258886	0.597	True	False	42.7	17.9	True	True	BOTH_EXPRESSED
RPGR	RP1L1	ENSP00000495537	ENSP00000371923	0.596	True	True	11.2	41.0	True	True	BOTH_EXPRESSED
PDE6G	RPGR	ENSP00000328412	ENSP00000495537	0.596	True	True	1904.6	11.2	True	True	BOTH_EXPRESSED
IDH3G	TIMM13	ENSP00000217901	ENSP00000215570	0.596	True	False	22.7	5.6	True	True	BOTH_EXPRESSED
GUCY2D	AIP	ENSP00000254854	ENSP00000279146	0.596	True	False	31.7	17.0	True	True	BOTH_EXPRESSED
CEP250	USH1G	ENSP00000380661	ENSP00000480279	0.596	True	False	9.2	0.7	True	True	BOTH_EXPRESSED
EYS	PROM1	ENSP00000359655	ENSP00000426809	0.596	True	False	23.1	252.8	True	True	BOTH_EXPRESSED
FAM161A	ABCA4	ENSP00000385158	ENSP00000359245	0.596	True	False	26.9	328.7	True	True	BOTH_EXPRESSED
SPATA7	NPHP1	ENSP00000377176	ENSP00000313169	0.596	True	False	9.4	10.0	True	True	BOTH_EXPRESSED
NR2E3	SEMA4A	ENSP00000482504	ENSP00000357265	0.596	True	False	121.9	1.8	True	True	BOTH_EXPRESSED
SNRNP200	ZC3H13	ENSP00000317123	ENSP00000242848	0.596	True	False	62.7	14.6	True	True	BOTH_EXPRESSED
SNRNP200	DNAJC17	ENSP00000317123	ENSP00000220496	0.596	True	False	62.7	5.0	True	True	BOTH_EXPRESSED
PRPF3	SUGP1	ENSP00000315379	ENSP00000247001	0.596	True	False	40.3	1.9	True	True	BOTH_EXPRESSED
NRL	CA4	ENSP00000454062	ENSP00000300900	0.596	True	False	294.2	0.0	True	True	BELOW_THRESHOLD
CERKL	DNAH10	ENSP00000341159	ENSP00000489675	0.596	True	False	19.5	0.1	True	True	BOTH_EXPRESSED
RHO	EXOC5	ENSP00000296271	ENSP00000484855	0.596	True	False	3767.6	9.1	True	True	BOTH_EXPRESSED
PRPF3	HFM1	ENSP00000315379	ENSP00000359454	0.596	True	False	40.3	4.2	True	True	BOTH_EXPRESSED
EYS	CLRN1	ENSP00000359655	ENSP00000329158	0.595	True	True	23.1	11.8	True	True	BOTH_EXPRESSED
GUCY2D	GRK7	ENSP00000254854	ENSP00000264952	0.595	True	False	31.7	10.4	True	True	BOTH_EXPRESSED
CREB3	POU2F2	ENSP00000342136	ENSP00000431603	0.595	True	False	21.7	1.7	True	True	BOTH_EXPRESSED
TTC8	SEMA4A	ENSP00000482306	ENSP00000357265	0.595	True	False	34.7	1.8	True	True	BOTH_EXPRESSED
SAG	OPN4	ENSP00000386444	ENSP00000361141	0.595	True	False	1359.9	0.8	True	True	BOTH_EXPRESSED
PRPF6	RPP38	ENSP00000266079	ENSP00000478982	0.595	True	False	33.8	12.4	True	True	BOTH_EXPRESSED
GUCA1A	PRPH2	ENSP00000053469	ENSP00000230381	0.595	True	True	703.2	594.9	True	True	BOTH_EXPRESSED
FAM161A	CNGB1	ENSP00000385158	ENSP00000251102	0.595	True	True	26.9	557.0	True	True	BOTH_EXPRESSED
IDH3A	UQCRC1	ENSP00000299518	ENSP00000203407	0.595	True	False	23.8	49.2	True	True	BOTH_EXPRESSED
BBS2	STOML3	ENSP00000245157	ENSP00000368952	0.595	True	False	12.0	0.0	True	True	BELOW_THRESHOLD
IDH3G	SLC25A11	ENSP00000217901	ENSP00000225665	0.595	True	False	22.7	21.6	True	True	BOTH_EXPRESSED
CNGA1	GNGT2	ENSP00000384264	ENSP00000421710	0.594	True	False	244.8	145.5	True	True	BOTH_EXPRESSED
IMPDH1	ADA	ENSP00000345096	ENSP00000361965	0.594	True	False	98.6	0.1	True	True	BOTH_EXPRESSED
BEST1	LRAT	ENSP00000399709	ENSP00000337224	0.594	True	True	6.2	0.9	True	True	BOTH_EXPRESSED
RDH12	CABP4	ENSP00000449079	ENSP00000324960	0.594	True	False	206.6	63.1	True	True	BOTH_EXPRESSED
RLBP1	PDE6B	ENSP00000268125	ENSP00000420295	0.594	True	True	246.4	357.2	True	True	BOTH_EXPRESSED
SNRNP200	SPACA6	ENSP00000317123	ENSP00000490829	0.594	True	False	62.7	0.1	True	True	BOTH_EXPRESSED
KLHL7	RPE65	ENSP00000343273	ENSP00000262340	0.594	True	True	13.9	7.8	True	True	BOTH_EXPRESSED
RBP3	GNAT1	ENSP00000463151	ENSP00000232461	0.594	True	True	504.0	1040.7	True	True	BOTH_EXPRESSED
RLBP1	TULP1	ENSP00000268125	ENSP00000229771	0.594	True	True	246.4	194.3	True	True	BOTH_EXPRESSED
USH2A	OTOF	ENSP00000305941	ENSP00000272371	0.594	True	False	17.8	0.0	True	True	BELOW_THRESHOLD
USH2A	MUC16	ENSP00000305941	ENSP00000381008	0.594	True	False	17.8	0.0	True	True	BELOW_THRESHOLD
GNAT1	UNC119	ENSP00000232461	ENSP00000337040	0.594	True	False	1040.7	1084.9	True	True	BOTH_EXPRESSED
SLC66A1	SLC38A7	ENSP00000364295	ENSP00000454646	0.594	True	False	11.2	4.4	True	True	BOTH_EXPRESSED
COQ2	DHODH	ENSP00000310873	ENSP00000219240	0.594	True	False	3.7	2.9	True	True	BOTH_EXPRESSED
COQ2	RANBP2	ENSP00000310873	ENSP00000283195	0.594	True	False	3.7	25.7	True	True	BOTH_EXPRESSED
BBS9	IFT172	ENSP00000242067	ENSP00000260570	0.594	True	True	20.3	5.3	True	True	BOTH_EXPRESSED
CREB3	KEAP1	ENSP00000342136	ENSP00000377245	0.594	True	False	21.7	15.2	True	True	BOTH_EXPRESSED
LRAT	RGR	ENSP00000337224	ENSP00000352427	0.594	True	False	0.9	129.0	True	True	BOTH_EXPRESSED
CERKL	VWA3A	ENSP00000341159	ENSP00000374049	0.594	True	False	19.5	0.3	True	True	BOTH_EXPRESSED
CERKL	VWA3B	ENSP00000341159	ENSP00000417955	0.594	True	False	19.5	0.1	True	True	BOTH_EXPRESSED
SNRNP200	NAA38	ENSP00000317123	ENSP00000332103	0.594	True	False	62.7	30.2	True	True	BOTH_EXPRESSED
RHO	CNGA2	ENSP00000296271	ENSP00000328478	0.594	True	False	3767.6	0.0	True	True	BELOW_THRESHOLD
POMGNT1	EGFLAM	ENSP00000361060	ENSP00000346964	0.594	True	False	10.1	61.9	True	True	BOTH_EXPRESSED
IFT172	WHRN	ENSP00000260570	ENSP00000354623	0.594	True	False	5.3	20.0	True	True	BOTH_EXPRESSED
IFT172	TMEM67	ENSP00000260570	ENSP00000389998	0.594	True	False	5.3	3.0	True	True	BOTH_EXPRESSED
IDH3B	AAMP	ENSP00000482773	ENSP00000403343	0.594	True	False	42.7	35.6	True	True	BOTH_EXPRESSED
SNRNP200	TMIGD2	ENSP00000317123	ENSP00000301272	0.594	True	False	62.7	0.1	True	True	BOTH_EXPRESSED
MERTK	IDH3B	ENSP00000295408	ENSP00000482773	0.593	True	True	15.4	42.7	True	True	BOTH_EXPRESSED
PRPF31	RACK1	ENSP00000324122	ENSP00000426909	0.593	True	False	7.6	265.8	True	True	BOTH_EXPRESSED
CNGA1	SEMA4A	ENSP00000384264	ENSP00000357265	0.593	True	False	244.8	1.8	True	True	BOTH_EXPRESSED
KIAA1549	SRGAP3	ENSP00000416040	ENSP00000373347	0.593	True	False	5.3	13.7	True	True	BOTH_EXPRESSED
RPGR	KPNA7	ENSP00000495537	ENSP00000330878	0.593	True	False	11.2	0.0	True	True	BELOW_THRESHOLD
SAG	ARRDC1	ENSP00000386444	ENSP00000360475	0.593	True	False	1359.9	2.9	True	True	BOTH_EXPRESSED
EYS	CA4	ENSP00000359655	ENSP00000300900	0.593	True	False	23.1	0.0	True	True	BELOW_THRESHOLD
CLN3	WDR12	ENSP00000454229	ENSP00000261015	0.593	True	False	3.0	2.4	True	True	BOTH_EXPRESSED
RBP3	MT-CYB	ENSP00000463151	ENSP00000354554	0.593	True	False	504.0	7889.5	True	True	BOTH_EXPRESSED
RP2	NPHP3	ENSP00000218340	ENSP00000338766	0.593	True	False	3.9	2.9	True	True	BOTH_EXPRESSED
PRPF8	KIAA1143	ENSP00000460348	ENSP00000296121	0.593	True	False	76.4	5.3	True	True	BOTH_EXPRESSED
AHI1	SDCCAG8	ENSP00000265602	ENSP00000355499	0.593	True	False	25.2	3.4	True	True	BOTH_EXPRESSED
RLBP1	CNGB1	ENSP00000268125	ENSP00000251102	0.592	True	True	246.4	557.0	True	True	BOTH_EXPRESSED
CNGA1	RCVRN	ENSP00000384264	ENSP00000226193	0.592	True	False	244.8	430.9	True	True	BOTH_EXPRESSED
IDH3B	RPGR	ENSP00000482773	ENSP00000495537	0.592	True	True	42.7	11.2	True	True	BOTH_EXPRESSED
RP2	NME7	ENSP00000218340	ENSP00000356785	0.592	True	False	3.9	18.2	True	True	BOTH_EXPRESSED
GNAT1	GNA14	ENSP00000232461	ENSP00000365807	0.592	True	False	1040.7	0.1	True	True	BOTH_EXPRESSED
TOPORS	SENP6	ENSP00000353735	ENSP00000402527	0.592	True	False	10.6	29.1	True	True	BOTH_EXPRESSED
PRPF8	RPS25	ENSP00000460348	ENSP00000435096	0.592	True	False	76.4	426.3	True	True	BOTH_EXPRESSED
RHO	GFAP	ENSP00000296271	ENSP00000253408	0.592	True	False	3767.6	128.3	True	True	BOTH_EXPRESSED
RHO	CDS1	ENSP00000296271	ENSP00000295887	0.592	True	False	3767.6	20.8	True	True	BOTH_EXPRESSED
KIAA1549	ZC3HAV1	ENSP00000416040	ENSP00000242351	0.592	True	False	5.3	2.3	True	True	BOTH_EXPRESSED
ARL3	MRPS5	ENSP00000260746	ENSP00000272418	0.592	True	False	89.3	2.6	True	True	BOTH_EXPRESSED
IFT172	NPHP1	ENSP00000260570	ENSP00000313169	0.592	True	False	5.3	10.0	True	True	BOTH_EXPRESSED
RPE65	SERPINI2	ENSP00000262340	ENSP00000481699	0.592	True	False	7.8	0.0	True	True	BELOW_THRESHOLD
MVK	NLRP3	ENSP00000228510	ENSP00000337383	0.592	True	False	3.2	0.2	True	True	BOTH_EXPRESSED
TOPORS	UBE2D3	ENSP00000353735	ENSP00000349722	0.592	True	False	10.6	119.4	True	True	BOTH_EXPRESSED
NRL	OTX2	ENSP00000454062	ENSP00000500595	0.592	True	False	294.2	259.6	True	True	BOTH_EXPRESSED
RHO	CACNA1F	ENSP00000296271	ENSP00000365441	0.592	True	False	3767.6	116.2	True	True	BOTH_EXPRESSED
GNAT1	NYX	ENSP00000232461	ENSP00000340328	0.592	True	False	1040.7	0.4	True	True	BOTH_EXPRESSED
CEP162	TCTN1	ENSP00000385215	ENSP00000380779	0.592	True	False	2.6	2.8	True	True	BOTH_EXPRESSED
HK1	PDK1	ENSP00000494664	ENSP00000376352	0.591	True	False	141.7	25.1	True	True	BOTH_EXPRESSED
PRPF6	RBM7	ENSP00000266079	ENSP00000364639	0.591	True	False	33.8	6.3	True	True	BOTH_EXPRESSED
PRPF8	LARP7	ENSP00000460348	ENSP00000422626	0.591	True	False	76.4	20.4	True	True	BOTH_EXPRESSED
FLVCR1	TNFRSF10B	ENSP00000355938	ENSP00000276431	0.591	True	False	6.3	1.0	True	True	BOTH_EXPRESSED
PRPF3	LUC7L3	ENSP00000315379	ENSP00000376919	0.591	True	False	40.3	162.8	True	True	BOTH_EXPRESSED
GNAT1	GNA11	ENSP00000232461	ENSP00000078429	0.591	True	False	1040.7	10.1	True	True	BOTH_EXPRESSED
MERTK	PDE6G	ENSP00000295408	ENSP00000328412	0.591	True	True	15.4	1904.6	True	True	BOTH_EXPRESSED
SNRNP200	MTREX	ENSP00000317123	ENSP00000230640	0.591	True	False	62.7	16.5	True	True	BOTH_EXPRESSED
PRPF6	C9orf78	ENSP00000266079	ENSP00000361524	0.591	True	False	33.8	19.1	True	True	BOTH_EXPRESSED
USH2A	LOXHD1	ENSP00000305941	ENSP00000444586	0.591	True	False	17.8	0.0	True	True	BELOW_THRESHOLD
C19orf44	HPCAL1	ENSP00000221671	ENSP00000483786	0.591	True	False	3.4	19.7	True	True	BOTH_EXPRESSED
HK1	PKLR	ENSP00000494664	ENSP00000339933	0.591	True	False	141.7	0.0	True	True	BELOW_THRESHOLD
DYNC2H1	IFT20	ENSP00000497174	ENSP00000464443	0.591	True	False	9.5	24.7	True	True	BOTH_EXPRESSED
GUCY2D	PROM1	ENSP00000254854	ENSP00000426809	0.591	True	False	31.7	252.8	True	True	BOTH_EXPRESSED
CEP162	CEP128	ENSP00000385215	ENSP00000451162	0.591	True	False	2.6	1.5	True	True	BOTH_EXPRESSED
SAG	NEDD4	ENSP00000386444	ENSP00000424827	0.591	True	False	1359.9	4.1	True	True	BOTH_EXPRESSED
IDH3B	UQCRC2	ENSP00000482773	ENSP00000268379	0.59	True	False	42.7	131.8	True	True	BOTH_EXPRESSED
PRPH2	AOC2	ENSP00000230381	ENSP00000253799	0.59	True	False	594.9	1.4	True	True	BOTH_EXPRESSED
CC2D2A	KIF7	ENSP00000403465	ENSP00000377934	0.59	True	False	78.4	0.2	True	True	BOTH_EXPRESSED
KIAA1549	FGFR1	ENSP00000416040	ENSP00000393312	0.59	True	False	5.3	14.4	True	True	BOTH_EXPRESSED
BBS1	ARL3	ENSP00000317469	ENSP00000260746	0.59	True	True	19.9	89.3	True	True	BOTH_EXPRESSED
RP1L1	ABCA4	ENSP00000371923	ENSP00000359245	0.59	True	False	41.0	328.7	True	True	BOTH_EXPRESSED
IDH3A	TUFM	ENSP00000299518	ENSP00000322439	0.59	True	False	23.8	33.3	True	True	BOTH_EXPRESSED
PRPF4	LSM1	ENSP00000363313	ENSP00000310596	0.59	True	False	12.1	19.8	True	True	BOTH_EXPRESSED
COQ2	NPHS2	ENSP00000310873	ENSP00000356587	0.59	True	False	3.7	0.0	True	True	BELOW_THRESHOLD
BBS9	IQCB1	ENSP00000242067	ENSP00000311505	0.59	True	False	20.3	17.5	True	True	BOTH_EXPRESSED
PDE6B	CEP290	ENSP00000420295	ENSP00000448012	0.59	True	False	357.2	6.6	True	True	BOTH_EXPRESSED
LRAT	BCO2	ENSP00000337224	ENSP00000350314	0.59	True	False	0.9	51.8	True	True	BOTH_EXPRESSED
PDSS1	LSS	ENSP00000365388	ENSP00000380837	0.59	True	False	1.7	6.3	True	True	BOTH_EXPRESSED
GNAT1	GNAQ	ENSP00000232461	ENSP00000286548	0.59	True	False	1040.7	9.6	True	True	BOTH_EXPRESSED
GNAT1	GNAS	ENSP00000232461	ENSP00000360141	0.589	True	False	1040.7	642.4	True	True	BOTH_EXPRESSED
GNAT1	GRM6	ENSP00000232461	ENSP00000497110	0.589	True	False	1040.7	39.6	True	True	BOTH_EXPRESSED
TTC8	RABIF	ENSP00000482306	ENSP00000356231	0.589	True	False	34.7	6.3	True	True	BOTH_EXPRESSED
BEST1	CLCA4	ENSP00000399709	ENSP00000359594	0.589	True	False	6.2	0.0	True	True	BELOW_THRESHOLD
CEP250	WHRN	ENSP00000380661	ENSP00000354623	0.589	True	False	9.2	20.0	True	True	BOTH_EXPRESSED
SNRNP200	DHX36	ENSP00000317123	ENSP00000417078	0.589	True	False	62.7	15.7	True	True	BOTH_EXPRESSED
PRPH2	GRK7	ENSP00000230381	ENSP00000264952	0.589	True	False	594.9	10.4	True	True	BOTH_EXPRESSED
REEP6	FAM160A2	ENSP00000233596	ENSP00000265978	0.589	True	False	87.4		True	False	UNKNOWN
BBS2	IFT81	ENSP00000245157	ENSP00000242591	0.589	True	False	12.0	21.3	True	True	BOTH_EXPRESSED
MERTK	C1QA	ENSP00000295408	ENSP00000363773	0.589	True	False	15.4	4.1	True	True	BOTH_EXPRESSED
RPE65	GRK1	ENSP00000262340	ENSP00000334876	0.589	True	False	7.8	39.5	True	True	BOTH_EXPRESSED
CNGA1	CNGA3	ENSP00000384264	ENSP00000272602	0.589	True	False	244.8	5.4	True	True	BOTH_EXPRESSED
RPE65	ROM1	ENSP00000262340	ENSP00000278833	0.589	True	False	7.8	1101.4	True	True	BOTH_EXPRESSED
RAX2	C8orf37	ENSP00000450456	ENSP00000286688	0.589	True	False	59.9		True	False	UNKNOWN
PDE6B	TUB	ENSP00000420295	ENSP00000305426	0.589	True	False	357.2	76.5	True	True	BOTH_EXPRESSED
AIPL1	NRL	ENSP00000370521	ENSP00000454062	0.589	True	True	775.1	294.2	True	True	BOTH_EXPRESSED
PRPF3	DHX36	ENSP00000315379	ENSP00000417078	0.589	True	False	40.3	15.7	True	True	BOTH_EXPRESSED
DYNC2H1	KIF3B	ENSP00000497174	ENSP00000364864	0.589	True	False	9.5	28.6	True	True	BOTH_EXPRESSED
PRPF31	SLU7	ENSP00000324122	ENSP00000297151	0.589	True	False	7.6	27.2	True	True	BOTH_EXPRESSED
BCOR	CBX3	ENSP00000367705	ENSP00000336687	0.588	True	False	13.1	113.5	True	True	BOTH_EXPRESSED
IMPG2	CA4	ENSP00000193391	ENSP00000300900	0.588	True	False	282.9	0.0	True	True	BELOW_THRESHOLD
COQ2	SLC25A4	ENSP00000310873	ENSP00000281456	0.588	True	False	3.7	18.4	True	True	BOTH_EXPRESSED
DYNC2H1	IFT46	ENSP00000497174	ENSP00000264020	0.588	True	False	9.5	33.1	True	True	BOTH_EXPRESSED
MVK	TNFRSF1A	ENSP00000228510	ENSP00000162749	0.588	True	False	3.2	3.5	True	True	BOTH_EXPRESSED
IDH3B	SPATA7	ENSP00000482773	ENSP00000377176	0.588	True	True	42.7	9.4	True	True	BOTH_EXPRESSED
SCLT1	CENPF	ENSP00000281142	ENSP00000355922	0.588	True	False	2.7	0.4	True	True	BOTH_EXPRESSED
PRPF4	MRE11	ENSP00000363313	ENSP00000325863	0.588	True	False	12.1	5.9	True	True	BOTH_EXPRESSED
OFD1	CNTLN	ENSP00000344314	ENSP00000370021	0.588	True	False	2.3	2.0	True	True	BOTH_EXPRESSED
BEST1	CNGB3	ENSP00000399709	ENSP00000316605	0.588	True	False	6.2	11.6	True	True	BOTH_EXPRESSED
IFT172	KIF17	ENSP00000260570	ENSP00000247986	0.588	True	False	5.3	0.2	True	True	BOTH_EXPRESSED
RHO	PLIN2	ENSP00000296271	ENSP00000276914	0.588	True	False	3767.6	12.1	True	True	BOTH_EXPRESSED
PRPF31	RNPS1	ENSP00000324122	ENSP00000457723	0.588	True	False	7.6	43.9	True	True	BOTH_EXPRESSED
NR2E3	RPGRIP1	ENSP00000482504	ENSP00000382895	0.588	True	False	121.9	171.2	True	True	BOTH_EXPRESSED
BBS1	RPGR	ENSP00000317469	ENSP00000495537	0.587	True	True	19.9	11.2	True	True	BOTH_EXPRESSED
PRPH2	GNAT2	ENSP00000230381	ENSP00000251337	0.587	True	False	594.9	73.0	True	True	BOTH_EXPRESSED
PDE6G	GNB2	ENSP00000328412	ENSP00000305260	0.587	True	False	1904.6	18.7	True	True	BOTH_EXPRESSED
PRPF4	DNAJC8	ENSP00000363313	ENSP00000263697	0.587	True	False	12.1	23.7	True	True	BOTH_EXPRESSED
PRPH2	C8orf37	ENSP00000230381	ENSP00000286688	0.587	True	False	594.9		True	False	UNKNOWN
USH2A	NR2E3	ENSP00000305941	ENSP00000482504	0.587	True	True	17.8	121.9	True	True	BOTH_EXPRESSED
PDE6B	TBL1XR1	ENSP00000420295	ENSP00000405574	0.587	True	False	357.2	37.8	True	True	BOTH_EXPRESSED
ARHGEF18	ARHGEF1	ENSP00000482647	ENSP00000337261	0.587	True	False	4.6	4.6	True	True	BOTH_EXPRESSED
AHI1	KIF3A	ENSP00000265602	ENSP00000385808	0.587	True	False	25.2	31.3	True	True	BOTH_EXPRESSED
COQ2	NDUFV1	ENSP00000310873	ENSP00000497587	0.587	True	False	3.7	75.6	True	True	BOTH_EXPRESSED
FLVCR1	CPOX	ENSP00000355938	ENSP00000497326	0.587	True	False	6.3	4.1	True	True	BOTH_EXPRESSED
USH2A	GJB2	ENSP00000305941	ENSP00000372295	0.587	True	False	17.8	0.0	True	True	BELOW_THRESHOLD
AHI1	TTC21B	ENSP00000265602	ENSP00000243344	0.587	True	False	25.2	6.9	True	True	BOTH_EXPRESSED
PDSS1	BCS1L	ENSP00000365388	ENSP00000413908	0.587	True	False	1.7	12.5	True	True	BOTH_EXPRESSED
IDH3A	ATP5F1B	ENSP00000299518	ENSP00000262030	0.587	True	False	23.8	448.6	True	True	BOTH_EXPRESSED
RLBP1	CNGB3	ENSP00000268125	ENSP00000316605	0.587	True	False	246.4	11.6	True	True	BOTH_EXPRESSED
CC2D2A	CNTRL	ENSP00000403465	ENSP00000362962	0.587	True	False	78.4	4.6	True	True	BOTH_EXPRESSED
ARL6	SMO	ENSP00000419619	ENSP00000249373	0.587	True	False	35.2	1.9	True	True	BOTH_EXPRESSED
NRL	SEMA4A	ENSP00000454062	ENSP00000357265	0.587	True	False	294.2	1.8	True	True	BOTH_EXPRESSED
IDH3A	SDHC	ENSP00000299518	ENSP00000356953	0.586	True	False	23.8	78.1	True	True	BOTH_EXPRESSED
PRPH2	MERTK	ENSP00000230381	ENSP00000295408	0.586	True	True	594.9	15.4	True	True	BOTH_EXPRESSED
DHDDS	RUSC2	ENSP00000353104	ENSP00000393922	0.586	True	False	30.3	11.3	True	True	BOTH_EXPRESSED
SNRNP200	DHX33	ENSP00000317123	ENSP00000225296	0.586	True	False	62.7	5.9	True	True	BOTH_EXPRESSED
MERTK	SCARB2	ENSP00000295408	ENSP00000264896	0.586	True	False	15.4	44.3	True	True	BOTH_EXPRESSED
KIAA1549	SRGAP2	ENSP00000416040	ENSP00000459615	0.586	True	False	5.3	8.9	True	True	BOTH_EXPRESSED
CC2D2A	BBS2	ENSP00000403465	ENSP00000245157	0.586	True	True	78.4	12.0	True	True	BOTH_EXPRESSED
EYS	CDHR1	ENSP00000359655	ENSP00000485478	0.586	True	True	23.1	291.2	True	True	BOTH_EXPRESSED
SCLT1	CEP97	ENSP00000281142	ENSP00000342510	0.586	True	False	2.7	2.7	True	True	BOTH_EXPRESSED
GUCY2D	CABP4	ENSP00000254854	ENSP00000324960	0.586	True	False	31.7	63.1	True	True	BOTH_EXPRESSED
PRPF4	PPP1R8	ENSP00000363313	ENSP00000311677	0.586	True	False	12.1	26.0	True	True	BOTH_EXPRESSED
PRPF3	RNPS1	ENSP00000315379	ENSP00000457723	0.586	True	False	40.3	43.9	True	True	BOTH_EXPRESSED
RPE65	PI15	ENSP00000262340	ENSP00000260113	0.586	True	False	7.8	0.6	True	True	BOTH_EXPRESSED
DYNC2H1	KIAA0586	ENSP00000497174	ENSP00000346359	0.585	True	False	9.5	7.4	True	True	BOTH_EXPRESSED
BBS2	RABIF	ENSP00000245157	ENSP00000356231	0.585	True	False	12.0	6.3	True	True	BOTH_EXPRESSED
PRPF31	CEP290	ENSP00000324122	ENSP00000448012	0.585	True	False	7.6	6.6	True	True	BOTH_EXPRESSED
PRPF8	ZC3H13	ENSP00000460348	ENSP00000242848	0.585	True	False	76.4	14.6	True	True	BOTH_EXPRESSED
AHI1	KIF7	ENSP00000265602	ENSP00000377934	0.585	True	False	25.2	0.2	True	True	BOTH_EXPRESSED
AHI1	BBS12	ENSP00000265602	ENSP00000438273	0.585	True	False	25.2	16.3	True	True	BOTH_EXPRESSED
IFT172	INTU	ENSP00000260570	ENSP00000334003	0.585	True	False	5.3	12.2	True	True	BOTH_EXPRESSED
MERTK	PTPRN2	ENSP00000295408	ENSP00000374069	0.585	True	False	15.4	8.6	True	True	BOTH_EXPRESSED
CYP4V2	AACS	ENSP00000368079	ENSP00000324842	0.585	True	False	13.1	5.8	True	True	BOTH_EXPRESSED
MVK	TRNT1	ENSP00000228510	ENSP00000251607	0.585	True	False	3.2	14.3	True	True	BOTH_EXPRESSED
BBS2	LEPR	ENSP00000245157	ENSP00000330393	0.585	True	False	12.0	2.3	True	True	BOTH_EXPRESSED
BBS2	POMC	ENSP00000245157	ENSP00000384092	0.585	True	False	12.0	0.2	True	True	BOTH_EXPRESSED
RHO	PDE6H	ENSP00000296271	ENSP00000266395	0.584	True	False	3767.6	844.1	True	True	BOTH_EXPRESSED
GUCA1A	GNAT2	ENSP00000053469	ENSP00000251337	0.584	True	False	703.2	73.0	True	True	BOTH_EXPRESSED
PCARE	CA4	ENSP00000332809	ENSP00000300900	0.584	True	False	26.4	0.0	True	True	BELOW_THRESHOLD
DHX38	SUPT5H	ENSP00000268482	ENSP00000470252	0.584	True	False	12.3	30.6	True	True	BOTH_EXPRESSED
CNGB1	RAB3IP	ENSP00000251102	ENSP00000447300	0.584	True	False	557.0	82.0	True	True	BOTH_EXPRESSED
PRPF31	PRKCG	ENSP00000324122	ENSP00000263431	0.584	True	False	7.6	0.1	True	True	BOTH_EXPRESSED
RHO	EXOC6	ENSP00000296271	ENSP00000260762	0.584	True	False	3767.6	152.0	True	True	BOTH_EXPRESSED
PRPF3	LSM1	ENSP00000315379	ENSP00000310596	0.584	True	False	40.3	19.8	True	True	BOTH_EXPRESSED
PDE6B	GRK1	ENSP00000420295	ENSP00000334876	0.584	True	False	357.2	39.5	True	True	BOTH_EXPRESSED
PRPF31	AAR2	ENSP00000324122	ENSP00000363043	0.584	True	False	7.6	6.9	True	True	BOTH_EXPRESSED
BEST1	LRRC8E	ENSP00000399709	ENSP00000479953	0.584	True	False	6.2	0.3	True	True	BOTH_EXPRESSED
OFD1	FBF1	ENSP00000344314	ENSP00000490726	0.584	True	False	2.3	3.8	True	True	BOTH_EXPRESSED
RPGR	SFTA3	ENSP00000495537	ENSP00000428331	0.584	True	False	11.2		True	False	UNKNOWN
CC2D2A	CNTLN	ENSP00000403465	ENSP00000370021	0.584	True	False	78.4	2.0	True	True	BOTH_EXPRESSED
DHDDS	HAO1	ENSP00000353104	ENSP00000368066	0.584	True	False	30.3	0.0	True	True	BELOW_THRESHOLD
DHDDS	HAO2	ENSP00000353104	ENSP00000354314	0.584	True	False	30.3	0.0	True	True	BELOW_THRESHOLD
SNRNP200	XRCC5	ENSP00000317123	ENSP00000375978	0.584	True	False	62.7	94.5	True	True	BOTH_EXPRESSED
RPE65	TTC8	ENSP00000262340	ENSP00000482306	0.583	True	True	7.8	34.7	True	True	BOTH_EXPRESSED
IMPG2	DHDDS	ENSP00000193391	ENSP00000353104	0.583	True	True	282.9	30.3	True	True	BOTH_EXPRESSED
RHO	GNG4	ENSP00000296271	ENSP00000398629	0.583	True	False	3767.6	2.3	True	True	BOTH_EXPRESSED
RP2	NME1	ENSP00000218340	ENSP00000337060	0.583	True	False	3.9	202.6	True	True	BOTH_EXPRESSED
FAM161A	CCT4	ENSP00000385158	ENSP00000377958	0.583	True	False	26.9	52.6	True	True	BOTH_EXPRESSED
PDE6B	TBL1X	ENSP00000420295	ENSP00000495556	0.583	True	False	357.2	15.3	True	True	BOTH_EXPRESSED
CERKL	CLRN1	ENSP00000341159	ENSP00000329158	0.583	True	True	19.5	11.8	True	True	BOTH_EXPRESSED
CNGB1	RPGRIP1	ENSP00000251102	ENSP00000382895	0.583	True	False	557.0	171.2	True	True	BOTH_EXPRESSED
CLRN1	CEP250	ENSP00000329158	ENSP00000380661	0.583	True	True	11.8	9.2	True	True	BOTH_EXPRESSED
CRX	SNRNP200	ENSP00000221996	ENSP00000317123	0.583	True	True	202.2	62.7	True	True	BOTH_EXPRESSED
PRPH2	RCVRN	ENSP00000230381	ENSP00000226193	0.583	True	False	594.9	430.9	True	True	BOTH_EXPRESSED
SNRNP200	DNAJC8	ENSP00000317123	ENSP00000263697	0.583	True	False	62.7	23.7	True	True	BOTH_EXPRESSED
IDH3A	BCKDK	ENSP00000299518	ENSP00000378405	0.583	True	False	23.8	5.9	True	True	BOTH_EXPRESSED
PDE6A	GRK1	ENSP00000255266	ENSP00000334876	0.583	True	False	1001.0	39.5	True	True	BOTH_EXPRESSED
MERTK	ITGAX	ENSP00000295408	ENSP00000454623	0.583	True	False	15.4	0.6	True	True	BOTH_EXPRESSED
IFT172	B9D1	ENSP00000260570	ENSP00000261499	0.583	True	False	5.3	20.2	True	True	BOTH_EXPRESSED
KLHL7	ABCA4	ENSP00000343273	ENSP00000359245	0.583	True	False	13.9	328.7	True	True	BOTH_EXPRESSED
PDE6G	GNB4	ENSP00000328412	ENSP00000232564	0.583	True	False	1904.6	1.8	True	True	BOTH_EXPRESSED
RDH12	DHRS3	ENSP00000449079	ENSP00000480439	0.583	True	False	206.6	7.9	True	True	BOTH_EXPRESSED
IDH3B	GDF3	ENSP00000482773	ENSP00000331745	0.583	True	False	42.7	0.0	True	True	BELOW_THRESHOLD
RPE65	IQCB1	ENSP00000262340	ENSP00000311505	0.582	True	False	7.8	17.5	True	True	BOTH_EXPRESSED
RP1L1	USH2A	ENSP00000371923	ENSP00000305941	0.582	True	True	41.0	17.8	True	True	BOTH_EXPRESSED
GNAT1	CACNA1F	ENSP00000232461	ENSP00000365441	0.582	True	False	1040.7	116.2	True	True	BOTH_EXPRESSED
MAK	MCM9	ENSP00000346484	ENSP00000314505	0.582	True	False	110.1	3.8	True	True	BOTH_EXPRESSED
IDH3B	NDUFA8	ENSP00000482773	ENSP00000362873	0.582	True	False	42.7	66.7	True	True	BOTH_EXPRESSED
FAM161A	IMPG2	ENSP00000385158	ENSP00000193391	0.582	True	True	26.9	282.9	True	True	BOTH_EXPRESSED
FAM161A	PRCD	ENSP00000385158	ENSP00000467661	0.582	True	True	26.9	44.6	True	True	BOTH_EXPRESSED
NRL	OPN4	ENSP00000454062	ENSP00000361141	0.582	True	False	294.2	0.8	True	True	BOTH_EXPRESSED
RP2	NME4	ENSP00000218340	ENSP00000219479	0.582	True	False	3.9	10.3	True	True	BOTH_EXPRESSED
PRPF4	SF1	ENSP00000363313	ENSP00000366604	0.582	True	False	12.1	42.0	True	True	BOTH_EXPRESSED
RPGR	NPM1	ENSP00000495537	ENSP00000296930	0.582	True	False	11.2	149.1	True	True	BOTH_EXPRESSED
OFD1	TMEM138	ENSP00000344314	ENSP00000278826	0.582	True	False	2.3	52.8	True	True	BOTH_EXPRESSED
CLRN1	ZNF513	ENSP00000329158	ENSP00000318373	0.582	True	False	11.8	4.4	True	True	BOTH_EXPRESSED
PRPF8	DDX3X	ENSP00000460348	ENSP00000494040	0.582	True	False	76.4	75.6	True	True	BOTH_EXPRESSED
COQ8B	NPHS1	ENSP00000315118	ENSP00000368190	0.582	True	False	1.2	0.6	True	True	BOTH_EXPRESSED
TOPORS	PML	ENSP00000353735	ENSP00000268058	0.581	True	False	10.6	3.6	True	True	BOTH_EXPRESSED
LRAT	CERKL	ENSP00000337224	ENSP00000341159	0.581	True	True	0.9	19.5	True	True	BOTH_EXPRESSED
IMPDH1	ACLY	ENSP00000345096	ENSP00000466259	0.581	True	False	98.6	21.5	True	True	BOTH_EXPRESSED
PCARE	C8orf37	ENSP00000332809	ENSP00000286688	0.581	True	False	26.4		True	False	UNKNOWN
GUCA1A	NPR1	ENSP00000053469	ENSP00000357669	0.581	True	False	703.2	0.1	True	True	BOTH_EXPRESSED
IMPG2	C8orf37	ENSP00000193391	ENSP00000286688	0.581	True	False	282.9		True	False	UNKNOWN
NRL	ABCA4	ENSP00000454062	ENSP00000359245	0.581	True	False	294.2	328.7	True	True	BOTH_EXPRESSED
SPATA7	NEK1	ENSP00000377176	ENSP00000424757	0.581	True	False	9.4	5.3	True	True	BOTH_EXPRESSED
COQ8B	MT-CO1	ENSP00000315118	ENSP00000354499	0.581	True	False	1.2	11587.8	True	True	BOTH_EXPRESSED
SNRNP200	RUVBL2	ENSP00000317123	ENSP00000473172	0.581	True	False	62.7	13.9	True	True	BOTH_EXPRESSED
CEP250	PCM1	ENSP00000380661	ENSP00000327077	0.581	True	False	9.2	52.9	True	True	BOTH_EXPRESSED
NR2E3	CABP4	ENSP00000482504	ENSP00000324960	0.581	True	False	121.9	63.1	True	True	BOTH_EXPRESSED
USH2A	XIRP2	ENSP00000305941	ENSP00000386840	0.581	True	False	17.8	0.0	True	True	BELOW_THRESHOLD
EYS	RHO	ENSP00000359655	ENSP00000296271	0.581	True	True	23.1	3767.6	True	True	BOTH_EXPRESSED
IDH3B	NDUFS1	ENSP00000482773	ENSP00000392709	0.581	True	False	42.7	22.6	True	True	BOTH_EXPRESSED
ARL3	GRIP1	ENSP00000260746	ENSP00000381098	0.581	True	False	89.3	4.4	True	True	BOTH_EXPRESSED
PRPH2	KCNV2	ENSP00000230381	ENSP00000371514	0.581	True	False	594.9	268.2	True	True	BOTH_EXPRESSED
AIPL1	CNGA3	ENSP00000370521	ENSP00000272602	0.581	True	False	775.1	5.4	True	True	BOTH_EXPRESSED
TMEM216	KIF7	ENSP00000334844	ENSP00000377934	0.581	True	False	10.8	0.2	True	True	BOTH_EXPRESSED
BEST1	PDE6C	ENSP00000399709	ENSP00000360502	0.581	True	False	6.2	21.4	True	True	BOTH_EXPRESSED
SLC24A1	GNGT1	ENSP00000261892	ENSP00000248572	0.58	True	False	179.2	1760.3	True	True	BOTH_EXPRESSED
CLCC1	THYN1	ENSP00000349456	ENSP00000341657	0.58	True	False	10.5	38.3	True	True	BOTH_EXPRESSED
MERTK	CD36	ENSP00000295408	ENSP00000415743	0.58	True	False	15.4	0.3	True	True	BOTH_EXPRESSED
CRX	CNGA3	ENSP00000221996	ENSP00000272602	0.58	True	False	202.2	5.4	True	True	BOTH_EXPRESSED
IFT172	TCTEX1D2	ENSP00000260570	ENSP00000324323	0.58	True	False	5.3		True	False	UNKNOWN
ARHGEF18	RAC1	ENSP00000482647	ENSP00000348461	0.58	True	False	4.6	48.0	True	True	BOTH_EXPRESSED
TTC8	STOML3	ENSP00000482306	ENSP00000368952	0.58	True	False	34.7	0.0	True	True	BELOW_THRESHOLD
CRX	PROM1	ENSP00000221996	ENSP00000426809	0.58	True	False	202.2	252.8	True	True	BOTH_EXPRESSED
DHDDS	C8orf37	ENSP00000353104	ENSP00000286688	0.58	True	False	30.3		True	False	UNKNOWN
PDE6A	FAM161A	ENSP00000255266	ENSP00000385158	0.58	True	True	1001.0	26.9	True	True	BOTH_EXPRESSED
USH2A	ESRRG	ENSP00000305941	ENSP00000355904	0.58	True	False	17.8	33.5	True	True	BOTH_EXPRESSED
RHO	GNG7	ENSP00000296271	ENSP00000371594	0.58	True	False	3767.6	14.0	True	True	BOTH_EXPRESSED
RPGR	C8orf37	ENSP00000495537	ENSP00000286688	0.58	True	False	11.2		True	False	UNKNOWN
NR2E3	NCOR2	ENSP00000482504	ENSP00000384018	0.58	True	False	121.9	23.1	True	True	BOTH_EXPRESSED
CRB1	FRMD6	ENSP00000356370	ENSP00000343899	0.58	True	False	69.2	17.6	True	True	BOTH_EXPRESSED
PRPF3	MRPS5	ENSP00000315379	ENSP00000272418	0.58	True	False	40.3	2.6	True	True	BOTH_EXPRESSED
IMPG1	RIMS1	ENSP00000358966	ENSP00000428417	0.58	True	False	621.3	6.8	True	True	BOTH_EXPRESSED
PDE6G	RGS7	ENSP00000328412	ENSP00000355523	0.579	True	False	1904.6	3.9	True	True	BOTH_EXPRESSED
GNAT1	SOS1	ENSP00000232461	ENSP00000384675	0.579	True	False	1040.7	14.6	True	True	BOTH_EXPRESSED
CNGB1	ASAP1	ENSP00000251102	ENSP00000429900	0.579	True	False	557.0	8.0	True	True	BOTH_EXPRESSED
ARL3	RAB8A	ENSP00000260746	ENSP00000300935	0.579	True	False	89.3	8.1	True	True	BOTH_EXPRESSED
EYS	C8orf37	ENSP00000359655	ENSP00000286688	0.579	True	False	23.1		True	False	UNKNOWN
PDE6B	GNB4	ENSP00000420295	ENSP00000232564	0.579	True	False	357.2	1.8	True	True	BOTH_EXPRESSED
TULP1	CLRN1	ENSP00000229771	ENSP00000329158	0.579	True	True	194.3	11.8	True	True	BOTH_EXPRESSED
NR2E3	OPN1MW	ENSP00000482504	ENSP00000472316	0.579	True	False	121.9	12.6	True	True	BOTH_EXPRESSED
PDE6G	PDE9A	ENSP00000328412	ENSP00000291539	0.579	True	False	1904.6	9.9	True	True	BOTH_EXPRESSED
MERTK	SCARB1	ENSP00000295408	ENSP00000261693	0.579	True	False	15.4	11.2	True	True	BOTH_EXPRESSED
MERTK	CCR2	ENSP00000295408	ENSP00000292301	0.579	True	False	15.4	0.0	True	True	BELOW_THRESHOLD
CREB3	MYC	ENSP00000342136	ENSP00000478887	0.579	True	False	21.7	0.5	True	True	BOTH_EXPRESSED
NRL	ARR3	ENSP00000454062	ENSP00000311538	0.579	True	False	294.2	357.5	True	True	BOTH_EXPRESSED
SLC24A1	SLC45A2	ENSP00000261892	ENSP00000296589	0.579	True	False	179.2	0.4	True	True	BOTH_EXPRESSED
PDE6G	RGS6	ENSP00000328412	ENSP00000451030	0.579	True	False	1904.6	1.6	True	True	BOTH_EXPRESSED
IDH3G	CHCHD10	ENSP00000217901	ENSP00000384973	0.579	True	False	22.7	58.6	True	True	BOTH_EXPRESSED
GUCA1A	GUK1	ENSP00000053469	ENSP00000355689	0.578	True	False	703.2	36.3	True	True	BOTH_EXPRESSED
MVK	CCDC91	ENSP00000228510	ENSP00000438040	0.578	True	False	3.2	24.8	True	True	BOTH_EXPRESSED
BEST1	TTC8	ENSP00000399709	ENSP00000482306	0.578	True	True	6.2	34.7	True	True	BOTH_EXPRESSED
TOPORS	SPATA7	ENSP00000353735	ENSP00000377176	0.578	True	True	10.6	9.4	True	True	BOTH_EXPRESSED
SNRNP200	HNRNPK	ENSP00000317123	ENSP00000365458	0.578	True	False	62.7	316.6	True	True	BOTH_EXPRESSED
PRPF31	TRIM27	ENSP00000324122	ENSP00000366404	0.578	True	False	7.6	0.1	True	True	BOTH_EXPRESSED
RHO	VSX1	ENSP00000296271	ENSP00000365899	0.578	True	False	3767.6	32.9	True	True	BOTH_EXPRESSED
RHO	MXRA8	ENSP00000296271	ENSP00000399229	0.578	True	False	3767.6	0.8	True	True	BOTH_EXPRESSED
RPGR	MYO7A	ENSP00000495537	ENSP00000386331	0.578	True	False	11.2	25.4	True	True	BOTH_EXPRESSED
CNGA1	CA4	ENSP00000384264	ENSP00000300900	0.578	True	False	244.8	0.0	True	True	BELOW_THRESHOLD
DHX38	PPP4C	ENSP00000268482	ENSP00000279387	0.578	True	False	12.3	16.8	True	True	BOTH_EXPRESSED
IFT140	FBF1	ENSP00000406012	ENSP00000490726	0.578	True	False	5.9	3.8	True	True	BOTH_EXPRESSED
PRPF8	SRSF5	ENSP00000460348	ENSP00000452123	0.578	True	False	76.4	216.4	True	True	BOTH_EXPRESSED
SLC4A7	SLC26A3	ENSP00000390394	ENSP00000345873	0.578	True	False	67.5	0.1	True	True	BOTH_EXPRESSED
FLVCR1	SLC25A37	ENSP00000355938	ENSP00000429200	0.578	True	False	6.3	9.5	True	True	BOTH_EXPRESSED
IDH3G	TOMM40	ENSP00000217901	ENSP00000410339	0.578	True	False	22.7	16.7	True	True	BOTH_EXPRESSED
OFD1	CCDC18	ENSP00000344314	ENSP00000343377	0.578	True	False	2.3	0.3	True	True	BOTH_EXPRESSED
KIAA1549	SND1	ENSP00000416040	ENSP00000346762	0.578	True	False	5.3	29.8	True	True	BOTH_EXPRESSED
CC2D2A	C2CD3	ENSP00000403465	ENSP00000334379	0.578	True	False	78.4	7.7	True	True	BOTH_EXPRESSED
DHDDS	MPDU1	ENSP00000353104	ENSP00000250124	0.578	True	False	30.3	23.5	True	True	BOTH_EXPRESSED
BCOR	CDC20	ENSP00000367705	ENSP00000361540	0.578	True	False	13.1	0.2	True	True	BOTH_EXPRESSED
PDSS1	HMGCR	ENSP00000365388	ENSP00000287936	0.578	True	False	1.7	17.4	True	True	BOTH_EXPRESSED
IFT172	KIAA0586	ENSP00000260570	ENSP00000346359	0.578	True	False	5.3	7.4	True	True	BOTH_EXPRESSED
BBS2	LEP	ENSP00000245157	ENSP00000312652	0.578	True	False	12.0	0.0	True	True	BELOW_THRESHOLD
PDE6B	GRM6	ENSP00000420295	ENSP00000497110	0.577	True	False	357.2	39.6	True	True	BOTH_EXPRESSED
OFD1	PLK4	ENSP00000344314	ENSP00000270861	0.577	True	False	2.3	1.9	True	True	BOTH_EXPRESSED
REEP6	RP1L1	ENSP00000233596	ENSP00000371923	0.577	True	True	87.4	41.0	True	True	BOTH_EXPRESSED
RHO	MC5R	ENSP00000296271	ENSP00000468086	0.577	True	False	3767.6	0.3	True	True	BOTH_EXPRESSED
ARL3	MRPL22	ENSP00000260746	ENSP00000431040	0.577	True	False	89.3	15.7	True	True	BOTH_EXPRESSED
IDH3A	H6PD	ENSP00000299518	ENSP00000473348	0.577	True	False	23.8	3.9	True	True	BOTH_EXPRESSED
GUCY2D	NPR3	ENSP00000254854	ENSP00000265074	0.577	True	False	31.7	2.4	True	True	BOTH_EXPRESSED
PRPF3	DHX29	ENSP00000315379	ENSP00000251636	0.577	True	False	40.3	8.0	True	True	BOTH_EXPRESSED
CC2D2A	TUBE1	ENSP00000403465	ENSP00000357651	0.577	True	False	78.4	9.4	True	True	BOTH_EXPRESSED
SPATA7	ABCA4	ENSP00000377176	ENSP00000359245	0.577	True	False	9.4	328.7	True	True	BOTH_EXPRESSED
AHI1	RPGR	ENSP00000265602	ENSP00000495537	0.577	True	True	25.2	11.2	True	True	BOTH_EXPRESSED
RPGR	MPLKIP	ENSP00000495537	ENSP00000304553	0.577	True	False	11.2	2.8	True	True	BOTH_EXPRESSED
RPGR	KPNA6	ENSP00000495537	ENSP00000362728	0.577	True	False	11.2	15.8	True	True	BOTH_EXPRESSED
TULP1	CA4	ENSP00000229771	ENSP00000300900	0.577	True	False	194.3	0.0	True	True	BELOW_THRESHOLD
GUCY2D	C8orf37	ENSP00000254854	ENSP00000286688	0.576	True	False	31.7		True	False	UNKNOWN
PRPF8	ASXL1	ENSP00000460348	ENSP00000364839	0.576	True	False	76.4	18.3	True	True	BOTH_EXPRESSED
DHX38	EDC4	ENSP00000268482	ENSP00000351811	0.576	True	False	12.3	7.9	True	True	BOTH_EXPRESSED
RPGR	SUGCT	ENSP00000495537	ENSP00000486291	0.576	True	False	11.2	1.8	True	True	BOTH_EXPRESSED
BEST1	LRRC8B	ENSP00000399709	ENSP00000491377	0.576	True	False	6.2	12.0	True	True	BOTH_EXPRESSED
BBS2	TTC21B	ENSP00000245157	ENSP00000243344	0.576	True	False	12.0	6.9	True	True	BOTH_EXPRESSED
PDE6B	GNB2	ENSP00000420295	ENSP00000305260	0.576	True	False	357.2	18.7	True	True	BOTH_EXPRESSED
AIPL1	GUCA1C	ENSP00000370521	ENSP00000261047	0.576	True	False	775.1	274.8	True	True	BOTH_EXPRESSED
USH2A	ZFHX4	ENSP00000305941	ENSP00000498627	0.576	True	False	17.8	2.0	True	True	BOTH_EXPRESSED
SAG	VPS35	ENSP00000386444	ENSP00000299138	0.576	True	False	1359.9	3.7	True	True	BOTH_EXPRESSED
LRAT	RBP4	ENSP00000337224	ENSP00000360522	0.576	True	False	0.9	2.6	True	True	BOTH_EXPRESSED
NR2E3	MERTK	ENSP00000482504	ENSP00000295408	0.575	True	True	121.9	15.4	True	True	BOTH_EXPRESSED
IMPDH1	GDA	ENSP00000345096	ENSP00000238018	0.575	True	False	98.6	0.1	True	True	BOTH_EXPRESSED
AGBL5	TTL	ENSP00000353249	ENSP00000233336	0.575	True	False	15.1	1.2	True	True	BOTH_EXPRESSED
PDE6A	GNG11	ENSP00000255266	ENSP00000248564	0.575	True	False	1001.0	1.4	True	True	BOTH_EXPRESSED
AHI1	SPATA7	ENSP00000265602	ENSP00000377176	0.575	True	True	25.2	9.4	True	True	BOTH_EXPRESSED
COQ2	ATP5F1B	ENSP00000310873	ENSP00000262030	0.575	True	False	3.7	448.6	True	True	BOTH_EXPRESSED
KLHL7	KCTD2	ENSP00000343273	ENSP00000312814	0.575	True	False	13.9	0.3	True	True	BOTH_EXPRESSED
RPE65	TYR	ENSP00000262340	ENSP00000263321	0.575	True	False	7.8	0.1	True	True	BOTH_EXPRESSED
RHO	OPN1LW	ENSP00000296271	ENSP00000358967	0.575	True	False	3767.6	237.8	True	True	BOTH_EXPRESSED
PRPF31	RBM4	ENSP00000324122	ENSP00000386894	0.575	True	False	7.6	68.6	True	True	BOTH_EXPRESSED
MVK	LPIN2	ENSP00000228510	ENSP00000261596	0.575	True	False	3.2	10.5	True	True	BOTH_EXPRESSED
ARL3	RABIF	ENSP00000260746	ENSP00000356231	0.575	True	False	89.3	6.3	True	True	BOTH_EXPRESSED
IDH3G	GRPEL1	ENSP00000217901	ENSP00000264954	0.575	True	False	22.7	9.2	True	True	BOTH_EXPRESSED
SPATA7	C8orf37	ENSP00000377176	ENSP00000286688	0.575	True	False	9.4		True	False	UNKNOWN
SLC66A1	C9orf72	ENSP00000364295	ENSP00000482753	0.575	True	False	11.2	29.0	True	True	BOTH_EXPRESSED
CEP162	KCTD8	ENSP00000385215	ENSP00000353129	0.574	True	False	2.6	6.3	True	True	BOTH_EXPRESSED
NR2E3	KCNV2	ENSP00000482504	ENSP00000371514	0.574	True	False	121.9	268.2	True	True	BOTH_EXPRESSED
MERTK	NRL	ENSP00000295408	ENSP00000454062	0.574	True	True	15.4	294.2	True	True	BOTH_EXPRESSED
OFD1	NOP56	ENSP00000344314	ENSP00000370589	0.574	True	False	2.3	19.5	True	True	BOTH_EXPRESSED
CERKL	RGR	ENSP00000341159	ENSP00000352427	0.574	True	False	19.5	129.0	True	True	BOTH_EXPRESSED
CC2D2A	BBS1	ENSP00000403465	ENSP00000317469	0.574	True	True	78.4	19.9	True	True	BOTH_EXPRESSED
RHO	OPN3	ENSP00000296271	ENSP00000355512	0.574	True	False	3767.6	0.5	True	True	BOTH_EXPRESSED
TULP1	OFD1	ENSP00000229771	ENSP00000344314	0.574	True	True	194.3	2.3	True	True	BOTH_EXPRESSED
TBC1D32	DDX59	ENSP00000381270	ENSP00000330460	0.574	True	False	6.9	16.1	True	True	BOTH_EXPRESSED
SAG	MAP3K5	ENSP00000386444	ENSP00000351908	0.574	True	False	1359.9	13.4	True	True	BOTH_EXPRESSED
RHO	OPRM1	ENSP00000296271	ENSP00000394624	0.574	True	False	3767.6	0.9	True	True	BOTH_EXPRESSED
RDH12	TKFC	ENSP00000449079	ENSP00000378360	0.574	True	False	206.6	5.2	True	True	BOTH_EXPRESSED
GNAT1	SEMA3F	ENSP00000232461	ENSP00000002829	0.574	True	False	1040.7	20.5	True	True	BOTH_EXPRESSED
DHDDS	EYS	ENSP00000353104	ENSP00000359655	0.574	True	True	30.3	23.1	True	True	BOTH_EXPRESSED
USH2A	GUCY2D	ENSP00000305941	ENSP00000254854	0.574	True	True	17.8	31.7	True	True	BOTH_EXPRESSED
DHX38	MTREX	ENSP00000268482	ENSP00000230640	0.574	True	False	12.3	16.5	True	True	BOTH_EXPRESSED
USH2A	HLA-A	ENSP00000305941	ENSP00000379873	0.574	True	False	17.8	9.1	True	True	BOTH_EXPRESSED
HK1	PRKACA	ENSP00000494664	ENSP00000309591	0.574	True	False	141.7	23.4	True	True	BOTH_EXPRESSED
PRPF4	RBM39	ENSP00000363313	ENSP00000253363	0.574	True	False	12.1	45.8	True	True	BOTH_EXPRESSED
PRCD	CCDC66	ENSP00000467661	ENSP00000378167	0.574	True	False	44.6	7.3	True	True	BOTH_EXPRESSED
IFT140	KIF3B	ENSP00000406012	ENSP00000364864	0.574	True	False	5.9	28.6	True	True	BOTH_EXPRESSED
IFT140	WDR37	ENSP00000406012	ENSP00000263150	0.574	True	False	5.9	9.8	True	True	BOTH_EXPRESSED
PDE6B	RP9	ENSP00000420295	ENSP00000297157	0.573	True	False	357.2	14.0	True	True	BOTH_EXPRESSED
PRPF8	HNRNPAB	ENSP00000460348	ENSP00000425031	0.573	True	False	76.4	25.1	True	True	BOTH_EXPRESSED
CEP250	HAUS1	ENSP00000380661	ENSP00000282058	0.573	True	False	9.2	8.8	True	True	BOTH_EXPRESSED
AIPL1	GNAT1	ENSP00000370521	ENSP00000232461	0.573	True	True	775.1	1040.7	True	True	BOTH_EXPRESSED
RHO	GNG13	ENSP00000296271	ENSP00000248150	0.573	True	False	3767.6	51.9	True	True	BOTH_EXPRESSED
BBS9	C8orf37	ENSP00000242067	ENSP00000286688	0.573	True	False	20.3		True	False	UNKNOWN
BBS1	IFT46	ENSP00000317469	ENSP00000264020	0.573	True	False	19.9	33.1	True	True	BOTH_EXPRESSED
COQ2	INF2	ENSP00000310873	ENSP00000376410	0.573	True	False	3.7	3.1	True	True	BOTH_EXPRESSED
SLC24A1	GPR179	ENSP00000261892	ENSP00000483469	0.573	True	False	179.2	12.8	True	True	BOTH_EXPRESSED
CNGB1	RAB8A	ENSP00000251102	ENSP00000300935	0.573	True	False	557.0	8.1	True	True	BOTH_EXPRESSED
RPGR	MT-ND4	ENSP00000495537	ENSP00000354961	0.573	True	False	11.2	13076.9	True	True	BOTH_EXPRESSED
NRL	VSX2	ENSP00000454062	ENSP00000261980	0.572	True	False	294.2	68.4	True	True	BOTH_EXPRESSED
GNAT1	GNAI2	ENSP00000232461	ENSP00000312999	0.572	True	False	1040.7	33.1	True	True	BOTH_EXPRESSED
DHX38	SF3B5	ENSP00000268482	ENSP00000356541	0.572	True	False	12.3	30.0	True	True	BOTH_EXPRESSED
RPGR	LCA5	ENSP00000495537	ENSP00000376686	0.572	True	False	11.2	12.7	True	True	BOTH_EXPRESSED
CNGB1	CA4	ENSP00000251102	ENSP00000300900	0.572	True	False	557.0	0.0	True	True	BELOW_THRESHOLD
SLC24A1	GET4	ENSP00000261892	ENSP00000265857	0.572	True	False	179.2	15.2	True	True	BOTH_EXPRESSED
MAK	ORC1	ENSP00000346484	ENSP00000360623	0.572	True	False	110.1	0.9	True	True	BOTH_EXPRESSED
KIAA1549	PAPSS1	ENSP00000416040	ENSP00000265174	0.572	True	False	5.3	20.7	True	True	BOTH_EXPRESSED
RHO	EXOC4	ENSP00000296271	ENSP00000253861	0.572	True	False	3767.6	49.2	True	True	BOTH_EXPRESSED
IDH3B	CA4	ENSP00000482773	ENSP00000300900	0.572	True	False	42.7	0.0	True	True	BELOW_THRESHOLD
IFT140	TMEM67	ENSP00000406012	ENSP00000389998	0.572	True	False	5.9	3.0	True	True	BOTH_EXPRESSED
GUCY2D	ADAM9	ENSP00000254854	ENSP00000419446	0.572	True	False	31.7	17.2	True	True	BOTH_EXPRESSED
PDE6B	GNG11	ENSP00000420295	ENSP00000248564	0.571	True	False	357.2	1.4	True	True	BOTH_EXPRESSED
CEP162	RAB3IP	ENSP00000385215	ENSP00000447300	0.571	True	False	2.6	82.0	True	True	BOTH_EXPRESSED
SAG	SSTR5	ENSP00000386444	ENSP00000293897	0.571	True	False	1359.9	0.2	True	True	BOTH_EXPRESSED
USH2A	CNGA1	ENSP00000305941	ENSP00000384264	0.571	True	True	17.8	244.8	True	True	BOTH_EXPRESSED
ARL2BP	SLC25A4	ENSP00000219204	ENSP00000281456	0.571	True	False	34.8	18.4	True	True	BOTH_EXPRESSED
FLVCR1	SLC40A1	ENSP00000355938	ENSP00000261024	0.571	True	False	6.3	27.3	True	True	BOTH_EXPRESSED
EYS	GABRR1	ENSP00000359655	ENSP00000412673	0.571	True	False	23.1	22.8	True	True	BOTH_EXPRESSED
RBP3	OPTC	ENSP00000463151	ENSP00000356191	0.571	True	False	504.0	0.6	True	True	BOTH_EXPRESSED
COQ8B	PLCE1	ENSP00000315118	ENSP00000360431	0.571	True	False	1.2	6.0	True	True	BOTH_EXPRESSED
DHX38	RBM41	ENSP00000268482	ENSP00000361557	0.571	True	False	12.3	5.7	True	True	BOTH_EXPRESSED
COQ8B	INF2	ENSP00000315118	ENSP00000376410	0.571	True	False	1.2	3.1	True	True	BOTH_EXPRESSED
RPE65	MFRP	ENSP00000262340	ENSP00000481824	0.571	True	False	7.8	0.1	True	True	BOTH_EXPRESSED
COQ2	GRPEL1	ENSP00000310873	ENSP00000264954	0.571	True	False	3.7	9.2	True	True	BOTH_EXPRESSED
RP2	NME2	ENSP00000218340	ENSP00000376886	0.571	True	False	3.9	58.6	True	True	BOTH_EXPRESSED
COQ2	LDHD	ENSP00000310873	ENSP00000300051	0.571	True	False	3.7	1.2	True	True	BOTH_EXPRESSED
RHO	CANX	ENSP00000296271	ENSP00000247461	0.571	True	False	3767.6	61.7	True	True	BOTH_EXPRESSED
PCARE	DHDDS	ENSP00000332809	ENSP00000353104	0.57	True	True	26.4	30.3	True	True	BOTH_EXPRESSED
IFT172	BBS10	ENSP00000260570	ENSP00000497413	0.57	True	False	5.3	10.5	True	True	BOTH_EXPRESSED
CREB3	NFE2L2	ENSP00000342136	ENSP00000380252	0.57	True	False	21.7	48.6	True	True	BOTH_EXPRESSED
IFT140	PKD2	ENSP00000406012	ENSP00000237596	0.57	True	False	5.9	12.9	True	True	BOTH_EXPRESSED
IDH3G	TIMM17A	ENSP00000217901	ENSP00000356256	0.57	True	False	22.7	30.8	True	True	BOTH_EXPRESSED
IDH3G	TIMM23	ENSP00000217901	ENSP00000464522	0.57	True	False	22.7	39.7	True	True	BOTH_EXPRESSED
GNAT1	PRPH2	ENSP00000232461	ENSP00000230381	0.57	True	True	1040.7	594.9	True	True	BOTH_EXPRESSED
BCOR	FZR1	ENSP00000367705	ENSP00000378529	0.57	True	False	13.1	5.2	True	True	BOTH_EXPRESSED
BCOR	CDC20B	ENSP00000367705	ENSP00000370781	0.57	True	False	13.1	0.0	True	True	BELOW_THRESHOLD
RCBTB1	OR6N1	ENSP00000367552	ENSP00000493254	0.57	True	False	45.9	0.0	True	True	BELOW_THRESHOLD
EYS	SFTA3	ENSP00000359655	ENSP00000428331	0.57	True	False	23.1		True	False	UNKNOWN
HK1	GCKR	ENSP00000494664	ENSP00000264717	0.57	True	False	141.7	0.8	True	True	BOTH_EXPRESSED
RHO	POU4F1	ENSP00000296271	ENSP00000366413	0.57	True	False	3767.6	2.4	True	True	BOTH_EXPRESSED
RLBP1	NRL	ENSP00000268125	ENSP00000454062	0.57	True	True	246.4	294.2	True	True	BOTH_EXPRESSED
CLRN1	TTC8	ENSP00000329158	ENSP00000482306	0.57	True	True	11.8	34.7	True	True	BOTH_EXPRESSED
CC2D2A	FSCN1	ENSP00000403465	ENSP00000371798	0.57	True	False	78.4	3.2	True	True	BOTH_EXPRESSED
BBS9	CEP164	ENSP00000242067	ENSP00000278935	0.57	True	False	20.3	24.1	True	True	BOTH_EXPRESSED
CFAP410	MATR3	ENSP00000381047	ENSP00000378284	0.57	True	False	9.2	207.2	True	True	BOTH_EXPRESSED
CFAP410	MATR3-2	ENSP00000381047	ENSP00000354346	0.57	True	False	9.2		True	False	UNKNOWN
SNRNP200	ZNHIT2	ENSP00000317123	ENSP00000308548	0.57	True	False	62.7	0.8	True	True	BOTH_EXPRESSED
SPATA7	IFT140	ENSP00000377176	ENSP00000406012	0.569	True	True	9.4	5.9	True	True	BOTH_EXPRESSED
DHX38	DDX49	ENSP00000268482	ENSP00000247003	0.569	True	False	12.3	4.5	True	True	BOTH_EXPRESSED
SLC24A1	KCNV2	ENSP00000261892	ENSP00000371514	0.569	True	False	179.2	268.2	True	True	BOTH_EXPRESSED
HK1	ISYNA1	ENSP00000494664	ENSP00000337746	0.569	True	False	141.7	0.8	True	True	BOTH_EXPRESSED
RBP3	RDH5	ENSP00000463151	ENSP00000257895	0.569	True	False	504.0	3.0	True	True	BOTH_EXPRESSED
CLRN1	IMPG2	ENSP00000329158	ENSP00000193391	0.569	True	True	11.8	282.9	True	True	BOTH_EXPRESSED
DYNC2H1	BBS1	ENSP00000497174	ENSP00000317469	0.569	True	True	9.5	19.9	True	True	BOTH_EXPRESSED
RP1L1	TTC8	ENSP00000371923	ENSP00000482306	0.569	True	True	41.0	34.7	True	True	BOTH_EXPRESSED
SAG	ACTB	ENSP00000386444	ENSP00000494750	0.569	True	False	1359.9	452.4	True	True	BOTH_EXPRESSED
RHO	GNG3	ENSP00000296271	ENSP00000294117	0.569	True	False	3767.6	32.7	True	True	BOTH_EXPRESSED
CREB3	PDGFC	ENSP00000342136	ENSP00000422464	0.569	True	False	21.7	0.7	True	True	BOTH_EXPRESSED
DHX38	NCBP2L	ENSP00000268482	ENSP00000492033	0.569	True	False	12.3	0.0	True	True	BELOW_THRESHOLD
IDH3G	SDHC	ENSP00000217901	ENSP00000356953	0.569	True	False	22.7	78.1	True	True	BOTH_EXPRESSED
GUCA1A	NPR2	ENSP00000053469	ENSP00000341083	0.568	True	False	703.2	1.5	True	True	BOTH_EXPRESSED
PRPF31	NAA38	ENSP00000324122	ENSP00000332103	0.568	True	False	7.6	30.2	True	True	BOTH_EXPRESSED
CLN3	RAB11A	ENSP00000454229	ENSP00000261890	0.568	True	False	3.0	91.7	True	True	BOTH_EXPRESSED
MERTK	STAT1	ENSP00000295408	ENSP00000354394	0.568	True	False	15.4	19.1	True	True	BOTH_EXPRESSED
PRPF3	HTATSF1	ENSP00000315379	ENSP00000442699	0.568	True	False	40.3	52.0	True	True	BOTH_EXPRESSED
PRPF3	PDE6B	ENSP00000315379	ENSP00000420295	0.568	True	True	40.3	357.2	True	True	BOTH_EXPRESSED
MVK	PKLR	ENSP00000228510	ENSP00000339933	0.568	True	False	3.2	0.0	True	True	BELOW_THRESHOLD
DHX38	RNPC3	ENSP00000268482	ENSP00000432886	0.568	True	False	12.3	58.9	True	True	BOTH_EXPRESSED
IDH3G	TIMM8A	ENSP00000217901	ENSP00000361993	0.568	True	False	22.7	4.6	True	True	BOTH_EXPRESSED
PDE6A	PROM1	ENSP00000255266	ENSP00000426809	0.568	True	False	1001.0	252.8	True	True	BOTH_EXPRESSED
MERTK	TOPORS	ENSP00000295408	ENSP00000353735	0.568	True	True	15.4	10.6	True	True	BOTH_EXPRESSED
BEST1	GNAT2	ENSP00000399709	ENSP00000251337	0.568	True	False	6.2	73.0	True	True	BOTH_EXPRESSED
COQ2	ATP5F1A	ENSP00000310873	ENSP00000381736	0.568	True	False	3.7	431.2	True	True	BOTH_EXPRESSED
IFT172	NRBP1	ENSP00000260570	ENSP00000369192	0.568	True	False	5.3	44.1	True	True	BOTH_EXPRESSED
IDH3G	CHCHD2	ENSP00000217901	ENSP00000378812	0.568	True	False	22.7	209.6	True	True	BOTH_EXPRESSED
PRPF3	LARP7	ENSP00000315379	ENSP00000422626	0.568	True	False	40.3	20.4	True	True	BOTH_EXPRESSED
FLVCR1	SLC20A1	ENSP00000355938	ENSP00000272542	0.568	True	False	6.3	48.5	True	True	BOTH_EXPRESSED
DHDDS	FOXP4	ENSP00000353104	ENSP00000362151	0.568	True	False	30.3	2.6	True	True	BOTH_EXPRESSED
ZNF408	C11orf49	ENSP00000309606	ENSP00000367878	0.567	True	False	1.2		True	False	UNKNOWN
SLC4A7	RAD51B	ENSP00000390394	ENSP00000419881	0.567	True	False	67.5	2.8	True	True	BOTH_EXPRESSED
PRPF4	HTATSF1	ENSP00000363313	ENSP00000442699	0.567	True	False	12.1	52.0	True	True	BOTH_EXPRESSED
RDH12	C8orf37	ENSP00000449079	ENSP00000286688	0.567	True	False	206.6		True	False	UNKNOWN
SLC66A1	SMCR8	ENSP00000364295	ENSP00000385025	0.567	True	False	11.2	2.5	True	True	BOTH_EXPRESSED
CNGB1	PKD2	ENSP00000251102	ENSP00000237596	0.567	True	False	557.0	12.9	True	True	BOTH_EXPRESSED
RPGR	KPNA5	ENSP00000495537	ENSP00000357552	0.567	True	False	11.2	18.6	True	True	BOTH_EXPRESSED
FLVCR1	PPOX	ENSP00000355938	ENSP00000356978	0.567	True	False	6.3	11.7	True	True	BOTH_EXPRESSED
PRPF31	TMIGD2	ENSP00000324122	ENSP00000301272	0.567	True	False	7.6	0.1	True	True	BOTH_EXPRESSED
PRPF31	SPACA6	ENSP00000324122	ENSP00000490829	0.567	True	False	7.6	0.1	True	True	BOTH_EXPRESSED
IFT172	IQCB1	ENSP00000260570	ENSP00000311505	0.567	True	False	5.3	17.5	True	True	BOTH_EXPRESSED
AGBL5	TTLL5	ENSP00000353249	ENSP00000298832	0.567	True	False	15.1	22.2	True	True	BOTH_EXPRESSED
IDH3B	ATP5PB	ENSP00000482773	ENSP00000358737	0.567	True	False	42.7	26.4	True	True	BOTH_EXPRESSED
RHO	GNG8	ENSP00000296271	ENSP00000300873	0.567	True	False	3767.6	0.4	True	True	BOTH_EXPRESSED
COQ5	GGPS1	ENSP00000288532	ENSP00000282841	0.566	True	False	24.3	35.9	True	True	BOTH_EXPRESSED
PRPH2	IDH3B	ENSP00000230381	ENSP00000482773	0.566	True	True	594.9	42.7	True	True	BOTH_EXPRESSED
GNAT1	GPSM2	ENSP00000232461	ENSP00000385510	0.566	True	False	1040.7	6.0	True	True	BOTH_EXPRESSED
IDH3A	ACADM	ENSP00000299518	ENSP00000359871	0.566	True	False	23.8	19.7	True	True	BOTH_EXPRESSED
CDHR1	TSPAN1	ENSP00000485478	ENSP00000361072	0.566	True	False	291.2	0.0	True	True	BELOW_THRESHOLD
PDE6B	IDUA	ENSP00000420295	ENSP00000247933	0.566	True	False	357.2	1.7	True	True	BOTH_EXPRESSED
TTC8	IQCB1	ENSP00000482306	ENSP00000311505	0.566	True	False	34.7	17.5	True	True	BOTH_EXPRESSED
DHX38	SF3B6	ENSP00000268482	ENSP00000233468	0.566	True	False	12.3	59.6	True	True	BOTH_EXPRESSED
ARL3	RAB23	ENSP00000260746	ENSP00000417610	0.566	True	False	89.3	3.6	True	True	BOTH_EXPRESSED
IDH3G	GRPEL2	ENSP00000217901	ENSP00000329558	0.566	True	False	22.7	5.2	True	True	BOTH_EXPRESSED
CNGA1	CNGA2	ENSP00000384264	ENSP00000328478	0.566	True	False	244.8	0.0	True	True	BELOW_THRESHOLD
RHO	CTBP2	ENSP00000296271	ENSP00000311825	0.566	True	False	3767.6	60.3	True	True	BOTH_EXPRESSED
CRX	CA4	ENSP00000221996	ENSP00000300900	0.566	True	False	202.2	0.0	True	True	BELOW_THRESHOLD
KLHL7	ZMYM3	ENSP00000343273	ENSP00000322845	0.566	True	False	13.9	12.4	True	True	BOTH_EXPRESSED
PRPF4	SRSF1	ENSP00000363313	ENSP00000258962	0.566	True	False	12.1	56.0	True	True	BOTH_EXPRESSED
PRPF6	RTCB	ENSP00000266079	ENSP00000216038	0.565	True	False	33.8	40.9	True	True	BOTH_EXPRESSED
PRPF31	KMT2B	ENSP00000324122	ENSP00000398837	0.565	True	False	7.6	8.2	True	True	BOTH_EXPRESSED
GNAT1	GNAZ	ENSP00000232461	ENSP00000478892	0.565	True	False	1040.7	30.7	True	True	BOTH_EXPRESSED
RPGR	KPNA3	ENSP00000495537	ENSP00000261667	0.565	True	False	11.2	30.9	True	True	BOTH_EXPRESSED
RPGR	KPNA4	ENSP00000495537	ENSP00000334373	0.565	True	False	11.2	12.2	True	True	BOTH_EXPRESSED
OFD1	HAUS6	ENSP00000344314	ENSP00000369871	0.565	True	False	2.3	8.4	True	True	BOTH_EXPRESSED
MVK	SP1	ENSP00000228510	ENSP00000329357	0.565	True	False	3.2	18.9	True	True	BOTH_EXPRESSED
DYNC2H1	KIF17	ENSP00000497174	ENSP00000247986	0.565	True	False	9.5	0.2	True	True	BOTH_EXPRESSED
RPGR	KPNA2	ENSP00000495537	ENSP00000438483	0.565	True	False	11.2	20.6	True	True	BOTH_EXPRESSED
PRPF8	RANBP2	ENSP00000460348	ENSP00000283195	0.565	True	False	76.4	25.7	True	True	BOTH_EXPRESSED
RHO	EXOC3	ENSP00000296271	ENSP00000425587	0.565	True	False	3767.6	7.4	True	True	BOTH_EXPRESSED
SCLT1	ARL13B	ENSP00000281142	ENSP00000377769	0.565	True	False	2.7	16.8	True	True	BOTH_EXPRESSED
NR2E3	MED1	ENSP00000482504	ENSP00000300651	0.565	True	False	121.9	7.4	True	True	BOTH_EXPRESSED
AIPL1	KCNV2	ENSP00000370521	ENSP00000371514	0.565	True	False	775.1	268.2	True	True	BOTH_EXPRESSED
PRPF8	LRRC59	ENSP00000460348	ENSP00000225972	0.565	True	False	76.4	20.1	True	True	BOTH_EXPRESSED
SLC66A1	SLC36A1	ENSP00000364295	ENSP00000243389	0.565	True	False	11.2	1.8	True	True	BOTH_EXPRESSED
RPGR	KPNA1	ENSP00000495537	ENSP00000343701	0.565	True	False	11.2	26.5	True	True	BOTH_EXPRESSED
PRPF8	FUS	ENSP00000460348	ENSP00000254108	0.565	True	False	76.4	55.2	True	True	BOTH_EXPRESSED
OFD1	NEK8	ENSP00000344314	ENSP00000268766	0.565	True	False	2.3	0.5	True	True	BOTH_EXPRESSED
CNGA1	GNAT2	ENSP00000384264	ENSP00000251337	0.565	True	False	244.8	73.0	True	True	BOTH_EXPRESSED
ARL3	GANAB	ENSP00000260746	ENSP00000340466	0.565	True	False	89.3	73.7	True	True	BOTH_EXPRESSED
ARL3	MRPL17	ENSP00000260746	ENSP00000288937	0.565	True	False	89.3	6.9	True	True	BOTH_EXPRESSED
CDHR1	B4E171_HUMAN	ENSP00000485478	ENSP00000417050	0.565	True	False	291.2		True	False	UNKNOWN
IDH3A	ACLY	ENSP00000299518	ENSP00000466259	0.564	True	False	23.8	21.5	True	True	BOTH_EXPRESSED
RPE65	DEPDC1	ENSP00000262340	ENSP00000412292	0.564	True	False	7.8	0.0	True	True	BELOW_THRESHOLD
PDE6B	IFNG	ENSP00000420295	ENSP00000229135	0.564	True	False	357.2	0.0	True	True	BELOW_THRESHOLD
PDSS1	FDX2	ENSP00000365388	ENSP00000377311	0.564	True	False	1.7	7.0	True	True	BOTH_EXPRESSED
PRPF6	TFIP11	ENSP00000266079	ENSP00000384421	0.564	True	False	33.8	12.4	True	True	BOTH_EXPRESSED
PDE6A	FZD4	ENSP00000255266	ENSP00000434034	0.564	True	False	1001.0	1.0	True	True	BOTH_EXPRESSED
IMPDH1	IQCB1	ENSP00000345096	ENSP00000311505	0.564	True	False	98.6	17.5	True	True	BOTH_EXPRESSED
OFD1	CEP97	ENSP00000344314	ENSP00000342510	0.564	True	False	2.3	2.7	True	True	BOTH_EXPRESSED
RHO	ATF6	ENSP00000296271	ENSP00000356919	0.564	True	False	3767.6	15.4	True	True	BOTH_EXPRESSED
PRPF3	SRRM1	ENSP00000315379	ENSP00000326261	0.564	True	False	40.3	49.3	True	True	BOTH_EXPRESSED
IMPDH1	PAICS	ENSP00000345096	ENSP00000382595	0.564	True	False	98.6	28.1	True	True	BOTH_EXPRESSED
RP1L1	CABP4	ENSP00000371923	ENSP00000324960	0.564	True	False	41.0	63.1	True	True	BOTH_EXPRESSED
IFT172	CHDH	ENSP00000260570	ENSP00000319851	0.564	True	False	5.3	1.3	True	True	BOTH_EXPRESSED
IFT172	KLC4	ENSP00000260570	ENSP00000259708	0.564	True	False	5.3	22.2	True	True	BOTH_EXPRESSED
PDSS1	SDHA	ENSP00000365388	ENSP00000264932	0.564	True	False	1.7	38.7	True	True	BOTH_EXPRESSED
SNRNP200	DHX30	ENSP00000317123	ENSP00000405620	0.564	True	False	62.7	11.8	True	True	BOTH_EXPRESSED
SNRNP200	CA4	ENSP00000317123	ENSP00000300900	0.564	True	False	62.7	0.0	True	True	BELOW_THRESHOLD
SLC24A1	GRK1	ENSP00000261892	ENSP00000334876	0.563	True	False	179.2	39.5	True	True	BOTH_EXPRESSED
USH2A	BBS1	ENSP00000305941	ENSP00000317469	0.563	True	True	17.8	19.9	True	True	BOTH_EXPRESSED
PRPF8	SPATA7	ENSP00000460348	ENSP00000377176	0.563	True	True	76.4	9.4	True	True	BOTH_EXPRESSED
PRPF3	RBM7	ENSP00000315379	ENSP00000364639	0.563	True	False	40.3	6.3	True	True	BOTH_EXPRESSED
SCLT1	CNTRL	ENSP00000281142	ENSP00000362962	0.563	True	False	2.7	4.6	True	True	BOTH_EXPRESSED
NR2E3	ATXN7L2	ENSP00000482504	ENSP00000358886	0.563	True	False	121.9	0.2	True	True	BOTH_EXPRESSED
IDH3G	COX17	ENSP00000217901	ENSP00000261070	0.563	True	False	22.7	111.7	True	True	BOTH_EXPRESSED
IDH3B	ENSP00000497305	ENSP00000482773	ENSP00000497305	0.563	True	False	42.7		True	False	UNKNOWN
BBS1	ARL13B	ENSP00000317469	ENSP00000377769	0.563	True	False	19.9	16.8	True	True	BOTH_EXPRESSED
COQ2	DNAJC19	ENSP00000310873	ENSP00000372005	0.563	True	False	3.7	23.8	True	True	BOTH_EXPRESSED
PRPF8	POLR2A	ENSP00000460348	ENSP00000461879	0.563	True	False	76.4	0.2	True	True	BOTH_EXPRESSED
ARL3	MRPL13	ENSP00000260746	ENSP00000306548	0.563	True	False	89.3	19.8	True	True	BOTH_EXPRESSED
FAM161A	GRPEL1	ENSP00000385158	ENSP00000264954	0.563	True	False	26.9	9.2	True	True	BOTH_EXPRESSED
FAM161A	GRPEL2	ENSP00000385158	ENSP00000329558	0.563	True	False	26.9	5.2	True	True	BOTH_EXPRESSED
PRPF4	TFIP11	ENSP00000363313	ENSP00000384421	0.563	True	False	12.1	12.4	True	True	BOTH_EXPRESSED
RBP3	ABCA4	ENSP00000463151	ENSP00000359245	0.563	True	False	504.0	328.7	True	True	BOTH_EXPRESSED
ARL3	MRPS12	ENSP00000260746	ENSP00000384952	0.563	True	False	89.3	2.2	True	True	BOTH_EXPRESSED
ARL3	MRPS15	ENSP00000260746	ENSP00000362208	0.563	True	False	89.3	19.5	True	True	BOTH_EXPRESSED
SLC24A1	CACNA1F	ENSP00000261892	ENSP00000365441	0.563	True	False	179.2	116.2	True	True	BOTH_EXPRESSED
GUCA1A	CNGA3	ENSP00000053469	ENSP00000272602	0.563	True	False	703.2	5.4	True	True	BOTH_EXPRESSED
USH2A	CNGB3	ENSP00000305941	ENSP00000316605	0.563	True	False	17.8	11.6	True	True	BOTH_EXPRESSED
IDH3G	HSPA9	ENSP00000217901	ENSP00000297185	0.563	True	False	22.7	45.2	True	True	BOTH_EXPRESSED
SNRNP200	TTC8	ENSP00000317123	ENSP00000482306	0.562	True	True	62.7	34.7	True	True	BOTH_EXPRESSED
CLCC1	SCO1	ENSP00000349456	ENSP00000255390	0.562	True	False	10.5	8.6	True	True	BOTH_EXPRESSED
GUCA1A	GCDH	ENSP00000053469	ENSP00000466845	0.562	True	False	703.2	5.1	True	True	BOTH_EXPRESSED
PRPF8	HSP90AA1	ENSP00000460348	ENSP00000335153	0.562	True	False	76.4	1044.8	True	True	BOTH_EXPRESSED
OFD1	CEP192	ENSP00000344314	ENSP00000427550	0.562	True	False	2.3	6.2	True	True	BOTH_EXPRESSED
ARL2BP	RSPRY1	ENSP00000219204	ENSP00000443176	0.562	True	False	34.8	7.9	True	True	BOTH_EXPRESSED
SPATA7	SNRNP200	ENSP00000377176	ENSP00000317123	0.562	True	True	9.4	62.7	True	True	BOTH_EXPRESSED
TMEM216	RAB8A	ENSP00000334844	ENSP00000300935	0.562	True	False	10.8	8.1	True	True	BOTH_EXPRESSED
CLN3	SGSH	ENSP00000454229	ENSP00000314606	0.562	True	False	3.0	2.6	True	True	BOTH_EXPRESSED
CC2D2A	NINL	ENSP00000403465	ENSP00000278886	0.562	True	False	78.4	1.2	True	True	BOTH_EXPRESSED
DHX38	NUP98	ENSP00000268482	ENSP00000316032	0.562	True	False	12.3	18.9	True	True	BOTH_EXPRESSED
SCLT1	CEP135	ENSP00000281142	ENSP00000257287	0.562	True	False	2.7	2.6	True	True	BOTH_EXPRESSED
USH2A	ESPN	ENSP00000305941	ENSP00000496593	0.562	True	False	17.8	109.8	True	True	BOTH_EXPRESSED
BEST1	TMEM98	ENSP00000399709	ENSP00000463245	0.562	True	False	6.2	14.6	True	True	BOTH_EXPRESSED
CLRN1	LHFPL5	ENSP00000329158	ENSP00000498322	0.562	True	False	11.8	7.2	True	True	BOTH_EXPRESSED
ARHGEF18	LTBR	ENSP00000482647	ENSP00000228918	0.561	True	False	4.6	1.8	True	True	BOTH_EXPRESSED
BBS1	POMC	ENSP00000317469	ENSP00000384092	0.561	True	False	19.9	0.2	True	True	BOTH_EXPRESSED
HK1	PGM1	ENSP00000494664	ENSP00000360124	0.561	True	False	141.7	20.9	True	True	BOTH_EXPRESSED
PDSS1	WDR97	ENSP00000365388	ENSP00000320648	0.561	True	False	1.7	0.2	True	True	BOTH_EXPRESSED
GNAT1	GNAI3	ENSP00000232461	ENSP00000358867	0.561	True	False	1040.7	16.5	True	True	BOTH_EXPRESSED
PRPF31	HCFC2	ENSP00000324122	ENSP00000229330	0.561	True	False	7.6	7.4	True	True	BOTH_EXPRESSED
PRPF3	NEMF	ENSP00000315379	ENSP00000298310	0.561	True	False	40.3	13.7	True	True	BOTH_EXPRESSED
PRPF8	DDX41	ENSP00000460348	ENSP00000330349	0.561	True	False	76.4	13.6	True	True	BOTH_EXPRESSED
COQ2	GRPEL2	ENSP00000310873	ENSP00000329558	0.561	True	False	3.7	5.2	True	True	BOTH_EXPRESSED
IDH3A	NDUFAB1	ENSP00000299518	ENSP00000458770	0.561	True	False	23.8	85.0	True	True	BOTH_EXPRESSED
RDH12	FAM161A	ENSP00000449079	ENSP00000385158	0.561	True	True	206.6	26.9	True	True	BOTH_EXPRESSED
TULP1	PROM1	ENSP00000229771	ENSP00000426809	0.561	True	False	194.3	252.8	True	True	BOTH_EXPRESSED
BBS2	E9PBE3_HUMAN	ENSP00000245157	ENSP00000424363	0.561	True	False	12.0		True	False	UNKNOWN
IFT172	SLC4A8	ENSP00000260570	ENSP00000405812	0.561	True	False	5.3	10.3	True	True	BOTH_EXPRESSED
PDE6A	RGS9	ENSP00000255266	ENSP00000262406	0.561	True	False	1001.0	1.2	True	True	BOTH_EXPRESSED
CEP250	USH1C	ENSP00000380661	ENSP00000005226	0.561	True	False	9.2	17.6	True	True	BOTH_EXPRESSED
CEP162	CEP131	ENSP00000385215	ENSP00000269392	0.561	True	False	2.6	1.7	True	True	BOTH_EXPRESSED
OFD1	HAUS8	ENSP00000344314	ENSP00000253669	0.561	True	False	2.3	0.9	True	True	BOTH_EXPRESSED
COQ2	SDHA	ENSP00000310873	ENSP00000264932	0.561	True	False	3.7	38.7	True	True	BOTH_EXPRESSED
BBS1	KIF17	ENSP00000317469	ENSP00000247986	0.56	True	False	19.9	0.2	True	True	BOTH_EXPRESSED
MVK	NFYB	ENSP00000228510	ENSP00000240055	0.56	True	False	3.2	19.7	True	True	BOTH_EXPRESSED
IDH3A	SHMT1	ENSP00000299518	ENSP00000318868	0.56	True	False	23.8	2.6	True	True	BOTH_EXPRESSED
CRX	SIX6	ENSP00000221996	ENSP00000328596	0.56	True	False	202.2	6.2	True	True	BOTH_EXPRESSED
PRPF8	TRA2B	ENSP00000460348	ENSP00000416959	0.56	True	False	76.4	17.1	True	True	BOTH_EXPRESSED
KLHL7	KCTD5	ENSP00000343273	ENSP00000301738	0.56	True	False	13.9	6.2	True	True	BOTH_EXPRESSED
PDE6B	MYL5	ENSP00000420295	ENSP00000383023	0.56	True	False	357.2	54.3	True	True	BOTH_EXPRESSED
CEP162	CEP295	ENSP00000385215	ENSP00000316681	0.56	True	False	2.6	13.6	True	True	BOTH_EXPRESSED
CEP250	NINL	ENSP00000380661	ENSP00000278886	0.56	True	False	9.2	1.2	True	True	BOTH_EXPRESSED
CEP250	AURKA	ENSP00000380661	ENSP00000216911	0.56	True	False	9.2	2.8	True	True	BOTH_EXPRESSED
SNRNP200	RBM7	ENSP00000317123	ENSP00000364639	0.56	True	False	62.7	6.3	True	True	BOTH_EXPRESSED
RHO	GNG12	ENSP00000296271	ENSP00000360021	0.56	True	False	3767.6	6.1	True	True	BOTH_EXPRESSED
RHO	RS1	ENSP00000296271	ENSP00000369320	0.56	True	False	3767.6	198.0	True	True	BOTH_EXPRESSED
TTC8	IFT80	ENSP00000482306	ENSP00000312778	0.56	True	False	34.7	23.2	True	True	BOTH_EXPRESSED
PRPF8	HNRNPD	ENSP00000460348	ENSP00000313199	0.56	True	False	76.4	168.1	True	True	BOTH_EXPRESSED
PRPH2	CTBP2	ENSP00000230381	ENSP00000311825	0.559	True	False	594.9	60.3	True	True	BOTH_EXPRESSED
CEP250	CEP63	ENSP00000380661	ENSP00000336524	0.559	True	False	9.2	15.5	True	True	BOTH_EXPRESSED
GNAT1	GNAO1	ENSP00000232461	ENSP00000262494	0.559	True	False	1040.7	48.0	True	True	BOTH_EXPRESSED
GUCY2D	NPPC	ENSP00000254854	ENSP00000387159	0.559	True	False	31.7	2.2	True	True	BOTH_EXPRESSED
GUCA1A	PDE6B	ENSP00000053469	ENSP00000420295	0.559	True	True	703.2	357.2	True	True	BOTH_EXPRESSED
IFT172	C2CD3	ENSP00000260570	ENSP00000334379	0.559	True	False	5.3	7.7	True	True	BOTH_EXPRESSED
PDE6B	TOPORS	ENSP00000420295	ENSP00000353735	0.559	True	True	357.2	10.6	True	True	BOTH_EXPRESSED
MERTK	CHST10	ENSP00000295408	ENSP00000264249	0.559	True	False	15.4	8.7	True	True	BOTH_EXPRESSED
BEST1	ANO1	ENSP00000399709	ENSP00000347454	0.559	True	False	6.2	0.4	True	True	BOTH_EXPRESSED
CLRN1	ABHD12	ENSP00000329158	ENSP00000365725	0.559	True	False	11.8	28.2	True	True	BOTH_EXPRESSED
PRPF8	FMC1-LUC7L2	ENSP00000460348	ENSP00000440222	0.559	True	False	76.4	13.0	True	True	BOTH_EXPRESSED
NR2E3	PDE6C	ENSP00000482504	ENSP00000360502	0.559	True	False	121.9	21.4	True	True	BOTH_EXPRESSED
INPP5E	PRPF19	ENSP00000360777	ENSP00000227524	0.559	True	False	6.9	42.8	True	True	BOTH_EXPRESSED
BCOR	AFF1	ENSP00000367705	ENSP00000378578	0.558	True	False	13.1	59.0	True	True	BOTH_EXPRESSED
MERTK	TTC8	ENSP00000295408	ENSP00000482306	0.558	True	True	15.4	34.7	True	True	BOTH_EXPRESSED
BEST1	LRRC8C	ENSP00000399709	ENSP00000359483	0.558	True	False	6.2	1.5	True	True	BOTH_EXPRESSED
ARL3	MRPL43	ENSP00000260746	ENSP00000339844	0.558	True	False	89.3	10.6	True	True	BOTH_EXPRESSED
SAG	VPS26A	ENSP00000386444	ENSP00000263559	0.558	True	False	1359.9	18.2	True	True	BOTH_EXPRESSED
DHX38	DHX37	ENSP00000268482	ENSP00000311135	0.558	True	False	12.3	0.5	True	True	BOTH_EXPRESSED
DHX38	PPIL2	ENSP00000268482	ENSP00000486725	0.558	True	False	12.3	8.4	True	True	BOTH_EXPRESSED
TTC8	CCT4	ENSP00000482306	ENSP00000377958	0.558	True	False	34.7	52.6	True	True	BOTH_EXPRESSED
BBS2	KIF3A	ENSP00000245157	ENSP00000385808	0.558	True	False	12.0	31.3	True	True	BOTH_EXPRESSED
PRPF8	RPS9	ENSP00000460348	ENSP00000375632	0.558	True	False	76.4	73.4	True	True	BOTH_EXPRESSED
ARL3	RAB28	ENSP00000260746	ENSP00000328551	0.558	True	False	89.3	51.3	True	True	BOTH_EXPRESSED
SLC4A7	RHOF	ENSP00000390394	ENSP00000267205	0.558	True	False	67.5	9.2	True	True	BOTH_EXPRESSED
GUCA1A	GUCY2C	ENSP00000053469	ENSP00000261170	0.558	True	False	703.2	0.1	True	True	BOTH_EXPRESSED
KIZ	SHLD3	ENSP00000479542	ENSP00000424007	0.558	True	False	18.7	3.4	True	True	BOTH_EXPRESSED
RAX2	FBLN5	ENSP00000450456	ENSP00000345008	0.557	True	False	59.9	0.5	True	True	BOTH_EXPRESSED
TTC8	CLUAP1	ENSP00000482306	ENSP00000344392	0.557	True	False	34.7	26.7	True	True	BOTH_EXPRESSED
SCLT1	CEP350	ENSP00000281142	ENSP00000356579	0.557	True	False	2.7	4.2	True	True	BOTH_EXPRESSED
KIAA1549	AGTRAP	ENSP00000416040	ENSP00000319713	0.557	True	False	5.3	3.2	True	True	BOTH_EXPRESSED
MVK	LHCGR	ENSP00000228510	ENSP00000294954	0.557	True	False	3.2	0.1	True	True	BOTH_EXPRESSED
IMPG2	PROM1	ENSP00000193391	ENSP00000426809	0.557	True	False	282.9	252.8	True	True	BOTH_EXPRESSED
COQ2	NDUFAF6	ENSP00000310873	ENSP00000379430	0.557	True	False	3.7	3.7	True	True	BOTH_EXPRESSED
RDH12	PROM1	ENSP00000449079	ENSP00000426809	0.557	True	False	206.6	252.8	True	True	BOTH_EXPRESSED
PDE6B	LRIT3	ENSP00000420295	ENSP00000469759	0.557	True	False	357.2	16.3	True	True	BOTH_EXPRESSED
NR2E3	ATXN7L1	ENSP00000482504	ENSP00000410759	0.557	True	False	121.9	1.9	True	True	BOTH_EXPRESSED
RHO	ZPR1	ENSP00000296271	ENSP00000227322	0.557	True	False	3767.6	5.2	True	True	BOTH_EXPRESSED
PRPF3	NOL6	ENSP00000315379	ENSP00000297990	0.557	True	False	40.3	6.3	True	True	BOTH_EXPRESSED
GNAT1	GNAI1	ENSP00000232461	ENSP00000497260	0.556	True	False	1040.7	1.4	True	True	BOTH_EXPRESSED
IDH3G	TIMM8B	ENSP00000217901	ENSP00000438455	0.556	True	False	22.7	14.5	True	True	BOTH_EXPRESSED
PRPF6	CCAR1	ENSP00000266079	ENSP00000265872	0.556	True	False	33.8	19.3	True	True	BOTH_EXPRESSED
IDH3B	MRPS36	ENSP00000482773	ENSP00000256441	0.556	True	False	42.7	17.5	True	True	BOTH_EXPRESSED
PDE6B	CTBP2	ENSP00000420295	ENSP00000311825	0.556	True	False	357.2	60.3	True	True	BOTH_EXPRESSED
CREB3	CDR2	ENSP00000342136	ENSP00000268383	0.556	True	False	21.7	69.5	True	True	BOTH_EXPRESSED
ARHGEF18	PRKCZ	ENSP00000482647	ENSP00000367830	0.556	True	False	4.6	13.7	True	True	BOTH_EXPRESSED
INPP5E	FLYWCH1	ENSP00000360777	ENSP00000253928	0.556	True	False	6.9	12.3	True	True	BOTH_EXPRESSED
CNGB1	RAB11A	ENSP00000251102	ENSP00000261890	0.556	True	False	557.0	91.7	True	True	BOTH_EXPRESSED
DYNC2H1	FAN1	ENSP00000497174	ENSP00000354497	0.556	True	False	9.5	2.6	True	True	BOTH_EXPRESSED
BBS2	OFD1	ENSP00000245157	ENSP00000344314	0.556	True	True	12.0	2.3	True	True	BOTH_EXPRESSED
RAX2	RHO	ENSP00000450456	ENSP00000296271	0.556	True	True	59.9	3767.6	True	True	BOTH_EXPRESSED
PRPF8	DNAJC8	ENSP00000460348	ENSP00000263697	0.556	True	False	76.4	23.7	True	True	BOTH_EXPRESSED
CRX	THRB	ENSP00000221996	ENSP00000379904	0.556	True	False	202.2	18.6	True	True	BOTH_EXPRESSED
AHI1	BBS4	ENSP00000265602	ENSP00000268057	0.556	True	False	25.2	42.0	True	True	BOTH_EXPRESSED
DHX38	LENG1	ENSP00000268482	ENSP00000222224	0.556	True	False	12.3	0.1	True	True	BOTH_EXPRESSED
CLN3	HOOK2	ENSP00000454229	ENSP00000380785	0.556	True	False	3.0	12.4	True	True	BOTH_EXPRESSED
IDH3G	SLC25A13	ENSP00000217901	ENSP00000400101	0.556	True	False	22.7	18.0	True	True	BOTH_EXPRESSED
SLC4A7	RHOQ	ENSP00000390394	ENSP00000238738	0.556	True	False	67.5	25.7	True	True	BOTH_EXPRESSED
NR2E3	CA4	ENSP00000482504	ENSP00000300900	0.556	True	False	121.9	0.0	True	True	BELOW_THRESHOLD
CLN3	GAD2	ENSP00000454229	ENSP00000365437	0.556	True	False	3.0	8.8	True	True	BOTH_EXPRESSED
PRPF31	SRSF1	ENSP00000324122	ENSP00000258962	0.556	True	False	7.6	56.0	True	True	BOTH_EXPRESSED
ARL3	MRPS10	ENSP00000260746	ENSP00000053468	0.556	True	False	89.3	16.9	True	True	BOTH_EXPRESSED
POMGNT1	HSPG2	ENSP00000361060	ENSP00000363827	0.555	True	False	10.1	0.3	True	True	BOTH_EXPRESSED
PDE6B	IDH3B	ENSP00000420295	ENSP00000482773	0.555	True	True	357.2	42.7	True	True	BOTH_EXPRESSED
ARL3	MRPS11	ENSP00000260746	ENSP00000317376	0.555	True	False	89.3	2.3	True	True	BOTH_EXPRESSED
RLBP1	RPGR	ENSP00000268125	ENSP00000495537	0.555	True	True	246.4	11.2	True	True	BOTH_EXPRESSED
CRX	IQCB1	ENSP00000221996	ENSP00000311505	0.555	True	False	202.2	17.5	True	True	BOTH_EXPRESSED
PRPF8	PPIA	ENSP00000460348	ENSP00000419425	0.555	True	False	76.4	460.2	True	True	BOTH_EXPRESSED
IDH3A	ATP5MC1	ENSP00000299518	ENSP00000377033	0.555	True	False	23.8	108.4	True	True	BOTH_EXPRESSED
IDH3A	NDUFA2	ENSP00000299518	ENSP00000252102	0.555	True	False	23.8	48.0	True	True	BOTH_EXPRESSED
BBS2	IFT57	ENSP00000245157	ENSP00000264538	0.555	True	False	12.0	22.2	True	True	BOTH_EXPRESSED
BBS2	ARL13B	ENSP00000245157	ENSP00000377769	0.555	True	False	12.0	16.8	True	True	BOTH_EXPRESSED
OFD1	SUFU	ENSP00000344314	ENSP00000358918	0.555	True	False	2.3	4.3	True	True	BOTH_EXPRESSED
COQ2	RETSAT	ENSP00000310873	ENSP00000295802	0.555	True	False	3.7	8.8	True	True	BOTH_EXPRESSED
COQ2	PYROXD2	ENSP00000310873	ENSP00000359607	0.555	True	False	3.7	2.0	True	True	BOTH_EXPRESSED
OFD1	BBS7	ENSP00000344314	ENSP00000264499	0.555	True	False	2.3	52.4	True	True	BOTH_EXPRESSED
RHO	EXOC8	ENSP00000296271	ENSP00000355605	0.555	True	False	3767.6	6.9	True	True	BOTH_EXPRESSED
ARL3	MRPL33	ENSP00000260746	ENSP00000296102	0.555	True	False	89.3	125.7	True	True	BOTH_EXPRESSED
BEST1	CNGA2	ENSP00000399709	ENSP00000328478	0.555	True	False	6.2	0.0	True	True	BELOW_THRESHOLD
BEST1	LRRC8D	ENSP00000399709	ENSP00000338887	0.555	True	False	6.2	11.1	True	True	BOTH_EXPRESSED
CC2D2A	NEK8	ENSP00000403465	ENSP00000268766	0.555	True	False	78.4	0.5	True	True	BOTH_EXPRESSED
RPGR	CCDC40	ENSP00000495537	ENSP00000380679	0.555	True	False	11.2	5.2	True	True	BOTH_EXPRESSED
RPGR	RAB40AL	ENSP00000495537	ENSP00000218249	0.555	True	False	11.2	0.1	True	True	BOTH_EXPRESSED
KIZ	DPYSL3	ENSP00000479542	ENSP00000343690	0.554	True	False	18.7	151.9	True	True	BOTH_EXPRESSED
PDE6A	LRAT	ENSP00000255266	ENSP00000337224	0.554	True	True	1001.0	0.9	True	True	BOTH_EXPRESSED
OFD1	B9D1	ENSP00000344314	ENSP00000261499	0.554	True	False	2.3	20.2	True	True	BOTH_EXPRESSED
BBS2	PLEK	ENSP00000245157	ENSP00000234313	0.554	True	False	12.0	0.5	True	True	BOTH_EXPRESSED
NRL	FOS	ENSP00000454062	ENSP00000306245	0.554	True	False	294.2	216.5	True	True	BOTH_EXPRESSED
ARL3	ACO2	ENSP00000260746	ENSP00000216254	0.554	True	False	89.3	43.6	True	True	BOTH_EXPRESSED
BBS2	IFT46	ENSP00000245157	ENSP00000264020	0.554	True	False	12.0	33.1	True	True	BOTH_EXPRESSED
SLC24A1	NYX	ENSP00000261892	ENSP00000340328	0.554	True	False	179.2	0.4	True	True	BOTH_EXPRESSED
IDH3B	TUFM	ENSP00000482773	ENSP00000322439	0.554	True	False	42.7	33.3	True	True	BOTH_EXPRESSED
AIPL1	ADAM9	ENSP00000370521	ENSP00000419446	0.553	True	False	775.1	17.2	True	True	BOTH_EXPRESSED
GUCY2D	CALML3	ENSP00000254854	ENSP00000315299	0.553	True	False	31.7	0.0	True	True	BELOW_THRESHOLD
GUCY2D	CALML5	ENSP00000254854	ENSP00000369689	0.553	True	False	31.7	0.0	True	True	BELOW_THRESHOLD
HK1	VDAC2	ENSP00000494664	ENSP00000361635	0.553	True	False	141.7	183.9	True	True	BOTH_EXPRESSED
PDE6B	PRPF8	ENSP00000420295	ENSP00000460348	0.553	True	True	357.2	76.4	True	True	BOTH_EXPRESSED
ARL3	MRPL30	ENSP00000260746	ENSP00000338057	0.553	True	False	89.3	5.5	True	True	BOTH_EXPRESSED
ARL3	AS3MT	ENSP00000260746	ENSP00000358896	0.553	True	False	89.3	3.8	True	True	BOTH_EXPRESSED
MERTK	GRB2	ENSP00000295408	ENSP00000376345	0.553	True	False	15.4	22.3	True	True	BOTH_EXPRESSED
IFT140	NPHP1	ENSP00000406012	ENSP00000313169	0.553	True	False	5.9	10.0	True	True	BOTH_EXPRESSED
CEP162	OFD1	ENSP00000385215	ENSP00000344314	0.553	True	True	2.6	2.3	True	True	BOTH_EXPRESSED
CEP162	CEP164	ENSP00000385215	ENSP00000278935	0.553	True	False	2.6	24.1	True	True	BOTH_EXPRESSED
CLCC1	VPS39	ENSP00000349456	ENSP00000335193	0.553	True	False	10.5	19.7	True	True	BOTH_EXPRESSED
DHX38	SNRPN	ENSP00000268482	ENSP00000494831	0.553	True	False	12.3	150.2	True	True	BOTH_EXPRESSED
BBS1	TRPV1	ENSP00000317469	ENSP00000459962	0.553	True	False	19.9	12.0	True	True	BOTH_EXPRESSED
IDH3B	ROM1	ENSP00000482773	ENSP00000278833	0.553	True	False	42.7	1101.4	True	True	BOTH_EXPRESSED
RHO	GNG10	ENSP00000296271	ENSP00000363411	0.553	True	False	3767.6	10.5	True	True	BOTH_EXPRESSED
ARL6	BBS12	ENSP00000419619	ENSP00000438273	0.553	True	False	35.2	16.3	True	True	BOTH_EXPRESSED
USH2A	NRL	ENSP00000305941	ENSP00000454062	0.553	True	True	17.8	294.2	True	True	BOTH_EXPRESSED
USH2A	ROM1	ENSP00000305941	ENSP00000278833	0.553	True	False	17.8	1101.4	True	True	BOTH_EXPRESSED
CNGB1	PKD1	ENSP00000251102	ENSP00000262304	0.553	True	False	557.0	6.3	True	True	BOTH_EXPRESSED
OFD1	GABARAPL1	ENSP00000344314	ENSP00000411256	0.553	True	False	2.3	302.9	True	True	BOTH_EXPRESSED
NRL	KAT5	ENSP00000454062	ENSP00000340330	0.553	True	False	294.2	28.8	True	True	BOTH_EXPRESSED
BCOR	AFF4	ENSP00000367705	ENSP00000265343	0.553	True	False	13.1	43.8	True	True	BOTH_EXPRESSED
PDE6A	GRM6	ENSP00000255266	ENSP00000497110	0.553	True	False	1001.0	39.6	True	True	BOTH_EXPRESSED
CEP162	RAB11A	ENSP00000385215	ENSP00000261890	0.553	True	False	2.6	91.7	True	True	BOTH_EXPRESSED
KIAA1549	SRC	ENSP00000416040	ENSP00000362680	0.553	True	False	5.3	3.5	True	True	BOTH_EXPRESSED
LRAT	RARS1	ENSP00000337224	ENSP00000231572	0.553	True	False	0.9	15.9	True	True	BOTH_EXPRESSED
SAG	ADORA2A	ENSP00000386444	ENSP00000480012	0.553	True	False	1359.9	1.9	True	True	BOTH_EXPRESSED
SNRNP200	DDX39A	ENSP00000317123	ENSP00000242776	0.553	True	False	62.7	4.3	True	True	BOTH_EXPRESSED
GNAT1	GUCY2F	ENSP00000232461	ENSP00000218006	0.553	True	False	1040.7	39.1	True	True	BOTH_EXPRESSED
CYP4V2	MTRR	ENSP00000368079	ENSP00000402510	0.553	True	False	13.1	17.8	True	True	BOTH_EXPRESSED
DHDDS	RUSC1	ENSP00000353104	ENSP00000357336	0.553	True	False	30.3	10.9	True	True	BOTH_EXPRESSED
PRCD	RPGRIP1	ENSP00000467661	ENSP00000382895	0.553	True	False	44.6	171.2	True	True	BOTH_EXPRESSED
USH2A	NPLOC4	ENSP00000305941	ENSP00000331487	0.553	True	False	17.8	18.4	True	True	BOTH_EXPRESSED
IDH3G	NADK	ENSP00000217901	ENSP00000367890	0.552	True	False	22.7	10.1	True	True	BOTH_EXPRESSED
RHO	SLC24A1	ENSP00000296271	ENSP00000261892	0.552	True	True	3767.6	179.2	True	True	BOTH_EXPRESSED
AHI1	GABBR1	ENSP00000265602	ENSP00000366233	0.552	True	False	25.2	11.0	True	True	BOTH_EXPRESSED
HK1	AKT1	ENSP00000494664	ENSP00000451828	0.552	True	False	141.7	19.5	True	True	BOTH_EXPRESSED
PRPF6	U2AF1	ENSP00000266079	ENSP00000291552	0.552	True	False	33.8	68.4	True	True	BOTH_EXPRESSED
IFT172	KIF7	ENSP00000260570	ENSP00000377934	0.552	True	False	5.3	0.2	True	True	BOTH_EXPRESSED
PDE6B	TBL1Y	ENSP00000420295	ENSP00000372499	0.552	True	False	357.2	0.0	True	True	BELOW_THRESHOLD
ARL3	MRPL47	ENSP00000260746	ENSP00000417602	0.552	True	False	89.3	24.7	True	True	BOTH_EXPRESSED
PRPF3	DHX15	ENSP00000315379	ENSP00000336741	0.552	True	False	40.3	37.1	True	True	BOTH_EXPRESSED
C19orf44	C10orf88	ENSP00000221671	ENSP00000419126	0.552	True	False	3.4	6.1	True	True	BOTH_EXPRESSED
EYS	RPGRIP1	ENSP00000359655	ENSP00000382895	0.552	True	False	23.1	171.2	True	True	BOTH_EXPRESSED
BBS2	TRPV1	ENSP00000245157	ENSP00000459962	0.552	True	False	12.0	12.0	True	True	BOTH_EXPRESSED
RHO	GNG5	ENSP00000296271	ENSP00000359675	0.552	True	False	3767.6	18.1	True	True	BOTH_EXPRESSED
BEST1	CA4	ENSP00000399709	ENSP00000300900	0.552	True	False	6.2	0.0	True	True	BELOW_THRESHOLD
ARL2BP	INTS6	ENSP00000219204	ENSP00000310260	0.551	True	False	34.8	17.5	True	True	BOTH_EXPRESSED
USH2A	MAFF	ENSP00000305941	ENSP00000442060	0.551	True	False	17.8	18.2	True	True	BOTH_EXPRESSED
RPE65	RPGRIP1L	ENSP00000262340	ENSP00000493946	0.551	True	False	7.8	2.6	True	True	BOTH_EXPRESSED
RHO	EXOC2	ENSP00000296271	ENSP00000230449	0.551	True	False	3767.6	12.4	True	True	BOTH_EXPRESSED
PRPF4	EXOSC2	ENSP00000363313	ENSP00000361433	0.551	True	False	12.1	5.0	True	True	BOTH_EXPRESSED
RAX2	C2	ENSP00000450456	ENSP00000299367	0.551	True	False	59.9	0.5	True	True	BOTH_EXPRESSED
PRPF8	RBM7	ENSP00000460348	ENSP00000364639	0.551	True	False	76.4	6.3	True	True	BOTH_EXPRESSED
CYP4V2	LSS	ENSP00000368079	ENSP00000380837	0.551	True	False	13.1	6.3	True	True	BOTH_EXPRESSED
CNGB1	ARR3	ENSP00000251102	ENSP00000311538	0.551	True	False	557.0	357.5	True	True	BOTH_EXPRESSED
TMEM216	SEPTIN2	ENSP00000334844	ENSP00000479861	0.551	True	False	10.8	105.6	True	True	BOTH_EXPRESSED
PRPF31	MEN1	ENSP00000324122	ENSP00000337088	0.551	True	False	7.6	5.7	True	True	BOTH_EXPRESSED
SLC24A1	ROM1	ENSP00000261892	ENSP00000278833	0.551	True	False	179.2	1101.4	True	True	BOTH_EXPRESSED
CC2D2A	KIAA0586	ENSP00000403465	ENSP00000346359	0.551	True	False	78.4	7.4	True	True	BOTH_EXPRESSED
NR2E3	ATXN7-2	ENSP00000482504	ENSP00000439585	0.551	True	False	121.9		True	False	UNKNOWN
IDH3G	TIMM9	ENSP00000217901	ENSP00000378588	0.551	True	False	22.7	26.1	True	True	BOTH_EXPRESSED
NR2E3	ATXN7	ENSP00000482504	ENSP00000295900	0.551	True	False	121.9	15.1	True	True	BOTH_EXPRESSED
ARL3	MRPL16	ENSP00000260746	ENSP00000300151	0.551	True	False	89.3	19.8	True	True	BOTH_EXPRESSED
EYS	GABRR2	ENSP00000359655	ENSP00000386029	0.55	True	False	23.1	29.1	True	True	BOTH_EXPRESSED
IFT172	NPHP3	ENSP00000260570	ENSP00000338766	0.55	True	False	5.3	2.9	True	True	BOTH_EXPRESSED
AIPL1	GRK1	ENSP00000370521	ENSP00000334876	0.55	True	False	775.1	39.5	True	True	BOTH_EXPRESSED
GNAT1	PDC	ENSP00000232461	ENSP00000375855	0.55	True	False	1040.7	618.7	True	True	BOTH_EXPRESSED
PRPH2	TTC8	ENSP00000230381	ENSP00000482306	0.55	True	True	594.9	34.7	True	True	BOTH_EXPRESSED
DHX38	CPSF6	ENSP00000268482	ENSP00000266679	0.55	True	False	12.3	40.4	True	True	BOTH_EXPRESSED
DHDDS	CNGB1	ENSP00000353104	ENSP00000251102	0.55	True	True	30.3	557.0	True	True	BOTH_EXPRESSED
USH2A	ESRRB	ENSP00000305941	ENSP00000370270	0.55	True	False	17.8	33.9	True	True	BOTH_EXPRESSED
PRPF4	RBM7	ENSP00000363313	ENSP00000364639	0.55	True	False	12.1	6.3	True	True	BOTH_EXPRESSED
PRPF4	DHX15	ENSP00000363313	ENSP00000336741	0.55	True	False	12.1	37.1	True	True	BOTH_EXPRESSED
FAM161A	CDHR1	ENSP00000385158	ENSP00000485478	0.55	True	True	26.9	291.2	True	True	BOTH_EXPRESSED
TTC8	PDE6B	ENSP00000482306	ENSP00000420295	0.55	True	True	34.7	357.2	True	True	BOTH_EXPRESSED
NRL	OPTN	ENSP00000454062	ENSP00000368022	0.55	True	False	294.2	45.5	True	True	BOTH_EXPRESSED
RHO	SMO	ENSP00000296271	ENSP00000249373	0.55	True	False	3767.6	1.9	True	True	BOTH_EXPRESSED
RHO	EXOC7	ENSP00000296271	ENSP00000334100	0.55	True	False	3767.6	22.9	True	True	BOTH_EXPRESSED
BBS1	PLEK	ENSP00000317469	ENSP00000234313	0.55	True	False	19.9	0.5	True	True	BOTH_EXPRESSED
REEP6	RTN1	ENSP00000233596	ENSP00000267484	0.55	True	False	87.4	27.4	True	True	BOTH_EXPRESSED
IFT140	TELO2	ENSP00000406012	ENSP00000262319	0.55	True	False	5.9	1.7	True	True	BOTH_EXPRESSED
IFT140	CEP120	ENSP00000406012	ENSP00000303058	0.55	True	False	5.9	10.7	True	True	BOTH_EXPRESSED
TMEM216	PDE6D	ENSP00000334844	ENSP00000287600	0.55	True	False	10.8	64.5	True	True	BOTH_EXPRESSED
SPATA7	CABP4	ENSP00000377176	ENSP00000324960	0.55	True	False	9.4	63.1	True	True	BOTH_EXPRESSED
CEP162	RAB8A	ENSP00000385215	ENSP00000300935	0.55	True	False	2.6	8.1	True	True	BOTH_EXPRESSED
BBS9	IFT81	ENSP00000242067	ENSP00000242591	0.55	True	False	20.3	21.3	True	True	BOTH_EXPRESSED
SNRNP200	BRD4	ENSP00000317123	ENSP00000263377	0.55	True	False	62.7	11.2	True	True	BOTH_EXPRESSED
RPGR	SPAG1	ENSP00000495537	ENSP00000373450	0.549	True	False	11.2	1.8	True	True	BOTH_EXPRESSED
FSD1L	TUBG1	ENSP00000417492	ENSP00000251413	0.549	True	False	40.1	9.9	True	True	BOTH_EXPRESSED
RPGR	PDE6C	ENSP00000495537	ENSP00000360502	0.549	True	False	11.2	21.4	True	True	BOTH_EXPRESSED
SNRNP200	HNRNPA2B1	ENSP00000317123	ENSP00000346694	0.549	True	False	62.7	121.5	True	True	BOTH_EXPRESSED
MAK	KIAA0556	ENSP00000346484	ENSP00000261588	0.549	True	False	110.1		True	False	UNKNOWN
RHO	HSP90AB1	ENSP00000296271	ENSP00000360609	0.549	True	False	3767.6	314.7	True	True	BOTH_EXPRESSED
ARHGEF18	TGFBR2	ENSP00000482647	ENSP00000351905	0.549	True	False	4.6	2.0	True	True	BOTH_EXPRESSED
DHDDS	FBXO40	ENSP00000353104	ENSP00000337510	0.549	True	False	30.3	0.1	True	True	BOTH_EXPRESSED
DHX38	UPF1	ENSP00000268482	ENSP00000470142	0.549	True	False	12.3	4.0	True	True	BOTH_EXPRESSED
AHI1	KIAA0586	ENSP00000265602	ENSP00000346359	0.549	True	False	25.2	7.4	True	True	BOTH_EXPRESSED
PRPF6	LUC7L3	ENSP00000266079	ENSP00000376919	0.549	True	False	33.8	162.8	True	True	BOTH_EXPRESSED
PRPF31	HNRNPH2	ENSP00000324122	ENSP00000361927	0.549	True	False	7.6	73.5	True	True	BOTH_EXPRESSED
LRAT	GUCA1C	ENSP00000337224	ENSP00000261047	0.549	True	False	0.9	274.8	True	True	BOTH_EXPRESSED
TTC8	E9PBE3_HUMAN	ENSP00000482306	ENSP00000424363	0.549	True	False	34.7		True	False	UNKNOWN
RHO	KIF3A	ENSP00000296271	ENSP00000385808	0.549	True	False	3767.6	31.3	True	True	BOTH_EXPRESSED
HGSNAT	MFSD8	ENSP00000368965	ENSP00000493218	0.549	True	False	12.6	4.5	True	True	BOTH_EXPRESSED
ARL3	GRK1	ENSP00000260746	ENSP00000334876	0.549	True	False	89.3	39.5	True	True	BOTH_EXPRESSED
PRPF31	EEF2	ENSP00000324122	ENSP00000307940	0.549	True	False	7.6	208.1	True	True	BOTH_EXPRESSED
IDH3A	NDUFA4	ENSP00000299518	ENSP00000339720	0.549	True	False	23.8	119.2	True	True	BOTH_EXPRESSED
ARL3	ENSP00000387111	ENSP00000260746	ENSP00000387111	0.549	True	False	89.3		True	False	UNKNOWN
OFD1	CCDC138	ENSP00000344314	ENSP00000295124	0.548	True	False	2.3	2.1	True	True	BOTH_EXPRESSED
PRPF8	SRSF6	ENSP00000460348	ENSP00000244020	0.548	True	False	76.4	35.9	True	True	BOTH_EXPRESSED
PRPF8	ILF3	ENSP00000460348	ENSP00000404121	0.548	True	False	76.4	64.8	True	True	BOTH_EXPRESSED
TMEM216	BBS1	ENSP00000334844	ENSP00000317469	0.548	True	True	10.8	19.9	True	True	BOTH_EXPRESSED
IFT140	DYNC1H1	ENSP00000406012	ENSP00000348965	0.548	True	False	5.9	6.2	True	True	BOTH_EXPRESSED
SPATA7	KLHL7	ENSP00000377176	ENSP00000343273	0.548	True	True	9.4	13.9	True	True	BOTH_EXPRESSED
CEP250	CDK11A	ENSP00000380661	ENSP00000367900	0.548	True	False	9.2	12.1	True	True	BOTH_EXPRESSED
CDHR1	TM4SF1	ENSP00000485478	ENSP00000304277	0.548	True	False	291.2	5.6	True	True	BOTH_EXPRESSED
RHO	HSP90AA1	ENSP00000296271	ENSP00000335153	0.548	True	False	3767.6	1044.8	True	True	BOTH_EXPRESSED
CERKL	NEUROD1	ENSP00000341159	ENSP00000295108	0.548	True	False	19.5	131.5	True	True	BOTH_EXPRESSED
SAG	SSTR2	ENSP00000386444	ENSP00000350198	0.548	True	False	1359.9	1.9	True	True	BOTH_EXPRESSED
TTC8	SMO	ENSP00000482306	ENSP00000249373	0.548	True	False	34.7	1.9	True	True	BOTH_EXPRESSED
IDH3B	NADK	ENSP00000482773	ENSP00000367890	0.548	True	False	42.7	10.1	True	True	BOTH_EXPRESSED
OFD1	CDK11A	ENSP00000344314	ENSP00000367900	0.548	True	False	2.3	12.1	True	True	BOTH_EXPRESSED
NRL	RBP3	ENSP00000454062	ENSP00000463151	0.548	True	True	294.2	504.0	True	True	BOTH_EXPRESSED
IDH3G	FLNB	ENSP00000217901	ENSP00000420213	0.548	True	False	22.7	2.1	True	True	BOTH_EXPRESSED
RHO	TIMP3	ENSP00000296271	ENSP00000266085	0.548	True	False	3767.6	29.4	True	True	BOTH_EXPRESSED
ARL3	IFT57	ENSP00000260746	ENSP00000264538	0.548	True	False	89.3	22.2	True	True	BOTH_EXPRESSED
DYNC2H1	DNAI1	ENSP00000497174	ENSP00000480538	0.548	True	False	9.5	2.5	True	True	BOTH_EXPRESSED
IDH3A	G6PD	ENSP00000299518	ENSP00000377192	0.548	True	False	23.8	22.5	True	True	BOTH_EXPRESSED
ARL3	CYS1	ENSP00000260746	ENSP00000371234	0.548	True	False	89.3	1.8	True	True	BOTH_EXPRESSED
DHDDS	ALG6	ENSP00000353104	ENSP00000263440	0.548	True	False	30.3	1.1	True	True	BOTH_EXPRESSED
IFT172	CEP120	ENSP00000260570	ENSP00000303058	0.547	True	False	5.3	10.7	True	True	BOTH_EXPRESSED
ARL3	MRPL41	ENSP00000260746	ENSP00000360498	0.547	True	False	89.3	9.2	True	True	BOTH_EXPRESSED
OFD1	HAUS1	ENSP00000344314	ENSP00000282058	0.547	True	False	2.3	8.8	True	True	BOTH_EXPRESSED
PRPF31	ZNHIT3	ENSP00000324122	ENSP00000484687	0.547	True	False	7.6	18.0	True	True	BOTH_EXPRESSED
BBS1	LEP	ENSP00000317469	ENSP00000312652	0.547	True	False	19.9	0.0	True	True	BELOW_THRESHOLD
RHO	POU4F2	ENSP00000296271	ENSP00000281321	0.547	True	False	3767.6	0.9	True	True	BOTH_EXPRESSED
OFD1	POC5	ENSP00000344314	ENSP00000410216	0.547	True	False	2.3	27.0	True	True	BOTH_EXPRESSED
ARL3	MRPL36	ENSP00000260746	ENSP00000423399	0.547	True	False	89.3	21.0	True	True	BOTH_EXPRESSED
GUCY2D	CALML6	ENSP00000254854	ENSP00000304643	0.547	True	False	31.7	0.2	True	True	BOTH_EXPRESSED
OFD1	GABARAPL2	ENSP00000344314	ENSP00000037243	0.547	True	False	2.3	186.5	True	True	BOTH_EXPRESSED
CEP162	HAUS3	ENSP00000385215	ENSP00000243706	0.547	True	False	2.6	5.3	True	True	BOTH_EXPRESSED
NR2E3	RP1L1	ENSP00000482504	ENSP00000371923	0.547	True	True	121.9	41.0	True	True	BOTH_EXPRESSED
SLC4A7	RHOH	ENSP00000390394	ENSP00000371219	0.547	True	False	67.5	0.3	True	True	BOTH_EXPRESSED
ARHGEF18	GNA13	ENSP00000482647	ENSP00000400717	0.547	True	False	4.6	15.9	True	True	BOTH_EXPRESSED
AHI1	NEK8	ENSP00000265602	ENSP00000268766	0.547	True	False	25.2	0.5	True	True	BOTH_EXPRESSED
COQ2	TIMM23	ENSP00000310873	ENSP00000464522	0.547	True	False	3.7	39.7	True	True	BOTH_EXPRESSED
RPE65	CA4	ENSP00000262340	ENSP00000300900	0.547	True	False	7.8	0.0	True	True	BELOW_THRESHOLD
CRX	NEUROD4	ENSP00000221996	ENSP00000242994	0.547	True	False	202.2	28.0	True	True	BOTH_EXPRESSED
DHX38	CMTR1	ENSP00000268482	ENSP00000362550	0.546	True	False	12.3	26.4	True	True	BOTH_EXPRESSED
PRPF6	PPIL2	ENSP00000266079	ENSP00000486725	0.546	True	False	33.8	8.4	True	True	BOTH_EXPRESSED
AIPL1	RPGRIP1L	ENSP00000370521	ENSP00000493946	0.546	True	False	775.1	2.6	True	True	BOTH_EXPRESSED
ARL3	MRPS6	ENSP00000260746	ENSP00000382250	0.546	True	False	89.3	23.7	True	True	BOTH_EXPRESSED
DHX38	THOC2	ENSP00000268482	ENSP00000245838	0.546	True	False	12.3	32.3	True	True	BOTH_EXPRESSED
HK1	CS	ENSP00000494664	ENSP00000342056	0.546	True	False	141.7	119.5	True	True	BOTH_EXPRESSED
ZNF408	ZBTB17	ENSP00000309606	ENSP00000364885	0.546	True	False	1.2	5.7	True	True	BOTH_EXPRESSED
CRX	KCNV2	ENSP00000221996	ENSP00000371514	0.546	True	False	202.2	268.2	True	True	BOTH_EXPRESSED
IDH3A	MDH1B	ENSP00000299518	ENSP00000363533	0.546	True	False	23.8	7.9	True	True	BOTH_EXPRESSED
DHX38	SF1	ENSP00000268482	ENSP00000366604	0.546	True	False	12.3	42.0	True	True	BOTH_EXPRESSED
RBP3	VSX2	ENSP00000463151	ENSP00000261980	0.546	True	False	504.0	68.4	True	True	BOTH_EXPRESSED
GUCY2D	CALML4	ENSP00000254854	ENSP00000419081	0.546	True	False	31.7	3.1	True	True	BOTH_EXPRESSED
BBS1	IFT81	ENSP00000317469	ENSP00000242591	0.546	True	False	19.9	21.3	True	True	BOTH_EXPRESSED
COQ2	NPHS1	ENSP00000310873	ENSP00000368190	0.546	True	False	3.7	0.6	True	True	BOTH_EXPRESSED
REEP6	STX3	ENSP00000233596	ENSP00000338562	0.546	True	False	87.4	290.0	True	True	BOTH_EXPRESSED
IDH3G	ATP5F1D	ENSP00000217901	ENSP00000215375	0.546	True	False	22.7	6.5	True	True	BOTH_EXPRESSED
COQ2	MVK	ENSP00000310873	ENSP00000228510	0.546	True	True	3.7	3.2	True	True	BOTH_EXPRESSED
CLN3	SYP	ENSP00000454229	ENSP00000263233	0.546	True	False	3.0	288.2	True	True	BOTH_EXPRESSED
SLC24A1	ABCA4	ENSP00000261892	ENSP00000359245	0.546	True	False	179.2	328.7	True	True	BOTH_EXPRESSED
SNRNP200	STARD7	ENSP00000317123	ENSP00000338030	0.546	True	False	62.7	50.5	True	True	BOTH_EXPRESSED
NR2E3	VSX1	ENSP00000482504	ENSP00000365899	0.546	True	False	121.9	32.9	True	True	BOTH_EXPRESSED
IMPDH1	PRPS2	ENSP00000345096	ENSP00000381504	0.546	True	False	98.6	1.2	True	True	BOTH_EXPRESSED
NRL	RPGRIP1	ENSP00000454062	ENSP00000382895	0.545	True	False	294.2	171.2	True	True	BOTH_EXPRESSED
SAG	ENO1	ENSP00000386444	ENSP00000495530	0.545	True	False	1359.9	688.1	True	True	BOTH_EXPRESSED
CLCC1	PIGBOS1	ENSP00000349456	ENSP00000484893	0.545	True	False	10.5	6.1	True	True	BOTH_EXPRESSED
PRPF8	BCLAF1	ENSP00000460348	ENSP00000435210	0.545	True	False	76.4	32.2	True	True	BOTH_EXPRESSED
PRPF6	AQR	ENSP00000266079	ENSP00000156471	0.545	True	False	33.8	7.4	True	True	BOTH_EXPRESSED
DHX38	NUP88	ENSP00000268482	ENSP00000458954	0.545	True	False	12.3	6.0	True	True	BOTH_EXPRESSED
PRPF6	BRD4	ENSP00000266079	ENSP00000263377	0.545	True	False	33.8	11.2	True	True	BOTH_EXPRESSED
PRPH2	FAM161A	ENSP00000230381	ENSP00000385158	0.545	True	True	594.9	26.9	True	True	BOTH_EXPRESSED
CLRN1	C8orf37	ENSP00000329158	ENSP00000286688	0.545	True	False	11.8		True	False	UNKNOWN
SLC4A7	CDH23	ENSP00000390394	ENSP00000224721	0.545	True	False	67.5	13.4	True	True	BOTH_EXPRESSED
SLC4A7	SNX27	ENSP00000390394	ENSP00000400333	0.545	True	False	67.5	14.6	True	True	BOTH_EXPRESSED
SLC66A1	WDR41	ENSP00000364295	ENSP00000296679	0.545	True	False	11.2	19.1	True	True	BOTH_EXPRESSED
CFAP20	PACRGL	ENSP00000262498	ENSP00000423881	0.545	True	False	26.4	13.8	True	True	BOTH_EXPRESSED
CEP250	ZNF638	ENSP00000380661	ENSP00000386433	0.545	True	False	9.2	45.0	True	True	BOTH_EXPRESSED
PRPF31	DDX42	ENSP00000324122	ENSP00000464050	0.545	True	False	7.6	32.9	True	True	BOTH_EXPRESSED
FLVCR1	SLC11A2	ENSP00000355938	ENSP00000378364	0.545	True	False	6.3	21.4	True	True	BOTH_EXPRESSED
ZNF408	E4F1	ENSP00000309606	ENSP00000301727	0.545	True	False	1.2	2.8	True	True	BOTH_EXPRESSED
ARL3	MRPL40	ENSP00000260746	ENSP00000333401	0.545	True	False	89.3	32.4	True	True	BOTH_EXPRESSED
IFT172	BBIP1	ENSP00000260570	ENSP00000433157	0.545	True	False	5.3	46.4	True	True	BOTH_EXPRESSED
CREB3	CEBPG	ENSP00000342136	ENSP00000466022	0.545	True	False	21.7	16.0	True	True	BOTH_EXPRESSED
BBS2	IFT122	ENSP00000245157	ENSP00000296266	0.545	True	False	12.0	0.9	True	True	BOTH_EXPRESSED
IDH3B	NDUFS7	ENSP00000482773	ENSP00000233627	0.545	True	False	42.7	5.3	True	True	BOTH_EXPRESSED
TMEM216	NEK8	ENSP00000334844	ENSP00000268766	0.545	True	False	10.8	0.5	True	True	BOTH_EXPRESSED
INPP5E	TULP3	ENSP00000360777	ENSP00000380321	0.545	True	False	6.9	11.7	True	True	BOTH_EXPRESSED
PRPF31	RPGRIP1	ENSP00000324122	ENSP00000382895	0.544	True	False	7.6	171.2	True	True	BOTH_EXPRESSED
CC2D2A	PDE6D	ENSP00000403465	ENSP00000287600	0.544	True	False	78.4	64.5	True	True	BOTH_EXPRESSED
PRPF31	GFM1	ENSP00000324122	ENSP00000264263	0.544	True	False	7.6	42.9	True	True	BOTH_EXPRESSED
GUCY2D	OPTC	ENSP00000254854	ENSP00000356191	0.544	True	False	31.7	0.6	True	True	BOTH_EXPRESSED
PDE6B	PROM1	ENSP00000420295	ENSP00000426809	0.544	True	False	357.2	252.8	True	True	BOTH_EXPRESSED
USH2A	PCLO	ENSP00000305941	ENSP00000334319	0.544	True	False	17.8	20.1	True	True	BOTH_EXPRESSED
IDH3B	UQCRFS1	ENSP00000482773	ENSP00000306397	0.544	True	False	42.7	24.7	True	True	BOTH_EXPRESSED
TOPORS	C8orf37	ENSP00000353735	ENSP00000286688	0.544	True	False	10.6		True	False	UNKNOWN
ARL3	MRPL32	ENSP00000260746	ENSP00000223324	0.544	True	False	89.3	14.7	True	True	BOTH_EXPRESSED
ARL3	KIF17	ENSP00000260746	ENSP00000247986	0.544	True	False	89.3	0.2	True	True	BOTH_EXPRESSED
IFT172	FNDC4	ENSP00000260570	ENSP00000264703	0.544	True	False	5.3	9.6	True	True	BOTH_EXPRESSED
ARL3	MRPS35	ENSP00000260746	ENSP00000081029	0.544	True	False	89.3	17.0	True	True	BOTH_EXPRESSED
AGBL5	TTLL10	ENSP00000353249	ENSP00000368592	0.544	True	False	15.1	0.0	True	True	BELOW_THRESHOLD
IFT172	BBS12	ENSP00000260570	ENSP00000438273	0.544	True	False	5.3	16.3	True	True	BOTH_EXPRESSED
IDH3G	TIMM50	ENSP00000217901	ENSP00000445806	0.544	True	False	22.7	8.2	True	True	BOTH_EXPRESSED
ARL3	MRPL49	ENSP00000260746	ENSP00000279242	0.544	True	False	89.3	15.7	True	True	BOTH_EXPRESSED
RPE65	CHM	ENSP00000262340	ENSP00000350386	0.544	True	False	7.8	8.7	True	True	BOTH_EXPRESSED
DHX38	PUF60	ENSP00000268482	ENSP00000434359	0.544	True	False	12.3	2.1	True	True	BOTH_EXPRESSED
TMEM216	RAB11A	ENSP00000334844	ENSP00000261890	0.544	True	False	10.8	91.7	True	True	BOTH_EXPRESSED
HK1	PGK2	ENSP00000494664	ENSP00000305995	0.544	True	False	141.7	0.0	True	True	BELOW_THRESHOLD
HK1	GAPDHS	ENSP00000494664	ENSP00000222286	0.544	True	False	141.7	3.3	True	True	BOTH_EXPRESSED
TOPORS	ARID4A	ENSP00000353735	ENSP00000347602	0.544	True	False	10.6	13.0	True	True	BOTH_EXPRESSED
BEST1	PRSS56	ENSP00000399709	ENSP00000479745	0.544	True	False	6.2	4.9	True	True	BOTH_EXPRESSED
MERTK	PTPRC	ENSP00000295408	ENSP00000411355	0.544	True	False	15.4	1.5	True	True	BOTH_EXPRESSED
SLC4A7	RHOJ	ENSP00000390394	ENSP00000316729	0.544	True	False	67.5	5.1	True	True	BOTH_EXPRESSED
PRPF8	FAM161A	ENSP00000460348	ENSP00000385158	0.543	True	True	76.4	26.9	True	True	BOTH_EXPRESSED
AIPL1	KCNJ13	ENSP00000370521	ENSP00000233826	0.543	True	False	775.1	12.7	True	True	BOTH_EXPRESSED
GUCA1A	MERTK	ENSP00000053469	ENSP00000295408	0.543	True	True	703.2	15.4	True	True	BOTH_EXPRESSED
CC2D2A	NEK9	ENSP00000403465	ENSP00000238616	0.543	True	False	78.4	15.3	True	True	BOTH_EXPRESSED
PDE6A	SPATA7	ENSP00000255266	ENSP00000377176	0.543	True	True	1001.0	9.4	True	True	BOTH_EXPRESSED
KIAA1549	MKRN1	ENSP00000416040	ENSP00000255977	0.543	True	False	5.3	54.3	True	True	BOTH_EXPRESSED
KIAA1549	MPRIP	ENSP00000416040	ENSP00000379156	0.543	True	False	5.3	54.7	True	True	BOTH_EXPRESSED
GUCY2D	NPPA	ENSP00000254854	ENSP00000365663	0.543	True	False	31.7	0.4	True	True	BOTH_EXPRESSED
CLRN1	FAM161A	ENSP00000329158	ENSP00000385158	0.543	True	True	11.8	26.9	True	True	BOTH_EXPRESSED
CLRN1	PFN2	ENSP00000329158	ENSP00000239940	0.543	True	False	11.8	133.5	True	True	BOTH_EXPRESSED
RPGR	INPP5E	ENSP00000495537	ENSP00000360777	0.543	True	True	11.2	6.9	True	True	BOTH_EXPRESSED
NR2E3	FAM161A	ENSP00000482504	ENSP00000385158	0.543	True	True	121.9	26.9	True	True	BOTH_EXPRESSED
GUCA1A	EEF2	ENSP00000053469	ENSP00000307940	0.543	True	False	703.2	208.1	True	True	BOTH_EXPRESSED
CNGB1	CALM1	ENSP00000251102	ENSP00000499717	0.543	True	False	557.0	223.4	True	True	BOTH_EXPRESSED
SLC4A7	RHOD	ENSP00000390394	ENSP00000308576	0.543	True	False	67.5	0.7	True	True	BOTH_EXPRESSED
DHDDS	PDE6G	ENSP00000353104	ENSP00000328412	0.543	True	True	30.3	1904.6	True	True	BOTH_EXPRESSED
SNRNP200	VCP	ENSP00000317123	ENSP00000351777	0.543	True	False	62.7	24.3	True	True	BOTH_EXPRESSED
PRPF31	ASH2L	ENSP00000324122	ENSP00000340896	0.543	True	False	7.6	20.5	True	True	BOTH_EXPRESSED
PRPF31	DPY30	ENSP00000324122	ENSP00000345837	0.543	True	False	7.6	30.8	True	True	BOTH_EXPRESSED
RHO	ALB	ENSP00000296271	ENSP00000295897	0.543	True	False	3767.6	0.4	True	True	BOTH_EXPRESSED
PDE6B	GNG7	ENSP00000420295	ENSP00000371594	0.543	True	False	357.2	14.0	True	True	BOTH_EXPRESSED
IFT172	MKS1	ENSP00000260570	ENSP00000376827	0.543	True	False	5.3	6.1	True	True	BOTH_EXPRESSED
ARL3	RIC1	ENSP00000260746	ENSP00000416696	0.543	True	False	89.3	6.8	True	True	BOTH_EXPRESSED
RP1L1	POT1	ENSP00000371923	ENSP00000350249	0.542	True	False	41.0	9.1	True	True	BOTH_EXPRESSED
RLBP1	TJP1	ENSP00000268125	ENSP00000348416	0.542	True	False	246.4	9.3	True	True	BOTH_EXPRESSED
CYP4V2	SC5D	ENSP00000368079	ENSP00000264027	0.542	True	False	13.1	27.3	True	True	BOTH_EXPRESSED
DYNC2H1	PCNT	ENSP00000497174	ENSP00000352572	0.542	True	False	9.5	1.3	True	True	BOTH_EXPRESSED
CFAP410	UNC13A	ENSP00000381047	ENSP00000429562	0.542	True	False	9.2	17.1	True	True	BOTH_EXPRESSED
CNGB1	GRK1	ENSP00000251102	ENSP00000334876	0.542	True	False	557.0	39.5	True	True	BOTH_EXPRESSED
PRPF8	RPL7A	ENSP00000460348	ENSP00000361076	0.542	True	False	76.4	220.1	True	True	BOTH_EXPRESSED
FAM161A	IMPDH1	ENSP00000385158	ENSP00000345096	0.542	True	True	26.9	98.6	True	True	BOTH_EXPRESSED
DHDDS	PRCD	ENSP00000353104	ENSP00000467661	0.542	True	True	30.3	44.6	True	True	BOTH_EXPRESSED
PRPF3	SPACA6	ENSP00000315379	ENSP00000490829	0.542	True	False	40.3	0.1	True	True	BOTH_EXPRESSED
IDH3A	ATP5F1D	ENSP00000299518	ENSP00000215375	0.542	True	False	23.8	6.5	True	True	BOTH_EXPRESSED
TULP1	GUCA1C	ENSP00000229771	ENSP00000261047	0.542	True	False	194.3	274.8	True	True	BOTH_EXPRESSED
ARL3	MRPS9	ENSP00000260746	ENSP00000258455	0.542	True	False	89.3	20.6	True	True	BOTH_EXPRESSED
RHO	NCAN	ENSP00000296271	ENSP00000252575	0.542	True	False	3767.6	0.7	True	True	BOTH_EXPRESSED
KIAA1549	MYBL1	ENSP00000416040	ENSP00000429633	0.542	True	False	5.3	5.5	True	True	BOTH_EXPRESSED
USH2A	SYNE1	ENSP00000305941	ENSP00000356224	0.542	True	False	17.8	61.8	True	True	BOTH_EXPRESSED
PDE6G	GNAZ	ENSP00000328412	ENSP00000478892	0.542	True	False	1904.6	30.7	True	True	BOTH_EXPRESSED
IDH3A	NADK	ENSP00000299518	ENSP00000367890	0.542	True	False	23.8	10.1	True	True	BOTH_EXPRESSED
PDE6B	ADGRV1	ENSP00000420295	ENSP00000384582	0.542	True	False	357.2	16.8	True	True	BOTH_EXPRESSED
PRCD	CNGB3	ENSP00000467661	ENSP00000316605	0.542	True	False	44.6	11.6	True	True	BOTH_EXPRESSED
COQ2	FDXR	ENSP00000310873	ENSP00000416515	0.541	True	False	3.7	0.5	True	True	BOTH_EXPRESSED
OFD1	HAUS5	ENSP00000344314	ENSP00000439056	0.541	True	False	2.3	3.7	True	True	BOTH_EXPRESSED
DHDDS	ALG5	ENSP00000353104	ENSP00000239891	0.541	True	False	30.3	10.3	True	True	BOTH_EXPRESSED
ARL3	BORCS7	ENSP00000260746	ENSP00000342331	0.541	True	False	89.3	18.7	True	True	BOTH_EXPRESSED
FSD1L	BBOX1	ENSP00000417492	ENSP00000263182	0.541	True	False	40.1	0.3	True	True	BOTH_EXPRESSED
ZNF408	ZGPAT	ENSP00000309606	ENSP00000332013	0.541	True	False	1.2	1.3	True	True	BOTH_EXPRESSED
AHI1	PDE6D	ENSP00000265602	ENSP00000287600	0.541	True	False	25.2	64.5	True	True	BOTH_EXPRESSED
ARL3	MRPS14	ENSP00000260746	ENSP00000420714	0.541	True	False	89.3	20.8	True	True	BOTH_EXPRESSED
BBS1	PARK7	ENSP00000317469	ENSP00000340278	0.541	True	False	19.9	253.6	True	True	BOTH_EXPRESSED
KIAA1549	NRAS	ENSP00000416040	ENSP00000358548	0.541	True	False	5.3	6.1	True	True	BOTH_EXPRESSED
FAM161A	FSCN2	ENSP00000385158	ENSP00000334665	0.541	True	False	26.9	8.1	True	True	BOTH_EXPRESSED
CEP250	RAB11A	ENSP00000380661	ENSP00000261890	0.541	True	False	9.2	91.7	True	True	BOTH_EXPRESSED
SLC4A7	SLC9A3R1	ENSP00000390394	ENSP00000262613	0.541	True	False	67.5	12.1	True	True	BOTH_EXPRESSED
PDE6G	GNAI2	ENSP00000328412	ENSP00000312999	0.541	True	False	1904.6	33.1	True	True	BOTH_EXPRESSED
KIAA1549	ESRP1	ENSP00000416040	ENSP00000405738	0.541	True	False	5.3	0.0	True	True	BELOW_THRESHOLD
CNGA1	CALM1	ENSP00000384264	ENSP00000499717	0.541	True	False	244.8	223.4	True	True	BOTH_EXPRESSED
DHX38	DHX15	ENSP00000268482	ENSP00000336741	0.541	True	False	12.3	37.1	True	True	BOTH_EXPRESSED
DHDDS	CLRN1	ENSP00000353104	ENSP00000329158	0.541	True	True	30.3	11.8	True	True	BOTH_EXPRESSED
RPE65	RBP1	ENSP00000262340	ENSP00000232219	0.541	True	False	7.8	21.6	True	True	BOTH_EXPRESSED
RBP3	IL17A	ENSP00000463151	ENSP00000497968	0.541	True	False	504.0	0.0	True	True	BELOW_THRESHOLD
RCBTB1	MLNR	ENSP00000367552	ENSP00000218721	0.541	True	False	45.9	0.1	True	True	BOTH_EXPRESSED
CYP4V2	DIP2C	ENSP00000368079	ENSP00000280886	0.541	True	False	13.1	8.7	True	True	BOTH_EXPRESSED
RLBP1	ARR3	ENSP00000268125	ENSP00000311538	0.541	True	False	246.4	357.5	True	True	BOTH_EXPRESSED
REEP6	RTN4	ENSP00000233596	ENSP00000337838	0.541	True	False	87.4	593.0	True	True	BOTH_EXPRESSED
IMPDH1	NOP9	ENSP00000345096	ENSP00000267425	0.541	True	False	98.6	6.9	True	True	BOTH_EXPRESSED
PRPF3	TMIGD2	ENSP00000315379	ENSP00000301272	0.541	True	False	40.3	0.1	True	True	BOTH_EXPRESSED
PRPF3	NAA38	ENSP00000315379	ENSP00000332103	0.541	True	False	40.3	30.2	True	True	BOTH_EXPRESSED
PRPF31	RBM7	ENSP00000324122	ENSP00000364639	0.541	True	False	7.6	6.3	True	True	BOTH_EXPRESSED
UBAP1L	HGS	ENSP00000454012	ENSP00000331201	0.54	True	False	24.5	14.6	True	True	BOTH_EXPRESSED
UBAP1L	MVB12B	ENSP00000454012	ENSP00000354772	0.54	True	False	24.5	5.8	True	True	BOTH_EXPRESSED
UBAP1L	VPS37D	ENSP00000454012	ENSP00000320416	0.54	True	False	24.5	1.5	True	True	BOTH_EXPRESSED
UBAP1L	VPS37A	ENSP00000454012	ENSP00000318629	0.54	True	False	24.5	50.9	True	True	BOTH_EXPRESSED
UBAP1L	UBAP1	ENSP00000454012	ENSP00000486574	0.54	True	False	24.5	41.5	True	True	BOTH_EXPRESSED
UBAP1L	CHMP4B	ENSP00000454012	ENSP00000217402	0.54	True	False	24.5	49.4	True	True	BOTH_EXPRESSED
KIAA1549	HRAS	ENSP00000416040	ENSP00000407586	0.54	True	False	5.3	9.2	True	True	BOTH_EXPRESSED
PRPF8	COPG1	ENSP00000460348	ENSP00000325002	0.54	True	False	76.4	30.9	True	True	BOTH_EXPRESSED
DHX38	POLG	ENSP00000268482	ENSP00000399851	0.54	True	False	12.3	1.6	True	True	BOTH_EXPRESSED
CEP162	SASS6	ENSP00000385215	ENSP00000287482	0.54	True	False	2.6	5.3	True	True	BOTH_EXPRESSED
DYNC2H1	KIF7	ENSP00000497174	ENSP00000377934	0.54	True	False	9.5	0.2	True	True	BOTH_EXPRESSED
SNRNP200	UBA1	ENSP00000317123	ENSP00000338413	0.54	True	False	62.7	88.6	True	True	BOTH_EXPRESSED
COQ2	SMARCAL1	ENSP00000310873	ENSP00000349823	0.54	True	False	3.7	2.7	True	True	BOTH_EXPRESSED
COQ8B	NDUFS3	ENSP00000315118	ENSP00000263774	0.54	True	False	1.2	21.8	True	True	BOTH_EXPRESSED
RAX2	SLC5A8	ENSP00000450456	ENSP00000445340	0.54	True	False	59.9	0.1	True	True	BOTH_EXPRESSED
NRL	JDP2	ENSP00000454062	ENSP00000267569	0.54	True	False	294.2	15.3	True	True	BOTH_EXPRESSED
CEP250	CEP192	ENSP00000380661	ENSP00000427550	0.54	True	False	9.2	6.2	True	True	BOTH_EXPRESSED
CLN3	SLC25A22	ENSP00000454229	ENSP00000322020	0.54	True	False	3.0	15.0	True	True	BOTH_EXPRESSED
UBAP1L	STAM2	ENSP00000454012	ENSP00000263904	0.54	True	False	24.5	10.3	True	True	BOTH_EXPRESSED
UBAP1L	CHMP3	ENSP00000454012	ENSP00000263856	0.54	True	False	24.5	28.5	True	True	BOTH_EXPRESSED
UBAP1L	CHMP6	ENSP00000454012	ENSP00000317468	0.54	True	False	24.5	17.2	True	True	BOTH_EXPRESSED
PRPF6	EIF2AK4	ENSP00000266079	ENSP00000263791	0.54	True	False	33.8	12.1	True	True	BOTH_EXPRESSED
AHI1	CTNNB1	ENSP00000265602	ENSP00000495360	0.54	True	False	25.2	82.3	True	True	BOTH_EXPRESSED
RHO	TH	ENSP00000296271	ENSP00000370571	0.54	True	False	3767.6	0.1	True	True	BOTH_EXPRESSED
USH2A	OTOG	ENSP00000305941	ENSP00000382323	0.54	True	False	17.8	0.5	True	True	BOTH_EXPRESSED
UBAP1L	CHMP4C	ENSP00000454012	ENSP00000297265	0.54	True	False	24.5	0.1	True	True	BOTH_EXPRESSED
UBAP1L	SNF8	ENSP00000454012	ENSP00000421380	0.54	True	False	24.5	16.9	True	True	BOTH_EXPRESSED
UBAP1L	CHMP4A	ENSP00000454012	ENSP00000476412	0.54	True	False	24.5	14.4	True	True	BOTH_EXPRESSED
UBAP1L	MVB12A	ENSP00000454012	ENSP00000324810	0.54	True	False	24.5	1.1	True	True	BOTH_EXPRESSED
USH2A	BEST1	ENSP00000305941	ENSP00000399709	0.54	True	True	17.8	6.2	True	True	BOTH_EXPRESSED
UBAP1L	CHMP1A	ENSP00000454012	ENSP00000380998	0.54	True	False	24.5	5.0	True	True	BOTH_EXPRESSED
UBAP1L	CHMP1B	ENSP00000454012	ENSP00000432279	0.54	True	False	24.5	16.3	True	True	BOTH_EXPRESSED
UBAP1L	TSG101	ENSP00000454012	ENSP00000251968	0.54	True	False	24.5	40.4	True	True	BOTH_EXPRESSED
UBAP1L	VPS37C	ENSP00000454012	ENSP00000301765	0.54	True	False	24.5	21.0	True	True	BOTH_EXPRESSED
UBAP1L	VPS28	ENSP00000454012	ENSP00000366565	0.54	True	False	24.5	0.7	True	True	BOTH_EXPRESSED
UBAP1L	VPS25	ENSP00000454012	ENSP00000253794	0.54	True	False	24.5	28.9	True	True	BOTH_EXPRESSED
POMGNT1	GCNT2	ENSP00000361060	ENSP00000419411	0.54	True	False	10.1	0.2	True	True	BOTH_EXPRESSED
UBAP1L	STAM	ENSP00000454012	ENSP00000366746	0.54	True	False	24.5	10.4	True	True	BOTH_EXPRESSED
TOPORS	TUBG2	ENSP00000353735	ENSP00000251412	0.54	True	False	10.6	12.9	True	True	BOTH_EXPRESSED
TOPORS	TUBG1	ENSP00000353735	ENSP00000251413	0.54	True	False	10.6	9.9	True	True	BOTH_EXPRESSED
PRPF3	CRABP2	ENSP00000315379	ENSP00000482841	0.54	True	False	40.3	4.1	True	True	BOTH_EXPRESSED
UBAP1L	CHMP7	ENSP00000454012	ENSP00000380794	0.54	True	False	24.5	1.6	True	True	BOTH_EXPRESSED
TOPORS	TUBGCP2	ENSP00000353735	ENSP00000446093	0.54	True	False	10.6	6.6	True	True	BOTH_EXPRESSED
TOPORS	TUBGCP3	ENSP00000353735	ENSP00000261965	0.54	True	False	10.6	10.8	True	True	BOTH_EXPRESSED
PRPF31	H0YIS7_HUMAN	ENSP00000324122	ENSP00000450085	0.54	True	False	7.6		True	False	UNKNOWN
MAK	SYNGR1	ENSP00000346484	ENSP00000332287	0.54	True	False	110.1	67.8	True	True	BOTH_EXPRESSED
TBC1D32	UEVLD	ENSP00000381270	ENSP00000379500	0.54	True	False	6.9	8.9	True	True	BOTH_EXPRESSED
HK1	PYGL	ENSP00000494664	ENSP00000216392	0.54	True	False	141.7	72.5	True	True	BOTH_EXPRESSED
HK1	ACO2	ENSP00000494664	ENSP00000216254	0.54	True	False	141.7	43.6	True	True	BOTH_EXPRESSED
BEST1	CLCA1	ENSP00000399709	ENSP00000234701	0.54	True	False	6.2	0.0	True	True	BELOW_THRESHOLD
MERTK	SEMA4A	ENSP00000295408	ENSP00000357265	0.54	True	False	15.4	1.8	True	True	BOTH_EXPRESSED
UBAP1L	CHMP2A	ENSP00000454012	ENSP00000469240	0.54	True	False	24.5	64.4	True	True	BOTH_EXPRESSED
UBAP1L	VPS37B	ENSP00000454012	ENSP00000267202	0.54	True	False	24.5	8.6	True	True	BOTH_EXPRESSED
ARL3	ITSN2	ENSP00000260746	ENSP00000347244	0.54	True	False	89.3	14.7	True	True	BOTH_EXPRESSED
UBAP1L	UEVLD	ENSP00000454012	ENSP00000379500	0.54	True	False	24.5	8.9	True	True	BOTH_EXPRESSED
BCOR	ANKRD39	ENSP00000367705	ENSP00000377170	0.54	True	False	13.1	4.9	True	True	BOTH_EXPRESSED
PDE6G	GNG3	ENSP00000328412	ENSP00000294117	0.54	True	False	1904.6	32.7	True	True	BOTH_EXPRESSED
UBAP1L	VPS36	ENSP00000454012	ENSP00000367299	0.54	True	False	24.5	39.9	True	True	BOTH_EXPRESSED
BCOR	ASB6	ENSP00000367705	ENSP00000277458	0.54	True	False	13.1	4.1	True	True	BOTH_EXPRESSED
UBAP1L	CHMP2B	ENSP00000454012	ENSP00000263780	0.54	True	False	24.5	14.2	True	True	BOTH_EXPRESSED
PRPH2	GH2	ENSP00000230381	ENSP00000333157	0.539	True	False	594.9	0.0	True	True	BELOW_THRESHOLD
PRPH2	CSH2	ENSP00000230381	ENSP00000376623	0.539	True	False	594.9	0.0	True	True	BELOW_THRESHOLD
COQ2	IDH3G	ENSP00000310873	ENSP00000217901	0.539	True	True	3.7	22.7	True	True	BOTH_EXPRESSED
RLBP1	MITF	ENSP00000268125	ENSP00000391803	0.539	True	False	246.4	1.1	True	True	BOTH_EXPRESSED
CRX	GUCA1C	ENSP00000221996	ENSP00000261047	0.539	True	False	202.2	274.8	True	True	BOTH_EXPRESSED
CRX	GRK1	ENSP00000221996	ENSP00000334876	0.539	True	False	202.2	39.5	True	True	BOTH_EXPRESSED
RPE65	RS1	ENSP00000262340	ENSP00000369320	0.539	True	False	7.8	198.0	True	True	BOTH_EXPRESSED
CYP4V2	GATC	ENSP00000368079	ENSP00000446872	0.539	True	False	13.1	11.8	True	True	BOTH_EXPRESSED
PRPH2	CSH1	ENSP00000230381	ENSP00000316416	0.539	True	False	594.9	0.0	True	True	BELOW_THRESHOLD
OFD1	HAUS3	ENSP00000344314	ENSP00000243706	0.539	True	False	2.3	5.3	True	True	BOTH_EXPRESSED
SLC7A14	SLC3A1	ENSP00000231706	ENSP00000260649	0.539	True	False	5.7	3.1	True	True	BOTH_EXPRESSED
OFD1	CNTROB	ENSP00000344314	ENSP00000369614	0.539	True	False	2.3	16.6	True	True	BOTH_EXPRESSED
PRPH2	GH1	ENSP00000230381	ENSP00000312673	0.539	True	False	594.9	0.0	True	True	BELOW_THRESHOLD
PRPH2	CSHL1	ENSP00000230381	ENSP00000309524	0.539	True	False	594.9	0.0	True	True	BELOW_THRESHOLD
PRPH2	ENSP00000497443	ENSP00000230381	ENSP00000497443	0.539	True	False	594.9		True	False	UNKNOWN
MERTK	TYR	ENSP00000295408	ENSP00000263321	0.539	True	False	15.4	0.1	True	True	BOTH_EXPRESSED
IDH3A	GSR	ENSP00000299518	ENSP00000221130	0.539	True	False	23.8	11.8	True	True	BOTH_EXPRESSED
IDH3B	SLC25A11	ENSP00000482773	ENSP00000225665	0.539	True	False	42.7	21.6	True	True	BOTH_EXPRESSED
ARL2BP	C8orf37	ENSP00000219204	ENSP00000286688	0.539	True	False	34.8		True	False	UNKNOWN
BCOR	CTBP1	ENSP00000367705	ENSP00000290921	0.539	True	False	13.1	26.4	True	True	BOTH_EXPRESSED
IFT140	IQCB1	ENSP00000406012	ENSP00000311505	0.539	True	False	5.9	17.5	True	True	BOTH_EXPRESSED
IFT140	SMO	ENSP00000406012	ENSP00000249373	0.539	True	False	5.9	1.9	True	True	BOTH_EXPRESSED
IFT172	KLC2	ENSP00000260570	ENSP00000399403	0.539	True	False	5.3	26.4	True	True	BOTH_EXPRESSED
AGBL5	TTLL1	ENSP00000353249	ENSP00000266254	0.539	True	False	15.1	10.5	True	True	BOTH_EXPRESSED
RHO	EXOC1	ENSP00000296271	ENSP00000370695	0.538	True	False	3767.6	17.2	True	True	BOTH_EXPRESSED
TTC8	NPHP1	ENSP00000482306	ENSP00000313169	0.538	True	False	34.7	10.0	True	True	BOTH_EXPRESSED
IFT172	KIAA0556	ENSP00000260570	ENSP00000261588	0.538	True	False	5.3		True	False	UNKNOWN
DHX38	DHX36	ENSP00000268482	ENSP00000417078	0.538	True	False	12.3	15.7	True	True	BOTH_EXPRESSED
PRPF8	PIH1D1	ENSP00000460348	ENSP00000262265	0.538	True	False	76.4	11.0	True	True	BOTH_EXPRESSED
TOPORS	PIAS1	ENSP00000353735	ENSP00000438574	0.538	True	False	10.6	19.7	True	True	BOTH_EXPRESSED
PRPF3	HTN1	ENSP00000315379	ENSP00000424501	0.538	True	False	40.3	0.0	True	True	BELOW_THRESHOLD
HK1	PYGB	ENSP00000494664	ENSP00000216962	0.538	True	False	141.7	23.6	True	True	BOTH_EXPRESSED
TMEM216	CSPP1	ENSP00000334844	ENSP00000262210	0.538	True	False	10.8	2.1	True	True	BOTH_EXPRESSED
IDH3G	NDUFS2	ENSP00000217901	ENSP00000356972	0.538	True	False	22.7	33.5	True	True	BOTH_EXPRESSED
MERTK	SIRPA	ENSP00000295408	ENSP00000478763	0.538	True	False	15.4	36.9	True	True	BOTH_EXPRESSED
IMPDH1	TKT	ENSP00000345096	ENSP00000391481	0.538	True	False	98.6	16.8	True	True	BOTH_EXPRESSED
INPP5E	ARHGAP1	ENSP00000360777	ENSP00000310491	0.538	True	False	6.9	8.9	True	True	BOTH_EXPRESSED
SAG	KCNJ3	ENSP00000386444	ENSP00000295101	0.538	True	False	1359.9	4.6	True	True	BOTH_EXPRESSED
ZNF408	WDR24	ENSP00000309606	ENSP00000293883	0.538	True	False	1.2	1.7	True	True	BOTH_EXPRESSED
CFAP410	TEKT4	ENSP00000381047	ENSP00000295201	0.538	True	False	9.2	0.0	True	True	BELOW_THRESHOLD
SLC66A1	SLC38A9	ENSP00000364295	ENSP00000380074	0.538	True	False	11.2	9.2	True	True	BOTH_EXPRESSED
KIAA1549	KSR1	ENSP00000416040	ENSP00000381958	0.538	True	False	5.3	17.9	True	True	BOTH_EXPRESSED
CEP162	C2CD3	ENSP00000385215	ENSP00000334379	0.538	True	False	2.6	7.7	True	True	BOTH_EXPRESSED
RAX2	KCNV2	ENSP00000450456	ENSP00000371514	0.538	True	False	59.9	268.2	True	True	BOTH_EXPRESSED
RLBP1	GFAP	ENSP00000268125	ENSP00000253408	0.538	True	False	246.4	128.3	True	True	BOTH_EXPRESSED
AHI1	KIAA0753	ENSP00000265602	ENSP00000355250	0.538	True	False	25.2	10.0	True	True	BOTH_EXPRESSED
SAG	ADRA1A	ENSP00000386444	ENSP00000369960	0.538	True	False	1359.9	0.3	True	True	BOTH_EXPRESSED
RPGR	LRRC6	ENSP00000495537	ENSP00000484634	0.538	True	False	11.2		True	False	UNKNOWN
IDH3A	ALDH18A1	ENSP00000299518	ENSP00000360268	0.537	True	False	23.8	10.6	True	True	BOTH_EXPRESSED
RPGR	DPH3	ENSP00000495537	ENSP00000419599	0.537	True	False	11.2	12.4	True	True	BOTH_EXPRESSED
ARL3	MRPL4	ENSP00000260746	ENSP00000306902	0.537	True	False	89.3	8.1	True	True	BOTH_EXPRESSED
SNRNP200	DQX1	ENSP00000317123	ENSP00000384621	0.537	True	False	62.7	0.0	True	True	BELOW_THRESHOLD
SNRNP200	GTF3C2	ENSP00000317123	ENSP00000352536	0.537	True	False	62.7	23.2	True	True	BOTH_EXPRESSED
BEST1	PROM1	ENSP00000399709	ENSP00000426809	0.537	True	False	6.2	252.8	True	True	BOTH_EXPRESSED
TOPORS	PIAS4	ENSP00000353735	ENSP00000262971	0.537	True	False	10.6	3.4	True	True	BOTH_EXPRESSED
PRPF3	HNRNPUL2	ENSP00000315379	ENSP00000301785	0.537	True	False	40.3	34.8	True	True	BOTH_EXPRESSED
PRPF3	CDC40	ENSP00000315379	ENSP00000357928	0.537	True	False	40.3	13.7	True	True	BOTH_EXPRESSED
MVK	SPACA4	ENSP00000228510	ENSP00000312774	0.537	True	False	3.2	0.0	True	True	BELOW_THRESHOLD
IDH3B	TPI1	ENSP00000482773	ENSP00000229270	0.537	True	False	42.7	580.2	True	True	BOTH_EXPRESSED
PDE6G	GNAI1	ENSP00000328412	ENSP00000497260	0.537	True	False	1904.6	1.4	True	True	BOTH_EXPRESSED
PDE6B	PCSK5	ENSP00000420295	ENSP00000446280	0.537	True	False	357.2	3.8	True	True	BOTH_EXPRESSED
ZNF408	CTU2	ENSP00000309606	ENSP00000456908	0.537	True	False	1.2	1.3	True	True	BOTH_EXPRESSED
PRPF6	PPP1R8	ENSP00000266079	ENSP00000311677	0.537	True	False	33.8	26.0	True	True	BOTH_EXPRESSED
OFD1	TTC21B	ENSP00000344314	ENSP00000243344	0.537	True	False	2.3	6.9	True	True	BOTH_EXPRESSED
PDE6G	GNAI3	ENSP00000328412	ENSP00000358867	0.537	True	False	1904.6	16.5	True	True	BOTH_EXPRESSED
PRPF6	HNRNPM	ENSP00000266079	ENSP00000325376	0.537	True	False	33.8	118.2	True	True	BOTH_EXPRESSED
SLC4A7	SLC1A5	ENSP00000390394	ENSP00000444408	0.537	True	False	67.5	1.3	True	True	BOTH_EXPRESSED
ARL3	ITSN1	ENSP00000260746	ENSP00000370719	0.537	True	False	89.3	26.4	True	True	BOTH_EXPRESSED
SAG	SLC24A2	ENSP00000386444	ENSP00000344801	0.537	True	False	1359.9	15.2	True	True	BOTH_EXPRESSED
CEP162	CEP89	ENSP00000385215	ENSP00000306105	0.537	True	False	2.6	6.8	True	True	BOTH_EXPRESSED
COQ2	COX6A1	ENSP00000310873	ENSP00000229379	0.537	True	False	3.7	363.7	True	True	BOTH_EXPRESSED
COQ2	WDR97	ENSP00000310873	ENSP00000320648	0.537	True	False	3.7	0.2	True	True	BOTH_EXPRESSED
REEP6	RTN2	ENSP00000233596	ENSP00000245923	0.536	True	False	87.4	5.3	True	True	BOTH_EXPRESSED
PDE6A	OPN1SW	ENSP00000255266	ENSP00000249389	0.536	True	False	1001.0	38.0	True	True	BOTH_EXPRESSED
PRCD	PROM1	ENSP00000467661	ENSP00000426809	0.536	True	False	44.6	252.8	True	True	BOTH_EXPRESSED
NR2E3	GUCY2D	ENSP00000482504	ENSP00000254854	0.536	True	True	121.9	31.7	True	True	BOTH_EXPRESSED
PRPF31	TFIP11	ENSP00000324122	ENSP00000384421	0.536	True	False	7.6	12.4	True	True	BOTH_EXPRESSED
CC2D2A	CCDC120	ENSP00000403465	ENSP00000474071	0.536	True	False	78.4	1.8	True	True	BOTH_EXPRESSED
MERTK	P2RY12	ENSP00000295408	ENSP00000307259	0.536	True	False	15.4	0.2	True	True	BOTH_EXPRESSED
ARL6	ITSN2	ENSP00000419619	ENSP00000347244	0.536	True	False	35.2	14.7	True	True	BOTH_EXPRESSED
PRPF3	PNN	ENSP00000315379	ENSP00000216832	0.536	True	False	40.3	70.4	True	True	BOTH_EXPRESSED
BBS9	RPGRIP1L	ENSP00000242067	ENSP00000493946	0.536	True	False	20.3	2.6	True	True	BOTH_EXPRESSED
ARL2BP	FAM76B	ENSP00000219204	ENSP00000351631	0.536	True	False	34.8	4.9	True	True	BOTH_EXPRESSED
PDE6A	CLRN1	ENSP00000255266	ENSP00000329158	0.536	True	True	1001.0	11.8	True	True	BOTH_EXPRESSED
CEP162	IFT74	ENSP00000385215	ENSP00000404122	0.536	True	False	2.6	13.6	True	True	BOTH_EXPRESSED
CYP4V2	SQLE	ENSP00000368079	ENSP00000265896	0.536	True	False	13.1	16.5	True	True	BOTH_EXPRESSED
RPGR	PROM1	ENSP00000495537	ENSP00000426809	0.536	True	False	11.2	252.8	True	True	BOTH_EXPRESSED
PRPF8	TRRAP	ENSP00000460348	ENSP00000352925	0.536	True	False	76.4	8.0	True	True	BOTH_EXPRESSED
DHDDS	DPM3	ENSP00000353104	ENSP00000357384	0.536	True	False	30.3	9.6	True	True	BOTH_EXPRESSED
IFT172	KLC3	ENSP00000260570	ENSP00000375810	0.535	True	False	5.3	0.9	True	True	BOTH_EXPRESSED
CRX	ISL1	ENSP00000221996	ENSP00000230658	0.535	True	False	202.2	21.2	True	True	BOTH_EXPRESSED
SCLT1	KIAA0586	ENSP00000281142	ENSP00000346359	0.535	True	False	2.7	7.4	True	True	BOTH_EXPRESSED
PDE6B	GUCA1C	ENSP00000420295	ENSP00000261047	0.535	True	False	357.2	274.8	True	True	BOTH_EXPRESSED
PRPF3	LRMDA	ENSP00000315379	ENSP00000480240	0.535	True	False	40.3	2.2	True	True	BOTH_EXPRESSED
PRPF3	LRTOMT-2	ENSP00000315379	ENSP00000496019	0.535	True	False	40.3		True	False	UNKNOWN
CNGB1	RGR	ENSP00000251102	ENSP00000352427	0.535	True	False	557.0	129.0	True	True	BOTH_EXPRESSED
RCBTB1	SPRYD7	ENSP00000367552	ENSP00000354774	0.535	True	False	45.9	11.3	True	True	BOTH_EXPRESSED
GUCY2D	EYS	ENSP00000254854	ENSP00000359655	0.535	True	True	31.7	23.1	True	True	BOTH_EXPRESSED
IDH3G	TIMM10	ENSP00000217901	ENSP00000257245	0.535	True	False	22.7	14.0	True	True	BOTH_EXPRESSED
IDH3B	ACLY	ENSP00000482773	ENSP00000466259	0.535	True	False	42.7	21.5	True	True	BOTH_EXPRESSED
COQ8B	MT-CO2	ENSP00000315118	ENSP00000354876	0.535	True	False	1.2	8322.0	True	True	BOTH_EXPRESSED
DHX38	CCAR2	ENSP00000268482	ENSP00000310670	0.535	True	False	12.3	39.4	True	True	BOTH_EXPRESSED
IDH3B	BCAT2	ENSP00000482773	ENSP00000322991	0.535	True	False	42.7	5.2	True	True	BOTH_EXPRESSED
CEP250	BORA	ENSP00000380661	ENSP00000479266	0.535	True	False	9.2	3.2	True	True	BOTH_EXPRESSED
IFT140	EML4	ENSP00000406012	ENSP00000320663	0.535	True	False	5.9	9.5	True	True	BOTH_EXPRESSED
PRPF8	CCT7	ENSP00000460348	ENSP00000258091	0.535	True	False	76.4	76.7	True	True	BOTH_EXPRESSED
SLC24A1	ARR3	ENSP00000261892	ENSP00000311538	0.535	True	False	179.2	357.5	True	True	BOTH_EXPRESSED
DYNC2H1	IFT27	ENSP00000497174	ENSP00000393541	0.535	True	False	9.5	14.5	True	True	BOTH_EXPRESSED
NRL	RORB	ENSP00000454062	ENSP00000366093	0.535	True	False	294.2	51.5	True	True	BOTH_EXPRESSED
PRPF6	ATG4B	ENSP00000266079	ENSP00000384259	0.535	True	False	33.8	7.9	True	True	BOTH_EXPRESSED
ARL6	ITSN1	ENSP00000419619	ENSP00000370719	0.535	True	False	35.2	26.4	True	True	BOTH_EXPRESSED
HK1	ENO2	ENSP00000494664	ENSP00000437402	0.535	True	False	141.7	1573.2	True	True	BOTH_EXPRESSED
REEP6	ROM1	ENSP00000233596	ENSP00000278833	0.535	True	False	87.4	1101.4	True	True	BOTH_EXPRESSED
ARL3	DAP3	ENSP00000260746	ENSP00000357320	0.535	True	False	89.3	66.6	True	True	BOTH_EXPRESSED
IDH3A	LDHA	ENSP00000299518	ENSP00000445175	0.534	True	False	23.8	411.4	True	True	BOTH_EXPRESSED
AHI1	BBS1	ENSP00000265602	ENSP00000317469	0.534	True	True	25.2	19.9	True	True	BOTH_EXPRESSED
IFT140	RPGRIP1L	ENSP00000406012	ENSP00000493946	0.534	True	False	5.9	2.6	True	True	BOTH_EXPRESSED
CFAP20	REL	ENSP00000262498	ENSP00000295025	0.534	True	False	26.4	7.9	True	True	BOTH_EXPRESSED
SLC24A1	GUCY2F	ENSP00000261892	ENSP00000218006	0.534	True	False	179.2	39.1	True	True	BOTH_EXPRESSED
DHX38	C9orf78	ENSP00000268482	ENSP00000361524	0.534	True	False	12.3	19.1	True	True	BOTH_EXPRESSED
CNGB1	EXOC6	ENSP00000251102	ENSP00000260762	0.534	True	False	557.0	152.0	True	True	BOTH_EXPRESSED
IDH3B	ALDH18A1	ENSP00000482773	ENSP00000360268	0.534	True	False	42.7	10.6	True	True	BOTH_EXPRESSED
OFD1	HAUS2	ENSP00000344314	ENSP00000260372	0.534	True	False	2.3	5.0	True	True	BOTH_EXPRESSED
NR2E3	AMELX	ENSP00000482504	ENSP00000370088	0.534	True	False	121.9	0.0	True	True	BELOW_THRESHOLD
TOPORS	H2AX	ENSP00000353735	ENSP00000434024	0.534	True	False	10.6	6.4	True	True	BOTH_EXPRESSED
IMPDH1	YARS1	ENSP00000345096	ENSP00000362576	0.534	True	False	98.6	35.2	True	True	BOTH_EXPRESSED
CC2D2A	MICAL3	ENSP00000403465	ENSP00000416015	0.534	True	False	78.4	13.1	True	True	BOTH_EXPRESSED
PRPF4	APTX	ENSP00000363313	ENSP00000369145	0.534	True	False	12.1	7.4	True	True	BOTH_EXPRESSED
CLN3	AGA	ENSP00000454229	ENSP00000264595	0.534	True	False	3.0	6.1	True	True	BOTH_EXPRESSED
SAG	CCL19	ENSP00000386444	ENSP00000308815	0.534	True	False	1359.9	0.1	True	True	BOTH_EXPRESSED
KIAA1549	TRAK1	ENSP00000416040	ENSP00000328998	0.534	True	False	5.3	89.7	True	True	BOTH_EXPRESSED
DYNC2H1	TMEM67	ENSP00000497174	ENSP00000389998	0.534	True	False	9.5	3.0	True	True	BOTH_EXPRESSED
SCLT1	IFT20	ENSP00000281142	ENSP00000464443	0.533	True	False	2.7	24.7	True	True	BOTH_EXPRESSED
MVK	CRPPA	ENSP00000228510	ENSP00000385478	0.533	True	False	3.2	1.1	True	True	BOTH_EXPRESSED
RPE65	SERPINF1	ENSP00000262340	ENSP00000254722	0.533	True	False	7.8	56.9	True	True	BOTH_EXPRESSED
NRL	JUN	ENSP00000454062	ENSP00000360266	0.533	True	False	294.2	27.6	True	True	BOTH_EXPRESSED
PRPF3	INTS4	ENSP00000315379	ENSP00000434466	0.533	True	False	40.3	6.1	True	True	BOTH_EXPRESSED
INPP5E	CDAN1	ENSP00000360777	ENSP00000348564	0.533	True	False	6.9	2.4	True	True	BOTH_EXPRESSED
RP1L1	AIPL1	ENSP00000371923	ENSP00000370521	0.533	True	True	41.0	775.1	True	True	BOTH_EXPRESSED
DHX38	NUDT21	ENSP00000268482	ENSP00000300291	0.533	True	False	12.3	29.5	True	True	BOTH_EXPRESSED
CNGB1	PROM1	ENSP00000251102	ENSP00000426809	0.533	True	False	557.0	252.8	True	True	BOTH_EXPRESSED
RHO	USH2A	ENSP00000296271	ENSP00000305941	0.533	True	True	3767.6	17.8	True	True	BOTH_EXPRESSED
PRPF8	DHX37	ENSP00000460348	ENSP00000311135	0.533	True	False	76.4	0.5	True	True	BOTH_EXPRESSED
OFD1	CCDC77	ENSP00000344314	ENSP00000239830	0.533	True	False	2.3	3.2	True	True	BOTH_EXPRESSED
SLC4A7	USH1G	ENSP00000390394	ENSP00000480279	0.533	True	False	67.5	0.7	True	True	BOTH_EXPRESSED
DHX38	CLP1	ENSP00000268482	ENSP00000434995	0.533	True	False	12.3	3.0	True	True	BOTH_EXPRESSED
PDE6A	GNG12	ENSP00000255266	ENSP00000360021	0.533	True	False	1001.0	6.1	True	True	BOTH_EXPRESSED
PRPF4	SUGP1	ENSP00000363313	ENSP00000247001	0.533	True	False	12.1	1.9	True	True	BOTH_EXPRESSED
CEP162	HAUS5	ENSP00000385215	ENSP00000439056	0.533	True	False	2.6	3.7	True	True	BOTH_EXPRESSED
SPATA7	NMNAT1	ENSP00000377176	ENSP00000366410	0.533	True	False	9.4	4.8	True	True	BOTH_EXPRESSED
PRPF31	CCAR1	ENSP00000324122	ENSP00000265872	0.533	True	False	7.6	19.3	True	True	BOTH_EXPRESSED
RPE65	PLIN2	ENSP00000262340	ENSP00000276914	0.533	True	False	7.8	12.1	True	True	BOTH_EXPRESSED
REEP6	NXNL1	ENSP00000233596	ENSP00000305631	0.533	True	False	87.4	59.7	True	True	BOTH_EXPRESSED
IDH3G	COA6	ENSP00000217901	ENSP00000355574	0.533	True	False	22.7	15.0	True	True	BOTH_EXPRESSED
CEP250	OPTN	ENSP00000380661	ENSP00000368022	0.532	True	False	9.2	45.5	True	True	BOTH_EXPRESSED
RHO	RPGRIP1	ENSP00000296271	ENSP00000382895	0.532	True	False	3767.6	171.2	True	True	BOTH_EXPRESSED
RBP3	GRK1	ENSP00000463151	ENSP00000334876	0.532	True	False	504.0	39.5	True	True	BOTH_EXPRESSED
IFT172	RPGR	ENSP00000260570	ENSP00000495537	0.532	True	True	5.3	11.2	True	True	BOTH_EXPRESSED
RP1L1	GRM6	ENSP00000371923	ENSP00000497110	0.532	True	False	41.0	39.6	True	True	BOTH_EXPRESSED
NRL	SP4	ENSP00000454062	ENSP00000222584	0.532	True	False	294.2	8.3	True	True	BOTH_EXPRESSED
BBS9	KLHL41	ENSP00000242067	ENSP00000284669	0.532	True	False	20.3	15.0	True	True	BOTH_EXPRESSED
PDE6B	SNRNP200	ENSP00000420295	ENSP00000317123	0.532	True	True	357.2	62.7	True	True	BOTH_EXPRESSED
PDE6A	GNG7	ENSP00000255266	ENSP00000371594	0.532	True	False	1001.0	14.0	True	True	BOTH_EXPRESSED
MVK	HAO2	ENSP00000228510	ENSP00000354314	0.532	True	False	3.2	0.0	True	True	BELOW_THRESHOLD
RCBTB1	HMG20A	ENSP00000367552	ENSP00000371133	0.532	True	False	45.9	24.1	True	True	BOTH_EXPRESSED
RHO	NXNL1	ENSP00000296271	ENSP00000305631	0.532	True	False	3767.6	59.7	True	True	BOTH_EXPRESSED
BBS2	NPHP4	ENSP00000245157	ENSP00000367398	0.532	True	False	12.0	2.2	True	True	BOTH_EXPRESSED
PRPF8	TRA2A	ENSP00000460348	ENSP00000297071	0.532	True	False	76.4	38.7	True	True	BOTH_EXPRESSED
MVK	AACS	ENSP00000228510	ENSP00000324842	0.532	True	False	3.2	5.8	True	True	BOTH_EXPRESSED
SAG	TRHR	ENSP00000386444	ENSP00000430711	0.532	True	False	1359.9	0.1	True	True	BOTH_EXPRESSED
PRPH2	PDE6C	ENSP00000230381	ENSP00000360502	0.532	True	False	594.9	21.4	True	True	BOTH_EXPRESSED
HK1	UGP2	ENSP00000494664	ENSP00000338703	0.532	True	False	141.7	34.1	True	True	BOTH_EXPRESSED
RPGR	CALML4	ENSP00000495537	ENSP00000419081	0.532	True	False	11.2	3.1	True	True	BOTH_EXPRESSED
RPGR	CALM3	ENSP00000495537	ENSP00000291295	0.532	True	False	11.2	141.0	True	True	BOTH_EXPRESSED
RPGR	CTTNBP2	ENSP00000495537	ENSP00000160373	0.532	True	False	11.2	7.3	True	True	BOTH_EXPRESSED
RPGR	CALML6	ENSP00000495537	ENSP00000304643	0.532	True	False	11.2	0.2	True	True	BOTH_EXPRESSED
BBS1	INVS	ENSP00000317469	ENSP00000262457	0.532	True	False	19.9	10.9	True	True	BOTH_EXPRESSED
TOPORS	FAM161A	ENSP00000353735	ENSP00000385158	0.532	True	True	10.6	26.9	True	True	BOTH_EXPRESSED
RPGR	CALML5	ENSP00000495537	ENSP00000369689	0.531	True	False	11.2	0.0	True	True	BELOW_THRESHOLD
RPGR	CA4	ENSP00000495537	ENSP00000300900	0.531	True	False	11.2	0.0	True	True	BELOW_THRESHOLD
IFT140	B9D2	ENSP00000406012	ENSP00000243578	0.531	True	False	5.9	1.1	True	True	BOTH_EXPRESSED
PRPF4	U2AF2	ENSP00000363313	ENSP00000307863	0.531	True	False	12.1	34.5	True	True	BOTH_EXPRESSED
GUCY2D	RGS9BP	ENSP00000254854	ENSP00000334134	0.531	True	False	31.7	16.1	True	True	BOTH_EXPRESSED
RPGR	CALML3	ENSP00000495537	ENSP00000315299	0.531	True	False	11.2	0.0	True	True	BELOW_THRESHOLD
COQ2	ADCK2	ENSP00000310873	ENSP00000072869	0.531	True	False	3.7	5.9	True	True	BOTH_EXPRESSED
FAM161A	PFDN5	ENSP00000385158	ENSP00000447942	0.531	True	False	26.9	344.5	True	True	BOTH_EXPRESSED
PRPF8	POLR2B	ENSP00000460348	ENSP00000370625	0.531	True	False	76.4	34.1	True	True	BOTH_EXPRESSED
PRPF6	CUL7	ENSP00000266079	ENSP00000438788	0.531	True	False	33.8	4.8	True	True	BOTH_EXPRESSED
CNGB1	EXOC5	ENSP00000251102	ENSP00000484855	0.531	True	False	557.0	9.1	True	True	BOTH_EXPRESSED
PRPF6	NCBP1	ENSP00000266079	ENSP00000364289	0.531	True	False	33.8	28.1	True	True	BOTH_EXPRESSED
PRPF6	ISY1	ENSP00000266079	ENSP00000273541	0.531	True	False	33.8	9.6	True	True	BOTH_EXPRESSED
KIAA1549	ATRX	ENSP00000416040	ENSP00000362441	0.531	True	False	5.3	24.8	True	True	BOTH_EXPRESSED
GUCA1A	CLUL1	ENSP00000053469	ENSP00000441726	0.531	True	False	703.2	275.9	True	True	BOTH_EXPRESSED
OFD1	DNAH11	ENSP00000344314	ENSP00000475939	0.531	True	False	2.3	0.0	True	True	BELOW_THRESHOLD
TOPORS	RANBP2	ENSP00000353735	ENSP00000283195	0.531	True	False	10.6	25.7	True	True	BOTH_EXPRESSED
CNGB1	CDHR1	ENSP00000251102	ENSP00000485478	0.53	True	True	557.0	291.2	True	True	BOTH_EXPRESSED
RHO	GPR180	ENSP00000296271	ENSP00000366157	0.53	True	False	3767.6	6.5	True	True	BOTH_EXPRESSED
RHO	GNRHR	ENSP00000296271	ENSP00000226413	0.53	True	False	3767.6	0.4	True	True	BOTH_EXPRESSED
IFT172	ZNF512	ENSP00000260570	ENSP00000347648	0.53	True	False	5.3	24.4	True	True	BOTH_EXPRESSED
CNGB1	SPATA7	ENSP00000251102	ENSP00000377176	0.53	True	True	557.0	9.4	True	True	BOTH_EXPRESSED
SCLT1	ANKRD26	ENSP00000281142	ENSP00000365255	0.53	True	False	2.7	9.3	True	True	BOTH_EXPRESSED
COQ5	FDXR	ENSP00000288532	ENSP00000416515	0.53	True	False	24.3	0.5	True	True	BOTH_EXPRESSED
HGSNAT	IDS	ENSP00000368965	ENSP00000339801	0.53	True	False	12.6	45.0	True	True	BOTH_EXPRESSED
HGSNAT	GLB1	ENSP00000368965	ENSP00000306920	0.53	True	False	12.6	13.8	True	True	BOTH_EXPRESSED
BCOR	CCNB3	ENSP00000367705	ENSP00000365210	0.53	True	False	13.1	0.5	True	True	BOTH_EXPRESSED
GUCA1A	RPGRIP1L	ENSP00000053469	ENSP00000493946	0.53	True	False	703.2	2.6	True	True	BOTH_EXPRESSED
DHDDS	APMAP	ENSP00000353104	ENSP00000217456	0.53	True	False	30.3	29.6	True	True	BOTH_EXPRESSED
FLVCR1	ABCB7	ENSP00000355938	ENSP00000253577	0.53	True	False	6.3	9.0	True	True	BOTH_EXPRESSED
GNAT1	SEMA4A	ENSP00000232461	ENSP00000357265	0.53	True	False	1040.7	1.8	True	True	BOTH_EXPRESSED
DHX38	NKAP	ENSP00000268482	ENSP00000360464	0.53	True	False	12.3	8.9	True	True	BOTH_EXPRESSED
CERKL	KCNV2	ENSP00000341159	ENSP00000371514	0.53	True	False	19.5	268.2	True	True	BOTH_EXPRESSED
CEP250	CEP164	ENSP00000380661	ENSP00000278935	0.53	True	False	9.2	24.1	True	True	BOTH_EXPRESSED
OFD1	WDR90	ENSP00000344314	ENSP00000293879	0.53	True	False	2.3	4.3	True	True	BOTH_EXPRESSED
CRX	FOXN4	ENSP00000221996	ENSP00000299162	0.529	True	False	202.2	0.4	True	True	BOTH_EXPRESSED
PDE6B	GNG8	ENSP00000420295	ENSP00000300873	0.529	True	False	357.2	0.4	True	True	BOTH_EXPRESSED
PRCD	CDHR1	ENSP00000467661	ENSP00000485478	0.529	True	True	44.6	291.2	True	True	BOTH_EXPRESSED
PDE6A	GNG4	ENSP00000255266	ENSP00000398629	0.529	True	False	1001.0	2.3	True	True	BOTH_EXPRESSED
BBS1	ANKRD26	ENSP00000317469	ENSP00000365255	0.529	True	False	19.9	9.3	True	True	BOTH_EXPRESSED
IDH3G	NDUFS3	ENSP00000217901	ENSP00000263774	0.529	True	False	22.7	21.8	True	True	BOTH_EXPRESSED
MERTK	RD3	ENSP00000295408	ENSP00000355969	0.529	True	False	15.4	43.8	True	True	BOTH_EXPRESSED
ARL3	NPHP4	ENSP00000260746	ENSP00000367398	0.529	True	False	89.3	2.2	True	True	BOTH_EXPRESSED
ARL3	BBS7	ENSP00000260746	ENSP00000264499	0.529	True	False	89.3	52.4	True	True	BOTH_EXPRESSED
SAG	WWP2	ENSP00000386444	ENSP00000352069	0.529	True	False	1359.9	14.3	True	True	BOTH_EXPRESSED
SAG	RPGR	ENSP00000386444	ENSP00000495537	0.529	True	True	1359.9	11.2	True	True	BOTH_EXPRESSED
RPGR	CCDC39	ENSP00000495537	ENSP00000417960	0.529	True	False	11.2	20.2	True	True	BOTH_EXPRESSED
PRPF6	U2SURP	ENSP00000266079	ENSP00000418563	0.529	True	False	33.8	48.0	True	True	BOTH_EXPRESSED
HGSNAT	POMK	ENSP00000368965	ENSP00000331258	0.529	True	False	12.6	5.4	True	True	BOTH_EXPRESSED
TBC1D32	OFD1	ENSP00000381270	ENSP00000344314	0.529	True	True	6.9	2.3	True	True	BOTH_EXPRESSED
PRPF8	RPL6	ENSP00000460348	ENSP00000403172	0.529	True	False	76.4	492.8	True	True	BOTH_EXPRESSED
PRPF8	CCAR1	ENSP00000460348	ENSP00000265872	0.529	True	False	76.4	19.3	True	True	BOTH_EXPRESSED
PRPF8	RBM39	ENSP00000460348	ENSP00000253363	0.529	True	False	76.4	45.8	True	True	BOTH_EXPRESSED
DHX38	CXorf56	ENSP00000268482	ENSP00000441786	0.529	True	False	12.3		True	False	UNKNOWN
DHX38	FAM50A	ENSP00000268482	ENSP00000377225	0.529	True	False	12.3	24.6	True	True	BOTH_EXPRESSED
COQ5	NDUFA12	ENSP00000288532	ENSP00000330737	0.529	True	False	24.3	98.3	True	True	BOTH_EXPRESSED
SCLT1	IFT88	ENSP00000281142	ENSP00000323580	0.529	True	False	2.7	30.2	True	True	BOTH_EXPRESSED
CRB1	SCRIB	ENSP00000356370	ENSP00000349486	0.528	True	False	69.2	0.9	True	True	BOTH_EXPRESSED
COQ2	LMX1B	ENSP00000310873	ENSP00000347684	0.528	True	False	3.7	0.0	True	True	BELOW_THRESHOLD
DHX38	NOL6	ENSP00000268482	ENSP00000297990	0.528	True	False	12.3	6.3	True	True	BOTH_EXPRESSED
BBS2	IFT52	ENSP00000245157	ENSP00000362121	0.528	True	False	12.0	14.0	True	True	BOTH_EXPRESSED
RHO	CDKN2A	ENSP00000296271	ENSP00000418915	0.528	True	False	3767.6	0.1	True	True	BOTH_EXPRESSED
IFT140	MKS1	ENSP00000406012	ENSP00000376827	0.528	True	False	5.9	6.1	True	True	BOTH_EXPRESSED
MERTK	IL1B	ENSP00000295408	ENSP00000263341	0.528	True	False	15.4	0.3	True	True	BOTH_EXPRESSED
CEP162	TMEM67	ENSP00000385215	ENSP00000389998	0.528	True	False	2.6	3.0	True	True	BOTH_EXPRESSED
SAG	GPR84	ENSP00000386444	ENSP00000450310	0.528	True	False	1359.9	2.5	True	True	BOTH_EXPRESSED
IFT172	ICK	ENSP00000260570	ENSP00000349458	0.528	True	False	5.3		True	False	UNKNOWN
OFD1	HAUS7	ENSP00000344314	ENSP00000359230	0.528	True	False	2.3	3.0	True	True	BOTH_EXPRESSED
IDH3A	PKM	ENSP00000299518	ENSP00000320171	0.528	True	False	23.8	1155.0	True	True	BOTH_EXPRESSED
IDH3G	CMC4	ENSP00000217901	ENSP00000358496	0.528	True	False	22.7	6.8	True	True	BOTH_EXPRESSED
BBS1	KIF7	ENSP00000317469	ENSP00000377934	0.528	True	False	19.9	0.2	True	True	BOTH_EXPRESSED
IDH3A	PDHA2	ENSP00000299518	ENSP00000295266	0.528	True	False	23.8	0.0	True	True	BELOW_THRESHOLD
COQ8B	NDUFV2	ENSP00000315118	ENSP00000327268	0.528	True	False	1.2	120.2	True	True	BOTH_EXPRESSED
RHO	EIF2AK3	ENSP00000296271	ENSP00000307235	0.528	True	False	3767.6	0.7	True	True	BOTH_EXPRESSED
IMPDH1	PRPS1	ENSP00000345096	ENSP00000361512	0.528	True	False	98.6	28.1	True	True	BOTH_EXPRESSED
CC2D2A	WDR19	ENSP00000403465	ENSP00000382717	0.528	True	False	78.4	12.0	True	True	BOTH_EXPRESSED
FAM161A	RP1L1	ENSP00000385158	ENSP00000371923	0.527	True	True	26.9	41.0	True	True	BOTH_EXPRESSED
DHX38	POM121C	ENSP00000268482	ENSP00000481575	0.527	True	False	12.3	25.4	True	True	BOTH_EXPRESSED
TULP1	NMNAT1	ENSP00000229771	ENSP00000366410	0.527	True	False	194.3	4.8	True	True	BOTH_EXPRESSED
PRPF8	WDR48	ENSP00000460348	ENSP00000307491	0.527	True	False	76.4	16.4	True	True	BOTH_EXPRESSED
PDE6B	OPN1SW	ENSP00000420295	ENSP00000249389	0.527	True	False	357.2	38.0	True	True	BOTH_EXPRESSED
CNGB1	SLC24A2	ENSP00000251102	ENSP00000344801	0.527	True	False	557.0	15.2	True	True	BOTH_EXPRESSED
PRPF6	DNAJC8	ENSP00000266079	ENSP00000263697	0.527	True	False	33.8	23.7	True	True	BOTH_EXPRESSED
RHO	CABP5	ENSP00000296271	ENSP00000293255	0.527	True	False	3767.6	360.1	True	True	BOTH_EXPRESSED
MVK	COASY	ENSP00000228510	ENSP00000464814	0.527	True	False	3.2	12.4	True	True	BOTH_EXPRESSED
HK1	SLC2A4	ENSP00000494664	ENSP00000320935	0.527	True	False	141.7	0.4	True	True	BOTH_EXPRESSED
SPATA7	ROM1	ENSP00000377176	ENSP00000278833	0.527	True	False	9.4	1101.4	True	True	BOTH_EXPRESSED
CNGA1	GNB3	ENSP00000384264	ENSP00000229264	0.527	True	False	244.8	396.1	True	True	BOTH_EXPRESSED
IDH3G	ALDH18A1	ENSP00000217901	ENSP00000360268	0.527	True	False	22.7	10.6	True	True	BOTH_EXPRESSED
IMPDH1	CS	ENSP00000345096	ENSP00000342056	0.527	True	False	98.6	119.5	True	True	BOTH_EXPRESSED
OFD1	CCDC61	ENSP00000344314	ENSP00000471454	0.527	True	False	2.3	1.5	True	True	BOTH_EXPRESSED
DHX38	AAR2	ENSP00000268482	ENSP00000363043	0.527	True	False	12.3	6.9	True	True	BOTH_EXPRESSED
CLCC1	ERC1	ENSP00000349456	ENSP00000354158	0.527	True	False	10.5	6.0	True	True	BOTH_EXPRESSED
RHO	TAAR1	ENSP00000296271	ENSP00000275216	0.527	True	False	3767.6	0.0	True	True	BELOW_THRESHOLD
MERTK	IL10	ENSP00000295408	ENSP00000412237	0.527	True	False	15.4	0.0	True	True	BELOW_THRESHOLD
BBS2	WDR35	ENSP00000245157	ENSP00000314444	0.527	True	False	12.0	11.6	True	True	BOTH_EXPRESSED
PCARE	PROM1	ENSP00000332809	ENSP00000426809	0.527	True	False	26.4	252.8	True	True	BOTH_EXPRESSED
RPE65	NMNAT1	ENSP00000262340	ENSP00000366410	0.526	True	False	7.8	4.8	True	True	BOTH_EXPRESSED
PDE6B	FZD4	ENSP00000420295	ENSP00000434034	0.526	True	False	357.2	1.0	True	True	BOTH_EXPRESSED
TTC8	DHDDS	ENSP00000482306	ENSP00000353104	0.526	True	True	34.7	30.3	True	True	BOTH_EXPRESSED
RBP3	CD4	ENSP00000463151	ENSP00000011653	0.526	True	False	504.0	9.8	True	True	BOTH_EXPRESSED
HK1	NAGK	ENSP00000494664	ENSP00000477639	0.526	True	False	141.7	15.3	True	True	BOTH_EXPRESSED
BBS2	PSME3	ENSP00000245157	ENSP00000293362	0.526	True	False	12.0	31.9	True	True	BOTH_EXPRESSED
SPATA7	SDCCAG8	ENSP00000377176	ENSP00000355499	0.526	True	False	9.4	3.4	True	True	BOTH_EXPRESSED
RPGR	CWC15	ENSP00000495537	ENSP00000475615	0.526	True	False	11.2	23.4	True	True	BOTH_EXPRESSED
TMEM216	RPGRIP1	ENSP00000334844	ENSP00000382895	0.526	True	False	10.8	171.2	True	True	BOTH_EXPRESSED
FLVCR1	CYBRD1	ENSP00000355938	ENSP00000319141	0.526	True	False	6.3	20.5	True	True	BOTH_EXPRESSED
PRPF6	DHX8	ENSP00000266079	ENSP00000262415	0.526	True	False	33.8	14.6	True	True	BOTH_EXPRESSED
IDH3A	ATP5PO	ENSP00000299518	ENSP00000290299	0.526	True	False	23.8	203.2	True	True	BOTH_EXPRESSED
SCLT1	NPHP1	ENSP00000281142	ENSP00000313169	0.526	True	False	2.7	10.0	True	True	BOTH_EXPRESSED
PRPF6	PPM1G	ENSP00000266079	ENSP00000342778	0.526	True	False	33.8	18.6	True	True	BOTH_EXPRESSED
CNGB1	EXOC4	ENSP00000251102	ENSP00000253861	0.526	True	False	557.0	49.2	True	True	BOTH_EXPRESSED
DHX38	PCF11	ENSP00000268482	ENSP00000298281	0.526	True	False	12.3	21.8	True	True	BOTH_EXPRESSED
PRPF3	CCAR1	ENSP00000315379	ENSP00000265872	0.526	True	False	40.3	19.3	True	True	BOTH_EXPRESSED
MERTK	GUCA1C	ENSP00000295408	ENSP00000261047	0.526	True	False	15.4	274.8	True	True	BOTH_EXPRESSED
SLC7A14	SLC3A2	ENSP00000231706	ENSP00000367123	0.526	True	False	5.7	21.3	True	True	BOTH_EXPRESSED
SLC4A7	CA9	ENSP00000390394	ENSP00000367608	0.526	True	False	67.5	0.9	True	True	BOTH_EXPRESSED
OFD1	DNAH5	ENSP00000344314	ENSP00000265104	0.526	True	False	2.3	0.0	True	True	BELOW_THRESHOLD
IDH3B	CRX	ENSP00000482773	ENSP00000221996	0.525	True	True	42.7	202.2	True	True	BOTH_EXPRESSED
IDH3A	ENO1	ENSP00000299518	ENSP00000495530	0.525	True	False	23.8	688.1	True	True	BOTH_EXPRESSED
HK1	PGAM1	ENSP00000494664	ENSP00000359991	0.525	True	False	141.7	390.1	True	True	BOTH_EXPRESSED
PRPF31	LUC7L3	ENSP00000324122	ENSP00000376919	0.525	True	False	7.6	162.8	True	True	BOTH_EXPRESSED
IFT172	KLC1	ENSP00000260570	ENSP00000414982	0.525	True	False	5.3	147.0	True	True	BOTH_EXPRESSED
COQ2	TIMM22	ENSP00000310873	ENSP00000320236	0.525	True	False	3.7	4.2	True	True	BOTH_EXPRESSED
PRPF8	COPS5	ENSP00000460348	ENSP00000350512	0.525	True	False	76.4	36.8	True	True	BOTH_EXPRESSED
PDE6A	ARR3	ENSP00000255266	ENSP00000311538	0.525	True	False	1001.0	357.5	True	True	BOTH_EXPRESSED
PRPF8	IQGAP1	ENSP00000460348	ENSP00000268182	0.525	True	False	76.4	6.6	True	True	BOTH_EXPRESSED
LRAT	CRABP1	ENSP00000337224	ENSP00000299529	0.525	True	False	0.9	505.1	True	True	BOTH_EXPRESSED
RAX2	DPRX	ENSP00000450456	ENSP00000365838	0.525	True	False	59.9	0.0	True	True	BELOW_THRESHOLD
RPE65	CDS1	ENSP00000262340	ENSP00000295887	0.525	True	False	7.8	20.8	True	True	BOTH_EXPRESSED
GNAT1	CACNA2D4	ENSP00000232461	ENSP00000372169	0.525	True	False	1040.7	18.7	True	True	BOTH_EXPRESSED
IDH3G	SLC25A12	ENSP00000217901	ENSP00000388658	0.525	True	False	22.7	14.7	True	True	BOTH_EXPRESSED
CLRN1	STRC	ENSP00000329158	ENSP00000401513	0.525	True	False	11.8	3.3	True	True	BOTH_EXPRESSED
CEP162	HAUS2	ENSP00000385215	ENSP00000260372	0.525	True	False	2.6	5.0	True	True	BOTH_EXPRESSED
CEP162	HAUS7	ENSP00000385215	ENSP00000359230	0.525	True	False	2.6	3.0	True	True	BOTH_EXPRESSED
IDH3A	PC	ENSP00000299518	ENSP00000498994	0.525	True	False	23.8	2.3	True	True	BOTH_EXPRESSED
CEP162	HAUS8	ENSP00000385215	ENSP00000253669	0.525	True	False	2.6	0.9	True	True	BOTH_EXPRESSED
TTC8	TRPV1	ENSP00000482306	ENSP00000459962	0.525	True	False	34.7	12.0	True	True	BOTH_EXPRESSED
KIAA1549	LMNA	ENSP00000416040	ENSP00000357283	0.525	True	False	5.3	4.3	True	True	BOTH_EXPRESSED
OFD1	BORA	ENSP00000344314	ENSP00000479266	0.525	True	False	2.3	3.2	True	True	BOTH_EXPRESSED
SLC4A7	SLC9A4	ENSP00000390394	ENSP00000295269	0.525	True	False	67.5	0.3	True	True	BOTH_EXPRESSED
ZNF408	LSM2	ENSP00000309606	ENSP00000364813	0.524	True	False	1.2	6.7	True	True	BOTH_EXPRESSED
DYNC2H1	DNAH12	ENSP00000497174	ENSP00000312554	0.524	True	False	9.5	0.2	True	True	BOTH_EXPRESSED
SLC4A7	CA12	ENSP00000390394	ENSP00000178638	0.524	True	False	67.5	1.7	True	True	BOTH_EXPRESSED
IFT172	SDCCAG8	ENSP00000260570	ENSP00000355499	0.524	True	False	5.3	3.4	True	True	BOTH_EXPRESSED
CLN3	FAR1	ENSP00000454229	ENSP00000346874	0.524	True	False	3.0	26.8	True	True	BOTH_EXPRESSED
CRX	USH2A	ENSP00000221996	ENSP00000305941	0.524	True	True	202.2	17.8	True	True	BOTH_EXPRESSED
IDH3G	ACLY	ENSP00000217901	ENSP00000466259	0.524	True	False	22.7	21.5	True	True	BOTH_EXPRESSED
DYNC2H1	CC2D2A	ENSP00000497174	ENSP00000403465	0.524	True	True	9.5	78.4	True	True	BOTH_EXPRESSED
SLC24A1	GUCA1C	ENSP00000261892	ENSP00000261047	0.524	True	False	179.2	274.8	True	True	BOTH_EXPRESSED
LRAT	DGAT2	ENSP00000337224	ENSP00000228027	0.524	True	False	0.9	0.6	True	True	BOTH_EXPRESSED
IMPDH1	UMPS	ENSP00000345096	ENSP00000232607	0.524	True	False	98.6	1.7	True	True	BOTH_EXPRESSED
SNRNP200	PRKDC	ENSP00000317123	ENSP00000313420	0.524	True	False	62.7	22.6	True	True	BOTH_EXPRESSED
CLCC1	COX5A	ENSP00000349456	ENSP00000317780	0.524	True	False	10.5	179.7	True	True	BOTH_EXPRESSED
BCOR	DCAF7	ENSP00000367705	ENSP00000483236	0.524	True	False	13.1	28.0	True	True	BOTH_EXPRESSED
USH2A	OXTR	ENSP00000305941	ENSP00000324270	0.524	True	False	17.8	2.5	True	True	BOTH_EXPRESSED
FSD1L	FN1	ENSP00000417492	ENSP00000346839	0.524	True	False	40.1	5.6	True	True	BOTH_EXPRESSED
COQ2	HTATIP2	ENSP00000310873	ENSP00000392985	0.523	True	False	3.7	1.7	True	True	BOTH_EXPRESSED
PRPF8	GEMIN4	ENSP00000460348	ENSP00000321706	0.523	True	False	76.4	3.2	True	True	BOTH_EXPRESSED
COQ5	BUD23	ENSP00000288532	ENSP00000401191	0.523	True	False	24.3	26.1	True	True	BOTH_EXPRESSED
CC2D2A	BBS5	ENSP00000403465	ENSP00000295240	0.523	True	False	78.4	11.3	True	True	BOTH_EXPRESSED
IMPDH1	TYMS	ENSP00000345096	ENSP00000315644	0.523	True	False	98.6	3.9	True	True	BOTH_EXPRESSED
USH2A	RPGRIP1L	ENSP00000305941	ENSP00000493946	0.523	True	False	17.8	2.6	True	True	BOTH_EXPRESSED
DHDDS	MVD	ENSP00000353104	ENSP00000301012	0.523	True	False	30.3	3.2	True	True	BOTH_EXPRESSED
IDH3G	PAM16	ENSP00000217901	ENSP00000315693	0.523	True	False	22.7	4.4	True	True	BOTH_EXPRESSED
CC2D2A	TMEM80	ENSP00000403465	ENSP00000380646	0.523	True	False	78.4	8.6	True	True	BOTH_EXPRESSED
FAM161A	CEP290	ENSP00000385158	ENSP00000448012	0.523	True	False	26.9	6.6	True	True	BOTH_EXPRESSED
CEP250	RAB8A	ENSP00000380661	ENSP00000300935	0.523	True	False	9.2	8.1	True	True	BOTH_EXPRESSED
MERTK	TMEM119	ENSP00000295408	ENSP00000376553	0.523	True	False	15.4	0.8	True	True	BOTH_EXPRESSED
MERTK	IFT122	ENSP00000295408	ENSP00000296266	0.523	True	False	15.4	0.9	True	True	BOTH_EXPRESSED
SLC37A3	MFSD9	ENSP00000321498	ENSP00000258436	0.523	True	False	10.4	2.2	True	True	BOTH_EXPRESSED
NRL	GNAT2	ENSP00000454062	ENSP00000251337	0.523	True	False	294.2	73.0	True	True	BOTH_EXPRESSED
DYNC2H1	OFD1	ENSP00000497174	ENSP00000344314	0.523	True	True	9.5	2.3	True	True	BOTH_EXPRESSED
TMEM216	BBS12	ENSP00000334844	ENSP00000438273	0.523	True	False	10.8	16.3	True	True	BOTH_EXPRESSED
CEP162	POC1B	ENSP00000385215	ENSP00000323302	0.523	True	False	2.6	5.1	True	True	BOTH_EXPRESSED
TMEM216	DVL1	ENSP00000334844	ENSP00000368166	0.523	True	False	10.8	7.5	True	True	BOTH_EXPRESSED
PRPF8	TARDBP	ENSP00000460348	ENSP00000240185	0.522	True	False	76.4	110.6	True	True	BOTH_EXPRESSED
CNGB1	EXOC3	ENSP00000251102	ENSP00000425587	0.522	True	False	557.0	7.4	True	True	BOTH_EXPRESSED
PDE6A	GNG5	ENSP00000255266	ENSP00000359675	0.522	True	False	1001.0	18.1	True	True	BOTH_EXPRESSED
PDE6A	GNG13	ENSP00000255266	ENSP00000248150	0.522	True	False	1001.0	51.9	True	True	BOTH_EXPRESSED
PDE6A	CABP4	ENSP00000255266	ENSP00000324960	0.522	True	False	1001.0	63.1	True	True	BOTH_EXPRESSED
DHX38	NTSR2	ENSP00000268482	ENSP00000303686	0.522	True	False	12.3	0.1	True	True	BOTH_EXPRESSED
NR2E3	AMELY	ENSP00000482504	ENSP00000372505	0.522	True	False	121.9	0.0	True	True	BELOW_THRESHOLD
PRPF8	HNRNPH1	ENSP00000460348	ENSP00000349168	0.522	True	False	76.4	152.8	True	True	BOTH_EXPRESSED
OFD1	FAM161A	ENSP00000344314	ENSP00000385158	0.522	True	True	2.3	26.9	True	True	BOTH_EXPRESSED
PRPF8	TP53	ENSP00000460348	ENSP00000269305	0.522	True	False	76.4	3.8	True	True	BOTH_EXPRESSED
BEST1	MFRP	ENSP00000399709	ENSP00000481824	0.522	True	False	6.2	0.1	True	True	BOTH_EXPRESSED
CERKL	RP1L1	ENSP00000341159	ENSP00000371923	0.522	True	True	19.5	41.0	True	True	BOTH_EXPRESSED
CFAP20	EFCAB6	ENSP00000262498	ENSP00000262726	0.522	True	False	26.4	2.8	True	True	BOTH_EXPRESSED
PDE6G	OPN1SW	ENSP00000328412	ENSP00000249389	0.522	True	False	1904.6	38.0	True	True	BOTH_EXPRESSED
RPGR	DRC1	ENSP00000495537	ENSP00000288710	0.522	True	False	11.2	0.0	True	True	BELOW_THRESHOLD
SAG	CHRM1	ENSP00000386444	ENSP00000306490	0.522	True	False	1359.9	0.1	True	True	BOTH_EXPRESSED
REEP6	OR56A5	ENSP00000233596	ENSP00000481594	0.522	True	False	87.4	0.0	True	True	BELOW_THRESHOLD
ARL3	H3BNC9_HUMAN	ENSP00000260746	ENSP00000454786	0.522	True	False	89.3		True	False	UNKNOWN
PDE6B	GNG5	ENSP00000420295	ENSP00000359675	0.522	True	False	357.2	18.1	True	True	BOTH_EXPRESSED
RP1L1	GUCY2D	ENSP00000371923	ENSP00000254854	0.522	True	True	41.0	31.7	True	True	BOTH_EXPRESSED
ARL3	MRPS18C	ENSP00000260746	ENSP00000295491	0.522	True	False	89.3	18.2	True	True	BOTH_EXPRESSED
CNGA1	GRK1	ENSP00000384264	ENSP00000334876	0.522	True	False	244.8	39.5	True	True	BOTH_EXPRESSED
LRAT	IQCB1	ENSP00000337224	ENSP00000311505	0.522	True	False	0.9	17.5	True	True	BOTH_EXPRESSED
OFD1	RSPH4A	ENSP00000344314	ENSP00000229554	0.522	True	False	2.3	5.6	True	True	BOTH_EXPRESSED
GUCA1A	SLC24A2	ENSP00000053469	ENSP00000344801	0.522	True	False	703.2	15.2	True	True	BOTH_EXPRESSED
GUCY2D	PCARE	ENSP00000254854	ENSP00000332809	0.522	True	True	31.7	26.4	True	True	BOTH_EXPRESSED
SCLT1	CEP120	ENSP00000281142	ENSP00000303058	0.521	True	False	2.7	10.7	True	True	BOTH_EXPRESSED
RHO	MPP4	ENSP00000296271	ENSP00000387278	0.521	True	False	3767.6	265.2	True	True	BOTH_EXPRESSED
IMPG2	RP1L1	ENSP00000193391	ENSP00000371923	0.521	True	True	282.9	41.0	True	True	BOTH_EXPRESSED
GUCY2D	RPGRIP1L	ENSP00000254854	ENSP00000493946	0.521	True	False	31.7	2.6	True	True	BOTH_EXPRESSED
CDHR1	CRX	ENSP00000485478	ENSP00000221996	0.521	True	True	291.2	202.2	True	True	BOTH_EXPRESSED
GUCY2D	ROM1	ENSP00000254854	ENSP00000278833	0.521	True	False	31.7	1101.4	True	True	BOTH_EXPRESSED
PRPF31	SUGP1	ENSP00000324122	ENSP00000247001	0.521	True	False	7.6	1.9	True	True	BOTH_EXPRESSED
PRPF4	LUC7L3	ENSP00000363313	ENSP00000376919	0.521	True	False	12.1	162.8	True	True	BOTH_EXPRESSED
BCOR	EZH2	ENSP00000367705	ENSP00000320147	0.521	True	False	13.1	0.7	True	True	BOTH_EXPRESSED
IFT140	B9D1	ENSP00000406012	ENSP00000261499	0.521	True	False	5.9	20.2	True	True	BOTH_EXPRESSED
OFD1	DYNLL2	ENSP00000344314	ENSP00000477310	0.521	True	False	2.3	38.2	True	True	BOTH_EXPRESSED
IDH3G	SDHD	ENSP00000217901	ENSP00000364699	0.521	True	False	22.7	34.6	True	True	BOTH_EXPRESSED
CNGA1	AIPL1	ENSP00000384264	ENSP00000370521	0.521	True	True	244.8	775.1	True	True	BOTH_EXPRESSED
SLC24A1	RGS9BP	ENSP00000261892	ENSP00000334134	0.521	True	False	179.2	16.1	True	True	BOTH_EXPRESSED
PDE6B	GNG10	ENSP00000420295	ENSP00000363411	0.521	True	False	357.2	10.5	True	True	BOTH_EXPRESSED
PRPF8	PSPC1	ENSP00000460348	ENSP00000343966	0.521	True	False	76.4	16.1	True	True	BOTH_EXPRESSED
RPE65	RRH	ENSP00000262340	ENSP00000314992	0.521	True	False	7.8	70.0	True	True	BOTH_EXPRESSED
CYP4V2	AASDH	ENSP00000368079	ENSP00000205214	0.521	True	False	13.1	10.9	True	True	BOTH_EXPRESSED
PDE6A	GNG10	ENSP00000255266	ENSP00000363411	0.521	True	False	1001.0	10.5	True	True	BOTH_EXPRESSED
PDE6A	GNG2	ENSP00000255266	ENSP00000334448	0.521	True	False	1001.0	12.7	True	True	BOTH_EXPRESSED
MERTK	TLR4	ENSP00000295408	ENSP00000363089	0.521	True	False	15.4	2.7	True	True	BOTH_EXPRESSED
ARL3	CEP290	ENSP00000260746	ENSP00000448012	0.521	True	False	89.3	6.6	True	True	BOTH_EXPRESSED
PDE6B	GNG13	ENSP00000420295	ENSP00000248150	0.521	True	False	357.2	51.9	True	True	BOTH_EXPRESSED
PDE6B	GNG4	ENSP00000420295	ENSP00000398629	0.521	True	False	357.2	2.3	True	True	BOTH_EXPRESSED
PDE6B	GNG3	ENSP00000420295	ENSP00000294117	0.521	True	False	357.2	32.7	True	True	BOTH_EXPRESSED
PDE6B	GNG2	ENSP00000420295	ENSP00000334448	0.521	True	False	357.2	12.7	True	True	BOTH_EXPRESSED
PDE6A	GNG3	ENSP00000255266	ENSP00000294117	0.521	True	False	1001.0	32.7	True	True	BOTH_EXPRESSED
SLC4A7	CA14	ENSP00000390394	ENSP00000358107	0.521	True	False	67.5	36.5	True	True	BOTH_EXPRESSED
CNGB1	CABP4	ENSP00000251102	ENSP00000324960	0.521	True	False	557.0	63.1	True	True	BOTH_EXPRESSED
TOPORS	TP53BP1	ENSP00000353735	ENSP00000371475	0.521	True	False	10.6	20.4	True	True	BOTH_EXPRESSED
PRPF8	RPS12	ENSP00000460348	ENSP00000230050	0.521	True	False	76.4	563.5	True	True	BOTH_EXPRESSED
PRPF3	DNAJC8	ENSP00000315379	ENSP00000263697	0.521	True	False	40.3	23.7	True	True	BOTH_EXPRESSED
PDE6A	GNG8	ENSP00000255266	ENSP00000300873	0.521	True	False	1001.0	0.4	True	True	BOTH_EXPRESSED
RAX2	PROM1	ENSP00000450456	ENSP00000426809	0.52	True	False	59.9	252.8	True	True	BOTH_EXPRESSED
RPE65	VSX2	ENSP00000262340	ENSP00000261980	0.52	True	False	7.8	68.4	True	True	BOTH_EXPRESSED
MVK	NFYC	ENSP00000228510	ENSP00000312617	0.52	True	False	3.2	25.6	True	True	BOTH_EXPRESSED
BBS1	PCNT	ENSP00000317469	ENSP00000352572	0.52	True	False	19.9	1.3	True	True	BOTH_EXPRESSED
NR2E3	RAX2	ENSP00000482504	ENSP00000450456	0.52	True	True	121.9	59.9	True	True	BOTH_EXPRESSED
IDH3G	COA4	ENSP00000217901	ENSP00000443795	0.52	True	False	22.7	14.6	True	True	BOTH_EXPRESSED
SPATA7	SPATA17	ENSP00000377176	ENSP00000355900	0.52	True	False	9.4	1.5	True	True	BOTH_EXPRESSED
IDH3G	GPI	ENSP00000217901	ENSP00000405573	0.52	True	False	22.7	144.9	True	True	BOTH_EXPRESSED
DHDDS	ALG13	ENSP00000353104	ENSP00000378260	0.52	True	False	30.3	9.6	True	True	BOTH_EXPRESSED
OFD1	DDX59	ENSP00000344314	ENSP00000330460	0.52	True	False	2.3	16.1	True	True	BOTH_EXPRESSED
PRPF31	BRD4	ENSP00000324122	ENSP00000263377	0.52	True	False	7.6	11.2	True	True	BOTH_EXPRESSED
PRPF31	RBMX	ENSP00000324122	ENSP00000359645	0.52	True	False	7.6	75.9	True	True	BOTH_EXPRESSED
PRPH2	RGS9BP	ENSP00000230381	ENSP00000334134	0.52	True	False	594.9	16.1	True	True	BOTH_EXPRESSED
TTC8	EML5	ENSP00000482306	ENSP00000451998	0.52	True	False	34.7	8.4	True	True	BOTH_EXPRESSED
GNAT1	TRPM1	ENSP00000232461	ENSP00000437849	0.52	True	False	1040.7	16.2	True	True	BOTH_EXPRESSED
IFT140	USH2A	ENSP00000406012	ENSP00000305941	0.52	True	True	5.9	17.8	True	True	BOTH_EXPRESSED
RHO	MC2R	ENSP00000296271	ENSP00000333821	0.52	True	False	3767.6	0.0	True	True	BELOW_THRESHOLD
RLBP1	TYR	ENSP00000268125	ENSP00000263321	0.52	True	False	246.4	0.1	True	True	BOTH_EXPRESSED
DHX38	NUP160	ENSP00000268482	ENSP00000367721	0.52	True	False	12.3	14.7	True	True	BOTH_EXPRESSED
IFT172	SPEF2	ENSP00000260570	ENSP00000348314	0.52	True	False	5.3	9.5	True	True	BOTH_EXPRESSED
CYP4V2	CYP11A1	ENSP00000368079	ENSP00000268053	0.52	True	False	13.1	0.6	True	True	BOTH_EXPRESSED
PRPF8	UBR5	ENSP00000460348	ENSP00000429084	0.52	True	False	76.4	42.1	True	True	BOTH_EXPRESSED
ARL3	MRPL44	ENSP00000260746	ENSP00000258383	0.52	True	False	89.3	9.3	True	True	BOTH_EXPRESSED
TULP1	RPGRIP1L	ENSP00000229771	ENSP00000493946	0.52	True	False	194.3	2.6	True	True	BOTH_EXPRESSED
DHX38	ITSN2	ENSP00000268482	ENSP00000347244	0.519	True	False	12.3	14.7	True	True	BOTH_EXPRESSED
IFT140	KIF17	ENSP00000406012	ENSP00000247986	0.519	True	False	5.9	0.2	True	True	BOTH_EXPRESSED
RP1L1	RAX2	ENSP00000371923	ENSP00000450456	0.519	True	True	41.0	59.9	True	True	BOTH_EXPRESSED
PRPF3	EWSR1	ENSP00000315379	ENSP00000400142	0.519	True	False	40.3	103.1	True	True	BOTH_EXPRESSED
PRPF3	EIF2B4	ENSP00000315379	ENSP00000429323	0.519	True	False	40.3	18.0	True	True	BOTH_EXPRESSED
CEP250	CDK11B	ENSP00000380661	ENSP00000464036	0.519	True	False	9.2	8.3	True	True	BOTH_EXPRESSED
PRPF8	UBR4	ENSP00000460348	ENSP00000364403	0.519	True	False	76.4	41.3	True	True	BOTH_EXPRESSED
PRPF8	LRRC37A	ENSP00000460348	ENSP00000326324	0.519	True	False	76.4	0.4	True	True	BOTH_EXPRESSED
IMPDH1	ADK	ENSP00000345096	ENSP00000443965	0.519	True	False	98.6	14.9	True	True	BOTH_EXPRESSED
OFD1	B9D2	ENSP00000344314	ENSP00000243578	0.519	True	False	2.3	1.1	True	True	BOTH_EXPRESSED
AHI1	PCM1	ENSP00000265602	ENSP00000327077	0.519	True	False	25.2	52.9	True	True	BOTH_EXPRESSED
OFD1	IFT80	ENSP00000344314	ENSP00000312778	0.519	True	False	2.3	23.2	True	True	BOTH_EXPRESSED
USH2A	CDHR1	ENSP00000305941	ENSP00000485478	0.519	True	True	17.8	291.2	True	True	BOTH_EXPRESSED
RHO	HRH1	ENSP00000296271	ENSP00000380247	0.519	True	False	3767.6	0.2	True	True	BOTH_EXPRESSED
COQ5	NDUFB8	ENSP00000288532	ENSP00000299166	0.519	True	False	24.3	118.0	True	True	BOTH_EXPRESSED
CREB3	PSME3IP1	ENSP00000342136	ENSP00000335808	0.519	True	False	21.7	69.6	True	True	BOTH_EXPRESSED
PRPF3	SETDB1	ENSP00000315379	ENSP00000271640	0.519	True	False	40.3	11.5	True	True	BOTH_EXPRESSED
TMEM216	C2CD3	ENSP00000334844	ENSP00000334379	0.519	True	False	10.8	7.7	True	True	BOTH_EXPRESSED
SAG	ARRDC4	ENSP00000386444	ENSP00000268042	0.519	True	False	1359.9	4.2	True	True	BOTH_EXPRESSED
KIAA1549	ATG7	ENSP00000416040	ENSP00000346437	0.519	True	False	5.3	9.3	True	True	BOTH_EXPRESSED
PRPF3	PDS5A	ENSP00000315379	ENSP00000303427	0.519	True	False	40.3	19.4	True	True	BOTH_EXPRESSED
CERKL	CNGB3	ENSP00000341159	ENSP00000316605	0.519	True	False	19.5	11.6	True	True	BOTH_EXPRESSED
BBS2	IFT22	ENSP00000245157	ENSP00000320359	0.518	True	False	12.0	38.4	True	True	BOTH_EXPRESSED
CEP162	CEP170	ENSP00000385215	ENSP00000355500	0.518	True	False	2.6	10.1	True	True	BOTH_EXPRESSED
HK1	PGM3	ENSP00000494664	ENSP00000425809	0.518	True	False	141.7	13.2	True	True	BOTH_EXPRESSED
BBS1	PRC1	ENSP00000317469	ENSP00000377793	0.518	True	False	19.9	4.5	True	True	BOTH_EXPRESSED
SNRNP200	EFL1	ENSP00000317123	ENSP00000268206	0.518	True	False	62.7	4.7	True	True	BOTH_EXPRESSED
IDH3G	FLNA	ENSP00000217901	ENSP00000358866	0.518	True	False	22.7	8.3	True	True	BOTH_EXPRESSED
OFD1	TTLL5	ENSP00000344314	ENSP00000298832	0.518	True	False	2.3	22.2	True	True	BOTH_EXPRESSED
SNRNP200	DHX37	ENSP00000317123	ENSP00000311135	0.518	True	False	62.7	0.5	True	True	BOTH_EXPRESSED
BCOR	NCOR1	ENSP00000367705	ENSP00000268712	0.518	True	False	13.1	31.8	True	True	BOTH_EXPRESSED
LRAT	CRABP2	ENSP00000337224	ENSP00000482841	0.518	True	False	0.9	4.1	True	True	BOTH_EXPRESSED
USH2A	TMPRSS3	ENSP00000305941	ENSP00000411013	0.518	True	False	17.8	3.6	True	True	BOTH_EXPRESSED
IDH3B	GSR	ENSP00000482773	ENSP00000221130	0.518	True	False	42.7	11.8	True	True	BOTH_EXPRESSED
RHO	LGALS4	ENSP00000296271	ENSP00000302100	0.518	True	False	3767.6	0.2	True	True	BOTH_EXPRESSED
AHI1	CEP164	ENSP00000265602	ENSP00000278935	0.518	True	False	25.2	24.1	True	True	BOTH_EXPRESSED
RHO	GNA15	ENSP00000296271	ENSP00000262958	0.518	True	False	3767.6	0.1	True	True	BOTH_EXPRESSED
PRPF6	PPIE	ENSP00000266079	ENSP00000361918	0.518	True	False	33.8	20.0	True	True	BOTH_EXPRESSED
PRPF31	PRPF19	ENSP00000324122	ENSP00000227524	0.518	True	False	7.6	42.8	True	True	BOTH_EXPRESSED
SLC24A1	PDE6H	ENSP00000261892	ENSP00000266395	0.518	True	False	179.2	844.1	True	True	BOTH_EXPRESSED
IFT140	RPGRIP1	ENSP00000406012	ENSP00000382895	0.518	True	False	5.9	171.2	True	True	BOTH_EXPRESSED
CEP250	HAUS3	ENSP00000380661	ENSP00000243706	0.518	True	False	9.2	5.3	True	True	BOTH_EXPRESSED
RDH12	CNGB3	ENSP00000449079	ENSP00000316605	0.518	True	False	206.6	11.6	True	True	BOTH_EXPRESSED
CFAP20	TTC25	ENSP00000262498	ENSP00000478589	0.518	True	False	26.4		True	False	UNKNOWN
TOPORS	SAE1	ENSP00000353735	ENSP00000270225	0.518	True	False	10.6	10.2	True	True	BOTH_EXPRESSED
PRPF8	G3BP2	ENSP00000460348	ENSP00000352738	0.518	True	False	76.4	43.3	True	True	BOTH_EXPRESSED
PRPF8	LRRC37A3	ENSP00000460348	ENSP00000464535	0.518	True	False	76.4	13.6	True	True	BOTH_EXPRESSED
BBS9	DYNC2H1	ENSP00000242067	ENSP00000497174	0.518	True	True	20.3	9.5	True	True	BOTH_EXPRESSED
RCBTB1	LITAFD	ENSP00000367552	ENSP00000490685	0.518	True	False	45.9	0.0	True	True	BELOW_THRESHOLD
PDE6B	GRK7	ENSP00000420295	ENSP00000264952	0.518	True	False	357.2	10.4	True	True	BOTH_EXPRESSED
BBS1	TCTN1	ENSP00000317469	ENSP00000380779	0.518	True	False	19.9	2.8	True	True	BOTH_EXPRESSED
MERTK	STAB1	ENSP00000295408	ENSP00000312946	0.518	True	False	15.4	0.6	True	True	BOTH_EXPRESSED
MERTK	AXL	ENSP00000295408	ENSP00000301178	0.518	True	False	15.4	5.3	True	True	BOTH_EXPRESSED
AGBL5	AGBL4	ENSP00000353249	ENSP00000360905	0.518	True	False	15.1	4.4	True	True	BOTH_EXPRESSED
COQ5	SQOR	ENSP00000288532	ENSP00000456019	0.517	True	False	24.3	4.5	True	True	BOTH_EXPRESSED
PDSS1	CHURC1-FNTB	ENSP00000365388	ENSP00000447121	0.517	True	False	1.7	0.1	True	True	BOTH_EXPRESSED
ARL3	MON2	ENSP00000260746	ENSP00000377250	0.517	True	False	89.3	16.1	True	True	BOTH_EXPRESSED
PRPF31	COPS5	ENSP00000324122	ENSP00000350512	0.517	True	False	7.6	36.8	True	True	BOTH_EXPRESSED
PRPF31	EFL1	ENSP00000324122	ENSP00000268206	0.517	True	False	7.6	4.7	True	True	BOTH_EXPRESSED
CFAP410	C9orf72	ENSP00000381047	ENSP00000482753	0.517	True	False	9.2	29.0	True	True	BOTH_EXPRESSED
PRCD	RD3	ENSP00000467661	ENSP00000355969	0.517	True	False	44.6	43.8	True	True	BOTH_EXPRESSED
DYNC2H1	CEP290	ENSP00000497174	ENSP00000448012	0.517	True	False	9.5	6.6	True	True	BOTH_EXPRESSED
IDH3G	PFKL	ENSP00000217901	ENSP00000269848	0.517	True	False	22.7	22.2	True	True	BOTH_EXPRESSED
SLC4A7	SLC26A9	ENSP00000390394	ENSP00000356102	0.517	True	False	67.5	0.0	True	True	BELOW_THRESHOLD
PDSS1	HMGCS1	ENSP00000365388	ENSP00000322706	0.517	True	False	1.7	31.7	True	True	BOTH_EXPRESSED
ARHGEF18	TGFB1	ENSP00000482647	ENSP00000221930	0.517	True	False	4.6	0.5	True	True	BOTH_EXPRESSED
PDE6G	GNA13	ENSP00000328412	ENSP00000400717	0.517	True	False	1904.6	15.9	True	True	BOTH_EXPRESSED
PDE6G	GNG13	ENSP00000328412	ENSP00000248150	0.517	True	False	1904.6	51.9	True	True	BOTH_EXPRESSED
PRPF3	BCAS2	ENSP00000315379	ENSP00000358554	0.517	True	False	40.3	37.4	True	True	BOTH_EXPRESSED
PRPF3	LUC7L	ENSP00000315379	ENSP00000293872	0.517	True	False	40.3	18.2	True	True	BOTH_EXPRESSED
RAX2	EFEMP1	ENSP00000450456	ENSP00000378058	0.517	True	False	59.9	39.6	True	True	BOTH_EXPRESSED
OFD1	SASS6	ENSP00000344314	ENSP00000287482	0.517	True	False	2.3	5.3	True	True	BOTH_EXPRESSED
CNGA1	LRAT	ENSP00000384264	ENSP00000337224	0.517	True	True	244.8	0.9	True	True	BOTH_EXPRESSED
SNRNP200	SMNDC1	ENSP00000317123	ENSP00000358616	0.517	True	False	62.7	15.4	True	True	BOTH_EXPRESSED
RHO	NYX	ENSP00000296271	ENSP00000340328	0.517	True	False	3767.6	0.4	True	True	BOTH_EXPRESSED
CFAP20	EFCAB1	ENSP00000262498	ENSP00000262103	0.517	True	False	26.4		True	False	UNKNOWN
AIPL1	PDE6H	ENSP00000370521	ENSP00000266395	0.516	True	False	775.1	844.1	True	True	BOTH_EXPRESSED
RPGR	DNAAF3	ENSP00000495537	ENSP00000436975	0.516	True	False	11.2	0.4	True	True	BOTH_EXPRESSED
CC2D2A	INVS	ENSP00000403465	ENSP00000262457	0.516	True	False	78.4	10.9	True	True	BOTH_EXPRESSED
CLN3	CTSH	ENSP00000454229	ENSP00000220166	0.516	True	False	3.0	4.6	True	True	BOTH_EXPRESSED
IDH3G	COX19	ENSP00000217901	ENSP00000342015	0.516	True	False	22.7	2.7	True	True	BOTH_EXPRESSED
CLN3	SV2A	ENSP00000454229	ENSP00000358142	0.516	True	False	3.0	35.6	True	True	BOTH_EXPRESSED
SAG	VPS29	ENSP00000386444	ENSP00000480853	0.516	True	False	1359.9	92.2	True	True	BOTH_EXPRESSED
EYS	RLBP1	ENSP00000359655	ENSP00000268125	0.516	True	True	23.1	246.4	True	True	BOTH_EXPRESSED
IFT140	NEK1	ENSP00000406012	ENSP00000424757	0.516	True	False	5.9	5.3	True	True	BOTH_EXPRESSED
USH2A	EYS	ENSP00000305941	ENSP00000359655	0.516	True	True	17.8	23.1	True	True	BOTH_EXPRESSED
PRPF6	H4C6	ENSP00000266079	ENSP00000244537	0.516	True	False	33.8	0.0	True	True	BELOW_THRESHOLD
OFD1	PKD1	ENSP00000344314	ENSP00000262304	0.516	True	False	2.3	6.3	True	True	BOTH_EXPRESSED
BEST1	TJP1	ENSP00000399709	ENSP00000348416	0.516	True	False	6.2	9.3	True	True	BOTH_EXPRESSED
KIZ	TACC3	ENSP00000479542	ENSP00000326550	0.516	True	False	18.7	1.6	True	True	BOTH_EXPRESSED
IDH3G	TIMM21	ENSP00000217901	ENSP00000169551	0.516	True	False	22.7	13.7	True	True	BOTH_EXPRESSED
TBC1D32	FOXJ1	ENSP00000381270	ENSP00000323880	0.516	True	False	6.9	0.4	True	True	BOTH_EXPRESSED
PRCD	C8orf37	ENSP00000467661	ENSP00000286688	0.516	True	False	44.6		True	False	UNKNOWN
PRPF4	PAXX	ENSP00000363313	ENSP00000360682	0.516	True	False	12.1	1.1	True	True	BOTH_EXPRESSED
PRPF4	POLR2C	ENSP00000363313	ENSP00000219252	0.516	True	False	12.1	55.0	True	True	BOTH_EXPRESSED
RHO	CNGA4	ENSP00000296271	ENSP00000369268	0.516	True	False	3767.6	1.0	True	True	BOTH_EXPRESSED
CREB3	GNA13	ENSP00000342136	ENSP00000400717	0.516	True	False	21.7	15.9	True	True	BOTH_EXPRESSED
TMEM216	KIAA0586	ENSP00000334844	ENSP00000346359	0.515	True	False	10.8	7.4	True	True	BOTH_EXPRESSED
OFD1	CDK11B	ENSP00000344314	ENSP00000464036	0.515	True	False	2.3	8.3	True	True	BOTH_EXPRESSED
PRPF3	PCBP1	ENSP00000315379	ENSP00000305556	0.515	True	False	40.3	83.9	True	True	BOTH_EXPRESSED
USH2A	HFE	ENSP00000305941	ENSP00000417404	0.515	True	False	17.8	1.2	True	True	BOTH_EXPRESSED
USH2A	DNAH11	ENSP00000305941	ENSP00000475939	0.515	True	False	17.8	0.0	True	True	BELOW_THRESHOLD
USH2A	MAF	ENSP00000305941	ENSP00000327048	0.515	True	False	17.8	4.3	True	True	BOTH_EXPRESSED
OFD1	SPICE1	ENSP00000344314	ENSP00000295872	0.515	True	False	2.3	7.1	True	True	BOTH_EXPRESSED
DHX38	GCFC2	ENSP00000268482	ENSP00000318690	0.515	True	False	12.3	10.8	True	True	BOTH_EXPRESSED
PRPF8	HNRNPUL1	ENSP00000460348	ENSP00000375863	0.515	True	False	76.4	84.5	True	True	BOTH_EXPRESSED
IDH3G	NDUFA10	ENSP00000217901	ENSP00000252711	0.515	True	False	22.7	28.9	True	True	BOTH_EXPRESSED
SAG	PDE6A	ENSP00000386444	ENSP00000255266	0.515	True	True	1359.9	1001.0	True	True	BOTH_EXPRESSED
SAG	CA2	ENSP00000386444	ENSP00000285379	0.515	True	False	1359.9	361.8	True	True	BOTH_EXPRESSED
ARL3	MRPS18A	ENSP00000260746	ENSP00000361206	0.515	True	False	89.3	13.9	True	True	BOTH_EXPRESSED
INPP5E	CEP290	ENSP00000360777	ENSP00000448012	0.515	True	False	6.9	6.6	True	True	BOTH_EXPRESSED
ARL3	PSMG1	ENSP00000260746	ENSP00000329915	0.515	True	False	89.3	4.5	True	True	BOTH_EXPRESSED
BEST1	RPGRIP1	ENSP00000399709	ENSP00000382895	0.515	True	False	6.2	171.2	True	True	BOTH_EXPRESSED
HK1	PC	ENSP00000494664	ENSP00000498994	0.515	True	False	141.7	2.3	True	True	BOTH_EXPRESSED
IFT172	WDPCP	ENSP00000260570	ENSP00000272321	0.515	True	False	5.3	11.0	True	True	BOTH_EXPRESSED
RLBP1	ROM1	ENSP00000268125	ENSP00000278833	0.515	True	False	246.4	1101.4	True	True	BOTH_EXPRESSED
SNRNP200	DHX32	ENSP00000317123	ENSP00000284690	0.515	True	False	62.7	20.0	True	True	BOTH_EXPRESSED
IDH3B	NDUFB9	ENSP00000482773	ENSP00000276689	0.515	True	False	42.7	126.0	True	True	BOTH_EXPRESSED
IDH3B	ATP5MC1	ENSP00000482773	ENSP00000377033	0.515	True	False	42.7	108.4	True	True	BOTH_EXPRESSED
CREB3	LDOC1	ENSP00000342136	ENSP00000359557	0.515	True	False	21.7	3.2	True	True	BOTH_EXPRESSED
ARHGEF18	PARD6A	ENSP00000482647	ENSP00000219255	0.515	True	False	4.6	2.5	True	True	BOTH_EXPRESSED
IMPDH1	NMNAT1	ENSP00000345096	ENSP00000366410	0.515	True	False	98.6	4.8	True	True	BOTH_EXPRESSED
PDE6B	TRPM1	ENSP00000420295	ENSP00000437849	0.515	True	False	357.2	16.2	True	True	BOTH_EXPRESSED
IMPG2	USH2A	ENSP00000193391	ENSP00000305941	0.514	True	True	282.9	17.8	True	True	BOTH_EXPRESSED
CLRN1	CNGB1	ENSP00000329158	ENSP00000251102	0.514	True	True	11.8	557.0	True	True	BOTH_EXPRESSED
RHO	ARHGEF25	ENSP00000296271	ENSP00000335560	0.514	True	False	3767.6	12.3	True	True	BOTH_EXPRESSED
CFAP20	CCDC151	ENSP00000262498	ENSP00000348757	0.514	True	False	26.4		True	False	UNKNOWN
CNGA1	KCNV2	ENSP00000384264	ENSP00000371514	0.514	True	False	244.8	268.2	True	True	BOTH_EXPRESSED
TMEM216	WDR19	ENSP00000334844	ENSP00000382717	0.514	True	False	10.8	12.0	True	True	BOTH_EXPRESSED
CNGA1	CLRN1	ENSP00000384264	ENSP00000329158	0.514	True	True	244.8	11.8	True	True	BOTH_EXPRESSED
NR2E3	CLN6	ENSP00000482504	ENSP00000249806	0.514	True	False	121.9	11.0	True	True	BOTH_EXPRESSED
PRPF3	ELAVL3	ENSP00000315379	ENSP00000352162	0.514	True	False	40.3	5.6	True	True	BOTH_EXPRESSED
PRPF3	H4C6	ENSP00000315379	ENSP00000244537	0.514	True	False	40.3	0.0	True	True	BELOW_THRESHOLD
PRPF6	CWC15	ENSP00000266079	ENSP00000475615	0.514	True	False	33.8	23.4	True	True	BOTH_EXPRESSED
ARL2BP	TTC8	ENSP00000219204	ENSP00000482306	0.514	True	True	34.8	34.7	True	True	BOTH_EXPRESSED
DHDDS	PNPT1	ENSP00000353104	ENSP00000400646	0.514	True	False	30.3	5.0	True	True	BOTH_EXPRESSED
NRL	ATXN7L2	ENSP00000454062	ENSP00000358886	0.514	True	False	294.2	0.2	True	True	BOTH_EXPRESSED
NRL	ATF3	ENSP00000454062	ENSP00000344352	0.514	True	False	294.2	15.0	True	True	BOTH_EXPRESSED
RPE65	FAM161A	ENSP00000262340	ENSP00000385158	0.514	True	True	7.8	26.9	True	True	BOTH_EXPRESSED
IFT172	B9D2	ENSP00000260570	ENSP00000243578	0.514	True	False	5.3	1.1	True	True	BOTH_EXPRESSED
IFT140	PRKAR1B	ENSP00000406012	ENSP00000385749	0.514	True	False	5.9	15.1	True	True	BOTH_EXPRESSED
MVK	HAO1	ENSP00000228510	ENSP00000368066	0.514	True	False	3.2	0.0	True	True	BELOW_THRESHOLD
EYS	LCA5	ENSP00000359655	ENSP00000376686	0.514	True	False	23.1	12.7	True	True	BOTH_EXPRESSED
ARHGEF18	FKBP1A	ENSP00000482647	ENSP00000383003	0.514	True	False	4.6	11.0	True	True	BOTH_EXPRESSED
GUCA1A	SLC24A1	ENSP00000053469	ENSP00000261892	0.514	True	True	703.2	179.2	True	True	BOTH_EXPRESSED
RLBP1	RP9	ENSP00000268125	ENSP00000297157	0.514	True	False	246.4	14.0	True	True	BOTH_EXPRESSED
SAG	PRKACG	ENSP00000386444	ENSP00000366488	0.514	True	False	1359.9	0.0	True	True	BELOW_THRESHOLD
SNRNP200	RC3H1	ENSP00000317123	ENSP00000356669	0.514	True	False	62.7	7.4	True	True	BOTH_EXPRESSED
SLC24A1	CRYGD	ENSP00000261892	ENSP00000264376	0.514	True	False	179.2	0.1	True	True	BOTH_EXPRESSED
COQ2	TIMM50	ENSP00000310873	ENSP00000445806	0.514	True	False	3.7	8.2	True	True	BOTH_EXPRESSED
HGSNAT	EXTL2	ENSP00000368965	ENSP00000359131	0.514	True	False	12.6	12.9	True	True	BOTH_EXPRESSED
BBS9	ALMS1	ENSP00000242067	ENSP00000482968	0.513	True	False	20.3	8.1	True	True	BOTH_EXPRESSED
AIPL1	GUCA1A-2	ENSP00000370521	ENSP00000362049	0.513	True	False	775.1		True	False	UNKNOWN
BBS9	MKKS	ENSP00000242067	ENSP00000246062	0.513	True	False	20.3	21.1	True	True	BOTH_EXPRESSED
SLC24A1	TRPM1	ENSP00000261892	ENSP00000437849	0.513	True	False	179.2	16.2	True	True	BOTH_EXPRESSED
SNRNP200	PIH1D1	ENSP00000317123	ENSP00000262265	0.513	True	False	62.7	11.0	True	True	BOTH_EXPRESSED
PRPF31	H4C6	ENSP00000324122	ENSP00000244537	0.513	True	False	7.6	0.0	True	True	BELOW_THRESHOLD
SLC4A7	PCDH15	ENSP00000390394	ENSP00000363068	0.513	True	False	67.5	57.2	True	True	BOTH_EXPRESSED
RPGR	NEK4	ENSP00000495537	ENSP00000233027	0.513	True	False	11.2	15.6	True	True	BOTH_EXPRESSED
SNRNP200	SUGP1	ENSP00000317123	ENSP00000247001	0.513	True	False	62.7	1.9	True	True	BOTH_EXPRESSED
CYP4V2	STAU1	ENSP00000368079	ENSP00000360922	0.513	True	False	13.1	33.7	True	True	BOTH_EXPRESSED
FAM161A	NRL	ENSP00000385158	ENSP00000454062	0.513	True	True	26.9	294.2	True	True	BOTH_EXPRESSED
RDH12	RGR	ENSP00000449079	ENSP00000352427	0.513	True	False	206.6	129.0	True	True	BOTH_EXPRESSED
CEP250	HAUS6	ENSP00000380661	ENSP00000369871	0.513	True	False	9.2	8.4	True	True	BOTH_EXPRESSED
SAG	PRKACA	ENSP00000386444	ENSP00000309591	0.513	True	False	1359.9	23.4	True	True	BOTH_EXPRESSED
IDH3B	MCRS1	ENSP00000482773	ENSP00000349640	0.513	True	False	42.7	16.0	True	True	BOTH_EXPRESSED
ARL3	APPL1	ENSP00000260746	ENSP00000288266	0.513	True	False	89.3	12.5	True	True	BOTH_EXPRESSED
HGSNAT	ARSB	ENSP00000368965	ENSP00000264914	0.513	True	False	12.6	6.1	True	True	BOTH_EXPRESSED
PDE6G	GNG2	ENSP00000328412	ENSP00000334448	0.513	True	False	1904.6	12.7	True	True	BOTH_EXPRESSED
KIAA1549	AGGF1	ENSP00000416040	ENSP00000316109	0.513	True	False	5.3	20.6	True	True	BOTH_EXPRESSED
PDE6G	GNG7	ENSP00000328412	ENSP00000371594	0.513	True	False	1904.6	14.0	True	True	BOTH_EXPRESSED
PDE6G	GNG12	ENSP00000328412	ENSP00000360021	0.513	True	False	1904.6	6.1	True	True	BOTH_EXPRESSED
OFD1	WDR19	ENSP00000344314	ENSP00000382717	0.513	True	False	2.3	12.0	True	True	BOTH_EXPRESSED
PDE6G	GNG5	ENSP00000328412	ENSP00000359675	0.513	True	False	1904.6	18.1	True	True	BOTH_EXPRESSED
BBS1	NIN	ENSP00000317469	ENSP00000371472	0.513	True	False	19.9	16.7	True	True	BOTH_EXPRESSED
PDE6G	GNG4	ENSP00000328412	ENSP00000398629	0.513	True	False	1904.6	2.3	True	True	BOTH_EXPRESSED
PRPF3	PPP1R8	ENSP00000315379	ENSP00000311677	0.513	True	False	40.3	26.0	True	True	BOTH_EXPRESSED
IDH3G	CHCHD5	ENSP00000217901	ENSP00000325655	0.513	True	False	22.7	4.2	True	True	BOTH_EXPRESSED
PRPF3	ELAVL2	ENSP00000315379	ENSP00000369453	0.513	True	False	40.3	4.6	True	True	BOTH_EXPRESSED
PDE6G	GNG10	ENSP00000328412	ENSP00000363411	0.513	True	False	1904.6	10.5	True	True	BOTH_EXPRESSED
PDE6G	GNG8	ENSP00000328412	ENSP00000300873	0.513	True	False	1904.6	0.4	True	True	BOTH_EXPRESSED
RPGR	TTC21B	ENSP00000495537	ENSP00000243344	0.512	True	False	11.2	6.9	True	True	BOTH_EXPRESSED
KLHL7	MERTK	ENSP00000343273	ENSP00000295408	0.512	True	True	13.9	15.4	True	True	BOTH_EXPRESSED
RDH12	FDX1	ENSP00000449079	ENSP00000260270	0.512	True	False	206.6	4.9	True	True	BOTH_EXPRESSED
RP1L1	CNGB3	ENSP00000371923	ENSP00000316605	0.512	True	False	41.0	11.6	True	True	BOTH_EXPRESSED
COQ5	FDX2	ENSP00000288532	ENSP00000377311	0.512	True	False	24.3	7.0	True	True	BOTH_EXPRESSED
COQ8B	GPD2	ENSP00000315118	ENSP00000308610	0.512	True	False	1.2	8.8	True	True	BOTH_EXPRESSED
CYP4V2	FAM149A	ENSP00000368079	ENSP00000227065	0.512	True	False	13.1	23.9	True	True	BOTH_EXPRESSED
IDH3G	H6PD	ENSP00000217901	ENSP00000473348	0.512	True	False	22.7	3.9	True	True	BOTH_EXPRESSED
DHX38	NUP188	ENSP00000268482	ENSP00000361658	0.512	True	False	12.3	12.7	True	True	BOTH_EXPRESSED
KIZ	NINL	ENSP00000479542	ENSP00000278886	0.512	True	False	18.7	1.2	True	True	BOTH_EXPRESSED
DHX38	NUP50	ENSP00000268482	ENSP00000345895	0.512	True	False	12.3	10.1	True	True	BOTH_EXPRESSED
KIAA1549	KDM7A	ENSP00000416040	ENSP00000380692	0.512	True	False	5.3	5.4	True	True	BOTH_EXPRESSED
KIAA1549	TACC1	ENSP00000416040	ENSP00000321703	0.512	True	False	5.3	14.2	True	True	BOTH_EXPRESSED
RHO	PRPF31	ENSP00000296271	ENSP00000324122	0.512	True	True	3767.6	7.6	True	True	BOTH_EXPRESSED
RBP3	IFNG	ENSP00000463151	ENSP00000229135	0.512	True	False	504.0	0.0	True	True	BELOW_THRESHOLD
BEST1	SLC6A13	ENSP00000399709	ENSP00000339260	0.512	True	False	6.2	1.0	True	True	BOTH_EXPRESSED
PRPF8	HNRNPK	ENSP00000460348	ENSP00000365458	0.512	True	False	76.4	316.6	True	True	BOTH_EXPRESSED
PRPF4	ASCC3	ENSP00000363313	ENSP00000358159	0.512	True	False	12.1	5.2	True	True	BOTH_EXPRESSED
PRPF8	DHX29	ENSP00000460348	ENSP00000251636	0.512	True	False	76.4	8.0	True	True	BOTH_EXPRESSED
CLRN1	MYO15A	ENSP00000329158	ENSP00000495481	0.512	True	False	11.8	0.3	True	True	BOTH_EXPRESSED
FLVCR1	ALAS2	ENSP00000355938	ENSP00000497236	0.512	True	False	6.3	0.1	True	True	BOTH_EXPRESSED
CEP162	CEP19	ENSP00000385215	ENSP00000387209	0.512	True	False	2.6	6.1	True	True	BOTH_EXPRESSED
SAG	EGFR	ENSP00000386444	ENSP00000275493	0.512	True	False	1359.9	9.4	True	True	BOTH_EXPRESSED
RPGR	KCNV2	ENSP00000495537	ENSP00000371514	0.512	True	False	11.2	268.2	True	True	BOTH_EXPRESSED
ARL3	B9D2	ENSP00000260746	ENSP00000243578	0.512	True	False	89.3	1.1	True	True	BOTH_EXPRESSED
PRPF31	DHX15	ENSP00000324122	ENSP00000336741	0.512	True	False	7.6	37.1	True	True	BOTH_EXPRESSED
CEP250	RAB3IP	ENSP00000380661	ENSP00000447300	0.512	True	False	9.2	82.0	True	True	BOTH_EXPRESSED
CC2D2A	LCA5	ENSP00000403465	ENSP00000376686	0.512	True	False	78.4	12.7	True	True	BOTH_EXPRESSED
IDH3A	COX5B	ENSP00000299518	ENSP00000258424	0.512	True	False	23.8	69.1	True	True	BOTH_EXPRESSED
MERTK	FCGR3A	ENSP00000295408	ENSP00000356946	0.512	True	False	15.4	6.3	True	True	BOTH_EXPRESSED
SAG	GNB5	ENSP00000386444	ENSP00000261837	0.512	True	False	1359.9	111.3	True	True	BOTH_EXPRESSED
TTC8	CA4	ENSP00000482306	ENSP00000300900	0.512	True	False	34.7	0.0	True	True	BELOW_THRESHOLD
TTC8	ALMS1	ENSP00000482306	ENSP00000482968	0.512	True	False	34.7	8.1	True	True	BOTH_EXPRESSED
RP2	ARL2	ENSP00000218340	ENSP00000246747	0.512	True	False	3.9	40.5	True	True	BOTH_EXPRESSED
AIPL1	C8orf37	ENSP00000370521	ENSP00000286688	0.512	True	False	775.1		True	False	UNKNOWN
EYS	LAMC1	ENSP00000359655	ENSP00000258341	0.511	True	False	23.1	3.5	True	True	BOTH_EXPRESSED
ARL3	MRPL10	ENSP00000260746	ENSP00000290208	0.511	True	False	89.3	20.1	True	True	BOTH_EXPRESSED
ARL3	MRPL11	ENSP00000260746	ENSP00000308897	0.511	True	False	89.3	10.3	True	True	BOTH_EXPRESSED
PRPF31	RP1L1	ENSP00000324122	ENSP00000371923	0.511	True	True	7.6	41.0	True	True	BOTH_EXPRESSED
SAG	PRKACB	ENSP00000386444	ENSP00000359719	0.511	True	False	1359.9	66.3	True	True	BOTH_EXPRESSED
IDH3A	PFKM	ENSP00000299518	ENSP00000496597	0.511	True	False	23.8	79.2	True	True	BOTH_EXPRESSED
BBS2	RPGRIP1	ENSP00000245157	ENSP00000382895	0.511	True	False	12.0	171.2	True	True	BOTH_EXPRESSED
IFT140	PRKACG	ENSP00000406012	ENSP00000366488	0.511	True	False	5.9	0.0	True	True	BELOW_THRESHOLD
RPGR	RAB13	ENSP00000495537	ENSP00000357564	0.511	True	False	11.2	9.7	True	True	BOTH_EXPRESSED
IDH3B	TXNRD2	ENSP00000482773	ENSP00000383365	0.511	True	False	42.7	4.0	True	True	BOTH_EXPRESSED
CLN3	AP3M1	ENSP00000454229	ENSP00000347408	0.511	True	False	3.0	16.3	True	True	BOTH_EXPRESSED
AHI1	SEPTIN2	ENSP00000265602	ENSP00000479861	0.511	True	False	25.2	105.6	True	True	BOTH_EXPRESSED
IDH3B	ATP5F1D	ENSP00000482773	ENSP00000215375	0.511	True	False	42.7	6.5	True	True	BOTH_EXPRESSED
COQ8B	NDUFS2	ENSP00000315118	ENSP00000356972	0.511	True	False	1.2	33.5	True	True	BOTH_EXPRESSED
IFT140	PRKAR2B	ENSP00000406012	ENSP00000265717	0.511	True	False	5.9	5.4	True	True	BOTH_EXPRESSED
SNRNP200	TRA2B	ENSP00000317123	ENSP00000416959	0.511	True	False	62.7	17.1	True	True	BOTH_EXPRESSED
OFD1	NDEL1	ENSP00000344314	ENSP00000333982	0.511	True	False	2.3	23.4	True	True	BOTH_EXPRESSED
COQ8B	ACTN4	ENSP00000315118	ENSP00000252699	0.511	True	False	1.2	26.0	True	True	BOTH_EXPRESSED
CERKL	RAX2	ENSP00000341159	ENSP00000450456	0.511	True	True	19.5	59.9	True	True	BOTH_EXPRESSED
PRPF8	SUGP1	ENSP00000460348	ENSP00000247001	0.511	True	False	76.4	1.9	True	True	BOTH_EXPRESSED
FLVCR1	FBXL5	ENSP00000355938	ENSP00000344866	0.511	True	False	6.3	44.4	True	True	BOTH_EXPRESSED
PDE6B	CD4	ENSP00000420295	ENSP00000011653	0.511	True	False	357.2	9.8	True	True	BOTH_EXPRESSED
PRPF8	SMNDC1	ENSP00000460348	ENSP00000358616	0.511	True	False	76.4	15.4	True	True	BOTH_EXPRESSED
OFD1	FGFR1OP	ENSP00000344314	ENSP00000355812	0.511	True	False	2.3		True	False	UNKNOWN
PDE6B	OPN1MW	ENSP00000420295	ENSP00000472316	0.511	True	False	357.2	12.6	True	True	BOTH_EXPRESSED
ARHGEF18	TGFBR1	ENSP00000482647	ENSP00000447297	0.511	True	False	4.6	4.2	True	True	BOTH_EXPRESSED
BBS9	WDR35	ENSP00000242067	ENSP00000314444	0.511	True	False	20.3	11.6	True	True	BOTH_EXPRESSED
LRAT	PRPH2	ENSP00000337224	ENSP00000230381	0.511	True	True	0.9	594.9	True	True	BOTH_EXPRESSED
AIPL1	GNGT1	ENSP00000370521	ENSP00000248572	0.511	True	False	775.1	1760.3	True	True	BOTH_EXPRESSED
SLC24A1	GUCA1A-2	ENSP00000261892	ENSP00000362049	0.511	True	False	179.2		True	False	UNKNOWN
RCBTB1	AGTR1	ENSP00000367552	ENSP00000398832	0.511	True	False	45.9	0.9	True	True	BOTH_EXPRESSED
PRPH2	CABP4	ENSP00000230381	ENSP00000324960	0.511	True	False	594.9	63.1	True	True	BOTH_EXPRESSED
PRPF31	RBM22	ENSP00000324122	ENSP00000199814	0.51	True	False	7.6	21.9	True	True	BOTH_EXPRESSED
PRPF31	EIF2AK4	ENSP00000324122	ENSP00000263791	0.51	True	False	7.6	12.1	True	True	BOTH_EXPRESSED
PDSS1	ADCK2	ENSP00000365388	ENSP00000072869	0.51	True	False	1.7	5.9	True	True	BOTH_EXPRESSED
SPATA7	PRPF31	ENSP00000377176	ENSP00000324122	0.51	True	True	9.4	7.6	True	True	BOTH_EXPRESSED
RPGR	RAX2	ENSP00000495537	ENSP00000450456	0.51	True	True	11.2	59.9	True	True	BOTH_EXPRESSED
RPGR	CCDC65	ENSP00000495537	ENSP00000312706	0.51	True	False	11.2	6.6	True	True	BOTH_EXPRESSED
IFT140	PRKACA	ENSP00000406012	ENSP00000309591	0.51	True	False	5.9	23.4	True	True	BOTH_EXPRESSED
IDH3G	TOMM22	ENSP00000217901	ENSP00000216034	0.51	True	False	22.7	8.0	True	True	BOTH_EXPRESSED
LRAT	CNGB1	ENSP00000337224	ENSP00000251102	0.51	True	True	0.9	557.0	True	True	BOTH_EXPRESSED
PRPF31	PPP1R8	ENSP00000324122	ENSP00000311677	0.51	True	False	7.6	26.0	True	True	BOTH_EXPRESSED
FAM161A	PRPF6	ENSP00000385158	ENSP00000266079	0.51	True	True	26.9	33.8	True	True	BOTH_EXPRESSED
IDH3G	TIMM22	ENSP00000217901	ENSP00000320236	0.51	True	False	22.7	4.2	True	True	BOTH_EXPRESSED
ARL3	HIBCH	ENSP00000260746	ENSP00000352706	0.51	True	False	89.3	35.6	True	True	BOTH_EXPRESSED
GUCY2D	SLC24A1	ENSP00000254854	ENSP00000261892	0.51	True	True	31.7	179.2	True	True	BOTH_EXPRESSED
COQ2	NMRAL1	ENSP00000310873	ENSP00000458762	0.51	True	False	3.7	4.7	True	True	BOTH_EXPRESSED
COQ2	TMEM254	ENSP00000310873	ENSP00000361355	0.51	True	False	3.7	10.5	True	True	BOTH_EXPRESSED
MERTK	SOX4	ENSP00000295408	ENSP00000244745	0.51	True	False	15.4	5.9	True	True	BOTH_EXPRESSED
COQ2	ENSP00000497305	ENSP00000310873	ENSP00000497305	0.51	True	False	3.7		True	False	UNKNOWN
COQ2	BLVRB	ENSP00000310873	ENSP00000263368	0.51	True	False	3.7	5.1	True	True	BOTH_EXPRESSED
MERTK	SIGLEC1	ENSP00000295408	ENSP00000341141	0.51	True	False	15.4	0.3	True	True	BOTH_EXPRESSED
CLCC1	SCO2	ENSP00000349456	ENSP00000444433	0.51	True	False	10.5	0.1	True	True	BOTH_EXPRESSED
MERTK	CEP290	ENSP00000295408	ENSP00000448012	0.51	True	False	15.4	6.6	True	True	BOTH_EXPRESSED
IMPG1	ABCA4	ENSP00000358966	ENSP00000359245	0.51	True	False	621.3	328.7	True	True	BOTH_EXPRESSED
IDH3G	BCS1L	ENSP00000217901	ENSP00000413908	0.51	True	False	22.7	12.5	True	True	BOTH_EXPRESSED
DHDDS	TSFM	ENSP00000353104	ENSP00000313877	0.51	True	False	30.3	15.5	True	True	BOTH_EXPRESSED
PRPF6	LRRK2	ENSP00000266079	ENSP00000298910	0.51	True	False	33.8	1.4	True	True	BOTH_EXPRESSED
PRPF3	EFL1	ENSP00000315379	ENSP00000268206	0.51	True	False	40.3	4.7	True	True	BOTH_EXPRESSED
POMGNT1	UTRN	ENSP00000361060	ENSP00000356515	0.51	True	False	10.1	10.6	True	True	BOTH_EXPRESSED
HGSNAT	ARSG	ENSP00000368965	ENSP00000407193	0.51	True	False	12.6	7.2	True	True	BOTH_EXPRESSED
CLRN1	FSCN2	ENSP00000329158	ENSP00000334665	0.51	True	False	11.8	8.1	True	True	BOTH_EXPRESSED
INPP5E	NPHP4	ENSP00000360777	ENSP00000367398	0.51	True	False	6.9	2.2	True	True	BOTH_EXPRESSED
IDH3G	DNAJC19	ENSP00000217901	ENSP00000372005	0.51	True	False	22.7	23.8	True	True	BOTH_EXPRESSED
IDH3G	NDUFS1	ENSP00000217901	ENSP00000392709	0.51	True	False	22.7	22.6	True	True	BOTH_EXPRESSED
IDH3G	CMC2	ENSP00000217901	ENSP00000219400	0.51	True	False	22.7	14.9	True	True	BOTH_EXPRESSED
OFD1	WRAP73	ENSP00000344314	ENSP00000270708	0.51	True	False	2.3	7.8	True	True	BOTH_EXPRESSED
NR2E3	ATOH7	ENSP00000482504	ENSP00000362777	0.51	True	False	121.9	0.3	True	True	BOTH_EXPRESSED
INPP5E	FBF1	ENSP00000360777	ENSP00000490726	0.51	True	False	6.9	3.8	True	True	BOTH_EXPRESSED
PRPF8	DYNC1H1	ENSP00000460348	ENSP00000348965	0.51	True	False	76.4	6.2	True	True	BOTH_EXPRESSED
KIAA1549	MAP2K2	ENSP00000416040	ENSP00000262948	0.51	True	False	5.3	59.2	True	True	BOTH_EXPRESSED
PRPF8	MEX3C	ENSP00000460348	ENSP00000385610	0.51	True	False	76.4	13.7	True	True	BOTH_EXPRESSED
COQ8B	MT-CO3	ENSP00000315118	ENSP00000354982	0.51	True	False	1.2	13152.1	True	True	BOTH_EXPRESSED
BEST1	PAX6	ENSP00000399709	ENSP00000492024	0.509	True	False	6.2	63.9	True	True	BOTH_EXPRESSED
IMPDH1	PRPS1L1	ENSP00000345096	ENSP00000424595	0.509	True	False	98.6	0.0	True	True	BELOW_THRESHOLD
PRPF8	PSMD13	ENSP00000460348	ENSP00000396937	0.509	True	False	76.4	28.5	True	True	BOTH_EXPRESSED
PRPF4	CHD4	ENSP00000363313	ENSP00000440542	0.509	True	False	12.1	41.7	True	True	BOTH_EXPRESSED
HK1	PYGM	ENSP00000494664	ENSP00000164139	0.509	True	False	141.7	2.7	True	True	BOTH_EXPRESSED
BBS1	B9D1	ENSP00000317469	ENSP00000261499	0.509	True	False	19.9	20.2	True	True	BOTH_EXPRESSED
RBP3	SDR9C7	ENSP00000463151	ENSP00000293502	0.509	True	False	504.0	0.1	True	True	BOTH_EXPRESSED
PRPF4	CCAR1	ENSP00000363313	ENSP00000265872	0.509	True	False	12.1	19.3	True	True	BOTH_EXPRESSED
RPE65	CLRN1	ENSP00000262340	ENSP00000329158	0.509	True	True	7.8	11.8	True	True	BOTH_EXPRESSED
PRPF4	FTSJ3	ENSP00000363313	ENSP00000396673	0.509	True	False	12.1	8.2	True	True	BOTH_EXPRESSED
PRPF4	HNRNPA1	ENSP00000363313	ENSP00000341826	0.509	True	False	12.1	243.0	True	True	BOTH_EXPRESSED
CNGA1	RGR	ENSP00000384264	ENSP00000352427	0.509	True	False	244.8	129.0	True	True	BOTH_EXPRESSED
DHDDS	ERAL1	ENSP00000353104	ENSP00000254928	0.509	True	False	30.3	15.7	True	True	BOTH_EXPRESSED
RCBTB1	KPNA3	ENSP00000367552	ENSP00000261667	0.509	True	False	45.9	30.9	True	True	BOTH_EXPRESSED
ARL3	MRPL3	ENSP00000260746	ENSP00000264995	0.509	True	False	89.3	31.3	True	True	BOTH_EXPRESSED
IDH3A	NDUFV2	ENSP00000299518	ENSP00000327268	0.509	True	False	23.8	120.2	True	True	BOTH_EXPRESSED
IFT140	PRKACB	ENSP00000406012	ENSP00000359719	0.509	True	False	5.9	66.3	True	True	BOTH_EXPRESSED
IFT140	PRR35	ENSP00000406012	ENSP00000386499	0.509	True	False	5.9	0.2	True	True	BOTH_EXPRESSED
SAG	DLG4	ENSP00000386444	ENSP00000497806	0.509	True	False	1359.9	200.9	True	True	BOTH_EXPRESSED
ARHGEF18	UBA52	ENSP00000482647	ENSP00000388107	0.509	True	False	4.6	218.5	True	True	BOTH_EXPRESSED
CEP250	HAUS8	ENSP00000380661	ENSP00000253669	0.509	True	False	9.2	0.9	True	True	BOTH_EXPRESSED
USH2A	MYH9	ENSP00000305941	ENSP00000216181	0.509	True	False	17.8	8.4	True	True	BOTH_EXPRESSED
CDHR1	ROM1	ENSP00000485478	ENSP00000278833	0.509	True	False	291.2	1101.4	True	True	BOTH_EXPRESSED
DYNC2H1	RPGRIP1L	ENSP00000497174	ENSP00000493946	0.509	True	False	9.5	2.6	True	True	BOTH_EXPRESSED
BBS9	IFT122	ENSP00000242067	ENSP00000296266	0.509	True	False	20.3	0.9	True	True	BOTH_EXPRESSED
PRPF3	PDS5B	ENSP00000315379	ENSP00000313851	0.508	True	False	40.3	10.2	True	True	BOTH_EXPRESSED
GUCY2D	NRL	ENSP00000254854	ENSP00000454062	0.508	True	True	31.7	294.2	True	True	BOTH_EXPRESSED
CC2D2A	IFT57	ENSP00000403465	ENSP00000264538	0.508	True	False	78.4	22.2	True	True	BOTH_EXPRESSED
TTC8	AP1G1	ENSP00000482306	ENSP00000377148	0.508	True	False	34.7	48.8	True	True	BOTH_EXPRESSED
HK1	PGD	ENSP00000494664	ENSP00000270776	0.508	True	False	141.7	45.5	True	True	BOTH_EXPRESSED
PRPF8	ZGPAT	ENSP00000460348	ENSP00000332013	0.508	True	False	76.4	1.3	True	True	BOTH_EXPRESSED
CERKL	RHO	ENSP00000341159	ENSP00000296271	0.508	True	True	19.5	3767.6	True	True	BOTH_EXPRESSED
HGSNAT	FNTA	ENSP00000368965	ENSP00000303423	0.508	True	False	12.6	31.4	True	True	BOTH_EXPRESSED
TTC8	ADGRV1	ENSP00000482306	ENSP00000384582	0.508	True	False	34.7	16.8	True	True	BOTH_EXPRESSED
SNRNP200	U2AF1	ENSP00000317123	ENSP00000291552	0.508	True	False	62.7	68.4	True	True	BOTH_EXPRESSED
SLC24A1	CACNA2D4	ENSP00000261892	ENSP00000372169	0.508	True	False	179.2	18.7	True	True	BOTH_EXPRESSED
RHO	MC4R	ENSP00000296271	ENSP00000299766	0.508	True	False	3767.6	3.6	True	True	BOTH_EXPRESSED
MVK	GALK2	ENSP00000228510	ENSP00000453129	0.508	True	False	3.2	7.2	True	True	BOTH_EXPRESSED
COQ5	COX11	ENSP00000288532	ENSP00000299335	0.508	True	False	24.3	18.9	True	True	BOTH_EXPRESSED
PDE6G	CLRN1	ENSP00000328412	ENSP00000329158	0.507	True	True	1904.6	11.8	True	True	BOTH_EXPRESSED
GUCY2D	PRPF31	ENSP00000254854	ENSP00000324122	0.507	True	True	31.7	7.6	True	True	BOTH_EXPRESSED
DHDDS	SPATA7	ENSP00000353104	ENSP00000377176	0.507	True	True	30.3	9.4	True	True	BOTH_EXPRESSED
GUCY2D	BEST1	ENSP00000254854	ENSP00000399709	0.507	True	True	31.7	6.2	True	True	BOTH_EXPRESSED
KIZ	NKX2-4	ENSP00000479542	ENSP00000345147	0.507	True	False	18.7	0.0	True	True	BELOW_THRESHOLD
KIZ	GZF1	ENSP00000479542	ENSP00000338290	0.507	True	False	18.7	9.7	True	True	BOTH_EXPRESSED
NRL	GNB1	ENSP00000454062	ENSP00000367872	0.507	True	False	294.2	2147.2	True	True	BOTH_EXPRESSED
PDE6G	FZD4	ENSP00000328412	ENSP00000434034	0.507	True	False	1904.6	1.0	True	True	BOTH_EXPRESSED
SPATA7	GRK1	ENSP00000377176	ENSP00000334876	0.507	True	False	9.4	39.5	True	True	BOTH_EXPRESSED
PRPF31	PROM1	ENSP00000324122	ENSP00000426809	0.507	True	False	7.6	252.8	True	True	BOTH_EXPRESSED
CFAP410	SCFD1	ENSP00000381047	ENSP00000390783	0.507	True	False	9.2	13.9	True	True	BOTH_EXPRESSED
RPGR	CDHR1	ENSP00000495537	ENSP00000485478	0.507	True	True	11.2	291.2	True	True	BOTH_EXPRESSED
SPATA7	BEST1	ENSP00000377176	ENSP00000399709	0.507	True	True	9.4	6.2	True	True	BOTH_EXPRESSED
CLRN1	ABCA4	ENSP00000329158	ENSP00000359245	0.507	True	False	11.8	328.7	True	True	BOTH_EXPRESSED
CC2D2A	CEP164	ENSP00000403465	ENSP00000278935	0.507	True	False	78.4	24.1	True	True	BOTH_EXPRESSED
GUCA1A	CALML6	ENSP00000053469	ENSP00000304643	0.507	True	False	703.2	0.2	True	True	BOTH_EXPRESSED
COQ2	PAM16	ENSP00000310873	ENSP00000315693	0.507	True	False	3.7	4.4	True	True	BOTH_EXPRESSED
LRAT	SORD	ENSP00000337224	ENSP00000267814	0.507	True	False	0.9	4.4	True	True	BOTH_EXPRESSED
GNAT1	GPR179	ENSP00000232461	ENSP00000483469	0.507	True	False	1040.7	12.8	True	True	BOTH_EXPRESSED
SNRNP200	EWSR1	ENSP00000317123	ENSP00000400142	0.507	True	False	62.7	103.1	True	True	BOTH_EXPRESSED
FAM161A	ROM1	ENSP00000385158	ENSP00000278833	0.507	True	False	26.9	1101.4	True	True	BOTH_EXPRESSED
PRPH2	SFTA3	ENSP00000230381	ENSP00000428331	0.507	True	False	594.9		True	False	UNKNOWN
INPP5E	TJAP1	ENSP00000360777	ENSP00000361522	0.507	True	False	6.9	10.4	True	True	BOTH_EXPRESSED
PRPF6	DDX41	ENSP00000266079	ENSP00000330349	0.507	True	False	33.8	13.6	True	True	BOTH_EXPRESSED
PDE6G	FAM161A	ENSP00000328412	ENSP00000385158	0.507	True	True	1904.6	26.9	True	True	BOTH_EXPRESSED
PRPF6	FSCN2	ENSP00000266079	ENSP00000334665	0.507	True	False	33.8	8.1	True	True	BOTH_EXPRESSED
RPE65	PROM1	ENSP00000262340	ENSP00000426809	0.507	True	False	7.8	252.8	True	True	BOTH_EXPRESSED
RPE65	OPN1SW	ENSP00000262340	ENSP00000249389	0.507	True	False	7.8	38.0	True	True	BOTH_EXPRESSED
PRPF4	METTL16	ENSP00000363313	ENSP00000263092	0.507	True	False	12.1	7.1	True	True	BOTH_EXPRESSED
RPE65	GUCA1C	ENSP00000262340	ENSP00000261047	0.507	True	False	7.8	274.8	True	True	BOTH_EXPRESSED
FLVCR1	HAMP	ENSP00000355938	ENSP00000471894	0.507	True	False	6.3	3.9	True	True	BOTH_EXPRESSED
RAX2	EVI5	ENSP00000450456	ENSP00000440826	0.507	True	False	59.9	3.3	True	True	BOTH_EXPRESSED
RAX2	TTLL5	ENSP00000450456	ENSP00000298832	0.507	True	False	59.9	22.2	True	True	BOTH_EXPRESSED
CLRN1	PRCD	ENSP00000329158	ENSP00000467661	0.507	True	True	11.8	44.6	True	True	BOTH_EXPRESSED
CREB3	CUL3	ENSP00000342136	ENSP00000264414	0.507	True	False	21.7	37.1	True	True	BOTH_EXPRESSED
HK1	YWHAZ	ENSP00000494664	ENSP00000379287	0.507	True	False	141.7	264.2	True	True	BOTH_EXPRESSED
CFAP20	C19orf71	ENSP00000262498	ENSP00000327950	0.507	True	False	26.4		True	False	UNKNOWN
CFAP20	CCDC114	ENSP00000262498	ENSP00000318429	0.507	True	False	26.4		True	False	UNKNOWN
CFAP20	ARMC4	ENSP00000262498	ENSP00000306410	0.507	True	False	26.4		True	False	UNKNOWN
RHO	TBXA2R	ENSP00000296271	ENSP00000393333	0.507	True	False	3767.6	0.4	True	True	BOTH_EXPRESSED
RPGR	TTLL10	ENSP00000495537	ENSP00000368592	0.506	True	False	11.2	0.0	True	True	BELOW_THRESHOLD
PDE6G	SPATA7	ENSP00000328412	ENSP00000377176	0.506	True	True	1904.6	9.4	True	True	BOTH_EXPRESSED
RP1L1	BEST1	ENSP00000371923	ENSP00000399709	0.506	True	True	41.0	6.2	True	True	BOTH_EXPRESSED
CFAP410	CCNF	ENSP00000381047	ENSP00000380256	0.506	True	False	9.2	0.8	True	True	BOTH_EXPRESSED
TULP1	DHDDS	ENSP00000229771	ENSP00000353104	0.506	True	True	194.3	30.3	True	True	BOTH_EXPRESSED
RPE65	SFTA3	ENSP00000262340	ENSP00000428331	0.506	True	False	7.8		True	False	UNKNOWN
OFD1	TTBK2	ENSP00000344314	ENSP00000267890	0.506	True	False	2.3	16.4	True	True	BOTH_EXPRESSED
OFD1	MAPRE1	ENSP00000344314	ENSP00000364721	0.506	True	False	2.3	15.0	True	True	BOTH_EXPRESSED
RCBTB1	CCDC106	ENSP00000367552	ENSP00000465757	0.506	True	False	45.9	6.0	True	True	BOTH_EXPRESSED
PDE6G	FZD6	ENSP00000328412	ENSP00000351605	0.506	True	False	1904.6	4.3	True	True	BOTH_EXPRESSED
PRPF6	ROM1	ENSP00000266079	ENSP00000278833	0.506	True	False	33.8	1101.4	True	True	BOTH_EXPRESSED
TMEM216	BBS10	ENSP00000334844	ENSP00000497413	0.506	True	False	10.8	10.5	True	True	BOTH_EXPRESSED
USH2A	SFTA3	ENSP00000305941	ENSP00000428331	0.506	True	False	17.8		True	False	UNKNOWN
IFT172	NPHP4	ENSP00000260570	ENSP00000367398	0.506	True	False	5.3	2.2	True	True	BOTH_EXPRESSED
AHI1	GABRD	ENSP00000265602	ENSP00000367848	0.506	True	False	25.2	1.3	True	True	BOTH_EXPRESSED
COQ5	GLMN	ENSP00000288532	ENSP00000359385	0.506	True	False	24.3	36.2	True	True	BOTH_EXPRESSED
IDH3A	TXNRD1	ENSP00000299518	ENSP00000434516	0.506	True	False	23.8	18.5	True	True	BOTH_EXPRESSED
SLC4A7	WHRN	ENSP00000390394	ENSP00000354623	0.506	True	False	67.5	20.0	True	True	BOTH_EXPRESSED
USH2A	LAMC2	ENSP00000305941	ENSP00000264144	0.506	True	False	17.8	0.1	True	True	BOTH_EXPRESSED
TBC1D32	TMEM67	ENSP00000381270	ENSP00000389998	0.506	True	False	6.9	3.0	True	True	BOTH_EXPRESSED
PRPH2	RAX2	ENSP00000230381	ENSP00000450456	0.506	True	True	594.9	59.9	True	True	BOTH_EXPRESSED
SAG	GRIA1	ENSP00000386444	ENSP00000428994	0.506	True	False	1359.9	29.4	True	True	BOTH_EXPRESSED
RDH12	KCNJ13	ENSP00000449079	ENSP00000233826	0.506	True	False	206.6	12.7	True	True	BOTH_EXPRESSED
BBS1	KLHL41	ENSP00000317469	ENSP00000284669	0.506	True	False	19.9	15.0	True	True	BOTH_EXPRESSED
PDE6B	NCOR2	ENSP00000420295	ENSP00000384018	0.506	True	False	357.2	23.1	True	True	BOTH_EXPRESSED
BBS1	TCTN2	ENSP00000317469	ENSP00000304941	0.506	True	False	19.9	16.3	True	True	BOTH_EXPRESSED
PDE6G	WNT11	ENSP00000328412	ENSP00000325526	0.506	True	False	1904.6	0.2	True	True	BOTH_EXPRESSED
GUCY2D	SFTA3	ENSP00000254854	ENSP00000428331	0.506	True	False	31.7		True	False	UNKNOWN
DHX38	SFSWAP	ENSP00000268482	ENSP00000437738	0.506	True	False	12.3	8.6	True	True	BOTH_EXPRESSED
DHX38	UTP14A	ENSP00000268482	ENSP00000377944	0.506	True	False	12.3	4.7	True	True	BOTH_EXPRESSED
PRPF3	GFM1	ENSP00000315379	ENSP00000264263	0.506	True	False	40.3	42.9	True	True	BOTH_EXPRESSED
DHDDS	FSCN2	ENSP00000353104	ENSP00000334665	0.506	True	False	30.3	8.1	True	True	BOTH_EXPRESSED
BBS1	PKD2	ENSP00000317469	ENSP00000237596	0.506	True	False	19.9	12.9	True	True	BOTH_EXPRESSED
HK1	CTSD	ENSP00000494664	ENSP00000236671	0.506	True	False	141.7	44.9	True	True	BOTH_EXPRESSED
CLRN1	PRPF31	ENSP00000329158	ENSP00000324122	0.506	True	True	11.8	7.6	True	True	BOTH_EXPRESSED
SNRNP200	NTSR2	ENSP00000317123	ENSP00000303686	0.506	True	False	62.7	0.1	True	True	BOTH_EXPRESSED
RDH12	CCDC124	ENSP00000449079	ENSP00000471455	0.506	True	False	206.6	8.3	True	True	BOTH_EXPRESSED
CRX	C8orf37	ENSP00000221996	ENSP00000286688	0.506	True	False	202.2		True	False	UNKNOWN
IFT140	TULP2	ENSP00000406012	ENSP00000221399	0.506	True	False	5.9	0.1	True	True	BOTH_EXPRESSED
SPATA7	CLRN1	ENSP00000377176	ENSP00000329158	0.506	True	True	9.4	11.8	True	True	BOTH_EXPRESSED
ARL3	YWHAQ	ENSP00000260746	ENSP00000371267	0.505	True	False	89.3	133.0	True	True	BOTH_EXPRESSED
MVK	NLRP12	ENSP00000228510	ENSP00000375653	0.505	True	False	3.2	0.0	True	True	BELOW_THRESHOLD
HK1	SLC1A3	ENSP00000494664	ENSP00000265113	0.505	True	False	141.7	204.7	True	True	BOTH_EXPRESSED
RBP3	PAX6	ENSP00000463151	ENSP00000492024	0.505	True	False	504.0	63.9	True	True	BOTH_EXPRESSED
BEST1	MAOB	ENSP00000399709	ENSP00000367309	0.505	True	False	6.2	12.9	True	True	BOTH_EXPRESSED
TULP1	KCNJ13	ENSP00000229771	ENSP00000233826	0.505	True	False	194.3	12.7	True	True	BOTH_EXPRESSED
HK1	ACO1	ENSP00000494664	ENSP00000309477	0.505	True	False	141.7	11.9	True	True	BOTH_EXPRESSED
CNGA1	FAM161A	ENSP00000384264	ENSP00000385158	0.505	True	True	244.8	26.9	True	True	BOTH_EXPRESSED
IMPDH1	POLR2B	ENSP00000345096	ENSP00000370625	0.505	True	False	98.6	34.1	True	True	BOTH_EXPRESSED
RPGR	ARL2BP	ENSP00000495537	ENSP00000219204	0.505	True	True	11.2	34.8	True	True	BOTH_EXPRESSED
EYS	CNGB3	ENSP00000359655	ENSP00000316605	0.505	True	False	23.1	11.6	True	True	BOTH_EXPRESSED
EYS	ADGRV1	ENSP00000359655	ENSP00000384582	0.505	True	False	23.1	16.8	True	True	BOTH_EXPRESSED
CLN3	ATG3	ENSP00000454229	ENSP00000283290	0.505	True	False	3.0	27.0	True	True	BOTH_EXPRESSED
RLBP1	USH2A	ENSP00000268125	ENSP00000305941	0.505	True	True	246.4	17.8	True	True	BOTH_EXPRESSED
AHI1	PDE7B	ENSP00000265602	ENSP00000310661	0.505	True	False	25.2	2.2	True	True	BOTH_EXPRESSED
DHX38	DDX27	ENSP00000268482	ENSP00000483495	0.505	True	False	12.3	10.2	True	True	BOTH_EXPRESSED
DHX38	U2AF1L4	ENSP00000268482	ENSP00000292879	0.505	True	False	12.3	4.3	True	True	BOTH_EXPRESSED
PRPF3	SRSF5	ENSP00000315379	ENSP00000452123	0.505	True	False	40.3	216.4	True	True	BOTH_EXPRESSED
CLCC1	C1orf194	ENSP00000349456	ENSP00000358965	0.505	True	False	10.5		True	False	UNKNOWN
OFD1	CCDC40	ENSP00000344314	ENSP00000380679	0.505	True	False	2.3	5.2	True	True	BOTH_EXPRESSED
BBS9	IFT46	ENSP00000242067	ENSP00000264020	0.505	True	False	20.3	33.1	True	True	BOTH_EXPRESSED
BBS9	IFT20	ENSP00000242067	ENSP00000464443	0.505	True	False	20.3	24.7	True	True	BOTH_EXPRESSED
ARL6	MCHR1	ENSP00000419619	ENSP00000249016	0.505	True	False	35.2	1.7	True	True	BOTH_EXPRESSED
PDE6G	WNT5A	ENSP00000328412	ENSP00000264634	0.505	True	False	1904.6	1.1	True	True	BOTH_EXPRESSED
LRAT	ALDH1A3	ENSP00000337224	ENSP00000332256	0.505	True	False	0.9	0.3	True	True	BOTH_EXPRESSED
REEP6	LNPK	ENSP00000233596	ENSP00000440905	0.505	True	False	87.4	22.3	True	True	BOTH_EXPRESSED
IDH3A	AASS	ENSP00000299518	ENSP00000403768	0.505	True	False	23.8	3.4	True	True	BOTH_EXPRESSED
AHI1	IFT172	ENSP00000265602	ENSP00000260570	0.505	True	True	25.2	5.3	True	True	BOTH_EXPRESSED
CFAP410	TUBA4A	ENSP00000381047	ENSP00000248437	0.505	True	False	9.2	44.9	True	True	BOTH_EXPRESSED
IFT172	LZTFL1	ENSP00000260570	ENSP00000296135	0.504	True	False	5.3	2.0	True	True	BOTH_EXPRESSED
RHO	TULP3	ENSP00000296271	ENSP00000380321	0.504	True	False	3767.6	11.7	True	True	BOTH_EXPRESSED
PRPF31	DNAJC8	ENSP00000324122	ENSP00000263697	0.504	True	False	7.6	23.7	True	True	BOTH_EXPRESSED
IFT140	PKHD1	ENSP00000406012	ENSP00000360158	0.504	True	False	5.9	1.4	True	True	BOTH_EXPRESSED
IDH3G	HSCB	ENSP00000217901	ENSP00000216027	0.504	True	False	22.7	0.9	True	True	BOTH_EXPRESSED
RDH12	RBPMS	ENSP00000449079	ENSP00000340176	0.504	True	False	206.6	10.2	True	True	BOTH_EXPRESSED
TOPORS	USP45	ENSP00000353735	ENSP00000333376	0.504	True	False	10.6	6.2	True	True	BOTH_EXPRESSED
DHDDS	MT-ND1	ENSP00000353104	ENSP00000354687	0.504	True	False	30.3	6016.1	True	True	BOTH_EXPRESSED
PRPF3	LIN28A	ENSP00000315379	ENSP00000363314	0.504	True	False	40.3	0.3	True	True	BOTH_EXPRESSED
PRPF4	SAP18	ENSP00000363313	ENSP00000481842	0.504	True	False	12.1	82.9	True	True	BOTH_EXPRESSED
COQ5	DPY19L4	ENSP00000288532	ENSP00000389630	0.504	True	False	24.3	12.0	True	True	BOTH_EXPRESSED
CFAP20	RELA	ENSP00000262498	ENSP00000384273	0.504	True	False	26.4	9.1	True	True	BOTH_EXPRESSED
RHO	GUCY2F	ENSP00000296271	ENSP00000218006	0.504	True	False	3767.6	39.1	True	True	BOTH_EXPRESSED
PRPF3	THOC1	ENSP00000315379	ENSP00000261600	0.504	True	False	40.3	5.3	True	True	BOTH_EXPRESSED
CEP250	HAUS7	ENSP00000380661	ENSP00000359230	0.504	True	False	9.2	3.0	True	True	BOTH_EXPRESSED
MERTK	TUB	ENSP00000295408	ENSP00000305426	0.504	True	False	15.4	76.5	True	True	BOTH_EXPRESSED
IMPG1	C6orf52	ENSP00000358966	ENSP00000259983	0.504	True	False	621.3	0.7	True	True	BOTH_EXPRESSED
COQ2	TIMM21	ENSP00000310873	ENSP00000169551	0.504	True	False	3.7	13.7	True	True	BOTH_EXPRESSED
BBS9	NPHP4	ENSP00000242067	ENSP00000367398	0.504	True	False	20.3	2.2	True	True	BOTH_EXPRESSED
IDH3G	CHCHD7	ENSP00000217901	ENSP00000306425	0.504	True	False	22.7	30.2	True	True	BOTH_EXPRESSED
RPGR	TIA1	ENSP00000495537	ENSP00000401371	0.504	True	False	11.2	62.9	True	True	BOTH_EXPRESSED
ARL3	YWHAH	ENSP00000260746	ENSP00000248975	0.504	True	False	89.3	105.6	True	True	BOTH_EXPRESSED
CREB3	XBP1	ENSP00000342136	ENSP00000216037	0.503	True	False	21.7	19.2	True	True	BOTH_EXPRESSED
CREB3	DDIT3	ENSP00000342136	ENSP00000448665	0.503	True	False	21.7	114.4	True	True	BOTH_EXPRESSED
COQ5	DHODH	ENSP00000288532	ENSP00000219240	0.503	True	False	24.3	2.9	True	True	BOTH_EXPRESSED
CNGB1	CACNA1F	ENSP00000251102	ENSP00000365441	0.503	True	False	557.0	116.2	True	True	BOTH_EXPRESSED
HK1	MDH2	ENSP00000494664	ENSP00000327070	0.503	True	False	141.7	37.3	True	True	BOTH_EXPRESSED
SNRNP200	SNRNP35	ENSP00000317123	ENSP00000403310	0.503	True	False	62.7	17.0	True	True	BOTH_EXPRESSED
GNAT1	RGS16	ENSP00000232461	ENSP00000356529	0.503	True	False	1040.7	56.1	True	True	BOTH_EXPRESSED
PRPH2	GRK1	ENSP00000230381	ENSP00000334876	0.503	True	False	594.9	39.5	True	True	BOTH_EXPRESSED
GUCY2D	ARR3	ENSP00000254854	ENSP00000311538	0.503	True	False	31.7	357.5	True	True	BOTH_EXPRESSED
DHDDS	DPM2	ENSP00000353104	ENSP00000322181	0.503	True	False	30.3	12.3	True	True	BOTH_EXPRESSED
COQ2	FXN	ENSP00000310873	ENSP00000419243	0.503	True	False	3.7	3.8	True	True	BOTH_EXPRESSED
DHDDS	HMGCR	ENSP00000353104	ENSP00000287936	0.503	True	False	30.3	17.4	True	True	BOTH_EXPRESSED
MERTK	TNF	ENSP00000295408	ENSP00000398698	0.503	True	False	15.4	0.0	True	True	BELOW_THRESHOLD
SLC4A7	SLC9A5	ENSP00000390394	ENSP00000299798	0.503	True	False	67.5	1.1	True	True	BOTH_EXPRESSED
DYNC2H1	CEP120	ENSP00000497174	ENSP00000303058	0.503	True	False	9.5	10.7	True	True	BOTH_EXPRESSED
MVK	GMPS	ENSP00000228510	ENSP00000419851	0.503	True	False	3.2	9.4	True	True	BOTH_EXPRESSED
RP1L1	GPATCH4	ENSP00000371923	ENSP00000396441	0.503	True	False	41.0	2.5	True	True	BOTH_EXPRESSED
ARL3	RPGRIP1L	ENSP00000260746	ENSP00000493946	0.503	True	False	89.3	2.6	True	True	BOTH_EXPRESSED
DYNC2H1	BBS4	ENSP00000497174	ENSP00000268057	0.503	True	False	9.5	42.0	True	True	BOTH_EXPRESSED
IFT140	PRKAR1A	ENSP00000406012	ENSP00000376475	0.503	True	False	5.9	109.6	True	True	BOTH_EXPRESSED
RPGR	TMEM67	ENSP00000495537	ENSP00000389998	0.503	True	False	11.2	3.0	True	True	BOTH_EXPRESSED
IFT140	PRKAR2A	ENSP00000406012	ENSP00000265563	0.503	True	False	5.9	14.2	True	True	BOTH_EXPRESSED
MVK	PPP1CB	ENSP00000228510	ENSP00000378769	0.503	True	False	3.2	70.9	True	True	BOTH_EXPRESSED
KLHL7	USP45	ENSP00000343273	ENSP00000333376	0.503	True	False	13.9	6.2	True	True	BOTH_EXPRESSED
PRPF31	DHX8	ENSP00000324122	ENSP00000262415	0.503	True	False	7.6	14.6	True	True	BOTH_EXPRESSED
RHO	CYCS	ENSP00000296271	ENSP00000307786	0.503	True	False	3767.6	142.6	True	True	BOTH_EXPRESSED
RHO	MC1R	ENSP00000296271	ENSP00000451605	0.503	True	False	3767.6	2.9	True	True	BOTH_EXPRESSED
AHI1	ASPM	ENSP00000265602	ENSP00000356379	0.502	True	False	25.2	0.0	True	True	BELOW_THRESHOLD
ARL3	CPLANE2	ENSP00000260746	ENSP00000364749	0.502	True	False	89.3	2.1	True	True	BOTH_EXPRESSED
IDH3A	NDUFS2	ENSP00000299518	ENSP00000356972	0.502	True	False	23.8	33.5	True	True	BOTH_EXPRESSED
MERTK	GPR34	ENSP00000295408	ENSP00000367384	0.502	True	False	15.4	0.5	True	True	BOTH_EXPRESSED
SLC4A7	AHCYL1	ENSP00000390394	ENSP00000358814	0.502	True	False	67.5	63.7	True	True	BOTH_EXPRESSED
IDH3A	TXNRD2	ENSP00000299518	ENSP00000383365	0.502	True	False	23.8	4.0	True	True	BOTH_EXPRESSED
CRX	GRM6	ENSP00000221996	ENSP00000497110	0.502	True	False	202.2	39.6	True	True	BOTH_EXPRESSED
ARL3	IQCB1	ENSP00000260746	ENSP00000311505	0.502	True	False	89.3	17.5	True	True	BOTH_EXPRESSED
PRPH2	TUB	ENSP00000230381	ENSP00000305426	0.502	True	False	594.9	76.5	True	True	BOTH_EXPRESSED
PRPF8	SRSF3	ENSP00000460348	ENSP00000362820	0.502	True	False	76.4	41.9	True	True	BOTH_EXPRESSED
ZNF408	ARHGAP1	ENSP00000309606	ENSP00000310491	0.502	True	False	1.2	8.9	True	True	BOTH_EXPRESSED
COQ5	MRPS18C	ENSP00000288532	ENSP00000295491	0.502	True	False	24.3	18.2	True	True	BOTH_EXPRESSED
PRPF31	CDC5L	ENSP00000324122	ENSP00000360532	0.502	True	False	7.6	12.2	True	True	BOTH_EXPRESSED
IFT172	CCDC121	ENSP00000260570	ENSP00000412150	0.502	True	False	5.3	6.7	True	True	BOTH_EXPRESSED
PDE6B	RGS9	ENSP00000420295	ENSP00000262406	0.502	True	False	357.2	1.2	True	True	BOTH_EXPRESSED
CLN3	GCN1	ENSP00000454229	ENSP00000300648	0.502	True	False	3.0	8.2	True	True	BOTH_EXPRESSED
CREB3	ARF4	ENSP00000342136	ENSP00000306010	0.502	True	False	21.7	50.0	True	True	BOTH_EXPRESSED
SLC37A3	MFSD11	ENSP00000321498	ENSP00000464932	0.502	True	False	10.4	33.2	True	True	BOTH_EXPRESSED
ARL6	SSTR3	ENSP00000419619	ENSP00000480971	0.502	True	False	35.2	0.2	True	True	BOTH_EXPRESSED
POMGNT1	PLEC	ENSP00000361060	ENSP00000323856	0.502	True	False	10.1	2.5	True	True	BOTH_EXPRESSED
COQ2	UQCRFS1	ENSP00000310873	ENSP00000306397	0.502	True	False	3.7	24.7	True	True	BOTH_EXPRESSED
USH2A	SLC26A5	ENSP00000305941	ENSP00000304783	0.502	True	False	17.8	0.1	True	True	BOTH_EXPRESSED
OFD1	RP9	ENSP00000344314	ENSP00000297157	0.502	True	False	2.3	14.0	True	True	BOTH_EXPRESSED
GUCA1A	CALM3	ENSP00000053469	ENSP00000291295	0.502	True	False	703.2	141.0	True	True	BOTH_EXPRESSED
OFD1	RB1CC1	ENSP00000344314	ENSP00000025008	0.502	True	False	2.3	18.8	True	True	BOTH_EXPRESSED
PDE6B	FMR1	ENSP00000420295	ENSP00000359506	0.502	True	False	357.2	11.8	True	True	BOTH_EXPRESSED
TOPORS	RCHY1	ENSP00000353735	ENSP00000321239	0.502	True	False	10.6	13.7	True	True	BOTH_EXPRESSED
FAM161A	KCNV2	ENSP00000385158	ENSP00000371514	0.501	True	False	26.9	268.2	True	True	BOTH_EXPRESSED
GUCA1A	CALML4	ENSP00000053469	ENSP00000419081	0.501	True	False	703.2	3.1	True	True	BOTH_EXPRESSED
PRPF6	DDX17	ENSP00000266079	ENSP00000380033	0.501	True	False	33.8	316.8	True	True	BOTH_EXPRESSED
DHX38	DDX39A	ENSP00000268482	ENSP00000242776	0.501	True	False	12.3	4.3	True	True	BOTH_EXPRESSED
IDH3G	CHMP3	ENSP00000217901	ENSP00000263856	0.501	True	False	22.7	28.5	True	True	BOTH_EXPRESSED
MVK	NFYA	ENSP00000228510	ENSP00000345702	0.501	True	False	3.2	18.4	True	True	BOTH_EXPRESSED
TMEM216	BBS9	ENSP00000334844	ENSP00000242067	0.501	True	True	10.8	20.3	True	True	BOTH_EXPRESSED
SAG	ADRA1D	ENSP00000386444	ENSP00000368766	0.501	True	False	1359.9	0.0	True	True	BELOW_THRESHOLD
OFD1	CEP350	ENSP00000344314	ENSP00000356579	0.501	True	False	2.3	4.2	True	True	BOTH_EXPRESSED
COQ2	TIMM17B	ENSP00000310873	ENSP00000379999	0.501	True	False	3.7	27.4	True	True	BOTH_EXPRESSED
USH2A	CEP250	ENSP00000305941	ENSP00000380661	0.501	True	True	17.8	9.2	True	True	BOTH_EXPRESSED
OFD1	SEPTIN2	ENSP00000344314	ENSP00000479861	0.501	True	False	2.3	105.6	True	True	BOTH_EXPRESSED
OFD1	ATG13	ENSP00000344314	ENSP00000432412	0.501	True	False	2.3	43.7	True	True	BOTH_EXPRESSED
USH2A	MPP1	ENSP00000305941	ENSP00000358547	0.501	True	False	17.8	9.8	True	True	BOTH_EXPRESSED
CEP250	HAUS4	ENSP00000380661	ENSP00000206474	0.501	True	False	9.2	9.6	True	True	BOTH_EXPRESSED
ARHGEF18	UBC	ENSP00000482647	ENSP00000441543	0.501	True	False	4.6	902.5	True	True	BOTH_EXPRESSED
PDE6G	PDE6D	ENSP00000328412	ENSP00000287600	0.501	True	False	1904.6	64.5	True	True	BOTH_EXPRESSED
PDE6G	FZD2	ENSP00000328412	ENSP00000323901	0.501	True	False	1904.6	0.6	True	True	BOTH_EXPRESSED
USH2A	CD1D	ENSP00000305941	ENSP00000501245	0.501	True	False	17.8	0.2	True	True	BOTH_EXPRESSED
PDE6B	WNT5A	ENSP00000420295	ENSP00000264634	0.501	True	False	357.2	1.1	True	True	BOTH_EXPRESSED
PDE6A	WNT5A	ENSP00000255266	ENSP00000264634	0.501	True	False	1001.0	1.1	True	True	BOTH_EXPRESSED
CNGA1	GUCA1A-2	ENSP00000384264	ENSP00000362049	0.501	True	False	244.8		True	False	UNKNOWN
BBS2	TRAF3IP1	ENSP00000245157	ENSP00000362424	0.501	True	False	12.0	6.1	True	True	BOTH_EXPRESSED
COQ5	ATPAF1	ENSP00000288532	ENSP00000460964	0.501	True	False	24.3	65.3	True	True	BOTH_EXPRESSED
PDE6B	FZD2	ENSP00000420295	ENSP00000323901	0.501	True	False	357.2	0.6	True	True	BOTH_EXPRESSED
PRPF3	FRA10AC1	ENSP00000315379	ENSP00000360488	0.501	True	False	40.3	11.4	True	True	BOTH_EXPRESSED
IMPDH1	TKTL1	ENSP00000345096	ENSP00000358931	0.501	True	False	98.6	2.0	True	True	BOTH_EXPRESSED
KIAA1549	BCL2L11	ENSP00000416040	ENSP00000376943	0.501	True	False	5.3	11.9	True	True	BOTH_EXPRESSED
ARL3	PPP1R26	ENSP00000260746	ENSP00000349274	0.501	True	False	89.3	4.2	True	True	BOTH_EXPRESSED
LRAT	GLYATL1	ENSP00000337224	ENSP00000300079	0.501	True	False	0.9	0.2	True	True	BOTH_EXPRESSED
ARL3	MRPS2	ENSP00000260746	ENSP00000360850	0.501	True	False	89.3	6.2	True	True	BOTH_EXPRESSED
CLN3	NPC1	ENSP00000454229	ENSP00000269228	0.5	True	False	3.0	24.9	True	True	BOTH_EXPRESSED
MVK	ZNF408	ENSP00000228510	ENSP00000309606	0.5	True	True	3.2	1.2	True	True	BOTH_EXPRESSED
IDH3G	TPI1	ENSP00000217901	ENSP00000229270	0.5	True	False	22.7	580.2	True	True	BOTH_EXPRESSED
RLBP1	OPN1SW	ENSP00000268125	ENSP00000249389	0.5	True	False	246.4	38.0	True	True	BOTH_EXPRESSED
PDE6A	FZD5	ENSP00000255266	ENSP00000354607	0.5	True	False	1001.0	10.1	True	True	BOTH_EXPRESSED
PRPF31	NHP2	ENSP00000324122	ENSP00000274606	0.5	True	False	7.6	22.8	True	True	BOTH_EXPRESSED
DHX38	RAE1	ENSP00000268482	ENSP00000379181	0.5	True	False	12.3	18.6	True	True	BOTH_EXPRESSED
ARHGEF18	UBB	ENSP00000482647	ENSP00000478771	0.5	True	False	4.6	525.9	True	True	BOTH_EXPRESSED
OFD1	TRAPPC2	ENSP00000344314	ENSP00000392495	0.5	True	False	2.3	9.4	True	True	BOTH_EXPRESSED
OFD1	IFT122	ENSP00000344314	ENSP00000296266	0.5	True	False	2.3	0.9	True	True	BOTH_EXPRESSED
POMGNT1	MAN2A1	ENSP00000361060	ENSP00000261483	0.5	True	False	10.1	1.6	True	True	BOTH_EXPRESSED
IDH3A	PGK1	ENSP00000299518	ENSP00000362413	0.5	True	False	23.8	277.0	True	True	BOTH_EXPRESSED
USH2A	SLC17A8	ENSP00000305941	ENSP00000316909	0.5	True	False	17.8	1.1	True	True	BOTH_EXPRESSED
DHDDS	RDH12	ENSP00000353104	ENSP00000449079	0.5	True	True	30.3	206.6	True	True	BOTH_EXPRESSED
SAG	GNA12	ENSP00000386444	ENSP00000275364	0.5	True	False	1359.9	2.7	True	True	BOTH_EXPRESSED
ARL3	ELMOD1	ENSP00000260746	ENSP00000265840	0.5	True	False	89.3	30.2	True	True	BOTH_EXPRESSED
RLBP1	CALB1	ENSP00000268125	ENSP00000265431	0.5	True	False	246.4	50.9	True	True	BOTH_EXPRESSED
KIAA1549	TENT4A	ENSP00000416040	ENSP00000488642	0.5	True	False	5.3	11.6	True	True	BOTH_EXPRESSED
RPGR	GRK7	ENSP00000495537	ENSP00000264952	0.5	True	False	11.2	10.4	True	True	BOTH_EXPRESSED
DHDDS	H0YIJ7_HUMAN	ENSP00000353104	ENSP00000449544	0.5	True	False	30.3		True	False	UNKNOWN
PRPF8	PHF6	ENSP00000460348	ENSP00000329097	0.5	True	False	76.4	10.8	True	True	BOTH_EXPRESSED
IDH3B	NDUFA13	ENSP00000482773	ENSP00000423673	0.5	True	False	42.7	93.6	True	True	BOTH_EXPRESSED
ARL3	RAB11A	ENSP00000260746	ENSP00000261890	0.5	True	False	89.3	91.7	True	True	BOTH_EXPRESSED
HGSNAT	GNPTG	ENSP00000368965	ENSP00000204679	0.5	True	False	12.6	14.2	True	True	BOTH_EXPRESSED
TMEM216	BBS5	ENSP00000334844	ENSP00000295240	0.5	True	False	10.8	11.3	True	True	BOTH_EXPRESSED
PDE6A	WNT11	ENSP00000255266	ENSP00000325526	0.499	True	False	1001.0	0.2	True	True	BOTH_EXPRESSED
COQ8B	GLMN	ENSP00000315118	ENSP00000359385	0.499	True	False	1.2	36.2	True	True	BOTH_EXPRESSED
PDE6A	FZD3	ENSP00000255266	ENSP00000240093	0.499	True	False	1001.0	13.6	True	True	BOTH_EXPRESSED
PDE6A	FZD6	ENSP00000255266	ENSP00000351605	0.499	True	False	1001.0	4.3	True	True	BOTH_EXPRESSED
GUCA1A	CALML3	ENSP00000053469	ENSP00000315299	0.499	True	False	703.2	0.0	True	True	BELOW_THRESHOLD
CRX	RAX2	ENSP00000221996	ENSP00000450456	0.499	True	True	202.2	59.9	True	True	BOTH_EXPRESSED
PDE6G	FZD3	ENSP00000328412	ENSP00000240093	0.499	True	False	1904.6	13.6	True	True	BOTH_EXPRESSED
ARHGEF18	RPS27A	ENSP00000482647	ENSP00000272317	0.499	True	False	4.6	585.2	True	True	BOTH_EXPRESSED
COQ2	TIMM17A	ENSP00000310873	ENSP00000356256	0.499	True	False	3.7	30.8	True	True	BOTH_EXPRESSED
PRPF8	EIF3F	ENSP00000460348	ENSP00000431800	0.499	True	False	76.4	14.3	True	True	BOTH_EXPRESSED
USH2A	NID1	ENSP00000305941	ENSP00000264187	0.499	True	False	17.8	1.9	True	True	BOTH_EXPRESSED
USH2A	UFD1	ENSP00000305941	ENSP00000263202	0.499	True	False	17.8	20.4	True	True	BOTH_EXPRESSED
PDE6G	FZD5	ENSP00000328412	ENSP00000354607	0.499	True	False	1904.6	10.1	True	True	BOTH_EXPRESSED
PDE6G	RLBP1	ENSP00000328412	ENSP00000268125	0.499	True	True	1904.6	246.4	True	True	BOTH_EXPRESSED
PDE6A	FZD2	ENSP00000255266	ENSP00000323901	0.499	True	False	1001.0	0.6	True	True	BOTH_EXPRESSED
OFD1	HAUS4	ENSP00000344314	ENSP00000206474	0.499	True	False	2.3	9.6	True	True	BOTH_EXPRESSED
MERTK	MYO7A	ENSP00000295408	ENSP00000386331	0.499	True	False	15.4	25.4	True	True	BOTH_EXPRESSED
AIPL1	PDE5A	ENSP00000370521	ENSP00000347046	0.499	True	False	775.1	9.8	True	True	BOTH_EXPRESSED
GUCA1A	CALML5	ENSP00000053469	ENSP00000369689	0.499	True	False	703.2	0.0	True	True	BELOW_THRESHOLD
SNRNP200	ASCC2	ENSP00000317123	ENSP00000380877	0.499	True	False	62.7	7.9	True	True	BOTH_EXPRESSED
COQ2	TIMM44	ENSP00000310873	ENSP00000270538	0.499	True	False	3.7	3.9	True	True	BOTH_EXPRESSED
RP2	CYS1	ENSP00000218340	ENSP00000371234	0.499	True	False	3.9	1.8	True	True	BOTH_EXPRESSED
ARHGEF18	SMURF1	ENSP00000482647	ENSP00000354621	0.499	True	False	4.6	0.7	True	True	BOTH_EXPRESSED
CNGB1	RAB11FIP3	ENSP00000251102	ENSP00000262305	0.499	True	False	557.0	3.8	True	True	BOTH_EXPRESSED
CNGB1	EXOC1	ENSP00000251102	ENSP00000370695	0.499	True	False	557.0	17.2	True	True	BOTH_EXPRESSED
INPP5E	BBS12	ENSP00000360777	ENSP00000438273	0.499	True	False	6.9	16.3	True	True	BOTH_EXPRESSED
CNGB1	EXOC8	ENSP00000251102	ENSP00000355605	0.499	True	False	557.0	6.9	True	True	BOTH_EXPRESSED
NRL	ATXN7L1	ENSP00000454062	ENSP00000410759	0.499	True	False	294.2	1.9	True	True	BOTH_EXPRESSED
NRL	BATF	ENSP00000454062	ENSP00000286639	0.499	True	False	294.2	0.0	True	True	BELOW_THRESHOLD
CNGB1	EXOC7	ENSP00000251102	ENSP00000334100	0.499	True	False	557.0	22.9	True	True	BOTH_EXPRESSED
CNGB1	EXOC2	ENSP00000251102	ENSP00000230449	0.499	True	False	557.0	12.4	True	True	BOTH_EXPRESSED
IFT172	EVC2	ENSP00000260570	ENSP00000342144	0.499	True	False	5.3	0.3	True	True	BOTH_EXPRESSED
NRL	OPN1SW	ENSP00000454062	ENSP00000249389	0.499	True	False	294.2	38.0	True	True	BOTH_EXPRESSED
SNRNP200	EIF4A1	ENSP00000317123	ENSP00000293831	0.499	True	False	62.7	109.6	True	True	BOTH_EXPRESSED
PDE6B	FZD5	ENSP00000420295	ENSP00000354607	0.499	True	False	357.2	10.1	True	True	BOTH_EXPRESSED
PDE6B	FZD3	ENSP00000420295	ENSP00000240093	0.499	True	False	357.2	13.6	True	True	BOTH_EXPRESSED
KIZ	SHLD2	ENSP00000479542	ENSP00000298786	0.499	True	False	18.7	14.5	True	True	BOTH_EXPRESSED
PRPF4	EIF2AK4	ENSP00000363313	ENSP00000263791	0.499	True	False	12.1	12.1	True	True	BOTH_EXPRESSED
KIAA1549	AP3B1	ENSP00000416040	ENSP00000255194	0.499	True	False	5.3	4.5	True	True	BOTH_EXPRESSED
PDE6B	WNT11	ENSP00000420295	ENSP00000325526	0.499	True	False	357.2	0.2	True	True	BOTH_EXPRESSED
PRPF4	DDX39B	ENSP00000363313	ENSP00000416269	0.499	True	False	12.1	31.8	True	True	BOTH_EXPRESSED
PDE6B	FZD6	ENSP00000420295	ENSP00000351605	0.499	True	False	357.2	4.3	True	True	BOTH_EXPRESSED
MVK	PDSS1	ENSP00000228510	ENSP00000365388	0.499	True	True	3.2	1.7	True	True	BOTH_EXPRESSED
IDH3A	S100A16	ENSP00000299518	ENSP00000357695	0.499	True	False	23.8	6.5	True	True	BOTH_EXPRESSED
RPGR	RABIF	ENSP00000495537	ENSP00000356231	0.499	True	False	11.2	6.3	True	True	BOTH_EXPRESSED
CDHR1	CNGB3	ENSP00000485478	ENSP00000316605	0.499	True	False	291.2	11.6	True	True	BOTH_EXPRESSED
RHO	CA2	ENSP00000296271	ENSP00000285379	0.499	True	False	3767.6	361.8	True	True	BOTH_EXPRESSED
MVK	CH25H	ENSP00000228510	ENSP00000360918	0.498	True	False	3.2	0.3	True	True	BOTH_EXPRESSED
CNGA1	GUCY2F	ENSP00000384264	ENSP00000218006	0.498	True	False	244.8	39.1	True	True	BOTH_EXPRESSED
IDH3G	FLNC	ENSP00000217901	ENSP00000327145	0.498	True	False	22.7	0.5	True	True	BOTH_EXPRESSED
PRPF8	DHX40	ENSP00000460348	ENSP00000251241	0.498	True	False	76.4	19.9	True	True	BOTH_EXPRESSED
CLCC1	MT-CO2	ENSP00000349456	ENSP00000354876	0.498	True	False	10.5	8322.0	True	True	BOTH_EXPRESSED
CLN3	ATP2A1	ENSP00000454229	ENSP00000349595	0.498	True	False	3.0	7.3	True	True	BOTH_EXPRESSED
PDE6G	GNA12	ENSP00000328412	ENSP00000275364	0.498	True	False	1904.6	2.7	True	True	BOTH_EXPRESSED
PDSS1	FDXR	ENSP00000365388	ENSP00000416515	0.498	True	False	1.7	0.5	True	True	BOTH_EXPRESSED
PRPF31	PIH1D1	ENSP00000324122	ENSP00000262265	0.498	True	False	7.6	11.0	True	True	BOTH_EXPRESSED
PDE6G	HEXD	ENSP00000328412	ENSP00000337854	0.498	True	False	1904.6	3.1	True	True	BOTH_EXPRESSED
SLC37A3	MFSD13A	ENSP00000321498	ENSP00000238936	0.498	True	False	10.4	4.5	True	True	BOTH_EXPRESSED
SLC4A7	STEAP3	ENSP00000390394	ENSP00000376822	0.498	True	False	67.5	0.6	True	True	BOTH_EXPRESSED
MERTK	ITGB1	ENSP00000295408	ENSP00000379350	0.498	True	False	15.4	25.4	True	True	BOTH_EXPRESSED
IFT172	INVS	ENSP00000260570	ENSP00000262457	0.498	True	False	5.3	10.9	True	True	BOTH_EXPRESSED
PRPF4	GPHN	ENSP00000363313	ENSP00000417901	0.498	True	False	12.1	21.4	True	True	BOTH_EXPRESSED
SNRNP200	YBX1	ENSP00000317123	ENSP00000361626	0.498	True	False	62.7	363.3	True	True	BOTH_EXPRESSED
RHO	PTH	ENSP00000296271	ENSP00000433208	0.497	True	False	3767.6	0.0	True	True	BELOW_THRESHOLD
PRPF8	HNRNPDL	ENSP00000460348	ENSP00000483254	0.497	True	False	76.4	195.0	True	True	BOTH_EXPRESSED
USH2A	NIN	ENSP00000305941	ENSP00000371472	0.497	True	False	17.8	16.7	True	True	BOTH_EXPRESSED
MERTK	FCGR3B	ENSP00000295408	ENSP00000433642	0.497	True	False	15.4	0.0	True	True	BELOW_THRESHOLD
EYS	CYP4V2	ENSP00000359655	ENSP00000368079	0.497	True	True	23.1	13.1	True	True	BOTH_EXPRESSED
COQ8B	ADCK5	ENSP00000315118	ENSP00000310547	0.497	True	False	1.2	0.4	True	True	BOTH_EXPRESSED
IDH3G	COX5B	ENSP00000217901	ENSP00000258424	0.497	True	False	22.7	69.1	True	True	BOTH_EXPRESSED
ARL3	SOD2	ENSP00000260746	ENSP00000446252	0.497	True	False	89.3	22.5	True	True	BOTH_EXPRESSED
ARL3	SOD2-2	ENSP00000260746	ENSP00000442920	0.497	True	False	89.3		True	False	UNKNOWN
AGBL5	SPATA46	ENSP00000353249	ENSP00000356912	0.497	True	False	15.1	2.2	True	True	BOTH_EXPRESSED
PRPF3	ELOA	ENSP00000315379	ENSP00000395574	0.497	True	False	40.3	10.9	True	True	BOTH_EXPRESSED
CNGB1	GUCY2F	ENSP00000251102	ENSP00000218006	0.497	True	False	557.0	39.1	True	True	BOTH_EXPRESSED
DHX38	PPP4R3A	ENSP00000268482	ENSP00000450864	0.497	True	False	12.3	10.1	True	True	BOTH_EXPRESSED
COQ5	MRPL50	ENSP00000288532	ENSP00000363999	0.497	True	False	24.3	17.6	True	True	BOTH_EXPRESSED
RP1L1	RPGRIP1	ENSP00000371923	ENSP00000382895	0.497	True	False	41.0	171.2	True	True	BOTH_EXPRESSED
RAX2	ZNF786	ENSP00000450456	ENSP00000417470	0.497	True	False	59.9	1.6	True	True	BOTH_EXPRESSED
IMPDH1	SND1	ENSP00000345096	ENSP00000346762	0.497	True	False	98.6	29.8	True	True	BOTH_EXPRESSED
CEP162	PCNT	ENSP00000385215	ENSP00000352572	0.497	True	False	2.6	1.3	True	True	BOTH_EXPRESSED
NRL	CNGB3	ENSP00000454062	ENSP00000316605	0.497	True	False	294.2	11.6	True	True	BOTH_EXPRESSED
COQ2	ADCK5	ENSP00000310873	ENSP00000310547	0.497	True	False	3.7	0.4	True	True	BOTH_EXPRESSED
SLC37A3	MFSD14B	ENSP00000321498	ENSP00000364493	0.497	True	False	10.4	16.1	True	True	BOTH_EXPRESSED
OFD1	DNAAF5	ENSP00000344314	ENSP00000297440	0.497	True	False	2.3	3.7	True	True	BOTH_EXPRESSED
SLC4A7	NINL	ENSP00000390394	ENSP00000278886	0.497	True	False	67.5	1.2	True	True	BOTH_EXPRESSED
ZNF408	KPRP	ENSP00000309606	ENSP00000475216	0.497	True	False	1.2	0.0	True	True	BELOW_THRESHOLD
RAX2	ZNF223	ENSP00000450456	ENSP00000401947	0.497	True	False	59.9	4.1	True	True	BOTH_EXPRESSED
PRPF3	AAR2	ENSP00000315379	ENSP00000363043	0.497	True	False	40.3	6.9	True	True	BOTH_EXPRESSED
TMEM216	NEK9	ENSP00000334844	ENSP00000238616	0.497	True	False	10.8	15.3	True	True	BOTH_EXPRESSED
BEST1	PDE6B	ENSP00000399709	ENSP00000420295	0.497	True	True	6.2	357.2	True	True	BOTH_EXPRESSED
PRPH2	PDC	ENSP00000230381	ENSP00000375855	0.496	True	False	594.9	618.7	True	True	BOTH_EXPRESSED
RHO	LOX	ENSP00000296271	ENSP00000231004	0.496	True	False	3767.6	1.0	True	True	BOTH_EXPRESSED
RPGR	SDCCAG8	ENSP00000495537	ENSP00000355499	0.496	True	False	11.2	3.4	True	True	BOTH_EXPRESSED
COQ2	ALG5	ENSP00000310873	ENSP00000239891	0.496	True	False	3.7	10.3	True	True	BOTH_EXPRESSED
DHDDS	ABCA4	ENSP00000353104	ENSP00000359245	0.496	True	False	30.3	328.7	True	True	BOTH_EXPRESSED
PRPF8	RNPS1	ENSP00000460348	ENSP00000457723	0.496	True	False	76.4	43.9	True	True	BOTH_EXPRESSED
CEP162	SAXO1	ENSP00000385215	ENSP00000369907	0.496	True	False	2.6	0.2	True	True	BOTH_EXPRESSED
HGSNAT	BLOC1S1	ENSP00000368965	ENSP00000447537	0.496	True	False	12.6	77.5	True	True	BOTH_EXPRESSED
PCARE	AIPL1	ENSP00000332809	ENSP00000370521	0.496	True	True	26.4	775.1	True	True	BOTH_EXPRESSED
SNRNP200	DHX40	ENSP00000317123	ENSP00000251241	0.496	True	False	62.7	19.9	True	True	BOTH_EXPRESSED
HK1	GLUD1	ENSP00000494664	ENSP00000277865	0.496	True	False	141.7	73.4	True	True	BOTH_EXPRESSED
RAX2	CNGB1	ENSP00000450456	ENSP00000251102	0.496	True	True	59.9	557.0	True	True	BOTH_EXPRESSED
IFT172	DNALI1	ENSP00000260570	ENSP00000296218	0.496	True	False	5.3	10.9	True	True	BOTH_EXPRESSED
GUCA1A	PI4KB	ENSP00000053469	ENSP00000357869	0.496	True	False	703.2	43.4	True	True	BOTH_EXPRESSED
TTC8	MKKS	ENSP00000482306	ENSP00000246062	0.496	True	False	34.7	21.1	True	True	BOTH_EXPRESSED
MERTK	STAB2	ENSP00000295408	ENSP00000373539	0.496	True	False	15.4	0.3	True	True	BOTH_EXPRESSED
ARL3	YWHAB	ENSP00000260746	ENSP00000361930	0.496	True	False	89.3	106.4	True	True	BOTH_EXPRESSED
SNRNP200	HNRNPDL	ENSP00000317123	ENSP00000483254	0.496	True	False	62.7	195.0	True	True	BOTH_EXPRESSED
IMPDH1	RPS11	ENSP00000345096	ENSP00000270625	0.496	True	False	98.6	932.7	True	True	BOTH_EXPRESSED
RPE65	STRA6	ENSP00000262340	ENSP00000456609	0.496	True	False	7.8	0.0	True	True	BELOW_THRESHOLD
IDH3B	H6PD	ENSP00000482773	ENSP00000473348	0.496	True	False	42.7	3.9	True	True	BOTH_EXPRESSED
CREB3	BATF	ENSP00000342136	ENSP00000286639	0.495	True	False	21.7	0.0	True	True	BELOW_THRESHOLD
DYNC2H1	ARL13B	ENSP00000497174	ENSP00000377769	0.495	True	False	9.5	16.8	True	True	BOTH_EXPRESSED
PDSS1	PDHA1	ENSP00000365388	ENSP00000369134	0.495	True	False	1.7	20.2	True	True	BOTH_EXPRESSED
IDH3G	GSR	ENSP00000217901	ENSP00000221130	0.495	True	False	22.7	11.8	True	True	BOTH_EXPRESSED
RHO	PYY	ENSP00000296271	ENSP00000353198	0.495	True	False	3767.6	0.8	True	True	BOTH_EXPRESSED
RHO	PHC3	ENSP00000296271	ENSP00000420294	0.495	True	False	3767.6	38.9	True	True	BOTH_EXPRESSED
PDE6G	RGS9BP	ENSP00000328412	ENSP00000334134	0.495	True	False	1904.6	16.1	True	True	BOTH_EXPRESSED
ARL3	YTHDC1	ENSP00000260746	ENSP00000463982	0.495	True	False	89.3	35.7	True	True	BOTH_EXPRESSED
CRX	POU4F1	ENSP00000221996	ENSP00000366413	0.495	True	False	202.2	2.4	True	True	BOTH_EXPRESSED
PRPF31	DHDDS	ENSP00000324122	ENSP00000353104	0.495	True	True	7.6	30.3	True	True	BOTH_EXPRESSED
HGSNAT	OR52E4	ENSP00000368965	ENSP00000493085	0.495	True	False	12.6	0.6	True	True	BOTH_EXPRESSED
IFT140	EVC2	ENSP00000406012	ENSP00000342144	0.495	True	False	5.9	0.3	True	True	BOTH_EXPRESSED
CEP250	ADGRV1	ENSP00000380661	ENSP00000384582	0.495	True	False	9.2	16.8	True	True	BOTH_EXPRESSED
CNGB1	RGS9BP	ENSP00000251102	ENSP00000334134	0.495	True	False	557.0	16.1	True	True	BOTH_EXPRESSED
BEST1	FAM161A	ENSP00000399709	ENSP00000385158	0.495	True	True	6.2	26.9	True	True	BOTH_EXPRESSED
HK1	JUN	ENSP00000494664	ENSP00000360266	0.495	True	False	141.7	27.6	True	True	BOTH_EXPRESSED
IMPDH1	GUK1	ENSP00000345096	ENSP00000355689	0.495	True	False	98.6	36.3	True	True	BOTH_EXPRESSED
BCOR	DOT1L	ENSP00000367705	ENSP00000381657	0.495	True	False	13.1	7.3	True	True	BOTH_EXPRESSED
PDE6B	AIFM1	ENSP00000420295	ENSP00000287295	0.495	True	False	357.2	7.8	True	True	BOTH_EXPRESSED
CC2D2A	SDCCAG8	ENSP00000403465	ENSP00000355499	0.495	True	False	78.4	3.4	True	True	BOTH_EXPRESSED
PRPF8	RSRC1	ENSP00000460348	ENSP00000481697	0.495	True	False	76.4	10.9	True	True	BOTH_EXPRESSED
PRPF8	RPL27	ENSP00000460348	ENSP00000464813	0.495	True	False	76.4	365.7	True	True	BOTH_EXPRESSED
USH2A	LAMC3	ENSP00000305941	ENSP00000354360	0.495	True	False	17.8	0.0	True	True	BELOW_THRESHOLD
USH2A	LAMC1	ENSP00000305941	ENSP00000258341	0.495	True	False	17.8	3.5	True	True	BOTH_EXPRESSED
SAG	EPN1	ENSP00000386444	ENSP00000406209	0.495	True	False	1359.9	8.3	True	True	BOTH_EXPRESSED
PRPF8	DNAJC17	ENSP00000460348	ENSP00000220496	0.495	True	False	76.4	5.0	True	True	BOTH_EXPRESSED
BEST1	RDH5	ENSP00000399709	ENSP00000257895	0.495	True	False	6.2	3.0	True	True	BOTH_EXPRESSED
PRPF8	EPRS1	ENSP00000460348	ENSP00000355890	0.495	True	False	76.4	40.5	True	True	BOTH_EXPRESSED
FSD1L	FKTN	ENSP00000417492	ENSP00000223528	0.495	True	False	40.1	9.3	True	True	BOTH_EXPRESSED
SAG	GUCY2F	ENSP00000386444	ENSP00000218006	0.494	True	False	1359.9	39.1	True	True	BOTH_EXPRESSED
RHO	SLC24A2	ENSP00000296271	ENSP00000344801	0.494	True	False	3767.6	15.2	True	True	BOTH_EXPRESSED
SCLT1	EPS15	ENSP00000281142	ENSP00000360798	0.494	True	False	2.7	19.4	True	True	BOTH_EXPRESSED
RPGR	ARL13B	ENSP00000495537	ENSP00000377769	0.494	True	False	11.2	16.8	True	True	BOTH_EXPRESSED
RP1L1	FRMD7	ENSP00000371923	ENSP00000298542	0.494	True	False	41.0	0.0	True	True	BELOW_THRESHOLD
PRPF8	SPTAN1	ENSP00000460348	ENSP00000487444	0.494	True	False	76.4	99.4	True	True	BOTH_EXPRESSED
AHI1	HBS1L	ENSP00000265602	ENSP00000356811	0.494	True	False	25.2	41.5	True	True	BOTH_EXPRESSED
OFD1	NEK9	ENSP00000344314	ENSP00000238616	0.494	True	False	2.3	15.3	True	True	BOTH_EXPRESSED
FLVCR1	UROS	ENSP00000355938	ENSP00000357787	0.494	True	False	6.3	24.3	True	True	BOTH_EXPRESSED
PRPF6	ARAF	ENSP00000266079	ENSP00000290277	0.494	True	False	33.8	14.3	True	True	BOTH_EXPRESSED
NR2E3	PAX6	ENSP00000482504	ENSP00000492024	0.494	True	False	121.9	63.9	True	True	BOTH_EXPRESSED
PRPF3	TARDBP	ENSP00000315379	ENSP00000240185	0.494	True	False	40.3	110.6	True	True	BOTH_EXPRESSED
BBS1	B9D2	ENSP00000317469	ENSP00000243578	0.494	True	False	19.9	1.1	True	True	BOTH_EXPRESSED
CFAP20	MTR	ENSP00000262498	ENSP00000355536	0.494	True	False	26.4	5.1	True	True	BOTH_EXPRESSED
ARL3	YWHAG	ENSP00000260746	ENSP00000306330	0.494	True	False	89.3	80.8	True	True	BOTH_EXPRESSED
USH2A	SPAG5	ENSP00000305941	ENSP00000323300	0.494	True	False	17.8	10.0	True	True	BOTH_EXPRESSED
HK1	SLC1A2	ENSP00000494664	ENSP00000278379	0.494	True	False	141.7	55.6	True	True	BOTH_EXPRESSED
DHDDS	RCE1	ENSP00000353104	ENSP00000309163	0.494	True	False	30.3	9.3	True	True	BOTH_EXPRESSED
LRAT	ALDH1A1	ENSP00000337224	ENSP00000297785	0.494	True	False	0.9	0.4	True	True	BOTH_EXPRESSED
PRPF8	HEXIM1	ENSP00000460348	ENSP00000328773	0.494	True	False	76.4	8.4	True	True	BOTH_EXPRESSED
CLCC1	STOML2	ENSP00000349456	ENSP00000348886	0.494	True	False	10.5	21.8	True	True	BOTH_EXPRESSED
CNGA1	NFXL1	ENSP00000384264	ENSP00000422037	0.493	True	False	244.8	3.4	True	True	BOTH_EXPRESSED
NR2E3	PROM1	ENSP00000482504	ENSP00000426809	0.493	True	False	121.9	252.8	True	True	BOTH_EXPRESSED
RHO	DYNLL1	ENSP00000296271	ENSP00000376297	0.493	True	False	3767.6	168.0	True	True	BOTH_EXPRESSED
RHO	PTH2R	ENSP00000296271	ENSP00000272847	0.493	True	False	3767.6	15.2	True	True	BOTH_EXPRESSED
TOPORS	NKX3-1	ENSP00000353735	ENSP00000370253	0.493	True	False	10.6	1.5	True	True	BOTH_EXPRESSED
BBS1	TRAF3IP1	ENSP00000317469	ENSP00000362424	0.493	True	False	19.9	6.1	True	True	BOTH_EXPRESSED
TMEM216	IFT46	ENSP00000334844	ENSP00000264020	0.493	True	False	10.8	33.1	True	True	BOTH_EXPRESSED
BCOR	NUTM2B	ENSP00000367705	ENSP00000394623	0.493	True	False	13.1	0.3	True	True	BOTH_EXPRESSED
BBS9	IFT57	ENSP00000242067	ENSP00000264538	0.493	True	False	20.3	22.2	True	True	BOTH_EXPRESSED
ARL3	IFT140	ENSP00000260746	ENSP00000406012	0.493	True	True	89.3	5.9	True	True	BOTH_EXPRESSED
ARL3	YWHAZ	ENSP00000260746	ENSP00000379287	0.493	True	False	89.3	264.2	True	True	BOTH_EXPRESSED
IMPG2	AIPL1	ENSP00000193391	ENSP00000370521	0.493	True	True	282.9	775.1	True	True	BOTH_EXPRESSED
PRPF8	SFPQ	ENSP00000460348	ENSP00000349748	0.493	True	False	76.4	43.9	True	True	BOTH_EXPRESSED
CEP162	PIBF1	ENSP00000385215	ENSP00000317144	0.493	True	False	2.6	9.4	True	True	BOTH_EXPRESSED
RPE65	GRK7	ENSP00000262340	ENSP00000264952	0.493	True	False	7.8	10.4	True	True	BOTH_EXPRESSED
IDH3B	ATP5PD	ENSP00000482773	ENSP00000301587	0.493	True	False	42.7	237.2	True	True	BOTH_EXPRESSED
ZNF408	ZBTB48	ENSP00000309606	ENSP00000366902	0.493	True	False	1.2	6.4	True	True	BOTH_EXPRESSED
SAG	GNAT2	ENSP00000386444	ENSP00000251337	0.493	True	False	1359.9	73.0	True	True	BOTH_EXPRESSED
SAG	CRH	ENSP00000386444	ENSP00000276571	0.493	True	False	1359.9	0.5	True	True	BOTH_EXPRESSED
SLC4A7	CDC42	ENSP00000390394	ENSP00000497733	0.493	True	False	67.5	52.7	True	True	BOTH_EXPRESSED
GUCA1A	ARR3	ENSP00000053469	ENSP00000311538	0.493	True	False	703.2	357.5	True	True	BOTH_EXPRESSED
AHI1	GABRB1	ENSP00000265602	ENSP00000295454	0.493	True	False	25.2	2.3	True	True	BOTH_EXPRESSED
SCLT1	HYLS1	ENSP00000281142	ENSP00000414884	0.492	True	False	2.7	4.0	True	True	BOTH_EXPRESSED
RPE65	GLYATL1	ENSP00000262340	ENSP00000300079	0.492	True	False	7.8	0.2	True	True	BOTH_EXPRESSED
PRPF3	ZCCHC10	ENSP00000315379	ENSP00000423276	0.492	True	False	40.3	14.8	True	True	BOTH_EXPRESSED
ARL6	EFCAB7	ENSP00000419619	ENSP00000360129	0.492	True	False	35.2	8.3	True	True	BOTH_EXPRESSED
AIPL1	GNAT2	ENSP00000370521	ENSP00000251337	0.492	True	False	775.1	73.0	True	True	BOTH_EXPRESSED
PDSS1	NDUFA9	ENSP00000365388	ENSP00000266544	0.492	True	False	1.7	18.6	True	True	BOTH_EXPRESSED
ARL3	SOS2	ENSP00000260746	ENSP00000216373	0.492	True	False	89.3	12.7	True	True	BOTH_EXPRESSED
RAX2	PDE6C	ENSP00000450456	ENSP00000360502	0.492	True	False	59.9	21.4	True	True	BOTH_EXPRESSED
PRPF4	USP4	ENSP00000363313	ENSP00000265560	0.492	True	False	12.1	24.9	True	True	BOTH_EXPRESSED
SAG	PDE6H	ENSP00000386444	ENSP00000266395	0.492	True	False	1359.9	844.1	True	True	BOTH_EXPRESSED
RDH12	ADH7	ENSP00000449079	ENSP00000420269	0.492	True	False	206.6	0.0	True	True	BELOW_THRESHOLD
SAG	CLHC1	ENSP00000386444	ENSP00000384869	0.492	True	False	1359.9	7.1	True	True	BOTH_EXPRESSED
RPGR	CCDC114	ENSP00000495537	ENSP00000318429	0.492	True	False	11.2		True	False	UNKNOWN
RPGR	ASZ1	ENSP00000495537	ENSP00000284629	0.492	True	False	11.2	0.0	True	True	BELOW_THRESHOLD
CRX	MAF	ENSP00000221996	ENSP00000327048	0.492	True	False	202.2	4.3	True	True	BOTH_EXPRESSED
IMPDH1	KCNJ13	ENSP00000345096	ENSP00000233826	0.492	True	False	98.6	12.7	True	True	BOTH_EXPRESSED
IMPDH1	RBM28	ENSP00000345096	ENSP00000223073	0.492	True	False	98.6	9.7	True	True	BOTH_EXPRESSED
CDHR1	RAB28	ENSP00000485478	ENSP00000328551	0.492	True	False	291.2	51.3	True	True	BOTH_EXPRESSED
GNAT1	RDH5	ENSP00000232461	ENSP00000257895	0.492	True	False	1040.7	3.0	True	True	BOTH_EXPRESSED
SNRNP200	SRSF10	ENSP00000317123	ENSP00000420195	0.492	True	False	62.7	43.0	True	True	BOTH_EXPRESSED
OFD1	PKD2	ENSP00000344314	ENSP00000237596	0.492	True	False	2.3	12.9	True	True	BOTH_EXPRESSED
PRPF8	DHX57	ENSP00000460348	ENSP00000405111	0.492	True	False	76.4	7.9	True	True	BOTH_EXPRESSED
IFT172	ZC2HC1C	ENSP00000260570	ENSP00000435550	0.492	True	False	5.3	2.4	True	True	BOTH_EXPRESSED
COQ8B	ADCK1	ENSP00000315118	ENSP00000238561	0.492	True	False	1.2	3.5	True	True	BOTH_EXPRESSED
ZNF408	ZBTB9	ENSP00000309606	ENSP00000378503	0.491	True	False	1.2	1.7	True	True	BOTH_EXPRESSED
SNRNP200	TIRAP	ENSP00000317123	ENSP00000376445	0.491	True	False	62.7	2.8	True	True	BOTH_EXPRESSED
AHI1	ALDH8A1	ENSP00000265602	ENSP00000265605	0.491	True	False	25.2	2.4	True	True	BOTH_EXPRESSED
CREB3	FBXL2	ENSP00000342136	ENSP00000417601	0.491	True	False	21.7	3.9	True	True	BOTH_EXPRESSED
BBS2	RNF2	ENSP00000245157	ENSP00000356480	0.491	True	False	12.0	10.9	True	True	BOTH_EXPRESSED
IFT172	CXorf51A	ENSP00000260570	ENSP00000489806	0.491	True	False	5.3	0.0	True	True	BELOW_THRESHOLD
SAG	CCL21	ENSP00000386444	ENSP00000259607	0.491	True	False	1359.9	0.0	True	True	BELOW_THRESHOLD
RP1L1	CRX	ENSP00000371923	ENSP00000221996	0.491	True	True	41.0	202.2	True	True	BOTH_EXPRESSED
CLN3	LAMP1	ENSP00000454229	ENSP00000333298	0.491	True	False	3.0	33.1	True	True	BOTH_EXPRESSED
CLN3	NPC2	ENSP00000454229	ENSP00000451206	0.491	True	False	3.0	45.0	True	True	BOTH_EXPRESSED
PRPH2	GUCY2F	ENSP00000230381	ENSP00000218006	0.491	True	False	594.9	39.1	True	True	BOTH_EXPRESSED
PRPH2	BCL6	ENSP00000230381	ENSP00000384371	0.491	True	False	594.9	31.7	True	True	BOTH_EXPRESSED
DHX38	NUP93	ENSP00000268482	ENSP00000310668	0.491	True	False	12.3	29.4	True	True	BOTH_EXPRESSED
RPGR	PDC	ENSP00000495537	ENSP00000375855	0.491	True	False	11.2	618.7	True	True	BOTH_EXPRESSED
PRPF4	POLR3F	ENSP00000363313	ENSP00000366828	0.491	True	False	12.1	13.7	True	True	BOTH_EXPRESSED
IDH3G	G6PD	ENSP00000217901	ENSP00000377192	0.491	True	False	22.7	22.5	True	True	BOTH_EXPRESSED
PRPF6	LRTOMT-2	ENSP00000266079	ENSP00000496019	0.491	True	False	33.8		True	False	UNKNOWN
RPE65	KCNJ13	ENSP00000262340	ENSP00000233826	0.491	True	False	7.8	12.7	True	True	BOTH_EXPRESSED
PRPH2	B4E171_HUMAN	ENSP00000230381	ENSP00000417050	0.491	True	False	594.9		True	False	UNKNOWN
MERTK	NCAN	ENSP00000295408	ENSP00000252575	0.491	True	False	15.4	0.7	True	True	BOTH_EXPRESSED
PRPF6	LRMDA	ENSP00000266079	ENSP00000480240	0.491	True	False	33.8	2.2	True	True	BOTH_EXPRESSED
PRPF3	EEF2	ENSP00000315379	ENSP00000307940	0.491	True	False	40.3	208.1	True	True	BOTH_EXPRESSED
INPP5E	IFT122	ENSP00000360777	ENSP00000296266	0.491	True	False	6.9	0.9	True	True	BOTH_EXPRESSED
RHO	IMPDH2	ENSP00000296271	ENSP00000321584	0.491	True	False	3767.6	20.1	True	True	BOTH_EXPRESSED
TOPORS	PROM1	ENSP00000353735	ENSP00000426809	0.491	True	False	10.6	252.8	True	True	BOTH_EXPRESSED
CREB3	FBXL20	ENSP00000342136	ENSP00000264658	0.491	True	False	21.7	7.7	True	True	BOTH_EXPRESSED
SCLT1	MKS1	ENSP00000281142	ENSP00000376827	0.491	True	False	2.7	6.1	True	True	BOTH_EXPRESSED
GNAT1	RGS6	ENSP00000232461	ENSP00000451030	0.491	True	False	1040.7	1.6	True	True	BOTH_EXPRESSED
IFT172	TCTN3	ENSP00000260570	ENSP00000483364	0.491	True	False	5.3	20.6	True	True	BOTH_EXPRESSED
EYS	ZNF408	ENSP00000359655	ENSP00000309606	0.49	True	True	23.1	1.2	True	True	BOTH_EXPRESSED
TOPORS	TDG	ENSP00000353735	ENSP00000376611	0.49	True	False	10.6	9.7	True	True	BOTH_EXPRESSED
POMGNT1	B3GNT2	ENSP00000361060	ENSP00000305595	0.49	True	False	10.1	4.8	True	True	BOTH_EXPRESSED
SLC4A7	SNTG2	ENSP00000390394	ENSP00000311837	0.49	True	False	67.5	1.9	True	True	BOTH_EXPRESSED
DYNC2H1	KIFAP3	ENSP00000497174	ENSP00000354560	0.49	True	False	9.5	52.2	True	True	BOTH_EXPRESSED
RHO	TRPM1	ENSP00000296271	ENSP00000437849	0.49	True	False	3767.6	16.2	True	True	BOTH_EXPRESSED
SAG	NFKBIA	ENSP00000386444	ENSP00000216797	0.49	True	False	1359.9	17.2	True	True	BOTH_EXPRESSED
SAG	GCGR	ENSP00000386444	ENSP00000383558	0.49	True	False	1359.9	0.7	True	True	BOTH_EXPRESSED
MERTK	CSF1	ENSP00000295408	ENSP00000327513	0.49	True	False	15.4	1.4	True	True	BOTH_EXPRESSED
CRX	OPN1LW	ENSP00000221996	ENSP00000358967	0.49	True	False	202.2	237.8	True	True	BOTH_EXPRESSED
PRPH2	GUCA1C	ENSP00000230381	ENSP00000261047	0.49	True	False	594.9	274.8	True	True	BOTH_EXPRESSED
DHX38	DHX40	ENSP00000268482	ENSP00000251241	0.49	True	False	12.3	19.9	True	True	BOTH_EXPRESSED
ZNF408	CEP70	ENSP00000309606	ENSP00000264982	0.49	True	False	1.2	33.1	True	True	BOTH_EXPRESSED
OFD1	CCDC65	ENSP00000344314	ENSP00000312706	0.49	True	False	2.3	6.6	True	True	BOTH_EXPRESSED
OFD1	RPGRIP1	ENSP00000344314	ENSP00000382895	0.49	True	False	2.3	171.2	True	True	BOTH_EXPRESSED
OFD1	CEP128	ENSP00000344314	ENSP00000451162	0.49	True	False	2.3	1.5	True	True	BOTH_EXPRESSED
PRPF8	ZCCHC17	ENSP00000460348	ENSP00000480986	0.49	True	False	76.4	35.1	True	True	BOTH_EXPRESSED
PRPF8	PSMD2	ENSP00000460348	ENSP00000310129	0.49	True	False	76.4	43.5	True	True	BOTH_EXPRESSED
TULP1	IFT140	ENSP00000229771	ENSP00000406012	0.49	True	True	194.3	5.9	True	True	BOTH_EXPRESSED
SAG	RGS7	ENSP00000386444	ENSP00000355523	0.49	True	False	1359.9	3.9	True	True	BOTH_EXPRESSED
TTC8	IFT46	ENSP00000482306	ENSP00000264020	0.49	True	False	34.7	33.1	True	True	BOTH_EXPRESSED
TTC8	ZNF557	ENSP00000482306	ENSP00000252840	0.49	True	False	34.7	1.7	True	True	BOTH_EXPRESSED
KLHL7	FBXL17	ENSP00000343273	ENSP00000437464	0.489	True	False	13.9	18.0	True	True	BOTH_EXPRESSED
SAG	GUCY2D	ENSP00000386444	ENSP00000254854	0.489	True	True	1359.9	31.7	True	True	BOTH_EXPRESSED
PRPF8	PHB	ENSP00000460348	ENSP00000479488	0.489	True	False	76.4		True	False	UNKNOWN
PRPF8	ACTN4	ENSP00000460348	ENSP00000252699	0.489	True	False	76.4	26.0	True	True	BOTH_EXPRESSED
DHX38	NUP133	ENSP00000268482	ENSP00000261396	0.489	True	False	12.3	17.7	True	True	BOTH_EXPRESSED
IMPDH1	RPN1	ENSP00000345096	ENSP00000296255	0.489	True	False	98.6	43.4	True	True	BOTH_EXPRESSED
CDHR1	FOS	ENSP00000485478	ENSP00000306245	0.489	True	False	291.2	216.5	True	True	BOTH_EXPRESSED
PRPF31	CDC40	ENSP00000324122	ENSP00000357928	0.489	True	False	7.6	13.7	True	True	BOTH_EXPRESSED
CEP162	RPGRIP1L	ENSP00000385215	ENSP00000493946	0.489	True	False	2.6	2.6	True	True	BOTH_EXPRESSED
USH2A	BRCA1	ENSP00000305941	ENSP00000418960	0.489	True	False	17.8	6.9	True	True	BOTH_EXPRESSED
COQ8B	NDUFS8	ENSP00000315118	ENSP00000315774	0.489	True	False	1.2	45.9	True	True	BOTH_EXPRESSED
CLN3	ARMC6	ENSP00000454229	ENSP00000444156	0.489	True	False	3.0	7.2	True	True	BOTH_EXPRESSED
IFT172	CEP83	ENSP00000260570	ENSP00000380911	0.489	True	False	5.3	4.4	True	True	BOTH_EXPRESSED
FLVCR1	UROD	ENSP00000355938	ENSP00000246337	0.489	True	False	6.3	22.9	True	True	BOTH_EXPRESSED
CLRN1	TMC1	ENSP00000329158	ENSP00000494684	0.489	True	False	11.8	0.0	True	True	BELOW_THRESHOLD
PDE6B	SEMA4A	ENSP00000420295	ENSP00000357265	0.489	True	False	357.2	1.8	True	True	BOTH_EXPRESSED
SLC24A1	GRM6	ENSP00000261892	ENSP00000497110	0.489	True	False	179.2	39.6	True	True	BOTH_EXPRESSED
POMGNT1	TTN	ENSP00000361060	ENSP00000467141	0.489	True	False	10.1	1.7	True	True	BOTH_EXPRESSED
ARL3	PKD2	ENSP00000260746	ENSP00000237596	0.489	True	False	89.3	12.9	True	True	BOTH_EXPRESSED
IDH3B	PROM1	ENSP00000482773	ENSP00000426809	0.489	True	False	42.7	252.8	True	True	BOTH_EXPRESSED
SNRNP200	HNRNPH3	ENSP00000317123	ENSP00000265866	0.489	True	False	62.7	75.2	True	True	BOTH_EXPRESSED
PRPF8	AP2A2	ENSP00000460348	ENSP00000327694	0.489	True	False	76.4	1.8	True	True	BOTH_EXPRESSED
RLBP1	OPN1MW	ENSP00000268125	ENSP00000472316	0.489	True	False	246.4	12.6	True	True	BOTH_EXPRESSED
NRL	GRK1	ENSP00000454062	ENSP00000334876	0.488	True	False	294.2	39.5	True	True	BOTH_EXPRESSED
CYP4V2	HSD17B7	ENSP00000368079	ENSP00000254521	0.488	True	False	13.1	4.7	True	True	BOTH_EXPRESSED
BBS1	WDR35	ENSP00000317469	ENSP00000314444	0.488	True	False	19.9	11.6	True	True	BOTH_EXPRESSED
SLC4A7	ACTB	ENSP00000390394	ENSP00000494750	0.488	True	False	67.5	452.4	True	True	BOTH_EXPRESSED
RAX2	PDE6H	ENSP00000450456	ENSP00000266395	0.488	True	False	59.9	844.1	True	True	BOTH_EXPRESSED
RLBP1	POU4F2	ENSP00000268125	ENSP00000281321	0.488	True	False	246.4	0.9	True	True	BOTH_EXPRESSED
MVK	MAT1A	ENSP00000228510	ENSP00000361287	0.488	True	False	3.2	0.0	True	True	BELOW_THRESHOLD
SAG	PTEN	ENSP00000386444	ENSP00000361021	0.488	True	False	1359.9	23.1	True	True	BOTH_EXPRESSED
TULP1	RP1L1	ENSP00000229771	ENSP00000371923	0.488	True	True	194.3	41.0	True	True	BOTH_EXPRESSED
CNGB1	LCA5	ENSP00000251102	ENSP00000376686	0.488	True	False	557.0	12.7	True	True	BOTH_EXPRESSED
DYNC2H1	CENPE	ENSP00000497174	ENSP00000265148	0.488	True	False	9.5	0.4	True	True	BOTH_EXPRESSED
CFAP20	TCEA1	ENSP00000262498	ENSP00000428426	0.488	True	False	26.4	43.8	True	True	BOTH_EXPRESSED
USH2A	FAT3	ENSP00000305941	ENSP00000432586	0.488	True	False	17.8	1.2	True	True	BOTH_EXPRESSED
RDH12	RP1L1	ENSP00000449079	ENSP00000371923	0.488	True	True	206.6	41.0	True	True	BOTH_EXPRESSED
COQ8B	PMPCB	ENSP00000315118	ENSP00000249269	0.488	True	False	1.2	19.8	True	True	BOTH_EXPRESSED
IFT140	C8orf37	ENSP00000406012	ENSP00000286688	0.488	True	False	5.9		True	False	UNKNOWN
SAG	RGS11	ENSP00000386444	ENSP00000380876	0.488	True	False	1359.9	8.3	True	True	BOTH_EXPRESSED
BBS2	PKD2	ENSP00000245157	ENSP00000237596	0.488	True	False	12.0	12.9	True	True	BOTH_EXPRESSED
MVK	GALNT2	ENSP00000228510	ENSP00000355632	0.488	True	False	3.2	18.4	True	True	BOTH_EXPRESSED
PRPF8	MYH9	ENSP00000460348	ENSP00000216181	0.488	True	False	76.4	8.4	True	True	BOTH_EXPRESSED
INPP5E	GPR161	ENSP00000360777	ENSP00000441039	0.487	True	False	6.9	1.9	True	True	BOTH_EXPRESSED
PRPF6	SLU7	ENSP00000266079	ENSP00000297151	0.487	True	False	33.8	27.2	True	True	BOTH_EXPRESSED
HK1	PKP1	ENSP00000494664	ENSP00000263946	0.487	True	False	141.7	30.1	True	True	BOTH_EXPRESSED
IDH3B	ATP5PO	ENSP00000482773	ENSP00000290299	0.487	True	False	42.7	203.2	True	True	BOTH_EXPRESSED
BBS9	IFT22	ENSP00000242067	ENSP00000320359	0.487	True	False	20.3	38.4	True	True	BOTH_EXPRESSED
RHO	HSPA4	ENSP00000296271	ENSP00000302961	0.487	True	False	3767.6	85.1	True	True	BOTH_EXPRESSED
RBP3	RDH8	ENSP00000463151	ENSP00000498711	0.487	True	False	504.0	106.2	True	True	BOTH_EXPRESSED
OFD1	ALMS1	ENSP00000344314	ENSP00000482968	0.487	True	False	2.3	8.1	True	True	BOTH_EXPRESSED
PRPF31	CARD14	ENSP00000324122	ENSP00000498071	0.487	True	False	7.6	0.2	True	True	BOTH_EXPRESSED
NR2E3	CEP290	ENSP00000482504	ENSP00000448012	0.487	True	False	121.9	6.6	True	True	BOTH_EXPRESSED
SAG	AKT2	ENSP00000386444	ENSP00000375892	0.487	True	False	1359.9	38.3	True	True	BOTH_EXPRESSED
TTC8	IFT74	ENSP00000482306	ENSP00000404122	0.487	True	False	34.7	13.6	True	True	BOTH_EXPRESSED
DHX38	RANBP2	ENSP00000268482	ENSP00000283195	0.487	True	False	12.3	25.7	True	True	BOTH_EXPRESSED
ZNF408	TSSC4	ENSP00000309606	ENSP00000331087	0.487	True	False	1.2	5.5	True	True	BOTH_EXPRESSED
TULP1	GRK1	ENSP00000229771	ENSP00000334876	0.487	True	False	194.3	39.5	True	True	BOTH_EXPRESSED
KLHL7	PDE6B	ENSP00000343273	ENSP00000420295	0.487	True	True	13.9	357.2	True	True	BOTH_EXPRESSED
IDH3A	PGD	ENSP00000299518	ENSP00000270776	0.487	True	False	23.8	45.5	True	True	BOTH_EXPRESSED
PRPH2	PITPNM3	ENSP00000230381	ENSP00000262483	0.487	True	False	594.9	7.3	True	True	BOTH_EXPRESSED
OFD1	DNAAF1	ENSP00000344314	ENSP00000367815	0.487	True	False	2.3	0.4	True	True	BOTH_EXPRESSED
HK1	SLC16A3	ENSP00000494664	ENSP00000463978	0.487	True	False	141.7	5.3	True	True	BOTH_EXPRESSED
BBS1	RPGRIP1	ENSP00000317469	ENSP00000382895	0.487	True	False	19.9	171.2	True	True	BOTH_EXPRESSED
CRX	CACNA1F	ENSP00000221996	ENSP00000365441	0.487	True	False	202.2	116.2	True	True	BOTH_EXPRESSED
PDE6B	GPS2	ENSP00000420295	ENSP00000379841	0.487	True	False	357.2	11.1	True	True	BOTH_EXPRESSED
ARL3	RAB3IP	ENSP00000260746	ENSP00000447300	0.487	True	False	89.3	82.0	True	True	BOTH_EXPRESSED
BBS9	KIFAP3	ENSP00000242067	ENSP00000354560	0.487	True	False	20.3	52.2	True	True	BOTH_EXPRESSED
IDH3A	PHGDH	ENSP00000299518	ENSP00000493382	0.486	True	False	23.8	6.7	True	True	BOTH_EXPRESSED
TMEM216	INVS	ENSP00000334844	ENSP00000262457	0.486	True	False	10.8	10.9	True	True	BOTH_EXPRESSED
OFD1	CEP152	ENSP00000344314	ENSP00000370337	0.486	True	False	2.3	1.7	True	True	BOTH_EXPRESSED
FLVCR1	SLC25A38	ENSP00000355938	ENSP00000497532	0.486	True	False	6.3	21.3	True	True	BOTH_EXPRESSED
PRPF8	DHX36	ENSP00000460348	ENSP00000417078	0.486	True	False	76.4	15.7	True	True	BOTH_EXPRESSED
BBS2	TCP1	ENSP00000245157	ENSP00000317334	0.486	True	False	12.0	71.1	True	True	BOTH_EXPRESSED
FLVCR1	ABCG2	ENSP00000355938	ENSP00000498246	0.486	True	False	6.3	2.3	True	True	BOTH_EXPRESSED
CYP4V2	RDH12	ENSP00000368079	ENSP00000449079	0.486	True	True	13.1	206.6	True	True	BOTH_EXPRESSED
PDE6G	AIPL1	ENSP00000328412	ENSP00000370521	0.486	True	True	1904.6	775.1	True	True	BOTH_EXPRESSED
BEST1	KCNK2	ENSP00000399709	ENSP00000394033	0.486	True	False	6.2	0.2	True	True	BOTH_EXPRESSED
EYS	CDH23	ENSP00000359655	ENSP00000224721	0.486	True	False	23.1	13.4	True	True	BOTH_EXPRESSED
IDH3G	TXNRD2	ENSP00000217901	ENSP00000383365	0.486	True	False	22.7	4.0	True	True	BOTH_EXPRESSED
IFT140	RANBP2	ENSP00000406012	ENSP00000283195	0.486	True	False	5.9	25.7	True	True	BOTH_EXPRESSED
MAK	RPGR	ENSP00000346484	ENSP00000495537	0.486	True	True	110.1	11.2	True	True	BOTH_EXPRESSED
PRPH2	PDE6H	ENSP00000230381	ENSP00000266395	0.486	True	False	594.9	844.1	True	True	BOTH_EXPRESSED
POMGNT1	MAN2A2	ENSP00000361060	ENSP00000452948	0.486	True	False	10.1	69.5	True	True	BOTH_EXPRESSED
SLC4A7	CAV1	ENSP00000390394	ENSP00000339191	0.486	True	False	67.5	29.1	True	True	BOTH_EXPRESSED
RP1L1	KCNV2	ENSP00000371923	ENSP00000371514	0.486	True	False	41.0	268.2	True	True	BOTH_EXPRESSED
IMPDH1	TKTL2	ENSP00000345096	ENSP00000280605	0.486	True	False	98.6	0.1	True	True	BOTH_EXPRESSED
RHO	SUCLG1	ENSP00000296271	ENSP00000377446	0.485	True	False	3767.6	35.6	True	True	BOTH_EXPRESSED
IDH3B	PC	ENSP00000482773	ENSP00000498994	0.485	True	False	42.7	2.3	True	True	BOTH_EXPRESSED
PDE6G	PROM1	ENSP00000328412	ENSP00000426809	0.485	True	False	1904.6	252.8	True	True	BOTH_EXPRESSED
MERTK	CD47	ENSP00000295408	ENSP00000355361	0.485	True	False	15.4	264.3	True	True	BOTH_EXPRESSED
CNGA1	RPGRIP1	ENSP00000384264	ENSP00000382895	0.485	True	False	244.8	171.2	True	True	BOTH_EXPRESSED
COQ2	FECH	ENSP00000310873	ENSP00000498358	0.485	True	False	3.7	3.1	True	True	BOTH_EXPRESSED
RBP3	AIRE	ENSP00000463151	ENSP00000291582	0.485	True	False	504.0	0.2	True	True	BOTH_EXPRESSED
RBP3	STARD3	ENSP00000463151	ENSP00000337446	0.485	True	False	504.0	3.0	True	True	BOTH_EXPRESSED
COQ5	MRPL51	ENSP00000288532	ENSP00000229238	0.485	True	False	24.3	59.6	True	True	BOTH_EXPRESSED
BBS1	TTC26	ENSP00000317469	ENSP00000419279	0.485	True	False	19.9	4.3	True	True	BOTH_EXPRESSED
CEP162	SPICE1	ENSP00000385215	ENSP00000295872	0.485	True	False	2.6	7.1	True	True	BOTH_EXPRESSED
GNAT1	RLBP1	ENSP00000232461	ENSP00000268125	0.485	True	True	1040.7	246.4	True	True	BOTH_EXPRESSED
PRPF8	RBM5	ENSP00000460348	ENSP00000343054	0.485	True	False	76.4	83.9	True	True	BOTH_EXPRESSED
RLBP1	SERPINF1	ENSP00000268125	ENSP00000254722	0.485	True	False	246.4	56.9	True	True	BOTH_EXPRESSED
RPGR	RSPH1	ENSP00000495537	ENSP00000291536	0.485	True	False	11.2	11.4	True	True	BOTH_EXPRESSED
PRPF8	RALY	ENSP00000460348	ENSP00000246194	0.485	True	False	76.4	51.0	True	True	BOTH_EXPRESSED
COQ8B	ETFDH	ENSP00000315118	ENSP00000426638	0.485	True	False	1.2	7.1	True	True	BOTH_EXPRESSED
SAG	RGS9	ENSP00000386444	ENSP00000262406	0.485	True	False	1359.9	1.2	True	True	BOTH_EXPRESSED
CRX	RXRG	ENSP00000221996	ENSP00000352900	0.485	True	False	202.2	22.5	True	True	BOTH_EXPRESSED
CDHR1	PCARE	ENSP00000485478	ENSP00000332809	0.484	True	True	291.2	26.4	True	True	BOTH_EXPRESSED
PRPF31	GDPD1	ENSP00000324122	ENSP00000284116	0.484	True	False	7.6	5.4	True	True	BOTH_EXPRESSED
MERTK	ZBTB46	ENSP00000295408	ENSP00000378536	0.484	True	False	15.4	3.8	True	True	BOTH_EXPRESSED
CEP162	TMEM17	ENSP00000385215	ENSP00000335094	0.484	True	False	2.6	3.7	True	True	BOTH_EXPRESSED
MERTK	IL6	ENSP00000295408	ENSP00000385675	0.484	True	False	15.4	1.2	True	True	BOTH_EXPRESSED
RHO	GNA13	ENSP00000296271	ENSP00000400717	0.484	True	False	3767.6	15.9	True	True	BOTH_EXPRESSED
BEST1	TYR	ENSP00000399709	ENSP00000263321	0.484	True	False	6.2	0.1	True	True	BOTH_EXPRESSED
EYS	IMPG1	ENSP00000359655	ENSP00000358966	0.484	True	True	23.1	621.3	True	True	BOTH_EXPRESSED
RBP3	ADRA2B	ENSP00000463151	ENSP00000480573	0.484	True	False	504.0	0.0	True	True	BELOW_THRESHOLD
BBS1	RNF2	ENSP00000317469	ENSP00000356480	0.484	True	False	19.9	10.9	True	True	BOTH_EXPRESSED
RHO	SPTB	ENSP00000296271	ENSP00000495909	0.484	True	False	3767.6	1.5	True	True	BOTH_EXPRESSED
OFD1	DNAI1	ENSP00000344314	ENSP00000480538	0.484	True	False	2.3	2.5	True	True	BOTH_EXPRESSED
PRPH2	LCA5	ENSP00000230381	ENSP00000376686	0.484	True	False	594.9	12.7	True	True	BOTH_EXPRESSED
ARL3	MRPL54	ENSP00000260746	ENSP00000331849	0.484	True	False	89.3	35.4	True	True	BOTH_EXPRESSED
CC2D2A	IFT80	ENSP00000403465	ENSP00000312778	0.484	True	False	78.4	23.2	True	True	BOTH_EXPRESSED
SLC37A3	MFSD6	ENSP00000321498	ENSP00000376141	0.484	True	False	10.4	13.8	True	True	BOTH_EXPRESSED
IDH3A	GPI	ENSP00000299518	ENSP00000405573	0.484	True	False	23.8	144.9	True	True	BOTH_EXPRESSED
IDH3A	CYCS	ENSP00000299518	ENSP00000307786	0.484	True	False	23.8	142.6	True	True	BOTH_EXPRESSED
SNRNP200	CDC14A	ENSP00000317123	ENSP00000354916	0.484	True	False	62.7	5.1	True	True	BOTH_EXPRESSED
IFT172	PCM1	ENSP00000260570	ENSP00000327077	0.484	True	False	5.3	52.9	True	True	BOTH_EXPRESSED
SCLT1	CCDC68	ENSP00000281142	ENSP00000466690	0.484	True	False	2.7	0.6	True	True	BOTH_EXPRESSED
SNRNP200	DHX34	ENSP00000317123	ENSP00000331907	0.484	True	False	62.7	2.7	True	True	BOTH_EXPRESSED
IFT140	WDR78	ENSP00000406012	ENSP00000360065	0.483	True	False	5.9		True	False	UNKNOWN
ARL3	WDR19	ENSP00000260746	ENSP00000382717	0.483	True	False	89.3	12.0	True	True	BOTH_EXPRESSED
SLC4A7	SLC12A1	ENSP00000390394	ENSP00000495332	0.483	True	False	67.5	0.2	True	True	BOTH_EXPRESSED
PDE6G	RGS2	ENSP00000328412	ENSP00000235382	0.483	True	False	1904.6	34.2	True	True	BOTH_EXPRESSED
PDE6G	RGS1	ENSP00000328412	ENSP00000356429	0.483	True	False	1904.6	24.6	True	True	BOTH_EXPRESSED
PDE6G	RGS13	ENSP00000328412	ENSP00000442837	0.483	True	False	1904.6	0.0	True	True	BELOW_THRESHOLD
PDE6G	RGS21	ENSP00000328412	ENSP00000428343	0.483	True	False	1904.6	0.0	True	True	BELOW_THRESHOLD
HK1	TUBB2A	ENSP00000494664	ENSP00000369703	0.483	True	False	141.7	46.3	True	True	BOTH_EXPRESSED
PDE6G	RGS3	ENSP00000328412	ENSP00000363255	0.483	True	False	1904.6	9.6	True	True	BOTH_EXPRESSED
ARL6	HADHB	ENSP00000419619	ENSP00000325136	0.483	True	False	35.2	58.4	True	True	BOTH_EXPRESSED
CC2D2A	WDR35	ENSP00000403465	ENSP00000314444	0.483	True	False	78.4	11.6	True	True	BOTH_EXPRESSED
DHX38	NUP43	ENSP00000268482	ENSP00000342262	0.483	True	False	12.3	9.1	True	True	BOTH_EXPRESSED
DHX38	GTF3C5	ENSP00000268482	ENSP00000361180	0.483	True	False	12.3	12.7	True	True	BOTH_EXPRESSED
DHX38	AMBRA1	ENSP00000268482	ENSP00000431926	0.483	True	False	12.3	7.2	True	True	BOTH_EXPRESSED
ARL3	RAB13	ENSP00000260746	ENSP00000357564	0.483	True	False	89.3	9.7	True	True	BOTH_EXPRESSED
PRPF4	CCDC84	ENSP00000363313	ENSP00000334767	0.483	True	False	12.1		True	False	UNKNOWN
USH2A	HMCN1	ENSP00000305941	ENSP00000271588	0.483	True	False	17.8	0.5	True	True	BOTH_EXPRESSED
USH2A	DNAH5	ENSP00000305941	ENSP00000265104	0.483	True	False	17.8	0.0	True	True	BELOW_THRESHOLD
SNRNP200	SEMA4C	ENSP00000317123	ENSP00000306844	0.483	True	False	62.7	6.6	True	True	BOTH_EXPRESSED
COQ8B	WDR73	ENSP00000315118	ENSP00000387982	0.483	True	False	1.2	9.7	True	True	BOTH_EXPRESSED
SNRNP200	ADRM1	ENSP00000317123	ENSP00000478877	0.483	True	False	62.7	11.0	True	True	BOTH_EXPRESSED
SNRNP200	SKIV2L	ENSP00000317123	ENSP00000364543	0.483	True	False	62.7		True	False	UNKNOWN
PRPF4	HFM1	ENSP00000363313	ENSP00000359454	0.483	True	False	12.1	4.2	True	True	BOTH_EXPRESSED
IFT172	NEK1	ENSP00000260570	ENSP00000424757	0.483	True	False	5.3	5.3	True	True	BOTH_EXPRESSED
RLBP1	POU4F1	ENSP00000268125	ENSP00000366413	0.483	True	False	246.4	2.4	True	True	BOTH_EXPRESSED
PRPF8	HNRNPR	ENSP00000460348	ENSP00000363745	0.483	True	False	76.4	37.2	True	True	BOTH_EXPRESSED
SCLT1	CEP63	ENSP00000281142	ENSP00000336524	0.482	True	False	2.7	15.5	True	True	BOTH_EXPRESSED
TOPORS	PIAS2	ENSP00000353735	ENSP00000465676	0.482	True	False	10.6	10.1	True	True	BOTH_EXPRESSED
PRPF8	PRPF39	ENSP00000460348	ENSP00000348010	0.482	True	False	76.4	1.9	True	True	BOTH_EXPRESSED
PRPF8	PROM1	ENSP00000460348	ENSP00000426809	0.482	True	False	76.4	252.8	True	True	BOTH_EXPRESSED
USH2A	TTC8	ENSP00000305941	ENSP00000482306	0.482	True	True	17.8	34.7	True	True	BOTH_EXPRESSED
PRPF8	PPM1G	ENSP00000460348	ENSP00000342778	0.482	True	False	76.4	18.6	True	True	BOTH_EXPRESSED
IDH3B	ITPA	ENSP00000482773	ENSP00000369456	0.482	True	False	42.7	6.4	True	True	BOTH_EXPRESSED
PRPF8	BAG5	ENSP00000460348	ENSP00000338814	0.482	True	False	76.4	17.0	True	True	BOTH_EXPRESSED
KIZ	PLK1	ENSP00000479542	ENSP00000300093	0.482	True	False	18.7	1.1	True	True	BOTH_EXPRESSED
RHO	VSNL1	ENSP00000296271	ENSP00000384719	0.482	True	False	3767.6	17.2	True	True	BOTH_EXPRESSED
RHO	ADORA2A	ENSP00000296271	ENSP00000480012	0.482	True	False	3767.6	1.9	True	True	BOTH_EXPRESSED
DHX38	USP10	ENSP00000268482	ENSP00000457411	0.482	True	False	12.3	48.6	True	True	BOTH_EXPRESSED
DHX38	EIF4A2	ENSP00000268482	ENSP00000326381	0.482	True	False	12.3	287.4	True	True	BOTH_EXPRESSED
PRPF31	DDX3X	ENSP00000324122	ENSP00000494040	0.482	True	False	7.6	75.6	True	True	BOTH_EXPRESSED
CDHR1	PDE6C	ENSP00000485478	ENSP00000360502	0.482	True	False	291.2	21.4	True	True	BOTH_EXPRESSED
RDH12	PLAAT1	ENSP00000449079	ENSP00000498228	0.482	True	False	206.6	8.3	True	True	BOTH_EXPRESSED
PRPH2	CACNA1F	ENSP00000230381	ENSP00000365441	0.482	True	False	594.9	116.2	True	True	BOTH_EXPRESSED
AHI1	ODF2	ENSP00000265602	ENSP00000403453	0.482	True	False	25.2	9.0	True	True	BOTH_EXPRESSED
PCARE	RPGRIP1	ENSP00000332809	ENSP00000382895	0.482	True	False	26.4	171.2	True	True	BOTH_EXPRESSED
IDH3G	MDH1B	ENSP00000217901	ENSP00000363533	0.482	True	False	22.7	7.9	True	True	BOTH_EXPRESSED
REEP6	NR2E3	ENSP00000233596	ENSP00000482504	0.482	True	True	87.4	121.9	True	True	BOTH_EXPRESSED
COQ2	HSPD1	ENSP00000310873	ENSP00000340019	0.482	True	False	3.7	66.7	True	True	BOTH_EXPRESSED
IDH3A	ME2	ENSP00000299518	ENSP00000321070	0.482	True	False	23.8	13.5	True	True	BOTH_EXPRESSED
DYNC2H1	DCAF10	ENSP00000497174	ENSP00000366953	0.482	True	False	9.5	6.6	True	True	BOTH_EXPRESSED
TTC8	LEO1	ENSP00000482306	ENSP00000299601	0.482	True	False	34.7	11.1	True	True	BOTH_EXPRESSED
AIPL1	FSCN2	ENSP00000370521	ENSP00000334665	0.481	True	False	775.1	8.1	True	True	BOTH_EXPRESSED
AIPL1	UBA6	ENSP00000370521	ENSP00000313454	0.481	True	False	775.1	13.3	True	True	BOTH_EXPRESSED
IFT140	OFD1	ENSP00000406012	ENSP00000344314	0.481	True	True	5.9	2.3	True	True	BOTH_EXPRESSED
RPGR	DNAAF5	ENSP00000495537	ENSP00000297440	0.481	True	False	11.2	3.7	True	True	BOTH_EXPRESSED
COQ8B	ARHGDIA	ENSP00000315118	ENSP00000463939	0.481	True	False	1.2	13.5	True	True	BOTH_EXPRESSED
SAG	TAC1	ENSP00000386444	ENSP00000321106	0.481	True	False	1359.9	3.2	True	True	BOTH_EXPRESSED
IDH3A	ENO3	ENSP00000299518	ENSP00000324105	0.481	True	False	23.8	4.7	True	True	BOTH_EXPRESSED
CFAP410	TCTEX1D2	ENSP00000381047	ENSP00000324323	0.481	True	False	9.2		True	False	UNKNOWN
PRCD	RLBP1	ENSP00000467661	ENSP00000268125	0.481	True	True	44.6	246.4	True	True	BOTH_EXPRESSED
BBS9	TCP1	ENSP00000242067	ENSP00000317334	0.481	True	False	20.3	71.1	True	True	BOTH_EXPRESSED
CDHR1	TULP1	ENSP00000485478	ENSP00000229771	0.481	True	True	291.2	194.3	True	True	BOTH_EXPRESSED
ARL3	INVS	ENSP00000260746	ENSP00000262457	0.481	True	False	89.3	10.9	True	True	BOTH_EXPRESSED
RP1L1	FSCN2	ENSP00000371923	ENSP00000334665	0.481	True	False	41.0	8.1	True	True	BOTH_EXPRESSED
SCLT1	CEP78	ENSP00000281142	ENSP00000365782	0.481	True	False	2.7	8.6	True	True	BOTH_EXPRESSED
RLBP1	FSCN2	ENSP00000268125	ENSP00000334665	0.481	True	False	246.4	8.1	True	True	BOTH_EXPRESSED
MVK	ACLY	ENSP00000228510	ENSP00000466259	0.481	True	False	3.2	21.5	True	True	BOTH_EXPRESSED
PRPF6	ZNHIT2	ENSP00000266079	ENSP00000308548	0.481	True	False	33.8	0.8	True	True	BOTH_EXPRESSED
BEST1	CNGA3	ENSP00000399709	ENSP00000272602	0.481	True	False	6.2	5.4	True	True	BOTH_EXPRESSED
IMPDH1	POLR1B	ENSP00000345096	ENSP00000444136	0.481	True	False	98.6	4.7	True	True	BOTH_EXPRESSED
MERTK	AIF1	ENSP00000295408	ENSP00000365227	0.481	True	False	15.4	3.6	True	True	BOTH_EXPRESSED
BBS9	KLHL40	ENSP00000242067	ENSP00000287777	0.481	True	False	20.3	0.1	True	True	BOTH_EXPRESSED
AHI1	MCPH1	ENSP00000265602	ENSP00000342924	0.481	True	False	25.2	4.2	True	True	BOTH_EXPRESSED
PRPF8	HNRNPA0	ENSP00000460348	ENSP00000316042	0.481	True	False	76.4	10.1	True	True	BOTH_EXPRESSED
CNGB1	C8orf37	ENSP00000251102	ENSP00000286688	0.481	True	False	557.0		True	False	UNKNOWN
DYNC2H1	WDR78	ENSP00000497174	ENSP00000360065	0.48	True	False	9.5		True	False	UNKNOWN
USH2A	FSCN2	ENSP00000305941	ENSP00000334665	0.48	True	False	17.8	8.1	True	True	BOTH_EXPRESSED
USH2A	SPATA7	ENSP00000305941	ENSP00000377176	0.48	True	True	17.8	9.4	True	True	BOTH_EXPRESSED
PDE6G	C8orf37	ENSP00000328412	ENSP00000286688	0.48	True	False	1904.6		True	False	UNKNOWN
IDH3B	PSMF1	ENSP00000482773	ENSP00000338039	0.48	True	False	42.7	30.5	True	True	BOTH_EXPRESSED
USH2A	PKHD1L1	ENSP00000305941	ENSP00000367655	0.48	True	False	17.8	0.0	True	True	BELOW_THRESHOLD
RHO	NCS1	ENSP00000296271	ENSP00000361475	0.48	True	False	3767.6	7.9	True	True	BOTH_EXPRESSED
TBC1D32	ANKS6	ENSP00000381270	ENSP00000297837	0.48	True	False	6.9	2.1	True	True	BOTH_EXPRESSED
LRAT	RARA	ENSP00000337224	ENSP00000254066	0.48	True	False	0.9	17.0	True	True	BOTH_EXPRESSED
DHX38	DDX20	ENSP00000268482	ENSP00000358716	0.48	True	False	12.3	0.7	True	True	BOTH_EXPRESSED
LRAT	RARG	ENSP00000337224	ENSP00000388510	0.48	True	False	0.9	3.6	True	True	BOTH_EXPRESSED
PRPF31	RLBP1	ENSP00000324122	ENSP00000268125	0.48	True	True	7.6	246.4	True	True	BOTH_EXPRESSED
OFD1	HYLS1	ENSP00000344314	ENSP00000414884	0.48	True	False	2.3	4.0	True	True	BOTH_EXPRESSED
DHX38	NUP85	ENSP00000268482	ENSP00000245544	0.48	True	False	12.3	10.4	True	True	BOTH_EXPRESSED
DHDDS	PDE6A	ENSP00000353104	ENSP00000255266	0.48	True	True	30.3	1001.0	True	True	BOTH_EXPRESSED
CC2D2A	KIAA0556	ENSP00000403465	ENSP00000261588	0.48	True	False	78.4		True	False	UNKNOWN
PDE6B	PAX4	ENSP00000420295	ENSP00000368014	0.48	True	False	357.2	0.0	True	True	BELOW_THRESHOLD
ARL3	RAB6A	ENSP00000260746	ENSP00000311449	0.48	True	False	89.3	51.9	True	True	BOTH_EXPRESSED
RAX2	TTLL10	ENSP00000450456	ENSP00000368592	0.48	True	False	59.9	0.0	True	True	BELOW_THRESHOLD
RAX2	CFHR3	ENSP00000450456	ENSP00000356395	0.48	True	False	59.9	0.0	True	True	BELOW_THRESHOLD
NRL	GRK7	ENSP00000454062	ENSP00000264952	0.48	True	False	294.2	10.4	True	True	BOTH_EXPRESSED
COQ2	CD2AP	ENSP00000310873	ENSP00000352264	0.48	True	False	3.7	6.4	True	True	BOTH_EXPRESSED
CLRN1	RPGR	ENSP00000329158	ENSP00000495537	0.48	True	True	11.8	11.2	True	True	BOTH_EXPRESSED
ARL3	TP53I13	ENSP00000260746	ENSP00000301057	0.48	True	False	89.3	1.4	True	True	BOTH_EXPRESSED
CEP250	PCDH15	ENSP00000380661	ENSP00000363068	0.48	True	False	9.2	57.2	True	True	BOTH_EXPRESSED
PRPF3	HTN3	ENSP00000315379	ENSP00000432561	0.48	True	False	40.3	0.6	True	True	BOTH_EXPRESSED
BBS9	CLUAP1	ENSP00000242067	ENSP00000344392	0.48	True	False	20.3	26.7	True	True	BOTH_EXPRESSED
MERTK	VTN	ENSP00000295408	ENSP00000226218	0.48	True	False	15.4	44.0	True	True	BOTH_EXPRESSED
MERTK	CA4	ENSP00000295408	ENSP00000300900	0.48	True	False	15.4	0.0	True	True	BELOW_THRESHOLD
INPP5E	BBS7	ENSP00000360777	ENSP00000264499	0.48	True	False	6.9	52.4	True	True	BOTH_EXPRESSED
INPP5E	BBS10	ENSP00000360777	ENSP00000497413	0.48	True	False	6.9	10.5	True	True	BOTH_EXPRESSED
CDHR1	TTLL5	ENSP00000485478	ENSP00000298832	0.48	True	False	291.2	22.2	True	True	BOTH_EXPRESSED
CFAP410	UBQLN2	ENSP00000381047	ENSP00000345195	0.479	True	False	9.2	20.6	True	True	BOTH_EXPRESSED
HK1	HAND1	ENSP00000494664	ENSP00000231121	0.479	True	False	141.7	0.0	True	True	BELOW_THRESHOLD
AIPL1	OTX2	ENSP00000370521	ENSP00000500595	0.479	True	False	775.1	259.6	True	True	BOTH_EXPRESSED
RDH12	CLRN1	ENSP00000449079	ENSP00000329158	0.479	True	True	206.6	11.8	True	True	BOTH_EXPRESSED
ARL3	TULP3	ENSP00000260746	ENSP00000380321	0.479	True	False	89.3	11.7	True	True	BOTH_EXPRESSED
PRPF31	SFTA3	ENSP00000324122	ENSP00000428331	0.479	True	False	7.6		True	False	UNKNOWN
AIPL1	PRPF31	ENSP00000370521	ENSP00000324122	0.479	True	True	775.1	7.6	True	True	BOTH_EXPRESSED
EYS	SLC24A1	ENSP00000359655	ENSP00000261892	0.479	True	True	23.1	179.2	True	True	BOTH_EXPRESSED
BBS1	WNT11	ENSP00000317469	ENSP00000325526	0.479	True	False	19.9	0.2	True	True	BOTH_EXPRESSED
PRCD	LRAT	ENSP00000467661	ENSP00000337224	0.479	True	True	44.6	0.9	True	True	BOTH_EXPRESSED
PRPF31	PQBP1	ENSP00000324122	ENSP00000498362	0.479	True	False	7.6	25.2	True	True	BOTH_EXPRESSED
DHX38	ZNF384	ENSP00000268482	ENSP00000380019	0.479	True	False	12.3	27.6	True	True	BOTH_EXPRESSED
PRPF8	H4C6	ENSP00000460348	ENSP00000244537	0.479	True	False	76.4	0.0	True	True	BELOW_THRESHOLD
GNAT1	CABP5	ENSP00000232461	ENSP00000293255	0.479	True	False	1040.7	360.1	True	True	BOTH_EXPRESSED
GNAT1	GUCA1C	ENSP00000232461	ENSP00000261047	0.479	True	False	1040.7	274.8	True	True	BOTH_EXPRESSED
BBS2	RPGR	ENSP00000245157	ENSP00000495537	0.479	True	True	12.0	11.2	True	True	BOTH_EXPRESSED
PRPF8	RPL19	ENSP00000460348	ENSP00000225430	0.479	True	False	76.4	355.9	True	True	BOTH_EXPRESSED
SAG	ADGRL3	ENSP00000386444	ENSP00000422533	0.479	True	False	1359.9	9.2	True	True	BOTH_EXPRESSED
SAG	PDE6B	ENSP00000386444	ENSP00000420295	0.479	True	True	1359.9	357.2	True	True	BOTH_EXPRESSED
USH2A	BRCA2	ENSP00000305941	ENSP00000369497	0.479	True	False	17.8	0.0	True	True	BELOW_THRESHOLD
USH2A	RPL5	ENSP00000305941	ENSP00000359345	0.479	True	False	17.8	321.1	True	True	BOTH_EXPRESSED
USH2A	LAMB3	ENSP00000305941	ENSP00000375778	0.479	True	False	17.8	0.2	True	True	BOTH_EXPRESSED
NRL	PDE6H	ENSP00000454062	ENSP00000266395	0.479	True	False	294.2	844.1	True	True	BOTH_EXPRESSED
PDE6B	GPR179	ENSP00000420295	ENSP00000483469	0.479	True	False	357.2	12.8	True	True	BOTH_EXPRESSED
COQ2	ACTN4	ENSP00000310873	ENSP00000252699	0.479	True	False	3.7	26.0	True	True	BOTH_EXPRESSED
COQ2	WDR73	ENSP00000310873	ENSP00000387982	0.479	True	False	3.7	9.7	True	True	BOTH_EXPRESSED
RAX2	POC1B	ENSP00000450456	ENSP00000323302	0.479	True	False	59.9	5.1	True	True	BOTH_EXPRESSED
UBAP1L	TVP23C	ENSP00000454012	ENSP00000225576	0.479	True	False	24.5	3.8	True	True	BOTH_EXPRESSED
TTC8	RFX1	ENSP00000482306	ENSP00000254325	0.479	True	False	34.7	1.0	True	True	BOTH_EXPRESSED
CLN3	TFEB	ENSP00000454229	ENSP00000351742	0.479	True	False	3.0	2.1	True	True	BOTH_EXPRESSED
C19orf44	ZNF440	ENSP00000221671	ENSP00000305373	0.479	True	False	3.4	6.6	True	True	BOTH_EXPRESSED
CLN3	SWI5	ENSP00000454229	ENSP00000316609	0.479	True	False	3.0	20.1	True	True	BOTH_EXPRESSED
CLN3	FLI1	ENSP00000454229	ENSP00000433488	0.479	True	False	3.0	0.7	True	True	BOTH_EXPRESSED
PDSS1	HMGCS2	ENSP00000365388	ENSP00000358414	0.479	True	False	1.7	0.0	True	True	BELOW_THRESHOLD
RP1L1	GUCA1B	ENSP00000371923	ENSP00000230361	0.479	True	False	41.0	432.4	True	True	BOTH_EXPRESSED
OFD1	STIL	ENSP00000344314	ENSP00000360944	0.479	True	False	2.3	0.9	True	True	BOTH_EXPRESSED
PRPF8	SND1	ENSP00000460348	ENSP00000346762	0.478	True	False	76.4	29.8	True	True	BOTH_EXPRESSED
PRPF3	ELAVL4	ENSP00000315379	ENSP00000349594	0.478	True	False	40.3	3.6	True	True	BOTH_EXPRESSED
PRPF3	PRH2	ENSP00000315379	ENSP00000379682	0.478	True	False	40.3	0.5	True	True	BOTH_EXPRESSED
MERTK	PITPNC1	ENSP00000295408	ENSP00000464006	0.478	True	False	15.4	14.0	True	True	BOTH_EXPRESSED
PRPF6	IMPG2	ENSP00000266079	ENSP00000193391	0.478	True	True	33.8	282.9	True	True	BOTH_EXPRESSED
CEP250	UQCC1	ENSP00000380661	ENSP00000363506	0.478	True	False	9.2	27.5	True	True	BOTH_EXPRESSED
RDH12	STRA6	ENSP00000449079	ENSP00000456609	0.478	True	False	206.6	0.0	True	True	BELOW_THRESHOLD
CDHR1	NRL	ENSP00000485478	ENSP00000454062	0.478	True	True	291.2	294.2	True	True	BOTH_EXPRESSED
CEP250	SPATA3	ENSP00000380661	ENSP00000388895	0.478	True	False	9.2	0.2	True	True	BOTH_EXPRESSED
DHX38	HTATSF1	ENSP00000268482	ENSP00000442699	0.478	True	False	12.3	52.0	True	True	BOTH_EXPRESSED
DHX38	POM121	ENSP00000268482	ENSP00000378687	0.478	True	False	12.3	19.8	True	True	BOTH_EXPRESSED
GUCY2D	KCNJ13	ENSP00000254854	ENSP00000233826	0.478	True	False	31.7	12.7	True	True	BOTH_EXPRESSED
PCARE	BBS4	ENSP00000332809	ENSP00000268057	0.478	True	False	26.4	42.0	True	True	BOTH_EXPRESSED
CLCC1	AKNAD1	ENSP00000349456	ENSP00000359018	0.478	True	False	10.5	0.0	True	True	BELOW_THRESHOLD
NR2E3	POU4F2	ENSP00000482504	ENSP00000281321	0.478	True	False	121.9	0.9	True	True	BOTH_EXPRESSED
PRPF3	RNPC3	ENSP00000315379	ENSP00000432886	0.478	True	False	40.3	58.9	True	True	BOTH_EXPRESSED
SLC7A14	SLC7A13	ENSP00000231706	ENSP00000297524	0.478	True	False	5.7	0.0	True	True	BELOW_THRESHOLD
MVK	DOC2A	ENSP00000228510	ENSP00000482870	0.478	True	False	3.2	1.0	True	True	BOTH_EXPRESSED
NR2E3	GUCA1C	ENSP00000482504	ENSP00000261047	0.478	True	False	121.9	274.8	True	True	BOTH_EXPRESSED
RPGR	RND1	ENSP00000495537	ENSP00000308461	0.478	True	False	11.2	1.6	True	True	BOTH_EXPRESSED
SNRNP200	RBM5	ENSP00000317123	ENSP00000343054	0.478	True	False	62.7	83.9	True	True	BOTH_EXPRESSED
POMGNT1	CXorf66	ENSP00000361060	ENSP00000359571	0.478	True	False	10.1	0.0	True	True	BELOW_THRESHOLD
SLC4A7	FAM169A	ENSP00000390394	ENSP00000373808	0.478	True	False	67.5	72.5	True	True	BOTH_EXPRESSED
SNRNP200	CHD4	ENSP00000317123	ENSP00000440542	0.478	True	False	62.7	41.7	True	True	BOTH_EXPRESSED
HK1	FASN	ENSP00000494664	ENSP00000304592	0.477	True	False	141.7	4.0	True	True	BOTH_EXPRESSED
RCBTB1	ACTR8	ENSP00000367552	ENSP00000336842	0.477	True	False	45.9	7.1	True	True	BOTH_EXPRESSED
DYNC2H1	BBS7	ENSP00000497174	ENSP00000264499	0.477	True	False	9.5	52.4	True	True	BOTH_EXPRESSED
USH2A	DHDDS	ENSP00000305941	ENSP00000353104	0.477	True	True	17.8	30.3	True	True	BOTH_EXPRESSED
PRPF8	RPS27L	ENSP00000460348	ENSP00000331019	0.477	True	False	76.4	29.4	True	True	BOTH_EXPRESSED
IMPDH1	MTAP	ENSP00000345096	ENSP00000494373	0.477	True	False	98.6	3.5	True	True	BOTH_EXPRESSED
IMPDH1	CABP4	ENSP00000345096	ENSP00000324960	0.477	True	False	98.6	63.1	True	True	BOTH_EXPRESSED
RLBP1	IMPG2	ENSP00000268125	ENSP00000193391	0.477	True	True	246.4	282.9	True	True	BOTH_EXPRESSED
AGBL5	CLP1	ENSP00000353249	ENSP00000434995	0.477	True	False	15.1	3.0	True	True	BOTH_EXPRESSED
IDH3A	PFKP	ENSP00000299518	ENSP00000370517	0.477	True	False	23.8	250.0	True	True	BOTH_EXPRESSED
BBS1	KIF3B	ENSP00000317469	ENSP00000364864	0.477	True	False	19.9	28.6	True	True	BOTH_EXPRESSED
RHO	RIC8B	ENSP00000296271	ENSP00000376582	0.477	True	False	3767.6	11.7	True	True	BOTH_EXPRESSED
ARL6	GBF1	ENSP00000419619	ENSP00000359000	0.477	True	False	35.2	17.6	True	True	BOTH_EXPRESSED
UBAP1L	TVP23C-CDRT4	ENSP00000454012	ENSP00000429865	0.477	True	False	24.5	13.1	True	True	BOTH_EXPRESSED
SNRNP200	UHMK1	ENSP00000317123	ENSP00000420270	0.477	True	False	62.7	9.7	True	True	BOTH_EXPRESSED
TTC8	IFT122	ENSP00000482306	ENSP00000296266	0.477	True	False	34.7	0.9	True	True	BOTH_EXPRESSED
IDH3A	H7C0C1_HUMAN	ENSP00000299518	ENSP00000394107	0.477	True	False	23.8		True	False	UNKNOWN
IFT172	KIFAP3	ENSP00000260570	ENSP00000354560	0.477	True	False	5.3	52.2	True	True	BOTH_EXPRESSED
DHX38	NUP107	ENSP00000268482	ENSP00000229179	0.477	True	False	12.3	13.6	True	True	BOTH_EXPRESSED
DHX38	USP39	ENSP00000268482	ENSP00000312981	0.477	True	False	12.3	20.4	True	True	BOTH_EXPRESSED
DHX38	TPR	ENSP00000268482	ENSP00000356448	0.477	True	False	12.3	18.4	True	True	BOTH_EXPRESSED
SLC24A1	GUCA1B	ENSP00000261892	ENSP00000230361	0.477	True	False	179.2	432.4	True	True	BOTH_EXPRESSED
OFD1	PKHD1	ENSP00000344314	ENSP00000360158	0.477	True	False	2.3	1.4	True	True	BOTH_EXPRESSED
CNGB1	GNB3	ENSP00000251102	ENSP00000229264	0.477	True	False	557.0	396.1	True	True	BOTH_EXPRESSED
AHI1	BBS10	ENSP00000265602	ENSP00000497413	0.477	True	False	25.2	10.5	True	True	BOTH_EXPRESSED
CEP250	TMEM82	ENSP00000380661	ENSP00000364938	0.476	True	False	9.2	0.0	True	True	BELOW_THRESHOLD
SCLT1	IFT52	ENSP00000281142	ENSP00000362121	0.476	True	False	2.7	14.0	True	True	BOTH_EXPRESSED
DHDDS	RPGR	ENSP00000353104	ENSP00000495537	0.476	True	True	30.3	11.2	True	True	BOTH_EXPRESSED
PRPF31	RNPC3	ENSP00000324122	ENSP00000432886	0.476	True	False	7.6	58.9	True	True	BOTH_EXPRESSED
CDHR1	TTLL10	ENSP00000485478	ENSP00000368592	0.476	True	False	291.2	0.0	True	True	BELOW_THRESHOLD
BBS1	ARF4	ENSP00000317469	ENSP00000306010	0.476	True	False	19.9	50.0	True	True	BOTH_EXPRESSED
RPGR	OPN1MW	ENSP00000495537	ENSP00000472316	0.476	True	False	11.2	12.6	True	True	BOTH_EXPRESSED
CLN3	DDOST	ENSP00000454229	ENSP00000399457	0.476	True	False	3.0	39.0	True	True	BOTH_EXPRESSED
PRPF4	BCAS2	ENSP00000363313	ENSP00000358554	0.476	True	False	12.1	37.4	True	True	BOTH_EXPRESSED
RP1L1	EVC2	ENSP00000371923	ENSP00000342144	0.476	True	False	41.0	0.3	True	True	BOTH_EXPRESSED
RP1L1	HPS5	ENSP00000371923	ENSP00000265967	0.476	True	False	41.0	8.2	True	True	BOTH_EXPRESSED
RHO	DNM1	ENSP00000296271	ENSP00000362014	0.476	True	False	3767.6	73.8	True	True	BOTH_EXPRESSED
RHO	CALB2	ENSP00000296271	ENSP00000307508	0.476	True	False	3767.6	21.9	True	True	BOTH_EXPRESSED
IDH3G	PFKP	ENSP00000217901	ENSP00000370517	0.476	True	False	22.7	250.0	True	True	BOTH_EXPRESSED
IDH3G	COQ9	ENSP00000217901	ENSP00000262507	0.476	True	False	22.7	10.9	True	True	BOTH_EXPRESSED
BEST1	OTX1	ENSP00000399709	ENSP00000355631	0.476	True	False	6.2	0.0	True	True	BELOW_THRESHOLD
FLVCR1	ALAD	ENSP00000355938	ENSP00000386284	0.476	True	False	6.3	17.6	True	True	BOTH_EXPRESSED
COQ2	PMPCB	ENSP00000310873	ENSP00000249269	0.476	True	False	3.7	19.8	True	True	BOTH_EXPRESSED
NRL	FOSB	ENSP00000454062	ENSP00000245919	0.476	True	False	294.2	10.0	True	True	BOTH_EXPRESSED
BBS2	RFX1	ENSP00000245157	ENSP00000254325	0.476	True	False	12.0	1.0	True	True	BOTH_EXPRESSED
IDH3B	NDUFS8	ENSP00000482773	ENSP00000315774	0.476	True	False	42.7	45.9	True	True	BOTH_EXPRESSED
NR2E3	NXNL1	ENSP00000482504	ENSP00000305631	0.476	True	False	121.9	59.7	True	True	BOTH_EXPRESSED
COQ2	HDDC3	ENSP00000310873	ENSP00000377814	0.476	True	False	3.7	6.6	True	True	BOTH_EXPRESSED
SNRNP200	IARS1	ENSP00000317123	ENSP00000364794	0.476	True	False	62.7	14.7	True	True	BOTH_EXPRESSED
TMEM216	DDX59	ENSP00000334844	ENSP00000330460	0.476	True	False	10.8	16.1	True	True	BOTH_EXPRESSED
RHO	ASIP	ENSP00000296271	ENSP00000454804	0.475	True	False	3767.6	0.3	True	True	BOTH_EXPRESSED
LRAT	SLC27A1	ENSP00000337224	ENSP00000252595	0.475	True	False	0.9	3.8	True	True	BOTH_EXPRESSED
PRCD	USH2A	ENSP00000467661	ENSP00000305941	0.475	True	True	44.6	17.8	True	True	BOTH_EXPRESSED
RHO	CASR	ENSP00000296271	ENSP00000420194	0.475	True	False	3767.6	1.0	True	True	BOTH_EXPRESSED
GUCA1A	PDC	ENSP00000053469	ENSP00000375855	0.475	True	False	703.2	618.7	True	True	BOTH_EXPRESSED
SNRNP200	PROM1	ENSP00000317123	ENSP00000426809	0.475	True	False	62.7	252.8	True	True	BOTH_EXPRESSED
BCOR	FBRS	ENSP00000367705	ENSP00000348489	0.475	True	False	13.1	6.1	True	True	BOTH_EXPRESSED
MVK	LIPG	ENSP00000228510	ENSP00000261292	0.475	True	False	3.2	4.6	True	True	BOTH_EXPRESSED
TMEM216	IFT80	ENSP00000334844	ENSP00000312778	0.475	True	False	10.8	23.2	True	True	BOTH_EXPRESSED
RP2	SLC44A2	ENSP00000218340	ENSP00000466664	0.475	True	False	3.9	26.9	True	True	BOTH_EXPRESSED
RHO	TAS2R38	ENSP00000296271	ENSP00000448219	0.475	True	False	3767.6	0.0	True	True	BELOW_THRESHOLD
AHI1	CC2D2B	ENSP00000265602	ENSP00000386988	0.475	True	False	25.2	2.5	True	True	BOTH_EXPRESSED
CDHR1	PCDH15	ENSP00000485478	ENSP00000363068	0.475	True	False	291.2	57.2	True	True	BOTH_EXPRESSED
FAM161A	RP9	ENSP00000385158	ENSP00000297157	0.475	True	False	26.9	14.0	True	True	BOTH_EXPRESSED
GUCA1A	CNGB3	ENSP00000053469	ENSP00000316605	0.475	True	False	703.2	11.6	True	True	BOTH_EXPRESSED
SLC24A1	GNB3	ENSP00000261892	ENSP00000229264	0.475	True	False	179.2	396.1	True	True	BOTH_EXPRESSED
IDH3G	NDUFA8	ENSP00000217901	ENSP00000362873	0.475	True	False	22.7	66.7	True	True	BOTH_EXPRESSED
SLC24A1	GNGT2	ENSP00000261892	ENSP00000421710	0.475	True	False	179.2	145.5	True	True	BOTH_EXPRESSED
HGSNAT	HOOK3	ENSP00000368965	ENSP00000305699	0.475	True	False	12.6	6.4	True	True	BOTH_EXPRESSED
RHO	ATXN7-2	ENSP00000296271	ENSP00000439585	0.475	True	False	3767.6		True	False	UNKNOWN
IDH3B	PFKM	ENSP00000482773	ENSP00000496597	0.475	True	False	42.7	79.2	True	True	BOTH_EXPRESSED
COQ8B	MYO1E	ENSP00000315118	ENSP00000288235	0.475	True	False	1.2	9.2	True	True	BOTH_EXPRESSED
USH2A	TMEM129	ENSP00000305941	ENSP00000372394	0.475	True	False	17.8	6.0	True	True	BOTH_EXPRESSED
ARL2BP	TOMM22	ENSP00000219204	ENSP00000216034	0.475	True	False	34.8	8.0	True	True	BOTH_EXPRESSED
DHX38	PDCD11	ENSP00000268482	ENSP00000358812	0.475	True	False	12.3	5.7	True	True	BOTH_EXPRESSED
CNGA1	RGS9BP	ENSP00000384264	ENSP00000334134	0.475	True	False	244.8	16.1	True	True	BOTH_EXPRESSED
IDH3A	CLPP	ENSP00000299518	ENSP00000245816	0.475	True	False	23.8	14.5	True	True	BOTH_EXPRESSED
CLCC1	WDR47	ENSP00000349456	ENSP00000383599	0.475	True	False	10.5	34.2	True	True	BOTH_EXPRESSED
BEST1	GJA8	ENSP00000399709	ENSP00000358238	0.475	True	False	6.2	0.0	True	True	BELOW_THRESHOLD
COQ8B	NUMBL	ENSP00000315118	ENSP00000252891	0.475	True	False	1.2	4.8	True	True	BOTH_EXPRESSED
AIPL1	DTHD1	ENSP00000370521	ENSP00000401597	0.475	True	False	775.1	0.0	True	True	BELOW_THRESHOLD
IMPDH1	AKIRIN2	ENSP00000345096	ENSP00000257787	0.475	True	False	98.6	27.5	True	True	BOTH_EXPRESSED
COQ2	MYO1E	ENSP00000310873	ENSP00000288235	0.475	True	False	3.7	9.2	True	True	BOTH_EXPRESSED
HK1	NLRP3	ENSP00000494664	ENSP00000337383	0.475	True	False	141.7	0.2	True	True	BOTH_EXPRESSED
SAG	RGS6	ENSP00000386444	ENSP00000451030	0.475	True	False	1359.9	1.6	True	True	BOTH_EXPRESSED
SNRNP200	CS	ENSP00000317123	ENSP00000342056	0.475	True	False	62.7	119.5	True	True	BOTH_EXPRESSED
DYNC2H1	TRAF3IP1	ENSP00000497174	ENSP00000362424	0.475	True	False	9.5	6.1	True	True	BOTH_EXPRESSED
BEST1	SLC24A1	ENSP00000399709	ENSP00000261892	0.474	True	True	6.2	179.2	True	True	BOTH_EXPRESSED
SAG	RGS21	ENSP00000386444	ENSP00000428343	0.474	True	False	1359.9	0.0	True	True	BELOW_THRESHOLD
IDH3A	NDUFS3	ENSP00000299518	ENSP00000263774	0.474	True	False	23.8	21.8	True	True	BOTH_EXPRESSED
COQ2	SNCA	ENSP00000310873	ENSP00000500990	0.474	True	False	3.7	18.8	True	True	BOTH_EXPRESSED
AIPL1	TTC8	ENSP00000370521	ENSP00000482306	0.474	True	True	775.1	34.7	True	True	BOTH_EXPRESSED
IDH3B	TXNRD1	ENSP00000482773	ENSP00000434516	0.474	True	False	42.7	18.5	True	True	BOTH_EXPRESSED
RP1	CRX	ENSP00000220676	ENSP00000221996	0.474	True	True	218.9	202.2	True	True	BOTH_EXPRESSED
HK1	DLST	ENSP00000494664	ENSP00000335304	0.474	True	False	141.7	34.4	True	True	BOTH_EXPRESSED
IDH3B	PHGDH	ENSP00000482773	ENSP00000493382	0.474	True	False	42.7	6.7	True	True	BOTH_EXPRESSED
NRL	FOSL1	ENSP00000454062	ENSP00000310170	0.474	True	False	294.2	0.5	True	True	BOTH_EXPRESSED
LRAT	FSCN2	ENSP00000337224	ENSP00000334665	0.474	True	False	0.9	8.1	True	True	BOTH_EXPRESSED
RHO	ATXN7	ENSP00000296271	ENSP00000295900	0.474	True	False	3767.6	15.1	True	True	BOTH_EXPRESSED
IMPDH1	AHCY	ENSP00000345096	ENSP00000217426	0.474	True	False	98.6	22.8	True	True	BOTH_EXPRESSED
IDH3G	TXNRD1	ENSP00000217901	ENSP00000434516	0.474	True	False	22.7	18.5	True	True	BOTH_EXPRESSED
SPATA7	CDHR1	ENSP00000377176	ENSP00000485478	0.474	True	True	9.4	291.2	True	True	BOTH_EXPRESSED
ARL3	KCNMA1	ENSP00000260746	ENSP00000286628	0.474	True	False	89.3	37.3	True	True	BOTH_EXPRESSED
DHX38	EIF4A1	ENSP00000268482	ENSP00000293831	0.474	True	False	12.3	109.6	True	True	BOTH_EXPRESSED
IFT172	ANKS6	ENSP00000260570	ENSP00000297837	0.474	True	False	5.3	2.1	True	True	BOTH_EXPRESSED
IFT140	TMEM204	ENSP00000406012	ENSP00000454945	0.474	True	False	5.9	0.5	True	True	BOTH_EXPRESSED
RHO	CABP1	ENSP00000296271	ENSP00000317310	0.474	True	False	3767.6	23.9	True	True	BOTH_EXPRESSED
PDSS1	RUSC1	ENSP00000365388	ENSP00000357336	0.474	True	False	1.7	10.9	True	True	BOTH_EXPRESSED
IFT172	TMEM216	ENSP00000260570	ENSP00000334844	0.474	True	True	5.3	10.8	True	True	BOTH_EXPRESSED
USH2A	C8orf37	ENSP00000305941	ENSP00000286688	0.474	True	False	17.8		True	False	UNKNOWN
SLC4A7	RAB5A	ENSP00000390394	ENSP00000273047	0.474	True	False	67.5	32.8	True	True	BOTH_EXPRESSED
LRAT	CES1	ENSP00000337224	ENSP00000353720	0.474	True	False	0.9	2.7	True	True	BOTH_EXPRESSED
PCARE	PDZD7	ENSP00000332809	ENSP00000480489	0.474	True	False	26.4	2.1	True	True	BOTH_EXPRESSED
RHO	INS	ENSP00000296271	ENSP00000380432	0.474	True	False	3767.6	0.0	True	True	BELOW_THRESHOLD
IDH3A	BCAT2	ENSP00000299518	ENSP00000322991	0.474	True	False	23.8	5.2	True	True	BOTH_EXPRESSED
BBS1	MAD2L1	ENSP00000317469	ENSP00000296509	0.474	True	False	19.9	1.0	True	True	BOTH_EXPRESSED
CEP250	CKAP5	ENSP00000380661	ENSP00000432768	0.474	True	False	9.2	52.8	True	True	BOTH_EXPRESSED
AGBL5	TTLL11	ENSP00000353249	ENSP00000321346	0.474	True	False	15.1	6.3	True	True	BOTH_EXPRESSED
RCBTB1	NUDT13	ENSP00000367552	ENSP00000349874	0.474	True	False	45.9	2.7	True	True	BOTH_EXPRESSED
RCBTB1	OR2C1	ENSP00000367552	ENSP00000307726	0.474	True	False	45.9	0.1	True	True	BOTH_EXPRESSED
GUCY2D	TTLL5	ENSP00000254854	ENSP00000298832	0.474	True	False	31.7	22.2	True	True	BOTH_EXPRESSED
RCBTB1	ARL11	ENSP00000367552	ENSP00000282026	0.473	True	False	45.9	0.1	True	True	BOTH_EXPRESSED
ARL2BP	RP1L1	ENSP00000219204	ENSP00000371923	0.473	True	True	34.8	41.0	True	True	BOTH_EXPRESSED
CEP162	CCDC77	ENSP00000385215	ENSP00000239830	0.473	True	False	2.6	3.2	True	True	BOTH_EXPRESSED
GUCY2D	POC1B	ENSP00000254854	ENSP00000323302	0.473	True	False	31.7	5.1	True	True	BOTH_EXPRESSED
CRX	GRK7	ENSP00000221996	ENSP00000264952	0.473	True	False	202.2	10.4	True	True	BOTH_EXPRESSED
USH2A	MERTK	ENSP00000305941	ENSP00000295408	0.473	True	True	17.8	15.4	True	True	BOTH_EXPRESSED
CFAP410	FUS	ENSP00000381047	ENSP00000254108	0.473	True	False	9.2	55.2	True	True	BOTH_EXPRESSED
SLC4A7	MYO7A	ENSP00000390394	ENSP00000386331	0.473	True	False	67.5	25.4	True	True	BOTH_EXPRESSED
KLHL7	CCRL2	ENSP00000343273	ENSP00000349967	0.473	True	False	13.9	0.1	True	True	BOTH_EXPRESSED
PDE6G	AVPI1	ENSP00000328412	ENSP00000359660	0.473	True	False	1904.6	23.7	True	True	BOTH_EXPRESSED
CFAP20	LRRK2	ENSP00000262498	ENSP00000298910	0.473	True	False	26.4	1.4	True	True	BOTH_EXPRESSED
PRPF6	SRSF7	ENSP00000266079	ENSP00000325905	0.473	True	False	33.8	23.1	True	True	BOTH_EXPRESSED
PDE6B	CACNA2D4	ENSP00000420295	ENSP00000372169	0.473	True	False	357.2	18.7	True	True	BOTH_EXPRESSED
IDH3G	ATP5PB	ENSP00000217901	ENSP00000358737	0.473	True	False	22.7	26.4	True	True	BOTH_EXPRESSED
PDE6B	MITF	ENSP00000420295	ENSP00000391803	0.473	True	False	357.2	1.1	True	True	BOTH_EXPRESSED
MVK	EWSR1	ENSP00000228510	ENSP00000400142	0.473	True	False	3.2	103.1	True	True	BOTH_EXPRESSED
COQ5	TMEM9B	ENSP00000288532	ENSP00000433361	0.473	True	False	24.3	39.1	True	True	BOTH_EXPRESSED
BEST1	CRYBA1	ENSP00000399709	ENSP00000225387	0.473	True	False	6.2	0.2	True	True	BOTH_EXPRESSED
POMGNT1	NID1	ENSP00000361060	ENSP00000264187	0.473	True	False	10.1	1.9	True	True	BOTH_EXPRESSED
IDH3B	FAM161A	ENSP00000482773	ENSP00000385158	0.473	True	True	42.7	26.9	True	True	BOTH_EXPRESSED
LRAT	RPGRIP1L	ENSP00000337224	ENSP00000493946	0.473	True	False	0.9	2.6	True	True	BOTH_EXPRESSED
OFD1	RSPH9	ENSP00000344314	ENSP00000361238	0.473	True	False	2.3	0.9	True	True	BOTH_EXPRESSED
DHX38	DHX33	ENSP00000268482	ENSP00000225296	0.473	True	False	12.3	5.9	True	True	BOTH_EXPRESSED
OFD1	DNAAF3	ENSP00000344314	ENSP00000436975	0.473	True	False	2.3	0.4	True	True	BOTH_EXPRESSED
OFD1	LRRC6	ENSP00000344314	ENSP00000484634	0.473	True	False	2.3		True	False	UNKNOWN
SCLT1	DDX59	ENSP00000281142	ENSP00000330460	0.473	True	False	2.7	16.1	True	True	BOTH_EXPRESSED
PRPF3	CWF19L1	ENSP00000315379	ENSP00000326411	0.472	True	False	40.3	9.6	True	True	BOTH_EXPRESSED
PRPF8	URI1	ENSP00000460348	ENSP00000376097	0.472	True	False	76.4	30.0	True	True	BOTH_EXPRESSED
PRPF6	WDR33	ENSP00000266079	ENSP00000325377	0.472	True	False	33.8	22.6	True	True	BOTH_EXPRESSED
KIZ	C8orf74	ENSP00000479542	ENSP00000307129	0.472	True	False	18.7	0.0	True	True	BELOW_THRESHOLD
PRPF8	TDRD9	ENSP00000460348	ENSP00000387303	0.472	True	False	76.4	2.9	True	True	BOTH_EXPRESSED
TTC8	ZNF358	ENSP00000482306	ENSP00000472305	0.472	True	False	34.7	11.0	True	True	BOTH_EXPRESSED
CFAP20	FAHD2A	ENSP00000262498	ENSP00000233379	0.472	True	False	26.4	5.6	True	True	BOTH_EXPRESSED
COQ2	DPM1	ENSP00000310873	ENSP00000360638	0.472	True	False	3.7	20.2	True	True	BOTH_EXPRESSED
PRPF8	YTHDC2	ENSP00000460348	ENSP00000161863	0.472	True	False	76.4	16.9	True	True	BOTH_EXPRESSED
PRPF6	GUCA1B	ENSP00000266079	ENSP00000230361	0.472	True	False	33.8	432.4	True	True	BOTH_EXPRESSED
RDH12	KCNV2	ENSP00000449079	ENSP00000371514	0.472	True	False	206.6	268.2	True	True	BOTH_EXPRESSED
BBS1	CCP110	ENSP00000317469	ENSP00000370803	0.472	True	False	19.9	12.4	True	True	BOTH_EXPRESSED
USH2A	ZNF513	ENSP00000305941	ENSP00000318373	0.472	True	False	17.8	4.4	True	True	BOTH_EXPRESSED
USH2A	HSPA5	ENSP00000305941	ENSP00000324173	0.472	True	False	17.8	97.5	True	True	BOTH_EXPRESSED
USH2A	RP9	ENSP00000305941	ENSP00000297157	0.472	True	False	17.8	14.0	True	True	BOTH_EXPRESSED
ARL2BP	BCL2	ENSP00000219204	ENSP00000381185	0.472	True	False	34.8	2.0	True	True	BOTH_EXPRESSED
RPGR	TMEM231	ENSP00000495537	ENSP00000258173	0.472	True	False	11.2	3.6	True	True	BOTH_EXPRESSED
HGSNAT	HYAL1	ENSP00000368965	ENSP00000266031	0.472	True	False	12.6	2.9	True	True	BOTH_EXPRESSED
IDH3A	ETFB	ENSP00000299518	ENSP00000346173	0.472	True	False	23.8	22.4	True	True	BOTH_EXPRESSED
GUCA1A	UNC119	ENSP00000053469	ENSP00000337040	0.472	True	False	703.2	1084.9	True	True	BOTH_EXPRESSED
AIPL1	GRK7	ENSP00000370521	ENSP00000264952	0.472	True	False	775.1	10.4	True	True	BOTH_EXPRESSED
PRPF31	LRMDA	ENSP00000324122	ENSP00000480240	0.472	True	False	7.6	2.2	True	True	BOTH_EXPRESSED
PRPF31	LRTOMT-2	ENSP00000324122	ENSP00000496019	0.472	True	False	7.6		True	False	UNKNOWN
CYP4V2	CYP2W1	ENSP00000368079	ENSP00000310149	0.472	True	False	13.1	0.2	True	True	BOTH_EXPRESSED
RCBTB1	TSPAN12	ENSP00000367552	ENSP00000222747	0.472	True	False	45.9	1.7	True	True	BOTH_EXPRESSED
OFD1	RAB9A	ENSP00000344314	ENSP00000420127	0.472	True	False	2.3	20.1	True	True	BOTH_EXPRESSED
GUCA1A	PDE6C	ENSP00000053469	ENSP00000360502	0.472	True	False	703.2	21.4	True	True	BOTH_EXPRESSED
RHO	CCR5	ENSP00000296271	ENSP00000292303	0.472	True	False	3767.6	0.1	True	True	BOTH_EXPRESSED
NRL	IL6	ENSP00000454062	ENSP00000385675	0.472	True	False	294.2	1.2	True	True	BOTH_EXPRESSED
IDH3A	AKR1B1	ENSP00000299518	ENSP00000285930	0.472	True	False	23.8	33.8	True	True	BOTH_EXPRESSED
RHO	CABP4	ENSP00000296271	ENSP00000324960	0.472	True	False	3767.6	63.1	True	True	BOTH_EXPRESSED
REEP6	PDE6B	ENSP00000233596	ENSP00000420295	0.472	True	True	87.4	357.2	True	True	BOTH_EXPRESSED
POMGNT1	MGAT1	ENSP00000361060	ENSP00000332073	0.472	True	False	10.1	27.1	True	True	BOTH_EXPRESSED
FLVCR1	TFRC	ENSP00000355938	ENSP00000376197	0.472	True	False	6.3	27.3	True	True	BOTH_EXPRESSED
COQ2	ADCK1	ENSP00000310873	ENSP00000238561	0.472	True	False	3.7	3.5	True	True	BOTH_EXPRESSED
TTC8	ROM1	ENSP00000482306	ENSP00000278833	0.472	True	False	34.7	1101.4	True	True	BOTH_EXPRESSED
KIAA1549	LGALS3	ENSP00000416040	ENSP00000254301	0.472	True	False	5.3	63.2	True	True	BOTH_EXPRESSED
PRPF4	EFL1	ENSP00000363313	ENSP00000268206	0.472	True	False	12.1	4.7	True	True	BOTH_EXPRESSED
PRPF4	AKAP7	ENSP00000363313	ENSP00000405252	0.472	True	False	12.1	7.1	True	True	BOTH_EXPRESSED
USH2A	OTOA	ENSP00000305941	ENSP00000496564	0.472	True	False	17.8	0.0	True	True	BELOW_THRESHOLD
RPGR	OPN1LW	ENSP00000495537	ENSP00000358967	0.472	True	False	11.2	237.8	True	True	BOTH_EXPRESSED
PRPF3	DDX27	ENSP00000315379	ENSP00000483495	0.471	True	False	40.3	10.2	True	True	BOTH_EXPRESSED
PRPF8	USH2A	ENSP00000460348	ENSP00000305941	0.471	True	True	76.4	17.8	True	True	BOTH_EXPRESSED
COQ2	TRIT1	ENSP00000310873	ENSP00000321810	0.471	True	False	3.7	13.6	True	True	BOTH_EXPRESSED
PRPF8	TOP1	ENSP00000460348	ENSP00000354522	0.471	True	False	76.4	23.9	True	True	BOTH_EXPRESSED
SAG	RGS4	ENSP00000386444	ENSP00000397181	0.471	True	False	1359.9	6.2	True	True	BOTH_EXPRESSED
ARL3	MRPL2	ENSP00000260746	ENSP00000373404	0.471	True	False	89.3	10.1	True	True	BOTH_EXPRESSED
SAG	NPY1R	ENSP00000386444	ENSP00000354652	0.471	True	False	1359.9	4.1	True	True	BOTH_EXPRESSED
SAG	FZD4	ENSP00000386444	ENSP00000434034	0.471	True	False	1359.9	1.0	True	True	BOTH_EXPRESSED
IDH3B	CLPP	ENSP00000482773	ENSP00000245816	0.471	True	False	42.7	14.5	True	True	BOTH_EXPRESSED
PDE6A	RD3	ENSP00000255266	ENSP00000355969	0.471	True	False	1001.0	43.8	True	True	BOTH_EXPRESSED
ARL3	CUL7	ENSP00000260746	ENSP00000438788	0.471	True	False	89.3	4.8	True	True	BOTH_EXPRESSED
KIAA1549	IDH2	ENSP00000416040	ENSP00000331897	0.471	True	False	5.3	5.0	True	True	BOTH_EXPRESSED
BEST1	SLC6A11	ENSP00000399709	ENSP00000254488	0.471	True	False	6.2	10.2	True	True	BOTH_EXPRESSED
PRPF4	DHX9	ENSP00000363313	ENSP00000356520	0.471	True	False	12.1	61.6	True	True	BOTH_EXPRESSED
HGSNAT	GNPTAB	ENSP00000368965	ENSP00000299314	0.471	True	False	12.6	12.1	True	True	BOTH_EXPRESSED
RP1L1	CNGB1	ENSP00000371923	ENSP00000251102	0.471	True	True	41.0	557.0	True	True	BOTH_EXPRESSED
RP1L1	ARL3	ENSP00000371923	ENSP00000260746	0.471	True	True	41.0	89.3	True	True	BOTH_EXPRESSED
USH2A	TRIOBP	ENSP00000305941	ENSP00000496394	0.471	True	False	17.8	4.4	True	True	BOTH_EXPRESSED
CDHR1	CTNNB1	ENSP00000485478	ENSP00000495360	0.471	True	False	291.2	82.3	True	True	BOTH_EXPRESSED
AHI1	G3BP1	ENSP00000265602	ENSP00000377681	0.471	True	False	25.2	16.9	True	True	BOTH_EXPRESSED
AIPL1	PTGES3	ENSP00000370521	ENSP00000482075	0.471	True	False	775.1	109.2	True	True	BOTH_EXPRESSED
SCLT1	TUBE1	ENSP00000281142	ENSP00000357651	0.471	True	False	2.7	9.4	True	True	BOTH_EXPRESSED
USH2A	SLC4A4	ENSP00000305941	ENSP00000393557	0.471	True	False	17.8	4.7	True	True	BOTH_EXPRESSED
IDH3B	TXNRD3	ENSP00000482773	ENSP00000430031	0.471	True	False	42.7	1.8	True	True	BOTH_EXPRESSED
IDH3A	TXNRD3	ENSP00000299518	ENSP00000430031	0.471	True	False	23.8	1.8	True	True	BOTH_EXPRESSED
IMPG1	OR4E1	ENSP00000358966	ENSP00000493111	0.471	True	False	621.3	0.0	True	True	BELOW_THRESHOLD
IDH3G	TXNRD3	ENSP00000217901	ENSP00000430031	0.471	True	False	22.7	1.8	True	True	BOTH_EXPRESSED
BEST1	CASTOR3	ENSP00000399709	ENSP00000389760	0.471	True	False	6.2		True	False	UNKNOWN
AHI1	CENPJ	ENSP00000265602	ENSP00000371308	0.47	True	False	25.2	1.7	True	True	BOTH_EXPRESSED
FAM161A	CLPB	ENSP00000385158	ENSP00000294053	0.47	True	False	26.9	5.9	True	True	BOTH_EXPRESSED
CLN3	PXDN	ENSP00000454229	ENSP00000252804	0.47	True	False	3.0	4.5	True	True	BOTH_EXPRESSED
USH2A	CYP4V2	ENSP00000305941	ENSP00000368079	0.47	True	True	17.8	13.1	True	True	BOTH_EXPRESSED
GUCA1A	GNAT1	ENSP00000053469	ENSP00000232461	0.47	True	True	703.2	1040.7	True	True	BOTH_EXPRESSED
COQ5	PUM2	ENSP00000288532	ENSP00000338173	0.47	True	False	24.3	61.8	True	True	BOTH_EXPRESSED
COQ5	PUM1	ENSP00000288532	ENSP00000391723	0.47	True	False	24.3	35.3	True	True	BOTH_EXPRESSED
PRPF4	ZNF513	ENSP00000363313	ENSP00000318373	0.47	True	False	12.1	4.4	True	True	BOTH_EXPRESSED
OFD1	KIAA1328	ENSP00000344314	ENSP00000280020	0.47	True	False	2.3	19.6	True	True	BOTH_EXPRESSED
CDHR1	CNGA3	ENSP00000485478	ENSP00000272602	0.47	True	False	291.2	5.4	True	True	BOTH_EXPRESSED
CDHR1	CDHR5	ENSP00000485478	ENSP00000380676	0.47	True	False	291.2	0.1	True	True	BOTH_EXPRESSED
MERTK	ABCA1	ENSP00000295408	ENSP00000363868	0.47	True	False	15.4	3.4	True	True	BOTH_EXPRESSED
POMGNT1	EXT1	ENSP00000361060	ENSP00000367446	0.47	True	False	10.1	2.2	True	True	BOTH_EXPRESSED
RHO	CRHR1	ENSP00000296271	ENSP00000381333	0.47	True	False	3767.6	1.4	True	True	BOTH_EXPRESSED
CLN3	PXDNL	ENSP00000454229	ENSP00000348645	0.47	True	False	3.0	2.7	True	True	BOTH_EXPRESSED
RAX2	CABP4	ENSP00000450456	ENSP00000324960	0.47	True	False	59.9	63.1	True	True	BOTH_EXPRESSED
SAG	RAPGEF4	ENSP00000386444	ENSP00000380271	0.47	True	False	1359.9	17.4	True	True	BOTH_EXPRESSED
SAG	RLBP1	ENSP00000386444	ENSP00000268125	0.47	True	True	1359.9	246.4	True	True	BOTH_EXPRESSED
SAG	PEBP1	ENSP00000386444	ENSP00000261313	0.47	True	False	1359.9	311.7	True	True	BOTH_EXPRESSED
PDE6A	LCA5	ENSP00000255266	ENSP00000376686	0.47	True	False	1001.0	12.7	True	True	BOTH_EXPRESSED
RHO	RGS9	ENSP00000296271	ENSP00000262406	0.47	True	False	3767.6	1.2	True	True	BOTH_EXPRESSED
BBS1	ABCA4	ENSP00000317469	ENSP00000359245	0.47	True	False	19.9	328.7	True	True	BOTH_EXPRESSED
MERTK	CCL2	ENSP00000295408	ENSP00000225831	0.47	True	False	15.4	10.7	True	True	BOTH_EXPRESSED
NR2E3	CNGA3	ENSP00000482504	ENSP00000272602	0.47	True	False	121.9	5.4	True	True	BOTH_EXPRESSED
RBP3	GDF2	ENSP00000463151	ENSP00000463051	0.47	True	False	504.0	0.0	True	True	BELOW_THRESHOLD
ARL3	BBS5	ENSP00000260746	ENSP00000295240	0.47	True	False	89.3	11.3	True	True	BOTH_EXPRESSED
TTC8	CDC16	ENSP00000482306	ENSP00000348554	0.47	True	False	34.7	39.7	True	True	BOTH_EXPRESSED
COQ2	MVD	ENSP00000310873	ENSP00000301012	0.47	True	False	3.7	3.2	True	True	BOTH_EXPRESSED
COQ8B	FDXR	ENSP00000315118	ENSP00000416515	0.47	True	False	1.2	0.5	True	True	BOTH_EXPRESSED
PRPF6	NHP2	ENSP00000266079	ENSP00000274606	0.47	True	False	33.8	22.8	True	True	BOTH_EXPRESSED
MERTK	MYD88	ENSP00000295408	ENSP00000498321	0.469	True	False	15.4	0.4	True	True	BOTH_EXPRESSED
MERTK	FZD5	ENSP00000295408	ENSP00000354607	0.469	True	False	15.4	10.1	True	True	BOTH_EXPRESSED
AHI1	PCNT	ENSP00000265602	ENSP00000352572	0.469	True	False	25.2	1.3	True	True	BOTH_EXPRESSED
PRPF3	KCNJ10	ENSP00000315379	ENSP00000495557	0.469	True	False	40.3	34.0	True	True	BOTH_EXPRESSED
DHX38	NUP153	ENSP00000268482	ENSP00000444029	0.469	True	False	12.3	14.6	True	True	BOTH_EXPRESSED
PRPF6	THRAP3	ENSP00000266079	ENSP00000346634	0.469	True	False	33.8	37.9	True	True	BOTH_EXPRESSED
FLVCR1	NCOA4	ENSP00000355938	ENSP00000463027	0.469	True	False	6.3	31.3	True	True	BOTH_EXPRESSED
ARL3	ARL1	ENSP00000260746	ENSP00000261636	0.469	True	False	89.3	45.1	True	True	BOTH_EXPRESSED
RBP3	RS1	ENSP00000463151	ENSP00000369320	0.469	True	False	504.0	198.0	True	True	BOTH_EXPRESSED
IDH3G	PDZD4	ENSP00000217901	ENSP00000377355	0.469	True	False	22.7	13.7	True	True	BOTH_EXPRESSED
RHO	RGS11	ENSP00000296271	ENSP00000380876	0.469	True	False	3767.6	8.3	True	True	BOTH_EXPRESSED
RHO	ATXN7L2	ENSP00000296271	ENSP00000358886	0.469	True	False	3767.6	0.2	True	True	BOTH_EXPRESSED
RHO	CDC42	ENSP00000296271	ENSP00000497733	0.469	True	False	3767.6	52.7	True	True	BOTH_EXPRESSED
SPATA7	CLUAP1	ENSP00000377176	ENSP00000344392	0.469	True	False	9.4	26.7	True	True	BOTH_EXPRESSED
PDSS1	FBXO40	ENSP00000365388	ENSP00000337510	0.469	True	False	1.7	0.1	True	True	BOTH_EXPRESSED
RPGR	ARAF	ENSP00000495537	ENSP00000290277	0.469	True	False	11.2	14.3	True	True	BOTH_EXPRESSED
REEP6	YIPF5	ENSP00000233596	ENSP00000274496	0.469	True	False	87.4	19.1	True	True	BOTH_EXPRESSED
COQ2	PSAT1	ENSP00000310873	ENSP00000365773	0.469	True	False	3.7	5.7	True	True	BOTH_EXPRESSED
SAG	KIF3B	ENSP00000386444	ENSP00000364864	0.469	True	False	1359.9	28.6	True	True	BOTH_EXPRESSED
COQ2	COASY	ENSP00000310873	ENSP00000464814	0.469	True	False	3.7	12.4	True	True	BOTH_EXPRESSED
GNAT1	GUK1	ENSP00000232461	ENSP00000355689	0.469	True	False	1040.7	36.3	True	True	BOTH_EXPRESSED
HGSNAT	GUSB	ENSP00000368965	ENSP00000302728	0.469	True	False	12.6	9.0	True	True	BOTH_EXPRESSED
HGSNAT	SUMF1	ENSP00000368965	ENSP00000272902	0.469	True	False	12.6	3.2	True	True	BOTH_EXPRESSED
PDE6A	C8orf37	ENSP00000255266	ENSP00000286688	0.469	True	False	1001.0		True	False	UNKNOWN
TOPORS	SP100	ENSP00000353735	ENSP00000343023	0.469	True	False	10.6	2.3	True	True	BOTH_EXPRESSED
OFD1	ANOS1	ENSP00000344314	ENSP00000262648	0.469	True	False	2.3	18.2	True	True	BOTH_EXPRESSED
IDH3B	CHMP3	ENSP00000482773	ENSP00000263856	0.469	True	False	42.7	28.5	True	True	BOTH_EXPRESSED
IFT140	KIAA0586	ENSP00000406012	ENSP00000346359	0.469	True	False	5.9	7.4	True	True	BOTH_EXPRESSED
BBS2	IFT43	ENSP00000245157	ENSP00000238628	0.468	True	False	12.0	23.2	True	True	BOTH_EXPRESSED
PRPF8	DDX17	ENSP00000460348	ENSP00000380033	0.468	True	False	76.4	316.8	True	True	BOTH_EXPRESSED
PRPF8	EEF1G	ENSP00000460348	ENSP00000331901	0.468	True	False	76.4	386.0	True	True	BOTH_EXPRESSED
PRPF6	SPATA7	ENSP00000266079	ENSP00000377176	0.468	True	True	33.8	9.4	True	True	BOTH_EXPRESSED
BBS2	CCT3	ENSP00000245157	ENSP00000295688	0.468	True	False	12.0	126.0	True	True	BOTH_EXPRESSED
DHX38	ZC3H13	ENSP00000268482	ENSP00000242848	0.468	True	False	12.3	14.6	True	True	BOTH_EXPRESSED
CERKL	CNNM4	ENSP00000341159	ENSP00000366275	0.468	True	False	19.5	36.0	True	True	BOTH_EXPRESSED
CERKL	PPM1B	ENSP00000341159	ENSP00000282412	0.468	True	False	19.5	46.2	True	True	BOTH_EXPRESSED
PRPF8	NCDN	ENSP00000460348	ENSP00000362340	0.468	True	False	76.4	19.8	True	True	BOTH_EXPRESSED
PDSS1	HAO2	ENSP00000365388	ENSP00000354314	0.468	True	False	1.7	0.0	True	True	BELOW_THRESHOLD
PDSS1	PSPH	ENSP00000365388	ENSP00000378854	0.468	True	False	1.7	4.0	True	True	BOTH_EXPRESSED
PDSS1	HAO1	ENSP00000365388	ENSP00000368066	0.468	True	False	1.7	0.0	True	True	BELOW_THRESHOLD
RPGR	DNAAF4	ENSP00000495537	ENSP00000323275	0.468	True	False	11.2	27.4	True	True	BOTH_EXPRESSED
CLN3	APOBR	ENSP00000454229	ENSP00000457539	0.468	True	False	3.0	0.1	True	True	BOTH_EXPRESSED
SNRNP200	AKIRIN1	ENSP00000317123	ENSP00000392678	0.468	True	False	62.7	34.7	True	True	BOTH_EXPRESSED
GNAT1	RIC8B	ENSP00000232461	ENSP00000376582	0.468	True	False	1040.7	11.7	True	True	BOTH_EXPRESSED
MVK	ICMT	ENSP00000228510	ENSP00000343552	0.468	True	False	3.2	26.6	True	True	BOTH_EXPRESSED
DHDDS	CCDC115	ENSP00000353104	ENSP00000259229	0.468	True	False	30.3	14.6	True	True	BOTH_EXPRESSED
OFD1	CEP170	ENSP00000344314	ENSP00000355500	0.468	True	False	2.3	10.1	True	True	BOTH_EXPRESSED
PRCD	DUSP6	ENSP00000467661	ENSP00000279488	0.468	True	False	44.6	6.3	True	True	BOTH_EXPRESSED
PDE6A	OPN1LW	ENSP00000255266	ENSP00000358967	0.468	True	False	1001.0	237.8	True	True	BOTH_EXPRESSED
RCBTB1	TPRA1	ENSP00000367552	ENSP00000498161	0.468	True	False	45.9	7.4	True	True	BOTH_EXPRESSED
IDH3B	GPI	ENSP00000482773	ENSP00000405573	0.468	True	False	42.7	144.9	True	True	BOTH_EXPRESSED
CREB3	ALG3	ENSP00000342136	ENSP00000380793	0.468	True	False	21.7	5.5	True	True	BOTH_EXPRESSED
IDH3B	ASS1	ENSP00000482773	ENSP00000361471	0.467	True	False	42.7	6.4	True	True	BOTH_EXPRESSED
CRX	KAT2B	ENSP00000221996	ENSP00000263754	0.467	True	False	202.2	31.4	True	True	BOTH_EXPRESSED
CRX	RS1	ENSP00000221996	ENSP00000369320	0.467	True	False	202.2	198.0	True	True	BOTH_EXPRESSED
GUCY2D	HPCA	ENSP00000254854	ENSP00000362566	0.467	True	False	31.7	17.1	True	True	BOTH_EXPRESSED
BCOR	PHIP	ENSP00000367705	ENSP00000275034	0.467	True	False	13.1	20.9	True	True	BOTH_EXPRESSED
IMPDH1	PA2G4	ENSP00000345096	ENSP00000302886	0.467	True	False	98.6	35.5	True	True	BOTH_EXPRESSED
TOPORS	PHACTR2	ENSP00000353735	ENSP00000417038	0.467	True	False	10.6	2.5	True	True	BOTH_EXPRESSED
PRPH2	IQCB1	ENSP00000230381	ENSP00000311505	0.467	True	False	594.9	17.5	True	True	BOTH_EXPRESSED
GUCA1A	S100B	ENSP00000053469	ENSP00000291700	0.467	True	False	703.2	13.1	True	True	BOTH_EXPRESSED
RAX2	CFHR1	ENSP00000450456	ENSP00000314299	0.467	True	False	59.9	0.1	True	True	BOTH_EXPRESSED
POMGNT1	LRFN4	ENSP00000361060	ENSP00000312535	0.467	True	False	10.1	0.4	True	True	BOTH_EXPRESSED
OFD1	POC1B	ENSP00000344314	ENSP00000323302	0.467	True	False	2.3	5.1	True	True	BOTH_EXPRESSED
AIPL1	CACNA1F	ENSP00000370521	ENSP00000365441	0.467	True	False	775.1	116.2	True	True	BOTH_EXPRESSED
AHI1	CEND1	ENSP00000265602	ENSP00000328336	0.467	True	False	25.2	7.0	True	True	BOTH_EXPRESSED
CEP162	PCM1	ENSP00000385215	ENSP00000327077	0.467	True	False	2.6	52.9	True	True	BOTH_EXPRESSED
CEP162	NPHP4	ENSP00000385215	ENSP00000367398	0.467	True	False	2.6	2.2	True	True	BOTH_EXPRESSED
CREB3	EIF2S3	ENSP00000342136	ENSP00000253039	0.467	True	False	21.7	43.3	True	True	BOTH_EXPRESSED
COQ5	CCNQ	ENSP00000288532	ENSP00000402949	0.467	True	False	24.3	5.9	True	True	BOTH_EXPRESSED
TTC8	SLC27A6	ENSP00000482306	ENSP00000262462	0.467	True	False	34.7	6.9	True	True	BOTH_EXPRESSED
PRPF8	PNN	ENSP00000460348	ENSP00000216832	0.467	True	False	76.4	70.4	True	True	BOTH_EXPRESSED
HK1	HSPB1	ENSP00000494664	ENSP00000248553	0.467	True	False	141.7	9.5	True	True	BOTH_EXPRESSED
SAG	NRL	ENSP00000386444	ENSP00000454062	0.467	True	True	1359.9	294.2	True	True	BOTH_EXPRESSED
REEP6	ANKRD33B	ENSP00000233596	ENSP00000296657	0.467	True	False	87.4	47.3	True	True	BOTH_EXPRESSED
REEP6	ATL3	ENSP00000233596	ENSP00000381844	0.467	True	False	87.4	3.7	True	True	BOTH_EXPRESSED
RHO	SCTR	ENSP00000296271	ENSP00000019103	0.467	True	False	3767.6	2.2	True	True	BOTH_EXPRESSED
IDH3G	TOMM5	ENSP00000217901	ENSP00000438204	0.467	True	False	22.7	37.2	True	True	BOTH_EXPRESSED
ZNF408	C12orf10	ENSP00000309606	ENSP00000267103	0.467	True	False	1.2		True	False	UNKNOWN
PRPF4	NUP133	ENSP00000363313	ENSP00000261396	0.467	True	False	12.1	17.7	True	True	BOTH_EXPRESSED
BBS1	TSG101	ENSP00000317469	ENSP00000251968	0.466	True	False	19.9	40.4	True	True	BOTH_EXPRESSED
GUCY2D	FSCN2	ENSP00000254854	ENSP00000334665	0.466	True	False	31.7	8.1	True	True	BOTH_EXPRESSED
LRAT	ALDH1A2	ENSP00000337224	ENSP00000249750	0.466	True	False	0.9	5.5	True	True	BOTH_EXPRESSED
POMGNT1	TMTC1	ENSP00000361060	ENSP00000442046	0.466	True	False	10.1	2.3	True	True	BOTH_EXPRESSED
CRX	RIMS1	ENSP00000221996	ENSP00000428417	0.466	True	False	202.2	6.8	True	True	BOTH_EXPRESSED
DHDDS	GMPPB	ENSP00000353104	ENSP00000309092	0.466	True	False	30.3	3.8	True	True	BOTH_EXPRESSED
SNRNP200	CHERP	ENSP00000317123	ENSP00000439856	0.466	True	False	62.7	6.3	True	True	BOTH_EXPRESSED
KIAA1549	EYS	ENSP00000416040	ENSP00000359655	0.466	True	True	5.3	23.1	True	True	BOTH_EXPRESSED
PDE6A	OPN1MW	ENSP00000255266	ENSP00000472316	0.466	True	False	1001.0	12.6	True	True	BOTH_EXPRESSED
AIPL1	RDH5	ENSP00000370521	ENSP00000257895	0.466	True	False	775.1	3.0	True	True	BOTH_EXPRESSED
IMPG1	MYO6	ENSP00000358966	ENSP00000358994	0.466	True	False	621.3	45.6	True	True	BOTH_EXPRESSED
RPGR	GNAT1	ENSP00000495537	ENSP00000232461	0.466	True	True	11.2	1040.7	True	True	BOTH_EXPRESSED
SAG	RGS8	ENSP00000386444	ENSP00000258302	0.466	True	False	1359.9	28.2	True	True	BOTH_EXPRESSED
REEP6	FAM118A	ENSP00000233596	ENSP00000216214	0.466	True	False	87.4	8.8	True	True	BOTH_EXPRESSED
PRPF8	CDC14A	ENSP00000460348	ENSP00000354916	0.466	True	False	76.4	5.1	True	True	BOTH_EXPRESSED
COQ2	FDX2	ENSP00000310873	ENSP00000377311	0.466	True	False	3.7	7.0	True	True	BOTH_EXPRESSED
IDH3B	MDH1B	ENSP00000482773	ENSP00000363533	0.466	True	False	42.7	7.9	True	True	BOTH_EXPRESSED
IDH3B	PRPF6	ENSP00000482773	ENSP00000266079	0.466	True	True	42.7	33.8	True	True	BOTH_EXPRESSED
CNGA1	GRK7	ENSP00000384264	ENSP00000264952	0.466	True	False	244.8	10.4	True	True	BOTH_EXPRESSED
REEP6	ATL1	ENSP00000233596	ENSP00000351155	0.466	True	False	87.4	6.3	True	True	BOTH_EXPRESSED
IFT172	PDZD7	ENSP00000260570	ENSP00000480489	0.466	True	False	5.3	2.1	True	True	BOTH_EXPRESSED
PRPF8	HNRNPCL1	ENSP00000460348	ENSP00000365370	0.466	True	False	76.4	0.0	True	True	BELOW_THRESHOLD
PRPF8	NUFIP2	ENSP00000460348	ENSP00000225388	0.466	True	False	76.4	21.4	True	True	BOTH_EXPRESSED
PRPF6	DDX56	ENSP00000266079	ENSP00000258772	0.466	True	False	33.8	6.8	True	True	BOTH_EXPRESSED
GNAT1	ABCA4	ENSP00000232461	ENSP00000359245	0.466	True	False	1040.7	328.7	True	True	BOTH_EXPRESSED
TBC1D32	CDK7	ENSP00000381270	ENSP00000256443	0.466	True	False	6.9	11.9	True	True	BOTH_EXPRESSED
CRX	PITPNM3	ENSP00000221996	ENSP00000262483	0.466	True	False	202.2	7.3	True	True	BOTH_EXPRESSED
CYP4V2	FAXDC2	ENSP00000368079	ENSP00000320604	0.466	True	False	13.1	9.4	True	True	BOTH_EXPRESSED
KLHL7	RLF	ENSP00000343273	ENSP00000361857	0.466	True	False	13.9	14.3	True	True	BOTH_EXPRESSED
BBS2	SH2B1	ENSP00000245157	ENSP00000321221	0.466	True	False	12.0	22.7	True	True	BOTH_EXPRESSED
RHO	ATXN7L1	ENSP00000296271	ENSP00000410759	0.466	True	False	3767.6	1.9	True	True	BOTH_EXPRESSED
IDH3G	TOMM20	ENSP00000217901	ENSP00000355566	0.466	True	False	22.7	47.7	True	True	BOTH_EXPRESSED
DHX38	NUP214	ENSP00000268482	ENSP00000352400	0.466	True	False	12.3	12.2	True	True	BOTH_EXPRESSED
PRPF8	HNRNPA3	ENSP00000460348	ENSP00000376309	0.465	True	False	76.4	167.4	True	True	BOTH_EXPRESSED
PRPF3	DHDDS	ENSP00000315379	ENSP00000353104	0.465	True	True	40.3	30.3	True	True	BOTH_EXPRESSED
USH2A	RYR2	ENSP00000305941	ENSP00000355533	0.465	True	False	17.8	6.5	True	True	BOTH_EXPRESSED
RHO	ACTB	ENSP00000296271	ENSP00000494750	0.465	True	False	3767.6	452.4	True	True	BOTH_EXPRESSED
KLHL7	CCR6	ENSP00000343273	ENSP00000343952	0.465	True	False	13.9	0.1	True	True	BOTH_EXPRESSED
PRPF3	MRPS21	ENSP00000315379	ENSP00000461930	0.465	True	False	40.3	39.2	True	True	BOTH_EXPRESSED
KLHL7	XPO1	ENSP00000343273	ENSP00000384863	0.465	True	False	13.9	48.2	True	True	BOTH_EXPRESSED
RHO	RDH11	ENSP00000296271	ENSP00000370750	0.465	True	False	3767.6	68.5	True	True	BOTH_EXPRESSED
PRPF31	PNN	ENSP00000324122	ENSP00000216832	0.465	True	False	7.6	70.4	True	True	BOTH_EXPRESSED
OFD1	GPM6B	ENSP00000344314	ENSP00000316861	0.465	True	False	2.3	180.8	True	True	BOTH_EXPRESSED
REEP6	TMEM170A	ENSP00000233596	ENSP00000454404	0.465	True	False	87.4	13.4	True	True	BOTH_EXPRESSED
IFT140	ZMYND10	ENSP00000406012	ENSP00000231749	0.465	True	False	5.9	3.0	True	True	BOTH_EXPRESSED
RPGR	CETN2	ENSP00000495537	ENSP00000359300	0.465	True	False	11.2	37.1	True	True	BOTH_EXPRESSED
IDH3A	ALDOA	ENSP00000299518	ENSP00000496166	0.465	True	False	23.8	431.9	True	True	BOTH_EXPRESSED
BCOR	KPNA4	ENSP00000367705	ENSP00000334373	0.465	True	False	13.1	12.2	True	True	BOTH_EXPRESSED
CLCC1	PLSCR1	ENSP00000349456	ENSP00000345494	0.465	True	False	10.5	9.1	True	True	BOTH_EXPRESSED
IDH3A	NDUFA9	ENSP00000299518	ENSP00000266544	0.465	True	False	23.8	18.6	True	True	BOTH_EXPRESSED
TTC8	ABCA4	ENSP00000482306	ENSP00000359245	0.465	True	False	34.7	328.7	True	True	BOTH_EXPRESSED
SAG	RGS20	ENSP00000386444	ENSP00000297313	0.465	True	False	1359.9	4.5	True	True	BOTH_EXPRESSED
RLBP1	CLRN1	ENSP00000268125	ENSP00000329158	0.465	True	True	246.4	11.8	True	True	BOTH_EXPRESSED
COQ2	UROS	ENSP00000310873	ENSP00000357787	0.465	True	False	3.7	24.3	True	True	BOTH_EXPRESSED
IDH3B	ECHS1	ENSP00000482773	ENSP00000357535	0.465	True	False	42.7	36.9	True	True	BOTH_EXPRESSED
SAG	RGS19	ENSP00000386444	ENSP00000378483	0.465	True	False	1359.9	0.3	True	True	BOTH_EXPRESSED
ARL3	B9D1	ENSP00000260746	ENSP00000261499	0.465	True	False	89.3	20.2	True	True	BOTH_EXPRESSED
NR2E3	GRK1	ENSP00000482504	ENSP00000334876	0.465	True	False	121.9	39.5	True	True	BOTH_EXPRESSED
AHI1	EVI5	ENSP00000265602	ENSP00000440826	0.465	True	False	25.2	3.3	True	True	BOTH_EXPRESSED
CFAP20	TCEA2	ENSP00000262498	ENSP00000343515	0.465	True	False	26.4	11.2	True	True	BOTH_EXPRESSED
CNGB1	CEP290	ENSP00000251102	ENSP00000448012	0.465	True	False	557.0	6.6	True	True	BOTH_EXPRESSED
CYP4V2	ABCA4	ENSP00000368079	ENSP00000359245	0.465	True	False	13.1	328.7	True	True	BOTH_EXPRESSED
CYP4V2	CYP2U1	ENSP00000368079	ENSP00000333212	0.465	True	False	13.1	5.4	True	True	BOTH_EXPRESSED
IMPDH1	PROM1	ENSP00000345096	ENSP00000426809	0.465	True	False	98.6	252.8	True	True	BOTH_EXPRESSED
CFAP410	SETX	ENSP00000381047	ENSP00000224140	0.465	True	False	9.2	12.3	True	True	BOTH_EXPRESSED
PDE6B	CAPN1	ENSP00000420295	ENSP00000431984	0.465	True	False	357.2	8.9	True	True	BOTH_EXPRESSED
AIPL1	ALDH7A1	ENSP00000370521	ENSP00000387123	0.465	True	False	775.1	18.3	True	True	BOTH_EXPRESSED
RAX2	CNGB3	ENSP00000450456	ENSP00000316605	0.465	True	False	59.9	11.6	True	True	BOTH_EXPRESSED
GUCA1A	ROM1	ENSP00000053469	ENSP00000278833	0.465	True	False	703.2	1101.4	True	True	BOTH_EXPRESSED
PRCD	RABAC1	ENSP00000467661	ENSP00000222008	0.465	True	False	44.6	13.6	True	True	BOTH_EXPRESSED
SPATA7	DTHD1	ENSP00000377176	ENSP00000401597	0.464	True	False	9.4	0.0	True	True	BELOW_THRESHOLD
BBS2	PKD1	ENSP00000245157	ENSP00000262304	0.464	True	False	12.0	6.3	True	True	BOTH_EXPRESSED
IFT172	ZNF513	ENSP00000260570	ENSP00000318373	0.464	True	False	5.3	4.4	True	True	BOTH_EXPRESSED
COQ5	TOMM7	ENSP00000288532	ENSP00000351214	0.464	True	False	24.3	374.2	True	True	BOTH_EXPRESSED
ARL3	MRPL15	ENSP00000260746	ENSP00000260102	0.464	True	False	89.3	58.4	True	True	BOTH_EXPRESSED
ARL3	MAPK8	ENSP00000260746	ENSP00000378974	0.464	True	False	89.3	20.3	True	True	BOTH_EXPRESSED
PRPF8	RPS10	ENSP00000460348	ENSP00000481646	0.464	True	False	76.4	254.0	True	True	BOTH_EXPRESSED
FSD1L	CDK5	ENSP00000417492	ENSP00000419782	0.464	True	False	40.1	10.5	True	True	BOTH_EXPRESSED
RHO	MRAP2	ENSP00000296271	ENSP00000257776	0.464	True	False	3767.6	1.9	True	True	BOTH_EXPRESSED
IDH3A	ASS1	ENSP00000299518	ENSP00000361471	0.464	True	False	23.8	6.4	True	True	BOTH_EXPRESSED
TTC8	IFT52	ENSP00000482306	ENSP00000362121	0.464	True	False	34.7	14.0	True	True	BOTH_EXPRESSED
IDH3A	OAT	ENSP00000299518	ENSP00000357838	0.464	True	False	23.8	47.4	True	True	BOTH_EXPRESSED
MVK	LBR	ENSP00000228510	ENSP00000339883	0.464	True	False	3.2	4.9	True	True	BOTH_EXPRESSED
TOPORS	NCOR1	ENSP00000353735	ENSP00000268712	0.464	True	False	10.6	31.8	True	True	BOTH_EXPRESSED
RPGR	RANGAP1	ENSP00000495537	ENSP00000401470	0.464	True	False	11.2	30.2	True	True	BOTH_EXPRESSED
CNGB1	KCNV2	ENSP00000251102	ENSP00000371514	0.464	True	False	557.0	268.2	True	True	BOTH_EXPRESSED
BCOR	YIPF1	ENSP00000367705	ENSP00000072644	0.464	True	False	13.1	6.7	True	True	BOTH_EXPRESSED
PRPH2	REEP6	ENSP00000230381	ENSP00000233596	0.464	True	True	594.9	87.4	True	True	BOTH_EXPRESSED
LRAT	RDH14	ENSP00000337224	ENSP00000370648	0.464	True	False	0.9	7.7	True	True	BOTH_EXPRESSED
AIPL1	ARR3	ENSP00000370521	ENSP00000311538	0.464	True	False	775.1	357.5	True	True	BOTH_EXPRESSED
SNRNP200	RBM17	ENSP00000317123	ENSP00000388638	0.464	True	False	62.7	38.6	True	True	BOTH_EXPRESSED
CLN3	MYH9	ENSP00000454229	ENSP00000216181	0.464	True	False	3.0	8.4	True	True	BOTH_EXPRESSED
SNRNP200	RBM3	ENSP00000317123	ENSP00000365950	0.464	True	False	62.7	47.6	True	True	BOTH_EXPRESSED
MVK	LCAT	ENSP00000228510	ENSP00000264005	0.464	True	False	3.2	2.6	True	True	BOTH_EXPRESSED
CNGA1	CABP4	ENSP00000384264	ENSP00000324960	0.464	True	False	244.8	63.1	True	True	BOTH_EXPRESSED
HK1	VCP	ENSP00000494664	ENSP00000351777	0.464	True	False	141.7	24.3	True	True	BOTH_EXPRESSED
SAG	RGS17	ENSP00000386444	ENSP00000206262	0.464	True	False	1359.9	1.5	True	True	BOTH_EXPRESSED
PRPF6	DHX15	ENSP00000266079	ENSP00000336741	0.464	True	False	33.8	37.1	True	True	BOTH_EXPRESSED
COQ2	PDHA1	ENSP00000310873	ENSP00000369134	0.464	True	False	3.7	20.2	True	True	BOTH_EXPRESSED
PRPF8	SLC7A6OS	ENSP00000460348	ENSP00000263997	0.463	True	False	76.4	8.2	True	True	BOTH_EXPRESSED
ARL3	MAPK9	ENSP00000260746	ENSP00000394560	0.463	True	False	89.3	19.8	True	True	BOTH_EXPRESSED
PRPF8	ACIN1	ENSP00000460348	ENSP00000262710	0.463	True	False	76.4	36.0	True	True	BOTH_EXPRESSED
SLC4A7	SLC1A1	ENSP00000390394	ENSP00000262352	0.463	True	False	67.5	5.5	True	True	BOTH_EXPRESSED
IFT140	TTBK2	ENSP00000406012	ENSP00000267890	0.463	True	False	5.9	16.4	True	True	BOTH_EXPRESSED
CERKL	USH1G	ENSP00000341159	ENSP00000480279	0.463	True	False	19.5	0.7	True	True	BOTH_EXPRESSED
TBC1D32	HACE1	ENSP00000381270	ENSP00000262903	0.463	True	False	6.9	10.7	True	True	BOTH_EXPRESSED
RDH12	UBE2E3	ENSP00000449079	ENSP00000473623	0.463	True	False	206.6	63.4	True	True	BOTH_EXPRESSED
SNRNP200	DIDO1	ENSP00000317123	ENSP00000266070	0.463	True	False	62.7	18.4	True	True	BOTH_EXPRESSED
PRPF31	HSPA4L	ENSP00000324122	ENSP00000296464	0.463	True	False	7.6	25.0	True	True	BOTH_EXPRESSED
CRX	OPN4	ENSP00000221996	ENSP00000361141	0.463	True	False	202.2	0.8	True	True	BOTH_EXPRESSED
TBC1D32	CPLANE2	ENSP00000381270	ENSP00000364749	0.463	True	False	6.9	2.1	True	True	BOTH_EXPRESSED
CNGB1	RD3	ENSP00000251102	ENSP00000355969	0.463	True	False	557.0	43.8	True	True	BOTH_EXPRESSED
SLC7A14	SLC7A5	ENSP00000231706	ENSP00000261622	0.463	True	False	5.7	39.5	True	True	BOTH_EXPRESSED
RHO	CCK	ENSP00000296271	ENSP00000379472	0.463	True	False	3767.6	4.1	True	True	BOTH_EXPRESSED
MERTK	MSR1	ENSP00000295408	ENSP00000405453	0.463	True	False	15.4	5.4	True	True	BOTH_EXPRESSED
IDH3G	CHMP2A	ENSP00000217901	ENSP00000469240	0.463	True	False	22.7	64.4	True	True	BOTH_EXPRESSED
RHO	SERPINA6	ENSP00000296271	ENSP00000342850	0.463	True	False	3767.6	0.0	True	True	BELOW_THRESHOLD
TOPORS	BRMS1L	ENSP00000353735	ENSP00000216807	0.463	True	False	10.6	7.6	True	True	BOTH_EXPRESSED
SAG	HSP90AB1	ENSP00000386444	ENSP00000360609	0.463	True	False	1359.9	314.7	True	True	BOTH_EXPRESSED
TTC8	RABEPK	ENSP00000482306	ENSP00000362639	0.463	True	False	34.7	14.6	True	True	BOTH_EXPRESSED
PRPF6	LUC7L2	ENSP00000266079	ENSP00000347005	0.463	True	False	33.8	40.3	True	True	BOTH_EXPRESSED
AHI1	NEK9	ENSP00000265602	ENSP00000238616	0.463	True	False	25.2	15.3	True	True	BOTH_EXPRESSED
IDH3B	NDUFV2	ENSP00000482773	ENSP00000327268	0.463	True	False	42.7	120.2	True	True	BOTH_EXPRESSED
SNRNP200	THRAP3	ENSP00000317123	ENSP00000346634	0.463	True	False	62.7	37.9	True	True	BOTH_EXPRESSED
PCARE	LCA5	ENSP00000332809	ENSP00000376686	0.463	True	False	26.4	12.7	True	True	BOTH_EXPRESSED
HK1	PPIF	ENSP00000494664	ENSP00000225174	0.463	True	False	141.7	8.2	True	True	BOTH_EXPRESSED
RBP3	GUCA1A-2	ENSP00000463151	ENSP00000362049	0.463	True	False	504.0		True	False	UNKNOWN
RDH12	FDX2	ENSP00000449079	ENSP00000377311	0.463	True	False	206.6	7.0	True	True	BOTH_EXPRESSED
CLN3	YIF1A	ENSP00000454229	ENSP00000366098	0.462	True	False	3.0	11.4	True	True	BOTH_EXPRESSED
CFAP20	H2BC21	ENSP00000262498	ENSP00000358151	0.462	True	False	26.4	63.1	True	True	BOTH_EXPRESSED
LRAT	RARB	ENSP00000337224	ENSP00000332296	0.462	True	False	0.9	9.6	True	True	BOTH_EXPRESSED
RAX2	OR11H12	ENSP00000450456	ENSP00000449002	0.462	True	False	59.9	0.0	True	True	BELOW_THRESHOLD
RP1L1	CC2D2A	ENSP00000371923	ENSP00000403465	0.462	True	True	41.0	78.4	True	True	BOTH_EXPRESSED
MVK	NUS1	ENSP00000228510	ENSP00000357480	0.462	True	False	3.2	11.6	True	True	BOTH_EXPRESSED
TULP1	RBP3	ENSP00000229771	ENSP00000463151	0.462	True	True	194.3	504.0	True	True	BOTH_EXPRESSED
COQ5	DPH2	ENSP00000288532	ENSP00000255108	0.462	True	False	24.3	3.2	True	True	BOTH_EXPRESSED
DHX38	UBE2D2	ENSP00000268482	ENSP00000381717	0.462	True	False	12.3	35.9	True	True	BOTH_EXPRESSED
COQ5	UQCC1	ENSP00000288532	ENSP00000363506	0.462	True	False	24.3	27.5	True	True	BOTH_EXPRESSED
RBP3	GUCA1A	ENSP00000463151	ENSP00000053469	0.462	True	True	504.0	703.2	True	True	BOTH_EXPRESSED
HK1	OGDH	ENSP00000494664	ENSP00000388183	0.462	True	False	141.7	24.1	True	True	BOTH_EXPRESSED
SLC24A1	OPN1SW	ENSP00000261892	ENSP00000249389	0.462	True	False	179.2	38.0	True	True	BOTH_EXPRESSED
CEP250	CDH23	ENSP00000380661	ENSP00000224721	0.462	True	False	9.2	13.4	True	True	BOTH_EXPRESSED
PRPF8	EIF3D	ENSP00000460348	ENSP00000216190	0.462	True	False	76.4	42.3	True	True	BOTH_EXPRESSED
PRPF6	RDH12	ENSP00000266079	ENSP00000449079	0.462	True	True	33.8	206.6	True	True	BOTH_EXPRESSED
GNAT1	NPHP3	ENSP00000232461	ENSP00000338766	0.462	True	False	1040.7	2.9	True	True	BOTH_EXPRESSED
PRPF8	NUDCD2	ENSP00000460348	ENSP00000304854	0.462	True	False	76.4	6.8	True	True	BOTH_EXPRESSED
PRPF8	CCT4	ENSP00000460348	ENSP00000377958	0.462	True	False	76.4	52.6	True	True	BOTH_EXPRESSED
PRPF8	HSP90B1	ENSP00000460348	ENSP00000299767	0.462	True	False	76.4	171.9	True	True	BOTH_EXPRESSED
RPGR	RP2	ENSP00000495537	ENSP00000218340	0.462	True	True	11.2	3.9	True	True	BOTH_EXPRESSED
RCBTB1	OR6N2	ENSP00000367552	ENSP00000493148	0.462	True	False	45.9	0.0	True	True	BELOW_THRESHOLD
CFAP20	H2AC18	ENSP00000262498	ENSP00000358155	0.462	True	False	26.4	0.0	True	True	BELOW_THRESHOLD
IMPDH1	KDM6B	ENSP00000345096	ENSP00000254846	0.462	True	False	98.6	5.8	True	True	BOTH_EXPRESSED
RCBTB1	MT-ND4	ENSP00000367552	ENSP00000354961	0.462	True	False	45.9	13076.9	True	True	BOTH_EXPRESSED
IFT140	DTHD1	ENSP00000406012	ENSP00000401597	0.462	True	False	5.9	0.0	True	True	BELOW_THRESHOLD
RPE65	PDE6C	ENSP00000262340	ENSP00000360502	0.462	True	False	7.8	21.4	True	True	BOTH_EXPRESSED
IDH3B	GPD1	ENSP00000482773	ENSP00000301149	0.462	True	False	42.7	0.9	True	True	BOTH_EXPRESSED
NRL	CEP290	ENSP00000454062	ENSP00000448012	0.462	True	False	294.2	6.6	True	True	BOTH_EXPRESSED
OFD1	IFT57	ENSP00000344314	ENSP00000264538	0.462	True	False	2.3	22.2	True	True	BOTH_EXPRESSED
PRPF6	HSPA8	ENSP00000266079	ENSP00000437125	0.462	True	False	33.8	492.5	True	True	BOTH_EXPRESSED
SLC4A7	TJP1	ENSP00000390394	ENSP00000348416	0.461	True	False	67.5	9.3	True	True	BOTH_EXPRESSED
C19orf44	CASC3	ENSP00000221671	ENSP00000264645	0.461	True	False	3.4	36.2	True	True	BOTH_EXPRESSED
SNRNP200	SEC62	ENSP00000317123	ENSP00000337688	0.461	True	False	62.7	119.4	True	True	BOTH_EXPRESSED
MVK	RUSC1	ENSP00000228510	ENSP00000357336	0.461	True	False	3.2	10.9	True	True	BOTH_EXPRESSED
REEP6	SEC61B	ENSP00000233596	ENSP00000223641	0.461	True	False	87.4	44.9	True	True	BOTH_EXPRESSED
REEP6	ARR3	ENSP00000233596	ENSP00000311538	0.461	True	False	87.4	357.5	True	True	BOTH_EXPRESSED
PDSS1	NECTIN4	ENSP00000365388	ENSP00000356991	0.461	True	False	1.7	0.0	True	True	BELOW_THRESHOLD
PRPF31	SMN1	ENSP00000324122	ENSP00000370083	0.461	True	False	7.6	11.2	True	True	BOTH_EXPRESSED
RPGR	PDE6H	ENSP00000495537	ENSP00000266395	0.461	True	False	11.2	844.1	True	True	BOTH_EXPRESSED
RAX2	RDH5	ENSP00000450456	ENSP00000257895	0.461	True	False	59.9	3.0	True	True	BOTH_EXPRESSED
GUCA1A	KCNV2	ENSP00000053469	ENSP00000371514	0.461	True	False	703.2	268.2	True	True	BOTH_EXPRESSED
CFAP410	VAPB	ENSP00000381047	ENSP00000417175	0.461	True	False	9.2	13.3	True	True	BOTH_EXPRESSED
IMPDH1	POLRMT	ENSP00000345096	ENSP00000465759	0.461	True	False	98.6	5.3	True	True	BOTH_EXPRESSED
FAM161A	CETN2	ENSP00000385158	ENSP00000359300	0.461	True	False	26.9	37.1	True	True	BOTH_EXPRESSED
SLC4A7	TFRC	ENSP00000390394	ENSP00000376197	0.461	True	False	67.5	27.3	True	True	BOTH_EXPRESSED
COQ2	PMPCA	ENSP00000310873	ENSP00000360782	0.461	True	False	3.7	4.6	True	True	BOTH_EXPRESSED
COQ2	COX10	ENSP00000310873	ENSP00000261643	0.461	True	False	3.7	5.2	True	True	BOTH_EXPRESSED
PCARE	VASP	ENSP00000332809	ENSP00000245932	0.461	True	False	26.4	5.8	True	True	BOTH_EXPRESSED
IDH3A	PGAM1	ENSP00000299518	ENSP00000359991	0.461	True	False	23.8	390.1	True	True	BOTH_EXPRESSED
IDH3A	PCK2	ENSP00000299518	ENSP00000216780	0.461	True	False	23.8	2.4	True	True	BOTH_EXPRESSED
PRPF8	UNC119	ENSP00000460348	ENSP00000337040	0.461	True	False	76.4	1084.9	True	True	BOTH_EXPRESSED
PRPF8	GCN1	ENSP00000460348	ENSP00000300648	0.461	True	False	76.4	8.2	True	True	BOTH_EXPRESSED
SAG	ZPR1	ENSP00000386444	ENSP00000227322	0.461	True	False	1359.9	5.2	True	True	BOTH_EXPRESSED
CLCC1	NRSN2	ENSP00000349456	ENSP00000371728	0.461	True	False	10.5	52.8	True	True	BOTH_EXPRESSED
RHO	FZD5	ENSP00000296271	ENSP00000354607	0.461	True	False	3767.6	10.1	True	True	BOTH_EXPRESSED
ZNF408	ZFPL1	ENSP00000309606	ENSP00000294258	0.461	True	False	1.2	7.0	True	True	BOTH_EXPRESSED
TOPORS	BTBD2	ENSP00000353735	ENSP00000255608	0.461	True	False	10.6	15.7	True	True	BOTH_EXPRESSED
ARL3	RPGRIP1	ENSP00000260746	ENSP00000382895	0.461	True	False	89.3	171.2	True	True	BOTH_EXPRESSED
ARL3	AHI1	ENSP00000260746	ENSP00000265602	0.461	True	True	89.3	25.2	True	True	BOTH_EXPRESSED
CNGB1	GRK7	ENSP00000251102	ENSP00000264952	0.461	True	False	557.0	10.4	True	True	BOTH_EXPRESSED
CDHR1	USH1C	ENSP00000485478	ENSP00000005226	0.461	True	False	291.2	17.6	True	True	BOTH_EXPRESSED
SLC7A14	RP9	ENSP00000231706	ENSP00000297157	0.461	True	False	5.7	14.0	True	True	BOTH_EXPRESSED
CEP162	IFT88	ENSP00000385215	ENSP00000323580	0.461	True	False	2.6	30.2	True	True	BOTH_EXPRESSED
CEP162	ARL13B	ENSP00000385215	ENSP00000377769	0.46	True	False	2.6	16.8	True	True	BOTH_EXPRESSED
CDHR1	RDH12	ENSP00000485478	ENSP00000449079	0.46	True	True	291.2	206.6	True	True	BOTH_EXPRESSED
RDH12	C5orf34	ENSP00000449079	ENSP00000303490	0.46	True	False	206.6	0.5	True	True	BOTH_EXPRESSED
PRPF4	PUF60	ENSP00000363313	ENSP00000434359	0.46	True	False	12.1	2.1	True	True	BOTH_EXPRESSED
NR2E3	GNB3	ENSP00000482504	ENSP00000229264	0.46	True	False	121.9	396.1	True	True	BOTH_EXPRESSED
IMPG2	GUCY2D	ENSP00000193391	ENSP00000254854	0.46	True	True	282.9	31.7	True	True	BOTH_EXPRESSED
SCLT1	CCDC14	ENSP00000281142	ENSP00000420180	0.46	True	False	2.7	40.0	True	True	BOTH_EXPRESSED
USH2A	AIPL1	ENSP00000305941	ENSP00000370521	0.46	True	True	17.8	775.1	True	True	BOTH_EXPRESSED
PRPF8	PPIL3	ENSP00000460348	ENSP00000286175	0.46	True	False	76.4	17.7	True	True	BOTH_EXPRESSED
PDSS1	RUSC2	ENSP00000365388	ENSP00000393922	0.46	True	False	1.7	11.3	True	True	BOTH_EXPRESSED
PRPF8	SRPK1	ENSP00000460348	ENSP00000362931	0.46	True	False	76.4	23.9	True	True	BOTH_EXPRESSED
CERKL	ASAH2	ENSP00000341159	ENSP00000378897	0.46	True	False	19.5	6.8	True	True	BOTH_EXPRESSED
CEP250	MYO7A	ENSP00000380661	ENSP00000386331	0.46	True	False	9.2	25.4	True	True	BOTH_EXPRESSED
CRX	PRKN	ENSP00000221996	ENSP00000355865	0.46	True	False	202.2	1.3	True	True	BOTH_EXPRESSED
SAG	GNAO1	ENSP00000386444	ENSP00000262494	0.46	True	False	1359.9	48.0	True	True	BOTH_EXPRESSED
COQ8B	FDX2	ENSP00000315118	ENSP00000377311	0.46	True	False	1.2	7.0	True	True	BOTH_EXPRESSED
TOPORS	TBL2	ENSP00000353735	ENSP00000307260	0.46	True	False	10.6	1.0	True	True	BOTH_EXPRESSED
OFD1	CETN3	ENSP00000344314	ENSP00000428259	0.46	True	False	2.3	32.7	True	True	BOTH_EXPRESSED
CC2D2A	BBS4	ENSP00000403465	ENSP00000268057	0.46	True	False	78.4	42.0	True	True	BOTH_EXPRESSED
ARHGEF18	CDC42BPB	ENSP00000482647	ENSP00000355237	0.46	True	False	4.6	19.5	True	True	BOTH_EXPRESSED
ARL3	NPHP1	ENSP00000260746	ENSP00000313169	0.46	True	False	89.3	10.0	True	True	BOTH_EXPRESSED
PRPF6	PRCC	ENSP00000266079	ENSP00000271526	0.46	True	False	33.8	24.7	True	True	BOTH_EXPRESSED
IDH3G	NDUFS7	ENSP00000217901	ENSP00000233627	0.46	True	False	22.7	5.3	True	True	BOTH_EXPRESSED
SLC37A3	MKLN1	ENSP00000321498	ENSP00000323527	0.46	True	False	10.4	20.3	True	True	BOTH_EXPRESSED
BBS2	NEK8	ENSP00000245157	ENSP00000268766	0.46	True	False	12.0	0.5	True	True	BOTH_EXPRESSED
PRPF8	SRSF10	ENSP00000460348	ENSP00000420195	0.46	True	False	76.4	43.0	True	True	BOTH_EXPRESSED
PRPH2	ARR3	ENSP00000230381	ENSP00000311538	0.46	True	False	594.9	357.5	True	True	BOTH_EXPRESSED
PRPF8	CHD4	ENSP00000460348	ENSP00000440542	0.46	True	False	76.4	41.7	True	True	BOTH_EXPRESSED
RAX2	CACNA1F	ENSP00000450456	ENSP00000365441	0.46	True	False	59.9	116.2	True	True	BOTH_EXPRESSED
DHX38	MINAR1	ENSP00000268482	ENSP00000307461	0.46	True	False	12.3	6.3	True	True	BOTH_EXPRESSED
DHX38	NUP205	ENSP00000268482	ENSP00000285968	0.46	True	False	12.3	13.7	True	True	BOTH_EXPRESSED
IFT140	KBTBD12	ENSP00000406012	ENSP00000385957	0.46	True	False	5.9	0.7	True	True	BOTH_EXPRESSED
SCLT1	SEPTIN2	ENSP00000281142	ENSP00000479861	0.459	True	False	2.7	105.6	True	True	BOTH_EXPRESSED
RPE65	CABP4	ENSP00000262340	ENSP00000324960	0.459	True	False	7.8	63.1	True	True	BOTH_EXPRESSED
PRPF6	SRSF5	ENSP00000266079	ENSP00000452123	0.459	True	False	33.8	216.4	True	True	BOTH_EXPRESSED
IMPDH1	HDDC2	ENSP00000345096	ENSP00000381220	0.459	True	False	98.6	29.2	True	True	BOTH_EXPRESSED
RAX2	HACD4	ENSP00000450456	ENSP00000419503	0.459	True	False	59.9	1.2	True	True	BOTH_EXPRESSED
TMEM216	BBS4	ENSP00000334844	ENSP00000268057	0.459	True	False	10.8	42.0	True	True	BOTH_EXPRESSED
ARL2BP	FSD1	ENSP00000219204	ENSP00000221856	0.459	True	False	34.8	1.7	True	True	BOTH_EXPRESSED
TOPORS	RANGAP1	ENSP00000353735	ENSP00000401470	0.459	True	False	10.6	30.2	True	True	BOTH_EXPRESSED
SPATA7	IFT88	ENSP00000377176	ENSP00000323580	0.459	True	False	9.4	30.2	True	True	BOTH_EXPRESSED
GUCA1A	RCVRN	ENSP00000053469	ENSP00000226193	0.459	True	False	703.2	430.9	True	True	BOTH_EXPRESSED
DYNC2H1	BBS2	ENSP00000497174	ENSP00000245157	0.459	True	True	9.5	12.0	True	True	BOTH_EXPRESSED
ARHGEF18	PITPNM1	ENSP00000482647	ENSP00000348772	0.459	True	False	4.6	37.8	True	True	BOTH_EXPRESSED
RHO	RGS7	ENSP00000296271	ENSP00000355523	0.459	True	False	3767.6	3.9	True	True	BOTH_EXPRESSED
CLCC1	GPSM2	ENSP00000349456	ENSP00000385510	0.459	True	False	10.5	6.0	True	True	BOTH_EXPRESSED
PRPF8	RBM3	ENSP00000460348	ENSP00000365950	0.459	True	False	76.4	47.6	True	True	BOTH_EXPRESSED
DHDDS	ALG8	ENSP00000353104	ENSP00000299626	0.459	True	False	30.3	9.7	True	True	BOTH_EXPRESSED
IDH3B	NELFCD	ENSP00000482773	ENSP00000473290	0.459	True	False	42.7	29.6	True	True	BOTH_EXPRESSED
RBP3	ROM1	ENSP00000463151	ENSP00000278833	0.459	True	False	504.0	1101.4	True	True	BOTH_EXPRESSED
IDH3G	OAT	ENSP00000217901	ENSP00000357838	0.459	True	False	22.7	47.4	True	True	BOTH_EXPRESSED
PRPF3	PROM1	ENSP00000315379	ENSP00000426809	0.459	True	False	40.3	252.8	True	True	BOTH_EXPRESSED
PDE6A	RGR	ENSP00000255266	ENSP00000352427	0.459	True	False	1001.0	129.0	True	True	BOTH_EXPRESSED
INPP5E	SCIN	ENSP00000360777	ENSP00000297029	0.459	True	False	6.9	2.2	True	True	BOTH_EXPRESSED
CFAP20	EFCAB11	ENSP00000262498	ENSP00000326267	0.459	True	False	26.4	5.7	True	True	BOTH_EXPRESSED
INPP5E	CACTIN	ENSP00000360777	ENSP00000415078	0.459	True	False	6.9	4.3	True	True	BOTH_EXPRESSED
KLHL7	ARIH1	ENSP00000343273	ENSP00000369217	0.459	True	False	13.9	9.7	True	True	BOTH_EXPRESSED
KIZ	PIBF1	ENSP00000479542	ENSP00000317144	0.459	True	False	18.7	9.4	True	True	BOTH_EXPRESSED
SAG	HSP90AA1	ENSP00000386444	ENSP00000335153	0.459	True	False	1359.9	1044.8	True	True	BOTH_EXPRESSED
SAG	SHH	ENSP00000386444	ENSP00000297261	0.459	True	False	1359.9	0.2	True	True	BOTH_EXPRESSED
CRX	CALB1	ENSP00000221996	ENSP00000265431	0.459	True	False	202.2	50.9	True	True	BOTH_EXPRESSED
CRX	GUCA1A-2	ENSP00000221996	ENSP00000362049	0.459	True	False	202.2		True	False	UNKNOWN
CEP250	BCL9L	ENSP00000380661	ENSP00000335320	0.459	True	False	9.2	2.8	True	True	BOTH_EXPRESSED
SNRNP200	TRIP12	ENSP00000317123	ENSP00000373696	0.459	True	False	62.7	36.7	True	True	BOTH_EXPRESSED
AHI1	KIAA0556	ENSP00000265602	ENSP00000261588	0.459	True	False	25.2		True	False	UNKNOWN
ARL2BP	BSDC1	ENSP00000219204	ENSP00000344816	0.459	True	False	34.8	20.1	True	True	BOTH_EXPRESSED
COQ5	UQCRFS1	ENSP00000288532	ENSP00000306397	0.459	True	False	24.3	24.7	True	True	BOTH_EXPRESSED
IMPDH1	SHMT2	ENSP00000345096	ENSP00000333667	0.459	True	False	98.6	12.9	True	True	BOTH_EXPRESSED
PRPF8	RBM25	ENSP00000460348	ENSP00000261973	0.459	True	False	76.4	38.8	True	True	BOTH_EXPRESSED
PRPF8	PSMD14	ENSP00000460348	ENSP00000386541	0.459	True	False	76.4	35.1	True	True	BOTH_EXPRESSED
ARL3	MRPL45	ENSP00000260746	ENSP00000484903	0.459	True	False	89.3	1.3	True	True	BOTH_EXPRESSED
ARL3	KIF3B	ENSP00000260746	ENSP00000364864	0.459	True	False	89.3	28.6	True	True	BOTH_EXPRESSED
DHX38	ATXN1L	ENSP00000268482	ENSP00000415822	0.459	True	False	12.3	7.4	True	True	BOTH_EXPRESSED
PRPF3	BMS1	ENSP00000315379	ENSP00000363642	0.459	True	False	40.3	6.0	True	True	BOTH_EXPRESSED
PRPF3	THRAP3	ENSP00000315379	ENSP00000346634	0.459	True	False	40.3	37.9	True	True	BOTH_EXPRESSED
PRPF8	HNRNPF	ENSP00000460348	ENSP00000400433	0.459	True	False	76.4	74.0	True	True	BOTH_EXPRESSED
RPGR	RAB3IP	ENSP00000495537	ENSP00000447300	0.458	True	False	11.2	82.0	True	True	BOTH_EXPRESSED
PRPF6	FUS	ENSP00000266079	ENSP00000254108	0.458	True	False	33.8	55.2	True	True	BOTH_EXPRESSED
IMPDH1	CBSL	ENSP00000345096	ENSP00000485527	0.458	True	False	98.6		True	False	UNKNOWN
IDH3A	GART	ENSP00000299518	ENSP00000371253	0.458	True	False	23.8	19.3	True	True	BOTH_EXPRESSED
MERTK	CD4	ENSP00000295408	ENSP00000011653	0.458	True	False	15.4	9.8	True	True	BOTH_EXPRESSED
ARL3	ARL2	ENSP00000260746	ENSP00000246747	0.458	True	False	89.3	40.5	True	True	BOTH_EXPRESSED
RPGR	RHEB	ENSP00000495537	ENSP00000262187	0.458	True	False	11.2	99.0	True	True	BOTH_EXPRESSED
CRX	IMPG1	ENSP00000221996	ENSP00000358966	0.458	True	True	202.2	621.3	True	True	BOTH_EXPRESSED
OFD1	CCNO	ENSP00000344314	ENSP00000282572	0.458	True	False	2.3	0.1	True	True	BOTH_EXPRESSED
BBS9	CCT8	ENSP00000242067	ENSP00000286788	0.458	True	False	20.3	66.0	True	True	BOTH_EXPRESSED
HGSNAT	MAN2B1	ENSP00000368965	ENSP00000395473	0.458	True	False	12.6	1.4	True	True	BOTH_EXPRESSED
AHI1	HDAC6	ENSP00000265602	ENSP00000365804	0.458	True	False	25.2	7.0	True	True	BOTH_EXPRESSED
IMPDH1	CBS	ENSP00000345096	ENSP00000381231	0.458	True	False	98.6	3.3	True	True	BOTH_EXPRESSED
COQ5	PET100	ENSP00000288532	ENSP00000470539	0.458	True	False	24.3	65.8	True	True	BOTH_EXPRESSED
CC2D2A	IFT52	ENSP00000403465	ENSP00000362121	0.458	True	False	78.4	14.0	True	True	BOTH_EXPRESSED
RHO	CNTF	ENSP00000296271	ENSP00000355370	0.458	True	False	3767.6	0.7	True	True	BOTH_EXPRESSED
RHO	SYP	ENSP00000296271	ENSP00000263233	0.458	True	False	3767.6	288.2	True	True	BOTH_EXPRESSED
PRPF8	RPLP1	ENSP00000460348	ENSP00000346037	0.458	True	False	76.4	146.4	True	True	BOTH_EXPRESSED
BBS1	WNT5B	ENSP00000317469	ENSP00000380379	0.458	True	False	19.9	5.0	True	True	BOTH_EXPRESSED
IDH3A	SLC25A4	ENSP00000299518	ENSP00000281456	0.458	True	False	23.8	18.4	True	True	BOTH_EXPRESSED
SCLT1	CCDC73	ENSP00000281142	ENSP00000335325	0.458	True	False	2.7	0.2	True	True	BOTH_EXPRESSED
CYP4V2	CYB5B	ENSP00000368079	ENSP00000308430	0.458	True	False	13.1	26.2	True	True	BOTH_EXPRESSED
IDH3B	COQ9	ENSP00000482773	ENSP00000262507	0.458	True	False	42.7	10.9	True	True	BOTH_EXPRESSED
FAM161A	HSP90AA1	ENSP00000385158	ENSP00000335153	0.457	True	False	26.9	1044.8	True	True	BOTH_EXPRESSED
RLBP1	GNAT2	ENSP00000268125	ENSP00000251337	0.457	True	False	246.4	73.0	True	True	BOTH_EXPRESSED
TOPORS	MTAP	ENSP00000353735	ENSP00000494373	0.457	True	False	10.6	3.5	True	True	BOTH_EXPRESSED
INPP5E	PIKFYVE	ENSP00000360777	ENSP00000264380	0.457	True	False	6.9	16.0	True	True	BOTH_EXPRESSED
OFD1	CEP76	ENSP00000344314	ENSP00000262127	0.457	True	False	2.3	4.2	True	True	BOTH_EXPRESSED
SAG	P3H3	ENSP00000386444	ENSP00000478600	0.457	True	False	1359.9	3.8	True	True	BOTH_EXPRESSED
INPP5E	VPS13B	ENSP00000360777	ENSP00000351346	0.457	True	False	6.9	4.6	True	True	BOTH_EXPRESSED
COQ2	PLPPR4	ENSP00000310873	ENSP00000359204	0.457	True	False	3.7	6.6	True	True	BOTH_EXPRESSED
AHI1	WDR19	ENSP00000265602	ENSP00000382717	0.457	True	False	25.2	12.0	True	True	BOTH_EXPRESSED
CLN3	NAGLU	ENSP00000454229	ENSP00000225927	0.457	True	False	3.0	2.9	True	True	BOTH_EXPRESSED
RDH12	CNGA3	ENSP00000449079	ENSP00000272602	0.457	True	False	206.6	5.4	True	True	BOTH_EXPRESSED
FLVCR1	ABCB8	ENSP00000355938	ENSP00000297504	0.457	True	False	6.3	8.1	True	True	BOTH_EXPRESSED
CLN3	HSD17B12	ENSP00000454229	ENSP00000278353	0.457	True	False	3.0	43.5	True	True	BOTH_EXPRESSED
CFAP20	H2AC20	ENSP00000262498	ENSP00000332194	0.457	True	False	26.4	0.4	True	True	BOTH_EXPRESSED
COQ5	SQLE	ENSP00000288532	ENSP00000265896	0.457	True	False	24.3	16.5	True	True	BOTH_EXPRESSED
IFT140	CPLANE2	ENSP00000406012	ENSP00000364749	0.457	True	False	5.9	2.1	True	True	BOTH_EXPRESSED
IFT140	LCA5	ENSP00000406012	ENSP00000376686	0.457	True	False	5.9	12.7	True	True	BOTH_EXPRESSED
IFT140	DNALI1	ENSP00000406012	ENSP00000296218	0.457	True	False	5.9	10.9	True	True	BOTH_EXPRESSED
IDH3A	ATP5MG	ENSP00000299518	ENSP00000300688	0.457	True	False	23.8	101.0	True	True	BOTH_EXPRESSED
SLC4A7	FCGR1B	ENSP00000390394	ENSP00000358391	0.457	True	False	67.5		True	False	UNKNOWN
CREB3	ARNT	ENSP00000342136	ENSP00000351407	0.457	True	False	21.7	36.3	True	True	BOTH_EXPRESSED
BBS2	ACOX3	ENSP00000245157	ENSP00000348775	0.457	True	False	12.0	3.5	True	True	BOTH_EXPRESSED
RHO	ICAM1	ENSP00000296271	ENSP00000264832	0.457	True	False	3767.6	9.8	True	True	BOTH_EXPRESSED
PRPF8	SRSF7	ENSP00000460348	ENSP00000325905	0.457	True	False	76.4	23.1	True	True	BOTH_EXPRESSED
RBP3	GRK7	ENSP00000463151	ENSP00000264952	0.457	True	False	504.0	10.4	True	True	BOTH_EXPRESSED
USH2A	CNGA3	ENSP00000305941	ENSP00000272602	0.457	True	False	17.8	5.4	True	True	BOTH_EXPRESSED
USH2A	SLCO6A1	ENSP00000305941	ENSP00000421339	0.457	True	False	17.8	0.0	True	True	BELOW_THRESHOLD
IDH3G	NDUFS8	ENSP00000217901	ENSP00000315774	0.457	True	False	22.7	45.9	True	True	BOTH_EXPRESSED
IDH3G	TOMM7	ENSP00000217901	ENSP00000351214	0.457	True	False	22.7	374.2	True	True	BOTH_EXPRESSED
SCLT1	JPH4	ENSP00000281142	ENSP00000380307	0.457	True	False	2.7	10.2	True	True	BOTH_EXPRESSED
SCLT1	TPM1	ENSP00000281142	ENSP00000351022	0.457	True	False	2.7	77.7	True	True	BOTH_EXPRESSED
RPGR	FAM126A	ENSP00000495537	ENSP00000403396	0.456	True	False	11.2		True	False	UNKNOWN
NR2E3	FOXN4	ENSP00000482504	ENSP00000299162	0.456	True	False	121.9	0.4	True	True	BOTH_EXPRESSED
PRPH2	UNC119	ENSP00000230381	ENSP00000337040	0.456	True	False	594.9	1084.9	True	True	BOTH_EXPRESSED
IDH3G	BCAT2	ENSP00000217901	ENSP00000322991	0.456	True	False	22.7	5.2	True	True	BOTH_EXPRESSED
COQ2	VANGL2	ENSP00000310873	ENSP00000357040	0.456	True	False	3.7	4.0	True	True	BOTH_EXPRESSED
RHO	MT-CO1	ENSP00000296271	ENSP00000354499	0.456	True	False	3767.6	11587.8	True	True	BOTH_EXPRESSED
RHO	SLC9A3R1	ENSP00000296271	ENSP00000262613	0.456	True	False	3767.6	12.1	True	True	BOTH_EXPRESSED
DHX38	SEH1L	ENSP00000268482	ENSP00000382779	0.456	True	False	12.3	6.0	True	True	BOTH_EXPRESSED
SLC37A3	SETD4	ENSP00000321498	ENSP00000382163	0.456	True	False	10.4	8.9	True	True	BOTH_EXPRESSED
TULP1	RGR	ENSP00000229771	ENSP00000352427	0.456	True	False	194.3	129.0	True	True	BOTH_EXPRESSED
TULP1	TTC21B	ENSP00000229771	ENSP00000243344	0.456	True	False	194.3	6.9	True	True	BOTH_EXPRESSED
TTC8	PCM1	ENSP00000482306	ENSP00000327077	0.456	True	False	34.7	52.9	True	True	BOTH_EXPRESSED
HK1	SRC	ENSP00000494664	ENSP00000362680	0.456	True	False	141.7	3.5	True	True	BOTH_EXPRESSED
SNRNP200	HNRNPR	ENSP00000317123	ENSP00000363745	0.456	True	False	62.7	37.2	True	True	BOTH_EXPRESSED
CRX	CPLX4	ENSP00000221996	ENSP00000299721	0.456	True	False	202.2	291.7	True	True	BOTH_EXPRESSED
PRPF6	EIF2AK1	ENSP00000266079	ENSP00000199389	0.456	True	False	33.8	26.8	True	True	BOTH_EXPRESSED
CEP162	TMEM80	ENSP00000385215	ENSP00000380646	0.456	True	False	2.6	8.6	True	True	BOTH_EXPRESSED
IMPDH1	SHMT1	ENSP00000345096	ENSP00000318868	0.456	True	False	98.6	2.6	True	True	BOTH_EXPRESSED
PCARE	ENAH	ENSP00000332809	ENSP00000355809	0.456	True	False	26.4	6.5	True	True	BOTH_EXPRESSED
FLVCR1	HMOX1	ENSP00000355938	ENSP00000216117	0.456	True	False	6.3	1.6	True	True	BOTH_EXPRESSED
NR2E3	TUB	ENSP00000482504	ENSP00000305426	0.456	True	False	121.9	76.5	True	True	BOTH_EXPRESSED
GUCY2D	RDH5	ENSP00000254854	ENSP00000257895	0.456	True	False	31.7	3.0	True	True	BOTH_EXPRESSED
ARHGEF18	POLG	ENSP00000482647	ENSP00000399851	0.456	True	False	4.6	1.6	True	True	BOTH_EXPRESSED
OFD1	CCDC103	ENSP00000344314	ENSP00000391692	0.456	True	False	2.3	3.8	True	True	BOTH_EXPRESSED
PRPF8	PPIB	ENSP00000460348	ENSP00000300026	0.455	True	False	76.4	67.2	True	True	BOTH_EXPRESSED
ZNF408	GAPDHS	ENSP00000309606	ENSP00000222286	0.455	True	False	1.2	3.3	True	True	BOTH_EXPRESSED
ARL3	GOLGA4	ENSP00000260746	ENSP00000349305	0.455	True	False	89.3	47.8	True	True	BOTH_EXPRESSED
USH2A	PRPF3	ENSP00000305941	ENSP00000315379	0.455	True	True	17.8	40.3	True	True	BOTH_EXPRESSED
PRPH2	RBP3	ENSP00000230381	ENSP00000463151	0.455	True	True	594.9	504.0	True	True	BOTH_EXPRESSED
HK1	GYS1	ENSP00000494664	ENSP00000317904	0.455	True	False	141.7	17.8	True	True	BOTH_EXPRESSED
RHO	TAS2R16	ENSP00000296271	ENSP00000249284	0.455	True	False	3767.6	0.0	True	True	BELOW_THRESHOLD
RP1	STAM2	ENSP00000220676	ENSP00000263904	0.455	True	False	218.9	10.3	True	True	BOTH_EXPRESSED
SAG	TRAF3	ENSP00000386444	ENSP00000376500	0.455	True	False	1359.9	2.7	True	True	BOTH_EXPRESSED
COQ5	NOC4L	ENSP00000288532	ENSP00000328854	0.455	True	False	24.3	0.8	True	True	BOTH_EXPRESSED
RP1L1	CDHR1	ENSP00000371923	ENSP00000485478	0.455	True	True	41.0	291.2	True	True	BOTH_EXPRESSED
TBC1D32	MPP7	ENSP00000381270	ENSP00000337907	0.455	True	False	6.9	9.2	True	True	BOTH_EXPRESSED
GUCA1A	GUCA2B	ENSP00000053469	ENSP00000361662	0.455	True	False	703.2	0.0	True	True	BELOW_THRESHOLD
KLHL7	TGM7	ENSP00000343273	ENSP00000389466	0.455	True	False	13.9	0.0	True	True	BELOW_THRESHOLD
IMPDH1	POLR3B	ENSP00000345096	ENSP00000228347	0.455	True	False	98.6	5.9	True	True	BOTH_EXPRESSED
CEP250	RNF34	ENSP00000380661	ENSP00000376258	0.455	True	False	9.2	17.9	True	True	BOTH_EXPRESSED
SNRNP200	TFAP4	ENSP00000317123	ENSP00000204517	0.455	True	False	62.7	0.6	True	True	BOTH_EXPRESSED
LRAT	RBM46	ENSP00000337224	ENSP00000281722	0.455	True	False	0.9	0.0	True	True	BELOW_THRESHOLD
SAG	SLC24A1	ENSP00000386444	ENSP00000261892	0.455	True	True	1359.9	179.2	True	True	BOTH_EXPRESSED
SAG	IFT88	ENSP00000386444	ENSP00000323580	0.455	True	False	1359.9	30.2	True	True	BOTH_EXPRESSED
IDH3G	ATP5PD	ENSP00000217901	ENSP00000301587	0.455	True	False	22.7	237.2	True	True	BOTH_EXPRESSED
RP1	STAM	ENSP00000220676	ENSP00000366746	0.455	True	False	218.9	10.4	True	True	BOTH_EXPRESSED
HK1	ARNT	ENSP00000494664	ENSP00000351407	0.455	True	False	141.7	36.3	True	True	BOTH_EXPRESSED
IDH3A	TALDO1	ENSP00000299518	ENSP00000321259	0.455	True	False	23.8	31.6	True	True	BOTH_EXPRESSED
SLC24A1	ACP4	ENSP00000261892	ENSP00000270593	0.455	True	False	179.2	0.0	True	True	BELOW_THRESHOLD
BBS2	TCTN1	ENSP00000245157	ENSP00000380779	0.455	True	False	12.0	2.8	True	True	BOTH_EXPRESSED
PRPF8	SRSF9	ENSP00000460348	ENSP00000229390	0.455	True	False	76.4	4.2	True	True	BOTH_EXPRESSED
DHX38	NOP14	ENSP00000268482	ENSP00000405068	0.455	True	False	12.3	6.5	True	True	BOTH_EXPRESSED
SLC4A7	RALGAPA1	ENSP00000390394	ENSP00000490119	0.455	True	False	67.5	36.5	True	True	BOTH_EXPRESSED
SCLT1	FAM111B	ENSP00000281142	ENSP00000341565	0.454	True	False	2.7	0.9	True	True	BOTH_EXPRESSED
DHDDS	COASY	ENSP00000353104	ENSP00000464814	0.454	True	False	30.3	12.4	True	True	BOTH_EXPRESSED
SNRNP200	RHO	ENSP00000317123	ENSP00000296271	0.454	True	True	62.7	3767.6	True	True	BOTH_EXPRESSED
EYS	CNGA3	ENSP00000359655	ENSP00000272602	0.454	True	False	23.1	5.4	True	True	BOTH_EXPRESSED
C19orf44	BCAT1	ENSP00000221671	ENSP00000443459	0.454	True	False	3.4	13.4	True	True	BOTH_EXPRESSED
NRL	RRH	ENSP00000454062	ENSP00000314992	0.454	True	False	294.2	70.0	True	True	BOTH_EXPRESSED
DHDDS	FEN1	ENSP00000353104	ENSP00000305480	0.454	True	False	30.3	16.2	True	True	BOTH_EXPRESSED
PRPH2	GNGT1	ENSP00000230381	ENSP00000248572	0.454	True	False	594.9	1760.3	True	True	BOTH_EXPRESSED
CREB3	RTN3	ENSP00000342136	ENSP00000367050	0.454	True	False	21.7	180.1	True	True	BOTH_EXPRESSED
CLCC1	ZNF584	ENSP00000349456	ENSP00000306756	0.454	True	False	10.5	2.5	True	True	BOTH_EXPRESSED
DHX38	RCL1	ENSP00000268482	ENSP00000371169	0.454	True	False	12.3	3.5	True	True	BOTH_EXPRESSED
RCBTB1	ZNF608	ENSP00000367552	ENSP00000307746	0.454	True	False	45.9	20.2	True	True	BOTH_EXPRESSED
COQ2	NDUFS2	ENSP00000310873	ENSP00000356972	0.454	True	False	3.7	33.5	True	True	BOTH_EXPRESSED
SLC4A7	SLC9A8	ENSP00000390394	ENSP00000416418	0.454	True	False	67.5	3.7	True	True	BOTH_EXPRESSED
INPP5E	ARL3	ENSP00000360777	ENSP00000260746	0.454	True	True	6.9	89.3	True	True	BOTH_EXPRESSED
INPP5E	PLA2G6	ENSP00000360777	ENSP00000333142	0.454	True	False	6.9	7.7	True	True	BOTH_EXPRESSED
USH2A	SNRNP200	ENSP00000305941	ENSP00000317123	0.454	True	True	17.8	62.7	True	True	BOTH_EXPRESSED
USH2A	HSPG2	ENSP00000305941	ENSP00000363827	0.454	True	False	17.8	0.3	True	True	BOTH_EXPRESSED
IDH3G	PQBP1	ENSP00000217901	ENSP00000498362	0.454	True	False	22.7	25.2	True	True	BOTH_EXPRESSED
GNAT1	VSX2	ENSP00000232461	ENSP00000261980	0.454	True	False	1040.7	68.4	True	True	BOTH_EXPRESSED
CEP162	NIN	ENSP00000385215	ENSP00000371472	0.454	True	False	2.6	16.7	True	True	BOTH_EXPRESSED
CDHR1	PDE6A	ENSP00000485478	ENSP00000255266	0.454	True	True	291.2	1001.0	True	True	BOTH_EXPRESSED
CDHR1	RGR	ENSP00000485478	ENSP00000352427	0.454	True	False	291.2	129.0	True	True	BOTH_EXPRESSED
FAM161A	TRAP1	ENSP00000385158	ENSP00000246957	0.454	True	False	26.9	20.7	True	True	BOTH_EXPRESSED
IMPDH1	FBL	ENSP00000345096	ENSP00000221801	0.454	True	False	98.6	21.6	True	True	BOTH_EXPRESSED
CDHR1	RGS9BP	ENSP00000485478	ENSP00000334134	0.454	True	False	291.2	16.1	True	True	BOTH_EXPRESSED
CERKL	CEP290	ENSP00000341159	ENSP00000448012	0.454	True	False	19.5	6.6	True	True	BOTH_EXPRESSED
CRX	SOX2	ENSP00000221996	ENSP00000323588	0.454	True	False	202.2	13.9	True	True	BOTH_EXPRESSED
SNRNP200	U2SURP	ENSP00000317123	ENSP00000418563	0.454	True	False	62.7	48.0	True	True	BOTH_EXPRESSED
RHO	TNPO1	ENSP00000296271	ENSP00000336712	0.454	True	False	3767.6	74.5	True	True	BOTH_EXPRESSED
GUCY2D	RGS9	ENSP00000254854	ENSP00000262406	0.454	True	False	31.7	1.2	True	True	BOTH_EXPRESSED
INPP5E	ARFIP2	ENSP00000360777	ENSP00000484121	0.454	True	False	6.9	26.3	True	True	BOTH_EXPRESSED
PRPH2	SAG	ENSP00000230381	ENSP00000386444	0.454	True	True	594.9	1359.9	True	True	BOTH_EXPRESSED
TMEM216	BBS7	ENSP00000334844	ENSP00000264499	0.454	True	False	10.8	52.4	True	True	BOTH_EXPRESSED
C19orf44	ARHGEF40	ENSP00000221671	ENSP00000298694	0.454	True	False	3.4	2.6	True	True	BOTH_EXPRESSED
TMEM216	TMEM19	ENSP00000334844	ENSP00000266673	0.454	True	False	10.8	12.8	True	True	BOTH_EXPRESSED
SAG	RGS12	ENSP00000386444	ENSP00000339381	0.454	True	False	1359.9	3.5	True	True	BOTH_EXPRESSED
COQ5	AS3MT	ENSP00000288532	ENSP00000358896	0.454	True	False	24.3	3.8	True	True	BOTH_EXPRESSED
PRPF31	RBM39	ENSP00000324122	ENSP00000253363	0.454	True	False	7.6	45.8	True	True	BOTH_EXPRESSED
TMEM216	IFT57	ENSP00000334844	ENSP00000264538	0.454	True	False	10.8	22.2	True	True	BOTH_EXPRESSED
BEST1	ANO2	ENSP00000399709	ENSP00000348453	0.453	True	False	6.2	190.9	True	True	BOTH_EXPRESSED
CRB1	LLGL2	ENSP00000356370	ENSP00000376333	0.453	True	False	69.2	9.7	True	True	BOTH_EXPRESSED
CEP250	CENPA	ENSP00000380661	ENSP00000336868	0.453	True	False	9.2	0.0	True	True	BELOW_THRESHOLD
SNRNP200	MEPCE	ENSP00000317123	ENSP00000308546	0.453	True	False	62.7	10.5	True	True	BOTH_EXPRESSED
PRPF8	PPIAL4H	ENSP00000460348	ENSP00000464619	0.453	True	False	76.4	0.3	True	True	BOTH_EXPRESSED
PRPF8	PRPF40B	ENSP00000460348	ENSP00000448073	0.453	True	False	76.4	11.2	True	True	BOTH_EXPRESSED
PRPF8	HSPE1	ENSP00000460348	ENSP00000233893	0.453	True	False	76.4	79.4	True	True	BOTH_EXPRESSED
CEP162	CAMSAP2	ENSP00000385215	ENSP00000236925	0.453	True	False	2.6	24.2	True	True	BOTH_EXPRESSED
PRPF6	RBM39	ENSP00000266079	ENSP00000253363	0.453	True	False	33.8	45.8	True	True	BOTH_EXPRESSED
COQ5	KMO	ENSP00000288532	ENSP00000355517	0.453	True	False	24.3	0.1	True	True	BOTH_EXPRESSED
CDHR1	CNGA1	ENSP00000485478	ENSP00000384264	0.453	True	True	291.2	244.8	True	True	BOTH_EXPRESSED
RDH12	IFT140	ENSP00000449079	ENSP00000406012	0.453	True	True	206.6	5.9	True	True	BOTH_EXPRESSED
CRX	VSX2	ENSP00000221996	ENSP00000261980	0.453	True	False	202.2	68.4	True	True	BOTH_EXPRESSED
CLN3	CLCN6	ENSP00000454229	ENSP00000234488	0.453	True	False	3.0	14.1	True	True	BOTH_EXPRESSED
CNGA1	OPN1LW	ENSP00000384264	ENSP00000358967	0.453	True	False	244.8	237.8	True	True	BOTH_EXPRESSED
SPATA7	EML5	ENSP00000377176	ENSP00000451998	0.453	True	False	9.4	8.4	True	True	BOTH_EXPRESSED
PRPF8	PPIAL4D	ENSP00000460348	ENSP00000439444	0.453	True	False	76.4	0.0	True	True	BELOW_THRESHOLD
ARL3	RPS18	ENSP00000260746	ENSP00000393241	0.453	True	False	89.3	646.1	True	True	BOTH_EXPRESSED
CREB3	FOXF1	ENSP00000342136	ENSP00000262426	0.453	True	False	21.7	0.2	True	True	BOTH_EXPRESSED
USH2A	RPS23	ENSP00000305941	ENSP00000296674	0.453	True	False	17.8	435.5	True	True	BOTH_EXPRESSED
USH2A	LAMB2	ENSP00000305941	ENSP00000307156	0.453	True	False	17.8	10.9	True	True	BOTH_EXPRESSED
PRPF3	MUC5B	ENSP00000315379	ENSP00000436812	0.453	True	False	40.3	0.0	True	True	BELOW_THRESHOLD
PRPF8	PPIAL4C	ENSP00000460348	ENSP00000463057	0.453	True	False	76.4	0.3	True	True	BOTH_EXPRESSED
KIAA1549	OR10A4	ENSP00000416040	ENSP00000369157	0.453	True	False	5.3	0.0	True	True	BELOW_THRESHOLD
PRPF8	GNL3	ENSP00000460348	ENSP00000395772	0.453	True	False	76.4	14.8	True	True	BOTH_EXPRESSED
NRL	THRB	ENSP00000454062	ENSP00000379904	0.453	True	False	294.2	18.6	True	True	BOTH_EXPRESSED
RPGR	PIH1D3	ENSP00000495537	ENSP00000441930	0.453	True	False	11.2		True	False	UNKNOWN
SLC4A7	MTR	ENSP00000390394	ENSP00000355536	0.453	True	False	67.5	5.1	True	True	BOTH_EXPRESSED
RCBTB1	UBE2E3	ENSP00000367552	ENSP00000473623	0.453	True	False	45.9	63.4	True	True	BOTH_EXPRESSED
PRPF8	RPL7	ENSP00000460348	ENSP00000339795	0.453	True	False	76.4	823.5	True	True	BOTH_EXPRESSED
PRPF8	PPIAL4E	ENSP00000460348	ENSP00000463419	0.453	True	False	76.4	0.0	True	True	BELOW_THRESHOLD
PRPF8	PPIAL4F	ENSP00000460348	ENSP00000485638	0.453	True	False	76.4	0.0	True	True	BELOW_THRESHOLD
PRPF8	PPIAL4G	ENSP00000460348	ENSP00000393845	0.453	True	False	76.4	0.7	True	True	BOTH_EXPRESSED
PRPF8	PPIAL4A	ENSP00000460348	ENSP00000485206	0.453	True	False	76.4	0.0	True	True	BELOW_THRESHOLD
CNGB1	GNGT2	ENSP00000251102	ENSP00000421710	0.453	True	False	557.0	145.5	True	True	BOTH_EXPRESSED
COQ8B	SMARCAL1	ENSP00000315118	ENSP00000349823	0.453	True	False	1.2	2.7	True	True	BOTH_EXPRESSED
TOPORS	ZNF106	ENSP00000353735	ENSP00000263805	0.453	True	False	10.6	20.3	True	True	BOTH_EXPRESSED
CRB1	KIF3A	ENSP00000356370	ENSP00000385808	0.453	True	False	69.2	31.3	True	True	BOTH_EXPRESSED
SLC7A14	GALNT3	ENSP00000231706	ENSP00000376465	0.453	True	False	5.7	3.4	True	True	BOTH_EXPRESSED
KIZ	VSIG10L	ENSP00000479542	ENSP00000335623	0.453	True	False	18.7	0.0	True	True	BELOW_THRESHOLD
CLRN1	NR2E3	ENSP00000329158	ENSP00000482504	0.452	True	True	11.8	121.9	True	True	BOTH_EXPRESSED
PRPH2	PITPNM1	ENSP00000230381	ENSP00000348772	0.452	True	False	594.9	37.8	True	True	BOTH_EXPRESSED
SLC24A1	EFHD1	ENSP00000261892	ENSP00000264059	0.452	True	False	179.2	8.5	True	True	BOTH_EXPRESSED
DHDDS	RPE65	ENSP00000353104	ENSP00000262340	0.452	True	True	30.3	7.8	True	True	BOTH_EXPRESSED
RPGR	CHM	ENSP00000495537	ENSP00000350386	0.452	True	False	11.2	8.7	True	True	BOTH_EXPRESSED
PDE6G	APOBEC3H	ENSP00000328412	ENSP00000385741	0.452	True	False	1904.6	0.5	True	True	BOTH_EXPRESSED
IDH3G	PFKM	ENSP00000217901	ENSP00000496597	0.452	True	False	22.7	79.2	True	True	BOTH_EXPRESSED
CEP162	CAPN6	ENSP00000385215	ENSP00000317214	0.452	True	False	2.6	0.0	True	True	BELOW_THRESHOLD
PDE6G	GRB2	ENSP00000328412	ENSP00000376345	0.452	True	False	1904.6	22.3	True	True	BOTH_EXPRESSED
ARL3	IFT122	ENSP00000260746	ENSP00000296266	0.452	True	False	89.3	0.9	True	True	BOTH_EXPRESSED
BCOR	TTK	ENSP00000367705	ENSP00000358813	0.452	True	False	13.1	1.7	True	True	BOTH_EXPRESSED
SLC4A7	SLC16A3	ENSP00000390394	ENSP00000463978	0.452	True	False	67.5	5.3	True	True	BOTH_EXPRESSED
FAM161A	HSP90AB1	ENSP00000385158	ENSP00000360609	0.452	True	False	26.9	314.7	True	True	BOTH_EXPRESSED
FAM161A	TSC1	ENSP00000385158	ENSP00000298552	0.452	True	False	26.9	7.7	True	True	BOTH_EXPRESSED
NR2E3	GNGT1	ENSP00000482504	ENSP00000248572	0.452	True	False	121.9	1760.3	True	True	BOTH_EXPRESSED
NR2E3	SMAD6	ENSP00000482504	ENSP00000288840	0.452	True	False	121.9	0.8	True	True	BOTH_EXPRESSED
CRX	RPGRIP1L	ENSP00000221996	ENSP00000493946	0.452	True	False	202.2	2.6	True	True	BOTH_EXPRESSED
OFD1	BBS10	ENSP00000344314	ENSP00000497413	0.452	True	False	2.3	10.5	True	True	BOTH_EXPRESSED
SAG	CNR1	ENSP00000386444	ENSP00000358513	0.452	True	False	1359.9	1.1	True	True	BOTH_EXPRESSED
SAG	CNGB1	ENSP00000386444	ENSP00000251102	0.452	True	True	1359.9	557.0	True	True	BOTH_EXPRESSED
CYP4V2	KLKB1	ENSP00000368079	ENSP00000264690	0.452	True	False	13.1	10.9	True	True	BOTH_EXPRESSED
USH2A	LRAT	ENSP00000305941	ENSP00000337224	0.452	True	True	17.8	0.9	True	True	BOTH_EXPRESSED
MERTK	IL4	ENSP00000295408	ENSP00000231449	0.452	True	False	15.4	0.5	True	True	BOTH_EXPRESSED
MERTK	IFNG	ENSP00000295408	ENSP00000229135	0.452	True	False	15.4	0.0	True	True	BELOW_THRESHOLD
PRPF3	BRD2	ENSP00000315379	ENSP00000378702	0.452	True	False	40.3	9.4	True	True	BOTH_EXPRESSED
AHI1	IFT20	ENSP00000265602	ENSP00000464443	0.452	True	False	25.2	24.7	True	True	BOTH_EXPRESSED
MAK	FZR1	ENSP00000346484	ENSP00000378529	0.452	True	False	110.1	5.2	True	True	BOTH_EXPRESSED
CNGB1	ANK3	ENSP00000251102	ENSP00000280772	0.452	True	False	557.0	115.3	True	True	BOTH_EXPRESSED
GUCY2D	TTLL10	ENSP00000254854	ENSP00000368592	0.452	True	False	31.7	0.0	True	True	BELOW_THRESHOLD
CFAP410	TTLL5	ENSP00000381047	ENSP00000298832	0.452	True	False	9.2	22.2	True	True	BOTH_EXPRESSED
BEST1	SLC16A8	ENSP00000399709	ENSP00000321735	0.452	True	False	6.2	0.1	True	True	BOTH_EXPRESSED
LRAT	EYS	ENSP00000337224	ENSP00000359655	0.452	True	True	0.9	23.1	True	True	BOTH_EXPRESSED
LRAT	ROM1	ENSP00000337224	ENSP00000278833	0.452	True	False	0.9	1101.4	True	True	BOTH_EXPRESSED
PRPF31	ACIN1	ENSP00000324122	ENSP00000262710	0.452	True	False	7.6	36.0	True	True	BOTH_EXPRESSED
CFAP20	TCEA3	ENSP00000262498	ENSP00000406293	0.452	True	False	26.4	3.0	True	True	BOTH_EXPRESSED
SNRNP200	RANBP2	ENSP00000317123	ENSP00000283195	0.452	True	False	62.7	25.7	True	True	BOTH_EXPRESSED
GNAT1	GUCA1A-2	ENSP00000232461	ENSP00000362049	0.452	True	False	1040.7		True	False	UNKNOWN
CEP162	TCTN2	ENSP00000385215	ENSP00000304941	0.451	True	False	2.6	16.3	True	True	BOTH_EXPRESSED
SCLT1	CDCP2	ENSP00000281142	ENSP00000489959	0.451	True	False	2.7	0.0	True	True	BELOW_THRESHOLD
AHI1	WWOX	ENSP00000265602	ENSP00000457230	0.451	True	False	25.2	6.0	True	True	BOTH_EXPRESSED
PDE6B	CD8A	ENSP00000420295	ENSP00000386559	0.451	True	False	357.2	0.0	True	True	BELOW_THRESHOLD
INPP5E	CRAMP1	ENSP00000360777	ENSP00000380559	0.451	True	False	6.9	9.2	True	True	BOTH_EXPRESSED
PRPF3	PPIG	ENSP00000315379	ENSP00000260970	0.451	True	False	40.3	27.1	True	True	BOTH_EXPRESSED
RBP3	FOXP3	ENSP00000463151	ENSP00000365380	0.451	True	False	504.0	0.4	True	True	BOTH_EXPRESSED
BBS1	MAPRE3	ENSP00000317469	ENSP00000233121	0.451	True	False	19.9	65.4	True	True	BOTH_EXPRESSED
SLC4A7	SLC16A4	ENSP00000390394	ENSP00000358794	0.451	True	False	67.5	2.1	True	True	BOTH_EXPRESSED
DYNC2H1	ABL2	ENSP00000497174	ENSP00000427562	0.451	True	False	9.5	8.8	True	True	BOTH_EXPRESSED
GUCA1A	GNGT1	ENSP00000053469	ENSP00000248572	0.451	True	False	703.2	1760.3	True	True	BOTH_EXPRESSED
HK1	XYLB	ENSP00000494664	ENSP00000207870	0.451	True	False	141.7	1.9	True	True	BOTH_EXPRESSED
HK1	HSPA5	ENSP00000494664	ENSP00000324173	0.451	True	False	141.7	97.5	True	True	BOTH_EXPRESSED
CRB1	MIB1	ENSP00000356370	ENSP00000261537	0.451	True	False	69.2	7.6	True	True	BOTH_EXPRESSED
TOPORS	SATB1	ENSP00000353735	ENSP00000399518	0.451	True	False	10.6	26.8	True	True	BOTH_EXPRESSED
RLBP1	ATOH7	ENSP00000268125	ENSP00000362777	0.451	True	False	246.4	0.3	True	True	BOTH_EXPRESSED
IFT172	PPIP5K1	ENSP00000260570	ENSP00000400887	0.451	True	False	5.3	49.6	True	True	BOTH_EXPRESSED
HGSNAT	SCARA3	ENSP00000368965	ENSP00000301904	0.451	True	False	12.6	8.1	True	True	BOTH_EXPRESSED
IFT172	RFX4	ENSP00000260570	ENSP00000350552	0.451	True	False	5.3	0.2	True	True	BOTH_EXPRESSED
CNGB1	RTP2	ENSP00000251102	ENSP00000350976	0.451	True	False	557.0	0.0	True	True	BELOW_THRESHOLD
RHO	ZNF513	ENSP00000296271	ENSP00000318373	0.451	True	False	3767.6	4.4	True	True	BOTH_EXPRESSED
RHO	TAS2R1	ENSP00000296271	ENSP00000371932	0.451	True	False	3767.6	0.2	True	True	BOTH_EXPRESSED
ARHGEF18	CDC42	ENSP00000482647	ENSP00000497733	0.451	True	False	4.6	52.7	True	True	BOTH_EXPRESSED
CFAP20	RELB	ENSP00000262498	ENSP00000221452	0.451	True	False	26.4	0.1	True	True	BOTH_EXPRESSED
FLVCR1	SLC19A2	ENSP00000355938	ENSP00000236137	0.451	True	False	6.3	6.9	True	True	BOTH_EXPRESSED
EYS	PCDH15	ENSP00000359655	ENSP00000363068	0.451	True	False	23.1	57.2	True	True	BOTH_EXPRESSED
AHI1	BBS5	ENSP00000265602	ENSP00000295240	0.451	True	False	25.2	11.3	True	True	BOTH_EXPRESSED
ARL2BP	EAF1	ENSP00000219204	ENSP00000380054	0.451	True	False	34.8	7.2	True	True	BOTH_EXPRESSED
EYS	USH1C	ENSP00000359655	ENSP00000005226	0.451	True	False	23.1	17.6	True	True	BOTH_EXPRESSED
CRX	NMNAT1	ENSP00000221996	ENSP00000366410	0.451	True	False	202.2	4.8	True	True	BOTH_EXPRESSED
FLVCR1	SLC20A2	ENSP00000355938	ENSP00000429754	0.451	True	False	6.3	7.0	True	True	BOTH_EXPRESSED
PCARE	USH1G	ENSP00000332809	ENSP00000480279	0.451	True	False	26.4	0.7	True	True	BOTH_EXPRESSED
CRX	ELAVL3	ENSP00000221996	ENSP00000352162	0.451	True	False	202.2	5.6	True	True	BOTH_EXPRESSED
MERTK	IRF8	ENSP00000295408	ENSP00000268638	0.451	True	False	15.4	0.5	True	True	BOTH_EXPRESSED
RP2	ARL13A	ENSP00000218340	ENSP00000398637	0.451	True	False	3.9	0.3	True	True	BOTH_EXPRESSED
PRPF6	DNAJC17	ENSP00000266079	ENSP00000220496	0.45	True	False	33.8	5.0	True	True	BOTH_EXPRESSED
PRPF6	IMPDH1	ENSP00000266079	ENSP00000345096	0.45	True	True	33.8	98.6	True	True	BOTH_EXPRESSED
PRPF6	TOPORS	ENSP00000266079	ENSP00000353735	0.45	True	True	33.8	10.6	True	True	BOTH_EXPRESSED
PRPF6	ZNF830	ENSP00000266079	ENSP00000354518	0.45	True	False	33.8	5.9	True	True	BOTH_EXPRESSED
CDHR1	JUP	ENSP00000485478	ENSP00000377508	0.45	True	False	291.2	4.4	True	True	BOTH_EXPRESSED
CEP162	CEP83	ENSP00000385215	ENSP00000380911	0.45	True	False	2.6	4.4	True	True	BOTH_EXPRESSED
PRPH2	RCOR1	ENSP00000230381	ENSP00000262241	0.45	True	False	594.9	5.8	True	True	BOTH_EXPRESSED
SNRNP200	DDX42	ENSP00000317123	ENSP00000464050	0.45	True	False	62.7	32.9	True	True	BOTH_EXPRESSED
GNAT1	DNAJC6	ENSP00000232461	ENSP00000360108	0.45	True	False	1040.7	48.9	True	True	BOTH_EXPRESSED
PRPF4	HNRNPU	ENSP00000363313	ENSP00000491215	0.45	True	False	12.1	118.0	True	True	BOTH_EXPRESSED
NR2E3	GRK7	ENSP00000482504	ENSP00000264952	0.45	True	False	121.9	10.4	True	True	BOTH_EXPRESSED
PRPF31	SHFL	ENSP00000324122	ENSP00000253110	0.45	True	False	7.6	13.9	True	True	BOTH_EXPRESSED
SLC66A1	ZSWIM2	ENSP00000364295	ENSP00000295131	0.45	True	False	11.2	0.0	True	True	BELOW_THRESHOLD
SLC66A1	NPRL3	ENSP00000364295	ENSP00000483814	0.45	True	False	11.2	6.6	True	True	BOTH_EXPRESSED
CERKL	PDE6C	ENSP00000341159	ENSP00000360502	0.45	True	False	19.5	21.4	True	True	BOTH_EXPRESSED
MVK	LIPC	ENSP00000228510	ENSP00000299022	0.45	True	False	3.2	0.1	True	True	BOTH_EXPRESSED
SLC24A1	CRYBA1	ENSP00000261892	ENSP00000225387	0.45	True	False	179.2	0.2	True	True	BOTH_EXPRESSED
USH2A	DERL1	ENSP00000305941	ENSP00000259512	0.45	True	False	17.8	27.4	True	True	BOTH_EXPRESSED
BBS1	GPR161	ENSP00000317469	ENSP00000441039	0.45	True	False	19.9	1.9	True	True	BOTH_EXPRESSED
TOPORS	TRIM28	ENSP00000353735	ENSP00000253024	0.45	True	False	10.6	36.6	True	True	BOTH_EXPRESSED
BBS2	CCT8	ENSP00000245157	ENSP00000286788	0.45	True	False	12.0	66.0	True	True	BOTH_EXPRESSED
DHX38	RBM19	ENSP00000268482	ENSP00000442053	0.45	True	False	12.3	7.1	True	True	BOTH_EXPRESSED
IDH3A	GAPDH	ENSP00000299518	ENSP00000380070	0.45	True	False	23.8	2216.3	True	True	BOTH_EXPRESSED
BBS9	NPHP3	ENSP00000242067	ENSP00000338766	0.45	True	False	20.3	2.9	True	True	BOTH_EXPRESSED
SLC4A7	GJA1	ENSP00000390394	ENSP00000282561	0.45	True	False	67.5	3.1	True	True	BOTH_EXPRESSED
SLC4A7	DEPDC1B	ENSP00000390394	ENSP00000265036	0.45	True	False	67.5	0.1	True	True	BOTH_EXPRESSED
ZNF408	LGR4	ENSP00000309606	ENSP00000368516	0.45	True	False	1.2	41.1	True	True	BOTH_EXPRESSED
IDH3G	TOMM70	ENSP00000217901	ENSP00000284320	0.45	True	False	22.7	42.0	True	True	BOTH_EXPRESSED
CREB3	C18orf25	ENSP00000342136	ENSP00000481626	0.45	True	False	21.7	25.6	True	True	BOTH_EXPRESSED
INPP5E	IFT88	ENSP00000360777	ENSP00000323580	0.45	True	False	6.9	30.2	True	True	BOTH_EXPRESSED
MERTK	TYRO3	ENSP00000295408	ENSP00000263798	0.45	True	False	15.4	2.4	True	True	BOTH_EXPRESSED
SAG	TAAR5	ENSP00000386444	ENSP00000258034	0.45	True	False	1359.9	0.0	True	True	BELOW_THRESHOLD
COQ5	CHCHD7	ENSP00000288532	ENSP00000306425	0.45	True	False	24.3	30.2	True	True	BOTH_EXPRESSED
CLN3	GRN	ENSP00000454229	ENSP00000053867	0.45	True	False	3.0	11.6	True	True	BOTH_EXPRESSED
AHI1	CCDC28B	ENSP00000265602	ENSP00000413017	0.45	True	False	25.2	4.8	True	True	BOTH_EXPRESSED
COQ5	APTX	ENSP00000288532	ENSP00000369145	0.45	True	False	24.3	7.4	True	True	BOTH_EXPRESSED
POMGNT1	EXT2	ENSP00000361060	ENSP00000379032	0.449	True	False	10.1	15.2	True	True	BOTH_EXPRESSED
DHX38	RANBP3	ENSP00000268482	ENSP00000341483	0.449	True	False	12.3	17.9	True	True	BOTH_EXPRESSED
IDH3B	DHDDS	ENSP00000482773	ENSP00000353104	0.449	True	True	42.7	30.3	True	True	BOTH_EXPRESSED
PDSS1	SUCLA2	ENSP00000365388	ENSP00000494360	0.449	True	False	1.7	40.9	True	True	BOTH_EXPRESSED
TTC8	TECTB	ENSP00000482306	ENSP00000494896	0.449	True	False	34.7	0.0	True	True	BELOW_THRESHOLD
TMEM216	SLC30A5	ENSP00000334844	ENSP00000379836	0.449	True	False	10.8	17.1	True	True	BOTH_EXPRESSED
DHX38	NUP37	ENSP00000268482	ENSP00000448054	0.449	True	False	12.3	10.1	True	True	BOTH_EXPRESSED
PRPF3	SRSF2	ENSP00000315379	ENSP00000376276	0.449	True	False	40.3	49.5	True	True	BOTH_EXPRESSED
OFD1	WDR34	ENSP00000344314	ENSP00000361800	0.449	True	False	2.3		True	False	UNKNOWN
MAK	TM4SF19	ENSP00000346484	ENSP00000273695	0.449	True	False	110.1	0.4	True	True	BOTH_EXPRESSED
MAK	MCM8-2	ENSP00000346484	ENSP00000498784	0.449	True	False	110.1		True	False	UNKNOWN
MAK	MCM8	ENSP00000346484	ENSP00000368164	0.449	True	False	110.1	4.9	True	True	BOTH_EXPRESSED
CFAP410	VCP	ENSP00000381047	ENSP00000351777	0.449	True	False	9.2	24.3	True	True	BOTH_EXPRESSED
MAK	MCMDC2	ENSP00000346484	ENSP00000413632	0.449	True	False	110.1	4.1	True	True	BOTH_EXPRESSED
REEP6	ARL6IP1	ENSP00000233596	ENSP00000306788	0.449	True	False	87.4	292.6	True	True	BOTH_EXPRESSED
RDH12	ISX	ENSP00000449079	ENSP00000311492	0.449	True	False	206.6	0.0	True	True	BELOW_THRESHOLD
SPATA7	RHO	ENSP00000377176	ENSP00000296271	0.449	True	True	9.4	3767.6	True	True	BOTH_EXPRESSED
CRX	UNC119	ENSP00000221996	ENSP00000337040	0.449	True	False	202.2	1084.9	True	True	BOTH_EXPRESSED
PRPF6	DHDDS	ENSP00000266079	ENSP00000353104	0.449	True	True	33.8	30.3	True	True	BOTH_EXPRESSED
NR2E3	CACNA1F	ENSP00000482504	ENSP00000365441	0.449	True	False	121.9	116.2	True	True	BOTH_EXPRESSED
INPP5E	AP2A1	ENSP00000360777	ENSP00000351926	0.449	True	False	6.9	12.4	True	True	BOTH_EXPRESSED
IDH3A	CTBP1	ENSP00000299518	ENSP00000290921	0.449	True	False	23.8	26.4	True	True	BOTH_EXPRESSED
IDH3G	PCK2	ENSP00000217901	ENSP00000216780	0.449	True	False	22.7	2.4	True	True	BOTH_EXPRESSED
CREB3	BNIP3	ENSP00000342136	ENSP00000357625	0.449	True	False	21.7	118.2	True	True	BOTH_EXPRESSED
COQ5	VWA7	ENSP00000288532	ENSP00000364840	0.449	True	False	24.3	0.2	True	True	BOTH_EXPRESSED
BBS2	DYNC2LI1	ENSP00000245157	ENSP00000474032	0.449	True	False	12.0	40.7	True	True	BOTH_EXPRESSED
IFT140	TCTN1	ENSP00000406012	ENSP00000380779	0.449	True	False	5.9	2.8	True	True	BOTH_EXPRESSED
SAG	MAPK3	ENSP00000386444	ENSP00000263025	0.449	True	False	1359.9	66.4	True	True	BOTH_EXPRESSED
RHO	ARL13B	ENSP00000296271	ENSP00000377769	0.449	True	False	3767.6	16.8	True	True	BOTH_EXPRESSED
NRL	RAX	ENSP00000454062	ENSP00000334813	0.449	True	False	294.2	14.8	True	True	BOTH_EXPRESSED
IFT172	COPS5	ENSP00000260570	ENSP00000350512	0.449	True	False	5.3	36.8	True	True	BOTH_EXPRESSED
CREB3	EIF2B3	ENSP00000342136	ENSP00000353575	0.449	True	False	21.7	17.6	True	True	BOTH_EXPRESSED
RPGR	USH1C	ENSP00000495537	ENSP00000005226	0.449	True	False	11.2	17.6	True	True	BOTH_EXPRESSED
KLHL7	KLHL15	ENSP00000343273	ENSP00000332791	0.449	True	False	13.9	5.3	True	True	BOTH_EXPRESSED
USH2A	IQCB1	ENSP00000305941	ENSP00000311505	0.449	True	False	17.8	17.5	True	True	BOTH_EXPRESSED
PRPF3	RPS2	ENSP00000315379	ENSP00000341885	0.449	True	False	40.3	137.5	True	True	BOTH_EXPRESSED
IDH3G	NDUFB7	ENSP00000217901	ENSP00000215565	0.449	True	False	22.7	26.6	True	True	BOTH_EXPRESSED
DHDDS	CNGA1	ENSP00000353104	ENSP00000384264	0.448	True	True	30.3	244.8	True	True	BOTH_EXPRESSED
IDH3B	SNRPB	ENSP00000482773	ENSP00000412566	0.448	True	False	42.7	21.5	True	True	BOTH_EXPRESSED
RAX2	CACNA2D4	ENSP00000450456	ENSP00000372169	0.448	True	False	59.9	18.7	True	True	BOTH_EXPRESSED
CLRN1	RP9	ENSP00000329158	ENSP00000297157	0.448	True	False	11.8	14.0	True	True	BOTH_EXPRESSED
CLRN1	ROM1	ENSP00000329158	ENSP00000278833	0.448	True	False	11.8	1101.4	True	True	BOTH_EXPRESSED
NR2E3	LRAT	ENSP00000482504	ENSP00000337224	0.448	True	True	121.9	0.9	True	True	BOTH_EXPRESSED
NR2E3	GNGT2	ENSP00000482504	ENSP00000421710	0.448	True	False	121.9	145.5	True	True	BOTH_EXPRESSED
CERKL	PPM1A	ENSP00000341159	ENSP00000327255	0.448	True	False	19.5	47.3	True	True	BOTH_EXPRESSED
SNRNP200	EIF4A2	ENSP00000317123	ENSP00000326381	0.448	True	False	62.7	287.4	True	True	BOTH_EXPRESSED
GUCA1A	CABP4	ENSP00000053469	ENSP00000324960	0.448	True	False	703.2	63.1	True	True	BOTH_EXPRESSED
PRPF31	HNRNPM	ENSP00000324122	ENSP00000325376	0.448	True	False	7.6	118.2	True	True	BOTH_EXPRESSED
GNAT1	RGS7	ENSP00000232461	ENSP00000355523	0.448	True	False	1040.7	3.9	True	True	BOTH_EXPRESSED
PRPF4	NAT10	ENSP00000363313	ENSP00000257829	0.448	True	False	12.1	15.1	True	True	BOTH_EXPRESSED
PRPF6	TMEM236	ENSP00000266079	ENSP00000366715	0.448	True	False	33.8	0.2	True	True	BOTH_EXPRESSED
AHI1	ALDH5A1	ENSP00000265602	ENSP00000314649	0.448	True	False	25.2	10.1	True	True	BOTH_EXPRESSED
SAG	RGS13	ENSP00000386444	ENSP00000442837	0.448	True	False	1359.9	0.0	True	True	BELOW_THRESHOLD
SCLT1	DZIP1	ENSP00000281142	ENSP00000257312	0.448	True	False	2.7	3.7	True	True	BOTH_EXPRESSED
MERTK	PROM1	ENSP00000295408	ENSP00000426809	0.448	True	False	15.4	252.8	True	True	BOTH_EXPRESSED
ARL2BP	BCL2L11	ENSP00000219204	ENSP00000376943	0.448	True	False	34.8	11.9	True	True	BOTH_EXPRESSED
SAG	RGS10	ENSP00000386444	ENSP00000358099	0.448	True	False	1359.9	2.4	True	True	BOTH_EXPRESSED
ARHGEF18	SH3BP5L	ENSP00000482647	ENSP00000355428	0.448	True	False	4.6	4.9	True	True	BOTH_EXPRESSED
PDE6B	NCOR1	ENSP00000420295	ENSP00000268712	0.448	True	False	357.2	31.8	True	True	BOTH_EXPRESSED
ARL2BP	MICB	ENSP00000219204	ENSP00000252229	0.448	True	False	34.8	0.0	True	True	BELOW_THRESHOLD
CLCC1	MT-CO3	ENSP00000349456	ENSP00000354982	0.448	True	False	10.5	13152.1	True	True	BOTH_EXPRESSED
PRPF8	HSPA8	ENSP00000460348	ENSP00000437125	0.448	True	False	76.4	492.5	True	True	BOTH_EXPRESSED
PRPF3	QRICH1	ENSP00000315379	ENSP00000378830	0.448	True	False	40.3	15.1	True	True	BOTH_EXPRESSED
SLC4A7	CA4	ENSP00000390394	ENSP00000300900	0.448	True	False	67.5	0.0	True	True	BELOW_THRESHOLD
USH2A	TP53	ENSP00000305941	ENSP00000269305	0.448	True	False	17.8	3.8	True	True	BOTH_EXPRESSED
HGSNAT	SMPD1	ENSP00000368965	ENSP00000340409	0.448	True	False	12.6	7.9	True	True	BOTH_EXPRESSED
PRPF3	BRD3	ENSP00000315379	ENSP00000305918	0.448	True	False	40.3	9.8	True	True	BOTH_EXPRESSED
COQ8B	CD2AP	ENSP00000315118	ENSP00000352264	0.448	True	False	1.2	6.4	True	True	BOTH_EXPRESSED
RPE65	GFAP	ENSP00000262340	ENSP00000253408	0.448	True	False	7.8	128.3	True	True	BOTH_EXPRESSED
PDSS1	ALB	ENSP00000365388	ENSP00000295897	0.448	True	False	1.7	0.4	True	True	BOTH_EXPRESSED
COQ8B	HIGD1C	ENSP00000315118	ENSP00000381473	0.448	True	False	1.2	0.1	True	True	BOTH_EXPRESSED
IDH3G	TUFM	ENSP00000217901	ENSP00000322439	0.448	True	False	22.7	33.3	True	True	BOTH_EXPRESSED
PRPF6	PRCD	ENSP00000266079	ENSP00000467661	0.447	True	True	33.8	44.6	True	True	BOTH_EXPRESSED
PRPF6	PCARE	ENSP00000266079	ENSP00000332809	0.447	True	True	33.8	26.4	True	True	BOTH_EXPRESSED
IMPG2	RBM24	ENSP00000193391	ENSP00000368341	0.447	True	False	282.9	0.4	True	True	BOTH_EXPRESSED
PRPF6	BSG	ENSP00000266079	ENSP00000333769	0.447	True	False	33.8	176.2	True	True	BOTH_EXPRESSED
IMPG2	MAB21L2	ENSP00000193391	ENSP00000324701	0.447	True	False	282.9	6.8	True	True	BOTH_EXPRESSED
CDHR1	IMPG2	ENSP00000485478	ENSP00000193391	0.447	True	True	291.2	282.9	True	True	BOTH_EXPRESSED
FAM161A	PRPF3	ENSP00000385158	ENSP00000315379	0.447	True	True	26.9	40.3	True	True	BOTH_EXPRESSED
CRX	KCNJ13	ENSP00000221996	ENSP00000233826	0.447	True	False	202.2	12.7	True	True	BOTH_EXPRESSED
SPATA7	CNGA1	ENSP00000377176	ENSP00000384264	0.447	True	True	9.4	244.8	True	True	BOTH_EXPRESSED
PRPF31	LCA5	ENSP00000324122	ENSP00000376686	0.447	True	False	7.6	12.7	True	True	BOTH_EXPRESSED
RP1L1	PRSS55	ENSP00000371923	ENSP00000333003	0.447	True	False	41.0	0.0	True	True	BELOW_THRESHOLD
RP1L1	IMPG1	ENSP00000371923	ENSP00000358966	0.447	True	True	41.0	621.3	True	True	BOTH_EXPRESSED
SNRNP200	SRSF2	ENSP00000317123	ENSP00000376276	0.447	True	False	62.7	49.5	True	True	BOTH_EXPRESSED
SNRNP200	TOP1	ENSP00000317123	ENSP00000354522	0.447	True	False	62.7	23.9	True	True	BOTH_EXPRESSED
CERKL	SFTA3	ENSP00000341159	ENSP00000428331	0.447	True	False	19.5		True	False	UNKNOWN
DYNC2H1	WDR63	ENSP00000497174	ENSP00000294664	0.447	True	False	9.5		True	False	UNKNOWN
RDH12	OXSM	ENSP00000449079	ENSP00000280701	0.447	True	False	206.6	9.4	True	True	BOTH_EXPRESSED
FLVCR1	PCBP2	ENSP00000355938	ENSP00000352438	0.447	True	False	6.3	616.6	True	True	BOTH_EXPRESSED
PRPH2	TTLL5	ENSP00000230381	ENSP00000298832	0.447	True	False	594.9	22.2	True	True	BOTH_EXPRESSED
CLRN1	PDE6B	ENSP00000329158	ENSP00000420295	0.447	True	True	11.8	357.2	True	True	BOTH_EXPRESSED
FAM161A	GUCY2D	ENSP00000385158	ENSP00000254854	0.447	True	True	26.9	31.7	True	True	BOTH_EXPRESSED
IDH3B	CTBP1	ENSP00000482773	ENSP00000290921	0.447	True	False	42.7	26.4	True	True	BOTH_EXPRESSED
COQ8B	CD27	ENSP00000315118	ENSP00000266557	0.447	True	False	1.2	0.3	True	True	BOTH_EXPRESSED
CYP4V2	DHCR7	ENSP00000368079	ENSP00000347717	0.447	True	False	13.1	7.1	True	True	BOTH_EXPRESSED
DHX38	NTSR1	ENSP00000268482	ENSP00000359532	0.447	True	False	12.3	0.1	True	True	BOTH_EXPRESSED
BBS9	IFT43	ENSP00000242067	ENSP00000238628	0.447	True	False	20.3	23.2	True	True	BOTH_EXPRESSED
BEST1	EFEMP1	ENSP00000399709	ENSP00000378058	0.447	True	False	6.2	39.6	True	True	BOTH_EXPRESSED
OFD1	CCDC39	ENSP00000344314	ENSP00000417960	0.447	True	False	2.3	20.2	True	True	BOTH_EXPRESSED
TOPORS	USH2A	ENSP00000353735	ENSP00000305941	0.447	True	True	10.6	17.8	True	True	BOTH_EXPRESSED
TMEM216	CEP164	ENSP00000334844	ENSP00000278935	0.447	True	False	10.8	24.1	True	True	BOTH_EXPRESSED
RP1	NRL	ENSP00000220676	ENSP00000454062	0.447	True	True	218.9	294.2	True	True	BOTH_EXPRESSED
GUCY2D	NUB1	ENSP00000254854	ENSP00000454264	0.447	True	False	31.7	29.8	True	True	BOTH_EXPRESSED
PRPF3	HNRNPU	ENSP00000315379	ENSP00000491215	0.447	True	False	40.3	118.0	True	True	BOTH_EXPRESSED
IDH3B	C8orf37	ENSP00000482773	ENSP00000286688	0.447	True	False	42.7		True	False	UNKNOWN
IDH3B	MRPL21	ENSP00000482773	ENSP00000354580	0.447	True	False	42.7	27.5	True	True	BOTH_EXPRESSED
TULP1	SFTA3	ENSP00000229771	ENSP00000428331	0.447	True	False	194.3		True	False	UNKNOWN
IDH3A	CLTCL1	ENSP00000299518	ENSP00000441158	0.447	True	False	23.8	1.9	True	True	BOTH_EXPRESSED
USH2A	SPTA1	ENSP00000305941	ENSP00000495214	0.447	True	False	17.8	0.0	True	True	BELOW_THRESHOLD
USH2A	MUC17	ENSP00000305941	ENSP00000302716	0.447	True	False	17.8	0.0	True	True	BELOW_THRESHOLD
RPE65	NXNL1	ENSP00000262340	ENSP00000305631	0.447	True	False	7.8	59.7	True	True	BOTH_EXPRESSED
PRPF8	CAPZA1	ENSP00000460348	ENSP00000263168	0.447	True	False	76.4	34.4	True	True	BOTH_EXPRESSED
PRPF8	RPS20	ENSP00000460348	ENSP00000429374	0.447	True	False	76.4	598.4	True	True	BOTH_EXPRESSED
COQ2	TRPC6	ENSP00000310873	ENSP00000340913	0.447	True	False	3.7	0.3	True	True	BOTH_EXPRESSED
COQ8B	TRPC6	ENSP00000315118	ENSP00000340913	0.447	True	False	1.2	0.3	True	True	BOTH_EXPRESSED
ARL2BP	IPO7	ENSP00000219204	ENSP00000369042	0.447	True	False	34.8	44.2	True	True	BOTH_EXPRESSED
ARL3	PEBP1	ENSP00000260746	ENSP00000261313	0.447	True	False	89.3	311.7	True	True	BOTH_EXPRESSED
LRAT	RPGR	ENSP00000337224	ENSP00000495537	0.447	True	True	0.9	11.2	True	True	BOTH_EXPRESSED
LRAT	RBP5	ENSP00000337224	ENSP00000266560	0.447	True	False	0.9	0.7	True	True	BOTH_EXPRESSED
RHO	CCR1	ENSP00000296271	ENSP00000296140	0.447	True	False	3767.6	0.3	True	True	BOTH_EXPRESSED
LRAT	ZNF513	ENSP00000337224	ENSP00000318373	0.447	True	False	0.9	4.4	True	True	BOTH_EXPRESSED
PDE6B	RDH5	ENSP00000420295	ENSP00000257895	0.447	True	False	357.2	3.0	True	True	BOTH_EXPRESSED
ARL2BP	QRICH2	ENSP00000219204	ENSP00000262765	0.447	True	False	34.8	2.5	True	True	BOTH_EXPRESSED
COQ5	GK5	ENSP00000288532	ENSP00000418001	0.447	True	False	24.3	4.2	True	True	BOTH_EXPRESSED
AHI1	FOXP2	ENSP00000265602	ENSP00000386200	0.447	True	False	25.2	3.1	True	True	BOTH_EXPRESSED
KIAA1549	CDKN2A	ENSP00000416040	ENSP00000418915	0.447	True	False	5.3	0.1	True	True	BOTH_EXPRESSED
RPGR	RS1	ENSP00000495537	ENSP00000369320	0.447	True	False	11.2	198.0	True	True	BOTH_EXPRESSED
DHDDS	RP9	ENSP00000353104	ENSP00000297157	0.447	True	False	30.3	14.0	True	True	BOTH_EXPRESSED
DHDDS	ROM1	ENSP00000353104	ENSP00000278833	0.447	True	False	30.3	1101.4	True	True	BOTH_EXPRESSED
DHDDS	NRL	ENSP00000353104	ENSP00000454062	0.447	True	True	30.3	294.2	True	True	BOTH_EXPRESSED
PCARE	CNGB3	ENSP00000332809	ENSP00000316605	0.447	True	False	26.4	11.6	True	True	BOTH_EXPRESSED
CLRN1	IDH3B	ENSP00000329158	ENSP00000482773	0.446	True	True	11.8	42.7	True	True	BOTH_EXPRESSED
CLRN1	GUCA1B	ENSP00000329158	ENSP00000230361	0.446	True	False	11.8	432.4	True	True	BOTH_EXPRESSED
CLN3	CYB561A3	ENSP00000454229	ENSP00000389745	0.446	True	False	3.0	10.4	True	True	BOTH_EXPRESSED
CLN3	HGSNAT	ENSP00000454229	ENSP00000368965	0.446	True	True	3.0	12.6	True	True	BOTH_EXPRESSED
EYS	MYO7A	ENSP00000359655	ENSP00000386331	0.446	True	False	23.1	25.4	True	True	BOTH_EXPRESSED
EYS	AIPL1	ENSP00000359655	ENSP00000370521	0.446	True	True	23.1	775.1	True	True	BOTH_EXPRESSED
DYNC2H1	SMO	ENSP00000497174	ENSP00000249373	0.446	True	False	9.5	1.9	True	True	BOTH_EXPRESSED
CFAP410	TARDBP	ENSP00000381047	ENSP00000240185	0.446	True	False	9.2	110.6	True	True	BOTH_EXPRESSED
PRPF6	PDE6G	ENSP00000266079	ENSP00000328412	0.446	True	True	33.8	1904.6	True	True	BOTH_EXPRESSED
PRPF6	NRL	ENSP00000266079	ENSP00000454062	0.446	True	True	33.8	294.2	True	True	BOTH_EXPRESSED
NR2E3	RGS9BP	ENSP00000482504	ENSP00000334134	0.446	True	False	121.9	16.1	True	True	BOTH_EXPRESSED
IFT172	MYO7A	ENSP00000260570	ENSP00000386331	0.446	True	False	5.3	25.4	True	True	BOTH_EXPRESSED
CDHR1	TTC8	ENSP00000485478	ENSP00000482306	0.446	True	True	291.2	34.7	True	True	BOTH_EXPRESSED
CRX	SFTA3	ENSP00000221996	ENSP00000428331	0.446	True	False	202.2		True	False	UNKNOWN
GNAT1	OTX2	ENSP00000232461	ENSP00000500595	0.446	True	False	1040.7	259.6	True	True	BOTH_EXPRESSED
SAG	CAMK2B	ENSP00000386444	ENSP00000379098	0.446	True	False	1359.9	14.9	True	True	BOTH_EXPRESSED
SAG	TXN	ENSP00000386444	ENSP00000363641	0.446	True	False	1359.9	42.8	True	True	BOTH_EXPRESSED
RP1L1	PDE6C	ENSP00000371923	ENSP00000360502	0.446	True	False	41.0	21.4	True	True	BOTH_EXPRESSED
RHO	OPHN1	ENSP00000296271	ENSP00000347710	0.446	True	False	3767.6	9.6	True	True	BOTH_EXPRESSED
SPATA7	NRL	ENSP00000377176	ENSP00000454062	0.446	True	True	9.4	294.2	True	True	BOTH_EXPRESSED
SPATA7	SEMA4A	ENSP00000377176	ENSP00000357265	0.446	True	False	9.4	1.8	True	True	BOTH_EXPRESSED
PRPF31	OFD1	ENSP00000324122	ENSP00000344314	0.446	True	True	7.6	2.3	True	True	BOTH_EXPRESSED
HGSNAT	SPIDR	ENSP00000368965	ENSP00000297423	0.446	True	False	12.6	16.7	True	True	BOTH_EXPRESSED
CC2D2A	CCDC68	ENSP00000403465	ENSP00000466690	0.446	True	False	78.4	0.6	True	True	BOTH_EXPRESSED
RDH12	GPT2	ENSP00000449079	ENSP00000345282	0.446	True	False	206.6	6.4	True	True	BOTH_EXPRESSED
RP1L1	PSD2	ENSP00000371923	ENSP00000274710	0.446	True	False	41.0	3.8	True	True	BOTH_EXPRESSED
SNRNP200	DHX29	ENSP00000317123	ENSP00000251636	0.446	True	False	62.7	8.0	True	True	BOTH_EXPRESSED
INPP5E	ZNF212	ENSP00000360777	ENSP00000338572	0.446	True	False	6.9	4.2	True	True	BOTH_EXPRESSED
PDE6B	CDS1	ENSP00000420295	ENSP00000295887	0.446	True	False	357.2	20.8	True	True	BOTH_EXPRESSED
MVK	NOD2	ENSP00000228510	ENSP00000300589	0.446	True	False	3.2	0.0	True	True	BELOW_THRESHOLD
IDH3G	CTBP1	ENSP00000217901	ENSP00000290921	0.446	True	False	22.7	26.4	True	True	BOTH_EXPRESSED
IDH3G	ATP5PO	ENSP00000217901	ENSP00000290299	0.446	True	False	22.7	203.2	True	True	BOTH_EXPRESSED
BBS9	SLC27A6	ENSP00000242067	ENSP00000262462	0.446	True	False	20.3	6.9	True	True	BOTH_EXPRESSED
USH2A	MAFG	ENSP00000305941	ENSP00000350369	0.446	True	False	17.8	4.5	True	True	BOTH_EXPRESSED
CNGA1	C8orf37	ENSP00000384264	ENSP00000286688	0.446	True	False	244.8		True	False	UNKNOWN
ARL3	PKD1	ENSP00000260746	ENSP00000262304	0.446	True	False	89.3	6.3	True	True	BOTH_EXPRESSED
ARL3	BBS2	ENSP00000260746	ENSP00000245157	0.446	True	True	89.3	12.0	True	True	BOTH_EXPRESSED
RPE65	PMEL	ENSP00000262340	ENSP00000402758	0.446	True	False	7.8	0.4	True	True	BOTH_EXPRESSED
NRL	C8orf37	ENSP00000454062	ENSP00000286688	0.446	True	False	294.2		True	False	UNKNOWN
SLC37A3	SLC41A2	ENSP00000321498	ENSP00000258538	0.446	True	False	10.4	1.5	True	True	BOTH_EXPRESSED
IDH3B	HADHB	ENSP00000482773	ENSP00000325136	0.446	True	False	42.7	58.4	True	True	BOTH_EXPRESSED
BBS1	RFX1	ENSP00000317469	ENSP00000254325	0.446	True	False	19.9	1.0	True	True	BOTH_EXPRESSED
PRPF3	PQBP1	ENSP00000315379	ENSP00000498362	0.446	True	False	40.3	25.2	True	True	BOTH_EXPRESSED
HK1	FH	ENSP00000494664	ENSP00000355518	0.446	True	False	141.7	50.0	True	True	BOTH_EXPRESSED
PRPF3	RBM22	ENSP00000315379	ENSP00000199814	0.446	True	False	40.3	21.9	True	True	BOTH_EXPRESSED
DHX38	SEC13	ENSP00000268482	ENSP00000373312	0.445	True	False	12.3	19.7	True	True	BOTH_EXPRESSED
CYP4V2	RPGR	ENSP00000368079	ENSP00000495537	0.445	True	True	13.1	11.2	True	True	BOTH_EXPRESSED
SAG	ARRDC5	ENSP00000386444	ENSP00000371200	0.445	True	False	1359.9	0.1	True	True	BOTH_EXPRESSED
FAM161A	GUCA1B	ENSP00000385158	ENSP00000230361	0.445	True	False	26.9	432.4	True	True	BOTH_EXPRESSED
REEP6	RHBDD3	ENSP00000233596	ENSP00000216085	0.445	True	False	87.4	0.9	True	True	BOTH_EXPRESSED
REEP6	LETM2	ENSP00000233596	ENSP00000369291	0.445	True	False	87.4	3.9	True	True	BOTH_EXPRESSED
PRPF31	LRAT	ENSP00000324122	ENSP00000337224	0.445	True	True	7.6	0.9	True	True	BOTH_EXPRESSED
AIPL1	SFTA3	ENSP00000370521	ENSP00000428331	0.445	True	False	775.1		True	False	UNKNOWN
RP2	MKS1	ENSP00000218340	ENSP00000376827	0.445	True	False	3.9	6.1	True	True	BOTH_EXPRESSED
AHI1	C2CD3	ENSP00000265602	ENSP00000334379	0.445	True	False	25.2	7.7	True	True	BOTH_EXPRESSED
CFAP410	WDR60	ENSP00000381047	ENSP00000384290	0.445	True	False	9.2		True	False	UNKNOWN
DHX38	NUP155	ENSP00000268482	ENSP00000231498	0.445	True	False	12.3	6.1	True	True	BOTH_EXPRESSED
COQ8B	EMP2	ENSP00000315118	ENSP00000352540	0.445	True	False	1.2	1.9	True	True	BOTH_EXPRESSED
IMPG2	LRAT	ENSP00000193391	ENSP00000337224	0.445	True	True	282.9	0.9	True	True	BOTH_EXPRESSED
SCLT1	EPS15L1	ENSP00000281142	ENSP00000393313	0.445	True	False	2.7	13.0	True	True	BOTH_EXPRESSED
PDE6G	GRK2	ENSP00000328412	ENSP00000312262	0.445	True	False	1904.6	7.4	True	True	BOTH_EXPRESSED
IDH3B	CTBP2	ENSP00000482773	ENSP00000311825	0.445	True	False	42.7	60.3	True	True	BOTH_EXPRESSED
USH2A	CLIC5	ENSP00000305941	ENSP00000185206	0.445	True	False	17.8	15.7	True	True	BOTH_EXPRESSED
COQ8B	WT1	ENSP00000315118	ENSP00000368370	0.445	True	False	1.2	0.0	True	True	BELOW_THRESHOLD
IDH3A	GPD2	ENSP00000299518	ENSP00000308610	0.445	True	False	23.8	8.8	True	True	BOTH_EXPRESSED
DHDDS	CDHR1	ENSP00000353104	ENSP00000485478	0.445	True	True	30.3	291.2	True	True	BOTH_EXPRESSED
RLBP1	PRKCA	ENSP00000268125	ENSP00000408695	0.445	True	False	246.4	27.9	True	True	BOTH_EXPRESSED
BBS2	TMEM216	ENSP00000245157	ENSP00000334844	0.445	True	True	12.0	10.8	True	True	BOTH_EXPRESSED
TOPORS	ZNF214	ENSP00000353735	ENSP00000278314	0.445	True	False	10.6	4.9	True	True	BOTH_EXPRESSED
RAX2	RAB28	ENSP00000450456	ENSP00000328551	0.445	True	False	59.9	51.3	True	True	BOTH_EXPRESSED
LRAT	TTR	ENSP00000337224	ENSP00000237014	0.445	True	False	0.9	74.3	True	True	BOTH_EXPRESSED
RHO	PRKACG	ENSP00000296271	ENSP00000366488	0.445	True	False	3767.6	0.0	True	True	BELOW_THRESHOLD
LRAT	CYP26C1	ENSP00000337224	ENSP00000498424	0.445	True	False	0.9	0.0	True	True	BELOW_THRESHOLD
RHO	GRM5	ENSP00000296271	ENSP00000306138	0.445	True	False	3767.6	3.2	True	True	BOTH_EXPRESSED
CEP162	FBF1	ENSP00000385215	ENSP00000490726	0.445	True	False	2.6	3.8	True	True	BOTH_EXPRESSED
COQ5	COX15	ENSP00000288532	ENSP00000016171	0.445	True	False	24.3	14.2	True	True	BOTH_EXPRESSED
FAM161A	HSP90B1	ENSP00000385158	ENSP00000299767	0.445	True	False	26.9	171.9	True	True	BOTH_EXPRESSED
OFD1	PAFAH1B2	ENSP00000344314	ENSP00000435289	0.445	True	False	2.3	21.5	True	True	BOTH_EXPRESSED
MERTK	PLCB1	ENSP00000295408	ENSP00000338185	0.445	True	False	15.4	6.6	True	True	BOTH_EXPRESSED
CFAP410	C8orf37	ENSP00000381047	ENSP00000286688	0.444	True	False	9.2		True	False	UNKNOWN
CLCC1	TRABD	ENSP00000349456	ENSP00000379173	0.444	True	False	10.5	2.9	True	True	BOTH_EXPRESSED
SLC4A7	MAP3K1	ENSP00000390394	ENSP00000382423	0.444	True	False	67.5	24.9	True	True	BOTH_EXPRESSED
CRX	PDC	ENSP00000221996	ENSP00000375855	0.444	True	False	202.2	618.7	True	True	BOTH_EXPRESSED
PRPF8	DOCK4	ENSP00000460348	ENSP00000410746	0.444	True	False	76.4	8.8	True	True	BOTH_EXPRESSED
PRPF31	SREK1	ENSP00000324122	ENSP00000334538	0.444	True	False	7.6	8.8	True	True	BOTH_EXPRESSED
CC2D2A	CLUAP1	ENSP00000403465	ENSP00000344392	0.444	True	False	78.4	26.7	True	True	BOTH_EXPRESSED
PRPH2	KIAA1549	ENSP00000230381	ENSP00000416040	0.444	True	True	594.9	5.3	True	True	BOTH_EXPRESSED
SPATA7	NEK4	ENSP00000377176	ENSP00000233027	0.444	True	False	9.4	15.6	True	True	BOTH_EXPRESSED
IFT140	EML3	ENSP00000406012	ENSP00000434513	0.444	True	False	5.9	16.1	True	True	BOTH_EXPRESSED
RDH12	MCAT	ENSP00000449079	ENSP00000290429	0.444	True	False	206.6	6.7	True	True	BOTH_EXPRESSED
FAM161A	SFTA3	ENSP00000385158	ENSP00000428331	0.444	True	False	26.9		True	False	UNKNOWN
RP1L1	TOPORS	ENSP00000371923	ENSP00000353735	0.444	True	True	41.0	10.6	True	True	BOTH_EXPRESSED
PRPF4	PLRG1	ENSP00000363313	ENSP00000424417	0.444	True	False	12.1	24.4	True	True	BOTH_EXPRESSED
CREB3	RELA	ENSP00000342136	ENSP00000384273	0.444	True	False	21.7	9.1	True	True	BOTH_EXPRESSED
RHO	AOC2	ENSP00000296271	ENSP00000253799	0.444	True	False	3767.6	1.4	True	True	BOTH_EXPRESSED
IMPDH1	VARS1	ENSP00000345096	ENSP00000364815	0.444	True	False	98.6	1.2	True	True	BOTH_EXPRESSED
AHI1	TMEM260	ENSP00000265602	ENSP00000261556	0.444	True	False	25.2	6.4	True	True	BOTH_EXPRESSED
INPP5E	FBN3	ENSP00000360777	ENSP00000270509	0.444	True	False	6.9	0.0	True	True	BELOW_THRESHOLD
OFD1	IFT52	ENSP00000344314	ENSP00000362121	0.444	True	False	2.3	14.0	True	True	BOTH_EXPRESSED
MVK	SPTLC1	ENSP00000228510	ENSP00000262554	0.444	True	False	3.2	17.1	True	True	BOTH_EXPRESSED
CNGA1	POU6F2	ENSP00000384264	ENSP00000384004	0.444	True	False	244.8	0.4	True	True	BOTH_EXPRESSED
HK1	RAF1	ENSP00000494664	ENSP00000401888	0.444	True	False	141.7	24.4	True	True	BOTH_EXPRESSED
ARL3	ARHGDIA	ENSP00000260746	ENSP00000463939	0.444	True	False	89.3	13.5	True	True	BOTH_EXPRESSED
RLBP1	GUCA1B	ENSP00000268125	ENSP00000230361	0.444	True	False	246.4	432.4	True	True	BOTH_EXPRESSED
PRPF3	SAP18	ENSP00000315379	ENSP00000481842	0.444	True	False	40.3	82.9	True	True	BOTH_EXPRESSED
OFD1	DNAI2	ENSP00000344314	ENSP00000400252	0.444	True	False	2.3	0.0	True	True	BELOW_THRESHOLD
PDE6B	CTBP1	ENSP00000420295	ENSP00000290921	0.444	True	False	357.2	26.4	True	True	BOTH_EXPRESSED
CNGA1	CACNA2D4	ENSP00000384264	ENSP00000372169	0.444	True	False	244.8	18.7	True	True	BOTH_EXPRESSED
RPGR	BBS4	ENSP00000495537	ENSP00000268057	0.444	True	False	11.2	42.0	True	True	BOTH_EXPRESSED
IDH3A	NDUFA5	ENSP00000299518	ENSP00000417142	0.444	True	False	23.8	117.6	True	True	BOTH_EXPRESSED
COQ2	HMBS	ENSP00000310873	ENSP00000498786	0.444	True	False	3.7	4.9	True	True	BOTH_EXPRESSED
BBS1	IFT22	ENSP00000317469	ENSP00000320359	0.444	True	False	19.9	38.4	True	True	BOTH_EXPRESSED
SLC37A3	SLC35B1	ENSP00000321498	ENSP00000497423	0.444	True	False	10.4	15.8	True	True	BOTH_EXPRESSED
PCARE	KCNV2	ENSP00000332809	ENSP00000371514	0.444	True	False	26.4	268.2	True	True	BOTH_EXPRESSED
TTC8	TCP1	ENSP00000482306	ENSP00000317334	0.443	True	False	34.7	71.1	True	True	BOTH_EXPRESSED
TTC8	CCT8	ENSP00000482306	ENSP00000286788	0.443	True	False	34.7	66.0	True	True	BOTH_EXPRESSED
IDH3A	CTBP2	ENSP00000299518	ENSP00000311825	0.443	True	False	23.8	60.3	True	True	BOTH_EXPRESSED
IDH3A	AASDH	ENSP00000299518	ENSP00000205214	0.443	True	False	23.8	10.9	True	True	BOTH_EXPRESSED
IDH3A	FASTKD3	ENSP00000299518	ENSP00000264669	0.443	True	False	23.8	3.2	True	True	BOTH_EXPRESSED
PCARE	RLBP1	ENSP00000332809	ENSP00000268125	0.443	True	True	26.4	246.4	True	True	BOTH_EXPRESSED
COQ8B	CYCS	ENSP00000315118	ENSP00000307786	0.443	True	False	1.2	142.6	True	True	BOTH_EXPRESSED
PRPF3	SPATA7	ENSP00000315379	ENSP00000377176	0.443	True	True	40.3	9.4	True	True	BOTH_EXPRESSED
IDH3G	PC	ENSP00000217901	ENSP00000498994	0.443	True	False	22.7	2.3	True	True	BOTH_EXPRESSED
GUCA1A	CASK	ENSP00000053469	ENSP00000494788	0.443	True	False	703.2	18.3	True	True	BOTH_EXPRESSED
PRPF3	RBM10	ENSP00000315379	ENSP00000328848	0.443	True	False	40.3	13.7	True	True	BOTH_EXPRESSED
IDH3G	CTBP2	ENSP00000217901	ENSP00000311825	0.443	True	False	22.7	60.3	True	True	BOTH_EXPRESSED
IDH3G	PGK1	ENSP00000217901	ENSP00000362413	0.443	True	False	22.7	277.0	True	True	BOTH_EXPRESSED
PRPF8	DDX5	ENSP00000460348	ENSP00000225792	0.443	True	False	76.4	195.9	True	True	BOTH_EXPRESSED
PRPF8	CWF19L1	ENSP00000460348	ENSP00000326411	0.443	True	False	76.4	9.6	True	True	BOTH_EXPRESSED
CRX	GCM2	ENSP00000221996	ENSP00000368805	0.443	True	False	202.2	0.0	True	True	BELOW_THRESHOLD
IFT172	EVC	ENSP00000260570	ENSP00000264956	0.443	True	False	5.3	1.6	True	True	BOTH_EXPRESSED
FAM161A	NPHP4	ENSP00000385158	ENSP00000367398	0.443	True	False	26.9	2.2	True	True	BOTH_EXPRESSED
PRPF4	RAE1	ENSP00000363313	ENSP00000379181	0.443	True	False	12.1	18.6	True	True	BOTH_EXPRESSED
PRPF4	RUVBL2	ENSP00000363313	ENSP00000473172	0.443	True	False	12.1	13.9	True	True	BOTH_EXPRESSED
FAM161A	USH1C	ENSP00000385158	ENSP00000005226	0.443	True	False	26.9	17.6	True	True	BOTH_EXPRESSED
FLVCR1	PTPN3	ENSP00000355938	ENSP00000363667	0.443	True	False	6.3	2.3	True	True	BOTH_EXPRESSED
IFT140	RRP36	ENSP00000406012	ENSP00000244496	0.443	True	False	5.9	15.4	True	True	BOTH_EXPRESSED
PRPF31	SNW1	ENSP00000324122	ENSP00000451129	0.443	True	False	7.6	40.1	True	True	BOTH_EXPRESSED
REEP6	NXNL2	ENSP00000233596	ENSP00000365014	0.443	True	False	87.4	4.8	True	True	BOTH_EXPRESSED
PRPH2	HDAC2	ENSP00000230381	ENSP00000430432	0.443	True	False	594.9	34.4	True	True	BOTH_EXPRESSED
KLHL7	ZNF292	ENSP00000343273	ENSP00000358590	0.443	True	False	13.9	24.6	True	True	BOTH_EXPRESSED
KIZ	MFHAS1	ENSP00000479542	ENSP00000276282	0.443	True	False	18.7	5.0	True	True	BOTH_EXPRESSED
DHX38	SMG6	ENSP00000268482	ENSP00000263073	0.443	True	False	12.3	17.2	True	True	BOTH_EXPRESSED
PRPH2	OPN1SW	ENSP00000230381	ENSP00000249389	0.443	True	False	594.9	38.0	True	True	BOTH_EXPRESSED
MAK	NCOA3	ENSP00000346484	ENSP00000361066	0.443	True	False	110.1	10.8	True	True	BOTH_EXPRESSED
COQ2	UROD	ENSP00000310873	ENSP00000246337	0.442	True	False	3.7	22.9	True	True	BOTH_EXPRESSED
BBS9	PTH	ENSP00000242067	ENSP00000433208	0.442	True	False	20.3	0.0	True	True	BELOW_THRESHOLD
CLN3	MCOLN1	ENSP00000454229	ENSP00000264079	0.442	True	False	3.0	4.7	True	True	BOTH_EXPRESSED
IDH3G	PHGDH	ENSP00000217901	ENSP00000493382	0.442	True	False	22.7	6.7	True	True	BOTH_EXPRESSED
IDH3G	PDHA2	ENSP00000217901	ENSP00000295266	0.442	True	False	22.7	0.0	True	True	BELOW_THRESHOLD
CLN3	MYCL	ENSP00000454229	ENSP00000380494	0.442	True	False	3.0	0.2	True	True	BOTH_EXPRESSED
SCLT1	PLK4	ENSP00000281142	ENSP00000270861	0.442	True	False	2.7	1.9	True	True	BOTH_EXPRESSED
PRPF6	COIL	ENSP00000266079	ENSP00000240316	0.442	True	False	33.8	11.7	True	True	BOTH_EXPRESSED
PRPF6	COPS5	ENSP00000266079	ENSP00000350512	0.442	True	False	33.8	36.8	True	True	BOTH_EXPRESSED
SCLT1	SLCO6A1	ENSP00000281142	ENSP00000421339	0.442	True	False	2.7	0.0	True	True	BELOW_THRESHOLD
INPP5E	ABI2	ENSP00000360777	ENSP00000295851	0.442	True	False	6.9	27.8	True	True	BOTH_EXPRESSED
RAX2	USH1G	ENSP00000450456	ENSP00000480279	0.442	True	False	59.9	0.7	True	True	BOTH_EXPRESSED
DHDDS	CTPS1	ENSP00000353104	ENSP00000497744	0.442	True	False	30.3	2.3	True	True	BOTH_EXPRESSED
SPATA7	PRPF38A	ENSP00000377176	ENSP00000257181	0.442	True	False	9.4	16.2	True	True	BOTH_EXPRESSED
SPATA7	CEP170B	ENSP00000377176	ENSP00000404151	0.442	True	False	9.4	9.5	True	True	BOTH_EXPRESSED
PRPH2	TTLL10	ENSP00000230381	ENSP00000368592	0.442	True	False	594.9	0.0	True	True	BELOW_THRESHOLD
IFT140	CFAP44	ENSP00000406012	ENSP00000377428	0.442	True	False	5.9	8.1	True	True	BOTH_EXPRESSED
PRPF31	NDUFA3	ENSP00000324122	ENSP00000418438	0.442	True	False	7.6	5.7	True	True	BOTH_EXPRESSED
IFT172	TULP3	ENSP00000260570	ENSP00000380321	0.442	True	False	5.3	11.7	True	True	BOTH_EXPRESSED
PRPF4	WBP11	ENSP00000363313	ENSP00000261167	0.442	True	False	12.1	19.8	True	True	BOTH_EXPRESSED
RHO	GRM1	ENSP00000296271	ENSP00000282753	0.442	True	False	3767.6	5.1	True	True	BOTH_EXPRESSED
SLC7A14	SLC7A6	ENSP00000231706	ENSP00000455064	0.442	True	False	5.7	4.6	True	True	BOTH_EXPRESSED
PRPF8	SNRNP35	ENSP00000460348	ENSP00000403310	0.442	True	False	76.4	17.0	True	True	BOTH_EXPRESSED
SLC4A7	NSFL1C	ENSP00000390394	ENSP00000418529	0.442	True	False	67.5	21.0	True	True	BOTH_EXPRESSED
CC2D2A	IFT46	ENSP00000403465	ENSP00000264020	0.442	True	False	78.4	33.1	True	True	BOTH_EXPRESSED
PRPF4	NUP85	ENSP00000363313	ENSP00000245544	0.442	True	False	12.1	10.4	True	True	BOTH_EXPRESSED
TTC8	CCT2	ENSP00000482306	ENSP00000299300	0.442	True	False	34.7	53.2	True	True	BOTH_EXPRESSED
ZNF408	SPSB2	ENSP00000309606	ENSP00000428338	0.442	True	False	1.2	4.0	True	True	BOTH_EXPRESSED
GUCY2D	RLBP1	ENSP00000254854	ENSP00000268125	0.442	True	True	31.7	246.4	True	True	BOTH_EXPRESSED
PRCD	PABPC1	ENSP00000467661	ENSP00000313007	0.442	True	False	44.6	74.4	True	True	BOTH_EXPRESSED
TTC8	SLC27A2	ENSP00000482306	ENSP00000267842	0.442	True	False	34.7	3.2	True	True	BOTH_EXPRESSED
MERTK	LRP1	ENSP00000295408	ENSP00000243077	0.441	True	False	15.4	9.2	True	True	BOTH_EXPRESSED
CEP250	L3MBTL2	ENSP00000380661	ENSP00000216237	0.441	True	False	9.2	9.3	True	True	BOTH_EXPRESSED
DHX38	ZNF821	ENSP00000268482	ENSP00000398089	0.441	True	False	12.3	8.6	True	True	BOTH_EXPRESSED
IMPDH1	FKBP8	ENSP00000345096	ENSP00000471700	0.441	True	False	98.6	47.8	True	True	BOTH_EXPRESSED
SLC4A7	RASD2	ENSP00000390394	ENSP00000216127	0.441	True	False	67.5	0.4	True	True	BOTH_EXPRESSED
SAG	RGS5	ENSP00000386444	ENSP00000433001	0.441	True	False	1359.9	14.1	True	True	BOTH_EXPRESSED
PRPF4	PARK7	ENSP00000363313	ENSP00000340278	0.441	True	False	12.1	253.6	True	True	BOTH_EXPRESSED
RHO	KCNV2	ENSP00000296271	ENSP00000371514	0.441	True	False	3767.6	268.2	True	True	BOTH_EXPRESSED
PRPF8	NUP98	ENSP00000460348	ENSP00000316032	0.441	True	False	76.4	18.9	True	True	BOTH_EXPRESSED
PDE6A	KCNV2	ENSP00000255266	ENSP00000371514	0.441	True	False	1001.0	268.2	True	True	BOTH_EXPRESSED
COQ5	POLDIP2	ENSP00000288532	ENSP00000475924	0.441	True	False	24.3	27.9	True	True	BOTH_EXPRESSED
NR2E3	OPN4	ENSP00000482504	ENSP00000361141	0.441	True	False	121.9	0.8	True	True	BOTH_EXPRESSED
CDHR1	CACNA2D4	ENSP00000485478	ENSP00000372169	0.441	True	False	291.2	18.7	True	True	BOTH_EXPRESSED
CERKL	SPTLC1	ENSP00000341159	ENSP00000262554	0.441	True	False	19.5	17.1	True	True	BOTH_EXPRESSED
SLC7A14	SLC7A8	ENSP00000231706	ENSP00000320378	0.441	True	False	5.7	12.9	True	True	BOTH_EXPRESSED
KLHL7	PROM1	ENSP00000343273	ENSP00000426809	0.441	True	False	13.9	252.8	True	True	BOTH_EXPRESSED
NRL	RGR	ENSP00000454062	ENSP00000352427	0.441	True	False	294.2	129.0	True	True	BOTH_EXPRESSED
IDH3A	LOC112694756	ENSP00000299518	ENSP00000485952	0.441	True	False	23.8		True	False	UNKNOWN
TBC1D32	CDC16	ENSP00000381270	ENSP00000348554	0.441	True	False	6.9	39.7	True	True	BOTH_EXPRESSED
PRPF6	DDX18	ENSP00000266079	ENSP00000263239	0.441	True	False	33.8	18.0	True	True	BOTH_EXPRESSED
RPE65	CLDN19	ENSP00000262340	ENSP00000296387	0.441	True	False	7.8	0.0	True	True	BELOW_THRESHOLD
OFD1	EVC	ENSP00000344314	ENSP00000264956	0.441	True	False	2.3	1.6	True	True	BOTH_EXPRESSED
PRPF31	WBP11	ENSP00000324122	ENSP00000261167	0.441	True	False	7.6	19.8	True	True	BOTH_EXPRESSED
GNAT1	GTPBP4	ENSP00000232461	ENSP00000354040	0.441	True	False	1040.7	8.2	True	True	BOTH_EXPRESSED
RHO	GPR88	ENSP00000296271	ENSP00000314223	0.441	True	False	3767.6	0.3	True	True	BOTH_EXPRESSED
PRPF4	EEF2	ENSP00000363313	ENSP00000307940	0.441	True	False	12.1	208.1	True	True	BOTH_EXPRESSED
SNRNP200	MYC	ENSP00000317123	ENSP00000478887	0.441	True	False	62.7	0.5	True	True	BOTH_EXPRESSED
PRPH2	NPHP4	ENSP00000230381	ENSP00000367398	0.441	True	False	594.9	2.2	True	True	BOTH_EXPRESSED
ARL3	ATIC	ENSP00000260746	ENSP00000236959	0.44	True	False	89.3	17.7	True	True	BOTH_EXPRESSED
BBS2	KIF3B	ENSP00000245157	ENSP00000364864	0.44	True	False	12.0	28.6	True	True	BOTH_EXPRESSED
IDH3G	TOMM6	ENSP00000217901	ENSP00000381859	0.44	True	False	22.7	119.3	True	True	BOTH_EXPRESSED
RLBP1	VSX1	ENSP00000268125	ENSP00000365899	0.44	True	False	246.4	32.9	True	True	BOTH_EXPRESSED
PRPF3	DHX9	ENSP00000315379	ENSP00000356520	0.44	True	False	40.3	61.6	True	True	BOTH_EXPRESSED
OFD1	TTC8	ENSP00000344314	ENSP00000482306	0.44	True	True	2.3	34.7	True	True	BOTH_EXPRESSED
OFD1	PCARE	ENSP00000344314	ENSP00000332809	0.44	True	True	2.3	26.4	True	True	BOTH_EXPRESSED
BEST1	RCVRN	ENSP00000399709	ENSP00000226193	0.44	True	False	6.2	430.9	True	True	BOTH_EXPRESSED
POMGNT1	GALNT3	ENSP00000361060	ENSP00000376465	0.44	True	False	10.1	3.4	True	True	BOTH_EXPRESSED
OFD1	CEP78	ENSP00000344314	ENSP00000365782	0.44	True	False	2.3	8.6	True	True	BOTH_EXPRESSED
TTC8	IFT57	ENSP00000482306	ENSP00000264538	0.44	True	False	34.7	22.2	True	True	BOTH_EXPRESSED
PRPF3	U2AF1	ENSP00000315379	ENSP00000291552	0.44	True	False	40.3	68.4	True	True	BOTH_EXPRESSED
PRPF3	ESF1	ENSP00000315379	ENSP00000202816	0.44	True	False	40.3	8.4	True	True	BOTH_EXPRESSED
PRPF6	CCDC12	ENSP00000266079	ENSP00000292314	0.44	True	False	33.8	19.3	True	True	BOTH_EXPRESSED
COQ2	COX5A	ENSP00000310873	ENSP00000317780	0.44	True	False	3.7	179.7	True	True	BOTH_EXPRESSED
CFAP20	CCDC63	ENSP00000262498	ENSP00000312399	0.44	True	False	26.4	0.0	True	True	BELOW_THRESHOLD
PRPF8	NUDT5	ENSP00000460348	ENSP00000419628	0.44	True	False	76.4	25.4	True	True	BOTH_EXPRESSED
MERTK	ITGB5	ENSP00000295408	ENSP00000296181	0.44	True	False	15.4	13.2	True	True	BOTH_EXPRESSED
SLC4A7	SLC26A2	ENSP00000390394	ENSP00000286298	0.44	True	False	67.5	19.1	True	True	BOTH_EXPRESSED
SLC37A3	SLC5A7	ENSP00000321498	ENSP00000264047	0.44	True	False	10.4	0.8	True	True	BOTH_EXPRESSED
COQ5	ITPRIPL2	ENSP00000288532	ENSP00000370849	0.44	True	False	24.3	0.4	True	True	BOTH_EXPRESSED
COQ5	ITPRIP	ENSP00000288532	ENSP00000278071	0.44	True	False	24.3	1.5	True	True	BOTH_EXPRESSED
CEP250	PRKAR2B	ENSP00000380661	ENSP00000265717	0.44	True	False	9.2	5.4	True	True	BOTH_EXPRESSED
RHO	HCRT	ENSP00000296271	ENSP00000293330	0.44	True	False	3767.6	0.0	True	True	BELOW_THRESHOLD
CREB3	UHRF1BP1	ENSP00000342136	ENSP00000192788	0.44	True	False	21.7		True	False	UNKNOWN
LRAT	RDH13	ENSP00000337224	ENSP00000391121	0.44	True	False	0.9	1.9	True	True	BOTH_EXPRESSED
SPATA7	SPATA20	ENSP00000377176	ENSP00000006658	0.44	True	False	9.4	3.0	True	True	BOTH_EXPRESSED
PRPF31	EIF4A3	ENSP00000324122	ENSP00000497641	0.44	True	False	7.6	30.0	True	True	BOTH_EXPRESSED
RP1L1	GGCX	ENSP00000371923	ENSP00000233838	0.44	True	False	41.0	7.0	True	True	BOTH_EXPRESSED
PRPH2	LRRC32	ENSP00000230381	ENSP00000384126	0.44	True	False	594.9	1.2	True	True	BOTH_EXPRESSED
REEP6	DNAJC18	ENSP00000233596	ENSP00000302843	0.44	True	False	87.4	7.1	True	True	BOTH_EXPRESSED
SLC4A7	STXBP4	ENSP00000390394	ENSP00000365530	0.44	True	False	67.5	4.2	True	True	BOTH_EXPRESSED
CC2D2A	DZANK1	ENSP00000403465	ENSP00000262547	0.439	True	False	78.4	5.3	True	True	BOTH_EXPRESSED
PRPF4	SPACA6	ENSP00000363313	ENSP00000490829	0.439	True	False	12.1	0.1	True	True	BOTH_EXPRESSED
PRPF4	NAA38	ENSP00000363313	ENSP00000332103	0.439	True	False	12.1	30.2	True	True	BOTH_EXPRESSED
PRPF4	TMIGD2	ENSP00000363313	ENSP00000301272	0.439	True	False	12.1	0.1	True	True	BOTH_EXPRESSED
ARL2BP	EFCAB1	ENSP00000219204	ENSP00000262103	0.439	True	False	34.8		True	False	UNKNOWN
SNRNP200	FAM161A	ENSP00000317123	ENSP00000385158	0.439	True	True	62.7	26.9	True	True	BOTH_EXPRESSED
MERTK	RPGRIP1L	ENSP00000295408	ENSP00000493946	0.439	True	False	15.4	2.6	True	True	BOTH_EXPRESSED
PRPF8	SRPK2	ENSP00000460348	ENSP00000377262	0.439	True	False	76.4	21.1	True	True	BOTH_EXPRESSED
SLC7A14	RPL22L1	ENSP00000231706	ENSP00000346080	0.439	True	False	5.7	7.2	True	True	BOTH_EXPRESSED
CFAP410	CEP78	ENSP00000381047	ENSP00000365782	0.439	True	False	9.2	8.6	True	True	BOTH_EXPRESSED
CRX	RBPMS	ENSP00000221996	ENSP00000340176	0.439	True	False	202.2	10.2	True	True	BOTH_EXPRESSED
CEP250	CTNNB1	ENSP00000380661	ENSP00000495360	0.439	True	False	9.2	82.3	True	True	BOTH_EXPRESSED
CDHR1	GUCA1B	ENSP00000485478	ENSP00000230361	0.439	True	False	291.2	432.4	True	True	BOTH_EXPRESSED
SLC4A7	ADD3	ENSP00000390394	ENSP00000348381	0.439	True	False	67.5	92.0	True	True	BOTH_EXPRESSED
RLBP1	RDH16	ENSP00000268125	ENSP00000381206	0.439	True	False	246.4	0.4	True	True	BOTH_EXPRESSED
CLN3	COL9A2	ENSP00000454229	ENSP00000361834	0.439	True	False	3.0	21.5	True	True	BOTH_EXPRESSED
SCLT1	SSX2IP	ENSP00000281142	ENSP00000340279	0.439	True	False	2.7	109.9	True	True	BOTH_EXPRESSED
SCLT1	CBY1	ENSP00000281142	ENSP00000478962	0.439	True	False	2.7	15.2	True	True	BOTH_EXPRESSED
BCOR	ZBTB5	ENSP00000367705	ENSP00000307604	0.439	True	False	13.1	8.6	True	True	BOTH_EXPRESSED
TMEM216	ZNF423	ENSP00000334844	ENSP00000455426	0.439	True	False	10.8	3.4	True	True	BOTH_EXPRESSED
PRPF31	EIF2AK1	ENSP00000324122	ENSP00000199389	0.439	True	False	7.6	26.8	True	True	BOTH_EXPRESSED
IFT140	CACNA1F	ENSP00000406012	ENSP00000365441	0.439	True	False	5.9	116.2	True	True	BOTH_EXPRESSED
NRL	KCNV2	ENSP00000454062	ENSP00000371514	0.439	True	False	294.2	268.2	True	True	BOTH_EXPRESSED
RLBP1	CLDN19	ENSP00000268125	ENSP00000296387	0.438	True	False	246.4	0.0	True	True	BELOW_THRESHOLD
IDH3B	GART	ENSP00000482773	ENSP00000371253	0.438	True	False	42.7	19.3	True	True	BOTH_EXPRESSED
ARL3	STAT3	ENSP00000260746	ENSP00000264657	0.438	True	False	89.3	27.7	True	True	BOTH_EXPRESSED
PRPF6	RRS1	ENSP00000266079	ENSP00000322396	0.438	True	False	33.8	4.1	True	True	BOTH_EXPRESSED
PRPF6	TARDBP	ENSP00000266079	ENSP00000240185	0.438	True	False	33.8	110.6	True	True	BOTH_EXPRESSED
PRPF6	TXLNB	ENSP00000266079	ENSP00000351206	0.438	True	False	33.8	0.3	True	True	BOTH_EXPRESSED
PDSS1	HMBS	ENSP00000365388	ENSP00000498786	0.438	True	False	1.7	4.9	True	True	BOTH_EXPRESSED
USH2A	CSMD1	ENSP00000305941	ENSP00000489225	0.438	True	False	17.8	1.4	True	True	BOTH_EXPRESSED
TTC8	CCT5	ENSP00000482306	ENSP00000280326	0.438	True	False	34.7	45.4	True	True	BOTH_EXPRESSED
COQ2	NDUFB8	ENSP00000310873	ENSP00000299166	0.438	True	False	3.7	118.0	True	True	BOTH_EXPRESSED
RPE65	PDE6H	ENSP00000262340	ENSP00000266395	0.438	True	False	7.8	844.1	True	True	BOTH_EXPRESSED
COQ8B	MT-ND5	ENSP00000315118	ENSP00000354813	0.438	True	False	1.2	3025.0	True	True	BOTH_EXPRESSED
TTC8	CCT3	ENSP00000482306	ENSP00000295688	0.438	True	False	34.7	126.0	True	True	BOTH_EXPRESSED
TTC8	SLC27A5	ENSP00000482306	ENSP00000263093	0.438	True	False	34.7	2.9	True	True	BOTH_EXPRESSED
OFD1	HYDIN	ENSP00000344314	ENSP00000377197	0.438	True	False	2.3	6.3	True	True	BOTH_EXPRESSED
TOPORS	LCA5	ENSP00000353735	ENSP00000376686	0.438	True	False	10.6	12.7	True	True	BOTH_EXPRESSED
DHDDS	CHURC1-FNTB	ENSP00000353104	ENSP00000447121	0.438	True	False	30.3	0.1	True	True	BOTH_EXPRESSED
BEST1	CLRN1	ENSP00000399709	ENSP00000329158	0.438	True	True	6.2	11.8	True	True	BOTH_EXPRESSED
TBC1D32	TMEM216	ENSP00000381270	ENSP00000334844	0.438	True	True	6.9	10.8	True	True	BOTH_EXPRESSED
BCOR	AR	ENSP00000367705	ENSP00000363822	0.438	True	False	13.1	0.1	True	True	BOTH_EXPRESSED
INPP5E	RAC1	ENSP00000360777	ENSP00000348461	0.438	True	False	6.9	48.0	True	True	BOTH_EXPRESSED
TBC1D32	GRTP1	ENSP00000381270	ENSP00000364579	0.438	True	False	6.9	19.4	True	True	BOTH_EXPRESSED
AHI1	NDE1	ENSP00000265602	ENSP00000379643	0.438	True	False	25.2	1.8	True	True	BOTH_EXPRESSED
SLC37A3	ST6GAL2	ENSP00000321498	ENSP00000386942	0.438	True	False	10.4	1.8	True	True	BOTH_EXPRESSED
CLRN1	CEP78	ENSP00000329158	ENSP00000365782	0.438	True	False	11.8	8.6	True	True	BOTH_EXPRESSED
SLC4A7	BCAT1	ENSP00000390394	ENSP00000443459	0.438	True	False	67.5	13.4	True	True	BOTH_EXPRESSED
CEP162	CEP192	ENSP00000385215	ENSP00000427550	0.438	True	False	2.6	6.2	True	True	BOTH_EXPRESSED
CEP250	SUGP2	ENSP00000380661	ENSP00000472914	0.438	True	False	9.2	41.8	True	True	BOTH_EXPRESSED
CRX	ATP1A4	ENSP00000221996	ENSP00000357060	0.438	True	False	202.2	2.3	True	True	BOTH_EXPRESSED
CEP250	IGF2BP1	ENSP00000380661	ENSP00000290341	0.438	True	False	9.2	0.0	True	True	BELOW_THRESHOLD
PRPF8	PDCD11	ENSP00000460348	ENSP00000358812	0.438	True	False	76.4	5.7	True	True	BOTH_EXPRESSED
IFT172	KRTCAP3	ENSP00000260570	ENSP00000442400	0.438	True	False	5.3	6.7	True	True	BOTH_EXPRESSED
PRPH2	BRMS1L	ENSP00000230381	ENSP00000216807	0.438	True	False	594.9	7.6	True	True	BOTH_EXPRESSED
REEP6	GNB3	ENSP00000233596	ENSP00000229264	0.438	True	False	87.4	396.1	True	True	BOTH_EXPRESSED
PRPF4	PNN	ENSP00000363313	ENSP00000216832	0.438	True	False	12.1	70.4	True	True	BOTH_EXPRESSED
RHO	PITPNM1	ENSP00000296271	ENSP00000348772	0.438	True	False	3767.6	37.8	True	True	BOTH_EXPRESSED
SAG	PNOC	ENSP00000386444	ENSP00000301908	0.438	True	False	1359.9	0.0	True	True	BELOW_THRESHOLD
ARL2BP	SPEF2	ENSP00000219204	ENSP00000348314	0.438	True	False	34.8	9.5	True	True	BOTH_EXPRESSED
RDH12	BBS2	ENSP00000449079	ENSP00000245157	0.438	True	True	206.6	12.0	True	True	BOTH_EXPRESSED
PRPH2	BRMS1	ENSP00000230381	ENSP00000396052	0.438	True	False	594.9	8.4	True	True	BOTH_EXPRESSED
OFD1	YWHAE	ENSP00000344314	ENSP00000264335	0.438	True	False	2.3	204.7	True	True	BOTH_EXPRESSED
OFD1	ODF2	ENSP00000344314	ENSP00000403453	0.438	True	False	2.3	9.0	True	True	BOTH_EXPRESSED
OFD1	FLOT1	ENSP00000344314	ENSP00000365569	0.438	True	False	2.3	5.8	True	True	BOTH_EXPRESSED
IDH3B	CDK5RAP1	ENSP00000482773	ENSP00000217372	0.438	True	False	42.7	14.8	True	True	BOTH_EXPRESSED
PRPF6	CTNNB1	ENSP00000266079	ENSP00000495360	0.437	True	False	33.8	82.3	True	True	BOTH_EXPRESSED
PCARE	CDH23	ENSP00000332809	ENSP00000224721	0.437	True	False	26.4	13.4	True	True	BOTH_EXPRESSED
PRPF6	RPGR	ENSP00000266079	ENSP00000495537	0.437	True	True	33.8	11.2	True	True	BOTH_EXPRESSED
SCLT1	INPP5E	ENSP00000281142	ENSP00000360777	0.437	True	True	2.7	6.9	True	True	BOTH_EXPRESSED
AGBL5	OSBPL6	ENSP00000353249	ENSP00000376293	0.437	True	False	15.1	7.8	True	True	BOTH_EXPRESSED
AGBL5	EVA1A	ENSP00000353249	ENSP00000377490	0.437	True	False	15.1	0.4	True	True	BOTH_EXPRESSED
TULP1	DTHD1	ENSP00000229771	ENSP00000401597	0.437	True	False	194.3	0.0	True	True	BELOW_THRESHOLD
USH2A	HLA-B	ENSP00000305941	ENSP00000399168	0.437	True	False	17.8	6.9	True	True	BOTH_EXPRESSED
PDE6B	MYL12B	ENSP00000420295	ENSP00000463559	0.437	True	False	357.2	96.2	True	True	BOTH_EXPRESSED
PDE6B	MYL9	ENSP00000420295	ENSP00000279022	0.437	True	False	357.2	21.2	True	True	BOTH_EXPRESSED
ARL3	RPS9	ENSP00000260746	ENSP00000375632	0.437	True	False	89.3	73.4	True	True	BOTH_EXPRESSED
TOPORS	HABP4	ENSP00000353735	ENSP00000364398	0.437	True	False	10.6	15.1	True	True	BOTH_EXPRESSED
RLBP1	LHX2	ENSP00000268125	ENSP00000362717	0.437	True	False	246.4	31.7	True	True	BOTH_EXPRESSED
KIAA1549	JAK2	ENSP00000416040	ENSP00000371067	0.437	True	False	5.3	11.9	True	True	BOTH_EXPRESSED
IDH3G	PNKD	ENSP00000217901	ENSP00000273077	0.437	True	False	22.7	21.5	True	True	BOTH_EXPRESSED
IDH3G	UBA1	ENSP00000217901	ENSP00000338413	0.437	True	False	22.7	88.6	True	True	BOTH_EXPRESSED
HK1	PGAM4	ENSP00000494664	ENSP00000412189	0.437	True	False	141.7	0.3	True	True	BOTH_EXPRESSED
CLN3	IMMT	ENSP00000454229	ENSP00000387262	0.437	True	False	3.0	39.3	True	True	BOTH_EXPRESSED
IFT140	ZNF541	ENSP00000406012	ENSP00000375770	0.437	True	False	5.9	0.5	True	True	BOTH_EXPRESSED
RDH12	CYP26B1	ENSP00000449079	ENSP00000001146	0.437	True	False	206.6	3.9	True	True	BOTH_EXPRESSED
RP1L1	ZNF513	ENSP00000371923	ENSP00000318373	0.437	True	False	41.0	4.4	True	True	BOTH_EXPRESSED
CC2D2A	PKD2	ENSP00000403465	ENSP00000237596	0.437	True	False	78.4	12.9	True	True	BOTH_EXPRESSED
RHO	RHOA	ENSP00000296271	ENSP00000400175	0.437	True	False	3767.6	104.1	True	True	BOTH_EXPRESSED
RHO	IL6	ENSP00000296271	ENSP00000385675	0.437	True	False	3767.6	1.2	True	True	BOTH_EXPRESSED
SAG	ADRA1B	ENSP00000386444	ENSP00000306662	0.437	True	False	1359.9	0.4	True	True	BOTH_EXPRESSED
CDHR1	FSCN2	ENSP00000485478	ENSP00000334665	0.437	True	False	291.2	8.1	True	True	BOTH_EXPRESSED
PRPF8	HSP90AB1	ENSP00000460348	ENSP00000360609	0.437	True	False	76.4	314.7	True	True	BOTH_EXPRESSED
COQ5	SLC45A1	ENSP00000288532	ENSP00000418096	0.437	True	False	24.3	1.5	True	True	BOTH_EXPRESSED
CLRN1	OTOF	ENSP00000329158	ENSP00000272371	0.437	True	False	11.8	0.0	True	True	BELOW_THRESHOLD
ARHGEF18	ECT2	ENSP00000482647	ENSP00000376457	0.437	True	False	4.6	11.6	True	True	BOTH_EXPRESSED
CEP250	SEPTIN2	ENSP00000380661	ENSP00000479861	0.437	True	False	9.2	105.6	True	True	BOTH_EXPRESSED
RPE65	BEST2	ENSP00000262340	ENSP00000448310	0.437	True	False	7.8	1.2	True	True	BOTH_EXPRESSED
DYNC2H1	NPHP1	ENSP00000497174	ENSP00000313169	0.437	True	False	9.5	10.0	True	True	BOTH_EXPRESSED
CFAP20	ARMC3	ENSP00000262498	ENSP00000298032	0.437	True	False	26.4	0.4	True	True	BOTH_EXPRESSED
AHI1	GUCA1B	ENSP00000265602	ENSP00000230361	0.437	True	False	25.2	432.4	True	True	BOTH_EXPRESSED
DHX38	BMS1	ENSP00000268482	ENSP00000363642	0.437	True	False	12.3	6.0	True	True	BOTH_EXPRESSED
CLCC1	G3BP2	ENSP00000349456	ENSP00000352738	0.437	True	False	10.5	43.3	True	True	BOTH_EXPRESSED
DHX38	TP53BP1	ENSP00000268482	ENSP00000371475	0.437	True	False	12.3	20.4	True	True	BOTH_EXPRESSED
AGBL5	TMEM214	ENSP00000353249	ENSP00000238788	0.436	True	False	15.1	8.1	True	True	BOTH_EXPRESSED
AGBL5	CEP41	ENSP00000353249	ENSP00000223208	0.436	True	False	15.1	7.2	True	True	BOTH_EXPRESSED
IDH3G	NDUFA9	ENSP00000217901	ENSP00000266544	0.436	True	False	22.7	18.6	True	True	BOTH_EXPRESSED
CNGB1	OPN1SW	ENSP00000251102	ENSP00000249389	0.436	True	False	557.0	38.0	True	True	BOTH_EXPRESSED
IDH3G	LDHA	ENSP00000217901	ENSP00000445175	0.436	True	False	22.7	411.4	True	True	BOTH_EXPRESSED
TOPORS	CHD3	ENSP00000353735	ENSP00000369716	0.436	True	False	10.6	16.7	True	True	BOTH_EXPRESSED
CYP4V2	MSMO1	ENSP00000368079	ENSP00000261507	0.436	True	False	13.1	24.1	True	True	BOTH_EXPRESSED
RP1	MUC13	ENSP00000220676	ENSP00000485028	0.436	True	False	218.9	0.0	True	True	BELOW_THRESHOLD
TMEM216	NTN5	ENSP00000334844	ENSP00000270235	0.436	True	False	10.8	1.1	True	True	BOTH_EXPRESSED
PRPF6	CPSF7	ENSP00000266079	ENSP00000345412	0.436	True	False	33.8	37.7	True	True	BOTH_EXPRESSED
RPGR	HRAS	ENSP00000495537	ENSP00000407586	0.436	True	False	11.2	9.2	True	True	BOTH_EXPRESSED
INPP5E	SMO	ENSP00000360777	ENSP00000249373	0.436	True	False	6.9	1.9	True	True	BOTH_EXPRESSED
PRPF4	CPSF1	ENSP00000363313	ENSP00000484669	0.436	True	False	12.1	4.9	True	True	BOTH_EXPRESSED
MERTK	CD86	ENSP00000295408	ENSP00000332049	0.436	True	False	15.4	0.8	True	True	BOTH_EXPRESSED
RDH12	HAAO	ENSP00000449079	ENSP00000294973	0.436	True	False	206.6	0.3	True	True	BOTH_EXPRESSED
CLN3	CCNL2	ENSP00000454229	ENSP00000383611	0.436	True	False	3.0	19.6	True	True	BOTH_EXPRESSED
OFD1	LRRCC1	ENSP00000344314	ENSP00000353538	0.436	True	False	2.3	2.8	True	True	BOTH_EXPRESSED
OFD1	NME8	ENSP00000344314	ENSP00000199447	0.436	True	False	2.3	0.0	True	True	BELOW_THRESHOLD
DHDDS	TTC5	ENSP00000353104	ENSP00000258821	0.436	True	False	30.3	2.1	True	True	BOTH_EXPRESSED
CDHR1	WFDC5	ENSP00000485478	ENSP00000361875	0.436	True	False	291.2	0.0	True	True	BELOW_THRESHOLD
HK1	CYCS	ENSP00000494664	ENSP00000307786	0.436	True	False	141.7	142.6	True	True	BOTH_EXPRESSED
BBS9	PRPF31	ENSP00000242067	ENSP00000324122	0.436	True	True	20.3	7.6	True	True	BOTH_EXPRESSED
C19orf44	ZNF430	ENSP00000221671	ENSP00000261560	0.436	True	False	3.4	2.6	True	True	BOTH_EXPRESSED
MERTK	ARG1	ENSP00000295408	ENSP00000349446	0.436	True	False	15.4	0.2	True	True	BOTH_EXPRESSED
DHDDS	CTPS2	ENSP00000353104	ENSP00000401264	0.436	True	False	30.3	9.1	True	True	BOTH_EXPRESSED
CEP162	B9D1	ENSP00000385215	ENSP00000261499	0.436	True	False	2.6	20.2	True	True	BOTH_EXPRESSED
USH2A	H1-6	ENSP00000305941	ENSP00000341214	0.436	True	False	17.8	0.0	True	True	BELOW_THRESHOLD
IDH3A	FBLN1	ENSP00000299518	ENSP00000331544	0.436	True	False	23.8	2.9	True	True	BOTH_EXPRESSED
IDH3A	NAGS	ENSP00000299518	ENSP00000293404	0.436	True	False	23.8	0.0	True	True	BELOW_THRESHOLD
COQ2	IMPA2	ENSP00000310873	ENSP00000269159	0.436	True	False	3.7	0.7	True	True	BOTH_EXPRESSED
CRX	SHH	ENSP00000221996	ENSP00000297261	0.436	True	False	202.2	0.2	True	True	BOTH_EXPRESSED
COQ2	PTPRO	ENSP00000310873	ENSP00000281171	0.436	True	False	3.7	6.9	True	True	BOTH_EXPRESSED
SLC4A7	CPNE8	ENSP00000390394	ENSP00000329748	0.436	True	False	67.5	5.6	True	True	BOTH_EXPRESSED
SLC4A7	LGALS9	ENSP00000390394	ENSP00000378856	0.436	True	False	67.5	0.9	True	True	BOTH_EXPRESSED
ARHGEF18	MCF2	ENSP00000482647	ENSP00000430276	0.436	True	False	4.6	8.5	True	True	BOTH_EXPRESSED
IDH3A	UQCRQ	ENSP00000299518	ENSP00000367939	0.436	True	False	23.8	173.6	True	True	BOTH_EXPRESSED
IDH3A	ADSS2	ENSP00000299518	ENSP00000355493	0.436	True	False	23.8	10.5	True	True	BOTH_EXPRESSED
COQ5	CYC1	ENSP00000288532	ENSP00000317159	0.436	True	False	24.3	39.0	True	True	BOTH_EXPRESSED
BBS1	CCT8	ENSP00000317469	ENSP00000286788	0.436	True	False	19.9	66.0	True	True	BOTH_EXPRESSED
RPGR	GNAT2	ENSP00000495537	ENSP00000251337	0.436	True	False	11.2	73.0	True	True	BOTH_EXPRESSED
USH2A	DIAPH1	ENSP00000305941	ENSP00000373706	0.435	True	False	17.8	26.5	True	True	BOTH_EXPRESSED
RPE65	OPN1MW	ENSP00000262340	ENSP00000472316	0.435	True	False	7.8	12.6	True	True	BOTH_EXPRESSED
AGBL5	CCPG1	ENSP00000353249	ENSP00000403400	0.435	True	False	15.1	44.5	True	True	BOTH_EXPRESSED
USH2A	COCH	ENSP00000305941	ENSP00000216361	0.435	True	False	17.8	11.2	True	True	BOTH_EXPRESSED
USH2A	TMPRSS4	ENSP00000305941	ENSP00000416037	0.435	True	False	17.8	0.4	True	True	BOTH_EXPRESSED
PRPF6	TRA2A	ENSP00000266079	ENSP00000297071	0.435	True	False	33.8	38.7	True	True	BOTH_EXPRESSED
IMPDH1	C8orf37	ENSP00000345096	ENSP00000286688	0.435	True	False	98.6		True	False	UNKNOWN
RLBP1	APOE	ENSP00000268125	ENSP00000252486	0.435	True	False	246.4	81.4	True	True	BOTH_EXPRESSED
TMEM216	IFT88	ENSP00000334844	ENSP00000323580	0.435	True	False	10.8	30.2	True	True	BOTH_EXPRESSED
PRPF3	WBP11	ENSP00000315379	ENSP00000261167	0.435	True	False	40.3	19.8	True	True	BOTH_EXPRESSED
PRPF6	POLDIP3	ENSP00000266079	ENSP00000397927	0.435	True	False	33.8	27.3	True	True	BOTH_EXPRESSED
CFAP410	TBK1	ENSP00000381047	ENSP00000329967	0.435	True	False	9.2	5.8	True	True	BOTH_EXPRESSED
PRPF3	RLBP1	ENSP00000315379	ENSP00000268125	0.435	True	True	40.3	246.4	True	True	BOTH_EXPRESSED
IDH3G	GART	ENSP00000217901	ENSP00000371253	0.435	True	False	22.7	19.3	True	True	BOTH_EXPRESSED
KIZ	EXOC3	ENSP00000479542	ENSP00000425587	0.435	True	False	18.7	7.4	True	True	BOTH_EXPRESSED
ARL3	CEP164	ENSP00000260746	ENSP00000278935	0.435	True	False	89.3	24.1	True	True	BOTH_EXPRESSED
ARL3	IFT74	ENSP00000260746	ENSP00000404122	0.435	True	False	89.3	13.6	True	True	BOTH_EXPRESSED
SLC7A14	SLC7A10	ENSP00000231706	ENSP00000253188	0.435	True	False	5.7	0.5	True	True	BOTH_EXPRESSED
RPGR	POC1A	ENSP00000495537	ENSP00000296484	0.435	True	False	11.2	0.4	True	True	BOTH_EXPRESSED
HK1	SLC16A4	ENSP00000494664	ENSP00000358794	0.435	True	False	141.7	2.1	True	True	BOTH_EXPRESSED
ARL2BP	GPATCH3	ENSP00000219204	ENSP00000354645	0.435	True	False	34.8	5.0	True	True	BOTH_EXPRESSED
ARL2BP	TTC29	ENSP00000219204	ENSP00000423505	0.435	True	False	34.8	0.0	True	True	BELOW_THRESHOLD
POMGNT1	PIK3C2A	ENSP00000361060	ENSP00000265970	0.435	True	False	10.1	19.1	True	True	BOTH_EXPRESSED
PRPF4	DDX46	ENSP00000363313	ENSP00000416534	0.435	True	False	12.1	16.7	True	True	BOTH_EXPRESSED
FLVCR1	SLC25A28	ENSP00000355938	ENSP00000359526	0.435	True	False	6.3	28.2	True	True	BOTH_EXPRESSED
BBS9	ARL3	ENSP00000242067	ENSP00000260746	0.435	True	True	20.3	89.3	True	True	BOTH_EXPRESSED
PDE6B	SPATA7	ENSP00000420295	ENSP00000377176	0.435	True	True	357.2	9.4	True	True	BOTH_EXPRESSED
RAX2	ALPP	ENSP00000450456	ENSP00000375881	0.435	True	False	59.9	0.0	True	True	BELOW_THRESHOLD
NR2E3	C8orf37	ENSP00000482504	ENSP00000286688	0.435	True	False	121.9		True	False	UNKNOWN
RP2	TXNRD1	ENSP00000218340	ENSP00000434516	0.435	True	False	3.9	18.5	True	True	BOTH_EXPRESSED
RP2	OSTF1	ENSP00000218340	ENSP00000340836	0.435	True	False	3.9	11.4	True	True	BOTH_EXPRESSED
IDH3B	MRPS9	ENSP00000482773	ENSP00000258455	0.435	True	False	42.7	20.6	True	True	BOTH_EXPRESSED
IDH3A	ARHGEF33	ENSP00000299518	ENSP00000387020	0.435	True	False	23.8	4.6	True	True	BOTH_EXPRESSED
BBS1	HSPB11	ENSP00000317469	ENSP00000194214	0.435	True	False	19.9	27.6	True	True	BOTH_EXPRESSED
PRPF31	BBS5	ENSP00000324122	ENSP00000295240	0.435	True	False	7.6	11.3	True	True	BOTH_EXPRESSED
PDE6A	PDGFRB	ENSP00000255266	ENSP00000261799	0.435	True	False	1001.0	5.8	True	True	BOTH_EXPRESSED
GNAT1	CRYBA1	ENSP00000232461	ENSP00000225387	0.435	True	False	1040.7	0.2	True	True	BOTH_EXPRESSED
RHO	PRKACA	ENSP00000296271	ENSP00000309591	0.435	True	False	3767.6	23.4	True	True	BOTH_EXPRESSED
SNRNP200	EPRS1	ENSP00000317123	ENSP00000355890	0.435	True	False	62.7	40.5	True	True	BOTH_EXPRESSED
RHO	PRKACB	ENSP00000296271	ENSP00000359719	0.435	True	False	3767.6	66.3	True	True	BOTH_EXPRESSED
OFD1	CCDC114	ENSP00000344314	ENSP00000318429	0.435	True	False	2.3		True	False	UNKNOWN
OFD1	PTCH1	ENSP00000344314	ENSP00000332353	0.435	True	False	2.3	7.8	True	True	BOTH_EXPRESSED
PRPF31	SYF2	ENSP00000324122	ENSP00000236273	0.435	True	False	7.6	27.3	True	True	BOTH_EXPRESSED
NRL	PAX6	ENSP00000454062	ENSP00000492024	0.435	True	False	294.2	63.9	True	True	BOTH_EXPRESSED
CEP250	ALMS1	ENSP00000380661	ENSP00000482968	0.435	True	False	9.2	8.1	True	True	BOTH_EXPRESSED
RLBP1	SLC1A3	ENSP00000268125	ENSP00000265113	0.435	True	False	246.4	204.7	True	True	BOTH_EXPRESSED
SLC37A3	GBE1	ENSP00000321498	ENSP00000410833	0.435	True	False	10.4	20.4	True	True	BOTH_EXPRESSED
BEST1	C8orf37	ENSP00000399709	ENSP00000286688	0.434	True	False	6.2		True	False	UNKNOWN
PRPF6	SRPK2	ENSP00000266079	ENSP00000377262	0.434	True	False	33.8	21.1	True	True	BOTH_EXPRESSED
PRPF6	PPIL3	ENSP00000266079	ENSP00000286175	0.434	True	False	33.8	17.7	True	True	BOTH_EXPRESSED
PRPF6	RNPS1	ENSP00000266079	ENSP00000457723	0.434	True	False	33.8	43.9	True	True	BOTH_EXPRESSED
EYS	TGM5	ENSP00000359655	ENSP00000220420	0.434	True	False	23.1	0.0	True	True	BELOW_THRESHOLD
EYS	PRPF6	ENSP00000359655	ENSP00000266079	0.434	True	True	23.1	33.8	True	True	BOTH_EXPRESSED
CRX	ASCL1	ENSP00000221996	ENSP00000266744	0.434	True	False	202.2	0.9	True	True	BOTH_EXPRESSED
CRX	PRKCA	ENSP00000221996	ENSP00000408695	0.434	True	False	202.2	27.9	True	True	BOTH_EXPRESSED
SLC4A7	VCP	ENSP00000390394	ENSP00000351777	0.434	True	False	67.5	24.3	True	True	BOTH_EXPRESSED
COQ5	COX10	ENSP00000288532	ENSP00000261643	0.434	True	False	24.3	5.2	True	True	BOTH_EXPRESSED
TULP1	TULP4	ENSP00000229771	ENSP00000356064	0.434	True	False	194.3	6.5	True	True	BOTH_EXPRESSED
PRPF31	FBL	ENSP00000324122	ENSP00000221801	0.434	True	False	7.6	21.6	True	True	BOTH_EXPRESSED
OFD1	IFT74	ENSP00000344314	ENSP00000404122	0.434	True	False	2.3	13.6	True	True	BOTH_EXPRESSED
COQ5	NDUFB4	ENSP00000288532	ENSP00000184266	0.434	True	False	24.3	92.9	True	True	BOTH_EXPRESSED
TTC8	SLC27A4	ENSP00000482306	ENSP00000300456	0.434	True	False	34.7	6.3	True	True	BOTH_EXPRESSED
TTC8	SLC27A3	ENSP00000482306	ENSP00000271857	0.434	True	False	34.7	0.6	True	True	BOTH_EXPRESSED
AIPL1	USH1G	ENSP00000370521	ENSP00000480279	0.434	True	False	775.1	0.7	True	True	BOTH_EXPRESSED
GUCA1A	PITPNM3	ENSP00000053469	ENSP00000262483	0.434	True	False	703.2	7.3	True	True	BOTH_EXPRESSED
CNGA1	SAG	ENSP00000384264	ENSP00000386444	0.434	True	True	244.8	1359.9	True	True	BOTH_EXPRESSED
SNRNP200	CHD3	ENSP00000317123	ENSP00000369716	0.434	True	False	62.7	16.7	True	True	BOTH_EXPRESSED
RP1L1	PKHD1	ENSP00000371923	ENSP00000360158	0.434	True	False	41.0	1.4	True	True	BOTH_EXPRESSED
FAM161A	KLHL7	ENSP00000385158	ENSP00000343273	0.434	True	True	26.9	13.9	True	True	BOTH_EXPRESSED
DHDDS	ALG11	ENSP00000353104	ENSP00000430236	0.434	True	False	30.3	8.5	True	True	BOTH_EXPRESSED
DHDDS	ALG14	ENSP00000353104	ENSP00000359224	0.434	True	False	30.3	1.3	True	True	BOTH_EXPRESSED
MVK	ZMPSTE24	ENSP00000228510	ENSP00000361845	0.434	True	False	3.2	10.1	True	True	BOTH_EXPRESSED
AHI1	CEP104	ENSP00000265602	ENSP00000367476	0.434	True	False	25.2	8.4	True	True	BOTH_EXPRESSED
DHX38	BRCA1	ENSP00000268482	ENSP00000418960	0.434	True	False	12.3	6.9	True	True	BOTH_EXPRESSED
FAM161A	CLPP	ENSP00000385158	ENSP00000245816	0.434	True	False	26.9	14.5	True	True	BOTH_EXPRESSED
ARL2BP	METTL6	ENSP00000219204	ENSP00000407613	0.434	True	False	34.8	12.2	True	True	BOTH_EXPRESSED
SAG	TGFBR3	ENSP00000386444	ENSP00000212355	0.434	True	False	1359.9	1.4	True	True	BOTH_EXPRESSED
BCOR	SCMH1	ENSP00000367705	ENSP00000318094	0.434	True	False	13.1	18.0	True	True	BOTH_EXPRESSED
CDHR1	POMC	ENSP00000485478	ENSP00000384092	0.434	True	False	291.2	0.2	True	True	BOTH_EXPRESSED
NR2E3	RORA	ENSP00000482504	ENSP00000261523	0.434	True	False	121.9	35.0	True	True	BOTH_EXPRESSED
PRPF8	DDB1	ENSP00000460348	ENSP00000301764	0.434	True	False	76.4	150.8	True	True	BOTH_EXPRESSED
FAM161A	LONP1	ENSP00000385158	ENSP00000353826	0.434	True	False	26.9	12.1	True	True	BOTH_EXPRESSED
ARL3	ELMOD3	ENSP00000260746	ENSP00000386248	0.434	True	False	89.3	2.9	True	True	BOTH_EXPRESSED
CFAP410	KIF5A	ENSP00000381047	ENSP00000408979	0.434	True	False	9.2	44.4	True	True	BOTH_EXPRESSED
CNGB1	GUCA1A-2	ENSP00000251102	ENSP00000362049	0.434	True	False	557.0		True	False	UNKNOWN
RPE65	KCNV2	ENSP00000262340	ENSP00000371514	0.434	True	False	7.8	268.2	True	True	BOTH_EXPRESSED
FAM161A	LONP2	ENSP00000385158	ENSP00000285737	0.434	True	False	26.9	36.0	True	True	BOTH_EXPRESSED
IFT140	EML2	ENSP00000406012	ENSP00000468312	0.433	True	False	5.9	45.6	True	True	BOTH_EXPRESSED
SLC7A14	PCSK2	ENSP00000231706	ENSP00000262545	0.433	True	False	5.7	33.2	True	True	BOTH_EXPRESSED
FLVCR1	IL2RG	ENSP00000355938	ENSP00000363318	0.433	True	False	6.3	0.3	True	True	BOTH_EXPRESSED
RHO	NES	ENSP00000296271	ENSP00000357206	0.433	True	False	3767.6	7.6	True	True	BOTH_EXPRESSED
PRPF4	NOL11	ENSP00000363313	ENSP00000253247	0.433	True	False	12.1	9.5	True	True	BOTH_EXPRESSED
RPGR	CETN1	ENSP00000495537	ENSP00000319052	0.433	True	False	11.2	0.0	True	True	BELOW_THRESHOLD
AIPL1	RLBP1	ENSP00000370521	ENSP00000268125	0.433	True	True	775.1	246.4	True	True	BOTH_EXPRESSED
RPGR	ADGRV1	ENSP00000495537	ENSP00000384582	0.433	True	False	11.2	16.8	True	True	BOTH_EXPRESSED
CLRN1	TOPORS	ENSP00000329158	ENSP00000353735	0.433	True	True	11.8	10.6	True	True	BOTH_EXPRESSED
GUCA1A	AGA	ENSP00000053469	ENSP00000264595	0.433	True	False	703.2	6.1	True	True	BOTH_EXPRESSED
IMPG1	CNGB3	ENSP00000358966	ENSP00000316605	0.433	True	False	621.3	11.6	True	True	BOTH_EXPRESSED
IDH3G	ECHS1	ENSP00000217901	ENSP00000357535	0.433	True	False	22.7	36.9	True	True	BOTH_EXPRESSED
CFAP20	CFAP298	ENSP00000262498	ENSP00000290155	0.433	True	False	26.4	25.6	True	True	BOTH_EXPRESSED
CFAP410	KCNV2	ENSP00000381047	ENSP00000371514	0.433	True	False	9.2	268.2	True	True	BOTH_EXPRESSED
IDH3G	H7C0C1_HUMAN	ENSP00000217901	ENSP00000394107	0.433	True	False	22.7		True	False	UNKNOWN
IMPDH1	DPYD	ENSP00000345096	ENSP00000359211	0.433	True	False	98.6	3.0	True	True	BOTH_EXPRESSED
CERKL	PRPF6	ENSP00000341159	ENSP00000266079	0.433	True	True	19.5	33.8	True	True	BOTH_EXPRESSED
RHO	GPX2	ENSP00000296271	ENSP00000374265	0.433	True	False	3767.6	0.0	True	True	BELOW_THRESHOLD
USH2A	CHEK2	ENSP00000305941	ENSP00000372023	0.433	True	False	17.8	0.4	True	True	BOTH_EXPRESSED
RPE65	ACTB	ENSP00000262340	ENSP00000494750	0.433	True	False	7.8	452.4	True	True	BOTH_EXPRESSED
CYP4V2	CBLN3	ENSP00000368079	ENSP00000267406	0.433	True	False	13.1	0.4	True	True	BOTH_EXPRESSED
NR2E3	NEFL	ENSP00000482504	ENSP00000482169	0.433	True	False	121.9	82.9	True	True	BOTH_EXPRESSED
IDH3B	ALDOA	ENSP00000482773	ENSP00000496166	0.433	True	False	42.7	431.9	True	True	BOTH_EXPRESSED
IDH3B	H7C0C1_HUMAN	ENSP00000482773	ENSP00000394107	0.433	True	False	42.7		True	False	UNKNOWN
IDH3B	UQCR10	ENSP00000482773	ENSP00000332887	0.433	True	False	42.7	83.6	True	True	BOTH_EXPRESSED
PDSS1	ADCK1	ENSP00000365388	ENSP00000238561	0.433	True	False	1.7	3.5	True	True	BOTH_EXPRESSED
COQ8B	PTPRO	ENSP00000315118	ENSP00000281171	0.433	True	False	1.2	6.9	True	True	BOTH_EXPRESSED
COQ5	RNF10	ENSP00000288532	ENSP00000415682	0.433	True	False	24.3	70.8	True	True	BOTH_EXPRESSED
BBS1	RHO	ENSP00000317469	ENSP00000296271	0.433	True	True	19.9	3767.6	True	True	BOTH_EXPRESSED
PRPF6	EPRS1	ENSP00000266079	ENSP00000355890	0.433	True	False	33.8	40.5	True	True	BOTH_EXPRESSED
BBS2	USH2A	ENSP00000245157	ENSP00000305941	0.433	True	True	12.0	17.8	True	True	BOTH_EXPRESSED
CLRN1	HARS1	ENSP00000329158	ENSP00000425634	0.433	True	False	11.8	17.3	True	True	BOTH_EXPRESSED
HK1	PGAM2	ENSP00000494664	ENSP00000297283	0.433	True	False	141.7	4.0	True	True	BOTH_EXPRESSED
PDE6G	LRAT	ENSP00000328412	ENSP00000337224	0.433	True	True	1904.6	0.9	True	True	BOTH_EXPRESSED
HGSNAT	FUCA1	ENSP00000368965	ENSP00000363603	0.433	True	False	12.6	5.2	True	True	BOTH_EXPRESSED
CLN3	BTN1A1	ENSP00000454229	ENSP00000244513	0.433	True	False	3.0	0.0	True	True	BELOW_THRESHOLD
CFAP410	MOBP	ENSP00000381047	ENSP00000312293	0.433	True	False	9.2	0.2	True	True	BOTH_EXPRESSED
CFAP410	OPTN	ENSP00000381047	ENSP00000368022	0.433	True	False	9.2	45.5	True	True	BOTH_EXPRESSED
SNRNP200	TRA2A	ENSP00000317123	ENSP00000297071	0.433	True	False	62.7	38.7	True	True	BOTH_EXPRESSED
FLVCR1	IREB2	ENSP00000355938	ENSP00000258886	0.432	True	False	6.3	17.9	True	True	BOTH_EXPRESSED
GNAT1	OPN1MW3	ENSP00000232461	ENSP00000469970	0.432	True	False	1040.7	44.9	True	True	BOTH_EXPRESSED
AIPL1	CACNA2D4	ENSP00000370521	ENSP00000372169	0.432	True	False	775.1	18.7	True	True	BOTH_EXPRESSED
SNRNP200	HNRNPF	ENSP00000317123	ENSP00000400433	0.432	True	False	62.7	74.0	True	True	BOTH_EXPRESSED
BBS1	CCT2	ENSP00000317469	ENSP00000299300	0.432	True	False	19.9	53.2	True	True	BOTH_EXPRESSED
COQ5	PPTC7	ENSP00000288532	ENSP00000346255	0.432	True	False	24.3	14.5	True	True	BOTH_EXPRESSED
RPGR	NUP93	ENSP00000495537	ENSP00000310668	0.432	True	False	11.2	29.4	True	True	BOTH_EXPRESSED
FLVCR1	TFR2	ENSP00000355938	ENSP00000420525	0.432	True	False	6.3	0.3	True	True	BOTH_EXPRESSED
PRPF8	UBC	ENSP00000460348	ENSP00000441543	0.432	True	False	76.4	902.5	True	True	BOTH_EXPRESSED
PCARE	CACNA2D4	ENSP00000332809	ENSP00000372169	0.432	True	False	26.4	18.7	True	True	BOTH_EXPRESSED
RHO	GAPDH	ENSP00000296271	ENSP00000380070	0.432	True	False	3767.6	2216.3	True	True	BOTH_EXPRESSED
PRPF8	CSTF2	ENSP00000460348	ENSP00000387996	0.432	True	False	76.4	7.1	True	True	BOTH_EXPRESSED
CDHR1	GPR87	ENSP00000485478	ENSP00000260843	0.432	True	False	291.2	0.0	True	True	BELOW_THRESHOLD
POMGNT1	CAPN3	ENSP00000361060	ENSP00000380349	0.432	True	False	10.1	6.9	True	True	BOTH_EXPRESSED
GUCA1A	SLC25A18	ENSP00000053469	ENSP00000329033	0.432	True	False	703.2	1.7	True	True	BOTH_EXPRESSED
DHDDS	NR2E3	ENSP00000353104	ENSP00000482504	0.432	True	True	30.3	121.9	True	True	BOTH_EXPRESSED
IDH3G	NDUFB9	ENSP00000217901	ENSP00000276689	0.432	True	False	22.7	126.0	True	True	BOTH_EXPRESSED
USH2A	HLX	ENSP00000305941	ENSP00000355870	0.432	True	False	17.8	0.0	True	True	BELOW_THRESHOLD
IMPDH1	DHFR	ENSP00000345096	ENSP00000396308	0.432	True	False	98.6	9.5	True	True	BOTH_EXPRESSED
RHO	SNCG	ENSP00000296271	ENSP00000361087	0.432	True	False	3767.6	49.0	True	True	BOTH_EXPRESSED
RHO	RGS6	ENSP00000296271	ENSP00000451030	0.432	True	False	3767.6	1.6	True	True	BOTH_EXPRESSED
FAM161A	AIPL1	ENSP00000385158	ENSP00000370521	0.432	True	True	26.9	775.1	True	True	BOTH_EXPRESSED
RPE65	CFH	ENSP00000262340	ENSP00000356399	0.432	True	False	7.8	3.5	True	True	BOTH_EXPRESSED
COQ2	DOLPP1	ENSP00000310873	ENSP00000361625	0.432	True	False	3.7	3.5	True	True	BOTH_EXPRESSED
SLC4A7	DLG4	ENSP00000390394	ENSP00000497806	0.432	True	False	67.5	200.9	True	True	BOTH_EXPRESSED
PRPF8	RPS21	ENSP00000460348	ENSP00000345957	0.432	True	False	76.4	194.8	True	True	BOTH_EXPRESSED
DYNC2H1	FMN1	ENSP00000497174	ENSP00000479134	0.432	True	False	9.5	27.8	True	True	BOTH_EXPRESSED
PDSS1	PARK7	ENSP00000365388	ENSP00000340278	0.432	True	False	1.7	253.6	True	True	BOTH_EXPRESSED
RAX2	DRAM2	ENSP00000450456	ENSP00000286692	0.432	True	False	59.9	15.6	True	True	BOTH_EXPRESSED
PDE6B	H2BC21	ENSP00000420295	ENSP00000358151	0.432	True	False	357.2	63.1	True	True	BOTH_EXPRESSED
PRPF8	SRSF4	ENSP00000460348	ENSP00000362900	0.432	True	False	76.4	41.5	True	True	BOTH_EXPRESSED
DYNC2H1	INTU	ENSP00000497174	ENSP00000334003	0.432	True	False	9.5	12.2	True	True	BOTH_EXPRESSED
SLC66A1	MRTO4	ENSP00000364295	ENSP00000364320	0.432	True	False	11.2	6.7	True	True	BOTH_EXPRESSED
CYP4V2	PRPF31	ENSP00000368079	ENSP00000324122	0.432	True	True	13.1	7.6	True	True	BOTH_EXPRESSED
DHX38	BYSL	ENSP00000268482	ENSP00000230340	0.432	True	False	12.3	2.3	True	True	BOTH_EXPRESSED
GUCY2D	IFT140	ENSP00000254854	ENSP00000406012	0.432	True	True	31.7	5.9	True	True	BOTH_EXPRESSED
POMGNT1	SELENON	ENSP00000361060	ENSP00000355141	0.432	True	False	10.1	9.9	True	True	BOTH_EXPRESSED
DHX38	GOLGA6L1	ENSP00000268482	ENSP00000478478	0.432	True	False	12.3	0.0	True	True	BELOW_THRESHOLD
RP1L1	ELOVL4	ENSP00000371923	ENSP00000358831	0.432	True	False	41.0	163.6	True	True	BOTH_EXPRESSED
CREB3	EDEM1	ENSP00000342136	ENSP00000256497	0.432	True	False	21.7	5.1	True	True	BOTH_EXPRESSED
CRX	AGXT	ENSP00000221996	ENSP00000302620	0.432	True	False	202.2	0.0	True	True	BELOW_THRESHOLD
ARL3	IFT80	ENSP00000260746	ENSP00000312778	0.432	True	False	89.3	23.2	True	True	BOTH_EXPRESSED
OFD1	ZNF513	ENSP00000344314	ENSP00000318373	0.432	True	False	2.3	4.4	True	True	BOTH_EXPRESSED
PRPF31	COIL	ENSP00000324122	ENSP00000240316	0.432	True	False	7.6	11.7	True	True	BOTH_EXPRESSED
BEST1	PMEL	ENSP00000399709	ENSP00000402758	0.432	True	False	6.2	0.4	True	True	BOTH_EXPRESSED
ARL3	RABL2A	ENSP00000260746	ENSP00000387229	0.432	True	False	89.3	5.9	True	True	BOTH_EXPRESSED
PRPF6	SRSF2	ENSP00000266079	ENSP00000376276	0.432	True	False	33.8	49.5	True	True	BOTH_EXPRESSED
BEST1	PRPF6	ENSP00000399709	ENSP00000266079	0.431	True	True	6.2	33.8	True	True	BOTH_EXPRESSED
RLBP1	SPATA7	ENSP00000268125	ENSP00000377176	0.431	True	True	246.4	9.4	True	True	BOTH_EXPRESSED
CEP250	ERGIC3	ENSP00000380661	ENSP00000349970	0.431	True	False	9.2	62.0	True	True	BOTH_EXPRESSED
ARL3	IFT172	ENSP00000260746	ENSP00000260570	0.431	True	True	89.3	5.3	True	True	BOTH_EXPRESSED
IDH3A	HADHB	ENSP00000299518	ENSP00000325136	0.431	True	False	23.8	58.4	True	True	BOTH_EXPRESSED
IDH3A	RNF103-CHMP3	ENSP00000299518	ENSP00000474823	0.431	True	False	23.8	0.3	True	True	BOTH_EXPRESSED
CC2D2A	ANKS6	ENSP00000403465	ENSP00000297837	0.431	True	False	78.4	2.1	True	True	BOTH_EXPRESSED
COQ2	ENDOV	ENSP00000310873	ENSP00000429190	0.431	True	False	3.7	24.4	True	True	BOTH_EXPRESSED
COQ5	BICDL1	ENSP00000288532	ENSP00000380690	0.431	True	False	24.3	39.5	True	True	BOTH_EXPRESSED
BEST1	TRPM1	ENSP00000399709	ENSP00000437849	0.431	True	False	6.2	16.2	True	True	BOTH_EXPRESSED
AGBL5	TTLL7	ENSP00000353249	ENSP00000260505	0.431	True	False	15.1	7.6	True	True	BOTH_EXPRESSED
RPGR	FAM120C	ENSP00000495537	ENSP00000364324	0.431	True	False	11.2	5.4	True	True	BOTH_EXPRESSED
RPGR	HYDIN	ENSP00000495537	ENSP00000377197	0.431	True	False	11.2	6.3	True	True	BOTH_EXPRESSED
ARHGEF18	ARHGAP17	ENSP00000482647	ENSP00000289968	0.431	True	False	4.6	2.2	True	True	BOTH_EXPRESSED
SNRNP200	HNRNPA0	ENSP00000317123	ENSP00000316042	0.431	True	False	62.7	10.1	True	True	BOTH_EXPRESSED
SNRNP200	NTSR1	ENSP00000317123	ENSP00000359532	0.431	True	False	62.7	0.1	True	True	BOTH_EXPRESSED
GNAT1	SEMA3A	ENSP00000232461	ENSP00000265362	0.431	True	False	1040.7	20.9	True	True	BOTH_EXPRESSED
GNAT1	CXCR5	ENSP00000232461	ENSP00000292174	0.431	True	False	1040.7	0.1	True	True	BOTH_EXPRESSED
REEP6	PSD2	ENSP00000233596	ENSP00000274710	0.431	True	False	87.4	3.8	True	True	BOTH_EXPRESSED
IDH3G	NAA10	ENSP00000217901	ENSP00000417763	0.431	True	False	22.7	7.2	True	True	BOTH_EXPRESSED
CERKL	MICAL3	ENSP00000341159	ENSP00000416015	0.431	True	False	19.5	13.1	True	True	BOTH_EXPRESSED
PRPF3	CUX1	ENSP00000315379	ENSP00000353401	0.431	True	False	40.3	17.8	True	True	BOTH_EXPRESSED
PRPF8	RPS18	ENSP00000460348	ENSP00000393241	0.431	True	False	76.4	646.1	True	True	BOTH_EXPRESSED
RHO	GUCA1C	ENSP00000296271	ENSP00000261047	0.431	True	False	3767.6	274.8	True	True	BOTH_EXPRESSED
IMPDH1	NPEPL1	ENSP00000345096	ENSP00000348395	0.431	True	False	98.6	2.3	True	True	BOTH_EXPRESSED
HGSNAT	H6PD	ENSP00000368965	ENSP00000473348	0.431	True	False	12.6	3.9	True	True	BOTH_EXPRESSED
RHO	CABP2	ENSP00000296271	ENSP00000294288	0.431	True	False	3767.6	6.8	True	True	BOTH_EXPRESSED
RHO	PRPF3	ENSP00000296271	ENSP00000315379	0.431	True	True	3767.6	40.3	True	True	BOTH_EXPRESSED
USH2A	MYO3A	ENSP00000305941	ENSP00000495965	0.431	True	False	17.8	14.3	True	True	BOTH_EXPRESSED
AHI1	ZIC4	ENSP00000265602	ENSP00000435509	0.431	True	False	25.2	4.5	True	True	BOTH_EXPRESSED
SLC7A14	SLC7A9	ENSP00000231706	ENSP00000023064	0.431	True	False	5.7	1.0	True	True	BOTH_EXPRESSED
IDH3B	LDHA	ENSP00000482773	ENSP00000445175	0.431	True	False	42.7	411.4	True	True	BOTH_EXPRESSED
RPGR	CNTLN	ENSP00000495537	ENSP00000370021	0.431	True	False	11.2	2.0	True	True	BOTH_EXPRESSED
SAG	CDH5	ENSP00000386444	ENSP00000497290	0.431	True	False	1359.9	1.2	True	True	BOTH_EXPRESSED
MERTK	STAT3	ENSP00000295408	ENSP00000264657	0.431	True	False	15.4	27.7	True	True	BOTH_EXPRESSED
SAG	RGS18	ENSP00000386444	ENSP00000356430	0.431	True	False	1359.9	0.5	True	True	BOTH_EXPRESSED
POMGNT1	MYOT	ENSP00000361060	ENSP00000239926	0.431	True	False	10.1	0.5	True	True	BOTH_EXPRESSED
NRL	PDE6C	ENSP00000454062	ENSP00000360502	0.431	True	False	294.2	21.4	True	True	BOTH_EXPRESSED
TOPORS	RPGRIP1	ENSP00000353735	ENSP00000382895	0.431	True	False	10.6	171.2	True	True	BOTH_EXPRESSED
PRPF8	SHMT2	ENSP00000460348	ENSP00000333667	0.431	True	False	76.4	12.9	True	True	BOTH_EXPRESSED
USH2A	TSPEAR	ENSP00000305941	ENSP00000321987	0.431	True	False	17.8	0.5	True	True	BOTH_EXPRESSED
SAG	GPR182	ENSP00000386444	ENSP00000300098	0.431	True	False	1359.9	0.1	True	True	BOTH_EXPRESSED
PRPF8	ZNHIT6	ENSP00000460348	ENSP00000359606	0.43	True	False	76.4	3.1	True	True	BOTH_EXPRESSED
CRX	NKX2-5	ENSP00000221996	ENSP00000327758	0.43	True	False	202.2	0.0	True	True	BELOW_THRESHOLD
PRPF6	C8orf37	ENSP00000266079	ENSP00000286688	0.43	True	False	33.8		True	False	UNKNOWN
PRPF8	SUPT6H	ENSP00000460348	ENSP00000319104	0.43	True	False	76.4	27.0	True	True	BOTH_EXPRESSED
PRPF8	SLTM	ENSP00000460348	ENSP00000369887	0.43	True	False	76.4	41.6	True	True	BOTH_EXPRESSED
SLC4A7	LCA5	ENSP00000390394	ENSP00000376686	0.43	True	False	67.5	12.7	True	True	BOTH_EXPRESSED
DYNC2H1	DCTN1	ENSP00000497174	ENSP00000354791	0.43	True	False	9.5	40.4	True	True	BOTH_EXPRESSED
AIPL1	DNAJA1	ENSP00000370521	ENSP00000369127	0.43	True	False	775.1	72.5	True	True	BOTH_EXPRESSED
CLRN1	SLC17A8	ENSP00000329158	ENSP00000316909	0.43	True	False	11.8	1.1	True	True	BOTH_EXPRESSED
CYP4V2	F11	ENSP00000368079	ENSP00000384957	0.43	True	False	13.1	0.6	True	True	BOTH_EXPRESSED
RPGR	RAB28	ENSP00000495537	ENSP00000328551	0.43	True	False	11.2	51.3	True	True	BOTH_EXPRESSED
RP1L1	CACNA1F	ENSP00000371923	ENSP00000365441	0.43	True	False	41.0	116.2	True	True	BOTH_EXPRESSED
RP1L1	CRYBB3	ENSP00000371923	ENSP00000215855	0.43	True	False	41.0	0.7	True	True	BOTH_EXPRESSED
PRPF31	RBM41	ENSP00000324122	ENSP00000361557	0.43	True	False	7.6	5.7	True	True	BOTH_EXPRESSED
COQ2	NDUFS1	ENSP00000310873	ENSP00000392709	0.43	True	False	3.7	22.6	True	True	BOTH_EXPRESSED
DHX38	UTP14C	ENSP00000268482	ENSP00000428619	0.43	True	False	12.3	2.2	True	True	BOTH_EXPRESSED
PRPF4	BAG2	ENSP00000363313	ENSP00000359727	0.43	True	False	12.1	4.6	True	True	BOTH_EXPRESSED
GNAT1	GRK3	ENSP00000232461	ENSP00000317578	0.43	True	False	1040.7	4.0	True	True	BOTH_EXPRESSED
PRCD	STK38L	ENSP00000467661	ENSP00000373684	0.43	True	False	44.6	6.1	True	True	BOTH_EXPRESSED
IDH3B	MRPL16	ENSP00000482773	ENSP00000300151	0.43	True	False	42.7	19.8	True	True	BOTH_EXPRESSED
BBS9	CCT2	ENSP00000242067	ENSP00000299300	0.43	True	False	20.3	53.2	True	True	BOTH_EXPRESSED
GUCA1A	WDR90	ENSP00000053469	ENSP00000293879	0.43	True	False	703.2	4.3	True	True	BOTH_EXPRESSED
RAX2	CX3CR1	ENSP00000450456	ENSP00000351059	0.43	True	False	59.9	0.5	True	True	BOTH_EXPRESSED
MVK	TPI1	ENSP00000228510	ENSP00000229270	0.43	True	False	3.2	580.2	True	True	BOTH_EXPRESSED
RAX2	FIZ1	ENSP00000450456	ENSP00000221665	0.43	True	False	59.9	10.9	True	True	BOTH_EXPRESSED
RHO	AIF1	ENSP00000296271	ENSP00000365227	0.43	True	False	3767.6	3.6	True	True	BOTH_EXPRESSED
RAX2	PLIN5	ENSP00000450456	ENSP00000371272	0.43	True	False	59.9	0.8	True	True	BOTH_EXPRESSED
RP2	TBCD	ENSP00000218340	ENSP00000347719	0.43	True	False	3.9	7.9	True	True	BOTH_EXPRESSED
RHO	CCR3	ENSP00000296271	ENSP00000441600	0.43	True	False	3767.6	0.0	True	True	BELOW_THRESHOLD
RHO	RTP1	ENSP00000296271	ENSP00000311712	0.43	True	False	3767.6	0.0	True	True	BELOW_THRESHOLD
REEP6	IL2RG	ENSP00000233596	ENSP00000363318	0.43	True	False	87.4	0.3	True	True	BOTH_EXPRESSED
CLN3	NAGPA	ENSP00000454229	ENSP00000310998	0.43	True	False	3.0	0.6	True	True	BOTH_EXPRESSED
DHDDS	ALG12	ENSP00000353104	ENSP00000333813	0.43	True	False	30.3	2.8	True	True	BOTH_EXPRESSED
DHDDS	ATP6V0A1	ENSP00000353104	ENSP00000264649	0.43	True	False	30.3	84.9	True	True	BOTH_EXPRESSED
NRL	CLRN1	ENSP00000454062	ENSP00000329158	0.43	True	True	294.2	11.8	True	True	BOTH_EXPRESSED
KLHL7	NUP50	ENSP00000343273	ENSP00000345895	0.43	True	False	13.9	10.1	True	True	BOTH_EXPRESSED
KLHL7	CLPX	ENSP00000343273	ENSP00000300107	0.43	True	False	13.9	9.2	True	True	BOTH_EXPRESSED
IMPG2	UNC5D	ENSP00000193391	ENSP00000385143	0.43	True	False	282.9	4.5	True	True	BOTH_EXPRESSED
RLBP1	ZNF513	ENSP00000268125	ENSP00000318373	0.429	True	False	246.4	4.4	True	True	BOTH_EXPRESSED
CFAP410	ENSP00000478249	ENSP00000381047	ENSP00000478249	0.429	True	False	9.2		True	False	UNKNOWN
CFAP410	PITPNM3	ENSP00000381047	ENSP00000262483	0.429	True	False	9.2	7.3	True	True	BOTH_EXPRESSED
DYNC2H1	KIF18A	ENSP00000497174	ENSP00000263181	0.429	True	False	9.5	0.6	True	True	BOTH_EXPRESSED
EYS	BBS1	ENSP00000359655	ENSP00000317469	0.429	True	True	23.1	19.9	True	True	BOTH_EXPRESSED
DYNC2H1	HSPB11	ENSP00000497174	ENSP00000194214	0.429	True	False	9.5	27.6	True	True	BOTH_EXPRESSED
DHX38	DIDO1	ENSP00000268482	ENSP00000266070	0.429	True	False	12.3	18.4	True	True	BOTH_EXPRESSED
AIPL1	KLHL7	ENSP00000370521	ENSP00000343273	0.429	True	True	775.1	13.9	True	True	BOTH_EXPRESSED
USH2A	CLIC6	ENSP00000305941	ENSP00000353959	0.429	True	False	17.8	0.2	True	True	BOTH_EXPRESSED
CLCC1	SDSL	ENSP00000349456	ENSP00000341117	0.429	True	False	10.5	2.2	True	True	BOTH_EXPRESSED
BBS9	FAM118A	ENSP00000242067	ENSP00000216214	0.429	True	False	20.3	8.8	True	True	BOTH_EXPRESSED
CRX	GNGT2	ENSP00000221996	ENSP00000421710	0.429	True	False	202.2	145.5	True	True	BOTH_EXPRESSED
TOPORS	KAT5	ENSP00000353735	ENSP00000340330	0.429	True	False	10.6	28.8	True	True	BOTH_EXPRESSED
TOPORS	EXOSC9	ENSP00000353735	ENSP00000368984	0.429	True	False	10.6	9.1	True	True	BOTH_EXPRESSED
DHDDS	ALDH18A1	ENSP00000353104	ENSP00000360268	0.429	True	False	30.3	10.6	True	True	BOTH_EXPRESSED
HK1	AGL	ENSP00000494664	ENSP00000294724	0.429	True	False	141.7	21.5	True	True	BOTH_EXPRESSED
HK1	MYC	ENSP00000494664	ENSP00000478887	0.429	True	False	141.7	0.5	True	True	BOTH_EXPRESSED
RAX2	NXNL1	ENSP00000450456	ENSP00000305631	0.429	True	False	59.9	59.7	True	True	BOTH_EXPRESSED
PRPF4	LSM10	ENSP00000363313	ENSP00000319341	0.429	True	False	12.1	9.0	True	True	BOTH_EXPRESSED
SAG	AGTR2	ENSP00000386444	ENSP00000360973	0.429	True	False	1359.9	0.1	True	True	BOTH_EXPRESSED
CREB3	CANX	ENSP00000342136	ENSP00000247461	0.429	True	False	21.7	61.7	True	True	BOTH_EXPRESSED
SNRNP200	IPO9	ENSP00000317123	ENSP00000354742	0.429	True	False	62.7	22.0	True	True	BOTH_EXPRESSED
BEST1	SLC6A1	ENSP00000399709	ENSP00000494136	0.429	True	False	6.2	34.6	True	True	BOTH_EXPRESSED
SLC37A3	KDM7A	ENSP00000321498	ENSP00000380692	0.429	True	False	10.4	5.4	True	True	BOTH_EXPRESSED
CLCC1	PMPCB	ENSP00000349456	ENSP00000249269	0.429	True	False	10.5	19.8	True	True	BOTH_EXPRESSED
PRPH2	SIN3B	ENSP00000230381	ENSP00000369131	0.429	True	False	594.9	9.3	True	True	BOTH_EXPRESSED
RPGR	OPN1SW	ENSP00000495537	ENSP00000249389	0.429	True	False	11.2	38.0	True	True	BOTH_EXPRESSED
BBS1	NUP85	ENSP00000317469	ENSP00000245544	0.429	True	False	19.9	10.4	True	True	BOTH_EXPRESSED
BBS1	PRPF31	ENSP00000317469	ENSP00000324122	0.429	True	True	19.9	7.6	True	True	BOTH_EXPRESSED
INPP5E	OFD1	ENSP00000360777	ENSP00000344314	0.429	True	True	6.9	2.3	True	True	BOTH_EXPRESSED
PRPF31	DDX46	ENSP00000324122	ENSP00000416534	0.429	True	False	7.6	16.7	True	True	BOTH_EXPRESSED
RHO	SLC6A13	ENSP00000296271	ENSP00000339260	0.429	True	False	3767.6	1.0	True	True	BOTH_EXPRESSED
RHO	SDR9C7	ENSP00000296271	ENSP00000293502	0.429	True	False	3767.6	0.1	True	True	BOTH_EXPRESSED
INPP5E	NCKAP1	ENSP00000360777	ENSP00000354251	0.429	True	False	6.9	53.2	True	True	BOTH_EXPRESSED
SLC4A7	EGFL8	ENSP00000390394	ENSP00000378888	0.429	True	False	67.5	0.0	True	True	BELOW_THRESHOLD
SLC4A7	ZAP70	ENSP00000390394	ENSP00000264972	0.429	True	False	67.5	0.0	True	True	BELOW_THRESHOLD
SLC4A7	FNBP1L	ENSP00000390394	ENSP00000271234	0.429	True	False	67.5	11.5	True	True	BOTH_EXPRESSED
FAM161A	KIFC3	ENSP00000385158	ENSP00000442008	0.429	True	False	26.9	75.8	True	True	BOTH_EXPRESSED
RDH12	DTHD1	ENSP00000449079	ENSP00000401597	0.429	True	False	206.6	0.0	True	True	BELOW_THRESHOLD
SLC4A7	LOXHD1	ENSP00000390394	ENSP00000444586	0.429	True	False	67.5	0.0	True	True	BELOW_THRESHOLD
HK1	GPX7	ENSP00000494664	ENSP00000354677	0.428	True	False	141.7	1.5	True	True	BOTH_EXPRESSED
CFAP20	F12	ENSP00000262498	ENSP00000253496	0.428	True	False	26.4	0.0	True	True	BELOW_THRESHOLD
HK1	SLC2A2	ENSP00000494664	ENSP00000323568	0.428	True	False	141.7	0.0	True	True	BELOW_THRESHOLD
RDH12	RBP3	ENSP00000449079	ENSP00000463151	0.428	True	True	206.6	504.0	True	True	BOTH_EXPRESSED
IDH3B	PFKL	ENSP00000482773	ENSP00000269848	0.428	True	False	42.7	22.2	True	True	BOTH_EXPRESSED
IDH3B	OAT	ENSP00000482773	ENSP00000357838	0.428	True	False	42.7	47.4	True	True	BOTH_EXPRESSED
SAG	PLIN2	ENSP00000386444	ENSP00000276914	0.428	True	False	1359.9	12.1	True	True	BOTH_EXPRESSED
IDH3B	NDUFB8	ENSP00000482773	ENSP00000299166	0.428	True	False	42.7	118.0	True	True	BOTH_EXPRESSED
CFAP20	HABP2	ENSP00000262498	ENSP00000277903	0.428	True	False	26.4	0.3	True	True	BOTH_EXPRESSED
RCBTB1	IP6K2	ENSP00000367552	ENSP00000331103	0.428	True	False	45.9	59.1	True	True	BOTH_EXPRESSED
DYNC2H1	TULP3	ENSP00000497174	ENSP00000380321	0.428	True	False	9.5	11.7	True	True	BOTH_EXPRESSED
RLBP1	RRH	ENSP00000268125	ENSP00000314992	0.428	True	False	246.4	70.0	True	True	BOTH_EXPRESSED
CEP250	CNTROB	ENSP00000380661	ENSP00000369614	0.428	True	False	9.2	16.6	True	True	BOTH_EXPRESSED
CFAP20	HGFAC	ENSP00000262498	ENSP00000421801	0.428	True	False	26.4	0.1	True	True	BOTH_EXPRESSED
CFAP20	HNF4A	ENSP00000262498	ENSP00000312987	0.428	True	False	26.4	0.2	True	True	BOTH_EXPRESSED
DHDDS	EBPL	ENSP00000353104	ENSP00000242827	0.428	True	False	30.3	4.0	True	True	BOTH_EXPRESSED
AHI1	GABRG2	ENSP00000265602	ENSP00000410732	0.428	True	False	25.2	10.3	True	True	BOTH_EXPRESSED
CEP162	MKS1	ENSP00000385215	ENSP00000376827	0.428	True	False	2.6	6.1	True	True	BOTH_EXPRESSED
CLN3	MAP1LC3A	ENSP00000454229	ENSP00000363970	0.428	True	False	3.0	29.4	True	True	BOTH_EXPRESSED
SCLT1	PRRT2	ENSP00000281142	ENSP00000456226	0.428	True	False	2.7	18.4	True	True	BOTH_EXPRESSED
CLCC1	CYC1	ENSP00000349456	ENSP00000317159	0.428	True	False	10.5	39.0	True	True	BOTH_EXPRESSED
PRPH2	RTBDN	ENSP00000230381	ENSP00000326253	0.428	True	False	594.9	267.5	True	True	BOTH_EXPRESSED
TULP1	ENO1	ENSP00000229771	ENSP00000495530	0.428	True	False	194.3	688.1	True	True	BOTH_EXPRESSED
PRPH2	WHRN	ENSP00000230381	ENSP00000354623	0.428	True	False	594.9	20.0	True	True	BOTH_EXPRESSED
COQ5	MRPL53	ENSP00000288532	ENSP00000258105	0.428	True	False	24.3	25.1	True	True	BOTH_EXPRESSED
OFD1	PRKAR2A	ENSP00000344314	ENSP00000265563	0.428	True	False	2.3	14.2	True	True	BOTH_EXPRESSED
CC2D2A	CEP89	ENSP00000403465	ENSP00000306105	0.428	True	False	78.4	6.8	True	True	BOTH_EXPRESSED
FSD1L	TMEM38B	ENSP00000417492	ENSP00000363824	0.428	True	False	40.1	8.6	True	True	BOTH_EXPRESSED
PRPF8	SBDS	ENSP00000460348	ENSP00000246868	0.428	True	False	76.4	73.0	True	True	BOTH_EXPRESSED
PRPF8	USP14	ENSP00000460348	ENSP00000261601	0.428	True	False	76.4	14.4	True	True	BOTH_EXPRESSED
IFT140	EML1	ENSP00000406012	ENSP00000334314	0.428	True	False	5.9	49.1	True	True	BOTH_EXPRESSED
IFT140	NPHP3	ENSP00000406012	ENSP00000338766	0.428	True	False	5.9	2.9	True	True	BOTH_EXPRESSED
BCOR	HDAC6	ENSP00000367705	ENSP00000365804	0.428	True	False	13.1	7.0	True	True	BOTH_EXPRESSED
CREB3	CLEC4M	ENSP00000342136	ENSP00000316228	0.428	True	False	21.7	0.0	True	True	BELOW_THRESHOLD
IDH3G	AGPS	ENSP00000217901	ENSP00000264167	0.428	True	False	22.7	5.8	True	True	BOTH_EXPRESSED
PDE6G	RCVRN	ENSP00000328412	ENSP00000226193	0.428	True	False	1904.6	430.9	True	True	BOTH_EXPRESSED
SLC4A7	MPP7	ENSP00000390394	ENSP00000337907	0.428	True	False	67.5	9.2	True	True	BOTH_EXPRESSED
MVK	TRIB1	ENSP00000228510	ENSP00000312150	0.428	True	False	3.2	15.1	True	True	BOTH_EXPRESSED
PRPF31	LARP7	ENSP00000324122	ENSP00000422626	0.428	True	False	7.6	20.4	True	True	BOTH_EXPRESSED
INPP5E	ELMO2	ENSP00000360777	ENSP00000290246	0.427	True	False	6.9	23.8	True	True	BOTH_EXPRESSED
BBS1	TMTC1	ENSP00000317469	ENSP00000442046	0.427	True	False	19.9	2.3	True	True	BOTH_EXPRESSED
PRPH2	DTHD1	ENSP00000230381	ENSP00000401597	0.427	True	False	594.9	0.0	True	True	BELOW_THRESHOLD
SNRNP200	RUVBL1	ENSP00000317123	ENSP00000318297	0.427	True	False	62.7	7.0	True	True	BOTH_EXPRESSED
CREB3	MFF	ENSP00000342136	ENSP00000302037	0.427	True	False	21.7	79.6	True	True	BOTH_EXPRESSED
SNRNP200	PABPN1	ENSP00000317123	ENSP00000216727	0.427	True	False	62.7	120.1	True	True	BOTH_EXPRESSED
SNRNP200	MBNL1	ENSP00000317123	ENSP00000282486	0.427	True	False	62.7	16.3	True	True	BOTH_EXPRESSED
CNGB1	SIX6	ENSP00000251102	ENSP00000328596	0.427	True	False	557.0	6.2	True	True	BOTH_EXPRESSED
PRPH2	SRD5A2	ENSP00000230381	ENSP00000477587	0.427	True	False	594.9	0.1	True	True	BOTH_EXPRESSED
GNAT1	GRK7	ENSP00000232461	ENSP00000264952	0.427	True	False	1040.7	10.4	True	True	BOTH_EXPRESSED
GNAT1	RP1L1	ENSP00000232461	ENSP00000371923	0.427	True	True	1040.7	41.0	True	True	BOTH_EXPRESSED
CLCC1	SRR	ENSP00000349456	ENSP00000339435	0.427	True	False	10.5	15.3	True	True	BOTH_EXPRESSED
KLHL7	MRS2	ENSP00000343273	ENSP00000399585	0.427	True	False	13.9	27.9	True	True	BOTH_EXPRESSED
FLVCR1	AMBP	ENSP00000355938	ENSP00000265132	0.427	True	False	6.3	0.2	True	True	BOTH_EXPRESSED
BEST1	VSX2	ENSP00000399709	ENSP00000261980	0.427	True	False	6.2	68.4	True	True	BOTH_EXPRESSED
COQ5	HABP4	ENSP00000288532	ENSP00000364398	0.427	True	False	24.3	15.1	True	True	BOTH_EXPRESSED
OFD1	DNAAF4	ENSP00000344314	ENSP00000323275	0.427	True	False	2.3	27.4	True	True	BOTH_EXPRESSED
COQ5	KCNK17	ENSP00000288532	ENSP00000362328	0.427	True	False	24.3	0.0	True	True	BELOW_THRESHOLD
COQ5	LRRC3	ENSP00000288532	ENSP00000291592	0.427	True	False	24.3	0.3	True	True	BOTH_EXPRESSED
NR2E3	SPATA7	ENSP00000482504	ENSP00000377176	0.427	True	True	121.9	9.4	True	True	BOTH_EXPRESSED
PRPF4	RANGAP1	ENSP00000363313	ENSP00000401470	0.427	True	False	12.1	30.2	True	True	BOTH_EXPRESSED
COQ2	PACRG	ENSP00000310873	ENSP00000337946	0.427	True	False	3.7	5.8	True	True	BOTH_EXPRESSED
PRPF8	EIF4H	ENSP00000460348	ENSP00000265753	0.427	True	False	76.4	138.9	True	True	BOTH_EXPRESSED
IDH3B	EIF3G	ENSP00000482773	ENSP00000253108	0.427	True	False	42.7	23.1	True	True	BOTH_EXPRESSED
PRPF8	MYSM1	ENSP00000460348	ENSP00000418734	0.427	True	False	76.4	2.1	True	True	BOTH_EXPRESSED
FAM161A	TRIM23	ENSP00000385158	ENSP00000231524	0.427	True	False	26.9	13.5	True	True	BOTH_EXPRESSED
PRPF31	LENG1	ENSP00000324122	ENSP00000222224	0.427	True	False	7.6	0.1	True	True	BOTH_EXPRESSED
REEP6	TMEM39B	ENSP00000233596	ENSP00000338165	0.427	True	False	87.4	0.6	True	True	BOTH_EXPRESSED
REEP6	PRRT1	ENSP00000233596	ENSP00000211413	0.427	True	False	87.4	1.2	True	True	BOTH_EXPRESSED
BBS9	SLC27A5	ENSP00000242067	ENSP00000263093	0.427	True	False	20.3	2.9	True	True	BOTH_EXPRESSED
CLN3	TBCK	ENSP00000454229	ENSP00000378198	0.427	True	False	3.0	7.0	True	True	BOTH_EXPRESSED
REEP6	SDSL	ENSP00000233596	ENSP00000341117	0.427	True	False	87.4	2.2	True	True	BOTH_EXPRESSED
BBS9	SLC27A4	ENSP00000242067	ENSP00000300456	0.427	True	False	20.3	6.3	True	True	BOTH_EXPRESSED
ARL3	MRPL38	ENSP00000260746	ENSP00000308275	0.427	True	False	89.3	6.3	True	True	BOTH_EXPRESSED
BBS9	SLC27A3	ENSP00000242067	ENSP00000271857	0.427	True	False	20.3	0.6	True	True	BOTH_EXPRESSED
BBS9	SLC27A2	ENSP00000242067	ENSP00000267842	0.427	True	False	20.3	3.2	True	True	BOTH_EXPRESSED
EYS	ADAMTS20	ENSP00000359655	ENSP00000374071	0.427	True	False	23.1	0.5	True	True	BOTH_EXPRESSED
KIAA1549	TERT	ENSP00000416040	ENSP00000309572	0.427	True	False	5.3	0.0	True	True	BELOW_THRESHOLD
CEP250	SIK2	ENSP00000380661	ENSP00000305976	0.427	True	False	9.2	28.4	True	True	BOTH_EXPRESSED
HK1	ACE	ENSP00000494664	ENSP00000290866	0.427	True	False	141.7	0.4	True	True	BOTH_EXPRESSED
HK1	IDH2	ENSP00000494664	ENSP00000331897	0.427	True	False	141.7	5.0	True	True	BOTH_EXPRESSED
KLHL7	NR2C2	ENSP00000343273	ENSP00000483059	0.426	True	False	13.9	10.9	True	True	BOTH_EXPRESSED
USH2A	RNF5	ENSP00000305941	ENSP00000364235	0.426	True	False	17.8	39.8	True	True	BOTH_EXPRESSED
CEP250	CEP295	ENSP00000380661	ENSP00000316681	0.426	True	False	9.2	13.6	True	True	BOTH_EXPRESSED
IDH3G	ECI1	ENSP00000217901	ENSP00000301729	0.426	True	False	22.7	11.9	True	True	BOTH_EXPRESSED
REEP6	PLP1	ENSP00000233596	ENSP00000481006	0.426	True	False	87.4	6.9	True	True	BOTH_EXPRESSED
USH2A	OTOGL	ENSP00000305941	ENSP00000447211	0.426	True	False	17.8	0.4	True	True	BOTH_EXPRESSED
ARL3	RABL2B	ENSP00000260746	ENSP00000378958	0.426	True	False	89.3	28.7	True	True	BOTH_EXPRESSED
BBS9	TMEM231	ENSP00000242067	ENSP00000258173	0.426	True	False	20.3	3.6	True	True	BOTH_EXPRESSED
DHX38	NUP62	ENSP00000268482	ENSP00000471191	0.426	True	False	12.3	9.4	True	True	BOTH_EXPRESSED
DHX38	TRMT6	ENSP00000268482	ENSP00000203001	0.426	True	False	12.3	3.4	True	True	BOTH_EXPRESSED
HK1	IDH1	ENSP00000494664	ENSP00000390265	0.426	True	False	141.7	32.4	True	True	BOTH_EXPRESSED
DHX38	ECM2	ENSP00000268482	ENSP00000344758	0.426	True	False	12.3	0.3	True	True	BOTH_EXPRESSED
NRL	CEBPB	ENSP00000454062	ENSP00000305422	0.426	True	False	294.2	4.3	True	True	BOTH_EXPRESSED
COQ2	FASN	ENSP00000310873	ENSP00000304592	0.426	True	False	3.7	4.0	True	True	BOTH_EXPRESSED
USH2A	SLC7A1	ENSP00000305941	ENSP00000370128	0.426	True	False	17.8	8.4	True	True	BOTH_EXPRESSED
OFD1	ULK4	ENSP00000344314	ENSP00000301831	0.426	True	False	2.3	5.5	True	True	BOTH_EXPRESSED
BBS1	TCP1	ENSP00000317469	ENSP00000317334	0.426	True	False	19.9	71.1	True	True	BOTH_EXPRESSED
ARL2BP	WDR19	ENSP00000219204	ENSP00000382717	0.426	True	False	34.8	12.0	True	True	BOTH_EXPRESSED
RAX2	CST3	ENSP00000450456	ENSP00000381448	0.426	True	False	59.9	43.4	True	True	BOTH_EXPRESSED
MERTK	CX3CL1	ENSP00000295408	ENSP00000006053	0.426	True	False	15.4	4.0	True	True	BOTH_EXPRESSED
RHO	GNAI2	ENSP00000296271	ENSP00000312999	0.426	True	False	3767.6	33.1	True	True	BOTH_EXPRESSED
SCLT1	XIRP2	ENSP00000281142	ENSP00000386840	0.426	True	False	2.7	0.0	True	True	BELOW_THRESHOLD
SCLT1	EXOC3	ENSP00000281142	ENSP00000425587	0.426	True	False	2.7	7.4	True	True	BOTH_EXPRESSED
BEST1	SERPINF1	ENSP00000399709	ENSP00000254722	0.426	True	False	6.2	56.9	True	True	BOTH_EXPRESSED
CREB3	CHD1	ENSP00000342136	ENSP00000483667	0.426	True	False	21.7	2.1	True	True	BOTH_EXPRESSED
BCOR	TRIM66	ENSP00000367705	ENSP00000495413	0.426	True	False	13.1	2.5	True	True	BOTH_EXPRESSED
IFT140	NIPSNAP1	ENSP00000406012	ENSP00000216121	0.426	True	False	5.9	42.8	True	True	BOTH_EXPRESSED
RHO	ELOVL4	ENSP00000296271	ENSP00000358831	0.426	True	False	3767.6	163.6	True	True	BOTH_EXPRESSED
PRPF8	RBCK1	ENSP00000460348	ENSP00000348632	0.426	True	False	76.4	14.9	True	True	BOTH_EXPRESSED
CNGA1	OPN1SW	ENSP00000384264	ENSP00000249389	0.426	True	False	244.8	38.0	True	True	BOTH_EXPRESSED
COQ2	SGPP1	ENSP00000310873	ENSP00000247225	0.426	True	False	3.7	3.8	True	True	BOTH_EXPRESSED
TTC8	IFT81	ENSP00000482306	ENSP00000242591	0.426	True	False	34.7	21.3	True	True	BOTH_EXPRESSED
SAG	STAT1	ENSP00000386444	ENSP00000354394	0.426	True	False	1359.9	19.1	True	True	BOTH_EXPRESSED
OFD1	KIF24	ENSP00000344314	ENSP00000384433	0.426	True	False	2.3	0.4	True	True	BOTH_EXPRESSED
PDE6G	TIMP2	ENSP00000328412	ENSP00000262768	0.426	True	False	1904.6	40.3	True	True	BOTH_EXPRESSED
IMPDH1	EEF1G	ENSP00000345096	ENSP00000331901	0.425	True	False	98.6	386.0	True	True	BOTH_EXPRESSED
DHDDS	SNRNP200	ENSP00000353104	ENSP00000317123	0.425	True	True	30.3	62.7	True	True	BOTH_EXPRESSED
ARL3	PEBP4	ENSP00000260746	ENSP00000256404	0.425	True	False	89.3	11.9	True	True	BOTH_EXPRESSED
GUCA1A	CABP5	ENSP00000053469	ENSP00000293255	0.425	True	False	703.2	360.1	True	True	BOTH_EXPRESSED
ARL3	IFT81	ENSP00000260746	ENSP00000242591	0.425	True	False	89.3	21.3	True	True	BOTH_EXPRESSED
COQ2	WT1	ENSP00000310873	ENSP00000368370	0.425	True	False	3.7	0.0	True	True	BELOW_THRESHOLD
RHO	ATOH7	ENSP00000296271	ENSP00000362777	0.425	True	False	3767.6	0.3	True	True	BOTH_EXPRESSED
HGSNAT	ZNF679	ENSP00000368965	ENSP00000416809	0.425	True	False	12.6	0.0	True	True	BELOW_THRESHOLD
TOPORS	SDC1	ENSP00000353735	ENSP00000370542	0.425	True	False	10.6	0.6	True	True	BOTH_EXPRESSED
HK1	GPX6	ENSP00000494664	ENSP00000354581	0.425	True	False	141.7	0.0	True	True	BELOW_THRESHOLD
GUCY2D	UNC93A	ENSP00000254854	ENSP00000230256	0.425	True	False	31.7	0.0	True	True	BELOW_THRESHOLD
NR2E3	HSPA1A	ENSP00000482504	ENSP00000364802	0.425	True	False	121.9	6.0	True	True	BOTH_EXPRESSED
DYNC2H1	KIF5B	ENSP00000497174	ENSP00000307078	0.425	True	False	9.5	41.7	True	True	BOTH_EXPRESSED
MAK	AR	ENSP00000346484	ENSP00000363822	0.425	True	False	110.1	0.1	True	True	BOTH_EXPRESSED
DHX38	DHX32	ENSP00000268482	ENSP00000284690	0.425	True	False	12.3	20.0	True	True	BOTH_EXPRESSED
CLN3	SMPD1	ENSP00000454229	ENSP00000340409	0.425	True	False	3.0	7.9	True	True	BOTH_EXPRESSED
AIPL1	ZNF513	ENSP00000370521	ENSP00000318373	0.425	True	False	775.1	4.4	True	True	BOTH_EXPRESSED
CC2D2A	CEP120	ENSP00000403465	ENSP00000303058	0.425	True	False	78.4	10.7	True	True	BOTH_EXPRESSED
POMGNT1	GMPPA	ENSP00000361060	ENSP00000350949	0.425	True	False	10.1	1.8	True	True	BOTH_EXPRESSED
PRPF8	BAG3	ENSP00000460348	ENSP00000358081	0.425	True	False	76.4	11.7	True	True	BOTH_EXPRESSED
RHO	DRD4	ENSP00000296271	ENSP00000176183	0.425	True	False	3767.6	0.0	True	True	BELOW_THRESHOLD
OFD1	DNAAF2	ENSP00000344314	ENSP00000298292	0.425	True	False	2.3	4.4	True	True	BOTH_EXPRESSED
MVK	EEFSEC	ENSP00000228510	ENSP00000254730	0.425	True	False	3.2	0.5	True	True	BOTH_EXPRESSED
RDH12	BBS1	ENSP00000449079	ENSP00000317469	0.425	True	True	206.6	19.9	True	True	BOTH_EXPRESSED
PRPF8	DDX1	ENSP00000460348	ENSP00000370745	0.425	True	False	76.4	51.9	True	True	BOTH_EXPRESSED
POMGNT1	ALG3	ENSP00000361060	ENSP00000380793	0.425	True	False	10.1	5.5	True	True	BOTH_EXPRESSED
SAG	ARRB2	ENSP00000386444	ENSP00000403701	0.425	True	False	1359.9	15.7	True	True	BOTH_EXPRESSED
IFT172	KATNBL1	ENSP00000260570	ENSP00000256544	0.425	True	False	5.3	28.6	True	True	BOTH_EXPRESSED
PRPF4	ACIN1	ENSP00000363313	ENSP00000262710	0.425	True	False	12.1	36.0	True	True	BOTH_EXPRESSED
SNRNP200	HNRNPH1	ENSP00000317123	ENSP00000349168	0.425	True	False	62.7	152.8	True	True	BOTH_EXPRESSED
IFT140	EML5	ENSP00000406012	ENSP00000451998	0.425	True	False	5.9	8.4	True	True	BOTH_EXPRESSED
IFT140	EML6	ENSP00000406012	ENSP00000348842	0.425	True	False	5.9	11.3	True	True	BOTH_EXPRESSED
IFT140	KIF7	ENSP00000406012	ENSP00000377934	0.425	True	False	5.9	0.2	True	True	BOTH_EXPRESSED
PRPF31	PLRG1	ENSP00000324122	ENSP00000424417	0.425	True	False	7.6	24.4	True	True	BOTH_EXPRESSED
COQ5	FDPS	ENSP00000288532	ENSP00000349078	0.425	True	False	24.3	42.6	True	True	BOTH_EXPRESSED
FLVCR1	HMOX2	ENSP00000355938	ENSP00000477572	0.425	True	False	6.3	20.9	True	True	BOTH_EXPRESSED
RPGR	MSL2	ENSP00000495537	ENSP00000311827	0.425	True	False	11.2	14.3	True	True	BOTH_EXPRESSED
CYP4V2	FASN	ENSP00000368079	ENSP00000304592	0.425	True	False	13.1	4.0	True	True	BOTH_EXPRESSED
COQ5	C1QL2	ENSP00000288532	ENSP00000272520	0.425	True	False	24.3	2.7	True	True	BOTH_EXPRESSED
CYP4V2	CH25H	ENSP00000368079	ENSP00000360918	0.425	True	False	13.1	0.3	True	True	BOTH_EXPRESSED
RBP3	PAX3	ENSP00000463151	ENSP00000375921	0.425	True	False	504.0	0.0	True	True	BELOW_THRESHOLD
PRPF6	GIGYF2	ENSP00000266079	ENSP00000387170	0.425	True	False	33.8	21.2	True	True	BOTH_EXPRESSED
PRPF6	RSRC1	ENSP00000266079	ENSP00000481697	0.425	True	False	33.8	10.9	True	True	BOTH_EXPRESSED
PRPF6	RRP1B	ENSP00000266079	ENSP00000339145	0.424	True	False	33.8	26.3	True	True	BOTH_EXPRESSED
PRPF6	TRA2B	ENSP00000266079	ENSP00000416959	0.424	True	False	33.8	17.1	True	True	BOTH_EXPRESSED
PRPH2	RIMS1	ENSP00000230381	ENSP00000428417	0.424	True	False	594.9	6.8	True	True	BOTH_EXPRESSED
COQ5	TAT	ENSP00000288532	ENSP00000348234	0.424	True	False	24.3	0.6	True	True	BOTH_EXPRESSED
PRPH2	ARID4A	ENSP00000230381	ENSP00000347602	0.424	True	False	594.9	13.0	True	True	BOTH_EXPRESSED
PRPH2	MYO7A	ENSP00000230381	ENSP00000386331	0.424	True	False	594.9	25.4	True	True	BOTH_EXPRESSED
PRPH2	ARID4B	ENSP00000230381	ENSP00000264183	0.424	True	False	594.9	13.5	True	True	BOTH_EXPRESSED
OFD1	DHCR7	ENSP00000344314	ENSP00000347717	0.424	True	False	2.3	7.1	True	True	BOTH_EXPRESSED
OFD1	SHH	ENSP00000344314	ENSP00000297261	0.424	True	False	2.3	0.2	True	True	BOTH_EXPRESSED
TULP1	CPE	ENSP00000229771	ENSP00000386104	0.424	True	False	194.3	687.1	True	True	BOTH_EXPRESSED
RP1L1	HRNR	ENSP00000371923	ENSP00000357791	0.424	True	False	41.0	0.3	True	True	BOTH_EXPRESSED
PRPF31	CALB1	ENSP00000324122	ENSP00000265431	0.424	True	False	7.6	50.9	True	True	BOTH_EXPRESSED
CREB3	GAB1	ENSP00000342136	ENSP00000262995	0.424	True	False	21.7	6.0	True	True	BOTH_EXPRESSED
PRPF8	DHDDS	ENSP00000460348	ENSP00000353104	0.424	True	True	76.4	30.3	True	True	BOTH_EXPRESSED
RAX2	EIF2AK4	ENSP00000450456	ENSP00000263791	0.424	True	False	59.9	12.1	True	True	BOTH_EXPRESSED
POMGNT1	MAN1B1	ENSP00000361060	ENSP00000360645	0.424	True	False	10.1	4.3	True	True	BOTH_EXPRESSED
IFT140	CCDC51	ENSP00000406012	ENSP00000379047	0.424	True	False	5.9	7.2	True	True	BOTH_EXPRESSED
CYP4V2	CYP1B1	ENSP00000368079	ENSP00000478561	0.424	True	False	13.1	1.1	True	True	BOTH_EXPRESSED
PRPF8	EIF4A1	ENSP00000460348	ENSP00000293831	0.424	True	False	76.4	109.6	True	True	BOTH_EXPRESSED
TTC8	PLEKHH2	ENSP00000482306	ENSP00000282406	0.424	True	False	34.7	1.5	True	True	BOTH_EXPRESSED
IDH3A	PFKL	ENSP00000299518	ENSP00000269848	0.424	True	False	23.8	22.2	True	True	BOTH_EXPRESSED
BBS1	SPATA7	ENSP00000317469	ENSP00000377176	0.424	True	True	19.9	9.4	True	True	BOTH_EXPRESSED
PRPF4	SNW1	ENSP00000363313	ENSP00000451129	0.424	True	False	12.1	40.1	True	True	BOTH_EXPRESSED
DHX38	SEC24C	ENSP00000268482	ENSP00000343405	0.424	True	False	12.3	27.0	True	True	BOTH_EXPRESSED
CFAP20	CFAP70	ENSP00000262498	ENSP00000310829	0.424	True	False	26.4	9.6	True	True	BOTH_EXPRESSED
IFT172	TMEM237	ENSP00000260570	ENSP00000386264	0.424	True	False	5.3	71.7	True	True	BOTH_EXPRESSED
PRPF8	RPP38	ENSP00000460348	ENSP00000478982	0.424	True	False	76.4	12.4	True	True	BOTH_EXPRESSED
HK1	NDUFV1	ENSP00000494664	ENSP00000497587	0.424	True	False	141.7	75.6	True	True	BOTH_EXPRESSED
BBS2	RHO	ENSP00000245157	ENSP00000296271	0.424	True	True	12.0	3767.6	True	True	BOTH_EXPRESSED
C19orf44	CEP170	ENSP00000221671	ENSP00000355500	0.424	True	False	3.4	10.1	True	True	BOTH_EXPRESSED
CEP250	CEP97	ENSP00000380661	ENSP00000342510	0.424	True	False	9.2	2.7	True	True	BOTH_EXPRESSED
CRB1	KCNT2	ENSP00000356370	ENSP00000294725	0.424	True	False	69.2	0.1	True	True	BOTH_EXPRESSED
CEP250	CENPJ	ENSP00000380661	ENSP00000371308	0.424	True	False	9.2	1.7	True	True	BOTH_EXPRESSED
IMPDH1	CAD	ENSP00000345096	ENSP00000264705	0.424	True	False	98.6	4.7	True	True	BOTH_EXPRESSED
DYNC2H1	TRPM1	ENSP00000497174	ENSP00000437849	0.424	True	False	9.5	16.2	True	True	BOTH_EXPRESSED
AGBL5	GALNT13	ENSP00000353249	ENSP00000387239	0.424	True	False	15.1	9.2	True	True	BOTH_EXPRESSED
TMEM216	INO80D	ENSP00000334844	ENSP00000384198	0.424	True	False	10.8	4.7	True	True	BOTH_EXPRESSED
RHO	AVPR1A	ENSP00000296271	ENSP00000299178	0.424	True	False	3767.6	1.3	True	True	BOTH_EXPRESSED
DYNC2H1	BBS5	ENSP00000497174	ENSP00000295240	0.424	True	False	9.5	11.3	True	True	BOTH_EXPRESSED
RHO	MYO7A	ENSP00000296271	ENSP00000386331	0.424	True	False	3767.6	25.4	True	True	BOTH_EXPRESSED
COQ8B	ATAD3A	ENSP00000315118	ENSP00000368030	0.424	True	False	1.2	1.9	True	True	BOTH_EXPRESSED
DHDDS	CLPP	ENSP00000353104	ENSP00000245816	0.424	True	False	30.3	14.5	True	True	BOTH_EXPRESSED
GUCA1A	NPR3	ENSP00000053469	ENSP00000265074	0.424	True	False	703.2	2.4	True	True	BOTH_EXPRESSED
CLN3	GBA	ENSP00000454229	ENSP00000314508	0.424	True	False	3.0		True	False	UNKNOWN
REEP6	COQ8A	ENSP00000233596	ENSP00000355741	0.424	True	False	87.4	1.2	True	True	BOTH_EXPRESSED
IDH3G	ENO1	ENSP00000217901	ENSP00000495530	0.424	True	False	22.7	688.1	True	True	BOTH_EXPRESSED
CERKL	PITPNM3	ENSP00000341159	ENSP00000262483	0.424	True	False	19.5	7.3	True	True	BOTH_EXPRESSED
CERKL	ACER1	ENSP00000341159	ENSP00000301452	0.424	True	False	19.5	0.0	True	True	BELOW_THRESHOLD
SAG	DMWD	ENSP00000386444	ENSP00000270223	0.424	True	False	1359.9	11.0	True	True	BOTH_EXPRESSED
IFT140	CETN3	ENSP00000406012	ENSP00000428259	0.423	True	False	5.9	32.7	True	True	BOTH_EXPRESSED
TTC8	ACTN2	ENSP00000482306	ENSP00000355537	0.423	True	False	34.7	0.8	True	True	BOTH_EXPRESSED
TTC8	WDR19	ENSP00000482306	ENSP00000382717	0.423	True	False	34.7	12.0	True	True	BOTH_EXPRESSED
IDH3A	TKT	ENSP00000299518	ENSP00000391481	0.423	True	False	23.8	16.8	True	True	BOTH_EXPRESSED
DHX38	NUP54	ENSP00000268482	ENSP00000264883	0.423	True	False	12.3	4.0	True	True	BOTH_EXPRESSED
PRPF8	ERLIN2	ENSP00000460348	ENSP00000428112	0.423	True	False	76.4	20.0	True	True	BOTH_EXPRESSED
OFD1	BBS12	ENSP00000344314	ENSP00000438273	0.423	True	False	2.3	16.3	True	True	BOTH_EXPRESSED
SLC4A7	ARHGAP1	ENSP00000390394	ENSP00000310491	0.423	True	False	67.5	8.9	True	True	BOTH_EXPRESSED
SAG	DVL2	ENSP00000386444	ENSP00000005340	0.423	True	False	1359.9	13.4	True	True	BOTH_EXPRESSED
FAM161A	C2orf74	ENSP00000385158	ENSP00000398725	0.423	True	False	26.9	30.3	True	True	BOTH_EXPRESSED
CREB3	EIF2S1	ENSP00000342136	ENSP00000256383	0.423	True	False	21.7	19.7	True	True	BOTH_EXPRESSED
TTC8	LRRC8E	ENSP00000482306	ENSP00000479953	0.423	True	False	34.7	0.3	True	True	BOTH_EXPRESSED
IDH3A	BCAT1	ENSP00000299518	ENSP00000443459	0.423	True	False	23.8	13.4	True	True	BOTH_EXPRESSED
IFT140	EVC	ENSP00000406012	ENSP00000264956	0.423	True	False	5.9	1.6	True	True	BOTH_EXPRESSED
BEST1	ZNF764	ENSP00000399709	ENSP00000252797	0.423	True	False	6.2	2.6	True	True	BOTH_EXPRESSED
RBP3	VWF	ENSP00000463151	ENSP00000261405	0.423	True	False	504.0	2.7	True	True	BOTH_EXPRESSED
PRPF8	TFAP2A	ENSP00000460348	ENSP00000501092	0.423	True	False	76.4	7.5	True	True	BOTH_EXPRESSED
GNAT1	PDE4B	ENSP00000232461	ENSP00000342637	0.423	True	False	1040.7	13.1	True	True	BOTH_EXPRESSED
PRPF8	STUB1	ENSP00000460348	ENSP00000219548	0.423	True	False	76.4	30.8	True	True	BOTH_EXPRESSED
IDH3B	PKM	ENSP00000482773	ENSP00000320171	0.423	True	False	42.7	1155.0	True	True	BOTH_EXPRESSED
IFT140	NEK8	ENSP00000406012	ENSP00000268766	0.423	True	False	5.9	0.5	True	True	BOTH_EXPRESSED
COQ8B	CUBN	ENSP00000315118	ENSP00000367064	0.423	True	False	1.2	2.8	True	True	BOTH_EXPRESSED
IFT172	RFX1	ENSP00000260570	ENSP00000254325	0.423	True	False	5.3	1.0	True	True	BOTH_EXPRESSED
HGSNAT	SEC22C	ENSP00000368965	ENSP00000264454	0.423	True	False	12.6	23.7	True	True	BOTH_EXPRESSED
CLRN1	GJB2	ENSP00000329158	ENSP00000372295	0.423	True	False	11.8	0.0	True	True	BELOW_THRESHOLD
CEP250	GRIPAP1	ENSP00000380661	ENSP00000365606	0.423	True	False	9.2	12.5	True	True	BOTH_EXPRESSED
KIAA1549	NTRK2	ENSP00000416040	ENSP00000277120	0.423	True	False	5.3	38.5	True	True	BOTH_EXPRESSED
RCBTB1	EBPL	ENSP00000367552	ENSP00000242827	0.423	True	False	45.9	4.0	True	True	BOTH_EXPRESSED
RCBTB1	FBXO9	ENSP00000367552	ENSP00000244426	0.423	True	False	45.9	56.5	True	True	BOTH_EXPRESSED
SCLT1	ZDBF2	ENSP00000281142	ENSP00000497308	0.423	True	False	2.7	5.1	True	True	BOTH_EXPRESSED
RLBP1	GRM6	ENSP00000268125	ENSP00000497110	0.423	True	False	246.4	39.6	True	True	BOTH_EXPRESSED
COQ8B	ARHGAP24	ENSP00000315118	ENSP00000378611	0.423	True	False	1.2	7.8	True	True	BOTH_EXPRESSED
SAG	CCL22	ENSP00000386444	ENSP00000219235	0.423	True	False	1359.9	0.2	True	True	BOTH_EXPRESSED
ZNF408	ABHD12	ENSP00000309606	ENSP00000365725	0.423	True	False	1.2	28.2	True	True	BOTH_EXPRESSED
HK1	RPIA	ENSP00000494664	ENSP00000283646	0.423	True	False	141.7	3.8	True	True	BOTH_EXPRESSED
SPATA7	SPATA6	ENSP00000377176	ENSP00000360913	0.423	True	False	9.4	12.2	True	True	BOTH_EXPRESSED
RPE65	GAPDH	ENSP00000262340	ENSP00000380070	0.423	True	False	7.8	2216.3	True	True	BOTH_EXPRESSED
CRX	NEUROG2	ENSP00000221996	ENSP00000317333	0.423	True	False	202.2	0.5	True	True	BOTH_EXPRESSED
DHDDS	TOPORS	ENSP00000353104	ENSP00000353735	0.422	True	True	30.3	10.6	True	True	BOTH_EXPRESSED
LRAT	CLRN1	ENSP00000337224	ENSP00000329158	0.422	True	True	0.9	11.8	True	True	BOTH_EXPRESSED
CNGB1	OFD1	ENSP00000251102	ENSP00000344314	0.422	True	True	557.0	2.3	True	True	BOTH_EXPRESSED
PRPF8	G3BP1	ENSP00000460348	ENSP00000377681	0.422	True	False	76.4	16.9	True	True	BOTH_EXPRESSED
SLC4A7	PAK4	ENSP00000390394	ENSP00000469413	0.422	True	False	67.5	5.4	True	True	BOTH_EXPRESSED
RPE65	ELOVL4	ENSP00000262340	ENSP00000358831	0.422	True	False	7.8	163.6	True	True	BOTH_EXPRESSED
RP2	NPHP1	ENSP00000218340	ENSP00000313169	0.422	True	False	3.9	10.0	True	True	BOTH_EXPRESSED
DYNC2H1	NME8	ENSP00000497174	ENSP00000199447	0.422	True	False	9.5	0.0	True	True	BELOW_THRESHOLD
COQ2	FLAD1	ENSP00000310873	ENSP00000292180	0.422	True	False	3.7	9.1	True	True	BOTH_EXPRESSED
TOPORS	PIAS3	ENSP00000353735	ENSP00000376765	0.422	True	False	10.6	9.0	True	True	BOTH_EXPRESSED
ARL3	RAB6B	ENSP00000260746	ENSP00000285208	0.422	True	False	89.3	27.2	True	True	BOTH_EXPRESSED
CEP162	TMEM237	ENSP00000385215	ENSP00000386264	0.422	True	False	2.6	71.7	True	True	BOTH_EXPRESSED
AHI1	KIAA0319	ENSP00000265602	ENSP00000367459	0.422	True	False	25.2	1.1	True	True	BOTH_EXPRESSED
DHDDS	TMEM19	ENSP00000353104	ENSP00000266673	0.422	True	False	30.3	12.8	True	True	BOTH_EXPRESSED
REEP6	OR52L1	ENSP00000233596	ENSP00000330338	0.422	True	False	87.4	0.0	True	True	BELOW_THRESHOLD
IDH3B	HADHA	ENSP00000482773	ENSP00000370023	0.422	True	False	42.7	13.9	True	True	BOTH_EXPRESSED
LRAT	KCNJ13	ENSP00000337224	ENSP00000233826	0.422	True	False	0.9	12.7	True	True	BOTH_EXPRESSED
IDH3A	ECHS1	ENSP00000299518	ENSP00000357535	0.422	True	False	23.8	36.9	True	True	BOTH_EXPRESSED
COQ5	ATP5PF	ENSP00000288532	ENSP00000389649	0.422	True	False	24.3	231.0	True	True	BOTH_EXPRESSED
PRPH2	PITPNA	ENSP00000230381	ENSP00000316809	0.422	True	False	594.9	43.9	True	True	BOTH_EXPRESSED
OFD1	CTBP2	ENSP00000344314	ENSP00000311825	0.422	True	False	2.3	60.3	True	True	BOTH_EXPRESSED
SNRNP200	RPL11	ENSP00000317123	ENSP00000496250	0.422	True	False	62.7	358.8	True	True	BOTH_EXPRESSED
IFT140	ACSL3	ENSP00000406012	ENSP00000350012	0.422	True	False	5.9	29.9	True	True	BOTH_EXPRESSED
IFT140	PISD	ENSP00000406012	ENSP00000391739	0.422	True	False	5.9	12.0	True	True	BOTH_EXPRESSED
TMEM216	SDCCAG8	ENSP00000334844	ENSP00000355499	0.422	True	False	10.8	3.4	True	True	BOTH_EXPRESSED
IFT140	SCLT1	ENSP00000406012	ENSP00000281142	0.422	True	True	5.9	2.7	True	True	BOTH_EXPRESSED
PRPF6	PPIL1	ENSP00000266079	ENSP00000362803	0.422	True	False	33.8	26.9	True	True	BOTH_EXPRESSED
IDH3B	BCAT1	ENSP00000482773	ENSP00000443459	0.422	True	False	42.7	13.4	True	True	BOTH_EXPRESSED
IFT140	NTPCR	ENSP00000406012	ENSP00000355587	0.422	True	False	5.9	7.4	True	True	BOTH_EXPRESSED
SCLT1	SYNRG	ENSP00000281142	ENSP00000483453	0.422	True	False	2.7	8.5	True	True	BOTH_EXPRESSED
PRPF6	SFSWAP	ENSP00000266079	ENSP00000437738	0.422	True	False	33.8	8.6	True	True	BOTH_EXPRESSED
RLBP1	OPN4	ENSP00000268125	ENSP00000361141	0.422	True	False	246.4	0.8	True	True	BOTH_EXPRESSED
IMPG1	WDR17	ENSP00000358966	ENSP00000280190	0.422	True	False	621.3	26.4	True	True	BOTH_EXPRESSED
IMPG1	PDE6C	ENSP00000358966	ENSP00000360502	0.422	True	False	621.3	21.4	True	True	BOTH_EXPRESSED
AGBL5	B3GALNT2	ENSP00000353249	ENSP00000355559	0.422	True	False	15.1	3.6	True	True	BOTH_EXPRESSED
RCBTB1	MRPS34	ENSP00000367552	ENSP00000177742	0.422	True	False	45.9	1.4	True	True	BOTH_EXPRESSED
IMPG1	KIAA0232	ENSP00000358966	ENSP00000303928	0.422	True	False	621.3	22.8	True	True	BOTH_EXPRESSED
RP1	PDC	ENSP00000220676	ENSP00000375855	0.422	True	False	218.9	618.7	True	True	BOTH_EXPRESSED
AHI1	SSH3	ENSP00000265602	ENSP00000312081	0.422	True	False	25.2	1.1	True	True	BOTH_EXPRESSED
AHI1	GABRA1	ENSP00000265602	ENSP00000393097	0.422	True	False	25.2	16.5	True	True	BOTH_EXPRESSED
AHI1	RABEP1	ENSP00000265602	ENSP00000445408	0.422	True	False	25.2	53.5	True	True	BOTH_EXPRESSED
CFAP20	TMEM17	ENSP00000262498	ENSP00000335094	0.422	True	False	26.4	3.7	True	True	BOTH_EXPRESSED
SLC4A7	SLC1A3	ENSP00000390394	ENSP00000265113	0.422	True	False	67.5	204.7	True	True	BOTH_EXPRESSED
EYS	IQCB1	ENSP00000359655	ENSP00000311505	0.421	True	False	23.1	17.5	True	True	BOTH_EXPRESSED
BEST1	AIPL1	ENSP00000399709	ENSP00000370521	0.421	True	True	6.2	775.1	True	True	BOTH_EXPRESSED
PRPF3	SRSF7	ENSP00000315379	ENSP00000325905	0.421	True	False	40.3	23.1	True	True	BOTH_EXPRESSED
CLCC1	CISD3	ENSP00000349456	ENSP00000483781	0.421	True	False	10.5	0.6	True	True	BOTH_EXPRESSED
RCBTB1	RSPRY1	ENSP00000367552	ENSP00000443176	0.421	True	False	45.9	7.9	True	True	BOTH_EXPRESSED
RHO	CD34	ENSP00000296271	ENSP00000310036	0.421	True	False	3767.6	2.1	True	True	BOTH_EXPRESSED
RP1	C6orf132	ENSP00000220676	ENSP00000341368	0.421	True	False	218.9	0.3	True	True	BOTH_EXPRESSED
PRPF8	ZNHIT3	ENSP00000460348	ENSP00000484687	0.421	True	False	76.4	18.0	True	True	BOTH_EXPRESSED
COQ2	SRPRA	ENSP00000310873	ENSP00000328023	0.421	True	False	3.7	33.7	True	True	BOTH_EXPRESSED
RPE65	F9	ENSP00000262340	ENSP00000218099	0.421	True	False	7.8	0.0	True	True	BELOW_THRESHOLD
IDH3G	ASS1	ENSP00000217901	ENSP00000361471	0.421	True	False	22.7	6.4	True	True	BOTH_EXPRESSED
KLHL7	TOMM7	ENSP00000343273	ENSP00000351214	0.421	True	False	13.9	374.2	True	True	BOTH_EXPRESSED
REEP6	CNGB1	ENSP00000233596	ENSP00000251102	0.421	True	True	87.4	557.0	True	True	BOTH_EXPRESSED
RP2	NME8	ENSP00000218340	ENSP00000199447	0.421	True	False	3.9	0.0	True	True	BELOW_THRESHOLD
HK1	GPX8	ENSP00000494664	ENSP00000423822	0.421	True	False	141.7	1.2	True	True	BOTH_EXPRESSED
RCBTB1	STARD3NL	ENSP00000367552	ENSP00000009041	0.421	True	False	45.9	24.3	True	True	BOTH_EXPRESSED
CEP250	OFD1	ENSP00000380661	ENSP00000344314	0.421	True	True	9.2	2.3	True	True	BOTH_EXPRESSED
ARL3	CC2D2A	ENSP00000260746	ENSP00000403465	0.421	True	True	89.3	78.4	True	True	BOTH_EXPRESSED
NRL	OTX1	ENSP00000454062	ENSP00000355631	0.421	True	False	294.2	0.0	True	True	BELOW_THRESHOLD
BCOR	PRDM1	ENSP00000367705	ENSP00000358092	0.421	True	False	13.1	1.2	True	True	BOTH_EXPRESSED
PRPF4	HNRNPC	ENSP00000363313	ENSP00000451291	0.421	True	False	12.1	382.1	True	True	BOTH_EXPRESSED
BBS1	DCTN2	ENSP00000317469	ENSP00000408910	0.421	True	False	19.9	56.9	True	True	BOTH_EXPRESSED
OFD1	IFT27	ENSP00000344314	ENSP00000393541	0.421	True	False	2.3	14.5	True	True	BOTH_EXPRESSED
DHX38	PRPF38A	ENSP00000268482	ENSP00000257181	0.421	True	False	12.3	16.2	True	True	BOTH_EXPRESSED
DHX38	NUP58	ENSP00000268482	ENSP00000371155	0.421	True	False	12.3	24.2	True	True	BOTH_EXPRESSED
SLC66A1	EBNA1BP2	ENSP00000364295	ENSP00000407323	0.421	True	False	11.2	18.2	True	True	BOTH_EXPRESSED
SLC4A7	ACTN1	ENSP00000390394	ENSP00000377941	0.421	True	False	67.5	19.3	True	True	BOTH_EXPRESSED
PRPF6	RRP1	ENSP00000266079	ENSP00000417464	0.421	True	False	33.8	1.6	True	True	BOTH_EXPRESSED
MERTK	PPARG	ENSP00000295408	ENSP00000287820	0.421	True	False	15.4	0.6	True	True	BOTH_EXPRESSED
SCLT1	NECAP2	ENSP00000281142	ENSP00000391942	0.421	True	False	2.7	13.3	True	True	BOTH_EXPRESSED
RPGR	BBS7	ENSP00000495537	ENSP00000264499	0.421	True	False	11.2	52.4	True	True	BOTH_EXPRESSED
SNRNP200	NCOR1	ENSP00000317123	ENSP00000268712	0.421	True	False	62.7	31.8	True	True	BOTH_EXPRESSED
CYP4V2	CYP1A1	ENSP00000368079	ENSP00000378488	0.421	True	False	13.1	0.2	True	True	BOTH_EXPRESSED
SLC4A7	PAK5	ENSP00000390394	ENSP00000367686	0.421	True	False	67.5	4.3	True	True	BOTH_EXPRESSED
SLC4A7	PAK6	ENSP00000390394	ENSP00000453858	0.421	True	False	67.5	0.7	True	True	BOTH_EXPRESSED
IFT172	TCTN1	ENSP00000260570	ENSP00000380779	0.421	True	False	5.3	2.8	True	True	BOTH_EXPRESSED
CREB3	NPHP3	ENSP00000342136	ENSP00000338766	0.421	True	False	21.7	2.9	True	True	BOTH_EXPRESSED
IDH3A	MARS1	ENSP00000299518	ENSP00000262027	0.421	True	False	23.8	36.8	True	True	BOTH_EXPRESSED
CREB3	FOS	ENSP00000342136	ENSP00000306245	0.421	True	False	21.7	216.5	True	True	BOTH_EXPRESSED
ARL3	KIF3A	ENSP00000260746	ENSP00000385808	0.421	True	False	89.3	31.3	True	True	BOTH_EXPRESSED
CEP250	CEP131	ENSP00000380661	ENSP00000269392	0.421	True	False	9.2	1.7	True	True	BOTH_EXPRESSED
IFT140	PRPH2	ENSP00000406012	ENSP00000230381	0.42	True	True	5.9	594.9	True	True	BOTH_EXPRESSED
FLVCR1	MICA	ENSP00000355938	ENSP00000413079	0.42	True	False	6.3	2.2	True	True	BOTH_EXPRESSED
BBS9	TTC21B	ENSP00000242067	ENSP00000243344	0.42	True	False	20.3	6.9	True	True	BOTH_EXPRESSED
GNAT1	RGS21	ENSP00000232461	ENSP00000428343	0.42	True	False	1040.7	0.0	True	True	BELOW_THRESHOLD
RLBP1	DHRS9	ENSP00000268125	ENSP00000389241	0.42	True	False	246.4	1.2	True	True	BOTH_EXPRESSED
RDH12	ARPIN	ENSP00000449079	ENSP00000350075	0.42	True	False	206.6	8.7	True	True	BOTH_EXPRESSED
RDH12	SFTA3	ENSP00000449079	ENSP00000428331	0.42	True	False	206.6		True	False	UNKNOWN
CNGA1	CACNA1F	ENSP00000384264	ENSP00000365441	0.42	True	False	244.8	116.2	True	True	BOTH_EXPRESSED
IDH3B	NDUFA5	ENSP00000482773	ENSP00000417142	0.42	True	False	42.7	117.6	True	True	BOTH_EXPRESSED
PDSS1	ADCK5	ENSP00000365388	ENSP00000310547	0.42	True	False	1.7	0.4	True	True	BOTH_EXPRESSED
SLC4A7	IQGAP1	ENSP00000390394	ENSP00000268182	0.42	True	False	67.5	6.6	True	True	BOTH_EXPRESSED
SLC4A7	EFHD2	ENSP00000390394	ENSP00000365147	0.42	True	False	67.5	2.5	True	True	BOTH_EXPRESSED
SLC4A7	TEX29	ENSP00000390394	ENSP00000283547	0.42	True	False	67.5	0.1	True	True	BOTH_EXPRESSED
SLC4A7	LAMTOR1	ENSP00000390394	ENSP00000278671	0.42	True	False	67.5	43.2	True	True	BOTH_EXPRESSED
SLC4A7	TMPO	ENSP00000390394	ENSP00000266732	0.42	True	False	67.5	19.2	True	True	BOTH_EXPRESSED
TTC8	HAS2	ENSP00000482306	ENSP00000306991	0.42	True	False	34.7	0.0	True	True	BELOW_THRESHOLD
TTC8	IFT140	ENSP00000482306	ENSP00000406012	0.42	True	True	34.7	5.9	True	True	BOTH_EXPRESSED
DHX38	ESS2	ENSP00000268482	ENSP00000252137	0.42	True	False	12.3	1.2	True	True	BOTH_EXPRESSED
IFT172	TMEM231	ENSP00000260570	ENSP00000258173	0.42	True	False	5.3	3.6	True	True	BOTH_EXPRESSED
DHX38	AAAS	ENSP00000268482	ENSP00000209873	0.42	True	False	12.3	11.4	True	True	BOTH_EXPRESSED
DHX38	HNRNPC	ENSP00000268482	ENSP00000451291	0.42	True	False	12.3	382.1	True	True	BOTH_EXPRESSED
IFT172	TFPI2	ENSP00000260570	ENSP00000222543	0.42	True	False	5.3	47.8	True	True	BOTH_EXPRESSED
TTC8	HAS1	ENSP00000482306	ENSP00000222115	0.42	True	False	34.7	0.2	True	True	BOTH_EXPRESSED
CYP4V2	DIP2A	ENSP00000368079	ENSP00000392066	0.42	True	False	13.1	9.8	True	True	BOTH_EXPRESSED
IDH3A	UMPS	ENSP00000299518	ENSP00000232607	0.42	True	False	23.8	1.7	True	True	BOTH_EXPRESSED
IDH3A	SNAP25	ENSP00000299518	ENSP00000254976	0.42	True	False	23.8	443.0	True	True	BOTH_EXPRESSED
TTC8	HAS3	ENSP00000482306	ENSP00000304440	0.42	True	False	34.7	0.8	True	True	BOTH_EXPRESSED
RBP3	GNGT1	ENSP00000463151	ENSP00000248572	0.42	True	False	504.0	1760.3	True	True	BOTH_EXPRESSED
PRPF6	PRPH2	ENSP00000266079	ENSP00000230381	0.42	True	True	33.8	594.9	True	True	BOTH_EXPRESSED
PRPF6	HNRNPA1	ENSP00000266079	ENSP00000341826	0.42	True	False	33.8	243.0	True	True	BOTH_EXPRESSED
MERTK	CD80	ENSP00000295408	ENSP00000264246	0.42	True	False	15.4	0.0	True	True	BELOW_THRESHOLD
PRCD	CXCL11	ENSP00000467661	ENSP00000306884	0.42	True	False	44.6	0.0	True	True	BELOW_THRESHOLD
COQ2	PLPP1	ENSP00000310873	ENSP00000264775	0.42	True	False	3.7	9.0	True	True	BOTH_EXPRESSED
COQ2	PLPP4	ENSP00000310873	ENSP00000381302	0.42	True	False	3.7	0.1	True	True	BOTH_EXPRESSED
COQ2	PLPPR1	ENSP00000310873	ENSP00000364008	0.42	True	False	3.7	1.4	True	True	BOTH_EXPRESSED
IDH3G	TKTL1	ENSP00000217901	ENSP00000358931	0.42	True	False	22.7	2.0	True	True	BOTH_EXPRESSED
CERKL	ELOVL4	ENSP00000341159	ENSP00000358831	0.42	True	False	19.5	163.6	True	True	BOTH_EXPRESSED
COQ2	MED16	ENSP00000310873	ENSP00000325612	0.42	True	False	3.7	4.7	True	True	BOTH_EXPRESSED
KIZ	XRN2	ENSP00000479542	ENSP00000366396	0.42	True	False	18.7	22.9	True	True	BOTH_EXPRESSED
COQ2	PLPPR5	ENSP00000310873	ENSP00000263177	0.42	True	False	3.7	1.5	True	True	BOTH_EXPRESSED
COQ2	PLPPR2	ENSP00000310873	ENSP00000466898	0.42	True	False	3.7	9.7	True	True	BOTH_EXPRESSED
REEP6	TMEM208	ENSP00000233596	ENSP00000305892	0.42	True	False	87.4	12.8	True	True	BOTH_EXPRESSED
COQ2	PLPP5	ENSP00000310873	ENSP00000392553	0.42	True	False	3.7	7.9	True	True	BOTH_EXPRESSED
COQ2	CCDC115	ENSP00000310873	ENSP00000259229	0.42	True	False	3.7	14.6	True	True	BOTH_EXPRESSED
COQ2	PLPPR3	ENSP00000310873	ENSP00000352962	0.42	True	False	3.7	0.1	True	True	BOTH_EXPRESSED
COQ2	PLPP3	ENSP00000310873	ENSP00000360296	0.42	True	False	3.7	17.7	True	True	BOTH_EXPRESSED
COQ2	PLPP2	ENSP00000310873	ENSP00000329697	0.42	True	False	3.7	27.5	True	True	BOTH_EXPRESSED
MVK	EPSTI1	ENSP00000228510	ENSP00000318982	0.42	True	False	3.2	0.3	True	True	BOTH_EXPRESSED
IDH3G	DDX41	ENSP00000217901	ENSP00000330349	0.42	True	False	22.7	13.6	True	True	BOTH_EXPRESSED
SAG	TNFRSF10A	ENSP00000386444	ENSP00000221132	0.42	True	False	1359.9	0.2	True	True	BOTH_EXPRESSED
PRPF8	RBM4	ENSP00000460348	ENSP00000386894	0.42	True	False	76.4	68.6	True	True	BOTH_EXPRESSED
CFAP20	HSPA9	ENSP00000262498	ENSP00000297185	0.42	True	False	26.4	45.2	True	True	BOTH_EXPRESSED
INPP5E	CEP83	ENSP00000360777	ENSP00000380911	0.42	True	False	6.9	4.4	True	True	BOTH_EXPRESSED
SLC7A14	SLC7A7	ENSP00000231706	ENSP00000380666	0.42	True	False	5.7	0.8	True	True	BOTH_EXPRESSED
COQ2	SGPP2	ENSP00000310873	ENSP00000315137	0.42	True	False	3.7	3.3	True	True	BOTH_EXPRESSED
AHI1	IFT80	ENSP00000265602	ENSP00000312778	0.42	True	False	25.2	23.2	True	True	BOTH_EXPRESSED
COQ8B	APOL1	ENSP00000315118	ENSP00000317674	0.42	True	False	1.2	0.6	True	True	BOTH_EXPRESSED
COQ8B	P2RX4	ENSP00000315118	ENSP00000353032	0.42	True	False	1.2	1.9	True	True	BOTH_EXPRESSED
CRX	M1AP	ENSP00000221996	ENSP00000290536	0.42	True	False	202.2	0.5	True	True	BOTH_EXPRESSED
KIAA1549	FCN1	ENSP00000416040	ENSP00000360871	0.42	True	False	5.3	0.1	True	True	BOTH_EXPRESSED
RCBTB1	ANKRD40	ENSP00000367552	ENSP00000285243	0.42	True	False	45.9	19.2	True	True	BOTH_EXPRESSED
CLRN1	VEZT	ENSP00000329158	ENSP00000410083	0.42	True	False	11.8	10.9	True	True	BOTH_EXPRESSED
NR2E3	RGR	ENSP00000482504	ENSP00000352427	0.42	True	False	121.9	129.0	True	True	BOTH_EXPRESSED
RHO	SFTA3	ENSP00000296271	ENSP00000428331	0.42	True	False	3767.6		True	False	UNKNOWN
RLBP1	HSD17B6	ENSP00000268125	ENSP00000451406	0.42	True	False	246.4	0.8	True	True	BOTH_EXPRESSED
AGBL5	GFOD1	ENSP00000353249	ENSP00000368589	0.42	True	False	15.1	1.9	True	True	BOTH_EXPRESSED
USH2A	CEP78	ENSP00000305941	ENSP00000365782	0.419	True	False	17.8	8.6	True	True	BOTH_EXPRESSED
PRPF6	MATR3	ENSP00000266079	ENSP00000378284	0.419	True	False	33.8	207.2	True	True	BOTH_EXPRESSED
IDH3G	HSD17B10	ENSP00000217901	ENSP00000168216	0.419	True	False	22.7	9.4	True	True	BOTH_EXPRESSED
IDH3B	STOML2	ENSP00000482773	ENSP00000348886	0.419	True	False	42.7	21.8	True	True	BOTH_EXPRESSED
CDHR1	RDH5	ENSP00000485478	ENSP00000257895	0.419	True	False	291.2	3.0	True	True	BOTH_EXPRESSED
PRPF3	MECP2	ENSP00000315379	ENSP00000395535	0.419	True	False	40.3	21.4	True	True	BOTH_EXPRESSED
CFAP410	WDR19	ENSP00000381047	ENSP00000382717	0.419	True	False	9.2	12.0	True	True	BOTH_EXPRESSED
CEP250	FKBP1B	ENSP00000380661	ENSP00000370373	0.419	True	False	9.2	7.1	True	True	BOTH_EXPRESSED
KIZ	ZSCAN26	ENSP00000479542	ENSP00000485228	0.419	True	False	18.7	24.7	True	True	BOTH_EXPRESSED
RHO	SERINC1	ENSP00000296271	ENSP00000342962	0.419	True	False	3767.6	208.7	True	True	BOTH_EXPRESSED
RHO	IFT88	ENSP00000296271	ENSP00000323580	0.419	True	False	3767.6	30.2	True	True	BOTH_EXPRESSED
DYNC2H1	KIFC2	ENSP00000497174	ENSP00000301332	0.419	True	False	9.5	3.5	True	True	BOTH_EXPRESSED
COQ2	CHCHD2	ENSP00000310873	ENSP00000378812	0.419	True	False	3.7	209.6	True	True	BOTH_EXPRESSED
MERTK	GPNMB	ENSP00000295408	ENSP00000371420	0.419	True	False	15.4	2.6	True	True	BOTH_EXPRESSED
IFT140	CEP350	ENSP00000406012	ENSP00000356579	0.419	True	False	5.9	4.2	True	True	BOTH_EXPRESSED
SNRNP200	PABPC1	ENSP00000317123	ENSP00000313007	0.419	True	False	62.7	74.4	True	True	BOTH_EXPRESSED
SLC4A7	ROCK1	ENSP00000390394	ENSP00000382697	0.419	True	False	67.5	4.4	True	True	BOTH_EXPRESSED
MERTK	CD8A	ENSP00000295408	ENSP00000386559	0.419	True	False	15.4	0.0	True	True	BELOW_THRESHOLD
IFT140	SDCCAG8	ENSP00000406012	ENSP00000355499	0.419	True	False	5.9	3.4	True	True	BOTH_EXPRESSED
BBS1	DRC7	ENSP00000317469	ENSP00000353942	0.419	True	False	19.9	0.2	True	True	BOTH_EXPRESSED
PRPF8	SSRP1	ENSP00000460348	ENSP00000278412	0.419	True	False	76.4	33.4	True	True	BOTH_EXPRESSED
SAG	CNGB3	ENSP00000386444	ENSP00000316605	0.419	True	False	1359.9	11.6	True	True	BOTH_EXPRESSED
IFT172	RFX2	ENSP00000260570	ENSP00000306335	0.419	True	False	5.3	1.2	True	True	BOTH_EXPRESSED
HK1	KLHL12	ENSP00000494664	ENSP00000356230	0.419	True	False	141.7	22.8	True	True	BOTH_EXPRESSED
PRPF8	CASP3	ENSP00000460348	ENSP00000311032	0.419	True	False	76.4	8.2	True	True	BOTH_EXPRESSED
PRPF8	SMC1A	ENSP00000460348	ENSP00000323421	0.419	True	False	76.4	19.5	True	True	BOTH_EXPRESSED
BBS2	ENSP00000398526	ENSP00000245157	ENSP00000398526	0.419	True	False	12.0		True	False	UNKNOWN
SLC4A7	CYB5D1	ENSP00000390394	ENSP00000331479	0.419	True	False	67.5	27.9	True	True	BOTH_EXPRESSED
SNRNP200	RBM25	ENSP00000317123	ENSP00000261973	0.419	True	False	62.7	38.8	True	True	BOTH_EXPRESSED
IDH3A	FBLN2	ENSP00000299518	ENSP00000384169	0.419	True	False	23.8	0.6	True	True	BOTH_EXPRESSED
SNRNP200	KDM2A	ENSP00000317123	ENSP00000432786	0.419	True	False	62.7	17.2	True	True	BOTH_EXPRESSED
SLC4A7	ROCK2	ENSP00000390394	ENSP00000317985	0.419	True	False	67.5	12.8	True	True	BOTH_EXPRESSED
PDE6B	GNAT3	ENSP00000420295	ENSP00000381339	0.419	True	False	357.2	0.0	True	True	BELOW_THRESHOLD
SLC4A7	PLXNA1	ENSP00000390394	ENSP00000377061	0.419	True	False	67.5	1.6	True	True	BOTH_EXPRESSED
GUCA1A	PDE6H	ENSP00000053469	ENSP00000266395	0.419	True	False	703.2	844.1	True	True	BOTH_EXPRESSED
RAX2	KIFC3	ENSP00000450456	ENSP00000442008	0.419	True	False	59.9	75.8	True	True	BOTH_EXPRESSED
PDE6B	OPN1LW	ENSP00000420295	ENSP00000358967	0.419	True	False	357.2	237.8	True	True	BOTH_EXPRESSED
KIZ	ENSP00000470615	ENSP00000479542	ENSP00000470615	0.419	True	False	18.7		True	False	UNKNOWN
CDHR1	CNNM4	ENSP00000485478	ENSP00000366275	0.418	True	False	291.2	36.0	True	True	BOTH_EXPRESSED
CLRN1	PRPF3	ENSP00000329158	ENSP00000315379	0.418	True	True	11.8	40.3	True	True	BOTH_EXPRESSED
USH2A	IMPDH1	ENSP00000305941	ENSP00000345096	0.418	True	True	17.8	98.6	True	True	BOTH_EXPRESSED
CYP4V2	FSCN2	ENSP00000368079	ENSP00000334665	0.418	True	False	13.1	8.1	True	True	BOTH_EXPRESSED
CRX	ONECUT1	ENSP00000221996	ENSP00000302630	0.418	True	False	202.2	3.8	True	True	BOTH_EXPRESSED
PDE6B	DHDDS	ENSP00000420295	ENSP00000353104	0.418	True	True	357.2	30.3	True	True	BOTH_EXPRESSED
PDE6B	ELF3	ENSP00000420295	ENSP00000352673	0.418	True	False	357.2	0.9	True	True	BOTH_EXPRESSED
RPGR	IFT140	ENSP00000495537	ENSP00000406012	0.418	True	True	11.2	5.9	True	True	BOTH_EXPRESSED
COQ2	OTC	ENSP00000310873	ENSP00000039007	0.418	True	False	3.7	0.1	True	True	BOTH_EXPRESSED
CYP4V2	ZNF513	ENSP00000368079	ENSP00000318373	0.418	True	False	13.1	4.4	True	True	BOTH_EXPRESSED
CLRN1	PRPF6	ENSP00000329158	ENSP00000266079	0.418	True	True	11.8	33.8	True	True	BOTH_EXPRESSED
CLRN1	IMPDH1	ENSP00000329158	ENSP00000345096	0.418	True	True	11.8	98.6	True	True	BOTH_EXPRESSED
MERTK	ADAM17	ENSP00000295408	ENSP00000309968	0.418	True	False	15.4	2.0	True	True	BOTH_EXPRESSED
ARL6	C8orf37	ENSP00000419619	ENSP00000286688	0.418	True	False	35.2		True	False	UNKNOWN
RCBTB1	OR5B3	ENSP00000367552	ENSP00000493217	0.418	True	False	45.9	0.0	True	True	BELOW_THRESHOLD
LRAT	DHDDS	ENSP00000337224	ENSP00000353104	0.418	True	True	0.9	30.3	True	True	BOTH_EXPRESSED
RHO	TCF15	ENSP00000296271	ENSP00000246080	0.418	True	False	3767.6	0.1	True	True	BOTH_EXPRESSED
RHO	RTP2	ENSP00000296271	ENSP00000350976	0.418	True	False	3767.6	0.0	True	True	BELOW_THRESHOLD
PRPF6	NR2E3	ENSP00000266079	ENSP00000482504	0.418	True	True	33.8	121.9	True	True	BOTH_EXPRESSED
NRL	TTC8	ENSP00000454062	ENSP00000482306	0.418	True	True	294.2	34.7	True	True	BOTH_EXPRESSED
HGSNAT	SPAM1	ENSP00000368965	ENSP00000345849	0.418	True	False	12.6	0.0	True	True	BELOW_THRESHOLD
CFAP410	SOD1	ENSP00000381047	ENSP00000270142	0.418	True	False	9.2	230.3	True	True	BOTH_EXPRESSED
CFAP410	ATXN2	ENSP00000381047	ENSP00000446576	0.418	True	False	9.2	14.6	True	True	BOTH_EXPRESSED
NR2E3	HSPA1B	ENSP00000482504	ENSP00000364801	0.418	True	False	121.9	2.4	True	True	BOTH_EXPRESSED
IMPG1	NBAS	ENSP00000358966	ENSP00000281513	0.418	True	False	621.3	9.9	True	True	BOTH_EXPRESSED
DHDDS	BEST1	ENSP00000353104	ENSP00000399709	0.418	True	True	30.3	6.2	True	True	BOTH_EXPRESSED
FAM161A	RLBP1	ENSP00000385158	ENSP00000268125	0.418	True	True	26.9	246.4	True	True	BOTH_EXPRESSED
FAM161A	EEF2	ENSP00000385158	ENSP00000307940	0.418	True	False	26.9	208.1	True	True	BOTH_EXPRESSED
CDHR1	C5orf46	ENSP00000485478	ENSP00000315370	0.418	True	False	291.2	0.5	True	True	BOTH_EXPRESSED
RHO	GHRL	ENSP00000296271	ENSP00000335074	0.418	True	False	3767.6	1.9	True	True	BOTH_EXPRESSED
SAG	AGT	ENSP00000386444	ENSP00000355627	0.418	True	False	1359.9	24.5	True	True	BOTH_EXPRESSED
REEP6	PDE6A	ENSP00000233596	ENSP00000255266	0.418	True	True	87.4	1001.0	True	True	BOTH_EXPRESSED
RPGR	ELOVL4	ENSP00000495537	ENSP00000358831	0.418	True	False	11.2	163.6	True	True	BOTH_EXPRESSED
PRPF31	C8orf37	ENSP00000324122	ENSP00000286688	0.418	True	False	7.6		True	False	UNKNOWN
MERTK	LCA5	ENSP00000295408	ENSP00000376686	0.418	True	False	15.4	12.7	True	True	BOTH_EXPRESSED
CREB3	TSC22D3	ENSP00000342136	ENSP00000361458	0.418	True	False	21.7	21.0	True	True	BOTH_EXPRESSED
COQ2	NXF5	ENSP00000310873	ENSP00000426978	0.418	True	False	3.7		True	False	UNKNOWN
PRPF31	RCVRN	ENSP00000324122	ENSP00000226193	0.418	True	False	7.6	430.9	True	True	BOTH_EXPRESSED
PRPF8	STAG2	ENSP00000460348	ENSP00000218089	0.418	True	False	76.4	30.1	True	True	BOTH_EXPRESSED
HK1	PDHA1	ENSP00000494664	ENSP00000369134	0.418	True	False	141.7	20.2	True	True	BOTH_EXPRESSED
SLC4A7	DIAPH2	ENSP00000390394	ENSP00000321348	0.418	True	False	67.5	2.7	True	True	BOTH_EXPRESSED
SAG	APLF	ENSP00000386444	ENSP00000307004	0.418	True	False	1359.9	0.4	True	True	BOTH_EXPRESSED
SCLT1	KIF24	ENSP00000281142	ENSP00000384433	0.418	True	False	2.7	0.4	True	True	BOTH_EXPRESSED
IFT140	WDR20	ENSP00000406012	ENSP00000395793	0.418	True	False	5.9	27.6	True	True	BOTH_EXPRESSED
ARL2BP	ARMC2	ENSP00000219204	ENSP00000376417	0.418	True	False	34.8	24.7	True	True	BOTH_EXPRESSED
GUCA1A	RIMS1	ENSP00000053469	ENSP00000428417	0.418	True	False	703.2	6.8	True	True	BOTH_EXPRESSED
RP1L1	RP9	ENSP00000371923	ENSP00000297157	0.418	True	False	41.0	14.0	True	True	BOTH_EXPRESSED
KLHL7	USH1G	ENSP00000343273	ENSP00000480279	0.418	True	False	13.9	0.7	True	True	BOTH_EXPRESSED
IDH3A	THNSL1	ENSP00000299518	ENSP00000434887	0.418	True	False	23.8	3.8	True	True	BOTH_EXPRESSED
IFT140	CEP89	ENSP00000406012	ENSP00000306105	0.418	True	False	5.9	6.8	True	True	BOTH_EXPRESSED
IDH3A	PGM2	ENSP00000299518	ENSP00000371393	0.418	True	False	23.8	16.9	True	True	BOTH_EXPRESSED
RPGR	DNAJC28	ENSP00000495537	ENSP00000479716	0.418	True	False	11.2	1.5	True	True	BOTH_EXPRESSED
PRCD	DSCAM	ENSP00000467661	ENSP00000383303	0.418	True	False	44.6	1.7	True	True	BOTH_EXPRESSED
INPP5E	ARHGDIA	ENSP00000360777	ENSP00000463939	0.418	True	False	6.9	13.5	True	True	BOTH_EXPRESSED
LRAT	RP9	ENSP00000337224	ENSP00000297157	0.418	True	False	0.9	14.0	True	True	BOTH_EXPRESSED
KIAA1549	GNAI1	ENSP00000416040	ENSP00000497260	0.418	True	False	5.3	1.4	True	True	BOTH_EXPRESSED
LRAT	C8orf37	ENSP00000337224	ENSP00000286688	0.418	True	False	0.9		True	False	UNKNOWN
COQ2	CUBN	ENSP00000310873	ENSP00000367064	0.418	True	False	3.7	2.8	True	True	BOTH_EXPRESSED
PRPF3	EMC2	ENSP00000315379	ENSP00000220853	0.418	True	False	40.3	9.4	True	True	BOTH_EXPRESSED
SLC4A7	RHBG	ENSP00000390394	ENSP00000441197	0.418	True	False	67.5	0.0	True	True	BELOW_THRESHOLD
SLC4A7	DNALI1	ENSP00000390394	ENSP00000296218	0.418	True	False	67.5	10.9	True	True	BOTH_EXPRESSED
SNRNP200	EIF4H	ENSP00000317123	ENSP00000265753	0.418	True	False	62.7	138.9	True	True	BOTH_EXPRESSED
SNRNP200	HSP90AA1	ENSP00000317123	ENSP00000335153	0.418	True	False	62.7	1044.8	True	True	BOTH_EXPRESSED
AHI1	HTR2C	ENSP00000265602	ENSP00000276198	0.418	True	False	25.2	0.4	True	True	BOTH_EXPRESSED
RAX2	CFH	ENSP00000450456	ENSP00000356399	0.418	True	False	59.9	3.5	True	True	BOTH_EXPRESSED
BCOR	MED24	ENSP00000367705	ENSP00000440100	0.418	True	False	13.1	24.2	True	True	BOTH_EXPRESSED
SAG	STAT2	ENSP00000386444	ENSP00000315768	0.418	True	False	1359.9	5.2	True	True	BOTH_EXPRESSED
SAG	RGS1	ENSP00000386444	ENSP00000356429	0.418	True	False	1359.9	24.6	True	True	BOTH_EXPRESSED
DHX38	DDX52	ENSP00000268482	ENSP00000479504	0.418	True	False	12.3	1.9	True	True	BOTH_EXPRESSED
SLC4A7	FARP1	ENSP00000390394	ENSP00000486285	0.417	True	False	67.5	8.2	True	True	BOTH_EXPRESSED
HK1	HMGCR	ENSP00000494664	ENSP00000287936	0.417	True	False	141.7	17.4	True	True	BOTH_EXPRESSED
PRPF8	PPIL4	ENSP00000460348	ENSP00000253329	0.417	True	False	76.4	12.1	True	True	BOTH_EXPRESSED
TTC8	C11orf16	ENSP00000482306	ENSP00000318999	0.417	True	False	34.7	0.0	True	True	BELOW_THRESHOLD
RP1L1	VPS13B	ENSP00000371923	ENSP00000351346	0.417	True	False	41.0	4.6	True	True	BOTH_EXPRESSED
RP1L1	RYR1	ENSP00000371923	ENSP00000352608	0.417	True	False	41.0	7.3	True	True	BOTH_EXPRESSED
SNRNP200	COASY	ENSP00000317123	ENSP00000464814	0.417	True	False	62.7	12.4	True	True	BOTH_EXPRESSED
BBS2	CCT5	ENSP00000245157	ENSP00000280326	0.417	True	False	12.0	45.4	True	True	BOTH_EXPRESSED
OFD1	CEP126	ENSP00000344314	ENSP00000263468	0.417	True	False	2.3	10.2	True	True	BOTH_EXPRESSED
IDH3B	LONP1	ENSP00000482773	ENSP00000353826	0.417	True	False	42.7	12.1	True	True	BOTH_EXPRESSED
CEP162	POC5	ENSP00000385215	ENSP00000410216	0.417	True	False	2.6	27.0	True	True	BOTH_EXPRESSED
DHDDS	SAMM50	ENSP00000353104	ENSP00000345445	0.417	True	False	30.3	23.7	True	True	BOTH_EXPRESSED
HGSNAT	EXTL3	ENSP00000368965	ENSP00000220562	0.417	True	False	12.6	9.6	True	True	BOTH_EXPRESSED
CLCC1	COX18	ENSP00000349456	ENSP00000425261	0.417	True	False	10.5	1.2	True	True	BOTH_EXPRESSED
IDH3G	FDXR	ENSP00000217901	ENSP00000416515	0.417	True	False	22.7	0.5	True	True	BOTH_EXPRESSED
DYNC2H1	LRRC6	ENSP00000497174	ENSP00000484634	0.417	True	False	9.5		True	False	UNKNOWN
IDH3G	BCAT1	ENSP00000217901	ENSP00000443459	0.417	True	False	22.7	13.4	True	True	BOTH_EXPRESSED
CRX	NXNL1	ENSP00000221996	ENSP00000305631	0.417	True	False	202.2	59.7	True	True	BOTH_EXPRESSED
TMEM216	BARHL1	ENSP00000334844	ENSP00000263610	0.417	True	False	10.8	0.0	True	True	BELOW_THRESHOLD
IFT172	CEP41	ENSP00000260570	ENSP00000223208	0.417	True	False	5.3	7.2	True	True	BOTH_EXPRESSED
RLBP1	PMEL	ENSP00000268125	ENSP00000402758	0.417	True	False	246.4	0.4	True	True	BOTH_EXPRESSED
PRPF31	RPP38	ENSP00000324122	ENSP00000478982	0.417	True	False	7.6	12.4	True	True	BOTH_EXPRESSED
MAK	MYRFL	ENSP00000346484	ENSP00000448753	0.417	True	False	110.1	0.5	True	True	BOTH_EXPRESSED
SPATA7	RP9	ENSP00000377176	ENSP00000297157	0.417	True	False	9.4	14.0	True	True	BOTH_EXPRESSED
BBS1	CEP164	ENSP00000317469	ENSP00000278935	0.417	True	False	19.9	24.1	True	True	BOTH_EXPRESSED
COQ8B	MYOM2	ENSP00000315118	ENSP00000262113	0.417	True	False	1.2	0.4	True	True	BOTH_EXPRESSED
DHX38	NAT10	ENSP00000268482	ENSP00000257829	0.417	True	False	12.3	15.1	True	True	BOTH_EXPRESSED
KIAA1549	H3C2	ENSP00000416040	ENSP00000484841	0.417	True	False	5.3	0.0	True	True	BELOW_THRESHOLD
MAK	MYRF	ENSP00000346484	ENSP00000278836	0.417	True	False	110.1	0.3	True	True	BOTH_EXPRESSED
RDH12	SDR9C7	ENSP00000449079	ENSP00000293502	0.417	True	False	206.6	0.1	True	True	BOTH_EXPRESSED
SLC4A7	MYO3A	ENSP00000390394	ENSP00000495965	0.417	True	False	67.5	14.3	True	True	BOTH_EXPRESSED
NR2E3	OPN1LW	ENSP00000482504	ENSP00000358967	0.416	True	False	121.9	237.8	True	True	BOTH_EXPRESSED
FAM161A	CEP78	ENSP00000385158	ENSP00000365782	0.416	True	False	26.9	8.6	True	True	BOTH_EXPRESSED
LRAT	PCARE	ENSP00000337224	ENSP00000332809	0.416	True	True	0.9	26.4	True	True	BOTH_EXPRESSED
LRAT	NMNAT1	ENSP00000337224	ENSP00000366410	0.416	True	False	0.9	4.8	True	True	BOTH_EXPRESSED
IDH3G	TKT	ENSP00000217901	ENSP00000391481	0.416	True	False	22.7	16.8	True	True	BOTH_EXPRESSED
FAM161A	SEMA4A	ENSP00000385158	ENSP00000357265	0.416	True	False	26.9	1.8	True	True	BOTH_EXPRESSED
PRPF6	BRIX1	ENSP00000266079	ENSP00000338862	0.416	True	False	33.8	10.7	True	True	BOTH_EXPRESSED
CEP162	SCLT1	ENSP00000385215	ENSP00000281142	0.416	True	True	2.6	2.7	True	True	BOTH_EXPRESSED
CDHR1	CFAP410	ENSP00000485478	ENSP00000381047	0.416	True	True	291.2	9.2	True	True	BOTH_EXPRESSED
SLC24A1	NR2E3	ENSP00000261892	ENSP00000482504	0.416	True	True	179.2	121.9	True	True	BOTH_EXPRESSED
MVK	SCAP	ENSP00000228510	ENSP00000265565	0.416	True	False	3.2	25.2	True	True	BOTH_EXPRESSED
TOPORS	IQCB1	ENSP00000353735	ENSP00000311505	0.416	True	False	10.6	17.5	True	True	BOTH_EXPRESSED
TOPORS	PSMC1	ENSP00000353735	ENSP00000261303	0.416	True	False	10.6	37.2	True	True	BOTH_EXPRESSED
NRL	JUND	ENSP00000454062	ENSP00000252818	0.416	True	False	294.2	23.9	True	True	BOTH_EXPRESSED
RHO	ENO1	ENSP00000296271	ENSP00000495530	0.416	True	False	3767.6	688.1	True	True	BOTH_EXPRESSED
RHO	AKT1	ENSP00000296271	ENSP00000451828	0.416	True	False	3767.6	19.5	True	True	BOTH_EXPRESSED
PDSS1	HIGD1C	ENSP00000365388	ENSP00000381473	0.416	True	False	1.7	0.1	True	True	BOTH_EXPRESSED
PRPF3	DDX39B	ENSP00000315379	ENSP00000416269	0.416	True	False	40.3	31.8	True	True	BOTH_EXPRESSED
ZNF408	GRAMD4	ENSP00000309606	ENSP00000385689	0.416	True	False	1.2	8.4	True	True	BOTH_EXPRESSED
RCBTB1	NUBPL	ENSP00000367552	ENSP00000281081	0.416	True	False	45.9	4.8	True	True	BOTH_EXPRESSED
COQ5	L2HGDH	ENSP00000288532	ENSP00000267436	0.416	True	False	24.3	9.9	True	True	BOTH_EXPRESSED
CLN3	MAN2B1	ENSP00000454229	ENSP00000395473	0.416	True	False	3.0	1.4	True	True	BOTH_EXPRESSED
IDH3A	MT-ND5	ENSP00000299518	ENSP00000354813	0.416	True	False	23.8	3025.0	True	True	BOTH_EXPRESSED
BEST1	GRK1	ENSP00000399709	ENSP00000334876	0.416	True	False	6.2	39.5	True	True	BOTH_EXPRESSED
TULP1	CLTCL1	ENSP00000229771	ENSP00000441158	0.416	True	False	194.3	1.9	True	True	BOTH_EXPRESSED
PRPH2	HSP90AA1	ENSP00000230381	ENSP00000335153	0.416	True	False	594.9	1044.8	True	True	BOTH_EXPRESSED
IFT140	RAB11FIP3	ENSP00000406012	ENSP00000262305	0.416	True	False	5.9	3.8	True	True	BOTH_EXPRESSED
PRPH2	HSP90AB1	ENSP00000230381	ENSP00000360609	0.416	True	False	594.9	314.7	True	True	BOTH_EXPRESSED
SLC66A1	MCOLN1	ENSP00000364295	ENSP00000264079	0.416	True	False	11.2	4.7	True	True	BOTH_EXPRESSED
DYNC2H1	DCTN4	ENSP00000497174	ENSP00000414906	0.416	True	False	9.5	54.6	True	True	BOTH_EXPRESSED
RPE65	PLAAT2	ENSP00000262340	ENSP00000255695	0.416	True	False	7.8	0.0	True	True	BELOW_THRESHOLD
INPP5E	GSN	ENSP00000360777	ENSP00000362924	0.416	True	False	6.9	55.2	True	True	BOTH_EXPRESSED
IDH3A	HADHA	ENSP00000299518	ENSP00000370023	0.416	True	False	23.8	13.9	True	True	BOTH_EXPRESSED
IDH3A	SHMT2	ENSP00000299518	ENSP00000333667	0.416	True	False	23.8	12.9	True	True	BOTH_EXPRESSED
RCBTB1	CAB39L	ENSP00000367552	ENSP00000479669	0.416	True	False	45.9	13.7	True	True	BOTH_EXPRESSED
ARHGEF18	DLG4	ENSP00000482647	ENSP00000497806	0.416	True	False	4.6	200.9	True	True	BOTH_EXPRESSED
PRPF31	ZNHIT2	ENSP00000324122	ENSP00000308548	0.416	True	False	7.6	0.8	True	True	BOTH_EXPRESSED
BBS1	C2CD3	ENSP00000317469	ENSP00000334379	0.416	True	False	19.9	7.7	True	True	BOTH_EXPRESSED
CREB3	MYO5A	ENSP00000342136	ENSP00000382177	0.416	True	False	21.7	21.8	True	True	BOTH_EXPRESSED
CREB3	LUZP2	ENSP00000342136	ENSP00000336817	0.416	True	False	21.7	1.0	True	True	BOTH_EXPRESSED
PRPF8	HNRNPH3	ENSP00000460348	ENSP00000265866	0.416	True	False	76.4	75.2	True	True	BOTH_EXPRESSED
HK1	AMY1B	ENSP00000494664	ENSP00000330484	0.416	True	False	141.7	0.0	True	True	BELOW_THRESHOLD
PRPF8	EIF4B	ENSP00000460348	ENSP00000388806	0.416	True	False	76.4	106.1	True	True	BOTH_EXPRESSED
CNGB1	TRPM1	ENSP00000251102	ENSP00000437849	0.416	True	False	557.0	16.2	True	True	BOTH_EXPRESSED
SLC4A7	DBN1	ENSP00000390394	ENSP00000377195	0.416	True	False	67.5	4.1	True	True	BOTH_EXPRESSED
HK1	ATF2	ENSP00000494664	ENSP00000264110	0.416	True	False	141.7	19.6	True	True	BOTH_EXPRESSED
IFT172	NEK8	ENSP00000260570	ENSP00000268766	0.416	True	False	5.3	0.5	True	True	BOTH_EXPRESSED
SCLT1	NCALD	ENSP00000281142	ENSP00000379256	0.416	True	False	2.7	14.6	True	True	BOTH_EXPRESSED
IFT172	CEP164	ENSP00000260570	ENSP00000278935	0.416	True	False	5.3	24.1	True	True	BOTH_EXPRESSED
USH2A	LHFPL5	ENSP00000305941	ENSP00000498322	0.415	True	False	17.8	7.2	True	True	BOTH_EXPRESSED
RPGR	RANBP1	ENSP00000495537	ENSP00000401564	0.415	True	False	11.2	32.7	True	True	BOTH_EXPRESSED
SLC4A7	TOR1AIP1	ENSP00000390394	ENSP00000435365	0.415	True	False	67.5	23.2	True	True	BOTH_EXPRESSED
PRPF8	EIF3B	ENSP00000460348	ENSP00000354125	0.415	True	False	76.4	16.5	True	True	BOTH_EXPRESSED
HK1	INS	ENSP00000494664	ENSP00000380432	0.415	True	False	141.7	0.0	True	True	BELOW_THRESHOLD
PRPF8	RPS3	ENSP00000460348	ENSP00000278572	0.415	True	False	76.4	326.7	True	True	BOTH_EXPRESSED
PRPF8	EMC1	ENSP00000460348	ENSP00000420608	0.415	True	False	76.4	24.0	True	True	BOTH_EXPRESSED
PRPF8	NPM1	ENSP00000460348	ENSP00000296930	0.415	True	False	76.4	149.1	True	True	BOTH_EXPRESSED
RDH12	PLAAT2	ENSP00000449079	ENSP00000255695	0.415	True	False	206.6	0.0	True	True	BELOW_THRESHOLD
SLC4A7	ARL13B	ENSP00000390394	ENSP00000377769	0.415	True	False	67.5	16.8	True	True	BOTH_EXPRESSED
RBP3	NR2E3	ENSP00000463151	ENSP00000482504	0.415	True	True	504.0	121.9	True	True	BOTH_EXPRESSED
IDH3B	THNSL1	ENSP00000482773	ENSP00000434887	0.415	True	False	42.7	3.8	True	True	BOTH_EXPRESSED
RHO	PXDNL	ENSP00000296271	ENSP00000348645	0.415	True	False	3767.6	2.7	True	True	BOTH_EXPRESSED
PRPF3	RPP38	ENSP00000315379	ENSP00000478982	0.415	True	False	40.3	12.4	True	True	BOTH_EXPRESSED
CYP4V2	CHKA	ENSP00000368079	ENSP00000265689	0.415	True	False	13.1	19.6	True	True	BOTH_EXPRESSED
COQ8B	MT-ND2	ENSP00000315118	ENSP00000355046	0.415	True	False	1.2	5035.9	True	True	BOTH_EXPRESSED
CYP4V2	WDR37	ENSP00000368079	ENSP00000263150	0.415	True	False	13.1	9.8	True	True	BOTH_EXPRESSED
DYNC2H1	INVS	ENSP00000497174	ENSP00000262457	0.415	True	False	9.5	10.9	True	True	BOTH_EXPRESSED
OFD1	RSPH1	ENSP00000344314	ENSP00000291536	0.415	True	False	2.3	11.4	True	True	BOTH_EXPRESSED
GUCY2D	CNGA2	ENSP00000254854	ENSP00000328478	0.415	True	False	31.7	0.0	True	True	BELOW_THRESHOLD
SAG	RGS16	ENSP00000386444	ENSP00000356529	0.415	True	False	1359.9	56.1	True	True	BOTH_EXPRESSED
PRPF6	CIAO1	ENSP00000266079	ENSP00000418287	0.415	True	False	33.8	16.0	True	True	BOTH_EXPRESSED
REEP6	GUCA1B	ENSP00000233596	ENSP00000230361	0.415	True	False	87.4	432.4	True	True	BOTH_EXPRESSED
AHI1	LCA5	ENSP00000265602	ENSP00000376686	0.415	True	False	25.2	12.7	True	True	BOTH_EXPRESSED
DHX38	ASCC3	ENSP00000268482	ENSP00000358159	0.415	True	False	12.3	5.2	True	True	BOTH_EXPRESSED
DHX38	WDR36	ENSP00000268482	ENSP00000423067	0.415	True	False	12.3	4.3	True	True	BOTH_EXPRESSED
OFD1	LRRC45	ENSP00000344314	ENSP00000306760	0.415	True	False	2.3	0.5	True	True	BOTH_EXPRESSED
PRPF6	NCOA3	ENSP00000266079	ENSP00000361066	0.415	True	False	33.8	10.8	True	True	BOTH_EXPRESSED
DHDDS	ZMPSTE24	ENSP00000353104	ENSP00000361845	0.415	True	False	30.3	10.1	True	True	BOTH_EXPRESSED
TOPORS	KIF3A	ENSP00000353735	ENSP00000385808	0.415	True	False	10.6	31.3	True	True	BOTH_EXPRESSED
TULP1	BBS2	ENSP00000229771	ENSP00000245157	0.415	True	True	194.3	12.0	True	True	BOTH_EXPRESSED
SNRNP200	TRIP4	ENSP00000317123	ENSP00000261884	0.415	True	False	62.7	15.5	True	True	BOTH_EXPRESSED
IDH3G	THNSL1	ENSP00000217901	ENSP00000434887	0.415	True	False	22.7	3.8	True	True	BOTH_EXPRESSED
IDH3A	PSAT1	ENSP00000299518	ENSP00000365773	0.415	True	False	23.8	5.7	True	True	BOTH_EXPRESSED
CLN3	TRIP13	ENSP00000454229	ENSP00000166345	0.415	True	False	3.0	0.4	True	True	BOTH_EXPRESSED
RAX2	OR2M3	ENSP00000450456	ENSP00000492981	0.415	True	False	59.9	3.4	True	True	BOTH_EXPRESSED
SNRNP200	ZCCHC17	ENSP00000317123	ENSP00000480986	0.415	True	False	62.7	35.1	True	True	BOTH_EXPRESSED
RHO	PXDN	ENSP00000296271	ENSP00000252804	0.415	True	False	3767.6	4.5	True	True	BOTH_EXPRESSED
SNRNP200	RBM45	ENSP00000317123	ENSP00000286070	0.415	True	False	62.7	9.0	True	True	BOTH_EXPRESSED
RHO	SIX3	ENSP00000296271	ENSP00000260653	0.415	True	False	3767.6	23.5	True	True	BOTH_EXPRESSED
MAK	DHDDS	ENSP00000346484	ENSP00000353104	0.414	True	True	110.1	30.3	True	True	BOTH_EXPRESSED
MERTK	CSF2	ENSP00000295408	ENSP00000296871	0.414	True	False	15.4	0.0	True	True	BELOW_THRESHOLD
CFAP410	PFN1	ENSP00000381047	ENSP00000225655	0.414	True	False	9.2	66.6	True	True	BOTH_EXPRESSED
AHI1	QDPR	ENSP00000265602	ENSP00000281243	0.414	True	False	25.2	36.8	True	True	BOTH_EXPRESSED
COQ2	SLC30A6	ENSP00000310873	ENSP00000368648	0.414	True	False	3.7	5.5	True	True	BOTH_EXPRESSED
TOPORS	HIPK2	ENSP00000353735	ENSP00000385571	0.414	True	False	10.6	25.8	True	True	BOTH_EXPRESSED
IDH3A	PGAM2	ENSP00000299518	ENSP00000297283	0.414	True	False	23.8	4.0	True	True	BOTH_EXPRESSED
RPE65	ALB	ENSP00000262340	ENSP00000295897	0.414	True	False	7.8	0.4	True	True	BOTH_EXPRESSED
SLC7A14	ANKS4B	ENSP00000231706	ENSP00000308772	0.414	True	False	5.7	0.2	True	True	BOTH_EXPRESSED
BEST1	CDHR1	ENSP00000399709	ENSP00000485478	0.414	True	True	6.2	291.2	True	True	BOTH_EXPRESSED
RP1L1	USH1G	ENSP00000371923	ENSP00000480279	0.414	True	False	41.0	0.7	True	True	BOTH_EXPRESSED
DHX38	SETDB1	ENSP00000268482	ENSP00000271640	0.414	True	False	12.3	11.5	True	True	BOTH_EXPRESSED
SLC7A14	CAPN9	ENSP00000231706	ENSP00000271971	0.414	True	False	5.7	4.7	True	True	BOTH_EXPRESSED
RHO	P2RY12	ENSP00000296271	ENSP00000307259	0.414	True	False	3767.6	0.2	True	True	BOTH_EXPRESSED
PDE6G	NPLOC4	ENSP00000328412	ENSP00000331487	0.414	True	False	1904.6	18.4	True	True	BOTH_EXPRESSED
SAG	SMAD4	ENSP00000386444	ENSP00000341551	0.414	True	False	1359.9	12.6	True	True	BOTH_EXPRESSED
PRCD	CYGB	ENSP00000467661	ENSP00000293230	0.414	True	False	44.6	72.0	True	True	BOTH_EXPRESSED
RBP3	APOE	ENSP00000463151	ENSP00000252486	0.414	True	False	504.0	81.4	True	True	BOTH_EXPRESSED
RP1L1	GNAT2	ENSP00000371923	ENSP00000251337	0.414	True	False	41.0	73.0	True	True	BOTH_EXPRESSED
IDH3A	COX4I1	ENSP00000299518	ENSP00000457513	0.414	True	False	23.8	242.4	True	True	BOTH_EXPRESSED
ARL2BP	TTC21A	ENSP00000219204	ENSP00000398211	0.414	True	False	34.8	0.9	True	True	BOTH_EXPRESSED
DHDDS	FPGS	ENSP00000353104	ENSP00000362344	0.414	True	False	30.3	2.0	True	True	BOTH_EXPRESSED
MVK	EIF2S3	ENSP00000228510	ENSP00000253039	0.414	True	False	3.2	43.3	True	True	BOTH_EXPRESSED
HK1	GYS2	ENSP00000494664	ENSP00000261195	0.414	True	False	141.7	0.0	True	True	BELOW_THRESHOLD
COQ5	NDUFB3	ENSP00000288532	ENSP00000407336	0.414	True	False	24.3	129.8	True	True	BOTH_EXPRESSED
TMEM216	WDR35	ENSP00000334844	ENSP00000314444	0.414	True	False	10.8	11.6	True	True	BOTH_EXPRESSED
PRPF8	SUPT16H	ENSP00000460348	ENSP00000216297	0.414	True	False	76.4	41.1	True	True	BOTH_EXPRESSED
PRPF8	ILF2	ENSP00000460348	ENSP00000355011	0.414	True	False	76.4	40.2	True	True	BOTH_EXPRESSED
CC2D2A	BBS12	ENSP00000403465	ENSP00000438273	0.414	True	False	78.4	16.3	True	True	BOTH_EXPRESSED
NRL	USF1	ENSP00000454062	ENSP00000357000	0.414	True	False	294.2	15.7	True	True	BOTH_EXPRESSED
NR2E3	WFS1	ENSP00000482504	ENSP00000226760	0.414	True	False	121.9	7.5	True	True	BOTH_EXPRESSED
NR2E3	PTF1A	ENSP00000482504	ENSP00000365687	0.414	True	False	121.9	0.0	True	True	BELOW_THRESHOLD
HK1	DLAT	ENSP00000494664	ENSP00000280346	0.414	True	False	141.7	10.0	True	True	BOTH_EXPRESSED
BBS2	NEK9	ENSP00000245157	ENSP00000238616	0.414	True	False	12.0	15.3	True	True	BOTH_EXPRESSED
IDH3G	THNSL2	ENSP00000217901	ENSP00000327323	0.414	True	False	22.7	6.8	True	True	BOTH_EXPRESSED
PRPF4	GFM1	ENSP00000363313	ENSP00000264263	0.414	True	False	12.1	42.9	True	True	BOTH_EXPRESSED
SNRNP200	TMPO	ENSP00000317123	ENSP00000266732	0.414	True	False	62.7	19.2	True	True	BOTH_EXPRESSED
SNRNP200	TRIM28	ENSP00000317123	ENSP00000253024	0.414	True	False	62.7	36.6	True	True	BOTH_EXPRESSED
MVK	SCD	ENSP00000228510	ENSP00000359380	0.414	True	False	3.2	16.6	True	True	BOTH_EXPRESSED
IDH3G	SCP2	ENSP00000217901	ENSP00000360569	0.414	True	False	22.7	70.9	True	True	BOTH_EXPRESSED
MVK	EIF2S3B	ENSP00000228510	ENSP00000323063	0.414	True	False	3.2	0.3	True	True	BOTH_EXPRESSED
MVK	RCE1	ENSP00000228510	ENSP00000309163	0.414	True	False	3.2	9.3	True	True	BOTH_EXPRESSED
DYNC2H1	WTIP	ENSP00000497174	ENSP00000466953	0.414	True	False	9.5	1.7	True	True	BOTH_EXPRESSED
COQ5	NDUFAF5	ENSP00000288532	ENSP00000367346	0.414	True	False	24.3	3.5	True	True	BOTH_EXPRESSED
BBS1	EHD1	ENSP00000317469	ENSP00000479153	0.414	True	False	19.9	2.8	True	True	BOTH_EXPRESSED
IDH3B	THNSL2	ENSP00000482773	ENSP00000327323	0.414	True	False	42.7	6.8	True	True	BOTH_EXPRESSED
CNGB1	KIF17	ENSP00000251102	ENSP00000247986	0.414	True	False	557.0	0.2	True	True	BOTH_EXPRESSED
PRPF3	RANGAP1	ENSP00000315379	ENSP00000401470	0.413	True	False	40.3	30.2	True	True	BOTH_EXPRESSED
RHO	OR51B2	ENSP00000296271	ENSP00000485407	0.413	True	False	3767.6	0.0	True	True	BELOW_THRESHOLD
CNGA1	RD3	ENSP00000384264	ENSP00000355969	0.413	True	False	244.8	43.8	True	True	BOTH_EXPRESSED
IFT172	RAB23	ENSP00000260570	ENSP00000417610	0.413	True	False	5.3	3.6	True	True	BOTH_EXPRESSED
CEP162	RIPPLY2	ENSP00000385215	ENSP00000358703	0.413	True	False	2.6	3.9	True	True	BOTH_EXPRESSED
BBS9	IFT52	ENSP00000242067	ENSP00000362121	0.413	True	False	20.3	14.0	True	True	BOTH_EXPRESSED
SAG	NPR1	ENSP00000386444	ENSP00000357669	0.413	True	False	1359.9	0.1	True	True	BOTH_EXPRESSED
PRPF6	PNN	ENSP00000266079	ENSP00000216832	0.413	True	False	33.8	70.4	True	True	BOTH_EXPRESSED
RHO	NPSR1	ENSP00000296271	ENSP00000370950	0.413	True	False	3767.6	0.0	True	True	BELOW_THRESHOLD
FAM161A	NPHP1	ENSP00000385158	ENSP00000313169	0.413	True	False	26.9	10.0	True	True	BOTH_EXPRESSED
DHX38	DDX59	ENSP00000268482	ENSP00000330460	0.413	True	False	12.3	16.1	True	True	BOTH_EXPRESSED
RLBP1	PDE6H	ENSP00000268125	ENSP00000266395	0.413	True	False	246.4	844.1	True	True	BOTH_EXPRESSED
SLC4A7	SLC12A3	ENSP00000390394	ENSP00000402152	0.413	True	False	67.5	0.0	True	True	BELOW_THRESHOLD
PRPF8	MATR3	ENSP00000460348	ENSP00000378284	0.413	True	False	76.4	207.2	True	True	BOTH_EXPRESSED
KIZ	NIN	ENSP00000479542	ENSP00000371472	0.413	True	False	18.7	16.7	True	True	BOTH_EXPRESSED
SLC4A7	RAB7A	ENSP00000390394	ENSP00000265062	0.413	True	False	67.5	96.2	True	True	BOTH_EXPRESSED
RDH12	CYB5R1	ENSP00000449079	ENSP00000356218	0.413	True	False	206.6	31.8	True	True	BOTH_EXPRESSED
HK1	ENO3	ENSP00000494664	ENSP00000324105	0.413	True	False	141.7	4.7	True	True	BOTH_EXPRESSED
POMGNT1	TRAPPC11	ENSP00000361060	ENSP00000335371	0.413	True	False	10.1	12.8	True	True	BOTH_EXPRESSED
GNAT1	RGS1	ENSP00000232461	ENSP00000356429	0.413	True	False	1040.7	24.6	True	True	BOTH_EXPRESSED
ARL2BP	ZNRF2	ENSP00000219204	ENSP00000323879	0.413	True	False	34.8	4.4	True	True	BOTH_EXPRESSED
CLN3	SPNS1	ENSP00000454229	ENSP00000309945	0.413	True	False	3.0	6.0	True	True	BOTH_EXPRESSED
BBS2	CCT4	ENSP00000245157	ENSP00000377958	0.413	True	False	12.0	52.6	True	True	BOTH_EXPRESSED
PRPH2	NXNL1	ENSP00000230381	ENSP00000305631	0.413	True	False	594.9	59.7	True	True	BOTH_EXPRESSED
PRPF4	PQBP1	ENSP00000363313	ENSP00000498362	0.413	True	False	12.1	25.2	True	True	BOTH_EXPRESSED
CERKL	ACER2	ENSP00000341159	ENSP00000342609	0.413	True	False	19.5	3.5	True	True	BOTH_EXPRESSED
IFT140	TRAPPC6B	ENSP00000406012	ENSP00000330289	0.413	True	False	5.9	22.8	True	True	BOTH_EXPRESSED
IFT140	ICK	ENSP00000406012	ENSP00000349458	0.413	True	False	5.9		True	False	UNKNOWN
CYP4V2	CYP1A2	ENSP00000368079	ENSP00000342007	0.413	True	False	13.1	0.4	True	True	BOTH_EXPRESSED
GUCY2D	NYX	ENSP00000254854	ENSP00000340328	0.413	True	False	31.7	0.4	True	True	BOTH_EXPRESSED
DHX38	ZC3H18	ENSP00000268482	ENSP00000416951	0.413	True	False	12.3	8.4	True	True	BOTH_EXPRESSED
INPP5E	RPGRIP1L	ENSP00000360777	ENSP00000493946	0.413	True	False	6.9	2.6	True	True	BOTH_EXPRESSED
COQ2	DPYD	ENSP00000310873	ENSP00000359211	0.413	True	False	3.7	3.0	True	True	BOTH_EXPRESSED
IFT140	IMPDH1	ENSP00000406012	ENSP00000345096	0.413	True	True	5.9	98.6	True	True	BOTH_EXPRESSED
BCOR	PHF6	ENSP00000367705	ENSP00000329097	0.413	True	False	13.1	10.8	True	True	BOTH_EXPRESSED
IDH3A	MTHFD1	ENSP00000299518	ENSP00000498336	0.413	True	False	23.8	1.5	True	True	BOTH_EXPRESSED
IDH3A	THNSL2	ENSP00000299518	ENSP00000327323	0.413	True	False	23.8	6.8	True	True	BOTH_EXPRESSED
IDH3A	SLC25A5	ENSP00000299518	ENSP00000360671	0.413	True	False	23.8	118.3	True	True	BOTH_EXPRESSED
MVK	AASDH	ENSP00000228510	ENSP00000205214	0.413	True	False	3.2	10.9	True	True	BOTH_EXPRESSED
GNAT1	RGS13	ENSP00000232461	ENSP00000442837	0.413	True	False	1040.7	0.0	True	True	BELOW_THRESHOLD
COQ2	TAT	ENSP00000310873	ENSP00000348234	0.413	True	False	3.7	0.6	True	True	BOTH_EXPRESSED
HK1	MAVS	ENSP00000494664	ENSP00000401980	0.412	True	False	141.7	7.5	True	True	BOTH_EXPRESSED
RHO	OR1G1	ENSP00000296271	ENSP00000331545	0.412	True	False	3767.6	0.0	True	True	BELOW_THRESHOLD
SAG	CRYBB2	ENSP00000386444	ENSP00000498905	0.412	True	False	1359.9	0.4	True	True	BOTH_EXPRESSED
CC2D2A	BBS7	ENSP00000403465	ENSP00000264499	0.412	True	False	78.4	52.4	True	True	BOTH_EXPRESSED
BBS2	C2CD3	ENSP00000245157	ENSP00000334379	0.412	True	False	12.0	7.7	True	True	BOTH_EXPRESSED
HK1	PGM5	ENSP00000494664	ENSP00000379678	0.412	True	False	141.7	7.5	True	True	BOTH_EXPRESSED
RPGR	ZMYND10	ENSP00000495537	ENSP00000231749	0.412	True	False	11.2	3.0	True	True	BOTH_EXPRESSED
ARHGEF18	ABR	ENSP00000482647	ENSP00000303909	0.412	True	False	4.6	1.0	True	True	BOTH_EXPRESSED
IMPDH1	TSPY10	ENSP00000345096	ENSP00000397151	0.412	True	False	98.6	0.0	True	True	BELOW_THRESHOLD
PRPF8	ABCF1	ENSP00000460348	ENSP00000313603	0.412	True	False	76.4	10.3	True	True	BOTH_EXPRESSED
RP1L1	TTLL5	ENSP00000371923	ENSP00000298832	0.412	True	False	41.0	22.2	True	True	BOTH_EXPRESSED
TULP1	CLTC	ENSP00000229771	ENSP00000479606	0.412	True	False	194.3	120.8	True	True	BOTH_EXPRESSED
PRPF31	PER2	ENSP00000324122	ENSP00000254657	0.412	True	False	7.6	4.8	True	True	BOTH_EXPRESSED
RP1L1	PDE6B	ENSP00000371923	ENSP00000420295	0.412	True	True	41.0	357.2	True	True	BOTH_EXPRESSED
IMPDH1	CCT7	ENSP00000345096	ENSP00000258091	0.412	True	False	98.6	76.7	True	True	BOTH_EXPRESSED
PDSS1	TNFSF13B	ENSP00000365388	ENSP00000365048	0.412	True	False	1.7	0.3	True	True	BOTH_EXPRESSED
IDH3B	HARS2	ENSP00000482773	ENSP00000494965	0.412	True	False	42.7	10.6	True	True	BOTH_EXPRESSED
CEP250	MLLT6	ENSP00000380661	ENSP00000479910	0.412	True	False	9.2	3.5	True	True	BOTH_EXPRESSED
CEP250	CEP120	ENSP00000380661	ENSP00000303058	0.412	True	False	9.2	10.7	True	True	BOTH_EXPRESSED
MAK	RP9	ENSP00000346484	ENSP00000297157	0.412	True	False	110.1	14.0	True	True	BOTH_EXPRESSED
CYP4V2	CYP3A4	ENSP00000368079	ENSP00000498939	0.412	True	False	13.1	0.3	True	True	BOTH_EXPRESSED
IFT140	AHI1	ENSP00000406012	ENSP00000265602	0.412	True	True	5.9	25.2	True	True	BOTH_EXPRESSED
IFT140	TCTN2	ENSP00000406012	ENSP00000304941	0.412	True	False	5.9	16.3	True	True	BOTH_EXPRESSED
CFAP20	CHID1	ENSP00000262498	ENSP00000398722	0.412	True	False	26.4	23.4	True	True	BOTH_EXPRESSED
RPE65	CYP4V2	ENSP00000262340	ENSP00000368079	0.412	True	True	7.8	13.1	True	True	BOTH_EXPRESSED
COQ2	COX8A	ENSP00000310873	ENSP00000321260	0.412	True	False	3.7	138.8	True	True	BOTH_EXPRESSED
BEST1	LGSN	ENSP00000399709	ENSP00000359691	0.412	True	False	6.2	0.1	True	True	BOTH_EXPRESSED
CYP4V2	CYP2F1	ENSP00000368079	ENSP00000333534	0.412	True	False	13.1	0.0	True	True	BELOW_THRESHOLD
PCARE	WHRN	ENSP00000332809	ENSP00000354623	0.412	True	False	26.4	20.0	True	True	BOTH_EXPRESSED
SCLT1	BORCS6	ENSP00000281142	ENSP00000373669	0.412	True	False	2.7	2.8	True	True	BOTH_EXPRESSED
MERTK	ITGAE	ENSP00000295408	ENSP00000263087	0.412	True	False	15.4	0.0	True	True	BELOW_THRESHOLD
RHO	SLC25A18	ENSP00000296271	ENSP00000329033	0.412	True	False	3767.6	1.7	True	True	BOTH_EXPRESSED
SAG	KCNJ5	ENSP00000386444	ENSP00000433295	0.412	True	False	1359.9	0.9	True	True	BOTH_EXPRESSED
PRPF3	RC3H2	ENSP00000315379	ENSP00000362774	0.412	True	False	40.3	14.8	True	True	BOTH_EXPRESSED
PRPF3	NOP58	ENSP00000315379	ENSP00000264279	0.412	True	False	40.3	26.0	True	True	BOTH_EXPRESSED
PRPF3	SRSF4	ENSP00000315379	ENSP00000362900	0.412	True	False	40.3	41.5	True	True	BOTH_EXPRESSED
IMPG2	KHDRBS2	ENSP00000193391	ENSP00000281156	0.412	True	False	282.9	3.7	True	True	BOTH_EXPRESSED
PRPF6	DDX50	ENSP00000266079	ENSP00000362687	0.411	True	False	33.8	21.6	True	True	BOTH_EXPRESSED
PRPF3	LRAT	ENSP00000315379	ENSP00000337224	0.411	True	True	40.3	0.9	True	True	BOTH_EXPRESSED
SAG	PDYN	ENSP00000386444	ENSP00000440185	0.411	True	False	1359.9	0.1	True	True	BOTH_EXPRESSED
SCLT1	PKHD1L1	ENSP00000281142	ENSP00000367655	0.411	True	False	2.7	0.0	True	True	BELOW_THRESHOLD
SCLT1	CC2D2A	ENSP00000281142	ENSP00000403465	0.411	True	True	2.7	78.4	True	True	BOTH_EXPRESSED
IDH3G	ATP6AP2	ENSP00000217901	ENSP00000490083	0.411	True	False	22.7	92.0	True	True	BOTH_EXPRESSED
ARL6	SF3B4	ENSP00000419619	ENSP00000271628	0.411	True	False	35.2	19.2	True	True	BOTH_EXPRESSED
DHX38	COPS5	ENSP00000268482	ENSP00000350512	0.411	True	False	12.3	36.8	True	True	BOTH_EXPRESSED
PDE6B	PDE6C	ENSP00000420295	ENSP00000360502	0.411	True	False	357.2	21.4	True	True	BOTH_EXPRESSED
RPE65	C8orf37	ENSP00000262340	ENSP00000286688	0.411	True	False	7.8		True	False	UNKNOWN
COQ2	ATP8A2	ENSP00000310873	ENSP00000371070	0.411	True	False	3.7	13.7	True	True	BOTH_EXPRESSED
BEST1	KCNJ13	ENSP00000399709	ENSP00000233826	0.411	True	False	6.2	12.7	True	True	BOTH_EXPRESSED
DYNC2H1	TTC26	ENSP00000497174	ENSP00000419279	0.411	True	False	9.5	4.3	True	True	BOTH_EXPRESSED
COQ8B	PPTC7	ENSP00000315118	ENSP00000346255	0.411	True	False	1.2	14.5	True	True	BOTH_EXPRESSED
KIAA1549	KLHDC7A	ENSP00000416040	ENSP00000383505	0.411	True	False	5.3	0.0	True	True	BELOW_THRESHOLD
CFAP410	RAX2	ENSP00000381047	ENSP00000450456	0.411	True	True	9.2	59.9	True	True	BOTH_EXPRESSED
CC2D2A	C8orf37	ENSP00000403465	ENSP00000286688	0.411	True	False	78.4		True	False	UNKNOWN
IFT172	RFX3	ENSP00000260570	ENSP00000371434	0.411	True	False	5.3	8.3	True	True	BOTH_EXPRESSED
PRPF31	PRPF39	ENSP00000324122	ENSP00000348010	0.411	True	False	7.6	1.9	True	True	BOTH_EXPRESSED
SLC4A7	VAMP3	ENSP00000390394	ENSP00000054666	0.411	True	False	67.5	24.2	True	True	BOTH_EXPRESSED
CLN3	CYC1	ENSP00000454229	ENSP00000317159	0.411	True	False	3.0	39.0	True	True	BOTH_EXPRESSED
CYP4V2	HBD	ENSP00000368079	ENSP00000494708	0.411	True	False	13.1	0.1	True	True	BOTH_EXPRESSED
IDH3A	ESRRA	ENSP00000299518	ENSP00000384851	0.411	True	False	23.8	4.8	True	True	BOTH_EXPRESSED
CNGB1	OPN1LW	ENSP00000251102	ENSP00000358967	0.411	True	False	557.0	237.8	True	True	BOTH_EXPRESSED
PRPF4	CRNKL1	ENSP00000363313	ENSP00000366557	0.411	True	False	12.1	9.1	True	True	BOTH_EXPRESSED
SNRNP200	POLR2A	ENSP00000317123	ENSP00000461879	0.411	True	False	62.7	0.2	True	True	BOTH_EXPRESSED
SNRNP200	DDX54	ENSP00000317123	ENSP00000323858	0.411	True	False	62.7	6.8	True	True	BOTH_EXPRESSED
CEP250	ZNF891	ENSP00000380661	ENSP00000437590	0.411	True	False	9.2	4.4	True	True	BOTH_EXPRESSED
SLC4A7	PAK2	ENSP00000390394	ENSP00000314067	0.411	True	False	67.5	16.2	True	True	BOTH_EXPRESSED
SLC4A7	GIT1	ENSP00000390394	ENSP00000378338	0.411	True	False	67.5	11.2	True	True	BOTH_EXPRESSED
SLC4A7	FAM91A1	ENSP00000390394	ENSP00000335082	0.411	True	False	67.5	10.8	True	True	BOTH_EXPRESSED
SLC4A7	OSBPL11	ENSP00000390394	ENSP00000296220	0.411	True	False	67.5	5.6	True	True	BOTH_EXPRESSED
IMPG1	OR51F1	ENSP00000358966	ENSP00000369744	0.411	True	False	621.3	0.0	True	True	BELOW_THRESHOLD
IDH3A	PRPS2	ENSP00000299518	ENSP00000381504	0.411	True	False	23.8	1.2	True	True	BOTH_EXPRESSED
SCLT1	IFT57	ENSP00000281142	ENSP00000264538	0.411	True	False	2.7	22.2	True	True	BOTH_EXPRESSED
NR2E3	GLUL	ENSP00000482504	ENSP00000307900	0.411	True	False	121.9	826.3	True	True	BOTH_EXPRESSED
KIAA1549	H3-3B	ENSP00000416040	ENSP00000254810	0.411	True	False	5.3	278.0	True	True	BOTH_EXPRESSED
RPGR	NPHP3	ENSP00000495537	ENSP00000338766	0.411	True	False	11.2	2.9	True	True	BOTH_EXPRESSED
NRL	NFIL3	ENSP00000454062	ENSP00000297689	0.411	True	False	294.2	31.1	True	True	BOTH_EXPRESSED
USH2A	TRNT1	ENSP00000305941	ENSP00000251607	0.411	True	False	17.8	14.3	True	True	BOTH_EXPRESSED
BBS9	RABGAP1	ENSP00000242067	ENSP00000362751	0.411	True	False	20.3	23.1	True	True	BOTH_EXPRESSED
RPGR	CFAP298	ENSP00000495537	ENSP00000290155	0.411	True	False	11.2	25.6	True	True	BOTH_EXPRESSED
IMPDH1	FBLL1	ENSP00000345096	ENSP00000473383	0.411	True	False	98.6	1.3	True	True	BOTH_EXPRESSED
PRPF8	MBNL1	ENSP00000460348	ENSP00000282486	0.411	True	False	76.4	16.3	True	True	BOTH_EXPRESSED
PRPF8	CHD3	ENSP00000460348	ENSP00000369716	0.411	True	False	76.4	16.7	True	True	BOTH_EXPRESSED
NRL	CEBPE	ENSP00000454062	ENSP00000206513	0.411	True	False	294.2	0.0	True	True	BELOW_THRESHOLD
RP1L1	CLRN1	ENSP00000371923	ENSP00000329158	0.41	True	True	41.0	11.8	True	True	BOTH_EXPRESSED
HK1	GPX4	ENSP00000494664	ENSP00000346103	0.41	True	False	141.7	155.5	True	True	BOTH_EXPRESSED
HK1	ACTB	ENSP00000494664	ENSP00000494750	0.41	True	False	141.7	452.4	True	True	BOTH_EXPRESSED
MVK	ACSS2	ENSP00000228510	ENSP00000253382	0.41	True	False	3.2	4.9	True	True	BOTH_EXPRESSED
FLVCR1	HJV	ENSP00000355938	ENSP00000337014	0.41	True	False	6.3	0.0	True	True	BELOW_THRESHOLD
SAG	ADRB3	ENSP00000386444	ENSP00000343782	0.41	True	False	1359.9	0.0	True	True	BELOW_THRESHOLD
PRPF6	RPL7A	ENSP00000266079	ENSP00000361076	0.41	True	False	33.8	220.1	True	True	BOTH_EXPRESSED
RHO	RAB6A	ENSP00000296271	ENSP00000311449	0.41	True	False	3767.6	51.9	True	True	BOTH_EXPRESSED
PRPF6	HNRNPC	ENSP00000266079	ENSP00000451291	0.41	True	False	33.8	382.1	True	True	BOTH_EXPRESSED
DYNC2H1	NPHP3	ENSP00000497174	ENSP00000338766	0.41	True	False	9.5	2.9	True	True	BOTH_EXPRESSED
RP1L1	TTLL10	ENSP00000371923	ENSP00000368592	0.41	True	False	41.0	0.0	True	True	BELOW_THRESHOLD
MERTK	LYVE1	ENSP00000295408	ENSP00000256178	0.41	True	False	15.4	0.3	True	True	BOTH_EXPRESSED
AHI1	FAM111A	ENSP00000265602	ENSP00000434435	0.41	True	False	25.2	8.5	True	True	BOTH_EXPRESSED
COQ8B	ALG1	ENSP00000315118	ENSP00000262374	0.41	True	False	1.2	4.7	True	True	BOTH_EXPRESSED
MAK	PRPH2	ENSP00000346484	ENSP00000230381	0.41	True	True	110.1	594.9	True	True	BOTH_EXPRESSED
AHI1	KLK8	ENSP00000265602	ENSP00000375682	0.41	True	False	25.2	0.0	True	True	BELOW_THRESHOLD
GUCY2D	RP9	ENSP00000254854	ENSP00000297157	0.41	True	False	31.7	14.0	True	True	BOTH_EXPRESSED
AHI1	LZTFL1	ENSP00000265602	ENSP00000296135	0.41	True	False	25.2	2.0	True	True	BOTH_EXPRESSED
SCLT1	CLTCL1	ENSP00000281142	ENSP00000441158	0.41	True	False	2.7	1.9	True	True	BOTH_EXPRESSED
HK1	ACLY	ENSP00000494664	ENSP00000466259	0.41	True	False	141.7	21.5	True	True	BOTH_EXPRESSED
ZNF408	EIF6	ENSP00000309606	ENSP00000363559	0.41	True	False	1.2	20.1	True	True	BOTH_EXPRESSED
ZNF408	SAMD11	ENSP00000309606	ENSP00000342313	0.41	True	False	1.2	22.8	True	True	BOTH_EXPRESSED
IDH3B	UQCRQ	ENSP00000482773	ENSP00000367939	0.41	True	False	42.7	173.6	True	True	BOTH_EXPRESSED
IDH3A	GLO1	ENSP00000299518	ENSP00000362463	0.41	True	False	23.8	92.9	True	True	BOTH_EXPRESSED
IFT140	PKD1	ENSP00000406012	ENSP00000262304	0.41	True	False	5.9	6.3	True	True	BOTH_EXPRESSED
RAX2	OR11H1	ENSP00000450456	ENSP00000252835	0.41	True	False	59.9	0.0	True	True	BELOW_THRESHOLD
PRPF31	CPA6	ENSP00000324122	ENSP00000297770	0.41	True	False	7.6	2.1	True	True	BOTH_EXPRESSED
TOPORS	ZNF451	ENSP00000353735	ENSP00000359740	0.41	True	False	10.6	15.9	True	True	BOTH_EXPRESSED
TOPORS	SETX	ENSP00000353735	ENSP00000224140	0.41	True	False	10.6	12.3	True	True	BOTH_EXPRESSED
TOPORS	MX1	ENSP00000353735	ENSP00000381601	0.41	True	False	10.6	3.5	True	True	BOTH_EXPRESSED
DHDDS	PMM2	ENSP00000353104	ENSP00000268261	0.41	True	False	30.3	1.3	True	True	BOTH_EXPRESSED
KLHL7	IL4	ENSP00000343273	ENSP00000231449	0.41	True	False	13.9	0.5	True	True	BOTH_EXPRESSED
SLC4A7	STOM	ENSP00000390394	ENSP00000286713	0.41	True	False	67.5	13.9	True	True	BOTH_EXPRESSED
SLC4A7	IQGAP3	ENSP00000390394	ENSP00000354451	0.41	True	False	67.5	0.0	True	True	BELOW_THRESHOLD
TULP1	CNGA3	ENSP00000229771	ENSP00000272602	0.41	True	False	194.3	5.4	True	True	BOTH_EXPRESSED
GNAT1	DNAJB4	ENSP00000232461	ENSP00000359799	0.41	True	False	1040.7	13.9	True	True	BOTH_EXPRESSED
RPGR	ARMC4	ENSP00000495537	ENSP00000306410	0.41	True	False	11.2		True	False	UNKNOWN
IMPDH1	RPS3	ENSP00000345096	ENSP00000278572	0.41	True	False	98.6	326.7	True	True	BOTH_EXPRESSED
PRPF8	ZUP1	ENSP00000460348	ENSP00000357565	0.41	True	False	76.4	5.6	True	True	BOTH_EXPRESSED
IFT140	PKDCC	ENSP00000406012	ENSP00000294964	0.41	True	False	5.9	4.9	True	True	BOTH_EXPRESSED
CREB3	FOXP2	ENSP00000342136	ENSP00000386200	0.41	True	False	21.7	3.1	True	True	BOTH_EXPRESSED
CREB3	CIB2	ENSP00000342136	ENSP00000258930	0.41	True	False	21.7	4.7	True	True	BOTH_EXPRESSED
TTC8	LCA5	ENSP00000482306	ENSP00000376686	0.41	True	False	34.7	12.7	True	True	BOTH_EXPRESSED
SLC24A1	SLC9C1	ENSP00000261892	ENSP00000306627	0.41	True	False	179.2	0.0	True	True	BELOW_THRESHOLD
SLC37A3	SLC20A1	ENSP00000321498	ENSP00000272542	0.41	True	False	10.4	48.5	True	True	BOTH_EXPRESSED
IFT172	ALMS1	ENSP00000260570	ENSP00000482968	0.41	True	False	5.3	8.1	True	True	BOTH_EXPRESSED
RBP3	XRCC5	ENSP00000463151	ENSP00000375978	0.41	True	False	504.0	94.5	True	True	BOTH_EXPRESSED
USH2A	DNAH9	ENSP00000305941	ENSP00000262442	0.41	True	False	17.8	6.1	True	True	BOTH_EXPRESSED
USH2A	ABHD12	ENSP00000305941	ENSP00000365725	0.41	True	False	17.8	28.2	True	True	BOTH_EXPRESSED
RBP3	IL10	ENSP00000463151	ENSP00000412237	0.41	True	False	504.0	0.0	True	True	BELOW_THRESHOLD
SCLT1	BBS4	ENSP00000281142	ENSP00000268057	0.409	True	False	2.7	42.0	True	True	BOTH_EXPRESSED
AGBL5	ARMC2	ENSP00000353249	ENSP00000376417	0.409	True	False	15.1	24.7	True	True	BOTH_EXPRESSED
IDH3A	LONP1	ENSP00000299518	ENSP00000353826	0.409	True	False	23.8	12.1	True	True	BOTH_EXPRESSED
IFT140	CCDC36	ENSP00000406012	ENSP00000391788	0.409	True	False	5.9		True	False	UNKNOWN
SLC4A7	AKAP12	ENSP00000390394	ENSP00000384537	0.409	True	False	67.5	101.4	True	True	BOTH_EXPRESSED
SLC4A7	SNAP23	ENSP00000390394	ENSP00000249647	0.409	True	False	67.5	11.8	True	True	BOTH_EXPRESSED
CEP162	CYB5R4	ENSP00000385215	ENSP00000358695	0.409	True	False	2.6	4.9	True	True	BOTH_EXPRESSED
RHO	EDEM1	ENSP00000296271	ENSP00000256497	0.409	True	False	3767.6	5.1	True	True	BOTH_EXPRESSED
CEP162	SEPTIN2	ENSP00000385215	ENSP00000479861	0.409	True	False	2.6	105.6	True	True	BOTH_EXPRESSED
CEP162	BBS4	ENSP00000385215	ENSP00000268057	0.409	True	False	2.6	42.0	True	True	BOTH_EXPRESSED
EYS	OFD1	ENSP00000359655	ENSP00000344314	0.409	True	True	23.1	2.3	True	True	BOTH_EXPRESSED
SNRNP200	KHSRP	ENSP00000317123	ENSP00000381216	0.409	True	False	62.7	37.8	True	True	BOTH_EXPRESSED
NRL	OPN5	ENSP00000454062	ENSP00000360255	0.409	True	False	294.2	0.0	True	True	BELOW_THRESHOLD
IDH3B	SDSL	ENSP00000482773	ENSP00000341117	0.409	True	False	42.7	2.2	True	True	BOTH_EXPRESSED
IDH3B	ACSS1	ENSP00000482773	ENSP00000316924	0.409	True	False	42.7	3.7	True	True	BOTH_EXPRESSED
NR2E3	SAMD11	ENSP00000482504	ENSP00000342313	0.409	True	False	121.9	22.8	True	True	BOTH_EXPRESSED
EYS	DSG4	ENSP00000359655	ENSP00000352785	0.409	True	False	23.1	0.0	True	True	BELOW_THRESHOLD
CEP162	RTTN	ENSP00000385215	ENSP00000491507	0.409	True	False	2.6	3.8	True	True	BOTH_EXPRESSED
RBP3	ARMS2	ENSP00000463151	ENSP00000436682	0.409	True	False	504.0	0.5	True	True	BOTH_EXPRESSED
CNGB1	SCN5A	ENSP00000251102	ENSP00000328968	0.409	True	False	557.0	1.9	True	True	BOTH_EXPRESSED
ARL2BP	CFAP43	ENSP00000219204	ENSP00000349568	0.409	True	False	34.8	9.9	True	True	BOTH_EXPRESSED
SAG	TRNAU1AP	ENSP00000386444	ENSP00000362936	0.409	True	False	1359.9	6.7	True	True	BOTH_EXPRESSED
TOPORS	SUMO4	ENSP00000353735	ENSP00000318635	0.409	True	False	10.6	0.6	True	True	BOTH_EXPRESSED
MVK	HSD3B7	ENSP00000228510	ENSP00000297679	0.409	True	False	3.2	1.4	True	True	BOTH_EXPRESSED
AHI1	KIF2A	ENSP00000265602	ENSP00000385000	0.409	True	False	25.2	39.6	True	True	BOTH_EXPRESSED
PRPF8	MYBBP1A	ENSP00000460348	ENSP00000370968	0.409	True	False	76.4	3.6	True	True	BOTH_EXPRESSED
PRPF8	ZC3H18	ENSP00000460348	ENSP00000416951	0.409	True	False	76.4	8.4	True	True	BOTH_EXPRESSED
COQ2	ATP5MC1	ENSP00000310873	ENSP00000377033	0.409	True	False	3.7	108.4	True	True	BOTH_EXPRESSED
IMPDH1	DCK	ENSP00000345096	ENSP00000286648	0.409	True	False	98.6	15.8	True	True	BOTH_EXPRESSED
BBS1	KLHL40	ENSP00000317469	ENSP00000287777	0.409	True	False	19.9	0.1	True	True	BOTH_EXPRESSED
COQ5	CLPX	ENSP00000288532	ENSP00000300107	0.409	True	False	24.3	9.2	True	True	BOTH_EXPRESSED
CREB3	PTGS2	ENSP00000342136	ENSP00000356438	0.409	True	False	21.7	0.2	True	True	BOTH_EXPRESSED
SNRNP200	UTP6	ENSP00000317123	ENSP00000261708	0.409	True	False	62.7	9.4	True	True	BOTH_EXPRESSED
PRCD	RAB24	ENSP00000467661	ENSP00000304376	0.409	True	False	44.6	10.8	True	True	BOTH_EXPRESSED
OFD1	TUB	ENSP00000344314	ENSP00000305426	0.409	True	False	2.3	76.5	True	True	BOTH_EXPRESSED
PDE6B	RPGRIP1L	ENSP00000420295	ENSP00000493946	0.409	True	False	357.2	2.6	True	True	BOTH_EXPRESSED
RP1L1	KMT2D	ENSP00000371923	ENSP00000301067	0.409	True	False	41.0	31.2	True	True	BOTH_EXPRESSED
SLC4A7	WAS	ENSP00000390394	ENSP00000365891	0.409	True	False	67.5	0.5	True	True	BOTH_EXPRESSED
SLC4A7	UACA	ENSP00000390394	ENSP00000314556	0.409	True	False	67.5	11.0	True	True	BOTH_EXPRESSED
SLC4A7	DIAPH3	ENSP00000390394	ENSP00000383178	0.409	True	False	67.5	0.0	True	True	BELOW_THRESHOLD
RPGR	LOXL1	ENSP00000495537	ENSP00000261921	0.409	True	False	11.2	0.0	True	True	BELOW_THRESHOLD
DHX38	EIF4B	ENSP00000268482	ENSP00000388806	0.409	True	False	12.3	106.1	True	True	BOTH_EXPRESSED
TTC8	RPGRIP1	ENSP00000482306	ENSP00000382895	0.409	True	False	34.7	171.2	True	True	BOTH_EXPRESSED
OFD1	PAFAH1B1	ENSP00000344314	ENSP00000380378	0.409	True	False	2.3	44.1	True	True	BOTH_EXPRESSED
BCOR	ZC3H7B	ENSP00000367705	ENSP00000345793	0.409	True	False	13.1	16.6	True	True	BOTH_EXPRESSED
PRPF3	HNRNPL	ENSP00000315379	ENSP00000221419	0.409	True	False	40.3	50.1	True	True	BOTH_EXPRESSED
PRPF3	DPH5	ENSP00000315379	ENSP00000359127	0.409	True	False	40.3	5.8	True	True	BOTH_EXPRESSED
PDE6A	GNAT3	ENSP00000255266	ENSP00000381339	0.409	True	False	1001.0	0.0	True	True	BELOW_THRESHOLD
PRPF6	RBM17	ENSP00000266079	ENSP00000388638	0.409	True	False	33.8	38.6	True	True	BOTH_EXPRESSED
KIAA1549	CAMK2G	ENSP00000416040	ENSP00000319060	0.408	True	False	5.3	38.1	True	True	BOTH_EXPRESSED
RHO	CLUL1	ENSP00000296271	ENSP00000441726	0.408	True	False	3767.6	275.9	True	True	BOTH_EXPRESSED
EYS	ACP4	ENSP00000359655	ENSP00000270593	0.408	True	False	23.1	0.0	True	True	BELOW_THRESHOLD
NRL	MAFB	ENSP00000454062	ENSP00000362410	0.408	True	False	294.2	0.6	True	True	BOTH_EXPRESSED
CFAP410	RAB28	ENSP00000381047	ENSP00000328551	0.408	True	False	9.2	51.3	True	True	BOTH_EXPRESSED
PDE6G	GUCA1A	ENSP00000328412	ENSP00000053469	0.408	True	True	1904.6	703.2	True	True	BOTH_EXPRESSED
NRL	NR2C1	ENSP00000454062	ENSP00000333275	0.408	True	False	294.2	14.5	True	True	BOTH_EXPRESSED
USH2A	ADAMTS18	ENSP00000305941	ENSP00000282849	0.408	True	False	17.8	1.8	True	True	BOTH_EXPRESSED
SLC4A7	MCAM	ENSP00000390394	ENSP00000264036	0.408	True	False	67.5	11.3	True	True	BOTH_EXPRESSED
SLC4A7	GIT2	ENSP00000390394	ENSP00000347464	0.408	True	False	67.5	8.5	True	True	BOTH_EXPRESSED
SLC4A7	DIAPH1	ENSP00000390394	ENSP00000373706	0.408	True	False	67.5	26.5	True	True	BOTH_EXPRESSED
RPGR	CCDC151	ENSP00000495537	ENSP00000348757	0.408	True	False	11.2		True	False	UNKNOWN
IDH3A	VDAC1	ENSP00000299518	ENSP00000378487	0.408	True	False	23.8	292.7	True	True	BOTH_EXPRESSED
DHX38	SNX27	ENSP00000268482	ENSP00000400333	0.408	True	False	12.3	14.6	True	True	BOTH_EXPRESSED
MERTK	ANXA2	ENSP00000295408	ENSP00000346032	0.408	True	False	15.4	27.9	True	True	BOTH_EXPRESSED
BBS9	B9D1	ENSP00000242067	ENSP00000261499	0.408	True	False	20.3	20.2	True	True	BOTH_EXPRESSED
TULP1	FYN	ENSP00000229771	ENSP00000346671	0.408	True	False	194.3	25.2	True	True	BOTH_EXPRESSED
CYP4V2	UTP25	ENSP00000368079	ENSP00000419005	0.408	True	False	13.1	2.2	True	True	BOTH_EXPRESSED
PDE6B	HNRNPU	ENSP00000420295	ENSP00000491215	0.408	True	False	357.2	118.0	True	True	BOTH_EXPRESSED
SNRNP200	SRPK2	ENSP00000317123	ENSP00000377262	0.408	True	False	62.7	21.1	True	True	BOTH_EXPRESSED
SNRNP200	CPSF6	ENSP00000317123	ENSP00000266679	0.408	True	False	62.7	40.4	True	True	BOTH_EXPRESSED
IDH3A	EPRS1	ENSP00000299518	ENSP00000355890	0.408	True	False	23.8	40.5	True	True	BOTH_EXPRESSED
IDH3A	PRDX3	ENSP00000299518	ENSP00000298510	0.408	True	False	23.8	48.6	True	True	BOTH_EXPRESSED
RDH12	RGS9BP	ENSP00000449079	ENSP00000334134	0.408	True	False	206.6	16.1	True	True	BOTH_EXPRESSED
BCOR	HDAC4	ENSP00000367705	ENSP00000264606	0.408	True	False	13.1	0.8	True	True	BOTH_EXPRESSED
DHX38	NUP35	ENSP00000268482	ENSP00000295119	0.408	True	False	12.3	8.3	True	True	BOTH_EXPRESSED
PRPF6	MRPL44	ENSP00000266079	ENSP00000258383	0.408	True	False	33.8	9.3	True	True	BOTH_EXPRESSED
POMGNT1	B3GAT3	ENSP00000361060	ENSP00000265471	0.408	True	False	10.1	15.0	True	True	BOTH_EXPRESSED
OFD1	KIF3B	ENSP00000344314	ENSP00000364864	0.408	True	False	2.3	28.6	True	True	BOTH_EXPRESSED
IMPDH1	HDAC8	ENSP00000345096	ENSP00000362674	0.408	True	False	98.6	15.1	True	True	BOTH_EXPRESSED
COQ2	HSCB	ENSP00000310873	ENSP00000216027	0.408	True	False	3.7	0.9	True	True	BOTH_EXPRESSED
LRAT	ISX	ENSP00000337224	ENSP00000311492	0.408	True	False	0.9	0.0	True	True	BELOW_THRESHOLD
PRPF8	BOP1	ENSP00000460348	ENSP00000455106	0.408	True	False	76.4	1.0	True	True	BOTH_EXPRESSED
AIPL1	CRYBA1	ENSP00000370521	ENSP00000225387	0.408	True	False	775.1	0.2	True	True	BOTH_EXPRESSED
RCBTB1	RCC1	ENSP00000367552	ENSP00000497402	0.408	True	False	45.9	5.7	True	True	BOTH_EXPRESSED
CFAP20	CEP41	ENSP00000262498	ENSP00000223208	0.408	True	False	26.4	7.2	True	True	BOTH_EXPRESSED
CYP4V2	CYP2S1	ENSP00000368079	ENSP00000308032	0.408	True	False	13.1	0.2	True	True	BOTH_EXPRESSED
CC2D2A	IFT20	ENSP00000403465	ENSP00000464443	0.408	True	False	78.4	24.7	True	True	BOTH_EXPRESSED
CLN3	IRAK1	ENSP00000454229	ENSP00000358997	0.408	True	False	3.0	2.8	True	True	BOTH_EXPRESSED
RPE65	PSMD13	ENSP00000262340	ENSP00000396937	0.408	True	False	7.8	28.5	True	True	BOTH_EXPRESSED
COQ5	DRAXIN	ENSP00000288532	ENSP00000294485	0.408	True	False	24.3	0.1	True	True	BOTH_EXPRESSED
RPE65	CNTF	ENSP00000262340	ENSP00000355370	0.408	True	False	7.8	0.7	True	True	BOTH_EXPRESSED
BEST1	MAB21L2	ENSP00000399709	ENSP00000324701	0.408	True	False	6.2	6.8	True	True	BOTH_EXPRESSED
RLBP1	CALB2	ENSP00000268125	ENSP00000307508	0.408	True	False	246.4	21.9	True	True	BOTH_EXPRESSED
PDE6A	IDUA	ENSP00000255266	ENSP00000247933	0.408	True	False	1001.0	1.7	True	True	BOTH_EXPRESSED
CREB3	OS9	ENSP00000342136	ENSP00000318165	0.408	True	False	21.7	75.1	True	True	BOTH_EXPRESSED
IFT140	KCNG3	ENSP00000406012	ENSP00000304127	0.407	True	False	5.9	0.2	True	True	BOTH_EXPRESSED
RHO	OXT	ENSP00000296271	ENSP00000217386	0.407	True	False	3767.6	0.0	True	True	BELOW_THRESHOLD
RHO	CDHR1	ENSP00000296271	ENSP00000485478	0.407	True	True	3767.6	291.2	True	True	BOTH_EXPRESSED
ARL3	LYRM7	ENSP00000260746	ENSP00000368688	0.407	True	False	89.3	8.2	True	True	BOTH_EXPRESSED
IDH3A	CLPX	ENSP00000299518	ENSP00000300107	0.407	True	False	23.8	9.2	True	True	BOTH_EXPRESSED
RDH12	REEP6	ENSP00000449079	ENSP00000233596	0.407	True	True	206.6	87.4	True	True	BOTH_EXPRESSED
CYP4V2	ROM1	ENSP00000368079	ENSP00000278833	0.407	True	False	13.1	1101.4	True	True	BOTH_EXPRESSED
PRPF3	NCBP3	ENSP00000315379	ENSP00000373657	0.407	True	False	40.3	9.6	True	True	BOTH_EXPRESSED
DHX38	PES1	ENSP00000268482	ENSP00000346725	0.407	True	False	12.3	8.5	True	True	BOTH_EXPRESSED
FAM161A	LRAT	ENSP00000385158	ENSP00000337224	0.407	True	True	26.9	0.9	True	True	BOTH_EXPRESSED
OFD1	OGFOD1	ENSP00000344314	ENSP00000457258	0.407	True	False	2.3	9.1	True	True	BOTH_EXPRESSED
OFD1	AURKA	ENSP00000344314	ENSP00000216911	0.407	True	False	2.3	2.8	True	True	BOTH_EXPRESSED
DHX38	NUP210	ENSP00000268482	ENSP00000254508	0.407	True	False	12.3	1.8	True	True	BOTH_EXPRESSED
IFT172	CTNNB1	ENSP00000260570	ENSP00000495360	0.407	True	False	5.3	82.3	True	True	BOTH_EXPRESSED
SNRNP200	RPL5	ENSP00000317123	ENSP00000359345	0.407	True	False	62.7	321.1	True	True	BOTH_EXPRESSED
TULP1	CNGB3	ENSP00000229771	ENSP00000316605	0.407	True	False	194.3	11.6	True	True	BOTH_EXPRESSED
C19orf44	CDC42EP3	ENSP00000221671	ENSP00000480549	0.407	True	False	3.4	14.3	True	True	BOTH_EXPRESSED
AIPL1	RAB28	ENSP00000370521	ENSP00000328551	0.407	True	False	775.1	51.3	True	True	BOTH_EXPRESSED
CDHR1	LCA5	ENSP00000485478	ENSP00000376686	0.407	True	False	291.2	12.7	True	True	BOTH_EXPRESSED
CEP250	TNKS2	ENSP00000380661	ENSP00000360689	0.407	True	False	9.2	28.9	True	True	BOTH_EXPRESSED
SLC4A7	LCK	ENSP00000390394	ENSP00000477713	0.407	True	False	67.5	0.0	True	True	BELOW_THRESHOLD
SLC4A7	SLC26A1	ENSP00000390394	ENSP00000354721	0.407	True	False	67.5	0.6	True	True	BOTH_EXPRESSED
CRX	DTHD1	ENSP00000221996	ENSP00000401597	0.407	True	False	202.2	0.0	True	True	BELOW_THRESHOLD
SLC4A7	SOWAHC	ENSP00000390394	ENSP00000365830	0.407	True	False	67.5	5.1	True	True	BOTH_EXPRESSED
NR2E3	RDH5	ENSP00000482504	ENSP00000257895	0.407	True	False	121.9	3.0	True	True	BOTH_EXPRESSED
IMPDH1	H6PD	ENSP00000345096	ENSP00000473348	0.407	True	False	98.6	3.9	True	True	BOTH_EXPRESSED
CDHR1	CACNA1F	ENSP00000485478	ENSP00000365441	0.407	True	False	291.2	116.2	True	True	BOTH_EXPRESSED
IDH3B	COX5A	ENSP00000482773	ENSP00000317780	0.407	True	False	42.7	179.7	True	True	BOTH_EXPRESSED
PDSS1	TIMM8A	ENSP00000365388	ENSP00000361993	0.407	True	False	1.7	4.6	True	True	BOTH_EXPRESSED
KIZ	STARD9	ENSP00000479542	ENSP00000290607	0.407	True	False	18.7	12.0	True	True	BOTH_EXPRESSED
KIZ	PALM3	ENSP00000479542	ENSP00000344996	0.407	True	False	18.7	0.5	True	True	BOTH_EXPRESSED
BBS9	PRPF39	ENSP00000242067	ENSP00000348010	0.407	True	False	20.3	1.9	True	True	BOTH_EXPRESSED
BBS9	B9D2	ENSP00000242067	ENSP00000243578	0.407	True	False	20.3	1.1	True	True	BOTH_EXPRESSED
PRPF6	CNGB1	ENSP00000266079	ENSP00000251102	0.407	True	True	33.8	557.0	True	True	BOTH_EXPRESSED
RBP3	RAG1	ENSP00000463151	ENSP00000299440	0.407	True	False	504.0	0.6	True	True	BOTH_EXPRESSED
BBS9	RHBDD3	ENSP00000242067	ENSP00000216085	0.407	True	False	20.3	0.9	True	True	BOTH_EXPRESSED
CERKL	SIRT1	ENSP00000341159	ENSP00000212015	0.407	True	False	19.5	12.5	True	True	BOTH_EXPRESSED
PRPF8	HSPA4	ENSP00000460348	ENSP00000302961	0.407	True	False	76.4	85.1	True	True	BOTH_EXPRESSED
CEP250	LRMDA	ENSP00000380661	ENSP00000480240	0.407	True	False	9.2	2.2	True	True	BOTH_EXPRESSED
IDH3G	ETFB	ENSP00000217901	ENSP00000346173	0.407	True	False	22.7	22.4	True	True	BOTH_EXPRESSED
TOPORS	RPGRIP1L	ENSP00000353735	ENSP00000493946	0.407	True	False	10.6	2.6	True	True	BOTH_EXPRESSED
SAG	RRH	ENSP00000386444	ENSP00000314992	0.407	True	False	1359.9	70.0	True	True	BOTH_EXPRESSED
MERTK	TLR2	ENSP00000295408	ENSP00000260010	0.407	True	False	15.4	1.4	True	True	BOTH_EXPRESSED
SLC7A14	SLC35C1	ENSP00000231706	ENSP00000313318	0.407	True	False	5.7	1.5	True	True	BOTH_EXPRESSED
IDH3A	PSMC5	ENSP00000299518	ENSP00000310572	0.407	True	False	23.8	74.6	True	True	BOTH_EXPRESSED
IMPG1	IDUA	ENSP00000358966	ENSP00000247933	0.407	True	False	621.3	1.7	True	True	BOTH_EXPRESSED
COQ2	ARHGAP24	ENSP00000310873	ENSP00000378611	0.407	True	False	3.7	7.8	True	True	BOTH_EXPRESSED
IFT140	GLI3	ENSP00000406012	ENSP00000379258	0.406	True	False	5.9	1.7	True	True	BOTH_EXPRESSED
SLC4A7	BAIAP2L1	ENSP00000390394	ENSP00000005260	0.406	True	False	67.5	0.5	True	True	BOTH_EXPRESSED
SLC37A3	PCDH9	ENSP00000321498	ENSP00000367096	0.406	True	False	10.4	8.7	True	True	BOTH_EXPRESSED
CDHR1	DCT	ENSP00000485478	ENSP00000392762	0.406	True	False	291.2	0.8	True	True	BOTH_EXPRESSED
OFD1	TULP3	ENSP00000344314	ENSP00000380321	0.406	True	False	2.3	11.7	True	True	BOTH_EXPRESSED
PDE6G	GUCA1A-2	ENSP00000328412	ENSP00000362049	0.406	True	False	1904.6		True	False	UNKNOWN
SLC4A7	ARHGAP39	ENSP00000390394	ENSP00000366522	0.406	True	False	67.5	2.9	True	True	BOTH_EXPRESSED
CRX	SORBS1	ENSP00000221996	ENSP00000360293	0.406	True	False	202.2	36.2	True	True	BOTH_EXPRESSED
CRX	SAMD7	ENSP00000221996	ENSP00000391299	0.406	True	False	202.2	124.2	True	True	BOTH_EXPRESSED
RHO	ARL3	ENSP00000296271	ENSP00000260746	0.406	True	True	3767.6	89.3	True	True	BOTH_EXPRESSED
RHO	OR2M4	ENSP00000296271	ENSP00000492992	0.406	True	False	3767.6	0.6	True	True	BOTH_EXPRESSED
RHO	KLHL7	ENSP00000296271	ENSP00000343273	0.406	True	True	3767.6	13.9	True	True	BOTH_EXPRESSED
BBS9	CCT3	ENSP00000242067	ENSP00000295688	0.406	True	False	20.3	126.0	True	True	BOTH_EXPRESSED
CFAP410	CACNA2D4	ENSP00000381047	ENSP00000372169	0.406	True	False	9.2	18.7	True	True	BOTH_EXPRESSED
COQ2	IMPA1	ENSP00000310873	ENSP00000408526	0.406	True	False	3.7	16.8	True	True	BOTH_EXPRESSED
COQ2	FBH1	ENSP00000310873	ENSP00000369335	0.406	True	False	3.7	13.8	True	True	BOTH_EXPRESSED
COQ2	GGCX	ENSP00000310873	ENSP00000233838	0.406	True	False	3.7	7.0	True	True	BOTH_EXPRESSED
COQ5	CHMP6	ENSP00000288532	ENSP00000317468	0.406	True	False	24.3	17.2	True	True	BOTH_EXPRESSED
MERTK	THBS1	ENSP00000295408	ENSP00000260356	0.406	True	False	15.4	0.3	True	True	BOTH_EXPRESSED
TBC1D32	QRICH1	ENSP00000381270	ENSP00000378830	0.406	True	False	6.9	15.1	True	True	BOTH_EXPRESSED
BEST1	SFTA3	ENSP00000399709	ENSP00000428331	0.406	True	False	6.2		True	False	UNKNOWN
PRPF4	THOC2	ENSP00000363313	ENSP00000245838	0.406	True	False	12.1	32.3	True	True	BOTH_EXPRESSED
CREB3	STX1A	ENSP00000342136	ENSP00000222812	0.406	True	False	21.7	2.3	True	True	BOTH_EXPRESSED
RLBP1	DEGS1	ENSP00000268125	ENSP00000316476	0.406	True	False	246.4	19.3	True	True	BOTH_EXPRESSED
DYNC2H1	DCTN2	ENSP00000497174	ENSP00000408910	0.406	True	False	9.5	56.9	True	True	BOTH_EXPRESSED
MVK	PLRG1	ENSP00000228510	ENSP00000424417	0.406	True	False	3.2	24.4	True	True	BOTH_EXPRESSED
CEP250	TUBGCP6	ENSP00000380661	ENSP00000248846	0.406	True	False	9.2	5.5	True	True	BOTH_EXPRESSED
REEP6	SNX1	ENSP00000233596	ENSP00000261889	0.406	True	False	87.4	25.0	True	True	BOTH_EXPRESSED
SLC7A14	SCN3B	ENSP00000231706	ENSP00000376523	0.406	True	False	5.7	9.2	True	True	BOTH_EXPRESSED
KLHL7	KLHL11	ENSP00000343273	ENSP00000314608	0.406	True	False	13.9	6.5	True	True	BOTH_EXPRESSED
CC2D2A	SMO	ENSP00000403465	ENSP00000249373	0.406	True	False	78.4	1.9	True	True	BOTH_EXPRESSED
CNGB1	CXCL11	ENSP00000251102	ENSP00000306884	0.406	True	False	557.0	0.0	True	True	BELOW_THRESHOLD
AIPL1	TTLL5	ENSP00000370521	ENSP00000298832	0.406	True	False	775.1	22.2	True	True	BOTH_EXPRESSED
DHX38	EXOSC10	ENSP00000268482	ENSP00000366135	0.406	True	False	12.3	32.8	True	True	BOTH_EXPRESSED
DHX38	DQX1	ENSP00000268482	ENSP00000384621	0.406	True	False	12.3	0.0	True	True	BELOW_THRESHOLD
FAM161A	HSPA9	ENSP00000385158	ENSP00000297185	0.406	True	False	26.9	45.2	True	True	BOTH_EXPRESSED
POMGNT1	GOLPH3	ENSP00000361060	ENSP00000265070	0.406	True	False	10.1	18.4	True	True	BOTH_EXPRESSED
BBS2	KLHL41	ENSP00000245157	ENSP00000284669	0.406	True	False	12.0	15.0	True	True	BOTH_EXPRESSED
RPGR	ACTB	ENSP00000495537	ENSP00000494750	0.406	True	False	11.2	452.4	True	True	BOTH_EXPRESSED
BBS9	CCT4	ENSP00000242067	ENSP00000377958	0.406	True	False	20.3	52.6	True	True	BOTH_EXPRESSED
BBS9	CCT5	ENSP00000242067	ENSP00000280326	0.406	True	False	20.3	45.4	True	True	BOTH_EXPRESSED
SLC24A1	RAD23B	ENSP00000261892	ENSP00000350708	0.406	True	False	179.2	39.0	True	True	BOTH_EXPRESSED
SLC24A1	RAD23A	ENSP00000261892	ENSP00000467024	0.406	True	False	179.2	22.7	True	True	BOTH_EXPRESSED
TMEM216	RPGR	ENSP00000334844	ENSP00000495537	0.405	True	True	10.8	11.2	True	True	BOTH_EXPRESSED
RHO	PDE6D	ENSP00000296271	ENSP00000287600	0.405	True	False	3767.6	64.5	True	True	BOTH_EXPRESSED
RHO	RBPMS	ENSP00000296271	ENSP00000340176	0.405	True	False	3767.6	10.2	True	True	BOTH_EXPRESSED
RHO	AVPR1B	ENSP00000296271	ENSP00000356094	0.405	True	False	3767.6	0.0	True	True	BELOW_THRESHOLD
SNRNP200	PRRC2A	ENSP00000317123	ENSP00000365201	0.405	True	False	62.7	2.7	True	True	BOTH_EXPRESSED
SLC4A7	ARHGEF7	ENSP00000390394	ENSP00000495631	0.405	True	False	67.5	26.3	True	True	BOTH_EXPRESSED
SLC4A7	WASL	ENSP00000390394	ENSP00000223023	0.405	True	False	67.5	23.1	True	True	BOTH_EXPRESSED
SLC4A7	FMNL3	ENSP00000390394	ENSP00000335655	0.405	True	False	67.5	2.5	True	True	BOTH_EXPRESSED
SLC4A7	SENP1	ENSP00000390394	ENSP00000394791	0.405	True	False	67.5	6.0	True	True	BOTH_EXPRESSED
PRPF3	MED19	ENSP00000315379	ENSP00000498791	0.405	True	False	40.3	12.3	True	True	BOTH_EXPRESSED
PRPF3	ELP1	ENSP00000315379	ENSP00000363779	0.405	True	False	40.3	23.1	True	True	BOTH_EXPRESSED
SLC24A1	ABCG5	ENSP00000261892	ENSP00000384513	0.405	True	False	179.2	0.0	True	True	BELOW_THRESHOLD
RP1L1	CNGA1	ENSP00000371923	ENSP00000384264	0.405	True	True	41.0	244.8	True	True	BOTH_EXPRESSED
RDH12	ADH4	ENSP00000449079	ENSP00000424630	0.405	True	False	206.6	0.7	True	True	BOTH_EXPRESSED
FLVCR1	LRP1	ENSP00000355938	ENSP00000243077	0.405	True	False	6.3	9.2	True	True	BOTH_EXPRESSED
IDH3A	PDK4	ENSP00000299518	ENSP00000005178	0.405	True	False	23.8	1.8	True	True	BOTH_EXPRESSED
RPGR	SPAG6	ENSP00000495537	ENSP00000365811	0.405	True	False	11.2	5.3	True	True	BOTH_EXPRESSED
BBS2	TCTN2	ENSP00000245157	ENSP00000304941	0.405	True	False	12.0	16.3	True	True	BOTH_EXPRESSED
BBS2	ARL2BP	ENSP00000245157	ENSP00000219204	0.405	True	True	12.0	34.8	True	True	BOTH_EXPRESSED
DHX38	PHF5A	ENSP00000268482	ENSP00000216252	0.405	True	False	12.3	22.7	True	True	BOTH_EXPRESSED
DHX38	NDC1	ENSP00000268482	ENSP00000360483	0.405	True	False	12.3	5.6	True	True	BOTH_EXPRESSED
DHX38	NUP42	ENSP00000268482	ENSP00000258742	0.405	True	False	12.3	6.1	True	True	BOTH_EXPRESSED
RP1L1	CNGA3	ENSP00000371923	ENSP00000272602	0.405	True	False	41.0	5.4	True	True	BOTH_EXPRESSED
RCBTB1	ZDHHC2	ENSP00000367552	ENSP00000262096	0.405	True	False	45.9	72.0	True	True	BOTH_EXPRESSED
PDE6B	RP1	ENSP00000420295	ENSP00000220676	0.405	True	True	357.2	218.9	True	True	BOTH_EXPRESSED
CC2D2A	ZNF423	ENSP00000403465	ENSP00000455426	0.405	True	False	78.4	3.4	True	True	BOTH_EXPRESSED
ARL2BP	DNAJB13	ENSP00000219204	ENSP00000344431	0.405	True	False	34.8	0.4	True	True	BOTH_EXPRESSED
IDH3A	KIF14	ENSP00000299518	ENSP00000356319	0.405	True	False	23.8	0.0	True	True	BELOW_THRESHOLD
COQ5	KCNH8	ENSP00000288532	ENSP00000328813	0.405	True	False	24.3	3.2	True	True	BOTH_EXPRESSED
CLN3	SEC61A2	ENSP00000454229	ENSP00000298428	0.405	True	False	3.0	17.5	True	True	BOTH_EXPRESSED
RPE65	FOS	ENSP00000262340	ENSP00000306245	0.405	True	False	7.8	216.5	True	True	BOTH_EXPRESSED
RPE65	CDHR1	ENSP00000262340	ENSP00000485478	0.405	True	True	7.8	291.2	True	True	BOTH_EXPRESSED
GUCY2D	GUCY2C	ENSP00000254854	ENSP00000261170	0.405	True	False	31.7	0.1	True	True	BOTH_EXPRESSED
RAX2	CRLF1	ENSP00000450456	ENSP00000376188	0.405	True	False	59.9	0.1	True	True	BOTH_EXPRESSED
IMPG1	PROM1	ENSP00000358966	ENSP00000426809	0.405	True	False	621.3	252.8	True	True	BOTH_EXPRESSED
RLBP1	PRPF8	ENSP00000268125	ENSP00000460348	0.405	True	True	246.4	76.4	True	True	BOTH_EXPRESSED
CREB3	NID1	ENSP00000342136	ENSP00000264187	0.405	True	False	21.7	1.9	True	True	BOTH_EXPRESSED
SLC4A7	DBT	ENSP00000390394	ENSP00000359151	0.405	True	False	67.5	5.5	True	True	BOTH_EXPRESSED
SLC4A7	FNBP1	ENSP00000390394	ENSP00000413625	0.405	True	False	67.5	11.3	True	True	BOTH_EXPRESSED
SLC4A7	MTMR1	ENSP00000390394	ENSP00000414178	0.405	True	False	67.5	15.8	True	True	BOTH_EXPRESSED
SLC4A7	ESYT1	ENSP00000390394	ENSP00000267113	0.405	True	False	67.5	8.2	True	True	BOTH_EXPRESSED
SLC4A7	WDR11	ENSP00000390394	ENSP00000263461	0.405	True	False	67.5	14.0	True	True	BOTH_EXPRESSED
SLC4A7	TGFBR1	ENSP00000390394	ENSP00000447297	0.405	True	False	67.5	4.2	True	True	BOTH_EXPRESSED
PRPF31	SAP18	ENSP00000324122	ENSP00000481842	0.405	True	False	7.6	82.9	True	True	BOTH_EXPRESSED
COQ2	GPD1	ENSP00000310873	ENSP00000301149	0.405	True	False	3.7	0.9	True	True	BOTH_EXPRESSED
IMPDH1	GPI	ENSP00000345096	ENSP00000405573	0.405	True	False	98.6	144.9	True	True	BOTH_EXPRESSED
USH2A	ALMS1	ENSP00000305941	ENSP00000482968	0.405	True	False	17.8	8.1	True	True	BOTH_EXPRESSED
CEP162	MRAP2	ENSP00000385215	ENSP00000257776	0.405	True	False	2.6	1.9	True	True	BOTH_EXPRESSED
KIAA1549	TACC3	ENSP00000416040	ENSP00000326550	0.405	True	False	5.3	1.6	True	True	BOTH_EXPRESSED
KIAA1549	ALK	ENSP00000416040	ENSP00000373700	0.405	True	False	5.3	0.6	True	True	BOTH_EXPRESSED
PRPF8	RPGRIP1	ENSP00000460348	ENSP00000382895	0.405	True	False	76.4	171.2	True	True	BOTH_EXPRESSED
CLCC1	SEC61A1	ENSP00000349456	ENSP00000243253	0.405	True	False	10.5	28.4	True	True	BOTH_EXPRESSED
ARL3	TBL1X	ENSP00000260746	ENSP00000495556	0.405	True	False	89.3	15.3	True	True	BOTH_EXPRESSED
ARL3	IFI44L	ENSP00000260746	ENSP00000359787	0.405	True	False	89.3	0.9	True	True	BOTH_EXPRESSED
ARL3	BTBD9	ENSP00000260746	ENSP00000418751	0.405	True	False	89.3	6.5	True	True	BOTH_EXPRESSED
EYS	OPN1LW	ENSP00000359655	ENSP00000358967	0.405	True	False	23.1	237.8	True	True	BOTH_EXPRESSED
USH2A	GUCA1B	ENSP00000305941	ENSP00000230361	0.405	True	False	17.8	432.4	True	True	BOTH_EXPRESSED
PDE6G	GUCA1C	ENSP00000328412	ENSP00000261047	0.405	True	False	1904.6	274.8	True	True	BOTH_EXPRESSED
IFT140	BBIP1	ENSP00000406012	ENSP00000433157	0.405	True	False	5.9	46.4	True	True	BOTH_EXPRESSED
NRL	GNGT1	ENSP00000454062	ENSP00000248572	0.405	True	False	294.2	1760.3	True	True	BOTH_EXPRESSED
AGBL5	TTC30B	ENSP00000353249	ENSP00000386181	0.404	True	False	15.1	4.8	True	True	BOTH_EXPRESSED
PRPF6	DIDO1	ENSP00000266079	ENSP00000266070	0.404	True	False	33.8	18.4	True	True	BOTH_EXPRESSED
CLCC1	UQCRC1	ENSP00000349456	ENSP00000203407	0.404	True	False	10.5	49.2	True	True	BOTH_EXPRESSED
RHO	GNAI3	ENSP00000296271	ENSP00000358867	0.404	True	False	3767.6	16.5	True	True	BOTH_EXPRESSED
EYS	GJA8	ENSP00000359655	ENSP00000358238	0.404	True	False	23.1	0.0	True	True	BELOW_THRESHOLD
SLC4A7	CSK	ENSP00000390394	ENSP00000220003	0.404	True	False	67.5	6.4	True	True	BOTH_EXPRESSED
CREB3	TRIM26	ENSP00000342136	ENSP00000410446	0.404	True	False	21.7	3.9	True	True	BOTH_EXPRESSED
SNRNP200	RPL36AL	ENSP00000317123	ENSP00000346012	0.404	True	False	62.7	94.4	True	True	BOTH_EXPRESSED
IFT140	SIPA1L2	ENSP00000406012	ENSP00000355589	0.404	True	False	5.9	13.6	True	True	BOTH_EXPRESSED
ARL2BP	CFAP44	ENSP00000219204	ENSP00000377428	0.404	True	False	34.8	8.1	True	True	BOTH_EXPRESSED
PCARE	PCDH15	ENSP00000332809	ENSP00000363068	0.404	True	False	26.4	57.2	True	True	BOTH_EXPRESSED
SLC4A7	SLC9A6	ENSP00000390394	ENSP00000359729	0.404	True	False	67.5	13.3	True	True	BOTH_EXPRESSED
SLC4A7	CDC42BPB	ENSP00000390394	ENSP00000355237	0.404	True	False	67.5	19.5	True	True	BOTH_EXPRESSED
SLC4A7	CDC42BPA	ENSP00000390394	ENSP00000355731	0.404	True	False	67.5	22.1	True	True	BOTH_EXPRESSED
SLC4A7	LMNB1	ENSP00000390394	ENSP00000261366	0.404	True	False	67.5	5.9	True	True	BOTH_EXPRESSED
SLC4A7	SLC9C1	ENSP00000390394	ENSP00000306627	0.404	True	False	67.5	0.0	True	True	BELOW_THRESHOLD
AHI1	INPP5E	ENSP00000265602	ENSP00000360777	0.404	True	True	25.2	6.9	True	True	BOTH_EXPRESSED
C19orf44	CCDC57	ENSP00000221671	ENSP00000376154	0.404	True	False	3.4	4.6	True	True	BOTH_EXPRESSED
CRX	ANHX	ENSP00000221996	ENSP00000409950	0.404	True	False	202.2	0.0	True	True	BELOW_THRESHOLD
TMEM216	MDGA1	ENSP00000334844	ENSP00000402584	0.404	True	False	10.8	3.7	True	True	BOTH_EXPRESSED
MVK	THRSP	ENSP00000228510	ENSP00000281030	0.404	True	False	3.2	1.4	True	True	BOTH_EXPRESSED
PRPF8	SRRT	ENSP00000460348	ENSP00000480421	0.404	True	False	76.4	28.6	True	True	BOTH_EXPRESSED
PRPF8	RHO	ENSP00000460348	ENSP00000296271	0.404	True	True	76.4	3767.6	True	True	BOTH_EXPRESSED
PRPF8	BAP1	ENSP00000460348	ENSP00000417132	0.404	True	False	76.4	18.7	True	True	BOTH_EXPRESSED
PRPF3	YJU2	ENSP00000315379	ENSP00000262962	0.404	True	False	40.3	7.5	True	True	BOTH_EXPRESSED
CFAP410	WDR34	ENSP00000381047	ENSP00000361800	0.404	True	False	9.2		True	False	UNKNOWN
RHO	TAS2R4	ENSP00000296271	ENSP00000247881	0.404	True	False	3767.6	1.0	True	True	BOTH_EXPRESSED
PDE6A	CEP290	ENSP00000255266	ENSP00000448012	0.404	True	False	1001.0	6.6	True	True	BOTH_EXPRESSED
RHO	TYR	ENSP00000296271	ENSP00000263321	0.404	True	False	3767.6	0.1	True	True	BOTH_EXPRESSED
CEP250	CENPT	ENSP00000380661	ENSP00000457810	0.404	True	False	9.2	0.8	True	True	BOTH_EXPRESSED
NR2E3	SGTB	ENSP00000482504	ENSP00000370395	0.404	True	False	121.9	15.1	True	True	BOTH_EXPRESSED
DHDDS	NDUFS8	ENSP00000353104	ENSP00000315774	0.404	True	False	30.3	45.9	True	True	BOTH_EXPRESSED
PRPF4	ILF2	ENSP00000363313	ENSP00000355011	0.404	True	False	12.1	40.2	True	True	BOTH_EXPRESSED
IFT172	USH1C	ENSP00000260570	ENSP00000005226	0.404	True	False	5.3	17.6	True	True	BOTH_EXPRESSED
RAX2	NLRP8	ENSP00000450456	ENSP00000291971	0.404	True	False	59.9	0.0	True	True	BELOW_THRESHOLD
RPE65	USH1C	ENSP00000262340	ENSP00000005226	0.404	True	False	7.8	17.6	True	True	BOTH_EXPRESSED
ZNF408	RARG	ENSP00000309606	ENSP00000388510	0.404	True	False	1.2	3.6	True	True	BOTH_EXPRESSED
IDH3A	MPP3	ENSP00000299518	ENSP00000381430	0.404	True	False	23.8	0.8	True	True	BOTH_EXPRESSED
SLC7A14	CYP26B1	ENSP00000231706	ENSP00000001146	0.404	True	False	5.7	3.9	True	True	BOTH_EXPRESSED
FLVCR1	FTH1	ENSP00000355938	ENSP00000273550	0.404	True	False	6.3	2894.7	True	True	BOTH_EXPRESSED
CERKL	KDSR	ENSP00000341159	ENSP00000494352	0.404	True	False	19.5	6.5	True	True	BOTH_EXPRESSED
DHX38	HNRNPDL	ENSP00000268482	ENSP00000483254	0.404	True	False	12.3	195.0	True	True	BOTH_EXPRESSED
MVK	ABCA1	ENSP00000228510	ENSP00000363868	0.404	True	False	3.2	3.4	True	True	BOTH_EXPRESSED
CEP250	NEK9	ENSP00000380661	ENSP00000238616	0.404	True	False	9.2	15.3	True	True	BOTH_EXPRESSED
TOPORS	USP16	ENSP00000353735	ENSP00000334808	0.404	True	False	10.6	39.1	True	True	BOTH_EXPRESSED
TOPORS	SERBP1	ENSP00000353735	ENSP00000360034	0.404	True	False	10.6	44.1	True	True	BOTH_EXPRESSED
TOPORS	LTN1	ENSP00000353735	ENSP00000478783	0.404	True	False	10.6	10.8	True	True	BOTH_EXPRESSED
PRPF8	TUFM	ENSP00000460348	ENSP00000322439	0.404	True	False	76.4	33.3	True	True	BOTH_EXPRESSED
PDE6B	SLC24A2	ENSP00000420295	ENSP00000344801	0.404	True	False	357.2	15.2	True	True	BOTH_EXPRESSED
CFAP410	COX11	ENSP00000381047	ENSP00000299335	0.404	True	False	9.2	18.9	True	True	BOTH_EXPRESSED
MERTK	PABPC1	ENSP00000295408	ENSP00000313007	0.404	True	False	15.4	74.4	True	True	BOTH_EXPRESSED
SAG	PGR	ENSP00000386444	ENSP00000325120	0.403	True	False	1359.9	0.1	True	True	BOTH_EXPRESSED
SAG	OPN1MW	ENSP00000386444	ENSP00000472316	0.403	True	False	1359.9	12.6	True	True	BOTH_EXPRESSED
SLC4A7	PLXNB1	ENSP00000390394	ENSP00000351338	0.403	True	False	67.5	3.9	True	True	BOTH_EXPRESSED
SCLT1	CNTLN	ENSP00000281142	ENSP00000370021	0.403	True	False	2.7	2.0	True	True	BOTH_EXPRESSED
USH2A	NAV3	ENSP00000305941	ENSP00000381007	0.403	True	False	17.8	4.8	True	True	BOTH_EXPRESSED
RP1L1	GUCA1A-2	ENSP00000371923	ENSP00000362049	0.403	True	False	41.0		True	False	UNKNOWN
PCARE	RD3	ENSP00000332809	ENSP00000355969	0.403	True	False	26.4	43.8	True	True	BOTH_EXPRESSED
AHI1	TBX6	ENSP00000265602	ENSP00000378650	0.403	True	False	25.2	1.5	True	True	BOTH_EXPRESSED
SLC4A7	WWP2	ENSP00000390394	ENSP00000352069	0.403	True	False	67.5	14.3	True	True	BOTH_EXPRESSED
SLC4A7	THEM6	ENSP00000390394	ENSP00000338607	0.403	True	False	67.5	1.3	True	True	BOTH_EXPRESSED
IMPDH1	PKM	ENSP00000345096	ENSP00000320171	0.403	True	False	98.6	1155.0	True	True	BOTH_EXPRESSED
RPE65	GLUL	ENSP00000262340	ENSP00000307900	0.403	True	False	7.8	826.3	True	True	BOTH_EXPRESSED
CYP4V2	PPIG	ENSP00000368079	ENSP00000260970	0.403	True	False	13.1	27.1	True	True	BOTH_EXPRESSED
MVK	FBXO40	ENSP00000228510	ENSP00000337510	0.403	True	False	3.2	0.1	True	True	BOTH_EXPRESSED
RDH12	PRPF4	ENSP00000449079	ENSP00000363313	0.403	True	True	206.6	12.1	True	True	BOTH_EXPRESSED
RPE65	RDH14	ENSP00000262340	ENSP00000370648	0.403	True	False	7.8	7.7	True	True	BOTH_EXPRESSED
PRPF4	MTREX	ENSP00000363313	ENSP00000230640	0.403	True	False	12.1	16.5	True	True	BOTH_EXPRESSED
ZNF408	TOP3B	ENSP00000309606	ENSP00000381773	0.403	True	False	1.2	6.4	True	True	BOTH_EXPRESSED
USH2A	TAPBP	ENSP00000305941	ENSP00000404833	0.403	True	False	17.8	3.4	True	True	BOTH_EXPRESSED
IMPG2	UBAC1	ENSP00000193391	ENSP00000360821	0.403	True	False	282.9	14.1	True	True	BOTH_EXPRESSED
DYNC2H1	CCDC114	ENSP00000497174	ENSP00000318429	0.403	True	False	9.5		True	False	UNKNOWN
RHO	IMPG2	ENSP00000296271	ENSP00000193391	0.403	True	True	3767.6	282.9	True	True	BOTH_EXPRESSED
BBS9	RFX1	ENSP00000242067	ENSP00000254325	0.403	True	False	20.3	1.0	True	True	BOTH_EXPRESSED
MVK	SLC22A23	ENSP00000228510	ENSP00000385028	0.403	True	False	3.2	4.4	True	True	BOTH_EXPRESSED
MVK	SMARCAL1	ENSP00000228510	ENSP00000349823	0.403	True	False	3.2	2.7	True	True	BOTH_EXPRESSED
IMPG2	GNAT3	ENSP00000193391	ENSP00000381339	0.403	True	False	282.9	0.0	True	True	BELOW_THRESHOLD
BBS2	EEF1A1	ENSP00000245157	ENSP00000339063	0.403	True	False	12.0	2040.9	True	True	BOTH_EXPRESSED
RCBTB1	FBXO45	ENSP00000367552	ENSP00000310332	0.403	True	False	45.9	7.6	True	True	BOTH_EXPRESSED
PRPF8	EIF3C	ENSP00000460348	ENSP00000332604	0.403	True	False	76.4	87.8	True	True	BOTH_EXPRESSED
TULP1	UHRF1BP1	ENSP00000229771	ENSP00000192788	0.403	True	False	194.3		True	False	UNKNOWN
IMPDH1	UPRT	ENSP00000345096	ENSP00000362481	0.403	True	False	98.6	5.9	True	True	BOTH_EXPRESSED
CEP162	CNTROB	ENSP00000385215	ENSP00000369614	0.403	True	False	2.6	16.6	True	True	BOTH_EXPRESSED
CEP162	PFDN1	ENSP00000385215	ENSP00000261813	0.403	True	False	2.6	32.5	True	True	BOTH_EXPRESSED
BEST1	PELO	ENSP00000399709	ENSP00000274311	0.403	True	False	6.2	4.1	True	True	BOTH_EXPRESSED
MERTK	SCARF1	ENSP00000295408	ENSP00000263071	0.403	True	False	15.4	0.2	True	True	BOTH_EXPRESSED
MERTK	GULP1	ENSP00000295408	ENSP00000386289	0.403	True	False	15.4	12.1	True	True	BOTH_EXPRESSED
HK1	STK11	ENSP00000494664	ENSP00000324856	0.403	True	False	141.7	5.3	True	True	BOTH_EXPRESSED
BEST1	GPR153	ENSP00000399709	ENSP00000367125	0.403	True	False	6.2	3.0	True	True	BOTH_EXPRESSED
PRPF8	BRD7	ENSP00000460348	ENSP00000378181	0.403	True	False	76.4	45.9	True	True	BOTH_EXPRESSED
TOPORS	RACK1	ENSP00000353735	ENSP00000426909	0.403	True	False	10.6	265.8	True	True	BOTH_EXPRESSED
CC2D2A	ALMS1	ENSP00000403465	ENSP00000482968	0.403	True	False	78.4	8.1	True	True	BOTH_EXPRESSED
DHX38	DHX30	ENSP00000268482	ENSP00000405620	0.403	True	False	12.3	11.8	True	True	BOTH_EXPRESSED
IMPDH1	TK1	ENSP00000345096	ENSP00000468425	0.403	True	False	98.6	0.1	True	True	BOTH_EXPRESSED
ARL3	RAB10	ENSP00000260746	ENSP00000264710	0.403	True	False	89.3	26.9	True	True	BOTH_EXPRESSED
RHO	IFITM5	ENSP00000296271	ENSP00000372059	0.403	True	False	3767.6	0.0	True	True	BELOW_THRESHOLD
SLC37A3	ROPN1L	ENSP00000321498	ENSP00000421405	0.402	True	False	10.4	0.9	True	True	BOTH_EXPRESSED
BBS9	KIFC3	ENSP00000242067	ENSP00000442008	0.402	True	False	20.3	75.8	True	True	BOTH_EXPRESSED
BBS9	KIFC1	ENSP00000242067	ENSP00000393963	0.402	True	False	20.3	0.4	True	True	BOTH_EXPRESSED
CLCC1	NBPF4	ENSP00000349456	ENSP00000389237	0.402	True	False	10.5	0.0	True	True	BELOW_THRESHOLD
SLC4A7	STRC	ENSP00000390394	ENSP00000401513	0.402	True	False	67.5	3.3	True	True	BOTH_EXPRESSED
USH2A	PDE6G	ENSP00000305941	ENSP00000328412	0.402	True	True	17.8	1904.6	True	True	BOTH_EXPRESSED
IFT140	VWC2	ENSP00000406012	ENSP00000341819	0.402	True	False	5.9	1.1	True	True	BOTH_EXPRESSED
SNRNP200	SUPT5H	ENSP00000317123	ENSP00000470252	0.402	True	False	62.7	30.6	True	True	BOTH_EXPRESSED
BBS1	RNF4	ENSP00000317469	ENSP00000426503	0.402	True	False	19.9	22.2	True	True	BOTH_EXPRESSED
IFT140	FZR1	ENSP00000406012	ENSP00000378529	0.402	True	False	5.9	5.2	True	True	BOTH_EXPRESSED
IDH3B	PMPCA	ENSP00000482773	ENSP00000360782	0.402	True	False	42.7	4.6	True	True	BOTH_EXPRESSED
IDH3B	VPS16	ENSP00000482773	ENSP00000369810	0.402	True	False	42.7	8.7	True	True	BOTH_EXPRESSED
RHO	TRPA1	ENSP00000296271	ENSP00000262209	0.402	True	False	3767.6	0.0	True	True	BELOW_THRESHOLD
BBS9	KIFC2	ENSP00000242067	ENSP00000301332	0.402	True	False	20.3	3.5	True	True	BOTH_EXPRESSED
RLBP1	DHDDS	ENSP00000268125	ENSP00000353104	0.402	True	True	246.4	30.3	True	True	BOTH_EXPRESSED
BBS9	ENSP00000398526	ENSP00000242067	ENSP00000398526	0.402	True	False	20.3		True	False	UNKNOWN
IDH3A	ECI2	ENSP00000299518	ENSP00000369461	0.402	True	False	23.8	29.5	True	True	BOTH_EXPRESSED
MVK	MEMO1	ENSP00000228510	ENSP00000295065	0.402	True	False	3.2	10.8	True	True	BOTH_EXPRESSED
AIPL1	RP9	ENSP00000370521	ENSP00000297157	0.402	True	False	775.1	14.0	True	True	BOTH_EXPRESSED
COQ5	SAMM50	ENSP00000288532	ENSP00000345445	0.402	True	False	24.3	23.7	True	True	BOTH_EXPRESSED
BBS9	KIF25	ENSP00000242067	ENSP00000496229	0.402	True	False	20.3	2.3	True	True	BOTH_EXPRESSED
CEP250	ABHD12	ENSP00000380661	ENSP00000365725	0.402	True	False	9.2	28.2	True	True	BOTH_EXPRESSED
CDHR1	POC1B	ENSP00000485478	ENSP00000323302	0.402	True	False	291.2	5.1	True	True	BOTH_EXPRESSED
DYNC2H1	CPLANE1	ENSP00000497174	ENSP00000389014	0.402	True	False	9.5	5.3	True	True	BOTH_EXPRESSED
CC2D2A	IFT122	ENSP00000403465	ENSP00000296266	0.402	True	False	78.4	0.9	True	True	BOTH_EXPRESSED
TOPORS	GTSE1	ENSP00000353735	ENSP00000415430	0.402	True	False	10.6	0.1	True	True	BOTH_EXPRESSED
GUCY2D	CACNA2D4	ENSP00000254854	ENSP00000372169	0.402	True	False	31.7	18.7	True	True	BOTH_EXPRESSED
BBS2	IPP	ENSP00000245157	ENSP00000379739	0.402	True	False	12.0	6.8	True	True	BOTH_EXPRESSED
BBS2	RP1L1	ENSP00000245157	ENSP00000371923	0.402	True	True	12.0	41.0	True	True	BOTH_EXPRESSED
PRPH2	CRYGC	ENSP00000230381	ENSP00000282141	0.402	True	False	594.9	0.0	True	True	BELOW_THRESHOLD
RPGR	INVS	ENSP00000495537	ENSP00000262457	0.402	True	False	11.2	10.9	True	True	BOTH_EXPRESSED
BBS2	TTC30B	ENSP00000245157	ENSP00000386181	0.402	True	False	12.0	4.8	True	True	BOTH_EXPRESSED
FLVCR1	MB	ENSP00000355938	ENSP00000352835	0.402	True	False	6.3	0.2	True	True	BOTH_EXPRESSED
CERKL	ASAH2B	ENSP00000341159	ENSP00000495463	0.402	True	False	19.5	6.3	True	True	BOTH_EXPRESSED
DHX38	DDX54	ENSP00000268482	ENSP00000323858	0.402	True	False	12.3	6.8	True	True	BOTH_EXPRESSED
PRPF6	PPP1R7	ENSP00000266079	ENSP00000234038	0.402	True	False	33.8	53.8	True	True	BOTH_EXPRESSED
TBC1D32	TCTN3	ENSP00000381270	ENSP00000483364	0.402	True	False	6.9	20.6	True	True	BOTH_EXPRESSED
TBC1D32	CPLANE1	ENSP00000381270	ENSP00000389014	0.402	True	False	6.9	5.3	True	True	BOTH_EXPRESSED
RP1L1	OPN4	ENSP00000371923	ENSP00000361141	0.402	True	False	41.0	0.8	True	True	BOTH_EXPRESSED
RP1L1	TTN	ENSP00000371923	ENSP00000467141	0.402	True	False	41.0	1.7	True	True	BOTH_EXPRESSED
PRPF3	ZC3H18	ENSP00000315379	ENSP00000416951	0.402	True	False	40.3	8.4	True	True	BOTH_EXPRESSED
OFD1	SPAG1	ENSP00000344314	ENSP00000373450	0.401	True	False	2.3	1.8	True	True	BOTH_EXPRESSED
TMEM216	CCDC28B	ENSP00000334844	ENSP00000413017	0.401	True	False	10.8	4.8	True	True	BOTH_EXPRESSED
RBP3	HRH2	ENSP00000463151	ENSP00000366506	0.401	True	False	504.0	0.2	True	True	BOTH_EXPRESSED
PRPF3	OCRL	ENSP00000315379	ENSP00000360154	0.401	True	False	40.3	11.3	True	True	BOTH_EXPRESSED
AHI1	ASXL1	ENSP00000265602	ENSP00000364839	0.401	True	False	25.2	18.3	True	True	BOTH_EXPRESSED
CRX	PTF1A	ENSP00000221996	ENSP00000365687	0.401	True	False	202.2	0.0	True	True	BELOW_THRESHOLD
RCBTB1	GTF3C1	ENSP00000367552	ENSP00000348510	0.401	True	False	45.9	17.0	True	True	BOTH_EXPRESSED
FAM161A	HSPA4L	ENSP00000385158	ENSP00000296464	0.401	True	False	26.9	25.0	True	True	BOTH_EXPRESSED
DYNC2H1	TTC8	ENSP00000497174	ENSP00000482306	0.401	True	True	9.5	34.7	True	True	BOTH_EXPRESSED
RPGR	PRPF4	ENSP00000495537	ENSP00000363313	0.401	True	True	11.2	12.1	True	True	BOTH_EXPRESSED
RAX2	ERCC6	ENSP00000450456	ENSP00000348089	0.401	True	False	59.9	2.9	True	True	BOTH_EXPRESSED
CYP4V2	CYP26C1	ENSP00000368079	ENSP00000498424	0.401	True	False	13.1	0.0	True	True	BELOW_THRESHOLD
POMGNT1	GALNT12	ENSP00000361060	ENSP00000364150	0.401	True	False	10.1	0.6	True	True	BOTH_EXPRESSED
PRPF4	EMC8	ENSP00000363313	ENSP00000253457	0.401	True	False	12.1	6.5	True	True	BOTH_EXPRESSED
DYNC2H1	RHBDD3	ENSP00000497174	ENSP00000216085	0.401	True	False	9.5	0.9	True	True	BOTH_EXPRESSED
CYP4V2	ACSBG2	ENSP00000368079	ENSP00000465589	0.401	True	False	13.1	0.1	True	True	BOTH_EXPRESSED
RHO	CRABP2	ENSP00000296271	ENSP00000482841	0.401	True	False	3767.6	4.1	True	True	BOTH_EXPRESSED
CC2D2A	TTC8	ENSP00000403465	ENSP00000482306	0.401	True	True	78.4	34.7	True	True	BOTH_EXPRESSED
SLC4A7	TUBA1B	ENSP00000390394	ENSP00000336799	0.401	True	False	67.5	605.6	True	True	BOTH_EXPRESSED
SLC4A7	PAK1	ENSP00000390394	ENSP00000278568	0.401	True	False	67.5	22.7	True	True	BOTH_EXPRESSED
DHDDS	RFK	ENSP00000353104	ENSP00000365926	0.401	True	False	30.3	13.6	True	True	BOTH_EXPRESSED
KIAA1549	OLIG2	ENSP00000416040	ENSP00000331040	0.401	True	False	5.3	0.0	True	True	BELOW_THRESHOLD
IDH3B	NAGS	ENSP00000482773	ENSP00000293404	0.401	True	False	42.7	0.0	True	True	BELOW_THRESHOLD
IFT140	PAQR4	ENSP00000406012	ENSP00000321804	0.401	True	False	5.9	59.2	True	True	BOTH_EXPRESSED
CLN3	RIF1	ENSP00000454229	ENSP00000243326	0.401	True	False	3.0	7.7	True	True	BOTH_EXPRESSED
MVK	IL1RN	ENSP00000228510	ENSP00000259206	0.401	True	False	3.2	0.0	True	True	BELOW_THRESHOLD
SLC4A7	NIPSNAP2	ENSP00000390394	ENSP00000313050	0.401	True	False	67.5	25.6	True	True	BOTH_EXPRESSED
SLC4A7	TRIP10	ENSP00000390394	ENSP00000320117	0.401	True	False	67.5	15.7	True	True	BOTH_EXPRESSED
SCLT1	PIFO	ENSP00000281142	ENSP00000358753	0.401	True	False	2.7	4.8	True	True	BOTH_EXPRESSED
SLC4A7	CAPZB	ENSP00000390394	ENSP00000401010	0.401	True	False	67.5	114.8	True	True	BOTH_EXPRESSED
IMPDH1	DTHD1	ENSP00000345096	ENSP00000401597	0.401	True	False	98.6	0.0	True	True	BELOW_THRESHOLD
KIAA1549	CAMK2B	ENSP00000416040	ENSP00000379098	0.401	True	False	5.3	14.9	True	True	BOTH_EXPRESSED
SCLT1	NKTR	ENSP00000281142	ENSP00000232978	0.401	True	False	2.7	37.3	True	True	BOTH_EXPRESSED
PRPF6	AR	ENSP00000266079	ENSP00000363822	0.401	True	False	33.8	0.1	True	True	BOTH_EXPRESSED
NRL	OPN1MW	ENSP00000454062	ENSP00000472316	0.401	True	False	294.2	12.6	True	True	BOTH_EXPRESSED
OFD1	NEK1	ENSP00000344314	ENSP00000424757	0.401	True	False	2.3	5.3	True	True	BOTH_EXPRESSED
SCLT1	PABPC3	ENSP00000281142	ENSP00000281589	0.401	True	False	2.7	0.1	True	True	BOTH_EXPRESSED
POMGNT1	CABP4	ENSP00000361060	ENSP00000324960	0.4	True	False	10.1	63.1	True	True	BOTH_EXPRESSED
CNGB1	RPS13	ENSP00000251102	ENSP00000435777	0.4	True	False	557.0	611.8	True	True	BOTH_EXPRESSED
PRPF4	NHP2	ENSP00000363313	ENSP00000274606	0.4	True	False	12.1	22.8	True	True	BOTH_EXPRESSED
PRPH2	CHAD	ENSP00000230381	ENSP00000258969	0.4	True	False	594.9	0.4	True	True	BOTH_EXPRESSED
ARL3	SSTR3	ENSP00000260746	ENSP00000480971	0.4	True	False	89.3	0.2	True	True	BOTH_EXPRESSED
BEST1	RAX2	ENSP00000399709	ENSP00000450456	0.4	True	True	6.2	59.9	True	True	BOTH_EXPRESSED
AHI1	ZNF423	ENSP00000265602	ENSP00000455426	0.4	True	False	25.2	3.4	True	True	BOTH_EXPRESSED
MERTK	TMEM87B	ENSP00000295408	ENSP00000283206	0.4	True	False	15.4	6.2	True	True	BOTH_EXPRESSED
GUCA1A	RP1L1	ENSP00000053469	ENSP00000371923	0.4	True	True	703.2	41.0	True	True	BOTH_EXPRESSED
GUCA1A	GNB5	ENSP00000053469	ENSP00000261837	0.4	True	False	703.2	111.3	True	True	BOTH_EXPRESSED
COQ8B	LMX1B	ENSP00000315118	ENSP00000347684	0.4	True	False	1.2	0.0	True	True	BELOW_THRESHOLD
CRX	CLRN1	ENSP00000221996	ENSP00000329158	0.4	True	True	202.2	11.8	True	True	BOTH_EXPRESSED
CEP162	CETN2	ENSP00000385215	ENSP00000359300	0.4	True	False	2.6	37.1	True	True	BOTH_EXPRESSED
PRPF3	C8orf37	ENSP00000315379	ENSP00000286688	0.4	True	False	40.3		True	False	UNKNOWN
OFD1	PRCD	ENSP00000344314	ENSP00000467661	0.4	True	True	2.3	44.6	True	True	BOTH_EXPRESSED
CFAP410	ANXA11	ENSP00000381047	ENSP00000398610	0.4	True	False	9.2	4.5	True	True	BOTH_EXPRESSED
CFAP410	TTC25	ENSP00000381047	ENSP00000478589	0.4	True	False	9.2		True	False	UNKNOWN
CFAP410	DCTN1	ENSP00000381047	ENSP00000354791	0.4	True	False	9.2	40.4	True	True	BOTH_EXPRESSED
CFAP410	RPGRIP1	ENSP00000381047	ENSP00000382895	0.4	True	False	9.2	171.2	True	True	BOTH_EXPRESSED
RHO	PTAFR	ENSP00000296271	ENSP00000442658	0.4	True	False	3767.6	0.4	True	True	BOTH_EXPRESSED
LRAT	ABCB4	ENSP00000337224	ENSP00000265723	0.4	True	False	0.9	0.3	True	True	BOTH_EXPRESSED
PRPF8	PER2	ENSP00000460348	ENSP00000254657	0.4	True	False	76.4	4.8	True	True	BOTH_EXPRESSED
PRPF8	USP5	ENSP00000460348	ENSP00000229268	0.4	True	False	76.4	14.5	True	True	BOTH_EXPRESSED
PRPF8	TCP1	ENSP00000460348	ENSP00000317334	0.4	True	False	76.4	71.1	True	True	BOTH_EXPRESSED
AIPL1	PRCD	ENSP00000370521	ENSP00000467661	0.4	True	True	775.1	44.6	True	True	BOTH_EXPRESSED
RPE65	GUCA1A-2	ENSP00000262340	ENSP00000362049	0.4	True	False	7.8		True	False	UNKNOWN
PRPH2	GHRL	ENSP00000230381	ENSP00000335074	0.4	True	False	594.9	1.9	True	True	BOTH_EXPRESSED
IFT172	NEK9	ENSP00000260570	ENSP00000238616	0.4	True	False	5.3	15.3	True	True	BOTH_EXPRESSED
CFAP20	SPATA4	ENSP00000262498	ENSP00000280191	0.4	True	False	26.4	2.1	True	True	BOTH_EXPRESSED
PRCD	HNRNPDL	ENSP00000467661	ENSP00000483254	0.4	True	False	44.6	195.0	True	True	BOTH_EXPRESSED
CYP4V2	CYB5A	ENSP00000368079	ENSP00000341625	0.4	True	False	13.1	9.4	True	True	BOTH_EXPRESSED
RAX2	CNNM4	ENSP00000450456	ENSP00000366275	0.4	True	False	59.9	36.0	True	True	BOTH_EXPRESSED
ARL3	AOC3	ENSP00000260746	ENSP00000312326	0.4	True	False	89.3	1.6	True	True	BOTH_EXPRESSED
ARL3	AOC2	ENSP00000260746	ENSP00000253799	0.4	True	False	89.3	1.4	True	True	BOTH_EXPRESSED
KLHL7	BIRC3	ENSP00000343273	ENSP00000263464	0.4	True	False	13.9	0.5	True	True	BOTH_EXPRESSED
DHX38	DDX19A	ENSP00000268482	ENSP00000306117	0.4	True	False	12.3	11.7	True	True	BOTH_EXPRESSED
ARL3	AOC1	ENSP00000260746	ENSP00000411613	0.4	True	False	89.3	0.1	True	True	BOTH_EXPRESSED
BBS1	CCT4	ENSP00000317469	ENSP00000377958	0.4	True	False	19.9	52.6	True	True	BOTH_EXPRESSED
RHO	PVALB	ENSP00000296271	ENSP00000216200	0.4	True	False	3767.6	346.2	True	True	BOTH_EXPRESSED
IFT140	ANKS6	ENSP00000406012	ENSP00000297837	0.4	True	False	5.9	2.1	True	True	BOTH_EXPRESSED
OFD1	USP9X	ENSP00000344314	ENSP00000316357	0.4	True	False	2.3	27.4	True	True	BOTH_EXPRESSED
CLN3	GNPTG	ENSP00000454229	ENSP00000204679	0.4	True	False	3.0	14.2	True	True	BOTH_EXPRESSED
CLN3	IDUA	ENSP00000454229	ENSP00000247933	0.4	True	False	3.0	1.7	True	True	BOTH_EXPRESSED
IDH3B	GRHPR	ENSP00000482773	ENSP00000313432	0.4	True	False	42.7	19.3	True	True	BOTH_EXPRESSED
BBS1	CCT3	ENSP00000317469	ENSP00000295688	0.4	True	False	19.9	126.0	True	True	BOTH_EXPRESSED
COQ5	MYOT	ENSP00000288532	ENSP00000239926	0.4	True	False	24.3	0.5	True	True	BOTH_EXPRESSED
PRPF4	NUDT21	ENSP00000363313	ENSP00000300291	0.4	True	False	12.1	29.5	True	True	BOTH_EXPRESSED
BBS1	ARL13A	ENSP00000317469	ENSP00000398637	0.4	True	False	19.9	0.3	True	True	BOTH_EXPRESSED
COQ2	PITRM1	ENSP00000310873	ENSP00000370377	0.4	True	False	3.7	45.9	True	True	BOTH_EXPRESSED
BBS1	CCT5	ENSP00000317469	ENSP00000280326	0.4	True	False	19.9	45.4	True	True	BOTH_EXPRESSED
DHDDS	SEMA4A	ENSP00000353104	ENSP00000357265	0.4	True	False	30.3	1.8	True	True	BOTH_EXPRESSED
TTC8	LGMN	ENSP00000482306	ENSP00000376911	0.4	True	False	34.7	18.2	True	True	BOTH_EXPRESSED
SLC4A7	SCRIB	ENSP00000390394	ENSP00000349486	0.4	True	False	67.5	0.9	True	True	BOTH_EXPRESSED
SLC4A7	VANGL1	ENSP00000390394	ENSP00000347672	0.4	True	False	67.5	1.4	True	True	BOTH_EXPRESSED
SLC4A7	CLBA1	ENSP00000390394	ENSP00000450114	0.4	True	False	67.5	2.9	True	True	BOTH_EXPRESSED
SLC4A7	BASP1	ENSP00000390394	ENSP00000319281	0.4	True	False	67.5	68.8	True	True	BOTH_EXPRESSED
SLC4A7	TMEM59	ENSP00000390394	ENSP00000234831	0.4	True	False	67.5	235.3	True	True	BOTH_EXPRESSED
USH2A	MYOC	ENSP00000305941	ENSP00000037502	0.4	True	False	17.8	0.0	True	True	BELOW_THRESHOLD
SNRNP200	SEC61B	ENSP00000317123	ENSP00000223641	0.4	True	False	62.7	44.9	True	True	BOTH_EXPRESSED
SLC4A7	JUP	ENSP00000390394	ENSP00000377508	0.4	True	False	67.5	4.4	True	True	BOTH_EXPRESSED
SLC4A7	POTEE	ENSP00000390394	ENSP00000439189	0.4	True	False	67.5	0.0	True	True	BELOW_THRESHOLD
SNRNP200	NRDE2	ENSP00000317123	ENSP00000346335	0.4	True	False	62.7	2.9	True	True	BOTH_EXPRESSED
SLC4A7	BAIAP2L2	ENSP00000390394	ENSP00000371085	0.4	True	False	67.5	0.4	True	True	BOTH_EXPRESSED
KIAA1549	CAMK2D	ENSP00000416040	ENSP00000425824	0.4	True	False	5.3	52.6	True	True	BOTH_EXPRESSED
SLC4A7	CDC42EP1	ENSP00000390394	ENSP00000249014	0.4	True	False	67.5	2.4	True	True	BOTH_EXPRESSED
SLC4A7	STBD1	ENSP00000390394	ENSP00000237642	0.4	True	False	67.5	3.7	True	True	BOTH_EXPRESSED
IMPG2	GABRA5	ENSP00000193391	ENSP00000382953	0.4	True	False	282.9	1.5	True	True	BOTH_EXPRESSED
SLC4A7	WIPF2	ENSP00000390394	ENSP00000320924	0.4	True	False	67.5	8.6	True	True	BOTH_EXPRESSED
SLC4A7	PAK3	ENSP00000390394	ENSP00000353864	0.4	True	False	67.5	6.4	True	True	BOTH_EXPRESSED
KIAA1549	CALM1	ENSP00000416040	ENSP00000499717	0.4	True	False	5.3	223.4	True	True	BOTH_EXPRESSED
KIAA1549	CAMK2A	ENSP00000416040	ENSP00000500386	0.4	True	False	5.3	1.6	True	True	BOTH_EXPRESSED
OFD1	PDE6D	ENSP00000344314	ENSP00000287600	0.4	True	False	2.3	64.5	True	True	BOTH_EXPRESSED
SLC37A3	PPP1R10	ENSP00000321498	ENSP00000365694	0.4	True	False	10.4	4.8	True	True	BOTH_EXPRESSED
KIAA1549	YWHAB	ENSP00000416040	ENSP00000361930	0.4	True	False	5.3	106.4	True	True	BOTH_EXPRESSED
KIAA1549	PEBP1	ENSP00000416040	ENSP00000261313	0.4	True	False	5.3	311.7	True	True	BOTH_EXPRESSED
PRPF6	CHD4	ENSP00000266079	ENSP00000440542	0.4	True	False	33.8	41.7	True	True	BOTH_EXPRESSED
AGBL5	GLIPR1	ENSP00000353249	ENSP00000266659	0.4	True	False	15.1	1.6	True	True	BOTH_EXPRESSED
AGBL5	TRIM56	ENSP00000353249	ENSP00000305161	0.4	True	False	15.1	1.8	True	True	BOTH_EXPRESSED
SCLT1	SYNJ1	ENSP00000281142	ENSP00000409667	0.4	True	False	2.7	44.8	True	True	BOTH_EXPRESSED
