GO_term_raw	reference_count	observed_count	expected_count	direction	fold_enrichment_raw	raw_p_value	FDR	GO_ID	GO_term	fold_enrichment_numeric	significant_FDR_0.05
protein transport to vacuole involved in ubiquitin-dependent protein catabolic process via the multivesicular body sorting pathway (GO:0043328)	15	15	2.7	+	5.55	6.72e-12	2.53e-10	GO:0043328	protein transport to vacuole involved in ubiquitin-dependent protein catabolic process via the multivesicular body sorting pathway	5.55	True
U2-type prespliceosome assembly (GO:1903241)	25	25	4.51	+	5.55	2.32e-19	1.85e-17	GO:1903241	U2-type prespliceosome assembly	5.55	True
activation of protein kinase A activity (GO:0034199)	5	5	0.9	+	5.55	0.00019	0.00214	GO:0034199	activation of protein kinase A activity	5.55	True
hypoxanthine biosynthetic process (GO:0046101)	3	3	0.54	+	5.55	0.00585	0.0409	GO:0046101	hypoxanthine biosynthetic process	5.55	True
dolichol phosphate mannose biosynthetic process (GO:0180047)	3	3	0.54	+	5.55	0.00585	0.0409	GO:0180047	dolichol phosphate mannose biosynthetic process	5.55	True
central nervous system maturation (GO:0021626)	3	3	0.54	+	5.55	0.00585	0.0409	GO:0021626	central nervous system maturation	5.55	True
cell adhesion molecule production (GO:0060352)	3	3	0.54	+	5.55	0.00585	0.0408	GO:0060352	cell adhesion molecule production	5.55	True
TMP catabolic process (GO:0046045)	3	3	0.54	+	5.55	0.00585	0.0408	GO:0046045	TMP catabolic process	5.55	True
TMP metabolic process (GO:0046044)	3	3	0.54	+	5.55	0.00585	0.0408	GO:0046044	TMP metabolic process	5.55	True
regulation of ryanodine-sensitive calcium-release channel activity (GO:0060314)	5	5	0.9	+	5.55	0.00019	0.00214	GO:0060314	regulation of ryanodine-sensitive calcium-release channel activity	5.55	True
protein localization to adherens junction (GO:0071896)	4	4	0.72	+	5.55	0.00105	0.00956	GO:0071896	protein localization to adherens junction	5.55	True
mRNA alternative polyadenylation (GO:0110104)	3	3	0.54	+	5.55	0.00585	0.0408	GO:0110104	mRNA alternative polyadenylation	5.55	True
heme B biosynthetic process (GO:0006785)	9	9	1.62	+	5.55	1.99e-07	4.12e-06	GO:0006785	heme B biosynthetic process	5.55	True
heme A biosynthetic process (GO:0006784)	9	9	1.62	+	5.55	1.99e-07	4.11e-06	GO:0006784	heme A biosynthetic process	5.55	True
P450-containing electron transport chain (GO:0140647)	3	3	0.54	+	5.55	0.00585	0.0408	GO:0140647	P450-containing electron transport chain	5.55	True
positive regulation of type B pancreatic cell apoptotic process (GO:2000676)	3	3	0.54	+	5.55	0.00585	0.0407	GO:2000676	positive regulation of type B pancreatic cell apoptotic process	5.55	True
mitotic centrosome separation (GO:0007100)	5	5	0.9	+	5.55	0.00019	0.00214	GO:0007100	mitotic centrosome separation	5.55	True
nuclear protein quality control by the ubiquitin-proteasome system (GO:0071630)	4	4	0.72	+	5.55	0.00105	0.00955	GO:0071630	nuclear protein quality control by the ubiquitin-proteasome system	5.55	True
metaphase/anaphase transition of mitotic cell cycle (GO:0007091)	6	6	1.08	+	5.55	3.42e-05	0.00047	GO:0007091	metaphase/anaphase transition of mitotic cell cycle	5.55	True
neurofilament cytoskeleton organization (GO:0060052)	3	3	0.54	+	5.55	0.00585	0.0407	GO:0060052	neurofilament cytoskeleton organization	5.55	True
L-serine biosynthetic process (GO:0006564)	3	3	0.54	+	5.55	0.00585	0.0407	GO:0006564	L-serine biosynthetic process	5.55	True
retinoic acid biosynthetic process (GO:0002138)	7	7	1.26	+	5.55	6.15e-06	9.7e-05	GO:0002138	retinoic acid biosynthetic process	5.55	True
metaphase/anaphase transition of cell cycle (GO:0044784)	7	7	1.26	+	5.55	6.15e-06	9.69e-05	GO:0044784	metaphase/anaphase transition of cell cycle	5.55	True
N-terminal protein myristoylation (GO:0006499)	4	4	0.72	+	5.55	0.00105	0.00954	GO:0006499	N-terminal protein myristoylation	5.55	True
N-terminal protein lipidation (GO:0006498)	4	4	0.72	+	5.55	0.00105	0.00954	GO:0006498	N-terminal protein lipidation	5.55	True
cellular response to hydrostatic pressure (GO:0071464)	3	3	0.54	+	5.55	0.00585	0.0407	GO:0071464	cellular response to hydrostatic pressure	5.55	True
mitochondrial depolarization (GO:0051882)	3	3	0.54	+	5.55	0.00585	0.0407	GO:0051882	mitochondrial depolarization	5.55	True
positive regulation of L-glutamate import across plasma membrane (GO:0002038)	3	3	0.54	+	5.55	0.00585	0.0406	GO:0002038	positive regulation of L-glutamate import across plasma membrane	5.55	True
cellular response to amine stimulus (GO:0071418)	3	3	0.54	+	5.55	0.00585	0.0406	GO:0071418	cellular response to amine stimulus	5.55	True
response to manganese-induced endoplasmic reticulum stress (GO:1990737)	3	3	0.54	+	5.55	0.00585	0.0406	GO:1990737	response to manganese-induced endoplasmic reticulum stress	5.55	True
short-chain fatty acid biosynthetic process (GO:0051790)	3	3	0.54	+	5.55	0.00585	0.0406	GO:0051790	short-chain fatty acid biosynthetic process	5.55	True
cellular response to isoquinoline alkaloid (GO:0071317)	3	3	0.54	+	5.55	0.00585	0.0406	GO:0071317	cellular response to isoquinoline alkaloid	5.55	True
cellular response to morphine (GO:0071315)	3	3	0.54	+	5.55	0.00585	0.0405	GO:0071315	cellular response to morphine	5.55	True
cellular response to cobalt ion (GO:0071279)	3	3	0.54	+	5.55	0.00585	0.0405	GO:0071279	cellular response to cobalt ion	5.55	True
UTP biosynthetic process (GO:0006228)	9	9	1.62	+	5.55	1.99e-07	4.11e-06	GO:0006228	UTP biosynthetic process	5.55	True
negative regulation of calcium ion export across plasma membrane (GO:1905913)	4	4	0.72	+	5.55	0.00105	0.00953	GO:1905913	negative regulation of calcium ion export across plasma membrane	5.55	True
regulation of calcium ion export across plasma membrane (GO:1905912)	5	5	0.9	+	5.55	0.00019	0.00214	GO:1905912	regulation of calcium ion export across plasma membrane	5.55	True
D-aspartate import across plasma membrane (GO:0070779)	4	4	0.72	+	5.55	0.00105	0.00953	GO:0070779	D-aspartate import across plasma membrane	5.55	True
D-aspartate transmembrane transport (GO:0070777)	4	4	0.72	+	5.55	0.00105	0.00952	GO:0070777	D-aspartate transmembrane transport	5.55	True
branched-chain alpha-keto acid decarboxylation to branched-chain acyl-CoA (GO:0120552)	4	4	0.72	+	5.55	0.00105	0.00951	GO:0120552	branched-chain alpha-keto acid decarboxylation to branched-chain acyl-CoA	5.55	True
2-oxoglutarate decarboxylation to succinyl-CoA (GO:0120551)	3	3	0.54	+	5.55	0.00585	0.0405	GO:0120551	2-oxoglutarate decarboxylation to succinyl-CoA	5.55	True
citrate metabolic process (GO:0006101)	4	4	0.72	+	5.55	0.00105	0.00951	GO:0006101	citrate metabolic process	5.55	True
miRNA transport (GO:1990428)	3	3	0.54	+	5.55	0.00585	0.0405	GO:1990428	miRNA transport	5.55	True
positive regulation of fibroblast growth factor production (GO:0090271)	3	3	0.54	+	5.55	0.00585	0.0405	GO:0090271	positive regulation of fibroblast growth factor production	5.55	True
D-glucosamine metabolic process (GO:0006041)	3	3	0.54	+	5.55	0.00585	0.0404	GO:0006041	D-glucosamine metabolic process	5.55	True
inositol biosynthetic process (GO:0006021)	3	3	0.54	+	5.55	0.00585	0.0404	GO:0006021	inositol biosynthetic process	5.55	True
fructose 2,6-bisphosphate metabolic process (GO:0006003)	4	4	0.72	+	5.55	0.00105	0.0095	GO:0006003	fructose 2,6-bisphosphate metabolic process	5.55	True
fructose catabolic process (GO:0006001)	3	3	0.54	+	5.55	0.00585	0.0404	GO:0006001	fructose catabolic process	5.55	True
regulation of Golgi inheritance (GO:0090170)	4	4	0.72	+	5.55	0.00105	0.00949	GO:0090170	regulation of Golgi inheritance	5.55	True
response to platinum ion (GO:0070541)	4	4	0.72	+	5.55	0.00105	0.00949	GO:0070541	response to platinum ion	5.55	True
central nervous system myelin maintenance (GO:0032286)	3	3	0.54	+	5.55	0.00585	0.0404	GO:0032286	central nervous system myelin maintenance	5.55	True
'de novo' CTP biosynthetic process (GO:0044210)	5	5	0.9	+	5.55	0.00019	0.00213	GO:0044210	'de novo' CTP biosynthetic process	5.55	True
AMP salvage (GO:0044209)	6	6	1.08	+	5.55	3.42e-05	0.00047	GO:0044209	AMP salvage	5.55	True
'de novo' UMP biosynthetic process (GO:0044205)	3	3	0.54	+	5.55	0.00585	0.0404	GO:0044205	'de novo' UMP biosynthetic process	5.55	True
negative regulation of translational initiation in response to stress (GO:0032057)	5	5	0.9	+	5.55	0.00019	0.00213	GO:0032057	negative regulation of translational initiation in response to stress	5.55	True
ciliary basal body organization (GO:0032053)	4	4	0.72	+	5.55	0.00105	0.00948	GO:0032053	ciliary basal body organization	5.55	True
box C/D sno(s)RNA 3'-end processing (GO:0000494)	3	3	0.54	+	5.55	0.00585	0.0403	GO:0000494	box C/D sno(s)RNA 3'-end processing	5.55	True
mRNA 3'-splice site recognition (GO:0000389)	6	6	1.08	+	5.55	3.42e-05	0.000469	GO:0000389	mRNA 3'-splice site recognition	5.55	True
positive regulation of protein localization to Cajal body (GO:1904871)	10	10	1.8	+	5.55	3.58e-08	8.39e-07	GO:1904871	positive regulation of protein localization to Cajal body	5.55	True
regulation of protein localization to Cajal body (GO:1904869)	10	10	1.8	+	5.55	3.58e-08	8.38e-07	GO:1904869	regulation of protein localization to Cajal body	5.55	True
snoRNA localization (GO:0048254)	4	4	0.72	+	5.55	0.00105	0.00948	GO:0048254	snoRNA localization	5.55	True
D-amino acid transport (GO:0042940)	5	5	0.9	+	5.55	0.00019	0.00213	GO:0042940	D-amino acid transport	5.55	True
9-cis-retinoic acid metabolic process (GO:0042905)	5	5	0.9	+	5.55	0.00019	0.00213	GO:0042905	9-cis-retinoic acid metabolic process	5.55	True
9-cis-retinoic acid biosynthetic process (GO:0042904)	5	5	0.9	+	5.55	0.00019	0.00213	GO:0042904	9-cis-retinoic acid biosynthetic process	5.55	True
intraciliary transport involved in cilium assembly (GO:0035735)	7	7	1.26	+	5.55	6.15e-06	9.68e-05	GO:0035735	intraciliary transport involved in cilium assembly	5.55	True
response to curcumin (GO:1904643)	3	3	0.54	+	5.55	0.00585	0.0403	GO:1904643	response to curcumin	5.55	True
response to biphenyl (GO:1904614)	3	3	0.54	+	5.55	0.00585	0.0403	GO:1904614	response to biphenyl	5.55	True
electron transport coupled proton transport (GO:0015990)	3	3	0.54	+	5.55	0.00585	0.0403	GO:0015990	electron transport coupled proton transport	5.55	True
energy coupled proton transmembrane transport, against electrochemical gradient (GO:0015988)	3	3	0.54	+	5.55	0.00585	0.0403	GO:0015988	energy coupled proton transmembrane transport, against electrochemical gradient	5.55	True
phosphatidylinositol catabolic process (GO:0031161)	3	3	0.54	+	5.55	0.00585	0.0402	GO:0031161	phosphatidylinositol catabolic process	5.55	True
long-chain fatty acid import across plasma membrane (GO:0015911)	3	3	0.54	+	5.55	0.00585	0.0402	GO:0015911	long-chain fatty acid import across plasma membrane	5.55	True
negative regulation of hyaluronan biosynthetic process (GO:1900126)	3	3	0.54	+	5.55	0.00585	0.0402	GO:1900126	negative regulation of hyaluronan biosynthetic process	5.55	True
box C/D sno(s)RNA processing (GO:0034963)	3	3	0.54	+	5.55	0.00585	0.0402	GO:0034963	box C/D sno(s)RNA processing	5.55	True
positive regulation of matrix metallopeptidase secretion (GO:1904466)	3	3	0.54	+	5.55	0.00585	0.0401	GO:1904466	positive regulation of matrix metallopeptidase secretion	5.55	True
fructose catabolic process to hydroxyacetone phosphate and glyceraldehyde-3-phosphate (GO:0061624)	3	3	0.54	+	5.55	0.00585	0.0401	GO:0061624	fructose catabolic process to hydroxyacetone phosphate and glyceraldehyde-3-phosphate	5.55	True
positive regulation of RNA export from nucleus (GO:0046833)	5	5	0.9	+	5.55	0.00019	0.00213	GO:0046833	positive regulation of RNA export from nucleus	5.55	True
negative regulation of RNA export from nucleus (GO:0046832)	3	3	0.54	+	5.55	0.00585	0.0401	GO:0046832	negative regulation of RNA export from nucleus	5.55	True
negative regulation of protein export from nucleus (GO:0046826)	5	5	0.9	+	5.55	0.00019	0.00212	GO:0046826	negative regulation of protein export from nucleus	5.55	True
receptor localization to non-motile cilium (GO:0097500)	3	3	0.54	+	5.55	0.00585	0.0401	GO:0097500	receptor localization to non-motile cilium	5.55	True
positive regulation of centrosome duplication (GO:0010825)	3	3	0.54	+	5.55	0.00585	0.0401	GO:0010825	positive regulation of centrosome duplication	5.55	True
regulation of ATF6-mediated unfolded protein response (GO:1903891)	4	4	0.72	+	5.55	0.00105	0.00947	GO:1903891	regulation of ATF6-mediated unfolded protein response	5.55	True
diterpenoid biosynthetic process (GO:0016102)	8	8	1.44	+	5.55	1.11e-06	2.02e-05	GO:0016102	diterpenoid biosynthetic process	5.55	True
centriole elongation (GO:0061511)	4	4	0.72	+	5.55	0.00105	0.00946	GO:0061511	centriole elongation	5.55	True
L-leucine import across plasma membrane (GO:1903801)	3	3	0.54	+	5.55	0.00585	0.04	GO:1903801	L-leucine import across plasma membrane	5.55	True
fructose 1,6-bisphosphate metabolic process (GO:0030388)	6	6	1.08	+	5.55	3.42e-05	0.000469	GO:0030388	fructose 1,6-bisphosphate metabolic process	5.55	True
negative regulation of protein localization to ciliary membrane (GO:1903568)	4	4	0.72	+	5.55	0.00105	0.00946	GO:1903568	negative regulation of protein localization to ciliary membrane	5.55	True
regulation of protein localization to ciliary membrane (GO:1903567)	5	5	0.9	+	5.55	0.00019	0.00212	GO:1903567	regulation of protein localization to ciliary membrane	5.55	True
hair follicle placode formation (GO:0060789)	3	3	0.54	+	5.55	0.00585	0.04	GO:0060789	hair follicle placode formation	5.55	True
positive regulation of blood pressure by epinephrine-norepinephrine (GO:0003321)	3	3	0.54	+	5.55	0.00585	0.04	GO:0003321	positive regulation of blood pressure by epinephrine-norepinephrine	5.55	True
vesicle transport along actin filament (GO:0030050)	4	4	0.72	+	5.55	0.00105	0.00945	GO:0030050	vesicle transport along actin filament	5.55	True
box C/D sno(s)RNA metabolic process (GO:0033967)	3	3	0.54	+	5.55	0.00585	0.04	GO:0033967	box C/D sno(s)RNA metabolic process	5.55	True
negative regulation of protein refolding (GO:0061084)	3	3	0.54	+	5.55	0.00585	0.04	GO:0061084	negative regulation of protein refolding	5.55	True
regulation of protein refolding (GO:0061083)	4	4	0.72	+	5.55	0.00105	0.00945	GO:0061083	regulation of protein refolding	5.55	True
regulation of microtubule nucleation (GO:0010968)	19	18	3.42	+	5.26	6.13e-13	2.67e-11	GO:0010968	regulation of microtubule nucleation	5.26	True
zymosterol biosynthetic process (GO:0036197)	16	15	2.88	+	5.20	8.94e-11	2.93e-09	GO:0036197	zymosterol biosynthetic process	5.2	True
zymosterol metabolic process (GO:0036196)	16	15	2.88	+	5.20	8.94e-11	2.93e-09	GO:0036196	zymosterol metabolic process	5.2	True
nuclear pore organization (GO:0006999)	15	14	2.7	+	5.18	4.67e-10	1.43e-08	GO:0006999	nuclear pore organization	5.18	True
fructose metabolic process (GO:0006000)	14	13	2.52	+	5.15	2.43e-09	6.62e-08	GO:0006000	fructose metabolic process	5.15	True
AMP biosynthetic process (GO:0006167)	13	12	2.34	+	5.12	1.25e-08	3.15e-07	GO:0006167	AMP biosynthetic process	5.12	True
vacuole fusion (GO:0097576)	13	12	2.34	+	5.12	1.25e-08	3.14e-07	GO:0097576	vacuole fusion	5.12	True
fructose 6-phosphate metabolic process (GO:0006002)	12	11	2.16	+	5.09	6.45e-08	1.46e-06	GO:0006002	fructose 6-phosphate metabolic process	5.09	True
purine ribonucleoside monophosphate catabolic process (GO:0009169)	12	11	2.16	+	5.09	6.45e-08	1.46e-06	GO:0009169	purine ribonucleoside monophosphate catabolic process	5.09	True
vesicle fusion with vacuole (GO:0051469)	11	10	1.98	+	5.04	3.29e-07	6.55e-06	GO:0051469	vesicle fusion with vacuole	5.04	True
microtubule anchoring at centrosome (GO:0034454)	11	10	1.98	+	5.04	3.29e-07	6.54e-06	GO:0034454	microtubule anchoring at centrosome	5.04	True
cholesterol biosynthetic process via desmosterol (GO:0033489)	20	18	3.6	+	4.99	5.09e-12	1.98e-10	GO:0033489	cholesterol biosynthetic process via desmosterol	4.99	True
GTP biosynthetic process (GO:0006183)	10	9	1.8	+	4.99	1.67e-06	2.95e-05	GO:0006183	GTP biosynthetic process	4.99	True
nuclear pore complex assembly (GO:0051292)	10	9	1.8	+	4.99	1.67e-06	2.94e-05	GO:0051292	nuclear pore complex assembly	4.99	True
purine nucleobase biosynthetic process (GO:0009113)	10	9	1.8	+	4.99	1.67e-06	2.94e-05	GO:0009113	purine nucleobase biosynthetic process	4.99	True
protein branched polyubiquitination (GO:0141198)	19	17	3.42	+	4.96	2.55e-11	9.08e-10	GO:0141198	protein branched polyubiquitination	4.96	True
cholesterol biosynthetic process via lathosterol (GO:0033490)	19	17	3.42	+	4.96	2.55e-11	9.06e-10	GO:0033490	cholesterol biosynthetic process via lathosterol	4.96	True
purine ribonucleotide salvage (GO:0106380)	9	8	1.62	+	4.93	8.36e-06	0.000128	GO:0106380	purine ribonucleotide salvage	4.93	True
malate-aspartate shuttle (GO:0043490)	9	8	1.62	+	4.93	8.36e-06	0.000128	GO:0043490	malate-aspartate shuttle	4.93	True
positive regulation of telomerase RNA localization to Cajal body (GO:1904874)	9	8	1.62	+	4.93	8.36e-06	0.000128	GO:1904874	positive regulation of telomerase RNA localization to Cajal body	4.93	True
geranylgeranyl diphosphate biosynthetic process (GO:0033386)	8	7	1.44	+	4.86	4.14e-05	0.000547	GO:0033386	geranylgeranyl diphosphate biosynthetic process	4.86	True
L-isoleucine catabolic process (GO:0006550)	8	7	1.44	+	4.86	4.14e-05	0.000547	GO:0006550	L-isoleucine catabolic process	4.86	True
endoplasmic reticulum tubular network membrane organization (GO:1990809)	8	7	1.44	+	4.86	4.14e-05	0.000546	GO:1990809	endoplasmic reticulum tubular network membrane organization	4.86	True
'de novo' AMP biosynthetic process (GO:0044208)	8	7	1.44	+	4.86	4.14e-05	0.000546	GO:0044208	'de novo' AMP biosynthetic process	4.86	True
positive regulation of microtubule nucleation (GO:0090063)	8	7	1.44	+	4.86	4.14e-05	0.000545	GO:0090063	positive regulation of microtubule nucleation	4.86	True
ATF6-mediated unfolded protein response (GO:0036500)	8	7	1.44	+	4.86	4.14e-05	0.000545	GO:0036500	ATF6-mediated unfolded protein response	4.86	True
centrosome separation (GO:0051299)	8	7	1.44	+	4.86	4.14e-05	0.000544	GO:0051299	centrosome separation	4.86	True
terpenoid biosynthetic process (GO:0016114)	23	20	4.15	+	4.82	1.27e-12	5.29e-11	GO:0016114	terpenoid biosynthetic process	4.82	True
anaphase-promoting complex-dependent catabolic process (GO:0031145)	22	19	3.96	+	4.79	6.14e-12	2.33e-10	GO:0031145	anaphase-promoting complex-dependent catabolic process	4.79	True
angiotensin-activated signaling pathway (GO:0038166)	14	12	2.52	+	4.76	7.33e-08	1.63e-06	GO:0038166	angiotensin-activated signaling pathway	4.76	True
anterograde dendritic transport of neurotransmitter receptor complex (GO:0098971)	7	6	1.26	+	4.76	0.000202	0.00225	GO:0098971	anterograde dendritic transport of neurotransmitter receptor complex	4.76	True
PERK-mediated unfolded protein response (GO:0036499)	7	6	1.26	+	4.76	0.000202	0.00225	GO:0036499	PERK-mediated unfolded protein response	4.76	True
cAMP biosynthetic process (GO:0006171)	13	11	2.34	+	4.70	3.5e-07	6.93e-06	GO:0006171	cAMP biosynthetic process	4.7	True
purine nucleoside monophosphate catabolic process (GO:0009128)	13	11	2.34	+	4.70	3.5e-07	6.92e-06	GO:0009128	purine nucleoside monophosphate catabolic process	4.7	True
purine ribonucleoside monophosphate biosynthetic process (GO:0009168)	19	16	3.42	+	4.67	6.71e-10	1.98e-08	GO:0009168	purine ribonucleoside monophosphate biosynthetic process	4.67	True
determination of liver left/right asymmetry (GO:0071910)	6	5	1.08	+	4.62	0.000968	0.00904	GO:0071910	determination of liver left/right asymmetry	4.62	True
cGMP catabolic process (GO:0046069)	6	5	1.08	+	4.62	0.000968	0.00903	GO:0046069	cGMP catabolic process	4.62	True
secondary alcohol biosynthetic process (GO:1902653)	30	25	5.41	+	4.62	1.29e-14	6.56e-13	GO:1902653	secondary alcohol biosynthetic process	4.62	True
IMP metabolic process (GO:0046040)	18	15	3.24	+	4.62	3.15e-09	8.47e-08	GO:0046040	IMP metabolic process	4.62	True
GMP catabolic process (GO:0046038)	6	5	1.08	+	4.62	0.000968	0.00903	GO:0046038	GMP catabolic process	4.62	True
endoplasmic reticulum tubular network formation (GO:0071787)	6	5	1.08	+	4.62	0.000968	0.00902	GO:0071787	endoplasmic reticulum tubular network formation	4.62	True
cholesterol biosynthetic process (GO:0006695)	30	25	5.41	+	4.62	1.29e-14	6.54e-13	GO:0006695	cholesterol biosynthetic process	4.62	True
L-serine catabolic process (GO:0006565)	6	5	1.08	+	4.62	0.000968	0.00901	GO:0006565	L-serine catabolic process	4.62	True
regulation of removal of superoxide radicals (GO:2000121)	6	5	1.08	+	4.62	0.000968	0.00901	GO:2000121	regulation of removal of superoxide radicals	4.62	True
AMP catabolic process (GO:0006196)	6	5	1.08	+	4.62	0.000968	0.009	GO:0006196	AMP catabolic process	4.62	True
'de novo' IMP biosynthetic process (GO:0006189)	6	5	1.08	+	4.62	0.000968	0.009	GO:0006189	'de novo' IMP biosynthetic process	4.62	True
response to methylmercury (GO:0051597)	6	5	1.08	+	4.62	0.000968	0.00899	GO:0051597	response to methylmercury	4.62	True
pyruvate decarboxylation to acetyl-CoA (GO:0006086)	6	5	1.08	+	4.62	0.000968	0.00898	GO:0006086	pyruvate decarboxylation to acetyl-CoA	4.62	True
equilibrioception (GO:0050957)	6	5	1.08	+	4.62	0.000968	0.00898	GO:0050957	equilibrioception	4.62	True
GMP salvage (GO:0032263)	6	5	1.08	+	4.62	0.000968	0.00897	GO:0032263	GMP salvage	4.62	True
positive regulation of nucleobase-containing compound transport (GO:0032241)	6	5	1.08	+	4.62	0.000968	0.00897	GO:0032241	positive regulation of nucleobase-containing compound transport	4.62	True
negative regulation of release of sequestered calcium ion into cytosol (GO:0051280)	6	5	1.08	+	4.62	0.000968	0.00896	GO:0051280	negative regulation of release of sequestered calcium ion into cytosol	4.62	True
mRNA 5'-splice site recognition (GO:0000395)	6	5	1.08	+	4.62	0.000968	0.00895	GO:0000395	mRNA 5'-splice site recognition	4.62	True
GDP-mannose biosynthetic process (GO:0009298)	6	5	1.08	+	4.62	0.000968	0.00895	GO:0009298	GDP-mannose biosynthetic process	4.62	True
multivesicular body-lysosome fusion (GO:0061763)	12	10	2.16	+	4.62	1.65e-06	2.92e-05	GO:0061763	multivesicular body-lysosome fusion	4.62	True
regulation of matrix metallopeptidase secretion (GO:1904464)	6	5	1.08	+	4.62	0.000968	0.00894	GO:1904464	regulation of matrix metallopeptidase secretion	4.62	True
positive regulation of microglial cell migration (GO:1904141)	6	5	1.08	+	4.62	0.000968	0.00894	GO:1904141	positive regulation of microglial cell migration	4.62	True
isopentenyl diphosphate metabolic process (GO:0046490)	6	5	1.08	+	4.62	0.000968	0.00893	GO:0046490	isopentenyl diphosphate metabolic process	4.62	True
intraciliary anterograde transport (GO:0035720)	23	19	4.15	+	4.58	2.93e-11	1.03e-09	GO:0035720	intraciliary anterograde transport	4.58	True
ADP catabolic process (GO:0046032)	40	33	7.21	+	4.58	1.21e-18	8.48e-17	GO:0046032	ADP catabolic process	4.58	True
purine nucleobase metabolic process (GO:0006144)	17	14	3.06	+	4.57	1.47e-08	3.64e-07	GO:0006144	purine nucleobase metabolic process	4.57	True
protein O-linked glycosylation via mannose (GO:0035269)	17	14	3.06	+	4.57	1.47e-08	3.63e-07	GO:0035269	protein O-linked glycosylation via mannose	4.57	True
glucose catabolic process (GO:0006007)	28	23	5.05	+	4.56	2.77e-13	1.26e-11	GO:0006007	glucose catabolic process	4.56	True
UTP metabolic process (GO:0046051)	11	9	1.98	+	4.54	7.69e-06	0.000119	GO:0046051	UTP metabolic process	4.54	True
IMP biosynthetic process (GO:0006188)	11	9	1.98	+	4.54	7.69e-06	0.000118	GO:0006188	IMP biosynthetic process	4.54	True
alternative mRNA splicing, via spliceosome (GO:0000380)	22	18	3.96	+	4.54	1.35e-10	4.28e-09	GO:0000380	alternative mRNA splicing, via spliceosome	4.54	True
CTP biosynthetic process (GO:0006241)	16	13	2.88	+	4.51	6.74e-08	1.52e-06	GO:0006241	CTP biosynthetic process	4.51	True
multivesicular body assembly (GO:0036258)	32	26	5.77	+	4.51	1.21e-14	6.23e-13	GO:0036258	multivesicular body assembly	4.51	True
pyrimidine ribonucleoside triphosphate biosynthetic process (GO:0009209)	16	13	2.88	+	4.51	6.74e-08	1.52e-06	GO:0009209	pyrimidine ribonucleoside triphosphate biosynthetic process	4.51	True
glycolytic process (GO:0006096)	37	30	6.67	+	4.50	1.17e-16	7.27e-15	GO:0006096	glycolytic process	4.5	True
purine ribonucleoside diphosphate catabolic process (GO:0009181)	42	34	7.57	+	4.49	1.13e-18	8.05e-17	GO:0009181	purine ribonucleoside diphosphate catabolic process	4.49	True
purine nucleoside diphosphate catabolic process (GO:0009137)	42	34	7.57	+	4.49	1.13e-18	8.01e-17	GO:0009137	purine nucleoside diphosphate catabolic process	4.49	True
purine nucleoside monophosphate biosynthetic process (GO:0009127)	21	17	3.78	+	4.49	6.17e-10	1.83e-08	GO:0009127	purine nucleoside monophosphate biosynthetic process	4.49	True
centriole replication (GO:0007099)	26	21	4.69	+	4.48	5.79e-12	2.22e-10	GO:0007099	centriole replication	4.48	True
glycolytic process through glucose-6-phosphate (GO:0061620)	26	21	4.69	+	4.48	5.79e-12	2.21e-10	GO:0061620	glycolytic process through glucose-6-phosphate	4.48	True
glycolytic process through fructose-6-phosphate (GO:0061615)	26	21	4.69	+	4.48	5.79e-12	2.21e-10	GO:0061615	glycolytic process through fructose-6-phosphate	4.48	True
sterol biosynthetic process (GO:0016126)	31	25	5.59	+	4.47	5.51e-14	2.61e-12	GO:0016126	sterol biosynthetic process	4.47	True
gluconeogenesis (GO:0006094)	41	33	7.39	+	4.47	5.11e-18	3.52e-16	GO:0006094	gluconeogenesis	4.47	True
nucleobase biosynthetic process (GO:0046112)	20	16	3.6	+	4.44	2.79e-09	7.57e-08	GO:0046112	nucleobase biosynthetic process	4.44	True
dAMP catabolic process (GO:0046059)	5	4	0.9	+	4.44	0.00451	0.0333	GO:0046059	dAMP catabolic process	4.44	True
1-phosphatidyl-1D-myo-inositol 4,5-bisphosphate biosynthetic process (GO:1902635)	5	4	0.9	+	4.44	0.00451	0.0333	GO:1902635	1-phosphatidyl-1D-myo-inositol 4,5-bisphosphate biosynthetic process	4.44	True
cobalt ion transport (GO:0006824)	5	4	0.9	+	4.44	0.00451	0.0332	GO:0006824	cobalt ion transport	4.44	True
isopentenyl diphosphate biosynthetic process, mevalonate pathway (GO:0019287)	5	4	0.9	+	4.44	0.00451	0.0332	GO:0019287	isopentenyl diphosphate biosynthetic process, mevalonate pathway	4.44	True
regulation of systemic arterial blood pressure by norepinephrine-epinephrine (GO:0001993)	5	4	0.9	+	4.44	0.00451	0.0332	GO:0001993	regulation of systemic arterial blood pressure by norepinephrine-epinephrine	4.44	True
positive regulation of protein monoubiquitination (GO:1902527)	5	4	0.9	+	4.44	0.00451	0.0332	GO:1902527	positive regulation of protein monoubiquitination	4.44	True
regulation of protein monoubiquitination (GO:1902525)	5	4	0.9	+	4.44	0.00451	0.0332	GO:1902525	regulation of protein monoubiquitination	4.44	True
beta-arrestin-dependent dopamine receptor signaling pathway (GO:0160213)	5	4	0.9	+	4.44	0.00451	0.0331	GO:0160213	beta-arrestin-dependent dopamine receptor signaling pathway	4.44	True
negative regulation of dopamine receptor signaling pathway (GO:0060160)	5	4	0.9	+	4.44	0.00451	0.0331	GO:0060160	negative regulation of dopamine receptor signaling pathway	4.44	True
wound healing involved in inflammatory response (GO:0002246)	5	4	0.9	+	4.44	0.00451	0.0331	GO:0002246	wound healing involved in inflammatory response	4.44	True
farnesyl diphosphate biosynthetic process (GO:0045337)	10	8	1.8	+	4.44	3.51e-05	0.000479	GO:0045337	farnesyl diphosphate biosynthetic process	4.44	True
protein localization to bicellular tight junction (GO:1902396)	5	4	0.9	+	4.44	0.00451	0.0331	GO:1902396	protein localization to bicellular tight junction	4.44	True
nuclear cell cycle DNA replication initiation (GO:1902315)	5	4	0.9	+	4.44	0.00451	0.0331	GO:1902315	nuclear cell cycle DNA replication initiation	4.44	True
L-aspartate catabolic process (GO:0006533)	5	4	0.9	+	4.44	0.00451	0.0331	GO:0006533	L-aspartate catabolic process	4.44	True
iron import into cell (GO:0033212)	5	4	0.9	+	4.44	0.00451	0.033	GO:0033212	iron import into cell	4.44	True
cell cycle DNA replication initiation (GO:1902292)	5	4	0.9	+	4.44	0.00451	0.033	GO:1902292	cell cycle DNA replication initiation	4.44	True
cellular response to water stimulus (GO:0071462)	5	4	0.9	+	4.44	0.00451	0.033	GO:0071462	cellular response to water stimulus	4.44	True
vesicle tethering involved in exocytosis (GO:0090522)	10	8	1.8	+	4.44	3.51e-05	0.000478	GO:0090522	vesicle tethering involved in exocytosis	4.44	True
protein myristoylation (GO:0018377)	5	4	0.9	+	4.44	0.00451	0.033	GO:0018377	protein myristoylation	4.44	True
relaxation of smooth muscle (GO:0044557)	5	4	0.9	+	4.44	0.00451	0.033	GO:0044557	relaxation of smooth muscle	4.44	True
UDP biosynthetic process (GO:0006225)	5	4	0.9	+	4.44	0.00451	0.033	GO:0006225	UDP biosynthetic process	4.44	True
nuclear pore localization (GO:0051664)	5	4	0.9	+	4.44	0.00451	0.0329	GO:0051664	nuclear pore localization	4.44	True
IMP catabolic process (GO:0006204)	5	4	0.9	+	4.44	0.00451	0.0329	GO:0006204	IMP catabolic process	4.44	True
regulation of locomotion involved in locomotory behavior (GO:0090325)	5	4	0.9	+	4.44	0.00451	0.0329	GO:0090325	regulation of locomotion involved in locomotory behavior	4.44	True
forebrain morphogenesis (GO:0048853)	5	4	0.9	+	4.44	0.00451	0.0329	GO:0048853	forebrain morphogenesis	4.44	True
postsynapse to nucleus signaling pathway (GO:0099527)	5	4	0.9	+	4.44	0.00451	0.0329	GO:0099527	postsynapse to nucleus signaling pathway	4.44	True
GMP biosynthetic process (GO:0006177)	15	12	2.7	+	4.44	3.06e-07	6.11e-06	GO:0006177	GMP biosynthetic process	4.44	True
mitochondrial electron transport, succinate to ubiquinone (GO:0006121)	5	4	0.9	+	4.44	0.00451	0.0328	GO:0006121	mitochondrial electron transport, succinate to ubiquinone	4.44	True
2-oxoglutarate metabolic process (GO:0006103)	15	12	2.7	+	4.44	3.06e-07	6.11e-06	GO:0006103	2-oxoglutarate metabolic process	4.44	True
nuclear receptor-mediated corticosteroid signaling pathway (GO:0031958)	5	4	0.9	+	4.44	0.00451	0.0328	GO:0031958	nuclear receptor-mediated corticosteroid signaling pathway	4.44	True
microtubule nucleation by microtubule organizing center (GO:0051418)	5	4	0.9	+	4.44	0.00451	0.0328	GO:0051418	microtubule nucleation by microtubule organizing center	4.44	True
positive regulation of neuron projection regeneration (GO:0070572)	5	4	0.9	+	4.44	0.00451	0.0328	GO:0070572	positive regulation of neuron projection regeneration	4.44	True
positive regulation of axon regeneration (GO:0048680)	5	4	0.9	+	4.44	0.00451	0.0328	GO:0048680	positive regulation of axon regeneration	4.44	True
IMP salvage (GO:0032264)	5	4	0.9	+	4.44	0.00451	0.0328	GO:0032264	IMP salvage	4.44	True
bone marrow development (GO:0048539)	5	4	0.9	+	4.44	0.00451	0.0327	GO:0048539	bone marrow development	4.44	True
box C/D snoRNP assembly (GO:0000492)	10	8	1.8	+	4.44	3.51e-05	0.000478	GO:0000492	box C/D snoRNP assembly	4.44	True
regulation of relaxation of smooth muscle (GO:1901080)	5	4	0.9	+	4.44	0.00451	0.0327	GO:1901080	regulation of relaxation of smooth muscle	4.44	True
amacrine cell differentiation (GO:0035881)	5	4	0.9	+	4.44	0.00451	0.0327	GO:0035881	amacrine cell differentiation	4.44	True
7-methylguanosine cap hypermethylation (GO:0036261)	10	8	1.8	+	4.44	3.51e-05	0.000477	GO:0036261	7-methylguanosine cap hypermethylation	4.44	True
positive regulation of ubiquitin protein ligase activity (GO:1904668)	5	4	0.9	+	4.44	0.00451	0.0327	GO:1904668	positive regulation of ubiquitin protein ligase activity	4.44	True
isopentenyl diphosphate biosynthetic process (GO:0009240)	5	4	0.9	+	4.44	0.00451	0.0327	GO:0009240	isopentenyl diphosphate biosynthetic process	4.44	True
type 2 mitophagy (GO:0061734)	5	4	0.9	+	4.44	0.00451	0.0327	GO:0061734	type 2 mitophagy	4.44	True
glucose catabolic process to pyruvate (GO:0061718)	25	20	4.51	+	4.44	2.61e-11	9.21e-10	GO:0061718	glucose catabolic process to pyruvate	4.44	True
determination of pancreatic left/right asymmetry (GO:0035469)	5	4	0.9	+	4.44	0.00451	0.0326	GO:0035469	determination of pancreatic left/right asymmetry	4.44	True
pyrimidine ribonucleoside diphosphate biosynthetic process (GO:0009194)	5	4	0.9	+	4.44	0.00451	0.0326	GO:0009194	pyrimidine ribonucleoside diphosphate biosynthetic process	4.44	True
canonical glycolysis (GO:0061621)	25	20	4.51	+	4.44	2.61e-11	9.19e-10	GO:0061621	canonical glycolysis	4.44	True
neuron-glial cell signaling (GO:0150099)	5	4	0.9	+	4.44	0.00451	0.0326	GO:0150099	neuron-glial cell signaling	4.44	True
negative regulation of receptor guanylyl cyclase signaling pathway (GO:0010754)	5	4	0.9	+	4.44	0.00451	0.0326	GO:0010754	negative regulation of receptor guanylyl cyclase signaling pathway	4.44	True
negative regulation of protein localization to cilium (GO:1903565)	5	4	0.9	+	4.44	0.00451	0.0326	GO:1903565	negative regulation of protein localization to cilium	4.44	True
positive regulation of dopamine metabolic process (GO:0045964)	5	4	0.9	+	4.44	0.00451	0.0326	GO:0045964	positive regulation of dopamine metabolic process	4.44	True
mitotic DNA replication initiation (GO:1902975)	5	4	0.9	+	4.44	0.00451	0.0325	GO:1902975	mitotic DNA replication initiation	4.44	True
monosaccharide biosynthetic process (GO:0046364)	45	36	8.11	+	4.44	2.24e-19	1.79e-17	GO:0046364	monosaccharide biosynthetic process	4.44	True
hexose biosynthetic process (GO:0019319)	44	35	7.93	+	4.41	1e-18	7.21e-17	GO:0019319	hexose biosynthetic process	4.41	True
isoprenoid biosynthetic process (GO:0008299)	29	23	5.23	+	4.40	1.11e-12	4.66e-11	GO:0008299	isoprenoid biosynthetic process	4.4	True
spliceosomal tri-snRNP complex assembly (GO:0000244)	38	30	6.85	+	4.38	4.58e-16	2.7e-14	GO:0000244	spliceosomal tri-snRNP complex assembly	4.38	True
aspartate transmembrane transport (GO:0015810)	19	15	3.42	+	4.38	1.25e-08	3.13e-07	GO:0015810	aspartate transmembrane transport	4.38	True
multivesicular body organization (GO:0036257)	33	26	5.95	+	4.37	4.73e-14	2.27e-12	GO:0036257	multivesicular body organization	4.37	True
ribonucleoside diphosphate catabolic process (GO:0009191)	47	37	8.47	+	4.37	1.93e-19	1.55e-17	GO:0009191	ribonucleoside diphosphate catabolic process	4.37	True
microtubule anchoring at microtubule organizing center (GO:0072393)	14	11	2.52	+	4.36	1.37e-06	2.46e-05	GO:0072393	microtubule anchoring at microtubule organizing center	4.36	True
response to isoquinoline alkaloid (GO:0014072)	14	11	2.52	+	4.36	1.37e-06	2.46e-05	GO:0014072	response to isoquinoline alkaloid	4.36	True
negative regulation of mRNA processing (GO:0050686)	28	22	5.05	+	4.36	4.92e-12	1.92e-10	GO:0050686	negative regulation of mRNA processing	4.36	True
response to morphine (GO:0043278)	14	11	2.52	+	4.36	1.37e-06	2.45e-05	GO:0043278	response to morphine	4.36	True
isoprenoid biosynthetic process via mevalonate (GO:1902767)	9	7	1.62	+	4.32	0.000157	0.00183	GO:1902767	isoprenoid biosynthetic process via mevalonate	4.32	True
farnesyl diphosphate biosynthetic process, mevalonate pathway (GO:0010142)	9	7	1.62	+	4.32	0.000157	0.00183	GO:0010142	farnesyl diphosphate biosynthetic process, mevalonate pathway	4.32	True
CTP metabolic process (GO:0046036)	18	14	3.24	+	4.32	5.49e-08	1.25e-06	GO:0046036	CTP metabolic process	4.32	True
1-phosphatidyl-1D-myo-inositol 4,5-bisphosphate metabolic process (GO:1902633)	9	7	1.62	+	4.32	0.000157	0.00183	GO:1902633	1-phosphatidyl-1D-myo-inositol 4,5-bisphosphate metabolic process	4.32	True
regulation of type B pancreatic cell apoptotic process (GO:2000674)	9	7	1.62	+	4.32	0.000157	0.00183	GO:2000674	regulation of type B pancreatic cell apoptotic process	4.32	True
geranylgeranyl diphosphate metabolic process (GO:0033385)	9	7	1.62	+	4.32	0.000157	0.00183	GO:0033385	geranylgeranyl diphosphate metabolic process	4.32	True
late endosome to vacuole transport via multivesicular body sorting pathway (GO:0032511)	27	21	4.87	+	4.32	2.16e-11	7.76e-10	GO:0032511	late endosome to vacuole transport via multivesicular body sorting pathway	4.32	True
extracellular vesicle biogenesis (GO:0140112)	9	7	1.62	+	4.32	0.000157	0.00183	GO:0140112	extracellular vesicle biogenesis	4.32	True
protein polyglutamylation (GO:0018095)	9	7	1.62	+	4.32	0.000157	0.00183	GO:0018095	protein polyglutamylation	4.32	True
membrane fission (GO:0090148)	45	35	8.11	+	4.32	3.72e-18	2.57e-16	GO:0090148	membrane fission	4.32	True
negative regulation of mRNA splicing, via spliceosome (GO:0048025)	27	21	4.87	+	4.32	2.16e-11	7.74e-10	GO:0048025	negative regulation of mRNA splicing, via spliceosome	4.32	True
dolichyl monophosphate biosynthetic process (GO:0043048)	9	7	1.62	+	4.32	0.000157	0.00182	GO:0043048	dolichyl monophosphate biosynthetic process	4.32	True
purine deoxyribonucleoside monophosphate catabolic process (GO:0009172)	9	7	1.62	+	4.32	0.000157	0.00182	GO:0009172	purine deoxyribonucleoside monophosphate catabolic process	4.32	True
cytosolic ribosome assembly (GO:0042256)	9	7	1.62	+	4.32	0.000157	0.00182	GO:0042256	cytosolic ribosome assembly	4.32	True
intraciliary transport (GO:0042073)	54	42	9.73	+	4.32	1.5800000000000001e-21	1.52e-19	GO:0042073	intraciliary transport	4.32	True
cellular response to glucagon stimulus (GO:0071377)	22	17	3.96	+	4.29	2.26e-09	6.25e-08	GO:0071377	cellular response to glucagon stimulus	4.29	True
vascular endothelial cell response to laminar fluid shear stress (GO:0097700)	22	17	3.96	+	4.29	2.26e-09	6.23e-08	GO:0097700	vascular endothelial cell response to laminar fluid shear stress	4.29	True
protein localization to ciliary transition zone (GO:1904491)	22	17	3.96	+	4.29	2.26e-09	6.22e-08	GO:1904491	protein localization to ciliary transition zone	4.29	True
viral budding via host ESCRT complex (GO:0039702)	22	17	3.96	+	4.29	2.26e-09	6.21e-08	GO:0039702	viral budding via host ESCRT complex	4.29	True
nucleoside diphosphate catabolic process (GO:0009134)	48	37	8.65	+	4.28	6.95e-19	5.11e-17	GO:0009134	nucleoside diphosphate catabolic process	4.28	True
positive regulation of protein sumoylation (GO:0033235)	13	10	2.34	+	4.27	6e-06	9.5e-05	GO:0033235	positive regulation of protein sumoylation	4.27	True
acetyl-CoA biosynthetic process (GO:0006085)	13	10	2.34	+	4.27	6e-06	9.49e-05	GO:0006085	acetyl-CoA biosynthetic process	4.27	True
cyclic nucleotide biosynthetic process (GO:0009190)	26	20	4.69	+	4.27	9.38e-11	3.07e-09	GO:0009190	cyclic nucleotide biosynthetic process	4.27	True
mRNA cis splicing, via spliceosome (GO:0045292)	30	23	5.41	+	4.25	3.94e-12	1.56e-10	GO:0045292	mRNA cis splicing, via spliceosome	4.25	True
spliceosomal complex assembly (GO:0000245)	77	59	13.88	+	4.25	4.35e-29	6.3700000000000005e-27	GO:0000245	spliceosomal complex assembly	4.25	True
viral budding (GO:0046755)	25	19	4.51	+	4.22	4.03e-10	1.24e-08	GO:0046755	viral budding	4.22	True
tricarboxylic acid cycle (GO:0006099)	29	22	5.23	+	4.21	1.69e-11	6.13e-10	GO:0006099	tricarboxylic acid cycle	4.21	True
RNA splicing, via transesterification reactions (GO:0000375)	266	200	47.94	+	4.17	1.95e-93	2.69e-90	GO:0000375	RNA splicing, via transesterification reactions	4.17	True
mRNA splicing, via spliceosome (GO:0000398)	261	196	47.04	+	4.17	2.1199999999999998e-91	2.65e-88	GO:0000398	mRNA splicing, via spliceosome	4.17	True
RNA splicing, via transesterification reactions with bulged adenosine as nucleophile (GO:0000377)	261	196	47.04	+	4.17	2.1199999999999998e-91	2.43e-88	GO:0000377	RNA splicing, via transesterification reactions with bulged adenosine as nucleophile	4.17	True
dAMP metabolic process (GO:0046053)	8	6	1.44	+	4.16	0.000684	0.00666	GO:0046053	dAMP metabolic process	4.16	True
UDP metabolic process (GO:0046048)	8	6	1.44	+	4.16	0.000684	0.00665	GO:0046048	UDP metabolic process	4.16	True
farnesyl diphosphate metabolic process (GO:0045338)	12	9	2.16	+	4.16	2.58e-05	0.000363	GO:0045338	farnesyl diphosphate metabolic process	4.16	True
L-serine metabolic process (GO:0006563)	12	9	2.16	+	4.16	2.58e-05	0.000363	GO:0006563	L-serine metabolic process	4.16	True
protein insertion into mitochondrial inner membrane (GO:0045039)	12	9	2.16	+	4.16	2.58e-05	0.000363	GO:0045039	protein insertion into mitochondrial inner membrane	4.16	True
succinate metabolic process (GO:0006105)	8	6	1.44	+	4.16	0.000684	0.00665	GO:0006105	succinate metabolic process	4.16	True
positive regulation of spindle assembly (GO:1905832)	8	6	1.44	+	4.16	0.000684	0.00664	GO:1905832	positive regulation of spindle assembly	4.16	True
regulation of telomerase RNA localization to Cajal body (GO:1904872)	12	9	2.16	+	4.16	2.58e-05	0.000362	GO:1904872	regulation of telomerase RNA localization to Cajal body	4.16	True
alkanesulfonate transmembrane transport (GO:0042918)	8	6	1.44	+	4.16	0.000684	0.00664	GO:0042918	alkanesulfonate transmembrane transport	4.16	True
phosphatidylinositol-mediated signaling (GO:0048015)	24	18	4.33	+	4.16	1.71e-09	4.82e-08	GO:0048015	phosphatidylinositol-mediated signaling	4.16	True
pyrimidine ribonucleoside diphosphate metabolic process (GO:0009193)	8	6	1.44	+	4.16	0.000684	0.00663	GO:0009193	pyrimidine ribonucleoside diphosphate metabolic process	4.16	True
pyrimidine nucleoside triphosphate biosynthetic process (GO:0009148)	20	15	3.6	+	4.16	4.15e-08	9.59e-07	GO:0009148	pyrimidine nucleoside triphosphate biosynthetic process	4.16	True
taurine transmembrane transport (GO:0015734)	8	6	1.44	+	4.16	0.000684	0.00663	GO:0015734	taurine transmembrane transport	4.16	True
positive regulation of neuron projection arborization (GO:0150012)	8	6	1.44	+	4.16	0.000684	0.00662	GO:0150012	positive regulation of neuron projection arborization	4.16	True
regulation of microglial cell migration (GO:1904139)	8	6	1.44	+	4.16	0.000684	0.00662	GO:1904139	regulation of microglial cell migration	4.16	True
protein localization to cytoplasmic stress granule (GO:1903608)	8	6	1.44	+	4.16	0.000684	0.00661	GO:1903608	protein localization to cytoplasmic stress granule	4.16	True
retinal rod cell development (GO:0046548)	8	6	1.44	+	4.16	0.000684	0.00661	GO:0046548	retinal rod cell development	4.16	True
'de novo' XMP biosynthetic process (GO:0097294)	8	6	1.44	+	4.16	0.000684	0.00661	GO:0097294	'de novo' XMP biosynthetic process	4.16	True
XMP biosynthetic process (GO:0097293)	8	6	1.44	+	4.16	0.000684	0.0066	GO:0097293	XMP biosynthetic process	4.16	True
XMP metabolic process (GO:0097292)	8	6	1.44	+	4.16	0.000684	0.0066	GO:0097292	XMP metabolic process	4.16	True
spliceosomal conformational changes to generate catalytic conformation (GO:0000393)	39	29	7.03	+	4.13	2.28e-14	1.12e-12	GO:0000393	spliceosomal conformational changes to generate catalytic conformation	4.13	True
regulation of spindle assembly (GO:0090169)	35	26	6.31	+	4.12	5.36e-13	2.36e-11	GO:0090169	regulation of spindle assembly	4.12	True
negative regulation of nucleocytoplasmic transport (GO:0046823)	23	17	4.15	+	4.10	7.19e-09	1.86e-07	GO:0046823	negative regulation of nucleocytoplasmic transport	4.1	True
G protein-coupled dopamine receptor signaling pathway (GO:0007212)	19	14	3.42	+	4.09	1.74e-07	3.63e-06	GO:0007212	G protein-coupled dopamine receptor signaling pathway	4.09	True
pyrimidine ribonucleoside triphosphate metabolic process (GO:0009208)	19	14	3.42	+	4.09	1.74e-07	3.63e-06	GO:0009208	pyrimidine ribonucleoside triphosphate metabolic process	4.09	True
response to forskolin (GO:1904321)	15	11	2.7	+	4.07	4.28e-06	6.98e-05	GO:1904321	response to forskolin	4.07	True
protein import into mitochondrial matrix (GO:0030150)	26	19	4.69	+	4.05	1.24e-09	3.6e-08	GO:0030150	protein import into mitochondrial matrix	4.05	True
spliceosomal snRNP assembly (GO:0000387)	70	51	12.62	+	4.04	1.3899999999999998e-23	1.5000000000000001e-21	GO:0000387	spliceosomal snRNP assembly	4.04	True
long-chain fatty acid import into cell (GO:0044539)	11	8	1.98	+	4.04	0.000108	0.00131	GO:0044539	long-chain fatty acid import into cell	4.04	True
L-aspartate transmembrane transport (GO:0070778)	11	8	1.98	+	4.04	0.000108	0.00131	GO:0070778	L-aspartate transmembrane transport	4.04	True
positive regulation of ubiquitin-protein transferase activity (GO:0051443)	11	8	1.98	+	4.04	0.000108	0.00131	GO:0051443	positive regulation of ubiquitin-protein transferase activity	4.04	True
intraciliary retrograde transport (GO:0035721)	22	16	3.96	+	4.04	2.97e-08	7.06e-07	GO:0035721	intraciliary retrograde transport	4.04	True
positive regulation of centriole replication (GO:0046601)	11	8	1.98	+	4.04	0.000108	0.00131	GO:0046601	positive regulation of centriole replication	4.04	True
positive regulation of cardiac muscle cell apoptotic process (GO:0010666)	11	8	1.98	+	4.04	0.000108	0.00131	GO:0010666	positive regulation of cardiac muscle cell apoptotic process	4.04	True
positive regulation of striated muscle cell apoptotic process (GO:0010663)	11	8	1.98	+	4.04	0.000108	0.00131	GO:0010663	positive regulation of striated muscle cell apoptotic process	4.04	True
pyrimidine nucleobase biosynthetic process (GO:0019856)	11	8	1.98	+	4.04	0.000108	0.00131	GO:0019856	pyrimidine nucleobase biosynthetic process	4.04	True
ubiquitin-dependent protein catabolic process via the multivesicular body sorting pathway (GO:0043162)	36	26	6.49	+	4.01	1.6e-12	6.64e-11	GO:0043162	ubiquitin-dependent protein catabolic process via the multivesicular body sorting pathway	4.01	True
regulation of mitotic spindle assembly (GO:1901673)	25	18	4.51	+	4.00	5.08e-09	1.35e-07	GO:1901673	regulation of mitotic spindle assembly	4.0	True
RNA splicing (GO:0008380)	309	222	55.69	+	3.99	5.900000000000001e-97	9.02e-94	GO:0008380	RNA splicing	3.99	True
ER-nucleus signaling pathway (GO:0006984)	28	20	5.05	+	3.96	8.72e-10	2.55e-08	GO:0006984	ER-nucleus signaling pathway	3.96	True
determination of digestive tract left/right asymmetry (GO:0071907)	7	5	1.26	+	3.96	0.00288	0.0229	GO:0071907	determination of digestive tract left/right asymmetry	3.96	True
dGMP catabolic process (GO:0046055)	7	5	1.26	+	3.96	0.00288	0.0229	GO:0046055	dGMP catabolic process	3.96	True
neural tube patterning (GO:0021532)	7	5	1.26	+	3.96	0.00288	0.0229	GO:0021532	neural tube patterning	3.96	True
regulation of cytokinetic process (GO:0032954)	7	5	1.26	+	3.96	0.00288	0.0228	GO:0032954	regulation of cytokinetic process	3.96	True
negative regulation of mitochondrial depolarization (GO:0051902)	7	5	1.26	+	3.96	0.00288	0.0228	GO:0051902	negative regulation of mitochondrial depolarization	3.96	True
regulation of L-glutamate import across plasma membrane (GO:0002036)	7	5	1.26	+	3.96	0.00288	0.0228	GO:0002036	regulation of L-glutamate import across plasma membrane	3.96	True
cyclic-GMP-AMP transmembrane import across plasma membrane (GO:0140361)	7	5	1.26	+	3.96	0.00288	0.0228	GO:0140361	cyclic-GMP-AMP transmembrane import across plasma membrane	3.96	True
transcription-dependent tethering of RNA polymerase II gene DNA at nuclear periphery (GO:0000972)	7	5	1.26	+	3.96	0.00288	0.0228	GO:0000972	transcription-dependent tethering of RNA polymerase II gene DNA at nuclear periphery	3.96	True
negative regulation of DNA-templated transcription initiation (GO:2000143)	14	10	2.52	+	3.96	1.76e-05	0.000255	GO:2000143	negative regulation of DNA-templated transcription initiation	3.96	True
synaptic signaling via neuropeptide (GO:0099538)	7	5	1.26	+	3.96	0.00288	0.0228	GO:0099538	synaptic signaling via neuropeptide	3.96	True
negative regulation of voltage-gated calcium channel activity (GO:1901386)	7	5	1.26	+	3.96	0.00288	0.0228	GO:1901386	negative regulation of voltage-gated calcium channel activity	3.96	True
lysosome to ER cholesterol transport (GO:0090120)	7	5	1.26	+	3.96	0.00288	0.0228	GO:0090120	lysosome to ER cholesterol transport	3.96	True
positive regulation of phospholipase C-activating G protein-coupled receptor signaling pathway (GO:1900738)	7	5	1.26	+	3.96	0.00288	0.0227	GO:1900738	positive regulation of phospholipase C-activating G protein-coupled receptor signaling pathway	3.96	True
negative regulation of retinoic acid receptor signaling pathway (GO:0048387)	7	5	1.26	+	3.96	0.00288	0.0227	GO:0048387	negative regulation of retinoic acid receptor signaling pathway	3.96	True
positive regulation of amyloid-beta clearance (GO:1900223)	7	5	1.26	+	3.96	0.00288	0.0227	GO:1900223	positive regulation of amyloid-beta clearance	3.96	True
ribosomal small subunit export from nucleus (GO:0000056)	7	5	1.26	+	3.96	0.00288	0.0227	GO:0000056	ribosomal small subunit export from nucleus	3.96	True
extracellular exosome biogenesis (GO:0097734)	7	5	1.26	+	3.96	0.00288	0.0227	GO:0097734	extracellular exosome biogenesis	3.96	True
purine deoxyribonucleoside monophosphate metabolic process (GO:0009170)	14	10	2.52	+	3.96	1.76e-05	0.000255	GO:0009170	purine deoxyribonucleoside monophosphate metabolic process	3.96	True
chaperone-mediated autophagy (GO:0061684)	7	5	1.26	+	3.96	0.00288	0.0227	GO:0061684	chaperone-mediated autophagy	3.96	True
positive regulation of cholesterol storage (GO:0010886)	7	5	1.26	+	3.96	0.00288	0.0227	GO:0010886	positive regulation of cholesterol storage	3.96	True
viral budding from plasma membrane (GO:0046761)	14	10	2.52	+	3.96	1.76e-05	0.000254	GO:0046761	viral budding from plasma membrane	3.96	True
establishment of monopolar cell polarity (GO:0061162)	14	10	2.52	+	3.96	1.76e-05	0.000254	GO:0061162	establishment of monopolar cell polarity	3.96	True
positive regulation of mitotic cytokinetic process (GO:1903438)	7	5	1.26	+	3.96	0.00288	0.0227	GO:1903438	positive regulation of mitotic cytokinetic process	3.96	True
regulation of mitotic cytokinetic process (GO:1903436)	7	5	1.26	+	3.96	0.00288	0.0226	GO:1903436	regulation of mitotic cytokinetic process	3.96	True
negative regulation of transcription initiation by RNA polymerase II (GO:0060633)	14	10	2.52	+	3.96	1.76e-05	0.000254	GO:0060633	negative regulation of transcription initiation by RNA polymerase II	3.96	True
pyridine nucleotide catabolic process (GO:0019364)	42	30	7.57	+	3.96	4.85e-14	2.32e-12	GO:0019364	pyridine nucleotide catabolic process	3.96	True
spliceosome conformational change to release U4 (or U4atac) and U1 (or U11) (GO:0000388)	35	25	6.31	+	3.96	6.46e-12	2.44e-10	GO:0000388	spliceosome conformational change to release U4 (or U4atac) and U1 (or U11)	3.96	True
extracellular transport (GO:0006858)	24	17	4.33	+	3.93	2.05e-08	5e-07	GO:0006858	extracellular transport	3.93	True
protein localization to centrosome (GO:0071539)	24	17	4.33	+	3.93	2.05e-08	5e-07	GO:0071539	protein localization to centrosome	3.93	True
regulation of spindle organization (GO:0090224)	48	34	8.65	+	3.93	1.47e-15	8.26e-14	GO:0090224	regulation of spindle organization	3.93	True
protein localization to microtubule organizing center (GO:1905508)	24	17	4.33	+	3.93	2.05e-08	4.99e-07	GO:1905508	protein localization to microtubule organizing center	3.93	True
mitochondrial protein import pathway (GO:7770058)	41	29	7.39	+	3.92	1.94e-13	9.02e-12	GO:7770058	mitochondrial protein import pathway	3.92	True
ubiquinone biosynthetic process (GO:0006744)	17	12	3.06	+	3.92	2.9e-06	4.89e-05	GO:0006744	ubiquinone biosynthetic process	3.92	True
quinone biosynthetic process (GO:1901663)	17	12	3.06	+	3.92	2.9e-06	4.88e-05	GO:1901663	quinone biosynthetic process	3.92	True
retinal metabolic process (GO:0042574)	17	12	3.06	+	3.92	2.9e-06	4.87e-05	GO:0042574	retinal metabolic process	3.92	True
response to laminar fluid shear stress (GO:0034616)	34	24	6.13	+	3.92	2.58e-11	9.13e-10	GO:0034616	response to laminar fluid shear stress	3.92	True
regulation of mitotic spindle organization (GO:0060236)	44	31	7.93	+	3.91	3.36e-14	1.63e-12	GO:0060236	regulation of mitotic spindle organization	3.91	True
late endosome to vacuole transport (GO:0045324)	37	26	6.67	+	3.90	4.45e-12	1.75e-10	GO:0045324	late endosome to vacuole transport	3.9	True
ADP metabolic process (GO:0046031)	47	33	8.47	+	3.90	5.83e-15	3.11e-13	GO:0046031	ADP metabolic process	3.9	True
cellular response to laminar fluid shear stress (GO:0071499)	30	21	5.41	+	3.88	5.95e-10	1.78e-08	GO:0071499	cellular response to laminar fluid shear stress	3.88	True
mRNA splice site recognition (GO:0006376)	30	21	5.41	+	3.88	5.95e-10	1.78e-08	GO:0006376	mRNA splice site recognition	3.88	True
epithelial cilium movement involved in determination of left/right asymmetry (GO:0060287)	10	7	1.8	+	3.88	0.000442	0.00456	GO:0060287	epithelial cilium movement involved in determination of left/right asymmetry	3.88	True
L-valine catabolic process (GO:0006574)	10	7	1.8	+	3.88	0.000442	0.00455	GO:0006574	L-valine catabolic process	3.88	True
nitric oxide-cGMP-mediated signaling (GO:0038060)	10	7	1.8	+	3.88	0.000442	0.00455	GO:0038060	nitric oxide-cGMP-mediated signaling	3.88	True
dolichol-linked oligosaccharide biosynthetic process (GO:0006488)	20	14	3.6	+	3.88	4.83e-07	9.35e-06	GO:0006488	dolichol-linked oligosaccharide biosynthetic process	3.88	True
cellular response to manganese ion (GO:0071287)	10	7	1.8	+	3.88	0.000442	0.00455	GO:0071287	cellular response to manganese ion	3.88	True
UDP-N-acetylglucosamine biosynthetic process (GO:0006048)	10	7	1.8	+	3.88	0.000442	0.00454	GO:0006048	UDP-N-acetylglucosamine biosynthetic process	3.88	True
response to cobalt ion (GO:0032025)	10	7	1.8	+	3.88	0.000442	0.00454	GO:0032025	response to cobalt ion	3.88	True
positive regulation of type 2 mitophagy (GO:1905091)	10	7	1.8	+	3.88	0.000442	0.00453	GO:1905091	positive regulation of type 2 mitophagy	3.88	True
serine family amino acid biosynthetic process (GO:0009070)	10	7	1.8	+	3.88	0.000442	0.00453	GO:0009070	serine family amino acid biosynthetic process	3.88	True
response to mercury ion (GO:0046689)	10	7	1.8	+	3.88	0.000442	0.00453	GO:0046689	response to mercury ion	3.88	True
GDP-mannose metabolic process (GO:0019673)	10	7	1.8	+	3.88	0.000442	0.00452	GO:0019673	GDP-mannose metabolic process	3.88	True
purine ribonucleotide catabolic process (GO:0009154)	73	51	13.16	+	3.88	3.15e-22	3.21e-20	GO:0009154	purine ribonucleotide catabolic process	3.88	True
centriole assembly (GO:0098534)	33	23	5.95	+	3.87	1.02e-10	3.29e-09	GO:0098534	centriole assembly	3.87	True
pyruvate metabolic process (GO:0006090)	56	39	10.09	+	3.86	3.05e-17	2.01e-15	GO:0006090	pyruvate metabolic process	3.86	True
lipid import into cell (GO:0140354)	13	9	2.34	+	3.84	7.04e-05	0.000881	GO:0140354	lipid import into cell	3.84	True
cGMP biosynthetic process (GO:0006182)	13	9	2.34	+	3.84	7.04e-05	0.00088	GO:0006182	cGMP biosynthetic process	3.84	True
response to corticosterone (GO:0051412)	13	9	2.34	+	3.84	7.04e-05	0.000879	GO:0051412	response to corticosterone	3.84	True
cellular response to forskolin (GO:1904322)	13	9	2.34	+	3.84	7.04e-05	0.000879	GO:1904322	cellular response to forskolin	3.84	True
establishment of apical/basal cell polarity (GO:0035089)	13	9	2.34	+	3.84	7.04e-05	0.000878	GO:0035089	establishment of apical/basal cell polarity	3.84	True
regulation of protein localization to cilium (GO:1903564)	13	9	2.34	+	3.84	7.04e-05	0.000877	GO:1903564	regulation of protein localization to cilium	3.84	True
protein localization to ciliary membrane (GO:1903441)	13	9	2.34	+	3.84	7.04e-05	0.000876	GO:1903441	protein localization to ciliary membrane	3.84	True
response to glucagon (GO:0033762)	29	20	5.23	+	3.83	2.33e-09	6.39e-08	GO:0033762	response to glucagon	3.83	True
pyridine-containing compound catabolic process (GO:0072526)	45	31	8.11	+	3.82	8.94e-14	4.2e-12	GO:0072526	pyridine-containing compound catabolic process	3.82	True
microtubule nucleation (GO:0007020)	32	22	5.77	+	3.81	3.98e-10	1.23e-08	GO:0007020	microtubule nucleation	3.81	True
cellular response to misfolded protein (GO:0071218)	16	11	2.88	+	3.81	1.15e-05	0.000172	GO:0071218	cellular response to misfolded protein	3.81	True
ribonucleoside monophosphate biosynthetic process (GO:0009156)	35	24	6.31	+	3.80	6.8e-11	2.28e-09	GO:0009156	ribonucleoside monophosphate biosynthetic process	3.8	True
response to amphetamine (GO:0001975)	19	13	3.42	+	3.80	1.89e-06	3.31e-05	GO:0001975	response to amphetamine	3.8	True
response to misfolded protein (GO:0051788)	19	13	3.42	+	3.80	1.89e-06	3.31e-05	GO:0051788	response to misfolded protein	3.8	True
ribonucleoside monophosphate catabolic process (GO:0009158)	19	13	3.42	+	3.80	1.89e-06	3.31e-05	GO:0009158	ribonucleoside monophosphate catabolic process	3.8	True
AMP metabolic process (GO:0046033)	25	17	4.51	+	3.77	5.32e-08	1.22e-06	GO:0046033	AMP metabolic process	3.77	True
heme biosynthetic process (GO:0006783)	25	17	4.51	+	3.77	5.32e-08	1.21e-06	GO:0006783	heme biosynthetic process	3.77	True
porphyrin-containing compound biosynthetic process (GO:0006779)	28	19	5.05	+	3.77	9e-09	2.31e-07	GO:0006779	porphyrin-containing compound biosynthetic process	3.77	True
tetrapyrrole biosynthetic process (GO:0033014)	28	19	5.05	+	3.77	9e-09	2.31e-07	GO:0033014	tetrapyrrole biosynthetic process	3.77	True
nucleobase metabolic process (GO:0009112)	31	21	5.59	+	3.76	1.53e-09	4.35e-08	GO:0009112	nucleobase metabolic process	3.76	True
phototransduction (GO:0007602)	37	25	6.67	+	3.75	4.47e-11	1.54e-09	GO:0007602	phototransduction	3.75	True
positive regulation of cilium assembly (GO:0045724)	30	20	5.41	+	3.70	5.8e-09	1.52e-07	GO:0045724	positive regulation of cilium assembly	3.7	True
dGMP metabolic process (GO:0046054)	9	6	1.62	+	3.70	0.00174	0.0148	GO:0046054	dGMP metabolic process	3.7	True
receptor guanylyl cyclase signaling pathway (GO:0007168)	12	8	2.16	+	3.70	0.000273	0.00295	GO:0007168	receptor guanylyl cyclase signaling pathway	3.7	True
HRI-mediated signaling (GO:0140468)	9	6	1.62	+	3.70	0.00174	0.0148	GO:0140468	HRI-mediated signaling	3.7	True
conditioned place preference (GO:1990708)	9	6	1.62	+	3.70	0.00174	0.0148	GO:1990708	conditioned place preference	3.7	True
postsynaptic endocytosis (GO:0140239)	9	6	1.62	+	3.70	0.00174	0.0148	GO:0140239	postsynaptic endocytosis	3.7	True
'de novo' pyrimidine nucleobase biosynthetic process (GO:0006207)	9	6	1.62	+	3.70	0.00174	0.0147	GO:0006207	'de novo' pyrimidine nucleobase biosynthetic process	3.7	True
neurotransmitter receptor internalization (GO:0099590)	9	6	1.62	+	3.70	0.00174	0.0147	GO:0099590	neurotransmitter receptor internalization	3.7	True
mannose metabolic process (GO:0006013)	9	6	1.62	+	3.70	0.00174	0.0147	GO:0006013	mannose metabolic process	3.7	True
postsynaptic neurotransmitter receptor internalization (GO:0098884)	9	6	1.62	+	3.70	0.00174	0.0147	GO:0098884	postsynaptic neurotransmitter receptor internalization	3.7	True
regulation of phospholipase C-activating G protein-coupled receptor signaling pathway (GO:1900736)	9	6	1.62	+	3.70	0.00174	0.0147	GO:1900736	regulation of phospholipase C-activating G protein-coupled receptor signaling pathway	3.7	True
small nucleolar ribonucleoprotein complex assembly (GO:0000491)	12	8	2.16	+	3.70	0.000273	0.00295	GO:0000491	small nucleolar ribonucleoprotein complex assembly	3.7	True
response to muscle stretch (GO:0035994)	18	12	3.24	+	3.70	7.26e-06	0.000113	GO:0035994	response to muscle stretch	3.7	True
regulation of retinoic acid receptor signaling pathway (GO:0048385)	15	10	2.7	+	3.70	4.42e-05	0.000579	GO:0048385	regulation of retinoic acid receptor signaling pathway	3.7	True
regulation of protein localization to centrosome (GO:1904779)	12	8	2.16	+	3.70	0.000273	0.00295	GO:1904779	regulation of protein localization to centrosome	3.7	True
monoubiquitinated protein deubiquitination (GO:0035520)	9	6	1.62	+	3.70	0.00174	0.0147	GO:0035520	monoubiquitinated protein deubiquitination	3.7	True
pyrimidine ribonucleotide biosynthetic process (GO:0009220)	24	16	4.33	+	3.70	2.03e-07	4.16e-06	GO:0009220	pyrimidine ribonucleotide biosynthetic process	3.7	True
positive regulation of protein export from nucleus (GO:0046827)	18	12	3.24	+	3.70	7.26e-06	0.000112	GO:0046827	positive regulation of protein export from nucleus	3.7	True
non-lytic viral release (GO:0046753)	15	10	2.7	+	3.70	4.42e-05	0.000578	GO:0046753	non-lytic viral release	3.7	True
regulation of centriole elongation (GO:1903722)	9	6	1.62	+	3.70	0.00174	0.0147	GO:1903722	regulation of centriole elongation	3.7	True
isoprenoid catabolic process (GO:0008300)	9	6	1.62	+	3.70	0.00174	0.0147	GO:0008300	isoprenoid catabolic process	3.7	True
establishment or maintenance of monopolar cell polarity (GO:0061339)	15	10	2.7	+	3.70	4.42e-05	0.000578	GO:0061339	establishment or maintenance of monopolar cell polarity	3.7	True
random inactivation of X chromosome (GO:0060816)	9	6	1.62	+	3.70	0.00174	0.0147	GO:0060816	random inactivation of X chromosome	3.7	True
parallel actin filament bundle assembly (GO:0030046)	9	6	1.62	+	3.70	0.00174	0.0147	GO:0030046	parallel actin filament bundle assembly	3.7	True
regulation of opsin-mediated signaling pathway (GO:0022400)	9	6	1.62	+	3.70	0.00174	0.0147	GO:0022400	regulation of opsin-mediated signaling pathway	3.7	True
glyceraldehyde-3-phosphate metabolic process (GO:0019682)	12	8	2.16	+	3.70	0.000273	0.00294	GO:0019682	glyceraldehyde-3-phosphate metabolic process	3.7	True
regulation of protein sumoylation (GO:0033233)	21	14	3.78	+	3.70	1.21e-06	2.19e-05	GO:0033233	regulation of protein sumoylation	3.7	True
negative regulation of RNA splicing (GO:0033119)	33	22	5.95	+	3.70	9.89e-10	2.87e-08	GO:0033119	negative regulation of RNA splicing	3.7	True
vascular endothelial cell response to fluid shear stress (GO:0097699)	27	18	4.87	+	3.70	3.42e-08	8.07e-07	GO:0097699	vascular endothelial cell response to fluid shear stress	3.7	True
eye photoreceptor cell development (GO:0042462)	21	14	3.78	+	3.70	1.21e-06	2.19e-05	GO:0042462	eye photoreceptor cell development	3.7	True
epithelial cilium movement involved in extracellular fluid movement (GO:0003351)	21	14	3.78	+	3.70	1.21e-06	2.19e-05	GO:0003351	epithelial cilium movement involved in extracellular fluid movement	3.7	True
ribonucleotide catabolic process (GO:0009261)	82	54	14.78	+	3.65	1.4800000000000002e-21	1.44e-19	GO:0009261	ribonucleotide catabolic process	3.65	True
centrosome cycle (GO:0007098)	96	63	17.3	+	3.64	8.56e-25	9.979999999999999e-23	GO:0007098	centrosome cycle	3.64	True
GMP metabolic process (GO:0046037)	29	19	5.23	+	3.64	2.17e-08	5.27e-07	GO:0046037	GMP metabolic process	3.64	True
negative regulation of cAMP/PKA signal transduction (GO:0141162)	29	19	5.23	+	3.64	2.17e-08	5.26e-07	GO:0141162	negative regulation of cAMP/PKA signal transduction	3.64	True
regulation of protein export from nucleus (GO:0046825)	29	19	5.23	+	3.64	2.17e-08	5.25e-07	GO:0046825	regulation of protein export from nucleus	3.64	True
GTP metabolic process (GO:0046039)	26	17	4.69	+	3.63	1.28e-07	2.74e-06	GO:0046039	GTP metabolic process	3.63	True
viral release from host cell (GO:0019076)	26	17	4.69	+	3.63	1.28e-07	2.73e-06	GO:0019076	viral release from host cell	3.63	True
exit from host cell (GO:0035891)	26	17	4.69	+	3.63	1.28e-07	2.73e-06	GO:0035891	exit from host cell	3.63	True
detection of visible light (GO:0009584)	26	17	4.69	+	3.63	1.28e-07	2.72e-06	GO:0009584	detection of visible light	3.63	True
C4-dicarboxylate transport (GO:0015740)	26	17	4.69	+	3.63	1.28e-07	2.72e-06	GO:0015740	C4-dicarboxylate transport	3.63	True
positive regulation of telomere maintenance via telomere lengthening (GO:1904358)	26	17	4.69	+	3.63	1.28e-07	2.72e-06	GO:1904358	positive regulation of telomere maintenance via telomere lengthening	3.63	True
positive regulation of telomere maintenance via telomerase (GO:0032212)	23	15	4.15	+	3.62	7.56e-07	1.42e-05	GO:0032212	positive regulation of telomere maintenance via telomerase	3.62	True
endosome transport via multivesicular body sorting pathway (GO:0032509)	43	28	7.75	+	3.61	1.18e-11	4.37e-10	GO:0032509	endosome transport via multivesicular body sorting pathway	3.61	True
centrosome duplication (GO:0051298)	43	28	7.75	+	3.61	1.18e-11	4.35e-10	GO:0051298	centrosome duplication	3.61	True
purine ribonucleoside diphosphate metabolic process (GO:0009179)	57	37	10.27	+	3.60	6.68e-15	3.54e-13	GO:0009179	purine ribonucleoside diphosphate metabolic process	3.6	True
purine nucleoside diphosphate metabolic process (GO:0009135)	57	37	10.27	+	3.60	6.68e-15	3.52e-13	GO:0009135	purine nucleoside diphosphate metabolic process	3.6	True
positive regulation of nucleocytoplasmic transport (GO:0046824)	57	37	10.27	+	3.60	6.68e-15	3.51e-13	GO:0046824	positive regulation of nucleocytoplasmic transport	3.6	True
brain morphogenesis (GO:0048854)	17	11	3.06	+	3.59	2.71e-05	0.000379	GO:0048854	brain morphogenesis	3.59	True
pyrimidine ribonucleotide metabolic process (GO:0009218)	34	22	6.13	+	3.59	2.32e-09	6.38e-08	GO:0009218	pyrimidine ribonucleotide metabolic process	3.59	True
mRNA processing (GO:0006397)	361	233	65.06	+	3.58	1.3500000000000001e-86	1.1599999999999999e-83	GO:0006397	mRNA processing	3.58	True
outer mitochondrial membrane organization (GO:0007008)	14	9	2.52	+	3.57	0.000165	0.00191	GO:0007008	outer mitochondrial membrane organization	3.57	True
purine ribonucleotide biosynthetic process (GO:0009152)	140	90	25.23	+	3.57	8.659999999999999e-34	1.49e-31	GO:0009152	purine ribonucleotide biosynthetic process	3.57	True
purine ribonucleoside monophosphate metabolic process (GO:0009167)	42	27	7.57	+	3.57	4.31e-11	1.49e-09	GO:0009167	purine ribonucleoside monophosphate metabolic process	3.57	True
regulation of centriole replication (GO:0046599)	25	16	4.51	+	3.55	4.68e-07	9.07e-06	GO:0046599	regulation of centriole replication	3.55	True
positive regulation of protein import into nucleus (GO:0042307)	36	23	6.49	+	3.54	1.45e-09	4.14e-08	GO:0042307	positive regulation of protein import into nucleus	3.54	True
ribosome localization (GO:0033750)	11	7	1.98	+	3.53	0.00103	0.00938	GO:0033750	ribosome localization	3.53	True
cGMP metabolic process (GO:0046068)	22	14	3.96	+	3.53	2.77e-06	4.68e-05	GO:0046068	cGMP metabolic process	3.53	True
transferrin transport (GO:0033572)	11	7	1.98	+	3.53	0.00103	0.00938	GO:0033572	transferrin transport	3.53	True
L-leucine catabolic process (GO:0006552)	11	7	1.98	+	3.53	0.00103	0.00937	GO:0006552	L-leucine catabolic process	3.53	True
L-leucine metabolic process (GO:0006551)	11	7	1.98	+	3.53	0.00103	0.00937	GO:0006551	L-leucine metabolic process	3.53	True
cellular response to oxidised low-density lipoprotein particle stimulus (GO:0140052)	11	7	1.98	+	3.53	0.00103	0.00936	GO:0140052	cellular response to oxidised low-density lipoprotein particle stimulus	3.53	True
anterograde dendritic transport (GO:0098937)	11	7	1.98	+	3.53	0.00103	0.00935	GO:0098937	anterograde dendritic transport	3.53	True
regulation of endosome size (GO:0051036)	11	7	1.98	+	3.53	0.00103	0.00935	GO:0051036	regulation of endosome size	3.53	True
post-translational protein targeting to membrane, translocation (GO:0031204)	11	7	1.98	+	3.53	0.00103	0.00934	GO:0031204	post-translational protein targeting to membrane, translocation	3.53	True
ribosomal subunit export from nucleus (GO:0000054)	11	7	1.98	+	3.53	0.00103	0.00933	GO:0000054	ribosomal subunit export from nucleus	3.53	True
nucleoside monophosphate catabolic process (GO:0009125)	22	14	3.96	+	3.53	2.77e-06	4.68e-05	GO:0009125	nucleoside monophosphate catabolic process	3.53	True
carbohydrate phosphorylation (GO:0046835)	11	7	1.98	+	3.53	0.00103	0.00933	GO:0046835	carbohydrate phosphorylation	3.53	True
negative regulation of centrosome duplication (GO:0010826)	11	7	1.98	+	3.53	0.00103	0.00932	GO:0010826	negative regulation of centrosome duplication	3.53	True
negative regulation of centrosome cycle (GO:0046606)	11	7	1.98	+	3.53	0.00103	0.00932	GO:0046606	negative regulation of centrosome cycle	3.53	True
glucose metabolic process (GO:0006006)	85	54	15.32	+	3.53	1.82e-20	1.61e-18	GO:0006006	glucose metabolic process	3.53	True
ribonucleotide biosynthetic process (GO:0009260)	156	99	28.11	+	3.52	2.51e-36	4.93e-34	GO:0009260	ribonucleotide biosynthetic process	3.52	True
detection of light stimulus (GO:0009583)	52	33	9.37	+	3.52	5.04e-13	2.24e-11	GO:0009583	detection of light stimulus	3.52	True
purine nucleotide catabolic process (GO:0006195)	82	52	14.78	+	3.52	1.05e-19	8.77e-18	GO:0006195	purine nucleotide catabolic process	3.52	True
late endosome to lysosome transport (GO:1902774)	19	12	3.42	+	3.50	1.65e-05	0.00024	GO:1902774	late endosome to lysosome transport	3.5	True
ubiquinone metabolic process (GO:0006743)	19	12	3.42	+	3.50	1.65e-05	0.00024	GO:0006743	ubiquinone metabolic process	3.5	True
endosome to lysosome transport via multivesicular body sorting pathway (GO:0032510)	19	12	3.42	+	3.50	1.65e-05	0.00024	GO:0032510	endosome to lysosome transport via multivesicular body sorting pathway	3.5	True
ribose phosphate biosynthetic process (GO:0046390)	162	102	29.2	+	3.49	6.030000000000001e-37	1.22e-34	GO:0046390	ribose phosphate biosynthetic process	3.49	True
ribonucleoside diphosphate metabolic process (GO:0009185)	70	44	12.62	+	3.49	1.12e-16	7.01e-15	GO:0009185	ribonucleoside diphosphate metabolic process	3.49	True
regulation of centrosome duplication (GO:0010824)	51	32	9.19	+	3.48	1.79e-12	7.34e-11	GO:0010824	regulation of centrosome duplication	3.48	True
regulation of centrosome cycle (GO:0046605)	59	37	10.63	+	3.48	3.38e-14	1.63e-12	GO:0046605	regulation of centrosome cycle	3.48	True
ER overload response (GO:0006983)	8	5	1.44	+	3.47	0.00654	0.044	GO:0006983	ER overload response	3.47	True
phagocytosis, recognition (GO:0006910)	8	5	1.44	+	3.47	0.00654	0.044	GO:0006910	phagocytosis, recognition	3.47	True
response to manganese ion (GO:0010042)	16	10	2.88	+	3.47	9.87e-05	0.00121	GO:0010042	response to manganese ion	3.47	True
phospholipase C-activating G protein-coupled acetylcholine receptor signaling pathway (GO:0007207)	8	5	1.44	+	3.47	0.00654	0.0439	GO:0007207	phospholipase C-activating G protein-coupled acetylcholine receptor signaling pathway	3.47	True
camera-type eye photoreceptor cell differentiation (GO:0060219)	16	10	2.88	+	3.47	9.87e-05	0.00121	GO:0060219	camera-type eye photoreceptor cell differentiation	3.47	True
SREBP signaling pathway (GO:0032933)	8	5	1.44	+	3.47	0.00654	0.0439	GO:0032933	SREBP signaling pathway	3.47	True
SRP-dependent cotranslational protein targeting to membrane, signal sequence recognition (GO:0006617)	8	5	1.44	+	3.47	0.00654	0.0439	GO:0006617	SRP-dependent cotranslational protein targeting to membrane, signal sequence recognition	3.47	True
ERBB2-ERBB3 signaling pathway (GO:0038133)	8	5	1.44	+	3.47	0.00654	0.0439	GO:0038133	ERBB2-ERBB3 signaling pathway	3.47	True
ERBB3 signaling pathway (GO:0038129)	8	5	1.44	+	3.47	0.00654	0.0438	GO:0038129	ERBB3 signaling pathway	3.47	True
amino-acid betaine biosynthetic process (GO:0006578)	8	5	1.44	+	3.47	0.00654	0.0438	GO:0006578	amino-acid betaine biosynthetic process	3.47	True
negative regulation of protein sumoylation (GO:0033234)	8	5	1.44	+	3.47	0.00654	0.0438	GO:0033234	negative regulation of protein sumoylation	3.47	True
neurotransmitter receptor transport, endosome to plasma membrane (GO:0099639)	8	5	1.44	+	3.47	0.00654	0.0438	GO:0099639	neurotransmitter receptor transport, endosome to plasma membrane	3.47	True
negative regulation of cholesterol metabolic process (GO:0090206)	8	5	1.44	+	3.47	0.00654	0.0438	GO:0090206	negative regulation of cholesterol metabolic process	3.47	True
neurotransmitter receptor transport, endosome to postsynaptic membrane (GO:0098887)	8	5	1.44	+	3.47	0.00654	0.0437	GO:0098887	neurotransmitter receptor transport, endosome to postsynaptic membrane	3.47	True
rRNA 2'-O-methylation (GO:0000451)	8	5	1.44	+	3.47	0.00654	0.0437	GO:0000451	rRNA 2'-O-methylation	3.47	True
tongue morphogenesis (GO:0043587)	8	5	1.44	+	3.47	0.00654	0.0437	GO:0043587	tongue morphogenesis	3.47	True
glucose 6-phosphate metabolic process (GO:0051156)	24	15	4.33	+	3.47	1.68e-06	2.96e-05	GO:0051156	glucose 6-phosphate metabolic process	3.47	True
regulation of protein localization to cell cortex (GO:1904776)	8	5	1.44	+	3.47	0.00654	0.0437	GO:1904776	regulation of protein localization to cell cortex	3.47	True
regulation of chaperone-mediated autophagy (GO:1904714)	8	5	1.44	+	3.47	0.00654	0.0437	GO:1904714	regulation of chaperone-mediated autophagy	3.47	True
stress fiber assembly (GO:0043149)	16	10	2.88	+	3.47	9.87e-05	0.0012	GO:0043149	stress fiber assembly	3.47	True
positive regulation of glial cell migration (GO:1903977)	8	5	1.44	+	3.47	0.00654	0.0436	GO:1903977	positive regulation of glial cell migration	3.47	True
terpenoid catabolic process (GO:0016115)	8	5	1.44	+	3.47	0.00654	0.0436	GO:0016115	terpenoid catabolic process	3.47	True
protein localization to cilium (GO:0061512)	80	50	14.42	+	3.47	1.32e-18	9.2e-17	GO:0061512	protein localization to cilium	3.47	True
regulation by virus of viral protein levels in host cell (GO:0046719)	8	5	1.44	+	3.47	0.00654	0.0436	GO:0046719	regulation by virus of viral protein levels in host cell	3.47	True
tetrahydrofolate biosynthetic process (GO:0046654)	8	5	1.44	+	3.47	0.00654	0.0436	GO:0046654	tetrahydrofolate biosynthetic process	3.47	True
negative regulation of membrane depolarization (GO:1904180)	8	5	1.44	+	3.47	0.00654	0.0435	GO:1904180	negative regulation of membrane depolarization	3.47	True
regulation of mitotic centrosome separation (GO:0046602)	8	5	1.44	+	3.47	0.00654	0.0435	GO:0046602	regulation of mitotic centrosome separation	3.47	True
contractile actin filament bundle assembly (GO:0030038)	16	10	2.88	+	3.47	9.87e-05	0.0012	GO:0030038	contractile actin filament bundle assembly	3.47	True
cellular response to angiotensin (GO:1904385)	29	18	5.23	+	3.44	1.74e-07	3.63e-06	GO:1904385	cellular response to angiotensin	3.44	True
quinone metabolic process (GO:1901661)	21	13	3.78	+	3.43	9.88e-06	0.00015	GO:1901661	quinone metabolic process	3.43	True
cyclic purine nucleotide metabolic process (GO:0052652)	47	29	8.47	+	3.42	3.6e-11	1.25e-09	GO:0052652	cyclic purine nucleotide metabolic process	3.42	True
protein K11-linked ubiquitination (GO:0070979)	39	24	7.03	+	3.41	1.93e-09	5.42e-08	GO:0070979	protein K11-linked ubiquitination	3.41	True
protein insertion into mitochondrial outer membrane (GO:0045040)	13	8	2.34	+	3.41	0.000598	0.00597	GO:0045040	protein insertion into mitochondrial outer membrane	3.41	True
acetyl-CoA metabolic process (GO:0006084)	26	16	4.69	+	3.41	1.01e-06	1.86e-05	GO:0006084	acetyl-CoA metabolic process	3.41	True
purine deoxyribonucleotide catabolic process (GO:0009155)	13	8	2.34	+	3.41	0.000598	0.00596	GO:0009155	purine deoxyribonucleotide catabolic process	3.41	True
pyrimidine nucleoside triphosphate metabolic process (GO:0009147)	26	16	4.69	+	3.41	1.01e-06	1.86e-05	GO:0009147	pyrimidine nucleoside triphosphate metabolic process	3.41	True
muscle cell cellular homeostasis (GO:0046716)	13	8	2.34	+	3.41	0.000598	0.00596	GO:0046716	muscle cell cellular homeostasis	3.41	True
regulation of protein import into nucleus (GO:0042306)	52	32	9.37	+	3.41	3.85e-12	1.54e-10	GO:0042306	regulation of protein import into nucleus	3.41	True
centriole-centriole cohesion (GO:0010457)	13	8	2.34	+	3.41	0.000598	0.00595	GO:0010457	centriole-centriole cohesion	3.41	True
microtubule organizing center organization (GO:0031023)	109	67	19.64	+	3.41	7.379999999999999e-24	8.26e-22	GO:0031023	microtubule organizing center organization	3.41	True
pigment biosynthetic process (GO:0046148)	36	22	6.49	+	3.39	1.11e-08	2.79e-07	GO:0046148	pigment biosynthetic process	3.39	True
positive regulation of cytoplasmic translation (GO:2000767)	18	11	3.24	+	3.39	5.84e-05	0.000749	GO:2000767	positive regulation of cytoplasmic translation	3.39	True
regulation of ubiquitin-protein transferase activity (GO:0051438)	18	11	3.24	+	3.39	5.84e-05	0.000748	GO:0051438	regulation of ubiquitin-protein transferase activity	3.39	True
ribosome-associated ubiquitin-dependent protein catabolic process (GO:1990116)	18	11	3.24	+	3.39	5.84e-05	0.000748	GO:1990116	ribosome-associated ubiquitin-dependent protein catabolic process	3.39	True
retinoic acid receptor signaling pathway (GO:0048384)	18	11	3.24	+	3.39	5.84e-05	0.000747	GO:0048384	retinoic acid receptor signaling pathway	3.39	True
purine nucleoside monophosphate metabolic process (GO:0009126)	46	28	8.29	+	3.38	1.25e-10	3.97e-09	GO:0009126	purine nucleoside monophosphate metabolic process	3.38	True
branched-chain amino acid catabolic process (GO:0009083)	23	14	4.15	+	3.38	5.89e-06	9.36e-05	GO:0009083	branched-chain amino acid catabolic process	3.38	True
ribonucleoside triphosphate biosynthetic process (GO:0009201)	97	59	17.48	+	3.37	7.56e-21	6.93e-19	GO:0009201	ribonucleoside triphosphate biosynthetic process	3.37	True
nucleoside diphosphate metabolic process (GO:0009132)	74	45	13.34	+	3.37	3.14e-16	1.89e-14	GO:0009132	nucleoside diphosphate metabolic process	3.37	True
response to arsenic-containing substance (GO:0046685)	28	17	5.05	+	3.37	6.07e-07	1.16e-05	GO:0046685	response to arsenic-containing substance	3.37	True
purine ribonucleoside triphosphate biosynthetic process (GO:0009206)	89	54	16.04	+	3.37	3.95e-19	3.02e-17	GO:0009206	purine ribonucleoside triphosphate biosynthetic process	3.37	True
purine nucleoside triphosphate biosynthetic process (GO:0009145)	89	54	16.04	+	3.37	3.95e-19	3e-17	GO:0009145	purine nucleoside triphosphate biosynthetic process	3.37	True
import into the mitochondrion (GO:0170036)	33	20	5.95	+	3.36	6.33e-08	1.43e-06	GO:0170036	import into the mitochondrion	3.36	True
protein localization to microtubule cytoskeleton (GO:0072698)	38	23	6.85	+	3.36	6.67e-09	1.73e-07	GO:0072698	protein localization to microtubule cytoskeleton	3.36	True
cyclic nucleotide metabolic process (GO:0009187)	48	29	8.65	+	3.35	7.53e-11	2.5e-09	GO:0009187	cyclic nucleotide metabolic process	3.35	True
regulation of eating behavior (GO:1903998)	15	9	2.7	+	3.33	0.000347	0.00367	GO:1903998	regulation of eating behavior	3.33	True
hexose catabolic process (GO:0019320)	50	30	9.01	+	3.33	4.53e-11	1.56e-09	GO:0019320	hexose catabolic process	3.33	True
cAMP metabolic process (GO:0046058)	25	15	4.51	+	3.33	3.5e-06	5.79e-05	GO:0046058	cAMP metabolic process	3.33	True
G protein-coupled acetylcholine receptor signaling pathway (GO:0007213)	20	12	3.6	+	3.33	3.44e-05	0.000471	GO:0007213	G protein-coupled acetylcholine receptor signaling pathway	3.33	True
retinal rod cell differentiation (GO:0060221)	10	6	1.8	+	3.33	0.00368	0.028	GO:0060221	retinal rod cell differentiation	3.33	True
response to ether (GO:0045472)	20	12	3.6	+	3.33	3.44e-05	0.000471	GO:0045472	response to ether	3.33	True
L-glutamate catabolic process (GO:0006538)	10	6	1.8	+	3.33	0.00368	0.028	GO:0006538	L-glutamate catabolic process	3.33	True
negative regulation of excitatory postsynaptic potential (GO:0090394)	10	6	1.8	+	3.33	0.00368	0.028	GO:0090394	negative regulation of excitatory postsynaptic potential	3.33	True
negative regulation of neurotransmitter transport (GO:0051589)	10	6	1.8	+	3.33	0.00368	0.028	GO:0051589	negative regulation of neurotransmitter transport	3.33	True
oxaloacetate metabolic process (GO:0006107)	10	6	1.8	+	3.33	0.00368	0.028	GO:0006107	oxaloacetate metabolic process	3.33	True
neurotransmitter receptor transport to postsynaptic membrane (GO:0098969)	10	6	1.8	+	3.33	0.00368	0.028	GO:0098969	neurotransmitter receptor transport to postsynaptic membrane	3.33	True
maintenance of protein location in nucleus (GO:0051457)	20	12	3.6	+	3.33	3.44e-05	0.00047	GO:0051457	maintenance of protein location in nucleus	3.33	True
neurotransmitter receptor transport to plasma membrane (GO:0098877)	10	6	1.8	+	3.33	0.00368	0.028	GO:0098877	neurotransmitter receptor transport to plasma membrane	3.33	True
subtelomeric heterochromatin formation (GO:0031509)	10	6	1.8	+	3.33	0.00368	0.0279	GO:0031509	subtelomeric heterochromatin formation	3.33	True
folic acid-containing compound biosynthetic process (GO:0009396)	10	6	1.8	+	3.33	0.00368	0.0279	GO:0009396	folic acid-containing compound biosynthetic process	3.33	True
non-proteinogenic amino acid biosynthetic process (GO:0170043)	10	6	1.8	+	3.33	0.00368	0.0279	GO:0170043	non-proteinogenic amino acid biosynthetic process	3.33	True
proton motive force-driven mitochondrial ATP synthesis (GO:0042776)	65	39	11.71	+	3.33	5.6e-14	2.65e-12	GO:0042776	proton motive force-driven mitochondrial ATP synthesis	3.33	True
regulation of ubiquitin protein ligase activity (GO:1904666)	10	6	1.8	+	3.33	0.00368	0.0279	GO:1904666	regulation of ubiquitin protein ligase activity	3.33	True
sulfur amino acid biosynthetic process (GO:0000097)	10	6	1.8	+	3.33	0.00368	0.0279	GO:0000097	sulfur amino acid biosynthetic process	3.33	True
positive regulation of telomere maintenance in response to DNA damage (GO:1904507)	10	6	1.8	+	3.33	0.00368	0.0279	GO:1904507	positive regulation of telomere maintenance in response to DNA damage	3.33	True
L-leucine transport (GO:0015820)	10	6	1.8	+	3.33	0.00368	0.0278	GO:0015820	L-leucine transport	3.33	True
pyrimidine nucleoside diphosphate metabolic process (GO:0009138)	10	6	1.8	+	3.33	0.00368	0.0278	GO:0009138	pyrimidine nucleoside diphosphate metabolic process	3.33	True
nucleoside monophosphate biosynthetic process (GO:0009124)	45	27	8.11	+	3.33	4.25e-10	1.3e-08	GO:0009124	nucleoside monophosphate biosynthetic process	3.33	True
purine nucleoside triphosphate metabolic process (GO:0009144)	177	106	31.9	+	3.32	1.65e-35	3.07e-33	GO:0009144	purine nucleoside triphosphate metabolic process	3.32	True
purine ribonucleoside triphosphate metabolic process (GO:0009205)	172	103	31.0	+	3.32	1.55e-34	2.73e-32	GO:0009205	purine ribonucleoside triphosphate metabolic process	3.32	True
regulation of nucleocytoplasmic transport (GO:0046822)	97	58	17.48	+	3.32	5.31e-20	4.51e-18	GO:0046822	regulation of nucleocytoplasmic transport	3.32	True
cellular respiration (GO:0045333)	198	118	35.68	+	3.31	4.31e-39	9.57e-37	GO:0045333	cellular respiration	3.31	True
cellular response to fluid shear stress (GO:0071498)	42	25	7.57	+	3.30	2.4e-09	6.55e-08	GO:0071498	cellular response to fluid shear stress	3.3	True
aerobic respiration (GO:0009060)	182	108	32.8	+	3.29	1.21e-35	2.32e-33	GO:0009060	aerobic respiration	3.29	True
monosaccharide catabolic process (GO:0046365)	54	32	9.73	+	3.29	1.63e-11	5.95e-10	GO:0046365	monosaccharide catabolic process	3.29	True
non-motile cilium assembly (GO:1905515)	39	23	7.03	+	3.27	1.35e-08	3.35e-07	GO:1905515	non-motile cilium assembly	3.27	True
purine nucleotide biosynthetic process (GO:0006164)	170	100	30.64	+	3.26	1.2e-32	1.9599999999999997e-30	GO:0006164	purine nucleotide biosynthetic process	3.26	True
RNA capping (GO:0036260)	17	10	3.06	+	3.26	0.000201	0.00224	GO:0036260	RNA capping	3.26	True
protein localization to non-motile cilium (GO:0097499)	17	10	3.06	+	3.26	0.000201	0.00224	GO:0097499	protein localization to non-motile cilium	3.26	True
ATP metabolic process (GO:0046034)	150	88	27.03	+	3.26	9.06e-29	1.3e-26	GO:0046034	ATP metabolic process	3.26	True
nucleoside triphosphate metabolic process (GO:0009141)	197	115	35.5	+	3.24	6.5600000000000005e-37	1.31e-34	GO:0009141	nucleoside triphosphate metabolic process	3.24	True
co-transcriptional mRNA 3'-end processing, cleavage and polyadenylation pathway (GO:0180010)	12	7	2.16	+	3.24	0.00208	0.0172	GO:0180010	co-transcriptional mRNA 3'-end processing, cleavage and polyadenylation pathway	3.24	True
photoreceptor cell maintenance (GO:0045494)	36	21	6.49	+	3.24	7.55e-08	1.68e-06	GO:0045494	photoreceptor cell maintenance	3.24	True
regulation of dopamine receptor signaling pathway (GO:0060159)	12	7	2.16	+	3.24	0.00208	0.0171	GO:0060159	regulation of dopamine receptor signaling pathway	3.24	True
virion assembly (GO:0019068)	36	21	6.49	+	3.24	7.55e-08	1.68e-06	GO:0019068	virion assembly	3.24	True
'de novo' protein folding (GO:0006458)	12	7	2.16	+	3.24	0.00208	0.0171	GO:0006458	'de novo' protein folding	3.24	True
response to angiotensin (GO:1990776)	36	21	6.49	+	3.24	7.55e-08	1.67e-06	GO:1990776	response to angiotensin	3.24	True
double-strand break repair via break-induced replication (GO:0000727)	12	7	2.16	+	3.24	0.00208	0.0171	GO:0000727	double-strand break repair via break-induced replication	3.24	True
nuclear histone mRNA catabolic process (GO:0071045)	12	7	2.16	+	3.24	0.00208	0.0171	GO:0071045	nuclear histone mRNA catabolic process	3.24	True
white fat cell differentiation (GO:0050872)	12	7	2.16	+	3.24	0.00208	0.0171	GO:0050872	white fat cell differentiation	3.24	True
insulin-like growth factor receptor signaling pathway (GO:0048009)	24	14	4.33	+	3.24	1.18e-05	0.000176	GO:0048009	insulin-like growth factor receptor signaling pathway	3.24	True
regulation of type 2 mitophagy (GO:1905089)	12	7	2.16	+	3.24	0.00208	0.0171	GO:1905089	regulation of type 2 mitophagy	3.24	True
negative regulation of microtubule polymerization (GO:0031115)	12	7	2.16	+	3.24	0.00208	0.0171	GO:0031115	negative regulation of microtubule polymerization	3.24	True
negative regulation of nuclear-transcribed mRNA catabolic process, deadenylation-dependent decay (GO:1900152)	12	7	2.16	+	3.24	0.00208	0.0171	GO:1900152	negative regulation of nuclear-transcribed mRNA catabolic process, deadenylation-dependent decay	3.24	True
positive regulation of epithelial cell apoptotic process (GO:1904037)	12	7	2.16	+	3.24	0.00208	0.0171	GO:1904037	positive regulation of epithelial cell apoptotic process	3.24	True
nucleoside triphosphate biosynthetic process (GO:0009142)	105	61	18.92	+	3.22	4.56e-20	3.89e-18	GO:0009142	nucleoside triphosphate biosynthetic process	3.22	True
response to iron ion (GO:0010039)	31	18	5.59	+	3.22	7.18e-07	1.36e-05	GO:0010039	response to iron ion	3.22	True
NADPH regeneration (GO:0006740)	19	11	3.42	+	3.21	0.000116	0.0014	GO:0006740	NADPH regeneration	3.21	True
regulation of nuclear-transcribed mRNA catabolic process, nonsense-mediated decay (GO:2000622)	19	11	3.42	+	3.21	0.000116	0.0014	GO:2000622	regulation of nuclear-transcribed mRNA catabolic process, nonsense-mediated decay	3.21	True
regulation of long-term neuronal synaptic plasticity (GO:0048169)	19	11	3.42	+	3.21	0.000116	0.0014	GO:0048169	regulation of long-term neuronal synaptic plasticity	3.21	True
purine deoxyribonucleotide metabolic process (GO:0009151)	19	11	3.42	+	3.21	0.000116	0.0014	GO:0009151	purine deoxyribonucleotide metabolic process	3.21	True
phospholipid dephosphorylation (GO:0046839)	38	22	6.85	+	3.21	4.46e-08	1.03e-06	GO:0046839	phospholipid dephosphorylation	3.21	True
lysosomal membrane organization (GO:0097212)	19	11	3.42	+	3.21	0.000116	0.00139	GO:0097212	lysosomal membrane organization	3.21	True
retina homeostasis (GO:0001895)	45	26	8.11	+	3.21	2.81e-09	7.59e-08	GO:0001895	retina homeostasis	3.21	True
positive regulation of autophagy of mitochondrion (GO:1903599)	26	15	4.69	+	3.20	6.89e-06	0.000108	GO:1903599	positive regulation of autophagy of mitochondrion	3.2	True
protein localization to cytoskeleton (GO:0044380)	47	27	8.47	+	3.19	1.66e-09	4.68e-08	GO:0044380	protein localization to cytoskeleton	3.19	True
purine-containing compound catabolic process (GO:0072523)	101	58	18.2	+	3.19	8.15e-19	5.93e-17	GO:0072523	purine-containing compound catabolic process	3.19	True
response to fluid shear stress (GO:0034405)	54	31	9.73	+	3.19	1.05e-10	3.4e-09	GO:0034405	response to fluid shear stress	3.19	True
protein-RNA complex assembly (GO:0022618)	218	125	39.29	+	3.18	6.84e-39	1.49e-36	GO:0022618	protein-RNA complex assembly	3.18	True
nicotinamide nucleotide metabolic process (GO:0046496)	103	59	18.56	+	3.18	4.84e-19	3.66e-17	GO:0046496	nicotinamide nucleotide metabolic process	3.18	True
protein-RNA complex organization (GO:0071826)	227	130	40.91	+	3.18	2.54e-40	6.35e-38	GO:0071826	protein-RNA complex organization	3.18	True
co-transcriptional RNA 3'-end processing, cleavage and polyadenylation pathway (GO:0180012)	14	8	2.52	+	3.17	0.00118	0.0104	GO:0180012	co-transcriptional RNA 3'-end processing, cleavage and polyadenylation pathway	3.17	True
glycogen biosynthetic process (GO:0005978)	14	8	2.52	+	3.17	0.00118	0.0104	GO:0005978	glycogen biosynthetic process	3.17	True
mitochondrial electron transport, ubiquinol to cytochrome c (GO:0006122)	14	8	2.52	+	3.17	0.00118	0.0104	GO:0006122	mitochondrial electron transport, ubiquinol to cytochrome c	3.17	True
positive regulation of mitotic cell cycle spindle assembly checkpoint (GO:0090267)	21	12	3.78	+	3.17	6.7e-05	0.000845	GO:0090267	positive regulation of mitotic cell cycle spindle assembly checkpoint	3.17	True
positive regulation of spindle checkpoint (GO:0090232)	21	12	3.78	+	3.17	6.7e-05	0.000845	GO:0090232	positive regulation of spindle checkpoint	3.17	True
pentose-phosphate shunt (GO:0006098)	14	8	2.52	+	3.17	0.00118	0.0104	GO:0006098	pentose-phosphate shunt	3.17	True
protein localization to mitochondrion (GO:0070585)	70	40	12.62	+	3.17	2.57e-13	1.17e-11	GO:0070585	protein localization to mitochondrion	3.17	True
positive regulation of vascular endothelial cell proliferation (GO:1905564)	14	8	2.52	+	3.17	0.00118	0.0104	GO:1905564	positive regulation of vascular endothelial cell proliferation	3.17	True
polysaccharide biosynthetic process (GO:0000271)	21	12	3.78	+	3.17	6.7e-05	0.000844	GO:0000271	polysaccharide biosynthetic process	3.17	True
glucan biosynthetic process (GO:0009250)	14	8	2.52	+	3.17	0.00118	0.0104	GO:0009250	glucan biosynthetic process	3.17	True
branched-chain amino acid transport (GO:0015803)	14	8	2.52	+	3.17	0.00118	0.0104	GO:0015803	branched-chain amino acid transport	3.17	True
retinol metabolic process (GO:0042572)	56	32	10.09	+	3.17	6.24e-11	2.09e-09	GO:0042572	retinol metabolic process	3.17	True
regulation of amino acid import across plasma membrane (GO:0010958)	14	8	2.52	+	3.17	0.00118	0.0104	GO:0010958	regulation of amino acid import across plasma membrane	3.17	True
negative regulation of protein import into nucleus (GO:0042308)	14	8	2.52	+	3.17	0.00118	0.0104	GO:0042308	negative regulation of protein import into nucleus	3.17	True
regulation of amino acid transmembrane transport (GO:1903789)	14	8	2.52	+	3.17	0.00118	0.0104	GO:1903789	regulation of amino acid transmembrane transport	3.17	True
cellular response to dopamine (GO:1903351)	42	24	7.57	+	3.17	1.55e-08	3.82e-07	GO:1903351	cellular response to dopamine	3.17	True
response to dopamine (GO:1903350)	42	24	7.57	+	3.17	1.55e-08	3.81e-07	GO:1903350	response to dopamine	3.17	True
multivesicular body sorting pathway (GO:0071985)	49	28	8.83	+	3.17	9.79e-10	2.85e-08	GO:0071985	multivesicular body sorting pathway	3.17	True
ATP biosynthetic process (GO:0006754)	79	45	14.24	+	3.16	9.78e-15	5.08e-13	GO:0006754	ATP biosynthetic process	3.16	True
ribonucleotide metabolic process (GO:0009259)	295	168	53.17	+	3.16	2.34e-51	9.470000000000001e-49	GO:0009259	ribonucleotide metabolic process	3.16	True
purine ribonucleotide metabolic process (GO:0009150)	274	156	49.38	+	3.16	9.949999999999999e-48	2.98e-45	GO:0009150	purine ribonucleotide metabolic process	3.16	True
pyrimidine nucleotide biosynthetic process (GO:0006221)	37	21	6.67	+	3.15	1.45e-07	3.07e-06	GO:0006221	pyrimidine nucleotide biosynthetic process	3.15	True
eye photoreceptor cell differentiation (GO:0001754)	30	17	5.41	+	3.14	2.34e-06	4.01e-05	GO:0001754	eye photoreceptor cell differentiation	3.14	True
ribose phosphate metabolic process (GO:0019693)	302	171	54.43	+	3.14	8.949999999999999e-52	3.73e-49	GO:0019693	ribose phosphate metabolic process	3.14	True
porphyrin-containing compound metabolic process (GO:0006778)	46	26	8.29	+	3.14	5.35e-09	1.41e-07	GO:0006778	porphyrin-containing compound metabolic process	3.14	True
positive regulation of mitophagy (GO:1901526)	23	13	4.15	+	3.14	3.87e-05	0.00052	GO:1901526	positive regulation of mitophagy	3.14	True
phosphatidylinositol-3-phosphate biosynthetic process (GO:0036092)	23	13	4.15	+	3.14	3.87e-05	0.00052	GO:0036092	phosphatidylinositol-3-phosphate biosynthetic process	3.14	True
microtubule polymerization (GO:0046785)	46	26	8.29	+	3.14	5.35e-09	1.41e-07	GO:0046785	microtubule polymerization	3.14	True
energy derivation by oxidation of organic compounds (GO:0015980)	247	139	44.52	+	3.12	7.719999999999999e-42	1.97e-39	GO:0015980	energy derivation by oxidation of organic compounds	3.12	True
desensitization of G protein-coupled receptor signaling pathway (GO:0002029)	16	9	2.88	+	3.12	0.000667	0.00657	GO:0002029	desensitization of G protein-coupled receptor signaling pathway	3.12	True
pyrimidine nucleobase metabolic process (GO:0006206)	16	9	2.88	+	3.12	0.000667	0.00657	GO:0006206	pyrimidine nucleobase metabolic process	3.12	True
endoplasmic reticulum membrane organization (GO:0090158)	16	9	2.88	+	3.12	0.000667	0.00656	GO:0090158	endoplasmic reticulum membrane organization	3.12	True
iron ion transmembrane transport (GO:0034755)	16	9	2.88	+	3.12	0.000667	0.00656	GO:0034755	iron ion transmembrane transport	3.12	True
branched-chain amino acid metabolic process (GO:0009081)	25	14	4.51	+	3.11	2.23e-05	0.00032	GO:0009081	branched-chain amino acid metabolic process	3.11	True
nucleotide biosynthetic process (GO:0009165)	202	113	36.41	+	3.10	6.67e-34	1.16e-31	GO:0009165	nucleotide biosynthetic process	3.1	True
heme metabolic process (GO:0042168)	43	24	7.75	+	3.10	2.9e-08	6.92e-07	GO:0042168	heme metabolic process	3.1	True
generation of precursor metabolites and energy (GO:0006091)	296	165	53.35	+	3.09	1.01e-48	3.2999999999999997e-46	GO:0006091	generation of precursor metabolites and energy	3.09	True
hexose metabolic process (GO:0019318)	122	68	21.99	+	3.09	7.99e-21	7.23e-19	GO:0019318	hexose metabolic process	3.09	True
post-translational protein targeting to endoplasmic reticulum membrane (GO:0006620)	18	10	3.24	+	3.08	0.000379	0.00398	GO:0006620	post-translational protein targeting to endoplasmic reticulum membrane	3.08	True
dendritic transport (GO:0098935)	18	10	3.24	+	3.08	0.000379	0.00397	GO:0098935	dendritic transport	3.08	True
negative regulation of phagocytosis (GO:0050765)	18	10	3.24	+	3.08	0.000379	0.00397	GO:0050765	negative regulation of phagocytosis	3.08	True
deoxyribonucleoside monophosphate catabolic process (GO:0009159)	18	10	3.24	+	3.08	0.000379	0.00397	GO:0009159	deoxyribonucleoside monophosphate catabolic process	3.08	True
regulation of mRNA splicing, via spliceosome (GO:0048024)	114	63	20.55	+	3.07	3.87e-19	2.97e-17	GO:0048024	regulation of mRNA splicing, via spliceosome	3.07	True
negative regulation of smoothened signaling pathway (GO:0045879)	29	16	5.23	+	3.06	7.46e-06	0.000115	GO:0045879	negative regulation of smoothened signaling pathway	3.06	True
regulation of adenylate cyclase-activating G protein-coupled receptor signaling pathway (GO:0106070)	20	11	3.6	+	3.05	0.000216	0.00239	GO:0106070	regulation of adenylate cyclase-activating G protein-coupled receptor signaling pathway	3.05	True
purine nucleotide salvage (GO:0032261)	20	11	3.6	+	3.05	0.000216	0.00239	GO:0032261	purine nucleotide salvage	3.05	True
positive regulation of viral life cycle (GO:1903902)	20	11	3.6	+	3.05	0.000216	0.00238	GO:1903902	positive regulation of viral life cycle	3.05	True
proton motive force-driven ATP synthesis (GO:0015986)	73	40	13.16	+	3.04	1.65e-12	6.82e-11	GO:0015986	proton motive force-driven ATP synthesis	3.04	True
L-lysine catabolic process (GO:0019477)	11	6	1.98	+	3.03	0.00688	0.0456	GO:0019477	L-lysine catabolic process	3.03	True
response to sterol depletion (GO:0006991)	11	6	1.98	+	3.03	0.00688	0.0456	GO:0006991	response to sterol depletion	3.03	True
pentose metabolic process (GO:0019321)	11	6	1.98	+	3.03	0.00688	0.0455	GO:0019321	pentose metabolic process	3.03	True
nuclear migration (GO:0007097)	22	12	3.96	+	3.03	0.000123	0.00147	GO:0007097	nuclear migration	3.03	True
RNA localization to nucleus (GO:0090685)	11	6	1.98	+	3.03	0.00688	0.0455	GO:0090685	RNA localization to nucleus	3.03	True
RNA localization to Cajal body (GO:0090670)	11	6	1.98	+	3.03	0.00688	0.0455	GO:0090670	RNA localization to Cajal body	3.03	True
positive regulation of ferroptosis (GO:0160020)	11	6	1.98	+	3.03	0.00688	0.0455	GO:0160020	positive regulation of ferroptosis	3.03	True
inflammatory response to wounding (GO:0090594)	11	6	1.98	+	3.03	0.00688	0.0454	GO:0090594	inflammatory response to wounding	3.03	True
CRD-mediated mRNA stabilization (GO:0070934)	11	6	1.98	+	3.03	0.00688	0.0454	GO:0070934	CRD-mediated mRNA stabilization	3.03	True
secondary metabolite biosynthetic process (GO:0044550)	11	6	1.98	+	3.03	0.00688	0.0454	GO:0044550	secondary metabolite biosynthetic process	3.03	True
mitochondrial electron transport, NADH to ubiquinone (GO:0006120)	44	24	7.93	+	3.03	5.29e-08	1.21e-06	GO:0006120	mitochondrial electron transport, NADH to ubiquinone	3.03	True
positive regulation of cholesterol metabolic process (GO:0090205)	22	12	3.96	+	3.03	0.000123	0.00147	GO:0090205	positive regulation of cholesterol metabolic process	3.03	True
endonucleolytic cleavage of tricistronic rRNA transcript (SSU-rRNA, 5.8S rRNA, LSU-rRNA) (GO:0000479)	22	12	3.96	+	3.03	0.000123	0.00146	GO:0000479	endonucleolytic cleavage of tricistronic rRNA transcript (SSU-rRNA, 5.8S rRNA, LSU-rRNA)	3.03	True
behavioral response to cocaine (GO:0048148)	11	6	1.98	+	3.03	0.00688	0.0454	GO:0048148	behavioral response to cocaine	3.03	True
multicellular organism growth (GO:0035264)	11	6	1.98	+	3.03	0.00688	0.0454	GO:0035264	multicellular organism growth	3.03	True
establishment of protein localization to postsynaptic membrane (GO:1903540)	11	6	1.98	+	3.03	0.00688	0.0453	GO:1903540	establishment of protein localization to postsynaptic membrane	3.03	True
oxalate transport (GO:0019532)	11	6	1.98	+	3.03	0.00688	0.0453	GO:0019532	oxalate transport	3.03	True
tetrapyrrole metabolic process (GO:0033013)	55	30	9.91	+	3.03	1.15e-09	3.34e-08	GO:0033013	tetrapyrrole metabolic process	3.03	True
cellular response to catecholamine stimulus (GO:0071870)	46	25	8.29	+	3.02	3.08e-08	7.29e-07	GO:0071870	cellular response to catecholamine stimulus	3.02	True
negative regulation of G protein-coupled receptor signaling pathway (GO:0045744)	70	38	12.62	+	3.01	8.69e-12	3.23e-10	GO:0045744	negative regulation of G protein-coupled receptor signaling pathway	3.01	True
response to amine (GO:0014075)	35	19	6.31	+	3.01	1.44e-06	2.58e-05	GO:0014075	response to amine	3.01	True
nucleotide catabolic process (GO:0009166)	107	58	19.28	+	3.01	3.33e-17	2.18e-15	GO:0009166	nucleotide catabolic process	3.01	True
chaperone-mediated protein complex assembly (GO:0051131)	24	13	4.33	+	3.01	7.05e-05	0.000877	GO:0051131	chaperone-mediated protein complex assembly	3.01	True
monosaccharide metabolic process (GO:0005996)	139	75	25.05	+	2.99	1.1400000000000001e-21	1.13e-19	GO:0005996	monosaccharide metabolic process	2.99	True
tricarboxylic acid metabolic process (GO:0072350)	13	7	2.34	+	2.99	0.00381	0.0287	GO:0072350	tricarboxylic acid metabolic process	2.99	True
cellular detoxification of aldehyde (GO:0110095)	13	7	2.34	+	2.99	0.00381	0.0287	GO:0110095	cellular detoxification of aldehyde	2.99	True
positive regulation of cell cycle checkpoint (GO:1901978)	26	14	4.69	+	2.99	4.04e-05	0.000536	GO:1901978	positive regulation of cell cycle checkpoint	2.99	True
positive regulation of integrin-mediated signaling pathway (GO:2001046)	13	7	2.34	+	2.99	0.00381	0.0287	GO:2001046	positive regulation of integrin-mediated signaling pathway	2.99	True
morphogenesis of a polarized epithelium (GO:0001738)	26	14	4.69	+	2.99	4.04e-05	0.000536	GO:0001738	morphogenesis of a polarized epithelium	2.99	True
endosome to plasma membrane protein transport (GO:0099638)	13	7	2.34	+	2.99	0.00381	0.0287	GO:0099638	endosome to plasma membrane protein transport	2.99	True
nucleus localization (GO:0051647)	26	14	4.69	+	2.99	4.04e-05	0.000535	GO:0051647	nucleus localization	2.99	True
UDP-N-acetylglucosamine metabolic process (GO:0006047)	13	7	2.34	+	2.99	0.00381	0.0286	GO:0006047	UDP-N-acetylglucosamine metabolic process	2.99	True
regulation of voltage-gated calcium channel activity (GO:1901385)	13	7	2.34	+	2.99	0.00381	0.0286	GO:1901385	regulation of voltage-gated calcium channel activity	2.99	True
nuclear membrane reassembly (GO:0031468)	26	14	4.69	+	2.99	4.04e-05	0.000535	GO:0031468	nuclear membrane reassembly	2.99	True
polarized epithelial cell differentiation (GO:0030859)	13	7	2.34	+	2.99	0.00381	0.0286	GO:0030859	polarized epithelial cell differentiation	2.99	True
sulfur amino acid transport (GO:0000101)	13	7	2.34	+	2.99	0.00381	0.0286	GO:0000101	sulfur amino acid transport	2.99	True
myelin maintenance (GO:0043217)	13	7	2.34	+	2.99	0.00381	0.0286	GO:0043217	myelin maintenance	2.99	True
positive regulation of fibroblast migration (GO:0010763)	13	7	2.34	+	2.99	0.00381	0.0286	GO:0010763	positive regulation of fibroblast migration	2.99	True
amino sugar biosynthetic process (GO:0046349)	13	7	2.34	+	2.99	0.00381	0.0285	GO:0046349	amino sugar biosynthetic process	2.99	True
purine-containing compound biosynthetic process (GO:0072522)	231	124	41.63	+	2.98	1.18e-34	2.1200000000000001e-32	GO:0072522	purine-containing compound biosynthetic process	2.98	True
regulation of mRNA processing (GO:0050684)	136	73	24.51	+	2.98	5.9500000000000004e-21	5.53e-19	GO:0050684	regulation of mRNA processing	2.98	True
negative regulation of translational initiation (GO:0045947)	28	15	5.05	+	2.97	2.32e-05	0.00033	GO:0045947	negative regulation of translational initiation	2.97	True
cholesterol metabolic process (GO:0008203)	84	45	15.14	+	2.97	2.02e-13	9.34e-12	GO:0008203	cholesterol metabolic process	2.97	True
protein hexamerization (GO:0034214)	15	8	2.7	+	2.96	0.00212	0.0174	GO:0034214	protein hexamerization	2.96	True
positive regulation of cholesterol biosynthetic process (GO:0045542)	15	8	2.7	+	2.96	0.00212	0.0174	GO:0045542	positive regulation of cholesterol biosynthetic process	2.96	True
positive regulation of ATP biosynthetic process (GO:2001171)	15	8	2.7	+	2.96	0.00212	0.0174	GO:2001171	positive regulation of ATP biosynthetic process	2.96	True
viral translation (GO:0019081)	15	8	2.7	+	2.96	0.00212	0.0173	GO:0019081	viral translation	2.96	True
negative regulation of oxidative stress-induced intrinsic apoptotic signaling pathway (GO:1902176)	30	16	5.41	+	2.96	1.33e-05	0.000197	GO:1902176	negative regulation of oxidative stress-induced intrinsic apoptotic signaling pathway	2.96	True
cellular response to alkaloid (GO:0071312)	30	16	5.41	+	2.96	1.33e-05	0.000197	GO:0071312	cellular response to alkaloid	2.96	True
positive regulation of sterol biosynthetic process (GO:0106120)	15	8	2.7	+	2.96	0.00212	0.0173	GO:0106120	positive regulation of sterol biosynthetic process	2.96	True
regulation of mRNA 3'-end processing (GO:0031440)	15	8	2.7	+	2.96	0.00212	0.0173	GO:0031440	regulation of mRNA 3'-end processing	2.96	True
cyclic nucleotide catabolic process (GO:0009214)	15	8	2.7	+	2.96	0.00212	0.0173	GO:0009214	cyclic nucleotide catabolic process	2.96	True
regulation of RNA export from nucleus (GO:0046831)	15	8	2.7	+	2.96	0.00212	0.0173	GO:0046831	regulation of RNA export from nucleus	2.96	True
ganglion development (GO:0061548)	15	8	2.7	+	2.96	0.00212	0.0173	GO:0061548	ganglion development	2.96	True
positive regulation of exosomal secretion (GO:1903543)	15	8	2.7	+	2.96	0.00212	0.0173	GO:1903543	positive regulation of exosomal secretion	2.96	True
purine nucleotide metabolic process (GO:0006163)	347	185	62.54	+	2.96	1.26e-50	4.69e-48	GO:0006163	purine nucleotide metabolic process	2.96	True
mitochondrial translation (GO:0032543)	109	58	19.64	+	2.95	1.05e-16	6.57e-15	GO:0032543	mitochondrial translation	2.95	True
response to catecholamine (GO:0071869)	47	25	8.47	+	2.95	5.45e-08	1.24e-06	GO:0071869	response to catecholamine	2.95	True
nucleoside monophosphate metabolic process (GO:0009123)	79	42	14.24	+	2.95	1.79e-12	7.34e-11	GO:0009123	nucleoside monophosphate metabolic process	2.95	True
nucleoside phosphate catabolic process (GO:1901292)	128	68	23.07	+	2.95	2.73e-19	2.13e-17	GO:1901292	nucleoside phosphate catabolic process	2.95	True
establishment of mitotic spindle orientation (GO:0000132)	32	17	5.77	+	2.95	7.65e-06	0.000118	GO:0000132	establishment of mitotic spindle orientation	2.95	True
mitochondrial ATP synthesis coupled electron transport (GO:0042775)	85	45	15.32	+	2.94	3.54e-13	1.59e-11	GO:0042775	mitochondrial ATP synthesis coupled electron transport	2.94	True
ATP synthesis coupled electron transport (GO:0042773)	85	45	15.32	+	2.94	3.54e-13	1.59e-11	GO:0042773	ATP synthesis coupled electron transport	2.94	True
regulation of amyloid-beta clearance (GO:1900221)	17	9	3.06	+	2.94	0.00119	0.0105	GO:1900221	regulation of amyloid-beta clearance	2.94	True
regulation of cholesterol storage (GO:0010885)	17	9	3.06	+	2.94	0.00119	0.0105	GO:0010885	regulation of cholesterol storage	2.94	True
adaptation of signaling pathway (GO:0023058)	17	9	3.06	+	2.94	0.00119	0.0105	GO:0023058	adaptation of signaling pathway	2.94	True
regulation of exosomal secretion (GO:1903541)	17	9	3.06	+	2.94	0.00119	0.0105	GO:1903541	regulation of exosomal secretion	2.94	True
negative adaptation of signaling pathway (GO:0022401)	17	9	3.06	+	2.94	0.00119	0.0105	GO:0022401	negative adaptation of signaling pathway	2.94	True
mRNA metabolic process (GO:0016071)	537	284	96.78	+	2.93	1.3e-76	9.93e-74	GO:0016071	mRNA metabolic process	2.93	True
respiratory electron transport chain (GO:0022904)	95	50	17.12	+	2.92	2.38e-14	1.17e-12	GO:0022904	respiratory electron transport chain	2.92	True
regulation of neuroblast proliferation (GO:1902692)	19	10	3.42	+	2.92	0.000671	0.00655	GO:1902692	regulation of neuroblast proliferation	2.92	True
positive regulation of amino acid transport (GO:0051957)	19	10	3.42	+	2.92	0.000671	0.00655	GO:0051957	positive regulation of amino acid transport	2.92	True
integrated stress response signaling (GO:0140467)	38	20	6.85	+	2.92	1.46e-06	2.61e-05	GO:0140467	integrated stress response signaling	2.92	True
protein insertion into mitochondrial membrane (GO:0051204)	19	10	3.42	+	2.92	0.000671	0.00655	GO:0051204	protein insertion into mitochondrial membrane	2.92	True
retrograde protein transport, ER to cytosol (GO:0030970)	19	10	3.42	+	2.92	0.000671	0.00654	GO:0030970	retrograde protein transport, ER to cytosol	2.92	True
retina layer formation (GO:0010842)	19	10	3.42	+	2.92	0.000671	0.00654	GO:0010842	retina layer formation	2.92	True
endoplasmic reticulum to cytosol transport (GO:1903513)	19	10	3.42	+	2.92	0.000671	0.00653	GO:1903513	endoplasmic reticulum to cytosol transport	2.92	True
pyridine-containing compound metabolic process (GO:0072524)	116	61	20.91	+	2.92	3.62e-17	2.35e-15	GO:0072524	pyridine-containing compound metabolic process	2.92	True
nucleoside phosphate biosynthetic process (GO:1901293)	284	149	51.18	+	2.91	7.67e-40	1.82e-37	GO:1901293	nucleoside phosphate biosynthetic process	2.91	True
aerobic electron transport chain (GO:0019646)	84	44	15.14	+	2.91	1.05e-12	4.43e-11	GO:0019646	aerobic electron transport chain	2.91	True
oxidative phosphorylation (GO:0006119)	107	56	19.28	+	2.90	9.31e-16	5.36e-14	GO:0006119	oxidative phosphorylation	2.9	True
substantia nigra development (GO:0021762)	44	23	7.93	+	2.90	2.82e-07	5.68e-06	GO:0021762	substantia nigra development	2.9	True
maturation of LSU-rRNA from tricistronic rRNA transcript (SSU-rRNA, 5.8S rRNA, LSU-rRNA) (GO:0000463)	23	12	4.15	+	2.89	0.000216	0.00239	GO:0000463	maturation of LSU-rRNA from tricistronic rRNA transcript (SSU-rRNA, 5.8S rRNA, LSU-rRNA)	2.89	True
regulation of alternative mRNA splicing, via spliceosome (GO:0000381)	69	36	12.44	+	2.89	1.38e-10	4.35e-09	GO:0000381	regulation of alternative mRNA splicing, via spliceosome	2.89	True
purine-containing compound salvage (GO:0043101)	23	12	4.15	+	2.89	0.000216	0.00239	GO:0043101	purine-containing compound salvage	2.89	True
positive regulation of muscle cell apoptotic process (GO:0010661)	23	12	4.15	+	2.89	0.000216	0.00239	GO:0010661	positive regulation of muscle cell apoptotic process	2.89	True
cellular response to monoamine stimulus (GO:0071868)	48	25	8.65	+	2.89	9.43e-08	2.06e-06	GO:0071868	cellular response to monoamine stimulus	2.89	True
mitochondrial transport (GO:0006839)	75	39	13.52	+	2.89	2.71e-11	9.52e-10	GO:0006839	mitochondrial transport	2.89	True
plasma membrane repair (GO:0001778)	25	13	4.51	+	2.89	0.000123	0.00146	GO:0001778	plasma membrane repair	2.89	True
microtubule anchoring (GO:0034453)	25	13	4.51	+	2.89	0.000123	0.00146	GO:0034453	microtubule anchoring	2.89	True
electron transport chain (GO:0022900)	104	54	18.74	+	2.88	4.71e-15	2.54e-13	GO:0022900	electron transport chain	2.88	True
establishment of protein localization to vacuole (GO:0072666)	52	27	9.37	+	2.88	3.16e-08	7.48e-07	GO:0072666	establishment of protein localization to vacuole	2.88	True
alcohol biosynthetic process (GO:0046165)	81	42	14.6	+	2.88	5.33e-12	2.05e-10	GO:0046165	alcohol biosynthetic process	2.88	True
Schwann cell development (GO:0014044)	27	14	4.87	+	2.88	7e-05	0.000877	GO:0014044	Schwann cell development	2.88	True
terpenoid metabolic process (GO:0006721)	112	58	20.19	+	2.87	5.41e-16	3.15e-14	GO:0006721	terpenoid metabolic process	2.87	True
positive regulation of protein localization to nucleus (GO:1900182)	85	44	15.32	+	2.87	1.8e-12	7.36e-11	GO:1900182	positive regulation of protein localization to nucleus	2.87	True
Wnt signaling pathway, planar cell polarity pathway (GO:0060071)	29	15	5.23	+	2.87	4e-05	0.000532	GO:0060071	Wnt signaling pathway, planar cell polarity pathway	2.87	True
negative regulation of intracellular protein transport (GO:0090317)	29	15	5.23	+	2.87	4e-05	0.000532	GO:0090317	negative regulation of intracellular protein transport	2.87	True
phosphatidylinositol phosphate biosynthetic process (GO:0046854)	58	30	10.45	+	2.87	6.15e-09	1.61e-07	GO:0046854	phosphatidylinositol phosphate biosynthetic process	2.87	True
dicarboxylic acid metabolic process (GO:0043648)	89	46	16.04	+	2.87	6.1e-13	2.66e-11	GO:0043648	dicarboxylic acid metabolic process	2.87	True
isoprenoid metabolic process (GO:0006720)	120	62	21.63	+	2.87	6.2e-17	3.97e-15	GO:0006720	isoprenoid metabolic process	2.87	True
regulation of G protein-coupled receptor signaling pathway (GO:0008277)	153	79	27.57	+	2.86	3.660000000000001e-21	3.45e-19	GO:0008277	regulation of G protein-coupled receptor signaling pathway	2.86	True
maturation of 5.8S rRNA from tricistronic rRNA transcript (SSU-rRNA, 5.8S rRNA, LSU-rRNA) (GO:0000466)	31	16	5.59	+	2.86	2.29e-05	0.000327	GO:0000466	maturation of 5.8S rRNA from tricistronic rRNA transcript (SSU-rRNA, 5.8S rRNA, LSU-rRNA)	2.86	True
retinoic acid metabolic process (GO:0042573)	31	16	5.59	+	2.86	2.29e-05	0.000326	GO:0042573	retinoic acid metabolic process	2.86	True
steroid biosynthetic process (GO:0006694)	72	37	12.98	+	2.85	1.36e-10	4.31e-09	GO:0006694	steroid biosynthetic process	2.85	True
response to monoamine (GO:0071867)	49	25	8.83	+	2.83	1.6e-07	3.34e-06	GO:0071867	response to monoamine	2.83	True
neural retina development (GO:0003407)	51	26	9.19	+	2.83	9.23e-08	2.02e-06	GO:0003407	neural retina development	2.83	True
regulation of microtubule polymerization (GO:0031113)	61	31	10.99	+	2.82	6e-09	1.57e-07	GO:0031113	regulation of microtubule polymerization	2.82	True
cilium organization (GO:0044782)	367	186	66.14	+	2.81	1.25e-46	3.51e-44	GO:0044782	cilium organization	2.81	True
nucleotide metabolic process (GO:0009117)	401	203	72.27	+	2.81	9.86e-51	3.7699999999999995e-48	GO:0009117	nucleotide metabolic process	2.81	True
secondary alcohol metabolic process (GO:1902652)	93	47	16.76	+	2.80	1e-12	4.24e-11	GO:1902652	secondary alcohol metabolic process	2.8	True
spindle assembly (GO:0051225)	93	47	16.76	+	2.80	1e-12	4.22e-11	GO:0051225	spindle assembly	2.8	True
phagocytosis, engulfment (GO:0006911)	30	15	5.41	+	2.77	6.67e-05	0.000844	GO:0006911	phagocytosis, engulfment	2.77	True
Schwann cell differentiation (GO:0014037)	30	15	5.41	+	2.77	6.67e-05	0.000843	GO:0014037	Schwann cell differentiation	2.77	True
protein exit from endoplasmic reticulum (GO:0032527)	22	11	3.96	+	2.77	0.000636	0.0063	GO:0032527	protein exit from endoplasmic reticulum	2.77	True
acidic amino acid transport (GO:0015800)	44	22	7.93	+	2.77	1.38e-06	2.47e-05	GO:0015800	acidic amino acid transport	2.77	True
carbohydrate biosynthetic process (GO:0016051)	102	51	18.38	+	2.77	1.89e-13	8.83e-12	GO:0016051	carbohydrate biosynthetic process	2.77	True
positive regulation of vascular endothelial growth factor production (GO:0010575)	30	15	5.41	+	2.77	6.67e-05	0.000842	GO:0010575	positive regulation of vascular endothelial growth factor production	2.77	True
renal water homeostasis (GO:0003091)	32	16	5.77	+	2.77	3.82e-05	0.000515	GO:0003091	renal water homeostasis	2.77	True
adenylate cyclase-activating adrenergic receptor signaling pathway (GO:0071880)	14	7	2.52	+	2.77	0.00644	0.0436	GO:0071880	adenylate cyclase-activating adrenergic receptor signaling pathway	2.77	True
protein localization to nucleolus (GO:1902570)	14	7	2.52	+	2.77	0.00644	0.0436	GO:1902570	protein localization to nucleolus	2.77	True
endoplasmic reticulum tubular network organization (GO:0071786)	20	10	3.6	+	2.77	0.00113	0.01	GO:0071786	endoplasmic reticulum tubular network organization	2.77	True
SRP-dependent cotranslational protein targeting to membrane (GO:0006614)	18	9	3.24	+	2.77	0.002	0.0167	GO:0006614	SRP-dependent cotranslational protein targeting to membrane	2.77	True
NLS-bearing protein import into nucleus (GO:0006607)	18	9	3.24	+	2.77	0.002	0.0166	GO:0006607	NLS-bearing protein import into nucleus	2.77	True
viral genome replication (GO:0019079)	16	8	2.88	+	2.77	0.00358	0.0274	GO:0019079	viral genome replication	2.77	True
retina morphogenesis in camera-type eye (GO:0060042)	40	20	7.21	+	2.77	4.15e-06	6.78e-05	GO:0060042	retina morphogenesis in camera-type eye	2.77	True
protein transmembrane import into intracellular organelle (GO:0044743)	42	21	7.57	+	2.77	2.39e-06	4.08e-05	GO:0044743	protein transmembrane import into intracellular organelle	2.77	True
neural crest formation (GO:0014029)	14	7	2.52	+	2.77	0.00644	0.0435	GO:0014029	neural crest formation	2.77	True
positive regulation of RNA splicing (GO:0033120)	32	16	5.77	+	2.77	3.82e-05	0.000514	GO:0033120	positive regulation of RNA splicing	2.77	True
retinoid metabolic process (GO:0001523)	90	45	16.22	+	2.77	4.89e-12	1.91e-10	GO:0001523	retinoid metabolic process	2.77	True
alpha-amino acid biosynthetic process (GO:1901607)	48	24	8.65	+	2.77	4.58e-07	8.91e-06	GO:1901607	alpha-amino acid biosynthetic process	2.77	True
pyrimidine nucleotide metabolic process (GO:0006220)	58	29	10.45	+	2.77	2.96e-08	7.05e-07	GO:0006220	pyrimidine nucleotide metabolic process	2.77	True
sensory perception of light stimulus (GO:0050953)	152	76	27.39	+	2.77	2.43e-19	1.92e-17	GO:0050953	sensory perception of light stimulus	2.77	True
negative regulation of adenylate cyclase-activating G protein-coupled receptor signaling pathway (GO:0106072)	14	7	2.52	+	2.77	0.00644	0.0435	GO:0106072	negative regulation of adenylate cyclase-activating G protein-coupled receptor signaling pathway	2.77	True
bone growth (GO:0098868)	18	9	3.24	+	2.77	0.002	0.0166	GO:0098868	bone growth	2.77	True
relaxation of muscle (GO:0090075)	20	10	3.6	+	2.77	0.00113	0.01	GO:0090075	relaxation of muscle	2.77	True
regulation of vascular endothelial cell proliferation (GO:1905562)	20	10	3.6	+	2.77	0.00113	0.01	GO:1905562	regulation of vascular endothelial cell proliferation	2.77	True
deadenylation-dependent decapping of nuclear-transcribed mRNA (GO:0000290)	18	9	3.24	+	2.77	0.002	0.0166	GO:0000290	deadenylation-dependent decapping of nuclear-transcribed mRNA	2.77	True
polysaccharide catabolic process (GO:0000272)	24	12	4.33	+	2.77	0.000361	0.0038	GO:0000272	polysaccharide catabolic process	2.77	True
positive regulation of purine nucleotide biosynthetic process (GO:1900373)	16	8	2.88	+	2.77	0.00358	0.0274	GO:1900373	positive regulation of purine nucleotide biosynthetic process	2.77	True
positive regulation of nucleotide biosynthetic process (GO:0030810)	16	8	2.88	+	2.77	0.00358	0.0274	GO:0030810	positive regulation of nucleotide biosynthetic process	2.77	True
glucan catabolic process (GO:0009251)	24	12	4.33	+	2.77	0.000361	0.0038	GO:0009251	glucan catabolic process	2.77	True
nucleotide-sugar biosynthetic process (GO:0009226)	28	14	5.05	+	2.77	0.000117	0.0014	GO:0009226	nucleotide-sugar biosynthetic process	2.77	True
regulation of protein localization to nucleus (GO:1900180)	126	63	22.71	+	2.77	2.81e-16	1.71e-14	GO:1900180	regulation of protein localization to nucleus	2.77	True
pyrimidine ribonucleoside monophosphate metabolic process (GO:0009173)	18	9	3.24	+	2.77	0.002	0.0166	GO:0009173	pyrimidine ribonucleoside monophosphate metabolic process	2.77	True
regulation of glial cell migration (GO:1903975)	14	7	2.52	+	2.77	0.00644	0.0435	GO:1903975	regulation of glial cell migration	2.77	True
L-glutamine family amino acid biosynthetic process (GO:0009084)	16	8	2.88	+	2.77	0.00358	0.0274	GO:0009084	L-glutamine family amino acid biosynthetic process	2.77	True
protein localization to cell-cell junction (GO:0150105)	18	9	3.24	+	2.77	0.002	0.0166	GO:0150105	protein localization to cell-cell junction	2.77	True
sterol metabolic process (GO:0016125)	94	47	16.94	+	2.77	1.65e-12	6.81e-11	GO:0016125	sterol metabolic process	2.77	True
carbohydrate catabolic process (GO:0016052)	110	55	19.82	+	2.77	2.15e-14	1.07e-12	GO:0016052	carbohydrate catabolic process	2.77	True
folic acid metabolic process (GO:0046655)	14	7	2.52	+	2.77	0.00644	0.0435	GO:0046655	folic acid metabolic process	2.77	True
cellular response to heat (GO:0034605)	46	23	8.29	+	2.77	7.94e-07	1.48e-05	GO:0034605	cellular response to heat	2.77	True
regulation of cilium beat frequency (GO:0003356)	16	8	2.88	+	2.77	0.00358	0.0274	GO:0003356	regulation of cilium beat frequency	2.77	True
cardiac muscle hypertrophy (GO:0003300)	18	9	3.24	+	2.77	0.002	0.0166	GO:0003300	cardiac muscle hypertrophy	2.77	True
regulation of catecholamine metabolic process (GO:0042069)	14	7	2.52	+	2.77	0.00644	0.0435	GO:0042069	regulation of catecholamine metabolic process	2.77	True
regulation of dopamine metabolic process (GO:0042053)	14	7	2.52	+	2.77	0.00644	0.0434	GO:0042053	regulation of dopamine metabolic process	2.77	True
mitotic DNA replication (GO:1902969)	14	7	2.52	+	2.77	0.00644	0.0434	GO:1902969	mitotic DNA replication	2.77	True
protein K6-linked ubiquitination (GO:0085020)	16	8	2.88	+	2.77	0.00358	0.0274	GO:0085020	protein K6-linked ubiquitination	2.77	True
positive regulation of mitotic metaphase/anaphase transition (GO:0045842)	18	9	3.24	+	2.77	0.002	0.0166	GO:0045842	positive regulation of mitotic metaphase/anaphase transition	2.77	True
multicellular organismal-level iron ion homeostasis (GO:0060586)	16	8	2.88	+	2.77	0.00358	0.0273	GO:0060586	multicellular organismal-level iron ion homeostasis	2.77	True
cilium assembly (GO:0060271)	331	164	59.65	+	2.75	1.36e-39	3.17e-37	GO:0060271	cilium assembly	2.75	True
positive regulation of intracellular protein transport (GO:0090316)	85	42	15.32	+	2.74	4.08e-11	1.42e-09	GO:0090316	positive regulation of intracellular protein transport	2.74	True
visual perception (GO:0007601)	146	72	26.31	+	2.74	5.69e-18	3.88e-16	GO:0007601	visual perception	2.74	True
positive regulation of intracellular transport (GO:0032388)	140	69	25.23	+	2.73	2.9e-17	1.92e-15	GO:0032388	positive regulation of intracellular transport	2.73	True
intracellular protein transmembrane transport (GO:0065002)	61	30	10.99	+	2.73	2.79e-08	6.68e-07	GO:0065002	intracellular protein transmembrane transport	2.73	True
positive regulation of blood vessel endothelial cell migration (GO:0043536)	57	28	10.27	+	2.73	8.33e-08	1.84e-06	GO:0043536	positive regulation of blood vessel endothelial cell migration	2.73	True
amino acid biosynthetic process (GO:0008652)	53	26	9.55	+	2.72	2.49e-07	5.06e-06	GO:0008652	amino acid biosynthetic process	2.72	True
mitochondrial transmembrane transport (GO:1990542)	51	25	9.19	+	2.72	4.3e-07	8.4e-06	GO:1990542	mitochondrial transmembrane transport	2.72	True
regulation of cAMP/PKA signal transduction (GO:0141161)	49	24	8.83	+	2.72	7.45e-07	1.4e-05	GO:0141161	regulation of cAMP/PKA signal transduction	2.72	True
pyrimidine-containing compound biosynthetic process (GO:0072528)	47	23	8.47	+	2.72	1.29e-06	2.33e-05	GO:0072528	pyrimidine-containing compound biosynthetic process	2.72	True
regulation of telomere maintenance via telomerase (GO:0032210)	45	22	8.11	+	2.71	2.24e-06	3.85e-05	GO:0032210	regulation of telomere maintenance via telomerase	2.71	True
proteinogenic amino acid biosynthetic process (GO:0170038)	43	21	7.75	+	2.71	3.88e-06	6.36e-05	GO:0170038	proteinogenic amino acid biosynthetic process	2.71	True
RNA export from nucleus (GO:0006405)	84	41	15.14	+	2.71	1.13e-10	3.63e-09	GO:0006405	RNA export from nucleus	2.71	True
positive regulation of organelle assembly (GO:1902117)	82	40	14.78	+	2.71	1.95e-10	6.1e-09	GO:1902117	positive regulation of organelle assembly	2.71	True
establishment of spindle orientation (GO:0051294)	41	20	7.39	+	2.71	6.73e-06	0.000105	GO:0051294	establishment of spindle orientation	2.71	True
L-amino acid biosynthetic process (GO:0170034)	39	19	7.03	+	2.70	1.17e-05	0.000174	GO:0170034	L-amino acid biosynthetic process	2.7	True
microtubule-based transport (GO:0099111)	204	99	36.77	+	2.69	1.6499999999999998e-23	1.7700000000000003e-21	GO:0099111	microtubule-based transport	2.69	True
protein polymerization (GO:0051258)	101	49	18.2	+	2.69	2.37e-12	9.57e-11	GO:0051258	protein polymerization	2.69	True
regulation of ferroptosis (GO:0110075)	33	16	5.95	+	2.69	6.17e-05	0.000783	GO:0110075	regulation of ferroptosis	2.69	True
diterpenoid metabolic process (GO:0016101)	93	45	16.76	+	2.68	2.07e-11	7.45e-10	GO:0016101	diterpenoid metabolic process	2.68	True
cellular response to low-density lipoprotein particle stimulus (GO:0071404)	29	14	5.23	+	2.68	0.000188	0.00213	GO:0071404	cellular response to low-density lipoprotein particle stimulus	2.68	True
response to lipoprotein particle (GO:0055094)	29	14	5.23	+	2.68	0.000188	0.00213	GO:0055094	response to lipoprotein particle	2.68	True
DNA replication initiation (GO:0006270)	27	13	4.87	+	2.67	0.00033	0.0035	GO:0006270	DNA replication initiation	2.67	True
regulation of intracellular protein transport (GO:0033157)	129	62	23.25	+	2.67	5.28e-15	2.84e-13	GO:0033157	regulation of intracellular protein transport	2.67	True
folic acid-containing compound metabolic process (GO:0006760)	25	12	4.51	+	2.66	0.00058	0.00583	GO:0006760	folic acid-containing compound metabolic process	2.66	True
negative regulation of receptor signaling pathway via JAK-STAT (GO:0046426)	25	12	4.51	+	2.66	0.00058	0.00583	GO:0046426	negative regulation of receptor signaling pathway via JAK-STAT	2.66	True
response to muscle activity (GO:0014850)	25	12	4.51	+	2.66	0.00058	0.00582	GO:0014850	response to muscle activity	2.66	True
phosphatidylinositol 3-kinase/protein kinase B signal transduction (GO:0043491)	48	23	8.65	+	2.66	2.05e-06	3.58e-05	GO:0043491	phosphatidylinositol 3-kinase/protein kinase B signal transduction	2.66	True
cotranslational protein targeting to membrane (GO:0006613)	23	11	4.15	+	2.65	0.00102	0.00938	GO:0006613	cotranslational protein targeting to membrane	2.65	True
glycogen catabolic process (GO:0005980)	23	11	4.15	+	2.65	0.00102	0.00937	GO:0005980	glycogen catabolic process	2.65	True
maintenance of protein location in cell (GO:0032507)	46	22	8.29	+	2.65	3.56e-06	5.87e-05	GO:0032507	maintenance of protein location in cell	2.65	True
centrosome localization (GO:0051642)	23	11	4.15	+	2.65	0.00102	0.00937	GO:0051642	centrosome localization	2.65	True
microtubule organizing center localization (GO:0061842)	23	11	4.15	+	2.65	0.00102	0.00936	GO:0061842	microtubule organizing center localization	2.65	True
L-glutamate transmembrane transport (GO:0015813)	23	11	4.15	+	2.65	0.00102	0.00936	GO:0015813	L-glutamate transmembrane transport	2.65	True
purine-containing compound metabolic process (GO:0072521)	481	230	86.69	+	2.65	8.659999999999999e-52	3.72e-49	GO:0072521	purine-containing compound metabolic process	2.65	True
cellular response to topologically incorrect protein (GO:0035967)	90	43	16.22	+	2.65	9.68e-11	3.16e-09	GO:0035967	cellular response to topologically incorrect protein	2.65	True
mRNA export from nucleus (GO:0006406)	67	32	12.07	+	2.65	2.39e-08	5.76e-07	GO:0006406	mRNA export from nucleus	2.65	True
negative regulation of ferroptosis (GO:0110076)	21	10	3.78	+	2.64	0.00181	0.0152	GO:0110076	negative regulation of ferroptosis	2.64	True
regulation of oxidative stress-induced intrinsic apoptotic signaling pathway (GO:1902175)	42	20	7.57	+	2.64	1.07e-05	0.000161	GO:1902175	regulation of oxidative stress-induced intrinsic apoptotic signaling pathway	2.64	True
negative regulation of endoplasmic reticulum unfolded protein response (GO:1900102)	21	10	3.78	+	2.64	0.00181	0.0152	GO:1900102	negative regulation of endoplasmic reticulum unfolded protein response	2.64	True
regulation of cellular response to hypoxia (GO:1900037)	21	10	3.78	+	2.64	0.00181	0.0151	GO:1900037	regulation of cellular response to hypoxia	2.64	True
regulation of cardiac muscle contraction by regulation of the release of sequestered calcium ion (GO:0010881)	21	10	3.78	+	2.64	0.00181	0.0151	GO:0010881	regulation of cardiac muscle contraction by regulation of the release of sequestered calcium ion	2.64	True
regulation of cilium assembly (GO:1902017)	80	38	14.42	+	2.64	1.45e-09	4.14e-08	GO:1902017	regulation of cilium assembly	2.64	True
glucan metabolic process (GO:0044042)	40	19	7.21	+	2.64	1.85e-05	0.000266	GO:0044042	glucan metabolic process	2.64	True
response to alkaloid (GO:0043279)	78	37	14.06	+	2.63	2.49e-09	6.78e-08	GO:0043279	response to alkaloid	2.63	True
positive regulation of metaphase/anaphase transition of cell cycle (GO:1902101)	19	9	3.42	+	2.63	0.0032	0.0249	GO:1902101	positive regulation of metaphase/anaphase transition of cell cycle	2.63	True
neuromuscular process controlling balance (GO:0050885)	19	9	3.42	+	2.63	0.0032	0.0249	GO:0050885	neuromuscular process controlling balance	2.63	True
response to magnesium ion (GO:0032026)	19	9	3.42	+	2.63	0.0032	0.0249	GO:0032026	response to magnesium ion	2.63	True
embryonic camera-type eye development (GO:0031076)	19	9	3.42	+	2.63	0.0032	0.0249	GO:0031076	embryonic camera-type eye development	2.63	True
pore complex assembly (GO:0046931)	19	9	3.42	+	2.63	0.0032	0.0249	GO:0046931	pore complex assembly	2.63	True
tetrahydrofolate metabolic process (GO:0046653)	19	9	3.42	+	2.63	0.0032	0.0248	GO:0046653	tetrahydrofolate metabolic process	2.63	True
regulation of DNA-templated DNA replication initiation (GO:0030174)	19	9	3.42	+	2.63	0.0032	0.0248	GO:0030174	regulation of DNA-templated DNA replication initiation	2.63	True
striated muscle hypertrophy (GO:0014897)	19	9	3.42	+	2.63	0.0032	0.0248	GO:0014897	striated muscle hypertrophy	2.63	True
maintenance of location in cell (GO:0051651)	55	26	9.91	+	2.62	6.25e-07	1.19e-05	GO:0051651	maintenance of location in cell	2.62	True
nucleoside phosphate metabolic process (GO:0006753)	544	257	98.04	+	2.62	1.4500000000000002e-56	7.14e-54	GO:0006753	nucleoside phosphate metabolic process	2.62	True
midbrain development (GO:0030901)	72	34	12.98	+	2.62	1.26e-08	3.16e-07	GO:0030901	midbrain development	2.62	True
maintenance of protein localization in organelle (GO:0072595)	36	17	6.49	+	2.62	5.58e-05	0.000718	GO:0072595	maintenance of protein localization in organelle	2.62	True
neural nucleus development (GO:0048857)	53	25	9.55	+	2.62	1.08e-06	1.98e-05	GO:0048857	neural nucleus development	2.62	True
regulation of telomere maintenance via telomere lengthening (GO:1904356)	53	25	9.55	+	2.62	1.08e-06	1.97e-05	GO:1904356	regulation of telomere maintenance via telomere lengthening	2.62	True
regulation of autophagy of mitochondrion (GO:1903146)	51	24	9.19	+	2.61	1.86e-06	3.27e-05	GO:1903146	regulation of autophagy of mitochondrion	2.61	True
regulation of DNA strand elongation (GO:0060382)	17	8	3.06	+	2.61	0.0057	0.0401	GO:0060382	regulation of DNA strand elongation	2.61	True
glomerular epithelial cell differentiation (GO:0072311)	17	8	3.06	+	2.61	0.0057	0.0401	GO:0072311	glomerular epithelial cell differentiation	2.61	True
UMP metabolic process (GO:0046049)	17	8	3.06	+	2.61	0.0057	0.0401	GO:0046049	UMP metabolic process	2.61	True
regulation of nitric oxide biosynthetic process (GO:0045428)	51	24	9.19	+	2.61	1.86e-06	3.26e-05	GO:0045428	regulation of nitric oxide biosynthetic process	2.61	True
detection of light stimulus involved in sensory perception (GO:0050962)	17	8	3.06	+	2.61	0.0057	0.0401	GO:0050962	detection of light stimulus involved in sensory perception	2.61	True
detection of light stimulus involved in visual perception (GO:0050908)	17	8	3.06	+	2.61	0.0057	0.0401	GO:0050908	detection of light stimulus involved in visual perception	2.61	True
regulation of nucleobase-containing compound transport (GO:0032239)	17	8	3.06	+	2.61	0.0057	0.04	GO:0032239	regulation of nucleobase-containing compound transport	2.61	True
reverse cholesterol transport (GO:0043691)	17	8	3.06	+	2.61	0.0057	0.04	GO:0043691	reverse cholesterol transport	2.61	True
regulation of secondary metabolic process (GO:0043455)	17	8	3.06	+	2.61	0.0057	0.04	GO:0043455	regulation of secondary metabolic process	2.61	True
regulation of secondary metabolite biosynthetic process (GO:1900376)	17	8	3.06	+	2.61	0.0057	0.04	GO:1900376	regulation of secondary metabolite biosynthetic process	2.61	True
regulation of melanin biosynthetic process (GO:0048021)	17	8	3.06	+	2.61	0.0057	0.04	GO:0048021	regulation of melanin biosynthetic process	2.61	True
regulation of vesicle size (GO:0097494)	17	8	3.06	+	2.61	0.0057	0.0399	GO:0097494	regulation of vesicle size	2.61	True
phosphatidylinositol metabolic process (GO:0046488)	85	40	15.32	+	2.61	7.66e-10	2.25e-08	GO:0046488	phosphatidylinositol metabolic process	2.61	True
polysaccharide metabolic process (GO:0005976)	49	23	8.83	+	2.60	3.21e-06	5.35e-05	GO:0005976	polysaccharide metabolic process	2.6	True
negative regulation of intracellular transport (GO:0032387)	49	23	8.83	+	2.60	3.21e-06	5.35e-05	GO:0032387	negative regulation of intracellular transport	2.6	True
positive regulation of nitric oxide biosynthetic process (GO:0045429)	32	15	5.77	+	2.60	0.000169	0.00193	GO:0045429	positive regulation of nitric oxide biosynthetic process	2.6	True
vesicle tethering (GO:0099022)	32	15	5.77	+	2.60	0.000169	0.00193	GO:0099022	vesicle tethering	2.6	True
respiratory chain complex IV assembly (GO:0008535)	32	15	5.77	+	2.60	0.000169	0.00193	GO:0008535	respiratory chain complex IV assembly	2.6	True
regulation of vascular endothelial growth factor production (GO:0010574)	32	15	5.77	+	2.60	0.000169	0.00193	GO:0010574	regulation of vascular endothelial growth factor production	2.6	True
biological process involved in symbiotic interaction (GO:0044403)	111	52	20.0	+	2.60	2.86e-12	1.15e-10	GO:0044403	biological process involved in symbiotic interaction	2.6	True
maintenance of protein location (GO:0045185)	47	22	8.47	+	2.60	5.55e-06	8.89e-05	GO:0045185	maintenance of protein location	2.6	True
energy reserve metabolic process (GO:0006112)	47	22	8.47	+	2.60	5.55e-06	8.88e-05	GO:0006112	energy reserve metabolic process	2.6	True
protein destabilization (GO:0031648)	47	22	8.47	+	2.60	5.55e-06	8.87e-05	GO:0031648	protein destabilization	2.6	True
membrane invagination (GO:0010324)	47	22	8.47	+	2.60	5.55e-06	8.86e-05	GO:0010324	membrane invagination	2.6	True
regulation of RNA splicing (GO:0043484)	191	89	34.42	+	2.59	8.72e-20	7.36e-18	GO:0043484	regulation of RNA splicing	2.59	True
iron ion transport (GO:0006826)	43	20	7.75	+	2.58	1.66e-05	0.000241	GO:0006826	iron ion transport	2.58	True
presynaptic endocytosis (GO:0140238)	56	26	10.09	+	2.58	9.68e-07	1.79e-05	GO:0140238	presynaptic endocytosis	2.58	True
negative regulation of ubiquitin-dependent protein catabolic process (GO:2000059)	56	26	10.09	+	2.58	9.68e-07	1.79e-05	GO:2000059	negative regulation of ubiquitin-dependent protein catabolic process	2.58	True
maintenance of location (GO:0051235)	56	26	10.09	+	2.58	9.68e-07	1.78e-05	GO:0051235	maintenance of location	2.58	True
negative regulation of receptor signaling pathway via STAT (GO:1904893)	28	13	5.05	+	2.58	0.000515	0.00522	GO:1904893	negative regulation of receptor signaling pathway via STAT	2.58	True
nucleotide salvage (GO:0043173)	28	13	5.05	+	2.58	0.000515	0.00522	GO:0043173	nucleotide salvage	2.58	True
regulation of synaptic vesicle recycling (GO:1903421)	28	13	5.05	+	2.58	0.000515	0.00521	GO:1903421	regulation of synaptic vesicle recycling	2.58	True
heart looping (GO:0001947)	41	19	7.39	+	2.57	2.87e-05	0.0004	GO:0001947	heart looping	2.57	True
maturation of 5.8S rRNA (GO:0000460)	41	19	7.39	+	2.57	2.87e-05	0.0004	GO:0000460	maturation of 5.8S rRNA	2.57	True
neuroinflammatory response (GO:0150076)	41	19	7.39	+	2.57	2.87e-05	0.000399	GO:0150076	neuroinflammatory response	2.57	True
response to cocaine (GO:0042220)	41	19	7.39	+	2.57	2.87e-05	0.000399	GO:0042220	response to cocaine	2.57	True
viral life cycle (GO:0019058)	136	63	24.51	+	2.57	2.82e-14	1.37e-12	GO:0019058	viral life cycle	2.57	True
plasma membrane bounded cell projection assembly (GO:0120031)	400	185	72.09	+	2.57	3.09e-39	7.08e-37	GO:0120031	plasma membrane bounded cell projection assembly	2.57	True
retina development in camera-type eye (GO:0060041)	93	43	16.76	+	2.57	3.61e-10	1.12e-08	GO:0060041	retina development in camera-type eye	2.57	True
organophosphate catabolic process (GO:0046434)	184	85	33.16	+	2.56	1.15e-18	8.12e-17	GO:0046434	organophosphate catabolic process	2.56	True
regulation of cholesterol biosynthetic process (GO:0045540)	26	12	4.69	+	2.56	0.000902	0.0085	GO:0045540	regulation of cholesterol biosynthetic process	2.56	True
glutamate metabolic process (GO:0006536)	26	12	4.69	+	2.56	0.000902	0.00849	GO:0006536	glutamate metabolic process	2.56	True
glycogen metabolic process (GO:0005977)	39	18	7.03	+	2.56	4.97e-05	0.000647	GO:0005977	glycogen metabolic process	2.56	True
regulation of sterol biosynthetic process (GO:0106118)	26	12	4.69	+	2.56	0.000902	0.00849	GO:0106118	regulation of sterol biosynthetic process	2.56	True
nucleobase-containing small molecule metabolic process (GO:0055086)	575	265	103.63	+	2.56	1.2099999999999999e-55	5.75e-53	GO:0055086	nucleobase-containing small molecule metabolic process	2.56	True
regulation of intracellular transport (GO:0032386)	254	117	45.78	+	2.56	4.86e-25	5.92e-23	GO:0032386	regulation of intracellular transport	2.56	True
cell projection assembly (GO:0030031)	404	186	72.81	+	2.55	4.2e-39	9.46e-37	GO:0030031	cell projection assembly	2.55	True
receptor internalization (GO:0031623)	63	29	11.35	+	2.55	2.92e-07	5.87e-06	GO:0031623	receptor internalization	2.55	True
microtubule polymerization or depolymerization (GO:0031109)	63	29	11.35	+	2.55	2.92e-07	5.86e-06	GO:0031109	microtubule polymerization or depolymerization	2.55	True
pigment metabolic process (GO:0042440)	63	29	11.35	+	2.55	2.92e-07	5.85e-06	GO:0042440	pigment metabolic process	2.55	True
protein sumoylation (GO:0016925)	50	23	9.01	+	2.55	4.94e-06	7.95e-05	GO:0016925	protein sumoylation	2.55	True
cellular response to lipoprotein particle stimulus (GO:0071402)	37	17	6.67	+	2.55	8.6e-05	0.00106	GO:0071402	cellular response to lipoprotein particle stimulus	2.55	True
establishment of mitotic spindle localization (GO:0040001)	37	17	6.67	+	2.55	8.6e-05	0.00106	GO:0040001	establishment of mitotic spindle localization	2.55	True
alcohol metabolic process (GO:0006066)	259	119	46.68	+	2.55	2.5199999999999998e-25	3.19e-23	GO:0006066	alcohol metabolic process	2.55	True
regulation of Rac protein signal transduction (GO:0035020)	37	17	6.67	+	2.55	8.6e-05	0.00106	GO:0035020	regulation of Rac protein signal transduction	2.55	True
transport along microtubule (GO:0010970)	183	84	32.98	+	2.55	3e-18	2.09e-16	GO:0010970	transport along microtubule	2.55	True
L-glutamate import (GO:0051938)	24	11	4.33	+	2.54	0.00158	0.0136	GO:0051938	L-glutamate import	2.54	True
regulation of DNA damage checkpoint (GO:2000001)	24	11	4.33	+	2.54	0.00158	0.0136	GO:2000001	regulation of DNA damage checkpoint	2.54	True
negative regulation of purine nucleotide metabolic process (GO:1900543)	24	11	4.33	+	2.54	0.00158	0.0136	GO:1900543	negative regulation of purine nucleotide metabolic process	2.54	True
positive regulation of long-term synaptic potentiation (GO:1900273)	24	11	4.33	+	2.54	0.00158	0.0135	GO:1900273	positive regulation of long-term synaptic potentiation	2.54	True
positive regulation of cardiac muscle hypertrophy (GO:0010613)	24	11	4.33	+	2.54	0.00158	0.0135	GO:0010613	positive regulation of cardiac muscle hypertrophy	2.54	True
response to ischemia (GO:0002931)	48	22	8.65	+	2.54	8.51e-06	0.00013	GO:0002931	response to ischemia	2.54	True
negative regulation of nucleotide metabolic process (GO:0045980)	24	11	4.33	+	2.54	0.00158	0.0135	GO:0045980	negative regulation of nucleotide metabolic process	2.54	True
protein-containing complex localization (GO:0031503)	59	27	10.63	+	2.54	8.59e-07	1.6e-05	GO:0031503	protein-containing complex localization	2.54	True
vesicle docking involved in exocytosis (GO:0006904)	35	16	6.31	+	2.54	0.000149	0.00174	GO:0006904	vesicle docking involved in exocytosis	2.54	True
protein transmembrane transport (GO:0071806)	70	32	12.62	+	2.54	8.79e-08	1.93e-06	GO:0071806	protein transmembrane transport	2.54	True
acyl-CoA biosynthetic process (GO:0071616)	46	21	8.29	+	2.53	1.47e-05	0.000216	GO:0071616	acyl-CoA biosynthetic process	2.53	True
regulation of mitophagy (GO:1901524)	46	21	8.29	+	2.53	1.47e-05	0.000216	GO:1901524	regulation of mitophagy	2.53	True
biological process involved in interaction with host (GO:0051701)	103	47	18.56	+	2.53	9.8e-11	3.18e-09	GO:0051701	biological process involved in interaction with host	2.53	True
nuclear envelope organization (GO:0006998)	57	26	10.27	+	2.53	1.48e-06	2.63e-05	GO:0006998	nuclear envelope organization	2.53	True
mitochondrial membrane organization (GO:0007006)	57	26	10.27	+	2.53	1.48e-06	2.62e-05	GO:0007006	mitochondrial membrane organization	2.53	True
aldehyde metabolic process (GO:0006081)	68	31	12.26	+	2.53	1.51e-07	3.17e-06	GO:0006081	aldehyde metabolic process	2.53	True
positive regulation of telomere maintenance (GO:0032206)	68	31	12.26	+	2.53	1.51e-07	3.17e-06	GO:0032206	positive regulation of telomere maintenance	2.53	True
RNA localization (GO:0006403)	134	61	24.15	+	2.53	1.91e-13	8.89e-12	GO:0006403	RNA localization	2.53	True
regulation of microtubule-based process (GO:0032886)	266	121	47.94	+	2.52	3.0099999999999997e-25	3.76e-23	GO:0032886	regulation of microtubule-based process	2.52	True
negative regulation of toll-like receptor signaling pathway (GO:0034122)	22	10	3.96	+	2.52	0.00278	0.0222	GO:0034122	negative regulation of toll-like receptor signaling pathway	2.52	True
smoothened signaling pathway (GO:0007224)	44	20	7.93	+	2.52	2.53e-05	0.000357	GO:0007224	smoothened signaling pathway	2.52	True
sphingosine metabolic process (GO:0006670)	22	10	3.96	+	2.52	0.00278	0.0222	GO:0006670	sphingosine metabolic process	2.52	True
mitochondrial electron transport, cytochrome c to oxygen (GO:0006123)	22	10	3.96	+	2.52	0.00278	0.0222	GO:0006123	mitochondrial electron transport, cytochrome c to oxygen	2.52	True
histone mRNA catabolic process (GO:0071044)	22	10	3.96	+	2.52	0.00278	0.0221	GO:0071044	histone mRNA catabolic process	2.52	True
mRNA transcription by RNA polymerase II (GO:0042789)	44	20	7.93	+	2.52	2.53e-05	0.000356	GO:0042789	mRNA transcription by RNA polymerase II	2.52	True
dendritic spine development (GO:0060996)	22	10	3.96	+	2.52	0.00278	0.0221	GO:0060996	dendritic spine development	2.52	True
proteoglycan catabolic process (GO:0030167)	22	10	3.96	+	2.52	0.00278	0.0221	GO:0030167	proteoglycan catabolic process	2.52	True
regulation of mitotic cell cycle spindle assembly checkpoint (GO:0090266)	33	15	5.95	+	2.52	0.000259	0.00281	GO:0090266	regulation of mitotic cell cycle spindle assembly checkpoint	2.52	True
ketone biosynthetic process (GO:0042181)	33	15	5.95	+	2.52	0.000259	0.00281	GO:0042181	ketone biosynthetic process	2.52	True
regulation of mitotic spindle checkpoint (GO:1903504)	33	15	5.95	+	2.52	0.000259	0.00281	GO:1903504	regulation of mitotic spindle checkpoint	2.52	True
response to topologically incorrect protein (GO:0035966)	119	54	21.45	+	2.52	5.3e-12	2.05e-10	GO:0035966	response to topologically incorrect protein	2.52	True
polyol metabolic process (GO:0019751)	86	39	15.5	+	2.52	4.69e-09	1.25e-07	GO:0019751	polyol metabolic process	2.52	True
spindle organization (GO:0007051)	159	72	28.66	+	2.51	1.84e-15	1.03e-13	GO:0007051	spindle organization	2.51	True
regulation of organelle assembly (GO:1902115)	221	100	39.83	+	2.51	6.83e-21	6.31e-19	GO:1902115	regulation of organelle assembly	2.51	True
regulation of microtubule cytoskeleton organization (GO:0070507)	157	71	28.3	+	2.51	3.14e-15	1.71e-13	GO:0070507	regulation of microtubule cytoskeleton organization	2.51	True
mitotic metaphase chromosome alignment (GO:0007080)	62	28	11.17	+	2.51	7.56e-07	1.42e-05	GO:0007080	mitotic metaphase chromosome alignment	2.51	True
response to electrical stimulus (GO:0051602)	31	14	5.59	+	2.51	0.000449	0.00459	GO:0051602	response to electrical stimulus	2.51	True
photoreceptor cell development (GO:0042461)	31	14	5.59	+	2.51	0.000449	0.00459	GO:0042461	photoreceptor cell development	2.51	True
insulin receptor signaling pathway (GO:0008286)	62	28	11.17	+	2.51	7.56e-07	1.42e-05	GO:0008286	insulin receptor signaling pathway	2.51	True
protein localization to postsynaptic membrane (GO:1903539)	31	14	5.59	+	2.51	0.000449	0.00458	GO:1903539	protein localization to postsynaptic membrane	2.51	True
cytoskeleton-dependent intracellular transport (GO:0030705)	204	92	36.77	+	2.50	3.27e-19	2.54e-17	GO:0030705	cytoskeleton-dependent intracellular transport	2.5	True
mRNA methylguanosine-cap decapping (GO:0110156)	20	9	3.6	+	2.50	0.0049	0.0351	GO:0110156	mRNA methylguanosine-cap decapping	2.5	True
negative regulation of amyloid-beta formation (GO:1902430)	20	9	3.6	+	2.50	0.0049	0.035	GO:1902430	negative regulation of amyloid-beta formation	2.5	True
glomerular epithelium development (GO:0072010)	20	9	3.6	+	2.50	0.0049	0.035	GO:0072010	glomerular epithelium development	2.5	True
negative regulation of protein binding (GO:0032091)	20	9	3.6	+	2.50	0.0049	0.035	GO:0032091	negative regulation of protein binding	2.5	True
negative regulation of reactive oxygen species biosynthetic process (GO:1903427)	20	9	3.6	+	2.50	0.0049	0.035	GO:1903427	negative regulation of reactive oxygen species biosynthetic process	2.5	True
RNA transport (GO:0050658)	109	49	19.64	+	2.49	7.62e-11	2.52e-09	GO:0050658	RNA transport	2.49	True
nucleic acid transport (GO:0050657)	109	49	19.64	+	2.49	7.62e-11	2.51e-09	GO:0050657	nucleic acid transport	2.49	True
dicarboxylic acid transport (GO:0006835)	69	31	12.44	+	2.49	2.26e-07	4.62e-06	GO:0006835	dicarboxylic acid transport	2.49	True
negative regulation of mRNA metabolic process (GO:1903312)	118	53	21.27	+	2.49	1.35e-11	4.96e-10	GO:1903312	negative regulation of mRNA metabolic process	2.49	True
mRNA transcription (GO:0009299)	49	22	8.83	+	2.49	1.28e-05	0.00019	GO:0009299	mRNA transcription	2.49	True
lysosome organization (GO:0007040)	78	35	14.06	+	2.49	3.98e-08	9.27e-07	GO:0007040	lysosome organization	2.49	True
lytic vacuole organization (GO:0080171)	78	35	14.06	+	2.49	3.98e-08	9.25e-07	GO:0080171	lytic vacuole organization	2.49	True
mitochondrial respiratory chain complex IV assembly (GO:0033617)	29	13	5.23	+	2.49	0.000781	0.00746	GO:0033617	mitochondrial respiratory chain complex IV assembly	2.49	True
regulation of cell cycle checkpoint (GO:1901976)	58	26	10.45	+	2.49	2.22e-06	3.83e-05	GO:1901976	regulation of cell cycle checkpoint	2.49	True
inositol phosphate metabolic process (GO:0043647)	29	13	5.23	+	2.49	0.000781	0.00745	GO:0043647	inositol phosphate metabolic process	2.49	True
cellular response to hydrogen peroxide (GO:0070301)	58	26	10.45	+	2.49	2.22e-06	3.83e-05	GO:0070301	cellular response to hydrogen peroxide	2.49	True
establishment of cell polarity (GO:0030010)	105	47	18.92	+	2.48	2.21e-10	6.89e-09	GO:0030010	establishment of cell polarity	2.48	True
rescue of stalled cytosolic ribosome (GO:0072344)	38	17	6.85	+	2.48	0.00013	0.00153	GO:0072344	rescue of stalled cytosolic ribosome	2.48	True
cytoplasmic translational initiation (GO:0002183)	38	17	6.85	+	2.48	0.00013	0.00153	GO:0002183	cytoplasmic translational initiation	2.48	True
mRNA transport (GO:0051028)	76	34	13.7	+	2.48	6.79e-08	1.52e-06	GO:0051028	mRNA transport	2.48	True
cellular response to unfolded protein (GO:0034620)	76	34	13.7	+	2.48	6.79e-08	1.52e-06	GO:0034620	cellular response to unfolded protein	2.48	True
microtubule cytoskeleton organization involved in mitosis (GO:1902850)	130	58	23.43	+	2.48	2.11e-12	8.55e-11	GO:1902850	microtubule cytoskeleton organization involved in mitosis	2.48	True
cytochrome complex assembly (GO:0017004)	45	20	8.11	+	2.47	3.78e-05	0.000512	GO:0017004	cytochrome complex assembly	2.47	True
regulation of endoplasmic reticulum unfolded protein response (GO:1900101)	36	16	6.49	+	2.47	0.000224	0.00247	GO:1900101	regulation of endoplasmic reticulum unfolded protein response	2.47	True
pyrimidine nucleoside monophosphate metabolic process (GO:0009129)	27	12	4.87	+	2.47	0.00136	0.0118	GO:0009129	pyrimidine nucleoside monophosphate metabolic process	2.47	True
determination of heart left/right asymmetry (GO:0061371)	45	20	8.11	+	2.47	3.78e-05	0.000512	GO:0061371	determination of heart left/right asymmetry	2.47	True
establishment or maintenance of apical/basal cell polarity (GO:0035088)	36	16	6.49	+	2.47	0.000224	0.00246	GO:0035088	establishment or maintenance of apical/basal cell polarity	2.47	True
establishment or maintenance of bipolar cell polarity (GO:0061245)	36	16	6.49	+	2.47	0.000224	0.00246	GO:0061245	establishment or maintenance of bipolar cell polarity	2.47	True
embryonic heart tube morphogenesis (GO:0003143)	45	20	8.11	+	2.47	3.78e-05	0.000511	GO:0003143	embryonic heart tube morphogenesis	2.47	True
pyrimidine-containing compound metabolic process (GO:0072527)	72	32	12.98	+	2.47	1.97e-07	4.09e-06	GO:0072527	pyrimidine-containing compound metabolic process	2.47	True
ribonucleoprotein complex biogenesis (GO:0022613)	444	197	80.02	+	2.46	1.85e-38	3.97e-36	GO:0022613	ribonucleoprotein complex biogenesis	2.46	True
regulation of carbohydrate catabolic process (GO:0043470)	61	27	10.99	+	2.46	1.93e-06	3.35e-05	GO:0043470	regulation of carbohydrate catabolic process	2.46	True
negative regulation of protein catabolic process (GO:0042177)	122	54	21.99	+	2.46	1.76e-11	6.37e-10	GO:0042177	negative regulation of protein catabolic process	2.46	True
synaptic vesicle endocytosis (GO:0048488)	52	23	9.37	+	2.45	1.11e-05	0.000167	GO:0048488	synaptic vesicle endocytosis	2.45	True
establishment of RNA localization (GO:0051236)	111	49	20.0	+	2.45	1.68e-10	5.27e-09	GO:0051236	establishment of RNA localization	2.45	True
regulation of spindle checkpoint (GO:0090231)	34	15	6.13	+	2.45	0.000386	0.00403	GO:0090231	regulation of spindle checkpoint	2.45	True
negative regulation of protein ubiquitination (GO:0031397)	68	30	12.26	+	2.45	5.73e-07	1.1e-05	GO:0031397	negative regulation of protein ubiquitination	2.45	True
endosome organization (GO:0007032)	93	41	16.76	+	2.45	5.33e-09	1.41e-07	GO:0007032	endosome organization	2.45	True
protein localization to synapse (GO:0035418)	59	26	10.63	+	2.45	3.29e-06	5.46e-05	GO:0035418	protein localization to synapse	2.45	True
positive regulation of proteasomal ubiquitin-dependent protein catabolic process (GO:0032436)	75	33	13.52	+	2.44	1.71e-07	3.58e-06	GO:0032436	positive regulation of proteasomal ubiquitin-dependent protein catabolic process	2.44	True
positive regulation of Rac protein signal transduction (GO:0035022)	25	11	4.51	+	2.44	0.00237	0.0191	GO:0035022	positive regulation of Rac protein signal transduction	2.44	True
positive regulation of muscle hypertrophy (GO:0014742)	25	11	4.51	+	2.44	0.00237	0.0191	GO:0014742	positive regulation of muscle hypertrophy	2.44	True
mitochondrial gene expression (GO:0140053)	148	65	26.67	+	2.44	3.98e-13	1.77e-11	GO:0140053	mitochondrial gene expression	2.44	True
epidermal growth factor receptor signaling pathway (GO:0007173)	57	25	10.27	+	2.43	5.61e-06	8.94e-05	GO:0007173	epidermal growth factor receptor signaling pathway	2.43	True
detection of external stimulus (GO:0009581)	114	50	20.55	+	2.43	1.45e-10	4.58e-09	GO:0009581	detection of external stimulus	2.43	True
NADP+ metabolic process (GO:0006739)	32	14	5.77	+	2.43	0.000667	0.00656	GO:0006739	NADP+ metabolic process	2.43	True
mitotic cytokinetic process (GO:1902410)	32	14	5.77	+	2.43	0.000667	0.00655	GO:1902410	mitotic cytokinetic process	2.43	True
positive regulation of amine transport (GO:0051954)	32	14	5.77	+	2.43	0.000667	0.00655	GO:0051954	positive regulation of amine transport	2.43	True
establishment or maintenance of epithelial cell apical/basal polarity (GO:0045197)	32	14	5.77	+	2.43	0.000667	0.00654	GO:0045197	establishment or maintenance of epithelial cell apical/basal polarity	2.43	True
mitotic spindle assembly (GO:0090307)	48	21	8.65	+	2.43	3.25e-05	0.000449	GO:0090307	mitotic spindle assembly	2.43	True
maturation of LSU-rRNA (GO:0000470)	32	14	5.77	+	2.43	0.000667	0.00654	GO:0000470	maturation of LSU-rRNA	2.43	True
protein localization to postsynapse (GO:0062237)	32	14	5.77	+	2.43	0.000667	0.00653	GO:0062237	protein localization to postsynapse	2.43	True
pteridine-containing compound metabolic process (GO:0042558)	32	14	5.77	+	2.43	0.000667	0.00653	GO:0042558	pteridine-containing compound metabolic process	2.43	True
response to hydrogen peroxide (GO:0042542)	80	35	14.42	+	2.43	8.7e-08	1.91e-06	GO:0042542	response to hydrogen peroxide	2.43	True
diol metabolic process (GO:0034311)	32	14	5.77	+	2.43	0.000667	0.00652	GO:0034311	diol metabolic process	2.43	True
neuromuscular junction development (GO:0007528)	32	14	5.77	+	2.43	0.000667	0.00652	GO:0007528	neuromuscular junction development	2.43	True
regulation of nitric oxide metabolic process (GO:0080164)	55	24	9.91	+	2.42	9.56e-06	0.000145	GO:0080164	regulation of nitric oxide metabolic process	2.42	True
negative regulation of protein modification by small protein conjugation or removal (GO:1903321)	78	34	14.06	+	2.42	1.48e-07	3.12e-06	GO:1903321	negative regulation of protein modification by small protein conjugation or removal	2.42	True
regulation of smoothened signaling pathway (GO:0008589)	85	37	15.32	+	2.42	4.42e-08	1.02e-06	GO:0008589	regulation of smoothened signaling pathway	2.42	True
purine ribonucleoside metabolic process (GO:0046128)	23	10	4.15	+	2.41	0.00413	0.0307	GO:0046128	purine ribonucleoside metabolic process	2.41	True
cell cycle DNA replication (GO:0044786)	23	10	4.15	+	2.41	0.00413	0.0307	GO:0044786	cell cycle DNA replication	2.41	True
dicarboxylic acid catabolic process (GO:0043649)	23	10	4.15	+	2.41	0.00413	0.0307	GO:0043649	dicarboxylic acid catabolic process	2.41	True
cellular response to platelet-derived growth factor stimulus (GO:0036120)	23	10	4.15	+	2.41	0.00413	0.0307	GO:0036120	cellular response to platelet-derived growth factor stimulus	2.41	True
embryonic digit morphogenesis (GO:0042733)	23	10	4.15	+	2.41	0.00413	0.0307	GO:0042733	embryonic digit morphogenesis	2.41	True
regulation of synaptic vesicle endocytosis (GO:1900242)	23	10	4.15	+	2.41	0.00413	0.0306	GO:1900242	regulation of synaptic vesicle endocytosis	2.41	True
sphingoid metabolic process (GO:0046519)	23	10	4.15	+	2.41	0.00413	0.0306	GO:0046519	sphingoid metabolic process	2.41	True
mitotic spindle organization (GO:0007052)	99	43	17.84	+	2.41	6.69e-09	1.74e-07	GO:0007052	mitotic spindle organization	2.41	True
response to heat (GO:0009408)	76	33	13.7	+	2.41	2.5e-07	5.08e-06	GO:0009408	response to heat	2.41	True
release of sequestered calcium ion into cytosol (GO:0051209)	53	23	9.55	+	2.41	1.63e-05	0.000239	GO:0051209	release of sequestered calcium ion into cytosol	2.41	True
protein N-linked glycosylation (GO:0006487)	83	36	14.96	+	2.41	7.48e-08	1.67e-06	GO:0006487	protein N-linked glycosylation	2.41	True
positive regulation of microtubule polymerization (GO:0031116)	30	13	5.41	+	2.40	0.00115	0.0103	GO:0031116	positive regulation of microtubule polymerization	2.4	True
positive regulation of steroid metabolic process (GO:0045940)	37	16	6.67	+	2.40	0.000329	0.00349	GO:0045940	positive regulation of steroid metabolic process	2.4	True
regulation of cholesterol metabolic process (GO:0090181)	44	19	7.93	+	2.40	9.51e-05	0.00117	GO:0090181	regulation of cholesterol metabolic process	2.4	True
phosphatidylinositol biosynthetic process (GO:0006661)	51	22	9.19	+	2.39	2.78e-05	0.000388	GO:0006661	phosphatidylinositol biosynthetic process	2.39	True
amino acid catabolic process (GO:0009063)	109	47	19.64	+	2.39	1.39e-09	4e-08	GO:0009063	amino acid catabolic process	2.39	True
RNA processing (GO:0006396)	805	347	145.08	+	2.39	5.9300000000000003e-64	3.26e-61	GO:0006396	RNA processing	2.39	True
regulation of circadian rhythm (GO:0042752)	116	50	20.91	+	2.39	3.99e-10	1.23e-08	GO:0042752	regulation of circadian rhythm	2.39	True
endosome to lysosome transport (GO:0008333)	65	28	11.71	+	2.39	2.42e-06	4.13e-05	GO:0008333	endosome to lysosome transport	2.39	True
viral process (GO:0016032)	207	89	37.31	+	2.39	5.28e-17	3.39e-15	GO:0016032	viral process	2.39	True
metencephalon development (GO:0022037)	63	27	11.35	+	2.38	4.1e-06	6.71e-05	GO:0022037	metencephalon development	2.38	True
regulation of ATP biosynthetic process (GO:2001169)	21	9	3.78	+	2.38	0.00722	0.0475	GO:2001169	regulation of ATP biosynthetic process	2.38	True
nuclear-transcribed mRNA catabolic process, nonsense-mediated decay (GO:0000184)	28	12	5.05	+	2.38	0.00199	0.0166	GO:0000184	nuclear-transcribed mRNA catabolic process, nonsense-mediated decay	2.38	True
glial cell activation (GO:0061900)	35	15	6.31	+	2.38	0.000564	0.00569	GO:0061900	glial cell activation	2.38	True
nucleotide-sugar metabolic process (GO:0009225)	42	18	7.57	+	2.38	0.000162	0.00188	GO:0009225	nucleotide-sugar metabolic process	2.38	True
regulation of mitotic sister chromatid separation (GO:0010965)	70	30	12.62	+	2.38	1.22e-06	2.2e-05	GO:0010965	regulation of mitotic sister chromatid separation	2.38	True
positive regulation of alpha-beta T cell differentiation (GO:0046638)	42	18	7.57	+	2.38	0.000162	0.00188	GO:0046638	positive regulation of alpha-beta T cell differentiation	2.38	True
regulation of striated muscle cell apoptotic process (GO:0010662)	35	15	6.31	+	2.38	0.000564	0.00568	GO:0010662	regulation of striated muscle cell apoptotic process	2.38	True
histone mRNA metabolic process (GO:0008334)	28	12	5.05	+	2.38	0.00199	0.0166	GO:0008334	histone mRNA metabolic process	2.38	True
muscle hypertrophy (GO:0014896)	21	9	3.78	+	2.38	0.00722	0.0475	GO:0014896	muscle hypertrophy	2.38	True
negative regulation of amyloid precursor protein catabolic process (GO:1902992)	21	9	3.78	+	2.38	0.00722	0.0475	GO:1902992	negative regulation of amyloid precursor protein catabolic process	2.38	True
L-amino acid catabolic process (GO:0170035)	98	42	17.66	+	2.38	1.3e-08	3.25e-07	GO:0170035	L-amino acid catabolic process	2.38	True
receptor localization to synapse (GO:0097120)	49	21	8.83	+	2.38	4.73e-05	0.000617	GO:0097120	receptor localization to synapse	2.38	True
detection of abiotic stimulus (GO:0009582)	117	50	21.09	+	2.37	5.19e-10	1.58e-08	GO:0009582	detection of abiotic stimulus	2.37	True
response to unfolded protein (GO:0006986)	103	44	18.56	+	2.37	6.14e-09	1.61e-07	GO:0006986	response to unfolded protein	2.37	True
protein localization to cell junction (GO:1902414)	82	35	14.78	+	2.37	2.64e-07	5.34e-06	GO:1902414	protein localization to cell junction	2.37	True
cerebellum development (GO:0021549)	61	26	10.99	+	2.37	6.95e-06	0.000109	GO:0021549	cerebellum development	2.37	True
synaptic vesicle recycling (GO:0036465)	61	26	10.99	+	2.37	6.95e-06	0.000109	GO:0036465	synaptic vesicle recycling	2.37	True
endoplasmic reticulum unfolded protein response (GO:0030968)	61	26	10.99	+	2.37	6.95e-06	0.000108	GO:0030968	endoplasmic reticulum unfolded protein response	2.37	True
positive regulation of intrinsic apoptotic signaling pathway (GO:2001244)	47	20	8.47	+	2.36	8.05e-05	0.000994	GO:2001244	positive regulation of intrinsic apoptotic signaling pathway	2.36	True
nuclear membrane organization (GO:0071763)	47	20	8.47	+	2.36	8.05e-05	0.000994	GO:0071763	nuclear membrane organization	2.36	True
establishment of protein localization to organelle (GO:0072594)	275	117	49.56	+	2.36	1.8700000000000002e-21	1.78e-19	GO:0072594	establishment of protein localization to organelle	2.36	True
cytoplasmic translational elongation (GO:0002182)	40	17	7.21	+	2.36	0.000277	0.00298	GO:0002182	cytoplasmic translational elongation	2.36	True
response to axon injury (GO:0048678)	40	17	7.21	+	2.36	0.000277	0.00298	GO:0048678	response to axon injury	2.36	True
carbohydrate derivative catabolic process (GO:1901136)	200	85	36.04	+	2.36	8.01e-16	4.63e-14	GO:1901136	carbohydrate derivative catabolic process	2.36	True
plasma membrane invagination (GO:0099024)	40	17	7.21	+	2.36	0.000277	0.00298	GO:0099024	plasma membrane invagination	2.36	True
photoreceptor cell differentiation (GO:0046530)	40	17	7.21	+	2.36	0.000277	0.00298	GO:0046530	photoreceptor cell differentiation	2.36	True
regulation of amino acid transport (GO:0051955)	33	14	5.95	+	2.35	0.000968	0.00893	GO:0051955	regulation of amino acid transport	2.35	True
nuclear export (GO:0051168)	132	56	23.79	+	2.35	6.15e-11	2.07e-09	GO:0051168	nuclear export	2.35	True
negative regulation of cytokine production involved in inflammatory response (GO:1900016)	33	14	5.95	+	2.35	0.000968	0.00892	GO:1900016	negative regulation of cytokine production involved in inflammatory response	2.35	True
regulation of purine nucleotide catabolic process (GO:0033121)	52	22	9.37	+	2.35	4e-05	0.000535	GO:0033121	regulation of purine nucleotide catabolic process	2.35	True
vesicle cytoskeletal trafficking (GO:0099518)	52	22	9.37	+	2.35	4e-05	0.000534	GO:0099518	vesicle cytoskeletal trafficking	2.35	True
regulation of glycolytic process (GO:0006110)	52	22	9.37	+	2.35	4e-05	0.000534	GO:0006110	regulation of glycolytic process	2.35	True
negative regulation of double-strand break repair via homologous recombination (GO:2000042)	26	11	4.69	+	2.35	0.00344	0.0266	GO:2000042	negative regulation of double-strand break repair via homologous recombination	2.35	True
positive regulation of macrophage migration (GO:1905523)	26	11	4.69	+	2.35	0.00344	0.0266	GO:1905523	positive regulation of macrophage migration	2.35	True
response to platelet-derived growth factor (GO:0036119)	26	11	4.69	+	2.35	0.00344	0.0266	GO:0036119	response to platelet-derived growth factor	2.35	True
regulation of nucleotide catabolic process (GO:0030811)	52	22	9.37	+	2.35	4e-05	0.000533	GO:0030811	regulation of nucleotide catabolic process	2.35	True
regulation of protein localization to mitochondrion (GO:1903747)	52	22	9.37	+	2.35	4e-05	0.000533	GO:1903747	regulation of protein localization to mitochondrion	2.35	True
positive regulation of lamellipodium assembly (GO:0010592)	26	11	4.69	+	2.35	0.00344	0.0265	GO:0010592	positive regulation of lamellipodium assembly	2.35	True
import into nucleus (GO:0051170)	97	41	17.48	+	2.35	2.75e-08	6.59e-07	GO:0051170	import into nucleus	2.35	True
cellular response to peptide hormone stimulus (GO:0071375)	261	110	47.04	+	2.34	1.05e-19	8.75e-18	GO:0071375	cellular response to peptide hormone stimulus	2.34	True
protein targeting to ER (GO:0045047)	38	16	6.85	+	2.34	0.000473	0.00481	GO:0045047	protein targeting to ER	2.34	True
multicellular organismal-level water homeostasis (GO:0050891)	38	16	6.85	+	2.34	0.000473	0.00481	GO:0050891	multicellular organismal-level water homeostasis	2.34	True
protein localization to vacuole (GO:0072665)	69	29	12.44	+	2.33	4.03e-06	6.6e-05	GO:0072665	protein localization to vacuole	2.33	True
negative regulation of post-translational protein modification (GO:1901874)	81	34	14.6	+	2.33	5.39e-07	1.04e-05	GO:1901874	negative regulation of post-translational protein modification	2.33	True
protein quality control for misfolded or incompletely synthesized proteins (GO:0006515)	31	13	5.59	+	2.33	0.00166	0.0141	GO:0006515	protein quality control for misfolded or incompletely synthesized proteins	2.33	True
positive regulation of NLRP3 inflammasome complex assembly (GO:1900227)	31	13	5.59	+	2.33	0.00166	0.0141	GO:1900227	positive regulation of NLRP3 inflammasome complex assembly	2.33	True
regulation of cardiac muscle cell apoptotic process (GO:0010665)	31	13	5.59	+	2.33	0.00166	0.0141	GO:0010665	regulation of cardiac muscle cell apoptotic process	2.33	True
positive regulation of purine nucleotide metabolic process (GO:1900544)	43	18	7.75	+	2.32	0.000233	0.00255	GO:1900544	positive regulation of purine nucleotide metabolic process	2.32	True
vesicle transport along microtubule (GO:0047496)	43	18	7.75	+	2.32	0.000233	0.00255	GO:0047496	vesicle transport along microtubule	2.32	True
metabolic compound salvage (GO:0043094)	43	18	7.75	+	2.32	0.000233	0.00255	GO:0043094	metabolic compound salvage	2.32	True
positive regulation of nucleotide metabolic process (GO:0045981)	43	18	7.75	+	2.32	0.000233	0.00255	GO:0045981	positive regulation of nucleotide metabolic process	2.32	True
protein import into nucleus (GO:0006606)	91	38	16.4	+	2.32	1.25e-07	2.68e-06	GO:0006606	protein import into nucleus	2.32	True
organophosphate biosynthetic process (GO:0090407)	525	219	94.62	+	2.31	1.41e-37	2.94e-35	GO:0090407	organophosphate biosynthetic process	2.31	True
RNA decapping (GO:0110154)	24	10	4.33	+	2.31	0.00595	0.0406	GO:0110154	RNA decapping	2.31	True
membrane assembly (GO:0071709)	60	25	10.81	+	2.31	2.33e-05	0.000331	GO:0071709	membrane assembly	2.31	True
cellular response to insulin stimulus (GO:0032869)	144	60	25.95	+	2.31	4.08e-11	1.42e-09	GO:0032869	cellular response to insulin stimulus	2.31	True
regulation of anoikis (GO:2000209)	24	10	4.33	+	2.31	0.00595	0.0406	GO:2000209	regulation of anoikis	2.31	True
negative regulation of type I interferon production (GO:0032480)	48	20	8.65	+	2.31	0.000186	0.0021	GO:0032480	negative regulation of type I interferon production	2.31	True
positive regulation of viral process (GO:0048524)	60	25	10.81	+	2.31	2.33e-05	0.00033	GO:0048524	positive regulation of viral process	2.31	True
regulation of purine nucleotide biosynthetic process (GO:1900371)	24	10	4.33	+	2.31	0.00595	0.0406	GO:1900371	regulation of purine nucleotide biosynthetic process	2.31	True
regulation of nucleotide biosynthetic process (GO:0030808)	24	10	4.33	+	2.31	0.00595	0.0406	GO:0030808	regulation of nucleotide biosynthetic process	2.31	True
midbody abscission (GO:0061952)	24	10	4.33	+	2.31	0.00595	0.0405	GO:0061952	midbody abscission	2.31	True
regulation of nuclear-transcribed mRNA catabolic process, deadenylation-dependent decay (GO:1900151)	24	10	4.33	+	2.31	0.00595	0.0405	GO:1900151	regulation of nuclear-transcribed mRNA catabolic process, deadenylation-dependent decay	2.31	True
positive regulation of protein localization to mitochondrion (GO:1903749)	36	15	6.49	+	2.31	0.000807	0.00765	GO:1903749	positive regulation of protein localization to mitochondrion	2.31	True
androgen metabolic process (GO:0008209)	24	10	4.33	+	2.31	0.00595	0.0405	GO:0008209	androgen metabolic process	2.31	True
nucleocytoplasmic transport (GO:0006913)	214	89	38.57	+	2.31	9.36e-16	5.37e-14	GO:0006913	nucleocytoplasmic transport	2.31	True
alpha-amino acid catabolic process (GO:1901606)	101	42	18.2	+	2.31	3e-08	7.11e-07	GO:1901606	alpha-amino acid catabolic process	2.31	True
circadian regulation of gene expression (GO:0032922)	65	27	11.71	+	2.30	1.07e-05	0.000162	GO:0032922	circadian regulation of gene expression	2.3	True
translational elongation (GO:0006414)	65	27	11.71	+	2.30	1.07e-05	0.000162	GO:0006414	translational elongation	2.3	True
motile cilium assembly (GO:0044458)	65	27	11.71	+	2.30	1.07e-05	0.000162	GO:0044458	motile cilium assembly	2.3	True
membrane biogenesis (GO:0044091)	65	27	11.71	+	2.30	1.07e-05	0.000162	GO:0044091	membrane biogenesis	2.3	True
regulation of telomere maintenance (GO:0032204)	106	44	19.1	+	2.30	1.48e-08	3.67e-07	GO:0032204	regulation of telomere maintenance	2.3	True
positive regulation of ATP metabolic process (GO:1903580)	41	17	7.39	+	2.30	0.000395	0.00412	GO:1903580	positive regulation of ATP metabolic process	2.3	True
NAD+ metabolic process (GO:0019674)	41	17	7.39	+	2.30	0.000395	0.00411	GO:0019674	NAD+ metabolic process	2.3	True
establishment of protein localization to endoplasmic reticulum (GO:0072599)	41	17	7.39	+	2.30	0.000395	0.00411	GO:0072599	establishment of protein localization to endoplasmic reticulum	2.3	True
nuclear transport (GO:0051169)	215	89	38.75	+	2.30	1.14e-15	6.48e-14	GO:0051169	nuclear transport	2.3	True
actin filament bundle assembly (GO:0051017)	58	24	10.45	+	2.30	3.79e-05	0.000512	GO:0051017	actin filament bundle assembly	2.3	True
positive regulation of alcohol biosynthetic process (GO:1902932)	29	12	5.23	+	2.30	0.00285	0.0226	GO:1902932	positive regulation of alcohol biosynthetic process	2.3	True
ribosome disassembly (GO:0032790)	46	19	8.29	+	2.29	0.0003	0.0032	GO:0032790	ribosome disassembly	2.29	True
regulation of ubiquitin-dependent protein catabolic process (GO:2000058)	160	66	28.84	+	2.29	5.89e-12	2.24e-10	GO:2000058	regulation of ubiquitin-dependent protein catabolic process	2.29	True
protein K48-linked ubiquitination (GO:0070936)	97	40	17.48	+	2.29	8.28e-08	1.83e-06	GO:0070936	protein K48-linked ubiquitination	2.29	True
proteinogenic amino acid catabolic process (GO:0170040)	97	40	17.48	+	2.29	8.28e-08	1.83e-06	GO:0170040	proteinogenic amino acid catabolic process	2.29	True
lysosomal transport (GO:0007041)	131	54	23.61	+	2.29	5.95e-10	1.77e-08	GO:0007041	lysosomal transport	2.29	True
protein localization to nucleus (GO:0034504)	165	68	29.74	+	2.29	2.91e-12	1.17e-10	GO:0034504	protein localization to nucleus	2.29	True
regulation of nucleotide metabolic process (GO:0006140)	85	35	15.32	+	2.28	5.67e-07	1.09e-05	GO:0006140	regulation of nucleotide metabolic process	2.28	True
regulation of purine nucleotide metabolic process (GO:1900542)	85	35	15.32	+	2.28	5.67e-07	1.09e-05	GO:1900542	regulation of purine nucleotide metabolic process	2.28	True
autophagosome maturation (GO:0097352)	51	21	9.19	+	2.28	0.000135	0.00159	GO:0097352	autophagosome maturation	2.28	True
protein localization to organelle (GO:0033365)	651	268	117.33	+	2.28	1.4200000000000001e-44	3.91e-42	GO:0033365	protein localization to organelle	2.28	True
regulation of proteasomal ubiquitin-dependent protein catabolic process (GO:0032434)	124	51	22.35	+	2.28	2.04e-09	5.69e-08	GO:0032434	regulation of proteasomal ubiquitin-dependent protein catabolic process	2.28	True
regulation of cardiac muscle hypertrophy (GO:0010611)	56	23	10.09	+	2.28	6.19e-05	0.000785	GO:0010611	regulation of cardiac muscle hypertrophy	2.28	True
hindbrain development (GO:0030902)	83	34	14.96	+	2.27	9.39e-07	1.74e-05	GO:0030902	hindbrain development	2.27	True
nucleus organization (GO:0006997)	127	52	22.89	+	2.27	1.57e-09	4.45e-08	GO:0006997	nucleus organization	2.27	True
regulation of mitotic sister chromatid segregation (GO:0033047)	66	27	11.89	+	2.27	1.37e-05	0.000202	GO:0033047	regulation of mitotic sister chromatid segregation	2.27	True
camera-type eye morphogenesis (GO:0048593)	76	31	13.7	+	2.26	3.18e-06	5.33e-05	GO:0048593	camera-type eye morphogenesis	2.26	True
regulation of ATP metabolic process (GO:1903578)	76	31	13.7	+	2.26	3.18e-06	5.32e-05	GO:1903578	regulation of ATP metabolic process	2.26	True
stress granule assembly (GO:0034063)	27	11	4.87	+	2.26	0.00488	0.035	GO:0034063	stress granule assembly	2.26	True
entrainment of circadian clock (GO:0009649)	27	11	4.87	+	2.26	0.00488	0.0349	GO:0009649	entrainment of circadian clock	2.26	True
extracellular matrix assembly (GO:0085029)	27	11	4.87	+	2.26	0.00488	0.0349	GO:0085029	extracellular matrix assembly	2.26	True
regulation of translational initiation (GO:0006446)	91	37	16.4	+	2.26	3.79e-07	7.44e-06	GO:0006446	regulation of translational initiation	2.26	True
positive regulation of inflammasome-mediated signaling pathway (GO:0141087)	32	13	5.77	+	2.25	0.00234	0.0189	GO:0141087	positive regulation of inflammasome-mediated signaling pathway	2.25	True
negative regulation of protein localization to nucleus (GO:1900181)	32	13	5.77	+	2.25	0.00234	0.0189	GO:1900181	negative regulation of protein localization to nucleus	2.25	True
positive regulation of endothelial cell migration (GO:0010595)	106	43	19.1	+	2.25	6.25e-08	1.42e-06	GO:0010595	positive regulation of endothelial cell migration	2.25	True
regulation of feeding behavior (GO:0060259)	37	15	6.67	+	2.25	0.00177	0.0149	GO:0060259	regulation of feeding behavior	2.25	True
glial cell development (GO:0021782)	84	34	15.14	+	2.25	1.27e-06	2.29e-05	GO:0021782	glial cell development	2.25	True
regulation of cytoplasmic translation (GO:2000765)	42	17	7.57	+	2.25	0.000788	0.00751	GO:2000765	regulation of cytoplasmic translation	2.25	True
protein targeting to vacuole (GO:0006623)	42	17	7.57	+	2.25	0.000788	0.0075	GO:0006623	protein targeting to vacuole	2.25	True
inner mitochondrial membrane organization (GO:0007007)	42	17	7.57	+	2.25	0.000788	0.0075	GO:0007007	inner mitochondrial membrane organization	2.25	True
nuclear receptor-mediated signaling pathway (GO:0141193)	94	38	16.94	+	2.24	4.65e-07	9.02e-06	GO:0141193	nuclear receptor-mediated signaling pathway	2.24	True
positive regulation of proteasomal protein catabolic process (GO:1901800)	109	44	19.64	+	2.24	4.77e-08	1.1e-06	GO:1901800	positive regulation of proteasomal protein catabolic process	2.24	True
vacuolar transport (GO:0007034)	171	69	30.82	+	2.24	7.25e-12	2.71e-10	GO:0007034	vacuolar transport	2.24	True
positive regulation of plasma membrane bounded cell projection assembly (GO:0120034)	114	46	20.55	+	2.24	2.29e-08	5.52e-07	GO:0120034	positive regulation of plasma membrane bounded cell projection assembly	2.24	True
regulation of muscle adaptation (GO:0043502)	72	29	12.98	+	2.23	8.7e-06	0.000133	GO:0043502	regulation of muscle adaptation	2.23	True
organophosphate metabolic process (GO:0019637)	914	368	164.72	+	2.23	1.88e-58	9.57e-56	GO:0019637	organophosphate metabolic process	2.23	True
primary alcohol metabolic process (GO:0034308)	97	39	17.48	+	2.23	3.44e-07	6.81e-06	GO:0034308	primary alcohol metabolic process	2.23	True
organelle assembly (GO:0070925)	847	340	152.65	+	2.23	1.13e-53	5.02e-51	GO:0070925	organelle assembly	2.23	True
NADH dehydrogenase complex assembly (GO:0010257)	40	16	7.21	+	2.22	0.00128	0.0112	GO:0010257	NADH dehydrogenase complex assembly	2.22	True
cell volume homeostasis (GO:0006884)	30	12	5.41	+	2.22	0.00654	0.0441	GO:0006884	cell volume homeostasis	2.22	True
mitochondrial respiratory chain complex I assembly (GO:0032981)	40	16	7.21	+	2.22	0.00128	0.0112	GO:0032981	mitochondrial respiratory chain complex I assembly	2.22	True
negative regulation of proteasomal protein catabolic process (GO:1901799)	55	22	9.91	+	2.22	0.000128	0.00152	GO:1901799	negative regulation of proteasomal protein catabolic process	2.22	True
small molecule biosynthetic process (GO:0044283)	410	164	73.89	+	2.22	7.450000000000001e-26	9.67e-24	GO:0044283	small molecule biosynthetic process	2.22	True
response to sterol (GO:0036314)	30	12	5.41	+	2.22	0.00654	0.044	GO:0036314	response to sterol	2.22	True
positive regulation of CD4-positive, alpha-beta T cell differentiation (GO:0043372)	30	12	5.41	+	2.22	0.00654	0.044	GO:0043372	positive regulation of CD4-positive, alpha-beta T cell differentiation	2.22	True
apoptotic cell clearance (GO:0043277)	30	12	5.41	+	2.22	0.00654	0.044	GO:0043277	apoptotic cell clearance	2.22	True
2'-deoxyribonucleotide metabolic process (GO:0009394)	50	20	9.01	+	2.22	0.000271	0.00294	GO:0009394	2'-deoxyribonucleotide metabolic process	2.22	True
neutral amino acid transport (GO:0015804)	50	20	9.01	+	2.22	0.000271	0.00294	GO:0015804	neutral amino acid transport	2.22	True
regulation of cardiac muscle contraction by calcium ion signaling (GO:0010882)	30	12	5.41	+	2.22	0.00654	0.044	GO:0010882	regulation of cardiac muscle contraction by calcium ion signaling	2.22	True
embryonic limb morphogenesis (GO:0030326)	45	18	8.11	+	2.22	0.000585	0.00585	GO:0030326	embryonic limb morphogenesis	2.22	True
embryonic appendage morphogenesis (GO:0035113)	45	18	8.11	+	2.22	0.000585	0.00585	GO:0035113	embryonic appendage morphogenesis	2.22	True
neural tube development (GO:0021915)	60	24	10.81	+	2.22	6.11e-05	0.000777	GO:0021915	neural tube development	2.22	True
clathrin-dependent endocytosis (GO:0072583)	35	14	6.31	+	2.22	0.00286	0.0228	GO:0072583	clathrin-dependent endocytosis	2.22	True
phosphorus metabolic process (GO:0006793)	950	378	171.21	+	2.21	1.1200000000000001e-58	5.93e-56	GO:0006793	phosphorus metabolic process	2.21	True
microtubule cytoskeleton organization (GO:0000226)	536	213	96.6	+	2.20	7.840000000000001e-33	1.3e-30	GO:0000226	microtubule cytoskeleton organization	2.2	True
intracellular iron ion homeostasis (GO:0006879)	73	29	13.16	+	2.20	1.16e-05	0.000174	GO:0006879	intracellular iron ion homeostasis	2.2	True
steroid hormone receptor signaling pathway (GO:0043401)	73	29	13.16	+	2.20	1.16e-05	0.000174	GO:0043401	steroid hormone receptor signaling pathway	2.2	True
nuclear receptor-mediated steroid hormone signaling pathway (GO:0030518)	73	29	13.16	+	2.20	1.16e-05	0.000174	GO:0030518	nuclear receptor-mediated steroid hormone signaling pathway	2.2	True
regulation of protein ubiquitination (GO:0031396)	169	67	30.46	+	2.20	5.24e-11	1.78e-09	GO:0031396	regulation of protein ubiquitination	2.2	True
protein folding (GO:0006457)	217	86	39.11	+	2.20	8.91e-14	4.2e-12	GO:0006457	protein folding	2.2	True
mitophagy (GO:0000423)	53	21	9.55	+	2.20	0.00021	0.00234	GO:0000423	mitophagy	2.2	True
response to peptide hormone (GO:0043434)	366	145	65.96	+	2.20	1.89e-22	1.94e-20	GO:0043434	response to peptide hormone	2.2	True
camera-type eye development (GO:0043010)	197	78	35.5	+	2.20	9.63e-13	4.1e-11	GO:0043010	camera-type eye development	2.2	True
positive regulation of ubiquitin-dependent protein catabolic process (GO:2000060)	96	38	17.3	+	2.20	6.85e-07	1.3e-05	GO:2000060	positive regulation of ubiquitin-dependent protein catabolic process	2.2	True
non-canonical Wnt signaling pathway (GO:0035567)	48	19	8.65	+	2.20	0.000445	0.00455	GO:0035567	non-canonical Wnt signaling pathway	2.2	True
regulation of mRNA metabolic process (GO:1903311)	336	133	60.56	+	2.20	9.390000000000001e-21	8.45e-19	GO:1903311	regulation of mRNA metabolic process	2.2	True
non-proteinogenic amino acid metabolic process (GO:0170041)	43	17	7.75	+	2.19	0.000955	0.00893	GO:0170041	non-proteinogenic amino acid metabolic process	2.19	True
cellular response to oxidative stress (GO:0034599)	205	81	36.95	+	2.19	3.79e-13	1.69e-11	GO:0034599	cellular response to oxidative stress	2.19	True
mitotic nuclear division (GO:0140014)	162	64	29.2	+	2.19	1.78e-10	5.58e-09	GO:0140014	mitotic nuclear division	2.19	True
negative regulation of reactive oxygen species metabolic process (GO:2000378)	38	15	6.85	+	2.19	0.00209	0.0171	GO:2000378	negative regulation of reactive oxygen species metabolic process	2.19	True
platelet aggregation (GO:0070527)	38	15	6.85	+	2.19	0.00209	0.0171	GO:0070527	platelet aggregation	2.19	True
sulfur compound transport (GO:0072348)	66	26	11.89	+	2.19	3.91e-05	0.000523	GO:0072348	sulfur compound transport	2.19	True
positive regulation of neural precursor cell proliferation (GO:2000179)	33	13	5.95	+	2.19	0.00464	0.0335	GO:2000179	positive regulation of neural precursor cell proliferation	2.19	True
regulation of epithelial cell apoptotic process (GO:1904035)	33	13	5.95	+	2.19	0.00464	0.0334	GO:1904035	regulation of epithelial cell apoptotic process	2.19	True
negative regulation of phosphorus metabolic process (GO:0010563)	33	13	5.95	+	2.19	0.00464	0.0334	GO:0010563	negative regulation of phosphorus metabolic process	2.19	True
negative regulation of intrinsic apoptotic signaling pathway (GO:2001243)	94	37	16.94	+	2.18	1.11e-06	2.02e-05	GO:2001243	negative regulation of intrinsic apoptotic signaling pathway	2.18	True
actin filament bundle organization (GO:0061572)	61	24	10.99	+	2.18	8.01e-05	0.00099	GO:0061572	actin filament bundle organization	2.18	True
regulation of neural precursor cell proliferation (GO:2000177)	56	22	10.09	+	2.18	0.000165	0.00191	GO:2000177	regulation of neural precursor cell proliferation	2.18	True
regulation of meiotic cell cycle (GO:0051445)	56	22	10.09	+	2.18	0.000165	0.0019	GO:0051445	regulation of meiotic cell cycle	2.18	True
regulation of vacuole organization (GO:0044088)	56	22	10.09	+	2.18	0.000165	0.0019	GO:0044088	regulation of vacuole organization	2.18	True
embryonic heart tube development (GO:0035050)	56	22	10.09	+	2.18	0.000165	0.0019	GO:0035050	embryonic heart tube development	2.18	True
regulation of type I interferon production (GO:0032479)	135	53	24.33	+	2.18	6.18e-09	1.61e-07	GO:0032479	regulation of type I interferon production	2.18	True
acyl-CoA metabolic process (GO:0006637)	92	36	16.58	+	2.17	1.79e-06	3.15e-05	GO:0006637	acyl-CoA metabolic process	2.17	True
cerebral cortex development (GO:0021987)	87	34	15.68	+	2.17	3.72e-06	6.14e-05	GO:0021987	cerebral cortex development	2.17	True
eye morphogenesis (GO:0048592)	100	39	18.02	+	2.16	6.96e-07	1.32e-05	GO:0048592	eye morphogenesis	2.16	True
regulation of muscle hypertrophy (GO:0014743)	59	23	10.63	+	2.16	0.000132	0.00156	GO:0014743	regulation of muscle hypertrophy	2.16	True
ERBB signaling pathway (GO:0038127)	72	28	12.98	+	2.16	3.51e-05	0.000479	GO:0038127	ERBB signaling pathway	2.16	True
exocytic process (GO:0140029)	54	21	9.73	+	2.16	0.000272	0.00294	GO:0140029	exocytic process	2.16	True
positive regulation of cholesterol transport (GO:0032376)	36	14	6.49	+	2.16	0.0034	0.0263	GO:0032376	positive regulation of cholesterol transport	2.16	True
positive regulation of sterol transport (GO:0032373)	36	14	6.49	+	2.16	0.0034	0.0263	GO:0032373	positive regulation of sterol transport	2.16	True
ketone metabolic process (GO:0042180)	72	28	12.98	+	2.16	3.51e-05	0.000478	GO:0042180	ketone metabolic process	2.16	True
microtubule-based process (GO:0007017)	880	342	158.6	+	2.16	3.92e-50	1.4200000000000001e-47	GO:0007017	microtubule-based process	2.16	True
regulation of protein modification by small protein conjugation or removal (GO:1903320)	211	82	38.03	+	2.16	8.27e-13	3.57e-11	GO:1903320	regulation of protein modification by small protein conjugation or removal	2.16	True
L-amino acid metabolic process (GO:0170033)	157	61	28.3	+	2.16	8.01e-10	2.35e-08	GO:0170033	L-amino acid metabolic process	2.16	True
response to epidermal growth factor (GO:0070849)	49	19	8.83	+	2.15	0.000567	0.0057	GO:0070849	response to epidermal growth factor	2.15	True
mitotic sister chromatid segregation (GO:0000070)	142	55	25.59	+	2.15	7.6e-09	1.96e-07	GO:0000070	mitotic sister chromatid segregation	2.15	True
regulation of blood vessel endothelial cell migration (GO:0043535)	93	36	16.76	+	2.15	2.3e-06	3.95e-05	GO:0043535	regulation of blood vessel endothelial cell migration	2.15	True
cerebellar cortex development (GO:0021695)	31	12	5.59	+	2.15	0.00754	0.0494	GO:0021695	cerebellar cortex development	2.15	True
positive regulation of miRNA metabolic process (GO:2000630)	62	24	11.17	+	2.15	0.000165	0.00191	GO:2000630	positive regulation of miRNA metabolic process	2.15	True
regulation of androgen receptor signaling pathway (GO:0060765)	31	12	5.59	+	2.15	0.00754	0.0494	GO:0060765	regulation of androgen receptor signaling pathway	2.15	True
host-mediated perturbation of viral process (GO:0044788)	75	29	13.52	+	2.15	2.63e-05	0.000368	GO:0044788	host-mediated perturbation of viral process	2.15	True
positive regulation of DNA biosynthetic process (GO:2000573)	44	17	7.93	+	2.14	0.00119	0.0105	GO:2000573	positive regulation of DNA biosynthetic process	2.14	True
regulation of DNA-templated transcription initiation (GO:2000142)	88	34	15.86	+	2.14	4.71e-06	7.63e-05	GO:2000142	regulation of DNA-templated transcription initiation	2.14	True
regulation of phosphorus metabolic process (GO:0051174)	145	56	26.13	+	2.14	5.58e-09	1.47e-07	GO:0051174	regulation of phosphorus metabolic process	2.14	True
regulation of postsynaptic membrane neurotransmitter receptor levels (GO:0099072)	70	27	12.62	+	2.14	5.58e-05	0.000718	GO:0099072	regulation of postsynaptic membrane neurotransmitter receptor levels	2.14	True
response to insulin (GO:0032868)	192	74	34.6	+	2.14	1.83e-11	6.6e-10	GO:0032868	response to insulin	2.14	True
viral gene expression (GO:0019080)	52	20	9.37	+	2.13	0.000446	0.00456	GO:0019080	viral gene expression	2.13	True
RNA 5'-end processing (GO:0000966)	39	15	7.03	+	2.13	0.00255	0.0204	GO:0000966	RNA 5'-end processing	2.13	True
positive regulation of fibroblast proliferation (GO:0048146)	39	15	7.03	+	2.13	0.00255	0.0204	GO:0048146	positive regulation of fibroblast proliferation	2.13	True
proteinogenic amino acid metabolic process (GO:0170039)	156	60	28.11	+	2.13	1.57e-09	4.44e-08	GO:0170039	proteinogenic amino acid metabolic process	2.13	True
positive regulation of protein modification by small protein conjugation or removal (GO:1903322)	117	45	21.09	+	2.13	1.75e-07	3.63e-06	GO:1903322	positive regulation of protein modification by small protein conjugation or removal	2.13	True
positive regulation of macroautophagy (GO:0016239)	91	35	16.4	+	2.13	3.73e-06	6.15e-05	GO:0016239	positive regulation of macroautophagy	2.13	True
receptor-mediated endocytosis (GO:0006898)	164	63	29.56	+	2.13	6.1e-10	1.81e-08	GO:0006898	receptor-mediated endocytosis	2.13	True
cellular response to chemical stress (GO:0062197)	261	100	47.04	+	2.13	7.76e-15	4.05e-13	GO:0062197	cellular response to chemical stress	2.13	True
positive regulation of establishment of protein localization (GO:1904951)	264	101	47.58	+	2.12	6.09e-15	3.24e-13	GO:1904951	positive regulation of establishment of protein localization	2.12	True
positive regulation of lamellipodium organization (GO:1902745)	34	13	6.13	+	2.12	0.00554	0.0391	GO:1902745	positive regulation of lamellipodium organization	2.12	True
cellular response to estradiol stimulus (GO:0071392)	34	13	6.13	+	2.12	0.00554	0.0391	GO:0071392	cellular response to estradiol stimulus	2.12	True
response to mineralocorticoid (GO:0051385)	34	13	6.13	+	2.12	0.00554	0.0391	GO:0051385	response to mineralocorticoid	2.12	True
deoxyribose phosphate catabolic process (GO:0046386)	34	13	6.13	+	2.12	0.00554	0.0391	GO:0046386	deoxyribose phosphate catabolic process	2.12	True
carbohydrate metabolic process (GO:0005975)	356	136	64.16	+	2.12	1.54e-19	1.26e-17	GO:0005975	carbohydrate metabolic process	2.12	True
response to ketone (GO:1901654)	194	74	34.96	+	2.12	4.65e-11	1.59e-09	GO:1901654	response to ketone	2.12	True
positive regulation of post-translational protein modification (GO:1901875)	118	45	21.27	+	2.12	2.2e-07	4.5e-06	GO:1901875	positive regulation of post-translational protein modification	2.12	True
cellular response to ketone (GO:1901655)	92	35	16.58	+	2.11	7.09e-06	0.00011	GO:1901655	cellular response to ketone	2.11	True
small molecule metabolic process (GO:0044281)	1386	527	249.79	+	2.11	1.37e-74	9.95e-72	GO:0044281	small molecule metabolic process	2.11	True
hippocampus development (GO:0021766)	50	19	9.01	+	2.11	0.00073	0.00701	GO:0021766	hippocampus development	2.11	True
negative regulation of organelle assembly (GO:1902116)	50	19	9.01	+	2.11	0.00073	0.00701	GO:1902116	negative regulation of organelle assembly	2.11	True
regulation of post-translational protein modification (GO:1901873)	216	82	38.93	+	2.11	3.5e-12	1.4e-10	GO:1901873	regulation of post-translational protein modification	2.11	True
regulation of mitochondrial membrane potential (GO:0051881)	58	22	10.45	+	2.10	0.000408	0.00424	GO:0051881	regulation of mitochondrial membrane potential	2.1	True
cellular response to type II interferon (GO:0071346)	58	22	10.45	+	2.10	0.000408	0.00424	GO:0071346	cellular response to type II interferon	2.1	True
regulation of sister chromatid segregation (GO:0033045)	116	44	20.91	+	2.10	3.53e-07	6.97e-06	GO:0033045	regulation of sister chromatid segregation	2.1	True
response to temperature stimulus (GO:0009266)	124	47	22.35	+	2.10	2.02e-07	4.15e-06	GO:0009266	response to temperature stimulus	2.1	True
multicellular organismal-level chemical homeostasis (GO:0140962)	66	25	11.89	+	2.10	0.000141	0.00165	GO:0140962	multicellular organismal-level chemical homeostasis	2.1	True
nucleobase-containing compound catabolic process (GO:0034655)	367	139	66.14	+	2.10	1.56e-19	1.26e-17	GO:0034655	nucleobase-containing compound catabolic process	2.1	True
positive regulation of CD4-positive, alpha-beta T cell activation (GO:2000516)	37	14	6.67	+	2.10	0.00416	0.0309	GO:2000516	positive regulation of CD4-positive, alpha-beta T cell activation	2.1	True
host-mediated activation of viral process (GO:0044794)	37	14	6.67	+	2.10	0.00416	0.0308	GO:0044794	host-mediated activation of viral process	2.1	True
peptidyl-serine phosphorylation (GO:0018105)	37	14	6.67	+	2.10	0.00416	0.0308	GO:0018105	peptidyl-serine phosphorylation	2.1	True
negative regulation of protein localization to membrane (GO:1905476)	37	14	6.67	+	2.10	0.00416	0.0308	GO:1905476	negative regulation of protein localization to membrane	2.1	True
positive regulation of phosphorus metabolic process (GO:0010562)	74	28	13.34	+	2.10	5.19e-05	0.000673	GO:0010562	positive regulation of phosphorus metabolic process	2.1	True
regulation of chromosome separation (GO:1905818)	82	31	14.78	+	2.10	1.99e-05	0.000285	GO:1905818	regulation of chromosome separation	2.1	True
fatty-acyl-CoA metabolic process (GO:0035337)	45	17	8.11	+	2.10	0.00152	0.0131	GO:0035337	fatty-acyl-CoA metabolic process	2.1	True
negative regulation of carbohydrate metabolic process (GO:0045912)	45	17	8.11	+	2.10	0.00152	0.0131	GO:0045912	negative regulation of carbohydrate metabolic process	2.1	True
synaptic vesicle localization (GO:0097479)	53	20	9.55	+	2.09	0.000887	0.00836	GO:0097479	synaptic vesicle localization	2.09	True
pallium development (GO:0021543)	122	46	21.99	+	2.09	3.13e-07	6.24e-06	GO:0021543	pallium development	2.09	True
regulation of proteasomal protein catabolic process (GO:0061136)	215	81	38.75	+	2.09	1.05e-11	3.89e-10	GO:0061136	regulation of proteasomal protein catabolic process	2.09	True
sister chromatid segregation (GO:0000819)	146	55	26.31	+	2.09	2.64e-08	6.32e-07	GO:0000819	sister chromatid segregation	2.09	True
response to metal ion (GO:0010038)	308	116	55.51	+	2.09	2.22e-16	1.37e-14	GO:0010038	response to metal ion	2.09	True
organelle disassembly (GO:1903008)	77	29	13.88	+	2.09	4.06e-05	0.000537	GO:1903008	organelle disassembly	2.09	True
establishment of vesicle localization (GO:0051650)	162	61	29.2	+	2.09	3.28e-09	8.78e-08	GO:0051650	establishment of vesicle localization	2.09	True
regulation of chromosome organization (GO:0033044)	247	93	44.52	+	2.09	3.06e-13	1.38e-11	GO:0033044	regulation of chromosome organization	2.09	True
vesicle localization (GO:0051648)	178	67	32.08	+	2.09	7.64e-10	2.25e-08	GO:0051648	vesicle localization	2.09	True
microtubule-based movement (GO:0007018)	461	173	83.08	+	2.08	1.29e-23	1.41e-21	GO:0007018	microtubule-based movement	2.08	True
negative regulation of DNA repair (GO:0045738)	40	15	7.21	+	2.08	0.00319	0.0248	GO:0045738	negative regulation of DNA repair	2.08	True
Golgi to plasma membrane transport (GO:0006893)	56	21	10.09	+	2.08	0.000641	0.00634	GO:0006893	Golgi to plasma membrane transport	2.08	True
G protein-coupled receptor signaling pathway, coupled to cyclic nucleotide second messenger (GO:0007187)	56	21	10.09	+	2.08	0.000641	0.00634	GO:0007187	G protein-coupled receptor signaling pathway, coupled to cyclic nucleotide second messenger	2.08	True
positive regulation of type I interferon production (GO:0032481)	80	30	14.42	+	2.08	5.06e-05	0.000658	GO:0032481	positive regulation of type I interferon production	2.08	True
regulation of cytokinesis (GO:0032465)	96	36	17.3	+	2.08	6.2e-06	9.75e-05	GO:0032465	regulation of cytokinesis	2.08	True
negative regulation of proteasomal ubiquitin-dependent protein catabolic process (GO:0032435)	40	15	7.21	+	2.08	0.00319	0.0248	GO:0032435	negative regulation of proteasomal ubiquitin-dependent protein catabolic process	2.08	True
nucleoside metabolic process (GO:0009116)	48	18	8.65	+	2.08	0.00119	0.0105	GO:0009116	nucleoside metabolic process	2.08	True
cellular response to reactive oxygen species (GO:0034614)	112	42	20.19	+	2.08	1.41e-06	2.52e-05	GO:0034614	cellular response to reactive oxygen species	2.08	True
cellular response to glucose starvation (GO:0042149)	48	18	8.65	+	2.08	0.00119	0.0105	GO:0042149	cellular response to glucose starvation	2.08	True
regulation of alcohol biosynthetic process (GO:1902930)	48	18	8.65	+	2.08	0.00119	0.0105	GO:1902930	regulation of alcohol biosynthetic process	2.08	True
positive regulation of miRNA transcription (GO:1902895)	56	21	10.09	+	2.08	0.000641	0.00633	GO:1902895	positive regulation of miRNA transcription	2.08	True
anatomical structure homeostasis (GO:0060249)	155	58	27.93	+	2.08	1.06e-08	2.69e-07	GO:0060249	anatomical structure homeostasis	2.08	True
tissue homeostasis (GO:0001894)	155	58	27.93	+	2.08	1.06e-08	2.68e-07	GO:0001894	tissue homeostasis	2.08	True
carbohydrate derivative metabolic process (GO:1901135)	858	321	154.63	+	2.08	6.33e-43	1.67e-40	GO:1901135	carbohydrate derivative metabolic process	2.08	True
regulation of reactive oxygen species metabolic process (GO:2000377)	131	49	23.61	+	2.08	1.37e-07	2.91e-06	GO:2000377	regulation of reactive oxygen species metabolic process	2.08	True
nucleobase-containing compound biosynthetic process (GO:0034654)	1614	602	290.88	+	2.07	4.53e-82	3.6700000000000004e-79	GO:0034654	nucleobase-containing compound biosynthetic process	2.07	True
carbohydrate derivative biosynthetic process (GO:1901137)	539	201	97.14	+	2.07	1.12e-26	1.52e-24	GO:1901137	carbohydrate derivative biosynthetic process	2.07	True
regulation of neuronal synaptic plasticity (GO:0048168)	51	19	9.19	+	2.07	0.00139	0.012	GO:0048168	regulation of neuronal synaptic plasticity	2.07	True
apoptotic mitochondrial changes (GO:0008637)	51	19	9.19	+	2.07	0.00139	0.012	GO:0008637	apoptotic mitochondrial changes	2.07	True
regulation of intrinsic apoptotic signaling pathway (GO:2001242)	153	57	27.57	+	2.07	1.67e-08	4.09e-07	GO:2001242	regulation of intrinsic apoptotic signaling pathway	2.07	True
left/right pattern formation (GO:0060972)	86	32	15.5	+	2.06	2.69e-05	0.000377	GO:0060972	left/right pattern formation	2.06	True
regulation of cellular localization (GO:0060341)	506	188	91.19	+	2.06	7.13e-25	8.449999999999999e-23	GO:0060341	regulation of cellular localization	2.06	True
symbiont entry into host (GO:0044409)	70	26	12.62	+	2.06	0.000133	0.00157	GO:0044409	symbiont entry into host	2.06	True
regulation of synaptic plasticity (GO:0048167)	175	65	31.54	+	2.06	2.06e-09	5.72e-08	GO:0048167	regulation of synaptic plasticity	2.06	True
positive regulation of microtubule polymerization or depolymerization (GO:0031112)	35	13	6.31	+	2.06	0.00679	0.045	GO:0031112	positive regulation of microtubule polymerization or depolymerization	2.06	True
symbiont entry into host cell (GO:0046718)	70	26	12.62	+	2.06	0.000133	0.00157	GO:0046718	symbiont entry into host cell	2.06	True
negative regulation of insulin receptor signaling pathway (GO:0046627)	35	13	6.31	+	2.06	0.00679	0.045	GO:0046627	negative regulation of insulin receptor signaling pathway	2.06	True
membraneless organelle assembly (GO:0140694)	345	128	62.18	+	2.06	3.59e-17	2.34e-15	GO:0140694	membraneless organelle assembly	2.06	True
proton transmembrane transport (GO:1902600)	186	69	33.52	+	2.06	5.94e-10	1.78e-08	GO:1902600	proton transmembrane transport	2.06	True
regulation of generation of precursor metabolites and energy (GO:0043467)	124	46	22.35	+	2.06	4.42e-07	8.6e-06	GO:0043467	regulation of generation of precursor metabolites and energy	2.06	True
positive regulation of protein transport (GO:0051222)	232	86	41.81	+	2.06	5.64e-12	2.17e-10	GO:0051222	positive regulation of protein transport	2.06	True
hormone-mediated signaling pathway (GO:0009755)	135	50	24.33	+	2.06	2e-07	4.12e-06	GO:0009755	hormone-mediated signaling pathway	2.06	True
associative learning (GO:0008306)	54	20	9.73	+	2.06	0.00101	0.00929	GO:0008306	associative learning	2.06	True
sensory system development (GO:0048880)	262	97	47.22	+	2.05	2.56e-13	1.17e-11	GO:0048880	sensory system development	2.05	True
protein biosynthetic process (GO:0160307)	384	142	69.21	+	2.05	6.79e-19	5.05e-17	GO:0160307	protein biosynthetic process	2.05	True
translation (GO:0006412)	384	142	69.21	+	2.05	6.79e-19	5.02e-17	GO:0006412	translation	2.05	True
cytokinetic process (GO:0032506)	46	17	8.29	+	2.05	0.00302	0.0237	GO:0032506	cytokinetic process	2.05	True
animal organ regeneration (GO:0031100)	46	17	8.29	+	2.05	0.00302	0.0237	GO:0031100	animal organ regeneration	2.05	True
regulation of mitochondrial membrane permeability (GO:0046902)	46	17	8.29	+	2.05	0.00302	0.0236	GO:0046902	regulation of mitochondrial membrane permeability	2.05	True
cellular response to alcohol (GO:0097306)	92	34	16.58	+	2.05	1.55e-05	0.000228	GO:0097306	cellular response to alcohol	2.05	True
positive regulation of G protein-coupled receptor signaling pathway (GO:0045745)	38	14	6.85	+	2.04	0.00519	0.037	GO:0045745	positive regulation of G protein-coupled receptor signaling pathway	2.04	True
regulation of toll-like receptor signaling pathway (GO:0034121)	38	14	6.85	+	2.04	0.00519	0.037	GO:0034121	regulation of toll-like receptor signaling pathway	2.04	True
negative regulation of double-strand break repair (GO:2000780)	38	14	6.85	+	2.04	0.00519	0.037	GO:2000780	negative regulation of double-strand break repair	2.04	True
regulation of interferon-beta production (GO:0032648)	57	21	10.27	+	2.04	0.000751	0.00719	GO:0032648	regulation of interferon-beta production	2.04	True
regulation of cholesterol efflux (GO:0010874)	38	14	6.85	+	2.04	0.00519	0.0369	GO:0010874	regulation of cholesterol efflux	2.04	True
modified amino acid biosynthetic process (GO:0042398)	38	14	6.85	+	2.04	0.00519	0.0369	GO:0042398	modified amino acid biosynthetic process	2.04	True
locomotory behavior (GO:0007626)	76	28	13.7	+	2.04	0.00012	0.00143	GO:0007626	locomotory behavior	2.04	True
learning (GO:0007612)	95	35	17.12	+	2.04	1.2e-05	0.000179	GO:0007612	learning	2.04	True
regulation of protein stability (GO:0031647)	323	119	58.21	+	2.04	6.43e-16	3.73e-14	GO:0031647	regulation of protein stability	2.04	True
cellular response to nitrogen compound (GO:1901699)	565	208	101.83	+	2.04	8.140000000000001e-27	1.12e-24	GO:1901699	cellular response to nitrogen compound	2.04	True
vacuole organization (GO:0007033)	163	60	29.38	+	2.04	1.36e-08	3.39e-07	GO:0007033	vacuole organization	2.04	True
glial cell differentiation (GO:0010001)	125	46	22.53	+	2.04	5.46e-07	1.05e-05	GO:0010001	glial cell differentiation	2.04	True
intracellular glucose homeostasis (GO:0001678)	98	36	17.66	+	2.04	1.49e-05	0.000219	GO:0001678	intracellular glucose homeostasis	2.04	True
positive regulation of cytokinesis (GO:0032467)	49	18	8.83	+	2.04	0.00217	0.0176	GO:0032467	positive regulation of cytokinesis	2.04	True
visual system development (GO:0150063)	256	94	46.14	+	2.04	9.75e-13	4.14e-11	GO:0150063	visual system development	2.04	True
mitotic cytokinesis (GO:0000281)	90	33	16.22	+	2.03	2.45e-05	0.000347	GO:0000281	mitotic cytokinesis	2.03	True
mitotic cell cycle (GO:0000278)	541	198	97.5	+	2.03	3.76e-25	4.6699999999999993e-23	GO:0000278	mitotic cell cycle	2.03	True
synaptic vesicle transport (GO:0048489)	41	15	7.39	+	2.03	0.00403	0.03	GO:0048489	synaptic vesicle transport	2.03	True
regulation of long-term synaptic potentiation (GO:1900271)	41	15	7.39	+	2.03	0.00403	0.03	GO:1900271	regulation of long-term synaptic potentiation	2.03	True
regulation of lipid storage (GO:0010883)	41	15	7.39	+	2.03	0.00403	0.03	GO:0010883	regulation of lipid storage	2.03	True
response to alcohol (GO:0097305)	246	90	44.33	+	2.03	4.02e-12	1.59e-10	GO:0097305	response to alcohol	2.03	True
positive regulation of protein ubiquitination (GO:0031398)	93	34	16.76	+	2.03	1.91e-05	0.000274	GO:0031398	positive regulation of protein ubiquitination	2.03	True
determination of left/right symmetry (GO:0007368)	85	31	15.32	+	2.02	5.02e-05	0.000653	GO:0007368	determination of left/right symmetry	2.02	True
steroid metabolic process (GO:0008202)	203	74	36.59	+	2.02	5.09e-10	1.55e-08	GO:0008202	steroid metabolic process	2.02	True
polyol biosynthetic process (GO:0046173)	44	16	7.93	+	2.02	0.00469	0.0337	GO:0046173	polyol biosynthetic process	2.02	True
regulation of reactive oxygen species biosynthetic process (GO:1903426)	44	16	7.93	+	2.02	0.00469	0.0337	GO:1903426	regulation of reactive oxygen species biosynthetic process	2.02	True
peripheral nervous system development (GO:0007422)	55	20	9.91	+	2.02	0.00119	0.0105	GO:0007422	peripheral nervous system development	2.02	True
mitochondrial respiratory chain complex assembly (GO:0033108)	99	36	17.84	+	2.02	1.65e-05	0.00024	GO:0033108	mitochondrial respiratory chain complex assembly	2.02	True
positive regulation of reactive oxygen species metabolic process (GO:2000379)	66	24	11.89	+	2.02	0.000341	0.00361	GO:2000379	positive regulation of reactive oxygen species metabolic process	2.02	True
regulation of muscle cell apoptotic process (GO:0010660)	66	24	11.89	+	2.02	0.000341	0.00361	GO:0010660	regulation of muscle cell apoptotic process	2.02	True
response to reactive oxygen species (GO:0000302)	149	54	26.85	+	2.01	1.37e-07	2.91e-06	GO:0000302	response to reactive oxygen species	2.01	True
translational initiation (GO:0006413)	69	25	12.44	+	2.01	0.000392	0.00409	GO:0006413	translational initiation	2.01	True
positive regulation of cell division (GO:0051781)	58	21	10.45	+	2.01	0.000904	0.00851	GO:0051781	positive regulation of cell division	2.01	True
regulation of cholesterol transport (GO:0032374)	58	21	10.45	+	2.01	0.000904	0.0085	GO:0032374	regulation of cholesterol transport	2.01	True
regulation of sterol transport (GO:0032371)	58	21	10.45	+	2.01	0.000904	0.00849	GO:0032371	regulation of sterol transport	2.01	True
establishment of spindle localization (GO:0051293)	58	21	10.45	+	2.01	0.000904	0.00849	GO:0051293	establishment of spindle localization	2.01	True
regulation of carbohydrate metabolic process (GO:0006109)	152	55	27.39	+	2.01	1.02e-07	2.22e-06	GO:0006109	regulation of carbohydrate metabolic process	2.01	True
alpha-amino acid metabolic process (GO:1901605)	177	64	31.9	+	2.01	9.46e-09	2.42e-07	GO:1901605	alpha-amino acid metabolic process	2.01	True
pigmentation (GO:0043473)	83	30	14.96	+	2.01	7.89e-05	0.000976	GO:0043473	pigmentation	2.01	True
regulation of establishment of protein localization (GO:0070201)	429	155	77.32	+	2.00	2.66e-19	2.09e-17	GO:0070201	regulation of establishment of protein localization	2.0	True
eye development (GO:0001654)	252	91	45.42	+	2.00	7.52e-12	2.8e-10	GO:0001654	eye development	2.0	True
intracellular protein transport (GO:0006886)	466	168	83.98	+	2.00	7.94e-21	7.24e-19	GO:0006886	intracellular protein transport	2.0	True
regulation of protein catabolic process (GO:0042176)	398	143	71.73	+	1.99	1.06e-17	7.1e-16	GO:0042176	regulation of protein catabolic process	1.99	True
regulation of microtubule polymerization or depolymerization (GO:0031110)	92	33	16.58	+	1.99	5.26e-05	0.000681	GO:0031110	regulation of microtubule polymerization or depolymerization	1.99	True
small molecule catabolic process (GO:0044282)	346	124	62.36	+	1.99	1.97e-15	1.09e-13	GO:0044282	small molecule catabolic process	1.99	True
nuclear-transcribed mRNA catabolic process (GO:0000956)	112	40	20.19	+	1.98	9.78e-06	0.000148	GO:0000956	nuclear-transcribed mRNA catabolic process	1.98	True
positive regulation of alpha-beta T cell activation (GO:0046635)	56	20	10.09	+	1.98	0.00143	0.0124	GO:0046635	positive regulation of alpha-beta T cell activation	1.98	True
protein monoubiquitination (GO:0006513)	42	15	7.57	+	1.98	0.00728	0.0478	GO:0006513	protein monoubiquitination	1.98	True
negative regulation of synaptic transmission (GO:0050805)	42	15	7.57	+	1.98	0.00728	0.0478	GO:0050805	negative regulation of synaptic transmission	1.98	True
positive regulation of mitotic nuclear division (GO:0045840)	42	15	7.57	+	1.98	0.00728	0.0478	GO:0045840	positive regulation of mitotic nuclear division	1.98	True
positive regulation of protein localization (GO:1903829)	457	163	82.36	+	1.98	1.17e-19	9.63e-18	GO:1903829	positive regulation of protein localization	1.98	True
regulation of mitotic metaphase/anaphase transition (GO:0030071)	101	36	18.2	+	1.98	2.24e-05	0.00032	GO:0030071	regulation of mitotic metaphase/anaphase transition	1.98	True
cellular response to interleukin-1 (GO:0071347)	73	26	13.16	+	1.98	0.000332	0.00352	GO:0071347	cellular response to interleukin-1	1.98	True
regulation of plasma membrane bounded cell projection assembly (GO:0120032)	205	73	36.95	+	1.98	2.16e-09	6e-08	GO:0120032	regulation of plasma membrane bounded cell projection assembly	1.98	True
vesicle targeting (GO:0006903)	59	21	10.63	+	1.97	0.00111	0.00988	GO:0006903	vesicle targeting	1.97	True
positive regulation of small molecule metabolic process (GO:0062013)	155	55	27.93	+	1.97	2.53e-07	5.13e-06	GO:0062013	positive regulation of small molecule metabolic process	1.97	True
ribosome assembly (GO:0042255)	62	22	11.17	+	1.97	0.00127	0.0111	GO:0042255	ribosome assembly	1.97	True
response to light stimulus (GO:0009416)	251	89	45.24	+	1.97	4.22e-11	1.46e-09	GO:0009416	response to light stimulus	1.97	True
positive regulation of chromosome organization (GO:2001252)	96	34	17.3	+	1.97	4.54e-05	0.000593	GO:2001252	positive regulation of chromosome organization	1.97	True
regulation of miRNA metabolic process (GO:2000628)	85	30	15.32	+	1.96	0.000166	0.00191	GO:2000628	regulation of miRNA metabolic process	1.96	True
regulation of protein localization to cell periphery (GO:1904375)	153	54	27.57	+	1.96	3.81e-07	7.48e-06	GO:1904375	regulation of protein localization to cell periphery	1.96	True
regulation of cell projection assembly (GO:0060491)	207	73	37.31	+	1.96	2.81e-09	7.6e-08	GO:0060491	regulation of cell projection assembly	1.96	True
RNA biosynthetic process (GO:0032774)	1248	440	224.92	+	1.96	6.05e-51	2.3799999999999998e-48	GO:0032774	RNA biosynthetic process	1.96	True
establishment of organelle localization (GO:0051656)	315	111	56.77	+	1.96	2.35e-13	1.09e-11	GO:0051656	establishment of organelle localization	1.96	True
regulation of protein transport (GO:0051223)	386	136	69.57	+	1.95	4.23e-16	2.51e-14	GO:0051223	regulation of protein transport	1.95	True
metaphase chromosome alignment (GO:0051310)	88	31	15.86	+	1.95	0.000123	0.00146	GO:0051310	metaphase chromosome alignment	1.95	True
rRNA processing (GO:0006364)	196	69	35.32	+	1.95	9.97e-09	2.53e-07	GO:0006364	rRNA processing	1.95	True
cell division (GO:0051301)	179	63	32.26	+	1.95	3.98e-08	9.28e-07	GO:0051301	cell division	1.95	True
circadian rhythm (GO:0007623)	131	46	23.61	+	1.95	3.09e-06	5.18e-05	GO:0007623	circadian rhythm	1.95	True
protein stabilization (GO:0050821)	228	80	41.09	+	1.95	6.12e-10	1.82e-08	GO:0050821	protein stabilization	1.95	True
regulation of macroautophagy (GO:0016241)	191	67	34.42	+	1.95	2.03e-08	4.96e-07	GO:0016241	regulation of macroautophagy	1.95	True
positive regulation of protein localization to cell periphery (GO:1904377)	77	27	13.88	+	1.95	0.000304	0.00324	GO:1904377	positive regulation of protein localization to cell periphery	1.95	True
response to interleukin-1 (GO:0070555)	97	34	17.48	+	1.94	5.41e-05	0.000698	GO:0070555	response to interleukin-1	1.94	True
response to steroid hormone (GO:0048545)	257	90	46.32	+	1.94	7.4e-11	2.47e-09	GO:0048545	response to steroid hormone	1.94	True
spindle localization (GO:0051653)	60	21	10.81	+	1.94	0.00193	0.0161	GO:0051653	spindle localization	1.94	True
negative regulation of cation transmembrane transport (GO:1904063)	60	21	10.81	+	1.94	0.00193	0.0161	GO:1904063	negative regulation of cation transmembrane transport	1.94	True
cellular response to steroid hormone stimulus (GO:0071383)	143	50	25.77	+	1.94	1.59e-06	2.82e-05	GO:0071383	cellular response to steroid hormone stimulus	1.94	True
regulation of cell division (GO:0051302)	143	50	25.77	+	1.94	1.59e-06	2.81e-05	GO:0051302	regulation of cell division	1.94	True
cellular response to hormone stimulus (GO:0032870)	512	179	92.27	+	1.94	1.86e-20	1.63e-18	GO:0032870	cellular response to hormone stimulus	1.94	True
positive regulation of insulin secretion (GO:0032024)	83	29	14.96	+	1.94	0.000252	0.00275	GO:0032024	positive regulation of insulin secretion	1.94	True
negative regulation of monoatomic ion transmembrane transport (GO:0034766)	66	23	11.89	+	1.93	0.00106	0.00946	GO:0034766	negative regulation of monoatomic ion transmembrane transport	1.93	True
maturation of SSU-rRNA (GO:0030490)	69	24	12.44	+	1.93	0.000799	0.0076	GO:0030490	maturation of SSU-rRNA	1.93	True
mitochondrion organization (GO:0007005)	288	100	51.9	+	1.93	1.18e-11	4.35e-10	GO:0007005	mitochondrion organization	1.93	True
establishment or maintenance of cell polarity (GO:0007163)	170	59	30.64	+	1.93	1.84e-07	3.82e-06	GO:0007163	establishment or maintenance of cell polarity	1.93	True
establishment of protein localization to plasma membrane (GO:0061951)	49	17	8.83	+	1.93	0.00466	0.0335	GO:0061951	establishment of protein localization to plasma membrane	1.93	True
peptidyl-lysine modification (GO:0018205)	101	35	18.2	+	1.92	6.92e-05	0.000869	GO:0018205	peptidyl-lysine modification	1.92	True
sensory organ morphogenesis (GO:0090596)	153	53	27.57	+	1.92	7.66e-07	1.44e-05	GO:0090596	sensory organ morphogenesis	1.92	True
cell projection organization (GO:0030030)	996	345	179.5	+	1.92	7.209999999999999e-38	1.53e-35	GO:0030030	cell projection organization	1.92	True
nucleobase-containing compound transport (GO:0015931)	179	62	32.26	+	1.92	1.24e-07	2.68e-06	GO:0015931	nucleobase-containing compound transport	1.92	True
phagocytosis (GO:0006909)	130	45	23.43	+	1.92	5.44e-06	8.72e-05	GO:0006909	phagocytosis	1.92	True
fatty acid beta-oxidation (GO:0006635)	52	18	9.37	+	1.92	0.00357	0.0274	GO:0006635	fatty acid beta-oxidation	1.92	True
regulation of metaphase/anaphase transition of cell cycle (GO:1902099)	104	36	18.74	+	1.92	5.17e-05	0.000671	GO:1902099	regulation of metaphase/anaphase transition of cell cycle	1.92	True
macrophage activation (GO:0042116)	52	18	9.37	+	1.92	0.00357	0.0274	GO:0042116	macrophage activation	1.92	True
response to nitrogen compound (GO:1901698)	818	283	147.42	+	1.92	6.08e-31	9.400000000000001e-29	GO:1901698	response to nitrogen compound	1.92	True
mRNA catabolic process (GO:0006402)	136	47	24.51	+	1.92	4.8e-06	7.75e-05	GO:0006402	mRNA catabolic process	1.92	True
plasma membrane bounded cell projection organization (GO:0120036)	990	342	178.42	+	1.92	2.64e-37	5.42e-35	GO:0120036	plasma membrane bounded cell projection organization	1.92	True
regulation of chromosome segregation (GO:0051983)	139	48	25.05	+	1.92	3.53e-06	5.84e-05	GO:0051983	regulation of chromosome segregation	1.92	True
lipid modification (GO:0030258)	142	49	25.59	+	1.91	2.63e-06	4.47e-05	GO:0030258	lipid modification	1.91	True
cytoplasmic translation (GO:0002181)	171	59	30.82	+	1.91	2.14e-07	4.4e-06	GO:0002181	cytoplasmic translation	1.91	True
cellular response to starvation (GO:0009267)	171	59	30.82	+	1.91	2.14e-07	4.39e-06	GO:0009267	cellular response to starvation	1.91	True
regulation of defense response to virus (GO:0050688)	58	20	10.45	+	1.91	0.00294	0.0231	GO:0050688	regulation of defense response to virus	1.91	True
liver development (GO:0001889)	90	31	16.22	+	1.91	0.000167	0.00192	GO:0001889	liver development	1.91	True
negative regulation of mRNA catabolic process (GO:1902373)	90	31	16.22	+	1.91	0.000167	0.00192	GO:1902373	negative regulation of mRNA catabolic process	1.91	True
determination of bilateral symmetry (GO:0009855)	90	31	16.22	+	1.91	0.000167	0.00191	GO:0009855	determination of bilateral symmetry	1.91	True
specification of symmetry (GO:0009799)	90	31	16.22	+	1.91	0.000167	0.00191	GO:0009799	specification of symmetry	1.91	True
regulation of organic acid transport (GO:0032890)	61	21	10.99	+	1.91	0.00217	0.0176	GO:0032890	regulation of organic acid transport	1.91	True
response to calcium ion (GO:0051592)	122	42	21.99	+	1.91	1.43e-05	0.000211	GO:0051592	response to calcium ion	1.91	True
regulation of fibroblast proliferation (GO:0048145)	61	21	10.99	+	1.91	0.00217	0.0176	GO:0048145	regulation of fibroblast proliferation	1.91	True
adult behavior (GO:0030534)	67	23	12.07	+	1.90	0.00124	0.0108	GO:0030534	adult behavior	1.9	True
adenylate cyclase-inhibiting G protein-coupled receptor signaling pathway (GO:0007193)	102	35	18.38	+	1.90	7.84e-05	0.000971	GO:0007193	adenylate cyclase-inhibiting G protein-coupled receptor signaling pathway	1.9	True
positive regulation of mitotic cell cycle (GO:0045931)	105	36	18.92	+	1.90	5.97e-05	0.000761	GO:0045931	positive regulation of mitotic cell cycle	1.9	True
positive regulation of DNA-templated transcription initiation (GO:2000144)	70	24	12.62	+	1.90	0.000952	0.00891	GO:2000144	positive regulation of DNA-templated transcription initiation	1.9	True
mRNA stabilization (GO:0048255)	73	25	13.16	+	1.90	0.00106	0.00952	GO:0048255	mRNA stabilization	1.9	True
positive regulation of peptide hormone secretion (GO:0090277)	111	38	20.0	+	1.90	5.24e-05	0.000679	GO:0090277	positive regulation of peptide hormone secretion	1.9	True
regulation of protein localization (GO:0032880)	824	282	148.5	+	1.90	5.8199999999999996e-30	8.699999999999999e-28	GO:0032880	regulation of protein localization	1.9	True
phospholipase C-activating G protein-coupled receptor signaling pathway (GO:0007200)	155	53	27.93	+	1.90	1.46e-06	2.61e-05	GO:0007200	phospholipase C-activating G protein-coupled receptor signaling pathway	1.9	True
regulation of transcription initiation by RNA polymerase II (GO:0060260)	79	27	14.24	+	1.90	0.000581	0.00582	GO:0060260	regulation of transcription initiation by RNA polymerase II	1.9	True
positive regulation of mitotic cell cycle phase transition (GO:1901992)	79	27	14.24	+	1.90	0.000581	0.00582	GO:1901992	positive regulation of mitotic cell cycle phase transition	1.9	True
regulation of mitotic nuclear division (GO:0007088)	120	41	21.63	+	1.90	2.16e-05	0.000309	GO:0007088	regulation of mitotic nuclear division	1.9	True
nucleic acid biosynthetic process (GO:0141187)	1329	454	239.52	+	1.90	2.42e-48	7.559999999999999e-46	GO:0141187	nucleic acid biosynthetic process	1.9	True
positive regulation of TOR signaling (GO:0032008)	85	29	15.32	+	1.89	0.000334	0.00354	GO:0032008	positive regulation of TOR signaling	1.89	True
response to oxidative stress (GO:0006979)	361	123	65.06	+	1.89	2.37e-13	1.09e-11	GO:0006979	response to oxidative stress	1.89	True
regulation of response to endoplasmic reticulum stress (GO:1905897)	91	31	16.4	+	1.89	0.000286	0.00306	GO:1905897	regulation of response to endoplasmic reticulum stress	1.89	True
hepaticobiliary system development (GO:0061008)	91	31	16.4	+	1.89	0.000286	0.00306	GO:0061008	hepaticobiliary system development	1.89	True
intracellular protein localization (GO:0008104)	1392	474	250.87	+	1.89	4.06e-50	1.43e-47	GO:0008104	intracellular protein localization	1.89	True
sperm flagellum assembly (GO:0120316)	47	16	8.47	+	1.89	0.00729	0.0479	GO:0120316	sperm flagellum assembly	1.89	True
negative regulation of protein localization (GO:1903828)	188	64	33.88	+	1.89	1.52e-07	3.19e-06	GO:1903828	negative regulation of protein localization	1.89	True
regulation of membrane depolarization (GO:0003254)	47	16	8.47	+	1.89	0.00729	0.0478	GO:0003254	regulation of membrane depolarization	1.89	True
cellular response to light stimulus (GO:0071482)	100	34	18.02	+	1.89	0.000119	0.00142	GO:0071482	cellular response to light stimulus	1.89	True
chromosome localization (GO:0050000)	103	35	18.56	+	1.89	9.1e-05	0.00112	GO:0050000	chromosome localization	1.89	True
cellular response to amino acid starvation (GO:0034198)	53	18	9.55	+	1.88	0.00609	0.0414	GO:0034198	cellular response to amino acid starvation	1.88	True
regulation of endothelial cell migration (GO:0010594)	168	57	30.28	+	1.88	8.08e-07	1.51e-05	GO:0010594	regulation of endothelial cell migration	1.88	True
positive regulation of peptide secretion (GO:0002793)	112	38	20.19	+	1.88	5.73e-05	0.000736	GO:0002793	positive regulation of peptide secretion	1.88	True
regulation of vasoconstriction (GO:0019229)	59	20	10.63	+	1.88	0.00332	0.0257	GO:0019229	regulation of vasoconstriction	1.88	True
positive regulation of cell cycle process (GO:0090068)	236	80	42.53	+	1.88	3.88e-09	1.04e-07	GO:0090068	positive regulation of cell cycle process	1.88	True
response to ethanol (GO:0045471)	124	42	22.35	+	1.88	2.89e-05	0.000402	GO:0045471	response to ethanol	1.88	True
L-alpha-amino acid transmembrane transport (GO:1902475)	62	21	11.17	+	1.88	0.0025	0.0202	GO:1902475	L-alpha-amino acid transmembrane transport	1.88	True
blood vessel diameter maintenance (GO:0097746)	124	42	22.35	+	1.88	2.89e-05	0.000401	GO:0097746	blood vessel diameter maintenance	1.88	True
regulation of tube diameter (GO:0035296)	124	42	22.35	+	1.88	2.89e-05	0.000401	GO:0035296	regulation of tube diameter	1.88	True
regulation of tube size (GO:0035150)	124	42	22.35	+	1.88	2.89e-05	0.000401	GO:0035150	regulation of tube size	1.88	True
regulation of microtubule-based movement (GO:0060632)	62	21	11.17	+	1.88	0.0025	0.0201	GO:0060632	regulation of microtubule-based movement	1.88	True
response to hormone (GO:0009725)	747	253	134.63	+	1.88	3.85e-26	5.09e-24	GO:0009725	response to hormone	1.88	True
limbic system development (GO:0021761)	68	23	12.26	+	1.88	0.00218	0.0177	GO:0021761	limbic system development	1.88	True
autophagy of mitochondrion (GO:0000422)	68	23	12.26	+	1.88	0.00218	0.0177	GO:0000422	autophagy of mitochondrion	1.88	True
response to starvation (GO:0042594)	207	70	37.31	+	1.88	4.67e-08	1.07e-06	GO:0042594	response to starvation	1.88	True
epithelial to mesenchymal transition (GO:0001837)	74	25	13.34	+	1.87	0.00118	0.0104	GO:0001837	epithelial to mesenchymal transition	1.87	True
erythrocyte homeostasis (GO:0034101)	77	26	13.88	+	1.87	0.00088	0.00832	GO:0034101	erythrocyte homeostasis	1.87	True
protein transport (GO:0015031)	658	222	118.59	+	1.87	9.079999999999999e-23	9.47e-21	GO:0015031	protein transport	1.87	True
organelle transport along microtubule (GO:0072384)	83	28	14.96	+	1.87	0.000511	0.00519	GO:0072384	organelle transport along microtubule	1.87	True
fat cell differentiation (GO:0045444)	83	28	14.96	+	1.87	0.000511	0.00519	GO:0045444	fat cell differentiation	1.87	True
gliogenesis (GO:0042063)	166	56	29.92	+	1.87	1.2e-06	2.18e-05	GO:0042063	gliogenesis	1.87	True
myeloid cell homeostasis (GO:0002262)	89	30	16.04	+	1.87	0.000425	0.00439	GO:0002262	myeloid cell homeostasis	1.87	True
RNA metabolic process (GO:0016070)	1433	483	258.26	+	1.87	1.11e-49	3.82e-47	GO:0016070	RNA metabolic process	1.87	True
amino acid transmembrane transport (GO:0003333)	95	32	17.12	+	1.87	0.000237	0.00259	GO:0003333	amino acid transmembrane transport	1.87	True
positive regulation of T cell differentiation (GO:0045582)	101	34	18.2	+	1.87	0.000139	0.00163	GO:0045582	positive regulation of T cell differentiation	1.87	True
intracellular transport (GO:0046907)	1175	395	211.76	+	1.87	6.32e-40	1.5200000000000002e-37	GO:0046907	intracellular transport	1.87	True
positive regulation of synaptic transmission (GO:0050806)	122	41	21.99	+	1.86	4.24e-05	0.000556	GO:0050806	positive regulation of synaptic transmission	1.86	True
autophagy (GO:0006914)	256	86	46.14	+	1.86	1.97e-09	5.53e-08	GO:0006914	autophagy	1.86	True
process utilizing autophagic mechanism (GO:0061919)	256	86	46.14	+	1.86	1.97e-09	5.52e-08	GO:0061919	process utilizing autophagic mechanism	1.86	True
regulation of viral process (GO:0050792)	131	44	23.61	+	1.86	1.77e-05	0.000255	GO:0050792	regulation of viral process	1.86	True
negative regulation of translation (GO:0017148)	134	45	24.15	+	1.86	1.35e-05	0.0002	GO:0017148	negative regulation of translation	1.86	True
positive regulation of cell cycle (GO:0045787)	295	99	53.17	+	1.86	1.15e-10	3.69e-09	GO:0045787	positive regulation of cell cycle	1.86	True
chromosome segregation (GO:0007059)	298	100	53.71	+	1.86	8.82e-11	2.9e-09	GO:0007059	chromosome segregation	1.86	True
protein-containing complex assembly (GO:0065003)	1282	430	231.05	+	1.86	2.4400000000000002e-43	6.57e-41	GO:0065003	protein-containing complex assembly	1.86	True
positive regulation of autophagy (GO:0010508)	161	54	29.02	+	1.86	2.37e-06	4.05e-05	GO:0010508	positive regulation of autophagy	1.86	True
organelle localization (GO:0051640)	513	172	92.45	+	1.86	1.48e-17	9.87e-16	GO:0051640	organelle localization	1.86	True
learning or memory (GO:0007611)	176	59	31.72	+	1.86	8.81e-07	1.64e-05	GO:0007611	learning or memory	1.86	True
mitotic cell cycle process (GO:1903047)	469	157	84.52	+	1.86	5.19e-16	3.04e-14	GO:1903047	mitotic cell cycle process	1.86	True
response to oxygen levels (GO:0070482)	281	94	50.64	+	1.86	5.42e-10	1.64e-08	GO:0070482	response to oxygen levels	1.86	True
cellular component assembly (GO:0022607)	2544	851	458.49	+	1.86	2.4699999999999997e-90	2.62e-87	GO:0022607	cellular component assembly	1.86	True
establishment of localization in cell (GO:0051649)	1447	484	260.78	+	1.86	1.0199999999999999e-48	3.25e-46	GO:0051649	establishment of localization in cell	1.86	True
biosynthetic process (GO:0009058)	3651	1220	658.0	+	1.85	1.41e-138	4.8599999999999995e-135	GO:0009058	biosynthetic process	1.85	True
nucleobase-containing compound metabolic process (GO:0006139)	2543	848	458.31	+	1.85	4.339999999999999e-89	3.98e-86	GO:0006139	nucleobase-containing compound metabolic process	1.85	True
cellular component biogenesis (GO:0044085)	2762	921	497.78	+	1.85	3.55e-98	6.98e-95	GO:0044085	cellular component biogenesis	1.85	True
regulation of cardiac muscle contraction (GO:0055117)	81	27	14.6	+	1.85	0.00117	0.0104	GO:0055117	regulation of cardiac muscle contraction	1.85	True
regulation of embryonic development (GO:0045995)	81	27	14.6	+	1.85	0.00117	0.0104	GO:0045995	regulation of embryonic development	1.85	True
fatty acid oxidation (GO:0019395)	75	25	13.52	+	1.85	0.00133	0.0115	GO:0019395	fatty acid oxidation	1.85	True
positive regulation of lymphocyte differentiation (GO:0045621)	114	38	20.55	+	1.85	7.42e-05	0.000921	GO:0045621	positive regulation of lymphocyte differentiation	1.85	True
amino acid transport (GO:0006865)	114	38	20.55	+	1.85	7.42e-05	0.00092	GO:0006865	amino acid transport	1.85	True
negative regulation of chromosome organization (GO:2001251)	78	26	14.06	+	1.85	0.00101	0.00932	GO:2001251	negative regulation of chromosome organization	1.85	True
positive regulation of apoptotic signaling pathway (GO:2001235)	102	34	18.38	+	1.85	0.000229	0.00252	GO:2001235	positive regulation of apoptotic signaling pathway	1.85	True
negative regulation of apoptotic signaling pathway (GO:2001234)	186	62	33.52	+	1.85	4.29e-07	8.39e-06	GO:2001234	negative regulation of apoptotic signaling pathway	1.85	True
regulation of extracellular matrix organization (GO:1903053)	60	20	10.81	+	1.85	0.00384	0.0288	GO:1903053	regulation of extracellular matrix organization	1.85	True
response to glucocorticoid (GO:0051384)	120	40	21.63	+	1.85	6.22e-05	0.000788	GO:0051384	response to glucocorticoid	1.85	True
regulation of behavior (GO:0050795)	87	29	15.68	+	1.85	0.000631	0.00626	GO:0050795	regulation of behavior	1.85	True
cytoplasmic microtubule organization (GO:0031122)	60	20	10.81	+	1.85	0.00384	0.0288	GO:0031122	cytoplasmic microtubule organization	1.85	True
positive regulation of pattern recognition receptor signaling pathway (GO:0062208)	93	31	16.76	+	1.85	0.000357	0.00377	GO:0062208	positive regulation of pattern recognition receptor signaling pathway	1.85	True
negative regulation of transmembrane transport (GO:0034763)	96	32	17.3	+	1.85	0.000273	0.00295	GO:0034763	negative regulation of transmembrane transport	1.85	True
ribosome biogenesis (GO:0042254)	282	94	50.82	+	1.85	5.85e-10	1.76e-08	GO:0042254	ribosome biogenesis	1.85	True
axoneme assembly (GO:0035082)	93	31	16.76	+	1.85	0.000357	0.00376	GO:0035082	axoneme assembly	1.85	True
positive regulation of carbohydrate metabolic process (GO:0045913)	75	25	13.52	+	1.85	0.00133	0.0115	GO:0045913	positive regulation of carbohydrate metabolic process	1.85	True
negative regulation of endocytosis (GO:0045806)	60	20	10.81	+	1.85	0.00384	0.0287	GO:0045806	negative regulation of endocytosis	1.85	True
homotypic cell-cell adhesion (GO:0034109)	54	18	9.73	+	1.85	0.00678	0.045	GO:0034109	homotypic cell-cell adhesion	1.85	True
ribosomal small subunit biogenesis (GO:0042274)	108	36	19.46	+	1.85	0.000128	0.00151	GO:0042274	ribosomal small subunit biogenesis	1.85	True
protein-containing complex organization (GO:0043933)	1432	476	258.08	+	1.84	4.94e-47	1.45e-44	GO:0043933	protein-containing complex organization	1.84	True
carboxylic acid catabolic process (GO:0046395)	226	75	40.73	+	1.84	4.01e-08	9.3e-07	GO:0046395	carboxylic acid catabolic process	1.84	True
cellular response to metal ion (GO:0071248)	157	52	28.3	+	1.84	5.15e-06	8.28e-05	GO:0071248	cellular response to metal ion	1.84	True
amino acid metabolic process (GO:0006520)	248	82	44.7	+	1.83	9.53e-09	2.44e-07	GO:0006520	amino acid metabolic process	1.83	True
negative regulation of catabolic process (GO:0009895)	357	118	64.34	+	1.83	7.15e-12	2.68e-10	GO:0009895	negative regulation of catabolic process	1.83	True
macroautophagy (GO:0016236)	218	72	39.29	+	1.83	1.05e-07	2.28e-06	GO:0016236	macroautophagy	1.83	True
regulation of mRNA catabolic process (GO:0061013)	218	72	39.29	+	1.83	1.05e-07	2.27e-06	GO:0061013	regulation of mRNA catabolic process	1.83	True
positive regulation of protein catabolic process (GO:0045732)	215	71	38.75	+	1.83	9.55e-08	2.08e-06	GO:0045732	positive regulation of protein catabolic process	1.83	True
regulation of neurotransmitter transport (GO:0051588)	97	32	17.48	+	1.83	0.000456	0.00465	GO:0051588	regulation of neurotransmitter transport	1.83	True
post-transcriptional regulation of gene expression (GO:0010608)	482	159	86.87	+	1.83	1.37e-15	7.74e-14	GO:0010608	post-transcriptional regulation of gene expression	1.83	True
intercellular transport (GO:0010496)	758	250	136.61	+	1.83	6.1399999999999995e-24	6.98e-22	GO:0010496	intercellular transport	1.83	True
positive regulation of protein-containing complex assembly (GO:0031334)	188	62	33.88	+	1.83	7.66e-07	1.43e-05	GO:0031334	positive regulation of protein-containing complex assembly	1.83	True
regulation of protein localization to membrane (GO:1905475)	173	57	31.18	+	1.83	2.1e-06	3.64e-05	GO:1905475	regulation of protein localization to membrane	1.83	True
membrane docking (GO:0022406)	85	28	15.32	+	1.83	0.000938	0.00879	GO:0022406	membrane docking	1.83	True
response to hypoxia (GO:0001666)	249	82	44.88	+	1.83	1.58e-08	3.88e-07	GO:0001666	response to hypoxia	1.83	True
rRNA metabolic process (GO:0016072)	240	79	43.25	+	1.83	2.4e-08	5.78e-07	GO:0016072	rRNA metabolic process	1.83	True
L-amino acid transport (GO:0015807)	76	25	13.7	+	1.83	0.00154	0.0132	GO:0015807	L-amino acid transport	1.83	True
erythrocyte differentiation (GO:0030218)	73	24	13.16	+	1.82	0.00201	0.0167	GO:0030218	erythrocyte differentiation	1.82	True
response to nutrient (GO:0007584)	146	48	26.31	+	1.82	1.81e-05	0.000261	GO:0007584	response to nutrient	1.82	True
regulation of release of sequestered calcium ion into cytosol (GO:0051279)	67	22	12.07	+	1.82	0.00355	0.0273	GO:0051279	regulation of release of sequestered calcium ion into cytosol	1.82	True
response to decreased oxygen levels (GO:0036293)	256	84	46.14	+	1.82	9.82e-09	2.49e-07	GO:0036293	response to decreased oxygen levels	1.82	True
positive regulation of response to cytokine stimulus (GO:0060760)	64	21	11.53	+	1.82	0.0048	0.0345	GO:0060760	positive regulation of response to cytokine stimulus	1.82	True
gene expression (GO:0010467)	2273	745	409.65	+	1.82	4.0800000000000004e-73	2.67e-70	GO:0010467	gene expression	1.82	True
positive regulation of organelle organization (GO:0010638)	464	152	83.62	+	1.82	1.35e-14	6.78e-13	GO:0010638	positive regulation of organelle organization	1.82	True
response to estradiol (GO:0032355)	110	36	19.82	+	1.82	0.000243	0.00266	GO:0032355	response to estradiol	1.82	True
negative regulation of protein metabolic process (GO:0051248)	523	171	94.26	+	1.81	2.57e-16	1.58e-14	GO:0051248	negative regulation of protein metabolic process	1.81	True
regulation of catabolic process (GO:0009894)	1039	339	187.25	+	1.81	2.04e-31	3.27e-29	GO:0009894	regulation of catabolic process	1.81	True
positive regulation of protein localization to membrane (GO:1905477)	89	29	16.04	+	1.81	0.000805	0.00765	GO:1905477	positive regulation of protein localization to membrane	1.81	True
calcium ion transmembrane import into cytosol (GO:0097553)	89	29	16.04	+	1.81	0.000805	0.00765	GO:0097553	calcium ion transmembrane import into cytosol	1.81	True
positive regulation of translation (GO:0045727)	132	43	23.79	+	1.81	5.38e-05	0.000695	GO:0045727	positive regulation of translation	1.81	True
rhythmic process (GO:0048511)	175	57	31.54	+	1.81	3.86e-06	6.34e-05	GO:0048511	rhythmic process	1.81	True
protein targeting to membrane (GO:0006612)	86	28	15.5	+	1.81	0.00105	0.00944	GO:0006612	protein targeting to membrane	1.81	True
negative regulation of gene expression, epigenetic (GO:0045814)	212	69	38.21	+	1.81	3.22e-07	6.41e-06	GO:0045814	negative regulation of gene expression, epigenetic	1.81	True
regulation of TOR signaling (GO:0032006)	166	54	29.92	+	1.80	5.98e-06	9.49e-05	GO:0032006	regulation of TOR signaling	1.8	True
regulation of DNA biosynthetic process (GO:2000278)	80	26	14.42	+	1.80	0.00186	0.0156	GO:2000278	regulation of DNA biosynthetic process	1.8	True
positive regulation of cellular component biogenesis (GO:0044089)	477	155	85.97	+	1.80	1.26e-14	6.44e-13	GO:0044089	positive regulation of cellular component biogenesis	1.8	True
digestive tract development (GO:0048565)	77	25	13.88	+	1.80	0.00251	0.0201	GO:0048565	digestive tract development	1.8	True
endocytosis (GO:0006897)	416	135	74.97	+	1.80	9.58e-13	4.09e-11	GO:0006897	endocytosis	1.8	True
macromolecule localization (GO:0033036)	1806	586	325.48	+	1.80	1.69e-54	7.76e-52	GO:0033036	macromolecule localization	1.8	True
post-Golgi vesicle-mediated transport (GO:0006892)	108	35	19.46	+	1.80	0.000352	0.00372	GO:0006892	post-Golgi vesicle-mediated transport	1.8	True
cilium movement (GO:0003341)	241	78	43.43	+	1.80	6.94e-08	1.55e-06	GO:0003341	cilium movement	1.8	True
monoatomic anion transmembrane transport (GO:0098656)	136	44	24.51	+	1.80	4.65e-05	0.000608	GO:0098656	monoatomic anion transmembrane transport	1.8	True
regulation of cytokine production involved in inflammatory response (GO:1900015)	68	22	12.26	+	1.80	0.00398	0.0297	GO:1900015	regulation of cytokine production involved in inflammatory response	1.8	True
cholesterol transport (GO:0030301)	68	22	12.26	+	1.80	0.00398	0.0297	GO:0030301	cholesterol transport	1.8	True
response to purine-containing compound (GO:0014074)	133	43	23.97	+	1.79	6.04e-05	0.000768	GO:0014074	response to purine-containing compound	1.79	True
regulation of alpha-beta T cell differentiation (GO:0046637)	65	21	11.71	+	1.79	0.00529	0.0375	GO:0046637	regulation of alpha-beta T cell differentiation	1.79	True
negative regulation of protein transport (GO:0051224)	96	31	17.3	+	1.79	0.000729	0.00701	GO:0051224	negative regulation of protein transport	1.79	True
regulation of mRNA stability (GO:0043488)	189	61	34.06	+	1.79	2.23e-06	3.84e-05	GO:0043488	regulation of mRNA stability	1.79	True
regulation of pH (GO:0006885)	93	30	16.76	+	1.79	0.000973	0.00896	GO:0006885	regulation of pH	1.79	True
regulation of steroid metabolic process (GO:0019218)	93	30	16.76	+	1.79	0.000973	0.00896	GO:0019218	regulation of steroid metabolic process	1.79	True
regulation of smooth muscle cell proliferation (GO:0048660)	124	40	22.35	+	1.79	0.000139	0.00163	GO:0048660	regulation of smooth muscle cell proliferation	1.79	True
cell cycle (GO:0007049)	893	288	160.94	+	1.79	9.75e-26	1.2499999999999999e-23	GO:0007049	cell cycle	1.79	True
vesicle-mediated transport in synapse (GO:0099003)	149	48	26.85	+	1.79	2.45e-05	0.000347	GO:0099003	vesicle-mediated transport in synapse	1.79	True
positive regulation of cell projection organization (GO:0031346)	326	105	58.75	+	1.79	5.8e-10	1.75e-08	GO:0031346	positive regulation of cell projection organization	1.79	True
telencephalon development (GO:0021537)	177	57	31.9	+	1.79	4.65e-06	7.55e-05	GO:0021537	telencephalon development	1.79	True
cytokinesis (GO:0000910)	118	38	21.27	+	1.79	0.00017	0.00193	GO:0000910	cytokinesis	1.79	True
peptidyl-amino acid modification (GO:0018193)	264	85	47.58	+	1.79	2.62e-08	6.28e-07	GO:0018193	peptidyl-amino acid modification	1.79	True
memory (GO:0007613)	87	28	15.68	+	1.79	0.00121	0.0105	GO:0007613	memory	1.79	True
positive regulation of catabolic process (GO:0009896)	532	171	95.88	+	1.78	1.88e-15	1.05e-13	GO:0009896	positive regulation of catabolic process	1.78	True
response to abiotic stimulus (GO:0009628)	941	302	169.59	+	1.78	1.44e-26	1.92e-24	GO:0009628	response to abiotic stimulus	1.78	True
carboxylic acid metabolic process (GO:0019752)	696	223	125.44	+	1.78	1.24e-19	1.02e-17	GO:0019752	carboxylic acid metabolic process	1.78	True
sulfur compound biosynthetic process (GO:0044272)	103	33	18.56	+	1.78	0.000687	0.00662	GO:0044272	sulfur compound biosynthetic process	1.78	True
establishment of protein localization (GO:0045184)	853	273	153.73	+	1.78	7.61e-24	8.45e-22	GO:0045184	establishment of protein localization	1.78	True
cellular response to radiation (GO:0071478)	150	48	27.03	+	1.78	3.89e-05	0.000521	GO:0071478	cellular response to radiation	1.78	True
regulation of translation (GO:0006417)	325	104	58.57	+	1.78	9.01e-10	2.63e-08	GO:0006417	regulation of translation	1.78	True
organelle localization by membrane tethering (GO:0140056)	75	24	13.52	+	1.78	0.00366	0.0279	GO:0140056	organelle localization by membrane tethering	1.78	True
regulation of miRNA transcription (GO:1902893)	75	24	13.52	+	1.78	0.00366	0.0279	GO:1902893	regulation of miRNA transcription	1.78	True
response to radiation (GO:0009314)	350	112	63.08	+	1.78	2.35e-10	7.33e-09	GO:0009314	response to radiation	1.78	True
sensory organ development (GO:0007423)	372	119	67.04	+	1.77	5.36e-11	1.82e-09	GO:0007423	sensory organ development	1.77	True
intracellular receptor signaling pathway (GO:0030522)	185	59	33.34	+	1.77	4.68e-06	7.59e-05	GO:0030522	intracellular receptor signaling pathway	1.77	True
cell cycle process (GO:0022402)	819	261	147.6	+	1.77	1.3e-22	1.35e-20	GO:0022402	cell cycle process	1.77	True
cellular localization (GO:0051641)	1770	564	319.0	+	1.77	1.96e-49	6.58e-47	GO:0051641	cellular localization	1.77	True
regulation of nuclear division (GO:0051783)	135	43	24.33	+	1.77	0.000106	0.00128	GO:0051783	regulation of nuclear division	1.77	True
modification-dependent macromolecule catabolic process (GO:0043632)	606	193	109.22	+	1.77	8.2e-17	5.22e-15	GO:0043632	modification-dependent macromolecule catabolic process	1.77	True
modification-dependent protein catabolic process (GO:0019941)	600	191	108.13	+	1.77	9.92e-17	6.26e-15	GO:0019941	modification-dependent protein catabolic process	1.77	True
vascular transport (GO:0010232)	88	28	15.86	+	1.77	0.0019	0.0159	GO:0010232	vascular transport	1.77	True
transport across blood-brain barrier (GO:0150104)	88	28	15.86	+	1.77	0.0019	0.0159	GO:0150104	transport across blood-brain barrier	1.77	True
regulation of amine transport (GO:0051952)	66	21	11.89	+	1.77	0.00595	0.0406	GO:0051952	regulation of amine transport	1.77	True
regulation of viral life cycle (GO:1903900)	110	35	19.82	+	1.77	0.000424	0.00439	GO:1903900	regulation of viral life cycle	1.77	True
response to nutrient levels (GO:0031667)	459	146	82.72	+	1.76	5.12e-13	2.27e-11	GO:0031667	response to nutrient levels	1.76	True
cellular response to oxygen-containing compound (GO:1901701)	985	313	177.52	+	1.76	1.1300000000000001e-26	1.52e-24	GO:1901701	cellular response to oxygen-containing compound	1.76	True
regulation of apoptotic signaling pathway (GO:2001233)	299	95	53.89	+	1.76	8.06e-09	2.08e-07	GO:2001233	regulation of apoptotic signaling pathway	1.76	True
negative regulation of protein modification process (GO:0031400)	192	61	34.6	+	1.76	4.33e-06	7.04e-05	GO:0031400	negative regulation of protein modification process	1.76	True
establishment of protein localization to membrane (GO:0090150)	205	65	36.95	+	1.76	2.29e-06	3.95e-05	GO:0090150	establishment of protein localization to membrane	1.76	True
digestive system development (GO:0055123)	82	26	14.78	+	1.76	0.00233	0.0189	GO:0055123	digestive system development	1.76	True
regulation of pattern recognition receptor signaling pathway (GO:0062207)	205	65	36.95	+	1.76	2.29e-06	3.94e-05	GO:0062207	regulation of pattern recognition receptor signaling pathway	1.76	True
regulation of neurotransmitter secretion (GO:0046928)	79	25	14.24	+	1.76	0.00305	0.0238	GO:0046928	regulation of neurotransmitter secretion	1.76	True
axo-dendritic transport (GO:0008088)	79	25	14.24	+	1.76	0.00305	0.0238	GO:0008088	axo-dendritic transport	1.76	True
positive regulation of cell cycle phase transition (GO:1901989)	98	31	17.66	+	1.76	0.00133	0.0116	GO:1901989	positive regulation of cell cycle phase transition	1.76	True
regulation of heart rate (GO:0002027)	98	31	17.66	+	1.76	0.00133	0.0116	GO:0002027	regulation of heart rate	1.76	True
organelle membrane fusion (GO:0090174)	98	31	17.66	+	1.76	0.00133	0.0115	GO:0090174	organelle membrane fusion	1.76	True
response to retinoic acid (GO:0032526)	95	30	17.12	+	1.75	0.0012	0.0105	GO:0032526	response to retinoic acid	1.75	True
macromolecule biosynthetic process (GO:0009059)	2655	838	478.49	+	1.75	1.57e-74	1.08e-71	GO:0009059	macromolecule biosynthetic process	1.75	True
cellular response to abiotic stimulus (GO:0071214)	301	95	54.25	+	1.75	9.73e-09	2.48e-07	GO:0071214	cellular response to abiotic stimulus	1.75	True
cellular response to environmental stimulus (GO:0104004)	301	95	54.25	+	1.75	9.73e-09	2.48e-07	GO:0104004	cellular response to environmental stimulus	1.75	True
intrinsic apoptotic signaling pathway (GO:0097193)	149	47	26.85	+	1.75	6.07e-05	0.000772	GO:0097193	intrinsic apoptotic signaling pathway	1.75	True
heterochromatin formation (GO:0031507)	184	58	33.16	+	1.75	7.61e-06	0.000117	GO:0031507	heterochromatin formation	1.75	True
signal transduction by p53 class mediator (GO:0072331)	73	23	13.16	+	1.75	0.00535	0.0378	GO:0072331	signal transduction by p53 class mediator	1.75	True
cellular response to mechanical stimulus (GO:0071260)	73	23	13.16	+	1.75	0.00535	0.0378	GO:0071260	cellular response to mechanical stimulus	1.75	True
negative regulation of protein-containing complex assembly (GO:0031333)	127	40	22.89	+	1.75	0.00027	0.00293	GO:0031333	negative regulation of protein-containing complex assembly	1.75	True
positive regulation of mRNA metabolic process (GO:1903313)	127	40	22.89	+	1.75	0.00027	0.00293	GO:1903313	positive regulation of mRNA metabolic process	1.75	True
modulation of chemical synaptic transmission (GO:0050804)	470	148	84.71	+	1.75	9.42e-13	4.04e-11	GO:0050804	modulation of chemical synaptic transmission	1.75	True
host-mediated perturbation of symbiont process (GO:0051851)	108	34	19.46	+	1.75	0.000622	0.00618	GO:0051851	host-mediated perturbation of symbiont process	1.75	True
oxoacid metabolic process (GO:0043436)	715	225	128.86	+	1.75	9.81e-19	7.11e-17	GO:0043436	oxoacid metabolic process	1.75	True
regulation of intracellular pH (GO:0051453)	89	28	16.04	+	1.75	0.00207	0.0171	GO:0051453	regulation of intracellular pH	1.75	True
behavior (GO:0007610)	356	112	64.16	+	1.75	5.73e-10	1.73e-08	GO:0007610	behavior	1.75	True
regulation of carbohydrate biosynthetic process (GO:0043255)	86	27	15.5	+	1.74	0.00275	0.0219	GO:0043255	regulation of carbohydrate biosynthetic process	1.74	True
negative regulation of RNA catabolic process (GO:1902369)	102	32	18.38	+	1.74	0.00107	0.00956	GO:1902369	negative regulation of RNA catabolic process	1.74	True
regulation of trans-synaptic signaling (GO:0099177)	472	148	85.07	+	1.74	1.65e-12	6.82e-11	GO:0099177	regulation of trans-synaptic signaling	1.74	True
negative regulation of neuron apoptotic process (GO:0043524)	118	37	21.27	+	1.74	0.000422	0.00437	GO:0043524	negative regulation of neuron apoptotic process	1.74	True
forebrain development (GO:0030900)	252	79	45.42	+	1.74	2.34e-07	4.76e-06	GO:0030900	forebrain development	1.74	True
carboxylic acid transmembrane transport (GO:1905039)	134	42	24.15	+	1.74	0.000168	0.00192	GO:1905039	carboxylic acid transmembrane transport	1.74	True
regulation of RNA stability (GO:0043487)	201	63	36.22	+	1.74	4.64e-06	7.55e-05	GO:0043487	regulation of RNA stability	1.74	True
regulation of cytoplasmic pattern recognition receptor signaling pathway (GO:0039531)	150	47	27.03	+	1.74	6.74e-05	0.000848	GO:0039531	regulation of cytoplasmic pattern recognition receptor signaling pathway	1.74	True
regulation of double-strand break repair via homologous recombination (GO:0010569)	83	26	14.96	+	1.74	0.00368	0.028	GO:0010569	regulation of double-strand break repair via homologous recombination	1.74	True
carbohydrate homeostasis (GO:0033500)	182	57	32.8	+	1.74	1.55e-05	0.000227	GO:0033500	carbohydrate homeostasis	1.74	True
positive regulation of lipid biosynthetic process (GO:0046889)	99	31	17.84	+	1.74	0.00142	0.0123	GO:0046889	positive regulation of lipid biosynthetic process	1.74	True
regulation of protein localization to plasma membrane (GO:1903076)	115	36	20.73	+	1.74	0.000555	0.00561	GO:1903076	regulation of protein localization to plasma membrane	1.74	True
ubiquitin-dependent protein catabolic process (GO:0006511)	591	185	106.51	+	1.74	2.29e-15	1.26e-13	GO:0006511	ubiquitin-dependent protein catabolic process	1.74	True
glucose homeostasis (GO:0042593)	176	55	31.72	+	1.73	1.84e-05	0.000265	GO:0042593	glucose homeostasis	1.73	True
positive regulation of lipid localization (GO:1905954)	96	30	17.3	+	1.73	0.0019	0.0159	GO:1905954	positive regulation of lipid localization	1.73	True
regulation of TORC1 signaling (GO:1903432)	112	35	20.19	+	1.73	0.000737	0.00706	GO:1903432	regulation of TORC1 signaling	1.73	True
regulation of autophagy (GO:0010506)	362	113	65.24	+	1.73	8.05e-10	2.36e-08	GO:0010506	regulation of autophagy	1.73	True
response to oxygen-containing compound (GO:1901700)	1400	437	252.31	+	1.73	2.19e-35	4.01e-33	GO:1901700	response to oxygen-containing compound	1.73	True
embryonic organ morphogenesis (GO:0048562)	157	49	28.3	+	1.73	6e-05	0.000765	GO:0048562	embryonic organ morphogenesis	1.73	True
Wnt signaling pathway (GO:0016055)	125	39	22.53	+	1.73	0.000384	0.00401	GO:0016055	Wnt signaling pathway	1.73	True
cilium-dependent cell motility (GO:0060285)	215	67	38.75	+	1.73	2.66e-06	4.51e-05	GO:0060285	cilium-dependent cell motility	1.73	True
cilium or flagellum-dependent cell motility (GO:0001539)	215	67	38.75	+	1.73	2.66e-06	4.5e-05	GO:0001539	cilium or flagellum-dependent cell motility	1.73	True
regulation of calcium ion transport (GO:0051924)	199	62	35.86	+	1.73	6.61e-06	0.000104	GO:0051924	regulation of calcium ion transport	1.73	True
microtubule bundle formation (GO:0001578)	122	38	21.99	+	1.73	0.000514	0.00521	GO:0001578	microtubule bundle formation	1.73	True
regulation of organelle organization (GO:0033043)	1111	346	200.23	+	1.73	1.16e-27	1.61e-25	GO:0033043	regulation of organelle organization	1.73	True
regulation of receptor signaling pathway via STAT (GO:1904892)	90	28	16.22	+	1.73	0.0023	0.0186	GO:1904892	regulation of receptor signaling pathway via STAT	1.73	True
monoatomic anion transport (GO:0006820)	148	46	26.67	+	1.72	9.78e-05	0.0012	GO:0006820	monoatomic anion transport	1.72	True
cellular response to external stimulus (GO:0071496)	74	23	13.34	+	1.72	0.00589	0.0402	GO:0071496	cellular response to external stimulus	1.72	True
positive regulation of programmed cell death (GO:0043068)	470	146	84.71	+	1.72	3.87e-12	1.54e-10	GO:0043068	positive regulation of programmed cell death	1.72	True
response to endoplasmic reticulum stress (GO:0034976)	219	68	39.47	+	1.72	3.21e-06	5.36e-05	GO:0034976	response to endoplasmic reticulum stress	1.72	True
regulation of protein-containing complex assembly (GO:0043254)	393	122	70.83	+	1.72	2.81e-10	8.74e-09	GO:0043254	regulation of protein-containing complex assembly	1.72	True
cytoskeleton-dependent cytokinesis (GO:0061640)	116	36	20.91	+	1.72	0.00061	0.00606	GO:0061640	cytoskeleton-dependent cytokinesis	1.72	True
regulation of cellular component biogenesis (GO:0044087)	990	307	178.42	+	1.72	2.63e-24	3.04e-22	GO:0044087	regulation of cellular component biogenesis	1.72	True
membrane organization (GO:0061024)	674	209	121.47	+	1.72	9.66e-17	6.12e-15	GO:0061024	membrane organization	1.72	True
regulation of striated muscle contraction (GO:0006942)	100	31	18.02	+	1.72	0.00155	0.0133	GO:0006942	regulation of striated muscle contraction	1.72	True
sperm motility (GO:0097722)	200	62	36.04	+	1.72	7.26e-06	0.000113	GO:0097722	sperm motility	1.72	True
flagellated sperm motility (GO:0030317)	200	62	36.04	+	1.72	7.26e-06	0.000113	GO:0030317	flagellated sperm motility	1.72	True
protein targeting (GO:0006605)	171	53	30.82	+	1.72	3.44e-05	0.00047	GO:0006605	protein targeting	1.72	True
proteasome-mediated ubiquitin-dependent protein catabolic process (GO:0043161)	426	132	76.78	+	1.72	5.03e-11	1.71e-09	GO:0043161	proteasome-mediated ubiquitin-dependent protein catabolic process	1.72	True
RNA stabilization (GO:0043489)	84	26	15.14	+	1.72	0.00397	0.0297	GO:0043489	RNA stabilization	1.72	True
negative regulation of transforming growth factor beta receptor signaling pathway (GO:0030512)	84	26	15.14	+	1.72	0.00397	0.0296	GO:0030512	negative regulation of transforming growth factor beta receptor signaling pathway	1.72	True
brain development (GO:0007420)	517	160	93.18	+	1.72	5.32e-13	2.35e-11	GO:0007420	brain development	1.72	True
adenylate cyclase-modulating G protein-coupled receptor signaling pathway (GO:0007188)	278	86	50.1	+	1.72	1.52e-07	3.19e-06	GO:0007188	adenylate cyclase-modulating G protein-coupled receptor signaling pathway	1.72	True
neuromuscular process (GO:0050905)	81	25	14.6	+	1.71	0.00528	0.0374	GO:0050905	neuromuscular process	1.71	True
lipid oxidation (GO:0034440)	81	25	14.6	+	1.71	0.00528	0.0374	GO:0034440	lipid oxidation	1.71	True
protein localization to cell periphery (GO:1990778)	214	66	38.57	+	1.71	5.99e-06	9.49e-05	GO:1990778	protein localization to cell periphery	1.71	True
response to mechanical stimulus (GO:0009612)	198	61	35.68	+	1.71	1.04e-05	0.000157	GO:0009612	response to mechanical stimulus	1.71	True
vascular process in circulatory system (GO:0003018)	250	77	45.06	+	1.71	7.82e-07	1.46e-05	GO:0003018	vascular process in circulatory system	1.71	True
organelle organization (GO:0006996)	2872	884	517.6	+	1.71	5.42e-73	3.3900000000000005e-70	GO:0006996	organelle organization	1.71	True
positive regulation of mononuclear cell migration (GO:0071677)	91	28	16.4	+	1.71	0.00362	0.0276	GO:0071677	positive regulation of mononuclear cell migration	1.71	True
multicellular organismal-level homeostasis (GO:0048871)	462	142	83.26	+	1.71	2.18e-11	7.78e-10	GO:0048871	multicellular organismal-level homeostasis	1.71	True
heterochromatin organization (GO:0070828)	192	59	34.6	+	1.71	1.75e-05	0.000254	GO:0070828	heterochromatin organization	1.71	True
regulation of small molecule metabolic process (GO:0062012)	306	94	55.15	+	1.70	5.05e-08	1.16e-06	GO:0062012	regulation of small molecule metabolic process	1.7	True
regulation of calcium ion transmembrane transport (GO:1903169)	127	39	22.89	+	1.70	0.000455	0.00463	GO:1903169	regulation of calcium ion transmembrane transport	1.7	True
plasma membrane organization (GO:0007009)	114	35	20.55	+	1.70	0.000881	0.00832	GO:0007009	plasma membrane organization	1.7	True
RNA catabolic process (GO:0006401)	215	66	38.75	+	1.70	6.31e-06	9.92e-05	GO:0006401	RNA catabolic process	1.7	True
positive regulation of smooth muscle cell proliferation (GO:0048661)	75	23	13.52	+	1.70	0.00659	0.0438	GO:0048661	positive regulation of smooth muscle cell proliferation	1.7	True
olefinic compound metabolic process (GO:0120254)	150	46	27.03	+	1.70	0.00016	0.00185	GO:0120254	olefinic compound metabolic process	1.7	True
regulation of cytoskeleton organization (GO:0051493)	499	153	89.93	+	1.70	4.41e-12	1.74e-10	GO:0051493	regulation of cytoskeleton organization	1.7	True
positive regulation of protein secretion (GO:0050714)	137	42	24.69	+	1.70	0.000307	0.00327	GO:0050714	positive regulation of protein secretion	1.7	True
positive regulation of apoptotic process (GO:0043065)	447	137	80.56	+	1.70	5.83e-11	1.97e-09	GO:0043065	positive regulation of apoptotic process	1.7	True
import into cell (GO:0098657)	620	190	111.74	+	1.70	1.05e-14	5.39e-13	GO:0098657	import into cell	1.7	True
cellular response to nutrient levels (GO:0031669)	235	72	42.35	+	1.70	2.12e-06	3.68e-05	GO:0031669	cellular response to nutrient levels	1.7	True
modulation of process of another organism (GO:0035821)	111	34	20.0	+	1.70	0.00115	0.0102	GO:0035821	modulation of process of another organism	1.7	True
protein catabolic process (GO:0030163)	800	245	144.18	+	1.70	1.02e-18	7.33e-17	GO:0030163	protein catabolic process	1.7	True
monocarboxylic acid metabolic process (GO:0032787)	441	135	79.48	+	1.70	1.01e-10	3.26e-09	GO:0032787	monocarboxylic acid metabolic process	1.7	True
endosomal transport (GO:0016197)	281	86	50.64	+	1.70	2.73e-07	5.51e-06	GO:0016197	endosomal transport	1.7	True
negative regulation of gene expression (GO:0010629)	1021	312	184.01	+	1.70	1.92e-23	2.04e-21	GO:0010629	negative regulation of gene expression	1.7	True
cilium movement involved in cell motility (GO:0060294)	213	65	38.39	+	1.69	8.87e-06	0.000135	GO:0060294	cilium movement involved in cell motility	1.69	True
renal system development (GO:0072001)	213	65	38.39	+	1.69	8.87e-06	0.000135	GO:0072001	renal system development	1.69	True
nuclear chromosome segregation (GO:0098813)	213	65	38.39	+	1.69	8.87e-06	0.000135	GO:0098813	nuclear chromosome segregation	1.69	True
proteasomal protein catabolic process (GO:0010498)	508	155	91.55	+	1.69	4.54e-12	1.78e-10	GO:0010498	proteasomal protein catabolic process	1.69	True
head development (GO:0060322)	541	165	97.5	+	1.69	8.03e-13	3.48e-11	GO:0060322	head development	1.69	True
response to corticosteroid (GO:0031960)	141	43	25.41	+	1.69	0.000368	0.00387	GO:0031960	response to corticosteroid	1.69	True
positive regulation of endothelial cell proliferation (GO:0001938)	82	25	14.78	+	1.69	0.00572	0.04	GO:0001938	positive regulation of endothelial cell proliferation	1.69	True
regulation of cell cycle process (GO:0010564)	702	214	126.52	+	1.69	2.81e-16	1.72e-14	GO:0010564	regulation of cell cycle process	1.69	True
vesicle fusion (GO:0006906)	92	28	16.58	+	1.69	0.00385	0.0288	GO:0006906	vesicle fusion	1.69	True
MAPK cascade (GO:0000165)	161	49	29.02	+	1.69	0.000118	0.00142	GO:0000165	MAPK cascade	1.69	True
regulation of peptide transport (GO:0090087)	194	59	34.96	+	1.69	2.92e-05	0.000404	GO:0090087	regulation of peptide transport	1.69	True
negative regulation of transport (GO:0051051)	365	111	65.78	+	1.69	7.92e-09	2.04e-07	GO:0051051	negative regulation of transport	1.69	True
regulation of lipid localization (GO:1905952)	148	45	26.67	+	1.69	0.000227	0.0025	GO:1905952	regulation of lipid localization	1.69	True
response to vitamin (GO:0033273)	79	24	14.24	+	1.69	0.00755	0.0495	GO:0033273	response to vitamin	1.69	True
regulation of glucose metabolic process (GO:0010906)	79	24	14.24	+	1.69	0.00755	0.0494	GO:0010906	regulation of glucose metabolic process	1.69	True
regulation of receptor signaling pathway via JAK-STAT (GO:0046425)	79	24	14.24	+	1.69	0.00755	0.0494	GO:0046425	regulation of receptor signaling pathway via JAK-STAT	1.69	True
nucleic acid catabolic process (GO:0141188)	237	72	42.71	+	1.69	3.43e-06	5.7e-05	GO:0141188	nucleic acid catabolic process	1.69	True
cellular response to oxygen levels (GO:0071453)	145	44	26.13	+	1.68	0.000296	0.00316	GO:0071453	cellular response to oxygen levels	1.68	True
macromolecule catabolic process (GO:0009057)	1079	327	194.46	+	1.68	6.3999999999999995e-24	7.22e-22	GO:0009057	macromolecule catabolic process	1.68	True
negative regulation of organelle organization (GO:0010639)	307	93	55.33	+	1.68	1.25e-07	2.68e-06	GO:0010639	negative regulation of organelle organization	1.68	True
chloride transmembrane transport (GO:1902476)	109	33	19.64	+	1.68	0.00164	0.014	GO:1902476	chloride transmembrane transport	1.68	True
regulation of signal transduction by p53 class mediator (GO:1901796)	109	33	19.64	+	1.68	0.00164	0.014	GO:1901796	regulation of signal transduction by p53 class mediator	1.68	True
positive regulation of mRNA catabolic process (GO:0061014)	109	33	19.64	+	1.68	0.00164	0.014	GO:0061014	positive regulation of mRNA catabolic process	1.68	True
RNA destabilization (GO:0050779)	96	29	17.3	+	1.68	0.00321	0.0248	GO:0050779	RNA destabilization	1.68	True
monocarboxylic acid catabolic process (GO:0072329)	106	32	19.1	+	1.68	0.00214	0.0174	GO:0072329	monocarboxylic acid catabolic process	1.68	True
mRNA destabilization (GO:0061157)	93	28	16.76	+	1.67	0.00418	0.0309	GO:0061157	mRNA destabilization	1.67	True
cellular response to hypoxia (GO:0071456)	123	37	22.17	+	1.67	0.00131	0.0114	GO:0071456	cellular response to hypoxia	1.67	True
protein-containing complex disassembly (GO:0032984)	143	43	25.77	+	1.67	0.000418	0.00434	GO:0032984	protein-containing complex disassembly	1.67	True
positive regulation of hormone secretion (GO:0046887)	143	43	25.77	+	1.67	0.000418	0.00433	GO:0046887	positive regulation of hormone secretion	1.67	True
regulation of proteolysis (GO:0030162)	143	43	25.77	+	1.67	0.000418	0.00433	GO:0030162	regulation of proteolysis	1.67	True
protein localization to membrane (GO:0072657)	286	86	51.54	+	1.67	5.55e-07	1.07e-05	GO:0072657	protein localization to membrane	1.67	True
regulation of insulin secretion (GO:0050796)	153	46	27.57	+	1.67	0.000284	0.00304	GO:0050796	regulation of insulin secretion	1.67	True
renal system process (GO:0003014)	110	33	19.82	+	1.66	0.00252	0.0203	GO:0003014	renal system process	1.66	True
cytoskeleton organization (GO:0007010)	1200	360	216.27	+	1.66	1.57e-25	2e-23	GO:0007010	cytoskeleton organization	1.66	True
cellular response to decreased oxygen levels (GO:0036294)	130	39	23.43	+	1.66	0.000806	0.00765	GO:0036294	cellular response to decreased oxygen levels	1.66	True
dephosphorylation (GO:0016311)	130	39	23.43	+	1.66	0.000806	0.00765	GO:0016311	dephosphorylation	1.66	True
phosphate-containing compound metabolic process (GO:0006796)	477	143	85.97	+	1.66	1.12e-10	3.61e-09	GO:0006796	phosphate-containing compound metabolic process	1.66	True
positive regulation of cellular component organization (GO:0051130)	1035	310	186.53	+	1.66	7.53e-22	7.56e-20	GO:0051130	positive regulation of cellular component organization	1.66	True
kidney development (GO:0001822)	207	62	37.31	+	1.66	2.46e-05	0.000348	GO:0001822	kidney development	1.66	True
central nervous system development (GO:0007417)	728	218	131.2	+	1.66	1.38e-15	7.8e-14	GO:0007417	central nervous system development	1.66	True
positive regulation of cytoskeleton organization (GO:0051495)	174	52	31.36	+	1.66	0.000141	0.00166	GO:0051495	positive regulation of cytoskeleton organization	1.66	True
nucleic acid metabolic process (GO:0090304)	2005	599	361.35	+	1.66	1.49e-42	3.88e-40	GO:0090304	nucleic acid metabolic process	1.66	True
cognition (GO:0050890)	221	66	39.83	+	1.66	1.96e-05	0.000281	GO:0050890	cognition	1.66	True
response to endogenous stimulus (GO:0009719)	1103	329	198.79	+	1.66	7.13e-23	7.49e-21	GO:0009719	response to endogenous stimulus	1.66	True
negative regulation of establishment of protein localization (GO:1904950)	104	31	18.74	+	1.65	0.00304	0.0238	GO:1904950	negative regulation of establishment of protein localization	1.65	True
synaptic vesicle cycle (GO:0099504)	141	42	25.41	+	1.65	0.000589	0.00588	GO:0099504	synaptic vesicle cycle	1.65	True
vesicle organization (GO:0016050)	329	98	59.29	+	1.65	1.48e-07	3.13e-06	GO:0016050	vesicle organization	1.65	True
negative regulation of DNA metabolic process (GO:0051053)	131	39	23.61	+	1.65	0.000883	0.00833	GO:0051053	negative regulation of DNA metabolic process	1.65	True
intracellular signaling cassette (GO:0141124)	720	214	129.76	+	1.65	7.2e-15	3.77e-13	GO:0141124	intracellular signaling cassette	1.65	True
regulation of cell cycle (GO:0051726)	1003	298	180.76	+	1.65	1.78e-20	1.58e-18	GO:0051726	regulation of cell cycle	1.65	True
regulatory ncRNA-mediated gene silencing (GO:0031047)	101	30	18.2	+	1.65	0.00396	0.0296	GO:0031047	regulatory ncRNA-mediated gene silencing	1.65	True
regulation of peptide secretion (GO:0002791)	192	57	34.6	+	1.65	6.63e-05	0.00084	GO:0002791	regulation of peptide secretion	1.65	True
positive regulation of secretion by cell (GO:1903532)	280	83	50.46	+	1.64	2.07e-06	3.59e-05	GO:1903532	positive regulation of secretion by cell	1.64	True
epithelial tube morphogenesis (GO:0060562)	162	48	29.2	+	1.64	0.000289	0.00308	GO:0060562	epithelial tube morphogenesis	1.64	True
catabolic process (GO:0009056)	1961	581	353.42	+	1.64	5.209999999999999e-40	1.2800000000000001e-37	GO:0009056	catabolic process	1.64	True
protein polyubiquitination (GO:0000209)	257	76	46.32	+	1.64	5.7e-06	9.08e-05	GO:0000209	protein polyubiquitination	1.64	True
epigenetic regulation of gene expression (GO:0040029)	301	89	54.25	+	1.64	1.04e-06	1.9e-05	GO:0040029	epigenetic regulation of gene expression	1.64	True
cellular homeostasis (GO:0019725)	636	188	114.62	+	1.64	6.02e-13	2.64e-11	GO:0019725	cellular homeostasis	1.64	True
membrane fusion (GO:0061025)	132	39	23.79	+	1.64	0.0013	0.0113	GO:0061025	membrane fusion	1.64	True
negative regulation of small molecule metabolic process (GO:0062014)	105	31	18.92	+	1.64	0.00464	0.0335	GO:0062014	negative regulation of small molecule metabolic process	1.64	True
regulation of nervous system process (GO:0031644)	122	36	21.99	+	1.64	0.00192	0.016	GO:0031644	regulation of nervous system process	1.64	True
mesenchymal cell differentiation (GO:0048762)	139	41	25.05	+	1.64	0.000828	0.00784	GO:0048762	mesenchymal cell differentiation	1.64	True
carboxylic acid biosynthetic process (GO:0046394)	241	71	43.43	+	1.63	1.4e-05	0.000207	GO:0046394	carboxylic acid biosynthetic process	1.63	True
regulation of localization (GO:0032879)	1816	535	327.29	+	1.63	7.13e-36	1.38e-33	GO:0032879	regulation of localization	1.63	True
protein tetramerization (GO:0051262)	102	30	18.38	+	1.63	0.00431	0.0318	GO:0051262	protein tetramerization	1.63	True
positive regulation of lipid metabolic process (GO:0045834)	136	40	24.51	+	1.63	0.00107	0.00955	GO:0045834	positive regulation of lipid metabolic process	1.63	True
negative regulation of phosphorylation (GO:0042326)	119	35	21.45	+	1.63	0.00251	0.0202	GO:0042326	negative regulation of phosphorylation	1.63	True
negative regulation of phosphate metabolic process (GO:0045936)	126	37	22.71	+	1.63	0.0016	0.0137	GO:0045936	negative regulation of phosphate metabolic process	1.63	True
phosphorylation (GO:0016310)	334	98	60.19	+	1.63	3.89e-07	7.63e-06	GO:0016310	phosphorylation	1.63	True
regulation of cell size (GO:0008361)	133	39	23.97	+	1.63	0.00138	0.012	GO:0008361	regulation of cell size	1.63	True
hormone metabolic process (GO:0042445)	191	56	34.42	+	1.63	0.000133	0.00157	GO:0042445	hormone metabolic process	1.63	True
chromosome organization (GO:0051276)	389	114	70.11	+	1.63	3.69e-08	8.62e-07	GO:0051276	chromosome organization	1.63	True
positive regulation of secretion (GO:0051047)	297	87	53.53	+	1.63	1.92e-06	3.36e-05	GO:0051047	positive regulation of secretion	1.63	True
response to xenobiotic stimulus (GO:0009410)	345	101	62.18	+	1.62	2.81e-07	5.68e-06	GO:0009410	response to xenobiotic stimulus	1.62	True
apoptotic signaling pathway (GO:0097190)	246	72	44.33	+	1.62	1.72e-05	0.00025	GO:0097190	apoptotic signaling pathway	1.62	True
regulation of peptide hormone secretion (GO:0090276)	188	55	33.88	+	1.62	0.000173	0.00197	GO:0090276	regulation of peptide hormone secretion	1.62	True
regulation of cellular response to transforming growth factor beta stimulus (GO:1903844)	130	38	23.43	+	1.62	0.0018	0.0151	GO:1903844	regulation of cellular response to transforming growth factor beta stimulus	1.62	True
cellular response to endogenous stimulus (GO:0071495)	852	249	153.55	+	1.62	2.91e-16	1.76e-14	GO:0071495	cellular response to endogenous stimulus	1.62	True
cellular detoxification (GO:1990748)	113	33	20.37	+	1.62	0.00311	0.0243	GO:1990748	cellular detoxification	1.62	True
chloride transport (GO:0006821)	120	35	21.63	+	1.62	0.00267	0.0214	GO:0006821	chloride transport	1.62	True
positive regulation of leukocyte differentiation (GO:1902107)	168	49	30.28	+	1.62	0.000375	0.00394	GO:1902107	positive regulation of leukocyte differentiation	1.62	True
positive regulation of hemopoiesis (GO:1903708)	168	49	30.28	+	1.62	0.000375	0.00394	GO:1903708	positive regulation of hemopoiesis	1.62	True
nuclear division (GO:0000280)	295	86	53.17	+	1.62	2.63e-06	4.48e-05	GO:0000280	nuclear division	1.62	True
regulation of lipid transport (GO:0032368)	127	37	22.89	+	1.62	0.00235	0.019	GO:0032368	regulation of lipid transport	1.62	True
regulation of transforming growth factor beta receptor signaling pathway (GO:0017015)	127	37	22.89	+	1.62	0.00235	0.019	GO:0017015	regulation of transforming growth factor beta receptor signaling pathway	1.62	True
actomyosin structure organization (GO:0031032)	110	32	19.82	+	1.61	0.00401	0.0299	GO:0031032	actomyosin structure organization	1.61	True
response to organophosphorus (GO:0046683)	117	34	21.09	+	1.61	0.00347	0.0268	GO:0046683	response to organophosphorus	1.61	True
positive regulation of DNA metabolic process (GO:0051054)	265	77	47.76	+	1.61	1.16e-05	0.000174	GO:0051054	positive regulation of DNA metabolic process	1.61	True
calcium-mediated signaling (GO:0019722)	155	45	27.93	+	1.61	0.000719	0.00692	GO:0019722	calcium-mediated signaling	1.61	True
regulation of DNA metabolic process (GO:0051052)	479	139	86.33	+	1.61	2.7e-09	7.35e-08	GO:0051052	regulation of DNA metabolic process	1.61	True
positive regulation of vasculature development (GO:1904018)	162	47	29.2	+	1.61	0.000628	0.00624	GO:1904018	positive regulation of vasculature development	1.61	True
phospholipid metabolic process (GO:0006644)	325	94	58.57	+	1.60	1.28e-06	2.3e-05	GO:0006644	phospholipid metabolic process	1.6	True
regulation of protein polymerization (GO:0032271)	173	50	31.18	+	1.60	0.000451	0.0046	GO:0032271	regulation of protein polymerization	1.6	True
regulation of protein metabolic process (GO:0051246)	1414	408	254.84	+	1.60	4.25e-25	5.2199999999999995e-23	GO:0051246	regulation of protein metabolic process	1.6	True
protein phosphorylation (GO:0006468)	305	88	54.97	+	1.60	2.79e-06	4.72e-05	GO:0006468	protein phosphorylation	1.6	True
regulation of vesicle-mediated transport (GO:0060627)	534	154	96.24	+	1.60	5.27e-10	1.6e-08	GO:0060627	regulation of vesicle-mediated transport	1.6	True
regulation of transport (GO:0051049)	1468	423	264.57	+	1.60	6.56e-26	8.599999999999999e-24	GO:0051049	regulation of transport	1.6	True
positive regulation of neuron projection development (GO:0010976)	139	40	25.05	+	1.60	0.00178	0.015	GO:0010976	positive regulation of neuron projection development	1.6	True
phospholipid biosynthetic process (GO:0008654)	212	61	38.21	+	1.60	0.000103	0.00125	GO:0008654	phospholipid biosynthetic process	1.6	True
positive regulation of transport (GO:0051050)	803	231	144.72	+	1.60	2.81e-14	1.37e-12	GO:0051050	positive regulation of transport	1.6	True
regulation of cellular response to stress (GO:0080135)	501	144	90.29	+	1.59	2.91e-09	7.85e-08	GO:0080135	regulation of cellular response to stress	1.59	True
regulation of protein modification process (GO:0031399)	602	173	108.49	+	1.59	7.25e-11	2.42e-09	GO:0031399	regulation of protein modification process	1.59	True
primary metabolic process (GO:0044238)	6368	1828	1147.66	+	1.59	3.59e-148	1.65e-144	GO:0044238	primary metabolic process	1.59	True
response to acid chemical (GO:0001101)	115	33	20.73	+	1.59	0.0048	0.0345	GO:0001101	response to acid chemical	1.59	True
positive regulation of protein modification process (GO:0031401)	345	99	62.18	+	1.59	9.08e-07	1.68e-05	GO:0031401	positive regulation of protein modification process	1.59	True
regulation of protein secretion (GO:0050708)	237	68	42.71	+	1.59	5.56e-05	0.000717	GO:0050708	regulation of protein secretion	1.59	True
embryonic organ development (GO:0048568)	251	72	45.24	+	1.59	3.11e-05	0.000429	GO:0048568	embryonic organ development	1.59	True
cellular component disassembly (GO:0022411)	300	86	54.07	+	1.59	4.87e-06	7.84e-05	GO:0022411	cellular component disassembly	1.59	True
regulation of cell projection organization (GO:0031344)	594	170	107.05	+	1.59	1.2e-10	3.83e-09	GO:0031344	regulation of cell projection organization	1.59	True
positive regulation of endocytosis (GO:0045807)	154	44	27.75	+	1.59	0.00144	0.0124	GO:0045807	positive regulation of endocytosis	1.59	True
localization within membrane (GO:0051668)	532	152	95.88	+	1.59	1.46e-09	4.16e-08	GO:0051668	localization within membrane	1.59	True
regulation of postsynapse organization (GO:0099175)	140	40	25.23	+	1.59	0.00191	0.016	GO:0099175	regulation of postsynapse organization	1.59	True
regulation of plasma membrane bounded cell projection organization (GO:0120035)	575	164	103.63	+	1.58	3.67e-10	1.13e-08	GO:0120035	regulation of plasma membrane bounded cell projection organization	1.58	True
regulation of DNA repair (GO:0006282)	232	66	41.81	+	1.58	9.67e-05	0.00119	GO:0006282	regulation of DNA repair	1.58	True
response to toxic substance (GO:0009636)	232	66	41.81	+	1.58	9.67e-05	0.00118	GO:0009636	response to toxic substance	1.58	True
lipid biosynthetic process (GO:0008610)	521	148	93.9	+	1.58	4.12e-09	1.1e-07	GO:0008610	lipid biosynthetic process	1.58	True
positive regulation of protein metabolic process (GO:0051247)	751	213	135.35	+	1.57	1.54e-12	6.42e-11	GO:0051247	positive regulation of protein metabolic process	1.57	True
response to lipid (GO:0033993)	797	226	143.64	+	1.57	2.92e-13	1.33e-11	GO:0033993	response to lipid	1.57	True
regulation of mitochondrion organization (GO:0010821)	113	32	20.37	+	1.57	0.00661	0.0439	GO:0010821	regulation of mitochondrion organization	1.57	True
sensory perception of sound (GO:0007605)	113	32	20.37	+	1.57	0.00661	0.0439	GO:0007605	sensory perception of sound	1.57	True
negative regulation of intracellular signal transduction (GO:1902532)	710	201	127.96	+	1.57	6.95e-12	2.61e-10	GO:1902532	negative regulation of intracellular signal transduction	1.57	True
regulation of metal ion transport (GO:0010959)	311	88	56.05	+	1.57	7.07e-06	0.00011	GO:0010959	regulation of metal ion transport	1.57	True
negative regulation of catalytic activity (GO:0043086)	145	41	26.13	+	1.57	0.00224	0.0182	GO:0043086	negative regulation of catalytic activity	1.57	True
intracellular chemical homeostasis (GO:0055082)	545	154	98.22	+	1.57	3.18e-09	8.54e-08	GO:0055082	intracellular chemical homeostasis	1.57	True
regulation of canonical NF-kappaB signal transduction (GO:0043122)	315	89	56.77	+	1.57	7.87e-06	0.000121	GO:0043122	regulation of canonical NF-kappaB signal transduction	1.57	True
regulation of lipid biosynthetic process (GO:0046890)	177	50	31.9	+	1.57	0.000771	0.00737	GO:0046890	regulation of lipid biosynthetic process	1.57	True
response to monosaccharide (GO:0034284)	124	35	22.35	+	1.57	0.0047	0.0338	GO:0034284	response to monosaccharide	1.57	True
metabolic process (GO:0008152)	7080	1998	1275.98	+	1.57	5.8e-160	3.9900000000000003e-156	GO:0008152	metabolic process	1.57	True
response to hexose (GO:0009746)	117	33	21.09	+	1.57	0.00742	0.0487	GO:0009746	response to hexose	1.57	True
nitrogen compound transport (GO:0071705)	479	135	86.33	+	1.56	3.45e-08	8.12e-07	GO:0071705	nitrogen compound transport	1.56	True
lipid metabolic process (GO:0006629)	1044	294	188.15	+	1.56	1.61e-16	9.96e-15	GO:0006629	lipid metabolic process	1.56	True
regulation of vasculature development (GO:1901342)	288	81	51.9	+	1.56	2.64e-05	0.00037	GO:1901342	regulation of vasculature development	1.56	True
organelle fusion (GO:0048284)	128	36	23.07	+	1.56	0.00524	0.0371	GO:0048284	organelle fusion	1.56	True
negative regulation of molecular function (GO:0044092)	217	61	39.11	+	1.56	0.000245	0.00267	GO:0044092	negative regulation of molecular function	1.56	True
response to wounding (GO:0009611)	349	98	62.9	+	1.56	3.06e-06	5.13e-05	GO:0009611	response to wounding	1.56	True
regulation of anatomical structure size (GO:0090066)	406	114	73.17	+	1.56	5.88e-07	1.12e-05	GO:0090066	regulation of anatomical structure size	1.56	True
positive regulation of canonical NF-kappaB signal transduction (GO:0043123)	228	64	41.09	+	1.56	0.000175	0.00199	GO:0043123	positive regulation of canonical NF-kappaB signal transduction	1.56	True
positive regulation of DNA repair (GO:0045739)	139	39	25.05	+	1.56	0.0037	0.0279	GO:0045739	positive regulation of DNA repair	1.56	True
cellular response to chemical stimulus (GO:0070887)	1844	517	332.33	+	1.56	1.1599999999999999e-28	1.64e-26	GO:0070887	cellular response to chemical stimulus	1.56	True
negative regulation of cytoskeleton organization (GO:0051494)	132	37	23.79	+	1.56	0.00429	0.0317	GO:0051494	negative regulation of cytoskeleton organization	1.56	True
regulation of muscle system process (GO:0090257)	232	65	41.81	+	1.55	0.000197	0.0022	GO:0090257	regulation of muscle system process	1.55	True
regulation of membrane potential (GO:0042391)	407	114	73.35	+	1.55	6.09e-07	1.16e-05	GO:0042391	regulation of membrane potential	1.55	True
response to carbohydrate (GO:0009743)	143	40	25.77	+	1.55	0.00305	0.0239	GO:0009743	response to carbohydrate	1.55	True
organelle fission (GO:0048285)	319	89	57.49	+	1.55	1.28e-05	0.00019	GO:0048285	organelle fission	1.55	True
homeostatic process (GO:0042592)	1252	349	225.64	+	1.55	7.51e-19	5.5e-17	GO:0042592	homeostatic process	1.55	True
regulation of endothelial cell proliferation (GO:0001936)	122	34	21.99	+	1.55	0.00644	0.0435	GO:0001936	regulation of endothelial cell proliferation	1.55	True
positive regulation of angiogenesis (GO:0045766)	158	44	28.48	+	1.55	0.00239	0.0193	GO:0045766	positive regulation of angiogenesis	1.55	True
glycoprotein metabolic process (GO:0009100)	316	88	56.95	+	1.55	1.63e-05	0.000238	GO:0009100	glycoprotein metabolic process	1.55	True
apoptotic process (GO:0006915)	546	152	98.4	+	1.54	9.75e-09	2.48e-07	GO:0006915	apoptotic process	1.54	True
regulation of endocytosis (GO:0030100)	291	81	52.45	+	1.54	3.05e-05	0.000421	GO:0030100	regulation of endocytosis	1.54	True
positive regulation of T cell activation (GO:0050870)	223	62	40.19	+	1.54	0.000299	0.00319	GO:0050870	positive regulation of T cell activation	1.54	True
organic acid transport (GO:0015849)	288	80	51.9	+	1.54	3.85e-05	0.000518	GO:0015849	organic acid transport	1.54	True
carboxylic acid transport (GO:0046942)	288	80	51.9	+	1.54	3.85e-05	0.000517	GO:0046942	carboxylic acid transport	1.54	True
wound healing (GO:0042060)	270	75	48.66	+	1.54	8.33e-05	0.00103	GO:0042060	wound healing	1.54	True
intracellular monoatomic cation homeostasis (GO:0030003)	407	113	73.35	+	1.54	1.2e-06	2.18e-05	GO:0030003	intracellular monoatomic cation homeostasis	1.54	True
regulation of angiogenesis (GO:0045765)	281	78	50.64	+	1.54	5.93e-05	0.000758	GO:0045765	regulation of angiogenesis	1.54	True
localization (GO:0051179)	4111	1141	740.9	+	1.54	9.72e-68	5.57e-65	GO:0051179	localization	1.54	True
cytosolic transport (GO:0016482)	137	38	24.69	+	1.54	0.00499	0.0356	GO:0016482	cytosolic transport	1.54	True
myeloid cell differentiation (GO:0030099)	220	61	39.65	+	1.54	0.000381	0.00398	GO:0030099	myeloid cell differentiation	1.54	True
positive regulation of phosphatidylinositol 3-kinase/protein kinase B signal transduction (GO:0051897)	184	51	33.16	+	1.54	0.00101	0.00931	GO:0051897	positive regulation of phosphatidylinositol 3-kinase/protein kinase B signal transduction	1.54	True
response to transforming growth factor beta (GO:0071559)	130	36	23.43	+	1.54	0.00583	0.0408	GO:0071559	response to transforming growth factor beta	1.54	True
regulation of cellular component organization (GO:0051128)	2396	663	431.82	+	1.54	1.4300000000000002e-35	2.7e-33	GO:0051128	regulation of cellular component organization	1.54	True
cellular component organization or biogenesis (GO:0071840)	5509	1523	992.85	+	1.53	7.47e-98	1.28e-94	GO:0071840	cellular component organization or biogenesis	1.53	True
negative regulation of supramolecular fiber organization (GO:1902904)	134	37	24.15	+	1.53	0.0064	0.0434	GO:1902904	negative regulation of supramolecular fiber organization	1.53	True
regulation of mitotic cell cycle (GO:0007346)	460	127	82.9	+	1.53	2.97e-07	5.95e-06	GO:0007346	regulation of mitotic cell cycle	1.53	True
cellular response to stress (GO:0033554)	1504	415	271.06	+	1.53	1.88e-21	1.79e-19	GO:0033554	cellular response to stress	1.53	True
glycoprotein biosynthetic process (GO:0009101)	261	72	47.04	+	1.53	0.000126	0.0015	GO:0009101	glycoprotein biosynthetic process	1.53	True
positive regulation of epithelial cell proliferation (GO:0050679)	156	43	28.11	+	1.53	0.00321	0.0248	GO:0050679	positive regulation of epithelial cell proliferation	1.53	True
cellular response to lipid (GO:0071396)	519	143	93.54	+	1.53	6.11e-08	1.39e-06	GO:0071396	cellular response to lipid	1.53	True
regulation of hormone levels (GO:0010817)	498	137	89.75	+	1.53	1.25e-07	2.69e-06	GO:0010817	regulation of hormone levels	1.53	True
cellular component organization (GO:0016043)	5312	1459	957.35	+	1.52	1.12e-89	1.1e-86	GO:0016043	cellular component organization	1.52	True
regulation of neuron apoptotic process (GO:0043523)	193	53	34.78	+	1.52	0.00127	0.0111	GO:0043523	regulation of neuron apoptotic process	1.52	True
gland development (GO:0048732)	215	59	38.75	+	1.52	0.000643	0.00635	GO:0048732	gland development	1.52	True
protein localization to plasma membrane (GO:0072659)	175	48	31.54	+	1.52	0.00206	0.017	GO:0072659	protein localization to plasma membrane	1.52	True
positive regulation of intracellular signal transduction (GO:1902533)	1098	301	197.89	+	1.52	3.21e-15	1.74e-13	GO:1902533	positive regulation of intracellular signal transduction	1.52	True
inorganic anion transport (GO:0015698)	150	41	27.03	+	1.52	0.00523	0.0371	GO:0015698	inorganic anion transport	1.52	True
intracellular monoatomic ion homeostasis (GO:0006873)	415	113	74.79	+	1.51	2.95e-06	4.96e-05	GO:0006873	intracellular monoatomic ion homeostasis	1.51	True
intracellular signal transduction (GO:0035556)	1617	440	291.42	+	1.51	1.5500000000000001e-21	1.5e-19	GO:0035556	intracellular signal transduction	1.51	True
positive regulation of catalytic activity (GO:0043085)	283	77	51.0	+	1.51	0.000123	0.00146	GO:0043085	positive regulation of catalytic activity	1.51	True
transport (GO:0006810)	3333	906	600.68	+	1.51	6.67e-47	1.91e-44	GO:0006810	transport	1.51	True
negative regulation of cellular component organization (GO:0051129)	696	189	125.44	+	1.51	1.39e-09	4e-08	GO:0051129	negative regulation of cellular component organization	1.51	True
adenylate cyclase-activating G protein-coupled receptor signaling pathway (GO:0007189)	177	48	31.9	+	1.50	0.00301	0.0236	GO:0007189	adenylate cyclase-activating G protein-coupled receptor signaling pathway	1.5	True
endomembrane system organization (GO:0010256)	510	138	91.91	+	1.50	3.3e-07	6.55e-06	GO:0010256	endomembrane system organization	1.5	True
regulation of monoatomic ion transport (GO:0043269)	363	98	65.42	+	1.50	2.34e-05	0.000333	GO:0043269	regulation of monoatomic ion transport	1.5	True
negative regulation of cytokine production (GO:0001818)	278	75	50.1	+	1.50	0.000204	0.00227	GO:0001818	negative regulation of cytokine production	1.5	True
regulation of cold-induced thermogenesis (GO:0120161)	152	41	27.39	+	1.50	0.00571	0.04	GO:0120161	regulation of cold-induced thermogenesis	1.5	True
monocarboxylic acid biosynthetic process (GO:0072330)	156	42	28.11	+	1.49	0.00621	0.0421	GO:0072330	monocarboxylic acid biosynthetic process	1.49	True
establishment of localization (GO:0051234)	3540	953	637.99	+	1.49	9.199999999999999e-48	2.8099999999999996e-45	GO:0051234	establishment of localization	1.49	True
chemical homeostasis (GO:0048878)	836	225	150.67	+	1.49	9.73e-11	3.17e-09	GO:0048878	chemical homeostasis	1.49	True
regulation of secretion by cell (GO:1903530)	517	139	93.18	+	1.49	4.09e-07	8e-06	GO:1903530	regulation of secretion by cell	1.49	True
positive regulation of cell migration (GO:0030335)	525	141	94.62	+	1.49	3.66e-07	7.2e-06	GO:0030335	positive regulation of cell migration	1.49	True
cell death (GO:0008219)	596	160	107.41	+	1.49	7.19e-08	1.61e-06	GO:0008219	cell death	1.49	True
positive regulation of leukocyte cell-cell adhesion (GO:1903039)	246	66	44.33	+	1.49	0.000582	0.00583	GO:1903039	positive regulation of leukocyte cell-cell adhesion	1.49	True
positive regulation of cell adhesion (GO:0045785)	429	115	77.32	+	1.49	5.79e-06	9.21e-05	GO:0045785	positive regulation of cell adhesion	1.49	True
regulation of programmed cell death (GO:0043067)	1325	355	238.8	+	1.49	2.92e-16	1.76e-14	GO:0043067	regulation of programmed cell death	1.49	True
programmed cell death (GO:0012501)	590	158	106.33	+	1.49	8.69e-08	1.91e-06	GO:0012501	programmed cell death	1.49	True
import across plasma membrane (GO:0098739)	183	49	32.98	+	1.49	0.00354	0.0272	GO:0098739	import across plasma membrane	1.49	True
regulation of blood circulation (GO:1903522)	243	65	43.79	+	1.48	0.000731	0.00701	GO:1903522	regulation of blood circulation	1.48	True
macromolecule metabolic process (GO:0043170)	5037	1346	907.79	+	1.48	1.93e-71	1.15e-68	GO:0043170	macromolecule metabolic process	1.48	True
protein complex oligomerization (GO:0051259)	277	74	49.92	+	1.48	0.000281	0.00302	GO:0051259	protein complex oligomerization	1.48	True
positive regulation of cell-cell adhesion (GO:0022409)	292	78	52.63	+	1.48	0.000215	0.00239	GO:0022409	positive regulation of cell-cell adhesion	1.48	True
chordate embryonic development (GO:0043009)	225	60	40.55	+	1.48	0.00119	0.0105	GO:0043009	chordate embryonic development	1.48	True
positive regulation of lymphocyte activation (GO:0051251)	285	76	51.36	+	1.48	0.000252	0.00274	GO:0051251	positive regulation of lymphocyte activation	1.48	True
regulation of transmembrane transport (GO:0034762)	360	96	64.88	+	1.48	4.1e-05	0.000541	GO:0034762	regulation of transmembrane transport	1.48	True
vesicle-mediated transport (GO:0016192)	1206	321	217.35	+	1.48	2.7e-14	1.32e-12	GO:0016192	vesicle-mediated transport	1.48	True
glycerolipid biosynthetic process (GO:0045017)	188	50	33.88	+	1.48	0.00307	0.024	GO:0045017	glycerolipid biosynthetic process	1.48	True
chromatin remodeling (GO:0006338)	647	172	116.6	+	1.48	4.13e-08	9.57e-07	GO:0006338	chromatin remodeling	1.48	True
regulation of mitotic cell cycle phase transition (GO:1901990)	316	84	56.95	+	1.47	0.000155	0.00181	GO:1901990	regulation of mitotic cell cycle phase transition	1.47	True
regulation of hormone secretion (GO:0046883)	241	64	43.43	+	1.47	0.000952	0.00891	GO:0046883	regulation of hormone secretion	1.47	True
heart morphogenesis (GO:0003007)	177	47	31.9	+	1.47	0.0043	0.0318	GO:0003007	heart morphogenesis	1.47	True
regulation of lipid metabolic process (GO:0019216)	309	82	55.69	+	1.47	0.00018	0.00204	GO:0019216	regulation of lipid metabolic process	1.47	True
circulatory system process (GO:0003013)	456	121	82.18	+	1.47	6.09e-06	9.62e-05	GO:0003013	circulatory system process	1.47	True
regulation of biological quality (GO:0065008)	2707	718	487.87	+	1.47	2.97e-32	4.8e-30	GO:0065008	regulation of biological quality	1.47	True
negative regulation of programmed cell death (GO:0043069)	788	209	142.02	+	1.47	1.61e-09	4.55e-08	GO:0043069	negative regulation of programmed cell death	1.47	True
regulation of phosphatidylinositol 3-kinase/protein kinase B signal transduction (GO:0051896)	249	66	44.88	+	1.47	0.000852	0.00806	GO:0051896	regulation of phosphatidylinositol 3-kinase/protein kinase B signal transduction	1.47	True
protein modification by small protein conjugation (GO:0032446)	664	176	119.67	+	1.47	3.44e-08	8.11e-07	GO:0032446	protein modification by small protein conjugation	1.47	True
regulation of transferase activity (GO:0051338)	283	75	51.0	+	1.47	0.000424	0.00439	GO:0051338	regulation of transferase activity	1.47	True
positive regulation of locomotion (GO:0040017)	563	149	101.47	+	1.47	4.9e-07	9.47e-06	GO:0040017	positive regulation of locomotion	1.47	True
regulation of apoptotic process (GO:0042981)	1270	336	228.88	+	1.47	1.44e-14	7.22e-13	GO:0042981	regulation of apoptotic process	1.47	True
regulation of response to biotic stimulus (GO:0002831)	571	151	102.91	+	1.47	4.38e-07	8.54e-06	GO:0002831	regulation of response to biotic stimulus	1.47	True
regulation of exocytosis (GO:0017157)	174	46	31.36	+	1.47	0.00538	0.038	GO:0017157	regulation of exocytosis	1.47	True
regulation of supramolecular fiber organization (GO:1902903)	348	92	62.72	+	1.47	0.0001	0.00122	GO:1902903	regulation of supramolecular fiber organization	1.47	True
negative regulation of immune response (GO:0050777)	193	51	34.78	+	1.47	0.00342	0.0264	GO:0050777	negative regulation of immune response	1.47	True
positive regulation of cell development (GO:0010720)	356	94	64.16	+	1.47	6.95e-05	0.000872	GO:0010720	positive regulation of cell development	1.47	True
positive regulation of gene expression (GO:0010628)	1091	288	196.62	+	1.46	1.91e-12	7.79e-11	GO:0010628	positive regulation of gene expression	1.46	True
negative regulation of signal transduction (GO:0009968)	1277	337	230.15	+	1.46	1.72e-14	8.62e-13	GO:0009968	negative regulation of signal transduction	1.46	True
regulation of body fluid levels (GO:0050878)	296	78	53.35	+	1.46	0.000325	0.00346	GO:0050878	regulation of body fluid levels	1.46	True
mesenchyme development (GO:0060485)	186	49	33.52	+	1.46	0.00519	0.037	GO:0060485	mesenchyme development	1.46	True
protein maturation (GO:0051604)	551	145	99.3	+	1.46	9.19e-07	1.7e-05	GO:0051604	protein maturation	1.46	True
regulation of intracellular signal transduction (GO:1902531)	1943	511	350.17	+	1.46	1.4200000000000002e-21	1.39e-19	GO:1902531	regulation of intracellular signal transduction	1.46	True
regulation of secretion (GO:0051046)	563	148	101.47	+	1.46	8.73e-07	1.62e-05	GO:0051046	regulation of secretion	1.46	True
negative regulation of apoptotic process (GO:0043066)	750	197	135.17	+	1.46	1.25e-08	3.15e-07	GO:0043066	negative regulation of apoptotic process	1.46	True
monoatomic cation homeostasis (GO:0055080)	457	120	82.36	+	1.46	1.12e-05	0.000168	GO:0055080	monoatomic cation homeostasis	1.46	True
neurogenesis (GO:0022008)	1056	277	190.32	+	1.46	1.23e-11	4.52e-10	GO:0022008	neurogenesis	1.46	True
protein ubiquitination (GO:0016567)	591	155	106.51	+	1.46	5.16e-07	9.96e-06	GO:0016567	protein ubiquitination	1.46	True
neuron development (GO:0048666)	672	176	121.11	+	1.45	9.61e-08	2.09e-06	GO:0048666	neuron development	1.45	True
neuron projection development (GO:0031175)	550	144	99.12	+	1.45	1.56e-06	2.76e-05	GO:0031175	neuron projection development	1.45	True
negative regulation of cell communication (GO:0010648)	1360	356	245.1	+	1.45	9.97e-15	5.16e-13	GO:0010648	negative regulation of cell communication	1.45	True
supramolecular fiber organization (GO:0097435)	532	139	95.88	+	1.45	2.51e-06	4.28e-05	GO:0097435	supramolecular fiber organization	1.45	True
embryo development ending in birth or egg hatching (GO:0009792)	245	64	44.15	+	1.45	0.00143	0.0124	GO:0009792	embryo development ending in birth or egg hatching	1.45	True
negative regulation of signaling (GO:0023057)	1360	355	245.1	+	1.45	1.76e-14	8.77e-13	GO:0023057	negative regulation of signaling	1.45	True
regulation of innate immune response (GO:0045088)	483	126	87.05	+	1.45	8.45e-06	0.000129	GO:0045088	regulation of innate immune response	1.45	True
cellular response to biotic stimulus (GO:0071216)	207	54	37.31	+	1.45	0.00353	0.0272	GO:0071216	cellular response to biotic stimulus	1.45	True
regulation of synapse structure or activity (GO:0050803)	307	80	55.33	+	1.45	0.000414	0.0043	GO:0050803	regulation of synapse structure or activity	1.45	True
positive regulation of cell motility (GO:2000147)	549	143	98.94	+	1.45	2.07e-06	3.6e-05	GO:2000147	positive regulation of cell motility	1.45	True
monoatomic ion homeostasis (GO:0050801)	469	122	84.52	+	1.44	1.45e-05	0.000214	GO:0050801	monoatomic ion homeostasis	1.44	True
regulation of system process (GO:0044057)	523	136	94.26	+	1.44	4.76e-06	7.69e-05	GO:0044057	regulation of system process	1.44	True
regulation of cell cycle phase transition (GO:1901987)	427	111	76.96	+	1.44	3.31e-05	0.000457	GO:1901987	regulation of cell cycle phase transition	1.44	True
regulation of synapse organization (GO:0050807)	301	78	54.25	+	1.44	0.000636	0.0063	GO:0050807	regulation of synapse organization	1.44	True
nervous system development (GO:0007399)	1757	455	316.65	+	1.44	7.55e-18	5.12e-16	GO:0007399	nervous system development	1.44	True
synaptic signaling (GO:0099536)	425	110	76.59	+	1.44	5.41e-05	0.000698	GO:0099536	synaptic signaling	1.44	True
actin filament organization (GO:0007015)	256	66	46.14	+	1.43	0.00181	0.0151	GO:0007015	actin filament organization	1.43	True
embryonic morphogenesis (GO:0048598)	322	83	58.03	+	1.43	0.000558	0.00563	GO:0048598	embryonic morphogenesis	1.43	True
regulation of heart contraction (GO:0008016)	194	50	34.96	+	1.43	0.00639	0.0433	GO:0008016	regulation of heart contraction	1.43	True
generation of neurons (GO:0048699)	913	235	164.54	+	1.43	3.05e-09	8.22e-08	GO:0048699	generation of neurons	1.43	True
positive regulation of leukocyte activation (GO:0002696)	319	82	57.49	+	1.43	0.000539	0.00545	GO:0002696	positive regulation of leukocyte activation	1.43	True
positive regulation of transcription by RNA polymerase II (GO:0045944)	1161	298	209.24	+	1.42	2.51e-11	8.95e-10	GO:0045944	positive regulation of transcription by RNA polymerase II	1.42	True
positive regulation of innate immune response (GO:0045089)	308	79	55.51	+	1.42	0.000746	0.00715	GO:0045089	positive regulation of innate immune response	1.42	True
negative regulation of response to stimulus (GO:0048585)	1600	410	288.36	+	1.42	2.96e-15	1.62e-13	GO:0048585	negative regulation of response to stimulus	1.42	True
positive regulation of signaling (GO:0023056)	1702	436	306.74	+	1.42	3.17e-16	1.89e-14	GO:0023056	positive regulation of signaling	1.42	True
protein metabolic process (GO:0019538)	3179	814	572.93	+	1.42	2.3000000000000003e-31	3.65e-29	GO:0019538	protein metabolic process	1.42	True
positive regulation of molecular function (GO:0044093)	364	93	65.6	+	1.42	0.000326	0.00346	GO:0044093	positive regulation of molecular function	1.42	True
regionalization (GO:0003002)	235	60	42.35	+	1.42	0.00363	0.0277	GO:0003002	regionalization	1.42	True
positive regulation of cell activation (GO:0050867)	337	86	60.74	+	1.42	0.000571	0.00575	GO:0050867	positive regulation of cell activation	1.42	True
positive regulation of RNA metabolic process (GO:0051254)	1736	443	312.87	+	1.42	4.33e-16	2.56e-14	GO:0051254	positive regulation of RNA metabolic process	1.42	True
embryo development (GO:0009790)	537	137	96.78	+	1.42	1.11e-05	0.000167	GO:0009790	embryo development	1.42	True
regulation of monoatomic ion transmembrane transport (GO:0034765)	255	65	45.96	+	1.41	0.00303	0.0237	GO:0034765	regulation of monoatomic ion transmembrane transport	1.41	True
response to lipopolysaccharide (GO:0032496)	267	68	48.12	+	1.41	0.00224	0.0181	GO:0032496	response to lipopolysaccharide	1.41	True
morphogenesis of an epithelium (GO:0002009)	275	70	49.56	+	1.41	0.00199	0.0165	GO:0002009	morphogenesis of an epithelium	1.41	True
regulation of catalytic activity (GO:0050790)	507	129	91.37	+	1.41	2.37e-05	0.000336	GO:0050790	regulation of catalytic activity	1.41	True
neuron differentiation (GO:0030182)	857	218	154.45	+	1.41	3.46e-08	8.13e-07	GO:0030182	neuron differentiation	1.41	True
positive regulation of cell communication (GO:0010647)	1699	432	306.2	+	1.41	1.97e-15	1.09e-13	GO:0010647	positive regulation of cell communication	1.41	True
positive regulation of DNA-templated transcription (GO:0045893)	1609	409	289.98	+	1.41	1.34e-14	6.79e-13	GO:0045893	positive regulation of DNA-templated transcription	1.41	True
positive regulation of RNA biosynthetic process (GO:1902680)	1612	409	290.52	+	1.41	1.85e-14	9.17e-13	GO:1902680	positive regulation of RNA biosynthetic process	1.41	True
regulation of cellular component size (GO:0032535)	284	72	51.18	+	1.41	0.00182	0.0152	GO:0032535	regulation of cellular component size	1.41	True
blood circulation (GO:0008015)	364	92	65.6	+	1.40	0.000551	0.00556	GO:0008015	blood circulation	1.4	True
positive regulation of metabolic process (GO:0009893)	3288	831	592.57	+	1.40	4.88e-30	7.38e-28	GO:0009893	positive regulation of metabolic process	1.4	True
positive regulation of signal transduction (GO:0009967)	1527	385	275.2	+	1.40	2.99e-13	1.35e-11	GO:0009967	positive regulation of signal transduction	1.4	True
regulation of signaling (GO:0023051)	3365	848	606.45	+	1.40	3e-30	4.59e-28	GO:0023051	regulation of signaling	1.4	True
cell junction assembly (GO:0034329)	266	67	47.94	+	1.40	0.0037	0.0279	GO:0034329	cell junction assembly	1.4	True
response to molecule of bacterial origin (GO:0002237)	282	71	50.82	+	1.40	0.00231	0.0187	GO:0002237	response to molecule of bacterial origin	1.4	True
animal organ development (GO:0048513)	2013	506	362.79	+	1.39	4.51e-17	2.91e-15	GO:0048513	animal organ development	1.39	True
regulation of cell communication (GO:0010646)	3374	847	608.07	+	1.39	1.43e-29	2.11e-27	GO:0010646	regulation of cell communication	1.39	True
negative regulation of defense response (GO:0031348)	263	66	47.4	+	1.39	0.00361	0.0275	GO:0031348	negative regulation of defense response	1.39	True
regulation of signal transduction (GO:0009966)	2941	737	530.04	+	1.39	5.12e-25	6.18e-23	GO:0009966	regulation of signal transduction	1.39	True
protein modification by small protein conjugation or removal (GO:0070647)	775	194	139.67	+	1.39	6.65e-07	1.26e-05	GO:0070647	protein modification by small protein conjugation or removal	1.39	True
negative regulation of macromolecule metabolic process (GO:0010605)	2479	620	446.77	+	1.39	1.58e-20	1.41e-18	GO:0010605	negative regulation of macromolecule metabolic process	1.39	True
regulation of kinase activity (GO:0043549)	244	61	43.97	+	1.39	0.00563	0.0397	GO:0043549	regulation of kinase activity	1.39	True
positive regulation of response to biotic stimulus (GO:0002833)	336	84	60.56	+	1.39	0.00124	0.0108	GO:0002833	positive regulation of response to biotic stimulus	1.39	True
negative regulation of metabolic process (GO:0009892)	2671	666	481.38	+	1.38	6.93e-22	7.01e-20	GO:0009892	negative regulation of metabolic process	1.38	True
regulation of molecular function (GO:0065009)	682	170	122.91	+	1.38	4.74e-06	7.67e-05	GO:0065009	regulation of molecular function	1.38	True
axon development (GO:0061564)	325	81	58.57	+	1.38	0.0017	0.0145	GO:0061564	axon development	1.38	True
sulfur compound metabolic process (GO:0006790)	253	63	45.6	+	1.38	0.0064	0.0434	GO:0006790	sulfur compound metabolic process	1.38	True
inorganic ion homeostasis (GO:0098771)	398	99	71.73	+	1.38	0.000588	0.00588	GO:0098771	inorganic ion homeostasis	1.38	True
positive regulation of biosynthetic process (GO:0009891)	2560	636	461.37	+	1.38	2.44e-20	2.13e-18	GO:0009891	positive regulation of biosynthetic process	1.38	True
positive regulation of developmental process (GO:0051094)	1136	282	204.73	+	1.38	3.69e-09	9.86e-08	GO:0051094	positive regulation of developmental process	1.38	True
lipid catabolic process (GO:0016042)	266	66	47.94	+	1.38	0.00489	0.035	GO:0016042	lipid catabolic process	1.38	True
cell morphogenesis involved in neuron differentiation (GO:0048667)	327	81	58.93	+	1.37	0.00223	0.0181	GO:0048667	cell morphogenesis involved in neuron differentiation	1.37	True
positive regulation of macromolecule metabolic process (GO:0010604)	3014	745	543.19	+	1.37	1.68e-23	1.79e-21	GO:0010604	positive regulation of macromolecule metabolic process	1.37	True
regulation of phosphorylation (GO:0042325)	413	102	74.43	+	1.37	0.000589	0.00588	GO:0042325	regulation of phosphorylation	1.37	True
protein modification process (GO:0036211)	1430	353	257.72	+	1.37	5.86e-11	1.98e-09	GO:0036211	protein modification process	1.37	True
tube morphogenesis (GO:0035239)	397	98	71.55	+	1.37	0.000751	0.00719	GO:0035239	tube morphogenesis	1.37	True
positive regulation of cell differentiation (GO:0045597)	738	182	133.0	+	1.37	4.25e-06	6.94e-05	GO:0045597	positive regulation of cell differentiation	1.37	True
post-translational protein modification (GO:0043687)	824	203	148.5	+	1.37	1.38e-06	2.48e-05	GO:0043687	post-translational protein modification	1.37	True
small GTPase-mediated signal transduction (GO:0007264)	260	64	46.86	+	1.37	0.00722	0.0475	GO:0007264	small GTPase-mediated signal transduction	1.37	True
regulation of anatomical structure morphogenesis (GO:0022603)	703	173	126.7	+	1.37	8.36e-06	0.000128	GO:0022603	regulation of anatomical structure morphogenesis	1.37	True
negative regulation of biosynthetic process (GO:0009890)	2183	537	393.43	+	1.36	3.47e-16	2.06e-14	GO:0009890	negative regulation of biosynthetic process	1.36	True
positive regulation of macromolecule biosynthetic process (GO:0010557)	2442	600	440.11	+	1.36	5.63e-18	3.86e-16	GO:0010557	positive regulation of macromolecule biosynthetic process	1.36	True
hemopoiesis (GO:0030097)	485	119	87.41	+	1.36	0.000258	0.00281	GO:0030097	hemopoiesis	1.36	True
system development (GO:0048731)	2727	669	491.47	+	1.36	4.37e-20	3.75e-18	GO:0048731	system development	1.36	True
tube development (GO:0035295)	522	128	94.08	+	1.36	0.000169	0.00193	GO:0035295	tube development	1.36	True
chromatin organization (GO:0006325)	783	192	141.12	+	1.36	3.21e-06	5.36e-05	GO:0006325	chromatin organization	1.36	True
negative regulation of macromolecule biosynthetic process (GO:0010558)	2110	517	380.27	+	1.36	3.06e-15	1.67e-13	GO:0010558	negative regulation of macromolecule biosynthetic process	1.36	True
cell projection morphogenesis (GO:0048858)	388	95	69.93	+	1.36	0.00132	0.0115	GO:0048858	cell projection morphogenesis	1.36	True
plasma membrane bounded cell projection morphogenesis (GO:0120039)	384	94	69.21	+	1.36	0.00127	0.0111	GO:0120039	plasma membrane bounded cell projection morphogenesis	1.36	True
axonogenesis (GO:0007409)	278	68	50.1	+	1.36	0.00735	0.0482	GO:0007409	axonogenesis	1.36	True
cell motility (GO:0048870)	995	243	179.32	+	1.36	2.29e-07	4.66e-06	GO:0048870	cell motility	1.36	True
heart development (GO:0007507)	385	94	69.39	+	1.35	0.0016	0.0137	GO:0007507	heart development	1.35	True
neuron projection morphogenesis (GO:0048812)	381	93	68.67	+	1.35	0.00153	0.0132	GO:0048812	neuron projection morphogenesis	1.35	True
cell junction organization (GO:0034330)	504	123	90.83	+	1.35	0.000266	0.00289	GO:0034330	cell junction organization	1.35	True
positive regulation of response to external stimulus (GO:0032103)	562	137	101.29	+	1.35	0.00012	0.00143	GO:0032103	positive regulation of response to external stimulus	1.35	True
synapse organization (GO:0050808)	341	83	61.46	+	1.35	0.00347	0.0268	GO:0050808	synapse organization	1.35	True
multicellular organism development (GO:0007275)	2972	720	535.62	+	1.34	3.17e-20	2.74e-18	GO:0007275	multicellular organism development	1.34	True
cell development (GO:0048468)	1677	406	302.23	+	1.34	2.98e-11	1.04e-09	GO:0048468	cell development	1.34	True
response to virus (GO:0009615)	331	80	59.65	+	1.34	0.00481	0.0345	GO:0009615	response to virus	1.34	True
positive regulation of defense response (GO:0031349)	447	108	80.56	+	1.34	0.000953	0.00891	GO:0031349	positive regulation of defense response	1.34	True
regulation of neuron projection development (GO:0010975)	373	90	67.22	+	1.34	0.00272	0.0218	GO:0010975	regulation of neuron projection development	1.34	True
animal organ morphogenesis (GO:0009887)	581	140	104.71	+	1.34	0.00019	0.00212	GO:0009887	animal organ morphogenesis	1.34	True
regulation of cell growth (GO:0001558)	357	86	64.34	+	1.34	0.00348	0.0268	GO:0001558	regulation of cell growth	1.34	True
response to peptide (GO:1901652)	715	172	128.86	+	1.33	3.77e-05	0.000511	GO:1901652	response to peptide	1.33	True
monoatomic ion transport (GO:0006811)	918	220	165.45	+	1.33	3.75e-06	6.18e-05	GO:0006811	monoatomic ion transport	1.33	True
trans-synaptic signaling (GO:0099537)	384	92	69.21	+	1.33	0.00312	0.0244	GO:0099537	trans-synaptic signaling	1.33	True
chemical synaptic transmission (GO:0007268)	355	85	63.98	+	1.33	0.0052	0.037	GO:0007268	chemical synaptic transmission	1.33	True
anterograde trans-synaptic signaling (GO:0098916)	355	85	63.98	+	1.33	0.0052	0.0369	GO:0098916	anterograde trans-synaptic signaling	1.33	True
positive regulation of multicellular organismal process (GO:0051240)	1538	368	277.18	+	1.33	1.44e-09	4.12e-08	GO:0051240	positive regulation of multicellular organismal process	1.33	True
actin cytoskeleton organization (GO:0030036)	502	120	90.47	+	1.33	0.000785	0.00748	GO:0030036	actin cytoskeleton organization	1.33	True
negative regulation of nucleobase-containing compound metabolic process (GO:0045934)	1565	374	282.05	+	1.33	1.26e-09	3.64e-08	GO:0045934	negative regulation of nucleobase-containing compound metabolic process	1.33	True
regulation of response to stress (GO:0080134)	1383	329	249.25	+	1.32	2.26e-08	5.46e-07	GO:0080134	regulation of response to stress	1.32	True
monoatomic ion transmembrane transport (GO:0034220)	835	198	150.49	+	1.32	2.28e-05	0.000325	GO:0034220	monoatomic ion transmembrane transport	1.32	True
macromolecule modification (GO:0043412)	1629	386	293.58	+	1.31	2.04e-09	5.7e-08	GO:0043412	macromolecule modification	1.31	True
response to growth factor (GO:0070848)	439	104	79.12	+	1.31	0.00253	0.0203	GO:0070848	response to growth factor	1.31	True
secretion (GO:0046903)	414	98	74.61	+	1.31	0.00357	0.0274	GO:0046903	secretion	1.31	True
response to cytokine (GO:0034097)	702	166	126.52	+	1.31	0.000141	0.00165	GO:0034097	response to cytokine	1.31	True
positive regulation of cellular process (GO:0048522)	5510	1301	993.03	+	1.31	5.090000000000001e-35	9.21e-33	GO:0048522	positive regulation of cellular process	1.31	True
monoatomic cation transmembrane transport (GO:0098655)	687	162	123.81	+	1.31	0.000183	0.00207	GO:0098655	monoatomic cation transmembrane transport	1.31	True
epithelium development (GO:0060429)	713	168	128.5	+	1.31	0.000158	0.00183	GO:0060429	epithelium development	1.31	True
negative regulation of cell population proliferation (GO:0008285)	569	134	102.55	+	1.31	0.000727	0.00699	GO:0008285	negative regulation of cell population proliferation	1.31	True
regulation of locomotion (GO:0040012)	981	231	176.8	+	1.31	7.57e-06	0.000117	GO:0040012	regulation of locomotion	1.31	True
negative regulation of cellular process (GO:0048523)	4787	1126	862.73	+	1.31	2.99e-28	4.2e-26	GO:0048523	negative regulation of cellular process	1.31	True
regulation of protein phosphorylation (GO:0001932)	370	87	66.68	+	1.30	0.00762	0.0498	GO:0001932	regulation of protein phosphorylation	1.3	True
regulation of response to external stimulus (GO:0032101)	1053	247	189.78	+	1.30	4.75e-06	7.68e-05	GO:0032101	regulation of response to external stimulus	1.3	True
circulatory system development (GO:0072359)	614	144	110.66	+	1.30	0.000627	0.00623	GO:0072359	circulatory system development	1.3	True
regulation of defense response (GO:0031347)	828	194	149.23	+	1.30	6.94e-05	0.000872	GO:0031347	regulation of defense response	1.3	True
regulation of cell development (GO:0060284)	683	160	123.09	+	1.30	0.000315	0.00335	GO:0060284	regulation of cell development	1.3	True
regulation of cell migration (GO:0030334)	889	208	160.22	+	1.30	3.9e-05	0.000523	GO:0030334	regulation of cell migration	1.3	True
negative regulation of RNA metabolic process (GO:0051253)	1445	338	260.42	+	1.30	9.54e-08	2.08e-06	GO:0051253	negative regulation of RNA metabolic process	1.3	True
negative regulation of biological process (GO:0048519)	5043	1179	908.87	+	1.30	7.960000000000001e-29	1.15e-26	GO:0048519	negative regulation of biological process	1.3	True
response to chemical (GO:0042221)	3362	786	605.91	+	1.30	9.3e-18	6.27e-16	GO:0042221	response to chemical	1.3	True
cell morphogenesis (GO:0000902)	502	117	90.47	+	1.29	0.00266	0.0213	GO:0000902	cell morphogenesis	1.29	True
cell migration (GO:0016477)	753	175	135.71	+	1.29	0.000235	0.00257	GO:0016477	cell migration	1.29	True
tissue development (GO:0009888)	1219	283	219.69	+	1.29	2.64e-06	4.49e-05	GO:0009888	tissue development	1.29	True
positive regulation of biological process (GO:0048518)	5884	1366	1060.44	+	1.29	2.34e-33	3.9200000000000003e-31	GO:0048518	positive regulation of biological process	1.29	True
regulation of cytokine production (GO:0001817)	763	177	137.51	+	1.29	0.000257	0.0028	GO:0001817	regulation of cytokine production	1.29	True
response to stress (GO:0006950)	3035	704	546.98	+	1.29	5.41e-15	2.89e-13	GO:0006950	response to stress	1.29	True
positive regulation of response to stimulus (GO:0048584)	2189	507	394.51	+	1.29	1.31e-10	4.17e-09	GO:0048584	positive regulation of response to stimulus	1.29	True
regulation of cell population proliferation (GO:0042127)	1378	319	248.35	+	1.28	6.38e-07	1.21e-05	GO:0042127	regulation of cell population proliferation	1.28	True
monoatomic cation transport (GO:0006812)	782	181	140.93	+	1.28	0.000213	0.00236	GO:0006812	monoatomic cation transport	1.28	True
regulation of multicellular organismal development (GO:2000026)	1228	284	221.31	+	1.28	3.45e-06	5.72e-05	GO:2000026	regulation of multicellular organismal development	1.28	True
regulation of growth (GO:0040008)	467	108	84.16	+	1.28	0.005	0.0357	GO:0040008	regulation of growth	1.28	True
cellular developmental process (GO:0048869)	2668	617	480.84	+	1.28	9.16e-13	3.94e-11	GO:0048869	cellular developmental process	1.28	True
regulation of response to stimulus (GO:0048583)	3884	898	699.99	+	1.28	3.77e-19	2.92e-17	GO:0048583	regulation of response to stimulus	1.28	True
actin filament-based process (GO:0030029)	580	134	104.53	+	1.28	0.00175	0.0148	GO:0030029	actin filament-based process	1.28	True
cell differentiation (GO:0030154)	2663	614	479.94	+	1.28	1.93e-12	7.82e-11	GO:0030154	cell differentiation	1.28	True
regulation of cell motility (GO:2000145)	945	217	170.31	+	1.27	9.34e-05	0.00115	GO:2000145	regulation of cell motility	1.27	True
negative regulation of multicellular organismal process (GO:0051241)	993	228	178.96	+	1.27	5.64e-05	0.000725	GO:0051241	negative regulation of multicellular organismal process	1.27	True
positive regulation of cytokine production (GO:0001819)	489	112	88.13	+	1.27	0.00606	0.0412	GO:0001819	positive regulation of cytokine production	1.27	True
cell activation (GO:0001775)	617	141	111.2	+	1.27	0.00201	0.0167	GO:0001775	cell activation	1.27	True
DNA damage response (GO:0006974)	733	167	132.1	+	1.26	0.000866	0.00819	GO:0006974	DNA damage response	1.26	True
regulation of MAPK cascade (GO:0043408)	598	136	107.77	+	1.26	0.00295	0.0232	GO:0043408	regulation of MAPK cascade	1.26	True
regulation of primary metabolic process (GO:0080090)	4988	1130	898.95	+	1.26	9.3e-22	9.27e-20	GO:0080090	regulation of primary metabolic process	1.26	True
positive regulation of cell population proliferation (GO:0008284)	788	178	142.02	+	1.25	0.000925	0.00868	GO:0008284	positive regulation of cell population proliferation	1.25	True
enzyme-linked receptor protein signaling pathway (GO:0007167)	554	125	99.84	+	1.25	0.00598	0.0406	GO:0007167	enzyme-linked receptor protein signaling pathway	1.25	True
regulation of cell adhesion (GO:0030155)	716	161	129.04	+	1.25	0.00212	0.0174	GO:0030155	regulation of cell adhesion	1.25	True
cellular process (GO:0009987)	14937	3357	2692.0	+	1.25	1.47e-189	2.0300000000000003e-185	GO:0009987	cellular process	1.25	True
regulation of metabolic process (GO:0019222)	5975	1340	1076.84	+	1.24	5.14e-25	6.149999999999999e-23	GO:0019222	regulation of metabolic process	1.24	True
response to external stimulus (GO:0009605)	1592	357	286.92	+	1.24	3.77e-06	6.2e-05	GO:0009605	response to external stimulus	1.24	True
regulation of developmental process (GO:0050793)	2087	467	376.13	+	1.24	1.01e-07	2.2e-06	GO:0050793	regulation of developmental process	1.24	True
transmembrane transport (GO:0055085)	1261	282	227.26	+	1.24	5.97e-05	0.000762	GO:0055085	transmembrane transport	1.24	True
reproductive process (GO:0022414)	1163	260	209.6	+	1.24	0.000116	0.00139	GO:0022414	reproductive process	1.24	True
anatomical structure development (GO:0048856)	4131	914	744.5	+	1.23	5.21e-14	2.48e-12	GO:0048856	anatomical structure development	1.23	True
developmental process (GO:0032502)	4562	1009	822.18	+	1.23	1.22e-15	6.94e-14	GO:0032502	developmental process	1.23	True
positive regulation of immune system process (GO:0002684)	955	211	172.11	+	1.23	0.00104	0.00945	GO:0002684	positive regulation of immune system process	1.23	True
regulation of macromolecule metabolic process (GO:0060255)	5492	1211	989.79	+	1.22	4.99e-19	3.75e-17	GO:0060255	regulation of macromolecule metabolic process	1.22	True
regulation of cell differentiation (GO:0045595)	1338	295	241.14	+	1.22	0.00011	0.00133	GO:0045595	regulation of cell differentiation	1.22	True
biological process involved in interspecies interaction between organisms (GO:0044419)	1284	283	231.41	+	1.22	0.000151	0.00176	GO:0044419	biological process involved in interspecies interaction between organisms	1.22	True
regulation of nucleobase-containing compound metabolic process (GO:0019219)	3808	830	686.29	+	1.21	5.02e-11	1.71e-09	GO:0019219	regulation of nucleobase-containing compound metabolic process	1.21	True
negative regulation of DNA-templated transcription (GO:0045892)	1314	286	236.81	+	1.21	0.000365	0.00384	GO:0045892	negative regulation of DNA-templated transcription	1.21	True
regulation of multicellular organismal process (GO:0051239)	2693	586	485.34	+	1.21	1.14e-07	2.47e-06	GO:0051239	regulation of multicellular organismal process	1.21	True
negative regulation of RNA biosynthetic process (GO:1902679)	1323	287	238.44	+	1.20	0.000439	0.00453	GO:1902679	negative regulation of RNA biosynthetic process	1.2	True
regulation of biosynthetic process (GO:0009889)	4966	1077	894.99	+	1.20	3.56e-14	1.71e-12	GO:0009889	regulation of biosynthetic process	1.2	True
regulation of macromolecule biosynthetic process (GO:0010556)	4782	1025	861.83	+	1.19	5.23e-12	2.03e-10	GO:0010556	regulation of macromolecule biosynthetic process	1.19	True
regulation of gene expression (GO:0010468)	4666	999	840.92	+	1.19	1.57e-11	5.71e-10	GO:0010468	regulation of gene expression	1.19	True
multicellular organismal process (GO:0032501)	5240	1119	944.37	+	1.18	7.64e-13	3.32e-11	GO:0032501	multicellular organismal process	1.18	True
anatomical structure morphogenesis (GO:0009653)	1551	330	279.53	+	1.18	0.000666	0.00657	GO:0009653	anatomical structure morphogenesis	1.18	True
regulation of RNA metabolic process (GO:0051252)	3501	735	630.96	+	1.16	7.42e-07	1.4e-05	GO:0051252	regulation of RNA metabolic process	1.16	True
system process (GO:0003008)	1798	374	324.04	+	1.15	0.00164	0.014	GO:0003008	system process	1.15	True
cellular response to stimulus (GO:0051716)	5992	1245	1079.9	+	1.15	7.4e-11	2.46e-09	GO:0051716	cellular response to stimulus	1.15	True
biological_process (GO:0008150)	17477	3561	3149.77	+	1.13	1.8100000000000002e-122	4.14e-119	GO:0008150	biological_process	1.13	True
response to stimulus (GO:0050896)	7458	1510	1344.11	+	1.12	5.29e-10	1.6e-08	GO:0050896	response to stimulus	1.12	True
regulation of cellular process (GO:0050794)	11125	2249	2004.99	+	1.12	5.21e-19	3.9e-17	GO:0050794	regulation of cellular process	1.12	True
biological regulation (GO:0065007)	11975	2413	2158.18	+	1.12	4.290000000000001e-21	4.01e-19	GO:0065007	biological regulation	1.12	True
signal transduction (GO:0007165)	4509	906	812.63	+	1.11	4.98e-05	0.000648	GO:0007165	signal transduction	1.11	True
regulation of biological process (GO:0050789)	11565	2315	2084.28	+	1.11	2.44e-17	1.63e-15	GO:0050789	regulation of biological process	1.11	True
signaling (GO:0023052)	4806	956	866.15	+	1.10	0.000136	0.0016	GO:0023052	signaling	1.1	True
cell communication (GO:0007154)	4847	961	873.54	+	1.10	0.000217	0.0024	GO:0007154	cell communication	1.1	True
regulation of DNA-templated transcription (GO:0006355)	3197	633	576.17	+	1.10	0.00504	0.0359	GO:0006355	regulation of DNA-templated transcription	1.1	True
regulation of RNA biosynthetic process (GO:2001141)	3210	634	578.52	+	1.10	0.00597	0.0406	GO:2001141	regulation of RNA biosynthetic process	1.1	True
immune response (GO:0006955)	1373	193	247.45	-	.78	5.38e-05	0.000695	GO:0006955	immune response	0.78	True
defense response to bacterium (GO:0042742)	274	32	49.38	-	.65	0.00545	0.0385	GO:0042742	defense response to bacterium	0.65	True
detection of stimulus (GO:0051606)	656	76	118.23	-	.64	5.24e-06	8.42e-05	GO:0051606	detection of stimulus	0.64	True
humoral immune response (GO:0006959)	263	29	47.4	-	.61	0.0021	0.0172	GO:0006959	humoral immune response	0.61	True
lymphocyte mediated immunity (GO:0002449)	214	23	38.57	-	.60	0.00412	0.0306	GO:0002449	lymphocyte mediated immunity	0.6	True
adaptive immune response based on somatic recombination of immune receptors built from immunoglobulin superfamily domains (GO:0002460)	241	25	43.43	-	.58	0.00129	0.0112	GO:0002460	adaptive immune response based on somatic recombination of immune receptors built from immunoglobulin superfamily domains	0.58	True
adaptive immune response (GO:0002250)	310	29	55.87	-	.52	2.67e-05	0.000374	GO:0002250	adaptive immune response	0.52	True
antimicrobial humoral response (GO:0019730)	177	16	31.9	-	.50	0.00111	0.00987	GO:0019730	antimicrobial humoral response	0.5	True
homophilic cell-cell adhesion (GO:0007156)	176	13	31.72	-	.41	7.08e-05	0.00088	GO:0007156	homophilic cell-cell adhesion	0.41	True
intermediate filament organization (GO:0045109)	77	5	13.88	-	.36	0.00676	0.0449	GO:0045109	intermediate filament organization	0.36	True
immunoglobulin mediated immune response (GO:0016064)	144	9	25.95	-	.35	7.1e-05	0.000882	GO:0016064	immunoglobulin mediated immune response	0.35	True
B cell mediated immunity (GO:0019724)	149	9	26.85	-	.34	3.68e-05	0.000499	GO:0019724	B cell mediated immunity	0.34	True
detection of stimulus involved in sensory perception (GO:0050906)	541	27	97.5	-	.28	1.15e-19	9.54e-18	GO:0050906	detection of stimulus involved in sensory perception	0.28	True
Unclassified (UNCLASSIFIED)	3103	148	559.23	-	.26	1.8100000000000002e-122	4.97e-119		Unclassified (UNCLASSIFIED)	0.26	True
collagen metabolic process (GO:0032963)	52	2	9.37	-	.21	0.00563	0.0397	GO:0032963	collagen metabolic process	0.21	True
sensory perception of chemical stimulus (GO:0007606)	533	20	96.06	-	.21	4.72e-24	5.41e-22	GO:0007606	sensory perception of chemical stimulus	0.21	True
detection of chemical stimulus (GO:0009593)	518	19	93.36	-	.20	1.1099999999999999e-23	1.2300000000000002e-21	GO:0009593	detection of chemical stimulus	0.2	True
sensory perception of smell (GO:0007608)	456	12	82.18	-	.15	7.45e-25	8.76e-23	GO:0007608	sensory perception of smell	0.15	True
detection of chemical stimulus involved in sensory perception (GO:0050907)	484	8	87.23	-	.09	3.5300000000000003e-31	5.52e-29	GO:0050907	detection of chemical stimulus involved in sensory perception	0.09	True
detection of chemical stimulus involved in sensory perception of smell (GO:0050911)	437	3	78.76	-	.04	1.63e-33	2.7700000000000004e-31	GO:0050911	detection of chemical stimulus involved in sensory perception of smell	0.04	True
leukotriene metabolic process (GO:0006691)	34	0	6.13	-	< 0.01	0.00253	0.0203	GO:0006691	leukotriene metabolic process		True
keratinization (GO:0031424)	43	0	7.75	-	< 0.01	0.000425	0.00439	GO:0031424	keratinization		True
collagen catabolic process (GO:0030574)	34	0	6.13	-	< 0.01	0.00253	0.0203	GO:0030574	collagen catabolic process		True
immune response-inhibiting cell surface receptor signaling pathway (GO:0002767)	47	0	8.47	-	< 0.01	0.000167	0.00191	GO:0002767	immune response-inhibiting cell surface receptor signaling pathway		True
immune response-inhibiting signal transduction (GO:0002765)	48	0	8.65	-	< 0.01	0.000104	0.00126	GO:0002765	immune response-inhibiting signal transduction		True
