protein	Gene	Gene name	nTPM	hpa_retina_status	hpa_mapping_method
AAAS	ENSG00000094914	AAAS	11.4	EXPRESSED	GENE_SYMBOL
AACS	ENSG00000081760	AACS	5.8	EXPRESSED	GENE_SYMBOL
AAMP	ENSG00000127837	AAMP	35.6	EXPRESSED	GENE_SYMBOL
AAR2	ENSG00000131043	AAR2	6.9	EXPRESSED	GENE_SYMBOL
AASDH	ENSG00000157426	AASDH	10.9	EXPRESSED	GENE_SYMBOL
AASS	ENSG00000008311	AASS	3.4	EXPRESSED	GENE_SYMBOL
ABCA1	ENSG00000165029	ABCA1	3.4	EXPRESSED	GENE_SYMBOL
ABCA4	ENSG00000198691	ABCA4	328.7	EXPRESSED	GENE_SYMBOL
ABCB10	ENSG00000135776	ABCB10	5.9	EXPRESSED	GENE_SYMBOL
ABCB4	ENSG00000005471	ABCB4	0.3	EXPRESSED	GENE_SYMBOL
ABCB6	ENSG00000115657	ABCB6	2.8	EXPRESSED	GENE_SYMBOL
ABCB7	ENSG00000131269	ABCB7	9.0	EXPRESSED	GENE_SYMBOL
ABCB8	ENSG00000197150	ABCB8	8.1	EXPRESSED	GENE_SYMBOL
ABCF1	ENSG00000204574	ABCF1	10.3	EXPRESSED	GENE_SYMBOL
ABCG2	ENSG00000118777	ABCG2	2.3	EXPRESSED	GENE_SYMBOL
ABCG5	ENSG00000138075	ABCG5	0.0	NOT_DETECTED	GENE_SYMBOL
ABHD12	ENSG00000100997	ABHD12	28.2	EXPRESSED	GENE_SYMBOL
ABI2	ENSG00000138443	ABI2	27.8	EXPRESSED	GENE_SYMBOL
ABL1	ENSG00000097007	ABL1	10.3	EXPRESSED	GENE_SYMBOL
ABL2	ENSG00000143322	ABL2	8.8	EXPRESSED	GENE_SYMBOL
ABR	ENSG00000159842	ABR	1.0	EXPRESSED	GENE_SYMBOL
ACAA1	ENSG00000060971	ACAA1	4.5	EXPRESSED	GENE_SYMBOL
ACAA2	ENSG00000167315	ACAA2	29.5	EXPRESSED	GENE_SYMBOL
ACAD9	ENSG00000177646	ACAD9	3.8	EXPRESSED	GENE_SYMBOL
ACADM	ENSG00000117054	ACADM	19.7	EXPRESSED	GENE_SYMBOL
ACAN	ENSG00000157766	ACAN	0.1	EXPRESSED	GENE_SYMBOL
ACAT1	ENSG00000075239	ACAT1	24.3	EXPRESSED	GENE_SYMBOL
ACAT2	ENSG00000120437	ACAT2	18.1	EXPRESSED	GENE_SYMBOL
ACE	ENSG00000159640	ACE	0.4	EXPRESSED	GENE_SYMBOL
ACER1	ENSG00000167769	ACER1	0.0	NOT_DETECTED	GENE_SYMBOL
ACER2	ENSG00000177076	ACER2	3.5	EXPRESSED	GENE_SYMBOL
ACIN1	ENSG00000100813	ACIN1	36.0	EXPRESSED	GENE_SYMBOL
ACKR3	ENSG00000144476	ACKR3	1.6	EXPRESSED	GENE_SYMBOL
ACLY	ENSG00000131473	ACLY	21.5	EXPRESSED	GENE_SYMBOL
ACO1	ENSG00000122729	ACO1	11.9	EXPRESSED	GENE_SYMBOL
ACO2	ENSG00000100412	ACO2	43.6	EXPRESSED	GENE_SYMBOL
ACOX3	ENSG00000087008	ACOX3	3.5	EXPRESSED	GENE_SYMBOL
ACP4	ENSG00000142513	ACP4	0.0	NOT_DETECTED	GENE_SYMBOL
ACSBG2	ENSG00000130377	ACSBG2	0.1	EXPRESSED	GENE_SYMBOL
ACSL3	ENSG00000123983	ACSL3	29.9	EXPRESSED	GENE_SYMBOL
ACSS1	ENSG00000154930	ACSS1	3.7	EXPRESSED	GENE_SYMBOL
ACSS2	ENSG00000131069	ACSS2	4.9	EXPRESSED	GENE_SYMBOL
ACTB	ENSG00000075624	ACTB	452.4	EXPRESSED	GENE_SYMBOL
ACTN1	ENSG00000072110	ACTN1	19.3	EXPRESSED	GENE_SYMBOL
ACTN2	ENSG00000077522	ACTN2	0.8	EXPRESSED	GENE_SYMBOL
ACTN4	ENSG00000130402	ACTN4	26.0	EXPRESSED	GENE_SYMBOL
ACTR8	ENSG00000113812	ACTR8	7.1	EXPRESSED	GENE_SYMBOL
ADA	ENSG00000196839	ADA	0.1	EXPRESSED	GENE_SYMBOL
ADAM17	ENSG00000151694	ADAM17	2.0	EXPRESSED	GENE_SYMBOL
ADAM9	ENSG00000168615	ADAM9	17.2	EXPRESSED	GENE_SYMBOL
ADAMTS18	ENSG00000140873	ADAMTS18	1.8	EXPRESSED	GENE_SYMBOL
ADAMTS20	ENSG00000173157	ADAMTS20	0.5	EXPRESSED	GENE_SYMBOL
ADCK1	ENSG00000063761	ADCK1	3.5	EXPRESSED	GENE_SYMBOL
ADCK2	ENSG00000133597	ADCK2	5.9	EXPRESSED	GENE_SYMBOL
ADCK5	ENSG00000173137	ADCK5	0.4	EXPRESSED	GENE_SYMBOL
ADCY1	ENSG00000164742	ADCY1	49.2	EXPRESSED	GENE_SYMBOL
ADCY10	ENSG00000143199	ADCY10	0.1	EXPRESSED	GENE_SYMBOL
ADCY2	ENSG00000078295	ADCY2	6.5	EXPRESSED	GENE_SYMBOL
ADCY3	ENSG00000138031	ADCY3	3.8	EXPRESSED	GENE_SYMBOL
ADCY4	ENSG00000129467	ADCY4	0.0	NOT_DETECTED	GENE_SYMBOL
ADCY5	ENSG00000173175	ADCY5	5.2	EXPRESSED	GENE_SYMBOL
ADCY6	ENSG00000174233	ADCY6	5.3	EXPRESSED	GENE_SYMBOL
ADCY7	ENSG00000121281	ADCY7	0.7	EXPRESSED	GENE_SYMBOL
ADCY8	ENSG00000155897	ADCY8	2.9	EXPRESSED	GENE_SYMBOL
ADCY9	ENSG00000162104	ADCY9	2.7	EXPRESSED	GENE_SYMBOL
ADD3	ENSG00000148700	ADD3	92.0	EXPRESSED	GENE_SYMBOL
ADGRB1	ENSG00000181790	ADGRB1	1.5	EXPRESSED	GENE_SYMBOL
ADGRD1	ENSG00000111452	ADGRD1	0.7	EXPRESSED	GENE_SYMBOL
ADGRL1	ENSG00000072071	ADGRL1	8.2	EXPRESSED	GENE_SYMBOL
ADGRL2	ENSG00000117114	ADGRL2	23.2	EXPRESSED	GENE_SYMBOL
ADGRL3	ENSG00000150471	ADGRL3	9.2	EXPRESSED	GENE_SYMBOL
ADGRV1	ENSG00000164199	ADGRV1	16.8	EXPRESSED	GENE_SYMBOL
ADH1A	ENSG00000187758	ADH1A	0.0	NOT_DETECTED	GENE_SYMBOL
ADH1B	ENSG00000196616	ADH1B	0.1	EXPRESSED	GENE_SYMBOL
ADH1C	ENSG00000248144	ADH1C	0.0	NOT_DETECTED	GENE_SYMBOL
ADH4	ENSG00000198099	ADH4	0.7	EXPRESSED	GENE_SYMBOL
ADH5	ENSG00000197894	ADH5	32.8	EXPRESSED	GENE_SYMBOL
ADH6	ENSG00000172955	ADH6	0.0	NOT_DETECTED	GENE_SYMBOL
ADH7	ENSG00000196344	ADH7	0.0	NOT_DETECTED	GENE_SYMBOL
ADK	ENSG00000156110	ADK	14.9	EXPRESSED	GENE_SYMBOL
ADORA2A	ENSG00000128271	ADORA2A	1.9	EXPRESSED	GENE_SYMBOL
ADPGK	ENSG00000159322	ADPGK	5.0	EXPRESSED	GENE_SYMBOL
ADRA1A	ENSG00000120907	ADRA1A	0.3	EXPRESSED	GENE_SYMBOL
ADRA1B	ENSG00000170214	ADRA1B	0.4	EXPRESSED	GENE_SYMBOL
ADRA1D	ENSG00000171873	ADRA1D	0.0	NOT_DETECTED	GENE_SYMBOL
ADRA2A	ENSG00000150594	ADRA2A	0.0	NOT_DETECTED	GENE_SYMBOL
ADRA2B	ENSG00000274286	ADRA2B	0.0	NOT_DETECTED	GENE_SYMBOL
ADRB1	ENSG00000043591	ADRB1	1.9	EXPRESSED	GENE_SYMBOL
ADRB2	ENSG00000169252	ADRB2	0.5	EXPRESSED	GENE_SYMBOL
ADRB3	ENSG00000188778	ADRB3	0.0	NOT_DETECTED	GENE_SYMBOL
ADRM1	ENSG00000130706	ADRM1	11.0	EXPRESSED	GENE_SYMBOL
ADSL	ENSG00000239900	ADSL	9.5	EXPRESSED	GENE_SYMBOL
ADSS1	ENSG00000185100	ADSS1	9.4	EXPRESSED	GENE_SYMBOL
ADSS2	ENSG00000035687	ADSS2	10.5	EXPRESSED	GENE_SYMBOL
AFF1	ENSG00000172493	AFF1	59.0	EXPRESSED	GENE_SYMBOL
AFF4	ENSG00000072364	AFF4	43.8	EXPRESSED	GENE_SYMBOL
AGA	ENSG00000038002	AGA	6.1	EXPRESSED	GENE_SYMBOL
AGBL4	ENSG00000186094	AGBL4	4.4	EXPRESSED	GENE_SYMBOL
AGBL5	ENSG00000084693	AGBL5	15.1	EXPRESSED	GENE_SYMBOL
AGGF1	ENSG00000164252	AGGF1	20.6	EXPRESSED	GENE_SYMBOL
AGK	ENSG00000006530	AGK	11.9	EXPRESSED	GENE_SYMBOL
AGL	ENSG00000162688	AGL	21.5	EXPRESSED	GENE_SYMBOL
AGPAT1	ENSG00000204310	AGPAT1	11.6	EXPRESSED	GENE_SYMBOL
AGPS	ENSG00000018510	AGPS	5.8	EXPRESSED	GENE_SYMBOL
AGRN	ENSG00000188157	AGRN	0.7	EXPRESSED	GENE_SYMBOL
AGT	ENSG00000135744	AGT	24.5	EXPRESSED	GENE_SYMBOL
AGTR1	ENSG00000144891	AGTR1	0.9	EXPRESSED	GENE_SYMBOL
AGTR2	ENSG00000180772	AGTR2	0.1	EXPRESSED	GENE_SYMBOL
AGTRAP	ENSG00000177674	AGTRAP	3.2	EXPRESSED	GENE_SYMBOL
AGXT	ENSG00000172482	AGXT	0.0	NOT_DETECTED	GENE_SYMBOL
AHCY	ENSG00000101444	AHCY	22.8	EXPRESSED	GENE_SYMBOL
AHCYL1	ENSG00000168710	AHCYL1	63.7	EXPRESSED	GENE_SYMBOL
AHI1	ENSG00000135541	AHI1	25.2	EXPRESSED	GENE_SYMBOL
AHR	ENSG00000106546	AHR	3.7	EXPRESSED	GENE_SYMBOL
AIF1	ENSG00000204472	AIF1	3.6	EXPRESSED	GENE_SYMBOL
AIFM1	ENSG00000156709	AIFM1	7.8	EXPRESSED	GENE_SYMBOL
AIP	ENSG00000110711	AIP	17.0	EXPRESSED	GENE_SYMBOL
AIPL1	ENSG00000129221	AIPL1	775.1	EXPRESSED	GENE_SYMBOL
AIRE	ENSG00000160224	AIRE	0.2	EXPRESSED	GENE_SYMBOL
AK9	ENSG00000155085	AK9	13.0	EXPRESSED	GENE_SYMBOL
AKAP12	ENSG00000131016	AKAP12	101.4	EXPRESSED	GENE_SYMBOL
AKAP13	ENSG00000170776	AKAP13	7.9	EXPRESSED	GENE_SYMBOL
AKAP7	ENSG00000118507	AKAP7	7.1	EXPRESSED	GENE_SYMBOL
AKAP9	ENSG00000127914	AKAP9	29.1	EXPRESSED	GENE_SYMBOL
AKIRIN1	ENSG00000174574	AKIRIN1	34.7	EXPRESSED	GENE_SYMBOL
AKIRIN2	ENSG00000135334	AKIRIN2	27.5	EXPRESSED	GENE_SYMBOL
AKNAD1	ENSG00000162641	AKNAD1	0.0	NOT_DETECTED	GENE_SYMBOL
AKR1B1	ENSG00000085662	AKR1B1	33.8	EXPRESSED	GENE_SYMBOL
AKR1B10	ENSG00000198074	AKR1B10	0.1	EXPRESSED	GENE_SYMBOL
AKT1	ENSG00000142208	AKT1	19.5	EXPRESSED	GENE_SYMBOL
AKT2	ENSG00000105221	AKT2	38.3	EXPRESSED	GENE_SYMBOL
AKT3	ENSG00000117020	AKT3	15.2	EXPRESSED	GENE_SYMBOL
ALAD	ENSG00000148218	ALAD	17.6	EXPRESSED	GENE_SYMBOL
ALAS1	ENSG00000023330	ALAS1	19.1	EXPRESSED	GENE_SYMBOL
ALAS2	ENSG00000158578	ALAS2	0.1	EXPRESSED	GENE_SYMBOL
ALB	ENSG00000163631	ALB	0.4	EXPRESSED	GENE_SYMBOL
ALDH18A1	ENSG00000059573	ALDH18A1	10.6	EXPRESSED	GENE_SYMBOL
ALDH1A1	ENSG00000165092	ALDH1A1	0.4	EXPRESSED	GENE_SYMBOL
ALDH1A2	ENSG00000128918	ALDH1A2	5.5	EXPRESSED	GENE_SYMBOL
ALDH1A3	ENSG00000184254	ALDH1A3	0.3	EXPRESSED	GENE_SYMBOL
ALDH5A1	ENSG00000112294	ALDH5A1	10.1	EXPRESSED	GENE_SYMBOL
ALDH7A1	ENSG00000164904	ALDH7A1	18.3	EXPRESSED	GENE_SYMBOL
ALDH8A1	ENSG00000118514	ALDH8A1	2.4	EXPRESSED	GENE_SYMBOL
ALDOA	ENSG00000149925	ALDOA	431.9	EXPRESSED	GENE_SYMBOL
ALDOB	ENSG00000136872	ALDOB	0.3	EXPRESSED	GENE_SYMBOL
ALDOC	ENSG00000109107	ALDOC	1098.1	EXPRESSED	GENE_SYMBOL
ALG1	ENSG00000033011	ALG1	4.7	EXPRESSED	GENE_SYMBOL
ALG11	ENSG00000253710	ALG11	8.5	EXPRESSED	GENE_SYMBOL
ALG12	ENSG00000182858	ALG12	2.8	EXPRESSED	GENE_SYMBOL
ALG13	ENSG00000101901	ALG13	9.6	EXPRESSED	GENE_SYMBOL
ALG14	ENSG00000172339	ALG14	1.3	EXPRESSED	GENE_SYMBOL
ALG3	ENSG00000214160	ALG3	5.5	EXPRESSED	GENE_SYMBOL
ALG5	ENSG00000120697	ALG5	10.3	EXPRESSED	GENE_SYMBOL
ALG6	ENSG00000088035	ALG6	1.1	EXPRESSED	GENE_SYMBOL
ALG8	ENSG00000159063	ALG8	9.7	EXPRESSED	GENE_SYMBOL
ALK	ENSG00000171094	ALK	0.6	EXPRESSED	GENE_SYMBOL
ALMS1	ENSG00000116127	ALMS1	8.1	EXPRESSED	GENE_SYMBOL
ALPP	ENSG00000163283	ALPP	0.0	NOT_DETECTED	GENE_SYMBOL
ALS2	ENSG00000003393	ALS2	5.2	EXPRESSED	GENE_SYMBOL
ALYREF	ENSG00000183684	ALYREF	8.8	EXPRESSED	GENE_SYMBOL
AMBP	ENSG00000106927	AMBP	0.2	EXPRESSED	GENE_SYMBOL
AMBRA1	ENSG00000110497	AMBRA1	7.2	EXPRESSED	GENE_SYMBOL
AMDHD2-2				UNKNOWN	UNMAPPED
AMELX	ENSG00000125363	AMELX	0.0	NOT_DETECTED	GENE_SYMBOL
AMELY	ENSG00000099721	AMELY	0.0	NOT_DETECTED	GENE_SYMBOL
AMPD1	ENSG00000116748	AMPD1	0.0	NOT_DETECTED	GENE_SYMBOL
AMPD2	ENSG00000116337	AMPD2	9.8	EXPRESSED	GENE_SYMBOL
AMPD3	ENSG00000133805	AMPD3	6.5	EXPRESSED	GENE_SYMBOL
AMY1B	ENSG00000174876	AMY1B	0.0	NOT_DETECTED	GENE_SYMBOL
ANAPC1	ENSG00000153107	ANAPC1	7.4	EXPRESSED	GENE_SYMBOL
ANAPC10	ENSG00000164162	ANAPC10	8.5	EXPRESSED	GENE_SYMBOL
ANAPC11	ENSG00000141552	ANAPC11	17.9	EXPRESSED	GENE_SYMBOL
ANAPC13	ENSG00000129055	ANAPC13	57.9	EXPRESSED	GENE_SYMBOL
ANAPC15	ENSG00000110200	ANAPC15	40.8	EXPRESSED	GENE_SYMBOL
ANAPC16	ENSG00000166295	ANAPC16	18.8	EXPRESSED	GENE_SYMBOL
ANAPC2	ENSG00000176248	ANAPC2	4.0	EXPRESSED	GENE_SYMBOL
ANAPC4	ENSG00000053900	ANAPC4	15.4	EXPRESSED	GENE_SYMBOL
ANAPC5	ENSG00000089053	ANAPC5	16.3	EXPRESSED	GENE_SYMBOL
ANAPC7	ENSG00000196510	ANAPC7	12.2	EXPRESSED	GENE_SYMBOL
ANHX	ENSG00000227059	ANHX	0.0	NOT_DETECTED	GENE_SYMBOL
ANK3	ENSG00000151150	ANK3	115.3	EXPRESSED	GENE_SYMBOL
ANKRD26	ENSG00000107890	ANKRD26	9.3	EXPRESSED	GENE_SYMBOL
ANKRD33B	ENSG00000164236	ANKRD33B	47.3	EXPRESSED	GENE_SYMBOL
ANKRD39	ENSG00000213337	ANKRD39	4.9	EXPRESSED	GENE_SYMBOL
ANKRD40	ENSG00000154945	ANKRD40	19.2	EXPRESSED	GENE_SYMBOL
ANKRD9	ENSG00000156381	ANKRD9	2.2	EXPRESSED	GENE_SYMBOL
ANKS4B	ENSG00000175311	ANKS4B	0.2	EXPRESSED	GENE_SYMBOL
ANKS6	ENSG00000165138	ANKS6	2.1	EXPRESSED	GENE_SYMBOL
ANO1	ENSG00000131620	ANO1	0.4	EXPRESSED	GENE_SYMBOL
ANO2	ENSG00000047617	ANO2	190.9	EXPRESSED	GENE_SYMBOL
ANO5	ENSG00000171714	ANO5	1.8	EXPRESSED	GENE_SYMBOL
ANOS1	ENSG00000011201	ANOS1	18.2	EXPRESSED	GENE_SYMBOL
ANXA11	ENSG00000122359	ANXA11	4.5	EXPRESSED	GENE_SYMBOL
ANXA2	ENSG00000182718	ANXA2	27.9	EXPRESSED	GENE_SYMBOL
AOC1	ENSG00000002726	AOC1	0.1	EXPRESSED	GENE_SYMBOL
AOC2	ENSG00000131480	AOC2	1.4	EXPRESSED	GENE_SYMBOL
AOC3	ENSG00000131471	AOC3	1.6	EXPRESSED	GENE_SYMBOL
AOX1	ENSG00000138356	AOX1	0.5	EXPRESSED	GENE_SYMBOL
AP1G1	ENSG00000166747	AP1G1	48.8	EXPRESSED	GENE_SYMBOL
AP2A1	ENSG00000196961	AP2A1	12.4	EXPRESSED	GENE_SYMBOL
AP2A2	ENSG00000183020	AP2A2	1.8	EXPRESSED	GENE_SYMBOL
AP2B1	ENSG00000006125	AP2B1	70.5	EXPRESSED	GENE_SYMBOL
AP3B1	ENSG00000132842	AP3B1	4.5	EXPRESSED	GENE_SYMBOL
AP3M1	ENSG00000185009	AP3M1	16.3	EXPRESSED	GENE_SYMBOL
APLF	ENSG00000169621	APLF	0.4	EXPRESSED	GENE_SYMBOL
APMAP	ENSG00000101474	APMAP	29.6	EXPRESSED	GENE_SYMBOL
APOBEC3H	ENSG00000100298	APOBEC3H	0.5	EXPRESSED	GENE_SYMBOL
APOBR	ENSG00000184730	APOBR	0.1	EXPRESSED	GENE_SYMBOL
APOE	ENSG00000130203	APOE	81.4	EXPRESSED	GENE_SYMBOL
APOL1	ENSG00000100342	APOL1	0.6	EXPRESSED	GENE_SYMBOL
APPL1	ENSG00000157500	APPL1	12.5	EXPRESSED	GENE_SYMBOL
APRT	ENSG00000198931	APRT	4.7	EXPRESSED	GENE_SYMBOL
APTX	ENSG00000137074	APTX	7.4	EXPRESSED	GENE_SYMBOL
AQR	ENSG00000021776	AQR	7.4	EXPRESSED	GENE_SYMBOL
AR	ENSG00000169083	AR	0.1	EXPRESSED	GENE_SYMBOL
ARAF	ENSG00000078061	ARAF	14.3	EXPRESSED	GENE_SYMBOL
ARF4	ENSG00000168374	ARF4	50.0	EXPRESSED	GENE_SYMBOL
ARFIP2	ENSG00000132254	ARFIP2	26.3	EXPRESSED	GENE_SYMBOL
ARFRP1	ENSG00000101246	ARFRP1	5.1	EXPRESSED	GENE_SYMBOL
ARG1	ENSG00000118520	ARG1	0.2	EXPRESSED	GENE_SYMBOL
ARHGAP1	ENSG00000175220	ARHGAP1	8.9	EXPRESSED	GENE_SYMBOL
ARHGAP17	ENSG00000140750	ARHGAP17	2.2	EXPRESSED	GENE_SYMBOL
ARHGAP24	ENSG00000138639	ARHGAP24	7.8	EXPRESSED	GENE_SYMBOL
ARHGAP39	ENSG00000147799	ARHGAP39	2.9	EXPRESSED	GENE_SYMBOL
ARHGDIA	ENSG00000141522	ARHGDIA	13.5	EXPRESSED	GENE_SYMBOL
ARHGEF1	ENSG00000076928	ARHGEF1	4.6	EXPRESSED	GENE_SYMBOL
ARHGEF18	ENSG00000104880	ARHGEF18	4.6	EXPRESSED	GENE_SYMBOL
ARHGEF25	ENSG00000240771	ARHGEF25	12.3	EXPRESSED	GENE_SYMBOL
ARHGEF33	ENSG00000214694	ARHGEF33	4.6	EXPRESSED	GENE_SYMBOL
ARHGEF40	ENSG00000165801	ARHGEF40	2.6	EXPRESSED	GENE_SYMBOL
ARHGEF7	ENSG00000102606	ARHGEF7	26.3	EXPRESSED	GENE_SYMBOL
ARID4A	ENSG00000032219	ARID4A	13.0	EXPRESSED	GENE_SYMBOL
ARID4B	ENSG00000054267	ARID4B	13.5	EXPRESSED	GENE_SYMBOL
ARIH1	ENSG00000166233	ARIH1	9.7	EXPRESSED	GENE_SYMBOL
ARL1	ENSG00000120805	ARL1	45.1	EXPRESSED	GENE_SYMBOL
ARL11	ENSG00000152213	ARL11	0.1	EXPRESSED	GENE_SYMBOL
ARL13A	ENSG00000174225	ARL13A	0.3	EXPRESSED	GENE_SYMBOL
ARL13B	ENSG00000169379	ARL13B	16.8	EXPRESSED	GENE_SYMBOL
ARL2	ENSG00000213465	ARL2	40.5	EXPRESSED	GENE_SYMBOL
ARL2BP	ENSG00000102931	ARL2BP	34.8	EXPRESSED	GENE_SYMBOL
ARL3	ENSG00000138175	ARL3	89.3	EXPRESSED	GENE_SYMBOL
ARL6	ENSG00000113966	ARL6	35.2	EXPRESSED	GENE_SYMBOL
ARL6IP1	ENSG00000170540	ARL6IP1	292.6	EXPRESSED	GENE_SYMBOL
ARL6IP5	ENSG00000144746	ARL6IP5	125.1	EXPRESSED	GENE_SYMBOL
ARMC2	ENSG00000118690	ARMC2	24.7	EXPRESSED	GENE_SYMBOL
ARMC3	ENSG00000165309	ARMC3	0.4	EXPRESSED	GENE_SYMBOL
ARMC4				UNKNOWN	UNMAPPED
ARMC6	ENSG00000105676	ARMC6	7.2	EXPRESSED	GENE_SYMBOL
ARMC7	ENSG00000125449	ARMC7	2.5	EXPRESSED	GENE_SYMBOL
ARMS2	ENSG00000254636	ARMS2	0.5	EXPRESSED	GENE_SYMBOL
ARNT	ENSG00000143437	ARNT	36.3	EXPRESSED	GENE_SYMBOL
ARPIN	ENSG00000242498	ARPIN	8.7	EXPRESSED	GENE_SYMBOL
ARR3	ENSG00000120500	ARR3	357.5	EXPRESSED	GENE_SYMBOL
ARRB1	ENSG00000137486	ARRB1	4.9	EXPRESSED	GENE_SYMBOL
ARRB2	ENSG00000141480	ARRB2	15.7	EXPRESSED	GENE_SYMBOL
ARRDC1	ENSG00000197070	ARRDC1	2.9	EXPRESSED	GENE_SYMBOL
ARRDC3	ENSG00000113369	ARRDC3	69.6	EXPRESSED	GENE_SYMBOL
ARRDC4	ENSG00000140450	ARRDC4	4.2	EXPRESSED	GENE_SYMBOL
ARRDC5	ENSG00000205784	ARRDC5	0.1	EXPRESSED	GENE_SYMBOL
ARSB	ENSG00000113273	ARSB	6.1	EXPRESSED	GENE_SYMBOL
ARSG	ENSG00000141337	ARSG	7.2	EXPRESSED	GENE_SYMBOL
AS3MT	ENSG00000214435	AS3MT	3.8	EXPRESSED	GENE_SYMBOL
ASAH2	ENSG00000188611	ASAH2	6.8	EXPRESSED	GENE_SYMBOL
ASAH2B	ENSG00000204147	ASAH2B	6.3	EXPRESSED	GENE_SYMBOL
ASAP1	ENSG00000153317	ASAP1	8.0	EXPRESSED	GENE_SYMBOL
ASB6	ENSG00000148331	ASB6	4.1	EXPRESSED	GENE_SYMBOL
ASCC2	ENSG00000100325	ASCC2	7.9	EXPRESSED	GENE_SYMBOL
ASCC3	ENSG00000112249	ASCC3	5.2	EXPRESSED	GENE_SYMBOL
ASCL1	ENSG00000139352	ASCL1	0.9	EXPRESSED	GENE_SYMBOL
ASH2L	ENSG00000129691	ASH2L	20.5	EXPRESSED	GENE_SYMBOL
ASIP	ENSG00000101440	ASIP	0.3	EXPRESSED	GENE_SYMBOL
ASL	ENSG00000126522	ASL	2.2	EXPRESSED	GENE_SYMBOL
ASPM	ENSG00000066279	ASPM	0.0	NOT_DETECTED	GENE_SYMBOL
ASS1	ENSG00000130707	ASS1	6.4	EXPRESSED	GENE_SYMBOL
ASXL1	ENSG00000171456	ASXL1	18.3	EXPRESSED	GENE_SYMBOL
ASZ1	ENSG00000154438	ASZ1	0.0	NOT_DETECTED	GENE_SYMBOL
ATAD3A	ENSG00000197785	ATAD3A	1.9	EXPRESSED	GENE_SYMBOL
ATF1	ENSG00000123268	ATF1	11.0	EXPRESSED	GENE_SYMBOL
ATF2	ENSG00000115966	ATF2	19.6	EXPRESSED	GENE_SYMBOL
ATF3	ENSG00000162772	ATF3	15.0	EXPRESSED	GENE_SYMBOL
ATF4	ENSG00000128272	ATF4	460.9	EXPRESSED	GENE_SYMBOL
ATF6	ENSG00000118217	ATF6	15.4	EXPRESSED	GENE_SYMBOL
ATF6B	ENSG00000213676	ATF6B	7.5	EXPRESSED	GENE_SYMBOL
ATG13	ENSG00000175224	ATG13	43.7	EXPRESSED	GENE_SYMBOL
ATG3	ENSG00000144848	ATG3	27.0	EXPRESSED	GENE_SYMBOL
ATG4B	ENSG00000168397	ATG4B	7.9	EXPRESSED	GENE_SYMBOL
ATG7	ENSG00000197548	ATG7	9.3	EXPRESSED	GENE_SYMBOL
ATIC	ENSG00000138363	ATIC	17.7	EXPRESSED	GENE_SYMBOL
ATL1	ENSG00000198513	ATL1	6.3	EXPRESSED	GENE_SYMBOL
ATL3	ENSG00000184743	ATL3	3.7	EXPRESSED	GENE_SYMBOL
ATOH7	ENSG00000179774	ATOH7	0.3	EXPRESSED	GENE_SYMBOL
ATP12A	ENSG00000075673	ATP12A	0.0	NOT_DETECTED	GENE_SYMBOL
ATP13A2	ENSG00000159363	ATP13A2	21.2	EXPRESSED	GENE_SYMBOL
ATP1A4	ENSG00000132681	ATP1A4	2.3	EXPRESSED	GENE_SYMBOL
ATP2A1	ENSG00000196296	ATP2A1	7.3	EXPRESSED	GENE_SYMBOL
ATP4A	ENSG00000105675	ATP4A	0.0	NOT_DETECTED	GENE_SYMBOL
ATP5F1A	ENSG00000152234	ATP5F1A	431.2	EXPRESSED	GENE_SYMBOL
ATP5F1B	ENSG00000110955	ATP5F1B	448.6	EXPRESSED	GENE_SYMBOL
ATP5F1C	ENSG00000165629	ATP5F1C	149.6	EXPRESSED	GENE_SYMBOL
ATP5F1D	ENSG00000099624	ATP5F1D	6.5	EXPRESSED	GENE_SYMBOL
ATP5IF1	ENSG00000130770	ATP5IF1	65.7	EXPRESSED	GENE_SYMBOL
ATP5MC1	ENSG00000159199	ATP5MC1	108.4	EXPRESSED	GENE_SYMBOL
ATP5MG	ENSG00000167283	ATP5MG	101.0	EXPRESSED	GENE_SYMBOL
ATP5PB	ENSG00000116459	ATP5PB	26.4	EXPRESSED	GENE_SYMBOL
ATP5PD	ENSG00000167863	ATP5PD	237.2	EXPRESSED	GENE_SYMBOL
ATP5PF	ENSG00000154723	ATP5PF	231.0	EXPRESSED	GENE_SYMBOL
ATP5PO	ENSG00000241837	ATP5PO	203.2	EXPRESSED	GENE_SYMBOL
ATP6AP2	ENSG00000182220	ATP6AP2	92.0	EXPRESSED	GENE_SYMBOL
ATP6V0A1	ENSG00000033627	ATP6V0A1	84.9	EXPRESSED	GENE_SYMBOL
ATP8A2	ENSG00000132932	ATP8A2	13.7	EXPRESSED	GENE_SYMBOL
ATPAF1	ENSG00000123472	ATPAF1	65.3	EXPRESSED	GENE_SYMBOL
ATRAID	ENSG00000138085	ATRAID	52.6	EXPRESSED	GENE_SYMBOL
ATRX	ENSG00000085224	ATRX	24.8	EXPRESSED	GENE_SYMBOL
ATXN1L	ENSG00000224470	ATXN1L	7.4	EXPRESSED	GENE_SYMBOL
ATXN2	ENSG00000204842	ATXN2	14.6	EXPRESSED	GENE_SYMBOL
ATXN7	ENSG00000163635	ATXN7	15.1	EXPRESSED	GENE_SYMBOL
ATXN7-2				UNKNOWN	UNMAPPED
ATXN7L1	ENSG00000146776	ATXN7L1	1.9	EXPRESSED	GENE_SYMBOL
ATXN7L2	ENSG00000162650	ATXN7L2	0.2	EXPRESSED	GENE_SYMBOL
AUP1	ENSG00000115307	AUP1	30.1	EXPRESSED	GENE_SYMBOL
AURKA	ENSG00000087586	AURKA	2.8	EXPRESSED	GENE_SYMBOL
AVPI1	ENSG00000119986	AVPI1	23.7	EXPRESSED	GENE_SYMBOL
AVPR1A	ENSG00000166148	AVPR1A	1.3	EXPRESSED	GENE_SYMBOL
AVPR1B	ENSG00000198049	AVPR1B	0.0	NOT_DETECTED	GENE_SYMBOL
AVPR2	ENSG00000126895	AVPR2	0.0	NOT_DETECTED	GENE_SYMBOL
AWAT2	ENSG00000147160	AWAT2	0.0	NOT_DETECTED	GENE_SYMBOL
AXL	ENSG00000167601	AXL	5.3	EXPRESSED	GENE_SYMBOL
B3GALNT2	ENSG00000162885	B3GALNT2	3.6	EXPRESSED	GENE_SYMBOL
B3GAT3	ENSG00000149541	B3GAT3	15.0	EXPRESSED	GENE_SYMBOL
B3GNT2	ENSG00000170340	B3GNT2	4.8	EXPRESSED	GENE_SYMBOL
B4E171_HUMAN				UNKNOWN	UNMAPPED
B4GALT1	ENSG00000086062	B4GALT1	24.3	EXPRESSED	GENE_SYMBOL
B4GALT2	ENSG00000117411	B4GALT2	8.3	EXPRESSED	GENE_SYMBOL
B4GALT3	ENSG00000158850	B4GALT3	7.5	EXPRESSED	GENE_SYMBOL
B4GAT1	ENSG00000174684	B4GAT1	42.6	EXPRESSED	GENE_SYMBOL
B9D1	ENSG00000108641	B9D1	20.2	EXPRESSED	GENE_SYMBOL
B9D2	ENSG00000123810	B9D2	1.1	EXPRESSED	GENE_SYMBOL
BABAM2	ENSG00000158019	BABAM2	24.3	EXPRESSED	GENE_SYMBOL
BAG2	ENSG00000112208	BAG2	4.6	EXPRESSED	GENE_SYMBOL
BAG3	ENSG00000151929	BAG3	11.7	EXPRESSED	GENE_SYMBOL
BAG5	ENSG00000166170	BAG5	17.0	EXPRESSED	GENE_SYMBOL
BAIAP2L1	ENSG00000006453	BAIAP2L1	0.5	EXPRESSED	GENE_SYMBOL
BAIAP2L2	ENSG00000128298	BAIAP2L2	0.4	EXPRESSED	GENE_SYMBOL
BANF1	ENSG00000175334	BANF1	91.5	EXPRESSED	GENE_SYMBOL
BAP1	ENSG00000163930	BAP1	18.7	EXPRESSED	GENE_SYMBOL
BARD1	ENSG00000138376	BARD1	1.8	EXPRESSED	GENE_SYMBOL
BARHL1	ENSG00000125492	BARHL1	0.0	NOT_DETECTED	GENE_SYMBOL
BASP1	ENSG00000176788	BASP1	68.8	EXPRESSED	GENE_SYMBOL
BATF	ENSG00000156127	BATF	0.0	NOT_DETECTED	GENE_SYMBOL
BAX	ENSG00000087088	BAX	6.2	EXPRESSED	GENE_SYMBOL
BBIP1	ENSG00000214413	BBIP1	46.4	EXPRESSED	GENE_SYMBOL
BBOX1	ENSG00000129151	BBOX1	0.3	EXPRESSED	GENE_SYMBOL
BBS1	ENSG00000174483	BBS1	19.9	EXPRESSED	GENE_SYMBOL
BBS10	ENSG00000179941	BBS10	10.5	EXPRESSED	GENE_SYMBOL
BBS12	ENSG00000181004	BBS12	16.3	EXPRESSED	GENE_SYMBOL
BBS2	ENSG00000125124	BBS2	12.0	EXPRESSED	GENE_SYMBOL
BBS4	ENSG00000140463	BBS4	42.0	EXPRESSED	GENE_SYMBOL
BBS5	ENSG00000163093	BBS5	11.3	EXPRESSED	GENE_SYMBOL
BBS7	ENSG00000138686	BBS7	52.4	EXPRESSED	GENE_SYMBOL
BBS9	ENSG00000122507	BBS9	20.3	EXPRESSED	GENE_SYMBOL
BCAP31	ENSG00000185825	BCAP31	59.3	EXPRESSED	GENE_SYMBOL
BCAS2	ENSG00000116752	BCAS2	37.4	EXPRESSED	GENE_SYMBOL
BCAT1	ENSG00000060982	BCAT1	13.4	EXPRESSED	GENE_SYMBOL
BCAT2	ENSG00000105552	BCAT2	5.2	EXPRESSED	GENE_SYMBOL
BCKDHA	ENSG00000248098	BCKDHA	20.2	EXPRESSED	GENE_SYMBOL
BCKDHB	ENSG00000083123	BCKDHB	7.3	EXPRESSED	GENE_SYMBOL
BCKDK	ENSG00000103507	BCKDK	5.9	EXPRESSED	GENE_SYMBOL
BCL2	ENSG00000171791	BCL2	2.0	EXPRESSED	GENE_SYMBOL
BCL2L11	ENSG00000153094	BCL2L11	11.9	EXPRESSED	GENE_SYMBOL
BCL6	ENSG00000113916	BCL6	31.7	EXPRESSED	GENE_SYMBOL
BCL9L	ENSG00000186174	BCL9L	2.8	EXPRESSED	GENE_SYMBOL
BCLAF1	ENSG00000029363	BCLAF1	32.2	EXPRESSED	GENE_SYMBOL
BCO1	ENSG00000135697	BCO1	0.2	EXPRESSED	GENE_SYMBOL
BCO2	ENSG00000197580	BCO2	51.8	EXPRESSED	GENE_SYMBOL
BCOR	ENSG00000183337	BCOR	13.1	EXPRESSED	GENE_SYMBOL
BCORL1	ENSG00000085185	BCORL1	1.8	EXPRESSED	GENE_SYMBOL
BCS1L	ENSG00000074582	BCS1L	12.5	EXPRESSED	GENE_SYMBOL
BEST1	ENSG00000167995	BEST1	6.2	EXPRESSED	GENE_SYMBOL
BEST2	ENSG00000039987	BEST2	1.2	EXPRESSED	GENE_SYMBOL
BICDL1	ENSG00000135127	BICDL1	39.5	EXPRESSED	GENE_SYMBOL
BIRC3	ENSG00000023445	BIRC3	0.5	EXPRESSED	GENE_SYMBOL
BLOC1S1	ENSG00000135441	BLOC1S1	77.5	EXPRESSED	GENE_SYMBOL
BLOC1S2	ENSG00000196072	BLOC1S2	17.5	EXPRESSED	GENE_SYMBOL
BLVRB	ENSG00000090013	BLVRB	5.1	EXPRESSED	GENE_SYMBOL
BMI1	ENSG00000168283	BMI1	37.4	EXPRESSED	GENE_SYMBOL
BMS1	ENSG00000165733	BMS1	6.0	EXPRESSED	GENE_SYMBOL
BMX	ENSG00000102010	BMX	0.0	NOT_DETECTED	GENE_SYMBOL
BNIP3	ENSG00000176171	BNIP3	118.2	EXPRESSED	GENE_SYMBOL
BOP1	ENSG00000261236	BOP1	1.0	EXPRESSED	GENE_SYMBOL
BORA	ENSG00000136122	BORA	3.2	EXPRESSED	GENE_SYMBOL
BORCS6	ENSG00000196544	BORCS6	2.8	EXPRESSED	GENE_SYMBOL
BORCS7	ENSG00000166275	BORCS7	18.7	EXPRESSED	GENE_SYMBOL
BPIFA2	ENSG00000131050	BPIFA2	0.0	NOT_DETECTED	GENE_SYMBOL
BRAF	ENSG00000157764	BRAF	15.7	EXPRESSED	GENE_SYMBOL
BRCA1	ENSG00000012048	BRCA1	6.9	EXPRESSED	GENE_SYMBOL
BRCA2	ENSG00000139618	BRCA2	0.0	NOT_DETECTED	GENE_SYMBOL
BRCC3	ENSG00000185515	BRCC3	11.6	EXPRESSED	GENE_SYMBOL
BRD2	ENSG00000204256	BRD2	9.4	EXPRESSED	GENE_SYMBOL
BRD3	ENSG00000169925	BRD3	9.8	EXPRESSED	GENE_SYMBOL
BRD4	ENSG00000141867	BRD4	11.2	EXPRESSED	GENE_SYMBOL
BRD7	ENSG00000166164	BRD7	45.9	EXPRESSED	GENE_SYMBOL
BRIX1	ENSG00000113460	BRIX1	10.7	EXPRESSED	GENE_SYMBOL
BRMS1	ENSG00000174744	BRMS1	8.4	EXPRESSED	GENE_SYMBOL
BRMS1L	ENSG00000100916	BRMS1L	7.6	EXPRESSED	GENE_SYMBOL
BSDC1	ENSG00000160058	BSDC1	20.1	EXPRESSED	GENE_SYMBOL
BSG	ENSG00000172270	BSG	176.2	EXPRESSED	GENE_SYMBOL
BTBD2	ENSG00000133243	BTBD2	15.7	EXPRESSED	GENE_SYMBOL
BTBD9	ENSG00000183826	BTBD9	6.5	EXPRESSED	GENE_SYMBOL
BTN1A1	ENSG00000124557	BTN1A1	0.0	NOT_DETECTED	GENE_SYMBOL
BUB1B	ENSG00000156970	BUB1B	0.1	EXPRESSED	GENE_SYMBOL
BUD13	ENSG00000137656	BUD13	9.8	EXPRESSED	GENE_SYMBOL
BUD23	ENSG00000071462	BUD23	26.1	EXPRESSED	GENE_SYMBOL
BUD31	ENSG00000106245	BUD31	13.8	EXPRESSED	GENE_SYMBOL
BYSL	ENSG00000112578	BYSL	2.3	EXPRESSED	GENE_SYMBOL
C10orf88	ENSG00000119965	C10orf88	6.1	EXPRESSED	GENE_SYMBOL
C11orf1	ENSG00000137720	C11orf1	20.7	EXPRESSED	GENE_SYMBOL
C11orf16	ENSG00000176029	C11orf16	0.0	NOT_DETECTED	GENE_SYMBOL
C11orf49				UNKNOWN	UNMAPPED
C11orf74				UNKNOWN	UNMAPPED
C11orf95				UNKNOWN	UNMAPPED
C12orf10				UNKNOWN	UNMAPPED
C15orf65				UNKNOWN	UNMAPPED
C17orf49	ENSG00000258315	C17orf49	36.3	EXPRESSED	GENE_SYMBOL
C18orf25	ENSG00000152242	C18orf25	25.6	EXPRESSED	GENE_SYMBOL
C19orf44	ENSG00000105072	C19orf44	3.4	EXPRESSED	GENE_SYMBOL
C19orf54	ENSG00000188493	C19orf54	4.9	EXPRESSED	GENE_SYMBOL
C19orf71				UNKNOWN	UNMAPPED
C1QA	ENSG00000173372	C1QA	4.1	EXPRESSED	GENE_SYMBOL
C1QL2	ENSG00000144119	C1QL2	2.7	EXPRESSED	GENE_SYMBOL
C1orf158				UNKNOWN	UNMAPPED
C1orf189				UNKNOWN	UNMAPPED
C1orf194				UNKNOWN	UNMAPPED
C2	ENSG00000166278	C2	0.5	EXPRESSED	GENE_SYMBOL
C20orf194				UNKNOWN	UNMAPPED
C2CD3	ENSG00000168014	C2CD3	7.7	EXPRESSED	GENE_SYMBOL
C2orf74	ENSG00000237651	C2orf74	30.3	EXPRESSED	GENE_SYMBOL
C5orf34	ENSG00000172244	C5orf34	0.5	EXPRESSED	GENE_SYMBOL
C5orf46	ENSG00000178776	C5orf46	0.5	EXPRESSED	GENE_SYMBOL
C5orf49	ENSG00000215217	C5orf49	1.3	EXPRESSED	GENE_SYMBOL
C6orf132	ENSG00000188112	C6orf132	0.3	EXPRESSED	GENE_SYMBOL
C6orf52	ENSG00000137434	C6orf52	0.7	EXPRESSED	GENE_SYMBOL
C8orf37				UNKNOWN	UNMAPPED
C8orf74	ENSG00000171060	C8orf74	0.0	NOT_DETECTED	GENE_SYMBOL
C9orf116				UNKNOWN	UNMAPPED
C9orf135				UNKNOWN	UNMAPPED
C9orf72	ENSG00000147894	C9orf72	29.0	EXPRESSED	GENE_SYMBOL
C9orf78	ENSG00000136819	C9orf78	19.1	EXPRESSED	GENE_SYMBOL
CA12	ENSG00000074410	CA12	1.7	EXPRESSED	GENE_SYMBOL
CA14	ENSG00000118298	CA14	36.5	EXPRESSED	GENE_SYMBOL
CA2	ENSG00000104267	CA2	361.8	EXPRESSED	GENE_SYMBOL
CA4	ENSG00000167434	CA4	0.0	NOT_DETECTED	GENE_SYMBOL
CA9	ENSG00000107159	CA9	0.9	EXPRESSED	GENE_SYMBOL
CAB39L	ENSG00000102547	CAB39L	13.7	EXPRESSED	GENE_SYMBOL
CABP1	ENSG00000157782	CABP1	23.9	EXPRESSED	GENE_SYMBOL
CABP2	ENSG00000167791	CABP2	6.8	EXPRESSED	GENE_SYMBOL
CABP4	ENSG00000175544	CABP4	63.1	EXPRESSED	GENE_SYMBOL
CABP5	ENSG00000105507	CABP5	360.1	EXPRESSED	GENE_SYMBOL
CACNA1F	ENSG00000102001	CACNA1F	116.2	EXPRESSED	GENE_SYMBOL
CACNA2D4	ENSG00000151062	CACNA2D4	18.7	EXPRESSED	GENE_SYMBOL
CACNG2	ENSG00000166862	CACNG2	2.6	EXPRESSED	GENE_SYMBOL
CACTIN	ENSG00000105298	CACTIN	4.3	EXPRESSED	GENE_SYMBOL
CAD	ENSG00000084774	CAD	4.7	EXPRESSED	GENE_SYMBOL
CALB1	ENSG00000104327	CALB1	50.9	EXPRESSED	GENE_SYMBOL
CALB2	ENSG00000172137	CALB2	21.9	EXPRESSED	GENE_SYMBOL
CALM1	ENSG00000198668	CALM1	223.4	EXPRESSED	GENE_SYMBOL
CALM2	ENSG00000143933	CALM2	532.0	EXPRESSED	GENE_SYMBOL
CALM3	ENSG00000160014	CALM3	141.0	EXPRESSED	GENE_SYMBOL
CALML3	ENSG00000178363	CALML3	0.0	NOT_DETECTED	GENE_SYMBOL
CALML4	ENSG00000129007	CALML4	3.1	EXPRESSED	GENE_SYMBOL
CALML5	ENSG00000178372	CALML5	0.0	NOT_DETECTED	GENE_SYMBOL
CALML6	ENSG00000169885	CALML6	0.2	EXPRESSED	GENE_SYMBOL
CALR	ENSG00000179218	CALR	89.3	EXPRESSED	GENE_SYMBOL
CAMK1	ENSG00000134072	CAMK1	5.5	EXPRESSED	GENE_SYMBOL
CAMK1D	ENSG00000183049	CAMK1D	53.6	EXPRESSED	GENE_SYMBOL
CAMK1G	ENSG00000008118	CAMK1G	0.4	EXPRESSED	GENE_SYMBOL
CAMK2A	ENSG00000070808	CAMK2A	1.6	EXPRESSED	GENE_SYMBOL
CAMK2B	ENSG00000058404	CAMK2B	14.9	EXPRESSED	GENE_SYMBOL
CAMK2D	ENSG00000145349	CAMK2D	52.6	EXPRESSED	GENE_SYMBOL
CAMK2G	ENSG00000148660	CAMK2G	38.1	EXPRESSED	GENE_SYMBOL
CAMK4	ENSG00000152495	CAMK4	4.4	EXPRESSED	GENE_SYMBOL
CAMSAP2	ENSG00000118200	CAMSAP2	24.2	EXPRESSED	GENE_SYMBOL
CANT1	ENSG00000171302	CANT1	6.9	EXPRESSED	GENE_SYMBOL
CANX	ENSG00000127022	CANX	61.7	EXPRESSED	GENE_SYMBOL
CAPN1	ENSG00000014216	CAPN1	8.9	EXPRESSED	GENE_SYMBOL
CAPN3	ENSG00000092529	CAPN3	6.9	EXPRESSED	GENE_SYMBOL
CAPN6	ENSG00000077274	CAPN6	0.0	NOT_DETECTED	GENE_SYMBOL
CAPN9	ENSG00000135773	CAPN9	4.7	EXPRESSED	GENE_SYMBOL
CAPZA1	ENSG00000116489	CAPZA1	34.4	EXPRESSED	GENE_SYMBOL
CAPZB	ENSG00000077549	CAPZB	114.8	EXPRESSED	GENE_SYMBOL
CARD14	ENSG00000141527	CARD14	0.2	EXPRESSED	GENE_SYMBOL
CARTPT	ENSG00000164326	CARTPT	19.8	EXPRESSED	GENE_SYMBOL
CASC3	ENSG00000108349	CASC3	36.2	EXPRESSED	GENE_SYMBOL
CASK	ENSG00000147044	CASK	18.3	EXPRESSED	GENE_SYMBOL
CASP3	ENSG00000164305	CASP3	8.2	EXPRESSED	GENE_SYMBOL
CASR	ENSG00000036828	CASR	1.0	EXPRESSED	GENE_SYMBOL
CASTOR3				UNKNOWN	UNMAPPED
CAV1	ENSG00000105974	CAV1	29.1	EXPRESSED	GENE_SYMBOL
CBLN3	ENSG00000139899	CBLN3	0.4	EXPRESSED	GENE_SYMBOL
CBS	ENSG00000160200	CBS	3.3	EXPRESSED	GENE_SYMBOL
CBSL				UNKNOWN	UNMAPPED
CBX2	ENSG00000173894	CBX2	0.4	EXPRESSED	GENE_SYMBOL
CBX3	ENSG00000122565	CBX3	113.5	EXPRESSED	GENE_SYMBOL
CBX4	ENSG00000141582	CBX4	11.4	EXPRESSED	GENE_SYMBOL
CBX7	ENSG00000100307	CBX7	31.6	EXPRESSED	GENE_SYMBOL
CBX8	ENSG00000141570	CBX8	4.2	EXPRESSED	GENE_SYMBOL
CBY1	ENSG00000100211	CBY1	15.2	EXPRESSED	GENE_SYMBOL
CC2D2A	ENSG00000048342	CC2D2A	78.4	EXPRESSED	GENE_SYMBOL
CC2D2B	ENSG00000188649	CC2D2B	2.5	EXPRESSED	GENE_SYMBOL
CCAR1	ENSG00000060339	CCAR1	19.3	EXPRESSED	GENE_SYMBOL
CCAR2	ENSG00000158941	CCAR2	39.4	EXPRESSED	GENE_SYMBOL
CCDC103	ENSG00000167131	CCDC103	3.8	EXPRESSED	GENE_SYMBOL
CCDC106	ENSG00000173581	CCDC106	6.0	EXPRESSED	GENE_SYMBOL
CCDC114				UNKNOWN	UNMAPPED
CCDC115	ENSG00000136710	CCDC115	14.6	EXPRESSED	GENE_SYMBOL
CCDC12	ENSG00000160799	CCDC12	19.3	EXPRESSED	GENE_SYMBOL
CCDC120	ENSG00000147144	CCDC120	1.8	EXPRESSED	GENE_SYMBOL
CCDC121	ENSG00000176714	CCDC121	6.7	EXPRESSED	GENE_SYMBOL
CCDC124	ENSG00000007080	CCDC124	8.3	EXPRESSED	GENE_SYMBOL
CCDC138	ENSG00000163006	CCDC138	2.1	EXPRESSED	GENE_SYMBOL
CCDC14	ENSG00000175455	CCDC14	40.0	EXPRESSED	GENE_SYMBOL
CCDC151				UNKNOWN	UNMAPPED
CCDC173				UNKNOWN	UNMAPPED
CCDC18	ENSG00000122483	CCDC18	0.3	EXPRESSED	GENE_SYMBOL
CCDC28B	ENSG00000160050	CCDC28B	4.8	EXPRESSED	GENE_SYMBOL
CCDC36				UNKNOWN	UNMAPPED
CCDC39	ENSG00000284862	CCDC39	20.2	EXPRESSED	GENE_SYMBOL
CCDC40	ENSG00000141519	CCDC40	5.2	EXPRESSED	GENE_SYMBOL
CCDC51	ENSG00000164051	CCDC51	7.2	EXPRESSED	GENE_SYMBOL
CCDC57	ENSG00000176155	CCDC57	4.6	EXPRESSED	GENE_SYMBOL
CCDC61	ENSG00000104983	CCDC61	1.5	EXPRESSED	GENE_SYMBOL
CCDC63	ENSG00000173093	CCDC63	0.0	NOT_DETECTED	GENE_SYMBOL
CCDC65	ENSG00000139537	CCDC65	6.6	EXPRESSED	GENE_SYMBOL
CCDC66	ENSG00000180376	CCDC66	7.3	EXPRESSED	GENE_SYMBOL
CCDC68	ENSG00000166510	CCDC68	0.6	EXPRESSED	GENE_SYMBOL
CCDC73	ENSG00000186714	CCDC73	0.2	EXPRESSED	GENE_SYMBOL
CCDC77	ENSG00000120647	CCDC77	3.2	EXPRESSED	GENE_SYMBOL
CCDC84				UNKNOWN	UNMAPPED
CCDC91	ENSG00000123106	CCDC91	24.8	EXPRESSED	GENE_SYMBOL
CCK	ENSG00000187094	CCK	4.1	EXPRESSED	GENE_SYMBOL
CCL19	ENSG00000172724	CCL19	0.1	EXPRESSED	GENE_SYMBOL
CCL2	ENSG00000108691	CCL2	10.7	EXPRESSED	GENE_SYMBOL
CCL21	ENSG00000137077	CCL21	0.0	NOT_DETECTED	GENE_SYMBOL
CCL22	ENSG00000102962	CCL22	0.2	EXPRESSED	GENE_SYMBOL
CCNB3	ENSG00000147082	CCNB3	0.5	EXPRESSED	GENE_SYMBOL
CCNF	ENSG00000162063	CCNF	0.8	EXPRESSED	GENE_SYMBOL
CCNL2	ENSG00000221978	CCNL2	19.6	EXPRESSED	GENE_SYMBOL
CCNO	ENSG00000152669	CCNO	0.1	EXPRESSED	GENE_SYMBOL
CCNQ	ENSG00000262919	CCNQ	5.9	EXPRESSED	GENE_SYMBOL
CCP110	ENSG00000103540	CCP110	12.4	EXPRESSED	GENE_SYMBOL
CCPG1	ENSG00000260916	CCPG1	44.5	EXPRESSED	GENE_SYMBOL
CCR1	ENSG00000163823	CCR1	0.3	EXPRESSED	GENE_SYMBOL
CCR2	ENSG00000121807	CCR2	0.0	NOT_DETECTED	GENE_SYMBOL
CCR3	ENSG00000183625	CCR3	0.0	NOT_DETECTED	GENE_SYMBOL
CCR5	ENSG00000160791	CCR5	0.1	EXPRESSED	GENE_SYMBOL
CCR6	ENSG00000112486	CCR6	0.1	EXPRESSED	GENE_SYMBOL
CCRL2	ENSG00000121797	CCRL2	0.1	EXPRESSED	GENE_SYMBOL
CCT2	ENSG00000166226	CCT2	53.2	EXPRESSED	GENE_SYMBOL
CCT3	ENSG00000163468	CCT3	126.0	EXPRESSED	GENE_SYMBOL
CCT4	ENSG00000115484	CCT4	52.6	EXPRESSED	GENE_SYMBOL
CCT5	ENSG00000150753	CCT5	45.4	EXPRESSED	GENE_SYMBOL
CCT6A	ENSG00000146731	CCT6A	44.2	EXPRESSED	GENE_SYMBOL
CCT6B	ENSG00000132141	CCT6B	2.1	EXPRESSED	GENE_SYMBOL
CCT7	ENSG00000135624	CCT7	76.7	EXPRESSED	GENE_SYMBOL
CCT8	ENSG00000156261	CCT8	66.0	EXPRESSED	GENE_SYMBOL
CCT8L2	ENSG00000198445	CCT8L2	0.0	NOT_DETECTED	GENE_SYMBOL
CD163	ENSG00000177575	CD163	4.0	EXPRESSED	GENE_SYMBOL
CD1D	ENSG00000158473	CD1D	0.2	EXPRESSED	GENE_SYMBOL
CD27	ENSG00000139193	CD27	0.3	EXPRESSED	GENE_SYMBOL
CD2AP	ENSG00000198087	CD2AP	6.4	EXPRESSED	GENE_SYMBOL
CD2BP2	ENSG00000169217	CD2BP2	15.0	EXPRESSED	GENE_SYMBOL
CD34	ENSG00000174059	CD34	2.1	EXPRESSED	GENE_SYMBOL
CD36	ENSG00000135218	CD36	0.3	EXPRESSED	GENE_SYMBOL
CD4	ENSG00000010610	CD4	9.8	EXPRESSED	GENE_SYMBOL
CD47	ENSG00000196776	CD47	264.3	EXPRESSED	GENE_SYMBOL
CD68	ENSG00000129226	CD68	4.5	EXPRESSED	GENE_SYMBOL
CD80	ENSG00000121594	CD80	0.0	NOT_DETECTED	GENE_SYMBOL
CD86	ENSG00000114013	CD86	0.8	EXPRESSED	GENE_SYMBOL
CD8A	ENSG00000153563	CD8A	0.0	NOT_DETECTED	GENE_SYMBOL
CDADC1	ENSG00000102543	CDADC1	4.8	EXPRESSED	GENE_SYMBOL
CDAN1	ENSG00000140326	CDAN1	2.4	EXPRESSED	GENE_SYMBOL
CDC14A	ENSG00000079335	CDC14A	5.1	EXPRESSED	GENE_SYMBOL
CDC16	ENSG00000130177	CDC16	39.7	EXPRESSED	GENE_SYMBOL
CDC20	ENSG00000117399	CDC20	0.2	EXPRESSED	GENE_SYMBOL
CDC20B	ENSG00000164287	CDC20B	0.0	NOT_DETECTED	GENE_SYMBOL
CDC23	ENSG00000094880	CDC23	13.0	EXPRESSED	GENE_SYMBOL
CDC26	ENSG00000176386	CDC26	38.6	EXPRESSED	GENE_SYMBOL
CDC27	ENSG00000004897	CDC27	12.7	EXPRESSED	GENE_SYMBOL
CDC40	ENSG00000168438	CDC40	13.7	EXPRESSED	GENE_SYMBOL
CDC42	ENSG00000070831	CDC42	52.7	EXPRESSED	GENE_SYMBOL
CDC42BPA	ENSG00000143776	CDC42BPA	22.1	EXPRESSED	GENE_SYMBOL
CDC42BPB	ENSG00000198752	CDC42BPB	19.5	EXPRESSED	GENE_SYMBOL
CDC42EP1	ENSG00000128283	CDC42EP1	2.4	EXPRESSED	GENE_SYMBOL
CDC42EP3	ENSG00000163171	CDC42EP3	14.3	EXPRESSED	GENE_SYMBOL
CDC5L	ENSG00000096401	CDC5L	12.2	EXPRESSED	GENE_SYMBOL
CDC6	ENSG00000094804	CDC6	0.5	EXPRESSED	GENE_SYMBOL
CDCP2	ENSG00000157211	CDCP2	0.0	NOT_DETECTED	GENE_SYMBOL
CDH23	ENSG00000107736	CDH23	13.4	EXPRESSED	GENE_SYMBOL
CDH5	ENSG00000179776	CDH5	1.2	EXPRESSED	GENE_SYMBOL
CDHR1	ENSG00000148600	CDHR1	291.2	EXPRESSED	GENE_SYMBOL
CDHR5	ENSG00000099834	CDHR5	0.1	EXPRESSED	GENE_SYMBOL
CDK10	ENSG00000185324	CDK10	7.0	EXPRESSED	GENE_SYMBOL
CDK11A	ENSG00000008128	CDK11A	12.1	EXPRESSED	GENE_SYMBOL
CDK11B	ENSG00000248333	CDK11B	8.3	EXPRESSED	GENE_SYMBOL
CDK5	ENSG00000164885	CDK5	10.5	EXPRESSED	GENE_SYMBOL
CDK5RAP1	ENSG00000101391	CDK5RAP1	14.8	EXPRESSED	GENE_SYMBOL
CDK5RAP2	ENSG00000136861	CDK5RAP2	4.8	EXPRESSED	GENE_SYMBOL
CDK7	ENSG00000134058	CDK7	11.9	EXPRESSED	GENE_SYMBOL
CDKN2A	ENSG00000147889	CDKN2A	0.1	EXPRESSED	GENE_SYMBOL
CDR2	ENSG00000140743	CDR2	69.5	EXPRESSED	GENE_SYMBOL
CDS1	ENSG00000163624	CDS1	20.8	EXPRESSED	GENE_SYMBOL
CDS2	ENSG00000101290	CDS2	29.2	EXPRESSED	GENE_SYMBOL
CDT1	ENSG00000167513	CDT1	0.3	EXPRESSED	GENE_SYMBOL
CEBPB	ENSG00000172216	CEBPB	4.3	EXPRESSED	GENE_SYMBOL
CEBPE	ENSG00000092067	CEBPE	0.0	NOT_DETECTED	GENE_SYMBOL
CEBPG	ENSG00000153879	CEBPG	16.0	EXPRESSED	GENE_SYMBOL
CELA3A	ENSG00000142789	CELA3A	0.0	NOT_DETECTED	GENE_SYMBOL
CELA3B	ENSG00000219073	CELA3B	0.0	NOT_DETECTED	GENE_SYMBOL
CEND1	ENSG00000184524	CEND1	7.0	EXPRESSED	GENE_SYMBOL
CENPA	ENSG00000115163	CENPA	0.0	NOT_DETECTED	GENE_SYMBOL
CENPE	ENSG00000138778	CENPE	0.4	EXPRESSED	GENE_SYMBOL
CENPF	ENSG00000117724	CENPF	0.4	EXPRESSED	GENE_SYMBOL
CENPJ	ENSG00000151849	CENPJ	1.7	EXPRESSED	GENE_SYMBOL
CENPT	ENSG00000102901	CENPT	0.8	EXPRESSED	GENE_SYMBOL
CEP104	ENSG00000116198	CEP104	8.4	EXPRESSED	GENE_SYMBOL
CEP120	ENSG00000168944	CEP120	10.7	EXPRESSED	GENE_SYMBOL
CEP126	ENSG00000110318	CEP126	10.2	EXPRESSED	GENE_SYMBOL
CEP128	ENSG00000100629	CEP128	1.5	EXPRESSED	GENE_SYMBOL
CEP131	ENSG00000141577	CEP131	1.7	EXPRESSED	GENE_SYMBOL
CEP135	ENSG00000174799	CEP135	2.6	EXPRESSED	GENE_SYMBOL
CEP152	ENSG00000103995	CEP152	1.7	EXPRESSED	GENE_SYMBOL
CEP162	ENSG00000135315	CEP162	2.6	EXPRESSED	GENE_SYMBOL
CEP164	ENSG00000110274	CEP164	24.1	EXPRESSED	GENE_SYMBOL
CEP170	ENSG00000143702	CEP170	10.1	EXPRESSED	GENE_SYMBOL
CEP170B	ENSG00000099814	CEP170B	9.5	EXPRESSED	GENE_SYMBOL
CEP19	ENSG00000174007	CEP19	6.1	EXPRESSED	GENE_SYMBOL
CEP192	ENSG00000101639	CEP192	6.2	EXPRESSED	GENE_SYMBOL
CEP250	ENSG00000126001	CEP250	9.2	EXPRESSED	GENE_SYMBOL
CEP290	ENSG00000198707	CEP290	6.6	EXPRESSED	GENE_SYMBOL
CEP295	ENSG00000166004	CEP295	13.6	EXPRESSED	GENE_SYMBOL
CEP350	ENSG00000135837	CEP350	4.2	EXPRESSED	GENE_SYMBOL
CEP41	ENSG00000106477	CEP41	7.2	EXPRESSED	GENE_SYMBOL
CEP63	ENSG00000182923	CEP63	15.5	EXPRESSED	GENE_SYMBOL
CEP70	ENSG00000114107	CEP70	33.1	EXPRESSED	GENE_SYMBOL
CEP72	ENSG00000112877	CEP72	1.0	EXPRESSED	GENE_SYMBOL
CEP76	ENSG00000101624	CEP76	4.2	EXPRESSED	GENE_SYMBOL
CEP78	ENSG00000148019	CEP78	8.6	EXPRESSED	GENE_SYMBOL
CEP83	ENSG00000173588	CEP83	4.4	EXPRESSED	GENE_SYMBOL
CEP85	ENSG00000130695	CEP85	13.1	EXPRESSED	GENE_SYMBOL
CEP89	ENSG00000121289	CEP89	6.8	EXPRESSED	GENE_SYMBOL
CEP97	ENSG00000182504	CEP97	2.7	EXPRESSED	GENE_SYMBOL
CERKL	ENSG00000188452	CERKL	19.5	EXPRESSED	GENE_SYMBOL
CES1	ENSG00000198848	CES1	2.7	EXPRESSED	GENE_SYMBOL
CETN1	ENSG00000177143	CETN1	0.0	NOT_DETECTED	GENE_SYMBOL
CETN2	ENSG00000147400	CETN2	37.1	EXPRESSED	GENE_SYMBOL
CETN3	ENSG00000153140	CETN3	32.7	EXPRESSED	GENE_SYMBOL
CFAP126	ENSG00000188931	CFAP126	30.4	EXPRESSED	GENE_SYMBOL
CFAP161	ENSG00000156206	CFAP161	1.2	EXPRESSED	GENE_SYMBOL
CFAP20	ENSG00000070761	CFAP20	26.4	EXPRESSED	GENE_SYMBOL
CFAP298	ENSG00000159079	CFAP298	25.6	EXPRESSED	GENE_SYMBOL
CFAP36	ENSG00000163001	CFAP36	115.1	EXPRESSED	GENE_SYMBOL
CFAP410	ENSG00000160226	CFAP410	9.2	EXPRESSED	GENE_SYMBOL
CFAP43	ENSG00000197748	CFAP43	9.9	EXPRESSED	GENE_SYMBOL
CFAP44	ENSG00000206530	CFAP44	8.1	EXPRESSED	GENE_SYMBOL
CFAP45	ENSG00000213085	CFAP45	0.0	NOT_DETECTED	GENE_SYMBOL
CFAP52	ENSG00000166596	CFAP52	2.2	EXPRESSED	GENE_SYMBOL
CFAP53	ENSG00000172361	CFAP53	3.2	EXPRESSED	GENE_SYMBOL
CFAP70	ENSG00000156042	CFAP70	9.6	EXPRESSED	GENE_SYMBOL
CFAP77	ENSG00000188523	CFAP77	3.4	EXPRESSED	GENE_SYMBOL
CFH	ENSG00000000971	CFH	3.5	EXPRESSED	GENE_SYMBOL
CFHR1	ENSG00000244414	CFHR1	0.1	EXPRESSED	GENE_SYMBOL
CFHR3	ENSG00000116785	CFHR3	0.0	NOT_DETECTED	GENE_SYMBOL
CFTR	ENSG00000001626	CFTR	0.0	NOT_DETECTED	GENE_SYMBOL
CGAS	ENSG00000164430	CGAS	0.2	EXPRESSED	GENE_SYMBOL
CGN	ENSG00000143375	CGN	3.4	EXPRESSED	GENE_SYMBOL
CGNL1	ENSG00000128849	CGNL1	11.4	EXPRESSED	GENE_SYMBOL
CH25H	ENSG00000138135	CH25H	0.3	EXPRESSED	GENE_SYMBOL
CHAD	ENSG00000136457	CHAD	0.4	EXPRESSED	GENE_SYMBOL
CHCHD10	ENSG00000250479	CHCHD10	58.6	EXPRESSED	GENE_SYMBOL
CHCHD2	ENSG00000106153	CHCHD2	209.6	EXPRESSED	GENE_SYMBOL
CHCHD3	ENSG00000106554	CHCHD3	37.3	EXPRESSED	GENE_SYMBOL
CHCHD5	ENSG00000125611	CHCHD5	4.2	EXPRESSED	GENE_SYMBOL
CHCHD7	ENSG00000170791	CHCHD7	30.2	EXPRESSED	GENE_SYMBOL
CHD1	ENSG00000153922	CHD1	2.1	EXPRESSED	GENE_SYMBOL
CHD3	ENSG00000170004	CHD3	16.7	EXPRESSED	GENE_SYMBOL
CHD4	ENSG00000111642	CHD4	41.7	EXPRESSED	GENE_SYMBOL
CHD8	ENSG00000100888	CHD8	13.7	EXPRESSED	GENE_SYMBOL
CHDH	ENSG00000016391	CHDH	1.3	EXPRESSED	GENE_SYMBOL
CHEK2	ENSG00000183765	CHEK2	0.4	EXPRESSED	GENE_SYMBOL
CHERP	ENSG00000085872	CHERP	6.3	EXPRESSED	GENE_SYMBOL
CHID1	ENSG00000177830	CHID1	23.4	EXPRESSED	GENE_SYMBOL
CHKA	ENSG00000110721	CHKA	19.6	EXPRESSED	GENE_SYMBOL
CHM	ENSG00000188419	CHM	8.7	EXPRESSED	GENE_SYMBOL
CHMP1A	ENSG00000131165	CHMP1A	5.0	EXPRESSED	GENE_SYMBOL
CHMP1B	ENSG00000255112	CHMP1B	16.3	EXPRESSED	GENE_SYMBOL
CHMP2A	ENSG00000130724	CHMP2A	64.4	EXPRESSED	GENE_SYMBOL
CHMP2B	ENSG00000083937	CHMP2B	14.2	EXPRESSED	GENE_SYMBOL
CHMP3	ENSG00000115561	CHMP3	28.5	EXPRESSED	GENE_SYMBOL
CHMP4A	ENSG00000254505	CHMP4A	14.4	EXPRESSED	GENE_SYMBOL
CHMP4B	ENSG00000101421	CHMP4B	49.4	EXPRESSED	GENE_SYMBOL
CHMP4C	ENSG00000164695	CHMP4C	0.1	EXPRESSED	GENE_SYMBOL
CHMP6	ENSG00000176108	CHMP6	17.2	EXPRESSED	GENE_SYMBOL
CHMP7	ENSG00000147457	CHMP7	1.6	EXPRESSED	GENE_SYMBOL
CHRM1	ENSG00000168539	CHRM1	0.1	EXPRESSED	GENE_SYMBOL
CHST10	ENSG00000115526	CHST10	8.7	EXPRESSED	GENE_SYMBOL
CHURC1-FNTB	ENSG00000125954	CHURC1-FNTB	0.1	EXPRESSED	GENE_SYMBOL
CIAO1	ENSG00000144021	CIAO1	16.0	EXPRESSED	GENE_SYMBOL
CIB2	ENSG00000136425	CIB2	4.7	EXPRESSED	GENE_SYMBOL
CIR1	ENSG00000138433	CIR1	21.9	EXPRESSED	GENE_SYMBOL
CISD3	ENSG00000277972	CISD3	0.6	EXPRESSED	GENE_SYMBOL
CKAP5	ENSG00000175216	CKAP5	52.8	EXPRESSED	GENE_SYMBOL
CLASRP	ENSG00000104859	CLASRP	2.4	EXPRESSED	GENE_SYMBOL
CLBA1	ENSG00000140104	CLBA1	2.9	EXPRESSED	GENE_SYMBOL
CLCA1	ENSG00000016490	CLCA1	0.0	NOT_DETECTED	GENE_SYMBOL
CLCA2	ENSG00000137975	CLCA2	0.0	NOT_DETECTED	GENE_SYMBOL
CLCA4	ENSG00000016602	CLCA4	0.0	NOT_DETECTED	GENE_SYMBOL
CLCC1	ENSG00000121940	CLCC1	10.5	EXPRESSED	GENE_SYMBOL
CLCN3	ENSG00000109572	CLCN3	66.2	EXPRESSED	GENE_SYMBOL
CLCN6	ENSG00000011021	CLCN6	14.1	EXPRESSED	GENE_SYMBOL
CLDN19	ENSG00000164007	CLDN19	0.0	NOT_DETECTED	GENE_SYMBOL
CLEC4M	ENSG00000104938	CLEC4M	0.0	NOT_DETECTED	GENE_SYMBOL
CLHC1	ENSG00000162994	CLHC1	7.1	EXPRESSED	GENE_SYMBOL
CLIC5	ENSG00000112782	CLIC5	15.7	EXPRESSED	GENE_SYMBOL
CLIC6	ENSG00000159212	CLIC6	0.2	EXPRESSED	GENE_SYMBOL
CLN3	ENSG00000188603	CLN3	3.0	EXPRESSED	GENE_SYMBOL
CLN5	ENSG00000102805	CLN5	22.1	EXPRESSED	GENE_SYMBOL
CLN6	ENSG00000128973	CLN6	11.0	EXPRESSED	GENE_SYMBOL
CLN8	ENSG00000182372	CLN8	3.5	EXPRESSED	GENE_SYMBOL
CLP1	ENSG00000172409	CLP1	3.0	EXPRESSED	GENE_SYMBOL
CLPB	ENSG00000162129	CLPB	5.9	EXPRESSED	GENE_SYMBOL
CLPP	ENSG00000125656	CLPP	14.5	EXPRESSED	GENE_SYMBOL
CLPX	ENSG00000166855	CLPX	9.2	EXPRESSED	GENE_SYMBOL
CLRN1	ENSG00000163646	CLRN1	11.8	EXPRESSED	GENE_SYMBOL
CLTC	ENSG00000141367	CLTC	120.8	EXPRESSED	GENE_SYMBOL
CLTCL1	ENSG00000070371	CLTCL1	1.9	EXPRESSED	GENE_SYMBOL
CLU	ENSG00000120885	CLU	3033.7	EXPRESSED	GENE_SYMBOL
CLUAP1	ENSG00000103351	CLUAP1	26.7	EXPRESSED	GENE_SYMBOL
CLUL1	ENSG00000079101	CLUL1	275.9	EXPRESSED	GENE_SYMBOL
CMC2	ENSG00000103121	CMC2	14.9	EXPRESSED	GENE_SYMBOL
CMC4	ENSG00000182712	CMC4	6.8	EXPRESSED	GENE_SYMBOL
CMTR1	ENSG00000137200	CMTR1	26.4	EXPRESSED	GENE_SYMBOL
CNGA1	ENSG00000198515	CNGA1	244.8	EXPRESSED	GENE_SYMBOL
CNGA2	ENSG00000183862	CNGA2	0.0	NOT_DETECTED	GENE_SYMBOL
CNGA3	ENSG00000144191	CNGA3	5.4	EXPRESSED	GENE_SYMBOL
CNGA4	ENSG00000132259	CNGA4	1.0	EXPRESSED	GENE_SYMBOL
CNGB1	ENSG00000070729	CNGB1	557.0	EXPRESSED	GENE_SYMBOL
CNGB3	ENSG00000170289	CNGB3	11.6	EXPRESSED	GENE_SYMBOL
CNNM4	ENSG00000158158	CNNM4	36.0	EXPRESSED	GENE_SYMBOL
CNOT1	ENSG00000125107	CNOT1	30.0	EXPRESSED	GENE_SYMBOL
CNOT3	ENSG00000088038	CNOT3	16.6	EXPRESSED	GENE_SYMBOL
CNR1	ENSG00000118432	CNR1	1.1	EXPRESSED	GENE_SYMBOL
CNTF	ENSG00000242689	CNTF	0.7	EXPRESSED	GENE_SYMBOL
CNTLN	ENSG00000044459	CNTLN	2.0	EXPRESSED	GENE_SYMBOL
CNTRL	ENSG00000119397	CNTRL	4.6	EXPRESSED	GENE_SYMBOL
CNTROB	ENSG00000170037	CNTROB	16.6	EXPRESSED	GENE_SYMBOL
COA4	ENSG00000181924	COA4	14.6	EXPRESSED	GENE_SYMBOL
COA6	ENSG00000168275	COA6	15.0	EXPRESSED	GENE_SYMBOL
COASY	ENSG00000068120	COASY	12.4	EXPRESSED	GENE_SYMBOL
COCH	ENSG00000100473	COCH	11.2	EXPRESSED	GENE_SYMBOL
COIL	ENSG00000121058	COIL	11.7	EXPRESSED	GENE_SYMBOL
COL9A2	ENSG00000049089	COL9A2	21.5	EXPRESSED	GENE_SYMBOL
COPG1	ENSG00000181789	COPG1	30.9	EXPRESSED	GENE_SYMBOL
COPS5	ENSG00000121022	COPS5	36.8	EXPRESSED	GENE_SYMBOL
COQ10A	ENSG00000135469	COQ10A	24.1	EXPRESSED	GENE_SYMBOL
COQ10B	ENSG00000115520	COQ10B	17.4	EXPRESSED	GENE_SYMBOL
COQ2	ENSG00000173085	COQ2	3.7	EXPRESSED	GENE_SYMBOL
COQ3	ENSG00000132423	COQ3	11.0	EXPRESSED	GENE_SYMBOL
COQ4	ENSG00000167113	COQ4	20.8	EXPRESSED	GENE_SYMBOL
COQ5	ENSG00000110871	COQ5	24.3	EXPRESSED	GENE_SYMBOL
COQ6	ENSG00000119723	COQ6	5.4	EXPRESSED	GENE_SYMBOL
COQ7	ENSG00000167186	COQ7	13.1	EXPRESSED	GENE_SYMBOL
COQ8A	ENSG00000163050	COQ8A	1.2	EXPRESSED	GENE_SYMBOL
COQ8B	ENSG00000123815	COQ8B	1.2	EXPRESSED	GENE_SYMBOL
COQ9	ENSG00000088682	COQ9	10.9	EXPRESSED	GENE_SYMBOL
CORO1A	ENSG00000102879	CORO1A	0.8	EXPRESSED	GENE_SYMBOL
COX10	ENSG00000006695	COX10	5.2	EXPRESSED	GENE_SYMBOL
COX11	ENSG00000166260	COX11	18.9	EXPRESSED	GENE_SYMBOL
COX15	ENSG00000014919	COX15	14.2	EXPRESSED	GENE_SYMBOL
COX17	ENSG00000138495	COX17	111.7	EXPRESSED	GENE_SYMBOL
COX18	ENSG00000163626	COX18	1.2	EXPRESSED	GENE_SYMBOL
COX19	ENSG00000240230	COX19	2.7	EXPRESSED	GENE_SYMBOL
COX4I1	ENSG00000131143	COX4I1	242.4	EXPRESSED	GENE_SYMBOL
COX5A	ENSG00000178741	COX5A	179.7	EXPRESSED	GENE_SYMBOL
COX5B	ENSG00000135940	COX5B	69.1	EXPRESSED	GENE_SYMBOL
COX6A1	ENSG00000111775	COX6A1	363.7	EXPRESSED	GENE_SYMBOL
COX8A	ENSG00000176340	COX8A	138.8	EXPRESSED	GENE_SYMBOL
CPA6	ENSG00000165078	CPA6	2.1	EXPRESSED	GENE_SYMBOL
CPE	ENSG00000109472	CPE	687.1	EXPRESSED	GENE_SYMBOL
CPLANE1	ENSG00000197603	CPLANE1	5.3	EXPRESSED	GENE_SYMBOL
CPLANE2	ENSG00000132881	CPLANE2	2.1	EXPRESSED	GENE_SYMBOL
CPLX4	ENSG00000166569	CPLX4	291.7	EXPRESSED	GENE_SYMBOL
CPNE8	ENSG00000139117	CPNE8	5.6	EXPRESSED	GENE_SYMBOL
CPOX	ENSG00000080819	CPOX	4.1	EXPRESSED	GENE_SYMBOL
CPSF1	ENSG00000071894	CPSF1	4.9	EXPRESSED	GENE_SYMBOL
CPSF6	ENSG00000111605	CPSF6	40.4	EXPRESSED	GENE_SYMBOL
CPSF7	ENSG00000149532	CPSF7	37.7	EXPRESSED	GENE_SYMBOL
CRABP1	ENSG00000166426	CRABP1	505.1	EXPRESSED	GENE_SYMBOL
CRABP2	ENSG00000143320	CRABP2	4.1	EXPRESSED	GENE_SYMBOL
CRAMP1	ENSG00000007545	CRAMP1	9.2	EXPRESSED	GENE_SYMBOL
CRB1	ENSG00000134376	CRB1	69.2	EXPRESSED	GENE_SYMBOL
CRB2	ENSG00000148204	CRB2	7.5	EXPRESSED	GENE_SYMBOL
CRB3	ENSG00000130545	CRB3	0.3	EXPRESSED	GENE_SYMBOL
CREB1	ENSG00000118260	CREB1	16.5	EXPRESSED	GENE_SYMBOL
CREB3	ENSG00000107175	CREB3	21.7	EXPRESSED	GENE_SYMBOL
CREB3L1	ENSG00000157613	CREB3L1	0.0	NOT_DETECTED	GENE_SYMBOL
CREB3L2	ENSG00000182158	CREB3L2	4.4	EXPRESSED	GENE_SYMBOL
CREB3L3	ENSG00000060566	CREB3L3	0.0	NOT_DETECTED	GENE_SYMBOL
CREB3L4	ENSG00000143578	CREB3L4	4.6	EXPRESSED	GENE_SYMBOL
CREB5	ENSG00000146592	CREB5	1.2	EXPRESSED	GENE_SYMBOL
CREBBP	ENSG00000005339	CREBBP	12.8	EXPRESSED	GENE_SYMBOL
CREBRF	ENSG00000164463	CREBRF	10.4	EXPRESSED	GENE_SYMBOL
CREBZF	ENSG00000137504	CREBZF	22.6	EXPRESSED	GENE_SYMBOL
CREM	ENSG00000095794	CREM	20.7	EXPRESSED	GENE_SYMBOL
CRH	ENSG00000147571	CRH	0.5	EXPRESSED	GENE_SYMBOL
CRHR1	ENSG00000120088	CRHR1	1.4	EXPRESSED	GENE_SYMBOL
CRIPT	ENSG00000119878	CRIPT	9.9	EXPRESSED	GENE_SYMBOL
CRLF1	ENSG00000006016	CRLF1	0.1	EXPRESSED	GENE_SYMBOL
CRNKL1	ENSG00000101343	CRNKL1	9.1	EXPRESSED	GENE_SYMBOL
CROCC	ENSG00000058453	CROCC	10.6	EXPRESSED	GENE_SYMBOL
CRPPA	ENSG00000214960	CRPPA	1.1	EXPRESSED	GENE_SYMBOL
CRTC2	ENSG00000160741	CRTC2	9.3	EXPRESSED	GENE_SYMBOL
CRX	ENSG00000105392	CRX	202.2	EXPRESSED	GENE_SYMBOL
CRYBA1	ENSG00000108255	CRYBA1	0.2	EXPRESSED	GENE_SYMBOL
CRYBB2	ENSG00000244752	CRYBB2	0.4	EXPRESSED	GENE_SYMBOL
CRYBB3	ENSG00000100053	CRYBB3	0.7	EXPRESSED	GENE_SYMBOL
CRYBG3	ENSG00000080200	CRYBG3	7.3	EXPRESSED	GENE_SYMBOL
CRYGC	ENSG00000163254	CRYGC	0.0	NOT_DETECTED	GENE_SYMBOL
CRYGD	ENSG00000118231	CRYGD	0.1	EXPRESSED	GENE_SYMBOL
CS	ENSG00000062485	CS	119.5	EXPRESSED	GENE_SYMBOL
CSF1	ENSG00000184371	CSF1	1.4	EXPRESSED	GENE_SYMBOL
CSF2	ENSG00000164400	CSF2	0.0	NOT_DETECTED	GENE_SYMBOL
CSH1	ENSG00000136488	CSH1	0.0	NOT_DETECTED	GENE_SYMBOL
CSH2	ENSG00000213218	CSH2	0.0	NOT_DETECTED	GENE_SYMBOL
CSHL1	ENSG00000204414	CSHL1	0.0	NOT_DETECTED	GENE_SYMBOL
CSK	ENSG00000103653	CSK	6.4	EXPRESSED	GENE_SYMBOL
CSMD1	ENSG00000183117	CSMD1	1.4	EXPRESSED	GENE_SYMBOL
CSMD3	ENSG00000164796	CSMD3	0.6	EXPRESSED	GENE_SYMBOL
CSPP1	ENSG00000104218	CSPP1	2.1	EXPRESSED	GENE_SYMBOL
CST3	ENSG00000101439	CST3	43.4	EXPRESSED	GENE_SYMBOL
CSTF2	ENSG00000101811	CSTF2	7.1	EXPRESSED	GENE_SYMBOL
CTBP1	ENSG00000159692	CTBP1	26.4	EXPRESSED	GENE_SYMBOL
CTBP2	ENSG00000175029	CTBP2	60.3	EXPRESSED	GENE_SYMBOL
CTH	ENSG00000116761	CTH	7.8	EXPRESSED	GENE_SYMBOL
CTNNB1	ENSG00000168036	CTNNB1	82.3	EXPRESSED	GENE_SYMBOL
CTNNBL1	ENSG00000132792	CTNNBL1	17.4	EXPRESSED	GENE_SYMBOL
CTNS	ENSG00000040531	CTNS	6.3	EXPRESSED	GENE_SYMBOL
CTPS1	ENSG00000171793	CTPS1	2.3	EXPRESSED	GENE_SYMBOL
CTPS2	ENSG00000047230	CTPS2	9.1	EXPRESSED	GENE_SYMBOL
CTSD	ENSG00000117984	CTSD	44.9	EXPRESSED	GENE_SYMBOL
CTSF	ENSG00000174080	CTSF	24.3	EXPRESSED	GENE_SYMBOL
CTSH	ENSG00000103811	CTSH	4.6	EXPRESSED	GENE_SYMBOL
CTTNBP2	ENSG00000077063	CTTNBP2	7.3	EXPRESSED	GENE_SYMBOL
CTU2	ENSG00000174177	CTU2	1.3	EXPRESSED	GENE_SYMBOL
CUBN	ENSG00000107611	CUBN	2.8	EXPRESSED	GENE_SYMBOL
CUL3	ENSG00000036257	CUL3	37.1	EXPRESSED	GENE_SYMBOL
CUL7	ENSG00000044090	CUL7	4.8	EXPRESSED	GENE_SYMBOL
CUX1	ENSG00000257923	CUX1	17.8	EXPRESSED	GENE_SYMBOL
CWC15	ENSG00000150316	CWC15	23.4	EXPRESSED	GENE_SYMBOL
CWC22	ENSG00000163510	CWC22	11.5	EXPRESSED	GENE_SYMBOL
CWC25	ENSG00000273559	CWC25	7.9	EXPRESSED	GENE_SYMBOL
CWC27	ENSG00000153015	CWC27	11.7	EXPRESSED	GENE_SYMBOL
CWF19L1	ENSG00000095485	CWF19L1	9.6	EXPRESSED	GENE_SYMBOL
CWF19L2	ENSG00000152404	CWF19L2	8.2	EXPRESSED	GENE_SYMBOL
CX3CL1	ENSG00000006210	CX3CL1	4.0	EXPRESSED	GENE_SYMBOL
CX3CR1	ENSG00000168329	CX3CR1	0.5	EXPRESSED	GENE_SYMBOL
CXCL11	ENSG00000169248	CXCL11	0.0	NOT_DETECTED	GENE_SYMBOL
CXCR4	ENSG00000121966	CXCR4	7.4	EXPRESSED	GENE_SYMBOL
CXCR5	ENSG00000160683	CXCR5	0.1	EXPRESSED	GENE_SYMBOL
CXorf51A	ENSG00000224440	CXorf51A	0.0	NOT_DETECTED	GENE_SYMBOL
CXorf56				UNKNOWN	UNMAPPED
CXorf66	ENSG00000203933	CXorf66	0.0	NOT_DETECTED	GENE_SYMBOL
CYB561A3	ENSG00000162144	CYB561A3	10.4	EXPRESSED	GENE_SYMBOL
CYB5A	ENSG00000166347	CYB5A	9.4	EXPRESSED	GENE_SYMBOL
CYB5B	ENSG00000103018	CYB5B	26.2	EXPRESSED	GENE_SYMBOL
CYB5D1	ENSG00000182224	CYB5D1	27.9	EXPRESSED	GENE_SYMBOL
CYB5R1	ENSG00000159348	CYB5R1	31.8	EXPRESSED	GENE_SYMBOL
CYB5R4	ENSG00000065615	CYB5R4	4.9	EXPRESSED	GENE_SYMBOL
CYBRD1	ENSG00000071967	CYBRD1	20.5	EXPRESSED	GENE_SYMBOL
CYC1	ENSG00000179091	CYC1	39.0	EXPRESSED	GENE_SYMBOL
CYCS	ENSG00000172115	CYCS	142.6	EXPRESSED	GENE_SYMBOL
CYGB	ENSG00000161544	CYGB	72.0	EXPRESSED	GENE_SYMBOL
CYP11A1	ENSG00000140459	CYP11A1	0.6	EXPRESSED	GENE_SYMBOL
CYP1A1	ENSG00000140465	CYP1A1	0.2	EXPRESSED	GENE_SYMBOL
CYP1A2	ENSG00000140505	CYP1A2	0.4	EXPRESSED	GENE_SYMBOL
CYP1B1	ENSG00000138061	CYP1B1	1.1	EXPRESSED	GENE_SYMBOL
CYP26A1	ENSG00000095596	CYP26A1	0.5	EXPRESSED	GENE_SYMBOL
CYP26B1	ENSG00000003137	CYP26B1	3.9	EXPRESSED	GENE_SYMBOL
CYP26C1	ENSG00000187553	CYP26C1	0.0	NOT_DETECTED	GENE_SYMBOL
CYP27C1	ENSG00000186684	CYP27C1	0.1	EXPRESSED	GENE_SYMBOL
CYP2F1	ENSG00000197446	CYP2F1	0.0	NOT_DETECTED	GENE_SYMBOL
CYP2S1	ENSG00000167600	CYP2S1	0.2	EXPRESSED	GENE_SYMBOL
CYP2U1	ENSG00000155016	CYP2U1	5.4	EXPRESSED	GENE_SYMBOL
CYP2W1	ENSG00000073067	CYP2W1	0.2	EXPRESSED	GENE_SYMBOL
CYP3A4	ENSG00000160868	CYP3A4	0.3	EXPRESSED	GENE_SYMBOL
CYP4V2	ENSG00000145476	CYP4V2	13.1	EXPRESSED	GENE_SYMBOL
CYP51A1	ENSG00000001630	CYP51A1	26.7	EXPRESSED	GENE_SYMBOL
CYS1	ENSG00000205795	CYS1	1.8	EXPRESSED	GENE_SYMBOL
DAG1	ENSG00000173402	DAG1	9.2	EXPRESSED	GENE_SYMBOL
DAP3	ENSG00000132676	DAP3	66.6	EXPRESSED	GENE_SYMBOL
DAW1	ENSG00000123977	DAW1	1.1	EXPRESSED	GENE_SYMBOL
DAXX	ENSG00000204209	DAXX	4.8	EXPRESSED	GENE_SYMBOL
DBN1	ENSG00000113758	DBN1	4.1	EXPRESSED	GENE_SYMBOL
DBR1	ENSG00000138231	DBR1	3.1	EXPRESSED	GENE_SYMBOL
DBT	ENSG00000137992	DBT	5.5	EXPRESSED	GENE_SYMBOL
DCAF10	ENSG00000122741	DCAF10	6.6	EXPRESSED	GENE_SYMBOL
DCAF7	ENSG00000136485	DCAF7	28.0	EXPRESSED	GENE_SYMBOL
DCK	ENSG00000156136	DCK	15.8	EXPRESSED	GENE_SYMBOL
DCSTAMP	ENSG00000164935	DCSTAMP	0.0	NOT_DETECTED	GENE_SYMBOL
DCT	ENSG00000080166	DCT	0.8	EXPRESSED	GENE_SYMBOL
DCTN1	ENSG00000204843	DCTN1	40.4	EXPRESSED	GENE_SYMBOL
DCTN2	ENSG00000175203	DCTN2	56.9	EXPRESSED	GENE_SYMBOL
DCTN4	ENSG00000132912	DCTN4	54.6	EXPRESSED	GENE_SYMBOL
DDB1	ENSG00000167986	DDB1	150.8	EXPRESSED	GENE_SYMBOL
DDIT3	ENSG00000175197	DDIT3	114.4	EXPRESSED	GENE_SYMBOL
DDOST	ENSG00000244038	DDOST	39.0	EXPRESSED	GENE_SYMBOL
DDX1	ENSG00000079785	DDX1	51.9	EXPRESSED	GENE_SYMBOL
DDX17	ENSG00000100201	DDX17	316.8	EXPRESSED	GENE_SYMBOL
DDX18	ENSG00000088205	DDX18	18.0	EXPRESSED	GENE_SYMBOL
DDX19A	ENSG00000168872	DDX19A	11.7	EXPRESSED	GENE_SYMBOL
DDX20	ENSG00000064703	DDX20	0.7	EXPRESSED	GENE_SYMBOL
DDX21	ENSG00000165732	DDX21	6.6	EXPRESSED	GENE_SYMBOL
DDX23	ENSG00000174243	DDX23	17.9	EXPRESSED	GENE_SYMBOL
DDX27	ENSG00000124228	DDX27	10.2	EXPRESSED	GENE_SYMBOL
DDX39A	ENSG00000123136	DDX39A	4.3	EXPRESSED	GENE_SYMBOL
DDX39B	ENSG00000198563	DDX39B	31.8	EXPRESSED	GENE_SYMBOL
DDX3X	ENSG00000215301	DDX3X	75.6	EXPRESSED	GENE_SYMBOL
DDX3Y	ENSG00000067048	DDX3Y	21.9	EXPRESSED	GENE_SYMBOL
DDX4	ENSG00000152670	DDX4	0.1	EXPRESSED	GENE_SYMBOL
DDX41	ENSG00000183258	DDX41	13.6	EXPRESSED	GENE_SYMBOL
DDX42	ENSG00000198231	DDX42	32.9	EXPRESSED	GENE_SYMBOL
DDX46	ENSG00000145833	DDX46	16.7	EXPRESSED	GENE_SYMBOL
DDX49	ENSG00000105671	DDX49	4.5	EXPRESSED	GENE_SYMBOL
DDX5	ENSG00000108654	DDX5	195.9	EXPRESSED	GENE_SYMBOL
DDX50	ENSG00000107625	DDX50	21.6	EXPRESSED	GENE_SYMBOL
DDX52	ENSG00000278053	DDX52	1.9	EXPRESSED	GENE_SYMBOL
DDX54	ENSG00000123064	DDX54	6.8	EXPRESSED	GENE_SYMBOL
DDX56	ENSG00000136271	DDX56	6.8	EXPRESSED	GENE_SYMBOL
DDX59	ENSG00000118197	DDX59	16.1	EXPRESSED	GENE_SYMBOL
DEGS1	ENSG00000143753	DEGS1	19.3	EXPRESSED	GENE_SYMBOL
DEPDC1	ENSG00000024526	DEPDC1	0.0	NOT_DETECTED	GENE_SYMBOL
DEPDC1B	ENSG00000035499	DEPDC1B	0.1	EXPRESSED	GENE_SYMBOL
DERA	ENSG00000023697	DERA	26.1	EXPRESSED	GENE_SYMBOL
DERL1	ENSG00000136986	DERL1	27.4	EXPRESSED	GENE_SYMBOL
DGAT1	ENSG00000185000	DGAT1	1.5	EXPRESSED	GENE_SYMBOL
DGAT2	ENSG00000062282	DGAT2	0.6	EXPRESSED	GENE_SYMBOL
DHCR24	ENSG00000116133	DHCR24	14.7	EXPRESSED	GENE_SYMBOL
DHCR7	ENSG00000172893	DHCR7	7.1	EXPRESSED	GENE_SYMBOL
DHDDS	ENSG00000117682	DHDDS	30.3	EXPRESSED	GENE_SYMBOL
DHFR	ENSG00000228716	DHFR	9.5	EXPRESSED	GENE_SYMBOL
DHODH	ENSG00000102967	DHODH	2.9	EXPRESSED	GENE_SYMBOL
DHRS3	ENSG00000162496	DHRS3	7.9	EXPRESSED	GENE_SYMBOL
DHRS4	ENSG00000157326	DHRS4	3.6	EXPRESSED	GENE_SYMBOL
DHRS9	ENSG00000073737	DHRS9	1.2	EXPRESSED	GENE_SYMBOL
DHTKD1	ENSG00000181192	DHTKD1	6.9	EXPRESSED	GENE_SYMBOL
DHX15	ENSG00000109606	DHX15	37.1	EXPRESSED	GENE_SYMBOL
DHX16	ENSG00000204560	DHX16	13.3	EXPRESSED	GENE_SYMBOL
DHX29	ENSG00000067248	DHX29	8.0	EXPRESSED	GENE_SYMBOL
DHX30	ENSG00000132153	DHX30	11.8	EXPRESSED	GENE_SYMBOL
DHX32	ENSG00000089876	DHX32	20.0	EXPRESSED	GENE_SYMBOL
DHX33	ENSG00000005100	DHX33	5.9	EXPRESSED	GENE_SYMBOL
DHX34	ENSG00000134815	DHX34	2.7	EXPRESSED	GENE_SYMBOL
DHX35	ENSG00000101452	DHX35	5.6	EXPRESSED	GENE_SYMBOL
DHX36	ENSG00000174953	DHX36	15.7	EXPRESSED	GENE_SYMBOL
DHX37	ENSG00000150990	DHX37	0.5	EXPRESSED	GENE_SYMBOL
DHX38	ENSG00000140829	DHX38	12.3	EXPRESSED	GENE_SYMBOL
DHX40	ENSG00000108406	DHX40	19.9	EXPRESSED	GENE_SYMBOL
DHX57	ENSG00000163214	DHX57	7.9	EXPRESSED	GENE_SYMBOL
DHX8	ENSG00000067596	DHX8	14.6	EXPRESSED	GENE_SYMBOL
DHX9	ENSG00000135829	DHX9	61.6	EXPRESSED	GENE_SYMBOL
DIAPH1	ENSG00000131504	DIAPH1	26.5	EXPRESSED	GENE_SYMBOL
DIAPH2	ENSG00000147202	DIAPH2	2.7	EXPRESSED	GENE_SYMBOL
DIAPH3	ENSG00000139734	DIAPH3	0.0	NOT_DETECTED	GENE_SYMBOL
DIDO1	ENSG00000101191	DIDO1	18.4	EXPRESSED	GENE_SYMBOL
DIP2A	ENSG00000160305	DIP2A	9.8	EXPRESSED	GENE_SYMBOL
DIP2C	ENSG00000151240	DIP2C	8.7	EXPRESSED	GENE_SYMBOL
DLAT	ENSG00000150768	DLAT	10.0	EXPRESSED	GENE_SYMBOL
DLD	ENSG00000091140	DLD	28.0	EXPRESSED	GENE_SYMBOL
DLG4	ENSG00000132535	DLG4	200.9	EXPRESSED	GENE_SYMBOL
DLST	ENSG00000119689	DLST	34.4	EXPRESSED	GENE_SYMBOL
DMD	ENSG00000198947	DMD	67.9	EXPRESSED	GENE_SYMBOL
DMWD	ENSG00000185800	DMWD	11.0	EXPRESSED	GENE_SYMBOL
DNAAF1	ENSG00000154099	DNAAF1	0.4	EXPRESSED	GENE_SYMBOL
DNAAF2	ENSG00000165506	DNAAF2	4.4	EXPRESSED	GENE_SYMBOL
DNAAF3	ENSG00000167646	DNAAF3	0.4	EXPRESSED	GENE_SYMBOL
DNAAF4	ENSG00000256061	DNAAF4	27.4	EXPRESSED	GENE_SYMBOL
DNAAF5	ENSG00000164818	DNAAF5	3.7	EXPRESSED	GENE_SYMBOL
DNAH10	ENSG00000197653	DNAH10	0.1	EXPRESSED	GENE_SYMBOL
DNAH11	ENSG00000105877	DNAH11	0.0	NOT_DETECTED	GENE_SYMBOL
DNAH12	ENSG00000174844	DNAH12	0.2	EXPRESSED	GENE_SYMBOL
DNAH5	ENSG00000039139	DNAH5	0.0	NOT_DETECTED	GENE_SYMBOL
DNAH9	ENSG00000007174	DNAH9	6.1	EXPRESSED	GENE_SYMBOL
DNAI1	ENSG00000122735	DNAI1	2.5	EXPRESSED	GENE_SYMBOL
DNAI2	ENSG00000171595	DNAI2	0.0	NOT_DETECTED	GENE_SYMBOL
DNAJA1	ENSG00000086061	DNAJA1	72.5	EXPRESSED	GENE_SYMBOL
DNAJB13	ENSG00000187726	DNAJB13	0.4	EXPRESSED	GENE_SYMBOL
DNAJB4	ENSG00000162616	DNAJB4	13.9	EXPRESSED	GENE_SYMBOL
DNAJC17	ENSG00000104129	DNAJC17	5.0	EXPRESSED	GENE_SYMBOL
DNAJC18	ENSG00000170464	DNAJC18	7.1	EXPRESSED	GENE_SYMBOL
DNAJC19	ENSG00000205981	DNAJC19	23.8	EXPRESSED	GENE_SYMBOL
DNAJC28	ENSG00000177692	DNAJC28	1.5	EXPRESSED	GENE_SYMBOL
DNAJC5	ENSG00000101152	DNAJC5	26.1	EXPRESSED	GENE_SYMBOL
DNAJC5B	ENSG00000147570	DNAJC5B	0.0	NOT_DETECTED	GENE_SYMBOL
DNAJC6	ENSG00000116675	DNAJC6	48.9	EXPRESSED	GENE_SYMBOL
DNAJC8	ENSG00000126698	DNAJC8	23.7	EXPRESSED	GENE_SYMBOL
DNALI1	ENSG00000163879	DNALI1	10.9	EXPRESSED	GENE_SYMBOL
DNM1	ENSG00000106976	DNM1	73.8	EXPRESSED	GENE_SYMBOL
DNM2	ENSG00000079805	DNM2	23.7	EXPRESSED	GENE_SYMBOL
DOC2A	ENSG00000149927	DOC2A	1.0	EXPRESSED	GENE_SYMBOL
DOCK1	ENSG00000150760	DOCK1	2.1	EXPRESSED	GENE_SYMBOL
DOCK4	ENSG00000128512	DOCK4	8.8	EXPRESSED	GENE_SYMBOL
DOLK	ENSG00000175283	DOLK	4.1	EXPRESSED	GENE_SYMBOL
DOLPP1	ENSG00000167130	DOLPP1	3.5	EXPRESSED	GENE_SYMBOL
DOT1L	ENSG00000104885	DOT1L	7.3	EXPRESSED	GENE_SYMBOL
DPAGT1	ENSG00000172269	DPAGT1	5.5	EXPRESSED	GENE_SYMBOL
DPH2	ENSG00000132768	DPH2	3.2	EXPRESSED	GENE_SYMBOL
DPH3	ENSG00000154813	DPH3	12.4	EXPRESSED	GENE_SYMBOL
DPH5	ENSG00000117543	DPH5	5.8	EXPRESSED	GENE_SYMBOL
DPM1	ENSG00000000419	DPM1	20.2	EXPRESSED	GENE_SYMBOL
DPM2	ENSG00000136908	DPM2	12.3	EXPRESSED	GENE_SYMBOL
DPM3	ENSG00000179085	DPM3	9.6	EXPRESSED	GENE_SYMBOL
DPRX	ENSG00000204595	DPRX	0.0	NOT_DETECTED	GENE_SYMBOL
DPY19L4	ENSG00000156162	DPY19L4	12.0	EXPRESSED	GENE_SYMBOL
DPY30	ENSG00000162961	DPY30	30.8	EXPRESSED	GENE_SYMBOL
DPYD	ENSG00000188641	DPYD	3.0	EXPRESSED	GENE_SYMBOL
DPYSL3	ENSG00000113657	DPYSL3	151.9	EXPRESSED	GENE_SYMBOL
DQX1	ENSG00000144045	DQX1	0.0	NOT_DETECTED	GENE_SYMBOL
DR1	ENSG00000117505	DR1	13.0	EXPRESSED	GENE_SYMBOL
DRAM2	ENSG00000156171	DRAM2	15.6	EXPRESSED	GENE_SYMBOL
DRAP1	ENSG00000175550	DRAP1	23.3	EXPRESSED	GENE_SYMBOL
DRAXIN	ENSG00000162490	DRAXIN	0.1	EXPRESSED	GENE_SYMBOL
DRC1	ENSG00000157856	DRC1	0.0	NOT_DETECTED	GENE_SYMBOL
DRC7	ENSG00000159625	DRC7	0.2	EXPRESSED	GENE_SYMBOL
DRD2	ENSG00000149295	DRD2	10.8	EXPRESSED	GENE_SYMBOL
DRD4	ENSG00000069696	DRD4	0.0	NOT_DETECTED	GENE_SYMBOL
DSCAM	ENSG00000171587	DSCAM	1.7	EXPRESSED	GENE_SYMBOL
DSG4	ENSG00000175065	DSG4	0.0	NOT_DETECTED	GENE_SYMBOL
DTHD1	ENSG00000197057	DTHD1	0.0	NOT_DETECTED	GENE_SYMBOL
DUSP6	ENSG00000139318	DUSP6	6.3	EXPRESSED	GENE_SYMBOL
DVL1	ENSG00000107404	DVL1	7.5	EXPRESSED	GENE_SYMBOL
DVL2	ENSG00000004975	DVL2	13.4	EXPRESSED	GENE_SYMBOL
DYNC1H1	ENSG00000197102	DYNC1H1	6.2	EXPRESSED	GENE_SYMBOL
DYNC1I1	ENSG00000158560	DYNC1I1	25.4	EXPRESSED	GENE_SYMBOL
DYNC1I2	ENSG00000077380	DYNC1I2	58.8	EXPRESSED	GENE_SYMBOL
DYNC1LI1	ENSG00000144635	DYNC1LI1	36.8	EXPRESSED	GENE_SYMBOL
DYNC1LI2	ENSG00000135720	DYNC1LI2	34.6	EXPRESSED	GENE_SYMBOL
DYNC2H1	ENSG00000187240	DYNC2H1	9.5	EXPRESSED	GENE_SYMBOL
DYNC2LI1	ENSG00000138036	DYNC2LI1	40.7	EXPRESSED	GENE_SYMBOL
DYNLL1	ENSG00000088986	DYNLL1	168.0	EXPRESSED	GENE_SYMBOL
DYNLL2	ENSG00000264364	DYNLL2	38.2	EXPRESSED	GENE_SYMBOL
DYNLRB1	ENSG00000125971	DYNLRB1	160.9	EXPRESSED	GENE_SYMBOL
DYNLRB2	ENSG00000168589	DYNLRB2	3.9	EXPRESSED	GENE_SYMBOL
DYNLT1	ENSG00000146425	DYNLT1	31.8	EXPRESSED	GENE_SYMBOL
DYNLT3	ENSG00000165169	DYNLT3	30.6	EXPRESSED	GENE_SYMBOL
DYSF	ENSG00000135636	DYSF	1.0	EXPRESSED	GENE_SYMBOL
DZANK1	ENSG00000089091	DZANK1	5.3	EXPRESSED	GENE_SYMBOL
DZIP1	ENSG00000134874	DZIP1	3.7	EXPRESSED	GENE_SYMBOL
E2F6	ENSG00000169016	E2F6	3.3	EXPRESSED	GENE_SYMBOL
E4F1	ENSG00000167967	E4F1	2.8	EXPRESSED	GENE_SYMBOL
E9PBE3_HUMAN				UNKNOWN	UNMAPPED
EAF1	ENSG00000144597	EAF1	7.2	EXPRESSED	GENE_SYMBOL
EAPP	ENSG00000129518	EAPP	33.9	EXPRESSED	GENE_SYMBOL
EBNA1BP2	ENSG00000117395	EBNA1BP2	18.2	EXPRESSED	GENE_SYMBOL
EBP	ENSG00000147155	EBP	9.9	EXPRESSED	GENE_SYMBOL
EBPL	ENSG00000123179	EBPL	4.0	EXPRESSED	GENE_SYMBOL
ECD	ENSG00000122882	ECD	15.7	EXPRESSED	GENE_SYMBOL
ECHS1	ENSG00000127884	ECHS1	36.9	EXPRESSED	GENE_SYMBOL
ECI1	ENSG00000167969	ECI1	11.9	EXPRESSED	GENE_SYMBOL
ECI2	ENSG00000198721	ECI2	29.5	EXPRESSED	GENE_SYMBOL
ECM2	ENSG00000106823	ECM2	0.3	EXPRESSED	GENE_SYMBOL
ECPAS	ENSG00000136813	ECPAS	24.6	EXPRESSED	GENE_SYMBOL
ECT2	ENSG00000114346	ECT2	11.6	EXPRESSED	GENE_SYMBOL
EDC4	ENSG00000038358	EDC4	7.9	EXPRESSED	GENE_SYMBOL
EDEM1	ENSG00000134109	EDEM1	5.1	EXPRESSED	GENE_SYMBOL
EEF1A1	ENSG00000156508	EEF1A1	2040.9	EXPRESSED	GENE_SYMBOL
EEF1G	ENSG00000254772	EEF1G	386.0	EXPRESSED	GENE_SYMBOL
EEF2	ENSG00000167658	EEF2	208.1	EXPRESSED	GENE_SYMBOL
EEFSEC	ENSG00000132394	EEFSEC	0.5	EXPRESSED	GENE_SYMBOL
EFCAB1				UNKNOWN	UNMAPPED
EFCAB11	ENSG00000140025	EFCAB11	5.7	EXPRESSED	GENE_SYMBOL
EFCAB6	ENSG00000186976	EFCAB6	2.8	EXPRESSED	GENE_SYMBOL
EFCAB7	ENSG00000203965	EFCAB7	8.3	EXPRESSED	GENE_SYMBOL
EFEMP1	ENSG00000115380	EFEMP1	39.6	EXPRESSED	GENE_SYMBOL
EFHB	ENSG00000163576	EFHB	0.8	EXPRESSED	GENE_SYMBOL
EFHC1	ENSG00000096093	EFHC1	19.7	EXPRESSED	GENE_SYMBOL
EFHC2	ENSG00000183690	EFHC2	1.8	EXPRESSED	GENE_SYMBOL
EFHD1	ENSG00000115468	EFHD1	8.5	EXPRESSED	GENE_SYMBOL
EFHD2	ENSG00000142634	EFHD2	2.5	EXPRESSED	GENE_SYMBOL
EFL1	ENSG00000140598	EFL1	4.7	EXPRESSED	GENE_SYMBOL
EFTUD2	ENSG00000108883	EFTUD2	14.4	EXPRESSED	GENE_SYMBOL
EGFL8	ENSG00000241404	EGFL8	0.0	NOT_DETECTED	GENE_SYMBOL
EGFLAM	ENSG00000164318	EGFLAM	61.9	EXPRESSED	GENE_SYMBOL
EGFR	ENSG00000146648	EGFR	9.4	EXPRESSED	GENE_SYMBOL
EHD1	ENSG00000110047	EHD1	2.8	EXPRESSED	GENE_SYMBOL
EIF2AK1	ENSG00000086232	EIF2AK1	26.8	EXPRESSED	GENE_SYMBOL
EIF2AK3	ENSG00000172071	EIF2AK3	0.7	EXPRESSED	GENE_SYMBOL
EIF2AK4	ENSG00000128829	EIF2AK4	12.1	EXPRESSED	GENE_SYMBOL
EIF2B3	ENSG00000070785	EIF2B3	17.6	EXPRESSED	GENE_SYMBOL
EIF2B4	ENSG00000115211	EIF2B4	18.0	EXPRESSED	GENE_SYMBOL
EIF2S1	ENSG00000134001	EIF2S1	19.7	EXPRESSED	GENE_SYMBOL
EIF2S3	ENSG00000130741	EIF2S3	43.3	EXPRESSED	GENE_SYMBOL
EIF2S3B	ENSG00000180574	EIF2S3B	0.3	EXPRESSED	GENE_SYMBOL
EIF3B	ENSG00000106263	EIF3B	16.5	EXPRESSED	GENE_SYMBOL
EIF3C	ENSG00000184110	EIF3C	87.8	EXPRESSED	GENE_SYMBOL
EIF3D	ENSG00000100353	EIF3D	42.3	EXPRESSED	GENE_SYMBOL
EIF3F	ENSG00000175390	EIF3F	14.3	EXPRESSED	GENE_SYMBOL
EIF3G	ENSG00000130811	EIF3G	23.1	EXPRESSED	GENE_SYMBOL
EIF3I	ENSG00000084623	EIF3I	49.7	EXPRESSED	GENE_SYMBOL
EIF4A1	ENSG00000161960	EIF4A1	109.6	EXPRESSED	GENE_SYMBOL
EIF4A2	ENSG00000156976	EIF4A2	287.4	EXPRESSED	GENE_SYMBOL
EIF4A3	ENSG00000141543	EIF4A3	30.0	EXPRESSED	GENE_SYMBOL
EIF4B	ENSG00000063046	EIF4B	106.1	EXPRESSED	GENE_SYMBOL
EIF4H	ENSG00000106682	EIF4H	138.9	EXPRESSED	GENE_SYMBOL
EIF6	ENSG00000242372	EIF6	20.1	EXPRESSED	GENE_SYMBOL
ELAVL2	ENSG00000107105	ELAVL2	4.6	EXPRESSED	GENE_SYMBOL
ELAVL3	ENSG00000196361	ELAVL3	5.6	EXPRESSED	GENE_SYMBOL
ELAVL4	ENSG00000162374	ELAVL4	3.6	EXPRESSED	GENE_SYMBOL
ELF3	ENSG00000163435	ELF3	0.9	EXPRESSED	GENE_SYMBOL
ELMO1	ENSG00000155849	ELMO1	12.0	EXPRESSED	GENE_SYMBOL
ELMO2	ENSG00000062598	ELMO2	23.8	EXPRESSED	GENE_SYMBOL
ELMOD1	ENSG00000110675	ELMOD1	30.2	EXPRESSED	GENE_SYMBOL
ELMOD2	ENSG00000179387	ELMOD2	16.6	EXPRESSED	GENE_SYMBOL
ELMOD3	ENSG00000115459	ELMOD3	2.9	EXPRESSED	GENE_SYMBOL
ELOA	ENSG00000011007	ELOA	10.9	EXPRESSED	GENE_SYMBOL
ELOVL4	ENSG00000118402	ELOVL4	163.6	EXPRESSED	GENE_SYMBOL
ELP1	ENSG00000070061	ELP1	23.1	EXPRESSED	GENE_SYMBOL
EMC1	ENSG00000127463	EMC1	24.0	EXPRESSED	GENE_SYMBOL
EMC2	ENSG00000104412	EMC2	9.4	EXPRESSED	GENE_SYMBOL
EMC8	ENSG00000131148	EMC8	6.5	EXPRESSED	GENE_SYMBOL
EML1	ENSG00000066629	EML1	49.1	EXPRESSED	GENE_SYMBOL
EML2	ENSG00000125746	EML2	45.6	EXPRESSED	GENE_SYMBOL
EML3	ENSG00000149499	EML3	16.1	EXPRESSED	GENE_SYMBOL
EML4	ENSG00000143924	EML4	9.5	EXPRESSED	GENE_SYMBOL
EML5	ENSG00000165521	EML5	8.4	EXPRESSED	GENE_SYMBOL
EML6	ENSG00000214595	EML6	11.3	EXPRESSED	GENE_SYMBOL
EMP2	ENSG00000213853	EMP2	1.9	EXPRESSED	GENE_SYMBOL
ENAH	ENSG00000154380	ENAH	6.5	EXPRESSED	GENE_SYMBOL
ENC1	ENSG00000171617	ENC1	2.2	EXPRESSED	GENE_SYMBOL
ENDOV	ENSG00000173818	ENDOV	24.4	EXPRESSED	GENE_SYMBOL
ENKUR	ENSG00000151023	ENKUR	1.8	EXPRESSED	GENE_SYMBOL
ENO1	ENSG00000074800	ENO1	688.1	EXPRESSED	GENE_SYMBOL
ENO2	ENSG00000111674	ENO2	1573.2	EXPRESSED	GENE_SYMBOL
ENO3	ENSG00000108515	ENO3	4.7	EXPRESSED	GENE_SYMBOL
ENO4	ENSG00000188316	ENO4	1.8	EXPRESSED	GENE_SYMBOL
ENPP1	ENSG00000197594	ENPP1	0.4	EXPRESSED	GENE_SYMBOL
ENPP3	ENSG00000154269	ENPP3	0.3	EXPRESSED	GENE_SYMBOL
ENSP00000387111				UNKNOWN	UNMAPPED
ENSP00000398526				UNKNOWN	UNMAPPED
ENSP00000470615				UNKNOWN	UNMAPPED
ENSP00000478249				UNKNOWN	UNMAPPED
ENSP00000497305				UNKNOWN	UNMAPPED
ENSP00000497443				UNKNOWN	UNMAPPED
ENSP00000500339				UNKNOWN	UNMAPPED
ENTPD1	ENSG00000138185	ENTPD1	6.2	EXPRESSED	GENE_SYMBOL
ENTPD3	ENSG00000168032	ENTPD3	2.4	EXPRESSED	GENE_SYMBOL
ENTPD4	ENSG00000197217	ENTPD4	30.3	EXPRESSED	GENE_SYMBOL
ENTPD5	ENSG00000187097	ENTPD5	8.7	EXPRESSED	GENE_SYMBOL
ENTPD6	ENSG00000197586	ENTPD6	14.6	EXPRESSED	GENE_SYMBOL
ENTPD8	ENSG00000188833	ENTPD8	0.0	NOT_DETECTED	GENE_SYMBOL
EP300	ENSG00000100393	EP300	16.1	EXPRESSED	GENE_SYMBOL
EPB41	ENSG00000159023	EPB41	74.1	EXPRESSED	GENE_SYMBOL
EPB41L4B	ENSG00000095203	EPB41L4B	2.8	EXPRESSED	GENE_SYMBOL
EPB41L5	ENSG00000115109	EPB41L5	25.8	EXPRESSED	GENE_SYMBOL
EPHX2	ENSG00000120915	EPHX2	19.9	EXPRESSED	GENE_SYMBOL
EPN1	ENSG00000063245	EPN1	8.3	EXPRESSED	GENE_SYMBOL
EPRS1	ENSG00000136628	EPRS1	40.5	EXPRESSED	GENE_SYMBOL
EPS15	ENSG00000085832	EPS15	19.4	EXPRESSED	GENE_SYMBOL
EPS15L1	ENSG00000127527	EPS15L1	13.0	EXPRESSED	GENE_SYMBOL
EPSTI1	ENSG00000133106	EPSTI1	0.3	EXPRESSED	GENE_SYMBOL
ERAL1	ENSG00000132591	ERAL1	15.7	EXPRESSED	GENE_SYMBOL
ERBB2	ENSG00000141736	ERBB2	7.5	EXPRESSED	GENE_SYMBOL
ERC1	ENSG00000082805	ERC1	6.0	EXPRESSED	GENE_SYMBOL
ERCC6	ENSG00000225830	ERCC6	2.9	EXPRESSED	GENE_SYMBOL
ERGIC3	ENSG00000125991	ERGIC3	62.0	EXPRESSED	GENE_SYMBOL
ERLIN2	ENSG00000147475	ERLIN2	20.0	EXPRESSED	GENE_SYMBOL
ERMARD	ENSG00000130023	ERMARD	13.5	EXPRESSED	GENE_SYMBOL
ESCO1	ENSG00000141446	ESCO1	7.2	EXPRESSED	GENE_SYMBOL
ESCO2	ENSG00000171320	ESCO2	0.5	EXPRESSED	GENE_SYMBOL
ESF1	ENSG00000089048	ESF1	8.4	EXPRESSED	GENE_SYMBOL
ESPN	ENSG00000187017	ESPN	109.8	EXPRESSED	GENE_SYMBOL
ESRP1	ENSG00000104413	ESRP1	0.0	NOT_DETECTED	GENE_SYMBOL
ESRRA	ENSG00000173153	ESRRA	4.8	EXPRESSED	GENE_SYMBOL
ESRRB	ENSG00000119715	ESRRB	33.9	EXPRESSED	GENE_SYMBOL
ESRRG	ENSG00000196482	ESRRG	33.5	EXPRESSED	GENE_SYMBOL
ESS2	ENSG00000100056	ESS2	1.2	EXPRESSED	GENE_SYMBOL
ESX1	ENSG00000123576	ESX1	0.0	NOT_DETECTED	GENE_SYMBOL
ESYT1	ENSG00000139641	ESYT1	8.2	EXPRESSED	GENE_SYMBOL
ETFA	ENSG00000140374	ETFA	20.4	EXPRESSED	GENE_SYMBOL
ETFB	ENSG00000105379	ETFB	22.4	EXPRESSED	GENE_SYMBOL
ETFDH	ENSG00000171503	ETFDH	7.1	EXPRESSED	GENE_SYMBOL
EVA1A	ENSG00000115363	EVA1A	0.4	EXPRESSED	GENE_SYMBOL
EVC	ENSG00000072840	EVC	1.6	EXPRESSED	GENE_SYMBOL
EVC2	ENSG00000173040	EVC2	0.3	EXPRESSED	GENE_SYMBOL
EVI5	ENSG00000067208	EVI5	3.3	EXPRESSED	GENE_SYMBOL
EVPL	ENSG00000167880	EVPL	0.6	EXPRESSED	GENE_SYMBOL
EWSR1	ENSG00000182944	EWSR1	103.1	EXPRESSED	GENE_SYMBOL
EXOC1	ENSG00000090989	EXOC1	17.2	EXPRESSED	GENE_SYMBOL
EXOC2	ENSG00000112685	EXOC2	12.4	EXPRESSED	GENE_SYMBOL
EXOC3	ENSG00000180104	EXOC3	7.4	EXPRESSED	GENE_SYMBOL
EXOC4	ENSG00000131558	EXOC4	49.2	EXPRESSED	GENE_SYMBOL
EXOC5	ENSG00000070367	EXOC5	9.1	EXPRESSED	GENE_SYMBOL
EXOC6	ENSG00000138190	EXOC6	152.0	EXPRESSED	GENE_SYMBOL
EXOC7	ENSG00000182473	EXOC7	22.9	EXPRESSED	GENE_SYMBOL
EXOC8	ENSG00000116903	EXOC8	6.9	EXPRESSED	GENE_SYMBOL
EXOSC10	ENSG00000171824	EXOSC10	32.8	EXPRESSED	GENE_SYMBOL
EXOSC2	ENSG00000130713	EXOSC2	5.0	EXPRESSED	GENE_SYMBOL
EXOSC9	ENSG00000123737	EXOSC9	9.1	EXPRESSED	GENE_SYMBOL
EXT1	ENSG00000182197	EXT1	2.2	EXPRESSED	GENE_SYMBOL
EXT2	ENSG00000151348	EXT2	15.2	EXPRESSED	GENE_SYMBOL
EXTL2	ENSG00000162694	EXTL2	12.9	EXPRESSED	GENE_SYMBOL
EXTL3	ENSG00000012232	EXTL3	9.6	EXPRESSED	GENE_SYMBOL
EYS	ENSG00000188107	EYS	23.1	EXPRESSED	GENE_SYMBOL
EZH2	ENSG00000106462	EZH2	0.7	EXPRESSED	GENE_SYMBOL
F11	ENSG00000088926	F11	0.6	EXPRESSED	GENE_SYMBOL
F11R	ENSG00000158769	F11R	2.0	EXPRESSED	GENE_SYMBOL
F12	ENSG00000131187	F12	0.0	NOT_DETECTED	GENE_SYMBOL
F9	ENSG00000101981	F9	0.0	NOT_DETECTED	GENE_SYMBOL
FAHD2A	ENSG00000115042	FAHD2A	5.6	EXPRESSED	GENE_SYMBOL
FAM111A	ENSG00000166801	FAM111A	8.5	EXPRESSED	GENE_SYMBOL
FAM111B	ENSG00000189057	FAM111B	0.9	EXPRESSED	GENE_SYMBOL
FAM114A2	ENSG00000055147	FAM114A2	12.2	EXPRESSED	GENE_SYMBOL
FAM118A	ENSG00000100376	FAM118A	8.8	EXPRESSED	GENE_SYMBOL
FAM120C	ENSG00000184083	FAM120C	5.4	EXPRESSED	GENE_SYMBOL
FAM126A				UNKNOWN	UNMAPPED
FAM131B	ENSG00000159784	FAM131B	1.7	EXPRESSED	GENE_SYMBOL
FAM149A	ENSG00000109794	FAM149A	23.9	EXPRESSED	GENE_SYMBOL
FAM149B1	ENSG00000138286	FAM149B1	10.9	EXPRESSED	GENE_SYMBOL
FAM160A2				UNKNOWN	UNMAPPED
FAM161A	ENSG00000170264	FAM161A	26.9	EXPRESSED	GENE_SYMBOL
FAM166B	ENSG00000215187	FAM166B	0.5	EXPRESSED	GENE_SYMBOL
FAM166C	ENSG00000173557	FAM166C	0.1	EXPRESSED	GENE_SYMBOL
FAM169A	ENSG00000198780	FAM169A	72.5	EXPRESSED	GENE_SYMBOL
FAM183A	ENSG00000186973	FAM183A	0.2	EXPRESSED	GENE_SYMBOL
FAM32A	ENSG00000105058	FAM32A	26.1	EXPRESSED	GENE_SYMBOL
FAM3B	ENSG00000183844	FAM3B	0.0	NOT_DETECTED	GENE_SYMBOL
FAM50A	ENSG00000071859	FAM50A	24.6	EXPRESSED	GENE_SYMBOL
FAM76B	ENSG00000077458	FAM76B	4.9	EXPRESSED	GENE_SYMBOL
FAM91A1	ENSG00000176853	FAM91A1	10.8	EXPRESSED	GENE_SYMBOL
FAM98A	ENSG00000119812	FAM98A	12.6	EXPRESSED	GENE_SYMBOL
FAN1	ENSG00000198690	FAN1	2.6	EXPRESSED	GENE_SYMBOL
FANCM	ENSG00000187790	FANCM	1.9	EXPRESSED	GENE_SYMBOL
FAR1	ENSG00000197601	FAR1	26.8	EXPRESSED	GENE_SYMBOL
FARP1	ENSG00000152767	FARP1	8.2	EXPRESSED	GENE_SYMBOL
FASN	ENSG00000169710	FASN	4.0	EXPRESSED	GENE_SYMBOL
FASTKD3	ENSG00000124279	FASTKD3	3.2	EXPRESSED	GENE_SYMBOL
FAT3	ENSG00000165323	FAT3	1.2	EXPRESSED	GENE_SYMBOL
FAXDC2	ENSG00000170271	FAXDC2	9.4	EXPRESSED	GENE_SYMBOL
FBF1	ENSG00000188878	FBF1	3.8	EXPRESSED	GENE_SYMBOL
FBH1	ENSG00000134452	FBH1	13.8	EXPRESSED	GENE_SYMBOL
FBL	ENSG00000105202	FBL	21.6	EXPRESSED	GENE_SYMBOL
FBLL1	ENSG00000188573	FBLL1	1.3	EXPRESSED	GENE_SYMBOL
FBLN1	ENSG00000077942	FBLN1	2.9	EXPRESSED	GENE_SYMBOL
FBLN2	ENSG00000163520	FBLN2	0.6	EXPRESSED	GENE_SYMBOL
FBLN5	ENSG00000140092	FBLN5	0.5	EXPRESSED	GENE_SYMBOL
FBN3	ENSG00000142449	FBN3	0.0	NOT_DETECTED	GENE_SYMBOL
FBP1	ENSG00000165140	FBP1	0.5	EXPRESSED	GENE_SYMBOL
FBP2	ENSG00000130957	FBP2	0.0	NOT_DETECTED	GENE_SYMBOL
FBRS	ENSG00000156860	FBRS	6.1	EXPRESSED	GENE_SYMBOL
FBXL17	ENSG00000145743	FBXL17	18.0	EXPRESSED	GENE_SYMBOL
FBXL2	ENSG00000153558	FBXL2	3.9	EXPRESSED	GENE_SYMBOL
FBXL20	ENSG00000108306	FBXL20	7.7	EXPRESSED	GENE_SYMBOL
FBXL5	ENSG00000118564	FBXL5	44.4	EXPRESSED	GENE_SYMBOL
FBXO40	ENSG00000163833	FBXO40	0.1	EXPRESSED	GENE_SYMBOL
FBXO45	ENSG00000174013	FBXO45	7.6	EXPRESSED	GENE_SYMBOL
FBXO9	ENSG00000112146	FBXO9	56.5	EXPRESSED	GENE_SYMBOL
FCGR1A	ENSG00000150337	FCGR1A	2.2	EXPRESSED	GENE_SYMBOL
FCGR1B				UNKNOWN	UNMAPPED
FCGR3A	ENSG00000203747	FCGR3A	6.3	EXPRESSED	GENE_SYMBOL
FCGR3B	ENSG00000162747	FCGR3B	0.0	NOT_DETECTED	GENE_SYMBOL
FCN1	ENSG00000085265	FCN1	0.1	EXPRESSED	GENE_SYMBOL
FCSK	ENSG00000157353	FCSK	2.7	EXPRESSED	GENE_SYMBOL
FDFT1	ENSG00000079459	FDFT1	5.0	EXPRESSED	GENE_SYMBOL
FDPS	ENSG00000160752	FDPS	42.6	EXPRESSED	GENE_SYMBOL
FDX1	ENSG00000137714	FDX1	4.9	EXPRESSED	GENE_SYMBOL
FDX2	ENSG00000267673	FDX2	7.0	EXPRESSED	GENE_SYMBOL
FDXR	ENSG00000161513	FDXR	0.5	EXPRESSED	GENE_SYMBOL
FECH	ENSG00000066926	FECH	3.1	EXPRESSED	GENE_SYMBOL
FEN1	ENSG00000168496	FEN1	16.2	EXPRESSED	GENE_SYMBOL
FGFR1	ENSG00000077782	FGFR1	14.4	EXPRESSED	GENE_SYMBOL
FGFR1OP				UNKNOWN	UNMAPPED
FH	ENSG00000091483	FH	50.0	EXPRESSED	GENE_SYMBOL
FIZ1	ENSG00000179943	FIZ1	10.9	EXPRESSED	GENE_SYMBOL
FKBP1A	ENSG00000088832	FKBP1A	11.0	EXPRESSED	GENE_SYMBOL
FKBP1B	ENSG00000119782	FKBP1B	7.1	EXPRESSED	GENE_SYMBOL
FKBP8	ENSG00000105701	FKBP8	47.8	EXPRESSED	GENE_SYMBOL
FKRP	ENSG00000181027	FKRP	5.3	EXPRESSED	GENE_SYMBOL
FKTN	ENSG00000106692	FKTN	9.3	EXPRESSED	GENE_SYMBOL
FLAD1	ENSG00000160688	FLAD1	9.1	EXPRESSED	GENE_SYMBOL
FLI1	ENSG00000151702	FLI1	0.7	EXPRESSED	GENE_SYMBOL
FLNA	ENSG00000196924	FLNA	8.3	EXPRESSED	GENE_SYMBOL
FLNB	ENSG00000136068	FLNB	2.1	EXPRESSED	GENE_SYMBOL
FLNC	ENSG00000128591	FLNC	0.5	EXPRESSED	GENE_SYMBOL
FLOT1	ENSG00000137312	FLOT1	5.8	EXPRESSED	GENE_SYMBOL
FLVCR1	ENSG00000162769	FLVCR1	6.3	EXPRESSED	GENE_SYMBOL
FLYWCH1	ENSG00000059122	FLYWCH1	12.3	EXPRESSED	GENE_SYMBOL
FMC1-LUC7L2	ENSG00000269955	FMC1-LUC7L2	13.0	EXPRESSED	GENE_SYMBOL
FMN1	ENSG00000248905	FMN1	27.8	EXPRESSED	GENE_SYMBOL
FMNL3	ENSG00000161791	FMNL3	2.5	EXPRESSED	GENE_SYMBOL
FMR1	ENSG00000102081	FMR1	11.8	EXPRESSED	GENE_SYMBOL
FN1	ENSG00000115414	FN1	5.6	EXPRESSED	GENE_SYMBOL
FNBP1	ENSG00000187239	FNBP1	11.3	EXPRESSED	GENE_SYMBOL
FNBP1L	ENSG00000137942	FNBP1L	11.5	EXPRESSED	GENE_SYMBOL
FNDC4	ENSG00000115226	FNDC4	9.6	EXPRESSED	GENE_SYMBOL
FNTA	ENSG00000168522	FNTA	31.4	EXPRESSED	GENE_SYMBOL
FNTB	ENSG00000257365	FNTB	5.7	EXPRESSED	GENE_SYMBOL
FOPNL				UNKNOWN	UNMAPPED
FOS	ENSG00000170345	FOS	216.5	EXPRESSED	GENE_SYMBOL
FOSB	ENSG00000125740	FOSB	10.0	EXPRESSED	GENE_SYMBOL
FOSL1	ENSG00000175592	FOSL1	0.5	EXPRESSED	GENE_SYMBOL
FOSL2	ENSG00000075426	FOSL2	9.9	EXPRESSED	GENE_SYMBOL
FOXF1	ENSG00000103241	FOXF1	0.2	EXPRESSED	GENE_SYMBOL
FOXJ1	ENSG00000129654	FOXJ1	0.4	EXPRESSED	GENE_SYMBOL
FOXN4	ENSG00000139445	FOXN4	0.4	EXPRESSED	GENE_SYMBOL
FOXP2	ENSG00000128573	FOXP2	3.1	EXPRESSED	GENE_SYMBOL
FOXP3	ENSG00000049768	FOXP3	0.4	EXPRESSED	GENE_SYMBOL
FOXP4	ENSG00000137166	FOXP4	2.6	EXPRESSED	GENE_SYMBOL
FPGS	ENSG00000136877	FPGS	2.0	EXPRESSED	GENE_SYMBOL
FPR1	ENSG00000171051	FPR1	1.5	EXPRESSED	GENE_SYMBOL
FRA10AC1	ENSG00000148690	FRA10AC1	11.4	EXPRESSED	GENE_SYMBOL
FRG1	ENSG00000109536	FRG1	3.5	EXPRESSED	GENE_SYMBOL
FRMD6	ENSG00000139926	FRMD6	17.6	EXPRESSED	GENE_SYMBOL
FRMD7	ENSG00000165694	FRMD7	0.0	NOT_DETECTED	GENE_SYMBOL
FRRS1L	ENSG00000260230	FRRS1L	7.2	EXPRESSED	GENE_SYMBOL
FSCN1	ENSG00000075618	FSCN1	3.2	EXPRESSED	GENE_SYMBOL
FSCN2	ENSG00000186765	FSCN2	8.1	EXPRESSED	GENE_SYMBOL
FSD1	ENSG00000105255	FSD1	1.7	EXPRESSED	GENE_SYMBOL
FSD1L	ENSG00000106701	FSD1L	40.1	EXPRESSED	GENE_SYMBOL
FTH1	ENSG00000167996	FTH1	2894.7	EXPRESSED	GENE_SYMBOL
FTSJ3	ENSG00000108592	FTSJ3	8.2	EXPRESSED	GENE_SYMBOL
FUCA1	ENSG00000179163	FUCA1	5.2	EXPRESSED	GENE_SYMBOL
FUS	ENSG00000089280	FUS	55.2	EXPRESSED	GENE_SYMBOL
FXN	ENSG00000165060	FXN	3.8	EXPRESSED	GENE_SYMBOL
FXR1	ENSG00000114416	FXR1	39.6	EXPRESSED	GENE_SYMBOL
FYN	ENSG00000010810	FYN	25.2	EXPRESSED	GENE_SYMBOL
FZD2	ENSG00000180340	FZD2	0.6	EXPRESSED	GENE_SYMBOL
FZD3	ENSG00000104290	FZD3	13.6	EXPRESSED	GENE_SYMBOL
FZD4	ENSG00000174804	FZD4	1.0	EXPRESSED	GENE_SYMBOL
FZD5	ENSG00000163251	FZD5	10.1	EXPRESSED	GENE_SYMBOL
FZD6	ENSG00000164930	FZD6	4.3	EXPRESSED	GENE_SYMBOL
FZR1	ENSG00000105325	FZR1	5.2	EXPRESSED	GENE_SYMBOL
G3BP1	ENSG00000145907	G3BP1	16.9	EXPRESSED	GENE_SYMBOL
G3BP2	ENSG00000138757	G3BP2	43.3	EXPRESSED	GENE_SYMBOL
G6PC				UNKNOWN	UNMAPPED
G6PC2	ENSG00000152254	G6PC2	11.4	EXPRESSED	GENE_SYMBOL
G6PC3	ENSG00000141349	G6PC3	12.1	EXPRESSED	GENE_SYMBOL
G6PD	ENSG00000160211	G6PD	22.5	EXPRESSED	GENE_SYMBOL
GAA	ENSG00000171298	GAA	6.1	EXPRESSED	GENE_SYMBOL
GAB1	ENSG00000109458	GAB1	6.0	EXPRESSED	GENE_SYMBOL
GABARAP	ENSG00000170296	GABARAP	260.0	EXPRESSED	GENE_SYMBOL
GABARAPL1	ENSG00000139112	GABARAPL1	302.9	EXPRESSED	GENE_SYMBOL
GABARAPL2	ENSG00000034713	GABARAPL2	186.5	EXPRESSED	GENE_SYMBOL
GABBR1	ENSG00000204681	GABBR1	11.0	EXPRESSED	GENE_SYMBOL
GABRA1	ENSG00000022355	GABRA1	16.5	EXPRESSED	GENE_SYMBOL
GABRA5	ENSG00000186297	GABRA5	1.5	EXPRESSED	GENE_SYMBOL
GABRB1	ENSG00000163288	GABRB1	2.3	EXPRESSED	GENE_SYMBOL
GABRD	ENSG00000187730	GABRD	1.3	EXPRESSED	GENE_SYMBOL
GABRG2	ENSG00000113327	GABRG2	10.3	EXPRESSED	GENE_SYMBOL
GABRR1	ENSG00000146276	GABRR1	22.8	EXPRESSED	GENE_SYMBOL
GABRR2	ENSG00000111886	GABRR2	29.1	EXPRESSED	GENE_SYMBOL
GAD2	ENSG00000136750	GAD2	8.8	EXPRESSED	GENE_SYMBOL
GALK1	ENSG00000108479	GALK1	0.7	EXPRESSED	GENE_SYMBOL
GALK2	ENSG00000156958	GALK2	7.2	EXPRESSED	GENE_SYMBOL
GALM	ENSG00000143891	GALM	4.0	EXPRESSED	GENE_SYMBOL
GALNS	ENSG00000141012	GALNS	3.1	EXPRESSED	GENE_SYMBOL
GALNT12	ENSG00000119514	GALNT12	0.6	EXPRESSED	GENE_SYMBOL
GALNT13	ENSG00000144278	GALNT13	9.2	EXPRESSED	GENE_SYMBOL
GALNT2	ENSG00000143641	GALNT2	18.4	EXPRESSED	GENE_SYMBOL
GALNT3	ENSG00000115339	GALNT3	3.4	EXPRESSED	GENE_SYMBOL
GAN	ENSG00000261609	GAN	3.0	EXPRESSED	GENE_SYMBOL
GANAB	ENSG00000089597	GANAB	73.7	EXPRESSED	GENE_SYMBOL
GANC	ENSG00000214013	GANC	8.0	EXPRESSED	GENE_SYMBOL
GAPDH	ENSG00000111640	GAPDH	2216.3	EXPRESSED	GENE_SYMBOL
GAPDHS	ENSG00000105679	GAPDHS	3.3	EXPRESSED	GENE_SYMBOL
GART	ENSG00000159131	GART	19.3	EXPRESSED	GENE_SYMBOL
GAS6	ENSG00000183087	GAS6	5.8	EXPRESSED	GENE_SYMBOL
GATC	ENSG00000257218	GATC	11.8	EXPRESSED	GENE_SYMBOL
GBA				UNKNOWN	UNMAPPED
GBE1	ENSG00000114480	GBE1	20.4	EXPRESSED	GENE_SYMBOL
GBF1	ENSG00000107862	GBF1	17.6	EXPRESSED	GENE_SYMBOL
GCDH	ENSG00000105607	GCDH	5.1	EXPRESSED	GENE_SYMBOL
GCFC2	ENSG00000005436	GCFC2	10.8	EXPRESSED	GENE_SYMBOL
GCGR	ENSG00000215644	GCGR	0.7	EXPRESSED	GENE_SYMBOL
GCH1	ENSG00000131979	GCH1	0.1	EXPRESSED	GENE_SYMBOL
GCK	ENSG00000106633	GCK	0.8	EXPRESSED	GENE_SYMBOL
GCKR	ENSG00000084734	GCKR	0.8	EXPRESSED	GENE_SYMBOL
GCM2	ENSG00000124827	GCM2	0.0	NOT_DETECTED	GENE_SYMBOL
GCN1	ENSG00000089154	GCN1	8.2	EXPRESSED	GENE_SYMBOL
GCNT1	ENSG00000187210	GCNT1	0.1	EXPRESSED	GENE_SYMBOL
GCNT2	ENSG00000111846	GCNT2	0.2	EXPRESSED	GENE_SYMBOL
GDA	ENSG00000119125	GDA	0.1	EXPRESSED	GENE_SYMBOL
GDF2	ENSG00000263761	GDF2	0.0	NOT_DETECTED	GENE_SYMBOL
GDF3	ENSG00000184344	GDF3	0.0	NOT_DETECTED	GENE_SYMBOL
GDPD1	ENSG00000153982	GDPD1	5.4	EXPRESSED	GENE_SYMBOL
GDPD3	ENSG00000102886	GDPD3	6.1	EXPRESSED	GENE_SYMBOL
GEMIN4	ENSG00000179409	GEMIN4	3.2	EXPRESSED	GENE_SYMBOL
GET4	ENSG00000239857	GET4	15.2	EXPRESSED	GENE_SYMBOL
GFAP	ENSG00000131095	GFAP	128.3	EXPRESSED	GENE_SYMBOL
GFM1	ENSG00000168827	GFM1	42.9	EXPRESSED	GENE_SYMBOL
GFOD1	ENSG00000145990	GFOD1	1.9	EXPRESSED	GENE_SYMBOL
GFPT1	ENSG00000198380	GFPT1	9.7	EXPRESSED	GENE_SYMBOL
GFPT2	ENSG00000131459	GFPT2	2.7	EXPRESSED	GENE_SYMBOL
GGA1	ENSG00000100083	GGA1	21.1	EXPRESSED	GENE_SYMBOL
GGCX	ENSG00000115486	GGCX	7.0	EXPRESSED	GENE_SYMBOL
GGPS1	ENSG00000152904	GGPS1	35.9	EXPRESSED	GENE_SYMBOL
GH1	ENSG00000259384	GH1	0.0	NOT_DETECTED	GENE_SYMBOL
GH2	ENSG00000136487	GH2	0.0	NOT_DETECTED	GENE_SYMBOL
GHITM	ENSG00000165678	GHITM	129.8	EXPRESSED	GENE_SYMBOL
GHRH	ENSG00000118702	GHRH	0.0	NOT_DETECTED	GENE_SYMBOL
GHRL	ENSG00000157017	GHRL	1.9	EXPRESSED	GENE_SYMBOL
GIGYF2	ENSG00000204120	GIGYF2	21.2	EXPRESSED	GENE_SYMBOL
GIT1	ENSG00000108262	GIT1	11.2	EXPRESSED	GENE_SYMBOL
GIT2	ENSG00000139436	GIT2	8.5	EXPRESSED	GENE_SYMBOL
GJA1	ENSG00000152661	GJA1	3.1	EXPRESSED	GENE_SYMBOL
GJA8	ENSG00000121634	GJA8	0.0	NOT_DETECTED	GENE_SYMBOL
GJB2	ENSG00000165474	GJB2	0.0	NOT_DETECTED	GENE_SYMBOL
GK5	ENSG00000175066	GK5	4.2	EXPRESSED	GENE_SYMBOL
GLB1	ENSG00000170266	GLB1	13.8	EXPRESSED	GENE_SYMBOL
GLI1	ENSG00000111087	GLI1	0.0	NOT_DETECTED	GENE_SYMBOL
GLI2	ENSG00000074047	GLI2	0.0	NOT_DETECTED	GENE_SYMBOL
GLI3	ENSG00000106571	GLI3	1.7	EXPRESSED	GENE_SYMBOL
GLIPR1	ENSG00000139278	GLIPR1	1.6	EXPRESSED	GENE_SYMBOL
GLIS2	ENSG00000126603	GLIS2	0.6	EXPRESSED	GENE_SYMBOL
GLMN	ENSG00000174842	GLMN	36.2	EXPRESSED	GENE_SYMBOL
GLO1	ENSG00000124767	GLO1	92.9	EXPRESSED	GENE_SYMBOL
GLUD1	ENSG00000148672	GLUD1	73.4	EXPRESSED	GENE_SYMBOL
GLUD2	ENSG00000182890	GLUD2	0.1	EXPRESSED	GENE_SYMBOL
GLUL	ENSG00000135821	GLUL	826.3	EXPRESSED	GENE_SYMBOL
GLYATL1	ENSG00000166840	GLYATL1	0.2	EXPRESSED	GENE_SYMBOL
GLYCTK	ENSG00000168237	GLYCTK	0.6	EXPRESSED	GENE_SYMBOL
GMPPA	ENSG00000144591	GMPPA	1.8	EXPRESSED	GENE_SYMBOL
GMPPB	ENSG00000173540	GMPPB	3.8	EXPRESSED	GENE_SYMBOL
GMPR	ENSG00000137198	GMPR	2.0	EXPRESSED	GENE_SYMBOL
GMPS	ENSG00000163655	GMPS	9.4	EXPRESSED	GENE_SYMBOL
GNA11	ENSG00000088256	GNA11	10.1	EXPRESSED	GENE_SYMBOL
GNA12	ENSG00000146535	GNA12	2.7	EXPRESSED	GENE_SYMBOL
GNA13	ENSG00000120063	GNA13	15.9	EXPRESSED	GENE_SYMBOL
GNA14	ENSG00000156049	GNA14	0.1	EXPRESSED	GENE_SYMBOL
GNA15	ENSG00000060558	GNA15	0.1	EXPRESSED	GENE_SYMBOL
GNAI1	ENSG00000127955	GNAI1	1.4	EXPRESSED	GENE_SYMBOL
GNAI2	ENSG00000114353	GNAI2	33.1	EXPRESSED	GENE_SYMBOL
GNAI3	ENSG00000065135	GNAI3	16.5	EXPRESSED	GENE_SYMBOL
GNAL	ENSG00000141404	GNAL	3.8	EXPRESSED	GENE_SYMBOL
GNAO1	ENSG00000087258	GNAO1	48.0	EXPRESSED	GENE_SYMBOL
GNAQ	ENSG00000156052	GNAQ	9.6	EXPRESSED	GENE_SYMBOL
GNAS	ENSG00000087460	GNAS	642.4	EXPRESSED	GENE_SYMBOL
GNAT1	ENSG00000114349	GNAT1	1040.7	EXPRESSED	GENE_SYMBOL
GNAT2	ENSG00000134183	GNAT2	73.0	EXPRESSED	GENE_SYMBOL
GNAT3	ENSG00000214415	GNAT3	0.0	NOT_DETECTED	GENE_SYMBOL
GNAZ	ENSG00000128266	GNAZ	30.7	EXPRESSED	GENE_SYMBOL
GNB1	ENSG00000078369	GNB1	2147.2	EXPRESSED	GENE_SYMBOL
GNB2	ENSG00000172354	GNB2	18.7	EXPRESSED	GENE_SYMBOL
GNB3	ENSG00000111664	GNB3	396.1	EXPRESSED	GENE_SYMBOL
GNB4	ENSG00000114450	GNB4	1.8	EXPRESSED	GENE_SYMBOL
GNB5	ENSG00000069966	GNB5	111.3	EXPRESSED	GENE_SYMBOL
GNG10	ENSG00000242616	GNG10	10.5	EXPRESSED	GENE_SYMBOL
GNG11	ENSG00000127920	GNG11	1.4	EXPRESSED	GENE_SYMBOL
GNG12	ENSG00000172380	GNG12	6.1	EXPRESSED	GENE_SYMBOL
GNG13	ENSG00000127588	GNG13	51.9	EXPRESSED	GENE_SYMBOL
GNG14	ENSG00000283980	GNG14	0.2	EXPRESSED	GENE_SYMBOL
GNG2	ENSG00000186469	GNG2	12.7	EXPRESSED	GENE_SYMBOL
GNG3	ENSG00000162188	GNG3	32.7	EXPRESSED	GENE_SYMBOL
GNG4	ENSG00000168243	GNG4	2.3	EXPRESSED	GENE_SYMBOL
GNG5	ENSG00000174021	GNG5	18.1	EXPRESSED	GENE_SYMBOL
GNG7	ENSG00000176533	GNG7	14.0	EXPRESSED	GENE_SYMBOL
GNG8	ENSG00000167414	GNG8	0.4	EXPRESSED	GENE_SYMBOL
GNGT1	ENSG00000127928	GNGT1	1760.3	EXPRESSED	GENE_SYMBOL
GNGT2	ENSG00000167083	GNGT2	145.5	EXPRESSED	GENE_SYMBOL
GNL3	ENSG00000163938	GNL3	14.8	EXPRESSED	GENE_SYMBOL
GNPDA1	ENSG00000113552	GNPDA1	16.4	EXPRESSED	GENE_SYMBOL
GNPDA2	ENSG00000163281	GNPDA2	17.1	EXPRESSED	GENE_SYMBOL
GNPNAT1	ENSG00000100522	GNPNAT1	5.2	EXPRESSED	GENE_SYMBOL
GNPTAB	ENSG00000111670	GNPTAB	12.1	EXPRESSED	GENE_SYMBOL
GNPTG	ENSG00000090581	GNPTG	14.2	EXPRESSED	GENE_SYMBOL
GNRHR	ENSG00000109163	GNRHR	0.4	EXPRESSED	GENE_SYMBOL
GNS	ENSG00000135677	GNS	23.2	EXPRESSED	GENE_SYMBOL
GOLGA4	ENSG00000144674	GOLGA4	47.8	EXPRESSED	GENE_SYMBOL
GOLGA6L1	ENSG00000273976	GOLGA6L1	0.0	NOT_DETECTED	GENE_SYMBOL
GOLPH3	ENSG00000113384	GOLPH3	18.4	EXPRESSED	GENE_SYMBOL
GOT1	ENSG00000120053	GOT1	98.5	EXPRESSED	GENE_SYMBOL
GOT1L1	ENSG00000169154	GOT1L1	0.0	NOT_DETECTED	GENE_SYMBOL
GOT2	ENSG00000125166	GOT2	84.7	EXPRESSED	GENE_SYMBOL
GPATCH3	ENSG00000198746	GPATCH3	5.0	EXPRESSED	GENE_SYMBOL
GPATCH4	ENSG00000160818	GPATCH4	2.5	EXPRESSED	GENE_SYMBOL
GPD1	ENSG00000167588	GPD1	0.9	EXPRESSED	GENE_SYMBOL
GPD2	ENSG00000115159	GPD2	8.8	EXPRESSED	GENE_SYMBOL
GPHN	ENSG00000171723	GPHN	21.4	EXPRESSED	GENE_SYMBOL
GPI	ENSG00000105220	GPI	144.9	EXPRESSED	GENE_SYMBOL
GPKOW	ENSG00000068394	GPKOW	11.1	EXPRESSED	GENE_SYMBOL
GPM6B	ENSG00000046653	GPM6B	180.8	EXPRESSED	GENE_SYMBOL
GPNMB	ENSG00000136235	GPNMB	2.6	EXPRESSED	GENE_SYMBOL
GPR119	ENSG00000147262	GPR119	0.2	EXPRESSED	GENE_SYMBOL
GPR141	ENSG00000187037	GPR141	0.3	EXPRESSED	GENE_SYMBOL
GPR142	ENSG00000257008	GPR142	0.0	NOT_DETECTED	GENE_SYMBOL
GPR153	ENSG00000158292	GPR153	3.0	EXPRESSED	GENE_SYMBOL
GPR161	ENSG00000143147	GPR161	1.9	EXPRESSED	GENE_SYMBOL
GPR179	ENSG00000277399	GPR179	12.8	EXPRESSED	GENE_SYMBOL
GPR180	ENSG00000152749	GPR180	6.5	EXPRESSED	GENE_SYMBOL
GPR182	ENSG00000166856	GPR182	0.1	EXPRESSED	GENE_SYMBOL
GPR34	ENSG00000171659	GPR34	0.5	EXPRESSED	GENE_SYMBOL
GPR52	ENSG00000203737	GPR52	0.1	EXPRESSED	GENE_SYMBOL
GPR55	ENSG00000135898	GPR55	0.0	NOT_DETECTED	GENE_SYMBOL
GPR84	ENSG00000139572	GPR84	2.5	EXPRESSED	GENE_SYMBOL
GPR87	ENSG00000138271	GPR87	0.0	NOT_DETECTED	GENE_SYMBOL
GPR88	ENSG00000181656	GPR88	0.3	EXPRESSED	GENE_SYMBOL
GPS2	ENSG00000132522	GPS2	11.1	EXPRESSED	GENE_SYMBOL
GPSM2	ENSG00000121957	GPSM2	6.0	EXPRESSED	GENE_SYMBOL
GPT	ENSG00000167701	GPT	0.5	EXPRESSED	GENE_SYMBOL
GPT2	ENSG00000166123	GPT2	6.4	EXPRESSED	GENE_SYMBOL
GPX2	ENSG00000176153	GPX2	0.0	NOT_DETECTED	GENE_SYMBOL
GPX4	ENSG00000167468	GPX4	155.5	EXPRESSED	GENE_SYMBOL
GPX6	ENSG00000198704	GPX6	0.0	NOT_DETECTED	GENE_SYMBOL
GPX7	ENSG00000116157	GPX7	1.5	EXPRESSED	GENE_SYMBOL
GPX8	ENSG00000164294	GPX8	1.2	EXPRESSED	GENE_SYMBOL
GRAMD4	ENSG00000075240	GRAMD4	8.4	EXPRESSED	GENE_SYMBOL
GRB14	ENSG00000115290	GRB14	0.5	EXPRESSED	GENE_SYMBOL
GRB2	ENSG00000177885	GRB2	22.3	EXPRESSED	GENE_SYMBOL
GRHPR	ENSG00000137106	GRHPR	19.3	EXPRESSED	GENE_SYMBOL
GRIA1	ENSG00000155511	GRIA1	29.4	EXPRESSED	GENE_SYMBOL
GRIP1	ENSG00000155974	GRIP1	4.4	EXPRESSED	GENE_SYMBOL
GRIPAP1	ENSG00000068400	GRIPAP1	12.5	EXPRESSED	GENE_SYMBOL
GRK1	ENSG00000185974	GRK1	39.5	EXPRESSED	GENE_SYMBOL
GRK2	ENSG00000173020	GRK2	7.4	EXPRESSED	GENE_SYMBOL
GRK3	ENSG00000100077	GRK3	4.0	EXPRESSED	GENE_SYMBOL
GRK4	ENSG00000125388	GRK4	9.3	EXPRESSED	GENE_SYMBOL
GRK5	ENSG00000198873	GRK5	0.9	EXPRESSED	GENE_SYMBOL
GRK6	ENSG00000198055	GRK6	2.1	EXPRESSED	GENE_SYMBOL
GRK7	ENSG00000114124	GRK7	10.4	EXPRESSED	GENE_SYMBOL
GRM1	ENSG00000152822	GRM1	5.1	EXPRESSED	GENE_SYMBOL
GRM5	ENSG00000168959	GRM5	3.2	EXPRESSED	GENE_SYMBOL
GRM6	ENSG00000113262	GRM6	39.6	EXPRESSED	GENE_SYMBOL
GRN	ENSG00000030582	GRN	11.6	EXPRESSED	GENE_SYMBOL
GRPEL1	ENSG00000109519	GRPEL1	9.2	EXPRESSED	GENE_SYMBOL
GRPEL2	ENSG00000164284	GRPEL2	5.2	EXPRESSED	GENE_SYMBOL
GRTP1	ENSG00000139835	GRTP1	19.4	EXPRESSED	GENE_SYMBOL
GSK3B	ENSG00000082701	GSK3B	21.9	EXPRESSED	GENE_SYMBOL
GSN	ENSG00000148180	GSN	55.2	EXPRESSED	GENE_SYMBOL
GSR	ENSG00000104687	GSR	11.8	EXPRESSED	GENE_SYMBOL
GTF2B	ENSG00000137947	GTF2B	16.5	EXPRESSED	GENE_SYMBOL
GTF3C1	ENSG00000077235	GTF3C1	17.0	EXPRESSED	GENE_SYMBOL
GTF3C2	ENSG00000115207	GTF3C2	23.2	EXPRESSED	GENE_SYMBOL
GTF3C5	ENSG00000148308	GTF3C5	12.7	EXPRESSED	GENE_SYMBOL
GTPBP4	ENSG00000107937	GTPBP4	8.2	EXPRESSED	GENE_SYMBOL
GTSE1	ENSG00000075218	GTSE1	0.1	EXPRESSED	GENE_SYMBOL
GUCA1A	ENSG00000048545	GUCA1A	703.2	EXPRESSED	GENE_SYMBOL
GUCA1A-2				UNKNOWN	UNMAPPED
GUCA1B	ENSG00000112599	GUCA1B	432.4	EXPRESSED	GENE_SYMBOL
GUCA1C	ENSG00000138472	GUCA1C	274.8	EXPRESSED	GENE_SYMBOL
GUCA2A	ENSG00000197273	GUCA2A	0.0	NOT_DETECTED	GENE_SYMBOL
GUCA2B	ENSG00000044012	GUCA2B	0.0	NOT_DETECTED	GENE_SYMBOL
GUCY1A1	ENSG00000164116	GUCY1A1	15.7	EXPRESSED	GENE_SYMBOL
GUCY1A2	ENSG00000152402	GUCY1A2	3.2	EXPRESSED	GENE_SYMBOL
GUCY1B1	ENSG00000061918	GUCY1B1	32.1	EXPRESSED	GENE_SYMBOL
GUCY2C	ENSG00000070019	GUCY2C	0.1	EXPRESSED	GENE_SYMBOL
GUCY2D	ENSG00000132518	GUCY2D	31.7	EXPRESSED	GENE_SYMBOL
GUCY2F	ENSG00000101890	GUCY2F	39.1	EXPRESSED	GENE_SYMBOL
GUF1	ENSG00000151806	GUF1	6.2	EXPRESSED	GENE_SYMBOL
GUK1	ENSG00000143774	GUK1	36.3	EXPRESSED	GENE_SYMBOL
GULP1	ENSG00000144366	GULP1	12.1	EXPRESSED	GENE_SYMBOL
GUSB	ENSG00000169919	GUSB	9.0	EXPRESSED	GENE_SYMBOL
GYS1	ENSG00000104812	GYS1	17.8	EXPRESSED	GENE_SYMBOL
GYS2	ENSG00000111713	GYS2	0.0	NOT_DETECTED	GENE_SYMBOL
GZF1	ENSG00000125812	GZF1	9.7	EXPRESSED	GENE_SYMBOL
H0YIJ7_HUMAN				UNKNOWN	UNMAPPED
H0YIS7_HUMAN				UNKNOWN	UNMAPPED
H1-6	ENSG00000187475	H1-6	0.0	NOT_DETECTED	GENE_SYMBOL
H2AC18	ENSG00000288825	H2AC18	0.0	NOT_DETECTED	GENE_SYMBOL
H2AC20	ENSG00000184260	H2AC20	0.4	EXPRESSED	GENE_SYMBOL
H2AX	ENSG00000188486	H2AX	6.4	EXPRESSED	GENE_SYMBOL
H2BC21	ENSG00000184678	H2BC21	63.1	EXPRESSED	GENE_SYMBOL
H3-3A	ENSG00000163041	H3-3A	251.6	EXPRESSED	GENE_SYMBOL
H3-3B	ENSG00000132475	H3-3B	278.0	EXPRESSED	GENE_SYMBOL
H3BNC9_HUMAN				UNKNOWN	UNMAPPED
H3C2	ENSG00000286522	H3C2	0.0	NOT_DETECTED	GENE_SYMBOL
H4C6	ENSG00000274618	H4C6	0.0	NOT_DETECTED	GENE_SYMBOL
H6PD	ENSG00000049239	H6PD	3.9	EXPRESSED	GENE_SYMBOL
H7C0C1_HUMAN				UNKNOWN	UNMAPPED
HAAO	ENSG00000162882	HAAO	0.3	EXPRESSED	GENE_SYMBOL
HABP2	ENSG00000148702	HABP2	0.3	EXPRESSED	GENE_SYMBOL
HABP4	ENSG00000130956	HABP4	15.1	EXPRESSED	GENE_SYMBOL
HACD4	ENSG00000188921	HACD4	1.2	EXPRESSED	GENE_SYMBOL
HACE1	ENSG00000085382	HACE1	10.7	EXPRESSED	GENE_SYMBOL
HACL1	ENSG00000131373	HACL1	11.3	EXPRESSED	GENE_SYMBOL
HADHA	ENSG00000084754	HADHA	13.9	EXPRESSED	GENE_SYMBOL
HADHB	ENSG00000138029	HADHB	58.4	EXPRESSED	GENE_SYMBOL
HAMP	ENSG00000105697	HAMP	3.9	EXPRESSED	GENE_SYMBOL
HAND1	ENSG00000113196	HAND1	0.0	NOT_DETECTED	GENE_SYMBOL
HAO1	ENSG00000101323	HAO1	0.0	NOT_DETECTED	GENE_SYMBOL
HAO2	ENSG00000116882	HAO2	0.0	NOT_DETECTED	GENE_SYMBOL
HAP1	ENSG00000173805	HAP1	0.8	EXPRESSED	GENE_SYMBOL
HARS1	ENSG00000170445	HARS1	17.3	EXPRESSED	GENE_SYMBOL
HARS2	ENSG00000112855	HARS2	10.6	EXPRESSED	GENE_SYMBOL
HAS1	ENSG00000105509	HAS1	0.2	EXPRESSED	GENE_SYMBOL
HAS2	ENSG00000170961	HAS2	0.0	NOT_DETECTED	GENE_SYMBOL
HAS3	ENSG00000103044	HAS3	0.8	EXPRESSED	GENE_SYMBOL
HAUS1	ENSG00000152240	HAUS1	8.8	EXPRESSED	GENE_SYMBOL
HAUS2	ENSG00000137814	HAUS2	5.0	EXPRESSED	GENE_SYMBOL
HAUS3	ENSG00000214367	HAUS3	5.3	EXPRESSED	GENE_SYMBOL
HAUS4	ENSG00000092036	HAUS4	9.6	EXPRESSED	GENE_SYMBOL
HAUS5	ENSG00000249115	HAUS5	3.7	EXPRESSED	GENE_SYMBOL
HAUS6	ENSG00000147874	HAUS6	8.4	EXPRESSED	GENE_SYMBOL
HAUS7	ENSG00000213397	HAUS7	3.0	EXPRESSED	GENE_SYMBOL
HAUS8	ENSG00000131351	HAUS8	0.9	EXPRESSED	GENE_SYMBOL
HBD	ENSG00000223609	HBD	0.1	EXPRESSED	GENE_SYMBOL
HBS1L	ENSG00000112339	HBS1L	41.5	EXPRESSED	GENE_SYMBOL
HCFC1	ENSG00000172534	HCFC1	6.7	EXPRESSED	GENE_SYMBOL
HCFC2	ENSG00000111727	HCFC2	7.4	EXPRESSED	GENE_SYMBOL
HCRT	ENSG00000161610	HCRT	0.0	NOT_DETECTED	GENE_SYMBOL
HDAC1	ENSG00000116478	HDAC1	17.6	EXPRESSED	GENE_SYMBOL
HDAC2	ENSG00000196591	HDAC2	34.4	EXPRESSED	GENE_SYMBOL
HDAC3	ENSG00000171720	HDAC3	15.2	EXPRESSED	GENE_SYMBOL
HDAC4	ENSG00000068024	HDAC4	0.8	EXPRESSED	GENE_SYMBOL
HDAC6	ENSG00000094631	HDAC6	7.0	EXPRESSED	GENE_SYMBOL
HDAC8	ENSG00000147099	HDAC8	15.1	EXPRESSED	GENE_SYMBOL
HDDC2	ENSG00000111906	HDDC2	29.2	EXPRESSED	GENE_SYMBOL
HDDC3	ENSG00000184508	HDDC3	6.6	EXPRESSED	GENE_SYMBOL
HEXD	ENSG00000169660	HEXD	3.1	EXPRESSED	GENE_SYMBOL
HEXIM1	ENSG00000186834	HEXIM1	8.4	EXPRESSED	GENE_SYMBOL
HFE	ENSG00000010704	HFE	1.2	EXPRESSED	GENE_SYMBOL
HFM1	ENSG00000162669	HFM1	4.2	EXPRESSED	GENE_SYMBOL
HGFAC	ENSG00000109758	HGFAC	0.1	EXPRESSED	GENE_SYMBOL
HGS	ENSG00000185359	HGS	14.6	EXPRESSED	GENE_SYMBOL
HGSNAT	ENSG00000165102	HGSNAT	12.6	EXPRESSED	GENE_SYMBOL
HIBCH	ENSG00000198130	HIBCH	35.6	EXPRESSED	GENE_SYMBOL
HIF1A	ENSG00000100644	HIF1A	32.9	EXPRESSED	GENE_SYMBOL
HIF3A	ENSG00000124440	HIF3A	9.1	EXPRESSED	GENE_SYMBOL
HIGD1C	ENSG00000214511	HIGD1C	0.1	EXPRESSED	GENE_SYMBOL
HIPK2	ENSG00000064393	HIPK2	25.8	EXPRESSED	GENE_SYMBOL
HJV	ENSG00000168509	HJV	0.0	NOT_DETECTED	GENE_SYMBOL
HK1	ENSG00000156515	HK1	141.7	EXPRESSED	GENE_SYMBOL
HK2	ENSG00000159399	HK2	133.5	EXPRESSED	GENE_SYMBOL
HK3	ENSG00000160883	HK3	0.1	EXPRESSED	GENE_SYMBOL
HKDC1	ENSG00000156510	HKDC1	43.4	EXPRESSED	GENE_SYMBOL
HLA-A	ENSG00000206503	HLA-A	9.1	EXPRESSED	GENE_SYMBOL
HLA-B	ENSG00000234745	HLA-B	6.9	EXPRESSED	GENE_SYMBOL
HLX	ENSG00000136630	HLX	0.0	NOT_DETECTED	GENE_SYMBOL
HM13	ENSG00000101294	HM13	19.1	EXPRESSED	GENE_SYMBOL
HMBS	ENSG00000256269	HMBS	4.9	EXPRESSED	GENE_SYMBOL
HMCN1	ENSG00000143341	HMCN1	0.5	EXPRESSED	GENE_SYMBOL
HMG20A	ENSG00000140382	HMG20A	24.1	EXPRESSED	GENE_SYMBOL
HMGA1	ENSG00000137309	HMGA1	31.0	EXPRESSED	GENE_SYMBOL
HMGCL	ENSG00000117305	HMGCL	14.9	EXPRESSED	GENE_SYMBOL
HMGCLL1	ENSG00000146151	HMGCLL1	4.2	EXPRESSED	GENE_SYMBOL
HMGCR	ENSG00000113161	HMGCR	17.4	EXPRESSED	GENE_SYMBOL
HMGCS1	ENSG00000112972	HMGCS1	31.7	EXPRESSED	GENE_SYMBOL
HMGCS2	ENSG00000134240	HMGCS2	0.0	NOT_DETECTED	GENE_SYMBOL
HMOX1	ENSG00000100292	HMOX1	1.6	EXPRESSED	GENE_SYMBOL
HMOX2	ENSG00000103415	HMOX2	20.9	EXPRESSED	GENE_SYMBOL
HNF4A	ENSG00000101076	HNF4A	0.2	EXPRESSED	GENE_SYMBOL
HNRNPA0	ENSG00000177733	HNRNPA0	10.1	EXPRESSED	GENE_SYMBOL
HNRNPA1	ENSG00000135486	HNRNPA1	243.0	EXPRESSED	GENE_SYMBOL
HNRNPA2B1	ENSG00000122566	HNRNPA2B1	121.5	EXPRESSED	GENE_SYMBOL
HNRNPA3	ENSG00000170144	HNRNPA3	167.4	EXPRESSED	GENE_SYMBOL
HNRNPAB	ENSG00000197451	HNRNPAB	25.1	EXPRESSED	GENE_SYMBOL
HNRNPC	ENSG00000092199	HNRNPC	382.1	EXPRESSED	GENE_SYMBOL
HNRNPCL1	ENSG00000179172	HNRNPCL1	0.0	NOT_DETECTED	GENE_SYMBOL
HNRNPD	ENSG00000138668	HNRNPD	168.1	EXPRESSED	GENE_SYMBOL
HNRNPDL	ENSG00000152795	HNRNPDL	195.0	EXPRESSED	GENE_SYMBOL
HNRNPF	ENSG00000169813	HNRNPF	74.0	EXPRESSED	GENE_SYMBOL
HNRNPH1	ENSG00000169045	HNRNPH1	152.8	EXPRESSED	GENE_SYMBOL
HNRNPH2	ENSG00000126945	HNRNPH2	73.5	EXPRESSED	GENE_SYMBOL
HNRNPH3	ENSG00000096746	HNRNPH3	75.2	EXPRESSED	GENE_SYMBOL
HNRNPK	ENSG00000165119	HNRNPK	316.6	EXPRESSED	GENE_SYMBOL
HNRNPL	ENSG00000104824	HNRNPL	50.1	EXPRESSED	GENE_SYMBOL
HNRNPM	ENSG00000099783	HNRNPM	118.2	EXPRESSED	GENE_SYMBOL
HNRNPR	ENSG00000125944	HNRNPR	37.2	EXPRESSED	GENE_SYMBOL
HNRNPU	ENSG00000153187	HNRNPU	118.0	EXPRESSED	GENE_SYMBOL
HNRNPUL1	ENSG00000105323	HNRNPUL1	84.5	EXPRESSED	GENE_SYMBOL
HNRNPUL2	ENSG00000214753	HNRNPUL2	34.8	EXPRESSED	GENE_SYMBOL
HOOK1	ENSG00000134709	HOOK1	46.7	EXPRESSED	GENE_SYMBOL
HOOK2	ENSG00000095066	HOOK2	12.4	EXPRESSED	GENE_SYMBOL
HOOK3	ENSG00000168172	HOOK3	6.4	EXPRESSED	GENE_SYMBOL
HPCA	ENSG00000121905	HPCA	17.1	EXPRESSED	GENE_SYMBOL
HPCAL1	ENSG00000115756	HPCAL1	19.7	EXPRESSED	GENE_SYMBOL
HPD	ENSG00000158104	HPD	0.3	EXPRESSED	GENE_SYMBOL
HPDL	ENSG00000186603	HPDL	0.4	EXPRESSED	GENE_SYMBOL
HPRT1	ENSG00000165704	HPRT1	69.4	EXPRESSED	GENE_SYMBOL
HPS5	ENSG00000110756	HPS5	8.2	EXPRESSED	GENE_SYMBOL
HPX	ENSG00000110169	HPX	1.5	EXPRESSED	GENE_SYMBOL
HRAS	ENSG00000174775	HRAS	9.2	EXPRESSED	GENE_SYMBOL
HRH1	ENSG00000196639	HRH1	0.2	EXPRESSED	GENE_SYMBOL
HRH2	ENSG00000113749	HRH2	0.2	EXPRESSED	GENE_SYMBOL
HRNR	ENSG00000197915	HRNR	0.3	EXPRESSED	GENE_SYMBOL
HSCB	ENSG00000100209	HSCB	0.9	EXPRESSED	GENE_SYMBOL
HSD17B10	ENSG00000072506	HSD17B10	9.4	EXPRESSED	GENE_SYMBOL
HSD17B12	ENSG00000149084	HSD17B12	43.5	EXPRESSED	GENE_SYMBOL
HSD17B6	ENSG00000025423	HSD17B6	0.8	EXPRESSED	GENE_SYMBOL
HSD17B7	ENSG00000132196	HSD17B7	4.7	EXPRESSED	GENE_SYMBOL
HSD3B7	ENSG00000099377	HSD3B7	1.4	EXPRESSED	GENE_SYMBOL
HSP90AA1	ENSG00000080824	HSP90AA1	1044.8	EXPRESSED	GENE_SYMBOL
HSP90AB1	ENSG00000096384	HSP90AB1	314.7	EXPRESSED	GENE_SYMBOL
HSP90B1	ENSG00000166598	HSP90B1	171.9	EXPRESSED	GENE_SYMBOL
HSPA1A	ENSG00000204389	HSPA1A	6.0	EXPRESSED	GENE_SYMBOL
HSPA1B	ENSG00000204388	HSPA1B	2.4	EXPRESSED	GENE_SYMBOL
HSPA4	ENSG00000170606	HSPA4	85.1	EXPRESSED	GENE_SYMBOL
HSPA4L	ENSG00000164070	HSPA4L	25.0	EXPRESSED	GENE_SYMBOL
HSPA5	ENSG00000044574	HSPA5	97.5	EXPRESSED	GENE_SYMBOL
HSPA8	ENSG00000109971	HSPA8	492.5	EXPRESSED	GENE_SYMBOL
HSPA9	ENSG00000113013	HSPA9	45.2	EXPRESSED	GENE_SYMBOL
HSPB1	ENSG00000106211	HSPB1	9.5	EXPRESSED	GENE_SYMBOL
HSPB11	ENSG00000081870	HSPB11	27.6	EXPRESSED	GENE_SYMBOL
HSPD1	ENSG00000144381	HSPD1	66.7	EXPRESSED	GENE_SYMBOL
HSPE1	ENSG00000115541	HSPE1	79.4	EXPRESSED	GENE_SYMBOL
HSPG2	ENSG00000142798	HSPG2	0.3	EXPRESSED	GENE_SYMBOL
HTATIP2	ENSG00000109854	HTATIP2	1.7	EXPRESSED	GENE_SYMBOL
HTATSF1	ENSG00000102241	HTATSF1	52.0	EXPRESSED	GENE_SYMBOL
HTN1	ENSG00000126550	HTN1	0.0	NOT_DETECTED	GENE_SYMBOL
HTN3	ENSG00000205649	HTN3	0.6	EXPRESSED	GENE_SYMBOL
HTR2B	ENSG00000135914	HTR2B	0.2	EXPRESSED	GENE_SYMBOL
HTR2C	ENSG00000147246	HTR2C	0.4	EXPRESSED	GENE_SYMBOL
HTT	ENSG00000197386	HTT	9.5	EXPRESSED	GENE_SYMBOL
HUWE1	ENSG00000086758	HUWE1	37.8	EXPRESSED	GENE_SYMBOL
HYAL1	ENSG00000114378	HYAL1	2.9	EXPRESSED	GENE_SYMBOL
HYDIN	ENSG00000157423	HYDIN	6.3	EXPRESSED	GENE_SYMBOL
HYLS1	ENSG00000198331	HYLS1	4.0	EXPRESSED	GENE_SYMBOL
IARS1	ENSG00000196305	IARS1	14.7	EXPRESSED	GENE_SYMBOL
ICAM1	ENSG00000090339	ICAM1	9.8	EXPRESSED	GENE_SYMBOL
ICK				UNKNOWN	UNMAPPED
ICMT	ENSG00000116237	ICMT	26.6	EXPRESSED	GENE_SYMBOL
IDH1	ENSG00000138413	IDH1	32.4	EXPRESSED	GENE_SYMBOL
IDH2	ENSG00000182054	IDH2	5.0	EXPRESSED	GENE_SYMBOL
IDH3A	ENSG00000166411	IDH3A	23.8	EXPRESSED	GENE_SYMBOL
IDH3B	ENSG00000101365	IDH3B	42.7	EXPRESSED	GENE_SYMBOL
IDH3G	ENSG00000067829	IDH3G	22.7	EXPRESSED	GENE_SYMBOL
IDI1	ENSG00000067064	IDI1	37.7	EXPRESSED	GENE_SYMBOL
IDI2	ENSG00000148377	IDI2	1.1	EXPRESSED	GENE_SYMBOL
IDS	ENSG00000010404	IDS	45.0	EXPRESSED	GENE_SYMBOL
IDUA	ENSG00000127415	IDUA	1.7	EXPRESSED	GENE_SYMBOL
IFI35	ENSG00000068079	IFI35	1.4	EXPRESSED	GENE_SYMBOL
IFI44L	ENSG00000137959	IFI44L	0.9	EXPRESSED	GENE_SYMBOL
IFITM5	ENSG00000206013	IFITM5	0.0	NOT_DETECTED	GENE_SYMBOL
IFNAR1	ENSG00000142166	IFNAR1	14.5	EXPRESSED	GENE_SYMBOL
IFNG	ENSG00000111537	IFNG	0.0	NOT_DETECTED	GENE_SYMBOL
IFT122	ENSG00000163913	IFT122	0.9	EXPRESSED	GENE_SYMBOL
IFT140	ENSG00000187535	IFT140	5.9	EXPRESSED	GENE_SYMBOL
IFT172	ENSG00000138002	IFT172	5.3	EXPRESSED	GENE_SYMBOL
IFT20	ENSG00000109083	IFT20	24.7	EXPRESSED	GENE_SYMBOL
IFT22	ENSG00000128581	IFT22	38.4	EXPRESSED	GENE_SYMBOL
IFT27	ENSG00000100360	IFT27	14.5	EXPRESSED	GENE_SYMBOL
IFT43	ENSG00000119650	IFT43	23.2	EXPRESSED	GENE_SYMBOL
IFT46	ENSG00000118096	IFT46	33.1	EXPRESSED	GENE_SYMBOL
IFT52	ENSG00000101052	IFT52	14.0	EXPRESSED	GENE_SYMBOL
IFT57	ENSG00000114446	IFT57	22.2	EXPRESSED	GENE_SYMBOL
IFT74	ENSG00000096872	IFT74	13.6	EXPRESSED	GENE_SYMBOL
IFT80	ENSG00000068885	IFT80	23.2	EXPRESSED	GENE_SYMBOL
IFT81	ENSG00000122970	IFT81	21.3	EXPRESSED	GENE_SYMBOL
IFT88	ENSG00000032742	IFT88	30.2	EXPRESSED	GENE_SYMBOL
IGF2BP1	ENSG00000159217	IGF2BP1	0.0	NOT_DETECTED	GENE_SYMBOL
IGHD	ENSG00000211898	IGHD	0.0	NOT_DETECTED	GENE_SYMBOL
IGHV3-16	ENSG00000211944	IGHV3-16	0.0	NOT_DETECTED	GENE_SYMBOL
IK	ENSG00000113141	IK	83.7	EXPRESSED	GENE_SYMBOL
IKBKE	ENSG00000263528	IKBKE	0.1	EXPRESSED	GENE_SYMBOL
IL10	ENSG00000136634	IL10	0.0	NOT_DETECTED	GENE_SYMBOL
IL17A	ENSG00000112115	IL17A	0.0	NOT_DETECTED	GENE_SYMBOL
IL1B	ENSG00000125538	IL1B	0.3	EXPRESSED	GENE_SYMBOL
IL1RN	ENSG00000136689	IL1RN	0.0	NOT_DETECTED	GENE_SYMBOL
IL2RG	ENSG00000147168	IL2RG	0.3	EXPRESSED	GENE_SYMBOL
IL31RA	ENSG00000164509	IL31RA	0.0	NOT_DETECTED	GENE_SYMBOL
IL4	ENSG00000113520	IL4	0.5	EXPRESSED	GENE_SYMBOL
IL4I1	ENSG00000104951	IL4I1	0.1	EXPRESSED	GENE_SYMBOL
IL6	ENSG00000136244	IL6	1.2	EXPRESSED	GENE_SYMBOL
ILF2	ENSG00000143621	ILF2	40.2	EXPRESSED	GENE_SYMBOL
ILF3	ENSG00000129351	ILF3	64.8	EXPRESSED	GENE_SYMBOL
ILVBL	ENSG00000105135	ILVBL	12.9	EXPRESSED	GENE_SYMBOL
IMMT	ENSG00000132305	IMMT	39.3	EXPRESSED	GENE_SYMBOL
IMPA1	ENSG00000133731	IMPA1	16.8	EXPRESSED	GENE_SYMBOL
IMPA2	ENSG00000141401	IMPA2	0.7	EXPRESSED	GENE_SYMBOL
IMPDH1	ENSG00000106348	IMPDH1	98.6	EXPRESSED	GENE_SYMBOL
IMPDH2	ENSG00000178035	IMPDH2	20.1	EXPRESSED	GENE_SYMBOL
IMPG1	ENSG00000112706	IMPG1	621.3	EXPRESSED	GENE_SYMBOL
IMPG2	ENSG00000081148	IMPG2	282.9	EXPRESSED	GENE_SYMBOL
INF2	ENSG00000203485	INF2	3.1	EXPRESSED	GENE_SYMBOL
INO80C	ENSG00000153391	INO80C	31.3	EXPRESSED	GENE_SYMBOL
INO80D	ENSG00000114933	INO80D	4.7	EXPRESSED	GENE_SYMBOL
INPP4A	ENSG00000040933	INPP4A	8.4	EXPRESSED	GENE_SYMBOL
INPP4B	ENSG00000109452	INPP4B	1.6	EXPRESSED	GENE_SYMBOL
INPP5A	ENSG00000068383	INPP5A	15.7	EXPRESSED	GENE_SYMBOL
INPP5B	ENSG00000204084	INPP5B	11.6	EXPRESSED	GENE_SYMBOL
INPP5E	ENSG00000148384	INPP5E	6.9	EXPRESSED	GENE_SYMBOL
INPP5F	ENSG00000198825	INPP5F	30.5	EXPRESSED	GENE_SYMBOL
INS	ENSG00000254647	INS	0.0	NOT_DETECTED	GENE_SYMBOL
INSIG1	ENSG00000186480	INSIG1	37.6	EXPRESSED	GENE_SYMBOL
INTS4	ENSG00000149262	INTS4	6.1	EXPRESSED	GENE_SYMBOL
INTS6	ENSG00000102786	INTS6	17.5	EXPRESSED	GENE_SYMBOL
INTU	ENSG00000164066	INTU	12.2	EXPRESSED	GENE_SYMBOL
INVS	ENSG00000119509	INVS	10.9	EXPRESSED	GENE_SYMBOL
IP6K2	ENSG00000068745	IP6K2	59.1	EXPRESSED	GENE_SYMBOL
IPO13	ENSG00000117408	IPO13	22.2	EXPRESSED	GENE_SYMBOL
IPO7	ENSG00000205339	IPO7	44.2	EXPRESSED	GENE_SYMBOL
IPO9	ENSG00000198700	IPO9	22.0	EXPRESSED	GENE_SYMBOL
IPP	ENSG00000197429	IPP	6.8	EXPRESSED	GENE_SYMBOL
IQCB1	ENSG00000173226	IQCB1	17.5	EXPRESSED	GENE_SYMBOL
IQGAP1	ENSG00000140575	IQGAP1	6.6	EXPRESSED	GENE_SYMBOL
IQGAP3	ENSG00000183856	IQGAP3	0.0	NOT_DETECTED	GENE_SYMBOL
IRAK1	ENSG00000184216	IRAK1	2.8	EXPRESSED	GENE_SYMBOL
IREB2	ENSG00000136381	IREB2	17.9	EXPRESSED	GENE_SYMBOL
IRF8	ENSG00000140968	IRF8	0.5	EXPRESSED	GENE_SYMBOL
ISL1	ENSG00000016082	ISL1	21.2	EXPRESSED	GENE_SYMBOL
ISX	ENSG00000175329	ISX	0.0	NOT_DETECTED	GENE_SYMBOL
ISY1	ENSG00000240682	ISY1	9.6	EXPRESSED	GENE_SYMBOL
ISY1-RAB43	ENSG00000261796	ISY1-RAB43	2.5	EXPRESSED	GENE_SYMBOL
ISYNA1	ENSG00000105655	ISYNA1	0.8	EXPRESSED	GENE_SYMBOL
ITGA4	ENSG00000115232	ITGA4	5.5	EXPRESSED	GENE_SYMBOL
ITGAE	ENSG00000083457	ITGAE	0.0	NOT_DETECTED	GENE_SYMBOL
ITGAM	ENSG00000169896	ITGAM	0.2	EXPRESSED	GENE_SYMBOL
ITGAX	ENSG00000140678	ITGAX	0.6	EXPRESSED	GENE_SYMBOL
ITGB1	ENSG00000150093	ITGB1	25.4	EXPRESSED	GENE_SYMBOL
ITGB5	ENSG00000082781	ITGB5	13.2	EXPRESSED	GENE_SYMBOL
ITPA	ENSG00000125877	ITPA	6.4	EXPRESSED	GENE_SYMBOL
ITPRIP	ENSG00000148841	ITPRIP	1.5	EXPRESSED	GENE_SYMBOL
ITPRIPL2	ENSG00000205730	ITPRIPL2	0.4	EXPRESSED	GENE_SYMBOL
ITSN1	ENSG00000205726	ITSN1	26.4	EXPRESSED	GENE_SYMBOL
ITSN2	ENSG00000198399	ITSN2	14.7	EXPRESSED	GENE_SYMBOL
JAK2	ENSG00000096968	JAK2	11.9	EXPRESSED	GENE_SYMBOL
JDP2	ENSG00000140044	JDP2	15.3	EXPRESSED	GENE_SYMBOL
JPH4	ENSG00000092051	JPH4	10.2	EXPRESSED	GENE_SYMBOL
JUN	ENSG00000177606	JUN	27.6	EXPRESSED	GENE_SYMBOL
JUND	ENSG00000130522	JUND	23.9	EXPRESSED	GENE_SYMBOL
JUP	ENSG00000173801	JUP	4.4	EXPRESSED	GENE_SYMBOL
KANSL1	ENSG00000120071	KANSL1	8.7	EXPRESSED	GENE_SYMBOL
KAT2A	ENSG00000108773	KAT2A	0.9	EXPRESSED	GENE_SYMBOL
KAT2B	ENSG00000114166	KAT2B	31.4	EXPRESSED	GENE_SYMBOL
KAT5	ENSG00000172977	KAT5	28.8	EXPRESSED	GENE_SYMBOL
KAT8	ENSG00000103510	KAT8	25.5	EXPRESSED	GENE_SYMBOL
KATNBL1	ENSG00000134152	KATNBL1	28.6	EXPRESSED	GENE_SYMBOL
KBTBD12	ENSG00000187715	KBTBD12	0.7	EXPRESSED	GENE_SYMBOL
KBTBD6	ENSG00000165572	KBTBD6	3.9	EXPRESSED	GENE_SYMBOL
KBTBD7	ENSG00000120696	KBTBD7	5.6	EXPRESSED	GENE_SYMBOL
KBTBD8	ENSG00000163376	KBTBD8	1.2	EXPRESSED	GENE_SYMBOL
KCNG3	ENSG00000171126	KCNG3	0.2	EXPRESSED	GENE_SYMBOL
KCNG4	ENSG00000168418	KCNG4	3.6	EXPRESSED	GENE_SYMBOL
KCNH8	ENSG00000183960	KCNH8	3.2	EXPRESSED	GENE_SYMBOL
KCNIP3	ENSG00000115041	KCNIP3	0.3	EXPRESSED	GENE_SYMBOL
KCNJ10	ENSG00000177807	KCNJ10	34.0	EXPRESSED	GENE_SYMBOL
KCNJ13	ENSG00000115474	KCNJ13	12.7	EXPRESSED	GENE_SYMBOL
KCNJ3	ENSG00000162989	KCNJ3	4.6	EXPRESSED	GENE_SYMBOL
KCNJ5	ENSG00000120457	KCNJ5	0.9	EXPRESSED	GENE_SYMBOL
KCNK17	ENSG00000124780	KCNK17	0.0	NOT_DETECTED	GENE_SYMBOL
KCNK2	ENSG00000082482	KCNK2	0.2	EXPRESSED	GENE_SYMBOL
KCNMA1	ENSG00000156113	KCNMA1	37.3	EXPRESSED	GENE_SYMBOL
KCNQ4	ENSG00000117013	KCNQ4	0.3	EXPRESSED	GENE_SYMBOL
KCNT2	ENSG00000162687	KCNT2	0.1	EXPRESSED	GENE_SYMBOL
KCNV2	ENSG00000168263	KCNV2	268.2	EXPRESSED	GENE_SYMBOL
KCTD10	ENSG00000110906	KCTD10	13.3	EXPRESSED	GENE_SYMBOL
KCTD13	ENSG00000174943	KCTD13	9.5	EXPRESSED	GENE_SYMBOL
KCTD17	ENSG00000100379	KCTD17	3.4	EXPRESSED	GENE_SYMBOL
KCTD2	ENSG00000180901	KCTD2	0.3	EXPRESSED	GENE_SYMBOL
KCTD3	ENSG00000136636	KCTD3	36.8	EXPRESSED	GENE_SYMBOL
KCTD5	ENSG00000167977	KCTD5	6.2	EXPRESSED	GENE_SYMBOL
KCTD7	ENSG00000243335	KCTD7	60.9	EXPRESSED	GENE_SYMBOL
KCTD8	ENSG00000183783	KCTD8	6.3	EXPRESSED	GENE_SYMBOL
KDM2A	ENSG00000173120	KDM2A	17.2	EXPRESSED	GENE_SYMBOL
KDM2B	ENSG00000089094	KDM2B	9.0	EXPRESSED	GENE_SYMBOL
KDM6B	ENSG00000132510	KDM6B	5.8	EXPRESSED	GENE_SYMBOL
KDM7A	ENSG00000006459	KDM7A	5.4	EXPRESSED	GENE_SYMBOL
KDSR	ENSG00000119537	KDSR	6.5	EXPRESSED	GENE_SYMBOL
KEAP1	ENSG00000079999	KEAP1	15.2	EXPRESSED	GENE_SYMBOL
KHDRBS1	ENSG00000121774	KHDRBS1	54.2	EXPRESSED	GENE_SYMBOL
KHDRBS2	ENSG00000112232	KHDRBS2	3.7	EXPRESSED	GENE_SYMBOL
KHK	ENSG00000138030	KHK	1.3	EXPRESSED	GENE_SYMBOL
KHSRP	ENSG00000088247	KHSRP	37.8	EXPRESSED	GENE_SYMBOL
KIAA0232	ENSG00000170871	KIAA0232	22.8	EXPRESSED	GENE_SYMBOL
KIAA0319	ENSG00000137261	KIAA0319	1.1	EXPRESSED	GENE_SYMBOL
KIAA0556				UNKNOWN	UNMAPPED
KIAA0586	ENSG00000100578	KIAA0586	7.4	EXPRESSED	GENE_SYMBOL
KIAA0753	ENSG00000198920	KIAA0753	10.0	EXPRESSED	GENE_SYMBOL
KIAA1143	ENSG00000163807	KIAA1143	5.3	EXPRESSED	GENE_SYMBOL
KIAA1217	ENSG00000120549	KIAA1217	22.1	EXPRESSED	GENE_SYMBOL
KIAA1328	ENSG00000150477	KIAA1328	19.6	EXPRESSED	GENE_SYMBOL
KIAA1549	ENSG00000122778	KIAA1549	5.3	EXPRESSED	GENE_SYMBOL
KIF11	ENSG00000138160	KIF11	0.7	EXPRESSED	GENE_SYMBOL
KIF14	ENSG00000118193	KIF14	0.0	NOT_DETECTED	GENE_SYMBOL
KIF17	ENSG00000117245	KIF17	0.2	EXPRESSED	GENE_SYMBOL
KIF18A	ENSG00000121621	KIF18A	0.6	EXPRESSED	GENE_SYMBOL
KIF24	ENSG00000186638	KIF24	0.4	EXPRESSED	GENE_SYMBOL
KIF25	ENSG00000125337	KIF25	2.3	EXPRESSED	GENE_SYMBOL
KIF2A	ENSG00000068796	KIF2A	39.6	EXPRESSED	GENE_SYMBOL
KIF3A	ENSG00000131437	KIF3A	31.3	EXPRESSED	GENE_SYMBOL
KIF3B	ENSG00000101350	KIF3B	28.6	EXPRESSED	GENE_SYMBOL
KIF5A	ENSG00000155980	KIF5A	44.4	EXPRESSED	GENE_SYMBOL
KIF5B	ENSG00000170759	KIF5B	41.7	EXPRESSED	GENE_SYMBOL
KIF7	ENSG00000166813	KIF7	0.2	EXPRESSED	GENE_SYMBOL
KIFAP3	ENSG00000075945	KIFAP3	52.2	EXPRESSED	GENE_SYMBOL
KIFC1	ENSG00000237649	KIFC1	0.4	EXPRESSED	GENE_SYMBOL
KIFC2	ENSG00000167702	KIFC2	3.5	EXPRESSED	GENE_SYMBOL
KIFC3	ENSG00000140859	KIFC3	75.8	EXPRESSED	GENE_SYMBOL
KIN	ENSG00000151657	KIN	3.2	EXPRESSED	GENE_SYMBOL
KIZ	ENSG00000088970	KIZ	18.7	EXPRESSED	GENE_SYMBOL
KLC1	ENSG00000126214	KLC1	147.0	EXPRESSED	GENE_SYMBOL
KLC2	ENSG00000174996	KLC2	26.4	EXPRESSED	GENE_SYMBOL
KLC3	ENSG00000104892	KLC3	0.9	EXPRESSED	GENE_SYMBOL
KLC4	ENSG00000137171	KLC4	22.2	EXPRESSED	GENE_SYMBOL
KLHDC1	ENSG00000197776	KLHDC1	5.6	EXPRESSED	GENE_SYMBOL
KLHDC2	ENSG00000165516	KLHDC2	22.2	EXPRESSED	GENE_SYMBOL
KLHDC7A	ENSG00000179023	KLHDC7A	0.0	NOT_DETECTED	GENE_SYMBOL
KLHL11	ENSG00000178502	KLHL11	6.5	EXPRESSED	GENE_SYMBOL
KLHL12	ENSG00000117153	KLHL12	22.8	EXPRESSED	GENE_SYMBOL
KLHL13	ENSG00000003096	KLHL13	3.9	EXPRESSED	GENE_SYMBOL
KLHL15	ENSG00000174010	KLHL15	5.3	EXPRESSED	GENE_SYMBOL
KLHL2	ENSG00000109466	KLHL2	8.2	EXPRESSED	GENE_SYMBOL
KLHL20	ENSG00000076321	KLHL20	8.3	EXPRESSED	GENE_SYMBOL
KLHL21	ENSG00000162413	KLHL21	6.9	EXPRESSED	GENE_SYMBOL
KLHL22	ENSG00000099910	KLHL22	14.2	EXPRESSED	GENE_SYMBOL
KLHL24	ENSG00000114796	KLHL24	14.9	EXPRESSED	GENE_SYMBOL
KLHL25	ENSG00000183655	KLHL25	0.8	EXPRESSED	GENE_SYMBOL
KLHL3	ENSG00000146021	KLHL3	7.1	EXPRESSED	GENE_SYMBOL
KLHL40	ENSG00000157119	KLHL40	0.1	EXPRESSED	GENE_SYMBOL
KLHL41	ENSG00000239474	KLHL41	15.0	EXPRESSED	GENE_SYMBOL
KLHL42	ENSG00000087448	KLHL42	12.9	EXPRESSED	GENE_SYMBOL
KLHL7	ENSG00000122550	KLHL7	13.9	EXPRESSED	GENE_SYMBOL
KLHL8	ENSG00000145332	KLHL8	25.2	EXPRESSED	GENE_SYMBOL
KLHL9	ENSG00000198642	KLHL9	16.4	EXPRESSED	GENE_SYMBOL
KLK8	ENSG00000129455	KLK8	0.0	NOT_DETECTED	GENE_SYMBOL
KLKB1	ENSG00000164344	KLKB1	10.9	EXPRESSED	GENE_SYMBOL
KLRF1	ENSG00000150045	KLRF1	0.1	EXPRESSED	GENE_SYMBOL
KMO	ENSG00000117009	KMO	0.1	EXPRESSED	GENE_SYMBOL
KMT2A	ENSG00000118058	KMT2A	25.9	EXPRESSED	GENE_SYMBOL
KMT2B	ENSG00000272333	KMT2B	8.2	EXPRESSED	GENE_SYMBOL
KMT2D	ENSG00000167548	KMT2D	31.2	EXPRESSED	GENE_SYMBOL
KPNA1	ENSG00000114030	KPNA1	26.5	EXPRESSED	GENE_SYMBOL
KPNA2	ENSG00000182481	KPNA2	20.6	EXPRESSED	GENE_SYMBOL
KPNA3	ENSG00000102753	KPNA3	30.9	EXPRESSED	GENE_SYMBOL
KPNA4	ENSG00000186432	KPNA4	12.2	EXPRESSED	GENE_SYMBOL
KPNA5	ENSG00000196911	KPNA5	18.6	EXPRESSED	GENE_SYMBOL
KPNA6	ENSG00000025800	KPNA6	15.8	EXPRESSED	GENE_SYMBOL
KPNA7	ENSG00000185467	KPNA7	0.0	NOT_DETECTED	GENE_SYMBOL
KPRP	ENSG00000203786	KPRP	0.0	NOT_DETECTED	GENE_SYMBOL
KRAS	ENSG00000133703	KRAS	16.2	EXPRESSED	GENE_SYMBOL
KRTCAP3	ENSG00000157992	KRTCAP3	6.7	EXPRESSED	GENE_SYMBOL
KSR1	ENSG00000141068	KSR1	17.9	EXPRESSED	GENE_SYMBOL
L2HGDH	ENSG00000087299	L2HGDH	9.9	EXPRESSED	GENE_SYMBOL
L3MBTL2	ENSG00000100395	L3MBTL2	9.3	EXPRESSED	GENE_SYMBOL
LAMA2	ENSG00000196569	LAMA2	3.1	EXPRESSED	GENE_SYMBOL
LAMB2	ENSG00000172037	LAMB2	10.9	EXPRESSED	GENE_SYMBOL
LAMB3	ENSG00000196878	LAMB3	0.2	EXPRESSED	GENE_SYMBOL
LAMC1	ENSG00000135862	LAMC1	3.5	EXPRESSED	GENE_SYMBOL
LAMC2	ENSG00000058085	LAMC2	0.1	EXPRESSED	GENE_SYMBOL
LAMC3	ENSG00000050555	LAMC3	0.0	NOT_DETECTED	GENE_SYMBOL
LAMP1	ENSG00000185896	LAMP1	33.1	EXPRESSED	GENE_SYMBOL
LAMTOR1	ENSG00000149357	LAMTOR1	43.2	EXPRESSED	GENE_SYMBOL
LARGE1	ENSG00000133424	LARGE1	12.3	EXPRESSED	GENE_SYMBOL
LARGE2	ENSG00000165905	LARGE2	3.3	EXPRESSED	GENE_SYMBOL
LARP7	ENSG00000174720	LARP7	20.4	EXPRESSED	GENE_SYMBOL
LAS1L	ENSG00000001497	LAS1L	8.6	EXPRESSED	GENE_SYMBOL
LBR	ENSG00000143815	LBR	4.9	EXPRESSED	GENE_SYMBOL
LCA5	ENSG00000135338	LCA5	12.7	EXPRESSED	GENE_SYMBOL
LCAT	ENSG00000213398	LCAT	2.6	EXPRESSED	GENE_SYMBOL
LCK	ENSG00000182866	LCK	0.0	NOT_DETECTED	GENE_SYMBOL
LCT	ENSG00000115850	LCT	0.0	NOT_DETECTED	GENE_SYMBOL
LDHA	ENSG00000134333	LDHA	411.4	EXPRESSED	GENE_SYMBOL
LDHD	ENSG00000166816	LDHD	1.2	EXPRESSED	GENE_SYMBOL
LDOC1	ENSG00000182195	LDOC1	3.2	EXPRESSED	GENE_SYMBOL
LENG1	ENSG00000105617	LENG1	0.1	EXPRESSED	GENE_SYMBOL
LEO1	ENSG00000166477	LEO1	11.1	EXPRESSED	GENE_SYMBOL
LEP	ENSG00000174697	LEP	0.0	NOT_DETECTED	GENE_SYMBOL
LEPR	ENSG00000116678	LEPR	2.3	EXPRESSED	GENE_SYMBOL
LETM2	ENSG00000165046	LETM2	3.9	EXPRESSED	GENE_SYMBOL
LGALS3	ENSG00000131981	LGALS3	63.2	EXPRESSED	GENE_SYMBOL
LGALS4	ENSG00000171747	LGALS4	0.2	EXPRESSED	GENE_SYMBOL
LGALS9	ENSG00000168961	LGALS9	0.9	EXPRESSED	GENE_SYMBOL
LGALS9C	ENSG00000171916	LGALS9C	0.0	NOT_DETECTED	GENE_SYMBOL
LGMN	ENSG00000100600	LGMN	18.2	EXPRESSED	GENE_SYMBOL
LGR4	ENSG00000205213	LGR4	41.1	EXPRESSED	GENE_SYMBOL
LGSN	ENSG00000146166	LGSN	0.1	EXPRESSED	GENE_SYMBOL
LHCGR	ENSG00000138039	LHCGR	0.1	EXPRESSED	GENE_SYMBOL
LHFPL5	ENSG00000197753	LHFPL5	7.2	EXPRESSED	GENE_SYMBOL
LHX2	ENSG00000106689	LHX2	31.7	EXPRESSED	GENE_SYMBOL
LHX3	ENSG00000107187	LHX3	1.0	EXPRESSED	GENE_SYMBOL
LHX4	ENSG00000121454	LHX4	14.3	EXPRESSED	GENE_SYMBOL
LIN28A	ENSG00000131914	LIN28A	0.3	EXPRESSED	GENE_SYMBOL
LIPC	ENSG00000166035	LIPC	0.1	EXPRESSED	GENE_SYMBOL
LIPG	ENSG00000101670	LIPG	4.6	EXPRESSED	GENE_SYMBOL
LITAFD	ENSG00000283516	LITAFD	0.0	NOT_DETECTED	GENE_SYMBOL
LLGL2	ENSG00000073350	LLGL2	9.7	EXPRESSED	GENE_SYMBOL
LMNA	ENSG00000160789	LMNA	4.3	EXPRESSED	GENE_SYMBOL
LMNB1	ENSG00000113368	LMNB1	5.9	EXPRESSED	GENE_SYMBOL
LMX1B	ENSG00000136944	LMX1B	0.0	NOT_DETECTED	GENE_SYMBOL
LNPK	ENSG00000144320	LNPK	22.3	EXPRESSED	GENE_SYMBOL
LOC112694756				UNKNOWN	UNMAPPED
LONP1	ENSG00000196365	LONP1	12.1	EXPRESSED	GENE_SYMBOL
LONP2	ENSG00000102910	LONP2	36.0	EXPRESSED	GENE_SYMBOL
LOX	ENSG00000113083	LOX	1.0	EXPRESSED	GENE_SYMBOL
LOXHD1	ENSG00000167210	LOXHD1	0.0	NOT_DETECTED	GENE_SYMBOL
LOXL1	ENSG00000129038	LOXL1	0.0	NOT_DETECTED	GENE_SYMBOL
LPIN2	ENSG00000101577	LPIN2	10.5	EXPRESSED	GENE_SYMBOL
LRAT	ENSG00000121207	LRAT	0.9	EXPRESSED	GENE_SYMBOL
LRFN4	ENSG00000173621	LRFN4	0.4	EXPRESSED	GENE_SYMBOL
LRIT1	ENSG00000148602	LRIT1	23.8	EXPRESSED	GENE_SYMBOL
LRIT2	ENSG00000204033	LRIT2	54.7	EXPRESSED	GENE_SYMBOL
LRIT3	ENSG00000183423	LRIT3	16.3	EXPRESSED	GENE_SYMBOL
LRMDA	ENSG00000148655	LRMDA	2.2	EXPRESSED	GENE_SYMBOL
LRP1	ENSG00000123384	LRP1	9.2	EXPRESSED	GENE_SYMBOL
LRP1B	ENSG00000168702	LRP1B	2.4	EXPRESSED	GENE_SYMBOL
LRP5	ENSG00000162337	LRP5	1.5	EXPRESSED	GENE_SYMBOL
LRRC3	ENSG00000160233	LRRC3	0.3	EXPRESSED	GENE_SYMBOL
LRRC32	ENSG00000137507	LRRC32	1.2	EXPRESSED	GENE_SYMBOL
LRRC37A	ENSG00000176681	LRRC37A	0.4	EXPRESSED	GENE_SYMBOL
LRRC37A3	ENSG00000176809	LRRC37A3	13.6	EXPRESSED	GENE_SYMBOL
LRRC45	ENSG00000169683	LRRC45	0.5	EXPRESSED	GENE_SYMBOL
LRRC4C	ENSG00000148948	LRRC4C	15.8	EXPRESSED	GENE_SYMBOL
LRRC59	ENSG00000108829	LRRC59	20.1	EXPRESSED	GENE_SYMBOL
LRRC6				UNKNOWN	UNMAPPED
LRRC8A	ENSG00000136802	LRRC8A	12.4	EXPRESSED	GENE_SYMBOL
LRRC8B	ENSG00000197147	LRRC8B	12.0	EXPRESSED	GENE_SYMBOL
LRRC8C	ENSG00000171488	LRRC8C	1.5	EXPRESSED	GENE_SYMBOL
LRRC8D	ENSG00000171492	LRRC8D	11.1	EXPRESSED	GENE_SYMBOL
LRRC8E	ENSG00000171017	LRRC8E	0.3	EXPRESSED	GENE_SYMBOL
LRRCC1	ENSG00000133739	LRRCC1	2.8	EXPRESSED	GENE_SYMBOL
LRRK2	ENSG00000188906	LRRK2	1.4	EXPRESSED	GENE_SYMBOL
LRTOMT-2				UNKNOWN	UNMAPPED
LSG1	ENSG00000041802	LSG1	13.0	EXPRESSED	GENE_SYMBOL
LSM1	ENSG00000175324	LSM1	19.8	EXPRESSED	GENE_SYMBOL
LSM10	ENSG00000181817	LSM10	9.0	EXPRESSED	GENE_SYMBOL
LSM2	ENSG00000204392	LSM2	6.7	EXPRESSED	GENE_SYMBOL
LSM3	ENSG00000170860	LSM3	9.9	EXPRESSED	GENE_SYMBOL
LSM4	ENSG00000130520	LSM4	30.7	EXPRESSED	GENE_SYMBOL
LSM5	ENSG00000106355	LSM5	26.6	EXPRESSED	GENE_SYMBOL
LSM6	ENSG00000164167	LSM6	7.6	EXPRESSED	GENE_SYMBOL
LSM7	ENSG00000130332	LSM7	14.0	EXPRESSED	GENE_SYMBOL
LSM8	ENSG00000128534	LSM8	15.4	EXPRESSED	GENE_SYMBOL
LSP1	ENSG00000130592	LSP1	0.9	EXPRESSED	GENE_SYMBOL
LSS	ENSG00000160285	LSS	6.3	EXPRESSED	GENE_SYMBOL
LTBR	ENSG00000111321	LTBR	1.8	EXPRESSED	GENE_SYMBOL
LTN1	ENSG00000198862	LTN1	10.8	EXPRESSED	GENE_SYMBOL
LUC7L	ENSG00000007392	LUC7L	18.2	EXPRESSED	GENE_SYMBOL
LUC7L2	ENSG00000146963	LUC7L2	40.3	EXPRESSED	GENE_SYMBOL
LUC7L3	ENSG00000108848	LUC7L3	162.8	EXPRESSED	GENE_SYMBOL
LUZP2	ENSG00000187398	LUZP2	1.0	EXPRESSED	GENE_SYMBOL
LYRM7	ENSG00000186687	LYRM7	8.2	EXPRESSED	GENE_SYMBOL
LYVE1	ENSG00000133800	LYVE1	0.3	EXPRESSED	GENE_SYMBOL
LZTFL1	ENSG00000163818	LZTFL1	2.0	EXPRESSED	GENE_SYMBOL
LZTR1	ENSG00000099949	LZTR1	3.2	EXPRESSED	GENE_SYMBOL
M0R3G1_HUMAN				UNKNOWN	UNMAPPED
M1AP	ENSG00000159374	M1AP	0.5	EXPRESSED	GENE_SYMBOL
MAB21L2	ENSG00000181541	MAB21L2	6.8	EXPRESSED	GENE_SYMBOL
MAD2L1	ENSG00000164109	MAD2L1	1.0	EXPRESSED	GENE_SYMBOL
MAF	ENSG00000178573	MAF	4.3	EXPRESSED	GENE_SYMBOL
MAFB	ENSG00000204103	MAFB	0.6	EXPRESSED	GENE_SYMBOL
MAFF	ENSG00000185022	MAFF	18.2	EXPRESSED	GENE_SYMBOL
MAFG	ENSG00000197063	MAFG	4.5	EXPRESSED	GENE_SYMBOL
MAGOH	ENSG00000162385	MAGOH	31.8	EXPRESSED	GENE_SYMBOL
MAGOHB	ENSG00000111196	MAGOHB	3.7	EXPRESSED	GENE_SYMBOL
MAK	ENSG00000111837	MAK	110.1	EXPRESSED	GENE_SYMBOL
MAN1B1	ENSG00000177239	MAN1B1	4.3	EXPRESSED	GENE_SYMBOL
MAN2A1	ENSG00000112893	MAN2A1	1.6	EXPRESSED	GENE_SYMBOL
MAN2A2	ENSG00000196547	MAN2A2	69.5	EXPRESSED	GENE_SYMBOL
MAN2B1	ENSG00000104774	MAN2B1	1.4	EXPRESSED	GENE_SYMBOL
MAOB	ENSG00000069535	MAOB	12.9	EXPRESSED	GENE_SYMBOL
MAP1LC3A	ENSG00000101460	MAP1LC3A	29.4	EXPRESSED	GENE_SYMBOL
MAP1LC3B	ENSG00000140941	MAP1LC3B	116.7	EXPRESSED	GENE_SYMBOL
MAP2K1	ENSG00000169032	MAP2K1	16.4	EXPRESSED	GENE_SYMBOL
MAP2K2	ENSG00000126934	MAP2K2	59.2	EXPRESSED	GENE_SYMBOL
MAP3K1	ENSG00000095015	MAP3K1	24.9	EXPRESSED	GENE_SYMBOL
MAP3K5	ENSG00000197442	MAP3K5	13.4	EXPRESSED	GENE_SYMBOL
MAPK1	ENSG00000100030	MAPK1	28.1	EXPRESSED	GENE_SYMBOL
MAPK3	ENSG00000102882	MAPK3	66.4	EXPRESSED	GENE_SYMBOL
MAPK8	ENSG00000107643	MAPK8	20.3	EXPRESSED	GENE_SYMBOL
MAPK9	ENSG00000050748	MAPK9	19.8	EXPRESSED	GENE_SYMBOL
MAPRE1	ENSG00000101367	MAPRE1	15.0	EXPRESSED	GENE_SYMBOL
MAPRE3	ENSG00000084764	MAPRE3	65.4	EXPRESSED	GENE_SYMBOL
MARK4	ENSG00000007047	MARK4	14.4	EXPRESSED	GENE_SYMBOL
MARS1	ENSG00000166986	MARS1	36.8	EXPRESSED	GENE_SYMBOL
MAT1A	ENSG00000151224	MAT1A	0.0	NOT_DETECTED	GENE_SYMBOL
MATR3	ENSG00000015479	MATR3	207.2	EXPRESSED	STRING_ENSP_TO_VERIFIED_ENSG
MATR3-2				UNKNOWN	UNMAPPED
MAVS	ENSG00000088888	MAVS	7.5	EXPRESSED	GENE_SYMBOL
MAX	ENSG00000125952	MAX	21.9	EXPRESSED	GENE_SYMBOL
MB	ENSG00000198125	MB	0.2	EXPRESSED	GENE_SYMBOL
MBNL1	ENSG00000152601	MBNL1	16.3	EXPRESSED	GENE_SYMBOL
MBTPS1	ENSG00000140943	MBTPS1	100.6	EXPRESSED	GENE_SYMBOL
MBTPS2	ENSG00000012174	MBTPS2	8.1	EXPRESSED	GENE_SYMBOL
MC1R	ENSG00000258839	MC1R	2.9	EXPRESSED	GENE_SYMBOL
MC2R	ENSG00000185231	MC2R	0.0	NOT_DETECTED	GENE_SYMBOL
MC4R	ENSG00000166603	MC4R	3.6	EXPRESSED	GENE_SYMBOL
MC5R	ENSG00000176136	MC5R	0.3	EXPRESSED	GENE_SYMBOL
MCAM	ENSG00000076706	MCAM	11.3	EXPRESSED	GENE_SYMBOL
MCAT	ENSG00000100294	MCAT	6.7	EXPRESSED	GENE_SYMBOL
MCF2	ENSG00000101977	MCF2	8.5	EXPRESSED	GENE_SYMBOL
MCHR1	ENSG00000128285	MCHR1	1.7	EXPRESSED	GENE_SYMBOL
MCM2	ENSG00000073111	MCM2	3.2	EXPRESSED	GENE_SYMBOL
MCM3	ENSG00000112118	MCM3	17.9	EXPRESSED	GENE_SYMBOL
MCM4	ENSG00000104738	MCM4	10.6	EXPRESSED	GENE_SYMBOL
MCM5	ENSG00000100297	MCM5	2.1	EXPRESSED	GENE_SYMBOL
MCM6	ENSG00000076003	MCM6	3.0	EXPRESSED	GENE_SYMBOL
MCM7	ENSG00000166508	MCM7	9.9	EXPRESSED	GENE_SYMBOL
MCM8	ENSG00000125885	MCM8	4.9	EXPRESSED	GENE_SYMBOL
MCM8-2				UNKNOWN	UNMAPPED
MCM9	ENSG00000111877	MCM9	3.8	EXPRESSED	GENE_SYMBOL
MCMDC2	ENSG00000178460	MCMDC2	4.1	EXPRESSED	GENE_SYMBOL
MCOLN1	ENSG00000090674	MCOLN1	4.7	EXPRESSED	GENE_SYMBOL
MCPH1	ENSG00000147316	MCPH1	4.2	EXPRESSED	GENE_SYMBOL
MCRS1	ENSG00000187778	MCRS1	16.0	EXPRESSED	GENE_SYMBOL
MDFI	ENSG00000112559	MDFI	0.1	EXPRESSED	GENE_SYMBOL
MDGA1	ENSG00000112139	MDGA1	3.7	EXPRESSED	GENE_SYMBOL
MDH1B	ENSG00000138400	MDH1B	7.9	EXPRESSED	GENE_SYMBOL
MDH2	ENSG00000146701	MDH2	37.3	EXPRESSED	GENE_SYMBOL
MDM2	ENSG00000135679	MDM2	14.0	EXPRESSED	GENE_SYMBOL
ME2	ENSG00000082212	ME2	13.5	EXPRESSED	GENE_SYMBOL
MECP2	ENSG00000169057	MECP2	21.4	EXPRESSED	GENE_SYMBOL
MED1	ENSG00000125686	MED1	7.4	EXPRESSED	GENE_SYMBOL
MED16	ENSG00000175221	MED16	4.7	EXPRESSED	GENE_SYMBOL
MED19	ENSG00000156603	MED19	12.3	EXPRESSED	GENE_SYMBOL
MED24	ENSG00000008838	MED24	24.2	EXPRESSED	GENE_SYMBOL
MEF2D	ENSG00000116604	MEF2D	46.3	EXPRESSED	GENE_SYMBOL
MEFV	ENSG00000103313	MEFV	0.1	EXPRESSED	GENE_SYMBOL
MEGF10	ENSG00000145794	MEGF10	7.4	EXPRESSED	GENE_SYMBOL
MEMO1	ENSG00000162959	MEMO1	10.8	EXPRESSED	GENE_SYMBOL
MEN1	ENSG00000133895	MEN1	5.7	EXPRESSED	GENE_SYMBOL
MEPCE	ENSG00000146834	MEPCE	10.5	EXPRESSED	GENE_SYMBOL
MERTK	ENSG00000153208	MERTK	15.4	EXPRESSED	GENE_SYMBOL
METAP1	ENSG00000164024	METAP1	10.5	EXPRESSED	GENE_SYMBOL
METAP2	ENSG00000111142	METAP2	28.6	EXPRESSED	GENE_SYMBOL
METTL16	ENSG00000127804	METTL16	7.1	EXPRESSED	GENE_SYMBOL
METTL6	ENSG00000206562	METTL6	12.2	EXPRESSED	GENE_SYMBOL
MEX3C	ENSG00000176624	MEX3C	13.7	EXPRESSED	GENE_SYMBOL
MFAP1	ENSG00000140259	MFAP1	23.1	EXPRESSED	GENE_SYMBOL
MFF	ENSG00000168958	MFF	79.6	EXPRESSED	GENE_SYMBOL
MFGE8	ENSG00000140545	MFGE8	215.9	EXPRESSED	GENE_SYMBOL
MFHAS1	ENSG00000147324	MFHAS1	5.0	EXPRESSED	GENE_SYMBOL
MFRP	ENSG00000235718	MFRP	0.1	EXPRESSED	GENE_SYMBOL
MFSD11	ENSG00000092931	MFSD11	33.2	EXPRESSED	GENE_SYMBOL
MFSD13A	ENSG00000138111	MFSD13A	4.5	EXPRESSED	GENE_SYMBOL
MFSD14B	ENSG00000148110	MFSD14B	16.1	EXPRESSED	GENE_SYMBOL
MFSD5	ENSG00000182544	MFSD5	25.0	EXPRESSED	GENE_SYMBOL
MFSD6	ENSG00000151690	MFSD6	13.8	EXPRESSED	GENE_SYMBOL
MFSD8	ENSG00000164073	MFSD8	4.5	EXPRESSED	GENE_SYMBOL
MFSD9	ENSG00000135953	MFSD9	2.2	EXPRESSED	GENE_SYMBOL
MGA	ENSG00000174197	MGA	4.4	EXPRESSED	GENE_SYMBOL
MGAM	ENSG00000257335	MGAM	0.0	NOT_DETECTED	GENE_SYMBOL
MGAM2	ENSG00000257743	MGAM2	0.0	NOT_DETECTED	GENE_SYMBOL
MGAT1	ENSG00000131446	MGAT1	27.1	EXPRESSED	GENE_SYMBOL
MGAT2	ENSG00000168282	MGAT2	7.6	EXPRESSED	GENE_SYMBOL
MGAT4A	ENSG00000071073	MGAT4A	5.0	EXPRESSED	GENE_SYMBOL
MGAT4B	ENSG00000161013	MGAT4B	4.1	EXPRESSED	GENE_SYMBOL
MGAT5	ENSG00000152127	MGAT5	10.8	EXPRESSED	GENE_SYMBOL
MGAT5B	ENSG00000167889	MGAT5B	0.8	EXPRESSED	GENE_SYMBOL
MIB1	ENSG00000101752	MIB1	7.6	EXPRESSED	GENE_SYMBOL
MICA	ENSG00000204520	MICA	2.2	EXPRESSED	GENE_SYMBOL
MICAL3	ENSG00000243156	MICAL3	13.1	EXPRESSED	GENE_SYMBOL
MICB	ENSG00000204516	MICB	0.0	NOT_DETECTED	GENE_SYMBOL
MINAR1	ENSG00000169330	MINAR1	6.3	EXPRESSED	GENE_SYMBOL
MINPP1	ENSG00000107789	MINPP1	11.1	EXPRESSED	GENE_SYMBOL
MITF	ENSG00000187098	MITF	1.1	EXPRESSED	GENE_SYMBOL
MKKS	ENSG00000125863	MKKS	21.1	EXPRESSED	STRING_ENSP_TO_VERIFIED_ENSG
MKLN1	ENSG00000128585	MKLN1	20.3	EXPRESSED	GENE_SYMBOL
MKRN1	ENSG00000133606	MKRN1	54.3	EXPRESSED	GENE_SYMBOL
MKS1	ENSG00000011143	MKS1	6.1	EXPRESSED	GENE_SYMBOL
MLLT1	ENSG00000130382	MLLT1	12.6	EXPRESSED	GENE_SYMBOL
MLLT3	ENSG00000171843	MLLT3	7.6	EXPRESSED	GENE_SYMBOL
MLLT6	ENSG00000275023	MLLT6	3.5	EXPRESSED	GENE_SYMBOL
MLNR	ENSG00000102539	MLNR	0.1	EXPRESSED	GENE_SYMBOL
MMAB	ENSG00000139428	MMAB	6.8	EXPRESSED	GENE_SYMBOL
MNS1	ENSG00000138587	MNS1	4.3	EXPRESSED	GENE_SYMBOL
MOBP	ENSG00000168314	MOBP	0.2	EXPRESSED	GENE_SYMBOL
MOCS1	ENSG00000124615	MOCS1	2.7	EXPRESSED	GENE_SYMBOL
MON2	ENSG00000061987	MON2	16.1	EXPRESSED	GENE_SYMBOL
MPDU1	ENSG00000129255	MPDU1	23.5	EXPRESSED	GENE_SYMBOL
MPI	ENSG00000178802	MPI	31.2	EXPRESSED	GENE_SYMBOL
MPLKIP	ENSG00000168303	MPLKIP	2.8	EXPRESSED	GENE_SYMBOL
MPP1	ENSG00000130830	MPP1	9.8	EXPRESSED	GENE_SYMBOL
MPP3	ENSG00000161647	MPP3	0.8	EXPRESSED	GENE_SYMBOL
MPP4	ENSG00000082126	MPP4	265.2	EXPRESSED	GENE_SYMBOL
MPP5				UNKNOWN	UNMAPPED
MPP7	ENSG00000150054	MPP7	9.2	EXPRESSED	GENE_SYMBOL
MPRIP	ENSG00000133030	MPRIP	54.7	EXPRESSED	GENE_SYMBOL
MRAP2	ENSG00000135324	MRAP2	1.9	EXPRESSED	GENE_SYMBOL
MRC1	ENSG00000260314	MRC1	0.1	EXPRESSED	GENE_SYMBOL
MRE11	ENSG00000020922	MRE11	5.9	EXPRESSED	GENE_SYMBOL
MRPL10	ENSG00000159111	MRPL10	20.1	EXPRESSED	GENE_SYMBOL
MRPL11	ENSG00000174547	MRPL11	10.3	EXPRESSED	GENE_SYMBOL
MRPL13	ENSG00000172172	MRPL13	19.8	EXPRESSED	GENE_SYMBOL
MRPL15	ENSG00000137547	MRPL15	58.4	EXPRESSED	GENE_SYMBOL
MRPL16	ENSG00000166902	MRPL16	19.8	EXPRESSED	GENE_SYMBOL
MRPL17	ENSG00000158042	MRPL17	6.9	EXPRESSED	GENE_SYMBOL
MRPL19	ENSG00000115364	MRPL19	17.9	EXPRESSED	GENE_SYMBOL
MRPL2	ENSG00000112651	MRPL2	10.1	EXPRESSED	GENE_SYMBOL
MRPL21	ENSG00000197345	MRPL21	27.5	EXPRESSED	GENE_SYMBOL
MRPL22	ENSG00000082515	MRPL22	15.7	EXPRESSED	GENE_SYMBOL
MRPL23	ENSG00000214026	MRPL23	6.5	EXPRESSED	GENE_SYMBOL
MRPL27	ENSG00000108826	MRPL27	30.5	EXPRESSED	GENE_SYMBOL
MRPL3	ENSG00000114686	MRPL3	31.3	EXPRESSED	GENE_SYMBOL
MRPL30	ENSG00000185414	MRPL30	5.5	EXPRESSED	GENE_SYMBOL
MRPL32	ENSG00000106591	MRPL32	14.7	EXPRESSED	GENE_SYMBOL
MRPL33	ENSG00000243147	MRPL33	125.7	EXPRESSED	GENE_SYMBOL
MRPL34	ENSG00000130312	MRPL34	29.3	EXPRESSED	GENE_SYMBOL
MRPL36	ENSG00000171421	MRPL36	21.0	EXPRESSED	GENE_SYMBOL
MRPL38	ENSG00000204316	MRPL38	6.3	EXPRESSED	GENE_SYMBOL
MRPL4	ENSG00000105364	MRPL4	8.1	EXPRESSED	GENE_SYMBOL
MRPL40	ENSG00000185608	MRPL40	32.4	EXPRESSED	GENE_SYMBOL
MRPL41	ENSG00000182154	MRPL41	9.2	EXPRESSED	GENE_SYMBOL
MRPL43	ENSG00000055950	MRPL43	10.6	EXPRESSED	GENE_SYMBOL
MRPL44	ENSG00000135900	MRPL44	9.3	EXPRESSED	GENE_SYMBOL
MRPL45	ENSG00000278845	MRPL45	1.3	EXPRESSED	GENE_SYMBOL
MRPL46	ENSG00000259494	MRPL46	15.6	EXPRESSED	GENE_SYMBOL
MRPL47	ENSG00000136522	MRPL47	24.7	EXPRESSED	GENE_SYMBOL
MRPL49	ENSG00000149792	MRPL49	15.7	EXPRESSED	GENE_SYMBOL
MRPL50	ENSG00000136897	MRPL50	17.6	EXPRESSED	GENE_SYMBOL
MRPL51	ENSG00000111639	MRPL51	59.6	EXPRESSED	GENE_SYMBOL
MRPL53	ENSG00000204822	MRPL53	25.1	EXPRESSED	GENE_SYMBOL
MRPL54	ENSG00000183617	MRPL54	35.4	EXPRESSED	GENE_SYMBOL
MRPS10	ENSG00000048544	MRPS10	16.9	EXPRESSED	GENE_SYMBOL
MRPS11	ENSG00000181991	MRPS11	2.3	EXPRESSED	GENE_SYMBOL
MRPS12	ENSG00000128626	MRPS12	2.2	EXPRESSED	GENE_SYMBOL
MRPS14	ENSG00000120333	MRPS14	20.8	EXPRESSED	GENE_SYMBOL
MRPS15	ENSG00000116898	MRPS15	19.5	EXPRESSED	GENE_SYMBOL
MRPS16	ENSG00000182180	MRPS16	7.7	EXPRESSED	GENE_SYMBOL
MRPS18A	ENSG00000096080	MRPS18A	13.9	EXPRESSED	GENE_SYMBOL
MRPS18C	ENSG00000163319	MRPS18C	18.2	EXPRESSED	GENE_SYMBOL
MRPS2	ENSG00000122140	MRPS2	6.2	EXPRESSED	GENE_SYMBOL
MRPS21	ENSG00000266472	MRPS21	39.2	EXPRESSED	GENE_SYMBOL
MRPS25	ENSG00000131368	MRPS25	4.0	EXPRESSED	GENE_SYMBOL
MRPS34	ENSG00000074071	MRPS34	1.4	EXPRESSED	GENE_SYMBOL
MRPS35	ENSG00000061794	MRPS35	17.0	EXPRESSED	GENE_SYMBOL
MRPS36	ENSG00000134056	MRPS36	17.5	EXPRESSED	GENE_SYMBOL
MRPS5	ENSG00000144029	MRPS5	2.6	EXPRESSED	GENE_SYMBOL
MRPS6	ENSG00000243927	MRPS6	23.7	EXPRESSED	GENE_SYMBOL
MRPS9	ENSG00000135972	MRPS9	20.6	EXPRESSED	GENE_SYMBOL
MRRF	ENSG00000148187	MRRF	13.4	EXPRESSED	GENE_SYMBOL
MRS2	ENSG00000124532	MRS2	27.9	EXPRESSED	GENE_SYMBOL
MRTO4	ENSG00000053372	MRTO4	6.7	EXPRESSED	GENE_SYMBOL
MSL2	ENSG00000174579	MSL2	14.3	EXPRESSED	GENE_SYMBOL
MSMO1	ENSG00000052802	MSMO1	24.1	EXPRESSED	GENE_SYMBOL
MSN	ENSG00000147065	MSN	18.8	EXPRESSED	GENE_SYMBOL
MSR1	ENSG00000038945	MSR1	5.4	EXPRESSED	GENE_SYMBOL
MSRA	ENSG00000175806	MSRA	0.5	EXPRESSED	GENE_SYMBOL
MT-CO1	ENSG00000198804	MT-CO1	11587.8	EXPRESSED	GENE_SYMBOL
MT-CO2	ENSG00000198712	MT-CO2	8322.0	EXPRESSED	GENE_SYMBOL
MT-CO3	ENSG00000198938	MT-CO3	13152.1	EXPRESSED	GENE_SYMBOL
MT-CYB	ENSG00000198727	MT-CYB	7889.5	EXPRESSED	GENE_SYMBOL
MT-ND1	ENSG00000198888	MT-ND1	6016.1	EXPRESSED	GENE_SYMBOL
MT-ND2	ENSG00000198763	MT-ND2	5035.9	EXPRESSED	GENE_SYMBOL
MT-ND4	ENSG00000198886	MT-ND4	13076.9	EXPRESSED	GENE_SYMBOL
MT-ND5	ENSG00000198786	MT-ND5	3025.0	EXPRESSED	GENE_SYMBOL
MTAP	ENSG00000099810	MTAP	3.5	EXPRESSED	GENE_SYMBOL
MTHFD1	ENSG00000100714	MTHFD1	1.5	EXPRESSED	GENE_SYMBOL
MTMR1	ENSG00000063601	MTMR1	15.8	EXPRESSED	GENE_SYMBOL
MTMR10	ENSG00000166912	MTMR10	11.5	EXPRESSED	GENE_SYMBOL
MTR	ENSG00000116984	MTR	5.1	EXPRESSED	GENE_SYMBOL
MTREX	ENSG00000039123	MTREX	16.5	EXPRESSED	GENE_SYMBOL
MTRR	ENSG00000124275	MTRR	17.8	EXPRESSED	GENE_SYMBOL
MUC13	ENSG00000173702	MUC13	0.0	NOT_DETECTED	GENE_SYMBOL
MUC16	ENSG00000181143	MUC16	0.0	NOT_DETECTED	GENE_SYMBOL
MUC17	ENSG00000169876	MUC17	0.0	NOT_DETECTED	GENE_SYMBOL
MUC5B	ENSG00000117983	MUC5B	0.0	NOT_DETECTED	GENE_SYMBOL
MUC7	ENSG00000171195	MUC7	0.0	NOT_DETECTED	GENE_SYMBOL
MVB12A	ENSG00000141971	MVB12A	1.1	EXPRESSED	GENE_SYMBOL
MVB12B	ENSG00000196814	MVB12B	5.8	EXPRESSED	GENE_SYMBOL
MVD	ENSG00000167508	MVD	3.2	EXPRESSED	GENE_SYMBOL
MVK	ENSG00000110921	MVK	3.2	EXPRESSED	GENE_SYMBOL
MX1	ENSG00000157601	MX1	3.5	EXPRESSED	GENE_SYMBOL
MXRA8	ENSG00000162576	MXRA8	0.8	EXPRESSED	GENE_SYMBOL
MYBBP1A	ENSG00000132382	MYBBP1A	3.6	EXPRESSED	GENE_SYMBOL
MYBL1	ENSG00000185697	MYBL1	5.5	EXPRESSED	GENE_SYMBOL
MYC	ENSG00000136997	MYC	0.5	EXPRESSED	GENE_SYMBOL
MYCL	ENSG00000116990	MYCL	0.2	EXPRESSED	GENE_SYMBOL
MYD88	ENSG00000172936	MYD88	0.4	EXPRESSED	GENE_SYMBOL
MYH9	ENSG00000100345	MYH9	8.4	EXPRESSED	GENE_SYMBOL
MYL12B	ENSG00000118680	MYL12B	96.2	EXPRESSED	GENE_SYMBOL
MYL5	ENSG00000215375	MYL5	54.3	EXPRESSED	GENE_SYMBOL
MYL9	ENSG00000101335	MYL9	21.2	EXPRESSED	GENE_SYMBOL
MYO15A	ENSG00000091536	MYO15A	0.3	EXPRESSED	GENE_SYMBOL
MYO1E	ENSG00000157483	MYO1E	9.2	EXPRESSED	GENE_SYMBOL
MYO3A	ENSG00000095777	MYO3A	14.3	EXPRESSED	GENE_SYMBOL
MYO5A	ENSG00000197535	MYO5A	21.8	EXPRESSED	GENE_SYMBOL
MYO6	ENSG00000196586	MYO6	45.6	EXPRESSED	GENE_SYMBOL
MYO7A	ENSG00000137474	MYO7A	25.4	EXPRESSED	GENE_SYMBOL
MYOC	ENSG00000034971	MYOC	0.0	NOT_DETECTED	GENE_SYMBOL
MYOM2	ENSG00000036448	MYOM2	0.4	EXPRESSED	GENE_SYMBOL
MYOT	ENSG00000120729	MYOT	0.5	EXPRESSED	GENE_SYMBOL
MYRF	ENSG00000124920	MYRF	0.3	EXPRESSED	GENE_SYMBOL
MYRFL	ENSG00000166268	MYRFL	0.5	EXPRESSED	GENE_SYMBOL
MYSM1	ENSG00000162601	MYSM1	2.1	EXPRESSED	GENE_SYMBOL
MZT1	ENSG00000204899	MZT1	9.2	EXPRESSED	GENE_SYMBOL
MZT2A	ENSG00000173272	MZT2A	0.7	EXPRESSED	GENE_SYMBOL
MZT2B	ENSG00000152082	MZT2B	10.6	EXPRESSED	GENE_SYMBOL
NAA10	ENSG00000102030	NAA10	7.2	EXPRESSED	GENE_SYMBOL
NAA38	ENSG00000183011	NAA38	30.2	EXPRESSED	GENE_SYMBOL
NADK	ENSG00000008130	NADK	10.1	EXPRESSED	GENE_SYMBOL
NAGK	ENSG00000124357	NAGK	15.3	EXPRESSED	GENE_SYMBOL
NAGLU	ENSG00000108784	NAGLU	2.9	EXPRESSED	GENE_SYMBOL
NAGPA	ENSG00000103174	NAGPA	0.6	EXPRESSED	GENE_SYMBOL
NAGS	ENSG00000161653	NAGS	0.0	NOT_DETECTED	GENE_SYMBOL
NAT10	ENSG00000135372	NAT10	15.1	EXPRESSED	GENE_SYMBOL
NAV3	ENSG00000067798	NAV3	4.8	EXPRESSED	GENE_SYMBOL
NBAS	ENSG00000151779	NBAS	9.9	EXPRESSED	GENE_SYMBOL
NBPF4	ENSG00000196427	NBPF4	0.0	NOT_DETECTED	GENE_SYMBOL
NCALD	ENSG00000104490	NCALD	14.6	EXPRESSED	GENE_SYMBOL
NCAN	ENSG00000130287	NCAN	0.7	EXPRESSED	GENE_SYMBOL
NCBP1	ENSG00000136937	NCBP1	28.1	EXPRESSED	GENE_SYMBOL
NCBP2	ENSG00000114503	NCBP2	42.8	EXPRESSED	GENE_SYMBOL
NCBP2L	ENSG00000170935	NCBP2L	0.0	NOT_DETECTED	GENE_SYMBOL
NCBP3	ENSG00000074356	NCBP3	9.6	EXPRESSED	GENE_SYMBOL
NCDN	ENSG00000020129	NCDN	19.8	EXPRESSED	GENE_SYMBOL
NCKAP1	ENSG00000061676	NCKAP1	53.2	EXPRESSED	GENE_SYMBOL
NCOA3	ENSG00000124151	NCOA3	10.8	EXPRESSED	GENE_SYMBOL
NCOA4	ENSG00000266412	NCOA4	31.3	EXPRESSED	GENE_SYMBOL
NCOR1	ENSG00000141027	NCOR1	31.8	EXPRESSED	GENE_SYMBOL
NCOR2	ENSG00000196498	NCOR2	23.1	EXPRESSED	GENE_SYMBOL
NCS1	ENSG00000107130	NCS1	7.9	EXPRESSED	GENE_SYMBOL
NDC1	ENSG00000058804	NDC1	5.6	EXPRESSED	GENE_SYMBOL
NDE1	ENSG00000072864	NDE1	1.8	EXPRESSED	GENE_SYMBOL
NDEL1	ENSG00000166579	NDEL1	23.4	EXPRESSED	GENE_SYMBOL
NDOR1	ENSG00000188566	NDOR1	3.3	EXPRESSED	GENE_SYMBOL
NDP	ENSG00000124479	NDP	17.8	EXPRESSED	GENE_SYMBOL
NDUFA10	ENSG00000130414	NDUFA10	28.9	EXPRESSED	GENE_SYMBOL
NDUFA12	ENSG00000184752	NDUFA12	98.3	EXPRESSED	GENE_SYMBOL
NDUFA13	ENSG00000186010	NDUFA13	93.6	EXPRESSED	GENE_SYMBOL
NDUFA2	ENSG00000131495	NDUFA2	48.0	EXPRESSED	GENE_SYMBOL
NDUFA3	ENSG00000170906	NDUFA3	5.7	EXPRESSED	GENE_SYMBOL
NDUFA4	ENSG00000189043	NDUFA4	119.2	EXPRESSED	GENE_SYMBOL
NDUFA5	ENSG00000128609	NDUFA5	117.6	EXPRESSED	GENE_SYMBOL
NDUFA8	ENSG00000119421	NDUFA8	66.7	EXPRESSED	GENE_SYMBOL
NDUFA9	ENSG00000139180	NDUFA9	18.6	EXPRESSED	GENE_SYMBOL
NDUFAB1	ENSG00000004779	NDUFAB1	85.0	EXPRESSED	GENE_SYMBOL
NDUFAF5	ENSG00000101247	NDUFAF5	3.5	EXPRESSED	GENE_SYMBOL
NDUFAF6	ENSG00000156170	NDUFAF6	3.7	EXPRESSED	GENE_SYMBOL
NDUFB3	ENSG00000119013	NDUFB3	129.8	EXPRESSED	GENE_SYMBOL
NDUFB4	ENSG00000065518	NDUFB4	92.9	EXPRESSED	GENE_SYMBOL
NDUFB7	ENSG00000099795	NDUFB7	26.6	EXPRESSED	GENE_SYMBOL
NDUFB8	ENSG00000166136	NDUFB8	118.0	EXPRESSED	GENE_SYMBOL
NDUFB9	ENSG00000147684	NDUFB9	126.0	EXPRESSED	GENE_SYMBOL
NDUFS1	ENSG00000023228	NDUFS1	22.6	EXPRESSED	GENE_SYMBOL
NDUFS2	ENSG00000158864	NDUFS2	33.5	EXPRESSED	GENE_SYMBOL
NDUFS3	ENSG00000213619	NDUFS3	21.8	EXPRESSED	GENE_SYMBOL
NDUFS7	ENSG00000115286	NDUFS7	5.3	EXPRESSED	GENE_SYMBOL
NDUFS8	ENSG00000110717	NDUFS8	45.9	EXPRESSED	GENE_SYMBOL
NDUFV1	ENSG00000167792	NDUFV1	75.6	EXPRESSED	GENE_SYMBOL
NDUFV2	ENSG00000178127	NDUFV2	120.2	EXPRESSED	GENE_SYMBOL
NECAP2	ENSG00000157191	NECAP2	13.3	EXPRESSED	GENE_SYMBOL
NECTIN3	ENSG00000177707	NECTIN3	6.7	EXPRESSED	GENE_SYMBOL
NECTIN4	ENSG00000143217	NECTIN4	0.0	NOT_DETECTED	GENE_SYMBOL
NEDD1	ENSG00000139350	NEDD1	6.6	EXPRESSED	GENE_SYMBOL
NEDD4	ENSG00000069869	NEDD4	4.1	EXPRESSED	GENE_SYMBOL
NEDD4L	ENSG00000049759	NEDD4L	19.0	EXPRESSED	GENE_SYMBOL
NEDD8	ENSG00000129559	NEDD8	69.1	EXPRESSED	GENE_SYMBOL
NEFL	ENSG00000277586	NEFL	82.9	EXPRESSED	GENE_SYMBOL
NEK1	ENSG00000137601	NEK1	5.3	EXPRESSED	GENE_SYMBOL
NEK10	ENSG00000163491	NEK10	4.4	EXPRESSED	GENE_SYMBOL
NEK11	ENSG00000114670	NEK11	5.2	EXPRESSED	GENE_SYMBOL
NEK2	ENSG00000117650	NEK2	1.3	EXPRESSED	GENE_SYMBOL
NEK4	ENSG00000114904	NEK4	15.6	EXPRESSED	GENE_SYMBOL
NEK8	ENSG00000160602	NEK8	0.5	EXPRESSED	GENE_SYMBOL
NEK9	ENSG00000119638	NEK9	15.3	EXPRESSED	GENE_SYMBOL
NELFCD	ENSG00000101158	NELFCD	29.6	EXPRESSED	GENE_SYMBOL
NEMF	ENSG00000165525	NEMF	13.7	EXPRESSED	GENE_SYMBOL
NES	ENSG00000132688	NES	7.6	EXPRESSED	GENE_SYMBOL
NEUROD1	ENSG00000162992	NEUROD1	131.5	EXPRESSED	GENE_SYMBOL
NEUROD4	ENSG00000123307	NEUROD4	28.0	EXPRESSED	GENE_SYMBOL
NEUROG2	ENSG00000178403	NEUROG2	0.5	EXPRESSED	GENE_SYMBOL
NF1	ENSG00000196712	NF1	24.9	EXPRESSED	GENE_SYMBOL
NFASC	ENSG00000163531	NFASC	20.9	EXPRESSED	GENE_SYMBOL
NFE2L2	ENSG00000116044	NFE2L2	48.6	EXPRESSED	GENE_SYMBOL
NFIL3	ENSG00000165030	NFIL3	31.1	EXPRESSED	GENE_SYMBOL
NFKBIA	ENSG00000100906	NFKBIA	17.2	EXPRESSED	GENE_SYMBOL
NFXL1	ENSG00000170448	NFXL1	3.4	EXPRESSED	GENE_SYMBOL
NFYA	ENSG00000001167	NFYA	18.4	EXPRESSED	GENE_SYMBOL
NFYB	ENSG00000120837	NFYB	19.7	EXPRESSED	GENE_SYMBOL
NFYC	ENSG00000066136	NFYC	25.6	EXPRESSED	GENE_SYMBOL
NHP2	ENSG00000145912	NHP2	22.8	EXPRESSED	GENE_SYMBOL
NID1	ENSG00000116962	NID1	1.9	EXPRESSED	GENE_SYMBOL
NIN	ENSG00000100503	NIN	16.7	EXPRESSED	GENE_SYMBOL
NINL	ENSG00000101004	NINL	1.2	EXPRESSED	GENE_SYMBOL
NIPSNAP1	ENSG00000184117	NIPSNAP1	42.8	EXPRESSED	GENE_SYMBOL
NIPSNAP2	ENSG00000146729	NIPSNAP2	25.6	EXPRESSED	GENE_SYMBOL
NIT2	ENSG00000114021	NIT2	3.3	EXPRESSED	GENE_SYMBOL
NKAP	ENSG00000101882	NKAP	8.9	EXPRESSED	GENE_SYMBOL
NKTR	ENSG00000114857	NKTR	37.3	EXPRESSED	GENE_SYMBOL
NKX2-4	ENSG00000125816	NKX2-4	0.0	NOT_DETECTED	GENE_SYMBOL
NKX2-5	ENSG00000183072	NKX2-5	0.0	NOT_DETECTED	GENE_SYMBOL
NKX3-1	ENSG00000167034	NKX3-1	1.5	EXPRESSED	GENE_SYMBOL
NLRP12	ENSG00000142405	NLRP12	0.0	NOT_DETECTED	GENE_SYMBOL
NLRP3	ENSG00000162711	NLRP3	0.2	EXPRESSED	GENE_SYMBOL
NLRP8	ENSG00000179709	NLRP8	0.0	NOT_DETECTED	GENE_SYMBOL
NME1	ENSG00000239672	NME1	202.6	EXPRESSED	GENE_SYMBOL
NME1-NME2	ENSG00000011052	NME1-NME2	47.6	EXPRESSED	GENE_SYMBOL
NME2	ENSG00000243678	NME2	58.6	EXPRESSED	GENE_SYMBOL
NME3	ENSG00000103024	NME3	2.6	EXPRESSED	GENE_SYMBOL
NME4	ENSG00000103202	NME4	10.3	EXPRESSED	GENE_SYMBOL
NME5	ENSG00000112981	NME5	11.9	EXPRESSED	GENE_SYMBOL
NME6	ENSG00000172113	NME6	7.1	EXPRESSED	GENE_SYMBOL
NME7	ENSG00000143156	NME7	18.2	EXPRESSED	GENE_SYMBOL
NME8	ENSG00000086288	NME8	0.0	NOT_DETECTED	GENE_SYMBOL
NME9	ENSG00000181322	NME9	6.9	EXPRESSED	GENE_SYMBOL
NMI	ENSG00000123609	NMI	1.3	EXPRESSED	GENE_SYMBOL
NMNAT1	ENSG00000173614	NMNAT1	4.8	EXPRESSED	GENE_SYMBOL
NMRAL1	ENSG00000153406	NMRAL1	4.7	EXPRESSED	GENE_SYMBOL
NMT1	ENSG00000136448	NMT1	23.8	EXPRESSED	GENE_SYMBOL
NMT2	ENSG00000152465	NMT2	6.5	EXPRESSED	GENE_SYMBOL
NNT	ENSG00000112992	NNT	11.9	EXPRESSED	GENE_SYMBOL
NOC4L	ENSG00000184967	NOC4L	0.8	EXPRESSED	GENE_SYMBOL
NOD2	ENSG00000167207	NOD2	0.0	NOT_DETECTED	GENE_SYMBOL
NOL11	ENSG00000130935	NOL11	9.5	EXPRESSED	GENE_SYMBOL
NOL6	ENSG00000165271	NOL6	6.3	EXPRESSED	GENE_SYMBOL
NOLC1	ENSG00000166197	NOLC1	35.2	EXPRESSED	GENE_SYMBOL
NOP14	ENSG00000087269	NOP14	6.5	EXPRESSED	GENE_SYMBOL
NOP56	ENSG00000101361	NOP56	19.5	EXPRESSED	GENE_SYMBOL
NOP58	ENSG00000055044	NOP58	26.0	EXPRESSED	GENE_SYMBOL
NOP9	ENSG00000196943	NOP9	6.9	EXPRESSED	GENE_SYMBOL
NPC1	ENSG00000141458	NPC1	24.9	EXPRESSED	GENE_SYMBOL
NPC2	ENSG00000119655	NPC2	45.0	EXPRESSED	GENE_SYMBOL
NPEPL1	ENSG00000215440	NPEPL1	2.3	EXPRESSED	GENE_SYMBOL
NPHP1	ENSG00000144061	NPHP1	10.0	EXPRESSED	GENE_SYMBOL
NPHP3	ENSG00000113971	NPHP3	2.9	EXPRESSED	GENE_SYMBOL
NPHP4	ENSG00000131697	NPHP4	2.2	EXPRESSED	GENE_SYMBOL
NPHS1	ENSG00000161270	NPHS1	0.6	EXPRESSED	GENE_SYMBOL
NPHS2	ENSG00000116218	NPHS2	0.0	NOT_DETECTED	GENE_SYMBOL
NPLOC4	ENSG00000182446	NPLOC4	18.4	EXPRESSED	GENE_SYMBOL
NPM1	ENSG00000181163	NPM1	149.1	EXPRESSED	GENE_SYMBOL
NPPA	ENSG00000175206	NPPA	0.4	EXPRESSED	GENE_SYMBOL
NPPC	ENSG00000163273	NPPC	2.2	EXPRESSED	GENE_SYMBOL
NPR1	ENSG00000169418	NPR1	0.1	EXPRESSED	GENE_SYMBOL
NPR2	ENSG00000159899	NPR2	1.5	EXPRESSED	GENE_SYMBOL
NPR3	ENSG00000113389	NPR3	2.4	EXPRESSED	GENE_SYMBOL
NPRL3	ENSG00000103148	NPRL3	6.6	EXPRESSED	GENE_SYMBOL
NPSR1	ENSG00000187258	NPSR1	0.0	NOT_DETECTED	GENE_SYMBOL
NPY	ENSG00000122585	NPY	4.1	EXPRESSED	GENE_SYMBOL
NPY1R	ENSG00000164128	NPY1R	4.1	EXPRESSED	GENE_SYMBOL
NPY2R	ENSG00000185149	NPY2R	0.1	EXPRESSED	GENE_SYMBOL
NR0B2	ENSG00000131910	NR0B2	0.1	EXPRESSED	GENE_SYMBOL
NR1D1	ENSG00000126368	NR1D1	46.8	EXPRESSED	GENE_SYMBOL
NR2C1	ENSG00000120798	NR2C1	14.5	EXPRESSED	GENE_SYMBOL
NR2C2	ENSG00000177463	NR2C2	10.9	EXPRESSED	GENE_SYMBOL
NR2E1	ENSG00000112333	NR2E1	28.4	EXPRESSED	GENE_SYMBOL
NR2E3	ENSG00000278570	NR2E3	121.9	EXPRESSED	GENE_SYMBOL
NRAS	ENSG00000213281	NRAS	6.1	EXPRESSED	GENE_SYMBOL
NRBP1	ENSG00000115216	NRBP1	44.1	EXPRESSED	GENE_SYMBOL
NRDE2	ENSG00000119720	NRDE2	2.9	EXPRESSED	GENE_SYMBOL
NRL	ENSG00000129535	NRL	294.2	EXPRESSED	GENE_SYMBOL
NRSN2	ENSG00000125841	NRSN2	52.8	EXPRESSED	GENE_SYMBOL
NRXN1	ENSG00000179915	NRXN1	6.5	EXPRESSED	GENE_SYMBOL
NRXN2	ENSG00000110076	NRXN2	16.4	EXPRESSED	GENE_SYMBOL
NSDHL	ENSG00000147383	NSDHL	9.7	EXPRESSED	GENE_SYMBOL
NSFL1C	ENSG00000088833	NSFL1C	21.0	EXPRESSED	GENE_SYMBOL
NT5C	ENSG00000125458	NT5C	8.1	EXPRESSED	GENE_SYMBOL
NT5C1A	ENSG00000116981	NT5C1A	0.4	EXPRESSED	GENE_SYMBOL
NT5C1B	ENSG00000185013	NT5C1B	0.1	EXPRESSED	GENE_SYMBOL
NT5C1B-RDH14	ENSG00000250741	NT5C1B-RDH14	0.0	NOT_DETECTED	GENE_SYMBOL
NT5C2	ENSG00000076685	NT5C2	43.8	EXPRESSED	GENE_SYMBOL
NT5C3A	ENSG00000122643	NT5C3A	16.1	EXPRESSED	GENE_SYMBOL
NT5C3B	ENSG00000141698	NT5C3B	3.3	EXPRESSED	GENE_SYMBOL
NT5E	ENSG00000135318	NT5E	87.4	EXPRESSED	GENE_SYMBOL
NT5M	ENSG00000205309	NT5M	0.4	EXPRESSED	GENE_SYMBOL
NTN5	ENSG00000142233	NTN5	1.1	EXPRESSED	GENE_SYMBOL
NTPCR	ENSG00000135778	NTPCR	7.4	EXPRESSED	GENE_SYMBOL
NTRK2	ENSG00000148053	NTRK2	38.5	EXPRESSED	GENE_SYMBOL
NTS	ENSG00000133636	NTS	0.0	NOT_DETECTED	GENE_SYMBOL
NTSR1	ENSG00000101188	NTSR1	0.1	EXPRESSED	GENE_SYMBOL
NTSR2	ENSG00000169006	NTSR2	0.1	EXPRESSED	GENE_SYMBOL
NUB1	ENSG00000013374	NUB1	29.8	EXPRESSED	GENE_SYMBOL
NUBPL	ENSG00000151413	NUBPL	4.8	EXPRESSED	GENE_SYMBOL
NUDCD1	ENSG00000120526	NUDCD1	3.4	EXPRESSED	GENE_SYMBOL
NUDCD2	ENSG00000170584	NUDCD2	6.8	EXPRESSED	GENE_SYMBOL
NUDCD3	ENSG00000015676	NUDCD3	4.4	EXPRESSED	GENE_SYMBOL
NUDT13	ENSG00000166321	NUDT13	2.7	EXPRESSED	GENE_SYMBOL
NUDT16	ENSG00000198585	NUDT16	17.4	EXPRESSED	GENE_SYMBOL
NUDT2	ENSG00000164978	NUDT2	19.3	EXPRESSED	GENE_SYMBOL
NUDT21	ENSG00000167005	NUDT21	29.5	EXPRESSED	GENE_SYMBOL
NUDT5	ENSG00000165609	NUDT5	25.4	EXPRESSED	GENE_SYMBOL
NUFIP1	ENSG00000083635	NUFIP1	2.4	EXPRESSED	GENE_SYMBOL
NUFIP2	ENSG00000108256	NUFIP2	21.4	EXPRESSED	GENE_SYMBOL
NUMBL	ENSG00000105245	NUMBL	4.8	EXPRESSED	GENE_SYMBOL
NUP107	ENSG00000111581	NUP107	13.6	EXPRESSED	GENE_SYMBOL
NUP133	ENSG00000069248	NUP133	17.7	EXPRESSED	GENE_SYMBOL
NUP153	ENSG00000124789	NUP153	14.6	EXPRESSED	GENE_SYMBOL
NUP155	ENSG00000113569	NUP155	6.1	EXPRESSED	GENE_SYMBOL
NUP160	ENSG00000030066	NUP160	14.7	EXPRESSED	GENE_SYMBOL
NUP188	ENSG00000095319	NUP188	12.7	EXPRESSED	GENE_SYMBOL
NUP205	ENSG00000155561	NUP205	13.7	EXPRESSED	GENE_SYMBOL
NUP210	ENSG00000132182	NUP210	1.8	EXPRESSED	GENE_SYMBOL
NUP214	ENSG00000126883	NUP214	12.2	EXPRESSED	GENE_SYMBOL
NUP35	ENSG00000163002	NUP35	8.3	EXPRESSED	GENE_SYMBOL
NUP37	ENSG00000075188	NUP37	10.1	EXPRESSED	GENE_SYMBOL
NUP42	ENSG00000136243	NUP42	6.1	EXPRESSED	GENE_SYMBOL
NUP43	ENSG00000120253	NUP43	9.1	EXPRESSED	GENE_SYMBOL
NUP50	ENSG00000093000	NUP50	10.1	EXPRESSED	GENE_SYMBOL
NUP54	ENSG00000138750	NUP54	4.0	EXPRESSED	GENE_SYMBOL
NUP58	ENSG00000139496	NUP58	24.2	EXPRESSED	GENE_SYMBOL
NUP62	ENSG00000213024	NUP62	9.4	EXPRESSED	GENE_SYMBOL
NUP85	ENSG00000125450	NUP85	10.4	EXPRESSED	GENE_SYMBOL
NUP88	ENSG00000108559	NUP88	6.0	EXPRESSED	GENE_SYMBOL
NUP93	ENSG00000102900	NUP93	29.4	EXPRESSED	GENE_SYMBOL
NUP98	ENSG00000110713	NUP98	18.9	EXPRESSED	GENE_SYMBOL
NUS1	ENSG00000153989	NUS1	11.6	EXPRESSED	GENE_SYMBOL
NUTM2B	ENSG00000188199	NUTM2B	0.3	EXPRESSED	GENE_SYMBOL
NXF5				UNKNOWN	UNMAPPED
NXNL1	ENSG00000171773	NXNL1	59.7	EXPRESSED	GENE_SYMBOL
NXNL2	ENSG00000130045	NXNL2	4.8	EXPRESSED	GENE_SYMBOL
NYX	ENSG00000188937	NYX	0.4	EXPRESSED	GENE_SYMBOL
OAT	ENSG00000065154	OAT	47.4	EXPRESSED	GENE_SYMBOL
OCRL	ENSG00000122126	OCRL	11.3	EXPRESSED	GENE_SYMBOL
ODF2	ENSG00000136811	ODF2	9.0	EXPRESSED	GENE_SYMBOL
OFD1	ENSG00000046651	OFD1	2.3	EXPRESSED	GENE_SYMBOL
OGDH	ENSG00000105953	OGDH	24.1	EXPRESSED	GENE_SYMBOL
OGDHL	ENSG00000197444	OGDHL	17.3	EXPRESSED	GENE_SYMBOL
OGFOD1	ENSG00000087263	OGFOD1	9.1	EXPRESSED	GENE_SYMBOL
OGT	ENSG00000147162	OGT	24.1	EXPRESSED	GENE_SYMBOL
OLIG2	ENSG00000205927	OLIG2	0.0	NOT_DETECTED	GENE_SYMBOL
OMP	ENSG00000254550	OMP	0.0	NOT_DETECTED	GENE_SYMBOL
ONECUT1	ENSG00000169856	ONECUT1	3.8	EXPRESSED	GENE_SYMBOL
OPHN1	ENSG00000079482	OPHN1	9.6	EXPRESSED	GENE_SYMBOL
OPN1LW	ENSG00000102076	OPN1LW	237.8	EXPRESSED	GENE_SYMBOL
OPN1MW	ENSG00000268221	OPN1MW	12.6	EXPRESSED	GENE_SYMBOL
OPN1MW3	ENSG00000269433	OPN1MW3	44.9	EXPRESSED	GENE_SYMBOL
OPN1SW	ENSG00000128617	OPN1SW	38.0	EXPRESSED	GENE_SYMBOL
OPN3	ENSG00000054277	OPN3	0.5	EXPRESSED	GENE_SYMBOL
OPN4	ENSG00000122375	OPN4	0.8	EXPRESSED	GENE_SYMBOL
OPN5	ENSG00000124818	OPN5	0.0	NOT_DETECTED	GENE_SYMBOL
OPRM1	ENSG00000112038	OPRM1	0.9	EXPRESSED	GENE_SYMBOL
OPTC	ENSG00000188770	OPTC	0.6	EXPRESSED	GENE_SYMBOL
OPTN	ENSG00000123240	OPTN	45.5	EXPRESSED	GENE_SYMBOL
OR10A4	ENSG00000170782	OR10A4	0.0	NOT_DETECTED	GENE_SYMBOL
OR11H1	ENSG00000130538	OR11H1	0.0	NOT_DETECTED	GENE_SYMBOL
OR11H12	ENSG00000257115	OR11H12	0.0	NOT_DETECTED	GENE_SYMBOL
OR1G1	ENSG00000183024	OR1G1	0.0	NOT_DETECTED	GENE_SYMBOL
OR2C1	ENSG00000168158	OR2C1	0.1	EXPRESSED	GENE_SYMBOL
OR2M3	ENSG00000228198	OR2M3	3.4	EXPRESSED	GENE_SYMBOL
OR2M4	ENSG00000171180	OR2M4	0.6	EXPRESSED	GENE_SYMBOL
OR4E1	ENSG00000276240	OR4E1	0.0	NOT_DETECTED	GENE_SYMBOL
OR51B2	ENSG00000279012	OR51B2	0.0	NOT_DETECTED	GENE_SYMBOL
OR51F1	ENSG00000280021	OR51F1	0.0	NOT_DETECTED	GENE_SYMBOL
OR52E4	ENSG00000180974	OR52E4	0.6	EXPRESSED	GENE_SYMBOL
OR52L1	ENSG00000183313	OR52L1	0.0	NOT_DETECTED	GENE_SYMBOL
OR56A5	ENSG00000188691	OR56A5	0.0	NOT_DETECTED	GENE_SYMBOL
OR5B3	ENSG00000172769	OR5B3	0.0	NOT_DETECTED	GENE_SYMBOL
OR6N1	ENSG00000197403	OR6N1	0.0	NOT_DETECTED	GENE_SYMBOL
OR6N2	ENSG00000188340	OR6N2	0.0	NOT_DETECTED	GENE_SYMBOL
ORC1	ENSG00000085840	ORC1	0.9	EXPRESSED	GENE_SYMBOL
ORC2	ENSG00000115942	ORC2	7.2	EXPRESSED	GENE_SYMBOL
ORC3	ENSG00000135336	ORC3	31.3	EXPRESSED	GENE_SYMBOL
ORC4	ENSG00000115947	ORC4	17.5	EXPRESSED	GENE_SYMBOL
ORC5	ENSG00000164815	ORC5	13.1	EXPRESSED	GENE_SYMBOL
OS9	ENSG00000135506	OS9	75.1	EXPRESSED	GENE_SYMBOL
OSBPL11	ENSG00000144909	OSBPL11	5.6	EXPRESSED	GENE_SYMBOL
OSBPL6	ENSG00000079156	OSBPL6	7.8	EXPRESSED	GENE_SYMBOL
OSTF1	ENSG00000134996	OSTF1	11.4	EXPRESSED	GENE_SYMBOL
OTC	ENSG00000036473	OTC	0.1	EXPRESSED	GENE_SYMBOL
OTOA	ENSG00000155719	OTOA	0.0	NOT_DETECTED	GENE_SYMBOL
OTOF	ENSG00000115155	OTOF	0.0	NOT_DETECTED	GENE_SYMBOL
OTOG	ENSG00000188162	OTOG	0.5	EXPRESSED	GENE_SYMBOL
OTOGL	ENSG00000165899	OTOGL	0.4	EXPRESSED	GENE_SYMBOL
OTX1	ENSG00000115507	OTX1	0.0	NOT_DETECTED	GENE_SYMBOL
OTX2	ENSG00000165588	OTX2	259.6	EXPRESSED	GENE_SYMBOL
OXSM	ENSG00000151093	OXSM	9.4	EXPRESSED	GENE_SYMBOL
OXT	ENSG00000101405	OXT	0.0	NOT_DETECTED	GENE_SYMBOL
OXTR	ENSG00000180914	OXTR	2.5	EXPRESSED	GENE_SYMBOL
P2RX4	ENSG00000135124	P2RX4	1.9	EXPRESSED	GENE_SYMBOL
P2RY12	ENSG00000169313	P2RY12	0.2	EXPRESSED	GENE_SYMBOL
P3H3	ENSG00000110811	P3H3	3.8	EXPRESSED	GENE_SYMBOL
PA2G4	ENSG00000170515	PA2G4	35.5	EXPRESSED	GENE_SYMBOL
PABPC1	ENSG00000070756	PABPC1	74.4	EXPRESSED	GENE_SYMBOL
PABPC3	ENSG00000151846	PABPC3	0.1	EXPRESSED	GENE_SYMBOL
PABPN1	ENSG00000100836	PABPN1	120.1	EXPRESSED	GENE_SYMBOL
PACRG	ENSG00000112530	PACRG	5.8	EXPRESSED	GENE_SYMBOL
PACRGL	ENSG00000163138	PACRGL	13.8	EXPRESSED	GENE_SYMBOL
PAFAH1B1	ENSG00000007168	PAFAH1B1	44.1	EXPRESSED	GENE_SYMBOL
PAFAH1B2	ENSG00000168092	PAFAH1B2	21.5	EXPRESSED	GENE_SYMBOL
PAICS	ENSG00000128050	PAICS	28.1	EXPRESSED	GENE_SYMBOL
PAK1	ENSG00000149269	PAK1	22.7	EXPRESSED	GENE_SYMBOL
PAK2	ENSG00000180370	PAK2	16.2	EXPRESSED	GENE_SYMBOL
PAK3	ENSG00000077264	PAK3	6.4	EXPRESSED	GENE_SYMBOL
PAK4	ENSG00000130669	PAK4	5.4	EXPRESSED	GENE_SYMBOL
PAK5	ENSG00000101349	PAK5	4.3	EXPRESSED	GENE_SYMBOL
PAK6	ENSG00000137843	PAK6	0.7	EXPRESSED	GENE_SYMBOL
PALM3	ENSG00000187867	PALM3	0.5	EXPRESSED	GENE_SYMBOL
PAM16	ENSG00000217930	PAM16	4.4	EXPRESSED	GENE_SYMBOL
PAPOLA	ENSG00000090060	PAPOLA	85.6	EXPRESSED	GENE_SYMBOL
PAPSS1	ENSG00000138801	PAPSS1	20.7	EXPRESSED	GENE_SYMBOL
PAQR4	ENSG00000162073	PAQR4	59.2	EXPRESSED	GENE_SYMBOL
PARD3	ENSG00000148498	PARD3	12.6	EXPRESSED	GENE_SYMBOL
PARD6A	ENSG00000102981	PARD6A	2.5	EXPRESSED	GENE_SYMBOL
PARK7	ENSG00000116288	PARK7	253.6	EXPRESSED	GENE_SYMBOL
PARS2	ENSG00000162396	PARS2	1.8	EXPRESSED	GENE_SYMBOL
PATJ	ENSG00000132849	PATJ	14.5	EXPRESSED	GENE_SYMBOL
PATL1	ENSG00000166889	PATL1	21.8	EXPRESSED	GENE_SYMBOL
PAX3	ENSG00000135903	PAX3	0.0	NOT_DETECTED	GENE_SYMBOL
PAX4	ENSG00000106331	PAX4	0.0	NOT_DETECTED	GENE_SYMBOL
PAX6	ENSG00000007372	PAX6	63.9	EXPRESSED	GENE_SYMBOL
PAXX	ENSG00000148362	PAXX	1.1	EXPRESSED	GENE_SYMBOL
PC	ENSG00000173599	PC	2.3	EXPRESSED	GENE_SYMBOL
PCARE	ENSG00000179270	PCARE	26.4	EXPRESSED	GENE_SYMBOL
PCBP1	ENSG00000169564	PCBP1	83.9	EXPRESSED	GENE_SYMBOL
PCBP2	ENSG00000197111	PCBP2	616.6	EXPRESSED	GENE_SYMBOL
PCDH15	ENSG00000150275	PCDH15	57.2	EXPRESSED	GENE_SYMBOL
PCDH9	ENSG00000184226	PCDH9	8.7	EXPRESSED	GENE_SYMBOL
PCF11	ENSG00000165494	PCF11	21.8	EXPRESSED	GENE_SYMBOL
PCGF1	ENSG00000115289	PCGF1	16.8	EXPRESSED	GENE_SYMBOL
PCGF2	ENSG00000277258	PCGF2	6.6	EXPRESSED	GENE_SYMBOL
PCGF3	ENSG00000185619	PCGF3	12.8	EXPRESSED	GENE_SYMBOL
PCGF5	ENSG00000180628	PCGF5	15.0	EXPRESSED	GENE_SYMBOL
PCGF6	ENSG00000156374	PCGF6	2.4	EXPRESSED	GENE_SYMBOL
PCK2	ENSG00000100889	PCK2	2.4	EXPRESSED	GENE_SYMBOL
PCLO	ENSG00000186472	PCLO	20.1	EXPRESSED	GENE_SYMBOL
PCM1	ENSG00000078674	PCM1	52.9	EXPRESSED	GENE_SYMBOL
PCNT	ENSG00000160299	PCNT	1.3	EXPRESSED	GENE_SYMBOL
PCSK2	ENSG00000125851	PCSK2	33.2	EXPRESSED	GENE_SYMBOL
PCSK5	ENSG00000099139	PCSK5	3.8	EXPRESSED	GENE_SYMBOL
PDC	ENSG00000116703	PDC	618.7	EXPRESSED	GENE_SYMBOL
PDCD11	ENSG00000148843	PDCD11	5.7	EXPRESSED	GENE_SYMBOL
PDCD6	ENSG00000249915	PDCD6	43.0	EXPRESSED	GENE_SYMBOL
PDE10A	ENSG00000112541	PDE10A	1.8	EXPRESSED	GENE_SYMBOL
PDE11A	ENSG00000128655	PDE11A	1.3	EXPRESSED	GENE_SYMBOL
PDE1A	ENSG00000115252	PDE1A	1.1	EXPRESSED	GENE_SYMBOL
PDE1B	ENSG00000123360	PDE1B	0.3	EXPRESSED	GENE_SYMBOL
PDE1C	ENSG00000154678	PDE1C	6.8	EXPRESSED	GENE_SYMBOL
PDE2A	ENSG00000186642	PDE2A	2.8	EXPRESSED	GENE_SYMBOL
PDE3A	ENSG00000172572	PDE3A	5.2	EXPRESSED	GENE_SYMBOL
PDE3B	ENSG00000152270	PDE3B	0.5	EXPRESSED	GENE_SYMBOL
PDE4A	ENSG00000065989	PDE4A	4.9	EXPRESSED	GENE_SYMBOL
PDE4B	ENSG00000184588	PDE4B	13.1	EXPRESSED	GENE_SYMBOL
PDE5A	ENSG00000138735	PDE5A	9.8	EXPRESSED	GENE_SYMBOL
PDE6A	ENSG00000132915	PDE6A	1001.0	EXPRESSED	GENE_SYMBOL
PDE6B	ENSG00000133256	PDE6B	357.2	EXPRESSED	GENE_SYMBOL
PDE6C	ENSG00000095464	PDE6C	21.4	EXPRESSED	GENE_SYMBOL
PDE6D	ENSG00000156973	PDE6D	64.5	EXPRESSED	GENE_SYMBOL
PDE6G	ENSG00000185527	PDE6G	1904.6	EXPRESSED	GENE_SYMBOL
PDE6H	ENSG00000139053	PDE6H	844.1	EXPRESSED	GENE_SYMBOL
PDE7B	ENSG00000171408	PDE7B	2.2	EXPRESSED	GENE_SYMBOL
PDE9A	ENSG00000160191	PDE9A	9.9	EXPRESSED	GENE_SYMBOL
PDGFC	ENSG00000145431	PDGFC	0.7	EXPRESSED	GENE_SYMBOL
PDGFRB	ENSG00000113721	PDGFRB	5.8	EXPRESSED	GENE_SYMBOL
PDHA1	ENSG00000131828	PDHA1	20.2	EXPRESSED	GENE_SYMBOL
PDHA2	ENSG00000163114	PDHA2	0.0	NOT_DETECTED	GENE_SYMBOL
PDHB	ENSG00000168291	PDHB	28.4	EXPRESSED	GENE_SYMBOL
PDHX	ENSG00000110435	PDHX	25.1	EXPRESSED	GENE_SYMBOL
PDK1	ENSG00000152256	PDK1	25.1	EXPRESSED	GENE_SYMBOL
PDK4	ENSG00000004799	PDK4	1.8	EXPRESSED	GENE_SYMBOL
PDS5A	ENSG00000121892	PDS5A	19.4	EXPRESSED	GENE_SYMBOL
PDS5B	ENSG00000083642	PDS5B	10.2	EXPRESSED	GENE_SYMBOL
PDSS1	ENSG00000148459	PDSS1	1.7	EXPRESSED	GENE_SYMBOL
PDSS2	ENSG00000164494	PDSS2	5.6	EXPRESSED	GENE_SYMBOL
PDYN	ENSG00000101327	PDYN	0.1	EXPRESSED	GENE_SYMBOL
PDZD4	ENSG00000067840	PDZD4	13.7	EXPRESSED	GENE_SYMBOL
PDZD7	ENSG00000186862	PDZD7	2.1	EXPRESSED	GENE_SYMBOL
PEBP1	ENSG00000089220	PEBP1	311.7	EXPRESSED	GENE_SYMBOL
PEBP4	ENSG00000134020	PEBP4	11.9	EXPRESSED	GENE_SYMBOL
PEF1	ENSG00000162517	PEF1	24.7	EXPRESSED	GENE_SYMBOL
PELO	ENSG00000152684	PELO	4.1	EXPRESSED	GENE_SYMBOL
PELP1	ENSG00000141456	PELP1	8.0	EXPRESSED	GENE_SYMBOL
PER2	ENSG00000132326	PER2	4.8	EXPRESSED	GENE_SYMBOL
PES1	ENSG00000100029	PES1	8.5	EXPRESSED	GENE_SYMBOL
PET100	ENSG00000229833	PET100	65.8	EXPRESSED	GENE_SYMBOL
PEX19	ENSG00000162735	PEX19	28.6	EXPRESSED	GENE_SYMBOL
PFDN1	ENSG00000113068	PFDN1	32.5	EXPRESSED	GENE_SYMBOL
PFDN5	ENSG00000123349	PFDN5	344.5	EXPRESSED	GENE_SYMBOL
PFKFB1	ENSG00000158571	PFKFB1	0.4	EXPRESSED	GENE_SYMBOL
PFKFB2	ENSG00000123836	PFKFB2	77.2	EXPRESSED	GENE_SYMBOL
PFKFB3	ENSG00000170525	PFKFB3	29.2	EXPRESSED	GENE_SYMBOL
PFKFB4	ENSG00000114268	PFKFB4	15.0	EXPRESSED	GENE_SYMBOL
PFKL	ENSG00000141959	PFKL	22.2	EXPRESSED	GENE_SYMBOL
PFKM	ENSG00000152556	PFKM	79.2	EXPRESSED	GENE_SYMBOL
PFKP	ENSG00000067057	PFKP	250.0	EXPRESSED	GENE_SYMBOL
PFN1	ENSG00000108518	PFN1	66.6	EXPRESSED	GENE_SYMBOL
PFN2	ENSG00000070087	PFN2	133.5	EXPRESSED	GENE_SYMBOL
PGAM1	ENSG00000171314	PGAM1	390.1	EXPRESSED	GENE_SYMBOL
PGAM2	ENSG00000164708	PGAM2	4.0	EXPRESSED	GENE_SYMBOL
PGAM4	ENSG00000226784	PGAM4	0.3	EXPRESSED	GENE_SYMBOL
PGD	ENSG00000142657	PGD	45.5	EXPRESSED	GENE_SYMBOL
PGK1	ENSG00000102144	PGK1	277.0	EXPRESSED	GENE_SYMBOL
PGK2	ENSG00000170950	PGK2	0.0	NOT_DETECTED	GENE_SYMBOL
PGM1	ENSG00000079739	PGM1	20.9	EXPRESSED	GENE_SYMBOL
PGM2	ENSG00000169299	PGM2	16.9	EXPRESSED	GENE_SYMBOL
PGM3	ENSG00000013375	PGM3	13.2	EXPRESSED	GENE_SYMBOL
PGM5	ENSG00000154330	PGM5	7.5	EXPRESSED	GENE_SYMBOL
PGR	ENSG00000082175	PGR	0.1	EXPRESSED	GENE_SYMBOL
PHACTR2	ENSG00000112419	PHACTR2	2.5	EXPRESSED	GENE_SYMBOL
PHB				UNKNOWN	UNMAPPED
PHC1	ENSG00000111752	PHC1	37.1	EXPRESSED	GENE_SYMBOL
PHC2	ENSG00000134686	PHC2	50.4	EXPRESSED	GENE_SYMBOL
PHC3	ENSG00000173889	PHC3	38.9	EXPRESSED	GENE_SYMBOL
PHF11	ENSG00000136147	PHF11	8.5	EXPRESSED	GENE_SYMBOL
PHF20	ENSG00000025293	PHF20	13.4	EXPRESSED	GENE_SYMBOL
PHF5A	ENSG00000100410	PHF5A	22.7	EXPRESSED	GENE_SYMBOL
PHF6	ENSG00000156531	PHF6	10.8	EXPRESSED	GENE_SYMBOL
PHGDH	ENSG00000092621	PHGDH	6.7	EXPRESSED	GENE_SYMBOL
PHIP	ENSG00000146247	PHIP	20.9	EXPRESSED	GENE_SYMBOL
PI15	ENSG00000137558	PI15	0.6	EXPRESSED	GENE_SYMBOL
PI4K2A	ENSG00000155252	PI4K2A	11.9	EXPRESSED	GENE_SYMBOL
PI4K2B	ENSG00000038210	PI4K2B	4.5	EXPRESSED	GENE_SYMBOL
PI4KA	ENSG00000241973	PI4KA	25.6	EXPRESSED	GENE_SYMBOL
PI4KB	ENSG00000143393	PI4KB	43.4	EXPRESSED	GENE_SYMBOL
PIAS1	ENSG00000033800	PIAS1	19.7	EXPRESSED	GENE_SYMBOL
PIAS2	ENSG00000078043	PIAS2	10.1	EXPRESSED	GENE_SYMBOL
PIAS3	ENSG00000131788	PIAS3	9.0	EXPRESSED	GENE_SYMBOL
PIAS4	ENSG00000105229	PIAS4	3.4	EXPRESSED	GENE_SYMBOL
PIBF1	ENSG00000083535	PIBF1	9.4	EXPRESSED	GENE_SYMBOL
PIFO	ENSG00000173947	PIFO	4.8	EXPRESSED	GENE_SYMBOL
PIGBOS1	ENSG00000225973	PIGBOS1	6.1	EXPRESSED	GENE_SYMBOL
PIH1D1	ENSG00000104872	PIH1D1	11.0	EXPRESSED	GENE_SYMBOL
PIH1D3				UNKNOWN	UNMAPPED
PIK3C2A	ENSG00000011405	PIK3C2A	19.1	EXPRESSED	GENE_SYMBOL
PIK3C2B	ENSG00000133056	PIK3C2B	2.5	EXPRESSED	GENE_SYMBOL
PIK3C2G	ENSG00000139144	PIK3C2G	0.1	EXPRESSED	GENE_SYMBOL
PIK3CA	ENSG00000121879	PIK3CA	11.5	EXPRESSED	GENE_SYMBOL
PIK3CB	ENSG00000051382	PIK3CB	21.2	EXPRESSED	GENE_SYMBOL
PIK3CD	ENSG00000171608	PIK3CD	0.3	EXPRESSED	GENE_SYMBOL
PIK3CG	ENSG00000105851	PIK3CG	0.0	NOT_DETECTED	GENE_SYMBOL
PIK3R1	ENSG00000145675	PIK3R1	56.7	EXPRESSED	GENE_SYMBOL
PIK3R2	ENSG00000105647	PIK3R2	7.3	EXPRESSED	GENE_SYMBOL
PIK3R3	ENSG00000117461	PIK3R3	16.6	EXPRESSED	GENE_SYMBOL
PIKFYVE	ENSG00000115020	PIKFYVE	16.0	EXPRESSED	GENE_SYMBOL
PIP4K2A	ENSG00000150867	PIP4K2A	14.2	EXPRESSED	GENE_SYMBOL
PIP4K2B	ENSG00000276293	PIP4K2B	33.4	EXPRESSED	GENE_SYMBOL
PIP4K2C	ENSG00000166908	PIP4K2C	27.0	EXPRESSED	GENE_SYMBOL
PIP4P1	ENSG00000165782	PIP4P1	24.2	EXPRESSED	GENE_SYMBOL
PIP4P2	ENSG00000155099	PIP4P2	10.1	EXPRESSED	GENE_SYMBOL
PIP5K1A	ENSG00000143398	PIP5K1A	27.9	EXPRESSED	GENE_SYMBOL
PIP5K1B	ENSG00000107242	PIP5K1B	35.2	EXPRESSED	GENE_SYMBOL
PIP5K1C	ENSG00000186111	PIP5K1C	12.3	EXPRESSED	GENE_SYMBOL
PIP5KL1	ENSG00000167103	PIP5KL1	0.1	EXPRESSED	GENE_SYMBOL
PISD	ENSG00000241878	PISD	12.0	EXPRESSED	GENE_SYMBOL
PITPNA	ENSG00000174238	PITPNA	43.9	EXPRESSED	GENE_SYMBOL
PITPNC1	ENSG00000154217	PITPNC1	14.0	EXPRESSED	GENE_SYMBOL
PITPNM1	ENSG00000110697	PITPNM1	37.8	EXPRESSED	GENE_SYMBOL
PITPNM3	ENSG00000091622	PITPNM3	7.3	EXPRESSED	GENE_SYMBOL
PITRM1	ENSG00000107959	PITRM1	45.9	EXPRESSED	GENE_SYMBOL
PJVK	ENSG00000204311	PJVK	5.9	EXPRESSED	GENE_SYMBOL
PKD1	ENSG00000008710	PKD1	6.3	EXPRESSED	GENE_SYMBOL
PKD2	ENSG00000118762	PKD2	12.9	EXPRESSED	GENE_SYMBOL
PKDCC	ENSG00000162878	PKDCC	4.9	EXPRESSED	GENE_SYMBOL
PKHD1	ENSG00000170927	PKHD1	1.4	EXPRESSED	GENE_SYMBOL
PKHD1L1	ENSG00000205038	PKHD1L1	0.0	NOT_DETECTED	GENE_SYMBOL
PKLR	ENSG00000143627	PKLR	0.0	NOT_DETECTED	GENE_SYMBOL
PKM	ENSG00000067225	PKM	1155.0	EXPRESSED	GENE_SYMBOL
PKP1	ENSG00000081277	PKP1	30.1	EXPRESSED	GENE_SYMBOL
PLA2G6	ENSG00000184381	PLA2G6	7.7	EXPRESSED	GENE_SYMBOL
PLAAT1	ENSG00000127252	PLAAT1	8.3	EXPRESSED	GENE_SYMBOL
PLAAT2	ENSG00000133328	PLAAT2	0.0	NOT_DETECTED	GENE_SYMBOL
PLCB1	ENSG00000182621	PLCB1	6.6	EXPRESSED	GENE_SYMBOL
PLCB2	ENSG00000137841	PLCB2	0.5	EXPRESSED	GENE_SYMBOL
PLCB3	ENSG00000149782	PLCB3	1.3	EXPRESSED	GENE_SYMBOL
PLCB4	ENSG00000101333	PLCB4	13.9	EXPRESSED	GENE_SYMBOL
PLCD1	ENSG00000187091	PLCD1	2.6	EXPRESSED	GENE_SYMBOL
PLCD3	ENSG00000161714	PLCD3	13.4	EXPRESSED	GENE_SYMBOL
PLCD4	ENSG00000115556	PLCD4	153.9	EXPRESSED	GENE_SYMBOL
PLCE1	ENSG00000138193	PLCE1	6.0	EXPRESSED	GENE_SYMBOL
PLCG1	ENSG00000124181	PLCG1	10.1	EXPRESSED	GENE_SYMBOL
PLCG2	ENSG00000197943	PLCG2	0.3	EXPRESSED	GENE_SYMBOL
PLCH1	ENSG00000114805	PLCH1	11.5	EXPRESSED	GENE_SYMBOL
PLCH2	ENSG00000149527	PLCH2	41.6	EXPRESSED	GENE_SYMBOL
PLCZ1	ENSG00000139151	PLCZ1	0.0	NOT_DETECTED	GENE_SYMBOL
PLEC	ENSG00000178209	PLEC	2.5	EXPRESSED	GENE_SYMBOL
PLEK	ENSG00000115956	PLEK	0.5	EXPRESSED	GENE_SYMBOL
PLEKHB1	ENSG00000021300	PLEKHB1	703.2	EXPRESSED	GENE_SYMBOL
PLEKHH2	ENSG00000152527	PLEKHH2	1.5	EXPRESSED	GENE_SYMBOL
PLIN2	ENSG00000147872	PLIN2	12.1	EXPRESSED	GENE_SYMBOL
PLIN5	ENSG00000214456	PLIN5	0.8	EXPRESSED	GENE_SYMBOL
PLK1	ENSG00000166851	PLK1	1.1	EXPRESSED	GENE_SYMBOL
PLK4	ENSG00000142731	PLK4	1.9	EXPRESSED	GENE_SYMBOL
PLLP	ENSG00000102934	PLLP	1.5	EXPRESSED	GENE_SYMBOL
PLP1	ENSG00000123560	PLP1	6.9	EXPRESSED	GENE_SYMBOL
PLPP1	ENSG00000067113	PLPP1	9.0	EXPRESSED	GENE_SYMBOL
PLPP2	ENSG00000141934	PLPP2	27.5	EXPRESSED	GENE_SYMBOL
PLPP3	ENSG00000162407	PLPP3	17.7	EXPRESSED	GENE_SYMBOL
PLPP4	ENSG00000203805	PLPP4	0.1	EXPRESSED	GENE_SYMBOL
PLPP5	ENSG00000147535	PLPP5	7.9	EXPRESSED	GENE_SYMBOL
PLPPR1	ENSG00000148123	PLPPR1	1.4	EXPRESSED	GENE_SYMBOL
PLPPR2	ENSG00000105520	PLPPR2	9.7	EXPRESSED	GENE_SYMBOL
PLPPR3	ENSG00000129951	PLPPR3	0.1	EXPRESSED	GENE_SYMBOL
PLPPR4	ENSG00000117600	PLPPR4	6.6	EXPRESSED	GENE_SYMBOL
PLPPR5	ENSG00000117598	PLPPR5	1.5	EXPRESSED	GENE_SYMBOL
PLRG1	ENSG00000171566	PLRG1	24.4	EXPRESSED	GENE_SYMBOL
PLSCR1	ENSG00000188313	PLSCR1	9.1	EXPRESSED	GENE_SYMBOL
PLXNA1	ENSG00000114554	PLXNA1	1.6	EXPRESSED	GENE_SYMBOL
PLXNB1	ENSG00000164050	PLXNB1	3.9	EXPRESSED	GENE_SYMBOL
PMEL	ENSG00000185664	PMEL	0.4	EXPRESSED	GENE_SYMBOL
PML	ENSG00000140464	PML	3.6	EXPRESSED	GENE_SYMBOL
PMM1	ENSG00000100417	PMM1	12.7	EXPRESSED	GENE_SYMBOL
PMM2	ENSG00000140650	PMM2	1.3	EXPRESSED	GENE_SYMBOL
PMPCA	ENSG00000165688	PMPCA	4.6	EXPRESSED	GENE_SYMBOL
PMPCB	ENSG00000105819	PMPCB	19.8	EXPRESSED	GENE_SYMBOL
PMVK	ENSG00000163344	PMVK	18.3	EXPRESSED	GENE_SYMBOL
PNKD	ENSG00000127838	PNKD	21.5	EXPRESSED	GENE_SYMBOL
PNN	ENSG00000100941	PNN	70.4	EXPRESSED	GENE_SYMBOL
PNOC	ENSG00000168081	PNOC	0.0	NOT_DETECTED	GENE_SYMBOL
PNP	ENSG00000198805	PNP	24.6	EXPRESSED	GENE_SYMBOL
PNPLA4	ENSG00000006757	PNPLA4	15.5	EXPRESSED	GENE_SYMBOL
PNPT1	ENSG00000138035	PNPT1	5.0	EXPRESSED	GENE_SYMBOL
POC1A	ENSG00000164087	POC1A	0.4	EXPRESSED	GENE_SYMBOL
POC1B	ENSG00000139323	POC1B	5.1	EXPRESSED	GENE_SYMBOL
POC5	ENSG00000152359	POC5	27.0	EXPRESSED	GENE_SYMBOL
POLDIP2	ENSG00000004142	POLDIP2	27.9	EXPRESSED	GENE_SYMBOL
POLDIP3	ENSG00000100227	POLDIP3	27.3	EXPRESSED	GENE_SYMBOL
POLG	ENSG00000140521	POLG	1.6	EXPRESSED	GENE_SYMBOL
POLR1B	ENSG00000125630	POLR1B	4.7	EXPRESSED	GENE_SYMBOL
POLR2A	ENSG00000181222	POLR2A	0.2	EXPRESSED	GENE_SYMBOL
POLR2B	ENSG00000047315	POLR2B	34.1	EXPRESSED	GENE_SYMBOL
POLR2C	ENSG00000102978	POLR2C	55.0	EXPRESSED	GENE_SYMBOL
POLR3B	ENSG00000013503	POLR3B	5.9	EXPRESSED	GENE_SYMBOL
POLR3F	ENSG00000132664	POLR3F	13.7	EXPRESSED	GENE_SYMBOL
POLRMT	ENSG00000099821	POLRMT	5.3	EXPRESSED	GENE_SYMBOL
POM121	ENSG00000196313	POM121	19.8	EXPRESSED	GENE_SYMBOL
POM121C	ENSG00000272391	POM121C	25.4	EXPRESSED	GENE_SYMBOL
POMC	ENSG00000115138	POMC	0.2	EXPRESSED	GENE_SYMBOL
POMGNT1	ENSG00000085998	POMGNT1	10.1	EXPRESSED	GENE_SYMBOL
POMGNT2	ENSG00000144647	POMGNT2	7.4	EXPRESSED	GENE_SYMBOL
POMK	ENSG00000185900	POMK	5.4	EXPRESSED	GENE_SYMBOL
POMT1	ENSG00000130714	POMT1	3.0	EXPRESSED	GENE_SYMBOL
POMT2	ENSG00000009830	POMT2	2.4	EXPRESSED	GENE_SYMBOL
POR	ENSG00000127948	POR	11.8	EXPRESSED	GENE_SYMBOL
POT1	ENSG00000128513	POT1	9.1	EXPRESSED	GENE_SYMBOL
POTEE	ENSG00000188219	POTEE	0.0	NOT_DETECTED	GENE_SYMBOL
POU2F1	ENSG00000143190	POU2F1	12.0	EXPRESSED	GENE_SYMBOL
POU2F2	ENSG00000028277	POU2F2	1.7	EXPRESSED	GENE_SYMBOL
POU4F1	ENSG00000152192	POU4F1	2.4	EXPRESSED	GENE_SYMBOL
POU4F2	ENSG00000151615	POU4F2	0.9	EXPRESSED	GENE_SYMBOL
POU6F2	ENSG00000106536	POU6F2	0.4	EXPRESSED	GENE_SYMBOL
PPARG	ENSG00000132170	PPARG	0.6	EXPRESSED	GENE_SYMBOL
PPARGC1A	ENSG00000109819	PPARGC1A	3.9	EXPRESSED	GENE_SYMBOL
PPAT	ENSG00000128059	PPAT	4.1	EXPRESSED	GENE_SYMBOL
PPEF1	ENSG00000086717	PPEF1	1.3	EXPRESSED	GENE_SYMBOL
PPEF2	ENSG00000156194	PPEF2	221.1	EXPRESSED	GENE_SYMBOL
PPIA	ENSG00000196262	PPIA	460.2	EXPRESSED	GENE_SYMBOL
PPIAL4A	ENSG00000263353	PPIAL4A	0.0	NOT_DETECTED	GENE_SYMBOL
PPIAL4C	ENSG00000288867	PPIAL4C	0.3	EXPRESSED	GENE_SYMBOL
PPIAL4D	ENSG00000289549	PPIAL4D	0.0	NOT_DETECTED	GENE_SYMBOL
PPIAL4E	ENSG00000271567	PPIAL4E	0.0	NOT_DETECTED	GENE_SYMBOL
PPIAL4F	ENSG00000279782	PPIAL4F	0.0	NOT_DETECTED	GENE_SYMBOL
PPIAL4G	ENSG00000236334	PPIAL4G	0.7	EXPRESSED	GENE_SYMBOL
PPIAL4H	ENSG00000270339	PPIAL4H	0.3	EXPRESSED	GENE_SYMBOL
PPIB	ENSG00000166794	PPIB	67.2	EXPRESSED	GENE_SYMBOL
PPIE	ENSG00000084072	PPIE	20.0	EXPRESSED	GENE_SYMBOL
PPIF	ENSG00000108179	PPIF	8.2	EXPRESSED	GENE_SYMBOL
PPIG	ENSG00000138398	PPIG	27.1	EXPRESSED	GENE_SYMBOL
PPIH	ENSG00000171960	PPIH	20.7	EXPRESSED	GENE_SYMBOL
PPIL1	ENSG00000137168	PPIL1	26.9	EXPRESSED	GENE_SYMBOL
PPIL2	ENSG00000100023	PPIL2	8.4	EXPRESSED	GENE_SYMBOL
PPIL3	ENSG00000240344	PPIL3	17.7	EXPRESSED	GENE_SYMBOL
PPIL4	ENSG00000131013	PPIL4	12.1	EXPRESSED	GENE_SYMBOL
PPIP5K1	ENSG00000168781	PPIP5K1	49.6	EXPRESSED	GENE_SYMBOL
PPM1A	ENSG00000100614	PPM1A	47.3	EXPRESSED	GENE_SYMBOL
PPM1B	ENSG00000138032	PPM1B	46.2	EXPRESSED	GENE_SYMBOL
PPM1G	ENSG00000115241	PPM1G	18.6	EXPRESSED	GENE_SYMBOL
PPOX	ENSG00000143224	PPOX	11.7	EXPRESSED	GENE_SYMBOL
PPP1CA	ENSG00000172531	PPP1CA	20.0	EXPRESSED	GENE_SYMBOL
PPP1CB	ENSG00000213639	PPP1CB	70.9	EXPRESSED	GENE_SYMBOL
PPP1CC	ENSG00000186298	PPP1CC	115.8	EXPRESSED	GENE_SYMBOL
PPP1R10	ENSG00000204569	PPP1R10	4.8	EXPRESSED	GENE_SYMBOL
PPP1R12A	ENSG00000058272	PPP1R12A	13.6	EXPRESSED	GENE_SYMBOL
PPP1R26	ENSG00000196422	PPP1R26	4.2	EXPRESSED	GENE_SYMBOL
PPP1R7	ENSG00000115685	PPP1R7	53.8	EXPRESSED	GENE_SYMBOL
PPP1R8	ENSG00000117751	PPP1R8	26.0	EXPRESSED	GENE_SYMBOL
PPP1R9B	ENSG00000108819	PPP1R9B	7.3	EXPRESSED	GENE_SYMBOL
PPP3CB	ENSG00000107758	PPP3CB	52.8	EXPRESSED	GENE_SYMBOL
PPP4C	ENSG00000149923	PPP4C	16.8	EXPRESSED	GENE_SYMBOL
PPP4R2	ENSG00000163605	PPP4R2	22.6	EXPRESSED	GENE_SYMBOL
PPP4R3A	ENSG00000100796	PPP4R3A	10.1	EXPRESSED	GENE_SYMBOL
PPRC1	ENSG00000148840	PPRC1	4.7	EXPRESSED	GENE_SYMBOL
PPT1	ENSG00000131238	PPT1	82.8	EXPRESSED	GENE_SYMBOL
PPT2	ENSG00000221988	PPT2	5.8	EXPRESSED	GENE_SYMBOL
PPTC7	ENSG00000196850	PPTC7	14.5	EXPRESSED	GENE_SYMBOL
PPWD1	ENSG00000113593	PPWD1	13.6	EXPRESSED	GENE_SYMBOL
PQBP1	ENSG00000102103	PQBP1	25.2	EXPRESSED	GENE_SYMBOL
PRC1	ENSG00000198901	PRC1	4.5	EXPRESSED	GENE_SYMBOL
PRCC	ENSG00000143294	PRCC	24.7	EXPRESSED	GENE_SYMBOL
PRCD	ENSG00000214140	PRCD	44.6	EXPRESSED	GENE_SYMBOL
PRDM1	ENSG00000057657	PRDM1	1.2	EXPRESSED	GENE_SYMBOL
PRDX3	ENSG00000165672	PRDX3	48.6	EXPRESSED	GENE_SYMBOL
PRH2	ENSG00000134551	PRH2	0.5	EXPRESSED	GENE_SYMBOL
PRKACA	ENSG00000072062	PRKACA	23.4	EXPRESSED	GENE_SYMBOL
PRKACB	ENSG00000142875	PRKACB	66.3	EXPRESSED	GENE_SYMBOL
PRKACG	ENSG00000165059	PRKACG	0.0	NOT_DETECTED	GENE_SYMBOL
PRKAR1A	ENSG00000108946	PRKAR1A	109.6	EXPRESSED	GENE_SYMBOL
PRKAR1B	ENSG00000188191	PRKAR1B	15.1	EXPRESSED	GENE_SYMBOL
PRKAR2A	ENSG00000114302	PRKAR2A	14.2	EXPRESSED	GENE_SYMBOL
PRKAR2B	ENSG00000005249	PRKAR2B	5.4	EXPRESSED	GENE_SYMBOL
PRKCA	ENSG00000154229	PRKCA	27.9	EXPRESSED	GENE_SYMBOL
PRKCB	ENSG00000166501	PRKCB	16.9	EXPRESSED	GENE_SYMBOL
PRKCG	ENSG00000126583	PRKCG	0.1	EXPRESSED	GENE_SYMBOL
PRKCZ	ENSG00000067606	PRKCZ	13.7	EXPRESSED	GENE_SYMBOL
PRKD1	ENSG00000184304	PRKD1	1.8	EXPRESSED	GENE_SYMBOL
PRKD2	ENSG00000105287	PRKD2	4.1	EXPRESSED	GENE_SYMBOL
PRKD3	ENSG00000115825	PRKD3	38.5	EXPRESSED	GENE_SYMBOL
PRKDC	ENSG00000253729	PRKDC	22.6	EXPRESSED	GENE_SYMBOL
PRKG1	ENSG00000185532	PRKG1	3.4	EXPRESSED	GENE_SYMBOL
PRKG2	ENSG00000138669	PRKG2	0.3	EXPRESSED	GENE_SYMBOL
PRKN	ENSG00000185345	PRKN	1.3	EXPRESSED	GENE_SYMBOL
PRKRIP1	ENSG00000128563	PRKRIP1	3.1	EXPRESSED	GENE_SYMBOL
PROM1	ENSG00000007062	PROM1	252.8	EXPRESSED	GENE_SYMBOL
PROS1	ENSG00000184500	PROS1	4.3	EXPRESSED	GENE_SYMBOL
PROSER3	ENSG00000167595	PROSER3	5.9	EXPRESSED	GENE_SYMBOL
PRPF18	ENSG00000165630	PRPF18	11.3	EXPRESSED	GENE_SYMBOL
PRPF19	ENSG00000110107	PRPF19	42.8	EXPRESSED	GENE_SYMBOL
PRPF3	ENSG00000117360	PRPF3	40.3	EXPRESSED	GENE_SYMBOL
PRPF31	ENSG00000105618	PRPF31	7.6	EXPRESSED	GENE_SYMBOL
PRPF38A	ENSG00000134748	PRPF38A	16.2	EXPRESSED	GENE_SYMBOL
PRPF39	ENSG00000185246	PRPF39	1.9	EXPRESSED	GENE_SYMBOL
PRPF4	ENSG00000136875	PRPF4	12.1	EXPRESSED	GENE_SYMBOL
PRPF40A	ENSG00000196504	PRPF40A	21.4	EXPRESSED	GENE_SYMBOL
PRPF40B	ENSG00000110844	PRPF40B	11.2	EXPRESSED	GENE_SYMBOL
PRPF4B	ENSG00000112739	PRPF4B	14.8	EXPRESSED	GENE_SYMBOL
PRPF6	ENSG00000101161	PRPF6	33.8	EXPRESSED	GENE_SYMBOL
PRPF8	ENSG00000174231	PRPF8	76.4	EXPRESSED	GENE_SYMBOL
PRPH2	ENSG00000112619	PRPH2	594.9	EXPRESSED	GENE_SYMBOL
PRPS1	ENSG00000147224	PRPS1	28.1	EXPRESSED	GENE_SYMBOL
PRPS1L1	ENSG00000229937	PRPS1L1	0.0	NOT_DETECTED	GENE_SYMBOL
PRPS2	ENSG00000101911	PRPS2	1.2	EXPRESSED	GENE_SYMBOL
PRR35	ENSG00000161992	PRR35	0.2	EXPRESSED	GENE_SYMBOL
PRRC2A	ENSG00000204469	PRRC2A	2.7	EXPRESSED	GENE_SYMBOL
PRRT1	ENSG00000204314	PRRT1	1.2	EXPRESSED	GENE_SYMBOL
PRRT2	ENSG00000167371	PRRT2	18.4	EXPRESSED	GENE_SYMBOL
PRSS55	ENSG00000184647	PRSS55	0.0	NOT_DETECTED	GENE_SYMBOL
PRSS56	ENSG00000237412	PRSS56	4.9	EXPRESSED	GENE_SYMBOL
PSAT1	ENSG00000135069	PSAT1	5.7	EXPRESSED	GENE_SYMBOL
PSD2	ENSG00000146005	PSD2	3.8	EXPRESSED	GENE_SYMBOL
PSIP1	ENSG00000164985	PSIP1	143.4	EXPRESSED	GENE_SYMBOL
PSMC1	ENSG00000100764	PSMC1	37.2	EXPRESSED	GENE_SYMBOL
PSMC5	ENSG00000087191	PSMC5	74.6	EXPRESSED	GENE_SYMBOL
PSMD13	ENSG00000185627	PSMD13	28.5	EXPRESSED	GENE_SYMBOL
PSMD14	ENSG00000115233	PSMD14	35.1	EXPRESSED	GENE_SYMBOL
PSMD2	ENSG00000175166	PSMD2	43.5	EXPRESSED	GENE_SYMBOL
PSMD3	ENSG00000108344	PSMD3	29.0	EXPRESSED	GENE_SYMBOL
PSME3	ENSG00000131467	PSME3	31.9	EXPRESSED	GENE_SYMBOL
PSME3IP1	ENSG00000172775	PSME3IP1	69.6	EXPRESSED	GENE_SYMBOL
PSMF1	ENSG00000125818	PSMF1	30.5	EXPRESSED	GENE_SYMBOL
PSMG1	ENSG00000183527	PSMG1	4.5	EXPRESSED	GENE_SYMBOL
PSPC1	ENSG00000121390	PSPC1	16.1	EXPRESSED	GENE_SYMBOL
PSPH	ENSG00000146733	PSPH	4.0	EXPRESSED	GENE_SYMBOL
PSTPIP1	ENSG00000140368	PSTPIP1	0.1	EXPRESSED	GENE_SYMBOL
PTAFR	ENSG00000169403	PTAFR	0.4	EXPRESSED	GENE_SYMBOL
PTBP1	ENSG00000011304	PTBP1	11.0	EXPRESSED	GENE_SYMBOL
PTCH1	ENSG00000185920	PTCH1	7.8	EXPRESSED	GENE_SYMBOL
PTEN	ENSG00000171862	PTEN	23.1	EXPRESSED	GENE_SYMBOL
PTF1A	ENSG00000168267	PTF1A	0.0	NOT_DETECTED	GENE_SYMBOL
PTGES3	ENSG00000110958	PTGES3	109.2	EXPRESSED	GENE_SYMBOL
PTGS2	ENSG00000073756	PTGS2	0.2	EXPRESSED	GENE_SYMBOL
PTH	ENSG00000152266	PTH	0.0	NOT_DETECTED	GENE_SYMBOL
PTH1R	ENSG00000160801	PTH1R	0.6	EXPRESSED	GENE_SYMBOL
PTH2R	ENSG00000144407	PTH2R	15.2	EXPRESSED	GENE_SYMBOL
PTPN3	ENSG00000070159	PTPN3	2.3	EXPRESSED	GENE_SYMBOL
PTPRC	ENSG00000081237	PTPRC	1.5	EXPRESSED	GENE_SYMBOL
PTPRN2	ENSG00000155093	PTPRN2	8.6	EXPRESSED	GENE_SYMBOL
PTPRO	ENSG00000151490	PTPRO	6.9	EXPRESSED	GENE_SYMBOL
PUF60	ENSG00000179950	PUF60	2.1	EXPRESSED	GENE_SYMBOL
PUM1	ENSG00000134644	PUM1	35.3	EXPRESSED	GENE_SYMBOL
PUM2	ENSG00000055917	PUM2	61.8	EXPRESSED	GENE_SYMBOL
PVALB	ENSG00000100362	PVALB	346.2	EXPRESSED	GENE_SYMBOL
PXDN	ENSG00000130508	PXDN	4.5	EXPRESSED	GENE_SYMBOL
PXDNL	ENSG00000147485	PXDNL	2.7	EXPRESSED	GENE_SYMBOL
PYGB	ENSG00000100994	PYGB	23.6	EXPRESSED	GENE_SYMBOL
PYGL	ENSG00000100504	PYGL	72.5	EXPRESSED	GENE_SYMBOL
PYGM	ENSG00000068976	PYGM	2.7	EXPRESSED	GENE_SYMBOL
PYROXD2	ENSG00000119943	PYROXD2	2.0	EXPRESSED	GENE_SYMBOL
PYY	ENSG00000131096	PYY	0.8	EXPRESSED	GENE_SYMBOL
QDPR	ENSG00000151552	QDPR	36.8	EXPRESSED	GENE_SYMBOL
QKI	ENSG00000112531	QKI	24.9	EXPRESSED	GENE_SYMBOL
QRICH1	ENSG00000198218	QRICH1	15.1	EXPRESSED	GENE_SYMBOL
QRICH2	ENSG00000129646	QRICH2	2.5	EXPRESSED	GENE_SYMBOL
RAB10	ENSG00000084733	RAB10	26.9	EXPRESSED	GENE_SYMBOL
RAB11A	ENSG00000103769	RAB11A	91.7	EXPRESSED	GENE_SYMBOL
RAB11FIP3	ENSG00000090565	RAB11FIP3	3.8	EXPRESSED	GENE_SYMBOL
RAB13	ENSG00000143545	RAB13	9.7	EXPRESSED	GENE_SYMBOL
RAB23	ENSG00000112210	RAB23	3.6	EXPRESSED	GENE_SYMBOL
RAB24	ENSG00000169228	RAB24	10.8	EXPRESSED	GENE_SYMBOL
RAB28	ENSG00000157869	RAB28	51.3	EXPRESSED	GENE_SYMBOL
RAB3IP	ENSG00000127328	RAB3IP	82.0	EXPRESSED	GENE_SYMBOL
RAB40AL	ENSG00000102128	RAB40AL	0.1	EXPRESSED	GENE_SYMBOL
RAB5A	ENSG00000144566	RAB5A	32.8	EXPRESSED	GENE_SYMBOL
RAB6A	ENSG00000175582	RAB6A	51.9	EXPRESSED	GENE_SYMBOL
RAB6B	ENSG00000154917	RAB6B	27.2	EXPRESSED	GENE_SYMBOL
RAB7A	ENSG00000075785	RAB7A	96.2	EXPRESSED	GENE_SYMBOL
RAB7B	ENSG00000276600	RAB7B	0.7	EXPRESSED	GENE_SYMBOL
RAB8A	ENSG00000167461	RAB8A	8.1	EXPRESSED	GENE_SYMBOL
RAB9A	ENSG00000123595	RAB9A	20.1	EXPRESSED	GENE_SYMBOL
RABAC1	ENSG00000105404	RABAC1	13.6	EXPRESSED	GENE_SYMBOL
RABEP1	ENSG00000029725	RABEP1	53.5	EXPRESSED	GENE_SYMBOL
RABEPK	ENSG00000136933	RABEPK	14.6	EXPRESSED	GENE_SYMBOL
RABGAP1	ENSG00000011454	RABGAP1	23.1	EXPRESSED	GENE_SYMBOL
RABIF	ENSG00000183155	RABIF	6.3	EXPRESSED	GENE_SYMBOL
RABL2A	ENSG00000144134	RABL2A	5.9	EXPRESSED	GENE_SYMBOL
RABL2B	ENSG00000079974	RABL2B	28.7	EXPRESSED	GENE_SYMBOL
RAC1	ENSG00000136238	RAC1	48.0	EXPRESSED	GENE_SYMBOL
RAC2	ENSG00000128340	RAC2	0.2	EXPRESSED	GENE_SYMBOL
RACK1	ENSG00000204628	RACK1	265.8	EXPRESSED	GENE_SYMBOL
RAD23A	ENSG00000179262	RAD23A	22.7	EXPRESSED	GENE_SYMBOL
RAD23B	ENSG00000119318	RAD23B	39.0	EXPRESSED	GENE_SYMBOL
RAD51	ENSG00000051180	RAD51	0.3	EXPRESSED	GENE_SYMBOL
RAD51B	ENSG00000182185	RAD51B	2.8	EXPRESSED	GENE_SYMBOL
RAE1	ENSG00000101146	RAE1	18.6	EXPRESSED	GENE_SYMBOL
RAF1	ENSG00000132155	RAF1	24.4	EXPRESSED	GENE_SYMBOL
RAG1	ENSG00000166349	RAG1	0.6	EXPRESSED	GENE_SYMBOL
RALGAPA1	ENSG00000174373	RALGAPA1	36.5	EXPRESSED	GENE_SYMBOL
RALY	ENSG00000125970	RALY	51.0	EXPRESSED	GENE_SYMBOL
RAN	ENSG00000132341	RAN	197.5	EXPRESSED	GENE_SYMBOL
RANBP1	ENSG00000099901	RANBP1	32.7	EXPRESSED	GENE_SYMBOL
RANBP2	ENSG00000153201	RANBP2	25.7	EXPRESSED	GENE_SYMBOL
RANBP3	ENSG00000031823	RANBP3	17.9	EXPRESSED	GENE_SYMBOL
RANGAP1	ENSG00000100401	RANGAP1	30.2	EXPRESSED	GENE_SYMBOL
RAPGEF4	ENSG00000091428	RAPGEF4	17.4	EXPRESSED	GENE_SYMBOL
RARA	ENSG00000131759	RARA	17.0	EXPRESSED	GENE_SYMBOL
RARB	ENSG00000077092	RARB	9.6	EXPRESSED	GENE_SYMBOL
RARG	ENSG00000172819	RARG	3.6	EXPRESSED	GENE_SYMBOL
RARS1	ENSG00000113643	RARS1	15.9	EXPRESSED	GENE_SYMBOL
RASA1	ENSG00000145715	RASA1	32.1	EXPRESSED	GENE_SYMBOL
RASD2	ENSG00000100302	RASD2	0.4	EXPRESSED	GENE_SYMBOL
RAX	ENSG00000134438	RAX	14.8	EXPRESSED	GENE_SYMBOL
RAX2	ENSG00000173976	RAX2	59.9	EXPRESSED	GENE_SYMBOL
RB1CC1	ENSG00000023287	RB1CC1	18.8	EXPRESSED	GENE_SYMBOL
RBBP5	ENSG00000117222	RBBP5	9.1	EXPRESSED	GENE_SYMBOL
RBCK1	ENSG00000125826	RBCK1	14.9	EXPRESSED	GENE_SYMBOL
RBM10	ENSG00000182872	RBM10	13.7	EXPRESSED	GENE_SYMBOL
RBM17	ENSG00000134453	RBM17	38.6	EXPRESSED	GENE_SYMBOL
RBM19	ENSG00000122965	RBM19	7.1	EXPRESSED	GENE_SYMBOL
RBM22	ENSG00000086589	RBM22	21.9	EXPRESSED	GENE_SYMBOL
RBM24	ENSG00000112183	RBM24	0.4	EXPRESSED	GENE_SYMBOL
RBM25	ENSG00000119707	RBM25	38.8	EXPRESSED	GENE_SYMBOL
RBM28	ENSG00000106344	RBM28	9.7	EXPRESSED	GENE_SYMBOL
RBM3	ENSG00000102317	RBM3	47.6	EXPRESSED	GENE_SYMBOL
RBM39	ENSG00000131051	RBM39	45.8	EXPRESSED	GENE_SYMBOL
RBM4	ENSG00000173933	RBM4	68.6	EXPRESSED	GENE_SYMBOL
RBM41	ENSG00000089682	RBM41	5.7	EXPRESSED	GENE_SYMBOL
RBM42	ENSG00000126254	RBM42	8.5	EXPRESSED	GENE_SYMBOL
RBM45	ENSG00000155636	RBM45	9.0	EXPRESSED	GENE_SYMBOL
RBM46	ENSG00000151962	RBM46	0.0	NOT_DETECTED	GENE_SYMBOL
RBM48	ENSG00000127993	RBM48	6.0	EXPRESSED	GENE_SYMBOL
RBM5	ENSG00000003756	RBM5	83.9	EXPRESSED	GENE_SYMBOL
RBM7	ENSG00000076053	RBM7	6.3	EXPRESSED	GENE_SYMBOL
RBM8A	ENSG00000265241	RBM8A	41.8	EXPRESSED	GENE_SYMBOL
RBMX	ENSG00000147274	RBMX	75.9	EXPRESSED	GENE_SYMBOL
RBMX2	ENSG00000134597	RBMX2	10.3	EXPRESSED	GENE_SYMBOL
RBP1	ENSG00000114115	RBP1	21.6	EXPRESSED	GENE_SYMBOL
RBP2	ENSG00000114113	RBP2	2.0	EXPRESSED	GENE_SYMBOL
RBP3	ENSG00000265203	RBP3	504.0	EXPRESSED	GENE_SYMBOL
RBP4	ENSG00000138207	RBP4	2.6	EXPRESSED	GENE_SYMBOL
RBP5	ENSG00000139194	RBP5	0.7	EXPRESSED	GENE_SYMBOL
RBPMS	ENSG00000157110	RBPMS	10.2	EXPRESSED	GENE_SYMBOL
RBX1	ENSG00000100387	RBX1	43.0	EXPRESSED	GENE_SYMBOL
RC3H1	ENSG00000135870	RC3H1	7.4	EXPRESSED	GENE_SYMBOL
RC3H2	ENSG00000056586	RC3H2	14.8	EXPRESSED	GENE_SYMBOL
RCBTB1	ENSG00000136144	RCBTB1	45.9	EXPRESSED	GENE_SYMBOL
RCBTB2	ENSG00000136161	RCBTB2	7.7	EXPRESSED	GENE_SYMBOL
RCC1	ENSG00000180198	RCC1	5.7	EXPRESSED	GENE_SYMBOL
RCE1	ENSG00000173653	RCE1	9.3	EXPRESSED	GENE_SYMBOL
RCHY1	ENSG00000163743	RCHY1	13.7	EXPRESSED	GENE_SYMBOL
RCL1	ENSG00000120158	RCL1	3.5	EXPRESSED	GENE_SYMBOL
RCOR1	ENSG00000089902	RCOR1	5.8	EXPRESSED	GENE_SYMBOL
RCVRN	ENSG00000109047	RCVRN	430.9	EXPRESSED	GENE_SYMBOL
RD3	ENSG00000198570	RD3	43.8	EXPRESSED	GENE_SYMBOL
RDH10	ENSG00000121039	RDH10	79.9	EXPRESSED	GENE_SYMBOL
RDH11	ENSG00000072042	RDH11	68.5	EXPRESSED	GENE_SYMBOL
RDH12	ENSG00000139988	RDH12	206.6	EXPRESSED	GENE_SYMBOL
RDH13	ENSG00000160439	RDH13	1.9	EXPRESSED	GENE_SYMBOL
RDH14	ENSG00000240857	RDH14	7.7	EXPRESSED	GENE_SYMBOL
RDH16	ENSG00000139547	RDH16	0.4	EXPRESSED	GENE_SYMBOL
RDH5	ENSG00000135437	RDH5	3.0	EXPRESSED	GENE_SYMBOL
RDH8	ENSG00000080511	RDH8	106.2	EXPRESSED	GENE_SYMBOL
REEP5	ENSG00000129625	REEP5	75.5	EXPRESSED	GENE_SYMBOL
REEP6	ENSG00000115255	REEP6	87.4	EXPRESSED	GENE_SYMBOL
REL	ENSG00000162924	REL	7.9	EXPRESSED	GENE_SYMBOL
RELA	ENSG00000173039	RELA	9.1	EXPRESSED	GENE_SYMBOL
RELB	ENSG00000104856	RELB	0.1	EXPRESSED	GENE_SYMBOL
RETSAT	ENSG00000042445	RETSAT	8.8	EXPRESSED	GENE_SYMBOL
RFK	ENSG00000135002	RFK	13.6	EXPRESSED	GENE_SYMBOL
RFX1	ENSG00000132005	RFX1	1.0	EXPRESSED	GENE_SYMBOL
RFX2	ENSG00000087903	RFX2	1.2	EXPRESSED	GENE_SYMBOL
RFX3	ENSG00000080298	RFX3	8.3	EXPRESSED	GENE_SYMBOL
RFX4	ENSG00000111783	RFX4	0.2	EXPRESSED	GENE_SYMBOL
RGR	ENSG00000148604	RGR	129.0	EXPRESSED	GENE_SYMBOL
RGS1	ENSG00000090104	RGS1	24.6	EXPRESSED	GENE_SYMBOL
RGS10	ENSG00000148908	RGS10	2.4	EXPRESSED	GENE_SYMBOL
RGS11	ENSG00000076344	RGS11	8.3	EXPRESSED	GENE_SYMBOL
RGS12	ENSG00000159788	RGS12	3.5	EXPRESSED	GENE_SYMBOL
RGS13	ENSG00000127074	RGS13	0.0	NOT_DETECTED	GENE_SYMBOL
RGS16	ENSG00000143333	RGS16	56.1	EXPRESSED	GENE_SYMBOL
RGS17	ENSG00000091844	RGS17	1.5	EXPRESSED	GENE_SYMBOL
RGS18	ENSG00000150681	RGS18	0.5	EXPRESSED	GENE_SYMBOL
RGS19	ENSG00000171700	RGS19	0.3	EXPRESSED	GENE_SYMBOL
RGS2	ENSG00000116741	RGS2	34.2	EXPRESSED	GENE_SYMBOL
RGS20	ENSG00000147509	RGS20	4.5	EXPRESSED	GENE_SYMBOL
RGS21	ENSG00000253148	RGS21	0.0	NOT_DETECTED	GENE_SYMBOL
RGS3	ENSG00000138835	RGS3	9.6	EXPRESSED	GENE_SYMBOL
RGS4	ENSG00000117152	RGS4	6.2	EXPRESSED	GENE_SYMBOL
RGS5	ENSG00000143248	RGS5	14.1	EXPRESSED	GENE_SYMBOL
RGS6	ENSG00000182732	RGS6	1.6	EXPRESSED	GENE_SYMBOL
RGS7	ENSG00000182901	RGS7	3.9	EXPRESSED	GENE_SYMBOL
RGS8	ENSG00000135824	RGS8	28.2	EXPRESSED	GENE_SYMBOL
RGS9	ENSG00000108370	RGS9	1.2	EXPRESSED	GENE_SYMBOL
RGS9BP	ENSG00000186326	RGS9BP	16.1	EXPRESSED	GENE_SYMBOL
RHBDD3	ENSG00000100263	RHBDD3	0.9	EXPRESSED	GENE_SYMBOL
RHBG	ENSG00000132677	RHBG	0.0	NOT_DETECTED	GENE_SYMBOL
RHEB	ENSG00000106615	RHEB	99.0	EXPRESSED	GENE_SYMBOL
RHO	ENSG00000163914	RHO	3767.6	EXPRESSED	GENE_SYMBOL
RHOA	ENSG00000067560	RHOA	104.1	EXPRESSED	GENE_SYMBOL
RHOB	ENSG00000143878	RHOB	25.5	EXPRESSED	GENE_SYMBOL
RHOC	ENSG00000155366	RHOC	81.4	EXPRESSED	GENE_SYMBOL
RHOD	ENSG00000173156	RHOD	0.7	EXPRESSED	GENE_SYMBOL
RHOF	ENSG00000139725	RHOF	9.2	EXPRESSED	GENE_SYMBOL
RHOH	ENSG00000168421	RHOH	0.3	EXPRESSED	GENE_SYMBOL
RHOJ	ENSG00000126785	RHOJ	5.1	EXPRESSED	GENE_SYMBOL
RHOQ	ENSG00000119729	RHOQ	25.7	EXPRESSED	GENE_SYMBOL
RIBC2	ENSG00000128408	RIBC2	0.2	EXPRESSED	GENE_SYMBOL
RIC1	ENSG00000107036	RIC1	6.8	EXPRESSED	GENE_SYMBOL
RIC8A	ENSG00000177963	RIC8A	23.0	EXPRESSED	GENE_SYMBOL
RIC8B	ENSG00000111785	RIC8B	11.7	EXPRESSED	GENE_SYMBOL
RIF1	ENSG00000080345	RIF1	7.7	EXPRESSED	GENE_SYMBOL
RILP	ENSG00000167705	RILP	0.4	EXPRESSED	GENE_SYMBOL
RIMKLB	ENSG00000166532	RIMKLB	17.7	EXPRESSED	GENE_SYMBOL
RIMS1	ENSG00000079841	RIMS1	6.8	EXPRESSED	GENE_SYMBOL
RING1	ENSG00000204227	RING1	14.6	EXPRESSED	GENE_SYMBOL
RIPPLY2	ENSG00000203877	RIPPLY2	3.9	EXPRESSED	GENE_SYMBOL
RLBP1	ENSG00000140522	RLBP1	246.4	EXPRESSED	GENE_SYMBOL
RLF	ENSG00000117000	RLF	14.3	EXPRESSED	GENE_SYMBOL
RND1	ENSG00000172602	RND1	1.6	EXPRESSED	GENE_SYMBOL
RNF10	ENSG00000022840	RNF10	70.8	EXPRESSED	GENE_SYMBOL
RNF103-CHMP3	ENSG00000249884	RNF103-CHMP3	0.3	EXPRESSED	GENE_SYMBOL
RNF113A	ENSG00000125352	RNF113A	14.5	EXPRESSED	GENE_SYMBOL
RNF130	ENSG00000113269	RNF130	13.2	EXPRESSED	GENE_SYMBOL
RNF139	ENSG00000170881	RNF139	11.5	EXPRESSED	GENE_SYMBOL
RNF2	ENSG00000121481	RNF2	10.9	EXPRESSED	GENE_SYMBOL
RNF25	ENSG00000163481	RNF25	6.5	EXPRESSED	GENE_SYMBOL
RNF34	ENSG00000170633	RNF34	17.9	EXPRESSED	GENE_SYMBOL
RNF4	ENSG00000063978	RNF4	22.2	EXPRESSED	GENE_SYMBOL
RNF5	ENSG00000204308	RNF5	39.8	EXPRESSED	GENE_SYMBOL
RNPC3	ENSG00000185946	RNPC3	58.9	EXPRESSED	GENE_SYMBOL
RNPS1	ENSG00000205937	RNPS1	43.9	EXPRESSED	GENE_SYMBOL
ROCK1	ENSG00000067900	ROCK1	4.4	EXPRESSED	GENE_SYMBOL
ROCK2	ENSG00000134318	ROCK2	12.8	EXPRESSED	GENE_SYMBOL
ROM1	ENSG00000149489	ROM1	1101.4	EXPRESSED	GENE_SYMBOL
ROPN1L	ENSG00000145491	ROPN1L	0.9	EXPRESSED	GENE_SYMBOL
RORA	ENSG00000069667	RORA	35.0	EXPRESSED	GENE_SYMBOL
RORB	ENSG00000198963	RORB	51.5	EXPRESSED	GENE_SYMBOL
RP1	ENSG00000104237	RP1	218.9	EXPRESSED	GENE_SYMBOL
RP1L1	ENSG00000183638	RP1L1	41.0	EXPRESSED	GENE_SYMBOL
RP2	ENSG00000102218	RP2	3.9	EXPRESSED	GENE_SYMBOL
RP9	ENSG00000164610	RP9	14.0	EXPRESSED	GENE_SYMBOL
RPAP3	ENSG00000005175	RPAP3	10.3	EXPRESSED	GENE_SYMBOL
RPE65	ENSG00000116745	RPE65	7.8	EXPRESSED	GENE_SYMBOL
RPGR	ENSG00000156313	RPGR	11.2	EXPRESSED	GENE_SYMBOL
RPGRIP1	ENSG00000092200	RPGRIP1	171.2	EXPRESSED	GENE_SYMBOL
RPGRIP1L	ENSG00000103494	RPGRIP1L	2.6	EXPRESSED	GENE_SYMBOL
RPIA	ENSG00000153574	RPIA	3.8	EXPRESSED	GENE_SYMBOL
RPL11	ENSG00000142676	RPL11	358.8	EXPRESSED	GENE_SYMBOL
RPL19	ENSG00000108298	RPL19	355.9	EXPRESSED	GENE_SYMBOL
RPL22L1	ENSG00000163584	RPL22L1	7.2	EXPRESSED	GENE_SYMBOL
RPL23	ENSG00000125691	RPL23	474.6	EXPRESSED	GENE_SYMBOL
RPL27	ENSG00000131469	RPL27	365.7	EXPRESSED	GENE_SYMBOL
RPL36AL	ENSG00000165502	RPL36AL	94.4	EXPRESSED	GENE_SYMBOL
RPL5	ENSG00000122406	RPL5	321.1	EXPRESSED	GENE_SYMBOL
RPL6	ENSG00000089009	RPL6	492.8	EXPRESSED	GENE_SYMBOL
RPL7	ENSG00000147604	RPL7	823.5	EXPRESSED	GENE_SYMBOL
RPL7A	ENSG00000148303	RPL7A	220.1	EXPRESSED	GENE_SYMBOL
RPLP1	ENSG00000137818	RPLP1	146.4	EXPRESSED	GENE_SYMBOL
RPN1	ENSG00000163902	RPN1	43.4	EXPRESSED	GENE_SYMBOL
RPN2	ENSG00000118705	RPN2	108.1	EXPRESSED	GENE_SYMBOL
RPP38	ENSG00000152464	RPP38	12.4	EXPRESSED	GENE_SYMBOL
RPS10	ENSG00000124614	RPS10	254.0	EXPRESSED	GENE_SYMBOL
RPS11	ENSG00000142534	RPS11	932.7	EXPRESSED	GENE_SYMBOL
RPS12	ENSG00000112306	RPS12	563.5	EXPRESSED	GENE_SYMBOL
RPS13	ENSG00000110700	RPS13	611.8	EXPRESSED	GENE_SYMBOL
RPS14	ENSG00000164587	RPS14	278.7	EXPRESSED	GENE_SYMBOL
RPS18	ENSG00000231500	RPS18	646.1	EXPRESSED	GENE_SYMBOL
RPS2	ENSG00000140988	RPS2	137.5	EXPRESSED	GENE_SYMBOL
RPS20	ENSG00000008988	RPS20	598.4	EXPRESSED	GENE_SYMBOL
RPS21	ENSG00000171858	RPS21	194.8	EXPRESSED	GENE_SYMBOL
RPS23	ENSG00000186468	RPS23	435.5	EXPRESSED	GENE_SYMBOL
RPS25	ENSG00000118181	RPS25	426.3	EXPRESSED	GENE_SYMBOL
RPS27A	ENSG00000143947	RPS27A	585.2	EXPRESSED	GENE_SYMBOL
RPS27L	ENSG00000185088	RPS27L	29.4	EXPRESSED	GENE_SYMBOL
RPS3	ENSG00000149273	RPS3	326.7	EXPRESSED	GENE_SYMBOL
RPS6KA4	ENSG00000162302	RPS6KA4	2.0	EXPRESSED	GENE_SYMBOL
RPS6KA5	ENSG00000100784	RPS6KA5	2.8	EXPRESSED	GENE_SYMBOL
RPS9	ENSG00000170889	RPS9	73.4	EXPRESSED	GENE_SYMBOL
RRH	ENSG00000180245	RRH	70.0	EXPRESSED	GENE_SYMBOL
RRP1	ENSG00000160214	RRP1	1.6	EXPRESSED	GENE_SYMBOL
RRP1B	ENSG00000160208	RRP1B	26.3	EXPRESSED	GENE_SYMBOL
RRP36	ENSG00000124541	RRP36	15.4	EXPRESSED	GENE_SYMBOL
RRS1	ENSG00000179041	RRS1	4.1	EXPRESSED	GENE_SYMBOL
RS1	ENSG00000102104	RS1	198.0	EXPRESSED	GENE_SYMBOL
RSPH1	ENSG00000160188	RSPH1	11.4	EXPRESSED	GENE_SYMBOL
RSPH4A	ENSG00000111834	RSPH4A	5.6	EXPRESSED	GENE_SYMBOL
RSPH9	ENSG00000172426	RSPH9	0.9	EXPRESSED	GENE_SYMBOL
RSPRY1	ENSG00000159579	RSPRY1	7.9	EXPRESSED	GENE_SYMBOL
RSRC1	ENSG00000174891	RSRC1	10.9	EXPRESSED	GENE_SYMBOL
RTBDN	ENSG00000132026	RTBDN	267.5	EXPRESSED	GENE_SYMBOL
RTCB	ENSG00000100220	RTCB	40.9	EXPRESSED	GENE_SYMBOL
RTN1	ENSG00000139970	RTN1	27.4	EXPRESSED	GENE_SYMBOL
RTN2	ENSG00000125744	RTN2	5.3	EXPRESSED	GENE_SYMBOL
RTN3	ENSG00000133318	RTN3	180.1	EXPRESSED	GENE_SYMBOL
RTN4	ENSG00000115310	RTN4	593.0	EXPRESSED	GENE_SYMBOL
RTP1	ENSG00000175077	RTP1	0.0	NOT_DETECTED	GENE_SYMBOL
RTP2	ENSG00000198471	RTP2	0.0	NOT_DETECTED	GENE_SYMBOL
RTTN	ENSG00000176225	RTTN	3.8	EXPRESSED	GENE_SYMBOL
RUSC1	ENSG00000160753	RUSC1	10.9	EXPRESSED	GENE_SYMBOL
RUSC2	ENSG00000198853	RUSC2	11.3	EXPRESSED	GENE_SYMBOL
RUVBL1	ENSG00000175792	RUVBL1	7.0	EXPRESSED	GENE_SYMBOL
RUVBL2	ENSG00000183207	RUVBL2	13.9	EXPRESSED	GENE_SYMBOL
RXFP4	ENSG00000173080	RXFP4	0.0	NOT_DETECTED	GENE_SYMBOL
RXRG	ENSG00000143171	RXRG	22.5	EXPRESSED	GENE_SYMBOL
RXYLT1	ENSG00000118600	RXYLT1	3.1	EXPRESSED	GENE_SYMBOL
RYBP	ENSG00000163602	RYBP	1.9	EXPRESSED	GENE_SYMBOL
RYR1	ENSG00000196218	RYR1	7.3	EXPRESSED	GENE_SYMBOL
RYR2	ENSG00000198626	RYR2	6.5	EXPRESSED	GENE_SYMBOL
S100A16	ENSG00000188643	S100A16	6.5	EXPRESSED	GENE_SYMBOL
S100B	ENSG00000160307	S100B	13.1	EXPRESSED	GENE_SYMBOL
SAE1	ENSG00000142230	SAE1	10.2	EXPRESSED	GENE_SYMBOL
SAG	ENSG00000130561	SAG	1359.9	EXPRESSED	GENE_SYMBOL
SALL3	ENSG00000256463	SALL3	0.9	EXPRESSED	GENE_SYMBOL
SAMD11	ENSG00000187634	SAMD11	22.8	EXPRESSED	GENE_SYMBOL
SAMD7	ENSG00000187033	SAMD7	124.2	EXPRESSED	GENE_SYMBOL
SAMM50	ENSG00000100347	SAMM50	23.7	EXPRESSED	GENE_SYMBOL
SAP18	ENSG00000150459	SAP18	82.9	EXPRESSED	GENE_SYMBOL
SART1	ENSG00000175467	SART1	7.4	EXPRESSED	GENE_SYMBOL
SART3	ENSG00000075856	SART3	18.8	EXPRESSED	GENE_SYMBOL
SASS6	ENSG00000156876	SASS6	5.3	EXPRESSED	GENE_SYMBOL
SATB1	ENSG00000182568	SATB1	26.8	EXPRESSED	GENE_SYMBOL
SAXO1	ENSG00000155875	SAXO1	0.2	EXPRESSED	GENE_SYMBOL
SBDS	ENSG00000126524	SBDS	73.0	EXPRESSED	GENE_SYMBOL
SC5D	ENSG00000109929	SC5D	27.3	EXPRESSED	GENE_SYMBOL
SCAP	ENSG00000114650	SCAP	25.2	EXPRESSED	GENE_SYMBOL
SCARA3	ENSG00000168077	SCARA3	8.1	EXPRESSED	GENE_SYMBOL
SCARB1	ENSG00000073060	SCARB1	11.2	EXPRESSED	GENE_SYMBOL
SCARB2	ENSG00000138760	SCARB2	44.3	EXPRESSED	GENE_SYMBOL
SCARF1	ENSG00000074660	SCARF1	0.2	EXPRESSED	GENE_SYMBOL
SCD	ENSG00000099194	SCD	16.6	EXPRESSED	GENE_SYMBOL
SCFD1	ENSG00000092108	SCFD1	13.9	EXPRESSED	GENE_SYMBOL
SCIN	ENSG00000006747	SCIN	2.2	EXPRESSED	GENE_SYMBOL
SCLT1	ENSG00000151466	SCLT1	2.7	EXPRESSED	GENE_SYMBOL
SCMH1	ENSG00000010803	SCMH1	18.0	EXPRESSED	GENE_SYMBOL
SCN10A	ENSG00000185313	SCN10A	0.0	NOT_DETECTED	GENE_SYMBOL
SCN3B	ENSG00000166257	SCN3B	9.2	EXPRESSED	GENE_SYMBOL
SCN5A	ENSG00000183873	SCN5A	1.9	EXPRESSED	GENE_SYMBOL
SCNM1	ENSG00000163156	SCNM1	12.7	EXPRESSED	GENE_SYMBOL
SCO1	ENSG00000133028	SCO1	8.6	EXPRESSED	GENE_SYMBOL
SCO2	ENSG00000284194	SCO2	0.1	EXPRESSED	GENE_SYMBOL
SCOC	ENSG00000153130	SCOC	68.9	EXPRESSED	GENE_SYMBOL
SCP2	ENSG00000116171	SCP2	70.9	EXPRESSED	GENE_SYMBOL
SCRIB	ENSG00000180900	SCRIB	0.9	EXPRESSED	GENE_SYMBOL
SCT	ENSG00000070031	SCT	0.2	EXPRESSED	GENE_SYMBOL
SCTR	ENSG00000080293	SCTR	2.2	EXPRESSED	GENE_SYMBOL
SDC1	ENSG00000115884	SDC1	0.6	EXPRESSED	GENE_SYMBOL
SDCCAG8	ENSG00000054282	SDCCAG8	3.4	EXPRESSED	GENE_SYMBOL
SDE2	ENSG00000143751	SDE2	4.7	EXPRESSED	GENE_SYMBOL
SDHA	ENSG00000073578	SDHA	38.7	EXPRESSED	GENE_SYMBOL
SDHB	ENSG00000117118	SDHB	58.3	EXPRESSED	GENE_SYMBOL
SDHC	ENSG00000143252	SDHC	78.1	EXPRESSED	GENE_SYMBOL
SDHD	ENSG00000204370	SDHD	34.6	EXPRESSED	GENE_SYMBOL
SDR16C5	ENSG00000170786	SDR16C5	1.0	EXPRESSED	GENE_SYMBOL
SDR9C7	ENSG00000170426	SDR9C7	0.1	EXPRESSED	GENE_SYMBOL
SDSL	ENSG00000139410	SDSL	2.2	EXPRESSED	GENE_SYMBOL
SEC13	ENSG00000157020	SEC13	19.7	EXPRESSED	GENE_SYMBOL
SEC22C	ENSG00000093183	SEC22C	23.7	EXPRESSED	GENE_SYMBOL
SEC24C	ENSG00000176986	SEC24C	27.0	EXPRESSED	GENE_SYMBOL
SEC61A1	ENSG00000058262	SEC61A1	28.4	EXPRESSED	GENE_SYMBOL
SEC61A2	ENSG00000065665	SEC61A2	17.5	EXPRESSED	GENE_SYMBOL
SEC61B	ENSG00000106803	SEC61B	44.9	EXPRESSED	GENE_SYMBOL
SEC62	ENSG00000008952	SEC62	119.4	EXPRESSED	GENE_SYMBOL
SEC63	ENSG00000025796	SEC63	19.6	EXPRESSED	GENE_SYMBOL
SEH1L	ENSG00000085415	SEH1L	6.0	EXPRESSED	GENE_SYMBOL
SELENON	ENSG00000162430	SELENON	9.9	EXPRESSED	GENE_SYMBOL
SEMA3A	ENSG00000075213	SEMA3A	20.9	EXPRESSED	GENE_SYMBOL
SEMA3B	ENSG00000012171	SEMA3B	1.8	EXPRESSED	GENE_SYMBOL
SEMA3F	ENSG00000001617	SEMA3F	20.5	EXPRESSED	GENE_SYMBOL
SEMA4A	ENSG00000196189	SEMA4A	1.8	EXPRESSED	GENE_SYMBOL
SEMA4B	ENSG00000185033	SEMA4B	25.2	EXPRESSED	GENE_SYMBOL
SEMA4C	ENSG00000168758	SEMA4C	6.6	EXPRESSED	GENE_SYMBOL
SENP1	ENSG00000079387	SENP1	6.0	EXPRESSED	GENE_SYMBOL
SENP3	ENSG00000161956	SENP3	22.9	EXPRESSED	GENE_SYMBOL
SENP6	ENSG00000112701	SENP6	29.1	EXPRESSED	GENE_SYMBOL
SENP7	ENSG00000138468	SENP7	24.0	EXPRESSED	GENE_SYMBOL
SEPTIN2	ENSG00000168385	SEPTIN2	105.6	EXPRESSED	GENE_SYMBOL
SERBP1	ENSG00000142864	SERBP1	44.1	EXPRESSED	GENE_SYMBOL
SERINC1	ENSG00000111897	SERINC1	208.7	EXPRESSED	GENE_SYMBOL
SERPINA3	ENSG00000196136	SERPINA3	122.1	EXPRESSED	GENE_SYMBOL
SERPINA6	ENSG00000170099	SERPINA6	0.0	NOT_DETECTED	GENE_SYMBOL
SERPINF1	ENSG00000132386	SERPINF1	56.9	EXPRESSED	GENE_SYMBOL
SERPINI2	ENSG00000114204	SERPINI2	0.0	NOT_DETECTED	GENE_SYMBOL
SETD4	ENSG00000185917	SETD4	8.9	EXPRESSED	GENE_SYMBOL
SETDB1	ENSG00000143379	SETDB1	11.5	EXPRESSED	GENE_SYMBOL
SETDB2	ENSG00000136169	SETDB2	6.2	EXPRESSED	GENE_SYMBOL
SETX	ENSG00000107290	SETX	12.3	EXPRESSED	GENE_SYMBOL
SF1	ENSG00000168066	SF1	42.0	EXPRESSED	GENE_SYMBOL
SF3A1	ENSG00000099995	SF3A1	33.8	EXPRESSED	GENE_SYMBOL
SF3A2	ENSG00000104897	SF3A2	6.5	EXPRESSED	GENE_SYMBOL
SF3A3	ENSG00000183431	SF3A3	27.7	EXPRESSED	GENE_SYMBOL
SF3B1	ENSG00000115524	SF3B1	128.1	EXPRESSED	GENE_SYMBOL
SF3B2	ENSG00000087365	SF3B2	89.5	EXPRESSED	GENE_SYMBOL
SF3B3	ENSG00000189091	SF3B3	15.1	EXPRESSED	GENE_SYMBOL
SF3B4	ENSG00000143368	SF3B4	19.2	EXPRESSED	GENE_SYMBOL
SF3B5	ENSG00000169976	SF3B5	30.0	EXPRESSED	GENE_SYMBOL
SF3B6	ENSG00000115128	SF3B6	59.6	EXPRESSED	GENE_SYMBOL
SFPQ	ENSG00000116560	SFPQ	43.9	EXPRESSED	GENE_SYMBOL
SFSWAP	ENSG00000061936	SFSWAP	8.6	EXPRESSED	GENE_SYMBOL
SFTA3				UNKNOWN	UNMAPPED
SGCA	ENSG00000108823	SGCA	0.0	NOT_DETECTED	GENE_SYMBOL
SGCB	ENSG00000163069	SGCB	15.4	EXPRESSED	GENE_SYMBOL
SGCD	ENSG00000170624	SGCD	1.5	EXPRESSED	GENE_SYMBOL
SGCG	ENSG00000102683	SGCG	0.3	EXPRESSED	GENE_SYMBOL
SGPP1	ENSG00000126821	SGPP1	3.8	EXPRESSED	GENE_SYMBOL
SGPP2	ENSG00000163082	SGPP2	3.3	EXPRESSED	GENE_SYMBOL
SGSH	ENSG00000181523	SGSH	2.6	EXPRESSED	GENE_SYMBOL
SGTB	ENSG00000197860	SGTB	15.1	EXPRESSED	GENE_SYMBOL
SH2B1	ENSG00000178188	SH2B1	22.7	EXPRESSED	GENE_SYMBOL
SH3BGR	ENSG00000185437	SH3BGR	13.9	EXPRESSED	GENE_SYMBOL
SH3BGRL	ENSG00000131171	SH3BGRL	23.0	EXPRESSED	GENE_SYMBOL
SH3BP5L	ENSG00000175137	SH3BP5L	4.9	EXPRESSED	GENE_SYMBOL
SH3YL1	ENSG00000035115	SH3YL1	9.9	EXPRESSED	GENE_SYMBOL
SHFL	ENSG00000130813	SHFL	13.9	EXPRESSED	GENE_SYMBOL
SHH	ENSG00000164690	SHH	0.2	EXPRESSED	GENE_SYMBOL
SHLD2	ENSG00000122376	SHLD2	14.5	EXPRESSED	GENE_SYMBOL
SHLD3	ENSG00000253251	SHLD3	3.4	EXPRESSED	GENE_SYMBOL
SHMT1	ENSG00000176974	SHMT1	2.6	EXPRESSED	GENE_SYMBOL
SHMT2	ENSG00000182199	SHMT2	12.9	EXPRESSED	GENE_SYMBOL
SI	ENSG00000090402	SI	0.0	NOT_DETECTED	GENE_SYMBOL
SIGLEC1	ENSG00000088827	SIGLEC1	0.3	EXPRESSED	GENE_SYMBOL
SIK2	ENSG00000170145	SIK2	28.4	EXPRESSED	GENE_SYMBOL
SIN3A	ENSG00000169375	SIN3A	15.9	EXPRESSED	GENE_SYMBOL
SIN3B	ENSG00000127511	SIN3B	9.3	EXPRESSED	GENE_SYMBOL
SIPA1L2	ENSG00000116991	SIPA1L2	13.6	EXPRESSED	GENE_SYMBOL
SIRPA	ENSG00000198053	SIRPA	36.9	EXPRESSED	GENE_SYMBOL
SIRT1	ENSG00000096717	SIRT1	12.5	EXPRESSED	GENE_SYMBOL
SIX3	ENSG00000138083	SIX3	23.5	EXPRESSED	GENE_SYMBOL
SIX6	ENSG00000184302	SIX6	6.2	EXPRESSED	GENE_SYMBOL
SKIV2L				UNKNOWN	UNMAPPED
SKP1	ENSG00000113558	SKP1	304.2	EXPRESSED	GENE_SYMBOL
SLC11A2	ENSG00000110911	SLC11A2	21.4	EXPRESSED	GENE_SYMBOL
SLC12A1	ENSG00000074803	SLC12A1	0.2	EXPRESSED	GENE_SYMBOL
SLC12A2	ENSG00000064651	SLC12A2	15.5	EXPRESSED	GENE_SYMBOL
SLC12A3	ENSG00000070915	SLC12A3	0.0	NOT_DETECTED	GENE_SYMBOL
SLC16A3	ENSG00000141526	SLC16A3	5.3	EXPRESSED	GENE_SYMBOL
SLC16A4	ENSG00000168679	SLC16A4	2.1	EXPRESSED	GENE_SYMBOL
SLC16A8	ENSG00000100156	SLC16A8	0.1	EXPRESSED	GENE_SYMBOL
SLC17A8	ENSG00000179520	SLC17A8	1.1	EXPRESSED	GENE_SYMBOL
SLC19A2	ENSG00000117479	SLC19A2	6.9	EXPRESSED	GENE_SYMBOL
SLC1A1	ENSG00000106688	SLC1A1	5.5	EXPRESSED	GENE_SYMBOL
SLC1A2	ENSG00000110436	SLC1A2	55.6	EXPRESSED	GENE_SYMBOL
SLC1A3	ENSG00000079215	SLC1A3	204.7	EXPRESSED	GENE_SYMBOL
SLC1A5	ENSG00000105281	SLC1A5	1.3	EXPRESSED	GENE_SYMBOL
SLC20A1	ENSG00000144136	SLC20A1	48.5	EXPRESSED	GENE_SYMBOL
SLC20A2	ENSG00000168575	SLC20A2	7.0	EXPRESSED	GENE_SYMBOL
SLC22A23	ENSG00000137266	SLC22A23	4.4	EXPRESSED	GENE_SYMBOL
SLC24A1	ENSG00000074621	SLC24A1	179.2	EXPRESSED	GENE_SYMBOL
SLC24A2	ENSG00000155886	SLC24A2	15.2	EXPRESSED	GENE_SYMBOL
SLC25A10	ENSG00000183048	SLC25A10	0.6	EXPRESSED	GENE_SYMBOL
SLC25A11	ENSG00000108528	SLC25A11	21.6	EXPRESSED	GENE_SYMBOL
SLC25A12	ENSG00000115840	SLC25A12	14.7	EXPRESSED	GENE_SYMBOL
SLC25A13	ENSG00000004864	SLC25A13	18.0	EXPRESSED	GENE_SYMBOL
SLC25A18	ENSG00000182902	SLC25A18	1.7	EXPRESSED	GENE_SYMBOL
SLC25A22	ENSG00000177542	SLC25A22	15.0	EXPRESSED	GENE_SYMBOL
SLC25A28	ENSG00000155287	SLC25A28	28.2	EXPRESSED	GENE_SYMBOL
SLC25A3	ENSG00000075415	SLC25A3	154.7	EXPRESSED	GENE_SYMBOL
SLC25A37	ENSG00000147454	SLC25A37	9.5	EXPRESSED	GENE_SYMBOL
SLC25A38	ENSG00000144659	SLC25A38	21.3	EXPRESSED	GENE_SYMBOL
SLC25A4	ENSG00000151729	SLC25A4	18.4	EXPRESSED	GENE_SYMBOL
SLC25A44	ENSG00000160785	SLC25A44	17.0	EXPRESSED	GENE_SYMBOL
SLC25A5	ENSG00000005022	SLC25A5	118.3	EXPRESSED	GENE_SYMBOL
SLC25A6	ENSG00000169100	SLC25A6	100.6	EXPRESSED	GENE_SYMBOL
SLC26A1	ENSG00000145217	SLC26A1	0.6	EXPRESSED	GENE_SYMBOL
SLC26A2	ENSG00000155850	SLC26A2	19.1	EXPRESSED	GENE_SYMBOL
SLC26A3	ENSG00000091138	SLC26A3	0.1	EXPRESSED	GENE_SYMBOL
SLC26A4	ENSG00000091137	SLC26A4	0.1	EXPRESSED	GENE_SYMBOL
SLC26A5	ENSG00000170615	SLC26A5	0.1	EXPRESSED	GENE_SYMBOL
SLC26A6	ENSG00000225697	SLC26A6	3.8	EXPRESSED	GENE_SYMBOL
SLC26A9	ENSG00000174502	SLC26A9	0.0	NOT_DETECTED	GENE_SYMBOL
SLC27A1	ENSG00000130304	SLC27A1	3.8	EXPRESSED	GENE_SYMBOL
SLC27A2	ENSG00000140284	SLC27A2	3.2	EXPRESSED	GENE_SYMBOL
SLC27A3	ENSG00000143554	SLC27A3	0.6	EXPRESSED	GENE_SYMBOL
SLC27A4	ENSG00000167114	SLC27A4	6.3	EXPRESSED	GENE_SYMBOL
SLC27A5	ENSG00000083807	SLC27A5	2.9	EXPRESSED	GENE_SYMBOL
SLC27A6	ENSG00000113396	SLC27A6	6.9	EXPRESSED	GENE_SYMBOL
SLC2A1	ENSG00000117394	SLC2A1	22.9	EXPRESSED	GENE_SYMBOL
SLC2A2	ENSG00000163581	SLC2A2	0.0	NOT_DETECTED	GENE_SYMBOL
SLC2A3	ENSG00000059804	SLC2A3	80.9	EXPRESSED	GENE_SYMBOL
SLC2A4	ENSG00000181856	SLC2A4	0.4	EXPRESSED	GENE_SYMBOL
SLC30A5	ENSG00000145740	SLC30A5	17.1	EXPRESSED	GENE_SYMBOL
SLC30A6	ENSG00000152683	SLC30A6	5.5	EXPRESSED	GENE_SYMBOL
SLC35B1	ENSG00000121073	SLC35B1	15.8	EXPRESSED	GENE_SYMBOL
SLC35C1	ENSG00000181830	SLC35C1	1.5	EXPRESSED	GENE_SYMBOL
SLC36A1	ENSG00000123643	SLC36A1	1.8	EXPRESSED	GENE_SYMBOL
SLC37A3	ENSG00000157800	SLC37A3	10.4	EXPRESSED	GENE_SYMBOL
SLC38A7	ENSG00000103042	SLC38A7	4.4	EXPRESSED	GENE_SYMBOL
SLC38A9	ENSG00000177058	SLC38A9	9.2	EXPRESSED	GENE_SYMBOL
SLC39A8	ENSG00000138821	SLC39A8	0.3	EXPRESSED	GENE_SYMBOL
SLC3A1	ENSG00000138079	SLC3A1	3.1	EXPRESSED	GENE_SYMBOL
SLC3A2	ENSG00000168003	SLC3A2	21.3	EXPRESSED	GENE_SYMBOL
SLC40A1	ENSG00000138449	SLC40A1	27.3	EXPRESSED	GENE_SYMBOL
SLC41A2	ENSG00000136052	SLC41A2	1.5	EXPRESSED	GENE_SYMBOL
SLC44A2	ENSG00000129353	SLC44A2	26.9	EXPRESSED	GENE_SYMBOL
SLC45A1	ENSG00000162426	SLC45A1	1.5	EXPRESSED	GENE_SYMBOL
SLC45A2	ENSG00000164175	SLC45A2	0.4	EXPRESSED	GENE_SYMBOL
SLC46A1	ENSG00000076351	SLC46A1	7.9	EXPRESSED	GENE_SYMBOL
SLC48A1	ENSG00000211584	SLC48A1	10.4	EXPRESSED	GENE_SYMBOL
SLC4A3	ENSG00000114923	SLC4A3	12.1	EXPRESSED	GENE_SYMBOL
SLC4A4	ENSG00000080493	SLC4A4	4.7	EXPRESSED	GENE_SYMBOL
SLC4A7	ENSG00000033867	SLC4A7	67.5	EXPRESSED	GENE_SYMBOL
SLC4A8	ENSG00000050438	SLC4A8	10.3	EXPRESSED	GENE_SYMBOL
SLC5A7	ENSG00000115665	SLC5A7	0.8	EXPRESSED	GENE_SYMBOL
SLC5A8	ENSG00000256870	SLC5A8	0.1	EXPRESSED	GENE_SYMBOL
SLC66A1	ENSG00000040487	SLC66A1	11.2	EXPRESSED	GENE_SYMBOL
SLC6A1	ENSG00000157103	SLC6A1	34.6	EXPRESSED	GENE_SYMBOL
SLC6A11	ENSG00000132164	SLC6A11	10.2	EXPRESSED	GENE_SYMBOL
SLC6A13	ENSG00000010379	SLC6A13	1.0	EXPRESSED	GENE_SYMBOL
SLC7A1	ENSG00000139514	SLC7A1	8.4	EXPRESSED	GENE_SYMBOL
SLC7A10	ENSG00000130876	SLC7A10	0.5	EXPRESSED	GENE_SYMBOL
SLC7A13	ENSG00000164893	SLC7A13	0.0	NOT_DETECTED	GENE_SYMBOL
SLC7A14	ENSG00000013293	SLC7A14	5.7	EXPRESSED	GENE_SYMBOL
SLC7A5	ENSG00000103257	SLC7A5	39.5	EXPRESSED	GENE_SYMBOL
SLC7A6	ENSG00000103064	SLC7A6	4.6	EXPRESSED	GENE_SYMBOL
SLC7A6OS	ENSG00000103061	SLC7A6OS	8.2	EXPRESSED	GENE_SYMBOL
SLC7A7	ENSG00000155465	SLC7A7	0.8	EXPRESSED	GENE_SYMBOL
SLC7A8	ENSG00000092068	SLC7A8	12.9	EXPRESSED	GENE_SYMBOL
SLC7A9	ENSG00000021488	SLC7A9	1.0	EXPRESSED	GENE_SYMBOL
SLC8A1	ENSG00000183023	SLC8A1	10.0	EXPRESSED	GENE_SYMBOL
SLC9A1	ENSG00000090020	SLC9A1	4.2	EXPRESSED	GENE_SYMBOL
SLC9A2	ENSG00000115616	SLC9A2	0.1	EXPRESSED	GENE_SYMBOL
SLC9A3	ENSG00000066230	SLC9A3	1.5	EXPRESSED	GENE_SYMBOL
SLC9A3R1	ENSG00000109062	SLC9A3R1	12.1	EXPRESSED	GENE_SYMBOL
SLC9A4	ENSG00000180251	SLC9A4	0.3	EXPRESSED	GENE_SYMBOL
SLC9A5	ENSG00000135740	SLC9A5	1.1	EXPRESSED	GENE_SYMBOL
SLC9A6	ENSG00000198689	SLC9A6	13.3	EXPRESSED	GENE_SYMBOL
SLC9A8	ENSG00000197818	SLC9A8	3.7	EXPRESSED	GENE_SYMBOL
SLC9C1	ENSG00000172139	SLC9C1	0.0	NOT_DETECTED	GENE_SYMBOL
SLCO6A1	ENSG00000205359	SLCO6A1	0.0	NOT_DETECTED	GENE_SYMBOL
SLTM	ENSG00000137776	SLTM	41.6	EXPRESSED	GENE_SYMBOL
SLU7	ENSG00000164609	SLU7	27.2	EXPRESSED	GENE_SYMBOL
SMAD4	ENSG00000141646	SMAD4	12.6	EXPRESSED	GENE_SYMBOL
SMAD5	ENSG00000113658	SMAD5	14.5	EXPRESSED	GENE_SYMBOL
SMAD6	ENSG00000137834	SMAD6	0.8	EXPRESSED	GENE_SYMBOL
SMARCAL1	ENSG00000138375	SMARCAL1	2.7	EXPRESSED	GENE_SYMBOL
SMARCC2	ENSG00000139613	SMARCC2	36.4	EXPRESSED	GENE_SYMBOL
SMC1A	ENSG00000072501	SMC1A	19.5	EXPRESSED	GENE_SYMBOL
SMC3	ENSG00000108055	SMC3	22.1	EXPRESSED	GENE_SYMBOL
SMCR8	ENSG00000176994	SMCR8	2.5	EXPRESSED	GENE_SYMBOL
SMG6	ENSG00000070366	SMG6	17.2	EXPRESSED	GENE_SYMBOL
SMN1	ENSG00000172062	SMN1	11.2	EXPRESSED	GENE_SYMBOL
SMNDC1	ENSG00000119953	SMNDC1	15.4	EXPRESSED	GENE_SYMBOL
SMO	ENSG00000128602	SMO	1.9	EXPRESSED	GENE_SYMBOL
SMPD1	ENSG00000166311	SMPD1	7.9	EXPRESSED	GENE_SYMBOL
SMU1	ENSG00000122692	SMU1	11.7	EXPRESSED	GENE_SYMBOL
SMURF1	ENSG00000198742	SMURF1	0.7	EXPRESSED	GENE_SYMBOL
SNAP23	ENSG00000092531	SNAP23	11.8	EXPRESSED	GENE_SYMBOL
SNAP25	ENSG00000132639	SNAP25	443.0	EXPRESSED	GENE_SYMBOL
SNAPC4	ENSG00000165684	SNAPC4	1.6	EXPRESSED	GENE_SYMBOL
SNCA	ENSG00000145335	SNCA	18.8	EXPRESSED	GENE_SYMBOL
SNCG	ENSG00000173267	SNCG	49.0	EXPRESSED	GENE_SYMBOL
SND1	ENSG00000197157	SND1	29.8	EXPRESSED	GENE_SYMBOL
SNF8	ENSG00000159210	SNF8	16.9	EXPRESSED	GENE_SYMBOL
SNIP1	ENSG00000163877	SNIP1	3.6	EXPRESSED	GENE_SYMBOL
SNRNP200	ENSG00000144028	SNRNP200	62.7	EXPRESSED	GENE_SYMBOL
SNRNP27	ENSG00000124380	SNRNP27	23.5	EXPRESSED	GENE_SYMBOL
SNRNP35	ENSG00000184209	SNRNP35	17.0	EXPRESSED	GENE_SYMBOL
SNRNP40	ENSG00000060688	SNRNP40	17.7	EXPRESSED	GENE_SYMBOL
SNRNP48	ENSG00000168566	SNRNP48	6.7	EXPRESSED	GENE_SYMBOL
SNRNP70	ENSG00000104852	SNRNP70	17.2	EXPRESSED	GENE_SYMBOL
SNRPA	ENSG00000077312	SNRPA	10.0	EXPRESSED	GENE_SYMBOL
SNRPA1	ENSG00000131876	SNRPA1	14.3	EXPRESSED	GENE_SYMBOL
SNRPB	ENSG00000125835	SNRPB	21.5	EXPRESSED	GENE_SYMBOL
SNRPB2	ENSG00000125870	SNRPB2	10.4	EXPRESSED	GENE_SYMBOL
SNRPC	ENSG00000124562	SNRPC	36.8	EXPRESSED	GENE_SYMBOL
SNRPD1	ENSG00000167088	SNRPD1	30.6	EXPRESSED	GENE_SYMBOL
SNRPD2	ENSG00000125743	SNRPD2	112.0	EXPRESSED	GENE_SYMBOL
SNRPD3	ENSG00000100028	SNRPD3	50.0	EXPRESSED	GENE_SYMBOL
SNRPE	ENSG00000182004	SNRPE	35.0	EXPRESSED	GENE_SYMBOL
SNRPF	ENSG00000139343	SNRPF	58.3	EXPRESSED	GENE_SYMBOL
SNRPG	ENSG00000143977	SNRPG	85.8	EXPRESSED	GENE_SYMBOL
SNRPN	ENSG00000128739	SNRPN	150.2	EXPRESSED	GENE_SYMBOL
SNTG2	ENSG00000172554	SNTG2	1.9	EXPRESSED	GENE_SYMBOL
SNU13	ENSG00000100138	SNU13	79.3	EXPRESSED	GENE_SYMBOL
SNW1	ENSG00000100603	SNW1	40.1	EXPRESSED	GENE_SYMBOL
SNX1	ENSG00000028528	SNX1	25.0	EXPRESSED	GENE_SYMBOL
SNX15	ENSG00000110025	SNX15	5.4	EXPRESSED	GENE_SYMBOL
SNX27	ENSG00000143376	SNX27	14.6	EXPRESSED	GENE_SYMBOL
SNX4	ENSG00000114520	SNX4	8.4	EXPRESSED	GENE_SYMBOL
SOCS1	ENSG00000185338	SOCS1	0.1	EXPRESSED	GENE_SYMBOL
SOCS3	ENSG00000184557	SOCS3	3.9	EXPRESSED	GENE_SYMBOL
SOD1	ENSG00000142168	SOD1	230.3	EXPRESSED	GENE_SYMBOL
SOD2	ENSG00000291237	SOD2	22.5	EXPRESSED	GENE_SYMBOL
SOD2-2				UNKNOWN	UNMAPPED
SORBS1	ENSG00000095637	SORBS1	36.2	EXPRESSED	GENE_SYMBOL
SORD	ENSG00000140263	SORD	4.4	EXPRESSED	GENE_SYMBOL
SOS1	ENSG00000115904	SOS1	14.6	EXPRESSED	GENE_SYMBOL
SOS2	ENSG00000100485	SOS2	12.7	EXPRESSED	GENE_SYMBOL
SOWAHC	ENSG00000198142	SOWAHC	5.1	EXPRESSED	GENE_SYMBOL
SOX2	ENSG00000181449	SOX2	13.9	EXPRESSED	GENE_SYMBOL
SOX4	ENSG00000124766	SOX4	5.9	EXPRESSED	GENE_SYMBOL
SOX7	ENSG00000171056	SOX7	0.3	EXPRESSED	GENE_SYMBOL
SP1	ENSG00000185591	SP1	18.9	EXPRESSED	GENE_SYMBOL
SP100	ENSG00000067066	SP100	2.3	EXPRESSED	GENE_SYMBOL
SP4	ENSG00000105866	SP4	8.3	EXPRESSED	GENE_SYMBOL
SPACA4	ENSG00000177202	SPACA4	0.0	NOT_DETECTED	GENE_SYMBOL
SPACA6	ENSG00000182310	SPACA6	0.1	EXPRESSED	GENE_SYMBOL
SPACA9	ENSG00000165698	SPACA9	7.6	EXPRESSED	GENE_SYMBOL
SPAG1	ENSG00000104450	SPAG1	1.8	EXPRESSED	GENE_SYMBOL
SPAG5	ENSG00000076382	SPAG5	10.0	EXPRESSED	GENE_SYMBOL
SPAG6	ENSG00000077327	SPAG6	5.3	EXPRESSED	GENE_SYMBOL
SPAG8	ENSG00000137098	SPAG8	0.2	EXPRESSED	GENE_SYMBOL
SPAM1	ENSG00000106304	SPAM1	0.0	NOT_DETECTED	GENE_SYMBOL
SPATA17	ENSG00000162814	SPATA17	1.5	EXPRESSED	GENE_SYMBOL
SPATA20	ENSG00000006282	SPATA20	3.0	EXPRESSED	GENE_SYMBOL
SPATA3	ENSG00000173699	SPATA3	0.2	EXPRESSED	GENE_SYMBOL
SPATA4	ENSG00000150628	SPATA4	2.1	EXPRESSED	GENE_SYMBOL
SPATA46	ENSG00000171722	SPATA46	2.2	EXPRESSED	GENE_SYMBOL
SPATA6	ENSG00000132122	SPATA6	12.2	EXPRESSED	GENE_SYMBOL
SPATA7	ENSG00000042317	SPATA7	9.4	EXPRESSED	GENE_SYMBOL
SPEF2	ENSG00000152582	SPEF2	9.5	EXPRESSED	GENE_SYMBOL
SPICE1	ENSG00000163611	SPICE1	7.1	EXPRESSED	GENE_SYMBOL
SPIDR	ENSG00000164808	SPIDR	16.7	EXPRESSED	GENE_SYMBOL
SPIN1	ENSG00000106723	SPIN1	32.2	EXPRESSED	GENE_SYMBOL
SPIN2B	ENSG00000186787	SPIN2B	7.2	EXPRESSED	GENE_SYMBOL
SPNS1	ENSG00000169682	SPNS1	6.0	EXPRESSED	GENE_SYMBOL
SPNS3	ENSG00000182557	SPNS3	0.0	NOT_DETECTED	GENE_SYMBOL
SPOP	ENSG00000121067	SPOP	35.3	EXPRESSED	GENE_SYMBOL
SPOPL	ENSG00000144228	SPOPL	9.1	EXPRESSED	GENE_SYMBOL
SPRYD7	ENSG00000123178	SPRYD7	11.3	EXPRESSED	GENE_SYMBOL
SPSB2	ENSG00000111671	SPSB2	4.0	EXPRESSED	GENE_SYMBOL
SPTA1	ENSG00000163554	SPTA1	0.0	NOT_DETECTED	GENE_SYMBOL
SPTAN1	ENSG00000197694	SPTAN1	99.4	EXPRESSED	GENE_SYMBOL
SPTB	ENSG00000070182	SPTB	1.5	EXPRESSED	GENE_SYMBOL
SPTLC1	ENSG00000090054	SPTLC1	17.1	EXPRESSED	GENE_SYMBOL
SQLE	ENSG00000104549	SQLE	16.5	EXPRESSED	GENE_SYMBOL
SQOR	ENSG00000137767	SQOR	4.5	EXPRESSED	GENE_SYMBOL
SRC	ENSG00000197122	SRC	3.5	EXPRESSED	GENE_SYMBOL
SRD5A2	ENSG00000277893	SRD5A2	0.1	EXPRESSED	GENE_SYMBOL
SRD5A3	ENSG00000128039	SRD5A3	1.4	EXPRESSED	GENE_SYMBOL
SREBF1	ENSG00000072310	SREBF1	3.6	EXPRESSED	GENE_SYMBOL
SREBF2	ENSG00000198911	SREBF2	19.5	EXPRESSED	GENE_SYMBOL
SREK1	ENSG00000153914	SREK1	8.8	EXPRESSED	GENE_SYMBOL
SRGAP2	ENSG00000266028	SRGAP2	8.9	EXPRESSED	GENE_SYMBOL
SRGAP3	ENSG00000196220	SRGAP3	13.7	EXPRESSED	GENE_SYMBOL
SRP19	ENSG00000153037	SRP19	13.5	EXPRESSED	GENE_SYMBOL
SRP54	ENSG00000100883	SRP54	22.5	EXPRESSED	GENE_SYMBOL
SRP68	ENSG00000167881	SRP68	25.9	EXPRESSED	GENE_SYMBOL
SRP9	ENSG00000143742	SRP9	152.8	EXPRESSED	GENE_SYMBOL
SRPK1	ENSG00000096063	SRPK1	23.9	EXPRESSED	GENE_SYMBOL
SRPK2	ENSG00000135250	SRPK2	21.1	EXPRESSED	GENE_SYMBOL
SRPRA	ENSG00000182934	SRPRA	33.7	EXPRESSED	GENE_SYMBOL
SRR	ENSG00000167720	SRR	15.3	EXPRESSED	GENE_SYMBOL
SRRM1	ENSG00000133226	SRRM1	49.3	EXPRESSED	GENE_SYMBOL
SRRM2	ENSG00000167978	SRRM2	67.1	EXPRESSED	GENE_SYMBOL
SRRM3	ENSG00000177679	SRRM3	25.2	EXPRESSED	GENE_SYMBOL
SRRT	ENSG00000087087	SRRT	28.6	EXPRESSED	GENE_SYMBOL
SRSF1	ENSG00000136450	SRSF1	56.0	EXPRESSED	GENE_SYMBOL
SRSF10	ENSG00000188529	SRSF10	43.0	EXPRESSED	GENE_SYMBOL
SRSF11	ENSG00000116754	SRSF11	28.9	EXPRESSED	GENE_SYMBOL
SRSF2	ENSG00000161547	SRSF2	49.5	EXPRESSED	GENE_SYMBOL
SRSF3	ENSG00000112081	SRSF3	41.9	EXPRESSED	GENE_SYMBOL
SRSF4	ENSG00000116350	SRSF4	41.5	EXPRESSED	GENE_SYMBOL
SRSF5	ENSG00000100650	SRSF5	216.4	EXPRESSED	GENE_SYMBOL
SRSF6	ENSG00000124193	SRSF6	35.9	EXPRESSED	GENE_SYMBOL
SRSF7	ENSG00000115875	SRSF7	23.1	EXPRESSED	GENE_SYMBOL
SRSF9	ENSG00000111786	SRSF9	4.2	EXPRESSED	GENE_SYMBOL
SSH3	ENSG00000172830	SSH3	1.1	EXPRESSED	GENE_SYMBOL
SSR4	ENSG00000180879	SSR4	34.4	EXPRESSED	GENE_SYMBOL
SSRP1	ENSG00000149136	SSRP1	33.4	EXPRESSED	GENE_SYMBOL
SSTR2	ENSG00000180616	SSTR2	1.9	EXPRESSED	GENE_SYMBOL
SSTR3	ENSG00000278195	SSTR3	0.2	EXPRESSED	GENE_SYMBOL
SSTR5	ENSG00000162009	SSTR5	0.2	EXPRESSED	GENE_SYMBOL
SSX2IP	ENSG00000117155	SSX2IP	109.9	EXPRESSED	GENE_SYMBOL
ST6GAL2	ENSG00000144057	ST6GAL2	1.8	EXPRESSED	GENE_SYMBOL
STAB1	ENSG00000010327	STAB1	0.6	EXPRESSED	GENE_SYMBOL
STAB2	ENSG00000136011	STAB2	0.3	EXPRESSED	GENE_SYMBOL
STAG2	ENSG00000101972	STAG2	30.1	EXPRESSED	GENE_SYMBOL
STAM	ENSG00000136738	STAM	10.4	EXPRESSED	GENE_SYMBOL
STAM2	ENSG00000115145	STAM2	10.3	EXPRESSED	GENE_SYMBOL
STARD3	ENSG00000131748	STARD3	3.0	EXPRESSED	GENE_SYMBOL
STARD3NL	ENSG00000010270	STARD3NL	24.3	EXPRESSED	GENE_SYMBOL
STARD7	ENSG00000084090	STARD7	50.5	EXPRESSED	GENE_SYMBOL
STARD9	ENSG00000159433	STARD9	12.0	EXPRESSED	GENE_SYMBOL
STAT1	ENSG00000115415	STAT1	19.1	EXPRESSED	GENE_SYMBOL
STAT2	ENSG00000170581	STAT2	5.2	EXPRESSED	GENE_SYMBOL
STAT3	ENSG00000168610	STAT3	27.7	EXPRESSED	GENE_SYMBOL
STATH	ENSG00000126549	STATH	0.0	NOT_DETECTED	GENE_SYMBOL
STAU1	ENSG00000124214	STAU1	33.7	EXPRESSED	GENE_SYMBOL
STBD1	ENSG00000118804	STBD1	3.7	EXPRESSED	GENE_SYMBOL
STEAP3	ENSG00000115107	STEAP3	0.6	EXPRESSED	GENE_SYMBOL
STIL	ENSG00000123473	STIL	0.9	EXPRESSED	GENE_SYMBOL
STK11	ENSG00000118046	STK11	5.3	EXPRESSED	GENE_SYMBOL
STK38L	ENSG00000211455	STK38L	6.1	EXPRESSED	GENE_SYMBOL
STOM	ENSG00000148175	STOM	13.9	EXPRESSED	GENE_SYMBOL
STOML2	ENSG00000165283	STOML2	21.8	EXPRESSED	GENE_SYMBOL
STOML3	ENSG00000133115	STOML3	0.0	NOT_DETECTED	GENE_SYMBOL
STRA6	ENSG00000137868	STRA6	0.0	NOT_DETECTED	GENE_SYMBOL
STRC	ENSG00000242866	STRC	3.3	EXPRESSED	GENE_SYMBOL
STUB1	ENSG00000103266	STUB1	30.8	EXPRESSED	GENE_SYMBOL
STX1A	ENSG00000106089	STX1A	2.3	EXPRESSED	GENE_SYMBOL
STX3	ENSG00000166900	STX3	290.0	EXPRESSED	GENE_SYMBOL
STXBP4	ENSG00000166263	STXBP4	4.2	EXPRESSED	GENE_SYMBOL
SUCLA2	ENSG00000136143	SUCLA2	40.9	EXPRESSED	GENE_SYMBOL
SUCLG1	ENSG00000163541	SUCLG1	35.6	EXPRESSED	GENE_SYMBOL
SUCLG2	ENSG00000172340	SUCLG2	6.7	EXPRESSED	GENE_SYMBOL
SUFU	ENSG00000107882	SUFU	4.3	EXPRESSED	GENE_SYMBOL
SUGCT	ENSG00000175600	SUGCT	1.8	EXPRESSED	GENE_SYMBOL
SUGP1	ENSG00000105705	SUGP1	1.9	EXPRESSED	GENE_SYMBOL
SUGP2	ENSG00000064607	SUGP2	41.8	EXPRESSED	GENE_SYMBOL
SUMF1	ENSG00000144455	SUMF1	3.2	EXPRESSED	GENE_SYMBOL
SUMO1	ENSG00000116030	SUMO1	74.2	EXPRESSED	GENE_SYMBOL
SUMO2	ENSG00000188612	SUMO2	190.7	EXPRESSED	GENE_SYMBOL
SUMO4	ENSG00000177688	SUMO4	0.6	EXPRESSED	GENE_SYMBOL
SUPT16H	ENSG00000092201	SUPT16H	41.1	EXPRESSED	GENE_SYMBOL
SUPT5H	ENSG00000196235	SUPT5H	30.6	EXPRESSED	GENE_SYMBOL
SUPT6H	ENSG00000109111	SUPT6H	27.0	EXPRESSED	GENE_SYMBOL
SV2A	ENSG00000159164	SV2A	35.6	EXPRESSED	GENE_SYMBOL
SWI5	ENSG00000175854	SWI5	20.1	EXPRESSED	GENE_SYMBOL
SYF2	ENSG00000117614	SYF2	27.3	EXPRESSED	GENE_SYMBOL
SYNCRIP	ENSG00000135316	SYNCRIP	22.4	EXPRESSED	GENE_SYMBOL
SYNE1	ENSG00000131018	SYNE1	61.8	EXPRESSED	GENE_SYMBOL
SYNGR1	ENSG00000100321	SYNGR1	67.8	EXPRESSED	GENE_SYMBOL
SYNJ1	ENSG00000159082	SYNJ1	44.8	EXPRESSED	GENE_SYMBOL
SYNJ2	ENSG00000078269	SYNJ2	2.1	EXPRESSED	GENE_SYMBOL
SYNRG	ENSG00000275066	SYNRG	8.5	EXPRESSED	GENE_SYMBOL
SYP	ENSG00000102003	SYP	288.2	EXPRESSED	GENE_SYMBOL
SYS1	ENSG00000204070	SYS1	19.9	EXPRESSED	GENE_SYMBOL
TAAR1	ENSG00000146399	TAAR1	0.0	NOT_DETECTED	GENE_SYMBOL
TAAR5	ENSG00000135569	TAAR5	0.0	NOT_DETECTED	GENE_SYMBOL
TAC1	ENSG00000006128	TAC1	3.2	EXPRESSED	GENE_SYMBOL
TACC1	ENSG00000147526	TACC1	14.2	EXPRESSED	GENE_SYMBOL
TACC3	ENSG00000013810	TACC3	1.6	EXPRESSED	GENE_SYMBOL
TAF1	ENSG00000147133	TAF1	19.0	EXPRESSED	GENE_SYMBOL
TAF4	ENSG00000130699	TAF4	1.4	EXPRESSED	GENE_SYMBOL
TAF4B	ENSG00000141384	TAF4B	0.2	EXPRESSED	GENE_SYMBOL
TAF6	ENSG00000106290	TAF6	9.6	EXPRESSED	GENE_SYMBOL
TAF7	ENSG00000178913	TAF7	89.3	EXPRESSED	GENE_SYMBOL
TAF9	ENSG00000273841	TAF9	39.9	EXPRESSED	GENE_SYMBOL
TALDO1	ENSG00000177156	TALDO1	31.6	EXPRESSED	GENE_SYMBOL
TAPBP	ENSG00000231925	TAPBP	3.4	EXPRESSED	GENE_SYMBOL
TARDBP	ENSG00000120948	TARDBP	110.6	EXPRESSED	GENE_SYMBOL
TAS2R1	ENSG00000169777	TAS2R1	0.2	EXPRESSED	GENE_SYMBOL
TAS2R16	ENSG00000128519	TAS2R16	0.0	NOT_DETECTED	GENE_SYMBOL
TAS2R38	ENSG00000257138	TAS2R38	0.0	NOT_DETECTED	GENE_SYMBOL
TAS2R4	ENSG00000127364	TAS2R4	1.0	EXPRESSED	GENE_SYMBOL
TAT	ENSG00000198650	TAT	0.6	EXPRESSED	GENE_SYMBOL
TAZ				UNKNOWN	UNMAPPED
TBC1D31	ENSG00000156787	TBC1D31	4.5	EXPRESSED	GENE_SYMBOL
TBC1D32	ENSG00000146350	TBC1D32	6.9	EXPRESSED	GENE_SYMBOL
TBCC	ENSG00000124659	TBCC	14.3	EXPRESSED	GENE_SYMBOL
TBCD	ENSG00000141556	TBCD	7.9	EXPRESSED	GENE_SYMBOL
TBCK	ENSG00000145348	TBCK	7.0	EXPRESSED	GENE_SYMBOL
TBK1	ENSG00000183735	TBK1	5.8	EXPRESSED	GENE_SYMBOL
TBL1X	ENSG00000101849	TBL1X	15.3	EXPRESSED	GENE_SYMBOL
TBL1XR1	ENSG00000177565	TBL1XR1	37.8	EXPRESSED	GENE_SYMBOL
TBL1Y	ENSG00000092377	TBL1Y	0.0	NOT_DETECTED	GENE_SYMBOL
TBL2	ENSG00000106638	TBL2	1.0	EXPRESSED	GENE_SYMBOL
TBP	ENSG00000112592	TBP	8.2	EXPRESSED	GENE_SYMBOL
TBX6	ENSG00000149922	TBX6	1.5	EXPRESSED	GENE_SYMBOL
TBXA2R	ENSG00000006638	TBXA2R	0.4	EXPRESSED	GENE_SYMBOL
TCAP	ENSG00000173991	TCAP	1.0	EXPRESSED	GENE_SYMBOL
TCEA1	ENSG00000187735	TCEA1	43.8	EXPRESSED	GENE_SYMBOL
TCEA2	ENSG00000171703	TCEA2	11.2	EXPRESSED	GENE_SYMBOL
TCEA3	ENSG00000204219	TCEA3	3.0	EXPRESSED	GENE_SYMBOL
TCERG1	ENSG00000113649	TCERG1	15.7	EXPRESSED	GENE_SYMBOL
TCERG1L	ENSG00000176769	TCERG1L	5.7	EXPRESSED	GENE_SYMBOL
TCF15	ENSG00000125878	TCF15	0.1	EXPRESSED	GENE_SYMBOL
TCOF1	ENSG00000070814	TCOF1	8.9	EXPRESSED	GENE_SYMBOL
TCP1	ENSG00000120438	TCP1	71.1	EXPRESSED	GENE_SYMBOL
TCTE3				UNKNOWN	UNMAPPED
TCTEX1D1				UNKNOWN	UNMAPPED
TCTEX1D2				UNKNOWN	UNMAPPED
TCTEX1D4				UNKNOWN	UNMAPPED
TCTN1	ENSG00000204852	TCTN1	2.8	EXPRESSED	GENE_SYMBOL
TCTN2	ENSG00000168778	TCTN2	16.3	EXPRESSED	GENE_SYMBOL
TCTN3	ENSG00000119977	TCTN3	20.6	EXPRESSED	GENE_SYMBOL
TDG	ENSG00000139372	TDG	9.7	EXPRESSED	GENE_SYMBOL
TDRD9	ENSG00000156414	TDRD9	2.9	EXPRESSED	GENE_SYMBOL
TECTB	ENSG00000119913	TECTB	0.0	NOT_DETECTED	GENE_SYMBOL
TEKT1	ENSG00000167858	TEKT1	0.1	EXPRESSED	GENE_SYMBOL
TEKT2	ENSG00000092850	TEKT2	0.1	EXPRESSED	GENE_SYMBOL
TEKT3	ENSG00000125409	TEKT3	0.6	EXPRESSED	GENE_SYMBOL
TEKT4	ENSG00000163060	TEKT4	0.0	NOT_DETECTED	GENE_SYMBOL
TELO2	ENSG00000100726	TELO2	1.7	EXPRESSED	GENE_SYMBOL
TENT4A	ENSG00000112941	TENT4A	11.6	EXPRESSED	GENE_SYMBOL
TERT	ENSG00000164362	TERT	0.0	NOT_DETECTED	GENE_SYMBOL
TEX10	ENSG00000136891	TEX10	5.1	EXPRESSED	GENE_SYMBOL
TEX29	ENSG00000153495	TEX29	0.1	EXPRESSED	GENE_SYMBOL
TFAP2A	ENSG00000137203	TFAP2A	7.5	EXPRESSED	GENE_SYMBOL
TFAP4	ENSG00000090447	TFAP4	0.6	EXPRESSED	GENE_SYMBOL
TFEB	ENSG00000112561	TFEB	2.1	EXPRESSED	GENE_SYMBOL
TFIP11	ENSG00000100109	TFIP11	12.4	EXPRESSED	GENE_SYMBOL
TFPI2	ENSG00000105825	TFPI2	47.8	EXPRESSED	GENE_SYMBOL
TFPT	ENSG00000105619	TFPT	4.7	EXPRESSED	GENE_SYMBOL
TFR2	ENSG00000106327	TFR2	0.3	EXPRESSED	GENE_SYMBOL
TFRC	ENSG00000072274	TFRC	27.3	EXPRESSED	GENE_SYMBOL
TGFB1	ENSG00000105329	TGFB1	0.5	EXPRESSED	GENE_SYMBOL
TGFBR1	ENSG00000106799	TGFBR1	4.2	EXPRESSED	GENE_SYMBOL
TGFBR2	ENSG00000163513	TGFBR2	2.0	EXPRESSED	GENE_SYMBOL
TGFBR3	ENSG00000069702	TGFBR3	1.4	EXPRESSED	GENE_SYMBOL
TGM5	ENSG00000104055	TGM5	0.0	NOT_DETECTED	GENE_SYMBOL
TGM7	ENSG00000159495	TGM7	0.0	NOT_DETECTED	GENE_SYMBOL
TH	ENSG00000180176	TH	0.1	EXPRESSED	GENE_SYMBOL
THBS1	ENSG00000137801	THBS1	0.3	EXPRESSED	GENE_SYMBOL
THEM6	ENSG00000130193	THEM6	1.3	EXPRESSED	GENE_SYMBOL
THNSL1	ENSG00000185875	THNSL1	3.8	EXPRESSED	GENE_SYMBOL
THNSL2	ENSG00000144115	THNSL2	6.8	EXPRESSED	GENE_SYMBOL
THOC1	ENSG00000079134	THOC1	5.3	EXPRESSED	GENE_SYMBOL
THOC2	ENSG00000125676	THOC2	32.3	EXPRESSED	GENE_SYMBOL
THRAP3	ENSG00000054118	THRAP3	37.9	EXPRESSED	GENE_SYMBOL
THRB	ENSG00000151090	THRB	18.6	EXPRESSED	GENE_SYMBOL
THRSP	ENSG00000151365	THRSP	1.4	EXPRESSED	GENE_SYMBOL
THUMPD2	ENSG00000138050	THUMPD2	0.4	EXPRESSED	GENE_SYMBOL
THYN1	ENSG00000151500	THYN1	38.3	EXPRESSED	GENE_SYMBOL
TIA1	ENSG00000116001	TIA1	62.9	EXPRESSED	GENE_SYMBOL
TIGAR	ENSG00000078237	TIGAR	2.1	EXPRESSED	GENE_SYMBOL
TIMD4	ENSG00000145850	TIMD4	0.0	NOT_DETECTED	GENE_SYMBOL
TIMM10	ENSG00000134809	TIMM10	14.0	EXPRESSED	GENE_SYMBOL
TIMM13	ENSG00000099800	TIMM13	5.6	EXPRESSED	GENE_SYMBOL
TIMM17A	ENSG00000134375	TIMM17A	30.8	EXPRESSED	GENE_SYMBOL
TIMM17B	ENSG00000126768	TIMM17B	27.4	EXPRESSED	GENE_SYMBOL
TIMM21	ENSG00000075336	TIMM21	13.7	EXPRESSED	GENE_SYMBOL
TIMM22	ENSG00000177370	TIMM22	4.2	EXPRESSED	GENE_SYMBOL
TIMM23	ENSG00000265354	TIMM23	39.7	EXPRESSED	GENE_SYMBOL
TIMM44	ENSG00000104980	TIMM44	3.9	EXPRESSED	GENE_SYMBOL
TIMM50	ENSG00000105197	TIMM50	8.2	EXPRESSED	GENE_SYMBOL
TIMM8A	ENSG00000126953	TIMM8A	4.6	EXPRESSED	GENE_SYMBOL
TIMM8B	ENSG00000150779	TIMM8B	14.5	EXPRESSED	GENE_SYMBOL
TIMM9	ENSG00000100575	TIMM9	26.1	EXPRESSED	GENE_SYMBOL
TIMP2	ENSG00000035862	TIMP2	40.3	EXPRESSED	GENE_SYMBOL
TIMP3	ENSG00000100234	TIMP3	29.4	EXPRESSED	GENE_SYMBOL
TIRAP	ENSG00000150455	TIRAP	2.8	EXPRESSED	GENE_SYMBOL
TJAP1	ENSG00000137221	TJAP1	10.4	EXPRESSED	GENE_SYMBOL
TJP1	ENSG00000104067	TJP1	9.3	EXPRESSED	GENE_SYMBOL
TK1	ENSG00000167900	TK1	0.1	EXPRESSED	GENE_SYMBOL
TKFC	ENSG00000149476	TKFC	5.2	EXPRESSED	GENE_SYMBOL
TKT	ENSG00000163931	TKT	16.8	EXPRESSED	GENE_SYMBOL
TKTL1	ENSG00000007350	TKTL1	2.0	EXPRESSED	GENE_SYMBOL
TKTL2	ENSG00000151005	TKTL2	0.1	EXPRESSED	GENE_SYMBOL
TLR2	ENSG00000137462	TLR2	1.4	EXPRESSED	GENE_SYMBOL
TLR4	ENSG00000136869	TLR4	2.7	EXPRESSED	GENE_SYMBOL
TM4SF1	ENSG00000169908	TM4SF1	5.6	EXPRESSED	GENE_SYMBOL
TM4SF19	ENSG00000145107	TM4SF19	0.4	EXPRESSED	GENE_SYMBOL
TM4SF5	ENSG00000142484	TM4SF5	0.0	NOT_DETECTED	GENE_SYMBOL
TM7SF2	ENSG00000149809	TM7SF2	5.6	EXPRESSED	GENE_SYMBOL
TMC1	ENSG00000165091	TMC1	0.0	NOT_DETECTED	GENE_SYMBOL
TMEM107	ENSG00000179029	TMEM107	27.5	EXPRESSED	GENE_SYMBOL
TMEM119	ENSG00000183160	TMEM119	0.8	EXPRESSED	GENE_SYMBOL
TMEM129	ENSG00000168936	TMEM129	6.0	EXPRESSED	GENE_SYMBOL
TMEM138	ENSG00000149483	TMEM138	52.8	EXPRESSED	GENE_SYMBOL
TMEM17	ENSG00000186889	TMEM17	3.7	EXPRESSED	GENE_SYMBOL
TMEM170A	ENSG00000166822	TMEM170A	13.4	EXPRESSED	GENE_SYMBOL
TMEM19	ENSG00000139291	TMEM19	12.8	EXPRESSED	GENE_SYMBOL
TMEM204	ENSG00000131634	TMEM204	0.5	EXPRESSED	GENE_SYMBOL
TMEM208	ENSG00000168701	TMEM208	12.8	EXPRESSED	GENE_SYMBOL
TMEM214	ENSG00000119777	TMEM214	8.1	EXPRESSED	GENE_SYMBOL
TMEM216	ENSG00000187049	TMEM216	10.8	EXPRESSED	GENE_SYMBOL
TMEM218	ENSG00000150433	TMEM218	6.6	EXPRESSED	GENE_SYMBOL
TMEM231	ENSG00000205084	TMEM231	3.6	EXPRESSED	GENE_SYMBOL
TMEM236	ENSG00000148483	TMEM236	0.2	EXPRESSED	GENE_SYMBOL
TMEM237	ENSG00000155755	TMEM237	71.7	EXPRESSED	GENE_SYMBOL
TMEM254	ENSG00000133678	TMEM254	10.5	EXPRESSED	GENE_SYMBOL
TMEM260	ENSG00000070269	TMEM260	6.4	EXPRESSED	GENE_SYMBOL
TMEM38B	ENSG00000095209	TMEM38B	8.6	EXPRESSED	GENE_SYMBOL
TMEM39B	ENSG00000121775	TMEM39B	0.6	EXPRESSED	GENE_SYMBOL
TMEM59	ENSG00000116209	TMEM59	235.3	EXPRESSED	GENE_SYMBOL
TMEM67	ENSG00000164953	TMEM67	3.0	EXPRESSED	GENE_SYMBOL
TMEM80	ENSG00000177042	TMEM80	8.6	EXPRESSED	GENE_SYMBOL
TMEM82	ENSG00000162460	TMEM82	0.0	NOT_DETECTED	GENE_SYMBOL
TMEM87B	ENSG00000153214	TMEM87B	6.2	EXPRESSED	GENE_SYMBOL
TMEM98	ENSG00000006042	TMEM98	14.6	EXPRESSED	GENE_SYMBOL
TMEM9B	ENSG00000175348	TMEM9B	39.1	EXPRESSED	GENE_SYMBOL
TMIGD2	ENSG00000167664	TMIGD2	0.1	EXPRESSED	GENE_SYMBOL
TMPO	ENSG00000120802	TMPO	19.2	EXPRESSED	GENE_SYMBOL
TMPRSS3	ENSG00000160183	TMPRSS3	3.6	EXPRESSED	GENE_SYMBOL
TMPRSS4	ENSG00000137648	TMPRSS4	0.4	EXPRESSED	GENE_SYMBOL
TMTC1	ENSG00000133687	TMTC1	2.3	EXPRESSED	GENE_SYMBOL
TNF	ENSG00000232810	TNF	0.0	NOT_DETECTED	GENE_SYMBOL
TNFAIP1	ENSG00000109079	TNFAIP1	24.4	EXPRESSED	GENE_SYMBOL
TNFRSF10A	ENSG00000104689	TNFRSF10A	0.2	EXPRESSED	GENE_SYMBOL
TNFRSF10B	ENSG00000120889	TNFRSF10B	1.0	EXPRESSED	GENE_SYMBOL
TNFRSF1A	ENSG00000067182	TNFRSF1A	3.5	EXPRESSED	GENE_SYMBOL
TNFSF13B	ENSG00000102524	TNFSF13B	0.3	EXPRESSED	GENE_SYMBOL
TNK2	ENSG00000061938	TNK2	8.9	EXPRESSED	GENE_SYMBOL
TNKS2	ENSG00000107854	TNKS2	28.9	EXPRESSED	GENE_SYMBOL
TNPO1	ENSG00000083312	TNPO1	74.5	EXPRESSED	GENE_SYMBOL
TOMM20	ENSG00000173726	TOMM20	47.7	EXPRESSED	GENE_SYMBOL
TOMM22	ENSG00000100216	TOMM22	8.0	EXPRESSED	GENE_SYMBOL
TOMM40	ENSG00000130204	TOMM40	16.7	EXPRESSED	GENE_SYMBOL
TOMM5	ENSG00000175768	TOMM5	37.2	EXPRESSED	GENE_SYMBOL
TOMM6	ENSG00000214736	TOMM6	119.3	EXPRESSED	GENE_SYMBOL
TOMM7	ENSG00000196683	TOMM7	374.2	EXPRESSED	GENE_SYMBOL
TOMM70	ENSG00000154174	TOMM70	42.0	EXPRESSED	GENE_SYMBOL
TOP1	ENSG00000198900	TOP1	23.9	EXPRESSED	GENE_SYMBOL
TOP1MT	ENSG00000184428	TOP1MT	1.8	EXPRESSED	GENE_SYMBOL
TOP3B	ENSG00000100038	TOP3B	6.4	EXPRESSED	GENE_SYMBOL
TOPORS	ENSG00000197579	TOPORS	10.6	EXPRESSED	GENE_SYMBOL
TOR1AIP1	ENSG00000143337	TOR1AIP1	23.2	EXPRESSED	GENE_SYMBOL
TOX3	ENSG00000103460	TOX3	16.4	EXPRESSED	GENE_SYMBOL
TP53	ENSG00000141510	TP53	3.8	EXPRESSED	GENE_SYMBOL
TP53BP1	ENSG00000067369	TP53BP1	20.4	EXPRESSED	GENE_SYMBOL
TP53I13	ENSG00000167543	TP53I13	1.4	EXPRESSED	GENE_SYMBOL
TPI1	ENSG00000111669	TPI1	580.2	EXPRESSED	GENE_SYMBOL
TPM1	ENSG00000140416	TPM1	77.7	EXPRESSED	GENE_SYMBOL
TPM3	ENSG00000143549	TPM3	55.9	EXPRESSED	GENE_SYMBOL
TPMT	ENSG00000137364	TPMT	12.1	EXPRESSED	GENE_SYMBOL
TPP1	ENSG00000166340	TPP1	46.1	EXPRESSED	GENE_SYMBOL
TPR	ENSG00000047410	TPR	18.4	EXPRESSED	GENE_SYMBOL
TPRA1	ENSG00000163870	TPRA1	7.4	EXPRESSED	GENE_SYMBOL
TPRX1	ENSG00000178928	TPRX1	1.0	EXPRESSED	GENE_SYMBOL
TRA2A	ENSG00000164548	TRA2A	38.7	EXPRESSED	GENE_SYMBOL
TRA2B	ENSG00000136527	TRA2B	17.1	EXPRESSED	GENE_SYMBOL
TRABD	ENSG00000170638	TRABD	2.9	EXPRESSED	GENE_SYMBOL
TRAF3	ENSG00000131323	TRAF3	2.7	EXPRESSED	GENE_SYMBOL
TRAF3IP1	ENSG00000204104	TRAF3IP1	6.1	EXPRESSED	GENE_SYMBOL
TRAK1	ENSG00000182606	TRAK1	89.7	EXPRESSED	GENE_SYMBOL
TRAP1	ENSG00000126602	TRAP1	20.7	EXPRESSED	GENE_SYMBOL
TRAPPC11	ENSG00000168538	TRAPPC11	12.8	EXPRESSED	GENE_SYMBOL
TRAPPC2	ENSG00000196459	TRAPPC2	9.4	EXPRESSED	GENE_SYMBOL
TRAPPC6B	ENSG00000182400	TRAPPC6B	22.8	EXPRESSED	GENE_SYMBOL
TREH	ENSG00000118094	TREH	0.0	NOT_DETECTED	GENE_SYMBOL
TREM2	ENSG00000095970	TREM2	1.8	EXPRESSED	GENE_SYMBOL
TRHR	ENSG00000174417	TRHR	0.1	EXPRESSED	GENE_SYMBOL
TRIB1	ENSG00000173334	TRIB1	15.1	EXPRESSED	GENE_SYMBOL
TRIM23	ENSG00000113595	TRIM23	13.5	EXPRESSED	GENE_SYMBOL
TRIM24	ENSG00000122779	TRIM24	11.3	EXPRESSED	GENE_SYMBOL
TRIM26	ENSG00000234127	TRIM26	3.9	EXPRESSED	GENE_SYMBOL
TRIM27	ENSG00000204713	TRIM27	0.1	EXPRESSED	GENE_SYMBOL
TRIM28	ENSG00000130726	TRIM28	36.6	EXPRESSED	GENE_SYMBOL
TRIM32	ENSG00000119401	TRIM32	6.7	EXPRESSED	GENE_SYMBOL
TRIM56	ENSG00000169871	TRIM56	1.8	EXPRESSED	GENE_SYMBOL
TRIM66	ENSG00000166436	TRIM66	2.5	EXPRESSED	GENE_SYMBOL
TRIOBP	ENSG00000100106	TRIOBP	4.4	EXPRESSED	GENE_SYMBOL
TRIP10	ENSG00000125733	TRIP10	15.7	EXPRESSED	GENE_SYMBOL
TRIP12	ENSG00000153827	TRIP12	36.7	EXPRESSED	GENE_SYMBOL
TRIP13	ENSG00000071539	TRIP13	0.4	EXPRESSED	GENE_SYMBOL
TRIP4	ENSG00000103671	TRIP4	15.5	EXPRESSED	GENE_SYMBOL
TRIT1	ENSG00000043514	TRIT1	13.6	EXPRESSED	GENE_SYMBOL
TRMT6	ENSG00000089195	TRMT6	3.4	EXPRESSED	GENE_SYMBOL
TRNAU1AP	ENSG00000180098	TRNAU1AP	6.7	EXPRESSED	GENE_SYMBOL
TRNT1	ENSG00000072756	TRNT1	14.3	EXPRESSED	GENE_SYMBOL
TRPA1	ENSG00000104321	TRPA1	0.0	NOT_DETECTED	GENE_SYMBOL
TRPC6	ENSG00000137672	TRPC6	0.3	EXPRESSED	GENE_SYMBOL
TRPM1	ENSG00000134160	TRPM1	16.2	EXPRESSED	GENE_SYMBOL
TRPV1	ENSG00000196689	TRPV1	12.0	EXPRESSED	GENE_SYMBOL
TRRAP	ENSG00000196367	TRRAP	8.0	EXPRESSED	GENE_SYMBOL
TSC1	ENSG00000165699	TSC1	7.7	EXPRESSED	GENE_SYMBOL
TSC22D3	ENSG00000157514	TSC22D3	21.0	EXPRESSED	GENE_SYMBOL
TSFM	ENSG00000123297	TSFM	15.5	EXPRESSED	GENE_SYMBOL
TSG101	ENSG00000074319	TSG101	40.4	EXPRESSED	GENE_SYMBOL
TSPAN1	ENSG00000117472	TSPAN1	0.0	NOT_DETECTED	GENE_SYMBOL
TSPAN12	ENSG00000106025	TSPAN12	1.7	EXPRESSED	GENE_SYMBOL
TSPEAR	ENSG00000175894	TSPEAR	0.5	EXPRESSED	GENE_SYMBOL
TSPY10	ENSG00000236424	TSPY10	0.0	NOT_DETECTED	GENE_SYMBOL
TSSC4	ENSG00000184281	TSSC4	5.5	EXPRESSED	GENE_SYMBOL
TTBK2	ENSG00000128881	TTBK2	16.4	EXPRESSED	GENE_SYMBOL
TTC21A	ENSG00000168026	TTC21A	0.9	EXPRESSED	GENE_SYMBOL
TTC21B	ENSG00000123607	TTC21B	6.9	EXPRESSED	GENE_SYMBOL
TTC25				UNKNOWN	UNMAPPED
TTC26	ENSG00000105948	TTC26	4.3	EXPRESSED	GENE_SYMBOL
TTC27	ENSG00000018699	TTC27	4.9	EXPRESSED	GENE_SYMBOL
TTC29	ENSG00000137473	TTC29	0.0	NOT_DETECTED	GENE_SYMBOL
TTC30A	ENSG00000197557	TTC30A	7.6	EXPRESSED	GENE_SYMBOL
TTC30B	ENSG00000196659	TTC30B	4.8	EXPRESSED	GENE_SYMBOL
TTC5	ENSG00000136319	TTC5	2.1	EXPRESSED	GENE_SYMBOL
TTC8	ENSG00000165533	TTC8	34.7	EXPRESSED	GENE_SYMBOL
TTK	ENSG00000112742	TTK	1.7	EXPRESSED	GENE_SYMBOL
TTL	ENSG00000114999	TTL	1.2	EXPRESSED	GENE_SYMBOL
TTLL1	ENSG00000100271	TTLL1	10.5	EXPRESSED	GENE_SYMBOL
TTLL10	ENSG00000162571	TTLL10	0.0	NOT_DETECTED	GENE_SYMBOL
TTLL11	ENSG00000175764	TTLL11	6.3	EXPRESSED	GENE_SYMBOL
TTLL4	ENSG00000135912	TTLL4	14.1	EXPRESSED	GENE_SYMBOL
TTLL5	ENSG00000119685	TTLL5	22.2	EXPRESSED	GENE_SYMBOL
TTLL6	ENSG00000170703	TTLL6	0.3	EXPRESSED	GENE_SYMBOL
TTLL7	ENSG00000137941	TTLL7	7.6	EXPRESSED	GENE_SYMBOL
TTN	ENSG00000155657	TTN	1.7	EXPRESSED	GENE_SYMBOL
TTR	ENSG00000118271	TTR	74.3	EXPRESSED	GENE_SYMBOL
TUB	ENSG00000166402	TUB	76.5	EXPRESSED	GENE_SYMBOL
TUBA1A	ENSG00000167552	TUBA1A	240.9	EXPRESSED	GENE_SYMBOL
TUBA1B	ENSG00000123416	TUBA1B	605.6	EXPRESSED	GENE_SYMBOL
TUBA1C	ENSG00000167553	TUBA1C	2.5	EXPRESSED	GENE_SYMBOL
TUBA3D	ENSG00000075886	TUBA3D	0.3	EXPRESSED	GENE_SYMBOL
TUBA3E	ENSG00000152086	TUBA3E	0.0	NOT_DETECTED	GENE_SYMBOL
TUBA4A	ENSG00000127824	TUBA4A	44.9	EXPRESSED	GENE_SYMBOL
TUBA8	ENSG00000183785	TUBA8	2.3	EXPRESSED	GENE_SYMBOL
TUBAL3	ENSG00000178462	TUBAL3	0.0	NOT_DETECTED	GENE_SYMBOL
TUBB	ENSG00000196230	TUBB	76.5	EXPRESSED	GENE_SYMBOL
TUBB1	ENSG00000101162	TUBB1	0.2	EXPRESSED	GENE_SYMBOL
TUBB2A	ENSG00000137267	TUBB2A	46.3	EXPRESSED	GENE_SYMBOL
TUBB2B	ENSG00000137285	TUBB2B	60.6	EXPRESSED	GENE_SYMBOL
TUBB3	ENSG00000258947	TUBB3	22.8	EXPRESSED	GENE_SYMBOL
TUBB4A	ENSG00000104833	TUBB4A	21.0	EXPRESSED	GENE_SYMBOL
TUBB4B	ENSG00000188229	TUBB4B	243.1	EXPRESSED	GENE_SYMBOL
TUBB6	ENSG00000176014	TUBB6	3.1	EXPRESSED	GENE_SYMBOL
TUBB8	ENSG00000261456	TUBB8	0.1	EXPRESSED	GENE_SYMBOL
TUBE1	ENSG00000074935	TUBE1	9.4	EXPRESSED	GENE_SYMBOL
TUBG1	ENSG00000131462	TUBG1	9.9	EXPRESSED	GENE_SYMBOL
TUBG2	ENSG00000037042	TUBG2	12.9	EXPRESSED	GENE_SYMBOL
TUBGCP2	ENSG00000130640	TUBGCP2	6.6	EXPRESSED	GENE_SYMBOL
TUBGCP3	ENSG00000126216	TUBGCP3	10.8	EXPRESSED	GENE_SYMBOL
TUBGCP4	ENSG00000137822	TUBGCP4	10.3	EXPRESSED	GENE_SYMBOL
TUBGCP5	ENSG00000275835	TUBGCP5	9.1	EXPRESSED	GENE_SYMBOL
TUBGCP6	ENSG00000128159	TUBGCP6	5.5	EXPRESSED	GENE_SYMBOL
TUFM	ENSG00000178952	TUFM	33.3	EXPRESSED	GENE_SYMBOL
TULP1	ENSG00000112041	TULP1	194.3	EXPRESSED	GENE_SYMBOL
TULP2	ENSG00000104804	TULP2	0.1	EXPRESSED	GENE_SYMBOL
TULP3	ENSG00000078246	TULP3	11.7	EXPRESSED	GENE_SYMBOL
TULP4	ENSG00000130338	TULP4	6.5	EXPRESSED	GENE_SYMBOL
TUT1	ENSG00000149016	TUT1	5.1	EXPRESSED	GENE_SYMBOL
TVP23C	ENSG00000175106	TVP23C	3.8	EXPRESSED	GENE_SYMBOL
TVP23C-CDRT4	ENSG00000259024	TVP23C-CDRT4	13.1	EXPRESSED	GENE_SYMBOL
TXLNB	ENSG00000164440	TXLNB	0.3	EXPRESSED	GENE_SYMBOL
TXN	ENSG00000136810	TXN	42.8	EXPRESSED	GENE_SYMBOL
TXNIP	ENSG00000265972	TXNIP	13.5	EXPRESSED	GENE_SYMBOL
TXNL4A	ENSG00000141759	TXNL4A	33.8	EXPRESSED	GENE_SYMBOL
TXNL4B	ENSG00000140830	TXNL4B	6.2	EXPRESSED	GENE_SYMBOL
TXNRD1	ENSG00000198431	TXNRD1	18.5	EXPRESSED	GENE_SYMBOL
TXNRD2	ENSG00000184470	TXNRD2	4.0	EXPRESSED	GENE_SYMBOL
TXNRD3	ENSG00000197763	TXNRD3	1.8	EXPRESSED	GENE_SYMBOL
TYMS	ENSG00000176890	TYMS	3.9	EXPRESSED	GENE_SYMBOL
TYR	ENSG00000077498	TYR	0.1	EXPRESSED	GENE_SYMBOL
TYRO3	ENSG00000092445	TYRO3	2.4	EXPRESSED	GENE_SYMBOL
U2AF1	ENSG00000160201	U2AF1	68.4	EXPRESSED	GENE_SYMBOL
U2AF1L4	ENSG00000161265	U2AF1L4	4.3	EXPRESSED	GENE_SYMBOL
U2AF2	ENSG00000063244	U2AF2	34.5	EXPRESSED	GENE_SYMBOL
U2SURP	ENSG00000163714	U2SURP	48.0	EXPRESSED	GENE_SYMBOL
UACA	ENSG00000137831	UACA	11.0	EXPRESSED	GENE_SYMBOL
UBA1	ENSG00000130985	UBA1	88.6	EXPRESSED	GENE_SYMBOL
UBA2	ENSG00000126261	UBA2	43.7	EXPRESSED	GENE_SYMBOL
UBA52	ENSG00000221983	UBA52	218.5	EXPRESSED	GENE_SYMBOL
UBA6	ENSG00000033178	UBA6	13.3	EXPRESSED	GENE_SYMBOL
UBAC1	ENSG00000130560	UBAC1	14.1	EXPRESSED	GENE_SYMBOL
UBAP1	ENSG00000165006	UBAP1	41.5	EXPRESSED	GENE_SYMBOL
UBAP1L	ENSG00000246922	UBAP1L	24.5	EXPRESSED	GENE_SYMBOL
UBB	ENSG00000170315	UBB	525.9	EXPRESSED	GENE_SYMBOL
UBC	ENSG00000150991	UBC	902.5	EXPRESSED	GENE_SYMBOL
UBD	ENSG00000213886	UBD	0.0	NOT_DETECTED	GENE_SYMBOL
UBE2C	ENSG00000175063	UBE2C	0.2	EXPRESSED	GENE_SYMBOL
UBE2D1	ENSG00000072401	UBE2D1	5.0	EXPRESSED	GENE_SYMBOL
UBE2D2	ENSG00000131508	UBE2D2	35.9	EXPRESSED	GENE_SYMBOL
UBE2D3	ENSG00000109332	UBE2D3	119.4	EXPRESSED	GENE_SYMBOL
UBE2E1	ENSG00000170142	UBE2E1	67.7	EXPRESSED	GENE_SYMBOL
UBE2E3	ENSG00000170035	UBE2E3	63.4	EXPRESSED	GENE_SYMBOL
UBE2I	ENSG00000103275	UBE2I	29.3	EXPRESSED	GENE_SYMBOL
UBE2S	ENSG00000108106	UBE2S	8.7	EXPRESSED	GENE_SYMBOL
UBIAD1	ENSG00000120942	UBIAD1	7.4	EXPRESSED	GENE_SYMBOL
UBL5	ENSG00000198258	UBL5	254.4	EXPRESSED	GENE_SYMBOL
UBQLN2	ENSG00000188021	UBQLN2	20.6	EXPRESSED	GENE_SYMBOL
UBR4	ENSG00000127481	UBR4	41.3	EXPRESSED	GENE_SYMBOL
UBR5	ENSG00000104517	UBR5	42.1	EXPRESSED	GENE_SYMBOL
UBXN7	ENSG00000163960	UBXN7	16.7	EXPRESSED	GENE_SYMBOL
UEVLD	ENSG00000151116	UEVLD	8.9	EXPRESSED	GENE_SYMBOL
UFD1	ENSG00000070010	UFD1	20.4	EXPRESSED	GENE_SYMBOL
UGP2	ENSG00000169764	UGP2	34.1	EXPRESSED	GENE_SYMBOL
UHMK1	ENSG00000152332	UHMK1	9.7	EXPRESSED	GENE_SYMBOL
UHRF1BP1				UNKNOWN	UNMAPPED
ULK4	ENSG00000168038	ULK4	5.5	EXPRESSED	GENE_SYMBOL
UMPS	ENSG00000114491	UMPS	1.7	EXPRESSED	GENE_SYMBOL
UNC119	ENSG00000109103	UNC119	1084.9	EXPRESSED	GENE_SYMBOL
UNC119B	ENSG00000175970	UNC119B	18.6	EXPRESSED	GENE_SYMBOL
UNC13A	ENSG00000130477	UNC13A	17.1	EXPRESSED	GENE_SYMBOL
UNC5D	ENSG00000156687	UNC5D	4.5	EXPRESSED	GENE_SYMBOL
UNC93A	ENSG00000112494	UNC93A	0.0	NOT_DETECTED	GENE_SYMBOL
UPF1	ENSG00000005007	UPF1	4.0	EXPRESSED	GENE_SYMBOL
UPF3B	ENSG00000125351	UPF3B	17.1	EXPRESSED	GENE_SYMBOL
UPRT	ENSG00000094841	UPRT	5.9	EXPRESSED	GENE_SYMBOL
UQCC1	ENSG00000101019	UQCC1	27.5	EXPRESSED	GENE_SYMBOL
UQCR10	ENSG00000184076	UQCR10	83.6	EXPRESSED	GENE_SYMBOL
UQCRC1	ENSG00000010256	UQCRC1	49.2	EXPRESSED	GENE_SYMBOL
UQCRC2	ENSG00000140740	UQCRC2	131.8	EXPRESSED	GENE_SYMBOL
UQCRFS1	ENSG00000169021	UQCRFS1	24.7	EXPRESSED	GENE_SYMBOL
UQCRQ	ENSG00000164405	UQCRQ	173.6	EXPRESSED	GENE_SYMBOL
URI1	ENSG00000105176	URI1	30.0	EXPRESSED	GENE_SYMBOL
UROD	ENSG00000126088	UROD	22.9	EXPRESSED	GENE_SYMBOL
UROS	ENSG00000188690	UROS	24.3	EXPRESSED	GENE_SYMBOL
USF1	ENSG00000158773	USF1	15.7	EXPRESSED	GENE_SYMBOL
USH1C	ENSG00000006611	USH1C	17.6	EXPRESSED	GENE_SYMBOL
USH1G	ENSG00000182040	USH1G	0.7	EXPRESSED	GENE_SYMBOL
USH2A	ENSG00000042781	USH2A	17.8	EXPRESSED	GENE_SYMBOL
USP10	ENSG00000103194	USP10	48.6	EXPRESSED	GENE_SYMBOL
USP14	ENSG00000101557	USP14	14.4	EXPRESSED	GENE_SYMBOL
USP15	ENSG00000135655	USP15	42.4	EXPRESSED	GENE_SYMBOL
USP16	ENSG00000156256	USP16	39.1	EXPRESSED	GENE_SYMBOL
USP39	ENSG00000168883	USP39	20.4	EXPRESSED	GENE_SYMBOL
USP4	ENSG00000114316	USP4	24.9	EXPRESSED	GENE_SYMBOL
USP45	ENSG00000123552	USP45	6.2	EXPRESSED	GENE_SYMBOL
USP49	ENSG00000164663	USP49	8.3	EXPRESSED	GENE_SYMBOL
USP5	ENSG00000111667	USP5	14.5	EXPRESSED	GENE_SYMBOL
USP7	ENSG00000187555	USP7	20.1	EXPRESSED	GENE_SYMBOL
USP9X	ENSG00000124486	USP9X	27.4	EXPRESSED	GENE_SYMBOL
UTP14A	ENSG00000156697	UTP14A	4.7	EXPRESSED	GENE_SYMBOL
UTP14C	ENSG00000253797	UTP14C	2.2	EXPRESSED	GENE_SYMBOL
UTP25	ENSG00000117597	UTP25	2.2	EXPRESSED	GENE_SYMBOL
UTP6	ENSG00000108651	UTP6	9.4	EXPRESSED	GENE_SYMBOL
UTRN	ENSG00000152818	UTRN	10.6	EXPRESSED	GENE_SYMBOL
VAMP3	ENSG00000049245	VAMP3	24.2	EXPRESSED	GENE_SYMBOL
VANGL1	ENSG00000173218	VANGL1	1.4	EXPRESSED	GENE_SYMBOL
VANGL2	ENSG00000162738	VANGL2	4.0	EXPRESSED	GENE_SYMBOL
VAPB	ENSG00000124164	VAPB	13.3	EXPRESSED	GENE_SYMBOL
VARS1	ENSG00000204394	VARS1	1.2	EXPRESSED	GENE_SYMBOL
VASP	ENSG00000125753	VASP	5.8	EXPRESSED	GENE_SYMBOL
VCP	ENSG00000165280	VCP	24.3	EXPRESSED	GENE_SYMBOL
VDAC1	ENSG00000213585	VDAC1	292.7	EXPRESSED	GENE_SYMBOL
VDAC2	ENSG00000165637	VDAC2	183.9	EXPRESSED	GENE_SYMBOL
VDAC3	ENSG00000078668	VDAC3	114.0	EXPRESSED	GENE_SYMBOL
VEZT	ENSG00000028203	VEZT	10.9	EXPRESSED	GENE_SYMBOL
VIRMA	ENSG00000164944	VIRMA	11.4	EXPRESSED	GENE_SYMBOL
VPS13B	ENSG00000132549	VPS13B	4.6	EXPRESSED	GENE_SYMBOL
VPS16	ENSG00000215305	VPS16	8.7	EXPRESSED	GENE_SYMBOL
VPS25	ENSG00000131475	VPS25	28.9	EXPRESSED	GENE_SYMBOL
VPS26A	ENSG00000122958	VPS26A	18.2	EXPRESSED	GENE_SYMBOL
VPS28	ENSG00000160948	VPS28	0.7	EXPRESSED	GENE_SYMBOL
VPS29	ENSG00000111237	VPS29	92.2	EXPRESSED	GENE_SYMBOL
VPS35	ENSG00000069329	VPS35	3.7	EXPRESSED	GENE_SYMBOL
VPS36	ENSG00000136100	VPS36	39.9	EXPRESSED	GENE_SYMBOL
VPS37A	ENSG00000155975	VPS37A	50.9	EXPRESSED	GENE_SYMBOL
VPS37B	ENSG00000139722	VPS37B	8.6	EXPRESSED	GENE_SYMBOL
VPS37C	ENSG00000167987	VPS37C	21.0	EXPRESSED	GENE_SYMBOL
VPS37D	ENSG00000176428	VPS37D	1.5	EXPRESSED	GENE_SYMBOL
VPS39	ENSG00000166887	VPS39	19.7	EXPRESSED	GENE_SYMBOL
VSIG10L	ENSG00000186806	VSIG10L	0.0	NOT_DETECTED	GENE_SYMBOL
VSNL1	ENSG00000163032	VSNL1	17.2	EXPRESSED	GENE_SYMBOL
VSX1	ENSG00000100987	VSX1	32.9	EXPRESSED	GENE_SYMBOL
VSX2	ENSG00000119614	VSX2	68.4	EXPRESSED	GENE_SYMBOL
VTN	ENSG00000109072	VTN	44.0	EXPRESSED	GENE_SYMBOL
VWA3A	ENSG00000175267	VWA3A	0.3	EXPRESSED	GENE_SYMBOL
VWA3B	ENSG00000168658	VWA3B	0.1	EXPRESSED	GENE_SYMBOL
VWA7	ENSG00000204396	VWA7	0.2	EXPRESSED	GENE_SYMBOL
VWC2	ENSG00000188730	VWC2	1.1	EXPRESSED	GENE_SYMBOL
VWF	ENSG00000110799	VWF	2.7	EXPRESSED	GENE_SYMBOL
WARS1	ENSG00000140105	WARS1	35.0	EXPRESSED	GENE_SYMBOL
WAS	ENSG00000015285	WAS	0.5	EXPRESSED	GENE_SYMBOL
WASL	ENSG00000106299	WASL	23.1	EXPRESSED	GENE_SYMBOL
WBP11	ENSG00000084463	WBP11	19.8	EXPRESSED	GENE_SYMBOL
WBP4	ENSG00000120688	WBP4	15.3	EXPRESSED	GENE_SYMBOL
WDPCP	ENSG00000143951	WDPCP	11.0	EXPRESSED	GENE_SYMBOL
WDR11	ENSG00000120008	WDR11	14.0	EXPRESSED	GENE_SYMBOL
WDR12	ENSG00000138442	WDR12	2.4	EXPRESSED	GENE_SYMBOL
WDR17	ENSG00000150627	WDR17	26.4	EXPRESSED	GENE_SYMBOL
WDR19	ENSG00000157796	WDR19	12.0	EXPRESSED	GENE_SYMBOL
WDR20	ENSG00000140153	WDR20	27.6	EXPRESSED	GENE_SYMBOL
WDR24	ENSG00000127580	WDR24	1.7	EXPRESSED	GENE_SYMBOL
WDR25	ENSG00000176473	WDR25	4.3	EXPRESSED	GENE_SYMBOL
WDR33	ENSG00000136709	WDR33	22.6	EXPRESSED	GENE_SYMBOL
WDR34				UNKNOWN	UNMAPPED
WDR35	ENSG00000118965	WDR35	11.6	EXPRESSED	GENE_SYMBOL
WDR36	ENSG00000134987	WDR36	4.3	EXPRESSED	GENE_SYMBOL
WDR37	ENSG00000047056	WDR37	9.8	EXPRESSED	GENE_SYMBOL
WDR41	ENSG00000164253	WDR41	19.1	EXPRESSED	GENE_SYMBOL
WDR47	ENSG00000085433	WDR47	34.2	EXPRESSED	GENE_SYMBOL
WDR48	ENSG00000114742	WDR48	16.4	EXPRESSED	GENE_SYMBOL
WDR5	ENSG00000196363	WDR5	8.4	EXPRESSED	GENE_SYMBOL
WDR53	ENSG00000185798	WDR53	8.2	EXPRESSED	GENE_SYMBOL
WDR60				UNKNOWN	UNMAPPED
WDR63				UNKNOWN	UNMAPPED
WDR70	ENSG00000082068	WDR70	4.9	EXPRESSED	GENE_SYMBOL
WDR73	ENSG00000177082	WDR73	9.7	EXPRESSED	GENE_SYMBOL
WDR78				UNKNOWN	UNMAPPED
WDR83	ENSG00000123154	WDR83	2.3	EXPRESSED	GENE_SYMBOL
WDR90	ENSG00000161996	WDR90	4.3	EXPRESSED	GENE_SYMBOL
WDR92				UNKNOWN	UNMAPPED
WDR97	ENSG00000179698	WDR97	0.2	EXPRESSED	GENE_SYMBOL
WFDC5	ENSG00000175121	WFDC5	0.0	NOT_DETECTED	GENE_SYMBOL
WFS1	ENSG00000109501	WFS1	7.5	EXPRESSED	GENE_SYMBOL
WHRN	ENSG00000095397	WHRN	20.0	EXPRESSED	GENE_SYMBOL
WIPF2	ENSG00000171475	WIPF2	8.6	EXPRESSED	GENE_SYMBOL
WNT11	ENSG00000085741	WNT11	0.2	EXPRESSED	GENE_SYMBOL
WNT5A	ENSG00000114251	WNT5A	1.1	EXPRESSED	GENE_SYMBOL
WNT5B	ENSG00000111186	WNT5B	5.0	EXPRESSED	GENE_SYMBOL
WRAP73	ENSG00000116213	WRAP73	7.8	EXPRESSED	GENE_SYMBOL
WT1	ENSG00000184937	WT1	0.0	NOT_DETECTED	GENE_SYMBOL
WTIP	ENSG00000142279	WTIP	1.7	EXPRESSED	GENE_SYMBOL
WWOX	ENSG00000186153	WWOX	6.0	EXPRESSED	GENE_SYMBOL
WWP2	ENSG00000198373	WWP2	14.3	EXPRESSED	GENE_SYMBOL
XAB2	ENSG00000076924	XAB2	8.3	EXPRESSED	GENE_SYMBOL
XBP1	ENSG00000100219	XBP1	19.2	EXPRESSED	GENE_SYMBOL
XIRP2	ENSG00000163092	XIRP2	0.0	NOT_DETECTED	GENE_SYMBOL
XPO1	ENSG00000082898	XPO1	48.2	EXPRESSED	GENE_SYMBOL
XRCC5	ENSG00000079246	XRCC5	94.5	EXPRESSED	GENE_SYMBOL
XRCC6	ENSG00000196419	XRCC6	107.5	EXPRESSED	GENE_SYMBOL
XRN2	ENSG00000088930	XRN2	22.9	EXPRESSED	GENE_SYMBOL
XYLB	ENSG00000093217	XYLB	1.9	EXPRESSED	GENE_SYMBOL
YAF2	ENSG00000015153	YAF2	13.1	EXPRESSED	GENE_SYMBOL
YARS1	ENSG00000134684	YARS1	35.2	EXPRESSED	GENE_SYMBOL
YBX1	ENSG00000065978	YBX1	363.3	EXPRESSED	GENE_SYMBOL
YEATS4	ENSG00000127337	YEATS4	18.6	EXPRESSED	GENE_SYMBOL
YIF1A	ENSG00000174851	YIF1A	11.4	EXPRESSED	GENE_SYMBOL
YIPF1	ENSG00000058799	YIPF1	6.7	EXPRESSED	GENE_SYMBOL
YIPF5	ENSG00000145817	YIPF5	19.1	EXPRESSED	GENE_SYMBOL
YJU2	ENSG00000105248	YJU2	7.5	EXPRESSED	GENE_SYMBOL
YTHDC1	ENSG00000083896	YTHDC1	35.7	EXPRESSED	GENE_SYMBOL
YTHDC2	ENSG00000047188	YTHDC2	16.9	EXPRESSED	GENE_SYMBOL
YWHAB	ENSG00000166913	YWHAB	106.4	EXPRESSED	GENE_SYMBOL
YWHAE	ENSG00000108953	YWHAE	204.7	EXPRESSED	GENE_SYMBOL
YWHAG	ENSG00000170027	YWHAG	80.8	EXPRESSED	GENE_SYMBOL
YWHAH	ENSG00000128245	YWHAH	105.6	EXPRESSED	GENE_SYMBOL
YWHAQ	ENSG00000134308	YWHAQ	133.0	EXPRESSED	GENE_SYMBOL
YWHAZ	ENSG00000164924	YWHAZ	264.2	EXPRESSED	GENE_SYMBOL
ZAP70	ENSG00000115085	ZAP70	0.0	NOT_DETECTED	GENE_SYMBOL
ZBTB17	ENSG00000116809	ZBTB17	5.7	EXPRESSED	GENE_SYMBOL
ZBTB46	ENSG00000130584	ZBTB46	3.8	EXPRESSED	GENE_SYMBOL
ZBTB48	ENSG00000204859	ZBTB48	6.4	EXPRESSED	GENE_SYMBOL
ZBTB5	ENSG00000168795	ZBTB5	8.6	EXPRESSED	GENE_SYMBOL
ZBTB7A	ENSG00000178951	ZBTB7A	7.5	EXPRESSED	GENE_SYMBOL
ZBTB9	ENSG00000213588	ZBTB9	1.7	EXPRESSED	GENE_SYMBOL
ZC2HC1C	ENSG00000119703	ZC2HC1C	2.4	EXPRESSED	GENE_SYMBOL
ZC3H13	ENSG00000123200	ZC3H13	14.6	EXPRESSED	GENE_SYMBOL
ZC3H18	ENSG00000158545	ZC3H18	8.4	EXPRESSED	GENE_SYMBOL
ZC3H7B	ENSG00000100403	ZC3H7B	16.6	EXPRESSED	GENE_SYMBOL
ZC3HAV1	ENSG00000105939	ZC3HAV1	2.3	EXPRESSED	GENE_SYMBOL
ZCCHC10	ENSG00000155329	ZCCHC10	14.8	EXPRESSED	GENE_SYMBOL
ZCCHC17	ENSG00000121766	ZCCHC17	35.1	EXPRESSED	GENE_SYMBOL
ZCWPW1	ENSG00000078487	ZCWPW1	2.9	EXPRESSED	GENE_SYMBOL
ZCWPW2	ENSG00000206559	ZCWPW2	1.5	EXPRESSED	GENE_SYMBOL
ZDBF2	ENSG00000204186	ZDBF2	5.1	EXPRESSED	GENE_SYMBOL
ZDHHC2	ENSG00000104219	ZDHHC2	72.0	EXPRESSED	GENE_SYMBOL
ZFHX4	ENSG00000091656	ZFHX4	2.0	EXPRESSED	GENE_SYMBOL
ZFPL1	ENSG00000162300	ZFPL1	7.0	EXPRESSED	GENE_SYMBOL
ZGPAT	ENSG00000197114	ZGPAT	1.3	EXPRESSED	GENE_SYMBOL
ZIC4	ENSG00000174963	ZIC4	4.5	EXPRESSED	GENE_SYMBOL
ZMAT2	ENSG00000146007	ZMAT2	43.4	EXPRESSED	GENE_SYMBOL
ZMPSTE24	ENSG00000084073	ZMPSTE24	10.1	EXPRESSED	GENE_SYMBOL
ZMYM3	ENSG00000147130	ZMYM3	12.4	EXPRESSED	GENE_SYMBOL
ZMYND10	ENSG00000004838	ZMYND10	3.0	EXPRESSED	GENE_SYMBOL
ZNF106	ENSG00000103994	ZNF106	20.3	EXPRESSED	GENE_SYMBOL
ZNF212	ENSG00000170260	ZNF212	4.2	EXPRESSED	GENE_SYMBOL
ZNF214	ENSG00000149050	ZNF214	4.9	EXPRESSED	GENE_SYMBOL
ZNF223	ENSG00000178386	ZNF223	4.1	EXPRESSED	GENE_SYMBOL
ZNF239	ENSG00000196793	ZNF239	1.4	EXPRESSED	GENE_SYMBOL
ZNF292	ENSG00000188994	ZNF292	24.6	EXPRESSED	GENE_SYMBOL
ZNF358	ENSG00000198816	ZNF358	11.0	EXPRESSED	GENE_SYMBOL
ZNF384	ENSG00000126746	ZNF384	27.6	EXPRESSED	GENE_SYMBOL
ZNF408	ENSG00000175213	ZNF408	1.2	EXPRESSED	GENE_SYMBOL
ZNF423	ENSG00000102935	ZNF423	3.4	EXPRESSED	GENE_SYMBOL
ZNF430	ENSG00000118620	ZNF430	2.6	EXPRESSED	GENE_SYMBOL
ZNF440	ENSG00000171295	ZNF440	6.6	EXPRESSED	GENE_SYMBOL
ZNF451	ENSG00000112200	ZNF451	15.9	EXPRESSED	GENE_SYMBOL
ZNF512	ENSG00000243943	ZNF512	24.4	EXPRESSED	GENE_SYMBOL
ZNF513	ENSG00000163795	ZNF513	4.4	EXPRESSED	GENE_SYMBOL
ZNF541	ENSG00000118156	ZNF541	0.5	EXPRESSED	GENE_SYMBOL
ZNF557	ENSG00000130544	ZNF557	1.7	EXPRESSED	GENE_SYMBOL
ZNF574	ENSG00000105732	ZNF574	3.8	EXPRESSED	GENE_SYMBOL
ZNF584	ENSG00000171574	ZNF584	2.5	EXPRESSED	GENE_SYMBOL
ZNF608	ENSG00000168916	ZNF608	20.2	EXPRESSED	GENE_SYMBOL
ZNF638	ENSG00000075292	ZNF638	45.0	EXPRESSED	GENE_SYMBOL
ZNF679	ENSG00000197123	ZNF679	0.0	NOT_DETECTED	GENE_SYMBOL
ZNF740	ENSG00000139651	ZNF740	5.2	EXPRESSED	GENE_SYMBOL
ZNF764	ENSG00000169951	ZNF764	2.6	EXPRESSED	GENE_SYMBOL
ZNF786	ENSG00000197362	ZNF786	1.6	EXPRESSED	GENE_SYMBOL
ZNF821	ENSG00000102984	ZNF821	8.6	EXPRESSED	GENE_SYMBOL
ZNF830	ENSG00000198783	ZNF830	5.9	EXPRESSED	GENE_SYMBOL
ZNF891	ENSG00000214029	ZNF891	4.4	EXPRESSED	GENE_SYMBOL
ZNHIT2	ENSG00000174276	ZNHIT2	0.8	EXPRESSED	GENE_SYMBOL
ZNHIT3	ENSG00000273611	ZNHIT3	18.0	EXPRESSED	GENE_SYMBOL
ZNHIT6	ENSG00000117174	ZNHIT6	3.1	EXPRESSED	GENE_SYMBOL
ZNRF2	ENSG00000180233	ZNRF2	4.4	EXPRESSED	GENE_SYMBOL
ZPR1	ENSG00000109917	ZPR1	5.2	EXPRESSED	GENE_SYMBOL
ZRSR2	ENSG00000169249	ZRSR2	16.0	EXPRESSED	GENE_SYMBOL
ZSCAN26	ENSG00000197062	ZSCAN26	24.7	EXPRESSED	GENE_SYMBOL
ZSWIM2	ENSG00000163012	ZSWIM2	0.0	NOT_DETECTED	GENE_SYMBOL
ZSWIM8	ENSG00000214655	ZSWIM8	25.5	EXPRESSED	GENE_SYMBOL
ZUP1	ENSG00000153975	ZUP1	5.6	EXPRESSED	GENE_SYMBOL
