protein	Gene	Gene name	cone_nCPM	amacrine_nCPM	bipolar_nCPM	ganglion_nCPM	horizontal_nCPM	rpe_nCPM	rod_nCPM	hpa_celltype_mapping_status	rod_expressed	cone_expressed	rpe_expressed	photoreceptor_expressed	primary_retinal_celltype_expressed
AAAS	ENSG00000094914	AAAS	22.8	8.7	11.8	7.7	10.0	4.3	14.2	MAPPED	True	True	True	True	True
AACS	ENSG00000081760	AACS	49.7	39.0	19.1	170.0	16.0	12.8	23.0	MAPPED	True	True	True	True	True
AAMP	ENSG00000127837	AAMP	20.7	18.8	37.1	38.6	48.1	8.5	26.7	MAPPED	True	True	True	True	True
AAR2	ENSG00000131043	AAR2	26.9	7.8	10.7	7.7	16.0	8.5	12.5	MAPPED	True	True	True	True	True
AASDH	ENSG00000157426	AASDH	26.9	37.3	44.0	30.9	76.1	29.8	65.5	MAPPED	True	True	True	True	True
AASS	ENSG00000008311	AASS	43.5	27.6	43.8	19.3	22.0	42.6	10.3	MAPPED	True	True	True	True	True
ABCA1	ENSG00000165029	ABCA1	97.3	0.7	61.6	0.0	4.0	204.6	21.0	MAPPED	True	True	True	True	True
ABCA4	ENSG00000198691	ABCA4	1105.4	16.5	56.1	88.8	34.1	686.3	1897.2	MAPPED	True	True	True	True	True
ABCB10	ENSG00000135776	ABCB10	18.6	35.7	17.9	23.2	28.0	25.6	25.6	MAPPED	True	True	True	True	True
ABCB4	ENSG00000005471	ABCB4	6.2	2.1	0.3	3.9	62.1	0.0	3.2	MAPPED	True	True	False	True	True
ABCB6	ENSG00000115657	ABCB6	0.0	0.0	0.0	0.0	0.0	0.0	0.0	MAPPED	False	False	False	False	False
ABCB7	ENSG00000131269	ABCB7	33.1	47.2	66.7	50.2	86.1	51.2	55.9	MAPPED	True	True	True	True	True
ABCB8	ENSG00000197150	ABCB8	43.5	29.6	38.8	77.3	34.1	21.3	48.8	MAPPED	True	True	True	True	True
ABCF1	ENSG00000204574	ABCF1	16.6	13.5	14.0	0.0	12.0	17.1	29.1	MAPPED	True	True	True	True	True
ABCG2	ENSG00000118777	ABCG2	4.1	0.0	1.0	0.0	0.0	0.0	0.8	MAPPED	True	True	False	True	True
ABCG5	ENSG00000138075	ABCG5	2.1	3.7	2.6	7.7	2.0	0.0	5.0	MAPPED	True	True	False	True	True
ABHD12	ENSG00000100997	ABHD12	43.5	59.0	62.3	46.4	56.1	8.5	48.8	MAPPED	True	True	True	True	True
ABI2	ENSG00000138443	ABI2	159.4	130.5	154.5	77.3	184.3	119.4	177.6	MAPPED	True	True	True	True	True
ABL1	ENSG00000097007	ABL1	142.8	88.8	74.7	38.6	108.2	68.2	117.6	MAPPED	True	True	True	True	True
ABL2	ENSG00000143322	ABL2	229.8	87.5	110.5	54.1	36.1	89.5	121.1	MAPPED	True	True	True	True	True
ABR	ENSG00000159842	ABR	0.0	2.1	7.2	11.6	0.0	12.8	4.6	MAPPED	True	False	True	True	True
ACAA1	ENSG00000060971	ACAA1	8.3	22.8	23.8	23.2	8.0	42.6	8.8	MAPPED	True	True	True	True	True
ACAA2	ENSG00000167315	ACAA2	14.5	0.7	3.2	0.0	0.0	38.4	19.7	MAPPED	True	True	True	True	True
ACAD9	ENSG00000177646	ACAD9	31.1	41.9	41.9	42.5	34.1	0.0	45.3	MAPPED	True	True	False	True	True
ACADM	ENSG00000117054	ACADM	76.6	68.7	80.1	46.4	58.1	63.9	79.3	MAPPED	True	True	True	True	True
ACAN	ENSG00000157766	ACAN	0.0	0.0	0.1	0.0	0.0	0.0	0.9	MAPPED	True	False	False	True	True
ACAT1	ENSG00000075239	ACAT1	45.5	32.5	49.8	46.4	98.2	140.7	53.1	MAPPED	True	True	True	True	True
ACAT2	ENSG00000120437	ACAT2	12.4	25.5	28.5	69.5	18.0	34.1	25.8	MAPPED	True	True	True	True	True
ACE	ENSG00000159640	ACE	0.0	3.5	0.5	3.9	0.0	0.0	0.0	MAPPED	False	False	False	False	False
ACER1	ENSG00000167769	ACER1	0.0	0.0	1.7	3.9	0.0	0.0	0.8	MAPPED	True	False	False	True	True
ACER2	ENSG00000177076	ACER2	215.3	2.9	46.4	15.5	0.0	8.5	42.4	MAPPED	True	True	True	True	True
ACIN1	ENSG00000100813	ACIN1	53.8	74.7	62.9	38.6	70.1	72.5	100.9	MAPPED	True	True	True	True	True
ACKR3	ENSG00000144476	ACKR3	0.0	0.7	3.8	19.3	0.0	12.8	0.0	MAPPED	False	False	True	False	True
ACLY	ENSG00000131473	ACLY	10.4	28.3	13.1	42.5	32.1	17.1	16.9	MAPPED	True	True	True	True	True
ACO1	ENSG00000122729	ACO1	26.9	37.8	30.1	73.4	36.1	59.7	17.1	MAPPED	True	True	True	True	True
ACO2	ENSG00000100412	ACO2	188.4	70.2	100.8	154.5	58.1	93.8	201.0	MAPPED	True	True	True	True	True
ACOX3	ENSG00000087008	ACOX3	101.4	22.2	24.9	30.9	32.1	25.6	47.1	MAPPED	True	True	True	True	True
ACP4	ENSG00000142513	ACP4	0.0	0.0	0.9	0.0	0.0	0.0	0.5	MAPPED	True	False	False	True	True
ACSBG2	ENSG00000130377	ACSBG2	0.0	2.1	7.9	3.9	8.0	0.0	1.8	MAPPED	True	False	False	True	True
ACSL3	ENSG00000123983	ACSL3	188.4	214.2	108.9	421.0	532.9	191.8	72.5	MAPPED	True	True	True	True	True
ACSS1	ENSG00000154930	ACSS1	0.0	0.0	4.2	7.7	0.0	72.5	0.2	MAPPED	True	False	True	True	True
ACSS2	ENSG00000131069	ACSS2	20.7	43.7	11.3	92.7	38.1	12.8	12.6	MAPPED	True	True	True	True	True
ACTB	ENSG00000075624	ACTB	74.5	102.9	75.1	46.4	114.2	605.3	44.2	MAPPED	True	True	True	True	True
ACTN1	ENSG00000072110	ACTN1	366.4	84.4	149.3	19.3	4.0	68.2	155.4	MAPPED	True	True	True	True	True
ACTN2	ENSG00000077522	ACTN2	6.2	53.0	2.7	30.9	0.0	0.0	7.6	MAPPED	True	True	False	True	True
ACTN4	ENSG00000130402	ACTN4	0.0	0.0	0.2	0.0	0.0	0.0	0.4	MAPPED	True	False	False	True	True
ACTR8	ENSG00000113812	ACTR8	2.1	4.6	6.9	3.9	2.0	8.5	6.0	MAPPED	True	True	True	True	True
ADA	ENSG00000196839	ADA	16.6	15.6	11.0	3.9	8.0	0.0	12.0	MAPPED	True	True	False	True	True
ADAM17	ENSG00000151694	ADAM17	115.9	48.3	69.3	61.8	38.1	63.9	111.0	MAPPED	True	True	True	True	True
ADAM9	ENSG00000168615	ADAM9	167.7	37.0	50.1	27.0	26.0	42.6	84.5	MAPPED	True	True	True	True	True
ADAMTS18	ENSG00000140873	ADAMTS18	18.6	72.4	1.1	0.0	0.0	0.0	56.5	MAPPED	True	True	False	True	True
ADAMTS20	ENSG00000173157	ADAMTS20	0.0	13.1	84.7	0.0	2.0	0.0	0.8	MAPPED	True	False	False	True	True
ADCK1	ENSG00000063761	ADCK1	62.1	13.7	12.7	7.7	16.0	34.1	35.4	MAPPED	True	True	True	True	True
ADCK2	ENSG00000133597	ADCK2	6.2	5.9	3.6	0.0	4.0	4.3	5.5	MAPPED	True	True	True	True	True
ADCK5	ENSG00000173137	ADCK5	2.1	4.1	1.3	3.9	4.0	4.3	1.4	MAPPED	True	True	True	True	True
ADCY1	ENSG00000164742	ADCY1	598.3	172.9	52.4	69.5	84.1	0.0	387.4	MAPPED	True	True	False	True	True
ADCY10	ENSG00000143199	ADCY10	2.1	3.2	1.4	0.0	0.0	0.0	2.2	MAPPED	True	True	False	True	True
ADCY2	ENSG00000078295	ADCY2	399.5	220.0	192.3	69.5	1071.8	0.0	3.8	MAPPED	True	True	False	True	True
ADCY3	ENSG00000138031	ADCY3	0.0	28.9	4.1	158.4	4.0	0.0	2.3	MAPPED	True	False	False	True	True
ADCY4	ENSG00000129467	ADCY4	0.0	0.0	0.0	0.0	0.0	0.0	0.0	MAPPED	False	False	False	False	False
ADCY5	ENSG00000173175	ADCY5	2.1	67.7	50.1	19.3	0.0	0.0	0.8	MAPPED	True	True	False	True	True
ADCY6	ENSG00000174233	ADCY6	20.7	25.8	11.0	15.5	24.0	12.8	9.2	MAPPED	True	True	True	True	True
ADCY7	ENSG00000121281	ADCY7	6.2	1.4	2.7	0.0	0.0	0.0	1.1	MAPPED	True	True	False	True	True
ADCY8	ENSG00000155897	ADCY8	0.0	449.8	19.5	224.0	0.0	0.0	1.6	MAPPED	True	False	False	True	True
ADCY9	ENSG00000162104	ADCY9	147.0	124.0	64.2	108.2	24.0	51.2	76.9	MAPPED	True	True	True	True	True
ADD3	ENSG00000148700	ADD3	109.7	58.6	37.2	77.3	254.4	144.9	362.6	MAPPED	True	True	True	True	True
ADGRB1	ENSG00000181790	ADGRB1	0.0	14.8	14.3	0.0	84.1	0.0	0.3	MAPPED	True	False	False	True	True
ADGRD1	ENSG00000111452	ADGRD1	0.0	0.8	0.8	0.0	0.0	0.0	6.5	MAPPED	True	False	False	True	True
ADGRL1	ENSG00000072071	ADGRL1	0.0	0.7	0.4	0.0	0.0	0.0	0.3	MAPPED	True	False	False	True	True
ADGRL2	ENSG00000117114	ADGRL2	107.6	85.3	1615.7	166.1	256.4	12.8	53.5	MAPPED	True	True	True	True	True
ADGRL3	ENSG00000150471	ADGRL3	35.2	1083.7	45.5	305.2	12.0	0.0	5.5	MAPPED	True	True	False	True	True
ADGRV1	ENSG00000164199	ADGRV1	931.6	60.7	176.3	69.5	42.1	25.6	467.7	MAPPED	True	True	True	True	True
ADH1A	ENSG00000187758	ADH1A	0.0	0.0	0.0	0.0	0.0	0.0	0.0	MAPPED	False	False	False	False	False
ADH1B	ENSG00000196616	ADH1B	0.0	0.0	0.0	0.0	2.0	0.0	0.0	MAPPED	False	False	False	False	False
ADH1C	ENSG00000248144	ADH1C	0.0	0.0	0.0	0.0	0.0	0.0	0.0	MAPPED	False	False	False	False	False
ADH4	ENSG00000198099	ADH4	0.0	0.7	0.0	0.0	0.0	0.0	0.8	MAPPED	True	False	False	True	True
ADH5	ENSG00000197894	ADH5	12.4	17.4	19.6	3.9	26.0	110.8	24.6	MAPPED	True	True	True	True	True
ADH6	ENSG00000172955	ADH6	0.0	0.0	0.5	0.0	6.0	0.0	0.5	MAPPED	True	False	False	True	True
ADH7	ENSG00000196344	ADH7	0.0	0.0	0.0	0.0	0.0	0.0	0.0	MAPPED	False	False	False	False	False
ADK	ENSG00000156110	ADK	612.8	223.6	194.5	479.0	208.4	179.0	339.5	MAPPED	True	True	True	True	True
ADORA2A	ENSG00000128271	ADORA2A	0.0	0.0	0.0	0.0	0.0	0.0	0.0	MAPPED	False	False	False	False	False
ADPGK	ENSG00000159322	ADPGK	41.4	22.7	18.5	7.7	20.0	110.8	26.4	MAPPED	True	True	True	True	True
ADRA1A	ENSG00000120907	ADRA1A	0.0	21.4	0.2	0.0	0.0	0.0	1.2	MAPPED	True	False	False	True	True
ADRA1B	ENSG00000170214	ADRA1B	0.0	20.7	22.3	3.9	18.0	0.0	0.6	MAPPED	True	False	False	True	True
ADRA1D	ENSG00000171873	ADRA1D	0.0	0.0	0.8	0.0	0.0	0.0	0.0	MAPPED	False	False	False	False	False
ADRA2A	ENSG00000150594	ADRA2A	0.0	0.0	0.0	0.0	0.0	0.0	0.1	MAPPED	True	False	False	True	True
ADRA2B	ENSG00000274286	ADRA2B	0.0	0.0	0.0	0.0	0.0	8.5	0.0	MAPPED	False	False	True	False	True
ADRB1	ENSG00000043591	ADRB1	0.0	6.2	18.0	3.9	2.0	0.0	0.4	MAPPED	True	False	False	True	True
ADRB2	ENSG00000169252	ADRB2	0.0	0.7	0.0	3.9	0.0	0.0	1.5	MAPPED	True	False	False	True	True
ADRB3	ENSG00000188778	ADRB3	0.0	0.0	0.0	0.0	0.0	0.0	0.0	MAPPED	False	False	False	False	False
ADRM1	ENSG00000130706	ADRM1	14.5	14.2	18.5	19.3	22.0	25.6	15.4	MAPPED	True	True	True	True	True
ADSL	ENSG00000239900	ADSL	0.0	0.7	0.3	0.0	2.0	4.3	1.1	MAPPED	True	False	True	True	True
ADSS1	ENSG00000185100	ADSS1	0.0	6.2	0.7	0.0	0.0	4.3	0.1	MAPPED	True	False	True	True	True
ADSS2	ENSG00000035687	ADSS2	6.2	28.8	16.0	30.9	14.0	25.6	16.7	MAPPED	True	True	True	True	True
AFF1	ENSG00000172493	AFF1	1283.5	164.5	212.6	212.5	68.1	328.2	778.5	MAPPED	True	True	True	True	True
AFF4	ENSG00000072364	AFF4	281.5	159.2	171.1	170.0	182.3	119.4	380.9	MAPPED	True	True	True	True	True
AGA	ENSG00000038002	AGA	4.1	2.1	4.3	3.9	6.0	72.5	5.3	MAPPED	True	True	True	True	True
AGBL4	ENSG00000186094	AGBL4	2521.4	193.3	151.1	529.2	180.3	93.8	1201.3	MAPPED	True	True	True	True	True
AGBL5	ENSG00000084693	AGBL5	24.8	16.2	29.5	42.5	18.0	4.3	39.6	MAPPED	True	True	True	True	True
AGGF1	ENSG00000164252	AGGF1	0.0	0.0	2.2	0.0	0.0	0.0	2.4	MAPPED	True	False	False	True	True
AGK	ENSG00000006530	AGK	12.4	34.5	28.1	11.6	24.0	29.8	42.4	MAPPED	True	True	True	True	True
AGL	ENSG00000162688	AGL	72.5	45.6	43.6	50.2	66.1	55.4	71.1	MAPPED	True	True	True	True	True
AGPAT1	ENSG00000204310	AGPAT1	0.0	0.0	0.4	0.0	2.0	0.0	0.2	MAPPED	True	False	False	True	True
AGPS	ENSG00000018510	AGPS	26.9	66.4	43.2	57.9	52.1	29.8	45.9	MAPPED	True	True	True	True	True
AGRN	ENSG00000188157	AGRN	0.0	0.0	0.1	0.0	0.0	0.0	0.8	MAPPED	True	False	False	True	True
AGT	ENSG00000135744	AGT	18.6	0.7	1.7	0.0	2.0	0.0	27.0	MAPPED	True	True	False	True	True
AGTR1	ENSG00000144891	AGTR1	0.0	0.0	0.2	0.0	0.0	0.0	0.2	MAPPED	True	False	False	True	True
AGTR2	ENSG00000180772	AGTR2	0.0	0.0	0.0	0.0	0.0	0.0	0.0	MAPPED	False	False	False	False	False
AGTRAP	ENSG00000177674	AGTRAP	20.7	0.7	1.1	0.0	2.0	8.5	4.0	MAPPED	True	True	True	True	True
AGXT	ENSG00000172482	AGXT	0.0	0.0	0.0	0.0	0.0	0.0	0.0	MAPPED	False	False	False	False	False
AHCY	ENSG00000101444	AHCY	18.6	4.2	9.9	7.7	12.0	0.0	11.7	MAPPED	True	True	False	True	True
AHCYL1	ENSG00000168710	AHCYL1	182.2	39.6	51.7	15.5	62.1	89.5	109.0	MAPPED	True	True	True	True	True
AHI1	ENSG00000135541	AHI1	1511.2	527.3	360.5	575.6	689.2	68.2	2047.6	MAPPED	True	True	True	True	True
AHR	ENSG00000106546	AHR	24.8	3.5	119.6	0.0	18.0	0.0	25.1	MAPPED	True	True	False	True	True
AIF1	ENSG00000204472	AIF1	0.0	0.0	0.0	0.0	0.0	4.3	0.2	MAPPED	True	False	True	True	True
AIFM1	ENSG00000156709	AIFM1	41.4	23.6	18.5	15.5	16.0	55.4	73.6	MAPPED	True	True	True	True	True
AIP	ENSG00000110711	AIP	12.4	7.7	22.1	7.7	30.1	34.1	15.8	MAPPED	True	True	True	True	True
AIPL1	ENSG00000129221	AIPL1	515.5	13.4	35.3	42.5	24.0	12.8	2243.6	MAPPED	True	True	True	True	True
AIRE	ENSG00000160224	AIRE	0.0	0.7	0.2	0.0	0.0	0.0	0.0	MAPPED	False	False	False	False	False
AK9	ENSG00000155085	AK9	26.9	33.6	34.9	38.6	36.1	12.8	78.5	MAPPED	True	True	True	True	True
AKAP12	ENSG00000131016	AKAP12	2.1	102.4	6.7	571.7	0.0	42.6	8.3	MAPPED	True	True	True	True	True
AKAP13	ENSG00000170776	AKAP13	136.6	121.1	40.1	100.4	10.0	38.4	54.1	MAPPED	True	True	True	True	True
AKAP7	ENSG00000118507	AKAP7	53.8	61.6	42.2	112.0	38.1	4.3	22.3	MAPPED	True	True	True	True	True
AKAP9	ENSG00000127914	AKAP9	1923.1	216.2	278.5	293.6	364.6	251.5	1210.0	MAPPED	True	True	True	True	True
AKIRIN1	ENSG00000174574	AKIRIN1	51.8	37.6	42.7	15.5	60.1	68.2	54.2	MAPPED	True	True	True	True	True
AKIRIN2	ENSG00000135334	AKIRIN2	49.7	10.3	25.3	11.6	30.1	29.8	36.1	MAPPED	True	True	True	True	True
AKNAD1	ENSG00000162641	AKNAD1	6.2	2.1	10.2	3.9	6.0	0.0	1.3	MAPPED	True	True	False	True	True
AKR1B1	ENSG00000085662	AKR1B1	8.3	7.1	23.1	7.7	44.1	21.3	12.8	MAPPED	True	True	True	True	True
AKR1B10	ENSG00000198074	AKR1B10	0.0	0.0	0.0	0.0	0.0	0.0	0.0	MAPPED	False	False	False	False	False
AKT1	ENSG00000142208	AKT1	4.1	28.1	15.8	7.7	32.1	21.3	12.0	MAPPED	True	True	True	True	True
AKT2	ENSG00000105221	AKT2	20.7	59.5	54.4	57.9	54.1	85.3	65.1	MAPPED	True	True	True	True	True
AKT3	ENSG00000117020	AKT3	4.1	5.2	6.8	0.0	10.0	0.0	8.0	MAPPED	True	True	False	True	True
ALAD	ENSG00000148218	ALAD	22.8	17.0	14.8	7.7	4.0	51.2	23.6	MAPPED	True	True	True	True	True
ALAS1	ENSG00000023330	ALAS1	8.3	10.1	13.5	3.9	16.0	46.9	10.1	MAPPED	True	True	True	True	True
ALAS2	ENSG00000158578	ALAS2	0.0	0.0	0.0	0.0	0.0	0.0	0.1	MAPPED	True	False	False	True	True
ALB	ENSG00000163631	ALB	0.0	1.1	0.0	0.0	0.0	8.5	0.0	MAPPED	False	False	True	False	True
ALDH18A1	ENSG00000059573	ALDH18A1	10.4	24.8	13.1	15.5	18.0	29.8	12.3	MAPPED	True	True	True	True	True
ALDH1A1	ENSG00000165092	ALDH1A1	0.0	2.8	0.7	3.9	0.0	0.0	1.2	MAPPED	True	False	False	True	True
ALDH1A2	ENSG00000128918	ALDH1A2	16.6	3.4	1.9	11.6	0.0	0.0	2.6	MAPPED	True	True	False	True	True
ALDH1A3	ENSG00000184254	ALDH1A3	0.0	2.1	0.1	0.0	0.0	315.5	0.3	MAPPED	True	False	True	True	True
ALDH5A1	ENSG00000112294	ALDH5A1	35.2	31.2	21.8	19.3	10.0	8.5	14.3	MAPPED	True	True	True	True	True
ALDH7A1	ENSG00000164904	ALDH7A1	20.7	40.5	56.7	34.8	58.1	127.9	29.1	MAPPED	True	True	True	True	True
ALDH8A1	ENSG00000118514	ALDH8A1	14.5	11.5	6.8	11.6	6.0	4.3	3.9	MAPPED	True	True	True	True	True
ALDOA	ENSG00000149925	ALDOA	0.0	0.0	0.7	0.0	0.0	0.0	0.5	MAPPED	True	False	False	True	True
ALDOB	ENSG00000136872	ALDOB	0.0	0.8	1.9	3.9	2.0	0.0	0.7	MAPPED	True	False	False	True	True
ALDOC	ENSG00000109107	ALDOC	0.0	0.0	0.8	0.0	2.0	4.3	8.7	MAPPED	True	False	True	True	True
ALG1	ENSG00000033011	ALG1	93.2	9.4	14.2	3.9	14.0	21.3	15.1	MAPPED	True	True	True	True	True
ALG11	ENSG00000253710	ALG11	14.5	23.9	26.1	15.5	26.0	34.1	23.6	MAPPED	True	True	True	True	True
ALG12	ENSG00000182858	ALG12	10.4	9.1	9.6	15.5	10.0	4.3	12.5	MAPPED	True	True	True	True	True
ALG13	ENSG00000101901	ALG13	24.8	34.2	62.9	30.9	36.1	46.9	49.6	MAPPED	True	True	True	True	True
ALG14	ENSG00000172339	ALG14	33.1	20.5	50.8	34.8	26.0	29.8	39.3	MAPPED	True	True	True	True	True
ALG3	ENSG00000214160	ALG3	12.4	8.1	7.9	3.9	6.0	21.3	9.6	MAPPED	True	True	True	True	True
ALG5	ENSG00000120697	ALG5	14.5	24.9	21.9	15.5	24.0	55.4	29.8	MAPPED	True	True	True	True	True
ALG6	ENSG00000088035	ALG6	8.3	14.5	13.6	7.7	6.0	38.4	13.7	MAPPED	True	True	True	True	True
ALG8	ENSG00000159063	ALG8	33.1	11.2	20.5	19.3	34.1	38.4	14.8	MAPPED	True	True	True	True	True
ALK	ENSG00000171094	ALK	16.6	128.4	36.7	30.9	16.0	21.3	13.8	MAPPED	True	True	True	True	True
ALMS1	ENSG00000116127	ALMS1	107.6	66.0	81.7	154.5	116.2	29.8	195.6	MAPPED	True	True	True	True	True
ALPP	ENSG00000163283	ALPP	0.0	0.0	0.0	0.0	0.0	0.0	0.0	MAPPED	False	False	False	False	False
ALS2	ENSG00000003393	ALS2	37.3	51.9	35.0	57.9	32.1	46.9	54.9	MAPPED	True	True	True	True	True
ALYREF	ENSG00000183684	ALYREF	4.1	2.1	8.6	0.0	0.0	21.3	7.3	MAPPED	True	True	True	True	True
AMBP	ENSG00000106927	AMBP	0.0	2.1	0.9	0.0	0.0	0.0	0.0	MAPPED	False	False	False	False	False
AMBRA1	ENSG00000110497	AMBRA1	182.2	135.8	102.0	96.6	118.2	170.5	114.8	MAPPED	True	True	True	True	True
AMDHD2-2										UNMAPPED					
AMELX	ENSG00000125363	AMELX	0.0	0.0	0.2	0.0	0.0	0.0	0.0	MAPPED	False	False	False	False	False
AMELY	ENSG00000099721	AMELY	0.0	0.0	0.2	0.0	0.0	0.0	0.2	MAPPED	True	False	False	True	True
AMPD1	ENSG00000116748	AMPD1	0.0	0.0	0.3	0.0	0.0	0.0	0.1	MAPPED	True	False	False	True	True
AMPD2	ENSG00000116337	AMPD2	33.1	36.9	24.4	7.7	24.0	42.6	0.7	MAPPED	True	True	True	True	True
AMPD3	ENSG00000133805	AMPD3	24.8	12.8	80.0	30.9	12.0	4.3	1.7	MAPPED	True	True	True	True	True
AMY1B	ENSG00000174876	AMY1B	0.0	0.0	0.0	0.0	0.0	0.0	0.0	MAPPED	False	False	False	False	False
ANAPC1	ENSG00000153107	ANAPC1	31.1	20.8	26.0	30.9	16.0	42.6	31.7	MAPPED	True	True	True	True	True
ANAPC10	ENSG00000164162	ANAPC10	2.1	0.0	0.0	0.0	0.0	0.0	1.3	MAPPED	True	True	False	True	True
ANAPC11	ENSG00000141552	ANAPC11	55.9	17.2	29.7	0.0	8.0	187.6	35.7	MAPPED	True	True	True	True	True
ANAPC13	ENSG00000129055	ANAPC13	14.5	8.4	22.4	3.9	12.0	21.3	21.1	MAPPED	True	True	True	True	True
ANAPC15	ENSG00000110200	ANAPC15	14.5	4.1	19.9	11.6	6.0	25.6	23.5	MAPPED	True	True	True	True	True
ANAPC16	ENSG00000166295	ANAPC16	58.0	41.1	97.2	85.0	56.1	179.0	188.8	MAPPED	True	True	True	True	True
ANAPC2	ENSG00000176248	ANAPC2	0.0	2.8	3.9	0.0	2.0	4.3	3.9	MAPPED	True	False	True	True	True
ANAPC4	ENSG00000053900	ANAPC4	12.4	7.6	21.2	34.8	32.1	17.1	21.1	MAPPED	True	True	True	True	True
ANAPC5	ENSG00000089053	ANAPC5	53.8	74.7	59.4	65.7	84.1	68.2	55.6	MAPPED	True	True	True	True	True
ANAPC7	ENSG00000196510	ANAPC7	8.3	15.1	9.6	3.9	24.0	25.6	14.3	MAPPED	True	True	True	True	True
ANHX	ENSG00000227059	ANHX	0.0	0.0	0.0	0.0	0.0	0.0	0.1	MAPPED	True	False	False	True	True
ANK3	ENSG00000151150	ANK3	1142.7	1426.8	1780.3	1139.5	134.2	302.7	1631.4	MAPPED	True	True	True	True	True
ANKRD26	ENSG00000107890	ANKRD26	248.4	141.3	111.2	150.6	84.1	81.0	163.1	MAPPED	True	True	True	True	True
ANKRD33B	ENSG00000164236	ANKRD33B	1165.5	5.4	107.1	30.9	12.0	0.0	379.9	MAPPED	True	True	False	True	True
ANKRD39	ENSG00000213337	ANKRD39	0.0	0.0	1.1	3.9	2.0	4.3	2.6	MAPPED	True	False	True	True	True
ANKRD40	ENSG00000154945	ANKRD40	6.2	18.1	14.0	7.7	18.0	38.4	13.1	MAPPED	True	True	True	True	True
ANKRD9	ENSG00000156381	ANKRD9	0.0	16.5	4.3	23.2	10.0	42.6	2.4	MAPPED	True	False	True	True	True
ANKS4B	ENSG00000175311	ANKS4B	0.0	0.0	0.0	0.0	0.0	0.0	0.0	MAPPED	False	False	False	False	False
ANKS6	ENSG00000165138	ANKS6	10.4	15.8	61.0	69.5	4.0	4.3	1.2	MAPPED	True	True	True	True	True
ANO1	ENSG00000131620	ANO1	2.1	0.7	0.4	0.0	0.0	0.0	0.9	MAPPED	True	True	False	True	True
ANO2	ENSG00000047617	ANO2	1062.0	27.9	40.1	88.8	44.1	4.3	2368.4	MAPPED	True	True	True	True	True
ANO5	ENSG00000171714	ANO5	0.0	49.5	41.1	73.4	4.0	21.3	1.3	MAPPED	True	False	True	True	True
ANOS1	ENSG00000011201	ANOS1	0.0	32.2	75.7	34.8	6.0	0.0	1.3	MAPPED	True	False	False	True	True
ANXA11	ENSG00000122359	ANXA11	0.0	1.4	1.6	30.9	8.0	89.5	0.8	MAPPED	True	False	True	True	True
ANXA2	ENSG00000182718	ANXA2	4.1	2.1	0.2	38.6	0.0	21.3	3.0	MAPPED	True	True	True	True	True
AOC1	ENSG00000002726	AOC1	0.0	0.0	5.8	0.0	2.0	0.0	0.2	MAPPED	True	False	False	True	True
AOC2	ENSG00000131480	AOC2	0.0	0.0	0.6	0.0	0.0	0.0	0.7	MAPPED	True	False	False	True	True
AOC3	ENSG00000131471	AOC3	0.0	0.0	0.2	0.0	2.0	0.0	0.2	MAPPED	True	False	False	True	True
AOX1	ENSG00000138356	AOX1	0.0	0.0	0.7	0.0	0.0	0.0	0.1	MAPPED	True	False	False	True	True
AP1G1	ENSG00000166747	AP1G1	105.6	51.7	59.3	50.2	42.1	76.7	134.2	MAPPED	True	True	True	True	True
AP2A1	ENSG00000196961	AP2A1	47.6	49.4	43.6	42.5	54.1	34.1	29.8	MAPPED	True	True	True	True	True
AP2A2	ENSG00000183020	AP2A2	37.3	27.2	18.8	7.7	42.1	12.8	50.5	MAPPED	True	True	True	True	True
AP2B1	ENSG00000006125	AP2B1	275.3	130.2	117.6	146.8	150.3	85.3	133.8	MAPPED	True	True	True	True	True
AP3B1	ENSG00000132842	AP3B1	126.3	53.5	69.9	115.9	98.2	153.5	109.9	MAPPED	True	True	True	True	True
AP3M1	ENSG00000185009	AP3M1	82.8	23.6	30.6	30.9	34.1	4.3	57.7	MAPPED	True	True	True	True	True
APLF	ENSG00000169621	APLF	35.2	1.4	7.6	3.9	10.0	4.3	3.5	MAPPED	True	True	True	True	True
APMAP	ENSG00000101474	APMAP	35.2	23.4	38.8	11.6	8.0	51.2	14.6	MAPPED	True	True	True	True	True
APOBEC3H	ENSG00000100298	APOBEC3H	0.0	0.0	4.7	0.0	2.0	0.0	0.9	MAPPED	True	False	False	True	True
APOBR	ENSG00000184730	APOBR	0.0	0.0	0.0	0.0	0.0	0.0	0.0	MAPPED	False	False	False	False	False
APOE	ENSG00000130203	APOE	12.4	0.0	9.1	0.0	0.0	328.2	24.9	MAPPED	True	True	True	True	True
APOL1	ENSG00000100342	APOL1	0.0	0.0	0.6	0.0	0.0	0.0	0.1	MAPPED	True	False	False	True	True
APPL1	ENSG00000157500	APPL1	91.1	62.8	65.4	69.5	82.1	51.2	114.0	MAPPED	True	True	True	True	True
APRT	ENSG00000198931	APRT	8.3	3.2	9.0	3.9	8.0	51.2	8.1	MAPPED	True	True	True	True	True
APTX	ENSG00000137074	APTX	33.1	48.0	57.9	34.8	56.1	38.4	59.2	MAPPED	True	True	True	True	True
AQR	ENSG00000021776	AQR	136.6	60.8	56.7	50.2	58.1	59.7	93.5	MAPPED	True	True	True	True	True
AR	ENSG00000169083	AR	0.0	8.4	0.2	7.7	2.0	0.0	0.1	MAPPED	True	False	False	True	True
ARAF	ENSG00000078061	ARAF	16.6	6.3	13.6	3.9	12.0	29.8	19.6	MAPPED	True	True	True	True	True
ARF4	ENSG00000168374	ARF4	24.8	42.0	47.8	50.2	36.1	89.5	61.4	MAPPED	True	True	True	True	True
ARFIP2	ENSG00000132254	ARFIP2	14.5	7.0	20.0	0.0	8.0	17.1	14.2	MAPPED	True	True	True	True	True
ARFRP1	ENSG00000101246	ARFRP1	10.4	19.8	26.3	3.9	30.1	17.1	18.3	MAPPED	True	True	True	True	True
ARG1	ENSG00000118520	ARG1	0.0	2.1	7.2	3.9	4.0	0.0	7.6	MAPPED	True	False	False	True	True
ARHGAP1	ENSG00000175220	ARHGAP1	64.2	46.0	16.5	27.0	26.0	110.8	27.4	MAPPED	True	True	True	True	True
ARHGAP17	ENSG00000140750	ARHGAP17	0.0	0.7	0.4	0.0	0.0	0.0	0.7	MAPPED	True	False	False	True	True
ARHGAP24	ENSG00000138639	ARHGAP24	53.8	139.2	6.8	3.9	709.2	0.0	66.0	MAPPED	True	True	False	True	True
ARHGAP39	ENSG00000147799	ARHGAP39	60.0	33.0	14.8	27.0	10.0	0.0	55.7	MAPPED	True	True	False	True	True
ARHGDIA	ENSG00000141522	ARHGDIA	10.4	21.1	9.5	0.0	24.0	63.9	5.5	MAPPED	True	True	True	True	True
ARHGEF1	ENSG00000076928	ARHGEF1	8.3	18.3	15.1	7.7	18.0	8.5	11.5	MAPPED	True	True	True	True	True
ARHGEF18	ENSG00000104880	ARHGEF18	45.5	47.0	55.5	57.9	48.1	17.1	56.1	MAPPED	True	True	True	True	True
ARHGEF25	ENSG00000240771	ARHGEF25	0.0	2.5	0.8	0.0	0.0	0.0	0.0	MAPPED	False	False	False	False	False
ARHGEF33	ENSG00000214694	ARHGEF33	10.4	7.6	11.7	11.6	8.0	0.0	12.0	MAPPED	True	True	False	True	True
ARHGEF40	ENSG00000165801	ARHGEF40	0.0	18.1	7.5	11.6	14.0	8.5	5.3	MAPPED	True	False	True	True	True
ARHGEF7	ENSG00000102606	ARHGEF7	78.7	160.3	103.6	150.6	166.3	98.0	110.7	MAPPED	True	True	True	True	True
ARID4A	ENSG00000032219	ARID4A	118.0	80.8	126.6	100.4	126.2	59.7	111.0	MAPPED	True	True	True	True	True
ARID4B	ENSG00000054267	ARID4B	186.3	211.6	247.4	204.7	222.4	191.8	326.1	MAPPED	True	True	True	True	True
ARIH1	ENSG00000166233	ARIH1	368.5	194.4	224.6	193.1	216.4	221.7	328.8	MAPPED	True	True	True	True	True
ARL1	ENSG00000120805	ARL1	29.0	10.2	26.7	3.9	8.0	63.9	32.5	MAPPED	True	True	True	True	True
ARL11	ENSG00000152213	ARL11	0.0	0.0	0.0	0.0	0.0	0.0	0.0	MAPPED	False	False	False	False	False
ARL13A	ENSG00000174225	ARL13A	0.0	2.8	0.0	7.7	0.0	0.0	1.0	MAPPED	True	False	False	True	True
ARL13B	ENSG00000169379	ARL13B	240.1	33.7	54.5	57.9	26.0	21.3	611.1	MAPPED	True	True	True	True	True
ARL2	ENSG00000213465	ARL2	0.0	1.4	1.2	0.0	4.0	0.0	2.8	MAPPED	True	False	False	True	True
ARL2BP	ENSG00000102931	ARL2BP	31.1	21.0	31.6	3.9	48.1	34.1	41.4	MAPPED	True	True	True	True	True
ARL3	ENSG00000138175	ARL3	192.5	73.3	172.0	65.7	82.1	208.9	382.2	MAPPED	True	True	True	True	True
ARL6	ENSG00000113966	ARL6	134.6	16.8	41.9	57.9	14.0	25.6	230.2	MAPPED	True	True	True	True	True
ARL6IP1	ENSG00000170540	ARL6IP1	22.8	16.9	46.9	11.6	22.0	157.7	75.0	MAPPED	True	True	True	True	True
ARL6IP5	ENSG00000144746	ARL6IP5	238.1	67.8	135.7	27.0	58.1	93.8	213.4	MAPPED	True	True	True	True	True
ARMC2	ENSG00000118690	ARMC2	45.5	91.5	34.8	73.4	66.1	51.2	52.5	MAPPED	True	True	True	True	True
ARMC3	ENSG00000165309	ARMC3	66.2	0.0	0.4	0.0	0.0	0.0	5.5	MAPPED	True	True	False	True	True
ARMC4										UNMAPPED					
ARMC6	ENSG00000105676	ARMC6	8.3	7.6	12.8	0.0	10.0	8.5	14.7	MAPPED	True	True	True	True	True
ARMC7	ENSG00000125449	ARMC7	4.1	4.2	7.8	0.0	6.0	4.3	5.7	MAPPED	True	True	True	True	True
ARMS2	ENSG00000254636	ARMS2	0.0	0.0	0.0	0.0	2.0	0.0	0.6	MAPPED	True	False	False	True	True
ARNT	ENSG00000143437	ARNT	136.6	60.9	105.9	73.4	50.1	89.5	161.3	MAPPED	True	True	True	True	True
ARPIN	ENSG00000242498	ARPIN	0.0	0.0	1.1	0.0	0.0	0.0	1.2	MAPPED	True	False	False	True	True
ARR3	ENSG00000120500	ARR3	2322.7	3.7	10.4	11.6	4.0	4.3	21.6	MAPPED	True	True	True	True	True
ARRB1	ENSG00000137486	ARRB1	64.2	72.4	2.8	50.2	2.0	29.8	1.1	MAPPED	True	True	True	True	True
ARRB2	ENSG00000141480	ARRB2	2.1	22.5	13.1	0.0	12.0	8.5	4.4	MAPPED	True	True	True	True	True
ARRDC1	ENSG00000197070	ARRDC1	10.4	1.4	0.5	7.7	0.0	0.0	4.3	MAPPED	True	True	False	True	True
ARRDC3	ENSG00000113369	ARRDC3	31.1	33.3	40.3	23.2	28.0	0.0	63.5	MAPPED	True	True	False	True	True
ARRDC4	ENSG00000140450	ARRDC4	0.0	4.2	1.6	7.7	0.0	0.0	4.2	MAPPED	True	False	False	True	True
ARRDC5	ENSG00000205784	ARRDC5	0.0	0.0	0.2	0.0	0.0	0.0	0.1	MAPPED	True	False	False	True	True
ARSB	ENSG00000113273	ARSB	91.1	78.3	35.9	3.9	30.1	68.2	36.1	MAPPED	True	True	True	True	True
ARSG	ENSG00000141337	ARSG	53.8	47.8	47.8	108.2	38.1	34.1	161.3	MAPPED	True	True	True	True	True
AS3MT	ENSG00000214435	AS3MT	0.0	0.0	0.0	0.0	0.0	0.0	0.0	MAPPED	False	False	False	False	False
ASAH2	ENSG00000188611	ASAH2	0.0	0.0	0.6	0.0	0.0	0.0	0.8	MAPPED	True	False	False	True	True
ASAH2B	ENSG00000204147	ASAH2B	35.2	5.0	20.0	15.5	4.0	8.5	20.4	MAPPED	True	True	True	True	True
ASAP1	ENSG00000153317	ASAP1	37.3	328.2	91.8	355.4	412.7	81.0	30.6	MAPPED	True	True	True	True	True
ASB6	ENSG00000148331	ASB6	0.0	4.8	3.7	0.0	2.0	21.3	3.7	MAPPED	True	False	True	True	True
ASCC2	ENSG00000100325	ASCC2	31.1	25.8	26.1	11.6	28.0	29.8	36.8	MAPPED	True	True	True	True	True
ASCC3	ENSG00000112249	ASCC3	107.6	135.9	120.9	139.1	106.2	59.7	100.7	MAPPED	True	True	True	True	True
ASCL1	ENSG00000139352	ASCL1	0.0	0.7	4.5	0.0	6.0	0.0	0.1	MAPPED	True	False	False	True	True
ASH2L	ENSG00000129691	ASH2L	20.7	33.6	28.9	27.0	32.1	12.8	38.5	MAPPED	True	True	True	True	True
ASIP	ENSG00000101440	ASIP	6.2	2.8	10.5	3.9	6.0	0.0	7.4	MAPPED	True	True	False	True	True
ASL	ENSG00000126522	ASL	12.4	27.2	15.8	15.5	4.0	12.8	16.3	MAPPED	True	True	True	True	True
ASPM	ENSG00000066279	ASPM	0.0	0.0	0.2	3.9	0.0	0.0	0.3	MAPPED	True	False	False	True	True
ASS1	ENSG00000130707	ASS1	0.0	1.4	0.0	0.0	0.0	0.0	0.1	MAPPED	True	False	False	True	True
ASXL1	ENSG00000171456	ASXL1	265.0	94.0	123.2	150.6	108.2	72.5	218.3	MAPPED	True	True	True	True	True
ASZ1	ENSG00000154438	ASZ1	0.0	1.4	0.0	0.0	0.0	0.0	0.1	MAPPED	True	False	False	True	True
ATAD3A	ENSG00000197785	ATAD3A	12.4	11.9	8.5	23.2	20.0	4.3	8.1	MAPPED	True	True	True	True	True
ATF1	ENSG00000123268	ATF1	47.6	26.3	43.9	38.6	42.1	55.4	44.7	MAPPED	True	True	True	True	True
ATF2	ENSG00000115966	ATF2	55.9	87.3	54.9	27.0	64.1	59.7	71.2	MAPPED	True	True	True	True	True
ATF3	ENSG00000162772	ATF3	2.1	5.9	9.3	11.6	10.0	0.0	2.9	MAPPED	True	True	False	True	True
ATF4	ENSG00000128272	ATF4	47.6	26.8	51.0	7.7	22.0	59.7	111.8	MAPPED	True	True	True	True	True
ATF6	ENSG00000118217	ATF6	72.5	76.7	70.7	81.1	48.1	98.0	72.1	MAPPED	True	True	True	True	True
ATF6B	ENSG00000213676	ATF6B	4.1	0.7	1.0	0.0	0.0	0.0	0.7	MAPPED	True	True	False	True	True
ATG13	ENSG00000175224	ATG13	47.6	48.7	39.5	50.2	32.1	76.7	72.5	MAPPED	True	True	True	True	True
ATG3	ENSG00000144848	ATG3	24.8	18.9	25.2	0.0	22.0	38.4	27.7	MAPPED	True	True	True	True	True
ATG4B	ENSG00000168397	ATG4B	58.0	63.9	50.0	88.8	92.2	12.8	58.4	MAPPED	True	True	True	True	True
ATG7	ENSG00000197548	ATG7	180.1	192.3	183.2	239.5	152.3	115.1	157.6	MAPPED	True	True	True	True	True
ATIC	ENSG00000138363	ATIC	10.4	19.6	12.0	11.6	16.0	17.1	18.0	MAPPED	True	True	True	True	True
ATL1	ENSG00000198513	ATL1	2.1	73.1	47.8	50.2	10.0	4.3	4.2	MAPPED	True	True	True	True	True
ATL3	ENSG00000184743	ATL3	4.1	18.3	8.9	15.5	12.0	106.6	18.3	MAPPED	True	True	True	True	True
ATOH7	ENSG00000179774	ATOH7	0.0	0.0	0.1	0.0	0.0	0.0	0.3	MAPPED	True	False	False	True	True
ATP12A	ENSG00000075673	ATP12A	0.0	0.7	0.0	0.0	0.0	0.0	0.2	MAPPED	True	False	False	True	True
ATP13A2	ENSG00000159363	ATP13A2	37.3	47.0	25.1	96.6	22.0	12.8	25.2	MAPPED	True	True	True	True	True
ATP1A4	ENSG00000132681	ATP1A4	4.1	0.0	0.5	0.0	0.0	0.0	4.5	MAPPED	True	True	False	True	True
ATP2A1	ENSG00000196296	ATP2A1	39.3	4.8	14.3	19.3	8.0	0.0	55.7	MAPPED	True	True	False	True	True
ATP4A	ENSG00000105675	ATP4A	0.0	0.8	0.2	3.9	0.0	0.0	0.1	MAPPED	True	False	False	True	True
ATP5F1A	ENSG00000152234	ATP5F1A	153.2	40.2	98.2	38.6	60.1	285.6	193.9	MAPPED	True	True	True	True	True
ATP5F1B	ENSG00000110955	ATP5F1B	198.7	44.4	110.1	27.0	42.1	272.8	141.7	MAPPED	True	True	True	True	True
ATP5F1C	ENSG00000165629	ATP5F1C	136.6	47.5	106.5	34.8	62.1	153.5	91.7	MAPPED	True	True	True	True	True
ATP5F1D	ENSG00000099624	ATP5F1D	35.2	27.7	54.9	19.3	36.1	162.0	46.8	MAPPED	True	True	True	True	True
ATP5IF1	ENSG00000130770	ATP5IF1	14.5	13.8	22.6	0.0	2.0	247.3	39.1	MAPPED	True	True	True	True	True
ATP5MC1	ENSG00000159199	ATP5MC1	99.4	19.3	46.6	3.9	16.0	93.8	61.1	MAPPED	True	True	True	True	True
ATP5MG	ENSG00000167283	ATP5MG	53.8	28.3	52.5	0.0	38.1	370.9	64.7	MAPPED	True	True	True	True	True
ATP5PB	ENSG00000116459	ATP5PB	33.1	26.8	48.8	11.6	24.0	110.8	41.5	MAPPED	True	True	True	True	True
ATP5PD	ENSG00000167863	ATP5PD	51.8	16.9	38.8	7.7	26.0	281.4	62.6	MAPPED	True	True	True	True	True
ATP5PF	ENSG00000154723	ATP5PF	151.1	53.5	87.4	30.9	96.2	285.6	123.2	MAPPED	True	True	True	True	True
ATP5PO	ENSG00000241837	ATP5PO	39.3	12.2	30.8	0.0	6.0	162.0	52.2	MAPPED	True	True	True	True	True
ATP6AP2	ENSG00000182220	ATP6AP2	66.2	95.2	101.2	27.0	76.1	85.3	36.9	MAPPED	True	True	True	True	True
ATP6V0A1	ENSG00000033627	ATP6V0A1	198.7	178.8	178.2	282.0	154.3	123.6	409.9	MAPPED	True	True	True	True	True
ATP8A2	ENSG00000132932	ATP8A2	467.8	222.8	133.1	969.6	164.3	17.1	961.6	MAPPED	True	True	True	True	True
ATPAF1	ENSG00000123472	ATPAF1	66.2	36.1	46.6	54.1	52.1	81.0	34.0	MAPPED	True	True	True	True	True
ATRAID	ENSG00000138085	ATRAID	33.1	2.9	22.4	0.0	18.0	115.1	21.8	MAPPED	True	True	True	True	True
ATRX	ENSG00000085224	ATRX	287.7	236.9	288.8	193.1	184.3	221.7	364.7	MAPPED	True	True	True	True	True
ATXN1L	ENSG00000224470	ATXN1L	93.2	7.5	8.7	27.0	14.0	0.0	31.8	MAPPED	True	True	False	True	True
ATXN2	ENSG00000204842	ATXN2	207.0	295.5	239.0	324.5	242.4	332.5	218.4	MAPPED	True	True	True	True	True
ATXN7	ENSG00000163635	ATXN7	213.2	82.5	106.1	81.1	62.1	298.4	128.5	MAPPED	True	True	True	True	True
ATXN7-2										UNMAPPED					
ATXN7L1	ENSG00000146776	ATXN7L1	10.4	114.1	124.6	104.3	92.2	38.4	4.6	MAPPED	True	True	True	True	True
ATXN7L2	ENSG00000162650	ATXN7L2	2.1	1.4	2.2	0.0	2.0	0.0	1.3	MAPPED	True	True	False	True	True
AUP1	ENSG00000115307	AUP1	16.6	10.7	18.8	0.0	8.0	29.8	19.5	MAPPED	True	True	True	True	True
AURKA	ENSG00000087586	AURKA	6.2	0.7	3.2	0.0	2.0	0.0	6.3	MAPPED	True	True	False	True	True
AVPI1	ENSG00000119986	AVPI1	18.6	7.1	14.3	11.6	12.0	8.5	17.8	MAPPED	True	True	True	True	True
AVPR1A	ENSG00000166148	AVPR1A	0.0	1.1	0.0	0.0	0.0	0.0	0.0	MAPPED	False	False	False	False	False
AVPR1B	ENSG00000198049	AVPR1B	0.0	0.0	0.0	0.0	0.0	0.0	0.0	MAPPED	False	False	False	False	False
AVPR2	ENSG00000126895	AVPR2	0.0	0.0	0.0	0.0	0.0	0.0	0.0	MAPPED	False	False	False	False	False
AWAT2	ENSG00000147160	AWAT2	0.0	0.0	0.0	0.0	0.0	0.0	0.1	MAPPED	True	False	False	True	True
AXL	ENSG00000167601	AXL	2.1	0.0	2.1	23.2	2.0	29.8	0.8	MAPPED	True	True	True	True	True
B3GALNT2	ENSG00000162885	B3GALNT2	4.1	0.7	1.4	0.0	2.0	4.3	1.1	MAPPED	True	True	True	True	True
B3GAT3	ENSG00000149541	B3GAT3	24.8	27.3	33.5	19.3	32.1	63.9	36.4	MAPPED	True	True	True	True	True
B3GNT2	ENSG00000170340	B3GNT2	0.0	6.4	23.9	0.0	2.0	29.8	0.5	MAPPED	True	False	True	True	True
B4E171_HUMAN										UNMAPPED					
B4GALT1	ENSG00000086062	B4GALT1	258.8	8.6	22.6	50.2	12.0	251.5	277.8	MAPPED	True	True	True	True	True
B4GALT2	ENSG00000117411	B4GALT2	16.6	15.4	16.9	0.0	8.0	8.5	12.1	MAPPED	True	True	True	True	True
B4GALT3	ENSG00000158850	B4GALT3	0.0	6.9	11.0	0.0	10.0	0.0	3.0	MAPPED	True	False	False	True	True
B4GAT1	ENSG00000174684	B4GAT1	41.4	32.8	35.5	27.0	52.1	12.8	16.5	MAPPED	True	True	True	True	True
B9D1	ENSG00000108641	B9D1	39.3	10.1	16.7	11.6	22.0	34.1	53.3	MAPPED	True	True	True	True	True
B9D2	ENSG00000123810	B9D2	2.1	2.1	1.8	0.0	2.0	12.8	4.8	MAPPED	True	True	True	True	True
BABAM2	ENSG00000158019	BABAM2	256.7	218.2	201.8	309.0	168.3	132.2	318.4	MAPPED	True	True	True	True	True
BAG2	ENSG00000112208	BAG2	39.3	13.5	11.9	0.0	12.0	4.3	31.7	MAPPED	True	True	True	True	True
BAG3	ENSG00000151929	BAG3	53.8	1.4	14.0	23.2	22.0	12.8	7.2	MAPPED	True	True	True	True	True
BAG5	ENSG00000166170	BAG5	18.6	15.4	22.2	11.6	34.1	25.6	21.1	MAPPED	True	True	True	True	True
BAIAP2L1	ENSG00000006453	BAIAP2L1	0.0	9.6	7.4	7.7	20.0	4.3	4.2	MAPPED	True	False	True	True	True
BAIAP2L2	ENSG00000128298	BAIAP2L2	14.5	47.2	23.5	38.6	28.0	38.4	12.2	MAPPED	True	True	True	True	True
BANF1	ENSG00000175334	BANF1	8.3	4.8	9.5	0.0	14.0	34.1	17.3	MAPPED	True	True	True	True	True
BAP1	ENSG00000163930	BAP1	0.0	6.9	10.9	3.9	2.0	0.0	5.4	MAPPED	True	False	False	True	True
BARD1	ENSG00000138376	BARD1	2.1	12.1	4.8	7.7	14.0	4.3	11.0	MAPPED	True	True	True	True	True
BARHL1	ENSG00000125492	BARHL1	0.0	0.0	0.0	0.0	0.0	0.0	0.2	MAPPED	True	False	False	True	True
BASP1	ENSG00000176788	BASP1	2.1	349.6	17.4	247.2	176.3	882.4	9.5	MAPPED	True	True	True	True	True
BATF	ENSG00000156127	BATF	0.0	0.0	0.2	0.0	4.0	0.0	0.7	MAPPED	True	False	False	True	True
BAX	ENSG00000087088	BAX	6.2	10.9	16.5	7.7	26.0	0.0	10.6	MAPPED	True	True	False	True	True
BBIP1	ENSG00000214413	BBIP1	55.9	21.2	39.7	23.2	46.1	42.6	80.4	MAPPED	True	True	True	True	True
BBOX1	ENSG00000129151	BBOX1	0.0	2.1	0.4	7.7	0.0	0.0	0.2	MAPPED	True	False	False	True	True
BBS1	ENSG00000174483	BBS1	0.0	0.7	0.2	0.0	0.0	0.0	0.3	MAPPED	True	False	False	True	True
BBS10	ENSG00000179941	BBS10	6.2	1.4	3.0	0.0	2.0	4.3	3.7	MAPPED	True	True	True	True	True
BBS12	ENSG00000181004	BBS12	10.4	0.7	5.1	0.0	0.0	0.0	41.4	MAPPED	True	True	False	True	True
BBS2	ENSG00000125124	BBS2	16.6	7.2	7.8	7.7	6.0	4.3	22.2	MAPPED	True	True	True	True	True
BBS4	ENSG00000140463	BBS4	151.1	37.1	48.7	27.0	26.0	42.6	142.5	MAPPED	True	True	True	True	True
BBS5	ENSG00000163093	BBS5	4.1	0.0	0.0	0.0	0.0	0.0	1.2	MAPPED	True	True	False	True	True
BBS7	ENSG00000138686	BBS7	151.1	45.2	45.2	46.4	14.0	17.1	219.5	MAPPED	True	True	True	True	True
BBS9	ENSG00000122507	BBS9	401.6	97.3	104.3	170.0	104.2	213.1	1440.7	MAPPED	True	True	True	True	True
BCAP31	ENSG00000185825	BCAP31	53.8	17.5	32.9	19.3	22.0	89.5	28.7	MAPPED	True	True	True	True	True
BCAS2	ENSG00000116752	BCAS2	109.7	31.5	71.5	23.2	56.1	21.3	82.2	MAPPED	True	True	True	True	True
BCAT1	ENSG00000060982	BCAT1	0.0	42.2	457.9	42.5	62.1	328.2	4.7	MAPPED	True	False	True	True	True
BCAT2	ENSG00000105552	BCAT2	20.7	33.4	15.5	23.2	4.0	76.7	21.1	MAPPED	True	True	True	True	True
BCKDHA	ENSG00000248098	BCKDHA	0.0	0.0	0.0	0.0	0.0	0.0	0.4	MAPPED	True	False	False	True	True
BCKDHB	ENSG00000083123	BCKDHB	91.1	71.2	53.6	96.6	60.1	42.6	65.0	MAPPED	True	True	True	True	True
BCKDK	ENSG00000103507	BCKDK	4.1	5.3	6.3	11.6	16.0	8.5	2.8	MAPPED	True	True	True	True	True
BCL2	ENSG00000171791	BCL2	0.0	35.2	7.4	23.2	0.0	34.1	0.9	MAPPED	True	False	True	True	True
BCL2L11	ENSG00000153094	BCL2L11	22.8	1.4	13.7	3.9	0.0	4.3	33.8	MAPPED	True	True	True	True	True
BCL6	ENSG00000113916	BCL6	18.6	24.6	24.6	23.2	2.0	29.8	23.9	MAPPED	True	True	True	True	True
BCL9L	ENSG00000186174	BCL9L	6.2	9.8	19.8	0.0	10.0	17.1	4.7	MAPPED	True	True	True	True	True
BCLAF1	ENSG00000029363	BCLAF1	89.0	63.5	84.8	23.2	54.1	98.0	109.5	MAPPED	True	True	True	True	True
BCO1	ENSG00000135697	BCO1	2.1	0.7	1.6	0.0	0.0	375.1	0.6	MAPPED	True	True	True	True	True
BCO2	ENSG00000197580	BCO2	283.6	11.6	10.4	69.5	122.2	46.9	283.4	MAPPED	True	True	True	True	True
BCOR	ENSG00000183337	BCOR	68.3	24.9	65.0	34.8	24.0	63.9	58.7	MAPPED	True	True	True	True	True
BCORL1	ENSG00000085185	BCORL1	4.1	4.2	3.9	11.6	16.0	4.3	6.3	MAPPED	True	True	True	True	True
BCS1L	ENSG00000074582	BCS1L	8.3	6.6	7.9	3.9	0.0	8.5	6.7	MAPPED	True	True	True	True	True
BEST1	ENSG00000167995	BEST1	0.0	1.4	2.0	0.0	0.0	2067.5	8.0	MAPPED	True	False	True	True	True
BEST2	ENSG00000039987	BEST2	0.0	0.0	0.7	0.0	0.0	0.0	0.3	MAPPED	True	False	False	True	True
BICDL1	ENSG00000135127	BICDL1	544.4	85.2	198.9	332.2	142.2	166.3	531.6	MAPPED	True	True	True	True	True
BIRC3	ENSG00000023445	BIRC3	0.0	0.0	0.2	0.0	0.0	0.0	0.0	MAPPED	False	False	False	False	False
BLOC1S1	ENSG00000135441	BLOC1S1	14.5	4.1	12.2	0.0	6.0	59.7	26.7	MAPPED	True	True	True	True	True
BLOC1S2	ENSG00000196072	BLOC1S2	16.6	16.3	27.4	15.5	14.0	17.1	25.0	MAPPED	True	True	True	True	True
BLVRB	ENSG00000090013	BLVRB	0.0	10.6	14.2	96.6	26.0	106.6	4.2	MAPPED	True	False	True	True	True
BMI1	ENSG00000168283	BMI1	4.1	6.0	12.8	0.0	20.0	42.6	9.9	MAPPED	True	True	True	True	True
BMS1	ENSG00000165733	BMS1	26.9	22.7	27.6	19.3	24.0	21.3	34.1	MAPPED	True	True	True	True	True
BMX	ENSG00000102010	BMX	2.1	1.8	3.8	19.3	8.0	4.3	3.0	MAPPED	True	True	True	True	True
BNIP3	ENSG00000176171	BNIP3	51.8	98.2	88.3	127.5	272.5	63.9	47.0	MAPPED	True	True	True	True	True
BOP1	ENSG00000261236	BOP1	2.1	9.8	5.2	0.0	6.0	4.3	1.5	MAPPED	True	True	True	True	True
BORA	ENSG00000136122	BORA	8.3	5.9	7.6	0.0	4.0	0.0	9.0	MAPPED	True	True	False	True	True
BORCS6	ENSG00000196544	BORCS6	10.4	12.0	12.3	0.0	8.0	12.8	10.3	MAPPED	True	True	True	True	True
BORCS7	ENSG00000166275	BORCS7	0.0	0.0	0.5	0.0	0.0	0.0	0.5	MAPPED	True	False	False	True	True
BPIFA2	ENSG00000131050	BPIFA2	0.0	0.0	0.7	0.0	0.0	0.0	0.2	MAPPED	True	False	False	True	True
BRAF	ENSG00000157764	BRAF	358.1	266.8	316.9	274.3	296.5	127.9	342.8	MAPPED	True	True	True	True	True
BRCA1	ENSG00000012048	BRCA1	22.8	12.7	17.4	15.5	40.1	0.0	41.2	MAPPED	True	True	False	True	True
BRCA2	ENSG00000139618	BRCA2	0.0	0.0	0.6	0.0	0.0	4.3	0.5	MAPPED	True	False	True	True	True
BRCC3	ENSG00000185515	BRCC3	24.8	42.9	28.3	15.5	24.0	29.8	39.8	MAPPED	True	True	True	True	True
BRD2	ENSG00000204256	BRD2	0.0	6.2	5.5	3.9	2.0	4.3	5.7	MAPPED	True	False	True	True	True
BRD3	ENSG00000169925	BRD3	20.7	34.5	51.4	11.6	32.1	25.6	45.9	MAPPED	True	True	True	True	True
BRD4	ENSG00000141867	BRD4	130.4	101.5	78.8	85.0	108.2	89.5	160.0	MAPPED	True	True	True	True	True
BRD7	ENSG00000166164	BRD7	97.3	44.9	75.2	15.5	58.1	81.0	84.0	MAPPED	True	True	True	True	True
BRIX1	ENSG00000113460	BRIX1	12.4	4.1	19.0	11.6	12.0	12.8	34.7	MAPPED	True	True	True	True	True
BRMS1	ENSG00000174744	BRMS1	10.4	5.7	6.3	3.9	6.0	12.8	8.1	MAPPED	True	True	True	True	True
BRMS1L	ENSG00000100916	BRMS1L	35.2	20.3	30.5	15.5	28.0	12.8	36.6	MAPPED	True	True	True	True	True
BSDC1	ENSG00000160058	BSDC1	24.8	56.0	46.1	30.9	60.1	21.3	51.3	MAPPED	True	True	True	True	True
BSG	ENSG00000172270	BSG	242.2	138.5	160.5	96.6	132.2	852.6	324.1	MAPPED	True	True	True	True	True
BTBD2	ENSG00000133243	BTBD2	16.6	39.1	44.7	11.6	42.1	29.8	35.3	MAPPED	True	True	True	True	True
BTBD9	ENSG00000183826	BTBD9	606.5	259.2	423.0	363.1	190.3	153.5	207.7	MAPPED	True	True	True	True	True
BTN1A1	ENSG00000124557	BTN1A1	0.0	1.1	0.5	0.0	2.0	0.0	0.0	MAPPED	False	False	False	False	False
BUB1B	ENSG00000156970	BUB1B	2.1	0.7	1.1	23.2	0.0	0.0	0.4	MAPPED	True	True	False	True	True
BUD13	ENSG00000137656	BUD13	18.6	7.2	11.6	15.5	12.0	0.0	13.3	MAPPED	True	True	False	True	True
BUD23	ENSG00000071462	BUD23	45.5	21.0	32.3	27.0	30.1	29.8	39.7	MAPPED	True	True	True	True	True
BUD31	ENSG00000106245	BUD31	6.2	14.0	17.6	15.5	8.0	63.9	21.2	MAPPED	True	True	True	True	True
BYSL	ENSG00000112578	BYSL	8.3	2.5	2.7	0.0	2.0	4.3	2.3	MAPPED	True	True	True	True	True
C10orf88	ENSG00000119965	C10orf88	14.5	13.6	12.1	0.0	16.0	8.5	16.8	MAPPED	True	True	True	True	True
C11orf1	ENSG00000137720	C11orf1	2.1	5.9	4.7	0.0	22.0	21.3	9.2	MAPPED	True	True	True	True	True
C11orf16	ENSG00000176029	C11orf16	0.0	2.1	0.5	0.0	0.0	0.0	0.3	MAPPED	True	False	False	True	True
C11orf49										UNMAPPED					
C11orf74										UNMAPPED					
C11orf95										UNMAPPED					
C12orf10										UNMAPPED					
C15orf65										UNMAPPED					
C17orf49	ENSG00000258315	C17orf49	0.0	0.0	0.0	0.0	0.0	0.0	0.5	MAPPED	True	False	False	True	True
C18orf25	ENSG00000152242	C18orf25	58.0	43.5	26.5	23.2	40.1	72.5	101.6	MAPPED	True	True	True	True	True
C19orf44	ENSG00000105072	C19orf44	22.8	7.6	4.9	0.0	0.0	0.0	9.5	MAPPED	True	True	False	True	True
C19orf54	ENSG00000188493	C19orf54	0.0	0.0	3.1	3.9	0.0	4.3	4.7	MAPPED	True	False	True	True	True
C19orf71										UNMAPPED					
C1QA	ENSG00000173372	C1QA	0.0	0.0	0.0	0.0	0.0	0.0	0.0	MAPPED	False	False	False	False	False
C1QL2	ENSG00000144119	C1QL2	0.0	151.0	0.8	0.0	0.0	0.0	0.4	MAPPED	True	False	False	True	True
C1orf158										UNMAPPED					
C1orf189										UNMAPPED					
C1orf194										UNMAPPED					
C2	ENSG00000166278	C2	0.0	0.0	0.2	0.0	0.0	0.0	0.1	MAPPED	True	False	False	True	True
C20orf194										UNMAPPED					
C2CD3	ENSG00000168014	C2CD3	89.0	52.0	40.4	30.9	54.1	29.8	71.9	MAPPED	True	True	True	True	True
C2orf74	ENSG00000237651	C2orf74	0.0	0.0	0.0	0.0	0.0	4.3	0.9	MAPPED	True	False	True	True	True
C5orf34	ENSG00000172244	C5orf34	4.1	2.1	3.0	7.7	4.0	0.0	4.3	MAPPED	True	True	False	True	True
C5orf46	ENSG00000178776	C5orf46	0.0	0.0	0.2	0.0	0.0	0.0	0.1	MAPPED	True	False	False	True	True
C5orf49	ENSG00000215217	C5orf49	0.0	0.7	0.1	0.0	0.0	0.0	3.1	MAPPED	True	False	False	True	True
C6orf132	ENSG00000188112	C6orf132	22.8	1.4	1.6	7.7	2.0	0.0	9.0	MAPPED	True	True	False	True	True
C6orf52	ENSG00000137434	C6orf52	0.0	0.0	0.2	0.0	0.0	0.0	0.1	MAPPED	True	False	False	True	True
C8orf37										UNMAPPED					
C8orf74	ENSG00000171060	C8orf74	0.0	0.0	0.0	0.0	0.0	0.0	0.0	MAPPED	False	False	False	False	False
C9orf116										UNMAPPED					
C9orf135										UNMAPPED					
C9orf72	ENSG00000147894	C9orf72	47.6	24.0	52.7	100.4	28.0	25.6	64.7	MAPPED	True	True	True	True	True
C9orf78	ENSG00000136819	C9orf78	31.1	13.3	25.3	7.7	24.0	29.8	24.5	MAPPED	True	True	True	True	True
CA12	ENSG00000074410	CA12	0.0	0.7	0.2	0.0	0.0	0.0	0.5	MAPPED	True	False	False	True	True
CA14	ENSG00000118298	CA14	0.0	1.4	2.6	0.0	0.0	196.1	1.4	MAPPED	True	False	True	True	True
CA2	ENSG00000104267	CA2	138.7	0.7	9.8	0.0	8.0	17.1	37.6	MAPPED	True	True	True	True	True
CA4	ENSG00000167434	CA4	0.0	0.0	0.3	3.9	0.0	0.0	0.1	MAPPED	True	False	False	True	True
CA9	ENSG00000107159	CA9	0.0	1.4	0.2	0.0	2.0	4.3	0.1	MAPPED	True	False	True	True	True
CAB39L	ENSG00000102547	CAB39L	18.6	35.0	26.8	19.3	20.0	42.6	36.7	MAPPED	True	True	True	True	True
CABP1	ENSG00000157782	CABP1	0.0	258.6	148.5	197.0	522.9	8.5	1.7	MAPPED	True	False	True	True	True
CABP2	ENSG00000167791	CABP2	0.0	1.4	72.6	0.0	2.0	0.0	1.0	MAPPED	True	False	False	True	True
CABP4	ENSG00000175544	CABP4	147.0	1.4	9.5	7.7	10.0	4.3	213.2	MAPPED	True	True	True	True	True
CABP5	ENSG00000105507	CABP5	2.1	8.4	325.5	15.5	14.0	0.0	654.5	MAPPED	True	True	False	True	True
CACNA1F	ENSG00000102001	CACNA1F	130.4	3.2	175.8	27.0	0.0	4.3	217.1	MAPPED	True	True	True	True	True
CACNA2D4	ENSG00000151062	CACNA2D4	8.3	1.8	5.5	0.0	0.0	0.0	5.9	MAPPED	True	True	False	True	True
CACNG2	ENSG00000166862	CACNG2	2.1	164.0	36.9	108.2	212.4	0.0	1.0	MAPPED	True	True	False	True	True
CACTIN	ENSG00000105298	CACTIN	0.0	4.6	2.9	3.9	2.0	0.0	3.4	MAPPED	True	False	False	True	True
CAD	ENSG00000084774	CAD	14.5	16.5	9.5	23.2	4.0	0.0	7.1	MAPPED	True	True	False	True	True
CALB1	ENSG00000104327	CALB1	80.7	15.7	14.4	7.7	88.1	0.0	1.8	MAPPED	True	True	False	True	True
CALB2	ENSG00000172137	CALB2	2.1	1.4	0.7	0.0	6.0	0.0	0.7	MAPPED	True	True	False	True	True
CALM1	ENSG00000198668	CALM1	95.2	257.2	1168.4	81.1	272.5	1001.8	132.7	MAPPED	True	True	True	True	True
CALM2	ENSG00000143933	CALM2	4.1	19.7	31.2	7.7	18.0	119.4	20.5	MAPPED	True	True	True	True	True
CALM3	ENSG00000160014	CALM3	10.4	123.8	69.9	11.6	62.1	68.2	26.1	MAPPED	True	True	True	True	True
CALML3	ENSG00000178363	CALML3	0.0	0.0	1.5	0.0	0.0	4.3	0.3	MAPPED	True	False	True	True	True
CALML4	ENSG00000129007	CALML4	0.0	0.0	0.0	0.0	0.0	4.3	0.1	MAPPED	True	False	True	True	True
CALML5	ENSG00000178372	CALML5	0.0	0.0	0.0	0.0	0.0	0.0	0.1	MAPPED	True	False	False	True	True
CALML6	ENSG00000169885	CALML6	0.0	0.0	0.0	0.0	0.0	0.0	0.1	MAPPED	True	False	False	True	True
CALR	ENSG00000179218	CALR	86.9	28.9	39.5	15.5	8.0	144.9	62.4	MAPPED	True	True	True	True	True
CAMK1	ENSG00000134072	CAMK1	12.4	17.6	17.1	23.2	2.0	0.0	16.9	MAPPED	True	True	False	True	True
CAMK1D	ENSG00000183049	CAMK1D	4045.0	629.0	1063.4	525.3	406.7	59.7	2980.4	MAPPED	True	True	True	True	True
CAMK1G	ENSG00000008118	CAMK1G	0.0	3.4	0.0	7.7	0.0	0.0	0.5	MAPPED	True	False	False	True	True
CAMK2A	ENSG00000070808	CAMK2A	2.1	53.9	0.2	7.7	0.0	0.0	0.3	MAPPED	True	True	False	True	True
CAMK2B	ENSG00000058404	CAMK2B	18.6	159.6	624.9	108.2	40.1	46.9	7.4	MAPPED	True	True	True	True	True
CAMK2D	ENSG00000145349	CAMK2D	852.9	235.3	469.2	463.5	348.6	55.4	734.4	MAPPED	True	True	True	True	True
CAMK2G	ENSG00000148660	CAMK2G	306.4	124.4	136.1	54.1	70.1	76.7	241.2	MAPPED	True	True	True	True	True
CAMK4	ENSG00000152495	CAMK4	0.0	98.2	309.3	127.5	0.0	0.0	2.6	MAPPED	True	False	False	True	True
CAMSAP2	ENSG00000118200	CAMSAP2	107.6	198.0	182.5	142.9	184.3	144.9	74.0	MAPPED	True	True	True	True	True
CANT1	ENSG00000171302	CANT1	10.4	4.8	3.5	0.0	6.0	21.3	7.1	MAPPED	True	True	True	True	True
CANX	ENSG00000127022	CANX	31.1	19.8	18.8	11.6	26.0	59.7	17.8	MAPPED	True	True	True	True	True
CAPN1	ENSG00000014216	CAPN1	20.7	34.7	9.6	100.4	28.0	4.3	29.5	MAPPED	True	True	True	True	True
CAPN3	ENSG00000092529	CAPN3	0.0	0.0	0.4	0.0	0.0	0.0	0.0	MAPPED	False	False	False	False	False
CAPN6	ENSG00000077274	CAPN6	0.0	0.0	0.0	0.0	0.0	0.0	0.0	MAPPED	False	False	False	False	False
CAPN9	ENSG00000135773	CAPN9	91.1	2.1	3.7	0.0	2.0	0.0	208.3	MAPPED	True	True	False	True	True
CAPZA1	ENSG00000116489	CAPZA1	130.4	55.8	68.9	54.1	66.1	68.2	84.3	MAPPED	True	True	True	True	True
CAPZB	ENSG00000077549	CAPZB	163.5	115.5	167.0	108.2	108.2	89.5	240.5	MAPPED	True	True	True	True	True
CARD14	ENSG00000141527	CARD14	8.3	2.1	3.9	0.0	0.0	0.0	6.4	MAPPED	True	True	False	True	True
CARTPT	ENSG00000164326	CARTPT	0.0	224.1	1.5	3.9	0.0	0.0	1.4	MAPPED	True	False	False	True	True
CASC3	ENSG00000108349	CASC3	35.2	47.4	47.7	38.6	62.1	55.4	54.2	MAPPED	True	True	True	True	True
CASK	ENSG00000147044	CASK	124.2	211.7	186.0	185.4	158.3	106.6	141.4	MAPPED	True	True	True	True	True
CASP3	ENSG00000164305	CASP3	10.4	14.8	22.8	15.5	12.0	12.8	21.4	MAPPED	True	True	True	True	True
CASR	ENSG00000036828	CASR	0.0	0.0	0.4	0.0	0.0	0.0	5.3	MAPPED	True	False	False	True	True
CASTOR3										UNMAPPED					
CAV1	ENSG00000105974	CAV1	0.0	8.3	5.5	7.7	0.0	0.0	2.8	MAPPED	True	False	False	True	True
CBLN3	ENSG00000139899	CBLN3	0.0	0.0	0.0	0.0	0.0	0.0	0.2	MAPPED	True	False	False	True	True
CBS	ENSG00000160200	CBS	0.0	0.0	0.0	0.0	0.0	0.0	0.0	MAPPED	False	False	False	False	False
CBSL										UNMAPPED					
CBX2	ENSG00000173894	CBX2	0.0	1.4	0.7	0.0	0.0	0.0	0.3	MAPPED	True	False	False	True	True
CBX3	ENSG00000122565	CBX3	118.0	25.5	68.3	19.3	38.1	51.2	126.6	MAPPED	True	True	True	True	True
CBX4	ENSG00000141582	CBX4	47.6	14.1	37.9	11.6	38.1	12.8	71.0	MAPPED	True	True	True	True	True
CBX7	ENSG00000100307	CBX7	14.5	32.8	47.0	19.3	58.1	12.8	34.7	MAPPED	True	True	True	True	True
CBX8	ENSG00000141570	CBX8	8.3	0.8	3.5	7.7	4.0	0.0	8.0	MAPPED	True	True	False	True	True
CBY1	ENSG00000100211	CBY1	16.6	11.2	10.0	19.3	16.0	0.0	27.6	MAPPED	True	True	False	True	True
CC2D2A	ENSG00000048342	CC2D2A	1678.9	71.1	221.8	65.7	88.1	12.8	522.4	MAPPED	True	True	True	True	True
CC2D2B	ENSG00000188649	CC2D2B	35.2	30.9	19.2	34.8	28.0	0.0	20.9	MAPPED	True	True	False	True	True
CCAR1	ENSG00000060339	CCAR1	101.4	81.2	90.3	96.6	88.1	149.2	123.3	MAPPED	True	True	True	True	True
CCAR2	ENSG00000158941	CCAR2	22.8	9.1	16.8	11.6	12.0	17.1	17.2	MAPPED	True	True	True	True	True
CCDC103	ENSG00000167131	CCDC103	0.0	0.0	0.0	0.0	0.0	0.0	0.1	MAPPED	True	False	False	True	True
CCDC106	ENSG00000173581	CCDC106	6.2	10.1	13.7	3.9	14.0	29.8	4.3	MAPPED	True	True	True	True	True
CCDC114										UNMAPPED					
CCDC115	ENSG00000136710	CCDC115	8.3	7.6	17.0	0.0	16.0	8.5	12.5	MAPPED	True	True	True	True	True
CCDC12	ENSG00000160799	CCDC12	76.6	42.3	51.1	54.1	54.1	29.8	84.6	MAPPED	True	True	True	True	True
CCDC120	ENSG00000147144	CCDC120	10.4	7.4	8.0	0.0	18.0	8.5	7.7	MAPPED	True	True	True	True	True
CCDC121	ENSG00000176714	CCDC121	14.5	2.8	3.5	0.0	2.0	0.0	8.6	MAPPED	True	True	False	True	True
CCDC124	ENSG00000007080	CCDC124	16.6	3.9	13.5	0.0	6.0	29.8	15.6	MAPPED	True	True	True	True	True
CCDC138	ENSG00000163006	CCDC138	37.3	95.4	85.1	23.2	90.2	8.5	46.7	MAPPED	True	True	True	True	True
CCDC14	ENSG00000175455	CCDC14	62.1	37.0	49.1	34.8	40.1	59.7	97.8	MAPPED	True	True	True	True	True
CCDC151										UNMAPPED					
CCDC173										UNMAPPED					
CCDC18	ENSG00000122483	CCDC18	22.8	25.2	11.6	34.8	16.0	29.8	14.7	MAPPED	True	True	True	True	True
CCDC28B	ENSG00000160050	CCDC28B	22.8	11.1	21.0	3.9	18.0	34.1	28.1	MAPPED	True	True	True	True	True
CCDC36										UNMAPPED					
CCDC39	ENSG00000284862	CCDC39	10.4	13.1	5.7	3.9	14.0	0.0	8.8	MAPPED	True	True	False	True	True
CCDC40	ENSG00000141519	CCDC40	70.4	15.2	7.4	15.5	22.0	0.0	78.5	MAPPED	True	True	False	True	True
CCDC51	ENSG00000164051	CCDC51	18.6	3.6	6.0	0.0	8.0	81.0	8.7	MAPPED	True	True	True	True	True
CCDC57	ENSG00000176155	CCDC57	86.9	153.6	63.8	154.5	106.2	38.4	207.3	MAPPED	True	True	True	True	True
CCDC61	ENSG00000104983	CCDC61	0.0	8.8	13.3	11.6	12.0	4.3	2.0	MAPPED	True	False	True	True	True
CCDC63	ENSG00000173093	CCDC63	0.0	0.0	0.7	0.0	2.0	0.0	1.1	MAPPED	True	False	False	True	True
CCDC65	ENSG00000139537	CCDC65	22.8	23.8	24.9	23.2	6.0	0.0	42.2	MAPPED	True	True	False	True	True
CCDC66	ENSG00000180376	CCDC66	167.7	87.4	101.9	65.7	84.1	63.9	162.3	MAPPED	True	True	True	True	True
CCDC68	ENSG00000166510	CCDC68	0.0	0.0	0.3	0.0	0.0	0.0	0.3	MAPPED	True	False	False	True	True
CCDC73	ENSG00000186714	CCDC73	2.1	6.3	6.4	0.0	2.0	0.0	6.8	MAPPED	True	True	False	True	True
CCDC77	ENSG00000120647	CCDC77	29.0	9.0	11.6	23.2	8.0	21.3	13.3	MAPPED	True	True	True	True	True
CCDC84										UNMAPPED					
CCDC91	ENSG00000123106	CCDC91	223.6	278.9	256.8	332.2	224.4	204.6	417.1	MAPPED	True	True	True	True	True
CCK	ENSG00000187094	CCK	0.0	0.7	6.1	0.0	0.0	0.0	1.4	MAPPED	True	False	False	True	True
CCL19	ENSG00000172724	CCL19	0.0	0.0	0.0	0.0	0.0	0.0	0.0	MAPPED	False	False	False	False	False
CCL2	ENSG00000108691	CCL2	0.0	0.0	0.0	0.0	0.0	0.0	0.3	MAPPED	True	False	False	True	True
CCL21	ENSG00000137077	CCL21	0.0	0.0	0.0	0.0	0.0	0.0	0.0	MAPPED	False	False	False	False	False
CCL22	ENSG00000102962	CCL22	0.0	0.0	0.0	0.0	0.0	0.0	0.0	MAPPED	False	False	False	False	False
CCNB3	ENSG00000147082	CCNB3	4.1	4.0	3.3	0.0	4.0	0.0	4.2	MAPPED	True	True	False	True	True
CCNF	ENSG00000162063	CCNF	2.1	21.2	7.1	11.6	14.0	0.0	4.9	MAPPED	True	True	False	True	True
CCNL2	ENSG00000221978	CCNL2	33.1	45.4	20.8	23.2	50.1	34.1	26.9	MAPPED	True	True	True	True	True
CCNO	ENSG00000152669	CCNO	6.2	0.7	7.8	0.0	2.0	4.3	0.0	MAPPED	False	True	True	True	True
CCNQ	ENSG00000262919	CCNQ	8.3	7.0	10.0	0.0	6.0	4.3	6.8	MAPPED	True	True	True	True	True
CCP110	ENSG00000103540	CCP110	18.6	24.5	19.4	34.8	36.1	4.3	69.7	MAPPED	True	True	True	True	True
CCPG1	ENSG00000260916	CCPG1	20.7	14.0	11.9	7.7	6.0	4.3	34.2	MAPPED	True	True	True	True	True
CCR1	ENSG00000163823	CCR1	0.0	0.0	0.0	0.0	0.0	0.0	0.0	MAPPED	False	False	False	False	False
CCR2	ENSG00000121807	CCR2	0.0	0.0	0.0	0.0	0.0	0.0	0.0	MAPPED	False	False	False	False	False
CCR3	ENSG00000183625	CCR3	0.0	0.0	1.5	0.0	0.0	0.0	0.5	MAPPED	True	False	False	True	True
CCR5	ENSG00000160791	CCR5	0.0	0.0	0.0	0.0	0.0	0.0	0.0	MAPPED	False	False	False	False	False
CCR6	ENSG00000112486	CCR6	0.0	0.0	0.0	0.0	0.0	0.0	0.0	MAPPED	False	False	False	False	False
CCRL2	ENSG00000121797	CCRL2	0.0	0.0	0.0	0.0	0.0	0.0	0.0	MAPPED	False	False	False	False	False
CCT2	ENSG00000166226	CCT2	78.7	30.8	38.3	11.6	36.1	51.2	51.5	MAPPED	True	True	True	True	True
CCT3	ENSG00000163468	CCT3	97.3	30.0	77.8	15.5	40.1	68.2	169.7	MAPPED	True	True	True	True	True
CCT4	ENSG00000115484	CCT4	97.3	32.8	67.8	61.8	50.1	59.7	106.9	MAPPED	True	True	True	True	True
CCT5	ENSG00000150753	CCT5	45.5	17.5	37.8	15.5	20.0	12.8	54.7	MAPPED	True	True	True	True	True
CCT6A	ENSG00000146731	CCT6A	49.7	24.8	41.9	23.2	32.1	29.8	50.3	MAPPED	True	True	True	True	True
CCT6B	ENSG00000132141	CCT6B	0.0	7.6	6.2	11.6	8.0	4.3	10.8	MAPPED	True	False	True	True	True
CCT7	ENSG00000135624	CCT7	26.9	30.9	44.4	3.9	30.1	34.1	39.8	MAPPED	True	True	True	True	True
CCT8	ENSG00000156261	CCT8	33.1	40.9	53.0	3.9	48.1	34.1	42.2	MAPPED	True	True	True	True	True
CCT8L2	ENSG00000198445	CCT8L2	0.0	0.0	0.0	0.0	0.0	0.0	0.0	MAPPED	False	False	False	False	False
CD163	ENSG00000177575	CD163	2.1	0.0	0.5	0.0	0.0	0.0	0.2	MAPPED	True	True	False	True	True
CD1D	ENSG00000158473	CD1D	0.0	0.0	2.2	0.0	2.0	0.0	0.1	MAPPED	True	False	False	True	True
CD27	ENSG00000139193	CD27	0.0	2.1	3.1	0.0	0.0	0.0	1.5	MAPPED	True	False	False	True	True
CD2AP	ENSG00000198087	CD2AP	82.8	75.2	43.3	61.8	100.2	42.6	55.0	MAPPED	True	True	True	True	True
CD2BP2	ENSG00000169217	CD2BP2	18.6	6.6	16.5	3.9	6.0	29.8	12.2	MAPPED	True	True	True	True	True
CD34	ENSG00000174059	CD34	0.0	0.0	0.5	0.0	0.0	0.0	0.2	MAPPED	True	False	False	True	True
CD36	ENSG00000135218	CD36	0.0	2.1	1.1	3.9	2.0	0.0	0.7	MAPPED	True	False	False	True	True
CD4	ENSG00000010610	CD4	12.4	9.0	12.8	3.9	60.1	0.0	5.7	MAPPED	True	True	False	True	True
CD47	ENSG00000196776	CD47	138.7	77.0	125.6	19.3	156.3	25.6	334.2	MAPPED	True	True	True	True	True
CD68	ENSG00000129226	CD68	0.0	0.0	0.0	0.0	0.0	0.0	0.0	MAPPED	False	False	False	False	False
CD80	ENSG00000121594	CD80	0.0	1.4	0.7	0.0	6.0	0.0	1.3	MAPPED	True	False	False	True	True
CD86	ENSG00000114013	CD86	2.1	0.0	0.2	0.0	0.0	0.0	1.2	MAPPED	True	True	False	True	True
CD8A	ENSG00000153563	CD8A	0.0	2.9	0.5	3.9	0.0	0.0	0.1	MAPPED	True	False	False	True	True
CDADC1	ENSG00000102543	CDADC1	31.1	19.4	21.7	3.9	8.0	4.3	26.7	MAPPED	True	True	True	True	True
CDAN1	ENSG00000140326	CDAN1	4.1	11.2	13.6	7.7	12.0	0.0	21.7	MAPPED	True	True	False	True	True
CDC14A	ENSG00000079335	CDC14A	113.9	9.0	7.4	3.9	4.0	12.8	44.9	MAPPED	True	True	True	True	True
CDC16	ENSG00000130177	CDC16	43.5	34.2	34.2	19.3	32.1	25.6	42.1	MAPPED	True	True	True	True	True
CDC20	ENSG00000117399	CDC20	0.0	0.7	1.0	0.0	0.0	0.0	1.5	MAPPED	True	False	False	True	True
CDC20B	ENSG00000164287	CDC20B	0.0	0.0	0.3	0.0	0.0	0.0	0.3	MAPPED	True	False	False	True	True
CDC23	ENSG00000094880	CDC23	18.6	16.3	14.5	19.3	14.0	8.5	16.3	MAPPED	True	True	True	True	True
CDC26	ENSG00000176386	CDC26	10.4	10.5	6.9	3.9	8.0	4.3	11.8	MAPPED	True	True	True	True	True
CDC27	ENSG00000004897	CDC27	105.6	87.6	90.1	142.9	94.2	46.9	83.8	MAPPED	True	True	True	True	True
CDC40	ENSG00000168438	CDC40	43.5	62.7	93.9	23.2	92.2	38.4	56.4	MAPPED	True	True	True	True	True
CDC42	ENSG00000070831	CDC42	2.1	0.8	3.4	3.9	2.0	0.0	3.4	MAPPED	True	True	False	True	True
CDC42BPA	ENSG00000143776	CDC42BPA	389.2	332.4	353.5	506.0	763.3	123.6	221.4	MAPPED	True	True	True	True	True
CDC42BPB	ENSG00000198752	CDC42BPB	84.9	99.2	89.3	77.3	110.2	42.6	96.7	MAPPED	True	True	True	True	True
CDC42EP1	ENSG00000128283	CDC42EP1	0.0	0.0	0.0	0.0	0.0	4.3	0.2	MAPPED	True	False	True	True	True
CDC42EP3	ENSG00000163171	CDC42EP3	70.4	37.1	37.1	0.0	190.3	12.8	78.7	MAPPED	True	True	True	True	True
CDC5L	ENSG00000096401	CDC5L	14.5	20.5	29.7	11.6	32.1	25.6	32.2	MAPPED	True	True	True	True	True
CDC6	ENSG00000094804	CDC6	0.0	0.0	0.4	0.0	0.0	0.0	0.4	MAPPED	True	False	False	True	True
CDCP2	ENSG00000157211	CDCP2	0.0	0.0	0.0	0.0	0.0	0.0	0.0	MAPPED	False	False	False	False	False
CDH23	ENSG00000107736	CDH23	0.0	11.0	9.3	23.2	8.0	0.0	5.1	MAPPED	True	False	False	True	True
CDH5	ENSG00000179776	CDH5	0.0	0.0	0.2	0.0	0.0	0.0	0.2	MAPPED	True	False	False	True	True
CDHR1	ENSG00000148600	CDHR1	358.1	3.6	17.8	7.7	6.0	42.6	301.3	MAPPED	True	True	True	True	True
CDHR5	ENSG00000099834	CDHR5	0.0	0.0	0.0	0.0	0.0	0.0	0.0	MAPPED	False	False	False	False	False
CDK10	ENSG00000185324	CDK10	16.6	12.8	12.2	7.7	20.0	4.3	20.3	MAPPED	True	True	True	True	True
CDK11A	ENSG00000008128	CDK11A	4.1	2.1	1.3	0.0	0.0	0.0	2.5	MAPPED	True	True	False	True	True
CDK11B	ENSG00000248333	CDK11B	37.3	28.5	32.3	23.2	28.0	4.3	40.4	MAPPED	True	True	True	True	True
CDK5	ENSG00000164885	CDK5	0.0	2.8	7.0	0.0	0.0	8.5	3.3	MAPPED	True	False	True	True	True
CDK5RAP1	ENSG00000101391	CDK5RAP1	109.7	35.4	40.4	34.8	28.0	21.3	88.3	MAPPED	True	True	True	True	True
CDK5RAP2	ENSG00000136861	CDK5RAP2	35.2	38.5	48.0	50.2	50.1	59.7	57.0	MAPPED	True	True	True	True	True
CDK7	ENSG00000134058	CDK7	0.0	3.4	2.5	7.7	0.0	4.3	6.1	MAPPED	True	False	True	True	True
CDKN2A	ENSG00000147889	CDKN2A	0.0	0.7	1.6	0.0	0.0	0.0	0.1	MAPPED	True	False	False	True	True
CDR2	ENSG00000140743	CDR2	2.1	0.0	0.4	0.0	0.0	8.5	5.9	MAPPED	True	True	True	True	True
CDS1	ENSG00000163624	CDS1	31.1	48.8	18.7	73.4	12.0	29.8	70.6	MAPPED	True	True	True	True	True
CDS2	ENSG00000101290	CDS2	70.4	81.1	60.3	85.0	64.1	51.2	75.4	MAPPED	True	True	True	True	True
CDT1	ENSG00000167513	CDT1	0.0	0.0	0.8	0.0	0.0	0.0	0.8	MAPPED	True	False	False	True	True
CEBPB	ENSG00000172216	CEBPB	2.1	5.4	1.2	3.9	0.0	17.1	1.1	MAPPED	True	True	True	True	True
CEBPE	ENSG00000092067	CEBPE	0.0	1.4	0.0	0.0	0.0	0.0	0.0	MAPPED	False	False	False	False	False
CEBPG	ENSG00000153879	CEBPG	16.6	8.4	9.8	0.0	2.0	12.8	16.1	MAPPED	True	True	True	True	True
CELA3A	ENSG00000142789	CELA3A	0.0	0.0	0.0	0.0	0.0	0.0	0.0	MAPPED	False	False	False	False	False
CELA3B	ENSG00000219073	CELA3B	0.0	0.0	0.0	0.0	0.0	0.0	0.1	MAPPED	True	False	False	True	True
CEND1	ENSG00000184524	CEND1	2.1	52.2	50.9	0.0	42.1	0.0	2.7	MAPPED	True	True	False	True	True
CENPA	ENSG00000115163	CENPA	4.1	4.1	9.9	7.7	4.0	17.1	5.6	MAPPED	True	True	True	True	True
CENPE	ENSG00000138778	CENPE	2.1	0.7	8.8	7.7	0.0	0.0	2.8	MAPPED	True	True	False	True	True
CENPF	ENSG00000117724	CENPF	0.0	0.0	3.2	0.0	2.0	0.0	2.7	MAPPED	True	False	False	True	True
CENPJ	ENSG00000151849	CENPJ	0.0	11.0	10.5	15.5	10.0	4.3	3.1	MAPPED	True	False	True	True	True
CENPT	ENSG00000102901	CENPT	12.4	11.9	15.3	11.6	16.0	0.0	5.6	MAPPED	True	True	False	True	True
CEP104	ENSG00000116198	CEP104	552.7	129.2	29.8	57.9	102.2	85.3	129.9	MAPPED	True	True	True	True	True
CEP120	ENSG00000168944	CEP120	138.7	14.1	24.0	23.2	16.0	42.6	51.6	MAPPED	True	True	True	True	True
CEP126	ENSG00000110318	CEP126	53.8	179.6	18.5	208.6	148.2	4.3	70.2	MAPPED	True	True	True	True	True
CEP128	ENSG00000100629	CEP128	45.5	24.8	50.2	27.0	38.1	21.3	80.0	MAPPED	True	True	True	True	True
CEP131	ENSG00000141577	CEP131	4.1	12.3	6.2	3.9	2.0	8.5	10.7	MAPPED	True	True	True	True	True
CEP135	ENSG00000174799	CEP135	22.8	14.5	21.0	38.6	48.1	0.0	43.3	MAPPED	True	True	False	True	True
CEP152	ENSG00000103995	CEP152	2.1	2.8	2.3	30.9	0.0	0.0	5.2	MAPPED	True	True	False	True	True
CEP162	ENSG00000135315	CEP162	33.1	45.4	15.2	46.4	50.1	29.8	38.6	MAPPED	True	True	True	True	True
CEP164	ENSG00000110274	CEP164	623.1	72.2	174.8	96.6	88.1	46.9	372.5	MAPPED	True	True	True	True	True
CEP170	ENSG00000143702	CEP170	0.0	2.8	2.6	0.0	6.0	0.0	1.7	MAPPED	True	False	False	True	True
CEP170B	ENSG00000099814	CEP170B	113.9	12.2	8.8	7.7	26.0	34.1	54.0	MAPPED	True	True	True	True	True
CEP19	ENSG00000174007	CEP19	10.4	3.4	5.7	27.0	6.0	4.3	10.7	MAPPED	True	True	True	True	True
CEP192	ENSG00000101639	CEP192	82.8	87.9	75.5	65.7	70.1	25.6	104.3	MAPPED	True	True	True	True	True
CEP250	ENSG00000126001	CEP250	10.4	19.0	34.1	23.2	30.1	4.3	45.2	MAPPED	True	True	True	True	True
CEP290	ENSG00000198707	CEP290	113.9	81.8	82.0	112.0	106.2	8.5	180.8	MAPPED	True	True	True	True	True
CEP295	ENSG00000166004	CEP295	45.5	39.4	47.5	19.3	32.1	25.6	43.8	MAPPED	True	True	True	True	True
CEP350	ENSG00000135837	CEP350	157.3	130.7	139.8	81.1	138.2	140.7	181.5	MAPPED	True	True	True	True	True
CEP41	ENSG00000106477	CEP41	18.6	10.6	16.6	23.2	18.0	8.5	25.0	MAPPED	True	True	True	True	True
CEP63	ENSG00000182923	CEP63	0.0	0.0	1.5	0.0	0.0	4.3	1.7	MAPPED	True	False	True	True	True
CEP70	ENSG00000114107	CEP70	157.3	55.3	40.4	11.6	48.1	102.3	92.2	MAPPED	True	True	True	True	True
CEP72	ENSG00000112877	CEP72	0.0	7.4	5.3	0.0	2.0	0.0	2.5	MAPPED	True	False	False	True	True
CEP76	ENSG00000101624	CEP76	18.6	9.2	16.9	11.6	20.0	12.8	15.4	MAPPED	True	True	True	True	True
CEP78	ENSG00000148019	CEP78	180.1	23.0	31.8	27.0	2.0	72.5	83.3	MAPPED	True	True	True	True	True
CEP83	ENSG00000173588	CEP83	37.3	60.2	49.6	54.1	22.0	25.6	44.0	MAPPED	True	True	True	True	True
CEP85	ENSG00000130695	CEP85	22.8	12.3	32.6	23.2	14.0	12.8	51.8	MAPPED	True	True	True	True	True
CEP89	ENSG00000121289	CEP89	43.5	17.6	24.1	15.5	20.0	8.5	57.7	MAPPED	True	True	True	True	True
CEP97	ENSG00000182504	CEP97	26.9	25.8	20.2	3.9	22.0	0.0	29.9	MAPPED	True	True	False	True	True
CERKL	ENSG00000188452	CERKL	84.9	2.1	2.1	3.9	8.0	0.0	131.1	MAPPED	True	True	False	True	True
CES1	ENSG00000198848	CES1	0.0	0.0	0.0	0.0	0.0	0.0	0.0	MAPPED	False	False	False	False	False
CETN1	ENSG00000177143	CETN1	0.0	0.0	0.0	0.0	0.0	0.0	0.0	MAPPED	False	False	False	False	False
CETN2	ENSG00000147400	CETN2	12.4	9.1	5.8	0.0	6.0	21.3	17.2	MAPPED	True	True	True	True	True
CETN3	ENSG00000153140	CETN3	8.3	9.5	15.3	0.0	8.0	8.5	20.5	MAPPED	True	True	True	True	True
CFAP126	ENSG00000188931	CFAP126	0.0	1.4	2.6	0.0	0.0	0.0	1.0	MAPPED	True	False	False	True	True
CFAP161	ENSG00000156206	CFAP161	8.3	73.0	16.7	42.5	2.0	191.8	7.9	MAPPED	True	True	True	True	True
CFAP20	ENSG00000070761	CFAP20	35.2	13.2	20.5	15.5	30.1	12.8	33.7	MAPPED	True	True	True	True	True
CFAP298	ENSG00000159079	CFAP298	2.1	3.7	4.0	0.0	2.0	4.3	7.6	MAPPED	True	True	True	True	True
CFAP36	ENSG00000163001	CFAP36	0.0	45.9	37.9	23.2	30.1	38.4	123.8	MAPPED	True	False	True	True	True
CFAP410	ENSG00000160226	CFAP410	6.2	4.2	4.0	7.7	2.0	8.5	5.1	MAPPED	True	True	True	True	True
CFAP43	ENSG00000197748	CFAP43	68.3	11.7	5.3	27.0	2.0	4.3	49.9	MAPPED	True	True	True	True	True
CFAP44	ENSG00000206530	CFAP44	31.1	7.1	8.6	3.9	12.0	8.5	28.2	MAPPED	True	True	True	True	True
CFAP45	ENSG00000213085	CFAP45	0.0	0.7	0.2	0.0	0.0	0.0	0.2	MAPPED	True	False	False	True	True
CFAP52	ENSG00000166596	CFAP52	39.3	0.0	1.7	7.7	4.0	0.0	11.6	MAPPED	True	True	False	True	True
CFAP53	ENSG00000172361	CFAP53	12.4	3.5	6.8	7.7	6.0	0.0	11.8	MAPPED	True	True	False	True	True
CFAP70	ENSG00000156042	CFAP70	82.8	45.3	44.9	19.3	10.0	12.8	58.8	MAPPED	True	True	True	True	True
CFAP77	ENSG00000188523	CFAP77	62.1	3.5	1.9	7.7	2.0	0.0	41.8	MAPPED	True	True	False	True	True
CFH	ENSG00000000971	CFH	0.0	0.0	0.0	0.0	0.0	8.5	0.0	MAPPED	False	False	True	False	True
CFHR1	ENSG00000244414	CFHR1	0.0	0.0	0.9	0.0	0.0	0.0	0.2	MAPPED	True	False	False	True	True
CFHR3	ENSG00000116785	CFHR3	0.0	0.0	0.0	0.0	0.0	0.0	0.0	MAPPED	False	False	False	False	False
CFTR	ENSG00000001626	CFTR	20.7	30.5	5.1	15.5	26.0	4.3	1.3	MAPPED	True	True	True	True	True
CGAS	ENSG00000164430	CGAS	0.0	0.0	0.6	3.9	2.0	17.1	0.9	MAPPED	True	False	True	True	True
CGN	ENSG00000143375	CGN	4.1	18.6	3.9	23.2	2.0	0.0	0.8	MAPPED	True	True	False	True	True
CGNL1	ENSG00000128849	CGNL1	2.1	0.7	1.4	0.0	2.0	63.9	0.9	MAPPED	True	True	True	True	True
CH25H	ENSG00000138135	CH25H	0.0	0.0	0.0	0.0	2.0	0.0	0.0	MAPPED	False	False	False	False	False
CHAD	ENSG00000136457	CHAD	0.0	1.4	0.0	0.0	0.0	0.0	0.1	MAPPED	True	False	False	True	True
CHCHD10	ENSG00000250479	CHCHD10	95.2	9.8	42.2	19.3	14.0	451.9	95.5	MAPPED	True	True	True	True	True
CHCHD2	ENSG00000106153	CHCHD2	118.0	84.4	187.2	34.8	226.4	353.8	175.5	MAPPED	True	True	True	True	True
CHCHD3	ENSG00000106554	CHCHD3	176.0	142.3	157.3	200.9	182.3	136.4	157.1	MAPPED	True	True	True	True	True
CHCHD5	ENSG00000125611	CHCHD5	18.6	4.1	12.0	0.0	4.0	51.2	15.7	MAPPED	True	True	True	True	True
CHCHD7	ENSG00000170791	CHCHD7	6.2	7.6	20.6	0.0	6.0	21.3	19.3	MAPPED	True	True	True	True	True
CHD1	ENSG00000153922	CHD1	74.5	65.6	78.8	69.5	66.1	98.0	115.5	MAPPED	True	True	True	True	True
CHD3	ENSG00000170004	CHD3	12.4	82.1	61.7	15.5	38.1	17.1	11.7	MAPPED	True	True	True	True	True
CHD4	ENSG00000111642	CHD4	0.0	4.7	7.3	3.9	12.0	17.1	6.1	MAPPED	True	False	True	True	True
CHD8	ENSG00000100888	CHD8	53.8	33.4	55.6	73.4	46.1	29.8	43.7	MAPPED	True	True	True	True	True
CHDH	ENSG00000016391	CHDH	4.1	42.7	10.5	23.2	2.0	29.8	5.3	MAPPED	True	True	True	True	True
CHEK2	ENSG00000183765	CHEK2	2.1	2.1	1.9	11.6	2.0	8.5	1.7	MAPPED	True	True	True	True	True
CHERP	ENSG00000085872	CHERP	0.0	0.0	0.0	0.0	2.0	0.0	0.3	MAPPED	True	False	False	True	True
CHID1	ENSG00000177830	CHID1	29.0	8.1	29.1	3.9	36.1	59.7	55.9	MAPPED	True	True	True	True	True
CHKA	ENSG00000110721	CHKA	111.8	38.5	40.9	85.0	186.3	208.9	119.6	MAPPED	True	True	True	True	True
CHM	ENSG00000188419	CHM	58.0	69.7	72.8	77.3	26.0	76.7	52.4	MAPPED	True	True	True	True	True
CHMP1A	ENSG00000131165	CHMP1A	6.2	18.6	16.1	3.9	26.0	12.8	18.0	MAPPED	True	True	True	True	True
CHMP1B	ENSG00000255112	CHMP1B	0.0	0.0	0.0	0.0	0.0	0.0	0.1	MAPPED	True	False	False	True	True
CHMP2A	ENSG00000130724	CHMP2A	12.4	16.7	38.5	0.0	26.0	115.1	44.9	MAPPED	True	True	True	True	True
CHMP2B	ENSG00000083937	CHMP2B	8.3	11.2	14.0	0.0	24.0	21.3	15.3	MAPPED	True	True	True	True	True
CHMP3	ENSG00000115561	CHMP3	12.4	19.9	23.9	0.0	24.0	21.3	15.8	MAPPED	True	True	True	True	True
CHMP4A	ENSG00000254505	CHMP4A	0.0	0.0	0.0	0.0	0.0	0.0	0.0	MAPPED	False	False	False	False	False
CHMP4B	ENSG00000101421	CHMP4B	31.1	30.5	19.0	3.9	24.0	76.7	30.4	MAPPED	True	True	True	True	True
CHMP4C	ENSG00000164695	CHMP4C	0.0	0.0	0.2	0.0	0.0	4.3	0.0	MAPPED	False	False	True	False	True
CHMP6	ENSG00000176108	CHMP6	26.9	14.1	13.0	11.6	8.0	17.1	36.6	MAPPED	True	True	True	True	True
CHMP7	ENSG00000147457	CHMP7	6.2	9.6	9.4	0.0	16.0	21.3	8.5	MAPPED	True	True	True	True	True
CHRM1	ENSG00000168539	CHRM1	0.0	0.0	0.0	0.0	2.0	0.0	0.0	MAPPED	False	False	False	False	False
CHST10	ENSG00000115526	CHST10	0.0	11.8	10.7	3.9	6.0	4.3	4.5	MAPPED	True	False	True	True	True
CHURC1-FNTB	ENSG00000125954	CHURC1-FNTB	16.6	15.4	19.5	69.5	34.1	4.3	6.8	MAPPED	True	True	True	True	True
CIAO1	ENSG00000144021	CIAO1	53.8	54.7	60.1	34.8	42.1	34.1	58.9	MAPPED	True	True	True	True	True
CIB2	ENSG00000136425	CIB2	12.4	8.3	1.8	3.9	6.0	0.0	1.9	MAPPED	True	True	False	True	True
CIR1	ENSG00000138433	CIR1	37.3	33.8	48.8	34.8	50.1	34.1	65.7	MAPPED	True	True	True	True	True
CISD3	ENSG00000277972	CISD3	0.0	0.0	0.2	0.0	0.0	0.0	0.3	MAPPED	True	False	False	True	True
CKAP5	ENSG00000175216	CKAP5	151.1	97.5	59.6	135.2	86.1	51.2	97.7	MAPPED	True	True	True	True	True
CLASRP	ENSG00000104859	CLASRP	37.3	51.1	45.3	96.6	42.1	25.6	51.5	MAPPED	True	True	True	True	True
CLBA1	ENSG00000140104	CLBA1	0.0	5.7	5.2	3.9	6.0	0.0	9.9	MAPPED	True	False	False	True	True
CLCA1	ENSG00000016490	CLCA1	0.0	0.7	0.5	0.0	0.0	0.0	0.1	MAPPED	True	False	False	True	True
CLCA2	ENSG00000137975	CLCA2	0.0	0.0	0.0	0.0	0.0	0.0	0.1	MAPPED	True	False	False	True	True
CLCA4	ENSG00000016602	CLCA4	0.0	0.7	0.0	0.0	0.0	0.0	0.1	MAPPED	True	False	False	True	True
CLCC1	ENSG00000121940	CLCC1	0.0	3.2	1.6	0.0	2.0	4.3	2.9	MAPPED	True	False	True	True	True
CLCN3	ENSG00000109572	CLCN3	176.0	92.1	104.1	88.8	94.2	123.6	182.5	MAPPED	True	True	True	True	True
CLCN6	ENSG00000011021	CLCN6	14.5	55.0	34.4	61.8	40.1	17.1	35.7	MAPPED	True	True	True	True	True
CLDN19	ENSG00000164007	CLDN19	0.0	0.0	0.5	0.0	0.0	98.0	0.0	MAPPED	False	False	True	False	True
CLEC4M	ENSG00000104938	CLEC4M	0.0	0.0	0.0	0.0	0.0	4.3	0.1	MAPPED	True	False	True	True	True
CLHC1	ENSG00000162994	CLHC1	49.7	30.9	27.7	65.7	14.0	8.5	43.4	MAPPED	True	True	True	True	True
CLIC5	ENSG00000112782	CLIC5	0.0	2.8	1.5	0.0	0.0	12.8	1.4	MAPPED	True	False	True	True	True
CLIC6	ENSG00000159212	CLIC6	0.0	0.0	0.8	0.0	2.0	856.9	0.3	MAPPED	True	False	True	True	True
CLN3	ENSG00000188603	CLN3	0.0	0.0	0.2	0.0	0.0	0.0	0.0	MAPPED	False	False	False	False	False
CLN5	ENSG00000102805	CLN5	0.0	0.0	0.2	0.0	0.0	0.0	0.5	MAPPED	True	False	False	True	True
CLN6	ENSG00000128973	CLN6	4.1	1.4	7.8	7.7	4.0	0.0	1.8	MAPPED	True	True	False	True	True
CLN8	ENSG00000182372	CLN8	0.0	0.0	0.0	0.0	0.0	0.0	0.2	MAPPED	True	False	False	True	True
CLP1	ENSG00000172409	CLP1	0.0	0.7	4.3	0.0	0.0	0.0	2.9	MAPPED	True	False	False	True	True
CLPB	ENSG00000162129	CLPB	43.5	30.7	15.5	7.7	14.0	12.8	35.7	MAPPED	True	True	True	True	True
CLPP	ENSG00000125656	CLPP	18.6	11.8	21.6	0.0	12.0	68.2	16.0	MAPPED	True	True	True	True	True
CLPX	ENSG00000166855	CLPX	37.3	17.2	45.4	19.3	26.0	42.6	49.4	MAPPED	True	True	True	True	True
CLRN1	ENSG00000163646	CLRN1	0.0	3.2	1.3	0.0	12.0	0.0	0.6	MAPPED	True	False	False	True	True
CLTC	ENSG00000141367	CLTC	86.9	111.0	112.2	81.1	124.2	230.2	87.3	MAPPED	True	True	True	True	True
CLTCL1	ENSG00000070371	CLTCL1	35.2	51.8	7.0	239.5	36.1	25.6	11.0	MAPPED	True	True	True	True	True
CLU	ENSG00000120885	CLU	72.5	50.7	14.2	27.0	4.0	1978.0	29.0	MAPPED	True	True	True	True	True
CLUAP1	ENSG00000103351	CLUAP1	64.2	31.5	19.8	30.9	28.0	42.6	57.9	MAPPED	True	True	True	True	True
CLUL1	ENSG00000079101	CLUL1	10.4	10.1	13.2	30.9	22.0	29.8	404.5	MAPPED	True	True	True	True	True
CMC2	ENSG00000103121	CMC2	2.1	2.1	0.5	0.0	0.0	4.3	1.4	MAPPED	True	True	True	True	True
CMC4	ENSG00000182712	CMC4	0.0	1.1	0.8	0.0	0.0	4.3	0.8	MAPPED	True	False	True	True	True
CMTR1	ENSG00000137200	CMTR1	45.5	24.5	17.0	15.5	22.0	17.1	20.1	MAPPED	True	True	True	True	True
CNGA1	ENSG00000198515	CNGA1	8.3	3.2	21.1	42.5	32.1	4.3	1024.5	MAPPED	True	True	True	True	True
CNGA2	ENSG00000183862	CNGA2	0.0	0.0	0.0	0.0	0.0	0.0	0.0	MAPPED	False	False	False	False	False
CNGA3	ENSG00000144191	CNGA3	43.5	0.0	2.5	0.0	0.0	0.0	0.4	MAPPED	True	True	False	True	True
CNGA4	ENSG00000132259	CNGA4	16.6	0.0	2.7	3.9	6.0	0.0	12.1	MAPPED	True	True	False	True	True
CNGB1	ENSG00000070729	CNGB1	395.4	22.9	22.0	61.8	30.1	0.0	1524.0	MAPPED	True	True	False	True	True
CNGB3	ENSG00000170289	CNGB3	855.0	9.7	12.1	15.5	36.1	771.6	13.1	MAPPED	True	True	True	True	True
CNNM4	ENSG00000158158	CNNM4	186.3	15.5	80.7	38.6	80.1	4.3	129.6	MAPPED	True	True	True	True	True
CNOT1	ENSG00000125107	CNOT1	58.0	45.8	57.2	61.8	72.1	34.1	69.4	MAPPED	True	True	True	True	True
CNOT3	ENSG00000088038	CNOT3	0.0	0.7	2.2	0.0	4.0	4.3	2.4	MAPPED	True	False	True	True	True
CNR1	ENSG00000118432	CNR1	0.0	17.8	0.0	0.0	0.0	0.0	0.1	MAPPED	True	False	False	True	True
CNTF	ENSG00000242689	CNTF	0.0	0.0	0.0	0.0	0.0	0.0	0.0	MAPPED	False	False	False	False	False
CNTLN	ENSG00000044459	CNTLN	8.3	65.6	28.8	73.4	50.1	21.3	17.3	MAPPED	True	True	True	True	True
CNTRL	ENSG00000119397	CNTRL	80.7	50.0	59.8	69.5	68.1	17.1	114.4	MAPPED	True	True	True	True	True
CNTROB	ENSG00000170037	CNTROB	18.6	20.3	12.4	3.9	10.0	17.1	11.6	MAPPED	True	True	True	True	True
COA4	ENSG00000181924	COA4	10.4	8.1	10.5	0.0	10.0	42.6	11.2	MAPPED	True	True	True	True	True
COA6	ENSG00000168275	COA6	2.1	7.0	13.6	0.0	6.0	29.8	14.6	MAPPED	True	True	True	True	True
COASY	ENSG00000068120	COASY	6.2	4.6	8.5	3.9	14.0	8.5	7.7	MAPPED	True	True	True	True	True
COCH	ENSG00000100473	COCH	2.1	25.6	10.2	15.5	58.1	4.3	11.4	MAPPED	True	True	True	True	True
COIL	ENSG00000121058	COIL	24.8	16.8	22.8	15.5	16.0	8.5	35.3	MAPPED	True	True	True	True	True
COL9A2	ENSG00000049089	COL9A2	0.0	0.7	0.8	3.9	2.0	68.2	5.7	MAPPED	True	False	True	True	True
COPG1	ENSG00000181789	COPG1	16.6	15.4	13.0	15.5	12.0	21.3	11.8	MAPPED	True	True	True	True	True
COPS5	ENSG00000121022	COPS5	33.1	9.4	10.8	7.7	0.0	38.4	35.3	MAPPED	True	True	True	True	True
COQ10A	ENSG00000135469	COQ10A	29.0	9.0	10.5	7.7	8.0	51.2	16.2	MAPPED	True	True	True	True	True
COQ10B	ENSG00000115520	COQ10B	91.1	35.1	35.9	11.6	92.2	38.4	50.3	MAPPED	True	True	True	True	True
COQ2	ENSG00000173085	COQ2	10.4	6.5	9.0	7.7	2.0	4.3	7.9	MAPPED	True	True	True	True	True
COQ3	ENSG00000132423	COQ3	8.3	6.6	14.0	0.0	12.0	12.8	13.5	MAPPED	True	True	True	True	True
COQ4	ENSG00000167113	COQ4	22.8	17.5	26.0	11.6	28.0	29.8	41.8	MAPPED	True	True	True	True	True
COQ5	ENSG00000110871	COQ5	18.6	8.1	14.4	0.0	8.0	21.3	16.9	MAPPED	True	True	True	True	True
COQ6	ENSG00000119723	COQ6	20.7	14.5	16.2	3.9	24.0	4.3	24.7	MAPPED	True	True	True	True	True
COQ7	ENSG00000167186	COQ7	16.6	27.5	27.2	11.6	28.0	29.8	41.4	MAPPED	True	True	True	True	True
COQ8A	ENSG00000163050	COQ8A	0.0	0.0	0.0	0.0	0.0	0.0	0.0	MAPPED	False	False	False	False	False
COQ8B	ENSG00000123815	COQ8B	22.8	18.9	22.9	30.9	16.0	25.6	16.2	MAPPED	True	True	True	True	True
COQ9	ENSG00000088682	COQ9	16.6	16.9	19.3	19.3	16.0	25.6	26.3	MAPPED	True	True	True	True	True
CORO1A	ENSG00000102879	CORO1A	0.0	1.5	0.2	0.0	0.0	0.0	0.5	MAPPED	True	False	False	True	True
COX10	ENSG00000006695	COX10	58.0	22.7	32.0	15.5	34.1	63.9	45.5	MAPPED	True	True	True	True	True
COX11	ENSG00000166260	COX11	89.0	23.0	52.8	11.6	34.1	51.2	70.8	MAPPED	True	True	True	True	True
COX15	ENSG00000014919	COX15	0.0	0.0	0.1	3.9	0.0	0.0	0.2	MAPPED	True	False	False	True	True
COX17	ENSG00000138495	COX17	22.8	12.4	41.3	7.7	44.1	183.3	75.3	MAPPED	True	True	True	True	True
COX18	ENSG00000163626	COX18	6.2	10.1	10.9	7.7	12.0	12.8	12.0	MAPPED	True	True	True	True	True
COX19	ENSG00000240230	COX19	8.3	32.6	23.0	15.5	12.0	21.3	23.5	MAPPED	True	True	True	True	True
COX4I1	ENSG00000131143	COX4I1	99.4	45.2	136.4	30.9	100.2	366.6	150.7	MAPPED	True	True	True	True	True
COX5A	ENSG00000178741	COX5A	97.3	34.8	70.1	34.8	72.1	162.0	135.3	MAPPED	True	True	True	True	True
COX5B	ENSG00000135940	COX5B	180.1	42.3	107.7	34.8	60.1	447.6	162.2	MAPPED	True	True	True	True	True
COX6A1	ENSG00000111775	COX6A1	6.2	0.0	0.5	0.0	0.0	4.3	3.2	MAPPED	True	True	True	True	True
COX8A	ENSG00000176340	COX8A	6.2	0.0	7.4	0.0	6.0	179.0	26.0	MAPPED	True	True	True	True	True
CPA6	ENSG00000165078	CPA6	0.0	0.7	3.7	19.3	2.0	0.0	2.8	MAPPED	True	False	False	True	True
CPE	ENSG00000109472	CPE	952.3	304.1	467.6	135.2	36.1	68.2	617.8	MAPPED	True	True	True	True	True
CPLANE1	ENSG00000197603	CPLANE1	82.8	131.9	94.2	162.2	90.2	68.2	105.7	MAPPED	True	True	True	True	True
CPLANE2	ENSG00000132881	CPLANE2	2.1	0.7	0.5	0.0	0.0	0.0	1.2	MAPPED	True	True	False	True	True
CPLX4	ENSG00000166569	CPLX4	248.4	5.7	92.4	7.7	10.0	8.5	283.2	MAPPED	True	True	True	True	True
CPNE8	ENSG00000139117	CPNE8	0.0	88.9	1.3	3.9	0.0	38.4	1.4	MAPPED	True	False	True	True	True
CPOX	ENSG00000080819	CPOX	6.2	0.7	2.2	0.0	2.0	0.0	4.1	MAPPED	True	True	False	True	True
CPSF1	ENSG00000071894	CPSF1	0.0	5.5	5.0	3.9	4.0	8.5	3.9	MAPPED	True	False	True	True	True
CPSF6	ENSG00000111605	CPSF6	72.5	105.4	107.9	181.6	146.2	25.6	105.4	MAPPED	True	True	True	True	True
CPSF7	ENSG00000149532	CPSF7	51.8	29.8	32.1	23.2	28.0	29.8	37.6	MAPPED	True	True	True	True	True
CRABP1	ENSG00000166426	CRABP1	43.5	56.5	13.1	0.0	0.0	0.0	20.2	MAPPED	True	True	False	True	True
CRABP2	ENSG00000143320	CRABP2	0.0	2.1	0.9	3.9	0.0	4.3	0.3	MAPPED	True	False	True	True	True
CRAMP1	ENSG00000007545	CRAMP1	2.1	6.4	4.0	7.7	8.0	0.0	7.1	MAPPED	True	True	False	True	True
CRB1	ENSG00000134376	CRB1	254.6	40.2	54.1	46.4	16.0	4.3	337.3	MAPPED	True	True	True	True	True
CRB2	ENSG00000148204	CRB2	49.7	3.2	31.2	11.6	0.0	4.3	94.8	MAPPED	True	True	True	True	True
CRB3	ENSG00000130545	CRB3	0.0	0.0	0.2	0.0	0.0	4.3	0.3	MAPPED	True	False	True	True	True
CREB1	ENSG00000118260	CREB1	53.8	73.4	83.8	34.8	52.1	68.2	111.5	MAPPED	True	True	True	True	True
CREB3	ENSG00000107175	CREB3	12.4	9.0	18.6	3.9	10.0	8.5	12.4	MAPPED	True	True	True	True	True
CREB3L1	ENSG00000157613	CREB3L1	0.0	0.7	0.3	0.0	0.0	12.8	0.0	MAPPED	False	False	True	False	True
CREB3L2	ENSG00000182158	CREB3L2	24.8	11.7	19.3	11.6	34.1	55.4	23.3	MAPPED	True	True	True	True	True
CREB3L3	ENSG00000060566	CREB3L3	0.0	0.0	0.3	0.0	0.0	0.0	0.7	MAPPED	True	False	False	True	True
CREB3L4	ENSG00000143578	CREB3L4	0.0	3.4	3.7	0.0	2.0	12.8	4.4	MAPPED	True	False	True	True	True
CREB5	ENSG00000146592	CREB5	0.0	13.5	1.1	42.5	22.0	0.0	2.8	MAPPED	True	False	False	True	True
CREBBP	ENSG00000005339	CREBBP	86.9	174.2	110.1	88.8	164.3	89.5	68.6	MAPPED	True	True	True	True	True
CREBRF	ENSG00000164463	CREBRF	51.8	58.3	49.2	50.2	76.1	76.7	80.9	MAPPED	True	True	True	True	True
CREBZF	ENSG00000137504	CREBZF	53.8	66.1	85.4	46.4	90.2	38.4	86.8	MAPPED	True	True	True	True	True
CREM	ENSG00000095794	CREM	72.5	54.5	55.1	54.1	74.1	76.7	89.2	MAPPED	True	True	True	True	True
CRH	ENSG00000147571	CRH	0.0	0.7	0.0	0.0	0.0	0.0	0.0	MAPPED	False	False	False	False	False
CRHR1	ENSG00000120088	CRHR1	0.0	0.0	0.6	0.0	0.0	0.0	0.1	MAPPED	True	False	False	True	True
CRIPT	ENSG00000119878	CRIPT	20.7	18.9	31.6	23.2	18.0	72.5	42.5	MAPPED	True	True	True	True	True
CRLF1	ENSG00000006016	CRLF1	16.6	31.4	16.4	11.6	28.0	8.5	13.7	MAPPED	True	True	True	True	True
CRNKL1	ENSG00000101343	CRNKL1	22.8	5.6	14.0	11.6	14.0	17.1	27.3	MAPPED	True	True	True	True	True
CROCC	ENSG00000058453	CROCC	55.9	73.5	99.4	119.7	52.1	8.5	329.8	MAPPED	True	True	True	True	True
CRPPA	ENSG00000214960	CRPPA	29.0	95.8	35.4	123.6	94.2	153.5	44.5	MAPPED	True	True	True	True	True
CRTC2	ENSG00000160741	CRTC2	0.0	8.1	4.3	0.0	4.0	4.3	5.5	MAPPED	True	False	True	True	True
CRX	ENSG00000105392	CRX	358.1	6.6	105.9	19.3	22.0	370.9	556.0	MAPPED	True	True	True	True	True
CRYBA1	ENSG00000108255	CRYBA1	0.0	1.4	2.4	0.0	0.0	0.0	2.3	MAPPED	True	False	False	True	True
CRYBB2	ENSG00000244752	CRYBB2	2.1	0.0	0.6	0.0	0.0	0.0	1.6	MAPPED	True	True	False	True	True
CRYBB3	ENSG00000100053	CRYBB3	0.0	0.0	0.3	0.0	0.0	0.0	0.7	MAPPED	True	False	False	True	True
CRYBG3	ENSG00000080200	CRYBG3	10.4	2.1	269.3	7.7	30.1	42.6	13.3	MAPPED	True	True	True	True	True
CRYGC	ENSG00000163254	CRYGC	0.0	0.0	0.0	0.0	0.0	0.0	0.0	MAPPED	False	False	False	False	False
CRYGD	ENSG00000118231	CRYGD	0.0	0.0	0.0	0.0	0.0	0.0	0.5	MAPPED	True	False	False	True	True
CS	ENSG00000062485	CS	70.4	31.7	21.3	19.3	28.0	21.3	46.8	MAPPED	True	True	True	True	True
CSF1	ENSG00000184371	CSF1	0.0	0.0	0.3	0.0	0.0	0.0	0.2	MAPPED	True	False	False	True	True
CSF2	ENSG00000164400	CSF2	0.0	0.0	0.0	0.0	0.0	0.0	0.0	MAPPED	False	False	False	False	False
CSH1	ENSG00000136488	CSH1	0.0	0.0	0.0	0.0	0.0	0.0	0.0	MAPPED	False	False	False	False	False
CSH2	ENSG00000213218	CSH2	0.0	0.0	0.0	0.0	0.0	0.0	0.0	MAPPED	False	False	False	False	False
CSHL1	ENSG00000204414	CSHL1	0.0	0.0	0.0	0.0	0.0	0.0	0.0	MAPPED	False	False	False	False	False
CSK	ENSG00000103653	CSK	6.2	23.6	21.2	7.7	28.0	0.0	7.6	MAPPED	True	True	False	True	True
CSMD1	ENSG00000183117	CSMD1	39.3	378.0	463.4	3.9	6.0	17.1	19.9	MAPPED	True	True	True	True	True
CSMD3	ENSG00000164796	CSMD3	4.1	179.5	164.2	235.6	2.0	0.0	3.8	MAPPED	True	True	False	True	True
CSPP1	ENSG00000104218	CSPP1	250.5	64.5	66.0	100.4	42.1	34.1	271.7	MAPPED	True	True	True	True	True
CST3	ENSG00000101439	CST3	4.1	10.7	79.8	15.5	26.0	11782.8	8.4	MAPPED	True	True	True	True	True
CSTF2	ENSG00000101811	CSTF2	8.3	6.8	7.9	3.9	8.0	4.3	9.1	MAPPED	True	True	True	True	True
CTBP1	ENSG00000159692	CTBP1	22.8	16.4	26.4	7.7	38.1	34.1	17.1	MAPPED	True	True	True	True	True
CTBP2	ENSG00000175029	CTBP2	308.4	494.2	254.1	42.5	374.6	115.1	185.5	MAPPED	True	True	True	True	True
CTH	ENSG00000116761	CTH	70.4	8.0	28.3	3.9	2.0	55.4	40.2	MAPPED	True	True	True	True	True
CTNNB1	ENSG00000168036	CTNNB1	99.4	70.8	80.1	46.4	60.1	98.0	107.2	MAPPED	True	True	True	True	True
CTNNBL1	ENSG00000132792	CTNNBL1	47.6	35.8	38.1	69.5	54.1	51.2	34.3	MAPPED	True	True	True	True	True
CTNS	ENSG00000040531	CTNS	6.2	4.1	9.5	3.9	20.0	8.5	10.2	MAPPED	True	True	True	True	True
CTPS1	ENSG00000171793	CTPS1	8.3	25.9	27.0	3.9	6.0	12.8	6.6	MAPPED	True	True	True	True	True
CTPS2	ENSG00000047230	CTPS2	24.8	25.0	38.7	11.6	32.1	38.4	27.8	MAPPED	True	True	True	True	True
CTSD	ENSG00000117984	CTSD	0.0	0.7	0.7	0.0	0.0	55.4	0.2	MAPPED	True	False	True	True	True
CTSF	ENSG00000174080	CTSF	18.6	91.6	55.1	27.0	70.1	59.7	25.5	MAPPED	True	True	True	True	True
CTSH	ENSG00000103811	CTSH	29.0	5.3	4.1	11.6	6.0	63.9	9.6	MAPPED	True	True	True	True	True
CTTNBP2	ENSG00000077063	CTTNBP2	74.5	307.1	58.4	112.0	230.4	0.0	2.9	MAPPED	True	True	False	True	True
CTU2	ENSG00000174177	CTU2	4.1	11.2	7.7	0.0	8.0	0.0	3.4	MAPPED	True	True	False	True	True
CUBN	ENSG00000107611	CUBN	14.5	10.4	16.2	15.5	16.0	0.0	15.9	MAPPED	True	True	False	True	True
CUL3	ENSG00000036257	CUL3	149.0	116.3	160.4	77.3	182.3	157.7	164.2	MAPPED	True	True	True	True	True
CUL7	ENSG00000044090	CUL7	4.1	9.7	9.2	7.7	8.0	4.3	9.7	MAPPED	True	True	True	True	True
CUX1	ENSG00000257923	CUX1	383.0	584.0	282.2	625.8	380.6	208.9	427.4	MAPPED	True	True	True	True	True
CWC15	ENSG00000150316	CWC15	22.8	28.0	34.0	0.0	36.1	55.4	40.0	MAPPED	True	True	True	True	True
CWC22	ENSG00000163510	CWC22	24.8	24.5	23.3	11.6	30.1	17.1	31.1	MAPPED	True	True	True	True	True
CWC25	ENSG00000273559	CWC25	12.4	5.3	5.7	11.6	4.0	12.8	9.3	MAPPED	True	True	True	True	True
CWC27	ENSG00000153015	CWC27	76.6	78.6	83.7	81.1	70.1	34.1	108.5	MAPPED	True	True	True	True	True
CWF19L1	ENSG00000095485	CWF19L1	29.0	23.4	35.9	23.2	28.0	8.5	43.6	MAPPED	True	True	True	True	True
CWF19L2	ENSG00000152404	CWF19L2	109.7	81.3	105.9	100.4	72.1	29.8	117.5	MAPPED	True	True	True	True	True
CX3CL1	ENSG00000006210	CX3CL1	0.0	48.0	3.7	11.6	6.0	0.0	0.6	MAPPED	True	False	False	True	True
CX3CR1	ENSG00000168329	CX3CR1	0.0	2.1	0.0	0.0	0.0	0.0	0.1	MAPPED	True	False	False	True	True
CXCL11	ENSG00000169248	CXCL11	0.0	0.0	0.0	0.0	0.0	0.0	0.0	MAPPED	False	False	False	False	False
CXCR4	ENSG00000121966	CXCR4	0.0	0.0	6.6	0.0	0.0	29.8	0.2	MAPPED	True	False	True	True	True
CXCR5	ENSG00000160683	CXCR5	6.2	2.1	5.0	0.0	0.0	0.0	0.3	MAPPED	True	True	False	True	True
CXorf51A	ENSG00000224440	CXorf51A	0.0	0.0	0.0	0.0	0.0	0.0	0.0	MAPPED	False	False	False	False	False
CXorf56										UNMAPPED					
CXorf66	ENSG00000203933	CXorf66	0.0	0.0	0.0	0.0	0.0	0.0	0.0	MAPPED	False	False	False	False	False
CYB561A3	ENSG00000162144	CYB561A3	24.8	6.8	6.2	3.9	12.0	4.3	32.5	MAPPED	True	True	True	True	True
CYB5A	ENSG00000166347	CYB5A	22.8	8.8	7.6	23.2	12.0	68.2	11.9	MAPPED	True	True	True	True	True
CYB5B	ENSG00000103018	CYB5B	24.8	34.4	23.6	73.4	18.0	55.4	43.8	MAPPED	True	True	True	True	True
CYB5D1	ENSG00000182224	CYB5D1	0.0	0.0	0.1	0.0	0.0	0.0	0.9	MAPPED	True	False	False	True	True
CYB5R1	ENSG00000159348	CYB5R1	31.1	14.1	16.4	3.9	8.0	29.8	23.2	MAPPED	True	True	True	True	True
CYB5R4	ENSG00000065615	CYB5R4	33.1	66.8	35.1	54.1	64.1	46.9	45.1	MAPPED	True	True	True	True	True
CYBRD1	ENSG00000071967	CYBRD1	0.0	0.0	0.0	0.0	0.0	51.2	0.7	MAPPED	True	False	True	True	True
CYC1	ENSG00000179091	CYC1	53.8	35.2	57.8	0.0	32.1	59.7	42.9	MAPPED	True	True	True	True	True
CYCS	ENSG00000172115	CYCS	95.2	67.9	93.8	42.5	74.1	255.8	95.2	MAPPED	True	True	True	True	True
CYGB	ENSG00000161544	CYGB	2.1	12.8	31.9	3.9	8.0	0.0	6.0	MAPPED	True	True	False	True	True
CYP11A1	ENSG00000140459	CYP11A1	0.0	0.0	0.0	0.0	0.0	0.0	0.0	MAPPED	False	False	False	False	False
CYP1A1	ENSG00000140465	CYP1A1	0.0	0.0	0.0	0.0	0.0	0.0	0.0	MAPPED	False	False	False	False	False
CYP1A2	ENSG00000140505	CYP1A2	0.0	0.0	0.0	0.0	0.0	0.0	0.0	MAPPED	False	False	False	False	False
CYP1B1	ENSG00000138061	CYP1B1	0.0	7.3	1.9	0.0	0.0	102.3	0.3	MAPPED	True	False	True	True	True
CYP26A1	ENSG00000095596	CYP26A1	0.0	0.0	0.1	0.0	0.0	0.0	0.2	MAPPED	True	False	False	True	True
CYP26B1	ENSG00000003137	CYP26B1	0.0	1.1	0.0	0.0	0.0	4.3	0.3	MAPPED	True	False	True	True	True
CYP26C1	ENSG00000187553	CYP26C1	0.0	0.0	0.0	0.0	0.0	0.0	0.0	MAPPED	False	False	False	False	False
CYP27C1	ENSG00000186684	CYP27C1	2.1	1.5	0.0	0.0	0.0	0.0	0.2	MAPPED	True	True	False	True	True
CYP2F1	ENSG00000197446	CYP2F1	0.0	0.0	0.0	0.0	0.0	0.0	0.1	MAPPED	True	False	False	True	True
CYP2S1	ENSG00000167600	CYP2S1	2.1	1.4	0.0	0.0	2.0	0.0	0.1	MAPPED	True	True	False	True	True
CYP2U1	ENSG00000155016	CYP2U1	8.3	8.8	9.2	3.9	10.0	8.5	9.2	MAPPED	True	True	True	True	True
CYP2W1	ENSG00000073067	CYP2W1	2.1	0.0	0.7	0.0	0.0	0.0	0.0	MAPPED	False	True	False	True	True
CYP3A4	ENSG00000160868	CYP3A4	0.0	2.5	0.6	0.0	0.0	0.0	0.7	MAPPED	True	False	False	True	True
CYP4V2	ENSG00000145476	CYP4V2	29.0	12.2	43.7	3.9	6.0	46.9	38.6	MAPPED	True	True	True	True	True
CYP51A1	ENSG00000001630	CYP51A1	60.0	7.6	11.4	38.6	14.0	8.5	53.8	MAPPED	True	True	True	True	True
CYS1	ENSG00000205795	CYS1	0.0	5.5	17.0	3.9	0.0	12.8	1.3	MAPPED	True	False	True	True	True
DAG1	ENSG00000173402	DAG1	39.3	18.9	12.3	15.5	6.0	68.2	33.0	MAPPED	True	True	True	True	True
DAP3	ENSG00000132676	DAP3	64.2	61.6	64.9	54.1	42.1	34.1	139.0	MAPPED	True	True	True	True	True
DAW1	ENSG00000123977	DAW1	24.8	0.0	0.0	7.7	0.0	0.0	1.2	MAPPED	True	True	False	True	True
DAXX	ENSG00000204209	DAXX	2.1	2.1	1.8	0.0	4.0	4.3	3.3	MAPPED	True	True	True	True	True
DBN1	ENSG00000113758	DBN1	2.1	20.6	3.4	0.0	34.1	17.1	2.7	MAPPED	True	True	True	True	True
DBR1	ENSG00000138231	DBR1	8.3	2.5	5.5	0.0	6.0	8.5	5.4	MAPPED	True	True	True	True	True
DBT	ENSG00000137992	DBT	33.1	21.6	25.8	27.0	20.0	25.6	23.0	MAPPED	True	True	True	True	True
DCAF10	ENSG00000122741	DCAF10	86.9	62.1	65.3	57.9	94.2	72.5	89.3	MAPPED	True	True	True	True	True
DCAF7	ENSG00000136485	DCAF7	2.1	0.0	0.9	0.0	0.0	0.0	1.0	MAPPED	True	True	False	True	True
DCK	ENSG00000156136	DCK	0.0	10.4	9.4	0.0	12.0	8.5	5.7	MAPPED	True	False	True	True	True
DCSTAMP	ENSG00000164935	DCSTAMP	0.0	0.0	0.0	0.0	0.0	0.0	0.0	MAPPED	False	False	False	False	False
DCT	ENSG00000080166	DCT	8.3	2.1	1.7	0.0	0.0	4.3	5.9	MAPPED	True	True	True	True	True
DCTN1	ENSG00000204843	DCTN1	24.8	7.5	13.5	23.2	12.0	12.8	23.8	MAPPED	True	True	True	True	True
DCTN2	ENSG00000175203	DCTN2	62.1	33.8	62.7	15.5	46.1	29.8	37.7	MAPPED	True	True	True	True	True
DCTN4	ENSG00000132912	DCTN4	60.0	55.1	66.1	54.1	58.1	93.8	84.2	MAPPED	True	True	True	True	True
DDB1	ENSG00000167986	DDB1	275.3	54.6	68.5	46.4	86.1	98.0	385.8	MAPPED	True	True	True	True	True
DDIT3	ENSG00000175197	DDIT3	60.0	30.8	60.8	0.0	32.1	38.4	69.1	MAPPED	True	True	True	True	True
DDOST	ENSG00000244038	DDOST	49.7	21.5	21.6	15.5	16.0	29.8	23.8	MAPPED	True	True	True	True	True
DDX1	ENSG00000079785	DDX1	103.5	39.4	52.5	19.3	50.1	55.4	75.7	MAPPED	True	True	True	True	True
DDX17	ENSG00000100201	DDX17	229.8	303.9	319.4	135.2	226.4	456.1	416.8	MAPPED	True	True	True	True	True
DDX18	ENSG00000088205	DDX18	47.6	54.2	89.1	11.6	48.1	29.8	72.1	MAPPED	True	True	True	True	True
DDX19A	ENSG00000168872	DDX19A	4.1	5.9	7.8	0.0	6.0	8.5	6.1	MAPPED	True	True	True	True	True
DDX20	ENSG00000064703	DDX20	4.1	10.6	28.0	15.5	12.0	8.5	11.6	MAPPED	True	True	True	True	True
DDX21	ENSG00000165732	DDX21	14.5	21.1	24.5	11.6	14.0	21.3	28.7	MAPPED	True	True	True	True	True
DDX23	ENSG00000174243	DDX23	14.5	6.9	12.7	11.6	14.0	17.1	21.9	MAPPED	True	True	True	True	True
DDX27	ENSG00000124228	DDX27	18.6	11.9	18.1	23.2	22.0	4.3	24.1	MAPPED	True	True	True	True	True
DDX39A	ENSG00000123136	DDX39A	0.0	7.0	9.2	7.7	8.0	12.8	5.2	MAPPED	True	False	True	True	True
DDX39B	ENSG00000198563	DDX39B	0.0	0.0	0.0	0.0	0.0	0.0	0.0	MAPPED	False	False	False	False	False
DDX3X	ENSG00000215301	DDX3X	78.7	53.0	52.8	23.2	54.1	127.9	86.2	MAPPED	True	True	True	True	True
DDX3Y	ENSG00000067048	DDX3Y	31.1	30.9	42.0	3.9	30.1	0.0	32.8	MAPPED	True	True	False	True	True
DDX4	ENSG00000152670	DDX4	2.1	0.0	0.2	3.9	0.0	0.0	0.5	MAPPED	True	True	False	True	True
DDX41	ENSG00000183258	DDX41	4.1	5.3	10.0	0.0	6.0	0.0	5.1	MAPPED	True	True	False	True	True
DDX42	ENSG00000198231	DDX42	47.6	36.7	38.9	19.3	38.1	55.4	50.1	MAPPED	True	True	True	True	True
DDX46	ENSG00000145833	DDX46	68.3	84.8	105.3	123.6	106.2	46.9	134.2	MAPPED	True	True	True	True	True
DDX49	ENSG00000105671	DDX49	18.6	14.4	21.9	23.2	12.0	12.8	27.1	MAPPED	True	True	True	True	True
DDX5	ENSG00000108654	DDX5	161.5	202.0	256.6	104.3	268.5	345.3	283.0	MAPPED	True	True	True	True	True
DDX50	ENSG00000107625	DDX50	122.1	64.1	104.5	50.2	76.1	21.3	144.8	MAPPED	True	True	True	True	True
DDX52	ENSG00000278053	DDX52	10.4	6.6	7.3	3.9	2.0	4.3	8.2	MAPPED	True	True	True	True	True
DDX54	ENSG00000123064	DDX54	6.2	14.6	15.4	27.0	18.0	34.1	15.2	MAPPED	True	True	True	True	True
DDX56	ENSG00000136271	DDX56	12.4	15.9	19.0	11.6	12.0	12.8	13.3	MAPPED	True	True	True	True	True
DDX59	ENSG00000118197	DDX59	6.2	13.0	11.1	0.0	18.0	8.5	11.8	MAPPED	True	True	True	True	True
DEGS1	ENSG00000143753	DEGS1	20.7	17.0	27.2	15.5	6.0	46.9	21.8	MAPPED	True	True	True	True	True
DEPDC1	ENSG00000024526	DEPDC1	0.0	0.7	0.1	0.0	0.0	0.0	0.0	MAPPED	False	False	False	False	False
DEPDC1B	ENSG00000035499	DEPDC1B	0.0	2.8	0.7	0.0	0.0	0.0	1.1	MAPPED	True	False	False	True	True
DERA	ENSG00000023697	DERA	178.0	28.2	8.6	50.2	28.0	8.5	144.9	MAPPED	True	True	True	True	True
DERL1	ENSG00000136986	DERL1	20.7	4.6	15.4	11.6	16.0	12.8	19.3	MAPPED	True	True	True	True	True
DGAT1	ENSG00000185000	DGAT1	0.0	0.0	0.6	0.0	2.0	0.0	0.4	MAPPED	True	False	False	True	True
DGAT2	ENSG00000062282	DGAT2	0.0	0.0	1.1	0.0	2.0	4.3	0.3	MAPPED	True	False	True	True	True
DHCR24	ENSG00000116133	DHCR24	0.0	50.8	3.9	38.6	6.0	42.6	0.8	MAPPED	True	False	True	True	True
DHCR7	ENSG00000172893	DHCR7	4.1	15.8	4.8	15.5	0.0	59.7	5.9	MAPPED	True	True	True	True	True
DHDDS	ENSG00000117682	DHDDS	279.5	39.7	38.4	61.8	22.0	12.8	132.6	MAPPED	True	True	True	True	True
DHFR	ENSG00000228716	DHFR	4.1	2.9	3.6	11.6	8.0	8.5	2.7	MAPPED	True	True	True	True	True
DHODH	ENSG00000102967	DHODH	10.4	5.7	4.9	0.0	10.0	0.0	4.8	MAPPED	True	True	False	True	True
DHRS3	ENSG00000162496	DHRS3	188.4	0.0	5.0	0.0	8.0	230.2	3.1	MAPPED	True	True	True	True	True
DHRS4	ENSG00000157326	DHRS4	0.0	0.0	0.3	0.0	0.0	0.0	0.4	MAPPED	True	False	False	True	True
DHRS9	ENSG00000073737	DHRS9	0.0	0.0	0.0	0.0	0.0	0.0	0.1	MAPPED	True	False	False	True	True
DHTKD1	ENSG00000181192	DHTKD1	24.8	13.9	21.7	30.9	54.1	34.1	36.3	MAPPED	True	True	True	True	True
DHX15	ENSG00000109606	DHX15	58.0	43.8	40.2	38.6	34.1	42.6	59.7	MAPPED	True	True	True	True	True
DHX16	ENSG00000204560	DHX16	12.4	2.8	3.8	3.9	4.0	17.1	17.7	MAPPED	True	True	True	True	True
DHX29	ENSG00000067248	DHX29	86.9	63.4	76.9	65.7	48.1	72.5	69.2	MAPPED	True	True	True	True	True
DHX30	ENSG00000132153	DHX30	64.2	36.8	47.8	50.2	50.1	72.5	56.4	MAPPED	True	True	True	True	True
DHX32	ENSG00000089876	DHX32	107.6	43.4	43.0	42.5	66.1	55.4	57.2	MAPPED	True	True	True	True	True
DHX33	ENSG00000005100	DHX33	10.4	6.2	7.4	7.7	10.0	0.0	9.9	MAPPED	True	True	False	True	True
DHX34	ENSG00000134815	DHX34	16.6	11.0	14.1	23.2	16.0	8.5	14.2	MAPPED	True	True	True	True	True
DHX35	ENSG00000101452	DHX35	26.9	26.0	27.6	30.9	26.0	12.8	31.8	MAPPED	True	True	True	True	True
DHX36	ENSG00000174953	DHX36	74.5	85.4	98.5	108.2	108.2	46.9	74.5	MAPPED	True	True	True	True	True
DHX37	ENSG00000150990	DHX37	6.2	7.6	4.8	3.9	10.0	21.3	4.3	MAPPED	True	True	True	True	True
DHX38	ENSG00000140829	DHX38	22.8	15.4	26.7	19.3	36.1	0.0	23.8	MAPPED	True	True	False	True	True
DHX40	ENSG00000108406	DHX40	22.8	25.2	11.9	11.6	58.1	29.8	17.1	MAPPED	True	True	True	True	True
DHX57	ENSG00000163214	DHX57	35.2	40.4	57.5	42.5	26.0	42.6	56.0	MAPPED	True	True	True	True	True
DHX8	ENSG00000067596	DHX8	53.8	50.5	55.0	19.3	24.0	34.1	54.6	MAPPED	True	True	True	True	True
DHX9	ENSG00000135829	DHX9	103.5	68.2	89.9	50.2	58.1	110.8	133.9	MAPPED	True	True	True	True	True
DIAPH1	ENSG00000131504	DIAPH1	186.3	31.6	41.8	27.0	32.1	8.5	237.4	MAPPED	True	True	True	True	True
DIAPH2	ENSG00000147202	DIAPH2	279.5	47.7	53.8	119.7	12.0	345.3	137.0	MAPPED	True	True	True	True	True
DIAPH3	ENSG00000139734	DIAPH3	2.1	5.0	2.8	7.7	2.0	0.0	2.7	MAPPED	True	True	False	True	True
DIDO1	ENSG00000101191	DIDO1	78.7	53.7	51.7	34.8	56.1	51.2	58.4	MAPPED	True	True	True	True	True
DIP2A	ENSG00000160305	DIP2A	176.0	95.9	93.7	139.1	64.1	63.9	396.2	MAPPED	True	True	True	True	True
DIP2C	ENSG00000151240	DIP2C	242.2	300.8	155.0	475.1	6.0	166.3	185.5	MAPPED	True	True	True	True	True
DLAT	ENSG00000150768	DLAT	41.4	13.5	13.3	15.5	10.0	38.4	33.1	MAPPED	True	True	True	True	True
DLD	ENSG00000091140	DLD	51.8	35.8	49.7	23.2	26.0	55.4	44.6	MAPPED	True	True	True	True	True
DLG4	ENSG00000132535	DLG4	209.1	27.4	64.8	7.7	28.0	0.0	141.9	MAPPED	True	True	False	True	True
DLST	ENSG00000119689	DLST	62.1	51.0	54.4	65.7	54.1	21.3	81.4	MAPPED	True	True	True	True	True
DMD	ENSG00000198947	DMD	2591.8	207.2	782.4	170.0	92.2	144.9	3789.5	MAPPED	True	True	True	True	True
DMWD	ENSG00000185800	DMWD	0.0	1.4	1.4	0.0	2.0	12.8	3.4	MAPPED	True	False	True	True	True
DNAAF1	ENSG00000154099	DNAAF1	35.2	0.7	1.1	7.7	2.0	0.0	34.7	MAPPED	True	True	False	True	True
DNAAF2	ENSG00000165506	DNAAF2	14.5	13.8	13.2	7.7	14.0	17.1	28.1	MAPPED	True	True	True	True	True
DNAAF3	ENSG00000167646	DNAAF3	0.0	0.0	0.0	0.0	2.0	0.0	0.5	MAPPED	True	False	False	True	True
DNAAF4	ENSG00000256061	DNAAF4	8.3	0.7	0.1	0.0	0.0	0.0	6.8	MAPPED	True	True	False	True	True
DNAAF5	ENSG00000164818	DNAAF5	51.8	15.0	9.5	19.3	52.1	4.3	38.0	MAPPED	True	True	True	True	True
DNAH10	ENSG00000197653	DNAH10	10.4	2.6	0.9	0.0	0.0	0.0	2.5	MAPPED	True	True	False	True	True
DNAH11	ENSG00000105877	DNAH11	0.0	2.8	1.4	3.9	20.0	0.0	2.6	MAPPED	True	False	False	True	True
DNAH12	ENSG00000174844	DNAH12	0.0	1.4	6.2	3.9	6.0	0.0	4.1	MAPPED	True	False	False	True	True
DNAH5	ENSG00000039139	DNAH5	8.3	1.4	2.0	0.0	0.0	0.0	0.9	MAPPED	True	True	False	True	True
DNAH9	ENSG00000007174	DNAH9	20.7	13.0	10.7	19.3	12.0	0.0	51.8	MAPPED	True	True	False	True	True
DNAI1	ENSG00000122735	DNAI1	82.8	3.9	1.3	27.0	4.0	0.0	25.3	MAPPED	True	True	False	True	True
DNAI2	ENSG00000171595	DNAI2	0.0	0.0	0.7	0.0	2.0	0.0	0.5	MAPPED	True	False	False	True	True
DNAJA1	ENSG00000086061	DNAJA1	273.3	79.1	187.0	100.4	108.2	46.9	192.2	MAPPED	True	True	True	True	True
DNAJB13	ENSG00000187726	DNAJB13	0.0	0.0	0.8	0.0	0.0	4.3	1.0	MAPPED	True	False	True	True	True
DNAJB4	ENSG00000162616	DNAJB4	0.0	0.0	1.2	0.0	0.0	0.0	3.1	MAPPED	True	False	False	True	True
DNAJC17	ENSG00000104129	DNAJC17	49.7	56.3	51.1	54.1	46.1	8.5	44.9	MAPPED	True	True	True	True	True
DNAJC18	ENSG00000170464	DNAJC18	4.1	0.7	1.5	0.0	2.0	0.0	1.1	MAPPED	True	True	False	True	True
DNAJC19	ENSG00000205981	DNAJC19	20.7	11.2	22.4	0.0	28.0	38.4	52.3	MAPPED	True	True	True	True	True
DNAJC28	ENSG00000177692	DNAJC28	0.0	0.0	0.2	0.0	0.0	0.0	0.3	MAPPED	True	False	False	True	True
DNAJC5	ENSG00000101152	DNAJC5	29.0	38.3	36.5	7.7	38.1	17.1	21.0	MAPPED	True	True	True	True	True
DNAJC5B	ENSG00000147570	DNAJC5B	0.0	0.0	0.2	0.0	2.0	0.0	0.4	MAPPED	True	False	False	True	True
DNAJC6	ENSG00000116675	DNAJC6	157.3	184.6	143.1	119.7	202.3	0.0	142.7	MAPPED	True	True	False	True	True
DNAJC8	ENSG00000126698	DNAJC8	31.1	30.8	46.4	23.2	46.1	68.2	58.4	MAPPED	True	True	True	True	True
DNALI1	ENSG00000163879	DNALI1	16.6	1.4	0.5	0.0	2.0	4.3	14.2	MAPPED	True	True	True	True	True
DNM1	ENSG00000106976	DNM1	211.2	239.5	200.0	394.0	62.1	12.8	199.3	MAPPED	True	True	True	True	True
DNM2	ENSG00000079805	DNM2	176.0	118.6	146.0	224.0	380.6	25.6	136.5	MAPPED	True	True	True	True	True
DOC2A	ENSG00000149927	DOC2A	20.7	11.4	1.0	0.0	0.0	0.0	2.6	MAPPED	True	True	False	True	True
DOCK1	ENSG00000150760	DOCK1	4.1	6.3	34.2	0.0	10.0	115.1	9.0	MAPPED	True	True	True	True	True
DOCK4	ENSG00000128512	DOCK4	159.4	267.8	309.1	81.1	717.2	46.9	153.0	MAPPED	True	True	True	True	True
DOLK	ENSG00000175283	DOLK	6.2	4.6	4.4	0.0	10.0	12.8	3.1	MAPPED	True	True	True	True	True
DOLPP1	ENSG00000167130	DOLPP1	2.1	4.1	2.0	0.0	0.0	0.0	1.6	MAPPED	True	True	False	True	True
DOT1L	ENSG00000104885	DOT1L	78.7	37.2	38.4	11.6	38.1	25.6	55.3	MAPPED	True	True	True	True	True
DPAGT1	ENSG00000172269	DPAGT1	14.5	3.9	4.3	0.0	6.0	0.0	3.5	MAPPED	True	True	False	True	True
DPH2	ENSG00000132768	DPH2	10.4	2.8	3.3	0.0	2.0	0.0	3.5	MAPPED	True	True	False	True	True
DPH3	ENSG00000154813	DPH3	22.8	3.2	9.7	27.0	10.0	12.8	16.2	MAPPED	True	True	True	True	True
DPH5	ENSG00000117543	DPH5	6.2	13.7	12.5	7.7	12.0	17.1	13.6	MAPPED	True	True	True	True	True
DPM1	ENSG00000000419	DPM1	26.9	25.2	31.8	19.3	28.0	25.6	34.8	MAPPED	True	True	True	True	True
DPM2	ENSG00000136908	DPM2	10.4	9.6	15.0	0.0	30.1	8.5	9.8	MAPPED	True	True	True	True	True
DPM3	ENSG00000179085	DPM3	20.7	5.3	16.8	0.0	8.0	59.7	17.5	MAPPED	True	True	True	True	True
DPRX	ENSG00000204595	DPRX	0.0	0.0	0.3	0.0	0.0	0.0	0.1	MAPPED	True	False	False	True	True
DPY19L4	ENSG00000156162	DPY19L4	26.9	23.0	61.3	11.6	30.1	42.6	57.1	MAPPED	True	True	True	True	True
DPY30	ENSG00000162961	DPY30	22.8	17.1	27.5	30.9	32.1	42.6	42.7	MAPPED	True	True	True	True	True
DPYD	ENSG00000188641	DPYD	4.1	15.5	78.2	11.6	66.1	4.3	2.1	MAPPED	True	True	True	True	True
DPYSL3	ENSG00000113657	DPYSL3	1140.6	15.6	17.8	46.4	14.0	0.0	526.0	MAPPED	True	True	False	True	True
DQX1	ENSG00000144045	DQX1	2.1	1.4	0.0	0.0	0.0	0.0	1.6	MAPPED	True	True	False	True	True
DR1	ENSG00000117505	DR1	18.6	15.9	25.7	3.9	34.1	34.1	21.6	MAPPED	True	True	True	True	True
DRAM2	ENSG00000156171	DRAM2	14.5	22.1	21.7	15.5	26.0	17.1	14.4	MAPPED	True	True	True	True	True
DRAP1	ENSG00000175550	DRAP1	20.7	16.3	33.0	11.6	34.1	51.2	25.3	MAPPED	True	True	True	True	True
DRAXIN	ENSG00000162490	DRAXIN	0.0	0.7	0.5	0.0	0.0	0.0	0.2	MAPPED	True	False	False	True	True
DRC1	ENSG00000157856	DRC1	18.6	1.1	1.1	3.9	6.0	0.0	2.3	MAPPED	True	True	False	True	True
DRC7	ENSG00000159625	DRC7	0.0	0.0	0.4	0.0	0.0	0.0	0.8	MAPPED	True	False	False	True	True
DRD2	ENSG00000149295	DRD2	0.0	0.7	14.7	0.0	162.3	0.0	1.2	MAPPED	True	False	False	True	True
DRD4	ENSG00000069696	DRD4	8.3	0.7	12.1	3.9	2.0	42.6	49.7	MAPPED	True	True	True	True	True
DSCAM	ENSG00000171587	DSCAM	2.1	1189.7	884.1	3109.5	272.5	4.3	10.5	MAPPED	True	True	True	True	True
DSG4	ENSG00000175065	DSG4	0.0	0.0	0.0	0.0	0.0	0.0	0.0	MAPPED	False	False	False	False	False
DTHD1	ENSG00000197057	DTHD1	0.0	1.4	0.0	0.0	0.0	0.0	0.4	MAPPED	True	False	False	True	True
DUSP6	ENSG00000139318	DUSP6	10.4	2.1	0.4	0.0	2.0	392.2	1.4	MAPPED	True	True	True	True	True
DVL1	ENSG00000107404	DVL1	10.4	19.2	17.9	3.9	18.0	12.8	8.1	MAPPED	True	True	True	True	True
DVL2	ENSG00000004975	DVL2	20.7	11.1	10.4	3.9	8.0	4.3	21.0	MAPPED	True	True	True	True	True
DYNC1H1	ENSG00000197102	DYNC1H1	149.0	187.7	150.1	591.0	218.4	68.2	190.6	MAPPED	True	True	True	True	True
DYNC1I1	ENSG00000158560	DYNC1I1	269.1	241.7	299.6	475.1	24.0	588.3	88.5	MAPPED	True	True	True	True	True
DYNC1I2	ENSG00000077380	DYNC1I2	70.4	62.0	60.1	100.4	64.1	25.6	104.0	MAPPED	True	True	True	True	True
DYNC1LI1	ENSG00000144635	DYNC1LI1	51.8	69.2	56.2	100.4	58.1	29.8	142.9	MAPPED	True	True	True	True	True
DYNC1LI2	ENSG00000135720	DYNC1LI2	43.5	70.1	60.1	69.5	74.1	42.6	52.7	MAPPED	True	True	True	True	True
DYNC2H1	ENSG00000187240	DYNC2H1	298.1	82.8	74.8	108.2	132.2	81.0	275.9	MAPPED	True	True	True	True	True
DYNC2LI1	ENSG00000138036	DYNC2LI1	49.7	41.4	38.1	11.6	62.1	59.7	87.8	MAPPED	True	True	True	True	True
DYNLL1	ENSG00000088986	DYNLL1	82.8	37.4	84.5	7.7	52.1	136.4	122.9	MAPPED	True	True	True	True	True
DYNLL2	ENSG00000264364	DYNLL2	31.1	40.5	38.5	3.9	34.1	98.0	18.5	MAPPED	True	True	True	True	True
DYNLRB1	ENSG00000125971	DYNLRB1	0.0	3.4	5.5	0.0	4.0	42.6	12.6	MAPPED	True	False	True	True	True
DYNLRB2	ENSG00000168589	DYNLRB2	8.3	5.7	2.9	7.7	2.0	12.8	32.0	MAPPED	True	True	True	True	True
DYNLT1	ENSG00000146425	DYNLT1	45.5	24.5	23.6	69.5	30.1	51.2	66.5	MAPPED	True	True	True	True	True
DYNLT3	ENSG00000165169	DYNLT3	4.1	6.3	18.2	27.0	46.1	42.6	33.7	MAPPED	True	True	True	True	True
DYSF	ENSG00000135636	DYSF	2.1	16.6	12.2	81.1	0.0	0.0	7.0	MAPPED	True	True	False	True	True
DZANK1	ENSG00000089091	DZANK1	35.2	22.6	16.8	19.3	22.0	17.1	50.8	MAPPED	True	True	True	True	True
DZIP1	ENSG00000134874	DZIP1	4.1	95.5	70.1	46.4	16.0	68.2	0.4	MAPPED	True	True	True	True	True
E2F6	ENSG00000169016	E2F6	10.4	7.7	11.1	3.9	14.0	21.3	13.7	MAPPED	True	True	True	True	True
E4F1	ENSG00000167967	E4F1	35.2	15.2	22.8	23.2	22.0	4.3	25.5	MAPPED	True	True	True	True	True
E9PBE3_HUMAN										UNMAPPED					
EAF1	ENSG00000144597	EAF1	4.1	16.9	9.5	0.0	20.0	21.3	11.1	MAPPED	True	True	True	True	True
EAPP	ENSG00000129518	EAPP	74.5	49.3	83.2	73.4	52.1	29.8	114.6	MAPPED	True	True	True	True	True
EBNA1BP2	ENSG00000117395	EBNA1BP2	22.8	6.0	16.4	0.0	10.0	34.1	17.2	MAPPED	True	True	True	True	True
EBP	ENSG00000147155	EBP	0.0	0.0	0.2	0.0	0.0	0.0	0.5	MAPPED	True	False	False	True	True
EBPL	ENSG00000123179	EBPL	8.3	8.6	5.3	0.0	4.0	8.5	14.5	MAPPED	True	True	True	True	True
ECD	ENSG00000122882	ECD	47.6	26.2	30.3	27.0	24.0	0.0	41.3	MAPPED	True	True	False	True	True
ECHS1	ENSG00000127884	ECHS1	12.4	18.1	30.5	3.9	24.0	55.4	24.4	MAPPED	True	True	True	True	True
ECI1	ENSG00000167969	ECI1	113.9	22.4	38.2	7.7	18.0	119.4	71.0	MAPPED	True	True	True	True	True
ECI2	ENSG00000198721	ECI2	12.4	9.0	13.2	19.3	32.1	25.6	62.8	MAPPED	True	True	True	True	True
ECM2	ENSG00000106823	ECM2	20.7	20.9	24.9	73.4	28.0	0.0	34.7	MAPPED	True	True	False	True	True
ECPAS	ENSG00000136813	ECPAS	109.7	75.5	89.9	112.0	70.1	119.4	110.4	MAPPED	True	True	True	True	True
ECT2	ENSG00000114346	ECT2	134.6	2.1	7.2	0.0	2.0	4.3	52.6	MAPPED	True	True	True	True	True
EDC4	ENSG00000038358	EDC4	4.1	2.1	1.5	3.9	0.0	0.0	1.1	MAPPED	True	True	False	True	True
EDEM1	ENSG00000134109	EDEM1	2.1	13.4	6.8	7.7	14.0	12.8	6.0	MAPPED	True	True	True	True	True
EEF1A1	ENSG00000156508	EEF1A1	41.4	20.1	34.7	23.2	28.0	183.3	124.5	MAPPED	True	True	True	True	True
EEF1G	ENSG00000254772	EEF1G	0.0	0.0	0.0	0.0	0.0	0.0	0.0	MAPPED	False	False	False	False	False
EEF2	ENSG00000167658	EEF2	70.4	79.3	131.4	19.3	82.1	238.7	62.2	MAPPED	True	True	True	True	True
EEFSEC	ENSG00000132394	EEFSEC	4.1	8.3	4.4	0.0	24.0	8.5	10.7	MAPPED	True	True	True	True	True
EFCAB1										UNMAPPED					
EFCAB11	ENSG00000140025	EFCAB11	2.1	0.0	1.0	0.0	0.0	8.5	2.8	MAPPED	True	True	True	True	True
EFCAB6	ENSG00000186976	EFCAB6	142.8	39.1	27.8	34.8	46.1	34.1	107.2	MAPPED	True	True	True	True	True
EFCAB7	ENSG00000203965	EFCAB7	37.3	38.0	30.2	15.5	26.0	12.8	37.2	MAPPED	True	True	True	True	True
EFEMP1	ENSG00000115380	EFEMP1	0.0	1.4	1.6	0.0	0.0	370.9	0.6	MAPPED	True	False	True	True	True
EFHB	ENSG00000163576	EFHB	0.0	1.4	2.3	0.0	2.0	8.5	2.4	MAPPED	True	False	True	True	True
EFHC1	ENSG00000096093	EFHC1	105.6	40.8	26.6	30.9	28.0	25.6	93.8	MAPPED	True	True	True	True	True
EFHC2	ENSG00000183690	EFHC2	29.0	3.7	0.4	0.0	2.0	4.3	0.4	MAPPED	True	True	True	True	True
EFHD1	ENSG00000115468	EFHD1	0.0	0.0	1.9	0.0	0.0	0.0	2.3	MAPPED	True	False	False	True	True
EFHD2	ENSG00000142634	EFHD2	12.4	10.3	0.5	3.9	0.0	0.0	6.6	MAPPED	True	True	False	True	True
EFL1	ENSG00000140598	EFL1	18.6	14.0	15.8	19.3	32.1	34.1	28.8	MAPPED	True	True	True	True	True
EFTUD2	ENSG00000108883	EFTUD2	45.5	30.9	21.1	50.2	46.1	21.3	29.7	MAPPED	True	True	True	True	True
EGFL8	ENSG00000241404	EGFL8	0.0	0.0	0.0	0.0	0.0	0.0	0.0	MAPPED	False	False	False	False	False
EGFLAM	ENSG00000164318	EGFLAM	1159.3	4.3	3.9	23.2	16.0	0.0	369.0	MAPPED	True	True	False	True	True
EGFR	ENSG00000146648	EGFR	0.0	48.9	1.3	34.8	4.0	55.4	1.9	MAPPED	True	False	True	True	True
EHD1	ENSG00000110047	EHD1	10.4	6.9	3.3	3.9	4.0	4.3	4.3	MAPPED	True	True	True	True	True
EIF2AK1	ENSG00000086232	EIF2AK1	16.6	39.8	29.9	54.1	52.1	76.7	35.2	MAPPED	True	True	True	True	True
EIF2AK3	ENSG00000172071	EIF2AK3	47.6	42.4	83.8	65.7	48.1	17.1	30.2	MAPPED	True	True	True	True	True
EIF2AK4	ENSG00000128829	EIF2AK4	31.1	42.4	37.3	42.5	86.1	51.2	25.2	MAPPED	True	True	True	True	True
EIF2B3	ENSG00000070785	EIF2B3	107.6	57.9	69.8	92.7	76.1	34.1	101.0	MAPPED	True	True	True	True	True
EIF2B4	ENSG00000115211	EIF2B4	20.7	12.7	15.8	15.5	2.0	12.8	34.4	MAPPED	True	True	True	True	True
EIF2S1	ENSG00000134001	EIF2S1	8.3	28.8	23.7	11.6	34.1	29.8	46.1	MAPPED	True	True	True	True	True
EIF2S3	ENSG00000130741	EIF2S3	37.3	28.3	27.2	7.7	28.0	59.7	49.1	MAPPED	True	True	True	True	True
EIF2S3B	ENSG00000180574	EIF2S3B	2.1	0.0	0.2	0.0	0.0	0.0	2.5	MAPPED	True	True	False	True	True
EIF3B	ENSG00000106263	EIF3B	39.3	30.2	45.1	30.9	60.1	25.6	43.7	MAPPED	True	True	True	True	True
EIF3C	ENSG00000184110	EIF3C	4.1	2.1	0.8	7.7	0.0	0.0	1.2	MAPPED	True	True	False	True	True
EIF3D	ENSG00000100353	EIF3D	22.8	9.6	41.4	15.5	28.0	34.1	46.8	MAPPED	True	True	True	True	True
EIF3F	ENSG00000175390	EIF3F	43.5	22.1	39.2	19.3	26.0	51.2	51.6	MAPPED	True	True	True	True	True
EIF3G	ENSG00000130811	EIF3G	22.8	4.1	21.8	3.9	6.0	29.8	27.1	MAPPED	True	True	True	True	True
EIF3I	ENSG00000084623	EIF3I	22.8	16.2	25.2	15.5	22.0	46.9	29.1	MAPPED	True	True	True	True	True
EIF4A1	ENSG00000161960	EIF4A1	0.0	0.0	0.0	0.0	0.0	0.0	0.1	MAPPED	True	False	False	True	True
EIF4A2	ENSG00000156976	EIF4A2	62.1	115.6	148.4	38.6	166.3	119.4	78.9	MAPPED	True	True	True	True	True
EIF4A3	ENSG00000141543	EIF4A3	45.5	22.6	23.7	23.2	8.0	29.8	43.4	MAPPED	True	True	True	True	True
EIF4B	ENSG00000063046	EIF4B	31.1	41.9	54.2	34.8	36.1	123.6	69.5	MAPPED	True	True	True	True	True
EIF4H	ENSG00000106682	EIF4H	10.4	24.9	47.1	15.5	36.1	68.2	44.2	MAPPED	True	True	True	True	True
EIF6	ENSG00000242372	EIF6	6.2	1.4	3.9	0.0	6.0	17.1	8.7	MAPPED	True	True	True	True	True
ELAVL2	ENSG00000107105	ELAVL2	2.1	17.6	2.3	251.1	30.1	0.0	4.8	MAPPED	True	True	False	True	True
ELAVL3	ENSG00000196361	ELAVL3	0.0	141.5	1.0	112.0	2.0	12.8	1.9	MAPPED	True	False	True	True	True
ELAVL4	ENSG00000162374	ELAVL4	0.0	28.5	0.5	123.6	0.0	0.0	0.7	MAPPED	True	False	False	True	True
ELF3	ENSG00000163435	ELF3	2.1	0.7	0.0	0.0	0.0	0.0	7.1	MAPPED	True	True	False	True	True
ELMO1	ENSG00000155849	ELMO1	18.6	281.1	118.0	88.8	18.0	0.0	3.7	MAPPED	True	True	False	True	True
ELMO2	ENSG00000062598	ELMO2	26.9	25.3	20.6	7.7	44.1	17.1	23.8	MAPPED	True	True	True	True	True
ELMOD1	ENSG00000110675	ELMOD1	33.1	99.8	99.3	34.8	90.2	0.0	76.9	MAPPED	True	True	False	True	True
ELMOD2	ENSG00000179387	ELMOD2	12.4	18.7	19.5	7.7	20.0	29.8	23.4	MAPPED	True	True	True	True	True
ELMOD3	ENSG00000115459	ELMOD3	26.9	34.7	36.6	34.8	26.0	17.1	36.1	MAPPED	True	True	True	True	True
ELOA	ENSG00000011007	ELOA	16.6	12.1	22.1	15.5	24.0	8.5	24.0	MAPPED	True	True	True	True	True
ELOVL4	ENSG00000118402	ELOVL4	161.5	53.5	48.9	46.4	28.0	4.3	354.2	MAPPED	True	True	True	True	True
ELP1	ENSG00000070061	ELP1	68.3	42.7	52.0	11.6	106.2	106.6	54.3	MAPPED	True	True	True	True	True
EMC1	ENSG00000127463	EMC1	6.2	20.5	16.3	7.7	20.0	8.5	56.0	MAPPED	True	True	True	True	True
EMC2	ENSG00000104412	EMC2	26.9	25.9	30.7	19.3	36.1	68.2	77.1	MAPPED	True	True	True	True	True
EMC8	ENSG00000131148	EMC8	31.1	18.0	47.8	7.7	8.0	17.1	26.7	MAPPED	True	True	True	True	True
EML1	ENSG00000066629	EML1	430.6	88.4	13.2	146.8	30.1	89.5	437.1	MAPPED	True	True	True	True	True
EML2	ENSG00000125746	EML2	47.6	78.2	58.3	100.4	42.1	4.3	265.6	MAPPED	True	True	True	True	True
EML3	ENSG00000149499	EML3	2.1	1.1	3.4	0.0	2.0	12.8	16.9	MAPPED	True	True	True	True	True
EML4	ENSG00000143924	EML4	70.4	78.6	137.0	96.6	66.1	12.8	140.9	MAPPED	True	True	True	True	True
EML5	ENSG00000165521	EML5	335.4	255.0	214.0	575.6	126.2	12.8	214.1	MAPPED	True	True	True	True	True
EML6	ENSG00000214595	EML6	153.2	87.7	171.7	92.7	246.4	59.7	194.2	MAPPED	True	True	True	True	True
EMP2	ENSG00000213853	EMP2	0.0	0.0	1.5	0.0	0.0	51.2	0.8	MAPPED	True	False	True	True	True
ENAH	ENSG00000154380	ENAH	209.1	59.2	23.1	177.7	44.1	0.0	62.5	MAPPED	True	True	False	True	True
ENC1	ENSG00000171617	ENC1	0.0	6.2	0.4	0.0	0.0	8.5	0.7	MAPPED	True	False	True	True	True
ENDOV	ENSG00000173818	ENDOV	26.9	30.1	22.8	27.0	26.0	8.5	55.0	MAPPED	True	True	True	True	True
ENKUR	ENSG00000151023	ENKUR	2.1	6.8	4.9	11.6	4.0	0.0	6.7	MAPPED	True	True	False	True	True
ENO1	ENSG00000074800	ENO1	118.0	61.4	98.7	85.0	288.5	162.0	98.3	MAPPED	True	True	True	True	True
ENO2	ENSG00000111674	ENO2	360.2	66.8	164.1	54.1	198.3	42.6	468.7	MAPPED	True	True	True	True	True
ENO3	ENSG00000108515	ENO3	8.3	1.4	4.8	3.9	0.0	0.0	1.4	MAPPED	True	True	False	True	True
ENO4	ENSG00000188316	ENO4	37.3	21.2	63.0	50.2	58.1	0.0	61.6	MAPPED	True	True	False	True	True
ENPP1	ENSG00000197594	ENPP1	2.1	13.0	6.4	23.2	2.0	0.0	0.7	MAPPED	True	True	False	True	True
ENPP3	ENSG00000154269	ENPP3	0.0	11.2	4.4	23.2	2.0	0.0	1.7	MAPPED	True	False	False	True	True
ENSP00000387111										UNMAPPED					
ENSP00000398526										UNMAPPED					
ENSP00000470615										UNMAPPED					
ENSP00000478249										UNMAPPED					
ENSP00000497305										UNMAPPED					
ENSP00000497443										UNMAPPED					
ENSP00000500339										UNMAPPED					
ENTPD1	ENSG00000138185	ENTPD1	0.0	3.9	3.5	11.6	2.0	0.0	2.9	MAPPED	True	False	False	True	True
ENTPD3	ENSG00000168032	ENTPD3	6.2	9.1	4.0	77.3	14.0	25.6	11.1	MAPPED	True	True	True	True	True
ENTPD4	ENSG00000197217	ENTPD4	16.6	28.1	32.7	46.4	42.1	21.3	50.1	MAPPED	True	True	True	True	True
ENTPD5	ENSG00000187097	ENTPD5	10.4	19.5	11.4	23.2	20.0	12.8	28.2	MAPPED	True	True	True	True	True
ENTPD6	ENSG00000197586	ENTPD6	24.8	16.6	20.8	19.3	30.1	4.3	11.1	MAPPED	True	True	True	True	True
ENTPD8	ENSG00000188833	ENTPD8	0.0	0.0	0.0	0.0	0.0	17.1	0.0	MAPPED	False	False	True	False	True
EP300	ENSG00000100393	EP300	101.4	95.0	108.5	54.1	100.2	123.6	101.5	MAPPED	True	True	True	True	True
EPB41	ENSG00000159023	EPB41	900.5	193.4	769.2	525.3	134.2	157.7	1120.2	MAPPED	True	True	True	True	True
EPB41L4B	ENSG00000095203	EPB41L4B	2.1	42.9	33.1	57.9	166.3	93.8	3.0	MAPPED	True	True	True	True	True
EPB41L5	ENSG00000115109	EPB41L5	190.5	41.2	146.1	88.8	46.1	89.5	233.7	MAPPED	True	True	True	True	True
EPHX2	ENSG00000120915	EPHX2	49.7	31.6	28.6	19.3	38.1	55.4	34.2	MAPPED	True	True	True	True	True
EPN1	ENSG00000063245	EPN1	35.2	21.8	19.9	0.0	20.0	4.3	23.9	MAPPED	True	True	True	True	True
EPRS1	ENSG00000136628	EPRS1	66.2	35.4	48.0	23.2	38.1	55.4	60.1	MAPPED	True	True	True	True	True
EPS15	ENSG00000085832	EPS15	149.0	83.7	48.2	158.4	102.2	332.5	101.9	MAPPED	True	True	True	True	True
EPS15L1	ENSG00000127527	EPS15L1	126.3	125.5	95.7	158.4	86.1	51.2	82.4	MAPPED	True	True	True	True	True
EPSTI1	ENSG00000133106	EPSTI1	0.0	2.9	0.3	3.9	0.0	4.3	0.7	MAPPED	True	False	True	True	True
ERAL1	ENSG00000132591	ERAL1	6.2	9.4	11.2	0.0	6.0	8.5	9.5	MAPPED	True	True	True	True	True
ERBB2	ENSG00000141736	ERBB2	8.3	5.4	6.9	0.0	22.0	8.5	8.2	MAPPED	True	True	True	True	True
ERC1	ENSG00000082805	ERC1	327.1	475.3	261.7	544.7	1073.8	187.6	223.8	MAPPED	True	True	True	True	True
ERCC6	ENSG00000225830	ERCC6	33.1	39.6	38.4	30.9	100.2	51.2	35.1	MAPPED	True	True	True	True	True
ERGIC3	ENSG00000125991	ERGIC3	35.2	13.2	19.5	7.7	22.0	59.7	21.2	MAPPED	True	True	True	True	True
ERLIN2	ENSG00000147475	ERLIN2	4.1	10.3	22.5	3.9	20.0	29.8	16.4	MAPPED	True	True	True	True	True
ERMARD	ENSG00000130023	ERMARD	2.1	0.7	3.7	0.0	2.0	4.3	2.0	MAPPED	True	True	True	True	True
ESCO1	ENSG00000141446	ESCO1	43.5	61.0	61.7	38.6	60.1	55.4	60.1	MAPPED	True	True	True	True	True
ESCO2	ENSG00000171320	ESCO2	0.0	1.4	1.2	3.9	0.0	0.0	1.3	MAPPED	True	False	False	True	True
ESF1	ENSG00000089048	ESF1	49.7	52.4	83.7	27.0	88.1	38.4	60.9	MAPPED	True	True	True	True	True
ESPN	ENSG00000187017	ESPN	147.0	1.8	4.4	19.3	2.0	4.3	183.4	MAPPED	True	True	True	True	True
ESRP1	ENSG00000104413	ESRP1	0.0	0.8	0.2	0.0	2.0	0.0	0.6	MAPPED	True	False	False	True	True
ESRRA	ENSG00000173153	ESRRA	22.8	16.8	22.0	38.6	30.1	0.0	17.2	MAPPED	True	True	False	True	True
ESRRB	ENSG00000119715	ESRRB	10.4	16.4	11.6	50.2	452.8	0.0	838.4	MAPPED	True	True	False	True	True
ESRRG	ENSG00000196482	ESRRG	627.2	493.1	148.4	699.2	374.6	430.6	359.7	MAPPED	True	True	True	True	True
ESS2	ENSG00000100056	ESS2	10.4	7.4	7.8	0.0	16.0	0.0	6.4	MAPPED	True	True	False	True	True
ESX1	ENSG00000123576	ESX1	0.0	0.0	0.0	0.0	0.0	0.0	0.0	MAPPED	False	False	False	False	False
ESYT1	ENSG00000139641	ESYT1	10.4	9.1	8.2	57.9	0.0	12.8	10.2	MAPPED	True	True	True	True	True
ETFA	ENSG00000140374	ETFA	124.2	65.4	36.0	69.5	190.3	93.8	79.1	MAPPED	True	True	True	True	True
ETFB	ENSG00000105379	ETFB	31.1	15.8	33.7	3.9	24.0	217.4	24.8	MAPPED	True	True	True	True	True
ETFDH	ENSG00000171503	ETFDH	80.7	70.0	83.3	38.6	58.1	76.7	100.2	MAPPED	True	True	True	True	True
EVA1A	ENSG00000115363	EVA1A	4.1	29.2	2.0	0.0	2.0	4.3	2.5	MAPPED	True	True	True	True	True
EVC	ENSG00000072840	EVC	0.0	8.1	20.0	11.6	6.0	0.0	0.2	MAPPED	True	False	False	True	True
EVC2	ENSG00000173040	EVC2	0.0	0.0	0.2	7.7	0.0	8.5	0.4	MAPPED	True	False	True	True	True
EVI5	ENSG00000067208	EVI5	105.6	91.2	118.9	177.7	156.3	102.3	152.9	MAPPED	True	True	True	True	True
EVPL	ENSG00000167880	EVPL	0.0	2.8	0.4	0.0	2.0	0.0	0.3	MAPPED	True	False	False	True	True
EWSR1	ENSG00000182944	EWSR1	70.4	56.0	59.0	54.1	74.1	55.4	80.5	MAPPED	True	True	True	True	True
EXOC1	ENSG00000090989	EXOC1	62.1	77.6	79.9	77.3	82.1	127.9	53.9	MAPPED	True	True	True	True	True
EXOC2	ENSG00000112685	EXOC2	89.0	81.5	92.2	96.6	110.2	72.5	96.8	MAPPED	True	True	True	True	True
EXOC3	ENSG00000180104	EXOC3	26.9	16.8	17.8	11.6	54.1	29.8	18.5	MAPPED	True	True	True	True	True
EXOC4	ENSG00000131558	EXOC4	1039.2	310.8	445.8	455.8	500.8	643.7	2892.8	MAPPED	True	True	True	True	True
EXOC5	ENSG00000070367	EXOC5	47.6	48.7	67.1	73.4	80.1	59.7	67.5	MAPPED	True	True	True	True	True
EXOC6	ENSG00000138190	EXOC6	204.9	82.1	112.9	100.4	52.1	59.7	469.7	MAPPED	True	True	True	True	True
EXOC7	ENSG00000182473	EXOC7	35.2	67.0	53.8	42.5	52.1	25.6	49.8	MAPPED	True	True	True	True	True
EXOC8	ENSG00000116903	EXOC8	4.1	1.4	2.5	7.7	0.0	0.0	8.4	MAPPED	True	True	False	True	True
EXOSC10	ENSG00000171824	EXOSC10	47.6	27.3	19.5	23.2	18.0	12.8	50.1	MAPPED	True	True	True	True	True
EXOSC2	ENSG00000130713	EXOSC2	8.3	9.6	8.5	7.7	2.0	4.3	14.4	MAPPED	True	True	True	True	True
EXOSC9	ENSG00000123737	EXOSC9	6.2	10.1	10.7	3.9	10.0	8.5	16.6	MAPPED	True	True	True	True	True
EXT1	ENSG00000182197	EXT1	287.7	161.6	498.4	115.9	188.3	127.9	486.6	MAPPED	True	True	True	True	True
EXT2	ENSG00000151348	EXT2	60.0	79.9	62.0	77.3	46.1	38.4	90.3	MAPPED	True	True	True	True	True
EXTL2	ENSG00000162694	EXTL2	14.5	27.9	19.0	0.0	14.0	29.8	18.1	MAPPED	True	True	True	True	True
EXTL3	ENSG00000012232	EXTL3	29.0	27.9	46.7	7.7	24.0	34.1	122.1	MAPPED	True	True	True	True	True
EYS	ENSG00000188107	EYS	6630.6	83.4	77.8	131.3	128.2	0.0	4150.9	MAPPED	True	True	False	True	True
EZH2	ENSG00000106462	EZH2	82.8	7.1	12.4	19.3	28.0	21.3	54.4	MAPPED	True	True	True	True	True
F11	ENSG00000088926	F11	0.0	0.0	2.2	0.0	0.0	0.0	1.5	MAPPED	True	False	False	True	True
F11R	ENSG00000158769	F11R	0.0	0.0	0.5	0.0	0.0	4.3	1.2	MAPPED	True	False	True	True	True
F12	ENSG00000131187	F12	2.1	0.7	0.5	0.0	0.0	0.0	0.8	MAPPED	True	True	False	True	True
F9	ENSG00000101981	F9	0.0	0.0	0.0	0.0	0.0	0.0	0.1	MAPPED	True	False	False	True	True
FAHD2A	ENSG00000115042	FAHD2A	4.1	6.2	6.5	3.9	8.0	21.3	9.4	MAPPED	True	True	True	True	True
FAM111A	ENSG00000166801	FAM111A	0.0	0.0	1.0	0.0	0.0	4.3	4.9	MAPPED	True	False	True	True	True
FAM111B	ENSG00000189057	FAM111B	0.0	0.0	0.0	0.0	0.0	0.0	0.2	MAPPED	True	False	False	True	True
FAM114A2	ENSG00000055147	FAM114A2	16.6	12.6	13.2	7.7	4.0	34.1	20.6	MAPPED	True	True	True	True	True
FAM118A	ENSG00000100376	FAM118A	6.2	19.3	16.0	11.6	4.0	8.5	13.2	MAPPED	True	True	True	True	True
FAM120C	ENSG00000184083	FAM120C	18.6	20.6	28.2	23.2	18.0	42.6	30.4	MAPPED	True	True	True	True	True
FAM126A										UNMAPPED					
FAM131B	ENSG00000159784	FAM131B	0.0	5.2	0.0	3.9	0.0	0.0	0.1	MAPPED	True	False	False	True	True
FAM149A	ENSG00000109794	FAM149A	182.2	9.6	22.7	27.0	12.0	21.3	160.4	MAPPED	True	True	True	True	True
FAM149B1	ENSG00000138286	FAM149B1	62.1	32.7	37.6	27.0	34.1	29.8	54.2	MAPPED	True	True	True	True	True
FAM160A2										UNMAPPED					
FAM161A	ENSG00000170264	FAM161A	91.1	9.2	32.3	7.7	16.0	162.0	395.5	MAPPED	True	True	True	True	True
FAM166B	ENSG00000215187	FAM166B	0.0	0.0	0.0	0.0	0.0	0.0	0.4	MAPPED	True	False	False	True	True
FAM166C	ENSG00000173557	FAM166C	0.0	0.8	1.5	0.0	0.0	0.0	0.0	MAPPED	False	False	False	False	False
FAM169A	ENSG00000198780	FAM169A	383.0	246.7	299.0	88.8	188.3	68.2	731.6	MAPPED	True	True	True	True	True
FAM183A	ENSG00000186973	FAM183A	0.0	0.0	0.0	0.0	0.0	0.0	0.1	MAPPED	True	False	False	True	True
FAM32A	ENSG00000105058	FAM32A	16.6	9.5	14.1	0.0	14.0	8.5	12.6	MAPPED	True	True	True	True	True
FAM3B	ENSG00000183844	FAM3B	0.0	0.0	0.3	0.0	0.0	4.3	0.1	MAPPED	True	False	True	True	True
FAM50A	ENSG00000071859	FAM50A	16.6	20.2	36.7	27.0	16.0	25.6	26.4	MAPPED	True	True	True	True	True
FAM76B	ENSG00000077458	FAM76B	22.8	19.9	19.2	3.9	4.0	12.8	15.8	MAPPED	True	True	True	True	True
FAM91A1	ENSG00000176853	FAM91A1	29.0	24.4	24.3	15.5	42.1	51.2	36.5	MAPPED	True	True	True	True	True
FAM98A	ENSG00000119812	FAM98A	2.1	12.6	20.0	15.5	52.1	8.5	15.2	MAPPED	True	True	True	True	True
FAN1	ENSG00000198690	FAN1	0.0	0.0	1.5	0.0	2.0	0.0	2.3	MAPPED	True	False	False	True	True
FANCM	ENSG00000187790	FANCM	12.4	15.2	19.3	23.2	12.0	29.8	22.6	MAPPED	True	True	True	True	True
FAR1	ENSG00000197601	FAR1	60.0	118.3	105.7	77.3	100.2	144.9	121.1	MAPPED	True	True	True	True	True
FARP1	ENSG00000152767	FARP1	103.5	125.1	11.9	88.8	92.2	0.0	65.3	MAPPED	True	True	False	True	True
FASN	ENSG00000169710	FASN	4.1	52.8	12.7	19.3	18.0	68.2	4.3	MAPPED	True	True	True	True	True
FASTKD3	ENSG00000124279	FASTKD3	4.1	3.5	2.2	0.0	10.0	0.0	5.2	MAPPED	True	True	False	True	True
FAT3	ENSG00000165323	FAT3	6.2	431.4	35.1	197.0	0.0	0.0	7.8	MAPPED	True	True	False	True	True
FAXDC2	ENSG00000170271	FAXDC2	0.0	5.9	5.7	3.9	6.0	102.3	2.8	MAPPED	True	False	True	True	True
FBF1	ENSG00000188878	FBF1	12.4	21.0	10.6	34.8	12.0	8.5	22.0	MAPPED	True	True	True	True	True
FBH1	ENSG00000134452	FBH1	24.8	52.4	30.6	27.0	56.1	17.1	40.5	MAPPED	True	True	True	True	True
FBL	ENSG00000105202	FBL	4.1	0.7	5.6	0.0	8.0	12.8	8.4	MAPPED	True	True	True	True	True
FBLL1	ENSG00000188573	FBLL1	0.0	5.2	4.2	3.9	4.0	0.0	0.6	MAPPED	True	False	False	True	True
FBLN1	ENSG00000077942	FBLN1	0.0	0.0	0.3	3.9	2.0	0.0	0.3	MAPPED	True	False	False	True	True
FBLN2	ENSG00000163520	FBLN2	0.0	0.0	0.3	3.9	0.0	8.5	0.5	MAPPED	True	False	True	True	True
FBLN5	ENSG00000140092	FBLN5	0.0	0.0	0.5	0.0	2.0	55.4	0.3	MAPPED	True	False	True	True	True
FBN3	ENSG00000142449	FBN3	0.0	1.4	0.5	0.0	0.0	4.3	0.7	MAPPED	True	False	True	True	True
FBP1	ENSG00000165140	FBP1	0.0	0.0	2.6	0.0	0.0	4.3	1.1	MAPPED	True	False	True	True	True
FBP2	ENSG00000130957	FBP2	0.0	1.4	0.8	0.0	2.0	8.5	0.1	MAPPED	True	False	True	True	True
FBRS	ENSG00000156860	FBRS	20.7	17.9	19.4	11.6	36.1	21.3	21.2	MAPPED	True	True	True	True	True
FBXL17	ENSG00000145743	FBXL17	788.7	496.6	463.8	641.2	428.7	230.2	718.0	MAPPED	True	True	True	True	True
FBXL2	ENSG00000153558	FBXL2	115.9	122.4	86.9	115.9	134.2	46.9	127.8	MAPPED	True	True	True	True	True
FBXL20	ENSG00000108306	FBXL20	262.9	157.2	122.5	332.2	136.2	123.6	207.5	MAPPED	True	True	True	True	True
FBXL5	ENSG00000118564	FBXL5	62.1	82.1	123.2	46.4	90.2	119.4	102.1	MAPPED	True	True	True	True	True
FBXO40	ENSG00000163833	FBXO40	0.0	0.0	0.2	0.0	0.0	0.0	0.4	MAPPED	True	False	False	True	True
FBXO45	ENSG00000174013	FBXO45	16.6	14.3	13.8	7.7	14.0	8.5	9.8	MAPPED	True	True	True	True	True
FBXO9	ENSG00000112146	FBXO9	66.2	74.8	71.6	23.2	64.1	38.4	85.0	MAPPED	True	True	True	True	True
FCGR1A	ENSG00000150337	FCGR1A	0.0	0.0	0.8	0.0	0.0	0.0	0.2	MAPPED	True	False	False	True	True
FCGR1B										UNMAPPED					
FCGR3A	ENSG00000203747	FCGR3A	0.0	0.0	0.1	0.0	0.0	0.0	0.2	MAPPED	True	False	False	True	True
FCGR3B	ENSG00000162747	FCGR3B	0.0	0.0	0.0	0.0	0.0	0.0	0.0	MAPPED	False	False	False	False	False
FCN1	ENSG00000085265	FCN1	0.0	0.0	0.0	3.9	0.0	0.0	0.0	MAPPED	False	False	False	False	False
FCSK	ENSG00000157353	FCSK	29.0	15.5	18.0	15.5	12.0	17.1	17.6	MAPPED	True	True	True	True	True
FDFT1	ENSG00000079459	FDFT1	4.1	3.5	2.2	3.9	2.0	17.1	2.4	MAPPED	True	True	True	True	True
FDPS	ENSG00000160752	FDPS	41.4	124.6	49.4	119.7	68.1	34.1	53.1	MAPPED	True	True	True	True	True
FDX1	ENSG00000137714	FDX1	22.8	15.2	30.9	23.2	34.1	51.2	17.5	MAPPED	True	True	True	True	True
FDX2	ENSG00000267673	FDX2	0.0	0.0	0.0	0.0	0.0	0.0	0.0	MAPPED	False	False	False	False	False
FDXR	ENSG00000161513	FDXR	0.0	7.7	3.4	0.0	2.0	0.0	3.0	MAPPED	True	False	False	True	True
FECH	ENSG00000066926	FECH	2.1	7.6	9.4	0.0	24.0	38.4	11.2	MAPPED	True	True	True	True	True
FEN1	ENSG00000168496	FEN1	0.0	0.0	0.0	0.0	0.0	0.0	0.1	MAPPED	True	False	False	True	True
FGFR1	ENSG00000077782	FGFR1	6.2	49.3	4.5	11.6	46.1	25.6	4.3	MAPPED	True	True	True	True	True
FGFR1OP										UNMAPPED					
FH	ENSG00000091483	FH	12.4	13.5	21.7	3.9	40.1	12.8	32.8	MAPPED	True	True	True	True	True
FIZ1	ENSG00000179943	FIZ1	4.1	5.6	7.5	0.0	10.0	12.8	7.4	MAPPED	True	True	True	True	True
FKBP1A	ENSG00000088832	FKBP1A	0.0	0.0	0.2	0.0	2.0	0.0	0.4	MAPPED	True	False	False	True	True
FKBP1B	ENSG00000119782	FKBP1B	4.1	0.7	1.0	0.0	0.0	0.0	1.0	MAPPED	True	True	False	True	True
FKBP8	ENSG00000105701	FKBP8	20.7	41.2	41.1	42.5	52.1	55.4	41.6	MAPPED	True	True	True	True	True
FKRP	ENSG00000181027	FKRP	22.8	20.7	19.4	15.5	20.0	12.8	25.6	MAPPED	True	True	True	True	True
FKTN	ENSG00000106692	FKTN	45.5	61.8	71.7	69.5	66.1	29.8	65.5	MAPPED	True	True	True	True	True
FLAD1	ENSG00000160688	FLAD1	16.6	13.0	11.5	11.6	14.0	21.3	11.7	MAPPED	True	True	True	True	True
FLI1	ENSG00000151702	FLI1	0.0	0.0	0.9	0.0	0.0	0.0	0.4	MAPPED	True	False	False	True	True
FLNA	ENSG00000196924	FLNA	0.0	7.7	1.7	7.7	14.0	8.5	1.2	MAPPED	True	False	True	True	True
FLNB	ENSG00000136068	FLNB	128.3	59.5	4.9	34.8	0.0	25.6	31.6	MAPPED	True	True	True	True	True
FLNC	ENSG00000128591	FLNC	0.0	0.0	0.7	0.0	0.0	8.5	0.0	MAPPED	False	False	True	False	True
FLOT1	ENSG00000137312	FLOT1	0.0	0.0	0.3	0.0	2.0	8.5	2.5	MAPPED	True	False	True	True	True
FLVCR1	ENSG00000162769	FLVCR1	29.0	38.3	36.9	61.8	26.0	12.8	52.1	MAPPED	True	True	True	True	True
FLYWCH1	ENSG00000059122	FLYWCH1	68.3	38.5	69.1	81.1	46.1	72.5	93.9	MAPPED	True	True	True	True	True
FMC1-LUC7L2	ENSG00000269955	FMC1-LUC7L2	0.0	0.0	0.0	0.0	0.0	0.0	0.0	MAPPED	False	False	False	False	False
FMN1	ENSG00000248905	FMN1	1531.9	48.2	702.3	332.2	62.1	34.1	358.9	MAPPED	True	True	True	True	True
FMNL3	ENSG00000161791	FMNL3	58.0	2.1	25.9	7.7	8.0	0.0	1.9	MAPPED	True	True	False	True	True
FMR1	ENSG00000102081	FMR1	22.8	38.2	42.5	46.4	72.1	29.8	30.0	MAPPED	True	True	True	True	True
FN1	ENSG00000115414	FN1	10.4	21.9	19.8	27.0	6.0	0.0	19.0	MAPPED	True	True	False	True	True
FNBP1	ENSG00000187239	FNBP1	130.4	126.6	58.5	185.4	112.2	225.9	103.5	MAPPED	True	True	True	True	True
FNBP1L	ENSG00000137942	FNBP1L	8.3	37.7	34.7	3.9	166.3	76.7	30.3	MAPPED	True	True	True	True	True
FNDC4	ENSG00000115226	FNDC4	8.3	13.6	4.6	7.7	0.0	0.0	8.1	MAPPED	True	True	False	True	True
FNTA	ENSG00000168522	FNTA	24.8	5.6	9.7	3.9	8.0	12.8	27.2	MAPPED	True	True	True	True	True
FNTB	ENSG00000257365	FNTB	2.1	2.8	2.0	0.0	6.0	4.3	0.8	MAPPED	True	True	True	True	True
FOPNL										UNMAPPED					
FOS	ENSG00000170345	FOS	66.2	80.4	36.0	50.2	24.0	59.7	147.7	MAPPED	True	True	True	True	True
FOSB	ENSG00000125740	FOSB	18.6	88.3	10.1	23.2	4.0	17.1	89.2	MAPPED	True	True	True	True	True
FOSL1	ENSG00000175592	FOSL1	0.0	0.8	1.3	3.9	2.0	8.5	1.6	MAPPED	True	False	True	True	True
FOSL2	ENSG00000075426	FOSL2	6.2	2.8	0.8	7.7	0.0	8.5	0.6	MAPPED	True	True	True	True	True
FOXF1	ENSG00000103241	FOXF1	0.0	0.0	0.0	0.0	0.0	0.0	0.2	MAPPED	True	False	False	True	True
FOXJ1	ENSG00000129654	FOXJ1	4.1	0.0	0.7	0.0	4.0	0.0	4.2	MAPPED	True	True	False	True	True
FOXN4	ENSG00000139445	FOXN4	0.0	0.7	0.5	0.0	2.0	0.0	0.3	MAPPED	True	False	False	True	True
FOXP2	ENSG00000128573	FOXP2	2.1	0.0	3.2	7.7	28.0	0.0	4.0	MAPPED	True	True	False	True	True
FOXP3	ENSG00000049768	FOXP3	0.0	0.0	0.3	0.0	0.0	0.0	0.3	MAPPED	True	False	False	True	True
FOXP4	ENSG00000137166	FOXP4	4.1	2.1	3.7	0.0	0.0	8.5	3.3	MAPPED	True	True	True	True	True
FPGS	ENSG00000136877	FPGS	26.9	10.5	11.3	7.7	14.0	0.0	13.7	MAPPED	True	True	False	True	True
FPR1	ENSG00000171051	FPR1	0.0	0.7	1.2	0.0	0.0	0.0	0.2	MAPPED	True	False	False	True	True
FRA10AC1	ENSG00000148690	FRA10AC1	26.9	31.4	37.1	19.3	42.1	4.3	41.5	MAPPED	True	True	True	True	True
FRG1	ENSG00000109536	FRG1	0.0	7.4	5.9	0.0	6.0	4.3	9.7	MAPPED	True	False	True	True	True
FRMD6	ENSG00000139926	FRMD6	0.0	2.1	7.1	3.9	0.0	8.5	3.1	MAPPED	True	False	True	True	True
FRMD7	ENSG00000165694	FRMD7	0.0	0.0	0.0	0.0	0.0	0.0	0.1	MAPPED	True	False	False	True	True
FRRS1L	ENSG00000260230	FRRS1L	0.0	155.8	88.6	115.9	150.3	34.1	2.2	MAPPED	True	False	True	True	True
FSCN1	ENSG00000075618	FSCN1	2.1	17.2	9.4	7.7	2.0	21.3	0.9	MAPPED	True	True	True	True	True
FSCN2	ENSG00000186765	FSCN2	18.6	1.4	1.4	0.0	2.0	0.0	20.5	MAPPED	True	True	False	True	True
FSD1	ENSG00000105255	FSD1	0.0	8.3	6.3	15.5	14.0	0.0	1.5	MAPPED	True	False	False	True	True
FSD1L	ENSG00000106701	FSD1L	848.7	41.1	52.0	100.4	124.2	46.9	308.0	MAPPED	True	True	True	True	True
FTH1	ENSG00000167996	FTH1	163.5	218.1	269.9	23.2	226.4	827.0	1482.7	MAPPED	True	True	True	True	True
FTSJ3	ENSG00000108592	FTSJ3	8.3	3.4	4.9	0.0	2.0	8.5	8.8	MAPPED	True	True	True	True	True
FUCA1	ENSG00000179163	FUCA1	16.6	8.3	8.1	7.7	6.0	17.1	10.0	MAPPED	True	True	True	True	True
FUS	ENSG00000089280	FUS	66.2	103.2	154.8	61.8	136.2	93.8	131.6	MAPPED	True	True	True	True	True
FXN	ENSG00000165060	FXN	0.0	0.0	0.0	0.0	0.0	0.0	0.0	MAPPED	False	False	False	False	False
FXR1	ENSG00000114416	FXR1	144.9	78.7	82.4	96.6	82.1	115.1	153.7	MAPPED	True	True	True	True	True
FYN	ENSG00000010810	FYN	0.0	216.9	237.5	251.1	170.3	0.0	5.7	MAPPED	True	False	False	True	True
FZD2	ENSG00000180340	FZD2	0.0	0.0	0.0	0.0	0.0	12.8	0.0	MAPPED	False	False	True	False	True
FZD3	ENSG00000104290	FZD3	132.5	25.7	36.4	0.0	14.0	29.8	154.1	MAPPED	True	True	True	True	True
FZD4	ENSG00000174804	FZD4	12.4	6.2	1.5	7.7	8.0	29.8	0.1	MAPPED	True	True	True	True	True
FZD5	ENSG00000163251	FZD5	8.3	1.4	1.1	0.0	2.0	17.1	3.0	MAPPED	True	True	True	True	True
FZD6	ENSG00000164930	FZD6	26.9	16.8	16.2	15.5	8.0	55.4	20.9	MAPPED	True	True	True	True	True
FZR1	ENSG00000105325	FZR1	12.4	34.5	18.0	3.9	30.1	0.0	16.6	MAPPED	True	True	False	True	True
G3BP1	ENSG00000145907	G3BP1	33.1	55.1	56.2	23.2	82.1	81.0	69.1	MAPPED	True	True	True	True	True
G3BP2	ENSG00000138757	G3BP2	107.6	75.8	67.9	85.0	94.2	89.5	129.8	MAPPED	True	True	True	True	True
G6PC										UNMAPPED					
G6PC2	ENSG00000152254	G6PC2	0.0	0.0	0.0	0.0	0.0	0.0	0.0	MAPPED	False	False	False	False	False
G6PC3	ENSG00000141349	G6PC3	24.8	23.6	30.1	19.3	10.0	21.3	20.8	MAPPED	True	True	True	True	True
G6PD	ENSG00000160211	G6PD	22.8	13.0	5.3	23.2	28.0	12.8	33.0	MAPPED	True	True	True	True	True
GAA	ENSG00000171298	GAA	4.1	16.6	10.6	15.5	6.0	21.3	8.9	MAPPED	True	True	True	True	True
GAB1	ENSG00000109458	GAB1	0.0	162.4	20.7	34.8	2.0	370.9	4.9	MAPPED	True	False	True	True	True
GABARAP	ENSG00000170296	GABARAP	0.0	1.1	1.0	0.0	2.0	12.8	2.5	MAPPED	True	False	True	True	True
GABARAPL1	ENSG00000139112	GABARAPL1	128.3	47.4	65.5	34.8	68.1	68.2	146.1	MAPPED	True	True	True	True	True
GABARAPL2	ENSG00000034713	GABARAPL2	58.0	91.6	133.8	34.8	166.3	93.8	85.9	MAPPED	True	True	True	True	True
GABBR1	ENSG00000204681	GABBR1	0.0	2.1	0.3	0.0	2.0	0.0	0.3	MAPPED	True	False	False	True	True
GABRA1	ENSG00000022355	GABRA1	0.0	21.3	224.8	7.7	12.0	0.0	2.1	MAPPED	True	False	False	True	True
GABRA5	ENSG00000186297	GABRA5	0.0	0.7	381.5	15.5	2.0	0.0	1.5	MAPPED	True	False	False	True	True
GABRB1	ENSG00000163288	GABRB1	2.1	22.2	4.1	0.0	2.0	8.5	1.4	MAPPED	True	True	True	True	True
GABRD	ENSG00000187730	GABRD	0.0	18.9	10.7	0.0	12.0	0.0	0.3	MAPPED	True	False	False	True	True
GABRG2	ENSG00000113327	GABRG2	16.6	80.8	136.1	11.6	18.0	0.0	4.5	MAPPED	True	True	False	True	True
GABRR1	ENSG00000146276	GABRR1	6.2	1.1	188.9	0.0	2.0	0.0	3.0	MAPPED	True	True	False	True	True
GABRR2	ENSG00000111886	GABRR2	2.1	9.0	799.3	7.7	14.0	0.0	3.3	MAPPED	True	True	False	True	True
GAD2	ENSG00000136750	GAD2	0.0	179.0	1.5	0.0	20.0	0.0	1.2	MAPPED	True	False	False	True	True
GALK1	ENSG00000108479	GALK1	0.0	5.0	3.8	3.9	0.0	0.0	2.6	MAPPED	True	False	False	True	True
GALK2	ENSG00000156958	GALK2	124.2	65.7	43.4	61.8	52.1	63.9	113.0	MAPPED	True	True	True	True	True
GALM	ENSG00000143891	GALM	18.6	17.0	15.2	42.5	22.0	38.4	24.0	MAPPED	True	True	True	True	True
GALNS	ENSG00000141012	GALNS	10.4	6.9	4.9	3.9	24.0	0.0	8.2	MAPPED	True	True	False	True	True
GALNT12	ENSG00000119514	GALNT12	29.0	2.1	8.0	7.7	2.0	4.3	0.2	MAPPED	True	True	True	True	True
GALNT13	ENSG00000144278	GALNT13	1258.6	325.4	251.7	289.7	1540.6	8.5	6.2	MAPPED	True	True	True	True	True
GALNT2	ENSG00000143641	GALNT2	132.5	34.6	114.2	34.8	86.1	42.6	311.2	MAPPED	True	True	True	True	True
GALNT3	ENSG00000115339	GALNT3	2.1	0.0	1.1	3.9	0.0	0.0	1.2	MAPPED	True	True	False	True	True
GAN	ENSG00000261609	GAN	74.5	44.6	40.8	23.2	36.1	4.3	78.1	MAPPED	True	True	True	True	True
GANAB	ENSG00000089597	GANAB	49.7	24.0	24.6	23.2	42.1	42.6	30.9	MAPPED	True	True	True	True	True
GANC	ENSG00000214013	GANC	16.6	18.7	23.1	27.0	14.0	12.8	36.1	MAPPED	True	True	True	True	True
GAPDH	ENSG00000111640	GAPDH	486.5	247.4	482.4	139.1	931.6	737.5	464.6	MAPPED	True	True	True	True	True
GAPDHS	ENSG00000105679	GAPDHS	0.0	6.3	1.6	0.0	2.0	0.0	1.6	MAPPED	True	False	False	True	True
GART	ENSG00000159131	GART	18.6	14.7	17.3	11.6	8.0	21.3	41.0	MAPPED	True	True	True	True	True
GAS6	ENSG00000183087	GAS6	4.1	76.5	11.4	50.2	248.4	29.8	1.9	MAPPED	True	True	True	True	True
GATC	ENSG00000257218	GATC	8.3	9.0	10.2	0.0	8.0	12.8	8.6	MAPPED	True	True	True	True	True
GBA										UNMAPPED					
GBE1	ENSG00000114480	GBE1	51.8	74.7	88.1	197.0	136.2	366.6	77.6	MAPPED	True	True	True	True	True
GBF1	ENSG00000107862	GBF1	262.9	120.0	131.9	112.0	122.2	89.5	278.8	MAPPED	True	True	True	True	True
GCDH	ENSG00000105607	GCDH	2.1	10.7	18.5	3.9	8.0	12.8	13.7	MAPPED	True	True	True	True	True
GCFC2	ENSG00000005436	GCFC2	41.4	53.7	61.9	57.9	82.1	42.6	52.9	MAPPED	True	True	True	True	True
GCGR	ENSG00000215644	GCGR	0.0	0.0	0.0	0.0	0.0	0.0	0.0	MAPPED	False	False	False	False	False
GCH1	ENSG00000131979	GCH1	35.2	3.5	2.1	3.9	2.0	34.1	9.5	MAPPED	True	True	True	True	True
GCK	ENSG00000106633	GCK	0.0	4.1	6.4	11.6	0.0	0.0	0.6	MAPPED	True	False	False	True	True
GCKR	ENSG00000084734	GCKR	0.0	0.0	0.2	0.0	0.0	0.0	0.4	MAPPED	True	False	False	True	True
GCM2	ENSG00000124827	GCM2	2.1	3.2	0.3	0.0	0.0	0.0	0.1	MAPPED	True	True	False	True	True
GCN1	ENSG00000089154	GCN1	37.3	33.5	25.3	38.6	22.0	17.1	28.6	MAPPED	True	True	True	True	True
GCNT1	ENSG00000187210	GCNT1	18.6	50.7	119.4	193.1	66.1	4.3	9.1	MAPPED	True	True	True	True	True
GCNT2	ENSG00000111846	GCNT2	0.0	0.0	0.0	0.0	0.0	4.3	0.0	MAPPED	False	False	True	False	True
GDA	ENSG00000119125	GDA	4.1	0.0	1.2	0.0	0.0	17.1	1.4	MAPPED	True	True	True	True	True
GDF2	ENSG00000263761	GDF2	0.0	0.0	0.0	0.0	0.0	0.0	0.1	MAPPED	True	False	False	True	True
GDF3	ENSG00000184344	GDF3	0.0	0.0	0.0	0.0	0.0	0.0	0.0	MAPPED	False	False	False	False	False
GDPD1	ENSG00000153982	GDPD1	26.9	53.1	10.7	81.1	10.0	4.3	11.5	MAPPED	True	True	True	True	True
GDPD3	ENSG00000102886	GDPD3	0.0	1.4	1.9	0.0	2.0	0.0	1.7	MAPPED	True	False	False	True	True
GEMIN4	ENSG00000179409	GEMIN4	4.1	0.0	2.2	0.0	4.0	0.0	1.2	MAPPED	True	True	False	True	True
GET4	ENSG00000239857	GET4	0.0	0.0	0.0	0.0	0.0	0.0	0.1	MAPPED	True	False	False	True	True
GFAP	ENSG00000131095	GFAP	10.4	0.0	0.5	0.0	0.0	0.0	1.8	MAPPED	True	True	False	True	True
GFM1	ENSG00000168827	GFM1	60.0	80.5	82.3	61.8	48.1	29.8	76.3	MAPPED	True	True	True	True	True
GFOD1	ENSG00000145990	GFOD1	2.1	104.5	77.9	23.2	6.0	4.3	1.8	MAPPED	True	True	True	True	True
GFPT1	ENSG00000198380	GFPT1	41.4	46.1	28.0	88.8	34.1	29.8	37.7	MAPPED	True	True	True	True	True
GFPT2	ENSG00000131459	GFPT2	0.0	5.6	1.2	19.3	2.0	4.3	1.4	MAPPED	True	False	True	True	True
GGA1	ENSG00000100083	GGA1	41.4	32.3	42.9	50.2	46.1	25.6	42.4	MAPPED	True	True	True	True	True
GGCX	ENSG00000115486	GGCX	16.6	13.9	18.2	27.0	10.0	21.3	23.4	MAPPED	True	True	True	True	True
GGPS1	ENSG00000152904	GGPS1	0.0	0.0	0.7	0.0	0.0	0.0	0.6	MAPPED	True	False	False	True	True
GH1	ENSG00000259384	GH1	0.0	0.0	0.0	0.0	0.0	0.0	0.0	MAPPED	False	False	False	False	False
GH2	ENSG00000136487	GH2	0.0	0.0	0.0	0.0	0.0	0.0	0.0	MAPPED	False	False	False	False	False
GHITM	ENSG00000165678	GHITM	78.7	28.4	80.1	15.5	40.1	81.0	75.9	MAPPED	True	True	True	True	True
GHRH	ENSG00000118702	GHRH	0.0	0.0	0.2	0.0	0.0	0.0	0.0	MAPPED	False	False	False	False	False
GHRL	ENSG00000157017	GHRL	10.4	3.9	5.8	0.0	4.0	4.3	6.7	MAPPED	True	True	True	True	True
GIGYF2	ENSG00000204120	GIGYF2	169.7	160.5	148.0	220.2	144.2	144.9	172.8	MAPPED	True	True	True	True	True
GIT1	ENSG00000108262	GIT1	10.4	22.4	15.2	11.6	12.0	21.3	13.8	MAPPED	True	True	True	True	True
GIT2	ENSG00000139436	GIT2	22.8	59.8	46.0	88.8	82.1	38.4	43.1	MAPPED	True	True	True	True	True
GJA1	ENSG00000152661	GJA1	0.0	0.0	0.0	0.0	0.0	260.0	0.1	MAPPED	True	False	True	True	True
GJA8	ENSG00000121634	GJA8	0.0	0.0	0.0	0.0	0.0	0.0	0.0	MAPPED	False	False	False	False	False
GJB2	ENSG00000165474	GJB2	0.0	0.0	0.0	0.0	0.0	4.3	0.3	MAPPED	True	False	True	True	True
GK5	ENSG00000175066	GK5	20.7	22.5	35.8	15.5	20.0	34.1	30.8	MAPPED	True	True	True	True	True
GLB1	ENSG00000170266	GLB1	47.6	76.8	44.9	100.4	62.1	25.6	71.9	MAPPED	True	True	True	True	True
GLI1	ENSG00000111087	GLI1	0.0	0.0	0.5	0.0	0.0	0.0	0.2	MAPPED	True	False	False	True	True
GLI2	ENSG00000074047	GLI2	0.0	1.1	1.7	0.0	0.0	0.0	0.8	MAPPED	True	False	False	True	True
GLI3	ENSG00000106571	GLI3	0.0	5.6	6.9	0.0	0.0	0.0	1.6	MAPPED	True	False	False	True	True
GLIPR1	ENSG00000139278	GLIPR1	2.1	2.8	3.7	0.0	4.0	0.0	4.0	MAPPED	True	True	False	True	True
GLIS2	ENSG00000126603	GLIS2	0.0	0.0	0.2	0.0	0.0	0.0	0.1	MAPPED	True	False	False	True	True
GLMN	ENSG00000174842	GLMN	387.1	157.4	140.9	173.8	74.1	55.4	486.8	MAPPED	True	True	True	True	True
GLO1	ENSG00000124767	GLO1	76.6	23.8	44.7	42.5	68.1	76.7	81.3	MAPPED	True	True	True	True	True
GLUD1	ENSG00000148672	GLUD1	130.4	51.9	62.9	38.6	48.1	89.5	311.3	MAPPED	True	True	True	True	True
GLUD2	ENSG00000182890	GLUD2	0.0	0.0	0.0	0.0	0.0	0.0	0.0	MAPPED	False	False	False	False	False
GLUL	ENSG00000135821	GLUL	60.0	252.3	24.6	3.9	14.0	686.3	24.1	MAPPED	True	True	True	True	True
GLYATL1	ENSG00000166840	GLYATL1	0.0	0.0	0.8	3.9	0.0	0.0	0.3	MAPPED	True	False	False	True	True
GLYCTK	ENSG00000168237	GLYCTK	0.0	1.1	3.0	0.0	0.0	0.0	1.6	MAPPED	True	False	False	True	True
GMPPA	ENSG00000144591	GMPPA	6.2	4.8	7.5	3.9	0.0	4.3	3.0	MAPPED	True	True	True	True	True
GMPPB	ENSG00000173540	GMPPB	0.0	2.1	1.8	0.0	0.0	21.3	3.4	MAPPED	True	False	True	True	True
GMPR	ENSG00000137198	GMPR	0.0	0.7	2.4	27.0	2.0	358.1	0.7	MAPPED	True	False	True	True	True
GMPS	ENSG00000163655	GMPS	16.6	48.7	33.8	38.6	52.1	25.6	20.3	MAPPED	True	True	True	True	True
GNA11	ENSG00000088256	GNA11	16.6	37.0	16.4	11.6	26.0	29.8	10.5	MAPPED	True	True	True	True	True
GNA12	ENSG00000146535	GNA12	80.7	57.3	40.0	92.7	60.1	25.6	69.8	MAPPED	True	True	True	True	True
GNA13	ENSG00000120063	GNA13	33.1	29.9	23.2	19.3	46.1	38.4	30.7	MAPPED	True	True	True	True	True
GNA14	ENSG00000156049	GNA14	0.0	28.7	3.5	3.9	2.0	51.2	1.7	MAPPED	True	False	True	True	True
GNA15	ENSG00000060558	GNA15	0.0	0.0	0.1	0.0	0.0	0.0	0.3	MAPPED	True	False	False	True	True
GNAI1	ENSG00000127955	GNAI1	6.2	32.3	7.0	23.2	52.1	12.8	4.1	MAPPED	True	True	True	True	True
GNAI2	ENSG00000114353	GNAI2	14.5	23.1	24.1	3.9	14.0	46.9	22.1	MAPPED	True	True	True	True	True
GNAI3	ENSG00000065135	GNAI3	68.3	41.8	44.7	15.5	24.0	72.5	36.8	MAPPED	True	True	True	True	True
GNAL	ENSG00000141404	GNAL	134.6	56.7	23.2	57.9	8.0	0.0	5.5	MAPPED	True	True	False	True	True
GNAO1	ENSG00000087258	GNAO1	20.7	170.8	454.7	146.8	150.3	34.1	11.9	MAPPED	True	True	True	True	True
GNAQ	ENSG00000156052	GNAQ	211.2	515.4	187.1	185.4	260.4	179.0	9.4	MAPPED	True	True	True	True	True
GNAS	ENSG00000087460	GNAS	39.3	263.4	268.2	142.9	889.5	247.3	53.8	MAPPED	True	True	True	True	True
GNAT1	ENSG00000114349	GNAT1	12.4	10.0	20.2	0.0	0.0	12.8	1217.2	MAPPED	True	True	True	True	True
GNAT2	ENSG00000134183	GNAT2	229.8	0.7	1.7	0.0	0.0	0.0	2.3	MAPPED	True	True	False	True	True
GNAT3	ENSG00000214415	GNAT3	0.0	0.0	0.1	0.0	0.0	0.0	0.0	MAPPED	False	False	False	False	False
GNAZ	ENSG00000128266	GNAZ	16.6	10.8	6.0	7.7	72.1	55.4	34.6	MAPPED	True	True	True	True	True
GNB1	ENSG00000078369	GNB1	74.5	217.7	80.3	258.8	230.4	115.1	2097.9	MAPPED	True	True	True	True	True
GNB2	ENSG00000172354	GNB2	2.1	20.3	3.2	3.9	46.1	68.2	1.3	MAPPED	True	True	True	True	True
GNB3	ENSG00000111664	GNB3	877.7	15.9	291.4	7.7	48.1	72.5	222.9	MAPPED	True	True	True	True	True
GNB4	ENSG00000114450	GNB4	6.2	4.1	6.2	3.9	8.0	4.3	4.7	MAPPED	True	True	True	True	True
GNB5	ENSG00000069966	GNB5	380.9	159.7	337.0	135.2	98.2	8.5	539.1	MAPPED	True	True	True	True	True
GNG10	ENSG00000242616	GNG10	0.0	0.0	0.2	0.0	0.0	0.0	0.0	MAPPED	False	False	False	False	False
GNG11	ENSG00000127920	GNG11	0.0	0.0	0.3	0.0	2.0	456.1	1.0	MAPPED	True	False	True	True	True
GNG12	ENSG00000172380	GNG12	12.4	27.5	1.3	7.7	2.0	93.8	79.0	MAPPED	True	True	True	True	True
GNG13	ENSG00000127588	GNG13	0.0	1.4	165.9	0.0	0.0	12.8	2.2	MAPPED	True	False	True	True	True
GNG14	ENSG00000283980	GNG14	0.0	0.0	0.0	0.0	0.0	0.0	0.0	MAPPED	False	False	False	False	False
GNG2	ENSG00000186469	GNG2	2.1	91.3	49.5	61.8	16.0	17.1	0.8	MAPPED	True	True	True	True	True
GNG3	ENSG00000162188	GNG3	0.0	25.1	22.0	3.9	4.0	0.0	2.2	MAPPED	True	False	False	True	True
GNG4	ENSG00000168243	GNG4	4.1	12.2	6.2	19.3	4.0	0.0	2.7	MAPPED	True	True	False	True	True
GNG5	ENSG00000174021	GNG5	2.1	0.0	0.3	0.0	0.0	25.6	1.8	MAPPED	True	True	True	True	True
GNG7	ENSG00000176533	GNG7	39.3	232.2	16.1	139.1	368.6	63.9	61.5	MAPPED	True	True	True	True	True
GNG8	ENSG00000167414	GNG8	0.0	0.0	0.0	0.0	0.0	0.0	0.0	MAPPED	False	False	False	False	False
GNGT1	ENSG00000127928	GNGT1	14.5	19.9	45.3	23.2	26.0	213.1	1546.9	MAPPED	True	True	True	True	True
GNGT2	ENSG00000167083	GNGT2	385.0	0.0	1.3	0.0	0.0	0.0	3.9	MAPPED	True	True	False	True	True
GNL3	ENSG00000163938	GNL3	29.0	20.9	32.3	15.5	28.0	25.6	31.5	MAPPED	True	True	True	True	True
GNPDA1	ENSG00000113552	GNPDA1	6.2	17.4	26.1	7.7	22.0	51.2	22.9	MAPPED	True	True	True	True	True
GNPDA2	ENSG00000163281	GNPDA2	16.6	29.1	20.7	11.6	38.1	17.1	27.4	MAPPED	True	True	True	True	True
GNPNAT1	ENSG00000100522	GNPNAT1	6.2	8.3	11.0	0.0	2.0	12.8	10.6	MAPPED	True	True	True	True	True
GNPTAB	ENSG00000111670	GNPTAB	47.6	44.4	39.8	96.6	18.0	38.4	56.2	MAPPED	True	True	True	True	True
GNPTG	ENSG00000090581	GNPTG	49.7	18.5	32.9	30.9	42.1	17.1	46.0	MAPPED	True	True	True	True	True
GNRHR	ENSG00000109163	GNRHR	2.1	2.9	2.8	27.0	14.0	0.0	1.6	MAPPED	True	True	False	True	True
GNS	ENSG00000135677	GNS	70.4	36.4	39.3	65.7	32.1	247.3	31.7	MAPPED	True	True	True	True	True
GOLGA4	ENSG00000144674	GOLGA4	689.3	248.0	301.6	270.4	368.6	503.0	778.8	MAPPED	True	True	True	True	True
GOLGA6L1	ENSG00000273976	GOLGA6L1	0.0	0.0	0.0	0.0	0.0	0.0	0.0	MAPPED	False	False	False	False	False
GOLPH3	ENSG00000113384	GOLPH3	101.4	76.5	65.8	65.7	56.1	51.2	92.1	MAPPED	True	True	True	True	True
GOT1	ENSG00000120053	GOT1	171.8	65.3	94.8	239.5	90.2	46.9	144.3	MAPPED	True	True	True	True	True
GOT1L1	ENSG00000169154	GOT1L1	0.0	0.0	0.0	0.0	0.0	0.0	0.0	MAPPED	False	False	False	False	False
GOT2	ENSG00000125166	GOT2	86.9	30.7	30.2	11.6	22.0	294.1	52.6	MAPPED	True	True	True	True	True
GPATCH3	ENSG00000198746	GPATCH3	20.7	7.0	6.5	23.2	2.0	12.8	8.8	MAPPED	True	True	True	True	True
GPATCH4	ENSG00000160818	GPATCH4	8.3	8.2	9.0	3.9	6.0	8.5	5.3	MAPPED	True	True	True	True	True
GPD1	ENSG00000167588	GPD1	18.6	0.0	9.8	0.0	4.0	4.3	7.8	MAPPED	True	True	True	True	True
GPD2	ENSG00000115159	GPD2	51.8	37.8	36.0	42.5	28.0	21.3	127.8	MAPPED	True	True	True	True	True
GPHN	ENSG00000171723	GPHN	1577.4	1143.3	1162.2	930.9	1079.8	208.9	1067.1	MAPPED	True	True	True	True	True
GPI	ENSG00000105220	GPI	18.6	51.9	18.4	69.5	60.1	34.1	16.9	MAPPED	True	True	True	True	True
GPKOW	ENSG00000068394	GPKOW	2.1	5.6	9.9	7.7	16.0	4.3	9.1	MAPPED	True	True	True	True	True
GPM6B	ENSG00000046653	GPM6B	221.5	41.0	113.8	7.7	12.0	29.8	434.2	MAPPED	True	True	True	True	True
GPNMB	ENSG00000136235	GPNMB	0.0	3.0	0.5	0.0	0.0	183.3	0.3	MAPPED	True	False	True	True	True
GPR119	ENSG00000147262	GPR119	0.0	0.0	0.0	0.0	0.0	0.0	0.0	MAPPED	False	False	False	False	False
GPR141	ENSG00000187037	GPR141	0.0	0.0	0.0	0.0	0.0	0.0	0.0	MAPPED	False	False	False	False	False
GPR142	ENSG00000257008	GPR142	0.0	0.0	0.0	0.0	0.0	0.0	0.0	MAPPED	False	False	False	False	False
GPR153	ENSG00000158292	GPR153	0.0	53.0	1.7	30.9	58.1	0.0	1.6	MAPPED	True	False	False	True	True
GPR161	ENSG00000143147	GPR161	0.0	6.6	1.6	19.3	100.2	0.0	0.7	MAPPED	True	False	False	True	True
GPR179	ENSG00000277399	GPR179	0.0	0.0	2.3	0.0	0.0	0.0	0.0	MAPPED	False	False	False	False	False
GPR180	ENSG00000152749	GPR180	45.5	17.7	17.7	38.6	14.0	59.7	56.2	MAPPED	True	True	True	True	True
GPR182	ENSG00000166856	GPR182	0.0	0.0	0.0	0.0	0.0	0.0	0.1	MAPPED	True	False	False	True	True
GPR34	ENSG00000171659	GPR34	2.1	3.4	3.8	3.9	2.0	0.0	2.8	MAPPED	True	True	False	True	True
GPR52	ENSG00000203737	GPR52	0.0	0.0	0.0	0.0	0.0	0.0	0.0	MAPPED	False	False	False	False	False
GPR55	ENSG00000135898	GPR55	0.0	0.0	0.2	0.0	0.0	0.0	0.1	MAPPED	True	False	False	True	True
GPR84	ENSG00000139572	GPR84	2.1	1.4	1.0	0.0	0.0	0.0	0.2	MAPPED	True	True	False	True	True
GPR87	ENSG00000138271	GPR87	0.0	1.4	2.9	0.0	12.0	4.3	0.1	MAPPED	True	False	True	True	True
GPR88	ENSG00000181656	GPR88	0.0	18.6	0.0	0.0	0.0	0.0	0.0	MAPPED	False	False	False	False	False
GPS2	ENSG00000132522	GPS2	0.0	0.0	0.1	0.0	0.0	0.0	0.2	MAPPED	True	False	False	True	True
GPSM2	ENSG00000121957	GPSM2	178.0	39.4	94.3	57.9	64.1	8.5	52.5	MAPPED	True	True	True	True	True
GPT	ENSG00000167701	GPT	0.0	2.5	0.3	0.0	2.0	8.5	0.7	MAPPED	True	False	True	True	True
GPT2	ENSG00000166123	GPT2	14.5	35.9	13.9	3.9	16.0	8.5	1.4	MAPPED	True	True	True	True	True
GPX2	ENSG00000176153	GPX2	4.1	3.4	3.2	0.0	6.0	4.3	1.5	MAPPED	True	True	True	True	True
GPX4	ENSG00000167468	GPX4	60.0	83.3	186.4	11.6	126.2	1061.5	98.7	MAPPED	True	True	True	True	True
GPX6	ENSG00000198704	GPX6	0.0	0.0	0.8	0.0	0.0	0.0	0.0	MAPPED	False	False	False	False	False
GPX7	ENSG00000116157	GPX7	0.0	3.5	0.7	3.9	12.0	8.5	0.8	MAPPED	True	False	True	True	True
GPX8	ENSG00000164294	GPX8	0.0	0.0	0.3	0.0	0.0	4.3	0.0	MAPPED	False	False	True	False	True
GRAMD4	ENSG00000075240	GRAMD4	16.6	31.0	11.3	3.9	12.0	81.0	9.8	MAPPED	True	True	True	True	True
GRB14	ENSG00000115290	GRB14	2.1	11.0	1.4	15.5	0.0	4.3	4.7	MAPPED	True	True	True	True	True
GRB2	ENSG00000177885	GRB2	78.7	62.4	58.5	69.5	72.1	59.7	96.1	MAPPED	True	True	True	True	True
GRHPR	ENSG00000137106	GRHPR	16.6	15.9	28.2	15.5	14.0	12.8	17.2	MAPPED	True	True	True	True	True
GRIA1	ENSG00000155511	GRIA1	2.1	147.6	320.6	0.0	2.0	0.0	2.9	MAPPED	True	True	False	True	True
GRIP1	ENSG00000155974	GRIP1	0.0	1979.7	13.4	328.3	1037.7	59.7	3.0	MAPPED	True	False	True	True	True
GRIPAP1	ENSG00000068400	GRIPAP1	136.6	74.6	57.9	77.3	38.1	4.3	124.0	MAPPED	True	True	True	True	True
GRK1	ENSG00000185974	GRK1	2.1	0.0	0.0	0.0	0.0	0.0	2.8	MAPPED	True	True	False	True	True
GRK2	ENSG00000173020	GRK2	8.3	10.2	9.0	7.7	20.0	4.3	6.6	MAPPED	True	True	True	True	True
GRK3	ENSG00000100077	GRK3	31.1	127.4	28.4	96.6	246.4	25.6	19.6	MAPPED	True	True	True	True	True
GRK4	ENSG00000125388	GRK4	219.4	74.2	128.7	173.8	44.1	25.6	119.3	MAPPED	True	True	True	True	True
GRK5	ENSG00000198873	GRK5	8.3	31.4	19.3	46.4	4.0	8.5	6.8	MAPPED	True	True	True	True	True
GRK6	ENSG00000198055	GRK6	12.4	6.3	6.9	3.9	10.0	0.0	8.7	MAPPED	True	True	False	True	True
GRK7	ENSG00000114124	GRK7	333.3	2.2	0.9	0.0	0.0	0.0	0.7	MAPPED	True	True	False	True	True
GRM1	ENSG00000152822	GRM1	20.7	84.6	50.6	131.3	40.1	0.0	392.7	MAPPED	True	True	False	True	True
GRM5	ENSG00000168959	GRM5	0.0	220.1	713.3	3.9	4.0	0.0	5.3	MAPPED	True	False	False	True	True
GRM6	ENSG00000113262	GRM6	2.1	0.0	436.4	0.0	2.0	0.0	2.0	MAPPED	True	True	False	True	True
GRN	ENSG00000030582	GRN	8.3	13.8	18.3	0.0	32.1	102.3	7.3	MAPPED	True	True	True	True	True
GRPEL1	ENSG00000109519	GRPEL1	16.6	13.8	28.9	19.3	24.0	25.6	30.4	MAPPED	True	True	True	True	True
GRPEL2	ENSG00000164284	GRPEL2	2.1	4.1	4.6	0.0	2.0	0.0	6.8	MAPPED	True	True	False	True	True
GRTP1	ENSG00000139835	GRTP1	130.4	2.8	4.7	0.0	8.0	8.5	119.5	MAPPED	True	True	True	True	True
GSK3B	ENSG00000082701	GSK3B	285.7	281.0	189.2	212.5	272.5	132.2	164.1	MAPPED	True	True	True	True	True
GSN	ENSG00000148180	GSN	140.8	9.6	14.1	3.9	6.0	98.0	140.1	MAPPED	True	True	True	True	True
GSR	ENSG00000104687	GSR	31.1	15.4	15.2	42.5	8.0	38.4	17.9	MAPPED	True	True	True	True	True
GTF2B	ENSG00000137947	GTF2B	26.9	21.8	30.2	34.8	26.0	46.9	46.9	MAPPED	True	True	True	True	True
GTF3C1	ENSG00000077235	GTF3C1	161.5	55.8	66.5	23.2	34.1	72.5	67.9	MAPPED	True	True	True	True	True
GTF3C2	ENSG00000115207	GTF3C2	66.2	21.9	33.0	7.7	22.0	29.8	53.7	MAPPED	True	True	True	True	True
GTF3C5	ENSG00000148308	GTF3C5	10.4	11.4	10.9	7.7	24.0	8.5	14.0	MAPPED	True	True	True	True	True
GTPBP4	ENSG00000107937	GTPBP4	18.6	15.7	23.5	15.5	20.0	38.4	27.8	MAPPED	True	True	True	True	True
GTSE1	ENSG00000075218	GTSE1	2.1	1.4	1.5	0.0	0.0	0.0	0.7	MAPPED	True	True	False	True	True
GUCA1A	ENSG00000048545	GUCA1A	53.8	2.1	1.0	0.0	0.0	0.0	37.9	MAPPED	True	True	False	True	True
GUCA1A-2										UNMAPPED					
GUCA1B	ENSG00000112599	GUCA1B	1039.2	8.9	15.2	19.3	12.0	8.5	435.6	MAPPED	True	True	True	True	True
GUCA1C	ENSG00000138472	GUCA1C	596.2	1.4	1.0	3.9	0.0	0.0	14.8	MAPPED	True	True	False	True	True
GUCA2A	ENSG00000197273	GUCA2A	0.0	0.0	0.0	0.0	0.0	0.0	0.0	MAPPED	False	False	False	False	False
GUCA2B	ENSG00000044012	GUCA2B	0.0	0.0	0.0	0.0	0.0	0.0	0.0	MAPPED	False	False	False	False	False
GUCY1A1	ENSG00000164116	GUCY1A1	4.1	57.3	281.2	38.6	2.0	0.0	2.8	MAPPED	True	True	False	True	True
GUCY1A2	ENSG00000152402	GUCY1A2	33.1	175.6	78.1	38.6	98.2	0.0	11.1	MAPPED	True	True	False	True	True
GUCY1B1	ENSG00000061918	GUCY1B1	0.0	29.8	86.9	7.7	18.0	0.0	10.9	MAPPED	True	False	False	True	True
GUCY2C	ENSG00000070019	GUCY2C	0.0	0.7	1.2	0.0	4.0	4.3	0.4	MAPPED	True	False	True	True	True
GUCY2D	ENSG00000132518	GUCY2D	82.8	2.5	2.0	15.5	2.0	0.0	152.2	MAPPED	True	True	False	True	True
GUCY2F	ENSG00000101890	GUCY2F	0.0	0.8	0.9	0.0	6.0	0.0	136.8	MAPPED	True	False	False	True	True
GUF1	ENSG00000151806	GUF1	12.4	13.6	10.8	3.9	22.0	17.1	13.4	MAPPED	True	True	True	True	True
GUK1	ENSG00000143774	GUK1	892.2	23.1	71.7	7.7	34.1	132.2	242.4	MAPPED	True	True	True	True	True
GULP1	ENSG00000144366	GULP1	0.0	57.1	2.6	15.5	44.1	810.0	1.6	MAPPED	True	False	True	True	True
GUSB	ENSG00000169919	GUSB	12.4	21.6	16.8	19.3	12.0	25.6	26.7	MAPPED	True	True	True	True	True
GYS1	ENSG00000104812	GYS1	161.5	32.8	30.9	11.6	20.0	42.6	96.4	MAPPED	True	True	True	True	True
GYS2	ENSG00000111713	GYS2	0.0	0.0	0.0	0.0	0.0	0.0	0.0	MAPPED	False	False	False	False	False
GZF1	ENSG00000125812	GZF1	10.4	2.8	10.5	0.0	6.0	4.3	9.5	MAPPED	True	True	True	True	True
H0YIJ7_HUMAN										UNMAPPED					
H0YIS7_HUMAN										UNMAPPED					
H1-6	ENSG00000187475	H1-6	0.0	0.0	0.3	0.0	0.0	0.0	0.0	MAPPED	False	False	False	False	False
H2AC18	ENSG00000288825	H2AC18	0.0	0.0	0.0	0.0	0.0	0.0	0.0	MAPPED	False	False	False	False	False
H2AC20	ENSG00000184260	H2AC20	6.2	1.4	5.3	0.0	0.0	12.8	10.2	MAPPED	True	True	True	True	True
H2AX	ENSG00000188486	H2AX	22.8	4.7	9.0	0.0	2.0	8.5	25.4	MAPPED	True	True	True	True	True
H2BC21	ENSG00000184678	H2BC21	8.3	12.4	45.7	0.0	16.0	4.3	16.5	MAPPED	True	True	True	True	True
H3-3A	ENSG00000163041	H3-3A	18.6	13.7	20.2	19.3	20.0	8.5	65.1	MAPPED	True	True	True	True	True
H3-3B	ENSG00000132475	H3-3B	298.1	318.6	985.8	19.3	348.6	456.1	604.7	MAPPED	True	True	True	True	True
H3BNC9_HUMAN										UNMAPPED					
H3C2	ENSG00000286522	H3C2	0.0	0.0	0.0	0.0	0.0	0.0	0.1	MAPPED	True	False	False	True	True
H4C6	ENSG00000274618	H4C6	0.0	0.0	0.0	0.0	0.0	0.0	0.0	MAPPED	False	False	False	False	False
H6PD	ENSG00000049239	H6PD	31.1	10.5	25.4	23.2	18.0	21.3	13.8	MAPPED	True	True	True	True	True
H7C0C1_HUMAN										UNMAPPED					
HAAO	ENSG00000162882	HAAO	0.0	39.1	3.9	7.7	14.0	17.1	0.4	MAPPED	True	False	True	True	True
HABP2	ENSG00000148702	HABP2	0.0	0.0	0.3	0.0	0.0	0.0	0.0	MAPPED	False	False	False	False	False
HABP4	ENSG00000130956	HABP4	8.3	74.8	34.1	104.3	50.1	17.1	30.4	MAPPED	True	True	True	True	True
HACD4	ENSG00000188921	HACD4	2.1	1.8	4.2	11.6	0.0	0.0	1.2	MAPPED	True	True	False	True	True
HACE1	ENSG00000085382	HACE1	126.3	56.4	45.3	81.1	144.2	42.6	160.7	MAPPED	True	True	True	True	True
HACL1	ENSG00000131373	HACL1	60.0	50.6	38.8	54.1	56.1	17.1	76.0	MAPPED	True	True	True	True	True
HADHA	ENSG00000084754	HADHA	62.1	36.1	40.8	54.1	40.1	149.2	71.6	MAPPED	True	True	True	True	True
HADHB	ENSG00000138029	HADHB	134.6	27.4	80.7	54.1	34.1	115.1	211.9	MAPPED	True	True	True	True	True
HAMP	ENSG00000105697	HAMP	0.0	0.0	0.0	0.0	0.0	0.0	0.2	MAPPED	True	False	False	True	True
HAND1	ENSG00000113196	HAND1	0.0	0.0	0.0	0.0	0.0	0.0	0.0	MAPPED	False	False	False	False	False
HAO1	ENSG00000101323	HAO1	0.0	0.0	0.2	0.0	0.0	0.0	0.2	MAPPED	True	False	False	True	True
HAO2	ENSG00000116882	HAO2	0.0	0.8	0.0	0.0	0.0	0.0	0.0	MAPPED	False	False	False	False	False
HAP1	ENSG00000173805	HAP1	4.1	0.8	0.4	0.0	0.0	0.0	2.1	MAPPED	True	True	False	True	True
HARS1	ENSG00000170445	HARS1	14.5	39.5	35.9	61.8	72.1	34.1	27.7	MAPPED	True	True	True	True	True
HARS2	ENSG00000112855	HARS2	14.5	10.3	15.0	15.5	8.0	4.3	14.8	MAPPED	True	True	True	True	True
HAS1	ENSG00000105509	HAS1	0.0	2.8	18.6	3.9	4.0	0.0	0.4	MAPPED	True	False	False	True	True
HAS2	ENSG00000170961	HAS2	0.0	0.0	0.0	0.0	0.0	0.0	0.1	MAPPED	True	False	False	True	True
HAS3	ENSG00000103044	HAS3	0.0	1.4	2.0	0.0	0.0	0.0	1.6	MAPPED	True	False	False	True	True
HAUS1	ENSG00000152240	HAUS1	12.4	11.0	11.3	23.2	8.0	0.0	21.4	MAPPED	True	True	False	True	True
HAUS2	ENSG00000137814	HAUS2	14.5	12.2	15.4	3.9	24.0	4.3	47.6	MAPPED	True	True	True	True	True
HAUS3	ENSG00000214367	HAUS3	0.0	0.0	0.0	0.0	0.0	0.0	0.0	MAPPED	False	False	False	False	False
HAUS4	ENSG00000092036	HAUS4	0.0	2.1	0.0	0.0	0.0	4.3	0.2	MAPPED	True	False	True	True	True
HAUS5	ENSG00000249115	HAUS5	8.3	9.2	10.7	0.0	8.0	0.0	9.8	MAPPED	True	True	False	True	True
HAUS6	ENSG00000147874	HAUS6	10.4	21.6	11.2	7.7	18.0	21.3	15.8	MAPPED	True	True	True	True	True
HAUS7	ENSG00000213397	HAUS7	0.0	0.0	0.5	0.0	2.0	0.0	0.0	MAPPED	False	False	False	False	False
HAUS8	ENSG00000131351	HAUS8	2.1	4.2	3.8	7.7	8.0	0.0	8.7	MAPPED	True	True	False	True	True
HBD	ENSG00000223609	HBD	0.0	0.0	0.2	0.0	0.0	0.0	0.0	MAPPED	False	False	False	False	False
HBS1L	ENSG00000112339	HBS1L	26.9	64.9	53.8	46.4	44.1	55.4	51.0	MAPPED	True	True	True	True	True
HCFC1	ENSG00000172534	HCFC1	6.2	8.4	12.6	0.0	18.0	8.5	8.8	MAPPED	True	True	True	True	True
HCFC2	ENSG00000111727	HCFC2	37.3	26.9	43.0	27.0	26.0	21.3	53.9	MAPPED	True	True	True	True	True
HCRT	ENSG00000161610	HCRT	0.0	0.0	0.2	0.0	0.0	0.0	0.2	MAPPED	True	False	False	True	True
HDAC1	ENSG00000116478	HDAC1	24.8	9.7	18.1	15.5	18.0	25.6	32.8	MAPPED	True	True	True	True	True
HDAC2	ENSG00000196591	HDAC2	16.6	33.3	37.2	23.2	30.1	12.8	30.8	MAPPED	True	True	True	True	True
HDAC3	ENSG00000171720	HDAC3	53.8	50.9	50.6	65.7	68.1	21.3	50.4	MAPPED	True	True	True	True	True
HDAC4	ENSG00000068024	HDAC4	76.6	142.6	95.6	123.6	124.2	29.8	75.1	MAPPED	True	True	True	True	True
HDAC6	ENSG00000094631	HDAC6	29.0	27.7	26.3	30.9	30.1	4.3	21.3	MAPPED	True	True	True	True	True
HDAC8	ENSG00000147099	HDAC8	0.0	0.0	0.8	0.0	0.0	0.0	0.6	MAPPED	True	False	False	True	True
HDDC2	ENSG00000111906	HDDC2	18.6	34.0	44.0	0.0	46.1	132.2	8.5	MAPPED	True	True	True	True	True
HDDC3	ENSG00000184508	HDDC3	4.1	4.9	7.2	0.0	14.0	21.3	20.5	MAPPED	True	True	True	True	True
HEXD	ENSG00000169660	HEXD	26.9	25.0	22.2	19.3	54.1	8.5	30.2	MAPPED	True	True	True	True	True
HEXIM1	ENSG00000186834	HEXIM1	16.6	15.4	15.3	3.9	10.0	21.3	10.8	MAPPED	True	True	True	True	True
HFE	ENSG00000010704	HFE	6.2	0.8	3.0	0.0	0.0	0.0	2.7	MAPPED	True	True	False	True	True
HFM1	ENSG00000162669	HFM1	6.2	23.8	35.6	54.1	24.0	8.5	44.5	MAPPED	True	True	True	True	True
HGFAC	ENSG00000109758	HGFAC	0.0	0.0	0.0	0.0	2.0	0.0	0.0	MAPPED	False	False	False	False	False
HGS	ENSG00000185359	HGS	12.4	23.3	19.8	19.3	32.1	17.1	20.7	MAPPED	True	True	True	True	True
HGSNAT	ENSG00000165102	HGSNAT	72.5	128.9	113.3	146.8	62.1	55.4	103.4	MAPPED	True	True	True	True	True
HIBCH	ENSG00000198130	HIBCH	335.4	109.7	142.3	131.3	82.1	119.4	204.3	MAPPED	True	True	True	True	True
HIF1A	ENSG00000100644	HIF1A	66.2	52.4	60.8	104.3	136.2	17.1	96.7	MAPPED	True	True	True	True	True
HIF3A	ENSG00000124440	HIF3A	0.0	1.5	4.9	0.0	6.0	0.0	1.3	MAPPED	True	False	False	True	True
HIGD1C	ENSG00000214511	HIGD1C	0.0	0.0	0.0	0.0	0.0	0.0	0.0	MAPPED	False	False	False	False	False
HIPK2	ENSG00000064393	HIPK2	395.4	120.8	253.3	181.6	464.8	204.6	263.9	MAPPED	True	True	True	True	True
HJV	ENSG00000168509	HJV	0.0	4.1	1.3	19.3	4.0	0.0	2.8	MAPPED	True	False	False	True	True
HK1	ENSG00000156515	HK1	219.4	87.7	122.8	123.6	717.2	85.3	257.3	MAPPED	True	True	True	True	True
HK2	ENSG00000159399	HK2	196.7	2.5	16.5	3.9	16.0	0.0	104.8	MAPPED	True	True	False	True	True
HK3	ENSG00000160883	HK3	2.1	2.8	1.3	0.0	4.0	0.0	0.4	MAPPED	True	True	False	True	True
HKDC1	ENSG00000156510	HKDC1	0.0	0.0	3.5	30.9	10.0	0.0	5.9	MAPPED	True	False	False	True	True
HLA-A	ENSG00000206503	HLA-A	2.1	3.9	5.5	0.0	8.0	8.5	0.4	MAPPED	True	True	True	True	True
HLA-B	ENSG00000234745	HLA-B	0.0	0.0	0.0	0.0	0.0	4.3	0.4	MAPPED	True	False	True	True	True
HLX	ENSG00000136630	HLX	0.0	0.0	0.0	0.0	0.0	0.0	0.0	MAPPED	False	False	False	False	False
HM13	ENSG00000101294	HM13	138.7	81.6	56.2	69.5	76.1	63.9	51.7	MAPPED	True	True	True	True	True
HMBS	ENSG00000256269	HMBS	24.8	1.4	2.7	0.0	8.0	4.3	15.0	MAPPED	True	True	True	True	True
HMCN1	ENSG00000143341	HMCN1	0.0	2.8	9.0	0.0	236.4	0.0	1.8	MAPPED	True	False	False	True	True
HMG20A	ENSG00000140382	HMG20A	72.5	66.3	70.0	42.5	86.1	68.2	82.4	MAPPED	True	True	True	True	True
HMGA1	ENSG00000137309	HMGA1	16.6	14.6	15.1	3.9	18.0	8.5	23.3	MAPPED	True	True	True	True	True
HMGCL	ENSG00000117305	HMGCL	31.1	22.0	25.9	42.5	24.0	34.1	22.2	MAPPED	True	True	True	True	True
HMGCLL1	ENSG00000146151	HMGCLL1	0.0	89.7	81.7	69.5	0.0	0.0	0.8	MAPPED	True	False	False	True	True
HMGCR	ENSG00000113161	HMGCR	37.3	105.5	31.7	197.0	74.1	21.3	42.0	MAPPED	True	True	True	True	True
HMGCS1	ENSG00000112972	HMGCS1	91.1	276.6	57.4	498.3	70.1	93.8	102.5	MAPPED	True	True	True	True	True
HMGCS2	ENSG00000134240	HMGCS2	0.0	0.0	0.2	0.0	0.0	285.6	0.0	MAPPED	False	False	True	False	True
HMOX1	ENSG00000100292	HMOX1	0.0	1.4	0.0	0.0	0.0	4.3	0.2	MAPPED	True	False	True	True	True
HMOX2	ENSG00000103415	HMOX2	8.3	2.1	3.3	0.0	6.0	21.3	4.0	MAPPED	True	True	True	True	True
HNF4A	ENSG00000101076	HNF4A	0.0	0.7	0.0	0.0	0.0	76.7	0.7	MAPPED	True	False	True	True	True
HNRNPA0	ENSG00000177733	HNRNPA0	26.9	34.0	50.6	3.9	44.1	68.2	36.4	MAPPED	True	True	True	True	True
HNRNPA1	ENSG00000135486	HNRNPA1	4.1	12.4	16.5	7.7	2.0	72.5	22.8	MAPPED	True	True	True	True	True
HNRNPA2B1	ENSG00000122566	HNRNPA2B1	250.5	152.6	313.6	104.3	200.3	383.7	314.5	MAPPED	True	True	True	True	True
HNRNPA3	ENSG00000170144	HNRNPA3	49.7	62.1	93.2	54.1	60.1	85.3	91.4	MAPPED	True	True	True	True	True
HNRNPAB	ENSG00000197451	HNRNPAB	12.4	6.2	18.5	19.3	12.0	55.4	20.4	MAPPED	True	True	True	True	True
HNRNPC	ENSG00000092199	HNRNPC	465.8	114.0	174.8	81.1	142.2	225.9	712.8	MAPPED	True	True	True	True	True
HNRNPCL1	ENSG00000179172	HNRNPCL1	0.0	0.0	0.0	0.0	0.0	0.0	0.0	MAPPED	False	False	False	False	False
HNRNPD	ENSG00000138668	HNRNPD	105.6	89.4	124.0	38.6	124.2	149.2	153.3	MAPPED	True	True	True	True	True
HNRNPDL	ENSG00000152795	HNRNPDL	82.8	84.6	127.9	61.8	116.2	115.1	97.3	MAPPED	True	True	True	True	True
HNRNPF	ENSG00000169813	HNRNPF	95.2	19.5	49.8	38.6	38.1	34.1	211.8	MAPPED	True	True	True	True	True
HNRNPH1	ENSG00000169045	HNRNPH1	14.5	8.4	17.0	3.9	2.0	25.6	28.2	MAPPED	True	True	True	True	True
HNRNPH2	ENSG00000126945	HNRNPH2	0.0	10.7	22.8	3.9	12.0	42.6	24.2	MAPPED	True	False	True	True	True
HNRNPH3	ENSG00000096746	HNRNPH3	74.5	50.4	94.8	38.6	56.1	98.0	120.8	MAPPED	True	True	True	True	True
HNRNPK	ENSG00000165119	HNRNPK	62.1	43.5	106.0	30.9	86.1	306.9	129.7	MAPPED	True	True	True	True	True
HNRNPL	ENSG00000104824	HNRNPL	6.2	1.4	3.8	0.0	4.0	8.5	3.8	MAPPED	True	True	True	True	True
HNRNPM	ENSG00000099783	HNRNPM	190.5	103.7	180.6	34.8	136.2	144.9	212.0	MAPPED	True	True	True	True	True
HNRNPR	ENSG00000125944	HNRNPR	10.4	3.5	7.7	7.7	10.0	17.1	15.5	MAPPED	True	True	True	True	True
HNRNPU	ENSG00000153187	HNRNPU	130.4	98.7	132.3	50.2	136.2	170.5	225.4	MAPPED	True	True	True	True	True
HNRNPUL1	ENSG00000105323	HNRNPUL1	68.3	29.4	51.1	23.2	44.1	115.1	97.8	MAPPED	True	True	True	True	True
HNRNPUL2	ENSG00000214753	HNRNPUL2	0.0	0.0	0.1	0.0	0.0	0.0	0.7	MAPPED	True	False	False	True	True
HOOK1	ENSG00000134709	HOOK1	142.8	41.3	138.0	7.7	92.2	72.5	102.9	MAPPED	True	True	True	True	True
HOOK2	ENSG00000095066	HOOK2	89.0	135.0	173.3	258.8	100.2	4.3	131.0	MAPPED	True	True	True	True	True
HOOK3	ENSG00000168172	HOOK3	149.0	101.2	90.3	104.3	112.2	46.9	106.8	MAPPED	True	True	True	True	True
HPCA	ENSG00000121905	HPCA	0.0	36.7	138.3	0.0	4.0	0.0	3.2	MAPPED	True	False	False	True	True
HPCAL1	ENSG00000115756	HPCAL1	86.9	10.4	158.4	11.6	254.4	72.5	89.0	MAPPED	True	True	True	True	True
HPD	ENSG00000158104	HPD	0.0	2.1	1.6	3.9	0.0	29.8	2.6	MAPPED	True	False	True	True	True
HPDL	ENSG00000186603	HPDL	0.0	0.0	0.2	0.0	0.0	0.0	0.1	MAPPED	True	False	False	True	True
HPRT1	ENSG00000165704	HPRT1	53.8	44.6	58.3	57.9	42.1	0.0	137.3	MAPPED	True	True	False	True	True
HPS5	ENSG00000110756	HPS5	6.2	4.6	4.7	0.0	4.0	0.0	6.2	MAPPED	True	True	False	True	True
HPX	ENSG00000110169	HPX	2.1	3.4	2.6	0.0	0.0	0.0	4.4	MAPPED	True	True	False	True	True
HRAS	ENSG00000174775	HRAS	0.0	4.1	3.9	3.9	8.0	17.1	5.5	MAPPED	True	False	True	True	True
HRH1	ENSG00000196639	HRH1	0.0	5.5	1.3	0.0	2.0	0.0	1.0	MAPPED	True	False	False	True	True
HRH2	ENSG00000113749	HRH2	0.0	18.4	10.0	0.0	2.0	4.3	0.3	MAPPED	True	False	True	True	True
HRNR	ENSG00000197915	HRNR	0.0	0.7	0.9	3.9	0.0	0.0	1.5	MAPPED	True	False	False	True	True
HSCB	ENSG00000100209	HSCB	4.1	16.2	14.8	0.0	6.0	12.8	12.1	MAPPED	True	True	True	True	True
HSD17B10	ENSG00000072506	HSD17B10	6.2	4.6	7.1	0.0	10.0	21.3	7.1	MAPPED	True	True	True	True	True
HSD17B12	ENSG00000149084	HSD17B12	41.4	39.5	42.0	42.5	60.1	102.3	30.9	MAPPED	True	True	True	True	True
HSD17B6	ENSG00000025423	HSD17B6	0.0	1.4	0.7	7.7	6.0	0.0	0.7	MAPPED	True	False	False	True	True
HSD17B7	ENSG00000132196	HSD17B7	29.0	17.2	14.2	11.6	18.0	17.1	31.7	MAPPED	True	True	True	True	True
HSD3B7	ENSG00000099377	HSD3B7	0.0	2.1	0.2	0.0	0.0	0.0	0.4	MAPPED	True	False	False	True	True
HSP90AA1	ENSG00000080824	HSP90AA1	1295.9	390.9	768.7	258.8	599.0	673.5	2197.5	MAPPED	True	True	True	True	True
HSP90AB1	ENSG00000096384	HSP90AB1	186.3	134.4	203.3	57.9	190.3	362.4	170.1	MAPPED	True	True	True	True	True
HSP90B1	ENSG00000166598	HSP90B1	227.7	39.0	43.9	54.1	52.1	298.4	98.9	MAPPED	True	True	True	True	True
HSPA1A	ENSG00000204389	HSPA1A	0.0	0.7	0.2	0.0	0.0	0.0	0.9	MAPPED	True	False	False	True	True
HSPA1B	ENSG00000204388	HSPA1B	0.0	0.0	0.0	0.0	0.0	0.0	0.0	MAPPED	False	False	False	False	False
HSPA4	ENSG00000170606	HSPA4	209.1	59.7	83.4	30.9	70.1	115.1	285.2	MAPPED	True	True	True	True	True
HSPA4L	ENSG00000164070	HSPA4L	176.0	60.1	83.1	57.9	68.1	17.1	123.0	MAPPED	True	True	True	True	True
HSPA5	ENSG00000044574	HSPA5	120.1	54.9	52.5	38.6	34.1	136.4	63.9	MAPPED	True	True	True	True	True
HSPA8	ENSG00000109971	HSPA8	74.5	36.9	85.0	38.6	76.1	238.7	105.7	MAPPED	True	True	True	True	True
HSPA9	ENSG00000113013	HSPA9	120.1	84.5	101.5	96.6	86.1	98.0	128.8	MAPPED	True	True	True	True	True
HSPB1	ENSG00000106211	HSPB1	147.0	80.6	144.5	0.0	30.1	132.2	7.0	MAPPED	True	True	True	True	True
HSPB11	ENSG00000081870	HSPB11	18.6	21.1	18.6	19.3	42.1	68.2	18.2	MAPPED	True	True	True	True	True
HSPD1	ENSG00000144381	HSPD1	221.5	91.7	114.9	46.4	112.2	157.7	159.1	MAPPED	True	True	True	True	True
HSPE1	ENSG00000115541	HSPE1	16.6	14.4	18.7	7.7	18.0	123.6	21.9	MAPPED	True	True	True	True	True
HSPG2	ENSG00000142798	HSPG2	4.1	1.4	1.7	0.0	8.0	4.3	1.2	MAPPED	True	True	True	True	True
HTATIP2	ENSG00000109854	HTATIP2	0.0	0.7	1.4	3.9	0.0	0.0	0.8	MAPPED	True	False	False	True	True
HTATSF1	ENSG00000102241	HTATSF1	22.8	11.8	31.4	7.7	26.0	29.8	32.2	MAPPED	True	True	True	True	True
HTN1	ENSG00000126550	HTN1	0.0	0.0	0.0	0.0	0.0	0.0	0.0	MAPPED	False	False	False	False	False
HTN3	ENSG00000205649	HTN3	0.0	0.0	0.0	0.0	0.0	0.0	0.0	MAPPED	False	False	False	False	False
HTR2B	ENSG00000135914	HTR2B	6.2	1.4	8.0	11.6	12.0	0.0	6.0	MAPPED	True	True	False	True	True
HTR2C	ENSG00000147246	HTR2C	2.1	5.5	0.7	0.0	0.0	0.0	0.5	MAPPED	True	True	False	True	True
HTT	ENSG00000197386	HTT	349.8	167.7	134.4	200.9	100.2	68.2	143.2	MAPPED	True	True	True	True	True
HUWE1	ENSG00000086758	HUWE1	101.4	119.7	123.0	127.5	166.3	81.0	104.4	MAPPED	True	True	True	True	True
HYAL1	ENSG00000114378	HYAL1	4.1	3.9	4.1	3.9	4.0	8.5	1.4	MAPPED	True	True	True	True	True
HYDIN	ENSG00000157423	HYDIN	115.9	3.6	9.3	23.2	0.0	0.0	134.1	MAPPED	True	True	False	True	True
HYLS1	ENSG00000198331	HYLS1	14.5	12.8	10.7	11.6	6.0	4.3	11.9	MAPPED	True	True	True	True	True
IARS1	ENSG00000196305	IARS1	60.0	60.8	68.3	65.7	58.1	72.5	67.1	MAPPED	True	True	True	True	True
ICAM1	ENSG00000090339	ICAM1	0.0	0.7	0.0	0.0	0.0	4.3	1.0	MAPPED	True	False	True	True	True
ICK										UNMAPPED					
ICMT	ENSG00000116237	ICMT	39.3	14.8	12.1	19.3	24.0	8.5	62.0	MAPPED	True	True	True	True	True
IDH1	ENSG00000138413	IDH1	22.8	17.7	18.8	73.4	16.0	68.2	47.8	MAPPED	True	True	True	True	True
IDH2	ENSG00000182054	IDH2	4.1	32.9	9.6	3.9	12.0	55.4	8.7	MAPPED	True	True	True	True	True
IDH3A	ENSG00000166411	IDH3A	99.4	58.7	36.8	57.9	28.0	25.6	53.1	MAPPED	True	True	True	True	True
IDH3B	ENSG00000101365	IDH3B	20.7	10.5	21.1	3.9	12.0	12.8	18.7	MAPPED	True	True	True	True	True
IDH3G	ENSG00000067829	IDH3G	14.5	12.2	17.0	11.6	14.0	29.8	23.7	MAPPED	True	True	True	True	True
IDI1	ENSG00000067064	IDI1	62.1	122.7	65.9	235.6	62.1	144.9	61.2	MAPPED	True	True	True	True	True
IDI2	ENSG00000148377	IDI2	2.1	0.7	2.2	11.6	2.0	0.0	1.3	MAPPED	True	True	False	True	True
IDS	ENSG00000010404	IDS	0.0	2.1	1.4	3.9	4.0	4.3	1.7	MAPPED	True	False	True	True	True
IDUA	ENSG00000127415	IDUA	4.1	0.8	2.9	11.6	0.0	8.5	3.2	MAPPED	True	True	True	True	True
IFI35	ENSG00000068079	IFI35	2.1	2.1	2.8	3.9	0.0	8.5	0.9	MAPPED	True	True	True	True	True
IFI44L	ENSG00000137959	IFI44L	0.0	0.0	0.0	0.0	0.0	0.0	0.0	MAPPED	False	False	False	False	False
IFITM5	ENSG00000206013	IFITM5	0.0	0.0	0.0	0.0	0.0	0.0	0.0	MAPPED	False	False	False	False	False
IFNAR1	ENSG00000142166	IFNAR1	47.6	37.4	47.3	3.9	46.1	38.4	39.2	MAPPED	True	True	True	True	True
IFNG	ENSG00000111537	IFNG	0.0	0.0	0.0	0.0	0.0	0.0	0.0	MAPPED	False	False	False	False	False
IFT122	ENSG00000163913	IFT122	72.5	25.3	27.3	30.9	22.0	21.3	69.9	MAPPED	True	True	True	True	True
IFT140	ENSG00000187535	IFT140	97.3	14.3	16.2	30.9	16.0	17.1	80.3	MAPPED	True	True	True	True	True
IFT172	ENSG00000138002	IFT172	147.0	99.2	43.7	108.2	32.1	42.6	159.1	MAPPED	True	True	True	True	True
IFT20	ENSG00000109083	IFT20	35.2	44.6	35.2	23.2	48.1	17.1	43.1	MAPPED	True	True	True	True	True
IFT22	ENSG00000128581	IFT22	76.6	6.2	12.9	7.7	20.0	29.8	79.5	MAPPED	True	True	True	True	True
IFT27	ENSG00000100360	IFT27	37.3	20.9	20.8	11.6	16.0	46.9	25.4	MAPPED	True	True	True	True	True
IFT43	ENSG00000119650	IFT43	103.5	58.3	43.6	54.1	52.1	42.6	147.8	MAPPED	True	True	True	True	True
IFT46	ENSG00000118096	IFT46	49.7	9.8	11.4	3.9	10.0	21.3	28.8	MAPPED	True	True	True	True	True
IFT52	ENSG00000101052	IFT52	37.3	28.3	37.0	19.3	40.1	17.1	60.5	MAPPED	True	True	True	True	True
IFT57	ENSG00000114446	IFT57	124.2	16.0	21.1	27.0	46.1	42.6	85.6	MAPPED	True	True	True	True	True
IFT74	ENSG00000096872	IFT74	62.1	48.5	40.7	23.2	50.1	85.3	98.7	MAPPED	True	True	True	True	True
IFT80	ENSG00000068885	IFT80	0.0	0.0	0.0	0.0	0.0	0.0	0.6	MAPPED	True	False	False	True	True
IFT81	ENSG00000122970	IFT81	184.2	66.7	48.9	85.0	88.1	17.1	127.6	MAPPED	True	True	True	True	True
IFT88	ENSG00000032742	IFT88	223.6	59.7	81.5	50.2	132.2	51.2	390.2	MAPPED	True	True	True	True	True
IGF2BP1	ENSG00000159217	IGF2BP1	0.0	0.0	0.1	0.0	0.0	0.0	0.2	MAPPED	True	False	False	True	True
IGHD	ENSG00000211898	IGHD	0.0	0.0	0.0	0.0	0.0	0.0	0.0	MAPPED	False	False	False	False	False
IGHV3-16	ENSG00000211944	IGHV3-16	0.0	0.0	0.0	0.0	0.0	0.0	0.0	MAPPED	False	False	False	False	False
IK	ENSG00000113141	IK	33.1	17.7	44.6	11.6	24.0	34.1	61.6	MAPPED	True	True	True	True	True
IKBKE	ENSG00000263528	IKBKE	0.0	1.4	0.2	7.7	0.0	0.0	0.1	MAPPED	True	False	False	True	True
IL10	ENSG00000136634	IL10	0.0	0.0	0.0	0.0	0.0	0.0	0.1	MAPPED	True	False	False	True	True
IL17A	ENSG00000112115	IL17A	0.0	0.0	0.0	0.0	0.0	0.0	0.0	MAPPED	False	False	False	False	False
IL1B	ENSG00000125538	IL1B	0.0	0.0	0.0	0.0	0.0	0.0	0.1	MAPPED	True	False	False	True	True
IL1RN	ENSG00000136689	IL1RN	0.0	0.0	0.0	0.0	0.0	12.8	0.7	MAPPED	True	False	True	True	True
IL2RG	ENSG00000147168	IL2RG	0.0	0.0	0.0	0.0	0.0	0.0	0.0	MAPPED	False	False	False	False	False
IL31RA	ENSG00000164509	IL31RA	0.0	1.1	0.0	0.0	0.0	0.0	0.2	MAPPED	True	False	False	True	True
IL4	ENSG00000113520	IL4	0.0	2.6	0.3	0.0	2.0	0.0	0.8	MAPPED	True	False	False	True	True
IL4I1	ENSG00000104951	IL4I1	0.0	0.7	0.8	3.9	0.0	0.0	0.2	MAPPED	True	False	False	True	True
IL6	ENSG00000136244	IL6	0.0	0.0	0.1	0.0	0.0	0.0	0.1	MAPPED	True	False	False	True	True
ILF2	ENSG00000143621	ILF2	33.1	19.6	28.7	7.7	14.0	46.9	27.3	MAPPED	True	True	True	True	True
ILF3	ENSG00000129351	ILF3	68.3	67.3	75.2	19.3	56.1	59.7	79.8	MAPPED	True	True	True	True	True
ILVBL	ENSG00000105135	ILVBL	31.1	11.7	57.5	0.0	14.0	68.2	19.2	MAPPED	True	True	True	True	True
IMMT	ENSG00000132305	IMMT	66.2	53.9	71.5	54.1	46.1	63.9	90.0	MAPPED	True	True	True	True	True
IMPA1	ENSG00000133731	IMPA1	14.5	14.5	17.7	0.0	26.0	42.6	17.3	MAPPED	True	True	True	True	True
IMPA2	ENSG00000141401	IMPA2	0.0	0.0	0.9	0.0	2.0	51.2	1.1	MAPPED	True	False	True	True	True
IMPDH1	ENSG00000106348	IMPDH1	89.0	12.5	113.1	15.5	74.1	4.3	117.9	MAPPED	True	True	True	True	True
IMPDH2	ENSG00000178035	IMPDH2	0.0	0.0	0.4	0.0	0.0	0.0	0.4	MAPPED	True	False	False	True	True
IMPG1	ENSG00000112706	IMPG1	1053.7	5.5	22.3	50.2	16.0	0.0	1299.2	MAPPED	True	True	False	True	True
IMPG2	ENSG00000081148	IMPG2	724.5	11.2	22.2	27.0	14.0	8.5	741.3	MAPPED	True	True	True	True	True
INF2	ENSG00000203485	INF2	2.1	0.7	0.5	0.0	0.0	0.0	0.4	MAPPED	True	True	False	True	True
INO80C	ENSG00000153391	INO80C	0.0	0.0	0.3	0.0	0.0	4.3	0.8	MAPPED	True	False	True	True	True
INO80D	ENSG00000114933	INO80D	0.0	0.7	1.8	0.0	2.0	0.0	2.8	MAPPED	True	False	False	True	True
INPP4A	ENSG00000040933	INPP4A	18.6	155.5	162.6	173.8	96.2	12.8	37.2	MAPPED	True	True	True	True	True
INPP4B	ENSG00000109452	INPP4B	24.8	437.3	144.2	378.6	44.1	217.4	12.0	MAPPED	True	True	True	True	True
INPP5A	ENSG00000068383	INPP5A	18.6	61.9	40.5	73.4	48.1	34.1	20.0	MAPPED	True	True	True	True	True
INPP5B	ENSG00000204084	INPP5B	72.5	95.5	51.7	166.1	104.2	46.9	60.9	MAPPED	True	True	True	True	True
INPP5E	ENSG00000148384	INPP5E	6.2	8.3	5.5	0.0	4.0	12.8	8.1	MAPPED	True	True	True	True	True
INPP5F	ENSG00000198825	INPP5F	51.8	92.4	26.5	69.5	70.1	12.8	54.8	MAPPED	True	True	True	True	True
INS	ENSG00000254647	INS	0.0	0.0	0.0	0.0	0.0	0.0	0.0	MAPPED	False	False	False	False	False
INSIG1	ENSG00000186480	INSIG1	10.4	49.4	19.3	92.7	52.1	34.1	21.2	MAPPED	True	True	True	True	True
INTS4	ENSG00000149262	INTS4	33.1	32.8	51.6	42.5	38.1	12.8	62.5	MAPPED	True	True	True	True	True
INTS6	ENSG00000102786	INTS6	89.0	94.2	87.9	38.6	68.1	34.1	91.9	MAPPED	True	True	True	True	True
INTU	ENSG00000164066	INTU	118.0	45.2	54.4	54.1	72.1	12.8	158.8	MAPPED	True	True	True	True	True
INVS	ENSG00000119509	INVS	144.9	104.7	184.7	224.0	130.2	187.6	172.9	MAPPED	True	True	True	True	True
IP6K2	ENSG00000068745	IP6K2	118.0	66.4	105.7	69.5	50.1	38.4	133.6	MAPPED	True	True	True	True	True
IPO13	ENSG00000117408	IPO13	10.4	12.6	11.0	3.9	8.0	21.3	6.7	MAPPED	True	True	True	True	True
IPO7	ENSG00000205339	IPO7	99.4	39.9	51.8	61.8	72.1	51.2	79.3	MAPPED	True	True	True	True	True
IPO9	ENSG00000198700	IPO9	76.6	98.2	83.9	69.5	84.1	89.5	87.9	MAPPED	True	True	True	True	True
IPP	ENSG00000197429	IPP	16.6	9.1	20.4	7.7	20.0	25.6	25.8	MAPPED	True	True	True	True	True
IQCB1	ENSG00000173226	IQCB1	53.8	47.4	47.6	23.2	48.1	17.1	61.0	MAPPED	True	True	True	True	True
IQGAP1	ENSG00000140575	IQGAP1	31.1	37.6	6.1	92.7	22.0	81.0	56.8	MAPPED	True	True	True	True	True
IQGAP3	ENSG00000183856	IQGAP3	0.0	0.7	0.6	0.0	0.0	0.0	0.4	MAPPED	True	False	False	True	True
IRAK1	ENSG00000184216	IRAK1	4.1	11.2	4.8	3.9	10.0	8.5	2.3	MAPPED	True	True	True	True	True
IREB2	ENSG00000136381	IREB2	58.0	60.9	64.0	81.1	78.1	59.7	59.5	MAPPED	True	True	True	True	True
IRF8	ENSG00000140968	IRF8	0.0	0.0	0.1	0.0	0.0	0.0	0.1	MAPPED	True	False	False	True	True
ISL1	ENSG00000016082	ISL1	2.1	18.5	226.3	34.8	60.1	0.0	1.4	MAPPED	True	True	False	True	True
ISX	ENSG00000175329	ISX	2.1	0.0	0.0	0.0	0.0	0.0	0.0	MAPPED	False	True	False	True	True
ISY1	ENSG00000240682	ISY1	0.0	0.0	0.4	0.0	0.0	0.0	0.4	MAPPED	True	False	False	True	True
ISY1-RAB43	ENSG00000261796	ISY1-RAB43	6.2	1.4	2.4	7.7	2.0	0.0	2.9	MAPPED	True	True	False	True	True
ISYNA1	ENSG00000105655	ISYNA1	0.0	4.2	0.3	0.0	0.0	12.8	0.3	MAPPED	True	False	True	True	True
ITGA4	ENSG00000115232	ITGA4	18.6	15.0	3.3	3.9	0.0	0.0	23.2	MAPPED	True	True	False	True	True
ITGAE	ENSG00000083457	ITGAE	10.4	16.9	13.2	19.3	10.0	21.3	12.5	MAPPED	True	True	True	True	True
ITGAM	ENSG00000169896	ITGAM	0.0	0.8	0.0	0.0	0.0	0.0	0.3	MAPPED	True	False	False	True	True
ITGAX	ENSG00000140678	ITGAX	0.0	0.7	0.0	0.0	0.0	0.0	0.2	MAPPED	True	False	False	True	True
ITGB1	ENSG00000150093	ITGB1	35.2	41.2	41.3	30.9	28.0	38.4	56.1	MAPPED	True	True	True	True	True
ITGB5	ENSG00000082781	ITGB5	45.5	82.8	22.4	3.9	98.2	25.6	71.8	MAPPED	True	True	True	True	True
ITPA	ENSG00000125877	ITPA	18.6	16.3	16.5	38.6	12.0	29.8	20.7	MAPPED	True	True	True	True	True
ITPRIP	ENSG00000148841	ITPRIP	2.1	0.7	0.1	0.0	0.0	25.6	0.4	MAPPED	True	True	True	True	True
ITPRIPL2	ENSG00000205730	ITPRIPL2	0.0	0.0	0.0	0.0	0.0	0.0	0.0	MAPPED	False	False	False	False	False
ITSN1	ENSG00000205726	ITSN1	279.5	176.6	165.1	274.3	134.2	89.5	517.7	MAPPED	True	True	True	True	True
ITSN2	ENSG00000198399	ITSN2	138.7	49.5	88.5	162.2	74.1	127.9	137.7	MAPPED	True	True	True	True	True
JAK2	ENSG00000096968	JAK2	192.5	103.7	73.6	73.4	36.1	25.6	127.0	MAPPED	True	True	True	True	True
JDP2	ENSG00000140044	JDP2	8.3	22.4	32.5	34.8	8.0	38.4	86.5	MAPPED	True	True	True	True	True
JPH4	ENSG00000092051	JPH4	0.0	396.3	104.1	96.6	368.6	0.0	1.5	MAPPED	True	False	False	True	True
JUN	ENSG00000177606	JUN	82.8	59.0	43.2	61.8	86.1	46.9	143.3	MAPPED	True	True	True	True	True
JUND	ENSG00000130522	JUND	31.1	108.9	70.8	34.8	74.1	102.3	73.2	MAPPED	True	True	True	True	True
JUP	ENSG00000173801	JUP	4.1	9.8	1.5	3.9	2.0	4.3	9.5	MAPPED	True	True	True	True	True
KANSL1	ENSG00000120071	KANSL1	6.2	3.5	4.0	3.9	4.0	0.0	5.8	MAPPED	True	True	False	True	True
KAT2A	ENSG00000108773	KAT2A	6.2	13.9	8.8	0.0	12.0	0.0	3.1	MAPPED	True	True	False	True	True
KAT2B	ENSG00000114166	KAT2B	66.2	103.5	82.2	173.8	50.1	196.1	101.2	MAPPED	True	True	True	True	True
KAT5	ENSG00000172977	KAT5	47.6	36.3	43.9	23.2	52.1	12.8	44.4	MAPPED	True	True	True	True	True
KAT8	ENSG00000103510	KAT8	20.7	20.2	18.5	15.5	40.1	12.8	28.3	MAPPED	True	True	True	True	True
KATNBL1	ENSG00000134152	KATNBL1	163.5	116.0	125.2	112.0	122.2	93.8	117.9	MAPPED	True	True	True	True	True
KBTBD12	ENSG00000187715	KBTBD12	33.1	6.4	11.3	7.7	8.0	59.7	11.6	MAPPED	True	True	True	True	True
KBTBD6	ENSG00000165572	KBTBD6	2.1	11.8	12.2	7.7	12.0	4.3	4.3	MAPPED	True	True	True	True	True
KBTBD7	ENSG00000120696	KBTBD7	2.1	12.5	17.8	3.9	12.0	12.8	9.8	MAPPED	True	True	True	True	True
KBTBD8	ENSG00000163376	KBTBD8	4.1	0.7	1.8	0.0	4.0	0.0	2.3	MAPPED	True	True	False	True	True
KCNG3	ENSG00000171126	KCNG3	0.0	22.2	6.4	3.9	6.0	0.0	0.4	MAPPED	True	False	False	True	True
KCNG4	ENSG00000168418	KCNG4	0.0	0.0	74.0	3.9	2.0	0.0	0.2	MAPPED	True	False	False	True	True
KCNH8	ENSG00000183960	KCNH8	2.1	2.1	36.1	15.5	4.0	0.0	23.5	MAPPED	True	True	False	True	True
KCNIP3	ENSG00000115041	KCNIP3	4.1	2.1	16.0	0.0	0.0	0.0	0.7	MAPPED	True	True	False	True	True
KCNJ10	ENSG00000177807	KCNJ10	8.3	0.0	2.6	0.0	0.0	0.0	1.8	MAPPED	True	True	False	True	True
KCNJ13	ENSG00000115474	KCNJ13	4.1	2.8	6.7	11.6	4.0	68.2	8.1	MAPPED	True	True	True	True	True
KCNJ3	ENSG00000162989	KCNJ3	0.0	271.3	11.2	115.9	565.0	0.0	2.6	MAPPED	True	False	False	True	True
KCNJ5	ENSG00000120457	KCNJ5	0.0	2.1	0.2	3.9	0.0	17.1	0.0	MAPPED	False	False	True	False	True
KCNK17	ENSG00000124780	KCNK17	0.0	0.0	0.0	0.0	2.0	0.0	0.2	MAPPED	True	False	False	True	True
KCNK2	ENSG00000082482	KCNK2	0.0	3.2	1.6	0.0	0.0	0.0	0.5	MAPPED	True	False	False	True	True
KCNMA1	ENSG00000156113	KCNMA1	62.1	507.4	1789.6	676.0	2.0	59.7	8.5	MAPPED	True	True	True	True	True
KCNQ4	ENSG00000117013	KCNQ4	2.1	2.8	2.1	3.9	0.0	98.0	0.4	MAPPED	True	True	True	True	True
KCNT2	ENSG00000162687	KCNT2	0.0	16.5	1.0	3.9	0.0	89.5	0.2	MAPPED	True	False	True	True	True
KCNV2	ENSG00000168263	KCNV2	732.8	6.3	11.7	7.7	10.0	0.0	532.0	MAPPED	True	True	False	True	True
KCTD10	ENSG00000110906	KCTD10	20.7	6.3	5.7	7.7	10.0	59.7	5.8	MAPPED	True	True	True	True	True
KCTD13	ENSG00000174943	KCTD13	14.5	18.1	21.3	19.3	16.0	21.3	16.6	MAPPED	True	True	True	True	True
KCTD17	ENSG00000100379	KCTD17	2.1	2.1	10.2	0.0	6.0	8.5	1.1	MAPPED	True	True	True	True	True
KCTD2	ENSG00000180901	KCTD2	45.5	31.4	66.5	30.9	36.1	51.2	22.3	MAPPED	True	True	True	True	True
KCTD3	ENSG00000136636	KCTD3	51.8	44.2	79.6	57.9	54.1	72.5	72.1	MAPPED	True	True	True	True	True
KCTD5	ENSG00000167977	KCTD5	6.2	8.8	9.5	3.9	20.0	4.3	6.0	MAPPED	True	True	True	True	True
KCTD7	ENSG00000243335	KCTD7	0.0	0.0	0.2	0.0	0.0	0.0	0.5	MAPPED	True	False	False	True	True
KCTD8	ENSG00000183783	KCTD8	37.3	69.0	8.7	289.7	60.1	38.4	582.9	MAPPED	True	True	True	True	True
KDM2A	ENSG00000173120	KDM2A	416.1	226.3	292.0	258.8	288.5	85.3	356.1	MAPPED	True	True	True	True	True
KDM2B	ENSG00000089094	KDM2B	118.0	100.7	122.8	92.7	38.1	34.1	118.4	MAPPED	True	True	True	True	True
KDM6B	ENSG00000132510	KDM6B	4.1	26.2	31.5	19.3	24.0	8.5	12.8	MAPPED	True	True	True	True	True
KDM7A	ENSG00000006459	KDM7A	109.7	36.1	44.9	42.5	54.1	21.3	50.8	MAPPED	True	True	True	True	True
KDSR	ENSG00000119537	KDSR	37.3	28.3	45.2	23.2	40.1	38.4	63.1	MAPPED	True	True	True	True	True
KEAP1	ENSG00000079999	KEAP1	8.3	14.1	22.5	3.9	22.0	25.6	14.2	MAPPED	True	True	True	True	True
KHDRBS1	ENSG00000121774	KHDRBS1	209.1	81.1	102.1	42.5	92.2	93.8	144.4	MAPPED	True	True	True	True	True
KHDRBS2	ENSG00000112232	KHDRBS2	0.0	342.8	963.4	274.3	452.8	4.3	6.1	MAPPED	True	False	True	True	True
KHK	ENSG00000138030	KHK	0.0	5.2	4.0	7.7	2.0	0.0	1.4	MAPPED	True	False	False	True	True
KHSRP	ENSG00000088247	KHSRP	47.6	29.8	30.2	7.7	44.1	85.3	39.9	MAPPED	True	True	True	True	True
KIAA0232	ENSG00000170871	KIAA0232	115.9	130.7	149.5	162.2	186.3	127.9	128.9	MAPPED	True	True	True	True	True
KIAA0319	ENSG00000137261	KIAA0319	6.2	2.9	26.3	69.5	0.0	0.0	8.3	MAPPED	True	True	False	True	True
KIAA0556										UNMAPPED					
KIAA0586	ENSG00000100578	KIAA0586	142.8	55.8	67.4	57.9	46.1	72.5	101.0	MAPPED	True	True	True	True	True
KIAA0753	ENSG00000198920	KIAA0753	35.2	17.3	18.7	11.6	30.1	17.1	34.8	MAPPED	True	True	True	True	True
KIAA1143	ENSG00000163807	KIAA1143	0.0	0.7	3.2	0.0	2.0	0.0	2.2	MAPPED	True	False	False	True	True
KIAA1217	ENSG00000120549	KIAA1217	710.0	640.6	453.3	85.0	10.0	1560.2	12.0	MAPPED	True	True	True	True	True
KIAA1328	ENSG00000150477	KIAA1328	64.2	146.3	191.8	216.3	132.2	81.0	132.7	MAPPED	True	True	True	True	True
KIAA1549	ENSG00000122778	KIAA1549	101.4	31.3	46.2	3.9	18.0	0.0	102.3	MAPPED	True	True	False	True	True
KIF11	ENSG00000138160	KIF11	0.0	1.4	3.3	3.9	0.0	12.8	5.3	MAPPED	True	False	True	True	True
KIF14	ENSG00000118193	KIF14	0.0	0.7	1.5	3.9	2.0	0.0	0.6	MAPPED	True	False	False	True	True
KIF17	ENSG00000117245	KIF17	6.2	2.9	0.4	0.0	0.0	0.0	1.7	MAPPED	True	True	False	True	True
KIF18A	ENSG00000121621	KIF18A	4.1	0.0	1.3	0.0	0.0	4.3	5.8	MAPPED	True	True	True	True	True
KIF24	ENSG00000186638	KIF24	14.5	0.8	1.6	0.0	0.0	0.0	4.5	MAPPED	True	True	False	True	True
KIF25	ENSG00000125337	KIF25	0.0	1.4	7.9	3.9	2.0	38.4	0.2	MAPPED	True	False	True	True	True
KIF2A	ENSG00000068796	KIF2A	68.3	15.2	19.1	0.0	16.0	0.0	47.4	MAPPED	True	True	False	True	True
KIF3A	ENSG00000131437	KIF3A	120.1	141.3	68.7	77.3	220.4	34.1	138.1	MAPPED	True	True	True	True	True
KIF3B	ENSG00000101350	KIF3B	128.3	30.1	39.5	27.0	46.1	63.9	109.0	MAPPED	True	True	True	True	True
KIF5A	ENSG00000155980	KIF5A	0.0	26.8	43.3	104.3	54.1	0.0	2.7	MAPPED	True	False	False	True	True
KIF5B	ENSG00000170759	KIF5B	136.6	76.3	151.0	57.9	100.2	162.0	135.3	MAPPED	True	True	True	True	True
KIF7	ENSG00000166813	KIF7	0.0	16.3	1.6	11.6	2.0	21.3	0.4	MAPPED	True	False	True	True	True
KIFAP3	ENSG00000075945	KIFAP3	151.1	109.1	84.3	123.6	60.1	68.2	120.9	MAPPED	True	True	True	True	True
KIFC1	ENSG00000237649	KIFC1	0.0	0.0	0.1	0.0	0.0	0.0	0.3	MAPPED	True	False	False	True	True
KIFC2	ENSG00000167702	KIFC2	2.1	24.1	5.7	15.5	14.0	0.0	1.0	MAPPED	True	True	False	True	True
KIFC3	ENSG00000140859	KIFC3	594.1	13.4	9.2	115.9	14.0	4.3	1050.4	MAPPED	True	True	True	True	True
KIN	ENSG00000151657	KIN	22.8	36.3	42.3	30.9	40.1	21.3	42.9	MAPPED	True	True	True	True	True
KIZ	ENSG00000088970	KIZ	39.3	109.0	81.6	139.1	184.3	38.4	78.8	MAPPED	True	True	True	True	True
KLC1	ENSG00000126214	KLC1	64.2	94.0	82.6	46.4	72.1	21.3	45.3	MAPPED	True	True	True	True	True
KLC2	ENSG00000174996	KLC2	10.4	21.8	23.7	15.5	30.1	12.8	18.4	MAPPED	True	True	True	True	True
KLC3	ENSG00000104892	KLC3	6.2	1.4	1.3	3.9	6.0	17.1	2.1	MAPPED	True	True	True	True	True
KLC4	ENSG00000137171	KLC4	37.3	45.9	29.9	69.5	28.0	17.1	37.2	MAPPED	True	True	True	True	True
KLHDC1	ENSG00000197776	KLHDC1	26.9	44.7	52.2	135.2	42.1	38.4	68.9	MAPPED	True	True	True	True	True
KLHDC2	ENSG00000165516	KLHDC2	60.0	64.1	61.8	38.6	42.1	46.9	79.5	MAPPED	True	True	True	True	True
KLHDC7A	ENSG00000179023	KLHDC7A	0.0	0.0	0.0	0.0	0.0	0.0	0.0	MAPPED	False	False	False	False	False
KLHL11	ENSG00000178502	KLHL11	26.9	8.3	17.3	11.6	34.1	17.1	27.4	MAPPED	True	True	True	True	True
KLHL12	ENSG00000117153	KLHL12	10.4	11.4	14.9	7.7	12.0	21.3	16.1	MAPPED	True	True	True	True	True
KLHL13	ENSG00000003096	KLHL13	4.1	10.3	40.6	30.9	14.0	21.3	13.1	MAPPED	True	True	True	True	True
KLHL15	ENSG00000174010	KLHL15	29.0	10.4	19.4	38.6	16.0	8.5	30.1	MAPPED	True	True	True	True	True
KLHL2	ENSG00000109466	KLHL2	55.9	73.9	48.5	19.3	78.1	59.7	31.9	MAPPED	True	True	True	True	True
KLHL20	ENSG00000076321	KLHL20	95.2	49.0	55.7	42.5	42.1	8.5	77.7	MAPPED	True	True	True	True	True
KLHL21	ENSG00000162413	KLHL21	4.1	4.1	7.7	7.7	4.0	42.6	11.6	MAPPED	True	True	True	True	True
KLHL22	ENSG00000099910	KLHL22	33.1	56.2	36.7	61.8	34.1	29.8	35.4	MAPPED	True	True	True	True	True
KLHL24	ENSG00000114796	KLHL24	122.1	113.4	78.5	92.7	106.2	119.4	126.7	MAPPED	True	True	True	True	True
KLHL25	ENSG00000183655	KLHL25	10.4	5.5	15.5	0.0	20.0	0.0	11.2	MAPPED	True	True	False	True	True
KLHL3	ENSG00000146021	KLHL3	26.9	24.1	27.2	7.7	6.0	123.6	8.7	MAPPED	True	True	True	True	True
KLHL40	ENSG00000157119	KLHL40	0.0	0.0	7.0	0.0	0.0	0.0	0.0	MAPPED	False	False	False	False	False
KLHL41	ENSG00000239474	KLHL41	6.2	0.0	1.1	0.0	0.0	0.0	3.0	MAPPED	True	True	False	True	True
KLHL42	ENSG00000087448	KLHL42	31.1	37.7	53.1	23.2	28.0	21.3	25.4	MAPPED	True	True	True	True	True
KLHL7	ENSG00000122550	KLHL7	198.7	85.6	87.7	19.3	164.3	29.8	53.8	MAPPED	True	True	True	True	True
KLHL8	ENSG00000145332	KLHL8	78.7	52.3	65.4	77.3	48.1	34.1	127.8	MAPPED	True	True	True	True	True
KLHL9	ENSG00000198642	KLHL9	12.4	8.3	15.6	0.0	18.0	55.4	16.1	MAPPED	True	True	True	True	True
KLK8	ENSG00000129455	KLK8	0.0	0.0	0.0	0.0	0.0	0.0	0.0	MAPPED	False	False	False	False	False
KLKB1	ENSG00000164344	KLKB1	0.0	0.0	0.0	0.0	0.0	0.0	0.3	MAPPED	True	False	False	True	True
KLRF1	ENSG00000150045	KLRF1	0.0	0.0	0.0	0.0	0.0	0.0	0.0	MAPPED	False	False	False	False	False
KMO	ENSG00000117009	KMO	0.0	1.4	0.3	0.0	0.0	0.0	0.1	MAPPED	True	False	False	True	True
KMT2A	ENSG00000118058	KMT2A	72.5	131.6	86.3	30.9	112.2	55.4	93.6	MAPPED	True	True	True	True	True
KMT2B	ENSG00000272333	KMT2B	22.8	43.8	43.7	11.6	36.1	25.6	35.8	MAPPED	True	True	True	True	True
KMT2D	ENSG00000167548	KMT2D	55.9	21.4	31.4	11.6	32.1	12.8	42.0	MAPPED	True	True	True	True	True
KPNA1	ENSG00000114030	KPNA1	93.2	71.6	105.0	85.0	98.2	55.4	173.7	MAPPED	True	True	True	True	True
KPNA2	ENSG00000182481	KPNA2	18.6	9.0	19.1	30.9	22.0	17.1	16.5	MAPPED	True	True	True	True	True
KPNA3	ENSG00000102753	KPNA3	229.8	59.5	86.3	69.5	108.2	93.8	382.0	MAPPED	True	True	True	True	True
KPNA4	ENSG00000186432	KPNA4	126.3	53.5	65.4	69.5	90.2	46.9	96.9	MAPPED	True	True	True	True	True
KPNA5	ENSG00000196911	KPNA5	55.9	62.8	82.2	30.9	104.2	51.2	79.5	MAPPED	True	True	True	True	True
KPNA6	ENSG00000025800	KPNA6	53.8	25.4	34.5	30.9	38.1	38.4	43.9	MAPPED	True	True	True	True	True
KPNA7	ENSG00000185467	KPNA7	0.0	0.0	1.3	0.0	2.0	0.0	0.7	MAPPED	True	False	False	True	True
KPRP	ENSG00000203786	KPRP	0.0	0.0	0.0	0.0	0.0	0.0	0.0	MAPPED	False	False	False	False	False
KRAS	ENSG00000133703	KRAS	126.3	34.2	62.2	57.9	80.1	21.3	124.8	MAPPED	True	True	True	True	True
KRTCAP3	ENSG00000157992	KRTCAP3	10.4	5.0	4.7	0.0	0.0	4.3	6.5	MAPPED	True	True	True	True	True
KSR1	ENSG00000141068	KSR1	271.2	61.8	29.9	104.3	22.0	174.8	106.5	MAPPED	True	True	True	True	True
L2HGDH	ENSG00000087299	L2HGDH	211.2	76.5	55.0	85.0	48.1	68.2	157.1	MAPPED	True	True	True	True	True
L3MBTL2	ENSG00000100395	L3MBTL2	12.4	14.2	20.5	11.6	14.0	12.8	12.1	MAPPED	True	True	True	True	True
LAMA2	ENSG00000196569	LAMA2	0.0	4.1	18.2	30.9	0.0	63.9	5.4	MAPPED	True	False	True	True	True
LAMB2	ENSG00000172037	LAMB2	4.1	0.0	0.5	3.9	0.0	46.9	0.4	MAPPED	True	True	True	True	True
LAMB3	ENSG00000196878	LAMB3	2.1	0.0	0.9	0.0	2.0	0.0	0.3	MAPPED	True	True	False	True	True
LAMC1	ENSG00000135862	LAMC1	26.9	76.0	16.3	30.9	30.1	42.6	1.7	MAPPED	True	True	True	True	True
LAMC2	ENSG00000058085	LAMC2	0.0	1.4	0.7	0.0	0.0	8.5	0.3	MAPPED	True	False	True	True	True
LAMC3	ENSG00000050555	LAMC3	2.1	18.7	2.6	3.9	4.0	0.0	1.4	MAPPED	True	True	False	True	True
LAMP1	ENSG00000185896	LAMP1	115.9	32.4	36.4	46.4	30.1	4.3	80.2	MAPPED	True	True	True	True	True
LAMTOR1	ENSG00000149357	LAMTOR1	24.8	34.2	46.6	3.9	46.1	63.9	33.5	MAPPED	True	True	True	True	True
LARGE1	ENSG00000133424	LARGE1	633.5	270.9	409.1	417.2	126.2	34.1	439.6	MAPPED	True	True	True	True	True
LARGE2	ENSG00000165905	LARGE2	0.0	0.7	0.0	11.6	0.0	38.4	29.3	MAPPED	True	False	True	True	True
LARP7	ENSG00000174720	LARP7	22.8	25.8	45.2	7.7	36.1	42.6	41.1	MAPPED	True	True	True	True	True
LAS1L	ENSG00000001497	LAS1L	22.8	34.0	41.7	19.3	52.1	17.1	33.5	MAPPED	True	True	True	True	True
LBR	ENSG00000143815	LBR	6.2	11.3	5.6	3.9	10.0	0.0	12.7	MAPPED	True	True	False	True	True
LCA5	ENSG00000135338	LCA5	55.9	37.4	26.2	50.2	24.0	38.4	79.7	MAPPED	True	True	True	True	True
LCAT	ENSG00000213398	LCAT	0.0	0.0	0.5	0.0	2.0	4.3	0.3	MAPPED	True	False	True	True	True
LCK	ENSG00000182866	LCK	0.0	1.4	0.6	0.0	0.0	0.0	0.5	MAPPED	True	False	False	True	True
LCT	ENSG00000115850	LCT	0.0	0.0	1.6	0.0	0.0	0.0	0.3	MAPPED	True	False	False	True	True
LDHA	ENSG00000134333	LDHA	0.0	0.0	4.0	0.0	8.0	4.3	11.5	MAPPED	True	False	True	True	True
LDHD	ENSG00000166816	LDHD	4.1	1.4	0.0	7.7	0.0	17.1	0.1	MAPPED	True	True	True	True	True
LDOC1	ENSG00000182195	LDOC1	4.1	8.7	25.8	3.9	8.0	12.8	8.5	MAPPED	True	True	True	True	True
LENG1	ENSG00000105617	LENG1	0.0	0.0	1.1	0.0	0.0	0.0	3.5	MAPPED	True	False	False	True	True
LEO1	ENSG00000166477	LEO1	18.6	37.2	40.5	30.9	16.0	12.8	21.8	MAPPED	True	True	True	True	True
LEP	ENSG00000174697	LEP	0.0	0.7	0.7	0.0	2.0	0.0	0.2	MAPPED	True	False	False	True	True
LEPR	ENSG00000116678	LEPR	4.1	37.9	8.2	3.9	2.0	38.4	7.8	MAPPED	True	True	True	True	True
LETM2	ENSG00000165046	LETM2	18.6	15.0	11.3	7.7	18.0	0.0	9.5	MAPPED	True	True	False	True	True
LGALS3	ENSG00000131981	LGALS3	4.1	1.8	1.4	0.0	0.0	17.1	2.7	MAPPED	True	True	True	True	True
LGALS4	ENSG00000171747	LGALS4	0.0	0.0	0.4	0.0	0.0	0.0	0.4	MAPPED	True	False	False	True	True
LGALS9	ENSG00000168961	LGALS9	0.0	0.0	0.1	0.0	0.0	29.8	0.2	MAPPED	True	False	True	True	True
LGALS9C	ENSG00000171916	LGALS9C	0.0	0.0	0.0	0.0	0.0	0.0	0.0	MAPPED	False	False	False	False	False
LGMN	ENSG00000100600	LGMN	176.0	15.4	22.9	15.5	12.0	34.1	51.5	MAPPED	True	True	True	True	True
LGR4	ENSG00000205213	LGR4	196.7	327.2	62.3	119.7	214.4	89.5	99.8	MAPPED	True	True	True	True	True
LGSN	ENSG00000146166	LGSN	0.0	0.0	0.2	0.0	2.0	0.0	0.1	MAPPED	True	False	False	True	True
LHCGR	ENSG00000138039	LHCGR	0.0	0.0	0.0	0.0	0.0	0.0	0.0	MAPPED	False	False	False	False	False
LHFPL5	ENSG00000197753	LHFPL5	26.9	14.6	12.9	46.4	12.0	0.0	42.9	MAPPED	True	True	False	True	True
LHX2	ENSG00000106689	LHX2	0.0	17.6	2.5	0.0	8.0	123.6	2.2	MAPPED	True	False	True	True	True
LHX3	ENSG00000107187	LHX3	0.0	0.0	22.0	0.0	0.0	0.0	0.2	MAPPED	True	False	False	True	True
LHX4	ENSG00000121454	LHX4	60.0	5.2	145.7	0.0	2.0	0.0	1.5	MAPPED	True	True	False	True	True
LIN28A	ENSG00000131914	LIN28A	0.0	0.7	0.0	0.0	0.0	0.0	0.9	MAPPED	True	False	False	True	True
LIPC	ENSG00000166035	LIPC	0.0	0.0	0.4	3.9	0.0	0.0	0.2	MAPPED	True	False	False	True	True
LIPG	ENSG00000101670	LIPG	161.5	5.6	0.6	0.0	0.0	98.0	9.7	MAPPED	True	True	True	True	True
LITAFD	ENSG00000283516	LITAFD	0.0	0.0	0.3	0.0	0.0	0.0	0.2	MAPPED	True	False	False	True	True
LLGL2	ENSG00000073350	LLGL2	246.3	1.4	34.1	15.5	18.0	12.8	244.0	MAPPED	True	True	True	True	True
LMNA	ENSG00000160789	LMNA	132.5	38.2	12.7	88.8	22.0	72.5	56.2	MAPPED	True	True	True	True	True
LMNB1	ENSG00000113368	LMNB1	16.6	17.0	20.9	11.6	18.0	0.0	60.9	MAPPED	True	True	False	True	True
LMX1B	ENSG00000136944	LMX1B	0.0	1.4	0.2	3.9	0.0	0.0	0.6	MAPPED	True	False	False	True	True
LNPK	ENSG00000144320	LNPK	99.4	35.2	65.5	61.8	62.1	46.9	88.1	MAPPED	True	True	True	True	True
LOC112694756										UNMAPPED					
LONP1	ENSG00000196365	LONP1	33.1	26.7	26.5	27.0	28.0	25.6	25.9	MAPPED	True	True	True	True	True
LONP2	ENSG00000102910	LONP2	126.3	105.3	152.7	123.6	160.3	285.6	142.2	MAPPED	True	True	True	True	True
LOX	ENSG00000113083	LOX	4.1	0.7	0.6	0.0	2.0	0.0	1.2	MAPPED	True	True	False	True	True
LOXHD1	ENSG00000167210	LOXHD1	0.0	0.0	0.6	0.0	0.0	0.0	0.8	MAPPED	True	False	False	True	True
LOXL1	ENSG00000129038	LOXL1	0.0	4.1	0.8	0.0	0.0	85.3	0.2	MAPPED	True	False	True	True	True
LPIN2	ENSG00000101577	LPIN2	33.1	62.4	34.9	50.2	96.2	25.6	28.2	MAPPED	True	True	True	True	True
LRAT	ENSG00000121207	LRAT	0.0	0.8	0.2	3.9	2.0	1956.7	0.5	MAPPED	True	False	True	True	True
LRFN4	ENSG00000173621	LRFN4	2.1	15.9	11.7	0.0	4.0	0.0	3.4	MAPPED	True	True	False	True	True
LRIT1	ENSG00000148602	LRIT1	8.3	0.0	14.0	0.0	0.0	0.0	5.4	MAPPED	True	True	False	True	True
LRIT2	ENSG00000204033	LRIT2	4.1	0.7	9.7	3.9	0.0	12.8	30.7	MAPPED	True	True	True	True	True
LRIT3	ENSG00000183423	LRIT3	8.3	0.7	1.1	0.0	0.0	17.1	7.5	MAPPED	True	True	True	True	True
LRMDA	ENSG00000148655	LRMDA	35.2	20.4	24.5	231.8	22.0	954.9	83.5	MAPPED	True	True	True	True	True
LRP1	ENSG00000123384	LRP1	4.1	50.6	42.1	15.5	38.1	93.8	2.1	MAPPED	True	True	True	True	True
LRP1B	ENSG00000168702	LRP1B	16.6	1161.0	725.0	2078.2	10.0	4.3	7.8	MAPPED	True	True	True	True	True
LRP5	ENSG00000162337	LRP5	0.0	4.8	2.5	3.9	0.0	12.8	1.2	MAPPED	True	False	True	True	True
LRRC3	ENSG00000160233	LRRC3	0.0	2.1	0.3	0.0	0.0	0.0	0.0	MAPPED	False	False	False	False	False
LRRC32	ENSG00000137507	LRRC32	0.0	0.0	0.0	0.0	0.0	0.0	0.0	MAPPED	False	False	False	False	False
LRRC37A	ENSG00000176681	LRRC37A	0.0	0.7	0.7	0.0	0.0	0.0	3.0	MAPPED	True	False	False	True	True
LRRC37A3	ENSG00000176809	LRRC37A3	10.4	46.1	57.4	50.2	58.1	12.8	23.2	MAPPED	True	True	True	True	True
LRRC45	ENSG00000169683	LRRC45	2.1	3.5	3.0	0.0	2.0	4.3	1.7	MAPPED	True	True	True	True	True
LRRC4C	ENSG00000148948	LRRC4C	0.0	2107.2	34.9	1143.4	26.0	0.0	210.0	MAPPED	True	False	False	True	True
LRRC59	ENSG00000108829	LRRC59	4.1	5.6	14.8	0.0	14.0	8.5	10.1	MAPPED	True	True	True	True	True
LRRC6										UNMAPPED					
LRRC8A	ENSG00000136802	LRRC8A	20.7	10.3	14.7	15.5	12.0	34.1	17.4	MAPPED	True	True	True	True	True
LRRC8B	ENSG00000197147	LRRC8B	122.1	127.6	85.8	77.3	16.0	29.8	76.0	MAPPED	True	True	True	True	True
LRRC8C	ENSG00000171488	LRRC8C	0.0	0.0	0.0	0.0	0.0	0.0	0.0	MAPPED	False	False	False	False	False
LRRC8D	ENSG00000171492	LRRC8D	4.1	3.4	3.8	0.0	2.0	42.6	2.6	MAPPED	True	True	True	True	True
LRRC8E	ENSG00000171017	LRRC8E	0.0	0.0	0.1	0.0	0.0	0.0	0.1	MAPPED	True	False	False	True	True
LRRCC1	ENSG00000133739	LRRCC1	6.2	9.3	6.3	0.0	24.0	0.0	3.4	MAPPED	True	True	False	True	True
LRRK2	ENSG00000188906	LRRK2	0.0	4.8	26.0	7.7	232.4	4.3	0.6	MAPPED	True	False	True	True	True
LRTOMT-2										UNMAPPED					
LSG1	ENSG00000041802	LSG1	20.7	5.5	19.6	7.7	22.0	17.1	28.2	MAPPED	True	True	True	True	True
LSM1	ENSG00000175324	LSM1	20.7	12.2	15.8	15.5	20.0	25.6	15.5	MAPPED	True	True	True	True	True
LSM10	ENSG00000181817	LSM10	10.4	11.0	13.5	0.0	22.0	8.5	10.6	MAPPED	True	True	True	True	True
LSM2	ENSG00000204392	LSM2	0.0	0.0	0.4	0.0	0.0	0.0	0.3	MAPPED	True	False	False	True	True
LSM3	ENSG00000170860	LSM3	10.4	16.9	27.2	15.5	32.1	51.2	33.2	MAPPED	True	True	True	True	True
LSM4	ENSG00000130520	LSM4	24.8	24.3	39.0	3.9	32.1	81.0	33.7	MAPPED	True	True	True	True	True
LSM5	ENSG00000106355	LSM5	22.8	32.1	37.4	30.9	26.0	46.9	40.0	MAPPED	True	True	True	True	True
LSM6	ENSG00000164167	LSM6	6.2	29.1	20.6	7.7	24.0	4.3	31.2	MAPPED	True	True	True	True	True
LSM7	ENSG00000130332	LSM7	20.7	25.7	25.0	3.9	12.0	38.4	31.2	MAPPED	True	True	True	True	True
LSM8	ENSG00000128534	LSM8	10.4	26.9	29.8	11.6	32.1	29.8	28.6	MAPPED	True	True	True	True	True
LSP1	ENSG00000130592	LSP1	0.0	0.0	0.0	0.0	0.0	4.3	0.0	MAPPED	False	False	True	False	True
LSS	ENSG00000160285	LSS	4.1	9.5	8.1	154.5	6.0	0.0	7.0	MAPPED	True	True	False	True	True
LTBR	ENSG00000111321	LTBR	0.0	0.8	1.8	3.9	0.0	25.6	0.3	MAPPED	True	False	True	True	True
LTN1	ENSG00000198862	LTN1	22.8	28.3	37.6	7.7	24.0	17.1	40.7	MAPPED	True	True	True	True	True
LUC7L	ENSG00000007392	LUC7L	74.5	58.9	69.7	127.5	90.2	46.9	88.2	MAPPED	True	True	True	True	True
LUC7L2	ENSG00000146963	LUC7L2	4.1	21.6	24.2	7.7	20.0	34.1	17.4	MAPPED	True	True	True	True	True
LUC7L3	ENSG00000108848	LUC7L3	178.0	418.6	372.7	162.2	288.5	174.8	281.5	MAPPED	True	True	True	True	True
LUZP2	ENSG00000187398	LUZP2	4.1	347.3	10.7	208.6	0.0	0.0	1.4	MAPPED	True	True	False	True	True
LYRM7	ENSG00000186687	LYRM7	16.6	20.4	28.0	15.5	26.0	12.8	28.4	MAPPED	True	True	True	True	True
LYVE1	ENSG00000133800	LYVE1	45.5	2.1	2.6	3.9	4.0	0.0	0.3	MAPPED	True	True	False	True	True
LZTFL1	ENSG00000163818	LZTFL1	47.6	5.5	13.5	7.7	16.0	8.5	29.2	MAPPED	True	True	True	True	True
LZTR1	ENSG00000099949	LZTR1	2.1	4.6	4.2	0.0	6.0	0.0	3.1	MAPPED	True	True	False	True	True
M0R3G1_HUMAN										UNMAPPED					
M1AP	ENSG00000159374	M1AP	2.1	1.4	2.0	0.0	0.0	0.0	6.6	MAPPED	True	True	False	True	True
MAB21L2	ENSG00000181541	MAB21L2	0.0	10.1	2.0	0.0	18.0	12.8	0.4	MAPPED	True	False	True	True	True
MAD2L1	ENSG00000164109	MAD2L1	2.1	2.1	6.5	0.0	8.0	0.0	2.0	MAPPED	True	True	False	True	True
MAF	ENSG00000178573	MAF	2.1	87.4	2.2	0.0	0.0	21.3	1.0	MAPPED	True	True	True	True	True
MAFB	ENSG00000204103	MAFB	2.1	9.4	6.8	0.0	2.0	0.0	4.0	MAPPED	True	True	False	True	True
MAFF	ENSG00000185022	MAFF	0.0	4.8	6.7	11.6	4.0	4.3	2.8	MAPPED	True	False	True	True	True
MAFG	ENSG00000197063	MAFG	2.1	19.4	11.7	19.3	18.0	8.5	13.0	MAPPED	True	True	True	True	True
MAGOH	ENSG00000162385	MAGOH	37.3	12.2	26.3	7.7	24.0	76.7	32.4	MAPPED	True	True	True	True	True
MAGOHB	ENSG00000111196	MAGOHB	8.3	3.9	8.7	3.9	6.0	17.1	12.5	MAPPED	True	True	True	True	True
MAK	ENSG00000111837	MAK	1004.0	44.4	73.9	150.6	160.3	17.1	1372.3	MAPPED	True	True	True	True	True
MAN1B1	ENSG00000177239	MAN1B1	20.7	23.6	16.4	7.7	28.0	12.8	15.9	MAPPED	True	True	True	True	True
MAN2A1	ENSG00000112893	MAN2A1	2.1	26.2	5.6	30.9	0.0	230.2	0.4	MAPPED	True	True	True	True	True
MAN2A2	ENSG00000196547	MAN2A2	12.4	28.6	15.4	7.7	36.1	34.1	49.7	MAPPED	True	True	True	True	True
MAN2B1	ENSG00000104774	MAN2B1	16.6	14.7	7.4	19.3	10.0	17.1	8.5	MAPPED	True	True	True	True	True
MAOB	ENSG00000069535	MAOB	2.1	4.6	1.0	0.0	38.1	25.6	0.8	MAPPED	True	True	True	True	True
MAP1LC3A	ENSG00000101460	MAP1LC3A	107.6	49.1	73.9	23.2	40.1	12.8	67.3	MAPPED	True	True	True	True	True
MAP1LC3B	ENSG00000140941	MAP1LC3B	151.1	93.7	48.5	85.0	104.2	183.3	131.2	MAPPED	True	True	True	True	True
MAP2K1	ENSG00000169032	MAP2K1	68.3	48.5	51.4	27.0	44.1	46.9	68.5	MAPPED	True	True	True	True	True
MAP2K2	ENSG00000126934	MAP2K2	31.1	60.9	55.0	46.4	64.1	63.9	55.7	MAPPED	True	True	True	True	True
MAP3K1	ENSG00000095015	MAP3K1	97.3	90.0	31.7	27.0	88.1	110.8	202.8	MAPPED	True	True	True	True	True
MAP3K5	ENSG00000197442	MAP3K5	80.7	70.8	164.0	23.2	2.0	136.4	5.6	MAPPED	True	True	True	True	True
MAPK1	ENSG00000100030	MAPK1	138.7	83.4	77.5	108.2	76.1	93.8	115.5	MAPPED	True	True	True	True	True
MAPK3	ENSG00000102882	MAPK3	12.4	26.3	18.6	3.9	0.0	25.6	26.2	MAPPED	True	True	True	True	True
MAPK8	ENSG00000107643	MAPK8	217.4	172.8	428.6	135.2	587.0	76.7	271.1	MAPPED	True	True	True	True	True
MAPK9	ENSG00000050748	MAPK9	31.1	61.0	44.3	81.1	54.1	25.6	37.8	MAPPED	True	True	True	True	True
MAPRE1	ENSG00000101367	MAPRE1	31.1	17.8	21.1	42.5	14.0	51.2	21.2	MAPPED	True	True	True	True	True
MAPRE3	ENSG00000084764	MAPRE3	29.0	46.9	36.5	57.9	46.1	55.4	54.2	MAPPED	True	True	True	True	True
MARK4	ENSG00000007047	MARK4	97.3	118.5	72.9	96.6	370.6	29.8	62.7	MAPPED	True	True	True	True	True
MARS1	ENSG00000166986	MARS1	53.8	30.8	29.8	27.0	44.1	25.6	44.7	MAPPED	True	True	True	True	True
MAT1A	ENSG00000151224	MAT1A	0.0	0.0	0.0	0.0	0.0	8.5	0.0	MAPPED	False	False	True	False	True
MATR3	ENSG00000015479	MATR3	0.0	0.0	1.0	0.0	0.0	0.0	1.2	MAPPED	True	False	False	True	True
MATR3-2										UNMAPPED					
MAVS	ENSG00000088888	MAVS	16.6	26.2	28.0	38.6	34.1	25.6	25.7	MAPPED	True	True	True	True	True
MAX	ENSG00000125952	MAX	86.9	77.5	65.3	108.2	102.2	59.7	55.4	MAPPED	True	True	True	True	True
MB	ENSG00000198125	MB	2.1	0.0	0.0	0.0	4.0	0.0	0.1	MAPPED	True	True	False	True	True
MBNL1	ENSG00000152601	MBNL1	221.5	92.8	105.9	69.5	122.2	140.7	382.1	MAPPED	True	True	True	True	True
MBTPS1	ENSG00000140943	MBTPS1	202.9	56.7	72.6	46.4	92.2	42.6	389.0	MAPPED	True	True	True	True	True
MBTPS2	ENSG00000012174	MBTPS2	26.9	13.6	18.9	30.9	40.1	38.4	26.7	MAPPED	True	True	True	True	True
MC1R	ENSG00000258839	MC1R	0.0	0.0	0.1	0.0	0.0	0.0	0.0	MAPPED	False	False	False	False	False
MC2R	ENSG00000185231	MC2R	0.0	0.0	0.0	0.0	0.0	0.0	0.0	MAPPED	False	False	False	False	False
MC4R	ENSG00000166603	MC4R	2.1	0.0	6.4	0.0	0.0	0.0	0.1	MAPPED	True	True	False	True	True
MC5R	ENSG00000176136	MC5R	0.0	0.0	0.0	0.0	0.0	0.0	0.2	MAPPED	True	False	False	True	True
MCAM	ENSG00000076706	MCAM	2.1	0.0	0.6	11.6	0.0	0.0	0.8	MAPPED	True	True	False	True	True
MCAT	ENSG00000100294	MCAT	6.2	7.5	7.7	11.6	4.0	0.0	8.1	MAPPED	True	True	False	True	True
MCF2	ENSG00000101977	MCF2	111.8	9.6	1.1	42.5	0.0	8.5	0.8	MAPPED	True	True	True	True	True
MCHR1	ENSG00000128285	MCHR1	0.0	1.4	0.0	0.0	0.0	0.0	0.1	MAPPED	True	False	False	True	True
MCM2	ENSG00000073111	MCM2	0.0	0.7	1.9	0.0	0.0	0.0	2.6	MAPPED	True	False	False	True	True
MCM3	ENSG00000112118	MCM3	12.4	1.4	13.7	3.9	2.0	4.3	12.6	MAPPED	True	True	True	True	True
MCM4	ENSG00000104738	MCM4	10.4	21.3	8.5	3.9	18.0	0.0	21.3	MAPPED	True	True	False	True	True
MCM5	ENSG00000100297	MCM5	0.0	2.1	1.4	0.0	0.0	0.0	2.4	MAPPED	True	False	False	True	True
MCM6	ENSG00000076003	MCM6	0.0	3.2	4.9	0.0	10.0	4.3	1.5	MAPPED	True	False	True	True	True
MCM7	ENSG00000166508	MCM7	6.2	7.0	5.4	0.0	4.0	8.5	6.9	MAPPED	True	True	True	True	True
MCM8	ENSG00000125885	MCM8	0.0	0.0	0.3	0.0	2.0	0.0	0.4	MAPPED	True	False	False	True	True
MCM8-2										UNMAPPED					
MCM9	ENSG00000111877	MCM9	76.6	35.1	46.5	50.2	50.1	17.1	53.9	MAPPED	True	True	True	True	True
MCMDC2	ENSG00000178460	MCMDC2	8.3	11.2	6.7	27.0	6.0	0.0	5.4	MAPPED	True	True	False	True	True
MCOLN1	ENSG00000090674	MCOLN1	6.2	12.3	13.3	11.6	18.0	12.8	23.7	MAPPED	True	True	True	True	True
MCPH1	ENSG00000147316	MCPH1	64.2	56.3	39.1	108.2	74.1	46.9	31.3	MAPPED	True	True	True	True	True
MCRS1	ENSG00000187778	MCRS1	14.5	2.8	14.3	11.6	18.0	4.3	23.5	MAPPED	True	True	True	True	True
MDFI	ENSG00000112559	MDFI	0.0	0.7	0.6	0.0	0.0	0.0	0.1	MAPPED	True	False	False	True	True
MDGA1	ENSG00000112139	MDGA1	60.0	48.2	59.4	3.9	66.1	0.0	1.0	MAPPED	True	True	False	True	True
MDH1B	ENSG00000138400	MDH1B	16.6	2.8	3.1	0.0	4.0	0.0	21.2	MAPPED	True	True	False	True	True
MDH2	ENSG00000146701	MDH2	55.9	18.4	40.0	11.6	64.1	102.3	40.9	MAPPED	True	True	True	True	True
MDM2	ENSG00000135679	MDM2	33.1	35.4	35.3	50.2	46.1	12.8	60.0	MAPPED	True	True	True	True	True
ME2	ENSG00000082212	ME2	153.2	31.8	50.0	15.5	44.1	25.6	298.5	MAPPED	True	True	True	True	True
MECP2	ENSG00000169057	MECP2	236.0	92.0	147.1	42.5	100.2	55.4	177.3	MAPPED	True	True	True	True	True
MED1	ENSG00000125686	MED1	43.5	25.0	24.9	38.6	18.0	76.7	36.7	MAPPED	True	True	True	True	True
MED16	ENSG00000175221	MED16	12.4	2.1	6.9	3.9	4.0	8.5	6.5	MAPPED	True	True	True	True	True
MED19	ENSG00000156603	MED19	33.1	18.6	24.2	7.7	18.0	29.8	42.9	MAPPED	True	True	True	True	True
MED24	ENSG00000008838	MED24	31.1	28.7	22.3	23.2	34.1	12.8	27.9	MAPPED	True	True	True	True	True
MEF2D	ENSG00000116604	MEF2D	217.4	48.0	89.8	50.2	64.1	0.0	130.0	MAPPED	True	True	False	True	True
MEFV	ENSG00000103313	MEFV	0.0	0.0	0.2	0.0	0.0	0.0	0.1	MAPPED	True	False	False	True	True
MEGF10	ENSG00000145794	MEGF10	4.1	7.3	3.4	3.9	32.1	25.6	0.9	MAPPED	True	True	True	True	True
MEMO1	ENSG00000162959	MEMO1	6.2	10.2	7.1	15.5	6.0	8.5	4.3	MAPPED	True	True	True	True	True
MEN1	ENSG00000133895	MEN1	8.3	8.0	6.2	3.9	8.0	0.0	4.3	MAPPED	True	True	False	True	True
MEPCE	ENSG00000146834	MEPCE	0.0	0.0	0.2	0.0	2.0	4.3	0.2	MAPPED	True	False	True	True	True
MERTK	ENSG00000153208	MERTK	20.7	3.4	1.1	11.6	4.0	136.4	69.4	MAPPED	True	True	True	True	True
METAP1	ENSG00000164024	METAP1	8.3	11.7	12.3	7.7	2.0	17.1	16.2	MAPPED	True	True	True	True	True
METAP2	ENSG00000111142	METAP2	78.7	58.0	71.6	27.0	68.1	68.2	81.0	MAPPED	True	True	True	True	True
METTL16	ENSG00000127804	METTL16	126.3	57.3	79.1	54.1	80.1	59.7	112.7	MAPPED	True	True	True	True	True
METTL6	ENSG00000206562	METTL6	33.1	45.5	42.7	19.3	40.1	21.3	39.9	MAPPED	True	True	True	True	True
MEX3C	ENSG00000176624	MEX3C	6.2	6.4	15.2	3.9	18.0	8.5	17.7	MAPPED	True	True	True	True	True
MFAP1	ENSG00000140259	MFAP1	20.7	17.1	42.0	15.5	40.1	29.8	42.7	MAPPED	True	True	True	True	True
MFF	ENSG00000168958	MFF	62.1	82.0	56.7	104.3	70.1	85.3	136.5	MAPPED	True	True	True	True	True
MFGE8	ENSG00000140545	MFGE8	149.0	10.7	8.1	15.5	6.0	0.0	499.1	MAPPED	True	True	False	True	True
MFHAS1	ENSG00000147324	MFHAS1	0.0	0.7	1.7	0.0	0.0	4.3	1.1	MAPPED	True	False	True	True	True
MFRP	ENSG00000235718	MFRP	0.0	0.0	0.0	0.0	0.0	81.0	0.0	MAPPED	False	False	True	False	True
MFSD11	ENSG00000092931	MFSD11	370.6	71.9	87.8	158.4	60.1	34.1	284.3	MAPPED	True	True	True	True	True
MFSD13A	ENSG00000138111	MFSD13A	12.4	11.7	10.4	11.6	18.0	0.0	13.7	MAPPED	True	True	False	True	True
MFSD14B	ENSG00000148110	MFSD14B	47.6	22.6	26.7	34.8	28.0	46.9	34.8	MAPPED	True	True	True	True	True
MFSD5	ENSG00000182544	MFSD5	12.4	4.2	2.6	0.0	2.0	29.8	8.5	MAPPED	True	True	True	True	True
MFSD6	ENSG00000151690	MFSD6	20.7	36.7	51.6	92.7	62.1	4.3	32.4	MAPPED	True	True	True	True	True
MFSD8	ENSG00000164073	MFSD8	49.7	42.0	41.0	50.2	38.1	34.1	71.6	MAPPED	True	True	True	True	True
MFSD9	ENSG00000135953	MFSD9	0.0	7.0	3.7	0.0	2.0	0.0	4.8	MAPPED	True	False	False	True	True
MGA	ENSG00000174197	MGA	43.5	45.3	57.7	11.6	96.2	42.6	59.3	MAPPED	True	True	True	True	True
MGAM	ENSG00000257335	MGAM	2.1	2.1	1.3	0.0	2.0	0.0	0.7	MAPPED	True	True	False	True	True
MGAM2	ENSG00000257743	MGAM2	0.0	0.0	0.0	0.0	0.0	0.0	0.0	MAPPED	False	False	False	False	False
MGAT1	ENSG00000131446	MGAT1	55.9	14.6	15.6	11.6	54.1	89.5	70.3	MAPPED	True	True	True	True	True
MGAT2	ENSG00000168282	MGAT2	8.3	3.4	9.3	0.0	4.0	17.1	8.2	MAPPED	True	True	True	True	True
MGAT4A	ENSG00000071073	MGAT4A	0.0	63.3	39.0	19.3	68.1	38.4	0.9	MAPPED	True	False	True	True	True
MGAT4B	ENSG00000161013	MGAT4B	0.0	0.0	0.0	0.0	2.0	0.0	0.2	MAPPED	True	False	False	True	True
MGAT5	ENSG00000152127	MGAT5	6.2	190.3	194.9	297.4	108.2	8.5	27.5	MAPPED	True	True	True	True	True
MGAT5B	ENSG00000167889	MGAT5B	0.0	30.5	4.3	19.3	0.0	0.0	2.6	MAPPED	True	False	False	True	True
MIB1	ENSG00000101752	MIB1	107.6	101.9	102.8	69.5	60.1	81.0	67.5	MAPPED	True	True	True	True	True
MICA	ENSG00000204520	MICA	0.0	1.4	0.3	0.0	0.0	8.5	0.0	MAPPED	False	False	True	False	True
MICAL3	ENSG00000243156	MICAL3	70.4	173.1	53.6	158.4	4.0	0.0	39.7	MAPPED	True	True	False	True	True
MICB	ENSG00000204516	MICB	0.0	0.0	0.0	0.0	0.0	0.0	0.0	MAPPED	False	False	False	False	False
MINAR1	ENSG00000169330	MINAR1	0.0	1.4	1.1	3.9	12.0	0.0	0.4	MAPPED	True	False	False	True	True
MINPP1	ENSG00000107789	MINPP1	10.4	15.2	21.2	7.7	22.0	17.1	25.1	MAPPED	True	True	True	True	True
MITF	ENSG00000187098	MITF	22.8	29.3	0.5	158.4	46.1	584.0	3.3	MAPPED	True	True	True	True	True
MKKS	ENSG00000125863	MKKS	18.6	16.4	20.8	7.7	28.0	21.3	13.1	MAPPED	True	True	True	True	True
MKLN1	ENSG00000128585	MKLN1	248.4	228.7	180.3	529.2	244.4	200.4	252.6	MAPPED	True	True	True	True	True
MKRN1	ENSG00000133606	MKRN1	37.3	39.2	47.5	30.9	70.1	17.1	39.5	MAPPED	True	True	True	True	True
MKS1	ENSG00000011143	MKS1	2.1	4.9	7.3	0.0	8.0	4.3	11.5	MAPPED	True	True	True	True	True
MLLT1	ENSG00000130382	MLLT1	53.8	26.4	26.5	3.9	30.1	63.9	15.7	MAPPED	True	True	True	True	True
MLLT3	ENSG00000171843	MLLT3	219.4	110.3	49.2	46.4	70.1	4.3	4.3	MAPPED	True	True	True	True	True
MLLT6	ENSG00000275023	MLLT6	0.0	2.1	2.7	0.0	0.0	0.0	1.6	MAPPED	True	False	False	True	True
MLNR	ENSG00000102539	MLNR	0.0	0.0	0.0	0.0	0.0	0.0	0.0	MAPPED	False	False	False	False	False
MMAB	ENSG00000139428	MMAB	35.2	48.7	32.9	50.2	116.2	25.6	35.6	MAPPED	True	True	True	True	True
MNS1	ENSG00000138587	MNS1	51.8	20.5	11.0	7.7	14.0	0.0	73.3	MAPPED	True	True	False	True	True
MOBP	ENSG00000168314	MOBP	0.0	1.4	0.3	0.0	0.0	0.0	0.7	MAPPED	True	False	False	True	True
MOCS1	ENSG00000124615	MOCS1	10.4	2.5	6.2	0.0	0.0	17.1	4.3	MAPPED	True	True	True	True	True
MON2	ENSG00000061987	MON2	132.5	174.9	164.3	146.8	134.2	136.4	260.1	MAPPED	True	True	True	True	True
MPDU1	ENSG00000129255	MPDU1	8.3	12.7	17.3	7.7	18.0	25.6	17.8	MAPPED	True	True	True	True	True
MPI	ENSG00000178802	MPI	12.4	7.0	15.2	0.0	18.0	8.5	10.5	MAPPED	True	True	True	True	True
MPLKIP	ENSG00000168303	MPLKIP	14.5	17.8	28.8	3.9	30.1	8.5	29.9	MAPPED	True	True	True	True	True
MPP1	ENSG00000130830	MPP1	4.1	8.5	6.5	0.0	8.0	4.3	5.7	MAPPED	True	True	True	True	True
MPP3	ENSG00000161647	MPP3	0.0	7.8	5.1	3.9	4.0	12.8	0.4	MAPPED	True	False	True	True	True
MPP4	ENSG00000082126	MPP4	1343.5	7.3	11.4	19.3	30.1	0.0	930.4	MAPPED	True	True	False	True	True
MPP5										UNMAPPED					
MPP7	ENSG00000150054	MPP7	283.6	10.3	5.4	46.4	34.1	4.3	94.8	MAPPED	True	True	True	True	True
MPRIP	ENSG00000133030	MPRIP	91.1	211.9	166.2	162.2	246.4	25.6	89.1	MAPPED	True	True	True	True	True
MRAP2	ENSG00000135324	MRAP2	0.0	17.7	0.7	3.9	0.0	4.3	0.7	MAPPED	True	False	True	True	True
MRC1	ENSG00000260314	MRC1	2.1	0.0	1.5	0.0	0.0	0.0	1.4	MAPPED	True	True	False	True	True
MRE11	ENSG00000020922	MRE11	16.6	28.9	21.5	23.2	10.0	29.8	21.4	MAPPED	True	True	True	True	True
MRPL10	ENSG00000159111	MRPL10	4.1	4.1	11.4	0.0	18.0	8.5	8.7	MAPPED	True	True	True	True	True
MRPL11	ENSG00000174547	MRPL11	10.4	5.6	12.7	0.0	8.0	12.8	10.8	MAPPED	True	True	True	True	True
MRPL13	ENSG00000172172	MRPL13	14.5	10.7	19.6	3.9	14.0	34.1	24.3	MAPPED	True	True	True	True	True
MRPL15	ENSG00000137547	MRPL15	53.8	9.2	17.7	3.9	10.0	55.4	51.2	MAPPED	True	True	True	True	True
MRPL16	ENSG00000166902	MRPL16	18.6	13.0	9.0	19.3	18.0	59.7	20.1	MAPPED	True	True	True	True	True
MRPL17	ENSG00000158042	MRPL17	2.1	1.4	9.8	0.0	12.0	17.1	15.0	MAPPED	True	True	True	True	True
MRPL19	ENSG00000115364	MRPL19	47.6	61.1	54.4	34.8	76.1	55.4	61.6	MAPPED	True	True	True	True	True
MRPL2	ENSG00000112651	MRPL2	0.0	2.1	2.9	0.0	4.0	21.3	4.3	MAPPED	True	False	True	True	True
MRPL21	ENSG00000197345	MRPL21	14.5	4.6	19.6	3.9	0.0	59.7	27.1	MAPPED	True	True	True	True	True
MRPL22	ENSG00000082515	MRPL22	29.0	5.2	22.3	0.0	20.0	34.1	22.6	MAPPED	True	True	True	True	True
MRPL23	ENSG00000214026	MRPL23	0.0	0.7	0.9	0.0	0.0	29.8	6.6	MAPPED	True	False	True	True	True
MRPL27	ENSG00000108826	MRPL27	31.1	10.5	22.8	3.9	6.0	51.2	28.0	MAPPED	True	True	True	True	True
MRPL3	ENSG00000114686	MRPL3	24.8	16.3	37.2	15.5	30.1	46.9	30.5	MAPPED	True	True	True	True	True
MRPL30	ENSG00000185414	MRPL30	0.0	0.0	1.9	0.0	0.0	0.0	1.4	MAPPED	True	False	False	True	True
MRPL32	ENSG00000106591	MRPL32	14.5	4.9	13.8	0.0	8.0	46.9	15.2	MAPPED	True	True	True	True	True
MRPL33	ENSG00000243147	MRPL33	51.8	43.2	55.9	30.9	62.1	102.3	91.7	MAPPED	True	True	True	True	True
MRPL34	ENSG00000130312	MRPL34	39.3	13.4	26.4	7.7	22.0	98.0	37.2	MAPPED	True	True	True	True	True
MRPL36	ENSG00000171421	MRPL36	10.4	2.8	9.6	7.7	8.0	21.3	15.3	MAPPED	True	True	True	True	True
MRPL38	ENSG00000204316	MRPL38	0.0	0.0	0.0	0.0	0.0	0.0	0.2	MAPPED	True	False	False	True	True
MRPL4	ENSG00000105364	MRPL4	14.5	18.5	31.1	15.5	26.0	21.3	25.5	MAPPED	True	True	True	True	True
MRPL40	ENSG00000185608	MRPL40	33.1	11.4	14.8	0.0	12.0	98.0	21.4	MAPPED	True	True	True	True	True
MRPL41	ENSG00000182154	MRPL41	33.1	24.7	23.1	15.5	20.0	149.2	21.3	MAPPED	True	True	True	True	True
MRPL43	ENSG00000055950	MRPL43	24.8	8.0	24.2	3.9	14.0	81.0	33.2	MAPPED	True	True	True	True	True
MRPL44	ENSG00000135900	MRPL44	12.4	6.2	15.6	3.9	10.0	0.0	10.0	MAPPED	True	True	False	True	True
MRPL45	ENSG00000278845	MRPL45	0.0	0.0	0.4	3.9	0.0	4.3	0.6	MAPPED	True	False	True	True	True
MRPL46	ENSG00000259494	MRPL46	2.1	0.0	0.7	0.0	0.0	0.0	1.1	MAPPED	True	True	False	True	True
MRPL47	ENSG00000136522	MRPL47	26.9	9.8	16.8	23.2	6.0	38.4	25.8	MAPPED	True	True	True	True	True
MRPL49	ENSG00000149792	MRPL49	8.3	5.5	9.5	0.0	12.0	12.8	11.4	MAPPED	True	True	True	True	True
MRPL50	ENSG00000136897	MRPL50	4.1	7.6	11.9	3.9	4.0	25.6	14.2	MAPPED	True	True	True	True	True
MRPL51	ENSG00000111639	MRPL51	12.4	9.0	25.1	0.0	26.0	68.2	23.0	MAPPED	True	True	True	True	True
MRPL53	ENSG00000204822	MRPL53	0.0	0.0	0.0	0.0	0.0	0.0	0.5	MAPPED	True	False	False	True	True
MRPL54	ENSG00000183617	MRPL54	33.1	7.5	29.1	7.7	16.0	63.9	67.5	MAPPED	True	True	True	True	True
MRPS10	ENSG00000048544	MRPS10	12.4	17.2	17.0	3.9	6.0	34.1	34.8	MAPPED	True	True	True	True	True
MRPS11	ENSG00000181991	MRPS11	20.7	20.0	27.6	7.7	30.1	34.1	24.3	MAPPED	True	True	True	True	True
MRPS12	ENSG00000128626	MRPS12	0.0	0.0	0.0	0.0	0.0	0.0	0.0	MAPPED	False	False	False	False	False
MRPS14	ENSG00000120333	MRPS14	47.6	21.8	27.7	3.9	18.0	29.8	33.7	MAPPED	True	True	True	True	True
MRPS15	ENSG00000116898	MRPS15	24.8	10.7	15.2	23.2	14.0	72.5	15.8	MAPPED	True	True	True	True	True
MRPS16	ENSG00000182180	MRPS16	24.8	27.3	28.7	23.2	20.0	42.6	34.1	MAPPED	True	True	True	True	True
MRPS18A	ENSG00000096080	MRPS18A	8.3	3.4	9.5	0.0	8.0	34.1	10.6	MAPPED	True	True	True	True	True
MRPS18C	ENSG00000163319	MRPS18C	14.5	16.8	20.1	11.6	26.0	34.1	26.6	MAPPED	True	True	True	True	True
MRPS2	ENSG00000122140	MRPS2	4.1	5.0	12.0	3.9	12.0	4.3	5.9	MAPPED	True	True	True	True	True
MRPS21	ENSG00000266472	MRPS21	35.2	39.2	53.7	27.0	40.1	140.7	39.0	MAPPED	True	True	True	True	True
MRPS25	ENSG00000131368	MRPS25	62.1	45.7	41.0	34.8	38.1	29.8	61.1	MAPPED	True	True	True	True	True
MRPS34	ENSG00000074071	MRPS34	12.4	12.8	23.4	3.9	26.0	25.6	20.6	MAPPED	True	True	True	True	True
MRPS35	ENSG00000061794	MRPS35	26.9	30.7	29.1	19.3	30.1	38.4	31.9	MAPPED	True	True	True	True	True
MRPS36	ENSG00000134056	MRPS36	14.5	5.7	9.7	0.0	14.0	34.1	18.0	MAPPED	True	True	True	True	True
MRPS5	ENSG00000144029	MRPS5	4.1	1.4	2.3	3.9	4.0	4.3	5.6	MAPPED	True	True	True	True	True
MRPS6	ENSG00000243927	MRPS6	2.1	0.0	2.5	0.0	0.0	12.8	1.0	MAPPED	True	True	True	True	True
MRPS9	ENSG00000135972	MRPS9	47.6	20.3	40.3	30.9	22.0	46.9	43.7	MAPPED	True	True	True	True	True
MRRF	ENSG00000148187	MRRF	64.2	29.6	32.2	7.7	20.0	8.5	77.8	MAPPED	True	True	True	True	True
MRS2	ENSG00000124532	MRS2	43.5	44.3	33.6	30.9	40.1	12.8	48.3	MAPPED	True	True	True	True	True
MRTO4	ENSG00000053372	MRTO4	14.5	16.5	15.7	0.0	10.0	12.8	10.8	MAPPED	True	True	True	True	True
MSL2	ENSG00000174579	MSL2	37.3	42.7	45.5	61.8	60.1	55.4	54.2	MAPPED	True	True	True	True	True
MSMO1	ENSG00000052802	MSMO1	22.8	162.9	42.3	270.4	52.1	93.8	63.8	MAPPED	True	True	True	True	True
MSN	ENSG00000147065	MSN	4.1	2.1	2.5	7.7	8.0	38.4	1.9	MAPPED	True	True	True	True	True
MSR1	ENSG00000038945	MSR1	705.9	1.4	82.7	3.9	0.0	0.0	1.5	MAPPED	True	True	False	True	True
MSRA	ENSG00000175806	MSRA	26.9	8.9	2.6	0.0	4.0	72.5	1.9	MAPPED	True	True	True	True	True
MT-CO1	ENSG00000198804	MT-CO1	7868.5	9473.3	13099.6	3982.5	18230.7	12221.9	3864.1	MAPPED	True	True	True	True	True
MT-CO2	ENSG00000198712	MT-CO2	6409.1	6652.5	9555.1	3005.2	11605.6	7690.4	3960.0	MAPPED	True	True	True	True	True
MT-CO3	ENSG00000198938	MT-CO3	18438.5	19251.3	31213.5	6539.7	28345.8	12447.9	11257.5	MAPPED	True	True	True	True	True
MT-CYB	ENSG00000198727	MT-CYB	12482.8	7333.6	27394.7	1568.3	15780.6	5017.5	8432.8	MAPPED	True	True	True	True	True
MT-ND1	ENSG00000198888	MT-ND1	5467.2	5084.0	10165.2	1116.3	7226.2	6599.1	3469.1	MAPPED	True	True	True	True	True
MT-ND2	ENSG00000198763	MT-ND2	2774.0	1710.4	5028.8	397.9	3307.6	3052.3	1596.0	MAPPED	True	True	True	True	True
MT-ND4	ENSG00000198886	MT-ND4	15619.0	10256.2	25444.4	3758.5	17751.9	7302.5	9893.8	MAPPED	True	True	True	True	True
MT-ND5	ENSG00000198786	MT-ND5	2213.0	906.5	3546.6	289.7	1997.4	925.1	1363.7	MAPPED	True	True	True	True	True
MTAP	ENSG00000099810	MTAP	0.0	0.0	0.2	0.0	2.0	0.0	0.6	MAPPED	True	False	False	True	True
MTHFD1	ENSG00000100714	MTHFD1	22.8	18.1	29.6	19.3	18.0	25.6	20.1	MAPPED	True	True	True	True	True
MTMR1	ENSG00000063601	MTMR1	45.5	43.0	38.3	46.4	66.1	29.8	52.2	MAPPED	True	True	True	True	True
MTMR10	ENSG00000166912	MTMR10	2.1	2.1	2.7	3.9	0.0	4.3	3.4	MAPPED	True	True	True	True	True
MTR	ENSG00000116984	MTR	86.9	100.9	74.8	104.3	62.1	63.9	73.8	MAPPED	True	True	True	True	True
MTREX	ENSG00000039123	MTREX	103.5	71.2	87.3	100.4	88.1	38.4	104.7	MAPPED	True	True	True	True	True
MTRR	ENSG00000124275	MTRR	24.8	15.6	21.2	23.2	16.0	17.1	40.6	MAPPED	True	True	True	True	True
MUC13	ENSG00000173702	MUC13	0.0	0.7	1.1	3.9	2.0	0.0	1.3	MAPPED	True	False	False	True	True
MUC16	ENSG00000181143	MUC16	0.0	0.0	0.6	0.0	0.0	0.0	0.4	MAPPED	True	False	False	True	True
MUC17	ENSG00000169876	MUC17	0.0	1.4	0.2	0.0	0.0	0.0	0.2	MAPPED	True	False	False	True	True
MUC5B	ENSG00000117983	MUC5B	0.0	0.0	1.5	0.0	0.0	0.0	0.6	MAPPED	True	False	False	True	True
MUC7	ENSG00000171195	MUC7	0.0	0.7	0.1	0.0	0.0	0.0	0.3	MAPPED	True	False	False	True	True
MVB12A	ENSG00000141971	MVB12A	6.2	10.7	7.9	7.7	6.0	29.8	13.1	MAPPED	True	True	True	True	True
MVB12B	ENSG00000196814	MVB12B	10.4	129.5	64.8	69.5	50.1	51.2	40.4	MAPPED	True	True	True	True	True
MVD	ENSG00000167508	MVD	10.4	126.9	27.3	85.0	32.1	17.1	22.8	MAPPED	True	True	True	True	True
MVK	ENSG00000110921	MVK	20.7	20.3	8.4	23.2	74.1	21.3	12.4	MAPPED	True	True	True	True	True
MX1	ENSG00000157601	MX1	0.0	3.2	4.3	15.5	2.0	0.0	1.1	MAPPED	True	False	False	True	True
MXRA8	ENSG00000162576	MXRA8	2.1	0.7	1.2	3.9	0.0	4.3	0.5	MAPPED	True	True	True	True	True
MYBBP1A	ENSG00000132382	MYBBP1A	8.3	14.2	8.0	11.6	6.0	4.3	6.1	MAPPED	True	True	True	True	True
MYBL1	ENSG00000185697	MYBL1	6.2	4.8	11.5	11.6	2.0	8.5	17.4	MAPPED	True	True	True	True	True
MYC	ENSG00000136997	MYC	0.0	2.5	0.0	0.0	0.0	4.3	0.3	MAPPED	True	False	True	True	True
MYCL	ENSG00000116990	MYCL	0.0	2.1	0.1	0.0	0.0	25.6	0.1	MAPPED	True	False	True	True	True
MYD88	ENSG00000172936	MYD88	0.0	0.7	0.9	3.9	0.0	0.0	0.0	MAPPED	False	False	False	False	False
MYH9	ENSG00000100345	MYH9	24.8	12.0	9.3	42.5	204.3	17.1	11.8	MAPPED	True	True	True	True	True
MYL12B	ENSG00000118680	MYL12B	39.3	18.3	43.7	15.5	38.1	102.3	42.7	MAPPED	True	True	True	True	True
MYL5	ENSG00000215375	MYL5	8.3	0.7	2.5	0.0	6.0	4.3	49.4	MAPPED	True	True	True	True	True
MYL9	ENSG00000101335	MYL9	0.0	0.0	0.8	0.0	0.0	12.8	1.4	MAPPED	True	False	True	True	True
MYO15A	ENSG00000091536	MYO15A	2.1	9.7	3.1	19.3	14.0	0.0	2.1	MAPPED	True	True	False	True	True
MYO1E	ENSG00000157483	MYO1E	37.3	3.2	1.9	38.6	16.0	230.2	1.5	MAPPED	True	True	True	True	True
MYO3A	ENSG00000095777	MYO3A	2.1	16.8	2.0	0.0	0.0	0.0	2.4	MAPPED	True	True	False	True	True
MYO5A	ENSG00000197535	MYO5A	144.9	239.8	255.6	247.2	166.3	63.9	128.4	MAPPED	True	True	True	True	True
MYO6	ENSG00000196586	MYO6	225.6	141.6	99.9	247.2	126.2	174.8	307.6	MAPPED	True	True	True	True	True
MYO7A	ENSG00000137474	MYO7A	47.6	4.0	19.0	0.0	2.0	81.0	38.8	MAPPED	True	True	True	True	True
MYOC	ENSG00000034971	MYOC	0.0	0.0	0.5	0.0	0.0	0.0	0.3	MAPPED	True	False	False	True	True
MYOM2	ENSG00000036448	MYOM2	2.1	0.0	0.9	0.0	0.0	0.0	1.3	MAPPED	True	True	False	True	True
MYOT	ENSG00000120729	MYOT	10.4	4.1	10.4	7.7	4.0	0.0	6.9	MAPPED	True	True	False	True	True
MYRF	ENSG00000124920	MYRF	0.0	0.0	0.2	3.9	0.0	349.6	0.4	MAPPED	True	False	True	True	True
MYRFL	ENSG00000166268	MYRFL	0.0	25.3	24.3	7.7	8.0	187.6	1.8	MAPPED	True	False	True	True	True
MYSM1	ENSG00000162601	MYSM1	33.1	56.5	41.3	54.1	42.1	34.1	58.7	MAPPED	True	True	True	True	True
MZT1	ENSG00000204899	MZT1	16.6	15.3	23.0	0.0	40.1	17.1	23.1	MAPPED	True	True	True	True	True
MZT2A	ENSG00000173272	MZT2A	8.3	29.8	40.5	7.7	22.0	34.1	15.6	MAPPED	True	True	True	True	True
MZT2B	ENSG00000152082	MZT2B	35.2	45.5	102.0	19.3	78.1	162.0	38.3	MAPPED	True	True	True	True	True
NAA10	ENSG00000102030	NAA10	4.1	4.1	2.0	7.7	4.0	12.8	5.6	MAPPED	True	True	True	True	True
NAA38	ENSG00000183011	NAA38	62.1	72.8	112.8	61.8	56.1	183.3	93.1	MAPPED	True	True	True	True	True
NADK	ENSG00000008130	NADK	14.5	4.2	5.7	7.7	12.0	21.3	20.4	MAPPED	True	True	True	True	True
NAGK	ENSG00000124357	NAGK	18.6	15.4	21.5	0.0	26.0	21.3	26.5	MAPPED	True	True	True	True	True
NAGLU	ENSG00000108784	NAGLU	0.0	0.0	0.0	0.0	0.0	0.0	0.1	MAPPED	True	False	False	True	True
NAGPA	ENSG00000103174	NAGPA	20.7	6.3	8.1	3.9	14.0	4.3	6.2	MAPPED	True	True	True	True	True
NAGS	ENSG00000161653	NAGS	0.0	0.0	0.3	0.0	0.0	0.0	0.2	MAPPED	True	False	False	True	True
NAT10	ENSG00000135372	NAT10	12.4	40.5	26.9	11.6	28.0	42.6	28.7	MAPPED	True	True	True	True	True
NAV3	ENSG00000067798	NAV3	0.0	974.5	17.2	34.8	1769.0	630.9	7.3	MAPPED	True	False	True	True	True
NBAS	ENSG00000151779	NBAS	202.9	189.2	167.5	181.6	184.3	102.3	185.6	MAPPED	True	True	True	True	True
NBPF4	ENSG00000196427	NBPF4	0.0	0.0	0.0	0.0	0.0	0.0	0.0	MAPPED	False	False	False	False	False
NCALD	ENSG00000104490	NCALD	136.6	55.4	42.5	3.9	22.0	29.8	2.5	MAPPED	True	True	True	True	True
NCAN	ENSG00000130287	NCAN	2.1	4.1	0.2	7.7	0.0	0.0	0.2	MAPPED	True	True	False	True	True
NCBP1	ENSG00000136937	NCBP1	41.4	26.1	57.1	19.3	36.1	34.1	44.6	MAPPED	True	True	True	True	True
NCBP2	ENSG00000114503	NCBP2	45.5	18.5	32.4	3.9	22.0	42.6	31.2	MAPPED	True	True	True	True	True
NCBP2L	ENSG00000170935	NCBP2L	0.0	0.0	0.0	0.0	0.0	0.0	0.0	MAPPED	False	False	False	False	False
NCBP3	ENSG00000074356	NCBP3	39.3	37.7	39.8	27.0	48.1	21.3	39.8	MAPPED	True	True	True	True	True
NCDN	ENSG00000020129	NCDN	2.1	4.8	3.7	0.0	0.0	0.0	3.7	MAPPED	True	True	False	True	True
NCKAP1	ENSG00000061676	NCKAP1	93.2	174.1	131.4	108.2	216.4	272.8	110.9	MAPPED	True	True	True	True	True
NCOA3	ENSG00000124151	NCOA3	78.7	66.9	81.9	77.3	92.2	63.9	128.9	MAPPED	True	True	True	True	True
NCOA4	ENSG00000266412	NCOA4	72.5	20.3	28.9	23.2	44.1	63.9	33.2	MAPPED	True	True	True	True	True
NCOR1	ENSG00000141027	NCOR1	354.0	265.8	276.3	193.1	224.4	183.3	346.9	MAPPED	True	True	True	True	True
NCOR2	ENSG00000196498	NCOR2	80.7	147.9	184.7	131.3	282.5	144.9	110.5	MAPPED	True	True	True	True	True
NCS1	ENSG00000107130	NCS1	4.1	69.4	2.9	38.6	70.1	8.5	0.8	MAPPED	True	True	True	True	True
NDC1	ENSG00000058804	NDC1	12.4	10.2	19.4	7.7	12.0	25.6	17.2	MAPPED	True	True	True	True	True
NDE1	ENSG00000072864	NDE1	2.1	0.0	0.2	0.0	0.0	0.0	0.3	MAPPED	True	True	False	True	True
NDEL1	ENSG00000166579	NDEL1	64.2	48.5	55.7	73.4	82.1	8.5	71.2	MAPPED	True	True	True	True	True
NDOR1	ENSG00000188566	NDOR1	8.3	7.4	14.5	15.5	20.0	8.5	14.0	MAPPED	True	True	True	True	True
NDP	ENSG00000124479	NDP	4.1	0.7	0.6	0.0	0.0	0.0	0.8	MAPPED	True	True	False	True	True
NDUFA10	ENSG00000130414	NDUFA10	134.6	66.3	104.6	85.0	94.2	89.5	120.8	MAPPED	True	True	True	True	True
NDUFA12	ENSG00000184752	NDUFA12	55.9	29.7	45.2	38.6	28.0	68.2	77.3	MAPPED	True	True	True	True	True
NDUFA13	ENSG00000186010	NDUFA13	0.0	0.0	0.4	0.0	0.0	8.5	3.0	MAPPED	True	False	True	True	True
NDUFA2	ENSG00000131495	NDUFA2	53.8	32.8	46.8	3.9	32.1	166.3	56.0	MAPPED	True	True	True	True	True
NDUFA3	ENSG00000170906	NDUFA3	24.8	5.6	11.9	3.9	16.0	213.1	26.4	MAPPED	True	True	True	True	True
NDUFA4	ENSG00000189043	NDUFA4	345.7	88.6	241.3	27.0	54.1	515.8	271.0	MAPPED	True	True	True	True	True
NDUFA5	ENSG00000128609	NDUFA5	103.5	72.7	111.5	7.7	70.1	149.2	128.8	MAPPED	True	True	True	True	True
NDUFA8	ENSG00000119421	NDUFA8	29.0	16.4	25.5	15.5	44.1	55.4	44.1	MAPPED	True	True	True	True	True
NDUFA9	ENSG00000139180	NDUFA9	2.1	0.0	3.3	0.0	8.0	8.5	10.6	MAPPED	True	True	True	True	True
NDUFAB1	ENSG00000004779	NDUFAB1	62.1	36.1	46.1	7.7	20.0	119.4	67.3	MAPPED	True	True	True	True	True
NDUFAF5	ENSG00000101247	NDUFAF5	45.5	45.8	69.0	34.8	24.0	21.3	45.2	MAPPED	True	True	True	True	True
NDUFAF6	ENSG00000156170	NDUFAF6	101.4	72.1	86.5	88.8	48.1	17.1	150.2	MAPPED	True	True	True	True	True
NDUFB3	ENSG00000119013	NDUFB3	20.7	10.1	24.2	15.5	16.0	98.0	44.8	MAPPED	True	True	True	True	True
NDUFB4	ENSG00000065518	NDUFB4	80.7	26.2	57.4	27.0	48.1	221.7	79.4	MAPPED	True	True	True	True	True
NDUFB7	ENSG00000099795	NDUFB7	43.5	18.5	52.5	0.0	48.1	208.9	64.2	MAPPED	True	True	True	True	True
NDUFB8	ENSG00000166136	NDUFB8	43.5	14.7	56.6	0.0	54.1	157.7	59.5	MAPPED	True	True	True	True	True
NDUFB9	ENSG00000147684	NDUFB9	74.5	52.9	59.4	30.9	62.1	93.8	85.7	MAPPED	True	True	True	True	True
NDUFS1	ENSG00000023228	NDUFS1	8.3	7.8	12.6	3.9	12.0	29.8	11.1	MAPPED	True	True	True	True	True
NDUFS2	ENSG00000158864	NDUFS2	45.5	42.9	54.2	34.8	88.1	68.2	54.7	MAPPED	True	True	True	True	True
NDUFS3	ENSG00000213619	NDUFS3	6.2	8.3	9.4	0.0	16.0	42.6	13.5	MAPPED	True	True	True	True	True
NDUFS7	ENSG00000115286	NDUFS7	53.8	16.5	37.3	11.6	30.1	162.0	42.5	MAPPED	True	True	True	True	True
NDUFS8	ENSG00000110717	NDUFS8	51.8	22.1	43.0	7.7	28.0	93.8	61.9	MAPPED	True	True	True	True	True
NDUFV1	ENSG00000167792	NDUFV1	72.5	38.5	83.5	61.8	54.1	34.1	102.8	MAPPED	True	True	True	True	True
NDUFV2	ENSG00000178127	NDUFV2	2.1	0.0	0.5	0.0	2.0	4.3	2.4	MAPPED	True	True	True	True	True
NECAP2	ENSG00000157191	NECAP2	122.1	15.4	26.7	15.5	18.0	4.3	46.5	MAPPED	True	True	True	True	True
NECTIN3	ENSG00000177707	NECTIN3	16.6	4.8	25.1	7.7	16.0	144.9	1.9	MAPPED	True	True	True	True	True
NECTIN4	ENSG00000143217	NECTIN4	0.0	0.7	0.5	0.0	0.0	0.0	0.2	MAPPED	True	False	False	True	True
NEDD1	ENSG00000139350	NEDD1	4.1	6.5	12.9	3.9	30.1	12.8	16.2	MAPPED	True	True	True	True	True
NEDD4	ENSG00000069869	NEDD4	153.2	2.1	2.8	11.6	2.0	0.0	64.4	MAPPED	True	True	False	True	True
NEDD4L	ENSG00000049759	NEDD4L	1890.0	529.5	5.2	602.6	364.6	1014.6	6.5	MAPPED	True	True	True	True	True
NEDD8	ENSG00000129559	NEDD8	0.0	0.7	0.3	0.0	0.0	29.8	4.4	MAPPED	True	False	True	True	True
NEFL	ENSG00000277586	NEFL	0.0	10.3	6.9	92.7	8.0	0.0	14.5	MAPPED	True	False	False	True	True
NEK1	ENSG00000137601	NEK1	147.0	140.7	98.2	200.9	82.1	102.3	114.6	MAPPED	True	True	True	True	True
NEK10	ENSG00000163491	NEK10	443.0	15.4	110.7	7.7	8.0	12.8	130.4	MAPPED	True	True	True	True	True
NEK11	ENSG00000114670	NEK11	105.6	32.7	17.1	177.7	16.0	25.6	57.4	MAPPED	True	True	True	True	True
NEK2	ENSG00000117650	NEK2	0.0	0.0	9.4	0.0	0.0	0.0	1.9	MAPPED	True	False	False	True	True
NEK4	ENSG00000114904	NEK4	22.8	23.7	35.5	19.3	42.1	17.1	45.0	MAPPED	True	True	True	True	True
NEK8	ENSG00000160602	NEK8	2.1	2.6	1.1	11.6	6.0	0.0	0.7	MAPPED	True	True	False	True	True
NEK9	ENSG00000119638	NEK9	74.5	50.0	50.5	42.5	62.1	17.1	78.0	MAPPED	True	True	True	True	True
NELFCD	ENSG00000101158	NELFCD	24.8	26.1	50.5	19.3	34.1	12.8	37.9	MAPPED	True	True	True	True	True
NEMF	ENSG00000165525	NEMF	115.9	125.7	131.3	135.2	202.3	72.5	129.9	MAPPED	True	True	True	True	True
NES	ENSG00000132688	NES	0.0	0.0	0.5	0.0	0.0	0.0	0.0	MAPPED	False	False	False	False	False
NEUROD1	ENSG00000162992	NEUROD1	2.1	0.0	1.8	0.0	0.0	0.0	24.4	MAPPED	True	True	False	True	True
NEUROD4	ENSG00000123307	NEUROD4	0.0	1.4	172.1	0.0	6.0	0.0	2.6	MAPPED	True	False	False	True	True
NEUROG2	ENSG00000178403	NEUROG2	0.0	0.0	0.0	0.0	0.0	0.0	0.0	MAPPED	False	False	False	False	False
NF1	ENSG00000196712	NF1	387.1	298.1	339.4	274.3	392.7	255.8	310.0	MAPPED	True	True	True	True	True
NFASC	ENSG00000163531	NFASC	0.0	212.7	216.5	173.8	418.7	0.0	321.3	MAPPED	True	False	False	True	True
NFE2L2	ENSG00000116044	NFE2L2	47.6	28.1	96.5	46.4	58.1	144.9	94.2	MAPPED	True	True	True	True	True
NFIL3	ENSG00000165030	NFIL3	35.2	15.6	26.2	11.6	16.0	4.3	19.3	MAPPED	True	True	True	True	True
NFKBIA	ENSG00000100906	NFKBIA	12.4	9.1	14.8	7.7	20.0	38.4	19.9	MAPPED	True	True	True	True	True
NFXL1	ENSG00000170448	NFXL1	24.8	65.1	28.8	0.0	32.1	8.5	33.6	MAPPED	True	True	True	True	True
NFYA	ENSG00000001167	NFYA	16.6	7.2	13.9	0.0	10.0	21.3	16.4	MAPPED	True	True	True	True	True
NFYB	ENSG00000120837	NFYB	6.2	12.5	19.8	3.9	16.0	12.8	26.0	MAPPED	True	True	True	True	True
NFYC	ENSG00000066136	NFYC	55.9	42.5	36.9	27.0	54.1	102.3	39.2	MAPPED	True	True	True	True	True
NHP2	ENSG00000145912	NHP2	16.6	12.1	23.6	0.0	16.0	29.8	15.0	MAPPED	True	True	True	True	True
NID1	ENSG00000116962	NID1	0.0	1.4	8.6	3.9	68.1	0.0	0.9	MAPPED	True	False	False	True	True
NIN	ENSG00000100503	NIN	159.4	163.5	18.6	239.5	24.0	12.8	74.0	MAPPED	True	True	True	True	True
NINL	ENSG00000101004	NINL	76.6	13.2	12.3	119.7	42.1	4.3	7.1	MAPPED	True	True	True	True	True
NIPSNAP1	ENSG00000184117	NIPSNAP1	22.8	14.6	14.3	27.0	26.0	12.8	28.4	MAPPED	True	True	True	True	True
NIPSNAP2	ENSG00000146729	NIPSNAP2	51.8	67.4	56.1	77.3	52.1	98.0	85.4	MAPPED	True	True	True	True	True
NIT2	ENSG00000114021	NIT2	18.6	13.7	9.5	23.2	14.0	8.5	19.7	MAPPED	True	True	True	True	True
NKAP	ENSG00000101882	NKAP	18.6	25.0	25.8	7.7	26.0	25.6	30.4	MAPPED	True	True	True	True	True
NKTR	ENSG00000114857	NKTR	149.0	148.5	149.1	108.2	152.3	149.2	198.8	MAPPED	True	True	True	True	True
NKX2-4	ENSG00000125816	NKX2-4	0.0	0.0	0.0	0.0	0.0	0.0	0.0	MAPPED	False	False	False	False	False
NKX2-5	ENSG00000183072	NKX2-5	0.0	0.0	0.0	0.0	0.0	0.0	0.0	MAPPED	False	False	False	False	False
NKX3-1	ENSG00000167034	NKX3-1	4.1	0.7	2.9	3.9	0.0	0.0	2.7	MAPPED	True	True	False	True	True
NLRP12	ENSG00000142405	NLRP12	0.0	0.7	1.6	0.0	0.0	0.0	1.0	MAPPED	True	False	False	True	True
NLRP3	ENSG00000162711	NLRP3	0.0	0.0	0.0	0.0	0.0	0.0	0.1	MAPPED	True	False	False	True	True
NLRP8	ENSG00000179709	NLRP8	0.0	1.4	1.7	3.9	0.0	0.0	0.7	MAPPED	True	False	False	True	True
NME1	ENSG00000239672	NME1	14.5	2.1	11.3	0.0	6.0	81.0	55.0	MAPPED	True	True	True	True	True
NME1-NME2	ENSG00000011052	NME1-NME2	2.1	0.0	11.8	0.0	2.0	0.0	10.9	MAPPED	True	True	False	True	True
NME2	ENSG00000243678	NME2	0.0	0.0	0.0	0.0	0.0	4.3	0.0	MAPPED	False	False	True	False	True
NME3	ENSG00000103024	NME3	45.5	41.6	63.1	3.9	38.1	55.4	58.2	MAPPED	True	True	True	True	True
NME4	ENSG00000103202	NME4	2.1	5.6	9.5	7.7	8.0	93.8	2.7	MAPPED	True	True	True	True	True
NME5	ENSG00000112981	NME5	26.9	40.2	11.7	34.8	8.0	17.1	31.5	MAPPED	True	True	True	True	True
NME6	ENSG00000172113	NME6	10.4	10.9	12.2	7.7	16.0	17.1	11.0	MAPPED	True	True	True	True	True
NME7	ENSG00000143156	NME7	169.7	70.8	70.6	92.7	100.2	38.4	329.5	MAPPED	True	True	True	True	True
NME8	ENSG00000086288	NME8	0.0	0.0	0.0	0.0	0.0	0.0	0.0	MAPPED	False	False	False	False	False
NME9	ENSG00000181322	NME9	18.6	28.2	23.7	42.5	50.1	4.3	42.4	MAPPED	True	True	True	True	True
NMI	ENSG00000123609	NMI	0.0	0.8	0.1	0.0	0.0	4.3	0.2	MAPPED	True	False	True	True	True
NMNAT1	ENSG00000173614	NMNAT1	20.7	3.4	7.8	38.6	12.0	25.6	9.6	MAPPED	True	True	True	True	True
NMRAL1	ENSG00000153406	NMRAL1	0.0	1.4	1.2	0.0	0.0	12.8	1.3	MAPPED	True	False	True	True	True
NMT1	ENSG00000136448	NMT1	142.8	115.9	133.5	115.9	178.3	89.5	202.6	MAPPED	True	True	True	True	True
NMT2	ENSG00000152465	NMT2	10.4	33.5	48.4	38.6	22.0	89.5	43.6	MAPPED	True	True	True	True	True
NNT	ENSG00000112992	NNT	68.3	52.9	41.6	123.6	38.1	55.4	27.4	MAPPED	True	True	True	True	True
NOC4L	ENSG00000184967	NOC4L	0.0	3.4	3.7	3.9	0.0	8.5	2.4	MAPPED	True	False	True	True	True
NOD2	ENSG00000167207	NOD2	0.0	0.0	0.6	0.0	0.0	0.0	0.3	MAPPED	True	False	False	True	True
NOL11	ENSG00000130935	NOL11	4.1	13.0	22.5	3.9	16.0	21.3	33.0	MAPPED	True	True	True	True	True
NOL6	ENSG00000165271	NOL6	4.1	2.1	5.3	7.7	8.0	8.5	3.0	MAPPED	True	True	True	True	True
NOLC1	ENSG00000166197	NOLC1	29.0	7.0	18.4	0.0	10.0	8.5	23.3	MAPPED	True	True	True	True	True
NOP14	ENSG00000087269	NOP14	22.8	14.7	10.2	11.6	12.0	17.1	11.4	MAPPED	True	True	True	True	True
NOP56	ENSG00000101361	NOP56	29.0	19.8	22.1	0.0	22.0	29.8	16.9	MAPPED	True	True	True	True	True
NOP58	ENSG00000055044	NOP58	244.3	68.7	90.2	88.8	72.1	42.6	157.0	MAPPED	True	True	True	True	True
NOP9	ENSG00000196943	NOP9	0.0	0.0	0.0	0.0	0.0	4.3	0.4	MAPPED	True	False	True	True	True
NPC1	ENSG00000141458	NPC1	111.8	44.5	34.6	127.5	46.1	123.6	109.9	MAPPED	True	True	True	True	True
NPC2	ENSG00000119655	NPC2	29.0	3.4	8.5	11.6	2.0	1202.2	23.4	MAPPED	True	True	True	True	True
NPEPL1	ENSG00000215440	NPEPL1	8.3	5.6	13.7	11.6	4.0	8.5	2.6	MAPPED	True	True	True	True	True
NPHP1	ENSG00000144061	NPHP1	82.8	23.0	16.9	23.2	32.1	21.3	115.3	MAPPED	True	True	True	True	True
NPHP3	ENSG00000113971	NPHP3	2.1	0.0	0.2	0.0	0.0	0.0	1.0	MAPPED	True	True	False	True	True
NPHP4	ENSG00000131697	NPHP4	64.2	38.9	26.6	15.5	40.1	12.8	57.8	MAPPED	True	True	True	True	True
NPHS1	ENSG00000161270	NPHS1	2.1	6.2	144.6	3.9	2.0	0.0	1.3	MAPPED	True	True	False	True	True
NPHS2	ENSG00000116218	NPHS2	0.0	0.0	0.2	0.0	0.0	0.0	0.2	MAPPED	True	False	False	True	True
NPLOC4	ENSG00000182446	NPLOC4	78.7	78.3	59.7	170.0	80.1	153.5	86.6	MAPPED	True	True	True	True	True
NPM1	ENSG00000181163	NPM1	39.3	30.7	65.5	19.3	58.1	170.5	66.3	MAPPED	True	True	True	True	True
NPPA	ENSG00000175206	NPPA	0.0	1.4	1.2	3.9	4.0	0.0	2.1	MAPPED	True	False	False	True	True
NPPC	ENSG00000163273	NPPC	14.5	0.7	0.9	0.0	4.0	0.0	3.2	MAPPED	True	True	False	True	True
NPR1	ENSG00000169418	NPR1	0.0	0.0	0.0	0.0	0.0	0.0	0.0	MAPPED	False	False	False	False	False
NPR2	ENSG00000159899	NPR2	2.1	4.1	4.8	0.0	6.0	0.0	1.6	MAPPED	True	True	False	True	True
NPR3	ENSG00000113389	NPR3	0.0	4.8	13.9	38.6	2.0	0.0	0.6	MAPPED	True	False	False	True	True
NPRL3	ENSG00000103148	NPRL3	86.9	86.0	102.7	177.7	86.1	25.6	83.9	MAPPED	True	True	True	True	True
NPSR1	ENSG00000187258	NPSR1	2.1	0.7	0.6	0.0	2.0	0.0	0.7	MAPPED	True	True	False	True	True
NPY	ENSG00000122585	NPY	0.0	7.6	0.4	0.0	0.0	0.0	0.1	MAPPED	True	False	False	True	True
NPY1R	ENSG00000164128	NPY1R	0.0	6.8	18.8	11.6	2.0	0.0	1.4	MAPPED	True	False	False	True	True
NPY2R	ENSG00000185149	NPY2R	0.0	0.0	0.0	0.0	0.0	0.0	0.0	MAPPED	False	False	False	False	False
NR0B2	ENSG00000131910	NR0B2	0.0	0.0	0.0	0.0	18.0	0.0	0.2	MAPPED	True	False	False	True	True
NR1D1	ENSG00000126368	NR1D1	10.4	31.5	47.4	23.2	24.0	34.1	13.4	MAPPED	True	True	True	True	True
NR2C1	ENSG00000120798	NR2C1	35.2	63.3	88.7	57.9	48.1	51.2	90.5	MAPPED	True	True	True	True	True
NR2C2	ENSG00000177463	NR2C2	55.9	69.0	71.0	61.8	100.2	34.1	80.5	MAPPED	True	True	True	True	True
NR2E1	ENSG00000112333	NR2E1	0.0	0.0	0.5	0.0	0.0	12.8	0.6	MAPPED	True	False	True	True	True
NR2E3	ENSG00000278570	NR2E3	0.0	8.6	12.9	15.5	6.0	4.3	861.9	MAPPED	True	False	True	True	True
NRAS	ENSG00000213281	NRAS	6.2	6.8	5.8	0.0	4.0	12.8	4.4	MAPPED	True	True	True	True	True
NRBP1	ENSG00000115216	NRBP1	62.1	32.8	37.3	42.5	34.1	51.2	63.1	MAPPED	True	True	True	True	True
NRDE2	ENSG00000119720	NRDE2	64.2	51.0	59.2	30.9	48.1	51.2	66.9	MAPPED	True	True	True	True	True
NRL	ENSG00000129535	NRL	0.0	0.0	0.2	0.0	0.0	0.0	2.9	MAPPED	True	False	False	True	True
NRSN2	ENSG00000125841	NRSN2	26.9	25.6	36.4	7.7	12.0	8.5	31.6	MAPPED	True	True	True	True	True
NRXN1	ENSG00000179915	NRXN1	4.1	1047.2	250.9	1004.3	286.5	4.3	10.3	MAPPED	True	True	True	True	True
NRXN2	ENSG00000110076	NRXN2	0.0	219.6	33.1	7.7	118.2	0.0	8.0	MAPPED	True	False	False	True	True
NSDHL	ENSG00000147383	NSDHL	0.0	6.2	4.2	0.0	4.0	0.0	7.6	MAPPED	True	False	False	True	True
NSFL1C	ENSG00000088833	NSFL1C	49.7	43.4	41.5	19.3	52.1	166.3	34.0	MAPPED	True	True	True	True	True
NT5C	ENSG00000125458	NT5C	22.8	8.3	38.9	7.7	12.0	29.8	30.3	MAPPED	True	True	True	True	True
NT5C1A	ENSG00000116981	NT5C1A	0.0	8.1	3.0	0.0	0.0	0.0	0.1	MAPPED	True	False	False	True	True
NT5C1B	ENSG00000185013	NT5C1B	0.0	0.0	0.0	0.0	0.0	0.0	0.0	MAPPED	False	False	False	False	False
NT5C1B-RDH14	ENSG00000250741	NT5C1B-RDH14	0.0	0.0	0.0	0.0	0.0	0.0	0.0	MAPPED	False	False	False	False	False
NT5C2	ENSG00000076685	NT5C2	306.4	155.7	182.6	374.7	240.4	81.0	299.3	MAPPED	True	True	True	True	True
NT5C3A	ENSG00000122643	NT5C3A	155.3	49.6	58.2	15.5	44.1	25.6	81.7	MAPPED	True	True	True	True	True
NT5C3B	ENSG00000141698	NT5C3B	16.6	16.1	16.7	0.0	100.2	21.3	16.0	MAPPED	True	True	True	True	True
NT5E	ENSG00000135318	NT5E	29.0	1.1	6.9	7.7	2.0	0.0	284.0	MAPPED	True	True	False	True	True
NT5M	ENSG00000205309	NT5M	4.1	17.6	4.6	23.2	14.0	0.0	1.9	MAPPED	True	True	False	True	True
NTN5	ENSG00000142233	NTN5	2.1	7.6	5.8	3.9	18.0	0.0	4.5	MAPPED	True	True	False	True	True
NTPCR	ENSG00000135778	NTPCR	43.5	19.7	14.8	11.6	28.0	102.3	25.8	MAPPED	True	True	True	True	True
NTRK2	ENSG00000148053	NTRK2	0.0	308.7	50.7	127.5	751.3	200.4	3.1	MAPPED	True	False	True	True	True
NTS	ENSG00000133636	NTS	0.0	0.7	0.5	3.9	0.0	0.0	0.0	MAPPED	False	False	False	False	False
NTSR1	ENSG00000101188	NTSR1	0.0	1.4	17.7	0.0	0.0	0.0	7.7	MAPPED	True	False	False	True	True
NTSR2	ENSG00000169006	NTSR2	0.0	0.7	0.1	0.0	0.0	0.0	0.1	MAPPED	True	False	False	True	True
NUB1	ENSG00000013374	NUB1	29.0	30.2	33.8	30.9	50.1	51.2	43.7	MAPPED	True	True	True	True	True
NUBPL	ENSG00000151413	NUBPL	186.3	122.1	96.1	262.7	76.1	85.3	217.8	MAPPED	True	True	True	True	True
NUDCD1	ENSG00000120526	NUDCD1	12.4	15.2	11.5	15.5	22.0	4.3	23.1	MAPPED	True	True	True	True	True
NUDCD2	ENSG00000170584	NUDCD2	22.8	16.7	30.4	11.6	12.0	34.1	35.2	MAPPED	True	True	True	True	True
NUDCD3	ENSG00000015676	NUDCD3	72.5	81.2	69.4	57.9	74.1	51.2	73.9	MAPPED	True	True	True	True	True
NUDT13	ENSG00000166321	NUDT13	6.2	5.3	9.3	0.0	10.0	0.0	10.4	MAPPED	True	True	False	True	True
NUDT16	ENSG00000198585	NUDT16	10.4	6.6	13.8	3.9	26.0	25.6	9.9	MAPPED	True	True	True	True	True
NUDT2	ENSG00000164978	NUDT2	14.5	18.9	19.9	23.2	28.0	8.5	32.0	MAPPED	True	True	True	True	True
NUDT21	ENSG00000167005	NUDT21	4.1	6.8	7.0	0.0	6.0	4.3	5.1	MAPPED	True	True	True	True	True
NUDT5	ENSG00000165609	NUDT5	31.1	57.1	34.3	69.5	42.1	25.6	42.8	MAPPED	True	True	True	True	True
NUFIP1	ENSG00000083635	NUFIP1	45.5	9.8	8.2	3.9	4.0	8.5	8.5	MAPPED	True	True	True	True	True
NUFIP2	ENSG00000108256	NUFIP2	126.3	81.6	84.9	81.1	84.1	89.5	139.5	MAPPED	True	True	True	True	True
NUMBL	ENSG00000105245	NUMBL	0.0	12.3	10.3	15.5	16.0	0.0	2.4	MAPPED	True	False	False	True	True
NUP107	ENSG00000111581	NUP107	35.2	47.5	51.9	46.4	38.1	38.4	64.0	MAPPED	True	True	True	True	True
NUP133	ENSG00000069248	NUP133	49.7	39.4	46.9	42.5	38.1	34.1	45.0	MAPPED	True	True	True	True	True
NUP153	ENSG00000124789	NUP153	72.5	58.4	59.6	34.8	44.1	21.3	67.1	MAPPED	True	True	True	True	True
NUP155	ENSG00000113569	NUP155	22.8	28.2	23.5	46.4	28.0	12.8	34.6	MAPPED	True	True	True	True	True
NUP160	ENSG00000030066	NUP160	2.1	3.5	2.8	0.0	2.0	0.0	6.7	MAPPED	True	True	False	True	True
NUP188	ENSG00000095319	NUP188	24.8	20.4	20.9	7.7	26.0	8.5	26.6	MAPPED	True	True	True	True	True
NUP205	ENSG00000155561	NUP205	29.0	27.2	28.6	30.9	32.1	25.6	40.1	MAPPED	True	True	True	True	True
NUP210	ENSG00000132182	NUP210	24.8	90.6	32.1	92.7	70.1	25.6	28.8	MAPPED	True	True	True	True	True
NUP214	ENSG00000126883	NUP214	74.5	68.8	75.4	61.8	56.1	25.6	82.2	MAPPED	True	True	True	True	True
NUP35	ENSG00000163002	NUP35	18.6	19.6	23.7	11.6	4.0	8.5	27.8	MAPPED	True	True	True	True	True
NUP37	ENSG00000075188	NUP37	8.3	8.6	11.7	7.7	22.0	0.0	22.9	MAPPED	True	True	False	True	True
NUP42	ENSG00000136243	NUP42	49.7	30.9	36.6	23.2	34.1	38.4	48.3	MAPPED	True	True	True	True	True
NUP43	ENSG00000120253	NUP43	8.3	16.9	14.3	23.2	16.0	12.8	16.8	MAPPED	True	True	True	True	True
NUP50	ENSG00000093000	NUP50	8.3	11.9	13.6	7.7	12.0	34.1	20.6	MAPPED	True	True	True	True	True
NUP54	ENSG00000138750	NUP54	22.8	46.3	30.9	30.9	28.0	25.6	40.5	MAPPED	True	True	True	True	True
NUP58	ENSG00000139496	NUP58	43.5	64.2	53.6	57.9	60.1	46.9	91.1	MAPPED	True	True	True	True	True
NUP62	ENSG00000213024	NUP62	0.0	0.0	0.0	0.0	0.0	0.0	0.1	MAPPED	True	False	False	True	True
NUP85	ENSG00000125450	NUP85	12.4	14.1	19.1	19.3	26.0	8.5	20.6	MAPPED	True	True	True	True	True
NUP88	ENSG00000108559	NUP88	47.6	58.6	48.2	27.0	50.1	21.3	44.5	MAPPED	True	True	True	True	True
NUP93	ENSG00000102900	NUP93	18.6	95.5	173.5	112.0	80.1	17.1	45.8	MAPPED	True	True	True	True	True
NUP98	ENSG00000110713	NUP98	60.0	75.9	74.6	27.0	42.1	106.6	87.7	MAPPED	True	True	True	True	True
NUS1	ENSG00000153989	NUS1	41.4	35.7	35.4	19.3	24.0	34.1	37.3	MAPPED	True	True	True	True	True
NUTM2B	ENSG00000188199	NUTM2B	0.0	0.0	0.4	0.0	0.0	0.0	0.0	MAPPED	False	False	False	False	False
NXF5										UNMAPPED					
NXNL1	ENSG00000171773	NXNL1	0.0	0.7	0.1	0.0	0.0	0.0	2.4	MAPPED	True	False	False	True	True
NXNL2	ENSG00000130045	NXNL2	22.8	0.0	1.4	0.0	0.0	0.0	0.7	MAPPED	True	True	False	True	True
NYX	ENSG00000188937	NYX	0.0	0.0	31.9	0.0	2.0	4.3	0.1	MAPPED	True	False	True	True	True
OAT	ENSG00000065154	OAT	60.0	30.5	45.7	46.4	92.2	51.2	45.9	MAPPED	True	True	True	True	True
OCRL	ENSG00000122126	OCRL	16.6	24.7	16.5	7.7	22.0	55.4	22.4	MAPPED	True	True	True	True	True
ODF2	ENSG00000136811	ODF2	37.3	72.3	31.6	11.6	50.1	0.0	33.5	MAPPED	True	True	False	True	True
OFD1	ENSG00000046651	OFD1	80.7	44.6	63.7	38.6	42.1	55.4	108.6	MAPPED	True	True	True	True	True
OGDH	ENSG00000105953	OGDH	113.9	82.0	91.6	112.0	128.2	119.4	143.1	MAPPED	True	True	True	True	True
OGDHL	ENSG00000197444	OGDHL	14.5	26.2	22.2	11.6	20.0	38.4	10.1	MAPPED	True	True	True	True	True
OGFOD1	ENSG00000087263	OGFOD1	24.8	17.4	23.6	27.0	18.0	25.6	33.2	MAPPED	True	True	True	True	True
OGT	ENSG00000147162	OGT	33.1	63.0	44.9	54.1	52.1	51.2	42.8	MAPPED	True	True	True	True	True
OLIG2	ENSG00000205927	OLIG2	0.0	0.0	0.0	0.0	0.0	0.0	0.0	MAPPED	False	False	False	False	False
OMP	ENSG00000254550	OMP	0.0	0.0	0.0	0.0	0.0	0.0	0.0	MAPPED	False	False	False	False	False
ONECUT1	ENSG00000169856	ONECUT1	0.0	0.0	0.5	100.4	1041.8	0.0	1.0	MAPPED	True	False	False	True	True
OPHN1	ENSG00000079482	OPHN1	20.7	55.9	41.8	88.8	32.1	332.5	48.9	MAPPED	True	True	True	True	True
OPN1LW	ENSG00000102076	OPN1LW	1012.3	0.0	2.5	0.0	0.0	0.0	4.9	MAPPED	True	True	False	True	True
OPN1MW	ENSG00000268221	OPN1MW	29.0	0.0	0.0	0.0	0.0	0.0	0.2	MAPPED	True	True	False	True	True
OPN1MW3	ENSG00000269433	OPN1MW3	0.0	0.0	0.0	0.0	0.0	0.0	0.0	MAPPED	False	False	False	False	False
OPN1SW	ENSG00000128617	OPN1SW	182.2	0.0	3.7	0.0	0.0	4.3	1.1	MAPPED	True	True	True	True	True
OPN3	ENSG00000054277	OPN3	0.0	1.4	1.4	3.9	2.0	0.0	0.5	MAPPED	True	False	False	True	True
OPN4	ENSG00000122375	OPN4	0.0	0.0	0.0	0.0	0.0	0.0	0.0	MAPPED	False	False	False	False	False
OPN5	ENSG00000124818	OPN5	0.0	0.7	0.0	3.9	0.0	0.0	0.1	MAPPED	True	False	False	True	True
OPRM1	ENSG00000112038	OPRM1	2.1	32.5	1.4	3.9	4.0	0.0	2.2	MAPPED	True	True	False	True	True
OPTC	ENSG00000188770	OPTC	0.0	0.0	4.0	0.0	0.0	0.0	0.3	MAPPED	True	False	False	True	True
OPTN	ENSG00000123240	OPTN	26.9	55.2	35.2	100.4	86.1	25.6	112.4	MAPPED	True	True	True	True	True
OR10A4	ENSG00000170782	OR10A4	0.0	0.0	0.0	0.0	0.0	0.0	0.0	MAPPED	False	False	False	False	False
OR11H1	ENSG00000130538	OR11H1	0.0	0.0	0.0	0.0	0.0	0.0	0.0	MAPPED	False	False	False	False	False
OR11H12	ENSG00000257115	OR11H12	0.0	0.0	0.0	0.0	0.0	0.0	0.0	MAPPED	False	False	False	False	False
OR1G1	ENSG00000183024	OR1G1	0.0	0.0	0.0	0.0	0.0	0.0	0.0	MAPPED	False	False	False	False	False
OR2C1	ENSG00000168158	OR2C1	0.0	0.0	0.0	0.0	0.0	0.0	0.0	MAPPED	False	False	False	False	False
OR2M3	ENSG00000228198	OR2M3	0.0	0.0	1.9	3.9	0.0	0.0	0.2	MAPPED	True	False	False	True	True
OR2M4	ENSG00000171180	OR2M4	0.0	2.8	3.6	11.6	0.0	0.0	0.6	MAPPED	True	False	False	True	True
OR4E1	ENSG00000276240	OR4E1	0.0	0.0	0.0	0.0	0.0	0.0	0.0	MAPPED	False	False	False	False	False
OR51B2	ENSG00000279012	OR51B2	0.0	0.0	0.0	0.0	0.0	0.0	0.0	MAPPED	False	False	False	False	False
OR51F1	ENSG00000280021	OR51F1	0.0	0.0	0.0	0.0	0.0	0.0	0.0	MAPPED	False	False	False	False	False
OR52E4	ENSG00000180974	OR52E4	0.0	0.0	0.0	0.0	0.0	0.0	0.0	MAPPED	False	False	False	False	False
OR52L1	ENSG00000183313	OR52L1	0.0	0.0	0.0	0.0	0.0	0.0	0.0	MAPPED	False	False	False	False	False
OR56A5	ENSG00000188691	OR56A5	0.0	0.0	0.0	0.0	0.0	0.0	0.0	MAPPED	False	False	False	False	False
OR5B3	ENSG00000172769	OR5B3	0.0	0.0	0.0	0.0	0.0	0.0	0.0	MAPPED	False	False	False	False	False
OR6N1	ENSG00000197403	OR6N1	0.0	0.0	0.2	0.0	0.0	0.0	0.0	MAPPED	False	False	False	False	False
OR6N2	ENSG00000188340	OR6N2	0.0	0.0	0.0	0.0	0.0	0.0	0.1	MAPPED	True	False	False	True	True
ORC1	ENSG00000085840	ORC1	0.0	1.4	2.1	3.9	0.0	4.3	3.5	MAPPED	True	False	True	True	True
ORC2	ENSG00000115942	ORC2	58.0	98.5	95.9	92.7	76.1	59.7	76.7	MAPPED	True	True	True	True	True
ORC3	ENSG00000135336	ORC3	39.3	41.1	51.4	54.1	14.0	55.4	95.1	MAPPED	True	True	True	True	True
ORC4	ENSG00000115947	ORC4	86.9	93.7	100.8	73.4	98.2	42.6	99.3	MAPPED	True	True	True	True	True
ORC5	ENSG00000164815	ORC5	22.8	43.1	36.1	30.9	30.1	46.9	87.4	MAPPED	True	True	True	True	True
OS9	ENSG00000135506	OS9	80.7	50.1	51.7	34.8	48.1	59.7	42.5	MAPPED	True	True	True	True	True
OSBPL11	ENSG00000144909	OSBPL11	37.3	26.5	30.1	23.2	30.1	81.0	52.3	MAPPED	True	True	True	True	True
OSBPL6	ENSG00000079156	OSBPL6	101.4	184.0	240.3	359.2	52.1	4.3	32.5	MAPPED	True	True	True	True	True
OSTF1	ENSG00000134996	OSTF1	39.3	10.7	9.2	46.4	32.1	21.3	30.0	MAPPED	True	True	True	True	True
OTC	ENSG00000036473	OTC	0.0	2.1	1.0	3.9	2.0	0.0	1.2	MAPPED	True	False	False	True	True
OTOA	ENSG00000155719	OTOA	0.0	0.0	0.0	0.0	0.0	0.0	0.0	MAPPED	False	False	False	False	False
OTOF	ENSG00000115155	OTOF	0.0	0.7	0.8	3.9	0.0	0.0	0.3	MAPPED	True	False	False	True	True
OTOG	ENSG00000188162	OTOG	0.0	0.0	0.4	0.0	0.0	0.0	0.0	MAPPED	False	False	False	False	False
OTOGL	ENSG00000165899	OTOGL	0.0	3.4	0.3	3.9	2.0	0.0	0.8	MAPPED	True	False	False	True	True
OTX1	ENSG00000115507	OTX1	0.0	0.0	0.3	0.0	0.0	0.0	0.0	MAPPED	False	False	False	False	False
OTX2	ENSG00000165588	OTX2	269.1	5.4	316.8	11.6	2.0	264.3	357.2	MAPPED	True	True	True	True	True
OXSM	ENSG00000151093	OXSM	6.2	6.8	9.6	7.7	10.0	17.1	8.5	MAPPED	True	True	True	True	True
OXT	ENSG00000101405	OXT	0.0	0.0	0.0	0.0	0.0	0.0	0.0	MAPPED	False	False	False	False	False
OXTR	ENSG00000180914	OXTR	0.0	3.6	0.2	0.0	0.0	0.0	0.1	MAPPED	True	False	False	True	True
P2RX4	ENSG00000135124	P2RX4	12.4	16.9	14.9	3.9	26.0	25.6	10.9	MAPPED	True	True	True	True	True
P2RY12	ENSG00000169313	P2RY12	2.1	17.6	9.3	7.7	26.0	4.3	0.2	MAPPED	True	True	True	True	True
P3H3	ENSG00000110811	P3H3	80.7	15.9	54.1	23.2	96.2	12.8	33.8	MAPPED	True	True	True	True	True
PA2G4	ENSG00000170515	PA2G4	4.1	9.1	24.7	7.7	10.0	25.6	20.0	MAPPED	True	True	True	True	True
PABPC1	ENSG00000070756	PABPC1	60.0	47.2	71.1	77.3	112.2	123.6	90.2	MAPPED	True	True	True	True	True
PABPC3	ENSG00000151846	PABPC3	0.0	0.0	0.0	0.0	0.0	0.0	0.0	MAPPED	False	False	False	False	False
PABPN1	ENSG00000100836	PABPN1	0.0	0.0	0.4	0.0	0.0	0.0	1.0	MAPPED	True	False	False	True	True
PACRG	ENSG00000112530	PACRG	279.5	43.9	10.1	30.9	18.0	38.4	151.1	MAPPED	True	True	True	True	True
PACRGL	ENSG00000163138	PACRGL	82.8	34.9	40.8	11.6	38.1	29.8	64.4	MAPPED	True	True	True	True	True
PAFAH1B1	ENSG00000007168	PAFAH1B1	207.0	228.5	211.9	239.5	232.4	200.4	155.4	MAPPED	True	True	True	True	True
PAFAH1B2	ENSG00000168092	PAFAH1B2	51.8	51.5	40.8	42.5	48.1	38.4	50.0	MAPPED	True	True	True	True	True
PAICS	ENSG00000128050	PAICS	22.8	38.3	33.9	61.8	46.1	34.1	30.6	MAPPED	True	True	True	True	True
PAK1	ENSG00000149269	PAK1	120.1	95.9	195.8	42.5	2.0	63.9	5.4	MAPPED	True	True	True	True	True
PAK2	ENSG00000180370	PAK2	93.2	56.3	69.0	108.2	68.1	76.7	78.4	MAPPED	True	True	True	True	True
PAK3	ENSG00000077264	PAK3	4.1	129.4	333.6	30.9	0.0	0.0	3.2	MAPPED	True	True	False	True	True
PAK4	ENSG00000130669	PAK4	55.9	14.3	39.4	23.2	18.0	38.4	31.6	MAPPED	True	True	True	True	True
PAK5	ENSG00000101349	PAK5	103.5	126.9	55.8	57.9	607.0	0.0	2.2	MAPPED	True	True	False	True	True
PAK6	ENSG00000137843	PAK6	2.1	3.2	2.1	0.0	0.0	0.0	0.1	MAPPED	True	True	False	True	True
PALM3	ENSG00000187867	PALM3	0.0	0.0	0.0	0.0	0.0	0.0	0.0	MAPPED	False	False	False	False	False
PAM16	ENSG00000217930	PAM16	0.0	0.0	0.0	0.0	0.0	0.0	0.5	MAPPED	True	False	False	True	True
PAPOLA	ENSG00000090060	PAPOLA	80.7	61.4	67.9	73.4	80.1	140.7	109.6	MAPPED	True	True	True	True	True
PAPSS1	ENSG00000138801	PAPSS1	126.3	62.9	74.7	23.2	50.1	42.6	85.8	MAPPED	True	True	True	True	True
PAQR4	ENSG00000162073	PAQR4	49.7	1.8	5.9	7.7	6.0	85.3	73.5	MAPPED	True	True	True	True	True
PARD3	ENSG00000148498	PARD3	538.2	207.8	131.3	108.2	248.4	140.7	400.2	MAPPED	True	True	True	True	True
PARD6A	ENSG00000102981	PARD6A	2.1	5.5	5.7	0.0	14.0	0.0	3.3	MAPPED	True	True	False	True	True
PARK7	ENSG00000116288	PARK7	89.0	39.6	101.3	7.7	72.1	306.9	100.7	MAPPED	True	True	True	True	True
PARS2	ENSG00000162396	PARS2	0.0	1.4	2.6	0.0	16.0	4.3	1.7	MAPPED	True	False	True	True	True
PATJ	ENSG00000132849	PATJ	138.7	218.0	250.4	849.8	388.7	140.7	237.8	MAPPED	True	True	True	True	True
PATL1	ENSG00000166889	PATL1	22.8	17.7	22.4	19.3	16.0	34.1	27.0	MAPPED	True	True	True	True	True
PAX3	ENSG00000135903	PAX3	0.0	0.0	0.0	0.0	0.0	0.0	0.0	MAPPED	False	False	False	False	False
PAX4	ENSG00000106331	PAX4	0.0	0.0	0.0	0.0	0.0	0.0	0.0	MAPPED	False	False	False	False	False
PAX6	ENSG00000007372	PAX6	2.1	493.4	4.8	220.2	232.4	42.6	5.8	MAPPED	True	True	True	True	True
PAXX	ENSG00000148362	PAXX	18.6	11.0	14.6	0.0	18.0	29.8	29.8	MAPPED	True	True	True	True	True
PC	ENSG00000173599	PC	24.8	13.6	20.4	23.2	8.0	51.2	14.8	MAPPED	True	True	True	True	True
PCARE	ENSG00000179270	PCARE	39.3	3.2	4.4	0.0	0.0	0.0	44.0	MAPPED	True	True	False	True	True
PCBP1	ENSG00000169564	PCBP1	12.4	14.2	34.1	3.9	38.1	136.4	32.2	MAPPED	True	True	True	True	True
PCBP2	ENSG00000197111	PCBP2	66.2	36.2	63.8	3.9	68.1	179.0	158.6	MAPPED	True	True	True	True	True
PCDH15	ENSG00000150275	PCDH15	1968.7	210.1	111.0	185.4	52.1	0.0	2705.9	MAPPED	True	True	False	True	True
PCDH9	ENSG00000184226	PCDH9	24.8	1473.6	1531.0	3001.4	815.4	17.1	26.2	MAPPED	True	True	True	True	True
PCF11	ENSG00000165494	PCF11	49.7	35.4	40.5	0.0	42.1	42.6	47.5	MAPPED	True	True	True	True	True
PCGF1	ENSG00000115289	PCGF1	4.1	1.4	3.8	0.0	2.0	0.0	5.5	MAPPED	True	True	False	True	True
PCGF2	ENSG00000277258	PCGF2	0.0	0.7	1.0	0.0	0.0	0.0	0.3	MAPPED	True	False	False	True	True
PCGF3	ENSG00000185619	PCGF3	18.6	42.9	41.9	7.7	32.1	8.5	23.3	MAPPED	True	True	True	True	True
PCGF5	ENSG00000180628	PCGF5	115.9	126.4	148.7	61.8	170.3	89.5	137.5	MAPPED	True	True	True	True	True
PCGF6	ENSG00000156374	PCGF6	14.5	28.3	25.7	19.3	18.0	0.0	20.7	MAPPED	True	True	False	True	True
PCK2	ENSG00000100889	PCK2	0.0	0.0	0.0	0.0	0.0	0.0	0.2	MAPPED	True	False	False	True	True
PCLO	ENSG00000186472	PCLO	412.0	693.1	299.9	351.5	288.5	277.1	322.1	MAPPED	True	True	True	True	True
PCM1	ENSG00000078674	PCM1	343.6	212.9	307.4	142.9	224.4	200.4	293.1	MAPPED	True	True	True	True	True
PCNT	ENSG00000160299	PCNT	12.4	18.5	16.5	54.1	38.1	12.8	15.1	MAPPED	True	True	True	True	True
PCSK2	ENSG00000125851	PCSK2	4.1	65.5	76.4	212.5	320.5	8.5	4.3	MAPPED	True	True	True	True	True
PCSK5	ENSG00000099139	PCSK5	0.0	40.7	42.9	88.8	675.1	12.8	4.7	MAPPED	True	False	True	True	True
PDC	ENSG00000116703	PDC	621.0	8.2	16.5	0.0	6.0	0.0	903.8	MAPPED	True	True	False	True	True
PDCD11	ENSG00000148843	PDCD11	33.1	18.8	17.1	7.7	16.0	17.1	17.9	MAPPED	True	True	True	True	True
PDCD6	ENSG00000249915	PDCD6	0.0	0.0	0.0	0.0	0.0	0.0	0.0	MAPPED	False	False	False	False	False
PDE10A	ENSG00000112541	PDE10A	0.0	249.6	330.7	30.9	627.1	0.0	6.1	MAPPED	True	False	False	True	True
PDE11A	ENSG00000128655	PDE11A	0.0	13.3	12.4	11.6	6.0	0.0	5.3	MAPPED	True	False	False	True	True
PDE1A	ENSG00000115252	PDE1A	0.0	7.9	170.1	34.8	2.0	8.5	1.7	MAPPED	True	False	True	True	True
PDE1B	ENSG00000123360	PDE1B	0.0	15.6	1.0	0.0	20.0	0.0	0.3	MAPPED	True	False	False	True	True
PDE1C	ENSG00000154678	PDE1C	380.9	77.7	687.4	42.5	10.0	289.9	5.5	MAPPED	True	True	True	True	True
PDE2A	ENSG00000186642	PDE2A	0.0	4.8	7.3	7.7	2.0	0.0	0.4	MAPPED	True	False	False	True	True
PDE3A	ENSG00000172572	PDE3A	2.1	730.9	581.8	158.4	1166.0	8.5	5.5	MAPPED	True	True	True	True	True
PDE3B	ENSG00000152270	PDE3B	0.0	14.0	1.8	69.5	12.0	17.1	3.4	MAPPED	True	False	True	True	True
PDE4A	ENSG00000065989	PDE4A	2.1	40.0	28.3	23.2	34.1	4.3	1.6	MAPPED	True	True	True	True	True
PDE4B	ENSG00000184588	PDE4B	2.1	251.4	1183.4	621.9	1765.0	507.3	8.1	MAPPED	True	True	True	True	True
PDE5A	ENSG00000138735	PDE5A	217.4	173.7	216.0	173.8	210.4	4.3	252.3	MAPPED	True	True	True	True	True
PDE6A	ENSG00000132915	PDE6A	35.2	70.1	51.5	262.7	162.3	8.5	6364.0	MAPPED	True	True	True	True	True
PDE6B	ENSG00000133256	PDE6B	105.6	42.0	49.4	34.8	28.0	42.6	628.1	MAPPED	True	True	True	True	True
PDE6C	ENSG00000095464	PDE6C	262.9	3.2	7.0	3.9	6.0	0.0	5.0	MAPPED	True	True	False	True	True
PDE6D	ENSG00000156973	PDE6D	122.1	22.6	30.2	15.5	32.1	17.1	120.6	MAPPED	True	True	True	True	True
PDE6G	ENSG00000185527	PDE6G	4.1	16.7	33.8	57.9	28.0	68.2	3181.6	MAPPED	True	True	True	True	True
PDE6H	ENSG00000139053	PDE6H	2260.6	1.4	11.1	0.0	0.0	0.0	34.6	MAPPED	True	True	False	True	True
PDE7B	ENSG00000171408	PDE7B	2.1	258.4	24.7	7.7	118.2	12.8	7.5	MAPPED	True	True	True	True	True
PDE9A	ENSG00000160191	PDE9A	0.0	136.6	139.2	34.8	202.3	4.3	2.5	MAPPED	True	False	True	True	True
PDGFC	ENSG00000145431	PDGFC	0.0	2.8	28.8	7.7	0.0	200.4	0.6	MAPPED	True	False	True	True	True
PDGFRB	ENSG00000113721	PDGFRB	0.0	2.6	3.4	7.7	4.0	68.2	0.2	MAPPED	True	False	True	True	True
PDHA1	ENSG00000131828	PDHA1	58.0	23.1	45.2	30.9	20.0	42.6	65.8	MAPPED	True	True	True	True	True
PDHA2	ENSG00000163114	PDHA2	0.0	0.0	0.0	0.0	0.0	0.0	0.0	MAPPED	False	False	False	False	False
PDHB	ENSG00000168291	PDHB	10.4	16.9	18.4	7.7	38.1	68.2	21.4	MAPPED	True	True	True	True	True
PDHX	ENSG00000110435	PDHX	72.5	73.2	62.9	85.0	88.1	46.9	79.7	MAPPED	True	True	True	True	True
PDK1	ENSG00000152256	PDK1	47.6	46.3	35.9	77.3	70.1	8.5	38.4	MAPPED	True	True	True	True	True
PDK4	ENSG00000004799	PDK4	0.0	0.0	0.0	0.0	0.0	29.8	0.1	MAPPED	True	False	True	True	True
PDS5A	ENSG00000121892	PDS5A	151.1	143.9	150.1	173.8	152.3	93.8	149.1	MAPPED	True	True	True	True	True
PDS5B	ENSG00000083642	PDS5B	78.7	175.1	122.9	104.3	144.2	63.9	75.7	MAPPED	True	True	True	True	True
PDSS1	ENSG00000148459	PDSS1	26.9	22.8	19.1	19.3	36.1	4.3	22.2	MAPPED	True	True	True	True	True
PDSS2	ENSG00000164494	PDSS2	97.3	79.0	76.8	139.1	76.1	89.5	102.1	MAPPED	True	True	True	True	True
PDYN	ENSG00000101327	PDYN	2.1	0.0	0.2	0.0	0.0	0.0	0.1	MAPPED	True	True	False	True	True
PDZD4	ENSG00000067840	PDZD4	10.4	18.1	13.9	0.0	6.0	0.0	14.9	MAPPED	True	True	False	True	True
PDZD7	ENSG00000186862	PDZD7	8.3	26.9	14.3	38.6	10.0	0.0	5.4	MAPPED	True	True	False	True	True
PEBP1	ENSG00000089220	PEBP1	132.5	201.1	299.3	50.2	418.7	1168.1	142.8	MAPPED	True	True	True	True	True
PEBP4	ENSG00000134020	PEBP4	8.3	34.5	18.5	7.7	6.0	85.3	2.2	MAPPED	True	True	True	True	True
PEF1	ENSG00000162517	PEF1	6.2	9.0	27.5	3.9	22.0	12.8	14.1	MAPPED	True	True	True	True	True
PELO	ENSG00000152684	PELO	0.0	0.0	0.0	0.0	0.0	0.0	0.0	MAPPED	False	False	False	False	False
PELP1	ENSG00000141456	PELP1	14.5	29.1	26.4	19.3	40.1	34.1	20.6	MAPPED	True	True	True	True	True
PER2	ENSG00000132326	PER2	14.5	41.2	41.1	19.3	30.1	4.3	23.6	MAPPED	True	True	True	True	True
PES1	ENSG00000100029	PES1	10.4	8.8	10.6	3.9	6.0	17.1	29.7	MAPPED	True	True	True	True	True
PET100	ENSG00000229833	PET100	20.7	3.9	16.3	3.9	12.0	102.3	37.0	MAPPED	True	True	True	True	True
PEX19	ENSG00000162735	PEX19	0.0	0.0	0.5	0.0	0.0	0.0	1.0	MAPPED	True	False	False	True	True
PFDN1	ENSG00000113068	PFDN1	35.2	37.5	34.6	15.5	36.1	34.1	35.9	MAPPED	True	True	True	True	True
PFDN5	ENSG00000123349	PFDN5	2.1	0.7	0.0	0.0	0.0	0.0	0.3	MAPPED	True	True	False	True	True
PFKFB1	ENSG00000158571	PFKFB1	4.1	0.0	0.7	3.9	4.0	0.0	1.1	MAPPED	True	True	False	True	True
PFKFB2	ENSG00000123836	PFKFB2	8.3	14.5	9.6	11.6	6.0	162.0	174.6	MAPPED	True	True	True	True	True
PFKFB3	ENSG00000170525	PFKFB3	128.3	28.3	21.6	3.9	18.0	93.8	5.6	MAPPED	True	True	True	True	True
PFKFB4	ENSG00000114268	PFKFB4	29.0	22.5	35.8	65.7	58.1	12.8	25.1	MAPPED	True	True	True	True	True
PFKL	ENSG00000141959	PFKL	45.5	29.4	52.2	27.0	16.0	166.3	33.3	MAPPED	True	True	True	True	True
PFKM	ENSG00000152556	PFKM	45.5	33.6	30.4	19.3	64.1	17.1	32.6	MAPPED	True	True	True	True	True
PFKP	ENSG00000067057	PFKP	80.7	57.8	33.1	81.1	20.0	4.3	145.3	MAPPED	True	True	True	True	True
PFN1	ENSG00000108518	PFN1	2.1	5.5	14.4	0.0	22.0	63.9	12.5	MAPPED	True	True	True	True	True
PFN2	ENSG00000070087	PFN2	6.2	5.0	6.5	23.2	4.0	0.0	7.4	MAPPED	True	True	False	True	True
PGAM1	ENSG00000171314	PGAM1	60.0	32.5	38.5	85.0	52.1	34.1	102.8	MAPPED	True	True	True	True	True
PGAM2	ENSG00000164708	PGAM2	8.3	3.4	22.0	0.0	4.0	0.0	4.1	MAPPED	True	True	False	True	True
PGAM4	ENSG00000226784	PGAM4	0.0	0.0	0.0	0.0	0.0	0.0	0.1	MAPPED	True	False	False	True	True
PGD	ENSG00000142657	PGD	49.7	14.1	11.6	27.0	12.0	81.0	47.9	MAPPED	True	True	True	True	True
PGK1	ENSG00000102144	PGK1	227.7	103.0	152.8	96.6	194.3	127.9	156.6	MAPPED	True	True	True	True	True
PGK2	ENSG00000170950	PGK2	0.0	0.0	0.0	0.0	0.0	0.0	0.0	MAPPED	False	False	False	False	False
PGM1	ENSG00000079739	PGM1	47.6	26.2	19.8	11.6	16.0	4.3	44.1	MAPPED	True	True	True	True	True
PGM2	ENSG00000169299	PGM2	14.5	7.0	8.4	0.0	12.0	8.5	11.1	MAPPED	True	True	True	True	True
PGM3	ENSG00000013375	PGM3	35.2	33.5	27.2	30.9	22.0	8.5	45.9	MAPPED	True	True	True	True	True
PGM5	ENSG00000154330	PGM5	16.6	7.8	243.8	7.7	6.0	200.4	4.8	MAPPED	True	True	True	True	True
PGR	ENSG00000082175	PGR	0.0	13.8	5.6	0.0	0.0	25.6	0.8	MAPPED	True	False	True	True	True
PHACTR2	ENSG00000112419	PHACTR2	2.1	141.6	80.0	38.6	90.2	878.2	2.1	MAPPED	True	True	True	True	True
PHB										UNMAPPED					
PHC1	ENSG00000111752	PHC1	24.8	20.4	25.5	7.7	22.0	12.8	29.3	MAPPED	True	True	True	True	True
PHC2	ENSG00000134686	PHC2	192.5	84.8	206.7	81.1	300.5	93.8	299.4	MAPPED	True	True	True	True	True
PHC3	ENSG00000173889	PHC3	219.4	127.3	143.3	119.7	188.3	102.3	320.4	MAPPED	True	True	True	True	True
PHF11	ENSG00000136147	PHF11	8.3	18.9	6.7	27.0	16.0	12.8	10.2	MAPPED	True	True	True	True	True
PHF20	ENSG00000025293	PHF20	242.2	85.6	110.5	177.7	132.2	63.9	155.5	MAPPED	True	True	True	True	True
PHF5A	ENSG00000100410	PHF5A	12.4	6.4	18.7	7.7	6.0	17.1	18.6	MAPPED	True	True	True	True	True
PHF6	ENSG00000156531	PHF6	29.0	28.5	27.8	15.5	26.0	12.8	32.6	MAPPED	True	True	True	True	True
PHGDH	ENSG00000092621	PHGDH	0.0	7.9	0.7	0.0	0.0	59.7	1.2	MAPPED	True	False	True	True	True
PHIP	ENSG00000146247	PHIP	223.6	335.8	298.5	208.6	274.5	127.9	308.1	MAPPED	True	True	True	True	True
PI15	ENSG00000137558	PI15	0.0	0.0	0.0	7.7	0.0	0.0	0.7	MAPPED	True	False	False	True	True
PI4K2A	ENSG00000155252	PI4K2A	6.2	5.5	8.9	0.0	8.0	17.1	4.7	MAPPED	True	True	True	True	True
PI4K2B	ENSG00000038210	PI4K2B	33.1	18.5	21.0	23.2	12.0	17.1	40.9	MAPPED	True	True	True	True	True
PI4KA	ENSG00000241973	PI4KA	167.7	251.7	180.3	312.9	210.4	162.0	141.1	MAPPED	True	True	True	True	True
PI4KB	ENSG00000143393	PI4KB	51.8	40.8	42.8	30.9	32.1	25.6	40.8	MAPPED	True	True	True	True	True
PIAS1	ENSG00000033800	PIAS1	318.8	130.0	238.8	142.9	106.2	98.0	336.8	MAPPED	True	True	True	True	True
PIAS2	ENSG00000078043	PIAS2	89.0	108.6	70.1	85.0	58.1	89.5	48.9	MAPPED	True	True	True	True	True
PIAS3	ENSG00000131788	PIAS3	8.3	13.8	11.1	0.0	10.0	29.8	15.3	MAPPED	True	True	True	True	True
PIAS4	ENSG00000105229	PIAS4	10.4	21.4	14.8	15.5	24.0	8.5	17.5	MAPPED	True	True	True	True	True
PIBF1	ENSG00000083535	PIBF1	169.7	106.0	142.7	123.6	122.2	98.0	200.2	MAPPED	True	True	True	True	True
PIFO	ENSG00000173947	PIFO	4.1	1.4	0.5	0.0	0.0	12.8	2.1	MAPPED	True	True	True	True	True
PIGBOS1	ENSG00000225973	PIGBOS1	2.1	0.0	1.2	3.9	2.0	0.0	1.6	MAPPED	True	True	False	True	True
PIH1D1	ENSG00000104872	PIH1D1	26.9	19.6	27.5	7.7	14.0	34.1	29.7	MAPPED	True	True	True	True	True
PIH1D3										UNMAPPED					
PIK3C2A	ENSG00000011405	PIK3C2A	155.3	147.0	157.8	166.1	136.2	170.5	132.9	MAPPED	True	True	True	True	True
PIK3C2B	ENSG00000133056	PIK3C2B	0.0	38.6	43.4	54.1	36.1	8.5	0.9	MAPPED	True	False	True	True	True
PIK3C2G	ENSG00000139144	PIK3C2G	2.1	5.6	0.5	3.9	0.0	12.8	1.1	MAPPED	True	True	True	True	True
PIK3CA	ENSG00000121879	PIK3CA	68.3	53.0	58.5	54.1	40.1	38.4	78.5	MAPPED	True	True	True	True	True
PIK3CB	ENSG00000051382	PIK3CB	190.5	71.6	74.9	127.5	62.1	162.0	124.9	MAPPED	True	True	True	True	True
PIK3CD	ENSG00000171608	PIK3CD	2.1	5.7	3.1	23.2	4.0	17.1	3.8	MAPPED	True	True	True	True	True
PIK3CG	ENSG00000105851	PIK3CG	0.0	0.0	0.0	0.0	0.0	0.0	0.1	MAPPED	True	False	False	True	True
PIK3R1	ENSG00000145675	PIK3R1	29.0	102.0	44.7	61.8	50.1	55.4	100.6	MAPPED	True	True	True	True	True
PIK3R2	ENSG00000105647	PIK3R2	0.0	0.0	0.0	0.0	0.0	0.0	0.0	MAPPED	False	False	False	False	False
PIK3R3	ENSG00000117461	PIK3R3	2.1	9.5	11.1	0.0	0.0	4.3	2.6	MAPPED	True	True	True	True	True
PIKFYVE	ENSG00000115020	PIKFYVE	47.6	76.1	60.0	65.7	44.1	63.9	74.3	MAPPED	True	True	True	True	True
PIP4K2A	ENSG00000150867	PIP4K2A	35.2	57.1	18.1	57.9	62.1	34.1	63.1	MAPPED	True	True	True	True	True
PIP4K2B	ENSG00000276293	PIP4K2B	0.0	0.0	0.9	0.0	2.0	0.0	0.3	MAPPED	True	False	False	True	True
PIP4K2C	ENSG00000166908	PIP4K2C	37.3	13.2	23.5	7.7	16.0	42.6	30.0	MAPPED	True	True	True	True	True
PIP4P1	ENSG00000165782	PIP4P1	22.8	27.1	43.3	0.0	32.1	17.1	19.4	MAPPED	True	True	True	True	True
PIP4P2	ENSG00000155099	PIP4P2	8.3	46.5	19.4	27.0	60.1	200.4	1.4	MAPPED	True	True	True	True	True
PIP5K1A	ENSG00000143398	PIP5K1A	244.3	85.8	131.3	154.5	124.2	123.6	176.8	MAPPED	True	True	True	True	True
PIP5K1B	ENSG00000107242	PIP5K1B	0.0	17.8	39.5	96.6	2.0	626.7	3.8	MAPPED	True	False	True	True	True
PIP5K1C	ENSG00000186111	PIP5K1C	55.9	48.5	68.9	23.2	26.0	25.6	59.3	MAPPED	True	True	True	True	True
PIP5KL1	ENSG00000167103	PIP5KL1	0.0	1.4	0.7	3.9	0.0	0.0	0.2	MAPPED	True	False	False	True	True
PISD	ENSG00000241878	PISD	60.0	34.6	47.6	50.2	30.1	17.1	70.4	MAPPED	True	True	True	True	True
PITPNA	ENSG00000174238	PITPNA	43.5	78.2	69.9	115.9	108.2	1334.3	48.5	MAPPED	True	True	True	True	True
PITPNC1	ENSG00000154217	PITPNC1	8.3	149.4	185.0	85.0	500.8	196.1	335.8	MAPPED	True	True	True	True	True
PITPNM1	ENSG00000110697	PITPNM1	31.1	15.3	27.7	0.0	22.0	17.1	31.4	MAPPED	True	True	True	True	True
PITPNM3	ENSG00000091622	PITPNM3	12.4	14.4	27.3	11.6	10.0	25.6	35.1	MAPPED	True	True	True	True	True
PITRM1	ENSG00000107959	PITRM1	20.7	14.7	19.3	34.8	26.0	21.3	36.2	MAPPED	True	True	True	True	True
PJVK	ENSG00000204311	PJVK	14.5	13.8	12.4	50.2	2.0	4.3	13.8	MAPPED	True	True	True	True	True
PKD1	ENSG00000008710	PKD1	18.6	69.5	46.6	77.3	78.1	8.5	15.5	MAPPED	True	True	True	True	True
PKD2	ENSG00000118762	PKD2	180.1	114.9	108.7	115.9	168.3	34.1	11.7	MAPPED	True	True	True	True	True
PKDCC	ENSG00000162878	PKDCC	14.5	0.0	3.6	0.0	0.0	17.1	97.1	MAPPED	True	True	True	True	True
PKHD1	ENSG00000170927	PKHD1	18.6	4.1	2.4	0.0	0.0	170.5	1.6	MAPPED	True	True	True	True	True
PKHD1L1	ENSG00000205038	PKHD1L1	0.0	0.0	0.3	0.0	0.0	0.0	0.2	MAPPED	True	False	False	True	True
PKLR	ENSG00000143627	PKLR	0.0	0.0	0.0	0.0	0.0	0.0	0.0	MAPPED	False	False	False	False	False
PKM	ENSG00000067225	PKM	788.7	199.2	296.1	108.2	520.9	289.9	567.9	MAPPED	True	True	True	True	True
PKP1	ENSG00000081277	PKP1	0.0	0.0	34.4	0.0	2.0	51.2	32.5	MAPPED	True	False	True	True	True
PLA2G6	ENSG00000184381	PLA2G6	10.4	24.9	19.7	19.3	18.0	4.3	13.3	MAPPED	True	True	True	True	True
PLAAT1	ENSG00000127252	PLAAT1	140.8	0.7	19.7	7.7	2.0	25.6	2.0	MAPPED	True	True	True	True	True
PLAAT2	ENSG00000133328	PLAAT2	0.0	0.0	0.0	0.0	0.0	0.0	0.0	MAPPED	False	False	False	False	False
PLCB1	ENSG00000182621	PLCB1	0.0	387.6	11.3	1560.6	10.0	34.1	5.3	MAPPED	True	False	True	True	True
PLCB2	ENSG00000137841	PLCB2	0.0	0.0	0.0	0.0	0.0	0.0	0.1	MAPPED	True	False	False	True	True
PLCB3	ENSG00000149782	PLCB3	0.0	2.1	3.0	0.0	4.0	4.3	1.2	MAPPED	True	False	True	True	True
PLCB4	ENSG00000101333	PLCB4	0.0	668.2	674.0	92.7	1170.0	584.0	7.4	MAPPED	True	False	True	True	True
PLCD1	ENSG00000187091	PLCD1	2.1	4.9	1.5	0.0	10.0	8.5	1.1	MAPPED	True	True	True	True	True
PLCD3	ENSG00000161714	PLCD3	45.5	5.9	26.7	0.0	4.0	0.0	46.9	MAPPED	True	True	False	True	True
PLCD4	ENSG00000115556	PLCD4	296.0	49.0	300.4	57.9	28.0	0.0	311.7	MAPPED	True	True	False	True	True
PLCE1	ENSG00000138193	PLCE1	2.1	31.2	11.7	7.7	8.0	443.3	12.8	MAPPED	True	True	True	True	True
PLCG1	ENSG00000124181	PLCG1	10.4	26.8	18.4	15.5	42.1	21.3	8.3	MAPPED	True	True	True	True	True
PLCG2	ENSG00000197943	PLCG2	0.0	0.0	0.0	0.0	0.0	0.0	0.0	MAPPED	False	False	False	False	False
PLCH1	ENSG00000114805	PLCH1	91.1	419.3	25.7	3.9	234.4	136.4	41.5	MAPPED	True	True	True	True	True
PLCH2	ENSG00000149527	PLCH2	2.1	0.0	2.8	3.9	0.0	0.0	4.0	MAPPED	True	True	False	True	True
PLCZ1	ENSG00000139151	PLCZ1	0.0	0.8	0.1	0.0	0.0	0.0	0.1	MAPPED	True	False	False	True	True
PLEC	ENSG00000178209	PLEC	8.3	25.8	11.9	42.5	32.1	38.4	10.5	MAPPED	True	True	True	True	True
PLEK	ENSG00000115956	PLEK	0.0	0.0	0.0	0.0	0.0	0.0	0.2	MAPPED	True	False	False	True	True
PLEKHB1	ENSG00000021300	PLEKHB1	505.1	4.2	13.0	3.9	10.0	648.0	397.3	MAPPED	True	True	True	True	True
PLEKHH2	ENSG00000152527	PLEKHH2	0.0	3.7	0.7	0.0	4.0	29.8	1.1	MAPPED	True	False	True	True	True
PLIN2	ENSG00000147872	PLIN2	0.0	1.4	4.1	3.9	16.0	51.2	5.3	MAPPED	True	False	True	True	True
PLIN5	ENSG00000214456	PLIN5	0.0	0.0	0.7	3.9	0.0	25.6	0.5	MAPPED	True	False	True	True	True
PLK1	ENSG00000166851	PLK1	6.2	0.0	0.6	0.0	2.0	0.0	1.3	MAPPED	True	True	False	True	True
PLK4	ENSG00000142731	PLK4	10.4	2.5	3.4	0.0	0.0	0.0	5.8	MAPPED	True	True	False	True	True
PLLP	ENSG00000102934	PLLP	0.0	1.9	2.4	7.7	4.0	17.1	3.0	MAPPED	True	False	True	True	True
PLP1	ENSG00000123560	PLP1	0.0	2.1	1.7	3.9	0.0	0.0	1.1	MAPPED	True	False	False	True	True
PLPP1	ENSG00000067113	PLPP1	99.4	65.3	75.3	65.7	32.1	8.5	78.4	MAPPED	True	True	True	True	True
PLPP2	ENSG00000141934	PLPP2	0.0	5.4	4.2	7.7	2.0	8.5	116.9	MAPPED	True	False	True	True	True
PLPP3	ENSG00000162407	PLPP3	0.0	13.8	6.9	7.7	0.0	0.0	6.1	MAPPED	True	False	False	True	True
PLPP4	ENSG00000203805	PLPP4	0.0	1.4	0.5	0.0	0.0	0.0	0.1	MAPPED	True	False	False	True	True
PLPP5	ENSG00000147535	PLPP5	14.5	10.5	4.3	3.9	38.1	132.2	0.9	MAPPED	True	True	True	True	True
PLPPR1	ENSG00000148123	PLPPR1	0.0	0.0	0.0	0.0	0.0	0.0	0.0	MAPPED	False	False	False	False	False
PLPPR2	ENSG00000105520	PLPPR2	2.1	19.4	3.6	11.6	6.0	8.5	3.7	MAPPED	True	True	True	True	True
PLPPR3	ENSG00000129951	PLPPR3	0.0	5.6	1.4	3.9	4.0	0.0	0.3	MAPPED	True	False	False	True	True
PLPPR4	ENSG00000117600	PLPPR4	2.1	48.1	12.2	0.0	62.1	4.3	13.9	MAPPED	True	True	True	True	True
PLPPR5	ENSG00000117598	PLPPR5	2.1	147.6	29.5	0.0	14.0	0.0	4.8	MAPPED	True	True	False	True	True
PLRG1	ENSG00000171566	PLRG1	8.3	8.3	19.5	3.9	36.1	21.3	16.9	MAPPED	True	True	True	True	True
PLSCR1	ENSG00000188313	PLSCR1	0.0	4.2	1.0	0.0	0.0	0.0	0.7	MAPPED	True	False	False	True	True
PLXNA1	ENSG00000114554	PLXNA1	4.1	17.9	1.9	0.0	16.0	0.0	2.0	MAPPED	True	True	False	True	True
PLXNB1	ENSG00000164050	PLXNB1	0.0	2.1	1.2	3.9	0.0	55.4	4.0	MAPPED	True	False	True	True	True
PMEL	ENSG00000185664	PMEL	2.1	0.7	0.4	0.0	4.0	780.1	3.2	MAPPED	True	True	True	True	True
PML	ENSG00000140464	PML	4.1	13.0	6.7	11.6	2.0	8.5	8.4	MAPPED	True	True	True	True	True
PMM1	ENSG00000100417	PMM1	20.7	11.8	10.9	11.6	12.0	12.8	16.4	MAPPED	True	True	True	True	True
PMM2	ENSG00000140650	PMM2	10.4	21.4	20.6	27.0	34.1	38.4	21.0	MAPPED	True	True	True	True	True
PMPCA	ENSG00000165688	PMPCA	16.6	9.0	15.5	23.2	10.0	34.1	14.4	MAPPED	True	True	True	True	True
PMPCB	ENSG00000105819	PMPCB	33.1	30.8	42.0	27.0	38.1	25.6	40.8	MAPPED	True	True	True	True	True
PMVK	ENSG00000163344	PMVK	26.9	18.4	40.7	3.9	36.1	89.5	31.2	MAPPED	True	True	True	True	True
PNKD	ENSG00000127838	PNKD	16.6	22.7	32.8	11.6	44.1	153.5	20.2	MAPPED	True	True	True	True	True
PNN	ENSG00000100941	PNN	58.0	101.2	126.9	57.9	94.2	98.0	108.9	MAPPED	True	True	True	True	True
PNOC	ENSG00000168081	PNOC	2.1	0.7	2.1	0.0	0.0	0.0	0.6	MAPPED	True	True	False	True	True
PNP	ENSG00000198805	PNP	14.5	4.3	5.6	11.6	16.0	4.3	15.3	MAPPED	True	True	True	True	True
PNPLA4	ENSG00000006757	PNPLA4	4.1	2.5	7.6	0.0	0.0	46.9	10.9	MAPPED	True	True	True	True	True
PNPT1	ENSG00000138035	PNPT1	35.2	45.2	46.3	54.1	42.1	42.6	52.6	MAPPED	True	True	True	True	True
POC1A	ENSG00000164087	POC1A	4.1	4.4	2.0	3.9	4.0	0.0	0.3	MAPPED	True	True	False	True	True
POC1B	ENSG00000139323	POC1B	89.0	26.4	22.5	38.6	4.0	4.3	101.4	MAPPED	True	True	True	True	True
POC5	ENSG00000152359	POC5	29.0	25.3	24.3	19.3	22.0	4.3	100.3	MAPPED	True	True	True	True	True
POLDIP2	ENSG00000004142	POLDIP2	22.8	19.1	25.4	30.9	22.0	21.3	25.7	MAPPED	True	True	True	True	True
POLDIP3	ENSG00000100227	POLDIP3	0.0	4.9	9.8	0.0	6.0	12.8	4.2	MAPPED	True	False	True	True	True
POLG	ENSG00000140521	POLG	2.1	13.5	12.5	23.2	8.0	8.5	12.4	MAPPED	True	True	True	True	True
POLR1B	ENSG00000125630	POLR1B	8.3	23.0	17.7	0.0	28.0	17.1	17.9	MAPPED	True	True	True	True	True
POLR2A	ENSG00000181222	POLR2A	4.1	0.8	3.1	3.9	0.0	8.5	5.4	MAPPED	True	True	True	True	True
POLR2B	ENSG00000047315	POLR2B	43.5	43.7	48.9	34.8	60.1	46.9	55.8	MAPPED	True	True	True	True	True
POLR2C	ENSG00000102978	POLR2C	26.9	23.6	49.8	3.9	30.1	25.6	44.5	MAPPED	True	True	True	True	True
POLR3B	ENSG00000013503	POLR3B	29.0	22.4	22.1	30.9	34.1	17.1	38.6	MAPPED	True	True	True	True	True
POLR3F	ENSG00000132664	POLR3F	8.3	17.8	18.6	23.2	14.0	4.3	18.3	MAPPED	True	True	True	True	True
POLRMT	ENSG00000099821	POLRMT	8.3	4.1	16.0	0.0	14.0	4.3	8.7	MAPPED	True	True	True	True	True
POM121	ENSG00000196313	POM121	124.2	45.9	60.2	100.4	58.1	55.4	71.5	MAPPED	True	True	True	True	True
POM121C	ENSG00000272391	POM121C	86.9	45.8	49.6	65.7	38.1	25.6	53.6	MAPPED	True	True	True	True	True
POMC	ENSG00000115138	POMC	4.1	0.0	1.8	0.0	4.0	4.3	2.4	MAPPED	True	True	True	True	True
POMGNT1	ENSG00000085998	POMGNT1	16.6	24.3	20.9	38.6	16.0	21.3	13.5	MAPPED	True	True	True	True	True
POMGNT2	ENSG00000144647	POMGNT2	2.1	18.0	14.0	3.9	2.0	17.1	5.3	MAPPED	True	True	True	True	True
POMK	ENSG00000185900	POMK	14.5	17.8	15.5	7.7	22.0	0.0	18.9	MAPPED	True	True	False	True	True
POMT1	ENSG00000130714	POMT1	18.6	27.2	18.3	54.1	24.0	8.5	23.6	MAPPED	True	True	True	True	True
POMT2	ENSG00000009830	POMT2	47.6	10.7	17.8	27.0	12.0	34.1	34.5	MAPPED	True	True	True	True	True
POR	ENSG00000127948	POR	37.3	46.1	36.6	15.5	32.1	25.6	37.4	MAPPED	True	True	True	True	True
POT1	ENSG00000128513	POT1	26.9	58.2	51.8	81.1	66.1	17.1	50.7	MAPPED	True	True	True	True	True
POTEE	ENSG00000188219	POTEE	0.0	0.0	0.0	0.0	0.0	0.0	0.0	MAPPED	False	False	False	False	False
POU2F1	ENSG00000143190	POU2F1	289.8	243.1	217.5	185.4	202.3	213.1	310.8	MAPPED	True	True	True	True	True
POU2F2	ENSG00000028277	POU2F2	16.6	63.2	104.2	38.6	4.0	0.0	15.5	MAPPED	True	True	False	True	True
POU4F1	ENSG00000152192	POU4F1	0.0	0.8	0.0	3.9	0.0	0.0	0.3	MAPPED	True	False	False	True	True
POU4F2	ENSG00000151615	POU4F2	0.0	0.0	0.0	15.5	0.0	0.0	0.1	MAPPED	True	False	False	True	True
POU6F2	ENSG00000106536	POU6F2	47.6	382.7	55.0	239.5	0.0	21.3	1.8	MAPPED	True	True	True	True	True
PPARG	ENSG00000132170	PPARG	4.1	12.0	15.9	85.0	4.0	0.0	0.5	MAPPED	True	True	False	True	True
PPARGC1A	ENSG00000109819	PPARGC1A	159.4	58.1	13.3	38.6	0.0	89.5	3.3	MAPPED	True	True	True	True	True
PPAT	ENSG00000128059	PPAT	22.8	9.6	18.7	3.9	46.1	29.8	13.1	MAPPED	True	True	True	True	True
PPEF1	ENSG00000086717	PPEF1	6.2	2.1	8.4	0.0	10.0	0.0	8.9	MAPPED	True	True	False	True	True
PPEF2	ENSG00000156194	PPEF2	463.7	7.1	17.5	65.7	30.1	0.0	1892.1	MAPPED	True	True	False	True	True
PPIA	ENSG00000196262	PPIA	29.0	55.6	37.0	42.5	44.1	204.6	57.5	MAPPED	True	True	True	True	True
PPIAL4A	ENSG00000263353	PPIAL4A	0.0	0.0	0.0	0.0	0.0	0.0	0.0	MAPPED	False	False	False	False	False
PPIAL4C	ENSG00000288867	PPIAL4C	0.0	0.0	0.0	0.0	0.0	0.0	0.0	MAPPED	False	False	False	False	False
PPIAL4D	ENSG00000289549	PPIAL4D	0.0	0.0	0.0	0.0	0.0	0.0	0.0	MAPPED	False	False	False	False	False
PPIAL4E	ENSG00000271567	PPIAL4E	0.0	0.0	0.0	0.0	0.0	0.0	0.0	MAPPED	False	False	False	False	False
PPIAL4F	ENSG00000279782	PPIAL4F	0.0	0.0	0.0	0.0	0.0	0.0	0.0	MAPPED	False	False	False	False	False
PPIAL4G	ENSG00000236334	PPIAL4G	0.0	0.0	0.0	0.0	0.0	0.0	0.0	MAPPED	False	False	False	False	False
PPIAL4H	ENSG00000270339	PPIAL4H	0.0	0.0	0.0	0.0	0.0	0.0	0.0	MAPPED	False	False	False	False	False
PPIB	ENSG00000166794	PPIB	31.1	16.1	18.4	7.7	18.0	89.5	32.4	MAPPED	True	True	True	True	True
PPIE	ENSG00000084072	PPIE	14.5	10.1	17.1	11.6	24.0	25.6	16.2	MAPPED	True	True	True	True	True
PPIF	ENSG00000108179	PPIF	0.0	0.7	1.7	3.9	2.0	12.8	2.5	MAPPED	True	False	True	True	True
PPIG	ENSG00000138398	PPIG	74.5	100.1	197.5	73.4	166.3	106.6	139.6	MAPPED	True	True	True	True	True
PPIH	ENSG00000171960	PPIH	16.6	14.1	14.5	7.7	8.0	17.1	22.1	MAPPED	True	True	True	True	True
PPIL1	ENSG00000137168	PPIL1	14.5	5.7	12.6	7.7	8.0	0.0	11.6	MAPPED	True	True	False	True	True
PPIL2	ENSG00000100023	PPIL2	43.5	46.2	35.9	23.2	38.1	17.1	36.0	MAPPED	True	True	True	True	True
PPIL3	ENSG00000240344	PPIL3	33.1	21.9	33.6	46.4	20.0	29.8	28.7	MAPPED	True	True	True	True	True
PPIL4	ENSG00000131013	PPIL4	22.8	46.7	58.5	7.7	38.1	4.3	53.1	MAPPED	True	True	True	True	True
PPIP5K1	ENSG00000168781	PPIP5K1	93.2	38.0	34.1	38.6	32.1	12.8	99.8	MAPPED	True	True	True	True	True
PPM1A	ENSG00000100614	PPM1A	109.7	71.4	55.2	27.0	46.1	72.5	133.3	MAPPED	True	True	True	True	True
PPM1B	ENSG00000138032	PPM1B	0.0	0.0	0.4	0.0	0.0	4.3	1.2	MAPPED	True	False	True	True	True
PPM1G	ENSG00000115241	PPM1G	51.8	26.7	36.1	46.4	38.1	42.6	44.1	MAPPED	True	True	True	True	True
PPOX	ENSG00000143224	PPOX	16.6	14.9	12.8	3.9	22.0	8.5	13.3	MAPPED	True	True	True	True	True
PPP1CA	ENSG00000172531	PPP1CA	12.4	8.8	23.6	3.9	22.0	21.3	15.9	MAPPED	True	True	True	True	True
PPP1CB	ENSG00000213639	PPP1CB	78.7	52.4	45.8	65.7	60.1	38.4	64.0	MAPPED	True	True	True	True	True
PPP1CC	ENSG00000186298	PPP1CC	122.1	43.8	198.9	38.6	94.2	119.4	141.8	MAPPED	True	True	True	True	True
PPP1R10	ENSG00000204569	PPP1R10	12.4	11.8	14.4	11.6	10.0	12.8	14.9	MAPPED	True	True	True	True	True
PPP1R12A	ENSG00000058272	PPP1R12A	78.7	113.9	137.5	127.5	154.3	81.0	126.8	MAPPED	True	True	True	True	True
PPP1R26	ENSG00000196422	PPP1R26	4.1	8.1	8.0	7.7	0.0	4.3	6.0	MAPPED	True	True	True	True	True
PPP1R7	ENSG00000115685	PPP1R7	22.8	20.5	32.1	19.3	46.1	72.5	59.1	MAPPED	True	True	True	True	True
PPP1R8	ENSG00000117751	PPP1R8	16.6	10.8	18.5	3.9	8.0	29.8	21.6	MAPPED	True	True	True	True	True
PPP1R9B	ENSG00000108819	PPP1R9B	2.1	14.9	15.7	0.0	14.0	25.6	1.1	MAPPED	True	True	True	True	True
PPP3CB	ENSG00000107758	PPP3CB	101.4	145.9	141.5	204.7	122.2	55.4	141.6	MAPPED	True	True	True	True	True
PPP4C	ENSG00000149923	PPP4C	10.4	9.9	17.0	11.6	18.0	29.8	19.8	MAPPED	True	True	True	True	True
PPP4R2	ENSG00000163605	PPP4R2	58.0	37.3	66.6	7.7	40.1	63.9	70.6	MAPPED	True	True	True	True	True
PPP4R3A	ENSG00000100796	PPP4R3A	64.2	35.9	48.2	19.3	18.0	72.5	61.0	MAPPED	True	True	True	True	True
PPRC1	ENSG00000148840	PPRC1	18.6	8.5	5.2	7.7	10.0	4.3	8.0	MAPPED	True	True	True	True	True
PPT1	ENSG00000131238	PPT1	14.5	26.3	39.4	30.9	34.1	46.9	32.5	MAPPED	True	True	True	True	True
PPT2	ENSG00000221988	PPT2	0.0	0.0	0.0	0.0	0.0	0.0	0.0	MAPPED	False	False	False	False	False
PPTC7	ENSG00000196850	PPTC7	74.5	15.6	19.9	11.6	20.0	25.6	68.1	MAPPED	True	True	True	True	True
PPWD1	ENSG00000113593	PPWD1	16.6	26.4	28.4	27.0	22.0	51.2	41.3	MAPPED	True	True	True	True	True
PQBP1	ENSG00000102103	PQBP1	10.4	11.2	30.8	7.7	20.0	38.4	36.6	MAPPED	True	True	True	True	True
PRC1	ENSG00000198901	PRC1	0.0	0.0	0.4	0.0	0.0	4.3	0.5	MAPPED	True	False	True	True	True
PRCC	ENSG00000143294	PRCC	20.7	23.6	22.1	27.0	46.1	34.1	35.8	MAPPED	True	True	True	True	True
PRCD	ENSG00000214140	PRCD	95.2	12.0	59.9	0.0	12.0	42.6	330.5	MAPPED	True	True	True	True	True
PRDM1	ENSG00000057657	PRDM1	151.1	1.4	0.3	0.0	0.0	0.0	1.0	MAPPED	True	True	False	True	True
PRDX3	ENSG00000165672	PRDX3	8.3	15.2	18.5	7.7	24.0	85.3	17.9	MAPPED	True	True	True	True	True
PRH2	ENSG00000134551	PRH2	0.0	0.0	0.0	0.0	0.0	0.0	0.0	MAPPED	False	False	False	False	False
PRKACA	ENSG00000072062	PRKACA	2.1	0.0	1.5	0.0	0.0	0.0	0.3	MAPPED	True	True	False	True	True
PRKACB	ENSG00000142875	PRKACB	449.2	156.6	255.4	50.2	204.3	59.7	494.4	MAPPED	True	True	True	True	True
PRKACG	ENSG00000165059	PRKACG	0.0	0.0	0.0	0.0	0.0	0.0	0.0	MAPPED	False	False	False	False	False
PRKAR1A	ENSG00000108946	PRKAR1A	35.2	65.9	83.6	19.3	116.2	115.1	36.8	MAPPED	True	True	True	True	True
PRKAR1B	ENSG00000188191	PRKAR1B	6.2	78.1	22.9	123.6	118.2	8.5	5.7	MAPPED	True	True	True	True	True
PRKAR2A	ENSG00000114302	PRKAR2A	105.6	104.9	107.0	112.0	106.2	85.3	99.3	MAPPED	True	True	True	True	True
PRKAR2B	ENSG00000005249	PRKAR2B	68.3	49.1	69.5	19.3	20.0	0.0	33.7	MAPPED	True	True	False	True	True
PRKCA	ENSG00000154229	PRKCA	6.2	174.9	1304.1	92.7	22.0	4.3	416.0	MAPPED	True	True	True	True	True
PRKCB	ENSG00000166501	PRKCB	2.1	740.9	614.3	455.8	164.3	422.0	4.4	MAPPED	True	True	True	True	True
PRKCG	ENSG00000126583	PRKCG	0.0	0.7	1.2	11.6	8.0	0.0	0.8	MAPPED	True	False	False	True	True
PRKCZ	ENSG00000067606	PRKCZ	35.2	69.3	48.3	54.1	116.2	21.3	50.9	MAPPED	True	True	True	True	True
PRKD1	ENSG00000184304	PRKD1	49.7	23.4	90.7	85.0	374.6	0.0	122.6	MAPPED	True	True	False	True	True
PRKD2	ENSG00000105287	PRKD2	8.3	25.4	19.5	15.5	8.0	25.6	14.3	MAPPED	True	True	True	True	True
PRKD3	ENSG00000115825	PRKD3	126.3	16.7	131.8	30.9	98.2	12.8	285.2	MAPPED	True	True	True	True	True
PRKDC	ENSG00000253729	PRKDC	163.5	131.5	158.7	100.4	176.3	93.8	198.3	MAPPED	True	True	True	True	True
PRKG1	ENSG00000185532	PRKG1	31.1	558.9	213.5	2707.8	22.0	0.0	21.5	MAPPED	True	True	False	True	True
PRKG2	ENSG00000138669	PRKG2	0.0	3.4	0.4	30.9	0.0	4.3	0.3	MAPPED	True	False	True	True	True
PRKN	ENSG00000185345	PRKN	519.6	510.5	316.0	606.5	282.5	571.2	323.5	MAPPED	True	True	True	True	True
PRKRIP1	ENSG00000128563	PRKRIP1	84.9	115.9	102.5	112.0	84.1	46.9	114.7	MAPPED	True	True	True	True	True
PROM1	ENSG00000007062	PROM1	1157.2	14.1	8.8	30.9	20.0	0.0	808.8	MAPPED	True	True	False	True	True
PROS1	ENSG00000184500	PROS1	60.0	5.4	4.9	61.8	4.0	0.0	100.7	MAPPED	True	True	False	True	True
PROSER3	ENSG00000167595	PROSER3	24.8	6.3	11.1	3.9	8.0	4.3	25.6	MAPPED	True	True	True	True	True
PRPF18	ENSG00000165630	PRPF18	82.8	95.7	78.8	42.5	88.1	38.4	62.8	MAPPED	True	True	True	True	True
PRPF19	ENSG00000110107	PRPF19	6.2	15.7	24.7	15.5	38.1	17.1	17.4	MAPPED	True	True	True	True	True
PRPF3	ENSG00000117360	PRPF3	33.1	33.1	46.6	42.5	32.1	38.4	89.1	MAPPED	True	True	True	True	True
PRPF31	ENSG00000105618	PRPF31	0.0	1.1	1.5	11.6	2.0	4.3	1.4	MAPPED	True	False	True	True	True
PRPF38A	ENSG00000134748	PRPF38A	31.1	19.1	23.0	7.7	24.0	29.8	30.1	MAPPED	True	True	True	True	True
PRPF39	ENSG00000185246	PRPF39	39.3	37.4	47.3	34.8	46.1	17.1	71.5	MAPPED	True	True	True	True	True
PRPF4	ENSG00000136875	PRPF4	20.7	14.0	21.0	0.0	18.0	34.1	21.6	MAPPED	True	True	True	True	True
PRPF40A	ENSG00000196504	PRPF40A	64.2	65.0	81.8	19.3	60.1	93.8	86.2	MAPPED	True	True	True	True	True
PRPF40B	ENSG00000110844	PRPF40B	35.2	50.3	57.8	57.9	40.1	21.3	47.3	MAPPED	True	True	True	True	True
PRPF4B	ENSG00000112739	PRPF4B	78.7	49.6	71.9	77.3	68.1	59.7	152.9	MAPPED	True	True	True	True	True
PRPF6	ENSG00000101161	PRPF6	74.5	47.3	78.7	88.8	72.1	38.4	128.7	MAPPED	True	True	True	True	True
PRPF8	ENSG00000174231	PRPF8	12.4	4.3	9.7	0.0	6.0	4.3	21.7	MAPPED	True	True	True	True	True
PRPH2	ENSG00000112619	PRPH2	517.5	11.2	25.8	73.4	34.1	4.3	1418.0	MAPPED	True	True	True	True	True
PRPS1	ENSG00000147224	PRPS1	10.4	6.6	18.5	0.0	8.0	34.1	9.9	MAPPED	True	True	True	True	True
PRPS1L1	ENSG00000229937	PRPS1L1	0.0	0.0	0.0	0.0	0.0	0.0	0.0	MAPPED	False	False	False	False	False
PRPS2	ENSG00000101911	PRPS2	0.0	2.9	0.5	0.0	0.0	55.4	0.3	MAPPED	True	False	True	True	True
PRR35	ENSG00000161992	PRR35	2.1	17.9	0.1	0.0	0.0	0.0	0.3	MAPPED	True	True	False	True	True
PRRC2A	ENSG00000204469	PRRC2A	0.0	3.4	1.4	0.0	4.0	4.3	3.2	MAPPED	True	False	True	True	True
PRRT1	ENSG00000204314	PRRT1	0.0	0.0	0.0	0.0	2.0	0.0	0.0	MAPPED	False	False	False	False	False
PRRT2	ENSG00000167371	PRRT2	2.1	3.2	0.9	0.0	2.0	0.0	0.7	MAPPED	True	True	False	True	True
PRSS55	ENSG00000184647	PRSS55	0.0	0.0	0.0	0.0	0.0	0.0	0.0	MAPPED	False	False	False	False	False
PRSS56	ENSG00000237412	PRSS56	0.0	0.0	0.2	0.0	0.0	0.0	0.4	MAPPED	True	False	False	True	True
PSAT1	ENSG00000135069	PSAT1	4.1	9.3	0.8	11.6	4.0	98.0	0.6	MAPPED	True	True	True	True	True
PSD2	ENSG00000146005	PSD2	0.0	11.4	2.1	0.0	10.0	0.0	0.0	MAPPED	False	False	False	False	False
PSIP1	ENSG00000164985	PSIP1	118.0	108.2	159.1	30.9	124.2	59.7	237.1	MAPPED	True	True	True	True	True
PSMC1	ENSG00000100764	PSMC1	4.1	16.5	22.7	27.0	26.0	25.6	31.5	MAPPED	True	True	True	True	True
PSMC5	ENSG00000087191	PSMC5	22.8	17.8	38.7	7.7	28.0	72.5	40.3	MAPPED	True	True	True	True	True
PSMD13	ENSG00000185627	PSMD13	10.4	19.4	31.5	23.2	22.0	38.4	28.2	MAPPED	True	True	True	True	True
PSMD14	ENSG00000115233	PSMD14	41.4	47.8	53.7	104.3	84.1	76.7	67.8	MAPPED	True	True	True	True	True
PSMD2	ENSG00000175166	PSMD2	37.3	34.8	37.7	34.8	56.1	68.2	31.3	MAPPED	True	True	True	True	True
PSMD3	ENSG00000108344	PSMD3	26.9	21.1	44.3	7.7	30.1	68.2	25.7	MAPPED	True	True	True	True	True
PSME3	ENSG00000131467	PSME3	12.4	12.3	15.5	19.3	12.0	21.3	17.4	MAPPED	True	True	True	True	True
PSME3IP1	ENSG00000172775	PSME3IP1	12.4	26.2	31.5	30.9	38.1	42.6	34.3	MAPPED	True	True	True	True	True
PSMF1	ENSG00000125818	PSMF1	35.2	40.1	49.3	38.6	48.1	51.2	39.9	MAPPED	True	True	True	True	True
PSMG1	ENSG00000183527	PSMG1	8.3	10.5	7.5	0.0	12.0	25.6	13.5	MAPPED	True	True	True	True	True
PSPC1	ENSG00000121390	PSPC1	217.4	151.8	133.3	119.7	162.3	179.0	276.6	MAPPED	True	True	True	True	True
PSPH	ENSG00000146733	PSPH	2.1	10.3	8.4	27.0	0.0	4.3	5.6	MAPPED	True	True	True	True	True
PSTPIP1	ENSG00000140368	PSTPIP1	0.0	0.0	0.5	0.0	0.0	0.0	0.2	MAPPED	True	False	False	True	True
PTAFR	ENSG00000169403	PTAFR	2.1	0.0	1.4	0.0	0.0	0.0	4.5	MAPPED	True	True	False	True	True
PTBP1	ENSG00000011304	PTBP1	12.4	12.5	14.4	15.5	30.1	34.1	14.8	MAPPED	True	True	True	True	True
PTCH1	ENSG00000185920	PTCH1	51.8	29.3	49.9	3.9	42.1	59.7	32.6	MAPPED	True	True	True	True	True
PTEN	ENSG00000171862	PTEN	0.0	1.8	4.5	0.0	0.0	0.0	2.5	MAPPED	True	False	False	True	True
PTF1A	ENSG00000168267	PTF1A	0.0	0.0	0.0	0.0	0.0	0.0	0.0	MAPPED	False	False	False	False	False
PTGES3	ENSG00000110958	PTGES3	213.2	111.1	178.3	27.0	112.2	68.2	188.7	MAPPED	True	True	True	True	True
PTGS2	ENSG00000073756	PTGS2	0.0	0.0	0.0	0.0	0.0	4.3	0.0	MAPPED	False	False	True	False	True
PTH	ENSG00000152266	PTH	0.0	0.0	0.3	0.0	0.0	0.0	0.3	MAPPED	True	False	False	True	True
PTH1R	ENSG00000160801	PTH1R	0.0	0.7	0.1	34.8	0.0	0.0	0.2	MAPPED	True	False	False	True	True
PTH2R	ENSG00000144407	PTH2R	153.2	10.5	4.4	11.6	6.0	0.0	266.0	MAPPED	True	True	False	True	True
PTPN3	ENSG00000070159	PTPN3	0.0	11.0	55.6	81.1	0.0	25.6	4.0	MAPPED	True	False	True	True	True
PTPRC	ENSG00000081237	PTPRC	0.0	4.9	1.1	0.0	6.0	0.0	0.1	MAPPED	True	False	False	True	True
PTPRN2	ENSG00000155093	PTPRN2	120.1	214.7	70.6	320.6	20.0	46.9	23.2	MAPPED	True	True	True	True	True
PTPRO	ENSG00000151490	PTPRO	2.1	340.9	276.6	61.8	384.6	0.0	9.6	MAPPED	True	True	False	True	True
PUF60	ENSG00000179950	PUF60	2.1	0.7	0.7	0.0	2.0	4.3	2.8	MAPPED	True	True	True	True	True
PUM1	ENSG00000134644	PUM1	231.9	106.9	148.4	96.6	162.3	115.1	205.7	MAPPED	True	True	True	True	True
PUM2	ENSG00000055917	PUM2	167.7	231.0	417.6	73.4	216.4	196.1	376.6	MAPPED	True	True	True	True	True
PVALB	ENSG00000100362	PVALB	0.0	11.0	4.4	34.8	575.0	0.0	9.6	MAPPED	True	False	False	True	True
PXDN	ENSG00000130508	PXDN	0.0	21.4	2.4	23.2	2.0	34.1	0.9	MAPPED	True	False	True	True	True
PXDNL	ENSG00000147485	PXDNL	18.6	47.7	31.8	7.7	14.0	21.3	6.1	MAPPED	True	True	True	True	True
PYGB	ENSG00000100994	PYGB	113.9	25.2	48.4	30.9	16.0	8.5	6.2	MAPPED	True	True	True	True	True
PYGL	ENSG00000100504	PYGL	4.1	20.0	2.0	73.4	4.0	0.0	59.9	MAPPED	True	True	False	True	True
PYGM	ENSG00000068976	PYGM	2.1	3.4	2.3	0.0	0.0	25.6	0.8	MAPPED	True	True	True	True	True
PYROXD2	ENSG00000119943	PYROXD2	0.0	0.7	0.2	0.0	0.0	0.0	0.3	MAPPED	True	False	False	True	True
PYY	ENSG00000131096	PYY	4.1	2.8	1.5	27.0	0.0	4.3	1.0	MAPPED	True	True	True	True	True
QDPR	ENSG00000151552	QDPR	18.6	30.6	31.2	19.3	52.1	63.9	18.9	MAPPED	True	True	True	True	True
QKI	ENSG00000112531	QKI	173.9	451.1	205.3	69.5	96.2	353.8	106.5	MAPPED	True	True	True	True	True
QRICH1	ENSG00000198218	QRICH1	0.0	0.0	0.0	0.0	0.0	0.0	0.0	MAPPED	False	False	False	False	False
QRICH2	ENSG00000129646	QRICH2	2.1	14.1	6.7	11.6	14.0	4.3	7.7	MAPPED	True	True	True	True	True
RAB10	ENSG00000084733	RAB10	118.0	84.7	102.7	127.5	86.1	102.3	260.3	MAPPED	True	True	True	True	True
RAB11A	ENSG00000103769	RAB11A	209.1	165.4	361.6	309.0	681.1	72.5	320.1	MAPPED	True	True	True	True	True
RAB11FIP3	ENSG00000090565	RAB11FIP3	12.4	7.8	5.6	11.6	12.0	4.3	5.5	MAPPED	True	True	True	True	True
RAB13	ENSG00000143545	RAB13	0.0	0.0	0.0	0.0	0.0	0.0	0.0	MAPPED	False	False	False	False	False
RAB23	ENSG00000112210	RAB23	18.6	15.6	4.3	7.7	4.0	42.6	4.8	MAPPED	True	True	True	True	True
RAB24	ENSG00000169228	RAB24	0.0	3.5	1.9	3.9	8.0	8.5	2.7	MAPPED	True	False	True	True	True
RAB28	ENSG00000157869	RAB28	221.5	111.0	99.6	115.9	106.2	46.9	232.7	MAPPED	True	True	True	True	True
RAB3IP	ENSG00000127328	RAB3IP	80.7	0.0	106.1	27.0	0.0	230.2	76.6	MAPPED	True	True	True	True	True
RAB40AL	ENSG00000102128	RAB40AL	0.0	0.0	0.1	0.0	0.0	0.0	0.1	MAPPED	True	False	False	True	True
RAB5A	ENSG00000144566	RAB5A	41.4	30.2	36.9	30.9	32.1	89.5	49.6	MAPPED	True	True	True	True	True
RAB6A	ENSG00000175582	RAB6A	155.3	135.1	125.6	289.7	82.1	179.0	120.0	MAPPED	True	True	True	True	True
RAB6B	ENSG00000154917	RAB6B	0.0	42.5	3.3	3.9	46.1	63.9	13.1	MAPPED	True	False	True	True	True
RAB7A	ENSG00000075785	RAB7A	113.9	99.4	130.1	123.6	134.2	268.6	114.4	MAPPED	True	True	True	True	True
RAB7B	ENSG00000276600	RAB7B	0.0	0.0	0.4	0.0	6.0	0.0	0.4	MAPPED	True	False	False	True	True
RAB8A	ENSG00000167461	RAB8A	10.4	8.8	12.7	0.0	10.0	21.3	12.9	MAPPED	True	True	True	True	True
RAB9A	ENSG00000123595	RAB9A	8.3	8.8	18.6	19.3	30.1	17.1	28.3	MAPPED	True	True	True	True	True
RABAC1	ENSG00000105404	RABAC1	12.4	28.8	26.8	19.3	28.0	72.5	28.1	MAPPED	True	True	True	True	True
RABEP1	ENSG00000029725	RABEP1	165.6	133.3	135.5	135.2	132.2	187.6	173.9	MAPPED	True	True	True	True	True
RABEPK	ENSG00000136933	RABEPK	37.3	38.5	37.4	46.4	38.1	29.8	38.0	MAPPED	True	True	True	True	True
RABGAP1	ENSG00000011454	RABGAP1	169.7	170.5	116.4	181.6	122.2	187.6	110.2	MAPPED	True	True	True	True	True
RABIF	ENSG00000183155	RABIF	14.5	10.1	12.8	15.5	6.0	4.3	16.6	MAPPED	True	True	True	True	True
RABL2A	ENSG00000144134	RABL2A	14.5	18.0	11.9	57.9	42.1	12.8	30.7	MAPPED	True	True	True	True	True
RABL2B	ENSG00000079974	RABL2B	16.6	13.4	9.7	27.0	14.0	12.8	26.6	MAPPED	True	True	True	True	True
RAC1	ENSG00000136238	RAC1	39.3	82.1	63.7	23.2	106.2	115.1	47.7	MAPPED	True	True	True	True	True
RAC2	ENSG00000128340	RAC2	0.0	0.7	0.5	0.0	0.0	0.0	0.3	MAPPED	True	False	False	True	True
RACK1	ENSG00000204628	RACK1	97.3	54.1	113.4	27.0	58.1	268.6	168.0	MAPPED	True	True	True	True	True
RAD23A	ENSG00000179262	RAD23A	39.3	32.5	33.7	7.7	32.1	59.7	44.1	MAPPED	True	True	True	True	True
RAD23B	ENSG00000119318	RAD23B	140.8	87.2	100.1	38.6	100.2	110.8	130.8	MAPPED	True	True	True	True	True
RAD51	ENSG00000051180	RAD51	0.0	4.6	3.7	3.9	12.0	0.0	2.6	MAPPED	True	False	False	True	True
RAD51B	ENSG00000182185	RAD51B	275.3	46.2	92.7	100.4	64.1	42.6	299.0	MAPPED	True	True	True	True	True
RAE1	ENSG00000101146	RAE1	14.5	10.5	15.0	7.7	6.0	12.8	21.2	MAPPED	True	True	True	True	True
RAF1	ENSG00000132155	RAF1	176.0	108.1	126.7	96.6	158.3	85.3	215.0	MAPPED	True	True	True	True	True
RAG1	ENSG00000166349	RAG1	2.1	4.2	1.9	3.9	0.0	0.0	3.7	MAPPED	True	True	False	True	True
RALGAPA1	ENSG00000174373	RALGAPA1	401.6	198.7	263.5	278.1	196.3	157.7	314.0	MAPPED	True	True	True	True	True
RALY	ENSG00000125970	RALY	109.7	50.0	58.4	46.4	48.1	51.2	147.0	MAPPED	True	True	True	True	True
RAN	ENSG00000132341	RAN	33.1	42.5	83.6	3.9	68.1	55.4	62.8	MAPPED	True	True	True	True	True
RANBP1	ENSG00000099901	RANBP1	16.6	28.7	22.9	7.7	22.0	21.3	21.1	MAPPED	True	True	True	True	True
RANBP2	ENSG00000153201	RANBP2	157.3	84.6	145.6	61.8	88.1	81.0	133.6	MAPPED	True	True	True	True	True
RANBP3	ENSG00000031823	RANBP3	22.8	30.5	21.9	15.5	38.1	29.8	36.4	MAPPED	True	True	True	True	True
RANGAP1	ENSG00000100401	RANGAP1	37.3	24.7	21.9	23.2	38.1	21.3	36.0	MAPPED	True	True	True	True	True
RAPGEF4	ENSG00000091428	RAPGEF4	679.0	210.0	21.7	301.3	50.1	673.5	95.8	MAPPED	True	True	True	True	True
RARA	ENSG00000131759	RARA	37.3	2.8	33.2	19.3	12.0	12.8	21.6	MAPPED	True	True	True	True	True
RARB	ENSG00000077092	RARB	302.2	19.1	32.6	61.8	24.0	21.3	34.9	MAPPED	True	True	True	True	True
RARG	ENSG00000172819	RARG	4.1	4.8	1.1	0.0	10.0	29.8	6.2	MAPPED	True	True	True	True	True
RARS1	ENSG00000113643	RARS1	24.8	52.4	46.2	23.2	32.1	17.1	46.7	MAPPED	True	True	True	True	True
RASA1	ENSG00000145715	RASA1	161.5	126.6	196.9	139.1	130.2	302.7	191.0	MAPPED	True	True	True	True	True
RASD2	ENSG00000100302	RASD2	2.1	9.0	0.2	0.0	0.0	0.0	0.1	MAPPED	True	True	False	True	True
RAX	ENSG00000134438	RAX	188.4	1.8	2.5	0.0	0.0	0.0	5.0	MAPPED	True	True	False	True	True
RAX2	ENSG00000173976	RAX2	70.4	0.7	4.2	0.0	4.0	4.3	123.9	MAPPED	True	True	True	True	True
RB1CC1	ENSG00000023287	RB1CC1	84.9	122.7	145.2	108.2	104.2	72.5	115.4	MAPPED	True	True	True	True	True
RBBP5	ENSG00000117222	RBBP5	41.4	23.2	19.9	30.9	20.0	25.6	38.7	MAPPED	True	True	True	True	True
RBCK1	ENSG00000125826	RBCK1	16.6	14.6	18.4	30.9	32.1	17.1	23.0	MAPPED	True	True	True	True	True
RBM10	ENSG00000182872	RBM10	31.1	23.2	30.5	38.6	48.1	21.3	32.8	MAPPED	True	True	True	True	True
RBM17	ENSG00000134453	RBM17	31.1	35.0	52.6	11.6	88.1	42.6	52.2	MAPPED	True	True	True	True	True
RBM19	ENSG00000122965	RBM19	16.6	17.8	19.3	27.0	10.0	21.3	23.1	MAPPED	True	True	True	True	True
RBM22	ENSG00000086589	RBM22	2.1	9.0	22.1	0.0	18.0	21.3	16.0	MAPPED	True	True	True	True	True
RBM24	ENSG00000112183	RBM24	0.0	6.9	2.7	3.9	4.0	0.0	0.0	MAPPED	False	False	False	False	False
RBM25	ENSG00000119707	RBM25	163.5	146.3	205.1	112.0	152.3	174.8	200.6	MAPPED	True	True	True	True	True
RBM28	ENSG00000106344	RBM28	49.7	68.5	65.3	42.5	48.1	29.8	63.7	MAPPED	True	True	True	True	True
RBM3	ENSG00000102317	RBM3	37.3	12.6	33.3	0.0	16.0	110.8	46.6	MAPPED	True	True	True	True	True
RBM39	ENSG00000131051	RBM39	250.5	184.2	236.4	162.2	238.4	98.0	344.2	MAPPED	True	True	True	True	True
RBM4	ENSG00000173933	RBM4	10.4	33.2	23.6	23.2	44.1	42.6	22.2	MAPPED	True	True	True	True	True
RBM41	ENSG00000089682	RBM41	24.8	40.1	33.3	7.7	46.1	34.1	37.6	MAPPED	True	True	True	True	True
RBM42	ENSG00000126254	RBM42	20.7	7.0	13.7	3.9	4.0	25.6	13.9	MAPPED	True	True	True	True	True
RBM45	ENSG00000155636	RBM45	8.3	6.2	10.6	0.0	14.0	21.3	15.5	MAPPED	True	True	True	True	True
RBM46	ENSG00000151962	RBM46	0.0	0.0	0.2	0.0	0.0	4.3	0.1	MAPPED	True	False	True	True	True
RBM48	ENSG00000127993	RBM48	10.4	7.9	15.8	11.6	16.0	0.0	20.1	MAPPED	True	True	False	True	True
RBM5	ENSG00000003756	RBM5	91.1	78.5	65.8	15.5	88.1	72.5	81.6	MAPPED	True	True	True	True	True
RBM7	ENSG00000076053	RBM7	0.0	0.0	0.4	3.9	0.0	0.0	0.5	MAPPED	True	False	False	True	True
RBM8A	ENSG00000265241	RBM8A	8.3	5.3	7.4	11.6	6.0	12.8	19.1	MAPPED	True	True	True	True	True
RBMX	ENSG00000147274	RBMX	99.4	95.1	113.5	30.9	132.2	162.0	166.5	MAPPED	True	True	True	True	True
RBMX2	ENSG00000134597	RBMX2	12.4	13.9	15.1	3.9	4.0	8.5	10.6	MAPPED	True	True	True	True	True
RBP1	ENSG00000114115	RBP1	6.2	2.1	18.0	3.9	2.0	3103.4	3.5	MAPPED	True	True	True	True	True
RBP2	ENSG00000114113	RBP2	4.1	11.0	21.2	11.6	30.1	0.0	32.9	MAPPED	True	True	False	True	True
RBP3	ENSG00000265203	RBP3	550.7	15.5	75.2	7.7	4.0	0.0	576.8	MAPPED	True	True	False	True	True
RBP4	ENSG00000138207	RBP4	39.3	0.0	0.0	0.0	0.0	0.0	0.2	MAPPED	True	True	False	True	True
RBP5	ENSG00000139194	RBP5	0.0	0.7	0.2	0.0	0.0	0.0	0.4	MAPPED	True	False	False	True	True
RBPMS	ENSG00000157110	RBPMS	22.8	14.9	22.0	965.7	18.0	25.6	10.3	MAPPED	True	True	True	True	True
RBX1	ENSG00000100387	RBX1	47.6	40.2	56.2	34.8	42.1	157.7	131.6	MAPPED	True	True	True	True	True
RC3H1	ENSG00000135870	RC3H1	345.7	103.7	146.9	104.3	150.3	225.9	270.2	MAPPED	True	True	True	True	True
RC3H2	ENSG00000056586	RC3H2	33.1	62.3	48.8	61.8	56.1	46.9	56.6	MAPPED	True	True	True	True	True
RCBTB1	ENSG00000136144	RCBTB1	147.0	30.6	23.3	23.2	26.0	51.2	125.2	MAPPED	True	True	True	True	True
RCBTB2	ENSG00000136161	RCBTB2	16.6	5.6	2.8	0.0	10.0	55.4	3.1	MAPPED	True	True	True	True	True
RCC1	ENSG00000180198	RCC1	0.0	7.0	2.6	7.7	6.0	12.8	3.1	MAPPED	True	False	True	True	True
RCE1	ENSG00000173653	RCE1	12.4	2.5	5.5	3.9	0.0	0.0	9.9	MAPPED	True	True	False	True	True
RCHY1	ENSG00000163743	RCHY1	41.4	24.5	38.6	7.7	42.1	42.6	30.0	MAPPED	True	True	True	True	True
RCL1	ENSG00000120158	RCL1	29.0	47.9	24.7	30.9	24.0	34.1	27.7	MAPPED	True	True	True	True	True
RCOR1	ENSG00000089902	RCOR1	51.8	37.0	36.6	61.8	44.1	46.9	32.3	MAPPED	True	True	True	True	True
RCVRN	ENSG00000109047	RCVRN	619.0	6.4	28.8	3.9	28.0	4.3	1774.6	MAPPED	True	True	True	True	True
RD3	ENSG00000198570	RD3	265.0	0.7	185.0	3.9	4.0	4.3	176.1	MAPPED	True	True	True	True	True
RDH10	ENSG00000121039	RDH10	24.8	0.7	2.7	7.7	0.0	920.8	5.6	MAPPED	True	True	True	True	True
RDH11	ENSG00000072042	RDH11	24.8	16.5	14.2	27.0	10.0	59.7	31.4	MAPPED	True	True	True	True	True
RDH12	ENSG00000139988	RDH12	149.0	0.7	11.0	0.0	18.0	0.0	358.1	MAPPED	True	True	False	True	True
RDH13	ENSG00000160439	RDH13	0.0	1.4	0.3	0.0	2.0	0.0	0.7	MAPPED	True	False	False	True	True
RDH14	ENSG00000240857	RDH14	2.1	5.9	13.5	0.0	8.0	17.1	13.2	MAPPED	True	True	True	True	True
RDH16	ENSG00000139547	RDH16	0.0	0.0	1.1	0.0	2.0	0.0	0.4	MAPPED	True	False	False	True	True
RDH5	ENSG00000135437	RDH5	0.0	0.0	0.0	0.0	0.0	17.1	0.2	MAPPED	True	False	True	True	True
RDH8	ENSG00000080511	RDH8	47.6	0.7	25.2	0.0	6.0	0.0	164.2	MAPPED	True	True	False	True	True
REEP5	ENSG00000129625	REEP5	140.8	69.5	84.2	69.5	68.1	102.3	74.9	MAPPED	True	True	True	True	True
REEP6	ENSG00000115255	REEP6	8.3	0.7	7.6	0.0	4.0	21.3	174.5	MAPPED	True	True	True	True	True
REL	ENSG00000162924	REL	66.2	12.4	72.4	57.9	16.0	12.8	74.6	MAPPED	True	True	True	True	True
RELA	ENSG00000173039	RELA	6.2	4.0	6.4	3.9	10.0	25.6	5.4	MAPPED	True	True	True	True	True
RELB	ENSG00000104856	RELB	2.1	3.7	1.9	3.9	2.0	0.0	1.5	MAPPED	True	True	False	True	True
RETSAT	ENSG00000042445	RETSAT	12.4	5.7	3.4	3.9	10.0	25.6	6.3	MAPPED	True	True	True	True	True
RFK	ENSG00000135002	RFK	39.3	25.1	32.1	3.9	6.0	63.9	20.3	MAPPED	True	True	True	True	True
RFX1	ENSG00000132005	RFX1	0.0	0.7	0.4	0.0	0.0	4.3	2.0	MAPPED	True	False	True	True	True
RFX2	ENSG00000087903	RFX2	10.4	17.0	20.4	15.5	8.0	4.3	21.0	MAPPED	True	True	True	True	True
RFX3	ENSG00000080298	RFX3	254.6	140.9	150.9	115.9	86.1	157.7	272.6	MAPPED	True	True	True	True	True
RFX4	ENSG00000111783	RFX4	2.1	14.6	5.7	27.0	20.0	0.0	3.7	MAPPED	True	True	False	True	True
RGR	ENSG00000148604	RGR	35.2	0.0	23.2	0.0	0.0	2638.8	13.7	MAPPED	True	True	True	True	True
RGS1	ENSG00000090104	RGS1	0.0	0.0	0.4	0.0	0.0	0.0	0.2	MAPPED	True	False	False	True	True
RGS10	ENSG00000148908	RGS10	2.1	0.0	0.5	0.0	2.0	4.3	0.4	MAPPED	True	True	True	True	True
RGS11	ENSG00000076344	RGS11	49.7	16.7	42.3	81.1	12.0	8.5	32.5	MAPPED	True	True	True	True	True
RGS12	ENSG00000159788	RGS12	37.3	42.0	20.2	69.5	26.0	25.6	23.4	MAPPED	True	True	True	True	True
RGS13	ENSG00000127074	RGS13	0.0	1.4	0.2	0.0	0.0	0.0	0.2	MAPPED	True	False	False	True	True
RGS16	ENSG00000143333	RGS16	8.3	83.2	357.5	0.0	12.0	8.5	3.9	MAPPED	True	True	True	True	True
RGS17	ENSG00000091844	RGS17	6.2	37.5	46.9	27.0	8.0	0.0	2.7	MAPPED	True	True	False	True	True
RGS18	ENSG00000150681	RGS18	0.0	0.0	0.0	0.0	0.0	0.0	0.0	MAPPED	False	False	False	False	False
RGS19	ENSG00000171700	RGS19	0.0	4.1	0.3	0.0	0.0	4.3	0.2	MAPPED	True	False	True	True	True
RGS2	ENSG00000116741	RGS2	26.9	16.5	12.8	3.9	4.0	0.0	20.5	MAPPED	True	True	False	True	True
RGS20	ENSG00000147509	RGS20	211.2	6.3	6.2	19.3	4.0	0.0	55.1	MAPPED	True	True	False	True	True
RGS21	ENSG00000253148	RGS21	0.0	0.0	0.0	7.7	0.0	0.0	0.2	MAPPED	True	False	False	True	True
RGS3	ENSG00000138835	RGS3	8.3	4.1	2.3	3.9	84.1	8.5	7.0	MAPPED	True	True	True	True	True
RGS4	ENSG00000117152	RGS4	0.0	44.8	0.4	0.0	0.0	0.0	0.2	MAPPED	True	False	False	True	True
RGS5	ENSG00000143248	RGS5	4.1	2.1	2.5	7.7	0.0	0.0	1.9	MAPPED	True	True	False	True	True
RGS6	ENSG00000182732	RGS6	2.1	142.2	13.2	119.7	4.0	17.1	2.5	MAPPED	True	True	True	True	True
RGS7	ENSG00000182901	RGS7	0.0	396.4	1084.3	548.5	1718.9	89.5	22.3	MAPPED	True	False	True	True	True
RGS8	ENSG00000135824	RGS8	0.0	107.2	178.1	0.0	10.0	0.0	1.1	MAPPED	True	False	False	True	True
RGS9	ENSG00000108370	RGS9	691.4	88.2	15.2	50.2	162.3	21.3	906.3	MAPPED	True	True	True	True	True
RGS9BP	ENSG00000186326	RGS9BP	35.2	0.0	17.0	0.0	0.0	38.4	37.2	MAPPED	True	True	True	True	True
RHBDD3	ENSG00000100263	RHBDD3	10.4	19.3	22.1	23.2	28.0	25.6	25.7	MAPPED	True	True	True	True	True
RHBG	ENSG00000132677	RHBG	0.0	0.0	0.0	0.0	0.0	0.0	0.0	MAPPED	False	False	False	False	False
RHEB	ENSG00000106615	RHEB	47.6	53.0	50.9	92.7	108.2	85.3	44.1	MAPPED	True	True	True	True	True
RHO	ENSG00000163914	RHO	4.1	25.7	63.5	0.0	44.1	17.1	2478.4	MAPPED	True	True	True	True	True
RHOA	ENSG00000067560	RHOA	0.0	0.0	0.7	0.0	2.0	0.0	0.6	MAPPED	True	False	False	True	True
RHOB	ENSG00000143878	RHOB	2.1	7.9	9.0	7.7	8.0	119.4	3.7	MAPPED	True	True	True	True	True
RHOC	ENSG00000155366	RHOC	0.0	0.7	1.9	0.0	0.0	17.1	2.8	MAPPED	True	False	True	True	True
RHOD	ENSG00000173156	RHOD	2.1	0.0	0.5	0.0	0.0	8.5	2.0	MAPPED	True	True	True	True	True
RHOF	ENSG00000139725	RHOF	4.1	4.1	7.5	0.0	0.0	4.3	7.8	MAPPED	True	True	True	True	True
RHOH	ENSG00000168421	RHOH	0.0	0.0	0.2	0.0	0.0	0.0	0.3	MAPPED	True	False	False	True	True
RHOJ	ENSG00000126785	RHOJ	0.0	12.5	0.3	7.7	0.0	4.3	0.5	MAPPED	True	False	True	True	True
RHOQ	ENSG00000119729	RHOQ	31.1	35.1	46.9	23.2	198.3	127.9	59.1	MAPPED	True	True	True	True	True
RIBC2	ENSG00000128408	RIBC2	2.1	0.8	0.2	0.0	0.0	0.0	6.5	MAPPED	True	True	False	True	True
RIC1	ENSG00000107036	RIC1	60.0	81.9	71.8	61.8	90.2	12.8	60.8	MAPPED	True	True	True	True	True
RIC8A	ENSG00000177963	RIC8A	6.2	13.5	16.0	0.0	14.0	4.3	16.2	MAPPED	True	True	True	True	True
RIC8B	ENSG00000111785	RIC8B	20.7	61.8	49.3	42.5	48.1	42.6	158.5	MAPPED	True	True	True	True	True
RIF1	ENSG00000080345	RIF1	31.1	70.2	68.2	50.2	64.1	59.7	71.4	MAPPED	True	True	True	True	True
RILP	ENSG00000167705	RILP	0.0	0.0	0.0	0.0	0.0	0.0	0.0	MAPPED	False	False	False	False	False
RIMKLB	ENSG00000166532	RIMKLB	12.4	101.2	48.0	38.6	42.1	55.4	3.5	MAPPED	True	True	True	True	True
RIMS1	ENSG00000079841	RIMS1	8.3	397.6	528.8	100.4	218.4	4.3	5.0	MAPPED	True	True	True	True	True
RING1	ENSG00000204227	RING1	0.0	0.0	0.6	0.0	0.0	0.0	0.9	MAPPED	True	False	False	True	True
RIPPLY2	ENSG00000203877	RIPPLY2	4.1	6.2	7.0	15.5	10.0	0.0	4.4	MAPPED	True	True	False	True	True
RLBP1	ENSG00000140522	RLBP1	2.1	3.2	9.9	0.0	10.0	2510.9	13.3	MAPPED	True	True	True	True	True
RLF	ENSG00000117000	RLF	128.3	146.5	116.6	139.1	140.2	51.2	133.8	MAPPED	True	True	True	True	True
RND1	ENSG00000172602	RND1	2.1	0.0	0.7	0.0	4.0	0.0	2.9	MAPPED	True	True	False	True	True
RNF10	ENSG00000022840	RNF10	74.5	63.7	68.2	57.9	72.1	68.2	117.7	MAPPED	True	True	True	True	True
RNF103-CHMP3	ENSG00000249884	RNF103-CHMP3	16.6	5.5	13.3	7.7	14.0	34.1	4.4	MAPPED	True	True	True	True	True
RNF113A	ENSG00000125352	RNF113A	2.1	1.4	5.5	3.9	8.0	0.0	10.4	MAPPED	True	True	False	True	True
RNF130	ENSG00000113269	RNF130	366.4	180.6	210.1	154.5	108.2	341.0	254.2	MAPPED	True	True	True	True	True
RNF139	ENSG00000170881	RNF139	29.0	15.0	16.4	7.7	6.0	21.3	31.5	MAPPED	True	True	True	True	True
RNF2	ENSG00000121481	RNF2	26.9	18.9	27.4	7.7	46.1	29.8	35.8	MAPPED	True	True	True	True	True
RNF25	ENSG00000163481	RNF25	8.3	8.4	9.7	7.7	4.0	8.5	16.4	MAPPED	True	True	True	True	True
RNF34	ENSG00000170633	RNF34	89.0	57.2	54.2	27.0	40.1	21.3	106.4	MAPPED	True	True	True	True	True
RNF4	ENSG00000063978	RNF4	53.8	32.5	22.3	34.8	28.0	29.8	42.5	MAPPED	True	True	True	True	True
RNF5	ENSG00000204308	RNF5	0.0	0.7	0.0	0.0	0.0	0.0	0.1	MAPPED	True	False	False	True	True
RNPC3	ENSG00000185946	RNPC3	86.9	101.3	78.4	85.0	88.1	42.6	113.5	MAPPED	True	True	True	True	True
RNPS1	ENSG00000205937	RNPS1	68.3	84.0	71.4	54.1	74.1	25.6	68.6	MAPPED	True	True	True	True	True
ROCK1	ENSG00000067900	ROCK1	184.2	132.0	145.5	100.4	120.2	68.2	203.0	MAPPED	True	True	True	True	True
ROCK2	ENSG00000134318	ROCK2	196.7	79.9	77.7	104.3	122.2	51.2	147.5	MAPPED	True	True	True	True	True
ROM1	ENSG00000149489	ROM1	186.3	11.2	70.4	0.0	18.0	93.8	1647.4	MAPPED	True	True	True	True	True
ROPN1L	ENSG00000145491	ROPN1L	18.6	0.0	1.1	0.0	0.0	0.0	19.1	MAPPED	True	True	False	True	True
RORA	ENSG00000069667	RORA	1587.8	2471.5	5473.1	2082.0	2285.9	2468.3	871.5	MAPPED	True	True	True	True	True
RORB	ENSG00000198963	RORB	275.3	335.1	201.5	189.3	1869.2	686.3	297.6	MAPPED	True	True	True	True	True
RP1	ENSG00000104237	RP1	211.2	11.1	18.9	0.0	12.0	4.3	946.4	MAPPED	True	True	True	True	True
RP1L1	ENSG00000183638	RP1L1	12.4	0.0	0.0	0.0	0.0	0.0	17.1	MAPPED	True	True	False	True	True
RP2	ENSG00000102218	RP2	12.4	4.8	6.4	11.6	8.0	4.3	27.1	MAPPED	True	True	True	True	True
RP9	ENSG00000164610	RP9	22.8	10.6	10.2	23.2	4.0	0.0	21.0	MAPPED	True	True	False	True	True
RPAP3	ENSG00000005175	RPAP3	16.6	24.8	19.7	7.7	16.0	17.1	22.0	MAPPED	True	True	True	True	True
RPE65	ENSG00000116745	RPE65	12.4	1.4	1.6	0.0	0.0	7170.3	47.8	MAPPED	True	True	True	True	True
RPGR	ENSG00000156313	RPGR	62.1	19.3	28.7	15.5	44.1	4.3	110.6	MAPPED	True	True	True	True	True
RPGRIP1	ENSG00000092200	RPGRIP1	979.2	5.2	6.4	19.3	28.0	0.0	602.9	MAPPED	True	True	False	True	True
RPGRIP1L	ENSG00000103494	RPGRIP1L	2.1	15.9	8.7	34.8	16.0	12.8	12.3	MAPPED	True	True	True	True	True
RPIA	ENSG00000153574	RPIA	6.2	16.8	15.9	11.6	8.0	17.1	13.2	MAPPED	True	True	True	True	True
RPL11	ENSG00000142676	RPL11	142.8	51.2	166.8	11.6	76.1	460.4	373.1	MAPPED	True	True	True	True	True
RPL19	ENSG00000108298	RPL19	103.5	39.2	109.0	7.7	70.1	613.9	177.1	MAPPED	True	True	True	True	True
RPL22L1	ENSG00000163584	RPL22L1	8.3	5.5	7.3	0.0	8.0	12.8	9.8	MAPPED	True	True	True	True	True
RPL23	ENSG00000125691	RPL23	66.2	21.1	72.4	7.7	24.0	387.9	122.4	MAPPED	True	True	True	True	True
RPL27	ENSG00000131469	RPL27	84.9	25.4	66.2	11.6	20.0	255.8	108.2	MAPPED	True	True	True	True	True
RPL36AL	ENSG00000165502	RPL36AL	60.0	19.2	52.1	7.7	38.1	247.3	54.5	MAPPED	True	True	True	True	True
RPL5	ENSG00000122406	RPL5	64.2	58.2	184.3	23.2	56.1	336.8	146.8	MAPPED	True	True	True	True	True
RPL6	ENSG00000089009	RPL6	86.9	35.4	97.7	23.2	38.1	328.2	179.0	MAPPED	True	True	True	True	True
RPL7	ENSG00000147604	RPL7	49.7	11.4	51.0	7.7	10.0	166.3	88.2	MAPPED	True	True	True	True	True
RPL7A	ENSG00000148303	RPL7A	113.9	59.5	141.5	7.7	42.1	341.0	240.7	MAPPED	True	True	True	True	True
RPLP1	ENSG00000137818	RPLP1	275.3	73.5	291.9	15.5	138.2	1372.7	528.8	MAPPED	True	True	True	True	True
RPN1	ENSG00000163902	RPN1	29.0	22.1	21.1	34.8	34.1	76.7	38.7	MAPPED	True	True	True	True	True
RPN2	ENSG00000118705	RPN2	62.1	35.2	60.7	11.6	48.1	208.9	68.7	MAPPED	True	True	True	True	True
RPP38	ENSG00000152464	RPP38	22.8	33.3	37.7	15.5	22.0	29.8	57.2	MAPPED	True	True	True	True	True
RPS10	ENSG00000124614	RPS10	16.6	12.5	24.0	7.7	12.0	166.3	55.5	MAPPED	True	True	True	True	True
RPS11	ENSG00000142534	RPS11	142.8	16.1	131.0	7.7	44.1	468.9	248.7	MAPPED	True	True	True	True	True
RPS12	ENSG00000112306	RPS12	142.8	70.2	265.9	0.0	60.1	856.9	298.6	MAPPED	True	True	True	True	True
RPS13	ENSG00000110700	RPS13	91.1	17.4	119.8	0.0	42.1	430.6	267.1	MAPPED	True	True	True	True	True
RPS14	ENSG00000164587	RPS14	132.5	62.6	245.3	27.0	64.1	609.6	314.8	MAPPED	True	True	True	True	True
RPS18	ENSG00000231500	RPS18	128.3	32.4	141.8	0.0	50.1	328.2	283.5	MAPPED	True	True	True	True	True
RPS2	ENSG00000140988	RPS2	111.8	62.3	176.3	19.3	92.2	353.8	174.4	MAPPED	True	True	True	True	True
RPS20	ENSG00000008988	RPS20	95.2	18.6	57.5	11.6	34.1	306.9	150.7	MAPPED	True	True	True	True	True
RPS21	ENSG00000171858	RPS21	55.9	30.2	72.9	23.2	62.1	170.5	157.9	MAPPED	True	True	True	True	True
RPS23	ENSG00000186468	RPS23	134.6	49.7	140.7	11.6	64.1	477.5	270.6	MAPPED	True	True	True	True	True
RPS25	ENSG00000118181	RPS25	10.4	4.2	17.0	3.9	8.0	179.0	97.8	MAPPED	True	True	True	True	True
RPS27A	ENSG00000143947	RPS27A	178.0	75.4	210.0	11.6	60.1	558.4	360.6	MAPPED	True	True	True	True	True
RPS27L	ENSG00000185088	RPS27L	18.6	21.2	19.5	15.5	12.0	85.3	37.0	MAPPED	True	True	True	True	True
RPS3	ENSG00000149273	RPS3	178.0	46.4	228.0	38.6	66.1	298.4	260.7	MAPPED	True	True	True	True	True
RPS6KA4	ENSG00000162302	RPS6KA4	2.1	15.7	5.6	7.7	8.0	8.5	1.8	MAPPED	True	True	True	True	True
RPS6KA5	ENSG00000100784	RPS6KA5	39.3	156.2	66.9	104.3	82.1	21.3	100.5	MAPPED	True	True	True	True	True
RPS9	ENSG00000170889	RPS9	91.1	16.1	73.2	0.0	40.1	434.8	261.6	MAPPED	True	True	True	True	True
RRH	ENSG00000180245	RRH	4.1	4.2	3.1	3.9	0.0	349.6	3.2	MAPPED	True	True	True	True	True
RRP1	ENSG00000160214	RRP1	12.4	12.8	12.0	3.9	8.0	17.1	8.0	MAPPED	True	True	True	True	True
RRP1B	ENSG00000160208	RRP1B	186.3	36.5	41.2	27.0	46.1	17.1	306.3	MAPPED	True	True	True	True	True
RRP36	ENSG00000124541	RRP36	26.9	28.6	29.8	19.3	48.1	29.8	40.4	MAPPED	True	True	True	True	True
RRS1	ENSG00000179041	RRS1	0.0	1.1	1.0	0.0	0.0	4.3	2.1	MAPPED	True	False	True	True	True
RS1	ENSG00000102104	RS1	339.5	0.8	4.3	3.9	6.0	0.0	247.6	MAPPED	True	True	False	True	True
RSPH1	ENSG00000160188	RSPH1	97.3	7.6	13.3	0.0	2.0	0.0	26.9	MAPPED	True	True	False	True	True
RSPH4A	ENSG00000111834	RSPH4A	8.3	3.9	4.9	0.0	4.0	0.0	4.7	MAPPED	True	True	False	True	True
RSPH9	ENSG00000172426	RSPH9	0.0	5.7	2.4	0.0	8.0	0.0	3.4	MAPPED	True	False	False	True	True
RSPRY1	ENSG00000159579	RSPRY1	31.1	23.8	30.0	38.6	50.1	68.2	44.3	MAPPED	True	True	True	True	True
RSRC1	ENSG00000174891	RSRC1	120.1	108.3	157.3	239.5	116.2	63.9	163.0	MAPPED	True	True	True	True	True
RTBDN	ENSG00000132026	RTBDN	10.4	0.0	1.3	0.0	0.0	0.0	18.8	MAPPED	True	True	False	True	True
RTCB	ENSG00000100220	RTCB	29.0	26.7	58.2	38.6	46.1	0.0	60.5	MAPPED	True	True	False	True	True
RTN1	ENSG00000139970	RTN1	511.3	177.5	104.1	162.2	364.6	0.0	243.1	MAPPED	True	True	False	True	True
RTN2	ENSG00000125744	RTN2	26.9	44.3	8.3	11.6	20.0	0.0	21.0	MAPPED	True	True	False	True	True
RTN3	ENSG00000133318	RTN3	368.5	213.5	225.9	672.1	124.2	187.6	227.5	MAPPED	True	True	True	True	True
RTN4	ENSG00000115310	RTN4	567.2	341.9	465.5	367.0	378.6	336.8	338.4	MAPPED	True	True	True	True	True
RTP1	ENSG00000175077	RTP1	0.0	0.0	0.0	0.0	0.0	0.0	0.0	MAPPED	False	False	False	False	False
RTP2	ENSG00000198471	RTP2	0.0	0.0	0.0	0.0	0.0	0.0	0.0	MAPPED	False	False	False	False	False
RTTN	ENSG00000176225	RTTN	72.5	37.2	58.4	81.1	52.1	8.5	85.3	MAPPED	True	True	True	True	True
RUSC1	ENSG00000160753	RUSC1	4.1	27.1	8.1	11.6	32.1	4.3	3.3	MAPPED	True	True	True	True	True
RUSC2	ENSG00000198853	RUSC2	95.2	79.6	74.3	38.6	40.1	81.0	74.1	MAPPED	True	True	True	True	True
RUVBL1	ENSG00000175792	RUVBL1	22.8	18.3	19.6	15.5	56.1	17.1	27.1	MAPPED	True	True	True	True	True
RUVBL2	ENSG00000183207	RUVBL2	157.3	10.2	30.8	15.5	38.1	29.8	49.7	MAPPED	True	True	True	True	True
RXFP4	ENSG00000173080	RXFP4	0.0	0.0	0.0	0.0	0.0	0.0	0.0	MAPPED	False	False	False	False	False
RXRG	ENSG00000143171	RXRG	134.6	2.1	0.6	54.1	2.0	4.3	1.0	MAPPED	True	True	True	True	True
RXYLT1	ENSG00000118600	RXYLT1	16.6	8.6	46.8	0.0	12.0	46.9	20.2	MAPPED	True	True	True	True	True
RYBP	ENSG00000163602	RYBP	2.1	5.0	9.0	11.6	2.0	8.5	10.0	MAPPED	True	True	True	True	True
RYR1	ENSG00000196218	RYR1	2.1	63.6	20.4	27.0	10.0	17.1	24.9	MAPPED	True	True	True	True	True
RYR2	ENSG00000198626	RYR2	138.7	430.7	1304.5	1738.3	8.0	93.8	8.0	MAPPED	True	True	True	True	True
S100A16	ENSG00000188643	S100A16	0.0	1.1	0.3	0.0	0.0	29.8	0.6	MAPPED	True	False	True	True	True
S100B	ENSG00000160307	S100B	0.0	1.4	0.4	0.0	0.0	306.9	1.1	MAPPED	True	False	True	True	True
SAE1	ENSG00000142230	SAE1	51.8	41.9	29.8	38.6	14.0	38.4	36.0	MAPPED	True	True	True	True	True
SAG	ENSG00000130561	SAG	37.3	12.9	35.5	0.0	26.0	0.0	1864.4	MAPPED	True	True	False	True	True
SALL3	ENSG00000256463	SALL3	0.0	0.0	0.0	0.0	0.0	0.0	0.0	MAPPED	False	False	False	False	False
SAMD11	ENSG00000187634	SAMD11	0.0	8.9	10.5	15.5	32.1	0.0	152.9	MAPPED	True	False	False	True	True
SAMD7	ENSG00000187033	SAMD7	78.7	1.8	3.7	7.7	10.0	4.3	217.9	MAPPED	True	True	True	True	True
SAMM50	ENSG00000100347	SAMM50	18.6	17.4	16.9	11.6	10.0	59.7	23.9	MAPPED	True	True	True	True	True
SAP18	ENSG00000150459	SAP18	74.5	25.4	51.9	3.9	58.1	157.7	66.2	MAPPED	True	True	True	True	True
SART1	ENSG00000175467	SART1	18.6	8.3	21.5	3.9	16.0	51.2	29.5	MAPPED	True	True	True	True	True
SART3	ENSG00000075856	SART3	51.8	46.6	45.8	7.7	48.1	4.3	45.1	MAPPED	True	True	True	True	True
SASS6	ENSG00000156876	SASS6	16.6	13.7	30.5	7.7	10.0	0.0	35.3	MAPPED	True	True	False	True	True
SATB1	ENSG00000182568	SATB1	126.3	31.8	8.8	23.2	2.0	106.6	89.1	MAPPED	True	True	True	True	True
SAXO1	ENSG00000155875	SAXO1	0.0	2.1	5.6	0.0	6.0	0.0	5.5	MAPPED	True	False	False	True	True
SBDS	ENSG00000126524	SBDS	14.5	21.8	36.7	3.9	36.1	59.7	30.8	MAPPED	True	True	True	True	True
SC5D	ENSG00000109929	SC5D	31.1	54.3	30.1	65.7	16.0	38.4	22.7	MAPPED	True	True	True	True	True
SCAP	ENSG00000114650	SCAP	84.9	58.6	62.7	34.8	84.1	72.5	99.4	MAPPED	True	True	True	True	True
SCARA3	ENSG00000168077	SCARA3	2.1	4.9	0.4	3.9	0.0	17.1	0.2	MAPPED	True	True	True	True	True
SCARB1	ENSG00000073060	SCARB1	103.5	39.9	18.5	7.7	48.1	119.4	33.1	MAPPED	True	True	True	True	True
SCARB2	ENSG00000138760	SCARB2	130.4	200.9	169.7	112.0	82.1	76.7	182.6	MAPPED	True	True	True	True	True
SCARF1	ENSG00000074660	SCARF1	0.0	0.0	0.0	0.0	0.0	0.0	0.0	MAPPED	False	False	False	False	False
SCD	ENSG00000099194	SCD	4.1	15.7	5.6	142.9	42.1	102.3	1.3	MAPPED	True	True	True	True	True
SCFD1	ENSG00000092108	SCFD1	91.1	111.5	88.9	100.4	98.2	85.3	108.1	MAPPED	True	True	True	True	True
SCIN	ENSG00000006747	SCIN	0.0	0.7	5.7	0.0	0.0	0.0	3.1	MAPPED	True	False	False	True	True
SCLT1	ENSG00000151466	SCLT1	144.9	249.1	124.8	189.3	154.3	98.0	129.1	MAPPED	True	True	True	True	True
SCMH1	ENSG00000010803	SCMH1	329.1	321.8	298.1	301.3	208.4	132.2	284.2	MAPPED	True	True	True	True	True
SCN10A	ENSG00000185313	SCN10A	0.0	1.4	0.6	0.0	0.0	0.0	0.4	MAPPED	True	False	False	True	True
SCN3B	ENSG00000166257	SCN3B	2.1	146.3	12.4	3.9	18.0	0.0	4.1	MAPPED	True	True	False	True	True
SCN5A	ENSG00000183873	SCN5A	51.8	19.9	5.6	0.0	10.0	0.0	0.9	MAPPED	True	True	False	True	True
SCNM1	ENSG00000163156	SCNM1	68.3	15.2	28.5	3.9	20.0	21.3	62.8	MAPPED	True	True	True	True	True
SCO1	ENSG00000133028	SCO1	51.8	13.0	22.4	7.7	20.0	17.1	42.8	MAPPED	True	True	True	True	True
SCO2	ENSG00000284194	SCO2	0.0	2.1	2.9	0.0	8.0	4.3	3.9	MAPPED	True	False	True	True	True
SCOC	ENSG00000153130	SCOC	41.4	63.4	83.3	23.2	92.2	85.3	35.4	MAPPED	True	True	True	True	True
SCP2	ENSG00000116171	SCP2	126.3	59.6	73.8	27.0	68.1	234.5	82.2	MAPPED	True	True	True	True	True
SCRIB	ENSG00000180900	SCRIB	0.0	0.7	0.6	0.0	2.0	0.0	0.7	MAPPED	True	False	False	True	True
SCT	ENSG00000070031	SCT	2.1	0.0	0.0	0.0	0.0	0.0	0.2	MAPPED	True	True	False	True	True
SCTR	ENSG00000080293	SCTR	8.3	0.7	0.4	3.9	2.0	0.0	14.0	MAPPED	True	True	False	True	True
SDC1	ENSG00000115884	SDC1	0.0	0.7	0.2	0.0	14.0	4.3	0.3	MAPPED	True	False	True	True	True
SDCCAG8	ENSG00000054282	SDCCAG8	2.1	11.6	8.9	0.0	4.0	8.5	9.4	MAPPED	True	True	True	True	True
SDE2	ENSG00000143751	SDE2	4.1	5.6	7.0	3.9	10.0	4.3	15.3	MAPPED	True	True	True	True	True
SDHA	ENSG00000073578	SDHA	0.0	0.0	0.0	0.0	0.0	0.0	0.4	MAPPED	True	False	False	True	True
SDHB	ENSG00000117118	SDHB	62.1	30.3	47.2	57.9	40.1	63.9	91.6	MAPPED	True	True	True	True	True
SDHC	ENSG00000143252	SDHC	45.5	22.6	38.8	34.8	30.1	76.7	39.1	MAPPED	True	True	True	True	True
SDHD	ENSG00000204370	SDHD	0.0	0.0	0.1	0.0	0.0	0.0	0.8	MAPPED	True	False	False	True	True
SDR16C5	ENSG00000170786	SDR16C5	0.0	0.0	0.0	0.0	0.0	0.0	0.5	MAPPED	True	False	False	True	True
SDR9C7	ENSG00000170426	SDR9C7	0.0	0.0	0.6	0.0	4.0	0.0	0.0	MAPPED	False	False	False	False	False
SDSL	ENSG00000139410	SDSL	8.3	2.1	0.3	0.0	0.0	0.0	0.6	MAPPED	True	True	False	True	True
SEC13	ENSG00000157020	SEC13	26.9	21.6	40.4	7.7	26.0	42.6	52.5	MAPPED	True	True	True	True	True
SEC22C	ENSG00000093183	SEC22C	29.0	21.4	20.8	11.6	36.1	42.6	52.3	MAPPED	True	True	True	True	True
SEC24C	ENSG00000176986	SEC24C	39.3	20.4	22.8	15.5	32.1	38.4	24.9	MAPPED	True	True	True	True	True
SEC61A1	ENSG00000058262	SEC61A1	26.9	16.0	15.9	7.7	18.0	55.4	15.5	MAPPED	True	True	True	True	True
SEC61A2	ENSG00000065665	SEC61A2	24.8	52.5	25.4	42.5	80.1	4.3	28.4	MAPPED	True	True	True	True	True
SEC61B	ENSG00000106803	SEC61B	49.7	19.8	34.9	7.7	42.1	179.0	50.6	MAPPED	True	True	True	True	True
SEC62	ENSG00000008952	SEC62	262.9	125.8	249.3	73.4	272.5	213.1	326.6	MAPPED	True	True	True	True	True
SEC63	ENSG00000025796	SEC63	53.8	71.3	71.2	38.6	74.1	81.0	69.2	MAPPED	True	True	True	True	True
SEH1L	ENSG00000085415	SEH1L	18.6	9.7	18.8	34.8	12.0	17.1	20.6	MAPPED	True	True	True	True	True
SELENON	ENSG00000162430	SELENON	2.1	7.9	5.2	0.0	2.0	0.0	3.2	MAPPED	True	True	False	True	True
SEMA3A	ENSG00000075213	SEMA3A	68.3	167.3	70.7	320.6	12.0	4.3	361.9	MAPPED	True	True	True	True	True
SEMA3B	ENSG00000012171	SEMA3B	0.0	5.0	2.2	0.0	0.0	127.9	0.9	MAPPED	True	False	True	True	True
SEMA3F	ENSG00000001617	SEMA3F	16.6	0.8	36.0	3.9	10.0	0.0	24.0	MAPPED	True	True	False	True	True
SEMA4A	ENSG00000196189	SEMA4A	2.1	10.5	0.9	3.9	4.0	166.3	0.7	MAPPED	True	True	True	True	True
SEMA4B	ENSG00000185033	SEMA4B	74.5	28.7	4.6	54.1	66.1	0.0	159.5	MAPPED	True	True	False	True	True
SEMA4C	ENSG00000168758	SEMA4C	4.1	7.8	16.6	3.9	8.0	0.0	17.7	MAPPED	True	True	False	True	True
SENP1	ENSG00000079387	SENP1	51.8	25.0	25.6	19.3	32.1	21.3	40.0	MAPPED	True	True	True	True	True
SENP3	ENSG00000161956	SENP3	0.0	0.0	0.3	0.0	2.0	0.0	0.2	MAPPED	True	False	False	True	True
SENP6	ENSG00000112701	SENP6	169.7	176.3	169.8	104.3	170.3	221.7	190.0	MAPPED	True	True	True	True	True
SENP7	ENSG00000138468	SENP7	64.2	104.2	121.9	65.7	184.3	25.6	96.6	MAPPED	True	True	True	True	True
SEPTIN2	ENSG00000168385	SEPTIN2	130.4	98.4	84.3	81.1	134.2	153.5	96.4	MAPPED	True	True	True	True	True
SERBP1	ENSG00000142864	SERBP1	109.7	51.5	95.3	15.5	82.1	55.4	95.4	MAPPED	True	True	True	True	True
SERINC1	ENSG00000111897	SERINC1	97.3	96.7	90.2	57.9	76.1	179.0	72.3	MAPPED	True	True	True	True	True
SERPINA3	ENSG00000196136	SERPINA3	0.0	0.0	0.0	0.0	0.0	0.0	0.0	MAPPED	False	False	False	False	False
SERPINA6	ENSG00000170099	SERPINA6	0.0	0.0	0.0	0.0	0.0	0.0	0.0	MAPPED	False	False	False	False	False
SERPINF1	ENSG00000132386	SERPINF1	180.1	3.0	32.3	0.0	4.0	4429.2	12.6	MAPPED	True	True	True	True	True
SERPINI2	ENSG00000114204	SERPINI2	0.0	3.5	0.2	0.0	0.0	0.0	0.2	MAPPED	True	False	False	True	True
SETD4	ENSG00000185917	SETD4	22.8	7.1	12.2	15.5	8.0	8.5	18.6	MAPPED	True	True	True	True	True
SETDB1	ENSG00000143379	SETDB1	47.6	45.5	43.0	42.5	58.1	12.8	45.3	MAPPED	True	True	True	True	True
SETDB2	ENSG00000136169	SETDB2	41.4	13.6	15.8	23.2	24.0	42.6	38.7	MAPPED	True	True	True	True	True
SETX	ENSG00000107290	SETX	62.1	75.5	80.1	50.2	116.2	46.9	95.2	MAPPED	True	True	True	True	True
SF1	ENSG00000168066	SF1	91.1	134.4	173.1	61.8	144.2	110.8	197.4	MAPPED	True	True	True	True	True
SF3A1	ENSG00000099995	SF3A1	10.4	6.0	11.6	19.3	20.0	25.6	27.9	MAPPED	True	True	True	True	True
SF3A2	ENSG00000104897	SF3A2	4.1	10.8	12.5	11.6	24.0	0.0	24.7	MAPPED	True	True	False	True	True
SF3A3	ENSG00000183431	SF3A3	39.3	25.4	27.2	15.5	18.0	21.3	34.8	MAPPED	True	True	True	True	True
SF3B1	ENSG00000115524	SF3B1	47.6	58.2	77.6	42.5	84.1	98.0	83.7	MAPPED	True	True	True	True	True
SF3B2	ENSG00000087365	SF3B2	55.9	50.5	69.8	23.2	96.2	55.4	74.9	MAPPED	True	True	True	True	True
SF3B3	ENSG00000189091	SF3B3	18.6	44.9	43.2	15.5	32.1	29.8	39.1	MAPPED	True	True	True	True	True
SF3B4	ENSG00000143368	SF3B4	4.1	7.3	13.0	0.0	8.0	29.8	12.2	MAPPED	True	True	True	True	True
SF3B5	ENSG00000169976	SF3B5	22.8	8.7	22.3	0.0	18.0	85.3	23.5	MAPPED	True	True	True	True	True
SF3B6	ENSG00000115128	SF3B6	20.7	10.2	31.0	11.6	6.0	21.3	51.4	MAPPED	True	True	True	True	True
SFPQ	ENSG00000116560	SFPQ	122.1	143.8	161.3	73.4	148.2	144.9	139.0	MAPPED	True	True	True	True	True
SFSWAP	ENSG00000061936	SFSWAP	47.6	68.0	65.6	42.5	110.2	46.9	86.9	MAPPED	True	True	True	True	True
SFTA3										UNMAPPED					
SGCA	ENSG00000108823	SGCA	0.0	0.0	0.4	0.0	0.0	0.0	0.0	MAPPED	False	False	False	False	False
SGCB	ENSG00000163069	SGCB	10.4	21.4	23.4	0.0	20.0	21.3	18.2	MAPPED	True	True	True	True	True
SGCD	ENSG00000170624	SGCD	892.2	76.4	137.5	77.3	951.6	4.3	8.8	MAPPED	True	True	True	True	True
SGCG	ENSG00000102683	SGCG	0.0	1.4	1.1	7.7	4.0	0.0	1.1	MAPPED	True	False	False	True	True
SGPP1	ENSG00000126821	SGPP1	0.0	0.0	0.0	0.0	2.0	0.0	0.0	MAPPED	False	False	False	False	False
SGPP2	ENSG00000163082	SGPP2	4.1	19.3	7.9	23.2	4.0	0.0	6.5	MAPPED	True	True	False	True	True
SGSH	ENSG00000181523	SGSH	0.0	2.1	2.6	0.0	0.0	8.5	1.9	MAPPED	True	False	True	True	True
SGTB	ENSG00000197860	SGTB	10.4	46.2	5.6	30.9	84.1	0.0	2.6	MAPPED	True	True	False	True	True
SH2B1	ENSG00000178188	SH2B1	49.7	33.3	36.3	65.7	24.0	42.6	57.5	MAPPED	True	True	True	True	True
SH3BGR	ENSG00000185437	SH3BGR	0.0	0.0	0.0	0.0	0.0	0.0	0.1	MAPPED	True	False	False	True	True
SH3BGRL	ENSG00000131171	SH3BGRL	0.0	37.6	42.8	34.8	2.0	136.4	2.9	MAPPED	True	False	True	True	True
SH3BP5L	ENSG00000175137	SH3BP5L	2.1	7.4	7.5	0.0	6.0	17.1	5.4	MAPPED	True	True	True	True	True
SH3YL1	ENSG00000035115	SH3YL1	16.6	31.6	30.7	7.7	28.0	42.6	15.6	MAPPED	True	True	True	True	True
SHFL	ENSG00000130813	SHFL	20.7	38.9	36.9	11.6	36.1	12.8	14.7	MAPPED	True	True	True	True	True
SHH	ENSG00000164690	SHH	0.0	3.2	0.2	0.0	0.0	0.0	0.0	MAPPED	False	False	False	False	False
SHLD2	ENSG00000122376	SHLD2	66.2	47.3	47.1	81.1	34.1	76.7	149.3	MAPPED	True	True	True	True	True
SHLD3	ENSG00000253251	SHLD3	0.0	0.0	0.0	0.0	0.0	0.0	0.0	MAPPED	False	False	False	False	False
SHMT1	ENSG00000176974	SHMT1	0.0	0.0	1.1	3.9	2.0	4.3	0.4	MAPPED	True	False	True	True	True
SHMT2	ENSG00000182199	SHMT2	0.0	6.6	4.3	11.6	0.0	8.5	1.2	MAPPED	True	False	True	True	True
SI	ENSG00000090402	SI	0.0	0.0	0.3	0.0	0.0	0.0	0.2	MAPPED	True	False	False	True	True
SIGLEC1	ENSG00000088827	SIGLEC1	0.0	2.1	2.0	3.9	0.0	0.0	1.1	MAPPED	True	False	False	True	True
SIK2	ENSG00000170145	SIK2	546.5	155.5	88.2	73.4	118.2	25.6	715.6	MAPPED	True	True	True	True	True
SIN3A	ENSG00000169375	SIN3A	49.7	26.3	36.1	7.7	46.1	25.6	67.4	MAPPED	True	True	True	True	True
SIN3B	ENSG00000127511	SIN3B	12.4	28.0	17.5	3.9	30.1	21.3	13.8	MAPPED	True	True	True	True	True
SIPA1L2	ENSG00000116991	SIPA1L2	101.4	90.1	91.0	65.7	18.0	8.5	137.6	MAPPED	True	True	True	True	True
SIRPA	ENSG00000198053	SIRPA	37.3	27.3	11.6	7.7	8.0	17.1	40.4	MAPPED	True	True	True	True	True
SIRT1	ENSG00000096717	SIRT1	49.7	21.0	33.7	27.0	24.0	8.5	42.9	MAPPED	True	True	True	True	True
SIX3	ENSG00000138083	SIX3	0.0	115.1	115.8	15.5	106.2	221.7	4.0	MAPPED	True	False	True	True	True
SIX6	ENSG00000184302	SIX6	47.6	6.8	2.4	0.0	24.0	0.0	1.4	MAPPED	True	True	False	True	True
SKIV2L										UNMAPPED					
SKP1	ENSG00000113558	SKP1	18.6	32.6	42.3	7.7	26.0	81.0	27.6	MAPPED	True	True	True	True	True
SLC11A2	ENSG00000110911	SLC11A2	24.8	43.2	40.2	61.8	44.1	63.9	32.4	MAPPED	True	True	True	True	True
SLC12A1	ENSG00000074803	SLC12A1	18.6	5.3	4.5	11.6	4.0	12.8	1.6	MAPPED	True	True	True	True	True
SLC12A2	ENSG00000064651	SLC12A2	223.6	60.1	176.4	46.4	164.3	174.8	195.9	MAPPED	True	True	True	True	True
SLC12A3	ENSG00000070915	SLC12A3	0.0	2.1	1.2	0.0	0.0	0.0	0.5	MAPPED	True	False	False	True	True
SLC16A3	ENSG00000141526	SLC16A3	8.3	36.3	19.4	57.9	96.2	660.8	16.0	MAPPED	True	True	True	True	True
SLC16A4	ENSG00000168679	SLC16A4	16.6	13.3	20.3	19.3	14.0	68.2	28.4	MAPPED	True	True	True	True	True
SLC16A8	ENSG00000100156	SLC16A8	2.1	0.7	1.5	0.0	0.0	532.9	1.6	MAPPED	True	True	True	True	True
SLC17A8	ENSG00000179520	SLC17A8	0.0	3.4	0.3	3.9	0.0	0.0	0.4	MAPPED	True	False	False	True	True
SLC19A2	ENSG00000117479	SLC19A2	39.3	21.5	20.8	50.2	18.0	157.7	34.6	MAPPED	True	True	True	True	True
SLC1A1	ENSG00000106688	SLC1A1	10.4	141.4	9.1	27.0	16.0	0.0	1.2	MAPPED	True	True	False	True	True
SLC1A2	ENSG00000110436	SLC1A2	304.3	128.6	345.1	104.3	18.0	4.3	699.6	MAPPED	True	True	True	True	True
SLC1A3	ENSG00000079215	SLC1A3	8.3	54.3	2.9	0.0	4.0	0.0	3.3	MAPPED	True	True	False	True	True
SLC1A5	ENSG00000105281	SLC1A5	0.0	0.7	1.4	0.0	0.0	0.0	2.1	MAPPED	True	False	False	True	True
SLC20A1	ENSG00000144136	SLC20A1	126.3	37.6	55.9	119.7	32.1	63.9	79.3	MAPPED	True	True	True	True	True
SLC20A2	ENSG00000168575	SLC20A2	64.2	93.3	88.7	81.1	60.1	166.3	75.2	MAPPED	True	True	True	True	True
SLC22A23	ENSG00000137266	SLC22A23	24.8	81.7	47.7	57.9	12.0	68.2	16.8	MAPPED	True	True	True	True	True
SLC24A1	ENSG00000074621	SLC24A1	24.8	25.5	89.7	27.0	68.1	17.1	439.7	MAPPED	True	True	True	True	True
SLC24A2	ENSG00000155886	SLC24A2	2155.0	396.9	304.2	154.5	811.4	0.0	10.7	MAPPED	True	True	False	True	True
SLC25A10	ENSG00000183048	SLC25A10	0.0	3.5	2.1	0.0	0.0	0.0	1.6	MAPPED	True	False	False	True	True
SLC25A11	ENSG00000108528	SLC25A11	20.7	17.4	33.4	0.0	22.0	89.5	23.6	MAPPED	True	True	True	True	True
SLC25A12	ENSG00000115840	SLC25A12	188.4	128.9	129.4	146.8	174.3	72.5	160.2	MAPPED	True	True	True	True	True
SLC25A13	ENSG00000004864	SLC25A13	163.5	67.3	180.5	131.3	82.1	375.1	227.7	MAPPED	True	True	True	True	True
SLC25A18	ENSG00000182902	SLC25A18	8.3	7.5	4.1	11.6	2.0	0.0	9.8	MAPPED	True	True	False	True	True
SLC25A22	ENSG00000177542	SLC25A22	37.3	17.1	101.0	3.9	22.0	8.5	15.5	MAPPED	True	True	True	True	True
SLC25A28	ENSG00000155287	SLC25A28	20.7	19.5	24.1	30.9	20.0	4.3	23.1	MAPPED	True	True	True	True	True
SLC25A3	ENSG00000075415	SLC25A3	111.8	59.9	118.4	34.8	114.2	149.2	93.9	MAPPED	True	True	True	True	True
SLC25A37	ENSG00000147454	SLC25A37	43.5	25.8	28.8	34.8	10.0	17.1	43.6	MAPPED	True	True	True	True	True
SLC25A38	ENSG00000144659	SLC25A38	10.4	4.2	11.2	0.0	4.0	17.1	13.3	MAPPED	True	True	True	True	True
SLC25A4	ENSG00000151729	SLC25A4	107.6	54.4	93.0	27.0	84.1	383.7	88.5	MAPPED	True	True	True	True	True
SLC25A44	ENSG00000160785	SLC25A44	16.6	16.6	13.9	19.3	16.0	29.8	12.1	MAPPED	True	True	True	True	True
SLC25A5	ENSG00000005022	SLC25A5	86.9	29.8	50.9	7.7	10.0	251.5	108.6	MAPPED	True	True	True	True	True
SLC25A6	ENSG00000169100	SLC25A6	95.2	66.0	158.3	46.4	112.2	149.2	143.7	MAPPED	True	True	True	True	True
SLC26A1	ENSG00000145217	SLC26A1	0.0	0.0	0.2	0.0	0.0	0.0	0.0	MAPPED	False	False	False	False	False
SLC26A2	ENSG00000155850	SLC26A2	6.2	6.6	13.2	0.0	6.0	29.8	90.7	MAPPED	True	True	True	True	True
SLC26A3	ENSG00000091138	SLC26A3	4.1	4.8	11.6	11.6	2.0	59.7	26.0	MAPPED	True	True	True	True	True
SLC26A4	ENSG00000091137	SLC26A4	0.0	0.0	6.3	0.0	0.0	29.8	0.3	MAPPED	True	False	True	True	True
SLC26A5	ENSG00000170615	SLC26A5	6.2	8.9	11.5	42.5	10.0	0.0	32.3	MAPPED	True	True	False	True	True
SLC26A6	ENSG00000225697	SLC26A6	4.1	2.6	1.5	0.0	0.0	0.0	3.6	MAPPED	True	True	False	True	True
SLC26A9	ENSG00000174502	SLC26A9	2.1	1.4	0.3	3.9	0.0	0.0	0.5	MAPPED	True	True	False	True	True
SLC27A1	ENSG00000130304	SLC27A1	62.1	36.5	20.6	42.5	34.1	38.4	43.4	MAPPED	True	True	True	True	True
SLC27A2	ENSG00000140284	SLC27A2	0.0	6.6	1.1	0.0	2.0	93.8	10.6	MAPPED	True	False	True	True	True
SLC27A3	ENSG00000143554	SLC27A3	0.0	0.0	0.2	0.0	0.0	0.0	0.2	MAPPED	True	False	False	True	True
SLC27A4	ENSG00000167114	SLC27A4	16.6	25.2	19.7	46.4	14.0	4.3	28.2	MAPPED	True	True	True	True	True
SLC27A5	ENSG00000083807	SLC27A5	4.1	12.7	18.0	27.0	20.0	17.1	12.1	MAPPED	True	True	True	True	True
SLC27A6	ENSG00000113396	SLC27A6	0.0	1.5	1.2	7.7	8.0	0.0	1.2	MAPPED	True	False	False	True	True
SLC2A1	ENSG00000117394	SLC2A1	70.4	6.4	12.0	19.3	6.0	362.4	27.6	MAPPED	True	True	True	True	True
SLC2A2	ENSG00000163581	SLC2A2	0.0	0.0	0.0	0.0	0.0	0.0	0.2	MAPPED	True	False	False	True	True
SLC2A3	ENSG00000059804	SLC2A3	58.0	94.2	26.9	81.1	14.0	4.3	98.3	MAPPED	True	True	True	True	True
SLC2A4	ENSG00000181856	SLC2A4	0.0	0.0	0.0	0.0	0.0	0.0	0.0	MAPPED	False	False	False	False	False
SLC30A5	ENSG00000145740	SLC30A5	20.7	39.6	41.5	61.8	30.1	63.9	69.7	MAPPED	True	True	True	True	True
SLC30A6	ENSG00000152683	SLC30A6	24.8	29.1	31.4	57.9	22.0	21.3	42.6	MAPPED	True	True	True	True	True
SLC35B1	ENSG00000121073	SLC35B1	16.6	15.6	15.5	0.0	20.0	25.6	18.2	MAPPED	True	True	True	True	True
SLC35C1	ENSG00000181830	SLC35C1	0.0	2.8	1.2	0.0	4.0	0.0	0.4	MAPPED	True	False	False	True	True
SLC36A1	ENSG00000123643	SLC36A1	2.1	4.8	5.7	3.9	8.0	17.1	6.2	MAPPED	True	True	True	True	True
SLC37A3	ENSG00000157800	SLC37A3	31.1	42.0	25.2	61.8	26.0	17.1	22.8	MAPPED	True	True	True	True	True
SLC38A7	ENSG00000103042	SLC38A7	4.1	26.8	9.6	0.0	16.0	4.3	7.1	MAPPED	True	True	True	True	True
SLC38A9	ENSG00000177058	SLC38A9	24.8	22.3	32.4	50.2	12.0	29.8	34.4	MAPPED	True	True	True	True	True
SLC39A8	ENSG00000138821	SLC39A8	41.4	89.9	3.6	131.3	20.0	42.6	0.9	MAPPED	True	True	True	True	True
SLC3A1	ENSG00000138079	SLC3A1	2.1	2.9	6.3	3.9	10.0	0.0	3.2	MAPPED	True	True	False	True	True
SLC3A2	ENSG00000168003	SLC3A2	26.9	54.6	36.8	23.2	28.0	443.3	27.5	MAPPED	True	True	True	True	True
SLC40A1	ENSG00000138449	SLC40A1	6.2	17.6	1.7	11.6	12.0	38.4	59.7	MAPPED	True	True	True	True	True
SLC41A2	ENSG00000136052	SLC41A2	0.0	54.9	23.7	73.4	24.0	25.6	0.5	MAPPED	True	False	True	True	True
SLC44A2	ENSG00000129353	SLC44A2	20.7	27.6	23.5	57.9	16.0	51.2	1.2	MAPPED	True	True	True	True	True
SLC45A1	ENSG00000162426	SLC45A1	10.4	7.0	8.4	19.3	10.0	0.0	4.0	MAPPED	True	True	False	True	True
SLC45A2	ENSG00000164175	SLC45A2	0.0	1.4	7.1	0.0	4.0	51.2	0.5	MAPPED	True	False	True	True	True
SLC46A1	ENSG00000076351	SLC46A1	4.1	12.8	22.8	3.9	16.0	17.1	5.2	MAPPED	True	True	True	True	True
SLC48A1	ENSG00000211584	SLC48A1	4.1	10.3	6.1	0.0	10.0	25.6	5.7	MAPPED	True	True	True	True	True
SLC4A3	ENSG00000114923	SLC4A3	4.1	20.6	4.7	7.7	350.6	4.3	1.5	MAPPED	True	True	True	True	True
SLC4A4	ENSG00000080493	SLC4A4	0.0	158.4	3.9	691.4	6.0	153.5	2.9	MAPPED	True	False	True	True	True
SLC4A7	ENSG00000033867	SLC4A7	892.2	55.1	172.4	69.5	38.1	8.5	995.3	MAPPED	True	True	True	True	True
SLC4A8	ENSG00000050438	SLC4A8	219.4	206.6	173.2	92.7	222.4	46.9	25.7	MAPPED	True	True	True	True	True
SLC5A7	ENSG00000115665	SLC5A7	0.0	64.9	0.1	0.0	0.0	0.0	0.2	MAPPED	True	False	False	True	True
SLC5A8	ENSG00000256870	SLC5A8	0.0	1.4	0.2	0.0	0.0	0.0	0.0	MAPPED	False	False	False	False	False
SLC66A1	ENSG00000040487	SLC66A1	10.4	8.8	10.2	0.0	6.0	12.8	7.0	MAPPED	True	True	True	True	True
SLC6A1	ENSG00000157103	SLC6A1	0.0	325.0	0.7	0.0	0.0	0.0	0.9	MAPPED	True	False	False	True	True
SLC6A11	ENSG00000132164	SLC6A11	0.0	121.1	11.9	0.0	0.0	0.0	0.8	MAPPED	True	False	False	True	True
SLC6A13	ENSG00000010379	SLC6A13	0.0	0.7	0.5	0.0	0.0	733.2	0.8	MAPPED	True	False	True	True	True
SLC7A1	ENSG00000139514	SLC7A1	95.2	39.4	39.4	23.2	24.0	21.3	65.7	MAPPED	True	True	True	True	True
SLC7A10	ENSG00000130876	SLC7A10	0.0	1.4	1.2	0.0	0.0	42.6	0.1	MAPPED	True	False	True	True	True
SLC7A13	ENSG00000164893	SLC7A13	2.1	0.0	0.1	0.0	0.0	0.0	1.0	MAPPED	True	True	False	True	True
SLC7A14	ENSG00000013293	SLC7A14	0.0	54.3	43.5	11.6	76.1	0.0	1.2	MAPPED	True	False	False	True	True
SLC7A5	ENSG00000103257	SLC7A5	49.7	11.8	25.4	11.6	12.0	400.7	126.4	MAPPED	True	True	True	True	True
SLC7A6	ENSG00000103064	SLC7A6	72.5	87.2	35.9	27.0	32.1	25.6	25.3	MAPPED	True	True	True	True	True
SLC7A6OS	ENSG00000103061	SLC7A6OS	35.2	41.6	24.8	34.8	32.1	21.3	24.8	MAPPED	True	True	True	True	True
SLC7A7	ENSG00000155465	SLC7A7	6.2	3.5	3.0	7.7	0.0	0.0	5.3	MAPPED	True	True	False	True	True
SLC7A8	ENSG00000092068	SLC7A8	2.1	95.4	31.0	65.7	34.1	63.9	4.0	MAPPED	True	True	True	True	True
SLC7A9	ENSG00000021488	SLC7A9	4.1	2.8	5.2	0.0	6.0	0.0	8.1	MAPPED	True	True	False	True	True
SLC8A1	ENSG00000183023	SLC8A1	6.2	462.5	420.7	243.4	20.0	0.0	8.3	MAPPED	True	True	False	True	True
SLC9A1	ENSG00000090020	SLC9A1	6.2	15.6	12.2	23.2	18.0	8.5	9.5	MAPPED	True	True	True	True	True
SLC9A2	ENSG00000115616	SLC9A2	0.0	0.7	0.6	0.0	0.0	0.0	1.8	MAPPED	True	False	False	True	True
SLC9A3	ENSG00000066230	SLC9A3	0.0	0.0	0.2	0.0	0.0	0.0	0.1	MAPPED	True	False	False	True	True
SLC9A3R1	ENSG00000109062	SLC9A3R1	2.1	11.5	1.2	7.7	2.0	247.3	4.1	MAPPED	True	True	True	True	True
SLC9A4	ENSG00000180251	SLC9A4	0.0	0.0	0.0	0.0	0.0	0.0	0.0	MAPPED	False	False	False	False	False
SLC9A5	ENSG00000135740	SLC9A5	0.0	28.1	5.8	7.7	32.1	0.0	1.0	MAPPED	True	False	False	True	True
SLC9A6	ENSG00000198689	SLC9A6	12.4	24.6	22.3	34.8	56.1	4.3	21.6	MAPPED	True	True	True	True	True
SLC9A8	ENSG00000197818	SLC9A8	47.6	18.0	40.1	57.9	46.1	38.4	44.8	MAPPED	True	True	True	True	True
SLC9C1	ENSG00000172139	SLC9C1	0.0	0.0	0.0	0.0	0.0	0.0	0.0	MAPPED	False	False	False	False	False
SLCO6A1	ENSG00000205359	SLCO6A1	2.1	0.7	0.0	0.0	0.0	0.0	0.2	MAPPED	True	True	False	True	True
SLTM	ENSG00000137776	SLTM	194.6	92.0	132.0	92.7	144.2	140.7	207.0	MAPPED	True	True	True	True	True
SLU7	ENSG00000164609	SLU7	29.0	30.0	54.8	11.6	58.1	17.1	40.4	MAPPED	True	True	True	True	True
SMAD4	ENSG00000141646	SMAD4	18.6	16.7	19.1	0.0	14.0	38.4	24.8	MAPPED	True	True	True	True	True
SMAD5	ENSG00000113658	SMAD5	31.1	37.7	36.5	11.6	48.1	68.2	44.2	MAPPED	True	True	True	True	True
SMAD6	ENSG00000137834	SMAD6	0.0	0.0	0.4	11.6	0.0	25.6	0.2	MAPPED	True	False	True	True	True
SMARCAL1	ENSG00000138375	SMARCAL1	39.3	26.0	25.1	50.2	30.1	4.3	17.0	MAPPED	True	True	True	True	True
SMARCC2	ENSG00000139613	SMARCC2	8.3	9.0	8.0	11.6	10.0	17.1	7.9	MAPPED	True	True	True	True	True
SMC1A	ENSG00000072501	SMC1A	29.0	46.0	41.1	42.5	50.1	25.6	60.2	MAPPED	True	True	True	True	True
SMC3	ENSG00000108055	SMC3	89.0	49.2	82.4	50.2	40.1	76.7	90.1	MAPPED	True	True	True	True	True
SMCR8	ENSG00000176994	SMCR8	0.0	0.0	0.0	0.0	0.0	0.0	0.0	MAPPED	False	False	False	False	False
SMG6	ENSG00000070366	SMG6	335.4	111.5	119.8	119.7	108.2	72.5	182.8	MAPPED	True	True	True	True	True
SMN1	ENSG00000172062	SMN1	0.0	2.5	1.3	0.0	0.0	8.5	2.2	MAPPED	True	False	True	True	True
SMNDC1	ENSG00000119953	SMNDC1	16.6	16.0	24.2	11.6	18.0	21.3	29.5	MAPPED	True	True	True	True	True
SMO	ENSG00000128602	SMO	0.0	9.0	2.0	3.9	0.0	12.8	0.7	MAPPED	True	False	True	True	True
SMPD1	ENSG00000166311	SMPD1	2.1	8.4	7.2	3.9	10.0	38.4	1.4	MAPPED	True	True	True	True	True
SMU1	ENSG00000122692	SMU1	26.9	33.7	37.9	19.3	46.1	34.1	55.2	MAPPED	True	True	True	True	True
SMURF1	ENSG00000198742	SMURF1	18.6	38.0	94.7	46.4	76.1	34.1	27.2	MAPPED	True	True	True	True	True
SNAP23	ENSG00000092531	SNAP23	60.0	23.8	28.0	7.7	18.0	51.2	110.6	MAPPED	True	True	True	True	True
SNAP25	ENSG00000132639	SNAP25	308.4	482.2	836.8	521.5	64.1	21.3	432.4	MAPPED	True	True	True	True	True
SNAPC4	ENSG00000165684	SNAPC4	10.4	9.6	13.5	15.5	14.0	12.8	17.9	MAPPED	True	True	True	True	True
SNCA	ENSG00000145335	SNCA	8.3	78.5	1.8	158.4	10.0	149.2	1.7	MAPPED	True	True	True	True	True
SNCG	ENSG00000173267	SNCG	0.0	12.0	4.8	38.6	48.1	0.0	9.0	MAPPED	True	False	False	True	True
SND1	ENSG00000197157	SND1	190.5	97.3	134.1	127.5	234.4	149.2	351.6	MAPPED	True	True	True	True	True
SNF8	ENSG00000159210	SNF8	29.0	34.3	43.5	19.3	36.1	51.2	49.9	MAPPED	True	True	True	True	True
SNIP1	ENSG00000163877	SNIP1	31.1	13.2	15.1	11.6	20.0	25.6	45.1	MAPPED	True	True	True	True	True
SNRNP200	ENSG00000144028	SNRNP200	80.7	40.8	61.7	50.2	66.1	59.7	99.0	MAPPED	True	True	True	True	True
SNRNP27	ENSG00000124380	SNRNP27	18.6	15.0	14.8	19.3	12.0	42.6	20.7	MAPPED	True	True	True	True	True
SNRNP35	ENSG00000184209	SNRNP35	16.6	15.0	28.1	19.3	18.0	34.1	25.7	MAPPED	True	True	True	True	True
SNRNP40	ENSG00000060688	SNRNP40	39.3	31.6	47.5	46.4	22.0	38.4	78.1	MAPPED	True	True	True	True	True
SNRNP48	ENSG00000168566	SNRNP48	24.8	20.8	17.6	3.9	14.0	8.5	16.0	MAPPED	True	True	True	True	True
SNRNP70	ENSG00000104852	SNRNP70	76.6	101.4	85.1	119.7	96.2	81.0	94.5	MAPPED	True	True	True	True	True
SNRPA	ENSG00000077312	SNRPA	18.6	6.4	9.7	3.9	12.0	21.3	10.4	MAPPED	True	True	True	True	True
SNRPA1	ENSG00000131876	SNRPA1	14.5	10.4	18.4	11.6	20.0	12.8	15.4	MAPPED	True	True	True	True	True
SNRPB	ENSG00000125835	SNRPB	12.4	15.0	28.4	3.9	18.0	34.1	29.7	MAPPED	True	True	True	True	True
SNRPB2	ENSG00000125870	SNRPB2	14.5	27.5	23.8	0.0	28.0	34.1	22.7	MAPPED	True	True	True	True	True
SNRPC	ENSG00000124562	SNRPC	31.1	9.4	16.6	23.2	14.0	25.6	28.2	MAPPED	True	True	True	True	True
SNRPD1	ENSG00000167088	SNRPD1	22.8	26.7	45.2	7.7	30.1	55.4	46.6	MAPPED	True	True	True	True	True
SNRPD2	ENSG00000125743	SNRPD2	20.7	15.0	20.4	11.6	30.1	81.0	33.6	MAPPED	True	True	True	True	True
SNRPD3	ENSG00000100028	SNRPD3	0.0	0.0	0.8	0.0	0.0	0.0	2.2	MAPPED	True	False	False	True	True
SNRPE	ENSG00000182004	SNRPE	12.4	9.4	24.7	0.0	24.0	72.5	27.0	MAPPED	True	True	True	True	True
SNRPF	ENSG00000139343	SNRPF	35.2	24.9	41.6	0.0	24.0	85.3	37.8	MAPPED	True	True	True	True	True
SNRPG	ENSG00000143977	SNRPG	31.1	20.2	54.8	3.9	24.0	162.0	57.2	MAPPED	True	True	True	True	True
SNRPN	ENSG00000128739	SNRPN	78.7	121.7	96.6	189.3	162.3	68.2	40.7	MAPPED	True	True	True	True	True
SNTG2	ENSG00000172554	SNTG2	4.1	48.5	6.6	204.7	1238.1	42.6	67.7	MAPPED	True	True	True	True	True
SNU13	ENSG00000100138	SNU13	68.3	74.4	103.7	88.8	40.1	115.1	84.0	MAPPED	True	True	True	True	True
SNW1	ENSG00000100603	SNW1	60.0	33.3	57.5	23.2	42.1	38.4	87.5	MAPPED	True	True	True	True	True
SNX1	ENSG00000028528	SNX1	55.9	54.5	53.1	27.0	74.1	38.4	75.4	MAPPED	True	True	True	True	True
SNX15	ENSG00000110025	SNX15	0.0	0.0	0.0	0.0	0.0	0.0	0.0	MAPPED	False	False	False	False	False
SNX27	ENSG00000143376	SNX27	78.7	64.6	71.2	42.5	42.1	55.4	43.7	MAPPED	True	True	True	True	True
SNX4	ENSG00000114520	SNX4	41.4	59.1	48.7	85.0	58.1	102.3	54.3	MAPPED	True	True	True	True	True
SOCS1	ENSG00000185338	SOCS1	2.1	1.1	1.3	0.0	0.0	0.0	2.2	MAPPED	True	True	False	True	True
SOCS3	ENSG00000184557	SOCS3	0.0	0.0	0.5	0.0	0.0	0.0	1.1	MAPPED	True	False	False	True	True
SOD1	ENSG00000142168	SOD1	51.8	82.4	120.6	34.8	138.2	409.2	91.1	MAPPED	True	True	True	True	True
SOD2	ENSG00000291237	SOD2	120.1	56.5	109.3	85.0	106.2	170.5	145.3	MAPPED	True	True	True	True	True
SOD2-2										UNMAPPED					
SORBS1	ENSG00000095637	SORBS1	14.5	137.6	76.7	397.9	30.1	29.8	20.3	MAPPED	True	True	True	True	True
SORD	ENSG00000140263	SORD	0.0	7.1	13.6	0.0	2.0	29.8	6.6	MAPPED	True	False	True	True	True
SOS1	ENSG00000115904	SOS1	236.0	201.1	194.7	270.4	166.3	76.7	178.8	MAPPED	True	True	True	True	True
SOS2	ENSG00000100485	SOS2	93.2	106.4	96.7	88.8	70.1	59.7	121.3	MAPPED	True	True	True	True	True
SOWAHC	ENSG00000198142	SOWAHC	8.3	4.3	8.7	0.0	0.0	17.1	9.7	MAPPED	True	True	True	True	True
SOX2	ENSG00000181449	SOX2	0.0	0.0	0.0	0.0	0.0	0.0	0.0	MAPPED	False	False	False	False	False
SOX4	ENSG00000124766	SOX4	0.0	61.8	59.7	15.5	48.1	21.3	19.5	MAPPED	True	False	True	True	True
SOX7	ENSG00000171056	SOX7	0.0	0.0	0.0	0.0	0.0	0.0	0.0	MAPPED	False	False	False	False	False
SP1	ENSG00000185591	SP1	8.3	12.2	10.8	38.6	22.0	4.3	22.2	MAPPED	True	True	True	True	True
SP100	ENSG00000067066	SP100	0.0	2.1	0.5	0.0	0.0	8.5	0.7	MAPPED	True	False	True	True	True
SP4	ENSG00000105866	SP4	24.8	23.9	36.7	11.6	26.0	85.3	59.9	MAPPED	True	True	True	True	True
SPACA4	ENSG00000177202	SPACA4	0.0	0.0	0.0	0.0	0.0	0.0	0.0	MAPPED	False	False	False	False	False
SPACA6	ENSG00000182310	SPACA6	2.1	14.1	32.7	7.7	12.0	8.5	0.7	MAPPED	True	True	True	True	True
SPACA9	ENSG00000165698	SPACA9	6.2	2.8	6.3	0.0	24.0	12.8	10.3	MAPPED	True	True	True	True	True
SPAG1	ENSG00000104450	SPAG1	12.4	11.9	11.1	69.5	52.1	17.1	22.4	MAPPED	True	True	True	True	True
SPAG5	ENSG00000076382	SPAG5	0.0	0.0	0.8	0.0	2.0	0.0	0.9	MAPPED	True	False	False	True	True
SPAG6	ENSG00000077327	SPAG6	4.1	4.9	5.0	0.0	12.0	0.0	12.1	MAPPED	True	True	False	True	True
SPAG8	ENSG00000137098	SPAG8	6.2	4.6	3.8	0.0	0.0	4.3	4.9	MAPPED	True	True	True	True	True
SPAM1	ENSG00000106304	SPAM1	0.0	0.7	0.0	0.0	0.0	0.0	0.0	MAPPED	False	False	False	False	False
SPATA17	ENSG00000162814	SPATA17	91.1	0.7	2.1	7.7	0.0	17.1	57.6	MAPPED	True	True	True	True	True
SPATA20	ENSG00000006282	SPATA20	4.1	11.5	1.1	3.9	8.0	42.6	0.7	MAPPED	True	True	True	True	True
SPATA3	ENSG00000173699	SPATA3	0.0	0.0	0.7	3.9	4.0	0.0	0.6	MAPPED	True	False	False	True	True
SPATA4	ENSG00000150628	SPATA4	6.2	2.8	1.9	0.0	6.0	0.0	7.7	MAPPED	True	True	False	True	True
SPATA46	ENSG00000171722	SPATA46	6.2	0.0	0.1	0.0	2.0	0.0	0.0	MAPPED	False	True	False	True	True
SPATA6	ENSG00000132122	SPATA6	163.5	45.2	55.7	38.6	84.1	25.6	132.8	MAPPED	True	True	True	True	True
SPATA7	ENSG00000042317	SPATA7	95.2	71.0	44.5	73.4	52.1	17.1	89.4	MAPPED	True	True	True	True	True
SPEF2	ENSG00000152582	SPEF2	58.0	27.7	29.9	46.4	22.0	38.4	76.7	MAPPED	True	True	True	True	True
SPICE1	ENSG00000163611	SPICE1	0.0	1.1	0.6	0.0	0.0	0.0	2.5	MAPPED	True	False	False	True	True
SPIDR	ENSG00000164808	SPIDR	337.4	189.6	301.1	386.3	322.5	247.3	305.3	MAPPED	True	True	True	True	True
SPIN1	ENSG00000106723	SPIN1	134.6	124.7	106.2	54.1	120.2	110.8	107.2	MAPPED	True	True	True	True	True
SPIN2B	ENSG00000186787	SPIN2B	2.1	4.1	7.4	3.9	4.0	4.3	3.4	MAPPED	True	True	True	True	True
SPNS1	ENSG00000169682	SPNS1	0.0	0.0	0.3	0.0	0.0	0.0	0.1	MAPPED	True	False	False	True	True
SPNS3	ENSG00000182557	SPNS3	2.1	2.1	0.3	0.0	2.0	4.3	0.6	MAPPED	True	True	True	True	True
SPOP	ENSG00000121067	SPOP	126.3	81.3	96.1	30.9	108.2	93.8	111.0	MAPPED	True	True	True	True	True
SPOPL	ENSG00000144228	SPOPL	18.6	22.9	37.5	34.8	34.1	25.6	73.6	MAPPED	True	True	True	True	True
SPRYD7	ENSG00000123178	SPRYD7	10.4	15.4	27.0	3.9	32.1	8.5	30.3	MAPPED	True	True	True	True	True
SPSB2	ENSG00000111671	SPSB2	10.4	2.1	3.9	0.0	4.0	4.3	20.0	MAPPED	True	True	True	True	True
SPTA1	ENSG00000163554	SPTA1	0.0	0.0	0.0	19.3	0.0	0.0	0.1	MAPPED	True	False	False	True	True
SPTAN1	ENSG00000197694	SPTAN1	327.1	280.4	370.6	567.8	160.3	132.2	161.8	MAPPED	True	True	True	True	True
SPTB	ENSG00000070182	SPTB	0.0	29.8	8.7	57.9	18.0	0.0	1.0	MAPPED	True	False	False	True	True
SPTLC1	ENSG00000090054	SPTLC1	35.2	39.7	30.2	19.3	44.1	42.6	34.9	MAPPED	True	True	True	True	True
SQLE	ENSG00000104549	SQLE	22.8	96.7	21.7	173.8	106.2	38.4	41.4	MAPPED	True	True	True	True	True
SQOR	ENSG00000137767	SQOR	0.0	0.0	0.2	0.0	0.0	8.5	0.3	MAPPED	True	False	True	True	True
SRC	ENSG00000197122	SRC	8.3	14.5	7.5	27.0	6.0	4.3	9.6	MAPPED	True	True	True	True	True
SRD5A2	ENSG00000277893	SRD5A2	0.0	3.0	0.0	0.0	2.0	0.0	0.2	MAPPED	True	False	False	True	True
SRD5A3	ENSG00000128039	SRD5A3	0.0	0.0	0.0	0.0	0.0	0.0	0.0	MAPPED	False	False	False	False	False
SREBF1	ENSG00000072310	SREBF1	18.6	30.0	29.7	112.0	86.1	59.7	30.4	MAPPED	True	True	True	True	True
SREBF2	ENSG00000198911	SREBF2	80.7	344.0	153.8	351.5	240.4	162.0	115.7	MAPPED	True	True	True	True	True
SREK1	ENSG00000153914	SREK1	53.8	58.7	45.5	23.2	62.1	93.8	69.4	MAPPED	True	True	True	True	True
SRGAP2	ENSG00000266028	SRGAP2	2.1	65.9	91.3	38.6	0.0	0.0	5.9	MAPPED	True	True	False	True	True
SRGAP3	ENSG00000196220	SRGAP3	254.6	897.2	280.4	193.1	304.5	72.5	131.6	MAPPED	True	True	True	True	True
SRP19	ENSG00000153037	SRP19	16.6	21.0	23.3	23.2	30.1	42.6	35.0	MAPPED	True	True	True	True	True
SRP54	ENSG00000100883	SRP54	99.4	38.1	62.7	34.8	60.1	106.6	90.2	MAPPED	True	True	True	True	True
SRP68	ENSG00000167881	SRP68	35.2	18.4	19.2	11.6	24.0	25.6	23.5	MAPPED	True	True	True	True	True
SRP9	ENSG00000143742	SRP9	43.5	23.4	37.4	3.9	26.0	166.3	63.6	MAPPED	True	True	True	True	True
SRPK1	ENSG00000096063	SRPK1	74.5	64.8	57.9	57.9	46.1	72.5	207.4	MAPPED	True	True	True	True	True
SRPK2	ENSG00000135250	SRPK2	424.4	392.3	274.2	424.9	354.6	247.3	497.5	MAPPED	True	True	True	True	True
SRPRA	ENSG00000182934	SRPRA	16.6	8.9	18.8	3.9	30.1	29.8	16.0	MAPPED	True	True	True	True	True
SRR	ENSG00000167720	SRR	20.7	9.4	10.5	7.7	18.0	8.5	12.0	MAPPED	True	True	True	True	True
SRRM1	ENSG00000133226	SRRM1	109.7	89.6	135.2	50.2	108.2	110.8	143.7	MAPPED	True	True	True	True	True
SRRM2	ENSG00000167978	SRRM2	196.7	195.5	287.5	193.1	278.5	127.9	230.5	MAPPED	True	True	True	True	True
SRRM3	ENSG00000177679	SRRM3	513.4	403.4	234.3	421.0	356.6	0.0	481.2	MAPPED	True	True	False	True	True
SRRT	ENSG00000087087	SRRT	26.9	25.0	25.3	27.0	38.1	29.8	68.8	MAPPED	True	True	True	True	True
SRSF1	ENSG00000136450	SRSF1	0.0	0.8	0.6	0.0	0.0	0.0	0.9	MAPPED	True	False	False	True	True
SRSF10	ENSG00000188529	SRSF10	142.8	104.4	139.3	69.5	102.2	42.6	263.5	MAPPED	True	True	True	True	True
SRSF11	ENSG00000116754	SRSF11	142.8	164.2	175.3	92.7	204.3	153.5	184.4	MAPPED	True	True	True	True	True
SRSF2	ENSG00000161547	SRSF2	55.9	45.9	91.7	11.6	42.1	85.3	101.7	MAPPED	True	True	True	True	True
SRSF3	ENSG00000112081	SRSF3	53.8	46.0	87.4	30.9	80.1	89.5	96.0	MAPPED	True	True	True	True	True
SRSF4	ENSG00000116350	SRSF4	136.6	102.5	122.2	112.0	134.2	123.6	227.9	MAPPED	True	True	True	True	True
SRSF5	ENSG00000100650	SRSF5	130.4	135.0	257.8	131.3	268.5	251.5	185.7	MAPPED	True	True	True	True	True
SRSF6	ENSG00000124193	SRSF6	0.0	0.8	1.8	3.9	0.0	4.3	1.1	MAPPED	True	False	True	True	True
SRSF7	ENSG00000115875	SRSF7	62.1	50.9	76.4	54.1	62.1	55.4	135.2	MAPPED	True	True	True	True	True
SRSF9	ENSG00000111786	SRSF9	58.0	21.4	34.9	7.7	30.1	42.6	53.6	MAPPED	True	True	True	True	True
SSH3	ENSG00000172830	SSH3	0.0	0.7	1.2	3.9	4.0	4.3	0.3	MAPPED	True	False	True	True	True
SSR4	ENSG00000180879	SSR4	37.3	5.4	24.5	0.0	12.0	187.6	39.2	MAPPED	True	True	True	True	True
SSRP1	ENSG00000149136	SSRP1	12.4	18.6	17.5	0.0	18.0	8.5	11.6	MAPPED	True	True	True	True	True
SSTR2	ENSG00000180616	SSTR2	0.0	0.0	0.0	0.0	0.0	0.0	0.0	MAPPED	False	False	False	False	False
SSTR3	ENSG00000278195	SSTR3	0.0	0.0	0.7	0.0	0.0	0.0	0.0	MAPPED	False	False	False	False	False
SSTR5	ENSG00000162009	SSTR5	0.0	0.0	0.0	0.0	48.1	0.0	0.2	MAPPED	True	False	False	True	True
SSX2IP	ENSG00000117155	SSX2IP	345.7	12.8	47.7	30.9	26.0	174.8	273.4	MAPPED	True	True	True	True	True
ST6GAL2	ENSG00000144057	ST6GAL2	0.0	74.1	20.4	30.9	0.0	0.0	0.2	MAPPED	True	False	False	True	True
STAB1	ENSG00000010327	STAB1	0.0	0.0	1.1	0.0	0.0	0.0	0.1	MAPPED	True	False	False	True	True
STAB2	ENSG00000136011	STAB2	0.0	1.8	1.0	3.9	2.0	0.0	2.0	MAPPED	True	False	False	True	True
STAG2	ENSG00000101972	STAG2	138.7	78.2	106.2	65.7	100.2	140.7	204.2	MAPPED	True	True	True	True	True
STAM	ENSG00000136738	STAM	35.2	36.4	39.3	27.0	30.1	55.4	31.7	MAPPED	True	True	True	True	True
STAM2	ENSG00000115145	STAM2	29.0	29.8	25.8	27.0	30.1	59.7	39.2	MAPPED	True	True	True	True	True
STARD3	ENSG00000131748	STARD3	16.6	17.7	13.6	15.5	20.0	8.5	13.1	MAPPED	True	True	True	True	True
STARD3NL	ENSG00000010270	STARD3NL	49.7	25.8	37.0	54.1	26.0	17.1	54.3	MAPPED	True	True	True	True	True
STARD7	ENSG00000084090	STARD7	120.1	25.0	48.8	38.6	32.1	187.6	107.2	MAPPED	True	True	True	True	True
STARD9	ENSG00000159433	STARD9	109.7	27.3	18.4	119.7	70.1	98.0	196.8	MAPPED	True	True	True	True	True
STAT1	ENSG00000115415	STAT1	204.9	175.7	187.4	397.9	104.2	34.1	280.4	MAPPED	True	True	True	True	True
STAT2	ENSG00000170581	STAT2	45.5	27.1	26.0	27.0	14.0	51.2	45.9	MAPPED	True	True	True	True	True
STAT3	ENSG00000168610	STAT3	182.2	126.4	130.6	146.8	64.1	63.9	404.2	MAPPED	True	True	True	True	True
STATH	ENSG00000126549	STATH	0.0	0.0	0.0	0.0	0.0	0.0	0.0	MAPPED	False	False	False	False	False
STAU1	ENSG00000124214	STAU1	84.9	51.0	51.2	46.4	74.1	153.5	67.9	MAPPED	True	True	True	True	True
STBD1	ENSG00000118804	STBD1	0.0	0.0	0.1	0.0	0.0	0.0	0.0	MAPPED	False	False	False	False	False
STEAP3	ENSG00000115107	STEAP3	0.0	13.2	0.3	0.0	0.0	0.0	0.0	MAPPED	False	False	False	False	False
STIL	ENSG00000123473	STIL	6.2	4.3	4.8	11.6	2.0	17.1	3.8	MAPPED	True	True	True	True	True
STK11	ENSG00000118046	STK11	20.7	21.8	20.5	15.5	18.0	25.6	13.8	MAPPED	True	True	True	True	True
STK38L	ENSG00000211455	STK38L	29.0	32.2	36.7	34.8	30.1	17.1	24.6	MAPPED	True	True	True	True	True
STOM	ENSG00000148175	STOM	66.2	0.0	13.0	3.9	4.0	21.3	36.2	MAPPED	True	True	True	True	True
STOML2	ENSG00000165283	STOML2	16.6	8.3	18.1	3.9	6.0	17.1	17.5	MAPPED	True	True	True	True	True
STOML3	ENSG00000133115	STOML3	0.0	0.7	0.2	0.0	0.0	0.0	0.1	MAPPED	True	False	False	True	True
STRA6	ENSG00000137868	STRA6	0.0	0.0	0.0	0.0	0.0	4.3	0.0	MAPPED	False	False	True	False	True
STRC	ENSG00000242866	STRC	4.1	0.7	1.8	11.6	0.0	0.0	3.7	MAPPED	True	True	False	True	True
STUB1	ENSG00000103266	STUB1	29.0	21.6	46.9	3.9	26.0	68.2	32.8	MAPPED	True	True	True	True	True
STX1A	ENSG00000106089	STX1A	0.0	9.2	5.4	3.9	2.0	0.0	3.2	MAPPED	True	False	False	True	True
STX3	ENSG00000166900	STX3	250.5	57.5	300.6	42.5	38.1	42.6	321.3	MAPPED	True	True	True	True	True
STXBP4	ENSG00000166263	STXBP4	204.9	37.6	48.4	23.2	44.1	59.7	127.3	MAPPED	True	True	True	True	True
SUCLA2	ENSG00000136143	SUCLA2	70.4	80.1	95.5	54.1	68.1	68.2	104.6	MAPPED	True	True	True	True	True
SUCLG1	ENSG00000163541	SUCLG1	31.1	24.9	43.5	30.9	58.1	93.8	42.0	MAPPED	True	True	True	True	True
SUCLG2	ENSG00000172340	SUCLG2	39.3	35.3	26.8	15.5	114.2	98.0	55.9	MAPPED	True	True	True	True	True
SUFU	ENSG00000107882	SUFU	55.9	73.8	38.9	34.8	64.1	4.3	75.8	MAPPED	True	True	True	True	True
SUGCT	ENSG00000175600	SUGCT	138.7	33.4	33.3	57.9	16.0	38.4	121.7	MAPPED	True	True	True	True	True
SUGP1	ENSG00000105705	SUGP1	18.6	21.4	19.3	30.9	26.0	12.8	21.2	MAPPED	True	True	True	True	True
SUGP2	ENSG00000064607	SUGP2	82.8	93.2	74.1	73.4	96.2	63.9	105.3	MAPPED	True	True	True	True	True
SUMF1	ENSG00000144455	SUMF1	231.9	254.7	202.9	386.3	122.2	119.4	259.8	MAPPED	True	True	True	True	True
SUMO1	ENSG00000116030	SUMO1	60.0	61.5	66.3	46.4	58.1	89.5	60.9	MAPPED	True	True	True	True	True
SUMO2	ENSG00000188612	SUMO2	18.6	18.3	17.9	15.5	4.0	38.4	33.9	MAPPED	True	True	True	True	True
SUMO4	ENSG00000177688	SUMO4	0.0	0.0	0.0	0.0	0.0	0.0	0.0	MAPPED	False	False	False	False	False
SUPT16H	ENSG00000092201	SUPT16H	144.9	41.7	49.4	27.0	48.1	25.6	101.3	MAPPED	True	True	True	True	True
SUPT5H	ENSG00000196235	SUPT5H	47.6	35.9	32.8	15.5	52.1	63.9	51.5	MAPPED	True	True	True	True	True
SUPT6H	ENSG00000109111	SUPT6H	113.9	47.4	54.3	50.2	50.1	85.3	86.4	MAPPED	True	True	True	True	True
SV2A	ENSG00000159164	SV2A	2.1	134.1	60.6	42.5	40.1	0.0	2.1	MAPPED	True	True	False	True	True
SWI5	ENSG00000175854	SWI5	37.3	28.5	42.2	50.2	26.0	38.4	39.4	MAPPED	True	True	True	True	True
SYF2	ENSG00000117614	SYF2	26.9	19.7	43.9	38.6	38.1	34.1	48.2	MAPPED	True	True	True	True	True
SYNCRIP	ENSG00000135316	SYNCRIP	0.0	0.0	0.1	0.0	0.0	0.0	0.2	MAPPED	True	False	False	True	True
SYNE1	ENSG00000131018	SYNE1	265.0	561.1	1062.7	432.6	374.6	25.6	250.0	MAPPED	True	True	True	True	True
SYNGR1	ENSG00000100321	SYNGR1	82.8	63.3	179.5	54.1	42.1	119.4	81.3	MAPPED	True	True	True	True	True
SYNJ1	ENSG00000159082	SYNJ1	173.9	77.1	63.5	50.2	34.1	119.4	178.1	MAPPED	True	True	True	True	True
SYNJ2	ENSG00000078269	SYNJ2	2.1	72.9	1.5	30.9	2.0	21.3	0.4	MAPPED	True	True	True	True	True
SYNRG	ENSG00000275066	SYNRG	12.4	15.4	18.0	19.3	12.0	17.1	18.0	MAPPED	True	True	True	True	True
SYP	ENSG00000102003	SYP	285.7	182.7	391.6	119.7	118.2	17.1	366.3	MAPPED	True	True	True	True	True
SYS1	ENSG00000204070	SYS1	0.0	0.0	0.0	0.0	0.0	0.0	0.3	MAPPED	True	False	False	True	True
TAAR1	ENSG00000146399	TAAR1	0.0	0.0	0.0	0.0	0.0	0.0	0.0	MAPPED	False	False	False	False	False
TAAR5	ENSG00000135569	TAAR5	0.0	0.0	0.0	0.0	0.0	0.0	0.0	MAPPED	False	False	False	False	False
TAC1	ENSG00000006128	TAC1	0.0	0.0	0.2	0.0	0.0	0.0	0.0	MAPPED	False	False	False	False	False
TACC1	ENSG00000147526	TACC1	41.4	115.2	33.1	54.1	176.3	494.5	54.7	MAPPED	True	True	True	True	True
TACC3	ENSG00000013810	TACC3	10.4	14.5	3.6	3.9	8.0	0.0	7.7	MAPPED	True	True	False	True	True
TAF1	ENSG00000147133	TAF1	86.9	71.2	91.5	73.4	60.1	34.1	132.8	MAPPED	True	True	True	True	True
TAF4	ENSG00000130699	TAF4	10.4	16.7	18.0	7.7	22.0	4.3	24.8	MAPPED	True	True	True	True	True
TAF4B	ENSG00000141384	TAF4B	6.2	30.0	4.6	38.6	16.0	4.3	9.8	MAPPED	True	True	True	True	True
TAF6	ENSG00000106290	TAF6	0.0	9.8	7.7	7.7	12.0	4.3	8.3	MAPPED	True	False	True	True	True
TAF7	ENSG00000178913	TAF7	45.5	30.3	87.4	11.6	56.1	63.9	57.6	MAPPED	True	True	True	True	True
TAF9	ENSG00000273841	TAF9	0.0	0.0	0.0	0.0	0.0	0.0	0.3	MAPPED	True	False	False	True	True
TALDO1	ENSG00000177156	TALDO1	37.3	19.2	37.4	34.8	44.1	59.7	41.5	MAPPED	True	True	True	True	True
TAPBP	ENSG00000231925	TAPBP	0.0	0.7	1.1	0.0	0.0	0.0	0.7	MAPPED	True	False	False	True	True
TARDBP	ENSG00000120948	TARDBP	51.8	30.2	42.6	27.0	38.1	68.2	58.0	MAPPED	True	True	True	True	True
TAS2R1	ENSG00000169777	TAS2R1	0.0	0.0	0.0	0.0	0.0	0.0	0.0	MAPPED	False	False	False	False	False
TAS2R16	ENSG00000128519	TAS2R16	0.0	0.0	0.0	0.0	0.0	0.0	0.0	MAPPED	False	False	False	False	False
TAS2R38	ENSG00000257138	TAS2R38	0.0	0.0	0.0	0.0	0.0	0.0	0.0	MAPPED	False	False	False	False	False
TAS2R4	ENSG00000127364	TAS2R4	0.0	0.0	0.0	0.0	0.0	0.0	0.0	MAPPED	False	False	False	False	False
TAT	ENSG00000198650	TAT	0.0	0.0	0.4	0.0	0.0	0.0	1.0	MAPPED	True	False	False	True	True
TAZ										UNMAPPED					
TBC1D31	ENSG00000156787	TBC1D31	29.0	15.2	15.5	23.2	10.0	17.1	20.8	MAPPED	True	True	True	True	True
TBC1D32	ENSG00000146350	TBC1D32	101.4	153.1	137.8	127.5	130.2	29.8	614.9	MAPPED	True	True	True	True	True
TBCC	ENSG00000124659	TBCC	39.3	12.5	29.3	3.9	14.0	8.5	26.5	MAPPED	True	True	True	True	True
TBCD	ENSG00000141556	TBCD	49.7	99.5	52.1	77.3	68.1	17.1	44.2	MAPPED	True	True	True	True	True
TBCK	ENSG00000145348	TBCK	93.2	158.3	119.5	135.2	110.2	63.9	123.0	MAPPED	True	True	True	True	True
TBK1	ENSG00000183735	TBK1	31.1	41.6	41.8	27.0	52.1	25.6	43.6	MAPPED	True	True	True	True	True
TBL1X	ENSG00000101849	TBL1X	157.3	195.7	32.9	162.2	50.1	29.8	254.3	MAPPED	True	True	True	True	True
TBL1XR1	ENSG00000177565	TBL1XR1	294.0	296.5	276.6	177.7	284.5	213.1	298.2	MAPPED	True	True	True	True	True
TBL1Y	ENSG00000092377	TBL1Y	0.0	0.0	0.2	0.0	0.0	0.0	0.5	MAPPED	True	False	False	True	True
TBL2	ENSG00000106638	TBL2	0.0	3.2	9.5	7.7	8.0	12.8	7.6	MAPPED	True	False	True	True	True
TBP	ENSG00000112592	TBP	12.4	16.0	15.8	7.7	16.0	8.5	16.9	MAPPED	True	True	True	True	True
TBX6	ENSG00000149922	TBX6	2.1	1.4	1.0	3.9	2.0	0.0	1.9	MAPPED	True	True	False	True	True
TBXA2R	ENSG00000006638	TBXA2R	0.0	0.7	0.0	3.9	2.0	0.0	0.2	MAPPED	True	False	False	True	True
TCAP	ENSG00000173991	TCAP	0.0	4.0	0.6	0.0	4.0	0.0	0.5	MAPPED	True	False	False	True	True
TCEA1	ENSG00000187735	TCEA1	70.4	35.6	54.5	34.8	58.1	68.2	84.3	MAPPED	True	True	True	True	True
TCEA2	ENSG00000171703	TCEA2	10.4	28.9	29.5	23.2	50.1	63.9	16.7	MAPPED	True	True	True	True	True
TCEA3	ENSG00000204219	TCEA3	0.0	1.4	0.3	0.0	14.0	17.1	0.2	MAPPED	True	False	True	True	True
TCERG1	ENSG00000113649	TCERG1	76.6	98.9	86.5	57.9	60.1	63.9	73.4	MAPPED	True	True	True	True	True
TCERG1L	ENSG00000176769	TCERG1L	86.9	123.3	18.6	85.0	665.1	0.0	33.2	MAPPED	True	True	False	True	True
TCF15	ENSG00000125878	TCF15	0.0	1.4	0.2	0.0	0.0	0.0	0.0	MAPPED	False	False	False	False	False
TCOF1	ENSG00000070814	TCOF1	12.4	14.5	17.9	0.0	16.0	17.1	16.6	MAPPED	True	True	True	True	True
TCP1	ENSG00000120438	TCP1	35.2	24.1	25.6	15.5	30.1	38.4	36.2	MAPPED	True	True	True	True	True
TCTE3										UNMAPPED					
TCTEX1D1										UNMAPPED					
TCTEX1D2										UNMAPPED					
TCTEX1D4										UNMAPPED					
TCTN1	ENSG00000204852	TCTN1	55.9	11.3	12.2	11.6	22.0	21.3	52.6	MAPPED	True	True	True	True	True
TCTN2	ENSG00000168778	TCTN2	26.9	10.4	5.1	11.6	4.0	0.0	28.2	MAPPED	True	True	False	True	True
TCTN3	ENSG00000119977	TCTN3	14.5	19.5	28.3	7.7	30.1	51.2	41.0	MAPPED	True	True	True	True	True
TDG	ENSG00000139372	TDG	8.3	25.4	39.0	42.5	24.0	17.1	32.5	MAPPED	True	True	True	True	True
TDRD9	ENSG00000156414	TDRD9	20.7	25.9	32.0	38.6	36.1	157.7	11.2	MAPPED	True	True	True	True	True
TECTB	ENSG00000119913	TECTB	2.1	0.0	0.0	0.0	0.0	17.1	0.2	MAPPED	True	True	True	True	True
TEKT1	ENSG00000167858	TEKT1	0.0	1.4	0.8	0.0	0.0	0.0	0.9	MAPPED	True	False	False	True	True
TEKT2	ENSG00000092850	TEKT2	0.0	0.7	0.0	0.0	2.0	0.0	0.1	MAPPED	True	False	False	True	True
TEKT3	ENSG00000125409	TEKT3	0.0	1.4	0.8	0.0	2.0	0.0	0.2	MAPPED	True	False	False	True	True
TEKT4	ENSG00000163060	TEKT4	0.0	0.0	0.0	0.0	0.0	0.0	0.0	MAPPED	False	False	False	False	False
TELO2	ENSG00000100726	TELO2	18.6	14.7	8.9	7.7	14.0	0.0	11.1	MAPPED	True	True	False	True	True
TENT4A	ENSG00000112941	TENT4A	93.2	74.2	46.1	42.5	58.1	29.8	72.7	MAPPED	True	True	True	True	True
TERT	ENSG00000164362	TERT	0.0	0.0	0.4	0.0	0.0	0.0	0.2	MAPPED	True	False	False	True	True
TEX10	ENSG00000136891	TEX10	12.4	28.1	22.2	15.5	12.0	0.0	17.2	MAPPED	True	True	False	True	True
TEX29	ENSG00000153495	TEX29	0.0	0.7	1.3	0.0	2.0	0.0	0.6	MAPPED	True	False	False	True	True
TFAP2A	ENSG00000137203	TFAP2A	2.1	175.7	1.0	0.0	70.1	0.0	0.9	MAPPED	True	True	False	True	True
TFAP4	ENSG00000090447	TFAP4	4.1	3.2	7.3	0.0	0.0	0.0	6.0	MAPPED	True	True	False	True	True
TFEB	ENSG00000112561	TFEB	22.8	28.5	10.5	23.2	64.1	4.3	10.1	MAPPED	True	True	True	True	True
TFIP11	ENSG00000100109	TFIP11	20.7	12.3	18.4	7.7	18.0	8.5	18.2	MAPPED	True	True	True	True	True
TFPI2	ENSG00000105825	TFPI2	26.9	1.4	4.7	7.7	4.0	204.6	80.2	MAPPED	True	True	True	True	True
TFPT	ENSG00000105619	TFPT	4.1	2.1	4.2	0.0	0.0	8.5	3.8	MAPPED	True	True	True	True	True
TFR2	ENSG00000106327	TFR2	8.3	22.4	10.2	15.5	34.1	0.0	2.0	MAPPED	True	True	False	True	True
TFRC	ENSG00000072274	TFRC	93.2	35.6	70.1	208.6	52.1	72.5	61.2	MAPPED	True	True	True	True	True
TGFB1	ENSG00000105329	TGFB1	33.1	19.3	32.9	15.5	26.0	17.1	52.2	MAPPED	True	True	True	True	True
TGFBR1	ENSG00000106799	TGFBR1	22.8	46.2	38.1	27.0	10.0	55.4	14.3	MAPPED	True	True	True	True	True
TGFBR2	ENSG00000163513	TGFBR2	0.0	0.7	21.6	3.9	0.0	34.1	0.4	MAPPED	True	False	True	True	True
TGFBR3	ENSG00000069702	TGFBR3	10.4	11.7	2.5	11.6	14.0	59.7	2.8	MAPPED	True	True	True	True	True
TGM5	ENSG00000104055	TGM5	2.1	0.0	0.1	0.0	0.0	0.0	0.1	MAPPED	True	True	False	True	True
TGM7	ENSG00000159495	TGM7	0.0	0.0	0.2	0.0	0.0	0.0	0.0	MAPPED	False	False	False	False	False
TH	ENSG00000180176	TH	0.0	0.0	0.0	0.0	0.0	4.3	0.1	MAPPED	True	False	True	True	True
THBS1	ENSG00000137801	THBS1	4.1	0.7	0.0	0.0	0.0	25.6	1.4	MAPPED	True	True	True	True	True
THEM6	ENSG00000130193	THEM6	8.3	7.6	10.7	0.0	8.0	8.5	7.9	MAPPED	True	True	True	True	True
THNSL1	ENSG00000185875	THNSL1	0.0	0.0	0.2	0.0	0.0	0.0	0.1	MAPPED	True	False	False	True	True
THNSL2	ENSG00000144115	THNSL2	0.0	10.3	11.9	3.9	10.0	8.5	4.5	MAPPED	True	False	True	True	True
THOC1	ENSG00000079134	THOC1	58.0	59.5	62.4	38.6	50.1	34.1	81.0	MAPPED	True	True	True	True	True
THOC2	ENSG00000125676	THOC2	252.6	114.4	101.1	77.3	68.1	102.3	217.9	MAPPED	True	True	True	True	True
THRAP3	ENSG00000054118	THRAP3	118.0	108.1	125.2	77.3	86.1	98.0	166.5	MAPPED	True	True	True	True	True
THRB	ENSG00000151090	THRB	875.7	93.8	223.3	185.4	10.0	63.9	313.1	MAPPED	True	True	True	True	True
THRSP	ENSG00000151365	THRSP	0.0	7.6	4.5	0.0	4.0	0.0	0.5	MAPPED	True	False	False	True	True
THUMPD2	ENSG00000138050	THUMPD2	35.2	34.0	51.4	23.2	14.0	29.8	40.8	MAPPED	True	True	True	True	True
THYN1	ENSG00000151500	THYN1	6.2	6.7	15.6	3.9	18.0	8.5	12.2	MAPPED	True	True	True	True	True
TIA1	ENSG00000116001	TIA1	0.0	2.1	3.5	7.7	0.0	12.8	5.4	MAPPED	True	False	True	True	True
TIGAR	ENSG00000078237	TIGAR	0.0	0.0	0.0	0.0	0.0	0.0	0.0	MAPPED	False	False	False	False	False
TIMD4	ENSG00000145850	TIMD4	0.0	0.8	0.0	0.0	0.0	0.0	0.2	MAPPED	True	False	False	True	True
TIMM10	ENSG00000134809	TIMM10	6.2	3.9	8.7	0.0	4.0	25.6	6.1	MAPPED	True	True	True	True	True
TIMM13	ENSG00000099800	TIMM13	10.4	9.5	22.3	0.0	14.0	68.2	17.4	MAPPED	True	True	True	True	True
TIMM17A	ENSG00000134375	TIMM17A	45.5	21.1	25.4	19.3	24.0	55.4	52.9	MAPPED	True	True	True	True	True
TIMM17B	ENSG00000126768	TIMM17B	14.5	8.0	20.8	0.0	8.0	38.4	23.1	MAPPED	True	True	True	True	True
TIMM21	ENSG00000075336	TIMM21	8.3	9.2	12.1	3.9	14.0	12.8	14.6	MAPPED	True	True	True	True	True
TIMM22	ENSG00000177370	TIMM22	0.0	0.0	0.1	0.0	0.0	4.3	0.4	MAPPED	True	False	True	True	True
TIMM23	ENSG00000265354	TIMM23	16.6	14.1	21.0	15.5	6.0	29.8	32.4	MAPPED	True	True	True	True	True
TIMM44	ENSG00000104980	TIMM44	22.8	31.7	35.9	46.4	46.1	12.8	39.1	MAPPED	True	True	True	True	True
TIMM50	ENSG00000105197	TIMM50	14.5	12.5	7.7	23.2	12.0	21.3	12.3	MAPPED	True	True	True	True	True
TIMM8A	ENSG00000126953	TIMM8A	0.0	2.1	4.0	0.0	0.0	4.3	5.1	MAPPED	True	False	True	True	True
TIMM8B	ENSG00000150779	TIMM8B	31.1	7.0	22.5	19.3	16.0	76.7	35.5	MAPPED	True	True	True	True	True
TIMM9	ENSG00000100575	TIMM9	45.5	9.1	15.5	11.6	18.0	21.3	27.1	MAPPED	True	True	True	True	True
TIMP2	ENSG00000035862	TIMP2	14.5	52.2	49.7	38.6	10.0	55.4	11.5	MAPPED	True	True	True	True	True
TIMP3	ENSG00000100234	TIMP3	0.0	35.1	2.9	370.8	42.1	5848.8	2.2	MAPPED	True	False	True	True	True
TIRAP	ENSG00000150455	TIRAP	4.1	4.1	10.0	19.3	8.0	4.3	7.0	MAPPED	True	True	True	True	True
TJAP1	ENSG00000137221	TJAP1	10.4	9.4	16.7	23.2	20.0	21.3	18.3	MAPPED	True	True	True	True	True
TJP1	ENSG00000104067	TJP1	12.4	41.7	24.6	54.1	80.1	17.1	42.4	MAPPED	True	True	True	True	True
TK1	ENSG00000167900	TK1	2.1	0.7	0.0	0.0	0.0	0.0	0.2	MAPPED	True	True	False	True	True
TKFC	ENSG00000149476	TKFC	16.6	5.9	7.5	3.9	14.0	17.1	7.6	MAPPED	True	True	True	True	True
TKT	ENSG00000163931	TKT	29.0	70.7	19.2	54.1	16.0	115.1	28.2	MAPPED	True	True	True	True	True
TKTL1	ENSG00000007350	TKTL1	0.0	0.0	1.3	0.0	20.0	0.0	0.6	MAPPED	True	False	False	True	True
TKTL2	ENSG00000151005	TKTL2	0.0	0.0	0.0	0.0	0.0	0.0	0.0	MAPPED	False	False	False	False	False
TLR2	ENSG00000137462	TLR2	0.0	0.7	0.0	0.0	0.0	0.0	0.2	MAPPED	True	False	False	True	True
TLR4	ENSG00000136869	TLR4	0.0	0.0	0.0	0.0	0.0	0.0	0.0	MAPPED	False	False	False	False	False
TM4SF1	ENSG00000169908	TM4SF1	0.0	0.0	0.0	0.0	0.0	29.8	1.6	MAPPED	True	False	True	True	True
TM4SF19	ENSG00000145107	TM4SF19	0.0	0.0	0.0	0.0	0.0	0.0	0.0	MAPPED	False	False	False	False	False
TM4SF5	ENSG00000142484	TM4SF5	0.0	0.0	0.0	0.0	0.0	0.0	0.2	MAPPED	True	False	False	True	True
TM7SF2	ENSG00000149809	TM7SF2	14.5	16.8	8.5	3.9	20.0	21.3	6.7	MAPPED	True	True	True	True	True
TMC1	ENSG00000165091	TMC1	0.0	2.1	1.9	0.0	0.0	0.0	1.6	MAPPED	True	False	False	True	True
TMEM107	ENSG00000179029	TMEM107	43.5	14.7	7.1	0.0	10.0	12.8	43.7	MAPPED	True	True	True	True	True
TMEM119	ENSG00000183160	TMEM119	0.0	0.0	0.2	0.0	0.0	0.0	0.0	MAPPED	False	False	False	False	False
TMEM129	ENSG00000168936	TMEM129	8.3	21.3	17.2	15.5	24.0	4.3	11.2	MAPPED	True	True	True	True	True
TMEM138	ENSG00000149483	TMEM138	41.4	17.4	18.0	7.7	18.0	38.4	134.9	MAPPED	True	True	True	True	True
TMEM17	ENSG00000186889	TMEM17	10.4	3.4	12.5	0.0	8.0	8.5	2.2	MAPPED	True	True	True	True	True
TMEM170A	ENSG00000166822	TMEM170A	0.0	0.0	0.3	0.0	0.0	0.0	0.3	MAPPED	True	False	False	True	True
TMEM19	ENSG00000139291	TMEM19	14.5	2.8	8.8	0.0	8.0	17.1	4.2	MAPPED	True	True	True	True	True
TMEM204	ENSG00000131634	TMEM204	6.2	1.5	1.3	3.9	2.0	0.0	10.2	MAPPED	True	True	False	True	True
TMEM208	ENSG00000168701	TMEM208	37.3	14.5	21.1	0.0	6.0	55.4	25.3	MAPPED	True	True	True	True	True
TMEM214	ENSG00000119777	TMEM214	4.1	5.5	5.1	3.9	6.0	12.8	4.4	MAPPED	True	True	True	True	True
TMEM216	ENSG00000187049	TMEM216	6.2	8.7	4.6	0.0	2.0	4.3	6.8	MAPPED	True	True	True	True	True
TMEM218	ENSG00000150433	TMEM218	6.2	7.0	8.8	3.9	16.0	8.5	13.9	MAPPED	True	True	True	True	True
TMEM231	ENSG00000205084	TMEM231	0.0	0.0	0.2	0.0	0.0	0.0	0.1	MAPPED	True	False	False	True	True
TMEM236	ENSG00000148483	TMEM236	0.0	1.4	0.2	0.0	2.0	0.0	0.9	MAPPED	True	False	False	True	True
TMEM237	ENSG00000155755	TMEM237	24.8	21.0	19.1	3.9	24.0	4.3	181.8	MAPPED	True	True	True	True	True
TMEM254	ENSG00000133678	TMEM254	20.7	13.0	13.6	15.5	28.0	12.8	30.6	MAPPED	True	True	True	True	True
TMEM260	ENSG00000070269	TMEM260	20.7	54.4	42.0	42.5	48.1	34.1	54.6	MAPPED	True	True	True	True	True
TMEM38B	ENSG00000095209	TMEM38B	37.3	24.3	23.7	11.6	20.0	51.2	22.2	MAPPED	True	True	True	True	True
TMEM39B	ENSG00000121775	TMEM39B	18.6	17.8	12.7	27.0	12.0	12.8	12.8	MAPPED	True	True	True	True	True
TMEM59	ENSG00000116209	TMEM59	107.6	50.6	106.5	11.6	78.1	486.0	99.4	MAPPED	True	True	True	True	True
TMEM67	ENSG00000164953	TMEM67	66.2	23.3	18.8	34.8	30.1	4.3	82.2	MAPPED	True	True	True	True	True
TMEM80	ENSG00000177042	TMEM80	0.0	0.0	0.1	0.0	0.0	0.0	0.2	MAPPED	True	False	False	True	True
TMEM82	ENSG00000162460	TMEM82	0.0	0.0	0.3	3.9	0.0	0.0	0.0	MAPPED	False	False	False	False	False
TMEM87B	ENSG00000153214	TMEM87B	16.6	35.3	26.8	61.8	48.1	4.3	52.6	MAPPED	True	True	True	True	True
TMEM98	ENSG00000006042	TMEM98	2.1	8.3	0.6	0.0	0.0	1206.4	0.9	MAPPED	True	True	True	True	True
TMEM9B	ENSG00000175348	TMEM9B	16.6	22.2	43.6	0.0	14.0	55.4	35.9	MAPPED	True	True	True	True	True
TMIGD2	ENSG00000167664	TMIGD2	0.0	0.0	0.1	0.0	2.0	0.0	0.2	MAPPED	True	False	False	True	True
TMPO	ENSG00000120802	TMPO	22.8	36.7	26.6	19.3	26.0	21.3	71.2	MAPPED	True	True	True	True	True
TMPRSS3	ENSG00000160183	TMPRSS3	0.0	0.0	0.2	0.0	0.0	4.3	0.4	MAPPED	True	False	True	True	True
TMPRSS4	ENSG00000137648	TMPRSS4	0.0	1.1	0.0	0.0	0.0	0.0	0.9	MAPPED	True	False	False	True	True
TMTC1	ENSG00000133687	TMTC1	0.0	390.3	34.1	100.4	2.0	38.4	1.9	MAPPED	True	False	True	True	True
TNF	ENSG00000232810	TNF	0.0	0.0	0.0	0.0	0.0	0.0	0.0	MAPPED	False	False	False	False	False
TNFAIP1	ENSG00000109079	TNFAIP1	10.4	9.1	23.2	3.9	16.0	21.3	13.4	MAPPED	True	True	True	True	True
TNFRSF10A	ENSG00000104689	TNFRSF10A	0.0	0.0	0.2	0.0	2.0	0.0	0.4	MAPPED	True	False	False	True	True
TNFRSF10B	ENSG00000120889	TNFRSF10B	0.0	2.8	0.8	0.0	2.0	8.5	0.8	MAPPED	True	False	True	True	True
TNFRSF1A	ENSG00000067182	TNFRSF1A	0.0	0.0	0.2	0.0	0.0	29.8	0.5	MAPPED	True	False	True	True	True
TNFSF13B	ENSG00000102524	TNFSF13B	2.1	10.5	6.4	7.7	2.0	8.5	1.1	MAPPED	True	True	True	True	True
TNK2	ENSG00000061938	TNK2	47.6	42.0	23.7	38.6	92.2	8.5	15.3	MAPPED	True	True	True	True	True
TNKS2	ENSG00000107854	TNKS2	122.1	88.7	81.1	46.4	86.1	115.1	129.3	MAPPED	True	True	True	True	True
TNPO1	ENSG00000083312	TNPO1	287.7	123.0	207.3	166.1	150.3	106.6	587.2	MAPPED	True	True	True	True	True
TOMM20	ENSG00000173726	TOMM20	43.5	38.7	29.8	15.5	22.0	157.7	50.9	MAPPED	True	True	True	True	True
TOMM22	ENSG00000100216	TOMM22	16.6	6.3	15.5	0.0	12.0	21.3	15.1	MAPPED	True	True	True	True	True
TOMM40	ENSG00000130204	TOMM40	26.9	29.3	40.7	15.5	32.1	17.1	29.2	MAPPED	True	True	True	True	True
TOMM5	ENSG00000175768	TOMM5	0.0	0.0	0.4	3.9	0.0	4.3	1.7	MAPPED	True	False	True	True	True
TOMM6	ENSG00000214736	TOMM6	0.0	0.0	0.0	0.0	0.0	0.0	0.0	MAPPED	False	False	False	False	False
TOMM7	ENSG00000196683	TOMM7	105.6	49.6	153.3	11.6	70.1	822.8	111.3	MAPPED	True	True	True	True	True
TOMM70	ENSG00000154174	TOMM70	82.8	52.3	56.0	38.6	80.1	42.6	112.7	MAPPED	True	True	True	True	True
TOP1	ENSG00000198900	TOP1	103.5	153.9	142.4	85.0	156.3	140.7	134.0	MAPPED	True	True	True	True	True
TOP1MT	ENSG00000184428	TOP1MT	0.0	7.6	4.2	3.9	4.0	0.0	3.4	MAPPED	True	False	False	True	True
TOP3B	ENSG00000100038	TOP3B	2.1	6.9	5.3	3.9	12.0	4.3	5.1	MAPPED	True	True	True	True	True
TOPORS	ENSG00000197579	TOPORS	0.0	0.0	0.0	0.0	0.0	4.3	0.0	MAPPED	False	False	True	False	True
TOR1AIP1	ENSG00000143337	TOR1AIP1	29.0	12.3	19.1	7.7	14.0	29.8	24.7	MAPPED	True	True	True	True	True
TOX3	ENSG00000103460	TOX3	0.0	58.1	10.3	50.2	162.3	0.0	2.0	MAPPED	True	False	False	True	True
TP53	ENSG00000141510	TP53	6.2	4.1	10.8	0.0	8.0	12.8	11.0	MAPPED	True	True	True	True	True
TP53BP1	ENSG00000067369	TP53BP1	120.1	91.5	90.7	104.3	212.4	21.3	182.7	MAPPED	True	True	True	True	True
TP53I13	ENSG00000167543	TP53I13	0.0	0.0	0.0	3.9	0.0	0.0	0.5	MAPPED	True	False	False	True	True
TPI1	ENSG00000111669	TPI1	140.8	76.7	137.3	30.9	158.3	140.7	158.1	MAPPED	True	True	True	True	True
TPM1	ENSG00000140416	TPM1	240.1	29.9	29.9	73.4	30.1	21.3	280.5	MAPPED	True	True	True	True	True
TPM3	ENSG00000143549	TPM3	55.9	47.3	70.3	69.5	645.1	12.8	59.3	MAPPED	True	True	True	True	True
TPMT	ENSG00000137364	TPMT	37.3	31.2	18.5	7.7	6.0	38.4	28.9	MAPPED	True	True	True	True	True
TPP1	ENSG00000166340	TPP1	4.1	6.8	6.6	7.7	6.0	4.3	6.5	MAPPED	True	True	True	True	True
TPR	ENSG00000047410	TPR	70.4	52.1	74.8	30.9	102.2	38.4	88.6	MAPPED	True	True	True	True	True
TPRA1	ENSG00000163870	TPRA1	14.5	15.5	19.2	11.6	16.0	34.1	24.0	MAPPED	True	True	True	True	True
TPRX1	ENSG00000178928	TPRX1	2.1	0.0	2.3	3.9	0.0	0.0	12.0	MAPPED	True	True	False	True	True
TRA2A	ENSG00000164548	TRA2A	155.3	149.5	135.6	100.4	140.2	81.0	237.7	MAPPED	True	True	True	True	True
TRA2B	ENSG00000136527	TRA2B	120.1	77.4	86.5	57.9	52.1	76.7	148.6	MAPPED	True	True	True	True	True
TRABD	ENSG00000170638	TRABD	2.1	16.7	20.6	15.5	36.1	0.0	15.2	MAPPED	True	True	False	True	True
TRAF3	ENSG00000131323	TRAF3	103.5	103.6	239.2	34.8	42.1	0.0	61.7	MAPPED	True	True	False	True	True
TRAF3IP1	ENSG00000204104	TRAF3IP1	103.5	45.8	32.6	30.9	68.1	29.8	80.4	MAPPED	True	True	True	True	True
TRAK1	ENSG00000182606	TRAK1	229.8	176.4	114.9	189.3	130.2	174.8	318.8	MAPPED	True	True	True	True	True
TRAP1	ENSG00000126602	TRAP1	33.1	51.0	56.3	46.4	78.1	25.6	41.5	MAPPED	True	True	True	True	True
TRAPPC11	ENSG00000168538	TRAPPC11	37.3	47.5	49.7	69.5	54.1	17.1	65.9	MAPPED	True	True	True	True	True
TRAPPC2	ENSG00000196459	TRAPPC2	8.3	13.8	19.1	19.3	16.0	8.5	23.0	MAPPED	True	True	True	True	True
TRAPPC6B	ENSG00000182400	TRAPPC6B	51.8	28.8	32.4	27.0	28.0	72.5	51.3	MAPPED	True	True	True	True	True
TREH	ENSG00000118094	TREH	0.0	0.0	0.4	0.0	0.0	0.0	0.1	MAPPED	True	False	False	True	True
TREM2	ENSG00000095970	TREM2	0.0	0.8	0.2	0.0	0.0	0.0	0.2	MAPPED	True	False	False	True	True
TRHR	ENSG00000174417	TRHR	0.0	0.0	0.7	0.0	0.0	0.0	0.5	MAPPED	True	False	False	True	True
TRIB1	ENSG00000173334	TRIB1	0.0	16.7	18.0	7.7	18.0	51.2	0.9	MAPPED	True	False	True	True	True
TRIM23	ENSG00000113595	TRIM23	31.1	45.1	35.8	30.9	48.1	17.1	34.6	MAPPED	True	True	True	True	True
TRIM24	ENSG00000122779	TRIM24	91.1	70.7	43.9	46.4	212.4	38.4	104.6	MAPPED	True	True	True	True	True
TRIM26	ENSG00000234127	TRIM26	0.0	0.0	0.5	0.0	0.0	0.0	0.4	MAPPED	True	False	False	True	True
TRIM27	ENSG00000204713	TRIM27	0.0	0.0	0.3	0.0	0.0	0.0	0.5	MAPPED	True	False	False	True	True
TRIM28	ENSG00000130726	TRIM28	6.2	14.3	38.1	7.7	28.0	29.8	16.4	MAPPED	True	True	True	True	True
TRIM32	ENSG00000119401	TRIM32	10.4	4.8	12.6	7.7	4.0	0.0	6.3	MAPPED	True	True	False	True	True
TRIM56	ENSG00000169871	TRIM56	0.0	0.0	0.9	0.0	6.0	8.5	0.5	MAPPED	True	False	True	True	True
TRIM66	ENSG00000166436	TRIM66	18.6	21.3	20.2	15.5	46.1	29.8	22.6	MAPPED	True	True	True	True	True
TRIOBP	ENSG00000100106	TRIOBP	4.1	5.5	32.9	23.2	26.0	38.4	7.2	MAPPED	True	True	True	True	True
TRIP10	ENSG00000125733	TRIP10	10.4	0.0	16.0	0.0	2.0	25.6	22.4	MAPPED	True	True	True	True	True
TRIP12	ENSG00000153827	TRIP12	109.7	171.0	96.5	119.7	132.2	115.1	117.9	MAPPED	True	True	True	True	True
TRIP13	ENSG00000071539	TRIP13	0.0	0.0	0.1	0.0	6.0	0.0	0.2	MAPPED	True	False	False	True	True
TRIP4	ENSG00000103671	TRIP4	31.1	29.9	31.2	34.8	38.1	21.3	51.0	MAPPED	True	True	True	True	True
TRIT1	ENSG00000043514	TRIT1	14.5	37.8	16.9	27.0	34.1	63.9	31.4	MAPPED	True	True	True	True	True
TRMT6	ENSG00000089195	TRMT6	8.3	8.4	11.4	0.0	18.0	4.3	7.5	MAPPED	True	True	True	True	True
TRNAU1AP	ENSG00000180098	TRNAU1AP	43.5	40.9	47.9	73.4	28.0	8.5	38.0	MAPPED	True	True	True	True	True
TRNT1	ENSG00000072756	TRNT1	22.8	36.6	34.8	34.8	38.1	8.5	35.8	MAPPED	True	True	True	True	True
TRPA1	ENSG00000104321	TRPA1	0.0	0.0	0.0	0.0	0.0	0.0	0.0	MAPPED	False	False	False	False	False
TRPC6	ENSG00000137672	TRPC6	0.0	39.7	2.1	0.0	2.0	0.0	0.8	MAPPED	True	False	False	True	True
TRPM1	ENSG00000134160	TRPM1	0.0	0.0	275.6	3.9	2.0	204.6	1.8	MAPPED	True	False	True	True	True
TRPV1	ENSG00000196689	TRPV1	18.6	5.0	10.2	15.5	10.0	0.0	25.7	MAPPED	True	True	False	True	True
TRRAP	ENSG00000196367	TRRAP	78.7	128.8	146.5	77.3	118.2	38.4	80.7	MAPPED	True	True	True	True	True
TSC1	ENSG00000165699	TSC1	47.6	56.9	35.9	54.1	66.1	55.4	31.1	MAPPED	True	True	True	True	True
TSC22D3	ENSG00000157514	TSC22D3	0.0	12.3	32.4	23.2	28.0	59.7	4.8	MAPPED	True	False	True	True	True
TSFM	ENSG00000123297	TSFM	2.1	4.9	8.4	0.0	2.0	0.0	3.3	MAPPED	True	True	False	True	True
TSG101	ENSG00000074319	TSG101	51.8	37.6	52.3	11.6	54.1	55.4	56.7	MAPPED	True	True	True	True	True
TSPAN1	ENSG00000117472	TSPAN1	0.0	1.4	1.1	0.0	0.0	4.3	1.3	MAPPED	True	False	True	True	True
TSPAN12	ENSG00000106025	TSPAN12	0.0	1.4	0.0	0.0	0.0	0.0	0.9	MAPPED	True	False	False	True	True
TSPEAR	ENSG00000175894	TSPEAR	0.0	4.2	1.3	7.7	0.0	0.0	4.5	MAPPED	True	False	False	True	True
TSPY10	ENSG00000236424	TSPY10	0.0	0.0	0.0	0.0	0.0	0.0	0.0	MAPPED	False	False	False	False	False
TSSC4	ENSG00000184281	TSSC4	10.4	9.0	21.6	0.0	18.0	29.8	17.9	MAPPED	True	True	True	True	True
TTBK2	ENSG00000128881	TTBK2	171.8	126.8	119.4	185.4	128.2	119.4	215.9	MAPPED	True	True	True	True	True
TTC21A	ENSG00000168026	TTC21A	16.6	19.6	8.8	19.3	10.0	0.0	24.7	MAPPED	True	True	False	True	True
TTC21B	ENSG00000123607	TTC21B	49.7	51.3	53.1	77.3	38.1	29.8	57.8	MAPPED	True	True	True	True	True
TTC25										UNMAPPED					
TTC26	ENSG00000105948	TTC26	39.3	20.1	16.4	50.2	4.0	17.1	45.3	MAPPED	True	True	True	True	True
TTC27	ENSG00000018699	TTC27	39.3	39.2	34.5	42.5	50.1	38.4	44.1	MAPPED	True	True	True	True	True
TTC29	ENSG00000137473	TTC29	2.1	2.6	0.8	15.5	0.0	0.0	0.8	MAPPED	True	True	False	True	True
TTC30A	ENSG00000197557	TTC30A	2.1	0.0	1.4	0.0	6.0	4.3	8.5	MAPPED	True	True	True	True	True
TTC30B	ENSG00000196659	TTC30B	0.0	0.7	1.4	11.6	2.0	8.5	6.1	MAPPED	True	False	True	True	True
TTC5	ENSG00000136319	TTC5	18.6	21.5	14.3	0.0	10.0	17.1	20.0	MAPPED	True	True	True	True	True
TTC8	ENSG00000165533	TTC8	316.7	64.5	80.8	57.9	106.2	55.4	322.4	MAPPED	True	True	True	True	True
TTK	ENSG00000112742	TTK	0.0	0.0	0.8	3.9	0.0	0.0	3.5	MAPPED	True	False	False	True	True
TTL	ENSG00000114999	TTL	14.5	21.3	22.6	38.6	28.0	4.3	30.3	MAPPED	True	True	True	True	True
TTLL1	ENSG00000100271	TTLL1	22.8	4.2	12.8	23.2	12.0	12.8	30.2	MAPPED	True	True	True	True	True
TTLL10	ENSG00000162571	TTLL10	0.0	0.0	0.1	0.0	2.0	0.0	0.2	MAPPED	True	False	False	True	True
TTLL11	ENSG00000175764	TTLL11	72.5	74.9	46.0	96.6	52.1	21.3	45.0	MAPPED	True	True	True	True	True
TTLL4	ENSG00000135912	TTLL4	22.8	2.8	12.9	3.9	6.0	123.6	24.1	MAPPED	True	True	True	True	True
TTLL5	ENSG00000119685	TTLL5	511.3	84.7	58.3	81.1	46.1	34.1	477.3	MAPPED	True	True	True	True	True
TTLL6	ENSG00000170703	TTLL6	6.2	2.8	0.0	0.0	0.0	4.3	4.1	MAPPED	True	True	True	True	True
TTLL7	ENSG00000137941	TTLL7	91.1	103.7	185.5	158.4	160.3	98.0	163.6	MAPPED	True	True	True	True	True
TTN	ENSG00000155657	TTN	39.3	35.1	164.0	69.5	32.1	12.8	45.7	MAPPED	True	True	True	True	True
TTR	ENSG00000118271	TTR	527.9	1.4	45.7	0.0	8.0	61787.5	12.0	MAPPED	True	True	True	True	True
TUB	ENSG00000166402	TUB	149.0	31.8	28.1	42.5	44.1	34.1	309.8	MAPPED	True	True	True	True	True
TUBA1A	ENSG00000167552	TUBA1A	53.8	154.5	115.0	235.6	124.2	46.9	146.9	MAPPED	True	True	True	True	True
TUBA1B	ENSG00000123416	TUBA1B	347.8	134.7	205.7	162.2	280.5	392.2	462.9	MAPPED	True	True	True	True	True
TUBA1C	ENSG00000167553	TUBA1C	18.6	40.5	34.5	50.2	28.0	213.1	45.0	MAPPED	True	True	True	True	True
TUBA3D	ENSG00000075886	TUBA3D	0.0	4.1	2.3	0.0	0.0	0.0	0.5	MAPPED	True	False	False	True	True
TUBA3E	ENSG00000152086	TUBA3E	0.0	0.0	0.0	0.0	0.0	0.0	0.1	MAPPED	True	False	False	True	True
TUBA4A	ENSG00000127824	TUBA4A	74.5	24.8	70.4	7.7	26.0	21.3	26.3	MAPPED	True	True	True	True	True
TUBA8	ENSG00000183785	TUBA8	0.0	3.7	2.9	0.0	0.0	0.0	2.4	MAPPED	True	False	False	True	True
TUBAL3	ENSG00000178462	TUBAL3	0.0	0.0	0.0	0.0	0.0	0.0	0.0	MAPPED	False	False	False	False	False
TUBB	ENSG00000196230	TUBB	0.0	0.0	0.0	0.0	2.0	0.0	0.5	MAPPED	True	False	False	True	True
TUBB1	ENSG00000101162	TUBB1	2.1	0.7	1.3	3.9	0.0	0.0	2.0	MAPPED	True	True	False	True	True
TUBB2A	ENSG00000137267	TUBB2A	2.1	78.0	43.8	30.9	264.4	8.5	11.8	MAPPED	True	True	True	True	True
TUBB2B	ENSG00000137285	TUBB2B	0.0	13.3	37.5	11.6	222.4	0.0	6.8	MAPPED	True	False	False	True	True
TUBB3	ENSG00000258947	TUBB3	0.0	0.7	0.7	0.0	4.0	0.0	0.8	MAPPED	True	False	False	True	True
TUBB4A	ENSG00000104833	TUBB4A	0.0	7.6	1.3	0.0	8.0	85.3	0.4	MAPPED	True	False	True	True	True
TUBB4B	ENSG00000188229	TUBB4B	223.6	35.2	261.9	34.8	122.2	396.5	445.9	MAPPED	True	True	True	True	True
TUBB6	ENSG00000176014	TUBB6	0.0	5.9	6.8	7.7	0.0	25.6	6.7	MAPPED	True	False	True	True	True
TUBB8	ENSG00000261456	TUBB8	2.1	0.7	0.2	0.0	0.0	0.0	0.2	MAPPED	True	True	False	True	True
TUBE1	ENSG00000074935	TUBE1	14.5	22.6	28.2	3.9	8.0	25.6	30.4	MAPPED	True	True	True	True	True
TUBG1	ENSG00000131462	TUBG1	2.1	6.9	10.1	7.7	10.0	8.5	5.9	MAPPED	True	True	True	True	True
TUBG2	ENSG00000037042	TUBG2	6.2	27.0	23.8	15.5	26.0	8.5	6.0	MAPPED	True	True	True	True	True
TUBGCP2	ENSG00000130640	TUBGCP2	24.8	36.7	46.8	65.7	40.1	25.6	53.9	MAPPED	True	True	True	True	True
TUBGCP3	ENSG00000126216	TUBGCP3	49.7	34.5	42.3	38.6	60.1	17.1	43.6	MAPPED	True	True	True	True	True
TUBGCP4	ENSG00000137822	TUBGCP4	24.8	22.5	26.0	34.8	52.1	12.8	53.6	MAPPED	True	True	True	True	True
TUBGCP5	ENSG00000275835	TUBGCP5	0.0	4.1	5.5	3.9	0.0	0.0	4.0	MAPPED	True	False	False	True	True
TUBGCP6	ENSG00000128159	TUBGCP6	16.6	17.5	7.6	0.0	8.0	8.5	10.0	MAPPED	True	True	True	True	True
TUFM	ENSG00000178952	TUFM	58.0	28.8	55.4	11.6	42.1	59.7	50.2	MAPPED	True	True	True	True	True
TULP1	ENSG00000112041	TULP1	370.6	2.5	42.5	15.5	12.0	0.0	427.0	MAPPED	True	True	False	True	True
TULP2	ENSG00000104804	TULP2	10.4	4.3	5.1	19.3	0.0	0.0	3.1	MAPPED	True	True	False	True	True
TULP3	ENSG00000078246	TULP3	31.1	32.2	21.4	57.9	180.3	42.6	36.0	MAPPED	True	True	True	True	True
TULP4	ENSG00000130338	TULP4	409.9	164.3	95.1	115.9	266.4	81.0	160.2	MAPPED	True	True	True	True	True
TUT1	ENSG00000149016	TUT1	2.1	0.0	0.2	0.0	0.0	0.0	0.1	MAPPED	True	True	False	True	True
TVP23C	ENSG00000175106	TVP23C	0.0	0.0	0.2	0.0	0.0	0.0	0.6	MAPPED	True	False	False	True	True
TVP23C-CDRT4	ENSG00000259024	TVP23C-CDRT4	33.1	45.4	33.4	30.9	14.0	46.9	35.5	MAPPED	True	True	True	True	True
TXLNB	ENSG00000164440	TXLNB	0.0	0.0	0.1	0.0	2.0	0.0	0.0	MAPPED	False	False	False	False	False
TXN	ENSG00000136810	TXN	12.4	12.3	22.0	7.7	12.0	68.2	21.8	MAPPED	True	True	True	True	True
TXNIP	ENSG00000265972	TXNIP	18.6	0.7	5.7	0.0	6.0	0.0	1.6	MAPPED	True	True	False	True	True
TXNL4A	ENSG00000141759	TXNL4A	39.3	32.0	37.3	23.2	62.1	140.7	42.4	MAPPED	True	True	True	True	True
TXNL4B	ENSG00000140830	TXNL4B	12.4	11.2	5.4	15.5	14.0	12.8	8.6	MAPPED	True	True	True	True	True
TXNRD1	ENSG00000198431	TXNRD1	103.5	47.5	54.5	77.3	82.1	260.0	75.2	MAPPED	True	True	True	True	True
TXNRD2	ENSG00000184470	TXNRD2	24.8	25.0	27.2	3.9	30.1	38.4	14.9	MAPPED	True	True	True	True	True
TXNRD3	ENSG00000197763	TXNRD3	12.4	21.5	26.5	30.9	12.0	4.3	12.4	MAPPED	True	True	True	True	True
TYMS	ENSG00000176890	TYMS	4.1	2.5	2.4	3.9	2.0	0.0	7.8	MAPPED	True	True	False	True	True
TYR	ENSG00000077498	TYR	6.2	0.0	9.7	0.0	0.0	17.1	5.6	MAPPED	True	True	True	True	True
TYRO3	ENSG00000092445	TYRO3	6.2	9.4	0.3	7.7	2.0	0.0	1.8	MAPPED	True	True	False	True	True
U2AF1	ENSG00000160201	U2AF1	8.3	3.5	3.8	7.7	4.0	4.3	9.8	MAPPED	True	True	True	True	True
U2AF1L4	ENSG00000161265	U2AF1L4	2.1	2.8	5.5	0.0	2.0	4.3	8.1	MAPPED	True	True	True	True	True
U2AF2	ENSG00000063244	U2AF2	26.9	13.7	28.9	7.7	36.1	34.1	31.5	MAPPED	True	True	True	True	True
U2SURP	ENSG00000163714	U2SURP	66.2	73.5	109.7	42.5	88.1	102.3	140.2	MAPPED	True	True	True	True	True
UACA	ENSG00000137831	UACA	10.4	6.8	9.7	7.7	44.1	417.8	6.8	MAPPED	True	True	True	True	True
UBA1	ENSG00000130985	UBA1	20.7	20.9	25.9	11.6	22.0	81.0	22.1	MAPPED	True	True	True	True	True
UBA2	ENSG00000126261	UBA2	64.2	78.1	117.6	92.7	64.1	55.4	74.6	MAPPED	True	True	True	True	True
UBA52	ENSG00000221983	UBA52	49.7	23.8	50.7	3.9	46.1	387.9	103.5	MAPPED	True	True	True	True	True
UBA6	ENSG00000033178	UBA6	39.3	51.1	79.0	27.0	56.1	46.9	59.5	MAPPED	True	True	True	True	True
UBAC1	ENSG00000130560	UBAC1	60.0	38.3	33.9	73.4	32.1	17.1	45.5	MAPPED	True	True	True	True	True
UBAP1	ENSG00000165006	UBAP1	128.3	61.9	73.2	92.7	38.1	89.5	85.4	MAPPED	True	True	True	True	True
UBAP1L	ENSG00000246922	UBAP1L	275.3	27.0	69.5	38.6	24.0	140.7	292.5	MAPPED	True	True	True	True	True
UBB	ENSG00000170315	UBB	115.9	93.2	191.8	0.0	120.2	1006.1	181.6	MAPPED	True	True	True	True	True
UBC	ENSG00000150991	UBC	198.7	85.0	256.8	85.0	198.3	358.1	422.2	MAPPED	True	True	True	True	True
UBD	ENSG00000213886	UBD	0.0	0.0	0.0	0.0	0.0	0.0	0.0	MAPPED	False	False	False	False	False
UBE2C	ENSG00000175063	UBE2C	0.0	0.0	0.6	0.0	0.0	0.0	0.3	MAPPED	True	False	False	True	True
UBE2D1	ENSG00000072401	UBE2D1	26.9	16.8	29.0	30.9	20.0	17.1	28.1	MAPPED	True	True	True	True	True
UBE2D2	ENSG00000131508	UBE2D2	161.5	114.6	109.0	220.2	136.2	140.7	149.6	MAPPED	True	True	True	True	True
UBE2D3	ENSG00000109332	UBE2D3	252.6	146.9	180.1	173.8	152.3	166.3	254.8	MAPPED	True	True	True	True	True
UBE2E1	ENSG00000170142	UBE2E1	68.3	60.0	93.0	150.6	82.1	89.5	79.7	MAPPED	True	True	True	True	True
UBE2E3	ENSG00000170035	UBE2E3	84.9	78.2	236.2	65.7	110.2	174.8	107.7	MAPPED	True	True	True	True	True
UBE2I	ENSG00000103275	UBE2I	24.8	43.9	49.7	23.2	50.1	17.1	44.2	MAPPED	True	True	True	True	True
UBE2S	ENSG00000108106	UBE2S	39.3	13.6	21.9	15.5	18.0	17.1	38.2	MAPPED	True	True	True	True	True
UBIAD1	ENSG00000120942	UBIAD1	10.4	5.2	12.2	7.7	6.0	0.0	18.6	MAPPED	True	True	False	True	True
UBL5	ENSG00000198258	UBL5	41.4	24.4	81.3	0.0	50.1	370.9	99.0	MAPPED	True	True	True	True	True
UBQLN2	ENSG00000188021	UBQLN2	8.3	10.1	24.4	11.6	20.0	21.3	17.9	MAPPED	True	True	True	True	True
UBR4	ENSG00000127481	UBR4	153.2	84.6	83.2	92.7	108.2	119.4	83.7	MAPPED	True	True	True	True	True
UBR5	ENSG00000104517	UBR5	178.0	182.7	171.9	181.6	184.3	153.5	176.3	MAPPED	True	True	True	True	True
UBXN7	ENSG00000163960	UBXN7	80.7	46.3	61.2	65.7	76.1	29.8	93.4	MAPPED	True	True	True	True	True
UEVLD	ENSG00000151116	UEVLD	37.3	34.8	29.4	46.4	32.1	21.3	32.5	MAPPED	True	True	True	True	True
UFD1	ENSG00000070010	UFD1	12.4	13.8	14.1	7.7	4.0	34.1	26.9	MAPPED	True	True	True	True	True
UGP2	ENSG00000169764	UGP2	62.1	43.7	38.8	69.5	56.1	29.8	44.8	MAPPED	True	True	True	True	True
UHMK1	ENSG00000152332	UHMK1	26.9	24.8	34.1	46.4	26.0	81.0	34.9	MAPPED	True	True	True	True	True
UHRF1BP1										UNMAPPED					
ULK4	ENSG00000168038	ULK4	217.4	72.2	54.9	231.8	130.2	85.3	268.7	MAPPED	True	True	True	True	True
UMPS	ENSG00000114491	UMPS	8.3	9.8	15.4	15.5	6.0	17.1	17.3	MAPPED	True	True	True	True	True
UNC119	ENSG00000109103	UNC119	8.3	0.7	4.1	0.0	0.0	4.3	11.6	MAPPED	True	True	True	True	True
UNC119B	ENSG00000175970	UNC119B	8.3	7.6	4.9	0.0	2.0	4.3	5.9	MAPPED	True	True	True	True	True
UNC13A	ENSG00000130477	UNC13A	97.3	147.7	139.5	193.1	296.5	0.0	95.9	MAPPED	True	True	False	True	True
UNC5D	ENSG00000156687	UNC5D	8.3	393.2	791.8	706.9	759.3	0.0	14.3	MAPPED	True	True	False	True	True
UNC93A	ENSG00000112494	UNC93A	0.0	0.0	0.0	0.0	0.0	0.0	0.1	MAPPED	True	False	False	True	True
UPF1	ENSG00000005007	UPF1	20.7	17.6	25.0	7.7	20.0	21.3	16.3	MAPPED	True	True	True	True	True
UPF3B	ENSG00000125351	UPF3B	55.9	51.3	69.2	27.0	44.1	12.8	103.5	MAPPED	True	True	True	True	True
UPRT	ENSG00000094841	UPRT	4.1	11.7	15.2	0.0	20.0	12.8	13.5	MAPPED	True	True	True	True	True
UQCC1	ENSG00000101019	UQCC1	55.9	70.0	59.5	146.8	42.1	42.6	64.3	MAPPED	True	True	True	True	True
UQCR10	ENSG00000184076	UQCR10	153.2	42.7	65.2	23.2	30.1	392.2	123.0	MAPPED	True	True	True	True	True
UQCRC1	ENSG00000010256	UQCRC1	68.3	31.8	32.4	34.8	42.1	63.9	63.5	MAPPED	True	True	True	True	True
UQCRC2	ENSG00000140740	UQCRC2	6.2	3.4	10.9	7.7	10.0	38.4	22.6	MAPPED	True	True	True	True	True
UQCRFS1	ENSG00000169021	UQCRFS1	60.0	36.2	54.1	27.0	42.1	85.3	87.6	MAPPED	True	True	True	True	True
UQCRQ	ENSG00000164405	UQCRQ	118.0	26.6	37.9	0.0	40.1	379.4	118.7	MAPPED	True	True	True	True	True
URI1	ENSG00000105176	URI1	70.4	140.9	134.8	123.6	162.3	42.6	158.0	MAPPED	True	True	True	True	True
UROD	ENSG00000126088	UROD	6.2	4.6	15.4	0.0	4.0	42.6	9.7	MAPPED	True	True	True	True	True
UROS	ENSG00000188690	UROS	37.3	37.3	42.4	19.3	36.1	38.4	34.5	MAPPED	True	True	True	True	True
USF1	ENSG00000158773	USF1	10.4	10.5	6.2	0.0	14.0	0.0	13.3	MAPPED	True	True	False	True	True
USH1C	ENSG00000006611	USH1C	0.0	0.0	0.6	0.0	4.0	4.3	1.8	MAPPED	True	False	True	True	True
USH1G	ENSG00000182040	USH1G	0.0	0.0	0.0	0.0	0.0	0.0	0.0	MAPPED	False	False	False	False	False
USH2A	ENSG00000042781	USH2A	1146.8	25.3	25.1	100.4	24.0	0.0	1572.5	MAPPED	True	True	False	True	True
USP10	ENSG00000103194	USP10	188.4	59.7	68.4	30.9	82.1	89.5	190.9	MAPPED	True	True	True	True	True
USP14	ENSG00000101557	USP14	76.6	88.9	77.1	104.3	86.1	55.4	90.6	MAPPED	True	True	True	True	True
USP15	ENSG00000135655	USP15	176.0	133.9	120.6	81.1	110.2	106.6	227.1	MAPPED	True	True	True	True	True
USP16	ENSG00000156256	USP16	64.2	53.0	125.9	19.3	64.1	46.9	116.6	MAPPED	True	True	True	True	True
USP39	ENSG00000168883	USP39	66.2	34.4	45.3	46.4	50.1	34.1	62.2	MAPPED	True	True	True	True	True
USP4	ENSG00000114316	USP4	53.8	43.1	44.3	23.2	26.0	25.6	59.0	MAPPED	True	True	True	True	True
USP45	ENSG00000123552	USP45	47.6	38.1	44.9	142.9	56.1	25.6	34.8	MAPPED	True	True	True	True	True
USP49	ENSG00000164663	USP49	0.0	2.8	4.7	0.0	0.0	8.5	1.3	MAPPED	True	False	True	True	True
USP5	ENSG00000111667	USP5	33.1	13.6	13.8	7.7	18.0	21.3	10.4	MAPPED	True	True	True	True	True
USP7	ENSG00000187555	USP7	49.7	51.6	56.6	34.8	38.1	38.4	62.3	MAPPED	True	True	True	True	True
USP9X	ENSG00000124486	USP9X	105.6	85.1	106.3	85.0	90.2	136.4	118.8	MAPPED	True	True	True	True	True
UTP14A	ENSG00000156697	UTP14A	6.2	6.4	10.3	7.7	10.0	0.0	9.3	MAPPED	True	True	False	True	True
UTP14C	ENSG00000253797	UTP14C	0.0	0.0	0.0	0.0	0.0	0.0	0.0	MAPPED	False	False	False	False	False
UTP25	ENSG00000117597	UTP25	2.1	4.1	4.7	0.0	2.0	4.3	6.5	MAPPED	True	True	True	True	True
UTP6	ENSG00000108651	UTP6	18.6	13.2	20.4	19.3	26.0	21.3	26.1	MAPPED	True	True	True	True	True
UTRN	ENSG00000152818	UTRN	2.1	77.8	17.8	301.3	344.6	383.7	2.3	MAPPED	True	True	True	True	True
VAMP3	ENSG00000049245	VAMP3	8.3	13.0	10.1	0.0	6.0	21.3	7.6	MAPPED	True	True	True	True	True
VANGL1	ENSG00000173218	VANGL1	37.3	0.7	9.1	0.0	0.0	8.5	1.2	MAPPED	True	True	True	True	True
VANGL2	ENSG00000162738	VANGL2	24.8	7.6	3.7	0.0	8.0	0.0	0.0	MAPPED	False	True	False	True	True
VAPB	ENSG00000124164	VAPB	76.6	41.0	44.3	19.3	48.1	55.4	55.5	MAPPED	True	True	True	True	True
VARS1	ENSG00000204394	VARS1	2.1	3.2	2.1	0.0	0.0	4.3	3.3	MAPPED	True	True	True	True	True
VASP	ENSG00000125753	VASP	18.6	12.3	9.3	3.9	6.0	4.3	17.3	MAPPED	True	True	True	True	True
VCP	ENSG00000165280	VCP	68.3	34.5	55.7	15.5	44.1	89.5	39.0	MAPPED	True	True	True	True	True
VDAC1	ENSG00000213585	VDAC1	115.9	104.2	253.9	139.1	202.3	132.2	111.3	MAPPED	True	True	True	True	True
VDAC2	ENSG00000165637	VDAC2	64.2	33.3	61.9	23.2	56.1	89.5	74.1	MAPPED	True	True	True	True	True
VDAC3	ENSG00000078668	VDAC3	74.5	82.0	78.3	69.5	136.2	55.4	101.2	MAPPED	True	True	True	True	True
VEZT	ENSG00000028203	VEZT	122.1	99.1	111.6	115.9	74.1	81.0	254.7	MAPPED	True	True	True	True	True
VIRMA	ENSG00000164944	VIRMA	72.5	50.1	49.2	50.2	60.1	34.1	73.5	MAPPED	True	True	True	True	True
VPS13B	ENSG00000132549	VPS13B	275.3	185.6	201.2	270.4	170.3	140.7	243.2	MAPPED	True	True	True	True	True
VPS16	ENSG00000215305	VPS16	24.8	15.9	13.0	0.0	16.0	21.3	11.9	MAPPED	True	True	True	True	True
VPS25	ENSG00000131475	VPS25	8.3	7.6	14.0	3.9	14.0	34.1	11.8	MAPPED	True	True	True	True	True
VPS26A	ENSG00000122958	VPS26A	31.1	44.0	42.5	46.4	66.1	46.9	69.6	MAPPED	True	True	True	True	True
VPS28	ENSG00000160948	VPS28	6.2	2.1	6.9	0.0	4.0	25.6	16.0	MAPPED	True	True	True	True	True
VPS29	ENSG00000111237	VPS29	68.3	33.0	54.2	42.5	38.1	55.4	189.6	MAPPED	True	True	True	True	True
VPS35	ENSG00000069329	VPS35	55.9	53.2	41.6	27.0	48.1	21.3	87.6	MAPPED	True	True	True	True	True
VPS36	ENSG00000136100	VPS36	97.3	72.2	136.4	69.5	62.1	29.8	253.6	MAPPED	True	True	True	True	True
VPS37A	ENSG00000155975	VPS37A	99.4	33.9	36.9	27.0	48.1	38.4	116.9	MAPPED	True	True	True	True	True
VPS37B	ENSG00000139722	VPS37B	22.8	5.7	21.6	0.0	2.0	29.8	12.7	MAPPED	True	True	True	True	True
VPS37C	ENSG00000167987	VPS37C	64.2	13.5	11.5	19.3	38.1	12.8	164.3	MAPPED	True	True	True	True	True
VPS37D	ENSG00000176428	VPS37D	4.1	5.6	9.3	0.0	2.0	0.0	3.8	MAPPED	True	True	False	True	True
VPS39	ENSG00000166887	VPS39	26.9	35.2	27.8	38.6	24.0	25.6	29.6	MAPPED	True	True	True	True	True
VSIG10L	ENSG00000186806	VSIG10L	2.1	4.2	1.6	0.0	8.0	4.3	0.7	MAPPED	True	True	True	True	True
VSNL1	ENSG00000163032	VSNL1	2.1	108.8	10.1	85.0	2.0	0.0	2.8	MAPPED	True	True	False	True	True
VSX1	ENSG00000100987	VSX1	0.0	3.6	482.6	0.0	2.0	0.0	2.1	MAPPED	True	False	False	True	True
VSX2	ENSG00000119614	VSX2	2.1	0.7	283.9	3.9	4.0	0.0	2.4	MAPPED	True	True	False	True	True
VTN	ENSG00000109072	VTN	24.8	1.4	5.0	0.0	6.0	0.0	11.9	MAPPED	True	True	False	True	True
VWA3A	ENSG00000175267	VWA3A	0.0	0.0	0.0	0.0	0.0	0.0	0.0	MAPPED	False	False	False	False	False
VWA3B	ENSG00000168658	VWA3B	22.8	6.0	2.9	0.0	2.0	0.0	0.6	MAPPED	True	True	False	True	True
VWA7	ENSG00000204396	VWA7	0.0	0.0	0.0	0.0	0.0	0.0	0.1	MAPPED	True	False	False	True	True
VWC2	ENSG00000188730	VWC2	18.6	133.4	413.0	517.6	12.0	0.0	270.0	MAPPED	True	True	False	True	True
VWF	ENSG00000110799	VWF	2.1	3.0	1.6	3.9	4.0	0.0	0.8	MAPPED	True	True	False	True	True
WARS1	ENSG00000140105	WARS1	26.9	29.6	17.0	15.5	6.0	34.1	32.8	MAPPED	True	True	True	True	True
WAS	ENSG00000015285	WAS	2.1	7.4	2.5	0.0	6.0	0.0	0.7	MAPPED	True	True	False	True	True
WASL	ENSG00000106299	WASL	53.8	44.9	62.0	38.6	62.1	89.5	74.0	MAPPED	True	True	True	True	True
WBP11	ENSG00000084463	WBP11	43.5	20.3	35.2	23.2	28.0	63.9	67.3	MAPPED	True	True	True	True	True
WBP4	ENSG00000120688	WBP4	29.0	26.0	41.1	11.6	42.1	51.2	42.7	MAPPED	True	True	True	True	True
WDPCP	ENSG00000143951	WDPCP	308.4	265.6	265.6	463.5	240.4	157.7	336.6	MAPPED	True	True	True	True	True
WDR11	ENSG00000120008	WDR11	76.6	44.1	45.1	46.4	30.1	34.1	86.5	MAPPED	True	True	True	True	True
WDR12	ENSG00000138442	WDR12	37.3	63.7	41.8	65.7	48.1	25.6	41.9	MAPPED	True	True	True	True	True
WDR17	ENSG00000150627	WDR17	236.0	90.2	63.0	139.1	76.1	59.7	236.6	MAPPED	True	True	True	True	True
WDR19	ENSG00000157796	WDR19	84.9	67.7	26.8	54.1	56.1	29.8	91.1	MAPPED	True	True	True	True	True
WDR20	ENSG00000140153	WDR20	138.7	63.3	75.7	38.6	74.1	68.2	247.9	MAPPED	True	True	True	True	True
WDR24	ENSG00000127580	WDR24	2.1	2.5	3.4	0.0	2.0	17.1	4.8	MAPPED	True	True	True	True	True
WDR25	ENSG00000176473	WDR25	53.8	26.1	31.6	50.2	56.1	38.4	62.8	MAPPED	True	True	True	True	True
WDR33	ENSG00000136709	WDR33	128.3	87.7	104.1	92.7	116.2	119.4	152.0	MAPPED	True	True	True	True	True
WDR34										UNMAPPED					
WDR35	ENSG00000118965	WDR35	41.4	24.5	25.2	23.2	44.1	29.8	70.6	MAPPED	True	True	True	True	True
WDR36	ENSG00000134987	WDR36	6.2	18.4	16.6	3.9	14.0	8.5	18.1	MAPPED	True	True	True	True	True
WDR37	ENSG00000047056	WDR37	97.3	149.6	104.7	212.5	72.1	51.2	93.0	MAPPED	True	True	True	True	True
WDR41	ENSG00000164253	WDR41	55.9	45.5	86.3	30.9	70.1	17.1	49.2	MAPPED	True	True	True	True	True
WDR47	ENSG00000085433	WDR47	219.4	25.2	36.2	23.2	32.1	25.6	129.2	MAPPED	True	True	True	True	True
WDR48	ENSG00000114742	WDR48	41.4	53.0	35.3	30.9	40.1	29.8	35.8	MAPPED	True	True	True	True	True
WDR5	ENSG00000196363	WDR5	55.9	32.7	26.1	30.9	18.0	25.6	30.7	MAPPED	True	True	True	True	True
WDR53	ENSG00000185798	WDR53	10.4	2.1	9.0	0.0	6.0	4.3	9.3	MAPPED	True	True	True	True	True
WDR60										UNMAPPED					
WDR63										UNMAPPED					
WDR70	ENSG00000082068	WDR70	188.4	183.1	159.0	154.5	166.3	85.3	178.6	MAPPED	True	True	True	True	True
WDR73	ENSG00000177082	WDR73	51.8	32.1	41.9	27.0	28.0	25.6	67.4	MAPPED	True	True	True	True	True
WDR78										UNMAPPED					
WDR83	ENSG00000123154	WDR83	6.2	25.9	20.2	15.5	18.0	4.3	21.5	MAPPED	True	True	True	True	True
WDR90	ENSG00000161996	WDR90	0.0	4.1	4.5	11.6	16.0	4.3	15.6	MAPPED	True	False	True	True	True
WDR92										UNMAPPED					
WDR97	ENSG00000179698	WDR97	6.2	5.2	4.3	0.0	2.0	0.0	3.4	MAPPED	True	True	False	True	True
WFDC5	ENSG00000175121	WFDC5	0.0	0.0	0.0	0.0	0.0	0.0	0.0	MAPPED	False	False	False	False	False
WFS1	ENSG00000109501	WFS1	2.1	11.0	3.1	15.5	8.0	29.8	2.7	MAPPED	True	True	True	True	True
WHRN	ENSG00000095397	WHRN	111.8	21.0	8.6	15.5	2.0	34.1	115.5	MAPPED	True	True	True	True	True
WIPF2	ENSG00000171475	WIPF2	74.5	53.6	62.7	34.8	52.1	93.8	34.4	MAPPED	True	True	True	True	True
WNT11	ENSG00000085741	WNT11	0.0	0.7	0.6	0.0	0.0	0.0	0.1	MAPPED	True	False	False	True	True
WNT5A	ENSG00000114251	WNT5A	0.0	0.7	18.7	0.0	0.0	0.0	0.7	MAPPED	True	False	False	True	True
WNT5B	ENSG00000111186	WNT5B	128.3	43.9	26.1	11.6	22.0	0.0	44.6	MAPPED	True	True	False	True	True
WRAP73	ENSG00000116213	WRAP73	16.6	14.0	13.7	0.0	24.0	0.0	13.4	MAPPED	True	True	False	True	True
WT1	ENSG00000184937	WT1	0.0	0.0	0.0	0.0	0.0	0.0	0.1	MAPPED	True	False	False	True	True
WTIP	ENSG00000142279	WTIP	0.0	20.5	10.7	0.0	4.0	0.0	0.6	MAPPED	True	False	False	True	True
WWOX	ENSG00000186153	WWOX	666.6	675.5	431.9	795.7	316.5	311.2	553.3	MAPPED	True	True	True	True	True
WWP2	ENSG00000198373	WWP2	64.2	59.4	57.7	73.4	72.1	85.3	66.3	MAPPED	True	True	True	True	True
XAB2	ENSG00000076924	XAB2	8.3	1.4	10.5	3.9	2.0	4.3	10.4	MAPPED	True	True	True	True	True
XBP1	ENSG00000100219	XBP1	76.6	19.0	19.2	23.2	20.0	59.7	45.6	MAPPED	True	True	True	True	True
XIRP2	ENSG00000163092	XIRP2	0.0	0.7	0.6	0.0	0.0	0.0	0.9	MAPPED	True	False	False	True	True
XPO1	ENSG00000082898	XPO1	171.8	134.0	133.4	115.9	144.2	153.5	212.1	MAPPED	True	True	True	True	True
XRCC5	ENSG00000079246	XRCC5	180.1	123.8	164.8	69.5	134.2	208.9	178.2	MAPPED	True	True	True	True	True
XRCC6	ENSG00000196419	XRCC6	86.9	49.4	80.1	65.7	56.1	51.2	94.4	MAPPED	True	True	True	True	True
XRN2	ENSG00000088930	XRN2	62.1	52.0	56.5	65.7	90.2	34.1	61.3	MAPPED	True	True	True	True	True
XYLB	ENSG00000093217	XYLB	12.4	75.5	41.7	54.1	26.0	4.3	49.6	MAPPED	True	True	True	True	True
YAF2	ENSG00000015153	YAF2	225.6	70.2	125.6	65.7	194.3	98.0	254.0	MAPPED	True	True	True	True	True
YARS1	ENSG00000134684	YARS1	140.8	66.1	52.7	104.3	54.1	38.4	55.0	MAPPED	True	True	True	True	True
YBX1	ENSG00000065978	YBX1	200.8	23.2	97.3	23.2	58.1	234.5	340.7	MAPPED	True	True	True	True	True
YEATS4	ENSG00000127337	YEATS4	12.4	19.9	18.0	11.6	16.0	42.6	26.2	MAPPED	True	True	True	True	True
YIF1A	ENSG00000174851	YIF1A	24.8	7.0	14.9	7.7	12.0	29.8	15.9	MAPPED	True	True	True	True	True
YIPF1	ENSG00000058799	YIPF1	6.2	8.3	7.7	7.7	16.0	38.4	7.6	MAPPED	True	True	True	True	True
YIPF5	ENSG00000145817	YIPF5	22.8	10.9	27.2	0.0	22.0	34.1	42.1	MAPPED	True	True	True	True	True
YJU2	ENSG00000105248	YJU2	0.0	8.4	12.3	3.9	18.0	4.3	17.8	MAPPED	True	False	True	True	True
YTHDC1	ENSG00000083896	YTHDC1	10.4	11.8	21.1	11.6	14.0	17.1	32.0	MAPPED	True	True	True	True	True
YTHDC2	ENSG00000047188	YTHDC2	111.8	128.6	138.8	81.1	134.2	93.8	194.1	MAPPED	True	True	True	True	True
YWHAB	ENSG00000166913	YWHAB	66.2	170.5	128.7	46.4	178.3	174.8	66.5	MAPPED	True	True	True	True	True
YWHAE	ENSG00000108953	YWHAE	2.1	2.8	8.0	3.9	10.0	21.3	23.0	MAPPED	True	True	True	True	True
YWHAG	ENSG00000170027	YWHAG	99.4	88.9	134.6	108.2	110.2	76.7	50.9	MAPPED	True	True	True	True	True
YWHAH	ENSG00000128245	YWHAH	10.4	27.6	21.8	34.8	20.0	12.8	17.6	MAPPED	True	True	True	True	True
YWHAQ	ENSG00000134308	YWHAQ	111.8	86.1	152.8	38.6	310.5	89.5	114.9	MAPPED	True	True	True	True	True
YWHAZ	ENSG00000164924	YWHAZ	122.1	148.3	118.4	173.8	116.2	81.0	175.4	MAPPED	True	True	True	True	True
ZAP70	ENSG00000115085	ZAP70	0.0	1.4	0.2	0.0	0.0	0.0	0.0	MAPPED	False	False	False	False	False
ZBTB17	ENSG00000116809	ZBTB17	20.7	10.0	16.8	7.7	24.0	8.5	22.9	MAPPED	True	True	True	True	True
ZBTB46	ENSG00000130584	ZBTB46	41.4	25.9	29.9	77.3	6.0	0.0	71.6	MAPPED	True	True	False	True	True
ZBTB48	ENSG00000204859	ZBTB48	4.1	10.6	14.5	7.7	22.0	17.1	14.9	MAPPED	True	True	True	True	True
ZBTB5	ENSG00000168795	ZBTB5	22.8	14.4	15.4	23.2	14.0	21.3	23.4	MAPPED	True	True	True	True	True
ZBTB7A	ENSG00000178951	ZBTB7A	41.4	68.2	90.5	19.3	100.2	63.9	59.2	MAPPED	True	True	True	True	True
ZBTB9	ENSG00000213588	ZBTB9	0.0	0.0	0.2	0.0	0.0	0.0	0.0	MAPPED	False	False	False	False	False
ZC2HC1C	ENSG00000119703	ZC2HC1C	58.0	33.8	44.8	42.5	64.1	12.8	67.7	MAPPED	True	True	True	True	True
ZC3H13	ENSG00000123200	ZC3H13	39.3	59.4	79.5	42.5	92.2	51.2	77.7	MAPPED	True	True	True	True	True
ZC3H18	ENSG00000158545	ZC3H18	24.8	34.7	29.2	11.6	32.1	29.8	44.4	MAPPED	True	True	True	True	True
ZC3H7B	ENSG00000100403	ZC3H7B	49.7	56.1	39.0	34.8	68.1	93.8	46.6	MAPPED	True	True	True	True	True
ZC3HAV1	ENSG00000105939	ZC3HAV1	26.9	4.3	6.4	0.0	2.0	12.8	1.8	MAPPED	True	True	True	True	True
ZCCHC10	ENSG00000155329	ZCCHC10	39.3	32.3	33.8	15.5	50.1	12.8	54.4	MAPPED	True	True	True	True	True
ZCCHC17	ENSG00000121766	ZCCHC17	55.9	50.9	61.1	77.3	70.1	38.4	90.1	MAPPED	True	True	True	True	True
ZCWPW1	ENSG00000078487	ZCWPW1	4.1	26.0	20.6	0.0	6.0	0.0	7.3	MAPPED	True	True	False	True	True
ZCWPW2	ENSG00000206559	ZCWPW2	0.0	0.0	0.2	0.0	0.0	0.0	0.4	MAPPED	True	False	False	True	True
ZDBF2	ENSG00000204186	ZDBF2	0.0	1.4	0.7	0.0	0.0	0.0	0.8	MAPPED	True	False	False	True	True
ZDHHC2	ENSG00000104219	ZDHHC2	236.0	19.8	196.9	65.7	10.0	51.2	336.9	MAPPED	True	True	True	True	True
ZFHX4	ENSG00000091656	ZFHX4	0.0	121.1	145.3	73.4	2.0	8.5	1.8	MAPPED	True	False	True	True	True
ZFPL1	ENSG00000162300	ZFPL1	0.0	2.8	10.4	3.9	8.0	17.1	8.2	MAPPED	True	False	True	True	True
ZGPAT	ENSG00000197114	ZGPAT	0.0	0.7	0.7	0.0	0.0	0.0	0.4	MAPPED	True	False	False	True	True
ZIC4	ENSG00000174963	ZIC4	2.1	0.7	1.0	0.0	0.0	0.0	3.0	MAPPED	True	True	False	True	True
ZMAT2	ENSG00000146007	ZMAT2	8.3	15.3	15.7	15.5	10.0	46.9	13.3	MAPPED	True	True	True	True	True
ZMPSTE24	ENSG00000084073	ZMPSTE24	37.3	11.8	11.2	3.9	24.0	51.2	20.0	MAPPED	True	True	True	True	True
ZMYM3	ENSG00000147130	ZMYM3	2.1	11.5	8.9	0.0	12.0	0.0	3.3	MAPPED	True	True	False	True	True
ZMYND10	ENSG00000004838	ZMYND10	10.4	3.0	0.6	0.0	0.0	0.0	9.9	MAPPED	True	True	False	True	True
ZNF106	ENSG00000103994	ZNF106	111.8	51.3	54.1	38.6	32.1	179.0	107.4	MAPPED	True	True	True	True	True
ZNF212	ENSG00000170260	ZNF212	12.4	8.8	9.6	0.0	12.0	8.5	13.5	MAPPED	True	True	True	True	True
ZNF214	ENSG00000149050	ZNF214	18.6	3.4	7.1	3.9	14.0	0.0	19.9	MAPPED	True	True	False	True	True
ZNF223	ENSG00000178386	ZNF223	0.0	0.0	0.2	0.0	0.0	0.0	0.1	MAPPED	True	False	False	True	True
ZNF239	ENSG00000196793	ZNF239	0.0	2.1	2.4	3.9	4.0	0.0	0.9	MAPPED	True	False	False	True	True
ZNF292	ENSG00000188994	ZNF292	219.4	366.9	381.2	235.6	306.5	144.9	289.0	MAPPED	True	True	True	True	True
ZNF358	ENSG00000198816	ZNF358	2.1	8.1	11.6	3.9	26.0	12.8	12.6	MAPPED	True	True	True	True	True
ZNF384	ENSG00000126746	ZNF384	8.3	5.3	6.4	3.9	4.0	8.5	8.1	MAPPED	True	True	True	True	True
ZNF408	ENSG00000175213	ZNF408	4.1	2.1	3.0	0.0	2.0	0.0	2.7	MAPPED	True	True	False	True	True
ZNF423	ENSG00000102935	ZNF423	2.1	83.0	45.1	34.8	0.0	4.3	2.0	MAPPED	True	True	True	True	True
ZNF430	ENSG00000118620	ZNF430	14.5	23.4	23.8	23.2	10.0	17.1	14.4	MAPPED	True	True	True	True	True
ZNF440	ENSG00000171295	ZNF440	31.1	9.1	11.9	7.7	2.0	4.3	22.4	MAPPED	True	True	True	True	True
ZNF451	ENSG00000112200	ZNF451	93.2	94.3	94.3	158.4	124.2	46.9	102.3	MAPPED	True	True	True	True	True
ZNF512	ENSG00000243943	ZNF512	0.0	0.0	0.5	0.0	0.0	0.0	0.5	MAPPED	True	False	False	True	True
ZNF513	ENSG00000163795	ZNF513	2.1	4.2	4.6	0.0	0.0	0.0	3.5	MAPPED	True	True	False	True	True
ZNF541	ENSG00000118156	ZNF541	6.2	18.9	5.7	3.9	8.0	0.0	4.0	MAPPED	True	True	False	True	True
ZNF557	ENSG00000130544	ZNF557	8.3	6.9	11.3	15.5	24.0	0.0	9.9	MAPPED	True	True	False	True	True
ZNF574	ENSG00000105732	ZNF574	4.1	6.7	12.1	0.0	4.0	8.5	19.6	MAPPED	True	True	True	True	True
ZNF584	ENSG00000171574	ZNF584	16.6	13.7	12.9	27.0	24.0	0.0	45.4	MAPPED	True	True	False	True	True
ZNF608	ENSG00000168916	ZNF608	171.8	84.2	153.9	50.2	198.3	81.0	162.1	MAPPED	True	True	True	True	True
ZNF638	ENSG00000075292	ZNF638	227.7	224.4	237.7	216.3	252.4	298.4	273.4	MAPPED	True	True	True	True	True
ZNF679	ENSG00000197123	ZNF679	0.0	0.0	0.1	0.0	0.0	0.0	0.2	MAPPED	True	False	False	True	True
ZNF740	ENSG00000139651	ZNF740	8.3	10.9	10.4	3.9	12.0	0.0	8.1	MAPPED	True	True	False	True	True
ZNF764	ENSG00000169951	ZNF764	0.0	2.8	4.1	0.0	0.0	12.8	4.9	MAPPED	True	False	True	True	True
ZNF786	ENSG00000197362	ZNF786	26.9	28.2	23.2	0.0	8.0	0.0	26.7	MAPPED	True	True	False	True	True
ZNF821	ENSG00000102984	ZNF821	80.7	93.4	82.7	100.4	62.1	4.3	93.2	MAPPED	True	True	True	True	True
ZNF830	ENSG00000198783	ZNF830	2.1	2.1	10.7	0.0	6.0	12.8	16.8	MAPPED	True	True	True	True	True
ZNF891	ENSG00000214029	ZNF891	12.4	23.4	23.9	15.5	30.1	12.8	24.0	MAPPED	True	True	True	True	True
ZNHIT2	ENSG00000174276	ZNHIT2	4.1	0.7	8.4	0.0	4.0	17.1	8.1	MAPPED	True	True	True	True	True
ZNHIT3	ENSG00000273611	ZNHIT3	0.0	0.0	0.2	0.0	0.0	0.0	0.1	MAPPED	True	False	False	True	True
ZNHIT6	ENSG00000117174	ZNHIT6	51.8	38.6	46.4	30.9	42.1	25.6	40.3	MAPPED	True	True	True	True	True
ZNRF2	ENSG00000180233	ZNRF2	227.7	23.7	70.7	81.1	62.1	38.4	38.2	MAPPED	True	True	True	True	True
ZPR1	ENSG00000109917	ZPR1	0.0	2.8	5.4	3.9	8.0	4.3	2.9	MAPPED	True	False	True	True	True
ZRSR2	ENSG00000169249	ZRSR2	37.3	18.4	24.0	7.7	12.0	34.1	44.5	MAPPED	True	True	True	True	True
ZSCAN26	ENSG00000197062	ZSCAN26	0.0	0.0	0.1	0.0	0.0	0.0	0.5	MAPPED	True	False	False	True	True
ZSWIM2	ENSG00000163012	ZSWIM2	0.0	0.7	0.0	0.0	0.0	0.0	0.0	MAPPED	False	False	False	False	False
ZSWIM8	ENSG00000214655	ZSWIM8	39.3	47.3	39.1	15.5	74.1	17.1	52.2	MAPPED	True	True	True	True	True
ZUP1	ENSG00000153975	ZUP1	18.6	23.8	19.2	38.6	30.1	25.6	20.7	MAPPED	True	True	True	True	True
