gene_symbol	is_RP_seed	resolved_ensembl_gene_id	mapping_status	mapping_source	HPA_ENSG_candidates	GTEx_ENSG_candidates
AAAS	False	ENSG00000094914	RESOLVED	HPA	ENSG00000094914	ENSG00000094914
AACS	False	ENSG00000081760	RESOLVED	HPA	ENSG00000081760	ENSG00000081760
AAMP	False	ENSG00000127837	RESOLVED	HPA	ENSG00000127837	ENSG00000127837
AAR2	False	ENSG00000131043	RESOLVED	HPA	ENSG00000131043	ENSG00000131043
AASDH	False	ENSG00000157426	RESOLVED	HPA	ENSG00000157426	ENSG00000157426
AASS	False	ENSG00000008311	RESOLVED	HPA	ENSG00000008311	ENSG00000008311
ABCA1	False	ENSG00000165029	RESOLVED	HPA	ENSG00000165029	ENSG00000165029
ABCA4	False	ENSG00000198691	RESOLVED	HPA	ENSG00000198691	ENSG00000198691
ABCB10	False	ENSG00000135776	RESOLVED	HPA	ENSG00000135776	ENSG00000135776
ABCB4	False	ENSG00000005471	RESOLVED	HPA	ENSG00000005471	ENSG00000005471
ABCB6	False	ENSG00000115657	RESOLVED	HPA	ENSG00000115657	ENSG00000115657
ABCB7	False	ENSG00000131269	RESOLVED	HPA	ENSG00000131269	ENSG00000131269
ABCB8	False	ENSG00000197150	RESOLVED	HPA	ENSG00000197150	ENSG00000197150
ABCF1	False	ENSG00000204574	RESOLVED	HPA	ENSG00000204574	ENSG00000204574
ABCG2	False	ENSG00000118777	RESOLVED	HPA	ENSG00000118777	ENSG00000118777
ABCG5	False	ENSG00000138075	RESOLVED	HPA	ENSG00000138075	ENSG00000138075
ABHD12	False	ENSG00000100997	RESOLVED	HPA	ENSG00000100997	ENSG00000100997
ABI2	False	ENSG00000138443	RESOLVED	HPA	ENSG00000138443	ENSG00000138443
ABL1	False	ENSG00000097007	RESOLVED	HPA	ENSG00000097007	ENSG00000097007
ABL2	False	ENSG00000143322	RESOLVED	HPA	ENSG00000143322	ENSG00000143322
ABR	False	ENSG00000159842	RESOLVED	HPA	ENSG00000159842	ENSG00000159842
ACAA1	False	ENSG00000060971	RESOLVED	HPA	ENSG00000060971	ENSG00000060971
ACAA2	False	ENSG00000167315	RESOLVED	HPA	ENSG00000167315	ENSG00000167315
ACAD9	False	ENSG00000177646	RESOLVED	HPA	ENSG00000177646	ENSG00000177646
ACADM	False	ENSG00000117054	RESOLVED	HPA	ENSG00000117054	ENSG00000117054
ACAN	False	ENSG00000157766	RESOLVED	HPA	ENSG00000157766	ENSG00000157766
ACAT1	False	ENSG00000075239	RESOLVED	HPA	ENSG00000075239	ENSG00000075239
ACAT2	False	ENSG00000120437	RESOLVED	HPA	ENSG00000120437	ENSG00000120437
ACE	False	ENSG00000159640	RESOLVED	HPA	ENSG00000159640	ENSG00000159640
ACER1	False	ENSG00000167769	RESOLVED	HPA	ENSG00000167769	ENSG00000167769
ACER2	False	ENSG00000177076	RESOLVED	HPA	ENSG00000177076	ENSG00000177076
ACIN1	False	ENSG00000100813	RESOLVED	HPA	ENSG00000100813	ENSG00000100813
ACKR3	False	ENSG00000144476	RESOLVED	HPA	ENSG00000144476	ENSG00000144476
ACLY	False	ENSG00000131473	RESOLVED	HPA	ENSG00000131473	ENSG00000131473
ACO1	False	ENSG00000122729	RESOLVED	HPA	ENSG00000122729	ENSG00000122729
ACO2	False	ENSG00000100412	RESOLVED	HPA	ENSG00000100412	ENSG00000100412
ACOX3	False	ENSG00000087008	RESOLVED	HPA	ENSG00000087008	ENSG00000087008
ACP4	False	ENSG00000142513	RESOLVED	HPA	ENSG00000142513	
ACSBG2	False	ENSG00000130377	RESOLVED	HPA	ENSG00000130377	ENSG00000130377
ACSL3	False	ENSG00000123983	RESOLVED	HPA	ENSG00000123983	ENSG00000123983
ACSS1	False	ENSG00000154930	RESOLVED	HPA	ENSG00000154930	ENSG00000154930
ACSS2	False	ENSG00000131069	RESOLVED	HPA	ENSG00000131069	ENSG00000131069
ACTB	False	ENSG00000075624	RESOLVED	HPA	ENSG00000075624	ENSG00000075624
ACTN1	False	ENSG00000072110	RESOLVED	HPA	ENSG00000072110	ENSG00000072110
ACTN2	False	ENSG00000077522	RESOLVED	HPA	ENSG00000077522	ENSG00000077522
ACTN4	False	ENSG00000130402	RESOLVED	HPA	ENSG00000130402	ENSG00000130402
ACTR8	False	ENSG00000113812	RESOLVED	HPA	ENSG00000113812	ENSG00000113812
ADA	False	ENSG00000196839	RESOLVED	HPA	ENSG00000196839	ENSG00000196839
ADAM17	False	ENSG00000151694	RESOLVED	HPA	ENSG00000151694	ENSG00000151694
ADAM9	False	ENSG00000168615	RESOLVED	HPA	ENSG00000168615	ENSG00000168615
ADAMTS18	False	ENSG00000140873	RESOLVED	HPA	ENSG00000140873	ENSG00000140873
ADAMTS20	False	ENSG00000173157	RESOLVED	HPA	ENSG00000173157	ENSG00000173157
ADCK1	False	ENSG00000063761	RESOLVED	HPA	ENSG00000063761	ENSG00000063761
ADCK2	False	ENSG00000133597	RESOLVED	HPA	ENSG00000133597	ENSG00000133597
ADCK5	False	ENSG00000173137	RESOLVED	HPA	ENSG00000173137	ENSG00000173137
ADCY1	False	ENSG00000164742	RESOLVED	HPA	ENSG00000164742	ENSG00000164742
ADCY10	False	ENSG00000143199	RESOLVED	HPA	ENSG00000143199	ENSG00000143199
ADCY2	False	ENSG00000078295	RESOLVED	HPA	ENSG00000078295	ENSG00000078295
ADCY3	False	ENSG00000138031	RESOLVED	HPA	ENSG00000138031	ENSG00000138031
ADCY4	False	ENSG00000129467	RESOLVED	HPA	ENSG00000129467	ENSG00000129467
ADCY5	False	ENSG00000173175	RESOLVED	HPA	ENSG00000173175	ENSG00000173175
ADCY6	False	ENSG00000174233	RESOLVED	HPA	ENSG00000174233	ENSG00000174233
ADCY7	False	ENSG00000121281	RESOLVED	HPA	ENSG00000121281	ENSG00000121281
ADCY8	False	ENSG00000155897	RESOLVED	HPA	ENSG00000155897	ENSG00000155897
ADCY9	False	ENSG00000162104	RESOLVED	HPA	ENSG00000162104	ENSG00000162104
ADD3	False	ENSG00000148700	RESOLVED	HPA	ENSG00000148700	ENSG00000148700
ADGRB1	False	ENSG00000181790	RESOLVED	HPA	ENSG00000181790	ENSG00000181790
ADGRD1	False	ENSG00000111452	RESOLVED	HPA	ENSG00000111452	ENSG00000111452
ADGRL1	False	ENSG00000072071	RESOLVED	HPA	ENSG00000072071	ENSG00000072071
ADGRL2	False	ENSG00000117114	RESOLVED	HPA	ENSG00000117114	ENSG00000117114
ADGRL3	False	ENSG00000150471	RESOLVED	HPA	ENSG00000150471	ENSG00000150471
ADGRV1	False	ENSG00000164199	RESOLVED	HPA	ENSG00000164199	ENSG00000164199
ADH1A	False	ENSG00000187758	RESOLVED	HPA	ENSG00000187758	ENSG00000187758
ADH1B	False	ENSG00000196616	RESOLVED	HPA	ENSG00000196616	ENSG00000196616
ADH1C	False	ENSG00000248144	RESOLVED	HPA	ENSG00000248144	ENSG00000248144
ADH4	False	ENSG00000198099	RESOLVED	HPA	ENSG00000198099	ENSG00000198099
ADH5	False	ENSG00000197894	RESOLVED	HPA	ENSG00000197894	ENSG00000197894
ADH6	False	ENSG00000172955	RESOLVED	HPA	ENSG00000172955	ENSG00000172955
ADH7	False	ENSG00000196344	RESOLVED	HPA	ENSG00000196344	ENSG00000196344
ADK	False	ENSG00000156110	RESOLVED	HPA	ENSG00000156110	ENSG00000156110
ADORA2A	False	ENSG00000128271	RESOLVED	HPA	ENSG00000128271	ENSG00000128271
ADPGK	False	ENSG00000159322	RESOLVED	HPA	ENSG00000159322	ENSG00000159322
ADRA1A	False	ENSG00000120907	RESOLVED	HPA	ENSG00000120907	ENSG00000120907
ADRA1B	False	ENSG00000170214	RESOLVED	HPA	ENSG00000170214	ENSG00000170214
ADRA1D	False	ENSG00000171873	RESOLVED	HPA	ENSG00000171873	ENSG00000171873
ADRA2A	False	ENSG00000150594	RESOLVED	HPA	ENSG00000150594	ENSG00000150594
ADRA2B	False	ENSG00000274286	RESOLVED	HPA	ENSG00000274286	ENSG00000274286
ADRB1	False	ENSG00000043591	RESOLVED	HPA	ENSG00000043591	ENSG00000043591
ADRB2	False	ENSG00000169252	RESOLVED	HPA	ENSG00000169252	ENSG00000169252
ADRB3	False	ENSG00000188778	RESOLVED	HPA	ENSG00000188778	ENSG00000188778
ADRM1	False	ENSG00000130706	RESOLVED	HPA	ENSG00000130706	ENSG00000130706
ADSL	False	ENSG00000239900	RESOLVED	HPA	ENSG00000239900	ENSG00000239900
ADSS1	False	ENSG00000185100	RESOLVED	HPA	ENSG00000185100	
ADSS2	False	ENSG00000035687	RESOLVED	HPA	ENSG00000035687	
AFF1	False	ENSG00000172493	RESOLVED	HPA	ENSG00000172493	ENSG00000172493
AFF4	False	ENSG00000072364	RESOLVED	HPA	ENSG00000072364	ENSG00000072364
AGA	False	ENSG00000038002	RESOLVED	HPA	ENSG00000038002	ENSG00000038002
AGBL4	False	ENSG00000186094	RESOLVED	HPA	ENSG00000186094	ENSG00000186094
AGBL5	True	ENSG00000084693	RESOLVED	HPA	ENSG00000084693	ENSG00000084693
AGGF1	False	ENSG00000164252	RESOLVED	HPA	ENSG00000164252	ENSG00000164252
AGK	False	ENSG00000006530	RESOLVED	HPA	ENSG00000006530	ENSG00000006530
AGL	False	ENSG00000162688	RESOLVED	HPA	ENSG00000162688	ENSG00000162688
AGPAT1	False	ENSG00000204310	RESOLVED	HPA	ENSG00000204310	ENSG00000204310
AGPS	False	ENSG00000018510	RESOLVED	HPA	ENSG00000018510	ENSG00000018510
AGRN	False	ENSG00000188157	RESOLVED	HPA	ENSG00000188157	ENSG00000188157
AGT	False	ENSG00000135744	RESOLVED	HPA	ENSG00000135744	ENSG00000135744
AGTR1	False	ENSG00000144891	RESOLVED	HPA	ENSG00000144891	ENSG00000144891
AGTR2	False	ENSG00000180772	RESOLVED	HPA	ENSG00000180772	ENSG00000180772
AGTRAP	False	ENSG00000177674	RESOLVED	HPA	ENSG00000177674	ENSG00000177674
AGXT	False	ENSG00000172482	RESOLVED	HPA	ENSG00000172482	ENSG00000172482
AHCY	False	ENSG00000101444	RESOLVED	HPA	ENSG00000101444	ENSG00000101444
AHCYL1	False	ENSG00000168710	RESOLVED	HPA	ENSG00000168710	ENSG00000168710
AHI1	True	ENSG00000135541	RESOLVED	HPA	ENSG00000135541	ENSG00000135541
AHR	False	ENSG00000106546	RESOLVED	HPA	ENSG00000106546	ENSG00000106546
AIF1	False	ENSG00000204472	RESOLVED	HPA	ENSG00000204472	ENSG00000204472
AIFM1	False	ENSG00000156709	RESOLVED	HPA	ENSG00000156709	ENSG00000156709
AIP	False	ENSG00000110711	RESOLVED	HPA	ENSG00000110711	ENSG00000110711
AIPL1	True	ENSG00000129221	RESOLVED	HPA	ENSG00000129221	ENSG00000129221
AIRE	False	ENSG00000160224	RESOLVED	HPA	ENSG00000160224	ENSG00000160224
AK9	False	ENSG00000155085	RESOLVED	HPA	ENSG00000155085	ENSG00000155085
AKAP12	False	ENSG00000131016	RESOLVED	HPA	ENSG00000131016	ENSG00000131016
AKAP13	False	ENSG00000170776	RESOLVED	HPA	ENSG00000170776	ENSG00000170776
AKAP7	False	ENSG00000118507	RESOLVED	HPA	ENSG00000118507	ENSG00000118507
AKAP9	False	ENSG00000127914	RESOLVED	HPA	ENSG00000127914	ENSG00000127914
AKIRIN1	False	ENSG00000174574	RESOLVED	HPA	ENSG00000174574	ENSG00000174574
AKIRIN2	False	ENSG00000135334	RESOLVED	HPA	ENSG00000135334	ENSG00000135334
AKNAD1	False	ENSG00000162641	RESOLVED	HPA	ENSG00000162641	ENSG00000162641
AKR1B1	False	ENSG00000085662	RESOLVED	HPA	ENSG00000085662	ENSG00000085662
AKR1B10	False	ENSG00000198074	RESOLVED	HPA	ENSG00000198074	ENSG00000198074
AKT1	False	ENSG00000142208	RESOLVED	HPA	ENSG00000142208	ENSG00000142208
AKT2	False	ENSG00000105221	RESOLVED	HPA	ENSG00000105221	ENSG00000105221
AKT3	False	ENSG00000117020	RESOLVED	HPA	ENSG00000117020	ENSG00000117020
ALAD	False	ENSG00000148218	RESOLVED	HPA	ENSG00000148218	ENSG00000148218
ALAS1	False	ENSG00000023330	RESOLVED	HPA	ENSG00000023330	ENSG00000023330
ALAS2	False	ENSG00000158578	RESOLVED	HPA	ENSG00000158578	ENSG00000158578
ALB	False	ENSG00000163631	RESOLVED	HPA	ENSG00000163631	ENSG00000163631
ALDH18A1	False	ENSG00000059573	RESOLVED	HPA	ENSG00000059573	ENSG00000059573
ALDH1A1	False	ENSG00000165092	RESOLVED	HPA	ENSG00000165092	ENSG00000165092
ALDH1A2	False	ENSG00000128918	RESOLVED	HPA	ENSG00000128918	ENSG00000128918
ALDH1A3	False	ENSG00000184254	RESOLVED	HPA	ENSG00000184254	ENSG00000184254
ALDH5A1	False	ENSG00000112294	RESOLVED	HPA	ENSG00000112294	ENSG00000112294
ALDH7A1	False	ENSG00000164904	RESOLVED	HPA	ENSG00000164904	ENSG00000164904
ALDH8A1	False	ENSG00000118514	RESOLVED	HPA	ENSG00000118514	ENSG00000118514
ALDOA	False	ENSG00000149925	RESOLVED	HPA	ENSG00000149925	ENSG00000149925
ALDOB	False	ENSG00000136872	RESOLVED	HPA	ENSG00000136872	ENSG00000136872
ALDOC	False	ENSG00000109107	RESOLVED	HPA	ENSG00000109107	ENSG00000109107
ALG1	False	ENSG00000033011	RESOLVED	HPA	ENSG00000033011	ENSG00000033011
ALG11	False	ENSG00000253710	RESOLVED	HPA	ENSG00000253710	ENSG00000253710
ALG12	False	ENSG00000182858	RESOLVED	HPA	ENSG00000182858	ENSG00000182858
ALG13	False	ENSG00000101901	RESOLVED	HPA	ENSG00000101901	ENSG00000101901
ALG14	False	ENSG00000172339	RESOLVED	HPA	ENSG00000172339	ENSG00000172339
ALG3	False	ENSG00000214160	RESOLVED	HPA	ENSG00000214160	ENSG00000214160
ALG5	False	ENSG00000120697	RESOLVED	HPA	ENSG00000120697	ENSG00000120697
ALG6	False	ENSG00000088035	RESOLVED	HPA	ENSG00000088035	ENSG00000088035
ALG8	False	ENSG00000159063	RESOLVED	HPA	ENSG00000159063	ENSG00000159063
ALK	False	ENSG00000171094	RESOLVED	HPA	ENSG00000171094	ENSG00000171094
ALMS1	False	ENSG00000116127	RESOLVED	HPA	ENSG00000116127	ENSG00000116127
ALPP	False	ENSG00000163283	RESOLVED	HPA	ENSG00000163283	ENSG00000163283
ALS2	False	ENSG00000003393	RESOLVED	HPA	ENSG00000003393	ENSG00000003393
ALYREF	False	ENSG00000183684	RESOLVED	HPA	ENSG00000183684	ENSG00000183684
AMBP	False	ENSG00000106927	RESOLVED	HPA	ENSG00000106927	ENSG00000106927
AMBRA1	False	ENSG00000110497	RESOLVED	HPA	ENSG00000110497	ENSG00000110497
AMDHD2-2	False		UNMAPPED	NONE		
AMELX	False	ENSG00000125363	RESOLVED	HPA	ENSG00000125363	ENSG00000125363
AMELY	False	ENSG00000099721	RESOLVED	HPA	ENSG00000099721	ENSG00000099721
AMPD1	False	ENSG00000116748	RESOLVED	HPA	ENSG00000116748	ENSG00000116748
AMPD2	False	ENSG00000116337	RESOLVED	HPA	ENSG00000116337	ENSG00000116337
AMPD3	False	ENSG00000133805	RESOLVED	HPA	ENSG00000133805	ENSG00000133805
AMY1B	False	ENSG00000174876	RESOLVED	HPA	ENSG00000174876	ENSG00000174876
ANAPC1	False	ENSG00000153107	RESOLVED	HPA	ENSG00000153107	ENSG00000153107
ANAPC10	False	ENSG00000164162	RESOLVED	HPA	ENSG00000164162	ENSG00000164162
ANAPC11	False	ENSG00000141552	RESOLVED	HPA	ENSG00000141552	ENSG00000141552
ANAPC13	False	ENSG00000129055	RESOLVED	HPA	ENSG00000129055	ENSG00000129055
ANAPC15	False	ENSG00000110200	RESOLVED	HPA	ENSG00000110200	ENSG00000110200
ANAPC16	False	ENSG00000166295	RESOLVED	HPA	ENSG00000166295	ENSG00000166295
ANAPC2	False	ENSG00000176248	RESOLVED	HPA	ENSG00000176248	ENSG00000176248
ANAPC4	False	ENSG00000053900	RESOLVED	HPA	ENSG00000053900	ENSG00000053900
ANAPC5	False	ENSG00000089053	RESOLVED	HPA	ENSG00000089053	ENSG00000089053
ANAPC7	False	ENSG00000196510	RESOLVED	HPA	ENSG00000196510	ENSG00000196510
ANHX	False	ENSG00000227059	RESOLVED	HPA	ENSG00000227059	ENSG00000227059
ANK3	False	ENSG00000151150	RESOLVED	HPA	ENSG00000151150	ENSG00000151150
ANKRD26	False	ENSG00000107890	RESOLVED	HPA	ENSG00000107890	ENSG00000107890
ANKRD33B	False	ENSG00000164236	RESOLVED	HPA	ENSG00000164236	ENSG00000164236
ANKRD39	False	ENSG00000213337	RESOLVED	HPA	ENSG00000213337	ENSG00000213337
ANKRD40	False	ENSG00000154945	RESOLVED	HPA	ENSG00000154945	ENSG00000154945
ANKRD9	False	ENSG00000156381	RESOLVED	HPA	ENSG00000156381	ENSG00000156381
ANKS4B	False	ENSG00000175311	RESOLVED	HPA	ENSG00000175311	ENSG00000175311
ANKS6	False	ENSG00000165138	RESOLVED	HPA	ENSG00000165138	ENSG00000165138
ANO1	False	ENSG00000131620	RESOLVED	HPA	ENSG00000131620	ENSG00000131620
ANO2	False	ENSG00000047617	RESOLVED	HPA	ENSG00000047617	ENSG00000047617
ANO5	False	ENSG00000171714	RESOLVED	HPA	ENSG00000171714	ENSG00000171714
ANOS1	False	ENSG00000011201	RESOLVED	HPA	ENSG00000011201	ENSG00000011201
ANXA11	False	ENSG00000122359	RESOLVED	HPA	ENSG00000122359	ENSG00000122359
ANXA2	False	ENSG00000182718	RESOLVED	HPA	ENSG00000182718	ENSG00000182718
AOC1	False	ENSG00000002726	RESOLVED	HPA	ENSG00000002726	ENSG00000002726
AOC2	False	ENSG00000131480	RESOLVED	HPA	ENSG00000131480	ENSG00000131480
AOC3	False	ENSG00000131471	RESOLVED	HPA	ENSG00000131471	ENSG00000131471
AOX1	False	ENSG00000138356	RESOLVED	HPA	ENSG00000138356	ENSG00000138356
AP1G1	False	ENSG00000166747	RESOLVED	HPA	ENSG00000166747	ENSG00000166747
AP2A1	False	ENSG00000196961	RESOLVED	HPA	ENSG00000196961	ENSG00000196961
AP2A2	False	ENSG00000183020	RESOLVED	HPA	ENSG00000183020	ENSG00000183020
AP2B1	False	ENSG00000006125	RESOLVED	HPA	ENSG00000006125	ENSG00000006125
AP3B1	False	ENSG00000132842	RESOLVED	HPA	ENSG00000132842	ENSG00000132842
AP3M1	False	ENSG00000185009	RESOLVED	HPA	ENSG00000185009	ENSG00000185009
APLF	False	ENSG00000169621	RESOLVED	HPA	ENSG00000169621	ENSG00000169621
APMAP	False	ENSG00000101474	RESOLVED	HPA	ENSG00000101474	ENSG00000101474
APOBEC3H	False	ENSG00000100298	RESOLVED	HPA	ENSG00000100298	ENSG00000100298
APOBR	False	ENSG00000184730	RESOLVED	HPA	ENSG00000184730	ENSG00000184730
APOE	False	ENSG00000130203	RESOLVED	HPA	ENSG00000130203	ENSG00000130203
APOL1	False	ENSG00000100342	RESOLVED	HPA	ENSG00000100342	ENSG00000100342
APPL1	False	ENSG00000157500	RESOLVED	HPA	ENSG00000157500	ENSG00000157500
APRT	False	ENSG00000198931	RESOLVED	HPA	ENSG00000198931	ENSG00000198931
APTX	False	ENSG00000137074	RESOLVED	HPA	ENSG00000137074	ENSG00000137074
AQR	False	ENSG00000021776	RESOLVED	HPA	ENSG00000021776	ENSG00000021776
AR	False	ENSG00000169083	RESOLVED	HPA	ENSG00000169083	ENSG00000169083
ARAF	False	ENSG00000078061	RESOLVED	HPA	ENSG00000078061	ENSG00000078061
ARF4	False	ENSG00000168374	RESOLVED	HPA	ENSG00000168374	ENSG00000168374
ARFIP2	False	ENSG00000132254	RESOLVED	HPA	ENSG00000132254	ENSG00000132254
ARFRP1	False	ENSG00000101246	RESOLVED	HPA	ENSG00000101246	ENSG00000101246
ARG1	False	ENSG00000118520	RESOLVED	HPA	ENSG00000118520	ENSG00000118520
ARHGAP1	False	ENSG00000175220	RESOLVED	HPA	ENSG00000175220	ENSG00000175220
ARHGAP17	False	ENSG00000140750	RESOLVED	HPA	ENSG00000140750	ENSG00000140750
ARHGAP24	False	ENSG00000138639	RESOLVED	HPA	ENSG00000138639	ENSG00000138639
ARHGAP39	False	ENSG00000147799	RESOLVED	HPA	ENSG00000147799	ENSG00000147799
ARHGDIA	False	ENSG00000141522	RESOLVED	HPA	ENSG00000141522	ENSG00000141522
ARHGEF1	False	ENSG00000076928	RESOLVED	HPA	ENSG00000076928	ENSG00000076928
ARHGEF18	True	ENSG00000104880	RESOLVED	HPA	ENSG00000104880	ENSG00000104880
ARHGEF25	False	ENSG00000240771	RESOLVED	HPA	ENSG00000240771	ENSG00000240771
ARHGEF33	False	ENSG00000214694	RESOLVED	HPA	ENSG00000214694	ENSG00000214694
ARHGEF40	False	ENSG00000165801	RESOLVED	HPA	ENSG00000165801	ENSG00000165801
ARHGEF7	False	ENSG00000102606	RESOLVED	HPA	ENSG00000102606	ENSG00000102606
ARID4A	False	ENSG00000032219	RESOLVED	HPA	ENSG00000032219	ENSG00000032219
ARID4B	False	ENSG00000054267	RESOLVED	HPA	ENSG00000054267	ENSG00000054267
ARIH1	False	ENSG00000166233	RESOLVED	HPA	ENSG00000166233	ENSG00000166233
ARL1	False	ENSG00000120805	RESOLVED	HPA	ENSG00000120805	ENSG00000120805
ARL11	False	ENSG00000152213	RESOLVED	HPA	ENSG00000152213	ENSG00000152213
ARL13A	False	ENSG00000174225	RESOLVED	HPA	ENSG00000174225	ENSG00000174225
ARL13B	False	ENSG00000169379	RESOLVED	HPA	ENSG00000169379	ENSG00000169379
ARL2	False	ENSG00000213465	RESOLVED	HPA	ENSG00000213465	ENSG00000213465
ARL2BP	True	ENSG00000102931	RESOLVED	HPA	ENSG00000102931	ENSG00000102931
ARL3	True	ENSG00000138175	RESOLVED	HPA	ENSG00000138175	ENSG00000138175
ARL6	True	ENSG00000113966	RESOLVED	HPA	ENSG00000113966	ENSG00000113966
ARL6IP1	False	ENSG00000170540	RESOLVED	HPA	ENSG00000170540	ENSG00000170540
ARL6IP5	False	ENSG00000144746	RESOLVED	HPA	ENSG00000144746	ENSG00000144746
ARMC2	False	ENSG00000118690	RESOLVED	HPA	ENSG00000118690	ENSG00000118690
ARMC3	False	ENSG00000165309	RESOLVED	HPA	ENSG00000165309	ENSG00000165309
ARMC4	False	ENSG00000169126	RESOLVED	GTEx		ENSG00000169126
ARMC6	False	ENSG00000105676	RESOLVED	HPA	ENSG00000105676	ENSG00000105676
ARMC7	False	ENSG00000125449	RESOLVED	HPA	ENSG00000125449	ENSG00000125449
ARMS2	False	ENSG00000254636	RESOLVED	HPA	ENSG00000254636	ENSG00000254636
ARNT	False	ENSG00000143437	RESOLVED	HPA	ENSG00000143437	ENSG00000143437
ARPIN	False	ENSG00000242498	RESOLVED	HPA	ENSG00000242498	ENSG00000242498
ARR3	False	ENSG00000120500	RESOLVED	HPA	ENSG00000120500	ENSG00000120500
ARRB1	False	ENSG00000137486	RESOLVED	HPA	ENSG00000137486	ENSG00000137486
ARRB2	False	ENSG00000141480	RESOLVED	HPA	ENSG00000141480	ENSG00000141480
ARRDC1	False	ENSG00000197070	RESOLVED	HPA	ENSG00000197070	ENSG00000197070
ARRDC3	False	ENSG00000113369	RESOLVED	HPA	ENSG00000113369	ENSG00000113369
ARRDC4	False	ENSG00000140450	RESOLVED	HPA	ENSG00000140450	ENSG00000140450
ARRDC5	False	ENSG00000205784	RESOLVED	HPA	ENSG00000205784	ENSG00000205784
ARSB	False	ENSG00000113273	RESOLVED	HPA	ENSG00000113273	ENSG00000113273
ARSG	False	ENSG00000141337	RESOLVED	HPA	ENSG00000141337	ENSG00000141337
AS3MT	False	ENSG00000214435	RESOLVED	HPA	ENSG00000214435	ENSG00000214435
ASAH2	False	ENSG00000188611	RESOLVED	HPA	ENSG00000188611	ENSG00000188611
ASAH2B	False	ENSG00000204147	RESOLVED	HPA	ENSG00000204147	ENSG00000204147
ASAP1	False	ENSG00000153317	RESOLVED	HPA	ENSG00000153317	ENSG00000153317
ASB6	False	ENSG00000148331	RESOLVED	HPA	ENSG00000148331	ENSG00000148331
ASCC2	False	ENSG00000100325	RESOLVED	HPA	ENSG00000100325	ENSG00000100325
ASCC3	False	ENSG00000112249	RESOLVED	HPA	ENSG00000112249	ENSG00000112249
ASCL1	False	ENSG00000139352	RESOLVED	HPA	ENSG00000139352	ENSG00000139352
ASH2L	False	ENSG00000129691	RESOLVED	HPA	ENSG00000129691	ENSG00000129691
ASIP	False	ENSG00000101440	RESOLVED	HPA	ENSG00000101440	ENSG00000101440
ASL	False	ENSG00000126522	RESOLVED	HPA	ENSG00000126522	ENSG00000126522
ASPM	False	ENSG00000066279	RESOLVED	HPA	ENSG00000066279	ENSG00000066279
ASS1	False	ENSG00000130707	RESOLVED	HPA	ENSG00000130707	ENSG00000130707
ASXL1	False	ENSG00000171456	RESOLVED	HPA	ENSG00000171456	ENSG00000171456
ASZ1	False	ENSG00000154438	RESOLVED	HPA	ENSG00000154438	ENSG00000154438
ATAD3A	False	ENSG00000197785	RESOLVED	HPA	ENSG00000197785	ENSG00000197785
ATF1	False	ENSG00000123268	RESOLVED	HPA	ENSG00000123268	ENSG00000123268
ATF2	False	ENSG00000115966	RESOLVED	HPA	ENSG00000115966	ENSG00000115966
ATF3	False	ENSG00000162772	RESOLVED	HPA	ENSG00000162772	ENSG00000162772
ATF4	False	ENSG00000128272	RESOLVED	HPA	ENSG00000128272	ENSG00000128272
ATF6	False	ENSG00000118217	RESOLVED	HPA	ENSG00000118217	ENSG00000118217
ATF6B	False	ENSG00000213676	RESOLVED	HPA	ENSG00000213676	ENSG00000213676
ATG13	False	ENSG00000175224	RESOLVED	HPA	ENSG00000175224	ENSG00000175224
ATG3	False	ENSG00000144848	RESOLVED	HPA	ENSG00000144848	ENSG00000144848
ATG4B	False	ENSG00000168397	RESOLVED	HPA	ENSG00000168397	ENSG00000168397
ATG7	False	ENSG00000197548	RESOLVED	HPA	ENSG00000197548	ENSG00000197548
ATIC	False	ENSG00000138363	RESOLVED	HPA	ENSG00000138363	ENSG00000138363
ATL1	False	ENSG00000198513	RESOLVED	HPA	ENSG00000198513	ENSG00000198513
ATL3	False	ENSG00000184743	RESOLVED	HPA	ENSG00000184743	ENSG00000184743
ATOH7	False	ENSG00000179774	RESOLVED	HPA	ENSG00000179774	ENSG00000179774
ATP12A	False	ENSG00000075673	RESOLVED	HPA	ENSG00000075673	ENSG00000075673
ATP13A2	False	ENSG00000159363	RESOLVED	HPA	ENSG00000159363	ENSG00000159363
ATP1A4	False	ENSG00000132681	RESOLVED	HPA	ENSG00000132681	ENSG00000132681
ATP2A1	False	ENSG00000196296	RESOLVED	HPA	ENSG00000196296	ENSG00000196296
ATP4A	False	ENSG00000105675	RESOLVED	HPA	ENSG00000105675	ENSG00000105675
ATP5F1A	False	ENSG00000152234	RESOLVED	HPA	ENSG00000152234	
ATP5F1B	False	ENSG00000110955	RESOLVED	HPA	ENSG00000110955	
ATP5F1C	False	ENSG00000165629	RESOLVED	HPA	ENSG00000165629	
ATP5F1D	False	ENSG00000099624	RESOLVED	HPA	ENSG00000099624	
ATP5IF1	False	ENSG00000130770	RESOLVED	HPA	ENSG00000130770	
ATP5MC1	False	ENSG00000159199	RESOLVED	HPA	ENSG00000159199	
ATP5MG	False	ENSG00000167283	RESOLVED	HPA	ENSG00000167283	
ATP5PB	False	ENSG00000116459	RESOLVED	HPA	ENSG00000116459	
ATP5PD	False	ENSG00000167863	RESOLVED	HPA	ENSG00000167863	
ATP5PF	False	ENSG00000154723	RESOLVED	HPA	ENSG00000154723	
ATP5PO	False	ENSG00000241837	RESOLVED	HPA	ENSG00000241837	
ATP6AP2	False	ENSG00000182220	RESOLVED	HPA	ENSG00000182220	ENSG00000182220
ATP6V0A1	False	ENSG00000033627	RESOLVED	HPA	ENSG00000033627	ENSG00000033627
ATP8A2	False	ENSG00000132932	RESOLVED	HPA	ENSG00000132932	ENSG00000132932
ATPAF1	False	ENSG00000123472	RESOLVED	HPA	ENSG00000123472	ENSG00000123472
ATRAID	False	ENSG00000138085	RESOLVED	HPA	ENSG00000138085	ENSG00000138085
ATRX	False	ENSG00000085224	RESOLVED	HPA	ENSG00000085224	ENSG00000085224
ATXN1L	False	ENSG00000224470	RESOLVED	HPA	ENSG00000224470	ENSG00000224470
ATXN2	False	ENSG00000204842	RESOLVED	HPA	ENSG00000204842	ENSG00000204842
ATXN7	False	ENSG00000163635	RESOLVED	HPA	ENSG00000163635	ENSG00000163635
ATXN7-2	False		UNMAPPED	NONE		
ATXN7L1	False	ENSG00000146776	RESOLVED	HPA	ENSG00000146776	ENSG00000146776
ATXN7L2	False	ENSG00000162650	RESOLVED	HPA	ENSG00000162650	ENSG00000162650
AUP1	False	ENSG00000115307	RESOLVED	HPA	ENSG00000115307	ENSG00000115307
AURKA	False	ENSG00000087586	RESOLVED	HPA	ENSG00000087586	ENSG00000087586
AVPI1	False	ENSG00000119986	RESOLVED	HPA	ENSG00000119986	ENSG00000119986
AVPR1A	False	ENSG00000166148	RESOLVED	HPA	ENSG00000166148	ENSG00000166148
AVPR1B	False	ENSG00000198049	RESOLVED	HPA	ENSG00000198049	ENSG00000198049
AVPR2	False	ENSG00000126895	RESOLVED	HPA	ENSG00000126895	ENSG00000126895
AWAT2	False	ENSG00000147160	RESOLVED	HPA	ENSG00000147160	ENSG00000147160
AXL	False	ENSG00000167601	RESOLVED	HPA	ENSG00000167601	ENSG00000167601
B3GALNT2	False	ENSG00000162885	RESOLVED	HPA	ENSG00000162885	ENSG00000162885
B3GAT3	False	ENSG00000149541	RESOLVED	HPA	ENSG00000149541	ENSG00000149541
B3GNT2	False	ENSG00000170340	RESOLVED	HPA	ENSG00000170340	ENSG00000170340
B4E171_HUMAN	False		UNMAPPED	NONE		
B4GALT1	False	ENSG00000086062	RESOLVED	HPA	ENSG00000086062	ENSG00000086062
B4GALT2	False	ENSG00000117411	RESOLVED	HPA	ENSG00000117411	ENSG00000117411
B4GALT3	False	ENSG00000158850	RESOLVED	HPA	ENSG00000158850	ENSG00000158850
B4GAT1	False	ENSG00000174684	RESOLVED	HPA	ENSG00000174684	ENSG00000174684
B9D1	False	ENSG00000108641	RESOLVED	HPA	ENSG00000108641	ENSG00000108641
B9D2	False	ENSG00000123810	RESOLVED	HPA	ENSG00000123810	ENSG00000123810
BABAM2	False	ENSG00000158019	RESOLVED	HPA	ENSG00000158019	
BAG2	False	ENSG00000112208	RESOLVED	HPA	ENSG00000112208	ENSG00000112208
BAG3	False	ENSG00000151929	RESOLVED	HPA	ENSG00000151929	ENSG00000151929
BAG5	False	ENSG00000166170	RESOLVED	HPA	ENSG00000166170	ENSG00000166170
BAIAP2L1	False	ENSG00000006453	RESOLVED	HPA	ENSG00000006453	ENSG00000006453
BAIAP2L2	False	ENSG00000128298	RESOLVED	HPA	ENSG00000128298	ENSG00000128298
BANF1	False	ENSG00000175334	RESOLVED	HPA	ENSG00000175334	ENSG00000175334
BAP1	False	ENSG00000163930	RESOLVED	HPA	ENSG00000163930	ENSG00000163930
BARD1	False	ENSG00000138376	RESOLVED	HPA	ENSG00000138376	ENSG00000138376
BARHL1	False	ENSG00000125492	RESOLVED	HPA	ENSG00000125492	ENSG00000125492
BASP1	False	ENSG00000176788	RESOLVED	HPA	ENSG00000176788	ENSG00000176788
BATF	False	ENSG00000156127	RESOLVED	HPA	ENSG00000156127	ENSG00000156127
BAX	False	ENSG00000087088	RESOLVED	HPA	ENSG00000087088	ENSG00000087088
BBIP1	False	ENSG00000214413	RESOLVED	HPA	ENSG00000214413	ENSG00000214413
BBOX1	False	ENSG00000129151	RESOLVED	HPA	ENSG00000129151	ENSG00000129151
BBS1	True	ENSG00000174483	RESOLVED	HPA	ENSG00000174483	ENSG00000174483
BBS10	False	ENSG00000179941	RESOLVED	HPA	ENSG00000179941	ENSG00000179941
BBS12	False	ENSG00000181004	RESOLVED	HPA	ENSG00000181004	ENSG00000181004
BBS2	True	ENSG00000125124	RESOLVED	HPA	ENSG00000125124	ENSG00000125124
BBS4	False	ENSG00000140463	RESOLVED	HPA	ENSG00000140463	ENSG00000140463
BBS5	False	ENSG00000163093	RESOLVED	HPA	ENSG00000163093	ENSG00000163093
BBS7	False	ENSG00000138686	RESOLVED	HPA	ENSG00000138686	ENSG00000138686
BBS9	True	ENSG00000122507	RESOLVED	HPA	ENSG00000122507	ENSG00000122507
BCAP31	False	ENSG00000185825	RESOLVED	HPA	ENSG00000185825	ENSG00000185825
BCAS2	False	ENSG00000116752	RESOLVED	HPA	ENSG00000116752	ENSG00000116752
BCAT1	False	ENSG00000060982	RESOLVED	HPA	ENSG00000060982	ENSG00000060982
BCAT2	False	ENSG00000105552	RESOLVED	HPA	ENSG00000105552	ENSG00000105552
BCKDHA	False	ENSG00000248098	RESOLVED	HPA	ENSG00000248098	ENSG00000248098
BCKDHB	False	ENSG00000083123	RESOLVED	HPA	ENSG00000083123	ENSG00000083123
BCKDK	False	ENSG00000103507	RESOLVED	HPA	ENSG00000103507	ENSG00000103507
BCL2	False	ENSG00000171791	RESOLVED	HPA	ENSG00000171791	ENSG00000171791
BCL2L11	False	ENSG00000153094	RESOLVED	HPA	ENSG00000153094	ENSG00000153094
BCL6	False	ENSG00000113916	RESOLVED	HPA	ENSG00000113916	ENSG00000113916
BCL9L	False	ENSG00000186174	RESOLVED	HPA	ENSG00000186174	ENSG00000186174
BCLAF1	False	ENSG00000029363	RESOLVED	HPA	ENSG00000029363	ENSG00000029363
BCO1	False	ENSG00000135697	RESOLVED	HPA	ENSG00000135697	ENSG00000135697
BCO2	False	ENSG00000197580	RESOLVED	HPA	ENSG00000197580	ENSG00000197580
BCOR	True	ENSG00000183337	RESOLVED	HPA	ENSG00000183337	ENSG00000183337
BCORL1	False	ENSG00000085185	RESOLVED	HPA	ENSG00000085185	ENSG00000085185
BCS1L	False	ENSG00000074582	RESOLVED	HPA	ENSG00000074582	ENSG00000074582
BEST1	True	ENSG00000167995	RESOLVED	HPA	ENSG00000167995	ENSG00000167995
BEST2	False	ENSG00000039987	RESOLVED	HPA	ENSG00000039987	ENSG00000039987
BICDL1	False	ENSG00000135127	RESOLVED	HPA	ENSG00000135127	ENSG00000135127
BIRC3	False	ENSG00000023445	RESOLVED	HPA	ENSG00000023445	ENSG00000023445
BLOC1S1	False	ENSG00000135441	RESOLVED	HPA	ENSG00000135441	ENSG00000135441
BLOC1S2	False	ENSG00000196072	RESOLVED	HPA	ENSG00000196072	ENSG00000196072
BLVRB	False	ENSG00000090013	RESOLVED	HPA	ENSG00000090013	ENSG00000090013
BMI1	False	ENSG00000168283	RESOLVED	HPA	ENSG00000168283	ENSG00000168283
BMS1	False	ENSG00000165733	RESOLVED	HPA	ENSG00000165733	ENSG00000165733
BMX	False	ENSG00000102010	RESOLVED	HPA	ENSG00000102010	ENSG00000102010
BNIP3	False	ENSG00000176171	RESOLVED	HPA	ENSG00000176171	ENSG00000176171
BOP1	False	ENSG00000261236	RESOLVED	HPA	ENSG00000261236	ENSG00000261236
BORA	False	ENSG00000136122	RESOLVED	HPA	ENSG00000136122	ENSG00000136122
BORCS6	False	ENSG00000196544	RESOLVED	HPA	ENSG00000196544	ENSG00000196544
BORCS7	False	ENSG00000166275	RESOLVED	HPA	ENSG00000166275	ENSG00000166275
BPIFA2	False	ENSG00000131050	RESOLVED	HPA	ENSG00000131050	ENSG00000131050
BRAF	False	ENSG00000157764	RESOLVED	HPA	ENSG00000157764	ENSG00000157764
BRCA1	False	ENSG00000012048	RESOLVED	HPA	ENSG00000012048	ENSG00000012048
BRCA2	False	ENSG00000139618	RESOLVED	HPA	ENSG00000139618	ENSG00000139618
BRCC3	False	ENSG00000185515	RESOLVED	HPA	ENSG00000185515	ENSG00000185515
BRD2	False	ENSG00000204256	RESOLVED	HPA	ENSG00000204256	ENSG00000204256
BRD3	False	ENSG00000169925	RESOLVED	HPA	ENSG00000169925	ENSG00000169925
BRD4	False	ENSG00000141867	RESOLVED	HPA	ENSG00000141867	ENSG00000141867
BRD7	False	ENSG00000166164	RESOLVED	HPA	ENSG00000166164	ENSG00000166164
BRIX1	False	ENSG00000113460	RESOLVED	HPA	ENSG00000113460	ENSG00000113460
BRMS1	False	ENSG00000174744	RESOLVED	HPA	ENSG00000174744	ENSG00000174744
BRMS1L	False	ENSG00000100916	RESOLVED	HPA	ENSG00000100916	ENSG00000100916
BSDC1	False	ENSG00000160058	RESOLVED	HPA	ENSG00000160058	ENSG00000160058
BSG	False	ENSG00000172270	RESOLVED	HPA	ENSG00000172270	ENSG00000172270
BTBD2	False	ENSG00000133243	RESOLVED	HPA	ENSG00000133243	ENSG00000133243
BTBD9	False	ENSG00000183826	RESOLVED	HPA	ENSG00000183826	ENSG00000183826
BTN1A1	False	ENSG00000124557	RESOLVED	HPA	ENSG00000124557	ENSG00000124557
BUB1B	False	ENSG00000156970	RESOLVED	HPA	ENSG00000156970	ENSG00000156970
BUD13	False	ENSG00000137656	RESOLVED	HPA	ENSG00000137656	ENSG00000137656
BUD23	False	ENSG00000071462	RESOLVED	HPA	ENSG00000071462	
BUD31	False	ENSG00000106245	RESOLVED	HPA	ENSG00000106245	ENSG00000106245
BYSL	False	ENSG00000112578	RESOLVED	HPA	ENSG00000112578	ENSG00000112578
C10ORF88	False	ENSG00000119965	RESOLVED	HPA	ENSG00000119965	ENSG00000119965
C11ORF1	False	ENSG00000137720	RESOLVED	HPA	ENSG00000137720	ENSG00000137720
C11ORF16	False	ENSG00000176029	RESOLVED	HPA	ENSG00000176029	ENSG00000176029
C11ORF49	False	ENSG00000149179	RESOLVED	GTEx		ENSG00000149179
C11ORF74	False	ENSG00000166352	RESOLVED	GTEx		ENSG00000166352
C11ORF95	False	ENSG00000188070	RESOLVED	GTEx		ENSG00000188070
C12ORF10	False	ENSG00000139637	RESOLVED	GTEx		ENSG00000139637
C15ORF65	False	ENSG00000261652	RESOLVED	GTEx		ENSG00000261652
C17ORF49	False	ENSG00000258315	RESOLVED	HPA	ENSG00000258315	ENSG00000258315
C18ORF25	False	ENSG00000152242	RESOLVED	HPA	ENSG00000152242	ENSG00000152242
C19ORF44	True	ENSG00000105072	RESOLVED	HPA	ENSG00000105072	ENSG00000105072
C19ORF54	False	ENSG00000188493	RESOLVED	HPA	ENSG00000188493	ENSG00000188493
C19ORF71	False	ENSG00000183397	RESOLVED	GTEx		ENSG00000183397
C1ORF158	False	ENSG00000157330	RESOLVED	GTEx		ENSG00000157330
C1ORF189	False	ENSG00000163263	RESOLVED	GTEx		ENSG00000163263
C1ORF194	False	ENSG00000179902	RESOLVED	GTEx		ENSG00000179902
C1QA	False	ENSG00000173372	RESOLVED	HPA	ENSG00000173372	ENSG00000173372
C1QL2	False	ENSG00000144119	RESOLVED	HPA	ENSG00000144119	ENSG00000144119
C2	False	ENSG00000166278	RESOLVED	HPA	ENSG00000166278	ENSG00000166278
C20ORF194	False	ENSG00000088854	RESOLVED	GTEx		ENSG00000088854
C2CD3	False	ENSG00000168014	RESOLVED	HPA	ENSG00000168014	ENSG00000168014
C2ORF74	False	ENSG00000237651	RESOLVED	HPA	ENSG00000237651	ENSG00000237651
C5ORF34	False	ENSG00000172244	RESOLVED	HPA	ENSG00000172244	ENSG00000172244
C5ORF46	False	ENSG00000178776	RESOLVED	HPA	ENSG00000178776	ENSG00000178776
C5ORF49	False	ENSG00000215217	RESOLVED	HPA	ENSG00000215217	ENSG00000215217
C6ORF132	False	ENSG00000188112	RESOLVED	HPA	ENSG00000188112	ENSG00000188112
C6ORF52	False	ENSG00000137434	RESOLVED	HPA	ENSG00000137434	ENSG00000137434
C8ORF37	False	ENSG00000156172	RESOLVED	GTEx		ENSG00000156172
C8ORF74	False	ENSG00000171060	RESOLVED	HPA	ENSG00000171060	ENSG00000171060
C9ORF116	False	ENSG00000160345	RESOLVED	GTEx		ENSG00000160345
C9ORF135	False	ENSG00000204711	RESOLVED	GTEx		ENSG00000204711
C9ORF72	False	ENSG00000147894	RESOLVED	HPA	ENSG00000147894	ENSG00000147894
C9ORF78	False	ENSG00000136819	RESOLVED	HPA	ENSG00000136819	ENSG00000136819
CA12	False	ENSG00000074410	RESOLVED	HPA	ENSG00000074410	ENSG00000074410
CA14	False	ENSG00000118298	RESOLVED	HPA	ENSG00000118298	ENSG00000118298
CA2	False	ENSG00000104267	RESOLVED	HPA	ENSG00000104267	ENSG00000104267
CA4	False	ENSG00000167434	RESOLVED	HPA	ENSG00000167434	ENSG00000167434
CA9	False	ENSG00000107159	RESOLVED	HPA	ENSG00000107159	ENSG00000107159
CAB39L	False	ENSG00000102547	RESOLVED	HPA	ENSG00000102547	ENSG00000102547
CABP1	False	ENSG00000157782	RESOLVED	HPA	ENSG00000157782	ENSG00000157782
CABP2	False	ENSG00000167791	RESOLVED	HPA	ENSG00000167791	ENSG00000167791
CABP4	False	ENSG00000175544	RESOLVED	HPA	ENSG00000175544	ENSG00000175544
CABP5	False	ENSG00000105507	RESOLVED	HPA	ENSG00000105507	ENSG00000105507
CACNA1F	False	ENSG00000102001	RESOLVED	HPA	ENSG00000102001	ENSG00000102001
CACNA2D4	False	ENSG00000151062	RESOLVED	HPA	ENSG00000151062	ENSG00000151062
CACNG2	False	ENSG00000166862	RESOLVED	HPA	ENSG00000166862	ENSG00000166862
CACTIN	False	ENSG00000105298	RESOLVED	HPA	ENSG00000105298	ENSG00000105298
CAD	False	ENSG00000084774	RESOLVED	HPA	ENSG00000084774	ENSG00000084774
CALB1	False	ENSG00000104327	RESOLVED	HPA	ENSG00000104327	ENSG00000104327
CALB2	False	ENSG00000172137	RESOLVED	HPA	ENSG00000172137	ENSG00000172137
CALM1	False	ENSG00000198668	RESOLVED	HPA	ENSG00000198668	ENSG00000198668
CALM2	False	ENSG00000143933	RESOLVED	HPA	ENSG00000143933	ENSG00000143933
CALM3	False	ENSG00000160014	RESOLVED	HPA	ENSG00000160014	ENSG00000160014
CALML3	False	ENSG00000178363	RESOLVED	HPA	ENSG00000178363	ENSG00000178363
CALML4	False	ENSG00000129007	RESOLVED	HPA	ENSG00000129007	ENSG00000129007
CALML5	False	ENSG00000178372	RESOLVED	HPA	ENSG00000178372	ENSG00000178372
CALML6	False	ENSG00000169885	RESOLVED	HPA	ENSG00000169885	ENSG00000169885
CALR	False	ENSG00000179218	RESOLVED	HPA	ENSG00000179218	ENSG00000179218
CAMK1	False	ENSG00000134072	RESOLVED	HPA	ENSG00000134072	ENSG00000134072
CAMK1D	False	ENSG00000183049	RESOLVED	HPA	ENSG00000183049	ENSG00000183049
CAMK1G	False	ENSG00000008118	RESOLVED	HPA	ENSG00000008118	ENSG00000008118
CAMK2A	False	ENSG00000070808	RESOLVED	HPA	ENSG00000070808	ENSG00000070808
CAMK2B	False	ENSG00000058404	RESOLVED	HPA	ENSG00000058404	ENSG00000058404
CAMK2D	False	ENSG00000145349	RESOLVED	HPA	ENSG00000145349	ENSG00000145349
CAMK2G	False	ENSG00000148660	RESOLVED	HPA	ENSG00000148660	ENSG00000148660
CAMK4	False	ENSG00000152495	RESOLVED	HPA	ENSG00000152495	ENSG00000152495
CAMSAP2	False	ENSG00000118200	RESOLVED	HPA	ENSG00000118200	ENSG00000118200
CANT1	False	ENSG00000171302	RESOLVED	HPA	ENSG00000171302	ENSG00000171302
CANX	False	ENSG00000127022	RESOLVED	HPA	ENSG00000127022	ENSG00000127022
CAPN1	False	ENSG00000014216	RESOLVED	HPA	ENSG00000014216	ENSG00000014216
CAPN3	False	ENSG00000092529	RESOLVED	HPA	ENSG00000092529	ENSG00000092529
CAPN6	False	ENSG00000077274	RESOLVED	HPA	ENSG00000077274	ENSG00000077274
CAPN9	False	ENSG00000135773	RESOLVED	HPA	ENSG00000135773	ENSG00000135773
CAPZA1	False	ENSG00000116489	RESOLVED	HPA	ENSG00000116489	ENSG00000116489
CAPZB	False	ENSG00000077549	RESOLVED	HPA	ENSG00000077549	ENSG00000077549
CARD14	False	ENSG00000141527	RESOLVED	HPA	ENSG00000141527	ENSG00000141527
CARTPT	False	ENSG00000164326	RESOLVED	HPA	ENSG00000164326	ENSG00000164326
CASC3	False	ENSG00000108349	RESOLVED	HPA	ENSG00000108349	ENSG00000108349
CASK	False	ENSG00000147044	RESOLVED	HPA	ENSG00000147044	ENSG00000147044
CASP3	False	ENSG00000164305	RESOLVED	HPA	ENSG00000164305	ENSG00000164305
CASR	False	ENSG00000036828	RESOLVED	HPA	ENSG00000036828	ENSG00000036828
CASTOR3	False		UNMAPPED	NONE		
CAV1	False	ENSG00000105974	RESOLVED	HPA	ENSG00000105974	ENSG00000105974
CBLN3	False	ENSG00000139899	RESOLVED	HPA	ENSG00000139899	ENSG00000139899
CBS	False	ENSG00000160200	RESOLVED	HPA	ENSG00000160200	ENSG00000160200
CBSL	False	ENSG00000274276	RESOLVED	GTEx		ENSG00000274276
CBX2	False	ENSG00000173894	RESOLVED	HPA	ENSG00000173894	ENSG00000173894
CBX3	False	ENSG00000122565	RESOLVED	HPA	ENSG00000122565	ENSG00000122565
CBX4	False	ENSG00000141582	RESOLVED	HPA	ENSG00000141582	ENSG00000141582
CBX7	False	ENSG00000100307	RESOLVED	HPA	ENSG00000100307	ENSG00000100307
CBX8	False	ENSG00000141570	RESOLVED	HPA	ENSG00000141570	ENSG00000141570
CBY1	False	ENSG00000100211	RESOLVED	HPA	ENSG00000100211	ENSG00000100211
CC2D2A	True	ENSG00000048342	RESOLVED	HPA	ENSG00000048342	ENSG00000048342
CC2D2B	False	ENSG00000188649	RESOLVED	HPA	ENSG00000188649	ENSG00000188649
CCAR1	False	ENSG00000060339	RESOLVED	HPA	ENSG00000060339	ENSG00000060339
CCAR2	False	ENSG00000158941	RESOLVED	HPA	ENSG00000158941	ENSG00000158941
CCDC103	False	ENSG00000167131	RESOLVED	HPA	ENSG00000167131	ENSG00000167131
CCDC106	False	ENSG00000173581	RESOLVED	HPA	ENSG00000173581	ENSG00000173581
CCDC114	False	ENSG00000105479	RESOLVED	GTEx		ENSG00000105479
CCDC115	False	ENSG00000136710	RESOLVED	HPA	ENSG00000136710	ENSG00000136710
CCDC12	False	ENSG00000160799	RESOLVED	HPA	ENSG00000160799	ENSG00000160799
CCDC120	False	ENSG00000147144	RESOLVED	HPA	ENSG00000147144	ENSG00000147144
CCDC121	False	ENSG00000176714	RESOLVED	HPA	ENSG00000176714	ENSG00000176714
CCDC124	False	ENSG00000007080	RESOLVED	HPA	ENSG00000007080	ENSG00000007080
CCDC138	False	ENSG00000163006	RESOLVED	HPA	ENSG00000163006	ENSG00000163006
CCDC14	False	ENSG00000175455	RESOLVED	HPA	ENSG00000175455	ENSG00000175455
CCDC151	False	ENSG00000198003	RESOLVED	GTEx		ENSG00000198003
CCDC173	False	ENSG00000154479	RESOLVED	GTEx		ENSG00000154479
CCDC18	False	ENSG00000122483	RESOLVED	HPA	ENSG00000122483	ENSG00000122483
CCDC28B	False	ENSG00000160050	RESOLVED	HPA	ENSG00000160050	ENSG00000160050
CCDC36	False	ENSG00000173421	RESOLVED	GTEx		ENSG00000173421
CCDC39	False	ENSG00000284862	RESOLVED	HPA	ENSG00000284862	ENSG00000145075
CCDC40	False	ENSG00000141519	RESOLVED	HPA	ENSG00000141519	ENSG00000141519
CCDC51	False	ENSG00000164051	RESOLVED	HPA	ENSG00000164051	ENSG00000164051
CCDC57	False	ENSG00000176155	RESOLVED	HPA	ENSG00000176155	ENSG00000176155
CCDC61	False	ENSG00000104983	RESOLVED	HPA	ENSG00000104983	ENSG00000104983
CCDC63	False	ENSG00000173093	RESOLVED	HPA	ENSG00000173093	ENSG00000173093
CCDC65	False	ENSG00000139537	RESOLVED	HPA	ENSG00000139537	ENSG00000139537
CCDC66	False	ENSG00000180376	RESOLVED	HPA	ENSG00000180376	ENSG00000180376
CCDC68	False	ENSG00000166510	RESOLVED	HPA	ENSG00000166510	ENSG00000166510
CCDC73	False	ENSG00000186714	RESOLVED	HPA	ENSG00000186714	ENSG00000186714
CCDC77	False	ENSG00000120647	RESOLVED	HPA	ENSG00000120647	ENSG00000120647
CCDC84	False	ENSG00000186166	RESOLVED	GTEx		ENSG00000186166
CCDC91	False	ENSG00000123106	RESOLVED	HPA	ENSG00000123106	ENSG00000123106
CCK	False	ENSG00000187094	RESOLVED	HPA	ENSG00000187094	ENSG00000187094
CCL19	False	ENSG00000172724	RESOLVED	HPA	ENSG00000172724	ENSG00000172724
CCL2	False	ENSG00000108691	RESOLVED	HPA	ENSG00000108691	ENSG00000108691
CCL21	False	ENSG00000137077	RESOLVED	HPA	ENSG00000137077	ENSG00000137077
CCL22	False	ENSG00000102962	RESOLVED	HPA	ENSG00000102962	ENSG00000102962
CCNB3	False	ENSG00000147082	RESOLVED	HPA	ENSG00000147082	ENSG00000147082
CCNF	False	ENSG00000162063	RESOLVED	HPA	ENSG00000162063	ENSG00000162063
CCNL2	False	ENSG00000221978	RESOLVED	HPA	ENSG00000221978	ENSG00000221978
CCNO	False	ENSG00000152669	RESOLVED	HPA	ENSG00000152669	ENSG00000152669
CCNQ	False	ENSG00000262919	RESOLVED	HPA	ENSG00000262919	
CCP110	False	ENSG00000103540	RESOLVED	HPA	ENSG00000103540	ENSG00000103540
CCPG1	False	ENSG00000260916	RESOLVED	HPA	ENSG00000260916	ENSG00000260916
CCR1	False	ENSG00000163823	RESOLVED	HPA	ENSG00000163823	ENSG00000163823
CCR2	False	ENSG00000121807	RESOLVED	HPA	ENSG00000121807	ENSG00000121807
CCR3	False	ENSG00000183625	RESOLVED	HPA	ENSG00000183625	ENSG00000183625
CCR5	False	ENSG00000160791	RESOLVED	HPA	ENSG00000160791	ENSG00000160791
CCR6	False	ENSG00000112486	RESOLVED	HPA	ENSG00000112486	ENSG00000112486
CCRL2	False	ENSG00000121797	RESOLVED	HPA	ENSG00000121797	ENSG00000121797
CCT2	False	ENSG00000166226	RESOLVED	HPA	ENSG00000166226	ENSG00000166226
CCT3	False	ENSG00000163468	RESOLVED	HPA	ENSG00000163468	ENSG00000163468
CCT4	False	ENSG00000115484	RESOLVED	HPA	ENSG00000115484	ENSG00000115484
CCT5	False	ENSG00000150753	RESOLVED	HPA	ENSG00000150753	ENSG00000150753
CCT6A	False	ENSG00000146731	RESOLVED	HPA	ENSG00000146731	ENSG00000146731
CCT6B	False	ENSG00000132141	RESOLVED	HPA	ENSG00000132141	ENSG00000132141
CCT7	False	ENSG00000135624	RESOLVED	HPA	ENSG00000135624	ENSG00000135624
CCT8	False	ENSG00000156261	RESOLVED	HPA	ENSG00000156261	ENSG00000156261
CCT8L2	False	ENSG00000198445	RESOLVED	HPA	ENSG00000198445	ENSG00000198445
CD163	False	ENSG00000177575	RESOLVED	HPA	ENSG00000177575	ENSG00000177575
CD1D	False	ENSG00000158473	RESOLVED	HPA	ENSG00000158473	ENSG00000158473
CD27	False	ENSG00000139193	RESOLVED	HPA	ENSG00000139193	ENSG00000139193
CD2AP	False	ENSG00000198087	RESOLVED	HPA	ENSG00000198087	ENSG00000198087
CD2BP2	False	ENSG00000169217	RESOLVED	HPA	ENSG00000169217	ENSG00000169217
CD34	False	ENSG00000174059	RESOLVED	HPA	ENSG00000174059	ENSG00000174059
CD36	False	ENSG00000135218	RESOLVED	HPA	ENSG00000135218	ENSG00000135218
CD4	False	ENSG00000010610	RESOLVED	HPA	ENSG00000010610	ENSG00000010610
CD47	False	ENSG00000196776	RESOLVED	HPA	ENSG00000196776	ENSG00000196776
CD68	False	ENSG00000129226	RESOLVED	HPA	ENSG00000129226	ENSG00000129226
CD80	False	ENSG00000121594	RESOLVED	HPA	ENSG00000121594	ENSG00000121594
CD86	False	ENSG00000114013	RESOLVED	HPA	ENSG00000114013	ENSG00000114013
CD8A	False	ENSG00000153563	RESOLVED	HPA	ENSG00000153563	ENSG00000153563
CDADC1	False	ENSG00000102543	RESOLVED	HPA	ENSG00000102543	ENSG00000102543
CDAN1	False	ENSG00000140326	RESOLVED	HPA	ENSG00000140326	ENSG00000140326
CDC14A	False	ENSG00000079335	RESOLVED	HPA	ENSG00000079335	ENSG00000079335
CDC16	False	ENSG00000130177	RESOLVED	HPA	ENSG00000130177	ENSG00000130177
CDC20	False	ENSG00000117399	RESOLVED	HPA	ENSG00000117399	ENSG00000117399
CDC20B	False	ENSG00000164287	RESOLVED	HPA	ENSG00000164287	ENSG00000164287
CDC23	False	ENSG00000094880	RESOLVED	HPA	ENSG00000094880	ENSG00000094880
CDC26	False	ENSG00000176386	RESOLVED	HPA	ENSG00000176386	ENSG00000176386
CDC27	False	ENSG00000004897	RESOLVED	HPA	ENSG00000004897	ENSG00000004897
CDC40	False	ENSG00000168438	RESOLVED	HPA	ENSG00000168438	ENSG00000168438
CDC42	False	ENSG00000070831	RESOLVED	HPA	ENSG00000070831	ENSG00000070831
CDC42BPA	False	ENSG00000143776	RESOLVED	HPA	ENSG00000143776	ENSG00000143776
CDC42BPB	False	ENSG00000198752	RESOLVED	HPA	ENSG00000198752	ENSG00000198752
CDC42EP1	False	ENSG00000128283	RESOLVED	HPA	ENSG00000128283	ENSG00000128283
CDC42EP3	False	ENSG00000163171	RESOLVED	HPA	ENSG00000163171	ENSG00000163171
CDC5L	False	ENSG00000096401	RESOLVED	HPA	ENSG00000096401	ENSG00000096401
CDC6	False	ENSG00000094804	RESOLVED	HPA	ENSG00000094804	ENSG00000094804
CDCP2	False	ENSG00000157211	RESOLVED	HPA	ENSG00000157211	ENSG00000157211
CDH23	False	ENSG00000107736	RESOLVED	HPA	ENSG00000107736	ENSG00000107736
CDH5	False	ENSG00000179776	RESOLVED	HPA	ENSG00000179776	ENSG00000179776
CDHR1	True	ENSG00000148600	RESOLVED	HPA	ENSG00000148600	ENSG00000148600
CDHR5	False	ENSG00000099834	RESOLVED	HPA	ENSG00000099834	ENSG00000099834
CDK10	False	ENSG00000185324	RESOLVED	HPA	ENSG00000185324	ENSG00000185324
CDK11A	False	ENSG00000008128	RESOLVED	HPA	ENSG00000008128	ENSG00000008128
CDK11B	False	ENSG00000248333	RESOLVED	HPA	ENSG00000248333	ENSG00000248333
CDK5	False	ENSG00000164885	RESOLVED	HPA	ENSG00000164885	ENSG00000164885
CDK5RAP1	False	ENSG00000101391	RESOLVED	HPA	ENSG00000101391	ENSG00000101391
CDK5RAP2	False	ENSG00000136861	RESOLVED	HPA	ENSG00000136861	ENSG00000136861
CDK7	False	ENSG00000134058	RESOLVED	HPA	ENSG00000134058	ENSG00000134058
CDKN2A	False	ENSG00000147889	RESOLVED	HPA	ENSG00000147889	ENSG00000147889
CDR2	False	ENSG00000140743	RESOLVED	HPA	ENSG00000140743	ENSG00000140743
CDS1	False	ENSG00000163624	RESOLVED	HPA	ENSG00000163624	ENSG00000163624
CDS2	False	ENSG00000101290	RESOLVED	HPA	ENSG00000101290	ENSG00000101290
CDT1	False	ENSG00000167513	RESOLVED	HPA	ENSG00000167513	ENSG00000167513
CEBPB	False	ENSG00000172216	RESOLVED	HPA	ENSG00000172216	ENSG00000172216
CEBPE	False	ENSG00000092067	RESOLVED	HPA	ENSG00000092067	ENSG00000092067
CEBPG	False	ENSG00000153879	RESOLVED	HPA	ENSG00000153879	ENSG00000153879
CELA3A	False	ENSG00000142789	RESOLVED	HPA	ENSG00000142789	ENSG00000142789
CELA3B	False	ENSG00000219073	RESOLVED	HPA	ENSG00000219073	ENSG00000219073
CEND1	False	ENSG00000184524	RESOLVED	HPA	ENSG00000184524	ENSG00000184524
CENPA	False	ENSG00000115163	RESOLVED	HPA	ENSG00000115163	ENSG00000115163
CENPE	False	ENSG00000138778	RESOLVED	HPA	ENSG00000138778	ENSG00000138778
CENPF	False	ENSG00000117724	RESOLVED	HPA	ENSG00000117724	ENSG00000117724
CENPJ	False	ENSG00000151849	RESOLVED	HPA	ENSG00000151849	ENSG00000151849
CENPT	False	ENSG00000102901	RESOLVED	HPA	ENSG00000102901	ENSG00000102901
CEP104	False	ENSG00000116198	RESOLVED	HPA	ENSG00000116198	ENSG00000116198
CEP120	False	ENSG00000168944	RESOLVED	HPA	ENSG00000168944	ENSG00000168944
CEP126	False	ENSG00000110318	RESOLVED	HPA	ENSG00000110318	ENSG00000110318
CEP128	False	ENSG00000100629	RESOLVED	HPA	ENSG00000100629	ENSG00000100629
CEP131	False	ENSG00000141577	RESOLVED	HPA	ENSG00000141577	ENSG00000141577
CEP135	False	ENSG00000174799	RESOLVED	HPA	ENSG00000174799	ENSG00000174799
CEP152	False	ENSG00000103995	RESOLVED	HPA	ENSG00000103995	ENSG00000103995
CEP162	True	ENSG00000135315	RESOLVED	HPA	ENSG00000135315	ENSG00000135315
CEP164	False	ENSG00000110274	RESOLVED	HPA	ENSG00000110274	ENSG00000110274
CEP170	False	ENSG00000143702	RESOLVED	HPA	ENSG00000143702	ENSG00000143702
CEP170B	False	ENSG00000099814	RESOLVED	HPA	ENSG00000099814	ENSG00000099814
CEP19	False	ENSG00000174007	RESOLVED	HPA	ENSG00000174007	ENSG00000174007
CEP192	False	ENSG00000101639	RESOLVED	HPA	ENSG00000101639	ENSG00000101639
CEP250	True	ENSG00000126001	RESOLVED	HPA	ENSG00000126001	ENSG00000126001
CEP290	False	ENSG00000198707	RESOLVED	HPA	ENSG00000198707	ENSG00000198707
CEP295	False	ENSG00000166004	RESOLVED	HPA	ENSG00000166004	ENSG00000166004
CEP350	False	ENSG00000135837	RESOLVED	HPA	ENSG00000135837	ENSG00000135837
CEP41	False	ENSG00000106477	RESOLVED	HPA	ENSG00000106477	ENSG00000106477
CEP63	False	ENSG00000182923	RESOLVED	HPA	ENSG00000182923	ENSG00000182923
CEP70	False	ENSG00000114107	RESOLVED	HPA	ENSG00000114107	ENSG00000114107
CEP72	False	ENSG00000112877	RESOLVED	HPA	ENSG00000112877	ENSG00000112877
CEP76	False	ENSG00000101624	RESOLVED	HPA	ENSG00000101624	ENSG00000101624
CEP78	False	ENSG00000148019	RESOLVED	HPA	ENSG00000148019	ENSG00000148019
CEP83	False	ENSG00000173588	RESOLVED	HPA	ENSG00000173588	ENSG00000173588
CEP85	False	ENSG00000130695	RESOLVED	HPA	ENSG00000130695	ENSG00000130695
CEP89	False	ENSG00000121289	RESOLVED	HPA	ENSG00000121289	ENSG00000121289
CEP97	False	ENSG00000182504	RESOLVED	HPA	ENSG00000182504	ENSG00000182504
CERKL	True	ENSG00000188452	RESOLVED	HPA	ENSG00000188452	ENSG00000188452
CES1	False	ENSG00000198848	RESOLVED	HPA	ENSG00000198848	ENSG00000198848
CETN1	False	ENSG00000177143	RESOLVED	HPA	ENSG00000177143	ENSG00000177143
CETN2	False	ENSG00000147400	RESOLVED	HPA	ENSG00000147400	ENSG00000147400
CETN3	False	ENSG00000153140	RESOLVED	HPA	ENSG00000153140	ENSG00000153140
CFAP126	False	ENSG00000188931	RESOLVED	HPA	ENSG00000188931	
CFAP161	False	ENSG00000156206	RESOLVED	HPA	ENSG00000156206	ENSG00000156206
CFAP20	True	ENSG00000070761	RESOLVED	HPA	ENSG00000070761	ENSG00000070761
CFAP298	False	ENSG00000159079	RESOLVED	HPA	ENSG00000159079	
CFAP36	False	ENSG00000163001	RESOLVED	HPA	ENSG00000163001	ENSG00000163001
CFAP410	True	ENSG00000160226	RESOLVED	HPA	ENSG00000160226	
CFAP43	False	ENSG00000197748	RESOLVED	HPA	ENSG00000197748	ENSG00000197748
CFAP44	False	ENSG00000206530	RESOLVED	HPA	ENSG00000206530	ENSG00000206530
CFAP45	False	ENSG00000213085	RESOLVED	HPA	ENSG00000213085	ENSG00000213085
CFAP52	False	ENSG00000166596	RESOLVED	HPA	ENSG00000166596	ENSG00000166596
CFAP53	False	ENSG00000172361	RESOLVED	HPA	ENSG00000172361	ENSG00000172361
CFAP70	False	ENSG00000156042	RESOLVED	HPA	ENSG00000156042	ENSG00000156042
CFAP77	False	ENSG00000188523	RESOLVED	HPA	ENSG00000188523	ENSG00000188523
CFH	False	ENSG00000000971	RESOLVED	HPA	ENSG00000000971	ENSG00000000971
CFHR1	False	ENSG00000244414	RESOLVED	HPA	ENSG00000244414	ENSG00000244414
CFHR3	False	ENSG00000116785	RESOLVED	HPA	ENSG00000116785	ENSG00000116785
CFTR	False	ENSG00000001626	RESOLVED	HPA	ENSG00000001626	ENSG00000001626
CGAS	False	ENSG00000164430	RESOLVED	HPA	ENSG00000164430	
CGN	False	ENSG00000143375	RESOLVED	HPA	ENSG00000143375	ENSG00000143375
CGNL1	False	ENSG00000128849	RESOLVED	HPA	ENSG00000128849	ENSG00000128849
CH25H	False	ENSG00000138135	RESOLVED	HPA	ENSG00000138135	ENSG00000138135
CHAD	False	ENSG00000136457	RESOLVED	HPA	ENSG00000136457	ENSG00000136457
CHCHD10	False	ENSG00000250479	RESOLVED	HPA	ENSG00000250479	ENSG00000250479
CHCHD2	False	ENSG00000106153	RESOLVED	HPA	ENSG00000106153	ENSG00000106153
CHCHD3	False	ENSG00000106554	RESOLVED	HPA	ENSG00000106554	ENSG00000106554
CHCHD5	False	ENSG00000125611	RESOLVED	HPA	ENSG00000125611	ENSG00000125611
CHCHD7	False	ENSG00000170791	RESOLVED	HPA	ENSG00000170791	ENSG00000170791
CHD1	False	ENSG00000153922	RESOLVED	HPA	ENSG00000153922	ENSG00000153922
CHD3	False	ENSG00000170004	RESOLVED	HPA	ENSG00000170004	ENSG00000170004
CHD4	False	ENSG00000111642	RESOLVED	HPA	ENSG00000111642	ENSG00000111642
CHD8	False	ENSG00000100888	RESOLVED	HPA	ENSG00000100888	ENSG00000100888
CHDH	False	ENSG00000016391	RESOLVED	HPA	ENSG00000016391	ENSG00000016391
CHEK2	False	ENSG00000183765	RESOLVED	HPA	ENSG00000183765	ENSG00000183765
CHERP	False	ENSG00000085872	RESOLVED	HPA	ENSG00000085872	ENSG00000085872
CHID1	False	ENSG00000177830	RESOLVED	HPA	ENSG00000177830	ENSG00000177830
CHKA	False	ENSG00000110721	RESOLVED	HPA	ENSG00000110721	ENSG00000110721
CHM	False	ENSG00000188419	RESOLVED	HPA	ENSG00000188419	ENSG00000188419
CHMP1A	False	ENSG00000131165	RESOLVED	HPA	ENSG00000131165	ENSG00000131165
CHMP1B	False	ENSG00000255112	RESOLVED	HPA	ENSG00000255112	ENSG00000255112
CHMP2A	False	ENSG00000130724	RESOLVED	HPA	ENSG00000130724	ENSG00000130724
CHMP2B	False	ENSG00000083937	RESOLVED	HPA	ENSG00000083937	ENSG00000083937
CHMP3	False	ENSG00000115561	RESOLVED	HPA	ENSG00000115561	ENSG00000115561
CHMP4A	False	ENSG00000254505	RESOLVED	HPA	ENSG00000254505	ENSG00000254505
CHMP4B	False	ENSG00000101421	RESOLVED	HPA	ENSG00000101421	ENSG00000101421
CHMP4C	False	ENSG00000164695	RESOLVED	HPA	ENSG00000164695	ENSG00000164695
CHMP6	False	ENSG00000176108	RESOLVED	HPA	ENSG00000176108	ENSG00000176108
CHMP7	False	ENSG00000147457	RESOLVED	HPA	ENSG00000147457	ENSG00000147457
CHRM1	False	ENSG00000168539	RESOLVED	HPA	ENSG00000168539	ENSG00000168539
CHST10	False	ENSG00000115526	RESOLVED	HPA	ENSG00000115526	ENSG00000115526
CHURC1-FNTB	False	ENSG00000125954	RESOLVED	HPA	ENSG00000125954	
CIAO1	False	ENSG00000144021	RESOLVED	HPA	ENSG00000144021	ENSG00000144021
CIB2	False	ENSG00000136425	RESOLVED	HPA	ENSG00000136425	ENSG00000136425
CIR1	False	ENSG00000138433	RESOLVED	HPA	ENSG00000138433	ENSG00000138433
CISD3	False	ENSG00000277972	RESOLVED	HPA	ENSG00000277972	ENSG00000277972
CKAP5	False	ENSG00000175216	RESOLVED	HPA	ENSG00000175216	ENSG00000175216
CLASRP	False	ENSG00000104859	RESOLVED	HPA	ENSG00000104859	ENSG00000104859
CLBA1	False	ENSG00000140104	RESOLVED	HPA	ENSG00000140104	
CLCA1	False	ENSG00000016490	RESOLVED	HPA	ENSG00000016490	ENSG00000016490
CLCA2	False	ENSG00000137975	RESOLVED	HPA	ENSG00000137975	ENSG00000137975
CLCA4	False	ENSG00000016602	RESOLVED	HPA	ENSG00000016602	ENSG00000016602
CLCC1	True	ENSG00000121940	RESOLVED	HPA	ENSG00000121940	ENSG00000121940
CLCN3	False	ENSG00000109572	RESOLVED	HPA	ENSG00000109572	ENSG00000109572
CLCN6	False	ENSG00000011021	RESOLVED	HPA	ENSG00000011021	ENSG00000011021
CLDN19	False	ENSG00000164007	RESOLVED	HPA	ENSG00000164007	ENSG00000164007
CLEC4M	False	ENSG00000104938	RESOLVED	HPA	ENSG00000104938	ENSG00000104938
CLHC1	False	ENSG00000162994	RESOLVED	HPA	ENSG00000162994	ENSG00000162994
CLIC5	False	ENSG00000112782	RESOLVED	HPA	ENSG00000112782	ENSG00000112782
CLIC6	False	ENSG00000159212	RESOLVED	HPA	ENSG00000159212	ENSG00000159212
CLN3	True	ENSG00000188603	RESOLVED	HPA	ENSG00000188603	ENSG00000188603
CLN5	False	ENSG00000102805	RESOLVED	HPA	ENSG00000102805	ENSG00000102805
CLN6	False	ENSG00000128973	RESOLVED	HPA	ENSG00000128973	ENSG00000128973
CLN8	False	ENSG00000182372	RESOLVED	HPA	ENSG00000182372	ENSG00000182372
CLP1	False	ENSG00000172409	RESOLVED	HPA	ENSG00000172409	ENSG00000172409
CLPB	False	ENSG00000162129	RESOLVED	HPA	ENSG00000162129	ENSG00000162129
CLPP	False	ENSG00000125656	RESOLVED	HPA	ENSG00000125656	ENSG00000125656
CLPX	False	ENSG00000166855	RESOLVED	HPA	ENSG00000166855	ENSG00000166855
CLRN1	True	ENSG00000163646	RESOLVED	HPA	ENSG00000163646	ENSG00000163646
CLTC	False	ENSG00000141367	RESOLVED	HPA	ENSG00000141367	ENSG00000141367
CLTCL1	False	ENSG00000070371	RESOLVED	HPA	ENSG00000070371	ENSG00000070371
CLU	False	ENSG00000120885	RESOLVED	HPA	ENSG00000120885	ENSG00000120885
CLUAP1	False	ENSG00000103351	RESOLVED	HPA	ENSG00000103351	ENSG00000103351
CLUL1	False	ENSG00000079101	RESOLVED	HPA	ENSG00000079101	ENSG00000079101
CMC2	False	ENSG00000103121	RESOLVED	HPA	ENSG00000103121	ENSG00000103121
CMC4	False	ENSG00000182712	RESOLVED	HPA	ENSG00000182712	
CMTR1	False	ENSG00000137200	RESOLVED	HPA	ENSG00000137200	ENSG00000137200
CNGA1	True	ENSG00000198515	RESOLVED	HPA	ENSG00000198515	ENSG00000198515
CNGA2	False	ENSG00000183862	RESOLVED	HPA	ENSG00000183862	ENSG00000183862
CNGA3	False	ENSG00000144191	RESOLVED	HPA	ENSG00000144191	ENSG00000144191
CNGA4	False	ENSG00000132259	RESOLVED	HPA	ENSG00000132259	ENSG00000132259
CNGB1	True	ENSG00000070729	RESOLVED	HPA	ENSG00000070729	ENSG00000070729
CNGB3	False	ENSG00000170289	RESOLVED	HPA	ENSG00000170289	ENSG00000170289
CNNM4	False	ENSG00000158158	RESOLVED	HPA	ENSG00000158158	ENSG00000158158
CNOT1	False	ENSG00000125107	RESOLVED	HPA	ENSG00000125107	ENSG00000125107
CNOT3	False	ENSG00000088038	RESOLVED	HPA	ENSG00000088038	ENSG00000088038
CNR1	False	ENSG00000118432	RESOLVED	HPA	ENSG00000118432	ENSG00000118432
CNTF	False	ENSG00000242689	RESOLVED	HPA	ENSG00000242689	ENSG00000242689
CNTLN	False	ENSG00000044459	RESOLVED	HPA	ENSG00000044459	ENSG00000044459
CNTRL	False	ENSG00000119397	RESOLVED	HPA	ENSG00000119397	ENSG00000119397
CNTROB	False	ENSG00000170037	RESOLVED	HPA	ENSG00000170037	ENSG00000170037
COA4	False	ENSG00000181924	RESOLVED	HPA	ENSG00000181924	ENSG00000181924
COA6	False	ENSG00000168275	RESOLVED	HPA	ENSG00000168275	ENSG00000168275
COASY	False	ENSG00000068120	RESOLVED	HPA	ENSG00000068120	ENSG00000068120
COCH	False	ENSG00000100473	RESOLVED	HPA	ENSG00000100473	ENSG00000100473
COIL	False	ENSG00000121058	RESOLVED	HPA	ENSG00000121058	ENSG00000121058
COL9A2	False	ENSG00000049089	RESOLVED	HPA	ENSG00000049089	ENSG00000049089
COPG1	False	ENSG00000181789	RESOLVED	HPA	ENSG00000181789	ENSG00000181789
COPS5	False	ENSG00000121022	RESOLVED	HPA	ENSG00000121022	ENSG00000121022
COQ10A	False	ENSG00000135469	RESOLVED	HPA	ENSG00000135469	ENSG00000135469
COQ10B	False	ENSG00000115520	RESOLVED	HPA	ENSG00000115520	ENSG00000115520
COQ2	True	ENSG00000173085	RESOLVED	HPA	ENSG00000173085	ENSG00000173085
COQ3	False	ENSG00000132423	RESOLVED	HPA	ENSG00000132423	ENSG00000132423
COQ4	False	ENSG00000167113	RESOLVED	HPA	ENSG00000167113	ENSG00000167113
COQ5	True	ENSG00000110871	RESOLVED	HPA	ENSG00000110871	ENSG00000110871
COQ6	False	ENSG00000119723	RESOLVED	HPA	ENSG00000119723	ENSG00000119723
COQ7	False	ENSG00000167186	RESOLVED	HPA	ENSG00000167186	ENSG00000167186
COQ8A	False	ENSG00000163050	RESOLVED	HPA	ENSG00000163050	ENSG00000163050
COQ8B	True	ENSG00000123815	RESOLVED	HPA	ENSG00000123815	ENSG00000123815
COQ9	False	ENSG00000088682	RESOLVED	HPA	ENSG00000088682	ENSG00000088682
CORO1A	False	ENSG00000102879	RESOLVED	HPA	ENSG00000102879	ENSG00000102879
COX10	False	ENSG00000006695	RESOLVED	HPA	ENSG00000006695	ENSG00000006695
COX11	False	ENSG00000166260	RESOLVED	HPA	ENSG00000166260	ENSG00000166260
COX15	False	ENSG00000014919	RESOLVED	HPA	ENSG00000014919	ENSG00000014919
COX17	False	ENSG00000138495	RESOLVED	HPA	ENSG00000138495	ENSG00000138495
COX18	False	ENSG00000163626	RESOLVED	HPA	ENSG00000163626	ENSG00000163626
COX19	False	ENSG00000240230	RESOLVED	HPA	ENSG00000240230	ENSG00000240230
COX4I1	False	ENSG00000131143	RESOLVED	HPA	ENSG00000131143	ENSG00000131143
COX5A	False	ENSG00000178741	RESOLVED	HPA	ENSG00000178741	ENSG00000178741
COX5B	False	ENSG00000135940	RESOLVED	HPA	ENSG00000135940	ENSG00000135940
COX6A1	False	ENSG00000111775	RESOLVED	HPA	ENSG00000111775	ENSG00000111775
COX8A	False	ENSG00000176340	RESOLVED	HPA	ENSG00000176340	ENSG00000176340
CPA6	False	ENSG00000165078	RESOLVED	HPA	ENSG00000165078	ENSG00000165078
CPE	False	ENSG00000109472	RESOLVED	HPA	ENSG00000109472	ENSG00000109472
CPLANE1	False	ENSG00000197603	RESOLVED	HPA	ENSG00000197603	
CPLANE2	False	ENSG00000132881	RESOLVED	HPA	ENSG00000132881	
CPLX4	False	ENSG00000166569	RESOLVED	HPA	ENSG00000166569	ENSG00000166569
CPNE8	False	ENSG00000139117	RESOLVED	HPA	ENSG00000139117	ENSG00000139117
CPOX	False	ENSG00000080819	RESOLVED	HPA	ENSG00000080819	ENSG00000080819
CPSF1	False	ENSG00000071894	RESOLVED	HPA	ENSG00000071894	ENSG00000071894
CPSF6	False	ENSG00000111605	RESOLVED	HPA	ENSG00000111605	ENSG00000111605
CPSF7	False	ENSG00000149532	RESOLVED	HPA	ENSG00000149532	ENSG00000149532
CRABP1	False	ENSG00000166426	RESOLVED	HPA	ENSG00000166426	ENSG00000166426
CRABP2	False	ENSG00000143320	RESOLVED	HPA	ENSG00000143320	ENSG00000143320
CRAMP1	False	ENSG00000007545	RESOLVED	HPA	ENSG00000007545	ENSG00000007545
CRB1	True	ENSG00000134376	RESOLVED	HPA	ENSG00000134376	ENSG00000134376
CRB2	False	ENSG00000148204	RESOLVED	HPA	ENSG00000148204	ENSG00000148204
CRB3	False	ENSG00000130545	RESOLVED	HPA	ENSG00000130545	ENSG00000130545
CREB1	False	ENSG00000118260	RESOLVED	HPA	ENSG00000118260	ENSG00000118260
CREB3	True	ENSG00000107175	RESOLVED	HPA	ENSG00000107175	ENSG00000107175
CREB3L1	False	ENSG00000157613	RESOLVED	HPA	ENSG00000157613	ENSG00000157613
CREB3L2	False	ENSG00000182158	RESOLVED	HPA	ENSG00000182158	ENSG00000182158
CREB3L3	False	ENSG00000060566	RESOLVED	HPA	ENSG00000060566	ENSG00000060566
CREB3L4	False	ENSG00000143578	RESOLVED	HPA	ENSG00000143578	ENSG00000143578
CREB5	False	ENSG00000146592	RESOLVED	HPA	ENSG00000146592	ENSG00000146592
CREBBP	False	ENSG00000005339	RESOLVED	HPA	ENSG00000005339	ENSG00000005339
CREBRF	False	ENSG00000164463	RESOLVED	HPA	ENSG00000164463	ENSG00000164463
CREBZF	False	ENSG00000137504	RESOLVED	HPA	ENSG00000137504	ENSG00000137504
CREM	False	ENSG00000095794	RESOLVED	HPA	ENSG00000095794	ENSG00000095794
CRH	False	ENSG00000147571	RESOLVED	HPA	ENSG00000147571	ENSG00000147571
CRHR1	False	ENSG00000120088	RESOLVED	HPA	ENSG00000120088	ENSG00000120088
CRIPT	False	ENSG00000119878	RESOLVED	HPA	ENSG00000119878	ENSG00000119878
CRLF1	False	ENSG00000006016	RESOLVED	HPA	ENSG00000006016	ENSG00000006016
CRNKL1	False	ENSG00000101343	RESOLVED	HPA	ENSG00000101343	ENSG00000101343
CROCC	False	ENSG00000058453	RESOLVED	HPA	ENSG00000058453	ENSG00000058453
CRPPA	False	ENSG00000214960	RESOLVED	HPA	ENSG00000214960	
CRTC2	False	ENSG00000160741	RESOLVED	HPA	ENSG00000160741	ENSG00000160741
CRX	True	ENSG00000105392	RESOLVED	HPA	ENSG00000105392	ENSG00000105392
CRYBA1	False	ENSG00000108255	RESOLVED	HPA	ENSG00000108255	ENSG00000108255
CRYBB2	False	ENSG00000244752	RESOLVED	HPA	ENSG00000244752	ENSG00000244752
CRYBB3	False	ENSG00000100053	RESOLVED	HPA	ENSG00000100053	ENSG00000100053
CRYBG3	False	ENSG00000080200	RESOLVED	HPA	ENSG00000080200	ENSG00000080200
CRYGC	False	ENSG00000163254	RESOLVED	HPA	ENSG00000163254	ENSG00000163254
CRYGD	False	ENSG00000118231	RESOLVED	HPA	ENSG00000118231	ENSG00000118231
CS	False	ENSG00000062485	RESOLVED	HPA	ENSG00000062485	ENSG00000062485
CSF1	False	ENSG00000184371	RESOLVED	HPA	ENSG00000184371	ENSG00000184371
CSF2	False	ENSG00000164400	RESOLVED	HPA	ENSG00000164400	ENSG00000164400
CSH1	False	ENSG00000136488	RESOLVED	HPA	ENSG00000136488	ENSG00000136488
CSH2	False	ENSG00000213218	RESOLVED	HPA	ENSG00000213218	ENSG00000213218
CSHL1	False	ENSG00000204414	RESOLVED	HPA	ENSG00000204414	ENSG00000204414
CSK	False	ENSG00000103653	RESOLVED	HPA	ENSG00000103653	ENSG00000103653
CSMD1	False	ENSG00000183117	RESOLVED	HPA	ENSG00000183117	ENSG00000183117
CSMD3	False	ENSG00000164796	RESOLVED	HPA	ENSG00000164796	ENSG00000164796
CSPP1	False	ENSG00000104218	RESOLVED	HPA	ENSG00000104218	ENSG00000104218
CST3	False	ENSG00000101439	RESOLVED	HPA	ENSG00000101439	ENSG00000101439
CSTF2	False	ENSG00000101811	RESOLVED	HPA	ENSG00000101811	ENSG00000101811
CTBP1	False	ENSG00000159692	RESOLVED	HPA	ENSG00000159692	ENSG00000159692
CTBP2	False	ENSG00000175029	RESOLVED	HPA	ENSG00000175029	ENSG00000175029
CTH	False	ENSG00000116761	RESOLVED	HPA	ENSG00000116761	ENSG00000116761
CTNNB1	False	ENSG00000168036	RESOLVED	HPA	ENSG00000168036	ENSG00000168036
CTNNBL1	False	ENSG00000132792	RESOLVED	HPA	ENSG00000132792	ENSG00000132792
CTNS	False	ENSG00000040531	RESOLVED	HPA	ENSG00000040531	ENSG00000040531
CTPS1	False	ENSG00000171793	RESOLVED	HPA	ENSG00000171793	ENSG00000171793
CTPS2	False	ENSG00000047230	RESOLVED	HPA	ENSG00000047230	ENSG00000047230
CTSD	False	ENSG00000117984	RESOLVED	HPA	ENSG00000117984	ENSG00000117984
CTSF	False	ENSG00000174080	RESOLVED	HPA	ENSG00000174080	ENSG00000174080
CTSH	False	ENSG00000103811	RESOLVED	HPA	ENSG00000103811	ENSG00000103811
CTTNBP2	False	ENSG00000077063	RESOLVED	HPA	ENSG00000077063	ENSG00000077063
CTU2	False	ENSG00000174177	RESOLVED	HPA	ENSG00000174177	ENSG00000174177
CUBN	False	ENSG00000107611	RESOLVED	HPA	ENSG00000107611	ENSG00000107611
CUL3	False	ENSG00000036257	RESOLVED	HPA	ENSG00000036257	ENSG00000036257
CUL7	False	ENSG00000044090	RESOLVED	HPA	ENSG00000044090	ENSG00000044090
CUX1	False	ENSG00000257923	RESOLVED	HPA	ENSG00000257923	ENSG00000257923
CWC15	False	ENSG00000150316	RESOLVED	HPA	ENSG00000150316	ENSG00000150316
CWC22	False	ENSG00000163510	RESOLVED	HPA	ENSG00000163510	ENSG00000163510
CWC25	False	ENSG00000273559	RESOLVED	HPA	ENSG00000273559	ENSG00000273559
CWC27	False	ENSG00000153015	RESOLVED	HPA	ENSG00000153015	ENSG00000153015
CWF19L1	False	ENSG00000095485	RESOLVED	HPA	ENSG00000095485	ENSG00000095485
CWF19L2	False	ENSG00000152404	RESOLVED	HPA	ENSG00000152404	ENSG00000152404
CX3CL1	False	ENSG00000006210	RESOLVED	HPA	ENSG00000006210	ENSG00000006210
CX3CR1	False	ENSG00000168329	RESOLVED	HPA	ENSG00000168329	ENSG00000168329
CXCL11	False	ENSG00000169248	RESOLVED	HPA	ENSG00000169248	ENSG00000169248
CXCR4	False	ENSG00000121966	RESOLVED	HPA	ENSG00000121966	ENSG00000121966
CXCR5	False	ENSG00000160683	RESOLVED	HPA	ENSG00000160683	ENSG00000160683
CXORF51A	False	ENSG00000224440	RESOLVED	HPA	ENSG00000224440	ENSG00000224440
CXORF56	False	ENSG00000018610	RESOLVED	GTEx		ENSG00000018610
CXORF66	False	ENSG00000203933	RESOLVED	HPA	ENSG00000203933	ENSG00000203933
CYB561A3	False	ENSG00000162144	RESOLVED	HPA	ENSG00000162144	ENSG00000162144
CYB5A	False	ENSG00000166347	RESOLVED	HPA	ENSG00000166347	ENSG00000166347
CYB5B	False	ENSG00000103018	RESOLVED	HPA	ENSG00000103018	ENSG00000103018
CYB5D1	False	ENSG00000182224	RESOLVED	HPA	ENSG00000182224	ENSG00000182224
CYB5R1	False	ENSG00000159348	RESOLVED	HPA	ENSG00000159348	ENSG00000159348
CYB5R4	False	ENSG00000065615	RESOLVED	HPA	ENSG00000065615	ENSG00000065615
CYBRD1	False	ENSG00000071967	RESOLVED	HPA	ENSG00000071967	ENSG00000071967
CYC1	False	ENSG00000179091	RESOLVED	HPA	ENSG00000179091	ENSG00000179091
CYCS	False	ENSG00000172115	RESOLVED	HPA	ENSG00000172115	ENSG00000172115
CYGB	False	ENSG00000161544	RESOLVED	HPA	ENSG00000161544	ENSG00000161544
CYP11A1	False	ENSG00000140459	RESOLVED	HPA	ENSG00000140459	ENSG00000140459
CYP1A1	False	ENSG00000140465	RESOLVED	HPA	ENSG00000140465	ENSG00000140465
CYP1A2	False	ENSG00000140505	RESOLVED	HPA	ENSG00000140505	ENSG00000140505
CYP1B1	False	ENSG00000138061	RESOLVED	HPA	ENSG00000138061	ENSG00000138061
CYP26A1	False	ENSG00000095596	RESOLVED	HPA	ENSG00000095596	ENSG00000095596
CYP26B1	False	ENSG00000003137	RESOLVED	HPA	ENSG00000003137	ENSG00000003137
CYP26C1	False	ENSG00000187553	RESOLVED	HPA	ENSG00000187553	ENSG00000187553
CYP27C1	False	ENSG00000186684	RESOLVED	HPA	ENSG00000186684	ENSG00000186684
CYP2F1	False	ENSG00000197446	RESOLVED	HPA	ENSG00000197446	ENSG00000197446
CYP2S1	False	ENSG00000167600	RESOLVED	HPA	ENSG00000167600	ENSG00000167600
CYP2U1	False	ENSG00000155016	RESOLVED	HPA	ENSG00000155016	ENSG00000155016
CYP2W1	False	ENSG00000073067	RESOLVED	HPA	ENSG00000073067	ENSG00000073067
CYP3A4	False	ENSG00000160868	RESOLVED	HPA	ENSG00000160868	ENSG00000160868
CYP4V2	True	ENSG00000145476	RESOLVED	HPA	ENSG00000145476	ENSG00000145476
CYP51A1	False	ENSG00000001630	RESOLVED	HPA	ENSG00000001630	ENSG00000001630
CYS1	False	ENSG00000205795	RESOLVED	HPA	ENSG00000205795	ENSG00000205795
DAG1	False	ENSG00000173402	RESOLVED	HPA	ENSG00000173402	ENSG00000173402
DAP3	False	ENSG00000132676	RESOLVED	HPA	ENSG00000132676	ENSG00000132676
DAW1	False	ENSG00000123977	RESOLVED	HPA	ENSG00000123977	ENSG00000123977
DAXX	False	ENSG00000204209	RESOLVED	HPA	ENSG00000204209	ENSG00000204209
DBN1	False	ENSG00000113758	RESOLVED	HPA	ENSG00000113758	ENSG00000113758
DBR1	False	ENSG00000138231	RESOLVED	HPA	ENSG00000138231	ENSG00000138231
DBT	False	ENSG00000137992	RESOLVED	HPA	ENSG00000137992	ENSG00000137992
DCAF10	False	ENSG00000122741	RESOLVED	HPA	ENSG00000122741	ENSG00000122741
DCAF7	False	ENSG00000136485	RESOLVED	HPA	ENSG00000136485	ENSG00000136485
DCK	False	ENSG00000156136	RESOLVED	HPA	ENSG00000156136	ENSG00000156136
DCSTAMP	False	ENSG00000164935	RESOLVED	HPA	ENSG00000164935	ENSG00000164935
DCT	False	ENSG00000080166	RESOLVED	HPA	ENSG00000080166	ENSG00000080166
DCTN1	False	ENSG00000204843	RESOLVED	HPA	ENSG00000204843	ENSG00000204843
DCTN2	False	ENSG00000175203	RESOLVED	HPA	ENSG00000175203	ENSG00000175203
DCTN4	False	ENSG00000132912	RESOLVED	HPA	ENSG00000132912	ENSG00000132912
DDB1	False	ENSG00000167986	RESOLVED	HPA	ENSG00000167986	ENSG00000167986
DDIT3	False	ENSG00000175197	RESOLVED	HPA	ENSG00000175197	ENSG00000175197
DDOST	False	ENSG00000244038	RESOLVED	HPA	ENSG00000244038	ENSG00000244038
DDX1	False	ENSG00000079785	RESOLVED	HPA	ENSG00000079785	ENSG00000079785
DDX17	False	ENSG00000100201	RESOLVED	HPA	ENSG00000100201	ENSG00000100201
DDX18	False	ENSG00000088205	RESOLVED	HPA	ENSG00000088205	ENSG00000088205
DDX19A	False	ENSG00000168872	RESOLVED	HPA	ENSG00000168872	ENSG00000168872
DDX20	False	ENSG00000064703	RESOLVED	HPA	ENSG00000064703	ENSG00000064703
DDX21	False	ENSG00000165732	RESOLVED	HPA	ENSG00000165732	ENSG00000165732
DDX23	False	ENSG00000174243	RESOLVED	HPA	ENSG00000174243	ENSG00000174243
DDX27	False	ENSG00000124228	RESOLVED	HPA	ENSG00000124228	ENSG00000124228
DDX39A	False	ENSG00000123136	RESOLVED	HPA	ENSG00000123136	ENSG00000123136
DDX39B	False	ENSG00000198563	RESOLVED	HPA	ENSG00000198563	ENSG00000198563
DDX3X	False	ENSG00000215301	RESOLVED	HPA	ENSG00000215301	ENSG00000215301
DDX3Y	False	ENSG00000067048	RESOLVED	HPA	ENSG00000067048	ENSG00000067048
DDX4	False	ENSG00000152670	RESOLVED	HPA	ENSG00000152670	ENSG00000152670
DDX41	False	ENSG00000183258	RESOLVED	HPA	ENSG00000183258	ENSG00000183258
DDX42	False	ENSG00000198231	RESOLVED	HPA	ENSG00000198231	ENSG00000198231
DDX46	False	ENSG00000145833	RESOLVED	HPA	ENSG00000145833	ENSG00000145833
DDX49	False	ENSG00000105671	RESOLVED	HPA	ENSG00000105671	ENSG00000105671
DDX5	False	ENSG00000108654	RESOLVED	HPA	ENSG00000108654	ENSG00000108654
DDX50	False	ENSG00000107625	RESOLVED	HPA	ENSG00000107625	ENSG00000107625
DDX52	False	ENSG00000278053	RESOLVED	HPA	ENSG00000278053	ENSG00000278053
DDX54	False	ENSG00000123064	RESOLVED	HPA	ENSG00000123064	ENSG00000123064
DDX56	False	ENSG00000136271	RESOLVED	HPA	ENSG00000136271	ENSG00000136271
DDX59	False	ENSG00000118197	RESOLVED	HPA	ENSG00000118197	ENSG00000118197
DEGS1	False	ENSG00000143753	RESOLVED	HPA	ENSG00000143753	ENSG00000143753
DEPDC1	False	ENSG00000024526	RESOLVED	HPA	ENSG00000024526	ENSG00000024526
DEPDC1B	False	ENSG00000035499	RESOLVED	HPA	ENSG00000035499	ENSG00000035499
DERA	False	ENSG00000023697	RESOLVED	HPA	ENSG00000023697	ENSG00000023697
DERL1	False	ENSG00000136986	RESOLVED	HPA	ENSG00000136986	ENSG00000136986
DGAT1	False	ENSG00000185000	RESOLVED	HPA	ENSG00000185000	ENSG00000185000
DGAT2	False	ENSG00000062282	RESOLVED	HPA	ENSG00000062282	ENSG00000062282
DHCR24	False	ENSG00000116133	RESOLVED	HPA	ENSG00000116133	ENSG00000116133
DHCR7	False	ENSG00000172893	RESOLVED	HPA	ENSG00000172893	ENSG00000172893
DHDDS	True	ENSG00000117682	RESOLVED	HPA	ENSG00000117682	ENSG00000117682
DHFR	False	ENSG00000228716	RESOLVED	HPA	ENSG00000228716	ENSG00000228716
DHODH	False	ENSG00000102967	RESOLVED	HPA	ENSG00000102967	ENSG00000102967
DHRS3	False	ENSG00000162496	RESOLVED	HPA	ENSG00000162496	ENSG00000162496
DHRS4	False	ENSG00000157326	RESOLVED	HPA	ENSG00000157326	ENSG00000157326
DHRS9	False	ENSG00000073737	RESOLVED	HPA	ENSG00000073737	ENSG00000073737
DHTKD1	False	ENSG00000181192	RESOLVED	HPA	ENSG00000181192	ENSG00000181192
DHX15	False	ENSG00000109606	RESOLVED	HPA	ENSG00000109606	ENSG00000109606
DHX16	False	ENSG00000204560	RESOLVED	HPA	ENSG00000204560	ENSG00000204560
DHX29	False	ENSG00000067248	RESOLVED	HPA	ENSG00000067248	ENSG00000067248
DHX30	False	ENSG00000132153	RESOLVED	HPA	ENSG00000132153	ENSG00000132153
DHX32	False	ENSG00000089876	RESOLVED	HPA	ENSG00000089876	ENSG00000089876
DHX33	False	ENSG00000005100	RESOLVED	HPA	ENSG00000005100	ENSG00000005100
DHX34	False	ENSG00000134815	RESOLVED	HPA	ENSG00000134815	ENSG00000134815
DHX35	False	ENSG00000101452	RESOLVED	HPA	ENSG00000101452	ENSG00000101452
DHX36	False	ENSG00000174953	RESOLVED	HPA	ENSG00000174953	ENSG00000174953
DHX37	False	ENSG00000150990	RESOLVED	HPA	ENSG00000150990	ENSG00000150990
DHX38	True	ENSG00000140829	RESOLVED	HPA	ENSG00000140829	ENSG00000140829
DHX40	False	ENSG00000108406	RESOLVED	HPA	ENSG00000108406	ENSG00000108406
DHX57	False	ENSG00000163214	RESOLVED	HPA	ENSG00000163214	ENSG00000163214
DHX8	False	ENSG00000067596	RESOLVED	HPA	ENSG00000067596	ENSG00000067596
DHX9	False	ENSG00000135829	RESOLVED	HPA	ENSG00000135829	ENSG00000135829
DIAPH1	False	ENSG00000131504	RESOLVED	HPA	ENSG00000131504	ENSG00000131504
DIAPH2	False	ENSG00000147202	RESOLVED	HPA	ENSG00000147202	ENSG00000147202
DIAPH3	False	ENSG00000139734	RESOLVED	HPA	ENSG00000139734	ENSG00000139734
DIDO1	False	ENSG00000101191	RESOLVED	HPA	ENSG00000101191	ENSG00000101191
DIP2A	False	ENSG00000160305	RESOLVED	HPA	ENSG00000160305	ENSG00000160305
DIP2C	False	ENSG00000151240	RESOLVED	HPA	ENSG00000151240	ENSG00000151240
DLAT	False	ENSG00000150768	RESOLVED	HPA	ENSG00000150768	ENSG00000150768
DLD	False	ENSG00000091140	RESOLVED	HPA	ENSG00000091140	ENSG00000091140
DLG4	False	ENSG00000132535	RESOLVED	HPA	ENSG00000132535	ENSG00000132535
DLST	False	ENSG00000119689	RESOLVED	HPA	ENSG00000119689	ENSG00000119689
DMD	False	ENSG00000198947	RESOLVED	HPA	ENSG00000198947	ENSG00000198947
DMWD	False	ENSG00000185800	RESOLVED	HPA	ENSG00000185800	ENSG00000185800
DNAAF1	False	ENSG00000154099	RESOLVED	HPA	ENSG00000154099	ENSG00000154099
DNAAF2	False	ENSG00000165506	RESOLVED	HPA	ENSG00000165506	ENSG00000165506
DNAAF3	False	ENSG00000167646	RESOLVED	HPA	ENSG00000167646	ENSG00000167646
DNAAF4	False	ENSG00000256061	RESOLVED	HPA	ENSG00000256061	
DNAAF5	False	ENSG00000164818	RESOLVED	HPA	ENSG00000164818	ENSG00000164818
DNAH10	False	ENSG00000197653	RESOLVED	HPA	ENSG00000197653	ENSG00000197653
DNAH11	False	ENSG00000105877	RESOLVED	HPA	ENSG00000105877	ENSG00000105877
DNAH12	False	ENSG00000174844	RESOLVED	HPA	ENSG00000174844	ENSG00000174844
DNAH5	False	ENSG00000039139	RESOLVED	HPA	ENSG00000039139	ENSG00000039139
DNAH9	False	ENSG00000007174	RESOLVED	HPA	ENSG00000007174	ENSG00000007174
DNAI1	False	ENSG00000122735	RESOLVED	HPA	ENSG00000122735	ENSG00000122735
DNAI2	False	ENSG00000171595	RESOLVED	HPA	ENSG00000171595	ENSG00000171595
DNAJA1	False	ENSG00000086061	RESOLVED	HPA	ENSG00000086061	ENSG00000086061
DNAJB13	False	ENSG00000187726	RESOLVED	HPA	ENSG00000187726	ENSG00000187726
DNAJB4	False	ENSG00000162616	RESOLVED	HPA	ENSG00000162616	ENSG00000162616
DNAJC17	False	ENSG00000104129	RESOLVED	HPA	ENSG00000104129	ENSG00000104129
DNAJC18	False	ENSG00000170464	RESOLVED	HPA	ENSG00000170464	ENSG00000170464
DNAJC19	False	ENSG00000205981	RESOLVED	HPA	ENSG00000205981	ENSG00000205981
DNAJC28	False	ENSG00000177692	RESOLVED	HPA	ENSG00000177692	ENSG00000177692
DNAJC5	False	ENSG00000101152	RESOLVED	HPA	ENSG00000101152	ENSG00000101152
DNAJC5B	False	ENSG00000147570	RESOLVED	HPA	ENSG00000147570	ENSG00000147570
DNAJC6	False	ENSG00000116675	RESOLVED	HPA	ENSG00000116675	ENSG00000116675
DNAJC8	False	ENSG00000126698	RESOLVED	HPA	ENSG00000126698	ENSG00000126698
DNALI1	False	ENSG00000163879	RESOLVED	HPA	ENSG00000163879	ENSG00000163879
DNM1	False	ENSG00000106976	RESOLVED	HPA	ENSG00000106976	ENSG00000106976
DNM2	False	ENSG00000079805	RESOLVED	HPA	ENSG00000079805	ENSG00000079805
DOC2A	False	ENSG00000149927	RESOLVED	HPA	ENSG00000149927	ENSG00000149927
DOCK1	False	ENSG00000150760	RESOLVED	HPA	ENSG00000150760	ENSG00000150760
DOCK4	False	ENSG00000128512	RESOLVED	HPA	ENSG00000128512	ENSG00000128512
DOLK	False	ENSG00000175283	RESOLVED	HPA	ENSG00000175283	ENSG00000175283
DOLPP1	False	ENSG00000167130	RESOLVED	HPA	ENSG00000167130	ENSG00000167130
DOT1L	False	ENSG00000104885	RESOLVED	HPA	ENSG00000104885	ENSG00000104885
DPAGT1	False	ENSG00000172269	RESOLVED	HPA	ENSG00000172269	ENSG00000172269
DPH2	False	ENSG00000132768	RESOLVED	HPA	ENSG00000132768	ENSG00000132768
DPH3	False	ENSG00000154813	RESOLVED	HPA	ENSG00000154813	ENSG00000154813
DPH5	False	ENSG00000117543	RESOLVED	HPA	ENSG00000117543	ENSG00000117543
DPM1	False	ENSG00000000419	RESOLVED	HPA	ENSG00000000419	ENSG00000000419
DPM2	False	ENSG00000136908	RESOLVED	HPA	ENSG00000136908	ENSG00000136908
DPM3	False	ENSG00000179085	RESOLVED	HPA	ENSG00000179085	ENSG00000179085
DPRX	False	ENSG00000204595	RESOLVED	HPA	ENSG00000204595	ENSG00000204595
DPY19L4	False	ENSG00000156162	RESOLVED	HPA	ENSG00000156162	ENSG00000156162
DPY30	False	ENSG00000162961	RESOLVED	HPA	ENSG00000162961	ENSG00000162961
DPYD	False	ENSG00000188641	RESOLVED	HPA	ENSG00000188641	ENSG00000188641
DPYSL3	False	ENSG00000113657	RESOLVED	HPA	ENSG00000113657	ENSG00000113657
DQX1	False	ENSG00000144045	RESOLVED	HPA	ENSG00000144045	ENSG00000144045
DR1	False	ENSG00000117505	RESOLVED	HPA	ENSG00000117505	ENSG00000117505
DRAM2	False	ENSG00000156171	RESOLVED	HPA	ENSG00000156171	ENSG00000156171
DRAP1	False	ENSG00000175550	RESOLVED	HPA	ENSG00000175550	ENSG00000175550
DRAXIN	False	ENSG00000162490	RESOLVED	HPA	ENSG00000162490	ENSG00000162490
DRC1	False	ENSG00000157856	RESOLVED	HPA	ENSG00000157856	ENSG00000157856
DRC7	False	ENSG00000159625	RESOLVED	HPA	ENSG00000159625	ENSG00000159625
DRD2	False	ENSG00000149295	RESOLVED	HPA	ENSG00000149295	ENSG00000149295
DRD4	False	ENSG00000069696	RESOLVED	HPA	ENSG00000069696	ENSG00000069696
DSCAM	False	ENSG00000171587	RESOLVED	HPA	ENSG00000171587	ENSG00000171587
DSG4	False	ENSG00000175065	RESOLVED	HPA	ENSG00000175065	ENSG00000175065
DTHD1	False	ENSG00000197057	RESOLVED	HPA	ENSG00000197057	ENSG00000197057
DUSP6	False	ENSG00000139318	RESOLVED	HPA	ENSG00000139318	ENSG00000139318
DVL1	False	ENSG00000107404	RESOLVED	HPA	ENSG00000107404	ENSG00000107404
DVL2	False	ENSG00000004975	RESOLVED	HPA	ENSG00000004975	ENSG00000004975
DYNC1H1	False	ENSG00000197102	RESOLVED	HPA	ENSG00000197102	ENSG00000197102
DYNC1I1	False	ENSG00000158560	RESOLVED	HPA	ENSG00000158560	ENSG00000158560
DYNC1I2	False	ENSG00000077380	RESOLVED	HPA	ENSG00000077380	ENSG00000077380
DYNC1LI1	False	ENSG00000144635	RESOLVED	HPA	ENSG00000144635	ENSG00000144635
DYNC1LI2	False	ENSG00000135720	RESOLVED	HPA	ENSG00000135720	ENSG00000135720
DYNC2H1	True	ENSG00000187240	RESOLVED	HPA	ENSG00000187240	ENSG00000187240
DYNC2LI1	False	ENSG00000138036	RESOLVED	HPA	ENSG00000138036	ENSG00000138036
DYNLL1	False	ENSG00000088986	RESOLVED	HPA	ENSG00000088986	ENSG00000088986
DYNLL2	False	ENSG00000264364	RESOLVED	HPA	ENSG00000264364	ENSG00000264364
DYNLRB1	False	ENSG00000125971	RESOLVED	HPA	ENSG00000125971	ENSG00000125971
DYNLRB2	False	ENSG00000168589	RESOLVED	HPA	ENSG00000168589	ENSG00000168589
DYNLT1	False	ENSG00000146425	RESOLVED	HPA	ENSG00000146425	ENSG00000146425
DYNLT3	False	ENSG00000165169	RESOLVED	HPA	ENSG00000165169	ENSG00000165169
DYSF	False	ENSG00000135636	RESOLVED	HPA	ENSG00000135636	ENSG00000135636
DZANK1	False	ENSG00000089091	RESOLVED	HPA	ENSG00000089091	ENSG00000089091
DZIP1	False	ENSG00000134874	RESOLVED	HPA	ENSG00000134874	ENSG00000134874
E2F6	False	ENSG00000169016	RESOLVED	HPA	ENSG00000169016	ENSG00000169016
E4F1	False	ENSG00000167967	RESOLVED	HPA	ENSG00000167967	ENSG00000167967
E9PBE3_HUMAN	False		UNMAPPED	NONE		
EAF1	False	ENSG00000144597	RESOLVED	HPA	ENSG00000144597	ENSG00000144597
EAPP	False	ENSG00000129518	RESOLVED	HPA	ENSG00000129518	ENSG00000129518
EBNA1BP2	False	ENSG00000117395	RESOLVED	HPA	ENSG00000117395	ENSG00000117395
EBP	False	ENSG00000147155	RESOLVED	HPA	ENSG00000147155	ENSG00000147155
EBPL	False	ENSG00000123179	RESOLVED	HPA	ENSG00000123179	ENSG00000123179
ECD	False	ENSG00000122882	RESOLVED	HPA	ENSG00000122882	ENSG00000122882
ECHS1	False	ENSG00000127884	RESOLVED	HPA	ENSG00000127884	ENSG00000127884
ECI1	False	ENSG00000167969	RESOLVED	HPA	ENSG00000167969	ENSG00000167969
ECI2	False	ENSG00000198721	RESOLVED	HPA	ENSG00000198721	ENSG00000198721
ECM2	False	ENSG00000106823	RESOLVED	HPA	ENSG00000106823	ENSG00000106823
ECPAS	False	ENSG00000136813	RESOLVED	HPA	ENSG00000136813	
ECT2	False	ENSG00000114346	RESOLVED	HPA	ENSG00000114346	ENSG00000114346
EDC4	False	ENSG00000038358	RESOLVED	HPA	ENSG00000038358	ENSG00000038358
EDEM1	False	ENSG00000134109	RESOLVED	HPA	ENSG00000134109	ENSG00000134109
EEF1A1	False	ENSG00000156508	RESOLVED	HPA	ENSG00000156508	ENSG00000156508
EEF1G	False	ENSG00000254772	RESOLVED	HPA	ENSG00000254772	ENSG00000254772
EEF2	False	ENSG00000167658	RESOLVED	HPA	ENSG00000167658	ENSG00000167658
EEFSEC	False	ENSG00000132394	RESOLVED	HPA	ENSG00000132394	ENSG00000132394
EFCAB1	False	ENSG00000034239	RESOLVED	GTEx		ENSG00000034239
EFCAB11	False	ENSG00000140025	RESOLVED	HPA	ENSG00000140025	ENSG00000140025
EFCAB6	False	ENSG00000186976	RESOLVED	HPA	ENSG00000186976	ENSG00000186976
EFCAB7	False	ENSG00000203965	RESOLVED	HPA	ENSG00000203965	ENSG00000203965
EFEMP1	False	ENSG00000115380	RESOLVED	HPA	ENSG00000115380	ENSG00000115380
EFHB	False	ENSG00000163576	RESOLVED	HPA	ENSG00000163576	ENSG00000163576
EFHC1	False	ENSG00000096093	RESOLVED	HPA	ENSG00000096093	ENSG00000096093
EFHC2	False	ENSG00000183690	RESOLVED	HPA	ENSG00000183690	ENSG00000183690
EFHD1	False	ENSG00000115468	RESOLVED	HPA	ENSG00000115468	ENSG00000115468
EFHD2	False	ENSG00000142634	RESOLVED	HPA	ENSG00000142634	ENSG00000142634
EFL1	False	ENSG00000140598	RESOLVED	HPA	ENSG00000140598	ENSG00000140598
EFTUD2	False	ENSG00000108883	RESOLVED	HPA	ENSG00000108883	ENSG00000108883
EGFL8	False	ENSG00000241404	RESOLVED	HPA	ENSG00000241404	ENSG00000241404
EGFLAM	False	ENSG00000164318	RESOLVED	HPA	ENSG00000164318	ENSG00000164318
EGFR	False	ENSG00000146648	RESOLVED	HPA	ENSG00000146648	ENSG00000146648
EHD1	False	ENSG00000110047	RESOLVED	HPA	ENSG00000110047	ENSG00000110047
EIF2AK1	False	ENSG00000086232	RESOLVED	HPA	ENSG00000086232	ENSG00000086232
EIF2AK3	False	ENSG00000172071	RESOLVED	HPA	ENSG00000172071	ENSG00000172071
EIF2AK4	False	ENSG00000128829	RESOLVED	HPA	ENSG00000128829	ENSG00000128829
EIF2B3	False	ENSG00000070785	RESOLVED	HPA	ENSG00000070785	ENSG00000070785
EIF2B4	False	ENSG00000115211	RESOLVED	HPA	ENSG00000115211	ENSG00000115211
EIF2S1	False	ENSG00000134001	RESOLVED	HPA	ENSG00000134001	ENSG00000134001
EIF2S3	False	ENSG00000130741	RESOLVED	HPA	ENSG00000130741	ENSG00000130741
EIF2S3B	False	ENSG00000180574	RESOLVED	HPA	ENSG00000180574	
EIF3B	False	ENSG00000106263	RESOLVED	HPA	ENSG00000106263	ENSG00000106263
EIF3C	False	ENSG00000184110	RESOLVED	HPA	ENSG00000184110	ENSG00000184110
EIF3D	False	ENSG00000100353	RESOLVED	HPA	ENSG00000100353	ENSG00000100353
EIF3F	False	ENSG00000175390	RESOLVED	HPA	ENSG00000175390	ENSG00000175390
EIF3G	False	ENSG00000130811	RESOLVED	HPA	ENSG00000130811	ENSG00000130811
EIF3I	False	ENSG00000084623	RESOLVED	HPA	ENSG00000084623	ENSG00000084623
EIF4A1	False	ENSG00000161960	RESOLVED	HPA	ENSG00000161960	ENSG00000161960
EIF4A2	False	ENSG00000156976	RESOLVED	HPA	ENSG00000156976	ENSG00000156976
EIF4A3	False	ENSG00000141543	RESOLVED	HPA	ENSG00000141543	ENSG00000141543
EIF4B	False	ENSG00000063046	RESOLVED	HPA	ENSG00000063046	ENSG00000063046
EIF4H	False	ENSG00000106682	RESOLVED	HPA	ENSG00000106682	ENSG00000106682
EIF6	False	ENSG00000242372	RESOLVED	HPA	ENSG00000242372	ENSG00000242372
ELAVL2	False	ENSG00000107105	RESOLVED	HPA	ENSG00000107105	ENSG00000107105
ELAVL3	False	ENSG00000196361	RESOLVED	HPA	ENSG00000196361	ENSG00000196361
ELAVL4	False	ENSG00000162374	RESOLVED	HPA	ENSG00000162374	ENSG00000162374
ELF3	False	ENSG00000163435	RESOLVED	HPA	ENSG00000163435	ENSG00000163435
ELMO1	False	ENSG00000155849	RESOLVED	HPA	ENSG00000155849	ENSG00000155849
ELMO2	False	ENSG00000062598	RESOLVED	HPA	ENSG00000062598	ENSG00000062598
ELMOD1	False	ENSG00000110675	RESOLVED	HPA	ENSG00000110675	ENSG00000110675
ELMOD2	False	ENSG00000179387	RESOLVED	HPA	ENSG00000179387	ENSG00000179387
ELMOD3	False	ENSG00000115459	RESOLVED	HPA	ENSG00000115459	ENSG00000115459
ELOA	False	ENSG00000011007	RESOLVED	HPA	ENSG00000011007	ENSG00000011007
ELOVL4	False	ENSG00000118402	RESOLVED	HPA	ENSG00000118402	ENSG00000118402
ELP1	False	ENSG00000070061	RESOLVED	HPA	ENSG00000070061	
EMC1	False	ENSG00000127463	RESOLVED	HPA	ENSG00000127463	ENSG00000127463
EMC2	False	ENSG00000104412	RESOLVED	HPA	ENSG00000104412	ENSG00000104412
EMC8	False	ENSG00000131148	RESOLVED	HPA	ENSG00000131148	ENSG00000131148
EML1	False	ENSG00000066629	RESOLVED	HPA	ENSG00000066629	ENSG00000066629
EML2	False	ENSG00000125746	RESOLVED	HPA	ENSG00000125746	ENSG00000125746
EML3	False	ENSG00000149499	RESOLVED	HPA	ENSG00000149499	ENSG00000149499
EML4	False	ENSG00000143924	RESOLVED	HPA	ENSG00000143924	ENSG00000143924
EML5	False	ENSG00000165521	RESOLVED	HPA	ENSG00000165521	ENSG00000165521
EML6	False	ENSG00000214595	RESOLVED	HPA	ENSG00000214595	ENSG00000214595
EMP2	False	ENSG00000213853	RESOLVED	HPA	ENSG00000213853	ENSG00000213853
ENAH	False	ENSG00000154380	RESOLVED	HPA	ENSG00000154380	ENSG00000154380
ENC1	False	ENSG00000171617	RESOLVED	HPA	ENSG00000171617	ENSG00000171617
ENDOV	False	ENSG00000173818	RESOLVED	HPA	ENSG00000173818	ENSG00000173818
ENKUR	False	ENSG00000151023	RESOLVED	HPA	ENSG00000151023	ENSG00000151023
ENO1	False	ENSG00000074800	RESOLVED	HPA	ENSG00000074800	ENSG00000074800
ENO2	False	ENSG00000111674	RESOLVED	HPA	ENSG00000111674	ENSG00000111674
ENO3	False	ENSG00000108515	RESOLVED	HPA	ENSG00000108515	ENSG00000108515
ENO4	False	ENSG00000188316	RESOLVED	HPA	ENSG00000188316	ENSG00000188316
ENPP1	False	ENSG00000197594	RESOLVED	HPA	ENSG00000197594	ENSG00000197594
ENPP3	False	ENSG00000154269	RESOLVED	HPA	ENSG00000154269	ENSG00000154269
ENSP00000387111	False		UNMAPPED	NONE		
ENSP00000398526	False		UNMAPPED	NONE		
ENSP00000470615	False		UNMAPPED	NONE		
ENSP00000478249	False		UNMAPPED	NONE		
ENSP00000497305	False		UNMAPPED	NONE		
ENSP00000497443	False		UNMAPPED	NONE		
ENSP00000500339	False		UNMAPPED	NONE		
ENTPD1	False	ENSG00000138185	RESOLVED	HPA	ENSG00000138185	ENSG00000138185
ENTPD3	False	ENSG00000168032	RESOLVED	HPA	ENSG00000168032	ENSG00000168032
ENTPD4	False	ENSG00000197217	RESOLVED	HPA	ENSG00000197217	ENSG00000197217
ENTPD5	False	ENSG00000187097	RESOLVED	HPA	ENSG00000187097	ENSG00000187097
ENTPD6	False	ENSG00000197586	RESOLVED	HPA	ENSG00000197586	ENSG00000197586
ENTPD8	False	ENSG00000188833	RESOLVED	HPA	ENSG00000188833	ENSG00000188833
EP300	False	ENSG00000100393	RESOLVED	HPA	ENSG00000100393	ENSG00000100393
EPB41	False	ENSG00000159023	RESOLVED	HPA	ENSG00000159023	ENSG00000159023
EPB41L4B	False	ENSG00000095203	RESOLVED	HPA	ENSG00000095203	ENSG00000095203
EPB41L5	False	ENSG00000115109	RESOLVED	HPA	ENSG00000115109	ENSG00000115109
EPHX2	False	ENSG00000120915	RESOLVED	HPA	ENSG00000120915	ENSG00000120915
EPN1	False	ENSG00000063245	RESOLVED	HPA	ENSG00000063245	ENSG00000063245
EPRS1	False	ENSG00000136628	RESOLVED	HPA	ENSG00000136628	
EPS15	False	ENSG00000085832	RESOLVED	HPA	ENSG00000085832	ENSG00000085832
EPS15L1	False	ENSG00000127527	RESOLVED	HPA	ENSG00000127527	ENSG00000127527
EPSTI1	False	ENSG00000133106	RESOLVED	HPA	ENSG00000133106	ENSG00000133106
ERAL1	False	ENSG00000132591	RESOLVED	HPA	ENSG00000132591	ENSG00000132591
ERBB2	False	ENSG00000141736	RESOLVED	HPA	ENSG00000141736	ENSG00000141736
ERC1	False	ENSG00000082805	RESOLVED	HPA	ENSG00000082805	ENSG00000082805
ERCC6	False	ENSG00000225830	RESOLVED	HPA	ENSG00000225830	ENSG00000225830
ERGIC3	False	ENSG00000125991	RESOLVED	HPA	ENSG00000125991	ENSG00000125991
ERLIN2	False	ENSG00000147475	RESOLVED	HPA	ENSG00000147475	ENSG00000147475
ERMARD	False	ENSG00000130023	RESOLVED	HPA	ENSG00000130023	ENSG00000130023
ESCO1	False	ENSG00000141446	RESOLVED	HPA	ENSG00000141446	ENSG00000141446
ESCO2	False	ENSG00000171320	RESOLVED	HPA	ENSG00000171320	ENSG00000171320
ESF1	False	ENSG00000089048	RESOLVED	HPA	ENSG00000089048	ENSG00000089048
ESPN	False	ENSG00000187017	RESOLVED	HPA	ENSG00000187017	ENSG00000187017
ESRP1	False	ENSG00000104413	RESOLVED	HPA	ENSG00000104413	ENSG00000104413
ESRRA	False	ENSG00000173153	RESOLVED	HPA	ENSG00000173153	ENSG00000173153
ESRRB	False	ENSG00000119715	RESOLVED	HPA	ENSG00000119715	ENSG00000119715
ESRRG	False	ENSG00000196482	RESOLVED	HPA	ENSG00000196482	ENSG00000196482
ESS2	False	ENSG00000100056	RESOLVED	HPA	ENSG00000100056	
ESX1	False	ENSG00000123576	RESOLVED	HPA	ENSG00000123576	ENSG00000123576
ESYT1	False	ENSG00000139641	RESOLVED	HPA	ENSG00000139641	ENSG00000139641
ETFA	False	ENSG00000140374	RESOLVED	HPA	ENSG00000140374	ENSG00000140374
ETFB	False	ENSG00000105379	RESOLVED	HPA	ENSG00000105379	ENSG00000105379
ETFDH	False	ENSG00000171503	RESOLVED	HPA	ENSG00000171503	ENSG00000171503
EVA1A	False	ENSG00000115363	RESOLVED	HPA	ENSG00000115363	ENSG00000115363
EVC	False	ENSG00000072840	RESOLVED	HPA	ENSG00000072840	ENSG00000072840
EVC2	False	ENSG00000173040	RESOLVED	HPA	ENSG00000173040	ENSG00000173040
EVI5	False	ENSG00000067208	RESOLVED	HPA	ENSG00000067208	ENSG00000067208
EVPL	False	ENSG00000167880	RESOLVED	HPA	ENSG00000167880	ENSG00000167880
EWSR1	False	ENSG00000182944	RESOLVED	HPA	ENSG00000182944	ENSG00000182944
EXOC1	False	ENSG00000090989	RESOLVED	HPA	ENSG00000090989	ENSG00000090989
EXOC2	False	ENSG00000112685	RESOLVED	HPA	ENSG00000112685	ENSG00000112685
EXOC3	False	ENSG00000180104	RESOLVED	HPA	ENSG00000180104	ENSG00000180104
EXOC4	False	ENSG00000131558	RESOLVED	HPA	ENSG00000131558	ENSG00000131558
EXOC5	False	ENSG00000070367	RESOLVED	HPA	ENSG00000070367	ENSG00000070367
EXOC6	False	ENSG00000138190	RESOLVED	HPA	ENSG00000138190	ENSG00000138190
EXOC7	False	ENSG00000182473	RESOLVED	HPA	ENSG00000182473	ENSG00000182473
EXOC8	False	ENSG00000116903	RESOLVED	HPA	ENSG00000116903	ENSG00000116903
EXOSC10	False	ENSG00000171824	RESOLVED	HPA	ENSG00000171824	ENSG00000171824
EXOSC2	False	ENSG00000130713	RESOLVED	HPA	ENSG00000130713	ENSG00000130713
EXOSC9	False	ENSG00000123737	RESOLVED	HPA	ENSG00000123737	ENSG00000123737
EXT1	False	ENSG00000182197	RESOLVED	HPA	ENSG00000182197	ENSG00000182197
EXT2	False	ENSG00000151348	RESOLVED	HPA	ENSG00000151348	ENSG00000151348
EXTL2	False	ENSG00000162694	RESOLVED	HPA	ENSG00000162694	ENSG00000162694
EXTL3	False	ENSG00000012232	RESOLVED	HPA	ENSG00000012232	ENSG00000012232
EYS	True	ENSG00000188107	RESOLVED	HPA	ENSG00000188107	ENSG00000188107
EZH2	False	ENSG00000106462	RESOLVED	HPA	ENSG00000106462	ENSG00000106462
F11	False	ENSG00000088926	RESOLVED	HPA	ENSG00000088926	ENSG00000088926
F11R	False	ENSG00000158769	RESOLVED	HPA	ENSG00000158769	ENSG00000158769
F12	False	ENSG00000131187	RESOLVED	HPA	ENSG00000131187	ENSG00000131187
F9	False	ENSG00000101981	RESOLVED	HPA	ENSG00000101981	ENSG00000101981
FAHD2A	False	ENSG00000115042	RESOLVED	HPA	ENSG00000115042	ENSG00000115042
FAM111A	False	ENSG00000166801	RESOLVED	HPA	ENSG00000166801	ENSG00000166801
FAM111B	False	ENSG00000189057	RESOLVED	HPA	ENSG00000189057	ENSG00000189057
FAM114A2	False	ENSG00000055147	RESOLVED	HPA	ENSG00000055147	ENSG00000055147
FAM118A	False	ENSG00000100376	RESOLVED	HPA	ENSG00000100376	ENSG00000100376
FAM120C	False	ENSG00000184083	RESOLVED	HPA	ENSG00000184083	ENSG00000184083
FAM126A	False	ENSG00000122591	RESOLVED	GTEx		ENSG00000122591
FAM131B	False	ENSG00000159784	RESOLVED	HPA	ENSG00000159784	ENSG00000159784
FAM149A	False	ENSG00000109794	RESOLVED	HPA	ENSG00000109794	ENSG00000109794
FAM149B1	False	ENSG00000138286	RESOLVED	HPA	ENSG00000138286	ENSG00000138286
FAM160A2	False	ENSG00000051009	RESOLVED	GTEx		ENSG00000051009
FAM161A	True	ENSG00000170264	RESOLVED	HPA	ENSG00000170264	ENSG00000170264
FAM166B	False	ENSG00000215187	RESOLVED	HPA	ENSG00000215187	ENSG00000215187
FAM166C	False	ENSG00000173557	RESOLVED	HPA	ENSG00000173557	
FAM169A	False	ENSG00000198780	RESOLVED	HPA	ENSG00000198780	ENSG00000198780
FAM183A	False	ENSG00000186973	RESOLVED	HPA	ENSG00000186973	ENSG00000186973
FAM32A	False	ENSG00000105058	RESOLVED	HPA	ENSG00000105058	ENSG00000105058
FAM3B	False	ENSG00000183844	RESOLVED	HPA	ENSG00000183844	ENSG00000183844
FAM50A	False	ENSG00000071859	RESOLVED	HPA	ENSG00000071859	ENSG00000071859
FAM76B	False	ENSG00000077458	RESOLVED	HPA	ENSG00000077458	ENSG00000077458
FAM91A1	False	ENSG00000176853	RESOLVED	HPA	ENSG00000176853	ENSG00000176853
FAM98A	False	ENSG00000119812	RESOLVED	HPA	ENSG00000119812	ENSG00000119812
FAN1	False	ENSG00000198690	RESOLVED	HPA	ENSG00000198690	ENSG00000198690
FANCM	False	ENSG00000187790	RESOLVED	HPA	ENSG00000187790	ENSG00000187790
FAR1	False	ENSG00000197601	RESOLVED	HPA	ENSG00000197601	ENSG00000197601
FARP1	False	ENSG00000152767	RESOLVED	HPA	ENSG00000152767	ENSG00000152767
FASN	False	ENSG00000169710	RESOLVED	HPA	ENSG00000169710	ENSG00000169710
FASTKD3	False	ENSG00000124279	RESOLVED	HPA	ENSG00000124279	ENSG00000124279
FAT3	False	ENSG00000165323	RESOLVED	HPA	ENSG00000165323	ENSG00000165323
FAXDC2	False	ENSG00000170271	RESOLVED	HPA	ENSG00000170271	ENSG00000170271
FBF1	False	ENSG00000188878	RESOLVED	HPA	ENSG00000188878	ENSG00000188878
FBH1	False	ENSG00000134452	RESOLVED	HPA	ENSG00000134452	
FBL	False	ENSG00000105202	RESOLVED	HPA	ENSG00000105202	ENSG00000105202
FBLL1	False	ENSG00000188573	RESOLVED	HPA	ENSG00000188573	ENSG00000188573
FBLN1	False	ENSG00000077942	RESOLVED	HPA	ENSG00000077942	ENSG00000077942
FBLN2	False	ENSG00000163520	RESOLVED	HPA	ENSG00000163520	ENSG00000163520
FBLN5	False	ENSG00000140092	RESOLVED	HPA	ENSG00000140092	ENSG00000140092
FBN3	False	ENSG00000142449	RESOLVED	HPA	ENSG00000142449	ENSG00000142449
FBP1	False	ENSG00000165140	RESOLVED	HPA	ENSG00000165140	ENSG00000165140
FBP2	False	ENSG00000130957	RESOLVED	HPA	ENSG00000130957	ENSG00000130957
FBRS	False	ENSG00000156860	RESOLVED	HPA	ENSG00000156860	ENSG00000156860
FBXL17	False	ENSG00000145743	RESOLVED	HPA	ENSG00000145743	ENSG00000145743
FBXL2	False	ENSG00000153558	RESOLVED	HPA	ENSG00000153558	ENSG00000153558
FBXL20	False	ENSG00000108306	RESOLVED	HPA	ENSG00000108306	ENSG00000108306
FBXL5	False	ENSG00000118564	RESOLVED	HPA	ENSG00000118564	ENSG00000118564
FBXO40	False	ENSG00000163833	RESOLVED	HPA	ENSG00000163833	ENSG00000163833
FBXO45	False	ENSG00000174013	RESOLVED	HPA	ENSG00000174013	ENSG00000174013
FBXO9	False	ENSG00000112146	RESOLVED	HPA	ENSG00000112146	ENSG00000112146
FCGR1A	False	ENSG00000150337	RESOLVED	HPA	ENSG00000150337	ENSG00000150337
FCGR1B	False	ENSG00000198019	RESOLVED	GTEx		ENSG00000198019
FCGR3A	False	ENSG00000203747	RESOLVED	HPA	ENSG00000203747	ENSG00000203747
FCGR3B	False	ENSG00000162747	RESOLVED	HPA	ENSG00000162747	ENSG00000162747
FCN1	False	ENSG00000085265	RESOLVED	HPA	ENSG00000085265	ENSG00000085265
FCSK	False	ENSG00000157353	RESOLVED	HPA	ENSG00000157353	
FDFT1	False	ENSG00000079459	RESOLVED	HPA	ENSG00000079459	ENSG00000079459
FDPS	False	ENSG00000160752	RESOLVED	HPA	ENSG00000160752	ENSG00000160752
FDX1	False	ENSG00000137714	RESOLVED	HPA	ENSG00000137714	ENSG00000137714
FDX2	False	ENSG00000267673	RESOLVED	HPA	ENSG00000267673	ENSG00000267673
FDXR	False	ENSG00000161513	RESOLVED	HPA	ENSG00000161513	ENSG00000161513
FECH	False	ENSG00000066926	RESOLVED	HPA	ENSG00000066926	ENSG00000066926
FEN1	False	ENSG00000168496	RESOLVED	HPA	ENSG00000168496	ENSG00000168496
FGFR1	False	ENSG00000077782	RESOLVED	HPA	ENSG00000077782	ENSG00000077782
FGFR1OP	False	ENSG00000213066	RESOLVED	GTEx		ENSG00000213066
FH	False	ENSG00000091483	RESOLVED	HPA	ENSG00000091483	ENSG00000091483
FIZ1	False	ENSG00000179943	RESOLVED	HPA	ENSG00000179943	ENSG00000179943
FKBP1A	False	ENSG00000088832	RESOLVED	HPA	ENSG00000088832	ENSG00000088832
FKBP1B	False	ENSG00000119782	RESOLVED	HPA	ENSG00000119782	ENSG00000119782
FKBP8	False	ENSG00000105701	RESOLVED	HPA	ENSG00000105701	ENSG00000105701
FKRP	False	ENSG00000181027	RESOLVED	HPA	ENSG00000181027	ENSG00000181027
FKTN	False	ENSG00000106692	RESOLVED	HPA	ENSG00000106692	ENSG00000106692
FLAD1	False	ENSG00000160688	RESOLVED	HPA	ENSG00000160688	ENSG00000160688
FLI1	False	ENSG00000151702	RESOLVED	HPA	ENSG00000151702	ENSG00000151702
FLNA	False	ENSG00000196924	RESOLVED	HPA	ENSG00000196924	ENSG00000196924
FLNB	False	ENSG00000136068	RESOLVED	HPA	ENSG00000136068	ENSG00000136068
FLNC	False	ENSG00000128591	RESOLVED	HPA	ENSG00000128591	ENSG00000128591
FLOT1	False	ENSG00000137312	RESOLVED	HPA	ENSG00000137312	ENSG00000137312
FLVCR1	True	ENSG00000162769	RESOLVED	HPA	ENSG00000162769	ENSG00000162769
FLYWCH1	False	ENSG00000059122	RESOLVED	HPA	ENSG00000059122	ENSG00000059122
FMC1-LUC7L2	False	ENSG00000269955	RESOLVED	HPA	ENSG00000269955	
FMN1	False	ENSG00000248905	RESOLVED	HPA	ENSG00000248905	ENSG00000248905
FMNL3	False	ENSG00000161791	RESOLVED	HPA	ENSG00000161791	ENSG00000161791
FMR1	False	ENSG00000102081	RESOLVED	HPA	ENSG00000102081	ENSG00000102081
FN1	False	ENSG00000115414	RESOLVED	HPA	ENSG00000115414	ENSG00000115414
FNBP1	False	ENSG00000187239	RESOLVED	HPA	ENSG00000187239	ENSG00000187239
FNBP1L	False	ENSG00000137942	RESOLVED	HPA	ENSG00000137942	ENSG00000137942
FNDC4	False	ENSG00000115226	RESOLVED	HPA	ENSG00000115226	ENSG00000115226
FNTA	False	ENSG00000168522	RESOLVED	HPA	ENSG00000168522	ENSG00000168522
FNTB	False	ENSG00000257365	RESOLVED	HPA	ENSG00000257365	ENSG00000257365
FOPNL	False	ENSG00000133393	RESOLVED	GTEx		ENSG00000133393
FOS	False	ENSG00000170345	RESOLVED	HPA	ENSG00000170345	ENSG00000170345
FOSB	False	ENSG00000125740	RESOLVED	HPA	ENSG00000125740	ENSG00000125740
FOSL1	False	ENSG00000175592	RESOLVED	HPA	ENSG00000175592	ENSG00000175592
FOSL2	False	ENSG00000075426	RESOLVED	HPA	ENSG00000075426	ENSG00000075426
FOXF1	False	ENSG00000103241	RESOLVED	HPA	ENSG00000103241	ENSG00000103241
FOXJ1	False	ENSG00000129654	RESOLVED	HPA	ENSG00000129654	ENSG00000129654
FOXN4	False	ENSG00000139445	RESOLVED	HPA	ENSG00000139445	ENSG00000139445
FOXP2	False	ENSG00000128573	RESOLVED	HPA	ENSG00000128573	ENSG00000128573
FOXP3	False	ENSG00000049768	RESOLVED	HPA	ENSG00000049768	ENSG00000049768
FOXP4	False	ENSG00000137166	RESOLVED	HPA	ENSG00000137166	ENSG00000137166
FPGS	False	ENSG00000136877	RESOLVED	HPA	ENSG00000136877	ENSG00000136877
FPR1	False	ENSG00000171051	RESOLVED	HPA	ENSG00000171051	ENSG00000171051
FRA10AC1	False	ENSG00000148690	RESOLVED	HPA	ENSG00000148690	ENSG00000148690
FRG1	False	ENSG00000109536	RESOLVED	HPA	ENSG00000109536	ENSG00000109536
FRMD6	False	ENSG00000139926	RESOLVED	HPA	ENSG00000139926	ENSG00000139926
FRMD7	False	ENSG00000165694	RESOLVED	HPA	ENSG00000165694	ENSG00000165694
FRRS1L	False	ENSG00000260230	RESOLVED	HPA	ENSG00000260230	ENSG00000260230
FSCN1	False	ENSG00000075618	RESOLVED	HPA	ENSG00000075618	ENSG00000075618
FSCN2	False	ENSG00000186765	RESOLVED	HPA	ENSG00000186765	ENSG00000186765
FSD1	False	ENSG00000105255	RESOLVED	HPA	ENSG00000105255	ENSG00000105255
FSD1L	True	ENSG00000106701	RESOLVED	HPA	ENSG00000106701	ENSG00000106701
FTH1	False	ENSG00000167996	RESOLVED	HPA	ENSG00000167996	ENSG00000167996
FTSJ3	False	ENSG00000108592	RESOLVED	HPA	ENSG00000108592	ENSG00000108592
FUCA1	False	ENSG00000179163	RESOLVED	HPA	ENSG00000179163	ENSG00000179163
FUS	False	ENSG00000089280	RESOLVED	HPA	ENSG00000089280	ENSG00000089280
FXN	False	ENSG00000165060	RESOLVED	HPA	ENSG00000165060	ENSG00000165060
FXR1	False	ENSG00000114416	RESOLVED	HPA	ENSG00000114416	ENSG00000114416
FYN	False	ENSG00000010810	RESOLVED	HPA	ENSG00000010810	ENSG00000010810
FZD2	False	ENSG00000180340	RESOLVED	HPA	ENSG00000180340	ENSG00000180340
FZD3	False	ENSG00000104290	RESOLVED	HPA	ENSG00000104290	ENSG00000104290
FZD4	False	ENSG00000174804	RESOLVED	HPA	ENSG00000174804	ENSG00000174804
FZD5	False	ENSG00000163251	RESOLVED	HPA	ENSG00000163251	ENSG00000163251
FZD6	False	ENSG00000164930	RESOLVED	HPA	ENSG00000164930	ENSG00000164930
FZR1	False	ENSG00000105325	RESOLVED	HPA	ENSG00000105325	ENSG00000105325
G3BP1	False	ENSG00000145907	RESOLVED	HPA	ENSG00000145907	ENSG00000145907
G3BP2	False	ENSG00000138757	RESOLVED	HPA	ENSG00000138757	ENSG00000138757
G6PC	False	ENSG00000131482	RESOLVED	GTEx		ENSG00000131482
G6PC2	False	ENSG00000152254	RESOLVED	HPA	ENSG00000152254	ENSG00000152254
G6PC3	False	ENSG00000141349	RESOLVED	HPA	ENSG00000141349	ENSG00000141349
G6PD	False	ENSG00000160211	RESOLVED	HPA	ENSG00000160211	ENSG00000160211
GAA	False	ENSG00000171298	RESOLVED	HPA	ENSG00000171298	ENSG00000171298
GAB1	False	ENSG00000109458	RESOLVED	HPA	ENSG00000109458	ENSG00000109458
GABARAP	False	ENSG00000170296	RESOLVED	HPA	ENSG00000170296	ENSG00000170296
GABARAPL1	False	ENSG00000139112	RESOLVED	HPA	ENSG00000139112	ENSG00000139112
GABARAPL2	False	ENSG00000034713	RESOLVED	HPA	ENSG00000034713	ENSG00000034713
GABBR1	False	ENSG00000204681	RESOLVED	HPA	ENSG00000204681	ENSG00000204681
GABRA1	False	ENSG00000022355	RESOLVED	HPA	ENSG00000022355	ENSG00000022355
GABRA5	False	ENSG00000186297	RESOLVED	HPA	ENSG00000186297	ENSG00000186297
GABRB1	False	ENSG00000163288	RESOLVED	HPA	ENSG00000163288	ENSG00000163288
GABRD	False	ENSG00000187730	RESOLVED	HPA	ENSG00000187730	ENSG00000187730
GABRG2	False	ENSG00000113327	RESOLVED	HPA	ENSG00000113327	ENSG00000113327
GABRR1	False	ENSG00000146276	RESOLVED	HPA	ENSG00000146276	ENSG00000146276
GABRR2	False	ENSG00000111886	RESOLVED	HPA	ENSG00000111886	ENSG00000111886
GAD2	False	ENSG00000136750	RESOLVED	HPA	ENSG00000136750	ENSG00000136750
GALK1	False	ENSG00000108479	RESOLVED	HPA	ENSG00000108479	ENSG00000108479
GALK2	False	ENSG00000156958	RESOLVED	HPA	ENSG00000156958	ENSG00000156958
GALM	False	ENSG00000143891	RESOLVED	HPA	ENSG00000143891	ENSG00000143891
GALNS	False	ENSG00000141012	RESOLVED	HPA	ENSG00000141012	ENSG00000141012
GALNT12	False	ENSG00000119514	RESOLVED	HPA	ENSG00000119514	ENSG00000119514
GALNT13	False	ENSG00000144278	RESOLVED	HPA	ENSG00000144278	ENSG00000144278
GALNT2	False	ENSG00000143641	RESOLVED	HPA	ENSG00000143641	ENSG00000143641
GALNT3	False	ENSG00000115339	RESOLVED	HPA	ENSG00000115339	ENSG00000115339
GAN	False	ENSG00000261609	RESOLVED	HPA	ENSG00000261609	ENSG00000261609
GANAB	False	ENSG00000089597	RESOLVED	HPA	ENSG00000089597	ENSG00000089597
GANC	False	ENSG00000214013	RESOLVED	HPA	ENSG00000214013	ENSG00000214013
GAPDH	False	ENSG00000111640	RESOLVED	HPA	ENSG00000111640	ENSG00000111640
GAPDHS	False	ENSG00000105679	RESOLVED	HPA	ENSG00000105679	ENSG00000105679
GART	False	ENSG00000159131	RESOLVED	HPA	ENSG00000159131	ENSG00000159131
GAS6	False	ENSG00000183087	RESOLVED	HPA	ENSG00000183087	ENSG00000183087
GATC	False	ENSG00000257218	RESOLVED	HPA	ENSG00000257218	ENSG00000257218
GBA	False	ENSG00000177628	RESOLVED	GTEx		ENSG00000177628
GBE1	False	ENSG00000114480	RESOLVED	HPA	ENSG00000114480	ENSG00000114480
GBF1	False	ENSG00000107862	RESOLVED	HPA	ENSG00000107862	ENSG00000107862
GCDH	False	ENSG00000105607	RESOLVED	HPA	ENSG00000105607	ENSG00000105607
GCFC2	False	ENSG00000005436	RESOLVED	HPA	ENSG00000005436	ENSG00000005436
GCGR	False	ENSG00000215644	RESOLVED	HPA	ENSG00000215644	ENSG00000215644
GCH1	False	ENSG00000131979	RESOLVED	HPA	ENSG00000131979	ENSG00000131979
GCK	False	ENSG00000106633	RESOLVED	HPA	ENSG00000106633	ENSG00000106633
GCKR	False	ENSG00000084734	RESOLVED	HPA	ENSG00000084734	ENSG00000084734
GCM2	False	ENSG00000124827	RESOLVED	HPA	ENSG00000124827	ENSG00000124827
GCN1	False	ENSG00000089154	RESOLVED	HPA	ENSG00000089154	ENSG00000089154
GCNT1	False	ENSG00000187210	RESOLVED	HPA	ENSG00000187210	ENSG00000187210
GCNT2	False	ENSG00000111846	RESOLVED	HPA	ENSG00000111846	ENSG00000111846
GDA	False	ENSG00000119125	RESOLVED	HPA	ENSG00000119125	ENSG00000119125
GDF2	False	ENSG00000263761	RESOLVED	HPA	ENSG00000263761	ENSG00000263761
GDF3	False	ENSG00000184344	RESOLVED	HPA	ENSG00000184344	ENSG00000184344
GDPD1	False	ENSG00000153982	RESOLVED	HPA	ENSG00000153982	ENSG00000153982
GDPD3	False	ENSG00000102886	RESOLVED	HPA	ENSG00000102886	ENSG00000102886
GEMIN4	False	ENSG00000179409	RESOLVED	HPA	ENSG00000179409	ENSG00000179409
GET4	False	ENSG00000239857	RESOLVED	HPA	ENSG00000239857	ENSG00000239857
GFAP	False	ENSG00000131095	RESOLVED	HPA	ENSG00000131095	ENSG00000131095
GFM1	False	ENSG00000168827	RESOLVED	HPA	ENSG00000168827	ENSG00000168827
GFOD1	False	ENSG00000145990	RESOLVED	HPA	ENSG00000145990	ENSG00000145990
GFPT1	False	ENSG00000198380	RESOLVED	HPA	ENSG00000198380	ENSG00000198380
GFPT2	False	ENSG00000131459	RESOLVED	HPA	ENSG00000131459	ENSG00000131459
GGA1	False	ENSG00000100083	RESOLVED	HPA	ENSG00000100083	ENSG00000100083
GGCX	False	ENSG00000115486	RESOLVED	HPA	ENSG00000115486	ENSG00000115486
GGPS1	False	ENSG00000152904	RESOLVED	HPA	ENSG00000152904	ENSG00000152904
GH1	False	ENSG00000259384	RESOLVED	HPA	ENSG00000259384	ENSG00000259384
GH2	False	ENSG00000136487	RESOLVED	HPA	ENSG00000136487	ENSG00000136487
GHITM	False	ENSG00000165678	RESOLVED	HPA	ENSG00000165678	ENSG00000165678
GHRH	False	ENSG00000118702	RESOLVED	HPA	ENSG00000118702	ENSG00000118702
GHRL	False	ENSG00000157017	RESOLVED	HPA	ENSG00000157017	ENSG00000157017
GIGYF2	False	ENSG00000204120	RESOLVED	HPA	ENSG00000204120	ENSG00000204120
GIT1	False	ENSG00000108262	RESOLVED	HPA	ENSG00000108262	ENSG00000108262
GIT2	False	ENSG00000139436	RESOLVED	HPA	ENSG00000139436	ENSG00000139436
GJA1	False	ENSG00000152661	RESOLVED	HPA	ENSG00000152661	ENSG00000152661
GJA8	False	ENSG00000121634	RESOLVED	HPA	ENSG00000121634	ENSG00000121634
GJB2	False	ENSG00000165474	RESOLVED	HPA	ENSG00000165474	ENSG00000165474
GK5	False	ENSG00000175066	RESOLVED	HPA	ENSG00000175066	ENSG00000175066
GLB1	False	ENSG00000170266	RESOLVED	HPA	ENSG00000170266	ENSG00000170266
GLI1	False	ENSG00000111087	RESOLVED	HPA	ENSG00000111087	ENSG00000111087
GLI2	False	ENSG00000074047	RESOLVED	HPA	ENSG00000074047	ENSG00000074047
GLI3	False	ENSG00000106571	RESOLVED	HPA	ENSG00000106571	ENSG00000106571
GLIPR1	False	ENSG00000139278	RESOLVED	HPA	ENSG00000139278	ENSG00000139278
GLIS2	False	ENSG00000126603	RESOLVED	HPA	ENSG00000126603	ENSG00000126603
GLMN	False	ENSG00000174842	RESOLVED	HPA	ENSG00000174842	ENSG00000174842
GLO1	False	ENSG00000124767	RESOLVED	HPA	ENSG00000124767	ENSG00000124767
GLUD1	False	ENSG00000148672	RESOLVED	HPA	ENSG00000148672	ENSG00000148672
GLUD2	False	ENSG00000182890	RESOLVED	HPA	ENSG00000182890	ENSG00000182890
GLUL	False	ENSG00000135821	RESOLVED	HPA	ENSG00000135821	ENSG00000135821
GLYATL1	False	ENSG00000166840	RESOLVED	HPA	ENSG00000166840	ENSG00000166840
GLYCTK	False	ENSG00000168237	RESOLVED	HPA	ENSG00000168237	ENSG00000168237
GMPPA	False	ENSG00000144591	RESOLVED	HPA	ENSG00000144591	ENSG00000144591
GMPPB	False	ENSG00000173540	RESOLVED	HPA	ENSG00000173540	ENSG00000173540
GMPR	False	ENSG00000137198	RESOLVED	HPA	ENSG00000137198	ENSG00000137198
GMPS	False	ENSG00000163655	RESOLVED	HPA	ENSG00000163655	ENSG00000163655
GNA11	False	ENSG00000088256	RESOLVED	HPA	ENSG00000088256	ENSG00000088256
GNA12	False	ENSG00000146535	RESOLVED	HPA	ENSG00000146535	ENSG00000146535
GNA13	False	ENSG00000120063	RESOLVED	HPA	ENSG00000120063	ENSG00000120063
GNA14	False	ENSG00000156049	RESOLVED	HPA	ENSG00000156049	ENSG00000156049
GNA15	False	ENSG00000060558	RESOLVED	HPA	ENSG00000060558	ENSG00000060558
GNAI1	False	ENSG00000127955	RESOLVED	HPA	ENSG00000127955	ENSG00000127955
GNAI2	False	ENSG00000114353	RESOLVED	HPA	ENSG00000114353	ENSG00000114353
GNAI3	False	ENSG00000065135	RESOLVED	HPA	ENSG00000065135	ENSG00000065135
GNAL	False	ENSG00000141404	RESOLVED	HPA	ENSG00000141404	ENSG00000141404
GNAO1	False	ENSG00000087258	RESOLVED	HPA	ENSG00000087258	ENSG00000087258
GNAQ	False	ENSG00000156052	RESOLVED	HPA	ENSG00000156052	ENSG00000156052
GNAS	False	ENSG00000087460	RESOLVED	HPA	ENSG00000087460	ENSG00000087460
GNAT1	True	ENSG00000114349	RESOLVED	HPA	ENSG00000114349	ENSG00000114349
GNAT2	False	ENSG00000134183	RESOLVED	HPA	ENSG00000134183	
GNAT3	False	ENSG00000214415	RESOLVED	HPA	ENSG00000214415	ENSG00000214415
GNAZ	False	ENSG00000128266	RESOLVED	HPA	ENSG00000128266	ENSG00000128266
GNB1	False	ENSG00000078369	RESOLVED	HPA	ENSG00000078369	ENSG00000078369
GNB2	False	ENSG00000172354	RESOLVED	HPA	ENSG00000172354	ENSG00000172354
GNB3	False	ENSG00000111664	RESOLVED	HPA	ENSG00000111664	ENSG00000111664
GNB4	False	ENSG00000114450	RESOLVED	HPA	ENSG00000114450	ENSG00000114450
GNB5	False	ENSG00000069966	RESOLVED	HPA	ENSG00000069966	ENSG00000069966
GNG10	False	ENSG00000242616	RESOLVED	HPA	ENSG00000242616	ENSG00000242616
GNG11	False	ENSG00000127920	RESOLVED	HPA	ENSG00000127920	ENSG00000127920
GNG12	False	ENSG00000172380	RESOLVED	HPA	ENSG00000172380	ENSG00000172380
GNG13	False	ENSG00000127588	RESOLVED	HPA	ENSG00000127588	ENSG00000127588
GNG14	False	ENSG00000283980	RESOLVED	HPA	ENSG00000283980	
GNG2	False	ENSG00000186469	RESOLVED	HPA	ENSG00000186469	ENSG00000186469
GNG3	False	ENSG00000162188	RESOLVED	HPA	ENSG00000162188	ENSG00000162188
GNG4	False	ENSG00000168243	RESOLVED	HPA	ENSG00000168243	ENSG00000168243
GNG5	False	ENSG00000174021	RESOLVED	HPA	ENSG00000174021	ENSG00000174021
GNG7	False	ENSG00000176533	RESOLVED	HPA	ENSG00000176533	ENSG00000176533
GNG8	False	ENSG00000167414	RESOLVED	HPA	ENSG00000167414	ENSG00000167414
GNGT1	False	ENSG00000127928	RESOLVED	HPA	ENSG00000127928	ENSG00000127928
GNGT2	False	ENSG00000167083	RESOLVED	HPA	ENSG00000167083	ENSG00000167083
GNL3	False	ENSG00000163938	RESOLVED	HPA	ENSG00000163938	ENSG00000163938
GNPDA1	False	ENSG00000113552	RESOLVED	HPA	ENSG00000113552	ENSG00000113552
GNPDA2	False	ENSG00000163281	RESOLVED	HPA	ENSG00000163281	ENSG00000163281
GNPNAT1	False	ENSG00000100522	RESOLVED	HPA	ENSG00000100522	ENSG00000100522
GNPTAB	False	ENSG00000111670	RESOLVED	HPA	ENSG00000111670	ENSG00000111670
GNPTG	False	ENSG00000090581	RESOLVED	HPA	ENSG00000090581	ENSG00000090581
GNRHR	False	ENSG00000109163	RESOLVED	HPA	ENSG00000109163	ENSG00000109163
GNS	False	ENSG00000135677	RESOLVED	HPA	ENSG00000135677	ENSG00000135677
GOLGA4	False	ENSG00000144674	RESOLVED	HPA	ENSG00000144674	ENSG00000144674
GOLGA6L1	False	ENSG00000273976	RESOLVED	HPA	ENSG00000273976	ENSG00000273976
GOLPH3	False	ENSG00000113384	RESOLVED	HPA	ENSG00000113384	ENSG00000113384
GOT1	False	ENSG00000120053	RESOLVED	HPA	ENSG00000120053	ENSG00000120053
GOT1L1	False	ENSG00000169154	RESOLVED	HPA	ENSG00000169154	ENSG00000169154
GOT2	False	ENSG00000125166	RESOLVED	HPA	ENSG00000125166	ENSG00000125166
GPATCH3	False	ENSG00000198746	RESOLVED	HPA	ENSG00000198746	ENSG00000198746
GPATCH4	False	ENSG00000160818	RESOLVED	HPA	ENSG00000160818	ENSG00000160818
GPD1	False	ENSG00000167588	RESOLVED	HPA	ENSG00000167588	ENSG00000167588
GPD2	False	ENSG00000115159	RESOLVED	HPA	ENSG00000115159	ENSG00000115159
GPHN	False	ENSG00000171723	RESOLVED	HPA	ENSG00000171723	ENSG00000171723
GPI	False	ENSG00000105220	RESOLVED	HPA	ENSG00000105220	ENSG00000105220
GPKOW	False	ENSG00000068394	RESOLVED	HPA	ENSG00000068394	ENSG00000068394
GPM6B	False	ENSG00000046653	RESOLVED	HPA	ENSG00000046653	ENSG00000046653
GPNMB	False	ENSG00000136235	RESOLVED	HPA	ENSG00000136235	ENSG00000136235
GPR119	False	ENSG00000147262	RESOLVED	HPA	ENSG00000147262	ENSG00000147262
GPR141	False	ENSG00000187037	RESOLVED	HPA	ENSG00000187037	ENSG00000187037
GPR142	False	ENSG00000257008	RESOLVED	HPA	ENSG00000257008	ENSG00000257008
GPR153	False	ENSG00000158292	RESOLVED	HPA	ENSG00000158292	ENSG00000158292
GPR161	False	ENSG00000143147	RESOLVED	HPA	ENSG00000143147	ENSG00000143147
GPR179	False	ENSG00000277399	RESOLVED	HPA	ENSG00000277399	ENSG00000277399
GPR180	False	ENSG00000152749	RESOLVED	HPA	ENSG00000152749	ENSG00000152749
GPR182	False	ENSG00000166856	RESOLVED	HPA	ENSG00000166856	ENSG00000166856
GPR34	False	ENSG00000171659	RESOLVED	HPA	ENSG00000171659	ENSG00000171659
GPR52	False	ENSG00000203737	RESOLVED	HPA	ENSG00000203737	ENSG00000203737
GPR55	False	ENSG00000135898	RESOLVED	HPA	ENSG00000135898	ENSG00000135898
GPR84	False	ENSG00000139572	RESOLVED	HPA	ENSG00000139572	ENSG00000139572
GPR87	False	ENSG00000138271	RESOLVED	HPA	ENSG00000138271	ENSG00000138271
GPR88	False	ENSG00000181656	RESOLVED	HPA	ENSG00000181656	ENSG00000181656
GPS2	False	ENSG00000132522	RESOLVED	HPA	ENSG00000132522	ENSG00000132522
GPSM2	False	ENSG00000121957	RESOLVED	HPA	ENSG00000121957	ENSG00000121957
GPT	False	ENSG00000167701	RESOLVED	HPA	ENSG00000167701	ENSG00000167701
GPT2	False	ENSG00000166123	RESOLVED	HPA	ENSG00000166123	ENSG00000166123
GPX2	False	ENSG00000176153	RESOLVED	HPA	ENSG00000176153	ENSG00000176153
GPX4	False	ENSG00000167468	RESOLVED	HPA	ENSG00000167468	ENSG00000167468
GPX6	False	ENSG00000198704	RESOLVED	HPA	ENSG00000198704	ENSG00000198704
GPX7	False	ENSG00000116157	RESOLVED	HPA	ENSG00000116157	ENSG00000116157
GPX8	False	ENSG00000164294	RESOLVED	HPA	ENSG00000164294	ENSG00000164294
GRAMD4	False	ENSG00000075240	RESOLVED	HPA	ENSG00000075240	ENSG00000075240
GRB14	False	ENSG00000115290	RESOLVED	HPA	ENSG00000115290	ENSG00000115290
GRB2	False	ENSG00000177885	RESOLVED	HPA	ENSG00000177885	ENSG00000177885
GRHPR	False	ENSG00000137106	RESOLVED	HPA	ENSG00000137106	ENSG00000137106
GRIA1	False	ENSG00000155511	RESOLVED	HPA	ENSG00000155511	ENSG00000155511
GRIP1	False	ENSG00000155974	RESOLVED	HPA	ENSG00000155974	ENSG00000155974
GRIPAP1	False	ENSG00000068400	RESOLVED	HPA	ENSG00000068400	ENSG00000068400
GRK1	False	ENSG00000185974	RESOLVED	HPA	ENSG00000185974	ENSG00000185974
GRK2	False	ENSG00000173020	RESOLVED	HPA	ENSG00000173020	ENSG00000173020
GRK3	False	ENSG00000100077	RESOLVED	HPA	ENSG00000100077	ENSG00000100077
GRK4	False	ENSG00000125388	RESOLVED	HPA	ENSG00000125388	ENSG00000125388
GRK5	False	ENSG00000198873	RESOLVED	HPA	ENSG00000198873	ENSG00000198873
GRK6	False	ENSG00000198055	RESOLVED	HPA	ENSG00000198055	ENSG00000198055
GRK7	False	ENSG00000114124	RESOLVED	HPA	ENSG00000114124	ENSG00000114124
GRM1	False	ENSG00000152822	RESOLVED	HPA	ENSG00000152822	ENSG00000152822
GRM5	False	ENSG00000168959	RESOLVED	HPA	ENSG00000168959	ENSG00000168959
GRM6	False	ENSG00000113262	RESOLVED	HPA	ENSG00000113262	ENSG00000113262
GRN	False	ENSG00000030582	RESOLVED	HPA	ENSG00000030582	ENSG00000030582
GRPEL1	False	ENSG00000109519	RESOLVED	HPA	ENSG00000109519	ENSG00000109519
GRPEL2	False	ENSG00000164284	RESOLVED	HPA	ENSG00000164284	ENSG00000164284
GRTP1	False	ENSG00000139835	RESOLVED	HPA	ENSG00000139835	ENSG00000139835
GSK3B	False	ENSG00000082701	RESOLVED	HPA	ENSG00000082701	ENSG00000082701
GSN	False	ENSG00000148180	RESOLVED	HPA	ENSG00000148180	ENSG00000148180
GSR	False	ENSG00000104687	RESOLVED	HPA	ENSG00000104687	ENSG00000104687
GTF2B	False	ENSG00000137947	RESOLVED	HPA	ENSG00000137947	ENSG00000137947
GTF3C1	False	ENSG00000077235	RESOLVED	HPA	ENSG00000077235	ENSG00000077235
GTF3C2	False	ENSG00000115207	RESOLVED	HPA	ENSG00000115207	ENSG00000115207
GTF3C5	False	ENSG00000148308	RESOLVED	HPA	ENSG00000148308	ENSG00000148308
GTPBP4	False	ENSG00000107937	RESOLVED	HPA	ENSG00000107937	ENSG00000107937
GTSE1	False	ENSG00000075218	RESOLVED	HPA	ENSG00000075218	ENSG00000075218
GUCA1A	True	ENSG00000048545	RESOLVED	HPA	ENSG00000048545	ENSG00000048545
GUCA1A-2	False		UNMAPPED	NONE		
GUCA1B	False	ENSG00000112599	RESOLVED	HPA	ENSG00000112599	ENSG00000112599
GUCA1C	False	ENSG00000138472	RESOLVED	HPA	ENSG00000138472	ENSG00000138472
GUCA2A	False	ENSG00000197273	RESOLVED	HPA	ENSG00000197273	ENSG00000197273
GUCA2B	False	ENSG00000044012	RESOLVED	HPA	ENSG00000044012	ENSG00000044012
GUCY1A1	False	ENSG00000164116	RESOLVED	HPA	ENSG00000164116	
GUCY1A2	False	ENSG00000152402	RESOLVED	HPA	ENSG00000152402	ENSG00000152402
GUCY1B1	False	ENSG00000061918	RESOLVED	HPA	ENSG00000061918	
GUCY2C	False	ENSG00000070019	RESOLVED	HPA	ENSG00000070019	ENSG00000070019
GUCY2D	True	ENSG00000132518	RESOLVED	HPA	ENSG00000132518	ENSG00000132518
GUCY2F	False	ENSG00000101890	RESOLVED	HPA	ENSG00000101890	ENSG00000101890
GUF1	False	ENSG00000151806	RESOLVED	HPA	ENSG00000151806	ENSG00000151806
GUK1	False	ENSG00000143774	RESOLVED	HPA	ENSG00000143774	ENSG00000143774
GULP1	False	ENSG00000144366	RESOLVED	HPA	ENSG00000144366	ENSG00000144366
GUSB	False	ENSG00000169919	RESOLVED	HPA	ENSG00000169919	ENSG00000169919
GYS1	False	ENSG00000104812	RESOLVED	HPA	ENSG00000104812	ENSG00000104812
GYS2	False	ENSG00000111713	RESOLVED	HPA	ENSG00000111713	ENSG00000111713
GZF1	False	ENSG00000125812	RESOLVED	HPA	ENSG00000125812	ENSG00000125812
H0YIJ7_HUMAN	False		UNMAPPED	NONE		
H0YIS7_HUMAN	False		UNMAPPED	NONE		
H1-6	False	ENSG00000187475	RESOLVED	HPA	ENSG00000187475	
H2AC18	False	ENSG00000288825	RESOLVED	HPA	ENSG00000288825	
H2AC20	False	ENSG00000184260	RESOLVED	HPA	ENSG00000184260	
H2AX	False	ENSG00000188486	RESOLVED	HPA	ENSG00000188486	
H2BC21	False	ENSG00000184678	RESOLVED	HPA	ENSG00000184678	
H3-3A	False	ENSG00000163041	RESOLVED	HPA	ENSG00000163041	
H3-3B	False	ENSG00000132475	RESOLVED	HPA	ENSG00000132475	
H3BNC9_HUMAN	False		UNMAPPED	NONE		
H3C2	False	ENSG00000286522	RESOLVED	HPA	ENSG00000286522	
H4C6	False	ENSG00000274618	RESOLVED	HPA	ENSG00000274618	
H6PD	False	ENSG00000049239	RESOLVED	HPA	ENSG00000049239	ENSG00000049239
H7C0C1_HUMAN	False		UNMAPPED	NONE		
HAAO	False	ENSG00000162882	RESOLVED	HPA	ENSG00000162882	ENSG00000162882
HABP2	False	ENSG00000148702	RESOLVED	HPA	ENSG00000148702	ENSG00000148702
HABP4	False	ENSG00000130956	RESOLVED	HPA	ENSG00000130956	ENSG00000130956
HACD4	False	ENSG00000188921	RESOLVED	HPA	ENSG00000188921	ENSG00000188921
HACE1	False	ENSG00000085382	RESOLVED	HPA	ENSG00000085382	ENSG00000085382
HACL1	False	ENSG00000131373	RESOLVED	HPA	ENSG00000131373	ENSG00000131373
HADHA	False	ENSG00000084754	RESOLVED	HPA	ENSG00000084754	ENSG00000084754
HADHB	False	ENSG00000138029	RESOLVED	HPA	ENSG00000138029	ENSG00000138029
HAMP	False	ENSG00000105697	RESOLVED	HPA	ENSG00000105697	ENSG00000105697
HAND1	False	ENSG00000113196	RESOLVED	HPA	ENSG00000113196	ENSG00000113196
HAO1	False	ENSG00000101323	RESOLVED	HPA	ENSG00000101323	ENSG00000101323
HAO2	False	ENSG00000116882	RESOLVED	HPA	ENSG00000116882	ENSG00000116882
HAP1	False	ENSG00000173805	RESOLVED	HPA	ENSG00000173805	ENSG00000173805
HARS1	False	ENSG00000170445	RESOLVED	HPA	ENSG00000170445	
HARS2	False	ENSG00000112855	RESOLVED	HPA	ENSG00000112855	ENSG00000112855
HAS1	False	ENSG00000105509	RESOLVED	HPA	ENSG00000105509	ENSG00000105509
HAS2	False	ENSG00000170961	RESOLVED	HPA	ENSG00000170961	ENSG00000170961
HAS3	False	ENSG00000103044	RESOLVED	HPA	ENSG00000103044	ENSG00000103044
HAUS1	False	ENSG00000152240	RESOLVED	HPA	ENSG00000152240	ENSG00000152240
HAUS2	False	ENSG00000137814	RESOLVED	HPA	ENSG00000137814	ENSG00000137814
HAUS3	False	ENSG00000214367	RESOLVED	HPA	ENSG00000214367	ENSG00000214367
HAUS4	False	ENSG00000092036	RESOLVED	HPA	ENSG00000092036	ENSG00000092036
HAUS5	False	ENSG00000249115	RESOLVED	HPA	ENSG00000249115	ENSG00000249115
HAUS6	False	ENSG00000147874	RESOLVED	HPA	ENSG00000147874	ENSG00000147874
HAUS7	False	ENSG00000213397	RESOLVED	HPA	ENSG00000213397	ENSG00000213397
HAUS8	False	ENSG00000131351	RESOLVED	HPA	ENSG00000131351	ENSG00000131351
HBD	False	ENSG00000223609	RESOLVED	HPA	ENSG00000223609	ENSG00000223609
HBS1L	False	ENSG00000112339	RESOLVED	HPA	ENSG00000112339	ENSG00000112339
HCFC1	False	ENSG00000172534	RESOLVED	HPA	ENSG00000172534	ENSG00000172534
HCFC2	False	ENSG00000111727	RESOLVED	HPA	ENSG00000111727	ENSG00000111727
HCRT	False	ENSG00000161610	RESOLVED	HPA	ENSG00000161610	ENSG00000161610
HDAC1	False	ENSG00000116478	RESOLVED	HPA	ENSG00000116478	ENSG00000116478
HDAC2	False	ENSG00000196591	RESOLVED	HPA	ENSG00000196591	ENSG00000196591
HDAC3	False	ENSG00000171720	RESOLVED	HPA	ENSG00000171720	ENSG00000171720
HDAC4	False	ENSG00000068024	RESOLVED	HPA	ENSG00000068024	ENSG00000068024
HDAC6	False	ENSG00000094631	RESOLVED	HPA	ENSG00000094631	ENSG00000094631
HDAC8	False	ENSG00000147099	RESOLVED	HPA	ENSG00000147099	ENSG00000147099
HDDC2	False	ENSG00000111906	RESOLVED	HPA	ENSG00000111906	ENSG00000111906
HDDC3	False	ENSG00000184508	RESOLVED	HPA	ENSG00000184508	ENSG00000184508
HEXD	False	ENSG00000169660	RESOLVED	HPA	ENSG00000169660	
HEXIM1	False	ENSG00000186834	RESOLVED	HPA	ENSG00000186834	ENSG00000186834
HFE	False	ENSG00000010704	RESOLVED	HPA	ENSG00000010704	ENSG00000010704
HFM1	False	ENSG00000162669	RESOLVED	HPA	ENSG00000162669	ENSG00000162669
HGFAC	False	ENSG00000109758	RESOLVED	HPA	ENSG00000109758	ENSG00000109758
HGS	False	ENSG00000185359	RESOLVED	HPA	ENSG00000185359	ENSG00000185359
HGSNAT	True	ENSG00000165102	RESOLVED	HPA	ENSG00000165102	ENSG00000165102
HIBCH	False	ENSG00000198130	RESOLVED	HPA	ENSG00000198130	ENSG00000198130
HIF1A	False	ENSG00000100644	RESOLVED	HPA	ENSG00000100644	ENSG00000100644
HIF3A	False	ENSG00000124440	RESOLVED	HPA	ENSG00000124440	ENSG00000124440
HIGD1C	False	ENSG00000214511	RESOLVED	HPA	ENSG00000214511	ENSG00000214511
HIPK2	False	ENSG00000064393	RESOLVED	HPA	ENSG00000064393	ENSG00000064393
HJV	False	ENSG00000168509	RESOLVED	HPA	ENSG00000168509	
HK1	True	ENSG00000156515	RESOLVED	HPA	ENSG00000156515	ENSG00000156515
HK2	False	ENSG00000159399	RESOLVED	HPA	ENSG00000159399	ENSG00000159399
HK3	False	ENSG00000160883	RESOLVED	HPA	ENSG00000160883	ENSG00000160883
HKDC1	False	ENSG00000156510	RESOLVED	HPA	ENSG00000156510	ENSG00000156510
HLA-A	False	ENSG00000206503	RESOLVED	HPA	ENSG00000206503	ENSG00000206503
HLA-B	False	ENSG00000234745	RESOLVED	HPA	ENSG00000234745	ENSG00000234745
HLX	False	ENSG00000136630	RESOLVED	HPA	ENSG00000136630	ENSG00000136630
HM13	False	ENSG00000101294	RESOLVED	HPA	ENSG00000101294	ENSG00000101294
HMBS	False	ENSG00000256269	RESOLVED	HPA	ENSG00000256269	ENSG00000256269
HMCN1	False	ENSG00000143341	RESOLVED	HPA	ENSG00000143341	ENSG00000143341
HMG20A	False	ENSG00000140382	RESOLVED	HPA	ENSG00000140382	ENSG00000140382
HMGA1	False	ENSG00000137309	RESOLVED	HPA	ENSG00000137309	ENSG00000137309
HMGCL	False	ENSG00000117305	RESOLVED	HPA	ENSG00000117305	ENSG00000117305
HMGCLL1	False	ENSG00000146151	RESOLVED	HPA	ENSG00000146151	ENSG00000146151
HMGCR	False	ENSG00000113161	RESOLVED	HPA	ENSG00000113161	ENSG00000113161
HMGCS1	False	ENSG00000112972	RESOLVED	HPA	ENSG00000112972	ENSG00000112972
HMGCS2	False	ENSG00000134240	RESOLVED	HPA	ENSG00000134240	ENSG00000134240
HMOX1	False	ENSG00000100292	RESOLVED	HPA	ENSG00000100292	ENSG00000100292
HMOX2	False	ENSG00000103415	RESOLVED	HPA	ENSG00000103415	ENSG00000103415
HNF4A	False	ENSG00000101076	RESOLVED	HPA	ENSG00000101076	ENSG00000101076
HNRNPA0	False	ENSG00000177733	RESOLVED	HPA	ENSG00000177733	ENSG00000177733
HNRNPA1	False	ENSG00000135486	RESOLVED	HPA	ENSG00000135486	ENSG00000135486
HNRNPA2B1	False	ENSG00000122566	RESOLVED	HPA	ENSG00000122566	ENSG00000122566
HNRNPA3	False	ENSG00000170144	RESOLVED	HPA	ENSG00000170144	ENSG00000170144
HNRNPAB	False	ENSG00000197451	RESOLVED	HPA	ENSG00000197451	ENSG00000197451
HNRNPC	False	ENSG00000092199	RESOLVED	HPA	ENSG00000092199	ENSG00000092199
HNRNPCL1	False	ENSG00000179172	RESOLVED	HPA	ENSG00000179172	ENSG00000179172
HNRNPD	False	ENSG00000138668	RESOLVED	HPA	ENSG00000138668	ENSG00000138668
HNRNPDL	False	ENSG00000152795	RESOLVED	HPA	ENSG00000152795	ENSG00000152795
HNRNPF	False	ENSG00000169813	RESOLVED	HPA	ENSG00000169813	ENSG00000169813
HNRNPH1	False	ENSG00000169045	RESOLVED	HPA	ENSG00000169045	ENSG00000169045
HNRNPH2	False	ENSG00000126945	RESOLVED	HPA	ENSG00000126945	ENSG00000126945
HNRNPH3	False	ENSG00000096746	RESOLVED	HPA	ENSG00000096746	ENSG00000096746
HNRNPK	False	ENSG00000165119	RESOLVED	HPA	ENSG00000165119	ENSG00000165119
HNRNPL	False	ENSG00000104824	RESOLVED	HPA	ENSG00000104824	ENSG00000104824
HNRNPM	False	ENSG00000099783	RESOLVED	HPA	ENSG00000099783	ENSG00000099783
HNRNPR	False	ENSG00000125944	RESOLVED	HPA	ENSG00000125944	ENSG00000125944
HNRNPU	False	ENSG00000153187	RESOLVED	HPA	ENSG00000153187	ENSG00000153187
HNRNPUL1	False	ENSG00000105323	RESOLVED	HPA	ENSG00000105323	ENSG00000105323
HNRNPUL2	False	ENSG00000214753	RESOLVED	HPA	ENSG00000214753	ENSG00000214753
HOOK1	False	ENSG00000134709	RESOLVED	HPA	ENSG00000134709	ENSG00000134709
HOOK2	False	ENSG00000095066	RESOLVED	HPA	ENSG00000095066	ENSG00000095066
HOOK3	False	ENSG00000168172	RESOLVED	HPA	ENSG00000168172	ENSG00000168172
HPCA	False	ENSG00000121905	RESOLVED	HPA	ENSG00000121905	ENSG00000121905
HPCAL1	False	ENSG00000115756	RESOLVED	HPA	ENSG00000115756	ENSG00000115756
HPD	False	ENSG00000158104	RESOLVED	HPA	ENSG00000158104	ENSG00000158104
HPDL	False	ENSG00000186603	RESOLVED	HPA	ENSG00000186603	ENSG00000186603
HPRT1	False	ENSG00000165704	RESOLVED	HPA	ENSG00000165704	ENSG00000165704
HPS5	False	ENSG00000110756	RESOLVED	HPA	ENSG00000110756	ENSG00000110756
HPX	False	ENSG00000110169	RESOLVED	HPA	ENSG00000110169	ENSG00000110169
HRAS	False	ENSG00000174775	RESOLVED	HPA	ENSG00000174775	ENSG00000174775
HRH1	False	ENSG00000196639	RESOLVED	HPA	ENSG00000196639	ENSG00000196639
HRH2	False	ENSG00000113749	RESOLVED	HPA	ENSG00000113749	ENSG00000113749
HRNR	False	ENSG00000197915	RESOLVED	HPA	ENSG00000197915	ENSG00000197915
HSCB	False	ENSG00000100209	RESOLVED	HPA	ENSG00000100209	ENSG00000100209
HSD17B10	False	ENSG00000072506	RESOLVED	HPA	ENSG00000072506	ENSG00000072506
HSD17B12	False	ENSG00000149084	RESOLVED	HPA	ENSG00000149084	ENSG00000149084
HSD17B6	False	ENSG00000025423	RESOLVED	HPA	ENSG00000025423	ENSG00000025423
HSD17B7	False	ENSG00000132196	RESOLVED	HPA	ENSG00000132196	ENSG00000132196
HSD3B7	False	ENSG00000099377	RESOLVED	HPA	ENSG00000099377	ENSG00000099377
HSP90AA1	False	ENSG00000080824	RESOLVED	HPA	ENSG00000080824	ENSG00000080824
HSP90AB1	False	ENSG00000096384	RESOLVED	HPA	ENSG00000096384	ENSG00000096384
HSP90B1	False	ENSG00000166598	RESOLVED	HPA	ENSG00000166598	ENSG00000166598
HSPA1A	False	ENSG00000204389	RESOLVED	HPA	ENSG00000204389	ENSG00000204389
HSPA1B	False	ENSG00000204388	RESOLVED	HPA	ENSG00000204388	ENSG00000204388
HSPA4	False	ENSG00000170606	RESOLVED	HPA	ENSG00000170606	ENSG00000170606
HSPA4L	False	ENSG00000164070	RESOLVED	HPA	ENSG00000164070	ENSG00000164070
HSPA5	False	ENSG00000044574	RESOLVED	HPA	ENSG00000044574	ENSG00000044574
HSPA8	False	ENSG00000109971	RESOLVED	HPA	ENSG00000109971	ENSG00000109971
HSPA9	False	ENSG00000113013	RESOLVED	HPA	ENSG00000113013	ENSG00000113013
HSPB1	False	ENSG00000106211	RESOLVED	HPA	ENSG00000106211	ENSG00000106211
HSPB11	False	ENSG00000081870	RESOLVED	HPA	ENSG00000081870	ENSG00000081870
HSPD1	False	ENSG00000144381	RESOLVED	HPA	ENSG00000144381	ENSG00000144381
HSPE1	False	ENSG00000115541	RESOLVED	HPA	ENSG00000115541	ENSG00000115541
HSPG2	False	ENSG00000142798	RESOLVED	HPA	ENSG00000142798	ENSG00000142798
HTATIP2	False	ENSG00000109854	RESOLVED	HPA	ENSG00000109854	ENSG00000109854
HTATSF1	False	ENSG00000102241	RESOLVED	HPA	ENSG00000102241	ENSG00000102241
HTN1	False	ENSG00000126550	RESOLVED	HPA	ENSG00000126550	ENSG00000126550
HTN3	False	ENSG00000205649	RESOLVED	HPA	ENSG00000205649	ENSG00000205649
HTR2B	False	ENSG00000135914	RESOLVED	HPA	ENSG00000135914	ENSG00000135914
HTR2C	False	ENSG00000147246	RESOLVED	HPA	ENSG00000147246	ENSG00000147246
HTT	False	ENSG00000197386	RESOLVED	HPA	ENSG00000197386	ENSG00000197386
HUWE1	False	ENSG00000086758	RESOLVED	HPA	ENSG00000086758	ENSG00000086758
HYAL1	False	ENSG00000114378	RESOLVED	HPA	ENSG00000114378	ENSG00000114378
HYDIN	False	ENSG00000157423	RESOLVED	HPA	ENSG00000157423	ENSG00000157423
HYLS1	False	ENSG00000198331	RESOLVED	HPA	ENSG00000198331	ENSG00000198331
IARS1	False	ENSG00000196305	RESOLVED	HPA	ENSG00000196305	
ICAM1	False	ENSG00000090339	RESOLVED	HPA	ENSG00000090339	ENSG00000090339
ICK	False	ENSG00000112144	RESOLVED	GTEx		ENSG00000112144
ICMT	False	ENSG00000116237	RESOLVED	HPA	ENSG00000116237	ENSG00000116237
IDH1	False	ENSG00000138413	RESOLVED	HPA	ENSG00000138413	ENSG00000138413
IDH2	False	ENSG00000182054	RESOLVED	HPA	ENSG00000182054	ENSG00000182054
IDH3A	True	ENSG00000166411	RESOLVED	HPA	ENSG00000166411	ENSG00000166411
IDH3B	True	ENSG00000101365	RESOLVED	HPA	ENSG00000101365	ENSG00000101365
IDH3G	True	ENSG00000067829	RESOLVED	HPA	ENSG00000067829	ENSG00000067829
IDI1	False	ENSG00000067064	RESOLVED	HPA	ENSG00000067064	ENSG00000067064
IDI2	False	ENSG00000148377	RESOLVED	HPA	ENSG00000148377	ENSG00000148377
IDS	False	ENSG00000010404	RESOLVED	HPA	ENSG00000010404	ENSG00000010404
IDUA	False	ENSG00000127415	RESOLVED	HPA	ENSG00000127415	ENSG00000127415
IFI35	False	ENSG00000068079	RESOLVED	HPA	ENSG00000068079	ENSG00000068079
IFI44L	False	ENSG00000137959	RESOLVED	HPA	ENSG00000137959	ENSG00000137959
IFITM5	False	ENSG00000206013	RESOLVED	HPA	ENSG00000206013	ENSG00000206013
IFNAR1	False	ENSG00000142166	RESOLVED	HPA	ENSG00000142166	ENSG00000142166
IFNG	False	ENSG00000111537	RESOLVED	HPA	ENSG00000111537	ENSG00000111537
IFT122	False	ENSG00000163913	RESOLVED	HPA	ENSG00000163913	ENSG00000163913
IFT140	True	ENSG00000187535	RESOLVED	HPA	ENSG00000187535	ENSG00000187535
IFT172	True	ENSG00000138002	RESOLVED	HPA	ENSG00000138002	ENSG00000138002
IFT20	False	ENSG00000109083	RESOLVED	HPA	ENSG00000109083	ENSG00000109083
IFT22	False	ENSG00000128581	RESOLVED	HPA	ENSG00000128581	ENSG00000128581
IFT27	False	ENSG00000100360	RESOLVED	HPA	ENSG00000100360	ENSG00000100360
IFT43	False	ENSG00000119650	RESOLVED	HPA	ENSG00000119650	ENSG00000119650
IFT46	False	ENSG00000118096	RESOLVED	HPA	ENSG00000118096	ENSG00000118096
IFT52	False	ENSG00000101052	RESOLVED	HPA	ENSG00000101052	ENSG00000101052
IFT57	False	ENSG00000114446	RESOLVED	HPA	ENSG00000114446	ENSG00000114446
IFT74	False	ENSG00000096872	RESOLVED	HPA	ENSG00000096872	ENSG00000096872
IFT80	False	ENSG00000068885	RESOLVED	HPA	ENSG00000068885	ENSG00000068885
IFT81	False	ENSG00000122970	RESOLVED	HPA	ENSG00000122970	ENSG00000122970
IFT88	False	ENSG00000032742	RESOLVED	HPA	ENSG00000032742	ENSG00000032742
IGF2BP1	False	ENSG00000159217	RESOLVED	HPA	ENSG00000159217	ENSG00000159217
IGHD	False	ENSG00000211898	RESOLVED	HPA	ENSG00000211898	ENSG00000211898
IGHV3-16	False	ENSG00000211944	RESOLVED	HPA	ENSG00000211944	ENSG00000211944
IK	False	ENSG00000113141	RESOLVED	HPA	ENSG00000113141	ENSG00000113141
IKBKE	False	ENSG00000263528	RESOLVED	HPA	ENSG00000263528	ENSG00000263528
IL10	False	ENSG00000136634	RESOLVED	HPA	ENSG00000136634	ENSG00000136634
IL17A	False	ENSG00000112115	RESOLVED	HPA	ENSG00000112115	ENSG00000112115
IL1B	False	ENSG00000125538	RESOLVED	HPA	ENSG00000125538	ENSG00000125538
IL1RN	False	ENSG00000136689	RESOLVED	HPA	ENSG00000136689	ENSG00000136689
IL2RG	False	ENSG00000147168	RESOLVED	HPA	ENSG00000147168	ENSG00000147168
IL31RA	False	ENSG00000164509	RESOLVED	HPA	ENSG00000164509	ENSG00000164509
IL4	False	ENSG00000113520	RESOLVED	HPA	ENSG00000113520	ENSG00000113520
IL4I1	False	ENSG00000104951	RESOLVED	HPA	ENSG00000104951	ENSG00000104951
IL6	False	ENSG00000136244	RESOLVED	HPA	ENSG00000136244	ENSG00000136244
ILF2	False	ENSG00000143621	RESOLVED	HPA	ENSG00000143621	ENSG00000143621
ILF3	False	ENSG00000129351	RESOLVED	HPA	ENSG00000129351	ENSG00000129351
ILVBL	False	ENSG00000105135	RESOLVED	HPA	ENSG00000105135	ENSG00000105135
IMMT	False	ENSG00000132305	RESOLVED	HPA	ENSG00000132305	ENSG00000132305
IMPA1	False	ENSG00000133731	RESOLVED	HPA	ENSG00000133731	ENSG00000133731
IMPA2	False	ENSG00000141401	RESOLVED	HPA	ENSG00000141401	ENSG00000141401
IMPDH1	True	ENSG00000106348	RESOLVED	HPA	ENSG00000106348	ENSG00000106348
IMPDH2	False	ENSG00000178035	RESOLVED	HPA	ENSG00000178035	ENSG00000178035
IMPG1	True	ENSG00000112706	RESOLVED	HPA	ENSG00000112706	ENSG00000112706
IMPG2	True	ENSG00000081148	RESOLVED	HPA	ENSG00000081148	ENSG00000081148
INF2	False	ENSG00000203485	RESOLVED	HPA	ENSG00000203485	ENSG00000203485
INO80C	False	ENSG00000153391	RESOLVED	HPA	ENSG00000153391	ENSG00000153391
INO80D	False	ENSG00000114933	RESOLVED	HPA	ENSG00000114933	ENSG00000114933
INPP4A	False	ENSG00000040933	RESOLVED	HPA	ENSG00000040933	ENSG00000040933
INPP4B	False	ENSG00000109452	RESOLVED	HPA	ENSG00000109452	ENSG00000109452
INPP5A	False	ENSG00000068383	RESOLVED	HPA	ENSG00000068383	ENSG00000068383
INPP5B	False	ENSG00000204084	RESOLVED	HPA	ENSG00000204084	ENSG00000204084
INPP5E	True	ENSG00000148384	RESOLVED	HPA	ENSG00000148384	ENSG00000148384
INPP5F	False	ENSG00000198825	RESOLVED	HPA	ENSG00000198825	ENSG00000198825
INS	False	ENSG00000254647	RESOLVED	HPA	ENSG00000254647	ENSG00000254647
INSIG1	False	ENSG00000186480	RESOLVED	HPA	ENSG00000186480	ENSG00000186480
INTS4	False	ENSG00000149262	RESOLVED	HPA	ENSG00000149262	ENSG00000149262
INTS6	False	ENSG00000102786	RESOLVED	HPA	ENSG00000102786	ENSG00000102786
INTU	False	ENSG00000164066	RESOLVED	HPA	ENSG00000164066	ENSG00000164066
INVS	False	ENSG00000119509	RESOLVED	HPA	ENSG00000119509	ENSG00000119509
IP6K2	False	ENSG00000068745	RESOLVED	HPA	ENSG00000068745	ENSG00000068745
IPO13	False	ENSG00000117408	RESOLVED	HPA	ENSG00000117408	ENSG00000117408
IPO7	False	ENSG00000205339	RESOLVED	HPA	ENSG00000205339	ENSG00000205339
IPO9	False	ENSG00000198700	RESOLVED	HPA	ENSG00000198700	ENSG00000198700
IPP	False	ENSG00000197429	RESOLVED	HPA	ENSG00000197429	ENSG00000197429
IQCB1	False	ENSG00000173226	RESOLVED	HPA	ENSG00000173226	ENSG00000173226
IQGAP1	False	ENSG00000140575	RESOLVED	HPA	ENSG00000140575	ENSG00000140575
IQGAP3	False	ENSG00000183856	RESOLVED	HPA	ENSG00000183856	ENSG00000183856
IRAK1	False	ENSG00000184216	RESOLVED	HPA	ENSG00000184216	ENSG00000184216
IREB2	False	ENSG00000136381	RESOLVED	HPA	ENSG00000136381	ENSG00000136381
IRF8	False	ENSG00000140968	RESOLVED	HPA	ENSG00000140968	ENSG00000140968
ISL1	False	ENSG00000016082	RESOLVED	HPA	ENSG00000016082	ENSG00000016082
ISX	False	ENSG00000175329	RESOLVED	HPA	ENSG00000175329	ENSG00000175329
ISY1	False	ENSG00000240682	RESOLVED	HPA	ENSG00000240682	ENSG00000240682
ISY1-RAB43	False	ENSG00000261796	RESOLVED	HPA	ENSG00000261796	
ISYNA1	False	ENSG00000105655	RESOLVED	HPA	ENSG00000105655	ENSG00000105655
ITGA4	False	ENSG00000115232	RESOLVED	HPA	ENSG00000115232	ENSG00000115232
ITGAE	False	ENSG00000083457	RESOLVED	HPA	ENSG00000083457	ENSG00000083457
ITGAM	False	ENSG00000169896	RESOLVED	HPA	ENSG00000169896	ENSG00000169896
ITGAX	False	ENSG00000140678	RESOLVED	HPA	ENSG00000140678	ENSG00000140678
ITGB1	False	ENSG00000150093	RESOLVED	HPA	ENSG00000150093	ENSG00000150093
ITGB5	False	ENSG00000082781	RESOLVED	HPA	ENSG00000082781	ENSG00000082781
ITPA	False	ENSG00000125877	RESOLVED	HPA	ENSG00000125877	ENSG00000125877
ITPRIP	False	ENSG00000148841	RESOLVED	HPA	ENSG00000148841	ENSG00000148841
ITPRIPL2	False	ENSG00000205730	RESOLVED	HPA	ENSG00000205730	ENSG00000205730
ITSN1	False	ENSG00000205726	RESOLVED	HPA	ENSG00000205726	ENSG00000205726
ITSN2	False	ENSG00000198399	RESOLVED	HPA	ENSG00000198399	ENSG00000198399
JAK2	False	ENSG00000096968	RESOLVED	HPA	ENSG00000096968	ENSG00000096968
JDP2	False	ENSG00000140044	RESOLVED	HPA	ENSG00000140044	ENSG00000140044
JPH4	False	ENSG00000092051	RESOLVED	HPA	ENSG00000092051	ENSG00000092051
JUN	False	ENSG00000177606	RESOLVED	HPA	ENSG00000177606	ENSG00000177606
JUND	False	ENSG00000130522	RESOLVED	HPA	ENSG00000130522	ENSG00000130522
JUP	False	ENSG00000173801	RESOLVED	HPA	ENSG00000173801	ENSG00000173801
KANSL1	False	ENSG00000120071	RESOLVED	HPA	ENSG00000120071	ENSG00000120071
KAT2A	False	ENSG00000108773	RESOLVED	HPA	ENSG00000108773	ENSG00000108773
KAT2B	False	ENSG00000114166	RESOLVED	HPA	ENSG00000114166	ENSG00000114166
KAT5	False	ENSG00000172977	RESOLVED	HPA	ENSG00000172977	ENSG00000172977
KAT8	False	ENSG00000103510	RESOLVED	HPA	ENSG00000103510	ENSG00000103510
KATNBL1	False	ENSG00000134152	RESOLVED	HPA	ENSG00000134152	ENSG00000134152
KBTBD12	False	ENSG00000187715	RESOLVED	HPA	ENSG00000187715	ENSG00000187715
KBTBD6	False	ENSG00000165572	RESOLVED	HPA	ENSG00000165572	ENSG00000165572
KBTBD7	False	ENSG00000120696	RESOLVED	HPA	ENSG00000120696	ENSG00000120696
KBTBD8	False	ENSG00000163376	RESOLVED	HPA	ENSG00000163376	ENSG00000163376
KCNG3	False	ENSG00000171126	RESOLVED	HPA	ENSG00000171126	ENSG00000171126
KCNG4	False	ENSG00000168418	RESOLVED	HPA	ENSG00000168418	ENSG00000168418
KCNH8	False	ENSG00000183960	RESOLVED	HPA	ENSG00000183960	ENSG00000183960
KCNIP3	False	ENSG00000115041	RESOLVED	HPA	ENSG00000115041	ENSG00000115041
KCNJ10	False	ENSG00000177807	RESOLVED	HPA	ENSG00000177807	ENSG00000177807
KCNJ13	False	ENSG00000115474	RESOLVED	HPA	ENSG00000115474	ENSG00000115474
KCNJ3	False	ENSG00000162989	RESOLVED	HPA	ENSG00000162989	ENSG00000162989
KCNJ5	False	ENSG00000120457	RESOLVED	HPA	ENSG00000120457	ENSG00000120457
KCNK17	False	ENSG00000124780	RESOLVED	HPA	ENSG00000124780	ENSG00000124780
KCNK2	False	ENSG00000082482	RESOLVED	HPA	ENSG00000082482	ENSG00000082482
KCNMA1	False	ENSG00000156113	RESOLVED	HPA	ENSG00000156113	ENSG00000156113
KCNQ4	False	ENSG00000117013	RESOLVED	HPA	ENSG00000117013	ENSG00000117013
KCNT2	False	ENSG00000162687	RESOLVED	HPA	ENSG00000162687	ENSG00000162687
KCNV2	False	ENSG00000168263	RESOLVED	HPA	ENSG00000168263	ENSG00000168263
KCTD10	False	ENSG00000110906	RESOLVED	HPA	ENSG00000110906	ENSG00000110906
KCTD13	False	ENSG00000174943	RESOLVED	HPA	ENSG00000174943	ENSG00000174943
KCTD17	False	ENSG00000100379	RESOLVED	HPA	ENSG00000100379	ENSG00000100379
KCTD2	False	ENSG00000180901	RESOLVED	HPA	ENSG00000180901	ENSG00000180901
KCTD3	False	ENSG00000136636	RESOLVED	HPA	ENSG00000136636	ENSG00000136636
KCTD5	False	ENSG00000167977	RESOLVED	HPA	ENSG00000167977	ENSG00000167977
KCTD7	False	ENSG00000243335	RESOLVED	HPA	ENSG00000243335	ENSG00000243335
KCTD8	False	ENSG00000183783	RESOLVED	HPA	ENSG00000183783	ENSG00000183783
KDM2A	False	ENSG00000173120	RESOLVED	HPA	ENSG00000173120	ENSG00000173120
KDM2B	False	ENSG00000089094	RESOLVED	HPA	ENSG00000089094	ENSG00000089094
KDM6B	False	ENSG00000132510	RESOLVED	HPA	ENSG00000132510	ENSG00000132510
KDM7A	False	ENSG00000006459	RESOLVED	HPA	ENSG00000006459	ENSG00000006459
KDSR	False	ENSG00000119537	RESOLVED	HPA	ENSG00000119537	ENSG00000119537
KEAP1	False	ENSG00000079999	RESOLVED	HPA	ENSG00000079999	ENSG00000079999
KHDRBS1	False	ENSG00000121774	RESOLVED	HPA	ENSG00000121774	ENSG00000121774
KHDRBS2	False	ENSG00000112232	RESOLVED	HPA	ENSG00000112232	ENSG00000112232
KHK	False	ENSG00000138030	RESOLVED	HPA	ENSG00000138030	ENSG00000138030
KHSRP	False	ENSG00000088247	RESOLVED	HPA	ENSG00000088247	ENSG00000088247
KIAA0232	False	ENSG00000170871	RESOLVED	HPA	ENSG00000170871	ENSG00000170871
KIAA0319	False	ENSG00000137261	RESOLVED	HPA	ENSG00000137261	ENSG00000137261
KIAA0556	False	ENSG00000047578	RESOLVED	GTEx		ENSG00000047578
KIAA0586	False	ENSG00000100578	RESOLVED	HPA	ENSG00000100578	ENSG00000100578
KIAA0753	False	ENSG00000198920	RESOLVED	HPA	ENSG00000198920	ENSG00000198920
KIAA1143	False	ENSG00000163807	RESOLVED	HPA	ENSG00000163807	ENSG00000163807
KIAA1217	False	ENSG00000120549	RESOLVED	HPA	ENSG00000120549	ENSG00000120549
KIAA1328	False	ENSG00000150477	RESOLVED	HPA	ENSG00000150477	ENSG00000150477
KIAA1549	True	ENSG00000122778	RESOLVED	HPA	ENSG00000122778	ENSG00000122778
KIF11	False	ENSG00000138160	RESOLVED	HPA	ENSG00000138160	ENSG00000138160
KIF14	False	ENSG00000118193	RESOLVED	HPA	ENSG00000118193	ENSG00000118193
KIF17	False	ENSG00000117245	RESOLVED	HPA	ENSG00000117245	ENSG00000117245
KIF18A	False	ENSG00000121621	RESOLVED	HPA	ENSG00000121621	ENSG00000121621
KIF24	False	ENSG00000186638	RESOLVED	HPA	ENSG00000186638	ENSG00000186638
KIF25	False	ENSG00000125337	RESOLVED	HPA	ENSG00000125337	ENSG00000125337
KIF2A	False	ENSG00000068796	RESOLVED	HPA	ENSG00000068796	ENSG00000068796
KIF3A	False	ENSG00000131437	RESOLVED	HPA	ENSG00000131437	ENSG00000131437
KIF3B	False	ENSG00000101350	RESOLVED	HPA	ENSG00000101350	ENSG00000101350
KIF5A	False	ENSG00000155980	RESOLVED	HPA	ENSG00000155980	ENSG00000155980
KIF5B	False	ENSG00000170759	RESOLVED	HPA	ENSG00000170759	ENSG00000170759
KIF7	False	ENSG00000166813	RESOLVED	HPA	ENSG00000166813	ENSG00000166813
KIFAP3	False	ENSG00000075945	RESOLVED	HPA	ENSG00000075945	ENSG00000075945
KIFC1	False	ENSG00000237649	RESOLVED	HPA	ENSG00000237649	ENSG00000237649
KIFC2	False	ENSG00000167702	RESOLVED	HPA	ENSG00000167702	ENSG00000167702
KIFC3	False	ENSG00000140859	RESOLVED	HPA	ENSG00000140859	ENSG00000140859
KIN	False	ENSG00000151657	RESOLVED	HPA	ENSG00000151657	ENSG00000151657
KIZ	True	ENSG00000088970	RESOLVED	HPA	ENSG00000088970	ENSG00000088970
KLC1	False	ENSG00000126214	RESOLVED	HPA	ENSG00000126214	ENSG00000126214
KLC2	False	ENSG00000174996	RESOLVED	HPA	ENSG00000174996	ENSG00000174996
KLC3	False	ENSG00000104892	RESOLVED	HPA	ENSG00000104892	ENSG00000104892
KLC4	False	ENSG00000137171	RESOLVED	HPA	ENSG00000137171	ENSG00000137171
KLHDC1	False	ENSG00000197776	RESOLVED	HPA	ENSG00000197776	ENSG00000197776
KLHDC2	False	ENSG00000165516	RESOLVED	HPA	ENSG00000165516	ENSG00000165516
KLHDC7A	False	ENSG00000179023	RESOLVED	HPA	ENSG00000179023	ENSG00000179023
KLHL11	False	ENSG00000178502	RESOLVED	HPA	ENSG00000178502	ENSG00000178502
KLHL12	False	ENSG00000117153	RESOLVED	HPA	ENSG00000117153	ENSG00000117153
KLHL13	False	ENSG00000003096	RESOLVED	HPA	ENSG00000003096	ENSG00000003096
KLHL15	False	ENSG00000174010	RESOLVED	HPA	ENSG00000174010	ENSG00000174010
KLHL2	False	ENSG00000109466	RESOLVED	HPA	ENSG00000109466	ENSG00000109466
KLHL20	False	ENSG00000076321	RESOLVED	HPA	ENSG00000076321	ENSG00000076321
KLHL21	False	ENSG00000162413	RESOLVED	HPA	ENSG00000162413	ENSG00000162413
KLHL22	False	ENSG00000099910	RESOLVED	HPA	ENSG00000099910	ENSG00000099910
KLHL24	False	ENSG00000114796	RESOLVED	HPA	ENSG00000114796	ENSG00000114796
KLHL25	False	ENSG00000183655	RESOLVED	HPA	ENSG00000183655	ENSG00000183655
KLHL3	False	ENSG00000146021	RESOLVED	HPA	ENSG00000146021	ENSG00000146021
KLHL40	False	ENSG00000157119	RESOLVED	HPA	ENSG00000157119	ENSG00000157119
KLHL41	False	ENSG00000239474	RESOLVED	HPA	ENSG00000239474	ENSG00000239474
KLHL42	False	ENSG00000087448	RESOLVED	HPA	ENSG00000087448	ENSG00000087448
KLHL7	True	ENSG00000122550	RESOLVED	HPA	ENSG00000122550	ENSG00000122550
KLHL8	False	ENSG00000145332	RESOLVED	HPA	ENSG00000145332	ENSG00000145332
KLHL9	False	ENSG00000198642	RESOLVED	HPA	ENSG00000198642	ENSG00000198642
KLK8	False	ENSG00000129455	RESOLVED	HPA	ENSG00000129455	ENSG00000129455
KLKB1	False	ENSG00000164344	RESOLVED	HPA	ENSG00000164344	ENSG00000164344
KLRF1	False	ENSG00000150045	RESOLVED	HPA	ENSG00000150045	ENSG00000150045
KMO	False	ENSG00000117009	RESOLVED	HPA	ENSG00000117009	ENSG00000117009
KMT2A	False	ENSG00000118058	RESOLVED	HPA	ENSG00000118058	ENSG00000118058
KMT2B	False	ENSG00000272333	RESOLVED	HPA	ENSG00000272333	ENSG00000272333
KMT2D	False	ENSG00000167548	RESOLVED	HPA	ENSG00000167548	ENSG00000167548
KPNA1	False	ENSG00000114030	RESOLVED	HPA	ENSG00000114030	ENSG00000114030
KPNA2	False	ENSG00000182481	RESOLVED	HPA	ENSG00000182481	ENSG00000182481
KPNA3	False	ENSG00000102753	RESOLVED	HPA	ENSG00000102753	ENSG00000102753
KPNA4	False	ENSG00000186432	RESOLVED	HPA	ENSG00000186432	ENSG00000186432
KPNA5	False	ENSG00000196911	RESOLVED	HPA	ENSG00000196911	ENSG00000196911
KPNA6	False	ENSG00000025800	RESOLVED	HPA	ENSG00000025800	ENSG00000025800
KPNA7	False	ENSG00000185467	RESOLVED	HPA	ENSG00000185467	ENSG00000185467
KPRP	False	ENSG00000203786	RESOLVED	HPA	ENSG00000203786	ENSG00000203786
KRAS	False	ENSG00000133703	RESOLVED	HPA	ENSG00000133703	ENSG00000133703
KRTCAP3	False	ENSG00000157992	RESOLVED	HPA	ENSG00000157992	ENSG00000157992
KSR1	False	ENSG00000141068	RESOLVED	HPA	ENSG00000141068	ENSG00000141068
L2HGDH	False	ENSG00000087299	RESOLVED	HPA	ENSG00000087299	ENSG00000087299
L3MBTL2	False	ENSG00000100395	RESOLVED	HPA	ENSG00000100395	ENSG00000100395
LAMA2	False	ENSG00000196569	RESOLVED	HPA	ENSG00000196569	ENSG00000196569
LAMB2	False	ENSG00000172037	RESOLVED	HPA	ENSG00000172037	ENSG00000172037
LAMB3	False	ENSG00000196878	RESOLVED	HPA	ENSG00000196878	ENSG00000196878
LAMC1	False	ENSG00000135862	RESOLVED	HPA	ENSG00000135862	ENSG00000135862
LAMC2	False	ENSG00000058085	RESOLVED	HPA	ENSG00000058085	ENSG00000058085
LAMC3	False	ENSG00000050555	RESOLVED	HPA	ENSG00000050555	ENSG00000050555
LAMP1	False	ENSG00000185896	RESOLVED	HPA	ENSG00000185896	ENSG00000185896
LAMTOR1	False	ENSG00000149357	RESOLVED	HPA	ENSG00000149357	ENSG00000149357
LARGE1	False	ENSG00000133424	RESOLVED	HPA	ENSG00000133424	ENSG00000133424
LARGE2	False	ENSG00000165905	RESOLVED	HPA	ENSG00000165905	ENSG00000165905
LARP7	False	ENSG00000174720	RESOLVED	HPA	ENSG00000174720	ENSG00000174720
LAS1L	False	ENSG00000001497	RESOLVED	HPA	ENSG00000001497	ENSG00000001497
LBR	False	ENSG00000143815	RESOLVED	HPA	ENSG00000143815	ENSG00000143815
LCA5	False	ENSG00000135338	RESOLVED	HPA	ENSG00000135338	ENSG00000135338
LCAT	False	ENSG00000213398	RESOLVED	HPA	ENSG00000213398	ENSG00000213398
LCK	False	ENSG00000182866	RESOLVED	HPA	ENSG00000182866	ENSG00000182866
LCT	False	ENSG00000115850	RESOLVED	HPA	ENSG00000115850	ENSG00000115850
LDHA	False	ENSG00000134333	RESOLVED	HPA	ENSG00000134333	ENSG00000134333
LDHD	False	ENSG00000166816	RESOLVED	HPA	ENSG00000166816	ENSG00000166816
LDOC1	False	ENSG00000182195	RESOLVED	HPA	ENSG00000182195	ENSG00000182195
LENG1	False	ENSG00000105617	RESOLVED	HPA	ENSG00000105617	ENSG00000105617
LEO1	False	ENSG00000166477	RESOLVED	HPA	ENSG00000166477	ENSG00000166477
LEP	False	ENSG00000174697	RESOLVED	HPA	ENSG00000174697	ENSG00000174697
LEPR	False	ENSG00000116678	RESOLVED	HPA	ENSG00000116678	ENSG00000116678
LETM2	False	ENSG00000165046	RESOLVED	HPA	ENSG00000165046	ENSG00000165046
LGALS3	False	ENSG00000131981	RESOLVED	HPA	ENSG00000131981	ENSG00000131981
LGALS4	False	ENSG00000171747	RESOLVED	HPA	ENSG00000171747	ENSG00000171747
LGALS9	False	ENSG00000168961	RESOLVED	HPA	ENSG00000168961	ENSG00000168961
LGALS9C	False	ENSG00000171916	RESOLVED	HPA	ENSG00000171916	ENSG00000171916
LGMN	False	ENSG00000100600	RESOLVED	HPA	ENSG00000100600	ENSG00000100600
LGR4	False	ENSG00000205213	RESOLVED	HPA	ENSG00000205213	ENSG00000205213
LGSN	False	ENSG00000146166	RESOLVED	HPA	ENSG00000146166	ENSG00000146166
LHCGR	False	ENSG00000138039	RESOLVED	HPA	ENSG00000138039	ENSG00000138039
LHFPL5	False	ENSG00000197753	RESOLVED	HPA	ENSG00000197753	ENSG00000197753
LHX2	False	ENSG00000106689	RESOLVED	HPA	ENSG00000106689	ENSG00000106689
LHX3	False	ENSG00000107187	RESOLVED	HPA	ENSG00000107187	ENSG00000107187
LHX4	False	ENSG00000121454	RESOLVED	HPA	ENSG00000121454	ENSG00000121454
LIN28A	False	ENSG00000131914	RESOLVED	HPA	ENSG00000131914	ENSG00000131914
LIPC	False	ENSG00000166035	RESOLVED	HPA	ENSG00000166035	ENSG00000166035
LIPG	False	ENSG00000101670	RESOLVED	HPA	ENSG00000101670	ENSG00000101670
LITAFD	False	ENSG00000283516	RESOLVED	HPA	ENSG00000283516	
LLGL2	False	ENSG00000073350	RESOLVED	HPA	ENSG00000073350	ENSG00000073350
LMNA	False	ENSG00000160789	RESOLVED	HPA	ENSG00000160789	ENSG00000160789
LMNB1	False	ENSG00000113368	RESOLVED	HPA	ENSG00000113368	ENSG00000113368
LMX1B	False	ENSG00000136944	RESOLVED	HPA	ENSG00000136944	ENSG00000136944
LNPK	False	ENSG00000144320	RESOLVED	HPA	ENSG00000144320	ENSG00000144320
LOC112694756	False		UNMAPPED	NONE		
LONP1	False	ENSG00000196365	RESOLVED	HPA	ENSG00000196365	ENSG00000196365
LONP2	False	ENSG00000102910	RESOLVED	HPA	ENSG00000102910	ENSG00000102910
LOX	False	ENSG00000113083	RESOLVED	HPA	ENSG00000113083	ENSG00000113083
LOXHD1	False	ENSG00000167210	RESOLVED	HPA	ENSG00000167210	ENSG00000167210
LOXL1	False	ENSG00000129038	RESOLVED	HPA	ENSG00000129038	ENSG00000129038
LPIN2	False	ENSG00000101577	RESOLVED	HPA	ENSG00000101577	ENSG00000101577
LRAT	True	ENSG00000121207	RESOLVED	HPA	ENSG00000121207	ENSG00000121207
LRFN4	False	ENSG00000173621	RESOLVED	HPA	ENSG00000173621	ENSG00000173621
LRIT1	False	ENSG00000148602	RESOLVED	HPA	ENSG00000148602	ENSG00000148602
LRIT2	False	ENSG00000204033	RESOLVED	HPA	ENSG00000204033	ENSG00000204033
LRIT3	False	ENSG00000183423	RESOLVED	HPA	ENSG00000183423	ENSG00000183423
LRMDA	False	ENSG00000148655	RESOLVED	HPA	ENSG00000148655	
LRP1	False	ENSG00000123384	RESOLVED	HPA	ENSG00000123384	ENSG00000123384
LRP1B	False	ENSG00000168702	RESOLVED	HPA	ENSG00000168702	ENSG00000168702
LRP5	False	ENSG00000162337	RESOLVED	HPA	ENSG00000162337	ENSG00000162337
LRRC3	False	ENSG00000160233	RESOLVED	HPA	ENSG00000160233	ENSG00000160233
LRRC32	False	ENSG00000137507	RESOLVED	HPA	ENSG00000137507	ENSG00000137507
LRRC37A	False	ENSG00000176681	RESOLVED	HPA	ENSG00000176681	ENSG00000176681
LRRC37A3	False	ENSG00000176809	RESOLVED	HPA	ENSG00000176809	ENSG00000176809
LRRC45	False	ENSG00000169683	RESOLVED	HPA	ENSG00000169683	ENSG00000169683
LRRC4C	False	ENSG00000148948	RESOLVED	HPA	ENSG00000148948	ENSG00000148948
LRRC59	False	ENSG00000108829	RESOLVED	HPA	ENSG00000108829	ENSG00000108829
LRRC6	False	ENSG00000129295	RESOLVED	GTEx		ENSG00000129295
LRRC8A	False	ENSG00000136802	RESOLVED	HPA	ENSG00000136802	ENSG00000136802
LRRC8B	False	ENSG00000197147	RESOLVED	HPA	ENSG00000197147	ENSG00000197147
LRRC8C	False	ENSG00000171488	RESOLVED	HPA	ENSG00000171488	ENSG00000171488
LRRC8D	False	ENSG00000171492	RESOLVED	HPA	ENSG00000171492	ENSG00000171492
LRRC8E	False	ENSG00000171017	RESOLVED	HPA	ENSG00000171017	ENSG00000171017
LRRCC1	False	ENSG00000133739	RESOLVED	HPA	ENSG00000133739	ENSG00000133739
LRRK2	False	ENSG00000188906	RESOLVED	HPA	ENSG00000188906	ENSG00000188906
LRTOMT-2	False		UNMAPPED	NONE		
LSG1	False	ENSG00000041802	RESOLVED	HPA	ENSG00000041802	ENSG00000041802
LSM1	False	ENSG00000175324	RESOLVED	HPA	ENSG00000175324	ENSG00000175324
LSM10	False	ENSG00000181817	RESOLVED	HPA	ENSG00000181817	ENSG00000181817
LSM2	False	ENSG00000204392	RESOLVED	HPA	ENSG00000204392	ENSG00000204392
LSM3	False	ENSG00000170860	RESOLVED	HPA	ENSG00000170860	ENSG00000170860
LSM4	False	ENSG00000130520	RESOLVED	HPA	ENSG00000130520	ENSG00000130520
LSM5	False	ENSG00000106355	RESOLVED	HPA	ENSG00000106355	ENSG00000106355
LSM6	False	ENSG00000164167	RESOLVED	HPA	ENSG00000164167	ENSG00000164167
LSM7	False	ENSG00000130332	RESOLVED	HPA	ENSG00000130332	ENSG00000130332
LSM8	False	ENSG00000128534	RESOLVED	HPA	ENSG00000128534	ENSG00000128534
LSP1	False	ENSG00000130592	RESOLVED	HPA	ENSG00000130592	ENSG00000130592
LSS	False	ENSG00000160285	RESOLVED	HPA	ENSG00000160285	ENSG00000160285
LTBR	False	ENSG00000111321	RESOLVED	HPA	ENSG00000111321	ENSG00000111321
LTN1	False	ENSG00000198862	RESOLVED	HPA	ENSG00000198862	ENSG00000198862
LUC7L	False	ENSG00000007392	RESOLVED	HPA	ENSG00000007392	ENSG00000007392
LUC7L2	False	ENSG00000146963	RESOLVED	HPA	ENSG00000146963	ENSG00000146963
LUC7L3	False	ENSG00000108848	RESOLVED	HPA	ENSG00000108848	ENSG00000108848
LUZP2	False	ENSG00000187398	RESOLVED	HPA	ENSG00000187398	ENSG00000187398
LYRM7	False	ENSG00000186687	RESOLVED	HPA	ENSG00000186687	ENSG00000186687
LYVE1	False	ENSG00000133800	RESOLVED	HPA	ENSG00000133800	ENSG00000133800
LZTFL1	False	ENSG00000163818	RESOLVED	HPA	ENSG00000163818	ENSG00000163818
LZTR1	False	ENSG00000099949	RESOLVED	HPA	ENSG00000099949	ENSG00000099949
M0R3G1_HUMAN	False		UNMAPPED	NONE		
M1AP	False	ENSG00000159374	RESOLVED	HPA	ENSG00000159374	ENSG00000159374
MAB21L2	False	ENSG00000181541	RESOLVED	HPA	ENSG00000181541	ENSG00000181541
MAD2L1	False	ENSG00000164109	RESOLVED	HPA	ENSG00000164109	ENSG00000164109
MAF	False	ENSG00000178573	RESOLVED	HPA	ENSG00000178573	ENSG00000178573
MAFB	False	ENSG00000204103	RESOLVED	HPA	ENSG00000204103	ENSG00000204103
MAFF	False	ENSG00000185022	RESOLVED	HPA	ENSG00000185022	ENSG00000185022
MAFG	False	ENSG00000197063	RESOLVED	HPA	ENSG00000197063	ENSG00000197063
MAGOH	False	ENSG00000162385	RESOLVED	HPA	ENSG00000162385	ENSG00000162385
MAGOHB	False	ENSG00000111196	RESOLVED	HPA	ENSG00000111196	ENSG00000111196
MAK	True	ENSG00000111837	RESOLVED	HPA	ENSG00000111837	ENSG00000111837
MAN1B1	False	ENSG00000177239	RESOLVED	HPA	ENSG00000177239	ENSG00000177239
MAN2A1	False	ENSG00000112893	RESOLVED	HPA	ENSG00000112893	ENSG00000112893
MAN2A2	False	ENSG00000196547	RESOLVED	HPA	ENSG00000196547	ENSG00000196547
MAN2B1	False	ENSG00000104774	RESOLVED	HPA	ENSG00000104774	ENSG00000104774
MAOB	False	ENSG00000069535	RESOLVED	HPA	ENSG00000069535	ENSG00000069535
MAP1LC3A	False	ENSG00000101460	RESOLVED	HPA	ENSG00000101460	ENSG00000101460
MAP1LC3B	False	ENSG00000140941	RESOLVED	HPA	ENSG00000140941	ENSG00000140941
MAP2K1	False	ENSG00000169032	RESOLVED	HPA	ENSG00000169032	ENSG00000169032
MAP2K2	False	ENSG00000126934	RESOLVED	HPA	ENSG00000126934	ENSG00000126934
MAP3K1	False	ENSG00000095015	RESOLVED	HPA	ENSG00000095015	ENSG00000095015
MAP3K5	False	ENSG00000197442	RESOLVED	HPA	ENSG00000197442	ENSG00000197442
MAPK1	False	ENSG00000100030	RESOLVED	HPA	ENSG00000100030	ENSG00000100030
MAPK3	False	ENSG00000102882	RESOLVED	HPA	ENSG00000102882	ENSG00000102882
MAPK8	False	ENSG00000107643	RESOLVED	HPA	ENSG00000107643	ENSG00000107643
MAPK9	False	ENSG00000050748	RESOLVED	HPA	ENSG00000050748	ENSG00000050748
MAPRE1	False	ENSG00000101367	RESOLVED	HPA	ENSG00000101367	ENSG00000101367
MAPRE3	False	ENSG00000084764	RESOLVED	HPA	ENSG00000084764	ENSG00000084764
MARK4	False	ENSG00000007047	RESOLVED	HPA	ENSG00000007047	ENSG00000007047
MARS1	False	ENSG00000166986	RESOLVED	HPA	ENSG00000166986	
MAT1A	False	ENSG00000151224	RESOLVED	HPA	ENSG00000151224	ENSG00000151224
MATR3	False	ENSG00000015479	RESOLVED	STRING_PROTEIN_ID_VERIFIED	ENSG00000015479; ENSG00000280987	ENSG00000015479
MATR3-2	False		UNMAPPED	NONE		
MAVS	False	ENSG00000088888	RESOLVED	HPA	ENSG00000088888	ENSG00000088888
MAX	False	ENSG00000125952	RESOLVED	HPA	ENSG00000125952	ENSG00000125952
MB	False	ENSG00000198125	RESOLVED	HPA	ENSG00000198125	ENSG00000198125
MBNL1	False	ENSG00000152601	RESOLVED	HPA	ENSG00000152601	ENSG00000152601
MBTPS1	False	ENSG00000140943	RESOLVED	HPA	ENSG00000140943	ENSG00000140943
MBTPS2	False	ENSG00000012174	RESOLVED	HPA	ENSG00000012174	ENSG00000012174
MC1R	False	ENSG00000258839	RESOLVED	HPA	ENSG00000258839	ENSG00000258839
MC2R	False	ENSG00000185231	RESOLVED	HPA	ENSG00000185231	ENSG00000185231
MC4R	False	ENSG00000166603	RESOLVED	HPA	ENSG00000166603	ENSG00000166603
MC5R	False	ENSG00000176136	RESOLVED	HPA	ENSG00000176136	ENSG00000176136
MCAM	False	ENSG00000076706	RESOLVED	HPA	ENSG00000076706	ENSG00000076706
MCAT	False	ENSG00000100294	RESOLVED	HPA	ENSG00000100294	ENSG00000100294
MCF2	False	ENSG00000101977	RESOLVED	HPA	ENSG00000101977	ENSG00000101977
MCHR1	False	ENSG00000128285	RESOLVED	HPA	ENSG00000128285	ENSG00000128285
MCM2	False	ENSG00000073111	RESOLVED	HPA	ENSG00000073111	ENSG00000073111
MCM3	False	ENSG00000112118	RESOLVED	HPA	ENSG00000112118	ENSG00000112118
MCM4	False	ENSG00000104738	RESOLVED	HPA	ENSG00000104738	ENSG00000104738
MCM5	False	ENSG00000100297	RESOLVED	HPA	ENSG00000100297	ENSG00000100297
MCM6	False	ENSG00000076003	RESOLVED	HPA	ENSG00000076003	ENSG00000076003
MCM7	False	ENSG00000166508	RESOLVED	HPA	ENSG00000166508	ENSG00000166508
MCM8	False	ENSG00000125885	RESOLVED	HPA	ENSG00000125885	ENSG00000125885
MCM8-2	False		UNMAPPED	NONE		
MCM9	False	ENSG00000111877	RESOLVED	HPA	ENSG00000111877	ENSG00000111877
MCMDC2	False	ENSG00000178460	RESOLVED	HPA	ENSG00000178460	ENSG00000178460
MCOLN1	False	ENSG00000090674	RESOLVED	HPA	ENSG00000090674	ENSG00000090674
MCPH1	False	ENSG00000147316	RESOLVED	HPA	ENSG00000147316	ENSG00000147316
MCRS1	False	ENSG00000187778	RESOLVED	HPA	ENSG00000187778	ENSG00000187778
MDFI	False	ENSG00000112559	RESOLVED	HPA	ENSG00000112559	ENSG00000112559
MDGA1	False	ENSG00000112139	RESOLVED	HPA	ENSG00000112139	ENSG00000112139
MDH1B	False	ENSG00000138400	RESOLVED	HPA	ENSG00000138400	ENSG00000138400
MDH2	False	ENSG00000146701	RESOLVED	HPA	ENSG00000146701	ENSG00000146701
MDM2	False	ENSG00000135679	RESOLVED	HPA	ENSG00000135679	ENSG00000135679
ME2	False	ENSG00000082212	RESOLVED	HPA	ENSG00000082212	ENSG00000082212
MECP2	False	ENSG00000169057	RESOLVED	HPA	ENSG00000169057	ENSG00000169057
MED1	False	ENSG00000125686	RESOLVED	HPA	ENSG00000125686	ENSG00000125686
MED16	False	ENSG00000175221	RESOLVED	HPA	ENSG00000175221	ENSG00000175221
MED19	False	ENSG00000156603	RESOLVED	HPA	ENSG00000156603	ENSG00000156603
MED24	False	ENSG00000008838	RESOLVED	HPA	ENSG00000008838	ENSG00000008838
MEF2D	False	ENSG00000116604	RESOLVED	HPA	ENSG00000116604	ENSG00000116604
MEFV	False	ENSG00000103313	RESOLVED	HPA	ENSG00000103313	ENSG00000103313
MEGF10	False	ENSG00000145794	RESOLVED	HPA	ENSG00000145794	ENSG00000145794
MEMO1	False	ENSG00000162959	RESOLVED	HPA	ENSG00000162959	ENSG00000162959
MEN1	False	ENSG00000133895	RESOLVED	HPA	ENSG00000133895	ENSG00000133895
MEPCE	False	ENSG00000146834	RESOLVED	HPA	ENSG00000146834	ENSG00000146834
MERTK	True	ENSG00000153208	RESOLVED	HPA	ENSG00000153208	ENSG00000153208
METAP1	False	ENSG00000164024	RESOLVED	HPA	ENSG00000164024	ENSG00000164024
METAP2	False	ENSG00000111142	RESOLVED	HPA	ENSG00000111142	ENSG00000111142
METTL16	False	ENSG00000127804	RESOLVED	HPA	ENSG00000127804	ENSG00000127804
METTL6	False	ENSG00000206562	RESOLVED	HPA	ENSG00000206562	ENSG00000206562
MEX3C	False	ENSG00000176624	RESOLVED	HPA	ENSG00000176624	ENSG00000176624
MFAP1	False	ENSG00000140259	RESOLVED	HPA	ENSG00000140259	ENSG00000140259
MFF	False	ENSG00000168958	RESOLVED	HPA	ENSG00000168958	ENSG00000168958
MFGE8	False	ENSG00000140545	RESOLVED	HPA	ENSG00000140545	ENSG00000140545
MFHAS1	False	ENSG00000147324	RESOLVED	HPA	ENSG00000147324	ENSG00000147324
MFRP	False	ENSG00000235718	RESOLVED	HPA	ENSG00000235718	ENSG00000235718
MFSD11	False	ENSG00000092931	RESOLVED	HPA	ENSG00000092931	ENSG00000092931
MFSD13A	False	ENSG00000138111	RESOLVED	HPA	ENSG00000138111	ENSG00000138111
MFSD14B	False	ENSG00000148110	RESOLVED	HPA	ENSG00000148110	ENSG00000148110
MFSD5	False	ENSG00000182544	RESOLVED	HPA	ENSG00000182544	ENSG00000182544
MFSD6	False	ENSG00000151690	RESOLVED	HPA	ENSG00000151690	ENSG00000151690
MFSD8	False	ENSG00000164073	RESOLVED	HPA	ENSG00000164073	ENSG00000164073
MFSD9	False	ENSG00000135953	RESOLVED	HPA	ENSG00000135953	ENSG00000135953
MGA	False	ENSG00000174197	RESOLVED	HPA	ENSG00000174197	ENSG00000174197
MGAM	False	ENSG00000257335	RESOLVED	HPA	ENSG00000257335	ENSG00000257335
MGAM2	False	ENSG00000257743	RESOLVED	HPA	ENSG00000257743	ENSG00000257743
MGAT1	False	ENSG00000131446	RESOLVED	HPA	ENSG00000131446	ENSG00000131446
MGAT2	False	ENSG00000168282	RESOLVED	HPA	ENSG00000168282	ENSG00000168282
MGAT4A	False	ENSG00000071073	RESOLVED	HPA	ENSG00000071073	ENSG00000071073
MGAT4B	False	ENSG00000161013	RESOLVED	HPA	ENSG00000161013	ENSG00000161013
MGAT5	False	ENSG00000152127	RESOLVED	HPA	ENSG00000152127	ENSG00000152127
MGAT5B	False	ENSG00000167889	RESOLVED	HPA	ENSG00000167889	ENSG00000167889
MIB1	False	ENSG00000101752	RESOLVED	HPA	ENSG00000101752	ENSG00000101752
MICA	False	ENSG00000204520	RESOLVED	HPA	ENSG00000204520	ENSG00000204520
MICAL3	False	ENSG00000243156	RESOLVED	HPA	ENSG00000243156	ENSG00000243156
MICB	False	ENSG00000204516	RESOLVED	HPA	ENSG00000204516	ENSG00000204516
MINAR1	False	ENSG00000169330	RESOLVED	HPA	ENSG00000169330	
MINPP1	False	ENSG00000107789	RESOLVED	HPA	ENSG00000107789	ENSG00000107789
MITF	False	ENSG00000187098	RESOLVED	HPA	ENSG00000187098	ENSG00000187098
MKKS	False	ENSG00000125863	RESOLVED	STRING_PROTEIN_ID_VERIFIED	ENSG00000125863; ENSG00000285508; ENSG00000285723	ENSG00000125863
MKLN1	False	ENSG00000128585	RESOLVED	HPA	ENSG00000128585	ENSG00000128585
MKRN1	False	ENSG00000133606	RESOLVED	HPA	ENSG00000133606	ENSG00000133606
MKS1	False	ENSG00000011143	RESOLVED	HPA	ENSG00000011143	ENSG00000011143
MLLT1	False	ENSG00000130382	RESOLVED	HPA	ENSG00000130382	ENSG00000130382
MLLT3	False	ENSG00000171843	RESOLVED	HPA	ENSG00000171843	ENSG00000171843
MLLT6	False	ENSG00000275023	RESOLVED	HPA	ENSG00000275023	ENSG00000275023
MLNR	False	ENSG00000102539	RESOLVED	HPA	ENSG00000102539	ENSG00000102539
MMAB	False	ENSG00000139428	RESOLVED	HPA	ENSG00000139428	ENSG00000139428
MNS1	False	ENSG00000138587	RESOLVED	HPA	ENSG00000138587	ENSG00000138587
MOBP	False	ENSG00000168314	RESOLVED	HPA	ENSG00000168314	ENSG00000168314
MOCS1	False	ENSG00000124615	RESOLVED	HPA	ENSG00000124615	ENSG00000124615
MON2	False	ENSG00000061987	RESOLVED	HPA	ENSG00000061987	ENSG00000061987
MPDU1	False	ENSG00000129255	RESOLVED	HPA	ENSG00000129255	ENSG00000129255
MPI	False	ENSG00000178802	RESOLVED	HPA	ENSG00000178802	ENSG00000178802
MPLKIP	False	ENSG00000168303	RESOLVED	HPA	ENSG00000168303	ENSG00000168303
MPP1	False	ENSG00000130830	RESOLVED	HPA	ENSG00000130830	ENSG00000130830
MPP3	False	ENSG00000161647	RESOLVED	HPA	ENSG00000161647	ENSG00000161647
MPP4	False	ENSG00000082126	RESOLVED	HPA	ENSG00000082126	ENSG00000082126
MPP5	False	ENSG00000072415	RESOLVED	GTEx		ENSG00000072415
MPP7	False	ENSG00000150054	RESOLVED	HPA	ENSG00000150054	ENSG00000150054
MPRIP	False	ENSG00000133030	RESOLVED	HPA	ENSG00000133030	ENSG00000133030
MRAP2	False	ENSG00000135324	RESOLVED	HPA	ENSG00000135324	ENSG00000135324
MRC1	False	ENSG00000260314	RESOLVED	HPA	ENSG00000260314	ENSG00000260314
MRE11	False	ENSG00000020922	RESOLVED	HPA	ENSG00000020922	ENSG00000020922
MRPL10	False	ENSG00000159111	RESOLVED	HPA	ENSG00000159111	ENSG00000159111
MRPL11	False	ENSG00000174547	RESOLVED	HPA	ENSG00000174547	ENSG00000174547
MRPL13	False	ENSG00000172172	RESOLVED	HPA	ENSG00000172172	ENSG00000172172
MRPL15	False	ENSG00000137547	RESOLVED	HPA	ENSG00000137547	ENSG00000137547
MRPL16	False	ENSG00000166902	RESOLVED	HPA	ENSG00000166902	ENSG00000166902
MRPL17	False	ENSG00000158042	RESOLVED	HPA	ENSG00000158042	ENSG00000158042
MRPL19	False	ENSG00000115364	RESOLVED	HPA	ENSG00000115364	ENSG00000115364
MRPL2	False	ENSG00000112651	RESOLVED	HPA	ENSG00000112651	ENSG00000112651
MRPL21	False	ENSG00000197345	RESOLVED	HPA	ENSG00000197345	ENSG00000197345
MRPL22	False	ENSG00000082515	RESOLVED	HPA	ENSG00000082515	ENSG00000082515
MRPL23	False	ENSG00000214026	RESOLVED	HPA	ENSG00000214026	ENSG00000214026
MRPL27	False	ENSG00000108826	RESOLVED	HPA	ENSG00000108826	ENSG00000108826
MRPL3	False	ENSG00000114686	RESOLVED	HPA	ENSG00000114686	ENSG00000114686
MRPL30	False	ENSG00000185414	RESOLVED	HPA	ENSG00000185414	ENSG00000185414
MRPL32	False	ENSG00000106591	RESOLVED	HPA	ENSG00000106591	ENSG00000106591
MRPL33	False	ENSG00000243147	RESOLVED	HPA	ENSG00000243147	ENSG00000243147
MRPL34	False	ENSG00000130312	RESOLVED	HPA	ENSG00000130312	ENSG00000130312
MRPL36	False	ENSG00000171421	RESOLVED	HPA	ENSG00000171421	ENSG00000171421
MRPL38	False	ENSG00000204316	RESOLVED	HPA	ENSG00000204316	ENSG00000204316
MRPL4	False	ENSG00000105364	RESOLVED	HPA	ENSG00000105364	ENSG00000105364
MRPL40	False	ENSG00000185608	RESOLVED	HPA	ENSG00000185608	ENSG00000185608
MRPL41	False	ENSG00000182154	RESOLVED	HPA	ENSG00000182154	ENSG00000182154
MRPL43	False	ENSG00000055950	RESOLVED	HPA	ENSG00000055950	ENSG00000055950
MRPL44	False	ENSG00000135900	RESOLVED	HPA	ENSG00000135900	ENSG00000135900
MRPL45	False	ENSG00000278845	RESOLVED	HPA	ENSG00000278845	ENSG00000278845
MRPL46	False	ENSG00000259494	RESOLVED	HPA	ENSG00000259494	ENSG00000259494
MRPL47	False	ENSG00000136522	RESOLVED	HPA	ENSG00000136522	ENSG00000136522
MRPL49	False	ENSG00000149792	RESOLVED	HPA	ENSG00000149792	ENSG00000149792
MRPL50	False	ENSG00000136897	RESOLVED	HPA	ENSG00000136897	ENSG00000136897
MRPL51	False	ENSG00000111639	RESOLVED	HPA	ENSG00000111639	ENSG00000111639
MRPL53	False	ENSG00000204822	RESOLVED	HPA	ENSG00000204822	ENSG00000204822
MRPL54	False	ENSG00000183617	RESOLVED	HPA	ENSG00000183617	ENSG00000183617
MRPS10	False	ENSG00000048544	RESOLVED	HPA	ENSG00000048544	ENSG00000048544
MRPS11	False	ENSG00000181991	RESOLVED	HPA	ENSG00000181991	ENSG00000181991
MRPS12	False	ENSG00000128626	RESOLVED	HPA	ENSG00000128626	ENSG00000128626
MRPS14	False	ENSG00000120333	RESOLVED	HPA	ENSG00000120333	ENSG00000120333
MRPS15	False	ENSG00000116898	RESOLVED	HPA	ENSG00000116898	ENSG00000116898
MRPS16	False	ENSG00000182180	RESOLVED	HPA	ENSG00000182180	ENSG00000182180
MRPS18A	False	ENSG00000096080	RESOLVED	HPA	ENSG00000096080	ENSG00000096080
MRPS18C	False	ENSG00000163319	RESOLVED	HPA	ENSG00000163319	ENSG00000163319
MRPS2	False	ENSG00000122140	RESOLVED	HPA	ENSG00000122140	ENSG00000122140
MRPS21	False	ENSG00000266472	RESOLVED	HPA	ENSG00000266472	ENSG00000266472
MRPS25	False	ENSG00000131368	RESOLVED	HPA	ENSG00000131368	ENSG00000131368
MRPS34	False	ENSG00000074071	RESOLVED	HPA	ENSG00000074071	ENSG00000074071
MRPS35	False	ENSG00000061794	RESOLVED	HPA	ENSG00000061794	ENSG00000061794
MRPS36	False	ENSG00000134056	RESOLVED	HPA	ENSG00000134056	ENSG00000134056
MRPS5	False	ENSG00000144029	RESOLVED	HPA	ENSG00000144029	ENSG00000144029
MRPS6	False	ENSG00000243927	RESOLVED	HPA	ENSG00000243927	ENSG00000243927
MRPS9	False	ENSG00000135972	RESOLVED	HPA	ENSG00000135972	ENSG00000135972
MRRF	False	ENSG00000148187	RESOLVED	HPA	ENSG00000148187	ENSG00000148187
MRS2	False	ENSG00000124532	RESOLVED	HPA	ENSG00000124532	ENSG00000124532
MRTO4	False	ENSG00000053372	RESOLVED	HPA	ENSG00000053372	ENSG00000053372
MSL2	False	ENSG00000174579	RESOLVED	HPA	ENSG00000174579	ENSG00000174579
MSMO1	False	ENSG00000052802	RESOLVED	HPA	ENSG00000052802	ENSG00000052802
MSN	False	ENSG00000147065	RESOLVED	HPA	ENSG00000147065	ENSG00000147065
MSR1	False	ENSG00000038945	RESOLVED	HPA	ENSG00000038945	ENSG00000038945
MSRA	False	ENSG00000175806	RESOLVED	HPA	ENSG00000175806	ENSG00000175806
MT-CO1	False	ENSG00000198804	RESOLVED	HPA	ENSG00000198804	ENSG00000198804
MT-CO2	False	ENSG00000198712	RESOLVED	HPA	ENSG00000198712	ENSG00000198712
MT-CO3	False	ENSG00000198938	RESOLVED	HPA	ENSG00000198938	ENSG00000198938
MT-CYB	False	ENSG00000198727	RESOLVED	HPA	ENSG00000198727	ENSG00000198727
MT-ND1	False	ENSG00000198888	RESOLVED	HPA	ENSG00000198888	ENSG00000198888
MT-ND2	False	ENSG00000198763	RESOLVED	HPA	ENSG00000198763	ENSG00000198763
MT-ND4	False	ENSG00000198886	RESOLVED	HPA	ENSG00000198886	ENSG00000198886
MT-ND5	False	ENSG00000198786	RESOLVED	HPA	ENSG00000198786	ENSG00000198786
MTAP	False	ENSG00000099810	RESOLVED	HPA	ENSG00000099810	ENSG00000099810
MTHFD1	False	ENSG00000100714	RESOLVED	HPA	ENSG00000100714	ENSG00000100714
MTMR1	False	ENSG00000063601	RESOLVED	HPA	ENSG00000063601	ENSG00000063601
MTMR10	False	ENSG00000166912	RESOLVED	HPA	ENSG00000166912	ENSG00000166912
MTR	False	ENSG00000116984	RESOLVED	HPA	ENSG00000116984	ENSG00000116984
MTREX	False	ENSG00000039123	RESOLVED	HPA	ENSG00000039123	
MTRR	False	ENSG00000124275	RESOLVED	HPA	ENSG00000124275	ENSG00000124275
MUC13	False	ENSG00000173702	RESOLVED	HPA	ENSG00000173702	ENSG00000173702
MUC16	False	ENSG00000181143	RESOLVED	HPA	ENSG00000181143	ENSG00000181143
MUC17	False	ENSG00000169876	RESOLVED	HPA	ENSG00000169876	ENSG00000169876
MUC5B	False	ENSG00000117983	RESOLVED	HPA	ENSG00000117983	ENSG00000117983
MUC7	False	ENSG00000171195	RESOLVED	HPA	ENSG00000171195	ENSG00000171195
MVB12A	False	ENSG00000141971	RESOLVED	HPA	ENSG00000141971	ENSG00000141971
MVB12B	False	ENSG00000196814	RESOLVED	HPA	ENSG00000196814	ENSG00000196814
MVD	False	ENSG00000167508	RESOLVED	HPA	ENSG00000167508	ENSG00000167508
MVK	True	ENSG00000110921	RESOLVED	HPA	ENSG00000110921	ENSG00000110921
MX1	False	ENSG00000157601	RESOLVED	HPA	ENSG00000157601	ENSG00000157601
MXRA8	False	ENSG00000162576	RESOLVED	HPA	ENSG00000162576	ENSG00000162576
MYBBP1A	False	ENSG00000132382	RESOLVED	HPA	ENSG00000132382	ENSG00000132382
MYBL1	False	ENSG00000185697	RESOLVED	HPA	ENSG00000185697	ENSG00000185697
MYC	False	ENSG00000136997	RESOLVED	HPA	ENSG00000136997	ENSG00000136997
MYCL	False	ENSG00000116990	RESOLVED	HPA	ENSG00000116990	ENSG00000116990
MYD88	False	ENSG00000172936	RESOLVED	HPA	ENSG00000172936	ENSG00000172936
MYH9	False	ENSG00000100345	RESOLVED	HPA	ENSG00000100345	ENSG00000100345
MYL12B	False	ENSG00000118680	RESOLVED	HPA	ENSG00000118680	ENSG00000118680
MYL5	False	ENSG00000215375	RESOLVED	HPA	ENSG00000215375	ENSG00000215375
MYL9	False	ENSG00000101335	RESOLVED	HPA	ENSG00000101335	ENSG00000101335
MYO15A	False	ENSG00000091536	RESOLVED	HPA	ENSG00000091536	ENSG00000091536
MYO1E	False	ENSG00000157483	RESOLVED	HPA	ENSG00000157483	ENSG00000157483
MYO3A	False	ENSG00000095777	RESOLVED	HPA	ENSG00000095777	ENSG00000095777
MYO5A	False	ENSG00000197535	RESOLVED	HPA	ENSG00000197535	ENSG00000197535
MYO6	False	ENSG00000196586	RESOLVED	HPA	ENSG00000196586	ENSG00000196586
MYO7A	False	ENSG00000137474	RESOLVED	HPA	ENSG00000137474	ENSG00000137474
MYOC	False	ENSG00000034971	RESOLVED	HPA	ENSG00000034971	ENSG00000034971
MYOM2	False	ENSG00000036448	RESOLVED	HPA	ENSG00000036448	ENSG00000036448
MYOT	False	ENSG00000120729	RESOLVED	HPA	ENSG00000120729	ENSG00000120729
MYRF	False	ENSG00000124920	RESOLVED	HPA	ENSG00000124920	ENSG00000124920
MYRFL	False	ENSG00000166268	RESOLVED	HPA	ENSG00000166268	ENSG00000166268
MYSM1	False	ENSG00000162601	RESOLVED	HPA	ENSG00000162601	ENSG00000162601
MZT1	False	ENSG00000204899	RESOLVED	HPA	ENSG00000204899	ENSG00000204899
MZT2A	False	ENSG00000173272	RESOLVED	HPA	ENSG00000173272	ENSG00000173272
MZT2B	False	ENSG00000152082	RESOLVED	HPA	ENSG00000152082	ENSG00000152082
NAA10	False	ENSG00000102030	RESOLVED	HPA	ENSG00000102030	ENSG00000102030
NAA38	False	ENSG00000183011	RESOLVED	HPA	ENSG00000183011	ENSG00000183011
NADK	False	ENSG00000008130	RESOLVED	HPA	ENSG00000008130	ENSG00000008130
NAGK	False	ENSG00000124357	RESOLVED	HPA	ENSG00000124357	ENSG00000124357
NAGLU	False	ENSG00000108784	RESOLVED	HPA	ENSG00000108784	ENSG00000108784
NAGPA	False	ENSG00000103174	RESOLVED	HPA	ENSG00000103174	ENSG00000103174
NAGS	False	ENSG00000161653	RESOLVED	HPA	ENSG00000161653	ENSG00000161653
NAT10	False	ENSG00000135372	RESOLVED	HPA	ENSG00000135372	ENSG00000135372
NAV3	False	ENSG00000067798	RESOLVED	HPA	ENSG00000067798	ENSG00000067798
NBAS	False	ENSG00000151779	RESOLVED	HPA	ENSG00000151779	ENSG00000151779
NBPF4	False	ENSG00000196427	RESOLVED	HPA	ENSG00000196427	ENSG00000196427
NCALD	False	ENSG00000104490	RESOLVED	HPA	ENSG00000104490	ENSG00000104490
NCAN	False	ENSG00000130287	RESOLVED	HPA	ENSG00000130287	ENSG00000130287
NCBP1	False	ENSG00000136937	RESOLVED	HPA	ENSG00000136937	ENSG00000136937
NCBP2	False	ENSG00000114503	RESOLVED	HPA	ENSG00000114503	ENSG00000114503
NCBP2L	False	ENSG00000170935	RESOLVED	HPA	ENSG00000170935	ENSG00000170935
NCBP3	False	ENSG00000074356	RESOLVED	HPA	ENSG00000074356	ENSG00000074356
NCDN	False	ENSG00000020129	RESOLVED	HPA	ENSG00000020129	ENSG00000020129
NCKAP1	False	ENSG00000061676	RESOLVED	HPA	ENSG00000061676	ENSG00000061676
NCOA3	False	ENSG00000124151	RESOLVED	HPA	ENSG00000124151	ENSG00000124151
NCOA4	False	ENSG00000266412	RESOLVED	HPA	ENSG00000266412	ENSG00000266412
NCOR1	False	ENSG00000141027	RESOLVED	HPA	ENSG00000141027	ENSG00000141027
NCOR2	False	ENSG00000196498	RESOLVED	HPA	ENSG00000196498	ENSG00000196498
NCS1	False	ENSG00000107130	RESOLVED	HPA	ENSG00000107130	ENSG00000107130
NDC1	False	ENSG00000058804	RESOLVED	HPA	ENSG00000058804	ENSG00000058804
NDE1	False	ENSG00000072864	RESOLVED	HPA	ENSG00000072864	ENSG00000072864
NDEL1	False	ENSG00000166579	RESOLVED	HPA	ENSG00000166579	ENSG00000166579
NDOR1	False	ENSG00000188566	RESOLVED	HPA	ENSG00000188566	ENSG00000188566
NDP	False	ENSG00000124479	RESOLVED	HPA	ENSG00000124479	ENSG00000124479
NDUFA10	False	ENSG00000130414	RESOLVED	HPA	ENSG00000130414	ENSG00000130414
NDUFA12	False	ENSG00000184752	RESOLVED	HPA	ENSG00000184752	ENSG00000184752
NDUFA13	False	ENSG00000186010	RESOLVED	HPA	ENSG00000186010	ENSG00000186010
NDUFA2	False	ENSG00000131495	RESOLVED	HPA	ENSG00000131495	ENSG00000131495
NDUFA3	False	ENSG00000170906	RESOLVED	HPA	ENSG00000170906	ENSG00000170906
NDUFA4	False	ENSG00000189043	RESOLVED	HPA	ENSG00000189043	ENSG00000189043
NDUFA5	False	ENSG00000128609	RESOLVED	HPA	ENSG00000128609	ENSG00000128609
NDUFA8	False	ENSG00000119421	RESOLVED	HPA	ENSG00000119421	ENSG00000119421
NDUFA9	False	ENSG00000139180	RESOLVED	HPA	ENSG00000139180	ENSG00000139180
NDUFAB1	False	ENSG00000004779	RESOLVED	HPA	ENSG00000004779	ENSG00000004779
NDUFAF5	False	ENSG00000101247	RESOLVED	HPA	ENSG00000101247	ENSG00000101247
NDUFAF6	False	ENSG00000156170	RESOLVED	HPA	ENSG00000156170	ENSG00000156170
NDUFB3	False	ENSG00000119013	RESOLVED	HPA	ENSG00000119013	ENSG00000119013
NDUFB4	False	ENSG00000065518	RESOLVED	HPA	ENSG00000065518	ENSG00000065518
NDUFB7	False	ENSG00000099795	RESOLVED	HPA	ENSG00000099795	ENSG00000099795
NDUFB8	False	ENSG00000166136	RESOLVED	HPA	ENSG00000166136	ENSG00000166136
NDUFB9	False	ENSG00000147684	RESOLVED	HPA	ENSG00000147684	ENSG00000147684
NDUFS1	False	ENSG00000023228	RESOLVED	HPA	ENSG00000023228	ENSG00000023228
NDUFS2	False	ENSG00000158864	RESOLVED	HPA	ENSG00000158864	ENSG00000158864
NDUFS3	False	ENSG00000213619	RESOLVED	HPA	ENSG00000213619	ENSG00000213619
NDUFS7	False	ENSG00000115286	RESOLVED	HPA	ENSG00000115286	ENSG00000115286
NDUFS8	False	ENSG00000110717	RESOLVED	HPA	ENSG00000110717	ENSG00000110717
NDUFV1	False	ENSG00000167792	RESOLVED	HPA	ENSG00000167792	ENSG00000167792
NDUFV2	False	ENSG00000178127	RESOLVED	HPA	ENSG00000178127	ENSG00000178127
NECAP2	False	ENSG00000157191	RESOLVED	HPA	ENSG00000157191	ENSG00000157191
NECTIN3	False	ENSG00000177707	RESOLVED	HPA	ENSG00000177707	ENSG00000177707
NECTIN4	False	ENSG00000143217	RESOLVED	HPA	ENSG00000143217	ENSG00000143217
NEDD1	False	ENSG00000139350	RESOLVED	HPA	ENSG00000139350	ENSG00000139350
NEDD4	False	ENSG00000069869	RESOLVED	HPA	ENSG00000069869	ENSG00000069869
NEDD4L	False	ENSG00000049759	RESOLVED	HPA	ENSG00000049759	ENSG00000049759
NEDD8	False	ENSG00000129559	RESOLVED	HPA	ENSG00000129559	ENSG00000129559
NEFL	False	ENSG00000277586	RESOLVED	HPA	ENSG00000277586	ENSG00000277586
NEK1	False	ENSG00000137601	RESOLVED	HPA	ENSG00000137601	ENSG00000137601
NEK10	False	ENSG00000163491	RESOLVED	HPA	ENSG00000163491	ENSG00000163491
NEK11	False	ENSG00000114670	RESOLVED	HPA	ENSG00000114670	ENSG00000114670
NEK2	False	ENSG00000117650	RESOLVED	HPA	ENSG00000117650	ENSG00000117650
NEK4	False	ENSG00000114904	RESOLVED	HPA	ENSG00000114904	ENSG00000114904
NEK8	False	ENSG00000160602	RESOLVED	HPA	ENSG00000160602	ENSG00000160602
NEK9	False	ENSG00000119638	RESOLVED	HPA	ENSG00000119638	ENSG00000119638
NELFCD	False	ENSG00000101158	RESOLVED	HPA	ENSG00000101158	ENSG00000101158
NEMF	False	ENSG00000165525	RESOLVED	HPA	ENSG00000165525	ENSG00000165525
NES	False	ENSG00000132688	RESOLVED	HPA	ENSG00000132688	ENSG00000132688
NEUROD1	False	ENSG00000162992	RESOLVED	HPA	ENSG00000162992	ENSG00000162992
NEUROD4	False	ENSG00000123307	RESOLVED	HPA	ENSG00000123307	ENSG00000123307
NEUROG2	False	ENSG00000178403	RESOLVED	HPA	ENSG00000178403	ENSG00000178403
NF1	False	ENSG00000196712	RESOLVED	HPA	ENSG00000196712	ENSG00000196712
NFASC	False	ENSG00000163531	RESOLVED	HPA	ENSG00000163531	ENSG00000163531
NFE2L2	False	ENSG00000116044	RESOLVED	HPA	ENSG00000116044	ENSG00000116044
NFIL3	False	ENSG00000165030	RESOLVED	HPA	ENSG00000165030	ENSG00000165030
NFKBIA	False	ENSG00000100906	RESOLVED	HPA	ENSG00000100906	ENSG00000100906
NFXL1	False	ENSG00000170448	RESOLVED	HPA	ENSG00000170448	ENSG00000170448
NFYA	False	ENSG00000001167	RESOLVED	HPA	ENSG00000001167	ENSG00000001167
NFYB	False	ENSG00000120837	RESOLVED	HPA	ENSG00000120837	ENSG00000120837
NFYC	False	ENSG00000066136	RESOLVED	HPA	ENSG00000066136	ENSG00000066136
NHP2	False	ENSG00000145912	RESOLVED	HPA	ENSG00000145912	ENSG00000145912
NID1	False	ENSG00000116962	RESOLVED	HPA	ENSG00000116962	ENSG00000116962
NIN	False	ENSG00000100503	RESOLVED	HPA	ENSG00000100503	ENSG00000100503
NINL	False	ENSG00000101004	RESOLVED	HPA	ENSG00000101004	ENSG00000101004
NIPSNAP1	False	ENSG00000184117	RESOLVED	HPA	ENSG00000184117	ENSG00000184117
NIPSNAP2	False	ENSG00000146729	RESOLVED	HPA	ENSG00000146729	
NIT2	False	ENSG00000114021	RESOLVED	HPA	ENSG00000114021	ENSG00000114021
NKAP	False	ENSG00000101882	RESOLVED	HPA	ENSG00000101882	ENSG00000101882
NKTR	False	ENSG00000114857	RESOLVED	HPA	ENSG00000114857	ENSG00000114857
NKX2-4	False	ENSG00000125816	RESOLVED	HPA	ENSG00000125816	ENSG00000125816
NKX2-5	False	ENSG00000183072	RESOLVED	HPA	ENSG00000183072	ENSG00000183072
NKX3-1	False	ENSG00000167034	RESOLVED	HPA	ENSG00000167034	ENSG00000167034
NLRP12	False	ENSG00000142405	RESOLVED	HPA	ENSG00000142405	ENSG00000142405
NLRP3	False	ENSG00000162711	RESOLVED	HPA	ENSG00000162711	ENSG00000162711
NLRP8	False	ENSG00000179709	RESOLVED	HPA	ENSG00000179709	ENSG00000179709
NME1	False	ENSG00000239672	RESOLVED	HPA	ENSG00000239672	ENSG00000239672
NME1-NME2	False	ENSG00000011052	RESOLVED	HPA	ENSG00000011052	
NME2	False	ENSG00000243678	RESOLVED	HPA	ENSG00000243678	ENSG00000243678
NME3	False	ENSG00000103024	RESOLVED	HPA	ENSG00000103024	ENSG00000103024
NME4	False	ENSG00000103202	RESOLVED	HPA	ENSG00000103202	ENSG00000103202
NME5	False	ENSG00000112981	RESOLVED	HPA	ENSG00000112981	ENSG00000112981
NME6	False	ENSG00000172113	RESOLVED	HPA	ENSG00000172113	ENSG00000172113
NME7	False	ENSG00000143156	RESOLVED	HPA	ENSG00000143156	ENSG00000143156
NME8	False	ENSG00000086288	RESOLVED	HPA	ENSG00000086288	ENSG00000086288
NME9	False	ENSG00000181322	RESOLVED	HPA	ENSG00000181322	ENSG00000181322
NMI	False	ENSG00000123609	RESOLVED	HPA	ENSG00000123609	ENSG00000123609
NMNAT1	False	ENSG00000173614	RESOLVED	HPA	ENSG00000173614	ENSG00000173614
NMRAL1	False	ENSG00000153406	RESOLVED	HPA	ENSG00000153406	ENSG00000153406
NMT1	False	ENSG00000136448	RESOLVED	HPA	ENSG00000136448	ENSG00000136448
NMT2	False	ENSG00000152465	RESOLVED	HPA	ENSG00000152465	ENSG00000152465
NNT	False	ENSG00000112992	RESOLVED	HPA	ENSG00000112992	ENSG00000112992
NOC4L	False	ENSG00000184967	RESOLVED	HPA	ENSG00000184967	ENSG00000184967
NOD2	False	ENSG00000167207	RESOLVED	HPA	ENSG00000167207	ENSG00000167207
NOL11	False	ENSG00000130935	RESOLVED	HPA	ENSG00000130935	ENSG00000130935
NOL6	False	ENSG00000165271	RESOLVED	HPA	ENSG00000165271	ENSG00000165271
NOLC1	False	ENSG00000166197	RESOLVED	HPA	ENSG00000166197	ENSG00000166197
NOP14	False	ENSG00000087269	RESOLVED	HPA	ENSG00000087269	ENSG00000087269
NOP56	False	ENSG00000101361	RESOLVED	HPA	ENSG00000101361	ENSG00000101361
NOP58	False	ENSG00000055044	RESOLVED	HPA	ENSG00000055044	ENSG00000055044
NOP9	False	ENSG00000196943	RESOLVED	HPA	ENSG00000196943	ENSG00000196943
NPC1	False	ENSG00000141458	RESOLVED	HPA	ENSG00000141458	ENSG00000141458
NPC2	False	ENSG00000119655	RESOLVED	HPA	ENSG00000119655	ENSG00000119655
NPEPL1	False	ENSG00000215440	RESOLVED	HPA	ENSG00000215440	ENSG00000215440
NPHP1	False	ENSG00000144061	RESOLVED	HPA	ENSG00000144061	ENSG00000144061
NPHP3	False	ENSG00000113971	RESOLVED	HPA	ENSG00000113971	ENSG00000113971
NPHP4	False	ENSG00000131697	RESOLVED	HPA	ENSG00000131697	ENSG00000131697
NPHS1	False	ENSG00000161270	RESOLVED	HPA	ENSG00000161270	ENSG00000161270
NPHS2	False	ENSG00000116218	RESOLVED	HPA	ENSG00000116218	ENSG00000116218
NPLOC4	False	ENSG00000182446	RESOLVED	HPA	ENSG00000182446	ENSG00000182446
NPM1	False	ENSG00000181163	RESOLVED	HPA	ENSG00000181163	ENSG00000181163
NPPA	False	ENSG00000175206	RESOLVED	HPA	ENSG00000175206	ENSG00000175206
NPPC	False	ENSG00000163273	RESOLVED	HPA	ENSG00000163273	ENSG00000163273
NPR1	False	ENSG00000169418	RESOLVED	HPA	ENSG00000169418	ENSG00000169418
NPR2	False	ENSG00000159899	RESOLVED	HPA	ENSG00000159899	ENSG00000159899
NPR3	False	ENSG00000113389	RESOLVED	HPA	ENSG00000113389	ENSG00000113389
NPRL3	False	ENSG00000103148	RESOLVED	HPA	ENSG00000103148	ENSG00000103148
NPSR1	False	ENSG00000187258	RESOLVED	HPA	ENSG00000187258	ENSG00000187258
NPY	False	ENSG00000122585	RESOLVED	HPA	ENSG00000122585	ENSG00000122585
NPY1R	False	ENSG00000164128	RESOLVED	HPA	ENSG00000164128	ENSG00000164128
NPY2R	False	ENSG00000185149	RESOLVED	HPA	ENSG00000185149	ENSG00000185149
NR0B2	False	ENSG00000131910	RESOLVED	HPA	ENSG00000131910	ENSG00000131910
NR1D1	False	ENSG00000126368	RESOLVED	HPA	ENSG00000126368	ENSG00000126368
NR2C1	False	ENSG00000120798	RESOLVED	HPA	ENSG00000120798	ENSG00000120798
NR2C2	False	ENSG00000177463	RESOLVED	HPA	ENSG00000177463	ENSG00000177463
NR2E1	False	ENSG00000112333	RESOLVED	HPA	ENSG00000112333	ENSG00000112333
NR2E3	True	ENSG00000278570	RESOLVED	HPA	ENSG00000278570	ENSG00000278570
NRAS	False	ENSG00000213281	RESOLVED	HPA	ENSG00000213281	ENSG00000213281
NRBP1	False	ENSG00000115216	RESOLVED	HPA	ENSG00000115216	ENSG00000115216
NRDE2	False	ENSG00000119720	RESOLVED	HPA	ENSG00000119720	ENSG00000119720
NRL	True	ENSG00000129535	RESOLVED	HPA	ENSG00000129535	ENSG00000129535
NRSN2	False	ENSG00000125841	RESOLVED	HPA	ENSG00000125841	ENSG00000125841
NRXN1	False	ENSG00000179915	RESOLVED	HPA	ENSG00000179915	ENSG00000179915
NRXN2	False	ENSG00000110076	RESOLVED	HPA	ENSG00000110076	ENSG00000110076
NSDHL	False	ENSG00000147383	RESOLVED	HPA	ENSG00000147383	ENSG00000147383
NSFL1C	False	ENSG00000088833	RESOLVED	HPA	ENSG00000088833	ENSG00000088833
NT5C	False	ENSG00000125458	RESOLVED	HPA	ENSG00000125458	ENSG00000125458
NT5C1A	False	ENSG00000116981	RESOLVED	HPA	ENSG00000116981	ENSG00000116981
NT5C1B	False	ENSG00000185013	RESOLVED	HPA	ENSG00000185013	ENSG00000185013
NT5C1B-RDH14	False	ENSG00000250741	RESOLVED	HPA	ENSG00000250741	
NT5C2	False	ENSG00000076685	RESOLVED	HPA	ENSG00000076685	ENSG00000076685
NT5C3A	False	ENSG00000122643	RESOLVED	HPA	ENSG00000122643	ENSG00000122643
NT5C3B	False	ENSG00000141698	RESOLVED	HPA	ENSG00000141698	ENSG00000141698
NT5E	False	ENSG00000135318	RESOLVED	HPA	ENSG00000135318	ENSG00000135318
NT5M	False	ENSG00000205309	RESOLVED	HPA	ENSG00000205309	ENSG00000205309
NTN5	False	ENSG00000142233	RESOLVED	HPA	ENSG00000142233	ENSG00000142233
NTPCR	False	ENSG00000135778	RESOLVED	HPA	ENSG00000135778	ENSG00000135778
NTRK2	False	ENSG00000148053	RESOLVED	HPA	ENSG00000148053	ENSG00000148053
NTS	False	ENSG00000133636	RESOLVED	HPA	ENSG00000133636	ENSG00000133636
NTSR1	False	ENSG00000101188	RESOLVED	HPA	ENSG00000101188	ENSG00000101188
NTSR2	False	ENSG00000169006	RESOLVED	HPA	ENSG00000169006	ENSG00000169006
NUB1	False	ENSG00000013374	RESOLVED	HPA	ENSG00000013374	ENSG00000013374
NUBPL	False	ENSG00000151413	RESOLVED	HPA	ENSG00000151413	ENSG00000151413
NUDCD1	False	ENSG00000120526	RESOLVED	HPA	ENSG00000120526	ENSG00000120526
NUDCD2	False	ENSG00000170584	RESOLVED	HPA	ENSG00000170584	ENSG00000170584
NUDCD3	False	ENSG00000015676	RESOLVED	HPA	ENSG00000015676	ENSG00000015676
NUDT13	False	ENSG00000166321	RESOLVED	HPA	ENSG00000166321	ENSG00000166321
NUDT16	False	ENSG00000198585	RESOLVED	HPA	ENSG00000198585	ENSG00000198585
NUDT2	False	ENSG00000164978	RESOLVED	HPA	ENSG00000164978	ENSG00000164978
NUDT21	False	ENSG00000167005	RESOLVED	HPA	ENSG00000167005	ENSG00000167005
NUDT5	False	ENSG00000165609	RESOLVED	HPA	ENSG00000165609	ENSG00000165609
NUFIP1	False	ENSG00000083635	RESOLVED	HPA	ENSG00000083635	ENSG00000083635
NUFIP2	False	ENSG00000108256	RESOLVED	HPA	ENSG00000108256	ENSG00000108256
NUMBL	False	ENSG00000105245	RESOLVED	HPA	ENSG00000105245	ENSG00000105245
NUP107	False	ENSG00000111581	RESOLVED	HPA	ENSG00000111581	ENSG00000111581
NUP133	False	ENSG00000069248	RESOLVED	HPA	ENSG00000069248	ENSG00000069248
NUP153	False	ENSG00000124789	RESOLVED	HPA	ENSG00000124789	ENSG00000124789
NUP155	False	ENSG00000113569	RESOLVED	HPA	ENSG00000113569	ENSG00000113569
NUP160	False	ENSG00000030066	RESOLVED	HPA	ENSG00000030066	ENSG00000030066
NUP188	False	ENSG00000095319	RESOLVED	HPA	ENSG00000095319	ENSG00000095319
NUP205	False	ENSG00000155561	RESOLVED	HPA	ENSG00000155561	ENSG00000155561
NUP210	False	ENSG00000132182	RESOLVED	HPA	ENSG00000132182	ENSG00000132182
NUP214	False	ENSG00000126883	RESOLVED	HPA	ENSG00000126883	ENSG00000126883
NUP35	False	ENSG00000163002	RESOLVED	HPA	ENSG00000163002	ENSG00000163002
NUP37	False	ENSG00000075188	RESOLVED	HPA	ENSG00000075188	ENSG00000075188
NUP42	False	ENSG00000136243	RESOLVED	HPA	ENSG00000136243	
NUP43	False	ENSG00000120253	RESOLVED	HPA	ENSG00000120253	ENSG00000120253
NUP50	False	ENSG00000093000	RESOLVED	HPA	ENSG00000093000	ENSG00000093000
NUP54	False	ENSG00000138750	RESOLVED	HPA	ENSG00000138750	ENSG00000138750
NUP58	False	ENSG00000139496	RESOLVED	HPA	ENSG00000139496	ENSG00000139496
NUP62	False	ENSG00000213024	RESOLVED	HPA	ENSG00000213024	ENSG00000213024
NUP85	False	ENSG00000125450	RESOLVED	HPA	ENSG00000125450	ENSG00000125450
NUP88	False	ENSG00000108559	RESOLVED	HPA	ENSG00000108559	ENSG00000108559
NUP93	False	ENSG00000102900	RESOLVED	HPA	ENSG00000102900	ENSG00000102900
NUP98	False	ENSG00000110713	RESOLVED	HPA	ENSG00000110713	ENSG00000110713
NUS1	False	ENSG00000153989	RESOLVED	HPA	ENSG00000153989	ENSG00000153989
NUTM2B	False	ENSG00000188199	RESOLVED	HPA	ENSG00000188199	ENSG00000188199
NXF5	False	ENSG00000126952	RESOLVED	GTEx		ENSG00000126952
NXNL1	False	ENSG00000171773	RESOLVED	HPA	ENSG00000171773	ENSG00000171773
NXNL2	False	ENSG00000130045	RESOLVED	HPA	ENSG00000130045	ENSG00000130045
NYX	False	ENSG00000188937	RESOLVED	HPA	ENSG00000188937	ENSG00000188937
OAT	False	ENSG00000065154	RESOLVED	HPA	ENSG00000065154	ENSG00000065154
OCRL	False	ENSG00000122126	RESOLVED	HPA	ENSG00000122126	ENSG00000122126
ODF2	False	ENSG00000136811	RESOLVED	HPA	ENSG00000136811	ENSG00000136811
OFD1	True	ENSG00000046651	RESOLVED	HPA	ENSG00000046651	ENSG00000046651
OGDH	False	ENSG00000105953	RESOLVED	HPA	ENSG00000105953	ENSG00000105953
OGDHL	False	ENSG00000197444	RESOLVED	HPA	ENSG00000197444	ENSG00000197444
OGFOD1	False	ENSG00000087263	RESOLVED	HPA	ENSG00000087263	ENSG00000087263
OGT	False	ENSG00000147162	RESOLVED	HPA	ENSG00000147162	ENSG00000147162
OLIG2	False	ENSG00000205927	RESOLVED	HPA	ENSG00000205927	ENSG00000205927
OMP	False	ENSG00000254550	RESOLVED	HPA	ENSG00000254550	ENSG00000254550
ONECUT1	False	ENSG00000169856	RESOLVED	HPA	ENSG00000169856	ENSG00000169856
OPHN1	False	ENSG00000079482	RESOLVED	HPA	ENSG00000079482	ENSG00000079482
OPN1LW	False	ENSG00000102076	RESOLVED	HPA	ENSG00000102076	ENSG00000102076
OPN1MW	False	ENSG00000268221	RESOLVED	HPA	ENSG00000268221	ENSG00000268221
OPN1MW3	False	ENSG00000269433	RESOLVED	HPA	ENSG00000269433	ENSG00000269433
OPN1SW	False	ENSG00000128617	RESOLVED	HPA	ENSG00000128617	ENSG00000128617
OPN3	False	ENSG00000054277	RESOLVED	HPA	ENSG00000054277	ENSG00000054277
OPN4	False	ENSG00000122375	RESOLVED	HPA	ENSG00000122375	ENSG00000122375
OPN5	False	ENSG00000124818	RESOLVED	HPA	ENSG00000124818	ENSG00000124818
OPRM1	False	ENSG00000112038	RESOLVED	HPA	ENSG00000112038	ENSG00000112038
OPTC	False	ENSG00000188770	RESOLVED	HPA	ENSG00000188770	ENSG00000188770
OPTN	False	ENSG00000123240	RESOLVED	HPA	ENSG00000123240	ENSG00000123240
OR10A4	False	ENSG00000170782	RESOLVED	HPA	ENSG00000170782	ENSG00000170782
OR11H1	False	ENSG00000130538	RESOLVED	HPA	ENSG00000130538	ENSG00000130538
OR11H12	False	ENSG00000257115	RESOLVED	HPA	ENSG00000257115	ENSG00000257115
OR1G1	False	ENSG00000183024	RESOLVED	HPA	ENSG00000183024	ENSG00000183024
OR2C1	False	ENSG00000168158	RESOLVED	HPA	ENSG00000168158	ENSG00000168158
OR2M3	False	ENSG00000228198	RESOLVED	HPA	ENSG00000228198	ENSG00000228198
OR2M4	False	ENSG00000171180	RESOLVED	HPA	ENSG00000171180	ENSG00000171180
OR4E1	False	ENSG00000276240	RESOLVED	HPA	ENSG00000276240	ENSG00000276240
OR51B2	False	ENSG00000279012	RESOLVED	HPA	ENSG00000279012	ENSG00000279012
OR51F1	False	ENSG00000280021	RESOLVED	HPA	ENSG00000280021	ENSG00000280021
OR52E4	False	ENSG00000180974	RESOLVED	HPA	ENSG00000180974	ENSG00000180974
OR52L1	False	ENSG00000183313	RESOLVED	HPA	ENSG00000183313	ENSG00000183313
OR56A5	False	ENSG00000188691	RESOLVED	HPA	ENSG00000188691	ENSG00000188691
OR5B3	False	ENSG00000172769	RESOLVED	HPA	ENSG00000172769	ENSG00000172769
OR6N1	False	ENSG00000197403	RESOLVED	HPA	ENSG00000197403	ENSG00000197403
OR6N2	False	ENSG00000188340	RESOLVED	HPA	ENSG00000188340	ENSG00000188340
ORC1	False	ENSG00000085840	RESOLVED	HPA	ENSG00000085840	ENSG00000085840
ORC2	False	ENSG00000115942	RESOLVED	HPA	ENSG00000115942	ENSG00000115942
ORC3	False	ENSG00000135336	RESOLVED	HPA	ENSG00000135336	ENSG00000135336
ORC4	False	ENSG00000115947	RESOLVED	HPA	ENSG00000115947	ENSG00000115947
ORC5	False	ENSG00000164815	RESOLVED	HPA	ENSG00000164815	ENSG00000164815
OS9	False	ENSG00000135506	RESOLVED	HPA	ENSG00000135506	ENSG00000135506
OSBPL11	False	ENSG00000144909	RESOLVED	HPA	ENSG00000144909	ENSG00000144909
OSBPL6	False	ENSG00000079156	RESOLVED	HPA	ENSG00000079156	ENSG00000079156
OSTF1	False	ENSG00000134996	RESOLVED	HPA	ENSG00000134996	ENSG00000134996
OTC	False	ENSG00000036473	RESOLVED	HPA	ENSG00000036473	ENSG00000036473
OTOA	False	ENSG00000155719	RESOLVED	HPA	ENSG00000155719	ENSG00000155719
OTOF	False	ENSG00000115155	RESOLVED	HPA	ENSG00000115155	ENSG00000115155
OTOG	False	ENSG00000188162	RESOLVED	HPA	ENSG00000188162	ENSG00000188162
OTOGL	False	ENSG00000165899	RESOLVED	HPA	ENSG00000165899	ENSG00000165899
OTX1	False	ENSG00000115507	RESOLVED	HPA	ENSG00000115507	ENSG00000115507
OTX2	False	ENSG00000165588	RESOLVED	HPA	ENSG00000165588	ENSG00000165588
OXSM	False	ENSG00000151093	RESOLVED	HPA	ENSG00000151093	ENSG00000151093
OXT	False	ENSG00000101405	RESOLVED	HPA	ENSG00000101405	ENSG00000101405
OXTR	False	ENSG00000180914	RESOLVED	HPA	ENSG00000180914	ENSG00000180914
P2RX4	False	ENSG00000135124	RESOLVED	HPA	ENSG00000135124	ENSG00000135124
P2RY12	False	ENSG00000169313	RESOLVED	HPA	ENSG00000169313	ENSG00000169313
P3H3	False	ENSG00000110811	RESOLVED	HPA	ENSG00000110811	ENSG00000110811
PA2G4	False	ENSG00000170515	RESOLVED	HPA	ENSG00000170515	ENSG00000170515
PABPC1	False	ENSG00000070756	RESOLVED	HPA	ENSG00000070756	ENSG00000070756
PABPC3	False	ENSG00000151846	RESOLVED	HPA	ENSG00000151846	ENSG00000151846
PABPN1	False	ENSG00000100836	RESOLVED	HPA	ENSG00000100836	ENSG00000100836
PACRG	False	ENSG00000112530	RESOLVED	HPA	ENSG00000112530	ENSG00000112530
PACRGL	False	ENSG00000163138	RESOLVED	HPA	ENSG00000163138	ENSG00000163138
PAFAH1B1	False	ENSG00000007168	RESOLVED	HPA	ENSG00000007168	ENSG00000007168
PAFAH1B2	False	ENSG00000168092	RESOLVED	HPA	ENSG00000168092	ENSG00000168092
PAICS	False	ENSG00000128050	RESOLVED	HPA	ENSG00000128050	ENSG00000128050
PAK1	False	ENSG00000149269	RESOLVED	HPA	ENSG00000149269	ENSG00000149269
PAK2	False	ENSG00000180370	RESOLVED	HPA	ENSG00000180370	ENSG00000180370
PAK3	False	ENSG00000077264	RESOLVED	HPA	ENSG00000077264	ENSG00000077264
PAK4	False	ENSG00000130669	RESOLVED	HPA	ENSG00000130669	ENSG00000130669
PAK5	False	ENSG00000101349	RESOLVED	HPA	ENSG00000101349	ENSG00000101349
PAK6	False	ENSG00000137843	RESOLVED	HPA	ENSG00000137843	ENSG00000137843
PALM3	False	ENSG00000187867	RESOLVED	HPA	ENSG00000187867	ENSG00000187867
PAM16	False	ENSG00000217930	RESOLVED	HPA	ENSG00000217930	ENSG00000217930
PAPOLA	False	ENSG00000090060	RESOLVED	HPA	ENSG00000090060	ENSG00000090060
PAPSS1	False	ENSG00000138801	RESOLVED	HPA	ENSG00000138801	ENSG00000138801
PAQR4	False	ENSG00000162073	RESOLVED	HPA	ENSG00000162073	ENSG00000162073
PARD3	False	ENSG00000148498	RESOLVED	HPA	ENSG00000148498	ENSG00000148498
PARD6A	False	ENSG00000102981	RESOLVED	HPA	ENSG00000102981	ENSG00000102981
PARK7	False	ENSG00000116288	RESOLVED	HPA	ENSG00000116288	ENSG00000116288
PARS2	False	ENSG00000162396	RESOLVED	HPA	ENSG00000162396	ENSG00000162396
PATJ	False	ENSG00000132849	RESOLVED	HPA	ENSG00000132849	ENSG00000132849
PATL1	False	ENSG00000166889	RESOLVED	HPA	ENSG00000166889	ENSG00000166889
PAX3	False	ENSG00000135903	RESOLVED	HPA	ENSG00000135903	ENSG00000135903
PAX4	False	ENSG00000106331	RESOLVED	HPA	ENSG00000106331	ENSG00000106331
PAX6	False	ENSG00000007372	RESOLVED	HPA	ENSG00000007372	ENSG00000007372
PAXX	False	ENSG00000148362	RESOLVED	HPA	ENSG00000148362	
PC	False	ENSG00000173599	RESOLVED	HPA	ENSG00000173599	ENSG00000173599
PCARE	True	ENSG00000179270	RESOLVED	HPA	ENSG00000179270	
PCBP1	False	ENSG00000169564	RESOLVED	HPA	ENSG00000169564	ENSG00000169564
PCBP2	False	ENSG00000197111	RESOLVED	HPA	ENSG00000197111	ENSG00000197111
PCDH15	False	ENSG00000150275	RESOLVED	HPA	ENSG00000150275	ENSG00000150275
PCDH9	False	ENSG00000184226	RESOLVED	HPA	ENSG00000184226	ENSG00000184226
PCF11	False	ENSG00000165494	RESOLVED	HPA	ENSG00000165494	ENSG00000165494
PCGF1	False	ENSG00000115289	RESOLVED	HPA	ENSG00000115289	ENSG00000115289
PCGF2	False	ENSG00000277258	RESOLVED	HPA	ENSG00000277258	ENSG00000277258
PCGF3	False	ENSG00000185619	RESOLVED	HPA	ENSG00000185619	ENSG00000185619
PCGF5	False	ENSG00000180628	RESOLVED	HPA	ENSG00000180628	ENSG00000180628
PCGF6	False	ENSG00000156374	RESOLVED	HPA	ENSG00000156374	ENSG00000156374
PCK2	False	ENSG00000100889	RESOLVED	HPA	ENSG00000100889	ENSG00000100889
PCLO	False	ENSG00000186472	RESOLVED	HPA	ENSG00000186472	ENSG00000186472
PCM1	False	ENSG00000078674	RESOLVED	HPA	ENSG00000078674	ENSG00000078674
PCNT	False	ENSG00000160299	RESOLVED	HPA	ENSG00000160299	ENSG00000160299
PCSK2	False	ENSG00000125851	RESOLVED	HPA	ENSG00000125851	ENSG00000125851
PCSK5	False	ENSG00000099139	RESOLVED	HPA	ENSG00000099139	ENSG00000099139
PDC	False	ENSG00000116703	RESOLVED	HPA	ENSG00000116703	ENSG00000116703
PDCD11	False	ENSG00000148843	RESOLVED	HPA	ENSG00000148843	ENSG00000148843
PDCD6	False	ENSG00000249915	RESOLVED	HPA	ENSG00000249915	ENSG00000249915
PDE10A	False	ENSG00000112541	RESOLVED	HPA	ENSG00000112541	ENSG00000112541
PDE11A	False	ENSG00000128655	RESOLVED	HPA	ENSG00000128655	ENSG00000128655
PDE1A	False	ENSG00000115252	RESOLVED	HPA	ENSG00000115252	ENSG00000115252
PDE1B	False	ENSG00000123360	RESOLVED	HPA	ENSG00000123360	ENSG00000123360
PDE1C	False	ENSG00000154678	RESOLVED	HPA	ENSG00000154678	ENSG00000154678
PDE2A	False	ENSG00000186642	RESOLVED	HPA	ENSG00000186642	ENSG00000186642
PDE3A	False	ENSG00000172572	RESOLVED	HPA	ENSG00000172572	ENSG00000172572
PDE3B	False	ENSG00000152270	RESOLVED	HPA	ENSG00000152270	ENSG00000152270
PDE4A	False	ENSG00000065989	RESOLVED	HPA	ENSG00000065989	ENSG00000065989
PDE4B	False	ENSG00000184588	RESOLVED	HPA	ENSG00000184588	ENSG00000184588
PDE5A	False	ENSG00000138735	RESOLVED	HPA	ENSG00000138735	ENSG00000138735
PDE6A	True	ENSG00000132915	RESOLVED	HPA	ENSG00000132915	ENSG00000132915
PDE6B	True	ENSG00000133256	RESOLVED	HPA	ENSG00000133256	ENSG00000133256
PDE6C	False	ENSG00000095464	RESOLVED	HPA	ENSG00000095464	ENSG00000095464
PDE6D	False	ENSG00000156973	RESOLVED	HPA	ENSG00000156973	ENSG00000156973
PDE6G	True	ENSG00000185527	RESOLVED	HPA	ENSG00000185527	ENSG00000185527
PDE6H	False	ENSG00000139053	RESOLVED	HPA	ENSG00000139053	ENSG00000139053
PDE7B	False	ENSG00000171408	RESOLVED	HPA	ENSG00000171408	ENSG00000171408
PDE9A	False	ENSG00000160191	RESOLVED	HPA	ENSG00000160191	ENSG00000160191
PDGFC	False	ENSG00000145431	RESOLVED	HPA	ENSG00000145431	ENSG00000145431
PDGFRB	False	ENSG00000113721	RESOLVED	HPA	ENSG00000113721	ENSG00000113721
PDHA1	False	ENSG00000131828	RESOLVED	HPA	ENSG00000131828	ENSG00000131828
PDHA2	False	ENSG00000163114	RESOLVED	HPA	ENSG00000163114	ENSG00000163114
PDHB	False	ENSG00000168291	RESOLVED	HPA	ENSG00000168291	ENSG00000168291
PDHX	False	ENSG00000110435	RESOLVED	HPA	ENSG00000110435	ENSG00000110435
PDK1	False	ENSG00000152256	RESOLVED	HPA	ENSG00000152256	ENSG00000152256
PDK4	False	ENSG00000004799	RESOLVED	HPA	ENSG00000004799	ENSG00000004799
PDS5A	False	ENSG00000121892	RESOLVED	HPA	ENSG00000121892	ENSG00000121892
PDS5B	False	ENSG00000083642	RESOLVED	HPA	ENSG00000083642	ENSG00000083642
PDSS1	True	ENSG00000148459	RESOLVED	HPA	ENSG00000148459	ENSG00000148459
PDSS2	False	ENSG00000164494	RESOLVED	HPA	ENSG00000164494	ENSG00000164494
PDYN	False	ENSG00000101327	RESOLVED	HPA	ENSG00000101327	ENSG00000101327
PDZD4	False	ENSG00000067840	RESOLVED	HPA	ENSG00000067840	ENSG00000067840
PDZD7	False	ENSG00000186862	RESOLVED	HPA	ENSG00000186862	ENSG00000186862
PEBP1	False	ENSG00000089220	RESOLVED	HPA	ENSG00000089220	ENSG00000089220
PEBP4	False	ENSG00000134020	RESOLVED	HPA	ENSG00000134020	ENSG00000134020
PEF1	False	ENSG00000162517	RESOLVED	HPA	ENSG00000162517	ENSG00000162517
PELO	False	ENSG00000152684	RESOLVED	HPA	ENSG00000152684	ENSG00000152684
PELP1	False	ENSG00000141456	RESOLVED	HPA	ENSG00000141456	ENSG00000141456
PER2	False	ENSG00000132326	RESOLVED	HPA	ENSG00000132326	ENSG00000132326
PES1	False	ENSG00000100029	RESOLVED	HPA	ENSG00000100029	ENSG00000100029
PET100	False	ENSG00000229833	RESOLVED	HPA	ENSG00000229833	ENSG00000229833
PEX19	False	ENSG00000162735	RESOLVED	HPA	ENSG00000162735	ENSG00000162735
PFDN1	False	ENSG00000113068	RESOLVED	HPA	ENSG00000113068	ENSG00000113068
PFDN5	False	ENSG00000123349	RESOLVED	HPA	ENSG00000123349	ENSG00000123349
PFKFB1	False	ENSG00000158571	RESOLVED	HPA	ENSG00000158571	ENSG00000158571
PFKFB2	False	ENSG00000123836	RESOLVED	HPA	ENSG00000123836	ENSG00000123836
PFKFB3	False	ENSG00000170525	RESOLVED	HPA	ENSG00000170525	ENSG00000170525
PFKFB4	False	ENSG00000114268	RESOLVED	HPA	ENSG00000114268	ENSG00000114268
PFKL	False	ENSG00000141959	RESOLVED	HPA	ENSG00000141959	ENSG00000141959
PFKM	False	ENSG00000152556	RESOLVED	HPA	ENSG00000152556	ENSG00000152556
PFKP	False	ENSG00000067057	RESOLVED	HPA	ENSG00000067057	ENSG00000067057
PFN1	False	ENSG00000108518	RESOLVED	HPA	ENSG00000108518	ENSG00000108518
PFN2	False	ENSG00000070087	RESOLVED	HPA	ENSG00000070087	ENSG00000070087
PGAM1	False	ENSG00000171314	RESOLVED	HPA	ENSG00000171314	ENSG00000171314
PGAM2	False	ENSG00000164708	RESOLVED	HPA	ENSG00000164708	
PGAM4	False	ENSG00000226784	RESOLVED	HPA	ENSG00000226784	ENSG00000226784
PGD	False	ENSG00000142657	RESOLVED	HPA	ENSG00000142657	ENSG00000142657
PGK1	False	ENSG00000102144	RESOLVED	HPA	ENSG00000102144	ENSG00000102144
PGK2	False	ENSG00000170950	RESOLVED	HPA	ENSG00000170950	ENSG00000170950
PGM1	False	ENSG00000079739	RESOLVED	HPA	ENSG00000079739	ENSG00000079739
PGM2	False	ENSG00000169299	RESOLVED	HPA	ENSG00000169299	ENSG00000169299
PGM3	False	ENSG00000013375	RESOLVED	HPA	ENSG00000013375	ENSG00000013375
PGM5	False	ENSG00000154330	RESOLVED	HPA	ENSG00000154330	ENSG00000154330
PGR	False	ENSG00000082175	RESOLVED	HPA	ENSG00000082175	ENSG00000082175
PHACTR2	False	ENSG00000112419	RESOLVED	HPA	ENSG00000112419	ENSG00000112419
PHB	False	ENSG00000167085	RESOLVED	GTEx		ENSG00000167085
PHC1	False	ENSG00000111752	RESOLVED	HPA	ENSG00000111752	ENSG00000111752
PHC2	False	ENSG00000134686	RESOLVED	HPA	ENSG00000134686	ENSG00000134686
PHC3	False	ENSG00000173889	RESOLVED	HPA	ENSG00000173889	ENSG00000173889
PHF11	False	ENSG00000136147	RESOLVED	HPA	ENSG00000136147	ENSG00000136147
PHF20	False	ENSG00000025293	RESOLVED	HPA	ENSG00000025293	ENSG00000025293
PHF5A	False	ENSG00000100410	RESOLVED	HPA	ENSG00000100410	ENSG00000100410
PHF6	False	ENSG00000156531	RESOLVED	HPA	ENSG00000156531	ENSG00000156531
PHGDH	False	ENSG00000092621	RESOLVED	HPA	ENSG00000092621	ENSG00000092621
PHIP	False	ENSG00000146247	RESOLVED	HPA	ENSG00000146247	ENSG00000146247
PI15	False	ENSG00000137558	RESOLVED	HPA	ENSG00000137558	ENSG00000137558
PI4K2A	False	ENSG00000155252	RESOLVED	HPA	ENSG00000155252	ENSG00000155252
PI4K2B	False	ENSG00000038210	RESOLVED	HPA	ENSG00000038210	ENSG00000038210
PI4KA	False	ENSG00000241973	RESOLVED	HPA	ENSG00000241973	ENSG00000241973
PI4KB	False	ENSG00000143393	RESOLVED	HPA	ENSG00000143393	ENSG00000143393
PIAS1	False	ENSG00000033800	RESOLVED	HPA	ENSG00000033800	ENSG00000033800
PIAS2	False	ENSG00000078043	RESOLVED	HPA	ENSG00000078043	ENSG00000078043
PIAS3	False	ENSG00000131788	RESOLVED	HPA	ENSG00000131788	ENSG00000131788
PIAS4	False	ENSG00000105229	RESOLVED	HPA	ENSG00000105229	ENSG00000105229
PIBF1	False	ENSG00000083535	RESOLVED	HPA	ENSG00000083535	ENSG00000083535
PIFO	False	ENSG00000173947	RESOLVED	HPA	ENSG00000173947	ENSG00000173947
PIGBOS1	False	ENSG00000225973	RESOLVED	HPA	ENSG00000225973	ENSG00000225973
PIH1D1	False	ENSG00000104872	RESOLVED	HPA	ENSG00000104872	ENSG00000104872
PIH1D3	False	ENSG00000080572	RESOLVED	GTEx		ENSG00000080572
PIK3C2A	False	ENSG00000011405	RESOLVED	HPA	ENSG00000011405	ENSG00000011405
PIK3C2B	False	ENSG00000133056	RESOLVED	HPA	ENSG00000133056	ENSG00000133056
PIK3C2G	False	ENSG00000139144	RESOLVED	HPA	ENSG00000139144	ENSG00000139144
PIK3CA	False	ENSG00000121879	RESOLVED	HPA	ENSG00000121879	ENSG00000121879
PIK3CB	False	ENSG00000051382	RESOLVED	HPA	ENSG00000051382	ENSG00000051382
PIK3CD	False	ENSG00000171608	RESOLVED	HPA	ENSG00000171608	ENSG00000171608
PIK3CG	False	ENSG00000105851	RESOLVED	HPA	ENSG00000105851	ENSG00000105851
PIK3R1	False	ENSG00000145675	RESOLVED	HPA	ENSG00000145675	ENSG00000145675
PIK3R2	False	ENSG00000105647	RESOLVED	HPA	ENSG00000105647	ENSG00000105647
PIK3R3	False	ENSG00000117461	RESOLVED	HPA	ENSG00000117461	ENSG00000117461
PIKFYVE	False	ENSG00000115020	RESOLVED	HPA	ENSG00000115020	ENSG00000115020
PIP4K2A	False	ENSG00000150867	RESOLVED	HPA	ENSG00000150867	ENSG00000150867
PIP4K2B	False	ENSG00000276293	RESOLVED	HPA	ENSG00000276293	ENSG00000276293
PIP4K2C	False	ENSG00000166908	RESOLVED	HPA	ENSG00000166908	ENSG00000166908
PIP4P1	False	ENSG00000165782	RESOLVED	HPA	ENSG00000165782	
PIP4P2	False	ENSG00000155099	RESOLVED	HPA	ENSG00000155099	
PIP5K1A	False	ENSG00000143398	RESOLVED	HPA	ENSG00000143398	ENSG00000143398
PIP5K1B	False	ENSG00000107242	RESOLVED	HPA	ENSG00000107242	ENSG00000107242
PIP5K1C	False	ENSG00000186111	RESOLVED	HPA	ENSG00000186111	ENSG00000186111
PIP5KL1	False	ENSG00000167103	RESOLVED	HPA	ENSG00000167103	ENSG00000167103
PISD	False	ENSG00000241878	RESOLVED	HPA	ENSG00000241878	ENSG00000241878
PITPNA	False	ENSG00000174238	RESOLVED	HPA	ENSG00000174238	ENSG00000174238
PITPNC1	False	ENSG00000154217	RESOLVED	HPA	ENSG00000154217	ENSG00000154217
PITPNM1	False	ENSG00000110697	RESOLVED	HPA	ENSG00000110697	ENSG00000110697
PITPNM3	False	ENSG00000091622	RESOLVED	HPA	ENSG00000091622	ENSG00000091622
PITRM1	False	ENSG00000107959	RESOLVED	HPA	ENSG00000107959	ENSG00000107959
PJVK	False	ENSG00000204311	RESOLVED	HPA	ENSG00000204311	
PKD1	False	ENSG00000008710	RESOLVED	HPA	ENSG00000008710	ENSG00000008710
PKD2	False	ENSG00000118762	RESOLVED	HPA	ENSG00000118762	ENSG00000118762
PKDCC	False	ENSG00000162878	RESOLVED	HPA	ENSG00000162878	ENSG00000162878
PKHD1	False	ENSG00000170927	RESOLVED	HPA	ENSG00000170927	ENSG00000170927
PKHD1L1	False	ENSG00000205038	RESOLVED	HPA	ENSG00000205038	ENSG00000205038
PKLR	False	ENSG00000143627	RESOLVED	HPA	ENSG00000143627	ENSG00000143627
PKM	False	ENSG00000067225	RESOLVED	HPA	ENSG00000067225	ENSG00000067225
PKP1	False	ENSG00000081277	RESOLVED	HPA	ENSG00000081277	ENSG00000081277
PLA2G6	False	ENSG00000184381	RESOLVED	HPA	ENSG00000184381	ENSG00000184381
PLAAT1	False	ENSG00000127252	RESOLVED	HPA	ENSG00000127252	
PLAAT2	False	ENSG00000133328	RESOLVED	HPA	ENSG00000133328	
PLCB1	False	ENSG00000182621	RESOLVED	HPA	ENSG00000182621	ENSG00000182621
PLCB2	False	ENSG00000137841	RESOLVED	HPA	ENSG00000137841	ENSG00000137841
PLCB3	False	ENSG00000149782	RESOLVED	HPA	ENSG00000149782	ENSG00000149782
PLCB4	False	ENSG00000101333	RESOLVED	HPA	ENSG00000101333	ENSG00000101333
PLCD1	False	ENSG00000187091	RESOLVED	HPA	ENSG00000187091	ENSG00000187091
PLCD3	False	ENSG00000161714	RESOLVED	HPA	ENSG00000161714	ENSG00000161714
PLCD4	False	ENSG00000115556	RESOLVED	HPA	ENSG00000115556	ENSG00000115556
PLCE1	False	ENSG00000138193	RESOLVED	HPA	ENSG00000138193	ENSG00000138193
PLCG1	False	ENSG00000124181	RESOLVED	HPA	ENSG00000124181	ENSG00000124181
PLCG2	False	ENSG00000197943	RESOLVED	HPA	ENSG00000197943	ENSG00000197943
PLCH1	False	ENSG00000114805	RESOLVED	HPA	ENSG00000114805	ENSG00000114805
PLCH2	False	ENSG00000149527	RESOLVED	HPA	ENSG00000149527	ENSG00000149527
PLCZ1	False	ENSG00000139151	RESOLVED	HPA	ENSG00000139151	ENSG00000139151
PLEC	False	ENSG00000178209	RESOLVED	HPA	ENSG00000178209	ENSG00000178209
PLEK	False	ENSG00000115956	RESOLVED	HPA	ENSG00000115956	ENSG00000115956
PLEKHB1	False	ENSG00000021300	RESOLVED	HPA	ENSG00000021300	ENSG00000021300
PLEKHH2	False	ENSG00000152527	RESOLVED	HPA	ENSG00000152527	ENSG00000152527
PLIN2	False	ENSG00000147872	RESOLVED	HPA	ENSG00000147872	ENSG00000147872
PLIN5	False	ENSG00000214456	RESOLVED	HPA	ENSG00000214456	ENSG00000214456
PLK1	False	ENSG00000166851	RESOLVED	HPA	ENSG00000166851	ENSG00000166851
PLK4	False	ENSG00000142731	RESOLVED	HPA	ENSG00000142731	ENSG00000142731
PLLP	False	ENSG00000102934	RESOLVED	HPA	ENSG00000102934	ENSG00000102934
PLP1	False	ENSG00000123560	RESOLVED	HPA	ENSG00000123560	ENSG00000123560
PLPP1	False	ENSG00000067113	RESOLVED	HPA	ENSG00000067113	ENSG00000067113
PLPP2	False	ENSG00000141934	RESOLVED	HPA	ENSG00000141934	ENSG00000141934
PLPP3	False	ENSG00000162407	RESOLVED	HPA	ENSG00000162407	ENSG00000162407
PLPP4	False	ENSG00000203805	RESOLVED	HPA	ENSG00000203805	ENSG00000203805
PLPP5	False	ENSG00000147535	RESOLVED	HPA	ENSG00000147535	ENSG00000147535
PLPPR1	False	ENSG00000148123	RESOLVED	HPA	ENSG00000148123	ENSG00000148123
PLPPR2	False	ENSG00000105520	RESOLVED	HPA	ENSG00000105520	ENSG00000105520
PLPPR3	False	ENSG00000129951	RESOLVED	HPA	ENSG00000129951	ENSG00000129951
PLPPR4	False	ENSG00000117600	RESOLVED	HPA	ENSG00000117600	ENSG00000117600
PLPPR5	False	ENSG00000117598	RESOLVED	HPA	ENSG00000117598	ENSG00000117598
PLRG1	False	ENSG00000171566	RESOLVED	HPA	ENSG00000171566	ENSG00000171566
PLSCR1	False	ENSG00000188313	RESOLVED	HPA	ENSG00000188313	ENSG00000188313
PLXNA1	False	ENSG00000114554	RESOLVED	HPA	ENSG00000114554	ENSG00000114554
PLXNB1	False	ENSG00000164050	RESOLVED	HPA	ENSG00000164050	ENSG00000164050
PMEL	False	ENSG00000185664	RESOLVED	HPA	ENSG00000185664	ENSG00000185664
PML	False	ENSG00000140464	RESOLVED	HPA	ENSG00000140464	ENSG00000140464
PMM1	False	ENSG00000100417	RESOLVED	HPA	ENSG00000100417	ENSG00000100417
PMM2	False	ENSG00000140650	RESOLVED	HPA	ENSG00000140650	ENSG00000140650
PMPCA	False	ENSG00000165688	RESOLVED	HPA	ENSG00000165688	ENSG00000165688
PMPCB	False	ENSG00000105819	RESOLVED	HPA	ENSG00000105819	ENSG00000105819
PMVK	False	ENSG00000163344	RESOLVED	HPA	ENSG00000163344	ENSG00000163344
PNKD	False	ENSG00000127838	RESOLVED	HPA	ENSG00000127838	ENSG00000127838
PNN	False	ENSG00000100941	RESOLVED	HPA	ENSG00000100941	ENSG00000100941
PNOC	False	ENSG00000168081	RESOLVED	HPA	ENSG00000168081	ENSG00000168081
PNP	False	ENSG00000198805	RESOLVED	HPA	ENSG00000198805	ENSG00000198805
PNPLA4	False	ENSG00000006757	RESOLVED	HPA	ENSG00000006757	ENSG00000006757
PNPT1	False	ENSG00000138035	RESOLVED	HPA	ENSG00000138035	ENSG00000138035
POC1A	False	ENSG00000164087	RESOLVED	HPA	ENSG00000164087	ENSG00000164087
POC1B	False	ENSG00000139323	RESOLVED	HPA	ENSG00000139323	ENSG00000139323
POC5	False	ENSG00000152359	RESOLVED	HPA	ENSG00000152359	ENSG00000152359
POLDIP2	False	ENSG00000004142	RESOLVED	HPA	ENSG00000004142	ENSG00000004142
POLDIP3	False	ENSG00000100227	RESOLVED	HPA	ENSG00000100227	ENSG00000100227
POLG	False	ENSG00000140521	RESOLVED	HPA	ENSG00000140521	ENSG00000140521
POLR1B	False	ENSG00000125630	RESOLVED	HPA	ENSG00000125630	ENSG00000125630
POLR2A	False	ENSG00000181222	RESOLVED	HPA	ENSG00000181222	ENSG00000181222
POLR2B	False	ENSG00000047315	RESOLVED	HPA	ENSG00000047315	ENSG00000047315
POLR2C	False	ENSG00000102978	RESOLVED	HPA	ENSG00000102978	ENSG00000102978
POLR3B	False	ENSG00000013503	RESOLVED	HPA	ENSG00000013503	ENSG00000013503
POLR3F	False	ENSG00000132664	RESOLVED	HPA	ENSG00000132664	ENSG00000132664
POLRMT	False	ENSG00000099821	RESOLVED	HPA	ENSG00000099821	ENSG00000099821
POM121	False	ENSG00000196313	RESOLVED	HPA	ENSG00000196313	ENSG00000196313
POM121C	False	ENSG00000272391	RESOLVED	HPA	ENSG00000272391	ENSG00000272391
POMC	False	ENSG00000115138	RESOLVED	HPA	ENSG00000115138	ENSG00000115138
POMGNT1	True	ENSG00000085998	RESOLVED	HPA	ENSG00000085998	ENSG00000085998
POMGNT2	False	ENSG00000144647	RESOLVED	HPA	ENSG00000144647	ENSG00000144647
POMK	False	ENSG00000185900	RESOLVED	HPA	ENSG00000185900	ENSG00000185900
POMT1	False	ENSG00000130714	RESOLVED	HPA	ENSG00000130714	ENSG00000130714
POMT2	False	ENSG00000009830	RESOLVED	HPA	ENSG00000009830	ENSG00000009830
POR	False	ENSG00000127948	RESOLVED	HPA	ENSG00000127948	ENSG00000127948
POT1	False	ENSG00000128513	RESOLVED	HPA	ENSG00000128513	ENSG00000128513
POTEE	False	ENSG00000188219	RESOLVED	HPA	ENSG00000188219	ENSG00000188219
POU2F1	False	ENSG00000143190	RESOLVED	HPA	ENSG00000143190	ENSG00000143190
POU2F2	False	ENSG00000028277	RESOLVED	HPA	ENSG00000028277	ENSG00000028277
POU4F1	False	ENSG00000152192	RESOLVED	HPA	ENSG00000152192	ENSG00000152192
POU4F2	False	ENSG00000151615	RESOLVED	HPA	ENSG00000151615	ENSG00000151615
POU6F2	False	ENSG00000106536	RESOLVED	HPA	ENSG00000106536	ENSG00000106536
PPARG	False	ENSG00000132170	RESOLVED	HPA	ENSG00000132170	ENSG00000132170
PPARGC1A	False	ENSG00000109819	RESOLVED	HPA	ENSG00000109819	ENSG00000109819
PPAT	False	ENSG00000128059	RESOLVED	HPA	ENSG00000128059	ENSG00000128059
PPEF1	False	ENSG00000086717	RESOLVED	HPA	ENSG00000086717	ENSG00000086717
PPEF2	False	ENSG00000156194	RESOLVED	HPA	ENSG00000156194	ENSG00000156194
PPIA	False	ENSG00000196262	RESOLVED	HPA	ENSG00000196262	ENSG00000196262
PPIAL4A	False	ENSG00000263353	RESOLVED	HPA	ENSG00000263353	ENSG00000263353
PPIAL4C	False	ENSG00000288867	RESOLVED	HPA	ENSG00000288867	ENSG00000263464
PPIAL4D	False	ENSG00000289549	RESOLVED	HPA	ENSG00000289549	ENSG00000256374
PPIAL4E	False	ENSG00000271567	RESOLVED	HPA	ENSG00000271567	ENSG00000271567
PPIAL4F	False	ENSG00000279782	RESOLVED	HPA	ENSG00000279782	ENSG00000279782
PPIAL4G	False	ENSG00000236334	RESOLVED	HPA	ENSG00000236334	ENSG00000236334
PPIAL4H	False	ENSG00000270339	RESOLVED	HPA	ENSG00000270339	
PPIB	False	ENSG00000166794	RESOLVED	HPA	ENSG00000166794	ENSG00000166794
PPIE	False	ENSG00000084072	RESOLVED	HPA	ENSG00000084072	ENSG00000084072
PPIF	False	ENSG00000108179	RESOLVED	HPA	ENSG00000108179	ENSG00000108179
PPIG	False	ENSG00000138398	RESOLVED	HPA	ENSG00000138398	ENSG00000138398
PPIH	False	ENSG00000171960	RESOLVED	HPA	ENSG00000171960	ENSG00000171960
PPIL1	False	ENSG00000137168	RESOLVED	HPA	ENSG00000137168	ENSG00000137168
PPIL2	False	ENSG00000100023	RESOLVED	HPA	ENSG00000100023	ENSG00000100023
PPIL3	False	ENSG00000240344	RESOLVED	HPA	ENSG00000240344	ENSG00000240344
PPIL4	False	ENSG00000131013	RESOLVED	HPA	ENSG00000131013	ENSG00000131013
PPIP5K1	False	ENSG00000168781	RESOLVED	HPA	ENSG00000168781	ENSG00000168781
PPM1A	False	ENSG00000100614	RESOLVED	HPA	ENSG00000100614	ENSG00000100614
PPM1B	False	ENSG00000138032	RESOLVED	HPA	ENSG00000138032	ENSG00000138032
PPM1G	False	ENSG00000115241	RESOLVED	HPA	ENSG00000115241	ENSG00000115241
PPOX	False	ENSG00000143224	RESOLVED	HPA	ENSG00000143224	ENSG00000143224
PPP1CA	False	ENSG00000172531	RESOLVED	HPA	ENSG00000172531	ENSG00000172531
PPP1CB	False	ENSG00000213639	RESOLVED	HPA	ENSG00000213639	ENSG00000213639
PPP1CC	False	ENSG00000186298	RESOLVED	HPA	ENSG00000186298	ENSG00000186298
PPP1R10	False	ENSG00000204569	RESOLVED	HPA	ENSG00000204569	ENSG00000204569
PPP1R12A	False	ENSG00000058272	RESOLVED	HPA	ENSG00000058272	ENSG00000058272
PPP1R26	False	ENSG00000196422	RESOLVED	HPA	ENSG00000196422	ENSG00000196422
PPP1R7	False	ENSG00000115685	RESOLVED	HPA	ENSG00000115685	ENSG00000115685
PPP1R8	False	ENSG00000117751	RESOLVED	HPA	ENSG00000117751	ENSG00000117751
PPP1R9B	False	ENSG00000108819	RESOLVED	HPA	ENSG00000108819	ENSG00000108819
PPP3CB	False	ENSG00000107758	RESOLVED	HPA	ENSG00000107758	ENSG00000107758
PPP4C	False	ENSG00000149923	RESOLVED	HPA	ENSG00000149923	ENSG00000149923
PPP4R2	False	ENSG00000163605	RESOLVED	HPA	ENSG00000163605	ENSG00000163605
PPP4R3A	False	ENSG00000100796	RESOLVED	HPA	ENSG00000100796	ENSG00000100796
PPRC1	False	ENSG00000148840	RESOLVED	HPA	ENSG00000148840	ENSG00000148840
PPT1	False	ENSG00000131238	RESOLVED	HPA	ENSG00000131238	ENSG00000131238
PPT2	False	ENSG00000221988	RESOLVED	HPA	ENSG00000221988	ENSG00000221988
PPTC7	False	ENSG00000196850	RESOLVED	HPA	ENSG00000196850	ENSG00000196850
PPWD1	False	ENSG00000113593	RESOLVED	HPA	ENSG00000113593	ENSG00000113593
PQBP1	False	ENSG00000102103	RESOLVED	HPA	ENSG00000102103	ENSG00000102103
PRC1	False	ENSG00000198901	RESOLVED	HPA	ENSG00000198901	ENSG00000198901
PRCC	False	ENSG00000143294	RESOLVED	HPA	ENSG00000143294	ENSG00000143294
PRCD	True	ENSG00000214140	RESOLVED	HPA	ENSG00000214140	ENSG00000214140
PRDM1	False	ENSG00000057657	RESOLVED	HPA	ENSG00000057657	ENSG00000057657
PRDX3	False	ENSG00000165672	RESOLVED	HPA	ENSG00000165672	ENSG00000165672
PRH2	False	ENSG00000134551	RESOLVED	HPA	ENSG00000134551	ENSG00000134551
PRKACA	False	ENSG00000072062	RESOLVED	HPA	ENSG00000072062	ENSG00000072062
PRKACB	False	ENSG00000142875	RESOLVED	HPA	ENSG00000142875	ENSG00000142875
PRKACG	False	ENSG00000165059	RESOLVED	HPA	ENSG00000165059	ENSG00000165059
PRKAR1A	False	ENSG00000108946	RESOLVED	HPA	ENSG00000108946	ENSG00000108946
PRKAR1B	False	ENSG00000188191	RESOLVED	HPA	ENSG00000188191	ENSG00000188191
PRKAR2A	False	ENSG00000114302	RESOLVED	HPA	ENSG00000114302	ENSG00000114302
PRKAR2B	False	ENSG00000005249	RESOLVED	HPA	ENSG00000005249	ENSG00000005249
PRKCA	False	ENSG00000154229	RESOLVED	HPA	ENSG00000154229	ENSG00000154229
PRKCB	False	ENSG00000166501	RESOLVED	HPA	ENSG00000166501	ENSG00000166501
PRKCG	False	ENSG00000126583	RESOLVED	HPA	ENSG00000126583	ENSG00000126583
PRKCZ	False	ENSG00000067606	RESOLVED	HPA	ENSG00000067606	ENSG00000067606
PRKD1	False	ENSG00000184304	RESOLVED	HPA	ENSG00000184304	ENSG00000184304
PRKD2	False	ENSG00000105287	RESOLVED	HPA	ENSG00000105287	ENSG00000105287
PRKD3	False	ENSG00000115825	RESOLVED	HPA	ENSG00000115825	ENSG00000115825
PRKDC	False	ENSG00000253729	RESOLVED	HPA	ENSG00000253729	ENSG00000253729
PRKG1	False	ENSG00000185532	RESOLVED	HPA	ENSG00000185532	ENSG00000185532
PRKG2	False	ENSG00000138669	RESOLVED	HPA	ENSG00000138669	ENSG00000138669
PRKN	False	ENSG00000185345	RESOLVED	HPA	ENSG00000185345	
PRKRIP1	False	ENSG00000128563	RESOLVED	HPA	ENSG00000128563	ENSG00000128563
PROM1	False	ENSG00000007062	RESOLVED	HPA	ENSG00000007062	ENSG00000007062
PROS1	False	ENSG00000184500	RESOLVED	HPA	ENSG00000184500	ENSG00000184500
PROSER3	False	ENSG00000167595	RESOLVED	HPA	ENSG00000167595	ENSG00000167595
PRPF18	False	ENSG00000165630	RESOLVED	HPA	ENSG00000165630	ENSG00000165630
PRPF19	False	ENSG00000110107	RESOLVED	HPA	ENSG00000110107	ENSG00000110107
PRPF3	True	ENSG00000117360	RESOLVED	HPA	ENSG00000117360	ENSG00000117360
PRPF31	True	ENSG00000105618	RESOLVED	HPA	ENSG00000105618	ENSG00000105618
PRPF38A	False	ENSG00000134748	RESOLVED	HPA	ENSG00000134748	ENSG00000134748
PRPF39	False	ENSG00000185246	RESOLVED	HPA	ENSG00000185246	ENSG00000185246
PRPF4	True	ENSG00000136875	RESOLVED	HPA	ENSG00000136875	ENSG00000136875
PRPF40A	False	ENSG00000196504	RESOLVED	HPA	ENSG00000196504	ENSG00000196504
PRPF40B	False	ENSG00000110844	RESOLVED	HPA	ENSG00000110844	ENSG00000110844
PRPF4B	False	ENSG00000112739	RESOLVED	HPA	ENSG00000112739	ENSG00000112739
PRPF6	True	ENSG00000101161	RESOLVED	HPA	ENSG00000101161	ENSG00000101161
PRPF8	True	ENSG00000174231	RESOLVED	HPA	ENSG00000174231	ENSG00000174231
PRPH2	True	ENSG00000112619	RESOLVED	HPA	ENSG00000112619	ENSG00000112619
PRPS1	False	ENSG00000147224	RESOLVED	HPA	ENSG00000147224	ENSG00000147224
PRPS1L1	False	ENSG00000229937	RESOLVED	HPA	ENSG00000229937	ENSG00000229937
PRPS2	False	ENSG00000101911	RESOLVED	HPA	ENSG00000101911	ENSG00000101911
PRR35	False	ENSG00000161992	RESOLVED	HPA	ENSG00000161992	ENSG00000161992
PRRC2A	False	ENSG00000204469	RESOLVED	HPA	ENSG00000204469	ENSG00000204469
PRRT1	False	ENSG00000204314	RESOLVED	HPA	ENSG00000204314	ENSG00000204314
PRRT2	False	ENSG00000167371	RESOLVED	HPA	ENSG00000167371	ENSG00000167371
PRSS55	False	ENSG00000184647	RESOLVED	HPA	ENSG00000184647	ENSG00000184647
PRSS56	False	ENSG00000237412	RESOLVED	HPA	ENSG00000237412	ENSG00000237412
PSAT1	False	ENSG00000135069	RESOLVED	HPA	ENSG00000135069	ENSG00000135069
PSD2	False	ENSG00000146005	RESOLVED	HPA	ENSG00000146005	ENSG00000146005
PSIP1	False	ENSG00000164985	RESOLVED	HPA	ENSG00000164985	ENSG00000164985
PSMC1	False	ENSG00000100764	RESOLVED	HPA	ENSG00000100764	ENSG00000100764
PSMC5	False	ENSG00000087191	RESOLVED	HPA	ENSG00000087191	ENSG00000087191
PSMD13	False	ENSG00000185627	RESOLVED	HPA	ENSG00000185627	ENSG00000185627
PSMD14	False	ENSG00000115233	RESOLVED	HPA	ENSG00000115233	ENSG00000115233
PSMD2	False	ENSG00000175166	RESOLVED	HPA	ENSG00000175166	ENSG00000175166
PSMD3	False	ENSG00000108344	RESOLVED	HPA	ENSG00000108344	ENSG00000108344
PSME3	False	ENSG00000131467	RESOLVED	HPA	ENSG00000131467	ENSG00000131467
PSME3IP1	False	ENSG00000172775	RESOLVED	HPA	ENSG00000172775	
PSMF1	False	ENSG00000125818	RESOLVED	HPA	ENSG00000125818	ENSG00000125818
PSMG1	False	ENSG00000183527	RESOLVED	HPA	ENSG00000183527	ENSG00000183527
PSPC1	False	ENSG00000121390	RESOLVED	HPA	ENSG00000121390	ENSG00000121390
PSPH	False	ENSG00000146733	RESOLVED	HPA	ENSG00000146733	ENSG00000146733
PSTPIP1	False	ENSG00000140368	RESOLVED	HPA	ENSG00000140368	ENSG00000140368
PTAFR	False	ENSG00000169403	RESOLVED	HPA	ENSG00000169403	ENSG00000169403
PTBP1	False	ENSG00000011304	RESOLVED	HPA	ENSG00000011304	ENSG00000011304
PTCH1	False	ENSG00000185920	RESOLVED	HPA	ENSG00000185920	ENSG00000185920
PTEN	False	ENSG00000171862	RESOLVED	HPA	ENSG00000171862	ENSG00000171862
PTF1A	False	ENSG00000168267	RESOLVED	HPA	ENSG00000168267	ENSG00000168267
PTGES3	False	ENSG00000110958	RESOLVED	HPA	ENSG00000110958	ENSG00000110958
PTGS2	False	ENSG00000073756	RESOLVED	HPA	ENSG00000073756	ENSG00000073756
PTH	False	ENSG00000152266	RESOLVED	HPA	ENSG00000152266	ENSG00000152266
PTH1R	False	ENSG00000160801	RESOLVED	HPA	ENSG00000160801	ENSG00000160801
PTH2R	False	ENSG00000144407	RESOLVED	HPA	ENSG00000144407	ENSG00000144407
PTPN3	False	ENSG00000070159	RESOLVED	HPA	ENSG00000070159	ENSG00000070159
PTPRC	False	ENSG00000081237	RESOLVED	HPA	ENSG00000081237	ENSG00000081237
PTPRN2	False	ENSG00000155093	RESOLVED	HPA	ENSG00000155093	ENSG00000155093
PTPRO	False	ENSG00000151490	RESOLVED	HPA	ENSG00000151490	ENSG00000151490
PUF60	False	ENSG00000179950	RESOLVED	HPA	ENSG00000179950	ENSG00000179950
PUM1	False	ENSG00000134644	RESOLVED	HPA	ENSG00000134644	ENSG00000134644
PUM2	False	ENSG00000055917	RESOLVED	HPA	ENSG00000055917	ENSG00000055917
PVALB	False	ENSG00000100362	RESOLVED	HPA	ENSG00000100362	ENSG00000100362
PXDN	False	ENSG00000130508	RESOLVED	HPA	ENSG00000130508	ENSG00000130508
PXDNL	False	ENSG00000147485	RESOLVED	HPA	ENSG00000147485	ENSG00000147485
PYGB	False	ENSG00000100994	RESOLVED	HPA	ENSG00000100994	ENSG00000100994
PYGL	False	ENSG00000100504	RESOLVED	HPA	ENSG00000100504	ENSG00000100504
PYGM	False	ENSG00000068976	RESOLVED	HPA	ENSG00000068976	ENSG00000068976
PYROXD2	False	ENSG00000119943	RESOLVED	HPA	ENSG00000119943	ENSG00000119943
PYY	False	ENSG00000131096	RESOLVED	HPA	ENSG00000131096	ENSG00000131096
QDPR	False	ENSG00000151552	RESOLVED	HPA	ENSG00000151552	ENSG00000151552
QKI	False	ENSG00000112531	RESOLVED	HPA	ENSG00000112531	ENSG00000112531
QRICH1	False	ENSG00000198218	RESOLVED	HPA	ENSG00000198218	ENSG00000198218
QRICH2	False	ENSG00000129646	RESOLVED	HPA	ENSG00000129646	ENSG00000129646
RAB10	False	ENSG00000084733	RESOLVED	HPA	ENSG00000084733	ENSG00000084733
RAB11A	False	ENSG00000103769	RESOLVED	HPA	ENSG00000103769	ENSG00000103769
RAB11FIP3	False	ENSG00000090565	RESOLVED	HPA	ENSG00000090565	ENSG00000090565
RAB13	False	ENSG00000143545	RESOLVED	HPA	ENSG00000143545	ENSG00000143545
RAB23	False	ENSG00000112210	RESOLVED	HPA	ENSG00000112210	ENSG00000112210
RAB24	False	ENSG00000169228	RESOLVED	HPA	ENSG00000169228	ENSG00000169228
RAB28	False	ENSG00000157869	RESOLVED	HPA	ENSG00000157869	ENSG00000157869
RAB3IP	False	ENSG00000127328	RESOLVED	HPA	ENSG00000127328	ENSG00000127328
RAB40AL	False	ENSG00000102128	RESOLVED	HPA	ENSG00000102128	ENSG00000102128
RAB5A	False	ENSG00000144566	RESOLVED	HPA	ENSG00000144566	ENSG00000144566
RAB6A	False	ENSG00000175582	RESOLVED	HPA	ENSG00000175582	ENSG00000175582
RAB6B	False	ENSG00000154917	RESOLVED	HPA	ENSG00000154917	ENSG00000154917
RAB7A	False	ENSG00000075785	RESOLVED	HPA	ENSG00000075785	ENSG00000075785
RAB7B	False	ENSG00000276600	RESOLVED	HPA	ENSG00000276600	ENSG00000276600
RAB8A	False	ENSG00000167461	RESOLVED	HPA	ENSG00000167461	ENSG00000167461
RAB9A	False	ENSG00000123595	RESOLVED	HPA	ENSG00000123595	ENSG00000123595
RABAC1	False	ENSG00000105404	RESOLVED	HPA	ENSG00000105404	ENSG00000105404
RABEP1	False	ENSG00000029725	RESOLVED	HPA	ENSG00000029725	ENSG00000029725
RABEPK	False	ENSG00000136933	RESOLVED	HPA	ENSG00000136933	ENSG00000136933
RABGAP1	False	ENSG00000011454	RESOLVED	HPA	ENSG00000011454	ENSG00000011454
RABIF	False	ENSG00000183155	RESOLVED	HPA	ENSG00000183155	ENSG00000183155
RABL2A	False	ENSG00000144134	RESOLVED	HPA	ENSG00000144134	ENSG00000144134
RABL2B	False	ENSG00000079974	RESOLVED	HPA	ENSG00000079974	ENSG00000079974
RAC1	False	ENSG00000136238	RESOLVED	HPA	ENSG00000136238	ENSG00000136238
RAC2	False	ENSG00000128340	RESOLVED	HPA	ENSG00000128340	ENSG00000128340
RACK1	False	ENSG00000204628	RESOLVED	HPA	ENSG00000204628	ENSG00000204628
RAD23A	False	ENSG00000179262	RESOLVED	HPA	ENSG00000179262	ENSG00000179262
RAD23B	False	ENSG00000119318	RESOLVED	HPA	ENSG00000119318	ENSG00000119318
RAD51	False	ENSG00000051180	RESOLVED	HPA	ENSG00000051180	ENSG00000051180
RAD51B	False	ENSG00000182185	RESOLVED	HPA	ENSG00000182185	ENSG00000182185
RAE1	False	ENSG00000101146	RESOLVED	HPA	ENSG00000101146	ENSG00000101146
RAF1	False	ENSG00000132155	RESOLVED	HPA	ENSG00000132155	ENSG00000132155
RAG1	False	ENSG00000166349	RESOLVED	HPA	ENSG00000166349	ENSG00000166349
RALGAPA1	False	ENSG00000174373	RESOLVED	HPA	ENSG00000174373	ENSG00000174373
RALY	False	ENSG00000125970	RESOLVED	HPA	ENSG00000125970	ENSG00000125970
RAN	False	ENSG00000132341	RESOLVED	HPA	ENSG00000132341	ENSG00000132341
RANBP1	False	ENSG00000099901	RESOLVED	HPA	ENSG00000099901	ENSG00000099901
RANBP2	False	ENSG00000153201	RESOLVED	HPA	ENSG00000153201	ENSG00000153201
RANBP3	False	ENSG00000031823	RESOLVED	HPA	ENSG00000031823	ENSG00000031823
RANGAP1	False	ENSG00000100401	RESOLVED	HPA	ENSG00000100401	ENSG00000100401
RAPGEF4	False	ENSG00000091428	RESOLVED	HPA	ENSG00000091428	ENSG00000091428
RARA	False	ENSG00000131759	RESOLVED	HPA	ENSG00000131759	ENSG00000131759
RARB	False	ENSG00000077092	RESOLVED	HPA	ENSG00000077092	ENSG00000077092
RARG	False	ENSG00000172819	RESOLVED	HPA	ENSG00000172819	ENSG00000172819
RARS1	False	ENSG00000113643	RESOLVED	HPA	ENSG00000113643	
RASA1	False	ENSG00000145715	RESOLVED	HPA	ENSG00000145715	ENSG00000145715
RASD2	False	ENSG00000100302	RESOLVED	HPA	ENSG00000100302	ENSG00000100302
RAX	False	ENSG00000134438	RESOLVED	HPA	ENSG00000134438	ENSG00000134438
RAX2	True	ENSG00000173976	RESOLVED	HPA	ENSG00000173976	ENSG00000173976
RB1CC1	False	ENSG00000023287	RESOLVED	HPA	ENSG00000023287	ENSG00000023287
RBBP5	False	ENSG00000117222	RESOLVED	HPA	ENSG00000117222	ENSG00000117222
RBCK1	False	ENSG00000125826	RESOLVED	HPA	ENSG00000125826	ENSG00000125826
RBM10	False	ENSG00000182872	RESOLVED	HPA	ENSG00000182872	ENSG00000182872
RBM17	False	ENSG00000134453	RESOLVED	HPA	ENSG00000134453	ENSG00000134453
RBM19	False	ENSG00000122965	RESOLVED	HPA	ENSG00000122965	ENSG00000122965
RBM22	False	ENSG00000086589	RESOLVED	HPA	ENSG00000086589	ENSG00000086589
RBM24	False	ENSG00000112183	RESOLVED	HPA	ENSG00000112183	ENSG00000112183
RBM25	False	ENSG00000119707	RESOLVED	HPA	ENSG00000119707	ENSG00000119707
RBM28	False	ENSG00000106344	RESOLVED	HPA	ENSG00000106344	ENSG00000106344
RBM3	False	ENSG00000102317	RESOLVED	HPA	ENSG00000102317	ENSG00000102317
RBM39	False	ENSG00000131051	RESOLVED	HPA	ENSG00000131051	ENSG00000131051
RBM4	False	ENSG00000173933	RESOLVED	HPA	ENSG00000173933	ENSG00000173933
RBM41	False	ENSG00000089682	RESOLVED	HPA	ENSG00000089682	ENSG00000089682
RBM42	False	ENSG00000126254	RESOLVED	HPA	ENSG00000126254	ENSG00000126254
RBM45	False	ENSG00000155636	RESOLVED	HPA	ENSG00000155636	ENSG00000155636
RBM46	False	ENSG00000151962	RESOLVED	HPA	ENSG00000151962	ENSG00000151962
RBM48	False	ENSG00000127993	RESOLVED	HPA	ENSG00000127993	ENSG00000127993
RBM5	False	ENSG00000003756	RESOLVED	HPA	ENSG00000003756	ENSG00000003756
RBM7	False	ENSG00000076053	RESOLVED	HPA	ENSG00000076053	ENSG00000076053
RBM8A	False	ENSG00000265241	RESOLVED	HPA	ENSG00000265241	ENSG00000265241
RBMX	False	ENSG00000147274	RESOLVED	HPA	ENSG00000147274	ENSG00000147274
RBMX2	False	ENSG00000134597	RESOLVED	HPA	ENSG00000134597	ENSG00000134597
RBP1	False	ENSG00000114115	RESOLVED	HPA	ENSG00000114115	ENSG00000114115
RBP2	False	ENSG00000114113	RESOLVED	HPA	ENSG00000114113	ENSG00000114113
RBP3	True	ENSG00000265203	RESOLVED	HPA	ENSG00000265203	ENSG00000265203
RBP4	False	ENSG00000138207	RESOLVED	HPA	ENSG00000138207	ENSG00000138207
RBP5	False	ENSG00000139194	RESOLVED	HPA	ENSG00000139194	ENSG00000139194
RBPMS	False	ENSG00000157110	RESOLVED	HPA	ENSG00000157110	ENSG00000157110
RBX1	False	ENSG00000100387	RESOLVED	HPA	ENSG00000100387	ENSG00000100387
RC3H1	False	ENSG00000135870	RESOLVED	HPA	ENSG00000135870	ENSG00000135870
RC3H2	False	ENSG00000056586	RESOLVED	HPA	ENSG00000056586	ENSG00000056586
RCBTB1	True	ENSG00000136144	RESOLVED	HPA	ENSG00000136144	ENSG00000136144
RCBTB2	False	ENSG00000136161	RESOLVED	HPA	ENSG00000136161	ENSG00000136161
RCC1	False	ENSG00000180198	RESOLVED	HPA	ENSG00000180198	ENSG00000180198
RCE1	False	ENSG00000173653	RESOLVED	HPA	ENSG00000173653	ENSG00000173653
RCHY1	False	ENSG00000163743	RESOLVED	HPA	ENSG00000163743	ENSG00000163743
RCL1	False	ENSG00000120158	RESOLVED	HPA	ENSG00000120158	ENSG00000120158
RCOR1	False	ENSG00000089902	RESOLVED	HPA	ENSG00000089902	ENSG00000089902
RCVRN	False	ENSG00000109047	RESOLVED	HPA	ENSG00000109047	ENSG00000109047
RD3	False	ENSG00000198570	RESOLVED	HPA	ENSG00000198570	ENSG00000198570
RDH10	False	ENSG00000121039	RESOLVED	HPA	ENSG00000121039	ENSG00000121039
RDH11	False	ENSG00000072042	RESOLVED	HPA	ENSG00000072042	ENSG00000072042
RDH12	True	ENSG00000139988	RESOLVED	HPA	ENSG00000139988	ENSG00000139988
RDH13	False	ENSG00000160439	RESOLVED	HPA	ENSG00000160439	ENSG00000160439
RDH14	False	ENSG00000240857	RESOLVED	HPA	ENSG00000240857	ENSG00000240857
RDH16	False	ENSG00000139547	RESOLVED	HPA	ENSG00000139547	ENSG00000139547
RDH5	False	ENSG00000135437	RESOLVED	HPA	ENSG00000135437	ENSG00000135437
RDH8	False	ENSG00000080511	RESOLVED	HPA	ENSG00000080511	ENSG00000080511
REEP5	False	ENSG00000129625	RESOLVED	HPA	ENSG00000129625	ENSG00000129625
REEP6	True	ENSG00000115255	RESOLVED	HPA	ENSG00000115255	ENSG00000115255
REL	False	ENSG00000162924	RESOLVED	HPA	ENSG00000162924	ENSG00000162924
RELA	False	ENSG00000173039	RESOLVED	HPA	ENSG00000173039	ENSG00000173039
RELB	False	ENSG00000104856	RESOLVED	HPA	ENSG00000104856	ENSG00000104856
RETSAT	False	ENSG00000042445	RESOLVED	HPA	ENSG00000042445	ENSG00000042445
RFK	False	ENSG00000135002	RESOLVED	HPA	ENSG00000135002	ENSG00000135002
RFX1	False	ENSG00000132005	RESOLVED	HPA	ENSG00000132005	ENSG00000132005
RFX2	False	ENSG00000087903	RESOLVED	HPA	ENSG00000087903	ENSG00000087903
RFX3	False	ENSG00000080298	RESOLVED	HPA	ENSG00000080298	ENSG00000080298
RFX4	False	ENSG00000111783	RESOLVED	HPA	ENSG00000111783	ENSG00000111783
RGR	False	ENSG00000148604	RESOLVED	HPA	ENSG00000148604	ENSG00000148604
RGS1	False	ENSG00000090104	RESOLVED	HPA	ENSG00000090104	ENSG00000090104
RGS10	False	ENSG00000148908	RESOLVED	HPA	ENSG00000148908	ENSG00000148908
RGS11	False	ENSG00000076344	RESOLVED	HPA	ENSG00000076344	ENSG00000076344
RGS12	False	ENSG00000159788	RESOLVED	HPA	ENSG00000159788	ENSG00000159788
RGS13	False	ENSG00000127074	RESOLVED	HPA	ENSG00000127074	ENSG00000127074
RGS16	False	ENSG00000143333	RESOLVED	HPA	ENSG00000143333	ENSG00000143333
RGS17	False	ENSG00000091844	RESOLVED	HPA	ENSG00000091844	ENSG00000091844
RGS18	False	ENSG00000150681	RESOLVED	HPA	ENSG00000150681	ENSG00000150681
RGS19	False	ENSG00000171700	RESOLVED	HPA	ENSG00000171700	ENSG00000171700
RGS2	False	ENSG00000116741	RESOLVED	HPA	ENSG00000116741	ENSG00000116741
RGS20	False	ENSG00000147509	RESOLVED	HPA	ENSG00000147509	ENSG00000147509
RGS21	False	ENSG00000253148	RESOLVED	HPA	ENSG00000253148	ENSG00000253148
RGS3	False	ENSG00000138835	RESOLVED	HPA	ENSG00000138835	ENSG00000138835
RGS4	False	ENSG00000117152	RESOLVED	HPA	ENSG00000117152	ENSG00000117152
RGS5	False	ENSG00000143248	RESOLVED	HPA	ENSG00000143248	ENSG00000143248; ENSG00000232995
RGS6	False	ENSG00000182732	RESOLVED	HPA	ENSG00000182732	ENSG00000182732
RGS7	False	ENSG00000182901	RESOLVED	HPA	ENSG00000182901	ENSG00000182901
RGS8	False	ENSG00000135824	RESOLVED	HPA	ENSG00000135824	ENSG00000135824
RGS9	False	ENSG00000108370	RESOLVED	HPA	ENSG00000108370	ENSG00000108370
RGS9BP	False	ENSG00000186326	RESOLVED	HPA	ENSG00000186326	ENSG00000186326
RHBDD3	False	ENSG00000100263	RESOLVED	HPA	ENSG00000100263	ENSG00000100263
RHBG	False	ENSG00000132677	RESOLVED	HPA	ENSG00000132677	ENSG00000132677
RHEB	False	ENSG00000106615	RESOLVED	HPA	ENSG00000106615	ENSG00000106615
RHO	True	ENSG00000163914	RESOLVED	HPA	ENSG00000163914	ENSG00000163914
RHOA	False	ENSG00000067560	RESOLVED	HPA	ENSG00000067560	ENSG00000067560
RHOB	False	ENSG00000143878	RESOLVED	HPA	ENSG00000143878	ENSG00000143878
RHOC	False	ENSG00000155366	RESOLVED	HPA	ENSG00000155366	ENSG00000155366
RHOD	False	ENSG00000173156	RESOLVED	HPA	ENSG00000173156	ENSG00000173156
RHOF	False	ENSG00000139725	RESOLVED	HPA	ENSG00000139725	ENSG00000139725
RHOH	False	ENSG00000168421	RESOLVED	HPA	ENSG00000168421	ENSG00000168421
RHOJ	False	ENSG00000126785	RESOLVED	HPA	ENSG00000126785	ENSG00000126785
RHOQ	False	ENSG00000119729	RESOLVED	HPA	ENSG00000119729	ENSG00000119729
RIBC2	False	ENSG00000128408	RESOLVED	HPA	ENSG00000128408	ENSG00000128408
RIC1	False	ENSG00000107036	RESOLVED	HPA	ENSG00000107036	ENSG00000107036
RIC8A	False	ENSG00000177963	RESOLVED	HPA	ENSG00000177963	ENSG00000177963
RIC8B	False	ENSG00000111785	RESOLVED	HPA	ENSG00000111785	ENSG00000111785
RIF1	False	ENSG00000080345	RESOLVED	HPA	ENSG00000080345	ENSG00000080345
RILP	False	ENSG00000167705	RESOLVED	HPA	ENSG00000167705	ENSG00000167705
RIMKLB	False	ENSG00000166532	RESOLVED	HPA	ENSG00000166532	ENSG00000166532
RIMS1	False	ENSG00000079841	RESOLVED	HPA	ENSG00000079841	ENSG00000079841
RING1	False	ENSG00000204227	RESOLVED	HPA	ENSG00000204227	ENSG00000204227
RIPPLY2	False	ENSG00000203877	RESOLVED	HPA	ENSG00000203877	ENSG00000203877
RLBP1	True	ENSG00000140522	RESOLVED	HPA	ENSG00000140522	ENSG00000140522
RLF	False	ENSG00000117000	RESOLVED	HPA	ENSG00000117000	ENSG00000117000
RND1	False	ENSG00000172602	RESOLVED	HPA	ENSG00000172602	ENSG00000172602
RNF10	False	ENSG00000022840	RESOLVED	HPA	ENSG00000022840	ENSG00000022840
RNF103-CHMP3	False	ENSG00000249884	RESOLVED	HPA	ENSG00000249884	
RNF113A	False	ENSG00000125352	RESOLVED	HPA	ENSG00000125352	ENSG00000125352
RNF130	False	ENSG00000113269	RESOLVED	HPA	ENSG00000113269	ENSG00000113269
RNF139	False	ENSG00000170881	RESOLVED	HPA	ENSG00000170881	ENSG00000170881
RNF2	False	ENSG00000121481	RESOLVED	HPA	ENSG00000121481	ENSG00000121481
RNF25	False	ENSG00000163481	RESOLVED	HPA	ENSG00000163481	ENSG00000163481
RNF34	False	ENSG00000170633	RESOLVED	HPA	ENSG00000170633	ENSG00000170633
RNF4	False	ENSG00000063978	RESOLVED	HPA	ENSG00000063978	ENSG00000063978
RNF5	False	ENSG00000204308	RESOLVED	HPA	ENSG00000204308	ENSG00000204308
RNPC3	False	ENSG00000185946	RESOLVED	HPA	ENSG00000185946	ENSG00000185946
RNPS1	False	ENSG00000205937	RESOLVED	HPA	ENSG00000205937	ENSG00000205937
ROCK1	False	ENSG00000067900	RESOLVED	HPA	ENSG00000067900	ENSG00000067900
ROCK2	False	ENSG00000134318	RESOLVED	HPA	ENSG00000134318	ENSG00000134318
ROM1	False	ENSG00000149489	RESOLVED	HPA	ENSG00000149489	ENSG00000149489
ROPN1L	False	ENSG00000145491	RESOLVED	HPA	ENSG00000145491	ENSG00000145491
RORA	False	ENSG00000069667	RESOLVED	HPA	ENSG00000069667	ENSG00000069667
RORB	False	ENSG00000198963	RESOLVED	HPA	ENSG00000198963	ENSG00000198963
RP1	True	ENSG00000104237	RESOLVED	HPA	ENSG00000104237	ENSG00000104237
RP1L1	True	ENSG00000183638	RESOLVED	HPA	ENSG00000183638	ENSG00000183638
RP2	True	ENSG00000102218	RESOLVED	HPA	ENSG00000102218	ENSG00000102218
RP9	False	ENSG00000164610	RESOLVED	HPA	ENSG00000164610	ENSG00000164610
RPAP3	False	ENSG00000005175	RESOLVED	HPA	ENSG00000005175	ENSG00000005175
RPE65	True	ENSG00000116745	RESOLVED	HPA	ENSG00000116745	ENSG00000116745
RPGR	True	ENSG00000156313	RESOLVED	HPA	ENSG00000156313	ENSG00000156313
RPGRIP1	False	ENSG00000092200	RESOLVED	HPA	ENSG00000092200	ENSG00000092200
RPGRIP1L	False	ENSG00000103494	RESOLVED	HPA	ENSG00000103494	ENSG00000103494
RPIA	False	ENSG00000153574	RESOLVED	HPA	ENSG00000153574	ENSG00000153574
RPL11	False	ENSG00000142676	RESOLVED	HPA	ENSG00000142676	ENSG00000142676
RPL19	False	ENSG00000108298	RESOLVED	HPA	ENSG00000108298	ENSG00000108298
RPL22L1	False	ENSG00000163584	RESOLVED	HPA	ENSG00000163584	ENSG00000163584
RPL23	False	ENSG00000125691	RESOLVED	HPA	ENSG00000125691	ENSG00000125691
RPL27	False	ENSG00000131469	RESOLVED	HPA	ENSG00000131469	ENSG00000131469
RPL36AL	False	ENSG00000165502	RESOLVED	HPA	ENSG00000165502	ENSG00000165502
RPL5	False	ENSG00000122406	RESOLVED	HPA	ENSG00000122406	ENSG00000122406
RPL6	False	ENSG00000089009	RESOLVED	HPA	ENSG00000089009	ENSG00000089009
RPL7	False	ENSG00000147604	RESOLVED	HPA	ENSG00000147604	ENSG00000147604
RPL7A	False	ENSG00000148303	RESOLVED	HPA	ENSG00000148303	ENSG00000148303
RPLP1	False	ENSG00000137818	RESOLVED	HPA	ENSG00000137818	ENSG00000137818
RPN1	False	ENSG00000163902	RESOLVED	HPA	ENSG00000163902	ENSG00000163902
RPN2	False	ENSG00000118705	RESOLVED	HPA	ENSG00000118705	ENSG00000118705
RPP38	False	ENSG00000152464	RESOLVED	HPA	ENSG00000152464	ENSG00000152464
RPS10	False	ENSG00000124614	RESOLVED	HPA	ENSG00000124614	ENSG00000124614
RPS11	False	ENSG00000142534	RESOLVED	HPA	ENSG00000142534	ENSG00000142534
RPS12	False	ENSG00000112306	RESOLVED	HPA	ENSG00000112306	ENSG00000112306
RPS13	False	ENSG00000110700	RESOLVED	HPA	ENSG00000110700	ENSG00000110700
RPS14	False	ENSG00000164587	RESOLVED	HPA	ENSG00000164587	ENSG00000164587
RPS18	False	ENSG00000231500	RESOLVED	HPA	ENSG00000231500	ENSG00000231500
RPS2	False	ENSG00000140988	RESOLVED	HPA	ENSG00000140988	ENSG00000140988
RPS20	False	ENSG00000008988	RESOLVED	HPA	ENSG00000008988	ENSG00000008988
RPS21	False	ENSG00000171858	RESOLVED	HPA	ENSG00000171858	ENSG00000171858
RPS23	False	ENSG00000186468	RESOLVED	HPA	ENSG00000186468	ENSG00000186468
RPS25	False	ENSG00000118181	RESOLVED	HPA	ENSG00000118181	ENSG00000118181
RPS27A	False	ENSG00000143947	RESOLVED	HPA	ENSG00000143947	ENSG00000143947
RPS27L	False	ENSG00000185088	RESOLVED	HPA	ENSG00000185088	ENSG00000185088
RPS3	False	ENSG00000149273	RESOLVED	HPA	ENSG00000149273	ENSG00000149273
RPS6KA4	False	ENSG00000162302	RESOLVED	HPA	ENSG00000162302	ENSG00000162302
RPS6KA5	False	ENSG00000100784	RESOLVED	HPA	ENSG00000100784	ENSG00000100784
RPS9	False	ENSG00000170889	RESOLVED	HPA	ENSG00000170889	ENSG00000170889
RRH	False	ENSG00000180245	RESOLVED	HPA	ENSG00000180245	ENSG00000180245
RRP1	False	ENSG00000160214	RESOLVED	HPA	ENSG00000160214	ENSG00000160214
RRP1B	False	ENSG00000160208	RESOLVED	HPA	ENSG00000160208	ENSG00000160208
RRP36	False	ENSG00000124541	RESOLVED	HPA	ENSG00000124541	ENSG00000124541
RRS1	False	ENSG00000179041	RESOLVED	HPA	ENSG00000179041	ENSG00000179041
RS1	False	ENSG00000102104	RESOLVED	HPA	ENSG00000102104	ENSG00000102104
RSPH1	False	ENSG00000160188	RESOLVED	HPA	ENSG00000160188	ENSG00000160188
RSPH4A	False	ENSG00000111834	RESOLVED	HPA	ENSG00000111834	ENSG00000111834
RSPH9	False	ENSG00000172426	RESOLVED	HPA	ENSG00000172426	ENSG00000172426
RSPRY1	False	ENSG00000159579	RESOLVED	HPA	ENSG00000159579	ENSG00000159579
RSRC1	False	ENSG00000174891	RESOLVED	HPA	ENSG00000174891	ENSG00000174891
RTBDN	False	ENSG00000132026	RESOLVED	HPA	ENSG00000132026	ENSG00000132026
RTCB	False	ENSG00000100220	RESOLVED	HPA	ENSG00000100220	ENSG00000100220
RTN1	False	ENSG00000139970	RESOLVED	HPA	ENSG00000139970	ENSG00000139970
RTN2	False	ENSG00000125744	RESOLVED	HPA	ENSG00000125744	ENSG00000125744
RTN3	False	ENSG00000133318	RESOLVED	HPA	ENSG00000133318	ENSG00000133318
RTN4	False	ENSG00000115310	RESOLVED	HPA	ENSG00000115310	ENSG00000115310
RTP1	False	ENSG00000175077	RESOLVED	HPA	ENSG00000175077	ENSG00000175077
RTP2	False	ENSG00000198471	RESOLVED	HPA	ENSG00000198471	ENSG00000198471
RTTN	False	ENSG00000176225	RESOLVED	HPA	ENSG00000176225	ENSG00000176225
RUSC1	False	ENSG00000160753	RESOLVED	HPA	ENSG00000160753	ENSG00000160753
RUSC2	False	ENSG00000198853	RESOLVED	HPA	ENSG00000198853	ENSG00000198853
RUVBL1	False	ENSG00000175792	RESOLVED	HPA	ENSG00000175792	ENSG00000175792
RUVBL2	False	ENSG00000183207	RESOLVED	HPA	ENSG00000183207	ENSG00000183207
RXFP4	False	ENSG00000173080	RESOLVED	HPA	ENSG00000173080	ENSG00000173080
RXRG	False	ENSG00000143171	RESOLVED	HPA	ENSG00000143171	ENSG00000143171
RXYLT1	False	ENSG00000118600	RESOLVED	HPA	ENSG00000118600	
RYBP	False	ENSG00000163602	RESOLVED	HPA	ENSG00000163602	ENSG00000163602
RYR1	False	ENSG00000196218	RESOLVED	HPA	ENSG00000196218	ENSG00000196218
RYR2	False	ENSG00000198626	RESOLVED	HPA	ENSG00000198626	ENSG00000198626
S100A16	False	ENSG00000188643	RESOLVED	HPA	ENSG00000188643	ENSG00000188643
S100B	False	ENSG00000160307	RESOLVED	HPA	ENSG00000160307	ENSG00000160307
SAE1	False	ENSG00000142230	RESOLVED	HPA	ENSG00000142230	ENSG00000142230
SAG	True	ENSG00000130561	RESOLVED	HPA	ENSG00000130561	ENSG00000130561
SALL3	False	ENSG00000256463	RESOLVED	HPA	ENSG00000256463	ENSG00000256463
SAMD11	False	ENSG00000187634	RESOLVED	HPA	ENSG00000187634	ENSG00000187634
SAMD7	False	ENSG00000187033	RESOLVED	HPA	ENSG00000187033	ENSG00000187033
SAMM50	False	ENSG00000100347	RESOLVED	HPA	ENSG00000100347	ENSG00000100347
SAP18	False	ENSG00000150459	RESOLVED	HPA	ENSG00000150459	ENSG00000150459
SART1	False	ENSG00000175467	RESOLVED	HPA	ENSG00000175467	ENSG00000175467
SART3	False	ENSG00000075856	RESOLVED	HPA	ENSG00000075856	ENSG00000075856
SASS6	False	ENSG00000156876	RESOLVED	HPA	ENSG00000156876	ENSG00000156876
SATB1	False	ENSG00000182568	RESOLVED	HPA	ENSG00000182568	ENSG00000182568
SAXO1	False	ENSG00000155875	RESOLVED	HPA	ENSG00000155875	ENSG00000155875
SBDS	False	ENSG00000126524	RESOLVED	HPA	ENSG00000126524	ENSG00000126524
SC5D	False	ENSG00000109929	RESOLVED	HPA	ENSG00000109929	ENSG00000109929
SCAP	False	ENSG00000114650	RESOLVED	HPA	ENSG00000114650	ENSG00000114650
SCARA3	False	ENSG00000168077	RESOLVED	HPA	ENSG00000168077	ENSG00000168077
SCARB1	False	ENSG00000073060	RESOLVED	HPA	ENSG00000073060	ENSG00000073060
SCARB2	False	ENSG00000138760	RESOLVED	HPA	ENSG00000138760	ENSG00000138760
SCARF1	False	ENSG00000074660	RESOLVED	HPA	ENSG00000074660	ENSG00000074660
SCD	False	ENSG00000099194	RESOLVED	HPA	ENSG00000099194	ENSG00000099194
SCFD1	False	ENSG00000092108	RESOLVED	HPA	ENSG00000092108	ENSG00000092108
SCIN	False	ENSG00000006747	RESOLVED	HPA	ENSG00000006747	ENSG00000006747
SCLT1	True	ENSG00000151466	RESOLVED	HPA	ENSG00000151466	ENSG00000151466
SCMH1	False	ENSG00000010803	RESOLVED	HPA	ENSG00000010803	ENSG00000010803
SCN10A	False	ENSG00000185313	RESOLVED	HPA	ENSG00000185313	ENSG00000185313
SCN3B	False	ENSG00000166257	RESOLVED	HPA	ENSG00000166257	ENSG00000166257
SCN5A	False	ENSG00000183873	RESOLVED	HPA	ENSG00000183873	ENSG00000183873
SCNM1	False	ENSG00000163156	RESOLVED	HPA	ENSG00000163156	ENSG00000163156
SCO1	False	ENSG00000133028	RESOLVED	HPA	ENSG00000133028	ENSG00000133028
SCO2	False	ENSG00000284194	RESOLVED	HPA	ENSG00000284194	ENSG00000130489
SCOC	False	ENSG00000153130	RESOLVED	HPA	ENSG00000153130	ENSG00000153130
SCP2	False	ENSG00000116171	RESOLVED	HPA	ENSG00000116171	ENSG00000116171
SCRIB	False	ENSG00000180900	RESOLVED	HPA	ENSG00000180900	ENSG00000180900
SCT	False	ENSG00000070031	RESOLVED	HPA	ENSG00000070031	ENSG00000070031
SCTR	False	ENSG00000080293	RESOLVED	HPA	ENSG00000080293	ENSG00000080293
SDC1	False	ENSG00000115884	RESOLVED	HPA	ENSG00000115884	ENSG00000115884
SDCCAG8	False	ENSG00000054282	RESOLVED	HPA	ENSG00000054282	ENSG00000054282
SDE2	False	ENSG00000143751	RESOLVED	HPA	ENSG00000143751	ENSG00000143751
SDHA	False	ENSG00000073578	RESOLVED	HPA	ENSG00000073578	ENSG00000073578
SDHB	False	ENSG00000117118	RESOLVED	HPA	ENSG00000117118	ENSG00000117118
SDHC	False	ENSG00000143252	RESOLVED	HPA	ENSG00000143252	ENSG00000143252
SDHD	False	ENSG00000204370	RESOLVED	HPA	ENSG00000204370	ENSG00000204370
SDR16C5	False	ENSG00000170786	RESOLVED	HPA	ENSG00000170786	ENSG00000170786
SDR9C7	False	ENSG00000170426	RESOLVED	HPA	ENSG00000170426	ENSG00000170426
SDSL	False	ENSG00000139410	RESOLVED	HPA	ENSG00000139410	ENSG00000139410
SEC13	False	ENSG00000157020	RESOLVED	HPA	ENSG00000157020	ENSG00000157020
SEC22C	False	ENSG00000093183	RESOLVED	HPA	ENSG00000093183	ENSG00000093183
SEC24C	False	ENSG00000176986	RESOLVED	HPA	ENSG00000176986	ENSG00000176986
SEC61A1	False	ENSG00000058262	RESOLVED	HPA	ENSG00000058262	ENSG00000058262
SEC61A2	False	ENSG00000065665	RESOLVED	HPA	ENSG00000065665	ENSG00000065665
SEC61B	False	ENSG00000106803	RESOLVED	HPA	ENSG00000106803	ENSG00000106803
SEC62	False	ENSG00000008952	RESOLVED	HPA	ENSG00000008952	ENSG00000008952
SEC63	False	ENSG00000025796	RESOLVED	HPA	ENSG00000025796	ENSG00000025796
SEH1L	False	ENSG00000085415	RESOLVED	HPA	ENSG00000085415	ENSG00000085415
SELENON	False	ENSG00000162430	RESOLVED	HPA	ENSG00000162430	ENSG00000162430
SEMA3A	False	ENSG00000075213	RESOLVED	HPA	ENSG00000075213	ENSG00000075213
SEMA3B	False	ENSG00000012171	RESOLVED	HPA	ENSG00000012171	ENSG00000012171
SEMA3F	False	ENSG00000001617	RESOLVED	HPA	ENSG00000001617	ENSG00000001617
SEMA4A	False	ENSG00000196189	RESOLVED	HPA	ENSG00000196189	ENSG00000196189
SEMA4B	False	ENSG00000185033	RESOLVED	HPA	ENSG00000185033	ENSG00000185033
SEMA4C	False	ENSG00000168758	RESOLVED	HPA	ENSG00000168758	ENSG00000168758
SENP1	False	ENSG00000079387	RESOLVED	HPA	ENSG00000079387	ENSG00000079387
SENP3	False	ENSG00000161956	RESOLVED	HPA	ENSG00000161956	ENSG00000161956
SENP6	False	ENSG00000112701	RESOLVED	HPA	ENSG00000112701	ENSG00000112701
SENP7	False	ENSG00000138468	RESOLVED	HPA	ENSG00000138468	ENSG00000138468
SEPTIN2	False	ENSG00000168385	RESOLVED	HPA	ENSG00000168385	
SERBP1	False	ENSG00000142864	RESOLVED	HPA	ENSG00000142864	ENSG00000142864
SERINC1	False	ENSG00000111897	RESOLVED	HPA	ENSG00000111897	ENSG00000111897
SERPINA3	False	ENSG00000196136	RESOLVED	HPA	ENSG00000196136	ENSG00000196136
SERPINA6	False	ENSG00000170099	RESOLVED	HPA	ENSG00000170099	ENSG00000170099
SERPINF1	False	ENSG00000132386	RESOLVED	HPA	ENSG00000132386	ENSG00000132386
SERPINI2	False	ENSG00000114204	RESOLVED	HPA	ENSG00000114204	ENSG00000114204
SETD4	False	ENSG00000185917	RESOLVED	HPA	ENSG00000185917	ENSG00000185917
SETDB1	False	ENSG00000143379	RESOLVED	HPA	ENSG00000143379	ENSG00000143379
SETDB2	False	ENSG00000136169	RESOLVED	HPA	ENSG00000136169	ENSG00000136169
SETX	False	ENSG00000107290	RESOLVED	HPA	ENSG00000107290	ENSG00000107290
SF1	False	ENSG00000168066	RESOLVED	HPA	ENSG00000168066	ENSG00000168066
SF3A1	False	ENSG00000099995	RESOLVED	HPA	ENSG00000099995	ENSG00000099995
SF3A2	False	ENSG00000104897	RESOLVED	HPA	ENSG00000104897	ENSG00000104897
SF3A3	False	ENSG00000183431	RESOLVED	HPA	ENSG00000183431	ENSG00000183431
SF3B1	False	ENSG00000115524	RESOLVED	HPA	ENSG00000115524	ENSG00000115524
SF3B2	False	ENSG00000087365	RESOLVED	HPA	ENSG00000087365	ENSG00000087365
SF3B3	False	ENSG00000189091	RESOLVED	HPA	ENSG00000189091	ENSG00000189091
SF3B4	False	ENSG00000143368	RESOLVED	HPA	ENSG00000143368	ENSG00000143368
SF3B5	False	ENSG00000169976	RESOLVED	HPA	ENSG00000169976	ENSG00000169976
SF3B6	False	ENSG00000115128	RESOLVED	HPA	ENSG00000115128	ENSG00000115128
SFPQ	False	ENSG00000116560	RESOLVED	HPA	ENSG00000116560	ENSG00000116560
SFSWAP	False	ENSG00000061936	RESOLVED	HPA	ENSG00000061936	ENSG00000061936
SFTA3	False	ENSG00000229415	RESOLVED	GTEx		ENSG00000229415
SGCA	False	ENSG00000108823	RESOLVED	HPA	ENSG00000108823	ENSG00000108823
SGCB	False	ENSG00000163069	RESOLVED	HPA	ENSG00000163069	ENSG00000163069
SGCD	False	ENSG00000170624	RESOLVED	HPA	ENSG00000170624	ENSG00000170624
SGCG	False	ENSG00000102683	RESOLVED	HPA	ENSG00000102683	ENSG00000102683
SGPP1	False	ENSG00000126821	RESOLVED	HPA	ENSG00000126821	ENSG00000126821
SGPP2	False	ENSG00000163082	RESOLVED	HPA	ENSG00000163082	ENSG00000163082
SGSH	False	ENSG00000181523	RESOLVED	HPA	ENSG00000181523	ENSG00000181523
SGTB	False	ENSG00000197860	RESOLVED	HPA	ENSG00000197860	ENSG00000197860
SH2B1	False	ENSG00000178188	RESOLVED	HPA	ENSG00000178188	ENSG00000178188
SH3BGR	False	ENSG00000185437	RESOLVED	HPA	ENSG00000185437	ENSG00000185437
SH3BGRL	False	ENSG00000131171	RESOLVED	HPA	ENSG00000131171	ENSG00000131171
SH3BP5L	False	ENSG00000175137	RESOLVED	HPA	ENSG00000175137	ENSG00000175137
SH3YL1	False	ENSG00000035115	RESOLVED	HPA	ENSG00000035115	ENSG00000035115
SHFL	False	ENSG00000130813	RESOLVED	HPA	ENSG00000130813	
SHH	False	ENSG00000164690	RESOLVED	HPA	ENSG00000164690	ENSG00000164690
SHLD2	False	ENSG00000122376	RESOLVED	HPA	ENSG00000122376	
SHLD3	False	ENSG00000253251	RESOLVED	HPA	ENSG00000253251	
SHMT1	False	ENSG00000176974	RESOLVED	HPA	ENSG00000176974	ENSG00000176974
SHMT2	False	ENSG00000182199	RESOLVED	HPA	ENSG00000182199	ENSG00000182199
SI	False	ENSG00000090402	RESOLVED	HPA	ENSG00000090402	ENSG00000090402
SIGLEC1	False	ENSG00000088827	RESOLVED	HPA	ENSG00000088827	ENSG00000088827
SIK2	False	ENSG00000170145	RESOLVED	HPA	ENSG00000170145	ENSG00000170145
SIN3A	False	ENSG00000169375	RESOLVED	HPA	ENSG00000169375	ENSG00000169375
SIN3B	False	ENSG00000127511	RESOLVED	HPA	ENSG00000127511	ENSG00000127511
SIPA1L2	False	ENSG00000116991	RESOLVED	HPA	ENSG00000116991	ENSG00000116991
SIRPA	False	ENSG00000198053	RESOLVED	HPA	ENSG00000198053	ENSG00000198053
SIRT1	False	ENSG00000096717	RESOLVED	HPA	ENSG00000096717	ENSG00000096717
SIX3	False	ENSG00000138083	RESOLVED	HPA	ENSG00000138083	ENSG00000138083
SIX6	False	ENSG00000184302	RESOLVED	HPA	ENSG00000184302	ENSG00000184302
SKIV2L	False	ENSG00000204351	RESOLVED	GTEx		ENSG00000204351
SKP1	False	ENSG00000113558	RESOLVED	HPA	ENSG00000113558	ENSG00000113558
SLC11A2	False	ENSG00000110911	RESOLVED	HPA	ENSG00000110911	ENSG00000110911
SLC12A1	False	ENSG00000074803	RESOLVED	HPA	ENSG00000074803	ENSG00000074803
SLC12A2	False	ENSG00000064651	RESOLVED	HPA	ENSG00000064651	ENSG00000064651
SLC12A3	False	ENSG00000070915	RESOLVED	HPA	ENSG00000070915	ENSG00000070915
SLC16A3	False	ENSG00000141526	RESOLVED	HPA	ENSG00000141526	ENSG00000141526
SLC16A4	False	ENSG00000168679	RESOLVED	HPA	ENSG00000168679	ENSG00000168679
SLC16A8	False	ENSG00000100156	RESOLVED	HPA	ENSG00000100156	ENSG00000100156
SLC17A8	False	ENSG00000179520	RESOLVED	HPA	ENSG00000179520	ENSG00000179520
SLC19A2	False	ENSG00000117479	RESOLVED	HPA	ENSG00000117479	ENSG00000117479
SLC1A1	False	ENSG00000106688	RESOLVED	HPA	ENSG00000106688	ENSG00000106688
SLC1A2	False	ENSG00000110436	RESOLVED	HPA	ENSG00000110436	ENSG00000110436
SLC1A3	False	ENSG00000079215	RESOLVED	HPA	ENSG00000079215	ENSG00000079215
SLC1A5	False	ENSG00000105281	RESOLVED	HPA	ENSG00000105281	ENSG00000105281
SLC20A1	False	ENSG00000144136	RESOLVED	HPA	ENSG00000144136	ENSG00000144136
SLC20A2	False	ENSG00000168575	RESOLVED	HPA	ENSG00000168575	ENSG00000168575
SLC22A23	False	ENSG00000137266	RESOLVED	HPA	ENSG00000137266	ENSG00000137266
SLC24A1	True	ENSG00000074621	RESOLVED	HPA	ENSG00000074621	ENSG00000074621
SLC24A2	False	ENSG00000155886	RESOLVED	HPA	ENSG00000155886	ENSG00000155886
SLC25A10	False	ENSG00000183048	RESOLVED	HPA	ENSG00000183048	ENSG00000183048
SLC25A11	False	ENSG00000108528	RESOLVED	HPA	ENSG00000108528	ENSG00000108528
SLC25A12	False	ENSG00000115840	RESOLVED	HPA	ENSG00000115840	ENSG00000115840
SLC25A13	False	ENSG00000004864	RESOLVED	HPA	ENSG00000004864	ENSG00000004864
SLC25A18	False	ENSG00000182902	RESOLVED	HPA	ENSG00000182902	ENSG00000182902
SLC25A22	False	ENSG00000177542	RESOLVED	HPA	ENSG00000177542	ENSG00000177542
SLC25A28	False	ENSG00000155287	RESOLVED	HPA	ENSG00000155287	ENSG00000155287
SLC25A3	False	ENSG00000075415	RESOLVED	HPA	ENSG00000075415	ENSG00000075415
SLC25A37	False	ENSG00000147454	RESOLVED	HPA	ENSG00000147454	ENSG00000147454
SLC25A38	False	ENSG00000144659	RESOLVED	HPA	ENSG00000144659	ENSG00000144659
SLC25A4	False	ENSG00000151729	RESOLVED	HPA	ENSG00000151729	ENSG00000151729
SLC25A44	False	ENSG00000160785	RESOLVED	HPA	ENSG00000160785	ENSG00000160785
SLC25A5	False	ENSG00000005022	RESOLVED	HPA	ENSG00000005022	ENSG00000005022
SLC25A6	False	ENSG00000169100	RESOLVED	HPA	ENSG00000169100	ENSG00000169100
SLC26A1	False	ENSG00000145217	RESOLVED	HPA	ENSG00000145217	ENSG00000145217
SLC26A2	False	ENSG00000155850	RESOLVED	HPA	ENSG00000155850	ENSG00000155850
SLC26A3	False	ENSG00000091138	RESOLVED	HPA	ENSG00000091138	ENSG00000091138
SLC26A4	False	ENSG00000091137	RESOLVED	HPA	ENSG00000091137	ENSG00000091137
SLC26A5	False	ENSG00000170615	RESOLVED	HPA	ENSG00000170615	ENSG00000170615
SLC26A6	False	ENSG00000225697	RESOLVED	HPA	ENSG00000225697	ENSG00000225697
SLC26A9	False	ENSG00000174502	RESOLVED	HPA	ENSG00000174502	ENSG00000174502
SLC27A1	False	ENSG00000130304	RESOLVED	HPA	ENSG00000130304	ENSG00000130304
SLC27A2	False	ENSG00000140284	RESOLVED	HPA	ENSG00000140284	ENSG00000140284
SLC27A3	False	ENSG00000143554	RESOLVED	HPA	ENSG00000143554	ENSG00000143554
SLC27A4	False	ENSG00000167114	RESOLVED	HPA	ENSG00000167114	ENSG00000167114
SLC27A5	False	ENSG00000083807	RESOLVED	HPA	ENSG00000083807	ENSG00000083807
SLC27A6	False	ENSG00000113396	RESOLVED	HPA	ENSG00000113396	ENSG00000113396
SLC2A1	False	ENSG00000117394	RESOLVED	HPA	ENSG00000117394	ENSG00000117394
SLC2A2	False	ENSG00000163581	RESOLVED	HPA	ENSG00000163581	ENSG00000163581
SLC2A3	False	ENSG00000059804	RESOLVED	HPA	ENSG00000059804	ENSG00000059804
SLC2A4	False	ENSG00000181856	RESOLVED	HPA	ENSG00000181856	ENSG00000181856
SLC30A5	False	ENSG00000145740	RESOLVED	HPA	ENSG00000145740	ENSG00000145740
SLC30A6	False	ENSG00000152683	RESOLVED	HPA	ENSG00000152683	ENSG00000152683
SLC35B1	False	ENSG00000121073	RESOLVED	HPA	ENSG00000121073	ENSG00000121073
SLC35C1	False	ENSG00000181830	RESOLVED	HPA	ENSG00000181830	ENSG00000181830
SLC36A1	False	ENSG00000123643	RESOLVED	HPA	ENSG00000123643	ENSG00000123643
SLC37A3	True	ENSG00000157800	RESOLVED	HPA	ENSG00000157800	ENSG00000157800
SLC38A7	False	ENSG00000103042	RESOLVED	HPA	ENSG00000103042	ENSG00000103042
SLC38A9	False	ENSG00000177058	RESOLVED	HPA	ENSG00000177058	ENSG00000177058
SLC39A8	False	ENSG00000138821	RESOLVED	HPA	ENSG00000138821	ENSG00000138821
SLC3A1	False	ENSG00000138079	RESOLVED	HPA	ENSG00000138079	ENSG00000138079
SLC3A2	False	ENSG00000168003	RESOLVED	HPA	ENSG00000168003	ENSG00000168003
SLC40A1	False	ENSG00000138449	RESOLVED	HPA	ENSG00000138449	ENSG00000138449
SLC41A2	False	ENSG00000136052	RESOLVED	HPA	ENSG00000136052	ENSG00000136052
SLC44A2	False	ENSG00000129353	RESOLVED	HPA	ENSG00000129353	ENSG00000129353
SLC45A1	False	ENSG00000162426	RESOLVED	HPA	ENSG00000162426	ENSG00000162426
SLC45A2	False	ENSG00000164175	RESOLVED	HPA	ENSG00000164175	ENSG00000164175
SLC46A1	False	ENSG00000076351	RESOLVED	HPA	ENSG00000076351	ENSG00000076351
SLC48A1	False	ENSG00000211584	RESOLVED	HPA	ENSG00000211584	ENSG00000211584
SLC4A3	False	ENSG00000114923	RESOLVED	HPA	ENSG00000114923	ENSG00000114923
SLC4A4	False	ENSG00000080493	RESOLVED	HPA	ENSG00000080493	ENSG00000080493
SLC4A7	True	ENSG00000033867	RESOLVED	HPA	ENSG00000033867	ENSG00000033867
SLC4A8	False	ENSG00000050438	RESOLVED	HPA	ENSG00000050438	ENSG00000050438
SLC5A7	False	ENSG00000115665	RESOLVED	HPA	ENSG00000115665	ENSG00000115665
SLC5A8	False	ENSG00000256870	RESOLVED	HPA	ENSG00000256870	ENSG00000256870
SLC66A1	True	ENSG00000040487	RESOLVED	HPA	ENSG00000040487	
SLC6A1	False	ENSG00000157103	RESOLVED	HPA	ENSG00000157103	ENSG00000157103
SLC6A11	False	ENSG00000132164	RESOLVED	HPA	ENSG00000132164	ENSG00000132164
SLC6A13	False	ENSG00000010379	RESOLVED	HPA	ENSG00000010379	ENSG00000010379
SLC7A1	False	ENSG00000139514	RESOLVED	HPA	ENSG00000139514	ENSG00000139514
SLC7A10	False	ENSG00000130876	RESOLVED	HPA	ENSG00000130876	ENSG00000130876
SLC7A13	False	ENSG00000164893	RESOLVED	HPA	ENSG00000164893	ENSG00000164893
SLC7A14	True	ENSG00000013293	RESOLVED	HPA	ENSG00000013293	ENSG00000013293
SLC7A5	False	ENSG00000103257	RESOLVED	HPA	ENSG00000103257	ENSG00000103257
SLC7A6	False	ENSG00000103064	RESOLVED	HPA	ENSG00000103064	ENSG00000103064
SLC7A6OS	False	ENSG00000103061	RESOLVED	HPA	ENSG00000103061	ENSG00000103061
SLC7A7	False	ENSG00000155465	RESOLVED	HPA	ENSG00000155465	ENSG00000155465
SLC7A8	False	ENSG00000092068	RESOLVED	HPA	ENSG00000092068	ENSG00000092068
SLC7A9	False	ENSG00000021488	RESOLVED	HPA	ENSG00000021488	ENSG00000021488
SLC8A1	False	ENSG00000183023	RESOLVED	HPA	ENSG00000183023	ENSG00000183023
SLC9A1	False	ENSG00000090020	RESOLVED	HPA	ENSG00000090020	ENSG00000090020
SLC9A2	False	ENSG00000115616	RESOLVED	HPA	ENSG00000115616	ENSG00000115616
SLC9A3	False	ENSG00000066230	RESOLVED	HPA	ENSG00000066230	ENSG00000066230
SLC9A3R1	False	ENSG00000109062	RESOLVED	HPA	ENSG00000109062	ENSG00000109062
SLC9A4	False	ENSG00000180251	RESOLVED	HPA	ENSG00000180251	ENSG00000180251
SLC9A5	False	ENSG00000135740	RESOLVED	HPA	ENSG00000135740	ENSG00000135740
SLC9A6	False	ENSG00000198689	RESOLVED	HPA	ENSG00000198689	ENSG00000198689
SLC9A8	False	ENSG00000197818	RESOLVED	HPA	ENSG00000197818	ENSG00000197818
SLC9C1	False	ENSG00000172139	RESOLVED	HPA	ENSG00000172139	ENSG00000172139
SLCO6A1	False	ENSG00000205359	RESOLVED	HPA	ENSG00000205359	ENSG00000205359
SLTM	False	ENSG00000137776	RESOLVED	HPA	ENSG00000137776	ENSG00000137776
SLU7	False	ENSG00000164609	RESOLVED	HPA	ENSG00000164609	ENSG00000164609
SMAD4	False	ENSG00000141646	RESOLVED	HPA	ENSG00000141646	ENSG00000141646
SMAD5	False	ENSG00000113658	RESOLVED	HPA	ENSG00000113658	ENSG00000113658
SMAD6	False	ENSG00000137834	RESOLVED	HPA	ENSG00000137834	ENSG00000137834
SMARCAL1	False	ENSG00000138375	RESOLVED	HPA	ENSG00000138375	ENSG00000138375
SMARCC2	False	ENSG00000139613	RESOLVED	HPA	ENSG00000139613	ENSG00000139613
SMC1A	False	ENSG00000072501	RESOLVED	HPA	ENSG00000072501	ENSG00000072501
SMC3	False	ENSG00000108055	RESOLVED	HPA	ENSG00000108055	ENSG00000108055
SMCR8	False	ENSG00000176994	RESOLVED	HPA	ENSG00000176994	ENSG00000176994
SMG6	False	ENSG00000070366	RESOLVED	HPA	ENSG00000070366	ENSG00000070366
SMN1	False	ENSG00000172062	RESOLVED	HPA	ENSG00000172062	ENSG00000172062
SMNDC1	False	ENSG00000119953	RESOLVED	HPA	ENSG00000119953	ENSG00000119953
SMO	False	ENSG00000128602	RESOLVED	HPA	ENSG00000128602	ENSG00000128602
SMPD1	False	ENSG00000166311	RESOLVED	HPA	ENSG00000166311	ENSG00000166311
SMU1	False	ENSG00000122692	RESOLVED	HPA	ENSG00000122692	ENSG00000122692
SMURF1	False	ENSG00000198742	RESOLVED	HPA	ENSG00000198742	ENSG00000198742
SNAP23	False	ENSG00000092531	RESOLVED	HPA	ENSG00000092531	ENSG00000092531
SNAP25	False	ENSG00000132639	RESOLVED	HPA	ENSG00000132639	ENSG00000132639
SNAPC4	False	ENSG00000165684	RESOLVED	HPA	ENSG00000165684	ENSG00000165684
SNCA	False	ENSG00000145335	RESOLVED	HPA	ENSG00000145335	ENSG00000145335
SNCG	False	ENSG00000173267	RESOLVED	HPA	ENSG00000173267	ENSG00000173267
SND1	False	ENSG00000197157	RESOLVED	HPA	ENSG00000197157	ENSG00000197157
SNF8	False	ENSG00000159210	RESOLVED	HPA	ENSG00000159210	ENSG00000159210
SNIP1	False	ENSG00000163877	RESOLVED	HPA	ENSG00000163877	ENSG00000163877
SNRNP200	True	ENSG00000144028	RESOLVED	HPA	ENSG00000144028	ENSG00000144028
SNRNP27	False	ENSG00000124380	RESOLVED	HPA	ENSG00000124380	ENSG00000124380
SNRNP35	False	ENSG00000184209	RESOLVED	HPA	ENSG00000184209	ENSG00000184209
SNRNP40	False	ENSG00000060688	RESOLVED	HPA	ENSG00000060688	ENSG00000060688
SNRNP48	False	ENSG00000168566	RESOLVED	HPA	ENSG00000168566	ENSG00000168566
SNRNP70	False	ENSG00000104852	RESOLVED	HPA	ENSG00000104852	ENSG00000104852
SNRPA	False	ENSG00000077312	RESOLVED	HPA	ENSG00000077312	ENSG00000077312
SNRPA1	False	ENSG00000131876	RESOLVED	HPA	ENSG00000131876	ENSG00000131876
SNRPB	False	ENSG00000125835	RESOLVED	HPA	ENSG00000125835	ENSG00000125835
SNRPB2	False	ENSG00000125870	RESOLVED	HPA	ENSG00000125870	ENSG00000125870
SNRPC	False	ENSG00000124562	RESOLVED	HPA	ENSG00000124562	ENSG00000124562
SNRPD1	False	ENSG00000167088	RESOLVED	HPA	ENSG00000167088	ENSG00000167088
SNRPD2	False	ENSG00000125743	RESOLVED	HPA	ENSG00000125743	ENSG00000125743
SNRPD3	False	ENSG00000100028	RESOLVED	HPA	ENSG00000100028	ENSG00000100028
SNRPE	False	ENSG00000182004	RESOLVED	HPA	ENSG00000182004	ENSG00000182004
SNRPF	False	ENSG00000139343	RESOLVED	HPA	ENSG00000139343	ENSG00000139343
SNRPG	False	ENSG00000143977	RESOLVED	HPA	ENSG00000143977	ENSG00000143977
SNRPN	False	ENSG00000128739	RESOLVED	HPA	ENSG00000128739	ENSG00000128739
SNTG2	False	ENSG00000172554	RESOLVED	HPA	ENSG00000172554	ENSG00000172554
SNU13	False	ENSG00000100138	RESOLVED	HPA	ENSG00000100138	ENSG00000100138
SNW1	False	ENSG00000100603	RESOLVED	HPA	ENSG00000100603	ENSG00000100603
SNX1	False	ENSG00000028528	RESOLVED	HPA	ENSG00000028528	ENSG00000028528
SNX15	False	ENSG00000110025	RESOLVED	HPA	ENSG00000110025	ENSG00000110025
SNX27	False	ENSG00000143376	RESOLVED	HPA	ENSG00000143376	ENSG00000143376
SNX4	False	ENSG00000114520	RESOLVED	HPA	ENSG00000114520	ENSG00000114520
SOCS1	False	ENSG00000185338	RESOLVED	HPA	ENSG00000185338	ENSG00000185338
SOCS3	False	ENSG00000184557	RESOLVED	HPA	ENSG00000184557	ENSG00000184557
SOD1	False	ENSG00000142168	RESOLVED	HPA	ENSG00000142168	ENSG00000142168
SOD2	False	ENSG00000291237	RESOLVED	HPA	ENSG00000291237	ENSG00000112096
SOD2-2	False		UNMAPPED	NONE		
SORBS1	False	ENSG00000095637	RESOLVED	HPA	ENSG00000095637	ENSG00000095637
SORD	False	ENSG00000140263	RESOLVED	HPA	ENSG00000140263	ENSG00000140263
SOS1	False	ENSG00000115904	RESOLVED	HPA	ENSG00000115904	ENSG00000115904
SOS2	False	ENSG00000100485	RESOLVED	HPA	ENSG00000100485	ENSG00000100485
SOWAHC	False	ENSG00000198142	RESOLVED	HPA	ENSG00000198142	ENSG00000198142
SOX2	False	ENSG00000181449	RESOLVED	HPA	ENSG00000181449	ENSG00000181449
SOX4	False	ENSG00000124766	RESOLVED	HPA	ENSG00000124766	ENSG00000124766
SOX7	False	ENSG00000171056	RESOLVED	HPA	ENSG00000171056	ENSG00000171056
SP1	False	ENSG00000185591	RESOLVED	HPA	ENSG00000185591	ENSG00000185591
SP100	False	ENSG00000067066	RESOLVED	HPA	ENSG00000067066	ENSG00000067066
SP4	False	ENSG00000105866	RESOLVED	HPA	ENSG00000105866	ENSG00000105866
SPACA4	False	ENSG00000177202	RESOLVED	HPA	ENSG00000177202	ENSG00000177202
SPACA6	False	ENSG00000182310	RESOLVED	HPA	ENSG00000182310	ENSG00000182310
SPACA9	False	ENSG00000165698	RESOLVED	HPA	ENSG00000165698	ENSG00000165698
SPAG1	False	ENSG00000104450	RESOLVED	HPA	ENSG00000104450	ENSG00000104450
SPAG5	False	ENSG00000076382	RESOLVED	HPA	ENSG00000076382	ENSG00000076382
SPAG6	False	ENSG00000077327	RESOLVED	HPA	ENSG00000077327	ENSG00000077327
SPAG8	False	ENSG00000137098	RESOLVED	HPA	ENSG00000137098	ENSG00000137098
SPAM1	False	ENSG00000106304	RESOLVED	HPA	ENSG00000106304	ENSG00000106304
SPATA17	False	ENSG00000162814	RESOLVED	HPA	ENSG00000162814	ENSG00000162814
SPATA20	False	ENSG00000006282	RESOLVED	HPA	ENSG00000006282	ENSG00000006282
SPATA3	False	ENSG00000173699	RESOLVED	HPA	ENSG00000173699	ENSG00000173699
SPATA4	False	ENSG00000150628	RESOLVED	HPA	ENSG00000150628	ENSG00000150628
SPATA46	False	ENSG00000171722	RESOLVED	HPA	ENSG00000171722	ENSG00000171722
SPATA6	False	ENSG00000132122	RESOLVED	HPA	ENSG00000132122	ENSG00000132122
SPATA7	True	ENSG00000042317	RESOLVED	HPA	ENSG00000042317	ENSG00000042317
SPEF2	False	ENSG00000152582	RESOLVED	HPA	ENSG00000152582	ENSG00000152582
SPICE1	False	ENSG00000163611	RESOLVED	HPA	ENSG00000163611	ENSG00000163611
SPIDR	False	ENSG00000164808	RESOLVED	HPA	ENSG00000164808	ENSG00000164808
SPIN1	False	ENSG00000106723	RESOLVED	HPA	ENSG00000106723	ENSG00000106723
SPIN2B	False	ENSG00000186787	RESOLVED	HPA	ENSG00000186787	ENSG00000186787
SPNS1	False	ENSG00000169682	RESOLVED	HPA	ENSG00000169682	ENSG00000169682
SPNS3	False	ENSG00000182557	RESOLVED	HPA	ENSG00000182557	ENSG00000182557
SPOP	False	ENSG00000121067	RESOLVED	HPA	ENSG00000121067	ENSG00000121067
SPOPL	False	ENSG00000144228	RESOLVED	HPA	ENSG00000144228	ENSG00000144228
SPRYD7	False	ENSG00000123178	RESOLVED	HPA	ENSG00000123178	ENSG00000123178
SPSB2	False	ENSG00000111671	RESOLVED	HPA	ENSG00000111671	ENSG00000111671
SPTA1	False	ENSG00000163554	RESOLVED	HPA	ENSG00000163554	ENSG00000163554
SPTAN1	False	ENSG00000197694	RESOLVED	HPA	ENSG00000197694	ENSG00000197694
SPTB	False	ENSG00000070182	RESOLVED	HPA	ENSG00000070182	ENSG00000070182
SPTLC1	False	ENSG00000090054	RESOLVED	HPA	ENSG00000090054	ENSG00000090054
SQLE	False	ENSG00000104549	RESOLVED	HPA	ENSG00000104549	ENSG00000104549
SQOR	False	ENSG00000137767	RESOLVED	HPA	ENSG00000137767	
SRC	False	ENSG00000197122	RESOLVED	HPA	ENSG00000197122	ENSG00000197122
SRD5A2	False	ENSG00000277893	RESOLVED	HPA	ENSG00000277893	ENSG00000277893
SRD5A3	False	ENSG00000128039	RESOLVED	HPA	ENSG00000128039	ENSG00000128039
SREBF1	False	ENSG00000072310	RESOLVED	HPA	ENSG00000072310	ENSG00000072310
SREBF2	False	ENSG00000198911	RESOLVED	HPA	ENSG00000198911	ENSG00000198911
SREK1	False	ENSG00000153914	RESOLVED	HPA	ENSG00000153914	ENSG00000153914
SRGAP2	False	ENSG00000266028	RESOLVED	HPA	ENSG00000266028	ENSG00000266028
SRGAP3	False	ENSG00000196220	RESOLVED	HPA	ENSG00000196220	ENSG00000196220
SRP19	False	ENSG00000153037	RESOLVED	HPA	ENSG00000153037	ENSG00000153037
SRP54	False	ENSG00000100883	RESOLVED	HPA	ENSG00000100883	ENSG00000100883
SRP68	False	ENSG00000167881	RESOLVED	HPA	ENSG00000167881	ENSG00000167881
SRP9	False	ENSG00000143742	RESOLVED	HPA	ENSG00000143742	ENSG00000143742
SRPK1	False	ENSG00000096063	RESOLVED	HPA	ENSG00000096063	ENSG00000096063
SRPK2	False	ENSG00000135250	RESOLVED	HPA	ENSG00000135250	ENSG00000135250
SRPRA	False	ENSG00000182934	RESOLVED	HPA	ENSG00000182934	ENSG00000182934
SRR	False	ENSG00000167720	RESOLVED	HPA	ENSG00000167720	ENSG00000167720
SRRM1	False	ENSG00000133226	RESOLVED	HPA	ENSG00000133226	ENSG00000133226
SRRM2	False	ENSG00000167978	RESOLVED	HPA	ENSG00000167978	ENSG00000167978
SRRM3	False	ENSG00000177679	RESOLVED	HPA	ENSG00000177679	ENSG00000177679
SRRT	False	ENSG00000087087	RESOLVED	HPA	ENSG00000087087	ENSG00000087087
SRSF1	False	ENSG00000136450	RESOLVED	HPA	ENSG00000136450	ENSG00000136450
SRSF10	False	ENSG00000188529	RESOLVED	HPA	ENSG00000188529	ENSG00000188529
SRSF11	False	ENSG00000116754	RESOLVED	HPA	ENSG00000116754	ENSG00000116754
SRSF2	False	ENSG00000161547	RESOLVED	HPA	ENSG00000161547	ENSG00000161547
SRSF3	False	ENSG00000112081	RESOLVED	HPA	ENSG00000112081	ENSG00000112081
SRSF4	False	ENSG00000116350	RESOLVED	HPA	ENSG00000116350	ENSG00000116350
SRSF5	False	ENSG00000100650	RESOLVED	HPA	ENSG00000100650	ENSG00000100650
SRSF6	False	ENSG00000124193	RESOLVED	HPA	ENSG00000124193	ENSG00000124193
SRSF7	False	ENSG00000115875	RESOLVED	HPA	ENSG00000115875	ENSG00000115875
SRSF9	False	ENSG00000111786	RESOLVED	HPA	ENSG00000111786	ENSG00000111786
SSH3	False	ENSG00000172830	RESOLVED	HPA	ENSG00000172830	ENSG00000172830
SSR4	False	ENSG00000180879	RESOLVED	HPA	ENSG00000180879	ENSG00000180879
SSRP1	False	ENSG00000149136	RESOLVED	HPA	ENSG00000149136	ENSG00000149136
SSTR2	False	ENSG00000180616	RESOLVED	HPA	ENSG00000180616	ENSG00000180616
SSTR3	False	ENSG00000278195	RESOLVED	HPA	ENSG00000278195	ENSG00000278195
SSTR5	False	ENSG00000162009	RESOLVED	HPA	ENSG00000162009	ENSG00000162009
SSX2IP	False	ENSG00000117155	RESOLVED	HPA	ENSG00000117155	ENSG00000117155
ST6GAL2	False	ENSG00000144057	RESOLVED	HPA	ENSG00000144057	ENSG00000144057
STAB1	False	ENSG00000010327	RESOLVED	HPA	ENSG00000010327	ENSG00000010327
STAB2	False	ENSG00000136011	RESOLVED	HPA	ENSG00000136011	ENSG00000136011
STAG2	False	ENSG00000101972	RESOLVED	HPA	ENSG00000101972	ENSG00000101972
STAM	False	ENSG00000136738	RESOLVED	HPA	ENSG00000136738	ENSG00000136738
STAM2	False	ENSG00000115145	RESOLVED	HPA	ENSG00000115145	ENSG00000115145
STARD3	False	ENSG00000131748	RESOLVED	HPA	ENSG00000131748	ENSG00000131748
STARD3NL	False	ENSG00000010270	RESOLVED	HPA	ENSG00000010270	ENSG00000010270
STARD7	False	ENSG00000084090	RESOLVED	HPA	ENSG00000084090	ENSG00000084090
STARD9	False	ENSG00000159433	RESOLVED	HPA	ENSG00000159433	ENSG00000159433
STAT1	False	ENSG00000115415	RESOLVED	HPA	ENSG00000115415	ENSG00000115415
STAT2	False	ENSG00000170581	RESOLVED	HPA	ENSG00000170581	ENSG00000170581
STAT3	False	ENSG00000168610	RESOLVED	HPA	ENSG00000168610	ENSG00000168610
STATH	False	ENSG00000126549	RESOLVED	HPA	ENSG00000126549	ENSG00000126549
STAU1	False	ENSG00000124214	RESOLVED	HPA	ENSG00000124214	ENSG00000124214
STBD1	False	ENSG00000118804	RESOLVED	HPA	ENSG00000118804	ENSG00000118804
STEAP3	False	ENSG00000115107	RESOLVED	HPA	ENSG00000115107	ENSG00000115107
STIL	False	ENSG00000123473	RESOLVED	HPA	ENSG00000123473	ENSG00000123473
STK11	False	ENSG00000118046	RESOLVED	HPA	ENSG00000118046	ENSG00000118046
STK38L	False	ENSG00000211455	RESOLVED	HPA	ENSG00000211455	ENSG00000211455
STOM	False	ENSG00000148175	RESOLVED	HPA	ENSG00000148175	ENSG00000148175
STOML2	False	ENSG00000165283	RESOLVED	HPA	ENSG00000165283	ENSG00000165283
STOML3	False	ENSG00000133115	RESOLVED	HPA	ENSG00000133115	ENSG00000133115
STRA6	False	ENSG00000137868	RESOLVED	HPA	ENSG00000137868	ENSG00000137868
STRC	False	ENSG00000242866	RESOLVED	HPA	ENSG00000242866	ENSG00000242866
STUB1	False	ENSG00000103266	RESOLVED	HPA	ENSG00000103266	ENSG00000103266
STX1A	False	ENSG00000106089	RESOLVED	HPA	ENSG00000106089	ENSG00000106089
STX3	False	ENSG00000166900	RESOLVED	HPA	ENSG00000166900	ENSG00000166900
STXBP4	False	ENSG00000166263	RESOLVED	HPA	ENSG00000166263	ENSG00000166263
SUCLA2	False	ENSG00000136143	RESOLVED	HPA	ENSG00000136143	ENSG00000136143
SUCLG1	False	ENSG00000163541	RESOLVED	HPA	ENSG00000163541	ENSG00000163541
SUCLG2	False	ENSG00000172340	RESOLVED	HPA	ENSG00000172340	ENSG00000172340
SUFU	False	ENSG00000107882	RESOLVED	HPA	ENSG00000107882	ENSG00000107882
SUGCT	False	ENSG00000175600	RESOLVED	HPA	ENSG00000175600	ENSG00000175600
SUGP1	False	ENSG00000105705	RESOLVED	HPA	ENSG00000105705	ENSG00000105705
SUGP2	False	ENSG00000064607	RESOLVED	HPA	ENSG00000064607	ENSG00000064607
SUMF1	False	ENSG00000144455	RESOLVED	HPA	ENSG00000144455	ENSG00000144455
SUMO1	False	ENSG00000116030	RESOLVED	HPA	ENSG00000116030	ENSG00000116030
SUMO2	False	ENSG00000188612	RESOLVED	HPA	ENSG00000188612	ENSG00000188612
SUMO4	False	ENSG00000177688	RESOLVED	HPA	ENSG00000177688	ENSG00000177688
SUPT16H	False	ENSG00000092201	RESOLVED	HPA	ENSG00000092201	ENSG00000092201
SUPT5H	False	ENSG00000196235	RESOLVED	HPA	ENSG00000196235	ENSG00000196235
SUPT6H	False	ENSG00000109111	RESOLVED	HPA	ENSG00000109111	ENSG00000109111
SV2A	False	ENSG00000159164	RESOLVED	HPA	ENSG00000159164	ENSG00000159164
SWI5	False	ENSG00000175854	RESOLVED	HPA	ENSG00000175854	ENSG00000175854
SYF2	False	ENSG00000117614	RESOLVED	HPA	ENSG00000117614	ENSG00000117614
SYNCRIP	False	ENSG00000135316	RESOLVED	HPA	ENSG00000135316	ENSG00000135316
SYNE1	False	ENSG00000131018	RESOLVED	HPA	ENSG00000131018	ENSG00000131018
SYNGR1	False	ENSG00000100321	RESOLVED	HPA	ENSG00000100321	ENSG00000100321
SYNJ1	False	ENSG00000159082	RESOLVED	HPA	ENSG00000159082	ENSG00000159082
SYNJ2	False	ENSG00000078269	RESOLVED	HPA	ENSG00000078269	ENSG00000078269
SYNRG	False	ENSG00000275066	RESOLVED	HPA	ENSG00000275066	ENSG00000275066
SYP	False	ENSG00000102003	RESOLVED	HPA	ENSG00000102003	ENSG00000102003
SYS1	False	ENSG00000204070	RESOLVED	HPA	ENSG00000204070	ENSG00000204070
TAAR1	False	ENSG00000146399	RESOLVED	HPA	ENSG00000146399	ENSG00000146399
TAAR5	False	ENSG00000135569	RESOLVED	HPA	ENSG00000135569	ENSG00000135569
TAC1	False	ENSG00000006128	RESOLVED	HPA	ENSG00000006128	ENSG00000006128
TACC1	False	ENSG00000147526	RESOLVED	HPA	ENSG00000147526	ENSG00000147526
TACC3	False	ENSG00000013810	RESOLVED	HPA	ENSG00000013810	ENSG00000013810
TAF1	False	ENSG00000147133	RESOLVED	HPA	ENSG00000147133	ENSG00000147133
TAF4	False	ENSG00000130699	RESOLVED	HPA	ENSG00000130699	ENSG00000130699
TAF4B	False	ENSG00000141384	RESOLVED	HPA	ENSG00000141384	ENSG00000141384
TAF6	False	ENSG00000106290	RESOLVED	HPA	ENSG00000106290	ENSG00000106290
TAF7	False	ENSG00000178913	RESOLVED	HPA	ENSG00000178913	ENSG00000178913
TAF9	False	ENSG00000273841	RESOLVED	HPA	ENSG00000273841	ENSG00000273841
TALDO1	False	ENSG00000177156	RESOLVED	HPA	ENSG00000177156	ENSG00000177156
TAPBP	False	ENSG00000231925	RESOLVED	HPA	ENSG00000231925	ENSG00000231925
TARDBP	False	ENSG00000120948	RESOLVED	HPA	ENSG00000120948	ENSG00000120948
TAS2R1	False	ENSG00000169777	RESOLVED	HPA	ENSG00000169777	ENSG00000169777
TAS2R16	False	ENSG00000128519	RESOLVED	HPA	ENSG00000128519	ENSG00000128519
TAS2R38	False	ENSG00000257138	RESOLVED	HPA	ENSG00000257138	ENSG00000257138
TAS2R4	False	ENSG00000127364	RESOLVED	HPA	ENSG00000127364	ENSG00000127364
TAT	False	ENSG00000198650	RESOLVED	HPA	ENSG00000198650	ENSG00000198650
TAZ	False	ENSG00000102125	RESOLVED	GTEx		ENSG00000102125
TBC1D31	False	ENSG00000156787	RESOLVED	HPA	ENSG00000156787	ENSG00000156787
TBC1D32	True	ENSG00000146350	RESOLVED	HPA	ENSG00000146350	ENSG00000146350
TBCC	False	ENSG00000124659	RESOLVED	HPA	ENSG00000124659	ENSG00000124659
TBCD	False	ENSG00000141556	RESOLVED	HPA	ENSG00000141556	ENSG00000141556
TBCK	False	ENSG00000145348	RESOLVED	HPA	ENSG00000145348	ENSG00000145348
TBK1	False	ENSG00000183735	RESOLVED	HPA	ENSG00000183735	ENSG00000183735
TBL1X	False	ENSG00000101849	RESOLVED	HPA	ENSG00000101849	ENSG00000101849
TBL1XR1	False	ENSG00000177565	RESOLVED	HPA	ENSG00000177565	ENSG00000177565
TBL1Y	False	ENSG00000092377	RESOLVED	HPA	ENSG00000092377	ENSG00000092377
TBL2	False	ENSG00000106638	RESOLVED	HPA	ENSG00000106638	ENSG00000106638
TBP	False	ENSG00000112592	RESOLVED	HPA	ENSG00000112592	ENSG00000112592
TBX6	False	ENSG00000149922	RESOLVED	HPA	ENSG00000149922	ENSG00000149922
TBXA2R	False	ENSG00000006638	RESOLVED	HPA	ENSG00000006638	ENSG00000006638
TCAP	False	ENSG00000173991	RESOLVED	HPA	ENSG00000173991	ENSG00000173991
TCEA1	False	ENSG00000187735	RESOLVED	HPA	ENSG00000187735	ENSG00000187735
TCEA2	False	ENSG00000171703	RESOLVED	HPA	ENSG00000171703	ENSG00000171703
TCEA3	False	ENSG00000204219	RESOLVED	HPA	ENSG00000204219	ENSG00000204219
TCERG1	False	ENSG00000113649	RESOLVED	HPA	ENSG00000113649	ENSG00000113649
TCERG1L	False	ENSG00000176769	RESOLVED	HPA	ENSG00000176769	ENSG00000176769
TCF15	False	ENSG00000125878	RESOLVED	HPA	ENSG00000125878	ENSG00000125878
TCOF1	False	ENSG00000070814	RESOLVED	HPA	ENSG00000070814	ENSG00000070814
TCP1	False	ENSG00000120438	RESOLVED	HPA	ENSG00000120438	ENSG00000120438
TCTE3	False	ENSG00000184786	RESOLVED	GTEx		ENSG00000184786
TCTEX1D1	False	ENSG00000152760	RESOLVED	GTEx		ENSG00000152760
TCTEX1D2	False	ENSG00000213123	RESOLVED	GTEx		ENSG00000213123
TCTEX1D4	False	ENSG00000188396	RESOLVED	GTEx		ENSG00000188396
TCTN1	False	ENSG00000204852	RESOLVED	HPA	ENSG00000204852	ENSG00000204852
TCTN2	False	ENSG00000168778	RESOLVED	HPA	ENSG00000168778	ENSG00000168778
TCTN3	False	ENSG00000119977	RESOLVED	HPA	ENSG00000119977	ENSG00000119977
TDG	False	ENSG00000139372	RESOLVED	HPA	ENSG00000139372	ENSG00000139372
TDRD9	False	ENSG00000156414	RESOLVED	HPA	ENSG00000156414	ENSG00000156414
TECTB	False	ENSG00000119913	RESOLVED	HPA	ENSG00000119913	ENSG00000119913
TEKT1	False	ENSG00000167858	RESOLVED	HPA	ENSG00000167858	ENSG00000167858
TEKT2	False	ENSG00000092850	RESOLVED	HPA	ENSG00000092850	ENSG00000092850
TEKT3	False	ENSG00000125409	RESOLVED	HPA	ENSG00000125409	ENSG00000125409
TEKT4	False	ENSG00000163060	RESOLVED	HPA	ENSG00000163060	ENSG00000163060
TELO2	False	ENSG00000100726	RESOLVED	HPA	ENSG00000100726	ENSG00000100726
TENT4A	False	ENSG00000112941	RESOLVED	HPA	ENSG00000112941	
TERT	False	ENSG00000164362	RESOLVED	HPA	ENSG00000164362	ENSG00000164362
TEX10	False	ENSG00000136891	RESOLVED	HPA	ENSG00000136891	ENSG00000136891
TEX29	False	ENSG00000153495	RESOLVED	HPA	ENSG00000153495	ENSG00000153495
TFAP2A	False	ENSG00000137203	RESOLVED	HPA	ENSG00000137203	ENSG00000137203
TFAP4	False	ENSG00000090447	RESOLVED	HPA	ENSG00000090447	ENSG00000090447
TFEB	False	ENSG00000112561	RESOLVED	HPA	ENSG00000112561	ENSG00000112561
TFIP11	False	ENSG00000100109	RESOLVED	HPA	ENSG00000100109	ENSG00000100109
TFPI2	False	ENSG00000105825	RESOLVED	HPA	ENSG00000105825	ENSG00000105825
TFPT	False	ENSG00000105619	RESOLVED	HPA	ENSG00000105619	ENSG00000105619
TFR2	False	ENSG00000106327	RESOLVED	HPA	ENSG00000106327	ENSG00000106327
TFRC	False	ENSG00000072274	RESOLVED	HPA	ENSG00000072274	ENSG00000072274
TGFB1	False	ENSG00000105329	RESOLVED	HPA	ENSG00000105329	ENSG00000105329
TGFBR1	False	ENSG00000106799	RESOLVED	HPA	ENSG00000106799	ENSG00000106799
TGFBR2	False	ENSG00000163513	RESOLVED	HPA	ENSG00000163513	ENSG00000163513
TGFBR3	False	ENSG00000069702	RESOLVED	HPA	ENSG00000069702	ENSG00000069702
TGM5	False	ENSG00000104055	RESOLVED	HPA	ENSG00000104055	ENSG00000104055
TGM7	False	ENSG00000159495	RESOLVED	HPA	ENSG00000159495	ENSG00000159495
TH	False	ENSG00000180176	RESOLVED	HPA	ENSG00000180176	ENSG00000180176
THBS1	False	ENSG00000137801	RESOLVED	HPA	ENSG00000137801	ENSG00000137801
THEM6	False	ENSG00000130193	RESOLVED	HPA	ENSG00000130193	ENSG00000130193
THNSL1	False	ENSG00000185875	RESOLVED	HPA	ENSG00000185875	ENSG00000185875
THNSL2	False	ENSG00000144115	RESOLVED	HPA	ENSG00000144115	ENSG00000144115
THOC1	False	ENSG00000079134	RESOLVED	HPA	ENSG00000079134	ENSG00000079134
THOC2	False	ENSG00000125676	RESOLVED	HPA	ENSG00000125676	ENSG00000125676
THRAP3	False	ENSG00000054118	RESOLVED	HPA	ENSG00000054118	ENSG00000054118
THRB	False	ENSG00000151090	RESOLVED	HPA	ENSG00000151090	ENSG00000151090
THRSP	False	ENSG00000151365	RESOLVED	HPA	ENSG00000151365	ENSG00000151365
THUMPD2	False	ENSG00000138050	RESOLVED	HPA	ENSG00000138050	ENSG00000138050
THYN1	False	ENSG00000151500	RESOLVED	HPA	ENSG00000151500	ENSG00000151500
TIA1	False	ENSG00000116001	RESOLVED	HPA	ENSG00000116001	ENSG00000116001
TIGAR	False	ENSG00000078237	RESOLVED	HPA	ENSG00000078237	ENSG00000078237
TIMD4	False	ENSG00000145850	RESOLVED	HPA	ENSG00000145850	ENSG00000145850
TIMM10	False	ENSG00000134809	RESOLVED	HPA	ENSG00000134809	ENSG00000134809
TIMM13	False	ENSG00000099800	RESOLVED	HPA	ENSG00000099800	ENSG00000099800
TIMM17A	False	ENSG00000134375	RESOLVED	HPA	ENSG00000134375	ENSG00000134375
TIMM17B	False	ENSG00000126768	RESOLVED	HPA	ENSG00000126768	ENSG00000126768
TIMM21	False	ENSG00000075336	RESOLVED	HPA	ENSG00000075336	ENSG00000075336
TIMM22	False	ENSG00000177370	RESOLVED	HPA	ENSG00000177370	ENSG00000177370
TIMM23	False	ENSG00000265354	RESOLVED	HPA	ENSG00000265354	ENSG00000265354
TIMM44	False	ENSG00000104980	RESOLVED	HPA	ENSG00000104980	ENSG00000104980
TIMM50	False	ENSG00000105197	RESOLVED	HPA	ENSG00000105197	ENSG00000105197
TIMM8A	False	ENSG00000126953	RESOLVED	HPA	ENSG00000126953	ENSG00000126953
TIMM8B	False	ENSG00000150779	RESOLVED	HPA	ENSG00000150779	ENSG00000150779
TIMM9	False	ENSG00000100575	RESOLVED	HPA	ENSG00000100575	ENSG00000100575
TIMP2	False	ENSG00000035862	RESOLVED	HPA	ENSG00000035862	ENSG00000035862
TIMP3	False	ENSG00000100234	RESOLVED	HPA	ENSG00000100234	ENSG00000100234
TIRAP	False	ENSG00000150455	RESOLVED	HPA	ENSG00000150455	ENSG00000150455
TJAP1	False	ENSG00000137221	RESOLVED	HPA	ENSG00000137221	ENSG00000137221
TJP1	False	ENSG00000104067	RESOLVED	HPA	ENSG00000104067	ENSG00000104067
TK1	False	ENSG00000167900	RESOLVED	HPA	ENSG00000167900	ENSG00000167900
TKFC	False	ENSG00000149476	RESOLVED	HPA	ENSG00000149476	ENSG00000149476
TKT	False	ENSG00000163931	RESOLVED	HPA	ENSG00000163931	ENSG00000163931
TKTL1	False	ENSG00000007350	RESOLVED	HPA	ENSG00000007350	ENSG00000007350
TKTL2	False	ENSG00000151005	RESOLVED	HPA	ENSG00000151005	ENSG00000151005
TLR2	False	ENSG00000137462	RESOLVED	HPA	ENSG00000137462	ENSG00000137462
TLR4	False	ENSG00000136869	RESOLVED	HPA	ENSG00000136869	ENSG00000136869
TM4SF1	False	ENSG00000169908	RESOLVED	HPA	ENSG00000169908	ENSG00000169908
TM4SF19	False	ENSG00000145107	RESOLVED	HPA	ENSG00000145107	ENSG00000145107
TM4SF5	False	ENSG00000142484	RESOLVED	HPA	ENSG00000142484	ENSG00000142484
TM7SF2	False	ENSG00000149809	RESOLVED	HPA	ENSG00000149809	ENSG00000149809
TMC1	False	ENSG00000165091	RESOLVED	HPA	ENSG00000165091	ENSG00000165091
TMEM107	False	ENSG00000179029	RESOLVED	HPA	ENSG00000179029	ENSG00000179029
TMEM119	False	ENSG00000183160	RESOLVED	HPA	ENSG00000183160	ENSG00000183160
TMEM129	False	ENSG00000168936	RESOLVED	HPA	ENSG00000168936	ENSG00000168936
TMEM138	False	ENSG00000149483	RESOLVED	HPA	ENSG00000149483	ENSG00000149483
TMEM17	False	ENSG00000186889	RESOLVED	HPA	ENSG00000186889	ENSG00000186889
TMEM170A	False	ENSG00000166822	RESOLVED	HPA	ENSG00000166822	ENSG00000166822
TMEM19	False	ENSG00000139291	RESOLVED	HPA	ENSG00000139291	ENSG00000139291
TMEM204	False	ENSG00000131634	RESOLVED	HPA	ENSG00000131634	ENSG00000131634
TMEM208	False	ENSG00000168701	RESOLVED	HPA	ENSG00000168701	ENSG00000168701
TMEM214	False	ENSG00000119777	RESOLVED	HPA	ENSG00000119777	ENSG00000119777
TMEM216	True	ENSG00000187049	RESOLVED	HPA	ENSG00000187049	ENSG00000187049
TMEM218	False	ENSG00000150433	RESOLVED	HPA	ENSG00000150433	ENSG00000150433
TMEM231	False	ENSG00000205084	RESOLVED	HPA	ENSG00000205084	ENSG00000205084
TMEM236	False	ENSG00000148483	RESOLVED	HPA	ENSG00000148483	ENSG00000148483
TMEM237	False	ENSG00000155755	RESOLVED	HPA	ENSG00000155755	ENSG00000155755
TMEM254	False	ENSG00000133678	RESOLVED	HPA	ENSG00000133678	ENSG00000133678
TMEM260	False	ENSG00000070269	RESOLVED	HPA	ENSG00000070269	ENSG00000070269
TMEM38B	False	ENSG00000095209	RESOLVED	HPA	ENSG00000095209	ENSG00000095209
TMEM39B	False	ENSG00000121775	RESOLVED	HPA	ENSG00000121775	ENSG00000121775
TMEM59	False	ENSG00000116209	RESOLVED	HPA	ENSG00000116209	ENSG00000116209
TMEM67	False	ENSG00000164953	RESOLVED	HPA	ENSG00000164953	ENSG00000164953
TMEM80	False	ENSG00000177042	RESOLVED	HPA	ENSG00000177042	ENSG00000177042
TMEM82	False	ENSG00000162460	RESOLVED	HPA	ENSG00000162460	ENSG00000162460
TMEM87B	False	ENSG00000153214	RESOLVED	HPA	ENSG00000153214	ENSG00000153214
TMEM98	False	ENSG00000006042	RESOLVED	HPA	ENSG00000006042	ENSG00000006042
TMEM9B	False	ENSG00000175348	RESOLVED	HPA	ENSG00000175348	ENSG00000175348
TMIGD2	False	ENSG00000167664	RESOLVED	HPA	ENSG00000167664	ENSG00000167664
TMPO	False	ENSG00000120802	RESOLVED	HPA	ENSG00000120802	ENSG00000120802
TMPRSS3	False	ENSG00000160183	RESOLVED	HPA	ENSG00000160183	ENSG00000160183
TMPRSS4	False	ENSG00000137648	RESOLVED	HPA	ENSG00000137648	ENSG00000137648
TMTC1	False	ENSG00000133687	RESOLVED	HPA	ENSG00000133687	ENSG00000133687
TNF	False	ENSG00000232810	RESOLVED	HPA	ENSG00000232810	ENSG00000232810
TNFAIP1	False	ENSG00000109079	RESOLVED	HPA	ENSG00000109079	ENSG00000109079
TNFRSF10A	False	ENSG00000104689	RESOLVED	HPA	ENSG00000104689	ENSG00000104689
TNFRSF10B	False	ENSG00000120889	RESOLVED	HPA	ENSG00000120889	ENSG00000120889
TNFRSF1A	False	ENSG00000067182	RESOLVED	HPA	ENSG00000067182	ENSG00000067182
TNFSF13B	False	ENSG00000102524	RESOLVED	HPA	ENSG00000102524	ENSG00000102524
TNK2	False	ENSG00000061938	RESOLVED	HPA	ENSG00000061938	ENSG00000061938
TNKS2	False	ENSG00000107854	RESOLVED	HPA	ENSG00000107854	ENSG00000107854
TNPO1	False	ENSG00000083312	RESOLVED	HPA	ENSG00000083312	ENSG00000083312
TOMM20	False	ENSG00000173726	RESOLVED	HPA	ENSG00000173726	ENSG00000173726
TOMM22	False	ENSG00000100216	RESOLVED	HPA	ENSG00000100216	ENSG00000100216
TOMM40	False	ENSG00000130204	RESOLVED	HPA	ENSG00000130204	ENSG00000130204
TOMM5	False	ENSG00000175768	RESOLVED	HPA	ENSG00000175768	ENSG00000175768
TOMM6	False	ENSG00000214736	RESOLVED	HPA	ENSG00000214736	ENSG00000214736
TOMM7	False	ENSG00000196683	RESOLVED	HPA	ENSG00000196683	ENSG00000196683
TOMM70	False	ENSG00000154174	RESOLVED	HPA	ENSG00000154174	ENSG00000154174
TOP1	False	ENSG00000198900	RESOLVED	HPA	ENSG00000198900	ENSG00000198900
TOP1MT	False	ENSG00000184428	RESOLVED	HPA	ENSG00000184428	ENSG00000184428
TOP3B	False	ENSG00000100038	RESOLVED	HPA	ENSG00000100038	ENSG00000100038
TOPORS	True	ENSG00000197579	RESOLVED	HPA	ENSG00000197579	ENSG00000197579
TOR1AIP1	False	ENSG00000143337	RESOLVED	HPA	ENSG00000143337	ENSG00000143337
TOX3	False	ENSG00000103460	RESOLVED	HPA	ENSG00000103460	ENSG00000103460
TP53	False	ENSG00000141510	RESOLVED	HPA	ENSG00000141510	ENSG00000141510
TP53BP1	False	ENSG00000067369	RESOLVED	HPA	ENSG00000067369	ENSG00000067369
TP53I13	False	ENSG00000167543	RESOLVED	HPA	ENSG00000167543	ENSG00000167543
TPI1	False	ENSG00000111669	RESOLVED	HPA	ENSG00000111669	ENSG00000111669
TPM1	False	ENSG00000140416	RESOLVED	HPA	ENSG00000140416	ENSG00000140416
TPM3	False	ENSG00000143549	RESOLVED	HPA	ENSG00000143549	ENSG00000143549
TPMT	False	ENSG00000137364	RESOLVED	HPA	ENSG00000137364	ENSG00000137364
TPP1	False	ENSG00000166340	RESOLVED	HPA	ENSG00000166340	ENSG00000166340
TPR	False	ENSG00000047410	RESOLVED	HPA	ENSG00000047410	ENSG00000047410
TPRA1	False	ENSG00000163870	RESOLVED	HPA	ENSG00000163870	ENSG00000163870
TPRX1	False	ENSG00000178928	RESOLVED	HPA	ENSG00000178928	ENSG00000178928
TRA2A	False	ENSG00000164548	RESOLVED	HPA	ENSG00000164548	ENSG00000164548
TRA2B	False	ENSG00000136527	RESOLVED	HPA	ENSG00000136527	ENSG00000136527
TRABD	False	ENSG00000170638	RESOLVED	HPA	ENSG00000170638	ENSG00000170638
TRAF3	False	ENSG00000131323	RESOLVED	HPA	ENSG00000131323	ENSG00000131323
TRAF3IP1	False	ENSG00000204104	RESOLVED	HPA	ENSG00000204104	ENSG00000204104
TRAK1	False	ENSG00000182606	RESOLVED	HPA	ENSG00000182606	ENSG00000182606
TRAP1	False	ENSG00000126602	RESOLVED	HPA	ENSG00000126602	ENSG00000126602
TRAPPC11	False	ENSG00000168538	RESOLVED	HPA	ENSG00000168538	ENSG00000168538
TRAPPC2	False	ENSG00000196459	RESOLVED	HPA	ENSG00000196459	ENSG00000196459
TRAPPC6B	False	ENSG00000182400	RESOLVED	HPA	ENSG00000182400	ENSG00000182400
TREH	False	ENSG00000118094	RESOLVED	HPA	ENSG00000118094	ENSG00000118094
TREM2	False	ENSG00000095970	RESOLVED	HPA	ENSG00000095970	ENSG00000095970
TRHR	False	ENSG00000174417	RESOLVED	HPA	ENSG00000174417	ENSG00000174417
TRIB1	False	ENSG00000173334	RESOLVED	HPA	ENSG00000173334	ENSG00000173334
TRIM23	False	ENSG00000113595	RESOLVED	HPA	ENSG00000113595	ENSG00000113595
TRIM24	False	ENSG00000122779	RESOLVED	HPA	ENSG00000122779	ENSG00000122779
TRIM26	False	ENSG00000234127	RESOLVED	HPA	ENSG00000234127	ENSG00000234127
TRIM27	False	ENSG00000204713	RESOLVED	HPA	ENSG00000204713	ENSG00000204713
TRIM28	False	ENSG00000130726	RESOLVED	HPA	ENSG00000130726	ENSG00000130726
TRIM32	False	ENSG00000119401	RESOLVED	HPA	ENSG00000119401	ENSG00000119401
TRIM56	False	ENSG00000169871	RESOLVED	HPA	ENSG00000169871	ENSG00000169871
TRIM66	False	ENSG00000166436	RESOLVED	HPA	ENSG00000166436	ENSG00000166436
TRIOBP	False	ENSG00000100106	RESOLVED	HPA	ENSG00000100106	ENSG00000100106
TRIP10	False	ENSG00000125733	RESOLVED	HPA	ENSG00000125733	ENSG00000125733
TRIP12	False	ENSG00000153827	RESOLVED	HPA	ENSG00000153827	ENSG00000153827
TRIP13	False	ENSG00000071539	RESOLVED	HPA	ENSG00000071539	ENSG00000071539
TRIP4	False	ENSG00000103671	RESOLVED	HPA	ENSG00000103671	ENSG00000103671
TRIT1	False	ENSG00000043514	RESOLVED	HPA	ENSG00000043514	ENSG00000043514
TRMT6	False	ENSG00000089195	RESOLVED	HPA	ENSG00000089195	ENSG00000089195
TRNAU1AP	False	ENSG00000180098	RESOLVED	HPA	ENSG00000180098	ENSG00000180098
TRNT1	False	ENSG00000072756	RESOLVED	HPA	ENSG00000072756	ENSG00000072756
TRPA1	False	ENSG00000104321	RESOLVED	HPA	ENSG00000104321	ENSG00000104321
TRPC6	False	ENSG00000137672	RESOLVED	HPA	ENSG00000137672	ENSG00000137672
TRPM1	False	ENSG00000134160	RESOLVED	HPA	ENSG00000134160	ENSG00000134160
TRPV1	False	ENSG00000196689	RESOLVED	HPA	ENSG00000196689	ENSG00000196689
TRRAP	False	ENSG00000196367	RESOLVED	HPA	ENSG00000196367	ENSG00000196367
TSC1	False	ENSG00000165699	RESOLVED	HPA	ENSG00000165699	ENSG00000165699
TSC22D3	False	ENSG00000157514	RESOLVED	HPA	ENSG00000157514	ENSG00000157514
TSFM	False	ENSG00000123297	RESOLVED	HPA	ENSG00000123297	ENSG00000123297
TSG101	False	ENSG00000074319	RESOLVED	HPA	ENSG00000074319	ENSG00000074319
TSPAN1	False	ENSG00000117472	RESOLVED	HPA	ENSG00000117472	ENSG00000117472
TSPAN12	False	ENSG00000106025	RESOLVED	HPA	ENSG00000106025	ENSG00000106025
TSPEAR	False	ENSG00000175894	RESOLVED	HPA	ENSG00000175894	ENSG00000175894
TSPY10	False	ENSG00000236424	RESOLVED	HPA	ENSG00000236424	ENSG00000236424
TSSC4	False	ENSG00000184281	RESOLVED	HPA	ENSG00000184281	ENSG00000184281
TTBK2	False	ENSG00000128881	RESOLVED	HPA	ENSG00000128881	ENSG00000128881
TTC21A	False	ENSG00000168026	RESOLVED	HPA	ENSG00000168026	ENSG00000168026
TTC21B	False	ENSG00000123607	RESOLVED	HPA	ENSG00000123607	ENSG00000123607
TTC25	False	ENSG00000204815	RESOLVED	GTEx		ENSG00000204815
TTC26	False	ENSG00000105948	RESOLVED	HPA	ENSG00000105948	ENSG00000105948
TTC27	False	ENSG00000018699	RESOLVED	HPA	ENSG00000018699	ENSG00000018699
TTC29	False	ENSG00000137473	RESOLVED	HPA	ENSG00000137473	ENSG00000137473
TTC30A	False	ENSG00000197557	RESOLVED	HPA	ENSG00000197557	ENSG00000197557
TTC30B	False	ENSG00000196659	RESOLVED	HPA	ENSG00000196659	ENSG00000196659
TTC5	False	ENSG00000136319	RESOLVED	HPA	ENSG00000136319	ENSG00000136319
TTC8	True	ENSG00000165533	RESOLVED	HPA	ENSG00000165533	ENSG00000165533
TTK	False	ENSG00000112742	RESOLVED	HPA	ENSG00000112742	ENSG00000112742
TTL	False	ENSG00000114999	RESOLVED	HPA	ENSG00000114999	ENSG00000114999
TTLL1	False	ENSG00000100271	RESOLVED	HPA	ENSG00000100271	ENSG00000100271
TTLL10	False	ENSG00000162571	RESOLVED	HPA	ENSG00000162571	ENSG00000162571
TTLL11	False	ENSG00000175764	RESOLVED	HPA	ENSG00000175764	ENSG00000175764
TTLL4	False	ENSG00000135912	RESOLVED	HPA	ENSG00000135912	ENSG00000135912
TTLL5	False	ENSG00000119685	RESOLVED	HPA	ENSG00000119685	ENSG00000119685
TTLL6	False	ENSG00000170703	RESOLVED	HPA	ENSG00000170703	ENSG00000170703
TTLL7	False	ENSG00000137941	RESOLVED	HPA	ENSG00000137941	ENSG00000137941
TTN	False	ENSG00000155657	RESOLVED	HPA	ENSG00000155657	ENSG00000155657
TTR	False	ENSG00000118271	RESOLVED	HPA	ENSG00000118271	ENSG00000118271
TUB	False	ENSG00000166402	RESOLVED	HPA	ENSG00000166402	ENSG00000166402
TUBA1A	False	ENSG00000167552	RESOLVED	HPA	ENSG00000167552	ENSG00000167552
TUBA1B	False	ENSG00000123416	RESOLVED	HPA	ENSG00000123416	ENSG00000123416
TUBA1C	False	ENSG00000167553	RESOLVED	HPA	ENSG00000167553	ENSG00000167553
TUBA3D	False	ENSG00000075886	RESOLVED	HPA	ENSG00000075886	ENSG00000075886
TUBA3E	False	ENSG00000152086	RESOLVED	HPA	ENSG00000152086	ENSG00000152086
TUBA4A	False	ENSG00000127824	RESOLVED	HPA	ENSG00000127824	ENSG00000127824
TUBA8	False	ENSG00000183785	RESOLVED	HPA	ENSG00000183785	ENSG00000183785
TUBAL3	False	ENSG00000178462	RESOLVED	HPA	ENSG00000178462	ENSG00000178462
TUBB	False	ENSG00000196230	RESOLVED	HPA	ENSG00000196230	ENSG00000196230
TUBB1	False	ENSG00000101162	RESOLVED	HPA	ENSG00000101162	ENSG00000101162
TUBB2A	False	ENSG00000137267	RESOLVED	HPA	ENSG00000137267	ENSG00000137267
TUBB2B	False	ENSG00000137285	RESOLVED	HPA	ENSG00000137285	ENSG00000137285
TUBB3	False	ENSG00000258947	RESOLVED	HPA	ENSG00000258947	ENSG00000258947
TUBB4A	False	ENSG00000104833	RESOLVED	HPA	ENSG00000104833	ENSG00000104833
TUBB4B	False	ENSG00000188229	RESOLVED	HPA	ENSG00000188229	ENSG00000188229
TUBB6	False	ENSG00000176014	RESOLVED	HPA	ENSG00000176014	ENSG00000176014
TUBB8	False	ENSG00000261456	RESOLVED	HPA	ENSG00000261456	ENSG00000261456
TUBE1	False	ENSG00000074935	RESOLVED	HPA	ENSG00000074935	ENSG00000074935
TUBG1	False	ENSG00000131462	RESOLVED	HPA	ENSG00000131462	ENSG00000131462
TUBG2	False	ENSG00000037042	RESOLVED	HPA	ENSG00000037042	ENSG00000037042
TUBGCP2	False	ENSG00000130640	RESOLVED	HPA	ENSG00000130640	ENSG00000130640
TUBGCP3	False	ENSG00000126216	RESOLVED	HPA	ENSG00000126216	ENSG00000126216
TUBGCP4	False	ENSG00000137822	RESOLVED	HPA	ENSG00000137822	ENSG00000137822
TUBGCP5	False	ENSG00000275835	RESOLVED	HPA	ENSG00000275835	ENSG00000275835
TUBGCP6	False	ENSG00000128159	RESOLVED	HPA	ENSG00000128159	ENSG00000128159
TUFM	False	ENSG00000178952	RESOLVED	HPA	ENSG00000178952	ENSG00000178952
TULP1	True	ENSG00000112041	RESOLVED	HPA	ENSG00000112041	ENSG00000112041
TULP2	False	ENSG00000104804	RESOLVED	HPA	ENSG00000104804	ENSG00000104804
TULP3	False	ENSG00000078246	RESOLVED	HPA	ENSG00000078246	ENSG00000078246
TULP4	False	ENSG00000130338	RESOLVED	HPA	ENSG00000130338	ENSG00000130338
TUT1	False	ENSG00000149016	RESOLVED	HPA	ENSG00000149016	ENSG00000149016
TVP23C	False	ENSG00000175106	RESOLVED	HPA	ENSG00000175106	ENSG00000175106
TVP23C-CDRT4	False	ENSG00000259024	RESOLVED	HPA	ENSG00000259024	
TXLNB	False	ENSG00000164440	RESOLVED	HPA	ENSG00000164440	ENSG00000164440
TXN	False	ENSG00000136810	RESOLVED	HPA	ENSG00000136810	ENSG00000136810
TXNIP	False	ENSG00000265972	RESOLVED	HPA	ENSG00000265972	ENSG00000265972
TXNL4A	False	ENSG00000141759	RESOLVED	HPA	ENSG00000141759	ENSG00000141759
TXNL4B	False	ENSG00000140830	RESOLVED	HPA	ENSG00000140830	ENSG00000140830
TXNRD1	False	ENSG00000198431	RESOLVED	HPA	ENSG00000198431	ENSG00000198431
TXNRD2	False	ENSG00000184470	RESOLVED	HPA	ENSG00000184470	ENSG00000184470
TXNRD3	False	ENSG00000197763	RESOLVED	HPA	ENSG00000197763	ENSG00000197763
TYMS	False	ENSG00000176890	RESOLVED	HPA	ENSG00000176890	ENSG00000176890
TYR	False	ENSG00000077498	RESOLVED	HPA	ENSG00000077498	ENSG00000077498
TYRO3	False	ENSG00000092445	RESOLVED	HPA	ENSG00000092445	ENSG00000092445
U2AF1	False	ENSG00000160201	RESOLVED	HPA	ENSG00000160201	ENSG00000160201
U2AF1L4	False	ENSG00000161265	RESOLVED	HPA	ENSG00000161265	ENSG00000161265
U2AF2	False	ENSG00000063244	RESOLVED	HPA	ENSG00000063244	ENSG00000063244
U2SURP	False	ENSG00000163714	RESOLVED	HPA	ENSG00000163714	ENSG00000163714
UACA	False	ENSG00000137831	RESOLVED	HPA	ENSG00000137831	ENSG00000137831
UBA1	False	ENSG00000130985	RESOLVED	HPA	ENSG00000130985	ENSG00000130985
UBA2	False	ENSG00000126261	RESOLVED	HPA	ENSG00000126261	ENSG00000126261
UBA52	False	ENSG00000221983	RESOLVED	HPA	ENSG00000221983	ENSG00000221983
UBA6	False	ENSG00000033178	RESOLVED	HPA	ENSG00000033178	ENSG00000033178
UBAC1	False	ENSG00000130560	RESOLVED	HPA	ENSG00000130560	ENSG00000130560
UBAP1	False	ENSG00000165006	RESOLVED	HPA	ENSG00000165006	ENSG00000165006
UBAP1L	True	ENSG00000246922	RESOLVED	HPA	ENSG00000246922	ENSG00000246922
UBB	False	ENSG00000170315	RESOLVED	HPA	ENSG00000170315	ENSG00000170315
UBC	False	ENSG00000150991	RESOLVED	HPA	ENSG00000150991	ENSG00000150991
UBD	False	ENSG00000213886	RESOLVED	HPA	ENSG00000213886	ENSG00000213886
UBE2C	False	ENSG00000175063	RESOLVED	HPA	ENSG00000175063	ENSG00000175063
UBE2D1	False	ENSG00000072401	RESOLVED	HPA	ENSG00000072401	ENSG00000072401
UBE2D2	False	ENSG00000131508	RESOLVED	HPA	ENSG00000131508	ENSG00000131508
UBE2D3	False	ENSG00000109332	RESOLVED	HPA	ENSG00000109332	ENSG00000109332
UBE2E1	False	ENSG00000170142	RESOLVED	HPA	ENSG00000170142	ENSG00000170142
UBE2E3	False	ENSG00000170035	RESOLVED	HPA	ENSG00000170035	ENSG00000170035
UBE2I	False	ENSG00000103275	RESOLVED	HPA	ENSG00000103275	ENSG00000103275
UBE2S	False	ENSG00000108106	RESOLVED	HPA	ENSG00000108106	ENSG00000108106
UBIAD1	False	ENSG00000120942	RESOLVED	HPA	ENSG00000120942	ENSG00000120942
UBL5	False	ENSG00000198258	RESOLVED	HPA	ENSG00000198258	ENSG00000198258
UBQLN2	False	ENSG00000188021	RESOLVED	HPA	ENSG00000188021	ENSG00000188021
UBR4	False	ENSG00000127481	RESOLVED	HPA	ENSG00000127481	ENSG00000127481
UBR5	False	ENSG00000104517	RESOLVED	HPA	ENSG00000104517	ENSG00000104517
UBXN7	False	ENSG00000163960	RESOLVED	HPA	ENSG00000163960	ENSG00000163960
UEVLD	False	ENSG00000151116	RESOLVED	HPA	ENSG00000151116	ENSG00000151116
UFD1	False	ENSG00000070010	RESOLVED	HPA	ENSG00000070010	
UGP2	False	ENSG00000169764	RESOLVED	HPA	ENSG00000169764	ENSG00000169764
UHMK1	False	ENSG00000152332	RESOLVED	HPA	ENSG00000152332	ENSG00000152332
UHRF1BP1	False	ENSG00000065060	RESOLVED	GTEx		ENSG00000065060
ULK4	False	ENSG00000168038	RESOLVED	HPA	ENSG00000168038	ENSG00000168038
UMPS	False	ENSG00000114491	RESOLVED	HPA	ENSG00000114491	ENSG00000114491
UNC119	False	ENSG00000109103	RESOLVED	HPA	ENSG00000109103	ENSG00000109103
UNC119B	False	ENSG00000175970	RESOLVED	HPA	ENSG00000175970	ENSG00000175970
UNC13A	False	ENSG00000130477	RESOLVED	HPA	ENSG00000130477	ENSG00000130477
UNC5D	False	ENSG00000156687	RESOLVED	HPA	ENSG00000156687	ENSG00000156687
UNC93A	False	ENSG00000112494	RESOLVED	HPA	ENSG00000112494	ENSG00000112494
UPF1	False	ENSG00000005007	RESOLVED	HPA	ENSG00000005007	ENSG00000005007
UPF3B	False	ENSG00000125351	RESOLVED	HPA	ENSG00000125351	ENSG00000125351
UPRT	False	ENSG00000094841	RESOLVED	HPA	ENSG00000094841	ENSG00000094841
UQCC1	False	ENSG00000101019	RESOLVED	HPA	ENSG00000101019	ENSG00000101019
UQCR10	False	ENSG00000184076	RESOLVED	HPA	ENSG00000184076	ENSG00000184076
UQCRC1	False	ENSG00000010256	RESOLVED	HPA	ENSG00000010256	ENSG00000010256
UQCRC2	False	ENSG00000140740	RESOLVED	HPA	ENSG00000140740	ENSG00000140740
UQCRFS1	False	ENSG00000169021	RESOLVED	HPA	ENSG00000169021	ENSG00000169021
UQCRQ	False	ENSG00000164405	RESOLVED	HPA	ENSG00000164405	ENSG00000164405
URI1	False	ENSG00000105176	RESOLVED	HPA	ENSG00000105176	ENSG00000105176
UROD	False	ENSG00000126088	RESOLVED	HPA	ENSG00000126088	ENSG00000126088
UROS	False	ENSG00000188690	RESOLVED	HPA	ENSG00000188690	ENSG00000188690
USF1	False	ENSG00000158773	RESOLVED	HPA	ENSG00000158773	ENSG00000158773
USH1C	False	ENSG00000006611	RESOLVED	HPA	ENSG00000006611	ENSG00000006611
USH1G	False	ENSG00000182040	RESOLVED	HPA	ENSG00000182040	ENSG00000182040
USH2A	True	ENSG00000042781	RESOLVED	HPA	ENSG00000042781	ENSG00000042781
USP10	False	ENSG00000103194	RESOLVED	HPA	ENSG00000103194	ENSG00000103194
USP14	False	ENSG00000101557	RESOLVED	HPA	ENSG00000101557	ENSG00000101557
USP15	False	ENSG00000135655	RESOLVED	HPA	ENSG00000135655	ENSG00000135655
USP16	False	ENSG00000156256	RESOLVED	HPA	ENSG00000156256	ENSG00000156256
USP39	False	ENSG00000168883	RESOLVED	HPA	ENSG00000168883	ENSG00000168883
USP4	False	ENSG00000114316	RESOLVED	HPA	ENSG00000114316	ENSG00000114316
USP45	False	ENSG00000123552	RESOLVED	HPA	ENSG00000123552	ENSG00000123552
USP49	False	ENSG00000164663	RESOLVED	HPA	ENSG00000164663	ENSG00000164663
USP5	False	ENSG00000111667	RESOLVED	HPA	ENSG00000111667	ENSG00000111667
USP7	False	ENSG00000187555	RESOLVED	HPA	ENSG00000187555	ENSG00000187555
USP9X	False	ENSG00000124486	RESOLVED	HPA	ENSG00000124486	ENSG00000124486
UTP14A	False	ENSG00000156697	RESOLVED	HPA	ENSG00000156697	ENSG00000156697
UTP14C	False	ENSG00000253797	RESOLVED	HPA	ENSG00000253797	ENSG00000253797
UTP25	False	ENSG00000117597	RESOLVED	HPA	ENSG00000117597	
UTP6	False	ENSG00000108651	RESOLVED	HPA	ENSG00000108651	ENSG00000108651
UTRN	False	ENSG00000152818	RESOLVED	HPA	ENSG00000152818	ENSG00000152818
VAMP3	False	ENSG00000049245	RESOLVED	HPA	ENSG00000049245	ENSG00000049245
VANGL1	False	ENSG00000173218	RESOLVED	HPA	ENSG00000173218	ENSG00000173218
VANGL2	False	ENSG00000162738	RESOLVED	HPA	ENSG00000162738	ENSG00000162738
VAPB	False	ENSG00000124164	RESOLVED	HPA	ENSG00000124164	ENSG00000124164
VARS1	False	ENSG00000204394	RESOLVED	HPA	ENSG00000204394	
VASP	False	ENSG00000125753	RESOLVED	HPA	ENSG00000125753	ENSG00000125753
VCP	False	ENSG00000165280	RESOLVED	HPA	ENSG00000165280	ENSG00000165280
VDAC1	False	ENSG00000213585	RESOLVED	HPA	ENSG00000213585	ENSG00000213585
VDAC2	False	ENSG00000165637	RESOLVED	HPA	ENSG00000165637	ENSG00000165637
VDAC3	False	ENSG00000078668	RESOLVED	HPA	ENSG00000078668	ENSG00000078668
VEZT	False	ENSG00000028203	RESOLVED	HPA	ENSG00000028203	ENSG00000028203
VIRMA	False	ENSG00000164944	RESOLVED	HPA	ENSG00000164944	
VPS13B	False	ENSG00000132549	RESOLVED	HPA	ENSG00000132549	ENSG00000132549
VPS16	False	ENSG00000215305	RESOLVED	HPA	ENSG00000215305	ENSG00000215305
VPS25	False	ENSG00000131475	RESOLVED	HPA	ENSG00000131475	ENSG00000131475
VPS26A	False	ENSG00000122958	RESOLVED	HPA	ENSG00000122958	ENSG00000122958
VPS28	False	ENSG00000160948	RESOLVED	HPA	ENSG00000160948	ENSG00000160948
VPS29	False	ENSG00000111237	RESOLVED	HPA	ENSG00000111237	ENSG00000111237
VPS35	False	ENSG00000069329	RESOLVED	HPA	ENSG00000069329	ENSG00000069329
VPS36	False	ENSG00000136100	RESOLVED	HPA	ENSG00000136100	ENSG00000136100
VPS37A	False	ENSG00000155975	RESOLVED	HPA	ENSG00000155975	ENSG00000155975
VPS37B	False	ENSG00000139722	RESOLVED	HPA	ENSG00000139722	ENSG00000139722
VPS37C	False	ENSG00000167987	RESOLVED	HPA	ENSG00000167987	ENSG00000167987
VPS37D	False	ENSG00000176428	RESOLVED	HPA	ENSG00000176428	ENSG00000176428
VPS39	False	ENSG00000166887	RESOLVED	HPA	ENSG00000166887	ENSG00000166887
VSIG10L	False	ENSG00000186806	RESOLVED	HPA	ENSG00000186806	ENSG00000186806
VSNL1	False	ENSG00000163032	RESOLVED	HPA	ENSG00000163032	ENSG00000163032
VSX1	False	ENSG00000100987	RESOLVED	HPA	ENSG00000100987	ENSG00000100987
VSX2	False	ENSG00000119614	RESOLVED	HPA	ENSG00000119614	ENSG00000119614
VTN	False	ENSG00000109072	RESOLVED	HPA	ENSG00000109072	ENSG00000109072
VWA3A	False	ENSG00000175267	RESOLVED	HPA	ENSG00000175267	ENSG00000175267
VWA3B	False	ENSG00000168658	RESOLVED	HPA	ENSG00000168658	ENSG00000168658
VWA7	False	ENSG00000204396	RESOLVED	HPA	ENSG00000204396	ENSG00000204396
VWC2	False	ENSG00000188730	RESOLVED	HPA	ENSG00000188730	ENSG00000188730
VWF	False	ENSG00000110799	RESOLVED	HPA	ENSG00000110799	ENSG00000110799
WARS1	False	ENSG00000140105	RESOLVED	HPA	ENSG00000140105	
WAS	False	ENSG00000015285	RESOLVED	HPA	ENSG00000015285	ENSG00000015285
WASL	False	ENSG00000106299	RESOLVED	HPA	ENSG00000106299	ENSG00000106299
WBP11	False	ENSG00000084463	RESOLVED	HPA	ENSG00000084463	ENSG00000084463
WBP4	False	ENSG00000120688	RESOLVED	HPA	ENSG00000120688	ENSG00000120688
WDPCP	False	ENSG00000143951	RESOLVED	HPA	ENSG00000143951	ENSG00000143951
WDR11	False	ENSG00000120008	RESOLVED	HPA	ENSG00000120008	ENSG00000120008
WDR12	False	ENSG00000138442	RESOLVED	HPA	ENSG00000138442	ENSG00000138442
WDR17	False	ENSG00000150627	RESOLVED	HPA	ENSG00000150627	ENSG00000150627
WDR19	False	ENSG00000157796	RESOLVED	HPA	ENSG00000157796	ENSG00000157796
WDR20	False	ENSG00000140153	RESOLVED	HPA	ENSG00000140153	ENSG00000140153
WDR24	False	ENSG00000127580	RESOLVED	HPA	ENSG00000127580	ENSG00000127580
WDR25	False	ENSG00000176473	RESOLVED	HPA	ENSG00000176473	ENSG00000176473
WDR33	False	ENSG00000136709	RESOLVED	HPA	ENSG00000136709	ENSG00000136709
WDR34	False	ENSG00000119333	RESOLVED	GTEx		ENSG00000119333
WDR35	False	ENSG00000118965	RESOLVED	HPA	ENSG00000118965	ENSG00000118965
WDR36	False	ENSG00000134987	RESOLVED	HPA	ENSG00000134987	ENSG00000134987
WDR37	False	ENSG00000047056	RESOLVED	HPA	ENSG00000047056	ENSG00000047056
WDR41	False	ENSG00000164253	RESOLVED	HPA	ENSG00000164253	ENSG00000164253
WDR47	False	ENSG00000085433	RESOLVED	HPA	ENSG00000085433	ENSG00000085433
WDR48	False	ENSG00000114742	RESOLVED	HPA	ENSG00000114742	ENSG00000114742
WDR5	False	ENSG00000196363	RESOLVED	HPA	ENSG00000196363	ENSG00000196363
WDR53	False	ENSG00000185798	RESOLVED	HPA	ENSG00000185798	ENSG00000185798
WDR60	False	ENSG00000126870	RESOLVED	GTEx		ENSG00000126870
WDR63	False	ENSG00000162643	RESOLVED	GTEx		ENSG00000162643
WDR70	False	ENSG00000082068	RESOLVED	HPA	ENSG00000082068	ENSG00000082068
WDR73	False	ENSG00000177082	RESOLVED	HPA	ENSG00000177082	ENSG00000177082
WDR78	False	ENSG00000152763	RESOLVED	GTEx		ENSG00000152763
WDR83	False	ENSG00000123154	RESOLVED	HPA	ENSG00000123154	ENSG00000123154
WDR90	False	ENSG00000161996	RESOLVED	HPA	ENSG00000161996	ENSG00000161996
WDR92	False	ENSG00000243667	RESOLVED	GTEx		ENSG00000243667
WDR97	False	ENSG00000179698	RESOLVED	HPA	ENSG00000179698	ENSG00000179698
WFDC5	False	ENSG00000175121	RESOLVED	HPA	ENSG00000175121	ENSG00000175121
WFS1	False	ENSG00000109501	RESOLVED	HPA	ENSG00000109501	ENSG00000109501
WHRN	False	ENSG00000095397	RESOLVED	HPA	ENSG00000095397	ENSG00000095397
WIPF2	False	ENSG00000171475	RESOLVED	HPA	ENSG00000171475	ENSG00000171475
WNT11	False	ENSG00000085741	RESOLVED	HPA	ENSG00000085741	ENSG00000085741
WNT5A	False	ENSG00000114251	RESOLVED	HPA	ENSG00000114251	ENSG00000114251
WNT5B	False	ENSG00000111186	RESOLVED	HPA	ENSG00000111186	ENSG00000111186
WRAP73	False	ENSG00000116213	RESOLVED	HPA	ENSG00000116213	ENSG00000116213
WT1	False	ENSG00000184937	RESOLVED	HPA	ENSG00000184937	ENSG00000184937
WTIP	False	ENSG00000142279	RESOLVED	HPA	ENSG00000142279	ENSG00000142279
WWOX	False	ENSG00000186153	RESOLVED	HPA	ENSG00000186153	ENSG00000186153
WWP2	False	ENSG00000198373	RESOLVED	HPA	ENSG00000198373	ENSG00000198373
XAB2	False	ENSG00000076924	RESOLVED	HPA	ENSG00000076924	ENSG00000076924
XBP1	False	ENSG00000100219	RESOLVED	HPA	ENSG00000100219	ENSG00000100219
XIRP2	False	ENSG00000163092	RESOLVED	HPA	ENSG00000163092	ENSG00000163092
XPO1	False	ENSG00000082898	RESOLVED	HPA	ENSG00000082898	ENSG00000082898
XRCC5	False	ENSG00000079246	RESOLVED	HPA	ENSG00000079246	ENSG00000079246
XRCC6	False	ENSG00000196419	RESOLVED	HPA	ENSG00000196419	ENSG00000196419
XRN2	False	ENSG00000088930	RESOLVED	HPA	ENSG00000088930	ENSG00000088930
XYLB	False	ENSG00000093217	RESOLVED	HPA	ENSG00000093217	ENSG00000093217
YAF2	False	ENSG00000015153	RESOLVED	HPA	ENSG00000015153	ENSG00000015153
YARS1	False	ENSG00000134684	RESOLVED	HPA	ENSG00000134684	
YBX1	False	ENSG00000065978	RESOLVED	HPA	ENSG00000065978	ENSG00000065978
YEATS4	False	ENSG00000127337	RESOLVED	HPA	ENSG00000127337	ENSG00000127337
YIF1A	False	ENSG00000174851	RESOLVED	HPA	ENSG00000174851	ENSG00000174851
YIPF1	False	ENSG00000058799	RESOLVED	HPA	ENSG00000058799	ENSG00000058799
YIPF5	False	ENSG00000145817	RESOLVED	HPA	ENSG00000145817	ENSG00000145817
YJU2	False	ENSG00000105248	RESOLVED	HPA	ENSG00000105248	
YTHDC1	False	ENSG00000083896	RESOLVED	HPA	ENSG00000083896	ENSG00000083896
YTHDC2	False	ENSG00000047188	RESOLVED	HPA	ENSG00000047188	ENSG00000047188
YWHAB	False	ENSG00000166913	RESOLVED	HPA	ENSG00000166913	ENSG00000166913
YWHAE	False	ENSG00000108953	RESOLVED	HPA	ENSG00000108953	ENSG00000108953
YWHAG	False	ENSG00000170027	RESOLVED	HPA	ENSG00000170027	ENSG00000170027
YWHAH	False	ENSG00000128245	RESOLVED	HPA	ENSG00000128245	ENSG00000128245
YWHAQ	False	ENSG00000134308	RESOLVED	HPA	ENSG00000134308	ENSG00000134308
YWHAZ	False	ENSG00000164924	RESOLVED	HPA	ENSG00000164924	ENSG00000164924
ZAP70	False	ENSG00000115085	RESOLVED	HPA	ENSG00000115085	ENSG00000115085
ZBTB17	False	ENSG00000116809	RESOLVED	HPA	ENSG00000116809	ENSG00000116809
ZBTB46	False	ENSG00000130584	RESOLVED	HPA	ENSG00000130584	ENSG00000130584
ZBTB48	False	ENSG00000204859	RESOLVED	HPA	ENSG00000204859	ENSG00000204859
ZBTB5	False	ENSG00000168795	RESOLVED	HPA	ENSG00000168795	ENSG00000168795
ZBTB7A	False	ENSG00000178951	RESOLVED	HPA	ENSG00000178951	ENSG00000178951
ZBTB9	False	ENSG00000213588	RESOLVED	HPA	ENSG00000213588	ENSG00000213588
ZC2HC1C	False	ENSG00000119703	RESOLVED	HPA	ENSG00000119703	ENSG00000119703
ZC3H13	False	ENSG00000123200	RESOLVED	HPA	ENSG00000123200	ENSG00000123200
ZC3H18	False	ENSG00000158545	RESOLVED	HPA	ENSG00000158545	ENSG00000158545
ZC3H7B	False	ENSG00000100403	RESOLVED	HPA	ENSG00000100403	ENSG00000100403
ZC3HAV1	False	ENSG00000105939	RESOLVED	HPA	ENSG00000105939	ENSG00000105939
ZCCHC10	False	ENSG00000155329	RESOLVED	HPA	ENSG00000155329	ENSG00000155329
ZCCHC17	False	ENSG00000121766	RESOLVED	HPA	ENSG00000121766	ENSG00000121766
ZCWPW1	False	ENSG00000078487	RESOLVED	HPA	ENSG00000078487	ENSG00000078487
ZCWPW2	False	ENSG00000206559	RESOLVED	HPA	ENSG00000206559	ENSG00000206559
ZDBF2	False	ENSG00000204186	RESOLVED	HPA	ENSG00000204186	ENSG00000204186
ZDHHC2	False	ENSG00000104219	RESOLVED	HPA	ENSG00000104219	ENSG00000104219
ZFHX4	False	ENSG00000091656	RESOLVED	HPA	ENSG00000091656	ENSG00000091656
ZFPL1	False	ENSG00000162300	RESOLVED	HPA	ENSG00000162300	ENSG00000162300
ZGPAT	False	ENSG00000197114	RESOLVED	HPA	ENSG00000197114	ENSG00000197114
ZIC4	False	ENSG00000174963	RESOLVED	HPA	ENSG00000174963	ENSG00000174963
ZMAT2	False	ENSG00000146007	RESOLVED	HPA	ENSG00000146007	ENSG00000146007
ZMPSTE24	False	ENSG00000084073	RESOLVED	HPA	ENSG00000084073	ENSG00000084073
ZMYM3	False	ENSG00000147130	RESOLVED	HPA	ENSG00000147130	ENSG00000147130
ZMYND10	False	ENSG00000004838	RESOLVED	HPA	ENSG00000004838	ENSG00000004838
ZNF106	False	ENSG00000103994	RESOLVED	HPA	ENSG00000103994	ENSG00000103994
ZNF212	False	ENSG00000170260	RESOLVED	HPA	ENSG00000170260	ENSG00000170260
ZNF214	False	ENSG00000149050	RESOLVED	HPA	ENSG00000149050	ENSG00000149050
ZNF223	False	ENSG00000178386	RESOLVED	HPA	ENSG00000178386	ENSG00000178386
ZNF239	False	ENSG00000196793	RESOLVED	HPA	ENSG00000196793	ENSG00000196793
ZNF292	False	ENSG00000188994	RESOLVED	HPA	ENSG00000188994	ENSG00000188994
ZNF358	False	ENSG00000198816	RESOLVED	HPA	ENSG00000198816	ENSG00000198816
ZNF384	False	ENSG00000126746	RESOLVED	HPA	ENSG00000126746	ENSG00000126746
ZNF408	True	ENSG00000175213	RESOLVED	HPA	ENSG00000175213	ENSG00000175213
ZNF423	False	ENSG00000102935	RESOLVED	HPA	ENSG00000102935	ENSG00000102935
ZNF430	False	ENSG00000118620	RESOLVED	HPA	ENSG00000118620	ENSG00000118620
ZNF440	False	ENSG00000171295	RESOLVED	HPA	ENSG00000171295	ENSG00000171295
ZNF451	False	ENSG00000112200	RESOLVED	HPA	ENSG00000112200	ENSG00000112200
ZNF512	False	ENSG00000243943	RESOLVED	HPA	ENSG00000243943	ENSG00000243943
ZNF513	False	ENSG00000163795	RESOLVED	HPA	ENSG00000163795	ENSG00000163795
ZNF541	False	ENSG00000118156	RESOLVED	HPA	ENSG00000118156	ENSG00000118156
ZNF557	False	ENSG00000130544	RESOLVED	HPA	ENSG00000130544	ENSG00000130544
ZNF574	False	ENSG00000105732	RESOLVED	HPA	ENSG00000105732	ENSG00000105732
ZNF584	False	ENSG00000171574	RESOLVED	HPA	ENSG00000171574	ENSG00000171574
ZNF608	False	ENSG00000168916	RESOLVED	HPA	ENSG00000168916	ENSG00000168916
ZNF638	False	ENSG00000075292	RESOLVED	HPA	ENSG00000075292	ENSG00000075292
ZNF679	False	ENSG00000197123	RESOLVED	HPA	ENSG00000197123	ENSG00000197123
ZNF740	False	ENSG00000139651	RESOLVED	HPA	ENSG00000139651	ENSG00000139651
ZNF764	False	ENSG00000169951	RESOLVED	HPA	ENSG00000169951	ENSG00000169951
ZNF786	False	ENSG00000197362	RESOLVED	HPA	ENSG00000197362	ENSG00000197362
ZNF821	False	ENSG00000102984	RESOLVED	HPA	ENSG00000102984	ENSG00000102984
ZNF830	False	ENSG00000198783	RESOLVED	HPA	ENSG00000198783	ENSG00000198783
ZNF891	False	ENSG00000214029	RESOLVED	HPA	ENSG00000214029	ENSG00000214029
ZNHIT2	False	ENSG00000174276	RESOLVED	HPA	ENSG00000174276	ENSG00000174276
ZNHIT3	False	ENSG00000273611	RESOLVED	HPA	ENSG00000273611	ENSG00000273611
ZNHIT6	False	ENSG00000117174	RESOLVED	HPA	ENSG00000117174	ENSG00000117174
ZNRF2	False	ENSG00000180233	RESOLVED	HPA	ENSG00000180233	ENSG00000180233
ZPR1	False	ENSG00000109917	RESOLVED	HPA	ENSG00000109917	ENSG00000109917
ZRSR2	False	ENSG00000169249	RESOLVED	HPA	ENSG00000169249	ENSG00000169249
ZSCAN26	False	ENSG00000197062	RESOLVED	HPA	ENSG00000197062	ENSG00000197062
ZSWIM2	False	ENSG00000163012	RESOLVED	HPA	ENSG00000163012	ENSG00000163012
ZSWIM8	False	ENSG00000214655	RESOLVED	HPA	ENSG00000214655	ENSG00000214655
ZUP1	False	ENSG00000153975	RESOLVED	HPA	ENSG00000153975	
