original_network_name	resolved_ensembl_gene_id	mapping_status	mapping_source	is_RP_seed
AAAS	ENSG00000094914	RESOLVED	HPA	False
AACS	ENSG00000081760	RESOLVED	HPA	False
AAMP	ENSG00000127837	RESOLVED	HPA	False
AAR2	ENSG00000131043	RESOLVED	HPA	False
AASDH	ENSG00000157426	RESOLVED	HPA	False
AASS	ENSG00000008311	RESOLVED	HPA	False
ABCA1	ENSG00000165029	RESOLVED	HPA	False
ABCA4	ENSG00000198691	RESOLVED	HPA	False
ABCB10	ENSG00000135776	RESOLVED	HPA	False
ABCB4	ENSG00000005471	RESOLVED	HPA	False
ABCB6	ENSG00000115657	RESOLVED	HPA	False
ABCB7	ENSG00000131269	RESOLVED	HPA	False
ABCB8	ENSG00000197150	RESOLVED	HPA	False
ABCF1	ENSG00000204574	RESOLVED	HPA	False
ABCG2	ENSG00000118777	RESOLVED	HPA	False
ABCG5	ENSG00000138075	RESOLVED	HPA	False
ABHD12	ENSG00000100997	RESOLVED	HPA	False
ABI2	ENSG00000138443	RESOLVED	HPA	False
ABL1	ENSG00000097007	RESOLVED	HPA	False
ABL2	ENSG00000143322	RESOLVED	HPA	False
ABR	ENSG00000159842	RESOLVED	HPA	False
ACAA1	ENSG00000060971	RESOLVED	HPA	False
ACAA2	ENSG00000167315	RESOLVED	HPA	False
ACAD9	ENSG00000177646	RESOLVED	HPA	False
ACADM	ENSG00000117054	RESOLVED	HPA	False
ACAN	ENSG00000157766	RESOLVED	HPA	False
ACAT1	ENSG00000075239	RESOLVED	HPA	False
ACAT2	ENSG00000120437	RESOLVED	HPA	False
ACE	ENSG00000159640	RESOLVED	HPA	False
ACER1	ENSG00000167769	RESOLVED	HPA	False
ACER2	ENSG00000177076	RESOLVED	HPA	False
ACIN1	ENSG00000100813	RESOLVED	HPA	False
ACKR3	ENSG00000144476	RESOLVED	HPA	False
ACLY	ENSG00000131473	RESOLVED	HPA	False
ACO1	ENSG00000122729	RESOLVED	HPA	False
ACO2	ENSG00000100412	RESOLVED	HPA	False
ACOX3	ENSG00000087008	RESOLVED	HPA	False
ACP4	ENSG00000142513	RESOLVED	HPA	False
ACSBG2	ENSG00000130377	RESOLVED	HPA	False
ACSL3	ENSG00000123983	RESOLVED	HPA	False
ACSS1	ENSG00000154930	RESOLVED	HPA	False
ACSS2	ENSG00000131069	RESOLVED	HPA	False
ACTB	ENSG00000075624	RESOLVED	HPA	False
ACTN1	ENSG00000072110	RESOLVED	HPA	False
ACTN2	ENSG00000077522	RESOLVED	HPA	False
ACTN4	ENSG00000130402	RESOLVED	HPA	False
ACTR8	ENSG00000113812	RESOLVED	HPA	False
ADA	ENSG00000196839	RESOLVED	HPA	False
ADAM17	ENSG00000151694	RESOLVED	HPA	False
ADAM9	ENSG00000168615	RESOLVED	HPA	False
ADAMTS18	ENSG00000140873	RESOLVED	HPA	False
ADAMTS20	ENSG00000173157	RESOLVED	HPA	False
ADCK1	ENSG00000063761	RESOLVED	HPA	False
ADCK2	ENSG00000133597	RESOLVED	HPA	False
ADCK5	ENSG00000173137	RESOLVED	HPA	False
ADCY1	ENSG00000164742	RESOLVED	HPA	False
ADCY10	ENSG00000143199	RESOLVED	HPA	False
ADCY2	ENSG00000078295	RESOLVED	HPA	False
ADCY3	ENSG00000138031	RESOLVED	HPA	False
ADCY4	ENSG00000129467	RESOLVED	HPA	False
ADCY5	ENSG00000173175	RESOLVED	HPA	False
ADCY6	ENSG00000174233	RESOLVED	HPA	False
ADCY7	ENSG00000121281	RESOLVED	HPA	False
ADCY8	ENSG00000155897	RESOLVED	HPA	False
ADCY9	ENSG00000162104	RESOLVED	HPA	False
ADD3	ENSG00000148700	RESOLVED	HPA	False
ADGRB1	ENSG00000181790	RESOLVED	HPA	False
ADGRD1	ENSG00000111452	RESOLVED	HPA	False
ADGRL1	ENSG00000072071	RESOLVED	HPA	False
ADGRL2	ENSG00000117114	RESOLVED	HPA	False
ADGRL3	ENSG00000150471	RESOLVED	HPA	False
ADGRV1	ENSG00000164199	RESOLVED	HPA	False
ADH1A	ENSG00000187758	RESOLVED	HPA	False
ADH1B	ENSG00000196616	RESOLVED	HPA	False
ADH1C	ENSG00000248144	RESOLVED	HPA	False
ADH4	ENSG00000198099	RESOLVED	HPA	False
ADH5	ENSG00000197894	RESOLVED	HPA	False
ADH6	ENSG00000172955	RESOLVED	HPA	False
ADH7	ENSG00000196344	RESOLVED	HPA	False
ADK	ENSG00000156110	RESOLVED	HPA	False
ADORA2A	ENSG00000128271	RESOLVED	HPA	False
ADPGK	ENSG00000159322	RESOLVED	HPA	False
ADRA1A	ENSG00000120907	RESOLVED	HPA	False
ADRA1B	ENSG00000170214	RESOLVED	HPA	False
ADRA1D	ENSG00000171873	RESOLVED	HPA	False
ADRA2A	ENSG00000150594	RESOLVED	HPA	False
ADRA2B	ENSG00000274286	RESOLVED	HPA	False
ADRB1	ENSG00000043591	RESOLVED	HPA	False
ADRB2	ENSG00000169252	RESOLVED	HPA	False
ADRB3	ENSG00000188778	RESOLVED	HPA	False
ADRM1	ENSG00000130706	RESOLVED	HPA	False
ADSL	ENSG00000239900	RESOLVED	HPA	False
ADSS1	ENSG00000185100	RESOLVED	HPA	False
ADSS2	ENSG00000035687	RESOLVED	HPA	False
AFF1	ENSG00000172493	RESOLVED	HPA	False
AFF4	ENSG00000072364	RESOLVED	HPA	False
AGA	ENSG00000038002	RESOLVED	HPA	False
AGBL4	ENSG00000186094	RESOLVED	HPA	False
AGBL5	ENSG00000084693	RESOLVED	HPA	True
AGGF1	ENSG00000164252	RESOLVED	HPA	False
AGK	ENSG00000006530	RESOLVED	HPA	False
AGL	ENSG00000162688	RESOLVED	HPA	False
AGPAT1	ENSG00000204310	RESOLVED	HPA	False
AGPS	ENSG00000018510	RESOLVED	HPA	False
AGRN	ENSG00000188157	RESOLVED	HPA	False
AGT	ENSG00000135744	RESOLVED	HPA	False
AGTR1	ENSG00000144891	RESOLVED	HPA	False
AGTR2	ENSG00000180772	RESOLVED	HPA	False
AGTRAP	ENSG00000177674	RESOLVED	HPA	False
AGXT	ENSG00000172482	RESOLVED	HPA	False
AHCY	ENSG00000101444	RESOLVED	HPA	False
AHCYL1	ENSG00000168710	RESOLVED	HPA	False
AHI1	ENSG00000135541	RESOLVED	HPA	True
AHR	ENSG00000106546	RESOLVED	HPA	False
AIF1	ENSG00000204472	RESOLVED	HPA	False
AIFM1	ENSG00000156709	RESOLVED	HPA	False
AIP	ENSG00000110711	RESOLVED	HPA	False
AIPL1	ENSG00000129221	RESOLVED	HPA	True
AIRE	ENSG00000160224	RESOLVED	HPA	False
AK9	ENSG00000155085	RESOLVED	HPA	False
AKAP12	ENSG00000131016	RESOLVED	HPA	False
AKAP13	ENSG00000170776	RESOLVED	HPA	False
AKAP7	ENSG00000118507	RESOLVED	HPA	False
AKAP9	ENSG00000127914	RESOLVED	HPA	False
AKIRIN1	ENSG00000174574	RESOLVED	HPA	False
AKIRIN2	ENSG00000135334	RESOLVED	HPA	False
AKNAD1	ENSG00000162641	RESOLVED	HPA	False
AKR1B1	ENSG00000085662	RESOLVED	HPA	False
AKR1B10	ENSG00000198074	RESOLVED	HPA	False
AKT1	ENSG00000142208	RESOLVED	HPA	False
AKT2	ENSG00000105221	RESOLVED	HPA	False
AKT3	ENSG00000117020	RESOLVED	HPA	False
ALAD	ENSG00000148218	RESOLVED	HPA	False
ALAS1	ENSG00000023330	RESOLVED	HPA	False
ALAS2	ENSG00000158578	RESOLVED	HPA	False
ALB	ENSG00000163631	RESOLVED	HPA	False
ALDH18A1	ENSG00000059573	RESOLVED	HPA	False
ALDH1A1	ENSG00000165092	RESOLVED	HPA	False
ALDH1A2	ENSG00000128918	RESOLVED	HPA	False
ALDH1A3	ENSG00000184254	RESOLVED	HPA	False
ALDH5A1	ENSG00000112294	RESOLVED	HPA	False
ALDH7A1	ENSG00000164904	RESOLVED	HPA	False
ALDH8A1	ENSG00000118514	RESOLVED	HPA	False
ALDOA	ENSG00000149925	RESOLVED	HPA	False
ALDOB	ENSG00000136872	RESOLVED	HPA	False
ALDOC	ENSG00000109107	RESOLVED	HPA	False
ALG1	ENSG00000033011	RESOLVED	HPA	False
ALG11	ENSG00000253710	RESOLVED	HPA	False
ALG12	ENSG00000182858	RESOLVED	HPA	False
ALG13	ENSG00000101901	RESOLVED	HPA	False
ALG14	ENSG00000172339	RESOLVED	HPA	False
ALG3	ENSG00000214160	RESOLVED	HPA	False
ALG5	ENSG00000120697	RESOLVED	HPA	False
ALG6	ENSG00000088035	RESOLVED	HPA	False
ALG8	ENSG00000159063	RESOLVED	HPA	False
ALK	ENSG00000171094	RESOLVED	HPA	False
ALMS1	ENSG00000116127	RESOLVED	HPA	False
ALPP	ENSG00000163283	RESOLVED	HPA	False
ALS2	ENSG00000003393	RESOLVED	HPA	False
ALYREF	ENSG00000183684	RESOLVED	HPA	False
AMBP	ENSG00000106927	RESOLVED	HPA	False
AMBRA1	ENSG00000110497	RESOLVED	HPA	False
AMDHD2-2		UNMAPPED	NONE	False
AMELX	ENSG00000125363	RESOLVED	HPA	False
AMELY	ENSG00000099721	RESOLVED	HPA	False
AMPD1	ENSG00000116748	RESOLVED	HPA	False
AMPD2	ENSG00000116337	RESOLVED	HPA	False
AMPD3	ENSG00000133805	RESOLVED	HPA	False
AMY1B	ENSG00000174876	RESOLVED	HPA	False
ANAPC1	ENSG00000153107	RESOLVED	HPA	False
ANAPC10	ENSG00000164162	RESOLVED	HPA	False
ANAPC11	ENSG00000141552	RESOLVED	HPA	False
ANAPC13	ENSG00000129055	RESOLVED	HPA	False
ANAPC15	ENSG00000110200	RESOLVED	HPA	False
ANAPC16	ENSG00000166295	RESOLVED	HPA	False
ANAPC2	ENSG00000176248	RESOLVED	HPA	False
ANAPC4	ENSG00000053900	RESOLVED	HPA	False
ANAPC5	ENSG00000089053	RESOLVED	HPA	False
ANAPC7	ENSG00000196510	RESOLVED	HPA	False
ANHX	ENSG00000227059	RESOLVED	HPA	False
ANK3	ENSG00000151150	RESOLVED	HPA	False
ANKRD26	ENSG00000107890	RESOLVED	HPA	False
ANKRD33B	ENSG00000164236	RESOLVED	HPA	False
ANKRD39	ENSG00000213337	RESOLVED	HPA	False
ANKRD40	ENSG00000154945	RESOLVED	HPA	False
ANKRD9	ENSG00000156381	RESOLVED	HPA	False
ANKS4B	ENSG00000175311	RESOLVED	HPA	False
ANKS6	ENSG00000165138	RESOLVED	HPA	False
ANO1	ENSG00000131620	RESOLVED	HPA	False
ANO2	ENSG00000047617	RESOLVED	HPA	False
ANO5	ENSG00000171714	RESOLVED	HPA	False
ANOS1	ENSG00000011201	RESOLVED	HPA	False
ANXA11	ENSG00000122359	RESOLVED	HPA	False
ANXA2	ENSG00000182718	RESOLVED	HPA	False
AOC1	ENSG00000002726	RESOLVED	HPA	False
AOC2	ENSG00000131480	RESOLVED	HPA	False
AOC3	ENSG00000131471	RESOLVED	HPA	False
AOX1	ENSG00000138356	RESOLVED	HPA	False
AP1G1	ENSG00000166747	RESOLVED	HPA	False
AP2A1	ENSG00000196961	RESOLVED	HPA	False
AP2A2	ENSG00000183020	RESOLVED	HPA	False
AP2B1	ENSG00000006125	RESOLVED	HPA	False
AP3B1	ENSG00000132842	RESOLVED	HPA	False
AP3M1	ENSG00000185009	RESOLVED	HPA	False
APLF	ENSG00000169621	RESOLVED	HPA	False
APMAP	ENSG00000101474	RESOLVED	HPA	False
APOBEC3H	ENSG00000100298	RESOLVED	HPA	False
APOBR	ENSG00000184730	RESOLVED	HPA	False
APOE	ENSG00000130203	RESOLVED	HPA	False
APOL1	ENSG00000100342	RESOLVED	HPA	False
APPL1	ENSG00000157500	RESOLVED	HPA	False
APRT	ENSG00000198931	RESOLVED	HPA	False
APTX	ENSG00000137074	RESOLVED	HPA	False
AQR	ENSG00000021776	RESOLVED	HPA	False
AR	ENSG00000169083	RESOLVED	HPA	False
ARAF	ENSG00000078061	RESOLVED	HPA	False
ARF4	ENSG00000168374	RESOLVED	HPA	False
ARFIP2	ENSG00000132254	RESOLVED	HPA	False
ARFRP1	ENSG00000101246	RESOLVED	HPA	False
ARG1	ENSG00000118520	RESOLVED	HPA	False
ARHGAP1	ENSG00000175220	RESOLVED	HPA	False
ARHGAP17	ENSG00000140750	RESOLVED	HPA	False
ARHGAP24	ENSG00000138639	RESOLVED	HPA	False
ARHGAP39	ENSG00000147799	RESOLVED	HPA	False
ARHGDIA	ENSG00000141522	RESOLVED	HPA	False
ARHGEF1	ENSG00000076928	RESOLVED	HPA	False
ARHGEF18	ENSG00000104880	RESOLVED	HPA	True
ARHGEF25	ENSG00000240771	RESOLVED	HPA	False
ARHGEF33	ENSG00000214694	RESOLVED	HPA	False
ARHGEF40	ENSG00000165801	RESOLVED	HPA	False
ARHGEF7	ENSG00000102606	RESOLVED	HPA	False
ARID4A	ENSG00000032219	RESOLVED	HPA	False
ARID4B	ENSG00000054267	RESOLVED	HPA	False
ARIH1	ENSG00000166233	RESOLVED	HPA	False
ARL1	ENSG00000120805	RESOLVED	HPA	False
ARL11	ENSG00000152213	RESOLVED	HPA	False
ARL13A	ENSG00000174225	RESOLVED	HPA	False
ARL13B	ENSG00000169379	RESOLVED	HPA	False
ARL2	ENSG00000213465	RESOLVED	HPA	False
ARL2BP	ENSG00000102931	RESOLVED	HPA	True
ARL3	ENSG00000138175	RESOLVED	HPA	True
ARL6	ENSG00000113966	RESOLVED	HPA	True
ARL6IP1	ENSG00000170540	RESOLVED	HPA	False
ARL6IP5	ENSG00000144746	RESOLVED	HPA	False
ARMC2	ENSG00000118690	RESOLVED	HPA	False
ARMC3	ENSG00000165309	RESOLVED	HPA	False
ARMC4	ENSG00000169126	RESOLVED	GTEx	False
ARMC6	ENSG00000105676	RESOLVED	HPA	False
ARMC7	ENSG00000125449	RESOLVED	HPA	False
ARMS2	ENSG00000254636	RESOLVED	HPA	False
ARNT	ENSG00000143437	RESOLVED	HPA	False
ARPIN	ENSG00000242498	RESOLVED	HPA	False
ARR3	ENSG00000120500	RESOLVED	HPA	False
ARRB1	ENSG00000137486	RESOLVED	HPA	False
ARRB2	ENSG00000141480	RESOLVED	HPA	False
ARRDC1	ENSG00000197070	RESOLVED	HPA	False
ARRDC3	ENSG00000113369	RESOLVED	HPA	False
ARRDC4	ENSG00000140450	RESOLVED	HPA	False
ARRDC5	ENSG00000205784	RESOLVED	HPA	False
ARSB	ENSG00000113273	RESOLVED	HPA	False
ARSG	ENSG00000141337	RESOLVED	HPA	False
AS3MT	ENSG00000214435	RESOLVED	HPA	False
ASAH2	ENSG00000188611	RESOLVED	HPA	False
ASAH2B	ENSG00000204147	RESOLVED	HPA	False
ASAP1	ENSG00000153317	RESOLVED	HPA	False
ASB6	ENSG00000148331	RESOLVED	HPA	False
ASCC2	ENSG00000100325	RESOLVED	HPA	False
ASCC3	ENSG00000112249	RESOLVED	HPA	False
ASCL1	ENSG00000139352	RESOLVED	HPA	False
ASH2L	ENSG00000129691	RESOLVED	HPA	False
ASIP	ENSG00000101440	RESOLVED	HPA	False
ASL	ENSG00000126522	RESOLVED	HPA	False
ASPM	ENSG00000066279	RESOLVED	HPA	False
ASS1	ENSG00000130707	RESOLVED	HPA	False
ASXL1	ENSG00000171456	RESOLVED	HPA	False
ASZ1	ENSG00000154438	RESOLVED	HPA	False
ATAD3A	ENSG00000197785	RESOLVED	HPA	False
ATF1	ENSG00000123268	RESOLVED	HPA	False
ATF2	ENSG00000115966	RESOLVED	HPA	False
ATF3	ENSG00000162772	RESOLVED	HPA	False
ATF4	ENSG00000128272	RESOLVED	HPA	False
ATF6	ENSG00000118217	RESOLVED	HPA	False
ATF6B	ENSG00000213676	RESOLVED	HPA	False
ATG13	ENSG00000175224	RESOLVED	HPA	False
ATG3	ENSG00000144848	RESOLVED	HPA	False
ATG4B	ENSG00000168397	RESOLVED	HPA	False
ATG7	ENSG00000197548	RESOLVED	HPA	False
ATIC	ENSG00000138363	RESOLVED	HPA	False
ATL1	ENSG00000198513	RESOLVED	HPA	False
ATL3	ENSG00000184743	RESOLVED	HPA	False
ATOH7	ENSG00000179774	RESOLVED	HPA	False
ATP12A	ENSG00000075673	RESOLVED	HPA	False
ATP13A2	ENSG00000159363	RESOLVED	HPA	False
ATP1A4	ENSG00000132681	RESOLVED	HPA	False
ATP2A1	ENSG00000196296	RESOLVED	HPA	False
ATP4A	ENSG00000105675	RESOLVED	HPA	False
ATP5F1A	ENSG00000152234	RESOLVED	HPA	False
ATP5F1B	ENSG00000110955	RESOLVED	HPA	False
ATP5F1C	ENSG00000165629	RESOLVED	HPA	False
ATP5F1D	ENSG00000099624	RESOLVED	HPA	False
ATP5IF1	ENSG00000130770	RESOLVED	HPA	False
ATP5MC1	ENSG00000159199	RESOLVED	HPA	False
ATP5MG	ENSG00000167283	RESOLVED	HPA	False
ATP5PB	ENSG00000116459	RESOLVED	HPA	False
ATP5PD	ENSG00000167863	RESOLVED	HPA	False
ATP5PF	ENSG00000154723	RESOLVED	HPA	False
ATP5PO	ENSG00000241837	RESOLVED	HPA	False
ATP6AP2	ENSG00000182220	RESOLVED	HPA	False
ATP6V0A1	ENSG00000033627	RESOLVED	HPA	False
ATP8A2	ENSG00000132932	RESOLVED	HPA	False
ATPAF1	ENSG00000123472	RESOLVED	HPA	False
ATRAID	ENSG00000138085	RESOLVED	HPA	False
ATRX	ENSG00000085224	RESOLVED	HPA	False
ATXN1L	ENSG00000224470	RESOLVED	HPA	False
ATXN2	ENSG00000204842	RESOLVED	HPA	False
ATXN7	ENSG00000163635	RESOLVED	HPA	False
ATXN7-2		UNMAPPED	NONE	False
ATXN7L1	ENSG00000146776	RESOLVED	HPA	False
ATXN7L2	ENSG00000162650	RESOLVED	HPA	False
AUP1	ENSG00000115307	RESOLVED	HPA	False
AURKA	ENSG00000087586	RESOLVED	HPA	False
AVPI1	ENSG00000119986	RESOLVED	HPA	False
AVPR1A	ENSG00000166148	RESOLVED	HPA	False
AVPR1B	ENSG00000198049	RESOLVED	HPA	False
AVPR2	ENSG00000126895	RESOLVED	HPA	False
AWAT2	ENSG00000147160	RESOLVED	HPA	False
AXL	ENSG00000167601	RESOLVED	HPA	False
B3GALNT2	ENSG00000162885	RESOLVED	HPA	False
B3GAT3	ENSG00000149541	RESOLVED	HPA	False
B3GNT2	ENSG00000170340	RESOLVED	HPA	False
B4E171_HUMAN		UNMAPPED	NONE	False
B4GALT1	ENSG00000086062	RESOLVED	HPA	False
B4GALT2	ENSG00000117411	RESOLVED	HPA	False
B4GALT3	ENSG00000158850	RESOLVED	HPA	False
B4GAT1	ENSG00000174684	RESOLVED	HPA	False
B9D1	ENSG00000108641	RESOLVED	HPA	False
B9D2	ENSG00000123810	RESOLVED	HPA	False
BABAM2	ENSG00000158019	RESOLVED	HPA	False
BAG2	ENSG00000112208	RESOLVED	HPA	False
BAG3	ENSG00000151929	RESOLVED	HPA	False
BAG5	ENSG00000166170	RESOLVED	HPA	False
BAIAP2L1	ENSG00000006453	RESOLVED	HPA	False
BAIAP2L2	ENSG00000128298	RESOLVED	HPA	False
BANF1	ENSG00000175334	RESOLVED	HPA	False
BAP1	ENSG00000163930	RESOLVED	HPA	False
BARD1	ENSG00000138376	RESOLVED	HPA	False
BARHL1	ENSG00000125492	RESOLVED	HPA	False
BASP1	ENSG00000176788	RESOLVED	HPA	False
BATF	ENSG00000156127	RESOLVED	HPA	False
BAX	ENSG00000087088	RESOLVED	HPA	False
BBIP1	ENSG00000214413	RESOLVED	HPA	False
BBOX1	ENSG00000129151	RESOLVED	HPA	False
BBS1	ENSG00000174483	RESOLVED	HPA	True
BBS10	ENSG00000179941	RESOLVED	HPA	False
BBS12	ENSG00000181004	RESOLVED	HPA	False
BBS2	ENSG00000125124	RESOLVED	HPA	True
BBS4	ENSG00000140463	RESOLVED	HPA	False
BBS5	ENSG00000163093	RESOLVED	HPA	False
BBS7	ENSG00000138686	RESOLVED	HPA	False
BBS9	ENSG00000122507	RESOLVED	HPA	True
BCAP31	ENSG00000185825	RESOLVED	HPA	False
BCAS2	ENSG00000116752	RESOLVED	HPA	False
BCAT1	ENSG00000060982	RESOLVED	HPA	False
BCAT2	ENSG00000105552	RESOLVED	HPA	False
BCKDHA	ENSG00000248098	RESOLVED	HPA	False
BCKDHB	ENSG00000083123	RESOLVED	HPA	False
BCKDK	ENSG00000103507	RESOLVED	HPA	False
BCL2	ENSG00000171791	RESOLVED	HPA	False
BCL2L11	ENSG00000153094	RESOLVED	HPA	False
BCL6	ENSG00000113916	RESOLVED	HPA	False
BCL9L	ENSG00000186174	RESOLVED	HPA	False
BCLAF1	ENSG00000029363	RESOLVED	HPA	False
BCO1	ENSG00000135697	RESOLVED	HPA	False
BCO2	ENSG00000197580	RESOLVED	HPA	False
BCOR	ENSG00000183337	RESOLVED	HPA	True
BCORL1	ENSG00000085185	RESOLVED	HPA	False
BCS1L	ENSG00000074582	RESOLVED	HPA	False
BEST1	ENSG00000167995	RESOLVED	HPA	True
BEST2	ENSG00000039987	RESOLVED	HPA	False
BICDL1	ENSG00000135127	RESOLVED	HPA	False
BIRC3	ENSG00000023445	RESOLVED	HPA	False
BLOC1S1	ENSG00000135441	RESOLVED	HPA	False
BLOC1S2	ENSG00000196072	RESOLVED	HPA	False
BLVRB	ENSG00000090013	RESOLVED	HPA	False
BMI1	ENSG00000168283	RESOLVED	HPA	False
BMS1	ENSG00000165733	RESOLVED	HPA	False
BMX	ENSG00000102010	RESOLVED	HPA	False
BNIP3	ENSG00000176171	RESOLVED	HPA	False
BOP1	ENSG00000261236	RESOLVED	HPA	False
BORA	ENSG00000136122	RESOLVED	HPA	False
BORCS6	ENSG00000196544	RESOLVED	HPA	False
BORCS7	ENSG00000166275	RESOLVED	HPA	False
BPIFA2	ENSG00000131050	RESOLVED	HPA	False
BRAF	ENSG00000157764	RESOLVED	HPA	False
BRCA1	ENSG00000012048	RESOLVED	HPA	False
BRCA2	ENSG00000139618	RESOLVED	HPA	False
BRCC3	ENSG00000185515	RESOLVED	HPA	False
BRD2	ENSG00000204256	RESOLVED	HPA	False
BRD3	ENSG00000169925	RESOLVED	HPA	False
BRD4	ENSG00000141867	RESOLVED	HPA	False
BRD7	ENSG00000166164	RESOLVED	HPA	False
BRIX1	ENSG00000113460	RESOLVED	HPA	False
BRMS1	ENSG00000174744	RESOLVED	HPA	False
BRMS1L	ENSG00000100916	RESOLVED	HPA	False
BSDC1	ENSG00000160058	RESOLVED	HPA	False
BSG	ENSG00000172270	RESOLVED	HPA	False
BTBD2	ENSG00000133243	RESOLVED	HPA	False
BTBD9	ENSG00000183826	RESOLVED	HPA	False
BTN1A1	ENSG00000124557	RESOLVED	HPA	False
BUB1B	ENSG00000156970	RESOLVED	HPA	False
BUD13	ENSG00000137656	RESOLVED	HPA	False
BUD23	ENSG00000071462	RESOLVED	HPA	False
BUD31	ENSG00000106245	RESOLVED	HPA	False
BYSL	ENSG00000112578	RESOLVED	HPA	False
C10orf88				False
C11orf1				False
C11orf16				False
C11orf49				False
C11orf74				False
C11orf95				False
C12orf10				False
C15orf65				False
C17orf49				False
C18orf25				False
C19orf44				True
C19orf54				False
C19orf71				False
C1QA	ENSG00000173372	RESOLVED	HPA	False
C1QL2	ENSG00000144119	RESOLVED	HPA	False
C1orf158				False
C1orf189				False
C1orf194				False
C2	ENSG00000166278	RESOLVED	HPA	False
C20orf194				False
C2CD3	ENSG00000168014	RESOLVED	HPA	False
C2orf74				False
C5orf34				False
C5orf46				False
C5orf49				False
C6orf132				False
C6orf52				False
C8orf37				False
C8orf74				False
C9orf116				False
C9orf135				False
C9orf72				False
C9orf78				False
CA12	ENSG00000074410	RESOLVED	HPA	False
CA14	ENSG00000118298	RESOLVED	HPA	False
CA2	ENSG00000104267	RESOLVED	HPA	False
CA4	ENSG00000167434	RESOLVED	HPA	False
CA9	ENSG00000107159	RESOLVED	HPA	False
CAB39L	ENSG00000102547	RESOLVED	HPA	False
CABP1	ENSG00000157782	RESOLVED	HPA	False
CABP2	ENSG00000167791	RESOLVED	HPA	False
CABP4	ENSG00000175544	RESOLVED	HPA	False
CABP5	ENSG00000105507	RESOLVED	HPA	False
CACNA1F	ENSG00000102001	RESOLVED	HPA	False
CACNA2D4	ENSG00000151062	RESOLVED	HPA	False
CACNG2	ENSG00000166862	RESOLVED	HPA	False
CACTIN	ENSG00000105298	RESOLVED	HPA	False
CAD	ENSG00000084774	RESOLVED	HPA	False
CALB1	ENSG00000104327	RESOLVED	HPA	False
CALB2	ENSG00000172137	RESOLVED	HPA	False
CALM1	ENSG00000198668	RESOLVED	HPA	False
CALM2	ENSG00000143933	RESOLVED	HPA	False
CALM3	ENSG00000160014	RESOLVED	HPA	False
CALML3	ENSG00000178363	RESOLVED	HPA	False
CALML4	ENSG00000129007	RESOLVED	HPA	False
CALML5	ENSG00000178372	RESOLVED	HPA	False
CALML6	ENSG00000169885	RESOLVED	HPA	False
CALR	ENSG00000179218	RESOLVED	HPA	False
CAMK1	ENSG00000134072	RESOLVED	HPA	False
CAMK1D	ENSG00000183049	RESOLVED	HPA	False
CAMK1G	ENSG00000008118	RESOLVED	HPA	False
CAMK2A	ENSG00000070808	RESOLVED	HPA	False
CAMK2B	ENSG00000058404	RESOLVED	HPA	False
CAMK2D	ENSG00000145349	RESOLVED	HPA	False
CAMK2G	ENSG00000148660	RESOLVED	HPA	False
CAMK4	ENSG00000152495	RESOLVED	HPA	False
CAMSAP2	ENSG00000118200	RESOLVED	HPA	False
CANT1	ENSG00000171302	RESOLVED	HPA	False
CANX	ENSG00000127022	RESOLVED	HPA	False
CAPN1	ENSG00000014216	RESOLVED	HPA	False
CAPN3	ENSG00000092529	RESOLVED	HPA	False
CAPN6	ENSG00000077274	RESOLVED	HPA	False
CAPN9	ENSG00000135773	RESOLVED	HPA	False
CAPZA1	ENSG00000116489	RESOLVED	HPA	False
CAPZB	ENSG00000077549	RESOLVED	HPA	False
CARD14	ENSG00000141527	RESOLVED	HPA	False
CARTPT	ENSG00000164326	RESOLVED	HPA	False
CASC3	ENSG00000108349	RESOLVED	HPA	False
CASK	ENSG00000147044	RESOLVED	HPA	False
CASP3	ENSG00000164305	RESOLVED	HPA	False
CASR	ENSG00000036828	RESOLVED	HPA	False
CASTOR3		UNMAPPED	NONE	False
CAV1	ENSG00000105974	RESOLVED	HPA	False
CBLN3	ENSG00000139899	RESOLVED	HPA	False
CBS	ENSG00000160200	RESOLVED	HPA	False
CBSL	ENSG00000274276	RESOLVED	GTEx	False
CBX2	ENSG00000173894	RESOLVED	HPA	False
CBX3	ENSG00000122565	RESOLVED	HPA	False
CBX4	ENSG00000141582	RESOLVED	HPA	False
CBX7	ENSG00000100307	RESOLVED	HPA	False
CBX8	ENSG00000141570	RESOLVED	HPA	False
CBY1	ENSG00000100211	RESOLVED	HPA	False
CC2D2A	ENSG00000048342	RESOLVED	HPA	True
CC2D2B	ENSG00000188649	RESOLVED	HPA	False
CCAR1	ENSG00000060339	RESOLVED	HPA	False
CCAR2	ENSG00000158941	RESOLVED	HPA	False
CCDC103	ENSG00000167131	RESOLVED	HPA	False
CCDC106	ENSG00000173581	RESOLVED	HPA	False
CCDC114	ENSG00000105479	RESOLVED	GTEx	False
CCDC115	ENSG00000136710	RESOLVED	HPA	False
CCDC12	ENSG00000160799	RESOLVED	HPA	False
CCDC120	ENSG00000147144	RESOLVED	HPA	False
CCDC121	ENSG00000176714	RESOLVED	HPA	False
CCDC124	ENSG00000007080	RESOLVED	HPA	False
CCDC138	ENSG00000163006	RESOLVED	HPA	False
CCDC14	ENSG00000175455	RESOLVED	HPA	False
CCDC151	ENSG00000198003	RESOLVED	GTEx	False
CCDC173	ENSG00000154479	RESOLVED	GTEx	False
CCDC18	ENSG00000122483	RESOLVED	HPA	False
CCDC28B	ENSG00000160050	RESOLVED	HPA	False
CCDC36	ENSG00000173421	RESOLVED	GTEx	False
CCDC39	ENSG00000284862	RESOLVED	HPA	False
CCDC40	ENSG00000141519	RESOLVED	HPA	False
CCDC51	ENSG00000164051	RESOLVED	HPA	False
CCDC57	ENSG00000176155	RESOLVED	HPA	False
CCDC61	ENSG00000104983	RESOLVED	HPA	False
CCDC63	ENSG00000173093	RESOLVED	HPA	False
CCDC65	ENSG00000139537	RESOLVED	HPA	False
CCDC66	ENSG00000180376	RESOLVED	HPA	False
CCDC68	ENSG00000166510	RESOLVED	HPA	False
CCDC73	ENSG00000186714	RESOLVED	HPA	False
CCDC77	ENSG00000120647	RESOLVED	HPA	False
CCDC84	ENSG00000186166	RESOLVED	GTEx	False
CCDC91	ENSG00000123106	RESOLVED	HPA	False
CCK	ENSG00000187094	RESOLVED	HPA	False
CCL19	ENSG00000172724	RESOLVED	HPA	False
CCL2	ENSG00000108691	RESOLVED	HPA	False
CCL21	ENSG00000137077	RESOLVED	HPA	False
CCL22	ENSG00000102962	RESOLVED	HPA	False
CCNB3	ENSG00000147082	RESOLVED	HPA	False
CCNF	ENSG00000162063	RESOLVED	HPA	False
CCNL2	ENSG00000221978	RESOLVED	HPA	False
CCNO	ENSG00000152669	RESOLVED	HPA	False
CCNQ	ENSG00000262919	RESOLVED	HPA	False
CCP110	ENSG00000103540	RESOLVED	HPA	False
CCPG1	ENSG00000260916	RESOLVED	HPA	False
CCR1	ENSG00000163823	RESOLVED	HPA	False
CCR2	ENSG00000121807	RESOLVED	HPA	False
CCR3	ENSG00000183625	RESOLVED	HPA	False
CCR5	ENSG00000160791	RESOLVED	HPA	False
CCR6	ENSG00000112486	RESOLVED	HPA	False
CCRL2	ENSG00000121797	RESOLVED	HPA	False
CCT2	ENSG00000166226	RESOLVED	HPA	False
CCT3	ENSG00000163468	RESOLVED	HPA	False
CCT4	ENSG00000115484	RESOLVED	HPA	False
CCT5	ENSG00000150753	RESOLVED	HPA	False
CCT6A	ENSG00000146731	RESOLVED	HPA	False
CCT6B	ENSG00000132141	RESOLVED	HPA	False
CCT7	ENSG00000135624	RESOLVED	HPA	False
CCT8	ENSG00000156261	RESOLVED	HPA	False
CCT8L2	ENSG00000198445	RESOLVED	HPA	False
CD163	ENSG00000177575	RESOLVED	HPA	False
CD1D	ENSG00000158473	RESOLVED	HPA	False
CD27	ENSG00000139193	RESOLVED	HPA	False
CD2AP	ENSG00000198087	RESOLVED	HPA	False
CD2BP2	ENSG00000169217	RESOLVED	HPA	False
CD34	ENSG00000174059	RESOLVED	HPA	False
CD36	ENSG00000135218	RESOLVED	HPA	False
CD4	ENSG00000010610	RESOLVED	HPA	False
CD47	ENSG00000196776	RESOLVED	HPA	False
CD68	ENSG00000129226	RESOLVED	HPA	False
CD80	ENSG00000121594	RESOLVED	HPA	False
CD86	ENSG00000114013	RESOLVED	HPA	False
CD8A	ENSG00000153563	RESOLVED	HPA	False
CDADC1	ENSG00000102543	RESOLVED	HPA	False
CDAN1	ENSG00000140326	RESOLVED	HPA	False
CDC14A	ENSG00000079335	RESOLVED	HPA	False
CDC16	ENSG00000130177	RESOLVED	HPA	False
CDC20	ENSG00000117399	RESOLVED	HPA	False
CDC20B	ENSG00000164287	RESOLVED	HPA	False
CDC23	ENSG00000094880	RESOLVED	HPA	False
CDC26	ENSG00000176386	RESOLVED	HPA	False
CDC27	ENSG00000004897	RESOLVED	HPA	False
CDC40	ENSG00000168438	RESOLVED	HPA	False
CDC42	ENSG00000070831	RESOLVED	HPA	False
CDC42BPA	ENSG00000143776	RESOLVED	HPA	False
CDC42BPB	ENSG00000198752	RESOLVED	HPA	False
CDC42EP1	ENSG00000128283	RESOLVED	HPA	False
CDC42EP3	ENSG00000163171	RESOLVED	HPA	False
CDC5L	ENSG00000096401	RESOLVED	HPA	False
CDC6	ENSG00000094804	RESOLVED	HPA	False
CDCP2	ENSG00000157211	RESOLVED	HPA	False
CDH23	ENSG00000107736	RESOLVED	HPA	False
CDH5	ENSG00000179776	RESOLVED	HPA	False
CDHR1	ENSG00000148600	RESOLVED	HPA	True
CDHR5	ENSG00000099834	RESOLVED	HPA	False
CDK10	ENSG00000185324	RESOLVED	HPA	False
CDK11A	ENSG00000008128	RESOLVED	HPA	False
CDK11B	ENSG00000248333	RESOLVED	HPA	False
CDK5	ENSG00000164885	RESOLVED	HPA	False
CDK5RAP1	ENSG00000101391	RESOLVED	HPA	False
CDK5RAP2	ENSG00000136861	RESOLVED	HPA	False
CDK7	ENSG00000134058	RESOLVED	HPA	False
CDKN2A	ENSG00000147889	RESOLVED	HPA	False
CDR2	ENSG00000140743	RESOLVED	HPA	False
CDS1	ENSG00000163624	RESOLVED	HPA	False
CDS2	ENSG00000101290	RESOLVED	HPA	False
CDT1	ENSG00000167513	RESOLVED	HPA	False
CEBPB	ENSG00000172216	RESOLVED	HPA	False
CEBPE	ENSG00000092067	RESOLVED	HPA	False
CEBPG	ENSG00000153879	RESOLVED	HPA	False
CELA3A	ENSG00000142789	RESOLVED	HPA	False
CELA3B	ENSG00000219073	RESOLVED	HPA	False
CEND1	ENSG00000184524	RESOLVED	HPA	False
CENPA	ENSG00000115163	RESOLVED	HPA	False
CENPE	ENSG00000138778	RESOLVED	HPA	False
CENPF	ENSG00000117724	RESOLVED	HPA	False
CENPJ	ENSG00000151849	RESOLVED	HPA	False
CENPT	ENSG00000102901	RESOLVED	HPA	False
CEP104	ENSG00000116198	RESOLVED	HPA	False
CEP120	ENSG00000168944	RESOLVED	HPA	False
CEP126	ENSG00000110318	RESOLVED	HPA	False
CEP128	ENSG00000100629	RESOLVED	HPA	False
CEP131	ENSG00000141577	RESOLVED	HPA	False
CEP135	ENSG00000174799	RESOLVED	HPA	False
CEP152	ENSG00000103995	RESOLVED	HPA	False
CEP162	ENSG00000135315	RESOLVED	HPA	True
CEP164	ENSG00000110274	RESOLVED	HPA	False
CEP170	ENSG00000143702	RESOLVED	HPA	False
CEP170B	ENSG00000099814	RESOLVED	HPA	False
CEP19	ENSG00000174007	RESOLVED	HPA	False
CEP192	ENSG00000101639	RESOLVED	HPA	False
CEP250	ENSG00000126001	RESOLVED	HPA	True
CEP290	ENSG00000198707	RESOLVED	HPA	False
CEP295	ENSG00000166004	RESOLVED	HPA	False
CEP350	ENSG00000135837	RESOLVED	HPA	False
CEP41	ENSG00000106477	RESOLVED	HPA	False
CEP63	ENSG00000182923	RESOLVED	HPA	False
CEP70	ENSG00000114107	RESOLVED	HPA	False
CEP72	ENSG00000112877	RESOLVED	HPA	False
CEP76	ENSG00000101624	RESOLVED	HPA	False
CEP78	ENSG00000148019	RESOLVED	HPA	False
CEP83	ENSG00000173588	RESOLVED	HPA	False
CEP85	ENSG00000130695	RESOLVED	HPA	False
CEP89	ENSG00000121289	RESOLVED	HPA	False
CEP97	ENSG00000182504	RESOLVED	HPA	False
CERKL	ENSG00000188452	RESOLVED	HPA	True
CES1	ENSG00000198848	RESOLVED	HPA	False
CETN1	ENSG00000177143	RESOLVED	HPA	False
CETN2	ENSG00000147400	RESOLVED	HPA	False
CETN3	ENSG00000153140	RESOLVED	HPA	False
CFAP126	ENSG00000188931	RESOLVED	HPA	False
CFAP161	ENSG00000156206	RESOLVED	HPA	False
CFAP20	ENSG00000070761	RESOLVED	HPA	True
CFAP298	ENSG00000159079	RESOLVED	HPA	False
CFAP36	ENSG00000163001	RESOLVED	HPA	False
CFAP410	ENSG00000160226	RESOLVED	HPA	True
CFAP43	ENSG00000197748	RESOLVED	HPA	False
CFAP44	ENSG00000206530	RESOLVED	HPA	False
CFAP45	ENSG00000213085	RESOLVED	HPA	False
CFAP52	ENSG00000166596	RESOLVED	HPA	False
CFAP53	ENSG00000172361	RESOLVED	HPA	False
CFAP70	ENSG00000156042	RESOLVED	HPA	False
CFAP77	ENSG00000188523	RESOLVED	HPA	False
CFH	ENSG00000000971	RESOLVED	HPA	False
CFHR1	ENSG00000244414	RESOLVED	HPA	False
CFHR3	ENSG00000116785	RESOLVED	HPA	False
CFTR	ENSG00000001626	RESOLVED	HPA	False
CGAS	ENSG00000164430	RESOLVED	HPA	False
CGN	ENSG00000143375	RESOLVED	HPA	False
CGNL1	ENSG00000128849	RESOLVED	HPA	False
CH25H	ENSG00000138135	RESOLVED	HPA	False
CHAD	ENSG00000136457	RESOLVED	HPA	False
CHCHD10	ENSG00000250479	RESOLVED	HPA	False
CHCHD2	ENSG00000106153	RESOLVED	HPA	False
CHCHD3	ENSG00000106554	RESOLVED	HPA	False
CHCHD5	ENSG00000125611	RESOLVED	HPA	False
CHCHD7	ENSG00000170791	RESOLVED	HPA	False
CHD1	ENSG00000153922	RESOLVED	HPA	False
CHD3	ENSG00000170004	RESOLVED	HPA	False
CHD4	ENSG00000111642	RESOLVED	HPA	False
CHD8	ENSG00000100888	RESOLVED	HPA	False
CHDH	ENSG00000016391	RESOLVED	HPA	False
CHEK2	ENSG00000183765	RESOLVED	HPA	False
CHERP	ENSG00000085872	RESOLVED	HPA	False
CHID1	ENSG00000177830	RESOLVED	HPA	False
CHKA	ENSG00000110721	RESOLVED	HPA	False
CHM	ENSG00000188419	RESOLVED	HPA	False
CHMP1A	ENSG00000131165	RESOLVED	HPA	False
CHMP1B	ENSG00000255112	RESOLVED	HPA	False
CHMP2A	ENSG00000130724	RESOLVED	HPA	False
CHMP2B	ENSG00000083937	RESOLVED	HPA	False
CHMP3	ENSG00000115561	RESOLVED	HPA	False
CHMP4A	ENSG00000254505	RESOLVED	HPA	False
CHMP4B	ENSG00000101421	RESOLVED	HPA	False
CHMP4C	ENSG00000164695	RESOLVED	HPA	False
CHMP6	ENSG00000176108	RESOLVED	HPA	False
CHMP7	ENSG00000147457	RESOLVED	HPA	False
CHRM1	ENSG00000168539	RESOLVED	HPA	False
CHST10	ENSG00000115526	RESOLVED	HPA	False
CHURC1-FNTB	ENSG00000125954	RESOLVED	HPA	False
CIAO1	ENSG00000144021	RESOLVED	HPA	False
CIB2	ENSG00000136425	RESOLVED	HPA	False
CIR1	ENSG00000138433	RESOLVED	HPA	False
CISD3	ENSG00000277972	RESOLVED	HPA	False
CKAP5	ENSG00000175216	RESOLVED	HPA	False
CLASRP	ENSG00000104859	RESOLVED	HPA	False
CLBA1	ENSG00000140104	RESOLVED	HPA	False
CLCA1	ENSG00000016490	RESOLVED	HPA	False
CLCA2	ENSG00000137975	RESOLVED	HPA	False
CLCA4	ENSG00000016602	RESOLVED	HPA	False
CLCC1	ENSG00000121940	RESOLVED	HPA	True
CLCN3	ENSG00000109572	RESOLVED	HPA	False
CLCN6	ENSG00000011021	RESOLVED	HPA	False
CLDN19	ENSG00000164007	RESOLVED	HPA	False
CLEC4M	ENSG00000104938	RESOLVED	HPA	False
CLHC1	ENSG00000162994	RESOLVED	HPA	False
CLIC5	ENSG00000112782	RESOLVED	HPA	False
CLIC6	ENSG00000159212	RESOLVED	HPA	False
CLN3	ENSG00000188603	RESOLVED	HPA	True
CLN5	ENSG00000102805	RESOLVED	HPA	False
CLN6	ENSG00000128973	RESOLVED	HPA	False
CLN8	ENSG00000182372	RESOLVED	HPA	False
CLP1	ENSG00000172409	RESOLVED	HPA	False
CLPB	ENSG00000162129	RESOLVED	HPA	False
CLPP	ENSG00000125656	RESOLVED	HPA	False
CLPX	ENSG00000166855	RESOLVED	HPA	False
CLRN1	ENSG00000163646	RESOLVED	HPA	True
CLTC	ENSG00000141367	RESOLVED	HPA	False
CLTCL1	ENSG00000070371	RESOLVED	HPA	False
CLU	ENSG00000120885	RESOLVED	HPA	False
CLUAP1	ENSG00000103351	RESOLVED	HPA	False
CLUL1	ENSG00000079101	RESOLVED	HPA	False
CMC2	ENSG00000103121	RESOLVED	HPA	False
CMC4	ENSG00000182712	RESOLVED	HPA	False
CMTR1	ENSG00000137200	RESOLVED	HPA	False
CNGA1	ENSG00000198515	RESOLVED	HPA	True
CNGA2	ENSG00000183862	RESOLVED	HPA	False
CNGA3	ENSG00000144191	RESOLVED	HPA	False
CNGA4	ENSG00000132259	RESOLVED	HPA	False
CNGB1	ENSG00000070729	RESOLVED	HPA	True
CNGB3	ENSG00000170289	RESOLVED	HPA	False
CNNM4	ENSG00000158158	RESOLVED	HPA	False
CNOT1	ENSG00000125107	RESOLVED	HPA	False
CNOT3	ENSG00000088038	RESOLVED	HPA	False
CNR1	ENSG00000118432	RESOLVED	HPA	False
CNTF	ENSG00000242689	RESOLVED	HPA	False
CNTLN	ENSG00000044459	RESOLVED	HPA	False
CNTRL	ENSG00000119397	RESOLVED	HPA	False
CNTROB	ENSG00000170037	RESOLVED	HPA	False
COA4	ENSG00000181924	RESOLVED	HPA	False
COA6	ENSG00000168275	RESOLVED	HPA	False
COASY	ENSG00000068120	RESOLVED	HPA	False
COCH	ENSG00000100473	RESOLVED	HPA	False
COIL	ENSG00000121058	RESOLVED	HPA	False
COL9A2	ENSG00000049089	RESOLVED	HPA	False
COPG1	ENSG00000181789	RESOLVED	HPA	False
COPS5	ENSG00000121022	RESOLVED	HPA	False
COQ10A	ENSG00000135469	RESOLVED	HPA	False
COQ10B	ENSG00000115520	RESOLVED	HPA	False
COQ2	ENSG00000173085	RESOLVED	HPA	True
COQ3	ENSG00000132423	RESOLVED	HPA	False
COQ4	ENSG00000167113	RESOLVED	HPA	False
COQ5	ENSG00000110871	RESOLVED	HPA	True
COQ6	ENSG00000119723	RESOLVED	HPA	False
COQ7	ENSG00000167186	RESOLVED	HPA	False
COQ8A	ENSG00000163050	RESOLVED	HPA	False
COQ8B	ENSG00000123815	RESOLVED	HPA	True
COQ9	ENSG00000088682	RESOLVED	HPA	False
CORO1A	ENSG00000102879	RESOLVED	HPA	False
COX10	ENSG00000006695	RESOLVED	HPA	False
COX11	ENSG00000166260	RESOLVED	HPA	False
COX15	ENSG00000014919	RESOLVED	HPA	False
COX17	ENSG00000138495	RESOLVED	HPA	False
COX18	ENSG00000163626	RESOLVED	HPA	False
COX19	ENSG00000240230	RESOLVED	HPA	False
COX4I1	ENSG00000131143	RESOLVED	HPA	False
COX5A	ENSG00000178741	RESOLVED	HPA	False
COX5B	ENSG00000135940	RESOLVED	HPA	False
COX6A1	ENSG00000111775	RESOLVED	HPA	False
COX8A	ENSG00000176340	RESOLVED	HPA	False
CPA6	ENSG00000165078	RESOLVED	HPA	False
CPE	ENSG00000109472	RESOLVED	HPA	False
CPLANE1	ENSG00000197603	RESOLVED	HPA	False
CPLANE2	ENSG00000132881	RESOLVED	HPA	False
CPLX4	ENSG00000166569	RESOLVED	HPA	False
CPNE8	ENSG00000139117	RESOLVED	HPA	False
CPOX	ENSG00000080819	RESOLVED	HPA	False
CPSF1	ENSG00000071894	RESOLVED	HPA	False
CPSF6	ENSG00000111605	RESOLVED	HPA	False
CPSF7	ENSG00000149532	RESOLVED	HPA	False
CRABP1	ENSG00000166426	RESOLVED	HPA	False
CRABP2	ENSG00000143320	RESOLVED	HPA	False
CRAMP1	ENSG00000007545	RESOLVED	HPA	False
CRB1	ENSG00000134376	RESOLVED	HPA	True
CRB2	ENSG00000148204	RESOLVED	HPA	False
CRB3	ENSG00000130545	RESOLVED	HPA	False
CREB1	ENSG00000118260	RESOLVED	HPA	False
CREB3	ENSG00000107175	RESOLVED	HPA	True
CREB3L1	ENSG00000157613	RESOLVED	HPA	False
CREB3L2	ENSG00000182158	RESOLVED	HPA	False
CREB3L3	ENSG00000060566	RESOLVED	HPA	False
CREB3L4	ENSG00000143578	RESOLVED	HPA	False
CREB5	ENSG00000146592	RESOLVED	HPA	False
CREBBP	ENSG00000005339	RESOLVED	HPA	False
CREBRF	ENSG00000164463	RESOLVED	HPA	False
CREBZF	ENSG00000137504	RESOLVED	HPA	False
CREM	ENSG00000095794	RESOLVED	HPA	False
CRH	ENSG00000147571	RESOLVED	HPA	False
CRHR1	ENSG00000120088	RESOLVED	HPA	False
CRIPT	ENSG00000119878	RESOLVED	HPA	False
CRLF1	ENSG00000006016	RESOLVED	HPA	False
CRNKL1	ENSG00000101343	RESOLVED	HPA	False
CROCC	ENSG00000058453	RESOLVED	HPA	False
CRPPA	ENSG00000214960	RESOLVED	HPA	False
CRTC2	ENSG00000160741	RESOLVED	HPA	False
CRX	ENSG00000105392	RESOLVED	HPA	True
CRYBA1	ENSG00000108255	RESOLVED	HPA	False
CRYBB2	ENSG00000244752	RESOLVED	HPA	False
CRYBB3	ENSG00000100053	RESOLVED	HPA	False
CRYBG3	ENSG00000080200	RESOLVED	HPA	False
CRYGC	ENSG00000163254	RESOLVED	HPA	False
CRYGD	ENSG00000118231	RESOLVED	HPA	False
CS	ENSG00000062485	RESOLVED	HPA	False
CSF1	ENSG00000184371	RESOLVED	HPA	False
CSF2	ENSG00000164400	RESOLVED	HPA	False
CSH1	ENSG00000136488	RESOLVED	HPA	False
CSH2	ENSG00000213218	RESOLVED	HPA	False
CSHL1	ENSG00000204414	RESOLVED	HPA	False
CSK	ENSG00000103653	RESOLVED	HPA	False
CSMD1	ENSG00000183117	RESOLVED	HPA	False
CSMD3	ENSG00000164796	RESOLVED	HPA	False
CSPP1	ENSG00000104218	RESOLVED	HPA	False
CST3	ENSG00000101439	RESOLVED	HPA	False
CSTF2	ENSG00000101811	RESOLVED	HPA	False
CTBP1	ENSG00000159692	RESOLVED	HPA	False
CTBP2	ENSG00000175029	RESOLVED	HPA	False
CTH	ENSG00000116761	RESOLVED	HPA	False
CTNNB1	ENSG00000168036	RESOLVED	HPA	False
CTNNBL1	ENSG00000132792	RESOLVED	HPA	False
CTNS	ENSG00000040531	RESOLVED	HPA	False
CTPS1	ENSG00000171793	RESOLVED	HPA	False
CTPS2	ENSG00000047230	RESOLVED	HPA	False
CTSD	ENSG00000117984	RESOLVED	HPA	False
CTSF	ENSG00000174080	RESOLVED	HPA	False
CTSH	ENSG00000103811	RESOLVED	HPA	False
CTTNBP2	ENSG00000077063	RESOLVED	HPA	False
CTU2	ENSG00000174177	RESOLVED	HPA	False
CUBN	ENSG00000107611	RESOLVED	HPA	False
CUL3	ENSG00000036257	RESOLVED	HPA	False
CUL7	ENSG00000044090	RESOLVED	HPA	False
CUX1	ENSG00000257923	RESOLVED	HPA	False
CWC15	ENSG00000150316	RESOLVED	HPA	False
CWC22	ENSG00000163510	RESOLVED	HPA	False
CWC25	ENSG00000273559	RESOLVED	HPA	False
CWC27	ENSG00000153015	RESOLVED	HPA	False
CWF19L1	ENSG00000095485	RESOLVED	HPA	False
CWF19L2	ENSG00000152404	RESOLVED	HPA	False
CX3CL1	ENSG00000006210	RESOLVED	HPA	False
CX3CR1	ENSG00000168329	RESOLVED	HPA	False
CXCL11	ENSG00000169248	RESOLVED	HPA	False
CXCR4	ENSG00000121966	RESOLVED	HPA	False
CXCR5	ENSG00000160683	RESOLVED	HPA	False
CXorf51A				False
CXorf56				False
CXorf66				False
CYB561A3	ENSG00000162144	RESOLVED	HPA	False
CYB5A	ENSG00000166347	RESOLVED	HPA	False
CYB5B	ENSG00000103018	RESOLVED	HPA	False
CYB5D1	ENSG00000182224	RESOLVED	HPA	False
CYB5R1	ENSG00000159348	RESOLVED	HPA	False
CYB5R4	ENSG00000065615	RESOLVED	HPA	False
CYBRD1	ENSG00000071967	RESOLVED	HPA	False
CYC1	ENSG00000179091	RESOLVED	HPA	False
CYCS	ENSG00000172115	RESOLVED	HPA	False
CYGB	ENSG00000161544	RESOLVED	HPA	False
CYP11A1	ENSG00000140459	RESOLVED	HPA	False
CYP1A1	ENSG00000140465	RESOLVED	HPA	False
CYP1A2	ENSG00000140505	RESOLVED	HPA	False
CYP1B1	ENSG00000138061	RESOLVED	HPA	False
CYP26A1	ENSG00000095596	RESOLVED	HPA	False
CYP26B1	ENSG00000003137	RESOLVED	HPA	False
CYP26C1	ENSG00000187553	RESOLVED	HPA	False
CYP27C1	ENSG00000186684	RESOLVED	HPA	False
CYP2F1	ENSG00000197446	RESOLVED	HPA	False
CYP2S1	ENSG00000167600	RESOLVED	HPA	False
CYP2U1	ENSG00000155016	RESOLVED	HPA	False
CYP2W1	ENSG00000073067	RESOLVED	HPA	False
CYP3A4	ENSG00000160868	RESOLVED	HPA	False
CYP4V2	ENSG00000145476	RESOLVED	HPA	True
CYP51A1	ENSG00000001630	RESOLVED	HPA	False
CYS1	ENSG00000205795	RESOLVED	HPA	False
DAG1	ENSG00000173402	RESOLVED	HPA	False
DAP3	ENSG00000132676	RESOLVED	HPA	False
DAW1	ENSG00000123977	RESOLVED	HPA	False
DAXX	ENSG00000204209	RESOLVED	HPA	False
DBN1	ENSG00000113758	RESOLVED	HPA	False
DBR1	ENSG00000138231	RESOLVED	HPA	False
DBT	ENSG00000137992	RESOLVED	HPA	False
DCAF10	ENSG00000122741	RESOLVED	HPA	False
DCAF7	ENSG00000136485	RESOLVED	HPA	False
DCK	ENSG00000156136	RESOLVED	HPA	False
DCSTAMP	ENSG00000164935	RESOLVED	HPA	False
DCT	ENSG00000080166	RESOLVED	HPA	False
DCTN1	ENSG00000204843	RESOLVED	HPA	False
DCTN2	ENSG00000175203	RESOLVED	HPA	False
DCTN4	ENSG00000132912	RESOLVED	HPA	False
DDB1	ENSG00000167986	RESOLVED	HPA	False
DDIT3	ENSG00000175197	RESOLVED	HPA	False
DDOST	ENSG00000244038	RESOLVED	HPA	False
DDX1	ENSG00000079785	RESOLVED	HPA	False
DDX17	ENSG00000100201	RESOLVED	HPA	False
DDX18	ENSG00000088205	RESOLVED	HPA	False
DDX19A	ENSG00000168872	RESOLVED	HPA	False
DDX20	ENSG00000064703	RESOLVED	HPA	False
DDX21	ENSG00000165732	RESOLVED	HPA	False
DDX23	ENSG00000174243	RESOLVED	HPA	False
DDX27	ENSG00000124228	RESOLVED	HPA	False
DDX39A	ENSG00000123136	RESOLVED	HPA	False
DDX39B	ENSG00000198563	RESOLVED	HPA	False
DDX3X	ENSG00000215301	RESOLVED	HPA	False
DDX3Y	ENSG00000067048	RESOLVED	HPA	False
DDX4	ENSG00000152670	RESOLVED	HPA	False
DDX41	ENSG00000183258	RESOLVED	HPA	False
DDX42	ENSG00000198231	RESOLVED	HPA	False
DDX46	ENSG00000145833	RESOLVED	HPA	False
DDX49	ENSG00000105671	RESOLVED	HPA	False
DDX5	ENSG00000108654	RESOLVED	HPA	False
DDX50	ENSG00000107625	RESOLVED	HPA	False
DDX52	ENSG00000278053	RESOLVED	HPA	False
DDX54	ENSG00000123064	RESOLVED	HPA	False
DDX56	ENSG00000136271	RESOLVED	HPA	False
DDX59	ENSG00000118197	RESOLVED	HPA	False
DEGS1	ENSG00000143753	RESOLVED	HPA	False
DEPDC1	ENSG00000024526	RESOLVED	HPA	False
DEPDC1B	ENSG00000035499	RESOLVED	HPA	False
DERA	ENSG00000023697	RESOLVED	HPA	False
DERL1	ENSG00000136986	RESOLVED	HPA	False
DGAT1	ENSG00000185000	RESOLVED	HPA	False
DGAT2	ENSG00000062282	RESOLVED	HPA	False
DHCR24	ENSG00000116133	RESOLVED	HPA	False
DHCR7	ENSG00000172893	RESOLVED	HPA	False
DHDDS	ENSG00000117682	RESOLVED	HPA	True
DHFR	ENSG00000228716	RESOLVED	HPA	False
DHODH	ENSG00000102967	RESOLVED	HPA	False
DHRS3	ENSG00000162496	RESOLVED	HPA	False
DHRS4	ENSG00000157326	RESOLVED	HPA	False
DHRS9	ENSG00000073737	RESOLVED	HPA	False
DHTKD1	ENSG00000181192	RESOLVED	HPA	False
DHX15	ENSG00000109606	RESOLVED	HPA	False
DHX16	ENSG00000204560	RESOLVED	HPA	False
DHX29	ENSG00000067248	RESOLVED	HPA	False
DHX30	ENSG00000132153	RESOLVED	HPA	False
DHX32	ENSG00000089876	RESOLVED	HPA	False
DHX33	ENSG00000005100	RESOLVED	HPA	False
DHX34	ENSG00000134815	RESOLVED	HPA	False
DHX35	ENSG00000101452	RESOLVED	HPA	False
DHX36	ENSG00000174953	RESOLVED	HPA	False
DHX37	ENSG00000150990	RESOLVED	HPA	False
DHX38	ENSG00000140829	RESOLVED	HPA	True
DHX40	ENSG00000108406	RESOLVED	HPA	False
DHX57	ENSG00000163214	RESOLVED	HPA	False
DHX8	ENSG00000067596	RESOLVED	HPA	False
DHX9	ENSG00000135829	RESOLVED	HPA	False
DIAPH1	ENSG00000131504	RESOLVED	HPA	False
DIAPH2	ENSG00000147202	RESOLVED	HPA	False
DIAPH3	ENSG00000139734	RESOLVED	HPA	False
DIDO1	ENSG00000101191	RESOLVED	HPA	False
DIP2A	ENSG00000160305	RESOLVED	HPA	False
DIP2C	ENSG00000151240	RESOLVED	HPA	False
DLAT	ENSG00000150768	RESOLVED	HPA	False
DLD	ENSG00000091140	RESOLVED	HPA	False
DLG4	ENSG00000132535	RESOLVED	HPA	False
DLST	ENSG00000119689	RESOLVED	HPA	False
DMD	ENSG00000198947	RESOLVED	HPA	False
DMWD	ENSG00000185800	RESOLVED	HPA	False
DNAAF1	ENSG00000154099	RESOLVED	HPA	False
DNAAF2	ENSG00000165506	RESOLVED	HPA	False
DNAAF3	ENSG00000167646	RESOLVED	HPA	False
DNAAF4	ENSG00000256061	RESOLVED	HPA	False
DNAAF5	ENSG00000164818	RESOLVED	HPA	False
DNAH10	ENSG00000197653	RESOLVED	HPA	False
DNAH11	ENSG00000105877	RESOLVED	HPA	False
DNAH12	ENSG00000174844	RESOLVED	HPA	False
DNAH5	ENSG00000039139	RESOLVED	HPA	False
DNAH9	ENSG00000007174	RESOLVED	HPA	False
DNAI1	ENSG00000122735	RESOLVED	HPA	False
DNAI2	ENSG00000171595	RESOLVED	HPA	False
DNAJA1	ENSG00000086061	RESOLVED	HPA	False
DNAJB13	ENSG00000187726	RESOLVED	HPA	False
DNAJB4	ENSG00000162616	RESOLVED	HPA	False
DNAJC17	ENSG00000104129	RESOLVED	HPA	False
DNAJC18	ENSG00000170464	RESOLVED	HPA	False
DNAJC19	ENSG00000205981	RESOLVED	HPA	False
DNAJC28	ENSG00000177692	RESOLVED	HPA	False
DNAJC5	ENSG00000101152	RESOLVED	HPA	False
DNAJC5B	ENSG00000147570	RESOLVED	HPA	False
DNAJC6	ENSG00000116675	RESOLVED	HPA	False
DNAJC8	ENSG00000126698	RESOLVED	HPA	False
DNALI1	ENSG00000163879	RESOLVED	HPA	False
DNM1	ENSG00000106976	RESOLVED	HPA	False
DNM2	ENSG00000079805	RESOLVED	HPA	False
DOC2A	ENSG00000149927	RESOLVED	HPA	False
DOCK1	ENSG00000150760	RESOLVED	HPA	False
DOCK4	ENSG00000128512	RESOLVED	HPA	False
DOLK	ENSG00000175283	RESOLVED	HPA	False
DOLPP1	ENSG00000167130	RESOLVED	HPA	False
DOT1L	ENSG00000104885	RESOLVED	HPA	False
DPAGT1	ENSG00000172269	RESOLVED	HPA	False
DPH2	ENSG00000132768	RESOLVED	HPA	False
DPH3	ENSG00000154813	RESOLVED	HPA	False
DPH5	ENSG00000117543	RESOLVED	HPA	False
DPM1	ENSG00000000419	RESOLVED	HPA	False
DPM2	ENSG00000136908	RESOLVED	HPA	False
DPM3	ENSG00000179085	RESOLVED	HPA	False
DPRX	ENSG00000204595	RESOLVED	HPA	False
DPY19L4	ENSG00000156162	RESOLVED	HPA	False
DPY30	ENSG00000162961	RESOLVED	HPA	False
DPYD	ENSG00000188641	RESOLVED	HPA	False
DPYSL3	ENSG00000113657	RESOLVED	HPA	False
DQX1	ENSG00000144045	RESOLVED	HPA	False
DR1	ENSG00000117505	RESOLVED	HPA	False
DRAM2	ENSG00000156171	RESOLVED	HPA	False
DRAP1	ENSG00000175550	RESOLVED	HPA	False
DRAXIN	ENSG00000162490	RESOLVED	HPA	False
DRC1	ENSG00000157856	RESOLVED	HPA	False
DRC7	ENSG00000159625	RESOLVED	HPA	False
DRD2	ENSG00000149295	RESOLVED	HPA	False
DRD4	ENSG00000069696	RESOLVED	HPA	False
DSCAM	ENSG00000171587	RESOLVED	HPA	False
DSG4	ENSG00000175065	RESOLVED	HPA	False
DTHD1	ENSG00000197057	RESOLVED	HPA	False
DUSP6	ENSG00000139318	RESOLVED	HPA	False
DVL1	ENSG00000107404	RESOLVED	HPA	False
DVL2	ENSG00000004975	RESOLVED	HPA	False
DYNC1H1	ENSG00000197102	RESOLVED	HPA	False
DYNC1I1	ENSG00000158560	RESOLVED	HPA	False
DYNC1I2	ENSG00000077380	RESOLVED	HPA	False
DYNC1LI1	ENSG00000144635	RESOLVED	HPA	False
DYNC1LI2	ENSG00000135720	RESOLVED	HPA	False
DYNC2H1	ENSG00000187240	RESOLVED	HPA	True
DYNC2LI1	ENSG00000138036	RESOLVED	HPA	False
DYNLL1	ENSG00000088986	RESOLVED	HPA	False
DYNLL2	ENSG00000264364	RESOLVED	HPA	False
DYNLRB1	ENSG00000125971	RESOLVED	HPA	False
DYNLRB2	ENSG00000168589	RESOLVED	HPA	False
DYNLT1	ENSG00000146425	RESOLVED	HPA	False
DYNLT3	ENSG00000165169	RESOLVED	HPA	False
DYSF	ENSG00000135636	RESOLVED	HPA	False
DZANK1	ENSG00000089091	RESOLVED	HPA	False
DZIP1	ENSG00000134874	RESOLVED	HPA	False
E2F6	ENSG00000169016	RESOLVED	HPA	False
E4F1	ENSG00000167967	RESOLVED	HPA	False
E9PBE3_HUMAN		UNMAPPED	NONE	False
EAF1	ENSG00000144597	RESOLVED	HPA	False
EAPP	ENSG00000129518	RESOLVED	HPA	False
EBNA1BP2	ENSG00000117395	RESOLVED	HPA	False
EBP	ENSG00000147155	RESOLVED	HPA	False
EBPL	ENSG00000123179	RESOLVED	HPA	False
ECD	ENSG00000122882	RESOLVED	HPA	False
ECHS1	ENSG00000127884	RESOLVED	HPA	False
ECI1	ENSG00000167969	RESOLVED	HPA	False
ECI2	ENSG00000198721	RESOLVED	HPA	False
ECM2	ENSG00000106823	RESOLVED	HPA	False
ECPAS	ENSG00000136813	RESOLVED	HPA	False
ECT2	ENSG00000114346	RESOLVED	HPA	False
EDC4	ENSG00000038358	RESOLVED	HPA	False
EDEM1	ENSG00000134109	RESOLVED	HPA	False
EEF1A1	ENSG00000156508	RESOLVED	HPA	False
EEF1G	ENSG00000254772	RESOLVED	HPA	False
EEF2	ENSG00000167658	RESOLVED	HPA	False
EEFSEC	ENSG00000132394	RESOLVED	HPA	False
EFCAB1	ENSG00000034239	RESOLVED	GTEx	False
EFCAB11	ENSG00000140025	RESOLVED	HPA	False
EFCAB6	ENSG00000186976	RESOLVED	HPA	False
EFCAB7	ENSG00000203965	RESOLVED	HPA	False
EFEMP1	ENSG00000115380	RESOLVED	HPA	False
EFHB	ENSG00000163576	RESOLVED	HPA	False
EFHC1	ENSG00000096093	RESOLVED	HPA	False
EFHC2	ENSG00000183690	RESOLVED	HPA	False
EFHD1	ENSG00000115468	RESOLVED	HPA	False
EFHD2	ENSG00000142634	RESOLVED	HPA	False
EFL1	ENSG00000140598	RESOLVED	HPA	False
EFTUD2	ENSG00000108883	RESOLVED	HPA	False
EGFL8	ENSG00000241404	RESOLVED	HPA	False
EGFLAM	ENSG00000164318	RESOLVED	HPA	False
EGFR	ENSG00000146648	RESOLVED	HPA	False
EHD1	ENSG00000110047	RESOLVED	HPA	False
EIF2AK1	ENSG00000086232	RESOLVED	HPA	False
EIF2AK3	ENSG00000172071	RESOLVED	HPA	False
EIF2AK4	ENSG00000128829	RESOLVED	HPA	False
EIF2B3	ENSG00000070785	RESOLVED	HPA	False
EIF2B4	ENSG00000115211	RESOLVED	HPA	False
EIF2S1	ENSG00000134001	RESOLVED	HPA	False
EIF2S3	ENSG00000130741	RESOLVED	HPA	False
EIF2S3B	ENSG00000180574	RESOLVED	HPA	False
EIF3B	ENSG00000106263	RESOLVED	HPA	False
EIF3C	ENSG00000184110	RESOLVED	HPA	False
EIF3D	ENSG00000100353	RESOLVED	HPA	False
EIF3F	ENSG00000175390	RESOLVED	HPA	False
EIF3G	ENSG00000130811	RESOLVED	HPA	False
EIF3I	ENSG00000084623	RESOLVED	HPA	False
EIF4A1	ENSG00000161960	RESOLVED	HPA	False
EIF4A2	ENSG00000156976	RESOLVED	HPA	False
EIF4A3	ENSG00000141543	RESOLVED	HPA	False
EIF4B	ENSG00000063046	RESOLVED	HPA	False
EIF4H	ENSG00000106682	RESOLVED	HPA	False
EIF6	ENSG00000242372	RESOLVED	HPA	False
ELAVL2	ENSG00000107105	RESOLVED	HPA	False
ELAVL3	ENSG00000196361	RESOLVED	HPA	False
ELAVL4	ENSG00000162374	RESOLVED	HPA	False
ELF3	ENSG00000163435	RESOLVED	HPA	False
ELMO1	ENSG00000155849	RESOLVED	HPA	False
ELMO2	ENSG00000062598	RESOLVED	HPA	False
ELMOD1	ENSG00000110675	RESOLVED	HPA	False
ELMOD2	ENSG00000179387	RESOLVED	HPA	False
ELMOD3	ENSG00000115459	RESOLVED	HPA	False
ELOA	ENSG00000011007	RESOLVED	HPA	False
ELOVL4	ENSG00000118402	RESOLVED	HPA	False
ELP1	ENSG00000070061	RESOLVED	HPA	False
EMC1	ENSG00000127463	RESOLVED	HPA	False
EMC2	ENSG00000104412	RESOLVED	HPA	False
EMC8	ENSG00000131148	RESOLVED	HPA	False
EML1	ENSG00000066629	RESOLVED	HPA	False
EML2	ENSG00000125746	RESOLVED	HPA	False
EML3	ENSG00000149499	RESOLVED	HPA	False
EML4	ENSG00000143924	RESOLVED	HPA	False
EML5	ENSG00000165521	RESOLVED	HPA	False
EML6	ENSG00000214595	RESOLVED	HPA	False
EMP2	ENSG00000213853	RESOLVED	HPA	False
ENAH	ENSG00000154380	RESOLVED	HPA	False
ENC1	ENSG00000171617	RESOLVED	HPA	False
ENDOV	ENSG00000173818	RESOLVED	HPA	False
ENKUR	ENSG00000151023	RESOLVED	HPA	False
ENO1	ENSG00000074800	RESOLVED	HPA	False
ENO2	ENSG00000111674	RESOLVED	HPA	False
ENO3	ENSG00000108515	RESOLVED	HPA	False
ENO4	ENSG00000188316	RESOLVED	HPA	False
ENPP1	ENSG00000197594	RESOLVED	HPA	False
ENPP3	ENSG00000154269	RESOLVED	HPA	False
ENSP00000387111		UNMAPPED	NONE	False
ENSP00000398526		UNMAPPED	NONE	False
ENSP00000470615		UNMAPPED	NONE	False
ENSP00000478249		UNMAPPED	NONE	False
ENSP00000497305		UNMAPPED	NONE	False
ENSP00000497443		UNMAPPED	NONE	False
ENSP00000500339		UNMAPPED	NONE	False
ENTPD1	ENSG00000138185	RESOLVED	HPA	False
ENTPD3	ENSG00000168032	RESOLVED	HPA	False
ENTPD4	ENSG00000197217	RESOLVED	HPA	False
ENTPD5	ENSG00000187097	RESOLVED	HPA	False
ENTPD6	ENSG00000197586	RESOLVED	HPA	False
ENTPD8	ENSG00000188833	RESOLVED	HPA	False
EP300	ENSG00000100393	RESOLVED	HPA	False
EPB41	ENSG00000159023	RESOLVED	HPA	False
EPB41L4B	ENSG00000095203	RESOLVED	HPA	False
EPB41L5	ENSG00000115109	RESOLVED	HPA	False
EPHX2	ENSG00000120915	RESOLVED	HPA	False
EPN1	ENSG00000063245	RESOLVED	HPA	False
EPRS1	ENSG00000136628	RESOLVED	HPA	False
EPS15	ENSG00000085832	RESOLVED	HPA	False
EPS15L1	ENSG00000127527	RESOLVED	HPA	False
EPSTI1	ENSG00000133106	RESOLVED	HPA	False
ERAL1	ENSG00000132591	RESOLVED	HPA	False
ERBB2	ENSG00000141736	RESOLVED	HPA	False
ERC1	ENSG00000082805	RESOLVED	HPA	False
ERCC6	ENSG00000225830	RESOLVED	HPA	False
ERGIC3	ENSG00000125991	RESOLVED	HPA	False
ERLIN2	ENSG00000147475	RESOLVED	HPA	False
ERMARD	ENSG00000130023	RESOLVED	HPA	False
ESCO1	ENSG00000141446	RESOLVED	HPA	False
ESCO2	ENSG00000171320	RESOLVED	HPA	False
ESF1	ENSG00000089048	RESOLVED	HPA	False
ESPN	ENSG00000187017	RESOLVED	HPA	False
ESRP1	ENSG00000104413	RESOLVED	HPA	False
ESRRA	ENSG00000173153	RESOLVED	HPA	False
ESRRB	ENSG00000119715	RESOLVED	HPA	False
ESRRG	ENSG00000196482	RESOLVED	HPA	False
ESS2	ENSG00000100056	RESOLVED	HPA	False
ESX1	ENSG00000123576	RESOLVED	HPA	False
ESYT1	ENSG00000139641	RESOLVED	HPA	False
ETFA	ENSG00000140374	RESOLVED	HPA	False
ETFB	ENSG00000105379	RESOLVED	HPA	False
ETFDH	ENSG00000171503	RESOLVED	HPA	False
EVA1A	ENSG00000115363	RESOLVED	HPA	False
EVC	ENSG00000072840	RESOLVED	HPA	False
EVC2	ENSG00000173040	RESOLVED	HPA	False
EVI5	ENSG00000067208	RESOLVED	HPA	False
EVPL	ENSG00000167880	RESOLVED	HPA	False
EWSR1	ENSG00000182944	RESOLVED	HPA	False
EXOC1	ENSG00000090989	RESOLVED	HPA	False
EXOC2	ENSG00000112685	RESOLVED	HPA	False
EXOC3	ENSG00000180104	RESOLVED	HPA	False
EXOC4	ENSG00000131558	RESOLVED	HPA	False
EXOC5	ENSG00000070367	RESOLVED	HPA	False
EXOC6	ENSG00000138190	RESOLVED	HPA	False
EXOC7	ENSG00000182473	RESOLVED	HPA	False
EXOC8	ENSG00000116903	RESOLVED	HPA	False
EXOSC10	ENSG00000171824	RESOLVED	HPA	False
EXOSC2	ENSG00000130713	RESOLVED	HPA	False
EXOSC9	ENSG00000123737	RESOLVED	HPA	False
EXT1	ENSG00000182197	RESOLVED	HPA	False
EXT2	ENSG00000151348	RESOLVED	HPA	False
EXTL2	ENSG00000162694	RESOLVED	HPA	False
EXTL3	ENSG00000012232	RESOLVED	HPA	False
EYS	ENSG00000188107	RESOLVED	HPA	True
EZH2	ENSG00000106462	RESOLVED	HPA	False
F11	ENSG00000088926	RESOLVED	HPA	False
F11R	ENSG00000158769	RESOLVED	HPA	False
F12	ENSG00000131187	RESOLVED	HPA	False
F9	ENSG00000101981	RESOLVED	HPA	False
FAHD2A	ENSG00000115042	RESOLVED	HPA	False
FAM111A	ENSG00000166801	RESOLVED	HPA	False
FAM111B	ENSG00000189057	RESOLVED	HPA	False
FAM114A2	ENSG00000055147	RESOLVED	HPA	False
FAM118A	ENSG00000100376	RESOLVED	HPA	False
FAM120C	ENSG00000184083	RESOLVED	HPA	False
FAM126A	ENSG00000122591	RESOLVED	GTEx	False
FAM131B	ENSG00000159784	RESOLVED	HPA	False
FAM149A	ENSG00000109794	RESOLVED	HPA	False
FAM149B1	ENSG00000138286	RESOLVED	HPA	False
FAM160A2	ENSG00000051009	RESOLVED	GTEx	False
FAM161A	ENSG00000170264	RESOLVED	HPA	True
FAM166B	ENSG00000215187	RESOLVED	HPA	False
FAM166C	ENSG00000173557	RESOLVED	HPA	False
FAM169A	ENSG00000198780	RESOLVED	HPA	False
FAM183A	ENSG00000186973	RESOLVED	HPA	False
FAM32A	ENSG00000105058	RESOLVED	HPA	False
FAM3B	ENSG00000183844	RESOLVED	HPA	False
FAM50A	ENSG00000071859	RESOLVED	HPA	False
FAM76B	ENSG00000077458	RESOLVED	HPA	False
FAM91A1	ENSG00000176853	RESOLVED	HPA	False
FAM98A	ENSG00000119812	RESOLVED	HPA	False
FAN1	ENSG00000198690	RESOLVED	HPA	False
FANCM	ENSG00000187790	RESOLVED	HPA	False
FAR1	ENSG00000197601	RESOLVED	HPA	False
FARP1	ENSG00000152767	RESOLVED	HPA	False
FASN	ENSG00000169710	RESOLVED	HPA	False
FASTKD3	ENSG00000124279	RESOLVED	HPA	False
FAT3	ENSG00000165323	RESOLVED	HPA	False
FAXDC2	ENSG00000170271	RESOLVED	HPA	False
FBF1	ENSG00000188878	RESOLVED	HPA	False
FBH1	ENSG00000134452	RESOLVED	HPA	False
FBL	ENSG00000105202	RESOLVED	HPA	False
FBLL1	ENSG00000188573	RESOLVED	HPA	False
FBLN1	ENSG00000077942	RESOLVED	HPA	False
FBLN2	ENSG00000163520	RESOLVED	HPA	False
FBLN5	ENSG00000140092	RESOLVED	HPA	False
FBN3	ENSG00000142449	RESOLVED	HPA	False
FBP1	ENSG00000165140	RESOLVED	HPA	False
FBP2	ENSG00000130957	RESOLVED	HPA	False
FBRS	ENSG00000156860	RESOLVED	HPA	False
FBXL17	ENSG00000145743	RESOLVED	HPA	False
FBXL2	ENSG00000153558	RESOLVED	HPA	False
FBXL20	ENSG00000108306	RESOLVED	HPA	False
FBXL5	ENSG00000118564	RESOLVED	HPA	False
FBXO40	ENSG00000163833	RESOLVED	HPA	False
FBXO45	ENSG00000174013	RESOLVED	HPA	False
FBXO9	ENSG00000112146	RESOLVED	HPA	False
FCGR1A	ENSG00000150337	RESOLVED	HPA	False
FCGR1B	ENSG00000198019	RESOLVED	GTEx	False
FCGR3A	ENSG00000203747	RESOLVED	HPA	False
FCGR3B	ENSG00000162747	RESOLVED	HPA	False
FCN1	ENSG00000085265	RESOLVED	HPA	False
FCSK	ENSG00000157353	RESOLVED	HPA	False
FDFT1	ENSG00000079459	RESOLVED	HPA	False
FDPS	ENSG00000160752	RESOLVED	HPA	False
FDX1	ENSG00000137714	RESOLVED	HPA	False
FDX2	ENSG00000267673	RESOLVED	HPA	False
FDXR	ENSG00000161513	RESOLVED	HPA	False
FECH	ENSG00000066926	RESOLVED	HPA	False
FEN1	ENSG00000168496	RESOLVED	HPA	False
FGFR1	ENSG00000077782	RESOLVED	HPA	False
FGFR1OP	ENSG00000213066	RESOLVED	GTEx	False
FH	ENSG00000091483	RESOLVED	HPA	False
FIZ1	ENSG00000179943	RESOLVED	HPA	False
FKBP1A	ENSG00000088832	RESOLVED	HPA	False
FKBP1B	ENSG00000119782	RESOLVED	HPA	False
FKBP8	ENSG00000105701	RESOLVED	HPA	False
FKRP	ENSG00000181027	RESOLVED	HPA	False
FKTN	ENSG00000106692	RESOLVED	HPA	False
FLAD1	ENSG00000160688	RESOLVED	HPA	False
FLI1	ENSG00000151702	RESOLVED	HPA	False
FLNA	ENSG00000196924	RESOLVED	HPA	False
FLNB	ENSG00000136068	RESOLVED	HPA	False
FLNC	ENSG00000128591	RESOLVED	HPA	False
FLOT1	ENSG00000137312	RESOLVED	HPA	False
FLVCR1	ENSG00000162769	RESOLVED	HPA	True
FLYWCH1	ENSG00000059122	RESOLVED	HPA	False
FMC1-LUC7L2	ENSG00000269955	RESOLVED	HPA	False
FMN1	ENSG00000248905	RESOLVED	HPA	False
FMNL3	ENSG00000161791	RESOLVED	HPA	False
FMR1	ENSG00000102081	RESOLVED	HPA	False
FN1	ENSG00000115414	RESOLVED	HPA	False
FNBP1	ENSG00000187239	RESOLVED	HPA	False
FNBP1L	ENSG00000137942	RESOLVED	HPA	False
FNDC4	ENSG00000115226	RESOLVED	HPA	False
FNTA	ENSG00000168522	RESOLVED	HPA	False
FNTB	ENSG00000257365	RESOLVED	HPA	False
FOPNL	ENSG00000133393	RESOLVED	GTEx	False
FOS	ENSG00000170345	RESOLVED	HPA	False
FOSB	ENSG00000125740	RESOLVED	HPA	False
FOSL1	ENSG00000175592	RESOLVED	HPA	False
FOSL2	ENSG00000075426	RESOLVED	HPA	False
FOXF1	ENSG00000103241	RESOLVED	HPA	False
FOXJ1	ENSG00000129654	RESOLVED	HPA	False
FOXN4	ENSG00000139445	RESOLVED	HPA	False
FOXP2	ENSG00000128573	RESOLVED	HPA	False
FOXP3	ENSG00000049768	RESOLVED	HPA	False
FOXP4	ENSG00000137166	RESOLVED	HPA	False
FPGS	ENSG00000136877	RESOLVED	HPA	False
FPR1	ENSG00000171051	RESOLVED	HPA	False
FRA10AC1	ENSG00000148690	RESOLVED	HPA	False
FRG1	ENSG00000109536	RESOLVED	HPA	False
FRMD6	ENSG00000139926	RESOLVED	HPA	False
FRMD7	ENSG00000165694	RESOLVED	HPA	False
FRRS1L	ENSG00000260230	RESOLVED	HPA	False
FSCN1	ENSG00000075618	RESOLVED	HPA	False
FSCN2	ENSG00000186765	RESOLVED	HPA	False
FSD1	ENSG00000105255	RESOLVED	HPA	False
FSD1L	ENSG00000106701	RESOLVED	HPA	True
FTH1	ENSG00000167996	RESOLVED	HPA	False
FTSJ3	ENSG00000108592	RESOLVED	HPA	False
FUCA1	ENSG00000179163	RESOLVED	HPA	False
FUS	ENSG00000089280	RESOLVED	HPA	False
FXN	ENSG00000165060	RESOLVED	HPA	False
FXR1	ENSG00000114416	RESOLVED	HPA	False
FYN	ENSG00000010810	RESOLVED	HPA	False
FZD2	ENSG00000180340	RESOLVED	HPA	False
FZD3	ENSG00000104290	RESOLVED	HPA	False
FZD4	ENSG00000174804	RESOLVED	HPA	False
FZD5	ENSG00000163251	RESOLVED	HPA	False
FZD6	ENSG00000164930	RESOLVED	HPA	False
FZR1	ENSG00000105325	RESOLVED	HPA	False
G3BP1	ENSG00000145907	RESOLVED	HPA	False
G3BP2	ENSG00000138757	RESOLVED	HPA	False
G6PC	ENSG00000131482	RESOLVED	GTEx	False
G6PC2	ENSG00000152254	RESOLVED	HPA	False
G6PC3	ENSG00000141349	RESOLVED	HPA	False
G6PD	ENSG00000160211	RESOLVED	HPA	False
GAA	ENSG00000171298	RESOLVED	HPA	False
GAB1	ENSG00000109458	RESOLVED	HPA	False
GABARAP	ENSG00000170296	RESOLVED	HPA	False
GABARAPL1	ENSG00000139112	RESOLVED	HPA	False
GABARAPL2	ENSG00000034713	RESOLVED	HPA	False
GABBR1	ENSG00000204681	RESOLVED	HPA	False
GABRA1	ENSG00000022355	RESOLVED	HPA	False
GABRA5	ENSG00000186297	RESOLVED	HPA	False
GABRB1	ENSG00000163288	RESOLVED	HPA	False
GABRD	ENSG00000187730	RESOLVED	HPA	False
GABRG2	ENSG00000113327	RESOLVED	HPA	False
GABRR1	ENSG00000146276	RESOLVED	HPA	False
GABRR2	ENSG00000111886	RESOLVED	HPA	False
GAD2	ENSG00000136750	RESOLVED	HPA	False
GALK1	ENSG00000108479	RESOLVED	HPA	False
GALK2	ENSG00000156958	RESOLVED	HPA	False
GALM	ENSG00000143891	RESOLVED	HPA	False
GALNS	ENSG00000141012	RESOLVED	HPA	False
GALNT12	ENSG00000119514	RESOLVED	HPA	False
GALNT13	ENSG00000144278	RESOLVED	HPA	False
GALNT2	ENSG00000143641	RESOLVED	HPA	False
GALNT3	ENSG00000115339	RESOLVED	HPA	False
GAN	ENSG00000261609	RESOLVED	HPA	False
GANAB	ENSG00000089597	RESOLVED	HPA	False
GANC	ENSG00000214013	RESOLVED	HPA	False
GAPDH	ENSG00000111640	RESOLVED	HPA	False
GAPDHS	ENSG00000105679	RESOLVED	HPA	False
GART	ENSG00000159131	RESOLVED	HPA	False
GAS6	ENSG00000183087	RESOLVED	HPA	False
GATC	ENSG00000257218	RESOLVED	HPA	False
GBA	ENSG00000177628	RESOLVED	GTEx	False
GBE1	ENSG00000114480	RESOLVED	HPA	False
GBF1	ENSG00000107862	RESOLVED	HPA	False
GCDH	ENSG00000105607	RESOLVED	HPA	False
GCFC2	ENSG00000005436	RESOLVED	HPA	False
GCGR	ENSG00000215644	RESOLVED	HPA	False
GCH1	ENSG00000131979	RESOLVED	HPA	False
GCK	ENSG00000106633	RESOLVED	HPA	False
GCKR	ENSG00000084734	RESOLVED	HPA	False
GCM2	ENSG00000124827	RESOLVED	HPA	False
GCN1	ENSG00000089154	RESOLVED	HPA	False
GCNT1	ENSG00000187210	RESOLVED	HPA	False
GCNT2	ENSG00000111846	RESOLVED	HPA	False
GDA	ENSG00000119125	RESOLVED	HPA	False
GDF2	ENSG00000263761	RESOLVED	HPA	False
GDF3	ENSG00000184344	RESOLVED	HPA	False
GDPD1	ENSG00000153982	RESOLVED	HPA	False
GDPD3	ENSG00000102886	RESOLVED	HPA	False
GEMIN4	ENSG00000179409	RESOLVED	HPA	False
GET4	ENSG00000239857	RESOLVED	HPA	False
GFAP	ENSG00000131095	RESOLVED	HPA	False
GFM1	ENSG00000168827	RESOLVED	HPA	False
GFOD1	ENSG00000145990	RESOLVED	HPA	False
GFPT1	ENSG00000198380	RESOLVED	HPA	False
GFPT2	ENSG00000131459	RESOLVED	HPA	False
GGA1	ENSG00000100083	RESOLVED	HPA	False
GGCX	ENSG00000115486	RESOLVED	HPA	False
GGPS1	ENSG00000152904	RESOLVED	HPA	False
GH1	ENSG00000259384	RESOLVED	HPA	False
GH2	ENSG00000136487	RESOLVED	HPA	False
GHITM	ENSG00000165678	RESOLVED	HPA	False
GHRH	ENSG00000118702	RESOLVED	HPA	False
GHRL	ENSG00000157017	RESOLVED	HPA	False
GIGYF2	ENSG00000204120	RESOLVED	HPA	False
GIT1	ENSG00000108262	RESOLVED	HPA	False
GIT2	ENSG00000139436	RESOLVED	HPA	False
GJA1	ENSG00000152661	RESOLVED	HPA	False
GJA8	ENSG00000121634	RESOLVED	HPA	False
GJB2	ENSG00000165474	RESOLVED	HPA	False
GK5	ENSG00000175066	RESOLVED	HPA	False
GLB1	ENSG00000170266	RESOLVED	HPA	False
GLI1	ENSG00000111087	RESOLVED	HPA	False
GLI2	ENSG00000074047	RESOLVED	HPA	False
GLI3	ENSG00000106571	RESOLVED	HPA	False
GLIPR1	ENSG00000139278	RESOLVED	HPA	False
GLIS2	ENSG00000126603	RESOLVED	HPA	False
GLMN	ENSG00000174842	RESOLVED	HPA	False
GLO1	ENSG00000124767	RESOLVED	HPA	False
GLUD1	ENSG00000148672	RESOLVED	HPA	False
GLUD2	ENSG00000182890	RESOLVED	HPA	False
GLUL	ENSG00000135821	RESOLVED	HPA	False
GLYATL1	ENSG00000166840	RESOLVED	HPA	False
GLYCTK	ENSG00000168237	RESOLVED	HPA	False
GMPPA	ENSG00000144591	RESOLVED	HPA	False
GMPPB	ENSG00000173540	RESOLVED	HPA	False
GMPR	ENSG00000137198	RESOLVED	HPA	False
GMPS	ENSG00000163655	RESOLVED	HPA	False
GNA11	ENSG00000088256	RESOLVED	HPA	False
GNA12	ENSG00000146535	RESOLVED	HPA	False
GNA13	ENSG00000120063	RESOLVED	HPA	False
GNA14	ENSG00000156049	RESOLVED	HPA	False
GNA15	ENSG00000060558	RESOLVED	HPA	False
GNAI1	ENSG00000127955	RESOLVED	HPA	False
GNAI2	ENSG00000114353	RESOLVED	HPA	False
GNAI3	ENSG00000065135	RESOLVED	HPA	False
GNAL	ENSG00000141404	RESOLVED	HPA	False
GNAO1	ENSG00000087258	RESOLVED	HPA	False
GNAQ	ENSG00000156052	RESOLVED	HPA	False
GNAS	ENSG00000087460	RESOLVED	HPA	False
GNAT1	ENSG00000114349	RESOLVED	HPA	True
GNAT2	ENSG00000134183	RESOLVED	HPA	False
GNAT3	ENSG00000214415	RESOLVED	HPA	False
GNAZ	ENSG00000128266	RESOLVED	HPA	False
GNB1	ENSG00000078369	RESOLVED	HPA	False
GNB2	ENSG00000172354	RESOLVED	HPA	False
GNB3	ENSG00000111664	RESOLVED	HPA	False
GNB4	ENSG00000114450	RESOLVED	HPA	False
GNB5	ENSG00000069966	RESOLVED	HPA	False
GNG10	ENSG00000242616	RESOLVED	HPA	False
GNG11	ENSG00000127920	RESOLVED	HPA	False
GNG12	ENSG00000172380	RESOLVED	HPA	False
GNG13	ENSG00000127588	RESOLVED	HPA	False
GNG14	ENSG00000283980	RESOLVED	HPA	False
GNG2	ENSG00000186469	RESOLVED	HPA	False
GNG3	ENSG00000162188	RESOLVED	HPA	False
GNG4	ENSG00000168243	RESOLVED	HPA	False
GNG5	ENSG00000174021	RESOLVED	HPA	False
GNG7	ENSG00000176533	RESOLVED	HPA	False
GNG8	ENSG00000167414	RESOLVED	HPA	False
GNGT1	ENSG00000127928	RESOLVED	HPA	False
GNGT2	ENSG00000167083	RESOLVED	HPA	False
GNL3	ENSG00000163938	RESOLVED	HPA	False
GNPDA1	ENSG00000113552	RESOLVED	HPA	False
GNPDA2	ENSG00000163281	RESOLVED	HPA	False
GNPNAT1	ENSG00000100522	RESOLVED	HPA	False
GNPTAB	ENSG00000111670	RESOLVED	HPA	False
GNPTG	ENSG00000090581	RESOLVED	HPA	False
GNRHR	ENSG00000109163	RESOLVED	HPA	False
GNS	ENSG00000135677	RESOLVED	HPA	False
GOLGA4	ENSG00000144674	RESOLVED	HPA	False
GOLGA6L1	ENSG00000273976	RESOLVED	HPA	False
GOLPH3	ENSG00000113384	RESOLVED	HPA	False
GOT1	ENSG00000120053	RESOLVED	HPA	False
GOT1L1	ENSG00000169154	RESOLVED	HPA	False
GOT2	ENSG00000125166	RESOLVED	HPA	False
GPATCH3	ENSG00000198746	RESOLVED	HPA	False
GPATCH4	ENSG00000160818	RESOLVED	HPA	False
GPD1	ENSG00000167588	RESOLVED	HPA	False
GPD2	ENSG00000115159	RESOLVED	HPA	False
GPHN	ENSG00000171723	RESOLVED	HPA	False
GPI	ENSG00000105220	RESOLVED	HPA	False
GPKOW	ENSG00000068394	RESOLVED	HPA	False
GPM6B	ENSG00000046653	RESOLVED	HPA	False
GPNMB	ENSG00000136235	RESOLVED	HPA	False
GPR119	ENSG00000147262	RESOLVED	HPA	False
GPR141	ENSG00000187037	RESOLVED	HPA	False
GPR142	ENSG00000257008	RESOLVED	HPA	False
GPR153	ENSG00000158292	RESOLVED	HPA	False
GPR161	ENSG00000143147	RESOLVED	HPA	False
GPR179	ENSG00000277399	RESOLVED	HPA	False
GPR180	ENSG00000152749	RESOLVED	HPA	False
GPR182	ENSG00000166856	RESOLVED	HPA	False
GPR34	ENSG00000171659	RESOLVED	HPA	False
GPR52	ENSG00000203737	RESOLVED	HPA	False
GPR55	ENSG00000135898	RESOLVED	HPA	False
GPR84	ENSG00000139572	RESOLVED	HPA	False
GPR87	ENSG00000138271	RESOLVED	HPA	False
GPR88	ENSG00000181656	RESOLVED	HPA	False
GPS2	ENSG00000132522	RESOLVED	HPA	False
GPSM2	ENSG00000121957	RESOLVED	HPA	False
GPT	ENSG00000167701	RESOLVED	HPA	False
GPT2	ENSG00000166123	RESOLVED	HPA	False
GPX2	ENSG00000176153	RESOLVED	HPA	False
GPX4	ENSG00000167468	RESOLVED	HPA	False
GPX6	ENSG00000198704	RESOLVED	HPA	False
GPX7	ENSG00000116157	RESOLVED	HPA	False
GPX8	ENSG00000164294	RESOLVED	HPA	False
GRAMD4	ENSG00000075240	RESOLVED	HPA	False
GRB14	ENSG00000115290	RESOLVED	HPA	False
GRB2	ENSG00000177885	RESOLVED	HPA	False
GRHPR	ENSG00000137106	RESOLVED	HPA	False
GRIA1	ENSG00000155511	RESOLVED	HPA	False
GRIP1	ENSG00000155974	RESOLVED	HPA	False
GRIPAP1	ENSG00000068400	RESOLVED	HPA	False
GRK1	ENSG00000185974	RESOLVED	HPA	False
GRK2	ENSG00000173020	RESOLVED	HPA	False
GRK3	ENSG00000100077	RESOLVED	HPA	False
GRK4	ENSG00000125388	RESOLVED	HPA	False
GRK5	ENSG00000198873	RESOLVED	HPA	False
GRK6	ENSG00000198055	RESOLVED	HPA	False
GRK7	ENSG00000114124	RESOLVED	HPA	False
GRM1	ENSG00000152822	RESOLVED	HPA	False
GRM5	ENSG00000168959	RESOLVED	HPA	False
GRM6	ENSG00000113262	RESOLVED	HPA	False
GRN	ENSG00000030582	RESOLVED	HPA	False
GRPEL1	ENSG00000109519	RESOLVED	HPA	False
GRPEL2	ENSG00000164284	RESOLVED	HPA	False
GRTP1	ENSG00000139835	RESOLVED	HPA	False
GSK3B	ENSG00000082701	RESOLVED	HPA	False
GSN	ENSG00000148180	RESOLVED	HPA	False
GSR	ENSG00000104687	RESOLVED	HPA	False
GTF2B	ENSG00000137947	RESOLVED	HPA	False
GTF3C1	ENSG00000077235	RESOLVED	HPA	False
GTF3C2	ENSG00000115207	RESOLVED	HPA	False
GTF3C5	ENSG00000148308	RESOLVED	HPA	False
GTPBP4	ENSG00000107937	RESOLVED	HPA	False
GTSE1	ENSG00000075218	RESOLVED	HPA	False
GUCA1A	ENSG00000048545	RESOLVED	HPA	True
GUCA1A-2		UNMAPPED	NONE	False
GUCA1B	ENSG00000112599	RESOLVED	HPA	False
GUCA1C	ENSG00000138472	RESOLVED	HPA	False
GUCA2A	ENSG00000197273	RESOLVED	HPA	False
GUCA2B	ENSG00000044012	RESOLVED	HPA	False
GUCY1A1	ENSG00000164116	RESOLVED	HPA	False
GUCY1A2	ENSG00000152402	RESOLVED	HPA	False
GUCY1B1	ENSG00000061918	RESOLVED	HPA	False
GUCY2C	ENSG00000070019	RESOLVED	HPA	False
GUCY2D	ENSG00000132518	RESOLVED	HPA	True
GUCY2F	ENSG00000101890	RESOLVED	HPA	False
GUF1	ENSG00000151806	RESOLVED	HPA	False
GUK1	ENSG00000143774	RESOLVED	HPA	False
GULP1	ENSG00000144366	RESOLVED	HPA	False
GUSB	ENSG00000169919	RESOLVED	HPA	False
GYS1	ENSG00000104812	RESOLVED	HPA	False
GYS2	ENSG00000111713	RESOLVED	HPA	False
GZF1	ENSG00000125812	RESOLVED	HPA	False
H0YIJ7_HUMAN		UNMAPPED	NONE	False
H0YIS7_HUMAN		UNMAPPED	NONE	False
H1-6	ENSG00000187475	RESOLVED	HPA	False
H2AC18	ENSG00000288825	RESOLVED	HPA	False
H2AC20	ENSG00000184260	RESOLVED	HPA	False
H2AX	ENSG00000188486	RESOLVED	HPA	False
H2BC21	ENSG00000184678	RESOLVED	HPA	False
H3-3A	ENSG00000163041	RESOLVED	HPA	False
H3-3B	ENSG00000132475	RESOLVED	HPA	False
H3BNC9_HUMAN		UNMAPPED	NONE	False
H3C2	ENSG00000286522	RESOLVED	HPA	False
H4C6	ENSG00000274618	RESOLVED	HPA	False
H6PD	ENSG00000049239	RESOLVED	HPA	False
H7C0C1_HUMAN		UNMAPPED	NONE	False
HAAO	ENSG00000162882	RESOLVED	HPA	False
HABP2	ENSG00000148702	RESOLVED	HPA	False
HABP4	ENSG00000130956	RESOLVED	HPA	False
HACD4	ENSG00000188921	RESOLVED	HPA	False
HACE1	ENSG00000085382	RESOLVED	HPA	False
HACL1	ENSG00000131373	RESOLVED	HPA	False
HADHA	ENSG00000084754	RESOLVED	HPA	False
HADHB	ENSG00000138029	RESOLVED	HPA	False
HAMP	ENSG00000105697	RESOLVED	HPA	False
HAND1	ENSG00000113196	RESOLVED	HPA	False
HAO1	ENSG00000101323	RESOLVED	HPA	False
HAO2	ENSG00000116882	RESOLVED	HPA	False
HAP1	ENSG00000173805	RESOLVED	HPA	False
HARS1	ENSG00000170445	RESOLVED	HPA	False
HARS2	ENSG00000112855	RESOLVED	HPA	False
HAS1	ENSG00000105509	RESOLVED	HPA	False
HAS2	ENSG00000170961	RESOLVED	HPA	False
HAS3	ENSG00000103044	RESOLVED	HPA	False
HAUS1	ENSG00000152240	RESOLVED	HPA	False
HAUS2	ENSG00000137814	RESOLVED	HPA	False
HAUS3	ENSG00000214367	RESOLVED	HPA	False
HAUS4	ENSG00000092036	RESOLVED	HPA	False
HAUS5	ENSG00000249115	RESOLVED	HPA	False
HAUS6	ENSG00000147874	RESOLVED	HPA	False
HAUS7	ENSG00000213397	RESOLVED	HPA	False
HAUS8	ENSG00000131351	RESOLVED	HPA	False
HBD	ENSG00000223609	RESOLVED	HPA	False
HBS1L	ENSG00000112339	RESOLVED	HPA	False
HCFC1	ENSG00000172534	RESOLVED	HPA	False
HCFC2	ENSG00000111727	RESOLVED	HPA	False
HCRT	ENSG00000161610	RESOLVED	HPA	False
HDAC1	ENSG00000116478	RESOLVED	HPA	False
HDAC2	ENSG00000196591	RESOLVED	HPA	False
HDAC3	ENSG00000171720	RESOLVED	HPA	False
HDAC4	ENSG00000068024	RESOLVED	HPA	False
HDAC6	ENSG00000094631	RESOLVED	HPA	False
HDAC8	ENSG00000147099	RESOLVED	HPA	False
HDDC2	ENSG00000111906	RESOLVED	HPA	False
HDDC3	ENSG00000184508	RESOLVED	HPA	False
HEXD	ENSG00000169660	RESOLVED	HPA	False
HEXIM1	ENSG00000186834	RESOLVED	HPA	False
HFE	ENSG00000010704	RESOLVED	HPA	False
HFM1	ENSG00000162669	RESOLVED	HPA	False
HGFAC	ENSG00000109758	RESOLVED	HPA	False
HGS	ENSG00000185359	RESOLVED	HPA	False
HGSNAT	ENSG00000165102	RESOLVED	HPA	True
HIBCH	ENSG00000198130	RESOLVED	HPA	False
HIF1A	ENSG00000100644	RESOLVED	HPA	False
HIF3A	ENSG00000124440	RESOLVED	HPA	False
HIGD1C	ENSG00000214511	RESOLVED	HPA	False
HIPK2	ENSG00000064393	RESOLVED	HPA	False
HJV	ENSG00000168509	RESOLVED	HPA	False
HK1	ENSG00000156515	RESOLVED	HPA	True
HK2	ENSG00000159399	RESOLVED	HPA	False
HK3	ENSG00000160883	RESOLVED	HPA	False
HKDC1	ENSG00000156510	RESOLVED	HPA	False
HLA-A	ENSG00000206503	RESOLVED	HPA	False
HLA-B	ENSG00000234745	RESOLVED	HPA	False
HLX	ENSG00000136630	RESOLVED	HPA	False
HM13	ENSG00000101294	RESOLVED	HPA	False
HMBS	ENSG00000256269	RESOLVED	HPA	False
HMCN1	ENSG00000143341	RESOLVED	HPA	False
HMG20A	ENSG00000140382	RESOLVED	HPA	False
HMGA1	ENSG00000137309	RESOLVED	HPA	False
HMGCL	ENSG00000117305	RESOLVED	HPA	False
HMGCLL1	ENSG00000146151	RESOLVED	HPA	False
HMGCR	ENSG00000113161	RESOLVED	HPA	False
HMGCS1	ENSG00000112972	RESOLVED	HPA	False
HMGCS2	ENSG00000134240	RESOLVED	HPA	False
HMOX1	ENSG00000100292	RESOLVED	HPA	False
HMOX2	ENSG00000103415	RESOLVED	HPA	False
HNF4A	ENSG00000101076	RESOLVED	HPA	False
HNRNPA0	ENSG00000177733	RESOLVED	HPA	False
HNRNPA1	ENSG00000135486	RESOLVED	HPA	False
HNRNPA2B1	ENSG00000122566	RESOLVED	HPA	False
HNRNPA3	ENSG00000170144	RESOLVED	HPA	False
HNRNPAB	ENSG00000197451	RESOLVED	HPA	False
HNRNPC	ENSG00000092199	RESOLVED	HPA	False
HNRNPCL1	ENSG00000179172	RESOLVED	HPA	False
HNRNPD	ENSG00000138668	RESOLVED	HPA	False
HNRNPDL	ENSG00000152795	RESOLVED	HPA	False
HNRNPF	ENSG00000169813	RESOLVED	HPA	False
HNRNPH1	ENSG00000169045	RESOLVED	HPA	False
HNRNPH2	ENSG00000126945	RESOLVED	HPA	False
HNRNPH3	ENSG00000096746	RESOLVED	HPA	False
HNRNPK	ENSG00000165119	RESOLVED	HPA	False
HNRNPL	ENSG00000104824	RESOLVED	HPA	False
HNRNPM	ENSG00000099783	RESOLVED	HPA	False
HNRNPR	ENSG00000125944	RESOLVED	HPA	False
HNRNPU	ENSG00000153187	RESOLVED	HPA	False
HNRNPUL1	ENSG00000105323	RESOLVED	HPA	False
HNRNPUL2	ENSG00000214753	RESOLVED	HPA	False
HOOK1	ENSG00000134709	RESOLVED	HPA	False
HOOK2	ENSG00000095066	RESOLVED	HPA	False
HOOK3	ENSG00000168172	RESOLVED	HPA	False
HPCA	ENSG00000121905	RESOLVED	HPA	False
HPCAL1	ENSG00000115756	RESOLVED	HPA	False
HPD	ENSG00000158104	RESOLVED	HPA	False
HPDL	ENSG00000186603	RESOLVED	HPA	False
HPRT1	ENSG00000165704	RESOLVED	HPA	False
HPS5	ENSG00000110756	RESOLVED	HPA	False
HPX	ENSG00000110169	RESOLVED	HPA	False
HRAS	ENSG00000174775	RESOLVED	HPA	False
HRH1	ENSG00000196639	RESOLVED	HPA	False
HRH2	ENSG00000113749	RESOLVED	HPA	False
HRNR	ENSG00000197915	RESOLVED	HPA	False
HSCB	ENSG00000100209	RESOLVED	HPA	False
HSD17B10	ENSG00000072506	RESOLVED	HPA	False
HSD17B12	ENSG00000149084	RESOLVED	HPA	False
HSD17B6	ENSG00000025423	RESOLVED	HPA	False
HSD17B7	ENSG00000132196	RESOLVED	HPA	False
HSD3B7	ENSG00000099377	RESOLVED	HPA	False
HSP90AA1	ENSG00000080824	RESOLVED	HPA	False
HSP90AB1	ENSG00000096384	RESOLVED	HPA	False
HSP90B1	ENSG00000166598	RESOLVED	HPA	False
HSPA1A	ENSG00000204389	RESOLVED	HPA	False
HSPA1B	ENSG00000204388	RESOLVED	HPA	False
HSPA4	ENSG00000170606	RESOLVED	HPA	False
HSPA4L	ENSG00000164070	RESOLVED	HPA	False
HSPA5	ENSG00000044574	RESOLVED	HPA	False
HSPA8	ENSG00000109971	RESOLVED	HPA	False
HSPA9	ENSG00000113013	RESOLVED	HPA	False
HSPB1	ENSG00000106211	RESOLVED	HPA	False
HSPB11	ENSG00000081870	RESOLVED	HPA	False
HSPD1	ENSG00000144381	RESOLVED	HPA	False
HSPE1	ENSG00000115541	RESOLVED	HPA	False
HSPG2	ENSG00000142798	RESOLVED	HPA	False
HTATIP2	ENSG00000109854	RESOLVED	HPA	False
HTATSF1	ENSG00000102241	RESOLVED	HPA	False
HTN1	ENSG00000126550	RESOLVED	HPA	False
HTN3	ENSG00000205649	RESOLVED	HPA	False
HTR2B	ENSG00000135914	RESOLVED	HPA	False
HTR2C	ENSG00000147246	RESOLVED	HPA	False
HTT	ENSG00000197386	RESOLVED	HPA	False
HUWE1	ENSG00000086758	RESOLVED	HPA	False
HYAL1	ENSG00000114378	RESOLVED	HPA	False
HYDIN	ENSG00000157423	RESOLVED	HPA	False
HYLS1	ENSG00000198331	RESOLVED	HPA	False
IARS1	ENSG00000196305	RESOLVED	HPA	False
ICAM1	ENSG00000090339	RESOLVED	HPA	False
ICK	ENSG00000112144	RESOLVED	GTEx	False
ICMT	ENSG00000116237	RESOLVED	HPA	False
IDH1	ENSG00000138413	RESOLVED	HPA	False
IDH2	ENSG00000182054	RESOLVED	HPA	False
IDH3A	ENSG00000166411	RESOLVED	HPA	True
IDH3B	ENSG00000101365	RESOLVED	HPA	True
IDH3G	ENSG00000067829	RESOLVED	HPA	True
IDI1	ENSG00000067064	RESOLVED	HPA	False
IDI2	ENSG00000148377	RESOLVED	HPA	False
IDS	ENSG00000010404	RESOLVED	HPA	False
IDUA	ENSG00000127415	RESOLVED	HPA	False
IFI35	ENSG00000068079	RESOLVED	HPA	False
IFI44L	ENSG00000137959	RESOLVED	HPA	False
IFITM5	ENSG00000206013	RESOLVED	HPA	False
IFNAR1	ENSG00000142166	RESOLVED	HPA	False
IFNG	ENSG00000111537	RESOLVED	HPA	False
IFT122	ENSG00000163913	RESOLVED	HPA	False
IFT140	ENSG00000187535	RESOLVED	HPA	True
IFT172	ENSG00000138002	RESOLVED	HPA	True
IFT20	ENSG00000109083	RESOLVED	HPA	False
IFT22	ENSG00000128581	RESOLVED	HPA	False
IFT27	ENSG00000100360	RESOLVED	HPA	False
IFT43	ENSG00000119650	RESOLVED	HPA	False
IFT46	ENSG00000118096	RESOLVED	HPA	False
IFT52	ENSG00000101052	RESOLVED	HPA	False
IFT57	ENSG00000114446	RESOLVED	HPA	False
IFT74	ENSG00000096872	RESOLVED	HPA	False
IFT80	ENSG00000068885	RESOLVED	HPA	False
IFT81	ENSG00000122970	RESOLVED	HPA	False
IFT88	ENSG00000032742	RESOLVED	HPA	False
IGF2BP1	ENSG00000159217	RESOLVED	HPA	False
IGHD	ENSG00000211898	RESOLVED	HPA	False
IGHV3-16	ENSG00000211944	RESOLVED	HPA	False
IK	ENSG00000113141	RESOLVED	HPA	False
IKBKE	ENSG00000263528	RESOLVED	HPA	False
IL10	ENSG00000136634	RESOLVED	HPA	False
IL17A	ENSG00000112115	RESOLVED	HPA	False
IL1B	ENSG00000125538	RESOLVED	HPA	False
IL1RN	ENSG00000136689	RESOLVED	HPA	False
IL2RG	ENSG00000147168	RESOLVED	HPA	False
IL31RA	ENSG00000164509	RESOLVED	HPA	False
IL4	ENSG00000113520	RESOLVED	HPA	False
IL4I1	ENSG00000104951	RESOLVED	HPA	False
IL6	ENSG00000136244	RESOLVED	HPA	False
ILF2	ENSG00000143621	RESOLVED	HPA	False
ILF3	ENSG00000129351	RESOLVED	HPA	False
ILVBL	ENSG00000105135	RESOLVED	HPA	False
IMMT	ENSG00000132305	RESOLVED	HPA	False
IMPA1	ENSG00000133731	RESOLVED	HPA	False
IMPA2	ENSG00000141401	RESOLVED	HPA	False
IMPDH1	ENSG00000106348	RESOLVED	HPA	True
IMPDH2	ENSG00000178035	RESOLVED	HPA	False
IMPG1	ENSG00000112706	RESOLVED	HPA	True
IMPG2	ENSG00000081148	RESOLVED	HPA	True
INF2	ENSG00000203485	RESOLVED	HPA	False
INO80C	ENSG00000153391	RESOLVED	HPA	False
INO80D	ENSG00000114933	RESOLVED	HPA	False
INPP4A	ENSG00000040933	RESOLVED	HPA	False
INPP4B	ENSG00000109452	RESOLVED	HPA	False
INPP5A	ENSG00000068383	RESOLVED	HPA	False
INPP5B	ENSG00000204084	RESOLVED	HPA	False
INPP5E	ENSG00000148384	RESOLVED	HPA	True
INPP5F	ENSG00000198825	RESOLVED	HPA	False
INS	ENSG00000254647	RESOLVED	HPA	False
INSIG1	ENSG00000186480	RESOLVED	HPA	False
INTS4	ENSG00000149262	RESOLVED	HPA	False
INTS6	ENSG00000102786	RESOLVED	HPA	False
INTU	ENSG00000164066	RESOLVED	HPA	False
INVS	ENSG00000119509	RESOLVED	HPA	False
IP6K2	ENSG00000068745	RESOLVED	HPA	False
IPO13	ENSG00000117408	RESOLVED	HPA	False
IPO7	ENSG00000205339	RESOLVED	HPA	False
IPO9	ENSG00000198700	RESOLVED	HPA	False
IPP	ENSG00000197429	RESOLVED	HPA	False
IQCB1	ENSG00000173226	RESOLVED	HPA	False
IQGAP1	ENSG00000140575	RESOLVED	HPA	False
IQGAP3	ENSG00000183856	RESOLVED	HPA	False
IRAK1	ENSG00000184216	RESOLVED	HPA	False
IREB2	ENSG00000136381	RESOLVED	HPA	False
IRF8	ENSG00000140968	RESOLVED	HPA	False
ISL1	ENSG00000016082	RESOLVED	HPA	False
ISX	ENSG00000175329	RESOLVED	HPA	False
ISY1	ENSG00000240682	RESOLVED	HPA	False
ISY1-RAB43	ENSG00000261796	RESOLVED	HPA	False
ISYNA1	ENSG00000105655	RESOLVED	HPA	False
ITGA4	ENSG00000115232	RESOLVED	HPA	False
ITGAE	ENSG00000083457	RESOLVED	HPA	False
ITGAM	ENSG00000169896	RESOLVED	HPA	False
ITGAX	ENSG00000140678	RESOLVED	HPA	False
ITGB1	ENSG00000150093	RESOLVED	HPA	False
ITGB5	ENSG00000082781	RESOLVED	HPA	False
ITPA	ENSG00000125877	RESOLVED	HPA	False
ITPRIP	ENSG00000148841	RESOLVED	HPA	False
ITPRIPL2	ENSG00000205730	RESOLVED	HPA	False
ITSN1	ENSG00000205726	RESOLVED	HPA	False
ITSN2	ENSG00000198399	RESOLVED	HPA	False
JAK2	ENSG00000096968	RESOLVED	HPA	False
JDP2	ENSG00000140044	RESOLVED	HPA	False
JPH4	ENSG00000092051	RESOLVED	HPA	False
JUN	ENSG00000177606	RESOLVED	HPA	False
JUND	ENSG00000130522	RESOLVED	HPA	False
JUP	ENSG00000173801	RESOLVED	HPA	False
KANSL1	ENSG00000120071	RESOLVED	HPA	False
KAT2A	ENSG00000108773	RESOLVED	HPA	False
KAT2B	ENSG00000114166	RESOLVED	HPA	False
KAT5	ENSG00000172977	RESOLVED	HPA	False
KAT8	ENSG00000103510	RESOLVED	HPA	False
KATNBL1	ENSG00000134152	RESOLVED	HPA	False
KBTBD12	ENSG00000187715	RESOLVED	HPA	False
KBTBD6	ENSG00000165572	RESOLVED	HPA	False
KBTBD7	ENSG00000120696	RESOLVED	HPA	False
KBTBD8	ENSG00000163376	RESOLVED	HPA	False
KCNG3	ENSG00000171126	RESOLVED	HPA	False
KCNG4	ENSG00000168418	RESOLVED	HPA	False
KCNH8	ENSG00000183960	RESOLVED	HPA	False
KCNIP3	ENSG00000115041	RESOLVED	HPA	False
KCNJ10	ENSG00000177807	RESOLVED	HPA	False
KCNJ13	ENSG00000115474	RESOLVED	HPA	False
KCNJ3	ENSG00000162989	RESOLVED	HPA	False
KCNJ5	ENSG00000120457	RESOLVED	HPA	False
KCNK17	ENSG00000124780	RESOLVED	HPA	False
KCNK2	ENSG00000082482	RESOLVED	HPA	False
KCNMA1	ENSG00000156113	RESOLVED	HPA	False
KCNQ4	ENSG00000117013	RESOLVED	HPA	False
KCNT2	ENSG00000162687	RESOLVED	HPA	False
KCNV2	ENSG00000168263	RESOLVED	HPA	False
KCTD10	ENSG00000110906	RESOLVED	HPA	False
KCTD13	ENSG00000174943	RESOLVED	HPA	False
KCTD17	ENSG00000100379	RESOLVED	HPA	False
KCTD2	ENSG00000180901	RESOLVED	HPA	False
KCTD3	ENSG00000136636	RESOLVED	HPA	False
KCTD5	ENSG00000167977	RESOLVED	HPA	False
KCTD7	ENSG00000243335	RESOLVED	HPA	False
KCTD8	ENSG00000183783	RESOLVED	HPA	False
KDM2A	ENSG00000173120	RESOLVED	HPA	False
KDM2B	ENSG00000089094	RESOLVED	HPA	False
KDM6B	ENSG00000132510	RESOLVED	HPA	False
KDM7A	ENSG00000006459	RESOLVED	HPA	False
KDSR	ENSG00000119537	RESOLVED	HPA	False
KEAP1	ENSG00000079999	RESOLVED	HPA	False
KHDRBS1	ENSG00000121774	RESOLVED	HPA	False
KHDRBS2	ENSG00000112232	RESOLVED	HPA	False
KHK	ENSG00000138030	RESOLVED	HPA	False
KHSRP	ENSG00000088247	RESOLVED	HPA	False
KIAA0232	ENSG00000170871	RESOLVED	HPA	False
KIAA0319	ENSG00000137261	RESOLVED	HPA	False
KIAA0556	ENSG00000047578	RESOLVED	GTEx	False
KIAA0586	ENSG00000100578	RESOLVED	HPA	False
KIAA0753	ENSG00000198920	RESOLVED	HPA	False
KIAA1143	ENSG00000163807	RESOLVED	HPA	False
KIAA1217	ENSG00000120549	RESOLVED	HPA	False
KIAA1328	ENSG00000150477	RESOLVED	HPA	False
KIAA1549	ENSG00000122778	RESOLVED	HPA	True
KIF11	ENSG00000138160	RESOLVED	HPA	False
KIF14	ENSG00000118193	RESOLVED	HPA	False
KIF17	ENSG00000117245	RESOLVED	HPA	False
KIF18A	ENSG00000121621	RESOLVED	HPA	False
KIF24	ENSG00000186638	RESOLVED	HPA	False
KIF25	ENSG00000125337	RESOLVED	HPA	False
KIF2A	ENSG00000068796	RESOLVED	HPA	False
KIF3A	ENSG00000131437	RESOLVED	HPA	False
KIF3B	ENSG00000101350	RESOLVED	HPA	False
KIF5A	ENSG00000155980	RESOLVED	HPA	False
KIF5B	ENSG00000170759	RESOLVED	HPA	False
KIF7	ENSG00000166813	RESOLVED	HPA	False
KIFAP3	ENSG00000075945	RESOLVED	HPA	False
KIFC1	ENSG00000237649	RESOLVED	HPA	False
KIFC2	ENSG00000167702	RESOLVED	HPA	False
KIFC3	ENSG00000140859	RESOLVED	HPA	False
KIN	ENSG00000151657	RESOLVED	HPA	False
KIZ	ENSG00000088970	RESOLVED	HPA	True
KLC1	ENSG00000126214	RESOLVED	HPA	False
KLC2	ENSG00000174996	RESOLVED	HPA	False
KLC3	ENSG00000104892	RESOLVED	HPA	False
KLC4	ENSG00000137171	RESOLVED	HPA	False
KLHDC1	ENSG00000197776	RESOLVED	HPA	False
KLHDC2	ENSG00000165516	RESOLVED	HPA	False
KLHDC7A	ENSG00000179023	RESOLVED	HPA	False
KLHL11	ENSG00000178502	RESOLVED	HPA	False
KLHL12	ENSG00000117153	RESOLVED	HPA	False
KLHL13	ENSG00000003096	RESOLVED	HPA	False
KLHL15	ENSG00000174010	RESOLVED	HPA	False
KLHL2	ENSG00000109466	RESOLVED	HPA	False
KLHL20	ENSG00000076321	RESOLVED	HPA	False
KLHL21	ENSG00000162413	RESOLVED	HPA	False
KLHL22	ENSG00000099910	RESOLVED	HPA	False
KLHL24	ENSG00000114796	RESOLVED	HPA	False
KLHL25	ENSG00000183655	RESOLVED	HPA	False
KLHL3	ENSG00000146021	RESOLVED	HPA	False
KLHL40	ENSG00000157119	RESOLVED	HPA	False
KLHL41	ENSG00000239474	RESOLVED	HPA	False
KLHL42	ENSG00000087448	RESOLVED	HPA	False
KLHL7	ENSG00000122550	RESOLVED	HPA	True
KLHL8	ENSG00000145332	RESOLVED	HPA	False
KLHL9	ENSG00000198642	RESOLVED	HPA	False
KLK8	ENSG00000129455	RESOLVED	HPA	False
KLKB1	ENSG00000164344	RESOLVED	HPA	False
KLRF1	ENSG00000150045	RESOLVED	HPA	False
KMO	ENSG00000117009	RESOLVED	HPA	False
KMT2A	ENSG00000118058	RESOLVED	HPA	False
KMT2B	ENSG00000272333	RESOLVED	HPA	False
KMT2D	ENSG00000167548	RESOLVED	HPA	False
KPNA1	ENSG00000114030	RESOLVED	HPA	False
KPNA2	ENSG00000182481	RESOLVED	HPA	False
KPNA3	ENSG00000102753	RESOLVED	HPA	False
KPNA4	ENSG00000186432	RESOLVED	HPA	False
KPNA5	ENSG00000196911	RESOLVED	HPA	False
KPNA6	ENSG00000025800	RESOLVED	HPA	False
KPNA7	ENSG00000185467	RESOLVED	HPA	False
KPRP	ENSG00000203786	RESOLVED	HPA	False
KRAS	ENSG00000133703	RESOLVED	HPA	False
KRTCAP3	ENSG00000157992	RESOLVED	HPA	False
KSR1	ENSG00000141068	RESOLVED	HPA	False
L2HGDH	ENSG00000087299	RESOLVED	HPA	False
L3MBTL2	ENSG00000100395	RESOLVED	HPA	False
LAMA2	ENSG00000196569	RESOLVED	HPA	False
LAMB2	ENSG00000172037	RESOLVED	HPA	False
LAMB3	ENSG00000196878	RESOLVED	HPA	False
LAMC1	ENSG00000135862	RESOLVED	HPA	False
LAMC2	ENSG00000058085	RESOLVED	HPA	False
LAMC3	ENSG00000050555	RESOLVED	HPA	False
LAMP1	ENSG00000185896	RESOLVED	HPA	False
LAMTOR1	ENSG00000149357	RESOLVED	HPA	False
LARGE1	ENSG00000133424	RESOLVED	HPA	False
LARGE2	ENSG00000165905	RESOLVED	HPA	False
LARP7	ENSG00000174720	RESOLVED	HPA	False
LAS1L	ENSG00000001497	RESOLVED	HPA	False
LBR	ENSG00000143815	RESOLVED	HPA	False
LCA5	ENSG00000135338	RESOLVED	HPA	False
LCAT	ENSG00000213398	RESOLVED	HPA	False
LCK	ENSG00000182866	RESOLVED	HPA	False
LCT	ENSG00000115850	RESOLVED	HPA	False
LDHA	ENSG00000134333	RESOLVED	HPA	False
LDHD	ENSG00000166816	RESOLVED	HPA	False
LDOC1	ENSG00000182195	RESOLVED	HPA	False
LENG1	ENSG00000105617	RESOLVED	HPA	False
LEO1	ENSG00000166477	RESOLVED	HPA	False
LEP	ENSG00000174697	RESOLVED	HPA	False
LEPR	ENSG00000116678	RESOLVED	HPA	False
LETM2	ENSG00000165046	RESOLVED	HPA	False
LGALS3	ENSG00000131981	RESOLVED	HPA	False
LGALS4	ENSG00000171747	RESOLVED	HPA	False
LGALS9	ENSG00000168961	RESOLVED	HPA	False
LGALS9C	ENSG00000171916	RESOLVED	HPA	False
LGMN	ENSG00000100600	RESOLVED	HPA	False
LGR4	ENSG00000205213	RESOLVED	HPA	False
LGSN	ENSG00000146166	RESOLVED	HPA	False
LHCGR	ENSG00000138039	RESOLVED	HPA	False
LHFPL5	ENSG00000197753	RESOLVED	HPA	False
LHX2	ENSG00000106689	RESOLVED	HPA	False
LHX3	ENSG00000107187	RESOLVED	HPA	False
LHX4	ENSG00000121454	RESOLVED	HPA	False
LIN28A	ENSG00000131914	RESOLVED	HPA	False
LIPC	ENSG00000166035	RESOLVED	HPA	False
LIPG	ENSG00000101670	RESOLVED	HPA	False
LITAFD	ENSG00000283516	RESOLVED	HPA	False
LLGL2	ENSG00000073350	RESOLVED	HPA	False
LMNA	ENSG00000160789	RESOLVED	HPA	False
LMNB1	ENSG00000113368	RESOLVED	HPA	False
LMX1B	ENSG00000136944	RESOLVED	HPA	False
LNPK	ENSG00000144320	RESOLVED	HPA	False
LOC112694756		UNMAPPED	NONE	False
LONP1	ENSG00000196365	RESOLVED	HPA	False
LONP2	ENSG00000102910	RESOLVED	HPA	False
LOX	ENSG00000113083	RESOLVED	HPA	False
LOXHD1	ENSG00000167210	RESOLVED	HPA	False
LOXL1	ENSG00000129038	RESOLVED	HPA	False
LPIN2	ENSG00000101577	RESOLVED	HPA	False
LRAT	ENSG00000121207	RESOLVED	HPA	True
LRFN4	ENSG00000173621	RESOLVED	HPA	False
LRIT1	ENSG00000148602	RESOLVED	HPA	False
LRIT2	ENSG00000204033	RESOLVED	HPA	False
LRIT3	ENSG00000183423	RESOLVED	HPA	False
LRMDA	ENSG00000148655	RESOLVED	HPA	False
LRP1	ENSG00000123384	RESOLVED	HPA	False
LRP1B	ENSG00000168702	RESOLVED	HPA	False
LRP5	ENSG00000162337	RESOLVED	HPA	False
LRRC3	ENSG00000160233	RESOLVED	HPA	False
LRRC32	ENSG00000137507	RESOLVED	HPA	False
LRRC37A	ENSG00000176681	RESOLVED	HPA	False
LRRC37A3	ENSG00000176809	RESOLVED	HPA	False
LRRC45	ENSG00000169683	RESOLVED	HPA	False
LRRC4C	ENSG00000148948	RESOLVED	HPA	False
LRRC59	ENSG00000108829	RESOLVED	HPA	False
LRRC6	ENSG00000129295	RESOLVED	GTEx	False
LRRC8A	ENSG00000136802	RESOLVED	HPA	False
LRRC8B	ENSG00000197147	RESOLVED	HPA	False
LRRC8C	ENSG00000171488	RESOLVED	HPA	False
LRRC8D	ENSG00000171492	RESOLVED	HPA	False
LRRC8E	ENSG00000171017	RESOLVED	HPA	False
LRRCC1	ENSG00000133739	RESOLVED	HPA	False
LRRK2	ENSG00000188906	RESOLVED	HPA	False
LRTOMT-2		UNMAPPED	NONE	False
LSG1	ENSG00000041802	RESOLVED	HPA	False
LSM1	ENSG00000175324	RESOLVED	HPA	False
LSM10	ENSG00000181817	RESOLVED	HPA	False
LSM2	ENSG00000204392	RESOLVED	HPA	False
LSM3	ENSG00000170860	RESOLVED	HPA	False
LSM4	ENSG00000130520	RESOLVED	HPA	False
LSM5	ENSG00000106355	RESOLVED	HPA	False
LSM6	ENSG00000164167	RESOLVED	HPA	False
LSM7	ENSG00000130332	RESOLVED	HPA	False
LSM8	ENSG00000128534	RESOLVED	HPA	False
LSP1	ENSG00000130592	RESOLVED	HPA	False
LSS	ENSG00000160285	RESOLVED	HPA	False
LTBR	ENSG00000111321	RESOLVED	HPA	False
LTN1	ENSG00000198862	RESOLVED	HPA	False
LUC7L	ENSG00000007392	RESOLVED	HPA	False
LUC7L2	ENSG00000146963	RESOLVED	HPA	False
LUC7L3	ENSG00000108848	RESOLVED	HPA	False
LUZP2	ENSG00000187398	RESOLVED	HPA	False
LYRM7	ENSG00000186687	RESOLVED	HPA	False
LYVE1	ENSG00000133800	RESOLVED	HPA	False
LZTFL1	ENSG00000163818	RESOLVED	HPA	False
LZTR1	ENSG00000099949	RESOLVED	HPA	False
M0R3G1_HUMAN		UNMAPPED	NONE	False
M1AP	ENSG00000159374	RESOLVED	HPA	False
MAB21L2	ENSG00000181541	RESOLVED	HPA	False
MAD2L1	ENSG00000164109	RESOLVED	HPA	False
MAF	ENSG00000178573	RESOLVED	HPA	False
MAFB	ENSG00000204103	RESOLVED	HPA	False
MAFF	ENSG00000185022	RESOLVED	HPA	False
MAFG	ENSG00000197063	RESOLVED	HPA	False
MAGOH	ENSG00000162385	RESOLVED	HPA	False
MAGOHB	ENSG00000111196	RESOLVED	HPA	False
MAK	ENSG00000111837	RESOLVED	HPA	True
MAN1B1	ENSG00000177239	RESOLVED	HPA	False
MAN2A1	ENSG00000112893	RESOLVED	HPA	False
MAN2A2	ENSG00000196547	RESOLVED	HPA	False
MAN2B1	ENSG00000104774	RESOLVED	HPA	False
MAOB	ENSG00000069535	RESOLVED	HPA	False
MAP1LC3A	ENSG00000101460	RESOLVED	HPA	False
MAP1LC3B	ENSG00000140941	RESOLVED	HPA	False
MAP2K1	ENSG00000169032	RESOLVED	HPA	False
MAP2K2	ENSG00000126934	RESOLVED	HPA	False
MAP3K1	ENSG00000095015	RESOLVED	HPA	False
MAP3K5	ENSG00000197442	RESOLVED	HPA	False
MAPK1	ENSG00000100030	RESOLVED	HPA	False
MAPK3	ENSG00000102882	RESOLVED	HPA	False
MAPK8	ENSG00000107643	RESOLVED	HPA	False
MAPK9	ENSG00000050748	RESOLVED	HPA	False
MAPRE1	ENSG00000101367	RESOLVED	HPA	False
MAPRE3	ENSG00000084764	RESOLVED	HPA	False
MARK4	ENSG00000007047	RESOLVED	HPA	False
MARS1	ENSG00000166986	RESOLVED	HPA	False
MAT1A	ENSG00000151224	RESOLVED	HPA	False
MATR3	ENSG00000015479	RESOLVED	STRING_PROTEIN_ID_VERIFIED	False
MATR3-2		UNMAPPED	NONE	False
MAVS	ENSG00000088888	RESOLVED	HPA	False
MAX	ENSG00000125952	RESOLVED	HPA	False
MB	ENSG00000198125	RESOLVED	HPA	False
MBNL1	ENSG00000152601	RESOLVED	HPA	False
MBTPS1	ENSG00000140943	RESOLVED	HPA	False
MBTPS2	ENSG00000012174	RESOLVED	HPA	False
MC1R	ENSG00000258839	RESOLVED	HPA	False
MC2R	ENSG00000185231	RESOLVED	HPA	False
MC4R	ENSG00000166603	RESOLVED	HPA	False
MC5R	ENSG00000176136	RESOLVED	HPA	False
MCAM	ENSG00000076706	RESOLVED	HPA	False
MCAT	ENSG00000100294	RESOLVED	HPA	False
MCF2	ENSG00000101977	RESOLVED	HPA	False
MCHR1	ENSG00000128285	RESOLVED	HPA	False
MCM2	ENSG00000073111	RESOLVED	HPA	False
MCM3	ENSG00000112118	RESOLVED	HPA	False
MCM4	ENSG00000104738	RESOLVED	HPA	False
MCM5	ENSG00000100297	RESOLVED	HPA	False
MCM6	ENSG00000076003	RESOLVED	HPA	False
MCM7	ENSG00000166508	RESOLVED	HPA	False
MCM8	ENSG00000125885	RESOLVED	HPA	False
MCM8-2		UNMAPPED	NONE	False
MCM9	ENSG00000111877	RESOLVED	HPA	False
MCMDC2	ENSG00000178460	RESOLVED	HPA	False
MCOLN1	ENSG00000090674	RESOLVED	HPA	False
MCPH1	ENSG00000147316	RESOLVED	HPA	False
MCRS1	ENSG00000187778	RESOLVED	HPA	False
MDFI	ENSG00000112559	RESOLVED	HPA	False
MDGA1	ENSG00000112139	RESOLVED	HPA	False
MDH1B	ENSG00000138400	RESOLVED	HPA	False
MDH2	ENSG00000146701	RESOLVED	HPA	False
MDM2	ENSG00000135679	RESOLVED	HPA	False
ME2	ENSG00000082212	RESOLVED	HPA	False
MECP2	ENSG00000169057	RESOLVED	HPA	False
MED1	ENSG00000125686	RESOLVED	HPA	False
MED16	ENSG00000175221	RESOLVED	HPA	False
MED19	ENSG00000156603	RESOLVED	HPA	False
MED24	ENSG00000008838	RESOLVED	HPA	False
MEF2D	ENSG00000116604	RESOLVED	HPA	False
MEFV	ENSG00000103313	RESOLVED	HPA	False
MEGF10	ENSG00000145794	RESOLVED	HPA	False
MEMO1	ENSG00000162959	RESOLVED	HPA	False
MEN1	ENSG00000133895	RESOLVED	HPA	False
MEPCE	ENSG00000146834	RESOLVED	HPA	False
MERTK	ENSG00000153208	RESOLVED	HPA	True
METAP1	ENSG00000164024	RESOLVED	HPA	False
METAP2	ENSG00000111142	RESOLVED	HPA	False
METTL16	ENSG00000127804	RESOLVED	HPA	False
METTL6	ENSG00000206562	RESOLVED	HPA	False
MEX3C	ENSG00000176624	RESOLVED	HPA	False
MFAP1	ENSG00000140259	RESOLVED	HPA	False
MFF	ENSG00000168958	RESOLVED	HPA	False
MFGE8	ENSG00000140545	RESOLVED	HPA	False
MFHAS1	ENSG00000147324	RESOLVED	HPA	False
MFRP	ENSG00000235718	RESOLVED	HPA	False
MFSD11	ENSG00000092931	RESOLVED	HPA	False
MFSD13A	ENSG00000138111	RESOLVED	HPA	False
MFSD14B	ENSG00000148110	RESOLVED	HPA	False
MFSD5	ENSG00000182544	RESOLVED	HPA	False
MFSD6	ENSG00000151690	RESOLVED	HPA	False
MFSD8	ENSG00000164073	RESOLVED	HPA	False
MFSD9	ENSG00000135953	RESOLVED	HPA	False
MGA	ENSG00000174197	RESOLVED	HPA	False
MGAM	ENSG00000257335	RESOLVED	HPA	False
MGAM2	ENSG00000257743	RESOLVED	HPA	False
MGAT1	ENSG00000131446	RESOLVED	HPA	False
MGAT2	ENSG00000168282	RESOLVED	HPA	False
MGAT4A	ENSG00000071073	RESOLVED	HPA	False
MGAT4B	ENSG00000161013	RESOLVED	HPA	False
MGAT5	ENSG00000152127	RESOLVED	HPA	False
MGAT5B	ENSG00000167889	RESOLVED	HPA	False
MIB1	ENSG00000101752	RESOLVED	HPA	False
MICA	ENSG00000204520	RESOLVED	HPA	False
MICAL3	ENSG00000243156	RESOLVED	HPA	False
MICB	ENSG00000204516	RESOLVED	HPA	False
MINAR1	ENSG00000169330	RESOLVED	HPA	False
MINPP1	ENSG00000107789	RESOLVED	HPA	False
MITF	ENSG00000187098	RESOLVED	HPA	False
MKKS	ENSG00000125863	RESOLVED	STRING_PROTEIN_ID_VERIFIED	False
MKLN1	ENSG00000128585	RESOLVED	HPA	False
MKRN1	ENSG00000133606	RESOLVED	HPA	False
MKS1	ENSG00000011143	RESOLVED	HPA	False
MLLT1	ENSG00000130382	RESOLVED	HPA	False
MLLT3	ENSG00000171843	RESOLVED	HPA	False
MLLT6	ENSG00000275023	RESOLVED	HPA	False
MLNR	ENSG00000102539	RESOLVED	HPA	False
MMAB	ENSG00000139428	RESOLVED	HPA	False
MNS1	ENSG00000138587	RESOLVED	HPA	False
MOBP	ENSG00000168314	RESOLVED	HPA	False
MOCS1	ENSG00000124615	RESOLVED	HPA	False
MON2	ENSG00000061987	RESOLVED	HPA	False
MPDU1	ENSG00000129255	RESOLVED	HPA	False
MPI	ENSG00000178802	RESOLVED	HPA	False
MPLKIP	ENSG00000168303	RESOLVED	HPA	False
MPP1	ENSG00000130830	RESOLVED	HPA	False
MPP3	ENSG00000161647	RESOLVED	HPA	False
MPP4	ENSG00000082126	RESOLVED	HPA	False
MPP5	ENSG00000072415	RESOLVED	GTEx	False
MPP7	ENSG00000150054	RESOLVED	HPA	False
MPRIP	ENSG00000133030	RESOLVED	HPA	False
MRAP2	ENSG00000135324	RESOLVED	HPA	False
MRC1	ENSG00000260314	RESOLVED	HPA	False
MRE11	ENSG00000020922	RESOLVED	HPA	False
MRPL10	ENSG00000159111	RESOLVED	HPA	False
MRPL11	ENSG00000174547	RESOLVED	HPA	False
MRPL13	ENSG00000172172	RESOLVED	HPA	False
MRPL15	ENSG00000137547	RESOLVED	HPA	False
MRPL16	ENSG00000166902	RESOLVED	HPA	False
MRPL17	ENSG00000158042	RESOLVED	HPA	False
MRPL19	ENSG00000115364	RESOLVED	HPA	False
MRPL2	ENSG00000112651	RESOLVED	HPA	False
MRPL21	ENSG00000197345	RESOLVED	HPA	False
MRPL22	ENSG00000082515	RESOLVED	HPA	False
MRPL23	ENSG00000214026	RESOLVED	HPA	False
MRPL27	ENSG00000108826	RESOLVED	HPA	False
MRPL3	ENSG00000114686	RESOLVED	HPA	False
MRPL30	ENSG00000185414	RESOLVED	HPA	False
MRPL32	ENSG00000106591	RESOLVED	HPA	False
MRPL33	ENSG00000243147	RESOLVED	HPA	False
MRPL34	ENSG00000130312	RESOLVED	HPA	False
MRPL36	ENSG00000171421	RESOLVED	HPA	False
MRPL38	ENSG00000204316	RESOLVED	HPA	False
MRPL4	ENSG00000105364	RESOLVED	HPA	False
MRPL40	ENSG00000185608	RESOLVED	HPA	False
MRPL41	ENSG00000182154	RESOLVED	HPA	False
MRPL43	ENSG00000055950	RESOLVED	HPA	False
MRPL44	ENSG00000135900	RESOLVED	HPA	False
MRPL45	ENSG00000278845	RESOLVED	HPA	False
MRPL46	ENSG00000259494	RESOLVED	HPA	False
MRPL47	ENSG00000136522	RESOLVED	HPA	False
MRPL49	ENSG00000149792	RESOLVED	HPA	False
MRPL50	ENSG00000136897	RESOLVED	HPA	False
MRPL51	ENSG00000111639	RESOLVED	HPA	False
MRPL53	ENSG00000204822	RESOLVED	HPA	False
MRPL54	ENSG00000183617	RESOLVED	HPA	False
MRPS10	ENSG00000048544	RESOLVED	HPA	False
MRPS11	ENSG00000181991	RESOLVED	HPA	False
MRPS12	ENSG00000128626	RESOLVED	HPA	False
MRPS14	ENSG00000120333	RESOLVED	HPA	False
MRPS15	ENSG00000116898	RESOLVED	HPA	False
MRPS16	ENSG00000182180	RESOLVED	HPA	False
MRPS18A	ENSG00000096080	RESOLVED	HPA	False
MRPS18C	ENSG00000163319	RESOLVED	HPA	False
MRPS2	ENSG00000122140	RESOLVED	HPA	False
MRPS21	ENSG00000266472	RESOLVED	HPA	False
MRPS25	ENSG00000131368	RESOLVED	HPA	False
MRPS34	ENSG00000074071	RESOLVED	HPA	False
MRPS35	ENSG00000061794	RESOLVED	HPA	False
MRPS36	ENSG00000134056	RESOLVED	HPA	False
MRPS5	ENSG00000144029	RESOLVED	HPA	False
MRPS6	ENSG00000243927	RESOLVED	HPA	False
MRPS9	ENSG00000135972	RESOLVED	HPA	False
MRRF	ENSG00000148187	RESOLVED	HPA	False
MRS2	ENSG00000124532	RESOLVED	HPA	False
MRTO4	ENSG00000053372	RESOLVED	HPA	False
MSL2	ENSG00000174579	RESOLVED	HPA	False
MSMO1	ENSG00000052802	RESOLVED	HPA	False
MSN	ENSG00000147065	RESOLVED	HPA	False
MSR1	ENSG00000038945	RESOLVED	HPA	False
MSRA	ENSG00000175806	RESOLVED	HPA	False
MT-CO1	ENSG00000198804	RESOLVED	HPA	False
MT-CO2	ENSG00000198712	RESOLVED	HPA	False
MT-CO3	ENSG00000198938	RESOLVED	HPA	False
MT-CYB	ENSG00000198727	RESOLVED	HPA	False
MT-ND1	ENSG00000198888	RESOLVED	HPA	False
MT-ND2	ENSG00000198763	RESOLVED	HPA	False
MT-ND4	ENSG00000198886	RESOLVED	HPA	False
MT-ND5	ENSG00000198786	RESOLVED	HPA	False
MTAP	ENSG00000099810	RESOLVED	HPA	False
MTHFD1	ENSG00000100714	RESOLVED	HPA	False
MTMR1	ENSG00000063601	RESOLVED	HPA	False
MTMR10	ENSG00000166912	RESOLVED	HPA	False
MTR	ENSG00000116984	RESOLVED	HPA	False
MTREX	ENSG00000039123	RESOLVED	HPA	False
MTRR	ENSG00000124275	RESOLVED	HPA	False
MUC13	ENSG00000173702	RESOLVED	HPA	False
MUC16	ENSG00000181143	RESOLVED	HPA	False
MUC17	ENSG00000169876	RESOLVED	HPA	False
MUC5B	ENSG00000117983	RESOLVED	HPA	False
MUC7	ENSG00000171195	RESOLVED	HPA	False
MVB12A	ENSG00000141971	RESOLVED	HPA	False
MVB12B	ENSG00000196814	RESOLVED	HPA	False
MVD	ENSG00000167508	RESOLVED	HPA	False
MVK	ENSG00000110921	RESOLVED	HPA	True
MX1	ENSG00000157601	RESOLVED	HPA	False
MXRA8	ENSG00000162576	RESOLVED	HPA	False
MYBBP1A	ENSG00000132382	RESOLVED	HPA	False
MYBL1	ENSG00000185697	RESOLVED	HPA	False
MYC	ENSG00000136997	RESOLVED	HPA	False
MYCL	ENSG00000116990	RESOLVED	HPA	False
MYD88	ENSG00000172936	RESOLVED	HPA	False
MYH9	ENSG00000100345	RESOLVED	HPA	False
MYL12B	ENSG00000118680	RESOLVED	HPA	False
MYL5	ENSG00000215375	RESOLVED	HPA	False
MYL9	ENSG00000101335	RESOLVED	HPA	False
MYO15A	ENSG00000091536	RESOLVED	HPA	False
MYO1E	ENSG00000157483	RESOLVED	HPA	False
MYO3A	ENSG00000095777	RESOLVED	HPA	False
MYO5A	ENSG00000197535	RESOLVED	HPA	False
MYO6	ENSG00000196586	RESOLVED	HPA	False
MYO7A	ENSG00000137474	RESOLVED	HPA	False
MYOC	ENSG00000034971	RESOLVED	HPA	False
MYOM2	ENSG00000036448	RESOLVED	HPA	False
MYOT	ENSG00000120729	RESOLVED	HPA	False
MYRF	ENSG00000124920	RESOLVED	HPA	False
MYRFL	ENSG00000166268	RESOLVED	HPA	False
MYSM1	ENSG00000162601	RESOLVED	HPA	False
MZT1	ENSG00000204899	RESOLVED	HPA	False
MZT2A	ENSG00000173272	RESOLVED	HPA	False
MZT2B	ENSG00000152082	RESOLVED	HPA	False
NAA10	ENSG00000102030	RESOLVED	HPA	False
NAA38	ENSG00000183011	RESOLVED	HPA	False
NADK	ENSG00000008130	RESOLVED	HPA	False
NAGK	ENSG00000124357	RESOLVED	HPA	False
NAGLU	ENSG00000108784	RESOLVED	HPA	False
NAGPA	ENSG00000103174	RESOLVED	HPA	False
NAGS	ENSG00000161653	RESOLVED	HPA	False
NAT10	ENSG00000135372	RESOLVED	HPA	False
NAV3	ENSG00000067798	RESOLVED	HPA	False
NBAS	ENSG00000151779	RESOLVED	HPA	False
NBPF4	ENSG00000196427	RESOLVED	HPA	False
NCALD	ENSG00000104490	RESOLVED	HPA	False
NCAN	ENSG00000130287	RESOLVED	HPA	False
NCBP1	ENSG00000136937	RESOLVED	HPA	False
NCBP2	ENSG00000114503	RESOLVED	HPA	False
NCBP2L	ENSG00000170935	RESOLVED	HPA	False
NCBP3	ENSG00000074356	RESOLVED	HPA	False
NCDN	ENSG00000020129	RESOLVED	HPA	False
NCKAP1	ENSG00000061676	RESOLVED	HPA	False
NCOA3	ENSG00000124151	RESOLVED	HPA	False
NCOA4	ENSG00000266412	RESOLVED	HPA	False
NCOR1	ENSG00000141027	RESOLVED	HPA	False
NCOR2	ENSG00000196498	RESOLVED	HPA	False
NCS1	ENSG00000107130	RESOLVED	HPA	False
NDC1	ENSG00000058804	RESOLVED	HPA	False
NDE1	ENSG00000072864	RESOLVED	HPA	False
NDEL1	ENSG00000166579	RESOLVED	HPA	False
NDOR1	ENSG00000188566	RESOLVED	HPA	False
NDP	ENSG00000124479	RESOLVED	HPA	False
NDUFA10	ENSG00000130414	RESOLVED	HPA	False
NDUFA12	ENSG00000184752	RESOLVED	HPA	False
NDUFA13	ENSG00000186010	RESOLVED	HPA	False
NDUFA2	ENSG00000131495	RESOLVED	HPA	False
NDUFA3	ENSG00000170906	RESOLVED	HPA	False
NDUFA4	ENSG00000189043	RESOLVED	HPA	False
NDUFA5	ENSG00000128609	RESOLVED	HPA	False
NDUFA8	ENSG00000119421	RESOLVED	HPA	False
NDUFA9	ENSG00000139180	RESOLVED	HPA	False
NDUFAB1	ENSG00000004779	RESOLVED	HPA	False
NDUFAF5	ENSG00000101247	RESOLVED	HPA	False
NDUFAF6	ENSG00000156170	RESOLVED	HPA	False
NDUFB3	ENSG00000119013	RESOLVED	HPA	False
NDUFB4	ENSG00000065518	RESOLVED	HPA	False
NDUFB7	ENSG00000099795	RESOLVED	HPA	False
NDUFB8	ENSG00000166136	RESOLVED	HPA	False
NDUFB9	ENSG00000147684	RESOLVED	HPA	False
NDUFS1	ENSG00000023228	RESOLVED	HPA	False
NDUFS2	ENSG00000158864	RESOLVED	HPA	False
NDUFS3	ENSG00000213619	RESOLVED	HPA	False
NDUFS7	ENSG00000115286	RESOLVED	HPA	False
NDUFS8	ENSG00000110717	RESOLVED	HPA	False
NDUFV1	ENSG00000167792	RESOLVED	HPA	False
NDUFV2	ENSG00000178127	RESOLVED	HPA	False
NECAP2	ENSG00000157191	RESOLVED	HPA	False
NECTIN3	ENSG00000177707	RESOLVED	HPA	False
NECTIN4	ENSG00000143217	RESOLVED	HPA	False
NEDD1	ENSG00000139350	RESOLVED	HPA	False
NEDD4	ENSG00000069869	RESOLVED	HPA	False
NEDD4L	ENSG00000049759	RESOLVED	HPA	False
NEDD8	ENSG00000129559	RESOLVED	HPA	False
NEFL	ENSG00000277586	RESOLVED	HPA	False
NEK1	ENSG00000137601	RESOLVED	HPA	False
NEK10	ENSG00000163491	RESOLVED	HPA	False
NEK11	ENSG00000114670	RESOLVED	HPA	False
NEK2	ENSG00000117650	RESOLVED	HPA	False
NEK4	ENSG00000114904	RESOLVED	HPA	False
NEK8	ENSG00000160602	RESOLVED	HPA	False
NEK9	ENSG00000119638	RESOLVED	HPA	False
NELFCD	ENSG00000101158	RESOLVED	HPA	False
NEMF	ENSG00000165525	RESOLVED	HPA	False
NES	ENSG00000132688	RESOLVED	HPA	False
NEUROD1	ENSG00000162992	RESOLVED	HPA	False
NEUROD4	ENSG00000123307	RESOLVED	HPA	False
NEUROG2	ENSG00000178403	RESOLVED	HPA	False
NF1	ENSG00000196712	RESOLVED	HPA	False
NFASC	ENSG00000163531	RESOLVED	HPA	False
NFE2L2	ENSG00000116044	RESOLVED	HPA	False
NFIL3	ENSG00000165030	RESOLVED	HPA	False
NFKBIA	ENSG00000100906	RESOLVED	HPA	False
NFXL1	ENSG00000170448	RESOLVED	HPA	False
NFYA	ENSG00000001167	RESOLVED	HPA	False
NFYB	ENSG00000120837	RESOLVED	HPA	False
NFYC	ENSG00000066136	RESOLVED	HPA	False
NHP2	ENSG00000145912	RESOLVED	HPA	False
NID1	ENSG00000116962	RESOLVED	HPA	False
NIN	ENSG00000100503	RESOLVED	HPA	False
NINL	ENSG00000101004	RESOLVED	HPA	False
NIPSNAP1	ENSG00000184117	RESOLVED	HPA	False
NIPSNAP2	ENSG00000146729	RESOLVED	HPA	False
NIT2	ENSG00000114021	RESOLVED	HPA	False
NKAP	ENSG00000101882	RESOLVED	HPA	False
NKTR	ENSG00000114857	RESOLVED	HPA	False
NKX2-4	ENSG00000125816	RESOLVED	HPA	False
NKX2-5	ENSG00000183072	RESOLVED	HPA	False
NKX3-1	ENSG00000167034	RESOLVED	HPA	False
NLRP12	ENSG00000142405	RESOLVED	HPA	False
NLRP3	ENSG00000162711	RESOLVED	HPA	False
NLRP8	ENSG00000179709	RESOLVED	HPA	False
NME1	ENSG00000239672	RESOLVED	HPA	False
NME1-NME2	ENSG00000011052	RESOLVED	HPA	False
NME2	ENSG00000243678	RESOLVED	HPA	False
NME3	ENSG00000103024	RESOLVED	HPA	False
NME4	ENSG00000103202	RESOLVED	HPA	False
NME5	ENSG00000112981	RESOLVED	HPA	False
NME6	ENSG00000172113	RESOLVED	HPA	False
NME7	ENSG00000143156	RESOLVED	HPA	False
NME8	ENSG00000086288	RESOLVED	HPA	False
NME9	ENSG00000181322	RESOLVED	HPA	False
NMI	ENSG00000123609	RESOLVED	HPA	False
NMNAT1	ENSG00000173614	RESOLVED	HPA	False
NMRAL1	ENSG00000153406	RESOLVED	HPA	False
NMT1	ENSG00000136448	RESOLVED	HPA	False
NMT2	ENSG00000152465	RESOLVED	HPA	False
NNT	ENSG00000112992	RESOLVED	HPA	False
NOC4L	ENSG00000184967	RESOLVED	HPA	False
NOD2	ENSG00000167207	RESOLVED	HPA	False
NOL11	ENSG00000130935	RESOLVED	HPA	False
NOL6	ENSG00000165271	RESOLVED	HPA	False
NOLC1	ENSG00000166197	RESOLVED	HPA	False
NOP14	ENSG00000087269	RESOLVED	HPA	False
NOP56	ENSG00000101361	RESOLVED	HPA	False
NOP58	ENSG00000055044	RESOLVED	HPA	False
NOP9	ENSG00000196943	RESOLVED	HPA	False
NPC1	ENSG00000141458	RESOLVED	HPA	False
NPC2	ENSG00000119655	RESOLVED	HPA	False
NPEPL1	ENSG00000215440	RESOLVED	HPA	False
NPHP1	ENSG00000144061	RESOLVED	HPA	False
NPHP3	ENSG00000113971	RESOLVED	HPA	False
NPHP4	ENSG00000131697	RESOLVED	HPA	False
NPHS1	ENSG00000161270	RESOLVED	HPA	False
NPHS2	ENSG00000116218	RESOLVED	HPA	False
NPLOC4	ENSG00000182446	RESOLVED	HPA	False
NPM1	ENSG00000181163	RESOLVED	HPA	False
NPPA	ENSG00000175206	RESOLVED	HPA	False
NPPC	ENSG00000163273	RESOLVED	HPA	False
NPR1	ENSG00000169418	RESOLVED	HPA	False
NPR2	ENSG00000159899	RESOLVED	HPA	False
NPR3	ENSG00000113389	RESOLVED	HPA	False
NPRL3	ENSG00000103148	RESOLVED	HPA	False
NPSR1	ENSG00000187258	RESOLVED	HPA	False
NPY	ENSG00000122585	RESOLVED	HPA	False
NPY1R	ENSG00000164128	RESOLVED	HPA	False
NPY2R	ENSG00000185149	RESOLVED	HPA	False
NR0B2	ENSG00000131910	RESOLVED	HPA	False
NR1D1	ENSG00000126368	RESOLVED	HPA	False
NR2C1	ENSG00000120798	RESOLVED	HPA	False
NR2C2	ENSG00000177463	RESOLVED	HPA	False
NR2E1	ENSG00000112333	RESOLVED	HPA	False
NR2E3	ENSG00000278570	RESOLVED	HPA	True
NRAS	ENSG00000213281	RESOLVED	HPA	False
NRBP1	ENSG00000115216	RESOLVED	HPA	False
NRDE2	ENSG00000119720	RESOLVED	HPA	False
NRL	ENSG00000129535	RESOLVED	HPA	True
NRSN2	ENSG00000125841	RESOLVED	HPA	False
NRXN1	ENSG00000179915	RESOLVED	HPA	False
NRXN2	ENSG00000110076	RESOLVED	HPA	False
NSDHL	ENSG00000147383	RESOLVED	HPA	False
NSFL1C	ENSG00000088833	RESOLVED	HPA	False
NT5C	ENSG00000125458	RESOLVED	HPA	False
NT5C1A	ENSG00000116981	RESOLVED	HPA	False
NT5C1B	ENSG00000185013	RESOLVED	HPA	False
NT5C1B-RDH14	ENSG00000250741	RESOLVED	HPA	False
NT5C2	ENSG00000076685	RESOLVED	HPA	False
NT5C3A	ENSG00000122643	RESOLVED	HPA	False
NT5C3B	ENSG00000141698	RESOLVED	HPA	False
NT5E	ENSG00000135318	RESOLVED	HPA	False
NT5M	ENSG00000205309	RESOLVED	HPA	False
NTN5	ENSG00000142233	RESOLVED	HPA	False
NTPCR	ENSG00000135778	RESOLVED	HPA	False
NTRK2	ENSG00000148053	RESOLVED	HPA	False
NTS	ENSG00000133636	RESOLVED	HPA	False
NTSR1	ENSG00000101188	RESOLVED	HPA	False
NTSR2	ENSG00000169006	RESOLVED	HPA	False
NUB1	ENSG00000013374	RESOLVED	HPA	False
NUBPL	ENSG00000151413	RESOLVED	HPA	False
NUDCD1	ENSG00000120526	RESOLVED	HPA	False
NUDCD2	ENSG00000170584	RESOLVED	HPA	False
NUDCD3	ENSG00000015676	RESOLVED	HPA	False
NUDT13	ENSG00000166321	RESOLVED	HPA	False
NUDT16	ENSG00000198585	RESOLVED	HPA	False
NUDT2	ENSG00000164978	RESOLVED	HPA	False
NUDT21	ENSG00000167005	RESOLVED	HPA	False
NUDT5	ENSG00000165609	RESOLVED	HPA	False
NUFIP1	ENSG00000083635	RESOLVED	HPA	False
NUFIP2	ENSG00000108256	RESOLVED	HPA	False
NUMBL	ENSG00000105245	RESOLVED	HPA	False
NUP107	ENSG00000111581	RESOLVED	HPA	False
NUP133	ENSG00000069248	RESOLVED	HPA	False
NUP153	ENSG00000124789	RESOLVED	HPA	False
NUP155	ENSG00000113569	RESOLVED	HPA	False
NUP160	ENSG00000030066	RESOLVED	HPA	False
NUP188	ENSG00000095319	RESOLVED	HPA	False
NUP205	ENSG00000155561	RESOLVED	HPA	False
NUP210	ENSG00000132182	RESOLVED	HPA	False
NUP214	ENSG00000126883	RESOLVED	HPA	False
NUP35	ENSG00000163002	RESOLVED	HPA	False
NUP37	ENSG00000075188	RESOLVED	HPA	False
NUP42	ENSG00000136243	RESOLVED	HPA	False
NUP43	ENSG00000120253	RESOLVED	HPA	False
NUP50	ENSG00000093000	RESOLVED	HPA	False
NUP54	ENSG00000138750	RESOLVED	HPA	False
NUP58	ENSG00000139496	RESOLVED	HPA	False
NUP62	ENSG00000213024	RESOLVED	HPA	False
NUP85	ENSG00000125450	RESOLVED	HPA	False
NUP88	ENSG00000108559	RESOLVED	HPA	False
NUP93	ENSG00000102900	RESOLVED	HPA	False
NUP98	ENSG00000110713	RESOLVED	HPA	False
NUS1	ENSG00000153989	RESOLVED	HPA	False
NUTM2B	ENSG00000188199	RESOLVED	HPA	False
NXF5	ENSG00000126952	RESOLVED	GTEx	False
NXNL1	ENSG00000171773	RESOLVED	HPA	False
NXNL2	ENSG00000130045	RESOLVED	HPA	False
NYX	ENSG00000188937	RESOLVED	HPA	False
OAT	ENSG00000065154	RESOLVED	HPA	False
OCRL	ENSG00000122126	RESOLVED	HPA	False
ODF2	ENSG00000136811	RESOLVED	HPA	False
OFD1	ENSG00000046651	RESOLVED	HPA	True
OGDH	ENSG00000105953	RESOLVED	HPA	False
OGDHL	ENSG00000197444	RESOLVED	HPA	False
OGFOD1	ENSG00000087263	RESOLVED	HPA	False
OGT	ENSG00000147162	RESOLVED	HPA	False
OLIG2	ENSG00000205927	RESOLVED	HPA	False
OMP	ENSG00000254550	RESOLVED	HPA	False
ONECUT1	ENSG00000169856	RESOLVED	HPA	False
OPHN1	ENSG00000079482	RESOLVED	HPA	False
OPN1LW	ENSG00000102076	RESOLVED	HPA	False
OPN1MW	ENSG00000268221	RESOLVED	HPA	False
OPN1MW3	ENSG00000269433	RESOLVED	HPA	False
OPN1SW	ENSG00000128617	RESOLVED	HPA	False
OPN3	ENSG00000054277	RESOLVED	HPA	False
OPN4	ENSG00000122375	RESOLVED	HPA	False
OPN5	ENSG00000124818	RESOLVED	HPA	False
OPRM1	ENSG00000112038	RESOLVED	HPA	False
OPTC	ENSG00000188770	RESOLVED	HPA	False
OPTN	ENSG00000123240	RESOLVED	HPA	False
OR10A4	ENSG00000170782	RESOLVED	HPA	False
OR11H1	ENSG00000130538	RESOLVED	HPA	False
OR11H12	ENSG00000257115	RESOLVED	HPA	False
OR1G1	ENSG00000183024	RESOLVED	HPA	False
OR2C1	ENSG00000168158	RESOLVED	HPA	False
OR2M3	ENSG00000228198	RESOLVED	HPA	False
OR2M4	ENSG00000171180	RESOLVED	HPA	False
OR4E1	ENSG00000276240	RESOLVED	HPA	False
OR51B2	ENSG00000279012	RESOLVED	HPA	False
OR51F1	ENSG00000280021	RESOLVED	HPA	False
OR52E4	ENSG00000180974	RESOLVED	HPA	False
OR52L1	ENSG00000183313	RESOLVED	HPA	False
OR56A5	ENSG00000188691	RESOLVED	HPA	False
OR5B3	ENSG00000172769	RESOLVED	HPA	False
OR6N1	ENSG00000197403	RESOLVED	HPA	False
OR6N2	ENSG00000188340	RESOLVED	HPA	False
ORC1	ENSG00000085840	RESOLVED	HPA	False
ORC2	ENSG00000115942	RESOLVED	HPA	False
ORC3	ENSG00000135336	RESOLVED	HPA	False
ORC4	ENSG00000115947	RESOLVED	HPA	False
ORC5	ENSG00000164815	RESOLVED	HPA	False
OS9	ENSG00000135506	RESOLVED	HPA	False
OSBPL11	ENSG00000144909	RESOLVED	HPA	False
OSBPL6	ENSG00000079156	RESOLVED	HPA	False
OSTF1	ENSG00000134996	RESOLVED	HPA	False
OTC	ENSG00000036473	RESOLVED	HPA	False
OTOA	ENSG00000155719	RESOLVED	HPA	False
OTOF	ENSG00000115155	RESOLVED	HPA	False
OTOG	ENSG00000188162	RESOLVED	HPA	False
OTOGL	ENSG00000165899	RESOLVED	HPA	False
OTX1	ENSG00000115507	RESOLVED	HPA	False
OTX2	ENSG00000165588	RESOLVED	HPA	False
OXSM	ENSG00000151093	RESOLVED	HPA	False
OXT	ENSG00000101405	RESOLVED	HPA	False
OXTR	ENSG00000180914	RESOLVED	HPA	False
P2RX4	ENSG00000135124	RESOLVED	HPA	False
P2RY12	ENSG00000169313	RESOLVED	HPA	False
P3H3	ENSG00000110811	RESOLVED	HPA	False
PA2G4	ENSG00000170515	RESOLVED	HPA	False
PABPC1	ENSG00000070756	RESOLVED	HPA	False
PABPC3	ENSG00000151846	RESOLVED	HPA	False
PABPN1	ENSG00000100836	RESOLVED	HPA	False
PACRG	ENSG00000112530	RESOLVED	HPA	False
PACRGL	ENSG00000163138	RESOLVED	HPA	False
PAFAH1B1	ENSG00000007168	RESOLVED	HPA	False
PAFAH1B2	ENSG00000168092	RESOLVED	HPA	False
PAICS	ENSG00000128050	RESOLVED	HPA	False
PAK1	ENSG00000149269	RESOLVED	HPA	False
PAK2	ENSG00000180370	RESOLVED	HPA	False
PAK3	ENSG00000077264	RESOLVED	HPA	False
PAK4	ENSG00000130669	RESOLVED	HPA	False
PAK5	ENSG00000101349	RESOLVED	HPA	False
PAK6	ENSG00000137843	RESOLVED	HPA	False
PALM3	ENSG00000187867	RESOLVED	HPA	False
PAM16	ENSG00000217930	RESOLVED	HPA	False
PAPOLA	ENSG00000090060	RESOLVED	HPA	False
PAPSS1	ENSG00000138801	RESOLVED	HPA	False
PAQR4	ENSG00000162073	RESOLVED	HPA	False
PARD3	ENSG00000148498	RESOLVED	HPA	False
PARD6A	ENSG00000102981	RESOLVED	HPA	False
PARK7	ENSG00000116288	RESOLVED	HPA	False
PARS2	ENSG00000162396	RESOLVED	HPA	False
PATJ	ENSG00000132849	RESOLVED	HPA	False
PATL1	ENSG00000166889	RESOLVED	HPA	False
PAX3	ENSG00000135903	RESOLVED	HPA	False
PAX4	ENSG00000106331	RESOLVED	HPA	False
PAX6	ENSG00000007372	RESOLVED	HPA	False
PAXX	ENSG00000148362	RESOLVED	HPA	False
PC	ENSG00000173599	RESOLVED	HPA	False
PCARE	ENSG00000179270	RESOLVED	HPA	True
PCBP1	ENSG00000169564	RESOLVED	HPA	False
PCBP2	ENSG00000197111	RESOLVED	HPA	False
PCDH15	ENSG00000150275	RESOLVED	HPA	False
PCDH9	ENSG00000184226	RESOLVED	HPA	False
PCF11	ENSG00000165494	RESOLVED	HPA	False
PCGF1	ENSG00000115289	RESOLVED	HPA	False
PCGF2	ENSG00000277258	RESOLVED	HPA	False
PCGF3	ENSG00000185619	RESOLVED	HPA	False
PCGF5	ENSG00000180628	RESOLVED	HPA	False
PCGF6	ENSG00000156374	RESOLVED	HPA	False
PCK2	ENSG00000100889	RESOLVED	HPA	False
PCLO	ENSG00000186472	RESOLVED	HPA	False
PCM1	ENSG00000078674	RESOLVED	HPA	False
PCNT	ENSG00000160299	RESOLVED	HPA	False
PCSK2	ENSG00000125851	RESOLVED	HPA	False
PCSK5	ENSG00000099139	RESOLVED	HPA	False
PDC	ENSG00000116703	RESOLVED	HPA	False
PDCD11	ENSG00000148843	RESOLVED	HPA	False
PDCD6	ENSG00000249915	RESOLVED	HPA	False
PDE10A	ENSG00000112541	RESOLVED	HPA	False
PDE11A	ENSG00000128655	RESOLVED	HPA	False
PDE1A	ENSG00000115252	RESOLVED	HPA	False
PDE1B	ENSG00000123360	RESOLVED	HPA	False
PDE1C	ENSG00000154678	RESOLVED	HPA	False
PDE2A	ENSG00000186642	RESOLVED	HPA	False
PDE3A	ENSG00000172572	RESOLVED	HPA	False
PDE3B	ENSG00000152270	RESOLVED	HPA	False
PDE4A	ENSG00000065989	RESOLVED	HPA	False
PDE4B	ENSG00000184588	RESOLVED	HPA	False
PDE5A	ENSG00000138735	RESOLVED	HPA	False
PDE6A	ENSG00000132915	RESOLVED	HPA	True
PDE6B	ENSG00000133256	RESOLVED	HPA	True
PDE6C	ENSG00000095464	RESOLVED	HPA	False
PDE6D	ENSG00000156973	RESOLVED	HPA	False
PDE6G	ENSG00000185527	RESOLVED	HPA	True
PDE6H	ENSG00000139053	RESOLVED	HPA	False
PDE7B	ENSG00000171408	RESOLVED	HPA	False
PDE9A	ENSG00000160191	RESOLVED	HPA	False
PDGFC	ENSG00000145431	RESOLVED	HPA	False
PDGFRB	ENSG00000113721	RESOLVED	HPA	False
PDHA1	ENSG00000131828	RESOLVED	HPA	False
PDHA2	ENSG00000163114	RESOLVED	HPA	False
PDHB	ENSG00000168291	RESOLVED	HPA	False
PDHX	ENSG00000110435	RESOLVED	HPA	False
PDK1	ENSG00000152256	RESOLVED	HPA	False
PDK4	ENSG00000004799	RESOLVED	HPA	False
PDS5A	ENSG00000121892	RESOLVED	HPA	False
PDS5B	ENSG00000083642	RESOLVED	HPA	False
PDSS1	ENSG00000148459	RESOLVED	HPA	True
PDSS2	ENSG00000164494	RESOLVED	HPA	False
PDYN	ENSG00000101327	RESOLVED	HPA	False
PDZD4	ENSG00000067840	RESOLVED	HPA	False
PDZD7	ENSG00000186862	RESOLVED	HPA	False
PEBP1	ENSG00000089220	RESOLVED	HPA	False
PEBP4	ENSG00000134020	RESOLVED	HPA	False
PEF1	ENSG00000162517	RESOLVED	HPA	False
PELO	ENSG00000152684	RESOLVED	HPA	False
PELP1	ENSG00000141456	RESOLVED	HPA	False
PER2	ENSG00000132326	RESOLVED	HPA	False
PES1	ENSG00000100029	RESOLVED	HPA	False
PET100	ENSG00000229833	RESOLVED	HPA	False
PEX19	ENSG00000162735	RESOLVED	HPA	False
PFDN1	ENSG00000113068	RESOLVED	HPA	False
PFDN5	ENSG00000123349	RESOLVED	HPA	False
PFKFB1	ENSG00000158571	RESOLVED	HPA	False
PFKFB2	ENSG00000123836	RESOLVED	HPA	False
PFKFB3	ENSG00000170525	RESOLVED	HPA	False
PFKFB4	ENSG00000114268	RESOLVED	HPA	False
PFKL	ENSG00000141959	RESOLVED	HPA	False
PFKM	ENSG00000152556	RESOLVED	HPA	False
PFKP	ENSG00000067057	RESOLVED	HPA	False
PFN1	ENSG00000108518	RESOLVED	HPA	False
PFN2	ENSG00000070087	RESOLVED	HPA	False
PGAM1	ENSG00000171314	RESOLVED	HPA	False
PGAM2	ENSG00000164708	RESOLVED	HPA	False
PGAM4	ENSG00000226784	RESOLVED	HPA	False
PGD	ENSG00000142657	RESOLVED	HPA	False
PGK1	ENSG00000102144	RESOLVED	HPA	False
PGK2	ENSG00000170950	RESOLVED	HPA	False
PGM1	ENSG00000079739	RESOLVED	HPA	False
PGM2	ENSG00000169299	RESOLVED	HPA	False
PGM3	ENSG00000013375	RESOLVED	HPA	False
PGM5	ENSG00000154330	RESOLVED	HPA	False
PGR	ENSG00000082175	RESOLVED	HPA	False
PHACTR2	ENSG00000112419	RESOLVED	HPA	False
PHB	ENSG00000167085	RESOLVED	GTEx	False
PHC1	ENSG00000111752	RESOLVED	HPA	False
PHC2	ENSG00000134686	RESOLVED	HPA	False
PHC3	ENSG00000173889	RESOLVED	HPA	False
PHF11	ENSG00000136147	RESOLVED	HPA	False
PHF20	ENSG00000025293	RESOLVED	HPA	False
PHF5A	ENSG00000100410	RESOLVED	HPA	False
PHF6	ENSG00000156531	RESOLVED	HPA	False
PHGDH	ENSG00000092621	RESOLVED	HPA	False
PHIP	ENSG00000146247	RESOLVED	HPA	False
PI15	ENSG00000137558	RESOLVED	HPA	False
PI4K2A	ENSG00000155252	RESOLVED	HPA	False
PI4K2B	ENSG00000038210	RESOLVED	HPA	False
PI4KA	ENSG00000241973	RESOLVED	HPA	False
PI4KB	ENSG00000143393	RESOLVED	HPA	False
PIAS1	ENSG00000033800	RESOLVED	HPA	False
PIAS2	ENSG00000078043	RESOLVED	HPA	False
PIAS3	ENSG00000131788	RESOLVED	HPA	False
PIAS4	ENSG00000105229	RESOLVED	HPA	False
PIBF1	ENSG00000083535	RESOLVED	HPA	False
PIFO	ENSG00000173947	RESOLVED	HPA	False
PIGBOS1	ENSG00000225973	RESOLVED	HPA	False
PIH1D1	ENSG00000104872	RESOLVED	HPA	False
PIH1D3	ENSG00000080572	RESOLVED	GTEx	False
PIK3C2A	ENSG00000011405	RESOLVED	HPA	False
PIK3C2B	ENSG00000133056	RESOLVED	HPA	False
PIK3C2G	ENSG00000139144	RESOLVED	HPA	False
PIK3CA	ENSG00000121879	RESOLVED	HPA	False
PIK3CB	ENSG00000051382	RESOLVED	HPA	False
PIK3CD	ENSG00000171608	RESOLVED	HPA	False
PIK3CG	ENSG00000105851	RESOLVED	HPA	False
PIK3R1	ENSG00000145675	RESOLVED	HPA	False
PIK3R2	ENSG00000105647	RESOLVED	HPA	False
PIK3R3	ENSG00000117461	RESOLVED	HPA	False
PIKFYVE	ENSG00000115020	RESOLVED	HPA	False
PIP4K2A	ENSG00000150867	RESOLVED	HPA	False
PIP4K2B	ENSG00000276293	RESOLVED	HPA	False
PIP4K2C	ENSG00000166908	RESOLVED	HPA	False
PIP4P1	ENSG00000165782	RESOLVED	HPA	False
PIP4P2	ENSG00000155099	RESOLVED	HPA	False
PIP5K1A	ENSG00000143398	RESOLVED	HPA	False
PIP5K1B	ENSG00000107242	RESOLVED	HPA	False
PIP5K1C	ENSG00000186111	RESOLVED	HPA	False
PIP5KL1	ENSG00000167103	RESOLVED	HPA	False
PISD	ENSG00000241878	RESOLVED	HPA	False
PITPNA	ENSG00000174238	RESOLVED	HPA	False
PITPNC1	ENSG00000154217	RESOLVED	HPA	False
PITPNM1	ENSG00000110697	RESOLVED	HPA	False
PITPNM3	ENSG00000091622	RESOLVED	HPA	False
PITRM1	ENSG00000107959	RESOLVED	HPA	False
PJVK	ENSG00000204311	RESOLVED	HPA	False
PKD1	ENSG00000008710	RESOLVED	HPA	False
PKD2	ENSG00000118762	RESOLVED	HPA	False
PKDCC	ENSG00000162878	RESOLVED	HPA	False
PKHD1	ENSG00000170927	RESOLVED	HPA	False
PKHD1L1	ENSG00000205038	RESOLVED	HPA	False
PKLR	ENSG00000143627	RESOLVED	HPA	False
PKM	ENSG00000067225	RESOLVED	HPA	False
PKP1	ENSG00000081277	RESOLVED	HPA	False
PLA2G6	ENSG00000184381	RESOLVED	HPA	False
PLAAT1	ENSG00000127252	RESOLVED	HPA	False
PLAAT2	ENSG00000133328	RESOLVED	HPA	False
PLCB1	ENSG00000182621	RESOLVED	HPA	False
PLCB2	ENSG00000137841	RESOLVED	HPA	False
PLCB3	ENSG00000149782	RESOLVED	HPA	False
PLCB4	ENSG00000101333	RESOLVED	HPA	False
PLCD1	ENSG00000187091	RESOLVED	HPA	False
PLCD3	ENSG00000161714	RESOLVED	HPA	False
PLCD4	ENSG00000115556	RESOLVED	HPA	False
PLCE1	ENSG00000138193	RESOLVED	HPA	False
PLCG1	ENSG00000124181	RESOLVED	HPA	False
PLCG2	ENSG00000197943	RESOLVED	HPA	False
PLCH1	ENSG00000114805	RESOLVED	HPA	False
PLCH2	ENSG00000149527	RESOLVED	HPA	False
PLCZ1	ENSG00000139151	RESOLVED	HPA	False
PLEC	ENSG00000178209	RESOLVED	HPA	False
PLEK	ENSG00000115956	RESOLVED	HPA	False
PLEKHB1	ENSG00000021300	RESOLVED	HPA	False
PLEKHH2	ENSG00000152527	RESOLVED	HPA	False
PLIN2	ENSG00000147872	RESOLVED	HPA	False
PLIN5	ENSG00000214456	RESOLVED	HPA	False
PLK1	ENSG00000166851	RESOLVED	HPA	False
PLK4	ENSG00000142731	RESOLVED	HPA	False
PLLP	ENSG00000102934	RESOLVED	HPA	False
PLP1	ENSG00000123560	RESOLVED	HPA	False
PLPP1	ENSG00000067113	RESOLVED	HPA	False
PLPP2	ENSG00000141934	RESOLVED	HPA	False
PLPP3	ENSG00000162407	RESOLVED	HPA	False
PLPP4	ENSG00000203805	RESOLVED	HPA	False
PLPP5	ENSG00000147535	RESOLVED	HPA	False
PLPPR1	ENSG00000148123	RESOLVED	HPA	False
PLPPR2	ENSG00000105520	RESOLVED	HPA	False
PLPPR3	ENSG00000129951	RESOLVED	HPA	False
PLPPR4	ENSG00000117600	RESOLVED	HPA	False
PLPPR5	ENSG00000117598	RESOLVED	HPA	False
PLRG1	ENSG00000171566	RESOLVED	HPA	False
PLSCR1	ENSG00000188313	RESOLVED	HPA	False
PLXNA1	ENSG00000114554	RESOLVED	HPA	False
PLXNB1	ENSG00000164050	RESOLVED	HPA	False
PMEL	ENSG00000185664	RESOLVED	HPA	False
PML	ENSG00000140464	RESOLVED	HPA	False
PMM1	ENSG00000100417	RESOLVED	HPA	False
PMM2	ENSG00000140650	RESOLVED	HPA	False
PMPCA	ENSG00000165688	RESOLVED	HPA	False
PMPCB	ENSG00000105819	RESOLVED	HPA	False
PMVK	ENSG00000163344	RESOLVED	HPA	False
PNKD	ENSG00000127838	RESOLVED	HPA	False
PNN	ENSG00000100941	RESOLVED	HPA	False
PNOC	ENSG00000168081	RESOLVED	HPA	False
PNP	ENSG00000198805	RESOLVED	HPA	False
PNPLA4	ENSG00000006757	RESOLVED	HPA	False
PNPT1	ENSG00000138035	RESOLVED	HPA	False
POC1A	ENSG00000164087	RESOLVED	HPA	False
POC1B	ENSG00000139323	RESOLVED	HPA	False
POC5	ENSG00000152359	RESOLVED	HPA	False
POLDIP2	ENSG00000004142	RESOLVED	HPA	False
POLDIP3	ENSG00000100227	RESOLVED	HPA	False
POLG	ENSG00000140521	RESOLVED	HPA	False
POLR1B	ENSG00000125630	RESOLVED	HPA	False
POLR2A	ENSG00000181222	RESOLVED	HPA	False
POLR2B	ENSG00000047315	RESOLVED	HPA	False
POLR2C	ENSG00000102978	RESOLVED	HPA	False
POLR3B	ENSG00000013503	RESOLVED	HPA	False
POLR3F	ENSG00000132664	RESOLVED	HPA	False
POLRMT	ENSG00000099821	RESOLVED	HPA	False
POM121	ENSG00000196313	RESOLVED	HPA	False
POM121C	ENSG00000272391	RESOLVED	HPA	False
POMC	ENSG00000115138	RESOLVED	HPA	False
POMGNT1	ENSG00000085998	RESOLVED	HPA	True
POMGNT2	ENSG00000144647	RESOLVED	HPA	False
POMK	ENSG00000185900	RESOLVED	HPA	False
POMT1	ENSG00000130714	RESOLVED	HPA	False
POMT2	ENSG00000009830	RESOLVED	HPA	False
POR	ENSG00000127948	RESOLVED	HPA	False
POT1	ENSG00000128513	RESOLVED	HPA	False
POTEE	ENSG00000188219	RESOLVED	HPA	False
POU2F1	ENSG00000143190	RESOLVED	HPA	False
POU2F2	ENSG00000028277	RESOLVED	HPA	False
POU4F1	ENSG00000152192	RESOLVED	HPA	False
POU4F2	ENSG00000151615	RESOLVED	HPA	False
POU6F2	ENSG00000106536	RESOLVED	HPA	False
PPARG	ENSG00000132170	RESOLVED	HPA	False
PPARGC1A	ENSG00000109819	RESOLVED	HPA	False
PPAT	ENSG00000128059	RESOLVED	HPA	False
PPEF1	ENSG00000086717	RESOLVED	HPA	False
PPEF2	ENSG00000156194	RESOLVED	HPA	False
PPIA	ENSG00000196262	RESOLVED	HPA	False
PPIAL4A	ENSG00000263353	RESOLVED	HPA	False
PPIAL4C	ENSG00000288867	RESOLVED	HPA	False
PPIAL4D	ENSG00000289549	RESOLVED	HPA	False
PPIAL4E	ENSG00000271567	RESOLVED	HPA	False
PPIAL4F	ENSG00000279782	RESOLVED	HPA	False
PPIAL4G	ENSG00000236334	RESOLVED	HPA	False
PPIAL4H	ENSG00000270339	RESOLVED	HPA	False
PPIB	ENSG00000166794	RESOLVED	HPA	False
PPIE	ENSG00000084072	RESOLVED	HPA	False
PPIF	ENSG00000108179	RESOLVED	HPA	False
PPIG	ENSG00000138398	RESOLVED	HPA	False
PPIH	ENSG00000171960	RESOLVED	HPA	False
PPIL1	ENSG00000137168	RESOLVED	HPA	False
PPIL2	ENSG00000100023	RESOLVED	HPA	False
PPIL3	ENSG00000240344	RESOLVED	HPA	False
PPIL4	ENSG00000131013	RESOLVED	HPA	False
PPIP5K1	ENSG00000168781	RESOLVED	HPA	False
PPM1A	ENSG00000100614	RESOLVED	HPA	False
PPM1B	ENSG00000138032	RESOLVED	HPA	False
PPM1G	ENSG00000115241	RESOLVED	HPA	False
PPOX	ENSG00000143224	RESOLVED	HPA	False
PPP1CA	ENSG00000172531	RESOLVED	HPA	False
PPP1CB	ENSG00000213639	RESOLVED	HPA	False
PPP1CC	ENSG00000186298	RESOLVED	HPA	False
PPP1R10	ENSG00000204569	RESOLVED	HPA	False
PPP1R12A	ENSG00000058272	RESOLVED	HPA	False
PPP1R26	ENSG00000196422	RESOLVED	HPA	False
PPP1R7	ENSG00000115685	RESOLVED	HPA	False
PPP1R8	ENSG00000117751	RESOLVED	HPA	False
PPP1R9B	ENSG00000108819	RESOLVED	HPA	False
PPP3CB	ENSG00000107758	RESOLVED	HPA	False
PPP4C	ENSG00000149923	RESOLVED	HPA	False
PPP4R2	ENSG00000163605	RESOLVED	HPA	False
PPP4R3A	ENSG00000100796	RESOLVED	HPA	False
PPRC1	ENSG00000148840	RESOLVED	HPA	False
PPT1	ENSG00000131238	RESOLVED	HPA	False
PPT2	ENSG00000221988	RESOLVED	HPA	False
PPTC7	ENSG00000196850	RESOLVED	HPA	False
PPWD1	ENSG00000113593	RESOLVED	HPA	False
PQBP1	ENSG00000102103	RESOLVED	HPA	False
PRC1	ENSG00000198901	RESOLVED	HPA	False
PRCC	ENSG00000143294	RESOLVED	HPA	False
PRCD	ENSG00000214140	RESOLVED	HPA	True
PRDM1	ENSG00000057657	RESOLVED	HPA	False
PRDX3	ENSG00000165672	RESOLVED	HPA	False
PRH2	ENSG00000134551	RESOLVED	HPA	False
PRKACA	ENSG00000072062	RESOLVED	HPA	False
PRKACB	ENSG00000142875	RESOLVED	HPA	False
PRKACG	ENSG00000165059	RESOLVED	HPA	False
PRKAR1A	ENSG00000108946	RESOLVED	HPA	False
PRKAR1B	ENSG00000188191	RESOLVED	HPA	False
PRKAR2A	ENSG00000114302	RESOLVED	HPA	False
PRKAR2B	ENSG00000005249	RESOLVED	HPA	False
PRKCA	ENSG00000154229	RESOLVED	HPA	False
PRKCB	ENSG00000166501	RESOLVED	HPA	False
PRKCG	ENSG00000126583	RESOLVED	HPA	False
PRKCZ	ENSG00000067606	RESOLVED	HPA	False
PRKD1	ENSG00000184304	RESOLVED	HPA	False
PRKD2	ENSG00000105287	RESOLVED	HPA	False
PRKD3	ENSG00000115825	RESOLVED	HPA	False
PRKDC	ENSG00000253729	RESOLVED	HPA	False
PRKG1	ENSG00000185532	RESOLVED	HPA	False
PRKG2	ENSG00000138669	RESOLVED	HPA	False
PRKN	ENSG00000185345	RESOLVED	HPA	False
PRKRIP1	ENSG00000128563	RESOLVED	HPA	False
PROM1	ENSG00000007062	RESOLVED	HPA	False
PROS1	ENSG00000184500	RESOLVED	HPA	False
PROSER3	ENSG00000167595	RESOLVED	HPA	False
PRPF18	ENSG00000165630	RESOLVED	HPA	False
PRPF19	ENSG00000110107	RESOLVED	HPA	False
PRPF3	ENSG00000117360	RESOLVED	HPA	True
PRPF31	ENSG00000105618	RESOLVED	HPA	True
PRPF38A	ENSG00000134748	RESOLVED	HPA	False
PRPF39	ENSG00000185246	RESOLVED	HPA	False
PRPF4	ENSG00000136875	RESOLVED	HPA	True
PRPF40A	ENSG00000196504	RESOLVED	HPA	False
PRPF40B	ENSG00000110844	RESOLVED	HPA	False
PRPF4B	ENSG00000112739	RESOLVED	HPA	False
PRPF6	ENSG00000101161	RESOLVED	HPA	True
PRPF8	ENSG00000174231	RESOLVED	HPA	True
PRPH2	ENSG00000112619	RESOLVED	HPA	True
PRPS1	ENSG00000147224	RESOLVED	HPA	False
PRPS1L1	ENSG00000229937	RESOLVED	HPA	False
PRPS2	ENSG00000101911	RESOLVED	HPA	False
PRR35	ENSG00000161992	RESOLVED	HPA	False
PRRC2A	ENSG00000204469	RESOLVED	HPA	False
PRRT1	ENSG00000204314	RESOLVED	HPA	False
PRRT2	ENSG00000167371	RESOLVED	HPA	False
PRSS55	ENSG00000184647	RESOLVED	HPA	False
PRSS56	ENSG00000237412	RESOLVED	HPA	False
PSAT1	ENSG00000135069	RESOLVED	HPA	False
PSD2	ENSG00000146005	RESOLVED	HPA	False
PSIP1	ENSG00000164985	RESOLVED	HPA	False
PSMC1	ENSG00000100764	RESOLVED	HPA	False
PSMC5	ENSG00000087191	RESOLVED	HPA	False
PSMD13	ENSG00000185627	RESOLVED	HPA	False
PSMD14	ENSG00000115233	RESOLVED	HPA	False
PSMD2	ENSG00000175166	RESOLVED	HPA	False
PSMD3	ENSG00000108344	RESOLVED	HPA	False
PSME3	ENSG00000131467	RESOLVED	HPA	False
PSME3IP1	ENSG00000172775	RESOLVED	HPA	False
PSMF1	ENSG00000125818	RESOLVED	HPA	False
PSMG1	ENSG00000183527	RESOLVED	HPA	False
PSPC1	ENSG00000121390	RESOLVED	HPA	False
PSPH	ENSG00000146733	RESOLVED	HPA	False
PSTPIP1	ENSG00000140368	RESOLVED	HPA	False
PTAFR	ENSG00000169403	RESOLVED	HPA	False
PTBP1	ENSG00000011304	RESOLVED	HPA	False
PTCH1	ENSG00000185920	RESOLVED	HPA	False
PTEN	ENSG00000171862	RESOLVED	HPA	False
PTF1A	ENSG00000168267	RESOLVED	HPA	False
PTGES3	ENSG00000110958	RESOLVED	HPA	False
PTGS2	ENSG00000073756	RESOLVED	HPA	False
PTH	ENSG00000152266	RESOLVED	HPA	False
PTH1R	ENSG00000160801	RESOLVED	HPA	False
PTH2R	ENSG00000144407	RESOLVED	HPA	False
PTPN3	ENSG00000070159	RESOLVED	HPA	False
PTPRC	ENSG00000081237	RESOLVED	HPA	False
PTPRN2	ENSG00000155093	RESOLVED	HPA	False
PTPRO	ENSG00000151490	RESOLVED	HPA	False
PUF60	ENSG00000179950	RESOLVED	HPA	False
PUM1	ENSG00000134644	RESOLVED	HPA	False
PUM2	ENSG00000055917	RESOLVED	HPA	False
PVALB	ENSG00000100362	RESOLVED	HPA	False
PXDN	ENSG00000130508	RESOLVED	HPA	False
PXDNL	ENSG00000147485	RESOLVED	HPA	False
PYGB	ENSG00000100994	RESOLVED	HPA	False
PYGL	ENSG00000100504	RESOLVED	HPA	False
PYGM	ENSG00000068976	RESOLVED	HPA	False
PYROXD2	ENSG00000119943	RESOLVED	HPA	False
PYY	ENSG00000131096	RESOLVED	HPA	False
QDPR	ENSG00000151552	RESOLVED	HPA	False
QKI	ENSG00000112531	RESOLVED	HPA	False
QRICH1	ENSG00000198218	RESOLVED	HPA	False
QRICH2	ENSG00000129646	RESOLVED	HPA	False
RAB10	ENSG00000084733	RESOLVED	HPA	False
RAB11A	ENSG00000103769	RESOLVED	HPA	False
RAB11FIP3	ENSG00000090565	RESOLVED	HPA	False
RAB13	ENSG00000143545	RESOLVED	HPA	False
RAB23	ENSG00000112210	RESOLVED	HPA	False
RAB24	ENSG00000169228	RESOLVED	HPA	False
RAB28	ENSG00000157869	RESOLVED	HPA	False
RAB3IP	ENSG00000127328	RESOLVED	HPA	False
RAB40AL	ENSG00000102128	RESOLVED	HPA	False
RAB5A	ENSG00000144566	RESOLVED	HPA	False
RAB6A	ENSG00000175582	RESOLVED	HPA	False
RAB6B	ENSG00000154917	RESOLVED	HPA	False
RAB7A	ENSG00000075785	RESOLVED	HPA	False
RAB7B	ENSG00000276600	RESOLVED	HPA	False
RAB8A	ENSG00000167461	RESOLVED	HPA	False
RAB9A	ENSG00000123595	RESOLVED	HPA	False
RABAC1	ENSG00000105404	RESOLVED	HPA	False
RABEP1	ENSG00000029725	RESOLVED	HPA	False
RABEPK	ENSG00000136933	RESOLVED	HPA	False
RABGAP1	ENSG00000011454	RESOLVED	HPA	False
RABIF	ENSG00000183155	RESOLVED	HPA	False
RABL2A	ENSG00000144134	RESOLVED	HPA	False
RABL2B	ENSG00000079974	RESOLVED	HPA	False
RAC1	ENSG00000136238	RESOLVED	HPA	False
RAC2	ENSG00000128340	RESOLVED	HPA	False
RACK1	ENSG00000204628	RESOLVED	HPA	False
RAD23A	ENSG00000179262	RESOLVED	HPA	False
RAD23B	ENSG00000119318	RESOLVED	HPA	False
RAD51	ENSG00000051180	RESOLVED	HPA	False
RAD51B	ENSG00000182185	RESOLVED	HPA	False
RAE1	ENSG00000101146	RESOLVED	HPA	False
RAF1	ENSG00000132155	RESOLVED	HPA	False
RAG1	ENSG00000166349	RESOLVED	HPA	False
RALGAPA1	ENSG00000174373	RESOLVED	HPA	False
RALY	ENSG00000125970	RESOLVED	HPA	False
RAN	ENSG00000132341	RESOLVED	HPA	False
RANBP1	ENSG00000099901	RESOLVED	HPA	False
RANBP2	ENSG00000153201	RESOLVED	HPA	False
RANBP3	ENSG00000031823	RESOLVED	HPA	False
RANGAP1	ENSG00000100401	RESOLVED	HPA	False
RAPGEF4	ENSG00000091428	RESOLVED	HPA	False
RARA	ENSG00000131759	RESOLVED	HPA	False
RARB	ENSG00000077092	RESOLVED	HPA	False
RARG	ENSG00000172819	RESOLVED	HPA	False
RARS1	ENSG00000113643	RESOLVED	HPA	False
RASA1	ENSG00000145715	RESOLVED	HPA	False
RASD2	ENSG00000100302	RESOLVED	HPA	False
RAX	ENSG00000134438	RESOLVED	HPA	False
RAX2	ENSG00000173976	RESOLVED	HPA	True
RB1CC1	ENSG00000023287	RESOLVED	HPA	False
RBBP5	ENSG00000117222	RESOLVED	HPA	False
RBCK1	ENSG00000125826	RESOLVED	HPA	False
RBM10	ENSG00000182872	RESOLVED	HPA	False
RBM17	ENSG00000134453	RESOLVED	HPA	False
RBM19	ENSG00000122965	RESOLVED	HPA	False
RBM22	ENSG00000086589	RESOLVED	HPA	False
RBM24	ENSG00000112183	RESOLVED	HPA	False
RBM25	ENSG00000119707	RESOLVED	HPA	False
RBM28	ENSG00000106344	RESOLVED	HPA	False
RBM3	ENSG00000102317	RESOLVED	HPA	False
RBM39	ENSG00000131051	RESOLVED	HPA	False
RBM4	ENSG00000173933	RESOLVED	HPA	False
RBM41	ENSG00000089682	RESOLVED	HPA	False
RBM42	ENSG00000126254	RESOLVED	HPA	False
RBM45	ENSG00000155636	RESOLVED	HPA	False
RBM46	ENSG00000151962	RESOLVED	HPA	False
RBM48	ENSG00000127993	RESOLVED	HPA	False
RBM5	ENSG00000003756	RESOLVED	HPA	False
RBM7	ENSG00000076053	RESOLVED	HPA	False
RBM8A	ENSG00000265241	RESOLVED	HPA	False
RBMX	ENSG00000147274	RESOLVED	HPA	False
RBMX2	ENSG00000134597	RESOLVED	HPA	False
RBP1	ENSG00000114115	RESOLVED	HPA	False
RBP2	ENSG00000114113	RESOLVED	HPA	False
RBP3	ENSG00000265203	RESOLVED	HPA	True
RBP4	ENSG00000138207	RESOLVED	HPA	False
RBP5	ENSG00000139194	RESOLVED	HPA	False
RBPMS	ENSG00000157110	RESOLVED	HPA	False
RBX1	ENSG00000100387	RESOLVED	HPA	False
RC3H1	ENSG00000135870	RESOLVED	HPA	False
RC3H2	ENSG00000056586	RESOLVED	HPA	False
RCBTB1	ENSG00000136144	RESOLVED	HPA	True
RCBTB2	ENSG00000136161	RESOLVED	HPA	False
RCC1	ENSG00000180198	RESOLVED	HPA	False
RCE1	ENSG00000173653	RESOLVED	HPA	False
RCHY1	ENSG00000163743	RESOLVED	HPA	False
RCL1	ENSG00000120158	RESOLVED	HPA	False
RCOR1	ENSG00000089902	RESOLVED	HPA	False
RCVRN	ENSG00000109047	RESOLVED	HPA	False
RD3	ENSG00000198570	RESOLVED	HPA	False
RDH10	ENSG00000121039	RESOLVED	HPA	False
RDH11	ENSG00000072042	RESOLVED	HPA	False
RDH12	ENSG00000139988	RESOLVED	HPA	True
RDH13	ENSG00000160439	RESOLVED	HPA	False
RDH14	ENSG00000240857	RESOLVED	HPA	False
RDH16	ENSG00000139547	RESOLVED	HPA	False
RDH5	ENSG00000135437	RESOLVED	HPA	False
RDH8	ENSG00000080511	RESOLVED	HPA	False
REEP5	ENSG00000129625	RESOLVED	HPA	False
REEP6	ENSG00000115255	RESOLVED	HPA	True
REL	ENSG00000162924	RESOLVED	HPA	False
RELA	ENSG00000173039	RESOLVED	HPA	False
RELB	ENSG00000104856	RESOLVED	HPA	False
RETSAT	ENSG00000042445	RESOLVED	HPA	False
RFK	ENSG00000135002	RESOLVED	HPA	False
RFX1	ENSG00000132005	RESOLVED	HPA	False
RFX2	ENSG00000087903	RESOLVED	HPA	False
RFX3	ENSG00000080298	RESOLVED	HPA	False
RFX4	ENSG00000111783	RESOLVED	HPA	False
RGR	ENSG00000148604	RESOLVED	HPA	False
RGS1	ENSG00000090104	RESOLVED	HPA	False
RGS10	ENSG00000148908	RESOLVED	HPA	False
RGS11	ENSG00000076344	RESOLVED	HPA	False
RGS12	ENSG00000159788	RESOLVED	HPA	False
RGS13	ENSG00000127074	RESOLVED	HPA	False
RGS16	ENSG00000143333	RESOLVED	HPA	False
RGS17	ENSG00000091844	RESOLVED	HPA	False
RGS18	ENSG00000150681	RESOLVED	HPA	False
RGS19	ENSG00000171700	RESOLVED	HPA	False
RGS2	ENSG00000116741	RESOLVED	HPA	False
RGS20	ENSG00000147509	RESOLVED	HPA	False
RGS21	ENSG00000253148	RESOLVED	HPA	False
RGS3	ENSG00000138835	RESOLVED	HPA	False
RGS4	ENSG00000117152	RESOLVED	HPA	False
RGS5	ENSG00000143248	RESOLVED	HPA	False
RGS6	ENSG00000182732	RESOLVED	HPA	False
RGS7	ENSG00000182901	RESOLVED	HPA	False
RGS8	ENSG00000135824	RESOLVED	HPA	False
RGS9	ENSG00000108370	RESOLVED	HPA	False
RGS9BP	ENSG00000186326	RESOLVED	HPA	False
RHBDD3	ENSG00000100263	RESOLVED	HPA	False
RHBG	ENSG00000132677	RESOLVED	HPA	False
RHEB	ENSG00000106615	RESOLVED	HPA	False
RHO	ENSG00000163914	RESOLVED	HPA	True
RHOA	ENSG00000067560	RESOLVED	HPA	False
RHOB	ENSG00000143878	RESOLVED	HPA	False
RHOC	ENSG00000155366	RESOLVED	HPA	False
RHOD	ENSG00000173156	RESOLVED	HPA	False
RHOF	ENSG00000139725	RESOLVED	HPA	False
RHOH	ENSG00000168421	RESOLVED	HPA	False
RHOJ	ENSG00000126785	RESOLVED	HPA	False
RHOQ	ENSG00000119729	RESOLVED	HPA	False
RIBC2	ENSG00000128408	RESOLVED	HPA	False
RIC1	ENSG00000107036	RESOLVED	HPA	False
RIC8A	ENSG00000177963	RESOLVED	HPA	False
RIC8B	ENSG00000111785	RESOLVED	HPA	False
RIF1	ENSG00000080345	RESOLVED	HPA	False
RILP	ENSG00000167705	RESOLVED	HPA	False
RIMKLB	ENSG00000166532	RESOLVED	HPA	False
RIMS1	ENSG00000079841	RESOLVED	HPA	False
RING1	ENSG00000204227	RESOLVED	HPA	False
RIPPLY2	ENSG00000203877	RESOLVED	HPA	False
RLBP1	ENSG00000140522	RESOLVED	HPA	True
RLF	ENSG00000117000	RESOLVED	HPA	False
RND1	ENSG00000172602	RESOLVED	HPA	False
RNF10	ENSG00000022840	RESOLVED	HPA	False
RNF103-CHMP3	ENSG00000249884	RESOLVED	HPA	False
RNF113A	ENSG00000125352	RESOLVED	HPA	False
RNF130	ENSG00000113269	RESOLVED	HPA	False
RNF139	ENSG00000170881	RESOLVED	HPA	False
RNF2	ENSG00000121481	RESOLVED	HPA	False
RNF25	ENSG00000163481	RESOLVED	HPA	False
RNF34	ENSG00000170633	RESOLVED	HPA	False
RNF4	ENSG00000063978	RESOLVED	HPA	False
RNF5	ENSG00000204308	RESOLVED	HPA	False
RNPC3	ENSG00000185946	RESOLVED	HPA	False
RNPS1	ENSG00000205937	RESOLVED	HPA	False
ROCK1	ENSG00000067900	RESOLVED	HPA	False
ROCK2	ENSG00000134318	RESOLVED	HPA	False
ROM1	ENSG00000149489	RESOLVED	HPA	False
ROPN1L	ENSG00000145491	RESOLVED	HPA	False
RORA	ENSG00000069667	RESOLVED	HPA	False
RORB	ENSG00000198963	RESOLVED	HPA	False
RP1	ENSG00000104237	RESOLVED	HPA	True
RP1L1	ENSG00000183638	RESOLVED	HPA	True
RP2	ENSG00000102218	RESOLVED	HPA	True
RP9	ENSG00000164610	RESOLVED	HPA	False
RPAP3	ENSG00000005175	RESOLVED	HPA	False
RPE65	ENSG00000116745	RESOLVED	HPA	True
RPGR	ENSG00000156313	RESOLVED	HPA	True
RPGRIP1	ENSG00000092200	RESOLVED	HPA	False
RPGRIP1L	ENSG00000103494	RESOLVED	HPA	False
RPIA	ENSG00000153574	RESOLVED	HPA	False
RPL11	ENSG00000142676	RESOLVED	HPA	False
RPL19	ENSG00000108298	RESOLVED	HPA	False
RPL22L1	ENSG00000163584	RESOLVED	HPA	False
RPL23	ENSG00000125691	RESOLVED	HPA	False
RPL27	ENSG00000131469	RESOLVED	HPA	False
RPL36AL	ENSG00000165502	RESOLVED	HPA	False
RPL5	ENSG00000122406	RESOLVED	HPA	False
RPL6	ENSG00000089009	RESOLVED	HPA	False
RPL7	ENSG00000147604	RESOLVED	HPA	False
RPL7A	ENSG00000148303	RESOLVED	HPA	False
RPLP1	ENSG00000137818	RESOLVED	HPA	False
RPN1	ENSG00000163902	RESOLVED	HPA	False
RPN2	ENSG00000118705	RESOLVED	HPA	False
RPP38	ENSG00000152464	RESOLVED	HPA	False
RPS10	ENSG00000124614	RESOLVED	HPA	False
RPS11	ENSG00000142534	RESOLVED	HPA	False
RPS12	ENSG00000112306	RESOLVED	HPA	False
RPS13	ENSG00000110700	RESOLVED	HPA	False
RPS14	ENSG00000164587	RESOLVED	HPA	False
RPS18	ENSG00000231500	RESOLVED	HPA	False
RPS2	ENSG00000140988	RESOLVED	HPA	False
RPS20	ENSG00000008988	RESOLVED	HPA	False
RPS21	ENSG00000171858	RESOLVED	HPA	False
RPS23	ENSG00000186468	RESOLVED	HPA	False
RPS25	ENSG00000118181	RESOLVED	HPA	False
RPS27A	ENSG00000143947	RESOLVED	HPA	False
RPS27L	ENSG00000185088	RESOLVED	HPA	False
RPS3	ENSG00000149273	RESOLVED	HPA	False
RPS6KA4	ENSG00000162302	RESOLVED	HPA	False
RPS6KA5	ENSG00000100784	RESOLVED	HPA	False
RPS9	ENSG00000170889	RESOLVED	HPA	False
RRH	ENSG00000180245	RESOLVED	HPA	False
RRP1	ENSG00000160214	RESOLVED	HPA	False
RRP1B	ENSG00000160208	RESOLVED	HPA	False
RRP36	ENSG00000124541	RESOLVED	HPA	False
RRS1	ENSG00000179041	RESOLVED	HPA	False
RS1	ENSG00000102104	RESOLVED	HPA	False
RSPH1	ENSG00000160188	RESOLVED	HPA	False
RSPH4A	ENSG00000111834	RESOLVED	HPA	False
RSPH9	ENSG00000172426	RESOLVED	HPA	False
RSPRY1	ENSG00000159579	RESOLVED	HPA	False
RSRC1	ENSG00000174891	RESOLVED	HPA	False
RTBDN	ENSG00000132026	RESOLVED	HPA	False
RTCB	ENSG00000100220	RESOLVED	HPA	False
RTN1	ENSG00000139970	RESOLVED	HPA	False
RTN2	ENSG00000125744	RESOLVED	HPA	False
RTN3	ENSG00000133318	RESOLVED	HPA	False
RTN4	ENSG00000115310	RESOLVED	HPA	False
RTP1	ENSG00000175077	RESOLVED	HPA	False
RTP2	ENSG00000198471	RESOLVED	HPA	False
RTTN	ENSG00000176225	RESOLVED	HPA	False
RUSC1	ENSG00000160753	RESOLVED	HPA	False
RUSC2	ENSG00000198853	RESOLVED	HPA	False
RUVBL1	ENSG00000175792	RESOLVED	HPA	False
RUVBL2	ENSG00000183207	RESOLVED	HPA	False
RXFP4	ENSG00000173080	RESOLVED	HPA	False
RXRG	ENSG00000143171	RESOLVED	HPA	False
RXYLT1	ENSG00000118600	RESOLVED	HPA	False
RYBP	ENSG00000163602	RESOLVED	HPA	False
RYR1	ENSG00000196218	RESOLVED	HPA	False
RYR2	ENSG00000198626	RESOLVED	HPA	False
S100A16	ENSG00000188643	RESOLVED	HPA	False
S100B	ENSG00000160307	RESOLVED	HPA	False
SAE1	ENSG00000142230	RESOLVED	HPA	False
SAG	ENSG00000130561	RESOLVED	HPA	True
SALL3	ENSG00000256463	RESOLVED	HPA	False
SAMD11	ENSG00000187634	RESOLVED	HPA	False
SAMD7	ENSG00000187033	RESOLVED	HPA	False
SAMM50	ENSG00000100347	RESOLVED	HPA	False
SAP18	ENSG00000150459	RESOLVED	HPA	False
SART1	ENSG00000175467	RESOLVED	HPA	False
SART3	ENSG00000075856	RESOLVED	HPA	False
SASS6	ENSG00000156876	RESOLVED	HPA	False
SATB1	ENSG00000182568	RESOLVED	HPA	False
SAXO1	ENSG00000155875	RESOLVED	HPA	False
SBDS	ENSG00000126524	RESOLVED	HPA	False
SC5D	ENSG00000109929	RESOLVED	HPA	False
SCAP	ENSG00000114650	RESOLVED	HPA	False
SCARA3	ENSG00000168077	RESOLVED	HPA	False
SCARB1	ENSG00000073060	RESOLVED	HPA	False
SCARB2	ENSG00000138760	RESOLVED	HPA	False
SCARF1	ENSG00000074660	RESOLVED	HPA	False
SCD	ENSG00000099194	RESOLVED	HPA	False
SCFD1	ENSG00000092108	RESOLVED	HPA	False
SCIN	ENSG00000006747	RESOLVED	HPA	False
SCLT1	ENSG00000151466	RESOLVED	HPA	True
SCMH1	ENSG00000010803	RESOLVED	HPA	False
SCN10A	ENSG00000185313	RESOLVED	HPA	False
SCN3B	ENSG00000166257	RESOLVED	HPA	False
SCN5A	ENSG00000183873	RESOLVED	HPA	False
SCNM1	ENSG00000163156	RESOLVED	HPA	False
SCO1	ENSG00000133028	RESOLVED	HPA	False
SCO2	ENSG00000284194	RESOLVED	HPA	False
SCOC	ENSG00000153130	RESOLVED	HPA	False
SCP2	ENSG00000116171	RESOLVED	HPA	False
SCRIB	ENSG00000180900	RESOLVED	HPA	False
SCT	ENSG00000070031	RESOLVED	HPA	False
SCTR	ENSG00000080293	RESOLVED	HPA	False
SDC1	ENSG00000115884	RESOLVED	HPA	False
SDCCAG8	ENSG00000054282	RESOLVED	HPA	False
SDE2	ENSG00000143751	RESOLVED	HPA	False
SDHA	ENSG00000073578	RESOLVED	HPA	False
SDHB	ENSG00000117118	RESOLVED	HPA	False
SDHC	ENSG00000143252	RESOLVED	HPA	False
SDHD	ENSG00000204370	RESOLVED	HPA	False
SDR16C5	ENSG00000170786	RESOLVED	HPA	False
SDR9C7	ENSG00000170426	RESOLVED	HPA	False
SDSL	ENSG00000139410	RESOLVED	HPA	False
SEC13	ENSG00000157020	RESOLVED	HPA	False
SEC22C	ENSG00000093183	RESOLVED	HPA	False
SEC24C	ENSG00000176986	RESOLVED	HPA	False
SEC61A1	ENSG00000058262	RESOLVED	HPA	False
SEC61A2	ENSG00000065665	RESOLVED	HPA	False
SEC61B	ENSG00000106803	RESOLVED	HPA	False
SEC62	ENSG00000008952	RESOLVED	HPA	False
SEC63	ENSG00000025796	RESOLVED	HPA	False
SEH1L	ENSG00000085415	RESOLVED	HPA	False
SELENON	ENSG00000162430	RESOLVED	HPA	False
SEMA3A	ENSG00000075213	RESOLVED	HPA	False
SEMA3B	ENSG00000012171	RESOLVED	HPA	False
SEMA3F	ENSG00000001617	RESOLVED	HPA	False
SEMA4A	ENSG00000196189	RESOLVED	HPA	False
SEMA4B	ENSG00000185033	RESOLVED	HPA	False
SEMA4C	ENSG00000168758	RESOLVED	HPA	False
SENP1	ENSG00000079387	RESOLVED	HPA	False
SENP3	ENSG00000161956	RESOLVED	HPA	False
SENP6	ENSG00000112701	RESOLVED	HPA	False
SENP7	ENSG00000138468	RESOLVED	HPA	False
SEPTIN2	ENSG00000168385	RESOLVED	HPA	False
SERBP1	ENSG00000142864	RESOLVED	HPA	False
SERINC1	ENSG00000111897	RESOLVED	HPA	False
SERPINA3	ENSG00000196136	RESOLVED	HPA	False
SERPINA6	ENSG00000170099	RESOLVED	HPA	False
SERPINF1	ENSG00000132386	RESOLVED	HPA	False
SERPINI2	ENSG00000114204	RESOLVED	HPA	False
SETD4	ENSG00000185917	RESOLVED	HPA	False
SETDB1	ENSG00000143379	RESOLVED	HPA	False
SETDB2	ENSG00000136169	RESOLVED	HPA	False
SETX	ENSG00000107290	RESOLVED	HPA	False
SF1	ENSG00000168066	RESOLVED	HPA	False
SF3A1	ENSG00000099995	RESOLVED	HPA	False
SF3A2	ENSG00000104897	RESOLVED	HPA	False
SF3A3	ENSG00000183431	RESOLVED	HPA	False
SF3B1	ENSG00000115524	RESOLVED	HPA	False
SF3B2	ENSG00000087365	RESOLVED	HPA	False
SF3B3	ENSG00000189091	RESOLVED	HPA	False
SF3B4	ENSG00000143368	RESOLVED	HPA	False
SF3B5	ENSG00000169976	RESOLVED	HPA	False
SF3B6	ENSG00000115128	RESOLVED	HPA	False
SFPQ	ENSG00000116560	RESOLVED	HPA	False
SFSWAP	ENSG00000061936	RESOLVED	HPA	False
SFTA3	ENSG00000229415	RESOLVED	GTEx	False
SGCA	ENSG00000108823	RESOLVED	HPA	False
SGCB	ENSG00000163069	RESOLVED	HPA	False
SGCD	ENSG00000170624	RESOLVED	HPA	False
SGCG	ENSG00000102683	RESOLVED	HPA	False
SGPP1	ENSG00000126821	RESOLVED	HPA	False
SGPP2	ENSG00000163082	RESOLVED	HPA	False
SGSH	ENSG00000181523	RESOLVED	HPA	False
SGTB	ENSG00000197860	RESOLVED	HPA	False
SH2B1	ENSG00000178188	RESOLVED	HPA	False
SH3BGR	ENSG00000185437	RESOLVED	HPA	False
SH3BGRL	ENSG00000131171	RESOLVED	HPA	False
SH3BP5L	ENSG00000175137	RESOLVED	HPA	False
SH3YL1	ENSG00000035115	RESOLVED	HPA	False
SHFL	ENSG00000130813	RESOLVED	HPA	False
SHH	ENSG00000164690	RESOLVED	HPA	False
SHLD2	ENSG00000122376	RESOLVED	HPA	False
SHLD3	ENSG00000253251	RESOLVED	HPA	False
SHMT1	ENSG00000176974	RESOLVED	HPA	False
SHMT2	ENSG00000182199	RESOLVED	HPA	False
SI	ENSG00000090402	RESOLVED	HPA	False
SIGLEC1	ENSG00000088827	RESOLVED	HPA	False
SIK2	ENSG00000170145	RESOLVED	HPA	False
SIN3A	ENSG00000169375	RESOLVED	HPA	False
SIN3B	ENSG00000127511	RESOLVED	HPA	False
SIPA1L2	ENSG00000116991	RESOLVED	HPA	False
SIRPA	ENSG00000198053	RESOLVED	HPA	False
SIRT1	ENSG00000096717	RESOLVED	HPA	False
SIX3	ENSG00000138083	RESOLVED	HPA	False
SIX6	ENSG00000184302	RESOLVED	HPA	False
SKIV2L	ENSG00000204351	RESOLVED	GTEx	False
SKP1	ENSG00000113558	RESOLVED	HPA	False
SLC11A2	ENSG00000110911	RESOLVED	HPA	False
SLC12A1	ENSG00000074803	RESOLVED	HPA	False
SLC12A2	ENSG00000064651	RESOLVED	HPA	False
SLC12A3	ENSG00000070915	RESOLVED	HPA	False
SLC16A3	ENSG00000141526	RESOLVED	HPA	False
SLC16A4	ENSG00000168679	RESOLVED	HPA	False
SLC16A8	ENSG00000100156	RESOLVED	HPA	False
SLC17A8	ENSG00000179520	RESOLVED	HPA	False
SLC19A2	ENSG00000117479	RESOLVED	HPA	False
SLC1A1	ENSG00000106688	RESOLVED	HPA	False
SLC1A2	ENSG00000110436	RESOLVED	HPA	False
SLC1A3	ENSG00000079215	RESOLVED	HPA	False
SLC1A5	ENSG00000105281	RESOLVED	HPA	False
SLC20A1	ENSG00000144136	RESOLVED	HPA	False
SLC20A2	ENSG00000168575	RESOLVED	HPA	False
SLC22A23	ENSG00000137266	RESOLVED	HPA	False
SLC24A1	ENSG00000074621	RESOLVED	HPA	True
SLC24A2	ENSG00000155886	RESOLVED	HPA	False
SLC25A10	ENSG00000183048	RESOLVED	HPA	False
SLC25A11	ENSG00000108528	RESOLVED	HPA	False
SLC25A12	ENSG00000115840	RESOLVED	HPA	False
SLC25A13	ENSG00000004864	RESOLVED	HPA	False
SLC25A18	ENSG00000182902	RESOLVED	HPA	False
SLC25A22	ENSG00000177542	RESOLVED	HPA	False
SLC25A28	ENSG00000155287	RESOLVED	HPA	False
SLC25A3	ENSG00000075415	RESOLVED	HPA	False
SLC25A37	ENSG00000147454	RESOLVED	HPA	False
SLC25A38	ENSG00000144659	RESOLVED	HPA	False
SLC25A4	ENSG00000151729	RESOLVED	HPA	False
SLC25A44	ENSG00000160785	RESOLVED	HPA	False
SLC25A5	ENSG00000005022	RESOLVED	HPA	False
SLC25A6	ENSG00000169100	RESOLVED	HPA	False
SLC26A1	ENSG00000145217	RESOLVED	HPA	False
SLC26A2	ENSG00000155850	RESOLVED	HPA	False
SLC26A3	ENSG00000091138	RESOLVED	HPA	False
SLC26A4	ENSG00000091137	RESOLVED	HPA	False
SLC26A5	ENSG00000170615	RESOLVED	HPA	False
SLC26A6	ENSG00000225697	RESOLVED	HPA	False
SLC26A9	ENSG00000174502	RESOLVED	HPA	False
SLC27A1	ENSG00000130304	RESOLVED	HPA	False
SLC27A2	ENSG00000140284	RESOLVED	HPA	False
SLC27A3	ENSG00000143554	RESOLVED	HPA	False
SLC27A4	ENSG00000167114	RESOLVED	HPA	False
SLC27A5	ENSG00000083807	RESOLVED	HPA	False
SLC27A6	ENSG00000113396	RESOLVED	HPA	False
SLC2A1	ENSG00000117394	RESOLVED	HPA	False
SLC2A2	ENSG00000163581	RESOLVED	HPA	False
SLC2A3	ENSG00000059804	RESOLVED	HPA	False
SLC2A4	ENSG00000181856	RESOLVED	HPA	False
SLC30A5	ENSG00000145740	RESOLVED	HPA	False
SLC30A6	ENSG00000152683	RESOLVED	HPA	False
SLC35B1	ENSG00000121073	RESOLVED	HPA	False
SLC35C1	ENSG00000181830	RESOLVED	HPA	False
SLC36A1	ENSG00000123643	RESOLVED	HPA	False
SLC37A3	ENSG00000157800	RESOLVED	HPA	True
SLC38A7	ENSG00000103042	RESOLVED	HPA	False
SLC38A9	ENSG00000177058	RESOLVED	HPA	False
SLC39A8	ENSG00000138821	RESOLVED	HPA	False
SLC3A1	ENSG00000138079	RESOLVED	HPA	False
SLC3A2	ENSG00000168003	RESOLVED	HPA	False
SLC40A1	ENSG00000138449	RESOLVED	HPA	False
SLC41A2	ENSG00000136052	RESOLVED	HPA	False
SLC44A2	ENSG00000129353	RESOLVED	HPA	False
SLC45A1	ENSG00000162426	RESOLVED	HPA	False
SLC45A2	ENSG00000164175	RESOLVED	HPA	False
SLC46A1	ENSG00000076351	RESOLVED	HPA	False
SLC48A1	ENSG00000211584	RESOLVED	HPA	False
SLC4A3	ENSG00000114923	RESOLVED	HPA	False
SLC4A4	ENSG00000080493	RESOLVED	HPA	False
SLC4A7	ENSG00000033867	RESOLVED	HPA	True
SLC4A8	ENSG00000050438	RESOLVED	HPA	False
SLC5A7	ENSG00000115665	RESOLVED	HPA	False
SLC5A8	ENSG00000256870	RESOLVED	HPA	False
SLC66A1	ENSG00000040487	RESOLVED	HPA	True
SLC6A1	ENSG00000157103	RESOLVED	HPA	False
SLC6A11	ENSG00000132164	RESOLVED	HPA	False
SLC6A13	ENSG00000010379	RESOLVED	HPA	False
SLC7A1	ENSG00000139514	RESOLVED	HPA	False
SLC7A10	ENSG00000130876	RESOLVED	HPA	False
SLC7A13	ENSG00000164893	RESOLVED	HPA	False
SLC7A14	ENSG00000013293	RESOLVED	HPA	True
SLC7A5	ENSG00000103257	RESOLVED	HPA	False
SLC7A6	ENSG00000103064	RESOLVED	HPA	False
SLC7A6OS	ENSG00000103061	RESOLVED	HPA	False
SLC7A7	ENSG00000155465	RESOLVED	HPA	False
SLC7A8	ENSG00000092068	RESOLVED	HPA	False
SLC7A9	ENSG00000021488	RESOLVED	HPA	False
SLC8A1	ENSG00000183023	RESOLVED	HPA	False
SLC9A1	ENSG00000090020	RESOLVED	HPA	False
SLC9A2	ENSG00000115616	RESOLVED	HPA	False
SLC9A3	ENSG00000066230	RESOLVED	HPA	False
SLC9A3R1	ENSG00000109062	RESOLVED	HPA	False
SLC9A4	ENSG00000180251	RESOLVED	HPA	False
SLC9A5	ENSG00000135740	RESOLVED	HPA	False
SLC9A6	ENSG00000198689	RESOLVED	HPA	False
SLC9A8	ENSG00000197818	RESOLVED	HPA	False
SLC9C1	ENSG00000172139	RESOLVED	HPA	False
SLCO6A1	ENSG00000205359	RESOLVED	HPA	False
SLTM	ENSG00000137776	RESOLVED	HPA	False
SLU7	ENSG00000164609	RESOLVED	HPA	False
SMAD4	ENSG00000141646	RESOLVED	HPA	False
SMAD5	ENSG00000113658	RESOLVED	HPA	False
SMAD6	ENSG00000137834	RESOLVED	HPA	False
SMARCAL1	ENSG00000138375	RESOLVED	HPA	False
SMARCC2	ENSG00000139613	RESOLVED	HPA	False
SMC1A	ENSG00000072501	RESOLVED	HPA	False
SMC3	ENSG00000108055	RESOLVED	HPA	False
SMCR8	ENSG00000176994	RESOLVED	HPA	False
SMG6	ENSG00000070366	RESOLVED	HPA	False
SMN1	ENSG00000172062	RESOLVED	HPA	False
SMNDC1	ENSG00000119953	RESOLVED	HPA	False
SMO	ENSG00000128602	RESOLVED	HPA	False
SMPD1	ENSG00000166311	RESOLVED	HPA	False
SMU1	ENSG00000122692	RESOLVED	HPA	False
SMURF1	ENSG00000198742	RESOLVED	HPA	False
SNAP23	ENSG00000092531	RESOLVED	HPA	False
SNAP25	ENSG00000132639	RESOLVED	HPA	False
SNAPC4	ENSG00000165684	RESOLVED	HPA	False
SNCA	ENSG00000145335	RESOLVED	HPA	False
SNCG	ENSG00000173267	RESOLVED	HPA	False
SND1	ENSG00000197157	RESOLVED	HPA	False
SNF8	ENSG00000159210	RESOLVED	HPA	False
SNIP1	ENSG00000163877	RESOLVED	HPA	False
SNRNP200	ENSG00000144028	RESOLVED	HPA	True
SNRNP27	ENSG00000124380	RESOLVED	HPA	False
SNRNP35	ENSG00000184209	RESOLVED	HPA	False
SNRNP40	ENSG00000060688	RESOLVED	HPA	False
SNRNP48	ENSG00000168566	RESOLVED	HPA	False
SNRNP70	ENSG00000104852	RESOLVED	HPA	False
SNRPA	ENSG00000077312	RESOLVED	HPA	False
SNRPA1	ENSG00000131876	RESOLVED	HPA	False
SNRPB	ENSG00000125835	RESOLVED	HPA	False
SNRPB2	ENSG00000125870	RESOLVED	HPA	False
SNRPC	ENSG00000124562	RESOLVED	HPA	False
SNRPD1	ENSG00000167088	RESOLVED	HPA	False
SNRPD2	ENSG00000125743	RESOLVED	HPA	False
SNRPD3	ENSG00000100028	RESOLVED	HPA	False
SNRPE	ENSG00000182004	RESOLVED	HPA	False
SNRPF	ENSG00000139343	RESOLVED	HPA	False
SNRPG	ENSG00000143977	RESOLVED	HPA	False
SNRPN	ENSG00000128739	RESOLVED	HPA	False
SNTG2	ENSG00000172554	RESOLVED	HPA	False
SNU13	ENSG00000100138	RESOLVED	HPA	False
SNW1	ENSG00000100603	RESOLVED	HPA	False
SNX1	ENSG00000028528	RESOLVED	HPA	False
SNX15	ENSG00000110025	RESOLVED	HPA	False
SNX27	ENSG00000143376	RESOLVED	HPA	False
SNX4	ENSG00000114520	RESOLVED	HPA	False
SOCS1	ENSG00000185338	RESOLVED	HPA	False
SOCS3	ENSG00000184557	RESOLVED	HPA	False
SOD1	ENSG00000142168	RESOLVED	HPA	False
SOD2	ENSG00000291237	RESOLVED	HPA	False
SOD2-2		UNMAPPED	NONE	False
SORBS1	ENSG00000095637	RESOLVED	HPA	False
SORD	ENSG00000140263	RESOLVED	HPA	False
SOS1	ENSG00000115904	RESOLVED	HPA	False
SOS2	ENSG00000100485	RESOLVED	HPA	False
SOWAHC	ENSG00000198142	RESOLVED	HPA	False
SOX2	ENSG00000181449	RESOLVED	HPA	False
SOX4	ENSG00000124766	RESOLVED	HPA	False
SOX7	ENSG00000171056	RESOLVED	HPA	False
SP1	ENSG00000185591	RESOLVED	HPA	False
SP100	ENSG00000067066	RESOLVED	HPA	False
SP4	ENSG00000105866	RESOLVED	HPA	False
SPACA4	ENSG00000177202	RESOLVED	HPA	False
SPACA6	ENSG00000182310	RESOLVED	HPA	False
SPACA9	ENSG00000165698	RESOLVED	HPA	False
SPAG1	ENSG00000104450	RESOLVED	HPA	False
SPAG5	ENSG00000076382	RESOLVED	HPA	False
SPAG6	ENSG00000077327	RESOLVED	HPA	False
SPAG8	ENSG00000137098	RESOLVED	HPA	False
SPAM1	ENSG00000106304	RESOLVED	HPA	False
SPATA17	ENSG00000162814	RESOLVED	HPA	False
SPATA20	ENSG00000006282	RESOLVED	HPA	False
SPATA3	ENSG00000173699	RESOLVED	HPA	False
SPATA4	ENSG00000150628	RESOLVED	HPA	False
SPATA46	ENSG00000171722	RESOLVED	HPA	False
SPATA6	ENSG00000132122	RESOLVED	HPA	False
SPATA7	ENSG00000042317	RESOLVED	HPA	True
SPEF2	ENSG00000152582	RESOLVED	HPA	False
SPICE1	ENSG00000163611	RESOLVED	HPA	False
SPIDR	ENSG00000164808	RESOLVED	HPA	False
SPIN1	ENSG00000106723	RESOLVED	HPA	False
SPIN2B	ENSG00000186787	RESOLVED	HPA	False
SPNS1	ENSG00000169682	RESOLVED	HPA	False
SPNS3	ENSG00000182557	RESOLVED	HPA	False
SPOP	ENSG00000121067	RESOLVED	HPA	False
SPOPL	ENSG00000144228	RESOLVED	HPA	False
SPRYD7	ENSG00000123178	RESOLVED	HPA	False
SPSB2	ENSG00000111671	RESOLVED	HPA	False
SPTA1	ENSG00000163554	RESOLVED	HPA	False
SPTAN1	ENSG00000197694	RESOLVED	HPA	False
SPTB	ENSG00000070182	RESOLVED	HPA	False
SPTLC1	ENSG00000090054	RESOLVED	HPA	False
SQLE	ENSG00000104549	RESOLVED	HPA	False
SQOR	ENSG00000137767	RESOLVED	HPA	False
SRC	ENSG00000197122	RESOLVED	HPA	False
SRD5A2	ENSG00000277893	RESOLVED	HPA	False
SRD5A3	ENSG00000128039	RESOLVED	HPA	False
SREBF1	ENSG00000072310	RESOLVED	HPA	False
SREBF2	ENSG00000198911	RESOLVED	HPA	False
SREK1	ENSG00000153914	RESOLVED	HPA	False
SRGAP2	ENSG00000266028	RESOLVED	HPA	False
SRGAP3	ENSG00000196220	RESOLVED	HPA	False
SRP19	ENSG00000153037	RESOLVED	HPA	False
SRP54	ENSG00000100883	RESOLVED	HPA	False
SRP68	ENSG00000167881	RESOLVED	HPA	False
SRP9	ENSG00000143742	RESOLVED	HPA	False
SRPK1	ENSG00000096063	RESOLVED	HPA	False
SRPK2	ENSG00000135250	RESOLVED	HPA	False
SRPRA	ENSG00000182934	RESOLVED	HPA	False
SRR	ENSG00000167720	RESOLVED	HPA	False
SRRM1	ENSG00000133226	RESOLVED	HPA	False
SRRM2	ENSG00000167978	RESOLVED	HPA	False
SRRM3	ENSG00000177679	RESOLVED	HPA	False
SRRT	ENSG00000087087	RESOLVED	HPA	False
SRSF1	ENSG00000136450	RESOLVED	HPA	False
SRSF10	ENSG00000188529	RESOLVED	HPA	False
SRSF11	ENSG00000116754	RESOLVED	HPA	False
SRSF2	ENSG00000161547	RESOLVED	HPA	False
SRSF3	ENSG00000112081	RESOLVED	HPA	False
SRSF4	ENSG00000116350	RESOLVED	HPA	False
SRSF5	ENSG00000100650	RESOLVED	HPA	False
SRSF6	ENSG00000124193	RESOLVED	HPA	False
SRSF7	ENSG00000115875	RESOLVED	HPA	False
SRSF9	ENSG00000111786	RESOLVED	HPA	False
SSH3	ENSG00000172830	RESOLVED	HPA	False
SSR4	ENSG00000180879	RESOLVED	HPA	False
SSRP1	ENSG00000149136	RESOLVED	HPA	False
SSTR2	ENSG00000180616	RESOLVED	HPA	False
SSTR3	ENSG00000278195	RESOLVED	HPA	False
SSTR5	ENSG00000162009	RESOLVED	HPA	False
SSX2IP	ENSG00000117155	RESOLVED	HPA	False
ST6GAL2	ENSG00000144057	RESOLVED	HPA	False
STAB1	ENSG00000010327	RESOLVED	HPA	False
STAB2	ENSG00000136011	RESOLVED	HPA	False
STAG2	ENSG00000101972	RESOLVED	HPA	False
STAM	ENSG00000136738	RESOLVED	HPA	False
STAM2	ENSG00000115145	RESOLVED	HPA	False
STARD3	ENSG00000131748	RESOLVED	HPA	False
STARD3NL	ENSG00000010270	RESOLVED	HPA	False
STARD7	ENSG00000084090	RESOLVED	HPA	False
STARD9	ENSG00000159433	RESOLVED	HPA	False
STAT1	ENSG00000115415	RESOLVED	HPA	False
STAT2	ENSG00000170581	RESOLVED	HPA	False
STAT3	ENSG00000168610	RESOLVED	HPA	False
STATH	ENSG00000126549	RESOLVED	HPA	False
STAU1	ENSG00000124214	RESOLVED	HPA	False
STBD1	ENSG00000118804	RESOLVED	HPA	False
STEAP3	ENSG00000115107	RESOLVED	HPA	False
STIL	ENSG00000123473	RESOLVED	HPA	False
STK11	ENSG00000118046	RESOLVED	HPA	False
STK38L	ENSG00000211455	RESOLVED	HPA	False
STOM	ENSG00000148175	RESOLVED	HPA	False
STOML2	ENSG00000165283	RESOLVED	HPA	False
STOML3	ENSG00000133115	RESOLVED	HPA	False
STRA6	ENSG00000137868	RESOLVED	HPA	False
STRC	ENSG00000242866	RESOLVED	HPA	False
STUB1	ENSG00000103266	RESOLVED	HPA	False
STX1A	ENSG00000106089	RESOLVED	HPA	False
STX3	ENSG00000166900	RESOLVED	HPA	False
STXBP4	ENSG00000166263	RESOLVED	HPA	False
SUCLA2	ENSG00000136143	RESOLVED	HPA	False
SUCLG1	ENSG00000163541	RESOLVED	HPA	False
SUCLG2	ENSG00000172340	RESOLVED	HPA	False
SUFU	ENSG00000107882	RESOLVED	HPA	False
SUGCT	ENSG00000175600	RESOLVED	HPA	False
SUGP1	ENSG00000105705	RESOLVED	HPA	False
SUGP2	ENSG00000064607	RESOLVED	HPA	False
SUMF1	ENSG00000144455	RESOLVED	HPA	False
SUMO1	ENSG00000116030	RESOLVED	HPA	False
SUMO2	ENSG00000188612	RESOLVED	HPA	False
SUMO4	ENSG00000177688	RESOLVED	HPA	False
SUPT16H	ENSG00000092201	RESOLVED	HPA	False
SUPT5H	ENSG00000196235	RESOLVED	HPA	False
SUPT6H	ENSG00000109111	RESOLVED	HPA	False
SV2A	ENSG00000159164	RESOLVED	HPA	False
SWI5	ENSG00000175854	RESOLVED	HPA	False
SYF2	ENSG00000117614	RESOLVED	HPA	False
SYNCRIP	ENSG00000135316	RESOLVED	HPA	False
SYNE1	ENSG00000131018	RESOLVED	HPA	False
SYNGR1	ENSG00000100321	RESOLVED	HPA	False
SYNJ1	ENSG00000159082	RESOLVED	HPA	False
SYNJ2	ENSG00000078269	RESOLVED	HPA	False
SYNRG	ENSG00000275066	RESOLVED	HPA	False
SYP	ENSG00000102003	RESOLVED	HPA	False
SYS1	ENSG00000204070	RESOLVED	HPA	False
TAAR1	ENSG00000146399	RESOLVED	HPA	False
TAAR5	ENSG00000135569	RESOLVED	HPA	False
TAC1	ENSG00000006128	RESOLVED	HPA	False
TACC1	ENSG00000147526	RESOLVED	HPA	False
TACC3	ENSG00000013810	RESOLVED	HPA	False
TAF1	ENSG00000147133	RESOLVED	HPA	False
TAF4	ENSG00000130699	RESOLVED	HPA	False
TAF4B	ENSG00000141384	RESOLVED	HPA	False
TAF6	ENSG00000106290	RESOLVED	HPA	False
TAF7	ENSG00000178913	RESOLVED	HPA	False
TAF9	ENSG00000273841	RESOLVED	HPA	False
TALDO1	ENSG00000177156	RESOLVED	HPA	False
TAPBP	ENSG00000231925	RESOLVED	HPA	False
TARDBP	ENSG00000120948	RESOLVED	HPA	False
TAS2R1	ENSG00000169777	RESOLVED	HPA	False
TAS2R16	ENSG00000128519	RESOLVED	HPA	False
TAS2R38	ENSG00000257138	RESOLVED	HPA	False
TAS2R4	ENSG00000127364	RESOLVED	HPA	False
TAT	ENSG00000198650	RESOLVED	HPA	False
TAZ	ENSG00000102125	RESOLVED	GTEx	False
TBC1D31	ENSG00000156787	RESOLVED	HPA	False
TBC1D32	ENSG00000146350	RESOLVED	HPA	True
TBCC	ENSG00000124659	RESOLVED	HPA	False
TBCD	ENSG00000141556	RESOLVED	HPA	False
TBCK	ENSG00000145348	RESOLVED	HPA	False
TBK1	ENSG00000183735	RESOLVED	HPA	False
TBL1X	ENSG00000101849	RESOLVED	HPA	False
TBL1XR1	ENSG00000177565	RESOLVED	HPA	False
TBL1Y	ENSG00000092377	RESOLVED	HPA	False
TBL2	ENSG00000106638	RESOLVED	HPA	False
TBP	ENSG00000112592	RESOLVED	HPA	False
TBX6	ENSG00000149922	RESOLVED	HPA	False
TBXA2R	ENSG00000006638	RESOLVED	HPA	False
TCAP	ENSG00000173991	RESOLVED	HPA	False
TCEA1	ENSG00000187735	RESOLVED	HPA	False
TCEA2	ENSG00000171703	RESOLVED	HPA	False
TCEA3	ENSG00000204219	RESOLVED	HPA	False
TCERG1	ENSG00000113649	RESOLVED	HPA	False
TCERG1L	ENSG00000176769	RESOLVED	HPA	False
TCF15	ENSG00000125878	RESOLVED	HPA	False
TCOF1	ENSG00000070814	RESOLVED	HPA	False
TCP1	ENSG00000120438	RESOLVED	HPA	False
TCTE3	ENSG00000184786	RESOLVED	GTEx	False
TCTEX1D1	ENSG00000152760	RESOLVED	GTEx	False
TCTEX1D2	ENSG00000213123	RESOLVED	GTEx	False
TCTEX1D4	ENSG00000188396	RESOLVED	GTEx	False
TCTN1	ENSG00000204852	RESOLVED	HPA	False
TCTN2	ENSG00000168778	RESOLVED	HPA	False
TCTN3	ENSG00000119977	RESOLVED	HPA	False
TDG	ENSG00000139372	RESOLVED	HPA	False
TDRD9	ENSG00000156414	RESOLVED	HPA	False
TECTB	ENSG00000119913	RESOLVED	HPA	False
TEKT1	ENSG00000167858	RESOLVED	HPA	False
TEKT2	ENSG00000092850	RESOLVED	HPA	False
TEKT3	ENSG00000125409	RESOLVED	HPA	False
TEKT4	ENSG00000163060	RESOLVED	HPA	False
TELO2	ENSG00000100726	RESOLVED	HPA	False
TENT4A	ENSG00000112941	RESOLVED	HPA	False
TERT	ENSG00000164362	RESOLVED	HPA	False
TEX10	ENSG00000136891	RESOLVED	HPA	False
TEX29	ENSG00000153495	RESOLVED	HPA	False
TFAP2A	ENSG00000137203	RESOLVED	HPA	False
TFAP4	ENSG00000090447	RESOLVED	HPA	False
TFEB	ENSG00000112561	RESOLVED	HPA	False
TFIP11	ENSG00000100109	RESOLVED	HPA	False
TFPI2	ENSG00000105825	RESOLVED	HPA	False
TFPT	ENSG00000105619	RESOLVED	HPA	False
TFR2	ENSG00000106327	RESOLVED	HPA	False
TFRC	ENSG00000072274	RESOLVED	HPA	False
TGFB1	ENSG00000105329	RESOLVED	HPA	False
TGFBR1	ENSG00000106799	RESOLVED	HPA	False
TGFBR2	ENSG00000163513	RESOLVED	HPA	False
TGFBR3	ENSG00000069702	RESOLVED	HPA	False
TGM5	ENSG00000104055	RESOLVED	HPA	False
TGM7	ENSG00000159495	RESOLVED	HPA	False
TH	ENSG00000180176	RESOLVED	HPA	False
THBS1	ENSG00000137801	RESOLVED	HPA	False
THEM6	ENSG00000130193	RESOLVED	HPA	False
THNSL1	ENSG00000185875	RESOLVED	HPA	False
THNSL2	ENSG00000144115	RESOLVED	HPA	False
THOC1	ENSG00000079134	RESOLVED	HPA	False
THOC2	ENSG00000125676	RESOLVED	HPA	False
THRAP3	ENSG00000054118	RESOLVED	HPA	False
THRB	ENSG00000151090	RESOLVED	HPA	False
THRSP	ENSG00000151365	RESOLVED	HPA	False
THUMPD2	ENSG00000138050	RESOLVED	HPA	False
THYN1	ENSG00000151500	RESOLVED	HPA	False
TIA1	ENSG00000116001	RESOLVED	HPA	False
TIGAR	ENSG00000078237	RESOLVED	HPA	False
TIMD4	ENSG00000145850	RESOLVED	HPA	False
TIMM10	ENSG00000134809	RESOLVED	HPA	False
TIMM13	ENSG00000099800	RESOLVED	HPA	False
TIMM17A	ENSG00000134375	RESOLVED	HPA	False
TIMM17B	ENSG00000126768	RESOLVED	HPA	False
TIMM21	ENSG00000075336	RESOLVED	HPA	False
TIMM22	ENSG00000177370	RESOLVED	HPA	False
TIMM23	ENSG00000265354	RESOLVED	HPA	False
TIMM44	ENSG00000104980	RESOLVED	HPA	False
TIMM50	ENSG00000105197	RESOLVED	HPA	False
TIMM8A	ENSG00000126953	RESOLVED	HPA	False
TIMM8B	ENSG00000150779	RESOLVED	HPA	False
TIMM9	ENSG00000100575	RESOLVED	HPA	False
TIMP2	ENSG00000035862	RESOLVED	HPA	False
TIMP3	ENSG00000100234	RESOLVED	HPA	False
TIRAP	ENSG00000150455	RESOLVED	HPA	False
TJAP1	ENSG00000137221	RESOLVED	HPA	False
TJP1	ENSG00000104067	RESOLVED	HPA	False
TK1	ENSG00000167900	RESOLVED	HPA	False
TKFC	ENSG00000149476	RESOLVED	HPA	False
TKT	ENSG00000163931	RESOLVED	HPA	False
TKTL1	ENSG00000007350	RESOLVED	HPA	False
TKTL2	ENSG00000151005	RESOLVED	HPA	False
TLR2	ENSG00000137462	RESOLVED	HPA	False
TLR4	ENSG00000136869	RESOLVED	HPA	False
TM4SF1	ENSG00000169908	RESOLVED	HPA	False
TM4SF19	ENSG00000145107	RESOLVED	HPA	False
TM4SF5	ENSG00000142484	RESOLVED	HPA	False
TM7SF2	ENSG00000149809	RESOLVED	HPA	False
TMC1	ENSG00000165091	RESOLVED	HPA	False
TMEM107	ENSG00000179029	RESOLVED	HPA	False
TMEM119	ENSG00000183160	RESOLVED	HPA	False
TMEM129	ENSG00000168936	RESOLVED	HPA	False
TMEM138	ENSG00000149483	RESOLVED	HPA	False
TMEM17	ENSG00000186889	RESOLVED	HPA	False
TMEM170A	ENSG00000166822	RESOLVED	HPA	False
TMEM19	ENSG00000139291	RESOLVED	HPA	False
TMEM204	ENSG00000131634	RESOLVED	HPA	False
TMEM208	ENSG00000168701	RESOLVED	HPA	False
TMEM214	ENSG00000119777	RESOLVED	HPA	False
TMEM216	ENSG00000187049	RESOLVED	HPA	True
TMEM218	ENSG00000150433	RESOLVED	HPA	False
TMEM231	ENSG00000205084	RESOLVED	HPA	False
TMEM236	ENSG00000148483	RESOLVED	HPA	False
TMEM237	ENSG00000155755	RESOLVED	HPA	False
TMEM254	ENSG00000133678	RESOLVED	HPA	False
TMEM260	ENSG00000070269	RESOLVED	HPA	False
TMEM38B	ENSG00000095209	RESOLVED	HPA	False
TMEM39B	ENSG00000121775	RESOLVED	HPA	False
TMEM59	ENSG00000116209	RESOLVED	HPA	False
TMEM67	ENSG00000164953	RESOLVED	HPA	False
TMEM80	ENSG00000177042	RESOLVED	HPA	False
TMEM82	ENSG00000162460	RESOLVED	HPA	False
TMEM87B	ENSG00000153214	RESOLVED	HPA	False
TMEM98	ENSG00000006042	RESOLVED	HPA	False
TMEM9B	ENSG00000175348	RESOLVED	HPA	False
TMIGD2	ENSG00000167664	RESOLVED	HPA	False
TMPO	ENSG00000120802	RESOLVED	HPA	False
TMPRSS3	ENSG00000160183	RESOLVED	HPA	False
TMPRSS4	ENSG00000137648	RESOLVED	HPA	False
TMTC1	ENSG00000133687	RESOLVED	HPA	False
TNF	ENSG00000232810	RESOLVED	HPA	False
TNFAIP1	ENSG00000109079	RESOLVED	HPA	False
TNFRSF10A	ENSG00000104689	RESOLVED	HPA	False
TNFRSF10B	ENSG00000120889	RESOLVED	HPA	False
TNFRSF1A	ENSG00000067182	RESOLVED	HPA	False
TNFSF13B	ENSG00000102524	RESOLVED	HPA	False
TNK2	ENSG00000061938	RESOLVED	HPA	False
TNKS2	ENSG00000107854	RESOLVED	HPA	False
TNPO1	ENSG00000083312	RESOLVED	HPA	False
TOMM20	ENSG00000173726	RESOLVED	HPA	False
TOMM22	ENSG00000100216	RESOLVED	HPA	False
TOMM40	ENSG00000130204	RESOLVED	HPA	False
TOMM5	ENSG00000175768	RESOLVED	HPA	False
TOMM6	ENSG00000214736	RESOLVED	HPA	False
TOMM7	ENSG00000196683	RESOLVED	HPA	False
TOMM70	ENSG00000154174	RESOLVED	HPA	False
TOP1	ENSG00000198900	RESOLVED	HPA	False
TOP1MT	ENSG00000184428	RESOLVED	HPA	False
TOP3B	ENSG00000100038	RESOLVED	HPA	False
TOPORS	ENSG00000197579	RESOLVED	HPA	True
TOR1AIP1	ENSG00000143337	RESOLVED	HPA	False
TOX3	ENSG00000103460	RESOLVED	HPA	False
TP53	ENSG00000141510	RESOLVED	HPA	False
TP53BP1	ENSG00000067369	RESOLVED	HPA	False
TP53I13	ENSG00000167543	RESOLVED	HPA	False
TPI1	ENSG00000111669	RESOLVED	HPA	False
TPM1	ENSG00000140416	RESOLVED	HPA	False
TPM3	ENSG00000143549	RESOLVED	HPA	False
TPMT	ENSG00000137364	RESOLVED	HPA	False
TPP1	ENSG00000166340	RESOLVED	HPA	False
TPR	ENSG00000047410	RESOLVED	HPA	False
TPRA1	ENSG00000163870	RESOLVED	HPA	False
TPRX1	ENSG00000178928	RESOLVED	HPA	False
TRA2A	ENSG00000164548	RESOLVED	HPA	False
TRA2B	ENSG00000136527	RESOLVED	HPA	False
TRABD	ENSG00000170638	RESOLVED	HPA	False
TRAF3	ENSG00000131323	RESOLVED	HPA	False
TRAF3IP1	ENSG00000204104	RESOLVED	HPA	False
TRAK1	ENSG00000182606	RESOLVED	HPA	False
TRAP1	ENSG00000126602	RESOLVED	HPA	False
TRAPPC11	ENSG00000168538	RESOLVED	HPA	False
TRAPPC2	ENSG00000196459	RESOLVED	HPA	False
TRAPPC6B	ENSG00000182400	RESOLVED	HPA	False
TREH	ENSG00000118094	RESOLVED	HPA	False
TREM2	ENSG00000095970	RESOLVED	HPA	False
TRHR	ENSG00000174417	RESOLVED	HPA	False
TRIB1	ENSG00000173334	RESOLVED	HPA	False
TRIM23	ENSG00000113595	RESOLVED	HPA	False
TRIM24	ENSG00000122779	RESOLVED	HPA	False
TRIM26	ENSG00000234127	RESOLVED	HPA	False
TRIM27	ENSG00000204713	RESOLVED	HPA	False
TRIM28	ENSG00000130726	RESOLVED	HPA	False
TRIM32	ENSG00000119401	RESOLVED	HPA	False
TRIM56	ENSG00000169871	RESOLVED	HPA	False
TRIM66	ENSG00000166436	RESOLVED	HPA	False
TRIOBP	ENSG00000100106	RESOLVED	HPA	False
TRIP10	ENSG00000125733	RESOLVED	HPA	False
TRIP12	ENSG00000153827	RESOLVED	HPA	False
TRIP13	ENSG00000071539	RESOLVED	HPA	False
TRIP4	ENSG00000103671	RESOLVED	HPA	False
TRIT1	ENSG00000043514	RESOLVED	HPA	False
TRMT6	ENSG00000089195	RESOLVED	HPA	False
TRNAU1AP	ENSG00000180098	RESOLVED	HPA	False
TRNT1	ENSG00000072756	RESOLVED	HPA	False
TRPA1	ENSG00000104321	RESOLVED	HPA	False
TRPC6	ENSG00000137672	RESOLVED	HPA	False
TRPM1	ENSG00000134160	RESOLVED	HPA	False
TRPV1	ENSG00000196689	RESOLVED	HPA	False
TRRAP	ENSG00000196367	RESOLVED	HPA	False
TSC1	ENSG00000165699	RESOLVED	HPA	False
TSC22D3	ENSG00000157514	RESOLVED	HPA	False
TSFM	ENSG00000123297	RESOLVED	HPA	False
TSG101	ENSG00000074319	RESOLVED	HPA	False
TSPAN1	ENSG00000117472	RESOLVED	HPA	False
TSPAN12	ENSG00000106025	RESOLVED	HPA	False
TSPEAR	ENSG00000175894	RESOLVED	HPA	False
TSPY10	ENSG00000236424	RESOLVED	HPA	False
TSSC4	ENSG00000184281	RESOLVED	HPA	False
TTBK2	ENSG00000128881	RESOLVED	HPA	False
TTC21A	ENSG00000168026	RESOLVED	HPA	False
TTC21B	ENSG00000123607	RESOLVED	HPA	False
TTC25	ENSG00000204815	RESOLVED	GTEx	False
TTC26	ENSG00000105948	RESOLVED	HPA	False
TTC27	ENSG00000018699	RESOLVED	HPA	False
TTC29	ENSG00000137473	RESOLVED	HPA	False
TTC30A	ENSG00000197557	RESOLVED	HPA	False
TTC30B	ENSG00000196659	RESOLVED	HPA	False
TTC5	ENSG00000136319	RESOLVED	HPA	False
TTC8	ENSG00000165533	RESOLVED	HPA	True
TTK	ENSG00000112742	RESOLVED	HPA	False
TTL	ENSG00000114999	RESOLVED	HPA	False
TTLL1	ENSG00000100271	RESOLVED	HPA	False
TTLL10	ENSG00000162571	RESOLVED	HPA	False
TTLL11	ENSG00000175764	RESOLVED	HPA	False
TTLL4	ENSG00000135912	RESOLVED	HPA	False
TTLL5	ENSG00000119685	RESOLVED	HPA	False
TTLL6	ENSG00000170703	RESOLVED	HPA	False
TTLL7	ENSG00000137941	RESOLVED	HPA	False
TTN	ENSG00000155657	RESOLVED	HPA	False
TTR	ENSG00000118271	RESOLVED	HPA	False
TUB	ENSG00000166402	RESOLVED	HPA	False
TUBA1A	ENSG00000167552	RESOLVED	HPA	False
TUBA1B	ENSG00000123416	RESOLVED	HPA	False
TUBA1C	ENSG00000167553	RESOLVED	HPA	False
TUBA3D	ENSG00000075886	RESOLVED	HPA	False
TUBA3E	ENSG00000152086	RESOLVED	HPA	False
TUBA4A	ENSG00000127824	RESOLVED	HPA	False
TUBA8	ENSG00000183785	RESOLVED	HPA	False
TUBAL3	ENSG00000178462	RESOLVED	HPA	False
TUBB	ENSG00000196230	RESOLVED	HPA	False
TUBB1	ENSG00000101162	RESOLVED	HPA	False
TUBB2A	ENSG00000137267	RESOLVED	HPA	False
TUBB2B	ENSG00000137285	RESOLVED	HPA	False
TUBB3	ENSG00000258947	RESOLVED	HPA	False
TUBB4A	ENSG00000104833	RESOLVED	HPA	False
TUBB4B	ENSG00000188229	RESOLVED	HPA	False
TUBB6	ENSG00000176014	RESOLVED	HPA	False
TUBB8	ENSG00000261456	RESOLVED	HPA	False
TUBE1	ENSG00000074935	RESOLVED	HPA	False
TUBG1	ENSG00000131462	RESOLVED	HPA	False
TUBG2	ENSG00000037042	RESOLVED	HPA	False
TUBGCP2	ENSG00000130640	RESOLVED	HPA	False
TUBGCP3	ENSG00000126216	RESOLVED	HPA	False
TUBGCP4	ENSG00000137822	RESOLVED	HPA	False
TUBGCP5	ENSG00000275835	RESOLVED	HPA	False
TUBGCP6	ENSG00000128159	RESOLVED	HPA	False
TUFM	ENSG00000178952	RESOLVED	HPA	False
TULP1	ENSG00000112041	RESOLVED	HPA	True
TULP2	ENSG00000104804	RESOLVED	HPA	False
TULP3	ENSG00000078246	RESOLVED	HPA	False
TULP4	ENSG00000130338	RESOLVED	HPA	False
TUT1	ENSG00000149016	RESOLVED	HPA	False
TVP23C	ENSG00000175106	RESOLVED	HPA	False
TVP23C-CDRT4	ENSG00000259024	RESOLVED	HPA	False
TXLNB	ENSG00000164440	RESOLVED	HPA	False
TXN	ENSG00000136810	RESOLVED	HPA	False
TXNIP	ENSG00000265972	RESOLVED	HPA	False
TXNL4A	ENSG00000141759	RESOLVED	HPA	False
TXNL4B	ENSG00000140830	RESOLVED	HPA	False
TXNRD1	ENSG00000198431	RESOLVED	HPA	False
TXNRD2	ENSG00000184470	RESOLVED	HPA	False
TXNRD3	ENSG00000197763	RESOLVED	HPA	False
TYMS	ENSG00000176890	RESOLVED	HPA	False
TYR	ENSG00000077498	RESOLVED	HPA	False
TYRO3	ENSG00000092445	RESOLVED	HPA	False
U2AF1	ENSG00000160201	RESOLVED	HPA	False
U2AF1L4	ENSG00000161265	RESOLVED	HPA	False
U2AF2	ENSG00000063244	RESOLVED	HPA	False
U2SURP	ENSG00000163714	RESOLVED	HPA	False
UACA	ENSG00000137831	RESOLVED	HPA	False
UBA1	ENSG00000130985	RESOLVED	HPA	False
UBA2	ENSG00000126261	RESOLVED	HPA	False
UBA52	ENSG00000221983	RESOLVED	HPA	False
UBA6	ENSG00000033178	RESOLVED	HPA	False
UBAC1	ENSG00000130560	RESOLVED	HPA	False
UBAP1	ENSG00000165006	RESOLVED	HPA	False
UBAP1L	ENSG00000246922	RESOLVED	HPA	True
UBB	ENSG00000170315	RESOLVED	HPA	False
UBC	ENSG00000150991	RESOLVED	HPA	False
UBD	ENSG00000213886	RESOLVED	HPA	False
UBE2C	ENSG00000175063	RESOLVED	HPA	False
UBE2D1	ENSG00000072401	RESOLVED	HPA	False
UBE2D2	ENSG00000131508	RESOLVED	HPA	False
UBE2D3	ENSG00000109332	RESOLVED	HPA	False
UBE2E1	ENSG00000170142	RESOLVED	HPA	False
UBE2E3	ENSG00000170035	RESOLVED	HPA	False
UBE2I	ENSG00000103275	RESOLVED	HPA	False
UBE2S	ENSG00000108106	RESOLVED	HPA	False
UBIAD1	ENSG00000120942	RESOLVED	HPA	False
UBL5	ENSG00000198258	RESOLVED	HPA	False
UBQLN2	ENSG00000188021	RESOLVED	HPA	False
UBR4	ENSG00000127481	RESOLVED	HPA	False
UBR5	ENSG00000104517	RESOLVED	HPA	False
UBXN7	ENSG00000163960	RESOLVED	HPA	False
UEVLD	ENSG00000151116	RESOLVED	HPA	False
UFD1	ENSG00000070010	RESOLVED	HPA	False
UGP2	ENSG00000169764	RESOLVED	HPA	False
UHMK1	ENSG00000152332	RESOLVED	HPA	False
UHRF1BP1	ENSG00000065060	RESOLVED	GTEx	False
ULK4	ENSG00000168038	RESOLVED	HPA	False
UMPS	ENSG00000114491	RESOLVED	HPA	False
UNC119	ENSG00000109103	RESOLVED	HPA	False
UNC119B	ENSG00000175970	RESOLVED	HPA	False
UNC13A	ENSG00000130477	RESOLVED	HPA	False
UNC5D	ENSG00000156687	RESOLVED	HPA	False
UNC93A	ENSG00000112494	RESOLVED	HPA	False
UPF1	ENSG00000005007	RESOLVED	HPA	False
UPF3B	ENSG00000125351	RESOLVED	HPA	False
UPRT	ENSG00000094841	RESOLVED	HPA	False
UQCC1	ENSG00000101019	RESOLVED	HPA	False
UQCR10	ENSG00000184076	RESOLVED	HPA	False
UQCRC1	ENSG00000010256	RESOLVED	HPA	False
UQCRC2	ENSG00000140740	RESOLVED	HPA	False
UQCRFS1	ENSG00000169021	RESOLVED	HPA	False
UQCRQ	ENSG00000164405	RESOLVED	HPA	False
URI1	ENSG00000105176	RESOLVED	HPA	False
UROD	ENSG00000126088	RESOLVED	HPA	False
UROS	ENSG00000188690	RESOLVED	HPA	False
USF1	ENSG00000158773	RESOLVED	HPA	False
USH1C	ENSG00000006611	RESOLVED	HPA	False
USH1G	ENSG00000182040	RESOLVED	HPA	False
USH2A	ENSG00000042781	RESOLVED	HPA	True
USP10	ENSG00000103194	RESOLVED	HPA	False
USP14	ENSG00000101557	RESOLVED	HPA	False
USP15	ENSG00000135655	RESOLVED	HPA	False
USP16	ENSG00000156256	RESOLVED	HPA	False
USP39	ENSG00000168883	RESOLVED	HPA	False
USP4	ENSG00000114316	RESOLVED	HPA	False
USP45	ENSG00000123552	RESOLVED	HPA	False
USP49	ENSG00000164663	RESOLVED	HPA	False
USP5	ENSG00000111667	RESOLVED	HPA	False
USP7	ENSG00000187555	RESOLVED	HPA	False
USP9X	ENSG00000124486	RESOLVED	HPA	False
UTP14A	ENSG00000156697	RESOLVED	HPA	False
UTP14C	ENSG00000253797	RESOLVED	HPA	False
UTP25	ENSG00000117597	RESOLVED	HPA	False
UTP6	ENSG00000108651	RESOLVED	HPA	False
UTRN	ENSG00000152818	RESOLVED	HPA	False
VAMP3	ENSG00000049245	RESOLVED	HPA	False
VANGL1	ENSG00000173218	RESOLVED	HPA	False
VANGL2	ENSG00000162738	RESOLVED	HPA	False
VAPB	ENSG00000124164	RESOLVED	HPA	False
VARS1	ENSG00000204394	RESOLVED	HPA	False
VASP	ENSG00000125753	RESOLVED	HPA	False
VCP	ENSG00000165280	RESOLVED	HPA	False
VDAC1	ENSG00000213585	RESOLVED	HPA	False
VDAC2	ENSG00000165637	RESOLVED	HPA	False
VDAC3	ENSG00000078668	RESOLVED	HPA	False
VEZT	ENSG00000028203	RESOLVED	HPA	False
VIRMA	ENSG00000164944	RESOLVED	HPA	False
VPS13B	ENSG00000132549	RESOLVED	HPA	False
VPS16	ENSG00000215305	RESOLVED	HPA	False
VPS25	ENSG00000131475	RESOLVED	HPA	False
VPS26A	ENSG00000122958	RESOLVED	HPA	False
VPS28	ENSG00000160948	RESOLVED	HPA	False
VPS29	ENSG00000111237	RESOLVED	HPA	False
VPS35	ENSG00000069329	RESOLVED	HPA	False
VPS36	ENSG00000136100	RESOLVED	HPA	False
VPS37A	ENSG00000155975	RESOLVED	HPA	False
VPS37B	ENSG00000139722	RESOLVED	HPA	False
VPS37C	ENSG00000167987	RESOLVED	HPA	False
VPS37D	ENSG00000176428	RESOLVED	HPA	False
VPS39	ENSG00000166887	RESOLVED	HPA	False
VSIG10L	ENSG00000186806	RESOLVED	HPA	False
VSNL1	ENSG00000163032	RESOLVED	HPA	False
VSX1	ENSG00000100987	RESOLVED	HPA	False
VSX2	ENSG00000119614	RESOLVED	HPA	False
VTN	ENSG00000109072	RESOLVED	HPA	False
VWA3A	ENSG00000175267	RESOLVED	HPA	False
VWA3B	ENSG00000168658	RESOLVED	HPA	False
VWA7	ENSG00000204396	RESOLVED	HPA	False
VWC2	ENSG00000188730	RESOLVED	HPA	False
VWF	ENSG00000110799	RESOLVED	HPA	False
WARS1	ENSG00000140105	RESOLVED	HPA	False
WAS	ENSG00000015285	RESOLVED	HPA	False
WASL	ENSG00000106299	RESOLVED	HPA	False
WBP11	ENSG00000084463	RESOLVED	HPA	False
WBP4	ENSG00000120688	RESOLVED	HPA	False
WDPCP	ENSG00000143951	RESOLVED	HPA	False
WDR11	ENSG00000120008	RESOLVED	HPA	False
WDR12	ENSG00000138442	RESOLVED	HPA	False
WDR17	ENSG00000150627	RESOLVED	HPA	False
WDR19	ENSG00000157796	RESOLVED	HPA	False
WDR20	ENSG00000140153	RESOLVED	HPA	False
WDR24	ENSG00000127580	RESOLVED	HPA	False
WDR25	ENSG00000176473	RESOLVED	HPA	False
WDR33	ENSG00000136709	RESOLVED	HPA	False
WDR34	ENSG00000119333	RESOLVED	GTEx	False
WDR35	ENSG00000118965	RESOLVED	HPA	False
WDR36	ENSG00000134987	RESOLVED	HPA	False
WDR37	ENSG00000047056	RESOLVED	HPA	False
WDR41	ENSG00000164253	RESOLVED	HPA	False
WDR47	ENSG00000085433	RESOLVED	HPA	False
WDR48	ENSG00000114742	RESOLVED	HPA	False
WDR5	ENSG00000196363	RESOLVED	HPA	False
WDR53	ENSG00000185798	RESOLVED	HPA	False
WDR60	ENSG00000126870	RESOLVED	GTEx	False
WDR63	ENSG00000162643	RESOLVED	GTEx	False
WDR70	ENSG00000082068	RESOLVED	HPA	False
WDR73	ENSG00000177082	RESOLVED	HPA	False
WDR78	ENSG00000152763	RESOLVED	GTEx	False
WDR83	ENSG00000123154	RESOLVED	HPA	False
WDR90	ENSG00000161996	RESOLVED	HPA	False
WDR92	ENSG00000243667	RESOLVED	GTEx	False
WDR97	ENSG00000179698	RESOLVED	HPA	False
WFDC5	ENSG00000175121	RESOLVED	HPA	False
WFS1	ENSG00000109501	RESOLVED	HPA	False
WHRN	ENSG00000095397	RESOLVED	HPA	False
WIPF2	ENSG00000171475	RESOLVED	HPA	False
WNT11	ENSG00000085741	RESOLVED	HPA	False
WNT5A	ENSG00000114251	RESOLVED	HPA	False
WNT5B	ENSG00000111186	RESOLVED	HPA	False
WRAP73	ENSG00000116213	RESOLVED	HPA	False
WT1	ENSG00000184937	RESOLVED	HPA	False
WTIP	ENSG00000142279	RESOLVED	HPA	False
WWOX	ENSG00000186153	RESOLVED	HPA	False
WWP2	ENSG00000198373	RESOLVED	HPA	False
XAB2	ENSG00000076924	RESOLVED	HPA	False
XBP1	ENSG00000100219	RESOLVED	HPA	False
XIRP2	ENSG00000163092	RESOLVED	HPA	False
XPO1	ENSG00000082898	RESOLVED	HPA	False
XRCC5	ENSG00000079246	RESOLVED	HPA	False
XRCC6	ENSG00000196419	RESOLVED	HPA	False
XRN2	ENSG00000088930	RESOLVED	HPA	False
XYLB	ENSG00000093217	RESOLVED	HPA	False
YAF2	ENSG00000015153	RESOLVED	HPA	False
YARS1	ENSG00000134684	RESOLVED	HPA	False
YBX1	ENSG00000065978	RESOLVED	HPA	False
YEATS4	ENSG00000127337	RESOLVED	HPA	False
YIF1A	ENSG00000174851	RESOLVED	HPA	False
YIPF1	ENSG00000058799	RESOLVED	HPA	False
YIPF5	ENSG00000145817	RESOLVED	HPA	False
YJU2	ENSG00000105248	RESOLVED	HPA	False
YTHDC1	ENSG00000083896	RESOLVED	HPA	False
YTHDC2	ENSG00000047188	RESOLVED	HPA	False
YWHAB	ENSG00000166913	RESOLVED	HPA	False
YWHAE	ENSG00000108953	RESOLVED	HPA	False
YWHAG	ENSG00000170027	RESOLVED	HPA	False
YWHAH	ENSG00000128245	RESOLVED	HPA	False
YWHAQ	ENSG00000134308	RESOLVED	HPA	False
YWHAZ	ENSG00000164924	RESOLVED	HPA	False
ZAP70	ENSG00000115085	RESOLVED	HPA	False
ZBTB17	ENSG00000116809	RESOLVED	HPA	False
ZBTB46	ENSG00000130584	RESOLVED	HPA	False
ZBTB48	ENSG00000204859	RESOLVED	HPA	False
ZBTB5	ENSG00000168795	RESOLVED	HPA	False
ZBTB7A	ENSG00000178951	RESOLVED	HPA	False
ZBTB9	ENSG00000213588	RESOLVED	HPA	False
ZC2HC1C	ENSG00000119703	RESOLVED	HPA	False
ZC3H13	ENSG00000123200	RESOLVED	HPA	False
ZC3H18	ENSG00000158545	RESOLVED	HPA	False
ZC3H7B	ENSG00000100403	RESOLVED	HPA	False
ZC3HAV1	ENSG00000105939	RESOLVED	HPA	False
ZCCHC10	ENSG00000155329	RESOLVED	HPA	False
ZCCHC17	ENSG00000121766	RESOLVED	HPA	False
ZCWPW1	ENSG00000078487	RESOLVED	HPA	False
ZCWPW2	ENSG00000206559	RESOLVED	HPA	False
ZDBF2	ENSG00000204186	RESOLVED	HPA	False
ZDHHC2	ENSG00000104219	RESOLVED	HPA	False
ZFHX4	ENSG00000091656	RESOLVED	HPA	False
ZFPL1	ENSG00000162300	RESOLVED	HPA	False
ZGPAT	ENSG00000197114	RESOLVED	HPA	False
ZIC4	ENSG00000174963	RESOLVED	HPA	False
ZMAT2	ENSG00000146007	RESOLVED	HPA	False
ZMPSTE24	ENSG00000084073	RESOLVED	HPA	False
ZMYM3	ENSG00000147130	RESOLVED	HPA	False
ZMYND10	ENSG00000004838	RESOLVED	HPA	False
ZNF106	ENSG00000103994	RESOLVED	HPA	False
ZNF212	ENSG00000170260	RESOLVED	HPA	False
ZNF214	ENSG00000149050	RESOLVED	HPA	False
ZNF223	ENSG00000178386	RESOLVED	HPA	False
ZNF239	ENSG00000196793	RESOLVED	HPA	False
ZNF292	ENSG00000188994	RESOLVED	HPA	False
ZNF358	ENSG00000198816	RESOLVED	HPA	False
ZNF384	ENSG00000126746	RESOLVED	HPA	False
ZNF408	ENSG00000175213	RESOLVED	HPA	True
ZNF423	ENSG00000102935	RESOLVED	HPA	False
ZNF430	ENSG00000118620	RESOLVED	HPA	False
ZNF440	ENSG00000171295	RESOLVED	HPA	False
ZNF451	ENSG00000112200	RESOLVED	HPA	False
ZNF512	ENSG00000243943	RESOLVED	HPA	False
ZNF513	ENSG00000163795	RESOLVED	HPA	False
ZNF541	ENSG00000118156	RESOLVED	HPA	False
ZNF557	ENSG00000130544	RESOLVED	HPA	False
ZNF574	ENSG00000105732	RESOLVED	HPA	False
ZNF584	ENSG00000171574	RESOLVED	HPA	False
ZNF608	ENSG00000168916	RESOLVED	HPA	False
ZNF638	ENSG00000075292	RESOLVED	HPA	False
ZNF679	ENSG00000197123	RESOLVED	HPA	False
ZNF740	ENSG00000139651	RESOLVED	HPA	False
ZNF764	ENSG00000169951	RESOLVED	HPA	False
ZNF786	ENSG00000197362	RESOLVED	HPA	False
ZNF821	ENSG00000102984	RESOLVED	HPA	False
ZNF830	ENSG00000198783	RESOLVED	HPA	False
ZNF891	ENSG00000214029	RESOLVED	HPA	False
ZNHIT2	ENSG00000174276	RESOLVED	HPA	False
ZNHIT3	ENSG00000273611	RESOLVED	HPA	False
ZNHIT6	ENSG00000117174	RESOLVED	HPA	False
ZNRF2	ENSG00000180233	RESOLVED	HPA	False
ZPR1	ENSG00000109917	RESOLVED	HPA	False
ZRSR2	ENSG00000169249	RESOLVED	HPA	False
ZSCAN26	ENSG00000197062	RESOLVED	HPA	False
ZSWIM2	ENSG00000163012	RESOLVED	HPA	False
ZSWIM8	ENSG00000214655	RESOLVED	HPA	False
ZUP1	ENSG00000153975	RESOLVED	HPA	False
