Database,Pathway,Gene
KEGG_2026,SPLICEOSOME,TCERG1
KEGG_2026,SPLICEOSOME,EIF4A3
KEGG_2026,SPLICEOSOME,HNRNPU
KEGG_2026,SPLICEOSOME,CWC25
KEGG_2026,SPLICEOSOME,CASC3
KEGG_2026,SPLICEOSOME,EFTUD2
KEGG_2026,SPLICEOSOME,SNRPD2
KEGG_2026,SPLICEOSOME,RBMX2
KEGG_2026,SPLICEOSOME,SNIP1
KEGG_2026,SPLICEOSOME,SNRPD3
KEGG_2026,SPLICEOSOME,TXNL4A
KEGG_2026,SPLICEOSOME,ISY1-RAB43
KEGG_2026,SPLICEOSOME,AQR
KEGG_2026,SPLICEOSOME,THOC1
KEGG_2026,SPLICEOSOME,THOC2
KEGG_2026,SPLICEOSOME,WBP11
KEGG_2026,SPLICEOSOME,CRNKL1
KEGG_2026,SPLICEOSOME,CDC40
KEGG_2026,SPLICEOSOME,PRPF4
KEGG_2026,SPLICEOSOME,PRPF6
KEGG_2026,SPLICEOSOME,DDX39B
KEGG_2026,SPLICEOSOME,PRPF3
KEGG_2026,SPLICEOSOME,SRSF2
KEGG_2026,SPLICEOSOME,SNRPG
KEGG_2026,SPLICEOSOME,SRSF3
KEGG_2026,SPLICEOSOME,SNRNP27
KEGG_2026,SPLICEOSOME,PPIE
KEGG_2026,SPLICEOSOME,SRSF4
KEGG_2026,SPLICEOSOME,SNRPE
KEGG_2026,SPLICEOSOME,PPIH
KEGG_2026,SPLICEOSOME,SRSF5
KEGG_2026,SPLICEOSOME,SNRPF
KEGG_2026,SPLICEOSOME,SNRNP200
KEGG_2026,SPLICEOSOME,SNRPC
KEGG_2026,SPLICEOSOME,SRSF6
KEGG_2026,SPLICEOSOME,SRSF7
KEGG_2026,SPLICEOSOME,SNRPA
KEGG_2026,SPLICEOSOME,SNRPB
KEGG_2026,SPLICEOSOME,SRSF9
KEGG_2026,SPLICEOSOME,SF1
KEGG_2026,SPLICEOSOME,DDX5
KEGG_2026,SPLICEOSOME,DHX8
KEGG_2026,SPLICEOSOME,RBM8A
KEGG_2026,SPLICEOSOME,SNU13
KEGG_2026,SPLICEOSOME,PRPF8
KEGG_2026,SPLICEOSOME,ZMAT2
KEGG_2026,SPLICEOSOME,PCBP1
KEGG_2026,SPLICEOSOME,DHX38
KEGG_2026,SPLICEOSOME,HSPA8
KEGG_2026,SPLICEOSOME,PRPF38A
KEGG_2026,SPLICEOSOME,CCDC12
KEGG_2026,SPLICEOSOME,FUS
KEGG_2026,SPLICEOSOME,ALYREF
KEGG_2026,SPLICEOSOME,YJU2
KEGG_2026,SPLICEOSOME,CWC15
KEGG_2026,SPLICEOSOME,LSM5
KEGG_2026,SPLICEOSOME,MAGOHB
KEGG_2026,SPLICEOSOME,LSM4
KEGG_2026,SPLICEOSOME,LSM3
KEGG_2026,SPLICEOSOME,CHERP
KEGG_2026,SPLICEOSOME,LSM2
KEGG_2026,SPLICEOSOME,HNRNPM
KEGG_2026,SPLICEOSOME,LSM8
KEGG_2026,SPLICEOSOME,LSM7
KEGG_2026,SPLICEOSOME,SNW1
KEGG_2026,SPLICEOSOME,HNRNPK
KEGG_2026,SPLICEOSOME,LSM6
KEGG_2026,SPLICEOSOME,HNRNPC
KEGG_2026,SPLICEOSOME,RBM25
KEGG_2026,SPLICEOSOME,HNRNPCL1
KEGG_2026,SPLICEOSOME,DDX46
KEGG_2026,SPLICEOSOME,DDX42
KEGG_2026,SPLICEOSOME,PRPF19
KEGG_2026,SPLICEOSOME,USP39
KEGG_2026,SPLICEOSOME,PQBP1
KEGG_2026,SPLICEOSOME,SART1
KEGG_2026,SPLICEOSOME,SNRNP70
KEGG_2026,SPLICEOSOME,DHX15
KEGG_2026,SPLICEOSOME,DHX16
KEGG_2026,SPLICEOSOME,CTNNBL1
KEGG_2026,SPLICEOSOME,BCAS2
KEGG_2026,SPLICEOSOME,RBM17
KEGG_2026,SPLICEOSOME,NCBP1
KEGG_2026,SPLICEOSOME,NCBP2
KEGG_2026,SPLICEOSOME,BUD31
KEGG_2026,SPLICEOSOME,PRPF40B
KEGG_2026,SPLICEOSOME,PRPF40A
KEGG_2026,SPLICEOSOME,PLRG1
KEGG_2026,SPLICEOSOME,PRPF18
KEGG_2026,SPLICEOSOME,NCBP2L
KEGG_2026,SPLICEOSOME,SYF2
KEGG_2026,SPLICEOSOME,RP9
KEGG_2026,SPLICEOSOME,SNRPA1
KEGG_2026,SPLICEOSOME,SLU7
KEGG_2026,SPLICEOSOME,RBM22
KEGG_2026,SPLICEOSOME,SF3B4
KEGG_2026,SPLICEOSOME,SF3B5
KEGG_2026,SPLICEOSOME,SF3B2
KEGG_2026,SPLICEOSOME,SF3B3
KEGG_2026,SPLICEOSOME,SF3B6
KEGG_2026,SPLICEOSOME,SRSF1
KEGG_2026,SPLICEOSOME,DDX23
KEGG_2026,SPLICEOSOME,U2AF1
KEGG_2026,SPLICEOSOME,U2AF1L4
KEGG_2026,SPLICEOSOME,PUF60
KEGG_2026,SPLICEOSOME,U2AF2
KEGG_2026,SPLICEOSOME,TRA2B
KEGG_2026,SPLICEOSOME,TRA2A
KEGG_2026,SPLICEOSOME,SNRPB2
KEGG_2026,SPLICEOSOME,HNRNPA1
KEGG_2026,SPLICEOSOME,SF3B1
KEGG_2026,SPLICEOSOME,SMNDC1
KEGG_2026,SPLICEOSOME,SRSF10
KEGG_2026,SPLICEOSOME,SF3A3
KEGG_2026,SPLICEOSOME,HNRNPA3
KEGG_2026,SPLICEOSOME,PPIL1
KEGG_2026,SPLICEOSOME,SF3A1
KEGG_2026,SPLICEOSOME,SF3A2
KEGG_2026,SPLICEOSOME,GPKOW
KEGG_2026,SPLICEOSOME,CDC5L
KEGG_2026,SPLICEOSOME,U2SURP
KEGG_2026,SPLICEOSOME,XAB2
KEGG_2026,SPLICEOSOME,SNRNP40
KEGG_2026,SPLICEOSOME,PHF5A
KEGG_2026,SPLICEOSOME,ACIN1
KEGG_2026,SPLICEOSOME,PRPF31
KEGG_2026,SPLICEOSOME,BUD13
KEGG_2026,SPLICEOSOME,RBMX
KEGG_2026,SPLICEOSOME,HSPA1B
KEGG_2026,SPLICEOSOME,HSPA1A
KEGG_2026,PURINE METABOLISM,HDDC2
KEGG_2026,PURINE METABOLISM,GUCY1B1
KEGG_2026,PURINE METABOLISM,GDA
KEGG_2026,PURINE METABOLISM,PDE3B
KEGG_2026,PURINE METABOLISM,NUDT2
KEGG_2026,PURINE METABOLISM,NUDT5
KEGG_2026,PURINE METABOLISM,HDDC3
KEGG_2026,PURINE METABOLISM,ATIC
KEGG_2026,PURINE METABOLISM,GUK1
KEGG_2026,PURINE METABOLISM,PDE4B
KEGG_2026,PURINE METABOLISM,ENPP1
KEGG_2026,PURINE METABOLISM,PDE4A
KEGG_2026,PURINE METABOLISM,PGM2
KEGG_2026,PURINE METABOLISM,NUDT16
KEGG_2026,PURINE METABOLISM,ENPP3
KEGG_2026,PURINE METABOLISM,PGM1
KEGG_2026,PURINE METABOLISM,GUCY1A2
KEGG_2026,PURINE METABOLISM,ENTPD1
KEGG_2026,PURINE METABOLISM,GUCY1A1
KEGG_2026,PURINE METABOLISM,ADSL
KEGG_2026,PURINE METABOLISM,ENTPD3
KEGG_2026,PURINE METABOLISM,ENTPD4
KEGG_2026,PURINE METABOLISM,ENTPD5
KEGG_2026,PURINE METABOLISM,ENTPD6
KEGG_2026,PURINE METABOLISM,NME2
KEGG_2026,PURINE METABOLISM,ENTPD8
KEGG_2026,PURINE METABOLISM,AMPD1
KEGG_2026,PURINE METABOLISM,NME3
KEGG_2026,PURINE METABOLISM,AMPD2
KEGG_2026,PURINE METABOLISM,NME4
KEGG_2026,PURINE METABOLISM,AMPD3
KEGG_2026,PURINE METABOLISM,DCK
KEGG_2026,PURINE METABOLISM,COASY
KEGG_2026,PURINE METABOLISM,APRT
KEGG_2026,PURINE METABOLISM,NME1
KEGG_2026,PURINE METABOLISM,ADCY9
KEGG_2026,PURINE METABOLISM,NME6
KEGG_2026,PURINE METABOLISM,NME7
KEGG_2026,PURINE METABOLISM,PDE5A
KEGG_2026,PURINE METABOLISM,HPRT1
KEGG_2026,PURINE METABOLISM,GART
KEGG_2026,PURINE METABOLISM,PDE9A
KEGG_2026,PURINE METABOLISM,GUCY2C
KEGG_2026,PURINE METABOLISM,PRPS2
KEGG_2026,PURINE METABOLISM,CANT1
KEGG_2026,PURINE METABOLISM,GUCY2D
KEGG_2026,PURINE METABOLISM,PDE1C
KEGG_2026,PURINE METABOLISM,NPR1
KEGG_2026,PURINE METABOLISM,PDE1B
KEGG_2026,PURINE METABOLISM,PDE1A
KEGG_2026,PURINE METABOLISM,GMPS
KEGG_2026,PURINE METABOLISM,ADCY4
KEGG_2026,PURINE METABOLISM,GMPR
KEGG_2026,PURINE METABOLISM,ADCY2
KEGG_2026,PURINE METABOLISM,NTPCR
KEGG_2026,PURINE METABOLISM,ADCY1
KEGG_2026,PURINE METABOLISM,NT5C2
KEGG_2026,PURINE METABOLISM,ADCY8
KEGG_2026,PURINE METABOLISM,GUCY2F
KEGG_2026,PURINE METABOLISM,ADCY7
KEGG_2026,PURINE METABOLISM,ADCY6
KEGG_2026,PURINE METABOLISM,AK9
KEGG_2026,PURINE METABOLISM,PAPSS1
KEGG_2026,PURINE METABOLISM,ADCY5
KEGG_2026,PURINE METABOLISM,NME1-NME2
KEGG_2026,PURINE METABOLISM,NT5C
KEGG_2026,PURINE METABOLISM,NT5E
KEGG_2026,PURINE METABOLISM,PDE11A
KEGG_2026,PURINE METABOLISM,PDE6D
KEGG_2026,PURINE METABOLISM,PDE6C
KEGG_2026,PURINE METABOLISM,PDE6B
KEGG_2026,PURINE METABOLISM,NT5M
KEGG_2026,PURINE METABOLISM,PDE6A
KEGG_2026,PURINE METABOLISM,PRPS1L1
KEGG_2026,PURINE METABOLISM,PDE6H
KEGG_2026,PURINE METABOLISM,PDE6G
KEGG_2026,PURINE METABOLISM,PDE2A
KEGG_2026,PURINE METABOLISM,PAICS
KEGG_2026,PURINE METABOLISM,ADCY10
KEGG_2026,PURINE METABOLISM,PDE10A
KEGG_2026,PURINE METABOLISM,IMPDH1
KEGG_2026,PURINE METABOLISM,NT5C1A
KEGG_2026,PURINE METABOLISM,IMPDH2
KEGG_2026,PURINE METABOLISM,PDE3A
KEGG_2026,PURINE METABOLISM,ADSS1
KEGG_2026,PURINE METABOLISM,ADSS2
KEGG_2026,PURINE METABOLISM,NT5C1B-RDH14
KEGG_2026,PURINE METABOLISM,PDE7B
KEGG_2026,PURINE METABOLISM,ADA
KEGG_2026,PURINE METABOLISM,ITPA
KEGG_2026,AMYOTROPHIC LATERAL SCLEROSIS,NDUFA13
KEGG_2026,AMYOTROPHIC LATERAL SCLEROSIS,NUP107
KEGG_2026,AMYOTROPHIC LATERAL SCLEROSIS,NUP188
KEGG_2026,AMYOTROPHIC LATERAL SCLEROSIS,NDUFA12
KEGG_2026,AMYOTROPHIC LATERAL SCLEROSIS,NDUFA10
KEGG_2026,AMYOTROPHIC LATERAL SCLEROSIS,COX6A1
KEGG_2026,AMYOTROPHIC LATERAL SCLEROSIS,TNF
KEGG_2026,AMYOTROPHIC LATERAL SCLEROSIS,TUBB8
KEGG_2026,AMYOTROPHIC LATERAL SCLEROSIS,TUBB6
KEGG_2026,AMYOTROPHIC LATERAL SCLEROSIS,TBK1
KEGG_2026,AMYOTROPHIC LATERAL SCLEROSIS,TUBB3
KEGG_2026,AMYOTROPHIC LATERAL SCLEROSIS,PSMD2
KEGG_2026,AMYOTROPHIC LATERAL SCLEROSIS,KIF5B
KEGG_2026,AMYOTROPHIC LATERAL SCLEROSIS,PSMD3
KEGG_2026,AMYOTROPHIC LATERAL SCLEROSIS,KIF5A
KEGG_2026,AMYOTROPHIC LATERAL SCLEROSIS,MAP3K5
KEGG_2026,AMYOTROPHIC LATERAL SCLEROSIS,NUP214
KEGG_2026,AMYOTROPHIC LATERAL SCLEROSIS,DAXX
KEGG_2026,AMYOTROPHIC LATERAL SCLEROSIS,NUP210
KEGG_2026,AMYOTROPHIC LATERAL SCLEROSIS,ANXA11
KEGG_2026,AMYOTROPHIC LATERAL SCLEROSIS,SDHC
KEGG_2026,AMYOTROPHIC LATERAL SCLEROSIS,SDHD
KEGG_2026,AMYOTROPHIC LATERAL SCLEROSIS,SDHA
KEGG_2026,AMYOTROPHIC LATERAL SCLEROSIS,ATG13
KEGG_2026,AMYOTROPHIC LATERAL SCLEROSIS,SDHB
KEGG_2026,AMYOTROPHIC LATERAL SCLEROSIS,TUBA4A
KEGG_2026,AMYOTROPHIC LATERAL SCLEROSIS,NUP93
KEGG_2026,AMYOTROPHIC LATERAL SCLEROSIS,DDIT3
KEGG_2026,AMYOTROPHIC LATERAL SCLEROSIS,UQCRC1
KEGG_2026,AMYOTROPHIC LATERAL SCLEROSIS,SRSF3
KEGG_2026,AMYOTROPHIC LATERAL SCLEROSIS,VDAC1
KEGG_2026,AMYOTROPHIC LATERAL SCLEROSIS,MATR3
KEGG_2026,AMYOTROPHIC LATERAL SCLEROSIS,UQCRC2
KEGG_2026,AMYOTROPHIC LATERAL SCLEROSIS,NUP98
KEGG_2026,AMYOTROPHIC LATERAL SCLEROSIS,PFN1
KEGG_2026,AMYOTROPHIC LATERAL SCLEROSIS,TP53
KEGG_2026,AMYOTROPHIC LATERAL SCLEROSIS,ATF6
KEGG_2026,AMYOTROPHIC LATERAL SCLEROSIS,SRSF7
KEGG_2026,AMYOTROPHIC LATERAL SCLEROSIS,OPTN
KEGG_2026,AMYOTROPHIC LATERAL SCLEROSIS,ATF4
KEGG_2026,AMYOTROPHIC LATERAL SCLEROSIS,PFN2
KEGG_2026,AMYOTROPHIC LATERAL SCLEROSIS,GRIA1
KEGG_2026,AMYOTROPHIC LATERAL SCLEROSIS,NUP205
KEGG_2026,AMYOTROPHIC LATERAL SCLEROSIS,POM121
KEGG_2026,AMYOTROPHIC LATERAL SCLEROSIS,VCP
KEGG_2026,AMYOTROPHIC LATERAL SCLEROSIS,SEH1L
KEGG_2026,AMYOTROPHIC LATERAL SCLEROSIS,PSMD14
KEGG_2026,AMYOTROPHIC LATERAL SCLEROSIS,PSMD13
KEGG_2026,AMYOTROPHIC LATERAL SCLEROSIS,SLC1A2
KEGG_2026,AMYOTROPHIC LATERAL SCLEROSIS,KLC1
KEGG_2026,AMYOTROPHIC LATERAL SCLEROSIS,NUP160
KEGG_2026,AMYOTROPHIC LATERAL SCLEROSIS,ATP5MC1
KEGG_2026,AMYOTROPHIC LATERAL SCLEROSIS,KLC4
KEGG_2026,AMYOTROPHIC LATERAL SCLEROSIS,ATXN2
KEGG_2026,AMYOTROPHIC LATERAL SCLEROSIS,KLC3
KEGG_2026,AMYOTROPHIC LATERAL SCLEROSIS,POM121C
KEGG_2026,AMYOTROPHIC LATERAL SCLEROSIS,NUP85
KEGG_2026,AMYOTROPHIC LATERAL SCLEROSIS,TPR
KEGG_2026,AMYOTROPHIC LATERAL SCLEROSIS,NUP88
KEGG_2026,AMYOTROPHIC LATERAL SCLEROSIS,NDUFV2
KEGG_2026,AMYOTROPHIC LATERAL SCLEROSIS,NDUFV1
KEGG_2026,AMYOTROPHIC LATERAL SCLEROSIS,DNAH12
KEGG_2026,AMYOTROPHIC LATERAL SCLEROSIS,DNAH11
KEGG_2026,AMYOTROPHIC LATERAL SCLEROSIS,XBP1
KEGG_2026,AMYOTROPHIC LATERAL SCLEROSIS,DNAH10
KEGG_2026,AMYOTROPHIC LATERAL SCLEROSIS,HSPA5
KEGG_2026,AMYOTROPHIC LATERAL SCLEROSIS,NUP155
KEGG_2026,AMYOTROPHIC LATERAL SCLEROSIS,FUS
KEGG_2026,AMYOTROPHIC LATERAL SCLEROSIS,ALYREF
KEGG_2026,AMYOTROPHIC LATERAL SCLEROSIS,EIF2AK3
KEGG_2026,AMYOTROPHIC LATERAL SCLEROSIS,CHCHD10
KEGG_2026,AMYOTROPHIC LATERAL SCLEROSIS,NUP153
KEGG_2026,AMYOTROPHIC LATERAL SCLEROSIS,EIF2S1
KEGG_2026,AMYOTROPHIC LATERAL SCLEROSIS,SETX
KEGG_2026,AMYOTROPHIC LATERAL SCLEROSIS,UQCRQ
KEGG_2026,AMYOTROPHIC LATERAL SCLEROSIS,PRPH2
KEGG_2026,AMYOTROPHIC LATERAL SCLEROSIS,CHMP2B
KEGG_2026,AMYOTROPHIC LATERAL SCLEROSIS,BCL2
KEGG_2026,AMYOTROPHIC LATERAL SCLEROSIS,CYCS
KEGG_2026,AMYOTROPHIC LATERAL SCLEROSIS,RAB5A
KEGG_2026,AMYOTROPHIC LATERAL SCLEROSIS,TUBA8
KEGG_2026,AMYOTROPHIC LATERAL SCLEROSIS,COX4I1
KEGG_2026,AMYOTROPHIC LATERAL SCLEROSIS,WDR41
KEGG_2026,AMYOTROPHIC LATERAL SCLEROSIS,DNALI1
KEGG_2026,AMYOTROPHIC LATERAL SCLEROSIS,TUBA1C
KEGG_2026,AMYOTROPHIC LATERAL SCLEROSIS,MAP1LC3B
KEGG_2026,AMYOTROPHIC LATERAL SCLEROSIS,TUBA1B
KEGG_2026,AMYOTROPHIC LATERAL SCLEROSIS,PPP3CB
KEGG_2026,AMYOTROPHIC LATERAL SCLEROSIS,MAP1LC3A
KEGG_2026,AMYOTROPHIC LATERAL SCLEROSIS,TUBA1A
KEGG_2026,AMYOTROPHIC LATERAL SCLEROSIS,CASP3
KEGG_2026,AMYOTROPHIC LATERAL SCLEROSIS,RB1CC1
KEGG_2026,AMYOTROPHIC LATERAL SCLEROSIS,NUP62
KEGG_2026,AMYOTROPHIC LATERAL SCLEROSIS,NEFL
KEGG_2026,AMYOTROPHIC LATERAL SCLEROSIS,UQCRFS1
KEGG_2026,AMYOTROPHIC LATERAL SCLEROSIS,RAB8A
KEGG_2026,AMYOTROPHIC LATERAL SCLEROSIS,COX8A
KEGG_2026,AMYOTROPHIC LATERAL SCLEROSIS,NDC1
KEGG_2026,AMYOTROPHIC LATERAL SCLEROSIS,SEC13
KEGG_2026,AMYOTROPHIC LATERAL SCLEROSIS,DNAI2
KEGG_2026,AMYOTROPHIC LATERAL SCLEROSIS,GPX2
KEGG_2026,AMYOTROPHIC LATERAL SCLEROSIS,NUP133
KEGG_2026,AMYOTROPHIC LATERAL SCLEROSIS,NCBP1
KEGG_2026,AMYOTROPHIC LATERAL SCLEROSIS,TUBB
KEGG_2026,AMYOTROPHIC LATERAL SCLEROSIS,GPX6
KEGG_2026,AMYOTROPHIC LATERAL SCLEROSIS,GPX8
KEGG_2026,AMYOTROPHIC LATERAL SCLEROSIS,GPX7
KEGG_2026,AMYOTROPHIC LATERAL SCLEROSIS,TNFRSF1A
KEGG_2026,AMYOTROPHIC LATERAL SCLEROSIS,TUBB2B
KEGG_2026,AMYOTROPHIC LATERAL SCLEROSIS,TUBB2A
KEGG_2026,AMYOTROPHIC LATERAL SCLEROSIS,NDUFS8
KEGG_2026,AMYOTROPHIC LATERAL SCLEROSIS,ALS2
KEGG_2026,AMYOTROPHIC LATERAL SCLEROSIS,NDUFS7
KEGG_2026,AMYOTROPHIC LATERAL SCLEROSIS,NUP50
KEGG_2026,AMYOTROPHIC LATERAL SCLEROSIS,NDUFS3
KEGG_2026,AMYOTROPHIC LATERAL SCLEROSIS,NDUFS2
KEGG_2026,AMYOTROPHIC LATERAL SCLEROSIS,NDUFS1
KEGG_2026,AMYOTROPHIC LATERAL SCLEROSIS,NUP54
KEGG_2026,AMYOTROPHIC LATERAL SCLEROSIS,SMCR8
KEGG_2026,AMYOTROPHIC LATERAL SCLEROSIS,HAP1
KEGG_2026,AMYOTROPHIC LATERAL SCLEROSIS,NUP58
KEGG_2026,AMYOTROPHIC LATERAL SCLEROSIS,PRKN
KEGG_2026,AMYOTROPHIC LATERAL SCLEROSIS,NDUFB9
KEGG_2026,AMYOTROPHIC LATERAL SCLEROSIS,NDUFB8
KEGG_2026,AMYOTROPHIC LATERAL SCLEROSIS,TOMM40
KEGG_2026,AMYOTROPHIC LATERAL SCLEROSIS,NDUFB7
KEGG_2026,AMYOTROPHIC LATERAL SCLEROSIS,DCTN2
KEGG_2026,AMYOTROPHIC LATERAL SCLEROSIS,TUBAL3
KEGG_2026,AMYOTROPHIC LATERAL SCLEROSIS,DCTN1
KEGG_2026,AMYOTROPHIC LATERAL SCLEROSIS,NDUFB4
KEGG_2026,AMYOTROPHIC LATERAL SCLEROSIS,DCTN4
KEGG_2026,AMYOTROPHIC LATERAL SCLEROSIS,DNAH5
KEGG_2026,AMYOTROPHIC LATERAL SCLEROSIS,NDUFB3
KEGG_2026,AMYOTROPHIC LATERAL SCLEROSIS,DERL1
KEGG_2026,AMYOTROPHIC LATERAL SCLEROSIS,DNAH9
KEGG_2026,AMYOTROPHIC LATERAL SCLEROSIS,UQCR10
KEGG_2026,AMYOTROPHIC LATERAL SCLEROSIS,AMBRA1
KEGG_2026,AMYOTROPHIC LATERAL SCLEROSIS,PTGS2
KEGG_2026,AMYOTROPHIC LATERAL SCLEROSIS,COX5B
KEGG_2026,AMYOTROPHIC LATERAL SCLEROSIS,COX5A
KEGG_2026,AMYOTROPHIC LATERAL SCLEROSIS,HDAC6
KEGG_2026,AMYOTROPHIC LATERAL SCLEROSIS,TUBA3E
KEGG_2026,AMYOTROPHIC LATERAL SCLEROSIS,TUBA3D
KEGG_2026,AMYOTROPHIC LATERAL SCLEROSIS,ATP5F1A
KEGG_2026,AMYOTROPHIC LATERAL SCLEROSIS,ATP5F1B
KEGG_2026,AMYOTROPHIC LATERAL SCLEROSIS,NUP43
KEGG_2026,AMYOTROPHIC LATERAL SCLEROSIS,HNRNPA1
KEGG_2026,AMYOTROPHIC LATERAL SCLEROSIS,DNAI1
KEGG_2026,AMYOTROPHIC LATERAL SCLEROSIS,UBQLN2
KEGG_2026,AMYOTROPHIC LATERAL SCLEROSIS,RANBP2
KEGG_2026,AMYOTROPHIC LATERAL SCLEROSIS,NDUFA9
KEGG_2026,AMYOTROPHIC LATERAL SCLEROSIS,ATP5PF
KEGG_2026,AMYOTROPHIC LATERAL SCLEROSIS,NDUFA8
KEGG_2026,AMYOTROPHIC LATERAL SCLEROSIS,HNRNPA3
KEGG_2026,AMYOTROPHIC LATERAL SCLEROSIS,ATP5PD
KEGG_2026,AMYOTROPHIC LATERAL SCLEROSIS,NDUFA5
KEGG_2026,AMYOTROPHIC LATERAL SCLEROSIS,ATP5PB
KEGG_2026,AMYOTROPHIC LATERAL SCLEROSIS,NDUFA3
KEGG_2026,AMYOTROPHIC LATERAL SCLEROSIS,NDUFA2
KEGG_2026,AMYOTROPHIC LATERAL SCLEROSIS,ADRM1
KEGG_2026,AMYOTROPHIC LATERAL SCLEROSIS,TUBB4B
KEGG_2026,AMYOTROPHIC LATERAL SCLEROSIS,ATP5F1C
KEGG_2026,AMYOTROPHIC LATERAL SCLEROSIS,ATP5F1D
KEGG_2026,AMYOTROPHIC LATERAL SCLEROSIS,TUBB4A
KEGG_2026,AMYOTROPHIC LATERAL SCLEROSIS,SOD1
KEGG_2026,AMYOTROPHIC LATERAL SCLEROSIS,PSMC5
KEGG_2026,AMYOTROPHIC LATERAL SCLEROSIS,VAPB
KEGG_2026,AMYOTROPHIC LATERAL SCLEROSIS,PSMC1
KEGG_2026,AMYOTROPHIC LATERAL SCLEROSIS,HNRNPA2B1
KEGG_2026,AMYOTROPHIC LATERAL SCLEROSIS,NDUFAB1
KEGG_2026,AMYOTROPHIC LATERAL SCLEROSIS,ATP5PO
KEGG_2026,AMYOTROPHIC LATERAL SCLEROSIS,BAX
KEGG_2026,AMYOTROPHIC LATERAL SCLEROSIS,NUP35
KEGG_2026,AMYOTROPHIC LATERAL SCLEROSIS,TARDBP
KEGG_2026,AMYOTROPHIC LATERAL SCLEROSIS,NUP37
KEGG_2026,PATHWAYS OF NEURODEGENERATION - MULTIPLE DISEASES,CALML5
KEGG_2026,PATHWAYS OF NEURODEGENERATION - MULTIPLE DISEASES,CALML6
KEGG_2026,PATHWAYS OF NEURODEGENERATION - MULTIPLE DISEASES,ARAF
KEGG_2026,PATHWAYS OF NEURODEGENERATION - MULTIPLE DISEASES,CALML3
KEGG_2026,PATHWAYS OF NEURODEGENERATION - MULTIPLE DISEASES,CALML4
KEGG_2026,PATHWAYS OF NEURODEGENERATION - MULTIPLE DISEASES,TBK1
KEGG_2026,PATHWAYS OF NEURODEGENERATION - MULTIPLE DISEASES,PSMD2
KEGG_2026,PATHWAYS OF NEURODEGENERATION - MULTIPLE DISEASES,PSMD3
KEGG_2026,PATHWAYS OF NEURODEGENERATION - MULTIPLE DISEASES,PRKCG
KEGG_2026,PATHWAYS OF NEURODEGENERATION - MULTIPLE DISEASES,DAXX
KEGG_2026,PATHWAYS OF NEURODEGENERATION - MULTIPLE DISEASES,PRKCB
KEGG_2026,PATHWAYS OF NEURODEGENERATION - MULTIPLE DISEASES,PRKCA
KEGG_2026,PATHWAYS OF NEURODEGENERATION - MULTIPLE DISEASES,PDYN
KEGG_2026,PATHWAYS OF NEURODEGENERATION - MULTIPLE DISEASES,ATG13
KEGG_2026,PATHWAYS OF NEURODEGENERATION - MULTIPLE DISEASES,DDIT3
KEGG_2026,PATHWAYS OF NEURODEGENERATION - MULTIPLE DISEASES,UQCRC1
KEGG_2026,PATHWAYS OF NEURODEGENERATION - MULTIPLE DISEASES,VDAC3
KEGG_2026,PATHWAYS OF NEURODEGENERATION - MULTIPLE DISEASES,VDAC2
KEGG_2026,PATHWAYS OF NEURODEGENERATION - MULTIPLE DISEASES,VDAC1
KEGG_2026,PATHWAYS OF NEURODEGENERATION - MULTIPLE DISEASES,UQCRC2
KEGG_2026,PATHWAYS OF NEURODEGENERATION - MULTIPLE DISEASES,UBA52
KEGG_2026,PATHWAYS OF NEURODEGENERATION - MULTIPLE DISEASES,ATF6
KEGG_2026,PATHWAYS OF NEURODEGENERATION - MULTIPLE DISEASES,OPTN
KEGG_2026,PATHWAYS OF NEURODEGENERATION - MULTIPLE DISEASES,STX1A
KEGG_2026,PATHWAYS OF NEURODEGENERATION - MULTIPLE DISEASES,ATF4
KEGG_2026,PATHWAYS OF NEURODEGENERATION - MULTIPLE DISEASES,PLCG1
KEGG_2026,PATHWAYS OF NEURODEGENERATION - MULTIPLE DISEASES,DNAH12
KEGG_2026,PATHWAYS OF NEURODEGENERATION - MULTIPLE DISEASES,TRAP1
KEGG_2026,PATHWAYS OF NEURODEGENERATION - MULTIPLE DISEASES,DNAH11
KEGG_2026,PATHWAYS OF NEURODEGENERATION - MULTIPLE DISEASES,XBP1
KEGG_2026,PATHWAYS OF NEURODEGENERATION - MULTIPLE DISEASES,FZD2
KEGG_2026,PATHWAYS OF NEURODEGENERATION - MULTIPLE DISEASES,DNAH10
KEGG_2026,PATHWAYS OF NEURODEGENERATION - MULTIPLE DISEASES,FZD5
KEGG_2026,PATHWAYS OF NEURODEGENERATION - MULTIPLE DISEASES,FZD4
KEGG_2026,PATHWAYS OF NEURODEGENERATION - MULTIPLE DISEASES,FZD6
KEGG_2026,PATHWAYS OF NEURODEGENERATION - MULTIPLE DISEASES,EIF2AK3
KEGG_2026,PATHWAYS OF NEURODEGENERATION - MULTIPLE DISEASES,BRAF
KEGG_2026,PATHWAYS OF NEURODEGENERATION - MULTIPLE DISEASES,FASN
KEGG_2026,PATHWAYS OF NEURODEGENERATION - MULTIPLE DISEASES,CALM3
KEGG_2026,PATHWAYS OF NEURODEGENERATION - MULTIPLE DISEASES,CALM1
KEGG_2026,PATHWAYS OF NEURODEGENERATION - MULTIPLE DISEASES,CALM2
KEGG_2026,PATHWAYS OF NEURODEGENERATION - MULTIPLE DISEASES,RYR1
KEGG_2026,PATHWAYS OF NEURODEGENERATION - MULTIPLE DISEASES,RYR2
KEGG_2026,PATHWAYS OF NEURODEGENERATION - MULTIPLE DISEASES,WDR41
KEGG_2026,PATHWAYS OF NEURODEGENERATION - MULTIPLE DISEASES,TUBA1C
KEGG_2026,PATHWAYS OF NEURODEGENERATION - MULTIPLE DISEASES,TUBA1B
KEGG_2026,PATHWAYS OF NEURODEGENERATION - MULTIPLE DISEASES,MAP1LC3B
KEGG_2026,PATHWAYS OF NEURODEGENERATION - MULTIPLE DISEASES,PPP3CB
KEGG_2026,PATHWAYS OF NEURODEGENERATION - MULTIPLE DISEASES,TUBA1A
KEGG_2026,PATHWAYS OF NEURODEGENERATION - MULTIPLE DISEASES,MAP1LC3A
KEGG_2026,PATHWAYS OF NEURODEGENERATION - MULTIPLE DISEASES,NEFL
KEGG_2026,PATHWAYS OF NEURODEGENERATION - MULTIPLE DISEASES,HRAS
KEGG_2026,PATHWAYS OF NEURODEGENERATION - MULTIPLE DISEASES,RAB8A
KEGG_2026,PATHWAYS OF NEURODEGENERATION - MULTIPLE DISEASES,COX8A
KEGG_2026,PATHWAYS OF NEURODEGENERATION - MULTIPLE DISEASES,TUBB
KEGG_2026,PATHWAYS OF NEURODEGENERATION - MULTIPLE DISEASES,PLCB3
KEGG_2026,PATHWAYS OF NEURODEGENERATION - MULTIPLE DISEASES,TUBB2B
KEGG_2026,PATHWAYS OF NEURODEGENERATION - MULTIPLE DISEASES,TUBB2A
KEGG_2026,PATHWAYS OF NEURODEGENERATION - MULTIPLE DISEASES,PLCB4
KEGG_2026,PATHWAYS OF NEURODEGENERATION - MULTIPLE DISEASES,IL1B
KEGG_2026,PATHWAYS OF NEURODEGENERATION - MULTIPLE DISEASES,HAP1
KEGG_2026,PATHWAYS OF NEURODEGENERATION - MULTIPLE DISEASES,PLCB1
KEGG_2026,PATHWAYS OF NEURODEGENERATION - MULTIPLE DISEASES,PLCB2
KEGG_2026,PATHWAYS OF NEURODEGENERATION - MULTIPLE DISEASES,PRKN
KEGG_2026,PATHWAYS OF NEURODEGENERATION - MULTIPLE DISEASES,TOMM40
KEGG_2026,PATHWAYS OF NEURODEGENERATION - MULTIPLE DISEASES,DERL1
KEGG_2026,PATHWAYS OF NEURODEGENERATION - MULTIPLE DISEASES,UQCR10
KEGG_2026,PATHWAYS OF NEURODEGENERATION - MULTIPLE DISEASES,PTGS2
KEGG_2026,PATHWAYS OF NEURODEGENERATION - MULTIPLE DISEASES,COX5B
KEGG_2026,PATHWAYS OF NEURODEGENERATION - MULTIPLE DISEASES,COX5A
KEGG_2026,PATHWAYS OF NEURODEGENERATION - MULTIPLE DISEASES,RELA
KEGG_2026,PATHWAYS OF NEURODEGENERATION - MULTIPLE DISEASES,TUBA3E
KEGG_2026,PATHWAYS OF NEURODEGENERATION - MULTIPLE DISEASES,TUBA3D
KEGG_2026,PATHWAYS OF NEURODEGENERATION - MULTIPLE DISEASES,NRAS
KEGG_2026,PATHWAYS OF NEURODEGENERATION - MULTIPLE DISEASES,ATP5F1A
KEGG_2026,PATHWAYS OF NEURODEGENERATION - MULTIPLE DISEASES,ATP5F1B
KEGG_2026,PATHWAYS OF NEURODEGENERATION - MULTIPLE DISEASES,RPS27A
KEGG_2026,PATHWAYS OF NEURODEGENERATION - MULTIPLE DISEASES,ATP5PF
KEGG_2026,PATHWAYS OF NEURODEGENERATION - MULTIPLE DISEASES,ATP5PD
KEGG_2026,PATHWAYS OF NEURODEGENERATION - MULTIPLE DISEASES,ATP5PB
KEGG_2026,PATHWAYS OF NEURODEGENERATION - MULTIPLE DISEASES,TUBB4B
KEGG_2026,PATHWAYS OF NEURODEGENERATION - MULTIPLE DISEASES,ATP5F1C
KEGG_2026,PATHWAYS OF NEURODEGENERATION - MULTIPLE DISEASES,TUBB4A
KEGG_2026,PATHWAYS OF NEURODEGENERATION - MULTIPLE DISEASES,ATP5F1D
KEGG_2026,PATHWAYS OF NEURODEGENERATION - MULTIPLE DISEASES,PSMC5
KEGG_2026,PATHWAYS OF NEURODEGENERATION - MULTIPLE DISEASES,PSMC1
KEGG_2026,PATHWAYS OF NEURODEGENERATION - MULTIPLE DISEASES,NDUFAB1
KEGG_2026,PATHWAYS OF NEURODEGENERATION - MULTIPLE DISEASES,ATP5PO
KEGG_2026,PATHWAYS OF NEURODEGENERATION - MULTIPLE DISEASES,CTNNB1
KEGG_2026,PATHWAYS OF NEURODEGENERATION - MULTIPLE DISEASES,TARDBP
KEGG_2026,PATHWAYS OF NEURODEGENERATION - MULTIPLE DISEASES,NDUFA13
KEGG_2026,PATHWAYS OF NEURODEGENERATION - MULTIPLE DISEASES,CHRM1
KEGG_2026,PATHWAYS OF NEURODEGENERATION - MULTIPLE DISEASES,CSF1
KEGG_2026,PATHWAYS OF NEURODEGENERATION - MULTIPLE DISEASES,NDUFA12
KEGG_2026,PATHWAYS OF NEURODEGENERATION - MULTIPLE DISEASES,NDUFA10
KEGG_2026,PATHWAYS OF NEURODEGENERATION - MULTIPLE DISEASES,PARK7
KEGG_2026,PATHWAYS OF NEURODEGENERATION - MULTIPLE DISEASES,COX6A1
KEGG_2026,PATHWAYS OF NEURODEGENERATION - MULTIPLE DISEASES,TNF
KEGG_2026,PATHWAYS OF NEURODEGENERATION - MULTIPLE DISEASES,TUBB8
KEGG_2026,PATHWAYS OF NEURODEGENERATION - MULTIPLE DISEASES,TUBB6
KEGG_2026,PATHWAYS OF NEURODEGENERATION - MULTIPLE DISEASES,TUBB3
KEGG_2026,PATHWAYS OF NEURODEGENERATION - MULTIPLE DISEASES,KIF5B
KEGG_2026,PATHWAYS OF NEURODEGENERATION - MULTIPLE DISEASES,KIF5A
KEGG_2026,PATHWAYS OF NEURODEGENERATION - MULTIPLE DISEASES,CAPN1
KEGG_2026,PATHWAYS OF NEURODEGENERATION - MULTIPLE DISEASES,MAP3K5
KEGG_2026,PATHWAYS OF NEURODEGENERATION - MULTIPLE DISEASES,MAP2K1
KEGG_2026,PATHWAYS OF NEURODEGENERATION - MULTIPLE DISEASES,MAP2K2
KEGG_2026,PATHWAYS OF NEURODEGENERATION - MULTIPLE DISEASES,WNT5B
KEGG_2026,PATHWAYS OF NEURODEGENERATION - MULTIPLE DISEASES,WNT5A
KEGG_2026,PATHWAYS OF NEURODEGENERATION - MULTIPLE DISEASES,SDHC
KEGG_2026,PATHWAYS OF NEURODEGENERATION - MULTIPLE DISEASES,SDHD
KEGG_2026,PATHWAYS OF NEURODEGENERATION - MULTIPLE DISEASES,SDHA
KEGG_2026,PATHWAYS OF NEURODEGENERATION - MULTIPLE DISEASES,SDHB
KEGG_2026,PATHWAYS OF NEURODEGENERATION - MULTIPLE DISEASES,TUBA4A
KEGG_2026,PATHWAYS OF NEURODEGENERATION - MULTIPLE DISEASES,PPIF
KEGG_2026,PATHWAYS OF NEURODEGENERATION - MULTIPLE DISEASES,GRIA1
KEGG_2026,PATHWAYS OF NEURODEGENERATION - MULTIPLE DISEASES,VCP
KEGG_2026,PATHWAYS OF NEURODEGENERATION - MULTIPLE DISEASES,PSMD14
KEGG_2026,PATHWAYS OF NEURODEGENERATION - MULTIPLE DISEASES,PSMD13
KEGG_2026,PATHWAYS OF NEURODEGENERATION - MULTIPLE DISEASES,KLC1
KEGG_2026,PATHWAYS OF NEURODEGENERATION - MULTIPLE DISEASES,CACNA1F
KEGG_2026,PATHWAYS OF NEURODEGENERATION - MULTIPLE DISEASES,ATP5MC1
KEGG_2026,PATHWAYS OF NEURODEGENERATION - MULTIPLE DISEASES,KLC4
KEGG_2026,PATHWAYS OF NEURODEGENERATION - MULTIPLE DISEASES,ATXN2
KEGG_2026,PATHWAYS OF NEURODEGENERATION - MULTIPLE DISEASES,KLC3
KEGG_2026,PATHWAYS OF NEURODEGENERATION - MULTIPLE DISEASES,UBB
KEGG_2026,PATHWAYS OF NEURODEGENERATION - MULTIPLE DISEASES,DVL1
KEGG_2026,PATHWAYS OF NEURODEGENERATION - MULTIPLE DISEASES,UBC
KEGG_2026,PATHWAYS OF NEURODEGENERATION - MULTIPLE DISEASES,DVL2
KEGG_2026,PATHWAYS OF NEURODEGENERATION - MULTIPLE DISEASES,NDUFV2
KEGG_2026,PATHWAYS OF NEURODEGENERATION - MULTIPLE DISEASES,NDUFV1
KEGG_2026,PATHWAYS OF NEURODEGENERATION - MULTIPLE DISEASES,HSPA5
KEGG_2026,PATHWAYS OF NEURODEGENERATION - MULTIPLE DISEASES,FUS
KEGG_2026,PATHWAYS OF NEURODEGENERATION - MULTIPLE DISEASES,EIF2S1
KEGG_2026,PATHWAYS OF NEURODEGENERATION - MULTIPLE DISEASES,IL6
KEGG_2026,PATHWAYS OF NEURODEGENERATION - MULTIPLE DISEASES,CDK5
KEGG_2026,PATHWAYS OF NEURODEGENERATION - MULTIPLE DISEASES,UQCRQ
KEGG_2026,PATHWAYS OF NEURODEGENERATION - MULTIPLE DISEASES,PRPH2
KEGG_2026,PATHWAYS OF NEURODEGENERATION - MULTIPLE DISEASES,GNAQ
KEGG_2026,PATHWAYS OF NEURODEGENERATION - MULTIPLE DISEASES,CHMP2B
KEGG_2026,PATHWAYS OF NEURODEGENERATION - MULTIPLE DISEASES,BCL2
KEGG_2026,PATHWAYS OF NEURODEGENERATION - MULTIPLE DISEASES,CYCS
KEGG_2026,PATHWAYS OF NEURODEGENERATION - MULTIPLE DISEASES,UBA1
KEGG_2026,PATHWAYS OF NEURODEGENERATION - MULTIPLE DISEASES,RAB5A
KEGG_2026,PATHWAYS OF NEURODEGENERATION - MULTIPLE DISEASES,TUBA8
KEGG_2026,PATHWAYS OF NEURODEGENERATION - MULTIPLE DISEASES,GSK3B
KEGG_2026,PATHWAYS OF NEURODEGENERATION - MULTIPLE DISEASES,LRRK2
KEGG_2026,PATHWAYS OF NEURODEGENERATION - MULTIPLE DISEASES,COX4I1
KEGG_2026,PATHWAYS OF NEURODEGENERATION - MULTIPLE DISEASES,ATP2A1
KEGG_2026,PATHWAYS OF NEURODEGENERATION - MULTIPLE DISEASES,DNALI1
KEGG_2026,PATHWAYS OF NEURODEGENERATION - MULTIPLE DISEASES,GRM1
KEGG_2026,PATHWAYS OF NEURODEGENERATION - MULTIPLE DISEASES,GRM5
KEGG_2026,PATHWAYS OF NEURODEGENERATION - MULTIPLE DISEASES,CASP3
KEGG_2026,PATHWAYS OF NEURODEGENERATION - MULTIPLE DISEASES,RB1CC1
KEGG_2026,PATHWAYS OF NEURODEGENERATION - MULTIPLE DISEASES,UQCRFS1
KEGG_2026,PATHWAYS OF NEURODEGENERATION - MULTIPLE DISEASES,IFT57
KEGG_2026,PATHWAYS OF NEURODEGENERATION - MULTIPLE DISEASES,GPX2
KEGG_2026,PATHWAYS OF NEURODEGENERATION - MULTIPLE DISEASES,DNAI2
KEGG_2026,PATHWAYS OF NEURODEGENERATION - MULTIPLE DISEASES,GPX6
KEGG_2026,PATHWAYS OF NEURODEGENERATION - MULTIPLE DISEASES,GPX8
KEGG_2026,PATHWAYS OF NEURODEGENERATION - MULTIPLE DISEASES,GPX7
KEGG_2026,PATHWAYS OF NEURODEGENERATION - MULTIPLE DISEASES,TNFRSF1A
KEGG_2026,PATHWAYS OF NEURODEGENERATION - MULTIPLE DISEASES,NDUFS8
KEGG_2026,PATHWAYS OF NEURODEGENERATION - MULTIPLE DISEASES,ALS2
KEGG_2026,PATHWAYS OF NEURODEGENERATION - MULTIPLE DISEASES,NDUFS7
KEGG_2026,PATHWAYS OF NEURODEGENERATION - MULTIPLE DISEASES,NDUFS3
KEGG_2026,PATHWAYS OF NEURODEGENERATION - MULTIPLE DISEASES,NDUFS2
KEGG_2026,PATHWAYS OF NEURODEGENERATION - MULTIPLE DISEASES,SMCR8
KEGG_2026,PATHWAYS OF NEURODEGENERATION - MULTIPLE DISEASES,NDUFS1
KEGG_2026,PATHWAYS OF NEURODEGENERATION - MULTIPLE DISEASES,SLC25A5
KEGG_2026,PATHWAYS OF NEURODEGENERATION - MULTIPLE DISEASES,SLC25A4
KEGG_2026,PATHWAYS OF NEURODEGENERATION - MULTIPLE DISEASES,SLC25A6
KEGG_2026,PATHWAYS OF NEURODEGENERATION - MULTIPLE DISEASES,CAMK2B
KEGG_2026,PATHWAYS OF NEURODEGENERATION - MULTIPLE DISEASES,NDUFB9
KEGG_2026,PATHWAYS OF NEURODEGENERATION - MULTIPLE DISEASES,NDUFB8
KEGG_2026,PATHWAYS OF NEURODEGENERATION - MULTIPLE DISEASES,CAMK2D
KEGG_2026,PATHWAYS OF NEURODEGENERATION - MULTIPLE DISEASES,NDUFB7
KEGG_2026,PATHWAYS OF NEURODEGENERATION - MULTIPLE DISEASES,DCTN2
KEGG_2026,PATHWAYS OF NEURODEGENERATION - MULTIPLE DISEASES,TUBAL3
KEGG_2026,PATHWAYS OF NEURODEGENERATION - MULTIPLE DISEASES,DCTN1
KEGG_2026,PATHWAYS OF NEURODEGENERATION - MULTIPLE DISEASES,NDUFB4
KEGG_2026,PATHWAYS OF NEURODEGENERATION - MULTIPLE DISEASES,DCTN4
KEGG_2026,PATHWAYS OF NEURODEGENERATION - MULTIPLE DISEASES,DNAH5
KEGG_2026,PATHWAYS OF NEURODEGENERATION - MULTIPLE DISEASES,NDUFB3
KEGG_2026,PATHWAYS OF NEURODEGENERATION - MULTIPLE DISEASES,CAMK2A
KEGG_2026,PATHWAYS OF NEURODEGENERATION - MULTIPLE DISEASES,LRP5
KEGG_2026,PATHWAYS OF NEURODEGENERATION - MULTIPLE DISEASES,DNAH9
KEGG_2026,PATHWAYS OF NEURODEGENERATION - MULTIPLE DISEASES,AMBRA1
KEGG_2026,PATHWAYS OF NEURODEGENERATION - MULTIPLE DISEASES,HSD17B10
KEGG_2026,PATHWAYS OF NEURODEGENERATION - MULTIPLE DISEASES,MAPK9
KEGG_2026,PATHWAYS OF NEURODEGENERATION - MULTIPLE DISEASES,MAPK8
KEGG_2026,PATHWAYS OF NEURODEGENERATION - MULTIPLE DISEASES,WNT11
KEGG_2026,PATHWAYS OF NEURODEGENERATION - MULTIPLE DISEASES,ATXN1L
KEGG_2026,PATHWAYS OF NEURODEGENERATION - MULTIPLE DISEASES,MAPK1
KEGG_2026,PATHWAYS OF NEURODEGENERATION - MULTIPLE DISEASES,CAMK2G
KEGG_2026,PATHWAYS OF NEURODEGENERATION - MULTIPLE DISEASES,DNAI1
KEGG_2026,PATHWAYS OF NEURODEGENERATION - MULTIPLE DISEASES,MAPK3
KEGG_2026,PATHWAYS OF NEURODEGENERATION - MULTIPLE DISEASES,SNCA
KEGG_2026,PATHWAYS OF NEURODEGENERATION - MULTIPLE DISEASES,NDUFA9
KEGG_2026,PATHWAYS OF NEURODEGENERATION - MULTIPLE DISEASES,NDUFA8
KEGG_2026,PATHWAYS OF NEURODEGENERATION - MULTIPLE DISEASES,NDUFA5
KEGG_2026,PATHWAYS OF NEURODEGENERATION - MULTIPLE DISEASES,NDUFA3
KEGG_2026,PATHWAYS OF NEURODEGENERATION - MULTIPLE DISEASES,NDUFA2
KEGG_2026,PATHWAYS OF NEURODEGENERATION - MULTIPLE DISEASES,ADRM1
KEGG_2026,PATHWAYS OF NEURODEGENERATION - MULTIPLE DISEASES,SOD1
KEGG_2026,PATHWAYS OF NEURODEGENERATION - MULTIPLE DISEASES,VAPB
KEGG_2026,PATHWAYS OF NEURODEGENERATION - MULTIPLE DISEASES,BAX
KEGG_2026,PARKINSON DISEASE,NDUFA13
KEGG_2026,PARKINSON DISEASE,CALML5
KEGG_2026,PARKINSON DISEASE,CALML6
KEGG_2026,PARKINSON DISEASE,NDUFA12
KEGG_2026,PARKINSON DISEASE,NDUFA10
KEGG_2026,PARKINSON DISEASE,KEAP1
KEGG_2026,PARKINSON DISEASE,CALML3
KEGG_2026,PARKINSON DISEASE,CALML4
KEGG_2026,PARKINSON DISEASE,PARK7
KEGG_2026,PARKINSON DISEASE,COX6A1
KEGG_2026,PARKINSON DISEASE,TUBB8
KEGG_2026,PARKINSON DISEASE,TUBB6
KEGG_2026,PARKINSON DISEASE,TUBB3
KEGG_2026,PARKINSON DISEASE,PRKACG
KEGG_2026,PARKINSON DISEASE,PSMD2
KEGG_2026,PARKINSON DISEASE,KIF5B
KEGG_2026,PARKINSON DISEASE,PSMD3
KEGG_2026,PARKINSON DISEASE,KIF5A
KEGG_2026,PARKINSON DISEASE,SLC39A8
KEGG_2026,PARKINSON DISEASE,PRKACB
KEGG_2026,PARKINSON DISEASE,MAP3K5
KEGG_2026,PARKINSON DISEASE,DAXX
KEGG_2026,PARKINSON DISEASE,SLC11A2
KEGG_2026,PARKINSON DISEASE,PRKCA
KEGG_2026,PARKINSON DISEASE,SDHC
KEGG_2026,PARKINSON DISEASE,SDHD
KEGG_2026,PARKINSON DISEASE,SDHA
KEGG_2026,PARKINSON DISEASE,SDHB
KEGG_2026,PARKINSON DISEASE,TUBA4A
KEGG_2026,PARKINSON DISEASE,DDIT3
KEGG_2026,PARKINSON DISEASE,VDAC3
KEGG_2026,PARKINSON DISEASE,UQCRC1
KEGG_2026,PARKINSON DISEASE,PPIF
KEGG_2026,PARKINSON DISEASE,VDAC2
KEGG_2026,PARKINSON DISEASE,VDAC1
KEGG_2026,PARKINSON DISEASE,UQCRC2
KEGG_2026,PARKINSON DISEASE,UBA52
KEGG_2026,PARKINSON DISEASE,TP53
KEGG_2026,PARKINSON DISEASE,ATF6
KEGG_2026,PARKINSON DISEASE,ATF4
KEGG_2026,PARKINSON DISEASE,MAOB
KEGG_2026,PARKINSON DISEASE,PSMD14
KEGG_2026,PARKINSON DISEASE,PSMD13
KEGG_2026,PARKINSON DISEASE,KLC1
KEGG_2026,PARKINSON DISEASE,ATP5MC1
KEGG_2026,PARKINSON DISEASE,KLC4
KEGG_2026,PARKINSON DISEASE,KLC3
KEGG_2026,PARKINSON DISEASE,UBB
KEGG_2026,PARKINSON DISEASE,UBC
KEGG_2026,PARKINSON DISEASE,PLCG1
KEGG_2026,PARKINSON DISEASE,DRD2
KEGG_2026,PARKINSON DISEASE,NDUFV2
KEGG_2026,PARKINSON DISEASE,NDUFV1
KEGG_2026,PARKINSON DISEASE,TRAP1
KEGG_2026,PARKINSON DISEASE,XBP1
KEGG_2026,PARKINSON DISEASE,HSPA5
KEGG_2026,PARKINSON DISEASE,EIF2AK3
KEGG_2026,PARKINSON DISEASE,EIF2S1
KEGG_2026,PARKINSON DISEASE,GNAL
KEGG_2026,PARKINSON DISEASE,TH
KEGG_2026,PARKINSON DISEASE,UQCRQ
KEGG_2026,PARKINSON DISEASE,GNAS
KEGG_2026,PARKINSON DISEASE,CYCS
KEGG_2026,PARKINSON DISEASE,CALM3
KEGG_2026,PARKINSON DISEASE,UBA1
KEGG_2026,PARKINSON DISEASE,CALM1
KEGG_2026,PARKINSON DISEASE,CALM2
KEGG_2026,PARKINSON DISEASE,TUBA8
KEGG_2026,PARKINSON DISEASE,NFE2L2
KEGG_2026,PARKINSON DISEASE,LRRK2
KEGG_2026,PARKINSON DISEASE,COX4I1
KEGG_2026,PARKINSON DISEASE,TUBA1C
KEGG_2026,PARKINSON DISEASE,TUBA1B
KEGG_2026,PARKINSON DISEASE,TUBA1A
KEGG_2026,PARKINSON DISEASE,CASP3
KEGG_2026,PARKINSON DISEASE,UQCRFS1
KEGG_2026,PARKINSON DISEASE,COX8A
KEGG_2026,PARKINSON DISEASE,TUBB
KEGG_2026,PARKINSON DISEASE,TUBB2B
KEGG_2026,PARKINSON DISEASE,TUBB2A
KEGG_2026,PARKINSON DISEASE,NDUFS8
KEGG_2026,PARKINSON DISEASE,NDUFS7
KEGG_2026,PARKINSON DISEASE,ADORA2A
KEGG_2026,PARKINSON DISEASE,NDUFS3
KEGG_2026,PARKINSON DISEASE,NDUFS2
KEGG_2026,PARKINSON DISEASE,NDUFS1
KEGG_2026,PARKINSON DISEASE,SLC25A5
KEGG_2026,PARKINSON DISEASE,SLC25A4
KEGG_2026,PARKINSON DISEASE,SLC25A6
KEGG_2026,PARKINSON DISEASE,PRKN
KEGG_2026,PARKINSON DISEASE,CAMK2B
KEGG_2026,PARKINSON DISEASE,NDUFB9
KEGG_2026,PARKINSON DISEASE,CAMK2D
KEGG_2026,PARKINSON DISEASE,NDUFB8
KEGG_2026,PARKINSON DISEASE,NDUFB7
KEGG_2026,PARKINSON DISEASE,TUBAL3
KEGG_2026,PARKINSON DISEASE,NDUFB4
KEGG_2026,PARKINSON DISEASE,NDUFB3
KEGG_2026,PARKINSON DISEASE,CAMK2A
KEGG_2026,PARKINSON DISEASE,GNAI3
KEGG_2026,PARKINSON DISEASE,UQCR10
KEGG_2026,PARKINSON DISEASE,PTGS2
KEGG_2026,PARKINSON DISEASE,COX5B
KEGG_2026,PARKINSON DISEASE,COX5A
KEGG_2026,PARKINSON DISEASE,GNAI1
KEGG_2026,PARKINSON DISEASE,GNAI2
KEGG_2026,PARKINSON DISEASE,ADCY5
KEGG_2026,PARKINSON DISEASE,TUBA3E
KEGG_2026,PARKINSON DISEASE,MAPK9
KEGG_2026,PARKINSON DISEASE,ATP5F1A
KEGG_2026,PARKINSON DISEASE,TUBA3D
KEGG_2026,PARKINSON DISEASE,MAPK8
KEGG_2026,PARKINSON DISEASE,ATP5F1B
KEGG_2026,PARKINSON DISEASE,RPS27A
KEGG_2026,PARKINSON DISEASE,CAMK2G
KEGG_2026,PARKINSON DISEASE,SNCA
KEGG_2026,PARKINSON DISEASE,NDUFA9
KEGG_2026,PARKINSON DISEASE,ATP5PF
KEGG_2026,PARKINSON DISEASE,NDUFA8
KEGG_2026,PARKINSON DISEASE,ATP5PD
KEGG_2026,PARKINSON DISEASE,NDUFA5
KEGG_2026,PARKINSON DISEASE,ATP5PB
KEGG_2026,PARKINSON DISEASE,NDUFA3
KEGG_2026,PARKINSON DISEASE,ADRM1
KEGG_2026,PARKINSON DISEASE,NDUFA2
KEGG_2026,PARKINSON DISEASE,TUBB4B
KEGG_2026,PARKINSON DISEASE,ATP5F1C
KEGG_2026,PARKINSON DISEASE,ATP5F1D
KEGG_2026,PARKINSON DISEASE,TUBB4A
KEGG_2026,PARKINSON DISEASE,SOD1
KEGG_2026,PARKINSON DISEASE,PSMC5
KEGG_2026,PARKINSON DISEASE,PSMC1
KEGG_2026,PARKINSON DISEASE,NDUFAB1
KEGG_2026,PARKINSON DISEASE,ATP5PO
KEGG_2026,PARKINSON DISEASE,BAX
KEGG_2026,HORMONE SIGNALING,OXTR
KEGG_2026,HORMONE SIGNALING,NPPC
KEGG_2026,HORMONE SIGNALING,STK11
KEGG_2026,HORMONE SIGNALING,PRKACG
KEGG_2026,HORMONE SIGNALING,NPPA
KEGG_2026,HORMONE SIGNALING,PRKACB
KEGG_2026,HORMONE SIGNALING,LHCGR
KEGG_2026,HORMONE SIGNALING,PRKCA
KEGG_2026,HORMONE SIGNALING,PDYN
KEGG_2026,HORMONE SIGNALING,TRHR
KEGG_2026,HORMONE SIGNALING,ADCY9
KEGG_2026,HORMONE SIGNALING,AGTR1
KEGG_2026,HORMONE SIGNALING,AGTR2
KEGG_2026,HORMONE SIGNALING,NPR1
KEGG_2026,HORMONE SIGNALING,CSH2
KEGG_2026,HORMONE SIGNALING,CSH1
KEGG_2026,HORMONE SIGNALING,NPRL3
KEGG_2026,HORMONE SIGNALING,PIK3R3
KEGG_2026,HORMONE SIGNALING,PIK3R2
KEGG_2026,HORMONE SIGNALING,ADRB1
KEGG_2026,HORMONE SIGNALING,PIK3R1
KEGG_2026,HORMONE SIGNALING,ADRB2
KEGG_2026,HORMONE SIGNALING,MCHR1
KEGG_2026,HORMONE SIGNALING,CRHR1
KEGG_2026,HORMONE SIGNALING,GNG10
KEGG_2026,HORMONE SIGNALING,MC2R
KEGG_2026,HORMONE SIGNALING,NLRP3
KEGG_2026,HORMONE SIGNALING,HCRT
KEGG_2026,HORMONE SIGNALING,DRD2
KEGG_2026,HORMONE SIGNALING,DRD4
KEGG_2026,HORMONE SIGNALING,SMAD4
KEGG_2026,HORMONE SIGNALING,GNG12
KEGG_2026,HORMONE SIGNALING,GNG11
KEGG_2026,HORMONE SIGNALING,SMAD5
KEGG_2026,HORMONE SIGNALING,GNG13
KEGG_2026,HORMONE SIGNALING,GNAO1
KEGG_2026,HORMONE SIGNALING,GH2
KEGG_2026,HORMONE SIGNALING,GH1
KEGG_2026,HORMONE SIGNALING,MC1R
KEGG_2026,HORMONE SIGNALING,GNAQ
KEGG_2026,HORMONE SIGNALING,GNB2
KEGG_2026,HORMONE SIGNALING,PNOC
KEGG_2026,HORMONE SIGNALING,GNB1
KEGG_2026,HORMONE SIGNALING,GNB4
KEGG_2026,HORMONE SIGNALING,GNAS
KEGG_2026,HORMONE SIGNALING,GNB3
KEGG_2026,HORMONE SIGNALING,GNB5
KEGG_2026,HORMONE SIGNALING,HAMP
KEGG_2026,HORMONE SIGNALING,DIDO1
KEGG_2026,HORMONE SIGNALING,THRB
KEGG_2026,HORMONE SIGNALING,MLNR
KEGG_2026,HORMONE SIGNALING,SLC40A1
KEGG_2026,HORMONE SIGNALING,ADRA1D
KEGG_2026,HORMONE SIGNALING,OXT
KEGG_2026,HORMONE SIGNALING,PTH1R
KEGG_2026,HORMONE SIGNALING,PIK3CB
KEGG_2026,HORMONE SIGNALING,ADRA1B
KEGG_2026,HORMONE SIGNALING,ADRA1A
KEGG_2026,HORMONE SIGNALING,MC4R
KEGG_2026,HORMONE SIGNALING,GNGT1
KEGG_2026,HORMONE SIGNALING,GNGT2
KEGG_2026,HORMONE SIGNALING,GNRHR
KEGG_2026,HORMONE SIGNALING,PRKG2
KEGG_2026,HORMONE SIGNALING,JAK2
KEGG_2026,HORMONE SIGNALING,PRKG1
KEGG_2026,HORMONE SIGNALING,APPL1
KEGG_2026,HORMONE SIGNALING,AVPR1B
KEGG_2026,HORMONE SIGNALING,AVPR2
KEGG_2026,HORMONE SIGNALING,AVPR1A
KEGG_2026,HORMONE SIGNALING,OPRM1
KEGG_2026,HORMONE SIGNALING,SSTR2
KEGG_2026,HORMONE SIGNALING,ADRA2B
KEGG_2026,HORMONE SIGNALING,SSTR3
KEGG_2026,HORMONE SIGNALING,RHOA
KEGG_2026,HORMONE SIGNALING,ADRA2A
KEGG_2026,HORMONE SIGNALING,SSTR5
KEGG_2026,HORMONE SIGNALING,PLCB3
KEGG_2026,HORMONE SIGNALING,PLCB4
KEGG_2026,HORMONE SIGNALING,ADRB3
KEGG_2026,HORMONE SIGNALING,PIK3CA
KEGG_2026,HORMONE SIGNALING,CRH
KEGG_2026,HORMONE SIGNALING,PLCB1
KEGG_2026,HORMONE SIGNALING,AGXT
KEGG_2026,HORMONE SIGNALING,PLCB2
KEGG_2026,HORMONE SIGNALING,RAPGEF4
KEGG_2026,HORMONE SIGNALING,GUCY2C
KEGG_2026,HORMONE SIGNALING,SRC
KEGG_2026,HORMONE SIGNALING,GNAI3
KEGG_2026,HORMONE SIGNALING,ADCY4
KEGG_2026,HORMONE SIGNALING,ADCY2
KEGG_2026,HORMONE SIGNALING,ADCY1
KEGG_2026,HORMONE SIGNALING,ADCY8
KEGG_2026,HORMONE SIGNALING,ADCY7
KEGG_2026,HORMONE SIGNALING,ADCY6
KEGG_2026,HORMONE SIGNALING,GNAI1
KEGG_2026,HORMONE SIGNALING,GNAI2
KEGG_2026,HORMONE SIGNALING,ADCY5
KEGG_2026,HORMONE SIGNALING,INS
KEGG_2026,HORMONE SIGNALING,GNA13
KEGG_2026,HORMONE SIGNALING,GNA14
KEGG_2026,HORMONE SIGNALING,GNA15
KEGG_2026,HORMONE SIGNALING,GNG3
KEGG_2026,HORMONE SIGNALING,GNG2
KEGG_2026,HORMONE SIGNALING,GNG5
KEGG_2026,HORMONE SIGNALING,GNG4
KEGG_2026,HORMONE SIGNALING,GNG7
KEGG_2026,HORMONE SIGNALING,GNA11
KEGG_2026,HORMONE SIGNALING,GNA12
KEGG_2026,HORMONE SIGNALING,GNG8
KEGG_2026,HORMONE SIGNALING,GCGR
KEGG_2026,HORMONE SIGNALING,STAT3
KEGG_2026,HORMONE SIGNALING,GUCA2B
KEGG_2026,HORMONE SIGNALING,CSHL1
KEGG_2026,HORMONE SIGNALING,GUCA2A
KEGG_2026,HORMONE SIGNALING,POMC
KEGG_2026,HORMONE SIGNALING,GHRH
KEGG_2026,HORMONE SIGNALING,LEP
KEGG_2026,HORMONE SIGNALING,MC5R
KEGG_2026,HORMONE SIGNALING,GHRL
KEGG_2026,GAP JUNCTION,GUCY1B1
KEGG_2026,GAP JUNCTION,HTR2B
KEGG_2026,GAP JUNCTION,HTR2C
KEGG_2026,GAP JUNCTION,GRM1
KEGG_2026,GAP JUNCTION,TUBB8
KEGG_2026,GAP JUNCTION,TUBA1C
KEGG_2026,GAP JUNCTION,TUBB6
KEGG_2026,GAP JUNCTION,TUBA1B
KEGG_2026,GAP JUNCTION,GJA1
KEGG_2026,GAP JUNCTION,GRM5
KEGG_2026,GAP JUNCTION,TUBA1A
KEGG_2026,GAP JUNCTION,TUBB3
KEGG_2026,GAP JUNCTION,PRKACG
KEGG_2026,GAP JUNCTION,PRKG2
KEGG_2026,GAP JUNCTION,HRAS
KEGG_2026,GAP JUNCTION,PRKACB
KEGG_2026,GAP JUNCTION,PRKG1
KEGG_2026,GAP JUNCTION,PRKCG
KEGG_2026,GAP JUNCTION,PDGFRB
KEGG_2026,GAP JUNCTION,GUCY1A2
KEGG_2026,GAP JUNCTION,MAP2K1
KEGG_2026,GAP JUNCTION,GUCY1A1
KEGG_2026,GAP JUNCTION,MAP2K2
KEGG_2026,GAP JUNCTION,PRKCB
KEGG_2026,GAP JUNCTION,TUBB
KEGG_2026,GAP JUNCTION,PRKCA
KEGG_2026,GAP JUNCTION,TUBA4A
KEGG_2026,GAP JUNCTION,TUBB2B
KEGG_2026,GAP JUNCTION,PLCB3
KEGG_2026,GAP JUNCTION,TUBB2A
KEGG_2026,GAP JUNCTION,PLCB4
KEGG_2026,GAP JUNCTION,ADCY9
KEGG_2026,GAP JUNCTION,SOS1
KEGG_2026,GAP JUNCTION,PLCB1
KEGG_2026,GAP JUNCTION,SOS2
KEGG_2026,GAP JUNCTION,PLCB2
KEGG_2026,GAP JUNCTION,TUBAL3
KEGG_2026,GAP JUNCTION,SRC
KEGG_2026,GAP JUNCTION,GNAI3
KEGG_2026,GAP JUNCTION,ADCY4
KEGG_2026,GAP JUNCTION,ADRB1
KEGG_2026,GAP JUNCTION,ADCY2
KEGG_2026,GAP JUNCTION,ADCY1
KEGG_2026,GAP JUNCTION,ADCY8
KEGG_2026,GAP JUNCTION,ADCY7
KEGG_2026,GAP JUNCTION,EGFR
KEGG_2026,GAP JUNCTION,ADCY6
KEGG_2026,GAP JUNCTION,GNAI1
KEGG_2026,GAP JUNCTION,GNAI2
KEGG_2026,GAP JUNCTION,ADCY5
KEGG_2026,GAP JUNCTION,TUBA3E
KEGG_2026,GAP JUNCTION,TUBA3D
KEGG_2026,GAP JUNCTION,NRAS
KEGG_2026,GAP JUNCTION,GNA11
KEGG_2026,GAP JUNCTION,PDGFC
KEGG_2026,GAP JUNCTION,MAPK1
KEGG_2026,GAP JUNCTION,DRD2
KEGG_2026,GAP JUNCTION,MAPK3
KEGG_2026,GAP JUNCTION,TUBB4B
KEGG_2026,GAP JUNCTION,TUBB4A
KEGG_2026,GAP JUNCTION,TJP1
KEGG_2026,GAP JUNCTION,GNAQ
KEGG_2026,GAP JUNCTION,GNAS
KEGG_2026,GAP JUNCTION,GRB2
KEGG_2026,GAP JUNCTION,TUBA8
KEGG_2026,HUMAN CYTOMEGALOVIRUS INFECTION,CALML5
KEGG_2026,HUMAN CYTOMEGALOVIRUS INFECTION,CALML6
KEGG_2026,HUMAN CYTOMEGALOVIRUS INFECTION,CALML3
KEGG_2026,HUMAN CYTOMEGALOVIRUS INFECTION,CALML4
KEGG_2026,HUMAN CYTOMEGALOVIRUS INFECTION,TNF
KEGG_2026,HUMAN CYTOMEGALOVIRUS INFECTION,TBK1
KEGG_2026,HUMAN CYTOMEGALOVIRUS INFECTION,CREB3L3
KEGG_2026,HUMAN CYTOMEGALOVIRUS INFECTION,CREB3L4
KEGG_2026,HUMAN CYTOMEGALOVIRUS INFECTION,AKT2
KEGG_2026,HUMAN CYTOMEGALOVIRUS INFECTION,PRKACG
KEGG_2026,HUMAN CYTOMEGALOVIRUS INFECTION,MYC
KEGG_2026,HUMAN CYTOMEGALOVIRUS INFECTION,CREB3L1
KEGG_2026,HUMAN CYTOMEGALOVIRUS INFECTION,AKT3
KEGG_2026,HUMAN CYTOMEGALOVIRUS INFECTION,CREB3L2
KEGG_2026,HUMAN CYTOMEGALOVIRUS INFECTION,AKT1
KEGG_2026,HUMAN CYTOMEGALOVIRUS INFECTION,PRKACB
KEGG_2026,HUMAN CYTOMEGALOVIRUS INFECTION,PRKCG
KEGG_2026,HUMAN CYTOMEGALOVIRUS INFECTION,MAP2K1
KEGG_2026,HUMAN CYTOMEGALOVIRUS INFECTION,MAP2K2
KEGG_2026,HUMAN CYTOMEGALOVIRUS INFECTION,PRKCB
KEGG_2026,HUMAN CYTOMEGALOVIRUS INFECTION,KCNH8
KEGG_2026,HUMAN CYTOMEGALOVIRUS INFECTION,HLA-B
KEGG_2026,HUMAN CYTOMEGALOVIRUS INFECTION,PRKCA
KEGG_2026,HUMAN CYTOMEGALOVIRUS INFECTION,TSC1
KEGG_2026,HUMAN CYTOMEGALOVIRUS INFECTION,HLA-A
KEGG_2026,HUMAN CYTOMEGALOVIRUS INFECTION,ADCY9
KEGG_2026,HUMAN CYTOMEGALOVIRUS INFECTION,TP53
KEGG_2026,HUMAN CYTOMEGALOVIRUS INFECTION,ATF4
KEGG_2026,HUMAN CYTOMEGALOVIRUS INFECTION,PIK3R3
KEGG_2026,HUMAN CYTOMEGALOVIRUS INFECTION,PIK3R2
KEGG_2026,HUMAN CYTOMEGALOVIRUS INFECTION,PIK3R1
KEGG_2026,HUMAN CYTOMEGALOVIRUS INFECTION,GNG10
KEGG_2026,HUMAN CYTOMEGALOVIRUS INFECTION,CCR1
KEGG_2026,HUMAN CYTOMEGALOVIRUS INFECTION,GNG12
KEGG_2026,HUMAN CYTOMEGALOVIRUS INFECTION,GNG11
KEGG_2026,HUMAN CYTOMEGALOVIRUS INFECTION,GNG13
KEGG_2026,HUMAN CYTOMEGALOVIRUS INFECTION,GNAO1
KEGG_2026,HUMAN CYTOMEGALOVIRUS INFECTION,NFKBIA
KEGG_2026,HUMAN CYTOMEGALOVIRUS INFECTION,IL6
KEGG_2026,HUMAN CYTOMEGALOVIRUS INFECTION,RHEB
KEGG_2026,HUMAN CYTOMEGALOVIRUS INFECTION,FASN
KEGG_2026,HUMAN CYTOMEGALOVIRUS INFECTION,GNAQ
KEGG_2026,HUMAN CYTOMEGALOVIRUS INFECTION,GNB2
KEGG_2026,HUMAN CYTOMEGALOVIRUS INFECTION,GNB1
KEGG_2026,HUMAN CYTOMEGALOVIRUS INFECTION,GNB4
KEGG_2026,HUMAN CYTOMEGALOVIRUS INFECTION,GNAS
KEGG_2026,HUMAN CYTOMEGALOVIRUS INFECTION,MDM2
KEGG_2026,HUMAN CYTOMEGALOVIRUS INFECTION,CYCS
KEGG_2026,HUMAN CYTOMEGALOVIRUS INFECTION,GNB3
KEGG_2026,HUMAN CYTOMEGALOVIRUS INFECTION,CALM3
KEGG_2026,HUMAN CYTOMEGALOVIRUS INFECTION,GRB2
KEGG_2026,HUMAN CYTOMEGALOVIRUS INFECTION,CALR
KEGG_2026,HUMAN CYTOMEGALOVIRUS INFECTION,GNB5
KEGG_2026,HUMAN CYTOMEGALOVIRUS INFECTION,CALM1
KEGG_2026,HUMAN CYTOMEGALOVIRUS INFECTION,CALM2
KEGG_2026,HUMAN CYTOMEGALOVIRUS INFECTION,GSK3B
KEGG_2026,HUMAN CYTOMEGALOVIRUS INFECTION,CGAS
KEGG_2026,HUMAN CYTOMEGALOVIRUS INFECTION,PIK3CB
KEGG_2026,HUMAN CYTOMEGALOVIRUS INFECTION,CX3CL1
KEGG_2026,HUMAN CYTOMEGALOVIRUS INFECTION,GNGT1
KEGG_2026,HUMAN CYTOMEGALOVIRUS INFECTION,AKAP13
KEGG_2026,HUMAN CYTOMEGALOVIRUS INFECTION,PPP3CB
KEGG_2026,HUMAN CYTOMEGALOVIRUS INFECTION,GNGT2
KEGG_2026,HUMAN CYTOMEGALOVIRUS INFECTION,CASP3
KEGG_2026,HUMAN CYTOMEGALOVIRUS INFECTION,RAC2
KEGG_2026,HUMAN CYTOMEGALOVIRUS INFECTION,CCR5
KEGG_2026,HUMAN CYTOMEGALOVIRUS INFECTION,HRAS
KEGG_2026,HUMAN CYTOMEGALOVIRUS INFECTION,CCR3
KEGG_2026,HUMAN CYTOMEGALOVIRUS INFECTION,NCOA3
KEGG_2026,HUMAN CYTOMEGALOVIRUS INFECTION,RHOA
KEGG_2026,HUMAN CYTOMEGALOVIRUS INFECTION,TNFRSF1A
KEGG_2026,HUMAN CYTOMEGALOVIRUS INFECTION,TAPBP
KEGG_2026,HUMAN CYTOMEGALOVIRUS INFECTION,PLCB3
KEGG_2026,HUMAN CYTOMEGALOVIRUS INFECTION,PLCB4
KEGG_2026,HUMAN CYTOMEGALOVIRUS INFECTION,CREB1
KEGG_2026,HUMAN CYTOMEGALOVIRUS INFECTION,PIK3CA
KEGG_2026,HUMAN CYTOMEGALOVIRUS INFECTION,IL1B
KEGG_2026,HUMAN CYTOMEGALOVIRUS INFECTION,PXDN
KEGG_2026,HUMAN CYTOMEGALOVIRUS INFECTION,ARHGEF1
KEGG_2026,HUMAN CYTOMEGALOVIRUS INFECTION,PLCB1
KEGG_2026,HUMAN CYTOMEGALOVIRUS INFECTION,SOS1
KEGG_2026,HUMAN CYTOMEGALOVIRUS INFECTION,PLCB2
KEGG_2026,HUMAN CYTOMEGALOVIRUS INFECTION,SOS2
KEGG_2026,HUMAN CYTOMEGALOVIRUS INFECTION,CREB5
KEGG_2026,HUMAN CYTOMEGALOVIRUS INFECTION,ROCK1
KEGG_2026,HUMAN CYTOMEGALOVIRUS INFECTION,ATF6B
KEGG_2026,HUMAN CYTOMEGALOVIRUS INFECTION,SRC
KEGG_2026,HUMAN CYTOMEGALOVIRUS INFECTION,ROCK2
KEGG_2026,HUMAN CYTOMEGALOVIRUS INFECTION,GNAI3
KEGG_2026,HUMAN CYTOMEGALOVIRUS INFECTION,ADCY4
KEGG_2026,HUMAN CYTOMEGALOVIRUS INFECTION,CXCR4
KEGG_2026,HUMAN CYTOMEGALOVIRUS INFECTION,ADCY2
KEGG_2026,HUMAN CYTOMEGALOVIRUS INFECTION,ADCY1
KEGG_2026,HUMAN CYTOMEGALOVIRUS INFECTION,PTGS2
KEGG_2026,HUMAN CYTOMEGALOVIRUS INFECTION,ADCY8
KEGG_2026,HUMAN CYTOMEGALOVIRUS INFECTION,ADCY7
KEGG_2026,HUMAN CYTOMEGALOVIRUS INFECTION,EGFR
KEGG_2026,HUMAN CYTOMEGALOVIRUS INFECTION,ADCY6
KEGG_2026,HUMAN CYTOMEGALOVIRUS INFECTION,GNAI1
KEGG_2026,HUMAN CYTOMEGALOVIRUS INFECTION,RELA
KEGG_2026,HUMAN CYTOMEGALOVIRUS INFECTION,GNAI2
KEGG_2026,HUMAN CYTOMEGALOVIRUS INFECTION,ADCY5
KEGG_2026,HUMAN CYTOMEGALOVIRUS INFECTION,GNA13
KEGG_2026,HUMAN CYTOMEGALOVIRUS INFECTION,NRAS
KEGG_2026,HUMAN CYTOMEGALOVIRUS INFECTION,GNG3
KEGG_2026,HUMAN CYTOMEGALOVIRUS INFECTION,GNG2
KEGG_2026,HUMAN CYTOMEGALOVIRUS INFECTION,GNG5
KEGG_2026,HUMAN CYTOMEGALOVIRUS INFECTION,GNG4
KEGG_2026,HUMAN CYTOMEGALOVIRUS INFECTION,GNG7
KEGG_2026,HUMAN CYTOMEGALOVIRUS INFECTION,GNA11
KEGG_2026,HUMAN CYTOMEGALOVIRUS INFECTION,GNA12
KEGG_2026,HUMAN CYTOMEGALOVIRUS INFECTION,CCL2
KEGG_2026,HUMAN CYTOMEGALOVIRUS INFECTION,GNG8
KEGG_2026,HUMAN CYTOMEGALOVIRUS INFECTION,MAPK1
KEGG_2026,HUMAN CYTOMEGALOVIRUS INFECTION,MAPK3
KEGG_2026,HUMAN CYTOMEGALOVIRUS INFECTION,CDKN2A
KEGG_2026,HUMAN CYTOMEGALOVIRUS INFECTION,STAT3
KEGG_2026,HUMAN CYTOMEGALOVIRUS INFECTION,CTNNB1
KEGG_2026,HUMAN CYTOMEGALOVIRUS INFECTION,BAX
KEGG_2026,CHOLINERGIC SYNAPSE,CHRM1
KEGG_2026,CHOLINERGIC SYNAPSE,PIK3CB
KEGG_2026,CHOLINERGIC SYNAPSE,PIK3CG
KEGG_2026,CHOLINERGIC SYNAPSE,GNGT1
KEGG_2026,CHOLINERGIC SYNAPSE,GNGT2
KEGG_2026,CHOLINERGIC SYNAPSE,CREB3L3
KEGG_2026,CHOLINERGIC SYNAPSE,CREB3L4
KEGG_2026,CHOLINERGIC SYNAPSE,AKT2
KEGG_2026,CHOLINERGIC SYNAPSE,PRKACG
KEGG_2026,CHOLINERGIC SYNAPSE,CREB3L1
KEGG_2026,CHOLINERGIC SYNAPSE,AKT3
KEGG_2026,CHOLINERGIC SYNAPSE,CREB3L2
KEGG_2026,CHOLINERGIC SYNAPSE,AKT1
KEGG_2026,CHOLINERGIC SYNAPSE,JAK2
KEGG_2026,CHOLINERGIC SYNAPSE,PRKACB
KEGG_2026,CHOLINERGIC SYNAPSE,HRAS
KEGG_2026,CHOLINERGIC SYNAPSE,PRKCG
KEGG_2026,CHOLINERGIC SYNAPSE,MAP2K1
KEGG_2026,CHOLINERGIC SYNAPSE,PRKCB
KEGG_2026,CHOLINERGIC SYNAPSE,PRKCA
KEGG_2026,CHOLINERGIC SYNAPSE,FOS
KEGG_2026,CHOLINERGIC SYNAPSE,SLC5A7
KEGG_2026,CHOLINERGIC SYNAPSE,PLCB3
KEGG_2026,CHOLINERGIC SYNAPSE,ADCY9
KEGG_2026,CHOLINERGIC SYNAPSE,CREB1
KEGG_2026,CHOLINERGIC SYNAPSE,PLCB4
KEGG_2026,CHOLINERGIC SYNAPSE,PIK3CA
KEGG_2026,CHOLINERGIC SYNAPSE,KCNQ4
KEGG_2026,CHOLINERGIC SYNAPSE,PLCB1
KEGG_2026,CHOLINERGIC SYNAPSE,PLCB2
KEGG_2026,CHOLINERGIC SYNAPSE,ATF4
KEGG_2026,CHOLINERGIC SYNAPSE,CREB5
KEGG_2026,CHOLINERGIC SYNAPSE,CAMK2B
KEGG_2026,CHOLINERGIC SYNAPSE,CAMK2D
KEGG_2026,CHOLINERGIC SYNAPSE,CAMK2A
KEGG_2026,CHOLINERGIC SYNAPSE,GNAI3
KEGG_2026,CHOLINERGIC SYNAPSE,ADCY4
KEGG_2026,CHOLINERGIC SYNAPSE,PIK3R3
KEGG_2026,CHOLINERGIC SYNAPSE,PIK3R2
KEGG_2026,CHOLINERGIC SYNAPSE,ADCY2
KEGG_2026,CHOLINERGIC SYNAPSE,PIK3R1
KEGG_2026,CHOLINERGIC SYNAPSE,ADCY1
KEGG_2026,CHOLINERGIC SYNAPSE,CACNA1F
KEGG_2026,CHOLINERGIC SYNAPSE,ADCY8
KEGG_2026,CHOLINERGIC SYNAPSE,ADCY7
KEGG_2026,CHOLINERGIC SYNAPSE,ADCY6
KEGG_2026,CHOLINERGIC SYNAPSE,GNAI1
KEGG_2026,CHOLINERGIC SYNAPSE,GNAI2
KEGG_2026,CHOLINERGIC SYNAPSE,ADCY5
KEGG_2026,CHOLINERGIC SYNAPSE,GNG10
KEGG_2026,CHOLINERGIC SYNAPSE,GNG3
KEGG_2026,CHOLINERGIC SYNAPSE,NRAS
KEGG_2026,CHOLINERGIC SYNAPSE,GNG2
KEGG_2026,CHOLINERGIC SYNAPSE,GNG5
KEGG_2026,CHOLINERGIC SYNAPSE,GNG4
KEGG_2026,CHOLINERGIC SYNAPSE,GNG7
KEGG_2026,CHOLINERGIC SYNAPSE,GNA11
KEGG_2026,CHOLINERGIC SYNAPSE,GNG8
KEGG_2026,CHOLINERGIC SYNAPSE,MAPK1
KEGG_2026,CHOLINERGIC SYNAPSE,FYN
KEGG_2026,CHOLINERGIC SYNAPSE,CAMK2G
KEGG_2026,CHOLINERGIC SYNAPSE,MAPK3
KEGG_2026,CHOLINERGIC SYNAPSE,KCNJ3
KEGG_2026,CHOLINERGIC SYNAPSE,GNG12
KEGG_2026,CHOLINERGIC SYNAPSE,GNG11
KEGG_2026,CHOLINERGIC SYNAPSE,GNG13
KEGG_2026,CHOLINERGIC SYNAPSE,GNAO1
KEGG_2026,CHOLINERGIC SYNAPSE,GNAQ
KEGG_2026,CHOLINERGIC SYNAPSE,GNB2
KEGG_2026,CHOLINERGIC SYNAPSE,CAMK4
KEGG_2026,CHOLINERGIC SYNAPSE,GNB1
KEGG_2026,CHOLINERGIC SYNAPSE,GNB4
KEGG_2026,CHOLINERGIC SYNAPSE,BCL2
KEGG_2026,CHOLINERGIC SYNAPSE,GNB3
KEGG_2026,CHOLINERGIC SYNAPSE,GNB5
KEGG_2026,CIRCADIAN ENTRAINMENT,RYR1
KEGG_2026,CIRCADIAN ENTRAINMENT,RYR2
KEGG_2026,CIRCADIAN ENTRAINMENT,GUCY1B1
KEGG_2026,CIRCADIAN ENTRAINMENT,CALML5
KEGG_2026,CIRCADIAN ENTRAINMENT,CALML6
KEGG_2026,CIRCADIAN ENTRAINMENT,CALML3
KEGG_2026,CIRCADIAN ENTRAINMENT,CALML4
KEGG_2026,CIRCADIAN ENTRAINMENT,GNGT1
KEGG_2026,CIRCADIAN ENTRAINMENT,GNGT2
KEGG_2026,CIRCADIAN ENTRAINMENT,RPS6KA5
KEGG_2026,CIRCADIAN ENTRAINMENT,PRKACG
KEGG_2026,CIRCADIAN ENTRAINMENT,PRKG2
KEGG_2026,CIRCADIAN ENTRAINMENT,PRKACB
KEGG_2026,CIRCADIAN ENTRAINMENT,PRKG1
KEGG_2026,CIRCADIAN ENTRAINMENT,PRKCG
KEGG_2026,CIRCADIAN ENTRAINMENT,GUCY1A2
KEGG_2026,CIRCADIAN ENTRAINMENT,GUCY1A1
KEGG_2026,CIRCADIAN ENTRAINMENT,PRKCB
KEGG_2026,CIRCADIAN ENTRAINMENT,PRKCA
KEGG_2026,CIRCADIAN ENTRAINMENT,FOS
KEGG_2026,CIRCADIAN ENTRAINMENT,PLCB3
KEGG_2026,CIRCADIAN ENTRAINMENT,CREB1
KEGG_2026,CIRCADIAN ENTRAINMENT,PLCB4
KEGG_2026,CIRCADIAN ENTRAINMENT,ADCY9
KEGG_2026,CIRCADIAN ENTRAINMENT,PLCB1
KEGG_2026,CIRCADIAN ENTRAINMENT,PLCB2
KEGG_2026,CIRCADIAN ENTRAINMENT,CAMK2B
KEGG_2026,CIRCADIAN ENTRAINMENT,GRIA1
KEGG_2026,CIRCADIAN ENTRAINMENT,CAMK2D
KEGG_2026,CIRCADIAN ENTRAINMENT,CAMK2A
KEGG_2026,CIRCADIAN ENTRAINMENT,GNAI3
KEGG_2026,CIRCADIAN ENTRAINMENT,ADCY4
KEGG_2026,CIRCADIAN ENTRAINMENT,ADCY2
KEGG_2026,CIRCADIAN ENTRAINMENT,ADCY1
KEGG_2026,CIRCADIAN ENTRAINMENT,ADCY8
KEGG_2026,CIRCADIAN ENTRAINMENT,ADCY7
KEGG_2026,CIRCADIAN ENTRAINMENT,ADCY6
KEGG_2026,CIRCADIAN ENTRAINMENT,GNAI1
KEGG_2026,CIRCADIAN ENTRAINMENT,GNAI2
KEGG_2026,CIRCADIAN ENTRAINMENT,ADCY5
KEGG_2026,CIRCADIAN ENTRAINMENT,GNG10
KEGG_2026,CIRCADIAN ENTRAINMENT,GNG3
KEGG_2026,CIRCADIAN ENTRAINMENT,GNG2
KEGG_2026,CIRCADIAN ENTRAINMENT,GNG5
KEGG_2026,CIRCADIAN ENTRAINMENT,GNG4
KEGG_2026,CIRCADIAN ENTRAINMENT,GNG7
KEGG_2026,CIRCADIAN ENTRAINMENT,GNG8
KEGG_2026,CIRCADIAN ENTRAINMENT,MAPK1
KEGG_2026,CIRCADIAN ENTRAINMENT,CAMK2G
KEGG_2026,CIRCADIAN ENTRAINMENT,MAPK3
KEGG_2026,CIRCADIAN ENTRAINMENT,KCNJ3
KEGG_2026,CIRCADIAN ENTRAINMENT,KCNJ5
KEGG_2026,CIRCADIAN ENTRAINMENT,GNG12
KEGG_2026,CIRCADIAN ENTRAINMENT,GNG11
KEGG_2026,CIRCADIAN ENTRAINMENT,GNG13
KEGG_2026,CIRCADIAN ENTRAINMENT,GNAO1
KEGG_2026,CIRCADIAN ENTRAINMENT,PER2
KEGG_2026,CIRCADIAN ENTRAINMENT,ADCY10
KEGG_2026,CIRCADIAN ENTRAINMENT,GNAQ
KEGG_2026,CIRCADIAN ENTRAINMENT,GNB2
KEGG_2026,CIRCADIAN ENTRAINMENT,GNB1
KEGG_2026,CIRCADIAN ENTRAINMENT,GNB4
KEGG_2026,CIRCADIAN ENTRAINMENT,GNAS
KEGG_2026,CIRCADIAN ENTRAINMENT,GNB3
KEGG_2026,CIRCADIAN ENTRAINMENT,CALM3
KEGG_2026,CIRCADIAN ENTRAINMENT,GNB5
KEGG_2026,CIRCADIAN ENTRAINMENT,CALM1
KEGG_2026,CIRCADIAN ENTRAINMENT,CALM2
KEGG_2026,HUNTINGTON DISEASE,NDUFA13
KEGG_2026,HUNTINGTON DISEASE,NDUFA12
KEGG_2026,HUNTINGTON DISEASE,NDUFA10
KEGG_2026,HUNTINGTON DISEASE,COX6A1
KEGG_2026,HUNTINGTON DISEASE,TUBB8
KEGG_2026,HUNTINGTON DISEASE,TUBB6
KEGG_2026,HUNTINGTON DISEASE,CREB3L3
KEGG_2026,HUNTINGTON DISEASE,CREB3L4
KEGG_2026,HUNTINGTON DISEASE,TUBB3
KEGG_2026,HUNTINGTON DISEASE,CREB3L1
KEGG_2026,HUNTINGTON DISEASE,PSMD2
KEGG_2026,HUNTINGTON DISEASE,KIF5B
KEGG_2026,HUNTINGTON DISEASE,CREB3L2
KEGG_2026,HUNTINGTON DISEASE,PSMD3
KEGG_2026,HUNTINGTON DISEASE,KIF5A
KEGG_2026,HUNTINGTON DISEASE,EP300
KEGG_2026,HUNTINGTON DISEASE,MAP3K5
KEGG_2026,HUNTINGTON DISEASE,SDHC
KEGG_2026,HUNTINGTON DISEASE,SDHD
KEGG_2026,HUNTINGTON DISEASE,SDHA
KEGG_2026,HUNTINGTON DISEASE,ATG13
KEGG_2026,HUNTINGTON DISEASE,SDHB
KEGG_2026,HUNTINGTON DISEASE,TUBA4A
KEGG_2026,HUNTINGTON DISEASE,VDAC3
KEGG_2026,HUNTINGTON DISEASE,UQCRC1
KEGG_2026,HUNTINGTON DISEASE,PPIF
KEGG_2026,HUNTINGTON DISEASE,VDAC2
KEGG_2026,HUNTINGTON DISEASE,VDAC1
KEGG_2026,HUNTINGTON DISEASE,UQCRC2
KEGG_2026,HUNTINGTON DISEASE,TP53
KEGG_2026,HUNTINGTON DISEASE,STX1A
KEGG_2026,HUNTINGTON DISEASE,GRIA1
KEGG_2026,HUNTINGTON DISEASE,PSMD14
KEGG_2026,HUNTINGTON DISEASE,PSMD13
KEGG_2026,HUNTINGTON DISEASE,SLC1A2
KEGG_2026,HUNTINGTON DISEASE,SLC1A3
KEGG_2026,HUNTINGTON DISEASE,KLC1
KEGG_2026,HUNTINGTON DISEASE,ATP5MC1
KEGG_2026,HUNTINGTON DISEASE,KLC4
KEGG_2026,HUNTINGTON DISEASE,KLC3
KEGG_2026,HUNTINGTON DISEASE,CLTCL1
KEGG_2026,HUNTINGTON DISEASE,NDUFV2
KEGG_2026,HUNTINGTON DISEASE,PPARGC1A
KEGG_2026,HUNTINGTON DISEASE,NDUFV1
KEGG_2026,HUNTINGTON DISEASE,DNAH12
KEGG_2026,HUNTINGTON DISEASE,DNAH11
KEGG_2026,HUNTINGTON DISEASE,CREBBP
KEGG_2026,HUNTINGTON DISEASE,DNAH10
KEGG_2026,HUNTINGTON DISEASE,UQCRQ
KEGG_2026,HUNTINGTON DISEASE,GNAQ
KEGG_2026,HUNTINGTON DISEASE,CYCS
KEGG_2026,HUNTINGTON DISEASE,TAF4B
KEGG_2026,HUNTINGTON DISEASE,RCOR1
KEGG_2026,HUNTINGTON DISEASE,TUBA8
KEGG_2026,HUNTINGTON DISEASE,COX4I1
KEGG_2026,HUNTINGTON DISEASE,CLTC
KEGG_2026,HUNTINGTON DISEASE,AP2A1
KEGG_2026,HUNTINGTON DISEASE,AP2A2
KEGG_2026,HUNTINGTON DISEASE,DNALI1
KEGG_2026,HUNTINGTON DISEASE,TUBA1C
KEGG_2026,HUNTINGTON DISEASE,TUBA1B
KEGG_2026,HUNTINGTON DISEASE,GRM5
KEGG_2026,HUNTINGTON DISEASE,TUBA1A
KEGG_2026,HUNTINGTON DISEASE,SIN3A
KEGG_2026,HUNTINGTON DISEASE,CASP3
KEGG_2026,HUNTINGTON DISEASE,RB1CC1
KEGG_2026,HUNTINGTON DISEASE,UQCRFS1
KEGG_2026,HUNTINGTON DISEASE,IFT57
KEGG_2026,HUNTINGTON DISEASE,COX8A
KEGG_2026,HUNTINGTON DISEASE,DNAI2
KEGG_2026,HUNTINGTON DISEASE,GPX2
KEGG_2026,HUNTINGTON DISEASE,TBP
KEGG_2026,HUNTINGTON DISEASE,TUBB
KEGG_2026,HUNTINGTON DISEASE,GPX6
KEGG_2026,HUNTINGTON DISEASE,GPX8
KEGG_2026,HUNTINGTON DISEASE,GPX7
KEGG_2026,HUNTINGTON DISEASE,TUBB2B
KEGG_2026,HUNTINGTON DISEASE,PLCB3
KEGG_2026,HUNTINGTON DISEASE,TUBB2A
KEGG_2026,HUNTINGTON DISEASE,PLCB4
KEGG_2026,HUNTINGTON DISEASE,CREB1
KEGG_2026,HUNTINGTON DISEASE,NDUFS8
KEGG_2026,HUNTINGTON DISEASE,NDUFS7
KEGG_2026,HUNTINGTON DISEASE,NDUFS3
KEGG_2026,HUNTINGTON DISEASE,NDUFS2
KEGG_2026,HUNTINGTON DISEASE,PPARG
KEGG_2026,HUNTINGTON DISEASE,NDUFS1
KEGG_2026,HUNTINGTON DISEASE,HAP1
KEGG_2026,HUNTINGTON DISEASE,PLCB1
KEGG_2026,HUNTINGTON DISEASE,SLC25A5
KEGG_2026,HUNTINGTON DISEASE,PLCB2
KEGG_2026,HUNTINGTON DISEASE,SLC25A4
KEGG_2026,HUNTINGTON DISEASE,CREB5
KEGG_2026,HUNTINGTON DISEASE,SLC25A6
KEGG_2026,HUNTINGTON DISEASE,NDUFB9
KEGG_2026,HUNTINGTON DISEASE,NDUFB8
KEGG_2026,HUNTINGTON DISEASE,HDAC2
KEGG_2026,HUNTINGTON DISEASE,NDUFB7
KEGG_2026,HUNTINGTON DISEASE,DCTN2
KEGG_2026,HUNTINGTON DISEASE,TUBAL3
KEGG_2026,HUNTINGTON DISEASE,DCTN1
KEGG_2026,HUNTINGTON DISEASE,HDAC1
KEGG_2026,HUNTINGTON DISEASE,DCTN4
KEGG_2026,HUNTINGTON DISEASE,DNAH5
KEGG_2026,HUNTINGTON DISEASE,NDUFB4
KEGG_2026,HUNTINGTON DISEASE,NDUFB3
KEGG_2026,HUNTINGTON DISEASE,DNAH9
KEGG_2026,HUNTINGTON DISEASE,UQCR10
KEGG_2026,HUNTINGTON DISEASE,AMBRA1
KEGG_2026,HUNTINGTON DISEASE,PTGS2
KEGG_2026,HUNTINGTON DISEASE,COX5B
KEGG_2026,HUNTINGTON DISEASE,COX5A
KEGG_2026,HUNTINGTON DISEASE,TUBA3E
KEGG_2026,HUNTINGTON DISEASE,MAPK9
KEGG_2026,HUNTINGTON DISEASE,ATP5F1A
KEGG_2026,HUNTINGTON DISEASE,TUBA3D
KEGG_2026,HUNTINGTON DISEASE,MAPK8
KEGG_2026,HUNTINGTON DISEASE,ATP5F1B
KEGG_2026,HUNTINGTON DISEASE,POLR2A
KEGG_2026,HUNTINGTON DISEASE,POLR2B
KEGG_2026,HUNTINGTON DISEASE,POLR2C
KEGG_2026,HUNTINGTON DISEASE,DNAI1
KEGG_2026,HUNTINGTON DISEASE,NDUFA9
KEGG_2026,HUNTINGTON DISEASE,ATP5PF
KEGG_2026,HUNTINGTON DISEASE,NDUFA8
KEGG_2026,HUNTINGTON DISEASE,ATP5PD
KEGG_2026,HUNTINGTON DISEASE,KCNJ10
KEGG_2026,HUNTINGTON DISEASE,NDUFA5
KEGG_2026,HUNTINGTON DISEASE,ATP5PB
KEGG_2026,HUNTINGTON DISEASE,NDUFA3
KEGG_2026,HUNTINGTON DISEASE,ADRM1
KEGG_2026,HUNTINGTON DISEASE,NDUFA2
KEGG_2026,HUNTINGTON DISEASE,AP2B1
KEGG_2026,HUNTINGTON DISEASE,TUBB4B
KEGG_2026,HUNTINGTON DISEASE,ATP5F1C
KEGG_2026,HUNTINGTON DISEASE,SOD2
KEGG_2026,HUNTINGTON DISEASE,ATP5F1D
KEGG_2026,HUNTINGTON DISEASE,TUBB4A
KEGG_2026,HUNTINGTON DISEASE,SOD1
KEGG_2026,HUNTINGTON DISEASE,PSMC5
KEGG_2026,HUNTINGTON DISEASE,PSMC1
KEGG_2026,HUNTINGTON DISEASE,NDUFAB1
KEGG_2026,HUNTINGTON DISEASE,ATP5PO
KEGG_2026,HUNTINGTON DISEASE,BAX
KEGG_2026,HUNTINGTON DISEASE,TAF4
KEGG_2026,MORPHINE ADDICTION,GABRB1
KEGG_2026,MORPHINE ADDICTION,PDE3B
KEGG_2026,MORPHINE ADDICTION,ARRB1
KEGG_2026,MORPHINE ADDICTION,ARRB2
KEGG_2026,MORPHINE ADDICTION,GNGT1
KEGG_2026,MORPHINE ADDICTION,GABRR2
KEGG_2026,MORPHINE ADDICTION,GABRR1
KEGG_2026,MORPHINE ADDICTION,GNGT2
KEGG_2026,MORPHINE ADDICTION,PRKACG
KEGG_2026,MORPHINE ADDICTION,PDE4B
KEGG_2026,MORPHINE ADDICTION,PDE4A
KEGG_2026,MORPHINE ADDICTION,PRKACB
KEGG_2026,MORPHINE ADDICTION,PRKCG
KEGG_2026,MORPHINE ADDICTION,PRKCB
KEGG_2026,MORPHINE ADDICTION,PRKCA
KEGG_2026,MORPHINE ADDICTION,OPRM1
KEGG_2026,MORPHINE ADDICTION,GABRG2
KEGG_2026,MORPHINE ADDICTION,ADCY9
KEGG_2026,MORPHINE ADDICTION,PDE1C
KEGG_2026,MORPHINE ADDICTION,PDE1B
KEGG_2026,MORPHINE ADDICTION,PDE1A
KEGG_2026,MORPHINE ADDICTION,GNAI3
KEGG_2026,MORPHINE ADDICTION,ADCY4
KEGG_2026,MORPHINE ADDICTION,ADCY2
KEGG_2026,MORPHINE ADDICTION,ADCY1
KEGG_2026,MORPHINE ADDICTION,ADCY8
KEGG_2026,MORPHINE ADDICTION,ADCY7
KEGG_2026,MORPHINE ADDICTION,ADCY6
KEGG_2026,MORPHINE ADDICTION,GNAI1
KEGG_2026,MORPHINE ADDICTION,GNAI2
KEGG_2026,MORPHINE ADDICTION,ADCY5
KEGG_2026,MORPHINE ADDICTION,GNG10
KEGG_2026,MORPHINE ADDICTION,GRK3
KEGG_2026,MORPHINE ADDICTION,PDE11A
KEGG_2026,MORPHINE ADDICTION,GNG3
KEGG_2026,MORPHINE ADDICTION,GRK2
KEGG_2026,MORPHINE ADDICTION,GNG2
KEGG_2026,MORPHINE ADDICTION,GNG5
KEGG_2026,MORPHINE ADDICTION,GRK5
KEGG_2026,MORPHINE ADDICTION,GNG4
KEGG_2026,MORPHINE ADDICTION,GRK4
KEGG_2026,MORPHINE ADDICTION,GNG7
KEGG_2026,MORPHINE ADDICTION,GRK6
KEGG_2026,MORPHINE ADDICTION,GNG8
KEGG_2026,MORPHINE ADDICTION,GABRD
KEGG_2026,MORPHINE ADDICTION,KCNJ3
KEGG_2026,MORPHINE ADDICTION,GABRA1
KEGG_2026,MORPHINE ADDICTION,KCNJ5
KEGG_2026,MORPHINE ADDICTION,GABBR1
KEGG_2026,MORPHINE ADDICTION,GABRA5
KEGG_2026,MORPHINE ADDICTION,PDE2A
KEGG_2026,MORPHINE ADDICTION,GNG12
KEGG_2026,MORPHINE ADDICTION,GNG11
KEGG_2026,MORPHINE ADDICTION,GNG13
KEGG_2026,MORPHINE ADDICTION,GNAO1
KEGG_2026,MORPHINE ADDICTION,PDE10A
KEGG_2026,MORPHINE ADDICTION,GNB2
KEGG_2026,MORPHINE ADDICTION,GNB1
KEGG_2026,MORPHINE ADDICTION,GNB4
KEGG_2026,MORPHINE ADDICTION,GNAS
KEGG_2026,MORPHINE ADDICTION,PDE3A
KEGG_2026,MORPHINE ADDICTION,GNB3
KEGG_2026,MORPHINE ADDICTION,PDE7B
KEGG_2026,MORPHINE ADDICTION,GNB5
KEGG_2026,"GROWTH HORMONE SYNTHESIS, SECRETION AND ACTION",GSK3B
KEGG_2026,"GROWTH HORMONE SYNTHESIS, SECRETION AND ACTION",PIK3CB
KEGG_2026,"GROWTH HORMONE SYNTHESIS, SECRETION AND ACTION",CREB3L3
KEGG_2026,"GROWTH HORMONE SYNTHESIS, SECRETION AND ACTION",CREB3L4
KEGG_2026,"GROWTH HORMONE SYNTHESIS, SECRETION AND ACTION",AKT2
KEGG_2026,"GROWTH HORMONE SYNTHESIS, SECRETION AND ACTION",PRKACG
KEGG_2026,"GROWTH HORMONE SYNTHESIS, SECRETION AND ACTION",CREB3L1
KEGG_2026,"GROWTH HORMONE SYNTHESIS, SECRETION AND ACTION",AKT3
KEGG_2026,"GROWTH HORMONE SYNTHESIS, SECRETION AND ACTION",CREB3L2
KEGG_2026,"GROWTH HORMONE SYNTHESIS, SECRETION AND ACTION",AKT1
KEGG_2026,"GROWTH HORMONE SYNTHESIS, SECRETION AND ACTION",EP300
KEGG_2026,"GROWTH HORMONE SYNTHESIS, SECRETION AND ACTION",JAK2
KEGG_2026,"GROWTH HORMONE SYNTHESIS, SECRETION AND ACTION",PRKACB
KEGG_2026,"GROWTH HORMONE SYNTHESIS, SECRETION AND ACTION",HRAS
KEGG_2026,"GROWTH HORMONE SYNTHESIS, SECRETION AND ACTION",PRKCG
KEGG_2026,"GROWTH HORMONE SYNTHESIS, SECRETION AND ACTION",MAP2K1
KEGG_2026,"GROWTH HORMONE SYNTHESIS, SECRETION AND ACTION",MAP2K2
KEGG_2026,"GROWTH HORMONE SYNTHESIS, SECRETION AND ACTION",PRKCB
KEGG_2026,"GROWTH HORMONE SYNTHESIS, SECRETION AND ACTION",PRKCA
KEGG_2026,"GROWTH HORMONE SYNTHESIS, SECRETION AND ACTION",FOS
KEGG_2026,"GROWTH HORMONE SYNTHESIS, SECRETION AND ACTION",SSTR2
KEGG_2026,"GROWTH HORMONE SYNTHESIS, SECRETION AND ACTION",SSTR3
KEGG_2026,"GROWTH HORMONE SYNTHESIS, SECRETION AND ACTION",SSTR5
KEGG_2026,"GROWTH HORMONE SYNTHESIS, SECRETION AND ACTION",PLCB3
KEGG_2026,"GROWTH HORMONE SYNTHESIS, SECRETION AND ACTION",ADCY9
KEGG_2026,"GROWTH HORMONE SYNTHESIS, SECRETION AND ACTION",CREB1
KEGG_2026,"GROWTH HORMONE SYNTHESIS, SECRETION AND ACTION",PLCB4
KEGG_2026,"GROWTH HORMONE SYNTHESIS, SECRETION AND ACTION",PIK3CA
KEGG_2026,"GROWTH HORMONE SYNTHESIS, SECRETION AND ACTION",SOS1
KEGG_2026,"GROWTH HORMONE SYNTHESIS, SECRETION AND ACTION",PLCB1
KEGG_2026,"GROWTH HORMONE SYNTHESIS, SECRETION AND ACTION",SOS2
KEGG_2026,"GROWTH HORMONE SYNTHESIS, SECRETION AND ACTION",PLCB2
KEGG_2026,"GROWTH HORMONE SYNTHESIS, SECRETION AND ACTION",ATF4
KEGG_2026,"GROWTH HORMONE SYNTHESIS, SECRETION AND ACTION",CREB5
KEGG_2026,"GROWTH HORMONE SYNTHESIS, SECRETION AND ACTION",ATF6B
KEGG_2026,"GROWTH HORMONE SYNTHESIS, SECRETION AND ACTION",CSH2
KEGG_2026,"GROWTH HORMONE SYNTHESIS, SECRETION AND ACTION",CSH1
KEGG_2026,"GROWTH HORMONE SYNTHESIS, SECRETION AND ACTION",GNAI3
KEGG_2026,"GROWTH HORMONE SYNTHESIS, SECRETION AND ACTION",ADCY4
KEGG_2026,"GROWTH HORMONE SYNTHESIS, SECRETION AND ACTION",PIK3R3
KEGG_2026,"GROWTH HORMONE SYNTHESIS, SECRETION AND ACTION",PIK3R2
KEGG_2026,"GROWTH HORMONE SYNTHESIS, SECRETION AND ACTION",ADCY2
KEGG_2026,"GROWTH HORMONE SYNTHESIS, SECRETION AND ACTION",PIK3R1
KEGG_2026,"GROWTH HORMONE SYNTHESIS, SECRETION AND ACTION",ADCY1
KEGG_2026,"GROWTH HORMONE SYNTHESIS, SECRETION AND ACTION",CACNA1F
KEGG_2026,"GROWTH HORMONE SYNTHESIS, SECRETION AND ACTION",ADCY8
KEGG_2026,"GROWTH HORMONE SYNTHESIS, SECRETION AND ACTION",ADCY7
KEGG_2026,"GROWTH HORMONE SYNTHESIS, SECRETION AND ACTION",ADCY6
KEGG_2026,"GROWTH HORMONE SYNTHESIS, SECRETION AND ACTION",GNAI1
KEGG_2026,"GROWTH HORMONE SYNTHESIS, SECRETION AND ACTION",GNAI2
KEGG_2026,"GROWTH HORMONE SYNTHESIS, SECRETION AND ACTION",ADCY5
KEGG_2026,"GROWTH HORMONE SYNTHESIS, SECRETION AND ACTION",SOCS3
KEGG_2026,"GROWTH HORMONE SYNTHESIS, SECRETION AND ACTION",MAPK9
KEGG_2026,"GROWTH HORMONE SYNTHESIS, SECRETION AND ACTION",MAPK8
KEGG_2026,"GROWTH HORMONE SYNTHESIS, SECRETION AND ACTION",NRAS
KEGG_2026,"GROWTH HORMONE SYNTHESIS, SECRETION AND ACTION",SOCS1
KEGG_2026,"GROWTH HORMONE SYNTHESIS, SECRETION AND ACTION",GNA11
KEGG_2026,"GROWTH HORMONE SYNTHESIS, SECRETION AND ACTION",PLCG2
KEGG_2026,"GROWTH HORMONE SYNTHESIS, SECRETION AND ACTION",MAPK1
KEGG_2026,"GROWTH HORMONE SYNTHESIS, SECRETION AND ACTION",PLCG1
KEGG_2026,"GROWTH HORMONE SYNTHESIS, SECRETION AND ACTION",MAPK3
KEGG_2026,"GROWTH HORMONE SYNTHESIS, SECRETION AND ACTION",CREBBP
KEGG_2026,"GROWTH HORMONE SYNTHESIS, SECRETION AND ACTION",MAP3K1
KEGG_2026,"GROWTH HORMONE SYNTHESIS, SECRETION AND ACTION",STAT1
KEGG_2026,"GROWTH HORMONE SYNTHESIS, SECRETION AND ACTION",STAT3
KEGG_2026,"GROWTH HORMONE SYNTHESIS, SECRETION AND ACTION",CSHL1
KEGG_2026,"GROWTH HORMONE SYNTHESIS, SECRETION AND ACTION",GH2
KEGG_2026,"GROWTH HORMONE SYNTHESIS, SECRETION AND ACTION",ADCY10
KEGG_2026,"GROWTH HORMONE SYNTHESIS, SECRETION AND ACTION",GH1
KEGG_2026,"GROWTH HORMONE SYNTHESIS, SECRETION AND ACTION",GNAQ
KEGG_2026,"GROWTH HORMONE SYNTHESIS, SECRETION AND ACTION",GHRH
KEGG_2026,"GROWTH HORMONE SYNTHESIS, SECRETION AND ACTION",GNAS
KEGG_2026,"GROWTH HORMONE SYNTHESIS, SECRETION AND ACTION",GRB2
KEGG_2026,"GROWTH HORMONE SYNTHESIS, SECRETION AND ACTION",GHRL
KEGG_2026,"GROWTH HORMONE SYNTHESIS, SECRETION AND ACTION",MRAP2
KEGG_2026,RELAXIN SIGNALING PATHWAY,RXFP4
KEGG_2026,RELAXIN SIGNALING PATHWAY,ARRB1
KEGG_2026,RELAXIN SIGNALING PATHWAY,ARRB2
KEGG_2026,RELAXIN SIGNALING PATHWAY,PIK3CB
KEGG_2026,RELAXIN SIGNALING PATHWAY,GNGT1
KEGG_2026,RELAXIN SIGNALING PATHWAY,GNGT2
KEGG_2026,RELAXIN SIGNALING PATHWAY,CREB3L3
KEGG_2026,RELAXIN SIGNALING PATHWAY,CREB3L4
KEGG_2026,RELAXIN SIGNALING PATHWAY,AKT2
KEGG_2026,RELAXIN SIGNALING PATHWAY,PRKACG
KEGG_2026,RELAXIN SIGNALING PATHWAY,CREB3L1
KEGG_2026,RELAXIN SIGNALING PATHWAY,AKT3
KEGG_2026,RELAXIN SIGNALING PATHWAY,CREB3L2
KEGG_2026,RELAXIN SIGNALING PATHWAY,AKT1
KEGG_2026,RELAXIN SIGNALING PATHWAY,PRKACB
KEGG_2026,RELAXIN SIGNALING PATHWAY,HRAS
KEGG_2026,RELAXIN SIGNALING PATHWAY,MAP2K1
KEGG_2026,RELAXIN SIGNALING PATHWAY,MAP2K2
KEGG_2026,RELAXIN SIGNALING PATHWAY,PRKCA
KEGG_2026,RELAXIN SIGNALING PATHWAY,FOS
KEGG_2026,RELAXIN SIGNALING PATHWAY,TGFBR1
KEGG_2026,RELAXIN SIGNALING PATHWAY,TGFBR2
KEGG_2026,RELAXIN SIGNALING PATHWAY,PLCB3
KEGG_2026,RELAXIN SIGNALING PATHWAY,ADCY9
KEGG_2026,RELAXIN SIGNALING PATHWAY,CREB1
KEGG_2026,RELAXIN SIGNALING PATHWAY,PLCB4
KEGG_2026,RELAXIN SIGNALING PATHWAY,PIK3CA
KEGG_2026,RELAXIN SIGNALING PATHWAY,SOS1
KEGG_2026,RELAXIN SIGNALING PATHWAY,PLCB1
KEGG_2026,RELAXIN SIGNALING PATHWAY,SOS2
KEGG_2026,RELAXIN SIGNALING PATHWAY,PLCB2
KEGG_2026,RELAXIN SIGNALING PATHWAY,ATF4
KEGG_2026,RELAXIN SIGNALING PATHWAY,CREB5
KEGG_2026,RELAXIN SIGNALING PATHWAY,ATF6B
KEGG_2026,RELAXIN SIGNALING PATHWAY,SRC
KEGG_2026,RELAXIN SIGNALING PATHWAY,GNAI3
KEGG_2026,RELAXIN SIGNALING PATHWAY,ADCY4
KEGG_2026,RELAXIN SIGNALING PATHWAY,PIK3R3
KEGG_2026,RELAXIN SIGNALING PATHWAY,PIK3R2
KEGG_2026,RELAXIN SIGNALING PATHWAY,ADCY2
KEGG_2026,RELAXIN SIGNALING PATHWAY,PIK3R1
KEGG_2026,RELAXIN SIGNALING PATHWAY,ADCY1
KEGG_2026,RELAXIN SIGNALING PATHWAY,ADCY8
KEGG_2026,RELAXIN SIGNALING PATHWAY,PRKCZ
KEGG_2026,RELAXIN SIGNALING PATHWAY,ADCY7
KEGG_2026,RELAXIN SIGNALING PATHWAY,EGFR
KEGG_2026,RELAXIN SIGNALING PATHWAY,ADCY6
KEGG_2026,RELAXIN SIGNALING PATHWAY,GNAI1
KEGG_2026,RELAXIN SIGNALING PATHWAY,RELA
KEGG_2026,RELAXIN SIGNALING PATHWAY,GNAI2
KEGG_2026,RELAXIN SIGNALING PATHWAY,ADCY5
KEGG_2026,RELAXIN SIGNALING PATHWAY,MAPK9
KEGG_2026,RELAXIN SIGNALING PATHWAY,GNG10
KEGG_2026,RELAXIN SIGNALING PATHWAY,GNA15
KEGG_2026,RELAXIN SIGNALING PATHWAY,MAPK8
KEGG_2026,RELAXIN SIGNALING PATHWAY,GNG3
KEGG_2026,RELAXIN SIGNALING PATHWAY,NRAS
KEGG_2026,RELAXIN SIGNALING PATHWAY,GNG2
KEGG_2026,RELAXIN SIGNALING PATHWAY,GNG5
KEGG_2026,RELAXIN SIGNALING PATHWAY,GNG4
KEGG_2026,RELAXIN SIGNALING PATHWAY,GNG7
KEGG_2026,RELAXIN SIGNALING PATHWAY,GNG8
KEGG_2026,RELAXIN SIGNALING PATHWAY,MAPK1
KEGG_2026,RELAXIN SIGNALING PATHWAY,MAPK3
KEGG_2026,RELAXIN SIGNALING PATHWAY,JUN
KEGG_2026,RELAXIN SIGNALING PATHWAY,TGFB1
KEGG_2026,RELAXIN SIGNALING PATHWAY,GNG12
KEGG_2026,RELAXIN SIGNALING PATHWAY,GNG11
KEGG_2026,RELAXIN SIGNALING PATHWAY,GNG13
KEGG_2026,RELAXIN SIGNALING PATHWAY,GNAO1
KEGG_2026,RELAXIN SIGNALING PATHWAY,NFKBIA
KEGG_2026,RELAXIN SIGNALING PATHWAY,GNB2
KEGG_2026,RELAXIN SIGNALING PATHWAY,GNB1
KEGG_2026,RELAXIN SIGNALING PATHWAY,GNB4
KEGG_2026,RELAXIN SIGNALING PATHWAY,GNAS
KEGG_2026,RELAXIN SIGNALING PATHWAY,GNB3
KEGG_2026,RELAXIN SIGNALING PATHWAY,GRB2
KEGG_2026,RELAXIN SIGNALING PATHWAY,GNB5
KEGG_2026,CGMP-PKG SIGNALING PATHWAY,GUCY1B1
KEGG_2026,CGMP-PKG SIGNALING PATHWAY,CALML5
KEGG_2026,CGMP-PKG SIGNALING PATHWAY,CALML6
KEGG_2026,CGMP-PKG SIGNALING PATHWAY,PDE3B
KEGG_2026,CGMP-PKG SIGNALING PATHWAY,CALML3
KEGG_2026,CGMP-PKG SIGNALING PATHWAY,ADRA1D
KEGG_2026,CGMP-PKG SIGNALING PATHWAY,ATP2A1
KEGG_2026,CGMP-PKG SIGNALING PATHWAY,CALML4
KEGG_2026,CGMP-PKG SIGNALING PATHWAY,ADRA1B
KEGG_2026,CGMP-PKG SIGNALING PATHWAY,ADRA1A
KEGG_2026,CGMP-PKG SIGNALING PATHWAY,SLC8A1
KEGG_2026,CGMP-PKG SIGNALING PATHWAY,PIK3CG
KEGG_2026,CGMP-PKG SIGNALING PATHWAY,PPP1CB
KEGG_2026,CGMP-PKG SIGNALING PATHWAY,PPP1CC
KEGG_2026,CGMP-PKG SIGNALING PATHWAY,NPPC
KEGG_2026,CGMP-PKG SIGNALING PATHWAY,RGS2
KEGG_2026,CGMP-PKG SIGNALING PATHWAY,PPP3CB
KEGG_2026,CGMP-PKG SIGNALING PATHWAY,CREB3L3
KEGG_2026,CGMP-PKG SIGNALING PATHWAY,CREB3L4
KEGG_2026,CGMP-PKG SIGNALING PATHWAY,AKT2
KEGG_2026,CGMP-PKG SIGNALING PATHWAY,CREB3L1
KEGG_2026,CGMP-PKG SIGNALING PATHWAY,NPPA
KEGG_2026,CGMP-PKG SIGNALING PATHWAY,AKT3
KEGG_2026,CGMP-PKG SIGNALING PATHWAY,CREB3L2
KEGG_2026,CGMP-PKG SIGNALING PATHWAY,CNGA1
KEGG_2026,CGMP-PKG SIGNALING PATHWAY,AKT1
KEGG_2026,CGMP-PKG SIGNALING PATHWAY,PRKG2
KEGG_2026,CGMP-PKG SIGNALING PATHWAY,PRKG1
KEGG_2026,CGMP-PKG SIGNALING PATHWAY,GUCY1A2
KEGG_2026,CGMP-PKG SIGNALING PATHWAY,MAP2K1
KEGG_2026,CGMP-PKG SIGNALING PATHWAY,GUCY1A1
KEGG_2026,CGMP-PKG SIGNALING PATHWAY,MAP2K2
KEGG_2026,CGMP-PKG SIGNALING PATHWAY,PPP1R12A
KEGG_2026,CGMP-PKG SIGNALING PATHWAY,TRPC6
KEGG_2026,CGMP-PKG SIGNALING PATHWAY,ADRA2B
KEGG_2026,CGMP-PKG SIGNALING PATHWAY,ADRA2A
KEGG_2026,CGMP-PKG SIGNALING PATHWAY,RHOA
KEGG_2026,CGMP-PKG SIGNALING PATHWAY,PLCB3
KEGG_2026,CGMP-PKG SIGNALING PATHWAY,ADCY9
KEGG_2026,CGMP-PKG SIGNALING PATHWAY,CREB1
KEGG_2026,CGMP-PKG SIGNALING PATHWAY,PLCB4
KEGG_2026,CGMP-PKG SIGNALING PATHWAY,ADRB3
KEGG_2026,CGMP-PKG SIGNALING PATHWAY,KCNMA1
KEGG_2026,CGMP-PKG SIGNALING PATHWAY,VDAC3
KEGG_2026,CGMP-PKG SIGNALING PATHWAY,AGTR1
KEGG_2026,CGMP-PKG SIGNALING PATHWAY,PPIF
KEGG_2026,CGMP-PKG SIGNALING PATHWAY,VDAC2
KEGG_2026,CGMP-PKG SIGNALING PATHWAY,VDAC1
KEGG_2026,CGMP-PKG SIGNALING PATHWAY,PDE5A
KEGG_2026,CGMP-PKG SIGNALING PATHWAY,PLCB1
KEGG_2026,CGMP-PKG SIGNALING PATHWAY,SLC25A5
KEGG_2026,CGMP-PKG SIGNALING PATHWAY,MYL9
KEGG_2026,CGMP-PKG SIGNALING PATHWAY,PLCB2
KEGG_2026,CGMP-PKG SIGNALING PATHWAY,SLC25A4
KEGG_2026,CGMP-PKG SIGNALING PATHWAY,ATF4
KEGG_2026,CGMP-PKG SIGNALING PATHWAY,CREB5
KEGG_2026,CGMP-PKG SIGNALING PATHWAY,SLC25A6
KEGG_2026,CGMP-PKG SIGNALING PATHWAY,CNGB1
KEGG_2026,CGMP-PKG SIGNALING PATHWAY,ROCK1
KEGG_2026,CGMP-PKG SIGNALING PATHWAY,ATF6B
KEGG_2026,CGMP-PKG SIGNALING PATHWAY,NPR1
KEGG_2026,CGMP-PKG SIGNALING PATHWAY,ROCK2
KEGG_2026,CGMP-PKG SIGNALING PATHWAY,GNAI3
KEGG_2026,CGMP-PKG SIGNALING PATHWAY,ADCY4
KEGG_2026,CGMP-PKG SIGNALING PATHWAY,ATP1A4
KEGG_2026,CGMP-PKG SIGNALING PATHWAY,ADRB1
KEGG_2026,CGMP-PKG SIGNALING PATHWAY,ADCY2
KEGG_2026,CGMP-PKG SIGNALING PATHWAY,ADRB2
KEGG_2026,CGMP-PKG SIGNALING PATHWAY,ADCY1
KEGG_2026,CGMP-PKG SIGNALING PATHWAY,CACNA1F
KEGG_2026,CGMP-PKG SIGNALING PATHWAY,ADCY8
KEGG_2026,CGMP-PKG SIGNALING PATHWAY,ADCY7
KEGG_2026,CGMP-PKG SIGNALING PATHWAY,ADCY6
KEGG_2026,CGMP-PKG SIGNALING PATHWAY,GNAI1
KEGG_2026,CGMP-PKG SIGNALING PATHWAY,INS
KEGG_2026,CGMP-PKG SIGNALING PATHWAY,GNAI2
KEGG_2026,CGMP-PKG SIGNALING PATHWAY,ADCY5
KEGG_2026,CGMP-PKG SIGNALING PATHWAY,GNA13
KEGG_2026,CGMP-PKG SIGNALING PATHWAY,GNA11
KEGG_2026,CGMP-PKG SIGNALING PATHWAY,GNA12
KEGG_2026,CGMP-PKG SIGNALING PATHWAY,MAPK1
KEGG_2026,CGMP-PKG SIGNALING PATHWAY,MEF2D
KEGG_2026,CGMP-PKG SIGNALING PATHWAY,MAPK3
KEGG_2026,CGMP-PKG SIGNALING PATHWAY,VASP
KEGG_2026,CGMP-PKG SIGNALING PATHWAY,PDE2A
KEGG_2026,CGMP-PKG SIGNALING PATHWAY,PPP1CA
KEGG_2026,CGMP-PKG SIGNALING PATHWAY,GNAQ
KEGG_2026,CGMP-PKG SIGNALING PATHWAY,PDE3A
KEGG_2026,CGMP-PKG SIGNALING PATHWAY,CALM3
KEGG_2026,CGMP-PKG SIGNALING PATHWAY,CALM1
KEGG_2026,CGMP-PKG SIGNALING PATHWAY,CALM2
KEGG_2026,CAMP SIGNALING PATHWAY,OXTR
KEGG_2026,CAMP SIGNALING PATHWAY,CHRM1
KEGG_2026,CAMP SIGNALING PATHWAY,CALML5
KEGG_2026,CAMP SIGNALING PATHWAY,CALML6
KEGG_2026,CAMP SIGNALING PATHWAY,CALML3
KEGG_2026,CAMP SIGNALING PATHWAY,CALML4
KEGG_2026,CAMP SIGNALING PATHWAY,PPP1CB
KEGG_2026,CAMP SIGNALING PATHWAY,PPP1CC
KEGG_2026,CAMP SIGNALING PATHWAY,CREB3L3
KEGG_2026,CAMP SIGNALING PATHWAY,CREB3L4
KEGG_2026,CAMP SIGNALING PATHWAY,AKT2
KEGG_2026,CAMP SIGNALING PATHWAY,PRKACG
KEGG_2026,CAMP SIGNALING PATHWAY,CREB3L1
KEGG_2026,CAMP SIGNALING PATHWAY,AKT3
KEGG_2026,CAMP SIGNALING PATHWAY,CREB3L2
KEGG_2026,CAMP SIGNALING PATHWAY,NPPA
KEGG_2026,CAMP SIGNALING PATHWAY,AKT1
KEGG_2026,CAMP SIGNALING PATHWAY,PLCE1
KEGG_2026,CAMP SIGNALING PATHWAY,EP300
KEGG_2026,CAMP SIGNALING PATHWAY,PRKACB
KEGG_2026,CAMP SIGNALING PATHWAY,MAP2K1
KEGG_2026,CAMP SIGNALING PATHWAY,LHCGR
KEGG_2026,CAMP SIGNALING PATHWAY,MAP2K2
KEGG_2026,CAMP SIGNALING PATHWAY,NPY1R
KEGG_2026,CAMP SIGNALING PATHWAY,PRKCA
KEGG_2026,CAMP SIGNALING PATHWAY,ADCY9
KEGG_2026,CAMP SIGNALING PATHWAY,MYL9
KEGG_2026,CAMP SIGNALING PATHWAY,CFTR
KEGG_2026,CAMP SIGNALING PATHWAY,GRIA1
KEGG_2026,CAMP SIGNALING PATHWAY,NPR1
KEGG_2026,CAMP SIGNALING PATHWAY,GPR119
KEGG_2026,CAMP SIGNALING PATHWAY,PIK3R3
KEGG_2026,CAMP SIGNALING PATHWAY,PIK3R2
KEGG_2026,CAMP SIGNALING PATHWAY,ADRB1
KEGG_2026,CAMP SIGNALING PATHWAY,PIK3R1
KEGG_2026,CAMP SIGNALING PATHWAY,ADRB2
KEGG_2026,CAMP SIGNALING PATHWAY,CACNA1F
KEGG_2026,CAMP SIGNALING PATHWAY,CRHR1
KEGG_2026,CAMP SIGNALING PATHWAY,SLC9A1
KEGG_2026,CAMP SIGNALING PATHWAY,MC2R
KEGG_2026,CAMP SIGNALING PATHWAY,DRD2
KEGG_2026,CAMP SIGNALING PATHWAY,CREBBP
KEGG_2026,CAMP SIGNALING PATHWAY,JUN
KEGG_2026,CAMP SIGNALING PATHWAY,PTCH1
KEGG_2026,CAMP SIGNALING PATHWAY,BRAF
KEGG_2026,CAMP SIGNALING PATHWAY,NFKBIA
KEGG_2026,CAMP SIGNALING PATHWAY,ADCY10
KEGG_2026,CAMP SIGNALING PATHWAY,PDE3A
KEGG_2026,CAMP SIGNALING PATHWAY,GNAS
KEGG_2026,CAMP SIGNALING PATHWAY,CALM3
KEGG_2026,CAMP SIGNALING PATHWAY,CALM1
KEGG_2026,CAMP SIGNALING PATHWAY,CALM2
KEGG_2026,CAMP SIGNALING PATHWAY,RYR2
KEGG_2026,CAMP SIGNALING PATHWAY,PDE3B
KEGG_2026,CAMP SIGNALING PATHWAY,OXT
KEGG_2026,CAMP SIGNALING PATHWAY,ATP2A1
KEGG_2026,CAMP SIGNALING PATHWAY,PIK3CB
KEGG_2026,CAMP SIGNALING PATHWAY,GLI1
KEGG_2026,CAMP SIGNALING PATHWAY,GLI3
KEGG_2026,CAMP SIGNALING PATHWAY,RAC2
KEGG_2026,CAMP SIGNALING PATHWAY,PDE4B
KEGG_2026,CAMP SIGNALING PATHWAY,CNGA1
KEGG_2026,CAMP SIGNALING PATHWAY,PDE4A
KEGG_2026,CAMP SIGNALING PATHWAY,CNGA2
KEGG_2026,CAMP SIGNALING PATHWAY,CNGA3
KEGG_2026,CAMP SIGNALING PATHWAY,CNGA4
KEGG_2026,CAMP SIGNALING PATHWAY,PPP1R12A
KEGG_2026,CAMP SIGNALING PATHWAY,NCOA3
KEGG_2026,CAMP SIGNALING PATHWAY,FOS
KEGG_2026,CAMP SIGNALING PATHWAY,SSTR2
KEGG_2026,CAMP SIGNALING PATHWAY,RHOA
KEGG_2026,CAMP SIGNALING PATHWAY,SSTR5
KEGG_2026,CAMP SIGNALING PATHWAY,CREB1
KEGG_2026,CAMP SIGNALING PATHWAY,ADORA2A
KEGG_2026,CAMP SIGNALING PATHWAY,PIK3CA
KEGG_2026,CAMP SIGNALING PATHWAY,CRH
KEGG_2026,CAMP SIGNALING PATHWAY,CNGB3
KEGG_2026,CAMP SIGNALING PATHWAY,ACOX3
KEGG_2026,CAMP SIGNALING PATHWAY,RAPGEF4
KEGG_2026,CAMP SIGNALING PATHWAY,CREB5
KEGG_2026,CAMP SIGNALING PATHWAY,CNGB1
KEGG_2026,CAMP SIGNALING PATHWAY,CAMK2B
KEGG_2026,CAMP SIGNALING PATHWAY,CAMK2D
KEGG_2026,CAMP SIGNALING PATHWAY,ROCK1
KEGG_2026,CAMP SIGNALING PATHWAY,ROCK2
KEGG_2026,CAMP SIGNALING PATHWAY,CAMK2A
KEGG_2026,CAMP SIGNALING PATHWAY,GNAI3
KEGG_2026,CAMP SIGNALING PATHWAY,ADCY4
KEGG_2026,CAMP SIGNALING PATHWAY,ATP1A4
KEGG_2026,CAMP SIGNALING PATHWAY,ADCY2
KEGG_2026,CAMP SIGNALING PATHWAY,ADCY1
KEGG_2026,CAMP SIGNALING PATHWAY,ADCY8
KEGG_2026,CAMP SIGNALING PATHWAY,ADCY7
KEGG_2026,CAMP SIGNALING PATHWAY,ADCY6
KEGG_2026,CAMP SIGNALING PATHWAY,GNAI1
KEGG_2026,CAMP SIGNALING PATHWAY,RELA
KEGG_2026,CAMP SIGNALING PATHWAY,GNAI2
KEGG_2026,CAMP SIGNALING PATHWAY,ADCY5
KEGG_2026,CAMP SIGNALING PATHWAY,MAPK9
KEGG_2026,CAMP SIGNALING PATHWAY,MAPK8
KEGG_2026,CAMP SIGNALING PATHWAY,NPY
KEGG_2026,CAMP SIGNALING PATHWAY,MAPK1
KEGG_2026,CAMP SIGNALING PATHWAY,CAMK2G
KEGG_2026,CAMP SIGNALING PATHWAY,MAPK3
KEGG_2026,CAMP SIGNALING PATHWAY,GABBR1
KEGG_2026,CAMP SIGNALING PATHWAY,PPP1CA
KEGG_2026,CAMP SIGNALING PATHWAY,POMC
KEGG_2026,CAMP SIGNALING PATHWAY,PDE10A
KEGG_2026,CAMP SIGNALING PATHWAY,CAMK4
KEGG_2026,CAMP SIGNALING PATHWAY,GHRL
KEGG_2026,CAMP SIGNALING PATHWAY,KCNK2
KEGG_2026,MELANOGENESIS,GSK3B
KEGG_2026,MELANOGENESIS,CALML5
KEGG_2026,MELANOGENESIS,CALML6
KEGG_2026,MELANOGENESIS,CALML3
KEGG_2026,MELANOGENESIS,CALML4
KEGG_2026,MELANOGENESIS,CREB3L3
KEGG_2026,MELANOGENESIS,CREB3L4
KEGG_2026,MELANOGENESIS,PRKACG
KEGG_2026,MELANOGENESIS,CREB3L1
KEGG_2026,MELANOGENESIS,CREB3L2
KEGG_2026,MELANOGENESIS,EP300
KEGG_2026,MELANOGENESIS,HRAS
KEGG_2026,MELANOGENESIS,PRKACB
KEGG_2026,MELANOGENESIS,PRKCG
KEGG_2026,MELANOGENESIS,MAP2K1
KEGG_2026,MELANOGENESIS,MAP2K2
KEGG_2026,MELANOGENESIS,WNT5B
KEGG_2026,MELANOGENESIS,PRKCB
KEGG_2026,MELANOGENESIS,WNT5A
KEGG_2026,MELANOGENESIS,MITF
KEGG_2026,MELANOGENESIS,PRKCA
KEGG_2026,MELANOGENESIS,PLCB3
KEGG_2026,MELANOGENESIS,CREB1
KEGG_2026,MELANOGENESIS,PLCB4
KEGG_2026,MELANOGENESIS,ADCY9
KEGG_2026,MELANOGENESIS,DCT
KEGG_2026,MELANOGENESIS,PARD3
KEGG_2026,MELANOGENESIS,PLCB1
KEGG_2026,MELANOGENESIS,PLCB2
KEGG_2026,MELANOGENESIS,CAMK2B
KEGG_2026,MELANOGENESIS,CAMK2D
KEGG_2026,MELANOGENESIS,CAMK2A
KEGG_2026,MELANOGENESIS,GNAI3
KEGG_2026,MELANOGENESIS,ADCY4
KEGG_2026,MELANOGENESIS,ADCY2
KEGG_2026,MELANOGENESIS,ADCY1
KEGG_2026,MELANOGENESIS,ADCY8
KEGG_2026,MELANOGENESIS,ADCY7
KEGG_2026,MELANOGENESIS,ADCY6
KEGG_2026,MELANOGENESIS,GNAI1
KEGG_2026,MELANOGENESIS,GNAI2
KEGG_2026,MELANOGENESIS,ADCY5
KEGG_2026,MELANOGENESIS,NRAS
KEGG_2026,MELANOGENESIS,WNT11
KEGG_2026,MELANOGENESIS,DVL1
KEGG_2026,MELANOGENESIS,DVL2
KEGG_2026,MELANOGENESIS,MAPK1
KEGG_2026,MELANOGENESIS,CAMK2G
KEGG_2026,MELANOGENESIS,MAPK3
KEGG_2026,MELANOGENESIS,CREBBP
KEGG_2026,MELANOGENESIS,FZD2
KEGG_2026,MELANOGENESIS,FZD5
KEGG_2026,MELANOGENESIS,FZD4
KEGG_2026,MELANOGENESIS,FZD6
KEGG_2026,MELANOGENESIS,TYR
KEGG_2026,MELANOGENESIS,GNAO1
KEGG_2026,MELANOGENESIS,POMC
KEGG_2026,MELANOGENESIS,MC1R
KEGG_2026,MELANOGENESIS,GNAQ
KEGG_2026,MELANOGENESIS,GNAS
KEGG_2026,MELANOGENESIS,CTNNB1
KEGG_2026,MELANOGENESIS,CALM3
KEGG_2026,MELANOGENESIS,CALM1
KEGG_2026,MELANOGENESIS,CALM2
KEGG_2026,DIABETIC CARDIOMYOPATHY,NDUFA13
KEGG_2026,DIABETIC CARDIOMYOPATHY,NDUFA12
KEGG_2026,DIABETIC CARDIOMYOPATHY,NDUFA10
KEGG_2026,DIABETIC CARDIOMYOPATHY,COX6A1
KEGG_2026,DIABETIC CARDIOMYOPATHY,PPP1CB
KEGG_2026,DIABETIC CARDIOMYOPATHY,PPP1CC
KEGG_2026,DIABETIC CARDIOMYOPATHY,AKT2
KEGG_2026,DIABETIC CARDIOMYOPATHY,AKT3
KEGG_2026,DIABETIC CARDIOMYOPATHY,PDK4
KEGG_2026,DIABETIC CARDIOMYOPATHY,AKT1
KEGG_2026,DIABETIC CARDIOMYOPATHY,PRKCG
KEGG_2026,DIABETIC CARDIOMYOPATHY,PRKCB
KEGG_2026,DIABETIC CARDIOMYOPATHY,PRKCA
KEGG_2026,DIABETIC CARDIOMYOPATHY,SDHC
KEGG_2026,DIABETIC CARDIOMYOPATHY,SDHD
KEGG_2026,DIABETIC CARDIOMYOPATHY,SDHA
KEGG_2026,DIABETIC CARDIOMYOPATHY,SDHB
KEGG_2026,DIABETIC CARDIOMYOPATHY,VDAC3
KEGG_2026,DIABETIC CARDIOMYOPATHY,AGTR1
KEGG_2026,DIABETIC CARDIOMYOPATHY,UQCRC1
KEGG_2026,DIABETIC CARDIOMYOPATHY,PPIF
KEGG_2026,DIABETIC CARDIOMYOPATHY,VDAC2
KEGG_2026,DIABETIC CARDIOMYOPATHY,VDAC1
KEGG_2026,DIABETIC CARDIOMYOPATHY,UQCRC2
KEGG_2026,DIABETIC CARDIOMYOPATHY,PIK3R3
KEGG_2026,DIABETIC CARDIOMYOPATHY,PIK3R2
KEGG_2026,DIABETIC CARDIOMYOPATHY,PIK3R1
KEGG_2026,DIABETIC CARDIOMYOPATHY,PRKCZ
KEGG_2026,DIABETIC CARDIOMYOPATHY,ATP5MC1
KEGG_2026,DIABETIC CARDIOMYOPATHY,NDUFV2
KEGG_2026,DIABETIC CARDIOMYOPATHY,NDUFV1
KEGG_2026,DIABETIC CARDIOMYOPATHY,PDHA2
KEGG_2026,DIABETIC CARDIOMYOPATHY,ACE
KEGG_2026,DIABETIC CARDIOMYOPATHY,PDHA1
KEGG_2026,DIABETIC CARDIOMYOPATHY,TGFB1
KEGG_2026,DIABETIC CARDIOMYOPATHY,GFPT2
KEGG_2026,DIABETIC CARDIOMYOPATHY,GFPT1
KEGG_2026,DIABETIC CARDIOMYOPATHY,UQCRQ
KEGG_2026,DIABETIC CARDIOMYOPATHY,RYR2
KEGG_2026,DIABETIC CARDIOMYOPATHY,GSK3B
KEGG_2026,DIABETIC CARDIOMYOPATHY,COX4I1
KEGG_2026,DIABETIC CARDIOMYOPATHY,PTEN
KEGG_2026,DIABETIC CARDIOMYOPATHY,SLC2A1
KEGG_2026,DIABETIC CARDIOMYOPATHY,ATP2A1
KEGG_2026,DIABETIC CARDIOMYOPATHY,SLC2A4
KEGG_2026,DIABETIC CARDIOMYOPATHY,PIK3CB
KEGG_2026,DIABETIC CARDIOMYOPATHY,GYS2
KEGG_2026,DIABETIC CARDIOMYOPATHY,GYS1
KEGG_2026,DIABETIC CARDIOMYOPATHY,RAC2
KEGG_2026,DIABETIC CARDIOMYOPATHY,UQCRFS1
KEGG_2026,DIABETIC CARDIOMYOPATHY,CD36
KEGG_2026,DIABETIC CARDIOMYOPATHY,CTSD
KEGG_2026,DIABETIC CARDIOMYOPATHY,COX8A
KEGG_2026,DIABETIC CARDIOMYOPATHY,TGFBR1
KEGG_2026,DIABETIC CARDIOMYOPATHY,TGFBR2
KEGG_2026,DIABETIC CARDIOMYOPATHY,PLCB3
KEGG_2026,DIABETIC CARDIOMYOPATHY,PLCB4
KEGG_2026,DIABETIC CARDIOMYOPATHY,NDUFS8
KEGG_2026,DIABETIC CARDIOMYOPATHY,NDUFS7
KEGG_2026,DIABETIC CARDIOMYOPATHY,PIK3CA
KEGG_2026,DIABETIC CARDIOMYOPATHY,NDUFS3
KEGG_2026,DIABETIC CARDIOMYOPATHY,NDUFS2
KEGG_2026,DIABETIC CARDIOMYOPATHY,NDUFS1
KEGG_2026,DIABETIC CARDIOMYOPATHY,PLCB1
KEGG_2026,DIABETIC CARDIOMYOPATHY,AGXT
KEGG_2026,DIABETIC CARDIOMYOPATHY,SLC25A5
KEGG_2026,DIABETIC CARDIOMYOPATHY,PLCB2
KEGG_2026,DIABETIC CARDIOMYOPATHY,GAPDH
KEGG_2026,DIABETIC CARDIOMYOPATHY,SLC25A4
KEGG_2026,DIABETIC CARDIOMYOPATHY,SLC25A6
KEGG_2026,DIABETIC CARDIOMYOPATHY,CAMK2B
KEGG_2026,DIABETIC CARDIOMYOPATHY,NDUFB9
KEGG_2026,DIABETIC CARDIOMYOPATHY,CAMK2D
KEGG_2026,DIABETIC CARDIOMYOPATHY,NDUFB8
KEGG_2026,DIABETIC CARDIOMYOPATHY,NDUFB7
KEGG_2026,DIABETIC CARDIOMYOPATHY,NDUFB4
KEGG_2026,DIABETIC CARDIOMYOPATHY,NDUFB3
KEGG_2026,DIABETIC CARDIOMYOPATHY,CAMK2A
KEGG_2026,DIABETIC CARDIOMYOPATHY,UQCR10
KEGG_2026,DIABETIC CARDIOMYOPATHY,PDHB
KEGG_2026,DIABETIC CARDIOMYOPATHY,PTGS2
KEGG_2026,DIABETIC CARDIOMYOPATHY,COX5B
KEGG_2026,DIABETIC CARDIOMYOPATHY,COX5A
KEGG_2026,DIABETIC CARDIOMYOPATHY,RELA
KEGG_2026,DIABETIC CARDIOMYOPATHY,INS
KEGG_2026,DIABETIC CARDIOMYOPATHY,MAPK9
KEGG_2026,DIABETIC CARDIOMYOPATHY,ATP5F1A
KEGG_2026,DIABETIC CARDIOMYOPATHY,MAPK8
KEGG_2026,DIABETIC CARDIOMYOPATHY,ATP5F1B
KEGG_2026,DIABETIC CARDIOMYOPATHY,CAMK2G
KEGG_2026,DIABETIC CARDIOMYOPATHY,NDUFA9
KEGG_2026,DIABETIC CARDIOMYOPATHY,ATP5PF
KEGG_2026,DIABETIC CARDIOMYOPATHY,NDUFA8
KEGG_2026,DIABETIC CARDIOMYOPATHY,ATP5PD
KEGG_2026,DIABETIC CARDIOMYOPATHY,NDUFA5
KEGG_2026,DIABETIC CARDIOMYOPATHY,ATP5PB
KEGG_2026,DIABETIC CARDIOMYOPATHY,NDUFA3
KEGG_2026,DIABETIC CARDIOMYOPATHY,GSR
KEGG_2026,DIABETIC CARDIOMYOPATHY,NDUFA2
KEGG_2026,DIABETIC CARDIOMYOPATHY,ATP5F1C
KEGG_2026,DIABETIC CARDIOMYOPATHY,ATP5F1D
KEGG_2026,DIABETIC CARDIOMYOPATHY,PPP1CA
KEGG_2026,DIABETIC CARDIOMYOPATHY,NDUFAB1
KEGG_2026,DIABETIC CARDIOMYOPATHY,ATP5PO
KEGG_2026,SALMONELLA INFECTION,NCKAP1
KEGG_2026,SALMONELLA INFECTION,TNF
KEGG_2026,SALMONELLA INFECTION,TUBB8
KEGG_2026,SALMONELLA INFECTION,TUBB6
KEGG_2026,SALMONELLA INFECTION,TUBB3
KEGG_2026,SALMONELLA INFECTION,AKT2
KEGG_2026,SALMONELLA INFECTION,MYC
KEGG_2026,SALMONELLA INFECTION,KIF5B
KEGG_2026,SALMONELLA INFECTION,AKT3
KEGG_2026,SALMONELLA INFECTION,KIF5A
KEGG_2026,SALMONELLA INFECTION,AKT1
KEGG_2026,SALMONELLA INFECTION,KPNA4
KEGG_2026,SALMONELLA INFECTION,KPNA3
KEGG_2026,SALMONELLA INFECTION,VPS39
KEGG_2026,SALMONELLA INFECTION,SKP1
KEGG_2026,SALMONELLA INFECTION,KPNA1
KEGG_2026,SALMONELLA INFECTION,DYNC2H1
KEGG_2026,SALMONELLA INFECTION,MAP2K1
KEGG_2026,SALMONELLA INFECTION,MAP2K2
KEGG_2026,SALMONELLA INFECTION,TUBA4A
KEGG_2026,SALMONELLA INFECTION,MYL5
KEGG_2026,SALMONELLA INFECTION,DYNC1LI1
KEGG_2026,SALMONELLA INFECTION,DYNC1LI2
KEGG_2026,SALMONELLA INFECTION,ELMO1
KEGG_2026,SALMONELLA INFECTION,ELMO2
KEGG_2026,SALMONELLA INFECTION,PFN1
KEGG_2026,SALMONELLA INFECTION,MYL9
KEGG_2026,SALMONELLA INFECTION,PFN2
KEGG_2026,SALMONELLA INFECTION,KLC1
KEGG_2026,SALMONELLA INFECTION,MYL12B
KEGG_2026,SALMONELLA INFECTION,HSP90B1
KEGG_2026,SALMONELLA INFECTION,DYNC2LI1
KEGG_2026,SALMONELLA INFECTION,KLC4
KEGG_2026,SALMONELLA INFECTION,KLC3
KEGG_2026,SALMONELLA INFECTION,IRAK1
KEGG_2026,SALMONELLA INFECTION,MYO6
KEGG_2026,SALMONELLA INFECTION,NLRP3
KEGG_2026,SALMONELLA INFECTION,VPS16
KEGG_2026,SALMONELLA INFECTION,JUN
KEGG_2026,SALMONELLA INFECTION,TNFRSF10B
KEGG_2026,SALMONELLA INFECTION,TNFRSF10A
KEGG_2026,SALMONELLA INFECTION,NFKBIA
KEGG_2026,SALMONELLA INFECTION,IL6
KEGG_2026,SALMONELLA INFECTION,PTPRC
KEGG_2026,SALMONELLA INFECTION,BCL2
KEGG_2026,SALMONELLA INFECTION,CYCS
KEGG_2026,SALMONELLA INFECTION,DYNLRB2
KEGG_2026,SALMONELLA INFECTION,DYNLRB1
KEGG_2026,SALMONELLA INFECTION,RAB5A
KEGG_2026,SALMONELLA INFECTION,MYD88
KEGG_2026,SALMONELLA INFECTION,TUBA8
KEGG_2026,SALMONELLA INFECTION,HSP90AB1
KEGG_2026,SALMONELLA INFECTION,PIK3C2G
KEGG_2026,SALMONELLA INFECTION,WASL
KEGG_2026,SALMONELLA INFECTION,PIK3CB
KEGG_2026,SALMONELLA INFECTION,PIK3C2A
KEGG_2026,SALMONELLA INFECTION,PIK3CG
KEGG_2026,SALMONELLA INFECTION,PIK3C2B
KEGG_2026,SALMONELLA INFECTION,TUBA1C
KEGG_2026,SALMONELLA INFECTION,TUBA1B
KEGG_2026,SALMONELLA INFECTION,TUBA1A
KEGG_2026,SALMONELLA INFECTION,CASP3
KEGG_2026,SALMONELLA INFECTION,HRAS
KEGG_2026,SALMONELLA INFECTION,HSP90AA1
KEGG_2026,SALMONELLA INFECTION,ANXA2
KEGG_2026,SALMONELLA INFECTION,DYNLT1
KEGG_2026,SALMONELLA INFECTION,EXOC7
KEGG_2026,SALMONELLA INFECTION,TUBB
KEGG_2026,SALMONELLA INFECTION,DYNLT3
KEGG_2026,SALMONELLA INFECTION,RHOH
KEGG_2026,SALMONELLA INFECTION,FOS
KEGG_2026,SALMONELLA INFECTION,DYNLL1
KEGG_2026,SALMONELLA INFECTION,DYNLL2
KEGG_2026,SALMONELLA INFECTION,RHOA
KEGG_2026,SALMONELLA INFECTION,TIRAP
KEGG_2026,SALMONELLA INFECTION,RHOB
KEGG_2026,SALMONELLA INFECTION,DNM2
KEGG_2026,SALMONELLA INFECTION,TNFRSF1A
KEGG_2026,SALMONELLA INFECTION,TUBB2B
KEGG_2026,SALMONELLA INFECTION,TUBB2A
KEGG_2026,SALMONELLA INFECTION,PIK3CA
KEGG_2026,SALMONELLA INFECTION,IL1B
KEGG_2026,SALMONELLA INFECTION,RHOJ
KEGG_2026,SALMONELLA INFECTION,EXOC4
KEGG_2026,SALMONELLA INFECTION,EXOC5
KEGG_2026,SALMONELLA INFECTION,RAB7B
KEGG_2026,SALMONELLA INFECTION,ARHGEF7
KEGG_2026,SALMONELLA INFECTION,TLR4
KEGG_2026,SALMONELLA INFECTION,GAPDH
KEGG_2026,SALMONELLA INFECTION,EXOC2
KEGG_2026,SALMONELLA INFECTION,TLR2
KEGG_2026,SALMONELLA INFECTION,RAB7A
KEGG_2026,SALMONELLA INFECTION,BIRC3
KEGG_2026,SALMONELLA INFECTION,DYNC1I2
KEGG_2026,SALMONELLA INFECTION,DCTN2
KEGG_2026,SALMONELLA INFECTION,TUBAL3
KEGG_2026,SALMONELLA INFECTION,DCTN1
KEGG_2026,SALMONELLA INFECTION,ROCK2
KEGG_2026,SALMONELLA INFECTION,DCTN4
KEGG_2026,SALMONELLA INFECTION,RELA
KEGG_2026,SALMONELLA INFECTION,CDC42
KEGG_2026,SALMONELLA INFECTION,TUBA3E
KEGG_2026,SALMONELLA INFECTION,MAPK9
KEGG_2026,SALMONELLA INFECTION,TUBA3D
KEGG_2026,SALMONELLA INFECTION,MAPK8
KEGG_2026,SALMONELLA INFECTION,RPS3
KEGG_2026,SALMONELLA INFECTION,FLNA
KEGG_2026,SALMONELLA INFECTION,MAPK1
KEGG_2026,SALMONELLA INFECTION,DYNC1I1
KEGG_2026,SALMONELLA INFECTION,MAPK3
KEGG_2026,SALMONELLA INFECTION,DYNC1H1
KEGG_2026,SALMONELLA INFECTION,NDUFA2
KEGG_2026,SALMONELLA INFECTION,TUBB4B
KEGG_2026,SALMONELLA INFECTION,TUBB4A
KEGG_2026,SALMONELLA INFECTION,RAB9A
KEGG_2026,SALMONELLA INFECTION,CTNNB1
KEGG_2026,SALMONELLA INFECTION,BAX
KEGG_2026,CHEMOKINE SIGNALING PATHWAY,AKT2
KEGG_2026,CHEMOKINE SIGNALING PATHWAY,PRKACG
KEGG_2026,CHEMOKINE SIGNALING PATHWAY,AKT3
KEGG_2026,CHEMOKINE SIGNALING PATHWAY,AKT1
KEGG_2026,CHEMOKINE SIGNALING PATHWAY,PRKACB
KEGG_2026,CHEMOKINE SIGNALING PATHWAY,MAP2K1
KEGG_2026,CHEMOKINE SIGNALING PATHWAY,PRKCB
KEGG_2026,CHEMOKINE SIGNALING PATHWAY,PRKCA
KEGG_2026,CHEMOKINE SIGNALING PATHWAY,ADCY9
KEGG_2026,CHEMOKINE SIGNALING PATHWAY,PARD3
KEGG_2026,CHEMOKINE SIGNALING PATHWAY,ELMO1
KEGG_2026,CHEMOKINE SIGNALING PATHWAY,PIK3R3
KEGG_2026,CHEMOKINE SIGNALING PATHWAY,PIK3R2
KEGG_2026,CHEMOKINE SIGNALING PATHWAY,PIK3R1
KEGG_2026,CHEMOKINE SIGNALING PATHWAY,PRKCZ
KEGG_2026,CHEMOKINE SIGNALING PATHWAY,GRK1
KEGG_2026,CHEMOKINE SIGNALING PATHWAY,GNG10
KEGG_2026,CHEMOKINE SIGNALING PATHWAY,GRK3
KEGG_2026,CHEMOKINE SIGNALING PATHWAY,GRK2
KEGG_2026,CHEMOKINE SIGNALING PATHWAY,GRK5
KEGG_2026,CHEMOKINE SIGNALING PATHWAY,GRK4
KEGG_2026,CHEMOKINE SIGNALING PATHWAY,GRK7
KEGG_2026,CHEMOKINE SIGNALING PATHWAY,GRK6
KEGG_2026,CHEMOKINE SIGNALING PATHWAY,PLCG2
KEGG_2026,CHEMOKINE SIGNALING PATHWAY,PLCG1
KEGG_2026,CHEMOKINE SIGNALING PATHWAY,CCR1
KEGG_2026,CHEMOKINE SIGNALING PATHWAY,BRAF
KEGG_2026,CHEMOKINE SIGNALING PATHWAY,GNG12
KEGG_2026,CHEMOKINE SIGNALING PATHWAY,GNG11
KEGG_2026,CHEMOKINE SIGNALING PATHWAY,GNG13
KEGG_2026,CHEMOKINE SIGNALING PATHWAY,NFKBIA
KEGG_2026,CHEMOKINE SIGNALING PATHWAY,CXCL11
KEGG_2026,CHEMOKINE SIGNALING PATHWAY,GNAQ
KEGG_2026,CHEMOKINE SIGNALING PATHWAY,GNB2
KEGG_2026,CHEMOKINE SIGNALING PATHWAY,GNB1
KEGG_2026,CHEMOKINE SIGNALING PATHWAY,GNB4
KEGG_2026,CHEMOKINE SIGNALING PATHWAY,GNB3
KEGG_2026,CHEMOKINE SIGNALING PATHWAY,GRB2
KEGG_2026,CHEMOKINE SIGNALING PATHWAY,GNB5
KEGG_2026,CHEMOKINE SIGNALING PATHWAY,GSK3B
KEGG_2026,CHEMOKINE SIGNALING PATHWAY,ARRB1
KEGG_2026,CHEMOKINE SIGNALING PATHWAY,ARRB2
KEGG_2026,CHEMOKINE SIGNALING PATHWAY,PIK3CB
KEGG_2026,CHEMOKINE SIGNALING PATHWAY,PIK3CG
KEGG_2026,CHEMOKINE SIGNALING PATHWAY,CX3CL1
KEGG_2026,CHEMOKINE SIGNALING PATHWAY,GNGT1
KEGG_2026,CHEMOKINE SIGNALING PATHWAY,GNGT2
KEGG_2026,CHEMOKINE SIGNALING PATHWAY,RAC2
KEGG_2026,CHEMOKINE SIGNALING PATHWAY,CCR6
KEGG_2026,CHEMOKINE SIGNALING PATHWAY,CCR5
KEGG_2026,CHEMOKINE SIGNALING PATHWAY,JAK2
KEGG_2026,CHEMOKINE SIGNALING PATHWAY,HRAS
KEGG_2026,CHEMOKINE SIGNALING PATHWAY,CCR3
KEGG_2026,CHEMOKINE SIGNALING PATHWAY,CCR2
KEGG_2026,CHEMOKINE SIGNALING PATHWAY,NCOA3
KEGG_2026,CHEMOKINE SIGNALING PATHWAY,RHOA
KEGG_2026,CHEMOKINE SIGNALING PATHWAY,PLCB3
KEGG_2026,CHEMOKINE SIGNALING PATHWAY,PLCB4
KEGG_2026,CHEMOKINE SIGNALING PATHWAY,PIK3CA
KEGG_2026,CHEMOKINE SIGNALING PATHWAY,PXDN
KEGG_2026,CHEMOKINE SIGNALING PATHWAY,SOS1
KEGG_2026,CHEMOKINE SIGNALING PATHWAY,PLCB1
KEGG_2026,CHEMOKINE SIGNALING PATHWAY,SOS2
KEGG_2026,CHEMOKINE SIGNALING PATHWAY,PLCB2
KEGG_2026,CHEMOKINE SIGNALING PATHWAY,CX3CR1
KEGG_2026,CHEMOKINE SIGNALING PATHWAY,ROCK1
KEGG_2026,CHEMOKINE SIGNALING PATHWAY,SRC
KEGG_2026,CHEMOKINE SIGNALING PATHWAY,ROCK2
KEGG_2026,CHEMOKINE SIGNALING PATHWAY,GNAI3
KEGG_2026,CHEMOKINE SIGNALING PATHWAY,ADCY4
KEGG_2026,CHEMOKINE SIGNALING PATHWAY,WAS
KEGG_2026,CHEMOKINE SIGNALING PATHWAY,CXCR5
KEGG_2026,CHEMOKINE SIGNALING PATHWAY,CXCR4
KEGG_2026,CHEMOKINE SIGNALING PATHWAY,ADCY2
KEGG_2026,CHEMOKINE SIGNALING PATHWAY,ADCY1
KEGG_2026,CHEMOKINE SIGNALING PATHWAY,ADCY8
KEGG_2026,CHEMOKINE SIGNALING PATHWAY,ADCY7
KEGG_2026,CHEMOKINE SIGNALING PATHWAY,ADCY6
KEGG_2026,CHEMOKINE SIGNALING PATHWAY,GNAI1
KEGG_2026,CHEMOKINE SIGNALING PATHWAY,RELA
KEGG_2026,CHEMOKINE SIGNALING PATHWAY,GNAI2
KEGG_2026,CHEMOKINE SIGNALING PATHWAY,ADCY5
KEGG_2026,CHEMOKINE SIGNALING PATHWAY,CDC42
KEGG_2026,CHEMOKINE SIGNALING PATHWAY,GNG3
KEGG_2026,CHEMOKINE SIGNALING PATHWAY,NRAS
KEGG_2026,CHEMOKINE SIGNALING PATHWAY,GNG2
KEGG_2026,CHEMOKINE SIGNALING PATHWAY,GNG5
KEGG_2026,CHEMOKINE SIGNALING PATHWAY,GNG4
KEGG_2026,CHEMOKINE SIGNALING PATHWAY,GNG7
KEGG_2026,CHEMOKINE SIGNALING PATHWAY,CCL2
KEGG_2026,CHEMOKINE SIGNALING PATHWAY,GNG8
KEGG_2026,CHEMOKINE SIGNALING PATHWAY,MAPK1
KEGG_2026,CHEMOKINE SIGNALING PATHWAY,CCL19
KEGG_2026,CHEMOKINE SIGNALING PATHWAY,MAPK3
KEGG_2026,CHEMOKINE SIGNALING PATHWAY,CCL22
KEGG_2026,CHEMOKINE SIGNALING PATHWAY,CCL21
KEGG_2026,CHEMOKINE SIGNALING PATHWAY,STAT1
KEGG_2026,CHEMOKINE SIGNALING PATHWAY,STAT2
KEGG_2026,CHEMOKINE SIGNALING PATHWAY,STAT3
KEGG_2026,NUCLEOCYTOPLASMIC TRANSPORT,IPO13
KEGG_2026,NUCLEOCYTOPLASMIC TRANSPORT,NUP107
KEGG_2026,NUCLEOCYTOPLASMIC TRANSPORT,NUP188
KEGG_2026,NUCLEOCYTOPLASMIC TRANSPORT,EIF4A3
KEGG_2026,NUCLEOCYTOPLASMIC TRANSPORT,SUMO4
KEGG_2026,NUCLEOCYTOPLASMIC TRANSPORT,CASC3
KEGG_2026,NUCLEOCYTOPLASMIC TRANSPORT,IPO7
KEGG_2026,NUCLEOCYTOPLASMIC TRANSPORT,PNN
KEGG_2026,NUCLEOCYTOPLASMIC TRANSPORT,IPO9
KEGG_2026,NUCLEOCYTOPLASMIC TRANSPORT,XPO1
KEGG_2026,NUCLEOCYTOPLASMIC TRANSPORT,SUMO1
KEGG_2026,NUCLEOCYTOPLASMIC TRANSPORT,SUMO2
KEGG_2026,NUCLEOCYTOPLASMIC TRANSPORT,NUP62
KEGG_2026,NUCLEOCYTOPLASMIC TRANSPORT,KPNA6
KEGG_2026,NUCLEOCYTOPLASMIC TRANSPORT,KPNA7
KEGG_2026,NUCLEOCYTOPLASMIC TRANSPORT,KPNA4
KEGG_2026,NUCLEOCYTOPLASMIC TRANSPORT,KPNA5
KEGG_2026,NUCLEOCYTOPLASMIC TRANSPORT,KPNA2
KEGG_2026,NUCLEOCYTOPLASMIC TRANSPORT,TNPO1
KEGG_2026,NUCLEOCYTOPLASMIC TRANSPORT,KPNA3
KEGG_2026,NUCLEOCYTOPLASMIC TRANSPORT,KPNA1
KEGG_2026,NUCLEOCYTOPLASMIC TRANSPORT,NUP214
KEGG_2026,NUCLEOCYTOPLASMIC TRANSPORT,NDC1
KEGG_2026,NUCLEOCYTOPLASMIC TRANSPORT,UPF1
KEGG_2026,NUCLEOCYTOPLASMIC TRANSPORT,SEC13
KEGG_2026,NUCLEOCYTOPLASMIC TRANSPORT,NUP210
KEGG_2026,NUCLEOCYTOPLASMIC TRANSPORT,NUP133
KEGG_2026,NUCLEOCYTOPLASMIC TRANSPORT,NCBP1
KEGG_2026,NUCLEOCYTOPLASMIC TRANSPORT,NCBP2
KEGG_2026,NUCLEOCYTOPLASMIC TRANSPORT,THOC1
KEGG_2026,NUCLEOCYTOPLASMIC TRANSPORT,THOC2
KEGG_2026,NUCLEOCYTOPLASMIC TRANSPORT,RANGAP1
KEGG_2026,NUCLEOCYTOPLASMIC TRANSPORT,SRRM1
KEGG_2026,NUCLEOCYTOPLASMIC TRANSPORT,EEF1A1
KEGG_2026,NUCLEOCYTOPLASMIC TRANSPORT,NUP93
KEGG_2026,NUCLEOCYTOPLASMIC TRANSPORT,DDX19A
KEGG_2026,NUCLEOCYTOPLASMIC TRANSPORT,DDX39B
KEGG_2026,NUCLEOCYTOPLASMIC TRANSPORT,NCBP2L
KEGG_2026,NUCLEOCYTOPLASMIC TRANSPORT,NUP50
KEGG_2026,NUCLEOCYTOPLASMIC TRANSPORT,NUP54
KEGG_2026,NUCLEOCYTOPLASMIC TRANSPORT,NUP98
KEGG_2026,NUCLEOCYTOPLASMIC TRANSPORT,NUP58
KEGG_2026,NUCLEOCYTOPLASMIC TRANSPORT,NUP205
KEGG_2026,NUCLEOCYTOPLASMIC TRANSPORT,POM121
KEGG_2026,NUCLEOCYTOPLASMIC TRANSPORT,SEH1L
KEGG_2026,NUCLEOCYTOPLASMIC TRANSPORT,RBM8A
KEGG_2026,NUCLEOCYTOPLASMIC TRANSPORT,AAAS
KEGG_2026,NUCLEOCYTOPLASMIC TRANSPORT,NUP160
KEGG_2026,NUCLEOCYTOPLASMIC TRANSPORT,POM121C
KEGG_2026,NUCLEOCYTOPLASMIC TRANSPORT,NUP85
KEGG_2026,NUCLEOCYTOPLASMIC TRANSPORT,NUP42
KEGG_2026,NUCLEOCYTOPLASMIC TRANSPORT,TPR
KEGG_2026,NUCLEOCYTOPLASMIC TRANSPORT,SAP18
KEGG_2026,NUCLEOCYTOPLASMIC TRANSPORT,NUP88
KEGG_2026,NUCLEOCYTOPLASMIC TRANSPORT,NUP43
KEGG_2026,NUCLEOCYTOPLASMIC TRANSPORT,RANBP2
KEGG_2026,NUCLEOCYTOPLASMIC TRANSPORT,UBE2I
KEGG_2026,NUCLEOCYTOPLASMIC TRANSPORT,NUP155
KEGG_2026,NUCLEOCYTOPLASMIC TRANSPORT,ALYREF
KEGG_2026,NUCLEOCYTOPLASMIC TRANSPORT,UPF3B
KEGG_2026,NUCLEOCYTOPLASMIC TRANSPORT,NUP153
KEGG_2026,NUCLEOCYTOPLASMIC TRANSPORT,MAGOHB
KEGG_2026,NUCLEOCYTOPLASMIC TRANSPORT,ACIN1
KEGG_2026,NUCLEOCYTOPLASMIC TRANSPORT,NUP35
KEGG_2026,NUCLEOCYTOPLASMIC TRANSPORT,RNPS1
KEGG_2026,NUCLEOCYTOPLASMIC TRANSPORT,RAN
KEGG_2026,NUCLEOCYTOPLASMIC TRANSPORT,NUP37
KEGG_2026,PRION DISEASE,NDUFA13
KEGG_2026,PRION DISEASE,NDUFA12
KEGG_2026,PRION DISEASE,NDUFA10
KEGG_2026,PRION DISEASE,COX6A1
KEGG_2026,PRION DISEASE,TNF
KEGG_2026,PRION DISEASE,TUBB8
KEGG_2026,PRION DISEASE,TUBB6
KEGG_2026,PRION DISEASE,CREB3L3
KEGG_2026,PRION DISEASE,CREB3L4
KEGG_2026,PRION DISEASE,TUBB3
KEGG_2026,PRION DISEASE,PRKACG
KEGG_2026,PRION DISEASE,CREB3L1
KEGG_2026,PRION DISEASE,PSMD2
KEGG_2026,PRION DISEASE,KIF5B
KEGG_2026,PRION DISEASE,CREB3L2
KEGG_2026,PRION DISEASE,PSMD3
KEGG_2026,PRION DISEASE,KIF5A
KEGG_2026,PRION DISEASE,PRKACB
KEGG_2026,PRION DISEASE,PRKCA
KEGG_2026,PRION DISEASE,SDHC
KEGG_2026,PRION DISEASE,SDHD
KEGG_2026,PRION DISEASE,SDHA
KEGG_2026,PRION DISEASE,SDHB
KEGG_2026,PRION DISEASE,TUBA4A
KEGG_2026,PRION DISEASE,DDIT3
KEGG_2026,PRION DISEASE,VDAC3
KEGG_2026,PRION DISEASE,UQCRC1
KEGG_2026,PRION DISEASE,PPIF
KEGG_2026,PRION DISEASE,VDAC2
KEGG_2026,PRION DISEASE,VDAC1
KEGG_2026,PRION DISEASE,UQCRC2
KEGG_2026,PRION DISEASE,ATF4
KEGG_2026,PRION DISEASE,PSMD14
KEGG_2026,PRION DISEASE,PSMD13
KEGG_2026,PRION DISEASE,PIK3R3
KEGG_2026,PRION DISEASE,PIK3R2
KEGG_2026,PRION DISEASE,PIK3R1
KEGG_2026,PRION DISEASE,CACNA1F
KEGG_2026,PRION DISEASE,KLC1
KEGG_2026,PRION DISEASE,ATP5MC1
KEGG_2026,PRION DISEASE,KLC4
KEGG_2026,PRION DISEASE,KLC3
KEGG_2026,PRION DISEASE,NDUFV2
KEGG_2026,PRION DISEASE,NDUFV1
KEGG_2026,PRION DISEASE,HSPA8
KEGG_2026,PRION DISEASE,HSPA5
KEGG_2026,PRION DISEASE,CAV1
KEGG_2026,PRION DISEASE,EIF2AK3
KEGG_2026,PRION DISEASE,EIF2S1
KEGG_2026,PRION DISEASE,IL6
KEGG_2026,PRION DISEASE,UQCRQ
KEGG_2026,PRION DISEASE,CYCS
KEGG_2026,PRION DISEASE,TUBA8
KEGG_2026,PRION DISEASE,RYR1
KEGG_2026,PRION DISEASE,RYR2
KEGG_2026,PRION DISEASE,GSK3B
KEGG_2026,PRION DISEASE,COX4I1
KEGG_2026,PRION DISEASE,PIK3CB
KEGG_2026,PRION DISEASE,LAMC1
KEGG_2026,PRION DISEASE,TUBA1C
KEGG_2026,PRION DISEASE,TUBA1B
KEGG_2026,PRION DISEASE,PPP3CB
KEGG_2026,PRION DISEASE,TUBA1A
KEGG_2026,PRION DISEASE,CASP3
KEGG_2026,PRION DISEASE,RAC2
KEGG_2026,PRION DISEASE,UQCRFS1
KEGG_2026,PRION DISEASE,COX8A
KEGG_2026,PRION DISEASE,TUBB
KEGG_2026,PRION DISEASE,TUBB2B
KEGG_2026,PRION DISEASE,TUBB2A
KEGG_2026,PRION DISEASE,CREB1
KEGG_2026,PRION DISEASE,NDUFS8
KEGG_2026,PRION DISEASE,NDUFS7
KEGG_2026,PRION DISEASE,PIK3CA
KEGG_2026,PRION DISEASE,IL1B
KEGG_2026,PRION DISEASE,NDUFS3
KEGG_2026,PRION DISEASE,NDUFS2
KEGG_2026,PRION DISEASE,NDUFS1
KEGG_2026,PRION DISEASE,SLC25A5
KEGG_2026,PRION DISEASE,SLC25A4
KEGG_2026,PRION DISEASE,CREB5
KEGG_2026,PRION DISEASE,SLC25A6
KEGG_2026,PRION DISEASE,C1QA
KEGG_2026,PRION DISEASE,NDUFB9
KEGG_2026,PRION DISEASE,NDUFB8
KEGG_2026,PRION DISEASE,NDUFB7
KEGG_2026,PRION DISEASE,TUBAL3
KEGG_2026,PRION DISEASE,ATF6B
KEGG_2026,PRION DISEASE,NDUFB4
KEGG_2026,PRION DISEASE,NDUFB3
KEGG_2026,PRION DISEASE,UQCR10
KEGG_2026,PRION DISEASE,PTGS2
KEGG_2026,PRION DISEASE,COX5B
KEGG_2026,PRION DISEASE,COX5A
KEGG_2026,PRION DISEASE,TUBA3E
KEGG_2026,PRION DISEASE,MAPK9
KEGG_2026,PRION DISEASE,ATP5F1A
KEGG_2026,PRION DISEASE,TUBA3D
KEGG_2026,PRION DISEASE,MAPK8
KEGG_2026,PRION DISEASE,ATP5F1B
KEGG_2026,PRION DISEASE,MAPK1
KEGG_2026,PRION DISEASE,FYN
KEGG_2026,PRION DISEASE,MAPK3
KEGG_2026,PRION DISEASE,NDUFA9
KEGG_2026,PRION DISEASE,ATP5PF
KEGG_2026,PRION DISEASE,NDUFA8
KEGG_2026,PRION DISEASE,ATP5PD
KEGG_2026,PRION DISEASE,NDUFA5
KEGG_2026,PRION DISEASE,ATP5PB
KEGG_2026,PRION DISEASE,NDUFA3
KEGG_2026,PRION DISEASE,ADRM1
KEGG_2026,PRION DISEASE,NDUFA2
KEGG_2026,PRION DISEASE,TUBB4B
KEGG_2026,PRION DISEASE,ATP5F1C
KEGG_2026,PRION DISEASE,ATP5F1D
KEGG_2026,PRION DISEASE,TUBB4A
KEGG_2026,PRION DISEASE,SOD1
KEGG_2026,PRION DISEASE,PSMC5
KEGG_2026,PRION DISEASE,PSMC1
KEGG_2026,PRION DISEASE,NDUFAB1
KEGG_2026,PRION DISEASE,ATP5PO
KEGG_2026,PRION DISEASE,BAX
KEGG_2026,PRION DISEASE,HSPA1B
KEGG_2026,PRION DISEASE,HSPA1A
KEGG_2026,ALZHEIMER DISEASE,NDUFA13
KEGG_2026,ALZHEIMER DISEASE,CHRM1
KEGG_2026,ALZHEIMER DISEASE,CALML5
KEGG_2026,ALZHEIMER DISEASE,CSF1
KEGG_2026,ALZHEIMER DISEASE,CALML6
KEGG_2026,ALZHEIMER DISEASE,NDUFA12
KEGG_2026,ALZHEIMER DISEASE,NDUFA10
KEGG_2026,ALZHEIMER DISEASE,ARAF
KEGG_2026,ALZHEIMER DISEASE,CALML3
KEGG_2026,ALZHEIMER DISEASE,CALML4
KEGG_2026,ALZHEIMER DISEASE,COX6A1
KEGG_2026,ALZHEIMER DISEASE,TNF
KEGG_2026,ALZHEIMER DISEASE,TUBB8
KEGG_2026,ALZHEIMER DISEASE,TUBB6
KEGG_2026,ALZHEIMER DISEASE,TUBB3
KEGG_2026,ALZHEIMER DISEASE,AKT2
KEGG_2026,ALZHEIMER DISEASE,PSMD2
KEGG_2026,ALZHEIMER DISEASE,KIF5B
KEGG_2026,ALZHEIMER DISEASE,PSMD3
KEGG_2026,ALZHEIMER DISEASE,AKT3
KEGG_2026,ALZHEIMER DISEASE,KIF5A
KEGG_2026,ALZHEIMER DISEASE,AKT1
KEGG_2026,ALZHEIMER DISEASE,SLC39A8
KEGG_2026,ALZHEIMER DISEASE,CAPN1
KEGG_2026,ALZHEIMER DISEASE,MAP3K5
KEGG_2026,ALZHEIMER DISEASE,MAP2K1
KEGG_2026,ALZHEIMER DISEASE,MAP2K2
KEGG_2026,ALZHEIMER DISEASE,WNT5B
KEGG_2026,ALZHEIMER DISEASE,SLC11A2
KEGG_2026,ALZHEIMER DISEASE,WNT5A
KEGG_2026,ALZHEIMER DISEASE,SDHC
KEGG_2026,ALZHEIMER DISEASE,SDHD
KEGG_2026,ALZHEIMER DISEASE,SDHA
KEGG_2026,ALZHEIMER DISEASE,ATG13
KEGG_2026,ALZHEIMER DISEASE,SDHB
KEGG_2026,ALZHEIMER DISEASE,TUBA4A
KEGG_2026,ALZHEIMER DISEASE,ADAM17
KEGG_2026,ALZHEIMER DISEASE,DDIT3
KEGG_2026,ALZHEIMER DISEASE,VDAC3
KEGG_2026,ALZHEIMER DISEASE,UQCRC1
KEGG_2026,ALZHEIMER DISEASE,PPIF
KEGG_2026,ALZHEIMER DISEASE,VDAC2
KEGG_2026,ALZHEIMER DISEASE,VDAC1
KEGG_2026,ALZHEIMER DISEASE,UQCRC2
KEGG_2026,ALZHEIMER DISEASE,ATF6
KEGG_2026,ALZHEIMER DISEASE,ATF4
KEGG_2026,ALZHEIMER DISEASE,RTN3
KEGG_2026,ALZHEIMER DISEASE,PSMD14
KEGG_2026,ALZHEIMER DISEASE,PSMD13
KEGG_2026,ALZHEIMER DISEASE,PIK3R3
KEGG_2026,ALZHEIMER DISEASE,PIK3R2
KEGG_2026,ALZHEIMER DISEASE,PIK3R1
KEGG_2026,ALZHEIMER DISEASE,KLC1
KEGG_2026,ALZHEIMER DISEASE,CACNA1F
KEGG_2026,ALZHEIMER DISEASE,RTN4
KEGG_2026,ALZHEIMER DISEASE,ATP5MC1
KEGG_2026,ALZHEIMER DISEASE,KLC4
KEGG_2026,ALZHEIMER DISEASE,KLC3
KEGG_2026,ALZHEIMER DISEASE,DVL1
KEGG_2026,ALZHEIMER DISEASE,DVL2
KEGG_2026,ALZHEIMER DISEASE,APOE
KEGG_2026,ALZHEIMER DISEASE,NDUFV2
KEGG_2026,ALZHEIMER DISEASE,NDUFV1
KEGG_2026,ALZHEIMER DISEASE,XBP1
KEGG_2026,ALZHEIMER DISEASE,FZD2
KEGG_2026,ALZHEIMER DISEASE,FZD5
KEGG_2026,ALZHEIMER DISEASE,FZD4
KEGG_2026,ALZHEIMER DISEASE,FZD6
KEGG_2026,ALZHEIMER DISEASE,EIF2AK3
KEGG_2026,ALZHEIMER DISEASE,BRAF
KEGG_2026,ALZHEIMER DISEASE,EIF2S1
KEGG_2026,ALZHEIMER DISEASE,IL6
KEGG_2026,ALZHEIMER DISEASE,CDK5
KEGG_2026,ALZHEIMER DISEASE,UQCRQ
KEGG_2026,ALZHEIMER DISEASE,FASN
KEGG_2026,ALZHEIMER DISEASE,GNAQ
KEGG_2026,ALZHEIMER DISEASE,CYCS
KEGG_2026,ALZHEIMER DISEASE,CALM3
KEGG_2026,ALZHEIMER DISEASE,CALM1
KEGG_2026,ALZHEIMER DISEASE,CALM2
KEGG_2026,ALZHEIMER DISEASE,TUBA8
KEGG_2026,ALZHEIMER DISEASE,GSK3B
KEGG_2026,ALZHEIMER DISEASE,COX4I1
KEGG_2026,ALZHEIMER DISEASE,ATP2A1
KEGG_2026,ALZHEIMER DISEASE,PIK3CB
KEGG_2026,ALZHEIMER DISEASE,TUBA1C
KEGG_2026,ALZHEIMER DISEASE,TUBA1B
KEGG_2026,ALZHEIMER DISEASE,PPP3CB
KEGG_2026,ALZHEIMER DISEASE,GRM5
KEGG_2026,ALZHEIMER DISEASE,TUBA1A
KEGG_2026,ALZHEIMER DISEASE,CASP3
KEGG_2026,ALZHEIMER DISEASE,RB1CC1
KEGG_2026,ALZHEIMER DISEASE,UQCRFS1
KEGG_2026,ALZHEIMER DISEASE,HRAS
KEGG_2026,ALZHEIMER DISEASE,COX8A
KEGG_2026,ALZHEIMER DISEASE,TUBB
KEGG_2026,ALZHEIMER DISEASE,TNFRSF1A
KEGG_2026,ALZHEIMER DISEASE,PLCB3
KEGG_2026,ALZHEIMER DISEASE,TUBB2B
KEGG_2026,ALZHEIMER DISEASE,TUBB2A
KEGG_2026,ALZHEIMER DISEASE,PLCB4
KEGG_2026,ALZHEIMER DISEASE,NDUFS8
KEGG_2026,ALZHEIMER DISEASE,PIK3CA
KEGG_2026,ALZHEIMER DISEASE,NDUFS7
KEGG_2026,ALZHEIMER DISEASE,IL1B
KEGG_2026,ALZHEIMER DISEASE,NDUFS3
KEGG_2026,ALZHEIMER DISEASE,NDUFS2
KEGG_2026,ALZHEIMER DISEASE,NDUFS1
KEGG_2026,ALZHEIMER DISEASE,PLCB1
KEGG_2026,ALZHEIMER DISEASE,SLC25A5
KEGG_2026,ALZHEIMER DISEASE,PLCB2
KEGG_2026,ALZHEIMER DISEASE,SLC25A4
KEGG_2026,ALZHEIMER DISEASE,GAPDH
KEGG_2026,ALZHEIMER DISEASE,SLC25A6
KEGG_2026,ALZHEIMER DISEASE,NDUFB9
KEGG_2026,ALZHEIMER DISEASE,NDUFB8
KEGG_2026,ALZHEIMER DISEASE,NDUFB7
KEGG_2026,ALZHEIMER DISEASE,TUBAL3
KEGG_2026,ALZHEIMER DISEASE,NDUFB4
KEGG_2026,ALZHEIMER DISEASE,NDUFB3
KEGG_2026,ALZHEIMER DISEASE,LRP5
KEGG_2026,ALZHEIMER DISEASE,UQCR10
KEGG_2026,ALZHEIMER DISEASE,AMBRA1
KEGG_2026,ALZHEIMER DISEASE,PTGS2
KEGG_2026,ALZHEIMER DISEASE,COX5B
KEGG_2026,ALZHEIMER DISEASE,COX5A
KEGG_2026,ALZHEIMER DISEASE,HSD17B10
KEGG_2026,ALZHEIMER DISEASE,RELA
KEGG_2026,ALZHEIMER DISEASE,INS
KEGG_2026,ALZHEIMER DISEASE,TUBA3E
KEGG_2026,ALZHEIMER DISEASE,MAPK9
KEGG_2026,ALZHEIMER DISEASE,TUBA3D
KEGG_2026,ALZHEIMER DISEASE,NRAS
KEGG_2026,ALZHEIMER DISEASE,ATP5F1A
KEGG_2026,ALZHEIMER DISEASE,MAPK8
KEGG_2026,ALZHEIMER DISEASE,ATP5F1B
KEGG_2026,ALZHEIMER DISEASE,WNT11
KEGG_2026,ALZHEIMER DISEASE,MAPK1
KEGG_2026,ALZHEIMER DISEASE,MAPK3
KEGG_2026,ALZHEIMER DISEASE,SNCA
KEGG_2026,ALZHEIMER DISEASE,NDUFA9
KEGG_2026,ALZHEIMER DISEASE,ATP5PF
KEGG_2026,ALZHEIMER DISEASE,NDUFA8
KEGG_2026,ALZHEIMER DISEASE,ATP5PD
KEGG_2026,ALZHEIMER DISEASE,NDUFA5
KEGG_2026,ALZHEIMER DISEASE,ATP5PB
KEGG_2026,ALZHEIMER DISEASE,NDUFA3
KEGG_2026,ALZHEIMER DISEASE,NDUFA2
KEGG_2026,ALZHEIMER DISEASE,ADRM1
KEGG_2026,ALZHEIMER DISEASE,TUBB4B
KEGG_2026,ALZHEIMER DISEASE,ATP5F1C
KEGG_2026,ALZHEIMER DISEASE,ATP5F1D
KEGG_2026,ALZHEIMER DISEASE,TUBB4A
KEGG_2026,ALZHEIMER DISEASE,PSMC5
KEGG_2026,ALZHEIMER DISEASE,PSMC1
KEGG_2026,ALZHEIMER DISEASE,NDUFAB1
KEGG_2026,ALZHEIMER DISEASE,ATP5PO
KEGG_2026,ALZHEIMER DISEASE,CTNNB1
KEGG_2026,HUMAN T-CELL LEUKEMIA VIRUS 1 INFECTION,CRTC2
KEGG_2026,HUMAN T-CELL LEUKEMIA VIRUS 1 INFECTION,CSF2
KEGG_2026,HUMAN T-CELL LEUKEMIA VIRUS 1 INFECTION,TRRAP
KEGG_2026,HUMAN T-CELL LEUKEMIA VIRUS 1 INFECTION,BUB1B
KEGG_2026,HUMAN T-CELL LEUKEMIA VIRUS 1 INFECTION,TNF
KEGG_2026,HUMAN T-CELL LEUKEMIA VIRUS 1 INFECTION,ICAM1
KEGG_2026,HUMAN T-CELL LEUKEMIA VIRUS 1 INFECTION,CDC20
KEGG_2026,HUMAN T-CELL LEUKEMIA VIRUS 1 INFECTION,CDC23
KEGG_2026,HUMAN T-CELL LEUKEMIA VIRUS 1 INFECTION,KAT5
KEGG_2026,HUMAN T-CELL LEUKEMIA VIRUS 1 INFECTION,CREB3L3
KEGG_2026,HUMAN T-CELL LEUKEMIA VIRUS 1 INFECTION,CREB3L4
KEGG_2026,HUMAN T-CELL LEUKEMIA VIRUS 1 INFECTION,AKT2
KEGG_2026,HUMAN T-CELL LEUKEMIA VIRUS 1 INFECTION,PRKACG
KEGG_2026,HUMAN T-CELL LEUKEMIA VIRUS 1 INFECTION,MYC
KEGG_2026,HUMAN T-CELL LEUKEMIA VIRUS 1 INFECTION,CREB3L1
KEGG_2026,HUMAN T-CELL LEUKEMIA VIRUS 1 INFECTION,CHEK2
KEGG_2026,HUMAN T-CELL LEUKEMIA VIRUS 1 INFECTION,CDC26
KEGG_2026,HUMAN T-CELL LEUKEMIA VIRUS 1 INFECTION,AKT3
KEGG_2026,HUMAN T-CELL LEUKEMIA VIRUS 1 INFECTION,CREB3L2
KEGG_2026,HUMAN T-CELL LEUKEMIA VIRUS 1 INFECTION,CDC27
KEGG_2026,HUMAN T-CELL LEUKEMIA VIRUS 1 INFECTION,AKT1
KEGG_2026,HUMAN T-CELL LEUKEMIA VIRUS 1 INFECTION,EP300
KEGG_2026,HUMAN T-CELL LEUKEMIA VIRUS 1 INFECTION,PRKACB
KEGG_2026,HUMAN T-CELL LEUKEMIA VIRUS 1 INFECTION,MAP2K1
KEGG_2026,HUMAN T-CELL LEUKEMIA VIRUS 1 INFECTION,MAP2K2
KEGG_2026,HUMAN T-CELL LEUKEMIA VIRUS 1 INFECTION,ANAPC7
KEGG_2026,HUMAN T-CELL LEUKEMIA VIRUS 1 INFECTION,KCNH8
KEGG_2026,HUMAN T-CELL LEUKEMIA VIRUS 1 INFECTION,HLA-B
KEGG_2026,HUMAN T-CELL LEUKEMIA VIRUS 1 INFECTION,PRKCA
KEGG_2026,HUMAN T-CELL LEUKEMIA VIRUS 1 INFECTION,HLA-A
KEGG_2026,HUMAN T-CELL LEUKEMIA VIRUS 1 INFECTION,ADCY9
KEGG_2026,HUMAN T-CELL LEUKEMIA VIRUS 1 INFECTION,VDAC3
KEGG_2026,HUMAN T-CELL LEUKEMIA VIRUS 1 INFECTION,VDAC2
KEGG_2026,HUMAN T-CELL LEUKEMIA VIRUS 1 INFECTION,ANAPC4
KEGG_2026,HUMAN T-CELL LEUKEMIA VIRUS 1 INFECTION,VDAC1
KEGG_2026,HUMAN T-CELL LEUKEMIA VIRUS 1 INFECTION,ANAPC5
KEGG_2026,HUMAN T-CELL LEUKEMIA VIRUS 1 INFECTION,TP53
KEGG_2026,HUMAN T-CELL LEUKEMIA VIRUS 1 INFECTION,ANAPC1
KEGG_2026,HUMAN T-CELL LEUKEMIA VIRUS 1 INFECTION,ATF4
KEGG_2026,HUMAN T-CELL LEUKEMIA VIRUS 1 INFECTION,ANAPC2
KEGG_2026,HUMAN T-CELL LEUKEMIA VIRUS 1 INFECTION,ANAPC13
KEGG_2026,HUMAN T-CELL LEUKEMIA VIRUS 1 INFECTION,ANAPC15
KEGG_2026,HUMAN T-CELL LEUKEMIA VIRUS 1 INFECTION,ANAPC16
KEGG_2026,HUMAN T-CELL LEUKEMIA VIRUS 1 INFECTION,PIK3R3
KEGG_2026,HUMAN T-CELL LEUKEMIA VIRUS 1 INFECTION,PIK3R2
KEGG_2026,HUMAN T-CELL LEUKEMIA VIRUS 1 INFECTION,PIK3R1
KEGG_2026,HUMAN T-CELL LEUKEMIA VIRUS 1 INFECTION,ANAPC10
KEGG_2026,HUMAN T-CELL LEUKEMIA VIRUS 1 INFECTION,ANAPC11
KEGG_2026,HUMAN T-CELL LEUKEMIA VIRUS 1 INFECTION,TERT
KEGG_2026,HUMAN T-CELL LEUKEMIA VIRUS 1 INFECTION,FDPS
KEGG_2026,HUMAN T-CELL LEUKEMIA VIRUS 1 INFECTION,CREBBP
KEGG_2026,HUMAN T-CELL LEUKEMIA VIRUS 1 INFECTION,JUN
KEGG_2026,HUMAN T-CELL LEUKEMIA VIRUS 1 INFECTION,SMAD4
KEGG_2026,HUMAN T-CELL LEUKEMIA VIRUS 1 INFECTION,TGFB1
KEGG_2026,HUMAN T-CELL LEUKEMIA VIRUS 1 INFECTION,FOSL1
KEGG_2026,HUMAN T-CELL LEUKEMIA VIRUS 1 INFECTION,NFKBIA
KEGG_2026,HUMAN T-CELL LEUKEMIA VIRUS 1 INFECTION,IL6
KEGG_2026,HUMAN T-CELL LEUKEMIA VIRUS 1 INFECTION,CDC16
KEGG_2026,HUMAN T-CELL LEUKEMIA VIRUS 1 INFECTION,CALR
KEGG_2026,HUMAN T-CELL LEUKEMIA VIRUS 1 INFECTION,PTEN
KEGG_2026,HUMAN T-CELL LEUKEMIA VIRUS 1 INFECTION,SLC2A1
KEGG_2026,HUMAN T-CELL LEUKEMIA VIRUS 1 INFECTION,PIK3CB
KEGG_2026,HUMAN T-CELL LEUKEMIA VIRUS 1 INFECTION,PPP3CB
KEGG_2026,HUMAN T-CELL LEUKEMIA VIRUS 1 INFECTION,XPO1
KEGG_2026,HUMAN T-CELL LEUKEMIA VIRUS 1 INFECTION,HRAS
KEGG_2026,HUMAN T-CELL LEUKEMIA VIRUS 1 INFECTION,TBP
KEGG_2026,HUMAN T-CELL LEUKEMIA VIRUS 1 INFECTION,FOS
KEGG_2026,HUMAN T-CELL LEUKEMIA VIRUS 1 INFECTION,TGFBR1
KEGG_2026,HUMAN T-CELL LEUKEMIA VIRUS 1 INFECTION,TGFBR2
KEGG_2026,HUMAN T-CELL LEUKEMIA VIRUS 1 INFECTION,TNFRSF1A
KEGG_2026,HUMAN T-CELL LEUKEMIA VIRUS 1 INFECTION,KAT2B
KEGG_2026,HUMAN T-CELL LEUKEMIA VIRUS 1 INFECTION,KAT2A
KEGG_2026,HUMAN T-CELL LEUKEMIA VIRUS 1 INFECTION,CREB1
KEGG_2026,HUMAN T-CELL LEUKEMIA VIRUS 1 INFECTION,PIK3CA
KEGG_2026,HUMAN T-CELL LEUKEMIA VIRUS 1 INFECTION,LCK
KEGG_2026,HUMAN T-CELL LEUKEMIA VIRUS 1 INFECTION,CANX
KEGG_2026,HUMAN T-CELL LEUKEMIA VIRUS 1 INFECTION,SLC25A5
KEGG_2026,HUMAN T-CELL LEUKEMIA VIRUS 1 INFECTION,SLC25A4
KEGG_2026,HUMAN T-CELL LEUKEMIA VIRUS 1 INFECTION,CREB5
KEGG_2026,HUMAN T-CELL LEUKEMIA VIRUS 1 INFECTION,SLC25A6
KEGG_2026,HUMAN T-CELL LEUKEMIA VIRUS 1 INFECTION,ATF6B
KEGG_2026,HUMAN T-CELL LEUKEMIA VIRUS 1 INFECTION,ADCY4
KEGG_2026,HUMAN T-CELL LEUKEMIA VIRUS 1 INFECTION,GPS2
KEGG_2026,HUMAN T-CELL LEUKEMIA VIRUS 1 INFECTION,ADCY2
KEGG_2026,HUMAN T-CELL LEUKEMIA VIRUS 1 INFECTION,ADCY1
KEGG_2026,HUMAN T-CELL LEUKEMIA VIRUS 1 INFECTION,ADCY8
KEGG_2026,HUMAN T-CELL LEUKEMIA VIRUS 1 INFECTION,IL2RG
KEGG_2026,HUMAN T-CELL LEUKEMIA VIRUS 1 INFECTION,ADCY7
KEGG_2026,HUMAN T-CELL LEUKEMIA VIRUS 1 INFECTION,ADCY6
KEGG_2026,HUMAN T-CELL LEUKEMIA VIRUS 1 INFECTION,RELA
KEGG_2026,HUMAN T-CELL LEUKEMIA VIRUS 1 INFECTION,RELB
KEGG_2026,HUMAN T-CELL LEUKEMIA VIRUS 1 INFECTION,ADCY5
KEGG_2026,HUMAN T-CELL LEUKEMIA VIRUS 1 INFECTION,MAPK9
KEGG_2026,HUMAN T-CELL LEUKEMIA VIRUS 1 INFECTION,NRAS
KEGG_2026,HUMAN T-CELL LEUKEMIA VIRUS 1 INFECTION,MAPK8
KEGG_2026,HUMAN T-CELL LEUKEMIA VIRUS 1 INFECTION,MAPK1
KEGG_2026,HUMAN T-CELL LEUKEMIA VIRUS 1 INFECTION,MAPK3
KEGG_2026,HUMAN T-CELL LEUKEMIA VIRUS 1 INFECTION,RANBP1
KEGG_2026,HUMAN T-CELL LEUKEMIA VIRUS 1 INFECTION,MAP3K1
KEGG_2026,HUMAN T-CELL LEUKEMIA VIRUS 1 INFECTION,RANBP3
KEGG_2026,HUMAN T-CELL LEUKEMIA VIRUS 1 INFECTION,CDKN2A
KEGG_2026,HUMAN T-CELL LEUKEMIA VIRUS 1 INFECTION,NFYB
KEGG_2026,HUMAN T-CELL LEUKEMIA VIRUS 1 INFECTION,CD4
KEGG_2026,HUMAN T-CELL LEUKEMIA VIRUS 1 INFECTION,BAX
KEGG_2026,HUMAN T-CELL LEUKEMIA VIRUS 1 INFECTION,LTBR
KEGG_2026,HUMAN T-CELL LEUKEMIA VIRUS 1 INFECTION,RAN
KEGG_2026,HUMAN T-CELL LEUKEMIA VIRUS 1 INFECTION,MAD2L1
KEGG_2026,DOPAMINERGIC SYNAPSE,GSK3B
KEGG_2026,DOPAMINERGIC SYNAPSE,CALML5
KEGG_2026,DOPAMINERGIC SYNAPSE,CALML6
KEGG_2026,DOPAMINERGIC SYNAPSE,CALML3
KEGG_2026,DOPAMINERGIC SYNAPSE,ARRB1
KEGG_2026,DOPAMINERGIC SYNAPSE,CALML4
KEGG_2026,DOPAMINERGIC SYNAPSE,ARRB2
KEGG_2026,DOPAMINERGIC SYNAPSE,PPP1CB
KEGG_2026,DOPAMINERGIC SYNAPSE,GNGT1
KEGG_2026,DOPAMINERGIC SYNAPSE,PPP1CC
KEGG_2026,DOPAMINERGIC SYNAPSE,PPP3CB
KEGG_2026,DOPAMINERGIC SYNAPSE,GNGT2
KEGG_2026,DOPAMINERGIC SYNAPSE,CREB3L3
KEGG_2026,DOPAMINERGIC SYNAPSE,CREB3L4
KEGG_2026,DOPAMINERGIC SYNAPSE,AKT2
KEGG_2026,DOPAMINERGIC SYNAPSE,PRKACG
KEGG_2026,DOPAMINERGIC SYNAPSE,CREB3L1
KEGG_2026,DOPAMINERGIC SYNAPSE,KIF5B
KEGG_2026,DOPAMINERGIC SYNAPSE,KIF5A
KEGG_2026,DOPAMINERGIC SYNAPSE,AKT3
KEGG_2026,DOPAMINERGIC SYNAPSE,CREB3L2
KEGG_2026,DOPAMINERGIC SYNAPSE,AKT1
KEGG_2026,DOPAMINERGIC SYNAPSE,PRKACB
KEGG_2026,DOPAMINERGIC SYNAPSE,PRKCG
KEGG_2026,DOPAMINERGIC SYNAPSE,PRKCB
KEGG_2026,DOPAMINERGIC SYNAPSE,PRKCA
KEGG_2026,DOPAMINERGIC SYNAPSE,FOS
KEGG_2026,DOPAMINERGIC SYNAPSE,PLCB3
KEGG_2026,DOPAMINERGIC SYNAPSE,CREB1
KEGG_2026,DOPAMINERGIC SYNAPSE,PLCB4
KEGG_2026,DOPAMINERGIC SYNAPSE,PLCB1
KEGG_2026,DOPAMINERGIC SYNAPSE,PLCB2
KEGG_2026,DOPAMINERGIC SYNAPSE,ATF4
KEGG_2026,DOPAMINERGIC SYNAPSE,CREB5
KEGG_2026,DOPAMINERGIC SYNAPSE,GRIA1
KEGG_2026,DOPAMINERGIC SYNAPSE,CAMK2B
KEGG_2026,DOPAMINERGIC SYNAPSE,CAMK2D
KEGG_2026,DOPAMINERGIC SYNAPSE,MAOB
KEGG_2026,DOPAMINERGIC SYNAPSE,ATF6B
KEGG_2026,DOPAMINERGIC SYNAPSE,CAMK2A
KEGG_2026,DOPAMINERGIC SYNAPSE,GNAI3
KEGG_2026,DOPAMINERGIC SYNAPSE,GNAI1
KEGG_2026,DOPAMINERGIC SYNAPSE,GNAI2
KEGG_2026,DOPAMINERGIC SYNAPSE,ADCY5
KEGG_2026,DOPAMINERGIC SYNAPSE,MAPK9
KEGG_2026,DOPAMINERGIC SYNAPSE,GNG10
KEGG_2026,DOPAMINERGIC SYNAPSE,MAPK8
KEGG_2026,DOPAMINERGIC SYNAPSE,GNG3
KEGG_2026,DOPAMINERGIC SYNAPSE,GNG2
KEGG_2026,DOPAMINERGIC SYNAPSE,GNG5
KEGG_2026,DOPAMINERGIC SYNAPSE,GNG4
KEGG_2026,DOPAMINERGIC SYNAPSE,GNG7
KEGG_2026,DOPAMINERGIC SYNAPSE,GNG8
KEGG_2026,DOPAMINERGIC SYNAPSE,DRD2
KEGG_2026,DOPAMINERGIC SYNAPSE,CAMK2G
KEGG_2026,DOPAMINERGIC SYNAPSE,DRD4
KEGG_2026,DOPAMINERGIC SYNAPSE,KCNJ3
KEGG_2026,DOPAMINERGIC SYNAPSE,KCNJ5
KEGG_2026,DOPAMINERGIC SYNAPSE,GNG12
KEGG_2026,DOPAMINERGIC SYNAPSE,GNG11
KEGG_2026,DOPAMINERGIC SYNAPSE,GNG13
KEGG_2026,DOPAMINERGIC SYNAPSE,PPP1CA
KEGG_2026,DOPAMINERGIC SYNAPSE,GNAO1
KEGG_2026,DOPAMINERGIC SYNAPSE,GNAL
KEGG_2026,DOPAMINERGIC SYNAPSE,TH
KEGG_2026,DOPAMINERGIC SYNAPSE,GNAQ
KEGG_2026,DOPAMINERGIC SYNAPSE,GNB2
KEGG_2026,DOPAMINERGIC SYNAPSE,GNB1
KEGG_2026,DOPAMINERGIC SYNAPSE,GNB4
KEGG_2026,DOPAMINERGIC SYNAPSE,GNAS
KEGG_2026,DOPAMINERGIC SYNAPSE,GNB3
KEGG_2026,DOPAMINERGIC SYNAPSE,CALM3
KEGG_2026,DOPAMINERGIC SYNAPSE,GNB5
KEGG_2026,DOPAMINERGIC SYNAPSE,CALM1
KEGG_2026,DOPAMINERGIC SYNAPSE,CALM2
KEGG_2026,RETROGRADE ENDOCANNABINOID SIGNALING,NDUFA13
KEGG_2026,RETROGRADE ENDOCANNABINOID SIGNALING,GABRB1
KEGG_2026,RETROGRADE ENDOCANNABINOID SIGNALING,NDUFA12
KEGG_2026,RETROGRADE ENDOCANNABINOID SIGNALING,NDUFA10
KEGG_2026,RETROGRADE ENDOCANNABINOID SIGNALING,GRM1
KEGG_2026,RETROGRADE ENDOCANNABINOID SIGNALING,GNGT1
KEGG_2026,RETROGRADE ENDOCANNABINOID SIGNALING,RIMS1
KEGG_2026,RETROGRADE ENDOCANNABINOID SIGNALING,GABRR2
KEGG_2026,RETROGRADE ENDOCANNABINOID SIGNALING,GRM5
KEGG_2026,RETROGRADE ENDOCANNABINOID SIGNALING,GABRR1
KEGG_2026,RETROGRADE ENDOCANNABINOID SIGNALING,GNGT2
KEGG_2026,RETROGRADE ENDOCANNABINOID SIGNALING,PRKACG
KEGG_2026,RETROGRADE ENDOCANNABINOID SIGNALING,PRKACB
KEGG_2026,RETROGRADE ENDOCANNABINOID SIGNALING,PRKCG
KEGG_2026,RETROGRADE ENDOCANNABINOID SIGNALING,PRKCB
KEGG_2026,RETROGRADE ENDOCANNABINOID SIGNALING,PRKCA
KEGG_2026,RETROGRADE ENDOCANNABINOID SIGNALING,GABRG2
KEGG_2026,RETROGRADE ENDOCANNABINOID SIGNALING,PLCB3
KEGG_2026,RETROGRADE ENDOCANNABINOID SIGNALING,ADCY9
KEGG_2026,RETROGRADE ENDOCANNABINOID SIGNALING,NDUFS8
KEGG_2026,RETROGRADE ENDOCANNABINOID SIGNALING,PLCB4
KEGG_2026,RETROGRADE ENDOCANNABINOID SIGNALING,NDUFS7
KEGG_2026,RETROGRADE ENDOCANNABINOID SIGNALING,NDUFS3
KEGG_2026,RETROGRADE ENDOCANNABINOID SIGNALING,NDUFS2
KEGG_2026,RETROGRADE ENDOCANNABINOID SIGNALING,NDUFS1
KEGG_2026,RETROGRADE ENDOCANNABINOID SIGNALING,PLCB1
KEGG_2026,RETROGRADE ENDOCANNABINOID SIGNALING,PLCB2
KEGG_2026,RETROGRADE ENDOCANNABINOID SIGNALING,GRIA1
KEGG_2026,RETROGRADE ENDOCANNABINOID SIGNALING,NDUFB9
KEGG_2026,RETROGRADE ENDOCANNABINOID SIGNALING,NDUFB8
KEGG_2026,RETROGRADE ENDOCANNABINOID SIGNALING,NDUFB7
KEGG_2026,RETROGRADE ENDOCANNABINOID SIGNALING,NDUFB4
KEGG_2026,RETROGRADE ENDOCANNABINOID SIGNALING,NDUFB3
KEGG_2026,RETROGRADE ENDOCANNABINOID SIGNALING,GNAI3
KEGG_2026,RETROGRADE ENDOCANNABINOID SIGNALING,ADCY4
KEGG_2026,RETROGRADE ENDOCANNABINOID SIGNALING,ADCY2
KEGG_2026,RETROGRADE ENDOCANNABINOID SIGNALING,ADCY1
KEGG_2026,RETROGRADE ENDOCANNABINOID SIGNALING,CACNA1F
KEGG_2026,RETROGRADE ENDOCANNABINOID SIGNALING,PTGS2
KEGG_2026,RETROGRADE ENDOCANNABINOID SIGNALING,ADCY8
KEGG_2026,RETROGRADE ENDOCANNABINOID SIGNALING,ADCY7
KEGG_2026,RETROGRADE ENDOCANNABINOID SIGNALING,ADCY6
KEGG_2026,RETROGRADE ENDOCANNABINOID SIGNALING,GNAI1
KEGG_2026,RETROGRADE ENDOCANNABINOID SIGNALING,GNAI2
KEGG_2026,RETROGRADE ENDOCANNABINOID SIGNALING,ADCY5
KEGG_2026,RETROGRADE ENDOCANNABINOID SIGNALING,MAPK9
KEGG_2026,RETROGRADE ENDOCANNABINOID SIGNALING,GNG10
KEGG_2026,RETROGRADE ENDOCANNABINOID SIGNALING,MAPK8
KEGG_2026,RETROGRADE ENDOCANNABINOID SIGNALING,GNG3
KEGG_2026,RETROGRADE ENDOCANNABINOID SIGNALING,GNG2
KEGG_2026,RETROGRADE ENDOCANNABINOID SIGNALING,GNG5
KEGG_2026,RETROGRADE ENDOCANNABINOID SIGNALING,GNG4
KEGG_2026,RETROGRADE ENDOCANNABINOID SIGNALING,GNG7
KEGG_2026,RETROGRADE ENDOCANNABINOID SIGNALING,GNG8
KEGG_2026,RETROGRADE ENDOCANNABINOID SIGNALING,MAPK1
KEGG_2026,RETROGRADE ENDOCANNABINOID SIGNALING,SLC17A8
KEGG_2026,RETROGRADE ENDOCANNABINOID SIGNALING,NDUFV2
KEGG_2026,RETROGRADE ENDOCANNABINOID SIGNALING,NDUFV1
KEGG_2026,RETROGRADE ENDOCANNABINOID SIGNALING,GABRD
KEGG_2026,RETROGRADE ENDOCANNABINOID SIGNALING,MAPK3
KEGG_2026,RETROGRADE ENDOCANNABINOID SIGNALING,KCNJ3
KEGG_2026,RETROGRADE ENDOCANNABINOID SIGNALING,NDUFA9
KEGG_2026,RETROGRADE ENDOCANNABINOID SIGNALING,NDUFA8
KEGG_2026,RETROGRADE ENDOCANNABINOID SIGNALING,GABRA1
KEGG_2026,RETROGRADE ENDOCANNABINOID SIGNALING,KCNJ5
KEGG_2026,RETROGRADE ENDOCANNABINOID SIGNALING,NDUFA5
KEGG_2026,RETROGRADE ENDOCANNABINOID SIGNALING,GABRA5
KEGG_2026,RETROGRADE ENDOCANNABINOID SIGNALING,NDUFA3
KEGG_2026,RETROGRADE ENDOCANNABINOID SIGNALING,NDUFA2
KEGG_2026,RETROGRADE ENDOCANNABINOID SIGNALING,GNG12
KEGG_2026,RETROGRADE ENDOCANNABINOID SIGNALING,GNG11
KEGG_2026,RETROGRADE ENDOCANNABINOID SIGNALING,GNG13
KEGG_2026,RETROGRADE ENDOCANNABINOID SIGNALING,GNAO1
KEGG_2026,RETROGRADE ENDOCANNABINOID SIGNALING,GNAQ
KEGG_2026,RETROGRADE ENDOCANNABINOID SIGNALING,GNB2
KEGG_2026,RETROGRADE ENDOCANNABINOID SIGNALING,GNB1
KEGG_2026,RETROGRADE ENDOCANNABINOID SIGNALING,NDUFAB1
KEGG_2026,RETROGRADE ENDOCANNABINOID SIGNALING,GNB4
KEGG_2026,RETROGRADE ENDOCANNABINOID SIGNALING,GNB3
KEGG_2026,RETROGRADE ENDOCANNABINOID SIGNALING,GNB5
KEGG_2026,GLUCAGON SIGNALING PATHWAY,PYGB
KEGG_2026,GLUCAGON SIGNALING PATHWAY,CRTC2
KEGG_2026,GLUCAGON SIGNALING PATHWAY,CALML5
KEGG_2026,GLUCAGON SIGNALING PATHWAY,CALML6
KEGG_2026,GLUCAGON SIGNALING PATHWAY,PDE3B
KEGG_2026,GLUCAGON SIGNALING PATHWAY,SLC2A1
KEGG_2026,GLUCAGON SIGNALING PATHWAY,SLC2A2
KEGG_2026,GLUCAGON SIGNALING PATHWAY,CALML3
KEGG_2026,GLUCAGON SIGNALING PATHWAY,PYGM
KEGG_2026,GLUCAGON SIGNALING PATHWAY,CALML4
KEGG_2026,GLUCAGON SIGNALING PATHWAY,PYGL
KEGG_2026,GLUCAGON SIGNALING PATHWAY,GYS2
KEGG_2026,GLUCAGON SIGNALING PATHWAY,GYS1
KEGG_2026,GLUCAGON SIGNALING PATHWAY,PPP3CB
KEGG_2026,GLUCAGON SIGNALING PATHWAY,CREB3L3
KEGG_2026,GLUCAGON SIGNALING PATHWAY,CREB3L4
KEGG_2026,GLUCAGON SIGNALING PATHWAY,AKT2
KEGG_2026,GLUCAGON SIGNALING PATHWAY,PRKACG
KEGG_2026,GLUCAGON SIGNALING PATHWAY,CREB3L1
KEGG_2026,GLUCAGON SIGNALING PATHWAY,AKT3
KEGG_2026,GLUCAGON SIGNALING PATHWAY,CREB3L2
KEGG_2026,GLUCAGON SIGNALING PATHWAY,AKT1
KEGG_2026,GLUCAGON SIGNALING PATHWAY,EP300
KEGG_2026,GLUCAGON SIGNALING PATHWAY,PRKACB
KEGG_2026,GLUCAGON SIGNALING PATHWAY,PGAM2
KEGG_2026,GLUCAGON SIGNALING PATHWAY,PPP4R3A
KEGG_2026,GLUCAGON SIGNALING PATHWAY,PRKCA
KEGG_2026,GLUCAGON SIGNALING PATHWAY,SIRT1
KEGG_2026,GLUCAGON SIGNALING PATHWAY,PLCB3
KEGG_2026,GLUCAGON SIGNALING PATHWAY,PKM
KEGG_2026,GLUCAGON SIGNALING PATHWAY,CREB1
KEGG_2026,GLUCAGON SIGNALING PATHWAY,PLCB4
KEGG_2026,GLUCAGON SIGNALING PATHWAY,PGAM4
KEGG_2026,GLUCAGON SIGNALING PATHWAY,SIK2
KEGG_2026,GLUCAGON SIGNALING PATHWAY,PLCB1
KEGG_2026,GLUCAGON SIGNALING PATHWAY,FBP1
KEGG_2026,GLUCAGON SIGNALING PATHWAY,PLCB2
KEGG_2026,GLUCAGON SIGNALING PATHWAY,ATF4
KEGG_2026,GLUCAGON SIGNALING PATHWAY,CREB5
KEGG_2026,GLUCAGON SIGNALING PATHWAY,CAMK2B
KEGG_2026,GLUCAGON SIGNALING PATHWAY,PFKFB1
KEGG_2026,GLUCAGON SIGNALING PATHWAY,CAMK2D
KEGG_2026,GLUCAGON SIGNALING PATHWAY,CAMK2A
KEGG_2026,GLUCAGON SIGNALING PATHWAY,ADCY2
KEGG_2026,GLUCAGON SIGNALING PATHWAY,PDHB
KEGG_2026,GLUCAGON SIGNALING PATHWAY,LDHA
KEGG_2026,GLUCAGON SIGNALING PATHWAY,PPP4C
KEGG_2026,GLUCAGON SIGNALING PATHWAY,PPARGC1A
KEGG_2026,GLUCAGON SIGNALING PATHWAY,CAMK2G
KEGG_2026,GLUCAGON SIGNALING PATHWAY,PCK2
KEGG_2026,GLUCAGON SIGNALING PATHWAY,PDHA2
KEGG_2026,GLUCAGON SIGNALING PATHWAY,CREBBP
KEGG_2026,GLUCAGON SIGNALING PATHWAY,PDHA1
KEGG_2026,GLUCAGON SIGNALING PATHWAY,GCGR
KEGG_2026,GLUCAGON SIGNALING PATHWAY,G6PC2
KEGG_2026,GLUCAGON SIGNALING PATHWAY,PFKL
KEGG_2026,GLUCAGON SIGNALING PATHWAY,G6PC3
KEGG_2026,GLUCAGON SIGNALING PATHWAY,GNAQ
KEGG_2026,GLUCAGON SIGNALING PATHWAY,GNAS
KEGG_2026,GLUCAGON SIGNALING PATHWAY,CALM3
KEGG_2026,GLUCAGON SIGNALING PATHWAY,CALM1
KEGG_2026,GLUCAGON SIGNALING PATHWAY,CALM2
KEGG_2026,GLUCAGON SIGNALING PATHWAY,PFKM
KEGG_2026,GLUCAGON SIGNALING PATHWAY,PFKP
KEGG_2026,GLYCOLYSIS / GLUCONEOGENESIS,ACSS2
KEGG_2026,GLYCOLYSIS / GLUCONEOGENESIS,ADH1C
KEGG_2026,GLYCOLYSIS / GLUCONEOGENESIS,ADPGK
KEGG_2026,GLYCOLYSIS / GLUCONEOGENESIS,ADH1B
KEGG_2026,GLYCOLYSIS / GLUCONEOGENESIS,ADH1A
KEGG_2026,GLYCOLYSIS / GLUCONEOGENESIS,ENO1
KEGG_2026,GLYCOLYSIS / GLUCONEOGENESIS,PDHB
KEGG_2026,GLYCOLYSIS / GLUCONEOGENESIS,ENO2
KEGG_2026,GLYCOLYSIS / GLUCONEOGENESIS,ADH7
KEGG_2026,GLYCOLYSIS / GLUCONEOGENESIS,LOC112694756
KEGG_2026,GLYCOLYSIS / GLUCONEOGENESIS,ENO3
KEGG_2026,GLYCOLYSIS / GLUCONEOGENESIS,ENO4
KEGG_2026,GLYCOLYSIS / GLUCONEOGENESIS,ADH5
KEGG_2026,GLYCOLYSIS / GLUCONEOGENESIS,ADH6
KEGG_2026,GLYCOLYSIS / GLUCONEOGENESIS,LDHA
KEGG_2026,GLYCOLYSIS / GLUCONEOGENESIS,LDHD
KEGG_2026,GLYCOLYSIS / GLUCONEOGENESIS,PGK1
KEGG_2026,GLYCOLYSIS / GLUCONEOGENESIS,PGM2
KEGG_2026,GLYCOLYSIS / GLUCONEOGENESIS,DLAT
KEGG_2026,GLYCOLYSIS / GLUCONEOGENESIS,PGK2
KEGG_2026,GLYCOLYSIS / GLUCONEOGENESIS,ACSS1
KEGG_2026,GLYCOLYSIS / GLUCONEOGENESIS,PGM1
KEGG_2026,GLYCOLYSIS / GLUCONEOGENESIS,PCK2
KEGG_2026,GLYCOLYSIS / GLUCONEOGENESIS,PDHA2
KEGG_2026,GLYCOLYSIS / GLUCONEOGENESIS,TPI1
KEGG_2026,GLYCOLYSIS / GLUCONEOGENESIS,PDHA1
KEGG_2026,GLYCOLYSIS / GLUCONEOGENESIS,PKLR
KEGG_2026,GLYCOLYSIS / GLUCONEOGENESIS,PGAM2
KEGG_2026,GLYCOLYSIS / GLUCONEOGENESIS,HOOK3
KEGG_2026,GLYCOLYSIS / GLUCONEOGENESIS,MINPP1
KEGG_2026,GLYCOLYSIS / GLUCONEOGENESIS,PFKL
KEGG_2026,GLYCOLYSIS / GLUCONEOGENESIS,G6PC2
KEGG_2026,GLYCOLYSIS / GLUCONEOGENESIS,PKM
KEGG_2026,GLYCOLYSIS / GLUCONEOGENESIS,GNPDA1
KEGG_2026,GLYCOLYSIS / GLUCONEOGENESIS,G6PC3
KEGG_2026,GLYCOLYSIS / GLUCONEOGENESIS,HOOK2
KEGG_2026,GLYCOLYSIS / GLUCONEOGENESIS,HKDC1
KEGG_2026,GLYCOLYSIS / GLUCONEOGENESIS,GAPDHS
KEGG_2026,GLYCOLYSIS / GLUCONEOGENESIS,PGAM4
KEGG_2026,GLYCOLYSIS / GLUCONEOGENESIS,ALDOC
KEGG_2026,GLYCOLYSIS / GLUCONEOGENESIS,GALM
KEGG_2026,GLYCOLYSIS / GLUCONEOGENESIS,ALDOB
KEGG_2026,GLYCOLYSIS / GLUCONEOGENESIS,ALDH7A1
KEGG_2026,GLYCOLYSIS / GLUCONEOGENESIS,FBP1
KEGG_2026,GLYCOLYSIS / GLUCONEOGENESIS,GAPDH
KEGG_2026,GLYCOLYSIS / GLUCONEOGENESIS,PFKM
KEGG_2026,GLYCOLYSIS / GLUCONEOGENESIS,PFKP
KEGG_2026,ALDOSTERONE SYNTHESIS AND SECRETION,SCARB1
KEGG_2026,ALDOSTERONE SYNTHESIS AND SECRETION,CALML5
KEGG_2026,ALDOSTERONE SYNTHESIS AND SECRETION,CALML6
KEGG_2026,ALDOSTERONE SYNTHESIS AND SECRETION,CALML3
KEGG_2026,ALDOSTERONE SYNTHESIS AND SECRETION,CALML4
KEGG_2026,ALDOSTERONE SYNTHESIS AND SECRETION,CREB3L3
KEGG_2026,ALDOSTERONE SYNTHESIS AND SECRETION,CREB3L4
KEGG_2026,ALDOSTERONE SYNTHESIS AND SECRETION,PRKACG
KEGG_2026,ALDOSTERONE SYNTHESIS AND SECRETION,CREB3L1
KEGG_2026,ALDOSTERONE SYNTHESIS AND SECRETION,NPPA
KEGG_2026,ALDOSTERONE SYNTHESIS AND SECRETION,CREB3L2
KEGG_2026,ALDOSTERONE SYNTHESIS AND SECRETION,PRKACB
KEGG_2026,ALDOSTERONE SYNTHESIS AND SECRETION,PRKCG
KEGG_2026,ALDOSTERONE SYNTHESIS AND SECRETION,CAMK1D
KEGG_2026,ALDOSTERONE SYNTHESIS AND SECRETION,PRKCB
KEGG_2026,ALDOSTERONE SYNTHESIS AND SECRETION,PRKCA
KEGG_2026,ALDOSTERONE SYNTHESIS AND SECRETION,PLCB3
KEGG_2026,ALDOSTERONE SYNTHESIS AND SECRETION,CREB1
KEGG_2026,ALDOSTERONE SYNTHESIS AND SECRETION,PLCB4
KEGG_2026,ALDOSTERONE SYNTHESIS AND SECRETION,ADCY9
KEGG_2026,ALDOSTERONE SYNTHESIS AND SECRETION,PRKD3
KEGG_2026,ALDOSTERONE SYNTHESIS AND SECRETION,AGTR1
KEGG_2026,ALDOSTERONE SYNTHESIS AND SECRETION,PRKD2
KEGG_2026,ALDOSTERONE SYNTHESIS AND SECRETION,PRKD1
KEGG_2026,ALDOSTERONE SYNTHESIS AND SECRETION,PLCB1
KEGG_2026,ALDOSTERONE SYNTHESIS AND SECRETION,AGXT
KEGG_2026,ALDOSTERONE SYNTHESIS AND SECRETION,PLCB2
KEGG_2026,ALDOSTERONE SYNTHESIS AND SECRETION,CAMK1G
KEGG_2026,ALDOSTERONE SYNTHESIS AND SECRETION,CREB5
KEGG_2026,ALDOSTERONE SYNTHESIS AND SECRETION,ATF4
KEGG_2026,ALDOSTERONE SYNTHESIS AND SECRETION,CAMK2B
KEGG_2026,ALDOSTERONE SYNTHESIS AND SECRETION,CAMK2D
KEGG_2026,ALDOSTERONE SYNTHESIS AND SECRETION,ATF6B
KEGG_2026,ALDOSTERONE SYNTHESIS AND SECRETION,NPR1
KEGG_2026,ALDOSTERONE SYNTHESIS AND SECRETION,CAMK2A
KEGG_2026,ALDOSTERONE SYNTHESIS AND SECRETION,ADCY4
KEGG_2026,ALDOSTERONE SYNTHESIS AND SECRETION,ATP1A4
KEGG_2026,ALDOSTERONE SYNTHESIS AND SECRETION,ADCY2
KEGG_2026,ALDOSTERONE SYNTHESIS AND SECRETION,ADCY1
KEGG_2026,ALDOSTERONE SYNTHESIS AND SECRETION,CACNA1F
KEGG_2026,ALDOSTERONE SYNTHESIS AND SECRETION,ADCY8
KEGG_2026,ALDOSTERONE SYNTHESIS AND SECRETION,ADCY7
KEGG_2026,ALDOSTERONE SYNTHESIS AND SECRETION,ADCY6
KEGG_2026,ALDOSTERONE SYNTHESIS AND SECRETION,ADCY5
KEGG_2026,ALDOSTERONE SYNTHESIS AND SECRETION,MC2R
KEGG_2026,ALDOSTERONE SYNTHESIS AND SECRETION,CYP11A1
KEGG_2026,ALDOSTERONE SYNTHESIS AND SECRETION,GNA11
KEGG_2026,ALDOSTERONE SYNTHESIS AND SECRETION,CAMK2G
KEGG_2026,ALDOSTERONE SYNTHESIS AND SECRETION,KCNJ5
KEGG_2026,ALDOSTERONE SYNTHESIS AND SECRETION,PDE2A
KEGG_2026,ALDOSTERONE SYNTHESIS AND SECRETION,POMC
KEGG_2026,ALDOSTERONE SYNTHESIS AND SECRETION,CAMK4
KEGG_2026,ALDOSTERONE SYNTHESIS AND SECRETION,GNAQ
KEGG_2026,ALDOSTERONE SYNTHESIS AND SECRETION,GNAS
KEGG_2026,ALDOSTERONE SYNTHESIS AND SECRETION,CALM3
KEGG_2026,ALDOSTERONE SYNTHESIS AND SECRETION,CAMK1
KEGG_2026,ALDOSTERONE SYNTHESIS AND SECRETION,CALM1
KEGG_2026,ALDOSTERONE SYNTHESIS AND SECRETION,CALM2
KEGG_2026,CHEMICAL CARCINOGENESIS - REACTIVE OXYGEN SPECIES,NDUFA13
KEGG_2026,CHEMICAL CARCINOGENESIS - REACTIVE OXYGEN SPECIES,NDUFA12
KEGG_2026,CHEMICAL CARCINOGENESIS - REACTIVE OXYGEN SPECIES,NDUFA10
KEGG_2026,CHEMICAL CARCINOGENESIS - REACTIVE OXYGEN SPECIES,ARAF
KEGG_2026,CHEMICAL CARCINOGENESIS - REACTIVE OXYGEN SPECIES,KEAP1
KEGG_2026,CHEMICAL CARCINOGENESIS - REACTIVE OXYGEN SPECIES,AHR
KEGG_2026,CHEMICAL CARCINOGENESIS - REACTIVE OXYGEN SPECIES,COX6A1
KEGG_2026,CHEMICAL CARCINOGENESIS - REACTIVE OXYGEN SPECIES,AS3MT
KEGG_2026,CHEMICAL CARCINOGENESIS - REACTIVE OXYGEN SPECIES,AKT2
KEGG_2026,CHEMICAL CARCINOGENESIS - REACTIVE OXYGEN SPECIES,AKT3
KEGG_2026,CHEMICAL CARCINOGENESIS - REACTIVE OXYGEN SPECIES,AKT1
KEGG_2026,CHEMICAL CARCINOGENESIS - REACTIVE OXYGEN SPECIES,CYP1B1
KEGG_2026,CHEMICAL CARCINOGENESIS - REACTIVE OXYGEN SPECIES,MAP3K5
KEGG_2026,CHEMICAL CARCINOGENESIS - REACTIVE OXYGEN SPECIES,MAP2K1
KEGG_2026,CHEMICAL CARCINOGENESIS - REACTIVE OXYGEN SPECIES,MAP2K2
KEGG_2026,CHEMICAL CARCINOGENESIS - REACTIVE OXYGEN SPECIES,SDHC
KEGG_2026,CHEMICAL CARCINOGENESIS - REACTIVE OXYGEN SPECIES,SDHD
KEGG_2026,CHEMICAL CARCINOGENESIS - REACTIVE OXYGEN SPECIES,SDHA
KEGG_2026,CHEMICAL CARCINOGENESIS - REACTIVE OXYGEN SPECIES,SDHB
KEGG_2026,CHEMICAL CARCINOGENESIS - REACTIVE OXYGEN SPECIES,PRKD3
KEGG_2026,CHEMICAL CARCINOGENESIS - REACTIVE OXYGEN SPECIES,VDAC3
KEGG_2026,CHEMICAL CARCINOGENESIS - REACTIVE OXYGEN SPECIES,UQCRC1
KEGG_2026,CHEMICAL CARCINOGENESIS - REACTIVE OXYGEN SPECIES,PPIF
KEGG_2026,CHEMICAL CARCINOGENESIS - REACTIVE OXYGEN SPECIES,VDAC2
KEGG_2026,CHEMICAL CARCINOGENESIS - REACTIVE OXYGEN SPECIES,PRKD2
KEGG_2026,CHEMICAL CARCINOGENESIS - REACTIVE OXYGEN SPECIES,VDAC1
KEGG_2026,CHEMICAL CARCINOGENESIS - REACTIVE OXYGEN SPECIES,PRKD1
KEGG_2026,CHEMICAL CARCINOGENESIS - REACTIVE OXYGEN SPECIES,UQCRC2
KEGG_2026,CHEMICAL CARCINOGENESIS - REACTIVE OXYGEN SPECIES,SLC26A2
KEGG_2026,CHEMICAL CARCINOGENESIS - REACTIVE OXYGEN SPECIES,SLC26A1
KEGG_2026,CHEMICAL CARCINOGENESIS - REACTIVE OXYGEN SPECIES,PIK3R3
KEGG_2026,CHEMICAL CARCINOGENESIS - REACTIVE OXYGEN SPECIES,PIK3R2
KEGG_2026,CHEMICAL CARCINOGENESIS - REACTIVE OXYGEN SPECIES,PIK3R1
KEGG_2026,CHEMICAL CARCINOGENESIS - REACTIVE OXYGEN SPECIES,HIF1A
KEGG_2026,CHEMICAL CARCINOGENESIS - REACTIVE OXYGEN SPECIES,ATP5MC1
KEGG_2026,CHEMICAL CARCINOGENESIS - REACTIVE OXYGEN SPECIES,ABL1
KEGG_2026,CHEMICAL CARCINOGENESIS - REACTIVE OXYGEN SPECIES,HMOX1
KEGG_2026,CHEMICAL CARCINOGENESIS - REACTIVE OXYGEN SPECIES,ABL2
KEGG_2026,CHEMICAL CARCINOGENESIS - REACTIVE OXYGEN SPECIES,NDUFV2
KEGG_2026,CHEMICAL CARCINOGENESIS - REACTIVE OXYGEN SPECIES,NDUFV1
KEGG_2026,CHEMICAL CARCINOGENESIS - REACTIVE OXYGEN SPECIES,JUN
KEGG_2026,CHEMICAL CARCINOGENESIS - REACTIVE OXYGEN SPECIES,EPHX2
KEGG_2026,CHEMICAL CARCINOGENESIS - REACTIVE OXYGEN SPECIES,BRAF
KEGG_2026,CHEMICAL CARCINOGENESIS - REACTIVE OXYGEN SPECIES,NFKBIA
KEGG_2026,CHEMICAL CARCINOGENESIS - REACTIVE OXYGEN SPECIES,UQCRQ
KEGG_2026,CHEMICAL CARCINOGENESIS - REACTIVE OXYGEN SPECIES,CYP1A2
KEGG_2026,CHEMICAL CARCINOGENESIS - REACTIVE OXYGEN SPECIES,CYP1A1
KEGG_2026,CHEMICAL CARCINOGENESIS - REACTIVE OXYGEN SPECIES,GRB2
KEGG_2026,CHEMICAL CARCINOGENESIS - REACTIVE OXYGEN SPECIES,SLC26A9
KEGG_2026,CHEMICAL CARCINOGENESIS - REACTIVE OXYGEN SPECIES,SLC26A6
KEGG_2026,CHEMICAL CARCINOGENESIS - REACTIVE OXYGEN SPECIES,NFE2L2
KEGG_2026,CHEMICAL CARCINOGENESIS - REACTIVE OXYGEN SPECIES,COX4I1
KEGG_2026,CHEMICAL CARCINOGENESIS - REACTIVE OXYGEN SPECIES,PTEN
KEGG_2026,CHEMICAL CARCINOGENESIS - REACTIVE OXYGEN SPECIES,PIK3CB
KEGG_2026,CHEMICAL CARCINOGENESIS - REACTIVE OXYGEN SPECIES,UQCRFS1
KEGG_2026,CHEMICAL CARCINOGENESIS - REACTIVE OXYGEN SPECIES,HRAS
KEGG_2026,CHEMICAL CARCINOGENESIS - REACTIVE OXYGEN SPECIES,COX8A
KEGG_2026,CHEMICAL CARCINOGENESIS - REACTIVE OXYGEN SPECIES,FOS
KEGG_2026,CHEMICAL CARCINOGENESIS - REACTIVE OXYGEN SPECIES,NDUFS8
KEGG_2026,CHEMICAL CARCINOGENESIS - REACTIVE OXYGEN SPECIES,SLTM
KEGG_2026,CHEMICAL CARCINOGENESIS - REACTIVE OXYGEN SPECIES,NDUFS7
KEGG_2026,CHEMICAL CARCINOGENESIS - REACTIVE OXYGEN SPECIES,PIK3CA
KEGG_2026,CHEMICAL CARCINOGENESIS - REACTIVE OXYGEN SPECIES,NDUFS3
KEGG_2026,CHEMICAL CARCINOGENESIS - REACTIVE OXYGEN SPECIES,NDUFS2
KEGG_2026,CHEMICAL CARCINOGENESIS - REACTIVE OXYGEN SPECIES,NDUFS1
KEGG_2026,CHEMICAL CARCINOGENESIS - REACTIVE OXYGEN SPECIES,SOS1
KEGG_2026,CHEMICAL CARCINOGENESIS - REACTIVE OXYGEN SPECIES,SLC25A5
KEGG_2026,CHEMICAL CARCINOGENESIS - REACTIVE OXYGEN SPECIES,SOS2
KEGG_2026,CHEMICAL CARCINOGENESIS - REACTIVE OXYGEN SPECIES,SLC25A4
KEGG_2026,CHEMICAL CARCINOGENESIS - REACTIVE OXYGEN SPECIES,SLC25A6
KEGG_2026,CHEMICAL CARCINOGENESIS - REACTIVE OXYGEN SPECIES,NDUFB9
KEGG_2026,CHEMICAL CARCINOGENESIS - REACTIVE OXYGEN SPECIES,NDUFB8
KEGG_2026,CHEMICAL CARCINOGENESIS - REACTIVE OXYGEN SPECIES,NDUFB7
KEGG_2026,CHEMICAL CARCINOGENESIS - REACTIVE OXYGEN SPECIES,SRC
KEGG_2026,CHEMICAL CARCINOGENESIS - REACTIVE OXYGEN SPECIES,NDUFB4
KEGG_2026,CHEMICAL CARCINOGENESIS - REACTIVE OXYGEN SPECIES,NDUFB3
KEGG_2026,CHEMICAL CARCINOGENESIS - REACTIVE OXYGEN SPECIES,UQCR10
KEGG_2026,CHEMICAL CARCINOGENESIS - REACTIVE OXYGEN SPECIES,PTGS2
KEGG_2026,CHEMICAL CARCINOGENESIS - REACTIVE OXYGEN SPECIES,COX5B
KEGG_2026,CHEMICAL CARCINOGENESIS - REACTIVE OXYGEN SPECIES,COX5A
KEGG_2026,CHEMICAL CARCINOGENESIS - REACTIVE OXYGEN SPECIES,EGFR
KEGG_2026,CHEMICAL CARCINOGENESIS - REACTIVE OXYGEN SPECIES,RELA
KEGG_2026,CHEMICAL CARCINOGENESIS - REACTIVE OXYGEN SPECIES,MAPK9
KEGG_2026,CHEMICAL CARCINOGENESIS - REACTIVE OXYGEN SPECIES,ATP5F1A
KEGG_2026,CHEMICAL CARCINOGENESIS - REACTIVE OXYGEN SPECIES,NRAS
KEGG_2026,CHEMICAL CARCINOGENESIS - REACTIVE OXYGEN SPECIES,MAPK8
KEGG_2026,CHEMICAL CARCINOGENESIS - REACTIVE OXYGEN SPECIES,ATP5F1B
KEGG_2026,CHEMICAL CARCINOGENESIS - REACTIVE OXYGEN SPECIES,MAPK1
KEGG_2026,CHEMICAL CARCINOGENESIS - REACTIVE OXYGEN SPECIES,CYP2F1
KEGG_2026,CHEMICAL CARCINOGENESIS - REACTIVE OXYGEN SPECIES,MAPK3
KEGG_2026,CHEMICAL CARCINOGENESIS - REACTIVE OXYGEN SPECIES,NDUFA9
KEGG_2026,CHEMICAL CARCINOGENESIS - REACTIVE OXYGEN SPECIES,ATP5PF
KEGG_2026,CHEMICAL CARCINOGENESIS - REACTIVE OXYGEN SPECIES,NDUFA8
KEGG_2026,CHEMICAL CARCINOGENESIS - REACTIVE OXYGEN SPECIES,ATP5PD
KEGG_2026,CHEMICAL CARCINOGENESIS - REACTIVE OXYGEN SPECIES,NDUFA5
KEGG_2026,CHEMICAL CARCINOGENESIS - REACTIVE OXYGEN SPECIES,ATP5PB
KEGG_2026,CHEMICAL CARCINOGENESIS - REACTIVE OXYGEN SPECIES,NDUFA3
KEGG_2026,CHEMICAL CARCINOGENESIS - REACTIVE OXYGEN SPECIES,NDUFA2
KEGG_2026,CHEMICAL CARCINOGENESIS - REACTIVE OXYGEN SPECIES,ATP5F1C
KEGG_2026,CHEMICAL CARCINOGENESIS - REACTIVE OXYGEN SPECIES,SOD2
KEGG_2026,CHEMICAL CARCINOGENESIS - REACTIVE OXYGEN SPECIES,ATP5F1D
KEGG_2026,CHEMICAL CARCINOGENESIS - REACTIVE OXYGEN SPECIES,SOD1
KEGG_2026,CHEMICAL CARCINOGENESIS - REACTIVE OXYGEN SPECIES,NDUFAB1
KEGG_2026,CHEMICAL CARCINOGENESIS - REACTIVE OXYGEN SPECIES,ATP5PO
KEGG_2026,ESTROGEN SIGNALING PATHWAY,HSP90AB1
KEGG_2026,ESTROGEN SIGNALING PATHWAY,CALML5
KEGG_2026,ESTROGEN SIGNALING PATHWAY,CALML6
KEGG_2026,ESTROGEN SIGNALING PATHWAY,CALML3
KEGG_2026,ESTROGEN SIGNALING PATHWAY,CALML4
KEGG_2026,ESTROGEN SIGNALING PATHWAY,PIK3CB
KEGG_2026,ESTROGEN SIGNALING PATHWAY,GRM1
KEGG_2026,ESTROGEN SIGNALING PATHWAY,CREB3L3
KEGG_2026,ESTROGEN SIGNALING PATHWAY,CREB3L4
KEGG_2026,ESTROGEN SIGNALING PATHWAY,AKT2
KEGG_2026,ESTROGEN SIGNALING PATHWAY,PRKACG
KEGG_2026,ESTROGEN SIGNALING PATHWAY,CREB3L1
KEGG_2026,ESTROGEN SIGNALING PATHWAY,AKT3
KEGG_2026,ESTROGEN SIGNALING PATHWAY,CREB3L2
KEGG_2026,ESTROGEN SIGNALING PATHWAY,AKT1
KEGG_2026,ESTROGEN SIGNALING PATHWAY,PRKACB
KEGG_2026,ESTROGEN SIGNALING PATHWAY,HRAS
KEGG_2026,ESTROGEN SIGNALING PATHWAY,CTSD
KEGG_2026,ESTROGEN SIGNALING PATHWAY,MAP2K1
KEGG_2026,ESTROGEN SIGNALING PATHWAY,HSP90AA1
KEGG_2026,ESTROGEN SIGNALING PATHWAY,MAP2K2
KEGG_2026,ESTROGEN SIGNALING PATHWAY,NCOA3
KEGG_2026,ESTROGEN SIGNALING PATHWAY,PRKCA
KEGG_2026,ESTROGEN SIGNALING PATHWAY,FOS
KEGG_2026,ESTROGEN SIGNALING PATHWAY,OPRM1
KEGG_2026,ESTROGEN SIGNALING PATHWAY,PLCB3
KEGG_2026,ESTROGEN SIGNALING PATHWAY,ADCY9
KEGG_2026,ESTROGEN SIGNALING PATHWAY,CREB1
KEGG_2026,ESTROGEN SIGNALING PATHWAY,PLCB4
KEGG_2026,ESTROGEN SIGNALING PATHWAY,PIK3CA
KEGG_2026,ESTROGEN SIGNALING PATHWAY,RARA
KEGG_2026,ESTROGEN SIGNALING PATHWAY,PGR
KEGG_2026,ESTROGEN SIGNALING PATHWAY,SOS1
KEGG_2026,ESTROGEN SIGNALING PATHWAY,PLCB1
KEGG_2026,ESTROGEN SIGNALING PATHWAY,SOS2
KEGG_2026,ESTROGEN SIGNALING PATHWAY,PLCB2
KEGG_2026,ESTROGEN SIGNALING PATHWAY,ATF4
KEGG_2026,ESTROGEN SIGNALING PATHWAY,CREB5
KEGG_2026,ESTROGEN SIGNALING PATHWAY,ATF6B
KEGG_2026,ESTROGEN SIGNALING PATHWAY,SRC
KEGG_2026,ESTROGEN SIGNALING PATHWAY,GNAI3
KEGG_2026,ESTROGEN SIGNALING PATHWAY,ADCY4
KEGG_2026,ESTROGEN SIGNALING PATHWAY,PIK3R3
KEGG_2026,ESTROGEN SIGNALING PATHWAY,PIK3R2
KEGG_2026,ESTROGEN SIGNALING PATHWAY,ADCY2
KEGG_2026,ESTROGEN SIGNALING PATHWAY,PIK3R1
KEGG_2026,ESTROGEN SIGNALING PATHWAY,ADCY1
KEGG_2026,ESTROGEN SIGNALING PATHWAY,ADCY8
KEGG_2026,ESTROGEN SIGNALING PATHWAY,ADCY7
KEGG_2026,ESTROGEN SIGNALING PATHWAY,EGFR
KEGG_2026,ESTROGEN SIGNALING PATHWAY,ADCY6
KEGG_2026,ESTROGEN SIGNALING PATHWAY,GNAI1
KEGG_2026,ESTROGEN SIGNALING PATHWAY,HSP90B1
KEGG_2026,ESTROGEN SIGNALING PATHWAY,GNAI2
KEGG_2026,ESTROGEN SIGNALING PATHWAY,ADCY5
KEGG_2026,ESTROGEN SIGNALING PATHWAY,NRAS
KEGG_2026,ESTROGEN SIGNALING PATHWAY,MAPK1
KEGG_2026,ESTROGEN SIGNALING PATHWAY,MAPK3
KEGG_2026,ESTROGEN SIGNALING PATHWAY,KCNJ3
KEGG_2026,ESTROGEN SIGNALING PATHWAY,HSPA8
KEGG_2026,ESTROGEN SIGNALING PATHWAY,KCNJ5
KEGG_2026,ESTROGEN SIGNALING PATHWAY,JUN
KEGG_2026,ESTROGEN SIGNALING PATHWAY,GABBR1
KEGG_2026,ESTROGEN SIGNALING PATHWAY,GNAO1
KEGG_2026,ESTROGEN SIGNALING PATHWAY,POMC
KEGG_2026,ESTROGEN SIGNALING PATHWAY,GNAQ
KEGG_2026,ESTROGEN SIGNALING PATHWAY,GNAS
KEGG_2026,ESTROGEN SIGNALING PATHWAY,BCL2
KEGG_2026,ESTROGEN SIGNALING PATHWAY,CALM3
KEGG_2026,ESTROGEN SIGNALING PATHWAY,GRB2
KEGG_2026,ESTROGEN SIGNALING PATHWAY,CALM1
KEGG_2026,ESTROGEN SIGNALING PATHWAY,CALM2
KEGG_2026,ESTROGEN SIGNALING PATHWAY,HSPA1B
KEGG_2026,ESTROGEN SIGNALING PATHWAY,HSPA1A
KEGG_2026,PATHWAYS IN CANCER,CALML5
KEGG_2026,PATHWAYS IN CANCER,CALML6
KEGG_2026,PATHWAYS IN CANCER,ARAF
KEGG_2026,PATHWAYS IN CANCER,KEAP1
KEGG_2026,PATHWAYS IN CANCER,CALML3
KEGG_2026,PATHWAYS IN CANCER,CALML4
KEGG_2026,PATHWAYS IN CANCER,RPS6KA5
KEGG_2026,PATHWAYS IN CANCER,PRKACG
KEGG_2026,PATHWAYS IN CANCER,AKT2
KEGG_2026,PATHWAYS IN CANCER,MYC
KEGG_2026,PATHWAYS IN CANCER,AKT3
KEGG_2026,PATHWAYS IN CANCER,LONP1
KEGG_2026,PATHWAYS IN CANCER,AKT1
KEGG_2026,PATHWAYS IN CANCER,EP300
KEGG_2026,PATHWAYS IN CANCER,PRKACB
KEGG_2026,PATHWAYS IN CANCER,SKP1
KEGG_2026,PATHWAYS IN CANCER,PRKCG
KEGG_2026,PATHWAYS IN CANCER,PDGFRB
KEGG_2026,PATHWAYS IN CANCER,MAP2K1
KEGG_2026,PATHWAYS IN CANCER,MAP2K2
KEGG_2026,PATHWAYS IN CANCER,WNT5B
KEGG_2026,PATHWAYS IN CANCER,PRKCB
KEGG_2026,PATHWAYS IN CANCER,TPM3
KEGG_2026,PATHWAYS IN CANCER,KCNH8
KEGG_2026,PATHWAYS IN CANCER,WNT5A
KEGG_2026,PATHWAYS IN CANCER,PRKCA
KEGG_2026,PATHWAYS IN CANCER,MITF
KEGG_2026,PATHWAYS IN CANCER,RBX1
KEGG_2026,PATHWAYS IN CANCER,EML4
KEGG_2026,PATHWAYS IN CANCER,ADCY9
KEGG_2026,PATHWAYS IN CANCER,AGTR1
KEGG_2026,PATHWAYS IN CANCER,TP53
KEGG_2026,PATHWAYS IN CANCER,IFNAR1
KEGG_2026,PATHWAYS IN CANCER,CTBP2
KEGG_2026,PATHWAYS IN CANCER,CTBP1
KEGG_2026,PATHWAYS IN CANCER,MAX
KEGG_2026,PATHWAYS IN CANCER,PIK3R3
KEGG_2026,PATHWAYS IN CANCER,PIK3R2
KEGG_2026,PATHWAYS IN CANCER,PIK3R1
KEGG_2026,PATHWAYS IN CANCER,HIF1A
KEGG_2026,PATHWAYS IN CANCER,HSP90B1
KEGG_2026,PATHWAYS IN CANCER,GNG10
KEGG_2026,PATHWAYS IN CANCER,BCL2L11
KEGG_2026,PATHWAYS IN CANCER,TERT
KEGG_2026,PATHWAYS IN CANCER,TPR
KEGG_2026,PATHWAYS IN CANCER,DVL1
KEGG_2026,PATHWAYS IN CANCER,PLCG2
KEGG_2026,PATHWAYS IN CANCER,DVL2
KEGG_2026,PATHWAYS IN CANCER,ABL1
KEGG_2026,PATHWAYS IN CANCER,HMOX1
KEGG_2026,PATHWAYS IN CANCER,PLCG1
KEGG_2026,PATHWAYS IN CANCER,ZBTB17
KEGG_2026,PATHWAYS IN CANCER,CREBBP
KEGG_2026,PATHWAYS IN CANCER,JUN
KEGG_2026,PATHWAYS IN CANCER,SMAD4
KEGG_2026,PATHWAYS IN CANCER,FZD2
KEGG_2026,PATHWAYS IN CANCER,TGFB1
KEGG_2026,PATHWAYS IN CANCER,JUP
KEGG_2026,PATHWAYS IN CANCER,FZD5
KEGG_2026,PATHWAYS IN CANCER,FZD4
KEGG_2026,PATHWAYS IN CANCER,PTCH1
KEGG_2026,PATHWAYS IN CANCER,FZD6
KEGG_2026,PATHWAYS IN CANCER,FN1
KEGG_2026,PATHWAYS IN CANCER,BRAF
KEGG_2026,PATHWAYS IN CANCER,GNG12
KEGG_2026,PATHWAYS IN CANCER,GNG11
KEGG_2026,PATHWAYS IN CANCER,GNG13
KEGG_2026,PATHWAYS IN CANCER,NFKBIA
KEGG_2026,PATHWAYS IN CANCER,IL4
KEGG_2026,PATHWAYS IN CANCER,IL6
KEGG_2026,PATHWAYS IN CANCER,FASN
KEGG_2026,PATHWAYS IN CANCER,GNB2
KEGG_2026,PATHWAYS IN CANCER,GNAQ
KEGG_2026,PATHWAYS IN CANCER,GNB1
KEGG_2026,PATHWAYS IN CANCER,MDM2
KEGG_2026,PATHWAYS IN CANCER,BCL2
KEGG_2026,PATHWAYS IN CANCER,GNAS
KEGG_2026,PATHWAYS IN CANCER,GNB4
KEGG_2026,PATHWAYS IN CANCER,CYCS
KEGG_2026,PATHWAYS IN CANCER,GNB3
KEGG_2026,PATHWAYS IN CANCER,GRB2
KEGG_2026,PATHWAYS IN CANCER,CALM3
KEGG_2026,PATHWAYS IN CANCER,GNB5
KEGG_2026,PATHWAYS IN CANCER,CALM1
KEGG_2026,PATHWAYS IN CANCER,CALM2
KEGG_2026,PATHWAYS IN CANCER,NFE2L2
KEGG_2026,PATHWAYS IN CANCER,FGFR1
KEGG_2026,PATHWAYS IN CANCER,ALK
KEGG_2026,PATHWAYS IN CANCER,ITGB1
KEGG_2026,PATHWAYS IN CANCER,GSK3B
KEGG_2026,PATHWAYS IN CANCER,HSP90AB1
KEGG_2026,PATHWAYS IN CANCER,LAMC3
KEGG_2026,PATHWAYS IN CANCER,PTEN
KEGG_2026,PATHWAYS IN CANCER,SLC2A1
KEGG_2026,PATHWAYS IN CANCER,LAMC2
KEGG_2026,PATHWAYS IN CANCER,PIK3CB
KEGG_2026,PATHWAYS IN CANCER,LAMC1
KEGG_2026,PATHWAYS IN CANCER,GLI1
KEGG_2026,PATHWAYS IN CANCER,BRCA2
KEGG_2026,PATHWAYS IN CANCER,GLI3
KEGG_2026,PATHWAYS IN CANCER,GLI2
KEGG_2026,PATHWAYS IN CANCER,GNGT1
KEGG_2026,PATHWAYS IN CANCER,SHH
KEGG_2026,PATHWAYS IN CANCER,GNGT2
KEGG_2026,PATHWAYS IN CANCER,SUFU
KEGG_2026,PATHWAYS IN CANCER,CASP3
KEGG_2026,PATHWAYS IN CANCER,RAC2
KEGG_2026,PATHWAYS IN CANCER,JAK2
KEGG_2026,PATHWAYS IN CANCER,HRAS
KEGG_2026,PATHWAYS IN CANCER,APPL1
KEGG_2026,PATHWAYS IN CANCER,NKX3-1
KEGG_2026,PATHWAYS IN CANCER,HSP90AA1
KEGG_2026,PATHWAYS IN CANCER,NCOA3
KEGG_2026,PATHWAYS IN CANCER,NCOA4
KEGG_2026,PATHWAYS IN CANCER,FOS
KEGG_2026,PATHWAYS IN CANCER,KIF7
KEGG_2026,PATHWAYS IN CANCER,RHOA
KEGG_2026,PATHWAYS IN CANCER,TGFBR1
KEGG_2026,PATHWAYS IN CANCER,TGFBR2
KEGG_2026,PATHWAYS IN CANCER,PLCB3
KEGG_2026,PATHWAYS IN CANCER,PLCB4
KEGG_2026,PATHWAYS IN CANCER,PIK3CA
KEGG_2026,PATHWAYS IN CANCER,SLTM
KEGG_2026,PATHWAYS IN CANCER,IFNG
KEGG_2026,PATHWAYS IN CANCER,TRAF3
KEGG_2026,PATHWAYS IN CANCER,RARA
KEGG_2026,PATHWAYS IN CANCER,RARB
KEGG_2026,PATHWAYS IN CANCER,PPARG
KEGG_2026,PATHWAYS IN CANCER,ARHGEF1
KEGG_2026,PATHWAYS IN CANCER,PLCB1
KEGG_2026,PATHWAYS IN CANCER,AGXT
KEGG_2026,PATHWAYS IN CANCER,SOS1
KEGG_2026,PATHWAYS IN CANCER,PLCB2
KEGG_2026,PATHWAYS IN CANCER,SOS2
KEGG_2026,PATHWAYS IN CANCER,BIRC3
KEGG_2026,PATHWAYS IN CANCER,CAMK2B
KEGG_2026,PATHWAYS IN CANCER,HDAC2
KEGG_2026,PATHWAYS IN CANCER,CAMK2D
KEGG_2026,PATHWAYS IN CANCER,ROCK1
KEGG_2026,PATHWAYS IN CANCER,LAMA2
KEGG_2026,PATHWAYS IN CANCER,ROCK2
KEGG_2026,PATHWAYS IN CANCER,HDAC1
KEGG_2026,PATHWAYS IN CANCER,CAMK2A
KEGG_2026,PATHWAYS IN CANCER,ADCY4
KEGG_2026,PATHWAYS IN CANCER,LRP5
KEGG_2026,PATHWAYS IN CANCER,GNAI3
KEGG_2026,PATHWAYS IN CANCER,CXCR4
KEGG_2026,PATHWAYS IN CANCER,ADCY2
KEGG_2026,PATHWAYS IN CANCER,ADCY1
KEGG_2026,PATHWAYS IN CANCER,PTGS2
KEGG_2026,PATHWAYS IN CANCER,ADCY8
KEGG_2026,PATHWAYS IN CANCER,IL2RG
KEGG_2026,PATHWAYS IN CANCER,ADCY7
KEGG_2026,PATHWAYS IN CANCER,EGFR
KEGG_2026,PATHWAYS IN CANCER,ADCY6
KEGG_2026,PATHWAYS IN CANCER,RELA
KEGG_2026,PATHWAYS IN CANCER,GNAI1
KEGG_2026,PATHWAYS IN CANCER,ADCY5
KEGG_2026,PATHWAYS IN CANCER,GNAI2
KEGG_2026,PATHWAYS IN CANCER,CDC42
KEGG_2026,PATHWAYS IN CANCER,GNA13
KEGG_2026,PATHWAYS IN CANCER,MAPK9
KEGG_2026,PATHWAYS IN CANCER,NRAS
KEGG_2026,PATHWAYS IN CANCER,FZR1
KEGG_2026,PATHWAYS IN CANCER,MAPK8
KEGG_2026,PATHWAYS IN CANCER,GNG3
KEGG_2026,PATHWAYS IN CANCER,WNT11
KEGG_2026,PATHWAYS IN CANCER,GNG2
KEGG_2026,PATHWAYS IN CANCER,GNG5
KEGG_2026,PATHWAYS IN CANCER,GNG4
KEGG_2026,PATHWAYS IN CANCER,GNA11
KEGG_2026,PATHWAYS IN CANCER,GNG7
KEGG_2026,PATHWAYS IN CANCER,GNA12
KEGG_2026,PATHWAYS IN CANCER,ERBB2
KEGG_2026,PATHWAYS IN CANCER,GNG8
KEGG_2026,PATHWAYS IN CANCER,MAPK1
KEGG_2026,PATHWAYS IN CANCER,RXRG
KEGG_2026,PATHWAYS IN CANCER,CAMK2G
KEGG_2026,PATHWAYS IN CANCER,MAPK3
KEGG_2026,PATHWAYS IN CANCER,TXNRD3
KEGG_2026,PATHWAYS IN CANCER,LAMB3
KEGG_2026,PATHWAYS IN CANCER,STAT1
KEGG_2026,PATHWAYS IN CANCER,CDKN2A
KEGG_2026,PATHWAYS IN CANCER,TXNRD2
KEGG_2026,PATHWAYS IN CANCER,STAT2
KEGG_2026,PATHWAYS IN CANCER,TXNRD1
KEGG_2026,PATHWAYS IN CANCER,STAT3
KEGG_2026,PATHWAYS IN CANCER,PML
KEGG_2026,PATHWAYS IN CANCER,RAD51
KEGG_2026,PATHWAYS IN CANCER,CTNNB1
KEGG_2026,PATHWAYS IN CANCER,BAX
KEGG_2026,PATHWAYS IN CANCER,KLKB1
KEGG_2026,PHOSPHATIDYLINOSITOL SIGNALING SYSTEM,PI4K2B
KEGG_2026,PHOSPHATIDYLINOSITOL SIGNALING SYSTEM,CALML5
KEGG_2026,PHOSPHATIDYLINOSITOL SIGNALING SYSTEM,CALML6
KEGG_2026,PHOSPHATIDYLINOSITOL SIGNALING SYSTEM,PTEN
KEGG_2026,PHOSPHATIDYLINOSITOL SIGNALING SYSTEM,CALML3
KEGG_2026,PHOSPHATIDYLINOSITOL SIGNALING SYSTEM,PIK3C2G
KEGG_2026,PHOSPHATIDYLINOSITOL SIGNALING SYSTEM,CALML4
KEGG_2026,PHOSPHATIDYLINOSITOL SIGNALING SYSTEM,PIK3CB
KEGG_2026,PHOSPHATIDYLINOSITOL SIGNALING SYSTEM,PIK3C2A
KEGG_2026,PHOSPHATIDYLINOSITOL SIGNALING SYSTEM,PIK3C2B
KEGG_2026,PHOSPHATIDYLINOSITOL SIGNALING SYSTEM,PIP4P2
KEGG_2026,PHOSPHATIDYLINOSITOL SIGNALING SYSTEM,PIP4P1
KEGG_2026,PHOSPHATIDYLINOSITOL SIGNALING SYSTEM,PPIP5K1
KEGG_2026,PHOSPHATIDYLINOSITOL SIGNALING SYSTEM,IMPA1
KEGG_2026,PHOSPHATIDYLINOSITOL SIGNALING SYSTEM,PLCZ1
KEGG_2026,PHOSPHATIDYLINOSITOL SIGNALING SYSTEM,IMPA2
KEGG_2026,PHOSPHATIDYLINOSITOL SIGNALING SYSTEM,CHEK2
KEGG_2026,PHOSPHATIDYLINOSITOL SIGNALING SYSTEM,PIP4K2A
KEGG_2026,PHOSPHATIDYLINOSITOL SIGNALING SYSTEM,PLCE1
KEGG_2026,PHOSPHATIDYLINOSITOL SIGNALING SYSTEM,PIP4K2B
KEGG_2026,PHOSPHATIDYLINOSITOL SIGNALING SYSTEM,PIP4K2C
KEGG_2026,PHOSPHATIDYLINOSITOL SIGNALING SYSTEM,PRKCG
KEGG_2026,PHOSPHATIDYLINOSITOL SIGNALING SYSTEM,PRKCB
KEGG_2026,PHOSPHATIDYLINOSITOL SIGNALING SYSTEM,OCRL
KEGG_2026,PHOSPHATIDYLINOSITOL SIGNALING SYSTEM,PRKCA
KEGG_2026,PHOSPHATIDYLINOSITOL SIGNALING SYSTEM,INPP4A
KEGG_2026,PHOSPHATIDYLINOSITOL SIGNALING SYSTEM,INPP4B
KEGG_2026,PHOSPHATIDYLINOSITOL SIGNALING SYSTEM,PLCB3
KEGG_2026,PHOSPHATIDYLINOSITOL SIGNALING SYSTEM,PLCB4
KEGG_2026,PHOSPHATIDYLINOSITOL SIGNALING SYSTEM,PIK3CA
KEGG_2026,PHOSPHATIDYLINOSITOL SIGNALING SYSTEM,PLCB1
KEGG_2026,PHOSPHATIDYLINOSITOL SIGNALING SYSTEM,PLCB2
KEGG_2026,PHOSPHATIDYLINOSITOL SIGNALING SYSTEM,PI4K2A
KEGG_2026,PHOSPHATIDYLINOSITOL SIGNALING SYSTEM,MTMR1
KEGG_2026,PHOSPHATIDYLINOSITOL SIGNALING SYSTEM,PIK3R3
KEGG_2026,PHOSPHATIDYLINOSITOL SIGNALING SYSTEM,PIK3R2
KEGG_2026,PHOSPHATIDYLINOSITOL SIGNALING SYSTEM,PIK3R1
KEGG_2026,PHOSPHATIDYLINOSITOL SIGNALING SYSTEM,INPP5B
KEGG_2026,PHOSPHATIDYLINOSITOL SIGNALING SYSTEM,INPP5A
KEGG_2026,PHOSPHATIDYLINOSITOL SIGNALING SYSTEM,INPP5F
KEGG_2026,PHOSPHATIDYLINOSITOL SIGNALING SYSTEM,INPP5E
KEGG_2026,PHOSPHATIDYLINOSITOL SIGNALING SYSTEM,PLCG2
KEGG_2026,PHOSPHATIDYLINOSITOL SIGNALING SYSTEM,PIP5K1A
KEGG_2026,PHOSPHATIDYLINOSITOL SIGNALING SYSTEM,PIP5K1B
KEGG_2026,PHOSPHATIDYLINOSITOL SIGNALING SYSTEM,PLCG1
KEGG_2026,PHOSPHATIDYLINOSITOL SIGNALING SYSTEM,PIP5K1C
KEGG_2026,PHOSPHATIDYLINOSITOL SIGNALING SYSTEM,IP6K2
KEGG_2026,PHOSPHATIDYLINOSITOL SIGNALING SYSTEM,SYNJ2
KEGG_2026,PHOSPHATIDYLINOSITOL SIGNALING SYSTEM,PIKFYVE
KEGG_2026,PHOSPHATIDYLINOSITOL SIGNALING SYSTEM,SYNJ1
KEGG_2026,PHOSPHATIDYLINOSITOL SIGNALING SYSTEM,PI4KA
KEGG_2026,PHOSPHATIDYLINOSITOL SIGNALING SYSTEM,CALM3
KEGG_2026,PHOSPHATIDYLINOSITOL SIGNALING SYSTEM,PI4KB
KEGG_2026,PHOSPHATIDYLINOSITOL SIGNALING SYSTEM,CALM1
KEGG_2026,PHOSPHATIDYLINOSITOL SIGNALING SYSTEM,PLCD3
KEGG_2026,PHOSPHATIDYLINOSITOL SIGNALING SYSTEM,CALM2
KEGG_2026,PHOSPHATIDYLINOSITOL SIGNALING SYSTEM,PLCD4
KEGG_2026,PHOSPHATIDYLINOSITOL SIGNALING SYSTEM,PLCD1
KEGG_2026,PHOSPHATIDYLINOSITOL SIGNALING SYSTEM,CDS2
KEGG_2026,GABAERGIC SYNAPSE,GABRB1
KEGG_2026,GABAERGIC SYNAPSE,SLC6A1
KEGG_2026,GABAERGIC SYNAPSE,GPHN
KEGG_2026,GABAERGIC SYNAPSE,GNGT1
KEGG_2026,GABAERGIC SYNAPSE,GABRR2
KEGG_2026,GABAERGIC SYNAPSE,GABRR1
KEGG_2026,GABAERGIC SYNAPSE,GNGT2
KEGG_2026,GABAERGIC SYNAPSE,PRKACG
KEGG_2026,GABAERGIC SYNAPSE,GLUL
KEGG_2026,GABAERGIC SYNAPSE,PRKACB
KEGG_2026,GABAERGIC SYNAPSE,PRKCG
KEGG_2026,GABAERGIC SYNAPSE,GABARAPL2
KEGG_2026,GABAERGIC SYNAPSE,GABARAPL1
KEGG_2026,GABAERGIC SYNAPSE,PRKCB
KEGG_2026,GABAERGIC SYNAPSE,SLC6A13
KEGG_2026,GABAERGIC SYNAPSE,SLC6A11
KEGG_2026,GABAERGIC SYNAPSE,PRKCA
KEGG_2026,GABAERGIC SYNAPSE,GABRG2
KEGG_2026,GABAERGIC SYNAPSE,ADCY9
KEGG_2026,GABAERGIC SYNAPSE,HAP1
KEGG_2026,GABAERGIC SYNAPSE,SRC
KEGG_2026,GABAERGIC SYNAPSE,GNAI3
KEGG_2026,GABAERGIC SYNAPSE,ADCY4
KEGG_2026,GABAERGIC SYNAPSE,ADCY2
KEGG_2026,GABAERGIC SYNAPSE,ADCY1
KEGG_2026,GABAERGIC SYNAPSE,CACNA1F
KEGG_2026,GABAERGIC SYNAPSE,ADCY8
KEGG_2026,GABAERGIC SYNAPSE,ADCY7
KEGG_2026,GABAERGIC SYNAPSE,ADCY6
KEGG_2026,GABAERGIC SYNAPSE,GABARAP
KEGG_2026,GABAERGIC SYNAPSE,GNAI1
KEGG_2026,GABAERGIC SYNAPSE,GNAI2
KEGG_2026,GABAERGIC SYNAPSE,ADCY5
KEGG_2026,GABAERGIC SYNAPSE,GNG10
KEGG_2026,GABAERGIC SYNAPSE,GNG3
KEGG_2026,GABAERGIC SYNAPSE,GNG2
KEGG_2026,GABAERGIC SYNAPSE,GNG5
KEGG_2026,GABAERGIC SYNAPSE,GNG4
KEGG_2026,GABAERGIC SYNAPSE,GNG7
KEGG_2026,GABAERGIC SYNAPSE,GNG8
KEGG_2026,GABAERGIC SYNAPSE,GABRD
KEGG_2026,GABAERGIC SYNAPSE,GABRA1
KEGG_2026,GABAERGIC SYNAPSE,GABBR1
KEGG_2026,GABAERGIC SYNAPSE,GABRA5
KEGG_2026,GABAERGIC SYNAPSE,GAD2
KEGG_2026,GABAERGIC SYNAPSE,GNG12
KEGG_2026,GABAERGIC SYNAPSE,GNG11
KEGG_2026,GABAERGIC SYNAPSE,GNG13
KEGG_2026,GABAERGIC SYNAPSE,GNAO1
KEGG_2026,GABAERGIC SYNAPSE,GNB2
KEGG_2026,GABAERGIC SYNAPSE,GNB1
KEGG_2026,GABAERGIC SYNAPSE,GNB4
KEGG_2026,GABAERGIC SYNAPSE,GNB3
KEGG_2026,GABAERGIC SYNAPSE,GNB5
KEGG_2026,PHOTOTRANSDUCTION,SLC24A1
KEGG_2026,PHOTOTRANSDUCTION,GUCY2D
KEGG_2026,PHOTOTRANSDUCTION,CALML5
KEGG_2026,PHOTOTRANSDUCTION,CALML6
KEGG_2026,PHOTOTRANSDUCTION,GUCA1B
KEGG_2026,PHOTOTRANSDUCTION,CALML3
KEGG_2026,PHOTOTRANSDUCTION,CALML4
KEGG_2026,PHOTOTRANSDUCTION,GUCA1C
KEGG_2026,PHOTOTRANSDUCTION,GUCY2F
KEGG_2026,PHOTOTRANSDUCTION,GRK1
KEGG_2026,PHOTOTRANSDUCTION,GNGT1
KEGG_2026,PHOTOTRANSDUCTION,GNAT2
KEGG_2026,PHOTOTRANSDUCTION,GRK7
KEGG_2026,PHOTOTRANSDUCTION,CNGA1
KEGG_2026,PHOTOTRANSDUCTION,PDE6B
KEGG_2026,PHOTOTRANSDUCTION,PDE6A
KEGG_2026,PHOTOTRANSDUCTION,GNAT1
KEGG_2026,PHOTOTRANSDUCTION,RCVRN
KEGG_2026,PHOTOTRANSDUCTION,PDE6G
KEGG_2026,PHOTOTRANSDUCTION,RHOD
KEGG_2026,PHOTOTRANSDUCTION,RGS9BP
KEGG_2026,PHOTOTRANSDUCTION,GNB1
KEGG_2026,PHOTOTRANSDUCTION,CALM3
KEGG_2026,PHOTOTRANSDUCTION,CALM1
KEGG_2026,PHOTOTRANSDUCTION,CALM2
KEGG_2026,PHOTOTRANSDUCTION,CNGB1
KEGG_2026,CENTRAL CARBON METABOLISM IN CANCER,SLC2A1
KEGG_2026,CENTRAL CARBON METABOLISM IN CANCER,PTEN
KEGG_2026,CENTRAL CARBON METABOLISM IN CANCER,SLC2A2
KEGG_2026,CENTRAL CARBON METABOLISM IN CANCER,PIK3R3
KEGG_2026,CENTRAL CARBON METABOLISM IN CANCER,PIK3R2
KEGG_2026,CENTRAL CARBON METABOLISM IN CANCER,PIK3CB
KEGG_2026,CENTRAL CARBON METABOLISM IN CANCER,SLC1A5
KEGG_2026,CENTRAL CARBON METABOLISM IN CANCER,PDHB
KEGG_2026,CENTRAL CARBON METABOLISM IN CANCER,PIK3R1
KEGG_2026,CENTRAL CARBON METABOLISM IN CANCER,HIF1A
KEGG_2026,CENTRAL CARBON METABOLISM IN CANCER,EGFR
KEGG_2026,CENTRAL CARBON METABOLISM IN CANCER,LDHA
KEGG_2026,CENTRAL CARBON METABOLISM IN CANCER,NRAS
KEGG_2026,CENTRAL CARBON METABOLISM IN CANCER,AKT2
KEGG_2026,CENTRAL CARBON METABOLISM IN CANCER,MYC
KEGG_2026,CENTRAL CARBON METABOLISM IN CANCER,AKT3
KEGG_2026,CENTRAL CARBON METABOLISM IN CANCER,ERBB2
KEGG_2026,CENTRAL CARBON METABOLISM IN CANCER,AKT1
KEGG_2026,CENTRAL CARBON METABOLISM IN CANCER,MAPK1
KEGG_2026,CENTRAL CARBON METABOLISM IN CANCER,SLC16A3
KEGG_2026,CENTRAL CARBON METABOLISM IN CANCER,HRAS
KEGG_2026,CENTRAL CARBON METABOLISM IN CANCER,MAPK3
KEGG_2026,CENTRAL CARBON METABOLISM IN CANCER,PDGFRB
KEGG_2026,CENTRAL CARBON METABOLISM IN CANCER,MAP2K1
KEGG_2026,CENTRAL CARBON METABOLISM IN CANCER,TIGAR
KEGG_2026,CENTRAL CARBON METABOLISM IN CANCER,PDHA2
KEGG_2026,CENTRAL CARBON METABOLISM IN CANCER,MAP2K2
KEGG_2026,CENTRAL CARBON METABOLISM IN CANCER,PDHA1
KEGG_2026,CENTRAL CARBON METABOLISM IN CANCER,IDH1
KEGG_2026,CENTRAL CARBON METABOLISM IN CANCER,PGAM2
KEGG_2026,CENTRAL CARBON METABOLISM IN CANCER,IDH2
KEGG_2026,CENTRAL CARBON METABOLISM IN CANCER,HOOK3
KEGG_2026,CENTRAL CARBON METABOLISM IN CANCER,SLC7A5
KEGG_2026,CENTRAL CARBON METABOLISM IN CANCER,PFKL
KEGG_2026,CENTRAL CARBON METABOLISM IN CANCER,PKM
KEGG_2026,CENTRAL CARBON METABOLISM IN CANCER,PIK3CA
KEGG_2026,CENTRAL CARBON METABOLISM IN CANCER,SLTM
KEGG_2026,CENTRAL CARBON METABOLISM IN CANCER,HOOK2
KEGG_2026,CENTRAL CARBON METABOLISM IN CANCER,SCO2
KEGG_2026,CENTRAL CARBON METABOLISM IN CANCER,HKDC1
KEGG_2026,CENTRAL CARBON METABOLISM IN CANCER,PGAM4
KEGG_2026,CENTRAL CARBON METABOLISM IN CANCER,TP53
KEGG_2026,CENTRAL CARBON METABOLISM IN CANCER,PFKM
KEGG_2026,CENTRAL CARBON METABOLISM IN CANCER,PFKP
KEGG_2026,CENTRAL CARBON METABOLISM IN CANCER,FGFR1
KEGG_2026,INSULIN SIGNALING PATHWAY,PYGB
KEGG_2026,INSULIN SIGNALING PATHWAY,GSK3B
KEGG_2026,INSULIN SIGNALING PATHWAY,CALML5
KEGG_2026,INSULIN SIGNALING PATHWAY,CALML6
KEGG_2026,INSULIN SIGNALING PATHWAY,PDE3B
KEGG_2026,INSULIN SIGNALING PATHWAY,ARAF
KEGG_2026,INSULIN SIGNALING PATHWAY,CALML3
KEGG_2026,INSULIN SIGNALING PATHWAY,PYGM
KEGG_2026,INSULIN SIGNALING PATHWAY,CALML4
KEGG_2026,INSULIN SIGNALING PATHWAY,PYGL
KEGG_2026,INSULIN SIGNALING PATHWAY,SLC2A4
KEGG_2026,INSULIN SIGNALING PATHWAY,PIK3CB
KEGG_2026,INSULIN SIGNALING PATHWAY,PPP1CB
KEGG_2026,INSULIN SIGNALING PATHWAY,GYS2
KEGG_2026,INSULIN SIGNALING PATHWAY,PPP1CC
KEGG_2026,INSULIN SIGNALING PATHWAY,GYS1
KEGG_2026,INSULIN SIGNALING PATHWAY,AKT2
KEGG_2026,INSULIN SIGNALING PATHWAY,PRKACG
KEGG_2026,INSULIN SIGNALING PATHWAY,AKT3
KEGG_2026,INSULIN SIGNALING PATHWAY,FLOT1
KEGG_2026,INSULIN SIGNALING PATHWAY,AKT1
KEGG_2026,INSULIN SIGNALING PATHWAY,PRKACB
KEGG_2026,INSULIN SIGNALING PATHWAY,HRAS
KEGG_2026,INSULIN SIGNALING PATHWAY,SREBF1
KEGG_2026,INSULIN SIGNALING PATHWAY,MAP2K1
KEGG_2026,INSULIN SIGNALING PATHWAY,MAP2K2
KEGG_2026,INSULIN SIGNALING PATHWAY,EXOC7
KEGG_2026,INSULIN SIGNALING PATHWAY,KCNH8
KEGG_2026,INSULIN SIGNALING PATHWAY,TSC1
KEGG_2026,INSULIN SIGNALING PATHWAY,PRKCA
KEGG_2026,INSULIN SIGNALING PATHWAY,PRKAR1B
KEGG_2026,INSULIN SIGNALING PATHWAY,PIK3CA
KEGG_2026,INSULIN SIGNALING PATHWAY,PRKAR1A
KEGG_2026,INSULIN SIGNALING PATHWAY,HKDC1
KEGG_2026,INSULIN SIGNALING PATHWAY,SOS1
KEGG_2026,INSULIN SIGNALING PATHWAY,FBP1
KEGG_2026,INSULIN SIGNALING PATHWAY,SOS2
KEGG_2026,INSULIN SIGNALING PATHWAY,RHOQ
KEGG_2026,INSULIN SIGNALING PATHWAY,PIK3R3
KEGG_2026,INSULIN SIGNALING PATHWAY,PIK3R2
KEGG_2026,INSULIN SIGNALING PATHWAY,PIK3R1
KEGG_2026,INSULIN SIGNALING PATHWAY,PRKCZ
KEGG_2026,INSULIN SIGNALING PATHWAY,INS
KEGG_2026,INSULIN SIGNALING PATHWAY,SOCS3
KEGG_2026,INSULIN SIGNALING PATHWAY,MAPK9
KEGG_2026,INSULIN SIGNALING PATHWAY,MAPK8
KEGG_2026,INSULIN SIGNALING PATHWAY,NRAS
KEGG_2026,INSULIN SIGNALING PATHWAY,INPP5A
KEGG_2026,INSULIN SIGNALING PATHWAY,SOCS1
KEGG_2026,INSULIN SIGNALING PATHWAY,PRKAR2B
KEGG_2026,INSULIN SIGNALING PATHWAY,PRKAR2A
KEGG_2026,INSULIN SIGNALING PATHWAY,MAPK1
KEGG_2026,INSULIN SIGNALING PATHWAY,PPARGC1A
KEGG_2026,INSULIN SIGNALING PATHWAY,PCK2
KEGG_2026,INSULIN SIGNALING PATHWAY,MAPK3
KEGG_2026,INSULIN SIGNALING PATHWAY,PKLR
KEGG_2026,INSULIN SIGNALING PATHWAY,MMAB
KEGG_2026,INSULIN SIGNALING PATHWAY,BRAF
KEGG_2026,INSULIN SIGNALING PATHWAY,HOOK3
KEGG_2026,INSULIN SIGNALING PATHWAY,SORBS1
KEGG_2026,INSULIN SIGNALING PATHWAY,PPP1CA
KEGG_2026,INSULIN SIGNALING PATHWAY,G6PC2
KEGG_2026,INSULIN SIGNALING PATHWAY,G6PC3
KEGG_2026,INSULIN SIGNALING PATHWAY,HOOK2
KEGG_2026,INSULIN SIGNALING PATHWAY,RHEB
KEGG_2026,INSULIN SIGNALING PATHWAY,FASN
KEGG_2026,INSULIN SIGNALING PATHWAY,TRIP10
KEGG_2026,INSULIN SIGNALING PATHWAY,CALM3
KEGG_2026,INSULIN SIGNALING PATHWAY,GRB2
KEGG_2026,INSULIN SIGNALING PATHWAY,CALM1
KEGG_2026,INSULIN SIGNALING PATHWAY,CALM2
KEGG_2026,INOSITOL PHOSPHATE METABOLISM,PI4K2B
KEGG_2026,INOSITOL PHOSPHATE METABOLISM,PTEN
KEGG_2026,INOSITOL PHOSPHATE METABOLISM,PIK3C2G
KEGG_2026,INOSITOL PHOSPHATE METABOLISM,PIK3CB
KEGG_2026,INOSITOL PHOSPHATE METABOLISM,PIK3C2A
KEGG_2026,INOSITOL PHOSPHATE METABOLISM,PIK3CG
KEGG_2026,INOSITOL PHOSPHATE METABOLISM,PIK3C2B
KEGG_2026,INOSITOL PHOSPHATE METABOLISM,IMPA1
KEGG_2026,INOSITOL PHOSPHATE METABOLISM,PPIP5K1
KEGG_2026,INOSITOL PHOSPHATE METABOLISM,PLCZ1
KEGG_2026,INOSITOL PHOSPHATE METABOLISM,IMPA2
KEGG_2026,INOSITOL PHOSPHATE METABOLISM,PIP5KL1
KEGG_2026,INOSITOL PHOSPHATE METABOLISM,PIP4K2A
KEGG_2026,INOSITOL PHOSPHATE METABOLISM,PLCE1
KEGG_2026,INOSITOL PHOSPHATE METABOLISM,PIP4K2B
KEGG_2026,INOSITOL PHOSPHATE METABOLISM,PIP4K2C
KEGG_2026,INOSITOL PHOSPHATE METABOLISM,TPI1
KEGG_2026,INOSITOL PHOSPHATE METABOLISM,OCRL
KEGG_2026,INOSITOL PHOSPHATE METABOLISM,INPP4A
KEGG_2026,INOSITOL PHOSPHATE METABOLISM,INPP4B
KEGG_2026,INOSITOL PHOSPHATE METABOLISM,MINPP1
KEGG_2026,INOSITOL PHOSPHATE METABOLISM,PLCB3
KEGG_2026,INOSITOL PHOSPHATE METABOLISM,PLCB4
KEGG_2026,INOSITOL PHOSPHATE METABOLISM,PIK3CA
KEGG_2026,INOSITOL PHOSPHATE METABOLISM,PLCB1
KEGG_2026,INOSITOL PHOSPHATE METABOLISM,PLCB2
KEGG_2026,INOSITOL PHOSPHATE METABOLISM,PI4K2A
KEGG_2026,INOSITOL PHOSPHATE METABOLISM,MTMR1
KEGG_2026,INOSITOL PHOSPHATE METABOLISM,ISYNA1
KEGG_2026,INOSITOL PHOSPHATE METABOLISM,INPP5B
KEGG_2026,INOSITOL PHOSPHATE METABOLISM,INPP5A
KEGG_2026,INOSITOL PHOSPHATE METABOLISM,INPP5F
KEGG_2026,INOSITOL PHOSPHATE METABOLISM,INPP5E
KEGG_2026,INOSITOL PHOSPHATE METABOLISM,PLCG2
KEGG_2026,INOSITOL PHOSPHATE METABOLISM,PIP5K1A
KEGG_2026,INOSITOL PHOSPHATE METABOLISM,PIP5K1B
KEGG_2026,INOSITOL PHOSPHATE METABOLISM,PLCG1
KEGG_2026,INOSITOL PHOSPHATE METABOLISM,PIP5K1C
KEGG_2026,INOSITOL PHOSPHATE METABOLISM,IP6K2
KEGG_2026,INOSITOL PHOSPHATE METABOLISM,SYNJ2
KEGG_2026,INOSITOL PHOSPHATE METABOLISM,PIKFYVE
KEGG_2026,INOSITOL PHOSPHATE METABOLISM,SYNJ1
KEGG_2026,INOSITOL PHOSPHATE METABOLISM,PI4KA
KEGG_2026,INOSITOL PHOSPHATE METABOLISM,PLCH1
KEGG_2026,INOSITOL PHOSPHATE METABOLISM,PI4KB
KEGG_2026,INOSITOL PHOSPHATE METABOLISM,PLCH2
KEGG_2026,INOSITOL PHOSPHATE METABOLISM,PLCD3
KEGG_2026,INOSITOL PHOSPHATE METABOLISM,PLCD4
KEGG_2026,INOSITOL PHOSPHATE METABOLISM,PLCD1
KEGG_2026,OXYTOCIN SIGNALING PATHWAY,RYR1
KEGG_2026,OXYTOCIN SIGNALING PATHWAY,RYR2
KEGG_2026,OXYTOCIN SIGNALING PATHWAY,OXTR
KEGG_2026,OXYTOCIN SIGNALING PATHWAY,GUCY1B1
KEGG_2026,OXYTOCIN SIGNALING PATHWAY,CALML5
KEGG_2026,OXYTOCIN SIGNALING PATHWAY,CALML6
KEGG_2026,OXYTOCIN SIGNALING PATHWAY,CALML3
KEGG_2026,OXYTOCIN SIGNALING PATHWAY,OXT
KEGG_2026,OXYTOCIN SIGNALING PATHWAY,CALML4
KEGG_2026,OXYTOCIN SIGNALING PATHWAY,PIK3CG
KEGG_2026,OXYTOCIN SIGNALING PATHWAY,PPP1CB
KEGG_2026,OXYTOCIN SIGNALING PATHWAY,PPP1CC
KEGG_2026,OXYTOCIN SIGNALING PATHWAY,RGS2
KEGG_2026,OXYTOCIN SIGNALING PATHWAY,PPP3CB
KEGG_2026,OXYTOCIN SIGNALING PATHWAY,PRKACG
KEGG_2026,OXYTOCIN SIGNALING PATHWAY,NPPA
KEGG_2026,OXYTOCIN SIGNALING PATHWAY,PRKACB
KEGG_2026,OXYTOCIN SIGNALING PATHWAY,HRAS
KEGG_2026,OXYTOCIN SIGNALING PATHWAY,PRKCG
KEGG_2026,OXYTOCIN SIGNALING PATHWAY,GUCY1A2
KEGG_2026,OXYTOCIN SIGNALING PATHWAY,MAP2K1
KEGG_2026,OXYTOCIN SIGNALING PATHWAY,GUCY1A1
KEGG_2026,OXYTOCIN SIGNALING PATHWAY,MAP2K2
KEGG_2026,OXYTOCIN SIGNALING PATHWAY,CAMK1D
KEGG_2026,OXYTOCIN SIGNALING PATHWAY,PPP1R12A
KEGG_2026,OXYTOCIN SIGNALING PATHWAY,PRKCB
KEGG_2026,OXYTOCIN SIGNALING PATHWAY,KCNH8
KEGG_2026,OXYTOCIN SIGNALING PATHWAY,PRKCA
KEGG_2026,OXYTOCIN SIGNALING PATHWAY,CACNA2D4
KEGG_2026,OXYTOCIN SIGNALING PATHWAY,FOS
KEGG_2026,OXYTOCIN SIGNALING PATHWAY,RHOA
KEGG_2026,OXYTOCIN SIGNALING PATHWAY,PLCB3
KEGG_2026,OXYTOCIN SIGNALING PATHWAY,ADCY9
KEGG_2026,OXYTOCIN SIGNALING PATHWAY,PLCB4
KEGG_2026,OXYTOCIN SIGNALING PATHWAY,PLCB1
KEGG_2026,OXYTOCIN SIGNALING PATHWAY,MYL9
KEGG_2026,OXYTOCIN SIGNALING PATHWAY,PLCB2
KEGG_2026,OXYTOCIN SIGNALING PATHWAY,CAMK1G
KEGG_2026,OXYTOCIN SIGNALING PATHWAY,CAMK2B
KEGG_2026,OXYTOCIN SIGNALING PATHWAY,CAMK2D
KEGG_2026,OXYTOCIN SIGNALING PATHWAY,ROCK1
KEGG_2026,OXYTOCIN SIGNALING PATHWAY,NPR1
KEGG_2026,OXYTOCIN SIGNALING PATHWAY,SRC
KEGG_2026,OXYTOCIN SIGNALING PATHWAY,ROCK2
KEGG_2026,OXYTOCIN SIGNALING PATHWAY,CAMK2A
KEGG_2026,OXYTOCIN SIGNALING PATHWAY,GNAI3
KEGG_2026,OXYTOCIN SIGNALING PATHWAY,ADCY4
KEGG_2026,OXYTOCIN SIGNALING PATHWAY,ADCY2
KEGG_2026,OXYTOCIN SIGNALING PATHWAY,ADCY1
KEGG_2026,OXYTOCIN SIGNALING PATHWAY,CACNA1F
KEGG_2026,OXYTOCIN SIGNALING PATHWAY,PTGS2
KEGG_2026,OXYTOCIN SIGNALING PATHWAY,ADCY8
KEGG_2026,OXYTOCIN SIGNALING PATHWAY,ADCY7
KEGG_2026,OXYTOCIN SIGNALING PATHWAY,EGFR
KEGG_2026,OXYTOCIN SIGNALING PATHWAY,ADCY6
KEGG_2026,OXYTOCIN SIGNALING PATHWAY,GNAI1
KEGG_2026,OXYTOCIN SIGNALING PATHWAY,GNAI2
KEGG_2026,OXYTOCIN SIGNALING PATHWAY,ADCY5
KEGG_2026,OXYTOCIN SIGNALING PATHWAY,NRAS
KEGG_2026,OXYTOCIN SIGNALING PATHWAY,MAPK1
KEGG_2026,OXYTOCIN SIGNALING PATHWAY,CACNG2
KEGG_2026,OXYTOCIN SIGNALING PATHWAY,CAMK2G
KEGG_2026,OXYTOCIN SIGNALING PATHWAY,MAPK3
KEGG_2026,OXYTOCIN SIGNALING PATHWAY,KCNJ3
KEGG_2026,OXYTOCIN SIGNALING PATHWAY,KCNJ5
KEGG_2026,OXYTOCIN SIGNALING PATHWAY,JUN
KEGG_2026,OXYTOCIN SIGNALING PATHWAY,EEF2
KEGG_2026,OXYTOCIN SIGNALING PATHWAY,PPP1CA
KEGG_2026,OXYTOCIN SIGNALING PATHWAY,GNAO1
KEGG_2026,OXYTOCIN SIGNALING PATHWAY,GNAQ
KEGG_2026,OXYTOCIN SIGNALING PATHWAY,CAMK4
KEGG_2026,OXYTOCIN SIGNALING PATHWAY,GNAS
KEGG_2026,OXYTOCIN SIGNALING PATHWAY,CALM3
KEGG_2026,OXYTOCIN SIGNALING PATHWAY,CAMK1
KEGG_2026,OXYTOCIN SIGNALING PATHWAY,CALM1
KEGG_2026,OXYTOCIN SIGNALING PATHWAY,CALM2
KEGG_2026,RENIN SECRETION,GUCY1B1
KEGG_2026,RENIN SECRETION,CALML5
KEGG_2026,RENIN SECRETION,PDE1C
KEGG_2026,RENIN SECRETION,CALML6
KEGG_2026,RENIN SECRETION,PDE1B
KEGG_2026,RENIN SECRETION,NPR1
KEGG_2026,RENIN SECRETION,PDE1A
KEGG_2026,RENIN SECRETION,PDE3B
KEGG_2026,RENIN SECRETION,GNAI3
KEGG_2026,RENIN SECRETION,CALML3
KEGG_2026,RENIN SECRETION,ADRB1
KEGG_2026,RENIN SECRETION,CALML4
KEGG_2026,RENIN SECRETION,ADRB2
KEGG_2026,RENIN SECRETION,CACNA1F
KEGG_2026,RENIN SECRETION,GNAI1
KEGG_2026,RENIN SECRETION,ADCY6
KEGG_2026,RENIN SECRETION,GNAI2
KEGG_2026,RENIN SECRETION,ADCY5
KEGG_2026,RENIN SECRETION,PPP3CB
KEGG_2026,RENIN SECRETION,PRKACG
KEGG_2026,RENIN SECRETION,NPPA
KEGG_2026,RENIN SECRETION,CLCA2
KEGG_2026,RENIN SECRETION,PRKG2
KEGG_2026,RENIN SECRETION,CLCA1
KEGG_2026,RENIN SECRETION,PRKACB
KEGG_2026,RENIN SECRETION,CLCA4
KEGG_2026,RENIN SECRETION,GUCY1A2
KEGG_2026,RENIN SECRETION,GUCY1A1
KEGG_2026,RENIN SECRETION,ACE
KEGG_2026,RENIN SECRETION,PRKCA
KEGG_2026,RENIN SECRETION,PLCB3
KEGG_2026,RENIN SECRETION,PLCB4
KEGG_2026,RENIN SECRETION,CREB1
KEGG_2026,RENIN SECRETION,ADRB3
KEGG_2026,RENIN SECRETION,GNAQ
KEGG_2026,RENIN SECRETION,KCNMA1
KEGG_2026,RENIN SECRETION,AGTR1
KEGG_2026,RENIN SECRETION,GNAS
KEGG_2026,RENIN SECRETION,PDE3A
KEGG_2026,RENIN SECRETION,CALM3
KEGG_2026,RENIN SECRETION,PLCB1
KEGG_2026,RENIN SECRETION,AGXT
KEGG_2026,RENIN SECRETION,CALM1
KEGG_2026,RENIN SECRETION,PLCB2
KEGG_2026,RENIN SECRETION,CALM2
KEGG_2026,KAPOSI SARCOMA-ASSOCIATED HERPESVIRUS INFECTION,CD86
KEGG_2026,KAPOSI SARCOMA-ASSOCIATED HERPESVIRUS INFECTION,GSK3B
KEGG_2026,KAPOSI SARCOMA-ASSOCIATED HERPESVIRUS INFECTION,CSF2
KEGG_2026,KAPOSI SARCOMA-ASSOCIATED HERPESVIRUS INFECTION,CALML5
KEGG_2026,KAPOSI SARCOMA-ASSOCIATED HERPESVIRUS INFECTION,CALML6
KEGG_2026,KAPOSI SARCOMA-ASSOCIATED HERPESVIRUS INFECTION,CALML3
KEGG_2026,KAPOSI SARCOMA-ASSOCIATED HERPESVIRUS INFECTION,CALML4
KEGG_2026,KAPOSI SARCOMA-ASSOCIATED HERPESVIRUS INFECTION,PIK3CB
KEGG_2026,KAPOSI SARCOMA-ASSOCIATED HERPESVIRUS INFECTION,PIK3CG
KEGG_2026,KAPOSI SARCOMA-ASSOCIATED HERPESVIRUS INFECTION,ICAM1
KEGG_2026,KAPOSI SARCOMA-ASSOCIATED HERPESVIRUS INFECTION,GNGT1
KEGG_2026,KAPOSI SARCOMA-ASSOCIATED HERPESVIRUS INFECTION,MAP1LC3B
KEGG_2026,KAPOSI SARCOMA-ASSOCIATED HERPESVIRUS INFECTION,PPP3CB
KEGG_2026,KAPOSI SARCOMA-ASSOCIATED HERPESVIRUS INFECTION,TBK1
KEGG_2026,KAPOSI SARCOMA-ASSOCIATED HERPESVIRUS INFECTION,GNGT2
KEGG_2026,KAPOSI SARCOMA-ASSOCIATED HERPESVIRUS INFECTION,MAP1LC3A
KEGG_2026,KAPOSI SARCOMA-ASSOCIATED HERPESVIRUS INFECTION,AKT2
KEGG_2026,KAPOSI SARCOMA-ASSOCIATED HERPESVIRUS INFECTION,MYC
KEGG_2026,KAPOSI SARCOMA-ASSOCIATED HERPESVIRUS INFECTION,CASP3
KEGG_2026,KAPOSI SARCOMA-ASSOCIATED HERPESVIRUS INFECTION,AKT3
KEGG_2026,KAPOSI SARCOMA-ASSOCIATED HERPESVIRUS INFECTION,AKT1
KEGG_2026,KAPOSI SARCOMA-ASSOCIATED HERPESVIRUS INFECTION,EP300
KEGG_2026,KAPOSI SARCOMA-ASSOCIATED HERPESVIRUS INFECTION,CCR5
KEGG_2026,KAPOSI SARCOMA-ASSOCIATED HERPESVIRUS INFECTION,JAK2
KEGG_2026,KAPOSI SARCOMA-ASSOCIATED HERPESVIRUS INFECTION,HRAS
KEGG_2026,KAPOSI SARCOMA-ASSOCIATED HERPESVIRUS INFECTION,IKBKE
KEGG_2026,KAPOSI SARCOMA-ASSOCIATED HERPESVIRUS INFECTION,CCR3
KEGG_2026,KAPOSI SARCOMA-ASSOCIATED HERPESVIRUS INFECTION,ATG3
KEGG_2026,KAPOSI SARCOMA-ASSOCIATED HERPESVIRUS INFECTION,MAP2K1
KEGG_2026,KAPOSI SARCOMA-ASSOCIATED HERPESVIRUS INFECTION,MAP2K2
KEGG_2026,KAPOSI SARCOMA-ASSOCIATED HERPESVIRUS INFECTION,HLA-B
KEGG_2026,KAPOSI SARCOMA-ASSOCIATED HERPESVIRUS INFECTION,HLA-A
KEGG_2026,KAPOSI SARCOMA-ASSOCIATED HERPESVIRUS INFECTION,FOS
KEGG_2026,KAPOSI SARCOMA-ASSOCIATED HERPESVIRUS INFECTION,TNFRSF1A
KEGG_2026,KAPOSI SARCOMA-ASSOCIATED HERPESVIRUS INFECTION,CREB1
KEGG_2026,KAPOSI SARCOMA-ASSOCIATED HERPESVIRUS INFECTION,PIK3CA
KEGG_2026,KAPOSI SARCOMA-ASSOCIATED HERPESVIRUS INFECTION,TRAF3
KEGG_2026,KAPOSI SARCOMA-ASSOCIATED HERPESVIRUS INFECTION,UBA52
KEGG_2026,KAPOSI SARCOMA-ASSOCIATED HERPESVIRUS INFECTION,TP53
KEGG_2026,KAPOSI SARCOMA-ASSOCIATED HERPESVIRUS INFECTION,IFNAR1
KEGG_2026,KAPOSI SARCOMA-ASSOCIATED HERPESVIRUS INFECTION,SRC
KEGG_2026,KAPOSI SARCOMA-ASSOCIATED HERPESVIRUS INFECTION,PIK3R3
KEGG_2026,KAPOSI SARCOMA-ASSOCIATED HERPESVIRUS INFECTION,PIK3R2
KEGG_2026,KAPOSI SARCOMA-ASSOCIATED HERPESVIRUS INFECTION,PIK3R1
KEGG_2026,KAPOSI SARCOMA-ASSOCIATED HERPESVIRUS INFECTION,PTGS2
KEGG_2026,KAPOSI SARCOMA-ASSOCIATED HERPESVIRUS INFECTION,HIF1A
KEGG_2026,KAPOSI SARCOMA-ASSOCIATED HERPESVIRUS INFECTION,RELA
KEGG_2026,KAPOSI SARCOMA-ASSOCIATED HERPESVIRUS INFECTION,MAPK9
KEGG_2026,KAPOSI SARCOMA-ASSOCIATED HERPESVIRUS INFECTION,GNG10
KEGG_2026,KAPOSI SARCOMA-ASSOCIATED HERPESVIRUS INFECTION,NRAS
KEGG_2026,KAPOSI SARCOMA-ASSOCIATED HERPESVIRUS INFECTION,MAPK8
KEGG_2026,KAPOSI SARCOMA-ASSOCIATED HERPESVIRUS INFECTION,GNG3
KEGG_2026,KAPOSI SARCOMA-ASSOCIATED HERPESVIRUS INFECTION,GNG2
KEGG_2026,KAPOSI SARCOMA-ASSOCIATED HERPESVIRUS INFECTION,UBB
KEGG_2026,KAPOSI SARCOMA-ASSOCIATED HERPESVIRUS INFECTION,GNG5
KEGG_2026,KAPOSI SARCOMA-ASSOCIATED HERPESVIRUS INFECTION,GNG4
KEGG_2026,KAPOSI SARCOMA-ASSOCIATED HERPESVIRUS INFECTION,GNG7
KEGG_2026,KAPOSI SARCOMA-ASSOCIATED HERPESVIRUS INFECTION,UBC
KEGG_2026,KAPOSI SARCOMA-ASSOCIATED HERPESVIRUS INFECTION,PLCG2
KEGG_2026,KAPOSI SARCOMA-ASSOCIATED HERPESVIRUS INFECTION,GNG8
KEGG_2026,KAPOSI SARCOMA-ASSOCIATED HERPESVIRUS INFECTION,MAPK1
KEGG_2026,KAPOSI SARCOMA-ASSOCIATED HERPESVIRUS INFECTION,PLCG1
KEGG_2026,KAPOSI SARCOMA-ASSOCIATED HERPESVIRUS INFECTION,RPS27A
KEGG_2026,KAPOSI SARCOMA-ASSOCIATED HERPESVIRUS INFECTION,MICA
KEGG_2026,KAPOSI SARCOMA-ASSOCIATED HERPESVIRUS INFECTION,MICB
KEGG_2026,KAPOSI SARCOMA-ASSOCIATED HERPESVIRUS INFECTION,MAPK3
KEGG_2026,KAPOSI SARCOMA-ASSOCIATED HERPESVIRUS INFECTION,CCR1
KEGG_2026,KAPOSI SARCOMA-ASSOCIATED HERPESVIRUS INFECTION,CREBBP
KEGG_2026,KAPOSI SARCOMA-ASSOCIATED HERPESVIRUS INFECTION,JUN
KEGG_2026,KAPOSI SARCOMA-ASSOCIATED HERPESVIRUS INFECTION,STAT1
KEGG_2026,KAPOSI SARCOMA-ASSOCIATED HERPESVIRUS INFECTION,STAT2
KEGG_2026,KAPOSI SARCOMA-ASSOCIATED HERPESVIRUS INFECTION,STAT3
KEGG_2026,KAPOSI SARCOMA-ASSOCIATED HERPESVIRUS INFECTION,GNG12
KEGG_2026,KAPOSI SARCOMA-ASSOCIATED HERPESVIRUS INFECTION,GNG11
KEGG_2026,KAPOSI SARCOMA-ASSOCIATED HERPESVIRUS INFECTION,GNG13
KEGG_2026,KAPOSI SARCOMA-ASSOCIATED HERPESVIRUS INFECTION,NFKBIA
KEGG_2026,KAPOSI SARCOMA-ASSOCIATED HERPESVIRUS INFECTION,IL6
KEGG_2026,KAPOSI SARCOMA-ASSOCIATED HERPESVIRUS INFECTION,FASN
KEGG_2026,KAPOSI SARCOMA-ASSOCIATED HERPESVIRUS INFECTION,GNB2
KEGG_2026,KAPOSI SARCOMA-ASSOCIATED HERPESVIRUS INFECTION,GNB1
KEGG_2026,KAPOSI SARCOMA-ASSOCIATED HERPESVIRUS INFECTION,GNB4
KEGG_2026,KAPOSI SARCOMA-ASSOCIATED HERPESVIRUS INFECTION,CTNNB1
KEGG_2026,KAPOSI SARCOMA-ASSOCIATED HERPESVIRUS INFECTION,CYCS
KEGG_2026,KAPOSI SARCOMA-ASSOCIATED HERPESVIRUS INFECTION,GNB3
KEGG_2026,KAPOSI SARCOMA-ASSOCIATED HERPESVIRUS INFECTION,BAX
KEGG_2026,KAPOSI SARCOMA-ASSOCIATED HERPESVIRUS INFECTION,CALM3
KEGG_2026,KAPOSI SARCOMA-ASSOCIATED HERPESVIRUS INFECTION,GNB5
KEGG_2026,KAPOSI SARCOMA-ASSOCIATED HERPESVIRUS INFECTION,CALM1
KEGG_2026,KAPOSI SARCOMA-ASSOCIATED HERPESVIRUS INFECTION,CALM2
KEGG_2026,APELIN SIGNALING PATHWAY,RYR1
KEGG_2026,APELIN SIGNALING PATHWAY,RYR2
KEGG_2026,APELIN SIGNALING PATHWAY,CALML5
KEGG_2026,APELIN SIGNALING PATHWAY,CALML6
KEGG_2026,APELIN SIGNALING PATHWAY,PDE3B
KEGG_2026,APELIN SIGNALING PATHWAY,CALML3
KEGG_2026,APELIN SIGNALING PATHWAY,CALML4
KEGG_2026,APELIN SIGNALING PATHWAY,SLC8A1
KEGG_2026,APELIN SIGNALING PATHWAY,PIK3CG
KEGG_2026,APELIN SIGNALING PATHWAY,GNGT1
KEGG_2026,APELIN SIGNALING PATHWAY,MAP1LC3B
KEGG_2026,APELIN SIGNALING PATHWAY,GNGT2
KEGG_2026,APELIN SIGNALING PATHWAY,MAP1LC3A
KEGG_2026,APELIN SIGNALING PATHWAY,AKT2
KEGG_2026,APELIN SIGNALING PATHWAY,PRKACG
KEGG_2026,APELIN SIGNALING PATHWAY,AKT3
KEGG_2026,APELIN SIGNALING PATHWAY,AKT1
KEGG_2026,APELIN SIGNALING PATHWAY,PRKACB
KEGG_2026,APELIN SIGNALING PATHWAY,HRAS
KEGG_2026,APELIN SIGNALING PATHWAY,MAP2K1
KEGG_2026,APELIN SIGNALING PATHWAY,MAP2K2
KEGG_2026,APELIN SIGNALING PATHWAY,PRKCA
KEGG_2026,APELIN SIGNALING PATHWAY,TGFBR1
KEGG_2026,APELIN SIGNALING PATHWAY,PLCB3
KEGG_2026,APELIN SIGNALING PATHWAY,ADCY9
KEGG_2026,APELIN SIGNALING PATHWAY,PLCB4
KEGG_2026,APELIN SIGNALING PATHWAY,AGTR1
KEGG_2026,APELIN SIGNALING PATHWAY,PLCB1
KEGG_2026,APELIN SIGNALING PATHWAY,PLCB2
KEGG_2026,APELIN SIGNALING PATHWAY,HDAC4
KEGG_2026,APELIN SIGNALING PATHWAY,GNAI3
KEGG_2026,APELIN SIGNALING PATHWAY,ADCY4
KEGG_2026,APELIN SIGNALING PATHWAY,ADCY2
KEGG_2026,APELIN SIGNALING PATHWAY,ADCY1
KEGG_2026,APELIN SIGNALING PATHWAY,ADCY8
KEGG_2026,APELIN SIGNALING PATHWAY,ADCY7
KEGG_2026,APELIN SIGNALING PATHWAY,ADCY6
KEGG_2026,APELIN SIGNALING PATHWAY,GNAI1
KEGG_2026,APELIN SIGNALING PATHWAY,SLC9A1
KEGG_2026,APELIN SIGNALING PATHWAY,GNAI2
KEGG_2026,APELIN SIGNALING PATHWAY,ADCY5
KEGG_2026,APELIN SIGNALING PATHWAY,GNA13
KEGG_2026,APELIN SIGNALING PATHWAY,GNG10
KEGG_2026,APELIN SIGNALING PATHWAY,FZR1
KEGG_2026,APELIN SIGNALING PATHWAY,GNG3
KEGG_2026,APELIN SIGNALING PATHWAY,NRAS
KEGG_2026,APELIN SIGNALING PATHWAY,GNG2
KEGG_2026,APELIN SIGNALING PATHWAY,GNG5
KEGG_2026,APELIN SIGNALING PATHWAY,GNG4
KEGG_2026,APELIN SIGNALING PATHWAY,GNG7
KEGG_2026,APELIN SIGNALING PATHWAY,GNG8
KEGG_2026,APELIN SIGNALING PATHWAY,MAPK1
KEGG_2026,APELIN SIGNALING PATHWAY,PPARGC1A
KEGG_2026,APELIN SIGNALING PATHWAY,MEF2D
KEGG_2026,APELIN SIGNALING PATHWAY,MAPK3
KEGG_2026,APELIN SIGNALING PATHWAY,SMAD4
KEGG_2026,APELIN SIGNALING PATHWAY,GNG12
KEGG_2026,APELIN SIGNALING PATHWAY,GNG11
KEGG_2026,APELIN SIGNALING PATHWAY,GNG13
KEGG_2026,APELIN SIGNALING PATHWAY,ADCY10
KEGG_2026,APELIN SIGNALING PATHWAY,GNAQ
KEGG_2026,APELIN SIGNALING PATHWAY,GNB2
KEGG_2026,APELIN SIGNALING PATHWAY,CAMK4
KEGG_2026,APELIN SIGNALING PATHWAY,GNB1
KEGG_2026,APELIN SIGNALING PATHWAY,GNB4
KEGG_2026,APELIN SIGNALING PATHWAY,GNB3
KEGG_2026,APELIN SIGNALING PATHWAY,CALM3
KEGG_2026,APELIN SIGNALING PATHWAY,GNB5
KEGG_2026,APELIN SIGNALING PATHWAY,CALM1
KEGG_2026,APELIN SIGNALING PATHWAY,CALM2
KEGG_2026,ALCOHOLISM,H2AX
KEGG_2026,ALCOHOLISM,CALML5
KEGG_2026,ALCOHOLISM,CALML6
KEGG_2026,ALCOHOLISM,ARAF
KEGG_2026,ALCOHOLISM,CALML3
KEGG_2026,ALCOHOLISM,CALML4
KEGG_2026,ALCOHOLISM,PPP1CB
KEGG_2026,ALCOHOLISM,GNGT1
KEGG_2026,ALCOHOLISM,PPP1CC
KEGG_2026,ALCOHOLISM,GNGT2
KEGG_2026,ALCOHOLISM,CREB3L3
KEGG_2026,ALCOHOLISM,CREB3L4
KEGG_2026,ALCOHOLISM,PRKACG
KEGG_2026,ALCOHOLISM,CREB3L1
KEGG_2026,ALCOHOLISM,H2BC21
KEGG_2026,ALCOHOLISM,CREB3L2
KEGG_2026,ALCOHOLISM,PRKACB
KEGG_2026,ALCOHOLISM,HRAS
KEGG_2026,ALCOHOLISM,H3-3A
KEGG_2026,ALCOHOLISM,H3-3B
KEGG_2026,ALCOHOLISM,MAP2K1
KEGG_2026,ALCOHOLISM,PRKCA
KEGG_2026,ALCOHOLISM,PDYN
KEGG_2026,ALCOHOLISM,CREB1
KEGG_2026,ALCOHOLISM,ADORA2A
KEGG_2026,ALCOHOLISM,CRH
KEGG_2026,ALCOHOLISM,SOS1
KEGG_2026,ALCOHOLISM,SOS2
KEGG_2026,ALCOHOLISM,ATF4
KEGG_2026,ALCOHOLISM,CREB5
KEGG_2026,ALCOHOLISM,HDAC4
KEGG_2026,ALCOHOLISM,HDAC2
KEGG_2026,ALCOHOLISM,HDAC3
KEGG_2026,ALCOHOLISM,MAOB
KEGG_2026,ALCOHOLISM,ATF6B
KEGG_2026,ALCOHOLISM,HDAC1
KEGG_2026,ALCOHOLISM,GNAI3
KEGG_2026,ALCOHOLISM,HDAC8
KEGG_2026,ALCOHOLISM,GNAI1
KEGG_2026,ALCOHOLISM,HDAC6
KEGG_2026,ALCOHOLISM,GNAI2
KEGG_2026,ALCOHOLISM,ADCY5
KEGG_2026,ALCOHOLISM,GNG10
KEGG_2026,ALCOHOLISM,GNG3
KEGG_2026,ALCOHOLISM,NRAS
KEGG_2026,ALCOHOLISM,GNG2
KEGG_2026,ALCOHOLISM,GNG5
KEGG_2026,ALCOHOLISM,GNG4
KEGG_2026,ALCOHOLISM,NPY
KEGG_2026,ALCOHOLISM,GNG7
KEGG_2026,ALCOHOLISM,GNG8
KEGG_2026,ALCOHOLISM,MAPK1
KEGG_2026,ALCOHOLISM,DRD2
KEGG_2026,ALCOHOLISM,MAPK3
KEGG_2026,ALCOHOLISM,NTRK2
KEGG_2026,ALCOHOLISM,BRAF
KEGG_2026,ALCOHOLISM,GNG12
KEGG_2026,ALCOHOLISM,GNG11
KEGG_2026,ALCOHOLISM,GNG13
KEGG_2026,ALCOHOLISM,PPP1CA
KEGG_2026,ALCOHOLISM,GNAO1
KEGG_2026,ALCOHOLISM,TH
KEGG_2026,ALCOHOLISM,H2AC20
KEGG_2026,ALCOHOLISM,GNB2
KEGG_2026,ALCOHOLISM,CAMK4
KEGG_2026,ALCOHOLISM,GNB1
KEGG_2026,ALCOHOLISM,GNB4
KEGG_2026,ALCOHOLISM,GNAS
KEGG_2026,ALCOHOLISM,GNB3
KEGG_2026,ALCOHOLISM,FOSB
KEGG_2026,ALCOHOLISM,CALM3
KEGG_2026,ALCOHOLISM,GRB2
KEGG_2026,ALCOHOLISM,GNB5
KEGG_2026,ALCOHOLISM,CALM1
KEGG_2026,ALCOHOLISM,CALM2
KEGG_2026,LIPID AND ATHEROSCLEROSIS,GSK3B
KEGG_2026,LIPID AND ATHEROSCLEROSIS,HSP90AB1
KEGG_2026,LIPID AND ATHEROSCLEROSIS,CALML5
KEGG_2026,LIPID AND ATHEROSCLEROSIS,CALML6
KEGG_2026,LIPID AND ATHEROSCLEROSIS,CALML3
KEGG_2026,LIPID AND ATHEROSCLEROSIS,CALML4
KEGG_2026,LIPID AND ATHEROSCLEROSIS,PIK3CB
KEGG_2026,LIPID AND ATHEROSCLEROSIS,TNF
KEGG_2026,LIPID AND ATHEROSCLEROSIS,ICAM1
KEGG_2026,LIPID AND ATHEROSCLEROSIS,PPP3CB
KEGG_2026,LIPID AND ATHEROSCLEROSIS,TBK1
KEGG_2026,LIPID AND ATHEROSCLEROSIS,AKT2
KEGG_2026,LIPID AND ATHEROSCLEROSIS,CASP3
KEGG_2026,LIPID AND ATHEROSCLEROSIS,AKT3
KEGG_2026,LIPID AND ATHEROSCLEROSIS,AKT1
KEGG_2026,LIPID AND ATHEROSCLEROSIS,CD36
KEGG_2026,LIPID AND ATHEROSCLEROSIS,JAK2
KEGG_2026,LIPID AND ATHEROSCLEROSIS,HRAS
KEGG_2026,LIPID AND ATHEROSCLEROSIS,IKBKE
KEGG_2026,LIPID AND ATHEROSCLEROSIS,MAP3K5
KEGG_2026,LIPID AND ATHEROSCLEROSIS,HSP90AA1
KEGG_2026,LIPID AND ATHEROSCLEROSIS,PRKCA
KEGG_2026,LIPID AND ATHEROSCLEROSIS,FOS
KEGG_2026,LIPID AND ATHEROSCLEROSIS,RHOA
KEGG_2026,LIPID AND ATHEROSCLEROSIS,TIRAP
KEGG_2026,LIPID AND ATHEROSCLEROSIS,TNFRSF1A
KEGG_2026,LIPID AND ATHEROSCLEROSIS,PLCB3
KEGG_2026,LIPID AND ATHEROSCLEROSIS,PLCB4
KEGG_2026,LIPID AND ATHEROSCLEROSIS,PIK3CA
KEGG_2026,LIPID AND ATHEROSCLEROSIS,TRAF3
KEGG_2026,LIPID AND ATHEROSCLEROSIS,DDIT3
KEGG_2026,LIPID AND ATHEROSCLEROSIS,IL1B
KEGG_2026,LIPID AND ATHEROSCLEROSIS,PPARG
KEGG_2026,LIPID AND ATHEROSCLEROSIS,ARHGEF1
KEGG_2026,LIPID AND ATHEROSCLEROSIS,PLCB1
KEGG_2026,LIPID AND ATHEROSCLEROSIS,TP53
KEGG_2026,LIPID AND ATHEROSCLEROSIS,ATF6
KEGG_2026,LIPID AND ATHEROSCLEROSIS,TLR4
KEGG_2026,LIPID AND ATHEROSCLEROSIS,PLCB2
KEGG_2026,LIPID AND ATHEROSCLEROSIS,ATF4
KEGG_2026,LIPID AND ATHEROSCLEROSIS,TLR2
KEGG_2026,LIPID AND ATHEROSCLEROSIS,CAMK2B
KEGG_2026,LIPID AND ATHEROSCLEROSIS,CAMK2D
KEGG_2026,LIPID AND ATHEROSCLEROSIS,SRC
KEGG_2026,LIPID AND ATHEROSCLEROSIS,ROCK2
KEGG_2026,LIPID AND ATHEROSCLEROSIS,CAMK2A
KEGG_2026,LIPID AND ATHEROSCLEROSIS,PIK3R3
KEGG_2026,LIPID AND ATHEROSCLEROSIS,PIK3R2
KEGG_2026,LIPID AND ATHEROSCLEROSIS,PIK3R1
KEGG_2026,LIPID AND ATHEROSCLEROSIS,RELA
KEGG_2026,LIPID AND ATHEROSCLEROSIS,HSP90B1
KEGG_2026,LIPID AND ATHEROSCLEROSIS,HSPD1
KEGG_2026,LIPID AND ATHEROSCLEROSIS,CDC42
KEGG_2026,LIPID AND ATHEROSCLEROSIS,MAPK9
KEGG_2026,LIPID AND ATHEROSCLEROSIS,NRAS
KEGG_2026,LIPID AND ATHEROSCLEROSIS,MAPK8
KEGG_2026,LIPID AND ATHEROSCLEROSIS,IRAK1
KEGG_2026,LIPID AND ATHEROSCLEROSIS,NLRP3
KEGG_2026,LIPID AND ATHEROSCLEROSIS,CCL2
KEGG_2026,LIPID AND ATHEROSCLEROSIS,MAPK1
KEGG_2026,LIPID AND ATHEROSCLEROSIS,PLCG1
KEGG_2026,LIPID AND ATHEROSCLEROSIS,RXRG
KEGG_2026,LIPID AND ATHEROSCLEROSIS,CAMK2G
KEGG_2026,LIPID AND ATHEROSCLEROSIS,MAPK3
KEGG_2026,LIPID AND ATHEROSCLEROSIS,ABCA1
KEGG_2026,LIPID AND ATHEROSCLEROSIS,HSPA8
KEGG_2026,LIPID AND ATHEROSCLEROSIS,XBP1
KEGG_2026,LIPID AND ATHEROSCLEROSIS,JUN
KEGG_2026,LIPID AND ATHEROSCLEROSIS,POU2F1
KEGG_2026,LIPID AND ATHEROSCLEROSIS,HSPA5
KEGG_2026,LIPID AND ATHEROSCLEROSIS,HSPA4
KEGG_2026,LIPID AND ATHEROSCLEROSIS,STAT3
KEGG_2026,LIPID AND ATHEROSCLEROSIS,NDUFA2
KEGG_2026,LIPID AND ATHEROSCLEROSIS,EIF2AK3
KEGG_2026,LIPID AND ATHEROSCLEROSIS,TNFRSF10B
KEGG_2026,LIPID AND ATHEROSCLEROSIS,TNFRSF10A
KEGG_2026,LIPID AND ATHEROSCLEROSIS,POU2F2
KEGG_2026,LIPID AND ATHEROSCLEROSIS,SOD2
KEGG_2026,LIPID AND ATHEROSCLEROSIS,EIF2S1
KEGG_2026,LIPID AND ATHEROSCLEROSIS,MIB1
KEGG_2026,LIPID AND ATHEROSCLEROSIS,NFKBIA
KEGG_2026,LIPID AND ATHEROSCLEROSIS,IL6
KEGG_2026,LIPID AND ATHEROSCLEROSIS,FASN
KEGG_2026,LIPID AND ATHEROSCLEROSIS,CYP1A1
KEGG_2026,LIPID AND ATHEROSCLEROSIS,BCL2
KEGG_2026,LIPID AND ATHEROSCLEROSIS,CYCS
KEGG_2026,LIPID AND ATHEROSCLEROSIS,BAX
KEGG_2026,LIPID AND ATHEROSCLEROSIS,CALM3
KEGG_2026,LIPID AND ATHEROSCLEROSIS,CALM1
KEGG_2026,LIPID AND ATHEROSCLEROSIS,CALM2
KEGG_2026,LIPID AND ATHEROSCLEROSIS,HSPA1B
KEGG_2026,LIPID AND ATHEROSCLEROSIS,MYD88
KEGG_2026,LIPID AND ATHEROSCLEROSIS,HSPA1A
KEGG_2026,LIPID AND ATHEROSCLEROSIS,NFE2L2
KEGG_2026,CITRATE CYCLE (TCA CYCLE),DLST
KEGG_2026,CITRATE CYCLE (TCA CYCLE),OGDHL
KEGG_2026,CITRATE CYCLE (TCA CYCLE),PDHB
KEGG_2026,CITRATE CYCLE (TCA CYCLE),LDHD
KEGG_2026,CITRATE CYCLE (TCA CYCLE),IDH3B
KEGG_2026,CITRATE CYCLE (TCA CYCLE),DLAT
KEGG_2026,CITRATE CYCLE (TCA CYCLE),PCK2
KEGG_2026,CITRATE CYCLE (TCA CYCLE),IDH3A
KEGG_2026,CITRATE CYCLE (TCA CYCLE),PDHA2
KEGG_2026,CITRATE CYCLE (TCA CYCLE),PDHA1
KEGG_2026,CITRATE CYCLE (TCA CYCLE),IDH3G
KEGG_2026,CITRATE CYCLE (TCA CYCLE),MDH2
KEGG_2026,CITRATE CYCLE (TCA CYCLE),IDH1
KEGG_2026,CITRATE CYCLE (TCA CYCLE),IDH2
KEGG_2026,CITRATE CYCLE (TCA CYCLE),SDHC
KEGG_2026,CITRATE CYCLE (TCA CYCLE),SDHD
KEGG_2026,CITRATE CYCLE (TCA CYCLE),SDHA
KEGG_2026,CITRATE CYCLE (TCA CYCLE),SDHB
KEGG_2026,CITRATE CYCLE (TCA CYCLE),CS
KEGG_2026,CITRATE CYCLE (TCA CYCLE),ACLY
KEGG_2026,CITRATE CYCLE (TCA CYCLE),SUCLA2
KEGG_2026,CITRATE CYCLE (TCA CYCLE),OGDH
KEGG_2026,CITRATE CYCLE (TCA CYCLE),SUCLG2
KEGG_2026,CITRATE CYCLE (TCA CYCLE),SUCLG1
KEGG_2026,CITRATE CYCLE (TCA CYCLE),ACO1
KEGG_2026,CITRATE CYCLE (TCA CYCLE),ACO2
KEGG_2026,LONG-TERM POTENTIATION,CAMK2B
KEGG_2026,LONG-TERM POTENTIATION,GRIA1
KEGG_2026,LONG-TERM POTENTIATION,CAMK2D
KEGG_2026,LONG-TERM POTENTIATION,CALML5
KEGG_2026,LONG-TERM POTENTIATION,CALML6
KEGG_2026,LONG-TERM POTENTIATION,CAMK2A
KEGG_2026,LONG-TERM POTENTIATION,ARAF
KEGG_2026,LONG-TERM POTENTIATION,CALML3
KEGG_2026,LONG-TERM POTENTIATION,CALML4
KEGG_2026,LONG-TERM POTENTIATION,ADCY1
KEGG_2026,LONG-TERM POTENTIATION,ADCY8
KEGG_2026,LONG-TERM POTENTIATION,GRM1
KEGG_2026,LONG-TERM POTENTIATION,PPP1CB
KEGG_2026,LONG-TERM POTENTIATION,PPP1CC
KEGG_2026,LONG-TERM POTENTIATION,PPP3CB
KEGG_2026,LONG-TERM POTENTIATION,GRM5
KEGG_2026,LONG-TERM POTENTIATION,NRAS
KEGG_2026,LONG-TERM POTENTIATION,PRKACG
KEGG_2026,LONG-TERM POTENTIATION,EP300
KEGG_2026,LONG-TERM POTENTIATION,MAPK1
KEGG_2026,LONG-TERM POTENTIATION,PRKACB
KEGG_2026,LONG-TERM POTENTIATION,HRAS
KEGG_2026,LONG-TERM POTENTIATION,CAMK2G
KEGG_2026,LONG-TERM POTENTIATION,MAPK3
KEGG_2026,LONG-TERM POTENTIATION,PRKCG
KEGG_2026,LONG-TERM POTENTIATION,MAP2K1
KEGG_2026,LONG-TERM POTENTIATION,CREBBP
KEGG_2026,LONG-TERM POTENTIATION,MAP2K2
KEGG_2026,LONG-TERM POTENTIATION,PRKCB
KEGG_2026,LONG-TERM POTENTIATION,PRKCA
KEGG_2026,LONG-TERM POTENTIATION,BRAF
KEGG_2026,LONG-TERM POTENTIATION,PPP1CA
KEGG_2026,LONG-TERM POTENTIATION,PLCB3
KEGG_2026,LONG-TERM POTENTIATION,PLCB4
KEGG_2026,LONG-TERM POTENTIATION,CAMK4
KEGG_2026,LONG-TERM POTENTIATION,GNAQ
KEGG_2026,LONG-TERM POTENTIATION,CALM3
KEGG_2026,LONG-TERM POTENTIATION,PLCB1
KEGG_2026,LONG-TERM POTENTIATION,CALM1
KEGG_2026,LONG-TERM POTENTIATION,PLCB2
KEGG_2026,LONG-TERM POTENTIATION,CALM2
KEGG_2026,LONG-TERM POTENTIATION,ATF4
KEGG_2026,GLIOMA,CAMK2B
KEGG_2026,GLIOMA,CAMK2D
KEGG_2026,GLIOMA,CALML5
KEGG_2026,GLIOMA,CALML6
KEGG_2026,GLIOMA,CAMK2A
KEGG_2026,GLIOMA,ARAF
KEGG_2026,GLIOMA,PTEN
KEGG_2026,GLIOMA,PIK3R3
KEGG_2026,GLIOMA,CALML3
KEGG_2026,GLIOMA,PIK3R2
KEGG_2026,GLIOMA,CALML4
KEGG_2026,GLIOMA,PIK3CB
KEGG_2026,GLIOMA,PIK3R1
KEGG_2026,GLIOMA,EGFR
KEGG_2026,GLIOMA,NRAS
KEGG_2026,GLIOMA,AKT2
KEGG_2026,GLIOMA,AKT3
KEGG_2026,GLIOMA,PLCG2
KEGG_2026,GLIOMA,AKT1
KEGG_2026,GLIOMA,MAPK1
KEGG_2026,GLIOMA,PLCG1
KEGG_2026,GLIOMA,HRAS
KEGG_2026,GLIOMA,CAMK2G
KEGG_2026,GLIOMA,MAPK3
KEGG_2026,GLIOMA,PDGFRB
KEGG_2026,GLIOMA,PRKCG
KEGG_2026,GLIOMA,MAP2K1
KEGG_2026,GLIOMA,CAMK1D
KEGG_2026,GLIOMA,MAP2K2
KEGG_2026,GLIOMA,PRKCB
KEGG_2026,GLIOMA,CDKN2A
KEGG_2026,GLIOMA,PRKCA
KEGG_2026,GLIOMA,BRAF
KEGG_2026,GLIOMA,PIK3CA
KEGG_2026,GLIOMA,CAMK4
KEGG_2026,GLIOMA,MDM2
KEGG_2026,GLIOMA,BAX
KEGG_2026,GLIOMA,GRB2
KEGG_2026,GLIOMA,CALM3
KEGG_2026,GLIOMA,CAMK1
KEGG_2026,GLIOMA,SOS1
KEGG_2026,GLIOMA,CALM1
KEGG_2026,GLIOMA,SOS2
KEGG_2026,GLIOMA,TP53
KEGG_2026,GLIOMA,CALM2
KEGG_2026,GLIOMA,CAMK1G
KEGG_2026,HIF-1 SIGNALING PATHWAY,TFRC
KEGG_2026,HIF-1 SIGNALING PATHWAY,SLC2A1
KEGG_2026,HIF-1 SIGNALING PATHWAY,ENO1
KEGG_2026,HIF-1 SIGNALING PATHWAY,PIK3CB
KEGG_2026,HIF-1 SIGNALING PATHWAY,ENO2
KEGG_2026,HIF-1 SIGNALING PATHWAY,ENO3
KEGG_2026,HIF-1 SIGNALING PATHWAY,LOC112694756
KEGG_2026,HIF-1 SIGNALING PATHWAY,AKT2
KEGG_2026,HIF-1 SIGNALING PATHWAY,NPPA
KEGG_2026,HIF-1 SIGNALING PATHWAY,AKT3
KEGG_2026,HIF-1 SIGNALING PATHWAY,AKT1
KEGG_2026,HIF-1 SIGNALING PATHWAY,EP300
KEGG_2026,HIF-1 SIGNALING PATHWAY,PRKCG
KEGG_2026,HIF-1 SIGNALING PATHWAY,MAP2K1
KEGG_2026,HIF-1 SIGNALING PATHWAY,MAP2K2
KEGG_2026,HIF-1 SIGNALING PATHWAY,PRKCB
KEGG_2026,HIF-1 SIGNALING PATHWAY,PRKCA
KEGG_2026,HIF-1 SIGNALING PATHWAY,RBX1
KEGG_2026,HIF-1 SIGNALING PATHWAY,IFNG
KEGG_2026,HIF-1 SIGNALING PATHWAY,PIK3CA
KEGG_2026,HIF-1 SIGNALING PATHWAY,HKDC1
KEGG_2026,HIF-1 SIGNALING PATHWAY,ALDOC
KEGG_2026,HIF-1 SIGNALING PATHWAY,ALDOB
KEGG_2026,HIF-1 SIGNALING PATHWAY,TLR4
KEGG_2026,HIF-1 SIGNALING PATHWAY,GAPDH
KEGG_2026,HIF-1 SIGNALING PATHWAY,CAMK2B
KEGG_2026,HIF-1 SIGNALING PATHWAY,CAMK2D
KEGG_2026,HIF-1 SIGNALING PATHWAY,PFKFB3
KEGG_2026,HIF-1 SIGNALING PATHWAY,CAMK2A
KEGG_2026,HIF-1 SIGNALING PATHWAY,PIK3R3
KEGG_2026,HIF-1 SIGNALING PATHWAY,PIK3R2
KEGG_2026,HIF-1 SIGNALING PATHWAY,PIK3R1
KEGG_2026,HIF-1 SIGNALING PATHWAY,PDHB
KEGG_2026,HIF-1 SIGNALING PATHWAY,HIF1A
KEGG_2026,HIF-1 SIGNALING PATHWAY,EGFR
KEGG_2026,HIF-1 SIGNALING PATHWAY,RELA
KEGG_2026,HIF-1 SIGNALING PATHWAY,INS
KEGG_2026,HIF-1 SIGNALING PATHWAY,LDHA
KEGG_2026,HIF-1 SIGNALING PATHWAY,ERBB2
KEGG_2026,HIF-1 SIGNALING PATHWAY,PLCG2
KEGG_2026,HIF-1 SIGNALING PATHWAY,PGK1
KEGG_2026,HIF-1 SIGNALING PATHWAY,HMOX1
KEGG_2026,HIF-1 SIGNALING PATHWAY,MAPK1
KEGG_2026,HIF-1 SIGNALING PATHWAY,PGK2
KEGG_2026,HIF-1 SIGNALING PATHWAY,PLCG1
KEGG_2026,HIF-1 SIGNALING PATHWAY,CAMK2G
KEGG_2026,HIF-1 SIGNALING PATHWAY,MAPK3
KEGG_2026,HIF-1 SIGNALING PATHWAY,PDHA2
KEGG_2026,HIF-1 SIGNALING PATHWAY,CREBBP
KEGG_2026,HIF-1 SIGNALING PATHWAY,PDHA1
KEGG_2026,HIF-1 SIGNALING PATHWAY,STAT3
KEGG_2026,HIF-1 SIGNALING PATHWAY,HOOK3
KEGG_2026,HIF-1 SIGNALING PATHWAY,IL6
KEGG_2026,HIF-1 SIGNALING PATHWAY,PFKL
KEGG_2026,HIF-1 SIGNALING PATHWAY,HOOK2
KEGG_2026,HIF-1 SIGNALING PATHWAY,BCL2
KEGG_2026,HIF-1 SIGNALING PATHWAY,LTBR
KEGG_2026,HIF-1 SIGNALING PATHWAY,PFKM
KEGG_2026,HIF-1 SIGNALING PATHWAY,PFKP
KEGG_2026,ADRENERGIC SIGNALING IN CARDIOMYOCYTES,RYR2
KEGG_2026,ADRENERGIC SIGNALING IN CARDIOMYOCYTES,CALML5
KEGG_2026,ADRENERGIC SIGNALING IN CARDIOMYOCYTES,CALML6
KEGG_2026,ADRENERGIC SIGNALING IN CARDIOMYOCYTES,CALML3
KEGG_2026,ADRENERGIC SIGNALING IN CARDIOMYOCYTES,ADRA1D
KEGG_2026,ADRENERGIC SIGNALING IN CARDIOMYOCYTES,ATP2A1
KEGG_2026,ADRENERGIC SIGNALING IN CARDIOMYOCYTES,CALML4
KEGG_2026,ADRENERGIC SIGNALING IN CARDIOMYOCYTES,ADRA1B
KEGG_2026,ADRENERGIC SIGNALING IN CARDIOMYOCYTES,ADRA1A
KEGG_2026,ADRENERGIC SIGNALING IN CARDIOMYOCYTES,SLC8A1
KEGG_2026,ADRENERGIC SIGNALING IN CARDIOMYOCYTES,PIK3CG
KEGG_2026,ADRENERGIC SIGNALING IN CARDIOMYOCYTES,PPP1CB
KEGG_2026,ADRENERGIC SIGNALING IN CARDIOMYOCYTES,PPP1CC
KEGG_2026,ADRENERGIC SIGNALING IN CARDIOMYOCYTES,RPS6KA5
KEGG_2026,ADRENERGIC SIGNALING IN CARDIOMYOCYTES,CREB3L3
KEGG_2026,ADRENERGIC SIGNALING IN CARDIOMYOCYTES,CREB3L4
KEGG_2026,ADRENERGIC SIGNALING IN CARDIOMYOCYTES,AKT2
KEGG_2026,ADRENERGIC SIGNALING IN CARDIOMYOCYTES,PRKACG
KEGG_2026,ADRENERGIC SIGNALING IN CARDIOMYOCYTES,CREB3L1
KEGG_2026,ADRENERGIC SIGNALING IN CARDIOMYOCYTES,AKT3
KEGG_2026,ADRENERGIC SIGNALING IN CARDIOMYOCYTES,CREB3L2
KEGG_2026,ADRENERGIC SIGNALING IN CARDIOMYOCYTES,AKT1
KEGG_2026,ADRENERGIC SIGNALING IN CARDIOMYOCYTES,SCN5A
KEGG_2026,ADRENERGIC SIGNALING IN CARDIOMYOCYTES,PRKACB
KEGG_2026,ADRENERGIC SIGNALING IN CARDIOMYOCYTES,TPM3
KEGG_2026,ADRENERGIC SIGNALING IN CARDIOMYOCYTES,TPM1
KEGG_2026,ADRENERGIC SIGNALING IN CARDIOMYOCYTES,PRKCA
KEGG_2026,ADRENERGIC SIGNALING IN CARDIOMYOCYTES,CACNA2D4
KEGG_2026,ADRENERGIC SIGNALING IN CARDIOMYOCYTES,PLCB3
KEGG_2026,ADRENERGIC SIGNALING IN CARDIOMYOCYTES,ADCY9
KEGG_2026,ADRENERGIC SIGNALING IN CARDIOMYOCYTES,CREB1
KEGG_2026,ADRENERGIC SIGNALING IN CARDIOMYOCYTES,PLCB4
KEGG_2026,ADRENERGIC SIGNALING IN CARDIOMYOCYTES,AGTR1
KEGG_2026,ADRENERGIC SIGNALING IN CARDIOMYOCYTES,AGTR2
KEGG_2026,ADRENERGIC SIGNALING IN CARDIOMYOCYTES,PLCB1
KEGG_2026,ADRENERGIC SIGNALING IN CARDIOMYOCYTES,AGXT
KEGG_2026,ADRENERGIC SIGNALING IN CARDIOMYOCYTES,PLCB2
KEGG_2026,ADRENERGIC SIGNALING IN CARDIOMYOCYTES,ATF4
KEGG_2026,ADRENERGIC SIGNALING IN CARDIOMYOCYTES,CREB5
KEGG_2026,ADRENERGIC SIGNALING IN CARDIOMYOCYTES,RAPGEF4
KEGG_2026,ADRENERGIC SIGNALING IN CARDIOMYOCYTES,CAMK2B
KEGG_2026,ADRENERGIC SIGNALING IN CARDIOMYOCYTES,CAMK2D
KEGG_2026,ADRENERGIC SIGNALING IN CARDIOMYOCYTES,ATF6B
KEGG_2026,ADRENERGIC SIGNALING IN CARDIOMYOCYTES,CAMK2A
KEGG_2026,ADRENERGIC SIGNALING IN CARDIOMYOCYTES,CREM
KEGG_2026,ADRENERGIC SIGNALING IN CARDIOMYOCYTES,GNAI3
KEGG_2026,ADRENERGIC SIGNALING IN CARDIOMYOCYTES,ADCY4
KEGG_2026,ADRENERGIC SIGNALING IN CARDIOMYOCYTES,ATP1A4
KEGG_2026,ADRENERGIC SIGNALING IN CARDIOMYOCYTES,ADRB1
KEGG_2026,ADRENERGIC SIGNALING IN CARDIOMYOCYTES,ADCY2
KEGG_2026,ADRENERGIC SIGNALING IN CARDIOMYOCYTES,ADRB2
KEGG_2026,ADRENERGIC SIGNALING IN CARDIOMYOCYTES,ADCY1
KEGG_2026,ADRENERGIC SIGNALING IN CARDIOMYOCYTES,CACNA1F
KEGG_2026,ADRENERGIC SIGNALING IN CARDIOMYOCYTES,ADCY8
KEGG_2026,ADRENERGIC SIGNALING IN CARDIOMYOCYTES,ADCY7
KEGG_2026,ADRENERGIC SIGNALING IN CARDIOMYOCYTES,ADCY6
KEGG_2026,ADRENERGIC SIGNALING IN CARDIOMYOCYTES,GNAI1
KEGG_2026,ADRENERGIC SIGNALING IN CARDIOMYOCYTES,SLC9A1
KEGG_2026,ADRENERGIC SIGNALING IN CARDIOMYOCYTES,GNAI2
KEGG_2026,ADRENERGIC SIGNALING IN CARDIOMYOCYTES,ADCY5
KEGG_2026,ADRENERGIC SIGNALING IN CARDIOMYOCYTES,MAPK1
KEGG_2026,ADRENERGIC SIGNALING IN CARDIOMYOCYTES,CACNG2
KEGG_2026,ADRENERGIC SIGNALING IN CARDIOMYOCYTES,CAMK2G
KEGG_2026,ADRENERGIC SIGNALING IN CARDIOMYOCYTES,MAPK3
KEGG_2026,ADRENERGIC SIGNALING IN CARDIOMYOCYTES,PPP1CA
KEGG_2026,ADRENERGIC SIGNALING IN CARDIOMYOCYTES,GNAQ
KEGG_2026,ADRENERGIC SIGNALING IN CARDIOMYOCYTES,GNAS
KEGG_2026,ADRENERGIC SIGNALING IN CARDIOMYOCYTES,BCL2
KEGG_2026,ADRENERGIC SIGNALING IN CARDIOMYOCYTES,CALM3
KEGG_2026,ADRENERGIC SIGNALING IN CARDIOMYOCYTES,CALM1
KEGG_2026,ADRENERGIC SIGNALING IN CARDIOMYOCYTES,CALM2
KEGG_2026,ADRENERGIC SIGNALING IN CARDIOMYOCYTES,KCNK2
KEGG_2026,THYROID HORMONE SIGNALING PATHWAY,GSK3B
KEGG_2026,THYROID HORMONE SIGNALING PATHWAY,DIDO1
KEGG_2026,THYROID HORMONE SIGNALING PATHWAY,THRB
KEGG_2026,THYROID HORMONE SIGNALING PATHWAY,SLC2A1
KEGG_2026,THYROID HORMONE SIGNALING PATHWAY,ATP2A1
KEGG_2026,THYROID HORMONE SIGNALING PATHWAY,PIK3CB
KEGG_2026,THYROID HORMONE SIGNALING PATHWAY,MED16
KEGG_2026,THYROID HORMONE SIGNALING PATHWAY,PLCZ1
KEGG_2026,THYROID HORMONE SIGNALING PATHWAY,SIN3A
KEGG_2026,THYROID HORMONE SIGNALING PATHWAY,AKT2
KEGG_2026,THYROID HORMONE SIGNALING PATHWAY,PRKACG
KEGG_2026,THYROID HORMONE SIGNALING PATHWAY,MYC
KEGG_2026,THYROID HORMONE SIGNALING PATHWAY,AKT3
KEGG_2026,THYROID HORMONE SIGNALING PATHWAY,AKT1
KEGG_2026,THYROID HORMONE SIGNALING PATHWAY,PLCE1
KEGG_2026,THYROID HORMONE SIGNALING PATHWAY,EP300
KEGG_2026,THYROID HORMONE SIGNALING PATHWAY,PRKACB
KEGG_2026,THYROID HORMONE SIGNALING PATHWAY,HRAS
KEGG_2026,THYROID HORMONE SIGNALING PATHWAY,PRKCG
KEGG_2026,THYROID HORMONE SIGNALING PATHWAY,MAP2K1
KEGG_2026,THYROID HORMONE SIGNALING PATHWAY,MAP2K2
KEGG_2026,THYROID HORMONE SIGNALING PATHWAY,PRKCB
KEGG_2026,THYROID HORMONE SIGNALING PATHWAY,NCOA3
KEGG_2026,THYROID HORMONE SIGNALING PATHWAY,PRKCA
KEGG_2026,THYROID HORMONE SIGNALING PATHWAY,KAT2B
KEGG_2026,THYROID HORMONE SIGNALING PATHWAY,PLCB3
KEGG_2026,THYROID HORMONE SIGNALING PATHWAY,KAT2A
KEGG_2026,THYROID HORMONE SIGNALING PATHWAY,MED24
KEGG_2026,THYROID HORMONE SIGNALING PATHWAY,PLCB4
KEGG_2026,THYROID HORMONE SIGNALING PATHWAY,NCOR1
KEGG_2026,THYROID HORMONE SIGNALING PATHWAY,PIK3CA
KEGG_2026,THYROID HORMONE SIGNALING PATHWAY,PLCB1
KEGG_2026,THYROID HORMONE SIGNALING PATHWAY,TP53
KEGG_2026,THYROID HORMONE SIGNALING PATHWAY,PLCB2
KEGG_2026,THYROID HORMONE SIGNALING PATHWAY,PFKFB2
KEGG_2026,THYROID HORMONE SIGNALING PATHWAY,HDAC2
KEGG_2026,THYROID HORMONE SIGNALING PATHWAY,HDAC3
KEGG_2026,THYROID HORMONE SIGNALING PATHWAY,SRC
KEGG_2026,THYROID HORMONE SIGNALING PATHWAY,HDAC1
KEGG_2026,THYROID HORMONE SIGNALING PATHWAY,ATP1A4
KEGG_2026,THYROID HORMONE SIGNALING PATHWAY,PIK3R3
KEGG_2026,THYROID HORMONE SIGNALING PATHWAY,PIK3R2
KEGG_2026,THYROID HORMONE SIGNALING PATHWAY,PIK3R1
KEGG_2026,THYROID HORMONE SIGNALING PATHWAY,HIF1A
KEGG_2026,THYROID HORMONE SIGNALING PATHWAY,SLC9A1
KEGG_2026,THYROID HORMONE SIGNALING PATHWAY,NRAS
KEGG_2026,THYROID HORMONE SIGNALING PATHWAY,PLCG2
KEGG_2026,THYROID HORMONE SIGNALING PATHWAY,MAPK1
KEGG_2026,THYROID HORMONE SIGNALING PATHWAY,PLCG1
KEGG_2026,THYROID HORMONE SIGNALING PATHWAY,RXRG
KEGG_2026,THYROID HORMONE SIGNALING PATHWAY,MAPK3
KEGG_2026,THYROID HORMONE SIGNALING PATHWAY,CREBBP
KEGG_2026,THYROID HORMONE SIGNALING PATHWAY,STAT1
KEGG_2026,THYROID HORMONE SIGNALING PATHWAY,PFKL
KEGG_2026,THYROID HORMONE SIGNALING PATHWAY,RHEB
KEGG_2026,THYROID HORMONE SIGNALING PATHWAY,MDM2
KEGG_2026,THYROID HORMONE SIGNALING PATHWAY,CTNNB1
KEGG_2026,THYROID HORMONE SIGNALING PATHWAY,PLCD3
KEGG_2026,THYROID HORMONE SIGNALING PATHWAY,PLCD4
KEGG_2026,THYROID HORMONE SIGNALING PATHWAY,PFKM
KEGG_2026,THYROID HORMONE SIGNALING PATHWAY,PLCD1
KEGG_2026,THYROID HORMONE SIGNALING PATHWAY,PFKP
KEGG_2026,AMPHETAMINE ADDICTION,CAMK2B
KEGG_2026,AMPHETAMINE ADDICTION,GRIA1
KEGG_2026,AMPHETAMINE ADDICTION,HDAC2
KEGG_2026,AMPHETAMINE ADDICTION,CAMK2D
KEGG_2026,AMPHETAMINE ADDICTION,CALML5
KEGG_2026,AMPHETAMINE ADDICTION,MAOB
KEGG_2026,AMPHETAMINE ADDICTION,ATF6B
KEGG_2026,AMPHETAMINE ADDICTION,CALML6
KEGG_2026,AMPHETAMINE ADDICTION,HDAC1
KEGG_2026,AMPHETAMINE ADDICTION,CAMK2A
KEGG_2026,AMPHETAMINE ADDICTION,CALML3
KEGG_2026,AMPHETAMINE ADDICTION,CALML4
KEGG_2026,AMPHETAMINE ADDICTION,ADCY5
KEGG_2026,AMPHETAMINE ADDICTION,PPP1CB
KEGG_2026,AMPHETAMINE ADDICTION,PPP1CC
KEGG_2026,AMPHETAMINE ADDICTION,PPP3CB
KEGG_2026,AMPHETAMINE ADDICTION,CREB3L3
KEGG_2026,AMPHETAMINE ADDICTION,CREB3L4
KEGG_2026,AMPHETAMINE ADDICTION,PRKACG
KEGG_2026,AMPHETAMINE ADDICTION,CREB3L1
KEGG_2026,AMPHETAMINE ADDICTION,CREB3L2
KEGG_2026,AMPHETAMINE ADDICTION,PRKACB
KEGG_2026,AMPHETAMINE ADDICTION,CAMK2G
KEGG_2026,AMPHETAMINE ADDICTION,PRKCG
KEGG_2026,AMPHETAMINE ADDICTION,JUN
KEGG_2026,AMPHETAMINE ADDICTION,PRKCB
KEGG_2026,AMPHETAMINE ADDICTION,PRKCA
KEGG_2026,AMPHETAMINE ADDICTION,FOS
KEGG_2026,AMPHETAMINE ADDICTION,PDYN
KEGG_2026,AMPHETAMINE ADDICTION,SIRT1
KEGG_2026,AMPHETAMINE ADDICTION,PPP1CA
KEGG_2026,AMPHETAMINE ADDICTION,CREB1
KEGG_2026,AMPHETAMINE ADDICTION,TH
KEGG_2026,AMPHETAMINE ADDICTION,CAMK4
KEGG_2026,AMPHETAMINE ADDICTION,GNAS
KEGG_2026,AMPHETAMINE ADDICTION,FOSB
KEGG_2026,AMPHETAMINE ADDICTION,CALM3
KEGG_2026,AMPHETAMINE ADDICTION,CALM1
KEGG_2026,AMPHETAMINE ADDICTION,CALM2
KEGG_2026,AMPHETAMINE ADDICTION,STX1A
KEGG_2026,AMPHETAMINE ADDICTION,CREB5
KEGG_2026,AMPHETAMINE ADDICTION,ATF4
KEGG_2026,NON-ALCOHOLIC FATTY LIVER DISEASE,GSK3B
KEGG_2026,NON-ALCOHOLIC FATTY LIVER DISEASE,NDUFA13
KEGG_2026,NON-ALCOHOLIC FATTY LIVER DISEASE,NDUFA12
KEGG_2026,NON-ALCOHOLIC FATTY LIVER DISEASE,COX4I1
KEGG_2026,NON-ALCOHOLIC FATTY LIVER DISEASE,NDUFA10
KEGG_2026,NON-ALCOHOLIC FATTY LIVER DISEASE,PIK3CB
KEGG_2026,NON-ALCOHOLIC FATTY LIVER DISEASE,COX6A1
KEGG_2026,NON-ALCOHOLIC FATTY LIVER DISEASE,TNF
KEGG_2026,NON-ALCOHOLIC FATTY LIVER DISEASE,AKT2
KEGG_2026,NON-ALCOHOLIC FATTY LIVER DISEASE,CASP3
KEGG_2026,NON-ALCOHOLIC FATTY LIVER DISEASE,AKT3
KEGG_2026,NON-ALCOHOLIC FATTY LIVER DISEASE,AKT1
KEGG_2026,NON-ALCOHOLIC FATTY LIVER DISEASE,UQCRFS1
KEGG_2026,NON-ALCOHOLIC FATTY LIVER DISEASE,MAP3K5
KEGG_2026,NON-ALCOHOLIC FATTY LIVER DISEASE,COX8A
KEGG_2026,NON-ALCOHOLIC FATTY LIVER DISEASE,SREBF1
KEGG_2026,NON-ALCOHOLIC FATTY LIVER DISEASE,SDHC
KEGG_2026,NON-ALCOHOLIC FATTY LIVER DISEASE,SDHD
KEGG_2026,NON-ALCOHOLIC FATTY LIVER DISEASE,FOS
KEGG_2026,NON-ALCOHOLIC FATTY LIVER DISEASE,SDHA
KEGG_2026,NON-ALCOHOLIC FATTY LIVER DISEASE,SDHB
KEGG_2026,NON-ALCOHOLIC FATTY LIVER DISEASE,TNFRSF1A
KEGG_2026,NON-ALCOHOLIC FATTY LIVER DISEASE,NDUFS8
KEGG_2026,NON-ALCOHOLIC FATTY LIVER DISEASE,NDUFS7
KEGG_2026,NON-ALCOHOLIC FATTY LIVER DISEASE,PIK3CA
KEGG_2026,NON-ALCOHOLIC FATTY LIVER DISEASE,DDIT3
KEGG_2026,NON-ALCOHOLIC FATTY LIVER DISEASE,IL1B
KEGG_2026,NON-ALCOHOLIC FATTY LIVER DISEASE,UQCRC1
KEGG_2026,NON-ALCOHOLIC FATTY LIVER DISEASE,NDUFS3
KEGG_2026,NON-ALCOHOLIC FATTY LIVER DISEASE,NDUFS2
KEGG_2026,NON-ALCOHOLIC FATTY LIVER DISEASE,PPARG
KEGG_2026,NON-ALCOHOLIC FATTY LIVER DISEASE,NDUFS1
KEGG_2026,NON-ALCOHOLIC FATTY LIVER DISEASE,UQCRC2
KEGG_2026,NON-ALCOHOLIC FATTY LIVER DISEASE,ATF4
KEGG_2026,NON-ALCOHOLIC FATTY LIVER DISEASE,NDUFB9
KEGG_2026,NON-ALCOHOLIC FATTY LIVER DISEASE,NDUFB8
KEGG_2026,NON-ALCOHOLIC FATTY LIVER DISEASE,NDUFB7
KEGG_2026,NON-ALCOHOLIC FATTY LIVER DISEASE,NDUFB4
KEGG_2026,NON-ALCOHOLIC FATTY LIVER DISEASE,NDUFB3
KEGG_2026,NON-ALCOHOLIC FATTY LIVER DISEASE,PIK3R3
KEGG_2026,NON-ALCOHOLIC FATTY LIVER DISEASE,PIK3R2
KEGG_2026,NON-ALCOHOLIC FATTY LIVER DISEASE,PIK3R1
KEGG_2026,NON-ALCOHOLIC FATTY LIVER DISEASE,UQCR10
KEGG_2026,NON-ALCOHOLIC FATTY LIVER DISEASE,PTGS2
KEGG_2026,NON-ALCOHOLIC FATTY LIVER DISEASE,COX5B
KEGG_2026,NON-ALCOHOLIC FATTY LIVER DISEASE,COX5A
KEGG_2026,NON-ALCOHOLIC FATTY LIVER DISEASE,RELA
KEGG_2026,NON-ALCOHOLIC FATTY LIVER DISEASE,INS
KEGG_2026,NON-ALCOHOLIC FATTY LIVER DISEASE,CDC42
KEGG_2026,NON-ALCOHOLIC FATTY LIVER DISEASE,SOCS3
KEGG_2026,NON-ALCOHOLIC FATTY LIVER DISEASE,MAPK9
KEGG_2026,NON-ALCOHOLIC FATTY LIVER DISEASE,MAPK8
KEGG_2026,NON-ALCOHOLIC FATTY LIVER DISEASE,BCL2L11
KEGG_2026,NON-ALCOHOLIC FATTY LIVER DISEASE,NDUFV2
KEGG_2026,NON-ALCOHOLIC FATTY LIVER DISEASE,NDUFV1
KEGG_2026,NON-ALCOHOLIC FATTY LIVER DISEASE,NDUFA9
KEGG_2026,NON-ALCOHOLIC FATTY LIVER DISEASE,NDUFA8
KEGG_2026,NON-ALCOHOLIC FATTY LIVER DISEASE,XBP1
KEGG_2026,NON-ALCOHOLIC FATTY LIVER DISEASE,JUN
KEGG_2026,NON-ALCOHOLIC FATTY LIVER DISEASE,TGFB1
KEGG_2026,NON-ALCOHOLIC FATTY LIVER DISEASE,PKLR
KEGG_2026,NON-ALCOHOLIC FATTY LIVER DISEASE,NDUFA5
KEGG_2026,NON-ALCOHOLIC FATTY LIVER DISEASE,NDUFA3
KEGG_2026,NON-ALCOHOLIC FATTY LIVER DISEASE,NDUFA2
KEGG_2026,NON-ALCOHOLIC FATTY LIVER DISEASE,EIF2AK3
KEGG_2026,NON-ALCOHOLIC FATTY LIVER DISEASE,EIF2S1
KEGG_2026,NON-ALCOHOLIC FATTY LIVER DISEASE,IL6
KEGG_2026,NON-ALCOHOLIC FATTY LIVER DISEASE,UQCRQ
KEGG_2026,NON-ALCOHOLIC FATTY LIVER DISEASE,FASN
KEGG_2026,NON-ALCOHOLIC FATTY LIVER DISEASE,LEP
KEGG_2026,NON-ALCOHOLIC FATTY LIVER DISEASE,NDUFAB1
KEGG_2026,NON-ALCOHOLIC FATTY LIVER DISEASE,CYCS
KEGG_2026,NON-ALCOHOLIC FATTY LIVER DISEASE,BAX
KEGG_2026,HEPATITIS B,DDX3X
KEGG_2026,HEPATITIS B,YWHAB
KEGG_2026,HEPATITIS B,ARAF
KEGG_2026,HEPATITIS B,PIK3CB
KEGG_2026,HEPATITIS B,TNF
KEGG_2026,HEPATITIS B,TBK1
KEGG_2026,HEPATITIS B,CREB3L3
KEGG_2026,HEPATITIS B,YWHAQ
KEGG_2026,HEPATITIS B,CREB3L4
KEGG_2026,HEPATITIS B,AKT2
KEGG_2026,HEPATITIS B,MYC
KEGG_2026,HEPATITIS B,CREB3L1
KEGG_2026,HEPATITIS B,CASP3
KEGG_2026,HEPATITIS B,AKT3
KEGG_2026,HEPATITIS B,CREB3L2
KEGG_2026,HEPATITIS B,AKT1
KEGG_2026,HEPATITIS B,EP300
KEGG_2026,HEPATITIS B,JAK2
KEGG_2026,HEPATITIS B,HRAS
KEGG_2026,HEPATITIS B,IKBKE
KEGG_2026,HEPATITIS B,PRKCG
KEGG_2026,HEPATITIS B,MAP2K1
KEGG_2026,HEPATITIS B,MAP2K2
KEGG_2026,HEPATITIS B,PRKCB
KEGG_2026,HEPATITIS B,KCNH8
KEGG_2026,HEPATITIS B,PRKCA
KEGG_2026,HEPATITIS B,FOS
KEGG_2026,HEPATITIS B,HSPG2
KEGG_2026,HEPATITIS B,YWHAZ
KEGG_2026,HEPATITIS B,TGFBR1
KEGG_2026,HEPATITIS B,TIRAP
KEGG_2026,HEPATITIS B,TGFBR2
KEGG_2026,HEPATITIS B,DDB1
KEGG_2026,HEPATITIS B,CREB1
KEGG_2026,HEPATITIS B,PIK3CA
KEGG_2026,HEPATITIS B,TRAF3
KEGG_2026,HEPATITIS B,VDAC3
KEGG_2026,HEPATITIS B,SOS1
KEGG_2026,HEPATITIS B,TP53
KEGG_2026,HEPATITIS B,TLR4
KEGG_2026,HEPATITIS B,SOS2
KEGG_2026,HEPATITIS B,IFNAR1
KEGG_2026,HEPATITIS B,ATF4
KEGG_2026,HEPATITIS B,CREB5
KEGG_2026,HEPATITIS B,TLR2
KEGG_2026,HEPATITIS B,ATF6B
KEGG_2026,HEPATITIS B,SRC
KEGG_2026,HEPATITIS B,PIK3R3
KEGG_2026,HEPATITIS B,PIK3R2
KEGG_2026,HEPATITIS B,PIK3R1
KEGG_2026,HEPATITIS B,RELA
KEGG_2026,HEPATITIS B,MAPK9
KEGG_2026,HEPATITIS B,MAPK8
KEGG_2026,HEPATITIS B,NRAS
KEGG_2026,HEPATITIS B,IRAK1
KEGG_2026,HEPATITIS B,MAPK1
KEGG_2026,HEPATITIS B,MAPK3
KEGG_2026,HEPATITIS B,SMAD4
KEGG_2026,HEPATITIS B,CREBBP
KEGG_2026,HEPATITIS B,JUN
KEGG_2026,HEPATITIS B,TGFB1
KEGG_2026,HEPATITIS B,MAP3K1
KEGG_2026,HEPATITIS B,STAT1
KEGG_2026,HEPATITIS B,STAT2
KEGG_2026,HEPATITIS B,STAT3
KEGG_2026,HEPATITIS B,BRAF
KEGG_2026,HEPATITIS B,NFKBIA
KEGG_2026,HEPATITIS B,MAVS
KEGG_2026,HEPATITIS B,IL6
KEGG_2026,HEPATITIS B,FASN
KEGG_2026,HEPATITIS B,BCL2
KEGG_2026,HEPATITIS B,CYCS
KEGG_2026,HEPATITIS B,BAX
KEGG_2026,HEPATITIS B,GRB2
KEGG_2026,HEPATITIS B,MYD88
KEGG_2026,SALIVARY SECRETION,GUCY1B1
KEGG_2026,SALIVARY SECRETION,CALML5
KEGG_2026,SALIVARY SECRETION,CALML6
KEGG_2026,SALIVARY SECRETION,CALML3
KEGG_2026,SALIVARY SECRETION,ADRA1D
KEGG_2026,SALIVARY SECRETION,CALML4
KEGG_2026,SALIVARY SECRETION,BEST2
KEGG_2026,SALIVARY SECRETION,ADRA1B
KEGG_2026,SALIVARY SECRETION,ADRA1A
KEGG_2026,SALIVARY SECRETION,HTN1
KEGG_2026,SALIVARY SECRETION,HTN3
KEGG_2026,SALIVARY SECRETION,PRKACG
KEGG_2026,SALIVARY SECRETION,PRKG2
KEGG_2026,SALIVARY SECRETION,PRKACB
KEGG_2026,SALIVARY SECRETION,PRKG1
KEGG_2026,SALIVARY SECRETION,PRKCG
KEGG_2026,SALIVARY SECRETION,GUCY1A2
KEGG_2026,SALIVARY SECRETION,GUCY1A1
KEGG_2026,SALIVARY SECRETION,PRKCB
KEGG_2026,SALIVARY SECRETION,AMY1B
KEGG_2026,SALIVARY SECRETION,PRKCA
KEGG_2026,SALIVARY SECRETION,PLCB3
KEGG_2026,SALIVARY SECRETION,PLCB4
KEGG_2026,SALIVARY SECRETION,ADCY9
KEGG_2026,SALIVARY SECRETION,ADRB3
KEGG_2026,SALIVARY SECRETION,KCNMA1
KEGG_2026,SALIVARY SECRETION,PLCB1
KEGG_2026,SALIVARY SECRETION,PLCB2
KEGG_2026,SALIVARY SECRETION,ADCY4
KEGG_2026,SALIVARY SECRETION,ATP1A4
KEGG_2026,SALIVARY SECRETION,PRH2
KEGG_2026,SALIVARY SECRETION,ADRB1
KEGG_2026,SALIVARY SECRETION,ADCY2
KEGG_2026,SALIVARY SECRETION,ADCY1
KEGG_2026,SALIVARY SECRETION,ADRB2
KEGG_2026,SALIVARY SECRETION,STATH
KEGG_2026,SALIVARY SECRETION,ADCY8
KEGG_2026,SALIVARY SECRETION,ADCY7
KEGG_2026,SALIVARY SECRETION,ADCY6
KEGG_2026,SALIVARY SECRETION,SLC9A1
KEGG_2026,SALIVARY SECRETION,ADCY5
KEGG_2026,SALIVARY SECRETION,CST3
KEGG_2026,SALIVARY SECRETION,MUC7
KEGG_2026,SALIVARY SECRETION,SLC12A2
KEGG_2026,SALIVARY SECRETION,MUC5B
KEGG_2026,SALIVARY SECRETION,GNAQ
KEGG_2026,SALIVARY SECRETION,GNAS
KEGG_2026,SALIVARY SECRETION,CALM3
KEGG_2026,SALIVARY SECRETION,CALM1
KEGG_2026,SALIVARY SECRETION,CALM2
KEGG_2026,"PARATHYROID HORMONE SYNTHESIS, SECRETION AND ACTION",ARAF
KEGG_2026,"PARATHYROID HORMONE SYNTHESIS, SECRETION AND ACTION",ARRB1
KEGG_2026,"PARATHYROID HORMONE SYNTHESIS, SECRETION AND ACTION",ARRB2
KEGG_2026,"PARATHYROID HORMONE SYNTHESIS, SECRETION AND ACTION",PTH1R
KEGG_2026,"PARATHYROID HORMONE SYNTHESIS, SECRETION AND ACTION",AKAP13
KEGG_2026,"PARATHYROID HORMONE SYNTHESIS, SECRETION AND ACTION",CREB3L3
KEGG_2026,"PARATHYROID HORMONE SYNTHESIS, SECRETION AND ACTION",CREB3L4
KEGG_2026,"PARATHYROID HORMONE SYNTHESIS, SECRETION AND ACTION",PRKACG
KEGG_2026,"PARATHYROID HORMONE SYNTHESIS, SECRETION AND ACTION",CREB3L1
KEGG_2026,"PARATHYROID HORMONE SYNTHESIS, SECRETION AND ACTION",CREB3L2
KEGG_2026,"PARATHYROID HORMONE SYNTHESIS, SECRETION AND ACTION",PDE4B
KEGG_2026,"PARATHYROID HORMONE SYNTHESIS, SECRETION AND ACTION",PDE4A
KEGG_2026,"PARATHYROID HORMONE SYNTHESIS, SECRETION AND ACTION",PRKACB
KEGG_2026,"PARATHYROID HORMONE SYNTHESIS, SECRETION AND ACTION",PRKCG
KEGG_2026,"PARATHYROID HORMONE SYNTHESIS, SECRETION AND ACTION",MAP2K1
KEGG_2026,"PARATHYROID HORMONE SYNTHESIS, SECRETION AND ACTION",CASR
KEGG_2026,"PARATHYROID HORMONE SYNTHESIS, SECRETION AND ACTION",PRKCB
KEGG_2026,"PARATHYROID HORMONE SYNTHESIS, SECRETION AND ACTION",PRKCA
KEGG_2026,"PARATHYROID HORMONE SYNTHESIS, SECRETION AND ACTION",FOS
KEGG_2026,"PARATHYROID HORMONE SYNTHESIS, SECRETION AND ACTION",RHOA
KEGG_2026,"PARATHYROID HORMONE SYNTHESIS, SECRETION AND ACTION",PLCB3
KEGG_2026,"PARATHYROID HORMONE SYNTHESIS, SECRETION AND ACTION",ADCY9
KEGG_2026,"PARATHYROID HORMONE SYNTHESIS, SECRETION AND ACTION",CREB1
KEGG_2026,"PARATHYROID HORMONE SYNTHESIS, SECRETION AND ACTION",PLCB4
KEGG_2026,"PARATHYROID HORMONE SYNTHESIS, SECRETION AND ACTION",ARHGEF1
KEGG_2026,"PARATHYROID HORMONE SYNTHESIS, SECRETION AND ACTION",PLCB1
KEGG_2026,"PARATHYROID HORMONE SYNTHESIS, SECRETION AND ACTION",PLCB2
KEGG_2026,"PARATHYROID HORMONE SYNTHESIS, SECRETION AND ACTION",ATF4
KEGG_2026,"PARATHYROID HORMONE SYNTHESIS, SECRETION AND ACTION",CREB5
KEGG_2026,"PARATHYROID HORMONE SYNTHESIS, SECRETION AND ACTION",GCM2
KEGG_2026,"PARATHYROID HORMONE SYNTHESIS, SECRETION AND ACTION",ATF6B
KEGG_2026,"PARATHYROID HORMONE SYNTHESIS, SECRETION AND ACTION",LRP5
KEGG_2026,"PARATHYROID HORMONE SYNTHESIS, SECRETION AND ACTION",GNAI3
KEGG_2026,"PARATHYROID HORMONE SYNTHESIS, SECRETION AND ACTION",ADCY4
KEGG_2026,"PARATHYROID HORMONE SYNTHESIS, SECRETION AND ACTION",ADCY2
KEGG_2026,"PARATHYROID HORMONE SYNTHESIS, SECRETION AND ACTION",ADCY1
KEGG_2026,"PARATHYROID HORMONE SYNTHESIS, SECRETION AND ACTION",ADCY8
KEGG_2026,"PARATHYROID HORMONE SYNTHESIS, SECRETION AND ACTION",ADCY7
KEGG_2026,"PARATHYROID HORMONE SYNTHESIS, SECRETION AND ACTION",EGFR
KEGG_2026,"PARATHYROID HORMONE SYNTHESIS, SECRETION AND ACTION",ADCY6
KEGG_2026,"PARATHYROID HORMONE SYNTHESIS, SECRETION AND ACTION",GNAI1
KEGG_2026,"PARATHYROID HORMONE SYNTHESIS, SECRETION AND ACTION",GNAI2
KEGG_2026,"PARATHYROID HORMONE SYNTHESIS, SECRETION AND ACTION",ADCY5
KEGG_2026,"PARATHYROID HORMONE SYNTHESIS, SECRETION AND ACTION",GNA13
KEGG_2026,"PARATHYROID HORMONE SYNTHESIS, SECRETION AND ACTION",GNA11
KEGG_2026,"PARATHYROID HORMONE SYNTHESIS, SECRETION AND ACTION",GNA12
KEGG_2026,"PARATHYROID HORMONE SYNTHESIS, SECRETION AND ACTION",MAPK1
KEGG_2026,"PARATHYROID HORMONE SYNTHESIS, SECRETION AND ACTION",RXRG
KEGG_2026,"PARATHYROID HORMONE SYNTHESIS, SECRETION AND ACTION",MEF2D
KEGG_2026,"PARATHYROID HORMONE SYNTHESIS, SECRETION AND ACTION",MAPK3
KEGG_2026,"PARATHYROID HORMONE SYNTHESIS, SECRETION AND ACTION",SLC12A3
KEGG_2026,"PARATHYROID HORMONE SYNTHESIS, SECRETION AND ACTION",JUND
KEGG_2026,"PARATHYROID HORMONE SYNTHESIS, SECRETION AND ACTION",BRAF
KEGG_2026,"PARATHYROID HORMONE SYNTHESIS, SECRETION AND ACTION",MAFB
KEGG_2026,"PARATHYROID HORMONE SYNTHESIS, SECRETION AND ACTION",GNAQ
KEGG_2026,"PARATHYROID HORMONE SYNTHESIS, SECRETION AND ACTION",GNAS
KEGG_2026,"PARATHYROID HORMONE SYNTHESIS, SECRETION AND ACTION",BCL2
KEGG_2026,"PARATHYROID HORMONE SYNTHESIS, SECRETION AND ACTION",FGFR1
KEGG_2026,NEUROACTIVE LIGAND SIGNALING,GABRB1
KEGG_2026,NEUROACTIVE LIGAND SIGNALING,CHRM1
KEGG_2026,NEUROACTIVE LIGAND SIGNALING,HTR2B
KEGG_2026,NEUROACTIVE LIGAND SIGNALING,HTR2C
KEGG_2026,NEUROACTIVE LIGAND SIGNALING,ADRA1D
KEGG_2026,NEUROACTIVE LIGAND SIGNALING,SLC6A1
KEGG_2026,NEUROACTIVE LIGAND SIGNALING,ADRA1B
KEGG_2026,NEUROACTIVE LIGAND SIGNALING,ADRA1A
KEGG_2026,NEUROACTIVE LIGAND SIGNALING,GRM1
KEGG_2026,NEUROACTIVE LIGAND SIGNALING,MC4R
KEGG_2026,NEUROACTIVE LIGAND SIGNALING,GNGT1
KEGG_2026,NEUROACTIVE LIGAND SIGNALING,GABRR2
KEGG_2026,NEUROACTIVE LIGAND SIGNALING,GABRR1
KEGG_2026,NEUROACTIVE LIGAND SIGNALING,GRM5
KEGG_2026,NEUROACTIVE LIGAND SIGNALING,GNGT2
KEGG_2026,NEUROACTIVE LIGAND SIGNALING,GRM6
KEGG_2026,NEUROACTIVE LIGAND SIGNALING,PRKACG
KEGG_2026,NEUROACTIVE LIGAND SIGNALING,PRKACB
KEGG_2026,NEUROACTIVE LIGAND SIGNALING,PRKCG
KEGG_2026,NEUROACTIVE LIGAND SIGNALING,PRKCB
KEGG_2026,NEUROACTIVE LIGAND SIGNALING,SLC6A13
KEGG_2026,NEUROACTIVE LIGAND SIGNALING,SLC6A11
KEGG_2026,NEUROACTIVE LIGAND SIGNALING,PRKCA
KEGG_2026,NEUROACTIVE LIGAND SIGNALING,OPRM1
KEGG_2026,NEUROACTIVE LIGAND SIGNALING,PDYN
KEGG_2026,NEUROACTIVE LIGAND SIGNALING,ADRA2B
KEGG_2026,NEUROACTIVE LIGAND SIGNALING,GABRG2
KEGG_2026,NEUROACTIVE LIGAND SIGNALING,ADRA2A
KEGG_2026,NEUROACTIVE LIGAND SIGNALING,SLC5A7
KEGG_2026,NEUROACTIVE LIGAND SIGNALING,PLCB3
KEGG_2026,NEUROACTIVE LIGAND SIGNALING,ADCY9
KEGG_2026,NEUROACTIVE LIGAND SIGNALING,PLCB4
KEGG_2026,NEUROACTIVE LIGAND SIGNALING,ADORA2A
KEGG_2026,NEUROACTIVE LIGAND SIGNALING,PLCB1
KEGG_2026,NEUROACTIVE LIGAND SIGNALING,PLCB2
KEGG_2026,NEUROACTIVE LIGAND SIGNALING,GRIA1
KEGG_2026,NEUROACTIVE LIGAND SIGNALING,SLC1A1
KEGG_2026,NEUROACTIVE LIGAND SIGNALING,GNAI3
KEGG_2026,NEUROACTIVE LIGAND SIGNALING,ADCY4
KEGG_2026,NEUROACTIVE LIGAND SIGNALING,SLC1A2
KEGG_2026,NEUROACTIVE LIGAND SIGNALING,SLC1A3
KEGG_2026,NEUROACTIVE LIGAND SIGNALING,ADCY2
KEGG_2026,NEUROACTIVE LIGAND SIGNALING,ADRB1
KEGG_2026,NEUROACTIVE LIGAND SIGNALING,ADCY1
KEGG_2026,NEUROACTIVE LIGAND SIGNALING,ADRB2
KEGG_2026,NEUROACTIVE LIGAND SIGNALING,ADCY8
KEGG_2026,NEUROACTIVE LIGAND SIGNALING,ADCY7
KEGG_2026,NEUROACTIVE LIGAND SIGNALING,ADCY6
KEGG_2026,NEUROACTIVE LIGAND SIGNALING,GNAI1
KEGG_2026,NEUROACTIVE LIGAND SIGNALING,GNAI2
KEGG_2026,NEUROACTIVE LIGAND SIGNALING,ADCY5
KEGG_2026,NEUROACTIVE LIGAND SIGNALING,GNG10
KEGG_2026,NEUROACTIVE LIGAND SIGNALING,GNG3
KEGG_2026,NEUROACTIVE LIGAND SIGNALING,GNG2
KEGG_2026,NEUROACTIVE LIGAND SIGNALING,GNG5
KEGG_2026,NEUROACTIVE LIGAND SIGNALING,DHX34
KEGG_2026,NEUROACTIVE LIGAND SIGNALING,HRH2
KEGG_2026,NEUROACTIVE LIGAND SIGNALING,GNG4
KEGG_2026,NEUROACTIVE LIGAND SIGNALING,GNG7
KEGG_2026,NEUROACTIVE LIGAND SIGNALING,GNA11
KEGG_2026,NEUROACTIVE LIGAND SIGNALING,GNG8
KEGG_2026,NEUROACTIVE LIGAND SIGNALING,SLC17A8
KEGG_2026,NEUROACTIVE LIGAND SIGNALING,DRD2
KEGG_2026,NEUROACTIVE LIGAND SIGNALING,TAC1
KEGG_2026,NEUROACTIVE LIGAND SIGNALING,GABRD
KEGG_2026,NEUROACTIVE LIGAND SIGNALING,DRD4
KEGG_2026,NEUROACTIVE LIGAND SIGNALING,P2RY12
KEGG_2026,NEUROACTIVE LIGAND SIGNALING,GABRA1
KEGG_2026,NEUROACTIVE LIGAND SIGNALING,GABBR1
KEGG_2026,NEUROACTIVE LIGAND SIGNALING,GABRA5
KEGG_2026,NEUROACTIVE LIGAND SIGNALING,GNG12
KEGG_2026,NEUROACTIVE LIGAND SIGNALING,GNG11
KEGG_2026,NEUROACTIVE LIGAND SIGNALING,GNG13
KEGG_2026,NEUROACTIVE LIGAND SIGNALING,GNAO1
KEGG_2026,NEUROACTIVE LIGAND SIGNALING,POMC
KEGG_2026,NEUROACTIVE LIGAND SIGNALING,GNAL
KEGG_2026,NEUROACTIVE LIGAND SIGNALING,P2RX4
KEGG_2026,NEUROACTIVE LIGAND SIGNALING,GNAQ
KEGG_2026,NEUROACTIVE LIGAND SIGNALING,GNB2
KEGG_2026,NEUROACTIVE LIGAND SIGNALING,PNOC
KEGG_2026,NEUROACTIVE LIGAND SIGNALING,GNB1
KEGG_2026,NEUROACTIVE LIGAND SIGNALING,GNB4
KEGG_2026,NEUROACTIVE LIGAND SIGNALING,GNAS
KEGG_2026,NEUROACTIVE LIGAND SIGNALING,GNB3
KEGG_2026,NEUROACTIVE LIGAND SIGNALING,GNB5
KEGG_2026,GNRH SIGNALING PATHWAY,CALML5
KEGG_2026,GNRH SIGNALING PATHWAY,CALML6
KEGG_2026,GNRH SIGNALING PATHWAY,CALML3
KEGG_2026,GNRH SIGNALING PATHWAY,CALML4
KEGG_2026,GNRH SIGNALING PATHWAY,PRKACG
KEGG_2026,GNRH SIGNALING PATHWAY,GNRHR
KEGG_2026,GNRH SIGNALING PATHWAY,HRAS
KEGG_2026,GNRH SIGNALING PATHWAY,PRKACB
KEGG_2026,GNRH SIGNALING PATHWAY,MAP2K1
KEGG_2026,GNRH SIGNALING PATHWAY,MAP2K2
KEGG_2026,GNRH SIGNALING PATHWAY,PRKCB
KEGG_2026,GNRH SIGNALING PATHWAY,KCNH8
KEGG_2026,GNRH SIGNALING PATHWAY,PRKCA
KEGG_2026,GNRH SIGNALING PATHWAY,PLCB3
KEGG_2026,GNRH SIGNALING PATHWAY,PLCB4
KEGG_2026,GNRH SIGNALING PATHWAY,ADCY9
KEGG_2026,GNRH SIGNALING PATHWAY,SOS1
KEGG_2026,GNRH SIGNALING PATHWAY,PLCB1
KEGG_2026,GNRH SIGNALING PATHWAY,SOS2
KEGG_2026,GNRH SIGNALING PATHWAY,PLCB2
KEGG_2026,GNRH SIGNALING PATHWAY,ATF4
KEGG_2026,GNRH SIGNALING PATHWAY,CAMK2B
KEGG_2026,GNRH SIGNALING PATHWAY,CAMK2D
KEGG_2026,GNRH SIGNALING PATHWAY,SRC
KEGG_2026,GNRH SIGNALING PATHWAY,CAMK2A
KEGG_2026,GNRH SIGNALING PATHWAY,ADCY4
KEGG_2026,GNRH SIGNALING PATHWAY,ADCY2
KEGG_2026,GNRH SIGNALING PATHWAY,ADCY1
KEGG_2026,GNRH SIGNALING PATHWAY,CACNA1F
KEGG_2026,GNRH SIGNALING PATHWAY,ADCY8
KEGG_2026,GNRH SIGNALING PATHWAY,ADCY7
KEGG_2026,GNRH SIGNALING PATHWAY,EGFR
KEGG_2026,GNRH SIGNALING PATHWAY,ADCY6
KEGG_2026,GNRH SIGNALING PATHWAY,ADCY5
KEGG_2026,GNRH SIGNALING PATHWAY,CDC42
KEGG_2026,GNRH SIGNALING PATHWAY,MAPK9
KEGG_2026,GNRH SIGNALING PATHWAY,MAPK8
KEGG_2026,GNRH SIGNALING PATHWAY,NRAS
KEGG_2026,GNRH SIGNALING PATHWAY,GNA11
KEGG_2026,GNRH SIGNALING PATHWAY,MAPK1
KEGG_2026,GNRH SIGNALING PATHWAY,CAMK2G
KEGG_2026,GNRH SIGNALING PATHWAY,MAPK3
KEGG_2026,GNRH SIGNALING PATHWAY,JUN
KEGG_2026,GNRH SIGNALING PATHWAY,MAP3K1
KEGG_2026,GNRH SIGNALING PATHWAY,GNAQ
KEGG_2026,GNRH SIGNALING PATHWAY,GNAS
KEGG_2026,GNRH SIGNALING PATHWAY,CALM3
KEGG_2026,GNRH SIGNALING PATHWAY,GRB2
KEGG_2026,GNRH SIGNALING PATHWAY,CALM1
KEGG_2026,GNRH SIGNALING PATHWAY,CALM2
KEGG_2026,INSULIN RESISTANCE,PYGB
KEGG_2026,INSULIN RESISTANCE,GSK3B
KEGG_2026,INSULIN RESISTANCE,SLC27A1
KEGG_2026,INSULIN RESISTANCE,CRTC2
KEGG_2026,INSULIN RESISTANCE,PTEN
KEGG_2026,INSULIN RESISTANCE,SLC2A1
KEGG_2026,INSULIN RESISTANCE,SLC2A2
KEGG_2026,INSULIN RESISTANCE,PYGM
KEGG_2026,INSULIN RESISTANCE,PYGL
KEGG_2026,INSULIN RESISTANCE,SLC2A4
KEGG_2026,INSULIN RESISTANCE,PIK3CB
KEGG_2026,INSULIN RESISTANCE,TNF
KEGG_2026,INSULIN RESISTANCE,PPP1CB
KEGG_2026,INSULIN RESISTANCE,GYS2
KEGG_2026,INSULIN RESISTANCE,PPP1CC
KEGG_2026,INSULIN RESISTANCE,GYS1
KEGG_2026,INSULIN RESISTANCE,CREB3L3
KEGG_2026,INSULIN RESISTANCE,CREB3L4
KEGG_2026,INSULIN RESISTANCE,AKT2
KEGG_2026,INSULIN RESISTANCE,CREB3L1
KEGG_2026,INSULIN RESISTANCE,AKT3
KEGG_2026,INSULIN RESISTANCE,CREB3L2
KEGG_2026,INSULIN RESISTANCE,AKT1
KEGG_2026,INSULIN RESISTANCE,CD36
KEGG_2026,INSULIN RESISTANCE,SREBF1
KEGG_2026,INSULIN RESISTANCE,PRKCB
KEGG_2026,INSULIN RESISTANCE,TNFRSF1A
KEGG_2026,INSULIN RESISTANCE,CREB1
KEGG_2026,INSULIN RESISTANCE,PIK3CA
KEGG_2026,INSULIN RESISTANCE,SLC27A6
KEGG_2026,INSULIN RESISTANCE,SLC27A3
KEGG_2026,INSULIN RESISTANCE,AGXT
KEGG_2026,INSULIN RESISTANCE,SLC27A2
KEGG_2026,INSULIN RESISTANCE,SLC27A5
KEGG_2026,INSULIN RESISTANCE,SLC27A4
KEGG_2026,INSULIN RESISTANCE,CREB5
KEGG_2026,INSULIN RESISTANCE,PIK3R3
KEGG_2026,INSULIN RESISTANCE,PIK3R2
KEGG_2026,INSULIN RESISTANCE,PIK3R1
KEGG_2026,INSULIN RESISTANCE,PRKCZ
KEGG_2026,INSULIN RESISTANCE,RELA
KEGG_2026,INSULIN RESISTANCE,INS
KEGG_2026,INSULIN RESISTANCE,SOCS3
KEGG_2026,INSULIN RESISTANCE,MAPK9
KEGG_2026,INSULIN RESISTANCE,MAPK8
KEGG_2026,INSULIN RESISTANCE,PPARGC1A
KEGG_2026,INSULIN RESISTANCE,PCK2
KEGG_2026,INSULIN RESISTANCE,GFPT2
KEGG_2026,INSULIN RESISTANCE,GFPT1
KEGG_2026,INSULIN RESISTANCE,STAT3
KEGG_2026,INSULIN RESISTANCE,PPP1CA
KEGG_2026,INSULIN RESISTANCE,NFKBIA
KEGG_2026,INSULIN RESISTANCE,G6PC2
KEGG_2026,INSULIN RESISTANCE,IL6
KEGG_2026,INSULIN RESISTANCE,G6PC3
KEGG_2026,INSULIN RESISTANCE,OGT
KEGG_2026,VASCULAR SMOOTH MUSCLE CONTRACTION,GUCY1B1
KEGG_2026,VASCULAR SMOOTH MUSCLE CONTRACTION,CALML5
KEGG_2026,VASCULAR SMOOTH MUSCLE CONTRACTION,CALML6
KEGG_2026,VASCULAR SMOOTH MUSCLE CONTRACTION,ARAF
KEGG_2026,VASCULAR SMOOTH MUSCLE CONTRACTION,CALML3
KEGG_2026,VASCULAR SMOOTH MUSCLE CONTRACTION,ADRA1D
KEGG_2026,VASCULAR SMOOTH MUSCLE CONTRACTION,CALML4
KEGG_2026,VASCULAR SMOOTH MUSCLE CONTRACTION,ADRA1B
KEGG_2026,VASCULAR SMOOTH MUSCLE CONTRACTION,ADRA1A
KEGG_2026,VASCULAR SMOOTH MUSCLE CONTRACTION,PPP1CB
KEGG_2026,VASCULAR SMOOTH MUSCLE CONTRACTION,PPP1CC
KEGG_2026,VASCULAR SMOOTH MUSCLE CONTRACTION,NPPC
KEGG_2026,VASCULAR SMOOTH MUSCLE CONTRACTION,PRKACG
KEGG_2026,VASCULAR SMOOTH MUSCLE CONTRACTION,NPPA
KEGG_2026,VASCULAR SMOOTH MUSCLE CONTRACTION,PRKACB
KEGG_2026,VASCULAR SMOOTH MUSCLE CONTRACTION,PRKG1
KEGG_2026,VASCULAR SMOOTH MUSCLE CONTRACTION,PRKCG
KEGG_2026,VASCULAR SMOOTH MUSCLE CONTRACTION,GUCY1A2
KEGG_2026,VASCULAR SMOOTH MUSCLE CONTRACTION,MAP2K1
KEGG_2026,VASCULAR SMOOTH MUSCLE CONTRACTION,GUCY1A1
KEGG_2026,VASCULAR SMOOTH MUSCLE CONTRACTION,MAP2K2
KEGG_2026,VASCULAR SMOOTH MUSCLE CONTRACTION,PPP1R12A
KEGG_2026,VASCULAR SMOOTH MUSCLE CONTRACTION,AVPR1B
KEGG_2026,VASCULAR SMOOTH MUSCLE CONTRACTION,PRKCB
KEGG_2026,VASCULAR SMOOTH MUSCLE CONTRACTION,PRKCA
KEGG_2026,VASCULAR SMOOTH MUSCLE CONTRACTION,AVPR1A
KEGG_2026,VASCULAR SMOOTH MUSCLE CONTRACTION,RHOA
KEGG_2026,VASCULAR SMOOTH MUSCLE CONTRACTION,PLCB3
KEGG_2026,VASCULAR SMOOTH MUSCLE CONTRACTION,ADCY9
KEGG_2026,VASCULAR SMOOTH MUSCLE CONTRACTION,PLCB4
KEGG_2026,VASCULAR SMOOTH MUSCLE CONTRACTION,ADORA2A
KEGG_2026,VASCULAR SMOOTH MUSCLE CONTRACTION,KCNMA1
KEGG_2026,VASCULAR SMOOTH MUSCLE CONTRACTION,AGTR1
KEGG_2026,VASCULAR SMOOTH MUSCLE CONTRACTION,MYH9
KEGG_2026,VASCULAR SMOOTH MUSCLE CONTRACTION,ARHGEF1
KEGG_2026,VASCULAR SMOOTH MUSCLE CONTRACTION,PLCB1
KEGG_2026,VASCULAR SMOOTH MUSCLE CONTRACTION,AGXT
KEGG_2026,VASCULAR SMOOTH MUSCLE CONTRACTION,MYL9
KEGG_2026,VASCULAR SMOOTH MUSCLE CONTRACTION,PLCB2
KEGG_2026,VASCULAR SMOOTH MUSCLE CONTRACTION,ROCK1
KEGG_2026,VASCULAR SMOOTH MUSCLE CONTRACTION,NPR1
KEGG_2026,VASCULAR SMOOTH MUSCLE CONTRACTION,ROCK2
KEGG_2026,VASCULAR SMOOTH MUSCLE CONTRACTION,ADCY4
KEGG_2026,VASCULAR SMOOTH MUSCLE CONTRACTION,ADCY2
KEGG_2026,VASCULAR SMOOTH MUSCLE CONTRACTION,ADCY1
KEGG_2026,VASCULAR SMOOTH MUSCLE CONTRACTION,CACNA1F
KEGG_2026,VASCULAR SMOOTH MUSCLE CONTRACTION,PLA2G6
KEGG_2026,VASCULAR SMOOTH MUSCLE CONTRACTION,ADCY8
KEGG_2026,VASCULAR SMOOTH MUSCLE CONTRACTION,ADCY7
KEGG_2026,VASCULAR SMOOTH MUSCLE CONTRACTION,ADCY6
KEGG_2026,VASCULAR SMOOTH MUSCLE CONTRACTION,ADCY5
KEGG_2026,VASCULAR SMOOTH MUSCLE CONTRACTION,GNA13
KEGG_2026,VASCULAR SMOOTH MUSCLE CONTRACTION,GNA11
KEGG_2026,VASCULAR SMOOTH MUSCLE CONTRACTION,GNA12
KEGG_2026,VASCULAR SMOOTH MUSCLE CONTRACTION,NLRP3
KEGG_2026,VASCULAR SMOOTH MUSCLE CONTRACTION,MAPK1
KEGG_2026,VASCULAR SMOOTH MUSCLE CONTRACTION,MAPK3
KEGG_2026,VASCULAR SMOOTH MUSCLE CONTRACTION,BRAF
KEGG_2026,VASCULAR SMOOTH MUSCLE CONTRACTION,PPP1CA
KEGG_2026,VASCULAR SMOOTH MUSCLE CONTRACTION,GNAQ
KEGG_2026,VASCULAR SMOOTH MUSCLE CONTRACTION,GNAS
KEGG_2026,VASCULAR SMOOTH MUSCLE CONTRACTION,CALM3
KEGG_2026,VASCULAR SMOOTH MUSCLE CONTRACTION,CALM1
KEGG_2026,VASCULAR SMOOTH MUSCLE CONTRACTION,CALM2
KEGG_2026,PROTEOGLYCANS IN CANCER,ITGB1
KEGG_2026,PROTEOGLYCANS IN CANCER,ITGB5
KEGG_2026,PROTEOGLYCANS IN CANCER,ARAF
KEGG_2026,PROTEOGLYCANS IN CANCER,PIK3CB
KEGG_2026,PROTEOGLYCANS IN CANCER,TNF
KEGG_2026,PROTEOGLYCANS IN CANCER,PPP1CB
KEGG_2026,PROTEOGLYCANS IN CANCER,PPP1CC
KEGG_2026,PROTEOGLYCANS IN CANCER,SHH
KEGG_2026,PROTEOGLYCANS IN CANCER,AKT2
KEGG_2026,PROTEOGLYCANS IN CANCER,PRKACG
KEGG_2026,PROTEOGLYCANS IN CANCER,MYC
KEGG_2026,PROTEOGLYCANS IN CANCER,CASP3
KEGG_2026,PROTEOGLYCANS IN CANCER,AKT3
KEGG_2026,PROTEOGLYCANS IN CANCER,AKT1
KEGG_2026,PROTEOGLYCANS IN CANCER,PLCE1
KEGG_2026,PROTEOGLYCANS IN CANCER,TIMP3
KEGG_2026,PROTEOGLYCANS IN CANCER,PRKACB
KEGG_2026,PROTEOGLYCANS IN CANCER,HRAS
KEGG_2026,PROTEOGLYCANS IN CANCER,PRKCG
KEGG_2026,PROTEOGLYCANS IN CANCER,MAP2K1
KEGG_2026,PROTEOGLYCANS IN CANCER,MAP2K2
KEGG_2026,PROTEOGLYCANS IN CANCER,PPP1R12A
KEGG_2026,PROTEOGLYCANS IN CANCER,WNT5B
KEGG_2026,PROTEOGLYCANS IN CANCER,PRKCB
KEGG_2026,PROTEOGLYCANS IN CANCER,KCNH8
KEGG_2026,PROTEOGLYCANS IN CANCER,WNT5A
KEGG_2026,PROTEOGLYCANS IN CANCER,PRKCA
KEGG_2026,PROTEOGLYCANS IN CANCER,ANK3
KEGG_2026,PROTEOGLYCANS IN CANCER,HSPG2
KEGG_2026,PROTEOGLYCANS IN CANCER,RHOA
KEGG_2026,PROTEOGLYCANS IN CANCER,SLTM
KEGG_2026,PROTEOGLYCANS IN CANCER,PIK3CA
KEGG_2026,PROTEOGLYCANS IN CANCER,PXDN
KEGG_2026,PROTEOGLYCANS IN CANCER,ARHGEF1
KEGG_2026,PROTEOGLYCANS IN CANCER,SOS1
KEGG_2026,PROTEOGLYCANS IN CANCER,TP53
KEGG_2026,PROTEOGLYCANS IN CANCER,TLR4
KEGG_2026,PROTEOGLYCANS IN CANCER,SOS2
KEGG_2026,PROTEOGLYCANS IN CANCER,TLR2
KEGG_2026,PROTEOGLYCANS IN CANCER,CAMK2B
KEGG_2026,PROTEOGLYCANS IN CANCER,DDX5
KEGG_2026,PROTEOGLYCANS IN CANCER,CAMK2D
KEGG_2026,PROTEOGLYCANS IN CANCER,ROCK1
KEGG_2026,PROTEOGLYCANS IN CANCER,SRC
KEGG_2026,PROTEOGLYCANS IN CANCER,ROCK2
KEGG_2026,PROTEOGLYCANS IN CANCER,CAMK2A
KEGG_2026,PROTEOGLYCANS IN CANCER,PIK3R3
KEGG_2026,PROTEOGLYCANS IN CANCER,PIK3R2
KEGG_2026,PROTEOGLYCANS IN CANCER,IQGAP1
KEGG_2026,PROTEOGLYCANS IN CANCER,PIK3R1
KEGG_2026,PROTEOGLYCANS IN CANCER,HIF1A
KEGG_2026,PROTEOGLYCANS IN CANCER,THBS1
KEGG_2026,PROTEOGLYCANS IN CANCER,EGFR
KEGG_2026,PROTEOGLYCANS IN CANCER,SLC9A1
KEGG_2026,PROTEOGLYCANS IN CANCER,CDC42
KEGG_2026,PROTEOGLYCANS IN CANCER,VTN
KEGG_2026,PROTEOGLYCANS IN CANCER,NRAS
KEGG_2026,PROTEOGLYCANS IN CANCER,WNT11
KEGG_2026,PROTEOGLYCANS IN CANCER,ERBB2
KEGG_2026,PROTEOGLYCANS IN CANCER,PLCG2
KEGG_2026,PROTEOGLYCANS IN CANCER,FLNA
KEGG_2026,PROTEOGLYCANS IN CANCER,MAPK1
KEGG_2026,PROTEOGLYCANS IN CANCER,PLCG1
KEGG_2026,PROTEOGLYCANS IN CANCER,CAMK2G
KEGG_2026,PROTEOGLYCANS IN CANCER,EIF4B
KEGG_2026,PROTEOGLYCANS IN CANCER,MAPK3
KEGG_2026,PROTEOGLYCANS IN CANCER,FZD2
KEGG_2026,PROTEOGLYCANS IN CANCER,TGFB1
KEGG_2026,PROTEOGLYCANS IN CANCER,FZD5
KEGG_2026,PROTEOGLYCANS IN CANCER,FZD4
KEGG_2026,PROTEOGLYCANS IN CANCER,CAV1
KEGG_2026,PROTEOGLYCANS IN CANCER,PTCH1
KEGG_2026,PROTEOGLYCANS IN CANCER,FZD6
KEGG_2026,PROTEOGLYCANS IN CANCER,STAT3
KEGG_2026,PROTEOGLYCANS IN CANCER,FN1
KEGG_2026,PROTEOGLYCANS IN CANCER,MSN
KEGG_2026,PROTEOGLYCANS IN CANCER,BRAF
KEGG_2026,PROTEOGLYCANS IN CANCER,PPP1CA
KEGG_2026,PROTEOGLYCANS IN CANCER,TFAP4
KEGG_2026,PROTEOGLYCANS IN CANCER,FASN
KEGG_2026,PROTEOGLYCANS IN CANCER,MDM2
KEGG_2026,PROTEOGLYCANS IN CANCER,SDC1
KEGG_2026,PROTEOGLYCANS IN CANCER,CTNNB1
KEGG_2026,PROTEOGLYCANS IN CANCER,GRB2
KEGG_2026,PROTEOGLYCANS IN CANCER,FGFR1
KEGG_2026,GASTRIC ACID SECRETION,CAMK2B
KEGG_2026,GASTRIC ACID SECRETION,CAMK2D
KEGG_2026,GASTRIC ACID SECRETION,CALML5
KEGG_2026,GASTRIC ACID SECRETION,CALML6
KEGG_2026,GASTRIC ACID SECRETION,CAMK2A
KEGG_2026,GASTRIC ACID SECRETION,GNAI3
KEGG_2026,GASTRIC ACID SECRETION,ADCY4
KEGG_2026,GASTRIC ACID SECRETION,ATP1A4
KEGG_2026,GASTRIC ACID SECRETION,CALML3
KEGG_2026,GASTRIC ACID SECRETION,ADCY2
KEGG_2026,GASTRIC ACID SECRETION,CALML4
KEGG_2026,GASTRIC ACID SECRETION,ADCY1
KEGG_2026,GASTRIC ACID SECRETION,ADCY8
KEGG_2026,GASTRIC ACID SECRETION,ADCY7
KEGG_2026,GASTRIC ACID SECRETION,GNAI1
KEGG_2026,GASTRIC ACID SECRETION,ADCY6
KEGG_2026,GASTRIC ACID SECRETION,SLC9A1
KEGG_2026,GASTRIC ACID SECRETION,GNAI2
KEGG_2026,GASTRIC ACID SECRETION,ADCY5
KEGG_2026,GASTRIC ACID SECRETION,CA2
KEGG_2026,GASTRIC ACID SECRETION,HRH2
KEGG_2026,GASTRIC ACID SECRETION,PRKACG
KEGG_2026,GASTRIC ACID SECRETION,PRKACB
KEGG_2026,GASTRIC ACID SECRETION,CAMK2G
KEGG_2026,GASTRIC ACID SECRETION,PRKCG
KEGG_2026,GASTRIC ACID SECRETION,KCNJ10
KEGG_2026,GASTRIC ACID SECRETION,PRKCB
KEGG_2026,GASTRIC ACID SECRETION,PRKCA
KEGG_2026,GASTRIC ACID SECRETION,SSTR2
KEGG_2026,GASTRIC ACID SECRETION,ATP4A
KEGG_2026,GASTRIC ACID SECRETION,SLC9A4
KEGG_2026,GASTRIC ACID SECRETION,PLCB3
KEGG_2026,GASTRIC ACID SECRETION,PLCB4
KEGG_2026,GASTRIC ACID SECRETION,ADCY9
KEGG_2026,GASTRIC ACID SECRETION,GNAQ
KEGG_2026,GASTRIC ACID SECRETION,GNAS
KEGG_2026,GASTRIC ACID SECRETION,CALM3
KEGG_2026,GASTRIC ACID SECRETION,PLCB1
KEGG_2026,GASTRIC ACID SECRETION,CALM1
KEGG_2026,GASTRIC ACID SECRETION,PLCB2
KEGG_2026,GASTRIC ACID SECRETION,KCNK2
KEGG_2026,GASTRIC ACID SECRETION,CALM2
KEGG_2026,GASTRIC ACID SECRETION,CFTR
KEGG_2026,CUSHING SYNDROME,SCARB1
KEGG_2026,CUSHING SYNDROME,GSK3B
KEGG_2026,CUSHING SYNDROME,ASH2L
KEGG_2026,CUSHING SYNDROME,AHR
KEGG_2026,CUSHING SYNDROME,CREB3L3
KEGG_2026,CUSHING SYNDROME,CREB3L4
KEGG_2026,CUSHING SYNDROME,PRKACG
KEGG_2026,CUSHING SYNDROME,CREB3L1
KEGG_2026,CUSHING SYNDROME,CREB3L2
KEGG_2026,CUSHING SYNDROME,WDR5
KEGG_2026,CUSHING SYNDROME,PRKACB
KEGG_2026,CUSHING SYNDROME,MEN1
KEGG_2026,CUSHING SYNDROME,MAP2K1
KEGG_2026,CUSHING SYNDROME,MAP2K2
KEGG_2026,CUSHING SYNDROME,WNT5B
KEGG_2026,CUSHING SYNDROME,WNT5A
KEGG_2026,CUSHING SYNDROME,PRKCA
KEGG_2026,CUSHING SYNDROME,PLCB3
KEGG_2026,CUSHING SYNDROME,ADCY9
KEGG_2026,CUSHING SYNDROME,CREB1
KEGG_2026,CUSHING SYNDROME,PLCB4
KEGG_2026,CUSHING SYNDROME,AGTR1
KEGG_2026,CUSHING SYNDROME,CRH
KEGG_2026,CUSHING SYNDROME,AIPL1
KEGG_2026,CUSHING SYNDROME,PLCB1
KEGG_2026,CUSHING SYNDROME,AGXT
KEGG_2026,CUSHING SYNDROME,PLCB2
KEGG_2026,CUSHING SYNDROME,ATF4
KEGG_2026,CUSHING SYNDROME,CREB5
KEGG_2026,CUSHING SYNDROME,CAMK2B
KEGG_2026,CUSHING SYNDROME,KMT2D
KEGG_2026,CUSHING SYNDROME,CAMK2D
KEGG_2026,CUSHING SYNDROME,KMT2A
KEGG_2026,CUSHING SYNDROME,ATF6B
KEGG_2026,CUSHING SYNDROME,CAMK2A
KEGG_2026,CUSHING SYNDROME,GNAI3
KEGG_2026,CUSHING SYNDROME,ADCY4
KEGG_2026,CUSHING SYNDROME,ADCY2
KEGG_2026,CUSHING SYNDROME,ADCY1
KEGG_2026,CUSHING SYNDROME,CACNA1F
KEGG_2026,CUSHING SYNDROME,ADCY8
KEGG_2026,CUSHING SYNDROME,ADCY7
KEGG_2026,CUSHING SYNDROME,CRHR1
KEGG_2026,CUSHING SYNDROME,EGFR
KEGG_2026,CUSHING SYNDROME,ADCY6
KEGG_2026,CUSHING SYNDROME,GNAI1
KEGG_2026,CUSHING SYNDROME,GNAI2
KEGG_2026,CUSHING SYNDROME,ADCY5
KEGG_2026,CUSHING SYNDROME,MC2R
KEGG_2026,CUSHING SYNDROME,PDE11A
KEGG_2026,CUSHING SYNDROME,WNT11
KEGG_2026,CUSHING SYNDROME,CYP11A1
KEGG_2026,CUSHING SYNDROME,RBBP5
KEGG_2026,CUSHING SYNDROME,GNA11
KEGG_2026,CUSHING SYNDROME,DVL1
KEGG_2026,CUSHING SYNDROME,DVL2
KEGG_2026,CUSHING SYNDROME,MAPK1
KEGG_2026,CUSHING SYNDROME,CAMK2G
KEGG_2026,CUSHING SYNDROME,MAPK3
KEGG_2026,CUSHING SYNDROME,FZD2
KEGG_2026,CUSHING SYNDROME,FZD5
KEGG_2026,CUSHING SYNDROME,FZD4
KEGG_2026,CUSHING SYNDROME,CDKN2A
KEGG_2026,CUSHING SYNDROME,FZD6
KEGG_2026,CUSHING SYNDROME,BRAF
KEGG_2026,CUSHING SYNDROME,POMC
KEGG_2026,CUSHING SYNDROME,GNAQ
KEGG_2026,CUSHING SYNDROME,GNAS
KEGG_2026,CUSHING SYNDROME,CTNNB1
KEGG_2026,CUSHING SYNDROME,KCNK2
KEGG_2026,RIBOSOME,RPL5
KEGG_2026,RIBOSOME,MRPS15
KEGG_2026,RIBOSOME,MRPS16
KEGG_2026,RIBOSOME,MRPS14
KEGG_2026,RIBOSOME,RPLP1
KEGG_2026,RIBOSOME,MRPS11
KEGG_2026,RIBOSOME,MRPL38
KEGG_2026,RIBOSOME,MRPS10
KEGG_2026,RIBOSOME,MRPL36
KEGG_2026,RIBOSOME,MRPL34
KEGG_2026,RIBOSOME,RPL6
KEGG_2026,RIBOSOME,MRPL32
KEGG_2026,RIBOSOME,RPL7
KEGG_2026,RIBOSOME,MRPL33
KEGG_2026,RIBOSOME,MRPL4
KEGG_2026,RIBOSOME,MRPL41
KEGG_2026,RIBOSOME,RPS14
KEGG_2026,RIBOSOME,MRPL3
KEGG_2026,RIBOSOME,RPL7A
KEGG_2026,RIBOSOME,MRPL40
KEGG_2026,RIBOSOME,RPL36AL
KEGG_2026,RIBOSOME,RPS18
KEGG_2026,RIBOSOME,RACK1
KEGG_2026,RIBOSOME,RPS11
KEGG_2026,RIBOSOME,RPS10
KEGG_2026,RIBOSOME,RPS13
KEGG_2026,RIBOSOME,RPS12
KEGG_2026,RIBOSOME,RPS9
KEGG_2026,RIBOSOME,MRPS25
KEGG_2026,RIBOSOME,RPL23
KEGG_2026,RIBOSOME,MRPL49
KEGG_2026,RIBOSOME,MRPS18A
KEGG_2026,RIBOSOME,MRPS2
KEGG_2026,RIBOSOME,MRPS21
KEGG_2026,RIBOSOME,MRPL47
KEGG_2026,RIBOSOME,MRPL45
KEGG_2026,RIBOSOME,MRPL46
KEGG_2026,RIBOSOME,MRPS6
KEGG_2026,RIBOSOME,MRPL43
KEGG_2026,RIBOSOME,MRPS5
KEGG_2026,RIBOSOME,MRPS18C
KEGG_2026,RIBOSOME,MRPL44
KEGG_2026,RIBOSOME,MRPL53
KEGG_2026,RIBOSOME,MRPS9
KEGG_2026,RIBOSOME,MRPL50
KEGG_2026,RIBOSOME,MRPL51
KEGG_2026,RIBOSOME,RPL27
KEGG_2026,RIBOSOME,UBA52
KEGG_2026,RIBOSOME,MRPS35
KEGG_2026,RIBOSOME,MRPL19
KEGG_2026,RIBOSOME,MRPS34
KEGG_2026,RIBOSOME,RPL11
KEGG_2026,RIBOSOME,MRPL16
KEGG_2026,RIBOSOME,MRPL17
KEGG_2026,RIBOSOME,RPS27L
KEGG_2026,RIBOSOME,MRPL15
KEGG_2026,RIBOSOME,MRPL13
KEGG_2026,RIBOSOME,MRPL10
KEGG_2026,RIBOSOME,MRPL54
KEGG_2026,RIBOSOME,MRPL11
KEGG_2026,RIBOSOME,RPS3
KEGG_2026,RIBOSOME,RPS2
KEGG_2026,RIBOSOME,RPS27A
KEGG_2026,RIBOSOME,RPL19
KEGG_2026,RIBOSOME,MRPL23
KEGG_2026,RIBOSOME,MRPL21
KEGG_2026,RIBOSOME,MRPL30
KEGG_2026,RIBOSOME,RPS25
KEGG_2026,RIBOSOME,RPS20
KEGG_2026,RIBOSOME,RPL22L1
KEGG_2026,RIBOSOME,RPS21
KEGG_2026,RIBOSOME,RPS23
KEGG_2026,PYRIMIDINE METABOLISM,HDDC2
KEGG_2026,PYRIMIDINE METABOLISM,CANT1
KEGG_2026,PYRIMIDINE METABOLISM,NUDT2
KEGG_2026,PYRIMIDINE METABOLISM,NT5C2
KEGG_2026,PYRIMIDINE METABOLISM,TYMS
KEGG_2026,PYRIMIDINE METABOLISM,AK9
KEGG_2026,PYRIMIDINE METABOLISM,NT5C
KEGG_2026,PYRIMIDINE METABOLISM,NME1-NME2
KEGG_2026,PYRIMIDINE METABOLISM,NT5E
KEGG_2026,PYRIMIDINE METABOLISM,ENPP1
KEGG_2026,PYRIMIDINE METABOLISM,NT5M
KEGG_2026,PYRIMIDINE METABOLISM,TK1
KEGG_2026,PYRIMIDINE METABOLISM,ENPP3
KEGG_2026,PYRIMIDINE METABOLISM,ENTPD1
KEGG_2026,PYRIMIDINE METABOLISM,ENTPD3
KEGG_2026,PYRIMIDINE METABOLISM,ENTPD4
KEGG_2026,PYRIMIDINE METABOLISM,ENTPD5
KEGG_2026,PYRIMIDINE METABOLISM,ENTPD6
KEGG_2026,PYRIMIDINE METABOLISM,NME2
KEGG_2026,PYRIMIDINE METABOLISM,ENTPD8
KEGG_2026,PYRIMIDINE METABOLISM,NME3
KEGG_2026,PYRIMIDINE METABOLISM,CTPS2
KEGG_2026,PYRIMIDINE METABOLISM,NME4
KEGG_2026,PYRIMIDINE METABOLISM,CTPS1
KEGG_2026,PYRIMIDINE METABOLISM,DCK
KEGG_2026,PYRIMIDINE METABOLISM,NME1
KEGG_2026,PYRIMIDINE METABOLISM,DHODH
KEGG_2026,PYRIMIDINE METABOLISM,NT5C3A
KEGG_2026,PYRIMIDINE METABOLISM,NT5C3B
KEGG_2026,PYRIMIDINE METABOLISM,NME6
KEGG_2026,PYRIMIDINE METABOLISM,SCO2
KEGG_2026,PYRIMIDINE METABOLISM,NME7
KEGG_2026,PYRIMIDINE METABOLISM,NT5C1A
KEGG_2026,PYRIMIDINE METABOLISM,DPYD
KEGG_2026,PYRIMIDINE METABOLISM,NT5C1B-RDH14
KEGG_2026,PYRIMIDINE METABOLISM,UMPS
KEGG_2026,THERMOGENESIS,NDUFA13
KEGG_2026,THERMOGENESIS,NDUFA12
KEGG_2026,THERMOGENESIS,COX4I1
KEGG_2026,THERMOGENESIS,NDUFA10
KEGG_2026,THERMOGENESIS,COX6A1
KEGG_2026,THERMOGENESIS,CREB3L3
KEGG_2026,THERMOGENESIS,CREB3L4
KEGG_2026,THERMOGENESIS,PRKACG
KEGG_2026,THERMOGENESIS,CREB3L1
KEGG_2026,THERMOGENESIS,CREB3L2
KEGG_2026,THERMOGENESIS,NPPA
KEGG_2026,THERMOGENESIS,UQCRFS1
KEGG_2026,THERMOGENESIS,PRKG2
KEGG_2026,THERMOGENESIS,PRKACB
KEGG_2026,THERMOGENESIS,HRAS
KEGG_2026,THERMOGENESIS,PRKG1
KEGG_2026,THERMOGENESIS,COA6
KEGG_2026,THERMOGENESIS,MAP3K5
KEGG_2026,THERMOGENESIS,COX8A
KEGG_2026,THERMOGENESIS,SMARCC2
KEGG_2026,THERMOGENESIS,PRKCA
KEGG_2026,THERMOGENESIS,SDHC
KEGG_2026,THERMOGENESIS,TSC1
KEGG_2026,THERMOGENESIS,ACSL3
KEGG_2026,THERMOGENESIS,SDHD
KEGG_2026,THERMOGENESIS,SDHA
KEGG_2026,THERMOGENESIS,SDHB
KEGG_2026,THERMOGENESIS,ADCY9
KEGG_2026,THERMOGENESIS,CREB1
KEGG_2026,THERMOGENESIS,NDUFS8
KEGG_2026,THERMOGENESIS,ADRB3
KEGG_2026,THERMOGENESIS,NDUFS7
KEGG_2026,THERMOGENESIS,UQCRC1
KEGG_2026,THERMOGENESIS,NDUFS3
KEGG_2026,THERMOGENESIS,NDUFS2
KEGG_2026,THERMOGENESIS,PPARG
KEGG_2026,THERMOGENESIS,NDUFS1
KEGG_2026,THERMOGENESIS,UQCRC2
KEGG_2026,THERMOGENESIS,SOS1
KEGG_2026,THERMOGENESIS,SOS2
KEGG_2026,THERMOGENESIS,CREB5
KEGG_2026,THERMOGENESIS,COX19
KEGG_2026,THERMOGENESIS,NDUFB9
KEGG_2026,THERMOGENESIS,NDUFB8
KEGG_2026,THERMOGENESIS,NDUFB7
KEGG_2026,THERMOGENESIS,NPR1
KEGG_2026,THERMOGENESIS,COX15
KEGG_2026,THERMOGENESIS,COX18
KEGG_2026,THERMOGENESIS,NDUFB4
KEGG_2026,THERMOGENESIS,COX17
KEGG_2026,THERMOGENESIS,NDUFB3
KEGG_2026,THERMOGENESIS,ADCY4
KEGG_2026,THERMOGENESIS,ADCY2
KEGG_2026,THERMOGENESIS,ADCY1
KEGG_2026,THERMOGENESIS,UQCR10
KEGG_2026,THERMOGENESIS,PTGS2
KEGG_2026,THERMOGENESIS,COX5B
KEGG_2026,THERMOGENESIS,ADCY8
KEGG_2026,THERMOGENESIS,ADCY7
KEGG_2026,THERMOGENESIS,COX5A
KEGG_2026,THERMOGENESIS,ADCY6
KEGG_2026,THERMOGENESIS,ADCY5
KEGG_2026,THERMOGENESIS,ATP5MC1
KEGG_2026,THERMOGENESIS,ATP5F1A
KEGG_2026,THERMOGENESIS,NRAS
KEGG_2026,THERMOGENESIS,ATP5F1B
KEGG_2026,THERMOGENESIS,COX11
KEGG_2026,THERMOGENESIS,NDUFV2
KEGG_2026,THERMOGENESIS,PPARGC1A
KEGG_2026,THERMOGENESIS,ATP5MG
KEGG_2026,THERMOGENESIS,NDUFV1
KEGG_2026,THERMOGENESIS,COX10
KEGG_2026,THERMOGENESIS,COA4
KEGG_2026,THERMOGENESIS,NDUFA9
KEGG_2026,THERMOGENESIS,ATP5PF
KEGG_2026,THERMOGENESIS,NDUFA8
KEGG_2026,THERMOGENESIS,ATP5PD
KEGG_2026,THERMOGENESIS,NDUFA5
KEGG_2026,THERMOGENESIS,ATP5PB
KEGG_2026,THERMOGENESIS,NDUFA3
KEGG_2026,THERMOGENESIS,NDUFA2
KEGG_2026,THERMOGENESIS,ATP5F1C
KEGG_2026,THERMOGENESIS,ATP5F1D
KEGG_2026,THERMOGENESIS,ADCY10
KEGG_2026,THERMOGENESIS,NDUFAF6
KEGG_2026,THERMOGENESIS,UQCRQ
KEGG_2026,THERMOGENESIS,RHEB
KEGG_2026,THERMOGENESIS,NDUFAF5
KEGG_2026,THERMOGENESIS,NDUFAB1
KEGG_2026,THERMOGENESIS,ATP5PO
KEGG_2026,THERMOGENESIS,GNAS
KEGG_2026,THERMOGENESIS,GRB2
KEGG_2026,THERMOGENESIS,FGFR1
KEGG_2026,UBIQUITIN MEDIATED PROTEOLYSIS,UBE2D2
KEGG_2026,UBIQUITIN MEDIATED PROTEOLYSIS,UBE2D3
KEGG_2026,UBIQUITIN MEDIATED PROTEOLYSIS,UBE2D1
KEGG_2026,UBIQUITIN MEDIATED PROTEOLYSIS,KEAP1
KEGG_2026,UBIQUITIN MEDIATED PROTEOLYSIS,BRCA1
KEGG_2026,UBIQUITIN MEDIATED PROTEOLYSIS,PRPF19
KEGG_2026,UBIQUITIN MEDIATED PROTEOLYSIS,CDC20
KEGG_2026,UBIQUITIN MEDIATED PROTEOLYSIS,CDC23
KEGG_2026,UBIQUITIN MEDIATED PROTEOLYSIS,CDC26
KEGG_2026,UBIQUITIN MEDIATED PROTEOLYSIS,CDC27
KEGG_2026,UBIQUITIN MEDIATED PROTEOLYSIS,SKP1
KEGG_2026,UBIQUITIN MEDIATED PROTEOLYSIS,PIAS4
KEGG_2026,UBIQUITIN MEDIATED PROTEOLYSIS,PIAS3
KEGG_2026,UBIQUITIN MEDIATED PROTEOLYSIS,ANAPC7
KEGG_2026,UBIQUITIN MEDIATED PROTEOLYSIS,UBE2E3
KEGG_2026,UBIQUITIN MEDIATED PROTEOLYSIS,UBE2E1
KEGG_2026,UBIQUITIN MEDIATED PROTEOLYSIS,PIAS2
KEGG_2026,UBIQUITIN MEDIATED PROTEOLYSIS,PIAS1
KEGG_2026,UBIQUITIN MEDIATED PROTEOLYSIS,RBX1
KEGG_2026,UBIQUITIN MEDIATED PROTEOLYSIS,DDB1
KEGG_2026,UBIQUITIN MEDIATED PROTEOLYSIS,ANAPC4
KEGG_2026,UBIQUITIN MEDIATED PROTEOLYSIS,ANAPC5
KEGG_2026,UBIQUITIN MEDIATED PROTEOLYSIS,UBA52
KEGG_2026,UBIQUITIN MEDIATED PROTEOLYSIS,ANAPC1
KEGG_2026,UBIQUITIN MEDIATED PROTEOLYSIS,ANAPC2
KEGG_2026,UBIQUITIN MEDIATED PROTEOLYSIS,BIRC3
KEGG_2026,UBIQUITIN MEDIATED PROTEOLYSIS,PRKN
KEGG_2026,UBIQUITIN MEDIATED PROTEOLYSIS,ANAPC13
KEGG_2026,UBIQUITIN MEDIATED PROTEOLYSIS,CUL7
KEGG_2026,UBIQUITIN MEDIATED PROTEOLYSIS,ANAPC15
KEGG_2026,UBIQUITIN MEDIATED PROTEOLYSIS,ANAPC16
KEGG_2026,UBIQUITIN MEDIATED PROTEOLYSIS,UBA6
KEGG_2026,UBIQUITIN MEDIATED PROTEOLYSIS,AIRE
KEGG_2026,UBIQUITIN MEDIATED PROTEOLYSIS,CUL3
KEGG_2026,UBIQUITIN MEDIATED PROTEOLYSIS,NEDD4L
KEGG_2026,UBIQUITIN MEDIATED PROTEOLYSIS,KLHL13
KEGG_2026,UBIQUITIN MEDIATED PROTEOLYSIS,RCHY1
KEGG_2026,UBIQUITIN MEDIATED PROTEOLYSIS,ANAPC10
KEGG_2026,UBIQUITIN MEDIATED PROTEOLYSIS,ANAPC11
KEGG_2026,UBIQUITIN MEDIATED PROTEOLYSIS,SOCS3
KEGG_2026,UBIQUITIN MEDIATED PROTEOLYSIS,FZR1
KEGG_2026,UBIQUITIN MEDIATED PROTEOLYSIS,SOCS1
KEGG_2026,UBIQUITIN MEDIATED PROTEOLYSIS,UBB
KEGG_2026,UBIQUITIN MEDIATED PROTEOLYSIS,UBR5
KEGG_2026,UBIQUITIN MEDIATED PROTEOLYSIS,UBC
KEGG_2026,UBIQUITIN MEDIATED PROTEOLYSIS,RPS27A
KEGG_2026,UBIQUITIN MEDIATED PROTEOLYSIS,UBE2I
KEGG_2026,UBIQUITIN MEDIATED PROTEOLYSIS,MAP3K1
KEGG_2026,UBIQUITIN MEDIATED PROTEOLYSIS,PPIL2
KEGG_2026,UBIQUITIN MEDIATED PROTEOLYSIS,UBE2C
KEGG_2026,UBIQUITIN MEDIATED PROTEOLYSIS,SMURF1
KEGG_2026,UBIQUITIN MEDIATED PROTEOLYSIS,MMAB
KEGG_2026,UBIQUITIN MEDIATED PROTEOLYSIS,HUWE1
KEGG_2026,UBIQUITIN MEDIATED PROTEOLYSIS,WWP2
KEGG_2026,UBIQUITIN MEDIATED PROTEOLYSIS,PML
KEGG_2026,UBIQUITIN MEDIATED PROTEOLYSIS,KLHL9
KEGG_2026,UBIQUITIN MEDIATED PROTEOLYSIS,UBE2S
KEGG_2026,UBIQUITIN MEDIATED PROTEOLYSIS,NEDD4
KEGG_2026,UBIQUITIN MEDIATED PROTEOLYSIS,CDC16
KEGG_2026,UBIQUITIN MEDIATED PROTEOLYSIS,MDM2
KEGG_2026,UBIQUITIN MEDIATED PROTEOLYSIS,UBA2
KEGG_2026,UBIQUITIN MEDIATED PROTEOLYSIS,UBA1
KEGG_2026,UBIQUITIN MEDIATED PROTEOLYSIS,STUB1
KEGG_2026,UBIQUITIN MEDIATED PROTEOLYSIS,TRIP12
KEGG_2026,UBIQUITIN MEDIATED PROTEOLYSIS,SAE1
KEGG_2026,UBIQUITIN MEDIATED PROTEOLYSIS,TRIM32
KEGG_2026,GLUTAMATERGIC SYNAPSE,GRM1
KEGG_2026,GLUTAMATERGIC SYNAPSE,GNGT1
KEGG_2026,GLUTAMATERGIC SYNAPSE,PPP3CB
KEGG_2026,GLUTAMATERGIC SYNAPSE,GRM5
KEGG_2026,GLUTAMATERGIC SYNAPSE,GNGT2
KEGG_2026,GLUTAMATERGIC SYNAPSE,GRM6
KEGG_2026,GLUTAMATERGIC SYNAPSE,PRKACG
KEGG_2026,GLUTAMATERGIC SYNAPSE,GLUL
KEGG_2026,GLUTAMATERGIC SYNAPSE,PRKACB
KEGG_2026,GLUTAMATERGIC SYNAPSE,PRKCG
KEGG_2026,GLUTAMATERGIC SYNAPSE,PRKCB
KEGG_2026,GLUTAMATERGIC SYNAPSE,PRKCA
KEGG_2026,GLUTAMATERGIC SYNAPSE,PLCB3
KEGG_2026,GLUTAMATERGIC SYNAPSE,ADCY9
KEGG_2026,GLUTAMATERGIC SYNAPSE,PLCB4
KEGG_2026,GLUTAMATERGIC SYNAPSE,PLCB1
KEGG_2026,GLUTAMATERGIC SYNAPSE,PLCB2
KEGG_2026,GLUTAMATERGIC SYNAPSE,GRIA1
KEGG_2026,GLUTAMATERGIC SYNAPSE,SLC1A1
KEGG_2026,GLUTAMATERGIC SYNAPSE,SLC1A2
KEGG_2026,GLUTAMATERGIC SYNAPSE,GNAI3
KEGG_2026,GLUTAMATERGIC SYNAPSE,ADCY4
KEGG_2026,GLUTAMATERGIC SYNAPSE,SLC1A3
KEGG_2026,GLUTAMATERGIC SYNAPSE,ADCY2
KEGG_2026,GLUTAMATERGIC SYNAPSE,ADCY1
KEGG_2026,GLUTAMATERGIC SYNAPSE,ADCY8
KEGG_2026,GLUTAMATERGIC SYNAPSE,ADCY7
KEGG_2026,GLUTAMATERGIC SYNAPSE,ADCY6
KEGG_2026,GLUTAMATERGIC SYNAPSE,GNAI1
KEGG_2026,GLUTAMATERGIC SYNAPSE,GNAI2
KEGG_2026,GLUTAMATERGIC SYNAPSE,ADCY5
KEGG_2026,GLUTAMATERGIC SYNAPSE,GNG10
KEGG_2026,GLUTAMATERGIC SYNAPSE,GRK3
KEGG_2026,GLUTAMATERGIC SYNAPSE,GNG3
KEGG_2026,GLUTAMATERGIC SYNAPSE,GRK2
KEGG_2026,GLUTAMATERGIC SYNAPSE,GNG2
KEGG_2026,GLUTAMATERGIC SYNAPSE,GNG5
KEGG_2026,GLUTAMATERGIC SYNAPSE,GNG4
KEGG_2026,GLUTAMATERGIC SYNAPSE,GNG7
KEGG_2026,GLUTAMATERGIC SYNAPSE,GNG8
KEGG_2026,GLUTAMATERGIC SYNAPSE,MAPK1
KEGG_2026,GLUTAMATERGIC SYNAPSE,NCDN
KEGG_2026,GLUTAMATERGIC SYNAPSE,SLC17A8
KEGG_2026,GLUTAMATERGIC SYNAPSE,MAPK3
KEGG_2026,GLUTAMATERGIC SYNAPSE,KCNJ3
KEGG_2026,GLUTAMATERGIC SYNAPSE,GNG12
KEGG_2026,GLUTAMATERGIC SYNAPSE,GNG11
KEGG_2026,GLUTAMATERGIC SYNAPSE,GNG13
KEGG_2026,GLUTAMATERGIC SYNAPSE,GNAO1
KEGG_2026,GLUTAMATERGIC SYNAPSE,GNAQ
KEGG_2026,GLUTAMATERGIC SYNAPSE,GNB2
KEGG_2026,GLUTAMATERGIC SYNAPSE,GNB1
KEGG_2026,GLUTAMATERGIC SYNAPSE,GNB4
KEGG_2026,GLUTAMATERGIC SYNAPSE,GNAS
KEGG_2026,GLUTAMATERGIC SYNAPSE,GNB3
KEGG_2026,GLUTAMATERGIC SYNAPSE,GNB5
KEGG_2026,INSULIN SECRETION,CAMK2B
KEGG_2026,INSULIN SECRETION,SNAP25
KEGG_2026,INSULIN SECRETION,RYR2
KEGG_2026,INSULIN SECRETION,CAMK2D
KEGG_2026,INSULIN SECRETION,ATF6B
KEGG_2026,INSULIN SECRETION,GPR119
KEGG_2026,INSULIN SECRETION,CAMK2A
KEGG_2026,INSULIN SECRETION,SLC2A1
KEGG_2026,INSULIN SECRETION,ADCY4
KEGG_2026,INSULIN SECRETION,ATP1A4
KEGG_2026,INSULIN SECRETION,SLC2A2
KEGG_2026,INSULIN SECRETION,ADCY2
KEGG_2026,INSULIN SECRETION,ADCY1
KEGG_2026,INSULIN SECRETION,CACNA1F
KEGG_2026,INSULIN SECRETION,ADCY8
KEGG_2026,INSULIN SECRETION,ADCY7
KEGG_2026,INSULIN SECRETION,ADCY6
KEGG_2026,INSULIN SECRETION,INS
KEGG_2026,INSULIN SECRETION,ADCY5
KEGG_2026,INSULIN SECRETION,PCLO
KEGG_2026,INSULIN SECRETION,CREB3L3
KEGG_2026,INSULIN SECRETION,CREB3L4
KEGG_2026,INSULIN SECRETION,PRKACG
KEGG_2026,INSULIN SECRETION,CREB3L1
KEGG_2026,INSULIN SECRETION,GNA11
KEGG_2026,INSULIN SECRETION,CREB3L2
KEGG_2026,INSULIN SECRETION,PRKACB
KEGG_2026,INSULIN SECRETION,CAMK2G
KEGG_2026,INSULIN SECRETION,PRKCG
KEGG_2026,INSULIN SECRETION,PDHX
KEGG_2026,INSULIN SECRETION,PRKCB
KEGG_2026,INSULIN SECRETION,PRKCA
KEGG_2026,INSULIN SECRETION,PLCB3
KEGG_2026,INSULIN SECRETION,CREB1
KEGG_2026,INSULIN SECRETION,PLCB4
KEGG_2026,INSULIN SECRETION,ADCY9
KEGG_2026,INSULIN SECRETION,GNAQ
KEGG_2026,INSULIN SECRETION,KCNMA1
KEGG_2026,INSULIN SECRETION,GNAS
KEGG_2026,INSULIN SECRETION,PLCB1
KEGG_2026,INSULIN SECRETION,PLCB2
KEGG_2026,INSULIN SECRETION,STX1A
KEGG_2026,INSULIN SECRETION,CREB5
KEGG_2026,INSULIN SECRETION,ATF4
KEGG_2026,INSULIN SECRETION,RAPGEF4
KEGG_2026,VASOPRESSIN-REGULATED WATER REABSORPTION,DYNC1I2
KEGG_2026,VASOPRESSIN-REGULATED WATER REABSORPTION,DCTN2
KEGG_2026,VASOPRESSIN-REGULATED WATER REABSORPTION,DCTN1
KEGG_2026,VASOPRESSIN-REGULATED WATER REABSORPTION,DCTN4
KEGG_2026,VASOPRESSIN-REGULATED WATER REABSORPTION,ADCY8
KEGG_2026,VASOPRESSIN-REGULATED WATER REABSORPTION,ADCY6
KEGG_2026,VASOPRESSIN-REGULATED WATER REABSORPTION,DYNC2LI1
KEGG_2026,VASOPRESSIN-REGULATED WATER REABSORPTION,CREB3L3
KEGG_2026,VASOPRESSIN-REGULATED WATER REABSORPTION,CREB3L4
KEGG_2026,VASOPRESSIN-REGULATED WATER REABSORPTION,PRKACG
KEGG_2026,VASOPRESSIN-REGULATED WATER REABSORPTION,CREB3L1
KEGG_2026,VASOPRESSIN-REGULATED WATER REABSORPTION,ARHGDIA
KEGG_2026,VASOPRESSIN-REGULATED WATER REABSORPTION,CREB3L2
KEGG_2026,VASOPRESSIN-REGULATED WATER REABSORPTION,NLRP3
KEGG_2026,VASOPRESSIN-REGULATED WATER REABSORPTION,PRKACB
KEGG_2026,VASOPRESSIN-REGULATED WATER REABSORPTION,DYNC1I1
KEGG_2026,VASOPRESSIN-REGULATED WATER REABSORPTION,DYNC2H1
KEGG_2026,VASOPRESSIN-REGULATED WATER REABSORPTION,DYNC1H1
KEGG_2026,VASOPRESSIN-REGULATED WATER REABSORPTION,AVPR2
KEGG_2026,VASOPRESSIN-REGULATED WATER REABSORPTION,PRKCA
KEGG_2026,VASOPRESSIN-REGULATED WATER REABSORPTION,DYNLL1
KEGG_2026,VASOPRESSIN-REGULATED WATER REABSORPTION,DYNLL2
KEGG_2026,VASOPRESSIN-REGULATED WATER REABSORPTION,RAB11A
KEGG_2026,VASOPRESSIN-REGULATED WATER REABSORPTION,DYNC1LI1
KEGG_2026,VASOPRESSIN-REGULATED WATER REABSORPTION,DYNC1LI2
KEGG_2026,VASOPRESSIN-REGULATED WATER REABSORPTION,CREB1
KEGG_2026,VASOPRESSIN-REGULATED WATER REABSORPTION,ADCY9
KEGG_2026,VASOPRESSIN-REGULATED WATER REABSORPTION,GNAS
KEGG_2026,VASOPRESSIN-REGULATED WATER REABSORPTION,RAB5A
KEGG_2026,VASOPRESSIN-REGULATED WATER REABSORPTION,CREB5
KEGG_2026,HUMAN IMMUNODEFICIENCY VIRUS 1 INFECTION,CALML5
KEGG_2026,HUMAN IMMUNODEFICIENCY VIRUS 1 INFECTION,CALML6
KEGG_2026,HUMAN IMMUNODEFICIENCY VIRUS 1 INFECTION,CGAS
KEGG_2026,HUMAN IMMUNODEFICIENCY VIRUS 1 INFECTION,CALML3
KEGG_2026,HUMAN IMMUNODEFICIENCY VIRUS 1 INFECTION,CALML4
KEGG_2026,HUMAN IMMUNODEFICIENCY VIRUS 1 INFECTION,PIK3CB
KEGG_2026,HUMAN IMMUNODEFICIENCY VIRUS 1 INFECTION,TNF
KEGG_2026,HUMAN IMMUNODEFICIENCY VIRUS 1 INFECTION,GNGT1
KEGG_2026,HUMAN IMMUNODEFICIENCY VIRUS 1 INFECTION,PPP3CB
KEGG_2026,HUMAN IMMUNODEFICIENCY VIRUS 1 INFECTION,TBK1
KEGG_2026,HUMAN IMMUNODEFICIENCY VIRUS 1 INFECTION,GNGT2
KEGG_2026,HUMAN IMMUNODEFICIENCY VIRUS 1 INFECTION,AP1G1
KEGG_2026,HUMAN IMMUNODEFICIENCY VIRUS 1 INFECTION,AKT2
KEGG_2026,HUMAN IMMUNODEFICIENCY VIRUS 1 INFECTION,CASP3
KEGG_2026,HUMAN IMMUNODEFICIENCY VIRUS 1 INFECTION,AKT3
KEGG_2026,HUMAN IMMUNODEFICIENCY VIRUS 1 INFECTION,RAC2
KEGG_2026,HUMAN IMMUNODEFICIENCY VIRUS 1 INFECTION,AKT1
KEGG_2026,HUMAN IMMUNODEFICIENCY VIRUS 1 INFECTION,CCR5
KEGG_2026,HUMAN IMMUNODEFICIENCY VIRUS 1 INFECTION,HRAS
KEGG_2026,HUMAN IMMUNODEFICIENCY VIRUS 1 INFECTION,SKP1
KEGG_2026,HUMAN IMMUNODEFICIENCY VIRUS 1 INFECTION,PRKCG
KEGG_2026,HUMAN IMMUNODEFICIENCY VIRUS 1 INFECTION,MAP2K1
KEGG_2026,HUMAN IMMUNODEFICIENCY VIRUS 1 INFECTION,MAP2K2
KEGG_2026,HUMAN IMMUNODEFICIENCY VIRUS 1 INFECTION,PRKCB
KEGG_2026,HUMAN IMMUNODEFICIENCY VIRUS 1 INFECTION,NCOA3
KEGG_2026,HUMAN IMMUNODEFICIENCY VIRUS 1 INFECTION,HLA-B
KEGG_2026,HUMAN IMMUNODEFICIENCY VIRUS 1 INFECTION,PRKCA
KEGG_2026,HUMAN IMMUNODEFICIENCY VIRUS 1 INFECTION,HLA-A
KEGG_2026,HUMAN IMMUNODEFICIENCY VIRUS 1 INFECTION,FOS
KEGG_2026,HUMAN IMMUNODEFICIENCY VIRUS 1 INFECTION,RBX1
KEGG_2026,HUMAN IMMUNODEFICIENCY VIRUS 1 INFECTION,TNFRSF1A
KEGG_2026,HUMAN IMMUNODEFICIENCY VIRUS 1 INFECTION,TAPBP
KEGG_2026,HUMAN IMMUNODEFICIENCY VIRUS 1 INFECTION,DDB1
KEGG_2026,HUMAN IMMUNODEFICIENCY VIRUS 1 INFECTION,PIK3CA
KEGG_2026,HUMAN IMMUNODEFICIENCY VIRUS 1 INFECTION,PXDN
KEGG_2026,HUMAN IMMUNODEFICIENCY VIRUS 1 INFECTION,ARHGEF7
KEGG_2026,HUMAN IMMUNODEFICIENCY VIRUS 1 INFECTION,TLR4
KEGG_2026,HUMAN IMMUNODEFICIENCY VIRUS 1 INFECTION,TLR2
KEGG_2026,HUMAN IMMUNODEFICIENCY VIRUS 1 INFECTION,GNAI3
KEGG_2026,HUMAN IMMUNODEFICIENCY VIRUS 1 INFECTION,PIK3R3
KEGG_2026,HUMAN IMMUNODEFICIENCY VIRUS 1 INFECTION,CXCR4
KEGG_2026,HUMAN IMMUNODEFICIENCY VIRUS 1 INFECTION,PIK3R2
KEGG_2026,HUMAN IMMUNODEFICIENCY VIRUS 1 INFECTION,PIK3R1
KEGG_2026,HUMAN IMMUNODEFICIENCY VIRUS 1 INFECTION,GNAI1
KEGG_2026,HUMAN IMMUNODEFICIENCY VIRUS 1 INFECTION,RELA
KEGG_2026,HUMAN IMMUNODEFICIENCY VIRUS 1 INFECTION,GNAI2
KEGG_2026,HUMAN IMMUNODEFICIENCY VIRUS 1 INFECTION,CCNB3
KEGG_2026,HUMAN IMMUNODEFICIENCY VIRUS 1 INFECTION,MAPK9
KEGG_2026,HUMAN IMMUNODEFICIENCY VIRUS 1 INFECTION,GNG10
KEGG_2026,HUMAN IMMUNODEFICIENCY VIRUS 1 INFECTION,NRAS
KEGG_2026,HUMAN IMMUNODEFICIENCY VIRUS 1 INFECTION,MAPK8
KEGG_2026,HUMAN IMMUNODEFICIENCY VIRUS 1 INFECTION,GNG3
KEGG_2026,HUMAN IMMUNODEFICIENCY VIRUS 1 INFECTION,GNG2
KEGG_2026,HUMAN IMMUNODEFICIENCY VIRUS 1 INFECTION,IRAK1
KEGG_2026,HUMAN IMMUNODEFICIENCY VIRUS 1 INFECTION,GNG5
KEGG_2026,HUMAN IMMUNODEFICIENCY VIRUS 1 INFECTION,GNG4
KEGG_2026,HUMAN IMMUNODEFICIENCY VIRUS 1 INFECTION,GNG7
KEGG_2026,HUMAN IMMUNODEFICIENCY VIRUS 1 INFECTION,GNA11
KEGG_2026,HUMAN IMMUNODEFICIENCY VIRUS 1 INFECTION,PLCG2
KEGG_2026,HUMAN IMMUNODEFICIENCY VIRUS 1 INFECTION,GNG8
KEGG_2026,HUMAN IMMUNODEFICIENCY VIRUS 1 INFECTION,MAPK1
KEGG_2026,HUMAN IMMUNODEFICIENCY VIRUS 1 INFECTION,PLCG1
KEGG_2026,HUMAN IMMUNODEFICIENCY VIRUS 1 INFECTION,PAK4
KEGG_2026,HUMAN IMMUNODEFICIENCY VIRUS 1 INFECTION,MAPK3
KEGG_2026,HUMAN IMMUNODEFICIENCY VIRUS 1 INFECTION,JUN
KEGG_2026,HUMAN IMMUNODEFICIENCY VIRUS 1 INFECTION,APOBEC3H
KEGG_2026,HUMAN IMMUNODEFICIENCY VIRUS 1 INFECTION,GNG12
KEGG_2026,HUMAN IMMUNODEFICIENCY VIRUS 1 INFECTION,GNG11
KEGG_2026,HUMAN IMMUNODEFICIENCY VIRUS 1 INFECTION,GNG13
KEGG_2026,HUMAN IMMUNODEFICIENCY VIRUS 1 INFECTION,GNAO1
KEGG_2026,HUMAN IMMUNODEFICIENCY VIRUS 1 INFECTION,NFKBIA
KEGG_2026,HUMAN IMMUNODEFICIENCY VIRUS 1 INFECTION,CD4
KEGG_2026,HUMAN IMMUNODEFICIENCY VIRUS 1 INFECTION,FASN
KEGG_2026,HUMAN IMMUNODEFICIENCY VIRUS 1 INFECTION,GNAQ
KEGG_2026,HUMAN IMMUNODEFICIENCY VIRUS 1 INFECTION,GNB2
KEGG_2026,HUMAN IMMUNODEFICIENCY VIRUS 1 INFECTION,GNB1
KEGG_2026,HUMAN IMMUNODEFICIENCY VIRUS 1 INFECTION,GNB4
KEGG_2026,HUMAN IMMUNODEFICIENCY VIRUS 1 INFECTION,BCL2
KEGG_2026,HUMAN IMMUNODEFICIENCY VIRUS 1 INFECTION,CYCS
KEGG_2026,HUMAN IMMUNODEFICIENCY VIRUS 1 INFECTION,GNB3
KEGG_2026,HUMAN IMMUNODEFICIENCY VIRUS 1 INFECTION,BAX
KEGG_2026,HUMAN IMMUNODEFICIENCY VIRUS 1 INFECTION,CALM3
KEGG_2026,HUMAN IMMUNODEFICIENCY VIRUS 1 INFECTION,CALR
KEGG_2026,HUMAN IMMUNODEFICIENCY VIRUS 1 INFECTION,GNB5
KEGG_2026,HUMAN IMMUNODEFICIENCY VIRUS 1 INFECTION,CALM1
KEGG_2026,HUMAN IMMUNODEFICIENCY VIRUS 1 INFECTION,CALM2
KEGG_2026,HUMAN IMMUNODEFICIENCY VIRUS 1 INFECTION,MYD88
KEGG_2026,VIRAL CARCINOGENESIS,YWHAE
KEGG_2026,VIRAL CARCINOGENESIS,DDX3X
KEGG_2026,VIRAL CARCINOGENESIS,YWHAB
KEGG_2026,VIRAL CARCINOGENESIS,GTF2B
KEGG_2026,VIRAL CARCINOGENESIS,CHD4
KEGG_2026,VIRAL CARCINOGENESIS,PIK3CB
KEGG_2026,VIRAL CARCINOGENESIS,CDC20
KEGG_2026,VIRAL CARCINOGENESIS,CREB3L3
KEGG_2026,VIRAL CARCINOGENESIS,YWHAQ
KEGG_2026,VIRAL CARCINOGENESIS,CREB3L4
KEGG_2026,VIRAL CARCINOGENESIS,PRKACG
KEGG_2026,VIRAL CARCINOGENESIS,CREB3L1
KEGG_2026,VIRAL CARCINOGENESIS,H2BC21
KEGG_2026,VIRAL CARCINOGENESIS,CASP3
KEGG_2026,VIRAL CARCINOGENESIS,CREB3L2
KEGG_2026,VIRAL CARCINOGENESIS,EP300
KEGG_2026,VIRAL CARCINOGENESIS,CCR5
KEGG_2026,VIRAL CARCINOGENESIS,PRKACB
KEGG_2026,VIRAL CARCINOGENESIS,HRAS
KEGG_2026,VIRAL CARCINOGENESIS,YWHAG
KEGG_2026,VIRAL CARCINOGENESIS,CCR3
KEGG_2026,VIRAL CARCINOGENESIS,YWHAH
KEGG_2026,VIRAL CARCINOGENESIS,USP7
KEGG_2026,VIRAL CARCINOGENESIS,TBP
KEGG_2026,VIRAL CARCINOGENESIS,ACTN1
KEGG_2026,VIRAL CARCINOGENESIS,HLA-B
KEGG_2026,VIRAL CARCINOGENESIS,SCRIB
KEGG_2026,VIRAL CARCINOGENESIS,PRKCA
KEGG_2026,VIRAL CARCINOGENESIS,ACTN4
KEGG_2026,VIRAL CARCINOGENESIS,HLA-A
KEGG_2026,VIRAL CARCINOGENESIS,YWHAZ
KEGG_2026,VIRAL CARCINOGENESIS,SND1
KEGG_2026,VIRAL CARCINOGENESIS,RHOA
KEGG_2026,VIRAL CARCINOGENESIS,DDB1
KEGG_2026,VIRAL CARCINOGENESIS,KAT2B
KEGG_2026,VIRAL CARCINOGENESIS,KAT2A
KEGG_2026,VIRAL CARCINOGENESIS,PKM
KEGG_2026,VIRAL CARCINOGENESIS,CREB1
KEGG_2026,VIRAL CARCINOGENESIS,PIK3CA
KEGG_2026,VIRAL CARCINOGENESIS,TRAF3
KEGG_2026,VIRAL CARCINOGENESIS,PXDN
KEGG_2026,VIRAL CARCINOGENESIS,VDAC3
KEGG_2026,VIRAL CARCINOGENESIS,TP53
KEGG_2026,VIRAL CARCINOGENESIS,ATF4
KEGG_2026,VIRAL CARCINOGENESIS,CREB5
KEGG_2026,VIRAL CARCINOGENESIS,HDAC4
KEGG_2026,VIRAL CARCINOGENESIS,HDAC2
KEGG_2026,VIRAL CARCINOGENESIS,SP100
KEGG_2026,VIRAL CARCINOGENESIS,HDAC3
KEGG_2026,VIRAL CARCINOGENESIS,ATF6B
KEGG_2026,VIRAL CARCINOGENESIS,SRC
KEGG_2026,VIRAL CARCINOGENESIS,HDAC1
KEGG_2026,VIRAL CARCINOGENESIS,UBR4
KEGG_2026,VIRAL CARCINOGENESIS,PIK3R3
KEGG_2026,VIRAL CARCINOGENESIS,PIK3R2
KEGG_2026,VIRAL CARCINOGENESIS,PIK3R1
KEGG_2026,VIRAL CARCINOGENESIS,HDAC8
KEGG_2026,VIRAL CARCINOGENESIS,RELA
KEGG_2026,VIRAL CARCINOGENESIS,HDAC6
KEGG_2026,VIRAL CARCINOGENESIS,CDC42
KEGG_2026,VIRAL CARCINOGENESIS,NRAS
KEGG_2026,VIRAL CARCINOGENESIS,SCIN
KEGG_2026,VIRAL CARCINOGENESIS,MAPK1
KEGG_2026,VIRAL CARCINOGENESIS,MAPK3
KEGG_2026,VIRAL CARCINOGENESIS,RANBP1
KEGG_2026,VIRAL CARCINOGENESIS,CREBBP
KEGG_2026,VIRAL CARCINOGENESIS,JUN
KEGG_2026,VIRAL CARCINOGENESIS,GSN
KEGG_2026,VIRAL CARCINOGENESIS,CDKN2A
KEGG_2026,VIRAL CARCINOGENESIS,STAT3
KEGG_2026,VIRAL CARCINOGENESIS,NFKBIA
KEGG_2026,VIRAL CARCINOGENESIS,SNW1
KEGG_2026,VIRAL CARCINOGENESIS,HNRNPK
KEGG_2026,VIRAL CARCINOGENESIS,PSMC1
KEGG_2026,VIRAL CARCINOGENESIS,REL
KEGG_2026,VIRAL CARCINOGENESIS,MDM2
KEGG_2026,VIRAL CARCINOGENESIS,BAX
KEGG_2026,VIRAL CARCINOGENESIS,GRB2
KEGG_2026,VIRAL CARCINOGENESIS,LTBR
KEGG_2026,REGULATION OF LIPOLYSIS IN ADIPOCYTES,NPR1
KEGG_2026,REGULATION OF LIPOLYSIS IN ADIPOCYTES,PDE3B
KEGG_2026,REGULATION OF LIPOLYSIS IN ADIPOCYTES,GNAI3
KEGG_2026,REGULATION OF LIPOLYSIS IN ADIPOCYTES,ADCY4
KEGG_2026,REGULATION OF LIPOLYSIS IN ADIPOCYTES,PIK3R3
KEGG_2026,REGULATION OF LIPOLYSIS IN ADIPOCYTES,ADRB1
KEGG_2026,REGULATION OF LIPOLYSIS IN ADIPOCYTES,ADCY2
KEGG_2026,REGULATION OF LIPOLYSIS IN ADIPOCYTES,PIK3R2
KEGG_2026,REGULATION OF LIPOLYSIS IN ADIPOCYTES,PIK3CB
KEGG_2026,REGULATION OF LIPOLYSIS IN ADIPOCYTES,PIK3R1
KEGG_2026,REGULATION OF LIPOLYSIS IN ADIPOCYTES,ADCY1
KEGG_2026,REGULATION OF LIPOLYSIS IN ADIPOCYTES,ADRB2
KEGG_2026,REGULATION OF LIPOLYSIS IN ADIPOCYTES,PTGS2
KEGG_2026,REGULATION OF LIPOLYSIS IN ADIPOCYTES,ADCY8
KEGG_2026,REGULATION OF LIPOLYSIS IN ADIPOCYTES,ADCY7
KEGG_2026,REGULATION OF LIPOLYSIS IN ADIPOCYTES,GNAI1
KEGG_2026,REGULATION OF LIPOLYSIS IN ADIPOCYTES,ADCY6
KEGG_2026,REGULATION OF LIPOLYSIS IN ADIPOCYTES,INS
KEGG_2026,REGULATION OF LIPOLYSIS IN ADIPOCYTES,GNAI2
KEGG_2026,REGULATION OF LIPOLYSIS IN ADIPOCYTES,ADCY5
KEGG_2026,REGULATION OF LIPOLYSIS IN ADIPOCYTES,AKT2
KEGG_2026,REGULATION OF LIPOLYSIS IN ADIPOCYTES,PRKACG
KEGG_2026,REGULATION OF LIPOLYSIS IN ADIPOCYTES,NPY
KEGG_2026,REGULATION OF LIPOLYSIS IN ADIPOCYTES,NPPA
KEGG_2026,REGULATION OF LIPOLYSIS IN ADIPOCYTES,AKT3
KEGG_2026,REGULATION OF LIPOLYSIS IN ADIPOCYTES,PRKG2
KEGG_2026,REGULATION OF LIPOLYSIS IN ADIPOCYTES,AKT1
KEGG_2026,REGULATION OF LIPOLYSIS IN ADIPOCYTES,PRKACB
KEGG_2026,REGULATION OF LIPOLYSIS IN ADIPOCYTES,PRKG1
KEGG_2026,REGULATION OF LIPOLYSIS IN ADIPOCYTES,NPY1R
KEGG_2026,REGULATION OF LIPOLYSIS IN ADIPOCYTES,PRKCA
KEGG_2026,REGULATION OF LIPOLYSIS IN ADIPOCYTES,PLAAT2
KEGG_2026,REGULATION OF LIPOLYSIS IN ADIPOCYTES,ADCY9
KEGG_2026,REGULATION OF LIPOLYSIS IN ADIPOCYTES,PIK3CA
KEGG_2026,REGULATION OF LIPOLYSIS IN ADIPOCYTES,ADRB3
KEGG_2026,REGULATION OF LIPOLYSIS IN ADIPOCYTES,GNAS
KEGG_2026,PROGESTERONE-MEDIATED OOCYTE MATURATION,HSP90AB1
KEGG_2026,PROGESTERONE-MEDIATED OOCYTE MATURATION,PDE3B
KEGG_2026,PROGESTERONE-MEDIATED OOCYTE MATURATION,ARAF
KEGG_2026,PROGESTERONE-MEDIATED OOCYTE MATURATION,PIK3CB
KEGG_2026,PROGESTERONE-MEDIATED OOCYTE MATURATION,CDC23
KEGG_2026,PROGESTERONE-MEDIATED OOCYTE MATURATION,AKT2
KEGG_2026,PROGESTERONE-MEDIATED OOCYTE MATURATION,PRKACG
KEGG_2026,PROGESTERONE-MEDIATED OOCYTE MATURATION,CDC26
KEGG_2026,PROGESTERONE-MEDIATED OOCYTE MATURATION,AKT3
KEGG_2026,PROGESTERONE-MEDIATED OOCYTE MATURATION,CDC27
KEGG_2026,PROGESTERONE-MEDIATED OOCYTE MATURATION,AKT1
KEGG_2026,PROGESTERONE-MEDIATED OOCYTE MATURATION,PRKACB
KEGG_2026,PROGESTERONE-MEDIATED OOCYTE MATURATION,MAP2K1
KEGG_2026,PROGESTERONE-MEDIATED OOCYTE MATURATION,HSP90AA1
KEGG_2026,PROGESTERONE-MEDIATED OOCYTE MATURATION,ANAPC7
KEGG_2026,PROGESTERONE-MEDIATED OOCYTE MATURATION,PRKCA
KEGG_2026,PROGESTERONE-MEDIATED OOCYTE MATURATION,ADCY9
KEGG_2026,PROGESTERONE-MEDIATED OOCYTE MATURATION,PIK3CA
KEGG_2026,PROGESTERONE-MEDIATED OOCYTE MATURATION,ANAPC4
KEGG_2026,PROGESTERONE-MEDIATED OOCYTE MATURATION,PGR
KEGG_2026,PROGESTERONE-MEDIATED OOCYTE MATURATION,ANAPC5
KEGG_2026,PROGESTERONE-MEDIATED OOCYTE MATURATION,ANAPC1
KEGG_2026,PROGESTERONE-MEDIATED OOCYTE MATURATION,ANAPC2
KEGG_2026,PROGESTERONE-MEDIATED OOCYTE MATURATION,ANAPC13
KEGG_2026,PROGESTERONE-MEDIATED OOCYTE MATURATION,ANAPC15
KEGG_2026,PROGESTERONE-MEDIATED OOCYTE MATURATION,ANAPC16
KEGG_2026,PROGESTERONE-MEDIATED OOCYTE MATURATION,GNAI3
KEGG_2026,PROGESTERONE-MEDIATED OOCYTE MATURATION,ADCY4
KEGG_2026,PROGESTERONE-MEDIATED OOCYTE MATURATION,PIK3R3
KEGG_2026,PROGESTERONE-MEDIATED OOCYTE MATURATION,PIK3R2
KEGG_2026,PROGESTERONE-MEDIATED OOCYTE MATURATION,ADCY2
KEGG_2026,PROGESTERONE-MEDIATED OOCYTE MATURATION,PIK3R1
KEGG_2026,PROGESTERONE-MEDIATED OOCYTE MATURATION,ADCY1
KEGG_2026,PROGESTERONE-MEDIATED OOCYTE MATURATION,ADCY8
KEGG_2026,PROGESTERONE-MEDIATED OOCYTE MATURATION,ADCY7
KEGG_2026,PROGESTERONE-MEDIATED OOCYTE MATURATION,ANAPC10
KEGG_2026,PROGESTERONE-MEDIATED OOCYTE MATURATION,ADCY6
KEGG_2026,PROGESTERONE-MEDIATED OOCYTE MATURATION,GNAI1
KEGG_2026,PROGESTERONE-MEDIATED OOCYTE MATURATION,ANAPC11
KEGG_2026,PROGESTERONE-MEDIATED OOCYTE MATURATION,INS
KEGG_2026,PROGESTERONE-MEDIATED OOCYTE MATURATION,GNAI2
KEGG_2026,PROGESTERONE-MEDIATED OOCYTE MATURATION,ADCY5
KEGG_2026,PROGESTERONE-MEDIATED OOCYTE MATURATION,AURKA
KEGG_2026,PROGESTERONE-MEDIATED OOCYTE MATURATION,CCNB3
KEGG_2026,PROGESTERONE-MEDIATED OOCYTE MATURATION,MAPK9
KEGG_2026,PROGESTERONE-MEDIATED OOCYTE MATURATION,MAPK8
KEGG_2026,PROGESTERONE-MEDIATED OOCYTE MATURATION,FZR1
KEGG_2026,PROGESTERONE-MEDIATED OOCYTE MATURATION,NRAS
KEGG_2026,PROGESTERONE-MEDIATED OOCYTE MATURATION,MAPK1
KEGG_2026,PROGESTERONE-MEDIATED OOCYTE MATURATION,MAPK3
KEGG_2026,PROGESTERONE-MEDIATED OOCYTE MATURATION,PLK1
KEGG_2026,PROGESTERONE-MEDIATED OOCYTE MATURATION,BRAF
KEGG_2026,PROGESTERONE-MEDIATED OOCYTE MATURATION,CDC16
KEGG_2026,PROGESTERONE-MEDIATED OOCYTE MATURATION,MAD2L1
KEGG_2026,FRUCTOSE AND MANNOSE METABOLISM,PFKFB2
KEGG_2026,FRUCTOSE AND MANNOSE METABOLISM,PFKFB1
KEGG_2026,FRUCTOSE AND MANNOSE METABOLISM,PFKFB4
KEGG_2026,FRUCTOSE AND MANNOSE METABOLISM,PFKFB3
KEGG_2026,FRUCTOSE AND MANNOSE METABOLISM,AKR1B1
KEGG_2026,FRUCTOSE AND MANNOSE METABOLISM,LOC112694756
KEGG_2026,FRUCTOSE AND MANNOSE METABOLISM,KHK
KEGG_2026,FRUCTOSE AND MANNOSE METABOLISM,GMPPB
KEGG_2026,FRUCTOSE AND MANNOSE METABOLISM,TKFC
KEGG_2026,FRUCTOSE AND MANNOSE METABOLISM,GMPPA
KEGG_2026,FRUCTOSE AND MANNOSE METABOLISM,TIGAR
KEGG_2026,FRUCTOSE AND MANNOSE METABOLISM,TPI1
KEGG_2026,FRUCTOSE AND MANNOSE METABOLISM,PMM1
KEGG_2026,FRUCTOSE AND MANNOSE METABOLISM,PMM2
KEGG_2026,FRUCTOSE AND MANNOSE METABOLISM,SORD
KEGG_2026,FRUCTOSE AND MANNOSE METABOLISM,HOOK3
KEGG_2026,FRUCTOSE AND MANNOSE METABOLISM,PFKL
KEGG_2026,FRUCTOSE AND MANNOSE METABOLISM,AKR1B10
KEGG_2026,FRUCTOSE AND MANNOSE METABOLISM,HOOK2
KEGG_2026,FRUCTOSE AND MANNOSE METABOLISM,FCSK
KEGG_2026,FRUCTOSE AND MANNOSE METABOLISM,HKDC1
KEGG_2026,FRUCTOSE AND MANNOSE METABOLISM,ALDOC
KEGG_2026,FRUCTOSE AND MANNOSE METABOLISM,ALDOB
KEGG_2026,FRUCTOSE AND MANNOSE METABOLISM,FBP1
KEGG_2026,FRUCTOSE AND MANNOSE METABOLISM,PFKM
KEGG_2026,FRUCTOSE AND MANNOSE METABOLISM,PFKP
KEGG_2026,MOTOR PROTEINS,KIF14
KEGG_2026,MOTOR PROTEINS,BICDL1
KEGG_2026,MOTOR PROTEINS,KIF11
KEGG_2026,MOTOR PROTEINS,KIF17
KEGG_2026,MOTOR PROTEINS,DNALI1
KEGG_2026,MOTOR PROTEINS,TUBB8
KEGG_2026,MOTOR PROTEINS,TUBA1C
KEGG_2026,MOTOR PROTEINS,TUBB6
KEGG_2026,MOTOR PROTEINS,TUBA1B
KEGG_2026,MOTOR PROTEINS,TUBA1A
KEGG_2026,MOTOR PROTEINS,CAPZB
KEGG_2026,MOTOR PROTEINS,TUBB3
KEGG_2026,MOTOR PROTEINS,KIF5B
KEGG_2026,MOTOR PROTEINS,KIF5A
KEGG_2026,MOTOR PROTEINS,KIFAP3
KEGG_2026,MOTOR PROTEINS,DYNC2H1
KEGG_2026,MOTOR PROTEINS,DNAI2
KEGG_2026,MOTOR PROTEINS,DYNLT1
KEGG_2026,MOTOR PROTEINS,TPM3
KEGG_2026,MOTOR PROTEINS,TUBB
KEGG_2026,MOTOR PROTEINS,DYNLT3
KEGG_2026,MOTOR PROTEINS,TPM1
KEGG_2026,MOTOR PROTEINS,STARD9
KEGG_2026,MOTOR PROTEINS,KIF25
KEGG_2026,MOTOR PROTEINS,KIF24
KEGG_2026,MOTOR PROTEINS,MYO7A
KEGG_2026,MOTOR PROTEINS,TUBG2
KEGG_2026,MOTOR PROTEINS,KIF7
KEGG_2026,MOTOR PROTEINS,TUBG1
KEGG_2026,MOTOR PROTEINS,DYNLL1
KEGG_2026,MOTOR PROTEINS,DYNLL2
KEGG_2026,MOTOR PROTEINS,TUBA4A
KEGG_2026,MOTOR PROTEINS,MYL5
KEGG_2026,MOTOR PROTEINS,DYNC1LI1
KEGG_2026,MOTOR PROTEINS,DYNC1LI2
KEGG_2026,MOTOR PROTEINS,TUBB2B
KEGG_2026,MOTOR PROTEINS,TUBB2A
KEGG_2026,MOTOR PROTEINS,KIFC2
KEGG_2026,MOTOR PROTEINS,KIF2A
KEGG_2026,MOTOR PROTEINS,KIFC1
KEGG_2026,MOTOR PROTEINS,MYO3A
KEGG_2026,MOTOR PROTEINS,MYH9
KEGG_2026,MOTOR PROTEINS,KIFC3
KEGG_2026,MOTOR PROTEINS,MYL9
KEGG_2026,MOTOR PROTEINS,DYNC1I2
KEGG_2026,MOTOR PROTEINS,DCTN2
KEGG_2026,MOTOR PROTEINS,TUBAL3
KEGG_2026,MOTOR PROTEINS,DCTN1
KEGG_2026,MOTOR PROTEINS,DCTN4
KEGG_2026,MOTOR PROTEINS,DNAH5
KEGG_2026,MOTOR PROTEINS,DNAH9
KEGG_2026,MOTOR PROTEINS,KLC1
KEGG_2026,MOTOR PROTEINS,MYL12B
KEGG_2026,MOTOR PROTEINS,DYNC2LI1
KEGG_2026,MOTOR PROTEINS,KLC4
KEGG_2026,MOTOR PROTEINS,TUBA3E
KEGG_2026,MOTOR PROTEINS,KLC3
KEGG_2026,MOTOR PROTEINS,TUBA3D
KEGG_2026,MOTOR PROTEINS,KIF3B
KEGG_2026,MOTOR PROTEINS,KIF3A
KEGG_2026,MOTOR PROTEINS,MYO6
KEGG_2026,MOTOR PROTEINS,DNAI1
KEGG_2026,MOTOR PROTEINS,DYNC1I1
KEGG_2026,MOTOR PROTEINS,DNAH12
KEGG_2026,MOTOR PROTEINS,DYNC1H1
KEGG_2026,MOTOR PROTEINS,DNAH11
KEGG_2026,MOTOR PROTEINS,DNAH10
KEGG_2026,MOTOR PROTEINS,MYO5A
KEGG_2026,MOTOR PROTEINS,TUBE1
KEGG_2026,MOTOR PROTEINS,HOOK3
KEGG_2026,MOTOR PROTEINS,TUBB4B
KEGG_2026,MOTOR PROTEINS,TUBB4A
KEGG_2026,MOTOR PROTEINS,CENPE
KEGG_2026,MOTOR PROTEINS,MYO1E
KEGG_2026,MOTOR PROTEINS,KIF18A
KEGG_2026,MOTOR PROTEINS,MYO15A
KEGG_2026,MOTOR PROTEINS,CAPZA1
KEGG_2026,MOTOR PROTEINS,DYNLRB2
KEGG_2026,MOTOR PROTEINS,DYNLRB1
KEGG_2026,MOTOR PROTEINS,TUBA8
KEGG_2026,INFLAMMATORY MEDIATOR REGULATION OF TRP CHANNELS,CALML5
KEGG_2026,INFLAMMATORY MEDIATOR REGULATION OF TRP CHANNELS,CALML6
KEGG_2026,INFLAMMATORY MEDIATOR REGULATION OF TRP CHANNELS,HTR2B
KEGG_2026,INFLAMMATORY MEDIATOR REGULATION OF TRP CHANNELS,HTR2C
KEGG_2026,INFLAMMATORY MEDIATOR REGULATION OF TRP CHANNELS,CALML3
KEGG_2026,INFLAMMATORY MEDIATOR REGULATION OF TRP CHANNELS,CALML4
KEGG_2026,INFLAMMATORY MEDIATOR REGULATION OF TRP CHANNELS,PIK3CB
KEGG_2026,INFLAMMATORY MEDIATOR REGULATION OF TRP CHANNELS,PPP1CB
KEGG_2026,INFLAMMATORY MEDIATOR REGULATION OF TRP CHANNELS,PPP1CC
KEGG_2026,INFLAMMATORY MEDIATOR REGULATION OF TRP CHANNELS,PRKACG
KEGG_2026,INFLAMMATORY MEDIATOR REGULATION OF TRP CHANNELS,PRKACB
KEGG_2026,INFLAMMATORY MEDIATOR REGULATION OF TRP CHANNELS,PRKCG
KEGG_2026,INFLAMMATORY MEDIATOR REGULATION OF TRP CHANNELS,PRKCB
KEGG_2026,INFLAMMATORY MEDIATOR REGULATION OF TRP CHANNELS,PRKCA
KEGG_2026,INFLAMMATORY MEDIATOR REGULATION OF TRP CHANNELS,PLCB3
KEGG_2026,INFLAMMATORY MEDIATOR REGULATION OF TRP CHANNELS,ADCY9
KEGG_2026,INFLAMMATORY MEDIATOR REGULATION OF TRP CHANNELS,PLCB4
KEGG_2026,INFLAMMATORY MEDIATOR REGULATION OF TRP CHANNELS,PIK3CA
KEGG_2026,INFLAMMATORY MEDIATOR REGULATION OF TRP CHANNELS,IL1B
KEGG_2026,INFLAMMATORY MEDIATOR REGULATION OF TRP CHANNELS,PLCB1
KEGG_2026,INFLAMMATORY MEDIATOR REGULATION OF TRP CHANNELS,PLCB2
KEGG_2026,INFLAMMATORY MEDIATOR REGULATION OF TRP CHANNELS,CAMK2B
KEGG_2026,INFLAMMATORY MEDIATOR REGULATION OF TRP CHANNELS,CAMK2D
KEGG_2026,INFLAMMATORY MEDIATOR REGULATION OF TRP CHANNELS,SRC
KEGG_2026,INFLAMMATORY MEDIATOR REGULATION OF TRP CHANNELS,CAMK2A
KEGG_2026,INFLAMMATORY MEDIATOR REGULATION OF TRP CHANNELS,ADCY4
KEGG_2026,INFLAMMATORY MEDIATOR REGULATION OF TRP CHANNELS,PIK3R3
KEGG_2026,INFLAMMATORY MEDIATOR REGULATION OF TRP CHANNELS,PIK3R2
KEGG_2026,INFLAMMATORY MEDIATOR REGULATION OF TRP CHANNELS,ADCY2
KEGG_2026,INFLAMMATORY MEDIATOR REGULATION OF TRP CHANNELS,PIK3R1
KEGG_2026,INFLAMMATORY MEDIATOR REGULATION OF TRP CHANNELS,ADCY1
KEGG_2026,INFLAMMATORY MEDIATOR REGULATION OF TRP CHANNELS,PLA2G6
KEGG_2026,INFLAMMATORY MEDIATOR REGULATION OF TRP CHANNELS,ADCY8
KEGG_2026,INFLAMMATORY MEDIATOR REGULATION OF TRP CHANNELS,ADCY7
KEGG_2026,INFLAMMATORY MEDIATOR REGULATION OF TRP CHANNELS,ADCY6
KEGG_2026,INFLAMMATORY MEDIATOR REGULATION OF TRP CHANNELS,ADCY5
KEGG_2026,INFLAMMATORY MEDIATOR REGULATION OF TRP CHANNELS,MAPK9
KEGG_2026,INFLAMMATORY MEDIATOR REGULATION OF TRP CHANNELS,MAPK8
KEGG_2026,INFLAMMATORY MEDIATOR REGULATION OF TRP CHANNELS,DHX34
KEGG_2026,INFLAMMATORY MEDIATOR REGULATION OF TRP CHANNELS,PLCG2
KEGG_2026,INFLAMMATORY MEDIATOR REGULATION OF TRP CHANNELS,PLCG1
KEGG_2026,INFLAMMATORY MEDIATOR REGULATION OF TRP CHANNELS,CAMK2G
KEGG_2026,INFLAMMATORY MEDIATOR REGULATION OF TRP CHANNELS,TRPA1
KEGG_2026,INFLAMMATORY MEDIATOR REGULATION OF TRP CHANNELS,TRPV1
KEGG_2026,INFLAMMATORY MEDIATOR REGULATION OF TRP CHANNELS,PPP1CA
KEGG_2026,INFLAMMATORY MEDIATOR REGULATION OF TRP CHANNELS,GNAQ
KEGG_2026,INFLAMMATORY MEDIATOR REGULATION OF TRP CHANNELS,GNAS
KEGG_2026,INFLAMMATORY MEDIATOR REGULATION OF TRP CHANNELS,CALM3
KEGG_2026,INFLAMMATORY MEDIATOR REGULATION OF TRP CHANNELS,CALM1
KEGG_2026,INFLAMMATORY MEDIATOR REGULATION OF TRP CHANNELS,CALM2
KEGG_2026,ENDOCYTOSIS,VPS29
KEGG_2026,ENDOCYTOSIS,TFRC
KEGG_2026,ENDOCYTOSIS,WIPF2
KEGG_2026,ENDOCYTOSIS,KIF5B
KEGG_2026,ENDOCYTOSIS,KIF5A
KEGG_2026,ENDOCYTOSIS,VPS35
KEGG_2026,ENDOCYTOSIS,VPS36
KEGG_2026,ENDOCYTOSIS,HLA-B
KEGG_2026,ENDOCYTOSIS,HLA-A
KEGG_2026,ENDOCYTOSIS,HGS
KEGG_2026,ENDOCYTOSIS,PARD3
KEGG_2026,ENDOCYTOSIS,CHMP4C
KEGG_2026,ENDOCYTOSIS,CHMP4B
KEGG_2026,ENDOCYTOSIS,VPS25
KEGG_2026,ENDOCYTOSIS,STAM2
KEGG_2026,ENDOCYTOSIS,VPS28
KEGG_2026,ENDOCYTOSIS,TSG101
KEGG_2026,ENDOCYTOSIS,NEDD4L
KEGG_2026,ENDOCYTOSIS,VPS26A
KEGG_2026,ENDOCYTOSIS,PRKCZ
KEGG_2026,ENDOCYTOSIS,GRK1
KEGG_2026,ENDOCYTOSIS,SNX4
KEGG_2026,ENDOCYTOSIS,SNX1
KEGG_2026,ENDOCYTOSIS,GRK3
KEGG_2026,ENDOCYTOSIS,GRK2
KEGG_2026,ENDOCYTOSIS,GRK5
KEGG_2026,ENDOCYTOSIS,GRK4
KEGG_2026,ENDOCYTOSIS,GRK7
KEGG_2026,ENDOCYTOSIS,GRK6
KEGG_2026,ENDOCYTOSIS,CLTCL1
KEGG_2026,ENDOCYTOSIS,PIP5K1A
KEGG_2026,ENDOCYTOSIS,PIP5K1B
KEGG_2026,ENDOCYTOSIS,PIP5K1C
KEGG_2026,ENDOCYTOSIS,RAB11FIP3
KEGG_2026,ENDOCYTOSIS,HSPA8
KEGG_2026,ENDOCYTOSIS,SMURF1
KEGG_2026,ENDOCYTOSIS,CAV1
KEGG_2026,ENDOCYTOSIS,SNF8
KEGG_2026,ENDOCYTOSIS,STAM
KEGG_2026,ENDOCYTOSIS,EHD1
KEGG_2026,ENDOCYTOSIS,CHMP2B
KEGG_2026,ENDOCYTOSIS,MDM2
KEGG_2026,ENDOCYTOSIS,CHMP2A
KEGG_2026,ENDOCYTOSIS,RAB5A
KEGG_2026,ENDOCYTOSIS,RNF103-CHMP3
KEGG_2026,ENDOCYTOSIS,ARF4
KEGG_2026,ENDOCYTOSIS,CLTC
KEGG_2026,ENDOCYTOSIS,AP2A1
KEGG_2026,ENDOCYTOSIS,ARRB1
KEGG_2026,ENDOCYTOSIS,WASL
KEGG_2026,ENDOCYTOSIS,ARRB2
KEGG_2026,ENDOCYTOSIS,AP2A2
KEGG_2026,ENDOCYTOSIS,CAPZB
KEGG_2026,ENDOCYTOSIS,PSD2
KEGG_2026,ENDOCYTOSIS,CHMP1B
KEGG_2026,ENDOCYTOSIS,PIP5KL1
KEGG_2026,ENDOCYTOSIS,CHMP1A
KEGG_2026,ENDOCYTOSIS,CCR5
KEGG_2026,ENDOCYTOSIS,HRAS
KEGG_2026,ENDOCYTOSIS,GIT1
KEGG_2026,ENDOCYTOSIS,RAB8A
KEGG_2026,ENDOCYTOSIS,VPS37C
KEGG_2026,ENDOCYTOSIS,VPS37D
KEGG_2026,ENDOCYTOSIS,VPS37A
KEGG_2026,ENDOCYTOSIS,EPS15L1
KEGG_2026,ENDOCYTOSIS,VPS37B
KEGG_2026,ENDOCYTOSIS,RHOA
KEGG_2026,ENDOCYTOSIS,TGFBR1
KEGG_2026,ENDOCYTOSIS,DNM1
KEGG_2026,ENDOCYTOSIS,EPN1
KEGG_2026,ENDOCYTOSIS,DNM2
KEGG_2026,ENDOCYTOSIS,TGFBR2
KEGG_2026,ENDOCYTOSIS,RABEP1
KEGG_2026,ENDOCYTOSIS,DNAJC6
KEGG_2026,ENDOCYTOSIS,CHMP6
KEGG_2026,ENDOCYTOSIS,CHMP7
KEGG_2026,ENDOCYTOSIS,RAB7A
KEGG_2026,ENDOCYTOSIS,SRC
KEGG_2026,ENDOCYTOSIS,CXCR4
KEGG_2026,ENDOCYTOSIS,ASAP1
KEGG_2026,ENDOCYTOSIS,IL2RG
KEGG_2026,ENDOCYTOSIS,EGFR
KEGG_2026,ENDOCYTOSIS,CDC42
KEGG_2026,ENDOCYTOSIS,PARD6A
KEGG_2026,ENDOCYTOSIS,MVB12B
KEGG_2026,ENDOCYTOSIS,MVB12A
KEGG_2026,ENDOCYTOSIS,EPS15
KEGG_2026,ENDOCYTOSIS,GIT2
KEGG_2026,ENDOCYTOSIS,MMAB
KEGG_2026,ENDOCYTOSIS,AP2B1
KEGG_2026,ENDOCYTOSIS,RAB11A
KEGG_2026,ENDOCYTOSIS,PML
KEGG_2026,ENDOCYTOSIS,RAB10
KEGG_2026,ENDOCYTOSIS,CAPZA1
KEGG_2026,ENDOCYTOSIS,NEDD4
KEGG_2026,ENDOCYTOSIS,HSPA1B
KEGG_2026,ENDOCYTOSIS,HSPA1A
KEGG_2026,POLYCOMB REPRESSIVE COMPLEX,HDAC2
KEGG_2026,POLYCOMB REPRESSIVE COMPLEX,L3MBTL2
KEGG_2026,POLYCOMB REPRESSIVE COMPLEX,MAX
KEGG_2026,POLYCOMB REPRESSIVE COMPLEX,HDAC1
KEGG_2026,POLYCOMB REPRESSIVE COMPLEX,UBE2D2
KEGG_2026,POLYCOMB REPRESSIVE COMPLEX,UBE2D3
KEGG_2026,POLYCOMB REPRESSIVE COMPLEX,UBE2D1
KEGG_2026,POLYCOMB REPRESSIVE COMPLEX,DCAF7
KEGG_2026,POLYCOMB REPRESSIVE COMPLEX,RNF2
KEGG_2026,POLYCOMB REPRESSIVE COMPLEX,SCMH1
KEGG_2026,POLYCOMB REPRESSIVE COMPLEX,WDR5
KEGG_2026,POLYCOMB REPRESSIVE COMPLEX,EP300
KEGG_2026,POLYCOMB REPRESSIVE COMPLEX,PCGF1
KEGG_2026,POLYCOMB REPRESSIVE COMPLEX,YAF2
KEGG_2026,POLYCOMB REPRESSIVE COMPLEX,E2F6
KEGG_2026,POLYCOMB REPRESSIVE COMPLEX,FBRS
KEGG_2026,POLYCOMB REPRESSIVE COMPLEX,SKP1
KEGG_2026,POLYCOMB REPRESSIVE COMPLEX,CBX8
KEGG_2026,POLYCOMB REPRESSIVE COMPLEX,CBX7
KEGG_2026,POLYCOMB REPRESSIVE COMPLEX,USP7
KEGG_2026,POLYCOMB REPRESSIVE COMPLEX,PHC2
KEGG_2026,POLYCOMB REPRESSIVE COMPLEX,CREBBP
KEGG_2026,POLYCOMB REPRESSIVE COMPLEX,PCGF6
KEGG_2026,POLYCOMB REPRESSIVE COMPLEX,KDM2A
KEGG_2026,POLYCOMB REPRESSIVE COMPLEX,PHC1
KEGG_2026,POLYCOMB REPRESSIVE COMPLEX,KDM2B
KEGG_2026,POLYCOMB REPRESSIVE COMPLEX,RING1
KEGG_2026,POLYCOMB REPRESSIVE COMPLEX,CBX4
KEGG_2026,POLYCOMB REPRESSIVE COMPLEX,CBX3
KEGG_2026,POLYCOMB REPRESSIVE COMPLEX,PCGF5
KEGG_2026,POLYCOMB REPRESSIVE COMPLEX,TEX10
KEGG_2026,POLYCOMB REPRESSIVE COMPLEX,CBX2
KEGG_2026,POLYCOMB REPRESSIVE COMPLEX,MGA
KEGG_2026,POLYCOMB REPRESSIVE COMPLEX,PCGF2
KEGG_2026,POLYCOMB REPRESSIVE COMPLEX,USP45
KEGG_2026,POLYCOMB REPRESSIVE COMPLEX,PCGF3
KEGG_2026,POLYCOMB REPRESSIVE COMPLEX,PHC3
KEGG_2026,POLYCOMB REPRESSIVE COMPLEX,HCFC1
KEGG_2026,POLYCOMB REPRESSIVE COMPLEX,ASXL1
KEGG_2026,POLYCOMB REPRESSIVE COMPLEX,RYBP
KEGG_2026,POLYCOMB REPRESSIVE COMPLEX,BCOR
KEGG_2026,POLYCOMB REPRESSIVE COMPLEX,BCORL1
KEGG_2026,POLYCOMB REPRESSIVE COMPLEX,OGT
KEGG_2026,POLYCOMB REPRESSIVE COMPLEX,EZH2
KEGG_2026,RETINOL METABOLISM,RDH8
KEGG_2026,RETINOL METABOLISM,RETSAT
KEGG_2026,RETINOL METABOLISM,ADH1C
KEGG_2026,RETINOL METABOLISM,ADH1B
KEGG_2026,RETINOL METABOLISM,ADH1A
KEGG_2026,RETINOL METABOLISM,HSD17B6
KEGG_2026,RETINOL METABOLISM,ADH7
KEGG_2026,RETINOL METABOLISM,CYP3A4
KEGG_2026,RETINOL METABOLISM,ADH5
KEGG_2026,RETINOL METABOLISM,ADH6
KEGG_2026,RETINOL METABOLISM,SDR16C5
KEGG_2026,RETINOL METABOLISM,CYP26B1
KEGG_2026,RETINOL METABOLISM,RDH12
KEGG_2026,RETINOL METABOLISM,AWAT2
KEGG_2026,RETINOL METABOLISM,RDH11
KEGG_2026,RETINOL METABOLISM,RDH10
KEGG_2026,RETINOL METABOLISM,RDH16
KEGG_2026,RETINOL METABOLISM,AOX1
KEGG_2026,RETINOL METABOLISM,LRAT
KEGG_2026,RETINOL METABOLISM,RDH13
KEGG_2026,RETINOL METABOLISM,BCO1
KEGG_2026,RETINOL METABOLISM,DGAT1
KEGG_2026,RETINOL METABOLISM,DHRS3
KEGG_2026,RETINOL METABOLISM,RPE65
KEGG_2026,RETINOL METABOLISM,DHRS4
KEGG_2026,RETINOL METABOLISM,ALDH1A3
KEGG_2026,RETINOL METABOLISM,CYP26A1
KEGG_2026,RETINOL METABOLISM,CYP27C1
KEGG_2026,RETINOL METABOLISM,CYP2W1
KEGG_2026,RETINOL METABOLISM,CYP26C1
KEGG_2026,RETINOL METABOLISM,DHRS9
KEGG_2026,RETINOL METABOLISM,ALDH1A2
KEGG_2026,RETINOL METABOLISM,CYP2S1
KEGG_2026,RETINOL METABOLISM,ALDH1A1
KEGG_2026,RETINOL METABOLISM,CYP1A2
KEGG_2026,RETINOL METABOLISM,CYP1A1
KEGG_2026,RETINOL METABOLISM,RDH5
KEGG_2026,RETINOL METABOLISM,PNPLA4
KEGG_2026,GALACTOSE METABOLISM,B4GALT2
KEGG_2026,GALACTOSE METABOLISM,PMEL
KEGG_2026,GALACTOSE METABOLISM,MGAM
KEGG_2026,GALACTOSE METABOLISM,B4GALT1
KEGG_2026,GALACTOSE METABOLISM,GAA
KEGG_2026,GALACTOSE METABOLISM,AKR1B1
KEGG_2026,GALACTOSE METABOLISM,HOOK3
KEGG_2026,GALACTOSE METABOLISM,GANC
KEGG_2026,GALACTOSE METABOLISM,PFKL
KEGG_2026,GALACTOSE METABOLISM,G6PC2
KEGG_2026,GALACTOSE METABOLISM,MGAM2
KEGG_2026,GALACTOSE METABOLISM,UGP2
KEGG_2026,GALACTOSE METABOLISM,AKR1B10
KEGG_2026,GALACTOSE METABOLISM,G6PC3
KEGG_2026,GALACTOSE METABOLISM,HOOK2
KEGG_2026,GALACTOSE METABOLISM,GLB1
KEGG_2026,GALACTOSE METABOLISM,HKDC1
KEGG_2026,GALACTOSE METABOLISM,PGM2
KEGG_2026,GALACTOSE METABOLISM,GALM
KEGG_2026,GALACTOSE METABOLISM,LCT
KEGG_2026,GALACTOSE METABOLISM,PFKM
KEGG_2026,GALACTOSE METABOLISM,PGM1
KEGG_2026,GALACTOSE METABOLISM,PFKP
KEGG_2026,GALACTOSE METABOLISM,GALK1
KEGG_2026,AGE-RAGE SIGNALING PATHWAY IN DIABETIC COMPLICATIONS,PIK3CB
KEGG_2026,AGE-RAGE SIGNALING PATHWAY IN DIABETIC COMPLICATIONS,TNF
KEGG_2026,AGE-RAGE SIGNALING PATHWAY IN DIABETIC COMPLICATIONS,ICAM1
KEGG_2026,AGE-RAGE SIGNALING PATHWAY IN DIABETIC COMPLICATIONS,AKT2
KEGG_2026,AGE-RAGE SIGNALING PATHWAY IN DIABETIC COMPLICATIONS,CASP3
KEGG_2026,AGE-RAGE SIGNALING PATHWAY IN DIABETIC COMPLICATIONS,AKT3
KEGG_2026,AGE-RAGE SIGNALING PATHWAY IN DIABETIC COMPLICATIONS,LONP1
KEGG_2026,AGE-RAGE SIGNALING PATHWAY IN DIABETIC COMPLICATIONS,AKT1
KEGG_2026,AGE-RAGE SIGNALING PATHWAY IN DIABETIC COMPLICATIONS,PLCE1
KEGG_2026,AGE-RAGE SIGNALING PATHWAY IN DIABETIC COMPLICATIONS,JAK2
KEGG_2026,AGE-RAGE SIGNALING PATHWAY IN DIABETIC COMPLICATIONS,HRAS
KEGG_2026,AGE-RAGE SIGNALING PATHWAY IN DIABETIC COMPLICATIONS,PRKCB
KEGG_2026,AGE-RAGE SIGNALING PATHWAY IN DIABETIC COMPLICATIONS,PRKCA
KEGG_2026,AGE-RAGE SIGNALING PATHWAY IN DIABETIC COMPLICATIONS,TGFBR1
KEGG_2026,AGE-RAGE SIGNALING PATHWAY IN DIABETIC COMPLICATIONS,TGFBR2
KEGG_2026,AGE-RAGE SIGNALING PATHWAY IN DIABETIC COMPLICATIONS,PLCB3
KEGG_2026,AGE-RAGE SIGNALING PATHWAY IN DIABETIC COMPLICATIONS,PLCB4
KEGG_2026,AGE-RAGE SIGNALING PATHWAY IN DIABETIC COMPLICATIONS,PIK3CA
KEGG_2026,AGE-RAGE SIGNALING PATHWAY IN DIABETIC COMPLICATIONS,IL1B
KEGG_2026,AGE-RAGE SIGNALING PATHWAY IN DIABETIC COMPLICATIONS,AGTR1
KEGG_2026,AGE-RAGE SIGNALING PATHWAY IN DIABETIC COMPLICATIONS,PLCB1
KEGG_2026,AGE-RAGE SIGNALING PATHWAY IN DIABETIC COMPLICATIONS,AGXT
KEGG_2026,AGE-RAGE SIGNALING PATHWAY IN DIABETIC COMPLICATIONS,PLCB2
KEGG_2026,AGE-RAGE SIGNALING PATHWAY IN DIABETIC COMPLICATIONS,PIK3R3
KEGG_2026,AGE-RAGE SIGNALING PATHWAY IN DIABETIC COMPLICATIONS,PIK3R2
KEGG_2026,AGE-RAGE SIGNALING PATHWAY IN DIABETIC COMPLICATIONS,PIK3R1
KEGG_2026,AGE-RAGE SIGNALING PATHWAY IN DIABETIC COMPLICATIONS,PRKCZ
KEGG_2026,AGE-RAGE SIGNALING PATHWAY IN DIABETIC COMPLICATIONS,RELA
KEGG_2026,AGE-RAGE SIGNALING PATHWAY IN DIABETIC COMPLICATIONS,CDC42
KEGG_2026,AGE-RAGE SIGNALING PATHWAY IN DIABETIC COMPLICATIONS,MAPK9
KEGG_2026,AGE-RAGE SIGNALING PATHWAY IN DIABETIC COMPLICATIONS,MAPK8
KEGG_2026,AGE-RAGE SIGNALING PATHWAY IN DIABETIC COMPLICATIONS,NRAS
KEGG_2026,AGE-RAGE SIGNALING PATHWAY IN DIABETIC COMPLICATIONS,PLCG2
KEGG_2026,AGE-RAGE SIGNALING PATHWAY IN DIABETIC COMPLICATIONS,CCL2
KEGG_2026,AGE-RAGE SIGNALING PATHWAY IN DIABETIC COMPLICATIONS,MAPK1
KEGG_2026,AGE-RAGE SIGNALING PATHWAY IN DIABETIC COMPLICATIONS,PLCG1
KEGG_2026,AGE-RAGE SIGNALING PATHWAY IN DIABETIC COMPLICATIONS,MAPK3
KEGG_2026,AGE-RAGE SIGNALING PATHWAY IN DIABETIC COMPLICATIONS,SMAD4
KEGG_2026,AGE-RAGE SIGNALING PATHWAY IN DIABETIC COMPLICATIONS,JUN
KEGG_2026,AGE-RAGE SIGNALING PATHWAY IN DIABETIC COMPLICATIONS,TGFB1
KEGG_2026,AGE-RAGE SIGNALING PATHWAY IN DIABETIC COMPLICATIONS,STAT1
KEGG_2026,AGE-RAGE SIGNALING PATHWAY IN DIABETIC COMPLICATIONS,STAT3
KEGG_2026,AGE-RAGE SIGNALING PATHWAY IN DIABETIC COMPLICATIONS,FN1
KEGG_2026,AGE-RAGE SIGNALING PATHWAY IN DIABETIC COMPLICATIONS,DIAPH1
KEGG_2026,AGE-RAGE SIGNALING PATHWAY IN DIABETIC COMPLICATIONS,IL6
KEGG_2026,AGE-RAGE SIGNALING PATHWAY IN DIABETIC COMPLICATIONS,BCL2
KEGG_2026,AGE-RAGE SIGNALING PATHWAY IN DIABETIC COMPLICATIONS,BAX
KEGG_2026,AGE-RAGE SIGNALING PATHWAY IN DIABETIC COMPLICATIONS,PLCD3
KEGG_2026,AGE-RAGE SIGNALING PATHWAY IN DIABETIC COMPLICATIONS,PLCD4
KEGG_2026,AGE-RAGE SIGNALING PATHWAY IN DIABETIC COMPLICATIONS,PLCD1
KEGG_2026,PROSTATE CANCER,GSK3B
KEGG_2026,PROSTATE CANCER,SLC46A1
KEGG_2026,PROSTATE CANCER,HSP90AB1
KEGG_2026,PROSTATE CANCER,ARAF
KEGG_2026,PROSTATE CANCER,PTEN
KEGG_2026,PROSTATE CANCER,PIK3CB
KEGG_2026,PROSTATE CANCER,GRM1
KEGG_2026,PROSTATE CANCER,GRM5
KEGG_2026,PROSTATE CANCER,CREB3L3
KEGG_2026,PROSTATE CANCER,CREB3L4
KEGG_2026,PROSTATE CANCER,AKT2
KEGG_2026,PROSTATE CANCER,CREB3L1
KEGG_2026,PROSTATE CANCER,AKT3
KEGG_2026,PROSTATE CANCER,CREB3L2
KEGG_2026,PROSTATE CANCER,AKT1
KEGG_2026,PROSTATE CANCER,EP300
KEGG_2026,PROSTATE CANCER,HRAS
KEGG_2026,PROSTATE CANCER,NKX3-1
KEGG_2026,PROSTATE CANCER,PDGFRB
KEGG_2026,PROSTATE CANCER,MAP2K1
KEGG_2026,PROSTATE CANCER,HSP90AA1
KEGG_2026,PROSTATE CANCER,MAP2K2
KEGG_2026,PROSTATE CANCER,CREB1
KEGG_2026,PROSTATE CANCER,PIK3CA
KEGG_2026,PROSTATE CANCER,SOS1
KEGG_2026,PROSTATE CANCER,TP53
KEGG_2026,PROSTATE CANCER,SOS2
KEGG_2026,PROSTATE CANCER,ATF4
KEGG_2026,PROSTATE CANCER,CREB5
KEGG_2026,PROSTATE CANCER,PIK3R3
KEGG_2026,PROSTATE CANCER,PIK3R2
KEGG_2026,PROSTATE CANCER,PIK3R1
KEGG_2026,PROSTATE CANCER,EGFR
KEGG_2026,PROSTATE CANCER,RELA
KEGG_2026,PROSTATE CANCER,HSP90B1
KEGG_2026,PROSTATE CANCER,INS
KEGG_2026,PROSTATE CANCER,NRAS
KEGG_2026,PROSTATE CANCER,PDGFC
KEGG_2026,PROSTATE CANCER,ERBB2
KEGG_2026,PROSTATE CANCER,MAPK1
KEGG_2026,PROSTATE CANCER,MAPK3
KEGG_2026,PROSTATE CANCER,CREBBP
KEGG_2026,PROSTATE CANCER,SRD5A2
KEGG_2026,PROSTATE CANCER,BRAF
KEGG_2026,PROSTATE CANCER,NFKBIA
KEGG_2026,PROSTATE CANCER,MDM2
KEGG_2026,PROSTATE CANCER,BCL2
KEGG_2026,PROSTATE CANCER,CTNNB1
KEGG_2026,PROSTATE CANCER,GRB2
KEGG_2026,PROSTATE CANCER,KLKB1
KEGG_2026,PROSTATE CANCER,FGFR1
KEGG_2026,CHEMICAL CARCINOGENESIS - RECEPTOR ACTIVATION,HSP90AB1
KEGG_2026,CHEMICAL CARCINOGENESIS - RECEPTOR ACTIVATION,ARRB1
KEGG_2026,CHEMICAL CARCINOGENESIS - RECEPTOR ACTIVATION,AHR
KEGG_2026,CHEMICAL CARCINOGENESIS - RECEPTOR ACTIVATION,ARRB2
KEGG_2026,CHEMICAL CARCINOGENESIS - RECEPTOR ACTIVATION,PIK3CB
KEGG_2026,CHEMICAL CARCINOGENESIS - RECEPTOR ACTIVATION,CREB3L3
KEGG_2026,CHEMICAL CARCINOGENESIS - RECEPTOR ACTIVATION,CREB3L4
KEGG_2026,CHEMICAL CARCINOGENESIS - RECEPTOR ACTIVATION,AKT2
KEGG_2026,CHEMICAL CARCINOGENESIS - RECEPTOR ACTIVATION,PRKACG
KEGG_2026,CHEMICAL CARCINOGENESIS - RECEPTOR ACTIVATION,MYC
KEGG_2026,CHEMICAL CARCINOGENESIS - RECEPTOR ACTIVATION,CREB3L1
KEGG_2026,CHEMICAL CARCINOGENESIS - RECEPTOR ACTIVATION,AKT3
KEGG_2026,CHEMICAL CARCINOGENESIS - RECEPTOR ACTIVATION,CREB3L2
KEGG_2026,CHEMICAL CARCINOGENESIS - RECEPTOR ACTIVATION,KPNA6
KEGG_2026,CHEMICAL CARCINOGENESIS - RECEPTOR ACTIVATION,AKT1
KEGG_2026,CHEMICAL CARCINOGENESIS - RECEPTOR ACTIVATION,CYP1B1
KEGG_2026,CHEMICAL CARCINOGENESIS - RECEPTOR ACTIVATION,KPNA7
KEGG_2026,CHEMICAL CARCINOGENESIS - RECEPTOR ACTIVATION,KPNA4
KEGG_2026,CHEMICAL CARCINOGENESIS - RECEPTOR ACTIVATION,KPNA5
KEGG_2026,CHEMICAL CARCINOGENESIS - RECEPTOR ACTIVATION,JAK2
KEGG_2026,CHEMICAL CARCINOGENESIS - RECEPTOR ACTIVATION,KPNA2
KEGG_2026,CHEMICAL CARCINOGENESIS - RECEPTOR ACTIVATION,PRKACB
KEGG_2026,CHEMICAL CARCINOGENESIS - RECEPTOR ACTIVATION,HRAS
KEGG_2026,CHEMICAL CARCINOGENESIS - RECEPTOR ACTIVATION,IKBKE
KEGG_2026,CHEMICAL CARCINOGENESIS - RECEPTOR ACTIVATION,KPNA3
KEGG_2026,CHEMICAL CARCINOGENESIS - RECEPTOR ACTIVATION,KPNA1
KEGG_2026,CHEMICAL CARCINOGENESIS - RECEPTOR ACTIVATION,PRKCG
KEGG_2026,CHEMICAL CARCINOGENESIS - RECEPTOR ACTIVATION,MAP2K1
KEGG_2026,CHEMICAL CARCINOGENESIS - RECEPTOR ACTIVATION,HSP90AA1
KEGG_2026,CHEMICAL CARCINOGENESIS - RECEPTOR ACTIVATION,MAP2K2
KEGG_2026,CHEMICAL CARCINOGENESIS - RECEPTOR ACTIVATION,PRKCB
KEGG_2026,CHEMICAL CARCINOGENESIS - RECEPTOR ACTIVATION,PRKCA
KEGG_2026,CHEMICAL CARCINOGENESIS - RECEPTOR ACTIVATION,FOS
KEGG_2026,CHEMICAL CARCINOGENESIS - RECEPTOR ACTIVATION,ADCY9
KEGG_2026,CHEMICAL CARCINOGENESIS - RECEPTOR ACTIVATION,CREB1
KEGG_2026,CHEMICAL CARCINOGENESIS - RECEPTOR ACTIVATION,ADRB3
KEGG_2026,CHEMICAL CARCINOGENESIS - RECEPTOR ACTIVATION,PIK3CA
KEGG_2026,CHEMICAL CARCINOGENESIS - RECEPTOR ACTIVATION,PGR
KEGG_2026,CHEMICAL CARCINOGENESIS - RECEPTOR ACTIVATION,AIPL1
KEGG_2026,CHEMICAL CARCINOGENESIS - RECEPTOR ACTIVATION,SOS1
KEGG_2026,CHEMICAL CARCINOGENESIS - RECEPTOR ACTIVATION,SOS2
KEGG_2026,CHEMICAL CARCINOGENESIS - RECEPTOR ACTIVATION,ATF4
KEGG_2026,CHEMICAL CARCINOGENESIS - RECEPTOR ACTIVATION,CREB5
KEGG_2026,CHEMICAL CARCINOGENESIS - RECEPTOR ACTIVATION,ATF6B
KEGG_2026,CHEMICAL CARCINOGENESIS - RECEPTOR ACTIVATION,SRC
KEGG_2026,CHEMICAL CARCINOGENESIS - RECEPTOR ACTIVATION,GNAI3
KEGG_2026,CHEMICAL CARCINOGENESIS - RECEPTOR ACTIVATION,ADCY4
KEGG_2026,CHEMICAL CARCINOGENESIS - RECEPTOR ACTIVATION,PIK3R3
KEGG_2026,CHEMICAL CARCINOGENESIS - RECEPTOR ACTIVATION,PIK3R2
KEGG_2026,CHEMICAL CARCINOGENESIS - RECEPTOR ACTIVATION,ADCY2
KEGG_2026,CHEMICAL CARCINOGENESIS - RECEPTOR ACTIVATION,ADRB1
KEGG_2026,CHEMICAL CARCINOGENESIS - RECEPTOR ACTIVATION,PIK3R1
KEGG_2026,CHEMICAL CARCINOGENESIS - RECEPTOR ACTIVATION,ADCY1
KEGG_2026,CHEMICAL CARCINOGENESIS - RECEPTOR ACTIVATION,ADRB2
KEGG_2026,CHEMICAL CARCINOGENESIS - RECEPTOR ACTIVATION,ADCY8
KEGG_2026,CHEMICAL CARCINOGENESIS - RECEPTOR ACTIVATION,CACNA1F
KEGG_2026,CHEMICAL CARCINOGENESIS - RECEPTOR ACTIVATION,CYP3A4
KEGG_2026,CHEMICAL CARCINOGENESIS - RECEPTOR ACTIVATION,ADCY7
KEGG_2026,CHEMICAL CARCINOGENESIS - RECEPTOR ACTIVATION,EGFR
KEGG_2026,CHEMICAL CARCINOGENESIS - RECEPTOR ACTIVATION,ADCY6
KEGG_2026,CHEMICAL CARCINOGENESIS - RECEPTOR ACTIVATION,GNAI1
KEGG_2026,CHEMICAL CARCINOGENESIS - RECEPTOR ACTIVATION,RELA
KEGG_2026,CHEMICAL CARCINOGENESIS - RECEPTOR ACTIVATION,GNAI2
KEGG_2026,CHEMICAL CARCINOGENESIS - RECEPTOR ACTIVATION,ADCY5
KEGG_2026,CHEMICAL CARCINOGENESIS - RECEPTOR ACTIVATION,HSP90B1
KEGG_2026,CHEMICAL CARCINOGENESIS - RECEPTOR ACTIVATION,NRAS
KEGG_2026,CHEMICAL CARCINOGENESIS - RECEPTOR ACTIVATION,MAPK1
KEGG_2026,CHEMICAL CARCINOGENESIS - RECEPTOR ACTIVATION,RXRG
KEGG_2026,CHEMICAL CARCINOGENESIS - RECEPTOR ACTIVATION,MAPK3
KEGG_2026,CHEMICAL CARCINOGENESIS - RECEPTOR ACTIVATION,JUN
KEGG_2026,CHEMICAL CARCINOGENESIS - RECEPTOR ACTIVATION,PTGES3
KEGG_2026,CHEMICAL CARCINOGENESIS - RECEPTOR ACTIVATION,EPHX2
KEGG_2026,CHEMICAL CARCINOGENESIS - RECEPTOR ACTIVATION,STAT3
KEGG_2026,CHEMICAL CARCINOGENESIS - RECEPTOR ACTIVATION,CDC6
KEGG_2026,CHEMICAL CARCINOGENESIS - RECEPTOR ACTIVATION,BCL6
KEGG_2026,CHEMICAL CARCINOGENESIS - RECEPTOR ACTIVATION,CYP1A2
KEGG_2026,CHEMICAL CARCINOGENESIS - RECEPTOR ACTIVATION,CYP1A1
KEGG_2026,CHEMICAL CARCINOGENESIS - RECEPTOR ACTIVATION,GNAS
KEGG_2026,CHEMICAL CARCINOGENESIS - RECEPTOR ACTIVATION,BCL2
KEGG_2026,CHEMICAL CARCINOGENESIS - RECEPTOR ACTIVATION,GRB2
KEGG_2026,TERPENOID BACKBONE BIOSYNTHESIS,NUS1
KEGG_2026,TERPENOID BACKBONE BIOSYNTHESIS,FDPS
KEGG_2026,TERPENOID BACKBONE BIOSYNTHESIS,IDI1
KEGG_2026,TERPENOID BACKBONE BIOSYNTHESIS,MVK
KEGG_2026,TERPENOID BACKBONE BIOSYNTHESIS,ICMT
KEGG_2026,TERPENOID BACKBONE BIOSYNTHESIS,HMGCS1
KEGG_2026,TERPENOID BACKBONE BIOSYNTHESIS,GGPS1
KEGG_2026,TERPENOID BACKBONE BIOSYNTHESIS,IDI2
KEGG_2026,TERPENOID BACKBONE BIOSYNTHESIS,CHURC1-FNTB
KEGG_2026,TERPENOID BACKBONE BIOSYNTHESIS,HMGCR
KEGG_2026,TERPENOID BACKBONE BIOSYNTHESIS,ZMPSTE24
KEGG_2026,TERPENOID BACKBONE BIOSYNTHESIS,DHDDS
KEGG_2026,TERPENOID BACKBONE BIOSYNTHESIS,FNTA
KEGG_2026,TERPENOID BACKBONE BIOSYNTHESIS,PMVK
KEGG_2026,TERPENOID BACKBONE BIOSYNTHESIS,PDSS2
KEGG_2026,TERPENOID BACKBONE BIOSYNTHESIS,MVD
KEGG_2026,TERPENOID BACKBONE BIOSYNTHESIS,PDSS1
KEGG_2026,TERPENOID BACKBONE BIOSYNTHESIS,RCE1
KEGG_2026,TERPENOID BACKBONE BIOSYNTHESIS,HMGCS2
KEGG_2026,LONG-TERM DEPRESSION,RYR1
KEGG_2026,LONG-TERM DEPRESSION,GRIA1
KEGG_2026,LONG-TERM DEPRESSION,GNAZ
KEGG_2026,LONG-TERM DEPRESSION,GUCY1B1
KEGG_2026,LONG-TERM DEPRESSION,ARAF
KEGG_2026,LONG-TERM DEPRESSION,GNAI3
KEGG_2026,LONG-TERM DEPRESSION,GRM1
KEGG_2026,LONG-TERM DEPRESSION,GNAI1
KEGG_2026,LONG-TERM DEPRESSION,CRHR1
KEGG_2026,LONG-TERM DEPRESSION,GNAI2
KEGG_2026,LONG-TERM DEPRESSION,GNA13
KEGG_2026,LONG-TERM DEPRESSION,NRAS
KEGG_2026,LONG-TERM DEPRESSION,GNA11
KEGG_2026,LONG-TERM DEPRESSION,GNA12
KEGG_2026,LONG-TERM DEPRESSION,PRKG2
KEGG_2026,LONG-TERM DEPRESSION,MAPK1
KEGG_2026,LONG-TERM DEPRESSION,HRAS
KEGG_2026,LONG-TERM DEPRESSION,PRKG1
KEGG_2026,LONG-TERM DEPRESSION,MAPK3
KEGG_2026,LONG-TERM DEPRESSION,PRKCG
KEGG_2026,LONG-TERM DEPRESSION,GUCY1A2
KEGG_2026,LONG-TERM DEPRESSION,MAP2K1
KEGG_2026,LONG-TERM DEPRESSION,GUCY1A1
KEGG_2026,LONG-TERM DEPRESSION,MAP2K2
KEGG_2026,LONG-TERM DEPRESSION,PRKCB
KEGG_2026,LONG-TERM DEPRESSION,PRKCA
KEGG_2026,LONG-TERM DEPRESSION,BRAF
KEGG_2026,LONG-TERM DEPRESSION,GNAO1
KEGG_2026,LONG-TERM DEPRESSION,PLCB3
KEGG_2026,LONG-TERM DEPRESSION,PLCB4
KEGG_2026,LONG-TERM DEPRESSION,GNAQ
KEGG_2026,LONG-TERM DEPRESSION,CRH
KEGG_2026,LONG-TERM DEPRESSION,GNAS
KEGG_2026,LONG-TERM DEPRESSION,PLCB1
KEGG_2026,LONG-TERM DEPRESSION,PLCB2
KEGG_2026,THYROID HORMONE SYNTHESIS,ATF6B
KEGG_2026,THYROID HORMONE SYNTHESIS,FBF1
KEGG_2026,THYROID HORMONE SYNTHESIS,ADCY4
KEGG_2026,THYROID HORMONE SYNTHESIS,ATP1A4
KEGG_2026,THYROID HORMONE SYNTHESIS,ADCY2
KEGG_2026,THYROID HORMONE SYNTHESIS,ADCY1
KEGG_2026,THYROID HORMONE SYNTHESIS,ADCY8
KEGG_2026,THYROID HORMONE SYNTHESIS,ADCY7
KEGG_2026,THYROID HORMONE SYNTHESIS,ADCY6
KEGG_2026,THYROID HORMONE SYNTHESIS,ADCY5
KEGG_2026,THYROID HORMONE SYNTHESIS,HSP90B1
KEGG_2026,THYROID HORMONE SYNTHESIS,TTR
KEGG_2026,THYROID HORMONE SYNTHESIS,CREB3L3
KEGG_2026,THYROID HORMONE SYNTHESIS,CREB3L4
KEGG_2026,THYROID HORMONE SYNTHESIS,PRKACG
KEGG_2026,THYROID HORMONE SYNTHESIS,CREB3L1
KEGG_2026,THYROID HORMONE SYNTHESIS,CREB3L2
KEGG_2026,THYROID HORMONE SYNTHESIS,PRKACB
KEGG_2026,THYROID HORMONE SYNTHESIS,PRKCG
KEGG_2026,THYROID HORMONE SYNTHESIS,GPX2
KEGG_2026,THYROID HORMONE SYNTHESIS,HSPA5
KEGG_2026,THYROID HORMONE SYNTHESIS,PRKCB
KEGG_2026,THYROID HORMONE SYNTHESIS,GPX6
KEGG_2026,THYROID HORMONE SYNTHESIS,GSR
KEGG_2026,THYROID HORMONE SYNTHESIS,GPX8
KEGG_2026,THYROID HORMONE SYNTHESIS,GPX7
KEGG_2026,THYROID HORMONE SYNTHESIS,PRKCA
KEGG_2026,THYROID HORMONE SYNTHESIS,PLCB3
KEGG_2026,THYROID HORMONE SYNTHESIS,PLCB4
KEGG_2026,THYROID HORMONE SYNTHESIS,CREB1
KEGG_2026,THYROID HORMONE SYNTHESIS,ADCY9
KEGG_2026,THYROID HORMONE SYNTHESIS,GNAQ
KEGG_2026,THYROID HORMONE SYNTHESIS,CANX
KEGG_2026,THYROID HORMONE SYNTHESIS,GNAS
KEGG_2026,THYROID HORMONE SYNTHESIS,PLCB1
KEGG_2026,THYROID HORMONE SYNTHESIS,SLC26A4
KEGG_2026,THYROID HORMONE SYNTHESIS,PLCB2
KEGG_2026,THYROID HORMONE SYNTHESIS,CREB5
KEGG_2026,THYROID HORMONE SYNTHESIS,ATF4
KEGG_2026,STARCH AND SUCROSE METABOLISM,PMEL
KEGG_2026,STARCH AND SUCROSE METABOLISM,PYGB
KEGG_2026,STARCH AND SUCROSE METABOLISM,GBE1
KEGG_2026,STARCH AND SUCROSE METABOLISM,TREH
KEGG_2026,STARCH AND SUCROSE METABOLISM,PYGM
KEGG_2026,STARCH AND SUCROSE METABOLISM,PYGL
KEGG_2026,STARCH AND SUCROSE METABOLISM,GYS2
KEGG_2026,STARCH AND SUCROSE METABOLISM,GYS1
KEGG_2026,STARCH AND SUCROSE METABOLISM,UGP2
KEGG_2026,STARCH AND SUCROSE METABOLISM,PGM2
KEGG_2026,STARCH AND SUCROSE METABOLISM,ENPP1
KEGG_2026,STARCH AND SUCROSE METABOLISM,ENPP3
KEGG_2026,STARCH AND SUCROSE METABOLISM,PGM1
KEGG_2026,STARCH AND SUCROSE METABOLISM,MGAM
KEGG_2026,STARCH AND SUCROSE METABOLISM,AGL
KEGG_2026,STARCH AND SUCROSE METABOLISM,AMY1B
KEGG_2026,STARCH AND SUCROSE METABOLISM,GAA
KEGG_2026,STARCH AND SUCROSE METABOLISM,HOOK3
KEGG_2026,STARCH AND SUCROSE METABOLISM,GANC
KEGG_2026,STARCH AND SUCROSE METABOLISM,G6PC2
KEGG_2026,STARCH AND SUCROSE METABOLISM,MGAM2
KEGG_2026,STARCH AND SUCROSE METABOLISM,GNPDA1
KEGG_2026,STARCH AND SUCROSE METABOLISM,G6PC3
KEGG_2026,STARCH AND SUCROSE METABOLISM,HOOK2
KEGG_2026,STARCH AND SUCROSE METABOLISM,HKDC1
KEGG_2026,CALCIUM SIGNALING PATHWAY,RYR1
KEGG_2026,CALCIUM SIGNALING PATHWAY,RYR2
KEGG_2026,CALCIUM SIGNALING PATHWAY,OXTR
KEGG_2026,CALCIUM SIGNALING PATHWAY,CHRM1
KEGG_2026,CALCIUM SIGNALING PATHWAY,CALML5
KEGG_2026,CALCIUM SIGNALING PATHWAY,CALML6
KEGG_2026,CALCIUM SIGNALING PATHWAY,HTR2B
KEGG_2026,CALCIUM SIGNALING PATHWAY,HTR2C
KEGG_2026,CALCIUM SIGNALING PATHWAY,CALML3
KEGG_2026,CALCIUM SIGNALING PATHWAY,ADRA1D
KEGG_2026,CALCIUM SIGNALING PATHWAY,ATP2A1
KEGG_2026,CALCIUM SIGNALING PATHWAY,CALML4
KEGG_2026,CALCIUM SIGNALING PATHWAY,ADRA1B
KEGG_2026,CALCIUM SIGNALING PATHWAY,ADRA1A
KEGG_2026,CALCIUM SIGNALING PATHWAY,SLC8A1
KEGG_2026,CALCIUM SIGNALING PATHWAY,GRM1
KEGG_2026,CALCIUM SIGNALING PATHWAY,PPP3CB
KEGG_2026,CALCIUM SIGNALING PATHWAY,GRM5
KEGG_2026,CALCIUM SIGNALING PATHWAY,PLCZ1
KEGG_2026,CALCIUM SIGNALING PATHWAY,PRKACG
KEGG_2026,CALCIUM SIGNALING PATHWAY,PLCE1
KEGG_2026,CALCIUM SIGNALING PATHWAY,PRKACB
KEGG_2026,CALCIUM SIGNALING PATHWAY,PRKCG
KEGG_2026,CALCIUM SIGNALING PATHWAY,PDGFRB
KEGG_2026,CALCIUM SIGNALING PATHWAY,LHCGR
KEGG_2026,CALCIUM SIGNALING PATHWAY,CAMK1D
KEGG_2026,CALCIUM SIGNALING PATHWAY,AVPR1B
KEGG_2026,CALCIUM SIGNALING PATHWAY,PRKCB
KEGG_2026,CALCIUM SIGNALING PATHWAY,TFEB
KEGG_2026,CALCIUM SIGNALING PATHWAY,PRKCA
KEGG_2026,CALCIUM SIGNALING PATHWAY,AVPR1A
KEGG_2026,CALCIUM SIGNALING PATHWAY,TRHR
KEGG_2026,CALCIUM SIGNALING PATHWAY,PLCB3
KEGG_2026,CALCIUM SIGNALING PATHWAY,ADCY9
KEGG_2026,CALCIUM SIGNALING PATHWAY,PLCB4
KEGG_2026,CALCIUM SIGNALING PATHWAY,SLTM
KEGG_2026,CALCIUM SIGNALING PATHWAY,ADRB3
KEGG_2026,CALCIUM SIGNALING PATHWAY,ADORA2A
KEGG_2026,CALCIUM SIGNALING PATHWAY,VDAC3
KEGG_2026,CALCIUM SIGNALING PATHWAY,AGTR1
KEGG_2026,CALCIUM SIGNALING PATHWAY,PPIF
KEGG_2026,CALCIUM SIGNALING PATHWAY,VDAC2
KEGG_2026,CALCIUM SIGNALING PATHWAY,VDAC1
KEGG_2026,CALCIUM SIGNALING PATHWAY,PLCB1
KEGG_2026,CALCIUM SIGNALING PATHWAY,SOS1
KEGG_2026,CALCIUM SIGNALING PATHWAY,SLC25A5
KEGG_2026,CALCIUM SIGNALING PATHWAY,PLCB2
KEGG_2026,CALCIUM SIGNALING PATHWAY,SLC25A4
KEGG_2026,CALCIUM SIGNALING PATHWAY,CAMK1G
KEGG_2026,CALCIUM SIGNALING PATHWAY,SLC25A6
KEGG_2026,CALCIUM SIGNALING PATHWAY,CAMK2B
KEGG_2026,CALCIUM SIGNALING PATHWAY,CAMK2D
KEGG_2026,CALCIUM SIGNALING PATHWAY,PDE1C
KEGG_2026,CALCIUM SIGNALING PATHWAY,PDE1B
KEGG_2026,CALCIUM SIGNALING PATHWAY,PDE1A
KEGG_2026,CALCIUM SIGNALING PATHWAY,PTAFR
KEGG_2026,CALCIUM SIGNALING PATHWAY,CAMK2A
KEGG_2026,CALCIUM SIGNALING PATHWAY,ADCY4
KEGG_2026,CALCIUM SIGNALING PATHWAY,CXCR4
KEGG_2026,CALCIUM SIGNALING PATHWAY,ADCY2
KEGG_2026,CALCIUM SIGNALING PATHWAY,ADRB1
KEGG_2026,CALCIUM SIGNALING PATHWAY,ADCY1
KEGG_2026,CALCIUM SIGNALING PATHWAY,ADRB2
KEGG_2026,CALCIUM SIGNALING PATHWAY,ADCY8
KEGG_2026,CALCIUM SIGNALING PATHWAY,CACNA1F
KEGG_2026,CALCIUM SIGNALING PATHWAY,ADCY7
KEGG_2026,CALCIUM SIGNALING PATHWAY,EGFR
KEGG_2026,CALCIUM SIGNALING PATHWAY,GNA14
KEGG_2026,CALCIUM SIGNALING PATHWAY,GNA15
KEGG_2026,CALCIUM SIGNALING PATHWAY,DHX34
KEGG_2026,CALCIUM SIGNALING PATHWAY,HRH2
KEGG_2026,CALCIUM SIGNALING PATHWAY,TBXA2R
KEGG_2026,CALCIUM SIGNALING PATHWAY,GNA11
KEGG_2026,CALCIUM SIGNALING PATHWAY,PDGFC
KEGG_2026,CALCIUM SIGNALING PATHWAY,ERBB2
KEGG_2026,CALCIUM SIGNALING PATHWAY,PLCG2
KEGG_2026,CALCIUM SIGNALING PATHWAY,PLCG1
KEGG_2026,CALCIUM SIGNALING PATHWAY,CAMK2G
KEGG_2026,CALCIUM SIGNALING PATHWAY,NTSR1
KEGG_2026,CALCIUM SIGNALING PATHWAY,NTRK2
KEGG_2026,CALCIUM SIGNALING PATHWAY,MCOLN1
KEGG_2026,CALCIUM SIGNALING PATHWAY,GNAL
KEGG_2026,CALCIUM SIGNALING PATHWAY,P2RX4
KEGG_2026,CALCIUM SIGNALING PATHWAY,CAMK4
KEGG_2026,CALCIUM SIGNALING PATHWAY,GNAQ
KEGG_2026,CALCIUM SIGNALING PATHWAY,GNAS
KEGG_2026,CALCIUM SIGNALING PATHWAY,CALM3
KEGG_2026,CALCIUM SIGNALING PATHWAY,CAMK1
KEGG_2026,CALCIUM SIGNALING PATHWAY,CALM1
KEGG_2026,CALCIUM SIGNALING PATHWAY,PLCD3
KEGG_2026,CALCIUM SIGNALING PATHWAY,CALM2
KEGG_2026,CALCIUM SIGNALING PATHWAY,PLCD4
KEGG_2026,CALCIUM SIGNALING PATHWAY,PLCD1
KEGG_2026,CALCIUM SIGNALING PATHWAY,FGFR1
KEGG_2026,OOCYTE MEIOSIS,YWHAE
KEGG_2026,OOCYTE MEIOSIS,CALML5
KEGG_2026,OOCYTE MEIOSIS,CALML6
KEGG_2026,OOCYTE MEIOSIS,YWHAB
KEGG_2026,OOCYTE MEIOSIS,CALML3
KEGG_2026,OOCYTE MEIOSIS,CALML4
KEGG_2026,OOCYTE MEIOSIS,SMC3
KEGG_2026,OOCYTE MEIOSIS,CDC20
KEGG_2026,OOCYTE MEIOSIS,PPP1CB
KEGG_2026,OOCYTE MEIOSIS,PPP1CC
KEGG_2026,OOCYTE MEIOSIS,PPP3CB
KEGG_2026,OOCYTE MEIOSIS,CDC23
KEGG_2026,OOCYTE MEIOSIS,YWHAQ
KEGG_2026,OOCYTE MEIOSIS,PLCZ1
KEGG_2026,OOCYTE MEIOSIS,PRKACG
KEGG_2026,OOCYTE MEIOSIS,CDC26
KEGG_2026,OOCYTE MEIOSIS,CDC27
KEGG_2026,OOCYTE MEIOSIS,PRKACB
KEGG_2026,OOCYTE MEIOSIS,YWHAG
KEGG_2026,OOCYTE MEIOSIS,SKP1
KEGG_2026,OOCYTE MEIOSIS,YWHAH
KEGG_2026,OOCYTE MEIOSIS,MAP2K1
KEGG_2026,OOCYTE MEIOSIS,ANAPC7
KEGG_2026,OOCYTE MEIOSIS,PRKCA
KEGG_2026,OOCYTE MEIOSIS,SMC1A
KEGG_2026,OOCYTE MEIOSIS,YWHAZ
KEGG_2026,OOCYTE MEIOSIS,RBX1
KEGG_2026,OOCYTE MEIOSIS,ADCY9
KEGG_2026,OOCYTE MEIOSIS,ANAPC4
KEGG_2026,OOCYTE MEIOSIS,PGR
KEGG_2026,OOCYTE MEIOSIS,ANAPC5
KEGG_2026,OOCYTE MEIOSIS,ANAPC1
KEGG_2026,OOCYTE MEIOSIS,ANAPC2
KEGG_2026,OOCYTE MEIOSIS,CAMK2B
KEGG_2026,OOCYTE MEIOSIS,ANAPC13
KEGG_2026,OOCYTE MEIOSIS,CAMK2D
KEGG_2026,OOCYTE MEIOSIS,ANAPC15
KEGG_2026,OOCYTE MEIOSIS,ANAPC16
KEGG_2026,OOCYTE MEIOSIS,CAMK2A
KEGG_2026,OOCYTE MEIOSIS,ADCY4
KEGG_2026,OOCYTE MEIOSIS,ADCY2
KEGG_2026,OOCYTE MEIOSIS,ADCY1
KEGG_2026,OOCYTE MEIOSIS,ADCY8
KEGG_2026,OOCYTE MEIOSIS,ADCY7
KEGG_2026,OOCYTE MEIOSIS,ANAPC10
KEGG_2026,OOCYTE MEIOSIS,ADCY6
KEGG_2026,OOCYTE MEIOSIS,ANAPC11
KEGG_2026,OOCYTE MEIOSIS,INS
KEGG_2026,OOCYTE MEIOSIS,ADCY5
KEGG_2026,OOCYTE MEIOSIS,AURKA
KEGG_2026,OOCYTE MEIOSIS,MAPK1
KEGG_2026,OOCYTE MEIOSIS,CAMK2G
KEGG_2026,OOCYTE MEIOSIS,MAPK3
KEGG_2026,OOCYTE MEIOSIS,PLK1
KEGG_2026,OOCYTE MEIOSIS,PPP1CA
KEGG_2026,OOCYTE MEIOSIS,CDC16
KEGG_2026,OOCYTE MEIOSIS,CALM3
KEGG_2026,OOCYTE MEIOSIS,CALM1
KEGG_2026,OOCYTE MEIOSIS,CALM2
KEGG_2026,OOCYTE MEIOSIS,MAD2L1
KEGG_2026,LONGEVITY REGULATING PATHWAY,ATF6B
KEGG_2026,LONGEVITY REGULATING PATHWAY,ADCY4
KEGG_2026,LONGEVITY REGULATING PATHWAY,PIK3R3
KEGG_2026,LONGEVITY REGULATING PATHWAY,PIK3R2
KEGG_2026,LONGEVITY REGULATING PATHWAY,ADCY2
KEGG_2026,LONGEVITY REGULATING PATHWAY,PIK3CB
KEGG_2026,LONGEVITY REGULATING PATHWAY,ADCY1
KEGG_2026,LONGEVITY REGULATING PATHWAY,PIK3R1
KEGG_2026,LONGEVITY REGULATING PATHWAY,ADCY8
KEGG_2026,LONGEVITY REGULATING PATHWAY,ADCY7
KEGG_2026,LONGEVITY REGULATING PATHWAY,ADCY6
KEGG_2026,LONGEVITY REGULATING PATHWAY,RELA
KEGG_2026,LONGEVITY REGULATING PATHWAY,INS
KEGG_2026,LONGEVITY REGULATING PATHWAY,ADCY5
KEGG_2026,LONGEVITY REGULATING PATHWAY,STK11
KEGG_2026,LONGEVITY REGULATING PATHWAY,NRAS
KEGG_2026,LONGEVITY REGULATING PATHWAY,CREB3L3
KEGG_2026,LONGEVITY REGULATING PATHWAY,CREB3L4
KEGG_2026,LONGEVITY REGULATING PATHWAY,AKT2
KEGG_2026,LONGEVITY REGULATING PATHWAY,PRKACG
KEGG_2026,LONGEVITY REGULATING PATHWAY,CREB3L1
KEGG_2026,LONGEVITY REGULATING PATHWAY,RB1CC1
KEGG_2026,LONGEVITY REGULATING PATHWAY,AKT3
KEGG_2026,LONGEVITY REGULATING PATHWAY,CREB3L2
KEGG_2026,LONGEVITY REGULATING PATHWAY,AKT1
KEGG_2026,LONGEVITY REGULATING PATHWAY,HRAS
KEGG_2026,LONGEVITY REGULATING PATHWAY,PRKACB
KEGG_2026,LONGEVITY REGULATING PATHWAY,PPARGC1A
KEGG_2026,LONGEVITY REGULATING PATHWAY,APPL1
KEGG_2026,LONGEVITY REGULATING PATHWAY,TSC1
KEGG_2026,LONGEVITY REGULATING PATHWAY,PRKCA
KEGG_2026,LONGEVITY REGULATING PATHWAY,SOD2
KEGG_2026,LONGEVITY REGULATING PATHWAY,SIRT1
KEGG_2026,LONGEVITY REGULATING PATHWAY,ATG13
KEGG_2026,LONGEVITY REGULATING PATHWAY,CREB1
KEGG_2026,LONGEVITY REGULATING PATHWAY,ADCY9
KEGG_2026,LONGEVITY REGULATING PATHWAY,PIK3CA
KEGG_2026,LONGEVITY REGULATING PATHWAY,RHEB
KEGG_2026,LONGEVITY REGULATING PATHWAY,CAMK4
KEGG_2026,LONGEVITY REGULATING PATHWAY,BAX
KEGG_2026,LONGEVITY REGULATING PATHWAY,PPARG
KEGG_2026,LONGEVITY REGULATING PATHWAY,TP53
KEGG_2026,LONGEVITY REGULATING PATHWAY,CREB5
KEGG_2026,LONGEVITY REGULATING PATHWAY,ATF4
KEGG_2026,PHOSPHOLIPASE D SIGNALING PATHWAY,PIK3CB
KEGG_2026,PHOSPHOLIPASE D SIGNALING PATHWAY,PIK3CG
KEGG_2026,PHOSPHOLIPASE D SIGNALING PATHWAY,GRM1
KEGG_2026,PHOSPHOLIPASE D SIGNALING PATHWAY,GRM5
KEGG_2026,PHOSPHOLIPASE D SIGNALING PATHWAY,GRM6
KEGG_2026,PHOSPHOLIPASE D SIGNALING PATHWAY,AKT2
KEGG_2026,PHOSPHOLIPASE D SIGNALING PATHWAY,AKT3
KEGG_2026,PHOSPHOLIPASE D SIGNALING PATHWAY,AKT1
KEGG_2026,PHOSPHOLIPASE D SIGNALING PATHWAY,HRAS
KEGG_2026,PHOSPHOLIPASE D SIGNALING PATHWAY,PDGFRB
KEGG_2026,PHOSPHOLIPASE D SIGNALING PATHWAY,MAP2K1
KEGG_2026,PHOSPHOLIPASE D SIGNALING PATHWAY,MAP2K2
KEGG_2026,PHOSPHOLIPASE D SIGNALING PATHWAY,AVPR1B
KEGG_2026,PHOSPHOLIPASE D SIGNALING PATHWAY,AVPR2
KEGG_2026,PHOSPHOLIPASE D SIGNALING PATHWAY,TSC1
KEGG_2026,PHOSPHOLIPASE D SIGNALING PATHWAY,PRKCA
KEGG_2026,PHOSPHOLIPASE D SIGNALING PATHWAY,AVPR1A
KEGG_2026,PHOSPHOLIPASE D SIGNALING PATHWAY,RHOA
KEGG_2026,PHOSPHOLIPASE D SIGNALING PATHWAY,DNM1
KEGG_2026,PHOSPHOLIPASE D SIGNALING PATHWAY,DNM2
KEGG_2026,PHOSPHOLIPASE D SIGNALING PATHWAY,PLCB3
KEGG_2026,PHOSPHOLIPASE D SIGNALING PATHWAY,ADCY9
KEGG_2026,PHOSPHOLIPASE D SIGNALING PATHWAY,PLCB4
KEGG_2026,PHOSPHOLIPASE D SIGNALING PATHWAY,PIK3CA
KEGG_2026,PHOSPHOLIPASE D SIGNALING PATHWAY,AGTR1
KEGG_2026,PHOSPHOLIPASE D SIGNALING PATHWAY,PLPP3
KEGG_2026,PHOSPHOLIPASE D SIGNALING PATHWAY,SOS1
KEGG_2026,PHOSPHOLIPASE D SIGNALING PATHWAY,PLCB1
KEGG_2026,PHOSPHOLIPASE D SIGNALING PATHWAY,AGXT
KEGG_2026,PHOSPHOLIPASE D SIGNALING PATHWAY,PLPP2
KEGG_2026,PHOSPHOLIPASE D SIGNALING PATHWAY,SOS2
KEGG_2026,PHOSPHOLIPASE D SIGNALING PATHWAY,PLCB2
KEGG_2026,PHOSPHOLIPASE D SIGNALING PATHWAY,PLPP1
KEGG_2026,PHOSPHOLIPASE D SIGNALING PATHWAY,RAPGEF4
KEGG_2026,PHOSPHOLIPASE D SIGNALING PATHWAY,ADCY4
KEGG_2026,PHOSPHOLIPASE D SIGNALING PATHWAY,PIK3R3
KEGG_2026,PHOSPHOLIPASE D SIGNALING PATHWAY,PIK3R2
KEGG_2026,PHOSPHOLIPASE D SIGNALING PATHWAY,ADCY2
KEGG_2026,PHOSPHOLIPASE D SIGNALING PATHWAY,PIK3R1
KEGG_2026,PHOSPHOLIPASE D SIGNALING PATHWAY,ADCY1
KEGG_2026,PHOSPHOLIPASE D SIGNALING PATHWAY,AGPAT1
KEGG_2026,PHOSPHOLIPASE D SIGNALING PATHWAY,ADCY8
KEGG_2026,PHOSPHOLIPASE D SIGNALING PATHWAY,ADCY7
KEGG_2026,PHOSPHOLIPASE D SIGNALING PATHWAY,EGFR
KEGG_2026,PHOSPHOLIPASE D SIGNALING PATHWAY,ADCY6
KEGG_2026,PHOSPHOLIPASE D SIGNALING PATHWAY,INS
KEGG_2026,PHOSPHOLIPASE D SIGNALING PATHWAY,ADCY5
KEGG_2026,PHOSPHOLIPASE D SIGNALING PATHWAY,GNA13
KEGG_2026,PHOSPHOLIPASE D SIGNALING PATHWAY,NRAS
KEGG_2026,PHOSPHOLIPASE D SIGNALING PATHWAY,PDGFC
KEGG_2026,PHOSPHOLIPASE D SIGNALING PATHWAY,GNA12
KEGG_2026,PHOSPHOLIPASE D SIGNALING PATHWAY,PLCG2
KEGG_2026,PHOSPHOLIPASE D SIGNALING PATHWAY,PIP5K1A
KEGG_2026,PHOSPHOLIPASE D SIGNALING PATHWAY,NLRP3
KEGG_2026,PHOSPHOLIPASE D SIGNALING PATHWAY,MAPK1
KEGG_2026,PHOSPHOLIPASE D SIGNALING PATHWAY,PIP5K1B
KEGG_2026,PHOSPHOLIPASE D SIGNALING PATHWAY,FYN
KEGG_2026,PHOSPHOLIPASE D SIGNALING PATHWAY,PLCG1
KEGG_2026,PHOSPHOLIPASE D SIGNALING PATHWAY,PIP5K1C
KEGG_2026,PHOSPHOLIPASE D SIGNALING PATHWAY,MAPK3
KEGG_2026,PHOSPHOLIPASE D SIGNALING PATHWAY,RHEB
KEGG_2026,PHOSPHOLIPASE D SIGNALING PATHWAY,GNAS
KEGG_2026,PHOSPHOLIPASE D SIGNALING PATHWAY,GRB2
KEGG_2026,CHAGAS DISEASE,PIK3CB
KEGG_2026,CHAGAS DISEASE,TNF
KEGG_2026,CHAGAS DISEASE,AKT2
KEGG_2026,CHAGAS DISEASE,AKT3
KEGG_2026,CHAGAS DISEASE,AKT1
KEGG_2026,CHAGAS DISEASE,IL10
KEGG_2026,CHAGAS DISEASE,FOS
KEGG_2026,CHAGAS DISEASE,TGFBR1
KEGG_2026,CHAGAS DISEASE,TGFBR2
KEGG_2026,CHAGAS DISEASE,TNFRSF1A
KEGG_2026,CHAGAS DISEASE,PLCB3
KEGG_2026,CHAGAS DISEASE,PLCB4
KEGG_2026,CHAGAS DISEASE,IFNG
KEGG_2026,CHAGAS DISEASE,PIK3CA
KEGG_2026,CHAGAS DISEASE,IL1B
KEGG_2026,CHAGAS DISEASE,PLCB1
KEGG_2026,CHAGAS DISEASE,TLR4
KEGG_2026,CHAGAS DISEASE,PLCB2
KEGG_2026,CHAGAS DISEASE,TLR2
KEGG_2026,CHAGAS DISEASE,C1QA
KEGG_2026,CHAGAS DISEASE,GNAI3
KEGG_2026,CHAGAS DISEASE,PIK3R3
KEGG_2026,CHAGAS DISEASE,PIK3R2
KEGG_2026,CHAGAS DISEASE,PIK3R1
KEGG_2026,CHAGAS DISEASE,ADCY1
KEGG_2026,CHAGAS DISEASE,GNAI1
KEGG_2026,CHAGAS DISEASE,RELA
KEGG_2026,CHAGAS DISEASE,GNAI2
KEGG_2026,CHAGAS DISEASE,MAPK9
KEGG_2026,CHAGAS DISEASE,GNA14
KEGG_2026,CHAGAS DISEASE,GNA15
KEGG_2026,CHAGAS DISEASE,MAPK8
KEGG_2026,CHAGAS DISEASE,IRAK1
KEGG_2026,CHAGAS DISEASE,GNA11
KEGG_2026,CHAGAS DISEASE,CCL2
KEGG_2026,CHAGAS DISEASE,MAPK1
KEGG_2026,CHAGAS DISEASE,MAPK3
KEGG_2026,CHAGAS DISEASE,JUN
KEGG_2026,CHAGAS DISEASE,ACE
KEGG_2026,CHAGAS DISEASE,TGFB1
KEGG_2026,CHAGAS DISEASE,GNAO1
KEGG_2026,CHAGAS DISEASE,NFKBIA
KEGG_2026,CHAGAS DISEASE,IL6
KEGG_2026,CHAGAS DISEASE,GNAL
KEGG_2026,CHAGAS DISEASE,FASN
KEGG_2026,CHAGAS DISEASE,GNAQ
KEGG_2026,CHAGAS DISEASE,GNAS
KEGG_2026,CHAGAS DISEASE,CALR
KEGG_2026,CHAGAS DISEASE,MYD88
KEGG_2026,CELL CYCLE,YWHAE
KEGG_2026,CELL CYCLE,GSK3B
KEGG_2026,CELL CYCLE,MCM7
KEGG_2026,CELL CYCLE,YWHAB
KEGG_2026,CELL CYCLE,BUB1B
KEGG_2026,CELL CYCLE,SMC3
KEGG_2026,CELL CYCLE,CDC14A
KEGG_2026,CELL CYCLE,CDC20
KEGG_2026,CELL CYCLE,CDC23
KEGG_2026,CELL CYCLE,YWHAQ
KEGG_2026,CELL CYCLE,MYC
KEGG_2026,CELL CYCLE,CHEK2
KEGG_2026,CELL CYCLE,CDC26
KEGG_2026,CELL CYCLE,CDC27
KEGG_2026,CELL CYCLE,EP300
KEGG_2026,CELL CYCLE,YWHAG
KEGG_2026,CELL CYCLE,SKP1
KEGG_2026,CELL CYCLE,YWHAH
KEGG_2026,CELL CYCLE,ESCO1
KEGG_2026,CELL CYCLE,ANAPC7
KEGG_2026,CELL CYCLE,ATRX
KEGG_2026,CELL CYCLE,ESCO2
KEGG_2026,CELL CYCLE,SMC1A
KEGG_2026,CELL CYCLE,YWHAZ
KEGG_2026,CELL CYCLE,RBX1
KEGG_2026,CELL CYCLE,MCM3
KEGG_2026,CELL CYCLE,ANAPC4
KEGG_2026,CELL CYCLE,MCM4
KEGG_2026,CELL CYCLE,ANAPC5
KEGG_2026,CELL CYCLE,MCM5
KEGG_2026,CELL CYCLE,MCM6
KEGG_2026,CELL CYCLE,TP53
KEGG_2026,CELL CYCLE,ANAPC1
KEGG_2026,CELL CYCLE,ANAPC2
KEGG_2026,CELL CYCLE,ANAPC13
KEGG_2026,CELL CYCLE,HDAC2
KEGG_2026,CELL CYCLE,ANAPC15
KEGG_2026,CELL CYCLE,ANAPC16
KEGG_2026,CELL CYCLE,PRKDC
KEGG_2026,CELL CYCLE,HDAC1
KEGG_2026,CELL CYCLE,TTK
KEGG_2026,CELL CYCLE,PDS5B
KEGG_2026,CELL CYCLE,PDS5A
KEGG_2026,CELL CYCLE,HDAC8
KEGG_2026,CELL CYCLE,ANAPC10
KEGG_2026,CELL CYCLE,ANAPC11
KEGG_2026,CELL CYCLE,ORC5
KEGG_2026,CELL CYCLE,CCNB3
KEGG_2026,CELL CYCLE,ORC4
KEGG_2026,CELL CYCLE,FZR1
KEGG_2026,CELL CYCLE,ORC3
KEGG_2026,CELL CYCLE,ABL1
KEGG_2026,CELL CYCLE,ZBTB17
KEGG_2026,CELL CYCLE,CDT1
KEGG_2026,CELL CYCLE,SMAD4
KEGG_2026,CELL CYCLE,CREBBP
KEGG_2026,CELL CYCLE,TGFB1
KEGG_2026,CELL CYCLE,CDKN2A
KEGG_2026,CELL CYCLE,PLK1
KEGG_2026,CELL CYCLE,CDC6
KEGG_2026,CELL CYCLE,CDK7
KEGG_2026,CELL CYCLE,STAG2
KEGG_2026,CELL CYCLE,CDC16
KEGG_2026,CELL CYCLE,MDM2
KEGG_2026,CELL CYCLE,TRIP13
KEGG_2026,CELL CYCLE,MAD2L1
KEGG_2026,PLATELET ACTIVATION,ITGB1
KEGG_2026,PLATELET ACTIVATION,GUCY1B1
KEGG_2026,PLATELET ACTIVATION,SNAP23
KEGG_2026,PLATELET ACTIVATION,PIK3CB
KEGG_2026,PLATELET ACTIVATION,PIK3CG
KEGG_2026,PLATELET ACTIVATION,PPP1CB
KEGG_2026,PLATELET ACTIVATION,PPP1CC
KEGG_2026,PLATELET ACTIVATION,AKT2
KEGG_2026,PLATELET ACTIVATION,PRKACG
KEGG_2026,PLATELET ACTIVATION,AKT3
KEGG_2026,PLATELET ACTIVATION,AKT1
KEGG_2026,PLATELET ACTIVATION,PRKG2
KEGG_2026,PLATELET ACTIVATION,PRKACB
KEGG_2026,PLATELET ACTIVATION,PRKG1
KEGG_2026,PLATELET ACTIVATION,GUCY1A2
KEGG_2026,PLATELET ACTIVATION,GUCY1A1
KEGG_2026,PLATELET ACTIVATION,PPP1R12A
KEGG_2026,PLATELET ACTIVATION,VWF
KEGG_2026,PLATELET ACTIVATION,PRKCA
KEGG_2026,PLATELET ACTIVATION,RHOA
KEGG_2026,PLATELET ACTIVATION,PLCB3
KEGG_2026,PLATELET ACTIVATION,ADCY9
KEGG_2026,PLATELET ACTIVATION,PLCB4
KEGG_2026,PLATELET ACTIVATION,PIK3CA
KEGG_2026,PLATELET ACTIVATION,ARHGEF1
KEGG_2026,PLATELET ACTIVATION,PLCB1
KEGG_2026,PLATELET ACTIVATION,PLCB2
KEGG_2026,PLATELET ACTIVATION,ROCK1
KEGG_2026,PLATELET ACTIVATION,SRC
KEGG_2026,PLATELET ACTIVATION,ROCK2
KEGG_2026,PLATELET ACTIVATION,GNAI3
KEGG_2026,PLATELET ACTIVATION,ADCY4
KEGG_2026,PLATELET ACTIVATION,PIK3R3
KEGG_2026,PLATELET ACTIVATION,PIK3R2
KEGG_2026,PLATELET ACTIVATION,ADCY2
KEGG_2026,PLATELET ACTIVATION,PIK3R1
KEGG_2026,PLATELET ACTIVATION,ADCY1
KEGG_2026,PLATELET ACTIVATION,ADCY8
KEGG_2026,PLATELET ACTIVATION,PRKCZ
KEGG_2026,PLATELET ACTIVATION,ADCY7
KEGG_2026,PLATELET ACTIVATION,ADCY6
KEGG_2026,PLATELET ACTIVATION,GNAI1
KEGG_2026,PLATELET ACTIVATION,MYL12B
KEGG_2026,PLATELET ACTIVATION,GNAI2
KEGG_2026,PLATELET ACTIVATION,ADCY5
KEGG_2026,PLATELET ACTIVATION,GNA13
KEGG_2026,PLATELET ACTIVATION,TBXA2R
KEGG_2026,PLATELET ACTIVATION,PLCG2
KEGG_2026,PLATELET ACTIVATION,MAPK1
KEGG_2026,PLATELET ACTIVATION,FYN
KEGG_2026,PLATELET ACTIVATION,MAPK3
KEGG_2026,PLATELET ACTIVATION,VASP
KEGG_2026,PLATELET ACTIVATION,P2RY12
KEGG_2026,PLATELET ACTIVATION,PPP1CA
KEGG_2026,PLATELET ACTIVATION,GNAQ
KEGG_2026,PLATELET ACTIVATION,GNAS
KEGG_2026,YERSINIA INFECTION,ITGB1
KEGG_2026,YERSINIA INFECTION,GSK3B
KEGG_2026,YERSINIA INFECTION,WIPF2
KEGG_2026,YERSINIA INFECTION,PIK3CB
KEGG_2026,YERSINIA INFECTION,WASL
KEGG_2026,YERSINIA INFECTION,TNF
KEGG_2026,YERSINIA INFECTION,TBK1
KEGG_2026,YERSINIA INFECTION,AKT2
KEGG_2026,YERSINIA INFECTION,AKT3
KEGG_2026,YERSINIA INFECTION,RAC2
KEGG_2026,YERSINIA INFECTION,AKT1
KEGG_2026,YERSINIA INFECTION,IL10
KEGG_2026,YERSINIA INFECTION,MAP2K1
KEGG_2026,YERSINIA INFECTION,MAP2K2
KEGG_2026,YERSINIA INFECTION,ITGA4
KEGG_2026,YERSINIA INFECTION,NCOA3
KEGG_2026,YERSINIA INFECTION,FOS
KEGG_2026,YERSINIA INFECTION,RHOA
KEGG_2026,YERSINIA INFECTION,ZAP70
KEGG_2026,YERSINIA INFECTION,PIK3CA
KEGG_2026,YERSINIA INFECTION,CD8A
KEGG_2026,YERSINIA INFECTION,LCK
KEGG_2026,YERSINIA INFECTION,IL1B
KEGG_2026,YERSINIA INFECTION,PXDN
KEGG_2026,YERSINIA INFECTION,SPNS1
KEGG_2026,YERSINIA INFECTION,ELMO1
KEGG_2026,YERSINIA INFECTION,ELMO2
KEGG_2026,YERSINIA INFECTION,ARHGEF1
KEGG_2026,YERSINIA INFECTION,ARHGEF7
KEGG_2026,YERSINIA INFECTION,TLR4
KEGG_2026,YERSINIA INFECTION,DOCK1
KEGG_2026,YERSINIA INFECTION,ROCK1
KEGG_2026,YERSINIA INFECTION,SRC
KEGG_2026,YERSINIA INFECTION,ROCK2
KEGG_2026,YERSINIA INFECTION,WAS
KEGG_2026,YERSINIA INFECTION,PIK3R3
KEGG_2026,YERSINIA INFECTION,PIK3R2
KEGG_2026,YERSINIA INFECTION,PIK3R1
KEGG_2026,YERSINIA INFECTION,MEFV
KEGG_2026,YERSINIA INFECTION,RELA
KEGG_2026,YERSINIA INFECTION,CDC42
KEGG_2026,YERSINIA INFECTION,MAPK9
KEGG_2026,YERSINIA INFECTION,MAPK8
KEGG_2026,YERSINIA INFECTION,IRAK1
KEGG_2026,YERSINIA INFECTION,PIP5K1A
KEGG_2026,YERSINIA INFECTION,NLRP3
KEGG_2026,YERSINIA INFECTION,CCL2
KEGG_2026,YERSINIA INFECTION,MAPK1
KEGG_2026,YERSINIA INFECTION,PIP5K1B
KEGG_2026,YERSINIA INFECTION,PLCG1
KEGG_2026,YERSINIA INFECTION,PIP5K1C
KEGG_2026,YERSINIA INFECTION,MAPK3
KEGG_2026,YERSINIA INFECTION,GIT2
KEGG_2026,YERSINIA INFECTION,JUN
KEGG_2026,YERSINIA INFECTION,FN1
KEGG_2026,YERSINIA INFECTION,NFKBIA
KEGG_2026,YERSINIA INFECTION,IL6
KEGG_2026,YERSINIA INFECTION,CD4
KEGG_2026,YERSINIA INFECTION,GNAQ
KEGG_2026,YERSINIA INFECTION,MYD88
KEGG_2026,ERBB SIGNALING PATHWAY,CAMK2B
KEGG_2026,ERBB SIGNALING PATHWAY,GSK3B
KEGG_2026,ERBB SIGNALING PATHWAY,CAMK2D
KEGG_2026,ERBB SIGNALING PATHWAY,SRC
KEGG_2026,ERBB SIGNALING PATHWAY,CAMK2A
KEGG_2026,ERBB SIGNALING PATHWAY,ARAF
KEGG_2026,ERBB SIGNALING PATHWAY,PIK3R3
KEGG_2026,ERBB SIGNALING PATHWAY,PIK3R2
KEGG_2026,ERBB SIGNALING PATHWAY,PIK3CB
KEGG_2026,ERBB SIGNALING PATHWAY,PIK3R1
KEGG_2026,ERBB SIGNALING PATHWAY,EGFR
KEGG_2026,ERBB SIGNALING PATHWAY,MAPK9
KEGG_2026,ERBB SIGNALING PATHWAY,MAPK8
KEGG_2026,ERBB SIGNALING PATHWAY,NRAS
KEGG_2026,ERBB SIGNALING PATHWAY,AKT2
KEGG_2026,ERBB SIGNALING PATHWAY,MYC
KEGG_2026,ERBB SIGNALING PATHWAY,AKT3
KEGG_2026,ERBB SIGNALING PATHWAY,ERBB2
KEGG_2026,ERBB SIGNALING PATHWAY,PLCG2
KEGG_2026,ERBB SIGNALING PATHWAY,ABL1
KEGG_2026,ERBB SIGNALING PATHWAY,AKT1
KEGG_2026,ERBB SIGNALING PATHWAY,ABL2
KEGG_2026,ERBB SIGNALING PATHWAY,MAPK1
KEGG_2026,ERBB SIGNALING PATHWAY,PLCG1
KEGG_2026,ERBB SIGNALING PATHWAY,HRAS
KEGG_2026,ERBB SIGNALING PATHWAY,CAMK2G
KEGG_2026,ERBB SIGNALING PATHWAY,PAK4
KEGG_2026,ERBB SIGNALING PATHWAY,MAPK3
KEGG_2026,ERBB SIGNALING PATHWAY,PRKCG
KEGG_2026,ERBB SIGNALING PATHWAY,MAP2K1
KEGG_2026,ERBB SIGNALING PATHWAY,JUN
KEGG_2026,ERBB SIGNALING PATHWAY,MAP2K2
KEGG_2026,ERBB SIGNALING PATHWAY,PRKCB
KEGG_2026,ERBB SIGNALING PATHWAY,MMAB
KEGG_2026,ERBB SIGNALING PATHWAY,KCNH8
KEGG_2026,ERBB SIGNALING PATHWAY,PRKCA
KEGG_2026,ERBB SIGNALING PATHWAY,BRAF
KEGG_2026,ERBB SIGNALING PATHWAY,PIK3CA
KEGG_2026,ERBB SIGNALING PATHWAY,GRB2
KEGG_2026,ERBB SIGNALING PATHWAY,SOS1
KEGG_2026,ERBB SIGNALING PATHWAY,ARHGEF7
KEGG_2026,ERBB SIGNALING PATHWAY,SOS2
KEGG_2026,SHIGELLOSIS,ITGB1
KEGG_2026,SHIGELLOSIS,GSK3B
KEGG_2026,SHIGELLOSIS,CSF2
KEGG_2026,SHIGELLOSIS,UBE2D2
KEGG_2026,SHIGELLOSIS,UBE2D3
KEGG_2026,SHIGELLOSIS,UBE2D1
KEGG_2026,SHIGELLOSIS,CGAS
KEGG_2026,SHIGELLOSIS,WASL
KEGG_2026,SHIGELLOSIS,PIK3CB
KEGG_2026,SHIGELLOSIS,FNBP1L
KEGG_2026,SHIGELLOSIS,TNF
KEGG_2026,SHIGELLOSIS,MAP1LC3B
KEGG_2026,SHIGELLOSIS,TBK1
KEGG_2026,SHIGELLOSIS,RPS6KA5
KEGG_2026,SHIGELLOSIS,MAP1LC3A
KEGG_2026,SHIGELLOSIS,PLCZ1
KEGG_2026,SHIGELLOSIS,AKT2
KEGG_2026,SHIGELLOSIS,AKT3
KEGG_2026,SHIGELLOSIS,AKT1
KEGG_2026,SHIGELLOSIS,PLCE1
KEGG_2026,SHIGELLOSIS,CAPN1
KEGG_2026,SHIGELLOSIS,H3-3A
KEGG_2026,SHIGELLOSIS,SKP1
KEGG_2026,SHIGELLOSIS,H3-3B
KEGG_2026,SHIGELLOSIS,FNBP1
KEGG_2026,SHIGELLOSIS,ACTN1
KEGG_2026,SHIGELLOSIS,ACTN4
KEGG_2026,SHIGELLOSIS,RHOA
KEGG_2026,SHIGELLOSIS,RBX1
KEGG_2026,SHIGELLOSIS,TNFRSF1A
KEGG_2026,SHIGELLOSIS,MYL5
KEGG_2026,SHIGELLOSIS,PLCB3
KEGG_2026,SHIGELLOSIS,PLCB4
KEGG_2026,SHIGELLOSIS,PIK3CA
KEGG_2026,SHIGELLOSIS,IL1B
KEGG_2026,SHIGELLOSIS,HKDC1
KEGG_2026,SHIGELLOSIS,PXDN
KEGG_2026,SHIGELLOSIS,ELMO1
KEGG_2026,SHIGELLOSIS,ELMO2
KEGG_2026,SHIGELLOSIS,VDAC1
KEGG_2026,SHIGELLOSIS,RBCK1
KEGG_2026,SHIGELLOSIS,PFN1
KEGG_2026,SHIGELLOSIS,PLCB1
KEGG_2026,SHIGELLOSIS,UBA52
KEGG_2026,SHIGELLOSIS,TP53
KEGG_2026,SHIGELLOSIS,MYL9
KEGG_2026,SHIGELLOSIS,TLR4
KEGG_2026,SHIGELLOSIS,PLCB2
KEGG_2026,SHIGELLOSIS,DOCK1
KEGG_2026,SHIGELLOSIS,PFN2
KEGG_2026,SHIGELLOSIS,ROCK1
KEGG_2026,SHIGELLOSIS,SRC
KEGG_2026,SHIGELLOSIS,ROCK2
KEGG_2026,SHIGELLOSIS,PIK3R3
KEGG_2026,SHIGELLOSIS,PIK3R2
KEGG_2026,SHIGELLOSIS,U2AF1
KEGG_2026,SHIGELLOSIS,PIK3R1
KEGG_2026,SHIGELLOSIS,EGFR
KEGG_2026,SHIGELLOSIS,RELA
KEGG_2026,SHIGELLOSIS,MYL12B
KEGG_2026,SHIGELLOSIS,U2AF1L4
KEGG_2026,SHIGELLOSIS,CDC42
KEGG_2026,SHIGELLOSIS,MAPK9
KEGG_2026,SHIGELLOSIS,MAPK8
KEGG_2026,SHIGELLOSIS,UBB
KEGG_2026,SHIGELLOSIS,UBC
KEGG_2026,SHIGELLOSIS,PLCG2
KEGG_2026,SHIGELLOSIS,NLRP3
KEGG_2026,SHIGELLOSIS,MAPK1
KEGG_2026,SHIGELLOSIS,PLCG1
KEGG_2026,SHIGELLOSIS,RPS27A
KEGG_2026,SHIGELLOSIS,MAPK3
KEGG_2026,SHIGELLOSIS,JUN
KEGG_2026,SHIGELLOSIS,SEPTIN2
KEGG_2026,SHIGELLOSIS,CBX3
KEGG_2026,SHIGELLOSIS,BNIP3
KEGG_2026,SHIGELLOSIS,GLMN
KEGG_2026,SHIGELLOSIS,NDUFA2
KEGG_2026,SHIGELLOSIS,HOOK3
KEGG_2026,SHIGELLOSIS,NFKBIA
KEGG_2026,SHIGELLOSIS,DIAPH1
KEGG_2026,SHIGELLOSIS,HOOK2
KEGG_2026,SHIGELLOSIS,MDM2
KEGG_2026,SHIGELLOSIS,BCL2
KEGG_2026,SHIGELLOSIS,CYCS
KEGG_2026,SHIGELLOSIS,BAX
KEGG_2026,SHIGELLOSIS,PLCD3
KEGG_2026,SHIGELLOSIS,PLCD4
KEGG_2026,SHIGELLOSIS,PLCD1
KEGG_2026,SHIGELLOSIS,MYD88
KEGG_2026,AMOEBIASIS,CSF2
KEGG_2026,AMOEBIASIS,ITGAM
KEGG_2026,AMOEBIASIS,LAMA2
KEGG_2026,AMOEBIASIS,LAMC3
KEGG_2026,AMOEBIASIS,PIK3R3
KEGG_2026,AMOEBIASIS,HSPB1
KEGG_2026,AMOEBIASIS,PIK3R2
KEGG_2026,AMOEBIASIS,LAMC2
KEGG_2026,AMOEBIASIS,PIK3R1
KEGG_2026,AMOEBIASIS,CD1D
KEGG_2026,AMOEBIASIS,PIK3CB
KEGG_2026,AMOEBIASIS,LAMC1
KEGG_2026,AMOEBIASIS,ADCY1
KEGG_2026,AMOEBIASIS,TNF
KEGG_2026,AMOEBIASIS,RELA
KEGG_2026,AMOEBIASIS,GNA14
KEGG_2026,AMOEBIASIS,GNA15
KEGG_2026,AMOEBIASIS,PRKACG
KEGG_2026,AMOEBIASIS,CASP3
KEGG_2026,AMOEBIASIS,GNA11
KEGG_2026,AMOEBIASIS,PRKACB
KEGG_2026,AMOEBIASIS,PRKCG
KEGG_2026,AMOEBIASIS,IL10
KEGG_2026,AMOEBIASIS,TGFB1
KEGG_2026,AMOEBIASIS,LAMB3
KEGG_2026,AMOEBIASIS,PRKCB
KEGG_2026,AMOEBIASIS,ACTN1
KEGG_2026,AMOEBIASIS,NDUFA2
KEGG_2026,AMOEBIASIS,FN1
KEGG_2026,AMOEBIASIS,PRKCA
KEGG_2026,AMOEBIASIS,ACTN4
KEGG_2026,AMOEBIASIS,IL6
KEGG_2026,AMOEBIASIS,PLCB3
KEGG_2026,AMOEBIASIS,GNAL
KEGG_2026,AMOEBIASIS,PLCB4
KEGG_2026,AMOEBIASIS,IFNG
KEGG_2026,AMOEBIASIS,PIK3CA
KEGG_2026,AMOEBIASIS,GNAQ
KEGG_2026,AMOEBIASIS,IL1B
KEGG_2026,AMOEBIASIS,GNAS
KEGG_2026,AMOEBIASIS,PLCB1
KEGG_2026,AMOEBIASIS,RAB7B
KEGG_2026,AMOEBIASIS,RAB5A
KEGG_2026,AMOEBIASIS,TLR4
KEGG_2026,AMOEBIASIS,PLCB2
KEGG_2026,AMOEBIASIS,TLR2
KEGG_2026,AMOEBIASIS,RAB7A
KEGG_2026,NEUROTROPHIN SIGNALING PATHWAY,YWHAE
KEGG_2026,NEUROTROPHIN SIGNALING PATHWAY,GSK3B
KEGG_2026,NEUROTROPHIN SIGNALING PATHWAY,CALML5
KEGG_2026,NEUROTROPHIN SIGNALING PATHWAY,CALML6
KEGG_2026,NEUROTROPHIN SIGNALING PATHWAY,CALML3
KEGG_2026,NEUROTROPHIN SIGNALING PATHWAY,CALML4
KEGG_2026,NEUROTROPHIN SIGNALING PATHWAY,PIK3CB
KEGG_2026,NEUROTROPHIN SIGNALING PATHWAY,RPS6KA5
KEGG_2026,NEUROTROPHIN SIGNALING PATHWAY,AKT2
KEGG_2026,NEUROTROPHIN SIGNALING PATHWAY,ARHGDIA
KEGG_2026,NEUROTROPHIN SIGNALING PATHWAY,AKT3
KEGG_2026,NEUROTROPHIN SIGNALING PATHWAY,AKT1
KEGG_2026,NEUROTROPHIN SIGNALING PATHWAY,HRAS
KEGG_2026,NEUROTROPHIN SIGNALING PATHWAY,MAP3K5
KEGG_2026,NEUROTROPHIN SIGNALING PATHWAY,MAP2K1
KEGG_2026,NEUROTROPHIN SIGNALING PATHWAY,MAP2K2
KEGG_2026,NEUROTROPHIN SIGNALING PATHWAY,RHOA
KEGG_2026,NEUROTROPHIN SIGNALING PATHWAY,PIK3CA
KEGG_2026,NEUROTROPHIN SIGNALING PATHWAY,SOS1
KEGG_2026,NEUROTROPHIN SIGNALING PATHWAY,TP53
KEGG_2026,NEUROTROPHIN SIGNALING PATHWAY,SOS2
KEGG_2026,NEUROTROPHIN SIGNALING PATHWAY,ATF4
KEGG_2026,NEUROTROPHIN SIGNALING PATHWAY,CAMK2B
KEGG_2026,NEUROTROPHIN SIGNALING PATHWAY,CAMK2D
KEGG_2026,NEUROTROPHIN SIGNALING PATHWAY,CAMK2A
KEGG_2026,NEUROTROPHIN SIGNALING PATHWAY,PIK3R3
KEGG_2026,NEUROTROPHIN SIGNALING PATHWAY,PIK3R2
KEGG_2026,NEUROTROPHIN SIGNALING PATHWAY,PIK3R1
KEGG_2026,NEUROTROPHIN SIGNALING PATHWAY,RELA
KEGG_2026,NEUROTROPHIN SIGNALING PATHWAY,CDC42
KEGG_2026,NEUROTROPHIN SIGNALING PATHWAY,MAPK9
KEGG_2026,NEUROTROPHIN SIGNALING PATHWAY,MAPK8
KEGG_2026,NEUROTROPHIN SIGNALING PATHWAY,NRAS
KEGG_2026,NEUROTROPHIN SIGNALING PATHWAY,IRAK1
KEGG_2026,NEUROTROPHIN SIGNALING PATHWAY,PLCG2
KEGG_2026,NEUROTROPHIN SIGNALING PATHWAY,ABL1
KEGG_2026,NEUROTROPHIN SIGNALING PATHWAY,MAPK1
KEGG_2026,NEUROTROPHIN SIGNALING PATHWAY,PLCG1
KEGG_2026,NEUROTROPHIN SIGNALING PATHWAY,CAMK2G
KEGG_2026,NEUROTROPHIN SIGNALING PATHWAY,SH2B1
KEGG_2026,NEUROTROPHIN SIGNALING PATHWAY,MAPK3
KEGG_2026,NEUROTROPHIN SIGNALING PATHWAY,NTRK2
KEGG_2026,NEUROTROPHIN SIGNALING PATHWAY,JUN
KEGG_2026,NEUROTROPHIN SIGNALING PATHWAY,MAP3K1
KEGG_2026,NEUROTROPHIN SIGNALING PATHWAY,BRAF
KEGG_2026,NEUROTROPHIN SIGNALING PATHWAY,NFKBIA
KEGG_2026,NEUROTROPHIN SIGNALING PATHWAY,CAMK4
KEGG_2026,NEUROTROPHIN SIGNALING PATHWAY,BCL2
KEGG_2026,NEUROTROPHIN SIGNALING PATHWAY,BAX
KEGG_2026,NEUROTROPHIN SIGNALING PATHWAY,CALM3
KEGG_2026,NEUROTROPHIN SIGNALING PATHWAY,GRB2
KEGG_2026,NEUROTROPHIN SIGNALING PATHWAY,CALM1
KEGG_2026,NEUROTROPHIN SIGNALING PATHWAY,CALM2
KEGG_2026,FOCAL ADHESION,ITGB1
KEGG_2026,FOCAL ADHESION,GSK3B
KEGG_2026,FOCAL ADHESION,ITGB5
KEGG_2026,FOCAL ADHESION,LAMC3
KEGG_2026,FOCAL ADHESION,PTEN
KEGG_2026,FOCAL ADHESION,LAMC2
KEGG_2026,FOCAL ADHESION,PIK3CB
KEGG_2026,FOCAL ADHESION,LAMC1
KEGG_2026,FOCAL ADHESION,PPP1CB
KEGG_2026,FOCAL ADHESION,PPP1CC
KEGG_2026,FOCAL ADHESION,AKT2
KEGG_2026,FOCAL ADHESION,AKT3
KEGG_2026,FOCAL ADHESION,RAC2
KEGG_2026,FOCAL ADHESION,AKT1
KEGG_2026,FOCAL ADHESION,HRAS
KEGG_2026,FOCAL ADHESION,PRKCG
KEGG_2026,FOCAL ADHESION,PDGFRB
KEGG_2026,FOCAL ADHESION,MAP2K1
KEGG_2026,FOCAL ADHESION,PPP1R12A
KEGG_2026,FOCAL ADHESION,VWF
KEGG_2026,FOCAL ADHESION,ITGA4
KEGG_2026,FOCAL ADHESION,PRKCB
KEGG_2026,FOCAL ADHESION,ACTN1
KEGG_2026,FOCAL ADHESION,NCOA3
KEGG_2026,FOCAL ADHESION,KCNH8
KEGG_2026,FOCAL ADHESION,PRKCA
KEGG_2026,FOCAL ADHESION,EMP2
KEGG_2026,FOCAL ADHESION,ACTN4
KEGG_2026,FOCAL ADHESION,RHOA
KEGG_2026,FOCAL ADHESION,MYL5
KEGG_2026,FOCAL ADHESION,SLTM
KEGG_2026,FOCAL ADHESION,PIK3CA
KEGG_2026,FOCAL ADHESION,PXDN
KEGG_2026,FOCAL ADHESION,ARHGEF7
KEGG_2026,FOCAL ADHESION,SOS1
KEGG_2026,FOCAL ADHESION,MYL9
KEGG_2026,FOCAL ADHESION,DOCK1
KEGG_2026,FOCAL ADHESION,SOS2
KEGG_2026,FOCAL ADHESION,BIRC3
KEGG_2026,FOCAL ADHESION,ROCK1
KEGG_2026,FOCAL ADHESION,LAMA2
KEGG_2026,FOCAL ADHESION,SRC
KEGG_2026,FOCAL ADHESION,ROCK2
KEGG_2026,FOCAL ADHESION,PIK3R3
KEGG_2026,FOCAL ADHESION,PIK3R2
KEGG_2026,FOCAL ADHESION,PIK3R1
KEGG_2026,FOCAL ADHESION,THBS1
KEGG_2026,FOCAL ADHESION,EGFR
KEGG_2026,FOCAL ADHESION,MYL12B
KEGG_2026,FOCAL ADHESION,CDC42
KEGG_2026,FOCAL ADHESION,VTN
KEGG_2026,FOCAL ADHESION,MAPK9
KEGG_2026,FOCAL ADHESION,MAPK8
KEGG_2026,FOCAL ADHESION,PDGFC
KEGG_2026,FOCAL ADHESION,CHAD
KEGG_2026,FOCAL ADHESION,ERBB2
KEGG_2026,FOCAL ADHESION,PIP5K1A
KEGG_2026,FOCAL ADHESION,FLNA
KEGG_2026,FOCAL ADHESION,MAPK1
KEGG_2026,FOCAL ADHESION,PIP5K1B
KEGG_2026,FOCAL ADHESION,FLNB
KEGG_2026,FOCAL ADHESION,FYN
KEGG_2026,FOCAL ADHESION,PIP5K1C
KEGG_2026,FOCAL ADHESION,PAK4
KEGG_2026,FOCAL ADHESION,MAPK3
KEGG_2026,FOCAL ADHESION,VASP
KEGG_2026,FOCAL ADHESION,JUN
KEGG_2026,FOCAL ADHESION,LAMB3
KEGG_2026,FOCAL ADHESION,CAV1
KEGG_2026,FOCAL ADHESION,FN1
KEGG_2026,FOCAL ADHESION,BRAF
KEGG_2026,FOCAL ADHESION,PPP1CA
KEGG_2026,FOCAL ADHESION,DIAPH1
KEGG_2026,FOCAL ADHESION,BCL2
KEGG_2026,FOCAL ADHESION,CTNNB1
KEGG_2026,FOCAL ADHESION,GRB2
KEGG_2026,FOCAL ADHESION,COL9A2
KEGG_2026,NON-SMALL CELL LUNG CANCER,ALK
KEGG_2026,NON-SMALL CELL LUNG CANCER,ARAF
KEGG_2026,NON-SMALL CELL LUNG CANCER,PIK3R3
KEGG_2026,NON-SMALL CELL LUNG CANCER,PIK3R2
KEGG_2026,NON-SMALL CELL LUNG CANCER,PIK3CB
KEGG_2026,NON-SMALL CELL LUNG CANCER,PIK3R1
KEGG_2026,NON-SMALL CELL LUNG CANCER,EGFR
KEGG_2026,NON-SMALL CELL LUNG CANCER,NRAS
KEGG_2026,NON-SMALL CELL LUNG CANCER,AKT2
KEGG_2026,NON-SMALL CELL LUNG CANCER,KIF5B
KEGG_2026,NON-SMALL CELL LUNG CANCER,KIF5A
KEGG_2026,NON-SMALL CELL LUNG CANCER,AKT3
KEGG_2026,NON-SMALL CELL LUNG CANCER,ERBB2
KEGG_2026,NON-SMALL CELL LUNG CANCER,PLCG2
KEGG_2026,NON-SMALL CELL LUNG CANCER,AKT1
KEGG_2026,NON-SMALL CELL LUNG CANCER,MAPK1
KEGG_2026,NON-SMALL CELL LUNG CANCER,PLCG1
KEGG_2026,NON-SMALL CELL LUNG CANCER,HRAS
KEGG_2026,NON-SMALL CELL LUNG CANCER,RXRG
KEGG_2026,NON-SMALL CELL LUNG CANCER,MAPK3
KEGG_2026,NON-SMALL CELL LUNG CANCER,PRKCG
KEGG_2026,NON-SMALL CELL LUNG CANCER,MAP2K1
KEGG_2026,NON-SMALL CELL LUNG CANCER,MAP2K2
KEGG_2026,NON-SMALL CELL LUNG CANCER,PRKCB
KEGG_2026,NON-SMALL CELL LUNG CANCER,CDKN2A
KEGG_2026,NON-SMALL CELL LUNG CANCER,STAT3
KEGG_2026,NON-SMALL CELL LUNG CANCER,PRKCA
KEGG_2026,NON-SMALL CELL LUNG CANCER,BRAF
KEGG_2026,NON-SMALL CELL LUNG CANCER,EML4
KEGG_2026,NON-SMALL CELL LUNG CANCER,PIK3CA
KEGG_2026,NON-SMALL CELL LUNG CANCER,SLTM
KEGG_2026,NON-SMALL CELL LUNG CANCER,RARB
KEGG_2026,NON-SMALL CELL LUNG CANCER,BAX
KEGG_2026,NON-SMALL CELL LUNG CANCER,GRB2
KEGG_2026,NON-SMALL CELL LUNG CANCER,SOS1
KEGG_2026,NON-SMALL CELL LUNG CANCER,SOS2
KEGG_2026,NON-SMALL CELL LUNG CANCER,TP53
KEGG_2026,RAP1 SIGNALING PATHWAY,ITGB1
KEGG_2026,RAP1 SIGNALING PATHWAY,DOCK4
KEGG_2026,RAP1 SIGNALING PATHWAY,ITGAM
KEGG_2026,RAP1 SIGNALING PATHWAY,CALML5
KEGG_2026,RAP1 SIGNALING PATHWAY,CSF1
KEGG_2026,RAP1 SIGNALING PATHWAY,CALML6
KEGG_2026,RAP1 SIGNALING PATHWAY,CALML3
KEGG_2026,RAP1 SIGNALING PATHWAY,CALML4
KEGG_2026,RAP1 SIGNALING PATHWAY,PIK3CB
KEGG_2026,RAP1 SIGNALING PATHWAY,SIPA1L2
KEGG_2026,RAP1 SIGNALING PATHWAY,AKT2
KEGG_2026,RAP1 SIGNALING PATHWAY,AKT3
KEGG_2026,RAP1 SIGNALING PATHWAY,RAC2
KEGG_2026,RAP1 SIGNALING PATHWAY,AKT1
KEGG_2026,RAP1 SIGNALING PATHWAY,PLCE1
KEGG_2026,RAP1 SIGNALING PATHWAY,HRAS
KEGG_2026,RAP1 SIGNALING PATHWAY,PRKCG
KEGG_2026,RAP1 SIGNALING PATHWAY,PDGFRB
KEGG_2026,RAP1 SIGNALING PATHWAY,MAP2K1
KEGG_2026,RAP1 SIGNALING PATHWAY,MAP2K2
KEGG_2026,RAP1 SIGNALING PATHWAY,PRKCB
KEGG_2026,RAP1 SIGNALING PATHWAY,NCOA3
KEGG_2026,RAP1 SIGNALING PATHWAY,PRKCA
KEGG_2026,RAP1 SIGNALING PATHWAY,RHOA
KEGG_2026,RAP1 SIGNALING PATHWAY,ENAH
KEGG_2026,RAP1 SIGNALING PATHWAY,PLCB3
KEGG_2026,RAP1 SIGNALING PATHWAY,ADCY9
KEGG_2026,RAP1 SIGNALING PATHWAY,PLCB4
KEGG_2026,RAP1 SIGNALING PATHWAY,SLTM
KEGG_2026,RAP1 SIGNALING PATHWAY,ADORA2A
KEGG_2026,RAP1 SIGNALING PATHWAY,PIK3CA
KEGG_2026,RAP1 SIGNALING PATHWAY,PRKD3
KEGG_2026,RAP1 SIGNALING PATHWAY,PARD3
KEGG_2026,RAP1 SIGNALING PATHWAY,SPNS1
KEGG_2026,RAP1 SIGNALING PATHWAY,PRKD2
KEGG_2026,RAP1 SIGNALING PATHWAY,PRKD1
KEGG_2026,RAP1 SIGNALING PATHWAY,PFN1
KEGG_2026,RAP1 SIGNALING PATHWAY,PLCB1
KEGG_2026,RAP1 SIGNALING PATHWAY,SOS1
KEGG_2026,RAP1 SIGNALING PATHWAY,PLCB2
KEGG_2026,RAP1 SIGNALING PATHWAY,PFN2
KEGG_2026,RAP1 SIGNALING PATHWAY,RAPGEF4
KEGG_2026,RAP1 SIGNALING PATHWAY,SRC
KEGG_2026,RAP1 SIGNALING PATHWAY,FPR1
KEGG_2026,RAP1 SIGNALING PATHWAY,GNAI3
KEGG_2026,RAP1 SIGNALING PATHWAY,ADCY4
KEGG_2026,RAP1 SIGNALING PATHWAY,PIK3R3
KEGG_2026,RAP1 SIGNALING PATHWAY,PIK3R2
KEGG_2026,RAP1 SIGNALING PATHWAY,ADCY2
KEGG_2026,RAP1 SIGNALING PATHWAY,PIK3R1
KEGG_2026,RAP1 SIGNALING PATHWAY,ADCY1
KEGG_2026,RAP1 SIGNALING PATHWAY,ADCY8
KEGG_2026,RAP1 SIGNALING PATHWAY,PRKCZ
KEGG_2026,RAP1 SIGNALING PATHWAY,ADCY7
KEGG_2026,RAP1 SIGNALING PATHWAY,THBS1
KEGG_2026,RAP1 SIGNALING PATHWAY,EGFR
KEGG_2026,RAP1 SIGNALING PATHWAY,ADCY6
KEGG_2026,RAP1 SIGNALING PATHWAY,GNAI1
KEGG_2026,RAP1 SIGNALING PATHWAY,GNAI2
KEGG_2026,RAP1 SIGNALING PATHWAY,ADCY5
KEGG_2026,RAP1 SIGNALING PATHWAY,INS
KEGG_2026,RAP1 SIGNALING PATHWAY,CDC42
KEGG_2026,RAP1 SIGNALING PATHWAY,NRAS
KEGG_2026,RAP1 SIGNALING PATHWAY,FZR1
KEGG_2026,RAP1 SIGNALING PATHWAY,PARD6A
KEGG_2026,RAP1 SIGNALING PATHWAY,PDGFC
KEGG_2026,RAP1 SIGNALING PATHWAY,MAPK1
KEGG_2026,RAP1 SIGNALING PATHWAY,PLCG1
KEGG_2026,RAP1 SIGNALING PATHWAY,DRD2
KEGG_2026,RAP1 SIGNALING PATHWAY,MAPK3
KEGG_2026,RAP1 SIGNALING PATHWAY,VASP
KEGG_2026,RAP1 SIGNALING PATHWAY,BRAF
KEGG_2026,RAP1 SIGNALING PATHWAY,GNAO1
KEGG_2026,RAP1 SIGNALING PATHWAY,GNAQ
KEGG_2026,RAP1 SIGNALING PATHWAY,GNAS
KEGG_2026,RAP1 SIGNALING PATHWAY,CTNNB1
KEGG_2026,RAP1 SIGNALING PATHWAY,CALM3
KEGG_2026,RAP1 SIGNALING PATHWAY,CALM1
KEGG_2026,RAP1 SIGNALING PATHWAY,CALM2
KEGG_2026,RAP1 SIGNALING PATHWAY,FGFR1
KEGG_2026,MANNOSE TYPE O-GLYCAN BIOSYNTHESIS,B3GALNT2
KEGG_2026,MANNOSE TYPE O-GLYCAN BIOSYNTHESIS,POMT2
KEGG_2026,MANNOSE TYPE O-GLYCAN BIOSYNTHESIS,B4GALT2
KEGG_2026,MANNOSE TYPE O-GLYCAN BIOSYNTHESIS,B4GALT3
KEGG_2026,MANNOSE TYPE O-GLYCAN BIOSYNTHESIS,FKRP
KEGG_2026,MANNOSE TYPE O-GLYCAN BIOSYNTHESIS,B4GALT1
KEGG_2026,MANNOSE TYPE O-GLYCAN BIOSYNTHESIS,CRPPA
KEGG_2026,MANNOSE TYPE O-GLYCAN BIOSYNTHESIS,POMT1
KEGG_2026,MANNOSE TYPE O-GLYCAN BIOSYNTHESIS,POMGNT2
KEGG_2026,MANNOSE TYPE O-GLYCAN BIOSYNTHESIS,POMGNT1
KEGG_2026,MANNOSE TYPE O-GLYCAN BIOSYNTHESIS,B4GAT1
KEGG_2026,MANNOSE TYPE O-GLYCAN BIOSYNTHESIS,MGAT5B
KEGG_2026,MANNOSE TYPE O-GLYCAN BIOSYNTHESIS,CHST10
KEGG_2026,MANNOSE TYPE O-GLYCAN BIOSYNTHESIS,POMK
KEGG_2026,MANNOSE TYPE O-GLYCAN BIOSYNTHESIS,RXYLT1
KEGG_2026,MANNOSE TYPE O-GLYCAN BIOSYNTHESIS,LARGE1
KEGG_2026,MANNOSE TYPE O-GLYCAN BIOSYNTHESIS,LARGE2
KEGG_2026,MANNOSE TYPE O-GLYCAN BIOSYNTHESIS,FKTN
KEGG_2026,CORTISOL SYNTHESIS AND SECRETION,SCARB1
KEGG_2026,CORTISOL SYNTHESIS AND SECRETION,ATF6B
KEGG_2026,CORTISOL SYNTHESIS AND SECRETION,ADCY4
KEGG_2026,CORTISOL SYNTHESIS AND SECRETION,ADCY2
KEGG_2026,CORTISOL SYNTHESIS AND SECRETION,ADCY1
KEGG_2026,CORTISOL SYNTHESIS AND SECRETION,CACNA1F
KEGG_2026,CORTISOL SYNTHESIS AND SECRETION,ADCY8
KEGG_2026,CORTISOL SYNTHESIS AND SECRETION,ADCY7
KEGG_2026,CORTISOL SYNTHESIS AND SECRETION,ADCY6
KEGG_2026,CORTISOL SYNTHESIS AND SECRETION,ADCY5
KEGG_2026,CORTISOL SYNTHESIS AND SECRETION,MC2R
KEGG_2026,CORTISOL SYNTHESIS AND SECRETION,CREB3L3
KEGG_2026,CORTISOL SYNTHESIS AND SECRETION,CREB3L4
KEGG_2026,CORTISOL SYNTHESIS AND SECRETION,CYP11A1
KEGG_2026,CORTISOL SYNTHESIS AND SECRETION,PRKACG
KEGG_2026,CORTISOL SYNTHESIS AND SECRETION,CREB3L1
KEGG_2026,CORTISOL SYNTHESIS AND SECRETION,GNA11
KEGG_2026,CORTISOL SYNTHESIS AND SECRETION,CREB3L2
KEGG_2026,CORTISOL SYNTHESIS AND SECRETION,PRKACB
KEGG_2026,CORTISOL SYNTHESIS AND SECRETION,PRKCA
KEGG_2026,CORTISOL SYNTHESIS AND SECRETION,POMC
KEGG_2026,CORTISOL SYNTHESIS AND SECRETION,PLCB3
KEGG_2026,CORTISOL SYNTHESIS AND SECRETION,PLCB4
KEGG_2026,CORTISOL SYNTHESIS AND SECRETION,CREB1
KEGG_2026,CORTISOL SYNTHESIS AND SECRETION,ADCY9
KEGG_2026,CORTISOL SYNTHESIS AND SECRETION,GNAQ
KEGG_2026,CORTISOL SYNTHESIS AND SECRETION,AGTR1
KEGG_2026,CORTISOL SYNTHESIS AND SECRETION,GNAS
KEGG_2026,CORTISOL SYNTHESIS AND SECRETION,PLCB1
KEGG_2026,CORTISOL SYNTHESIS AND SECRETION,AGXT
KEGG_2026,CORTISOL SYNTHESIS AND SECRETION,PLCB2
KEGG_2026,CORTISOL SYNTHESIS AND SECRETION,KCNK2
KEGG_2026,CORTISOL SYNTHESIS AND SECRETION,CREB5
KEGG_2026,CORTISOL SYNTHESIS AND SECRETION,ATF4
KEGG_2026,N-GLYCAN BIOSYNTHESIS,DPAGT1
KEGG_2026,N-GLYCAN BIOSYNTHESIS,B4GALT2
KEGG_2026,N-GLYCAN BIOSYNTHESIS,B4GALT3
KEGG_2026,N-GLYCAN BIOSYNTHESIS,B4GALT1
KEGG_2026,N-GLYCAN BIOSYNTHESIS,RPN2
KEGG_2026,N-GLYCAN BIOSYNTHESIS,RPN1
KEGG_2026,N-GLYCAN BIOSYNTHESIS,GANAB
KEGG_2026,N-GLYCAN BIOSYNTHESIS,MAN2A2
KEGG_2026,N-GLYCAN BIOSYNTHESIS,MAN2A1
KEGG_2026,N-GLYCAN BIOSYNTHESIS,MGAT5
KEGG_2026,N-GLYCAN BIOSYNTHESIS,MGAT5B
KEGG_2026,N-GLYCAN BIOSYNTHESIS,ALG8
KEGG_2026,N-GLYCAN BIOSYNTHESIS,ST6GAL2
KEGG_2026,N-GLYCAN BIOSYNTHESIS,ALG6
KEGG_2026,N-GLYCAN BIOSYNTHESIS,ALG5
KEGG_2026,N-GLYCAN BIOSYNTHESIS,SRD5A3
KEGG_2026,N-GLYCAN BIOSYNTHESIS,ALG14
KEGG_2026,N-GLYCAN BIOSYNTHESIS,ALG13
KEGG_2026,N-GLYCAN BIOSYNTHESIS,ALG3
KEGG_2026,N-GLYCAN BIOSYNTHESIS,ALG12
KEGG_2026,N-GLYCAN BIOSYNTHESIS,DOLK
KEGG_2026,N-GLYCAN BIOSYNTHESIS,ALG11
KEGG_2026,N-GLYCAN BIOSYNTHESIS,ALG1
KEGG_2026,N-GLYCAN BIOSYNTHESIS,DDOST
KEGG_2026,N-GLYCAN BIOSYNTHESIS,DPM1
KEGG_2026,N-GLYCAN BIOSYNTHESIS,DPM2
KEGG_2026,N-GLYCAN BIOSYNTHESIS,DPM3
KEGG_2026,N-GLYCAN BIOSYNTHESIS,DOLPP1
KEGG_2026,N-GLYCAN BIOSYNTHESIS,MGAT4A
KEGG_2026,N-GLYCAN BIOSYNTHESIS,MGAT4B
KEGG_2026,N-GLYCAN BIOSYNTHESIS,MAN1B1
KEGG_2026,PENTOSE PHOSPHATE PATHWAY,PRPS2
KEGG_2026,PENTOSE PHOSPHATE PATHWAY,TKTL2
KEGG_2026,PENTOSE PHOSPHATE PATHWAY,TKTL1
KEGG_2026,PENTOSE PHOSPHATE PATHWAY,H6PD
KEGG_2026,PENTOSE PHOSPHATE PATHWAY,GLYCTK
KEGG_2026,PENTOSE PHOSPHATE PATHWAY,TALDO1
KEGG_2026,PENTOSE PHOSPHATE PATHWAY,LOC112694756
KEGG_2026,PENTOSE PHOSPHATE PATHWAY,DERA
KEGG_2026,PENTOSE PHOSPHATE PATHWAY,RPIA
KEGG_2026,PENTOSE PHOSPHATE PATHWAY,PFKL
KEGG_2026,PENTOSE PHOSPHATE PATHWAY,GNPDA1
KEGG_2026,PENTOSE PHOSPHATE PATHWAY,PGM2
KEGG_2026,PENTOSE PHOSPHATE PATHWAY,PHGDH
KEGG_2026,PENTOSE PHOSPHATE PATHWAY,ALDOC
KEGG_2026,PENTOSE PHOSPHATE PATHWAY,ALDOB
KEGG_2026,PENTOSE PHOSPHATE PATHWAY,PRPS1L1
KEGG_2026,PENTOSE PHOSPHATE PATHWAY,TKT
KEGG_2026,PENTOSE PHOSPHATE PATHWAY,FBP1
KEGG_2026,PENTOSE PHOSPHATE PATHWAY,PFKM
KEGG_2026,PENTOSE PHOSPHATE PATHWAY,PGM1
KEGG_2026,PENTOSE PHOSPHATE PATHWAY,PFKP
KEGG_2026,SPHINGOLIPID SIGNALING PATHWAY,PTEN
KEGG_2026,SPHINGOLIPID SIGNALING PATHWAY,PIK3CB
KEGG_2026,SPHINGOLIPID SIGNALING PATHWAY,TNF
KEGG_2026,SPHINGOLIPID SIGNALING PATHWAY,SPTLC1
KEGG_2026,SPHINGOLIPID SIGNALING PATHWAY,AKT2
KEGG_2026,SPHINGOLIPID SIGNALING PATHWAY,SMPD1
KEGG_2026,SPHINGOLIPID SIGNALING PATHWAY,AKT3
KEGG_2026,SPHINGOLIPID SIGNALING PATHWAY,RAC2
KEGG_2026,SPHINGOLIPID SIGNALING PATHWAY,AKT1
KEGG_2026,SPHINGOLIPID SIGNALING PATHWAY,HRAS
KEGG_2026,SPHINGOLIPID SIGNALING PATHWAY,CTSD
KEGG_2026,SPHINGOLIPID SIGNALING PATHWAY,MAP3K5
KEGG_2026,SPHINGOLIPID SIGNALING PATHWAY,PRKCG
KEGG_2026,SPHINGOLIPID SIGNALING PATHWAY,MAP2K1
KEGG_2026,SPHINGOLIPID SIGNALING PATHWAY,MAP2K2
KEGG_2026,SPHINGOLIPID SIGNALING PATHWAY,PRKCB
KEGG_2026,SPHINGOLIPID SIGNALING PATHWAY,NCOA3
KEGG_2026,SPHINGOLIPID SIGNALING PATHWAY,PRKCA
KEGG_2026,SPHINGOLIPID SIGNALING PATHWAY,RHOA
KEGG_2026,SPHINGOLIPID SIGNALING PATHWAY,TNFRSF1A
KEGG_2026,SPHINGOLIPID SIGNALING PATHWAY,PLCB3
KEGG_2026,SPHINGOLIPID SIGNALING PATHWAY,PLCB4
KEGG_2026,SPHINGOLIPID SIGNALING PATHWAY,PIK3CA
KEGG_2026,SPHINGOLIPID SIGNALING PATHWAY,PLCB1
KEGG_2026,SPHINGOLIPID SIGNALING PATHWAY,TP53
KEGG_2026,SPHINGOLIPID SIGNALING PATHWAY,PLCB2
KEGG_2026,SPHINGOLIPID SIGNALING PATHWAY,ASAH2
KEGG_2026,SPHINGOLIPID SIGNALING PATHWAY,ROCK1
KEGG_2026,SPHINGOLIPID SIGNALING PATHWAY,ROCK2
KEGG_2026,SPHINGOLIPID SIGNALING PATHWAY,GNAI3
KEGG_2026,SPHINGOLIPID SIGNALING PATHWAY,PIK3R3
KEGG_2026,SPHINGOLIPID SIGNALING PATHWAY,PIK3R2
KEGG_2026,SPHINGOLIPID SIGNALING PATHWAY,PIK3R1
KEGG_2026,SPHINGOLIPID SIGNALING PATHWAY,PRKCZ
KEGG_2026,SPHINGOLIPID SIGNALING PATHWAY,GNAI1
KEGG_2026,SPHINGOLIPID SIGNALING PATHWAY,RELA
KEGG_2026,SPHINGOLIPID SIGNALING PATHWAY,GNAI2
KEGG_2026,SPHINGOLIPID SIGNALING PATHWAY,GNA13
KEGG_2026,SPHINGOLIPID SIGNALING PATHWAY,MAPK9
KEGG_2026,SPHINGOLIPID SIGNALING PATHWAY,MAPK8
KEGG_2026,SPHINGOLIPID SIGNALING PATHWAY,NRAS
KEGG_2026,SPHINGOLIPID SIGNALING PATHWAY,GNA12
KEGG_2026,SPHINGOLIPID SIGNALING PATHWAY,MAPK1
KEGG_2026,SPHINGOLIPID SIGNALING PATHWAY,FYN
KEGG_2026,SPHINGOLIPID SIGNALING PATHWAY,MAPK3
KEGG_2026,SPHINGOLIPID SIGNALING PATHWAY,SGPP2
KEGG_2026,SPHINGOLIPID SIGNALING PATHWAY,SGPP1
KEGG_2026,SPHINGOLIPID SIGNALING PATHWAY,ACER2
KEGG_2026,SPHINGOLIPID SIGNALING PATHWAY,ACER1
KEGG_2026,SPHINGOLIPID SIGNALING PATHWAY,GNAQ
KEGG_2026,SPHINGOLIPID SIGNALING PATHWAY,BCL2
KEGG_2026,SPHINGOLIPID SIGNALING PATHWAY,BAX
KEGG_2026,SPHINGOLIPID SIGNALING PATHWAY,DEGS1
KEGG_2026,COLORECTAL CANCER,GSK3B
KEGG_2026,COLORECTAL CANCER,ARAF
KEGG_2026,COLORECTAL CANCER,PIK3R3
KEGG_2026,COLORECTAL CANCER,PIK3R2
KEGG_2026,COLORECTAL CANCER,PIK3CB
KEGG_2026,COLORECTAL CANCER,PIK3R1
KEGG_2026,COLORECTAL CANCER,EGFR
KEGG_2026,COLORECTAL CANCER,MAPK9
KEGG_2026,COLORECTAL CANCER,MAPK8
KEGG_2026,COLORECTAL CANCER,NRAS
KEGG_2026,COLORECTAL CANCER,BCL2L11
KEGG_2026,COLORECTAL CANCER,AKT2
KEGG_2026,COLORECTAL CANCER,MYC
KEGG_2026,COLORECTAL CANCER,CASP3
KEGG_2026,COLORECTAL CANCER,AKT3
KEGG_2026,COLORECTAL CANCER,RAC2
KEGG_2026,COLORECTAL CANCER,AKT1
KEGG_2026,COLORECTAL CANCER,MAPK1
KEGG_2026,COLORECTAL CANCER,HRAS
KEGG_2026,COLORECTAL CANCER,APPL1
KEGG_2026,COLORECTAL CANCER,MAPK3
KEGG_2026,COLORECTAL CANCER,MAP2K1
KEGG_2026,COLORECTAL CANCER,SMAD4
KEGG_2026,COLORECTAL CANCER,JUN
KEGG_2026,COLORECTAL CANCER,MAP2K2
KEGG_2026,COLORECTAL CANCER,TGFB1
KEGG_2026,COLORECTAL CANCER,NCOA3
KEGG_2026,COLORECTAL CANCER,BRAF
KEGG_2026,COLORECTAL CANCER,FOS
KEGG_2026,COLORECTAL CANCER,TGFBR1
KEGG_2026,COLORECTAL CANCER,RHOA
KEGG_2026,COLORECTAL CANCER,TGFBR2
KEGG_2026,COLORECTAL CANCER,PIK3CA
KEGG_2026,COLORECTAL CANCER,BCL2
KEGG_2026,COLORECTAL CANCER,BAX
KEGG_2026,COLORECTAL CANCER,CYCS
KEGG_2026,COLORECTAL CANCER,CTNNB1
KEGG_2026,COLORECTAL CANCER,GRB2
KEGG_2026,COLORECTAL CANCER,SOS1
KEGG_2026,COLORECTAL CANCER,TP53
KEGG_2026,COLORECTAL CANCER,SOS2
KEGG_2026,HERPES SIMPLEX VIRUS 1 INFECTION,CGAS
KEGG_2026,HERPES SIMPLEX VIRUS 1 INFECTION,PIK3CB
KEGG_2026,HERPES SIMPLEX VIRUS 1 INFECTION,TNF
KEGG_2026,HERPES SIMPLEX VIRUS 1 INFECTION,PPP1CB
KEGG_2026,HERPES SIMPLEX VIRUS 1 INFECTION,PPP1CC
KEGG_2026,HERPES SIMPLEX VIRUS 1 INFECTION,TBK1
KEGG_2026,HERPES SIMPLEX VIRUS 1 INFECTION,AKT2
KEGG_2026,HERPES SIMPLEX VIRUS 1 INFECTION,CASP3
KEGG_2026,HERPES SIMPLEX VIRUS 1 INFECTION,AKT3
KEGG_2026,HERPES SIMPLEX VIRUS 1 INFECTION,AKT1
KEGG_2026,HERPES SIMPLEX VIRUS 1 INFECTION,JAK2
KEGG_2026,HERPES SIMPLEX VIRUS 1 INFECTION,IKBKE
KEGG_2026,HERPES SIMPLEX VIRUS 1 INFECTION,DAXX
KEGG_2026,HERPES SIMPLEX VIRUS 1 INFECTION,HLA-B
KEGG_2026,HERPES SIMPLEX VIRUS 1 INFECTION,TSC1
KEGG_2026,HERPES SIMPLEX VIRUS 1 INFECTION,HLA-A
KEGG_2026,HERPES SIMPLEX VIRUS 1 INFECTION,HCFC2
KEGG_2026,HERPES SIMPLEX VIRUS 1 INFECTION,HCFC1
KEGG_2026,HERPES SIMPLEX VIRUS 1 INFECTION,TNFRSF1A
KEGG_2026,HERPES SIMPLEX VIRUS 1 INFECTION,TAPBP
KEGG_2026,HERPES SIMPLEX VIRUS 1 INFECTION,IFNG
KEGG_2026,HERPES SIMPLEX VIRUS 1 INFECTION,PIK3CA
KEGG_2026,HERPES SIMPLEX VIRUS 1 INFECTION,TRAF3
KEGG_2026,HERPES SIMPLEX VIRUS 1 INFECTION,IL1B
KEGG_2026,HERPES SIMPLEX VIRUS 1 INFECTION,SRSF2
KEGG_2026,HERPES SIMPLEX VIRUS 1 INFECTION,SRSF3
KEGG_2026,HERPES SIMPLEX VIRUS 1 INFECTION,SRSF4
KEGG_2026,HERPES SIMPLEX VIRUS 1 INFECTION,SRSF5
KEGG_2026,HERPES SIMPLEX VIRUS 1 INFECTION,SRSF6
KEGG_2026,HERPES SIMPLEX VIRUS 1 INFECTION,SRSF7
KEGG_2026,HERPES SIMPLEX VIRUS 1 INFECTION,TP53
KEGG_2026,HERPES SIMPLEX VIRUS 1 INFECTION,SRSF9
KEGG_2026,HERPES SIMPLEX VIRUS 1 INFECTION,IFNAR1
KEGG_2026,HERPES SIMPLEX VIRUS 1 INFECTION,TLR2
KEGG_2026,HERPES SIMPLEX VIRUS 1 INFECTION,BIRC3
KEGG_2026,HERPES SIMPLEX VIRUS 1 INFECTION,SP100
KEGG_2026,HERPES SIMPLEX VIRUS 1 INFECTION,SRC
KEGG_2026,HERPES SIMPLEX VIRUS 1 INFECTION,SRSF1
KEGG_2026,HERPES SIMPLEX VIRUS 1 INFECTION,PIK3R3
KEGG_2026,HERPES SIMPLEX VIRUS 1 INFECTION,PIK3R2
KEGG_2026,HERPES SIMPLEX VIRUS 1 INFECTION,ZC3HAV1
KEGG_2026,HERPES SIMPLEX VIRUS 1 INFECTION,PIK3R1
KEGG_2026,HERPES SIMPLEX VIRUS 1 INFECTION,RELA
KEGG_2026,HERPES SIMPLEX VIRUS 1 INFECTION,SOCS3
KEGG_2026,HERPES SIMPLEX VIRUS 1 INFECTION,IRAK1
KEGG_2026,HERPES SIMPLEX VIRUS 1 INFECTION,CCL2
KEGG_2026,HERPES SIMPLEX VIRUS 1 INFECTION,EIF2B4
KEGG_2026,HERPES SIMPLEX VIRUS 1 INFECTION,EIF2B3
KEGG_2026,HERPES SIMPLEX VIRUS 1 INFECTION,POU2F1
KEGG_2026,HERPES SIMPLEX VIRUS 1 INFECTION,STAT1
KEGG_2026,HERPES SIMPLEX VIRUS 1 INFECTION,ALYREF
KEGG_2026,HERPES SIMPLEX VIRUS 1 INFECTION,EIF2AK1
KEGG_2026,HERPES SIMPLEX VIRUS 1 INFECTION,STAT2
KEGG_2026,HERPES SIMPLEX VIRUS 1 INFECTION,EIF2AK3
KEGG_2026,HERPES SIMPLEX VIRUS 1 INFECTION,EIF2AK4
KEGG_2026,HERPES SIMPLEX VIRUS 1 INFECTION,POU2F2
KEGG_2026,HERPES SIMPLEX VIRUS 1 INFECTION,EIF2S1
KEGG_2026,HERPES SIMPLEX VIRUS 1 INFECTION,PML
KEGG_2026,HERPES SIMPLEX VIRUS 1 INFECTION,SRPK1
KEGG_2026,HERPES SIMPLEX VIRUS 1 INFECTION,PPP1CA
KEGG_2026,HERPES SIMPLEX VIRUS 1 INFECTION,NFKBIA
KEGG_2026,HERPES SIMPLEX VIRUS 1 INFECTION,MAVS
KEGG_2026,HERPES SIMPLEX VIRUS 1 INFECTION,IL6
KEGG_2026,HERPES SIMPLEX VIRUS 1 INFECTION,RHEB
KEGG_2026,HERPES SIMPLEX VIRUS 1 INFECTION,FASN
KEGG_2026,HERPES SIMPLEX VIRUS 1 INFECTION,BCL2
KEGG_2026,HERPES SIMPLEX VIRUS 1 INFECTION,CYCS
KEGG_2026,HERPES SIMPLEX VIRUS 1 INFECTION,BAX
KEGG_2026,HERPES SIMPLEX VIRUS 1 INFECTION,CALR
KEGG_2026,HERPES SIMPLEX VIRUS 1 INFECTION,MYD88
KEGG_2026,SEROTONERGIC SYNAPSE,GABRB1
KEGG_2026,SEROTONERGIC SYNAPSE,ARAF
KEGG_2026,SEROTONERGIC SYNAPSE,HTR2B
KEGG_2026,SEROTONERGIC SYNAPSE,HTR2C
KEGG_2026,SEROTONERGIC SYNAPSE,GNGT1
KEGG_2026,SEROTONERGIC SYNAPSE,GNGT2
KEGG_2026,SEROTONERGIC SYNAPSE,PRKACG
KEGG_2026,SEROTONERGIC SYNAPSE,CASP3
KEGG_2026,SEROTONERGIC SYNAPSE,PRKACB
KEGG_2026,SEROTONERGIC SYNAPSE,HRAS
KEGG_2026,SEROTONERGIC SYNAPSE,PRKCG
KEGG_2026,SEROTONERGIC SYNAPSE,MAP2K1
KEGG_2026,SEROTONERGIC SYNAPSE,PRKCB
KEGG_2026,SEROTONERGIC SYNAPSE,PRKCA
KEGG_2026,SEROTONERGIC SYNAPSE,PLCB3
KEGG_2026,SEROTONERGIC SYNAPSE,PLCB4
KEGG_2026,SEROTONERGIC SYNAPSE,PLCB1
KEGG_2026,SEROTONERGIC SYNAPSE,PLCB2
KEGG_2026,SEROTONERGIC SYNAPSE,MAOB
KEGG_2026,SEROTONERGIC SYNAPSE,GNAI3
KEGG_2026,SEROTONERGIC SYNAPSE,CACNA1F
KEGG_2026,SEROTONERGIC SYNAPSE,PTGS2
KEGG_2026,SEROTONERGIC SYNAPSE,GNAI1
KEGG_2026,SEROTONERGIC SYNAPSE,GNAI2
KEGG_2026,SEROTONERGIC SYNAPSE,ADCY5
KEGG_2026,SEROTONERGIC SYNAPSE,GNG10
KEGG_2026,SEROTONERGIC SYNAPSE,GNG3
KEGG_2026,SEROTONERGIC SYNAPSE,NRAS
KEGG_2026,SEROTONERGIC SYNAPSE,GNG2
KEGG_2026,SEROTONERGIC SYNAPSE,GNG5
KEGG_2026,SEROTONERGIC SYNAPSE,GNG4
KEGG_2026,SEROTONERGIC SYNAPSE,GNG7
KEGG_2026,SEROTONERGIC SYNAPSE,GNG8
KEGG_2026,SEROTONERGIC SYNAPSE,MAPK1
KEGG_2026,SEROTONERGIC SYNAPSE,MAPK3
KEGG_2026,SEROTONERGIC SYNAPSE,KCNJ3
KEGG_2026,SEROTONERGIC SYNAPSE,KCNJ5
KEGG_2026,SEROTONERGIC SYNAPSE,BRAF
KEGG_2026,SEROTONERGIC SYNAPSE,GNG12
KEGG_2026,SEROTONERGIC SYNAPSE,GNG11
KEGG_2026,SEROTONERGIC SYNAPSE,GNG13
KEGG_2026,SEROTONERGIC SYNAPSE,GNAO1
KEGG_2026,SEROTONERGIC SYNAPSE,GNAQ
KEGG_2026,SEROTONERGIC SYNAPSE,GNB2
KEGG_2026,SEROTONERGIC SYNAPSE,GNB1
KEGG_2026,SEROTONERGIC SYNAPSE,GNB4
KEGG_2026,SEROTONERGIC SYNAPSE,GNAS
KEGG_2026,SEROTONERGIC SYNAPSE,GNB3
KEGG_2026,SEROTONERGIC SYNAPSE,GNB5
KEGG_2026,LONGEVITY REGULATING PATHWAY - MULTIPLE SPECIES,HDAC2
KEGG_2026,LONGEVITY REGULATING PATHWAY - MULTIPLE SPECIES,CLPB
KEGG_2026,LONGEVITY REGULATING PATHWAY - MULTIPLE SPECIES,HDAC1
KEGG_2026,LONGEVITY REGULATING PATHWAY - MULTIPLE SPECIES,ADCY4
KEGG_2026,LONGEVITY REGULATING PATHWAY - MULTIPLE SPECIES,PIK3R3
KEGG_2026,LONGEVITY REGULATING PATHWAY - MULTIPLE SPECIES,ADCY2
KEGG_2026,LONGEVITY REGULATING PATHWAY - MULTIPLE SPECIES,PIK3R2
KEGG_2026,LONGEVITY REGULATING PATHWAY - MULTIPLE SPECIES,PIK3CB
KEGG_2026,LONGEVITY REGULATING PATHWAY - MULTIPLE SPECIES,PIK3R1
KEGG_2026,LONGEVITY REGULATING PATHWAY - MULTIPLE SPECIES,ADCY1
KEGG_2026,LONGEVITY REGULATING PATHWAY - MULTIPLE SPECIES,ADCY8
KEGG_2026,LONGEVITY REGULATING PATHWAY - MULTIPLE SPECIES,ADCY7
KEGG_2026,LONGEVITY REGULATING PATHWAY - MULTIPLE SPECIES,ADCY6
KEGG_2026,LONGEVITY REGULATING PATHWAY - MULTIPLE SPECIES,INS
KEGG_2026,LONGEVITY REGULATING PATHWAY - MULTIPLE SPECIES,ADCY5
KEGG_2026,LONGEVITY REGULATING PATHWAY - MULTIPLE SPECIES,NRAS
KEGG_2026,LONGEVITY REGULATING PATHWAY - MULTIPLE SPECIES,AKT2
KEGG_2026,LONGEVITY REGULATING PATHWAY - MULTIPLE SPECIES,PRKACG
KEGG_2026,LONGEVITY REGULATING PATHWAY - MULTIPLE SPECIES,AKT3
KEGG_2026,LONGEVITY REGULATING PATHWAY - MULTIPLE SPECIES,AKT1
KEGG_2026,LONGEVITY REGULATING PATHWAY - MULTIPLE SPECIES,PRKACB
KEGG_2026,LONGEVITY REGULATING PATHWAY - MULTIPLE SPECIES,HRAS
KEGG_2026,LONGEVITY REGULATING PATHWAY - MULTIPLE SPECIES,HSPA8
KEGG_2026,LONGEVITY REGULATING PATHWAY - MULTIPLE SPECIES,PRKCA
KEGG_2026,LONGEVITY REGULATING PATHWAY - MULTIPLE SPECIES,SOD2
KEGG_2026,LONGEVITY REGULATING PATHWAY - MULTIPLE SPECIES,SIRT1
KEGG_2026,LONGEVITY REGULATING PATHWAY - MULTIPLE SPECIES,SOD1
KEGG_2026,LONGEVITY REGULATING PATHWAY - MULTIPLE SPECIES,ADCY9
KEGG_2026,LONGEVITY REGULATING PATHWAY - MULTIPLE SPECIES,PIK3CA
KEGG_2026,LONGEVITY REGULATING PATHWAY - MULTIPLE SPECIES,HSPA1B
KEGG_2026,LONGEVITY REGULATING PATHWAY - MULTIPLE SPECIES,HSPA1A
KEGG_2026,REGULATION OF ACTIN CYTOSKELETON,ITGB1
KEGG_2026,REGULATION OF ACTIN CYTOSKELETON,NCKAP1
KEGG_2026,REGULATION OF ACTIN CYTOSKELETON,CHRM1
KEGG_2026,REGULATION OF ACTIN CYTOSKELETON,ITGAM
KEGG_2026,REGULATION OF ACTIN CYTOSKELETON,ITGB5
KEGG_2026,REGULATION OF ACTIN CYTOSKELETON,ARAF
KEGG_2026,REGULATION OF ACTIN CYTOSKELETON,WASL
KEGG_2026,REGULATION OF ACTIN CYTOSKELETON,ITGAE
KEGG_2026,REGULATION OF ACTIN CYTOSKELETON,PIK3CB
KEGG_2026,REGULATION OF ACTIN CYTOSKELETON,PPP1CB
KEGG_2026,REGULATION OF ACTIN CYTOSKELETON,PPP1CC
KEGG_2026,REGULATION OF ACTIN CYTOSKELETON,AKT2
KEGG_2026,REGULATION OF ACTIN CYTOSKELETON,AKT3
KEGG_2026,REGULATION OF ACTIN CYTOSKELETON,RAC2
KEGG_2026,REGULATION OF ACTIN CYTOSKELETON,ITGAX
KEGG_2026,REGULATION OF ACTIN CYTOSKELETON,PIP4K2A
KEGG_2026,REGULATION OF ACTIN CYTOSKELETON,AKT1
KEGG_2026,REGULATION OF ACTIN CYTOSKELETON,PIP4K2B
KEGG_2026,REGULATION OF ACTIN CYTOSKELETON,PIP4K2C
KEGG_2026,REGULATION OF ACTIN CYTOSKELETON,HRAS
KEGG_2026,REGULATION OF ACTIN CYTOSKELETON,GIT1
KEGG_2026,REGULATION OF ACTIN CYTOSKELETON,PDGFRB
KEGG_2026,REGULATION OF ACTIN CYTOSKELETON,MAP2K1
KEGG_2026,REGULATION OF ACTIN CYTOSKELETON,MAP2K2
KEGG_2026,REGULATION OF ACTIN CYTOSKELETON,PPP1R12A
KEGG_2026,REGULATION OF ACTIN CYTOSKELETON,ITGA4
KEGG_2026,REGULATION OF ACTIN CYTOSKELETON,ACTN1
KEGG_2026,REGULATION OF ACTIN CYTOSKELETON,NCOA3
KEGG_2026,REGULATION OF ACTIN CYTOSKELETON,ACTN4
KEGG_2026,REGULATION OF ACTIN CYTOSKELETON,RHOA
KEGG_2026,REGULATION OF ACTIN CYTOSKELETON,ENAH
KEGG_2026,REGULATION OF ACTIN CYTOSKELETON,MYL5
KEGG_2026,REGULATION OF ACTIN CYTOSKELETON,PIK3CA
KEGG_2026,REGULATION OF ACTIN CYTOSKELETON,PXDN
KEGG_2026,REGULATION OF ACTIN CYTOSKELETON,MYH9
KEGG_2026,REGULATION OF ACTIN CYTOSKELETON,ARHGEF1
KEGG_2026,REGULATION OF ACTIN CYTOSKELETON,PFN1
KEGG_2026,REGULATION OF ACTIN CYTOSKELETON,ARHGEF7
KEGG_2026,REGULATION OF ACTIN CYTOSKELETON,SOS1
KEGG_2026,REGULATION OF ACTIN CYTOSKELETON,MYL9
KEGG_2026,REGULATION OF ACTIN CYTOSKELETON,DOCK1
KEGG_2026,REGULATION OF ACTIN CYTOSKELETON,SOS2
KEGG_2026,REGULATION OF ACTIN CYTOSKELETON,PFN2
KEGG_2026,REGULATION OF ACTIN CYTOSKELETON,ROCK1
KEGG_2026,REGULATION OF ACTIN CYTOSKELETON,SRC
KEGG_2026,REGULATION OF ACTIN CYTOSKELETON,ROCK2
KEGG_2026,REGULATION OF ACTIN CYTOSKELETON,PIK3R3
KEGG_2026,REGULATION OF ACTIN CYTOSKELETON,CXCR4
KEGG_2026,REGULATION OF ACTIN CYTOSKELETON,PIK3R2
KEGG_2026,REGULATION OF ACTIN CYTOSKELETON,IQGAP1
KEGG_2026,REGULATION OF ACTIN CYTOSKELETON,PIK3R1
KEGG_2026,REGULATION OF ACTIN CYTOSKELETON,IQGAP3
KEGG_2026,REGULATION OF ACTIN CYTOSKELETON,EGFR
KEGG_2026,REGULATION OF ACTIN CYTOSKELETON,MYL12B
KEGG_2026,REGULATION OF ACTIN CYTOSKELETON,SLC9A1
KEGG_2026,REGULATION OF ACTIN CYTOSKELETON,INS
KEGG_2026,REGULATION OF ACTIN CYTOSKELETON,CDC42
KEGG_2026,REGULATION OF ACTIN CYTOSKELETON,GNA13
KEGG_2026,REGULATION OF ACTIN CYTOSKELETON,NRAS
KEGG_2026,REGULATION OF ACTIN CYTOSKELETON,SCIN
KEGG_2026,REGULATION OF ACTIN CYTOSKELETON,PDGFC
KEGG_2026,REGULATION OF ACTIN CYTOSKELETON,GNA12
KEGG_2026,REGULATION OF ACTIN CYTOSKELETON,PIP5K1A
KEGG_2026,REGULATION OF ACTIN CYTOSKELETON,MAPK1
KEGG_2026,REGULATION OF ACTIN CYTOSKELETON,PIP5K1B
KEGG_2026,REGULATION OF ACTIN CYTOSKELETON,PIP5K1C
KEGG_2026,REGULATION OF ACTIN CYTOSKELETON,PAK4
KEGG_2026,REGULATION OF ACTIN CYTOSKELETON,MAPK3
KEGG_2026,REGULATION OF ACTIN CYTOSKELETON,GSN
KEGG_2026,REGULATION OF ACTIN CYTOSKELETON,FN1
KEGG_2026,REGULATION OF ACTIN CYTOSKELETON,MSN
KEGG_2026,REGULATION OF ACTIN CYTOSKELETON,BRAF
KEGG_2026,REGULATION OF ACTIN CYTOSKELETON,GNG12
KEGG_2026,REGULATION OF ACTIN CYTOSKELETON,SSH3
KEGG_2026,REGULATION OF ACTIN CYTOSKELETON,PPP1CA
KEGG_2026,REGULATION OF ACTIN CYTOSKELETON,DIAPH1
KEGG_2026,REGULATION OF ACTIN CYTOSKELETON,DIAPH2
KEGG_2026,REGULATION OF ACTIN CYTOSKELETON,PIKFYVE
KEGG_2026,REGULATION OF ACTIN CYTOSKELETON,DIAPH3
KEGG_2026,REGULATION OF ACTIN CYTOSKELETON,ABI2
KEGG_2026,REGULATION OF ACTIN CYTOSKELETON,FGFR1
KEGG_2026,FOXO SIGNALING PATHWAY,ARAF
KEGG_2026,FOXO SIGNALING PATHWAY,PTEN
KEGG_2026,FOXO SIGNALING PATHWAY,SLC2A4
KEGG_2026,FOXO SIGNALING PATHWAY,PIK3CB
KEGG_2026,FOXO SIGNALING PATHWAY,GRM1
KEGG_2026,FOXO SIGNALING PATHWAY,STK11
KEGG_2026,FOXO SIGNALING PATHWAY,AKT2
KEGG_2026,FOXO SIGNALING PATHWAY,AKT3
KEGG_2026,FOXO SIGNALING PATHWAY,AKT1
KEGG_2026,FOXO SIGNALING PATHWAY,EP300
KEGG_2026,FOXO SIGNALING PATHWAY,HRAS
KEGG_2026,FOXO SIGNALING PATHWAY,RAG1
KEGG_2026,FOXO SIGNALING PATHWAY,IL10
KEGG_2026,FOXO SIGNALING PATHWAY,GABARAPL2
KEGG_2026,FOXO SIGNALING PATHWAY,GABARAPL1
KEGG_2026,FOXO SIGNALING PATHWAY,MAP2K1
KEGG_2026,FOXO SIGNALING PATHWAY,USP7
KEGG_2026,FOXO SIGNALING PATHWAY,MAP2K2
KEGG_2026,FOXO SIGNALING PATHWAY,SIRT1
KEGG_2026,FOXO SIGNALING PATHWAY,TGFBR1
KEGG_2026,FOXO SIGNALING PATHWAY,TGFBR2
KEGG_2026,FOXO SIGNALING PATHWAY,PIK3CA
KEGG_2026,FOXO SIGNALING PATHWAY,SOS1
KEGG_2026,FOXO SIGNALING PATHWAY,SOS2
KEGG_2026,FOXO SIGNALING PATHWAY,PIK3R3
KEGG_2026,FOXO SIGNALING PATHWAY,PIK3R2
KEGG_2026,FOXO SIGNALING PATHWAY,PIK3R1
KEGG_2026,FOXO SIGNALING PATHWAY,GABARAP
KEGG_2026,FOXO SIGNALING PATHWAY,EGFR
KEGG_2026,FOXO SIGNALING PATHWAY,INS
KEGG_2026,FOXO SIGNALING PATHWAY,CCNB3
KEGG_2026,FOXO SIGNALING PATHWAY,MAPK9
KEGG_2026,FOXO SIGNALING PATHWAY,MAPK8
KEGG_2026,FOXO SIGNALING PATHWAY,NRAS
KEGG_2026,FOXO SIGNALING PATHWAY,BCL2L11
KEGG_2026,FOXO SIGNALING PATHWAY,MAPK1
KEGG_2026,FOXO SIGNALING PATHWAY,PCK2
KEGG_2026,FOXO SIGNALING PATHWAY,MAPK3
KEGG_2026,FOXO SIGNALING PATHWAY,PLK4
KEGG_2026,FOXO SIGNALING PATHWAY,SMAD4
KEGG_2026,FOXO SIGNALING PATHWAY,CREBBP
KEGG_2026,FOXO SIGNALING PATHWAY,TGFB1
KEGG_2026,FOXO SIGNALING PATHWAY,BNIP3
KEGG_2026,FOXO SIGNALING PATHWAY,PLK1
KEGG_2026,FOXO SIGNALING PATHWAY,STAT3
KEGG_2026,FOXO SIGNALING PATHWAY,BRAF
KEGG_2026,FOXO SIGNALING PATHWAY,SOD2
KEGG_2026,FOXO SIGNALING PATHWAY,G6PC2
KEGG_2026,FOXO SIGNALING PATHWAY,IL6
KEGG_2026,FOXO SIGNALING PATHWAY,G6PC3
KEGG_2026,FOXO SIGNALING PATHWAY,BCL6
KEGG_2026,FOXO SIGNALING PATHWAY,MDM2
KEGG_2026,FOXO SIGNALING PATHWAY,GRB2
KEGG_2026,OXIDATIVE PHOSPHORYLATION,NDUFA13
KEGG_2026,OXIDATIVE PHOSPHORYLATION,NDUFA12
KEGG_2026,OXIDATIVE PHOSPHORYLATION,COX4I1
KEGG_2026,OXIDATIVE PHOSPHORYLATION,NDUFA10
KEGG_2026,OXIDATIVE PHOSPHORYLATION,COX6A1
KEGG_2026,OXIDATIVE PHOSPHORYLATION,ATP12A
KEGG_2026,OXIDATIVE PHOSPHORYLATION,UQCRFS1
KEGG_2026,OXIDATIVE PHOSPHORYLATION,COX8A
KEGG_2026,OXIDATIVE PHOSPHORYLATION,SDHC
KEGG_2026,OXIDATIVE PHOSPHORYLATION,SDHD
KEGG_2026,OXIDATIVE PHOSPHORYLATION,SDHA
KEGG_2026,OXIDATIVE PHOSPHORYLATION,SDHB
KEGG_2026,OXIDATIVE PHOSPHORYLATION,NDUFS8
KEGG_2026,OXIDATIVE PHOSPHORYLATION,NDUFS7
KEGG_2026,OXIDATIVE PHOSPHORYLATION,UQCRC1
KEGG_2026,OXIDATIVE PHOSPHORYLATION,NDUFS3
KEGG_2026,OXIDATIVE PHOSPHORYLATION,NDUFS2
KEGG_2026,OXIDATIVE PHOSPHORYLATION,NDUFS1
KEGG_2026,OXIDATIVE PHOSPHORYLATION,UQCRC2
KEGG_2026,OXIDATIVE PHOSPHORYLATION,NDUFB9
KEGG_2026,OXIDATIVE PHOSPHORYLATION,NDUFB8
KEGG_2026,OXIDATIVE PHOSPHORYLATION,NDUFB7
KEGG_2026,OXIDATIVE PHOSPHORYLATION,COX15
KEGG_2026,OXIDATIVE PHOSPHORYLATION,NDUFB4
KEGG_2026,OXIDATIVE PHOSPHORYLATION,COX17
KEGG_2026,OXIDATIVE PHOSPHORYLATION,NDUFB3
KEGG_2026,OXIDATIVE PHOSPHORYLATION,UQCR10
KEGG_2026,OXIDATIVE PHOSPHORYLATION,PTGS2
KEGG_2026,OXIDATIVE PHOSPHORYLATION,COX5B
KEGG_2026,OXIDATIVE PHOSPHORYLATION,COX5A
KEGG_2026,OXIDATIVE PHOSPHORYLATION,ATP5MC1
KEGG_2026,OXIDATIVE PHOSPHORYLATION,ATP5F1A
KEGG_2026,OXIDATIVE PHOSPHORYLATION,ATP5F1B
KEGG_2026,OXIDATIVE PHOSPHORYLATION,COX11
KEGG_2026,OXIDATIVE PHOSPHORYLATION,NDUFV2
KEGG_2026,OXIDATIVE PHOSPHORYLATION,ATP5MG
KEGG_2026,OXIDATIVE PHOSPHORYLATION,NDUFV1
KEGG_2026,OXIDATIVE PHOSPHORYLATION,COX10
KEGG_2026,OXIDATIVE PHOSPHORYLATION,ATP6V0A1
KEGG_2026,OXIDATIVE PHOSPHORYLATION,NDUFA9
KEGG_2026,OXIDATIVE PHOSPHORYLATION,NDUFA8
KEGG_2026,OXIDATIVE PHOSPHORYLATION,ATP5PF
KEGG_2026,OXIDATIVE PHOSPHORYLATION,ATP5PD
KEGG_2026,OXIDATIVE PHOSPHORYLATION,NDUFA5
KEGG_2026,OXIDATIVE PHOSPHORYLATION,ATP5PB
KEGG_2026,OXIDATIVE PHOSPHORYLATION,NDUFA3
KEGG_2026,OXIDATIVE PHOSPHORYLATION,NDUFA2
KEGG_2026,OXIDATIVE PHOSPHORYLATION,ATP5F1C
KEGG_2026,OXIDATIVE PHOSPHORYLATION,ATP5F1D
KEGG_2026,OXIDATIVE PHOSPHORYLATION,ATP4A
KEGG_2026,OXIDATIVE PHOSPHORYLATION,UQCRQ
KEGG_2026,OXIDATIVE PHOSPHORYLATION,NDUFAB1
KEGG_2026,OXIDATIVE PHOSPHORYLATION,ATP5PO
KEGG_2026,OXIDATIVE PHOSPHORYLATION,CYCS
KEGG_2026,ACUTE MYELOID LEUKEMIA,ITGAM
KEGG_2026,ACUTE MYELOID LEUKEMIA,CSF2
KEGG_2026,ACUTE MYELOID LEUKEMIA,CEBPE
KEGG_2026,ACUTE MYELOID LEUKEMIA,ARAF
KEGG_2026,ACUTE MYELOID LEUKEMIA,PIK3R3
KEGG_2026,ACUTE MYELOID LEUKEMIA,PIK3R2
KEGG_2026,ACUTE MYELOID LEUKEMIA,PIK3CB
KEGG_2026,ACUTE MYELOID LEUKEMIA,PIK3R1
KEGG_2026,ACUTE MYELOID LEUKEMIA,RELA
KEGG_2026,ACUTE MYELOID LEUKEMIA,NRAS
KEGG_2026,ACUTE MYELOID LEUKEMIA,AKT2
KEGG_2026,ACUTE MYELOID LEUKEMIA,MYC
KEGG_2026,ACUTE MYELOID LEUKEMIA,AKT3
KEGG_2026,ACUTE MYELOID LEUKEMIA,LONP1
KEGG_2026,ACUTE MYELOID LEUKEMIA,AKT1
KEGG_2026,ACUTE MYELOID LEUKEMIA,MAPK1
KEGG_2026,ACUTE MYELOID LEUKEMIA,FCGR1A
KEGG_2026,ACUTE MYELOID LEUKEMIA,HRAS
KEGG_2026,ACUTE MYELOID LEUKEMIA,MAPK3
KEGG_2026,ACUTE MYELOID LEUKEMIA,MAP2K1
KEGG_2026,ACUTE MYELOID LEUKEMIA,MAP2K2
KEGG_2026,ACUTE MYELOID LEUKEMIA,JUP
KEGG_2026,ACUTE MYELOID LEUKEMIA,STAT3
KEGG_2026,ACUTE MYELOID LEUKEMIA,NDUFA2
KEGG_2026,ACUTE MYELOID LEUKEMIA,BRAF
KEGG_2026,ACUTE MYELOID LEUKEMIA,DUSP6
KEGG_2026,ACUTE MYELOID LEUKEMIA,PML
KEGG_2026,ACUTE MYELOID LEUKEMIA,PER2
KEGG_2026,ACUTE MYELOID LEUKEMIA,PIK3CA
KEGG_2026,ACUTE MYELOID LEUKEMIA,RARA
KEGG_2026,ACUTE MYELOID LEUKEMIA,GRB2
KEGG_2026,ACUTE MYELOID LEUKEMIA,SOS1
KEGG_2026,ACUTE MYELOID LEUKEMIA,SOS2
KEGG_2026,CHOLINE METABOLISM IN CANCER,SLC44A2
KEGG_2026,CHOLINE METABOLISM IN CANCER,WAS
KEGG_2026,CHOLINE METABOLISM IN CANCER,PIK3R3
KEGG_2026,CHOLINE METABOLISM IN CANCER,PIK3R2
KEGG_2026,CHOLINE METABOLISM IN CANCER,PIK3R1
KEGG_2026,CHOLINE METABOLISM IN CANCER,PIK3CB
KEGG_2026,CHOLINE METABOLISM IN CANCER,HIF1A
KEGG_2026,CHOLINE METABOLISM IN CANCER,EGFR
KEGG_2026,CHOLINE METABOLISM IN CANCER,MAPK9
KEGG_2026,CHOLINE METABOLISM IN CANCER,MAPK8
KEGG_2026,CHOLINE METABOLISM IN CANCER,NRAS
KEGG_2026,CHOLINE METABOLISM IN CANCER,AKT2
KEGG_2026,CHOLINE METABOLISM IN CANCER,AKT3
KEGG_2026,CHOLINE METABOLISM IN CANCER,PDGFC
KEGG_2026,CHOLINE METABOLISM IN CANCER,RAC2
KEGG_2026,CHOLINE METABOLISM IN CANCER,AKT1
KEGG_2026,CHOLINE METABOLISM IN CANCER,PIP5K1A
KEGG_2026,CHOLINE METABOLISM IN CANCER,MAPK1
KEGG_2026,CHOLINE METABOLISM IN CANCER,PIP5K1B
KEGG_2026,CHOLINE METABOLISM IN CANCER,PLCG1
KEGG_2026,CHOLINE METABOLISM IN CANCER,PIP5K1C
KEGG_2026,CHOLINE METABOLISM IN CANCER,HRAS
KEGG_2026,CHOLINE METABOLISM IN CANCER,MAPK3
KEGG_2026,CHOLINE METABOLISM IN CANCER,PRKCG
KEGG_2026,CHOLINE METABOLISM IN CANCER,PDGFRB
KEGG_2026,CHOLINE METABOLISM IN CANCER,MAP2K1
KEGG_2026,CHOLINE METABOLISM IN CANCER,JUN
KEGG_2026,CHOLINE METABOLISM IN CANCER,MAP2K2
KEGG_2026,CHOLINE METABOLISM IN CANCER,CHKA
KEGG_2026,CHOLINE METABOLISM IN CANCER,PRKCB
KEGG_2026,CHOLINE METABOLISM IN CANCER,NCOA3
KEGG_2026,CHOLINE METABOLISM IN CANCER,TSC1
KEGG_2026,CHOLINE METABOLISM IN CANCER,PRKCA
KEGG_2026,CHOLINE METABOLISM IN CANCER,FOS
KEGG_2026,CHOLINE METABOLISM IN CANCER,SLC5A7
KEGG_2026,CHOLINE METABOLISM IN CANCER,PIK3CA
KEGG_2026,CHOLINE METABOLISM IN CANCER,RHEB
KEGG_2026,CHOLINE METABOLISM IN CANCER,GRB2
KEGG_2026,CHOLINE METABOLISM IN CANCER,PLPP3
KEGG_2026,CHOLINE METABOLISM IN CANCER,SOS1
KEGG_2026,CHOLINE METABOLISM IN CANCER,PLPP2
KEGG_2026,CHOLINE METABOLISM IN CANCER,SOS2
KEGG_2026,CHOLINE METABOLISM IN CANCER,PLPP1
KEGG_2026,CARBOHYDRATE DIGESTION AND ABSORPTION,PMEL
KEGG_2026,CARBOHYDRATE DIGESTION AND ABSORPTION,ATP1A4
KEGG_2026,CARBOHYDRATE DIGESTION AND ABSORPTION,SLC2A2
KEGG_2026,CARBOHYDRATE DIGESTION AND ABSORPTION,PIK3R3
KEGG_2026,CARBOHYDRATE DIGESTION AND ABSORPTION,PIK3R2
KEGG_2026,CARBOHYDRATE DIGESTION AND ABSORPTION,PIK3CB
KEGG_2026,CARBOHYDRATE DIGESTION AND ABSORPTION,PIK3R1
KEGG_2026,CARBOHYDRATE DIGESTION AND ABSORPTION,GNAT3
KEGG_2026,CARBOHYDRATE DIGESTION AND ABSORPTION,AKT2
KEGG_2026,CARBOHYDRATE DIGESTION AND ABSORPTION,AKT3
KEGG_2026,CARBOHYDRATE DIGESTION AND ABSORPTION,AKT1
KEGG_2026,CARBOHYDRATE DIGESTION AND ABSORPTION,MGAM
KEGG_2026,CARBOHYDRATE DIGESTION AND ABSORPTION,PRKCB
KEGG_2026,CARBOHYDRATE DIGESTION AND ABSORPTION,AMY1B
KEGG_2026,CARBOHYDRATE DIGESTION AND ABSORPTION,HOOK3
KEGG_2026,CARBOHYDRATE DIGESTION AND ABSORPTION,MGAM2
KEGG_2026,CARBOHYDRATE DIGESTION AND ABSORPTION,G6PC2
KEGG_2026,CARBOHYDRATE DIGESTION AND ABSORPTION,PLCB3
KEGG_2026,CARBOHYDRATE DIGESTION AND ABSORPTION,PLCB4
KEGG_2026,CARBOHYDRATE DIGESTION AND ABSORPTION,G6PC3
KEGG_2026,CARBOHYDRATE DIGESTION AND ABSORPTION,HOOK2
KEGG_2026,CARBOHYDRATE DIGESTION AND ABSORPTION,PIK3CA
KEGG_2026,CARBOHYDRATE DIGESTION AND ABSORPTION,HKDC1
KEGG_2026,CARBOHYDRATE DIGESTION AND ABSORPTION,PLCB1
KEGG_2026,CARBOHYDRATE DIGESTION AND ABSORPTION,LCT
KEGG_2026,CARBOHYDRATE DIGESTION AND ABSORPTION,PLCB2
KEGG_2026,APOPTOSIS,PIK3CB
KEGG_2026,APOPTOSIS,TNF
KEGG_2026,APOPTOSIS,LMNB1
KEGG_2026,APOPTOSIS,TUBA1C
KEGG_2026,APOPTOSIS,TUBA1B
KEGG_2026,APOPTOSIS,TUBA1A
KEGG_2026,APOPTOSIS,AIFM1
KEGG_2026,APOPTOSIS,AKT2
KEGG_2026,APOPTOSIS,CASP3
KEGG_2026,APOPTOSIS,AKT3
KEGG_2026,APOPTOSIS,AKT1
KEGG_2026,APOPTOSIS,CTSH
KEGG_2026,APOPTOSIS,CAPN1
KEGG_2026,APOPTOSIS,CTSF
KEGG_2026,APOPTOSIS,SPTAN1
KEGG_2026,APOPTOSIS,HRAS
KEGG_2026,APOPTOSIS,CTSD
KEGG_2026,APOPTOSIS,MAP3K5
KEGG_2026,APOPTOSIS,MAP2K1
KEGG_2026,APOPTOSIS,DAXX
KEGG_2026,APOPTOSIS,MAP2K2
KEGG_2026,APOPTOSIS,FOS
KEGG_2026,APOPTOSIS,TUBA4A
KEGG_2026,APOPTOSIS,TNFRSF1A
KEGG_2026,APOPTOSIS,PIK3CA
KEGG_2026,APOPTOSIS,DDIT3
KEGG_2026,APOPTOSIS,TP53
KEGG_2026,APOPTOSIS,ATF4
KEGG_2026,APOPTOSIS,BIRC3
KEGG_2026,APOPTOSIS,TUBAL3
KEGG_2026,APOPTOSIS,PIK3R3
KEGG_2026,APOPTOSIS,PIK3R2
KEGG_2026,APOPTOSIS,PIK3R1
KEGG_2026,APOPTOSIS,RELA
KEGG_2026,APOPTOSIS,TUBA3E
KEGG_2026,APOPTOSIS,MAPK9
KEGG_2026,APOPTOSIS,MAPK8
KEGG_2026,APOPTOSIS,TUBA3D
KEGG_2026,APOPTOSIS,NRAS
KEGG_2026,APOPTOSIS,BCL2L11
KEGG_2026,APOPTOSIS,LMNA
KEGG_2026,APOPTOSIS,MAPK1
KEGG_2026,APOPTOSIS,MAPK3
KEGG_2026,APOPTOSIS,JUN
KEGG_2026,APOPTOSIS,EIF2AK3
KEGG_2026,APOPTOSIS,TNFRSF10B
KEGG_2026,APOPTOSIS,TNFRSF10A
KEGG_2026,APOPTOSIS,EIF2S1
KEGG_2026,APOPTOSIS,NFKBIA
KEGG_2026,APOPTOSIS,FASN
KEGG_2026,APOPTOSIS,BCL2
KEGG_2026,APOPTOSIS,CYCS
KEGG_2026,APOPTOSIS,BAX
KEGG_2026,APOPTOSIS,TUBA8
KEGG_2026,EFFEROCYTOSIS,ATP8A2
KEGG_2026,EFFEROCYTOSIS,ITGB5
KEGG_2026,EFFEROCYTOSIS,MEGF10
KEGG_2026,EFFEROCYTOSIS,PROS1
KEGG_2026,EFFEROCYTOSIS,SLC2A1
KEGG_2026,EFFEROCYTOSIS,STAB2
KEGG_2026,EFFEROCYTOSIS,ATP2A1
KEGG_2026,EFFEROCYTOSIS,CX3CL1
KEGG_2026,EFFEROCYTOSIS,CASP3
KEGG_2026,EFFEROCYTOSIS,BSG
KEGG_2026,EFFEROCYTOSIS,STAB1
KEGG_2026,EFFEROCYTOSIS,SIRPA
KEGG_2026,EFFEROCYTOSIS,UQCRFS1
KEGG_2026,EFFEROCYTOSIS,CD36
KEGG_2026,EFFEROCYTOSIS,JAK2
KEGG_2026,EFFEROCYTOSIS,SCARF1
KEGG_2026,EFFEROCYTOSIS,VPS39
KEGG_2026,EFFEROCYTOSIS,IL10
KEGG_2026,EFFEROCYTOSIS,MAP2K1
KEGG_2026,EFFEROCYTOSIS,MAP2K2
KEGG_2026,EFFEROCYTOSIS,TIMD4
KEGG_2026,EFFEROCYTOSIS,SIRT1
KEGG_2026,EFFEROCYTOSIS,ANO5
KEGG_2026,EFFEROCYTOSIS,CH25H
KEGG_2026,EFFEROCYTOSIS,ADAM17
KEGG_2026,EFFEROCYTOSIS,CREB1
KEGG_2026,EFFEROCYTOSIS,ADGRB1
KEGG_2026,EFFEROCYTOSIS,ELMO1
KEGG_2026,EFFEROCYTOSIS,TYRO3
KEGG_2026,EFFEROCYTOSIS,ADAM9
KEGG_2026,EFFEROCYTOSIS,PPARG
KEGG_2026,EFFEROCYTOSIS,CD47
KEGG_2026,EFFEROCYTOSIS,RAB7B
KEGG_2026,EFFEROCYTOSIS,MFGE8
KEGG_2026,EFFEROCYTOSIS,GAS6
KEGG_2026,EFFEROCYTOSIS,DOCK1
KEGG_2026,EFFEROCYTOSIS,RAB7A
KEGG_2026,EFFEROCYTOSIS,CAMK2B
KEGG_2026,EFFEROCYTOSIS,CX3CR1
KEGG_2026,EFFEROCYTOSIS,C1QA
KEGG_2026,EFFEROCYTOSIS,CEBPB
KEGG_2026,EFFEROCYTOSIS,CAMK2D
KEGG_2026,EFFEROCYTOSIS,SLC66A1
KEGG_2026,EFFEROCYTOSIS,CAMK2A
KEGG_2026,EFFEROCYTOSIS,PLA2G6
KEGG_2026,EFFEROCYTOSIS,PTGS2
KEGG_2026,EFFEROCYTOSIS,HIF1A
KEGG_2026,EFFEROCYTOSIS,THBS1
KEGG_2026,EFFEROCYTOSIS,MAPK1
KEGG_2026,EFFEROCYTOSIS,CAMK2G
KEGG_2026,EFFEROCYTOSIS,VPS16
KEGG_2026,EFFEROCYTOSIS,MAPK3
KEGG_2026,EFFEROCYTOSIS,ABCA1
KEGG_2026,EFFEROCYTOSIS,P2RY12
KEGG_2026,EFFEROCYTOSIS,TGFB1
KEGG_2026,EFFEROCYTOSIS,MERTK
KEGG_2026,EFFEROCYTOSIS,GULP1
KEGG_2026,EFFEROCYTOSIS,AXL
KEGG_2026,EFFEROCYTOSIS,CALR
KEGG_2026,EFFEROCYTOSIS,RAB5A
KEGG_2026,TUBERCULOSIS,ITGAM
KEGG_2026,TUBERCULOSIS,CLEC4M
KEGG_2026,TUBERCULOSIS,CALML5
KEGG_2026,TUBERCULOSIS,CALML6
KEGG_2026,TUBERCULOSIS,CALML3
KEGG_2026,TUBERCULOSIS,CALML4
KEGG_2026,TUBERCULOSIS,LSP1
KEGG_2026,TUBERCULOSIS,TNF
KEGG_2026,TUBERCULOSIS,PPP3CB
KEGG_2026,TUBERCULOSIS,FCGR3B
KEGG_2026,TUBERCULOSIS,LAMP1
KEGG_2026,TUBERCULOSIS,AKT2
KEGG_2026,TUBERCULOSIS,CASP3
KEGG_2026,TUBERCULOSIS,AKT3
KEGG_2026,TUBERCULOSIS,MRC1
KEGG_2026,TUBERCULOSIS,ITGAX
KEGG_2026,TUBERCULOSIS,AKT1
KEGG_2026,TUBERCULOSIS,EP300
KEGG_2026,TUBERCULOSIS,JAK2
KEGG_2026,TUBERCULOSIS,CTSD
KEGG_2026,TUBERCULOSIS,IL10
KEGG_2026,TUBERCULOSIS,KSR1
KEGG_2026,TUBERCULOSIS,TIRAP
KEGG_2026,TUBERCULOSIS,RHOA
KEGG_2026,TUBERCULOSIS,TNFRSF1A
KEGG_2026,TUBERCULOSIS,CREB1
KEGG_2026,TUBERCULOSIS,IFNG
KEGG_2026,TUBERCULOSIS,IL1B
KEGG_2026,TUBERCULOSIS,TLR4
KEGG_2026,TUBERCULOSIS,TLR2
KEGG_2026,TUBERCULOSIS,RAB7A
KEGG_2026,TUBERCULOSIS,CAMK2B
KEGG_2026,TUBERCULOSIS,CEBPB
KEGG_2026,TUBERCULOSIS,CAMK2D
KEGG_2026,TUBERCULOSIS,SRC
KEGG_2026,TUBERCULOSIS,CAMK2A
KEGG_2026,TUBERCULOSIS,CEBPG
KEGG_2026,TUBERCULOSIS,NOD2
KEGG_2026,TUBERCULOSIS,CORO1A
KEGG_2026,TUBERCULOSIS,RELA
KEGG_2026,TUBERCULOSIS,HSPD1
KEGG_2026,TUBERCULOSIS,MAPK9
KEGG_2026,TUBERCULOSIS,MAPK8
KEGG_2026,TUBERCULOSIS,IRAK1
KEGG_2026,TUBERCULOSIS,MAPK1
KEGG_2026,TUBERCULOSIS,FCGR1A
KEGG_2026,TUBERCULOSIS,CAMK2G
KEGG_2026,TUBERCULOSIS,ATP6V0A1
KEGG_2026,TUBERCULOSIS,MAPK3
KEGG_2026,TUBERCULOSIS,HSPA9
KEGG_2026,TUBERCULOSIS,CREBBP
KEGG_2026,TUBERCULOSIS,TGFB1
KEGG_2026,TUBERCULOSIS,NFYA
KEGG_2026,TUBERCULOSIS,NFYB
KEGG_2026,TUBERCULOSIS,STAT1
KEGG_2026,TUBERCULOSIS,NFYC
KEGG_2026,TUBERCULOSIS,NDUFA2
KEGG_2026,TUBERCULOSIS,IL6
KEGG_2026,TUBERCULOSIS,BCL2
KEGG_2026,TUBERCULOSIS,CYCS
KEGG_2026,TUBERCULOSIS,BAX
KEGG_2026,TUBERCULOSIS,CALM3
KEGG_2026,TUBERCULOSIS,CALM1
KEGG_2026,TUBERCULOSIS,RAB5A
KEGG_2026,TUBERCULOSIS,CALM2
KEGG_2026,TUBERCULOSIS,MYD88
KEGG_2026,C-TYPE LECTIN RECEPTOR SIGNALING PATHWAY,CLEC4M
KEGG_2026,C-TYPE LECTIN RECEPTOR SIGNALING PATHWAY,CALML5
KEGG_2026,C-TYPE LECTIN RECEPTOR SIGNALING PATHWAY,CALML6
KEGG_2026,C-TYPE LECTIN RECEPTOR SIGNALING PATHWAY,SRC
KEGG_2026,C-TYPE LECTIN RECEPTOR SIGNALING PATHWAY,PIK3R3
KEGG_2026,C-TYPE LECTIN RECEPTOR SIGNALING PATHWAY,CALML3
KEGG_2026,C-TYPE LECTIN RECEPTOR SIGNALING PATHWAY,PIK3R2
KEGG_2026,C-TYPE LECTIN RECEPTOR SIGNALING PATHWAY,CALML4
KEGG_2026,C-TYPE LECTIN RECEPTOR SIGNALING PATHWAY,PIK3R1
KEGG_2026,C-TYPE LECTIN RECEPTOR SIGNALING PATHWAY,PIK3CB
KEGG_2026,C-TYPE LECTIN RECEPTOR SIGNALING PATHWAY,LSP1
KEGG_2026,C-TYPE LECTIN RECEPTOR SIGNALING PATHWAY,PTGS2
KEGG_2026,C-TYPE LECTIN RECEPTOR SIGNALING PATHWAY,TNF
KEGG_2026,C-TYPE LECTIN RECEPTOR SIGNALING PATHWAY,RELA
KEGG_2026,C-TYPE LECTIN RECEPTOR SIGNALING PATHWAY,RELB
KEGG_2026,C-TYPE LECTIN RECEPTOR SIGNALING PATHWAY,MAPK9
KEGG_2026,C-TYPE LECTIN RECEPTOR SIGNALING PATHWAY,PPP3CB
KEGG_2026,C-TYPE LECTIN RECEPTOR SIGNALING PATHWAY,MAPK8
KEGG_2026,C-TYPE LECTIN RECEPTOR SIGNALING PATHWAY,NRAS
KEGG_2026,C-TYPE LECTIN RECEPTOR SIGNALING PATHWAY,AKT2
KEGG_2026,C-TYPE LECTIN RECEPTOR SIGNALING PATHWAY,AKT3
KEGG_2026,C-TYPE LECTIN RECEPTOR SIGNALING PATHWAY,PLCG2
KEGG_2026,C-TYPE LECTIN RECEPTOR SIGNALING PATHWAY,AKT1
KEGG_2026,C-TYPE LECTIN RECEPTOR SIGNALING PATHWAY,NLRP3
KEGG_2026,C-TYPE LECTIN RECEPTOR SIGNALING PATHWAY,MAPK1
KEGG_2026,C-TYPE LECTIN RECEPTOR SIGNALING PATHWAY,HRAS
KEGG_2026,C-TYPE LECTIN RECEPTOR SIGNALING PATHWAY,IKBKE
KEGG_2026,C-TYPE LECTIN RECEPTOR SIGNALING PATHWAY,MAPK3
KEGG_2026,C-TYPE LECTIN RECEPTOR SIGNALING PATHWAY,IL10
KEGG_2026,C-TYPE LECTIN RECEPTOR SIGNALING PATHWAY,JUN
KEGG_2026,C-TYPE LECTIN RECEPTOR SIGNALING PATHWAY,CCL22
KEGG_2026,C-TYPE LECTIN RECEPTOR SIGNALING PATHWAY,KSR1
KEGG_2026,C-TYPE LECTIN RECEPTOR SIGNALING PATHWAY,MMAB
KEGG_2026,C-TYPE LECTIN RECEPTOR SIGNALING PATHWAY,STAT1
KEGG_2026,C-TYPE LECTIN RECEPTOR SIGNALING PATHWAY,STAT2
KEGG_2026,C-TYPE LECTIN RECEPTOR SIGNALING PATHWAY,RHOA
KEGG_2026,C-TYPE LECTIN RECEPTOR SIGNALING PATHWAY,NFKBIA
KEGG_2026,C-TYPE LECTIN RECEPTOR SIGNALING PATHWAY,IL6
KEGG_2026,C-TYPE LECTIN RECEPTOR SIGNALING PATHWAY,PIK3CA
KEGG_2026,C-TYPE LECTIN RECEPTOR SIGNALING PATHWAY,IL1B
KEGG_2026,C-TYPE LECTIN RECEPTOR SIGNALING PATHWAY,MDM2
KEGG_2026,C-TYPE LECTIN RECEPTOR SIGNALING PATHWAY,CALM3
KEGG_2026,C-TYPE LECTIN RECEPTOR SIGNALING PATHWAY,CALM1
KEGG_2026,C-TYPE LECTIN RECEPTOR SIGNALING PATHWAY,CALM2
KEGG_2026,RAS SIGNALING PATHWAY,CALML5
KEGG_2026,RAS SIGNALING PATHWAY,CSF1
KEGG_2026,RAS SIGNALING PATHWAY,CALML6
KEGG_2026,RAS SIGNALING PATHWAY,CALML3
KEGG_2026,RAS SIGNALING PATHWAY,CALML4
KEGG_2026,RAS SIGNALING PATHWAY,PIK3CB
KEGG_2026,RAS SIGNALING PATHWAY,GNGT1
KEGG_2026,RAS SIGNALING PATHWAY,TBK1
KEGG_2026,RAS SIGNALING PATHWAY,GNGT2
KEGG_2026,RAS SIGNALING PATHWAY,AKT2
KEGG_2026,RAS SIGNALING PATHWAY,PRKACG
KEGG_2026,RAS SIGNALING PATHWAY,AKT3
KEGG_2026,RAS SIGNALING PATHWAY,RAC2
KEGG_2026,RAS SIGNALING PATHWAY,AKT1
KEGG_2026,RAS SIGNALING PATHWAY,PLCE1
KEGG_2026,RAS SIGNALING PATHWAY,PRKACB
KEGG_2026,RAS SIGNALING PATHWAY,HRAS
KEGG_2026,RAS SIGNALING PATHWAY,PRKCG
KEGG_2026,RAS SIGNALING PATHWAY,PDGFRB
KEGG_2026,RAS SIGNALING PATHWAY,MAP2K1
KEGG_2026,RAS SIGNALING PATHWAY,MAP2K2
KEGG_2026,RAS SIGNALING PATHWAY,KSR1
KEGG_2026,RAS SIGNALING PATHWAY,PRKCB
KEGG_2026,RAS SIGNALING PATHWAY,RALGAPA1
KEGG_2026,RAS SIGNALING PATHWAY,NCOA3
KEGG_2026,RAS SIGNALING PATHWAY,KCNH8
KEGG_2026,RAS SIGNALING PATHWAY,PRKCA
KEGG_2026,RAS SIGNALING PATHWAY,PLAAT2
KEGG_2026,RAS SIGNALING PATHWAY,RHOA
KEGG_2026,RAS SIGNALING PATHWAY,ZAP70
KEGG_2026,RAS SIGNALING PATHWAY,SLTM
KEGG_2026,RAS SIGNALING PATHWAY,PIK3CA
KEGG_2026,RAS SIGNALING PATHWAY,SPNS1
KEGG_2026,RAS SIGNALING PATHWAY,ARHGEF7
KEGG_2026,RAS SIGNALING PATHWAY,SOS1
KEGG_2026,RAS SIGNALING PATHWAY,SOS2
KEGG_2026,RAS SIGNALING PATHWAY,EXOC2
KEGG_2026,RAS SIGNALING PATHWAY,PIK3R3
KEGG_2026,RAS SIGNALING PATHWAY,PIK3R2
KEGG_2026,RAS SIGNALING PATHWAY,PIK3R1
KEGG_2026,RAS SIGNALING PATHWAY,PLA2G6
KEGG_2026,RAS SIGNALING PATHWAY,EGFR
KEGG_2026,RAS SIGNALING PATHWAY,RELA
KEGG_2026,RAS SIGNALING PATHWAY,INS
KEGG_2026,RAS SIGNALING PATHWAY,CDC42
KEGG_2026,RAS SIGNALING PATHWAY,MAPK9
KEGG_2026,RAS SIGNALING PATHWAY,GNG10
KEGG_2026,RAS SIGNALING PATHWAY,NRAS
KEGG_2026,RAS SIGNALING PATHWAY,MAPK8
KEGG_2026,RAS SIGNALING PATHWAY,GNG3
KEGG_2026,RAS SIGNALING PATHWAY,GNG2
KEGG_2026,RAS SIGNALING PATHWAY,GNG5
KEGG_2026,RAS SIGNALING PATHWAY,GNG4
KEGG_2026,RAS SIGNALING PATHWAY,GNG7
KEGG_2026,RAS SIGNALING PATHWAY,PDGFC
KEGG_2026,RAS SIGNALING PATHWAY,PLCG2
KEGG_2026,RAS SIGNALING PATHWAY,ABL1
KEGG_2026,RAS SIGNALING PATHWAY,ABL2
KEGG_2026,RAS SIGNALING PATHWAY,GNG8
KEGG_2026,RAS SIGNALING PATHWAY,MAPK1
KEGG_2026,RAS SIGNALING PATHWAY,PLCG1
KEGG_2026,RAS SIGNALING PATHWAY,PAK4
KEGG_2026,RAS SIGNALING PATHWAY,MAPK3
KEGG_2026,RAS SIGNALING PATHWAY,NTRK2
KEGG_2026,RAS SIGNALING PATHWAY,GNG12
KEGG_2026,RAS SIGNALING PATHWAY,GNG11
KEGG_2026,RAS SIGNALING PATHWAY,GNG13
KEGG_2026,RAS SIGNALING PATHWAY,GNB2
KEGG_2026,RAS SIGNALING PATHWAY,GNB1
KEGG_2026,RAS SIGNALING PATHWAY,REL
KEGG_2026,RAS SIGNALING PATHWAY,NF1
KEGG_2026,RAS SIGNALING PATHWAY,GNB4
KEGG_2026,RAS SIGNALING PATHWAY,GNB3
KEGG_2026,RAS SIGNALING PATHWAY,CALM3
KEGG_2026,RAS SIGNALING PATHWAY,GRB2
KEGG_2026,RAS SIGNALING PATHWAY,GNB5
KEGG_2026,RAS SIGNALING PATHWAY,CALM1
KEGG_2026,RAS SIGNALING PATHWAY,CALM2
KEGG_2026,RAS SIGNALING PATHWAY,RAB5A
KEGG_2026,RAS SIGNALING PATHWAY,FGFR1
KEGG_2026,CHRONIC MYELOID LEUKEMIA,HDAC2
KEGG_2026,CHRONIC MYELOID LEUKEMIA,CTBP2
KEGG_2026,CHRONIC MYELOID LEUKEMIA,CTBP1
KEGG_2026,CHRONIC MYELOID LEUKEMIA,HDAC1
KEGG_2026,CHRONIC MYELOID LEUKEMIA,ARAF
KEGG_2026,CHRONIC MYELOID LEUKEMIA,PIK3R3
KEGG_2026,CHRONIC MYELOID LEUKEMIA,PIK3R2
KEGG_2026,CHRONIC MYELOID LEUKEMIA,PIK3CB
KEGG_2026,CHRONIC MYELOID LEUKEMIA,PIK3R1
KEGG_2026,CHRONIC MYELOID LEUKEMIA,RELA
KEGG_2026,CHRONIC MYELOID LEUKEMIA,NRAS
KEGG_2026,CHRONIC MYELOID LEUKEMIA,AKT2
KEGG_2026,CHRONIC MYELOID LEUKEMIA,MYC
KEGG_2026,CHRONIC MYELOID LEUKEMIA,AKT3
KEGG_2026,CHRONIC MYELOID LEUKEMIA,ABL1
KEGG_2026,CHRONIC MYELOID LEUKEMIA,AKT1
KEGG_2026,CHRONIC MYELOID LEUKEMIA,MAPK1
KEGG_2026,CHRONIC MYELOID LEUKEMIA,HRAS
KEGG_2026,CHRONIC MYELOID LEUKEMIA,MAPK3
KEGG_2026,CHRONIC MYELOID LEUKEMIA,MAP2K1
KEGG_2026,CHRONIC MYELOID LEUKEMIA,SMAD4
KEGG_2026,CHRONIC MYELOID LEUKEMIA,MAP2K2
KEGG_2026,CHRONIC MYELOID LEUKEMIA,TGFB1
KEGG_2026,CHRONIC MYELOID LEUKEMIA,CDKN2A
KEGG_2026,CHRONIC MYELOID LEUKEMIA,BRAF
KEGG_2026,CHRONIC MYELOID LEUKEMIA,TGFBR1
KEGG_2026,CHRONIC MYELOID LEUKEMIA,TGFBR2
KEGG_2026,CHRONIC MYELOID LEUKEMIA,NFKBIA
KEGG_2026,CHRONIC MYELOID LEUKEMIA,PIK3CA
KEGG_2026,CHRONIC MYELOID LEUKEMIA,MDM2
KEGG_2026,CHRONIC MYELOID LEUKEMIA,BAX
KEGG_2026,CHRONIC MYELOID LEUKEMIA,GRB2
KEGG_2026,CHRONIC MYELOID LEUKEMIA,SOS1
KEGG_2026,CHRONIC MYELOID LEUKEMIA,SOS2
KEGG_2026,CHRONIC MYELOID LEUKEMIA,TP53
KEGG_2026,VIRAL LIFE CYCLE - HIV-1,TSG101
KEGG_2026,VIRAL LIFE CYCLE - HIV-1,PSIP1
KEGG_2026,VIRAL LIFE CYCLE - HIV-1,CXCR4
KEGG_2026,VIRAL LIFE CYCLE - HIV-1,MLLT1
KEGG_2026,VIRAL LIFE CYCLE - HIV-1,MLLT3
KEGG_2026,VIRAL LIFE CYCLE - HIV-1,AFF4
KEGG_2026,VIRAL LIFE CYCLE - HIV-1,PPIAL4H
KEGG_2026,VIRAL LIFE CYCLE - HIV-1,XPO1
KEGG_2026,VIRAL LIFE CYCLE - HIV-1,PPIAL4A
KEGG_2026,VIRAL LIFE CYCLE - HIV-1,EP300
KEGG_2026,VIRAL LIFE CYCLE - HIV-1,PPIAL4C
KEGG_2026,VIRAL LIFE CYCLE - HIV-1,NELFCD
KEGG_2026,VIRAL LIFE CYCLE - HIV-1,CCR5
KEGG_2026,VIRAL LIFE CYCLE - HIV-1,PPIAL4E
KEGG_2026,VIRAL LIFE CYCLE - HIV-1,PPIAL4D
KEGG_2026,VIRAL LIFE CYCLE - HIV-1,PPIAL4G
KEGG_2026,VIRAL LIFE CYCLE - HIV-1,RANBP2
KEGG_2026,VIRAL LIFE CYCLE - HIV-1,CPSF7
KEGG_2026,VIRAL LIFE CYCLE - HIV-1,CREBBP
KEGG_2026,VIRAL LIFE CYCLE - HIV-1,CPSF6
KEGG_2026,VIRAL LIFE CYCLE - HIV-1,APOBEC3H
KEGG_2026,VIRAL LIFE CYCLE - HIV-1,MX1
KEGG_2026,VIRAL LIFE CYCLE - HIV-1,NUP153
KEGG_2026,VIRAL LIFE CYCLE - HIV-1,SUPT5H
KEGG_2026,VIRAL LIFE CYCLE - HIV-1,KAT2B
KEGG_2026,VIRAL LIFE CYCLE - HIV-1,KAT2A
KEGG_2026,VIRAL LIFE CYCLE - HIV-1,CD4
KEGG_2026,VIRAL LIFE CYCLE - HIV-1,HGS
KEGG_2026,VIRAL LIFE CYCLE - HIV-1,CHMP4B
KEGG_2026,VIRAL LIFE CYCLE - HIV-1,CHMP6
KEGG_2026,VIRAL LIFE CYCLE - HIV-1,PPIA
KEGG_2026,VIRAL LIFE CYCLE - HIV-1,METAP1
KEGG_2026,VIRAL LIFE CYCLE - HIV-1,RAN
KEGG_2026,ENDOMETRIAL CANCER,GSK3B
KEGG_2026,ENDOMETRIAL CANCER,ARAF
KEGG_2026,ENDOMETRIAL CANCER,PTEN
KEGG_2026,ENDOMETRIAL CANCER,PIK3R3
KEGG_2026,ENDOMETRIAL CANCER,PIK3R2
KEGG_2026,ENDOMETRIAL CANCER,PIK3CB
KEGG_2026,ENDOMETRIAL CANCER,PIK3R1
KEGG_2026,ENDOMETRIAL CANCER,EGFR
KEGG_2026,ENDOMETRIAL CANCER,FZR1
KEGG_2026,ENDOMETRIAL CANCER,NRAS
KEGG_2026,ENDOMETRIAL CANCER,AKT2
KEGG_2026,ENDOMETRIAL CANCER,MYC
KEGG_2026,ENDOMETRIAL CANCER,AKT3
KEGG_2026,ENDOMETRIAL CANCER,ERBB2
KEGG_2026,ENDOMETRIAL CANCER,AKT1
KEGG_2026,ENDOMETRIAL CANCER,MAPK1
KEGG_2026,ENDOMETRIAL CANCER,HRAS
KEGG_2026,ENDOMETRIAL CANCER,MAPK3
KEGG_2026,ENDOMETRIAL CANCER,MAP2K1
KEGG_2026,ENDOMETRIAL CANCER,MAP2K2
KEGG_2026,ENDOMETRIAL CANCER,KCNH8
KEGG_2026,ENDOMETRIAL CANCER,BRAF
KEGG_2026,ENDOMETRIAL CANCER,PIK3CA
KEGG_2026,ENDOMETRIAL CANCER,BAX
KEGG_2026,ENDOMETRIAL CANCER,CTNNB1
KEGG_2026,ENDOMETRIAL CANCER,GRB2
KEGG_2026,ENDOMETRIAL CANCER,SOS1
KEGG_2026,ENDOMETRIAL CANCER,SOS2
KEGG_2026,ENDOMETRIAL CANCER,TP53
KEGG_2026,PROTEIN PROCESSING IN ENDOPLASMIC RETICULUM,HSP90AB1
KEGG_2026,PROTEIN PROCESSING IN ENDOPLASMIC RETICULUM,UBE2D2
KEGG_2026,PROTEIN PROCESSING IN ENDOPLASMIC RETICULUM,UBE2D3
KEGG_2026,PROTEIN PROCESSING IN ENDOPLASMIC RETICULUM,UBE2D1
KEGG_2026,PROTEIN PROCESSING IN ENDOPLASMIC RETICULUM,SEC61A2
KEGG_2026,PROTEIN PROCESSING IN ENDOPLASMIC RETICULUM,SEC61A1
KEGG_2026,PROTEIN PROCESSING IN ENDOPLASMIC RETICULUM,UFD1
KEGG_2026,PROTEIN PROCESSING IN ENDOPLASMIC RETICULUM,CAPN1
KEGG_2026,PROTEIN PROCESSING IN ENDOPLASMIC RETICULUM,SEC61B
KEGG_2026,PROTEIN PROCESSING IN ENDOPLASMIC RETICULUM,SEC62
KEGG_2026,PROTEIN PROCESSING IN ENDOPLASMIC RETICULUM,MAP3K5
KEGG_2026,PROTEIN PROCESSING IN ENDOPLASMIC RETICULUM,SEC63
KEGG_2026,PROTEIN PROCESSING IN ENDOPLASMIC RETICULUM,SKP1
KEGG_2026,PROTEIN PROCESSING IN ENDOPLASMIC RETICULUM,SEC13
KEGG_2026,PROTEIN PROCESSING IN ENDOPLASMIC RETICULUM,HSP90AA1
KEGG_2026,PROTEIN PROCESSING IN ENDOPLASMIC RETICULUM,SSR4
KEGG_2026,PROTEIN PROCESSING IN ENDOPLASMIC RETICULUM,RAD23A
KEGG_2026,PROTEIN PROCESSING IN ENDOPLASMIC RETICULUM,RAD23B
KEGG_2026,PROTEIN PROCESSING IN ENDOPLASMIC RETICULUM,DDOST
KEGG_2026,PROTEIN PROCESSING IN ENDOPLASMIC RETICULUM,RBX1
KEGG_2026,PROTEIN PROCESSING IN ENDOPLASMIC RETICULUM,DDIT3
KEGG_2026,PROTEIN PROCESSING IN ENDOPLASMIC RETICULUM,DNAJC5
KEGG_2026,PROTEIN PROCESSING IN ENDOPLASMIC RETICULUM,CANX
KEGG_2026,PROTEIN PROCESSING IN ENDOPLASMIC RETICULUM,MAN1B1
KEGG_2026,PROTEIN PROCESSING IN ENDOPLASMIC RETICULUM,ATF6
KEGG_2026,PROTEIN PROCESSING IN ENDOPLASMIC RETICULUM,ATF4
KEGG_2026,PROTEIN PROCESSING IN ENDOPLASMIC RETICULUM,PRKN
KEGG_2026,PROTEIN PROCESSING IN ENDOPLASMIC RETICULUM,VCP
KEGG_2026,PROTEIN PROCESSING IN ENDOPLASMIC RETICULUM,RPN2
KEGG_2026,PROTEIN PROCESSING IN ENDOPLASMIC RETICULUM,ATF6B
KEGG_2026,PROTEIN PROCESSING IN ENDOPLASMIC RETICULUM,RPN1
KEGG_2026,PROTEIN PROCESSING IN ENDOPLASMIC RETICULUM,HSPA4L
KEGG_2026,PROTEIN PROCESSING IN ENDOPLASMIC RETICULUM,DERL1
KEGG_2026,PROTEIN PROCESSING IN ENDOPLASMIC RETICULUM,RNF5
KEGG_2026,PROTEIN PROCESSING IN ENDOPLASMIC RETICULUM,HSP90B1
KEGG_2026,PROTEIN PROCESSING IN ENDOPLASMIC RETICULUM,MAPK9
KEGG_2026,PROTEIN PROCESSING IN ENDOPLASMIC RETICULUM,MAPK8
KEGG_2026,PROTEIN PROCESSING IN ENDOPLASMIC RETICULUM,GANAB
KEGG_2026,PROTEIN PROCESSING IN ENDOPLASMIC RETICULUM,BAG2
KEGG_2026,PROTEIN PROCESSING IN ENDOPLASMIC RETICULUM,OS9
KEGG_2026,PROTEIN PROCESSING IN ENDOPLASMIC RETICULUM,UBQLN2
KEGG_2026,PROTEIN PROCESSING IN ENDOPLASMIC RETICULUM,BCAP31
KEGG_2026,PROTEIN PROCESSING IN ENDOPLASMIC RETICULUM,HSPA8
KEGG_2026,PROTEIN PROCESSING IN ENDOPLASMIC RETICULUM,MBTPS1
KEGG_2026,PROTEIN PROCESSING IN ENDOPLASMIC RETICULUM,XBP1
KEGG_2026,PROTEIN PROCESSING IN ENDOPLASMIC RETICULUM,HSPA5
KEGG_2026,PROTEIN PROCESSING IN ENDOPLASMIC RETICULUM,WFS1
KEGG_2026,PROTEIN PROCESSING IN ENDOPLASMIC RETICULUM,DNAJC5B
KEGG_2026,PROTEIN PROCESSING IN ENDOPLASMIC RETICULUM,EDEM1
KEGG_2026,PROTEIN PROCESSING IN ENDOPLASMIC RETICULUM,EIF2AK3
KEGG_2026,PROTEIN PROCESSING IN ENDOPLASMIC RETICULUM,EIF2S1
KEGG_2026,PROTEIN PROCESSING IN ENDOPLASMIC RETICULUM,DNAJA1
KEGG_2026,PROTEIN PROCESSING IN ENDOPLASMIC RETICULUM,NSFL1C
KEGG_2026,PROTEIN PROCESSING IN ENDOPLASMIC RETICULUM,NPLOC4
KEGG_2026,PROTEIN PROCESSING IN ENDOPLASMIC RETICULUM,BCL2
KEGG_2026,PROTEIN PROCESSING IN ENDOPLASMIC RETICULUM,BAX
KEGG_2026,PROTEIN PROCESSING IN ENDOPLASMIC RETICULUM,STUB1
KEGG_2026,PROTEIN PROCESSING IN ENDOPLASMIC RETICULUM,CALR
KEGG_2026,PROTEIN PROCESSING IN ENDOPLASMIC RETICULUM,SEC24C
KEGG_2026,PROTEIN PROCESSING IN ENDOPLASMIC RETICULUM,MBTPS2
KEGG_2026,PROTEIN PROCESSING IN ENDOPLASMIC RETICULUM,HSPA1B
KEGG_2026,PROTEIN PROCESSING IN ENDOPLASMIC RETICULUM,NFE2L2
KEGG_2026,PROTEIN PROCESSING IN ENDOPLASMIC RETICULUM,HSPA1A
KEGG_2026,AMPK SIGNALING PATHWAY,PFKFB2
KEGG_2026,AMPK SIGNALING PATHWAY,PFKFB1
KEGG_2026,AMPK SIGNALING PATHWAY,CRTC2
KEGG_2026,AMPK SIGNALING PATHWAY,PFKFB4
KEGG_2026,AMPK SIGNALING PATHWAY,PFKFB3
KEGG_2026,AMPK SIGNALING PATHWAY,CAB39L
KEGG_2026,AMPK SIGNALING PATHWAY,PIK3R3
KEGG_2026,AMPK SIGNALING PATHWAY,PIK3R2
KEGG_2026,AMPK SIGNALING PATHWAY,PIK3R1
KEGG_2026,AMPK SIGNALING PATHWAY,SLC2A4
KEGG_2026,AMPK SIGNALING PATHWAY,PIK3CB
KEGG_2026,AMPK SIGNALING PATHWAY,HMGCR
KEGG_2026,AMPK SIGNALING PATHWAY,ADRA1A
KEGG_2026,AMPK SIGNALING PATHWAY,INS
KEGG_2026,AMPK SIGNALING PATHWAY,GYS2
KEGG_2026,AMPK SIGNALING PATHWAY,GYS1
KEGG_2026,AMPK SIGNALING PATHWAY,STK11
KEGG_2026,AMPK SIGNALING PATHWAY,CREB3L3
KEGG_2026,AMPK SIGNALING PATHWAY,CREB3L4
KEGG_2026,AMPK SIGNALING PATHWAY,AKT2
KEGG_2026,AMPK SIGNALING PATHWAY,CREB3L1
KEGG_2026,AMPK SIGNALING PATHWAY,AKT3
KEGG_2026,AMPK SIGNALING PATHWAY,CREB3L2
KEGG_2026,AMPK SIGNALING PATHWAY,AKT1
KEGG_2026,AMPK SIGNALING PATHWAY,CD36
KEGG_2026,AMPK SIGNALING PATHWAY,PPARGC1A
KEGG_2026,AMPK SIGNALING PATHWAY,RAB8A
KEGG_2026,AMPK SIGNALING PATHWAY,PCK2
KEGG_2026,AMPK SIGNALING PATHWAY,SREBF1
KEGG_2026,AMPK SIGNALING PATHWAY,TSC1
KEGG_2026,AMPK SIGNALING PATHWAY,EEF2
KEGG_2026,AMPK SIGNALING PATHWAY,SIRT1
KEGG_2026,AMPK SIGNALING PATHWAY,RAB10
KEGG_2026,AMPK SIGNALING PATHWAY,G6PC2
KEGG_2026,AMPK SIGNALING PATHWAY,PFKL
KEGG_2026,AMPK SIGNALING PATHWAY,G6PC3
KEGG_2026,AMPK SIGNALING PATHWAY,CREB1
KEGG_2026,AMPK SIGNALING PATHWAY,PIK3CA
KEGG_2026,AMPK SIGNALING PATHWAY,RHEB
KEGG_2026,AMPK SIGNALING PATHWAY,SCD
KEGG_2026,AMPK SIGNALING PATHWAY,FASN
KEGG_2026,AMPK SIGNALING PATHWAY,LEP
KEGG_2026,AMPK SIGNALING PATHWAY,PPARG
KEGG_2026,AMPK SIGNALING PATHWAY,FBP1
KEGG_2026,AMPK SIGNALING PATHWAY,PFKM
KEGG_2026,AMPK SIGNALING PATHWAY,CFTR
KEGG_2026,AMPK SIGNALING PATHWAY,PFKP
KEGG_2026,AMPK SIGNALING PATHWAY,CREB5
KEGG_2026,MITOPHAGY - ANIMAL,PRKN
KEGG_2026,MITOPHAGY - ANIMAL,VCP
KEGG_2026,MITOPHAGY - ANIMAL,USP15
KEGG_2026,MITOPHAGY - ANIMAL,TOMM40
KEGG_2026,MITOPHAGY - ANIMAL,SRC
KEGG_2026,MITOPHAGY - ANIMAL,AMBRA1
KEGG_2026,MITOPHAGY - ANIMAL,TOMM20
KEGG_2026,MITOPHAGY - ANIMAL,HIF1A
KEGG_2026,MITOPHAGY - ANIMAL,GABARAP
KEGG_2026,MITOPHAGY - ANIMAL,RELA
KEGG_2026,MITOPHAGY - ANIMAL,MAPK9
KEGG_2026,MITOPHAGY - ANIMAL,MAP1LC3B
KEGG_2026,MITOPHAGY - ANIMAL,MAPK8
KEGG_2026,MITOPHAGY - ANIMAL,NRAS
KEGG_2026,MITOPHAGY - ANIMAL,TBK1
KEGG_2026,MITOPHAGY - ANIMAL,MAP1LC3A
KEGG_2026,MITOPHAGY - ANIMAL,SAMM50
KEGG_2026,MITOPHAGY - ANIMAL,UBB
KEGG_2026,MITOPHAGY - ANIMAL,UBC
KEGG_2026,MITOPHAGY - ANIMAL,ARIH1
KEGG_2026,MITOPHAGY - ANIMAL,RPS27A
KEGG_2026,MITOPHAGY - ANIMAL,HRAS
KEGG_2026,MITOPHAGY - ANIMAL,TOMM70
KEGG_2026,MITOPHAGY - ANIMAL,GABARAPL2
KEGG_2026,MITOPHAGY - ANIMAL,GABARAPL1
KEGG_2026,MITOPHAGY - ANIMAL,JUN
KEGG_2026,MITOPHAGY - ANIMAL,SMURF1
KEGG_2026,MITOPHAGY - ANIMAL,BNIP3
KEGG_2026,MITOPHAGY - ANIMAL,EIF2AK3
KEGG_2026,MITOPHAGY - ANIMAL,TFEB
KEGG_2026,MITOPHAGY - ANIMAL,HUWE1
KEGG_2026,MITOPHAGY - ANIMAL,MITF
KEGG_2026,MITOPHAGY - ANIMAL,EIF2S1
KEGG_2026,MITOPHAGY - ANIMAL,FKBP8
KEGG_2026,MITOPHAGY - ANIMAL,TOMM7
KEGG_2026,MITOPHAGY - ANIMAL,RAB7B
KEGG_2026,MITOPHAGY - ANIMAL,UBA52
KEGG_2026,MITOPHAGY - ANIMAL,TP53
KEGG_2026,MITOPHAGY - ANIMAL,RAB5A
KEGG_2026,MITOPHAGY - ANIMAL,OPTN
KEGG_2026,MITOPHAGY - ANIMAL,ATF4
KEGG_2026,MITOPHAGY - ANIMAL,RAB7A
KEGG_2026,COCAINE ADDICTION,MAOB
KEGG_2026,COCAINE ADDICTION,ATF6B
KEGG_2026,COCAINE ADDICTION,GNAI3
KEGG_2026,COCAINE ADDICTION,RELA
KEGG_2026,COCAINE ADDICTION,GNAI1
KEGG_2026,COCAINE ADDICTION,GNAI2
KEGG_2026,COCAINE ADDICTION,ADCY5
KEGG_2026,COCAINE ADDICTION,CREB3L3
KEGG_2026,COCAINE ADDICTION,CREB3L4
KEGG_2026,COCAINE ADDICTION,PRKACG
KEGG_2026,COCAINE ADDICTION,CREB3L1
KEGG_2026,COCAINE ADDICTION,CREB3L2
KEGG_2026,COCAINE ADDICTION,DRD2
KEGG_2026,COCAINE ADDICTION,PRKACB
KEGG_2026,COCAINE ADDICTION,JUN
KEGG_2026,COCAINE ADDICTION,PRKCA
KEGG_2026,COCAINE ADDICTION,PDYN
KEGG_2026,COCAINE ADDICTION,CREB1
KEGG_2026,COCAINE ADDICTION,CDK5
KEGG_2026,COCAINE ADDICTION,TH
KEGG_2026,COCAINE ADDICTION,RGS9BP
KEGG_2026,COCAINE ADDICTION,GNAS
KEGG_2026,COCAINE ADDICTION,FOSB
KEGG_2026,COCAINE ADDICTION,CREB5
KEGG_2026,COCAINE ADDICTION,ATF4
KEGG_2026,PD-L1 EXPRESSION AND PD-1 CHECKPOINT PATHWAY IN CANCER,ALK
KEGG_2026,PD-L1 EXPRESSION AND PD-1 CHECKPOINT PATHWAY IN CANCER,PTEN
KEGG_2026,PD-L1 EXPRESSION AND PD-1 CHECKPOINT PATHWAY IN CANCER,PIK3R3
KEGG_2026,PD-L1 EXPRESSION AND PD-1 CHECKPOINT PATHWAY IN CANCER,PIK3R2
KEGG_2026,PD-L1 EXPRESSION AND PD-1 CHECKPOINT PATHWAY IN CANCER,PIK3CB
KEGG_2026,PD-L1 EXPRESSION AND PD-1 CHECKPOINT PATHWAY IN CANCER,PIK3R1
KEGG_2026,PD-L1 EXPRESSION AND PD-1 CHECKPOINT PATHWAY IN CANCER,HIF1A
KEGG_2026,PD-L1 EXPRESSION AND PD-1 CHECKPOINT PATHWAY IN CANCER,EGFR
KEGG_2026,PD-L1 EXPRESSION AND PD-1 CHECKPOINT PATHWAY IN CANCER,RELA
KEGG_2026,PD-L1 EXPRESSION AND PD-1 CHECKPOINT PATHWAY IN CANCER,PPP3CB
KEGG_2026,PD-L1 EXPRESSION AND PD-1 CHECKPOINT PATHWAY IN CANCER,NRAS
KEGG_2026,PD-L1 EXPRESSION AND PD-1 CHECKPOINT PATHWAY IN CANCER,AKT2
KEGG_2026,PD-L1 EXPRESSION AND PD-1 CHECKPOINT PATHWAY IN CANCER,AKT3
KEGG_2026,PD-L1 EXPRESSION AND PD-1 CHECKPOINT PATHWAY IN CANCER,AKT1
KEGG_2026,PD-L1 EXPRESSION AND PD-1 CHECKPOINT PATHWAY IN CANCER,MAPK1
KEGG_2026,PD-L1 EXPRESSION AND PD-1 CHECKPOINT PATHWAY IN CANCER,PLCG1
KEGG_2026,PD-L1 EXPRESSION AND PD-1 CHECKPOINT PATHWAY IN CANCER,JAK2
KEGG_2026,PD-L1 EXPRESSION AND PD-1 CHECKPOINT PATHWAY IN CANCER,HRAS
KEGG_2026,PD-L1 EXPRESSION AND PD-1 CHECKPOINT PATHWAY IN CANCER,MAPK3
KEGG_2026,PD-L1 EXPRESSION AND PD-1 CHECKPOINT PATHWAY IN CANCER,MAP2K1
KEGG_2026,PD-L1 EXPRESSION AND PD-1 CHECKPOINT PATHWAY IN CANCER,JUN
KEGG_2026,PD-L1 EXPRESSION AND PD-1 CHECKPOINT PATHWAY IN CANCER,MAP2K2
KEGG_2026,PD-L1 EXPRESSION AND PD-1 CHECKPOINT PATHWAY IN CANCER,STAT1
KEGG_2026,PD-L1 EXPRESSION AND PD-1 CHECKPOINT PATHWAY IN CANCER,STAT3
KEGG_2026,PD-L1 EXPRESSION AND PD-1 CHECKPOINT PATHWAY IN CANCER,FOS
KEGG_2026,PD-L1 EXPRESSION AND PD-1 CHECKPOINT PATHWAY IN CANCER,TIRAP
KEGG_2026,PD-L1 EXPRESSION AND PD-1 CHECKPOINT PATHWAY IN CANCER,BATF
KEGG_2026,PD-L1 EXPRESSION AND PD-1 CHECKPOINT PATHWAY IN CANCER,EML4
KEGG_2026,PD-L1 EXPRESSION AND PD-1 CHECKPOINT PATHWAY IN CANCER,NFKBIA
KEGG_2026,PD-L1 EXPRESSION AND PD-1 CHECKPOINT PATHWAY IN CANCER,ZAP70
KEGG_2026,PD-L1 EXPRESSION AND PD-1 CHECKPOINT PATHWAY IN CANCER,CD4
KEGG_2026,PD-L1 EXPRESSION AND PD-1 CHECKPOINT PATHWAY IN CANCER,IFNG
KEGG_2026,PD-L1 EXPRESSION AND PD-1 CHECKPOINT PATHWAY IN CANCER,PIK3CA
KEGG_2026,PD-L1 EXPRESSION AND PD-1 CHECKPOINT PATHWAY IN CANCER,LCK
KEGG_2026,PD-L1 EXPRESSION AND PD-1 CHECKPOINT PATHWAY IN CANCER,SPNS1
KEGG_2026,PD-L1 EXPRESSION AND PD-1 CHECKPOINT PATHWAY IN CANCER,TLR4
KEGG_2026,PD-L1 EXPRESSION AND PD-1 CHECKPOINT PATHWAY IN CANCER,MYD88
KEGG_2026,PD-L1 EXPRESSION AND PD-1 CHECKPOINT PATHWAY IN CANCER,TLR2
KEGG_2026,PROLACTIN SIGNALING PATHWAY,GSK3B
KEGG_2026,PROLACTIN SIGNALING PATHWAY,SRC
KEGG_2026,PROLACTIN SIGNALING PATHWAY,SLC2A2
KEGG_2026,PROLACTIN SIGNALING PATHWAY,PIK3R3
KEGG_2026,PROLACTIN SIGNALING PATHWAY,PIK3R2
KEGG_2026,PROLACTIN SIGNALING PATHWAY,PIK3CB
KEGG_2026,PROLACTIN SIGNALING PATHWAY,PIK3R1
KEGG_2026,PROLACTIN SIGNALING PATHWAY,RELA
KEGG_2026,PROLACTIN SIGNALING PATHWAY,INS
KEGG_2026,PROLACTIN SIGNALING PATHWAY,MAPK9
KEGG_2026,PROLACTIN SIGNALING PATHWAY,SOCS3
KEGG_2026,PROLACTIN SIGNALING PATHWAY,MAPK8
KEGG_2026,PROLACTIN SIGNALING PATHWAY,NRAS
KEGG_2026,PROLACTIN SIGNALING PATHWAY,SOCS1
KEGG_2026,PROLACTIN SIGNALING PATHWAY,AKT2
KEGG_2026,PROLACTIN SIGNALING PATHWAY,AKT3
KEGG_2026,PROLACTIN SIGNALING PATHWAY,AKT1
KEGG_2026,PROLACTIN SIGNALING PATHWAY,MAPK1
KEGG_2026,PROLACTIN SIGNALING PATHWAY,JAK2
KEGG_2026,PROLACTIN SIGNALING PATHWAY,HRAS
KEGG_2026,PROLACTIN SIGNALING PATHWAY,MAPK3
KEGG_2026,PROLACTIN SIGNALING PATHWAY,LHCGR
KEGG_2026,PROLACTIN SIGNALING PATHWAY,MAP2K1
KEGG_2026,PROLACTIN SIGNALING PATHWAY,MAP2K2
KEGG_2026,PROLACTIN SIGNALING PATHWAY,STAT1
KEGG_2026,PROLACTIN SIGNALING PATHWAY,STAT3
KEGG_2026,PROLACTIN SIGNALING PATHWAY,FOS
KEGG_2026,PROLACTIN SIGNALING PATHWAY,PIK3CA
KEGG_2026,PROLACTIN SIGNALING PATHWAY,TH
KEGG_2026,PROLACTIN SIGNALING PATHWAY,GRB2
KEGG_2026,PROLACTIN SIGNALING PATHWAY,SOS1
KEGG_2026,PROLACTIN SIGNALING PATHWAY,SOS2
KEGG_2026,RENAL CELL CARCINOMA,PRCC
KEGG_2026,RENAL CELL CARCINOMA,SLC2A1
KEGG_2026,RENAL CELL CARCINOMA,ARAF
KEGG_2026,RENAL CELL CARCINOMA,PIK3R3
KEGG_2026,RENAL CELL CARCINOMA,PIK3R2
KEGG_2026,RENAL CELL CARCINOMA,PIK3CB
KEGG_2026,RENAL CELL CARCINOMA,PIK3R1
KEGG_2026,RENAL CELL CARCINOMA,HIF1A
KEGG_2026,RENAL CELL CARCINOMA,CDC42
KEGG_2026,RENAL CELL CARCINOMA,NRAS
KEGG_2026,RENAL CELL CARCINOMA,AKT2
KEGG_2026,RENAL CELL CARCINOMA,AKT3
KEGG_2026,RENAL CELL CARCINOMA,EP300
KEGG_2026,RENAL CELL CARCINOMA,AKT1
KEGG_2026,RENAL CELL CARCINOMA,MAPK1
KEGG_2026,RENAL CELL CARCINOMA,HRAS
KEGG_2026,RENAL CELL CARCINOMA,PAK4
KEGG_2026,RENAL CELL CARCINOMA,MAPK3
KEGG_2026,RENAL CELL CARCINOMA,MAP2K1
KEGG_2026,RENAL CELL CARCINOMA,CREBBP
KEGG_2026,RENAL CELL CARCINOMA,JUN
KEGG_2026,RENAL CELL CARCINOMA,MAP2K2
KEGG_2026,RENAL CELL CARCINOMA,TGFB1
KEGG_2026,RENAL CELL CARCINOMA,BRAF
KEGG_2026,RENAL CELL CARCINOMA,RBX1
KEGG_2026,RENAL CELL CARCINOMA,PIK3CA
KEGG_2026,RENAL CELL CARCINOMA,SLTM
KEGG_2026,RENAL CELL CARCINOMA,GRB2
KEGG_2026,RENAL CELL CARCINOMA,SOS1
KEGG_2026,RENAL CELL CARCINOMA,ARHGEF7
KEGG_2026,RENAL CELL CARCINOMA,SOS2
KEGG_2026,MICRORNAS IN CANCER,PTEN
KEGG_2026,MICRORNAS IN CANCER,BRCA1
KEGG_2026,MICRORNAS IN CANCER,PIK3CB
KEGG_2026,MICRORNAS IN CANCER,RPS6KA5
KEGG_2026,MICRORNAS IN CANCER,MYC
KEGG_2026,MICRORNAS IN CANCER,CASP3
KEGG_2026,MICRORNAS IN CANCER,LONP1
KEGG_2026,MICRORNAS IN CANCER,CYP1B1
KEGG_2026,MICRORNAS IN CANCER,EP300
KEGG_2026,MICRORNAS IN CANCER,TIMP3
KEGG_2026,MICRORNAS IN CANCER,HRAS
KEGG_2026,MICRORNAS IN CANCER,SOX4
KEGG_2026,MICRORNAS IN CANCER,PRKCG
KEGG_2026,MICRORNAS IN CANCER,PDGFRB
KEGG_2026,MICRORNAS IN CANCER,MAP2K1
KEGG_2026,MICRORNAS IN CANCER,MAP2K2
KEGG_2026,MICRORNAS IN CANCER,PRKCB
KEGG_2026,MICRORNAS IN CANCER,TPM1
KEGG_2026,MICRORNAS IN CANCER,PRKCA
KEGG_2026,MICRORNAS IN CANCER,SIRT1
KEGG_2026,MICRORNAS IN CANCER,RHOA
KEGG_2026,MICRORNAS IN CANCER,SLTM
KEGG_2026,MICRORNAS IN CANCER,PIK3CA
KEGG_2026,MICRORNAS IN CANCER,FSCN1
KEGG_2026,MICRORNAS IN CANCER,SOS1
KEGG_2026,MICRORNAS IN CANCER,TP53
KEGG_2026,MICRORNAS IN CANCER,SOS2
KEGG_2026,MICRORNAS IN CANCER,HDAC4
KEGG_2026,MICRORNAS IN CANCER,HDAC2
KEGG_2026,MICRORNAS IN CANCER,ROCK1
KEGG_2026,MICRORNAS IN CANCER,HDAC1
KEGG_2026,MICRORNAS IN CANCER,PIK3R3
KEGG_2026,MICRORNAS IN CANCER,PIK3R2
KEGG_2026,MICRORNAS IN CANCER,PIK3R1
KEGG_2026,MICRORNAS IN CANCER,PTGS2
KEGG_2026,MICRORNAS IN CANCER,THBS1
KEGG_2026,MICRORNAS IN CANCER,SLC7A1
KEGG_2026,MICRORNAS IN CANCER,EGFR
KEGG_2026,MICRORNAS IN CANCER,NRAS
KEGG_2026,MICRORNAS IN CANCER,BCL2L11
KEGG_2026,MICRORNAS IN CANCER,SOCS1
KEGG_2026,MICRORNAS IN CANCER,ERBB2
KEGG_2026,MICRORNAS IN CANCER,PLCG2
KEGG_2026,MICRORNAS IN CANCER,ABL1
KEGG_2026,MICRORNAS IN CANCER,IGF2BP1
KEGG_2026,MICRORNAS IN CANCER,HMOX1
KEGG_2026,MICRORNAS IN CANCER,MAPK1
KEGG_2026,MICRORNAS IN CANCER,PLCG1
KEGG_2026,MICRORNAS IN CANCER,PAK4
KEGG_2026,MICRORNAS IN CANCER,MAPK3
KEGG_2026,MICRORNAS IN CANCER,CREBBP
KEGG_2026,MICRORNAS IN CANCER,UBE2I
KEGG_2026,MICRORNAS IN CANCER,CDKN2A
KEGG_2026,MICRORNAS IN CANCER,STAT3
KEGG_2026,MICRORNAS IN CANCER,HNRNPK
KEGG_2026,MICRORNAS IN CANCER,MDM2
KEGG_2026,MICRORNAS IN CANCER,BCL2
KEGG_2026,MICRORNAS IN CANCER,GRB2
KEGG_2026,MICRORNAS IN CANCER,EZH2
KEGG_2026,INFLUENZA A,PIK3CB
KEGG_2026,INFLUENZA A,TNF
KEGG_2026,INFLUENZA A,ICAM1
KEGG_2026,INFLUENZA A,TBK1
KEGG_2026,INFLUENZA A,XPO1
KEGG_2026,INFLUENZA A,AKT2
KEGG_2026,INFLUENZA A,CASP3
KEGG_2026,INFLUENZA A,AKT3
KEGG_2026,INFLUENZA A,KPNA6
KEGG_2026,INFLUENZA A,AKT1
KEGG_2026,INFLUENZA A,KPNA7
KEGG_2026,INFLUENZA A,EP300
KEGG_2026,INFLUENZA A,KPNA5
KEGG_2026,INFLUENZA A,KPNA2
KEGG_2026,INFLUENZA A,JAK2
KEGG_2026,INFLUENZA A,IKBKE
KEGG_2026,INFLUENZA A,KPNA1
KEGG_2026,INFLUENZA A,MAP2K1
KEGG_2026,INFLUENZA A,MAP2K2
KEGG_2026,INFLUENZA A,PRKCB
KEGG_2026,INFLUENZA A,PRKCA
KEGG_2026,INFLUENZA A,TNFRSF1A
KEGG_2026,INFLUENZA A,HNRNPUL1
KEGG_2026,INFLUENZA A,IFNG
KEGG_2026,INFLUENZA A,PIK3CA
KEGG_2026,INFLUENZA A,TRAF3
KEGG_2026,INFLUENZA A,IL1B
KEGG_2026,INFLUENZA A,VDAC1
KEGG_2026,INFLUENZA A,NUP98
KEGG_2026,INFLUENZA A,SLC25A5
KEGG_2026,INFLUENZA A,TLR4
KEGG_2026,INFLUENZA A,SLC25A4
KEGG_2026,INFLUENZA A,IFNAR1
KEGG_2026,INFLUENZA A,SLC25A6
KEGG_2026,INFLUENZA A,TMPRSS4
KEGG_2026,INFLUENZA A,PIK3R3
KEGG_2026,INFLUENZA A,PIK3R2
KEGG_2026,INFLUENZA A,PIK3R1
KEGG_2026,INFLUENZA A,RELA
KEGG_2026,INFLUENZA A,SOCS3
KEGG_2026,INFLUENZA A,PABPN1
KEGG_2026,INFLUENZA A,NLRP3
KEGG_2026,INFLUENZA A,CCL2
KEGG_2026,INFLUENZA A,MAPK1
KEGG_2026,INFLUENZA A,MAPK3
KEGG_2026,INFLUENZA A,FDPS
KEGG_2026,INFLUENZA A,CREBBP
KEGG_2026,INFLUENZA A,STAT1
KEGG_2026,INFLUENZA A,STAT2
KEGG_2026,INFLUENZA A,MX1
KEGG_2026,INFLUENZA A,TNFRSF10B
KEGG_2026,INFLUENZA A,TNFRSF10A
KEGG_2026,INFLUENZA A,EIF2S1
KEGG_2026,INFLUENZA A,RAB11A
KEGG_2026,INFLUENZA A,PML
KEGG_2026,INFLUENZA A,NFKBIA
KEGG_2026,INFLUENZA A,MAVS
KEGG_2026,INFLUENZA A,IL6
KEGG_2026,INFLUENZA A,FASN
KEGG_2026,INFLUENZA A,CYCS
KEGG_2026,INFLUENZA A,BAX
KEGG_2026,INFLUENZA A,MYD88
KEGG_2026,SPINOCEREBELLAR ATAXIA,RYR1
KEGG_2026,SPINOCEREBELLAR ATAXIA,GTF2B
KEGG_2026,SPINOCEREBELLAR ATAXIA,RORA
KEGG_2026,SPINOCEREBELLAR ATAXIA,ATP2A1
KEGG_2026,SPINOCEREBELLAR ATAXIA,PIK3CB
KEGG_2026,SPINOCEREBELLAR ATAXIA,GRM1
KEGG_2026,SPINOCEREBELLAR ATAXIA,KAT5
KEGG_2026,SPINOCEREBELLAR ATAXIA,AKT2
KEGG_2026,SPINOCEREBELLAR ATAXIA,PSMD2
KEGG_2026,SPINOCEREBELLAR ATAXIA,RB1CC1
KEGG_2026,SPINOCEREBELLAR ATAXIA,AKT3
KEGG_2026,SPINOCEREBELLAR ATAXIA,PSMD3
KEGG_2026,SPINOCEREBELLAR ATAXIA,AKT1
KEGG_2026,SPINOCEREBELLAR ATAXIA,MAP3K5
KEGG_2026,SPINOCEREBELLAR ATAXIA,PRKCG
KEGG_2026,SPINOCEREBELLAR ATAXIA,TBP
KEGG_2026,SPINOCEREBELLAR ATAXIA,DNAAF3
KEGG_2026,SPINOCEREBELLAR ATAXIA,PRKCB
KEGG_2026,SPINOCEREBELLAR ATAXIA,PRKCA
KEGG_2026,SPINOCEREBELLAR ATAXIA,PDYN
KEGG_2026,SPINOCEREBELLAR ATAXIA,ATG13
KEGG_2026,SPINOCEREBELLAR ATAXIA,PLCB3
KEGG_2026,SPINOCEREBELLAR ATAXIA,PLCB4
KEGG_2026,SPINOCEREBELLAR ATAXIA,PIK3CA
KEGG_2026,SPINOCEREBELLAR ATAXIA,VDAC3
KEGG_2026,SPINOCEREBELLAR ATAXIA,PPIF
KEGG_2026,SPINOCEREBELLAR ATAXIA,VDAC2
KEGG_2026,SPINOCEREBELLAR ATAXIA,VDAC1
KEGG_2026,SPINOCEREBELLAR ATAXIA,PLCB1
KEGG_2026,SPINOCEREBELLAR ATAXIA,SLC25A5
KEGG_2026,SPINOCEREBELLAR ATAXIA,PLCB2
KEGG_2026,SPINOCEREBELLAR ATAXIA,SLC25A4
KEGG_2026,SPINOCEREBELLAR ATAXIA,SLC25A6
KEGG_2026,SPINOCEREBELLAR ATAXIA,GRIA1
KEGG_2026,SPINOCEREBELLAR ATAXIA,PSMD14
KEGG_2026,SPINOCEREBELLAR ATAXIA,PSMD13
KEGG_2026,SPINOCEREBELLAR ATAXIA,PIK3R3
KEGG_2026,SPINOCEREBELLAR ATAXIA,PIK3R2
KEGG_2026,SPINOCEREBELLAR ATAXIA,PIK3R1
KEGG_2026,SPINOCEREBELLAR ATAXIA,AMBRA1
KEGG_2026,SPINOCEREBELLAR ATAXIA,MAPK9
KEGG_2026,SPINOCEREBELLAR ATAXIA,ATXN2
KEGG_2026,SPINOCEREBELLAR ATAXIA,MAPK8
KEGG_2026,SPINOCEREBELLAR ATAXIA,ATXN1L
KEGG_2026,SPINOCEREBELLAR ATAXIA,NOP56
KEGG_2026,SPINOCEREBELLAR ATAXIA,XBP1
KEGG_2026,SPINOCEREBELLAR ATAXIA,NFYA
KEGG_2026,SPINOCEREBELLAR ATAXIA,ADRM1
KEGG_2026,SPINOCEREBELLAR ATAXIA,PUM1
KEGG_2026,SPINOCEREBELLAR ATAXIA,PUM2
KEGG_2026,SPINOCEREBELLAR ATAXIA,PSMC5
KEGG_2026,SPINOCEREBELLAR ATAXIA,GNAQ
KEGG_2026,SPINOCEREBELLAR ATAXIA,PSMC1
KEGG_2026,SPINOCEREBELLAR ATAXIA,CYCS
KEGG_2026,NECROPTOSIS,H2AX
KEGG_2026,NECROPTOSIS,PYGB
KEGG_2026,NECROPTOSIS,HSP90AB1
KEGG_2026,NECROPTOSIS,PYGM
KEGG_2026,NECROPTOSIS,PYGL
KEGG_2026,NECROPTOSIS,TNF
KEGG_2026,NECROPTOSIS,AIFM1
KEGG_2026,NECROPTOSIS,FTH1
KEGG_2026,NECROPTOSIS,CHMP1B
KEGG_2026,NECROPTOSIS,SMPD1
KEGG_2026,NECROPTOSIS,CHMP1A
KEGG_2026,NECROPTOSIS,CAPN1
KEGG_2026,NECROPTOSIS,JAK2
KEGG_2026,NECROPTOSIS,GLUL
KEGG_2026,NECROPTOSIS,HSP90AA1
KEGG_2026,NECROPTOSIS,TNFRSF1A
KEGG_2026,NECROPTOSIS,IFNG
KEGG_2026,NECROPTOSIS,IL1B
KEGG_2026,NECROPTOSIS,VDAC3
KEGG_2026,NECROPTOSIS,CHMP4C
KEGG_2026,NECROPTOSIS,CHMP4B
KEGG_2026,NECROPTOSIS,VDAC2
KEGG_2026,NECROPTOSIS,VDAC1
KEGG_2026,NECROPTOSIS,RBCK1
KEGG_2026,NECROPTOSIS,CHMP6
KEGG_2026,NECROPTOSIS,SLC25A5
KEGG_2026,NECROPTOSIS,PPIA
KEGG_2026,NECROPTOSIS,TLR4
KEGG_2026,NECROPTOSIS,CHMP7
KEGG_2026,NECROPTOSIS,SLC25A4
KEGG_2026,NECROPTOSIS,IFNAR1
KEGG_2026,NECROPTOSIS,BIRC3
KEGG_2026,NECROPTOSIS,SLC25A6
KEGG_2026,NECROPTOSIS,CAMK2B
KEGG_2026,NECROPTOSIS,CAMK2D
KEGG_2026,NECROPTOSIS,CAMK2A
KEGG_2026,NECROPTOSIS,PPIAL4H
KEGG_2026,NECROPTOSIS,MAPK9
KEGG_2026,NECROPTOSIS,MAPK8
KEGG_2026,NECROPTOSIS,PPIAL4A
KEGG_2026,NECROPTOSIS,NLRP3
KEGG_2026,NECROPTOSIS,PPIAL4C
KEGG_2026,NECROPTOSIS,PPIAL4E
KEGG_2026,NECROPTOSIS,PPIAL4D
KEGG_2026,NECROPTOSIS,CAMK2G
KEGG_2026,NECROPTOSIS,PPIAL4G
KEGG_2026,NECROPTOSIS,STAT1
KEGG_2026,NECROPTOSIS,STAT2
KEGG_2026,NECROPTOSIS,STAT3
KEGG_2026,NECROPTOSIS,TNFRSF10B
KEGG_2026,NECROPTOSIS,TNFRSF10A
KEGG_2026,NECROPTOSIS,H2AC20
KEGG_2026,NECROPTOSIS,FASN
KEGG_2026,NECROPTOSIS,CHMP2B
KEGG_2026,NECROPTOSIS,CHMP2A
KEGG_2026,NECROPTOSIS,BCL2
KEGG_2026,NECROPTOSIS,BAX
KEGG_2026,NECROPTOSIS,RNF103-CHMP3
KEGG_2026,PERTUSSIS,ITGB1
KEGG_2026,PERTUSSIS,C1QA
KEGG_2026,PERTUSSIS,ITGAM
KEGG_2026,PERTUSSIS,CALML5
KEGG_2026,PERTUSSIS,CALML6
KEGG_2026,PERTUSSIS,GNAI3
KEGG_2026,PERTUSSIS,CALML3
KEGG_2026,PERTUSSIS,CALML4
KEGG_2026,PERTUSSIS,TNF
KEGG_2026,PERTUSSIS,GNAI1
KEGG_2026,PERTUSSIS,RELA
KEGG_2026,PERTUSSIS,GNAI2
KEGG_2026,PERTUSSIS,MAPK9
KEGG_2026,PERTUSSIS,MAPK8
KEGG_2026,PERTUSSIS,IRAK1
KEGG_2026,PERTUSSIS,CASP3
KEGG_2026,PERTUSSIS,NLRP3
KEGG_2026,PERTUSSIS,MAPK1
KEGG_2026,PERTUSSIS,MAPK3
KEGG_2026,PERTUSSIS,IL10
KEGG_2026,PERTUSSIS,JUN
KEGG_2026,PERTUSSIS,NDUFA2
KEGG_2026,PERTUSSIS,FOS
KEGG_2026,PERTUSSIS,TIRAP
KEGG_2026,PERTUSSIS,RHOA
KEGG_2026,PERTUSSIS,IL6
KEGG_2026,PERTUSSIS,IL1B
KEGG_2026,PERTUSSIS,IRF8
KEGG_2026,PERTUSSIS,CALM3
KEGG_2026,PERTUSSIS,HNRNPC
KEGG_2026,PERTUSSIS,CALM1
KEGG_2026,PERTUSSIS,TLR4
KEGG_2026,PERTUSSIS,CALM2
KEGG_2026,PERTUSSIS,MYD88
KEGG_2026,"GLYCINE, SERINE AND THREONINE METABOLISM",AOC3
KEGG_2026,"GLYCINE, SERINE AND THREONINE METABOLISM",ALAS2
KEGG_2026,"GLYCINE, SERINE AND THREONINE METABOLISM",ALAS1
KEGG_2026,"GLYCINE, SERINE AND THREONINE METABOLISM",AOC2
KEGG_2026,"GLYCINE, SERINE AND THREONINE METABOLISM",MAOB
KEGG_2026,"GLYCINE, SERINE AND THREONINE METABOLISM",SHMT2
KEGG_2026,"GLYCINE, SERINE AND THREONINE METABOLISM",SHMT1
KEGG_2026,"GLYCINE, SERINE AND THREONINE METABOLISM",GLYCTK
KEGG_2026,"GLYCINE, SERINE AND THREONINE METABOLISM",PGAM2
KEGG_2026,"GLYCINE, SERINE AND THREONINE METABOLISM",SDSL
KEGG_2026,"GLYCINE, SERINE AND THREONINE METABOLISM",GRHPR
KEGG_2026,"GLYCINE, SERINE AND THREONINE METABOLISM",SRR
KEGG_2026,"GLYCINE, SERINE AND THREONINE METABOLISM",PSAT1
KEGG_2026,"GLYCINE, SERINE AND THREONINE METABOLISM",CHDH
KEGG_2026,"GLYCINE, SERINE AND THREONINE METABOLISM",LDHD
KEGG_2026,"GLYCINE, SERINE AND THREONINE METABOLISM",SBDS
KEGG_2026,"GLYCINE, SERINE AND THREONINE METABOLISM",PGAM4
KEGG_2026,"GLYCINE, SERINE AND THREONINE METABOLISM",PHGDH
KEGG_2026,"GLYCINE, SERINE AND THREONINE METABOLISM",AGXT
KEGG_2026,"GLYCINE, SERINE AND THREONINE METABOLISM",ALDH7A1
KEGG_2026,"GLYCINE, SERINE AND THREONINE METABOLISM",PSPH
KEGG_2026,IGSF CAM SIGNALING,CD86
KEGG_2026,IGSF CAM SIGNALING,ITGB1
KEGG_2026,IGSF CAM SIGNALING,GSK3B
KEGG_2026,IGSF CAM SIGNALING,ITGAM
KEGG_2026,IGSF CAM SIGNALING,CLEC4M
KEGG_2026,IGSF CAM SIGNALING,CD80
KEGG_2026,IGSF CAM SIGNALING,WASL
KEGG_2026,IGSF CAM SIGNALING,PIK3CB
KEGG_2026,IGSF CAM SIGNALING,F11R
KEGG_2026,IGSF CAM SIGNALING,ICAM1
KEGG_2026,IGSF CAM SIGNALING,TUBB8
KEGG_2026,IGSF CAM SIGNALING,TUBA1C
KEGG_2026,IGSF CAM SIGNALING,RIMS1
KEGG_2026,IGSF CAM SIGNALING,TUBA1B
KEGG_2026,IGSF CAM SIGNALING,TUBB6
KEGG_2026,IGSF CAM SIGNALING,TUBA1A
KEGG_2026,IGSF CAM SIGNALING,TUBB3
KEGG_2026,IGSF CAM SIGNALING,AKT2
KEGG_2026,IGSF CAM SIGNALING,AKT3
KEGG_2026,IGSF CAM SIGNALING,ITGAX
KEGG_2026,IGSF CAM SIGNALING,AKT1
KEGG_2026,IGSF CAM SIGNALING,ERC1
KEGG_2026,IGSF CAM SIGNALING,SPTAN1
KEGG_2026,IGSF CAM SIGNALING,GIT1
KEGG_2026,IGSF CAM SIGNALING,PRKCG
KEGG_2026,IGSF CAM SIGNALING,MAP2K1
KEGG_2026,IGSF CAM SIGNALING,MAP2K2
KEGG_2026,IGSF CAM SIGNALING,TRPC6
KEGG_2026,IGSF CAM SIGNALING,ITGA4
KEGG_2026,IGSF CAM SIGNALING,PRKCB
KEGG_2026,IGSF CAM SIGNALING,ACTN1
KEGG_2026,IGSF CAM SIGNALING,TUBB
KEGG_2026,IGSF CAM SIGNALING,CASK
KEGG_2026,IGSF CAM SIGNALING,PRKCA
KEGG_2026,IGSF CAM SIGNALING,ACTN4
KEGG_2026,IGSF CAM SIGNALING,UNC5D
KEGG_2026,IGSF CAM SIGNALING,ANK3
KEGG_2026,IGSF CAM SIGNALING,DYNLL1
KEGG_2026,IGSF CAM SIGNALING,DYNLL2
KEGG_2026,IGSF CAM SIGNALING,RHOA
KEGG_2026,IGSF CAM SIGNALING,TUBA4A
KEGG_2026,IGSF CAM SIGNALING,CD2AP
KEGG_2026,IGSF CAM SIGNALING,TUBB2B
KEGG_2026,IGSF CAM SIGNALING,TUBB2A
KEGG_2026,IGSF CAM SIGNALING,PIK3CA
KEGG_2026,IGSF CAM SIGNALING,LCK
KEGG_2026,IGSF CAM SIGNALING,PARD3
KEGG_2026,IGSF CAM SIGNALING,PXDN
KEGG_2026,IGSF CAM SIGNALING,MYH9
KEGG_2026,IGSF CAM SIGNALING,ARHGEF7
KEGG_2026,IGSF CAM SIGNALING,MYL9
KEGG_2026,IGSF CAM SIGNALING,SSX2IP
KEGG_2026,IGSF CAM SIGNALING,TUBAL3
KEGG_2026,IGSF CAM SIGNALING,SRC
KEGG_2026,IGSF CAM SIGNALING,PIK3R3
KEGG_2026,IGSF CAM SIGNALING,PIK3R2
KEGG_2026,IGSF CAM SIGNALING,IQGAP1
KEGG_2026,IGSF CAM SIGNALING,PIK3R1
KEGG_2026,IGSF CAM SIGNALING,MYL12B
KEGG_2026,IGSF CAM SIGNALING,CDC42
KEGG_2026,IGSF CAM SIGNALING,TUBA3E
KEGG_2026,IGSF CAM SIGNALING,MAPK9
KEGG_2026,IGSF CAM SIGNALING,TUBA3D
KEGG_2026,IGSF CAM SIGNALING,MAPK8
KEGG_2026,IGSF CAM SIGNALING,FZR1
KEGG_2026,IGSF CAM SIGNALING,PARD6A
KEGG_2026,IGSF CAM SIGNALING,PLCG2
KEGG_2026,IGSF CAM SIGNALING,ABL1
KEGG_2026,IGSF CAM SIGNALING,PLXNA1
KEGG_2026,IGSF CAM SIGNALING,MAPK1
KEGG_2026,IGSF CAM SIGNALING,FYN
KEGG_2026,IGSF CAM SIGNALING,CSK
KEGG_2026,IGSF CAM SIGNALING,PLCG1
KEGG_2026,IGSF CAM SIGNALING,LRRC4C
KEGG_2026,IGSF CAM SIGNALING,SRGAP2
KEGG_2026,IGSF CAM SIGNALING,PAK4
KEGG_2026,IGSF CAM SIGNALING,MAPK3
KEGG_2026,IGSF CAM SIGNALING,MPP3
KEGG_2026,IGSF CAM SIGNALING,MSN
KEGG_2026,IGSF CAM SIGNALING,SORBS1
KEGG_2026,IGSF CAM SIGNALING,TUBB4B
KEGG_2026,IGSF CAM SIGNALING,TUBB4A
KEGG_2026,IGSF CAM SIGNALING,TJP1
KEGG_2026,IGSF CAM SIGNALING,NFASC
KEGG_2026,IGSF CAM SIGNALING,LRFN4
KEGG_2026,IGSF CAM SIGNALING,NPHS1
KEGG_2026,IGSF CAM SIGNALING,NPHS2
KEGG_2026,IGSF CAM SIGNALING,CTNNB1
KEGG_2026,IGSF CAM SIGNALING,GRB2
KEGG_2026,IGSF CAM SIGNALING,NECTIN4
KEGG_2026,IGSF CAM SIGNALING,NECTIN3
KEGG_2026,IGSF CAM SIGNALING,TUBA8
KEGG_2026,IGSF CAM SIGNALING,FGFR1
KEGG_2026,IGSF CAM SIGNALING,METAP2
KEGG_2026,AXON GUIDANCE,ITGB1
KEGG_2026,AXON GUIDANCE,GSK3B
KEGG_2026,AXON GUIDANCE,PIK3CB
KEGG_2026,AXON GUIDANCE,RND1
KEGG_2026,AXON GUIDANCE,PPP3CB
KEGG_2026,AXON GUIDANCE,SHH
KEGG_2026,AXON GUIDANCE,RGS3
KEGG_2026,AXON GUIDANCE,RAC2
KEGG_2026,AXON GUIDANCE,HRAS
KEGG_2026,AXON GUIDANCE,TRPC6
KEGG_2026,AXON GUIDANCE,WNT5B
KEGG_2026,AXON GUIDANCE,NCOA3
KEGG_2026,AXON GUIDANCE,WNT5A
KEGG_2026,AXON GUIDANCE,PRKCA
KEGG_2026,AXON GUIDANCE,UNC5D
KEGG_2026,AXON GUIDANCE,RHOD
KEGG_2026,AXON GUIDANCE,RHOA
KEGG_2026,AXON GUIDANCE,ENAH
KEGG_2026,AXON GUIDANCE,MYL5
KEGG_2026,AXON GUIDANCE,SLTM
KEGG_2026,AXON GUIDANCE,PIK3CA
KEGG_2026,AXON GUIDANCE,PARD3
KEGG_2026,AXON GUIDANCE,ARHGEF7
KEGG_2026,AXON GUIDANCE,MYL9
KEGG_2026,AXON GUIDANCE,CAMK2B
KEGG_2026,AXON GUIDANCE,CAMK2D
KEGG_2026,AXON GUIDANCE,ROCK1
KEGG_2026,AXON GUIDANCE,SRC
KEGG_2026,AXON GUIDANCE,ROCK2
KEGG_2026,AXON GUIDANCE,SEMA3A
KEGG_2026,AXON GUIDANCE,SEMA3B
KEGG_2026,AXON GUIDANCE,CAMK2A
KEGG_2026,AXON GUIDANCE,GNAI3
KEGG_2026,AXON GUIDANCE,PIK3R3
KEGG_2026,AXON GUIDANCE,CXCR4
KEGG_2026,AXON GUIDANCE,PIK3R2
KEGG_2026,AXON GUIDANCE,PIK3R1
KEGG_2026,AXON GUIDANCE,SEMA3F
KEGG_2026,AXON GUIDANCE,PRKCZ
KEGG_2026,AXON GUIDANCE,GNAI1
KEGG_2026,AXON GUIDANCE,MYL12B
KEGG_2026,AXON GUIDANCE,GNAI2
KEGG_2026,AXON GUIDANCE,CDC42
KEGG_2026,AXON GUIDANCE,NRAS
KEGG_2026,AXON GUIDANCE,PARD6A
KEGG_2026,AXON GUIDANCE,PLCG2
KEGG_2026,AXON GUIDANCE,ABL1
KEGG_2026,AXON GUIDANCE,PLXNA1
KEGG_2026,AXON GUIDANCE,MAPK1
KEGG_2026,AXON GUIDANCE,FYN
KEGG_2026,AXON GUIDANCE,PLCG1
KEGG_2026,AXON GUIDANCE,LRRC4C
KEGG_2026,AXON GUIDANCE,SRGAP2
KEGG_2026,AXON GUIDANCE,CAMK2G
KEGG_2026,AXON GUIDANCE,PAK4
KEGG_2026,AXON GUIDANCE,MAPK3
KEGG_2026,AXON GUIDANCE,SEMA4A
KEGG_2026,AXON GUIDANCE,PTCH1
KEGG_2026,AXON GUIDANCE,SEMA4B
KEGG_2026,AXON GUIDANCE,SEMA4C
KEGG_2026,AXON GUIDANCE,SSH3
KEGG_2026,AXON GUIDANCE,CDK5
KEGG_2026,AXON GUIDANCE,PLXNB1
KEGG_2026,ENDOCRINE AND OTHER FACTOR-REGULATED CALCIUM REABSORPTION,CLTC
KEGG_2026,ENDOCRINE AND OTHER FACTOR-REGULATED CALCIUM REABSORPTION,ATP1A4
KEGG_2026,ENDOCRINE AND OTHER FACTOR-REGULATED CALCIUM REABSORPTION,AP2A1
KEGG_2026,ENDOCRINE AND OTHER FACTOR-REGULATED CALCIUM REABSORPTION,PTH1R
KEGG_2026,ENDOCRINE AND OTHER FACTOR-REGULATED CALCIUM REABSORPTION,AP2A2
KEGG_2026,ENDOCRINE AND OTHER FACTOR-REGULATED CALCIUM REABSORPTION,SLC8A1
KEGG_2026,ENDOCRINE AND OTHER FACTOR-REGULATED CALCIUM REABSORPTION,ADCY6
KEGG_2026,ENDOCRINE AND OTHER FACTOR-REGULATED CALCIUM REABSORPTION,CALB1
KEGG_2026,ENDOCRINE AND OTHER FACTOR-REGULATED CALCIUM REABSORPTION,PRKACG
KEGG_2026,ENDOCRINE AND OTHER FACTOR-REGULATED CALCIUM REABSORPTION,CLTCL1
KEGG_2026,ENDOCRINE AND OTHER FACTOR-REGULATED CALCIUM REABSORPTION,PRKACB
KEGG_2026,ENDOCRINE AND OTHER FACTOR-REGULATED CALCIUM REABSORPTION,PRKCG
KEGG_2026,ENDOCRINE AND OTHER FACTOR-REGULATED CALCIUM REABSORPTION,PRKCB
KEGG_2026,ENDOCRINE AND OTHER FACTOR-REGULATED CALCIUM REABSORPTION,PRKCA
KEGG_2026,ENDOCRINE AND OTHER FACTOR-REGULATED CALCIUM REABSORPTION,AP2B1
KEGG_2026,ENDOCRINE AND OTHER FACTOR-REGULATED CALCIUM REABSORPTION,DNM1
KEGG_2026,ENDOCRINE AND OTHER FACTOR-REGULATED CALCIUM REABSORPTION,RAB11A
KEGG_2026,ENDOCRINE AND OTHER FACTOR-REGULATED CALCIUM REABSORPTION,DNM2
KEGG_2026,ENDOCRINE AND OTHER FACTOR-REGULATED CALCIUM REABSORPTION,PLCB3
KEGG_2026,ENDOCRINE AND OTHER FACTOR-REGULATED CALCIUM REABSORPTION,PLCB4
KEGG_2026,ENDOCRINE AND OTHER FACTOR-REGULATED CALCIUM REABSORPTION,ADCY9
KEGG_2026,ENDOCRINE AND OTHER FACTOR-REGULATED CALCIUM REABSORPTION,GNAQ
KEGG_2026,ENDOCRINE AND OTHER FACTOR-REGULATED CALCIUM REABSORPTION,GNAS
KEGG_2026,ENDOCRINE AND OTHER FACTOR-REGULATED CALCIUM REABSORPTION,PLCB1
KEGG_2026,ENDOCRINE AND OTHER FACTOR-REGULATED CALCIUM REABSORPTION,PLCB2
KEGG_2026,TNF SIGNALING PATHWAY,CEBPB
KEGG_2026,TNF SIGNALING PATHWAY,CSF2
KEGG_2026,TNF SIGNALING PATHWAY,CSF1
KEGG_2026,TNF SIGNALING PATHWAY,ATF6B
KEGG_2026,TNF SIGNALING PATHWAY,PIK3R3
KEGG_2026,TNF SIGNALING PATHWAY,PIK3R2
KEGG_2026,TNF SIGNALING PATHWAY,PIK3R1
KEGG_2026,TNF SIGNALING PATHWAY,PIK3CB
KEGG_2026,TNF SIGNALING PATHWAY,NOD2
KEGG_2026,TNF SIGNALING PATHWAY,PTGS2
KEGG_2026,TNF SIGNALING PATHWAY,TNF
KEGG_2026,TNF SIGNALING PATHWAY,CX3CL1
KEGG_2026,TNF SIGNALING PATHWAY,RELA
KEGG_2026,TNF SIGNALING PATHWAY,ICAM1
KEGG_2026,TNF SIGNALING PATHWAY,RPS6KA4
KEGG_2026,TNF SIGNALING PATHWAY,SOCS3
KEGG_2026,TNF SIGNALING PATHWAY,MAPK9
KEGG_2026,TNF SIGNALING PATHWAY,MAPK8
KEGG_2026,TNF SIGNALING PATHWAY,RPS6KA5
KEGG_2026,TNF SIGNALING PATHWAY,CREB3L3
KEGG_2026,TNF SIGNALING PATHWAY,CREB3L4
KEGG_2026,TNF SIGNALING PATHWAY,AKT2
KEGG_2026,TNF SIGNALING PATHWAY,CREB3L1
KEGG_2026,TNF SIGNALING PATHWAY,CASP3
KEGG_2026,TNF SIGNALING PATHWAY,AKT3
KEGG_2026,TNF SIGNALING PATHWAY,CREB3L2
KEGG_2026,TNF SIGNALING PATHWAY,AKT1
KEGG_2026,TNF SIGNALING PATHWAY,CCL2
KEGG_2026,TNF SIGNALING PATHWAY,MAPK1
KEGG_2026,TNF SIGNALING PATHWAY,MAP3K5
KEGG_2026,TNF SIGNALING PATHWAY,MAPK3
KEGG_2026,TNF SIGNALING PATHWAY,MAP2K1
KEGG_2026,TNF SIGNALING PATHWAY,JUN
KEGG_2026,TNF SIGNALING PATHWAY,FOS
KEGG_2026,TNF SIGNALING PATHWAY,TNFRSF1A
KEGG_2026,TNF SIGNALING PATHWAY,NFKBIA
KEGG_2026,TNF SIGNALING PATHWAY,ADAM17
KEGG_2026,TNF SIGNALING PATHWAY,IL6
KEGG_2026,TNF SIGNALING PATHWAY,CREB1
KEGG_2026,TNF SIGNALING PATHWAY,PIK3CA
KEGG_2026,TNF SIGNALING PATHWAY,TRAF3
KEGG_2026,TNF SIGNALING PATHWAY,FASN
KEGG_2026,TNF SIGNALING PATHWAY,IL1B
KEGG_2026,TNF SIGNALING PATHWAY,ATF4
KEGG_2026,TNF SIGNALING PATHWAY,CREB5
KEGG_2026,TNF SIGNALING PATHWAY,BIRC3
KEGG_2026,PI3K-AKT SIGNALING PATHWAY,CRTC2
KEGG_2026,PI3K-AKT SIGNALING PATHWAY,CHRM1
KEGG_2026,PI3K-AKT SIGNALING PATHWAY,CSF1
KEGG_2026,PI3K-AKT SIGNALING PATHWAY,STK11
KEGG_2026,PI3K-AKT SIGNALING PATHWAY,CREB3L3
KEGG_2026,PI3K-AKT SIGNALING PATHWAY,CREB3L4
KEGG_2026,PI3K-AKT SIGNALING PATHWAY,AKT2
KEGG_2026,PI3K-AKT SIGNALING PATHWAY,CREB3L1
KEGG_2026,PI3K-AKT SIGNALING PATHWAY,MYC
KEGG_2026,PI3K-AKT SIGNALING PATHWAY,AKT3
KEGG_2026,PI3K-AKT SIGNALING PATHWAY,CREB3L2
KEGG_2026,PI3K-AKT SIGNALING PATHWAY,AKT1
KEGG_2026,PI3K-AKT SIGNALING PATHWAY,PDGFRB
KEGG_2026,PI3K-AKT SIGNALING PATHWAY,MAP2K1
KEGG_2026,PI3K-AKT SIGNALING PATHWAY,MAP2K2
KEGG_2026,PI3K-AKT SIGNALING PATHWAY,CMC4
KEGG_2026,PI3K-AKT SIGNALING PATHWAY,PRKCA
KEGG_2026,PI3K-AKT SIGNALING PATHWAY,TSC1
KEGG_2026,PI3K-AKT SIGNALING PATHWAY,TP53
KEGG_2026,PI3K-AKT SIGNALING PATHWAY,ATF4
KEGG_2026,PI3K-AKT SIGNALING PATHWAY,IFNAR1
KEGG_2026,PI3K-AKT SIGNALING PATHWAY,CSH2
KEGG_2026,PI3K-AKT SIGNALING PATHWAY,CSH1
KEGG_2026,PI3K-AKT SIGNALING PATHWAY,PIK3R3
KEGG_2026,PI3K-AKT SIGNALING PATHWAY,PIK3R2
KEGG_2026,PI3K-AKT SIGNALING PATHWAY,PIK3R1
KEGG_2026,PI3K-AKT SIGNALING PATHWAY,HSP90B1
KEGG_2026,PI3K-AKT SIGNALING PATHWAY,VTN
KEGG_2026,PI3K-AKT SIGNALING PATHWAY,GNG10
KEGG_2026,PI3K-AKT SIGNALING PATHWAY,BCL2L11
KEGG_2026,PI3K-AKT SIGNALING PATHWAY,PDGFC
KEGG_2026,PI3K-AKT SIGNALING PATHWAY,CHAD
KEGG_2026,PI3K-AKT SIGNALING PATHWAY,PCK2
KEGG_2026,PI3K-AKT SIGNALING PATHWAY,FN1
KEGG_2026,PI3K-AKT SIGNALING PATHWAY,GNG12
KEGG_2026,PI3K-AKT SIGNALING PATHWAY,GNG11
KEGG_2026,PI3K-AKT SIGNALING PATHWAY,GNG13
KEGG_2026,PI3K-AKT SIGNALING PATHWAY,IL4
KEGG_2026,PI3K-AKT SIGNALING PATHWAY,GH2
KEGG_2026,PI3K-AKT SIGNALING PATHWAY,GH1
KEGG_2026,PI3K-AKT SIGNALING PATHWAY,G6PC2
KEGG_2026,PI3K-AKT SIGNALING PATHWAY,IL6
KEGG_2026,PI3K-AKT SIGNALING PATHWAY,G6PC3
KEGG_2026,PI3K-AKT SIGNALING PATHWAY,RHEB
KEGG_2026,PI3K-AKT SIGNALING PATHWAY,GNB2
KEGG_2026,PI3K-AKT SIGNALING PATHWAY,GNB1
KEGG_2026,PI3K-AKT SIGNALING PATHWAY,MDM2
KEGG_2026,PI3K-AKT SIGNALING PATHWAY,BCL2
KEGG_2026,PI3K-AKT SIGNALING PATHWAY,GNB4
KEGG_2026,PI3K-AKT SIGNALING PATHWAY,GNB3
KEGG_2026,PI3K-AKT SIGNALING PATHWAY,GRB2
KEGG_2026,PI3K-AKT SIGNALING PATHWAY,COL9A2
KEGG_2026,PI3K-AKT SIGNALING PATHWAY,GNB5
KEGG_2026,PI3K-AKT SIGNALING PATHWAY,FGFR1
KEGG_2026,PI3K-AKT SIGNALING PATHWAY,ITGB1
KEGG_2026,PI3K-AKT SIGNALING PATHWAY,YWHAE
KEGG_2026,PI3K-AKT SIGNALING PATHWAY,GSK3B
KEGG_2026,PI3K-AKT SIGNALING PATHWAY,HSP90AB1
KEGG_2026,PI3K-AKT SIGNALING PATHWAY,ITGB5
KEGG_2026,PI3K-AKT SIGNALING PATHWAY,LAMC3
KEGG_2026,PI3K-AKT SIGNALING PATHWAY,YWHAB
KEGG_2026,PI3K-AKT SIGNALING PATHWAY,PTEN
KEGG_2026,PI3K-AKT SIGNALING PATHWAY,LAMC2
KEGG_2026,PI3K-AKT SIGNALING PATHWAY,BRCA1
KEGG_2026,PI3K-AKT SIGNALING PATHWAY,PIK3CB
KEGG_2026,PI3K-AKT SIGNALING PATHWAY,LAMC1
KEGG_2026,PI3K-AKT SIGNALING PATHWAY,PIK3CG
KEGG_2026,PI3K-AKT SIGNALING PATHWAY,GYS2
KEGG_2026,PI3K-AKT SIGNALING PATHWAY,GNGT1
KEGG_2026,PI3K-AKT SIGNALING PATHWAY,GYS1
KEGG_2026,PI3K-AKT SIGNALING PATHWAY,GNGT2
KEGG_2026,PI3K-AKT SIGNALING PATHWAY,YWHAQ
KEGG_2026,PI3K-AKT SIGNALING PATHWAY,JAK2
KEGG_2026,PI3K-AKT SIGNALING PATHWAY,HRAS
KEGG_2026,PI3K-AKT SIGNALING PATHWAY,YWHAG
KEGG_2026,PI3K-AKT SIGNALING PATHWAY,YWHAH
KEGG_2026,PI3K-AKT SIGNALING PATHWAY,HSP90AA1
KEGG_2026,PI3K-AKT SIGNALING PATHWAY,ITGA4
KEGG_2026,PI3K-AKT SIGNALING PATHWAY,VWF
KEGG_2026,PI3K-AKT SIGNALING PATHWAY,YWHAZ
KEGG_2026,PI3K-AKT SIGNALING PATHWAY,CREB1
KEGG_2026,PI3K-AKT SIGNALING PATHWAY,SLTM
KEGG_2026,PI3K-AKT SIGNALING PATHWAY,PIK3CA
KEGG_2026,PI3K-AKT SIGNALING PATHWAY,SOS1
KEGG_2026,PI3K-AKT SIGNALING PATHWAY,TLR4
KEGG_2026,PI3K-AKT SIGNALING PATHWAY,SOS2
KEGG_2026,PI3K-AKT SIGNALING PATHWAY,TLR2
KEGG_2026,PI3K-AKT SIGNALING PATHWAY,CREB5
KEGG_2026,PI3K-AKT SIGNALING PATHWAY,ATF6B
KEGG_2026,PI3K-AKT SIGNALING PATHWAY,LAMA2
KEGG_2026,PI3K-AKT SIGNALING PATHWAY,IL2RG
KEGG_2026,PI3K-AKT SIGNALING PATHWAY,THBS1
KEGG_2026,PI3K-AKT SIGNALING PATHWAY,RELA
KEGG_2026,PI3K-AKT SIGNALING PATHWAY,EGFR
KEGG_2026,PI3K-AKT SIGNALING PATHWAY,INS
KEGG_2026,PI3K-AKT SIGNALING PATHWAY,NRAS
KEGG_2026,PI3K-AKT SIGNALING PATHWAY,GNG3
KEGG_2026,PI3K-AKT SIGNALING PATHWAY,GNG2
KEGG_2026,PI3K-AKT SIGNALING PATHWAY,GNG5
KEGG_2026,PI3K-AKT SIGNALING PATHWAY,GNG4
KEGG_2026,PI3K-AKT SIGNALING PATHWAY,GNG7
KEGG_2026,PI3K-AKT SIGNALING PATHWAY,ERBB2
KEGG_2026,PI3K-AKT SIGNALING PATHWAY,GNG8
KEGG_2026,PI3K-AKT SIGNALING PATHWAY,MAPK1
KEGG_2026,PI3K-AKT SIGNALING PATHWAY,EIF4B
KEGG_2026,PI3K-AKT SIGNALING PATHWAY,MAPK3
KEGG_2026,PI3K-AKT SIGNALING PATHWAY,NTRK2
KEGG_2026,PI3K-AKT SIGNALING PATHWAY,LAMB3
KEGG_2026,PI3K-AKT SIGNALING PATHWAY,CSHL1
KEGG_2026,HEPATITIS C,YWHAE
KEGG_2026,HEPATITIS C,SCARB1
KEGG_2026,HEPATITIS C,GSK3B
KEGG_2026,HEPATITIS C,YWHAB
KEGG_2026,HEPATITIS C,ARAF
KEGG_2026,HEPATITIS C,PIK3CB
KEGG_2026,HEPATITIS C,TNF
KEGG_2026,HEPATITIS C,TBK1
KEGG_2026,HEPATITIS C,YWHAQ
KEGG_2026,HEPATITIS C,AKT2
KEGG_2026,HEPATITIS C,MYC
KEGG_2026,HEPATITIS C,CASP3
KEGG_2026,HEPATITIS C,AKT3
KEGG_2026,HEPATITIS C,AKT1
KEGG_2026,HEPATITIS C,HRAS
KEGG_2026,HEPATITIS C,IKBKE
KEGG_2026,HEPATITIS C,YWHAG
KEGG_2026,HEPATITIS C,YWHAH
KEGG_2026,HEPATITIS C,MAP2K1
KEGG_2026,HEPATITIS C,MAP2K2
KEGG_2026,HEPATITIS C,YWHAZ
KEGG_2026,HEPATITIS C,PIAS1
KEGG_2026,HEPATITIS C,TNFRSF1A
KEGG_2026,HEPATITIS C,IFNG
KEGG_2026,HEPATITIS C,PIK3CA
KEGG_2026,HEPATITIS C,TRAF3
KEGG_2026,HEPATITIS C,PSME3
KEGG_2026,HEPATITIS C,CLDN19
KEGG_2026,HEPATITIS C,SOS1
KEGG_2026,HEPATITIS C,TP53
KEGG_2026,HEPATITIS C,SOS2
KEGG_2026,HEPATITIS C,IFNAR1
KEGG_2026,HEPATITIS C,PIK3R3
KEGG_2026,HEPATITIS C,PIK3R2
KEGG_2026,HEPATITIS C,PIK3R1
KEGG_2026,HEPATITIS C,EGFR
KEGG_2026,HEPATITIS C,RELA
KEGG_2026,HEPATITIS C,SOCS3
KEGG_2026,HEPATITIS C,NRAS
KEGG_2026,HEPATITIS C,MAPK1
KEGG_2026,HEPATITIS C,MAPK3
KEGG_2026,HEPATITIS C,STAT1
KEGG_2026,HEPATITIS C,EIF2AK1
KEGG_2026,HEPATITIS C,STAT2
KEGG_2026,HEPATITIS C,STAT3
KEGG_2026,HEPATITIS C,MX1
KEGG_2026,HEPATITIS C,EIF2AK3
KEGG_2026,HEPATITIS C,BRAF
KEGG_2026,HEPATITIS C,EIF2AK4
KEGG_2026,HEPATITIS C,EIF2S1
KEGG_2026,HEPATITIS C,NFKBIA
KEGG_2026,HEPATITIS C,MAVS
KEGG_2026,HEPATITIS C,FASN
KEGG_2026,HEPATITIS C,CYCS
KEGG_2026,HEPATITIS C,BAX
KEGG_2026,HEPATITIS C,CTNNB1
KEGG_2026,HEPATITIS C,GRB2
KEGG_2026,ADHERENS JUNCTION,ROCK1
KEGG_2026,ADHERENS JUNCTION,SRC
KEGG_2026,ADHERENS JUNCTION,ROCK2
KEGG_2026,ADHERENS JUNCTION,WAS
KEGG_2026,ADHERENS JUNCTION,WASL
KEGG_2026,ADHERENS JUNCTION,IQGAP1
KEGG_2026,ADHERENS JUNCTION,EGFR
KEGG_2026,ADHERENS JUNCTION,MYL12B
KEGG_2026,ADHERENS JUNCTION,CDC42
KEGG_2026,ADHERENS JUNCTION,CDH5
KEGG_2026,ADHERENS JUNCTION,FZR1
KEGG_2026,ADHERENS JUNCTION,ERBB2
KEGG_2026,ADHERENS JUNCTION,RAC2
KEGG_2026,ADHERENS JUNCTION,EP300
KEGG_2026,ADHERENS JUNCTION,MAPK1
KEGG_2026,ADHERENS JUNCTION,FYN
KEGG_2026,ADHERENS JUNCTION,MAPK3
KEGG_2026,ADHERENS JUNCTION,SMAD4
KEGG_2026,ADHERENS JUNCTION,CREBBP
KEGG_2026,ADHERENS JUNCTION,SMURF1
KEGG_2026,ADHERENS JUNCTION,NCOA3
KEGG_2026,ADHERENS JUNCTION,ACTN1
KEGG_2026,ADHERENS JUNCTION,ACTN4
KEGG_2026,ADHERENS JUNCTION,SORBS1
KEGG_2026,ADHERENS JUNCTION,TGFBR1
KEGG_2026,ADHERENS JUNCTION,RHOA
KEGG_2026,ADHERENS JUNCTION,TGFBR2
KEGG_2026,ADHERENS JUNCTION,TJP1
KEGG_2026,ADHERENS JUNCTION,MYL5
KEGG_2026,ADHERENS JUNCTION,SLTM
KEGG_2026,ADHERENS JUNCTION,PARD3
KEGG_2026,ADHERENS JUNCTION,NDUFAB1
KEGG_2026,ADHERENS JUNCTION,CTNNB1
KEGG_2026,ADHERENS JUNCTION,NECTIN4
KEGG_2026,ADHERENS JUNCTION,MYL9
KEGG_2026,ADHERENS JUNCTION,SSX2IP
KEGG_2026,ADHERENS JUNCTION,NECTIN3
KEGG_2026,ADHERENS JUNCTION,FGFR1
KEGG_2026,CORONAVIRUS DISEASE - COVID-19,RPL5
KEGG_2026,CORONAVIRUS DISEASE - COVID-19,CSF2
KEGG_2026,CORONAVIRUS DISEASE - COVID-19,RPLP1
KEGG_2026,CORONAVIRUS DISEASE - COVID-19,CGAS
KEGG_2026,CORONAVIRUS DISEASE - COVID-19,PIK3CB
KEGG_2026,CORONAVIRUS DISEASE - COVID-19,TNF
KEGG_2026,CORONAVIRUS DISEASE - COVID-19,RPL6
KEGG_2026,CORONAVIRUS DISEASE - COVID-19,RPL7
KEGG_2026,CORONAVIRUS DISEASE - COVID-19,RPS14
KEGG_2026,CORONAVIRUS DISEASE - COVID-19,RPL7A
KEGG_2026,CORONAVIRUS DISEASE - COVID-19,TBK1
KEGG_2026,CORONAVIRUS DISEASE - COVID-19,RPL36AL
KEGG_2026,CORONAVIRUS DISEASE - COVID-19,RPS18
KEGG_2026,CORONAVIRUS DISEASE - COVID-19,PMPCB
KEGG_2026,CORONAVIRUS DISEASE - COVID-19,RPS11
KEGG_2026,CORONAVIRUS DISEASE - COVID-19,RPS10
KEGG_2026,CORONAVIRUS DISEASE - COVID-19,IKBKE
KEGG_2026,CORONAVIRUS DISEASE - COVID-19,RPS13
KEGG_2026,CORONAVIRUS DISEASE - COVID-19,RPS12
KEGG_2026,CORONAVIRUS DISEASE - COVID-19,PRKCG
KEGG_2026,CORONAVIRUS DISEASE - COVID-19,RPS9
KEGG_2026,CORONAVIRUS DISEASE - COVID-19,VWF
KEGG_2026,CORONAVIRUS DISEASE - COVID-19,PRKCB
KEGG_2026,CORONAVIRUS DISEASE - COVID-19,RPL23
KEGG_2026,CORONAVIRUS DISEASE - COVID-19,PRKCA
KEGG_2026,CORONAVIRUS DISEASE - COVID-19,FOS
KEGG_2026,CORONAVIRUS DISEASE - COVID-19,TNFRSF1A
KEGG_2026,CORONAVIRUS DISEASE - COVID-19,ADAM17
KEGG_2026,CORONAVIRUS DISEASE - COVID-19,PIK3CA
KEGG_2026,CORONAVIRUS DISEASE - COVID-19,TRAF3
KEGG_2026,CORONAVIRUS DISEASE - COVID-19,IL1B
KEGG_2026,CORONAVIRUS DISEASE - COVID-19,AGTR1
KEGG_2026,CORONAVIRUS DISEASE - COVID-19,RPL27
KEGG_2026,CORONAVIRUS DISEASE - COVID-19,UBA52
KEGG_2026,CORONAVIRUS DISEASE - COVID-19,TLR4
KEGG_2026,CORONAVIRUS DISEASE - COVID-19,TLR2
KEGG_2026,CORONAVIRUS DISEASE - COVID-19,IFNAR1
KEGG_2026,CORONAVIRUS DISEASE - COVID-19,C1QA
KEGG_2026,CORONAVIRUS DISEASE - COVID-19,RPL11
KEGG_2026,CORONAVIRUS DISEASE - COVID-19,PIK3R3
KEGG_2026,CORONAVIRUS DISEASE - COVID-19,RPS27L
KEGG_2026,CORONAVIRUS DISEASE - COVID-19,PIK3R2
KEGG_2026,CORONAVIRUS DISEASE - COVID-19,PIK3R1
KEGG_2026,CORONAVIRUS DISEASE - COVID-19,MRPL13
KEGG_2026,CORONAVIRUS DISEASE - COVID-19,EGFR
KEGG_2026,CORONAVIRUS DISEASE - COVID-19,RELA
KEGG_2026,CORONAVIRUS DISEASE - COVID-19,MAPK9
KEGG_2026,CORONAVIRUS DISEASE - COVID-19,MAPK8
KEGG_2026,CORONAVIRUS DISEASE - COVID-19,IRAK1
KEGG_2026,CORONAVIRUS DISEASE - COVID-19,PLCG2
KEGG_2026,CORONAVIRUS DISEASE - COVID-19,RPS3
KEGG_2026,CORONAVIRUS DISEASE - COVID-19,NLRP3
KEGG_2026,CORONAVIRUS DISEASE - COVID-19,CCL2
KEGG_2026,CORONAVIRUS DISEASE - COVID-19,MAPK1
KEGG_2026,CORONAVIRUS DISEASE - COVID-19,PLCG1
KEGG_2026,CORONAVIRUS DISEASE - COVID-19,RPS2
KEGG_2026,CORONAVIRUS DISEASE - COVID-19,RPS27A
KEGG_2026,CORONAVIRUS DISEASE - COVID-19,RPL19
KEGG_2026,CORONAVIRUS DISEASE - COVID-19,MAPK3
KEGG_2026,CORONAVIRUS DISEASE - COVID-19,JUN
KEGG_2026,CORONAVIRUS DISEASE - COVID-19,ACE
KEGG_2026,CORONAVIRUS DISEASE - COVID-19,STAT1
KEGG_2026,CORONAVIRUS DISEASE - COVID-19,STAT2
KEGG_2026,CORONAVIRUS DISEASE - COVID-19,STAT3
KEGG_2026,CORONAVIRUS DISEASE - COVID-19,MX1
KEGG_2026,CORONAVIRUS DISEASE - COVID-19,NFKBIA
KEGG_2026,CORONAVIRUS DISEASE - COVID-19,RPS25
KEGG_2026,CORONAVIRUS DISEASE - COVID-19,MAVS
KEGG_2026,CORONAVIRUS DISEASE - COVID-19,IL6
KEGG_2026,CORONAVIRUS DISEASE - COVID-19,PIKFYVE
KEGG_2026,CORONAVIRUS DISEASE - COVID-19,RPS20
KEGG_2026,CORONAVIRUS DISEASE - COVID-19,RPL22L1
KEGG_2026,CORONAVIRUS DISEASE - COVID-19,HNRNPC
KEGG_2026,CORONAVIRUS DISEASE - COVID-19,RPS21
KEGG_2026,CORONAVIRUS DISEASE - COVID-19,MYD88
KEGG_2026,CORONAVIRUS DISEASE - COVID-19,RPS23
KEGG_2026,AMINO SUGAR AND NUCLEOTIDE SUGAR METABOLISM,PMM1
KEGG_2026,AMINO SUGAR AND NUCLEOTIDE SUGAR METABOLISM,GFPT2
KEGG_2026,AMINO SUGAR AND NUCLEOTIDE SUGAR METABOLISM,PMM2
KEGG_2026,AMINO SUGAR AND NUCLEOTIDE SUGAR METABOLISM,GFPT1
KEGG_2026,AMINO SUGAR AND NUCLEOTIDE SUGAR METABOLISM,HOOK3
KEGG_2026,AMINO SUGAR AND NUCLEOTIDE SUGAR METABOLISM,GMPPB
KEGG_2026,AMINO SUGAR AND NUCLEOTIDE SUGAR METABOLISM,UGP2
KEGG_2026,AMINO SUGAR AND NUCLEOTIDE SUGAR METABOLISM,NAGK
KEGG_2026,AMINO SUGAR AND NUCLEOTIDE SUGAR METABOLISM,GNPDA1
KEGG_2026,AMINO SUGAR AND NUCLEOTIDE SUGAR METABOLISM,HOOK2
KEGG_2026,AMINO SUGAR AND NUCLEOTIDE SUGAR METABOLISM,GNPDA2
KEGG_2026,AMINO SUGAR AND NUCLEOTIDE SUGAR METABOLISM,FCSK
KEGG_2026,AMINO SUGAR AND NUCLEOTIDE SUGAR METABOLISM,HKDC1
KEGG_2026,AMINO SUGAR AND NUCLEOTIDE SUGAR METABOLISM,GMPPA
KEGG_2026,AMINO SUGAR AND NUCLEOTIDE SUGAR METABOLISM,PGM3
KEGG_2026,AMINO SUGAR AND NUCLEOTIDE SUGAR METABOLISM,PGM2
KEGG_2026,AMINO SUGAR AND NUCLEOTIDE SUGAR METABOLISM,GNPNAT1
KEGG_2026,AMINO SUGAR AND NUCLEOTIDE SUGAR METABOLISM,PGM1
KEGG_2026,AMINO SUGAR AND NUCLEOTIDE SUGAR METABOLISM,GALK2
KEGG_2026,AMINO SUGAR AND NUCLEOTIDE SUGAR METABOLISM,GALK1
KEGG_2026,GNRH SECRETION,PIK3R3
KEGG_2026,GNRH SECRETION,ARRB1
KEGG_2026,GNRH SECRETION,PIK3R2
KEGG_2026,GNRH SECRETION,ARRB2
KEGG_2026,GNRH SECRETION,PIK3CB
KEGG_2026,GNRH SECRETION,PIK3R1
KEGG_2026,GNRH SECRETION,CACNA1F
KEGG_2026,GNRH SECRETION,NRAS
KEGG_2026,GNRH SECRETION,AKT2
KEGG_2026,GNRH SECRETION,GNA11
KEGG_2026,GNRH SECRETION,AKT3
KEGG_2026,GNRH SECRETION,AKT1
KEGG_2026,GNRH SECRETION,MAPK1
KEGG_2026,GNRH SECRETION,HRAS
KEGG_2026,GNRH SECRETION,KCNJ3
KEGG_2026,GNRH SECRETION,MAPK3
KEGG_2026,GNRH SECRETION,PRKCG
KEGG_2026,GNRH SECRETION,KCNJ5
KEGG_2026,GNRH SECRETION,MAP2K1
KEGG_2026,GNRH SECRETION,GABBR1
KEGG_2026,GNRH SECRETION,MAP2K2
KEGG_2026,GNRH SECRETION,PRKCB
KEGG_2026,GNRH SECRETION,PRKCA
KEGG_2026,GNRH SECRETION,PLCB3
KEGG_2026,GNRH SECRETION,PLCB4
KEGG_2026,GNRH SECRETION,PIK3CA
KEGG_2026,GNRH SECRETION,GNAQ
KEGG_2026,GNRH SECRETION,PLCB1
KEGG_2026,GNRH SECRETION,PLCB2
KEGG_2026,PANCREATIC CANCER,ARAF
KEGG_2026,PANCREATIC CANCER,PIK3R3
KEGG_2026,PANCREATIC CANCER,PIK3R2
KEGG_2026,PANCREATIC CANCER,PIK3CB
KEGG_2026,PANCREATIC CANCER,PIK3R1
KEGG_2026,PANCREATIC CANCER,BRCA2
KEGG_2026,PANCREATIC CANCER,EGFR
KEGG_2026,PANCREATIC CANCER,RELA
KEGG_2026,PANCREATIC CANCER,CDC42
KEGG_2026,PANCREATIC CANCER,MAPK9
KEGG_2026,PANCREATIC CANCER,MAPK8
KEGG_2026,PANCREATIC CANCER,NRAS
KEGG_2026,PANCREATIC CANCER,AKT2
KEGG_2026,PANCREATIC CANCER,AKT3
KEGG_2026,PANCREATIC CANCER,ERBB2
KEGG_2026,PANCREATIC CANCER,RAC2
KEGG_2026,PANCREATIC CANCER,AKT1
KEGG_2026,PANCREATIC CANCER,MAPK1
KEGG_2026,PANCREATIC CANCER,MAPK3
KEGG_2026,PANCREATIC CANCER,MAP2K1
KEGG_2026,PANCREATIC CANCER,SMAD4
KEGG_2026,PANCREATIC CANCER,TGFB1
KEGG_2026,PANCREATIC CANCER,CDKN2A
KEGG_2026,PANCREATIC CANCER,STAT1
KEGG_2026,PANCREATIC CANCER,NCOA3
KEGG_2026,PANCREATIC CANCER,STAT3
KEGG_2026,PANCREATIC CANCER,BRAF
KEGG_2026,PANCREATIC CANCER,TGFBR1
KEGG_2026,PANCREATIC CANCER,TGFBR2
KEGG_2026,PANCREATIC CANCER,RAD51
KEGG_2026,PANCREATIC CANCER,PIK3CA
KEGG_2026,PANCREATIC CANCER,BAX
KEGG_2026,PANCREATIC CANCER,TP53
KEGG_2026,VEGF SIGNALING PATHWAY,SRC
KEGG_2026,VEGF SIGNALING PATHWAY,HSPB1
KEGG_2026,VEGF SIGNALING PATHWAY,PIK3R3
KEGG_2026,VEGF SIGNALING PATHWAY,PIK3R2
KEGG_2026,VEGF SIGNALING PATHWAY,PIK3CB
KEGG_2026,VEGF SIGNALING PATHWAY,PIK3R1
KEGG_2026,VEGF SIGNALING PATHWAY,PTGS2
KEGG_2026,VEGF SIGNALING PATHWAY,CDC42
KEGG_2026,VEGF SIGNALING PATHWAY,PPP3CB
KEGG_2026,VEGF SIGNALING PATHWAY,NRAS
KEGG_2026,VEGF SIGNALING PATHWAY,AKT2
KEGG_2026,VEGF SIGNALING PATHWAY,AKT3
KEGG_2026,VEGF SIGNALING PATHWAY,RAC2
KEGG_2026,VEGF SIGNALING PATHWAY,PLCG2
KEGG_2026,VEGF SIGNALING PATHWAY,AKT1
KEGG_2026,VEGF SIGNALING PATHWAY,MAPK1
KEGG_2026,VEGF SIGNALING PATHWAY,PLCG1
KEGG_2026,VEGF SIGNALING PATHWAY,HRAS
KEGG_2026,VEGF SIGNALING PATHWAY,MAPK3
KEGG_2026,VEGF SIGNALING PATHWAY,PRKCG
KEGG_2026,VEGF SIGNALING PATHWAY,MAP2K1
KEGG_2026,VEGF SIGNALING PATHWAY,MAP2K2
KEGG_2026,VEGF SIGNALING PATHWAY,PRKCB
KEGG_2026,VEGF SIGNALING PATHWAY,NCOA3
KEGG_2026,VEGF SIGNALING PATHWAY,PRKCA
KEGG_2026,VEGF SIGNALING PATHWAY,PIK3CA
KEGG_2026,VEGF SIGNALING PATHWAY,PXDN
KEGG_2026,TOXOPLASMOSIS,ITGB1
KEGG_2026,TOXOPLASMOSIS,LAMA2
KEGG_2026,TOXOPLASMOSIS,LAMC3
KEGG_2026,TOXOPLASMOSIS,GNAI3
KEGG_2026,TOXOPLASMOSIS,LAMC2
KEGG_2026,TOXOPLASMOSIS,LAMC1
KEGG_2026,TOXOPLASMOSIS,TNF
KEGG_2026,TOXOPLASMOSIS,PIK3CG
KEGG_2026,TOXOPLASMOSIS,GNAI1
KEGG_2026,TOXOPLASMOSIS,RELA
KEGG_2026,TOXOPLASMOSIS,GNAI2
KEGG_2026,TOXOPLASMOSIS,MAPK9
KEGG_2026,TOXOPLASMOSIS,MAPK8
KEGG_2026,TOXOPLASMOSIS,SOCS1
KEGG_2026,TOXOPLASMOSIS,IRAK1
KEGG_2026,TOXOPLASMOSIS,AKT2
KEGG_2026,TOXOPLASMOSIS,CASP3
KEGG_2026,TOXOPLASMOSIS,AKT3
KEGG_2026,TOXOPLASMOSIS,AKT1
KEGG_2026,TOXOPLASMOSIS,MAPK1
KEGG_2026,TOXOPLASMOSIS,CCR5
KEGG_2026,TOXOPLASMOSIS,JAK2
KEGG_2026,TOXOPLASMOSIS,MAPK3
KEGG_2026,TOXOPLASMOSIS,IL10
KEGG_2026,TOXOPLASMOSIS,HSPA8
KEGG_2026,TOXOPLASMOSIS,TGFB1
KEGG_2026,TOXOPLASMOSIS,LAMB3
KEGG_2026,TOXOPLASMOSIS,STAT1
KEGG_2026,TOXOPLASMOSIS,STAT3
KEGG_2026,TOXOPLASMOSIS,TNFRSF1A
KEGG_2026,TOXOPLASMOSIS,GNAO1
KEGG_2026,TOXOPLASMOSIS,NFKBIA
KEGG_2026,TOXOPLASMOSIS,IFNG
KEGG_2026,TOXOPLASMOSIS,PPIF
KEGG_2026,TOXOPLASMOSIS,BCL2
KEGG_2026,TOXOPLASMOSIS,CYCS
KEGG_2026,TOXOPLASMOSIS,TLR4
KEGG_2026,TOXOPLASMOSIS,MYD88
KEGG_2026,TOXOPLASMOSIS,HSPA1B
KEGG_2026,TOXOPLASMOSIS,TLR2
KEGG_2026,TOXOPLASMOSIS,BIRC3
KEGG_2026,TOXOPLASMOSIS,HSPA1A
KEGG_2026,OSTEOCLAST DIFFERENTIATION,CSF1
KEGG_2026,OSTEOCLAST DIFFERENTIATION,TREM2
KEGG_2026,OSTEOCLAST DIFFERENTIATION,ATP2A1
KEGG_2026,OSTEOCLAST DIFFERENTIATION,PIK3CB
KEGG_2026,OSTEOCLAST DIFFERENTIATION,TNF
KEGG_2026,OSTEOCLAST DIFFERENTIATION,PPP3CB
KEGG_2026,OSTEOCLAST DIFFERENTIATION,FCGR3B
KEGG_2026,OSTEOCLAST DIFFERENTIATION,AKT2
KEGG_2026,OSTEOCLAST DIFFERENTIATION,AKT3
KEGG_2026,OSTEOCLAST DIFFERENTIATION,AKT1
KEGG_2026,OSTEOCLAST DIFFERENTIATION,SIRPA
KEGG_2026,OSTEOCLAST DIFFERENTIATION,MAP2K1
KEGG_2026,OSTEOCLAST DIFFERENTIATION,MITF
KEGG_2026,OSTEOCLAST DIFFERENTIATION,FOS
KEGG_2026,OSTEOCLAST DIFFERENTIATION,TGFBR1
KEGG_2026,OSTEOCLAST DIFFERENTIATION,TGFBR2
KEGG_2026,OSTEOCLAST DIFFERENTIATION,TNFRSF1A
KEGG_2026,OSTEOCLAST DIFFERENTIATION,CREB1
KEGG_2026,OSTEOCLAST DIFFERENTIATION,IFNG
KEGG_2026,OSTEOCLAST DIFFERENTIATION,PIK3CA
KEGG_2026,OSTEOCLAST DIFFERENTIATION,LCK
KEGG_2026,OSTEOCLAST DIFFERENTIATION,IL1B
KEGG_2026,OSTEOCLAST DIFFERENTIATION,PPARG
KEGG_2026,OSTEOCLAST DIFFERENTIATION,IFNAR1
KEGG_2026,OSTEOCLAST DIFFERENTIATION,PIK3R3
KEGG_2026,OSTEOCLAST DIFFERENTIATION,PIK3R2
KEGG_2026,OSTEOCLAST DIFFERENTIATION,PIK3R1
KEGG_2026,OSTEOCLAST DIFFERENTIATION,RELA
KEGG_2026,OSTEOCLAST DIFFERENTIATION,RELB
KEGG_2026,OSTEOCLAST DIFFERENTIATION,SOCS3
KEGG_2026,OSTEOCLAST DIFFERENTIATION,MAPK9
KEGG_2026,OSTEOCLAST DIFFERENTIATION,MAPK8
KEGG_2026,OSTEOCLAST DIFFERENTIATION,SOCS1
KEGG_2026,OSTEOCLAST DIFFERENTIATION,PLCG2
KEGG_2026,OSTEOCLAST DIFFERENTIATION,MAPK1
KEGG_2026,OSTEOCLAST DIFFERENTIATION,FYN
KEGG_2026,OSTEOCLAST DIFFERENTIATION,FCGR1A
KEGG_2026,OSTEOCLAST DIFFERENTIATION,MAPK3
KEGG_2026,OSTEOCLAST DIFFERENTIATION,JUN
KEGG_2026,OSTEOCLAST DIFFERENTIATION,JUND
KEGG_2026,OSTEOCLAST DIFFERENTIATION,TGFB1
KEGG_2026,OSTEOCLAST DIFFERENTIATION,STAT1
KEGG_2026,OSTEOCLAST DIFFERENTIATION,STAT2
KEGG_2026,OSTEOCLAST DIFFERENTIATION,FOSL2
KEGG_2026,OSTEOCLAST DIFFERENTIATION,FOSL1
KEGG_2026,OSTEOCLAST DIFFERENTIATION,NFKBIA
KEGG_2026,OSTEOCLAST DIFFERENTIATION,CAMK4
KEGG_2026,OSTEOCLAST DIFFERENTIATION,FOSB
KEGG_2026,OSTEOCLAST DIFFERENTIATION,GRB2
KEGG_2026,FLUID SHEAR STRESS AND ATHEROSCLEROSIS,HSP90AB1
KEGG_2026,FLUID SHEAR STRESS AND ATHEROSCLEROSIS,CALML5
KEGG_2026,FLUID SHEAR STRESS AND ATHEROSCLEROSIS,CALML6
KEGG_2026,FLUID SHEAR STRESS AND ATHEROSCLEROSIS,KEAP1
KEGG_2026,FLUID SHEAR STRESS AND ATHEROSCLEROSIS,SUMO4
KEGG_2026,FLUID SHEAR STRESS AND ATHEROSCLEROSIS,CALML3
KEGG_2026,FLUID SHEAR STRESS AND ATHEROSCLEROSIS,CALML4
KEGG_2026,FLUID SHEAR STRESS AND ATHEROSCLEROSIS,PIK3CB
KEGG_2026,FLUID SHEAR STRESS AND ATHEROSCLEROSIS,TNF
KEGG_2026,FLUID SHEAR STRESS AND ATHEROSCLEROSIS,ICAM1
KEGG_2026,FLUID SHEAR STRESS AND ATHEROSCLEROSIS,CDH5
KEGG_2026,FLUID SHEAR STRESS AND ATHEROSCLEROSIS,NPPC
KEGG_2026,FLUID SHEAR STRESS AND ATHEROSCLEROSIS,SUMO1
KEGG_2026,FLUID SHEAR STRESS AND ATHEROSCLEROSIS,AKT2
KEGG_2026,FLUID SHEAR STRESS AND ATHEROSCLEROSIS,AKT3
KEGG_2026,FLUID SHEAR STRESS AND ATHEROSCLEROSIS,SUMO2
KEGG_2026,FLUID SHEAR STRESS AND ATHEROSCLEROSIS,RAC2
KEGG_2026,FLUID SHEAR STRESS AND ATHEROSCLEROSIS,AKT1
KEGG_2026,FLUID SHEAR STRESS AND ATHEROSCLEROSIS,MAP3K5
KEGG_2026,FLUID SHEAR STRESS AND ATHEROSCLEROSIS,PIAS4
KEGG_2026,FLUID SHEAR STRESS AND ATHEROSCLEROSIS,HSP90AA1
KEGG_2026,FLUID SHEAR STRESS AND ATHEROSCLEROSIS,NCOA3
KEGG_2026,FLUID SHEAR STRESS AND ATHEROSCLEROSIS,FOS
KEGG_2026,FLUID SHEAR STRESS AND ATHEROSCLEROSIS,RHOA
KEGG_2026,FLUID SHEAR STRESS AND ATHEROSCLEROSIS,TNFRSF1A
KEGG_2026,FLUID SHEAR STRESS AND ATHEROSCLEROSIS,IFNG
KEGG_2026,FLUID SHEAR STRESS AND ATHEROSCLEROSIS,PIK3CA
KEGG_2026,FLUID SHEAR STRESS AND ATHEROSCLEROSIS,IL1B
KEGG_2026,FLUID SHEAR STRESS AND ATHEROSCLEROSIS,TP53
KEGG_2026,FLUID SHEAR STRESS AND ATHEROSCLEROSIS,SRC
KEGG_2026,FLUID SHEAR STRESS AND ATHEROSCLEROSIS,PIK3R3
KEGG_2026,FLUID SHEAR STRESS AND ATHEROSCLEROSIS,PIK3R2
KEGG_2026,FLUID SHEAR STRESS AND ATHEROSCLEROSIS,PIK3R1
KEGG_2026,FLUID SHEAR STRESS AND ATHEROSCLEROSIS,PRKCZ
KEGG_2026,FLUID SHEAR STRESS AND ATHEROSCLEROSIS,RELA
KEGG_2026,FLUID SHEAR STRESS AND ATHEROSCLEROSIS,HSP90B1
KEGG_2026,FLUID SHEAR STRESS AND ATHEROSCLEROSIS,MAPK9
KEGG_2026,FLUID SHEAR STRESS AND ATHEROSCLEROSIS,MAPK8
KEGG_2026,FLUID SHEAR STRESS AND ATHEROSCLEROSIS,HMOX1
KEGG_2026,FLUID SHEAR STRESS AND ATHEROSCLEROSIS,CCL2
KEGG_2026,FLUID SHEAR STRESS AND ATHEROSCLEROSIS,JUN
KEGG_2026,FLUID SHEAR STRESS AND ATHEROSCLEROSIS,CAV1
KEGG_2026,FLUID SHEAR STRESS AND ATHEROSCLEROSIS,ASS1
KEGG_2026,FLUID SHEAR STRESS AND ATHEROSCLEROSIS,BCL2
KEGG_2026,FLUID SHEAR STRESS AND ATHEROSCLEROSIS,SDC1
KEGG_2026,FLUID SHEAR STRESS AND ATHEROSCLEROSIS,CTNNB1
KEGG_2026,FLUID SHEAR STRESS AND ATHEROSCLEROSIS,CALM3
KEGG_2026,FLUID SHEAR STRESS AND ATHEROSCLEROSIS,CALM1
KEGG_2026,FLUID SHEAR STRESS AND ATHEROSCLEROSIS,CALM2
KEGG_2026,FLUID SHEAR STRESS AND ATHEROSCLEROSIS,NFE2L2
KEGG_2026,MEASLES,GSK3B
KEGG_2026,MEASLES,CLEC4M
KEGG_2026,MEASLES,PIK3CB
KEGG_2026,MEASLES,TBK1
KEGG_2026,MEASLES,AKT2
KEGG_2026,MEASLES,CASP3
KEGG_2026,MEASLES,AKT3
KEGG_2026,MEASLES,RACK1
KEGG_2026,MEASLES,AKT1
KEGG_2026,MEASLES,IKBKE
KEGG_2026,MEASLES,FOS
KEGG_2026,MEASLES,PIK3CA
KEGG_2026,MEASLES,TRAF3
KEGG_2026,MEASLES,IL1B
KEGG_2026,MEASLES,TP53
KEGG_2026,MEASLES,TLR4
KEGG_2026,MEASLES,IFNAR1
KEGG_2026,MEASLES,TLR2
KEGG_2026,MEASLES,PIK3R3
KEGG_2026,MEASLES,PIK3R2
KEGG_2026,MEASLES,PIK3R1
KEGG_2026,MEASLES,RCHY1
KEGG_2026,MEASLES,IL2RG
KEGG_2026,MEASLES,RELA
KEGG_2026,MEASLES,MAPK9
KEGG_2026,MEASLES,MAPK8
KEGG_2026,MEASLES,IRAK1
KEGG_2026,MEASLES,HSPA8
KEGG_2026,MEASLES,JUN
KEGG_2026,MEASLES,MMAB
KEGG_2026,MEASLES,STAT1
KEGG_2026,MEASLES,EIF2AK1
KEGG_2026,MEASLES,STAT2
KEGG_2026,MEASLES,STAT3
KEGG_2026,MEASLES,MX1
KEGG_2026,MEASLES,EIF2AK3
KEGG_2026,MEASLES,MSN
KEGG_2026,MEASLES,EIF2AK4
KEGG_2026,MEASLES,EIF2S1
KEGG_2026,MEASLES,NFKBIA
KEGG_2026,MEASLES,MAVS
KEGG_2026,MEASLES,IL6
KEGG_2026,MEASLES,FASN
KEGG_2026,MEASLES,BCL2
KEGG_2026,MEASLES,CYCS
KEGG_2026,MEASLES,BAX
KEGG_2026,MEASLES,RAB9A
KEGG_2026,MEASLES,MYD88
KEGG_2026,MEASLES,HSPA1B
KEGG_2026,MEASLES,HSPA1A
KEGG_2026,"ALANINE, ASPARTATE AND GLUTAMATE METABOLISM",GOT1L1
KEGG_2026,"ALANINE, ASPARTATE AND GLUTAMATE METABOLISM",ADSL
KEGG_2026,"ALANINE, ASPARTATE AND GLUTAMATE METABOLISM",GPT2
KEGG_2026,"ALANINE, ASPARTATE AND GLUTAMATE METABOLISM",GFPT2
KEGG_2026,"ALANINE, ASPARTATE AND GLUTAMATE METABOLISM",GOT2
KEGG_2026,"ALANINE, ASPARTATE AND GLUTAMATE METABOLISM",GFPT1
KEGG_2026,"ALANINE, ASPARTATE AND GLUTAMATE METABOLISM",GAD2
KEGG_2026,"ALANINE, ASPARTATE AND GLUTAMATE METABOLISM",GPT
KEGG_2026,"ALANINE, ASPARTATE AND GLUTAMATE METABOLISM",COASY
KEGG_2026,"ALANINE, ASPARTATE AND GLUTAMATE METABOLISM",ASS1
KEGG_2026,"ALANINE, ASPARTATE AND GLUTAMATE METABOLISM",IL4I1
KEGG_2026,"ALANINE, ASPARTATE AND GLUTAMATE METABOLISM",ALDH5A1
KEGG_2026,"ALANINE, ASPARTATE AND GLUTAMATE METABOLISM",ASL
KEGG_2026,"ALANINE, ASPARTATE AND GLUTAMATE METABOLISM",ADSS1
KEGG_2026,"ALANINE, ASPARTATE AND GLUTAMATE METABOLISM",ADSS2
KEGG_2026,"ALANINE, ASPARTATE AND GLUTAMATE METABOLISM",AGXT
KEGG_2026,"ALANINE, ASPARTATE AND GLUTAMATE METABOLISM",GLUL
KEGG_2026,"ALANINE, ASPARTATE AND GLUTAMATE METABOLISM",RIMKLB
KEGG_2026,"ALANINE, ASPARTATE AND GLUTAMATE METABOLISM",NIT2
KEGG_2026,HUMAN PAPILLOMAVIRUS INFECTION,PATJ
KEGG_2026,HUMAN PAPILLOMAVIRUS INFECTION,TNF
KEGG_2026,HUMAN PAPILLOMAVIRUS INFECTION,TBK1
KEGG_2026,HUMAN PAPILLOMAVIRUS INFECTION,CREB3L3
KEGG_2026,HUMAN PAPILLOMAVIRUS INFECTION,CREB3L4
KEGG_2026,HUMAN PAPILLOMAVIRUS INFECTION,PRKACG
KEGG_2026,HUMAN PAPILLOMAVIRUS INFECTION,AKT2
KEGG_2026,HUMAN PAPILLOMAVIRUS INFECTION,CREB3L1
KEGG_2026,HUMAN PAPILLOMAVIRUS INFECTION,AKT3
KEGG_2026,HUMAN PAPILLOMAVIRUS INFECTION,CREB3L2
KEGG_2026,HUMAN PAPILLOMAVIRUS INFECTION,AKT1
KEGG_2026,HUMAN PAPILLOMAVIRUS INFECTION,EP300
KEGG_2026,HUMAN PAPILLOMAVIRUS INFECTION,PRKACB
KEGG_2026,HUMAN PAPILLOMAVIRUS INFECTION,PDGFRB
KEGG_2026,HUMAN PAPILLOMAVIRUS INFECTION,MAP2K1
KEGG_2026,HUMAN PAPILLOMAVIRUS INFECTION,MAP2K2
KEGG_2026,HUMAN PAPILLOMAVIRUS INFECTION,WNT5B
KEGG_2026,HUMAN PAPILLOMAVIRUS INFECTION,WNT5A
KEGG_2026,HUMAN PAPILLOMAVIRUS INFECTION,HLA-B
KEGG_2026,HUMAN PAPILLOMAVIRUS INFECTION,SCRIB
KEGG_2026,HUMAN PAPILLOMAVIRUS INFECTION,PRKCA
KEGG_2026,HUMAN PAPILLOMAVIRUS INFECTION,TSC1
KEGG_2026,HUMAN PAPILLOMAVIRUS INFECTION,HLA-A
KEGG_2026,HUMAN PAPILLOMAVIRUS INFECTION,PARD3
KEGG_2026,HUMAN PAPILLOMAVIRUS INFECTION,TP53
KEGG_2026,HUMAN PAPILLOMAVIRUS INFECTION,LLGL2
KEGG_2026,HUMAN PAPILLOMAVIRUS INFECTION,IFNAR1
KEGG_2026,HUMAN PAPILLOMAVIRUS INFECTION,UBR4
KEGG_2026,HUMAN PAPILLOMAVIRUS INFECTION,PIK3R3
KEGG_2026,HUMAN PAPILLOMAVIRUS INFECTION,PIK3R2
KEGG_2026,HUMAN PAPILLOMAVIRUS INFECTION,PIK3R1
KEGG_2026,HUMAN PAPILLOMAVIRUS INFECTION,PRKCZ
KEGG_2026,HUMAN PAPILLOMAVIRUS INFECTION,VTN
KEGG_2026,HUMAN PAPILLOMAVIRUS INFECTION,TERT
KEGG_2026,HUMAN PAPILLOMAVIRUS INFECTION,CHAD
KEGG_2026,HUMAN PAPILLOMAVIRUS INFECTION,DVL1
KEGG_2026,HUMAN PAPILLOMAVIRUS INFECTION,DVL2
KEGG_2026,HUMAN PAPILLOMAVIRUS INFECTION,ATP6V0A1
KEGG_2026,HUMAN PAPILLOMAVIRUS INFECTION,CREBBP
KEGG_2026,HUMAN PAPILLOMAVIRUS INFECTION,FZD2
KEGG_2026,HUMAN PAPILLOMAVIRUS INFECTION,FZD5
KEGG_2026,HUMAN PAPILLOMAVIRUS INFECTION,FZD4
KEGG_2026,HUMAN PAPILLOMAVIRUS INFECTION,FZD6
KEGG_2026,HUMAN PAPILLOMAVIRUS INFECTION,FN1
KEGG_2026,HUMAN PAPILLOMAVIRUS INFECTION,RHEB
KEGG_2026,HUMAN PAPILLOMAVIRUS INFECTION,FASN
KEGG_2026,HUMAN PAPILLOMAVIRUS INFECTION,GNAS
KEGG_2026,HUMAN PAPILLOMAVIRUS INFECTION,MDM2
KEGG_2026,HUMAN PAPILLOMAVIRUS INFECTION,GRB2
KEGG_2026,HUMAN PAPILLOMAVIRUS INFECTION,COL9A2
KEGG_2026,HUMAN PAPILLOMAVIRUS INFECTION,ITGB1
KEGG_2026,HUMAN PAPILLOMAVIRUS INFECTION,GSK3B
KEGG_2026,HUMAN PAPILLOMAVIRUS INFECTION,ITGB5
KEGG_2026,HUMAN PAPILLOMAVIRUS INFECTION,LAMC3
KEGG_2026,HUMAN PAPILLOMAVIRUS INFECTION,PTEN
KEGG_2026,HUMAN PAPILLOMAVIRUS INFECTION,CHD4
KEGG_2026,HUMAN PAPILLOMAVIRUS INFECTION,LAMC2
KEGG_2026,HUMAN PAPILLOMAVIRUS INFECTION,PIK3CB
KEGG_2026,HUMAN PAPILLOMAVIRUS INFECTION,LAMC1
KEGG_2026,HUMAN PAPILLOMAVIRUS INFECTION,CASP3
KEGG_2026,HUMAN PAPILLOMAVIRUS INFECTION,HRAS
KEGG_2026,HUMAN PAPILLOMAVIRUS INFECTION,IKBKE
KEGG_2026,HUMAN PAPILLOMAVIRUS INFECTION,TBP
KEGG_2026,HUMAN PAPILLOMAVIRUS INFECTION,ITGA4
KEGG_2026,HUMAN PAPILLOMAVIRUS INFECTION,VWF
KEGG_2026,HUMAN PAPILLOMAVIRUS INFECTION,TUBG2
KEGG_2026,HUMAN PAPILLOMAVIRUS INFECTION,TUBG1
KEGG_2026,HUMAN PAPILLOMAVIRUS INFECTION,TNFRSF1A
KEGG_2026,HUMAN PAPILLOMAVIRUS INFECTION,PKM
KEGG_2026,HUMAN PAPILLOMAVIRUS INFECTION,CREB1
KEGG_2026,HUMAN PAPILLOMAVIRUS INFECTION,PIK3CA
KEGG_2026,HUMAN PAPILLOMAVIRUS INFECTION,TRAF3
KEGG_2026,HUMAN PAPILLOMAVIRUS INFECTION,PXDN
KEGG_2026,HUMAN PAPILLOMAVIRUS INFECTION,SOS1
KEGG_2026,HUMAN PAPILLOMAVIRUS INFECTION,SOS2
KEGG_2026,HUMAN PAPILLOMAVIRUS INFECTION,CREB5
KEGG_2026,HUMAN PAPILLOMAVIRUS INFECTION,HDAC2
KEGG_2026,HUMAN PAPILLOMAVIRUS INFECTION,LAMA2
KEGG_2026,HUMAN PAPILLOMAVIRUS INFECTION,HDAC1
KEGG_2026,HUMAN PAPILLOMAVIRUS INFECTION,PTGS2
KEGG_2026,HUMAN PAPILLOMAVIRUS INFECTION,THBS1
KEGG_2026,HUMAN PAPILLOMAVIRUS INFECTION,RELA
KEGG_2026,HUMAN PAPILLOMAVIRUS INFECTION,EGFR
KEGG_2026,HUMAN PAPILLOMAVIRUS INFECTION,CDC42
KEGG_2026,HUMAN PAPILLOMAVIRUS INFECTION,NRAS
KEGG_2026,HUMAN PAPILLOMAVIRUS INFECTION,PARD6A
KEGG_2026,HUMAN PAPILLOMAVIRUS INFECTION,WNT11
KEGG_2026,HUMAN PAPILLOMAVIRUS INFECTION,MAPK1
KEGG_2026,HUMAN PAPILLOMAVIRUS INFECTION,MAPK3
KEGG_2026,HUMAN PAPILLOMAVIRUS INFECTION,BCAP31
KEGG_2026,HUMAN PAPILLOMAVIRUS INFECTION,MPP3
KEGG_2026,HUMAN PAPILLOMAVIRUS INFECTION,LAMB3
KEGG_2026,HUMAN PAPILLOMAVIRUS INFECTION,STAT1
KEGG_2026,HUMAN PAPILLOMAVIRUS INFECTION,STAT2
KEGG_2026,HUMAN PAPILLOMAVIRUS INFECTION,MX1
KEGG_2026,HUMAN PAPILLOMAVIRUS INFECTION,PSMC1
KEGG_2026,HUMAN PAPILLOMAVIRUS INFECTION,CTNNB1
KEGG_2026,HUMAN PAPILLOMAVIRUS INFECTION,BAX
KEGG_2026,HUMAN PAPILLOMAVIRUS INFECTION,CRB3
KEGG_2026,PHAGOSOME,ITGB1
KEGG_2026,PHAGOSOME,SCARB1
KEGG_2026,PHAGOSOME,ITGAM
KEGG_2026,PHAGOSOME,CLEC4M
KEGG_2026,PHAGOSOME,TFRC
KEGG_2026,PHAGOSOME,ITGB5
KEGG_2026,PHAGOSOME,TUBB8
KEGG_2026,PHAGOSOME,SEC61A2
KEGG_2026,PHAGOSOME,SEC61A1
KEGG_2026,PHAGOSOME,TUBA1C
KEGG_2026,PHAGOSOME,TUBB6
KEGG_2026,PHAGOSOME,TUBA1B
KEGG_2026,PHAGOSOME,FCGR3B
KEGG_2026,PHAGOSOME,TUBA1A
KEGG_2026,PHAGOSOME,LAMP1
KEGG_2026,PHAGOSOME,TUBB3
KEGG_2026,PHAGOSOME,MRC1
KEGG_2026,PHAGOSOME,SEC61B
KEGG_2026,PHAGOSOME,CD36
KEGG_2026,PHAGOSOME,DYNC2H1
KEGG_2026,PHAGOSOME,TUBB
KEGG_2026,PHAGOSOME,HLA-B
KEGG_2026,PHAGOSOME,HLA-A
KEGG_2026,PHAGOSOME,TUBA4A
KEGG_2026,PHAGOSOME,DYNC1LI1
KEGG_2026,PHAGOSOME,DYNC1LI2
KEGG_2026,PHAGOSOME,TUBB2B
KEGG_2026,PHAGOSOME,TUBB2A
KEGG_2026,PHAGOSOME,HGS
KEGG_2026,PHAGOSOME,CANX
KEGG_2026,PHAGOSOME,RAB7B
KEGG_2026,PHAGOSOME,TLR4
KEGG_2026,PHAGOSOME,TLR2
KEGG_2026,PHAGOSOME,VAMP3
KEGG_2026,PHAGOSOME,RAB7A
KEGG_2026,PHAGOSOME,DYNC1I2
KEGG_2026,PHAGOSOME,TUBAL3
KEGG_2026,PHAGOSOME,CORO1A
KEGG_2026,PHAGOSOME,THBS1
KEGG_2026,PHAGOSOME,TUBA3E
KEGG_2026,PHAGOSOME,TUBA3D
KEGG_2026,PHAGOSOME,FCGR1A
KEGG_2026,PHAGOSOME,DYNC1I1
KEGG_2026,PHAGOSOME,ATP6V0A1
KEGG_2026,PHAGOSOME,MSR1
KEGG_2026,PHAGOSOME,DYNC1H1
KEGG_2026,PHAGOSOME,NDUFA2
KEGG_2026,PHAGOSOME,TUBB4B
KEGG_2026,PHAGOSOME,TUBB4A
KEGG_2026,PHAGOSOME,PIKFYVE
KEGG_2026,PHAGOSOME,CALR
KEGG_2026,PHAGOSOME,RAB5A
KEGG_2026,PHAGOSOME,TUBA8
KEGG_2026,HEPATOCELLULAR CARCINOMA,GSK3B
KEGG_2026,HEPATOCELLULAR CARCINOMA,ARAF
KEGG_2026,HEPATOCELLULAR CARCINOMA,PTEN
KEGG_2026,HEPATOCELLULAR CARCINOMA,KEAP1
KEGG_2026,HEPATOCELLULAR CARCINOMA,PIK3CB
KEGG_2026,HEPATOCELLULAR CARCINOMA,AKT2
KEGG_2026,HEPATOCELLULAR CARCINOMA,MYC
KEGG_2026,HEPATOCELLULAR CARCINOMA,AKT3
KEGG_2026,HEPATOCELLULAR CARCINOMA,AKT1
KEGG_2026,HEPATOCELLULAR CARCINOMA,HRAS
KEGG_2026,HEPATOCELLULAR CARCINOMA,PRKCG
KEGG_2026,HEPATOCELLULAR CARCINOMA,MAP2K1
KEGG_2026,HEPATOCELLULAR CARCINOMA,MAP2K2
KEGG_2026,HEPATOCELLULAR CARCINOMA,SMARCC2
KEGG_2026,HEPATOCELLULAR CARCINOMA,WNT5B
KEGG_2026,HEPATOCELLULAR CARCINOMA,PRKCB
KEGG_2026,HEPATOCELLULAR CARCINOMA,KCNH8
KEGG_2026,HEPATOCELLULAR CARCINOMA,WNT5A
KEGG_2026,HEPATOCELLULAR CARCINOMA,PRKCA
KEGG_2026,HEPATOCELLULAR CARCINOMA,TGFBR1
KEGG_2026,HEPATOCELLULAR CARCINOMA,TGFBR2
KEGG_2026,HEPATOCELLULAR CARCINOMA,SLTM
KEGG_2026,HEPATOCELLULAR CARCINOMA,PIK3CA
KEGG_2026,HEPATOCELLULAR CARCINOMA,SOS1
KEGG_2026,HEPATOCELLULAR CARCINOMA,TP53
KEGG_2026,HEPATOCELLULAR CARCINOMA,SOS2
KEGG_2026,HEPATOCELLULAR CARCINOMA,LRP5
KEGG_2026,HEPATOCELLULAR CARCINOMA,PIK3R3
KEGG_2026,HEPATOCELLULAR CARCINOMA,PIK3R2
KEGG_2026,HEPATOCELLULAR CARCINOMA,PIK3R1
KEGG_2026,HEPATOCELLULAR CARCINOMA,EGFR
KEGG_2026,HEPATOCELLULAR CARCINOMA,NRAS
KEGG_2026,HEPATOCELLULAR CARCINOMA,WNT11
KEGG_2026,HEPATOCELLULAR CARCINOMA,TERT
KEGG_2026,HEPATOCELLULAR CARCINOMA,DVL1
KEGG_2026,HEPATOCELLULAR CARCINOMA,PLCG2
KEGG_2026,HEPATOCELLULAR CARCINOMA,DVL2
KEGG_2026,HEPATOCELLULAR CARCINOMA,HMOX1
KEGG_2026,HEPATOCELLULAR CARCINOMA,MAPK1
KEGG_2026,HEPATOCELLULAR CARCINOMA,PLCG1
KEGG_2026,HEPATOCELLULAR CARCINOMA,BRD7
KEGG_2026,HEPATOCELLULAR CARCINOMA,MAPK3
KEGG_2026,HEPATOCELLULAR CARCINOMA,SMAD4
KEGG_2026,HEPATOCELLULAR CARCINOMA,FZD2
KEGG_2026,HEPATOCELLULAR CARCINOMA,TGFB1
KEGG_2026,HEPATOCELLULAR CARCINOMA,FZD5
KEGG_2026,HEPATOCELLULAR CARCINOMA,TXNRD3
KEGG_2026,HEPATOCELLULAR CARCINOMA,FZD4
KEGG_2026,HEPATOCELLULAR CARCINOMA,CDKN2A
KEGG_2026,HEPATOCELLULAR CARCINOMA,TXNRD2
KEGG_2026,HEPATOCELLULAR CARCINOMA,TXNRD1
KEGG_2026,HEPATOCELLULAR CARCINOMA,FZD6
KEGG_2026,HEPATOCELLULAR CARCINOMA,BRAF
KEGG_2026,HEPATOCELLULAR CARCINOMA,BAX
KEGG_2026,HEPATOCELLULAR CARCINOMA,CTNNB1
KEGG_2026,HEPATOCELLULAR CARCINOMA,GRB2
KEGG_2026,HEPATOCELLULAR CARCINOMA,NFE2L2
KEGG_2026,FC EPSILON RI SIGNALING PATHWAY,CSF2
KEGG_2026,FC EPSILON RI SIGNALING PATHWAY,PIK3R3
KEGG_2026,FC EPSILON RI SIGNALING PATHWAY,PIK3R2
KEGG_2026,FC EPSILON RI SIGNALING PATHWAY,PIK3CB
KEGG_2026,FC EPSILON RI SIGNALING PATHWAY,PIK3R1
KEGG_2026,FC EPSILON RI SIGNALING PATHWAY,TNF
KEGG_2026,FC EPSILON RI SIGNALING PATHWAY,MAPK9
KEGG_2026,FC EPSILON RI SIGNALING PATHWAY,MAPK8
KEGG_2026,FC EPSILON RI SIGNALING PATHWAY,NRAS
KEGG_2026,FC EPSILON RI SIGNALING PATHWAY,AKT2
KEGG_2026,FC EPSILON RI SIGNALING PATHWAY,AKT3
KEGG_2026,FC EPSILON RI SIGNALING PATHWAY,RAC2
KEGG_2026,FC EPSILON RI SIGNALING PATHWAY,PLCG2
KEGG_2026,FC EPSILON RI SIGNALING PATHWAY,AKT1
KEGG_2026,FC EPSILON RI SIGNALING PATHWAY,MAPK1
KEGG_2026,FC EPSILON RI SIGNALING PATHWAY,FYN
KEGG_2026,FC EPSILON RI SIGNALING PATHWAY,PLCG1
KEGG_2026,FC EPSILON RI SIGNALING PATHWAY,HRAS
KEGG_2026,FC EPSILON RI SIGNALING PATHWAY,MAPK3
KEGG_2026,FC EPSILON RI SIGNALING PATHWAY,MAP2K1
KEGG_2026,FC EPSILON RI SIGNALING PATHWAY,MAP2K2
KEGG_2026,FC EPSILON RI SIGNALING PATHWAY,NCOA3
KEGG_2026,FC EPSILON RI SIGNALING PATHWAY,PRKCA
KEGG_2026,FC EPSILON RI SIGNALING PATHWAY,IL4
KEGG_2026,FC EPSILON RI SIGNALING PATHWAY,PIK3CA
KEGG_2026,FC EPSILON RI SIGNALING PATHWAY,SPNS1
KEGG_2026,FC EPSILON RI SIGNALING PATHWAY,GRB2
KEGG_2026,FC EPSILON RI SIGNALING PATHWAY,SOS1
KEGG_2026,FC EPSILON RI SIGNALING PATHWAY,SOS2
KEGG_2026,PANCREATIC SECRETION,CELA3A
KEGG_2026,PANCREATIC SECRETION,RYR2
KEGG_2026,PANCREATIC SECRETION,CELA3B
KEGG_2026,PANCREATIC SECRETION,SCT
KEGG_2026,PANCREATIC SECRETION,ADCY4
KEGG_2026,PANCREATIC SECRETION,ATP1A4
KEGG_2026,PANCREATIC SECRETION,ATP2A1
KEGG_2026,PANCREATIC SECRETION,ADCY2
KEGG_2026,PANCREATIC SECRETION,ADCY1
KEGG_2026,PANCREATIC SECRETION,ADCY8
KEGG_2026,PANCREATIC SECRETION,SLC4A4
KEGG_2026,PANCREATIC SECRETION,ADCY7
KEGG_2026,PANCREATIC SECRETION,ADCY6
KEGG_2026,PANCREATIC SECRETION,SLC9A1
KEGG_2026,PANCREATIC SECRETION,ADCY5
KEGG_2026,PANCREATIC SECRETION,CA2
KEGG_2026,PANCREATIC SECRETION,CLCA2
KEGG_2026,PANCREATIC SECRETION,CLCA1
KEGG_2026,PANCREATIC SECRETION,CLCA4
KEGG_2026,PANCREATIC SECRETION,RAB8A
KEGG_2026,PANCREATIC SECRETION,PRKCG
KEGG_2026,PANCREATIC SECRETION,SLC12A2
KEGG_2026,PANCREATIC SECRETION,PRKCB
KEGG_2026,PANCREATIC SECRETION,AMY1B
KEGG_2026,PANCREATIC SECRETION,SCTR
KEGG_2026,PANCREATIC SECRETION,PRKCA
KEGG_2026,PANCREATIC SECRETION,RHOA
KEGG_2026,PANCREATIC SECRETION,RAB11A
KEGG_2026,PANCREATIC SECRETION,PLCB3
KEGG_2026,PANCREATIC SECRETION,ADCY9
KEGG_2026,PANCREATIC SECRETION,PLCB4
KEGG_2026,PANCREATIC SECRETION,GNAQ
KEGG_2026,PANCREATIC SECRETION,KCNMA1
KEGG_2026,PANCREATIC SECRETION,GNAS
KEGG_2026,PANCREATIC SECRETION,PLCB1
KEGG_2026,PANCREATIC SECRETION,SLC26A3
KEGG_2026,PANCREATIC SECRETION,PLCB2
KEGG_2026,PANCREATIC SECRETION,CFTR
KEGG_2026,PATHOGENIC ESCHERICHIA COLI INFECTION,ITGB1
KEGG_2026,PATHOGENIC ESCHERICHIA COLI INFECTION,NCKAP1
KEGG_2026,PATHOGENIC ESCHERICHIA COLI INFECTION,WIPF2
KEGG_2026,PATHOGENIC ESCHERICHIA COLI INFECTION,WASL
KEGG_2026,PATHOGENIC ESCHERICHIA COLI INFECTION,TNF
KEGG_2026,PATHOGENIC ESCHERICHIA COLI INFECTION,TUBB8
KEGG_2026,PATHOGENIC ESCHERICHIA COLI INFECTION,TUBA1C
KEGG_2026,PATHOGENIC ESCHERICHIA COLI INFECTION,TUBA1B
KEGG_2026,PATHOGENIC ESCHERICHIA COLI INFECTION,TUBB6
KEGG_2026,PATHOGENIC ESCHERICHIA COLI INFECTION,BAIAP2L1
KEGG_2026,PATHOGENIC ESCHERICHIA COLI INFECTION,TUBA1A
KEGG_2026,PATHOGENIC ESCHERICHIA COLI INFECTION,TUBB3
KEGG_2026,PATHOGENIC ESCHERICHIA COLI INFECTION,CASP3
KEGG_2026,PATHOGENIC ESCHERICHIA COLI INFECTION,TUBB
KEGG_2026,PATHOGENIC ESCHERICHIA COLI INFECTION,FOS
KEGG_2026,PATHOGENIC ESCHERICHIA COLI INFECTION,RHOA
KEGG_2026,PATHOGENIC ESCHERICHIA COLI INFECTION,TUBA4A
KEGG_2026,PATHOGENIC ESCHERICHIA COLI INFECTION,TIRAP
KEGG_2026,PATHOGENIC ESCHERICHIA COLI INFECTION,TNFRSF1A
KEGG_2026,PATHOGENIC ESCHERICHIA COLI INFECTION,TUBB2B
KEGG_2026,PATHOGENIC ESCHERICHIA COLI INFECTION,TUBB2A
KEGG_2026,PATHOGENIC ESCHERICHIA COLI INFECTION,IL1B
KEGG_2026,PATHOGENIC ESCHERICHIA COLI INFECTION,DNAJC5
KEGG_2026,PATHOGENIC ESCHERICHIA COLI INFECTION,CLDN19
KEGG_2026,PATHOGENIC ESCHERICHIA COLI INFECTION,MYH9
KEGG_2026,PATHOGENIC ESCHERICHIA COLI INFECTION,ARHGEF1
KEGG_2026,PATHOGENIC ESCHERICHIA COLI INFECTION,ARHGEF7
KEGG_2026,PATHOGENIC ESCHERICHIA COLI INFECTION,TLR4
KEGG_2026,PATHOGENIC ESCHERICHIA COLI INFECTION,GAPDH
KEGG_2026,PATHOGENIC ESCHERICHIA COLI INFECTION,ROCK1
KEGG_2026,PATHOGENIC ESCHERICHIA COLI INFECTION,TUBAL3
KEGG_2026,PATHOGENIC ESCHERICHIA COLI INFECTION,SRC
KEGG_2026,PATHOGENIC ESCHERICHIA COLI INFECTION,ROCK2
KEGG_2026,PATHOGENIC ESCHERICHIA COLI INFECTION,RELA
KEGG_2026,PATHOGENIC ESCHERICHIA COLI INFECTION,CDC42
KEGG_2026,PATHOGENIC ESCHERICHIA COLI INFECTION,GNA13
KEGG_2026,PATHOGENIC ESCHERICHIA COLI INFECTION,TUBA3E
KEGG_2026,PATHOGENIC ESCHERICHIA COLI INFECTION,MAPK9
KEGG_2026,PATHOGENIC ESCHERICHIA COLI INFECTION,TUBA3D
KEGG_2026,PATHOGENIC ESCHERICHIA COLI INFECTION,MAPK8
KEGG_2026,PATHOGENIC ESCHERICHIA COLI INFECTION,IRAK1
KEGG_2026,PATHOGENIC ESCHERICHIA COLI INFECTION,MYO6
KEGG_2026,PATHOGENIC ESCHERICHIA COLI INFECTION,GNA12
KEGG_2026,PATHOGENIC ESCHERICHIA COLI INFECTION,RPS3
KEGG_2026,PATHOGENIC ESCHERICHIA COLI INFECTION,ABL1
KEGG_2026,PATHOGENIC ESCHERICHIA COLI INFECTION,NLRP3
KEGG_2026,PATHOGENIC ESCHERICHIA COLI INFECTION,MAPK1
KEGG_2026,PATHOGENIC ESCHERICHIA COLI INFECTION,FYN
KEGG_2026,PATHOGENIC ESCHERICHIA COLI INFECTION,MAPK3
KEGG_2026,PATHOGENIC ESCHERICHIA COLI INFECTION,JUN
KEGG_2026,PATHOGENIC ESCHERICHIA COLI INFECTION,MYO5A
KEGG_2026,PATHOGENIC ESCHERICHIA COLI INFECTION,TNFRSF10B
KEGG_2026,PATHOGENIC ESCHERICHIA COLI INFECTION,TNFRSF10A
KEGG_2026,PATHOGENIC ESCHERICHIA COLI INFECTION,TUBB4B
KEGG_2026,PATHOGENIC ESCHERICHIA COLI INFECTION,TUBB4A
KEGG_2026,PATHOGENIC ESCHERICHIA COLI INFECTION,TJP1
KEGG_2026,PATHOGENIC ESCHERICHIA COLI INFECTION,NFKBIA
KEGG_2026,PATHOGENIC ESCHERICHIA COLI INFECTION,MYO1E
KEGG_2026,PATHOGENIC ESCHERICHIA COLI INFECTION,IL6
KEGG_2026,PATHOGENIC ESCHERICHIA COLI INFECTION,FASN
KEGG_2026,PATHOGENIC ESCHERICHIA COLI INFECTION,CYCS
KEGG_2026,PATHOGENIC ESCHERICHIA COLI INFECTION,BAX
KEGG_2026,PATHOGENIC ESCHERICHIA COLI INFECTION,SEC24C
KEGG_2026,PATHOGENIC ESCHERICHIA COLI INFECTION,MYD88
KEGG_2026,PATHOGENIC ESCHERICHIA COLI INFECTION,TUBA8
KEGG_2026,HEDGEHOG SIGNALING PATHWAY,GSK3B
KEGG_2026,HEDGEHOG SIGNALING PATHWAY,CUL3
KEGG_2026,HEDGEHOG SIGNALING PATHWAY,ARRB1
KEGG_2026,HEDGEHOG SIGNALING PATHWAY,ARRB2
KEGG_2026,HEDGEHOG SIGNALING PATHWAY,EFCAB7
KEGG_2026,HEDGEHOG SIGNALING PATHWAY,GLI1
KEGG_2026,HEDGEHOG SIGNALING PATHWAY,GLI3
KEGG_2026,HEDGEHOG SIGNALING PATHWAY,GLI2
KEGG_2026,HEDGEHOG SIGNALING PATHWAY,SHH
KEGG_2026,HEDGEHOG SIGNALING PATHWAY,GRK3
KEGG_2026,HEDGEHOG SIGNALING PATHWAY,GRK2
KEGG_2026,HEDGEHOG SIGNALING PATHWAY,KIF3A
KEGG_2026,HEDGEHOG SIGNALING PATHWAY,PRKACG
KEGG_2026,HEDGEHOG SIGNALING PATHWAY,SUFU
KEGG_2026,HEDGEHOG SIGNALING PATHWAY,SPOP
KEGG_2026,HEDGEHOG SIGNALING PATHWAY,PRKACB
KEGG_2026,HEDGEHOG SIGNALING PATHWAY,EVC2
KEGG_2026,HEDGEHOG SIGNALING PATHWAY,SMURF1
KEGG_2026,HEDGEHOG SIGNALING PATHWAY,PTCH1
KEGG_2026,HEDGEHOG SIGNALING PATHWAY,PRKCA
KEGG_2026,HEDGEHOG SIGNALING PATHWAY,KIF7
KEGG_2026,HEDGEHOG SIGNALING PATHWAY,EVC
KEGG_2026,HEDGEHOG SIGNALING PATHWAY,GPR161
KEGG_2026,HEDGEHOG SIGNALING PATHWAY,BCL2
KEGG_2026,HEDGEHOG SIGNALING PATHWAY,SPOPL
KEGG_2026,TIGHT JUNCTION,ITGB1
KEGG_2026,TIGHT JUNCTION,PATJ
KEGG_2026,TIGHT JUNCTION,F11R
KEGG_2026,TIGHT JUNCTION,EPB41L4B
KEGG_2026,TIGHT JUNCTION,TUBA1C
KEGG_2026,TIGHT JUNCTION,STK11
KEGG_2026,TIGHT JUNCTION,TUBA1B
KEGG_2026,TIGHT JUNCTION,TUBA1A
KEGG_2026,TIGHT JUNCTION,PRKACG
KEGG_2026,TIGHT JUNCTION,PRKACB
KEGG_2026,TIGHT JUNCTION,RAB8A
KEGG_2026,TIGHT JUNCTION,CGNL1
KEGG_2026,TIGHT JUNCTION,MAP3K5
KEGG_2026,TIGHT JUNCTION,ACTN1
KEGG_2026,TIGHT JUNCTION,ARHGEF18
KEGG_2026,TIGHT JUNCTION,SCRIB
KEGG_2026,TIGHT JUNCTION,PRKCA
KEGG_2026,TIGHT JUNCTION,ACTN4
KEGG_2026,TIGHT JUNCTION,TUBA4A
KEGG_2026,TIGHT JUNCTION,RHOA
KEGG_2026,TIGHT JUNCTION,PARD3
KEGG_2026,TIGHT JUNCTION,CLDN19
KEGG_2026,TIGHT JUNCTION,MYH9
KEGG_2026,TIGHT JUNCTION,MYL9
KEGG_2026,TIGHT JUNCTION,CFTR
KEGG_2026,TIGHT JUNCTION,LLGL2
KEGG_2026,TIGHT JUNCTION,ROCK1
KEGG_2026,TIGHT JUNCTION,TUBAL3
KEGG_2026,TIGHT JUNCTION,SRC
KEGG_2026,TIGHT JUNCTION,ROCK2
KEGG_2026,TIGHT JUNCTION,WAS
KEGG_2026,TIGHT JUNCTION,NEDD4L
KEGG_2026,TIGHT JUNCTION,ARHGAP17
KEGG_2026,TIGHT JUNCTION,CD1D
KEGG_2026,TIGHT JUNCTION,PRKCZ
KEGG_2026,TIGHT JUNCTION,MYL12B
KEGG_2026,TIGHT JUNCTION,CDC42
KEGG_2026,TIGHT JUNCTION,TUBA3E
KEGG_2026,TIGHT JUNCTION,MAPK9
KEGG_2026,TIGHT JUNCTION,MAPK8
KEGG_2026,TIGHT JUNCTION,TUBA3D
KEGG_2026,TIGHT JUNCTION,PARD6A
KEGG_2026,TIGHT JUNCTION,ERBB2
KEGG_2026,TIGHT JUNCTION,VASP
KEGG_2026,TIGHT JUNCTION,JUN
KEGG_2026,TIGHT JUNCTION,MPP3
KEGG_2026,TIGHT JUNCTION,MPP4
KEGG_2026,TIGHT JUNCTION,MAP3K1
KEGG_2026,TIGHT JUNCTION,HSPA4
KEGG_2026,TIGHT JUNCTION,MSN
KEGG_2026,TIGHT JUNCTION,CGN
KEGG_2026,TIGHT JUNCTION,TJAP1
KEGG_2026,TIGHT JUNCTION,TJP1
KEGG_2026,TIGHT JUNCTION,NEDD4
KEGG_2026,TIGHT JUNCTION,RAB13
KEGG_2026,TIGHT JUNCTION,TUBA8
KEGG_2026,TIGHT JUNCTION,CRB3
KEGG_2026,TYPE II DIABETES MELLITUS,PDHX
KEGG_2026,TYPE II DIABETES MELLITUS,PKLR
KEGG_2026,TYPE II DIABETES MELLITUS,SLC2A2
KEGG_2026,TYPE II DIABETES MELLITUS,PIK3R3
KEGG_2026,TYPE II DIABETES MELLITUS,PIK3R2
KEGG_2026,TYPE II DIABETES MELLITUS,SLC2A4
KEGG_2026,TYPE II DIABETES MELLITUS,PIK3CB
KEGG_2026,TYPE II DIABETES MELLITUS,PIK3R1
KEGG_2026,TYPE II DIABETES MELLITUS,HOOK3
KEGG_2026,TYPE II DIABETES MELLITUS,PRKCZ
KEGG_2026,TYPE II DIABETES MELLITUS,TNF
KEGG_2026,TYPE II DIABETES MELLITUS,INS
KEGG_2026,TYPE II DIABETES MELLITUS,SOCS3
KEGG_2026,TYPE II DIABETES MELLITUS,MAPK9
KEGG_2026,TYPE II DIABETES MELLITUS,MAPK8
KEGG_2026,TYPE II DIABETES MELLITUS,SOCS1
KEGG_2026,TYPE II DIABETES MELLITUS,PKM
KEGG_2026,TYPE II DIABETES MELLITUS,HOOK2
KEGG_2026,TYPE II DIABETES MELLITUS,PIK3CA
KEGG_2026,TYPE II DIABETES MELLITUS,HKDC1
KEGG_2026,TYPE II DIABETES MELLITUS,MAPK1
KEGG_2026,TYPE II DIABETES MELLITUS,MAPK3
KEGG_2026,WNT SIGNALING PATHWAY,INVS
KEGG_2026,WNT SIGNALING PATHWAY,GSK3B
KEGG_2026,WNT SIGNALING PATHWAY,CHD8
KEGG_2026,WNT SIGNALING PATHWAY,CBY1
KEGG_2026,WNT SIGNALING PATHWAY,RORA
KEGG_2026,WNT SIGNALING PATHWAY,CCAR2
KEGG_2026,WNT SIGNALING PATHWAY,PPP3CB
KEGG_2026,WNT SIGNALING PATHWAY,PRKACG
KEGG_2026,WNT SIGNALING PATHWAY,MYC
KEGG_2026,WNT SIGNALING PATHWAY,RUVBL1
KEGG_2026,WNT SIGNALING PATHWAY,RAC2
KEGG_2026,WNT SIGNALING PATHWAY,EP300
KEGG_2026,WNT SIGNALING PATHWAY,PRKACB
KEGG_2026,WNT SIGNALING PATHWAY,SKP1
KEGG_2026,WNT SIGNALING PATHWAY,PRKCG
KEGG_2026,WNT SIGNALING PATHWAY,WNT5B
KEGG_2026,WNT SIGNALING PATHWAY,PRKCB
KEGG_2026,WNT SIGNALING PATHWAY,SERPINF1
KEGG_2026,WNT SIGNALING PATHWAY,NCOA3
KEGG_2026,WNT SIGNALING PATHWAY,WNT5A
KEGG_2026,WNT SIGNALING PATHWAY,PRKCA
KEGG_2026,WNT SIGNALING PATHWAY,SIRT1
KEGG_2026,WNT SIGNALING PATHWAY,RHOA
KEGG_2026,WNT SIGNALING PATHWAY,RBX1
KEGG_2026,WNT SIGNALING PATHWAY,PLCB3
KEGG_2026,WNT SIGNALING PATHWAY,PLCB4
KEGG_2026,WNT SIGNALING PATHWAY,TBL1XR1
KEGG_2026,WNT SIGNALING PATHWAY,PLCB1
KEGG_2026,WNT SIGNALING PATHWAY,TP53
KEGG_2026,WNT SIGNALING PATHWAY,PLCB2
KEGG_2026,WNT SIGNALING PATHWAY,CAMK2B
KEGG_2026,WNT SIGNALING PATHWAY,CAMK2D
KEGG_2026,WNT SIGNALING PATHWAY,CTBP2
KEGG_2026,WNT SIGNALING PATHWAY,CTBP1
KEGG_2026,WNT SIGNALING PATHWAY,ROCK2
KEGG_2026,WNT SIGNALING PATHWAY,CAMK2A
KEGG_2026,WNT SIGNALING PATHWAY,LRP5
KEGG_2026,WNT SIGNALING PATHWAY,MAPK9
KEGG_2026,WNT SIGNALING PATHWAY,MAPK8
KEGG_2026,WNT SIGNALING PATHWAY,WNT11
KEGG_2026,WNT SIGNALING PATHWAY,DVL1
KEGG_2026,WNT SIGNALING PATHWAY,DVL2
KEGG_2026,WNT SIGNALING PATHWAY,TBL1Y
KEGG_2026,WNT SIGNALING PATHWAY,TBL1X
KEGG_2026,WNT SIGNALING PATHWAY,CAMK2G
KEGG_2026,WNT SIGNALING PATHWAY,SMAD4
KEGG_2026,WNT SIGNALING PATHWAY,CREBBP
KEGG_2026,WNT SIGNALING PATHWAY,JUN
KEGG_2026,WNT SIGNALING PATHWAY,FZD2
KEGG_2026,WNT SIGNALING PATHWAY,FZD5
KEGG_2026,WNT SIGNALING PATHWAY,FZD4
KEGG_2026,WNT SIGNALING PATHWAY,FZD6
KEGG_2026,WNT SIGNALING PATHWAY,FOSL1
KEGG_2026,WNT SIGNALING PATHWAY,VANGL1
KEGG_2026,WNT SIGNALING PATHWAY,VANGL2
KEGG_2026,WNT SIGNALING PATHWAY,CTNNB1
KEGG_2026,WNT SIGNALING PATHWAY,LGR4
KEGG_2026,T CELL RECEPTOR SIGNALING PATHWAY,GSK3B
KEGG_2026,T CELL RECEPTOR SIGNALING PATHWAY,CSF2
KEGG_2026,T CELL RECEPTOR SIGNALING PATHWAY,PIK3R3
KEGG_2026,T CELL RECEPTOR SIGNALING PATHWAY,PIK3R2
KEGG_2026,T CELL RECEPTOR SIGNALING PATHWAY,PIK3R1
KEGG_2026,T CELL RECEPTOR SIGNALING PATHWAY,PIK3CB
KEGG_2026,T CELL RECEPTOR SIGNALING PATHWAY,TNF
KEGG_2026,T CELL RECEPTOR SIGNALING PATHWAY,RELA
KEGG_2026,T CELL RECEPTOR SIGNALING PATHWAY,CDC42
KEGG_2026,T CELL RECEPTOR SIGNALING PATHWAY,MAPK9
KEGG_2026,T CELL RECEPTOR SIGNALING PATHWAY,PPP3CB
KEGG_2026,T CELL RECEPTOR SIGNALING PATHWAY,MAPK8
KEGG_2026,T CELL RECEPTOR SIGNALING PATHWAY,NRAS
KEGG_2026,T CELL RECEPTOR SIGNALING PATHWAY,AKT2
KEGG_2026,T CELL RECEPTOR SIGNALING PATHWAY,AKT3
KEGG_2026,T CELL RECEPTOR SIGNALING PATHWAY,AKT1
KEGG_2026,T CELL RECEPTOR SIGNALING PATHWAY,MAPK1
KEGG_2026,T CELL RECEPTOR SIGNALING PATHWAY,FYN
KEGG_2026,T CELL RECEPTOR SIGNALING PATHWAY,PLCG1
KEGG_2026,T CELL RECEPTOR SIGNALING PATHWAY,HRAS
KEGG_2026,T CELL RECEPTOR SIGNALING PATHWAY,PAK4
KEGG_2026,T CELL RECEPTOR SIGNALING PATHWAY,MAPK3
KEGG_2026,T CELL RECEPTOR SIGNALING PATHWAY,IL10
KEGG_2026,T CELL RECEPTOR SIGNALING PATHWAY,MAP2K1
KEGG_2026,T CELL RECEPTOR SIGNALING PATHWAY,JUN
KEGG_2026,T CELL RECEPTOR SIGNALING PATHWAY,MAP2K2
KEGG_2026,T CELL RECEPTOR SIGNALING PATHWAY,MMAB
KEGG_2026,T CELL RECEPTOR SIGNALING PATHWAY,FOS
KEGG_2026,T CELL RECEPTOR SIGNALING PATHWAY,RHOA
KEGG_2026,T CELL RECEPTOR SIGNALING PATHWAY,IL4
KEGG_2026,T CELL RECEPTOR SIGNALING PATHWAY,NFKBIA
KEGG_2026,T CELL RECEPTOR SIGNALING PATHWAY,ZAP70
KEGG_2026,T CELL RECEPTOR SIGNALING PATHWAY,CD4
KEGG_2026,T CELL RECEPTOR SIGNALING PATHWAY,PTPRC
KEGG_2026,T CELL RECEPTOR SIGNALING PATHWAY,IFNG
KEGG_2026,T CELL RECEPTOR SIGNALING PATHWAY,PIK3CA
KEGG_2026,T CELL RECEPTOR SIGNALING PATHWAY,CD8A
KEGG_2026,T CELL RECEPTOR SIGNALING PATHWAY,LCK
KEGG_2026,T CELL RECEPTOR SIGNALING PATHWAY,SPNS1
KEGG_2026,T CELL RECEPTOR SIGNALING PATHWAY,GRB2
KEGG_2026,T CELL RECEPTOR SIGNALING PATHWAY,SOS1
KEGG_2026,T CELL RECEPTOR SIGNALING PATHWAY,ARHGEF7
KEGG_2026,T CELL RECEPTOR SIGNALING PATHWAY,SOS2
KEGG_2026,AUTOPHAGY - ANIMAL,PTEN
KEGG_2026,AUTOPHAGY - ANIMAL,WDR41
KEGG_2026,AUTOPHAGY - ANIMAL,PIK3CB
KEGG_2026,AUTOPHAGY - ANIMAL,STK11
KEGG_2026,AUTOPHAGY - ANIMAL,MAP1LC3B
KEGG_2026,AUTOPHAGY - ANIMAL,TBK1
KEGG_2026,AUTOPHAGY - ANIMAL,MAP1LC3A
KEGG_2026,AUTOPHAGY - ANIMAL,LAMP1
KEGG_2026,AUTOPHAGY - ANIMAL,AKT2
KEGG_2026,AUTOPHAGY - ANIMAL,PRKACG
KEGG_2026,AUTOPHAGY - ANIMAL,RB1CC1
KEGG_2026,AUTOPHAGY - ANIMAL,AKT3
KEGG_2026,AUTOPHAGY - ANIMAL,AKT1
KEGG_2026,AUTOPHAGY - ANIMAL,PRKACB
KEGG_2026,AUTOPHAGY - ANIMAL,HRAS
KEGG_2026,AUTOPHAGY - ANIMAL,CTSD
KEGG_2026,AUTOPHAGY - ANIMAL,VPS39
KEGG_2026,AUTOPHAGY - ANIMAL,RAB8A
KEGG_2026,AUTOPHAGY - ANIMAL,GABARAPL2
KEGG_2026,AUTOPHAGY - ANIMAL,ATG3
KEGG_2026,AUTOPHAGY - ANIMAL,GABARAPL1
KEGG_2026,AUTOPHAGY - ANIMAL,MAP2K1
KEGG_2026,AUTOPHAGY - ANIMAL,MAP2K2
KEGG_2026,AUTOPHAGY - ANIMAL,TSC1
KEGG_2026,AUTOPHAGY - ANIMAL,PRKCA
KEGG_2026,AUTOPHAGY - ANIMAL,ATG13
KEGG_2026,AUTOPHAGY - ANIMAL,PIK3CA
KEGG_2026,AUTOPHAGY - ANIMAL,ATG4B
KEGG_2026,AUTOPHAGY - ANIMAL,SMCR8
KEGG_2026,AUTOPHAGY - ANIMAL,RAB7B
KEGG_2026,AUTOPHAGY - ANIMAL,UBA52
KEGG_2026,AUTOPHAGY - ANIMAL,OPTN
KEGG_2026,AUTOPHAGY - ANIMAL,RAB7A
KEGG_2026,AUTOPHAGY - ANIMAL,PIK3R3
KEGG_2026,AUTOPHAGY - ANIMAL,PIK3R2
KEGG_2026,AUTOPHAGY - ANIMAL,PIK3R1
KEGG_2026,AUTOPHAGY - ANIMAL,AMBRA1
KEGG_2026,AUTOPHAGY - ANIMAL,HIF1A
KEGG_2026,AUTOPHAGY - ANIMAL,GABARAP
KEGG_2026,AUTOPHAGY - ANIMAL,INS
KEGG_2026,AUTOPHAGY - ANIMAL,MAPK9
KEGG_2026,AUTOPHAGY - ANIMAL,MAPK8
KEGG_2026,AUTOPHAGY - ANIMAL,NRAS
KEGG_2026,AUTOPHAGY - ANIMAL,UBB
KEGG_2026,AUTOPHAGY - ANIMAL,UBC
KEGG_2026,AUTOPHAGY - ANIMAL,MAPK1
KEGG_2026,AUTOPHAGY - ANIMAL,RPS27A
KEGG_2026,AUTOPHAGY - ANIMAL,ATG7
KEGG_2026,AUTOPHAGY - ANIMAL,VPS16
KEGG_2026,AUTOPHAGY - ANIMAL,MAPK3
KEGG_2026,AUTOPHAGY - ANIMAL,BNIP3
KEGG_2026,AUTOPHAGY - ANIMAL,EIF2AK3
KEGG_2026,AUTOPHAGY - ANIMAL,EIF2AK4
KEGG_2026,AUTOPHAGY - ANIMAL,EIF2S1
KEGG_2026,AUTOPHAGY - ANIMAL,RHEB
KEGG_2026,AUTOPHAGY - ANIMAL,BCL2
KEGG_2026,LIPOIC ACID METABOLISM,BCKDHA
KEGG_2026,LIPOIC ACID METABOLISM,PDHA2
KEGG_2026,LIPOIC ACID METABOLISM,PDHA1
KEGG_2026,LIPOIC ACID METABOLISM,BCKDHB
KEGG_2026,LIPOIC ACID METABOLISM,LDHD
KEGG_2026,LIPOIC ACID METABOLISM,DBT
KEGG_2026,LIPOIC ACID METABOLISM,OGDH
KEGG_2026,LIPOIC ACID METABOLISM,DLST
KEGG_2026,LIPOIC ACID METABOLISM,OGDHL
KEGG_2026,LIPOIC ACID METABOLISM,PDHB
KEGG_2026,LIPOIC ACID METABOLISM,DLAT
KEGG_2026,LIPOIC ACID METABOLISM,DHTKD1
KEGG_2026,"VALINE, LEUCINE AND ISOLEUCINE DEGRADATION",BCKDHA
KEGG_2026,"VALINE, LEUCINE AND ISOLEUCINE DEGRADATION",ACAA2
KEGG_2026,"VALINE, LEUCINE AND ISOLEUCINE DEGRADATION",ECHS1
KEGG_2026,"VALINE, LEUCINE AND ISOLEUCINE DEGRADATION",HMGCS1
KEGG_2026,"VALINE, LEUCINE AND ISOLEUCINE DEGRADATION",BCKDHB
KEGG_2026,"VALINE, LEUCINE AND ISOLEUCINE DEGRADATION",HSD17B10
KEGG_2026,"VALINE, LEUCINE AND ISOLEUCINE DEGRADATION",AACS
KEGG_2026,"VALINE, LEUCINE AND ISOLEUCINE DEGRADATION",HADHB
KEGG_2026,"VALINE, LEUCINE AND ISOLEUCINE DEGRADATION",IL4I1
KEGG_2026,"VALINE, LEUCINE AND ISOLEUCINE DEGRADATION",HMGCL
KEGG_2026,"VALINE, LEUCINE AND ISOLEUCINE DEGRADATION",HADHA
KEGG_2026,"VALINE, LEUCINE AND ISOLEUCINE DEGRADATION",LDHD
KEGG_2026,"VALINE, LEUCINE AND ISOLEUCINE DEGRADATION",DBT
KEGG_2026,"VALINE, LEUCINE AND ISOLEUCINE DEGRADATION",AOX1
KEGG_2026,"VALINE, LEUCINE AND ISOLEUCINE DEGRADATION",HMGCS2
KEGG_2026,"VALINE, LEUCINE AND ISOLEUCINE DEGRADATION",ACADM
KEGG_2026,"VALINE, LEUCINE AND ISOLEUCINE DEGRADATION",ACAA1
KEGG_2026,"VALINE, LEUCINE AND ISOLEUCINE DEGRADATION",BCAT1
KEGG_2026,"VALINE, LEUCINE AND ISOLEUCINE DEGRADATION",HMGCLL1
KEGG_2026,"VALINE, LEUCINE AND ISOLEUCINE DEGRADATION",ALDH7A1
KEGG_2026,"VALINE, LEUCINE AND ISOLEUCINE DEGRADATION",HIBCH
KEGG_2026,"VALINE, LEUCINE AND ISOLEUCINE DEGRADATION",BCAT2
KEGG_2026,PYRUVATE METABOLISM,PDHA2
KEGG_2026,PYRUVATE METABOLISM,ACSS2
KEGG_2026,PYRUVATE METABOLISM,PDHA1
KEGG_2026,PYRUVATE METABOLISM,ADH1C
KEGG_2026,PYRUVATE METABOLISM,PKLR
KEGG_2026,PYRUVATE METABOLISM,ADH1B
KEGG_2026,PYRUVATE METABOLISM,MDH2
KEGG_2026,PYRUVATE METABOLISM,GLO1
KEGG_2026,PYRUVATE METABOLISM,ADH1A
KEGG_2026,PYRUVATE METABOLISM,PDHB
KEGG_2026,PYRUVATE METABOLISM,ADH7
KEGG_2026,PYRUVATE METABOLISM,ADH5
KEGG_2026,PYRUVATE METABOLISM,ADH6
KEGG_2026,PYRUVATE METABOLISM,GRHPR
KEGG_2026,PYRUVATE METABOLISM,LDHA
KEGG_2026,PYRUVATE METABOLISM,PKM
KEGG_2026,PYRUVATE METABOLISM,LDHD
KEGG_2026,PYRUVATE METABOLISM,DLAT
KEGG_2026,PYRUVATE METABOLISM,ACSS1
KEGG_2026,PYRUVATE METABOLISM,ALDH7A1
KEGG_2026,PYRUVATE METABOLISM,PCK2
KEGG_2026,FATTY ACID DEGRADATION,GCDH
KEGG_2026,FATTY ACID DEGRADATION,ACAA2
KEGG_2026,FATTY ACID DEGRADATION,ECHS1
KEGG_2026,FATTY ACID DEGRADATION,ADH1C
KEGG_2026,FATTY ACID DEGRADATION,ADH1B
KEGG_2026,FATTY ACID DEGRADATION,ADH1A
KEGG_2026,FATTY ACID DEGRADATION,ECI1
KEGG_2026,FATTY ACID DEGRADATION,ECI2
KEGG_2026,FATTY ACID DEGRADATION,ACSL3
KEGG_2026,FATTY ACID DEGRADATION,ADH7
KEGG_2026,FATTY ACID DEGRADATION,ADH5
KEGG_2026,FATTY ACID DEGRADATION,ADH6
KEGG_2026,FATTY ACID DEGRADATION,HADHB
KEGG_2026,FATTY ACID DEGRADATION,HADHA
KEGG_2026,FATTY ACID DEGRADATION,CYP2U1
KEGG_2026,FATTY ACID DEGRADATION,ACADM
KEGG_2026,FATTY ACID DEGRADATION,ACOX3
KEGG_2026,FATTY ACID DEGRADATION,ACAA1
KEGG_2026,FATTY ACID DEGRADATION,ALDH7A1
KEGG_2026,FATTY ACID DEGRADATION,ACSBG2
KEGG_2026,RNA DEGRADATION,ENO1
KEGG_2026,RNA DEGRADATION,TENT4A
KEGG_2026,RNA DEGRADATION,ENO2
KEGG_2026,RNA DEGRADATION,ENO3
KEGG_2026,RNA DEGRADATION,HSPD1
KEGG_2026,RNA DEGRADATION,EDC4
KEGG_2026,RNA DEGRADATION,EXOSC10
KEGG_2026,RNA DEGRADATION,EXOSC9
KEGG_2026,RNA DEGRADATION,DHX36
KEGG_2026,RNA DEGRADATION,MTREX
KEGG_2026,RNA DEGRADATION,NUDT16
KEGG_2026,RNA DEGRADATION,EXOSC2
KEGG_2026,RNA DEGRADATION,HSPA9
KEGG_2026,RNA DEGRADATION,PNPT1
KEGG_2026,RNA DEGRADATION,LSM1
KEGG_2026,RNA DEGRADATION,LSM5
KEGG_2026,RNA DEGRADATION,LSM4
KEGG_2026,RNA DEGRADATION,PATL1
KEGG_2026,RNA DEGRADATION,LSM3
KEGG_2026,RNA DEGRADATION,LSM2
KEGG_2026,RNA DEGRADATION,LSM8
KEGG_2026,RNA DEGRADATION,PFKL
KEGG_2026,RNA DEGRADATION,LSM7
KEGG_2026,RNA DEGRADATION,LSM6
KEGG_2026,RNA DEGRADATION,CNOT1
KEGG_2026,RNA DEGRADATION,XRN2
KEGG_2026,RNA DEGRADATION,CNOT3
KEGG_2026,RNA DEGRADATION,PABPC3
KEGG_2026,RNA DEGRADATION,PABPC1
KEGG_2026,RNA DEGRADATION,PFKM
KEGG_2026,RNA DEGRADATION,PFKP
KEGG_2026,MTOR SIGNALING PATHWAY,GSK3B
KEGG_2026,MTOR SIGNALING PATHWAY,CAB39L
KEGG_2026,MTOR SIGNALING PATHWAY,PTEN
KEGG_2026,MTOR SIGNALING PATHWAY,PIK3CB
KEGG_2026,MTOR SIGNALING PATHWAY,TNF
KEGG_2026,MTOR SIGNALING PATHWAY,STK11
KEGG_2026,MTOR SIGNALING PATHWAY,AKT2
KEGG_2026,MTOR SIGNALING PATHWAY,AKT3
KEGG_2026,MTOR SIGNALING PATHWAY,AKT1
KEGG_2026,MTOR SIGNALING PATHWAY,HRAS
KEGG_2026,MTOR SIGNALING PATHWAY,PRKCG
KEGG_2026,MTOR SIGNALING PATHWAY,MAP2K1
KEGG_2026,MTOR SIGNALING PATHWAY,SEC13
KEGG_2026,MTOR SIGNALING PATHWAY,MAP2K2
KEGG_2026,MTOR SIGNALING PATHWAY,WNT5B
KEGG_2026,MTOR SIGNALING PATHWAY,PRKCB
KEGG_2026,MTOR SIGNALING PATHWAY,WNT5A
KEGG_2026,MTOR SIGNALING PATHWAY,TSC1
KEGG_2026,MTOR SIGNALING PATHWAY,PRKCA
KEGG_2026,MTOR SIGNALING PATHWAY,RHOA
KEGG_2026,MTOR SIGNALING PATHWAY,TNFRSF1A
KEGG_2026,MTOR SIGNALING PATHWAY,SLC7A5
KEGG_2026,MTOR SIGNALING PATHWAY,PIK3CA
KEGG_2026,MTOR SIGNALING PATHWAY,SOS1
KEGG_2026,MTOR SIGNALING PATHWAY,SOS2
KEGG_2026,MTOR SIGNALING PATHWAY,TELO2
KEGG_2026,MTOR SIGNALING PATHWAY,SEH1L
KEGG_2026,MTOR SIGNALING PATHWAY,NPRL3
KEGG_2026,MTOR SIGNALING PATHWAY,LRP5
KEGG_2026,MTOR SIGNALING PATHWAY,PIK3R3
KEGG_2026,MTOR SIGNALING PATHWAY,PIK3R2
KEGG_2026,MTOR SIGNALING PATHWAY,SLC3A2
KEGG_2026,MTOR SIGNALING PATHWAY,PIK3R1
KEGG_2026,MTOR SIGNALING PATHWAY,WDR24
KEGG_2026,MTOR SIGNALING PATHWAY,INS
KEGG_2026,MTOR SIGNALING PATHWAY,NRAS
KEGG_2026,MTOR SIGNALING PATHWAY,WNT11
KEGG_2026,MTOR SIGNALING PATHWAY,DVL1
KEGG_2026,MTOR SIGNALING PATHWAY,DVL2
KEGG_2026,MTOR SIGNALING PATHWAY,MAPK1
KEGG_2026,MTOR SIGNALING PATHWAY,SLC38A9
KEGG_2026,MTOR SIGNALING PATHWAY,EIF4B
KEGG_2026,MTOR SIGNALING PATHWAY,MAPK3
KEGG_2026,MTOR SIGNALING PATHWAY,FZD2
KEGG_2026,MTOR SIGNALING PATHWAY,FZD5
KEGG_2026,MTOR SIGNALING PATHWAY,FZD4
KEGG_2026,MTOR SIGNALING PATHWAY,FZD6
KEGG_2026,MTOR SIGNALING PATHWAY,BRAF
KEGG_2026,MTOR SIGNALING PATHWAY,RHEB
KEGG_2026,MTOR SIGNALING PATHWAY,GRB2
KEGG_2026,MTOR SIGNALING PATHWAY,LAMTOR1
KEGG_2026,MTOR SIGNALING PATHWAY,LPIN2
KEGG_2026,MELANOMA,ARAF
KEGG_2026,MELANOMA,PTEN
KEGG_2026,MELANOMA,PIK3R3
KEGG_2026,MELANOMA,PIK3R2
KEGG_2026,MELANOMA,PIK3CB
KEGG_2026,MELANOMA,PIK3R1
KEGG_2026,MELANOMA,EGFR
KEGG_2026,MELANOMA,FZR1
KEGG_2026,MELANOMA,NRAS
KEGG_2026,MELANOMA,AKT2
KEGG_2026,MELANOMA,AKT3
KEGG_2026,MELANOMA,PDGFC
KEGG_2026,MELANOMA,AKT1
KEGG_2026,MELANOMA,MAPK1
KEGG_2026,MELANOMA,HRAS
KEGG_2026,MELANOMA,MAPK3
KEGG_2026,MELANOMA,PDGFRB
KEGG_2026,MELANOMA,MAP2K1
KEGG_2026,MELANOMA,MAP2K2
KEGG_2026,MELANOMA,CDKN2A
KEGG_2026,MELANOMA,MITF
KEGG_2026,MELANOMA,BRAF
KEGG_2026,MELANOMA,PIK3CA
KEGG_2026,MELANOMA,SLTM
KEGG_2026,MELANOMA,MDM2
KEGG_2026,MELANOMA,BAX
KEGG_2026,MELANOMA,SOS1
KEGG_2026,MELANOMA,TP53
KEGG_2026,MELANOMA,FGFR1
KEGG_2026,BLADDER CANCER,MAP2K1
KEGG_2026,BLADDER CANCER,MAP2K2
KEGG_2026,BLADDER CANCER,SRC
KEGG_2026,BLADDER CANCER,CDKN2A
KEGG_2026,BLADDER CANCER,ARAF
KEGG_2026,BLADDER CANCER,BRAF
KEGG_2026,BLADDER CANCER,THBS1
KEGG_2026,BLADDER CANCER,EGFR
KEGG_2026,BLADDER CANCER,FZR1
KEGG_2026,BLADDER CANCER,NRAS
KEGG_2026,BLADDER CANCER,RPS6KA5
KEGG_2026,BLADDER CANCER,SCO2
KEGG_2026,BLADDER CANCER,MYC
KEGG_2026,BLADDER CANCER,ERBB2
KEGG_2026,BLADDER CANCER,MDM2
KEGG_2026,BLADDER CANCER,MAPK1
KEGG_2026,BLADDER CANCER,HRAS
KEGG_2026,BLADDER CANCER,TP53
KEGG_2026,BLADDER CANCER,MAPK3
KEGG_2026,AFRICAN TRYPANOSOMIASIS,IL10
KEGG_2026,AFRICAN TRYPANOSOMIASIS,PRKCG
KEGG_2026,AFRICAN TRYPANOSOMIASIS,PRKCB
KEGG_2026,AFRICAN TRYPANOSOMIASIS,PRKCA
KEGG_2026,AFRICAN TRYPANOSOMIASIS,TNF
KEGG_2026,AFRICAN TRYPANOSOMIASIS,ICAM1
KEGG_2026,AFRICAN TRYPANOSOMIASIS,IL6
KEGG_2026,AFRICAN TRYPANOSOMIASIS,PLCB3
KEGG_2026,AFRICAN TRYPANOSOMIASIS,PLCB4
KEGG_2026,AFRICAN TRYPANOSOMIASIS,IFNG
KEGG_2026,AFRICAN TRYPANOSOMIASIS,IL1B
KEGG_2026,AFRICAN TRYPANOSOMIASIS,GNAQ
KEGG_2026,AFRICAN TRYPANOSOMIASIS,FASN
KEGG_2026,AFRICAN TRYPANOSOMIASIS,NPPA
KEGG_2026,AFRICAN TRYPANOSOMIASIS,APOL1
KEGG_2026,AFRICAN TRYPANOSOMIASIS,PLCB1
KEGG_2026,AFRICAN TRYPANOSOMIASIS,PLCB2
KEGG_2026,AFRICAN TRYPANOSOMIASIS,MYD88
KEGG_2026,FC GAMMA R-MEDIATED PHAGOCYTOSIS,WAS
KEGG_2026,FC GAMMA R-MEDIATED PHAGOCYTOSIS,PIK3R3
KEGG_2026,FC GAMMA R-MEDIATED PHAGOCYTOSIS,PIK3R2
KEGG_2026,FC GAMMA R-MEDIATED PHAGOCYTOSIS,ASAP1
KEGG_2026,FC GAMMA R-MEDIATED PHAGOCYTOSIS,PIK3R1
KEGG_2026,FC GAMMA R-MEDIATED PHAGOCYTOSIS,PIK3CB
KEGG_2026,FC GAMMA R-MEDIATED PHAGOCYTOSIS,PLA2G6
KEGG_2026,FC GAMMA R-MEDIATED PHAGOCYTOSIS,CDC42
KEGG_2026,FC GAMMA R-MEDIATED PHAGOCYTOSIS,SCIN
KEGG_2026,FC GAMMA R-MEDIATED PHAGOCYTOSIS,FCGR3B
KEGG_2026,FC GAMMA R-MEDIATED PHAGOCYTOSIS,AKT2
KEGG_2026,FC GAMMA R-MEDIATED PHAGOCYTOSIS,AKT3
KEGG_2026,FC GAMMA R-MEDIATED PHAGOCYTOSIS,PLCG2
KEGG_2026,FC GAMMA R-MEDIATED PHAGOCYTOSIS,RAC2
KEGG_2026,FC GAMMA R-MEDIATED PHAGOCYTOSIS,AKT1
KEGG_2026,FC GAMMA R-MEDIATED PHAGOCYTOSIS,PIP5K1A
KEGG_2026,FC GAMMA R-MEDIATED PHAGOCYTOSIS,MAPK1
KEGG_2026,FC GAMMA R-MEDIATED PHAGOCYTOSIS,PIP5K1B
KEGG_2026,FC GAMMA R-MEDIATED PHAGOCYTOSIS,PLCG1
KEGG_2026,FC GAMMA R-MEDIATED PHAGOCYTOSIS,PIP5K1C
KEGG_2026,FC GAMMA R-MEDIATED PHAGOCYTOSIS,FCGR1A
KEGG_2026,FC GAMMA R-MEDIATED PHAGOCYTOSIS,MAPK3
KEGG_2026,FC GAMMA R-MEDIATED PHAGOCYTOSIS,PRKCG
KEGG_2026,FC GAMMA R-MEDIATED PHAGOCYTOSIS,VASP
KEGG_2026,FC GAMMA R-MEDIATED PHAGOCYTOSIS,MAP2K1
KEGG_2026,FC GAMMA R-MEDIATED PHAGOCYTOSIS,GSN
KEGG_2026,FC GAMMA R-MEDIATED PHAGOCYTOSIS,PRKCB
KEGG_2026,FC GAMMA R-MEDIATED PHAGOCYTOSIS,PRKCA
KEGG_2026,FC GAMMA R-MEDIATED PHAGOCYTOSIS,DNM2
KEGG_2026,FC GAMMA R-MEDIATED PHAGOCYTOSIS,PTPRC
KEGG_2026,FC GAMMA R-MEDIATED PHAGOCYTOSIS,PIK3CA
KEGG_2026,FC GAMMA R-MEDIATED PHAGOCYTOSIS,SPNS1
KEGG_2026,FC GAMMA R-MEDIATED PHAGOCYTOSIS,PLPP3
KEGG_2026,FC GAMMA R-MEDIATED PHAGOCYTOSIS,PLPP2
KEGG_2026,FC GAMMA R-MEDIATED PHAGOCYTOSIS,DOCK1
KEGG_2026,FC GAMMA R-MEDIATED PHAGOCYTOSIS,PLPP1
KEGG_2026,FERROPTOSIS,STEAP3
KEGG_2026,FERROPTOSIS,TFRC
KEGG_2026,FERROPTOSIS,GPX4
KEGG_2026,FERROPTOSIS,SLC11A2
KEGG_2026,FERROPTOSIS,NCOA4
KEGG_2026,FERROPTOSIS,SLC40A1
KEGG_2026,FERROPTOSIS,SLC3A2
KEGG_2026,FERROPTOSIS,ACSL3
KEGG_2026,FERROPTOSIS,MAP1LC3B
KEGG_2026,FERROPTOSIS,MAP1LC3A
KEGG_2026,FERROPTOSIS,FTH1
KEGG_2026,FERROPTOSIS,PCBP1
KEGG_2026,FERROPTOSIS,PCBP2
KEGG_2026,FERROPTOSIS,VDAC3
KEGG_2026,FERROPTOSIS,HMOX1
KEGG_2026,FERROPTOSIS,VDAC2
KEGG_2026,FERROPTOSIS,SLC39A8
KEGG_2026,FERROPTOSIS,ATG7
KEGG_2026,FERROPTOSIS,TP53
KEGG_2026,LYSOSOME,SCARB2
KEGG_2026,LYSOSOME,IDUA
KEGG_2026,LYSOSOME,CLTC
KEGG_2026,LYSOSOME,NAGPA
KEGG_2026,LYSOSOME,GNS
KEGG_2026,LYSOSOME,SGSH
KEGG_2026,LYSOSOME,CLN5
KEGG_2026,LYSOSOME,MFSD8
KEGG_2026,LYSOSOME,CLN3
KEGG_2026,LYSOSOME,GGA1
KEGG_2026,LYSOSOME,AP3M1
KEGG_2026,LYSOSOME,NAGLU
KEGG_2026,LYSOSOME,LAMP1
KEGG_2026,LYSOSOME,GNPTAB
KEGG_2026,LYSOSOME,AP1G1
KEGG_2026,LYSOSOME,SMPD1
KEGG_2026,LYSOSOME,CLTCL1
KEGG_2026,LYSOSOME,IDS
KEGG_2026,LYSOSOME,CTSH
KEGG_2026,LYSOSOME,ARSG
KEGG_2026,LYSOSOME,CTSF
KEGG_2026,LYSOSOME,AGA
KEGG_2026,LYSOSOME,GUSB
KEGG_2026,LYSOSOME,CTSD
KEGG_2026,LYSOSOME,ATP6V0A1
KEGG_2026,LYSOSOME,HGSNAT
KEGG_2026,LYSOSOME,ENTPD4
KEGG_2026,LYSOSOME,FUCA1
KEGG_2026,LYSOSOME,GAA
KEGG_2026,LYSOSOME,SLC11A2
KEGG_2026,LYSOSOME,CTNS
KEGG_2026,LYSOSOME,AP3B1
KEGG_2026,LYSOSOME,MCOLN1
KEGG_2026,LYSOSOME,SUMF1
KEGG_2026,LYSOSOME,GALNS
KEGG_2026,LYSOSOME,GNPTG
KEGG_2026,LYSOSOME,NPC1
KEGG_2026,LYSOSOME,NPC2
KEGG_2026,LYSOSOME,GLB1
KEGG_2026,LYSOSOME,PPT1
KEGG_2026,LYSOSOME,MAN2B1
KEGG_2026,LYSOSOME,PPT2
KEGG_2026,LYSOSOME,CD68
KEGG_2026,LYSOSOME,SPAM1
KEGG_2026,LYSOSOME,LGMN
KEGG_2026,CELLULAR SENESCENCE,MRE11
KEGG_2026,CELLULAR SENESCENCE,CALML5
KEGG_2026,CELLULAR SENESCENCE,CALML6
KEGG_2026,CELLULAR SENESCENCE,PTEN
KEGG_2026,CELLULAR SENESCENCE,CALML3
KEGG_2026,CELLULAR SENESCENCE,CALML4
KEGG_2026,CELLULAR SENESCENCE,PIK3CB
KEGG_2026,CELLULAR SENESCENCE,PPP1CB
KEGG_2026,CELLULAR SENESCENCE,PPP1CC
KEGG_2026,CELLULAR SENESCENCE,PPP3CB
KEGG_2026,CELLULAR SENESCENCE,AKT2
KEGG_2026,CELLULAR SENESCENCE,MYC
KEGG_2026,CELLULAR SENESCENCE,CHEK2
KEGG_2026,CELLULAR SENESCENCE,AKT3
KEGG_2026,CELLULAR SENESCENCE,AKT1
KEGG_2026,CELLULAR SENESCENCE,CAPN1
KEGG_2026,CELLULAR SENESCENCE,HRAS
KEGG_2026,CELLULAR SENESCENCE,MAP2K1
KEGG_2026,CELLULAR SENESCENCE,MAP2K2
KEGG_2026,CELLULAR SENESCENCE,HLA-B
KEGG_2026,CELLULAR SENESCENCE,TSC1
KEGG_2026,CELLULAR SENESCENCE,HLA-A
KEGG_2026,CELLULAR SENESCENCE,SIRT1
KEGG_2026,CELLULAR SENESCENCE,TGFBR1
KEGG_2026,CELLULAR SENESCENCE,TGFBR2
KEGG_2026,CELLULAR SENESCENCE,PIK3CA
KEGG_2026,CELLULAR SENESCENCE,VDAC3
KEGG_2026,CELLULAR SENESCENCE,VDAC2
KEGG_2026,CELLULAR SENESCENCE,VDAC1
KEGG_2026,CELLULAR SENESCENCE,SLC25A5
KEGG_2026,CELLULAR SENESCENCE,TP53
KEGG_2026,CELLULAR SENESCENCE,SLC25A4
KEGG_2026,CELLULAR SENESCENCE,SLC25A6
KEGG_2026,CELLULAR SENESCENCE,PIK3R3
KEGG_2026,CELLULAR SENESCENCE,PIK3R2
KEGG_2026,CELLULAR SENESCENCE,PIK3R1
KEGG_2026,CELLULAR SENESCENCE,RELA
KEGG_2026,CELLULAR SENESCENCE,CCNB3
KEGG_2026,CELLULAR SENESCENCE,NRAS
KEGG_2026,CELLULAR SENESCENCE,MAPK1
KEGG_2026,CELLULAR SENESCENCE,MAPK3
KEGG_2026,CELLULAR SENESCENCE,TGFB1
KEGG_2026,CELLULAR SENESCENCE,CDKN2A
KEGG_2026,CELLULAR SENESCENCE,HIPK2
KEGG_2026,CELLULAR SENESCENCE,PPP1CA
KEGG_2026,CELLULAR SENESCENCE,IL6
KEGG_2026,CELLULAR SENESCENCE,RHEB
KEGG_2026,CELLULAR SENESCENCE,MDM2
KEGG_2026,CELLULAR SENESCENCE,CALM3
KEGG_2026,CELLULAR SENESCENCE,CALM1
KEGG_2026,CELLULAR SENESCENCE,CALM2
KEGG_2026,TYROSINE METABOLISM,AOC3
KEGG_2026,TYROSINE METABOLISM,GOT1L1
KEGG_2026,TYROSINE METABOLISM,AOC2
KEGG_2026,TYROSINE METABOLISM,ADH1C
KEGG_2026,TYROSINE METABOLISM,MAOB
KEGG_2026,TYROSINE METABOLISM,ADH1B
KEGG_2026,TYROSINE METABOLISM,ADH1A
KEGG_2026,TYROSINE METABOLISM,GOT2
KEGG_2026,TYROSINE METABOLISM,ADH7
KEGG_2026,TYROSINE METABOLISM,TYR
KEGG_2026,TYROSINE METABOLISM,ADH5
KEGG_2026,TYROSINE METABOLISM,ADH6
KEGG_2026,TYROSINE METABOLISM,IL4I1
KEGG_2026,TYROSINE METABOLISM,DCT
KEGG_2026,TYROSINE METABOLISM,TH
KEGG_2026,TYROSINE METABOLISM,AOX1
KEGG_2026,TYROSINE METABOLISM,HPD
KEGG_2026,THYROID CANCER,MAP2K1
KEGG_2026,THYROID CANCER,MAP2K2
KEGG_2026,THYROID CANCER,TPM3
KEGG_2026,THYROID CANCER,NCOA4
KEGG_2026,THYROID CANCER,BRAF
KEGG_2026,THYROID CANCER,FZR1
KEGG_2026,THYROID CANCER,NRAS
KEGG_2026,THYROID CANCER,MYC
KEGG_2026,THYROID CANCER,TPR
KEGG_2026,THYROID CANCER,MAPK1
KEGG_2026,THYROID CANCER,BAX
KEGG_2026,THYROID CANCER,CTNNB1
KEGG_2026,THYROID CANCER,PPARG
KEGG_2026,THYROID CANCER,HRAS
KEGG_2026,THYROID CANCER,RXRG
KEGG_2026,THYROID CANCER,TP53
KEGG_2026,THYROID CANCER,MAPK3
KEGG_2026,GASTRIC CANCER,GSK3B
KEGG_2026,GASTRIC CANCER,ARAF
KEGG_2026,GASTRIC CANCER,LRP5
KEGG_2026,GASTRIC CANCER,PIK3R3
KEGG_2026,GASTRIC CANCER,PIK3R2
KEGG_2026,GASTRIC CANCER,PIK3R1
KEGG_2026,GASTRIC CANCER,PIK3CB
KEGG_2026,GASTRIC CANCER,EGFR
KEGG_2026,GASTRIC CANCER,SHH
KEGG_2026,GASTRIC CANCER,FZR1
KEGG_2026,GASTRIC CANCER,NRAS
KEGG_2026,GASTRIC CANCER,WNT11
KEGG_2026,GASTRIC CANCER,TERT
KEGG_2026,GASTRIC CANCER,AKT2
KEGG_2026,GASTRIC CANCER,MYC
KEGG_2026,GASTRIC CANCER,AKT3
KEGG_2026,GASTRIC CANCER,DVL1
KEGG_2026,GASTRIC CANCER,ERBB2
KEGG_2026,GASTRIC CANCER,DVL2
KEGG_2026,GASTRIC CANCER,AKT1
KEGG_2026,GASTRIC CANCER,MAPK1
KEGG_2026,GASTRIC CANCER,HRAS
KEGG_2026,GASTRIC CANCER,RXRG
KEGG_2026,GASTRIC CANCER,MAPK3
KEGG_2026,GASTRIC CANCER,MAP2K1
KEGG_2026,GASTRIC CANCER,SMAD4
KEGG_2026,GASTRIC CANCER,MAP2K2
KEGG_2026,GASTRIC CANCER,FZD2
KEGG_2026,GASTRIC CANCER,TGFB1
KEGG_2026,GASTRIC CANCER,WNT5B
KEGG_2026,GASTRIC CANCER,FZD5
KEGG_2026,GASTRIC CANCER,JUP
KEGG_2026,GASTRIC CANCER,FZD4
KEGG_2026,GASTRIC CANCER,WNT5A
KEGG_2026,GASTRIC CANCER,FZD6
KEGG_2026,GASTRIC CANCER,BRAF
KEGG_2026,GASTRIC CANCER,TGFBR1
KEGG_2026,GASTRIC CANCER,TGFBR2
KEGG_2026,GASTRIC CANCER,SLTM
KEGG_2026,GASTRIC CANCER,PIK3CA
KEGG_2026,GASTRIC CANCER,BCL2
KEGG_2026,GASTRIC CANCER,RARB
KEGG_2026,GASTRIC CANCER,BAX
KEGG_2026,GASTRIC CANCER,CTNNB1
KEGG_2026,GASTRIC CANCER,GRB2
KEGG_2026,GASTRIC CANCER,SOS1
KEGG_2026,GASTRIC CANCER,TP53
KEGG_2026,GASTRIC CANCER,SOS2
KEGG_2026,MRNA SURVEILLANCE PATHWAY,HBS1L
KEGG_2026,MRNA SURVEILLANCE PATHWAY,RBM8A
KEGG_2026,MRNA SURVEILLANCE PATHWAY,EIF4A3
KEGG_2026,MRNA SURVEILLANCE PATHWAY,CSTF2
KEGG_2026,MRNA SURVEILLANCE PATHWAY,CASC3
KEGG_2026,MRNA SURVEILLANCE PATHWAY,SMG6
KEGG_2026,MRNA SURVEILLANCE PATHWAY,PPP1CB
KEGG_2026,MRNA SURVEILLANCE PATHWAY,PPP1CC
KEGG_2026,MRNA SURVEILLANCE PATHWAY,PNN
KEGG_2026,MRNA SURVEILLANCE PATHWAY,PABPN1
KEGG_2026,MRNA SURVEILLANCE PATHWAY,PCF11
KEGG_2026,MRNA SURVEILLANCE PATHWAY,PAPOLA
KEGG_2026,MRNA SURVEILLANCE PATHWAY,SAP18
KEGG_2026,MRNA SURVEILLANCE PATHWAY,PELO
KEGG_2026,MRNA SURVEILLANCE PATHWAY,UPF1
KEGG_2026,MRNA SURVEILLANCE PATHWAY,CPSF7
KEGG_2026,MRNA SURVEILLANCE PATHWAY,CPSF6
KEGG_2026,MRNA SURVEILLANCE PATHWAY,CPSF1
KEGG_2026,MRNA SURVEILLANCE PATHWAY,NCBP1
KEGG_2026,MRNA SURVEILLANCE PATHWAY,FUS
KEGG_2026,MRNA SURVEILLANCE PATHWAY,NCBP2
KEGG_2026,MRNA SURVEILLANCE PATHWAY,ALYREF
KEGG_2026,MRNA SURVEILLANCE PATHWAY,UPF3B
KEGG_2026,MRNA SURVEILLANCE PATHWAY,MAGOHB
KEGG_2026,MRNA SURVEILLANCE PATHWAY,SRRM1
KEGG_2026,MRNA SURVEILLANCE PATHWAY,WDR33
KEGG_2026,MRNA SURVEILLANCE PATHWAY,PPP1CA
KEGG_2026,MRNA SURVEILLANCE PATHWAY,DDX19A
KEGG_2026,MRNA SURVEILLANCE PATHWAY,NUDT21
KEGG_2026,MRNA SURVEILLANCE PATHWAY,DDX39B
KEGG_2026,MRNA SURVEILLANCE PATHWAY,NCBP2L
KEGG_2026,MRNA SURVEILLANCE PATHWAY,PABPC3
KEGG_2026,MRNA SURVEILLANCE PATHWAY,ACIN1
KEGG_2026,MRNA SURVEILLANCE PATHWAY,RNPS1
KEGG_2026,MRNA SURVEILLANCE PATHWAY,PABPC1
KEGG_2026,MRNA SURVEILLANCE PATHWAY,TARDBP
KEGG_2026,ADIPOCYTOKINE SIGNALING PATHWAY,SLC2A1
KEGG_2026,ADIPOCYTOKINE SIGNALING PATHWAY,SLC2A4
KEGG_2026,ADIPOCYTOKINE SIGNALING PATHWAY,TNF
KEGG_2026,ADIPOCYTOKINE SIGNALING PATHWAY,RELA
KEGG_2026,ADIPOCYTOKINE SIGNALING PATHWAY,SOCS3
KEGG_2026,ADIPOCYTOKINE SIGNALING PATHWAY,MAPK9
KEGG_2026,ADIPOCYTOKINE SIGNALING PATHWAY,STK11
KEGG_2026,ADIPOCYTOKINE SIGNALING PATHWAY,MAPK8
KEGG_2026,ADIPOCYTOKINE SIGNALING PATHWAY,AKT2
KEGG_2026,ADIPOCYTOKINE SIGNALING PATHWAY,NPY
KEGG_2026,ADIPOCYTOKINE SIGNALING PATHWAY,AKT3
KEGG_2026,ADIPOCYTOKINE SIGNALING PATHWAY,AKT1
KEGG_2026,ADIPOCYTOKINE SIGNALING PATHWAY,CD36
KEGG_2026,ADIPOCYTOKINE SIGNALING PATHWAY,JAK2
KEGG_2026,ADIPOCYTOKINE SIGNALING PATHWAY,PPARGC1A
KEGG_2026,ADIPOCYTOKINE SIGNALING PATHWAY,RXRG
KEGG_2026,ADIPOCYTOKINE SIGNALING PATHWAY,APPL1
KEGG_2026,ADIPOCYTOKINE SIGNALING PATHWAY,PCK2
KEGG_2026,ADIPOCYTOKINE SIGNALING PATHWAY,STAT3
KEGG_2026,ADIPOCYTOKINE SIGNALING PATHWAY,ACSL3
KEGG_2026,ADIPOCYTOKINE SIGNALING PATHWAY,TNFRSF1A
KEGG_2026,ADIPOCYTOKINE SIGNALING PATHWAY,POMC
KEGG_2026,ADIPOCYTOKINE SIGNALING PATHWAY,NFKBIA
KEGG_2026,ADIPOCYTOKINE SIGNALING PATHWAY,G6PC2
KEGG_2026,ADIPOCYTOKINE SIGNALING PATHWAY,G6PC3
KEGG_2026,ADIPOCYTOKINE SIGNALING PATHWAY,LEP
KEGG_2026,ADIPOCYTOKINE SIGNALING PATHWAY,ACSBG2
KEGG_2026,NEUTROPHIL EXTRACELLULAR TRAP FORMATION,H2AX
KEGG_2026,NEUTROPHIL EXTRACELLULAR TRAP FORMATION,ITGAM
KEGG_2026,NEUTROPHIL EXTRACELLULAR TRAP FORMATION,PIK3CB
KEGG_2026,NEUTROPHIL EXTRACELLULAR TRAP FORMATION,FCGR3B
KEGG_2026,NEUTROPHIL EXTRACELLULAR TRAP FORMATION,AKT2
KEGG_2026,NEUTROPHIL EXTRACELLULAR TRAP FORMATION,H2BC21
KEGG_2026,NEUTROPHIL EXTRACELLULAR TRAP FORMATION,AKT3
KEGG_2026,NEUTROPHIL EXTRACELLULAR TRAP FORMATION,RAC2
KEGG_2026,NEUTROPHIL EXTRACELLULAR TRAP FORMATION,AKT1
KEGG_2026,NEUTROPHIL EXTRACELLULAR TRAP FORMATION,H3-3A
KEGG_2026,NEUTROPHIL EXTRACELLULAR TRAP FORMATION,H3-3B
KEGG_2026,NEUTROPHIL EXTRACELLULAR TRAP FORMATION,PRKCG
KEGG_2026,NEUTROPHIL EXTRACELLULAR TRAP FORMATION,MAP2K1
KEGG_2026,NEUTROPHIL EXTRACELLULAR TRAP FORMATION,MAP2K2
KEGG_2026,NEUTROPHIL EXTRACELLULAR TRAP FORMATION,VWF
KEGG_2026,NEUTROPHIL EXTRACELLULAR TRAP FORMATION,PRKCB
KEGG_2026,NEUTROPHIL EXTRACELLULAR TRAP FORMATION,PRKCA
KEGG_2026,NEUTROPHIL EXTRACELLULAR TRAP FORMATION,PLCB3
KEGG_2026,NEUTROPHIL EXTRACELLULAR TRAP FORMATION,PLCB4
KEGG_2026,NEUTROPHIL EXTRACELLULAR TRAP FORMATION,PIK3CA
KEGG_2026,NEUTROPHIL EXTRACELLULAR TRAP FORMATION,VDAC3
KEGG_2026,NEUTROPHIL EXTRACELLULAR TRAP FORMATION,PPIF
KEGG_2026,NEUTROPHIL EXTRACELLULAR TRAP FORMATION,VDAC2
KEGG_2026,NEUTROPHIL EXTRACELLULAR TRAP FORMATION,VDAC1
KEGG_2026,NEUTROPHIL EXTRACELLULAR TRAP FORMATION,PLCB1
KEGG_2026,NEUTROPHIL EXTRACELLULAR TRAP FORMATION,SLC25A5
KEGG_2026,NEUTROPHIL EXTRACELLULAR TRAP FORMATION,TLR4
KEGG_2026,NEUTROPHIL EXTRACELLULAR TRAP FORMATION,PLCB2
KEGG_2026,NEUTROPHIL EXTRACELLULAR TRAP FORMATION,SLC25A4
KEGG_2026,NEUTROPHIL EXTRACELLULAR TRAP FORMATION,TLR2
KEGG_2026,NEUTROPHIL EXTRACELLULAR TRAP FORMATION,SLC25A6
KEGG_2026,NEUTROPHIL EXTRACELLULAR TRAP FORMATION,HDAC4
KEGG_2026,NEUTROPHIL EXTRACELLULAR TRAP FORMATION,HDAC2
KEGG_2026,NEUTROPHIL EXTRACELLULAR TRAP FORMATION,HDAC3
KEGG_2026,NEUTROPHIL EXTRACELLULAR TRAP FORMATION,SRC
KEGG_2026,NEUTROPHIL EXTRACELLULAR TRAP FORMATION,HDAC1
KEGG_2026,NEUTROPHIL EXTRACELLULAR TRAP FORMATION,FPR1
KEGG_2026,NEUTROPHIL EXTRACELLULAR TRAP FORMATION,PIK3R3
KEGG_2026,NEUTROPHIL EXTRACELLULAR TRAP FORMATION,PIK3R2
KEGG_2026,NEUTROPHIL EXTRACELLULAR TRAP FORMATION,PIK3R1
KEGG_2026,NEUTROPHIL EXTRACELLULAR TRAP FORMATION,HDAC8
KEGG_2026,NEUTROPHIL EXTRACELLULAR TRAP FORMATION,CLCN3
KEGG_2026,NEUTROPHIL EXTRACELLULAR TRAP FORMATION,RELA
KEGG_2026,NEUTROPHIL EXTRACELLULAR TRAP FORMATION,HDAC6
KEGG_2026,NEUTROPHIL EXTRACELLULAR TRAP FORMATION,PLCG2
KEGG_2026,NEUTROPHIL EXTRACELLULAR TRAP FORMATION,MAPK1
KEGG_2026,NEUTROPHIL EXTRACELLULAR TRAP FORMATION,PLCG1
KEGG_2026,NEUTROPHIL EXTRACELLULAR TRAP FORMATION,FCGR1A
KEGG_2026,NEUTROPHIL EXTRACELLULAR TRAP FORMATION,ATG7
KEGG_2026,NEUTROPHIL EXTRACELLULAR TRAP FORMATION,MAPK3
KEGG_2026,NEUTROPHIL EXTRACELLULAR TRAP FORMATION,H2AC20
KEGG_2026,GLYOXYLATE AND DICARBOXYLATE METABOLISM,ACSS2
KEGG_2026,GLYOXYLATE AND DICARBOXYLATE METABOLISM,SHMT2
KEGG_2026,GLYOXYLATE AND DICARBOXYLATE METABOLISM,MDH2
KEGG_2026,GLYOXYLATE AND DICARBOXYLATE METABOLISM,SHMT1
KEGG_2026,GLYOXYLATE AND DICARBOXYLATE METABOLISM,GLYCTK
KEGG_2026,GLYOXYLATE AND DICARBOXYLATE METABOLISM,CS
KEGG_2026,GLYOXYLATE AND DICARBOXYLATE METABOLISM,GRHPR
KEGG_2026,GLYOXYLATE AND DICARBOXYLATE METABOLISM,LDHD
KEGG_2026,GLYOXYLATE AND DICARBOXYLATE METABOLISM,HAO1
KEGG_2026,GLYOXYLATE AND DICARBOXYLATE METABOLISM,ACO1
KEGG_2026,GLYOXYLATE AND DICARBOXYLATE METABOLISM,ACO2
KEGG_2026,GLYOXYLATE AND DICARBOXYLATE METABOLISM,ACSS1
KEGG_2026,GLYOXYLATE AND DICARBOXYLATE METABOLISM,AGXT
KEGG_2026,GLYOXYLATE AND DICARBOXYLATE METABOLISM,HAO2
KEGG_2026,GLYOXYLATE AND DICARBOXYLATE METABOLISM,GLUL
KEGG_2026,DILATED CARDIOMYOPATHY,ITGB1
KEGG_2026,DILATED CARDIOMYOPATHY,RYR2
KEGG_2026,DILATED CARDIOMYOPATHY,ITGB5
KEGG_2026,DILATED CARDIOMYOPATHY,LAMA2
KEGG_2026,DILATED CARDIOMYOPATHY,ADCY4
KEGG_2026,DILATED CARDIOMYOPATHY,ADRB1
KEGG_2026,DILATED CARDIOMYOPATHY,ATP2A1
KEGG_2026,DILATED CARDIOMYOPATHY,ADCY2
KEGG_2026,DILATED CARDIOMYOPATHY,ADCY1
KEGG_2026,DILATED CARDIOMYOPATHY,CACNA1F
KEGG_2026,DILATED CARDIOMYOPATHY,ADCY8
KEGG_2026,DILATED CARDIOMYOPATHY,TNF
KEGG_2026,DILATED CARDIOMYOPATHY,ADCY7
KEGG_2026,DILATED CARDIOMYOPATHY,SLC8A1
KEGG_2026,DILATED CARDIOMYOPATHY,ADCY6
KEGG_2026,DILATED CARDIOMYOPATHY,ADCY5
KEGG_2026,DILATED CARDIOMYOPATHY,SGCD
KEGG_2026,DILATED CARDIOMYOPATHY,TTR
KEGG_2026,DILATED CARDIOMYOPATHY,SGCA
KEGG_2026,DILATED CARDIOMYOPATHY,SGCB
KEGG_2026,DILATED CARDIOMYOPATHY,PRKACG
KEGG_2026,DILATED CARDIOMYOPATHY,LMNA
KEGG_2026,DILATED CARDIOMYOPATHY,DAG1
KEGG_2026,DILATED CARDIOMYOPATHY,DMD
KEGG_2026,DILATED CARDIOMYOPATHY,CACNG2
KEGG_2026,DILATED CARDIOMYOPATHY,PRKACB
KEGG_2026,DILATED CARDIOMYOPATHY,SGCG
KEGG_2026,DILATED CARDIOMYOPATHY,TGFB1
KEGG_2026,DILATED CARDIOMYOPATHY,ITGA4
KEGG_2026,DILATED CARDIOMYOPATHY,TPM3
KEGG_2026,DILATED CARDIOMYOPATHY,TPM1
KEGG_2026,DILATED CARDIOMYOPATHY,PRKCA
KEGG_2026,DILATED CARDIOMYOPATHY,CACNA2D4
KEGG_2026,DILATED CARDIOMYOPATHY,ADCY9
KEGG_2026,DILATED CARDIOMYOPATHY,GNAS
KEGG_2026,DILATED CARDIOMYOPATHY,AGXT
KEGG_2026,SIGNALING PATHWAYS REGULATING PLURIPOTENCY OF STEM CELLS,GSK3B
KEGG_2026,SIGNALING PATHWAYS REGULATING PLURIPOTENCY OF STEM CELLS,ONECUT1
KEGG_2026,SIGNALING PATHWAYS REGULATING PLURIPOTENCY OF STEM CELLS,PIK3R3
KEGG_2026,SIGNALING PATHWAYS REGULATING PLURIPOTENCY OF STEM CELLS,PIK3R2
KEGG_2026,SIGNALING PATHWAYS REGULATING PLURIPOTENCY OF STEM CELLS,PIK3R1
KEGG_2026,SIGNALING PATHWAYS REGULATING PLURIPOTENCY OF STEM CELLS,PIK3CB
KEGG_2026,SIGNALING PATHWAYS REGULATING PLURIPOTENCY OF STEM CELLS,SOX2
KEGG_2026,SIGNALING PATHWAYS REGULATING PLURIPOTENCY OF STEM CELLS,NRAS
KEGG_2026,SIGNALING PATHWAYS REGULATING PLURIPOTENCY OF STEM CELLS,WNT11
KEGG_2026,SIGNALING PATHWAYS REGULATING PLURIPOTENCY OF STEM CELLS,AKT2
KEGG_2026,SIGNALING PATHWAYS REGULATING PLURIPOTENCY OF STEM CELLS,MYC
KEGG_2026,SIGNALING PATHWAYS REGULATING PLURIPOTENCY OF STEM CELLS,AKT3
KEGG_2026,SIGNALING PATHWAYS REGULATING PLURIPOTENCY OF STEM CELLS,DVL1
KEGG_2026,SIGNALING PATHWAYS REGULATING PLURIPOTENCY OF STEM CELLS,DVL2
KEGG_2026,SIGNALING PATHWAYS REGULATING PLURIPOTENCY OF STEM CELLS,AKT1
KEGG_2026,SIGNALING PATHWAYS REGULATING PLURIPOTENCY OF STEM CELLS,PCGF1
KEGG_2026,SIGNALING PATHWAYS REGULATING PLURIPOTENCY OF STEM CELLS,MAPK1
KEGG_2026,SIGNALING PATHWAYS REGULATING PLURIPOTENCY OF STEM CELLS,OTX1
KEGG_2026,SIGNALING PATHWAYS REGULATING PLURIPOTENCY OF STEM CELLS,JAK2
KEGG_2026,SIGNALING PATHWAYS REGULATING PLURIPOTENCY OF STEM CELLS,HRAS
KEGG_2026,SIGNALING PATHWAYS REGULATING PLURIPOTENCY OF STEM CELLS,MAPK3
KEGG_2026,SIGNALING PATHWAYS REGULATING PLURIPOTENCY OF STEM CELLS,MAP2K1
KEGG_2026,SIGNALING PATHWAYS REGULATING PLURIPOTENCY OF STEM CELLS,SMAD4
KEGG_2026,SIGNALING PATHWAYS REGULATING PLURIPOTENCY OF STEM CELLS,PCGF6
KEGG_2026,SIGNALING PATHWAYS REGULATING PLURIPOTENCY OF STEM CELLS,MAP2K2
KEGG_2026,SIGNALING PATHWAYS REGULATING PLURIPOTENCY OF STEM CELLS,FZD2
KEGG_2026,SIGNALING PATHWAYS REGULATING PLURIPOTENCY OF STEM CELLS,WNT5B
KEGG_2026,SIGNALING PATHWAYS REGULATING PLURIPOTENCY OF STEM CELLS,SETDB1
KEGG_2026,SIGNALING PATHWAYS REGULATING PLURIPOTENCY OF STEM CELLS,FZD5
KEGG_2026,SIGNALING PATHWAYS REGULATING PLURIPOTENCY OF STEM CELLS,FZD4
KEGG_2026,SIGNALING PATHWAYS REGULATING PLURIPOTENCY OF STEM CELLS,PCGF5
KEGG_2026,SIGNALING PATHWAYS REGULATING PLURIPOTENCY OF STEM CELLS,PCGF2
KEGG_2026,SIGNALING PATHWAYS REGULATING PLURIPOTENCY OF STEM CELLS,WNT5A
KEGG_2026,SIGNALING PATHWAYS REGULATING PLURIPOTENCY OF STEM CELLS,ESX1
KEGG_2026,SIGNALING PATHWAYS REGULATING PLURIPOTENCY OF STEM CELLS,FZD6
KEGG_2026,SIGNALING PATHWAYS REGULATING PLURIPOTENCY OF STEM CELLS,ESRRB
KEGG_2026,SIGNALING PATHWAYS REGULATING PLURIPOTENCY OF STEM CELLS,PCGF3
KEGG_2026,SIGNALING PATHWAYS REGULATING PLURIPOTENCY OF STEM CELLS,STAT3
KEGG_2026,SIGNALING PATHWAYS REGULATING PLURIPOTENCY OF STEM CELLS,PAX6
KEGG_2026,SIGNALING PATHWAYS REGULATING PLURIPOTENCY OF STEM CELLS,ISL1
KEGG_2026,SIGNALING PATHWAYS REGULATING PLURIPOTENCY OF STEM CELLS,SMAD5
KEGG_2026,SIGNALING PATHWAYS REGULATING PLURIPOTENCY OF STEM CELLS,PIK3CA
KEGG_2026,SIGNALING PATHWAYS REGULATING PLURIPOTENCY OF STEM CELLS,HAND1
KEGG_2026,SIGNALING PATHWAYS REGULATING PLURIPOTENCY OF STEM CELLS,CTNNB1
KEGG_2026,SIGNALING PATHWAYS REGULATING PLURIPOTENCY OF STEM CELLS,GRB2
KEGG_2026,SIGNALING PATHWAYS REGULATING PLURIPOTENCY OF STEM CELLS,FGFR1
KEGG_2026,UBIQUINONE AND OTHER TERPENOID-QUINONE BIOSYNTHESIS,COQ4
KEGG_2026,UBIQUINONE AND OTHER TERPENOID-QUINONE BIOSYNTHESIS,COQ3
KEGG_2026,UBIQUINONE AND OTHER TERPENOID-QUINONE BIOSYNTHESIS,COQ2
KEGG_2026,UBIQUINONE AND OTHER TERPENOID-QUINONE BIOSYNTHESIS,GGCX
KEGG_2026,UBIQUINONE AND OTHER TERPENOID-QUINONE BIOSYNTHESIS,HPD
KEGG_2026,UBIQUINONE AND OTHER TERPENOID-QUINONE BIOSYNTHESIS,COQ7
KEGG_2026,UBIQUINONE AND OTHER TERPENOID-QUINONE BIOSYNTHESIS,COQ6
KEGG_2026,UBIQUINONE AND OTHER TERPENOID-QUINONE BIOSYNTHESIS,COQ5
KEGG_2026,NATURAL KILLER CELL MEDIATED CYTOTOXICITY,CSF2
KEGG_2026,NATURAL KILLER CELL MEDIATED CYTOTOXICITY,ARAF
KEGG_2026,NATURAL KILLER CELL MEDIATED CYTOTOXICITY,PIK3R3
KEGG_2026,NATURAL KILLER CELL MEDIATED CYTOTOXICITY,PIK3R2
KEGG_2026,NATURAL KILLER CELL MEDIATED CYTOTOXICITY,PIK3R1
KEGG_2026,NATURAL KILLER CELL MEDIATED CYTOTOXICITY,PIK3CB
KEGG_2026,NATURAL KILLER CELL MEDIATED CYTOTOXICITY,TNF
KEGG_2026,NATURAL KILLER CELL MEDIATED CYTOTOXICITY,ICAM1
KEGG_2026,NATURAL KILLER CELL MEDIATED CYTOTOXICITY,PPP3CB
KEGG_2026,NATURAL KILLER CELL MEDIATED CYTOTOXICITY,NRAS
KEGG_2026,NATURAL KILLER CELL MEDIATED CYTOTOXICITY,FCGR3B
KEGG_2026,NATURAL KILLER CELL MEDIATED CYTOTOXICITY,CASP3
KEGG_2026,NATURAL KILLER CELL MEDIATED CYTOTOXICITY,PLCG2
KEGG_2026,NATURAL KILLER CELL MEDIATED CYTOTOXICITY,RAC2
KEGG_2026,NATURAL KILLER CELL MEDIATED CYTOTOXICITY,MAPK1
KEGG_2026,NATURAL KILLER CELL MEDIATED CYTOTOXICITY,FYN
KEGG_2026,NATURAL KILLER CELL MEDIATED CYTOTOXICITY,PLCG1
KEGG_2026,NATURAL KILLER CELL MEDIATED CYTOTOXICITY,HRAS
KEGG_2026,NATURAL KILLER CELL MEDIATED CYTOTOXICITY,MICA
KEGG_2026,NATURAL KILLER CELL MEDIATED CYTOTOXICITY,MAPK3
KEGG_2026,NATURAL KILLER CELL MEDIATED CYTOTOXICITY,MICB
KEGG_2026,NATURAL KILLER CELL MEDIATED CYTOTOXICITY,PRKCG
KEGG_2026,NATURAL KILLER CELL MEDIATED CYTOTOXICITY,MAP2K1
KEGG_2026,NATURAL KILLER CELL MEDIATED CYTOTOXICITY,MAP2K2
KEGG_2026,NATURAL KILLER CELL MEDIATED CYTOTOXICITY,PRKCB
KEGG_2026,NATURAL KILLER CELL MEDIATED CYTOTOXICITY,NCOA3
KEGG_2026,NATURAL KILLER CELL MEDIATED CYTOTOXICITY,HLA-B
KEGG_2026,NATURAL KILLER CELL MEDIATED CYTOTOXICITY,TNFRSF10B
KEGG_2026,NATURAL KILLER CELL MEDIATED CYTOTOXICITY,PRKCA
KEGG_2026,NATURAL KILLER CELL MEDIATED CYTOTOXICITY,TNFRSF10A
KEGG_2026,NATURAL KILLER CELL MEDIATED CYTOTOXICITY,BRAF
KEGG_2026,NATURAL KILLER CELL MEDIATED CYTOTOXICITY,HLA-A
KEGG_2026,NATURAL KILLER CELL MEDIATED CYTOTOXICITY,ZAP70
KEGG_2026,NATURAL KILLER CELL MEDIATED CYTOTOXICITY,IFNG
KEGG_2026,NATURAL KILLER CELL MEDIATED CYTOTOXICITY,PIK3CA
KEGG_2026,NATURAL KILLER CELL MEDIATED CYTOTOXICITY,SLC7A8
KEGG_2026,NATURAL KILLER CELL MEDIATED CYTOTOXICITY,LCK
KEGG_2026,NATURAL KILLER CELL MEDIATED CYTOTOXICITY,FASN
KEGG_2026,NATURAL KILLER CELL MEDIATED CYTOTOXICITY,SPNS1
KEGG_2026,NATURAL KILLER CELL MEDIATED CYTOTOXICITY,GRB2
KEGG_2026,NATURAL KILLER CELL MEDIATED CYTOTOXICITY,SOS1
KEGG_2026,NATURAL KILLER CELL MEDIATED CYTOTOXICITY,SOS2
KEGG_2026,NATURAL KILLER CELL MEDIATED CYTOTOXICITY,IFNAR1
KEGG_2026,STEROID BIOSYNTHESIS,SQLE
KEGG_2026,STEROID BIOSYNTHESIS,NSDHL
KEGG_2026,STEROID BIOSYNTHESIS,CYP51A1
KEGG_2026,STEROID BIOSYNTHESIS,SC5D
KEGG_2026,STEROID BIOSYNTHESIS,DHCR24
KEGG_2026,STEROID BIOSYNTHESIS,MSMO1
KEGG_2026,STEROID BIOSYNTHESIS,DHCR7
KEGG_2026,STEROID BIOSYNTHESIS,HSD17B7
KEGG_2026,STEROID BIOSYNTHESIS,LBR
KEGG_2026,STEROID BIOSYNTHESIS,TM7SF2
KEGG_2026,STEROID BIOSYNTHESIS,FDFT1
KEGG_2026,PORPHYRIN METABOLISM,ALAS2
KEGG_2026,PORPHYRIN METABOLISM,ALAS1
KEGG_2026,PORPHYRIN METABOLISM,FECH
KEGG_2026,PORPHYRIN METABOLISM,COX15
KEGG_2026,PORPHYRIN METABOLISM,MMAB
KEGG_2026,PORPHYRIN METABOLISM,UROS
KEGG_2026,PORPHYRIN METABOLISM,CPOX
KEGG_2026,PORPHYRIN METABOLISM,PPOX
KEGG_2026,PORPHYRIN METABOLISM,ALAD
KEGG_2026,PORPHYRIN METABOLISM,EPRS1
KEGG_2026,PORPHYRIN METABOLISM,UROD
KEGG_2026,PORPHYRIN METABOLISM,FTH1
KEGG_2026,PORPHYRIN METABOLISM,HMBS
KEGG_2026,PORPHYRIN METABOLISM,HMOX1
KEGG_2026,PORPHYRIN METABOLISM,BLVRB
KEGG_2026,PORPHYRIN METABOLISM,GUSB
KEGG_2026,PORPHYRIN METABOLISM,FXN
KEGG_2026,PORPHYRIN METABOLISM,HMOX2
KEGG_2026,PORPHYRIN METABOLISM,COX10
KEGG_2026,GLYCOSAMINOGLYCAN DEGRADATION,GALNS
KEGG_2026,GLYCOSAMINOGLYCAN DEGRADATION,HGSNAT
KEGG_2026,GLYCOSAMINOGLYCAN DEGRADATION,NAGLU
KEGG_2026,GLYCOSAMINOGLYCAN DEGRADATION,IDUA
KEGG_2026,GLYCOSAMINOGLYCAN DEGRADATION,GLB1
KEGG_2026,GLYCOSAMINOGLYCAN DEGRADATION,IDS
KEGG_2026,GLYCOSAMINOGLYCAN DEGRADATION,GUSB
KEGG_2026,GLYCOSAMINOGLYCAN DEGRADATION,GNS
KEGG_2026,GLYCOSAMINOGLYCAN DEGRADATION,SPAM1
KEGG_2026,GLYCOSAMINOGLYCAN DEGRADATION,SGSH
KEGG_2026,RIBOFLAVIN METABOLISM,FLAD1
KEGG_2026,RIBOFLAVIN METABOLISM,RFK
KEGG_2026,RIBOFLAVIN METABOLISM,NDUFAB1
KEGG_2026,RIBOFLAVIN METABOLISM,BLVRB
KEGG_2026,RIBOFLAVIN METABOLISM,ENPP1
KEGG_2026,RIBOFLAVIN METABOLISM,ENPP3
KEGG_2026,TOLL-LIKE RECEPTOR SIGNALING PATHWAY,CD86
KEGG_2026,TOLL-LIKE RECEPTOR SIGNALING PATHWAY,CD80
KEGG_2026,TOLL-LIKE RECEPTOR SIGNALING PATHWAY,PIK3R3
KEGG_2026,TOLL-LIKE RECEPTOR SIGNALING PATHWAY,PIK3R2
KEGG_2026,TOLL-LIKE RECEPTOR SIGNALING PATHWAY,PIK3R1
KEGG_2026,TOLL-LIKE RECEPTOR SIGNALING PATHWAY,PIK3CB
KEGG_2026,TOLL-LIKE RECEPTOR SIGNALING PATHWAY,TNF
KEGG_2026,TOLL-LIKE RECEPTOR SIGNALING PATHWAY,RELA
KEGG_2026,TOLL-LIKE RECEPTOR SIGNALING PATHWAY,MAPK9
KEGG_2026,TOLL-LIKE RECEPTOR SIGNALING PATHWAY,MAPK8
KEGG_2026,TOLL-LIKE RECEPTOR SIGNALING PATHWAY,TBK1
KEGG_2026,TOLL-LIKE RECEPTOR SIGNALING PATHWAY,IRAK1
KEGG_2026,TOLL-LIKE RECEPTOR SIGNALING PATHWAY,AKT2
KEGG_2026,TOLL-LIKE RECEPTOR SIGNALING PATHWAY,AKT3
KEGG_2026,TOLL-LIKE RECEPTOR SIGNALING PATHWAY,AKT1
KEGG_2026,TOLL-LIKE RECEPTOR SIGNALING PATHWAY,MAPK1
KEGG_2026,TOLL-LIKE RECEPTOR SIGNALING PATHWAY,IKBKE
KEGG_2026,TOLL-LIKE RECEPTOR SIGNALING PATHWAY,MAPK3
KEGG_2026,TOLL-LIKE RECEPTOR SIGNALING PATHWAY,MAP2K1
KEGG_2026,TOLL-LIKE RECEPTOR SIGNALING PATHWAY,JUN
KEGG_2026,TOLL-LIKE RECEPTOR SIGNALING PATHWAY,MAP2K2
KEGG_2026,TOLL-LIKE RECEPTOR SIGNALING PATHWAY,STAT1
KEGG_2026,TOLL-LIKE RECEPTOR SIGNALING PATHWAY,STAT2
KEGG_2026,TOLL-LIKE RECEPTOR SIGNALING PATHWAY,NDUFA2
KEGG_2026,TOLL-LIKE RECEPTOR SIGNALING PATHWAY,FOS
KEGG_2026,TOLL-LIKE RECEPTOR SIGNALING PATHWAY,TIRAP
KEGG_2026,TOLL-LIKE RECEPTOR SIGNALING PATHWAY,NFKBIA
KEGG_2026,TOLL-LIKE RECEPTOR SIGNALING PATHWAY,CXCL11
KEGG_2026,TOLL-LIKE RECEPTOR SIGNALING PATHWAY,IL6
KEGG_2026,TOLL-LIKE RECEPTOR SIGNALING PATHWAY,PIK3CA
KEGG_2026,TOLL-LIKE RECEPTOR SIGNALING PATHWAY,TRAF3
KEGG_2026,TOLL-LIKE RECEPTOR SIGNALING PATHWAY,IL1B
KEGG_2026,TOLL-LIKE RECEPTOR SIGNALING PATHWAY,TLR4
KEGG_2026,TOLL-LIKE RECEPTOR SIGNALING PATHWAY,MYD88
KEGG_2026,TOLL-LIKE RECEPTOR SIGNALING PATHWAY,IFNAR1
KEGG_2026,TOLL-LIKE RECEPTOR SIGNALING PATHWAY,TLR2
KEGG_2026,VARIOUS TYPES OF N-GLYCAN BIOSYNTHESIS,B4GALT2
KEGG_2026,VARIOUS TYPES OF N-GLYCAN BIOSYNTHESIS,B4GALT3
KEGG_2026,VARIOUS TYPES OF N-GLYCAN BIOSYNTHESIS,B4GALT1
KEGG_2026,VARIOUS TYPES OF N-GLYCAN BIOSYNTHESIS,RPN2
KEGG_2026,VARIOUS TYPES OF N-GLYCAN BIOSYNTHESIS,RPN1
KEGG_2026,VARIOUS TYPES OF N-GLYCAN BIOSYNTHESIS,HEXD
KEGG_2026,VARIOUS TYPES OF N-GLYCAN BIOSYNTHESIS,ALG14
KEGG_2026,VARIOUS TYPES OF N-GLYCAN BIOSYNTHESIS,ALG13
KEGG_2026,VARIOUS TYPES OF N-GLYCAN BIOSYNTHESIS,ALG3
KEGG_2026,VARIOUS TYPES OF N-GLYCAN BIOSYNTHESIS,ALG12
KEGG_2026,VARIOUS TYPES OF N-GLYCAN BIOSYNTHESIS,ALG11
KEGG_2026,VARIOUS TYPES OF N-GLYCAN BIOSYNTHESIS,ALG1
KEGG_2026,VARIOUS TYPES OF N-GLYCAN BIOSYNTHESIS,DDOST
KEGG_2026,VARIOUS TYPES OF N-GLYCAN BIOSYNTHESIS,MAN2A2
KEGG_2026,VARIOUS TYPES OF N-GLYCAN BIOSYNTHESIS,MAN2A1
KEGG_2026,VARIOUS TYPES OF N-GLYCAN BIOSYNTHESIS,MGAT4A
KEGG_2026,VARIOUS TYPES OF N-GLYCAN BIOSYNTHESIS,MGAT4B
KEGG_2026,VARIOUS TYPES OF N-GLYCAN BIOSYNTHESIS,MAN1B1
KEGG_2026,OVARIAN STEROIDOGENESIS,SCARB1
KEGG_2026,OVARIAN STEROIDOGENESIS,LHCGR
KEGG_2026,OVARIAN STEROIDOGENESIS,ADCY4
KEGG_2026,OVARIAN STEROIDOGENESIS,PRKCA
KEGG_2026,OVARIAN STEROIDOGENESIS,ADCY2
KEGG_2026,OVARIAN STEROIDOGENESIS,ADCY1
KEGG_2026,OVARIAN STEROIDOGENESIS,PTGS2
KEGG_2026,OVARIAN STEROIDOGENESIS,HSD17B7
KEGG_2026,OVARIAN STEROIDOGENESIS,ADCY8
KEGG_2026,OVARIAN STEROIDOGENESIS,ADCY7
KEGG_2026,OVARIAN STEROIDOGENESIS,ADCY6
KEGG_2026,OVARIAN STEROIDOGENESIS,INS
KEGG_2026,OVARIAN STEROIDOGENESIS,ADCY5
KEGG_2026,OVARIAN STEROIDOGENESIS,ADCY9
KEGG_2026,OVARIAN STEROIDOGENESIS,CYP11A1
KEGG_2026,OVARIAN STEROIDOGENESIS,PRKACG
KEGG_2026,OVARIAN STEROIDOGENESIS,CYP1A1
KEGG_2026,OVARIAN STEROIDOGENESIS,GNAS
KEGG_2026,OVARIAN STEROIDOGENESIS,CYP1B1
KEGG_2026,OVARIAN STEROIDOGENESIS,PRKACB
KEGG_2026,LEISHMANIASIS,ITGB1
KEGG_2026,LEISHMANIASIS,ITGAM
KEGG_2026,LEISHMANIASIS,PTGS2
KEGG_2026,LEISHMANIASIS,TNF
KEGG_2026,LEISHMANIASIS,RELA
KEGG_2026,LEISHMANIASIS,FCGR3B
KEGG_2026,LEISHMANIASIS,IRAK1
KEGG_2026,LEISHMANIASIS,MAPK1
KEGG_2026,LEISHMANIASIS,JAK2
KEGG_2026,LEISHMANIASIS,FCGR1A
KEGG_2026,LEISHMANIASIS,MAPK3
KEGG_2026,LEISHMANIASIS,IL10
KEGG_2026,LEISHMANIASIS,JUN
KEGG_2026,LEISHMANIASIS,TGFB1
KEGG_2026,LEISHMANIASIS,ITGA4
KEGG_2026,LEISHMANIASIS,PRKCB
KEGG_2026,LEISHMANIASIS,STAT1
KEGG_2026,LEISHMANIASIS,KCNH8
KEGG_2026,LEISHMANIASIS,FOS
KEGG_2026,LEISHMANIASIS,EEF1A1
KEGG_2026,LEISHMANIASIS,NFKBIA
KEGG_2026,LEISHMANIASIS,IL4
KEGG_2026,LEISHMANIASIS,IFNG
KEGG_2026,LEISHMANIASIS,IL1B
KEGG_2026,LEISHMANIASIS,TLR4
KEGG_2026,LEISHMANIASIS,MYD88
KEGG_2026,LEISHMANIASIS,TLR2
KEGG_2026,SMALL CELL LUNG CANCER,ITGB1
KEGG_2026,SMALL CELL LUNG CANCER,LAMA2
KEGG_2026,SMALL CELL LUNG CANCER,LAMC3
KEGG_2026,SMALL CELL LUNG CANCER,MAX
KEGG_2026,SMALL CELL LUNG CANCER,PTEN
KEGG_2026,SMALL CELL LUNG CANCER,PIK3R3
KEGG_2026,SMALL CELL LUNG CANCER,LAMC2
KEGG_2026,SMALL CELL LUNG CANCER,PIK3R2
KEGG_2026,SMALL CELL LUNG CANCER,PIK3CB
KEGG_2026,SMALL CELL LUNG CANCER,LAMC1
KEGG_2026,SMALL CELL LUNG CANCER,PIK3R1
KEGG_2026,SMALL CELL LUNG CANCER,PTGS2
KEGG_2026,SMALL CELL LUNG CANCER,RELA
KEGG_2026,SMALL CELL LUNG CANCER,AKT2
KEGG_2026,SMALL CELL LUNG CANCER,MYC
KEGG_2026,SMALL CELL LUNG CANCER,CASP3
KEGG_2026,SMALL CELL LUNG CANCER,AKT3
KEGG_2026,SMALL CELL LUNG CANCER,AKT1
KEGG_2026,SMALL CELL LUNG CANCER,RXRG
KEGG_2026,SMALL CELL LUNG CANCER,ZBTB17
KEGG_2026,SMALL CELL LUNG CANCER,LAMB3
KEGG_2026,SMALL CELL LUNG CANCER,FN1
KEGG_2026,SMALL CELL LUNG CANCER,NFKBIA
KEGG_2026,SMALL CELL LUNG CANCER,PIK3CA
KEGG_2026,SMALL CELL LUNG CANCER,TRAF3
KEGG_2026,SMALL CELL LUNG CANCER,BCL2
KEGG_2026,SMALL CELL LUNG CANCER,RARB
KEGG_2026,SMALL CELL LUNG CANCER,BAX
KEGG_2026,SMALL CELL LUNG CANCER,CYCS
KEGG_2026,SMALL CELL LUNG CANCER,TP53
KEGG_2026,SMALL CELL LUNG CANCER,BIRC3
KEGG_2026,PROPANOATE METABOLISM,BCKDHA
KEGG_2026,PROPANOATE METABOLISM,ACSS2
KEGG_2026,PROPANOATE METABOLISM,ECHS1
KEGG_2026,PROPANOATE METABOLISM,BCKDHB
KEGG_2026,PROPANOATE METABOLISM,HADHA
KEGG_2026,PROPANOATE METABOLISM,LDHA
KEGG_2026,PROPANOATE METABOLISM,SUCLA2
KEGG_2026,PROPANOATE METABOLISM,LDHD
KEGG_2026,PROPANOATE METABOLISM,DBT
KEGG_2026,PROPANOATE METABOLISM,SUCLG2
KEGG_2026,PROPANOATE METABOLISM,SUCLG1
KEGG_2026,PROPANOATE METABOLISM,ACOX3
KEGG_2026,PROPANOATE METABOLISM,ACSS1
KEGG_2026,PROPANOATE METABOLISM,HIBCH
KEGG_2026,EPSTEIN-BARR VIRUS INFECTION,PIK3CB
KEGG_2026,EPSTEIN-BARR VIRUS INFECTION,TNF
KEGG_2026,EPSTEIN-BARR VIRUS INFECTION,ICAM1
KEGG_2026,EPSTEIN-BARR VIRUS INFECTION,TBK1
KEGG_2026,EPSTEIN-BARR VIRUS INFECTION,SIN3A
KEGG_2026,EPSTEIN-BARR VIRUS INFECTION,AKT2
KEGG_2026,EPSTEIN-BARR VIRUS INFECTION,MYC
KEGG_2026,EPSTEIN-BARR VIRUS INFECTION,PSMD2
KEGG_2026,EPSTEIN-BARR VIRUS INFECTION,CASP3
KEGG_2026,EPSTEIN-BARR VIRUS INFECTION,AKT3
KEGG_2026,EPSTEIN-BARR VIRUS INFECTION,PSMD3
KEGG_2026,EPSTEIN-BARR VIRUS INFECTION,AKT1
KEGG_2026,EPSTEIN-BARR VIRUS INFECTION,IKBKE
KEGG_2026,EPSTEIN-BARR VIRUS INFECTION,ENTPD1
KEGG_2026,EPSTEIN-BARR VIRUS INFECTION,USP7
KEGG_2026,EPSTEIN-BARR VIRUS INFECTION,ENTPD3
KEGG_2026,EPSTEIN-BARR VIRUS INFECTION,HLA-B
KEGG_2026,EPSTEIN-BARR VIRUS INFECTION,ENTPD8
KEGG_2026,EPSTEIN-BARR VIRUS INFECTION,HLA-A
KEGG_2026,EPSTEIN-BARR VIRUS INFECTION,TAPBP
KEGG_2026,EPSTEIN-BARR VIRUS INFECTION,NCOR2
KEGG_2026,EPSTEIN-BARR VIRUS INFECTION,PIK3CA
KEGG_2026,EPSTEIN-BARR VIRUS INFECTION,TRAF3
KEGG_2026,EPSTEIN-BARR VIRUS INFECTION,TP53
KEGG_2026,EPSTEIN-BARR VIRUS INFECTION,TLR2
KEGG_2026,EPSTEIN-BARR VIRUS INFECTION,IFNAR1
KEGG_2026,EPSTEIN-BARR VIRUS INFECTION,HDAC2
KEGG_2026,EPSTEIN-BARR VIRUS INFECTION,PSMD14
KEGG_2026,EPSTEIN-BARR VIRUS INFECTION,PSMD13
KEGG_2026,EPSTEIN-BARR VIRUS INFECTION,HDAC1
KEGG_2026,EPSTEIN-BARR VIRUS INFECTION,PIK3R3
KEGG_2026,EPSTEIN-BARR VIRUS INFECTION,PIK3R2
KEGG_2026,EPSTEIN-BARR VIRUS INFECTION,PIK3R1
KEGG_2026,EPSTEIN-BARR VIRUS INFECTION,RELA
KEGG_2026,EPSTEIN-BARR VIRUS INFECTION,RELB
KEGG_2026,EPSTEIN-BARR VIRUS INFECTION,MAPK9
KEGG_2026,EPSTEIN-BARR VIRUS INFECTION,MAPK8
KEGG_2026,EPSTEIN-BARR VIRUS INFECTION,BCL2L11
KEGG_2026,EPSTEIN-BARR VIRUS INFECTION,IRAK1
KEGG_2026,EPSTEIN-BARR VIRUS INFECTION,PLCG2
KEGG_2026,EPSTEIN-BARR VIRUS INFECTION,JUN
KEGG_2026,EPSTEIN-BARR VIRUS INFECTION,STAT1
KEGG_2026,EPSTEIN-BARR VIRUS INFECTION,STAT2
KEGG_2026,EPSTEIN-BARR VIRUS INFECTION,STAT3
KEGG_2026,EPSTEIN-BARR VIRUS INFECTION,ADRM1
KEGG_2026,EPSTEIN-BARR VIRUS INFECTION,NFKBIA
KEGG_2026,EPSTEIN-BARR VIRUS INFECTION,PSMC5
KEGG_2026,EPSTEIN-BARR VIRUS INFECTION,MAVS
KEGG_2026,EPSTEIN-BARR VIRUS INFECTION,IL6
KEGG_2026,EPSTEIN-BARR VIRUS INFECTION,SNW1
KEGG_2026,EPSTEIN-BARR VIRUS INFECTION,FASN
KEGG_2026,EPSTEIN-BARR VIRUS INFECTION,PSMC1
KEGG_2026,EPSTEIN-BARR VIRUS INFECTION,NEDD4
KEGG_2026,EPSTEIN-BARR VIRUS INFECTION,MDM2
KEGG_2026,EPSTEIN-BARR VIRUS INFECTION,BCL2
KEGG_2026,EPSTEIN-BARR VIRUS INFECTION,CYCS
KEGG_2026,EPSTEIN-BARR VIRUS INFECTION,BAX
KEGG_2026,EPSTEIN-BARR VIRUS INFECTION,CALR
KEGG_2026,EPSTEIN-BARR VIRUS INFECTION,MYD88
KEGG_2026,TRYPTOPHAN METABOLISM,GCDH
KEGG_2026,TRYPTOPHAN METABOLISM,AOC1
KEGG_2026,TRYPTOPHAN METABOLISM,ECHS1
KEGG_2026,TRYPTOPHAN METABOLISM,MAOB
KEGG_2026,TRYPTOPHAN METABOLISM,HAAO
KEGG_2026,TRYPTOPHAN METABOLISM,DLST
KEGG_2026,TRYPTOPHAN METABOLISM,KMO
KEGG_2026,TRYPTOPHAN METABOLISM,DHTKD1
KEGG_2026,TRYPTOPHAN METABOLISM,IL4I1
KEGG_2026,TRYPTOPHAN METABOLISM,HADHA
KEGG_2026,TRYPTOPHAN METABOLISM,LDHD
KEGG_2026,TRYPTOPHAN METABOLISM,CYP1A2
KEGG_2026,TRYPTOPHAN METABOLISM,CYP1A1
KEGG_2026,TRYPTOPHAN METABOLISM,AOX1
KEGG_2026,TRYPTOPHAN METABOLISM,CYP1B1
KEGG_2026,TRYPTOPHAN METABOLISM,ALDH8A1
KEGG_2026,TRYPTOPHAN METABOLISM,ALDH7A1
KEGG_2026,LEGIONELLOSIS,HBS1L
KEGG_2026,LEGIONELLOSIS,HSPA8
KEGG_2026,LEGIONELLOSIS,VCP
KEGG_2026,LEGIONELLOSIS,ITGAM
KEGG_2026,LEGIONELLOSIS,BNIP3
KEGG_2026,LEGIONELLOSIS,NDUFA2
KEGG_2026,LEGIONELLOSIS,TNF
KEGG_2026,LEGIONELLOSIS,RELA
KEGG_2026,LEGIONELLOSIS,HSPD1
KEGG_2026,LEGIONELLOSIS,EEF1A1
KEGG_2026,LEGIONELLOSIS,EEF1G
KEGG_2026,LEGIONELLOSIS,NFKBIA
KEGG_2026,LEGIONELLOSIS,IL6
KEGG_2026,LEGIONELLOSIS,CASP3
KEGG_2026,LEGIONELLOSIS,IL1B
KEGG_2026,LEGIONELLOSIS,CYCS
KEGG_2026,LEGIONELLOSIS,TLR4
KEGG_2026,LEGIONELLOSIS,HSPA1B
KEGG_2026,LEGIONELLOSIS,MYD88
KEGG_2026,LEGIONELLOSIS,TLR2
KEGG_2026,LEGIONELLOSIS,HSPA1A
KEGG_2026,IL-17 SIGNALING PATHWAY,GSK3B
KEGG_2026,IL-17 SIGNALING PATHWAY,CEBPB
KEGG_2026,IL-17 SIGNALING PATHWAY,HSP90AB1
KEGG_2026,IL-17 SIGNALING PATHWAY,CSF2
KEGG_2026,IL-17 SIGNALING PATHWAY,SRSF1
KEGG_2026,IL-17 SIGNALING PATHWAY,PTGS2
KEGG_2026,IL-17 SIGNALING PATHWAY,TNF
KEGG_2026,IL-17 SIGNALING PATHWAY,RELA
KEGG_2026,IL-17 SIGNALING PATHWAY,HSP90B1
KEGG_2026,IL-17 SIGNALING PATHWAY,MAPK9
KEGG_2026,IL-17 SIGNALING PATHWAY,MAPK8
KEGG_2026,IL-17 SIGNALING PATHWAY,TBK1
KEGG_2026,IL-17 SIGNALING PATHWAY,CASP3
KEGG_2026,IL-17 SIGNALING PATHWAY,CCL2
KEGG_2026,IL-17 SIGNALING PATHWAY,MAPK1
KEGG_2026,IL-17 SIGNALING PATHWAY,IKBKE
KEGG_2026,IL-17 SIGNALING PATHWAY,MAPK3
KEGG_2026,IL-17 SIGNALING PATHWAY,HSP90AA1
KEGG_2026,IL-17 SIGNALING PATHWAY,JUN
KEGG_2026,IL-17 SIGNALING PATHWAY,JUND
KEGG_2026,IL-17 SIGNALING PATHWAY,FOS
KEGG_2026,IL-17 SIGNALING PATHWAY,MUC5B
KEGG_2026,IL-17 SIGNALING PATHWAY,IL4
KEGG_2026,IL-17 SIGNALING PATHWAY,FOSL1
KEGG_2026,IL-17 SIGNALING PATHWAY,NFKBIA
KEGG_2026,IL-17 SIGNALING PATHWAY,IL6
KEGG_2026,IL-17 SIGNALING PATHWAY,IFNG
KEGG_2026,IL-17 SIGNALING PATHWAY,TRAF3
KEGG_2026,IL-17 SIGNALING PATHWAY,IL1B
KEGG_2026,IL-17 SIGNALING PATHWAY,FOSB
KEGG_2026,IL-17 SIGNALING PATHWAY,ANAPC5
KEGG_2026,LEUKOCYTE TRANSENDOTHELIAL MIGRATION,ITGB1
KEGG_2026,LEUKOCYTE TRANSENDOTHELIAL MIGRATION,ITGAM
KEGG_2026,LEUKOCYTE TRANSENDOTHELIAL MIGRATION,ROCK1
KEGG_2026,LEUKOCYTE TRANSENDOTHELIAL MIGRATION,ROCK2
KEGG_2026,LEUKOCYTE TRANSENDOTHELIAL MIGRATION,GNAI3
KEGG_2026,LEUKOCYTE TRANSENDOTHELIAL MIGRATION,PIK3R3
KEGG_2026,LEUKOCYTE TRANSENDOTHELIAL MIGRATION,CXCR4
KEGG_2026,LEUKOCYTE TRANSENDOTHELIAL MIGRATION,PIK3R2
KEGG_2026,LEUKOCYTE TRANSENDOTHELIAL MIGRATION,PIK3R1
KEGG_2026,LEUKOCYTE TRANSENDOTHELIAL MIGRATION,PIK3CB
KEGG_2026,LEUKOCYTE TRANSENDOTHELIAL MIGRATION,F11R
KEGG_2026,LEUKOCYTE TRANSENDOTHELIAL MIGRATION,GNAI1
KEGG_2026,LEUKOCYTE TRANSENDOTHELIAL MIGRATION,ICAM1
KEGG_2026,LEUKOCYTE TRANSENDOTHELIAL MIGRATION,MYL12B
KEGG_2026,LEUKOCYTE TRANSENDOTHELIAL MIGRATION,GNAI2
KEGG_2026,LEUKOCYTE TRANSENDOTHELIAL MIGRATION,CDC42
KEGG_2026,LEUKOCYTE TRANSENDOTHELIAL MIGRATION,CDH5
KEGG_2026,LEUKOCYTE TRANSENDOTHELIAL MIGRATION,PLCG2
KEGG_2026,LEUKOCYTE TRANSENDOTHELIAL MIGRATION,RAC2
KEGG_2026,LEUKOCYTE TRANSENDOTHELIAL MIGRATION,PLCG1
KEGG_2026,LEUKOCYTE TRANSENDOTHELIAL MIGRATION,PRKCG
KEGG_2026,LEUKOCYTE TRANSENDOTHELIAL MIGRATION,VASP
KEGG_2026,LEUKOCYTE TRANSENDOTHELIAL MIGRATION,ITGA4
KEGG_2026,LEUKOCYTE TRANSENDOTHELIAL MIGRATION,PRKCB
KEGG_2026,LEUKOCYTE TRANSENDOTHELIAL MIGRATION,ACTN1
KEGG_2026,LEUKOCYTE TRANSENDOTHELIAL MIGRATION,MSN
KEGG_2026,LEUKOCYTE TRANSENDOTHELIAL MIGRATION,RHOH
KEGG_2026,LEUKOCYTE TRANSENDOTHELIAL MIGRATION,PRKCA
KEGG_2026,LEUKOCYTE TRANSENDOTHELIAL MIGRATION,ACTN4
KEGG_2026,LEUKOCYTE TRANSENDOTHELIAL MIGRATION,RHOA
KEGG_2026,LEUKOCYTE TRANSENDOTHELIAL MIGRATION,MYL5
KEGG_2026,LEUKOCYTE TRANSENDOTHELIAL MIGRATION,PIK3CA
KEGG_2026,LEUKOCYTE TRANSENDOTHELIAL MIGRATION,PXDN
KEGG_2026,LEUKOCYTE TRANSENDOTHELIAL MIGRATION,CLDN19
KEGG_2026,LEUKOCYTE TRANSENDOTHELIAL MIGRATION,CTNNB1
KEGG_2026,LEUKOCYTE TRANSENDOTHELIAL MIGRATION,MYL9
KEGG_2026,LEUKOCYTE TRANSENDOTHELIAL MIGRATION,RAPGEF4
KEGG_2026,TH17 CELL DIFFERENTIATION,HSP90AB1
KEGG_2026,TH17 CELL DIFFERENTIATION,RORA
KEGG_2026,TH17 CELL DIFFERENTIATION,AHR
KEGG_2026,TH17 CELL DIFFERENTIATION,IL2RG
KEGG_2026,TH17 CELL DIFFERENTIATION,HIF1A
KEGG_2026,TH17 CELL DIFFERENTIATION,RELA
KEGG_2026,TH17 CELL DIFFERENTIATION,MAPK9
KEGG_2026,TH17 CELL DIFFERENTIATION,PPP3CB
KEGG_2026,TH17 CELL DIFFERENTIATION,MAPK8
KEGG_2026,TH17 CELL DIFFERENTIATION,MAPK1
KEGG_2026,TH17 CELL DIFFERENTIATION,PLCG1
KEGG_2026,TH17 CELL DIFFERENTIATION,JAK2
KEGG_2026,TH17 CELL DIFFERENTIATION,RXRG
KEGG_2026,TH17 CELL DIFFERENTIATION,MAPK3
KEGG_2026,TH17 CELL DIFFERENTIATION,SMAD4
KEGG_2026,TH17 CELL DIFFERENTIATION,JUN
KEGG_2026,TH17 CELL DIFFERENTIATION,HSP90AA1
KEGG_2026,TH17 CELL DIFFERENTIATION,TGFB1
KEGG_2026,TH17 CELL DIFFERENTIATION,STAT1
KEGG_2026,TH17 CELL DIFFERENTIATION,STAT3
KEGG_2026,TH17 CELL DIFFERENTIATION,FOS
KEGG_2026,TH17 CELL DIFFERENTIATION,FOXP3
KEGG_2026,TH17 CELL DIFFERENTIATION,TGFBR1
KEGG_2026,TH17 CELL DIFFERENTIATION,TGFBR2
KEGG_2026,TH17 CELL DIFFERENTIATION,IL4
KEGG_2026,TH17 CELL DIFFERENTIATION,NFKBIA
KEGG_2026,TH17 CELL DIFFERENTIATION,ZAP70
KEGG_2026,TH17 CELL DIFFERENTIATION,IL6
KEGG_2026,TH17 CELL DIFFERENTIATION,CD4
KEGG_2026,TH17 CELL DIFFERENTIATION,IFNG
KEGG_2026,TH17 CELL DIFFERENTIATION,LCK
KEGG_2026,TH17 CELL DIFFERENTIATION,IL1B
KEGG_2026,TH17 CELL DIFFERENTIATION,SPNS1
KEGG_2026,TH17 CELL DIFFERENTIATION,RARA
KEGG_2026,RIBOSOME BIOGENESIS IN EUKARYOTES,RBM28
KEGG_2026,RIBOSOME BIOGENESIS IN EUKARYOTES,NAT10
KEGG_2026,RIBOSOME BIOGENESIS IN EUKARYOTES,SNU13
KEGG_2026,RIBOSOME BIOGENESIS IN EUKARYOTES,FBLL1
KEGG_2026,RIBOSOME BIOGENESIS IN EUKARYOTES,NOL6
KEGG_2026,RIBOSOME BIOGENESIS IN EUKARYOTES,FBL
KEGG_2026,RIBOSOME BIOGENESIS IN EUKARYOTES,XPO1
KEGG_2026,RIBOSOME BIOGENESIS IN EUKARYOTES,TCOF1
KEGG_2026,RIBOSOME BIOGENESIS IN EUKARYOTES,BMS1
KEGG_2026,RIBOSOME BIOGENESIS IN EUKARYOTES,UTP14A
KEGG_2026,RIBOSOME BIOGENESIS IN EUKARYOTES,RPP38
KEGG_2026,RIBOSOME BIOGENESIS IN EUKARYOTES,UTP14C
KEGG_2026,RIBOSOME BIOGENESIS IN EUKARYOTES,NOP56
KEGG_2026,RIBOSOME BIOGENESIS IN EUKARYOTES,WDR36
KEGG_2026,RIBOSOME BIOGENESIS IN EUKARYOTES,NOP58
KEGG_2026,RIBOSOME BIOGENESIS IN EUKARYOTES,UTP6
KEGG_2026,RIBOSOME BIOGENESIS IN EUKARYOTES,EFL1
KEGG_2026,RIBOSOME BIOGENESIS IN EUKARYOTES,GTPBP4
KEGG_2026,RIBOSOME BIOGENESIS IN EUKARYOTES,GNL3
KEGG_2026,RIBOSOME BIOGENESIS IN EUKARYOTES,RCL1
KEGG_2026,RIBOSOME BIOGENESIS IN EUKARYOTES,LSG1
KEGG_2026,RIBOSOME BIOGENESIS IN EUKARYOTES,EIF6
KEGG_2026,RIBOSOME BIOGENESIS IN EUKARYOTES,XRN2
KEGG_2026,RIBOSOME BIOGENESIS IN EUKARYOTES,NHP2
KEGG_2026,RIBOSOME BIOGENESIS IN EUKARYOTES,SBDS
KEGG_2026,RIBOSOME BIOGENESIS IN EUKARYOTES,RAN
KEGG_2026,BREAST CANCER,GSK3B
KEGG_2026,BREAST CANCER,ARAF
KEGG_2026,BREAST CANCER,PTEN
KEGG_2026,BREAST CANCER,LRP5
KEGG_2026,BREAST CANCER,PIK3R3
KEGG_2026,BREAST CANCER,PIK3R2
KEGG_2026,BREAST CANCER,PIK3R1
KEGG_2026,BREAST CANCER,BRCA1
KEGG_2026,BREAST CANCER,PIK3CB
KEGG_2026,BREAST CANCER,BRCA2
KEGG_2026,BREAST CANCER,EGFR
KEGG_2026,BREAST CANCER,NRAS
KEGG_2026,BREAST CANCER,WNT11
KEGG_2026,BREAST CANCER,AKT2
KEGG_2026,BREAST CANCER,MYC
KEGG_2026,BREAST CANCER,AKT3
KEGG_2026,BREAST CANCER,DVL1
KEGG_2026,BREAST CANCER,ERBB2
KEGG_2026,BREAST CANCER,DVL2
KEGG_2026,BREAST CANCER,AKT1
KEGG_2026,BREAST CANCER,MAPK1
KEGG_2026,BREAST CANCER,HRAS
KEGG_2026,BREAST CANCER,MAPK3
KEGG_2026,BREAST CANCER,MAP2K1
KEGG_2026,BREAST CANCER,JUN
KEGG_2026,BREAST CANCER,MAP2K2
KEGG_2026,BREAST CANCER,FZD2
KEGG_2026,BREAST CANCER,WNT5B
KEGG_2026,BREAST CANCER,FZD5
KEGG_2026,BREAST CANCER,FZD4
KEGG_2026,BREAST CANCER,NCOA3
KEGG_2026,BREAST CANCER,WNT5A
KEGG_2026,BREAST CANCER,FZD6
KEGG_2026,BREAST CANCER,BRAF
KEGG_2026,BREAST CANCER,FOS
KEGG_2026,BREAST CANCER,PIK3CA
KEGG_2026,BREAST CANCER,BAX
KEGG_2026,BREAST CANCER,CTNNB1
KEGG_2026,BREAST CANCER,PGR
KEGG_2026,BREAST CANCER,GRB2
KEGG_2026,BREAST CANCER,SOS1
KEGG_2026,BREAST CANCER,TP53
KEGG_2026,BREAST CANCER,SOS2
KEGG_2026,BREAST CANCER,FGFR1
KEGG_2026,BILE SECRETION,SCARB1
KEGG_2026,BILE SECRETION,SCT
KEGG_2026,BILE SECRETION,ABCB4
KEGG_2026,BILE SECRETION,SLC2A1
KEGG_2026,BILE SECRETION,ADCY4
KEGG_2026,BILE SECRETION,ATP1A4
KEGG_2026,BILE SECRETION,ADCY2
KEGG_2026,BILE SECRETION,ADCY1
KEGG_2026,BILE SECRETION,HMGCR
KEGG_2026,BILE SECRETION,ADCY8
KEGG_2026,BILE SECRETION,CYP3A4
KEGG_2026,BILE SECRETION,SLC4A4
KEGG_2026,BILE SECRETION,ADCY7
KEGG_2026,BILE SECRETION,ADCY6
KEGG_2026,BILE SECRETION,SLC9A1
KEGG_2026,BILE SECRETION,ADCY5
KEGG_2026,BILE SECRETION,CA2
KEGG_2026,BILE SECRETION,PRKACG
KEGG_2026,BILE SECRETION,PRKACB
KEGG_2026,BILE SECRETION,ABCG5
KEGG_2026,BILE SECRETION,SCTR
KEGG_2026,BILE SECRETION,PRKCA
KEGG_2026,BILE SECRETION,NR0B2
KEGG_2026,BILE SECRETION,SLC9A3
KEGG_2026,BILE SECRETION,ADCY9
KEGG_2026,BILE SECRETION,GNAS
KEGG_2026,BILE SECRETION,CFTR
KEGG_2026,BILE SECRETION,SLC27A5
KEGG_2026,BILE SECRETION,ABCG2
KEGG_2026,JAK-STAT SIGNALING PATHWAY,CNTF
KEGG_2026,JAK-STAT SIGNALING PATHWAY,CSF2
KEGG_2026,JAK-STAT SIGNALING PATHWAY,PIK3CB
KEGG_2026,JAK-STAT SIGNALING PATHWAY,AKT2
KEGG_2026,JAK-STAT SIGNALING PATHWAY,MYC
KEGG_2026,JAK-STAT SIGNALING PATHWAY,AKT3
KEGG_2026,JAK-STAT SIGNALING PATHWAY,LONP1
KEGG_2026,JAK-STAT SIGNALING PATHWAY,AKT1
KEGG_2026,JAK-STAT SIGNALING PATHWAY,EP300
KEGG_2026,JAK-STAT SIGNALING PATHWAY,AOX1
KEGG_2026,JAK-STAT SIGNALING PATHWAY,JAK2
KEGG_2026,JAK-STAT SIGNALING PATHWAY,HRAS
KEGG_2026,JAK-STAT SIGNALING PATHWAY,PIAS4
KEGG_2026,JAK-STAT SIGNALING PATHWAY,PDGFRB
KEGG_2026,JAK-STAT SIGNALING PATHWAY,IL10
KEGG_2026,JAK-STAT SIGNALING PATHWAY,PIAS3
KEGG_2026,JAK-STAT SIGNALING PATHWAY,PIAS2
KEGG_2026,JAK-STAT SIGNALING PATHWAY,PIAS1
KEGG_2026,JAK-STAT SIGNALING PATHWAY,IFNG
KEGG_2026,JAK-STAT SIGNALING PATHWAY,PIK3CA
KEGG_2026,JAK-STAT SIGNALING PATHWAY,SOS1
KEGG_2026,JAK-STAT SIGNALING PATHWAY,STAM2
KEGG_2026,JAK-STAT SIGNALING PATHWAY,SOS2
KEGG_2026,JAK-STAT SIGNALING PATHWAY,IFNAR1
KEGG_2026,JAK-STAT SIGNALING PATHWAY,CFH
KEGG_2026,JAK-STAT SIGNALING PATHWAY,CSH2
KEGG_2026,JAK-STAT SIGNALING PATHWAY,CSH1
KEGG_2026,JAK-STAT SIGNALING PATHWAY,PIK3R3
KEGG_2026,JAK-STAT SIGNALING PATHWAY,PIK3R2
KEGG_2026,JAK-STAT SIGNALING PATHWAY,PIK3R1
KEGG_2026,JAK-STAT SIGNALING PATHWAY,IL2RG
KEGG_2026,JAK-STAT SIGNALING PATHWAY,EGFR
KEGG_2026,JAK-STAT SIGNALING PATHWAY,SOCS3
KEGG_2026,JAK-STAT SIGNALING PATHWAY,SOCS1
KEGG_2026,JAK-STAT SIGNALING PATHWAY,CREBBP
KEGG_2026,JAK-STAT SIGNALING PATHWAY,STAT1
KEGG_2026,JAK-STAT SIGNALING PATHWAY,STAT2
KEGG_2026,JAK-STAT SIGNALING PATHWAY,STAT3
KEGG_2026,JAK-STAT SIGNALING PATHWAY,IL31RA
KEGG_2026,JAK-STAT SIGNALING PATHWAY,STAM
KEGG_2026,JAK-STAT SIGNALING PATHWAY,CSHL1
KEGG_2026,JAK-STAT SIGNALING PATHWAY,GFAP
KEGG_2026,JAK-STAT SIGNALING PATHWAY,IL4
KEGG_2026,JAK-STAT SIGNALING PATHWAY,GH2
KEGG_2026,JAK-STAT SIGNALING PATHWAY,GH1
KEGG_2026,JAK-STAT SIGNALING PATHWAY,IL6
KEGG_2026,JAK-STAT SIGNALING PATHWAY,LEP
KEGG_2026,JAK-STAT SIGNALING PATHWAY,BCL2
KEGG_2026,JAK-STAT SIGNALING PATHWAY,GRB2
KEGG_2026,ALCOHOLIC LIVER DISEASE,GSK3B
KEGG_2026,ALCOHOLIC LIVER DISEASE,C1QA
KEGG_2026,ALCOHOLIC LIVER DISEASE,ADH1C
KEGG_2026,ALCOHOLIC LIVER DISEASE,ADH1B
KEGG_2026,ALCOHOLIC LIVER DISEASE,ADH1A
KEGG_2026,ALCOHOLIC LIVER DISEASE,ADH7
KEGG_2026,ALCOHOLIC LIVER DISEASE,TNF
KEGG_2026,ALCOHOLIC LIVER DISEASE,ADH5
KEGG_2026,ALCOHOLIC LIVER DISEASE,RELA
KEGG_2026,ALCOHOLIC LIVER DISEASE,ADH6
KEGG_2026,ALCOHOLIC LIVER DISEASE,MAPK9
KEGG_2026,ALCOHOLIC LIVER DISEASE,MAPK8
KEGG_2026,ALCOHOLIC LIVER DISEASE,TBK1
KEGG_2026,ALCOHOLIC LIVER DISEASE,IRAK1
KEGG_2026,ALCOHOLIC LIVER DISEASE,AKT2
KEGG_2026,ALCOHOLIC LIVER DISEASE,CASP3
KEGG_2026,ALCOHOLIC LIVER DISEASE,TRA2B
KEGG_2026,ALCOHOLIC LIVER DISEASE,AKT3
KEGG_2026,ALCOHOLIC LIVER DISEASE,TRA2A
KEGG_2026,ALCOHOLIC LIVER DISEASE,AKT1
KEGG_2026,ALCOHOLIC LIVER DISEASE,ACADM
KEGG_2026,ALCOHOLIC LIVER DISEASE,PPARGC1A
KEGG_2026,ALCOHOLIC LIVER DISEASE,IKBKE
KEGG_2026,ALCOHOLIC LIVER DISEASE,MAP3K5
KEGG_2026,ALCOHOLIC LIVER DISEASE,SREBF1
KEGG_2026,ALCOHOLIC LIVER DISEASE,NDUFA2
KEGG_2026,ALCOHOLIC LIVER DISEASE,SIRT1
KEGG_2026,ALCOHOLIC LIVER DISEASE,TIRAP
KEGG_2026,ALCOHOLIC LIVER DISEASE,TNFRSF1A
KEGG_2026,ALCOHOLIC LIVER DISEASE,NFKBIA
KEGG_2026,ALCOHOLIC LIVER DISEASE,IL6
KEGG_2026,ALCOHOLIC LIVER DISEASE,TRAF3
KEGG_2026,ALCOHOLIC LIVER DISEASE,SCD
KEGG_2026,ALCOHOLIC LIVER DISEASE,FASN
KEGG_2026,ALCOHOLIC LIVER DISEASE,IL1B
KEGG_2026,ALCOHOLIC LIVER DISEASE,CTNNB1
KEGG_2026,ALCOHOLIC LIVER DISEASE,HNRNPC
KEGG_2026,ALCOHOLIC LIVER DISEASE,ACOX3
KEGG_2026,ALCOHOLIC LIVER DISEASE,ALDH7A1
KEGG_2026,ALCOHOLIC LIVER DISEASE,TLR4
KEGG_2026,ALCOHOLIC LIVER DISEASE,LPIN2
KEGG_2026,ALCOHOLIC LIVER DISEASE,MYD88
KEGG_2026,PROTEIN EXPORT,SRP19
KEGG_2026,PROTEIN EXPORT,HSPA5
KEGG_2026,PROTEIN EXPORT,SRP54
KEGG_2026,PROTEIN EXPORT,SRP68
KEGG_2026,PROTEIN EXPORT,SRP9
KEGG_2026,PROTEIN EXPORT,SEC61A2
KEGG_2026,PROTEIN EXPORT,SEC61A1
KEGG_2026,PROTEIN EXPORT,SRPRA
KEGG_2026,PROTEIN EXPORT,TMEM208
KEGG_2026,PROTEIN EXPORT,SEC61B
KEGG_2026,PROTEIN EXPORT,SEC62
KEGG_2026,PROTEIN EXPORT,GET4
KEGG_2026,PROTEIN EXPORT,SEC63
KEGG_2026,INTEGRIN SIGNALING,ITGB1
KEGG_2026,INTEGRIN SIGNALING,GSK3B
KEGG_2026,INTEGRIN SIGNALING,ITGAM
KEGG_2026,INTEGRIN SIGNALING,ITGB5
KEGG_2026,INTEGRIN SIGNALING,LAMA2
KEGG_2026,INTEGRIN SIGNALING,LAMC3
KEGG_2026,INTEGRIN SIGNALING,SRC
KEGG_2026,INTEGRIN SIGNALING,PIK3R3
KEGG_2026,INTEGRIN SIGNALING,PIK3R2
KEGG_2026,INTEGRIN SIGNALING,LAMC2
KEGG_2026,INTEGRIN SIGNALING,PIK3R1
KEGG_2026,INTEGRIN SIGNALING,ITGAE
KEGG_2026,INTEGRIN SIGNALING,PIK3CB
KEGG_2026,INTEGRIN SIGNALING,LAMC1
KEGG_2026,INTEGRIN SIGNALING,THBS1
KEGG_2026,INTEGRIN SIGNALING,EGFR
KEGG_2026,INTEGRIN SIGNALING,ICAM1
KEGG_2026,INTEGRIN SIGNALING,CDC42
KEGG_2026,INTEGRIN SIGNALING,VTN
KEGG_2026,INTEGRIN SIGNALING,FZR1
KEGG_2026,INTEGRIN SIGNALING,AKT2
KEGG_2026,INTEGRIN SIGNALING,AKT3
KEGG_2026,INTEGRIN SIGNALING,CHAD
KEGG_2026,INTEGRIN SIGNALING,PDGFC
KEGG_2026,INTEGRIN SIGNALING,ERBB2
KEGG_2026,INTEGRIN SIGNALING,RAC2
KEGG_2026,INTEGRIN SIGNALING,ITGAX
KEGG_2026,INTEGRIN SIGNALING,AKT1
KEGG_2026,INTEGRIN SIGNALING,FLNA
KEGG_2026,INTEGRIN SIGNALING,FLNB
KEGG_2026,INTEGRIN SIGNALING,PDGFRB
KEGG_2026,INTEGRIN SIGNALING,TGFB1
KEGG_2026,INTEGRIN SIGNALING,VWF
KEGG_2026,INTEGRIN SIGNALING,ITGA4
KEGG_2026,INTEGRIN SIGNALING,LAMB3
KEGG_2026,INTEGRIN SIGNALING,ACTN1
KEGG_2026,INTEGRIN SIGNALING,NCOA3
KEGG_2026,INTEGRIN SIGNALING,FN1
KEGG_2026,INTEGRIN SIGNALING,ACTN4
KEGG_2026,INTEGRIN SIGNALING,SLTM
KEGG_2026,INTEGRIN SIGNALING,PIK3CA
KEGG_2026,INTEGRIN SIGNALING,PXDN
KEGG_2026,INTEGRIN SIGNALING,CTNNB1
KEGG_2026,INTEGRIN SIGNALING,COL9A2
KEGG_2026,INTEGRIN SIGNALING,SOS1
KEGG_2026,B CELL RECEPTOR SIGNALING PATHWAY,GSK3B
KEGG_2026,B CELL RECEPTOR SIGNALING PATHWAY,PIK3R3
KEGG_2026,B CELL RECEPTOR SIGNALING PATHWAY,PIK3R2
KEGG_2026,B CELL RECEPTOR SIGNALING PATHWAY,PIK3CB
KEGG_2026,B CELL RECEPTOR SIGNALING PATHWAY,PIK3R1
KEGG_2026,B CELL RECEPTOR SIGNALING PATHWAY,RELA
KEGG_2026,B CELL RECEPTOR SIGNALING PATHWAY,PPP3CB
KEGG_2026,B CELL RECEPTOR SIGNALING PATHWAY,NRAS
KEGG_2026,B CELL RECEPTOR SIGNALING PATHWAY,AKT2
KEGG_2026,B CELL RECEPTOR SIGNALING PATHWAY,AKT3
KEGG_2026,B CELL RECEPTOR SIGNALING PATHWAY,RAC2
KEGG_2026,B CELL RECEPTOR SIGNALING PATHWAY,PLCG2
KEGG_2026,B CELL RECEPTOR SIGNALING PATHWAY,AKT1
KEGG_2026,B CELL RECEPTOR SIGNALING PATHWAY,MAPK1
KEGG_2026,B CELL RECEPTOR SIGNALING PATHWAY,HRAS
KEGG_2026,B CELL RECEPTOR SIGNALING PATHWAY,MAPK3
KEGG_2026,B CELL RECEPTOR SIGNALING PATHWAY,MAP2K1
KEGG_2026,B CELL RECEPTOR SIGNALING PATHWAY,JUN
KEGG_2026,B CELL RECEPTOR SIGNALING PATHWAY,MAP2K2
KEGG_2026,B CELL RECEPTOR SIGNALING PATHWAY,PRKCB
KEGG_2026,B CELL RECEPTOR SIGNALING PATHWAY,NCOA3
KEGG_2026,B CELL RECEPTOR SIGNALING PATHWAY,FOS
KEGG_2026,B CELL RECEPTOR SIGNALING PATHWAY,NFKBIA
KEGG_2026,B CELL RECEPTOR SIGNALING PATHWAY,PIK3CA
KEGG_2026,B CELL RECEPTOR SIGNALING PATHWAY,GRB2
KEGG_2026,B CELL RECEPTOR SIGNALING PATHWAY,SOS1
KEGG_2026,B CELL RECEPTOR SIGNALING PATHWAY,SOS2
KEGG_2026,VIRION - HUMAN IMMUNODEFICIENCY VIRUS,CD4
KEGG_2026,VIRION - HUMAN IMMUNODEFICIENCY VIRUS,CLEC4M
KEGG_2026,VIRION - HUMAN IMMUNODEFICIENCY VIRUS,CXCR4
KEGG_2026,VIRION - HUMAN IMMUNODEFICIENCY VIRUS,CCR5
KEGG_2026,ONE CARBON POOL BY FOLATE,AHCY
KEGG_2026,ONE CARBON POOL BY FOLATE,AHCYL1
KEGG_2026,ONE CARBON POOL BY FOLATE,SHMT2
KEGG_2026,ONE CARBON POOL BY FOLATE,SHMT1
KEGG_2026,ONE CARBON POOL BY FOLATE,MTR
KEGG_2026,ONE CARBON POOL BY FOLATE,MAT1A
KEGG_2026,ONE CARBON POOL BY FOLATE,TYMS
KEGG_2026,ONE CARBON POOL BY FOLATE,DHFR
KEGG_2026,ONE CARBON POOL BY FOLATE,ATIC
KEGG_2026,ONE CARBON POOL BY FOLATE,MTHFD1
KEGG_2026,ONE CARBON POOL BY FOLATE,CHDH
KEGG_2026,ONE CARBON POOL BY FOLATE,LDHD
KEGG_2026,ONE CARBON POOL BY FOLATE,ALDH7A1
KEGG_2026,ONE CARBON POOL BY FOLATE,GART
KEGG_2026,BACTERIAL INVASION OF EPITHELIAL CELLS,ITGB1
KEGG_2026,BACTERIAL INVASION OF EPITHELIAL CELLS,SRC
KEGG_2026,BACTERIAL INVASION OF EPITHELIAL CELLS,CLTC
KEGG_2026,BACTERIAL INVASION OF EPITHELIAL CELLS,PIK3R3
KEGG_2026,BACTERIAL INVASION OF EPITHELIAL CELLS,PIK3R2
KEGG_2026,BACTERIAL INVASION OF EPITHELIAL CELLS,PIK3CB
KEGG_2026,BACTERIAL INVASION OF EPITHELIAL CELLS,WASL
KEGG_2026,BACTERIAL INVASION OF EPITHELIAL CELLS,PIK3R1
KEGG_2026,BACTERIAL INVASION OF EPITHELIAL CELLS,CDC42
KEGG_2026,BACTERIAL INVASION OF EPITHELIAL CELLS,FZR1
KEGG_2026,BACTERIAL INVASION OF EPITHELIAL CELLS,CLTCL1
KEGG_2026,BACTERIAL INVASION OF EPITHELIAL CELLS,SEPTIN2
KEGG_2026,BACTERIAL INVASION OF EPITHELIAL CELLS,CAV1
KEGG_2026,BACTERIAL INVASION OF EPITHELIAL CELLS,FN1
KEGG_2026,BACTERIAL INVASION OF EPITHELIAL CELLS,RHOA
KEGG_2026,BACTERIAL INVASION OF EPITHELIAL CELLS,DNM1
KEGG_2026,BACTERIAL INVASION OF EPITHELIAL CELLS,CD2AP
KEGG_2026,BACTERIAL INVASION OF EPITHELIAL CELLS,DNM2
KEGG_2026,BACTERIAL INVASION OF EPITHELIAL CELLS,SLTM
KEGG_2026,BACTERIAL INVASION OF EPITHELIAL CELLS,PIK3CA
KEGG_2026,BACTERIAL INVASION OF EPITHELIAL CELLS,PXDN
KEGG_2026,BACTERIAL INVASION OF EPITHELIAL CELLS,ELMO1
KEGG_2026,BACTERIAL INVASION OF EPITHELIAL CELLS,ELMO2
KEGG_2026,BACTERIAL INVASION OF EPITHELIAL CELLS,CTNNB1
KEGG_2026,BACTERIAL INVASION OF EPITHELIAL CELLS,DOCK1
KEGG_2026,ALDOSTERONE-REGULATED SODIUM REABSORPTION,PRKCG
KEGG_2026,ALDOSTERONE-REGULATED SODIUM REABSORPTION,PRKCB
KEGG_2026,ALDOSTERONE-REGULATED SODIUM REABSORPTION,ATP1A4
KEGG_2026,ALDOSTERONE-REGULATED SODIUM REABSORPTION,NEDD4L
KEGG_2026,ALDOSTERONE-REGULATED SODIUM REABSORPTION,PIK3R3
KEGG_2026,ALDOSTERONE-REGULATED SODIUM REABSORPTION,PIK3R2
KEGG_2026,ALDOSTERONE-REGULATED SODIUM REABSORPTION,PRKCA
KEGG_2026,ALDOSTERONE-REGULATED SODIUM REABSORPTION,PIK3CB
KEGG_2026,ALDOSTERONE-REGULATED SODIUM REABSORPTION,PIK3R1
KEGG_2026,ALDOSTERONE-REGULATED SODIUM REABSORPTION,INS
KEGG_2026,ALDOSTERONE-REGULATED SODIUM REABSORPTION,NRAS
KEGG_2026,ALDOSTERONE-REGULATED SODIUM REABSORPTION,PIK3CA
KEGG_2026,ALDOSTERONE-REGULATED SODIUM REABSORPTION,MAPK1
KEGG_2026,ALDOSTERONE-REGULATED SODIUM REABSORPTION,MAPK3
KEGG_2026,NICOTINATE AND NICOTINAMIDE METABOLISM,NT5C2
KEGG_2026,NICOTINATE AND NICOTINAMIDE METABOLISM,SIRT1
KEGG_2026,NICOTINATE AND NICOTINAMIDE METABOLISM,NT5C
KEGG_2026,NICOTINATE AND NICOTINAMIDE METABOLISM,NT5E
KEGG_2026,NICOTINATE AND NICOTINAMIDE METABOLISM,NMNAT1
KEGG_2026,NICOTINATE AND NICOTINAMIDE METABOLISM,NNT
KEGG_2026,NICOTINATE AND NICOTINAMIDE METABOLISM,NT5C1A
KEGG_2026,NICOTINATE AND NICOTINAMIDE METABOLISM,AOX1
KEGG_2026,NICOTINATE AND NICOTINAMIDE METABOLISM,ENPP1
KEGG_2026,NICOTINATE AND NICOTINAMIDE METABOLISM,NT5M
KEGG_2026,NICOTINATE AND NICOTINAMIDE METABOLISM,ENPP3
KEGG_2026,NICOTINATE AND NICOTINAMIDE METABOLISM,NT5C1B-RDH14
KEGG_2026,NICOTINATE AND NICOTINAMIDE METABOLISM,NUDT13
KEGG_2026,NICOTINATE AND NICOTINAMIDE METABOLISM,NADK
KEGG_2026,MAPK SIGNALING PATHWAY,CSF1
KEGG_2026,MAPK SIGNALING PATHWAY,ARAF
KEGG_2026,MAPK SIGNALING PATHWAY,HSPB1
KEGG_2026,MAPK SIGNALING PATHWAY,ARRB1
KEGG_2026,MAPK SIGNALING PATHWAY,ARRB2
KEGG_2026,MAPK SIGNALING PATHWAY,TNF
KEGG_2026,MAPK SIGNALING PATHWAY,RPS6KA4
KEGG_2026,MAPK SIGNALING PATHWAY,PPP3CB
KEGG_2026,MAPK SIGNALING PATHWAY,RPS6KA5
KEGG_2026,MAPK SIGNALING PATHWAY,AKT2
KEGG_2026,MAPK SIGNALING PATHWAY,PRKACG
KEGG_2026,MAPK SIGNALING PATHWAY,MYC
KEGG_2026,MAPK SIGNALING PATHWAY,CASP3
KEGG_2026,MAPK SIGNALING PATHWAY,AKT3
KEGG_2026,MAPK SIGNALING PATHWAY,RAC2
KEGG_2026,MAPK SIGNALING PATHWAY,AKT1
KEGG_2026,MAPK SIGNALING PATHWAY,PRKACB
KEGG_2026,MAPK SIGNALING PATHWAY,HRAS
KEGG_2026,MAPK SIGNALING PATHWAY,MAP3K5
KEGG_2026,MAPK SIGNALING PATHWAY,PRKCG
KEGG_2026,MAPK SIGNALING PATHWAY,PDGFRB
KEGG_2026,MAPK SIGNALING PATHWAY,DAXX
KEGG_2026,MAPK SIGNALING PATHWAY,MAP2K1
KEGG_2026,MAPK SIGNALING PATHWAY,MAP2K2
KEGG_2026,MAPK SIGNALING PATHWAY,PRKCB
KEGG_2026,MAPK SIGNALING PATHWAY,NCOA3
KEGG_2026,MAPK SIGNALING PATHWAY,KCNH8
KEGG_2026,MAPK SIGNALING PATHWAY,PRKCA
KEGG_2026,MAPK SIGNALING PATHWAY,CACNA2D4
KEGG_2026,MAPK SIGNALING PATHWAY,FOS
KEGG_2026,MAPK SIGNALING PATHWAY,DUSP6
KEGG_2026,MAPK SIGNALING PATHWAY,TGFBR1
KEGG_2026,MAPK SIGNALING PATHWAY,TGFBR2
KEGG_2026,MAPK SIGNALING PATHWAY,TNFRSF1A
KEGG_2026,MAPK SIGNALING PATHWAY,PPM1A
KEGG_2026,MAPK SIGNALING PATHWAY,PPM1B
KEGG_2026,MAPK SIGNALING PATHWAY,SLTM
KEGG_2026,MAPK SIGNALING PATHWAY,DDIT3
KEGG_2026,MAPK SIGNALING PATHWAY,IL1B
KEGG_2026,MAPK SIGNALING PATHWAY,SOS1
KEGG_2026,MAPK SIGNALING PATHWAY,TP53
KEGG_2026,MAPK SIGNALING PATHWAY,SOS2
KEGG_2026,MAPK SIGNALING PATHWAY,ATF4
KEGG_2026,MAPK SIGNALING PATHWAY,MAX
KEGG_2026,MAPK SIGNALING PATHWAY,CACNA1F
KEGG_2026,MAPK SIGNALING PATHWAY,EGFR
KEGG_2026,MAPK SIGNALING PATHWAY,RELA
KEGG_2026,MAPK SIGNALING PATHWAY,RELB
KEGG_2026,MAPK SIGNALING PATHWAY,INS
KEGG_2026,MAPK SIGNALING PATHWAY,CDC42
KEGG_2026,MAPK SIGNALING PATHWAY,MAPK9
KEGG_2026,MAPK SIGNALING PATHWAY,NRAS
KEGG_2026,MAPK SIGNALING PATHWAY,MAPK8
KEGG_2026,MAPK SIGNALING PATHWAY,IRAK1
KEGG_2026,MAPK SIGNALING PATHWAY,PDGFC
KEGG_2026,MAPK SIGNALING PATHWAY,ERBB2
KEGG_2026,MAPK SIGNALING PATHWAY,GNA12
KEGG_2026,MAPK SIGNALING PATHWAY,FLNA
KEGG_2026,MAPK SIGNALING PATHWAY,MAPK1
KEGG_2026,MAPK SIGNALING PATHWAY,CACNG2
KEGG_2026,MAPK SIGNALING PATHWAY,MAPK3
KEGG_2026,MAPK SIGNALING PATHWAY,HSPA8
KEGG_2026,MAPK SIGNALING PATHWAY,NTRK2
KEGG_2026,MAPK SIGNALING PATHWAY,JUN
KEGG_2026,MAPK SIGNALING PATHWAY,JUND
KEGG_2026,MAPK SIGNALING PATHWAY,MAP3K1
KEGG_2026,MAPK SIGNALING PATHWAY,TGFB1
KEGG_2026,MAPK SIGNALING PATHWAY,NDUFA2
KEGG_2026,MAPK SIGNALING PATHWAY,BRAF
KEGG_2026,MAPK SIGNALING PATHWAY,GNG12
KEGG_2026,MAPK SIGNALING PATHWAY,FASN
KEGG_2026,MAPK SIGNALING PATHWAY,NF1
KEGG_2026,MAPK SIGNALING PATHWAY,GRB2
KEGG_2026,MAPK SIGNALING PATHWAY,HSPA1B
KEGG_2026,MAPK SIGNALING PATHWAY,MYD88
KEGG_2026,MAPK SIGNALING PATHWAY,HSPA1A
KEGG_2026,MAPK SIGNALING PATHWAY,FGFR1
KEGG_2026,BASAL CELL CARCINOMA,GSK3B
KEGG_2026,BASAL CELL CARCINOMA,FZD2
KEGG_2026,BASAL CELL CARCINOMA,WNT5B
KEGG_2026,BASAL CELL CARCINOMA,FZD5
KEGG_2026,BASAL CELL CARCINOMA,FZD4
KEGG_2026,BASAL CELL CARCINOMA,PTCH1
KEGG_2026,BASAL CELL CARCINOMA,WNT5A
KEGG_2026,BASAL CELL CARCINOMA,FZD6
KEGG_2026,BASAL CELL CARCINOMA,GLI1
KEGG_2026,BASAL CELL CARCINOMA,KIF7
KEGG_2026,BASAL CELL CARCINOMA,GLI3
KEGG_2026,BASAL CELL CARCINOMA,GLI2
KEGG_2026,BASAL CELL CARCINOMA,SHH
KEGG_2026,BASAL CELL CARCINOMA,WNT11
KEGG_2026,BASAL CELL CARCINOMA,SUFU
KEGG_2026,BASAL CELL CARCINOMA,DVL1
KEGG_2026,BASAL CELL CARCINOMA,DVL2
KEGG_2026,BASAL CELL CARCINOMA,BAX
KEGG_2026,BASAL CELL CARCINOMA,CTNNB1
KEGG_2026,BASAL CELL CARCINOMA,TP53
KEGG_2026,NOD-LIKE RECEPTOR SIGNALING PATHWAY,YWHAE
KEGG_2026,NOD-LIKE RECEPTOR SIGNALING PATHWAY,HSP90AB1
KEGG_2026,NOD-LIKE RECEPTOR SIGNALING PATHWAY,TNF
KEGG_2026,NOD-LIKE RECEPTOR SIGNALING PATHWAY,MAP1LC3B
KEGG_2026,NOD-LIKE RECEPTOR SIGNALING PATHWAY,PSTPIP1
KEGG_2026,NOD-LIKE RECEPTOR SIGNALING PATHWAY,TBK1
KEGG_2026,NOD-LIKE RECEPTOR SIGNALING PATHWAY,MAP1LC3A
KEGG_2026,NOD-LIKE RECEPTOR SIGNALING PATHWAY,IKBKE
KEGG_2026,NOD-LIKE RECEPTOR SIGNALING PATHWAY,GABARAPL2
KEGG_2026,NOD-LIKE RECEPTOR SIGNALING PATHWAY,GABARAPL1
KEGG_2026,NOD-LIKE RECEPTOR SIGNALING PATHWAY,CASR
KEGG_2026,NOD-LIKE RECEPTOR SIGNALING PATHWAY,HSP90AA1
KEGG_2026,NOD-LIKE RECEPTOR SIGNALING PATHWAY,RHOA
KEGG_2026,NOD-LIKE RECEPTOR SIGNALING PATHWAY,PLCB3
KEGG_2026,NOD-LIKE RECEPTOR SIGNALING PATHWAY,PLCB4
KEGG_2026,NOD-LIKE RECEPTOR SIGNALING PATHWAY,TRAF3
KEGG_2026,NOD-LIKE RECEPTOR SIGNALING PATHWAY,IL1B
KEGG_2026,NOD-LIKE RECEPTOR SIGNALING PATHWAY,VDAC3
KEGG_2026,NOD-LIKE RECEPTOR SIGNALING PATHWAY,TXNIP
KEGG_2026,NOD-LIKE RECEPTOR SIGNALING PATHWAY,VDAC2
KEGG_2026,NOD-LIKE RECEPTOR SIGNALING PATHWAY,VDAC1
KEGG_2026,NOD-LIKE RECEPTOR SIGNALING PATHWAY,RBCK1
KEGG_2026,NOD-LIKE RECEPTOR SIGNALING PATHWAY,PLCB1
KEGG_2026,NOD-LIKE RECEPTOR SIGNALING PATHWAY,TLR4
KEGG_2026,NOD-LIKE RECEPTOR SIGNALING PATHWAY,PLCB2
KEGG_2026,NOD-LIKE RECEPTOR SIGNALING PATHWAY,IFNAR1
KEGG_2026,NOD-LIKE RECEPTOR SIGNALING PATHWAY,BIRC3
KEGG_2026,NOD-LIKE RECEPTOR SIGNALING PATHWAY,ATL1
KEGG_2026,NOD-LIKE RECEPTOR SIGNALING PATHWAY,BRCC3
KEGG_2026,NOD-LIKE RECEPTOR SIGNALING PATHWAY,NOD2
KEGG_2026,NOD-LIKE RECEPTOR SIGNALING PATHWAY,MEFV
KEGG_2026,NOD-LIKE RECEPTOR SIGNALING PATHWAY,GABARAP
KEGG_2026,NOD-LIKE RECEPTOR SIGNALING PATHWAY,RELA
KEGG_2026,NOD-LIKE RECEPTOR SIGNALING PATHWAY,MAPK9
KEGG_2026,NOD-LIKE RECEPTOR SIGNALING PATHWAY,MAPK8
KEGG_2026,NOD-LIKE RECEPTOR SIGNALING PATHWAY,DHX33
KEGG_2026,NOD-LIKE RECEPTOR SIGNALING PATHWAY,NLRP3
KEGG_2026,NOD-LIKE RECEPTOR SIGNALING PATHWAY,CCL2
KEGG_2026,NOD-LIKE RECEPTOR SIGNALING PATHWAY,MAPK1
KEGG_2026,NOD-LIKE RECEPTOR SIGNALING PATHWAY,TP53BP1
KEGG_2026,NOD-LIKE RECEPTOR SIGNALING PATHWAY,MAPK3
KEGG_2026,NOD-LIKE RECEPTOR SIGNALING PATHWAY,JUN
KEGG_2026,NOD-LIKE RECEPTOR SIGNALING PATHWAY,STAT1
KEGG_2026,NOD-LIKE RECEPTOR SIGNALING PATHWAY,STAT2
KEGG_2026,NOD-LIKE RECEPTOR SIGNALING PATHWAY,NFKBIA
KEGG_2026,NOD-LIKE RECEPTOR SIGNALING PATHWAY,MAVS
KEGG_2026,NOD-LIKE RECEPTOR SIGNALING PATHWAY,IL6
KEGG_2026,NOD-LIKE RECEPTOR SIGNALING PATHWAY,NLRP12
KEGG_2026,NOD-LIKE RECEPTOR SIGNALING PATHWAY,BCL2
KEGG_2026,NOD-LIKE RECEPTOR SIGNALING PATHWAY,MYD88
KEGG_2026,CYSTEINE AND METHIONINE METABOLISM,GOT1L1
KEGG_2026,CYSTEINE AND METHIONINE METABOLISM,AHCYL1
KEGG_2026,CYSTEINE AND METHIONINE METABOLISM,AHCY
KEGG_2026,CYSTEINE AND METHIONINE METABOLISM,MDH2
KEGG_2026,CYSTEINE AND METHIONINE METABOLISM,NPR2
KEGG_2026,CYSTEINE AND METHIONINE METABOLISM,GOT2
KEGG_2026,CYSTEINE AND METHIONINE METABOLISM,MTR
KEGG_2026,CYSTEINE AND METHIONINE METABOLISM,MAT1A
KEGG_2026,CYSTEINE AND METHIONINE METABOLISM,SDSL
KEGG_2026,CYSTEINE AND METHIONINE METABOLISM,IL4I1
KEGG_2026,CYSTEINE AND METHIONINE METABOLISM,MTAP
KEGG_2026,CYSTEINE AND METHIONINE METABOLISM,LDHA
KEGG_2026,CYSTEINE AND METHIONINE METABOLISM,PSAT1
KEGG_2026,CYSTEINE AND METHIONINE METABOLISM,SBDS
KEGG_2026,CYSTEINE AND METHIONINE METABOLISM,PHGDH
KEGG_2026,CYSTEINE AND METHIONINE METABOLISM,BCAT1
KEGG_2026,CYSTEINE AND METHIONINE METABOLISM,BCAT2
KEGG_2026,ARGININE BIOSYNTHESIS,GOT1L1
KEGG_2026,ARGININE BIOSYNTHESIS,GPT2
KEGG_2026,ARGININE BIOSYNTHESIS,GOT2
KEGG_2026,ARGININE BIOSYNTHESIS,GPT
KEGG_2026,ARGININE BIOSYNTHESIS,ASL
KEGG_2026,ARGININE BIOSYNTHESIS,NAGS
KEGG_2026,ARGININE BIOSYNTHESIS,GLUL
KEGG_2026,ARGININE BIOSYNTHESIS,ASS1
KEGG_2026,ARGININE BIOSYNTHESIS,OTC
KEGG_2026,NF-KAPPA B SIGNALING PATHWAY,PTGS2
KEGG_2026,NF-KAPPA B SIGNALING PATHWAY,TNF
KEGG_2026,NF-KAPPA B SIGNALING PATHWAY,RELA
KEGG_2026,NF-KAPPA B SIGNALING PATHWAY,ICAM1
KEGG_2026,NF-KAPPA B SIGNALING PATHWAY,TNFSF13B
KEGG_2026,NF-KAPPA B SIGNALING PATHWAY,RELB
KEGG_2026,NF-KAPPA B SIGNALING PATHWAY,IRAK1
KEGG_2026,NF-KAPPA B SIGNALING PATHWAY,PLCG2
KEGG_2026,NF-KAPPA B SIGNALING PATHWAY,PLCG1
KEGG_2026,NF-KAPPA B SIGNALING PATHWAY,ERC1
KEGG_2026,NF-KAPPA B SIGNALING PATHWAY,CCL19
KEGG_2026,NF-KAPPA B SIGNALING PATHWAY,PIAS4
KEGG_2026,NF-KAPPA B SIGNALING PATHWAY,UBE2I
KEGG_2026,NF-KAPPA B SIGNALING PATHWAY,CCL21
KEGG_2026,NF-KAPPA B SIGNALING PATHWAY,PRKCB
KEGG_2026,NF-KAPPA B SIGNALING PATHWAY,NDUFA2
KEGG_2026,NF-KAPPA B SIGNALING PATHWAY,TIRAP
KEGG_2026,NF-KAPPA B SIGNALING PATHWAY,TNFRSF1A
KEGG_2026,NF-KAPPA B SIGNALING PATHWAY,NFKBIA
KEGG_2026,NF-KAPPA B SIGNALING PATHWAY,ZAP70
KEGG_2026,NF-KAPPA B SIGNALING PATHWAY,LCK
KEGG_2026,NF-KAPPA B SIGNALING PATHWAY,TRAF3
KEGG_2026,NF-KAPPA B SIGNALING PATHWAY,IL1B
KEGG_2026,NF-KAPPA B SIGNALING PATHWAY,SPNS1
KEGG_2026,NF-KAPPA B SIGNALING PATHWAY,BCL2
KEGG_2026,NF-KAPPA B SIGNALING PATHWAY,LTBR
KEGG_2026,NF-KAPPA B SIGNALING PATHWAY,CARD14
KEGG_2026,NF-KAPPA B SIGNALING PATHWAY,TLR4
KEGG_2026,NF-KAPPA B SIGNALING PATHWAY,MYD88
KEGG_2026,NF-KAPPA B SIGNALING PATHWAY,BIRC3
KEGG_2026,PHENYLALANINE METABOLISM,AOC3
KEGG_2026,PHENYLALANINE METABOLISM,IL4I1
KEGG_2026,PHENYLALANINE METABOLISM,GOT1L1
KEGG_2026,PHENYLALANINE METABOLISM,AOC2
KEGG_2026,PHENYLALANINE METABOLISM,MAOB
KEGG_2026,PHENYLALANINE METABOLISM,GOT2
KEGG_2026,PHENYLALANINE METABOLISM,HPD
KEGG_2026,BUTANOATE METABOLISM,HMGCL
KEGG_2026,BUTANOATE METABOLISM,HADHA
KEGG_2026,BUTANOATE METABOLISM,ECHS1
KEGG_2026,BUTANOATE METABOLISM,ALDH5A1
KEGG_2026,BUTANOATE METABOLISM,HMGCS1
KEGG_2026,BUTANOATE METABOLISM,GAD2
KEGG_2026,BUTANOATE METABOLISM,HMGCS2
KEGG_2026,BUTANOATE METABOLISM,L2HGDH
KEGG_2026,BUTANOATE METABOLISM,HMGCLL1
KEGG_2026,BUTANOATE METABOLISM,AACS
KEGG_2026,FOLATE BIOSYNTHESIS,DHFR
KEGG_2026,FOLATE BIOSYNTHESIS,QDPR
KEGG_2026,FOLATE BIOSYNTHESIS,AKR1B10
KEGG_2026,FOLATE BIOSYNTHESIS,GCH1
KEGG_2026,FOLATE BIOSYNTHESIS,TH
KEGG_2026,FOLATE BIOSYNTHESIS,ALPP
KEGG_2026,FOLATE BIOSYNTHESIS,FPGS
KEGG_2026,FOLATE BIOSYNTHESIS,AKR1B1
KEGG_2026,FOLATE BIOSYNTHESIS,MOCS1
KEGG_2026,FOLATE BIOSYNTHESIS,GPHN
KEGG_2026,MALARIA,IL10
KEGG_2026,MALARIA,TGFB1
KEGG_2026,MALARIA,TNF
KEGG_2026,MALARIA,THBS1
KEGG_2026,MALARIA,ICAM1
KEGG_2026,MALARIA,IL6
KEGG_2026,MALARIA,IFNG
KEGG_2026,MALARIA,SLTM
KEGG_2026,MALARIA,IL1B
KEGG_2026,MALARIA,CCL2
KEGG_2026,MALARIA,SDC1
KEGG_2026,MALARIA,CD36
KEGG_2026,MALARIA,SOS1
KEGG_2026,MALARIA,TLR4
KEGG_2026,MALARIA,MYD88
KEGG_2026,MALARIA,TLR2
KEGG_2026,TRANSCRIPTIONAL MISREGULATION IN CANCER,CD86
KEGG_2026,TRANSCRIPTIONAL MISREGULATION IN CANCER,CSF2
KEGG_2026,TRANSCRIPTIONAL MISREGULATION IN CANCER,ITGAM
KEGG_2026,TRANSCRIPTIONAL MISREGULATION IN CANCER,AFF1
KEGG_2026,TRANSCRIPTIONAL MISREGULATION IN CANCER,SIN3A
KEGG_2026,TRANSCRIPTIONAL MISREGULATION IN CANCER,MYC
KEGG_2026,TRANSCRIPTIONAL MISREGULATION IN CANCER,H3-3A
KEGG_2026,TRANSCRIPTIONAL MISREGULATION IN CANCER,MEN1
KEGG_2026,TRANSCRIPTIONAL MISREGULATION IN CANCER,H3-3B
KEGG_2026,TRANSCRIPTIONAL MISREGULATION IN CANCER,PAX3
KEGG_2026,TRANSCRIPTIONAL MISREGULATION IN CANCER,MITF
KEGG_2026,TRANSCRIPTIONAL MISREGULATION IN CANCER,DUSP6
KEGG_2026,TRANSCRIPTIONAL MISREGULATION IN CANCER,TGFBR2
KEGG_2026,TRANSCRIPTIONAL MISREGULATION IN CANCER,MAF
KEGG_2026,TRANSCRIPTIONAL MISREGULATION IN CANCER,NCOR1
KEGG_2026,TRANSCRIPTIONAL MISREGULATION IN CANCER,SLTM
KEGG_2026,TRANSCRIPTIONAL MISREGULATION IN CANCER,EWSR1
KEGG_2026,TRANSCRIPTIONAL MISREGULATION IN CANCER,DDIT3
KEGG_2026,TRANSCRIPTIONAL MISREGULATION IN CANCER,RARA
KEGG_2026,TRANSCRIPTIONAL MISREGULATION IN CANCER,PPARG
KEGG_2026,TRANSCRIPTIONAL MISREGULATION IN CANCER,TP53
KEGG_2026,TRANSCRIPTIONAL MISREGULATION IN CANCER,BIRC3
KEGG_2026,TRANSCRIPTIONAL MISREGULATION IN CANCER,DDX5
KEGG_2026,TRANSCRIPTIONAL MISREGULATION IN CANCER,CEBPB
KEGG_2026,TRANSCRIPTIONAL MISREGULATION IN CANCER,HDAC2
KEGG_2026,TRANSCRIPTIONAL MISREGULATION IN CANCER,KMT2A
KEGG_2026,TRANSCRIPTIONAL MISREGULATION IN CANCER,MAX
KEGG_2026,TRANSCRIPTIONAL MISREGULATION IN CANCER,CEBPE
KEGG_2026,TRANSCRIPTIONAL MISREGULATION IN CANCER,HDAC1
KEGG_2026,TRANSCRIPTIONAL MISREGULATION IN CANCER,DOT1L
KEGG_2026,TRANSCRIPTIONAL MISREGULATION IN CANCER,PRCC
KEGG_2026,TRANSCRIPTIONAL MISREGULATION IN CANCER,MLLT1
KEGG_2026,TRANSCRIPTIONAL MISREGULATION IN CANCER,MLLT3
KEGG_2026,TRANSCRIPTIONAL MISREGULATION IN CANCER,RELA
KEGG_2026,TRANSCRIPTIONAL MISREGULATION IN CANCER,PROM1
KEGG_2026,TRANSCRIPTIONAL MISREGULATION IN CANCER,FCGR1A
KEGG_2026,TRANSCRIPTIONAL MISREGULATION IN CANCER,RXRG
KEGG_2026,TRANSCRIPTIONAL MISREGULATION IN CANCER,ZBTB17
KEGG_2026,TRANSCRIPTIONAL MISREGULATION IN CANCER,JUP
KEGG_2026,TRANSCRIPTIONAL MISREGULATION IN CANCER,FUS
KEGG_2026,TRANSCRIPTIONAL MISREGULATION IN CANCER,NDUFA2
KEGG_2026,TRANSCRIPTIONAL MISREGULATION IN CANCER,PML
KEGG_2026,TRANSCRIPTIONAL MISREGULATION IN CANCER,PER2
KEGG_2026,TRANSCRIPTIONAL MISREGULATION IN CANCER,IL6
KEGG_2026,TRANSCRIPTIONAL MISREGULATION IN CANCER,BCL6
KEGG_2026,TRANSCRIPTIONAL MISREGULATION IN CANCER,WT1
KEGG_2026,TRANSCRIPTIONAL MISREGULATION IN CANCER,REL
KEGG_2026,TRANSCRIPTIONAL MISREGULATION IN CANCER,MDM2
KEGG_2026,TRANSCRIPTIONAL MISREGULATION IN CANCER,BAX
KEGG_2026,NEUROACTIVE LIGAND-RECEPTOR INTERACTION,OXTR
KEGG_2026,NEUROACTIVE LIGAND-RECEPTOR INTERACTION,GABRB1
KEGG_2026,NEUROACTIVE LIGAND-RECEPTOR INTERACTION,CHRM1
KEGG_2026,NEUROACTIVE LIGAND-RECEPTOR INTERACTION,THRB
KEGG_2026,NEUROACTIVE LIGAND-RECEPTOR INTERACTION,SCT
KEGG_2026,NEUROACTIVE LIGAND-RECEPTOR INTERACTION,NPY2R
KEGG_2026,NEUROACTIVE LIGAND-RECEPTOR INTERACTION,MLNR
KEGG_2026,NEUROACTIVE LIGAND-RECEPTOR INTERACTION,RXFP4
KEGG_2026,NEUROACTIVE LIGAND-RECEPTOR INTERACTION,HTR2B
KEGG_2026,NEUROACTIVE LIGAND-RECEPTOR INTERACTION,HTR2C
KEGG_2026,NEUROACTIVE LIGAND-RECEPTOR INTERACTION,ADRA1D
KEGG_2026,NEUROACTIVE LIGAND-RECEPTOR INTERACTION,OXT
KEGG_2026,NEUROACTIVE LIGAND-RECEPTOR INTERACTION,PTH1R
KEGG_2026,NEUROACTIVE LIGAND-RECEPTOR INTERACTION,ADRA1B
KEGG_2026,NEUROACTIVE LIGAND-RECEPTOR INTERACTION,ADRA1A
KEGG_2026,NEUROACTIVE LIGAND-RECEPTOR INTERACTION,GRM1
KEGG_2026,NEUROACTIVE LIGAND-RECEPTOR INTERACTION,MC4R
KEGG_2026,NEUROACTIVE LIGAND-RECEPTOR INTERACTION,GABRR2
KEGG_2026,NEUROACTIVE LIGAND-RECEPTOR INTERACTION,GABRR1
KEGG_2026,NEUROACTIVE LIGAND-RECEPTOR INTERACTION,GRM5
KEGG_2026,NEUROACTIVE LIGAND-RECEPTOR INTERACTION,GRM6
KEGG_2026,NEUROACTIVE LIGAND-RECEPTOR INTERACTION,GNRHR
KEGG_2026,NEUROACTIVE LIGAND-RECEPTOR INTERACTION,PMPCB
KEGG_2026,NEUROACTIVE LIGAND-RECEPTOR INTERACTION,LHCGR
KEGG_2026,NEUROACTIVE LIGAND-RECEPTOR INTERACTION,AVPR1B
KEGG_2026,NEUROACTIVE LIGAND-RECEPTOR INTERACTION,AVPR2
KEGG_2026,NEUROACTIVE LIGAND-RECEPTOR INTERACTION,NPY1R
KEGG_2026,NEUROACTIVE LIGAND-RECEPTOR INTERACTION,TAAR5
KEGG_2026,NEUROACTIVE LIGAND-RECEPTOR INTERACTION,PTH2R
KEGG_2026,NEUROACTIVE LIGAND-RECEPTOR INTERACTION,AVPR1A
KEGG_2026,NEUROACTIVE LIGAND-RECEPTOR INTERACTION,OPRM1
KEGG_2026,NEUROACTIVE LIGAND-RECEPTOR INTERACTION,PDYN
KEGG_2026,NEUROACTIVE LIGAND-RECEPTOR INTERACTION,SSTR2
KEGG_2026,NEUROACTIVE LIGAND-RECEPTOR INTERACTION,TAAR1
KEGG_2026,NEUROACTIVE LIGAND-RECEPTOR INTERACTION,ADRA2B
KEGG_2026,NEUROACTIVE LIGAND-RECEPTOR INTERACTION,SSTR3
KEGG_2026,NEUROACTIVE LIGAND-RECEPTOR INTERACTION,GABRG2
KEGG_2026,NEUROACTIVE LIGAND-RECEPTOR INTERACTION,ADRA2A
KEGG_2026,NEUROACTIVE LIGAND-RECEPTOR INTERACTION,TRHR
KEGG_2026,NEUROACTIVE LIGAND-RECEPTOR INTERACTION,SSTR5
KEGG_2026,NEUROACTIVE LIGAND-RECEPTOR INTERACTION,ADRB3
KEGG_2026,NEUROACTIVE LIGAND-RECEPTOR INTERACTION,ADORA2A
KEGG_2026,NEUROACTIVE LIGAND-RECEPTOR INTERACTION,AGTR1
KEGG_2026,NEUROACTIVE LIGAND-RECEPTOR INTERACTION,CRH
KEGG_2026,NEUROACTIVE LIGAND-RECEPTOR INTERACTION,AGTR2
KEGG_2026,NEUROACTIVE LIGAND-RECEPTOR INTERACTION,AGXT
KEGG_2026,NEUROACTIVE LIGAND-RECEPTOR INTERACTION,NPSR1
KEGG_2026,NEUROACTIVE LIGAND-RECEPTOR INTERACTION,GRIA1
KEGG_2026,NEUROACTIVE LIGAND-RECEPTOR INTERACTION,CSH2
KEGG_2026,NEUROACTIVE LIGAND-RECEPTOR INTERACTION,CSH1
KEGG_2026,NEUROACTIVE LIGAND-RECEPTOR INTERACTION,PTAFR
KEGG_2026,NEUROACTIVE LIGAND-RECEPTOR INTERACTION,FPR1
KEGG_2026,NEUROACTIVE LIGAND-RECEPTOR INTERACTION,ADRB1
KEGG_2026,NEUROACTIVE LIGAND-RECEPTOR INTERACTION,ADRB2
KEGG_2026,NEUROACTIVE LIGAND-RECEPTOR INTERACTION,NTS
KEGG_2026,NEUROACTIVE LIGAND-RECEPTOR INTERACTION,MCHR1
KEGG_2026,NEUROACTIVE LIGAND-RECEPTOR INTERACTION,CRHR1
KEGG_2026,NEUROACTIVE LIGAND-RECEPTOR INTERACTION,MC2R
KEGG_2026,NEUROACTIVE LIGAND-RECEPTOR INTERACTION,GPNMB
KEGG_2026,NEUROACTIVE LIGAND-RECEPTOR INTERACTION,DHX34
KEGG_2026,NEUROACTIVE LIGAND-RECEPTOR INTERACTION,TBXA2R
KEGG_2026,NEUROACTIVE LIGAND-RECEPTOR INTERACTION,HRH2
KEGG_2026,NEUROACTIVE LIGAND-RECEPTOR INTERACTION,NPY
KEGG_2026,NEUROACTIVE LIGAND-RECEPTOR INTERACTION,NLRP3
KEGG_2026,NEUROACTIVE LIGAND-RECEPTOR INTERACTION,HCRT
KEGG_2026,NEUROACTIVE LIGAND-RECEPTOR INTERACTION,DRD2
KEGG_2026,NEUROACTIVE LIGAND-RECEPTOR INTERACTION,TAC1
KEGG_2026,NEUROACTIVE LIGAND-RECEPTOR INTERACTION,GABRD
KEGG_2026,NEUROACTIVE LIGAND-RECEPTOR INTERACTION,NTSR1
KEGG_2026,NEUROACTIVE LIGAND-RECEPTOR INTERACTION,DRD4
KEGG_2026,NEUROACTIVE LIGAND-RECEPTOR INTERACTION,NTSR2
KEGG_2026,NEUROACTIVE LIGAND-RECEPTOR INTERACTION,GABRA1
KEGG_2026,NEUROACTIVE LIGAND-RECEPTOR INTERACTION,GABBR1
KEGG_2026,NEUROACTIVE LIGAND-RECEPTOR INTERACTION,GABRA5
KEGG_2026,NEUROACTIVE LIGAND-RECEPTOR INTERACTION,GCGR
KEGG_2026,NEUROACTIVE LIGAND-RECEPTOR INTERACTION,SCTR
KEGG_2026,NEUROACTIVE LIGAND-RECEPTOR INTERACTION,CSHL1
KEGG_2026,NEUROACTIVE LIGAND-RECEPTOR INTERACTION,TRPV1
KEGG_2026,NEUROACTIVE LIGAND-RECEPTOR INTERACTION,GH2
KEGG_2026,NEUROACTIVE LIGAND-RECEPTOR INTERACTION,POMC
KEGG_2026,NEUROACTIVE LIGAND-RECEPTOR INTERACTION,PYY
KEGG_2026,NEUROACTIVE LIGAND-RECEPTOR INTERACTION,GH1
KEGG_2026,NEUROACTIVE LIGAND-RECEPTOR INTERACTION,MC1R
KEGG_2026,NEUROACTIVE LIGAND-RECEPTOR INTERACTION,P2RX4
KEGG_2026,NEUROACTIVE LIGAND-RECEPTOR INTERACTION,GHRH
KEGG_2026,NEUROACTIVE LIGAND-RECEPTOR INTERACTION,LEP
KEGG_2026,NEUROACTIVE LIGAND-RECEPTOR INTERACTION,PNOC
KEGG_2026,NEUROACTIVE LIGAND-RECEPTOR INTERACTION,MC5R
KEGG_2026,NEUROACTIVE LIGAND-RECEPTOR INTERACTION,GHRL
KEGG_2026,HIPPO SIGNALING PATHWAY,YWHAE
KEGG_2026,HIPPO SIGNALING PATHWAY,CRB2
KEGG_2026,HIPPO SIGNALING PATHWAY,GSK3B
KEGG_2026,HIPPO SIGNALING PATHWAY,CRB1
KEGG_2026,HIPPO SIGNALING PATHWAY,PATJ
KEGG_2026,HIPPO SIGNALING PATHWAY,YWHAB
KEGG_2026,HIPPO SIGNALING PATHWAY,PRKCZ
KEGG_2026,HIPPO SIGNALING PATHWAY,GLI2
KEGG_2026,HIPPO SIGNALING PATHWAY,SOX2
KEGG_2026,HIPPO SIGNALING PATHWAY,PPP1CB
KEGG_2026,HIPPO SIGNALING PATHWAY,PPP1CC
KEGG_2026,HIPPO SIGNALING PATHWAY,FZR1
KEGG_2026,HIPPO SIGNALING PATHWAY,PARD6A
KEGG_2026,HIPPO SIGNALING PATHWAY,WNT11
KEGG_2026,HIPPO SIGNALING PATHWAY,YWHAQ
KEGG_2026,HIPPO SIGNALING PATHWAY,MYC
KEGG_2026,HIPPO SIGNALING PATHWAY,DVL1
KEGG_2026,HIPPO SIGNALING PATHWAY,DVL2
KEGG_2026,HIPPO SIGNALING PATHWAY,TRIM26
KEGG_2026,HIPPO SIGNALING PATHWAY,YWHAG
KEGG_2026,HIPPO SIGNALING PATHWAY,YWHAH
KEGG_2026,HIPPO SIGNALING PATHWAY,SMAD4
KEGG_2026,HIPPO SIGNALING PATHWAY,MPP3
KEGG_2026,HIPPO SIGNALING PATHWAY,FZD2
KEGG_2026,HIPPO SIGNALING PATHWAY,TGFB1
KEGG_2026,HIPPO SIGNALING PATHWAY,WNT5B
KEGG_2026,HIPPO SIGNALING PATHWAY,FZD5
KEGG_2026,HIPPO SIGNALING PATHWAY,FZD4
KEGG_2026,HIPPO SIGNALING PATHWAY,WNT5A
KEGG_2026,HIPPO SIGNALING PATHWAY,FZD6
KEGG_2026,HIPPO SIGNALING PATHWAY,SCRIB
KEGG_2026,HIPPO SIGNALING PATHWAY,WTIP
KEGG_2026,HIPPO SIGNALING PATHWAY,YWHAZ
KEGG_2026,HIPPO SIGNALING PATHWAY,TGFBR1
KEGG_2026,HIPPO SIGNALING PATHWAY,TGFBR2
KEGG_2026,HIPPO SIGNALING PATHWAY,PPP1CA
KEGG_2026,HIPPO SIGNALING PATHWAY,FRMD6
KEGG_2026,HIPPO SIGNALING PATHWAY,PARD3
KEGG_2026,HIPPO SIGNALING PATHWAY,CTNNB1
KEGG_2026,HIPPO SIGNALING PATHWAY,LLGL2
KEGG_2026,HIPPO SIGNALING PATHWAY,BIRC3
KEGG_2026,VIRAL MYOCARDITIS,CD86
KEGG_2026,VIRAL MYOCARDITIS,LAMA2
KEGG_2026,VIRAL MYOCARDITIS,CD80
KEGG_2026,VIRAL MYOCARDITIS,NCOA3
KEGG_2026,VIRAL MYOCARDITIS,CAV1
KEGG_2026,VIRAL MYOCARDITIS,HLA-B
KEGG_2026,VIRAL MYOCARDITIS,HLA-A
KEGG_2026,VIRAL MYOCARDITIS,ICAM1
KEGG_2026,VIRAL MYOCARDITIS,SGCD
KEGG_2026,VIRAL MYOCARDITIS,SGCA
KEGG_2026,VIRAL MYOCARDITIS,SGCB
KEGG_2026,VIRAL MYOCARDITIS,CASP3
KEGG_2026,VIRAL MYOCARDITIS,RAC2
KEGG_2026,VIRAL MYOCARDITIS,DAG1
KEGG_2026,VIRAL MYOCARDITIS,ABL1
KEGG_2026,VIRAL MYOCARDITIS,ABL2
KEGG_2026,VIRAL MYOCARDITIS,CYCS
KEGG_2026,VIRAL MYOCARDITIS,FYN
KEGG_2026,VIRAL MYOCARDITIS,DMD
KEGG_2026,VIRAL MYOCARDITIS,SGCG
KEGG_2026,"NEOMYCIN, KANAMYCIN AND GENTAMICIN BIOSYNTHESIS",HOOK2
KEGG_2026,"NEOMYCIN, KANAMYCIN AND GENTAMICIN BIOSYNTHESIS",HKDC1
KEGG_2026,"NEOMYCIN, KANAMYCIN AND GENTAMICIN BIOSYNTHESIS",HOOK3
KEGG_2026,VIBRIO CHOLERAE INFECTION,SLC12A2
KEGG_2026,VIBRIO CHOLERAE INFECTION,PRKCA
KEGG_2026,VIBRIO CHOLERAE INFECTION,ADCY8
KEGG_2026,VIBRIO CHOLERAE INFECTION,SEC61A2
KEGG_2026,VIBRIO CHOLERAE INFECTION,TJP1
KEGG_2026,VIBRIO CHOLERAE INFECTION,SEC61A1
KEGG_2026,VIBRIO CHOLERAE INFECTION,ADCY9
KEGG_2026,VIBRIO CHOLERAE INFECTION,PRKACG
KEGG_2026,VIBRIO CHOLERAE INFECTION,PLCG2
KEGG_2026,VIBRIO CHOLERAE INFECTION,GNAS
KEGG_2026,VIBRIO CHOLERAE INFECTION,SEC61B
KEGG_2026,VIBRIO CHOLERAE INFECTION,PLCG1
KEGG_2026,VIBRIO CHOLERAE INFECTION,PRKACB
KEGG_2026,VIBRIO CHOLERAE INFECTION,CFTR
KEGG_2026,VIBRIO CHOLERAE INFECTION,ATP6V0A1
KEGG_2026,TASTE TRANSDUCTION,GABRA1
KEGG_2026,TASTE TRANSDUCTION,GABBR1
KEGG_2026,TASTE TRANSDUCTION,PDE1C
KEGG_2026,TASTE TRANSDUCTION,PDE1B
KEGG_2026,TASTE TRANSDUCTION,GABRA5
KEGG_2026,TASTE TRANSDUCTION,PDE1A
KEGG_2026,TASTE TRANSDUCTION,ADCY4
KEGG_2026,TASTE TRANSDUCTION,PRKCA
KEGG_2026,TASTE TRANSDUCTION,TAS2R16
KEGG_2026,TASTE TRANSDUCTION,TAS2R38
KEGG_2026,TASTE TRANSDUCTION,ADCY8
KEGG_2026,TASTE TRANSDUCTION,GRM1
KEGG_2026,TASTE TRANSDUCTION,ADCY6
KEGG_2026,TASTE TRANSDUCTION,GNG13
KEGG_2026,TASTE TRANSDUCTION,PLCB3
KEGG_2026,TASTE TRANSDUCTION,PLCB4
KEGG_2026,TASTE TRANSDUCTION,GNAT3
KEGG_2026,TASTE TRANSDUCTION,PRKACG
KEGG_2026,TASTE TRANSDUCTION,GNB3
KEGG_2026,TASTE TRANSDUCTION,TAS2R1
KEGG_2026,TASTE TRANSDUCTION,PLCB1
KEGG_2026,TASTE TRANSDUCTION,PRKACB
KEGG_2026,TASTE TRANSDUCTION,PLCB2
KEGG_2026,TASTE TRANSDUCTION,TAS2R4
KEGG_2026,ANTIGEN PROCESSING AND PRESENTATION,HSPA8
KEGG_2026,ANTIGEN PROCESSING AND PRESENTATION,HSP90AA1
KEGG_2026,ANTIGEN PROCESSING AND PRESENTATION,HSP90AB1
KEGG_2026,ANTIGEN PROCESSING AND PRESENTATION,NFYA
KEGG_2026,ANTIGEN PROCESSING AND PRESENTATION,HSPA5
KEGG_2026,ANTIGEN PROCESSING AND PRESENTATION,NFYB
KEGG_2026,ANTIGEN PROCESSING AND PRESENTATION,HSPA4
KEGG_2026,ANTIGEN PROCESSING AND PRESENTATION,NFYC
KEGG_2026,ANTIGEN PROCESSING AND PRESENTATION,HLA-B
KEGG_2026,ANTIGEN PROCESSING AND PRESENTATION,HLA-A
KEGG_2026,ANTIGEN PROCESSING AND PRESENTATION,TNF
KEGG_2026,ANTIGEN PROCESSING AND PRESENTATION,TAPBP
KEGG_2026,ANTIGEN PROCESSING AND PRESENTATION,CD4
KEGG_2026,ANTIGEN PROCESSING AND PRESENTATION,CREB1
KEGG_2026,ANTIGEN PROCESSING AND PRESENTATION,IFNG
KEGG_2026,ANTIGEN PROCESSING AND PRESENTATION,CD8A
KEGG_2026,ANTIGEN PROCESSING AND PRESENTATION,PSME3
KEGG_2026,ANTIGEN PROCESSING AND PRESENTATION,CANX
KEGG_2026,ANTIGEN PROCESSING AND PRESENTATION,CALR
KEGG_2026,ANTIGEN PROCESSING AND PRESENTATION,HSPA1B
KEGG_2026,ANTIGEN PROCESSING AND PRESENTATION,HSPA1A
KEGG_2026,ANTIGEN PROCESSING AND PRESENTATION,LGMN
KEGG_2026,CYTOSKELETON IN MUSCLE CELLS,ITGB1
KEGG_2026,CYTOSKELETON IN MUSCLE CELLS,ITGB5
KEGG_2026,CYTOSKELETON IN MUSCLE CELLS,ENO1
KEGG_2026,CYTOSKELETON IN MUSCLE CELLS,ENO2
KEGG_2026,CYTOSKELETON IN MUSCLE CELLS,ENO3
KEGG_2026,CYTOSKELETON IN MUSCLE CELLS,MYOM2
KEGG_2026,CYTOSKELETON IN MUSCLE CELLS,LMNB1
KEGG_2026,CYTOSKELETON IN MUSCLE CELLS,SYNE1
KEGG_2026,CYTOSKELETON IN MUSCLE CELLS,SGCD
KEGG_2026,CYTOSKELETON IN MUSCLE CELLS,SGCA
KEGG_2026,CYTOSKELETON IN MUSCLE CELLS,CAPZB
KEGG_2026,CYTOSKELETON IN MUSCLE CELLS,SGCB
KEGG_2026,CYTOSKELETON IN MUSCLE CELLS,DAG1
KEGG_2026,CYTOSKELETON IN MUSCLE CELLS,CAPN3
KEGG_2026,CYTOSKELETON IN MUSCLE CELLS,SPTAN1
KEGG_2026,CYTOSKELETON IN MUSCLE CELLS,LBR
KEGG_2026,CYTOSKELETON IN MUSCLE CELLS,SGCG
KEGG_2026,CYTOSKELETON IN MUSCLE CELLS,ITGA4
KEGG_2026,CYTOSKELETON IN MUSCLE CELLS,ACTN2
KEGG_2026,CYTOSKELETON IN MUSCLE CELLS,TPM3
KEGG_2026,CYTOSKELETON IN MUSCLE CELLS,TPM1
KEGG_2026,CYTOSKELETON IN MUSCLE CELLS,AMPD1
KEGG_2026,CYTOSKELETON IN MUSCLE CELLS,AMPD2
KEGG_2026,CYTOSKELETON IN MUSCLE CELLS,ANK3
KEGG_2026,CYTOSKELETON IN MUSCLE CELLS,AMPD3
KEGG_2026,CYTOSKELETON IN MUSCLE CELLS,HSPG2
KEGG_2026,CYTOSKELETON IN MUSCLE CELLS,MYL5
KEGG_2026,CYTOSKELETON IN MUSCLE CELLS,INF2
KEGG_2026,CYTOSKELETON IN MUSCLE CELLS,MYOT
KEGG_2026,CYTOSKELETON IN MUSCLE CELLS,MYH9
KEGG_2026,CYTOSKELETON IN MUSCLE CELLS,MYL9
KEGG_2026,CYTOSKELETON IN MUSCLE CELLS,PLEC
KEGG_2026,CYTOSKELETON IN MUSCLE CELLS,FBN3
KEGG_2026,CYTOSKELETON IN MUSCLE CELLS,CFH
KEGG_2026,CYTOSKELETON IN MUSCLE CELLS,LAMA2
KEGG_2026,CYTOSKELETON IN MUSCLE CELLS,ATP1A4
KEGG_2026,CYTOSKELETON IN MUSCLE CELLS,FBLN1
KEGG_2026,CYTOSKELETON IN MUSCLE CELLS,NID1
KEGG_2026,CYTOSKELETON IN MUSCLE CELLS,FBLN2
KEGG_2026,CYTOSKELETON IN MUSCLE CELLS,THBS1
KEGG_2026,CYTOSKELETON IN MUSCLE CELLS,NOL6
KEGG_2026,CYTOSKELETON IN MUSCLE CELLS,TTR
KEGG_2026,CYTOSKELETON IN MUSCLE CELLS,LMNA
KEGG_2026,CYTOSKELETON IN MUSCLE CELLS,XIRP2
KEGG_2026,CYTOSKELETON IN MUSCLE CELLS,DMD
KEGG_2026,CYTOSKELETON IN MUSCLE CELLS,FLNC
KEGG_2026,CYTOSKELETON IN MUSCLE CELLS,JUP
KEGG_2026,CYTOSKELETON IN MUSCLE CELLS,FN1
KEGG_2026,CYTOSKELETON IN MUSCLE CELLS,FMNL3
KEGG_2026,CYTOSKELETON IN MUSCLE CELLS,DIAPH1
KEGG_2026,CYTOSKELETON IN MUSCLE CELLS,DIAPH2
KEGG_2026,CYTOSKELETON IN MUSCLE CELLS,DIAPH3
KEGG_2026,CYTOSKELETON IN MUSCLE CELLS,CAPZA1
KEGG_2026,CYTOSKELETON IN MUSCLE CELLS,SDC1
KEGG_2026,CYTOSKELETON IN MUSCLE CELLS,TCAP
KEGG_2026,CYTOSKELETON IN MUSCLE CELLS,COL9A2
KEGG_2026,CYTOSKELETON IN MUSCLE CELLS,AGRN
KEGG_2026,TYPE I DIABETES MELLITUS,CD86
KEGG_2026,TYPE I DIABETES MELLITUS,PTPRN2
KEGG_2026,TYPE I DIABETES MELLITUS,CD80
KEGG_2026,TYPE I DIABETES MELLITUS,HLA-B
KEGG_2026,TYPE I DIABETES MELLITUS,GAD2
KEGG_2026,TYPE I DIABETES MELLITUS,HLA-A
KEGG_2026,TYPE I DIABETES MELLITUS,TNF
KEGG_2026,TYPE I DIABETES MELLITUS,INS
KEGG_2026,TYPE I DIABETES MELLITUS,HSPD1
KEGG_2026,TYPE I DIABETES MELLITUS,IFNG
KEGG_2026,TYPE I DIABETES MELLITUS,IL1B
KEGG_2026,TYPE I DIABETES MELLITUS,FASN
KEGG_2026,TYPE I DIABETES MELLITUS,CPE
KEGG_2026,TGF-BETA SIGNALING PATHWAY,HDAC2
KEGG_2026,TGF-BETA SIGNALING PATHWAY,TFRC
KEGG_2026,TGF-BETA SIGNALING PATHWAY,ROCK1
KEGG_2026,TGF-BETA SIGNALING PATHWAY,HDAC1
KEGG_2026,TGF-BETA SIGNALING PATHWAY,HFE
KEGG_2026,TGF-BETA SIGNALING PATHWAY,LRRC32
KEGG_2026,TGF-BETA SIGNALING PATHWAY,TNF
KEGG_2026,TGF-BETA SIGNALING PATHWAY,THBS1
KEGG_2026,TGF-BETA SIGNALING PATHWAY,SIN3A
KEGG_2026,TGF-BETA SIGNALING PATHWAY,HJV
KEGG_2026,TGF-BETA SIGNALING PATHWAY,MYC
KEGG_2026,TGF-BETA SIGNALING PATHWAY,EP300
KEGG_2026,TGF-BETA SIGNALING PATHWAY,MAPK1
KEGG_2026,TGF-BETA SIGNALING PATHWAY,SKP1
KEGG_2026,TGF-BETA SIGNALING PATHWAY,MAPK3
KEGG_2026,TGF-BETA SIGNALING PATHWAY,SMAD4
KEGG_2026,TGF-BETA SIGNALING PATHWAY,CREBBP
KEGG_2026,TGF-BETA SIGNALING PATHWAY,TGFB1
KEGG_2026,TGF-BETA SIGNALING PATHWAY,SMURF1
KEGG_2026,TGF-BETA SIGNALING PATHWAY,SMAD6
KEGG_2026,TGF-BETA SIGNALING PATHWAY,SMAD5
KEGG_2026,TGF-BETA SIGNALING PATHWAY,TGFBR1
KEGG_2026,TGF-BETA SIGNALING PATHWAY,RHOA
KEGG_2026,TGF-BETA SIGNALING PATHWAY,RBX1
KEGG_2026,TGF-BETA SIGNALING PATHWAY,TGFBR2
KEGG_2026,TGF-BETA SIGNALING PATHWAY,NCOR1
KEGG_2026,TGF-BETA SIGNALING PATHWAY,IFNG
KEGG_2026,TGF-BETA SIGNALING PATHWAY,TFR2
KEGG_2026,TGF-BETA SIGNALING PATHWAY,HAMP
KEGG_2026,INFLAMMATORY BOWEL DISEASE,IL10
KEGG_2026,INFLAMMATORY BOWEL DISEASE,JUN
KEGG_2026,INFLAMMATORY BOWEL DISEASE,TGFB1
KEGG_2026,INFLAMMATORY BOWEL DISEASE,STAT1
KEGG_2026,INFLAMMATORY BOWEL DISEASE,STAT3
KEGG_2026,INFLAMMATORY BOWEL DISEASE,RORA
KEGG_2026,INFLAMMATORY BOWEL DISEASE,NOD2
KEGG_2026,INFLAMMATORY BOWEL DISEASE,IL2RG
KEGG_2026,INFLAMMATORY BOWEL DISEASE,TNF
KEGG_2026,INFLAMMATORY BOWEL DISEASE,FOXP3
KEGG_2026,INFLAMMATORY BOWEL DISEASE,RELA
KEGG_2026,INFLAMMATORY BOWEL DISEASE,IL4
KEGG_2026,INFLAMMATORY BOWEL DISEASE,IL6
KEGG_2026,INFLAMMATORY BOWEL DISEASE,MAF
KEGG_2026,INFLAMMATORY BOWEL DISEASE,IFNG
KEGG_2026,INFLAMMATORY BOWEL DISEASE,IL1B
KEGG_2026,INFLAMMATORY BOWEL DISEASE,TLR4
KEGG_2026,INFLAMMATORY BOWEL DISEASE,TLR2
KEGG_2026,CHOLESTEROL METABOLISM,ABCA1
KEGG_2026,CHOLESTEROL METABOLISM,SCARB1
KEGG_2026,CHOLESTEROL METABOLISM,STARD3
KEGG_2026,CHOLESTEROL METABOLISM,ABCG5
KEGG_2026,CHOLESTEROL METABOLISM,LCAT
KEGG_2026,CHOLESTEROL METABOLISM,LIPC
KEGG_2026,CHOLESTEROL METABOLISM,NPC1
KEGG_2026,CHOLESTEROL METABOLISM,NPC2
KEGG_2026,CHOLESTEROL METABOLISM,VAPB
KEGG_2026,CHOLESTEROL METABOLISM,LIPG
KEGG_2026,CHOLESTEROL METABOLISM,VDAC3
KEGG_2026,CHOLESTEROL METABOLISM,VDAC2
KEGG_2026,CHOLESTEROL METABOLISM,VDAC1
KEGG_2026,CHOLESTEROL METABOLISM,CD36
KEGG_2026,CHOLESTEROL METABOLISM,APOE
KEGG_2026,PPAR SIGNALING PATHWAY,SLC27A1
KEGG_2026,PPAR SIGNALING PATHWAY,HMGCS1
KEGG_2026,PPAR SIGNALING PATHWAY,ACSL3
KEGG_2026,PPAR SIGNALING PATHWAY,SORBS1
KEGG_2026,PPAR SIGNALING PATHWAY,SCD
KEGG_2026,PPAR SIGNALING PATHWAY,UBC
KEGG_2026,PPAR SIGNALING PATHWAY,SLC27A6
KEGG_2026,PPAR SIGNALING PATHWAY,PLIN2
KEGG_2026,PPAR SIGNALING PATHWAY,PPARG
KEGG_2026,PPAR SIGNALING PATHWAY,HMGCS2
KEGG_2026,PPAR SIGNALING PATHWAY,CD36
KEGG_2026,PPAR SIGNALING PATHWAY,ACADM
KEGG_2026,PPAR SIGNALING PATHWAY,ACOX3
KEGG_2026,PPAR SIGNALING PATHWAY,ACAA1
KEGG_2026,PPAR SIGNALING PATHWAY,ACSBG2
KEGG_2026,PPAR SIGNALING PATHWAY,SLC27A2
KEGG_2026,PPAR SIGNALING PATHWAY,RXRG
KEGG_2026,PPAR SIGNALING PATHWAY,SLC27A5
KEGG_2026,PPAR SIGNALING PATHWAY,SLC27A4
KEGG_2026,PPAR SIGNALING PATHWAY,PLIN5
KEGG_2026,PPAR SIGNALING PATHWAY,PCK2
KEGG_2026,FAT DIGESTION AND ABSORPTION,ABCA1
KEGG_2026,FAT DIGESTION AND ABSORPTION,SCARB1
KEGG_2026,FAT DIGESTION AND ABSORPTION,SLC27A1
KEGG_2026,FAT DIGESTION AND ABSORPTION,ABCG5
KEGG_2026,FAT DIGESTION AND ABSORPTION,DGAT2
KEGG_2026,FAT DIGESTION AND ABSORPTION,DGAT1
KEGG_2026,FAT DIGESTION AND ABSORPTION,GOT2
KEGG_2026,FAT DIGESTION AND ABSORPTION,AGPAT1
KEGG_2026,FAT DIGESTION AND ABSORPTION,CD36
KEGG_2026,FAT DIGESTION AND ABSORPTION,PLPP3
KEGG_2026,FAT DIGESTION AND ABSORPTION,PLPP2
KEGG_2026,FAT DIGESTION AND ABSORPTION,PLPP1
KEGG_2026,FAT DIGESTION AND ABSORPTION,SLC27A4
KEGG_2026,FATTY ACID ELONGATION,HADHB
KEGG_2026,FATTY ACID ELONGATION,HADHA
KEGG_2026,FATTY ACID ELONGATION,ACAA2
KEGG_2026,FATTY ACID ELONGATION,ECHS1
KEGG_2026,FATTY ACID ELONGATION,ELOVL4
KEGG_2026,FATTY ACID ELONGATION,PPT1
KEGG_2026,FATTY ACID ELONGATION,HSD17B12
KEGG_2026,FATTY ACID ELONGATION,PPT2
KEGG_2026,FATTY ACID ELONGATION,HACD4
KEGG_2026,"PHENYLALANINE, TYROSINE AND TRYPTOPHAN BIOSYNTHESIS",IL4I1
KEGG_2026,"PHENYLALANINE, TYROSINE AND TRYPTOPHAN BIOSYNTHESIS",GOT1L1
KEGG_2026,"PHENYLALANINE, TYROSINE AND TRYPTOPHAN BIOSYNTHESIS",GOT2
KEGG_2026,VIRION - FLAVIVIRUS AND ALPHAVIRUS,CLEC4M
KEGG_2026,VIRION - FLAVIVIRUS AND ALPHAVIRUS,MXRA8
KEGG_2026,VIRION - FLAVIVIRUS AND ALPHAVIRUS,TYRO3
KEGG_2026,NON-HOMOLOGOUS END-JOINING,XRCC6
KEGG_2026,NON-HOMOLOGOUS END-JOINING,FEN1
KEGG_2026,NON-HOMOLOGOUS END-JOINING,MRE11
KEGG_2026,NON-HOMOLOGOUS END-JOINING,PRKDC
KEGG_2026,NON-HOMOLOGOUS END-JOINING,XRCC5
KEGG_2026,SYNAPTIC VESICLE CYCLE,SNAP25
KEGG_2026,SYNAPTIC VESICLE CYCLE,UNC13A
KEGG_2026,SYNAPTIC VESICLE CYCLE,CLTC
KEGG_2026,SYNAPTIC VESICLE CYCLE,SLC1A1
KEGG_2026,SYNAPTIC VESICLE CYCLE,SLC6A13
KEGG_2026,SYNAPTIC VESICLE CYCLE,SLC1A2
KEGG_2026,SYNAPTIC VESICLE CYCLE,SLC1A3
KEGG_2026,SYNAPTIC VESICLE CYCLE,AP2A1
KEGG_2026,SYNAPTIC VESICLE CYCLE,SLC6A11
KEGG_2026,SYNAPTIC VESICLE CYCLE,AP2B1
KEGG_2026,SYNAPTIC VESICLE CYCLE,SLC6A1
KEGG_2026,SYNAPTIC VESICLE CYCLE,AP2A2
KEGG_2026,SYNAPTIC VESICLE CYCLE,DNM1
KEGG_2026,SYNAPTIC VESICLE CYCLE,CPLX4
KEGG_2026,SYNAPTIC VESICLE CYCLE,DNM2
KEGG_2026,SYNAPTIC VESICLE CYCLE,RIMS1
KEGG_2026,SYNAPTIC VESICLE CYCLE,CLTCL1
KEGG_2026,SYNAPTIC VESICLE CYCLE,STX3
KEGG_2026,SYNAPTIC VESICLE CYCLE,SLC17A8
KEGG_2026,SYNAPTIC VESICLE CYCLE,STX1A
KEGG_2026,SYNAPTIC VESICLE CYCLE,ATP6V0A1
KEGG_2026,VIRION - LASSA VIRUS AND SFTS VIRUS,PCDH9
KEGG_2026,VIRION - LASSA VIRUS AND SFTS VIRUS,CLEC4M
KEGG_2026,VIRION - LASSA VIRUS AND SFTS VIRUS,TFRC
KEGG_2026,VIRION - LASSA VIRUS AND SFTS VIRUS,LAMP1
KEGG_2026,VIRION - LASSA VIRUS AND SFTS VIRUS,DAG1
KEGG_2026,VIRION - LASSA VIRUS AND SFTS VIRUS,MYH9
KEGG_2026,SELENOCOMPOUND METABOLISM,TXNRD3
KEGG_2026,SELENOCOMPOUND METABOLISM,TXNRD2
KEGG_2026,SELENOCOMPOUND METABOLISM,TXNRD1
KEGG_2026,SELENOCOMPOUND METABOLISM,MARS1
KEGG_2026,SELENOCOMPOUND METABOLISM,MTR
KEGG_2026,SELENOCOMPOUND METABOLISM,PAPSS1
KEGG_2026,NITROGEN METABOLISM,CA12
KEGG_2026,NITROGEN METABOLISM,CA2
KEGG_2026,NITROGEN METABOLISM,CA4
KEGG_2026,NITROGEN METABOLISM,CA9
KEGG_2026,NITROGEN METABOLISM,GLUL
KEGG_2026,NITROGEN METABOLISM,CA14
KEGG_2026,PEROXISOME,MVK
KEGG_2026,PEROXISOME,PEX19
KEGG_2026,PEROXISOME,EPHX2
KEGG_2026,PEROXISOME,IDH1
KEGG_2026,PEROXISOME,ECI2
KEGG_2026,PEROXISOME,IDH2
KEGG_2026,PEROXISOME,ACSL3
KEGG_2026,PEROXISOME,SOD2
KEGG_2026,PEROXISOME,DHRS4
KEGG_2026,PEROXISOME,SOD1
KEGG_2026,PEROXISOME,HMGCL
KEGG_2026,PEROXISOME,AGPS
KEGG_2026,PEROXISOME,PMVK
KEGG_2026,PEROXISOME,FAR1
KEGG_2026,PEROXISOME,HAO1
KEGG_2026,PEROXISOME,ACOX3
KEGG_2026,PEROXISOME,ACAA1
KEGG_2026,PEROXISOME,AGXT
KEGG_2026,PEROXISOME,SLC27A2
KEGG_2026,PEROXISOME,HMGCLL1
KEGG_2026,PEROXISOME,HAO2
KEGG_2026,PEROXISOME,NUDT13
KEGG_2026,PROXIMAL TUBULE BICARBONATE RECLAMATION,SLC9A3
KEGG_2026,PROXIMAL TUBULE BICARBONATE RECLAMATION,CA2
KEGG_2026,PROXIMAL TUBULE BICARBONATE RECLAMATION,CA4
KEGG_2026,PROXIMAL TUBULE BICARBONATE RECLAMATION,ATP1A4
KEGG_2026,PROXIMAL TUBULE BICARBONATE RECLAMATION,SLC25A10
KEGG_2026,PROXIMAL TUBULE BICARBONATE RECLAMATION,SLC4A4
KEGG_2026,PROXIMAL TUBULE BICARBONATE RECLAMATION,PCK2
KEGG_2026,MATURITY ONSET DIABETES OF THE YOUNG,NEUROD1
KEGG_2026,MATURITY ONSET DIABETES OF THE YOUNG,PDHX
KEGG_2026,MATURITY ONSET DIABETES OF THE YOUNG,PKLR
KEGG_2026,MATURITY ONSET DIABETES OF THE YOUNG,ONECUT1
KEGG_2026,MATURITY ONSET DIABETES OF THE YOUNG,PAX4
KEGG_2026,MATURITY ONSET DIABETES OF THE YOUNG,SLC2A2
KEGG_2026,MATURITY ONSET DIABETES OF THE YOUNG,PAX6
KEGG_2026,MATURITY ONSET DIABETES OF THE YOUNG,INS
KEGG_2026,FOLATE TRANSPORT AND METABOLISM,DHFR
KEGG_2026,FOLATE TRANSPORT AND METABOLISM,SLC46A1
KEGG_2026,FOLATE TRANSPORT AND METABOLISM,MTHFD1
KEGG_2026,FOLATE TRANSPORT AND METABOLISM,SHMT2
KEGG_2026,FOLATE TRANSPORT AND METABOLISM,SHMT1
KEGG_2026,FOLATE TRANSPORT AND METABOLISM,FPGS
KEGG_2026,FOLATE TRANSPORT AND METABOLISM,MTR
KEGG_2026,FOLATE TRANSPORT AND METABOLISM,TYMS
KEGG_2026,FOLATE TRANSPORT AND METABOLISM,ABCG2
KEGG_2026,HYPERTROPHIC CARDIOMYOPATHY,ITGB1
KEGG_2026,HYPERTROPHIC CARDIOMYOPATHY,RYR2
KEGG_2026,HYPERTROPHIC CARDIOMYOPATHY,ITGB5
KEGG_2026,HYPERTROPHIC CARDIOMYOPATHY,LAMA2
KEGG_2026,HYPERTROPHIC CARDIOMYOPATHY,ATP2A1
KEGG_2026,HYPERTROPHIC CARDIOMYOPATHY,CACNA1F
KEGG_2026,HYPERTROPHIC CARDIOMYOPATHY,TNF
KEGG_2026,HYPERTROPHIC CARDIOMYOPATHY,SLC8A1
KEGG_2026,HYPERTROPHIC CARDIOMYOPATHY,SGCD
KEGG_2026,HYPERTROPHIC CARDIOMYOPATHY,TTR
KEGG_2026,HYPERTROPHIC CARDIOMYOPATHY,SGCA
KEGG_2026,HYPERTROPHIC CARDIOMYOPATHY,SGCB
KEGG_2026,HYPERTROPHIC CARDIOMYOPATHY,LMNA
KEGG_2026,HYPERTROPHIC CARDIOMYOPATHY,DAG1
KEGG_2026,HYPERTROPHIC CARDIOMYOPATHY,DMD
KEGG_2026,HYPERTROPHIC CARDIOMYOPATHY,CACNG2
KEGG_2026,HYPERTROPHIC CARDIOMYOPATHY,SGCG
KEGG_2026,HYPERTROPHIC CARDIOMYOPATHY,ACE
KEGG_2026,HYPERTROPHIC CARDIOMYOPATHY,TGFB1
KEGG_2026,HYPERTROPHIC CARDIOMYOPATHY,ITGA4
KEGG_2026,HYPERTROPHIC CARDIOMYOPATHY,TPM3
KEGG_2026,HYPERTROPHIC CARDIOMYOPATHY,TPM1
KEGG_2026,HYPERTROPHIC CARDIOMYOPATHY,CACNA2D4
KEGG_2026,HYPERTROPHIC CARDIOMYOPATHY,IL6
KEGG_2026,HYPERTROPHIC CARDIOMYOPATHY,AGXT
KEGG_2026,GLYCEROLIPID METABOLISM,DGAT2
KEGG_2026,GLYCEROLIPID METABOLISM,DGAT1
KEGG_2026,GLYCEROLIPID METABOLISM,AGK
KEGG_2026,GLYCEROLIPID METABOLISM,GLYCTK
KEGG_2026,GLYCEROLIPID METABOLISM,AKR1B1
KEGG_2026,GLYCEROLIPID METABOLISM,AGPAT1
KEGG_2026,GLYCEROLIPID METABOLISM,PLPP5
KEGG_2026,GLYCEROLIPID METABOLISM,LIPC
KEGG_2026,GLYCEROLIPID METABOLISM,PLPP4
KEGG_2026,GLYCEROLIPID METABOLISM,TKFC
KEGG_2026,GLYCEROLIPID METABOLISM,AKR1B10
KEGG_2026,GLYCEROLIPID METABOLISM,LIPG
KEGG_2026,GLYCEROLIPID METABOLISM,PLPP3
KEGG_2026,GLYCEROLIPID METABOLISM,ALDH7A1
KEGG_2026,GLYCEROLIPID METABOLISM,PLPP2
KEGG_2026,GLYCEROLIPID METABOLISM,LPIN2
KEGG_2026,GLYCEROLIPID METABOLISM,PLPP1
KEGG_2026,BETA-ALANINE METABOLISM,AOC3
KEGG_2026,BETA-ALANINE METABOLISM,HADHA
KEGG_2026,BETA-ALANINE METABOLISM,ECHS1
KEGG_2026,BETA-ALANINE METABOLISM,AOC2
KEGG_2026,BETA-ALANINE METABOLISM,DPYD
KEGG_2026,BETA-ALANINE METABOLISM,GAD2
KEGG_2026,BETA-ALANINE METABOLISM,ACOX3
KEGG_2026,BETA-ALANINE METABOLISM,ALDH7A1
KEGG_2026,BETA-ALANINE METABOLISM,HIBCH
KEGG_2026,CARDIAC MUSCLE CONTRACTION,COX8A
KEGG_2026,CARDIAC MUSCLE CONTRACTION,RYR2
KEGG_2026,CARDIAC MUSCLE CONTRACTION,TPM3
KEGG_2026,CARDIAC MUSCLE CONTRACTION,COX4I1
KEGG_2026,CARDIAC MUSCLE CONTRACTION,TPM1
KEGG_2026,CARDIAC MUSCLE CONTRACTION,ATP1A4
KEGG_2026,CARDIAC MUSCLE CONTRACTION,ATP2A1
KEGG_2026,CARDIAC MUSCLE CONTRACTION,CACNA2D4
KEGG_2026,CARDIAC MUSCLE CONTRACTION,UQCR10
KEGG_2026,CARDIAC MUSCLE CONTRACTION,COX6A1
KEGG_2026,CARDIAC MUSCLE CONTRACTION,CACNA1F
KEGG_2026,CARDIAC MUSCLE CONTRACTION,PTGS2
KEGG_2026,CARDIAC MUSCLE CONTRACTION,COX5B
KEGG_2026,CARDIAC MUSCLE CONTRACTION,COX5A
KEGG_2026,CARDIAC MUSCLE CONTRACTION,SLC8A1
KEGG_2026,CARDIAC MUSCLE CONTRACTION,SLC9A1
KEGG_2026,CARDIAC MUSCLE CONTRACTION,UQCRQ
KEGG_2026,CARDIAC MUSCLE CONTRACTION,UQCRC1
KEGG_2026,CARDIAC MUSCLE CONTRACTION,UQCRFS1
KEGG_2026,CARDIAC MUSCLE CONTRACTION,UQCRC2
KEGG_2026,CARDIAC MUSCLE CONTRACTION,CACNG2
KEGG_2026,RENIN-ANGIOTENSIN SYSTEM,ACE
KEGG_2026,RENIN-ANGIOTENSIN SYSTEM,PITRM1
KEGG_2026,RENIN-ANGIOTENSIN SYSTEM,ATP6AP2
KEGG_2026,RENIN-ANGIOTENSIN SYSTEM,AGTR1
KEGG_2026,RENIN-ANGIOTENSIN SYSTEM,PMPCB
KEGG_2026,RENIN-ANGIOTENSIN SYSTEM,AGTR2
KEGG_2026,RENIN-ANGIOTENSIN SYSTEM,AGXT
KEGG_2026,EPITHELIAL CELL SIGNALING IN HELICOBACTER PYLORI INFECTION,JUN
KEGG_2026,EPITHELIAL CELL SIGNALING IN HELICOBACTER PYLORI INFECTION,SRC
KEGG_2026,EPITHELIAL CELL SIGNALING IN HELICOBACTER PYLORI INFECTION,F11R
KEGG_2026,EPITHELIAL CELL SIGNALING IN HELICOBACTER PYLORI INFECTION,RELA
KEGG_2026,EPITHELIAL CELL SIGNALING IN HELICOBACTER PYLORI INFECTION,EGFR
KEGG_2026,EPITHELIAL CELL SIGNALING IN HELICOBACTER PYLORI INFECTION,CDC42
KEGG_2026,EPITHELIAL CELL SIGNALING IN HELICOBACTER PYLORI INFECTION,TJP1
KEGG_2026,EPITHELIAL CELL SIGNALING IN HELICOBACTER PYLORI INFECTION,NFKBIA
KEGG_2026,EPITHELIAL CELL SIGNALING IN HELICOBACTER PYLORI INFECTION,MAPK9
KEGG_2026,EPITHELIAL CELL SIGNALING IN HELICOBACTER PYLORI INFECTION,ADAM17
KEGG_2026,EPITHELIAL CELL SIGNALING IN HELICOBACTER PYLORI INFECTION,MAPK8
KEGG_2026,EPITHELIAL CELL SIGNALING IN HELICOBACTER PYLORI INFECTION,SLTM
KEGG_2026,EPITHELIAL CELL SIGNALING IN HELICOBACTER PYLORI INFECTION,CASP3
KEGG_2026,EPITHELIAL CELL SIGNALING IN HELICOBACTER PYLORI INFECTION,PLCG2
KEGG_2026,EPITHELIAL CELL SIGNALING IN HELICOBACTER PYLORI INFECTION,CSK
KEGG_2026,EPITHELIAL CELL SIGNALING IN HELICOBACTER PYLORI INFECTION,PLCG1
KEGG_2026,EPITHELIAL CELL SIGNALING IN HELICOBACTER PYLORI INFECTION,GIT1
KEGG_2026,EPITHELIAL CELL SIGNALING IN HELICOBACTER PYLORI INFECTION,ATP6V0A1
KEGG_2026,APOPTOSIS - MULTIPLE SPECIES,MAPK9
KEGG_2026,APOPTOSIS - MULTIPLE SPECIES,MAPK8
KEGG_2026,APOPTOSIS - MULTIPLE SPECIES,BCL2L11
KEGG_2026,APOPTOSIS - MULTIPLE SPECIES,CASP3
KEGG_2026,APOPTOSIS - MULTIPLE SPECIES,BCL2
KEGG_2026,APOPTOSIS - MULTIPLE SPECIES,CYCS
KEGG_2026,APOPTOSIS - MULTIPLE SPECIES,BAX
KEGG_2026,APOPTOSIS - MULTIPLE SPECIES,TNFRSF1A
KEGG_2026,APOPTOSIS - MULTIPLE SPECIES,BIRC3
KEGG_2026,LYSINE DEGRADATION,GCDH
KEGG_2026,LYSINE DEGRADATION,KMT2D
KEGG_2026,LYSINE DEGRADATION,ECHS1
KEGG_2026,LYSINE DEGRADATION,KMT2A
KEGG_2026,LYSINE DEGRADATION,SETDB1
KEGG_2026,LYSINE DEGRADATION,DOT1L
KEGG_2026,LYSINE DEGRADATION,KMT2B
KEGG_2026,LYSINE DEGRADATION,SETDB2
KEGG_2026,LYSINE DEGRADATION,DLST
KEGG_2026,LYSINE DEGRADATION,BBOX1
KEGG_2026,LYSINE DEGRADATION,DHTKD1
KEGG_2026,LYSINE DEGRADATION,HADHA
KEGG_2026,LYSINE DEGRADATION,LDHD
KEGG_2026,LYSINE DEGRADATION,ALDH7A1
KEGG_2026,LYSINE DEGRADATION,AASS
KEGG_2026,LYSINE DEGRADATION,EZH2
KEGG_2026,DRUG METABOLISM - OTHER ENZYMES,TPMT
KEGG_2026,DRUG METABOLISM - OTHER ENZYMES,NME2
KEGG_2026,DRUG METABOLISM - OTHER ENZYMES,GMPS
KEGG_2026,DRUG METABOLISM - OTHER ENZYMES,NME3
KEGG_2026,DRUG METABOLISM - OTHER ENZYMES,NME4
KEGG_2026,DRUG METABOLISM - OTHER ENZYMES,CYP3A4
KEGG_2026,DRUG METABOLISM - OTHER ENZYMES,NME1
KEGG_2026,DRUG METABOLISM - OTHER ENZYMES,NME1-NME2
KEGG_2026,DRUG METABOLISM - OTHER ENZYMES,NME6
KEGG_2026,DRUG METABOLISM - OTHER ENZYMES,SCO2
KEGG_2026,DRUG METABOLISM - OTHER ENZYMES,NME7
KEGG_2026,DRUG METABOLISM - OTHER ENZYMES,IMPDH1
KEGG_2026,DRUG METABOLISM - OTHER ENZYMES,IMPDH2
KEGG_2026,DRUG METABOLISM - OTHER ENZYMES,DPYD
KEGG_2026,DRUG METABOLISM - OTHER ENZYMES,TK1
KEGG_2026,DRUG METABOLISM - OTHER ENZYMES,HPRT1
KEGG_2026,DRUG METABOLISM - OTHER ENZYMES,GUSB
KEGG_2026,DRUG METABOLISM - OTHER ENZYMES,UMPS
KEGG_2026,DRUG METABOLISM - OTHER ENZYMES,ITPA
KEGG_2026,DRUG METABOLISM - OTHER ENZYMES,CES1
KEGG_2026,VIRAL PROTEIN INTERACTION WITH CYTOKINE AND CYTOKINE RECEPTOR,CCR1
KEGG_2026,VIRAL PROTEIN INTERACTION WITH CYTOKINE AND CYTOKINE RECEPTOR,IL10
KEGG_2026,VIRAL PROTEIN INTERACTION WITH CYTOKINE AND CYTOKINE RECEPTOR,CX3CR1
KEGG_2026,VIRAL PROTEIN INTERACTION WITH CYTOKINE AND CYTOKINE RECEPTOR,CCL22
KEGG_2026,VIRAL PROTEIN INTERACTION WITH CYTOKINE AND CYTOKINE RECEPTOR,CSF1
KEGG_2026,VIRAL PROTEIN INTERACTION WITH CYTOKINE AND CYTOKINE RECEPTOR,CCL21
KEGG_2026,VIRAL PROTEIN INTERACTION WITH CYTOKINE AND CYTOKINE RECEPTOR,CXCR5
KEGG_2026,VIRAL PROTEIN INTERACTION WITH CYTOKINE AND CYTOKINE RECEPTOR,TNFRSF10B
KEGG_2026,VIRAL PROTEIN INTERACTION WITH CYTOKINE AND CYTOKINE RECEPTOR,CXCR4
KEGG_2026,VIRAL PROTEIN INTERACTION WITH CYTOKINE AND CYTOKINE RECEPTOR,TNFRSF10A
KEGG_2026,VIRAL PROTEIN INTERACTION WITH CYTOKINE AND CYTOKINE RECEPTOR,IL2RG
KEGG_2026,VIRAL PROTEIN INTERACTION WITH CYTOKINE AND CYTOKINE RECEPTOR,TNF
KEGG_2026,VIRAL PROTEIN INTERACTION WITH CYTOKINE AND CYTOKINE RECEPTOR,CX3CL1
KEGG_2026,VIRAL PROTEIN INTERACTION WITH CYTOKINE AND CYTOKINE RECEPTOR,TNFRSF1A
KEGG_2026,VIRAL PROTEIN INTERACTION WITH CYTOKINE AND CYTOKINE RECEPTOR,CXCL11
KEGG_2026,VIRAL PROTEIN INTERACTION WITH CYTOKINE AND CYTOKINE RECEPTOR,IL6
KEGG_2026,VIRAL PROTEIN INTERACTION WITH CYTOKINE AND CYTOKINE RECEPTOR,CCL2
KEGG_2026,VIRAL PROTEIN INTERACTION WITH CYTOKINE AND CYTOKINE RECEPTOR,ACKR3
KEGG_2026,VIRAL PROTEIN INTERACTION WITH CYTOKINE AND CYTOKINE RECEPTOR,CCR6
KEGG_2026,VIRAL PROTEIN INTERACTION WITH CYTOKINE AND CYTOKINE RECEPTOR,CCL19
KEGG_2026,VIRAL PROTEIN INTERACTION WITH CYTOKINE AND CYTOKINE RECEPTOR,LTBR
KEGG_2026,VIRAL PROTEIN INTERACTION WITH CYTOKINE AND CYTOKINE RECEPTOR,CCR5
KEGG_2026,VIRAL PROTEIN INTERACTION WITH CYTOKINE AND CYTOKINE RECEPTOR,CCR3
KEGG_2026,VIRAL PROTEIN INTERACTION WITH CYTOKINE AND CYTOKINE RECEPTOR,CCR2
KEGG_2026,ARRHYTHMOGENIC RIGHT VENTRICULAR CARDIOMYOPATHY,ITGB1
KEGG_2026,ARRHYTHMOGENIC RIGHT VENTRICULAR CARDIOMYOPATHY,RYR2
KEGG_2026,ARRHYTHMOGENIC RIGHT VENTRICULAR CARDIOMYOPATHY,ITGB5
KEGG_2026,ARRHYTHMOGENIC RIGHT VENTRICULAR CARDIOMYOPATHY,ITGA4
KEGG_2026,ARRHYTHMOGENIC RIGHT VENTRICULAR CARDIOMYOPATHY,LAMA2
KEGG_2026,ARRHYTHMOGENIC RIGHT VENTRICULAR CARDIOMYOPATHY,JUP
KEGG_2026,ARRHYTHMOGENIC RIGHT VENTRICULAR CARDIOMYOPATHY,ACTN2
KEGG_2026,ARRHYTHMOGENIC RIGHT VENTRICULAR CARDIOMYOPATHY,ATP2A1
KEGG_2026,ARRHYTHMOGENIC RIGHT VENTRICULAR CARDIOMYOPATHY,CACNA2D4
KEGG_2026,ARRHYTHMOGENIC RIGHT VENTRICULAR CARDIOMYOPATHY,CACNA1F
KEGG_2026,ARRHYTHMOGENIC RIGHT VENTRICULAR CARDIOMYOPATHY,SLC8A1
KEGG_2026,ARRHYTHMOGENIC RIGHT VENTRICULAR CARDIOMYOPATHY,GJA1
KEGG_2026,ARRHYTHMOGENIC RIGHT VENTRICULAR CARDIOMYOPATHY,SGCD
KEGG_2026,ARRHYTHMOGENIC RIGHT VENTRICULAR CARDIOMYOPATHY,SGCA
KEGG_2026,ARRHYTHMOGENIC RIGHT VENTRICULAR CARDIOMYOPATHY,SGCB
KEGG_2026,ARRHYTHMOGENIC RIGHT VENTRICULAR CARDIOMYOPATHY,LMNA
KEGG_2026,ARRHYTHMOGENIC RIGHT VENTRICULAR CARDIOMYOPATHY,DAG1
KEGG_2026,ARRHYTHMOGENIC RIGHT VENTRICULAR CARDIOMYOPATHY,CTNNB1
KEGG_2026,ARRHYTHMOGENIC RIGHT VENTRICULAR CARDIOMYOPATHY,DMD
KEGG_2026,ARRHYTHMOGENIC RIGHT VENTRICULAR CARDIOMYOPATHY,CACNG2
KEGG_2026,ARRHYTHMOGENIC RIGHT VENTRICULAR CARDIOMYOPATHY,SGCG
KEGG_2026,PANTOTHENATE AND COA BIOSYNTHESIS,DPYD
KEGG_2026,PANTOTHENATE AND COA BIOSYNTHESIS,ENPP1
KEGG_2026,PANTOTHENATE AND COA BIOSYNTHESIS,ENPP3
KEGG_2026,PANTOTHENATE AND COA BIOSYNTHESIS,BCAT1
KEGG_2026,PANTOTHENATE AND COA BIOSYNTHESIS,COASY
KEGG_2026,PANTOTHENATE AND COA BIOSYNTHESIS,BCAT2
KEGG_2026,ECM-RECEPTOR INTERACTION,ITGB1
KEGG_2026,ECM-RECEPTOR INTERACTION,ITGB5
KEGG_2026,ECM-RECEPTOR INTERACTION,VWF
KEGG_2026,ECM-RECEPTOR INTERACTION,ITGA4
KEGG_2026,ECM-RECEPTOR INTERACTION,LAMA2
KEGG_2026,ECM-RECEPTOR INTERACTION,LAMB3
KEGG_2026,ECM-RECEPTOR INTERACTION,LAMC3
KEGG_2026,ECM-RECEPTOR INTERACTION,FN1
KEGG_2026,ECM-RECEPTOR INTERACTION,LAMC2
KEGG_2026,ECM-RECEPTOR INTERACTION,LAMC1
KEGG_2026,ECM-RECEPTOR INTERACTION,HSPG2
KEGG_2026,ECM-RECEPTOR INTERACTION,THBS1
KEGG_2026,ECM-RECEPTOR INTERACTION,VTN
KEGG_2026,ECM-RECEPTOR INTERACTION,SV2A
KEGG_2026,ECM-RECEPTOR INTERACTION,CHAD
KEGG_2026,ECM-RECEPTOR INTERACTION,DAG1
KEGG_2026,ECM-RECEPTOR INTERACTION,SDC1
KEGG_2026,ECM-RECEPTOR INTERACTION,CD36
KEGG_2026,ECM-RECEPTOR INTERACTION,CD47
KEGG_2026,ECM-RECEPTOR INTERACTION,COL9A2
KEGG_2026,ECM-RECEPTOR INTERACTION,AGRN
KEGG_2026,NOTCH SIGNALING PATHWAY,NUMBL
KEGG_2026,NOTCH SIGNALING PATHWAY,HDAC2
KEGG_2026,NOTCH SIGNALING PATHWAY,CREBBP
KEGG_2026,NOTCH SIGNALING PATHWAY,CTBP2
KEGG_2026,NOTCH SIGNALING PATHWAY,CTBP1
KEGG_2026,NOTCH SIGNALING PATHWAY,HDAC1
KEGG_2026,NOTCH SIGNALING PATHWAY,NCOR2
KEGG_2026,NOTCH SIGNALING PATHWAY,KAT2B
KEGG_2026,NOTCH SIGNALING PATHWAY,ADAM17
KEGG_2026,NOTCH SIGNALING PATHWAY,KAT2A
KEGG_2026,NOTCH SIGNALING PATHWAY,SNW1
KEGG_2026,NOTCH SIGNALING PATHWAY,ATXN1L
KEGG_2026,NOTCH SIGNALING PATHWAY,DVL1
KEGG_2026,NOTCH SIGNALING PATHWAY,DVL2
KEGG_2026,NOTCH SIGNALING PATHWAY,EP300
KEGG_2026,OTHER GLYCAN DEGRADATION,GLB1
KEGG_2026,OTHER GLYCAN DEGRADATION,FUCA1
KEGG_2026,OTHER GLYCAN DEGRADATION,HEXD
KEGG_2026,OTHER GLYCAN DEGRADATION,MAN2B1
KEGG_2026,OTHER GLYCAN DEGRADATION,AGA
KEGG_2026,FATTY ACID BIOSYNTHESIS,OXSM
KEGG_2026,FATTY ACID BIOSYNTHESIS,FASN
KEGG_2026,FATTY ACID BIOSYNTHESIS,ACSL3
KEGG_2026,FATTY ACID BIOSYNTHESIS,MCAT
KEGG_2026,FATTY ACID BIOSYNTHESIS,ACSBG2
KEGG_2026,SPHINGOLIPID METABOLISM,ASAH2
KEGG_2026,SPHINGOLIPID METABOLISM,SGPP2
KEGG_2026,SPHINGOLIPID METABOLISM,SGPP1
KEGG_2026,SPHINGOLIPID METABOLISM,ACER2
KEGG_2026,SPHINGOLIPID METABOLISM,ACER1
KEGG_2026,SPHINGOLIPID METABOLISM,SPTLC1
KEGG_2026,SPHINGOLIPID METABOLISM,GLB1
KEGG_2026,SPHINGOLIPID METABOLISM,SMPD1
KEGG_2026,SPHINGOLIPID METABOLISM,DEGS1
KEGG_2026,SPHINGOLIPID METABOLISM,KDSR
KEGG_2026,SPHINGOLIPID METABOLISM,PLPP3
KEGG_2026,SPHINGOLIPID METABOLISM,PLPP2
KEGG_2026,SPHINGOLIPID METABOLISM,PLPP1
KEGG_2026,GLYCOSAMINOGLYCAN BIOSYNTHESIS - KERATAN SULFATE,B4GALT2
KEGG_2026,GLYCOSAMINOGLYCAN BIOSYNTHESIS - KERATAN SULFATE,B4GALT3
KEGG_2026,GLYCOSAMINOGLYCAN BIOSYNTHESIS - KERATAN SULFATE,B4GALT1
KEGG_2026,GLYCOSAMINOGLYCAN BIOSYNTHESIS - KERATAN SULFATE,B3GNT2
KEGG_2026,HOMOLOGOUS RECOMBINATION,BARD1
KEGG_2026,HOMOLOGOUS RECOMBINATION,TOP3B
KEGG_2026,HOMOLOGOUS RECOMBINATION,RAD51B
KEGG_2026,HOMOLOGOUS RECOMBINATION,BABAM2
KEGG_2026,HOMOLOGOUS RECOMBINATION,MRE11
KEGG_2026,HOMOLOGOUS RECOMBINATION,RAD51
KEGG_2026,HOMOLOGOUS RECOMBINATION,POLR1B
KEGG_2026,HOMOLOGOUS RECOMBINATION,BRCA1
KEGG_2026,HOMOLOGOUS RECOMBINATION,BRCC3
KEGG_2026,HOMOLOGOUS RECOMBINATION,BRCA2
KEGG_2026,ALLOGRAFT REJECTION,CD86
KEGG_2026,ALLOGRAFT REJECTION,IL10
KEGG_2026,ALLOGRAFT REJECTION,IL4
KEGG_2026,ALLOGRAFT REJECTION,IFNG
KEGG_2026,ALLOGRAFT REJECTION,CD80
KEGG_2026,ALLOGRAFT REJECTION,FASN
KEGG_2026,ALLOGRAFT REJECTION,HLA-B
KEGG_2026,ALLOGRAFT REJECTION,HLA-A
KEGG_2026,ALLOGRAFT REJECTION,TNF
KEGG_2026,VITAMIN B6 METABOLISM,PSAT1
KEGG_2026,VITAMIN B6 METABOLISM,AOX1
KEGG_2026,P53 SIGNALING PATHWAY,STEAP3
KEGG_2026,P53 SIGNALING PATHWAY,CDKN2A
KEGG_2026,P53 SIGNALING PATHWAY,PTEN
KEGG_2026,P53 SIGNALING PATHWAY,TNFRSF10B
KEGG_2026,P53 SIGNALING PATHWAY,TNFRSF10A
KEGG_2026,P53 SIGNALING PATHWAY,RCHY1
KEGG_2026,P53 SIGNALING PATHWAY,THBS1
KEGG_2026,P53 SIGNALING PATHWAY,CASP3
KEGG_2026,P53 SIGNALING PATHWAY,CHEK2
KEGG_2026,P53 SIGNALING PATHWAY,FASN
KEGG_2026,P53 SIGNALING PATHWAY,ADGRB1
KEGG_2026,P53 SIGNALING PATHWAY,MDM2
KEGG_2026,P53 SIGNALING PATHWAY,BCL2
KEGG_2026,P53 SIGNALING PATHWAY,CYCS
KEGG_2026,P53 SIGNALING PATHWAY,BAX
KEGG_2026,P53 SIGNALING PATHWAY,GTSE1
KEGG_2026,P53 SIGNALING PATHWAY,TP53
KEGG_2026,PRIMARY IMMUNODEFICIENCY,ZAP70
KEGG_2026,PRIMARY IMMUNODEFICIENCY,CD4
KEGG_2026,PRIMARY IMMUNODEFICIENCY,PTPRC
KEGG_2026,PRIMARY IMMUNODEFICIENCY,AIRE
KEGG_2026,PRIMARY IMMUNODEFICIENCY,CD8A
KEGG_2026,PRIMARY IMMUNODEFICIENCY,LCK
KEGG_2026,PRIMARY IMMUNODEFICIENCY,IL2RG
KEGG_2026,PRIMARY IMMUNODEFICIENCY,ADA
KEGG_2026,PRIMARY IMMUNODEFICIENCY,RAG1
KEGG_2026,OTHER TYPES OF O-GLYCAN BIOSYNTHESIS,GALNT12
KEGG_2026,OTHER TYPES OF O-GLYCAN BIOSYNTHESIS,POMT2
KEGG_2026,OTHER TYPES OF O-GLYCAN BIOSYNTHESIS,B4GALT2
KEGG_2026,OTHER TYPES OF O-GLYCAN BIOSYNTHESIS,B4GALT3
KEGG_2026,OTHER TYPES OF O-GLYCAN BIOSYNTHESIS,B4GALT1
KEGG_2026,OTHER TYPES OF O-GLYCAN BIOSYNTHESIS,ST6GAL2
KEGG_2026,OTHER TYPES OF O-GLYCAN BIOSYNTHESIS,GALNT3
KEGG_2026,OTHER TYPES OF O-GLYCAN BIOSYNTHESIS,GALNT2
KEGG_2026,OTHER TYPES OF O-GLYCAN BIOSYNTHESIS,POMT1
KEGG_2026,OTHER TYPES OF O-GLYCAN BIOSYNTHESIS,OGT
KEGG_2026,BIOSYNTHESIS OF VARIOUS NUCLEOTIDE SUGARS,GMPPB
KEGG_2026,BIOSYNTHESIS OF VARIOUS NUCLEOTIDE SUGARS,CYB5R1
KEGG_2026,BIOSYNTHESIS OF VARIOUS NUCLEOTIDE SUGARS,CYB5R4
KEGG_2026,BIOSYNTHESIS OF VARIOUS NUCLEOTIDE SUGARS,UGP2
KEGG_2026,BIOSYNTHESIS OF VARIOUS NUCLEOTIDE SUGARS,GMPPA
KEGG_2026,CIRCADIAN RHYTHM,PER2
KEGG_2026,CIRCADIAN RHYTHM,CREB1
KEGG_2026,CIRCADIAN RHYTHM,NFIL3
KEGG_2026,CIRCADIAN RHYTHM,RORA
KEGG_2026,CIRCADIAN RHYTHM,RORB
KEGG_2026,CIRCADIAN RHYTHM,NR1D1
KEGG_2026,CIRCADIAN RHYTHM,SKP1
KEGG_2026,CIRCADIAN RHYTHM,RBX1
KEGG_2026,TH1 AND TH2 CELL DIFFERENTIATION,JUN
KEGG_2026,TH1 AND TH2 CELL DIFFERENTIATION,STAT1
KEGG_2026,TH1 AND TH2 CELL DIFFERENTIATION,FOS
KEGG_2026,TH1 AND TH2 CELL DIFFERENTIATION,IL2RG
KEGG_2026,TH1 AND TH2 CELL DIFFERENTIATION,RELA
KEGG_2026,TH1 AND TH2 CELL DIFFERENTIATION,IL4
KEGG_2026,TH1 AND TH2 CELL DIFFERENTIATION,NFKBIA
KEGG_2026,TH1 AND TH2 CELL DIFFERENTIATION,ZAP70
KEGG_2026,TH1 AND TH2 CELL DIFFERENTIATION,MAPK9
KEGG_2026,TH1 AND TH2 CELL DIFFERENTIATION,PPP3CB
KEGG_2026,TH1 AND TH2 CELL DIFFERENTIATION,MAPK8
KEGG_2026,TH1 AND TH2 CELL DIFFERENTIATION,CD4
KEGG_2026,TH1 AND TH2 CELL DIFFERENTIATION,MAF
KEGG_2026,TH1 AND TH2 CELL DIFFERENTIATION,IFNG
KEGG_2026,TH1 AND TH2 CELL DIFFERENTIATION,LCK
KEGG_2026,TH1 AND TH2 CELL DIFFERENTIATION,SPNS1
KEGG_2026,TH1 AND TH2 CELL DIFFERENTIATION,MAPK1
KEGG_2026,TH1 AND TH2 CELL DIFFERENTIATION,PLCG1
KEGG_2026,TH1 AND TH2 CELL DIFFERENTIATION,JAK2
KEGG_2026,TH1 AND TH2 CELL DIFFERENTIATION,MAPK3
KEGG_2026,MINERAL ABSORPTION,SLC46A1
KEGG_2026,MINERAL ABSORPTION,SLC11A2
KEGG_2026,MINERAL ABSORPTION,SLC40A1
KEGG_2026,MINERAL ABSORPTION,ATP1A4
KEGG_2026,MINERAL ABSORPTION,CYBRD1
KEGG_2026,MINERAL ABSORPTION,SLC8A1
KEGG_2026,MINERAL ABSORPTION,SLC9A3
KEGG_2026,MINERAL ABSORPTION,FTH1
KEGG_2026,MINERAL ABSORPTION,HMOX1
KEGG_2026,MINERAL ABSORPTION,SLC26A9
KEGG_2026,MINERAL ABSORPTION,SLC26A3
KEGG_2026,MINERAL ABSORPTION,HMOX2
KEGG_2026,MINERAL ABSORPTION,SLC26A6
KEGG_2026,NICOTINE ADDICTION,GRIA1
KEGG_2026,NICOTINE ADDICTION,GABRR2
KEGG_2026,NICOTINE ADDICTION,GABRA1
KEGG_2026,NICOTINE ADDICTION,GABRB1
KEGG_2026,NICOTINE ADDICTION,GABRR1
KEGG_2026,NICOTINE ADDICTION,GABRA5
KEGG_2026,NICOTINE ADDICTION,SLC17A8
KEGG_2026,NICOTINE ADDICTION,GABRD
KEGG_2026,NICOTINE ADDICTION,GABRG2
KEGG_2026,AMINOACYL-TRNA BIOSYNTHESIS,HARS1
KEGG_2026,AMINOACYL-TRNA BIOSYNTHESIS,RARS1
KEGG_2026,AMINOACYL-TRNA BIOSYNTHESIS,EPRS1
KEGG_2026,AMINOACYL-TRNA BIOSYNTHESIS,PARS2
KEGG_2026,AMINOACYL-TRNA BIOSYNTHESIS,MARS1
KEGG_2026,AMINOACYL-TRNA BIOSYNTHESIS,GATC
KEGG_2026,AMINOACYL-TRNA BIOSYNTHESIS,IARS1
KEGG_2026,AMINOACYL-TRNA BIOSYNTHESIS,YARS1
KEGG_2026,AMINOACYL-TRNA BIOSYNTHESIS,WARS1
KEGG_2026,AMINOACYL-TRNA BIOSYNTHESIS,VARS1
KEGG_2026,ABC TRANSPORTERS,ABCA1
KEGG_2026,ABC TRANSPORTERS,ABCG5
KEGG_2026,ABC TRANSPORTERS,ABCB10
KEGG_2026,ABC TRANSPORTERS,ABCB6
KEGG_2026,ABC TRANSPORTERS,ABCB7
KEGG_2026,ABC TRANSPORTERS,ABCB4
KEGG_2026,ABC TRANSPORTERS,ABCA4
KEGG_2026,ABC TRANSPORTERS,ABCB8
KEGG_2026,ABC TRANSPORTERS,CFTR
KEGG_2026,ABC TRANSPORTERS,ABCG2
KEGG_2026,VITAMIN DIGESTION AND ABSORPTION,SCARB1
KEGG_2026,VITAMIN DIGESTION AND ABSORPTION,CUBN
KEGG_2026,VITAMIN DIGESTION AND ABSORPTION,SLC46A1
KEGG_2026,VITAMIN DIGESTION AND ABSORPTION,AWAT2
KEGG_2026,VITAMIN DIGESTION AND ABSORPTION,LRAT
KEGG_2026,VITAMIN DIGESTION AND ABSORPTION,SLC19A2
KEGG_2026,"VIRION - EBOLAVIRUS, LYSSAVIRUS AND MORBILLIVIRUS",NPC1
KEGG_2026,"VIRION - EBOLAVIRUS, LYSSAVIRUS AND MORBILLIVIRUS",CLEC4M
KEGG_2026,"VIRION - EBOLAVIRUS, LYSSAVIRUS AND MORBILLIVIRUS",NECTIN4
KEGG_2026,PROTEASOME,PSMC5
KEGG_2026,PROTEASOME,PSMD14
KEGG_2026,PROTEASOME,IFNG
KEGG_2026,PROTEASOME,PSMD13
KEGG_2026,PROTEASOME,PSMD2
KEGG_2026,PROTEASOME,PSMC1
KEGG_2026,PROTEASOME,PSME3
KEGG_2026,PROTEASOME,PSMD3
KEGG_2026,PROTEASOME,ADRM1
KEGG_2026,PROTEASOME,PSMF1
KEGG_2026,BIOSYNTHESIS OF UNSATURATED FATTY ACIDS,ELOVL4
KEGG_2026,BIOSYNTHESIS OF UNSATURATED FATTY ACIDS,SCD
KEGG_2026,BIOSYNTHESIS OF UNSATURATED FATTY ACIDS,HSD17B12
KEGG_2026,BIOSYNTHESIS OF UNSATURATED FATTY ACIDS,ACOX3
KEGG_2026,BIOSYNTHESIS OF UNSATURATED FATTY ACIDS,ACAA1
KEGG_2026,BIOSYNTHESIS OF UNSATURATED FATTY ACIDS,HACD4
KEGG_2026,AUTOPHAGY - OTHER,GABARAPL2
KEGG_2026,AUTOPHAGY - OTHER,ATG3
KEGG_2026,AUTOPHAGY - OTHER,GABARAPL1
KEGG_2026,AUTOPHAGY - OTHER,ATG4B
KEGG_2026,AUTOPHAGY - OTHER,ATG7
KEGG_2026,AUTOPHAGY - OTHER,ATG13
KEGG_2026,AUTOPHAGY - OTHER,GABARAP
KEGG_2026,GRAFT-VERSUS-HOST DISEASE,CD86
KEGG_2026,GRAFT-VERSUS-HOST DISEASE,IL6
KEGG_2026,GRAFT-VERSUS-HOST DISEASE,IFNG
KEGG_2026,GRAFT-VERSUS-HOST DISEASE,CD80
KEGG_2026,GRAFT-VERSUS-HOST DISEASE,IL1B
KEGG_2026,GRAFT-VERSUS-HOST DISEASE,FASN
KEGG_2026,GRAFT-VERSUS-HOST DISEASE,HLA-B
KEGG_2026,GRAFT-VERSUS-HOST DISEASE,HLA-A
KEGG_2026,GRAFT-VERSUS-HOST DISEASE,TNF
KEGG_2026,INTESTINAL IMMUNE NETWORK FOR IGA PRODUCTION,CD86
KEGG_2026,INTESTINAL IMMUNE NETWORK FOR IGA PRODUCTION,IL10
KEGG_2026,INTESTINAL IMMUNE NETWORK FOR IGA PRODUCTION,IL4
KEGG_2026,INTESTINAL IMMUNE NETWORK FOR IGA PRODUCTION,IL6
KEGG_2026,INTESTINAL IMMUNE NETWORK FOR IGA PRODUCTION,TGFB1
KEGG_2026,INTESTINAL IMMUNE NETWORK FOR IGA PRODUCTION,ITGA4
KEGG_2026,INTESTINAL IMMUNE NETWORK FOR IGA PRODUCTION,CD80
KEGG_2026,INTESTINAL IMMUNE NETWORK FOR IGA PRODUCTION,CXCR4
KEGG_2026,INTESTINAL IMMUNE NETWORK FOR IGA PRODUCTION,LTBR
KEGG_2026,INTESTINAL IMMUNE NETWORK FOR IGA PRODUCTION,TNFSF13B
KEGG_2026,VIRION - HEPATITIS VIRUSES,SCARB1
KEGG_2026,VIRION - HEPATITIS VIRUSES,TSG101
KEGG_2026,VIRION - HEPATITIS VIRUSES,LAMP1
KEGG_2026,VIRION - HEPATITIS VIRUSES,CHMP1B
KEGG_2026,VIRION - HEPATITIS VIRUSES,CHMP1A
KEGG_2026,VIRION - HEPATITIS VIRUSES,CLDN19
KEGG_2026,VIRION - HEPATITIS VIRUSES,CHMP4B
KEGG_2026,VIRION - HEPATITIS VIRUSES,HSPG2
KEGG_2026,VIRION - HEPATITIS VIRUSES,CHMP7
KEGG_2026,VIRION - HEPATITIS VIRUSES,EGFR
KEGG_2026,COBALAMIN TRANSPORT AND METABOLISM,MTRR
KEGG_2026,COBALAMIN TRANSPORT AND METABOLISM,MMAB
KEGG_2026,COBALAMIN TRANSPORT AND METABOLISM,MTR
KEGG_2026,COBALAMIN TRANSPORT AND METABOLISM,HCFC1
KEGG_2026,GLYCOSAMINOGLYCAN BIOSYNTHESIS - HEPARAN SULFATE / HEPARIN,EXT1
KEGG_2026,GLYCOSAMINOGLYCAN BIOSYNTHESIS - HEPARAN SULFATE / HEPARIN,EXT2
KEGG_2026,GLYCOSAMINOGLYCAN BIOSYNTHESIS - HEPARAN SULFATE / HEPARIN,EXTL2
KEGG_2026,GLYCOSAMINOGLYCAN BIOSYNTHESIS - HEPARAN SULFATE / HEPARIN,B3GAT3
KEGG_2026,GLYCOSAMINOGLYCAN BIOSYNTHESIS - HEPARAN SULFATE / HEPARIN,EXTL3
KEGG_2026,BASAL TRANSCRIPTION FACTORS,CDK7
KEGG_2026,BASAL TRANSCRIPTION FACTORS,TBP
KEGG_2026,BASAL TRANSCRIPTION FACTORS,GTF2B
KEGG_2026,BASAL TRANSCRIPTION FACTORS,TAF9
KEGG_2026,BASAL TRANSCRIPTION FACTORS,TAF7
KEGG_2026,BASAL TRANSCRIPTION FACTORS,TAF4B
KEGG_2026,BASAL TRANSCRIPTION FACTORS,TAF6
KEGG_2026,BASAL TRANSCRIPTION FACTORS,TAF4
KEGG_2026,BASAL TRANSCRIPTION FACTORS,TAF1
KEGG_2026,THIAMINE METABOLISM,ALPP
KEGG_2026,THIAMINE METABOLISM,NDUFAB1
KEGG_2026,THIAMINE METABOLISM,NTPCR
KEGG_2026,DNA REPLICATION,FEN1
KEGG_2026,DNA REPLICATION,MCM7
KEGG_2026,DNA REPLICATION,POLR1B
KEGG_2026,DNA REPLICATION,MCM3
KEGG_2026,DNA REPLICATION,MCM4
KEGG_2026,DNA REPLICATION,MCM5
KEGG_2026,DNA REPLICATION,MCM6
KEGG_2026,ETHER LIPID METABOLISM,AGPS
KEGG_2026,ETHER LIPID METABOLISM,GDPD1
KEGG_2026,ETHER LIPID METABOLISM,GDPD3
KEGG_2026,ETHER LIPID METABOLISM,PLAAT2
KEGG_2026,ETHER LIPID METABOLISM,PLPP3
KEGG_2026,ETHER LIPID METABOLISM,PLA2G6
KEGG_2026,ETHER LIPID METABOLISM,PLPP2
KEGG_2026,ETHER LIPID METABOLISM,PLPP1
KEGG_2026,ETHER LIPID METABOLISM,PAFAH1B2
KEGG_2026,ETHER LIPID METABOLISM,PAFAH1B1
KEGG_2026,PENTOSE AND GLUCURONATE INTERCONVERSIONS,UGP2
KEGG_2026,PENTOSE AND GLUCURONATE INTERCONVERSIONS,AKR1B10
KEGG_2026,PENTOSE AND GLUCURONATE INTERCONVERSIONS,CRPPA
KEGG_2026,PENTOSE AND GLUCURONATE INTERCONVERSIONS,SORD
KEGG_2026,PENTOSE AND GLUCURONATE INTERCONVERSIONS,AKR1B1
KEGG_2026,PENTOSE AND GLUCURONATE INTERCONVERSIONS,GUSB
KEGG_2026,PENTOSE AND GLUCURONATE INTERCONVERSIONS,XYLB
KEGG_2026,SULFUR METABOLISM,SQOR
KEGG_2026,SULFUR METABOLISM,PAPSS1
KEGG_2026,CYTOSOLIC DNA-SENSING PATHWAY,CGAS
KEGG_2026,CYTOSOLIC DNA-SENSING PATHWAY,DDX41
KEGG_2026,CYTOSOLIC DNA-SENSING PATHWAY,MEFV
KEGG_2026,CYTOSOLIC DNA-SENSING PATHWAY,RELA
KEGG_2026,CYTOSOLIC DNA-SENSING PATHWAY,NFKBIA
KEGG_2026,CYTOSOLIC DNA-SENSING PATHWAY,MAVS
KEGG_2026,CYTOSOLIC DNA-SENSING PATHWAY,IL6
KEGG_2026,CYTOSOLIC DNA-SENSING PATHWAY,TBK1
KEGG_2026,CYTOSOLIC DNA-SENSING PATHWAY,POLR3B
KEGG_2026,CYTOSOLIC DNA-SENSING PATHWAY,CASP3
KEGG_2026,CYTOSOLIC DNA-SENSING PATHWAY,IL1B
KEGG_2026,CYTOSOLIC DNA-SENSING PATHWAY,PCBP1
KEGG_2026,CYTOSOLIC DNA-SENSING PATHWAY,G3BP1
KEGG_2026,CYTOSOLIC DNA-SENSING PATHWAY,POLR3F
KEGG_2026,CYTOSOLIC DNA-SENSING PATHWAY,NLRP3
KEGG_2026,CYTOSOLIC DNA-SENSING PATHWAY,IKBKE
KEGG_2026,D-AMINO ACID METABOLISM,SRR
KEGG_2026,RNA POLYMERASE,POLR2A
KEGG_2026,RNA POLYMERASE,POLR3B
KEGG_2026,RNA POLYMERASE,POLR2B
KEGG_2026,RNA POLYMERASE,POLR2C
KEGG_2026,RNA POLYMERASE,POLR1B
KEGG_2026,RNA POLYMERASE,POLR3F
KEGG_2026,PRIMARY BILE ACID BIOSYNTHESIS,HSD3B7
KEGG_2026,PRIMARY BILE ACID BIOSYNTHESIS,CH25H
KEGG_2026,PRIMARY BILE ACID BIOSYNTHESIS,SLC27A5
KEGG_2026,GLYCOSPHINGOLIPID BIOSYNTHESIS - LACTO AND NEOLACTO SERIES,B4GALT2
KEGG_2026,GLYCOSPHINGOLIPID BIOSYNTHESIS - LACTO AND NEOLACTO SERIES,B4GALT3
KEGG_2026,GLYCOSPHINGOLIPID BIOSYNTHESIS - LACTO AND NEOLACTO SERIES,B4GALT1
KEGG_2026,GLYCOSPHINGOLIPID BIOSYNTHESIS - LACTO AND NEOLACTO SERIES,GCNT2
KEGG_2026,GLYCOSPHINGOLIPID BIOSYNTHESIS - LACTO AND NEOLACTO SERIES,B3GNT2
KEGG_2026,RHEUMATOID ARTHRITIS,CD86
KEGG_2026,RHEUMATOID ARTHRITIS,JUN
KEGG_2026,RHEUMATOID ARTHRITIS,CSF2
KEGG_2026,RHEUMATOID ARTHRITIS,TGFB1
KEGG_2026,RHEUMATOID ARTHRITIS,CSF1
KEGG_2026,RHEUMATOID ARTHRITIS,CD80
KEGG_2026,RHEUMATOID ARTHRITIS,FOS
KEGG_2026,RHEUMATOID ARTHRITIS,TNF
KEGG_2026,RHEUMATOID ARTHRITIS,ICAM1
KEGG_2026,RHEUMATOID ARTHRITIS,TNFSF13B
KEGG_2026,RHEUMATOID ARTHRITIS,IL6
KEGG_2026,RHEUMATOID ARTHRITIS,IFNG
KEGG_2026,RHEUMATOID ARTHRITIS,IL1B
KEGG_2026,RHEUMATOID ARTHRITIS,CCL2
KEGG_2026,RHEUMATOID ARTHRITIS,TLR4
KEGG_2026,RHEUMATOID ARTHRITIS,TLR2
KEGG_2026,RHEUMATOID ARTHRITIS,ATP6V0A1
KEGG_2026,CAFFEINE METABOLISM,CYP1A2
KEGG_2026,SYSTEMIC LUPUS ERYTHEMATOSUS,CD86
KEGG_2026,SYSTEMIC LUPUS ERYTHEMATOSUS,H2AX
KEGG_2026,SYSTEMIC LUPUS ERYTHEMATOSUS,IL10
KEGG_2026,SYSTEMIC LUPUS ERYTHEMATOSUS,C1QA
KEGG_2026,SYSTEMIC LUPUS ERYTHEMATOSUS,CD80
KEGG_2026,SYSTEMIC LUPUS ERYTHEMATOSUS,ACTN1
KEGG_2026,SYSTEMIC LUPUS ERYTHEMATOSUS,ACTN4
KEGG_2026,SYSTEMIC LUPUS ERYTHEMATOSUS,TNF
KEGG_2026,SYSTEMIC LUPUS ERYTHEMATOSUS,FCGR3B
KEGG_2026,SYSTEMIC LUPUS ERYTHEMATOSUS,SNRPD2
KEGG_2026,SYSTEMIC LUPUS ERYTHEMATOSUS,IFNG
KEGG_2026,SYSTEMIC LUPUS ERYTHEMATOSUS,H2AC20
KEGG_2026,SYSTEMIC LUPUS ERYTHEMATOSUS,H2BC21
KEGG_2026,SYSTEMIC LUPUS ERYTHEMATOSUS,SNRPD3
KEGG_2026,SYSTEMIC LUPUS ERYTHEMATOSUS,HNRNPC
KEGG_2026,SYSTEMIC LUPUS ERYTHEMATOSUS,FCGR1A
KEGG_2026,SYSTEMIC LUPUS ERYTHEMATOSUS,H3-3A
KEGG_2026,SYSTEMIC LUPUS ERYTHEMATOSUS,SNRPB
KEGG_2026,SYSTEMIC LUPUS ERYTHEMATOSUS,H3-3B
KEGG_2026,NUCLEOTIDE EXCISION REPAIR,DDB1
KEGG_2026,NUCLEOTIDE EXCISION REPAIR,CDK7
KEGG_2026,NUCLEOTIDE EXCISION REPAIR,POLR2A
KEGG_2026,NUCLEOTIDE EXCISION REPAIR,POLR2B
KEGG_2026,NUCLEOTIDE EXCISION REPAIR,CETN2
KEGG_2026,NUCLEOTIDE EXCISION REPAIR,POLR1B
KEGG_2026,NUCLEOTIDE EXCISION REPAIR,POLR2C
KEGG_2026,NUCLEOTIDE EXCISION REPAIR,RAD23A
KEGG_2026,NUCLEOTIDE EXCISION REPAIR,ERCC6
KEGG_2026,NUCLEOTIDE EXCISION REPAIR,RAD23B
KEGG_2026,NUCLEOTIDE EXCISION REPAIR,RBX1
KEGG_2026,FANCONI ANEMIA PATHWAY,TOP3B
KEGG_2026,FANCONI ANEMIA PATHWAY,WDR48
KEGG_2026,FANCONI ANEMIA PATHWAY,RAD51
KEGG_2026,FANCONI ANEMIA PATHWAY,FANCM
KEGG_2026,FANCONI ANEMIA PATHWAY,POLR1B
KEGG_2026,FANCONI ANEMIA PATHWAY,BRCA1
KEGG_2026,FANCONI ANEMIA PATHWAY,BRCA2
KEGG_2026,FANCONI ANEMIA PATHWAY,FAN1
KEGG_2026,FANCONI ANEMIA PATHWAY,TELO2
KEGG_2026,ALPHA-LINOLENIC ACID METABOLISM,PLAAT2
KEGG_2026,ALPHA-LINOLENIC ACID METABOLISM,ACOX3
KEGG_2026,ALPHA-LINOLENIC ACID METABOLISM,PLA2G6
KEGG_2026,ALPHA-LINOLENIC ACID METABOLISM,ACAA1
KEGG_2026,COMPLEMENT AND COAGULATION CASCADES,C1QA
KEGG_2026,COMPLEMENT AND COAGULATION CASCADES,ITGAM
KEGG_2026,COMPLEMENT AND COAGULATION CASCADES,VWF
KEGG_2026,COMPLEMENT AND COAGULATION CASCADES,CFH
KEGG_2026,COMPLEMENT AND COAGULATION CASCADES,PROS1
KEGG_2026,COMPLEMENT AND COAGULATION CASCADES,F12
KEGG_2026,COMPLEMENT AND COAGULATION CASCADES,CLU
KEGG_2026,COMPLEMENT AND COAGULATION CASCADES,VTN
KEGG_2026,COMPLEMENT AND COAGULATION CASCADES,PIKFYVE
KEGG_2026,COMPLEMENT AND COAGULATION CASCADES,F9
KEGG_2026,COMPLEMENT AND COAGULATION CASCADES,CFHR1
KEGG_2026,COMPLEMENT AND COAGULATION CASCADES,CFHR3
KEGG_2026,COMPLEMENT AND COAGULATION CASCADES,ITGAX
KEGG_2026,COMPLEMENT AND COAGULATION CASCADES,HNRNPC
KEGG_2026,COMPLEMENT AND COAGULATION CASCADES,KLKB1
KEGG_2026,RIG-I-LIKE RECEPTOR SIGNALING PATHWAY,NFKBIA
KEGG_2026,RIG-I-LIKE RECEPTOR SIGNALING PATHWAY,MAPK9
KEGG_2026,RIG-I-LIKE RECEPTOR SIGNALING PATHWAY,MAPK8
KEGG_2026,RIG-I-LIKE RECEPTOR SIGNALING PATHWAY,MAVS
KEGG_2026,RIG-I-LIKE RECEPTOR SIGNALING PATHWAY,DDX3X
KEGG_2026,RIG-I-LIKE RECEPTOR SIGNALING PATHWAY,TBK1
KEGG_2026,RIG-I-LIKE RECEPTOR SIGNALING PATHWAY,TKFC
KEGG_2026,RIG-I-LIKE RECEPTOR SIGNALING PATHWAY,MAP3K1
KEGG_2026,RIG-I-LIKE RECEPTOR SIGNALING PATHWAY,TRAF3
KEGG_2026,RIG-I-LIKE RECEPTOR SIGNALING PATHWAY,TNF
KEGG_2026,RIG-I-LIKE RECEPTOR SIGNALING PATHWAY,IKBKE
KEGG_2026,RIG-I-LIKE RECEPTOR SIGNALING PATHWAY,RELA
KEGG_2026,ARGININE AND PROLINE METABOLISM,GOT1L1
KEGG_2026,ARGININE AND PROLINE METABOLISM,AOC1
KEGG_2026,ARGININE AND PROLINE METABOLISM,OAT
KEGG_2026,ARGININE AND PROLINE METABOLISM,MAOB
KEGG_2026,ARGININE AND PROLINE METABOLISM,NPR2
KEGG_2026,ARGININE AND PROLINE METABOLISM,GOT2
KEGG_2026,ARGININE AND PROLINE METABOLISM,ALDH18A1
KEGG_2026,ARGININE AND PROLINE METABOLISM,ALDH7A1
KEGG_2026,ATP-DEPENDENT CHROMATIN REMODELING,INO80C
KEGG_2026,ATP-DEPENDENT CHROMATIN REMODELING,H2AX
KEGG_2026,ATP-DEPENDENT CHROMATIN REMODELING,HDAC2
KEGG_2026,ATP-DEPENDENT CHROMATIN REMODELING,SMARCC2
KEGG_2026,ATP-DEPENDENT CHROMATIN REMODELING,INO80D
KEGG_2026,ATP-DEPENDENT CHROMATIN REMODELING,TRRAP
KEGG_2026,ATP-DEPENDENT CHROMATIN REMODELING,HDAC1
KEGG_2026,ATP-DEPENDENT CHROMATIN REMODELING,MCRS1
KEGG_2026,ATP-DEPENDENT CHROMATIN REMODELING,YEATS4
KEGG_2026,ATP-DEPENDENT CHROMATIN REMODELING,CHD4
KEGG_2026,ATP-DEPENDENT CHROMATIN REMODELING,CHD3
KEGG_2026,ATP-DEPENDENT CHROMATIN REMODELING,ACTR8
KEGG_2026,ATP-DEPENDENT CHROMATIN REMODELING,PHF6
KEGG_2026,ATP-DEPENDENT CHROMATIN REMODELING,TFPT
KEGG_2026,ATP-DEPENDENT CHROMATIN REMODELING,KAT5
KEGG_2026,ATP-DEPENDENT CHROMATIN REMODELING,RUVBL2
KEGG_2026,ATP-DEPENDENT CHROMATIN REMODELING,H2AC20
KEGG_2026,ATP-DEPENDENT CHROMATIN REMODELING,RUVBL1
KEGG_2026,ATP-DEPENDENT CHROMATIN REMODELING,BRD7
KEGG_2026,SULFUR RELAY SYSTEM,CTU2
KEGG_2026,HISTIDINE METABOLISM,AOC1
KEGG_2026,HISTIDINE METABOLISM,MAOB
KEGG_2026,HISTIDINE METABOLISM,ALDH7A1
KEGG_2026,STEROID HORMONE BIOSYNTHESIS,SRD5A2
KEGG_2026,STEROID HORMONE BIOSYNTHESIS,CYP11A1
KEGG_2026,STEROID HORMONE BIOSYNTHESIS,SRD5A3
KEGG_2026,STEROID HORMONE BIOSYNTHESIS,CYP1A2
KEGG_2026,STEROID HORMONE BIOSYNTHESIS,CYP1A1
KEGG_2026,STEROID HORMONE BIOSYNTHESIS,CYP1B1
KEGG_2026,STEROID HORMONE BIOSYNTHESIS,HSD17B6
KEGG_2026,STEROID HORMONE BIOSYNTHESIS,HSD17B12
KEGG_2026,STEROID HORMONE BIOSYNTHESIS,HSD17B7
KEGG_2026,STEROID HORMONE BIOSYNTHESIS,CYP3A4
KEGG_2026,HEMATOPOIETIC CELL LINEAGE,CSF2
KEGG_2026,HEMATOPOIETIC CELL LINEAGE,ITGAM
KEGG_2026,HEMATOPOIETIC CELL LINEAGE,TFRC
KEGG_2026,HEMATOPOIETIC CELL LINEAGE,CSF1
KEGG_2026,HEMATOPOIETIC CELL LINEAGE,ITGA4
KEGG_2026,HEMATOPOIETIC CELL LINEAGE,NDUFA2
KEGG_2026,HEMATOPOIETIC CELL LINEAGE,CD1D
KEGG_2026,HEMATOPOIETIC CELL LINEAGE,TNF
KEGG_2026,HEMATOPOIETIC CELL LINEAGE,IL4
KEGG_2026,HEMATOPOIETIC CELL LINEAGE,IL6
KEGG_2026,HEMATOPOIETIC CELL LINEAGE,CD4
KEGG_2026,HEMATOPOIETIC CELL LINEAGE,CD8A
KEGG_2026,HEMATOPOIETIC CELL LINEAGE,IL1B
KEGG_2026,HEMATOPOIETIC CELL LINEAGE,CD36
KEGG_2026,HEMATOPOIETIC CELL LINEAGE,FCGR1A
KEGG_2026,HEMATOPOIETIC CELL LINEAGE,CD34
KEGG_2026,GLUTATHIONE METABOLISM,GPX2
KEGG_2026,GLUTATHIONE METABOLISM,GPX4
KEGG_2026,GLUTATHIONE METABOLISM,GPX6
KEGG_2026,GLUTATHIONE METABOLISM,IDH1
KEGG_2026,GLUTATHIONE METABOLISM,GSR
KEGG_2026,GLUTATHIONE METABOLISM,IDH2
KEGG_2026,GLUTATHIONE METABOLISM,GPX8
KEGG_2026,GLUTATHIONE METABOLISM,GPX7
KEGG_2026,GLUTATHIONE METABOLISM,PHGDH
KEGG_2026,METABOLISM OF XENOBIOTICS BY CYTOCHROME P450,ADH1C
KEGG_2026,METABOLISM OF XENOBIOTICS BY CYTOCHROME P450,ADH1B
KEGG_2026,METABOLISM OF XENOBIOTICS BY CYTOCHROME P450,ADH1A
KEGG_2026,METABOLISM OF XENOBIOTICS BY CYTOCHROME P450,CYP2S1
KEGG_2026,METABOLISM OF XENOBIOTICS BY CYTOCHROME P450,CYP1A2
KEGG_2026,METABOLISM OF XENOBIOTICS BY CYTOCHROME P450,CYP1A1
KEGG_2026,METABOLISM OF XENOBIOTICS BY CYTOCHROME P450,CYP1B1
KEGG_2026,METABOLISM OF XENOBIOTICS BY CYTOCHROME P450,ADH7
KEGG_2026,METABOLISM OF XENOBIOTICS BY CYTOCHROME P450,CYP3A4
KEGG_2026,METABOLISM OF XENOBIOTICS BY CYTOCHROME P450,CYP2F1
KEGG_2026,METABOLISM OF XENOBIOTICS BY CYTOCHROME P450,ADH5
KEGG_2026,METABOLISM OF XENOBIOTICS BY CYTOCHROME P450,ADH6
KEGG_2026,LINOLEIC ACID METABOLISM,CYP1A2
KEGG_2026,LINOLEIC ACID METABOLISM,PLAAT2
KEGG_2026,LINOLEIC ACID METABOLISM,PLA2G6
KEGG_2026,LINOLEIC ACID METABOLISM,CYP3A4
KEGG_2026,ASTHMA,IL10
KEGG_2026,ASTHMA,IL4
KEGG_2026,ASTHMA,PLPPR3
KEGG_2026,ASTHMA,TNF
KEGG_2026,GLYCEROPHOSPHOLIPID METABOLISM,CHKA
KEGG_2026,GLYCEROPHOSPHOLIPID METABOLISM,LCAT
KEGG_2026,GLYCEROPHOSPHOLIPID METABOLISM,PLAAT2
KEGG_2026,GLYCEROPHOSPHOLIPID METABOLISM,PLA2G6
KEGG_2026,GLYCEROPHOSPHOLIPID METABOLISM,AGPAT1
KEGG_2026,GLYCEROPHOSPHOLIPID METABOLISM,PISD
KEGG_2026,GLYCEROPHOSPHOLIPID METABOLISM,PLPP5
KEGG_2026,GLYCEROPHOSPHOLIPID METABOLISM,PLPP4
KEGG_2026,GLYCEROPHOSPHOLIPID METABOLISM,CHEK2
KEGG_2026,GLYCEROPHOSPHOLIPID METABOLISM,GPD2
KEGG_2026,GLYCEROPHOSPHOLIPID METABOLISM,GPD1
KEGG_2026,GLYCEROPHOSPHOLIPID METABOLISM,PLPP3
KEGG_2026,GLYCEROPHOSPHOLIPID METABOLISM,PLPP2
KEGG_2026,GLYCEROPHOSPHOLIPID METABOLISM,LPIN2
KEGG_2026,GLYCEROPHOSPHOLIPID METABOLISM,PLPP1
KEGG_2026,GLYCEROPHOSPHOLIPID METABOLISM,CDS2
KEGG_2026,MUCIN TYPE O-GLYCAN BIOSYNTHESIS,GALNT12
KEGG_2026,MUCIN TYPE O-GLYCAN BIOSYNTHESIS,GALNT3
KEGG_2026,MUCIN TYPE O-GLYCAN BIOSYNTHESIS,GALNT2
KEGG_2026,MUCIN TYPE O-GLYCAN BIOSYNTHESIS,GCNT1
KEGG_2026,DRUG METABOLISM - CYTOCHROME P450,ADH1C
KEGG_2026,DRUG METABOLISM - CYTOCHROME P450,MAOB
KEGG_2026,DRUG METABOLISM - CYTOCHROME P450,ADH1B
KEGG_2026,DRUG METABOLISM - CYTOCHROME P450,ADH1A
KEGG_2026,DRUG METABOLISM - CYTOCHROME P450,CYP1A2
KEGG_2026,DRUG METABOLISM - CYTOCHROME P450,AOX1
KEGG_2026,DRUG METABOLISM - CYTOCHROME P450,ADH7
KEGG_2026,DRUG METABOLISM - CYTOCHROME P450,CYP3A4
KEGG_2026,DRUG METABOLISM - CYTOCHROME P450,ADH5
KEGG_2026,DRUG METABOLISM - CYTOCHROME P450,ADH6
KEGG_2026,SNARE INTERACTIONS IN VESICULAR TRANSPORT,SNAP23
KEGG_2026,SNARE INTERACTIONS IN VESICULAR TRANSPORT,STX3
KEGG_2026,SNARE INTERACTIONS IN VESICULAR TRANSPORT,STX1A
KEGG_2026,SNARE INTERACTIONS IN VESICULAR TRANSPORT,VAMP3
KEGG_2026,AUTOIMMUNE THYROID DISEASE,CD86
KEGG_2026,AUTOIMMUNE THYROID DISEASE,IL10
KEGG_2026,AUTOIMMUNE THYROID DISEASE,IL4
KEGG_2026,AUTOIMMUNE THYROID DISEASE,CD80
KEGG_2026,AUTOIMMUNE THYROID DISEASE,FASN
KEGG_2026,AUTOIMMUNE THYROID DISEASE,HLA-B
KEGG_2026,AUTOIMMUNE THYROID DISEASE,HLA-A
KEGG_2026,COLLECTING DUCT ACID SECRETION,ATP4A
KEGG_2026,COLLECTING DUCT ACID SECRETION,CA2
KEGG_2026,COLLECTING DUCT ACID SECRETION,ATP6V0A1
KEGG_2026,PROTEIN DIGESTION AND ABSORPTION,SLC36A1
KEGG_2026,PROTEIN DIGESTION AND ABSORPTION,CELA3A
KEGG_2026,PROTEIN DIGESTION AND ABSORPTION,CELA3B
KEGG_2026,PROTEIN DIGESTION AND ABSORPTION,KCNJ13
KEGG_2026,PROTEIN DIGESTION AND ABSORPTION,SLC1A1
KEGG_2026,PROTEIN DIGESTION AND ABSORPTION,ATP1A4
KEGG_2026,PROTEIN DIGESTION AND ABSORPTION,SLC3A1
KEGG_2026,PROTEIN DIGESTION AND ABSORPTION,SLC3A2
KEGG_2026,PROTEIN DIGESTION AND ABSORPTION,SLC1A5
KEGG_2026,PROTEIN DIGESTION AND ABSORPTION,SLC8A1
KEGG_2026,PROTEIN DIGESTION AND ABSORPTION,SLC9A3
KEGG_2026,PROTEIN DIGESTION AND ABSORPTION,SLC7A7
KEGG_2026,PROTEIN DIGESTION AND ABSORPTION,SLC7A8
KEGG_2026,PROTEIN DIGESTION AND ABSORPTION,SLC7A9
KEGG_2026,PROTEIN DIGESTION AND ABSORPTION,COL9A2
KEGG_2026,CELL ADHESION MOLECULE (CAM) INTERACTION,CD86
KEGG_2026,CELL ADHESION MOLECULE (CAM) INTERACTION,ITGB1
KEGG_2026,CELL ADHESION MOLECULE (CAM) INTERACTION,ITGAM
KEGG_2026,CELL ADHESION MOLECULE (CAM) INTERACTION,ITGA4
KEGG_2026,CELL ADHESION MOLECULE (CAM) INTERACTION,CD80
KEGG_2026,CELL ADHESION MOLECULE (CAM) INTERACTION,NRXN1
KEGG_2026,CELL ADHESION MOLECULE (CAM) INTERACTION,HLA-B
KEGG_2026,CELL ADHESION MOLECULE (CAM) INTERACTION,NRXN2
KEGG_2026,CELL ADHESION MOLECULE (CAM) INTERACTION,HLA-A
KEGG_2026,CELL ADHESION MOLECULE (CAM) INTERACTION,F11R
KEGG_2026,CELL ADHESION MOLECULE (CAM) INTERACTION,ICAM1
KEGG_2026,CELL ADHESION MOLECULE (CAM) INTERACTION,PPP1R9B
KEGG_2026,CELL ADHESION MOLECULE (CAM) INTERACTION,CDH5
KEGG_2026,CELL ADHESION MOLECULE (CAM) INTERACTION,FZR1
KEGG_2026,CELL ADHESION MOLECULE (CAM) INTERACTION,CD4
KEGG_2026,CELL ADHESION MOLECULE (CAM) INTERACTION,NFASC
KEGG_2026,CELL ADHESION MOLECULE (CAM) INTERACTION,PTPRC
KEGG_2026,CELL ADHESION MOLECULE (CAM) INTERACTION,CD8A
KEGG_2026,CELL ADHESION MOLECULE (CAM) INTERACTION,CLDN19
KEGG_2026,CELL ADHESION MOLECULE (CAM) INTERACTION,SDC1
KEGG_2026,CELL ADHESION MOLECULE (CAM) INTERACTION,SIGLEC1
KEGG_2026,CELL ADHESION MOLECULE (CAM) INTERACTION,LRRC4C
KEGG_2026,CELL ADHESION MOLECULE (CAM) INTERACTION,CD34
KEGG_2026,CELL ADHESION MOLECULE (CAM) INTERACTION,NECTIN3
KEGG_2026,GLYCOSPHINGOLIPID BIOSYNTHESIS - GANGLIO SERIES,GLB1
KEGG_2026,TAURINE AND HYPOTAURINE METABOLISM,GAD2
KEGG_2026,ARACHIDONIC ACID METABOLISM,GPX4
KEGG_2026,ARACHIDONIC ACID METABOLISM,CYP2U1
KEGG_2026,ARACHIDONIC ACID METABOLISM,EPHX2
KEGG_2026,ARACHIDONIC ACID METABOLISM,PTGES3
KEGG_2026,ARACHIDONIC ACID METABOLISM,PLAAT2
KEGG_2026,ARACHIDONIC ACID METABOLISM,PTGS2
KEGG_2026,ARACHIDONIC ACID METABOLISM,PLA2G6
KEGG_2026,CYTOKINE-CYTOKINE RECEPTOR INTERACTION,CX3CR1
KEGG_2026,CYTOKINE-CYTOKINE RECEPTOR INTERACTION,IL1RN
KEGG_2026,CYTOKINE-CYTOKINE RECEPTOR INTERACTION,CNTF
KEGG_2026,CYTOKINE-CYTOKINE RECEPTOR INTERACTION,CSF2
KEGG_2026,CYTOKINE-CYTOKINE RECEPTOR INTERACTION,CSF1
KEGG_2026,CYTOKINE-CYTOKINE RECEPTOR INTERACTION,CSH2
KEGG_2026,CYTOKINE-CYTOKINE RECEPTOR INTERACTION,CSH1
KEGG_2026,CYTOKINE-CYTOKINE RECEPTOR INTERACTION,CXCR5
KEGG_2026,CYTOKINE-CYTOKINE RECEPTOR INTERACTION,CXCR4
KEGG_2026,CYTOKINE-CYTOKINE RECEPTOR INTERACTION,IL2RG
KEGG_2026,CYTOKINE-CYTOKINE RECEPTOR INTERACTION,TNF
KEGG_2026,CYTOKINE-CYTOKINE RECEPTOR INTERACTION,CX3CL1
KEGG_2026,CYTOKINE-CYTOKINE RECEPTOR INTERACTION,TNFSF13B
KEGG_2026,CYTOKINE-CYTOKINE RECEPTOR INTERACTION,CCL2
KEGG_2026,CYTOKINE-CYTOKINE RECEPTOR INTERACTION,CCR6
KEGG_2026,CYTOKINE-CYTOKINE RECEPTOR INTERACTION,CCL19
KEGG_2026,CYTOKINE-CYTOKINE RECEPTOR INTERACTION,CCR5
KEGG_2026,CYTOKINE-CYTOKINE RECEPTOR INTERACTION,CCR3
KEGG_2026,CYTOKINE-CYTOKINE RECEPTOR INTERACTION,CCR2
KEGG_2026,CYTOKINE-CYTOKINE RECEPTOR INTERACTION,CCR1
KEGG_2026,CYTOKINE-CYTOKINE RECEPTOR INTERACTION,IL10
KEGG_2026,CYTOKINE-CYTOKINE RECEPTOR INTERACTION,CCL22
KEGG_2026,CYTOKINE-CYTOKINE RECEPTOR INTERACTION,TGFB1
KEGG_2026,CYTOKINE-CYTOKINE RECEPTOR INTERACTION,CCL21
KEGG_2026,CYTOKINE-CYTOKINE RECEPTOR INTERACTION,GDF2
KEGG_2026,CYTOKINE-CYTOKINE RECEPTOR INTERACTION,IL31RA
KEGG_2026,CYTOKINE-CYTOKINE RECEPTOR INTERACTION,TNFRSF10B
KEGG_2026,CYTOKINE-CYTOKINE RECEPTOR INTERACTION,TNFRSF10A
KEGG_2026,CYTOKINE-CYTOKINE RECEPTOR INTERACTION,GDF3
KEGG_2026,CYTOKINE-CYTOKINE RECEPTOR INTERACTION,CSHL1
KEGG_2026,CYTOKINE-CYTOKINE RECEPTOR INTERACTION,TGFBR1
KEGG_2026,CYTOKINE-CYTOKINE RECEPTOR INTERACTION,TGFBR2
KEGG_2026,CYTOKINE-CYTOKINE RECEPTOR INTERACTION,TNFRSF1A
KEGG_2026,CYTOKINE-CYTOKINE RECEPTOR INTERACTION,IL4
KEGG_2026,CYTOKINE-CYTOKINE RECEPTOR INTERACTION,GH2
KEGG_2026,CYTOKINE-CYTOKINE RECEPTOR INTERACTION,GH1
KEGG_2026,CYTOKINE-CYTOKINE RECEPTOR INTERACTION,CXCL11
KEGG_2026,CYTOKINE-CYTOKINE RECEPTOR INTERACTION,IL6
KEGG_2026,CYTOKINE-CYTOKINE RECEPTOR INTERACTION,CD4
KEGG_2026,CYTOKINE-CYTOKINE RECEPTOR INTERACTION,IFNG
KEGG_2026,CYTOKINE-CYTOKINE RECEPTOR INTERACTION,FASN
KEGG_2026,CYTOKINE-CYTOKINE RECEPTOR INTERACTION,IL1B
KEGG_2026,CYTOKINE-CYTOKINE RECEPTOR INTERACTION,LEP
KEGG_2026,CYTOKINE-CYTOKINE RECEPTOR INTERACTION,CD27
KEGG_2026,CYTOKINE-CYTOKINE RECEPTOR INTERACTION,ACKR3
KEGG_2026,CYTOKINE-CYTOKINE RECEPTOR INTERACTION,LTBR
KEGG_2026,CYTOKINE-CYTOKINE RECEPTOR INTERACTION,IFNAR1
KEGG_2026,HIPPO SIGNALING PATHWAY - MULTIPLE SPECIES,FRMD6
KEGG_2026,HIPPO SIGNALING PATHWAY - MULTIPLE SPECIES,WTIP
KEGG_2026,GLYCOSAMINOGLYCAN BIOSYNTHESIS - CHONDROITIN SULFATE / DERMATAN SULFATE,B3GAT3
KEGG_2026,ASCORBATE AND ALDARATE METABOLISM,GUSB
KEGG_2026,ASCORBATE AND ALDARATE METABOLISM,ALDH7A1
KEGG_2026,STAPHYLOCOCCUS AUREUS INFECTION,IL10
KEGG_2026,STAPHYLOCOCCUS AUREUS INFECTION,C1QA
KEGG_2026,STAPHYLOCOCCUS AUREUS INFECTION,PIKFYVE
KEGG_2026,STAPHYLOCOCCUS AUREUS INFECTION,ITGAM
KEGG_2026,STAPHYLOCOCCUS AUREUS INFECTION,FCGR3B
KEGG_2026,STAPHYLOCOCCUS AUREUS INFECTION,CFH
KEGG_2026,STAPHYLOCOCCUS AUREUS INFECTION,PTAFR
KEGG_2026,STAPHYLOCOCCUS AUREUS INFECTION,FPR1
KEGG_2026,STAPHYLOCOCCUS AUREUS INFECTION,HNRNPC
KEGG_2026,STAPHYLOCOCCUS AUREUS INFECTION,FCGR1A
KEGG_2026,STAPHYLOCOCCUS AUREUS INFECTION,ICAM1
KEGG_2026,MISMATCH REPAIR,POLR1B
KEGG_2026,BASE EXCISION REPAIR,FEN1
KEGG_2026,BASE EXCISION REPAIR,TDG
KEGG_2026,BASE EXCISION REPAIR,APTX
KEGG_2026,GLYCOSYLPHOSPHATIDYLINOSITOL (GPI)-ANCHOR BIOSYNTHESIS,DPM2
KEGG_2026,CHEMICAL CARCINOGENESIS - DNA ADDUCTS,CYP1A2
KEGG_2026,CHEMICAL CARCINOGENESIS - DNA ADDUCTS,CYP1A1
KEGG_2026,CHEMICAL CARCINOGENESIS - DNA ADDUCTS,CYP1B1
KEGG_2026,CHEMICAL CARCINOGENESIS - DNA ADDUCTS,PTGS2
KEGG_2026,CHEMICAL CARCINOGENESIS - DNA ADDUCTS,CYP3A4
KEGG_2026,OLFACTORY TRANSDUCTION,OR4E1
KEGG_2026,OLFACTORY TRANSDUCTION,CALML5
KEGG_2026,OLFACTORY TRANSDUCTION,OR11H1
KEGG_2026,OLFACTORY TRANSDUCTION,CALML6
KEGG_2026,OLFACTORY TRANSDUCTION,OR11H12
KEGG_2026,OLFACTORY TRANSDUCTION,OR1G1
KEGG_2026,OLFACTORY TRANSDUCTION,OR2M4
KEGG_2026,OLFACTORY TRANSDUCTION,OR2M3
KEGG_2026,OLFACTORY TRANSDUCTION,ARRB1
KEGG_2026,OLFACTORY TRANSDUCTION,CALML3
KEGG_2026,OLFACTORY TRANSDUCTION,ARRB2
KEGG_2026,OLFACTORY TRANSDUCTION,CALML4
KEGG_2026,OLFACTORY TRANSDUCTION,SLC8A1
KEGG_2026,OLFACTORY TRANSDUCTION,RGS2
KEGG_2026,OLFACTORY TRANSDUCTION,PRKACG
KEGG_2026,OLFACTORY TRANSDUCTION,PRKG2
KEGG_2026,OLFACTORY TRANSDUCTION,CNGA2
KEGG_2026,OLFACTORY TRANSDUCTION,CNGA3
KEGG_2026,OLFACTORY TRANSDUCTION,CNGA4
KEGG_2026,OLFACTORY TRANSDUCTION,OR5B3
KEGG_2026,OLFACTORY TRANSDUCTION,PRKACB
KEGG_2026,OLFACTORY TRANSDUCTION,PRKG1
KEGG_2026,OLFACTORY TRANSDUCTION,OR52E4
KEGG_2026,OLFACTORY TRANSDUCTION,PRKCA
KEGG_2026,OLFACTORY TRANSDUCTION,ANO2
KEGG_2026,OLFACTORY TRANSDUCTION,OR56A5
KEGG_2026,OLFACTORY TRANSDUCTION,OR10A4
KEGG_2026,OLFACTORY TRANSDUCTION,CNGB1
KEGG_2026,OLFACTORY TRANSDUCTION,CAMK2B
KEGG_2026,OLFACTORY TRANSDUCTION,OR51F1
KEGG_2026,OLFACTORY TRANSDUCTION,OR2C1
KEGG_2026,OLFACTORY TRANSDUCTION,CAMK2D
KEGG_2026,OLFACTORY TRANSDUCTION,GUCY2D
KEGG_2026,OLFACTORY TRANSDUCTION,PDE1C
KEGG_2026,OLFACTORY TRANSDUCTION,OR51B2
KEGG_2026,OLFACTORY TRANSDUCTION,PDE1B
KEGG_2026,OLFACTORY TRANSDUCTION,PDE1A
KEGG_2026,OLFACTORY TRANSDUCTION,CAMK2A
KEGG_2026,OLFACTORY TRANSDUCTION,ADCY8
KEGG_2026,OLFACTORY TRANSDUCTION,OR52L1
KEGG_2026,OLFACTORY TRANSDUCTION,NCALD
KEGG_2026,OLFACTORY TRANSDUCTION,GRK3
KEGG_2026,OLFACTORY TRANSDUCTION,GRK2
KEGG_2026,OLFACTORY TRANSDUCTION,GNG7
KEGG_2026,OLFACTORY TRANSDUCTION,CAMK2G
KEGG_2026,OLFACTORY TRANSDUCTION,PDE2A
KEGG_2026,OLFACTORY TRANSDUCTION,OR6N2
KEGG_2026,OLFACTORY TRANSDUCTION,OR6N1
KEGG_2026,OLFACTORY TRANSDUCTION,GNG13
KEGG_2026,OLFACTORY TRANSDUCTION,GNAL
KEGG_2026,OLFACTORY TRANSDUCTION,GNB1
KEGG_2026,OLFACTORY TRANSDUCTION,CALM3
KEGG_2026,OLFACTORY TRANSDUCTION,CALM1
KEGG_2026,OLFACTORY TRANSDUCTION,CALM2
KEGG_2026,CORNIFIED ENVELOPE FORMATION,SLC27A1
KEGG_2026,CORNIFIED ENVELOPE FORMATION,JUP
KEGG_2026,CORNIFIED ENVELOPE FORMATION,ELOVL4
KEGG_2026,CORNIFIED ENVELOPE FORMATION,LAMB3
KEGG_2026,CORNIFIED ENVELOPE FORMATION,EPHX2
KEGG_2026,CORNIFIED ENVELOPE FORMATION,SDR9C7
KEGG_2026,CORNIFIED ENVELOPE FORMATION,LAMC2
KEGG_2026,CORNIFIED ENVELOPE FORMATION,EVPL
KEGG_2026,CORNIFIED ENVELOPE FORMATION,HRNR
KEGG_2026,CORNIFIED ENVELOPE FORMATION,TJP1
KEGG_2026,CORNIFIED ENVELOPE FORMATION,SPTLC1
KEGG_2026,CORNIFIED ENVELOPE FORMATION,CLDN19
KEGG_2026,CORNIFIED ENVELOPE FORMATION,PKP1
KEGG_2026,CORNIFIED ENVELOPE FORMATION,CAPN1
KEGG_2026,CORNIFIED ENVELOPE FORMATION,KDSR
KEGG_2026,CORNIFIED ENVELOPE FORMATION,TGM5
KEGG_2026,CORNIFIED ENVELOPE FORMATION,DSG4
KEGG_2026,CORNIFIED ENVELOPE FORMATION,SLC27A4
KEGG_2026,CORNIFIED ENVELOPE FORMATION,PLEC
