Category,ID,Name,Source,p-value,q-value Bonferroni,q-value FDR B&H,q-value FDR B&Y,Hit Count in Query List,Hit Count in Genome,Hit in Query List,Significant_FDR_0_05,Participating_Gene_Count
Pathway,M13087,REACTOME_PROCESSING_OF_CAPPED_INTRON_CONTAINING_PRE_MRNA,Reactome Pathways,1.17e-98,4.326e-95,4.326e-95,3.804e-94,236,283,"SEH1L,SDE2,ZRSR2,RBM10,ISY1,DHX16,RAE1,CWC22,PRPF18,SUGP1,LSM2,SRSF9,BUD31,PRP4K,SART1,PRPF4,PRPF3,FAM50A,CDC5L,SRSF11,EFTUD2,CACTIN,PPIG,RBM25,SNRNP40,DDX23,LSM4,SYF2,RBM39,NUP155,FAM32A,CSTF2,ZNF830,NUP93,SF3B5,AQR,PRPF31,EIF4A3,DHX38,NUP58,DDX5,DHX8,DHX9,DHX15,DDX46,POM121,RBM8A,NUP153,THOC1,PQBP1,UBL5,RBM7,RBM5,ALYREF,DDX39A,HNRNPR,SRRM1,SF3B4,CWC27,SAP18,SMNDC1,BCAS2,SF3A1,CRNKL1,CDC40,PPIE,PPIH,DDX41,CHERP,POLDIP3,CWC15,SLU7,PRPF8,POM121C,PCF11,SRRT,RBMX2,SF3B6,PPIL1,FUS,USP39,LSM7,LSM8,NUP50,WBP11,SRSF10,LUC7L3,C9orf78,GPKOW,LSM3,TXNL4A,PAPOLA,TCERG1,RNPS1,RBMX,SF3A3,HTATSF1,PRPF19,CLP1,SF3B2,SNRNP27,NUDT21,CPSF6,SNRNP35,BUD13,NUP42,PHF5A,LSM6,WBP4,PRPF38A,RBM17,DDX42,U2AF1L4,U2AF2,HNRNPA1,HNRNPA2B1,HNRNPC,HNRNPD,HNRNPF,HNRNPH1,HNRNPH2,HNRNPK,HNRNPL,HNRNPU,DHX35,HSPA8,PPIL4,IK,MAGOH,NUP54,MFAP1,CCDC12,CWF19L2,HNRNPM,NCBP1,PPIL3,SNU13,YBX1,NUP88,NUP98,NUP43,PCBP1,PCBP2,NUP37,CPSF1,PLRG1,PNN,POLR2A,POLR2B,POLR2C,LENG1,RBM42,PPP1R8,PRCC,PTBP1,CWC25,NKAP,RANBP2,WDR70,MAGOHB,PRKRIP1,SNIP1,ZMAT2,SMU1,CPSF7,NUP85,WDR33,SEC13,CASC3,SRSF1,SRSF2,SRSF3,SRSF4,SRSF5,SRSF6,SRSF7,TRA2B,DNAJC8,PUF60,RNPC3,PRPF40A,NUP35,NCBP2,RBM22,SNRNP48,YJU2,NDC1,SNW1,NUP133,CCAR1,ACIN1,SNRNP70,SNRPA,SNRPA1,SNRPB,SNRPB2,SNRPC,SNRPD1,SNRPD2,SNRPD3,SNRPE,SNRNP200,SNRPF,SNRPG,SNRPN,NUP205,NUP210,NUP160,GCFC2,U2SURP,PPWD1,SF3B3,SF3B1,CTNNBL1,NUP188,MTREX,SRRM2,TPR,NUP62,LSM5,U2AF1,PPIL2,SF1,RNF113A,TFIP11,PRPF6,UPF3B,XAB2,DDX39B,NUP107,HNRNPA3,NUP214,THOC2,AAAS,PABPN1,SF3A2",True,236
Pathway,M14033,REACTOME_MRNA_SPLICING,Reactome Pathways,3.7079999999999995e-94,1.371e-90,6.855e-91,6.0269999999999996e-90,192,212,"SDE2,ZRSR2,RBM10,ISY1,DHX16,CWC22,PRPF18,SUGP1,LSM2,SRSF9,BUD31,PRP4K,SART1,PRPF4,PRPF3,FAM50A,CDC5L,SRSF11,EFTUD2,CACTIN,PPIG,RBM25,SNRNP40,DDX23,LSM4,SYF2,RBM39,FAM32A,ZNF830,SF3B5,AQR,PRPF31,EIF4A3,DHX38,DDX5,DHX8,DHX9,DHX15,DDX46,RBM8A,PQBP1,UBL5,RBM7,RBM5,ALYREF,HNRNPR,SRRM1,SF3B4,CWC27,SAP18,SMNDC1,BCAS2,SF3A1,CRNKL1,CDC40,PPIE,PPIH,DDX41,CHERP,CWC15,SLU7,PRPF8,SRRT,RBMX2,SF3B6,PPIL1,FUS,USP39,LSM7,LSM8,WBP11,SRSF10,LUC7L3,C9orf78,GPKOW,LSM3,TXNL4A,TCERG1,RNPS1,RBMX,SF3A3,HTATSF1,PRPF19,SF3B2,SNRNP27,SNRNP35,BUD13,PHF5A,LSM6,WBP4,PRPF38A,RBM17,DDX42,U2AF1L4,U2AF2,HNRNPA1,HNRNPA2B1,HNRNPC,HNRNPD,HNRNPF,HNRNPH1,HNRNPH2,HNRNPK,HNRNPL,HNRNPU,DHX35,HSPA8,PPIL4,IK,MAGOH,MFAP1,CCDC12,CWF19L2,HNRNPM,NCBP1,PPIL3,SNU13,YBX1,PCBP1,PCBP2,PLRG1,PNN,POLR2A,POLR2B,POLR2C,LENG1,RBM42,PPP1R8,PRCC,PTBP1,CWC25,NKAP,WDR70,MAGOHB,PRKRIP1,SNIP1,ZMAT2,SMU1,CASC3,SRSF1,SRSF2,SRSF3,SRSF4,SRSF5,SRSF6,SRSF7,TRA2B,DNAJC8,PUF60,RNPC3,PRPF40A,NCBP2,RBM22,SNRNP48,YJU2,SNW1,CCAR1,ACIN1,SNRNP70,SNRPA,SNRPA1,SNRPB,SNRPB2,SNRPC,SNRPD1,SNRPD2,SNRPD3,SNRPE,SNRNP200,SNRPF,SNRPG,SNRPN,GCFC2,U2SURP,PPWD1,SF3B3,SF3B1,CTNNBL1,MTREX,SRRM2,LSM5,U2AF1,PPIL2,SF1,RNF113A,TFIP11,PRPF6,UPF3B,XAB2,DDX39B,HNRNPA3,SF3A2",True,192
Pathway,MM15414,REACTOME_PROCESSING_OF_CAPPED_INTRON_CONTAINING_PRE_MRNA,Reactome Pathways,2.4749999999999998e-88,9.148000000000001e-85,3.049e-85,2.681e-84,224,277,"SEH1L,SDE2,ZRSR2,RBM10,ISY1,DHX16,RAE1,CWC22,PRPF18,SUGP1,LSM2,SRSF9,BUD31,PRP4K,SART1,PRPF4,PRPF3,FAM50A,CDC5L,SRSF11,EFTUD2,CACTIN,RBM25,SNRNP40,DDX23,LSM4,SYF2,RBM39,NUP155,FAM32A,CSTF2,ZNF830,NUP93,SF3B5,AQR,PRPF31,EIF4A3,DHX38,NUP58,DDX5,DHX8,DHX9,DHX15,DDX46,POM121,RBM8A,NUP153,THOC1,PQBP1,UBL5,RBM7,RBM5,ALYREF,DDX39A,HNRNPR,SRRM1,SF3B4,CWC27,SMNDC1,BCAS2,SF3A1,CRNKL1,CDC40,PPIH,DDX41,CHERP,POLDIP3,CWC15,SLU7,PRPF8,POM121C,PCF11,SRRT,RBMX2,PPIL1,FUS,USP39,LSM7,LSM8,NUP50,WBP11,SRSF10,LUC7L3,C9orf78,GPKOW,LSM3,TXNL4A,PAPOLA,TCERG1,RNPS1,RBMX,SF3A3,HTATSF1,PRPF19,CLP1,SF3B2,SNRNP27,NUDT21,CPSF6,SNRNP35,BUD13,NUP42,PHF5A,LSM6,WBP4,PRPF38A,RBM17,DDX42,U2AF1L4,U2AF2,HNRNPA1,HNRNPA2B1,HNRNPC,HNRNPD,HNRNPF,HNRNPH1,HNRNPH2,HNRNPK,HNRNPL,HNRNPU,ISY1-RAB43,DHX35,HSPA8,PPIL4,IK,MAGOH,NUP54,MFAP1,CCDC12,NCBP1,PPIL3,SNU13,YBX1,NUP88,NUP98,NUP43,PCBP1,PCBP2,NUP37,CPSF1,PLRG1,PNN,POLR2A,POLR2B,POLR2C,LENG1,RBM42,PRCC,PTBP1,CWC25,NKAP,RANBP2,WDR70,PRKRIP1,SNIP1,ZMAT2,SMU1,CPSF7,NUP85,WDR33,SEC13,CASC3,SRSF1,SRSF2,SRSF3,SRSF5,SRSF7,TRA2B,PUF60,RNPC3,PRPF40A,NUP35,NCBP2,RBM22,SNRNP48,YJU2,NDC1,NUP133,ACIN1,SNRNP70,SNRPA,SNRPA1,SNRPB,SNRPB2,SNRPC,SNRPD1,SNRPD2,SNRPD3,SNRPE,SNRNP200,SNRPF,SNRPG,SNRPN,NUP205,NUP210,NXF5,NUP160,U2SURP,PPWD1,SF3B3,SF3B1,CTNNBL1,NUP188,MTREX,SRRM2,TPR,HNRNPCL1,NUP62,LSM5,U2AF1,PPIL2,SF1,RNF113A,PRPF6,UPF3B,XAB2,DDX39B,NUP107,HNRNPA3,NUP214,THOC2,AAAS,PABPN1,SF3A2",True,224
Pathway,MM15411,REACTOME_MRNA_SPLICING,Reactome Pathways,7.139e-85,2.6389999999999997e-81,6.599e-82,5.802e-81,179,201,"SDE2,ZRSR2,RBM10,ISY1,DHX16,CWC22,PRPF18,SUGP1,LSM2,SRSF9,BUD31,PRP4K,SART1,PRPF4,PRPF3,FAM50A,CDC5L,SRSF11,EFTUD2,CACTIN,RBM25,SNRNP40,DDX23,LSM4,SYF2,RBM39,FAM32A,ZNF830,SF3B5,AQR,PRPF31,EIF4A3,DHX38,DDX5,DHX8,DHX9,DHX15,DDX46,RBM8A,PQBP1,UBL5,RBM7,RBM5,ALYREF,HNRNPR,SRRM1,SF3B4,CWC27,SMNDC1,BCAS2,SF3A1,CRNKL1,CDC40,PPIH,DDX41,CHERP,CWC15,SLU7,PRPF8,SRRT,RBMX2,PPIL1,FUS,USP39,LSM7,LSM8,WBP11,SRSF10,LUC7L3,C9orf78,GPKOW,LSM3,TXNL4A,TCERG1,RNPS1,RBMX,SF3A3,HTATSF1,PRPF19,SF3B2,SNRNP27,SNRNP35,BUD13,PHF5A,LSM6,WBP4,PRPF38A,RBM17,DDX42,U2AF1L4,U2AF2,HNRNPA1,HNRNPA2B1,HNRNPC,HNRNPD,HNRNPF,HNRNPH1,HNRNPH2,HNRNPK,HNRNPL,HNRNPU,ISY1-RAB43,DHX35,HSPA8,PPIL4,IK,MAGOH,MFAP1,CCDC12,NCBP1,PPIL3,SNU13,YBX1,PCBP1,PCBP2,PLRG1,PNN,POLR2A,POLR2B,POLR2C,LENG1,RBM42,PRCC,PTBP1,CWC25,NKAP,WDR70,PRKRIP1,SNIP1,ZMAT2,SMU1,CASC3,SRSF1,SRSF2,SRSF3,SRSF5,SRSF7,TRA2B,PUF60,RNPC3,PRPF40A,NCBP2,RBM22,SNRNP48,YJU2,ACIN1,SNRNP70,SNRPA,SNRPA1,SNRPB,SNRPB2,SNRPC,SNRPD1,SNRPD2,SNRPD3,SNRPE,SNRNP200,SNRPF,SNRPG,SNRPN,U2SURP,PPWD1,SF3B3,SF3B1,CTNNBL1,MTREX,SRRM2,HNRNPCL1,LSM5,U2AF1,PPIL2,SF1,RNF113A,PRPF6,UPF3B,XAB2,DDX39B,HNRNPA3,SF3A2",True,179
Pathway,M27472,REACTOME_CILIUM_ASSEMBLY,Reactome Pathways,2.164e-79,8.001e-76,1.6000000000000002e-76,1.407e-75,175,201,"MKKS,TTC8,WDR35,CC2D2A,IFT80,KIF17,OFD1,IFT20,ARF4,WDR19,ARL3,HAUS1,MARK4,DYNLL1,GBF1,RAB11A,BBS1,BBS2,BBS4,TMEM67,CETN2,KIF3B,SCLT1,CNGB1,CNGA2,CNGA4,C2CD3,IQCB1,DYNLL2,CEP135,RAB11FIP3,CCP110,TCTN3,IFT140,TRAF3IP1,IFT172,CKAP5,DCTN1,ASAP1,DYNLRB2,DYNLRB1,DYNC1H1,DYNC1I2,HDAC6,EXOC8,IFT52,AKAP9,CEP83,TMEM216,ARL6,TUBA1B,TUBB3,TUBB4A,TUBB4B,CEP78,DCTN2,BBIP1,CCT4,CCT2,EXOC5,NPHP3,DYNC2LI1,RAB3IP,B9D1,CCT8,BBS12,PLK4,SDCCAG8,TUBA8,BBS9,TUBB6,UNC119B,IFT27,MCHR1,TUBA1C,CNTRL,KIF3A,CEP89,CEP250,EXOC4,EXOC3,KIF24,HAUS8,HSP90AA1,FBF1,TUBB8,TUBB2B,TNPO1,RAB8A,CYS1,ARL13B,IFT81,SEPTIN2,NEK2,NPHP1,ODF2,PAFAH1B1,PCM1,PCNT,PDE6D,PKD1,PKD2,PLK1,EXOC6,LZTFL1,PRKACA,CEP41,PRKAR2B,HAUS6,AHI1,NDE1,HAUS3,MKS1,HAUS4,CEP97,TCTN1,IFT57,DYNC2H1,CEP192,HAUS2,RHO,BBS10,BBS7,TTC21B,RP2,TUBAL3,TCTN2,TUBA3E,CEP76,IFT43,HAUS7,IFT74,CEP162,CEP290,TUBB,CEP164,CEP63,MAPRE1,KIFAP3,CCT5,CEP72,CEP70,NINL,CDK5RAP2,SMO,CEP131,CEP152,EXOC1,IFT122,EXOC2,CLUAP1,NEDD1,SSTR3,TTBK2,EXOC7,RPGRIP1L,TCP1,TUBA3D,HAUS5,BBS5,B9D2,CCT3,TUBA4A,TUBB2A,TUBG1,TUBB1,IFT22,INPP5E,YWHAE,YWHAG,IFT46,NPHP4,ALMS1,TUBA1A,IFT88",True,175
Pathway,M27050,REACTOME_ORGANELLE_BIOGENESIS_AND_MAINTENANCE,Reactome Pathways,6.883e-68,2.545e-64,4.241e-65,3.729e-64,214,297,"MKKS,TTC8,WDR35,CC2D2A,ALAS1,IFT80,KIF17,OFD1,IFT20,ARF4,WDR19,ARL3,HAUS1,MARK4,DYNLL1,ATP5F1A,ATP5F1B,ATP5F1C,ATP5F1D,ATP5PB,ATP5MC1,ATP5PF,GBF1,ATP5PO,RAB11A,BBS1,BBS2,BBS4,HDAC3,CALM1,CAMK4,TMEM67,CETN2,KIF3B,SAMM50,SCLT1,CNGB1,CNGA2,CNGA4,NR1D1,CREB1,ATF2,CREBBP,NCOR1,C2CD3,IQCB1,DYNLL2,CEP135,RAB11FIP3,CCP110,TCTN3,IFT140,TRAF3IP1,IFT172,CKAP5,DCTN1,ASAP1,DYNLRB2,DYNLRB1,DYNC1H1,DYNC1I2,HDAC6,EXOC8,IFT52,AKAP9,CEP83,ESRRA,TMEM216,ARL6,TUBA1B,TUBB3,TUBB4A,TUBB4B,CEP78,ATP5PD,DCTN2,BBIP1,CCT4,CCT2,ATP5MG,EXOC5,NPHP3,DYNC2LI1,RAB3IP,B9D1,CCT8,BBS12,PLK4,SDCCAG8,TUBA8,BBS9,TUBB6,PPARGC1A,GLUD1,GLUD2,IMMT,UNC119B,IFT27,MCHR1,TUBA1C,CNTRL,KIF3A,CEP89,CEP250,HCFC1,EXOC4,EXOC3,KIF24,HAUS8,HSPA9,HSP90AA1,FBF1,IDH2,CRTC2,TUBB8,TUBB2B,TNPO1,MEF2D,RAB8A,CYS1,ARL13B,IFT81,SEPTIN2,NEK2,NPHP1,ODF2,PAFAH1B1,CYCS,PCM1,PCNT,PDE6D,PKD1,PKD2,PLK1,EXOC6,LZTFL1,POLRMT,MED1,PRKACA,CEP41,PRKAR2B,HAUS6,AHI1,NDE1,HAUS3,MKS1,CHCHD3,HAUS4,CEP97,TCTN1,IFT57,DYNC2H1,CEP192,HAUS2,TBL1XR1,RHO,BBS10,BBS7,TTC21B,RP2,TUBAL3,TCTN2,TUBA3E,CEP76,IFT43,HAUS7,IFT74,CEP162,CEP290,TUBB,CEP164,CEP63,MAPRE1,KIFAP3,CCT5,CEP72,CEP70,NINL,CDK5RAP2,SMO,CEP131,CEP152,EXOC1,IFT122,EXOC2,SOD2,CLUAP1,PPRC1,ACSS2,NEDD1,SSTR3,TTBK2,EXOC7,TBL1X,RPGRIP1L,TCP1,TUBA3D,HAUS5,BBS5,B9D2,CCT3,TUBA4A,TUBB2A,TUBG1,TUBB1,IFT22,INPP5E,YWHAE,YWHAG,IFT46,NPHP4,ALMS1,TUBA1A,IFT88",True,214
Pathway,MM14708,REACTOME_ORGANELLE_BIOGENESIS_AND_MAINTENANCE,Reactome Pathways,1.531e-67,5.66e-64,8.086000000000001e-65,7.11e-64,174,217,"TTC8,WDR35,CC2D2A,IFT80,KIF17,OFD1,IFT20,ARF4,WDR19,ARL3,HAUS1,MARK4,DYNLL1,ATP5F1A,ATP5F1B,ATP5F1C,ATP5F1D,ATP5PB,ATP5MC1,ATP5PF,GBF1,ATP5PO,RAB11A,BBS1,BBS2,BBS4,TMEM67,CETN2,KIF3B,SCLT1,CNGB1,CNGA2,CNGA4,C2CD3,IQCB1,DYNLL2,CEP135,RAB11FIP3,CCP110,TCTN3,IFT140,TRAF3IP1,IFT172,CKAP5,DCTN1,ASAP1,DYNLRB2,DYNLRB1,DYNC1H1,DYNC1I2,HDAC6,EXOC8,IFT52,AKAP9,CEP83,TMEM216,ARL6,TUBA1B,TUBB3,TUBB4A,TUBB4B,CEP78,ATP5PD,DCTN2,ATP5MG,EXOC5,NPHP3,DYNC2LI1,RAB3IP,B9D1,PLK4,SDCCAG8,TUBA8,BBS9,TUBB6,GLUD1,GLUD2,YWHAQ,UNC119B,IFT27,MCHR1,TUBA1C,KIF3A,CEP89,CEP250,EXOC4,EXOC3,KIF24,HAUS8,HSP90AA1,FBF1,IDH2,TUBB2B,TNPO1,RAB8A,ARL13B,IFT81,SEPTIN2,NEK2,NPHP1,ODF2,PAFAH1B1,CYCS,PCM1,PDE6D,PKD1,PKD2,PLK1,LZTFL1,PRKACA,CEP41,HAUS6,AHI1,NDE1,HAUS3,MKS1,HAUS4,CEP97,TCTN1,IFT57,DYNC2H1,CEP192,HAUS2,RHO,BBS7,TTC21B,RP2,TUBAL3,TCTN2,CEP76,IFT43,HAUS7,IFT74,CEP162,CEP290,TUBB,CEP164,CEP63,MAPRE1,KIFAP3,CEP72,CEP70,NINL,CDK5RAP2,SMO,CEP131,CEP152,EXOC1,IFT122,EXOC2,SOD2,CLUAP1,ACSS2,NEDD1,SSTR3,TTBK2,EXOC7,RPGRIP1L,TUBA3D,HAUS5,BBS5,B9D2,TUBA4A,TUBB2A,TUBG1,TUBB1,IFT22,INPP5E,YWHAE,YWHAG,IFT46,NPHP4,ALMS1,TUBA1A",True,174
Pathway,M2044,KEGG_SPLICEOSOME,KEGG Legacy Pathways,8.807e-63,3.256e-59,4.0699999999999996e-60,3.5779999999999997e-59,119,127,"ISY1,DHX16,PRPF18,LSM2,SRSF9,BUD31,SART1,PRPF4,PRPF3,CDC5L,EFTUD2,RBM25,PRPF40B,SNRNP40,DDX23,LSM4,SYF2,SF3B5,AQR,PRPF31,EIF4A3,DHX38,DDX5,DHX8,DHX15,DDX46,RBM8A,THOC1,PQBP1,ALYREF,SF3B4,SMNDC1,BCAS2,SF3A1,CRNKL1,CDC40,PPIE,PPIH,CHERP,CWC15,SLU7,PRPF8,SF3B6,PPIL1,USP39,LSM7,LSM8,WBP11,SRSF10,LSM3,TXNL4A,TCERG1,RBMX,SF3A3,PRPF19,SF3B2,SNRNP27,PHF5A,LSM6,PRPF38A,RBM17,DDX42,U2AF2,HNRNPA1,HNRNPC,HNRNPK,HNRNPU,HSPA1A,HSPA1B,HSPA8,MAGOH,CCDC12,HNRNPM,NCBP1,SNU13,PCBP1,TRA2A,PLRG1,MAGOHB,ZMAT2,SRSF1,SRSF2,SRSF3,SRSF4,SRSF5,SRSF6,SRSF7,TRA2B,PUF60,PRPF40A,NCBP2,RBM22,SNW1,ACIN1,SNRNP70,SNRPA,SNRPA1,SNRPB,SNRPB2,SNRPC,SNRPD1,SNRPD2,SNRPD3,SNRPE,SNRNP200,SNRPF,SNRPG,U2SURP,SF3B3,SF3B1,CTNNBL1,LSM5,U2AF1,PRPF6,XAB2,DDX39B,HNRNPA3,THOC2,SF3A2",True,119
Pathway,MM15547,REACTOME_METABOLISM_OF_RNA,Reactome Pathways,7.230000000000001e-57,2.6729999999999996e-53,2.9699999999999996e-54,2.6109999999999997e-53,329,611,"SEH1L,SDE2,ZRSR2,RBM10,ISY1,AKT1,DHX16,RAE1,DHX37,NT5C3B,CWC22,PRPF18,KHSRP,NOP14,SUGP1,LSM2,SRSF9,BUD31,BYSL,PRP4K,SART1,PRPF4,PRPF3,FAM50A,CDC5L,DDX21,CDK7,SRSF11,EFTUD2,RPL23,CACTIN,RBM25,SNRNP40,DDX23,LSM4,NOL11,ZC3H18,SYF2,RBM39,NUP155,FAM32A,GEMIN4,CSTF2,ZNF830,NUP93,SF3B5,AQR,UTP14C,PRPF31,EIF4A3,SENP3,DHX38,BMS1,NUP58,YTHDC1,DDX5,DHX8,DHX9,DHX15,DDX46,POM121,RBM8A,GNL3,NUP153,THOC1,PQBP1,RPS27L,UBL5,EIF4A1,EIF4A2,EIF4B,RCL1,RBM7,RBM5,ALYREF,DDX39A,PSMD14,HNRNPR,SRRM1,SF3B4,CWC27,FBL,SMNDC1,BCAS2,SF3A1,CRNKL1,CDC40,PPIH,DDX41,CHERP,NOP56,POLDIP3,CWC15,RPP38,SLU7,PRPF8,POM121C,PABPC1,PCF11,SRRT,NOP58,UTP25,PELP1,RBMX2,PPIL1,FUS,USP39,LSM7,LSM8,FTSJ3,NUP50,HBS1L,WBP11,SRSF10,LUC7L3,C9orf78,UTP14A,GPKOW,LSM1,LSM3,TXNL4A,PAPOLA,TCERG1,RNPS1,RBMX,SF3A3,HTATSF1,PRPF19,EBNA1BP2,CLP1,SF3B2,SNRNP27,ADRM1,NUDT21,CPSF6,DDX52,SNRNP35,BUD13,NUP42,PHF5A,LSM6,WBP4,DDX20,PRPF38A,LSM10,RBM17,DDX42,U2AF1L4,U2AF2,HNRNPA1,HNRNPA2B1,HNRNPC,HNRNPD,HNRNPF,HNRNPH1,HNRNPH2,HNRNPK,HNRNPL,HNRNPU,ISY1-RAB43,DHX35,HSPA1A,HSPA1B,HSPA8,HSPB1,WDR36,PPIL4,IK,TNPO1,MAGOH,NUP54,MFAP1,RPL22L1,CCDC12,NCBP1,PPIL3,SNU13,CNOT3,YBX1,NUP88,NUP98,NUP43,PABPC3,PCBP1,PCBP2,NUP37,CPSF1,NOC4L,PLRG1,EXOSC9,EXOSC10,DDX49,PNN,POLR2A,POLR2B,POLR2C,LENG1,RBM42,PRCC,PSMC1,PSMC5,PSMD2,PSMD3,PSMD13,PTBP1,TEX10,CWC25,NKAP,RANBP2,WDR70,UPF1,PRKRIP1,SNIP1,ZMAT2,SMU1,RPL5,RPL6,RPL7,RPL7A,RPL11,CPSF7,RPL19,RPL27,RPL36AL,NUP85,RPLP1,RPS2,WDR33,RPS3,RPS9,RPS10,RPS11,RPS12,RPS13,RPS14,RPS18,RPS20,RPS21,RPS23,RPS25,RPS27A,SEC13,CASC3,XRN2,SRSF1,SRSF2,SRSF3,SRSF5,SRSF7,TRA2B,PUF60,RNPC3,PRPF40A,NUP35,NCBP2,RBM22,SNRNP48,YJU2,NDC1,NUP133,PDCD11,ACIN1,SMN1,WDR12,SNRNP70,SNRPA,SNRPA1,SNRPB,SNRPB2,SNRPC,SNRPD1,SNRPD2,SNRPD3,CNOT1,SNRPE,SNRNP200,SNRPF,SNRPG,SNRPN,UTP6,NUP205,RRP36,SUPT5H,NUP210,NXF5,BOP1,NUP160,SMG6,U2SURP,PATL1,PPWD1,EXOSC2,SF3B3,SF3B1,PES1,CTNNBL1,NUP188,MTREX,SRRM2,TPR,HNRNPCL1,NUP62,EDC4,LSM5,U2AF1,UBA52,UBB,UBC,PPIL2,YTHDC2,XPO1,YWHAB,YWHAZ,SF1,BUD23,RNF113A,NOL6,PRPF6,UPF3B,XAB2,DDX39B,NUP107,HNRNPA3,NUP214,THOC2,AAAS,PABPN1,LAS1L,SF3A2",True,329
Pathway,M16843,REACTOME_METABOLISM_OF_RNA,Reactome Pathways,4.53e-49,1.675e-45,1.675e-46,1.473e-45,357,727,"SEH1L,SDE2,ZRSR2,RBM10,ISY1,AKT1,DHX16,RAE1,DHX37,NT5C3B,CWC22,PRPF18,RRP1,KHSRP,NOP14,SUGP1,LSM2,SRSF9,BUD31,BYSL,PRP4K,APOBEC3H,SART1,PRPF4,PRPF3,FAM50A,CDC5L,DDX21,CDK7,SRSF11,EFTUD2,RPL23,CACTIN,PPIG,RBM25,SNRNP40,DDX23,LSM4,NOL11,ZC3H18,SYF2,RBM39,NUP155,FAM32A,GEMIN4,CSTF2,ZNF830,NUP93,SF3B5,AQR,UTP14C,PRPF31,EIF4A3,SENP3,DHX38,BMS1,NUP58,YTHDC1,DDX1,DDX5,DHX8,DHX9,DHX15,DDX46,POM121,RBM8A,GNL3,NUP153,THOC1,PQBP1,RPS27L,UBL5,TRNT1,EIF4A1,EIF4A2,EIF4B,RCL1,RBM7,RBM5,ALYREF,DDX39A,PSMD14,HNRNPR,EPRS1,SRRM1,SF3B4,CWC27,FBL,SAP18,SMNDC1,BCAS2,SF3A1,CRNKL1,CDC40,PPIE,PPIH,DDX41,CHERP,NOP56,RTCB,POLDIP3,CWC15,RPP38,SLU7,PRPF8,POM121C,PABPC1,PCF11,SRRT,IGF2BP1,NOP58,TRMT6,UTP25,PELP1,RBMX2,SF3B6,PPIL1,FUS,USP39,LSM7,LSM8,FTSJ3,NUP50,HBS1L,WBP11,SRSF10,LUC7L3,C9orf78,UTP14A,GPKOW,LSM1,LSM3,TXNL4A,PAPOLA,TCERG1,RNPS1,RBMX,SF3A3,HTATSF1,PRPF19,EBNA1BP2,CLP1,SF3B2,SNRNP27,TENT4A,ADRM1,NUDT21,CPSF6,DDX52,SNRNP35,BUD13,NUP42,PHF5A,LSM6,WBP4,DDX20,HSD17B10,PRPF38A,LSM10,RBM17,DDX42,U2AF1L4,U2AF2,HNRNPA1,HNRNPA2B1,HNRNPC,HNRNPD,HNRNPF,HNRNPH1,HNRNPH2,HNRNPK,HNRNPL,HNRNPU,DHX35,HSPA1A,HSPA8,HSPB1,WDR36,PPIL4,IK,TNPO1,CTU2,MAGOH,NUP54,MFAP1,RPL22L1,CCDC12,CWF19L2,HNRNPM,NCBP1,PPIL3,SNU13,CNOT3,YBX1,NUP88,NUP98,NUP43,PCBP1,PCBP2,PNPT1,NUP37,CPSF1,NOC4L,PLRG1,EXOSC9,EXOSC10,DDX49,PNN,POLR2A,POLR2B,POLR2C,LENG1,RBM42,PPP1R8,PRCC,PRKCA,TRIT1,PSMC1,PSMC5,PSMD2,PSMD3,PSMD13,PTBP1,TEX10,CWC25,NKAP,RAN,RANBP2,WDR70,MAGOHB,UPF1,PRKRIP1,RBM28,SNIP1,ZMAT2,NAT10,SMU1,RPL5,RPL6,RPL7,RPL7A,RPL11,CPSF7,RPL19,RPL27,RPL36AL,NUP85,RPLP1,RPS2,WDR33,RPS3,RPS9,RPS10,RPS11,RPS12,RPS13,RPS14,RPS18,RPS20,RPS21,RPS23,RPS25,RPS27A,SEC13,CASC3,XRN2,SRSF1,SRSF2,SRSF3,SRSF4,SRSF5,SRSF6,SRSF7,TRA2B,DNAJC8,PUF60,RNPC3,NHP2,PRPF40A,NUP35,NCBP2,RBM22,SNRNP48,YJU2,NDC1,SNW1,NUP133,CCAR1,PDCD11,ACIN1,SMN1,WDR12,SNRNP70,SNRPA,SNRPA1,SNRPB,SNRPB2,SNRPC,SNRPD1,SNRPD2,SNRPD3,CNOT1,SNRPE,SNRNP200,SNRPF,SNRPG,SNRPN,UTP6,NUP205,RRP36,SUPT5H,NUP210,BOP1,NUP160,SMG6,GCFC2,U2SURP,PATL1,PPWD1,EXOSC2,SF3B3,SF3B1,PES1,CTNNBL1,NUP188,MTREX,SRRM2,TPR,NUP62,EDC4,LSM5,U2AF1,UBA52,UBB,UBC,PPIL2,YTHDC2,XPO1,YWHAB,YWHAZ,SF1,BUD23,RNF113A,NOL6,TFIP11,PRPF6,UPF3B,XAB2,DDX39B,NUP107,HNRNPA3,NUP214,THOC2,AAAS,PABPN1,LAS1L,SF3A2",True,357
Pathway,MM14563,REACTOME_METABOLISM,Reactome Pathways,8.48e-40,3.135e-36,2.85e-37,2.5060000000000003e-36,690,1847,"SEH1L,AOC1,ACAA1,ACADM,ACAT1,ACAT2,ACLY,ACO1,ACO2,NMRAL1,AS3MT,CYGB,HACD4,AK9,ADA,ADCY5,ADCY6,ACOX3,ADH1A,ADH1B,ADH1C,ADH4,ADH5,ADH7,ADK,ADRA2A,RIMKLB,ADSL,ADSS2,SERINC1,ACAN,AGL,AGXT,AHCY,OSBPL6,AHR,PIP5K1A,PIP5K1B,PIP4K2B,PLA2G6,AKT1,ALAD,SLC25A11,ALAS1,ALAS2,ALB,ALDH1A1,ALDOA,ALDOB,ALDOC,AKR1B1,BBOX1,ALPP,AMPD1,AMPD2,AMPD3,RAE1,SLC25A4,PIK3R3,AOC2,AOX1,APOE,APRT,DEGS1,KMO,ARG1,ARNT,ARSB,SLC25A12,PLPP1,PLPP2,PLPP3,ASL,ASS1,AOC3,AACS,ATIC,G6PC2,ATP5F1A,ALDH7A1,DGAT1,ATP5F1B,ATP5F1C,B4GALT3,B4GALT2,ATP5F1D,LYRM7,ATP5PB,ATP5MC1,ATP5PF,COX19,MBTPS1,ATP5PO,TBL1Y,CDS2,MTMR1,BCAT1,BCAT2,BCKDHA,BCKDHB,FBP2,SUCLG2,SUCLG1,SUCLA2,INPP4B,PRPS1L1,GMPS,BLVRB,HDAC3,BMX,SYNJ1,SYNJ2,PIP4P1,CA2,CA4,CA9,CA12,CAD,NUDT16,CALM1,CALM2,CALM3,CH25H,AIP,CAV1,SERPINA6,PAPSS1,CBS,CD36,ENTPD1,ENTPD6,ENTPD3,ENTPD5,ENTPD8,LRAT,CDS1,CES1,GLYCTK,CHKA,SQOR,PPT2,COX5A,GRHPR,GGPS1,COX4I1,COX5B,COX6A1,COX8A,COX10,COX11,COX15,SIN3A,MINPP1,CPOX,NUDT13,ENTPD4,PITPNM1,NCOR2,GDA,CS,TKFC,GNA14,NUP155,PLCH2,SLC25A10,LPIN2,PITPNM3,HACL1,PPIP5K1,CTH,NUP93,CTPS1,ADPGK,CYB5A,CYC1,CYP1A1,CYP1A2,CYP1B1,CYP2F1,CYP3A4,CYP11A1,CYP26A1,CYP51A1,IDI2,NUP58,DBT,ECI1,DCK,DCT,PHGDH,B3GAT3,NSDHL,POM121,HIBCH,DHCR7,DHCR24,DHFR,GNPDA2,DHODH,DLAT,DLD,DLST,XYLB,GAPDHS,NUP153,DNM2,SCO2,DPYD,SLC25A18,GNPDA1,SLC26A2,COQ6,COX17,ECHS1,DERA,NDUFA13,TRAP1,BCO2,RDH11,AASS,COQ4,SLC25A13,HSD17B12,SLC45A2,GNB4,STARD3NL,PSMD14,ENO2,ENO3,HAO2,COQ7,PLCE1,GPHN,EPHX2,NT5C3A,BCKDK,ETFA,ETFB,ETFDH,EXT1,EXT2,KGD4,ACSL3,FASN,FBP1,MBTPS2,FDFT1,FDPS,FDX1,FDXR,FECH,ACAA2,ECI2,FAR1,FH,ATP5PD,IP6K2,ISYNA1,HSD17B7,COQ5,FPGS,AGPAT1,SPTLC1,SLC19A2,FXN,POM121C,PAICS,PIAS4,ATP5MG,PMVK,G6PC3,B3GNT2,GNB5,EBP,UQCRQ,KDSR,PTGES3,G6PD,GAA,NUP50,GALK1,GALNS,GAPDH,GNG13,ACSS1,GART,GBE1,GCDH,GCGR,GCH1,GCK,GCKR,COQ3,COQ2,SLC26A1,B4GALT1,ENO4,NT5C1A,LYVE1,GLB1,DGAT2,GLO1,GLUD1,GLUD2,GLUL,STARD3,GMPR,GNA11,GNA15,GNAI1,GNAI2,MCAT,GNAQ,GNAS,GNB1,GNB2,GNB3,GNG3,GNG4,GNG5,GPT2,GNG7,GNG10,GNG11,GNGT1,GNGT2,GNS,GOT1,GOT2,SLC27A5,SLC27A2,HSCB,GPD1,GPD2,GPI,B4GAT1,ADRM1,GPT,GPX2,RAPGEF4,GPX4,PLCD4,NUP42,HPDL,NT5C1B,GSR,COQ10A,NUDT5,GUK1,GUSB,GYS1,HSD17B10,HADHA,HADHB,HAS1,HAS2,HAS3,HK1,HK2,ACER1,HK3,HMBS,HMGCL,HMGCR,HMGCS1,HMGCS2,HMOX1,HMOX2,AWAT2,HPD,HPRT1,HSPA9,HSP90AA1,HSP90AB1,HYAL1,IDH1,IDH2,IDH3A,IDH3B,IDH3G,IDI1,IDS,IDUA,IMPA1,IMPA2,IMPDH1,IMPDH2,INPP4A,INPP5A,INPP5B,ITPA,KHK,NT5C1B-RDH14,LBR,LDHA,PIKFYVE,LRP1,LSS,GNG8,MAN2B1,MAOB,MAT1A,MDH2,ME2,NUP54,MKLN1,MOCS1,ACAD9,FLVCR1,BCO1,MTAP,MT-CO1,MT-CO2,MT-CO3,TIMM21,MT-CYB,MTHFD1,MT-ND1,MT-ND2,MT-ND4,MT-ND5,MTR,MTRR,MVD,MVK,ACER2,NAGLU,NDUFA2,NDUFA3,NDUFA4,NDUFA5,NDUFA8,NDUFA9,NDUFA10,NDUFAB1,NDUFB3,NDUFB4,NDUFB7,NDUFB8,NDUFB9,NDUFS1,NDUFS2,NDUFS3,NDUFV1,NDUFS8,NDUFV2,NEK1,CYP26C1,NME1,NME2,NME3,NME4,PNP,NT5E,NUP88,NUP98,NUP43,OAT,OCRL,OGDH,OTC,CYCS,SLC5A8,PC,PCK2,PDHA1,PDHA2,PDHB,PDK1,PDK4,ENPP1,GNG2,PFKFB1,PFKFB2,CYP2S1,PFKFB3,PFKFB4,HAO1,PFKL,PFKM,PFKP,UQCR10,PGAM1,PGAM2,PGD,PGK1,PGK2,PGM1,PIK3C2A,PIK3C2B,PIK3C2G,PIK3CA,PIK3CB,PIK3CD,NUP37,PIK3CG,PIK3R1,PIK3R2,PI4KA,PI4KB,PIP4K2A,PKM,PLCB2,PLCB3,PLCB4,PLCD1,PLCG1,PLCG2,UBIAD1,IL4I1,HMGCLL1,PSAT1,NDUFAF5,POMC,MED1,PPAT,PPOX,PPT1,PRKACA,PRKACB,PRKAR1A,PRKAR1B,PRPS1,PRPS2,NDUFS7,PSMC1,PSMC5,PSMD2,PSMD3,PSMD13,PSPH,PTEN,PTGS2,CYP2W1,ALDH18A1,PYGL,PYGM,QDPR,RAB5A,RAN,RANBP2,SRD5A3,RBP1,RBP2,RBP4,TBL1XR1,SLC25A22,PIP4K2C,PGM2,ASAH2B,PI4K2B,RFK,NUP85,CHDH,COQ8B,PI4K2A,L2HGDH,RPS27A,NT5C,MSMO1,SC5D,FDX2,SCD,SCO1,SCP2,DHTKD1,SDC1,SDHA,SDHB,SDHC,SDHD,SEC13,STAB2,SGSH,SHMT1,HKDC1,SHMT2,SRR,COQ10B,INPP5F,NUBPL,SLC2A1,SLC2A2,SLC2A3,ARSG,NUP35,SLC3A2,PLCD3,SLC6A11,HSD3B7,SLC9A1,RPIA,SCAP,NDC1,FLAD1,NT5C2,NUP133,AGK,NDUFAF6,SMPD1,SUMO2,COASY,PLCH1,SORD,SQLE,SRD5A2,SREBF1,SREBF2,SLC46A1,ACSS2,NAGS,NUP205,NDUFA12,GNG12,SUMF1,NUP210,PLCB1,TALDO1,NUP160,TAT,TBL1X,CYP4V2,SIN3B,HGSNAT,COX18,HIGD1C,PIP5K1C,CYB5B,TH,THRSP,TK1,TKT,TM7SF2,HAAO,CYP2U1,NUP188,MMAB,NNT,AGRN,TPI1,TPMT,TPR,SDSL,NME1-NME2,PDSS1,CA14,NUP62,TTR,TXN,TXNRD1,TYMS,TYR,UBA52,UBB,UBC,CTPS2,UBE2I,PGAM4,UGP2,UMPS,UQCRC1,UQCRC2,UQCRFS1,UROD,UROS,VDAC1,CYP26B1,NMNAT1,INPP5E,ASAH2,SGPP2,GALM,STARD7,NT5M,SGPP1,COQ8A,AKR1B10,COQ9,NADK,ACSBG2,ADSS1,PLCZ1,PDSS2,PLAAT1,NUP107,SLC44A2,NUP214,PDHX,AAAS,SLC7A5",True,690
Pathway,M27478,REACTOME_ANCHORING_OF_THE_BASAL_BODY_TO_THE_PLASMA_MEMBRANE,Reactome Pathways,1.811e-39,6.697e-36,5.581e-37,4.9070000000000004e-36,85,97,"CC2D2A,OFD1,HAUS1,MARK4,DYNLL1,RAB11A,TMEM67,CETN2,SCLT1,C2CD3,IQCB1,CEP135,CCP110,TCTN3,CKAP5,DCTN1,DYNC1H1,DYNC1I2,AKAP9,CEP83,TMEM216,TUBB4A,TUBB4B,CEP78,DCTN2,RAB3IP,B9D1,PLK4,SDCCAG8,CNTRL,CEP89,CEP250,KIF24,HAUS8,HSP90AA1,FBF1,RAB8A,SEPTIN2,NEK2,NPHP1,ODF2,PAFAH1B1,PCM1,PCNT,PLK1,PRKACA,CEP41,PRKAR2B,HAUS6,AHI1,NDE1,HAUS3,MKS1,HAUS4,CEP97,TCTN1,CEP192,HAUS2,TCTN2,CEP76,HAUS7,CEP162,CEP290,TUBB,CEP164,CEP63,MAPRE1,CEP72,CEP70,NINL,CDK5RAP2,CEP131,CEP152,NEDD1,TTBK2,RPGRIP1L,HAUS5,B9D2,TUBA4A,TUBG1,YWHAE,YWHAG,NPHP4,ALMS1,TUBA1A",True,85
Pathway,MM15207,REACTOME_ANCHORING_OF_THE_BASAL_BODY_TO_THE_PLASMA_MEMBRANE,Reactome Pathways,1.343e-37,4.966e-34,3.82e-35,3.359e-34,83,96,"CC2D2A,OFD1,HAUS1,MARK4,DYNLL1,RAB11A,TMEM67,CETN2,SCLT1,C2CD3,IQCB1,CEP135,CCP110,TCTN3,CKAP5,DCTN1,DYNC1H1,DYNC1I2,AKAP9,CEP83,TMEM216,TUBB4A,TUBB4B,CEP78,DCTN2,RAB3IP,B9D1,PLK4,SDCCAG8,YWHAQ,CEP89,CEP250,KIF24,HAUS8,HSP90AA1,FBF1,RAB8A,SEPTIN2,NEK2,NPHP1,ODF2,PAFAH1B1,PCM1,PLK1,PRKACA,CEP41,HAUS6,AHI1,NDE1,HAUS3,MKS1,HAUS4,CEP97,TCTN1,CEP192,HAUS2,TCTN2,CEP76,HAUS7,CEP162,CEP290,TUBB,CEP164,CEP63,MAPRE1,CEP72,CEP70,NINL,CDK5RAP2,CEP131,CEP152,NEDD1,TTBK2,RPGRIP1L,HAUS5,B9D2,TUBA4A,TUBG1,YWHAE,YWHAG,NPHP4,ALMS1,TUBA1A",True,83
Pathway,M6729,REACTOME_RECRUITMENT_OF_NUMA_TO_MITOTIC_CENTROSOMES,Reactome Pathways,2.3919999999999998e-33,8.845e-30,6.318e-31,5.5550000000000006e-30,79,95,"TUBGCP5,OFD1,HAUS1,DYNLL1,CETN2,CEP135,CCP110,CKAP5,DCTN1,DYNC1H1,DYNC1I2,AKAP9,TUBA1B,TUBB3,TUBB4A,TUBB4B,CEP78,TUBGCP3,DCTN2,PLK4,TUBG2,SDCCAG8,TUBGCP2,TUBGCP4,TUBA8,TUBB6,TUBA1C,CNTRL,CEP250,HAUS8,HSP90AA1,TUBGCP6,TUBB8,TUBB2B,NEK2,ODF2,PAFAH1B1,PCM1,PCNT,NME7,PLK1,PRKACA,CEP41,PRKAR2B,HAUS6,NDE1,HAUS3,HAUS4,CEP192,MZT1,HAUS2,TUBAL3,TUBA3E,CEP76,MZT2B,HAUS7,CEP290,TUBB,CEP164,CEP63,MAPRE1,CEP72,CEP70,NINL,CDK5RAP2,MZT2A,CEP131,CEP152,NEDD1,TUBA3D,HAUS5,TUBA4A,TUBB2A,TUBG1,TUBB1,YWHAE,YWHAG,ALMS1,TUBA1A",True,79
Pathway,M1870,REACTOME_GLUCOSE_METABOLISM,Reactome Pathways,3.0310000000000003e-32,1.121e-28,7.47e-30,6.568e-29,72,84,"SEH1L,ALDOA,ALDOB,ALDOC,RAE1,G6PC2,FBP2,NUP155,NUP93,ADPGK,NUP58,POM121,GNPDA2,GAPDHS,NUP153,GNPDA1,ENO1,ENO2,ENO3,FBP1,POM121C,G6PC3,NUP50,GAPDH,GCK,GCKR,ENO4,GPI,NUP42,HK1,HK2,HK3,NUP54,NUP88,NUP98,NUP43,PC,PCK2,PFKFB1,PFKFB2,PFKFB3,PFKFB4,PFKL,PFKM,PFKP,PGAM1,PGAM2,PGK1,PGK2,NUP37,PKLR,PKM,PRKACA,PRKACB,PRKACG,RANBP2,NUP85,SEC13,HKDC1,NUP35,NDC1,NUP133,NUP205,NUP210,NUP160,NUP188,TPI1,TPR,NUP62,NUP107,NUP214,AAAS",True,72
Pathway,M27480,REACTOME_CARGO_TRAFFICKING_TO_THE_PERICILIARY_MEMBRANE,Reactome Pathways,5.977e-32,2.21e-28,1.381e-29,1.214e-28,51,51,"MKKS,TTC8,ARF4,ARL3,GBF1,RAB11A,BBS1,BBS2,BBS4,CNGB1,CNGA2,CNGA4,RAB11FIP3,ASAP1,EXOC8,ARL6,BBIP1,CCT4,CCT2,EXOC5,NPHP3,RAB3IP,CCT8,BBS12,BBS9,UNC119B,MCHR1,EXOC4,EXOC3,RAB8A,CYS1,ARL13B,PDE6D,PKD1,PKD2,EXOC6,LZTFL1,RHO,BBS10,BBS7,RP2,CCT5,SMO,EXOC1,EXOC2,SSTR3,EXOC7,TCP1,BBS5,CCT3,INPP5E",True,51
Pathway,MM14979,REACTOME_RECRUITMENT_OF_NUMA_TO_MITOTIC_CENTROSOMES,Reactome Pathways,7.661e-32,2.8320000000000002e-28,1.666e-29,1.465e-28,75,90,"TUBGCP5,OFD1,HAUS1,DYNLL1,CETN2,CEP135,CCP110,CKAP5,DCTN1,DYNC1H1,DYNC1I2,AKAP9,TUBA1B,TUBB3,TUBB4A,TUBB4B,CEP78,TUBGCP3,DCTN2,PLK4,TUBG2,SDCCAG8,TUBGCP2,TUBGCP4,TUBA8,TUBB6,YWHAQ,TUBA1C,CEP250,HAUS8,HSP90AA1,TUBGCP6,TUBB2B,NEK2,ODF2,PAFAH1B1,PCM1,NME7,PLK1,PRKACA,CEP41,HAUS6,NDE1,HAUS3,HAUS4,CEP192,MZT1,HAUS2,TUBAL3,CEP76,MZT2B,HAUS7,CEP290,TUBB,CEP164,CEP63,MAPRE1,CEP72,CEP70,NINL,CDK5RAP2,MZT2A,CEP131,CEP152,NEDD1,TUBA3D,HAUS5,TUBA4A,TUBB2A,TUBG1,TUBB1,YWHAE,YWHAG,ALMS1,TUBA1A",True,75
Pathway,M748,REACTOME_RECRUITMENT_OF_MITOTIC_CENTROSOME_PROTEINS_AND_COMPLEXES,Reactome Pathways,1.341e-30,4.959e-27,2.755e-28,2.422e-27,69,81,"TUBGCP5,OFD1,HAUS1,DYNLL1,CDK11B,CETN2,CEP135,CCP110,CKAP5,DCTN1,DYNC1H1,DYNC1I2,AKAP9,TUBB4A,TUBB4B,CEP78,TUBGCP3,DCTN2,PLK4,TUBG2,SDCCAG8,TUBGCP2,TUBGCP4,CNTRL,CEP250,HAUS8,HSP90AA1,TUBGCP6,NEK2,ODF2,PAFAH1B1,PCM1,PCNT,NME7,PLK1,PRKACA,CEP41,PRKAR2B,HAUS6,NDE1,HAUS3,HAUS4,CEP192,MZT1,HAUS2,CEP76,MZT2B,HAUS7,CEP290,TUBB,CEP164,CEP63,MAPRE1,CEP72,CEP70,NINL,CDK5RAP2,MZT2A,CEP131,CEP152,NEDD1,HAUS5,TUBA4A,TUBG1,YWHAE,YWHAG,CDK11A,ALMS1,TUBA1A",True,69
Pathway,M27548,REACTOME_INFECTIOUS_DISEASE,Reactome Pathways,7.04e-30,2.6030000000000003e-26,1.37e-27,1.2040000000000001e-26,424,1071,"SEH1L,ABL1,ACTB,ADCY1,ADCY2,ADCY3,ADCY5,ADCY6,ADCY7,ADCY8,ADCY9,H2AC18,H2AC20,H2BC21,AP2A1,AP2A2,MAVS,AP2B1,AP1G1,H3C2,H4C6,AKT1,AKT2,CUL3,ADCY4,RAE1,SLC25A4,SLC25A5,SLC25A6,DYNLL1,ATP1A4,BANF1,HDAC3,WASL,CALM1,CALR,CANX,CAV1,PSTPIP1,NMI,CD4,ENTPD1,HGS,ENTPD5,CDC42,CDK7,RCC1,CHD3,CHD4,CD163,RPL23,KPNA7,PPIG,NMT2,CLTC,CCR5,ARIH1,BRMS1,ROCK2,CREB1,CREBBP,CHMP2B,NCOR1,NCOR2,TKFC,NUP155,SEC24C,IKBKE,DYNLL2,GEMIN4,NUP93,CTNNB1,CX3CR1,NLRP12,DAXX,KEAP1,NUP58,DDOST,ELMO1,DDX5,MED24,CHMP7,TOMM70,POM121,SV2A,G3BP2,DYNC1H1,DYNC1I1,NUP153,DYNC1I2,DYNC1LI2,RBX1,DOCK1,AKT3,MED16,DVL1,DVL2,VPS36,RPS27L,EEF1A1,EEF2,BCAP31,G3BP1,EGFR,ABI2,TRIM28,DYNC1LI1,GNB4,VPS28,PATJ,PSMD14,ENO1,EP300,ZDHHC2,EPS15,STAM2,SAP18,UBAP1,CLEC4M,EZH2,TUBA1B,TUBB3,TUBB4A,TUBB4B,FCGR1A,FCGR3A,FEN1,CRB3,PPIH,FKBP1A,CHMP4C,FNTA,FNTB,NELFCD,VPS25,POM121C,TXNIP,GNB5,CHMP3,GNAT3,FYN,PTGES3,XRCC6,NUP50,AHCYL1,ARID4B,NCKAP1,GNG13,TUBA8,CHMP2A,TUBB6,GJA1,GNAI1,GNAI2,GNAI3,GNAS,YWHAQ,GNAZ,GNB1,GNB2,GNB3,GNG3,GNG4,GNG5,GNG7,GNG10,GNG11,GNGT1,GNGT2,ADRM1,TUBA1C,GPS2,GRB2,NUP42,GSK3B,CORO1A,GTF2B,PSIP1,GUCY2C,SUPT16H,DDX20,MAN1B1,HDAC1,HDAC2,SNF8,MGAT4B,HLA-A,HLA-B,MGAT4A,HMGA1,HMOX1,HNRNPA1,HNRNPK,MVB12A,HSPA1A,HSPA8,HSP90AA1,HSP90AB1,HSPG2,IFNAR1,IGHD,IL1B,IL6,IL10,IL17A,IMPDH1,IMPDH2,TUBB8,IRAK1,TUBB2B,ITGA4,ITGB1,JAK2,JUN,KPNA1,KPNA2,KPNA3,KPNA4,KPNA5,LCK,SMAD4,GNG8,MAN2A1,MEFV,NUP54,MGAT1,MGAT2,MGAT5,RPL22L1,MRC1,CHMP4A,TBK1,MYH9,MYO5A,NCBP1,NFE2L2,NFKBIA,NMT1,NPM1,NT5E,NUP88,NUP98,NUP43,P2RX4,PAK2,PCBP2,CHMP1A,GNG2,PGK1,NUP37,PKLR,PLCG1,PLCG2,PML,POLR2A,POLR2B,POLR2C,MED1,PPIA,PPIB,PPP1CA,PPP1CB,PPP1CC,PRKACA,PRKACB,PRKACG,PRKAR1A,PRKAR1B,PRKAR2A,PRKAR2B,MAPK1,MAPK3,MAPK8,MAP2K1,MAP2K2,PSMC1,PSMC5,PSMD2,PSMD3,PSMD13,RAB5A,RAC1,VPS37C,RAN,RANBP1,RANBP2,RANGAP1,CHMP6,ARID4A,ANO1,RELA,CHMP4B,TRIM27,TBL1XR1,VPS37B,ROCK1,RPL5,RPL6,RPL7,RPL7A,TUBAL3,RPL11,RPL19,RPL27,RPL36AL,NUP85,RPLP1,RPN1,RPN2,RPS2,RPS3,RPS9,RPS10,RPS11,RPS12,RPS13,RPS14,TUBA3E,RPS18,RPS20,RPS21,RPS23,RPS25,RPS27A,SDC1,SEC13,SFPQ,VPS37A,TUBB,SKP1,NUP35,NCBP2,MED19,NDC1,ELMO2,NUP133,SMN1,SNAP25,SNRPB,SNRPD1,SNRPD2,SNRPD3,SNRPE,SNRPF,SNRPG,SOS1,SP1,SRC,SRPK1,SRPK2,SSRP1,STAT1,STAT2,NUP205,NOD2,RCOR1,STX1A,GANAB,GNG12,SUPT5H,NUP210,ADAM17,TAF1,TAF4,TAF4B,TAF6,TAF7,TAF9,NUP160,TBL1X,TBP,TCEA1,ELOA,NEDD4L,VPS39,TUBA3D,TGFB1,TJP1,BRD4,TLR2,TLR4,NUP188,AGRN,TPR,TRAF3,ANO5,TSG101,NUP62,VPS16,TUBA4A,TUBB2A,TUFM,TXN,TXNRD1,TUBB1,UBA52,UBB,UBC,UBE2I,SUMO1,VCP,WAS,WNT5A,XPO1,XRCC5,YWHAB,YWHAE,YWHAG,YWHAH,YWHAZ,TUBA1A,CXCR4,RAB7A,MAP1LC3B,WIPF2,VPS37D,MVB12B,ANO2,NUP107,NUP214,STAM,NLRP3,AAAS,PABPN1",True,424
Pathway,M590,REACTOME_MITOCHONDRIAL_PROTEIN_IMPORT,Reactome Pathways,1.1579999999999999e-29,4.282e-26,2.141e-27,1.8820000000000002e-26,59,65,"DNAJC19,ACO2,TIMM23,TOMM5,SLC25A4,SLC25A6,SLC25A12,ATP5F1A,ATP5F1B,ATP5MC1,COX19,BCS1L,LDHD,SAMM50,PMPCB,CS,CYC1,TOMM20,TOMM70,TIMM8A,TOMM6,COX17,PAM16,TIMM13,TIMM10,TIMM9,TIMM8B,SLC25A13,CHCHD2,TIMM17B,COA4,TIMM17A,TOMM40,TIMM44,PITRM1,CHCHD5,FXN,TIMM50,COQ2,HSCB,GRPEL2,HSPA9,HSPD1,IDH3G,CMC4,COA6,TIMM21,NDUFB8,OTC,TIMM22,TOMM7,CHCHD7,CHCHD3,GRPEL1,PMPCA,VDAC1,CHCHD10,CMC2,TOMM22",True,59
Pathway,M27395,REACTOME_SUMOYLATION_OF_RNA_BINDING_PROTEINS,Reactome Pathways,1.715e-29,6.341000000000001e-26,3.019e-27,2.655e-26,47,47,"SEH1L,RAE1,CBX4,BMI1,NUP155,NUP93,NUP58,POM121,NUP153,PHC1,PHC2,POM121C,NOP58,NUP50,CBX2,NUP42,HNRNPC,HNRNPK,NUP54,NUP88,NUP98,NUP43,NUP37,RANBP2,RING1,RNF2,NUP85,PHC3,SEC13,NUP35,NDC1,SCMH1,NUP133,SUMO2,NUP205,NUP210,NUP160,NUP188,TPR,NUP62,UBE2I,SUMO1,PCGF2,NUP107,NUP214,AAAS,CBX8",True,47
Pathway,MM15394,REACTOME_GLUCOSE_METABOLISM,Reactome Pathways,9.997999999999999e-29,3.696e-25,1.68e-26,1.477e-25,68,82,"SEH1L,ALDOA,ALDOB,ALDOC,RAE1,G6PC2,FBP2,NUP155,NUP93,ADPGK,NUP58,POM121,GNPDA2,GAPDHS,NUP153,GNPDA1,ENO2,ENO3,FBP1,POM121C,G6PC3,NUP50,GAPDH,GCK,GCKR,ENO4,GPI,NUP42,HK1,HK2,HK3,NUP54,NUP88,NUP98,NUP43,PC,PCK2,PFKFB1,PFKFB2,PFKFB3,PFKFB4,PFKL,PFKM,PFKP,PGAM1,PGAM2,PGK1,PGK2,NUP37,PKM,RANBP2,NUP85,SEC13,HKDC1,NUP35,NDC1,NUP133,NUP205,NUP210,NUP160,NUP188,TPI1,TPR,NUP62,PGAM4,NUP107,NUP214,AAAS",True,68
Pathway,MM15364,REACTOME_M_PHASE,Reactome Pathways,1.503e-26,5.556e-23,2.416e-24,2.124e-23,186,374,"SEH1L,KIF18A,SMC1A,TUBGCP5,H2AC18,H2AC20,RAE1,OFD1,HAUS1,CDC26,DYNLL1,CDC23,BANF1,CDC16,BUB1B,SMC3,CDC20,CDC27,CENPA,CENPE,CENPF,CETN2,RCC1,ANAPC15,RBM39,CHMP2B,NUP155,DYNLL2,CEP135,LPIN2,NUP93,CCP110,CKAP5,NUP58,DCTN1,NEK9,CHMP7,POM121,DYNC1H1,DYNC1I1,NUP153,DYNC1I2,DYNC1LI2,AKAP9,DYNC1LI1,PSMD14,TUBA1B,TUBB3,TUBB4A,TUBB4B,ANAPC10,CEP78,TUBGCP3,ANAPC5,ANAPC7,CHMP4C,DCTN2,ANAPC11,POM121C,CHMP3,PLK4,STAG2,NUP50,TUBG2,SDCCAG8,TUBGCP2,TUBGCP4,TUBA8,CHMP2A,TUBB6,UBE2S,YWHAQ,ADRM1,EML4,TUBA1C,UBE2C,NUP42,CEP250,H2AX,H3-3A,H3-3B,HAUS8,HSP90AA1,TUBGCP6,TUBB2B,KIF2A,RNF103-CHMP3,LBR,LMNA,LMNB1,MAD2L1,NUP54,NEK2,ANAPC16,NUP88,NUP98,NUP43,ODF2,PAFAH1B1,PCM1,NUP37,ANAPC2,NME7,PLK1,ANAPC4,PPP1CC,PRKACA,CEP41,PRKCB,MAPK1,MAPK3,HAUS6,NDE1,PSMC1,PSMC5,PSMD2,PSMD3,HAUS3,PSMD13,HAUS4,RAN,RANBP2,RANGAP1,CHMP6,MCPH1,CEP192,MZT1,CHMP4B,HAUS2,TUBAL3,NUP85,CEP76,RPS27A,MZT2B,SEC13,HAUS7,CENPT,CEP290,TUBB,CEP164,NUP35,CEP63,MAPRE1,NDC1,CEP72,CEP70,NUP133,NINL,CDK5RAP2,MZT2A,CEP131,CEP152,PDS5B,HDAC8,NEDD1,NUP205,NUP210,PDS5A,NUP160,TUBA3D,HAUS5,B9D2,NUP188,TPR,NUP62,TUBA4A,TUBB2A,TUBG1,TUBB1,UBA52,UBB,UBC,UBE2D1,UBE2E1,UBE2I,ANAPC1,SUMO1,XPO1,YWHAE,YWHAG,NDEL1,ALMS1,TUBA1A,NUP107,NUP214,AAAS",True,186
Pathway,M4013,KEGG_GAP_JUNCTION,KEGG Legacy Pathways,2.6470000000000003e-26,9.785e-23,3.914e-24,3.441e-23,70,90,"ADCY1,ADCY2,ADCY3,ADCY5,ADCY6,ADCY7,ADCY8,ADCY9,ADRB1,ADCY4,DRD2,EGFR,TUBA1B,TUBB3,TUBB4A,TUBB4B,TUBA8,TUBB6,GJA1,GNA11,GNAI1,GNAI2,GNAI3,GNAQ,GNAS,TUBA1C,GRB2,GRM1,GRM5,GUCY1A2,GUCY1A1,GUCY1B1,HRAS,HTR2B,HTR2C,TUBB8,TUBB2B,KRAS,NRAS,PDGFRB,PLCB2,PLCB3,PLCB4,PRKACA,PRKACB,PRKACG,PRKCA,PRKCB,PRKCG,PRKG1,PRKG2,MAPK1,MAPK3,MAP2K1,MAP2K2,RAF1,TUBAL3,TUBA3E,TUBB,SOS1,SOS2,SRC,PLCB1,PDGFC,TUBA3D,TJP1,TUBA4A,TUBB2A,TUBB1,TUBA1A",True,70
Pathway,M6467,REACTOME_OPIOID_SIGNALLING,Reactome Pathways,2.6470000000000003e-26,9.785e-23,3.914e-24,3.441e-23,70,90,"ADCY1,ADCY2,ADCY3,ADCY5,ADCY6,ADCY7,ADCY8,ADCY9,GRK2,ADCY4,CALM1,CAMK4,CAMK2A,CAMK2B,CAMK2D,CAMK2G,CDK5,CREB1,GNA14,GNB4,GNB5,GNAT3,AHCYL1,GNG13,GNA11,GNA15,GNAI1,GNAI2,GNAI3,GNAL,GNAQ,GNB1,GNB2,GNB3,GNG3,GNG4,GNG5,GNG7,GNG10,GNG11,GNGT1,GNGT2,KPNA2,GNG8,OPRM1,PDE1A,PDE1C,PDE4A,PDE4B,PDE1B,PDYN,GNG2,PLCB2,PLCB3,PLCB4,POMC,PPP1CA,PPP3CB,PRKACA,PRKACB,PRKACG,PRKAR1A,PRKAR1B,PRKAR2A,PRKAR2B,PRKCA,PRKCG,MAPK1,GNG12,PLCB1",True,70
Pathway,M27194,REACTOME_REGULATION_OF_PLK1_ACTIVITY_AT_G2_M_TRANSITION,Reactome Pathways,8.139000000000001e-26,3.0089999999999995e-22,1.157e-23,1.0179999999999999e-22,68,87,"OFD1,HAUS1,DYNLL1,CETN2,CEP135,CCP110,CKAP5,DCTN1,DYNC1H1,DYNC1I2,OPTN,AKAP9,TUBB4A,TUBB4B,CEP78,DCTN2,PLK4,SDCCAG8,CNTRL,CEP250,HAUS8,HSP90AA1,RAB8A,PPP1R12A,NEK2,ODF2,PAFAH1B1,PCM1,PCNT,PLK1,PPP1CB,PRKACA,CEP41,PRKAR2B,HAUS6,NDE1,HAUS3,HAUS4,CEP192,HAUS2,BORA,CEP76,RPS27A,HAUS7,CEP290,TUBB,SKP1,CEP164,CEP63,MAPRE1,CEP72,CEP70,NINL,CDK5RAP2,CEP131,CEP152,NEDD1,AURKA,HAUS5,TUBA4A,TUBG1,UBA52,UBB,UBC,YWHAE,YWHAG,ALMS1,TUBA1A",True,68
Pathway,M27662,REACTOME_M_PHASE,Reactome Pathways,1.0330000000000001e-25,3.8199999999999996e-22,1.415e-23,1.244e-22,195,404,"SEH1L,KIF18A,SMC1A,TUBGCP5,H2AC18,H2AC20,H2BC21,H3C2,H4C6,RAE1,OFD1,HAUS1,CDC26,DYNLL1,CDC23,BANF1,CDC16,BUB1B,SMC3,CDC20,CDC27,CENPA,CENPE,CENPF,CETN2,RCC1,ANAPC15,CHMP2B,NUP155,DYNLL2,CEP135,LPIN2,NUP93,CCP110,CKAP5,NUP58,DCTN1,NEK9,CHMP7,POM121,DYNC1H1,DYNC1I1,NUP153,DYNC1I2,DYNC1LI2,AKAP9,DYNC1LI1,PSMD14,TUBA1B,TUBB3,TUBB4A,TUBB4B,ANAPC10,CEP78,TUBGCP3,ANAPC5,ANAPC7,CHMP4C,DCTN2,ANAPC11,POM121C,CHMP3,PLK4,STAG2,NUP50,TUBG2,SDCCAG8,TUBGCP2,TUBGCP4,TUBA8,CHMP2A,TUBB6,UBE2S,ADRM1,EML4,TUBA1C,CNTRL,UBE2C,NUP42,CEP250,H2AX,H3-3A,H3-3B,HAUS8,HSP90AA1,TUBGCP6,TUBB8,TUBB2B,KIF2A,TNPO1,LBR,LMNA,LMNB1,MAD2L1,NUP54,CHMP4A,NEK2,ANAPC16,NUP88,NUP98,NUP43,ODF2,PAFAH1B1,PCM1,PCNT,NUP37,ANAPC2,NME7,PLK1,ANAPC4,PPP1CC,PRKACA,CEP41,PRKAR2B,PRKCA,PRKCB,MAPK1,MAPK3,HAUS6,NDE1,PSMC1,PSMC5,PSMD2,PSMD3,HAUS3,PSMD13,HAUS4,RAN,RANBP2,RANGAP1,CHMP6,MCPH1,CEP192,MZT1,CHMP4B,HAUS2,TUBAL3,NUP85,TUBA3E,CEP76,RPS27A,MZT2B,SEC13,HAUS7,CENPT,CEP290,TUBB,CEP164,NUP35,CEP63,MAPRE1,NDC1,CEP72,CEP70,NUP133,NINL,CDK5RAP2,MZT2A,CEP131,CEP152,PDS5B,HDAC8,NEDD1,NUP205,NUP210,PDS5A,NUP160,TUBA3D,HAUS5,B9D2,TMPO,NUP188,TPR,NUP62,TUBA4A,TUBB2A,TUBG1,TUBB1,UBA52,UBB,UBC,UBE2D1,UBE2E1,UBE2I,ANAPC1,SUMO1,XPO1,YWHAE,YWHAG,NDEL1,ALMS1,TUBA1A,NUP107,NUP214,AAAS",True,195
Pathway,M27827,REACTOME_CELLULAR_RESPONSES_TO_STIMULI,Reactome Pathways,1.526e-25,5.643e-22,2.015e-23,1.7719999999999998e-22,364,920,"SEH1L,ABL1,ADCY1,ADCY2,ADCY3,ADCY5,ADCY6,ADCY7,ADCY8,ADCY9,H2AC18,H2AC20,H2BC21,H3C2,H4C6,AKT1,AKT2,ALB,CUL3,ADCY4,RAE1,ANXA2,NUDT2,CBX4,AR,KHSRP,ARNT,CDC26,CCAR2,DYNLL1,ATF3,ATF4,CDC23,MBTPS1,BCL2,BLVRB,BMI1,HDAC3,BRCA1,CDC16,CA9,CALM1,CALR,CAMK2A,CAMK2B,CAMK2D,CAMK2G,CAPZA1,CAPZB,CREB3L4,CREB3L1,CDC27,CDH5,CDKN2A,CEBPB,CEBPG,RPL23,LONP1,COX5A,TPP1,ABCG2,EIF2AK3,COX4I1,COX5B,ANAPC15,BAG5,COX6A1,POT1,BAG3,BAG2,COX8A,SIN3A,NR1D1,CREB1,ATF2,CREBBP,ATF6B,NCOR1,NCOR2,NUP155,IKBKE,UBXN7,DYNLL2,NUP93,CTNNB1,EDEM1,KEAP1,NUP58,CUL7,DCTN1,DDIT3,POM121,DYNC1H1,DYNC1I1,NUP153,DYNC1I2,DYNC1LI2,RBX1,AKT3,HDAC6,PHC1,PHC2,RPS27L,EEF1A1,EIF2S1,EIF2S3,DYNC1LI1,GNB4,DCTN4,PSMD14,EP300,EXTL2,EXTL3,EZH2,TUBA1B,TUBB3,TUBB4A,FZR1,TUBB4B,ANAPC10,MBTPS2,ANAPC5,ANAPC7,CREB3,WDR24,KAT5,FN1,GPX8,DCTN2,FOS,ANAPC11,TXNRD2,POM121C,TXNIP,GNB5,EIF2AK1,FYN,PTGES3,G6PD,NUP50,GNG13,TUBA8,GFPT1,TUBB6,GJA1,PPARGC1A,YIF1A,PRDX3,UBE2S,GNA11,GNAQ,CREB3L3,GNAS,GNB1,GNB2,GNB3,GNG3,GNG4,GNG5,GNG7,GNG10,GNG11,GNGT1,GCN1,GNGT2,CBX2,ADRM1,TUBA1C,UBE2C,GPX2,GPX7,NUP42,GSK3B,GSR,H2AX,H3-3A,H3-3B,HIF1A,HMGA1,HMOX1,HMOX2,GPX6,DNAJA1,HSPA1A,HSPA1B,HSPA4,HSPA5,HSPA8,HSPA9,HSPB1,HSP90AA1,HSP90AB1,HSPD1,HSPE1,HSPG2,IDH1,WTIP,IL6,CRTC2,TUBB8,TUBB2B,ITGB1,JUN,LMNA,LMNB1,MAFG,GNG8,MDM2,MEF2D,MAP3K5,NUP54,RPL22L1,MRE11,MT-CO1,MT-CO2,MT-CO3,MYC,NDUFA4,NFE2L2,NFKBIA,NFYA,NFYB,NFYC,ANAPC16,NUP88,NUP98,NUP43,CYCS,GNG2,PGD,PGR,PIK3CA,PIK3CB,PIK3CD,NUP37,PIK3R2,ANAPC2,ANAPC4,EXOSC9,MED1,PRKACA,PRKACB,PRKACG,PRKAR1A,PRKAR1B,PRKAR2A,PRKAR2B,MAPK1,MAPK3,MAPK8,MAPK9,SLC38A9,PSMC1,PSMC5,PSMD2,PSMD3,PSMD13,CREBRF,LAMTOR1,RANBP2,RELA,TBL1XR1,RHEB,RING1,RNF2,RORA,EIF2AK4,RPL5,RPL6,RPL7,RPL7A,TUBAL3,RPL11,RPL19,RPL27,RPL36AL,NUP85,RPLP1,RPS2,RPS3,RPS9,RPS10,RPS11,RPS12,RPS13,RPS14,TUBA3E,RPS18,RPS20,RPS21,RPS23,RPS25,RPS27A,PHC3,CCL2,STOML2,SEC13,HSPA4L,SKP1,NPLOC4,NUP35,ATF6,NDC1,SCMH1,NUP133,SOD1,SOD2,SP1,SRPRA,SLC46A1,KDM6B,STAT1,STAT3,NUP205,GNG12,NUP210,TALDO1,NUP160,TBL1X,SIN3B,TUBA3D,HIF3A,HIGD1C,EXOSC2,SIRT1,TKT,TLR4,NUP188,TP53,TPR,HSP90B1,NUP62,TUBA4A,TUBB2A,TXN,TXNRD1,TUBB1,UBA52,UBB,UBC,UBE2D1,UBE2D2,UBE2D3,UBE2E1,ANAPC1,UFD1,VCP,CREB3L2,WFS1,XBP1,FBXL17,XPO1,YWHAE,ZBTB17,DCSTAMP,HM13,TUBA1A,MAP1LC3B,NUP107,NUP214,NLRP3,AAAS,NPRL3,CBX8",True,364
Pathway,MM14491,REACTOME_OPIOID_SIGNALLING,Reactome Pathways,3.505e-25,1.296e-21,4.469e-23,3.9289999999999995e-22,59,71,"ADCY1,ADCY2,ADCY3,ADCY5,ADCY6,ADCY7,ADCY8,ADCY9,GRK2,ADCY4,CALM1,CALM2,CALM3,CDK5,GNA14,GNB4,GNB5,GNAT3,GNG13,GNA11,GNA15,GNAI1,GNAI2,GNAI3,GNAL,GNAQ,GNB1,GNB2,GNB3,GNG3,GNG4,GNG5,GNG7,GNG10,GNG11,GNGT1,GNGT2,GNG8,OPRM1,PDE1A,PDE1C,PDE4A,PDE4B,PDE1B,PDYN,GNG2,PLCB2,PLCB3,PLCB4,POMC,PPP1CA,PRKACA,PRKACB,PRKAR1A,PRKAR1B,PRKCG,MAPK1,GNG12,PLCB1",True,59
Pathway,M5336,REACTOME_CELL_CYCLE_MITOTIC,Reactome Pathways,6.369e-25,2.355e-21,7.849e-23,6.9009999999999995e-22,244,552,"SEH1L,KIF18A,ABL1,SMC1A,TUBGCP5,ESCO1,H2AC18,H2AC20,H2BC21,H3C2,H4C6,AKT1,AKT2,RAE1,OFD1,CDC14A,HAUS1,CDC26,DYNLL1,CDC23,BANF1,CDC16,BUB1B,SMC3,CDK11B,CDC6,CDC20,CDC27,CDK7,CDKN2A,CENPA,CENPE,CENPF,CETN2,RCC1,ANAPC15,CHMP2B,NUP155,DYNLL2,CEP135,LPIN2,NUP93,CCP110,CKAP5,NUP58,DCTN1,NEK9,CHMP7,POM121,DHFR,DYNC1H1,DYNC1I1,NUP153,DYNC1I2,DYNC1LI2,RBX1,AKT3,E2F6,ESCO2,OPTN,AKAP9,DYNC1LI1,PSMD14,EP300,TUBA1B,TUBB3,TUBB4A,FZR1,TUBB4B,ANAPC10,CEP78,TUBGCP3,FEN1,ANAPC5,ANAPC7,CHMP4C,DCTN2,GTSE1,ANAPC11,POM121C,CHMP3,PLK4,STAG2,NUP50,MCM8,TUBG2,SDCCAG8,TUBGCP2,TUBGCP4,TUBA8,CHMP2A,TUBB6,UBE2S,ADRM1,EML4,TUBA1C,CNTRL,UBE2C,NUP42,GSK3B,CEP250,H2AX,H3-3A,H3-3B,HDAC1,HAUS8,HSP90AA1,HSP90AB1,TUBGCP6,TUBB8,TUBB2B,JAK2,KIF2A,TNPO1,LBR,LMNA,LMNB1,MAD2L1,MAX,MCM2,MCM3,MCM4,MCM5,MCM6,MCM7,RAB8A,NUP54,CHMP4A,MYC,PPP1R12A,NEK2,ANAPC16,NUP88,NUP98,NUP43,ODF2,ORC1,ORC2,ORC4,ORC5,PAFAH1B1,PCM1,PCNT,NUP37,ANAPC2,NME7,PLK1,ANAPC4,PPP1CB,PPP1CC,PRKACA,CEP41,PRKAR2B,PRKCA,PRKCB,MAPK1,MAPK3,HAUS6,NDE1,PSMC1,PSMC5,PSMD2,PSMD3,HAUS3,PSMD13,HAUS4,RAN,RANBP2,RANGAP1,CHMP6,MCPH1,CEP192,MZT1,CHMP4B,HAUS2,TUBAL3,BORA,NUP85,TUBA3E,CEP76,RPS27A,MZT2B,SEC13,HAUS7,CENPT,CEP290,TUBB,SKP1,CEP164,NUP35,CEP63,MAPRE1,NDC1,CEP72,CEP70,NUP133,NINL,CDK5RAP2,MZT2A,CEP131,CEP152,PDS5B,SRC,HDAC8,NEDD1,NUP205,AURKA,NUP210,PDS5A,NUP160,TUBA3D,HAUS5,B9D2,TK1,TMPO,NUP188,TP53,TPR,ORC3,NUP62,TUBA4A,TUBB2A,TUBG1,TUBB1,TYMS,UBA52,UBB,UBC,UBE2D1,UBE2E1,UBE2I,ANAPC1,SUMO1,XPO1,YWHAE,YWHAG,CDK11A,NDEL1,ALMS1,TUBA1A,CDT1,NUP107,NUP214,AAAS",True,244
Pathway,MM14906,REACTOME_REGULATION_OF_PLK1_ACTIVITY_AT_G2_M_TRANSITION,Reactome Pathways,8.465e-25,3.129e-21,1.0089999999999999e-22,8.876e-22,66,85,"OFD1,HAUS1,DYNLL1,CETN2,CEP135,CCP110,CKAP5,DCTN1,DYNC1H1,DYNC1I2,OPTN,AKAP9,TUBB4A,TUBB4B,CEP78,DCTN2,PLK4,SDCCAG8,YWHAQ,CEP250,HAUS8,HSP90AA1,RAB8A,PPP1R12A,NEK2,ODF2,PAFAH1B1,PCM1,PLK1,PPP1CB,PRKACA,CEP41,HAUS6,NDE1,HAUS3,HAUS4,CEP192,HAUS2,BORA,CEP76,RPS27A,HAUS7,CEP290,TUBB,SKP1,CEP164,CEP63,MAPRE1,CEP72,CEP70,NINL,CDK5RAP2,CEP131,CEP152,NEDD1,AURKA,HAUS5,TUBA4A,TUBG1,UBA52,UBB,UBC,YWHAE,YWHAG,ALMS1,TUBA1A",True,66
Pathway,MM15209,REACTOME_CARGO_TRAFFICKING_TO_THE_PERICILIARY_MEMBRANE,Reactome Pathways,1.3969999999999999e-24,5.1660000000000005e-21,1.6139999999999999e-22,1.42e-21,39,39,"TTC8,ARF4,ARL3,GBF1,RAB11A,BBS1,BBS2,BBS4,CNGB1,CNGA2,CNGA4,RAB11FIP3,ASAP1,EXOC8,ARL6,EXOC5,NPHP3,RAB3IP,BBS9,UNC119B,MCHR1,EXOC4,EXOC3,RAB8A,ARL13B,PDE6D,PKD1,PKD2,LZTFL1,RHO,BBS7,RP2,SMO,EXOC1,EXOC2,SSTR3,EXOC7,BBS5,INPP5E",True,39
Pathway,M14314,KEGG_PURINE_METABOLISM,KEGG Legacy Pathways,4.53e-24,1.6750000000000002e-20,5.075e-22,4.462e-21,99,159,"ADA,ADCY1,ADCY2,ADCY3,ADCY5,ADCY6,ADCY7,ADCY8,ADCY9,ADK,ADSL,ADSS2,NME5,AMPD1,AMPD2,ADCY4,AMPD3,NUDT2,APRT,PDE5A,ATIC,PRPS1L1,GMPS,PAPSS1,ENTPD1,ENTPD6,ENTPD3,ENTPD5,ENTPD8,ENTPD4,GDA,DCK,CANT1,PDE11A,NME6,NT5C3A,POLR1B,PAICS,POLR3F,PDE7B,GART,PDE10A,NT5C1A,GMPR,NT5C1B,NUDT5,GUCY1A2,GUCY1A1,GUCY1B1,GUCY2C,GUCY2F,GUK1,GUCY2D,HPRT1,IMPDH1,IMPDH2,ITPA,NME1,NME2,NME3,NME4,PNP,NPR1,NPR2,NT5E,PDE1A,PDE1C,PDE2A,PDE3A,PDE3B,PDE4A,PDE4B,PDE6A,PDE6C,PDE6D,PDE6G,PDE6H,PDE9A,PDE1B,PDE6B,ENPP1,ENPP3,PNPT1,PKLR,PKM,NME7,POLR2A,POLR2B,POLR2C,PPAT,PRPS1,PRPS2,NT5C,POLR3B,NT5C2,ADCY10,NME1-NME2,NT5M,ADSS1",True,99
Pathway,M27749,REACTOME_AURKA_ACTIVATION_BY_TPX2,Reactome Pathways,1.958e-23,7.241e-20,2.13e-21,1.8720000000000002e-20,58,72,"OFD1,HAUS1,DYNLL1,CETN2,CEP135,CCP110,CKAP5,DCTN1,DYNC1H1,DYNC1I2,AKAP9,TUBB4A,TUBB4B,CEP78,DCTN2,PLK4,SDCCAG8,CNTRL,CEP250,HAUS8,HSP90AA1,NEK2,ODF2,PAFAH1B1,PCM1,PCNT,PLK1,PRKACA,CEP41,PRKAR2B,HAUS6,NDE1,HAUS3,HAUS4,CEP192,HAUS2,CEP76,HAUS7,CEP290,TUBB,CEP164,CEP63,MAPRE1,CEP72,CEP70,NINL,CDK5RAP2,CEP131,CEP152,NEDD1,AURKA,HAUS5,TUBA4A,TUBG1,YWHAE,YWHAG,ALMS1,TUBA1A",True,58
Pathway,M1029,REACTOME_INTERACTIONS_OF_VPR_WITH_HOST_CELLULAR_PROTEINS,Reactome Pathways,2.356e-23,8.709000000000001e-20,2.488e-21,2.188e-20,37,37,"SEH1L,RAE1,SLC25A4,SLC25A5,SLC25A6,BANF1,NUP155,NUP93,NUP58,POM121,NUP153,POM121C,NUP50,NUP42,PSIP1,HMGA1,KPNA1,NUP54,NUP88,NUP98,NUP43,NUP37,RANBP2,NUP85,SEC13,NUP35,NDC1,NUP133,NUP205,NUP210,NUP160,NUP188,TPR,NUP62,NUP107,NUP214,AAAS",True,37
Pathway,M29837,REACTOME_ADORA2B_MEDIATED_ANTI_INFLAMMATORY_CYTOKINES_PRODUCTION,Reactome Pathways,4.3469999999999997e-23,1.607e-19,4.465e-21,3.926e-20,41,43,"ADCY1,ADCY2,ADCY3,ADCY5,ADCY6,ADCY7,ADCY8,ADCY9,ADCY4,CREB1,GNB4,GNB5,GNAT3,GNG13,GNAI1,GNAI2,GNAI3,GNAS,GNAZ,GNB1,GNB2,GNB3,GNG3,GNG4,GNG5,GNG7,GNG10,GNG11,GNGT1,GNGT2,IL6,GNG8,GNG2,PRKACA,PRKACB,PRKACG,PRKAR1A,PRKAR1B,PRKAR2A,PRKAR2B,GNG12",True,41
Pathway,M45008,REACTOME_GPER1_SIGNALING,Reactome Pathways,1.2669999999999998e-22,4.685e-19,1.2660000000000001e-20,1.113e-19,42,45,"ADCY1,ADCY2,ADCY3,ADCY5,ADCY6,ADCY7,ADCY8,ADCY9,ADCY4,GNB4,FN1,GNB5,GNAT3,GNG13,GNAI1,GNAI2,GNAI3,GNAS,GNAZ,GNB1,GNB2,GNB3,GNG3,GNG4,GNG5,GNG7,GNG10,GNG11,GNGT1,GNGT2,ITGB1,GNG8,GNG2,PRKACA,PRKACB,PRKACG,PRKAR1A,PRKAR1B,PRKAR2A,PRKAR2B,SRC,GNG12",True,42
Pathway,M4217,REACTOME_MITOTIC_PROMETAPHASE,Reactome Pathways,1.5349999999999998e-22,5.675e-19,1.4930000000000002e-20,1.313e-19,115,204,"SEH1L,KIF18A,SMC1A,TUBGCP5,OFD1,HAUS1,DYNLL1,BUB1B,SMC3,CDC20,CENPA,CENPE,CENPF,CETN2,DYNLL2,CEP135,CCP110,CKAP5,DCTN1,NEK9,DYNC1H1,DYNC1I1,DYNC1I2,DYNC1LI2,AKAP9,DYNC1LI1,TUBA1B,TUBB3,TUBB4A,TUBB4B,CEP78,TUBGCP3,DCTN2,PLK4,STAG2,TUBG2,SDCCAG8,TUBGCP2,TUBGCP4,TUBA8,TUBB6,EML4,TUBA1C,CNTRL,CEP250,HAUS8,HSP90AA1,TUBGCP6,TUBB8,TUBB2B,KIF2A,MAD2L1,NEK2,NUP98,NUP43,ODF2,PAFAH1B1,PCM1,PCNT,NUP37,NME7,PLK1,PPP1CC,PRKACA,CEP41,PRKAR2B,HAUS6,NDE1,HAUS3,HAUS4,RANBP2,RANGAP1,CEP192,MZT1,HAUS2,TUBAL3,NUP85,TUBA3E,CEP76,MZT2B,SEC13,HAUS7,CENPT,CEP290,TUBB,CEP164,CEP63,MAPRE1,CEP72,CEP70,NUP133,NINL,CDK5RAP2,MZT2A,CEP131,CEP152,PDS5B,HDAC8,NEDD1,PDS5A,NUP160,TUBA3D,HAUS5,B9D2,TUBA4A,TUBB2A,TUBG1,TUBB1,XPO1,YWHAE,YWHAG,NDEL1,ALMS1,TUBA1A,NUP107",True,115
Pathway,M27238,REACTOME_SUMOYLATION_OF_UBIQUITINYLATION_PROTEINS,Reactome Pathways,1.707e-22,6.31e-19,1.618e-20,1.423e-19,38,39,"SEH1L,RAE1,PIAS1,PIAS2,NUP155,NUP93,NUP58,POM121,NUP153,POM121C,PIAS4,NUP50,NUP42,MDM2,NUP54,NUP88,NUP98,NUP43,NUP37,PML,RANBP2,TRIM27,NUP85,SEC13,NUP35,NDC1,NUP133,NUP205,NUP210,NUP160,NUP188,TPR,NUP62,UBE2I,SUMO1,NUP107,NUP214,AAAS",True,38
Pathway,M725,REACTOME_TRANSPORT_OF_MATURE_TRANSCRIPT_TO_CYTOPLASM,Reactome Pathways,2.6619999999999997e-22,9.841e-19,2.46e-20,2.163e-19,63,84,"SEH1L,RAE1,SRSF9,SRSF11,NUP155,NUP93,EIF4A3,DHX38,NUP58,POM121,RBM8A,NUP153,THOC1,ALYREF,DDX39A,SRRM1,CDC40,POLDIP3,SLU7,POM121C,NUP50,RNPS1,NUP42,U2AF1L4,U2AF2,MAGOH,NUP54,NCBP1,NUP88,NUP98,NUP43,NUP37,CPSF1,RANBP2,MAGOHB,NUP85,WDR33,SEC13,CASC3,SRSF1,SRSF2,SRSF3,SRSF4,SRSF5,SRSF6,SRSF7,NUP35,NCBP2,NDC1,NUP133,NUP205,NUP210,NUP160,NUP188,TPR,NUP62,U2AF1,UPF3B,DDX39B,NUP107,NUP214,THOC2,AAAS",True,63
Pathway,M27320,REACTOME_SUMOYLATION_OF_SUMOYLATION_PROTEINS,Reactome Pathways,3.9679999999999996e-22,1.467e-18,3.5780000000000005e-20,3.146e-19,35,35,"SEH1L,RAE1,NUP155,NUP93,NUP58,POM121,NUP153,TOPORS,POM121C,PIAS4,NUP50,NUP42,NUP54,NUP88,NUP98,NUP43,NUP37,RANBP2,NUP85,SEC13,NUP35,NDC1,NUP133,SUMO2,NUP205,NUP210,NUP160,NUP188,TPR,NUP62,UBE2I,SUMO1,NUP107,NUP214,AAAS",True,35
Pathway,MM15548,REACTOME_CELLULAR_RESPONSES_TO_STIMULI,Reactome Pathways,6.389999999999999e-22,2.362e-18,5.625e-20,4.946e-19,240,563,"SEH1L,ABL1,H2AC18,H2AC20,AKT1,AKT2,ALB,CUL3,RAE1,ANXA2,NUDT2,AR,ARNT,CDC26,DYNLL1,CDC23,MBTPS1,TBL1Y,BLVRB,HDAC3,CDC16,CALM1,CALM2,CALM3,CAMK2A,CAMK2B,CAMK2D,CAMK2G,CAPZB,CDC27,CEBPB,COX5A,COX4I1,COX5B,ANAPC15,BAG5,COX6A1,POT1,BAG3,BAG2,COX8A,EIF2S3B,SIN3A,ATF6B,NCOR2,NUP155,IKBKE,UBXN7,DYNLL2,NUP93,KEAP1,NUP58,DCTN1,POM121,DYNC1H1,DYNC1I1,NUP153,DYNC1I2,DYNC1LI2,RBX1,AKT3,HDAC6,EEF1A1,EIF2S1,EIF2S3,DYNC1LI1,GNB4,DCTN4,PSMD14,EP300,EZH2,TUBA1B,TUBB3,TUBB4A,FZR1,TUBB4B,ANAPC10,MBTPS2,ANAPC5,ANAPC7,CREB3,WDR24,KAT5,FN1,GPX8,DCTN2,FOS,ANAPC11,TXNRD2,POM121C,GNB5,EIF2AK1,PTGES3,NUP50,GNG13,TUBA8,TUBB6,PRDX3,UBE2S,GNA11,GNAQ,CREB3L3,GNAS,GNB1,GNB2,GNB3,GNG3,GNG4,GNG5,GNG7,GNG10,GNG11,GNGT1,GNGT2,ADRM1,TUBA1C,UBE2C,GPX2,GPX7,NUP42,GSK3B,GSR,H2AX,HIF1A,HMGA1,HMOX1,HMOX2,GPX6,DNAJA1,HSPA1A,HSPA1B,HSPA4,HSPA5,HSPA8,HSPA9,HSP90AA1,HSP90AB1,WTIP,TUBB2B,ITGB1,JUN,LMNB1,GNG8,MDM2,MAP3K5,NUP54,MRE11,MT-CO1,MT-CO2,MT-CO3,NDUFA4,NFE2L2,NFKBIA,ANAPC16,NUP88,NUP98,NUP43,CYCS,GNG2,PGR,NUP37,ANAPC2,ANAPC4,MED1,PRKACA,PRKACB,PRKAR1A,PRKAR1B,MAPK1,MAPK3,MAPK8,MAPK9,SLC38A9,PSMC1,PSMC5,PSMD2,PSMD3,PSMD13,CREBRF,LAMTOR1,RANBP2,RELA,TBL1XR1,RHEB,TUBAL3,NUP85,RPS27A,STOML2,SEC13,HSPA4L,SKP1,NPLOC4,NUP35,ATF6,NDC1,NUP133,SOD1,SOD2,SLC46A1,KDM6B,NUP205,GNG12,NUP210,NUP160,TBL1X,SIN3B,TUBA3D,HIF3A,HIGD1C,SIRT1,TLR4,NUP188,TP53,TPR,NUP62,TUBA4A,TUBB2A,TXN,TXNRD1,TUBB1,UBA52,UBB,UBC,UBE2D1,UBE2D2,UBE2D3,UBE2E1,ANAPC1,UFD1,VCP,FBXL17,XPO1,YWHAE,HM13,TUBA1A,MAP1LC3B,NUP107,NUP214,AAAS,NPRL3",True,240
Pathway,MM15495,REACTOME_AURKA_ACTIVATION_BY_TPX2,Reactome Pathways,7.770999999999999e-22,2.873e-18,6.681000000000001e-20,5.875e-19,56,71,"OFD1,HAUS1,DYNLL1,CETN2,CEP135,CCP110,CKAP5,DCTN1,DYNC1H1,DYNC1I2,AKAP9,TUBB4A,TUBB4B,CEP78,DCTN2,PLK4,SDCCAG8,YWHAQ,CEP250,HAUS8,HSP90AA1,NEK2,ODF2,PAFAH1B1,PCM1,PLK1,PRKACA,CEP41,HAUS6,NDE1,HAUS3,HAUS4,CEP192,HAUS2,CEP76,HAUS7,CEP290,TUBB,CEP164,CEP63,MAPRE1,CEP72,CEP70,NINL,CDK5RAP2,CEP131,CEP152,NEDD1,AURKA,HAUS5,TUBA4A,TUBG1,YWHAE,YWHAG,ALMS1,TUBA1A",True,56
Pathway,MM14635,REACTOME_CELL_CYCLE,Reactome Pathways,2.191e-21,8.101e-18,1.841e-19,1.619e-18,248,592,"SEH1L,KIF18A,ABL1,SMC1A,TUBGCP5,ESCO1,H2AC18,H2AC20,AKT1,AKT2,RAE1,OFD1,CDC14A,RUVBL1,HAUS1,CDC26,DYNLL1,CDC23,ATRX,BARD1,BANF1,BRCA1,CDC16,BUB1B,SMC3,CDK11B,CDC6,CDC20,CDC27,CDK7,CENPA,CENPE,CENPF,CETN2,RCC1,ANAPC15,POT1,BABAM2,RBM39,CHMP2B,NUP155,DYNLL2,CEP135,LPIN2,NUP93,CCP110,CKAP5,DAXX,NUP58,DCTN1,NEK9,CHMP7,POM121,DYNC1H1,DYNC1I1,NUP153,DYNC1I2,DYNC1LI2,RBX1,AKT3,ESCO2,OPTN,AKAP9,DYNC1LI1,PSMD14,PHF20,TUBA1B,TUBB3,TUBB4A,FZR1,TUBB4B,ANAPC10,CEP78,TUBGCP3,FEN1,ANAPC5,ANAPC7,CHMP4C,KAT5,DCTN2,GTSE1,ANAPC11,POM121C,PIAS4,CHMP3,PLK4,STAG2,NUP50,MCM8,TUBG2,SDCCAG8,TUBGCP2,TUBGCP4,TUBA8,CHMP2A,TUBB6,UBE2S,YWHAQ,ADRM1,EML4,TUBA1C,UBE2C,NUP42,CEP250,CHEK2,H2AX,H3-3A,H3-3B,HDAC1,HAUS8,HSP90AA1,HSP90AB1,TUBGCP6,TUBB2B,JAK2,KIF2A,RNF103-CHMP3,LBR,LMNA,LMNB1,MAD2L1,MCM2,MCM3,MCM4,MCM5,MCM6,MCM7,MDM2,RAB8A,NUP54,MRE11,PPP1R12A,NEK2,ANAPC16,NPM1,NUP88,NUP98,NUP43,ODF2,ORC1,ORC2,ORC4,ORC5,PAFAH1B1,PCM1,NUP37,ANAPC2,NME7,PLK1,ANAPC4,BRCC3,PPP1CB,PPP1CC,PRKACA,CEP41,PRKCB,MAPK1,MAPK3,HAUS6,NDE1,PSMC1,PSMC5,PSMD2,PSMD3,HAUS3,PSMD13,HAUS4,RAD51,RAN,RANBP2,RANGAP1,CHMP6,MCPH1,CEP192,MZT1,CHMP4B,HAUS2,TUBAL3,BORA,NUP85,CEP76,RPS27A,MZT2B,SEC13,HAUS7,CENPT,CEP290,TUBB,NHP2,SKP1,CEP164,NUP35,CEP63,MAPRE1,NDC1,CEP72,CEP70,NUP133,NINL,CDK5RAP2,MZT2A,CEP131,CEP152,PDS5B,SRC,HDAC8,NEDD1,NUP205,AURKA,NUP210,PDS5A,NUP160,TUBA3D,HAUS5,TERT,B9D2,NUP188,TP53,TP53BP1,TPR,ORC3,NUP62,TUBA4A,TUBB2A,TUBG1,TUBB1,UBA52,UBB,UBC,UBE2D1,UBE2E1,UBE2I,ANAPC1,SUMO1,XPO1,YWHAB,YWHAE,YWHAG,YWHAH,YWHAZ,CDK11A,NDEL1,ALMS1,TUBA1A,CDT1,NUP107,NUP214,AAAS",True,248
Pathway,M27038,REACTOME_INTERACTIONS_OF_REV_WITH_HOST_CELLULAR_PROTEINS,Reactome Pathways,2.73e-21,1.009e-17,2.243e-19,1.972e-18,36,37,"SEH1L,RAE1,RCC1,NUP155,NUP93,NUP58,POM121,NUP153,POM121C,NUP50,NUP42,NUP54,NPM1,NUP88,NUP98,NUP43,NUP37,RAN,RANBP1,RANBP2,RANGAP1,NUP85,SEC13,NUP35,NDC1,NUP133,NUP205,NUP210,NUP160,NUP188,TPR,NUP62,XPO1,NUP107,NUP214,AAAS",True,36
Pathway,MM15018,REACTOME_METABOLISM_OF_PROTEINS,Reactome Pathways,4.635e-21,1.713e-17,3.725e-19,3.275e-18,613,1822,"CLPP,SEH1L,ACAT1,USP9X,ACO2,SMC1A,ACTB,TRRAP,MYSM1,GALNT13,BAP1,ADORA2A,H2AC18,H2AC20,ADRA2A,ADRB2,KLHL13,AGT,KLHL42,ALAS1,ALB,TTLL10,ALPP,WDR48,CUL3,AMELX,AMELY,OGT,LEO1,RAE1,SLC25A5,BIRC3,CBX4,APOE,APOL1,PIAS1,AR,ARF4,RHOA,ARRB1,ARRB2,ARSB,RUVBL1,PSMG1,MRPS34,DYNLL1,EIF3B,EIF3C,EIF3D,EIF3F,EIF3G,EIF3I,ATP5F1A,GPR119,ATP5F1B,ATP5F1C,B4GALT3,B4GALT2,ATP5PF,MBTPS1,GBF1,ATP5PO,RAB11A,BARD1,RGS11,RGS9,SUCLG2,DPM1,DPM2,BMI1,FCSK,LDHD,KAT2B,BRCA1,EIF2B4,EIF2B3,MRPL49,CALM1,CALM2,CALM3,CALR,CANX,SOCS3,CAPZB,PIAS2,CCNF,USP14,CCT6A,USP10,SEC22C,SMC3,HGS,CDC20,LARGE1,CES1,CETN2,CFTR,CHM,RPL23,LONP1,RAB9A,COX5A,MUC17,ASB6,CHST10,COX5B,MPDU1,B3GALNT2,EIF2S3B,MRPL33,SIN3A,BABAM2,CS,CSF1,RGS6,GNA14,NUP155,SEC24C,CSH1,CSH2,CSHL1,IKBKE,TTLL4,NUS1,UBXN7,DYNLL2,CST3,CTBP1,NUP93,CTSD,CTSH,CCP110,HDAC4,DAG1,MRPL19,TOMM20,DAXX,KEAP1,NUP58,DBT,ECI1,ACE,DCTN1,DDB1,DDX5,FBXL5,KLHL3,TOMM70,POM121,FBXO9,ERAL1,KLHL21,WDR20,DLAT,DLD,DLST,GFPT2,USP15,DYNC1H1,DYNC1I1,NUP153,DYNC1I2,DYNC1LI2,RBX1,RCE1,DPAGT1,DPH2,L3MBTL2,MRPL54,MRPL53,UBA2,SAE1,MRPS16,MRPS18C,PHC1,PHC2,EXOC8,RPS27L,EEF1A1,MRPL2,MRPL4,NDUFA13,EEF1G,EEF2,MRPS2,EIF2S1,ATP6AP2,EIF2S3,EIF4A1,EIF4A2,EIF4B,DYNC1LI1,GNB4,ALG3,PSME3,DCTN4,MRPL46,TOPORS,PSMD14,EP300,DCAF7,ZDHHC2,STAM2,SUMO4,MRPL51,ETFB,MRPL30,MRPL27,MRPL10,KLHL41,KGD4,F9,KBTBD7,TUBA1B,TUBB3,TUBB4A,TUBB4B,PIAS3,FCGR3A,FCGR3B,FDX1,FECH,MCRS1,FH,POMK,ATP5PD,UBE2E3,MRRF,DDX17,FN1,UBD,DCTN2,CCT7,CCT4,CCT2,MRPL45,POMT1,POM121C,RAB6B,USP16,PABPC1,PIAS4,ATP5MG,EXOC5,NOP58,DPH5,TTLL11,B3GNT2,GNB5,CCT6B,CCT8,GNAT3,RAB7B,UQCRQ,NUB1,FUCA1,STAG2,RAB23,NUP50,FBXO40,GHRL,GALNT2,GALNT3,INO80C,GNG13,KBTBD8,GAS6,MRPL43,KAT2A,GCNT1,CLPX,TUBA8,GFPT1,KLHL20,GGCX,B4GALT1,GH1,GH2,TUBB6,RAB10,ST6GAL2,GLB1,GLUD1,GLUD2,UBE2S,GNA11,GNA15,GNAQ,GNB1,GNB2,GNB3,GNG3,GNG4,GNG5,GNG7,GNG10,GNG11,GNGT1,GNGT2,COPS5,SPSB2,CBX2,B4GAT1,ADRM1,TUBA1C,UBE2C,GRIA1,WDR5,NUP42,KLHL22,POMGNT2,HSD17B10,MRPL3,FBXL20,HCFC1,HDAC1,EXOC4,KLHL2,MGAT4B,HIF1A,HK1,PARK7,MGAT4A,EXOC3,MRPS35,U2AF2,HMGCS2,HNRNPC,HNRNPK,ALG14,HSPA8,HSPA9,HSPD1,IDH2,IDH3A,GFM1,IL6,INS,TUBB2B,ACTR8,MUC16,LEP,SMAD4,GNG8,MAN2A2,MAN2A1,MDH2,MDM2,ME2,RAB8A,NUP54,MEN1,MFGE8,MGAT1,MGAT2,MGAT5,RAB40AL,MITF,RPL22L1,MPI,HIPK2,MRPL13,MSRA,MRPL15,MT-CO1,MRPL22,MDGA1,MVD,MYC,NDUFA2,NDUFAB1,NDUFS1,NDUFS3,NDUFV1,NEDD8,RAB24,NFE2L2,NFKBIA,NPM1,NUP88,NUP98,NUP43,OGDH,PABPC3,PRKN,PDHA1,PDHB,PDK1,GNG2,DPM3,PGM3,PGR,SENP1,TFPT,NUP37,ALG5,MRPS21,ALG8,GMPPB,GMPPA,ALG6,ALG12,PML,PMM1,PMM2,POMT2,LARGE2,MRPL50,DERL1,MXRA8,POMC,BRCC3,DCAF10,TTLL6,PRKACA,PRKDC,PROS1,PSMC1,PSMC5,PSMD2,PSMD3,PSMD13,PTEN,INO80D,MRPL16,ALDH18A1,OXSM,RAB5A,RAB6A,RAB13,RAD23A,RAD23B,RANBP2,RANGAP1,RARA,SRD5A3,RBBP5,GALNT12,RELA,TRIM27,RGS7,TTLL7,RING1,MRPS18A,MRPS10,KLHL11,RNF2,UBA6,OGFOD1,RORA,RPL5,RPL6,RPL7,RPL7A,TUBAL3,RPL11,ALG13,RPL19,MRPL23,RPL27,RPL36AL,NUP85,RPLP1,MRPS12,RPS2,RPS3,SLC35C1,RPS9,RPS10,RPS11,RPS12,RPS13,RPS14,DHDDS,RPS18,RPS20,RPS21,RPS23,RPS25,RPS27A,PHC3,SATB1,ATXN7,ADAMTS20,SEC13,TRAPPC2,NAGK,COPG1,DOLK,POMGNT1,SHMT2,SKP1,NPLOC4,ARSG,NUP35,MRPL17,NDC1,KIN,CCT5,SCMH1,MRPS14,NUP133,EXOC1,SUMO2,EXOC2,TNKS2,SP100,SPTA1,SPTAN1,TTLL5,SPTB,SRP9,SRP19,SRP54,SRP68,NUP205,NOD2,KLHL9,GNG12,PMPCA,SUMF1,NUP210,DPH3,ADAMTS18,SCFD1,EXOC7,NUP160,ALG1,OTOA,MRPL21,TCP1,TUBA3D,TECTB,MUC5B,TDG,HIF3A,TGFBR1,THBS1,KLHL25,THRB,ICMT,MRPS25,NUP188,TOP1,TP53,TP53BP1,TPR,ASXL1,HSP90B1,TRAF3,HNRNPCL1,CCT3,NUP62,TUBA4A,TUBB2A,TXN,TUBB1,UBA52,UBB,UBC,UBA1,UBE2D1,UBE2D2,UBE2D3,UBE2E1,UBE2I,SPACA4,SUMO1,UFD1,USP4,UQCRC2,FKBP8,VCP,VDAC1,VDAC2,VDAC3,KCTD7,EIF4H,WFS1,GNPNAT1,MUC13,SLC30A5,MRPS15,MRPS11,MRPS9,MRPS6,MRPS5,MRPL41,MRPL40,MRPL38,MRPL36,MRPL34,MRPL32,MRPL11,PCGF2,ANKRD9,MRPL44,DAP3,TULP4,TUBA1A,TRAPPC6B,USP7,RAB7A,NUP107,MRPL47,DOLPP1,NUP214,STAM,NLRP3,USP5,AAAS,GAN,CBX8",True,613
Pathway,M864,REACTOME_MITOTIC_G2_G2_M_PHASES,Reactome Pathways,6.5690000000000005e-21,2.428e-17,5.143e-19,4.522e-18,108,193,"TUBGCP5,OFD1,HAUS1,DYNLL1,CDK11B,CDK7,CENPF,CETN2,CEP135,CCP110,CKAP5,DCTN1,DYNC1H1,DYNC1I2,RBX1,OPTN,AKAP9,PSMD14,EP300,TUBA1B,TUBB3,TUBB4A,FZR1,TUBB4B,CEP78,TUBGCP3,DCTN2,GTSE1,PLK4,TUBG2,SDCCAG8,TUBGCP2,TUBGCP4,TUBA8,TUBB6,ADRM1,TUBA1C,CNTRL,CEP250,HAUS8,HSP90AA1,HSP90AB1,TUBGCP6,TUBB8,TUBB2B,RAB8A,PPP1R12A,NEK2,ODF2,PAFAH1B1,PCM1,PCNT,NME7,PLK1,PPP1CB,PRKACA,CEP41,PRKAR2B,HAUS6,NDE1,PSMC1,PSMC5,PSMD2,PSMD3,HAUS3,PSMD13,HAUS4,CEP192,MZT1,HAUS2,TUBAL3,BORA,TUBA3E,CEP76,RPS27A,MZT2B,HAUS7,CEP290,TUBB,SKP1,CEP164,CEP63,MAPRE1,CEP72,CEP70,NINL,CDK5RAP2,MZT2A,CEP131,CEP152,NEDD1,AURKA,TUBA3D,HAUS5,TP53,TUBA4A,TUBB2A,TUBG1,TUBB1,UBA52,UBB,UBC,XPO1,YWHAE,YWHAG,CDK11A,ALMS1,TUBA1A",True,108
Pathway,M27016,REACTOME_EXPORT_OF_VIRAL_RIBONUCLEOPROTEINS_FROM_NUCLEUS,Reactome Pathways,6.678e-21,2.469e-17,5.143e-19,4.522e-18,33,33,"SEH1L,RAE1,NUP155,NUP93,NUP58,POM121,NUP153,POM121C,NUP50,NUP42,HSPA1A,NUP54,NUP88,NUP98,NUP43,NUP37,RAN,RANBP2,NUP85,SEC13,NUP35,NDC1,NUP133,NUP205,NUP210,NUP160,NUP188,TPR,NUP62,XPO1,NUP107,NUP214,AAAS",True,33
Pathway,MM15145,REACTOME_MITOTIC_G2_G2_M_PHASES,Reactome Pathways,7.349e-21,2.717e-17,5.545e-19,4.875e-18,102,178,"TUBGCP5,OFD1,HAUS1,DYNLL1,CDK11B,CDK7,CETN2,CEP135,CCP110,CKAP5,DCTN1,DYNC1H1,DYNC1I2,RBX1,OPTN,AKAP9,PSMD14,TUBA1B,TUBB3,TUBB4A,FZR1,TUBB4B,CEP78,TUBGCP3,DCTN2,GTSE1,PLK4,TUBG2,SDCCAG8,TUBGCP2,TUBGCP4,TUBA8,TUBB6,YWHAQ,ADRM1,TUBA1C,CEP250,HAUS8,HSP90AA1,HSP90AB1,TUBGCP6,TUBB2B,RAB8A,PPP1R12A,NEK2,ODF2,PAFAH1B1,PCM1,NME7,PLK1,PPP1CB,PRKACA,CEP41,HAUS6,NDE1,PSMC1,PSMC5,PSMD2,PSMD3,HAUS3,PSMD13,HAUS4,CEP192,MZT1,HAUS2,TUBAL3,BORA,CEP76,RPS27A,MZT2B,HAUS7,CEP290,TUBB,SKP1,CEP164,CEP63,MAPRE1,CEP72,CEP70,NINL,CDK5RAP2,MZT2A,CEP131,CEP152,NEDD1,AURKA,TUBA3D,HAUS5,TP53,TUBA4A,TUBB2A,TUBG1,TUBB1,UBA52,UBB,UBC,XPO1,YWHAE,YWHAG,CDK11A,ALMS1,TUBA1A",True,102
Pathway,M4076,REACTOME_HIV_LIFE_CYCLE,Reactome Pathways,1.0600000000000001e-20,3.918e-17,7.836e-19,6.89e-18,90,149,"SEH1L,RAE1,BANF1,CD4,CDK7,RCC1,NMT2,CCR5,CHMP2B,NUP155,NUP93,NUP58,CHMP7,POM121,NUP153,VPS28,UBAP1,FEN1,CHMP4C,NELFCD,POM121C,CHMP3,XRCC6,NUP50,CHMP2A,NUP42,GTF2B,PSIP1,SUPT16H,HMGA1,MVB12A,KPNA1,NUP54,CHMP4A,NCBP1,NMT1,NUP88,NUP98,NUP43,NUP37,POLR2A,POLR2B,POLR2C,PPIA,VPS37C,RAN,RANBP1,RANBP2,RANGAP1,CHMP6,CHMP4B,VPS37B,NUP85,RPS27A,SEC13,VPS37A,NUP35,NCBP2,NDC1,NUP133,SSRP1,NUP205,SUPT5H,NUP210,TAF1,TAF4,TAF4B,TAF6,TAF7,TAF9,NUP160,TBP,TCEA1,ELOA,NEDD4L,NUP188,TPR,TSG101,NUP62,UBA52,UBB,UBC,XPO1,XRCC5,CXCR4,VPS37D,MVB12B,NUP107,NUP214,AAAS",True,90
Pathway,MM15149,REACTOME_SUMOYLATION_OF_RNA_BINDING_PROTEINS,Reactome Pathways,1.436e-20,5.31e-17,1.041e-18,9.154e-18,48,58,"SEH1L,RAE1,CBX4,BMI1,NUP155,NUP93,NUP58,POM121,NUP153,PHC1,PHC2,POM121C,NOP58,NUP50,CBX2,NUP42,HNRNPC,HNRNPK,NUP54,NUP88,NUP98,NUP43,NUP37,RANBP2,RING1,RNF2,NUP85,PHC3,SEC13,NUP35,NDC1,SCMH1,NUP133,SUMO2,NUP205,NUP210,NUP160,NUP188,TPR,HNRNPCL1,NUP62,UBE2I,SUMO1,PCGF2,NUP107,NUP214,AAAS,CBX8",True,48
Pathway,M7761,KEGG_MELANOGENESIS,KEGG Legacy Pathways,1.711e-20,6.326e-17,1.217e-18,1.07e-17,69,101,"ADCY1,ADCY2,ADCY3,ADCY5,ADCY6,ADCY7,ADCY8,ADCY9,FZD4,FZD6,ADCY4,ASIP,CALM1,CALM2,CALM3,CALML3,CAMK2A,CAMK2B,CAMK2D,CAMK2G,CREB3L4,CREB3L1,CREB1,CREBBP,CTNNB1,DCT,DVL1,DVL2,EP300,CREB3,FZD2,CALML5,GNAI1,GNAI2,GNAI3,GNAO1,GNAQ,CREB3L3,GNAS,GSK3B,HRAS,KRAS,MC1R,MITF,NRAS,PLCB2,PLCB3,PLCB4,POMC,PRKACA,PRKACB,PRKACG,PRKCA,PRKCB,PRKCG,MAPK1,MAPK3,MAP2K1,MAP2K2,RAF1,PLCB1,TYR,WNT5B,CREB3L2,WNT5A,WNT11,FZD5,FZD3,CALML6",True,69
Pathway,M543,REACTOME_CELL_CYCLE,Reactome Pathways,2.5850000000000004e-20,9.557e-17,1.803e-18,1.586e-17,274,683,"SEH1L,KIF18A,ABL1,SMC1A,TUBGCP5,ESCO1,H2AC18,H2AC20,H2BC21,H3C2,H4C6,AKT1,AKT2,RAE1,OFD1,CDC14A,RUVBL1,HAUS1,CDC26,DYNLL1,CDC23,ATRX,BARD1,BANF1,BRCA1,BRCA2,CDC16,BUB1B,SMC3,CDK11B,CDC6,CDC20,CDC27,CDK7,CDKN2A,CENPA,CENPE,CENPF,CETN2,RCC1,ANAPC15,POT1,BABAM2,CHMP2B,NUP155,DYNLL2,CEP135,LPIN2,NUP93,CCP110,CKAP5,DAXX,NUP58,DCTN1,NEK9,CHMP7,POM121,DHFR,DYNC1H1,DYNC1I1,NUP153,DYNC1I2,DYNC1LI2,RBX1,AKT3,E2F6,ESCO2,OPTN,AKAP9,DYNC1LI1,PSMD14,EP300,PHF20,TUBA1B,TUBB3,TUBB4A,FZR1,TUBB4B,ANAPC10,CEP78,TUBGCP3,FEN1,ANAPC5,ANAPC7,CHMP4C,KAT5,DCTN2,GTSE1,ANAPC11,POM121C,PIAS4,CHMP3,PLK4,STAG2,NUP50,MCM8,TUBG2,SDCCAG8,TUBGCP2,TUBGCP4,TUBA8,RUVBL2,CHMP2A,TUBB6,UBE2S,YWHAQ,ADRM1,EML4,TUBA1C,CNTRL,UBE2C,DIDO1,NUP42,GSK3B,CEP250,CHEK2,H2AX,H3-3A,H3-3B,HDAC1,HAUS8,HSP90AA1,HSP90AB1,TUBGCP6,TUBB8,TUBB2B,JAK2,KIF2A,TNPO1,LBR,LMNA,LMNB1,MAD2L1,MAX,MCM2,MCM3,MCM4,MCM5,MCM6,MCM7,MDM2,RAB8A,NUP54,MRE11,CHMP4A,MYC,PPP1R12A,NEK2,ANAPC16,NPM1,NUP88,NUP98,NUP43,ODF2,ORC1,ORC2,ORC4,ORC5,PAFAH1B1,PCM1,PCNT,NUP37,ANAPC2,NME7,PLK1,ANAPC4,POLR2A,POLR2B,POLR2C,BRCC3,PPP1CB,PPP1CC,PRKACA,CEP41,PRKAR2B,PRKCA,PRKCB,MAPK1,MAPK3,HAUS6,NDE1,PSMC1,PSMC5,PSMD2,PSMD3,HAUS3,PSMD13,HAUS4,RAD51,RAN,RANBP2,RANGAP1,CHMP6,MCPH1,CEP192,MZT1,CHMP4B,HAUS2,TUBAL3,BORA,NUP85,TUBA3E,CEP76,RPS27A,MZT2B,SEC13,HAUS7,CENPT,CEP290,TUBB,NHP2,SKP1,CEP164,NUP35,CEP63,MAPRE1,NDC1,CEP72,CEP70,NUP133,NINL,CDK5RAP2,MZT2A,CEP131,CEP152,PDS5B,SRC,HDAC8,NEDD1,NUP205,AURKA,NUP210,PDS5A,NUP160,TUBA3D,SYNE1,HAUS5,TERT,B9D2,TK1,TMPO,NUP188,TP53,TP53BP1,TPR,ORC3,NUP62,TUBA4A,TUBB2A,TUBG1,TUBB1,TYMS,UBA52,UBB,UBC,UBE2D1,UBE2E1,UBE2I,ANAPC1,SUMO1,XPO1,YWHAB,YWHAE,YWHAG,YWHAH,YWHAZ,CDK11A,NDEL1,ALMS1,TUBA1A,CDT1,NUP107,NUP214,AAAS",True,274
Pathway,M29579,REACTOME_REGULATION_OF_GLUCOKINASE_BY_GLUCOKINASE_REGULATORY_PROTEIN,Reactome Pathways,2.738e-20,1.012e-16,1.875e-18,1.648e-17,32,32,"SEH1L,RAE1,NUP155,NUP93,NUP58,POM121,NUP153,POM121C,NUP50,GCK,GCKR,NUP42,NUP54,NUP88,NUP98,NUP43,NUP37,RANBP2,NUP85,SEC13,NUP35,NDC1,NUP133,NUP205,NUP210,NUP160,NUP188,TPR,NUP62,NUP107,NUP214,AAAS",True,32
Pathway,M13486,KEGG_HUNTINGTONS_DISEASE,KEGG Legacy Pathways,2.9570000000000004e-20,1.093e-16,1.988e-18,1.748e-17,103,183,"CLTCL1,AP2A1,AP2A2,AP2B1,SLC25A4,SLC25A5,SLC25A6,ATP5F1A,ATP5F1B,ATP5F1C,ATP5F1D,ATP5PB,ATP5MC1,ATP5PF,ATP5PO,BAX,HAP1,CASP3,CREB3L4,CREB3L1,COX5A,CLTC,COX4I1,COX5B,COX6A1,COX8A,SIN3A,CREB1,CREBBP,CREB5,CYC1,DCTN1,DLG4,DCTN4,EP300,ATP5PD,CREB3,DCTN2,DNAI1,UQCRQ,PPARGC1A,GNAQ,CREB3L3,GRM5,HTT,HDAC1,HDAC2,MT-CO1,MT-CO2,MT-CO3,MT-CYB,NDUFA2,NDUFA3,NDUFA4,NDUFA5,NDUFA8,NDUFA9,NDUFA10,NDUFAB1,NDUFB3,NDUFB4,NDUFB7,NDUFB8,NDUFB9,NDUFS1,NDUFS2,NDUFS3,NDUFV1,NDUFS8,NDUFV2,CYCS,UQCR10,PLCB2,PLCB3,PLCB4,POLR2A,POLR2B,POLR2C,PPARG,NDUFS7,IFT57,SDHA,SDHB,SDHC,SDHD,SOD1,SOD2,SP1,RCOR1,PLCB1,TAF4,TAF4B,TBP,DNAI2,TP53,UQCRC1,UQCRC2,UQCRFS1,VDAC1,VDAC2,VDAC3,CREB3L2,DNALI1",True,103
Pathway,M41815,REACTOME_RHOJ_GTPASE_CYCLE,Reactome Pathways,3.892e-20,1.439e-16,2.569e-18,2.259e-17,46,55,"RHOJ,CDC42BPA,ARHGAP1,SNAP23,ARHGEF7,WASL,CAV1,FMNL3,CDC42,VAMP3,SLC4A7,CDC42BPB,GIT2,STOM,PAK4,NIPSNAP2,GJA1,WWP2,CDC42EP1,JUP,MPP7,ARL13B,GIT1,OCRL,OPHN1,PAK1,PAK2,PAK3,CPNE8,PIK3R1,PIK3R2,IQGAP3,FNBP1L,LAMTOR1,STEAP3,SLC1A5,DEPDC1B,FNBP1,TFRC,TMPO,SCRIB,WAS,RAB7A,DIAPH3,WIPF2,VANGL1",True,46
Pathway,M27471,REACTOME_HEDGEHOG_OFF_STATE,Reactome Pathways,4.8330000000000006e-20,1.787e-16,3.096e-18,2.722e-17,68,100,"ADCY1,ADCY2,ADCY3,ADCY5,ADCY6,ADCY7,ADCY8,ADCY9,WDR35,ADCY4,OFD1,WDR19,IFT140,IFT172,RBX1,IFT52,PSMD14,TUBA1B,TUBB3,TUBB4A,TUBB4B,SUFU,INTU,TUBB6,GLI1,GLI2,GLI3,GNAS,ADRM1,TUBA1C,GSK3B,KIF3A,TUBB2B,PRKACA,PRKACB,PRKACG,PRKAR1A,PRKAR1B,PRKAR2A,PRKAR2B,PSMC1,PSMC5,PSMD2,PSMD3,PSMD13,PTCH1,MKS1,IFT57,DYNC2H1,KIF7,TTC21B,RPS27A,SKP1,SMO,IFT122,ADCY10,RPGRIP1L,TUBA3D,GPR161,TUBA4A,TUBB2A,TULP3,TUBB1,UBA52,UBB,UBC,TUBA1A,IFT88",True,68
Pathway,M10775,REACTOME_G_ALPHA_Z_SIGNALLING_EVENTS,Reactome Pathways,4.8570000000000003e-20,1.796e-16,3.096e-18,2.722e-17,42,48,"ADCY1,ADCY2,ADCY3,ADCY5,ADCY6,ADCY7,ADCY8,ADCY9,ADRA2A,ADRA2B,ADCY4,RGS20,RGS17,GNB4,RGS19,GNB5,GNAT3,GNG13,GNAI1,GNAI2,GNAI3,GNAS,GNAZ,GNB1,GNB2,GNB3,GNG3,GNG4,GNG5,GNG7,GNG10,GNG11,GNGT1,GNGT2,GNG8,GNG2,PRKCA,PRKCB,PRKCG,RGS4,RGS16,GNG12",True,42
Pathway,MM15362,REACTOME_MITOTIC_PROMETAPHASE,Reactome Pathways,4.99e-20,1.845e-16,3.127e-18,2.749e-17,110,202,"SEH1L,KIF18A,SMC1A,TUBGCP5,OFD1,HAUS1,DYNLL1,BUB1B,SMC3,CDC20,CENPA,CENPE,CENPF,CETN2,DYNLL2,CEP135,CCP110,CKAP5,DCTN1,DYNC1H1,DYNC1I1,DYNC1I2,DYNC1LI2,AKAP9,DYNC1LI1,TUBA1B,TUBB3,TUBB4A,TUBB4B,CEP78,TUBGCP3,DCTN2,PLK4,STAG2,TUBG2,SDCCAG8,TUBGCP2,TUBGCP4,TUBA8,TUBB6,YWHAQ,EML4,TUBA1C,CEP250,HAUS8,HSP90AA1,TUBGCP6,TUBB2B,KIF2A,MAD2L1,NEK2,NUP98,NUP43,ODF2,PAFAH1B1,PCM1,NUP37,NME7,PLK1,PPP1CC,PRKACA,CEP41,HAUS6,NDE1,HAUS3,HAUS4,RANBP2,RANGAP1,CEP192,MZT1,HAUS2,TUBAL3,NUP85,CEP76,MZT2B,SEC13,HAUS7,CENPT,CEP290,TUBB,CEP164,CEP63,MAPRE1,CEP72,CEP70,NUP133,NINL,CDK5RAP2,MZT2A,CEP131,CEP152,PDS5B,HDAC8,NEDD1,PDS5A,NUP160,TUBA3D,HAUS5,B9D2,TUBA4A,TUBB2A,TUBG1,TUBB1,XPO1,YWHAE,YWHAG,NDEL1,ALMS1,TUBA1A,NUP107",True,110
Pathway,MM15147,REACTOME_SUMOYLATION_OF_CHROMATIN_ORGANIZATION_PROTEINS,Reactome Pathways,8.099000000000001e-20,2.994e-16,4.991e-18,4.388e-17,51,65,"SEH1L,RAE1,CBX4,PIAS1,BMI1,PIAS2,NUP155,NUP93,HDAC4,NUP58,POM121,NUP153,L3MBTL2,PHC1,PHC2,SUMO4,POM121C,NUP50,CBX2,NUP42,HDAC1,NUP54,NUP88,NUP98,NUP43,NUP37,RANBP2,RING1,RNF2,NUP85,PHC3,SATB1,SEC13,NUP35,NDC1,SCMH1,NUP133,SUMO2,NUP205,NUP210,NUP160,NUP188,TPR,NUP62,UBE2I,SUMO1,PCGF2,NUP107,NUP214,AAAS,CBX8",True,51
Pathway,M16864,REACTOME_METABOLISM_OF_CARBOHYDRATES_AND_CARBOHYDRATE_DERIVATIVES,Reactome Pathways,1.33e-19,4.916e-16,7.972e-18,7.01e-17,141,288,"SEH1L,ACAN,AGL,ALDH1A1,ALDOA,ALDOB,ALDOC,AKR1B1,RAE1,ARSB,G6PC2,B4GALT3,B4GALT2,FBP2,PRPS1L1,CALM1,PAPSS1,GLYCTK,TKFC,NUP155,NCAN,NUP93,ADPGK,NUP58,B3GAT3,POM121,GNPDA2,XYLB,GAPDHS,NUP153,GNPDA1,SLC26A2,DERA,ENO1,ENO2,ENO3,EXT1,EXT2,FBP1,POM121C,G6PC3,B3GNT2,G6PD,GAA,NUP50,GALK1,GALNS,GAPDH,GBE1,GCK,GCKR,SLC26A1,B4GALT1,ENO4,LYVE1,GLB1,GNS,GPI,B4GAT1,NUP42,GUSB,GYS1,GYS2,HAS1,HAS2,HAS3,HK1,HK2,HK3,HSPG2,HYAL1,IDS,IDUA,KHK,MAN2B1,NUP54,NAGLU,NUP88,NUP98,NUP43,PC,PCK2,PFKFB1,PFKFB2,PFKFB3,PFKFB4,PFKL,PFKM,PFKP,PGAM1,PGAM2,PGD,PGK1,PGK2,PGM1,NUP37,PKLR,PKM,PRKACA,PRKACB,PRKACG,PRPS1,PRPS2,PYGB,PYGL,PYGM,RANBP2,PGM2,NUP85,RPS27A,SDC1,SEC13,STAB2,SGSH,HKDC1,SLC2A1,NUP35,SLC9A1,RPIA,NDC1,NUP133,SORD,NUP205,NUP210,TALDO1,NUP160,HGSNAT,TKT,NUP188,AGRN,TPI1,TPR,NUP62,UBA52,UBB,UBC,UGP2,GALM,NUP107,NUP214,AAAS",True,141
Pathway,M26911,REACTOME_G_PROTEIN_MEDIATED_EVENTS,Reactome Pathways,1.34e-19,4.953e-16,7.972e-18,7.01e-17,45,54,"ADCY1,ADCY2,ADCY3,ADCY5,ADCY6,ADCY7,ADCY8,ADCY9,GRK2,ADCY4,CALM1,CAMK4,CAMK2A,CAMK2B,CAMK2D,CAMK2G,CREB1,GNA14,GNAT3,AHCYL1,GNA11,GNA15,GNAI1,GNAI2,GNAI3,GNAL,GNAQ,KPNA2,PDE1A,PDE1C,PDE1B,PLCB2,PLCB3,PLCB4,PRKACA,PRKACB,PRKACG,PRKAR1A,PRKAR1B,PRKAR2A,PRKAR2B,PRKCA,PRKCG,MAPK1,PLCB1",True,45
Pathway,M27158,REACTOME_VISUAL_PHOTOTRANSDUCTION,Reactome Pathways,1.359e-19,5.023e-16,7.972e-18,7.01e-17,67,99,"ABCA4,APOE,RDH16,HSD17B6,RGS9,OPN1SW,CALM1,GRK7,SLC24A1,LRAT,DHRS3,NMT2,CNGB1,CNGA1,GUCA1C,RDH8,RDH10,BCO2,RDH11,DHRS9,FNTA,FNTB,GNB5,OPN1MW,GNAT1,GNB1,GNGT1,METAP2,GRK4,GUCA1A,GUCA1B,GUCY2F,GUCY2D,AWAT2,HSPG2,RGS9BP,LRP1,BCO1,MYO7A,NMT1,PDE6A,PDE6G,PDE6B,PPEF1,PRKCA,RETSAT,RBP1,RBP2,RBP3,RBP4,OPN1LW,RCVRN,RDH5,RDH12,RHO,GRK1,RLBP1,RPE65,SAG,SDC1,SDR9C7,METAP1,STRA6,CYP4V2,AGRN,TTR,AKR1B10",True,67
Pathway,MM15413,REACTOME_TRANSPORT_OF_MATURE_TRANSCRIPT_TO_CYTOPLASM,Reactome Pathways,1.437e-19,5.313e-16,8.301e-18,7.299e-17,61,86,"SEH1L,RAE1,SRSF9,SRSF11,NUP155,NUP93,EIF4A3,DHX38,NUP58,POM121,RBM8A,NUP153,THOC1,ALYREF,DDX39A,SRRM1,CDC40,POLDIP3,SLU7,POM121C,NUP50,RNPS1,NUP42,U2AF1L4,U2AF2,MAGOH,NUP54,NCBP1,NUP88,NUP98,NUP43,NUP37,CPSF1,RANBP2,NUP85,WDR33,SEC13,CASC3,SRSF1,SRSF2,SRSF3,SRSF5,SRSF7,NUP35,NCBP2,NDC1,NUP133,NUP205,NUP210,NXF5,NUP160,NUP188,TPR,NUP62,U2AF1,UPF3B,DDX39B,NUP107,NUP214,THOC2,AAAS",True,61
Pathway,M41813,REACTOME_RHOH_GTPASE_CYCLE,Reactome Pathways,1.539e-19,5.689e-16,8.753e-18,7.696e-17,35,37,"RALGAPA1,OSBPL11,ARHGDIA,RHOH,CAV1,VAMP3,ROCK2,SLC4A7,TMEM59,CSK,DBN1,DBT,STOM,PAK4,FAM91A1,TUBA1B,NIPSNAP2,JUP,LCK,MTR,PAK1,PAK2,LAMTOR1,UACA,ROCK1,SLC1A5,WDR11,NSFL1C,TFRC,VCP,ZAP70,PAK6,RAB7A,PAK5,VANGL1",True,35
Pathway,M27041,REACTOME_NUCLEAR_IMPORT_OF_REV_PROTEIN,Reactome Pathways,1.733e-19,6.408e-16,9.708e-18,8.536e-17,33,34,"SEH1L,RAE1,RCC1,NUP155,NUP93,NUP58,POM121,NUP153,POM121C,NUP50,NUP42,NUP54,NPM1,NUP88,NUP98,NUP43,NUP37,RAN,RANBP2,NUP85,SEC13,NUP35,NDC1,NUP133,NUP205,NUP210,NUP160,NUP188,TPR,NUP62,NUP107,NUP214,AAAS",True,33
Pathway,MM14562,REACTOME_AEROBIC_RESPIRATION_AND_RESPIRATORY_ELECTRON_TRANSPORT,Reactome Pathways,2.126e-19,7.86e-16,1.173e-17,1.031e-16,125,245,"ACAT1,ACO2,SLC25A11,SLC25A4,SLC25A12,ATP5F1A,ATP5F1B,ATP5F1C,ATP5F1D,LYRM7,ATP5PB,ATP5MC1,ATP5PF,COX19,ATP5PO,SUCLG2,SUCLG1,SUCLA2,COX5A,COX4I1,COX5B,COX6A1,COX8A,COX11,COX15,CS,CYC1,DLAT,DLD,DLST,SCO2,SLC25A18,COX17,NDUFA13,TRAP1,SLC25A13,ETFA,ETFB,ETFDH,KGD4,FH,ATP5PD,FXN,ATP5MG,UQCRQ,GLO1,GOT1,GOT2,HSCB,GPT,COQ10A,HSPA9,IDH2,IDH3A,IDH3B,IDH3G,LDHA,MDH2,ME2,MKLN1,ACAD9,MT-CO1,MT-CO2,MT-CO3,TIMM21,MT-CYB,MT-ND1,MT-ND2,MT-ND4,MT-ND5,NDUFA2,NDUFA3,NDUFA4,NDUFA5,NDUFA8,NDUFA9,NDUFA10,NDUFAB1,NDUFB3,NDUFB4,NDUFB7,NDUFB8,NDUFB9,NDUFS1,NDUFS2,NDUFS3,NDUFV1,NDUFS8,NDUFV2,NEK1,OGDH,CYCS,PC,PDHA1,PDHA2,PDHB,PDK1,PDK4,UQCR10,PKM,NDUFAF5,NDUFS7,SLC25A22,L2HGDH,RPS27A,SCO1,SDHA,SDHB,SDHC,SDHD,COQ10B,NUBPL,NDUFAF6,NDUFA12,COX18,HIGD1C,NNT,UBA52,UBB,UBC,UQCRC1,UQCRC2,UQCRFS1,VDAC1,PDHX",True,125
Pathway,M27440,REACTOME_SIGNALING_BY_HEDGEHOG,Reactome Pathways,2.593e-19,9.585e-16,1.41e-17,1.239e-16,83,137,"ADCY1,ADCY2,ADCY3,ADCY5,ADCY6,ADCY7,ADCY8,ADCY9,GRK2,WDR35,SPOP,CUL3,ADCY4,OFD1,WDR19,ARRB1,ARRB2,IFT140,IFT172,RBX1,EVC2,IFT52,PSMD14,EVC,TUBA1B,TUBB3,TUBB4A,TUBB4B,SUFU,EFCAB7,INTU,TUBB6,GLI1,GLI2,GLI3,OS9,GNAS,ADRM1,TUBA1C,GSK3B,KIF3A,TUBB2B,SPOPL,PRKACA,PRKACB,PRKACG,PRKAR1A,PRKAR1B,PRKAR2A,PRKAR2B,PSMC1,PSMC5,PSMD2,PSMD3,PSMD13,PTCH1,MKS1,IFT57,DYNC2H1,KIF7,TTC21B,RPS27A,SHH,DZIP1,SKP1,SMO,IFT122,ADCY10,ADAM17,RPGRIP1L,TUBA3D,GPR161,TUBA4A,TUBB2A,TULP3,TUBB1,UBA52,UBB,UBC,VCP,TUBA1A,SMURF1,IFT88",True,83
Pathway,M29804,REACTOME_HCMV_INFECTION,Reactome Pathways,3.274e-19,1.21e-15,1.754e-17,1.542e-16,93,162,"SEH1L,H2AC18,H2AC20,H2BC21,H3C2,H4C6,RAE1,DYNLL1,HDAC3,CREB1,CHMP2B,NCOR1,NCOR2,NUP155,DYNLL2,NUP93,DAXX,NUP58,CHMP7,POM121,DYNC1H1,DYNC1I1,NUP153,DYNC1I2,DYNC1LI2,VPS36,EGFR,TRIM28,DYNC1LI1,VPS28,UBAP1,EZH2,TUBA1B,TUBB3,TUBB4A,TUBB4B,CHMP4C,VPS25,POM121C,CHMP3,NUP50,TUBA8,CHMP2A,TUBB6,TUBA1C,GPS2,NUP42,SNF8,HNRNPK,MVB12A,TUBB8,TUBB2B,ITGB1,NUP54,CHMP4A,NUP88,NUP98,NUP43,CHMP1A,NUP37,PML,VPS37C,RANBP2,CHMP6,CHMP4B,TBL1XR1,VPS37B,TUBAL3,NUP85,TUBA3E,SEC13,VPS37A,NUP35,NDC1,NUP133,NUP205,NUP210,NUP160,TBL1X,TUBA3D,NUP188,TPR,TSG101,NUP62,TUBA4A,TUBB2A,TUBB1,TUBA1A,VPS37D,MVB12B,NUP107,NUP214,AAAS",True,93
Pathway,M776,REACTOME_PROTEIN_FOLDING,Reactome Pathways,3.8e-19,1.405e-15,2.007e-17,1.765e-16,66,98,"ACTB,ARL2,RGS11,RGS9,HDAC3,CCT6A,RGS6,GNA14,FBXL5,GAPDHS,LONP2,GNB4,DCAF7,TUBA1B,TUBB3,TUBB4A,TUBB4B,NOP56,CCT7,CCT4,CCT2,AP3M1,GNB5,CCT6B,CCT8,GNG13,TUBA8,TUBB6,GNA11,GNA15,GNAQ,GNB1,GNB2,GNB3,GNG3,GNG4,GNG5,GNG7,GNG10,GNG11,GNGT1,GNGT2,TUBA1C,TUBB2B,KIFC3,GNG8,GNG2,PFDN1,PFDN5,RGS7,TUBAL3,TUBA3E,XRN2,CCT5,STAT3,GNG12,TBCC,TBCD,TCP1,TUBA3D,TP53,CCT3,TUBA4A,TUBB2A,TUBB1,TUBA1A",True,66
Pathway,M516,REACTOME_AEROBIC_RESPIRATION_AND_RESPIRATORY_ELECTRON_TRANSPORT,Reactome Pathways,5.67e-19,2.096e-15,2.952e-17,2.596e-16,130,261,"ACAT1,ACO2,SLC25A11,SLC25A4,SLC25A12,ATP5F1A,ATP5F1B,ATP5F1C,ATP5F1D,LYRM7,ATP5PB,ATP5MC1,ATP5PF,COX19,ATP5PO,SUCLG2,SUCLG1,SUCLA2,BCS1L,COX5A,COX4I1,COX5B,COX6A1,COX8A,COX11,COX15,PNKD,CS,CYC1,PET100,DLAT,DLD,DLST,SCO2,SLC25A18,COX17,NDUFA13,TRAP1,SLC25A13,ETFA,ETFB,ETFDH,KGD4,FH,ATP5PD,FXN,ATP5MG,UQCRQ,GLO1,GOT1,GOT2,HSCB,GPT,COQ10A,HSPA9,IDH2,IDH3A,IDH3B,IDH3G,LDHA,MDH2,ME2,MKLN1,ACAD9,MT-CO1,MT-CO2,MT-CO3,TIMM21,MT-CYB,MT-ND1,MT-ND2,MT-ND4,MT-ND5,NDUFA2,NDUFA3,NDUFA4,NDUFA5,NDUFA8,NDUFA9,NDUFA10,NDUFAB1,NDUFB3,NDUFB4,NDUFB7,NDUFB8,NDUFB9,NDUFS1,NDUFS2,NDUFS3,NDUFV1,NDUFS8,NDUFV2,NEK1,OGDH,CYCS,PC,PDHA1,PDHA2,PDHB,PDK1,PDK4,UQCR10,PKLR,PKM,NDUFAF5,NDUFS7,SLC25A22,UQCC1,L2HGDH,RPS27A,SCO1,SDHA,SDHB,SDHC,SDHD,COQ10B,NUBPL,NDUFAF6,NDUFA12,COX18,HIGD1C,NNT,UBA52,UBB,UBC,UQCRC1,UQCRC2,UQCRFS1,VDAC1,PDHX",True,130
Pathway,M27226,REACTOME_SUMOYLATION_OF_DNA_DAMAGE_RESPONSE_AND_REPAIR_PROTEINS,Reactome Pathways,6.639e-19,2.454e-15,3.401e-17,2.991e-16,56,77,"SEH1L,SMC1A,RAE1,CBX4,PIAS1,BMI1,BRCA1,PIAS2,SMC3,CDKN2A,CETN2,NUP155,NUP93,NUP58,POM121,NUP153,PHC1,PHC2,POM121C,PIAS4,STAG2,NUP50,CBX2,NUP42,NUP54,NUP88,NUP98,NUP43,NUP37,PML,RANBP2,RING1,RNF2,NUP85,PHC3,SEC13,NUP35,NDC1,SCMH1,NUP133,SUMO2,SP100,NUP205,NUP210,NUP160,TDG,NUP188,TPR,NUP62,UBE2I,SUMO1,PCGF2,NUP107,NUP214,AAAS,CBX8",True,56
Pathway,MM15690,REACTOME_SIGNALING_BY_RHO_GTPASES_MIRO_GTPASES_AND_RHOBTB3,Reactome Pathways,6.888e-19,2.547e-15,3.401e-17,2.991e-16,259,649,"RALGAPA1,SEH1L,KIF18A,ABL1,ABL2,ABR,KCTD13,RHOJ,USP9X,ACTB,ACTN1,ADD3,OSBPL11,KLC3,CUL3,CDC42BPA,PIK3R3,ALS2,AR,RHOA,RHOB,RHOC,ARHGAP1,ARHGDIA,RHOH,PDE5A,DYNLL1,SNAP23,MTMR1,IQGAP1,ARHGEF7,BUB1B,STBD1,CALM1,CALM2,CALM3,CAPZB,CAV1,PRC1,ARHGEF25,FMNL3,CCT6A,ARHGEF1,HGS,CDC20,CDC42,VAPB,CENPA,CENPE,CENPF,CFTR,TRIP10,VAMP3,RAB9A,CLTC,SAMM50,ROCK2,SLC4A7,TMEM59,CDC42BPB,RBM39,AKAP12,CSK,ITSN2,DYNLL2,FAM169A,CTNNB1,TOR1AIP1,DOCK4,CCP110,ARHGAP24,CKAP5,GIT2,DBT,PARD6A,SRGAP3,DIAPH1,DIAPH2,KIF14,DLG4,DYNC1H1,DYNC1I1,DYNC1I2,DYNC1LI2,DOCK1,DVL1,DVL2,ECT2,BCAP31,ABI2,FARP1,DYNC1LI1,FLOT1,STOM,SRRM1,STAM2,PAK4,FAM91A1,TUBA1B,TUBB3,TUBB4A,TUBB4B,MYL9,BASP1,FLNA,CCT7,CCT2,VMA22,CDC42EP3,GNA13,NCKAP1,NIPSNAP2,TUBA8,TUBB6,GJA1,RND1,RBMX,YWHAQ,WWP2,TUBA1C,GRB2,CDC42EP1,AKAP13,HMOX2,HNRNPC,HSP90AA1,HSP90AB1,HSPE1,TUBB2B,ITGB1,JUP,KIF2A,KIF5A,KIF5B,KLC1,MPP7,LBR,LCK,LMNB1,MAD2L1,EPSTI1,MCAM,MCF2,MEN1,ARL13B,GIT1,MTR,MYH9,MYO6,PPP1R12A,NDUFA5,NDUFS3,NUP98,NUP43,OCRL,OPHN1,PAFAH1B1,PAK1,PAK2,PAK3,CPNE8,PFN1,PFN2,SENP1,GFOD1,PIK3CA,NUP37,PIK3R1,PIK3R2,PLK1,RHOF,IQGAP3,PLXNA1,PLXNB1,RHOD,EFHD2,PPP1CB,PPP1CC,PRKCB,PRKCZ,MAPK1,MAPK3,MYL12B,NDE1,LAMTOR1,CEP97,PHIP,RAC1,RAC2,RANBP2,RANGAP1,ARHGAP17,STEAP3,ROCK1,TUBAL3,CPSF7,NUP85,BAIAP2L2,SEC13,CENPT,TRA2B,ITSN1,ANKRD26,SHMT2,SLC1A5,TRAK1,MAPRE1,WDR11,ELMO2,NUP133,DEPDC1B,SOS1,SOS2,FNBP1,SPTAN1,SRC,NSFL1C,BAIAP2L1,SCFD1,NUP160,ESYT1,TUBA3D,ARHGEF18,SRGAP2,ARHGAP39,TFRC,B9D2,RHOQ,TNFAIP1,SCRIB,TPM3,HNRNPCL1,TUBA4A,TUBB2A,TUBB1,VCP,KLC2,XPO1,MUC13,YWHAB,YWHAE,YWHAG,YWHAH,YWHAZ,ZAP70,PAK6,SOWAHC,NDEL1,TUBA1A,RAB7A,DIAPH3,DDX39B,NUP107,PAK5,STAM,KLC4,VANGL2,AAAS,VANGL1",True,259
Pathway,M11575,REACTOME_GLUCAGON_SIGNALING_IN_METABOLIC_REGULATION,Reactome Pathways,6.9e-19,2.551e-15,3.401e-17,2.991e-16,32,33,"ADCY1,ADCY2,ADCY3,ADCY5,ADCY6,ADCY7,ADCY8,ADCY9,ADCY4,GNB4,GNG13,GCGR,GNAS,GNB1,GNB2,GNB3,GNG3,GNG4,GNG5,GNG7,GNG10,GNG11,GNG8,GNG2,PRKACA,PRKACB,PRKACG,PRKAR1A,PRKAR1B,PRKAR2A,PRKAR2B,GNG12",True,32
Pathway,MM15058,REACTOME_G_ALPHA_Z_SIGNALLING_EVENTS,Reactome Pathways,6.9e-19,2.551e-15,3.401e-17,2.991e-16,32,33,"ADCY1,ADCY2,ADCY3,ADCY5,ADCY6,ADCY7,ADCY8,ADCY9,ADRA2A,ADRA2B,ADCY4,RGS20,RGS17,GNB4,GNB5,GNG13,GNAZ,GNB1,GNB2,GNB3,GNG3,GNG4,GNG5,GNG7,GNG10,GNG11,GNGT1,GNGT2,GNG8,GNG2,RGS16,GNG12",True,32
Pathway,M27214,REACTOME_SUMOYLATION,Reactome Pathways,7.174e-19,2.652e-15,3.49e-17,3.069e-16,103,189,"SEH1L,SMC1A,H4C6,RAE1,CBX4,PIAS1,AR,BMI1,BRCA1,PIAS2,SMC3,CDKN2A,CETN2,CHD3,SIN3A,CREBBP,NCOR2,NUP155,IKBKE,CTBP1,NUP93,HDAC4,DAXX,NUP58,DDX5,POM121,NUP153,L3MBTL2,UBA2,SAE1,PHC1,PHC2,TRIM28,TOPORS,EP300,PIAS3,DDX17,POM121C,PIAS4,NOP58,STAG2,NUP50,PPARGC1A,CBX2,NUP42,HDAC1,HDAC2,PARK7,HNRNPC,HNRNPK,MDM2,NUP54,MITF,HIPK2,NFKBIA,NPM1,NUP88,NUP98,NUP43,PGR,SENP1,NUP37,PML,PPARG,RANBP2,RANGAP1,RARA,RELA,TRIM27,RING1,RNF2,RORA,NUP85,PHC3,SATB1,SEC13,NUP35,NDC1,SCMH1,NUP133,SUMO2,SP100,NUP205,AURKA,NUP210,NUP160,TDG,TFAP2A,THRB,NUP188,TOP1,TP53,TP53BP1,TPR,NR2C1,NUP62,UBE2I,SUMO1,PCGF2,NUP107,NUP214,AAAS,CBX8",True,103
Pathway,M29574,REACTOME_NS1_MEDIATED_EFFECTS_ON_HOST_PATHWAYS,Reactome Pathways,8.081e-19,2.987e-15,3.88e-17,3.411e-16,37,41,"SEH1L,RAE1,KPNA7,NUP155,NUP93,NUP58,POM121,NUP153,POM121C,NUP50,NUP42,KPNA1,KPNA2,KPNA3,KPNA4,KPNA5,NUP54,NUP88,NUP98,NUP43,NUP37,RANBP2,NUP85,SEC13,NUP35,NDC1,NUP133,NUP205,NUP210,NUP160,NUP188,TPR,NUP62,NUP107,NUP214,AAAS,PABPN1",True,37
Pathway,M27394,REACTOME_SUMOYLATION_OF_CHROMATIN_ORGANIZATION_PROTEINS,Reactome Pathways,8.187e-19,3.027e-15,3.881e-17,3.412e-16,53,71,"SEH1L,H4C6,RAE1,CBX4,PIAS1,BMI1,PIAS2,CHD3,NUP155,NUP93,HDAC4,NUP58,POM121,NUP153,L3MBTL2,PHC1,PHC2,POM121C,NUP50,CBX2,NUP42,HDAC1,HDAC2,NUP54,NUP88,NUP98,NUP43,NUP37,RANBP2,RING1,RNF2,NUP85,PHC3,SATB1,SEC13,NUP35,NDC1,SCMH1,NUP133,SUMO2,NUP205,NUP210,NUP160,NUP188,TPR,NUP62,UBE2I,SUMO1,PCGF2,NUP107,NUP214,AAAS,CBX8",True,53
Pathway,M38994,REACTOME_SIGNALING_BY_BRAF_AND_RAF1_FUSIONS,Reactome Pathways,8.648e-19,3.197e-15,4.047e-17,3.558e-16,50,65,"ACTB,KIAA1549,AP3B1,ARAF,ARRB1,ARRB2,TRIM24,IQGAP1,KSR1,BRAF,CALM1,CAMK2A,CAMK2B,CAMK2D,CAMK2G,PAPSS1,CLCN6,QKI,CSK,FAM131B,BCL2L11,AKAP9,FN1,ATG7,SND1,FAM114A2,TENT4A,HRAS,JAK2,KRAS,LMNA,NRAS,PEBP1,MAPK1,MAPK3,MAP2K1,MAP2K2,ESRP1,RAF1,AGGF1,TRAK1,AGK,SRC,MPRIP,KDM7A,VWF,YWHAB,ZC3HAV1,AGTRAP,FXR1",True,50
Pathway,MM15206,REACTOME_HEDGEHOG_OFF_STATE,Reactome Pathways,1.544e-18,5.71e-15,7.137e-17,6.275e-16,63,93,"ADCY1,ADCY2,ADCY3,ADCY5,ADCY6,ADCY7,ADCY8,ADCY9,WDR35,ADCY4,OFD1,WDR19,IFT140,IFT172,RBX1,IFT52,PSMD14,TUBA1B,TUBB3,TUBB4A,TUBB4B,SUFU,INTU,TUBB6,GLI1,GLI2,GLI3,ADRM1,TUBA1C,GSK3B,KIF3A,TUBB2B,PRKACA,PRKACB,PRKAR1A,PRKAR1B,PSMC1,PSMC5,PSMD2,PSMD3,PSMD13,PTCH1,MKS1,IFT57,DYNC2H1,KIF7,TTC21B,RPS27A,SKP1,SMO,IFT122,ADCY10,RPGRIP1L,TUBA3D,GPR161,TUBA4A,TUBB2A,TULP3,TUBB1,UBA52,UBB,UBC,TUBA1A",True,63
Pathway,M48249,REACTOME_MITOCHONDRIAL_PROTEIN_DEGRADATION,Reactome Pathways,2.393e-18,8.845e-15,1.092e-16,9.601e-16,65,98,"CLPP,ACAT1,ACO2,ALAS1,SLC25A5,SLC25A6,ATP5F1A,ATP5F1B,ATP5F1C,ATP5PF,ATP5PO,SUCLG2,LDHD,LONP1,COX5A,COX4I1,COX5B,CS,DBT,ECI1,DLD,NDUFA13,TIMM10,TIMM9,MRPS2,CHCHD2,FECH,TIMM17A,FH,ATP5PD,ATP5MG,UQCRQ,CLPX,GLUD1,HSD17B10,HMGCS2,HSPA9,HSPD1,IDH2,IDH3A,MDH2,ME2,MT-CO1,MT-CO2,MT-ND1,MT-ND2,MT-ND5,NDUFA2,NDUFS1,NDUFS3,NDUFV1,OGDH,PDHA1,PDHB,PDK1,TIMM22,PRKACA,ALDH18A1,OXSM,MRPS10,SHMT2,PMPCA,UQCRC2,MRPL32,STARD7",True,65
Pathway,M12469,REACTOME_HIV_INFECTION,Reactome Pathways,2.443e-18,9.032e-15,1.101e-16,9.685e-16,113,218,"SEH1L,AP2A1,AP2A2,AP2B1,AP1G1,RAE1,SLC25A4,SLC25A5,SLC25A6,BANF1,CD4,CDK7,RCC1,NMT2,CCR5,CHMP2B,NUP155,NUP93,NUP58,ELMO1,CHMP7,POM121,NUP153,RBX1,VPS28,PSMD14,UBAP1,FEN1,CHMP4C,NELFCD,POM121C,CHMP3,FYN,XRCC6,NUP50,CHMP2A,ADRM1,NUP42,GTF2B,PSIP1,SUPT16H,HLA-A,HMGA1,MVB12A,KPNA1,LCK,NUP54,CHMP4A,NCBP1,NMT1,NPM1,NUP88,NUP98,NUP43,PAK2,NUP37,POLR2A,POLR2B,POLR2C,PPIA,PSMC1,PSMC5,PSMD2,PSMD3,PSMD13,RAC1,VPS37C,RAN,RANBP1,RANBP2,RANGAP1,CHMP6,CHMP4B,VPS37B,NUP85,RPS27A,SEC13,VPS37A,SKP1,NUP35,NCBP2,NDC1,NUP133,SSRP1,NUP205,SUPT5H,NUP210,TAF1,TAF4,TAF4B,TAF6,TAF7,TAF9,NUP160,TBP,TCEA1,ELOA,NEDD4L,NUP188,TPR,TSG101,NUP62,UBA52,UBB,UBC,XPO1,XRCC5,CXCR4,VPS37D,MVB12B,NUP107,NUP214,AAAS",True,113
Pathway,MM14881,REACTOME_VISUAL_PHOTOTRANSDUCTION,Reactome Pathways,4.322e-18,1.598e-14,1.925e-16,1.693e-15,62,92,"ABCA4,APOE,RDH16,HSD17B6,RGS9,OPN1SW,CALM1,CALM2,CALM3,LRAT,DHRS3,NMT2,CNGB1,CNGA1,RDH10,BCO2,RDH11,DHRS9,OPN1MW3,FNTA,FNTB,GNB5,GNAT1,GNB1,GNGT1,METAP2,GRK4,GUCA1A,GUCA1B,GUCY2F,GUCY2D,AWAT2,RGS9BP,LRP1,BCO1,CHURC1-FNTB,MYO7A,NMT1,PDE6G,PDE6B,PPEF1,RBP1,RBP2,RBP3,RBP4,OPN1LW,RCVRN,RDH5,RDH12,RHO,GRK1,RLBP1,RPE65,SAG,SDC1,SDR9C7,METAP1,STRA6,CYP4V2,AGRN,TTR,AKR1B10",True,62
Pathway,M4844,KEGG_CHEMOKINE_SIGNALING_PATHWAY,KEGG Legacy Pathways,6.024e-18,2.227e-14,2.651e-16,2.331e-15,101,188,"ADCY1,ADCY2,ADCY3,ADCY5,ADCY6,ADCY7,ADCY8,ADCY9,CCR2,GRK2,GRK3,AKT1,AKT2,ADCY4,PIK3R3,RHOA,ARRB1,ARRB2,CXCR5,BRAF,WASL,GRK7,CDC42,CCR1,CCR3,CCR5,CCR6,ROCK2,CSK,CX3CR1,ELMO1,AKT3,GNB4,GNB5,GNG13,GNAI1,GNAI2,GNAI3,GNB1,GNB2,GNB3,GNG3,GNG4,GNG5,GNG7,GNG10,GNG11,GNGT1,GNGT2,GRK4,GRK5,GRK6,GRB2,GSK3B,HRAS,JAK2,KRAS,GNG8,NFKBIA,NRAS,PAK1,GNG2,PIK3CA,PIK3CB,PIK3CD,PIK3CG,PIK3R1,PIK3R2,PLCB2,PLCB3,PLCB4,PRKACA,PRKACB,PRKACG,PRKCB,PRKCZ,MAPK1,MAPK3,MAP2K1,RAC1,RAC2,RAF1,RELA,GRK1,ROCK1,CCL2,CCL19,CCL21,CCL22,CXCL11,CX3CL1,SOS1,SOS2,STAT1,STAT2,STAT3,GNG12,PLCB1,PARD3,WAS,CXCR4",True,101
Pathway,MM15182,REACTOME_SIGNALING_BY_HEDGEHOG,Reactome Pathways,6.31e-18,2.333e-14,2.744e-16,2.413e-15,76,125,"ADCY1,ADCY2,ADCY3,ADCY5,ADCY6,ADCY7,ADCY8,ADCY9,GRK2,WDR35,SPOP,CUL3,ADCY4,OFD1,WDR19,ARRB1,ARRB2,IFT140,IFT172,RBX1,EVC2,IFT52,PSMD14,EVC,TUBA1B,TUBB3,TUBB4A,TUBB4B,SUFU,INTU,TUBB6,GLI1,GLI2,GLI3,OS9,ADRM1,TUBA1C,GSK3B,KIF3A,TUBB2B,SPOPL,PRKACA,PRKACB,PRKAR1A,PRKAR1B,PSMC1,PSMC5,PSMD2,PSMD3,PSMD13,PTCH1,MKS1,IFT57,DYNC2H1,KIF7,TTC21B,RPS27A,SHH,DZIP1,SKP1,SMO,IFT122,ADCY10,RPGRIP1L,TUBA3D,GPR161,TUBA4A,TUBB2A,TULP3,TUBB1,UBA52,UBB,UBC,VCP,TUBA1A,SMURF1",True,76
Pathway,M27185,REACTOME_MITOTIC_METAPHASE_AND_ANAPHASE,Reactome Pathways,6.847e-18,2.531e-14,2.943e-16,2.588e-15,114,223,"SEH1L,KIF18A,SMC1A,CDC26,DYNLL1,CDC23,BANF1,CDC16,BUB1B,SMC3,CDC20,CDC27,CENPA,CENPE,CENPF,RCC1,ANAPC15,CHMP2B,NUP155,DYNLL2,NUP93,CKAP5,NUP58,CHMP7,POM121,DYNC1H1,DYNC1I1,DYNC1I2,DYNC1LI2,DYNC1LI1,PSMD14,TUBA1B,TUBB3,TUBB4A,TUBB4B,ANAPC10,ANAPC5,ANAPC7,CHMP4C,ANAPC11,CHMP3,STAG2,TUBA8,CHMP2A,TUBB6,UBE2S,ADRM1,TUBA1C,UBE2C,TUBB8,TUBB2B,KIF2A,TNPO1,LBR,LMNA,LMNB1,MAD2L1,NUP54,CHMP4A,ANAPC16,NUP98,NUP43,PAFAH1B1,NUP37,ANAPC2,PLK1,ANAPC4,PPP1CC,NDE1,PSMC1,PSMC5,PSMD2,PSMD3,PSMD13,RAN,RANBP2,RANGAP1,CHMP6,CHMP4B,TUBAL3,NUP85,TUBA3E,RPS27A,SEC13,CENPT,NUP35,MAPRE1,NDC1,NUP133,PDS5B,HDAC8,NUP205,PDS5A,NUP160,TUBA3D,B9D2,TMPO,NUP188,NUP62,TUBA4A,TUBB2A,TUBB1,UBA52,UBB,UBC,UBE2D1,UBE2E1,UBE2I,ANAPC1,SUMO1,XPO1,NDEL1,TUBA1A,NUP107",True,114
Pathway,M27183,REACTOME_THE_PHOTOTRANSDUCTION_CASCADE,Reactome Pathways,8.957e-18,3.311e-14,3.806e-16,3.346e-15,32,34,"RGS9,CALM1,GRK7,SLC24A1,NMT2,CNGB1,CNGA1,GUCA1C,FNTA,FNTB,GNB5,GNAT1,GNB1,GNGT1,METAP2,GRK4,GUCA1A,GUCA1B,GUCY2F,GUCY2D,RGS9BP,NMT1,PDE6A,PDE6G,PDE6B,PPEF1,PRKCA,RCVRN,RHO,GRK1,SAG,METAP1",True,32
Pathway,M48034,REACTOME_VIRAL_INFECTION_PATHWAYS,Reactome Pathways,9.059e-18,3.349e-14,3.806e-16,3.346e-15,326,879,"SEH1L,H2AC18,H2AC20,H2BC21,AP2A1,AP2A2,MAVS,AP2B1,AP1G1,H3C2,H4C6,AKT1,AKT2,CUL3,RAE1,SLC25A4,SLC25A5,SLC25A6,DYNLL1,ATP1A4,BANF1,HDAC3,CALR,CANX,CAV1,NMI,CD4,CDK7,RCC1,CHD3,CHD4,RPL23,KPNA7,PPIG,NMT2,CLTC,CCR5,ARIH1,BRMS1,ROCK2,CREB1,CREBBP,CHMP2B,NCOR1,NCOR2,TKFC,NUP155,SEC24C,IKBKE,DYNLL2,GEMIN4,NUP93,CX3CR1,NLRP12,DAXX,KEAP1,NUP58,DDOST,ELMO1,DDX5,MED24,CHMP7,TOMM70,POM121,G3BP2,DYNC1H1,DYNC1I1,NUP153,DYNC1I2,DYNC1LI2,RBX1,AKT3,MED16,VPS36,RPS27L,EEF1A1,BCAP31,G3BP1,EGFR,TRIM28,DYNC1LI1,VPS28,PATJ,PSMD14,EP300,ZDHHC2,SAP18,UBAP1,CLEC4M,EZH2,TUBA1B,TUBB3,TUBB4A,TUBB4B,FEN1,CRB3,PPIH,FKBP1A,CHMP4C,FNTA,FNTB,NELFCD,VPS25,POM121C,CHMP3,FYN,PTGES3,XRCC6,NUP50,ARID4B,TUBA8,CHMP2A,TUBB6,GJA1,YWHAQ,ADRM1,TUBA1C,GPS2,GRB2,NUP42,GSK3B,GTF2B,PSIP1,SUPT16H,DDX20,MAN1B1,HDAC1,HDAC2,SNF8,MGAT4B,HLA-A,HLA-B,MGAT4A,HMGA1,HNRNPA1,HNRNPK,MVB12A,HSPA1A,HSPA8,HSP90AA1,HSP90AB1,HSPG2,IFNAR1,IGHD,IL17A,IMPDH1,IMPDH2,TUBB8,IRAK1,TUBB2B,ITGA4,ITGB1,JAK2,KPNA1,KPNA2,KPNA3,KPNA4,KPNA5,LCK,SMAD4,MAN2A1,NUP54,MGAT1,MGAT2,MGAT5,RPL22L1,CHMP4A,TBK1,NCBP1,NFE2L2,NFKBIA,NMT1,NPM1,NUP88,NUP98,NUP43,PAK2,PCBP2,CHMP1A,NUP37,PKLR,PLCG2,PML,POLR2A,POLR2B,POLR2C,MED1,PPIA,PPIB,PPP1CA,PPP1CB,PPP1CC,PSMC1,PSMC5,PSMD2,PSMD3,PSMD13,RAB5A,RAC1,VPS37C,RAN,RANBP1,RANBP2,RANGAP1,CHMP6,ARID4A,ANO1,RELA,CHMP4B,TBL1XR1,VPS37B,ROCK1,RPL5,RPL6,RPL7,RPL7A,TUBAL3,RPL11,RPL19,RPL27,RPL36AL,NUP85,RPLP1,RPN1,RPN2,RPS2,RPS3,RPS9,RPS10,RPS11,RPS12,RPS13,RPS14,TUBA3E,RPS18,RPS20,RPS21,RPS23,RPS25,RPS27A,SDC1,SEC13,VPS37A,TUBB,SKP1,NUP35,NCBP2,MED19,NDC1,NUP133,SMN1,SNRPB,SNRPD1,SNRPD2,SNRPD3,SNRPE,SNRPF,SNRPG,SOS1,SP1,SRPK1,SRPK2,SSRP1,STAT1,STAT2,NUP205,NOD2,RCOR1,GANAB,SUPT5H,NUP210,TAF1,TAF4,TAF4B,TAF6,TAF7,TAF9,NUP160,TBL1X,TBP,TCEA1,ELOA,NEDD4L,VPS39,TUBA3D,TGFB1,TJP1,BRD4,TLR2,TLR4,NUP188,AGRN,TPR,TRAF3,ANO5,TSG101,NUP62,VPS16,TUBA4A,TUBB2A,TUFM,TUBB1,UBA52,UBB,UBC,UBE2I,SUMO1,VCP,XPO1,XRCC5,YWHAB,YWHAE,YWHAG,YWHAH,YWHAZ,TUBA1A,CXCR4,MAP1LC3B,VPS37D,MVB12B,ANO2,NUP107,NUP214,NLRP3,AAAS,PABPN1",True,326
Pathway,MM15586,REACTOME_SIGNALING_BY_NUCLEAR_RECEPTORS,Reactome Pathways,9.853e-18,3.643e-14,4.093e-16,3.599e-15,101,189,"ABCA1,ADH1A,ADH1B,ADH1C,ADH4,AKT1,AKT2,ALDH1A1,ALDH1A3,PIK3R3,RDH14,RDH16,TBL1Y,HDAC3,KAT2B,ALDH1A2,CALM1,CALM2,CALM3,CAV1,DHRS3,CRABP1,CRABP2,CREB1,NCOR2,CYP26A1,DDX5,DLAT,DLD,AKT3,RDH10,EGFR,RDH11,DHRS9,GNB4,EP300,KAT5,GNB5,GNAT3,PTGES3,GNG13,DHRS4,GNAI1,GNAI2,GNAI3,GNB1,GNB2,GNB3,GNG3,GNG4,GNG5,GNG7,GNG10,GNG11,GNGT1,GNGT2,GPS2,H3-3A,H3-3B,HRAS,HSPB1,HSP90AA1,HSP90AB1,KRAS,GNG8,CYP26C1,UHMK1,PDHA1,PDHA2,PDHB,PDK1,PDK4,GNG2,PGR,PIK3CA,PIK3R1,PIK3R2,POLR2A,POLR2B,POLR2C,MED1,PRKCZ,MAPK1,RARA,RARB,RARG,RDH5,TBL1XR1,RDH13,RXRG,SP1,SRC,GNG12,TBL1X,TBP,ALDH8A1,USF1,SDR16C5,CYP26B1,XPO1,PDHX",True,101
Pathway,MM14896,REACTOME_THE_PHOTOTRANSDUCTION_CASCADE,Reactome Pathways,1.09e-17,4.03e-14,4.477e-16,3.937e-15,30,31,"RGS9,CALM1,CALM2,CALM3,NMT2,CNGB1,CNGA1,FNTA,FNTB,GNB5,GNAT1,GNB1,GNGT1,METAP2,GRK4,GUCA1A,GUCA1B,GUCY2F,GUCY2D,RGS9BP,CHURC1-FNTB,NMT1,PDE6G,PDE6B,PPEF1,RCVRN,RHO,GRK1,SAG,METAP1",True,30
Pathway,MM14496,REACTOME_G_PROTEIN_MEDIATED_EVENTS,Reactome Pathways,1.107e-17,4.093e-14,4.497e-16,3.954e-15,35,39,"ADCY1,ADCY2,ADCY3,ADCY5,ADCY6,ADCY7,ADCY8,ADCY9,GRK2,ADCY4,CALM1,CALM2,CALM3,GNA14,GNAT3,GNA11,GNA15,GNAI1,GNAI2,GNAI3,GNAL,GNAQ,PDE1A,PDE1C,PDE1B,PLCB2,PLCB3,PLCB4,PRKACA,PRKACB,PRKAR1A,PRKAR1B,PRKCG,MAPK1,PLCB1",True,35
Pathway,M41838,REACTOME_SIGNALING_BY_RHO_GTPASES_MIRO_GTPASES_AND_RHOBTB3,Reactome Pathways,1.364e-17,5.043e-14,5.481e-16,4.819e-15,277,720,"RALGAPA1,SEH1L,KIF18A,ABL1,ABL2,ABR,KCTD13,RHOJ,USP9X,ACTB,ACTN1,ADD3,H2AC18,H2AC20,H2BC21,H3C2,H4C6,OSBPL11,KLC3,CUL3,CDC42BPA,PIK3R3,ALS2,AR,RHOA,RHOB,RHOC,ARHGAP1,ARHGDIA,RHOH,PDE5A,DYNLL1,SNAP23,MTMR1,IQGAP1,ARHGEF7,BUB1B,WASL,STBD1,CALM1,CAPZB,CAV1,PRC1,ARHGEF25,FMNL3,CCT6A,ARHGEF1,HGS,CDC20,CDC42,VAPB,CENPA,CENPE,CENPF,CFTR,TRIP10,VAMP3,RAB9A,CLTC,SAMM50,ROCK2,SLC4A7,TMEM59,CDC42BPB,AKAP12,CSK,ITSN2,DYNLL2,FAM169A,CTNNB1,TOR1AIP1,DOCK4,CCP110,ARHGAP24,CKAP5,GIT2,DBN1,DBT,PARD6A,SRGAP3,DIAPH1,DIAPH2,KIF14,DLG4,DYNC1H1,DYNC1I1,DYNC1I2,DYNC1LI2,DOCK1,DVL1,DVL2,ECT2,BCAP31,ABI2,FARP1,KCTD3,DYNC1LI1,FLOT1,STOM,SRRM1,STAM2,PAK4,FAM91A1,TUBA1B,TUBB3,TUBB4A,TUBB4B,MYL9,BASP1,FLNA,CCT7,CCT2,VMA22,CDC42EP3,GNA13,NCKAP1,NIPSNAP2,TUBA8,TUBB6,GJA1,RND1,RBMX,YWHAQ,WWP2,TUBA1C,GRB2,CDC42EP1,H2AX,H3-3A,H3-3B,AKAP13,HMOX2,HNRNPC,POTEE,HSP90AA1,HSP90AB1,HSPE1,TUBB8,TUBB2B,ITGB1,JUP,KIF2A,KIF5A,KIF5B,KLC1,MPP7,LBR,LCK,LMNB1,MAD2L1,EPSTI1,MCAM,MCF2,MEN1,ARL13B,GIT1,MTR,MYH9,MYO6,PPP1R12A,NDUFA5,NDUFS3,NUP98,NUP43,OCRL,OPHN1,PAFAH1B1,PAK1,PAK2,PAK3,CPNE8,PFN1,PFN2,SENP1,GFOD1,PIK3CA,NUP37,PIK3R1,PIK3R2,PLK1,RHOF,IQGAP3,PLXNA1,DDX4,PLXNB1,RHOD,EFHD2,PPP1CB,PPP1CC,PRKCA,PRKCB,PRKCZ,MAPK1,MAPK3,MYL12B,NDE1,FNBP1L,LAMTOR1,CEP97,PHIP,RAC1,RAC2,RANBP2,RANGAP1,UACA,ARHGAP17,STEAP3,ROCK1,TUBAL3,CPSF7,NUP85,TUBA3E,BAIAP2L2,SEC13,CENPT,TRA2B,ITSN1,ANKRD26,SHMT2,SLC1A5,TRAK1,MAPRE1,ARHGEF40,WDR11,ELMO2,NUP133,DEPDC1B,SOS1,SOS2,FNBP1,SPTAN1,SRC,NSFL1C,BAIAP2L1,SCFD1,NUP160,ESYT1,TUBA3D,ARHGEF18,SRGAP2,ARHGAP39,TFRC,B9D2,RHOQ,TMPO,TNFAIP1,SCRIB,TPM3,TUBA4A,TUBB2A,TUBB1,VCP,WAS,KLC2,XPO1,MUC13,YWHAB,YWHAE,YWHAG,YWHAH,YWHAZ,ZAP70,PAK6,SOWAHC,NDEL1,TUBA1A,RAB7A,DIAPH3,WIPF2,DDX39B,NUP107,PAK5,STAM,KLC4,VANGL2,AAAS,VANGL1",True,277
Pathway,MM15406,REACTOME_METABOLISM_OF_CARBOHYDRATES_AND_CARBOHYDRATE_DERIVATIVES,Reactome Pathways,1.5e-17,5.545e-14,5.963e-16,5.243e-15,131,272,"SEH1L,ACAN,AGL,ALDH1A1,ALDOA,ALDOB,ALDOC,AKR1B1,RAE1,ARSB,G6PC2,B4GALT3,B4GALT2,FBP2,PRPS1L1,CALM1,CALM2,CALM3,PAPSS1,GLYCTK,TKFC,NUP155,NUP93,ADPGK,NUP58,B3GAT3,POM121,GNPDA2,XYLB,GAPDHS,NUP153,GNPDA1,SLC26A2,DERA,ENO2,ENO3,EXT1,EXT2,FBP1,POM121C,G6PC3,B3GNT2,G6PD,GAA,NUP50,GALK1,GALNS,GAPDH,GBE1,GCK,GCKR,SLC26A1,B4GALT1,ENO4,LYVE1,GLB1,GNS,GPI,B4GAT1,NUP42,GUSB,GYS1,HAS1,HAS2,HAS3,HK1,HK2,HK3,HYAL1,IDS,IDUA,KHK,MAN2B1,NUP54,NAGLU,NUP88,NUP98,NUP43,PC,PCK2,PFKFB1,PFKFB2,PFKFB3,PFKFB4,PFKL,PFKM,PFKP,PGAM1,PGAM2,PGD,PGK1,PGK2,PGM1,NUP37,PKM,PRPS1,PRPS2,PYGL,PYGM,RANBP2,PGM2,NUP85,SDC1,SEC13,STAB2,SGSH,HKDC1,SLC2A1,NUP35,SLC9A1,RPIA,NDC1,NUP133,SORD,NUP205,NUP210,TALDO1,NUP160,HGSNAT,TKT,NUP188,AGRN,TPI1,TPR,NUP62,PGAM4,UGP2,GALM,NUP107,NUP214,AAAS",True,131
Pathway,M27215,REACTOME_NUCLEAR_ENVELOPE_NE_REASSEMBLY,Reactome Pathways,1.565e-17,5.786e-14,6.155e-16,5.412e-15,54,76,"SEH1L,BANF1,RCC1,CHMP2B,NUP155,NUP93,NUP58,CHMP7,POM121,TUBA1B,TUBB3,TUBB4A,TUBB4B,CHMP4C,CHMP3,TUBA8,CHMP2A,TUBB6,TUBA1C,TUBB8,TUBB2B,TNPO1,LBR,LMNA,LMNB1,NUP54,CHMP4A,NUP98,NUP43,NUP37,RAN,RANGAP1,CHMP6,CHMP4B,TUBAL3,NUP85,TUBA3E,SEC13,NUP35,NDC1,NUP133,NUP205,NUP160,TUBA3D,TMPO,NUP188,NUP62,TUBA4A,TUBB2A,TUBB1,UBE2I,SUMO1,TUBA1A,NUP107",True,54
Pathway,M27935,REACTOME_AUTOPHAGY,Reactome Pathways,1.771e-17,6.546e-14,6.891e-16,6.059e-15,89,159,"TOMM5,PLIN2,DYNLL1,CETN1,CFTR,CHMP2B,DYNLL2,ATG13,TOMM20,RB1CC1,CHMP7,TOMM70,DYNC1H1,DYNC1I1,DYNC1I2,DYNC1LI2,HDAC6,TOMM6,EEF1A1,OPTN,DYNC1LI1,VPS28,UBAP1,TUBA1B,TUBB3,TUBB4A,TUBB4B,TOMM40,CHMP4C,ATG7,CHMP3,MAP1LC3A,TUBA8,CHMP2A,GFAP,TUBB6,TUBA1C,PARK7,GABARAP,GABARAPL2,MVB12A,HSPA8,HSP90AA1,HSP90AB1,TUBB8,TUBB2B,ARL13B,CHMP4A,TBK1,PRKN,PCNT,TOMM7,SLC38A9,LAMTOR1,VPS37C,CHMP6,CHMP4B,VPS37B,RHEB,TUBAL3,TUBA3E,RPS27A,VPS37A,AMBRA1,SRC,ATG4B,TUBA3D,ATG3,TSC1,TSG101,TUBA4A,TUBB2A,TUBB1,UBA52,UBB,UBC,UBE2D2,UBE2D3,GABARAPL1,VCP,VDAC1,VDAC2,VDAC3,TOMM22,TUBA1A,MAP1LC3B,VPS37D,MVB12B,IFT88",True,89
Pathway,MM15603,REACTOME_RHOH_GTPASE_CYCLE,Reactome Pathways,2.121e-17,7.843e-14,8.085e-16,7.109e-15,33,36,"RALGAPA1,OSBPL11,ARHGDIA,RHOH,CAV1,VAMP3,ROCK2,SLC4A7,TMEM59,CSK,DBT,STOM,PAK4,FAM91A1,TUBA1B,NIPSNAP2,JUP,LCK,MTR,PAK1,PAK2,LAMTOR1,ROCK1,SLC1A5,WDR11,NSFL1C,TFRC,VCP,ZAP70,PAK6,RAB7A,PAK5,VANGL1",True,33
Pathway,M26974,REACTOME_TRANSPORT_OF_THE_SLBP_DEPENDANT_MATURE_MRNA,Reactome Pathways,2.121e-17,7.843e-14,8.085e-16,7.109e-15,33,36,"SEH1L,RAE1,NUP155,NUP93,NUP58,POM121,NUP153,ALYREF,POM121C,NUP50,NUP42,NUP54,NCBP1,NUP88,NUP98,NUP43,NUP37,RANBP2,NUP85,SEC13,NUP35,NCBP2,NDC1,NUP133,NUP205,NUP210,NUP160,NUP188,TPR,NUP62,NUP107,NUP214,AAAS",True,33
Pathway,M11521,KEGG_GLYCOLYSIS_GLUCONEOGENESIS,KEGG Legacy Pathways,2.714e-17,1.003e-13,1.024e-15,9.001e-15,47,62,"ADH1A,ADH1B,ADH1C,ADH4,ADH5,ADH6,ADH7,ALDH1A3,ALDOA,ALDOB,ALDOC,G6PC2,ALDH7A1,FBP2,DLAT,DLD,ENO1,ENO2,ENO3,FBP1,GAPDH,ACSS1,GCK,GPI,HK1,HK2,HK3,LDHA,PCK2,PDHA1,PDHA2,PDHB,PFKL,PFKM,PFKP,PGAM1,PGAM2,PGK1,PGK2,PGM1,PKLR,PKM,PGM2,ACSS2,TPI1,PGAM4,GALM",True,47
Pathway,M47901,KEGG_MEDICUS_REFERENCE_BRANCHING_MICROTUBULE_NUCLEATION,KEGG Medicus Pathways,3.458e-17,1.278e-13,1.291e-15,1.135e-14,31,33,"TUBGCP5,TUBA1B,TUBB3,TUBB4A,TUBB4B,TUBGCP3,TUBGCP2,TUBGCP4,TUBA8,TUBB6,TUBA1C,HAUS8,TUBGCP6,TUBB8,TUBB2B,HAUS6,HAUS3,HAUS4,HAUS2,TUBA3E,MZT2B,HAUS7,TUBB,MZT2A,NEDD1,TUBA3D,HAUS5,TUBA4A,TUBB2A,TUBB1,TUBA1A",True,31
Pathway,M27656,REACTOME_COOPERATION_OF_PDCL_PHLP1_AND_TRIC_CCT_IN_G_PROTEIN_BETA_FOLDING,Reactome Pathways,4.079e-17,1.508e-13,1.508e-15,1.326e-14,34,38,"RGS11,RGS9,CCT6A,RGS6,GNA14,GNB4,CCT7,CCT4,CCT2,GNB5,CCT6B,CCT8,GNG13,GNA11,GNA15,GNAQ,GNB1,GNB2,GNB3,GNG3,GNG4,GNG5,GNG7,GNG10,GNG11,GNGT1,GNGT2,GNG8,GNG2,RGS7,CCT5,GNG12,TCP1,CCT3",True,34
Pathway,MM14919,REACTOME_SUMOYLATION,Reactome Pathways,5.849e-17,2.162e-13,2.128e-15,1.871e-14,92,169,"SEH1L,SMC1A,RAE1,CBX4,PIAS1,AR,BMI1,BRCA1,PIAS2,SMC3,CETN2,SIN3A,NUP155,IKBKE,CTBP1,NUP93,HDAC4,DAXX,NUP58,DDX5,POM121,NUP153,L3MBTL2,UBA2,SAE1,PHC1,PHC2,TOPORS,EP300,SUMO4,PIAS3,DDX17,POM121C,PIAS4,NOP58,STAG2,NUP50,CBX2,NUP42,HDAC1,PARK7,HNRNPC,HNRNPK,MDM2,NUP54,MITF,HIPK2,NFKBIA,NPM1,NUP88,NUP98,NUP43,PGR,SENP1,NUP37,PML,RANBP2,RANGAP1,RARA,RELA,TRIM27,RING1,RNF2,RORA,NUP85,PHC3,SATB1,SEC13,NUP35,NDC1,SCMH1,NUP133,SUMO2,SP100,NUP205,NUP210,NUP160,TDG,THRB,NUP188,TOP1,TP53BP1,TPR,HNRNPCL1,NUP62,UBE2I,SUMO1,PCGF2,NUP107,NUP214,AAAS,CBX8",True,92
Pathway,M550,REACTOME_ANTIVIRAL_MECHANISM_BY_IFN_STIMULATED_GENES,Reactome Pathways,5.872e-17,2.171e-13,2.128e-15,1.871e-14,85,151,"SEH1L,MAVS,RAE1,FANCM,KPNA7,ARIH1,NUP155,NUP93,EIF4A3,NUP58,DHX9,POM121,NUP153,EIF2S1,EIF2S3,EIF4A1,EIF4A2,TUBA1B,TUBB3,TUBB4A,TUBB4B,FLNA,FLNB,POM121C,NUP50,TUBA8,TUBB6,TUBA1C,NUP42,HSPA1A,HSPA1B,HSPA8,ILF2,ILF3,TUBB8,TUBB2B,KPNA1,KPNA2,KPNA3,KPNA4,KPNA5,NUP54,MX1,NEDD4,NPM1,NUP88,NUP98,NUP43,NUP37,PLCG1,PPM1B,MAPK3,RANBP2,TUBAL3,NUP85,TUBA3E,RPS27A,SEC13,NUP35,NDC1,NUP133,SNCA,STAT1,STAT3,NUP205,NUP210,NUP160,TUBA3D,NUP188,TP53,TPR,NUP62,TUBA4A,TUBB2A,TUBB1,UBA52,UBB,UBC,UBE2E1,UBE2I,SUMO1,TUBA1A,NUP107,NUP214,AAAS",True,85
Pathway,M41821,REACTOME_RHOF_GTPASE_CYCLE,Reactome Pathways,1.001e-16,3.701e-13,3.594e-15,3.16e-14,36,42,"ACTB,ACTN1,ADD3,ARHGAP1,SNAP23,MTMR1,CAPZB,CAV1,VAMP3,SLC4A7,AKAP12,FAM169A,TOR1AIP1,DIAPH1,DIAPH2,FARP1,BASP1,POTEE,LMNB1,MCAM,SENP1,PIK3R1,PIK3R2,RHOF,STEAP3,BAIAP2L2,DEPDC1B,BAIAP2L1,ESYT1,SRGAP2,ARHGAP39,TMPO,SOWAHC,RAB7A,DIAPH3,VANGL1",True,36
Pathway,M47553,KEGG_MEDICUS_PATHOGEN_HCMV_UL33_TO_GNAI_AC_PKA_SIGNALING_PATHWAY,KEGG Medicus Pathways,1.297e-16,4.794e-13,4.609e-15,4.053e-14,26,26,"ADCY1,ADCY2,ADCY3,ADCY5,ADCY6,ADCY7,ADCY8,ADCY9,ADCY4,ATF4,CREB3L4,CREB3L1,CREB1,ATF2,ATF6B,CREB5,CREB3,GNAI1,GNAI2,GNAI3,GNAO1,CREB3L3,PRKACA,PRKACB,PRKACG,CREB3L2",True,26
Pathway,M48006,REACTOME_ISG15_ANTIVIRAL_MECHANISM,Reactome Pathways,1.337e-16,4.942e-13,4.707e-15,4.138e-14,52,74,"SEH1L,RAE1,KPNA7,ARIH1,NUP155,NUP93,EIF4A3,NUP58,POM121,NUP153,EIF4A1,EIF4A2,FLNB,POM121C,NUP50,NUP42,KPNA1,KPNA2,KPNA3,KPNA4,KPNA5,NUP54,MX1,NEDD4,NUP88,NUP98,NUP43,NUP37,PLCG1,PPM1B,MAPK3,RANBP2,NUP85,RPS27A,SEC13,NUP35,NDC1,NUP133,STAT1,NUP205,NUP210,NUP160,NUP188,TPR,NUP62,UBA52,UBB,UBC,UBE2E1,NUP107,NUP214,AAAS",True,52
Pathway,M29830,REACTOME_AGGREPHAGY,Reactome Pathways,1.358e-16,5.022e-13,4.737e-15,4.165e-14,37,44,"DYNLL1,CETN1,CFTR,DYNLL2,DYNC1H1,DYNC1I1,DYNC1I2,DYNC1LI2,HDAC6,DYNC1LI1,TUBA1B,TUBB3,TUBB4A,TUBB4B,TUBA8,TUBB6,TUBA1C,PARK7,HSP90AA1,TUBB8,TUBB2B,ARL13B,PRKN,PCNT,TUBAL3,TUBA3E,RPS27A,TUBA3D,TUBA4A,TUBB2A,TUBB1,UBA52,UBB,UBC,VCP,TUBA1A,IFT88",True,37
Pathway,M27397,REACTOME_SUMOYLATION_OF_DNA_REPLICATION_PROTEINS,Reactome Pathways,1.717e-16,6.348e-13,5.932e-15,5.216e-14,38,46,"SEH1L,RAE1,NUP155,NUP93,NUP58,POM121,NUP153,PIAS3,POM121C,PIAS4,NUP50,NUP42,NUP54,NUP88,NUP98,NUP43,NUP37,RANBP2,RANGAP1,NUP85,SEC13,NUP35,NDC1,NUP133,SUMO2,NUP205,AURKA,NUP210,NUP160,NUP188,TOP1,TPR,NUP62,UBE2I,SUMO1,NUP107,NUP214,AAAS",True,38
Pathway,MM14921,REACTOME_NUCLEAR_ENVELOPE_NE_REASSEMBLY,Reactome Pathways,1.944e-16,7.185e-13,6.653e-15,5.85e-14,49,68,"SEH1L,BANF1,RCC1,RBM39,CHMP2B,NUP155,NUP93,CHMP7,POM121,TUBA1B,TUBB3,TUBB4A,TUBB4B,CHMP4C,POM121C,CHMP3,TUBA8,CHMP2A,TUBB6,TUBA1C,TUBB2B,RNF103-CHMP3,LBR,LMNA,LMNB1,NUP98,NUP43,NUP37,RAN,RANGAP1,CHMP6,CHMP4B,TUBAL3,NUP85,SEC13,NUP35,NDC1,NUP133,NUP205,NUP160,TUBA3D,NUP188,TUBA4A,TUBB2A,TUBB1,UBE2I,SUMO1,TUBA1A,NUP107",True,49
Pathway,MM15003,REACTOME_CHAPERONIN_MEDIATED_PROTEIN_FOLDING,Reactome Pathways,2.429e-16,8.979e-13,8.211e-15,7.22e-14,34,39,"RGS11,RGS9,CCT6A,RGS6,GNA14,GNB4,CCT7,CCT4,CCT2,GNB5,CCT6B,CCT8,GNG13,GNA11,GNA15,GNAQ,GNB1,GNB2,GNB3,GNG3,GNG4,GNG5,GNG7,GNG10,GNG11,GNGT1,GNGT2,GNG8,GNG2,RGS7,CCT5,GNG12,TCP1,CCT3",True,34
Pathway,M27932,REACTOME_PROTEIN_LOCALIZATION,Reactome Pathways,2.443e-16,9.032e-13,8.211e-15,7.22e-14,89,164,"ACAA1,DNAJC19,USP9X,ACO2,TIMM23,TOMM5,ACOX3,AGXT,SLC25A4,SLC25A6,AGPS,SLC25A12,ATP5F1A,ATP5F1B,ATP5MC1,COX19,BCS1L,LDHD,OTOF,SAMM50,PMPCB,CS,HACL1,CYB5A,CYC1,TOMM20,TOMM70,TIMM8A,TOMM6,LONP2,COX17,PAM16,TIMM13,TIMM10,TIMM9,TIMM8B,SLC25A13,CHCHD2,HAO2,EPHX2,TIMM17B,COA4,TIMM17A,TOMM40,ECI2,TIMM44,PITRM1,CHCHD5,FXN,GET4,TIMM50,COQ2,DHRS4,SEC61B,SLC27A2,HSCB,HMGCL,HMOX1,GRPEL2,HSPA9,HSPD1,IDH1,IDH3G,CMC4,COA6,TIMM21,NDUFB8,OTC,HAO1,TIMM22,TOMM7,CHCHD7,CHCHD3,PEX19,RPS27A,SCP2,GRPEL1,STX1A,PMPCA,UBA52,UBB,UBC,UBE2D1,UBE2D2,UBE2D3,VDAC1,CHCHD10,CMC2,TOMM22",True,89
Pathway,MM15211,REACTOME_INTRAFLAGELLAR_TRANSPORT,Reactome Pathways,2.537e-16,9.378e-13,8.448e-15,7.428e-14,41,52,"WDR35,IFT80,KIF17,IFT20,WDR19,DYNLL1,KIF3B,DYNLL2,IFT140,TRAF3IP1,IFT172,DYNLRB2,DYNLRB1,IFT52,TUBA1B,TUBB3,TUBB4A,TUBB4B,DYNC2LI1,TUBB6,IFT27,TUBA1C,KIF3A,TUBB2B,TNPO1,IFT81,IFT57,DYNC2H1,TTC21B,IFT43,IFT74,KIFAP3,IFT122,CLUAP1,TUBA3D,TUBA4A,TUBB2A,TUBB1,IFT22,IFT46,TUBA1A",True,41
Pathway,M29594,REACTOME_SNRNP_ASSEMBLY,Reactome Pathways,2.67e-16,9.87e-13,8.735e-15,7.68e-14,42,54,"SEH1L,RAE1,NUP155,GEMIN4,NUP93,NUP58,POM121,NUP153,POM121C,NUP50,NUP42,DDX20,NUP54,NCBP1,NUP88,NUP98,NUP43,NUP37,RANBP2,NUP85,SEC13,NUP35,NCBP2,NDC1,NUP133,SMN1,SNRPB,SNRPD1,SNRPD2,SNRPD3,SNRPE,SNRPF,SNRPG,NUP205,NUP210,NUP160,NUP188,TPR,NUP62,NUP107,NUP214,AAAS",True,42
Pathway,M27482,REACTOME_INTRAFLAGELLAR_TRANSPORT,Reactome Pathways,2.67e-16,9.87e-13,8.735e-15,7.68e-14,42,54,"WDR35,IFT80,KIF17,IFT20,WDR19,DYNLL1,KIF3B,DYNLL2,IFT140,TRAF3IP1,IFT172,DYNLRB2,DYNLRB1,IFT52,TUBA1B,TUBB3,TUBB4A,TUBB4B,DYNC2LI1,TUBB6,IFT27,TUBA1C,KIF3A,TUBB2B,TNPO1,IFT81,IFT57,DYNC2H1,TTC21B,IFT43,IFT74,KIFAP3,IFT122,CLUAP1,TUBA3D,TUBA4A,TUBB2A,TUBB1,IFT22,IFT46,TUBA1A,IFT88",True,42
Pathway,MM14929,REACTOME_SUMOYLATION_OF_DNA_DAMAGE_RESPONSE_AND_REPAIR_PROTEINS,Reactome Pathways,3.785e-16,1.399e-12,1.228e-14,1.079e-13,56,84,"SEH1L,SMC1A,RAE1,CBX4,PIAS1,BMI1,BRCA1,PIAS2,SMC3,CETN2,NUP155,NUP93,NUP58,POM121,NUP153,PHC1,PHC2,SUMO4,POM121C,PIAS4,STAG2,NUP50,CBX2,NUP42,NUP54,NUP88,NUP98,NUP43,NUP37,PML,RANBP2,RING1,RNF2,NUP85,PHC3,SEC13,NUP35,NDC1,SCMH1,NUP133,SUMO2,SP100,NUP205,NUP210,NUP160,TDG,NUP188,TPR,NUP62,UBE2I,SUMO1,PCGF2,NUP107,NUP214,AAAS,CBX8",True,56
Pathway,M933,REACTOME_VASOPRESSIN_REGULATES_RENAL_WATER_HOMEOSTASIS_VIA_AQUAPORINS,Reactome Pathways,4.694e-16,1.735e-12,1.509e-14,1.327e-13,36,43,"ADCY1,ADCY2,ADCY3,ADCY5,ADCY6,ADCY7,ADCY8,ADCY9,ADCY4,AVPR2,RAB11A,GNB4,GNB5,GNG13,GNAS,GNB1,GNB2,GNB3,GNG3,GNG4,GNG5,GNG7,GNG10,GNG11,GNGT1,GNGT2,GNG8,GNG2,PRKACA,PRKACB,PRKACG,PRKAR1A,PRKAR1B,PRKAR2A,PRKAR2B,GNG12",True,36
Pathway,M47508,KEGG_MEDICUS_REFERENCE_ANGIOTENSIN_ALDOSTERONE_SIGNALING_PATHWAY,KEGG Medicus Pathways,6.778e-16,2.506e-12,2.143e-14,1.885e-13,27,28,"AGTR1,CAMK1,ATF4,CALM1,CALM2,CALM3,CAMK4,CAMK2A,CAMK2B,CAMK2D,CAMK2G,CREB3L4,CREB3L1,CREB1,ATF2,ATF6B,CREB5,CREB3,GNAQ,CREB3L3,PLCB2,PLCB3,PLCB4,PLCB1,CREB3L2,CAMK1D,CAMK1G",True,27
Pathway,MM14939,REACTOME_SUMOYLATION_OF_UBIQUITINYLATION_PROTEINS,Reactome Pathways,6.841e-16,2.529e-12,2.143e-14,1.885e-13,38,47,"SEH1L,RAE1,PIAS1,PIAS2,NUP155,NUP93,NUP58,POM121,NUP153,POM121C,PIAS4,NUP50,NUP42,MDM2,NUP54,NUP88,NUP98,NUP43,NUP37,PML,RANBP2,TRIM27,NUP85,SEC13,NUP35,NDC1,NUP133,NUP205,NUP210,NUP160,NUP188,TPR,NUP62,UBE2I,SUMO1,NUP107,NUP214,AAAS",True,38
Pathway,MM15040,REACTOME_CA2_PATHWAY,Reactome Pathways,6.841e-16,2.529e-12,2.143e-14,1.885e-13,38,47,"FZD4,FZD6,CALM1,CALM2,CALM3,CAMK2A,CTNNB1,GNB4,GNB5,FZD2,GNG13,GNAO1,GNAT2,GNB1,GNB2,GNB3,GNG3,GNG4,GNG5,GNG7,GNG10,GNG11,GNGT1,GNGT2,KRAS,GNG8,PDE6G,PDE6B,GNG2,PLCB2,PLCB3,PPP3CB,GNG12,PLCB1,WNT5A,WNT11,FZD5,FZD3",True,38
Pathway,M9052,KEGG_PHOSPHATIDYLINOSITOL_SIGNALING_SYSTEM,KEGG Legacy Pathways,8.017e-16,2.964e-12,2.491e-14,2.19e-13,52,76,"PIP5K1A,PIP5K1B,PIP4K2B,PIK3R3,CDS2,INPP4B,SYNJ1,SYNJ2,CALM1,CALM2,CALM3,CALML3,CDS1,PLCE1,CALML5,PLCD4,IMPA1,IMPA2,INPP4A,INPP5A,INPP5B,PIKFYVE,OCRL,PIK3C2A,PIK3C2B,PIK3C2G,PIK3CA,PIK3CB,PIK3CD,PIK3CG,PIK3R1,PIK3R2,PI4KA,PI4KB,PIP4K2A,PLCB2,PLCB3,PLCB4,PLCD1,PLCG1,PLCG2,PRKCA,PRKCB,PRKCG,PTEN,PIP4K2C,PLCD3,PLCB1,PIP5K1C,INPP5E,PLCZ1,CALML6",True,52
Pathway,M41812,REACTOME_RHOQ_GTPASE_CYCLE,Reactome Pathways,8.127e-16,3.005e-12,2.504e-14,2.201e-13,44,59,"CDC42BPA,ARHGAP1,SNAP23,IQGAP1,ARHGEF7,WASL,CAV1,CDC42,CFTR,TRIP10,VAMP3,SLC4A7,CDC42BPB,GIT2,STOM,PAK4,CDC42EP3,GJA1,WWP2,CDC42EP1,JUP,MPP7,ARL13B,GIT1,OPHN1,PAK1,PAK2,CPNE8,GFOD1,IQGAP3,LAMTOR1,ARHGAP17,STEAP3,ITSN1,SLC1A5,DEPDC1B,FNBP1,SRGAP2,TFRC,RHOQ,SCRIB,RAB7A,DIAPH3,VANGL1",True,44
Pathway,M3578,KEGG_PROGESTERONE_MEDIATED_OOCYTE_MATURATION,KEGG Legacy Pathways,8.454e-16,3.126e-12,2.583e-14,2.271e-13,56,85,"ADCY1,ADCY2,ADCY3,ADCY5,ADCY6,ADCY7,ADCY8,ADCY9,AKT1,AKT2,ADCY4,PIK3R3,ARAF,CDC26,CDC23,BRAF,CDC16,CDC27,ANAPC13,AKT3,FZR1,ANAPC10,ANAPC5,ANAPC7,ANAPC11,GNAI1,GNAI2,GNAI3,HSP90AA1,HSP90AB1,CCNB3,INS,KRAS,MAD2L1,PDE3A,PDE3B,PGR,PIK3CA,PIK3CB,PIK3CD,PIK3CG,PIK3R1,PIK3R2,ANAPC2,PLK1,ANAPC4,PRKACA,PRKACB,PRKACG,MAPK1,MAPK3,MAPK8,MAPK9,MAP2K1,RAF1,ANAPC1",True,56
Pathway,MM15020,REACTOME_SIGNAL_AMPLIFICATION,Reactome Pathways,1.12e-15,4.14e-12,3.366e-14,2.959e-13,30,33,"AAMP,GNA14,GNB4,GNA13,GNB5,GNAT3,GNG13,GNA11,GNA15,GNAI1,GNAI2,GNAI3,GNAQ,GNB1,GNB2,GNB3,GNG3,GNG4,GNG5,GNG7,GNG10,GNG11,GNGT1,GNGT2,GNG8,GNG2,SRC,GNG12,TBXA2R,P2RY12",True,30
Pathway,M9379,REACTOME_SIGNAL_AMPLIFICATION,Reactome Pathways,1.12e-15,4.14e-12,3.366e-14,2.959e-13,30,33,"AAMP,GNA14,GNB4,GNA13,GNB5,GNAT3,GNG13,GNA11,GNA15,GNAI1,GNAI2,GNAI3,GNAQ,GNB1,GNB2,GNB3,GNG3,GNG4,GNG5,GNG7,GNG10,GNG11,GNGT1,GNGT2,GNG8,GNG2,SRC,GNG12,TBXA2R,P2RY12",True,30
Pathway,M746,REACTOME_SIGNALING_BY_GPCR,Reactome Pathways,1.148e-15,4.243e-12,3.422e-14,3.008e-13,265,702,"ABR,ADCY1,ADCY2,ADCY3,ADCY5,ADCY6,ADCY7,ADCY8,ADCY9,FZD4,FZD6,CCR2,ADORA2A,ADRA1D,ADRA1B,ADRA1A,ADRA2A,ADRA2B,ADRB1,ADRB2,ADRB3,GRK2,GRK3,AGT,AGTR1,AGTR2,OPN5,AKT1,AKT2,ADCY4,RGS5,PIK3R3,RHOA,RHOB,RHOC,ARRB1,ARRB2,RGS20,AVPR1A,AVPR1B,AVPR2,RGS11,RGS9,OPN1SW,CXCR5,ARHGEF7,CALM1,CAMK4,CAMK2A,CAMK2B,CAMK2D,CAMK2G,CCRL2,CASR,TAAR5,ARHGEF25,CCK,ARHGEF33,ARHGEF1,CDC42,CDK5,GPR55,CHRM1,CCR1,CCR3,CCR5,CCR6,CNR1,ROCK2,CREB1,CRH,CRHR1,RGS6,GNA14,ABHD12,CX3CR1,TAS2R4,TAS2R16,TAS2R1,PLPPR4,PDE11A,AKT3,DRD2,DRD4,ECT2,EGFR,RGS17,GNB4,RGS19,NPSR1,FN1,FPR1,GNA13,GNB5,RRH,GNAT3,FZD2,PDE7B,GABBR1,AHCYL1,GHRL,GNG13,GCGR,OPN1MW,PDE10A,GHRH,GNA11,GNA12,GNA15,GNAI1,GNAI2,GNAI3,GNAL,GNAQ,GNAS,GNAT1,GNAT2,GNAZ,GNB1,GNB2,GNB3,GNG3,GNG4,GNG5,GNG7,GNG10,GNG11,GNGT1,GNGT2,GNRHR,MCHR1,MLNR,GRK5,GRK6,GRB2,GRM1,GRM5,GRM6,AKAP13,HCRT,HRAS,HRH1,HRH2,HTR2B,HTR2C,RGS8,RXFP4,ITGB1,TAAR1,KPNA2,KRAS,LHCGR,OPN4,GNG8,MC1R,MC2R,MC4R,MC5R,MCF2,GPR84,NPY,NPY1R,NPY2R,NRAS,NTS,NTSR1,OPRM1,OXT,OXTR,PAK1,PDE1A,PDE1C,PDE2A,PDE3A,PDE3B,PDE4A,PDE4B,PDE1B,PDYN,GNG2,PIK3CA,PIK3CG,PIK3R1,PIK3R2,GPSM2,PLCB2,PLCB3,PLCB4,PLXNB1,PNOC,POMC,PPP1CA,PPP3CB,PRKACA,PRKACB,PRKACG,PRKAR1A,PRKAR1B,PRKAR2A,PRKAR2B,PRKCA,PRKCB,PRKCG,MAPK1,MAPK3,PYY,PTAFR,RGS21,TAS2R38,PTCH1,PLPPR1,PTH,PTH1R,PTH2R,OPN1LW,RGR,RGS1,RGS2,RGS3,RGS4,RGS7,RGS10,RGS12,RGS13,RGS16,RHO,ROCK1,PLPPR3,SCT,SCTR,CCL2,CCL19,CCL21,CCL22,CXCL11,CX3CL1,ITSN1,SHH,ARHGEF40,SMO,SOS1,SOS2,SRC,SSTR2,SSTR3,SSTR5,GNG12,PLCB1,TAC1,TBXA2R,ARHGEF18,RGS18,TRHR,OPN3,TRPC6,NTSR2,PLPPR2,P2RY12,WNT5A,WNT11,PLPPR5,CXCR4,ACKR3,FZD5,FZD3",True,265
Pathway,MM14898,REACTOME_MITOTIC_METAPHASE_AND_ANAPHASE,Reactome Pathways,1.463e-15,5.409e-12,4.327e-14,3.804e-13,109,222,"SEH1L,KIF18A,SMC1A,CDC26,DYNLL1,CDC23,BANF1,CDC16,BUB1B,SMC3,CDC20,CDC27,CENPA,CENPE,CENPF,RCC1,ANAPC15,RBM39,CHMP2B,NUP155,DYNLL2,NUP93,CKAP5,CHMP7,POM121,DYNC1H1,DYNC1I1,DYNC1I2,DYNC1LI2,DYNC1LI1,PSMD14,TUBA1B,TUBB3,TUBB4A,TUBB4B,ANAPC10,ANAPC5,ANAPC7,CHMP4C,ANAPC11,POM121C,CHMP3,STAG2,TUBA8,CHMP2A,TUBB6,UBE2S,ADRM1,TUBA1C,UBE2C,TUBB2B,KIF2A,RNF103-CHMP3,LBR,LMNA,LMNB1,MAD2L1,ANAPC16,NUP98,NUP43,PAFAH1B1,NUP37,ANAPC2,PLK1,ANAPC4,PPP1CC,NDE1,PSMC1,PSMC5,PSMD2,PSMD3,PSMD13,RAN,RANBP2,RANGAP1,CHMP6,CHMP4B,TUBAL3,NUP85,RPS27A,SEC13,CENPT,NUP35,MAPRE1,NDC1,NUP133,PDS5B,HDAC8,NUP205,PDS5A,NUP160,TUBA3D,B9D2,NUP188,TUBA4A,TUBB2A,TUBB1,UBA52,UBB,UBC,UBE2D1,UBE2E1,UBE2I,ANAPC1,SUMO1,XPO1,NDEL1,TUBA1A,NUP107",True,109
Pathway,M600,REACTOME_G_ALPHA_I_SIGNALLING_EVENTS,Reactome Pathways,1.518e-15,5.611e-12,4.453e-14,3.916e-13,141,314,"ADCY1,ADCY2,ADCY3,ADCY5,ADCY6,ADCY7,ADCY8,ADCY9,CCR2,ADRA2A,ADRA2B,GRK2,AGT,AGTR2,OPN5,ADCY4,RGS5,RGS20,RGS11,RGS9,OPN1SW,CXCR5,CALM1,CAMK4,CAMK2A,CAMK2B,CAMK2D,CAMK2G,CASR,CDK5,GPR55,CCR1,CCR3,CCR5,CCR6,CNR1,CREB1,RGS6,GNA14,CX3CR1,TAS2R4,TAS2R16,TAS2R1,DRD4,RGS17,GNB4,RGS19,FPR1,GNB5,RRH,GNAT3,GABBR1,AHCYL1,GNG13,OPN1MW,GNA11,GNA15,GNAI1,GNAI2,GNAI3,GNAL,GNAQ,GNAS,GNAT1,GNAT2,GNAZ,GNB1,GNB2,GNB3,GNG3,GNG4,GNG5,GNG7,GNG10,GNG11,GNGT1,GNGT2,MCHR1,GRM6,RGS8,RXFP4,KPNA2,GNG8,NPY,NPY1R,NPY2R,OPRM1,PDE1A,PDE1C,PDE4A,PDE4B,PDE1B,PDYN,GNG2,GPSM2,PLCB2,PLCB3,PLCB4,PNOC,POMC,PPP1CA,PPP3CB,PRKACA,PRKACB,PRKACG,PRKAR1A,PRKAR1B,PRKAR2A,PRKAR2B,PRKCA,PRKCG,MAPK1,PYY,RGS21,TAS2R38,OPN1LW,RGR,RGS1,RGS3,RGS4,RGS7,RGS10,RGS12,RGS13,RGS16,RHO,CCL19,CCL21,CXCL11,CX3CL1,SRC,SSTR2,SSTR3,SSTR5,GNG12,PLCB1,RGS18,OPN3,P2RY12,CXCR4,ACKR3",True,141
Pathway,MM15039,REACTOME_SUMOYLATION_OF_SUMOYLATION_PROTEINS,Reactome Pathways,1.615e-15,5.97e-12,4.7e-14,4.133e-13,35,42,"SEH1L,RAE1,NUP155,NUP93,NUP58,POM121,NUP153,TOPORS,POM121C,PIAS4,NUP50,NUP42,NUP54,NUP88,NUP98,NUP43,NUP37,RANBP2,NUP85,SEC13,NUP35,NDC1,NUP133,SUMO2,NUP205,NUP210,NUP160,NUP188,TPR,NUP62,UBE2I,SUMO1,NUP107,NUP214,AAAS",True,35
Pathway,MM14794,REACTOME_G_PROTEIN_ACTIVATION,Reactome Pathways,2.174e-15,8.036e-12,6.088e-14,5.353e-13,24,24,"GNA14,GNB4,GNB5,GNG13,GNA11,GNA15,GNAQ,GNB1,GNB2,GNB3,GNG3,GNG4,GNG5,GNG7,GNG10,GNG11,GNGT1,GNGT2,GNG8,OPRM1,PDYN,GNG2,POMC,GNG12",True,24
Pathway,M13115,REACTOME_G_PROTEIN_ACTIVATION,Reactome Pathways,2.174e-15,8.036e-12,6.088e-14,5.353e-13,24,24,"GNA14,GNB4,GNB5,GNG13,GNA11,GNA15,GNAQ,GNB1,GNB2,GNB3,GNG3,GNG4,GNG5,GNG7,GNG10,GNG11,GNGT1,GNGT2,GNG8,OPRM1,PDYN,GNG2,POMC,GNG12",True,24
Pathway,MM15088,REACTOME_THROMBOXANE_SIGNALLING_THROUGH_TP_RECEPTOR,Reactome Pathways,2.174e-15,8.036e-12,6.088e-14,5.353e-13,24,24,"AAMP,GNA14,GNB4,GNA13,GNB5,GNG13,GNA11,GNA15,GNAQ,GNB1,GNB2,GNB3,GNG3,GNG4,GNG5,GNG7,GNG10,GNG11,GNGT1,GNGT2,GNG8,GNG2,GNG12,TBXA2R",True,24
Pathway,M18308,REACTOME_THROMBOXANE_SIGNALLING_THROUGH_TP_RECEPTOR,Reactome Pathways,2.174e-15,8.036e-12,6.088e-14,5.353e-13,24,24,"AAMP,GNA14,GNB4,GNA13,GNB5,GNG13,GNA11,GNA15,GNAQ,GNB1,GNB2,GNB3,GNG3,GNG4,GNG5,GNG7,GNG10,GNG11,GNGT1,GNGT2,GNG8,GNG2,GNG12,TBXA2R",True,24
Pathway,M47520,KEGG_MEDICUS_VARIANT_MUTATION_ACTIVATED_GNAS_TO_CRHR_PKA_ACTH_SIGNALING_PATHWAY,KEGG Medicus Pathways,2.174e-15,8.036e-12,6.088e-14,5.353e-13,24,24,"ADCY1,ADCY2,ADCY3,ADCY5,ADCY6,ADCY7,ADCY8,ADCY9,ADCY4,ATF4,CREB3L4,CREB3L1,CREB1,ATF2,ATF6B,CREB5,CREB3,CREB3L3,GNAS,POMC,PRKACA,PRKACB,PRKACG,CREB3L2",True,24
Pathway,MM15602,REACTOME_RHOQ_GTPASE_CYCLE,Reactome Pathways,2.496e-15,9.226e-12,6.937e-14,6.099e-13,43,58,"CDC42BPA,ARHGAP1,SNAP23,IQGAP1,ARHGEF7,CAV1,CDC42,CFTR,TRIP10,VAMP3,SLC4A7,CDC42BPB,GIT2,STOM,PAK4,CDC42EP3,GJA1,WWP2,CDC42EP1,JUP,MPP7,ARL13B,GIT1,OPHN1,PAK1,PAK2,CPNE8,GFOD1,IQGAP3,LAMTOR1,ARHGAP17,STEAP3,ITSN1,SLC1A5,DEPDC1B,FNBP1,SRGAP2,TFRC,RHOQ,SCRIB,RAB7A,DIAPH3,VANGL1",True,43
Pathway,M47518,KEGG_MEDICUS_REFERENCE_CRHR_PKA_ACTH_SIGNALING_PATHWAY,KEGG Medicus Pathways,2.678e-15,9.9e-12,7.333e-14,6.448e-13,26,27,"ADCY1,ADCY2,ADCY3,ADCY5,ADCY6,ADCY7,ADCY8,ADCY9,ADCY4,ATF4,CREB3L4,CREB3L1,CREB1,ATF2,ATF6B,CRH,CREB5,CRHR1,CREB3,CREB3L3,GNAS,POMC,PRKACA,PRKACB,PRKACG,CREB3L2",True,26
Pathway,M47519,KEGG_MEDICUS_VARIANT_MUTATION_INACTIVATED_RASD1_TO_CRHR_PKA_ACTH_SIGNALING_PATHWAY,KEGG Medicus Pathways,2.678e-15,9.9e-12,7.333e-14,6.448e-13,26,27,"ADCY1,ADCY2,ADCY3,ADCY5,ADCY6,ADCY7,ADCY8,ADCY9,ADCY4,ATF4,CREB3L4,CREB3L1,CREB1,ATF2,ATF6B,CREB5,CREB3,GNAI1,GNAI2,GNAI3,CREB3L3,POMC,PRKACA,PRKACB,PRKACG,CREB3L2",True,26
Pathway,M3896,KEGG_INOSITOL_PHOSPHATE_METABOLISM,KEGG Legacy Pathways,2.708e-15,1.001e-11,7.36e-14,6.471e-13,41,54,"PIP5K1A,PIP5K1B,PIP4K2B,INPP4B,SYNJ1,SYNJ2,MINPP1,PLCE1,ISYNA1,PLCD4,IMPA1,IMPA2,INPP4A,INPP5A,INPP5B,PIKFYVE,OCRL,PIK3C2A,PIK3C2B,PIK3C2G,PIK3CA,PIK3CB,PIK3CD,PIK3CG,PI4KA,PI4KB,PIP4K2A,PLCB2,PLCB3,PLCB4,PLCD1,PLCG1,PLCG2,PTEN,PIP4K2C,PLCD3,PLCB1,PIP5K1C,TPI1,INPP5E,PLCZ1",True,41
Pathway,MM17230,REACTOME_MITOCHONDRIAL_PROTEIN_DEGRADATION,Reactome Pathways,2.848e-15,1.053e-11,7.631e-14,6.709e-13,54,82,"CLPP,ACAT1,ACO2,ALAS1,SLC25A5,ATP5F1A,ATP5F1B,ATP5F1C,ATP5PF,ATP5PO,SUCLG2,LDHD,LONP1,COX5A,COX5B,CS,DBT,ECI1,DLD,NDUFA13,MRPS2,FECH,FH,ATP5PD,ATP5MG,UQCRQ,CLPX,GLUD1,GLUD2,HSD17B10,HMGCS2,HSPA9,HSPD1,IDH2,IDH3A,MDH2,ME2,MT-CO1,NDUFA2,NDUFS1,NDUFS3,NDUFV1,OGDH,PDHA1,PDHB,PDK1,PRKACA,ALDH18A1,OXSM,MRPS10,SHMT2,PMPCA,UQCRC2,MRPL32",True,54
Pathway,M27626,REACTOME_ONCOGENIC_MAPK_SIGNALING,Reactome Pathways,2.848e-15,1.053e-11,7.631e-14,6.709e-13,54,82,"ACTB,KIAA1549,AP3B1,ARAF,ARRB1,ARRB2,TRIM24,IQGAP1,KSR1,BRAF,CALM1,CAMK2A,CAMK2B,CAMK2D,CAMK2G,PAPSS1,CLCN6,QKI,CSK,FAM131B,BCL2L11,DUSP6,AKAP9,FN1,ATG7,SND1,FAM114A2,TENT4A,HRAS,JAK2,KRAS,LMNA,NF1,NRAS,PEBP1,PPP1CB,PPP1CC,MAPK1,MAPK3,MAP2K1,MAP2K2,ESRP1,RAF1,AGGF1,TRAK1,AGK,SRC,MPRIP,KDM7A,VWF,YWHAB,ZC3HAV1,AGTRAP,FXR1",True,54
Pathway,M752,REACTOME_NEUROTRANSMITTER_RECEPTORS_AND_POSTSYNAPTIC_SIGNAL_TRANSMISSION,Reactome Pathways,3.908e-15,1.445e-11,1.04e-13,9.14e-13,102,205,"ACTN2,ADCY1,ADCY2,ADCY3,ADCY5,ADCY6,ADCY7,ADCY8,ADCY9,AP2A1,AP2A2,AP2B1,KIF17,ADCY4,CAMK1,CASK,ARHGEF7,CALM1,CAMK4,CAMK2A,CAMK2B,CAMK2D,CAMK2G,CREB1,DLG4,GNB4,NCALD,CACNG2,TUBA1B,TUBB3,TUBB4A,TUBB4B,GNB5,GNAT3,GABBR1,GABRA1,GABRA5,GABRB1,GABRG2,GABRR1,GABRR2,GNG13,TUBA8,TUBB6,GNAI1,GNAI2,GNAI3,GNAL,GNB1,GNB2,GNB3,GNG3,GNG4,GNG5,GNG7,GNG10,GNG11,GNGT1,GNGT2,TUBA1C,GRIA1,HRAS,TUBB8,TUBB2B,KCNJ3,KCNJ5,KCNJ10,KPNA2,KRAS,GNG8,MDM2,GIT1,MYO6,NEFL,NRAS,GNG2,PLCB2,PLCB3,PRKACA,PRKACB,PRKACG,PRKAR1A,PRKAR1B,PRKAR2A,PRKAR2B,PRKCA,PRKCB,PRKCG,MAPK1,MAPK3,RAC1,TUBAL3,TUBA3E,SRC,GNG12,PLCB1,TUBA3D,GRIP1,TUBA4A,TUBB2A,TUBB1,TUBA1A",True,102
Pathway,M27694,REACTOME_RNA_POLYMERASE_II_TRANSCRIPTION_TERMINATION,Reactome Pathways,4.352e-15,1.609e-11,1.149e-13,1.011e-12,47,67,"SRSF9,SRSF11,CSTF2,EIF4A3,DHX38,RBM8A,THOC1,ALYREF,DDX39A,SRRM1,CDC40,POLDIP3,SLU7,PCF11,PAPOLA,RNPS1,CLP1,NUDT21,CPSF6,LSM10,U2AF1L4,U2AF2,MAGOH,NCBP1,CPSF1,MAGOHB,CPSF7,WDR33,CASC3,SRSF1,SRSF2,SRSF3,SRSF4,SRSF5,SRSF6,SRSF7,NCBP2,SNRPB,SNRPD3,SNRPE,SNRPF,SNRPG,U2AF1,UPF3B,DDX39B,THOC2,PABPN1",True,47
Pathway,M27443,REACTOME_SIGNALING_BY_RETINOIC_ACID,Reactome Pathways,5.528e-15,2.044e-11,1.439e-13,1.266e-12,34,41,"ADH1A,ADH1C,ADH4,ALDH1A1,ALDH1A3,RDH14,RDH16,ALDH1A2,DHRS3,CRABP1,CRABP2,CYP26A1,DLAT,DLD,RDH10,RDH11,DHRS9,DHRS4,CYP26C1,PDHA1,PDHA2,PDHB,PDK1,PDK4,RARA,RARB,RARG,RDH5,RDH13,RXRG,ALDH8A1,SDR16C5,CYP26B1,PDHX",True,34
Pathway,MM15630,REACTOME_RHOF_GTPASE_CYCLE,Reactome Pathways,5.528e-15,2.044e-11,1.439e-13,1.266e-12,34,41,"ACTB,ACTN1,ADD3,ARHGAP1,SNAP23,MTMR1,CAPZB,CAV1,VAMP3,SLC4A7,AKAP12,FAM169A,TOR1AIP1,DIAPH1,DIAPH2,FARP1,BASP1,LMNB1,MCAM,SENP1,PIK3R1,PIK3R2,RHOF,STEAP3,BAIAP2L2,DEPDC1B,BAIAP2L1,ESYT1,SRGAP2,ARHGAP39,SOWAHC,RAB7A,DIAPH3,VANGL1",True,34
Pathway,M47773,KEGG_MEDICUS_REFERENCE_RAB7_REGULATED_MICROTUBULE_MINUS_END_DIRECTED_TRANSPORT,KEGG Medicus Pathways,6.625e-15,2.449e-11,1.689e-13,1.485e-12,35,43,"DYNLL1,DYNLL2,RILP,DCTN1,DYNLRB2,DYNLRB1,DYNC1H1,DYNC1I1,DYNC1I2,DYNC1LI2,DYNC1LI1,DCTN4,TUBA1B,TUBB3,TUBB4A,TUBB4B,DCTN2,DYNC2LI1,RAB7B,TUBA8,TUBB6,TUBA1C,TUBB8,TUBB2B,DYNC2H1,TUBA3E,TUBB,TUBA3D,DYNLT3,DYNLT1,TUBA4A,TUBB2A,TUBB1,TUBA1A,RAB7A",True,35
Pathway,M954,REACTOME_GABA_B_RECEPTOR_ACTIVATION,Reactome Pathways,6.625e-15,2.449e-11,1.689e-13,1.485e-12,35,43,"ADCY1,ADCY2,ADCY3,ADCY5,ADCY6,ADCY7,ADCY8,ADCY9,ADCY4,GNB4,GNB5,GNAT3,GABBR1,GNG13,GNAI1,GNAI2,GNAI3,GNAL,GNB1,GNB2,GNB3,GNG3,GNG4,GNG5,GNG7,GNG10,GNG11,GNGT1,GNGT2,KCNJ3,KCNJ5,KCNJ10,GNG8,GNG2,GNG12",True,35
Pathway,M26975,REACTOME_TRANSPORT_OF_MATURE_MRNAS_DERIVED_FROM_INTRONLESS_TRANSCRIPTS,Reactome Pathways,6.625e-15,2.449e-11,1.689e-13,1.485e-12,35,43,"SEH1L,RAE1,NUP155,NUP93,NUP58,POM121,NUP153,ALYREF,POM121C,NUP50,NUP42,NUP54,NCBP1,NUP88,NUP98,NUP43,NUP37,CPSF1,RANBP2,NUP85,WDR33,SEC13,NUP35,NCBP2,NDC1,NUP133,NUP205,NUP210,NUP160,NUP188,TPR,NUP62,NUP107,NUP214,AAAS",True,35
Pathway,M27942,REACTOME_LATE_ENDOSOMAL_MICROAUTOPHAGY,Reactome Pathways,7.272e-15,2.689e-11,1.842e-13,1.619e-12,30,34,"PLIN2,CETN1,CFTR,CHMP2B,CHMP7,HDAC6,VPS28,UBAP1,CHMP4C,CHMP3,CHMP2A,PARK7,MVB12A,HSPA8,ARL13B,CHMP4A,PCNT,VPS37C,CHMP6,CHMP4B,VPS37B,RPS27A,VPS37A,TSG101,UBA52,UBB,UBC,VPS37D,MVB12B,IFT88",True,30
Pathway,M27481,REACTOME_BBSOME_MEDIATED_CARGO_TARGETING_TO_CILIUM,Reactome Pathways,8.896e-15,3.289e-11,2.237e-13,1.967e-12,23,23,"MKKS,TTC8,BBS1,BBS2,BBS4,ARL6,BBIP1,CCT4,CCT2,RAB3IP,CCT8,BBS12,BBS9,MCHR1,LZTFL1,BBS10,BBS7,CCT5,SMO,SSTR3,TCP1,BBS5,CCT3",True,23
Pathway,M1079,REACTOME_APC_CDC20_MEDIATED_DEGRADATION_OF_NEK2A,Reactome Pathways,1.056e-14,3.905e-11,2.603e-13,2.289e-12,25,26,"CDC26,CDC23,CDC16,BUB1B,CDC20,CDC27,ANAPC15,ANAPC10,ANAPC5,ANAPC7,ANAPC11,UBE2S,UBE2C,MAD2L1,NEK2,ANAPC16,ANAPC2,ANAPC4,RPS27A,UBA52,UBB,UBC,UBE2D1,UBE2E1,ANAPC1",True,25
Pathway,M47557,KEGG_MEDICUS_REFERENCE_CCR5_GNB_G_PLCB_G_PKC_SIGNALING_PATHWAY,KEGG Medicus Pathways,1.056e-14,3.905e-11,2.603e-13,2.289e-12,25,26,"CCR5,GNB4,GNB5,GNG13,GNB1,GNB2,GNB3,GNG3,GNG4,GNG5,GNG7,GNG10,GNG11,GNGT1,GNGT2,GNG8,GNG2,PLCB2,PLCB3,PLCB4,PRKCA,PRKCB,PRKCG,GNG12,PLCB1",True,25
Pathway,MM14697,REACTOME_APC_CDC20_MEDIATED_DEGRADATION_OF_NEK2A,Reactome Pathways,1.056e-14,3.905e-11,2.603e-13,2.289e-12,25,26,"CDC26,CDC23,CDC16,BUB1B,CDC20,CDC27,ANAPC15,ANAPC10,ANAPC5,ANAPC7,ANAPC11,UBE2S,UBE2C,MAD2L1,NEK2,ANAPC16,ANAPC2,ANAPC4,RPS27A,UBA52,UBB,UBC,UBE2D1,UBE2E1,ANAPC1",True,25
Pathway,MM15669,REACTOME_AGGREPHAGY,Reactome Pathways,1.101e-14,4.069e-11,2.677e-13,2.354e-12,31,36,"DYNLL1,CETN1,CFTR,DYNLL2,DYNC1H1,DYNC1I1,DYNC1I2,DYNC1LI2,HDAC6,DYNC1LI1,TUBA1B,TUBB3,TUBB4A,TUBB4B,TUBA8,TUBB6,TUBA1C,PARK7,TUBB2B,ARL13B,PRKN,TUBAL3,RPS27A,TUBA3D,TUBA4A,TUBB2A,TUBB1,UBA52,UBB,UBC,TUBA1A",True,31
Pathway,M27245,REACTOME_NUCLEAR_PORE_COMPLEX_NPC_DISASSEMBLY,Reactome Pathways,1.101e-14,4.069e-11,2.677e-13,2.354e-12,31,36,"SEH1L,RAE1,NUP155,NUP93,NUP58,NEK9,POM121,NUP153,POM121C,NUP50,NUP42,NUP54,NUP88,NUP98,NUP43,NUP37,RANBP2,NUP85,SEC13,NUP35,NDC1,NUP133,NUP205,NUP210,NUP160,NUP188,TPR,NUP62,NUP107,NUP214,AAAS",True,31
Pathway,M17034,REACTOME_INTEGRATION_OF_ENERGY_METABOLISM,Reactome Pathways,1.479e-14,5.466e-11,3.573e-13,3.141e-12,64,108,"ACLY,ADCY1,ADCY2,ADCY3,ADCY5,ADCY6,ADCY7,ADCY8,ADCY9,ADRA2A,ADCY4,IQGAP1,CD36,GNA14,GNB4,ACSL3,FASN,AGPAT1,GNB5,AHCYL1,GNG13,GCGR,GNA11,GNA15,GNAI1,GNAI2,GNAQ,GNAS,GNB1,GNB2,GNB3,GNG3,GNG4,GNG5,GNG7,GNG10,GNG11,GNGT1,GNGT2,RAPGEF4,INS,GNG8,GNG2,PFKFB1,PKLR,PLCB2,PLCB3,PRKACA,PRKACB,PRKACG,PRKAR1A,PRKAR1B,PRKAR2A,PRKAR2B,PRKCA,SLC2A1,SLC2A2,SNAP25,STK11,STX1A,GNG12,PLCB1,TALDO1,TKT",True,64
Pathway,M47459,KEGG_MEDICUS_PATHOGEN_KSHV_VGPCR_TO_GNB_G_ERK_SIGNALING_PATHWAY,KEGG Medicus Pathways,1.552e-14,5.737e-11,3.725e-13,3.276e-12,28,31,"GNB4,FOS,GNB5,GNG13,GNB1,GNB2,GNB3,GNG3,GNG4,GNG5,GNG7,GNG10,GNG11,GNGT1,GNGT2,HIF1A,HRAS,JUN,KRAS,GNG8,NRAS,GNG2,MAPK1,MAPK3,MAP2K1,MAP2K2,RAF1,GNG12",True,28
Pathway,M5283,REACTOME_HOST_INTERACTIONS_OF_HIV_FACTORS,Reactome Pathways,1.563e-14,5.778e-11,3.728e-13,3.278e-12,68,118,"SEH1L,AP2A1,AP2A2,AP2B1,AP1G1,RAE1,SLC25A4,SLC25A5,SLC25A6,BANF1,CD4,RCC1,NUP155,NUP93,NUP58,ELMO1,POM121,NUP153,RBX1,PSMD14,POM121C,FYN,NUP50,ADRM1,NUP42,PSIP1,HLA-A,HMGA1,KPNA1,LCK,NUP54,NPM1,NUP88,NUP98,NUP43,PAK2,NUP37,PPIA,PSMC1,PSMC5,PSMD2,PSMD3,PSMD13,RAC1,RAN,RANBP1,RANBP2,RANGAP1,NUP85,RPS27A,SEC13,SKP1,NUP35,NDC1,NUP133,NUP205,NUP210,NUP160,NUP188,TPR,NUP62,UBA52,UBB,UBC,XPO1,NUP107,NUP214,AAAS",True,68
Pathway,MM15426,REACTOME_RNA_POLYMERASE_II_TRANSCRIPTION_TERMINATION,Reactome Pathways,1.67e-14,6.176e-11,3.959e-13,3.481e-12,44,62,"SRSF9,SRSF11,CSTF2,EIF4A3,DHX38,RBM8A,THOC1,ALYREF,DDX39A,SRRM1,CDC40,POLDIP3,SLU7,PCF11,PAPOLA,RNPS1,CLP1,NUDT21,CPSF6,LSM10,U2AF1L4,U2AF2,MAGOH,NCBP1,CPSF1,CPSF7,WDR33,CASC3,SRSF1,SRSF2,SRSF3,SRSF5,SRSF7,NCBP2,SNRPB,SNRPD3,SNRPE,SNRPF,SNRPG,U2AF1,UPF3B,DDX39B,THOC2,PABPN1",True,44
Pathway,M27474,REACTOME_SLC_TRANSPORTER_DISORDERS,Reactome Pathways,2.353e-14,8.698e-11,5.54e-13,4.871e-12,60,99,"SEH1L,RAE1,SLC17A8,SLC4A4,AVPR1A,AVPR1B,AVPR2,BSG,SLC7A7,SLC24A1,NUP155,NUP93,NUP58,POM121,NUP153,SLC26A3,SLC26A2,SLC9A6,POM121C,NUP50,GCK,GCKR,SLC27A4,NUP42,SLC7A9,HK1,SLC5A7,NUP54,SLC11A2,NUP88,NUP98,NUP43,SLC26A4,NUP37,SLC40A1,RANBP2,NUP85,SLC35C1,SEC13,SLC1A1,SLC1A3,SLC2A1,SLC2A2,SLC3A1,NUP35,SLC3A2,NDC1,SLC12A1,SLC12A3,SLC20A2,NUP133,NUP205,NUP210,NUP160,NUP188,TPR,NUP62,NUP107,NUP214,AAAS",True,60
Pathway,MM15709,REACTOME_GABA_B_RECEPTOR_ACTIVATION,Reactome Pathways,2.473e-14,9.142e-11,5.766e-13,5.07e-12,35,44,"ADCY1,ADCY2,ADCY3,ADCY5,ADCY6,ADCY7,ADCY8,ADCY9,ADCY4,GNB4,GNB5,GNAT3,GABBR1,GNG13,GNAI1,GNAI2,GNAI3,GNAL,GNB1,GNB2,GNB3,GNG3,GNG4,GNG5,GNG7,GNG10,GNG11,GNGT1,GNGT2,KCNJ3,KCNJ5,KCNJ10,GNG8,GNG2,GNG12",True,35
Pathway,M45011,REACTOME_SARS_COV_2_HOST_INTERACTIONS,Reactome Pathways,2.48e-14,9.168e-11,5.766e-13,5.07e-12,100,204,"SEH1L,MAVS,AKT1,AKT2,RAE1,CAV1,CREBBP,TKFC,NUP155,SEC24C,IKBKE,GEMIN4,NUP93,NLRP12,NUP58,TOMM70,POM121,G3BP2,NUP153,AKT3,RPS27L,G3BP1,PATJ,CRB3,POM121C,NUP50,GJA1,YWHAQ,NUP42,DDX20,HLA-A,HLA-B,HSP90AA1,HSP90AB1,IFNAR1,IL17A,IRAK1,KPNA2,NUP54,TBK1,NUP88,NUP98,NUP43,NUP37,RANBP2,NUP85,RPS2,RPS3,RPS9,RPS10,RPS11,RPS12,RPS13,RPS14,RPS18,RPS20,RPS21,RPS23,RPS25,RPS27A,SEC13,NUP35,NDC1,NUP133,SMN1,SNRPB,SNRPD1,SNRPD2,SNRPD3,SNRPE,SNRPF,SNRPG,STAT1,STAT2,NUP205,NOD2,NUP210,NUP160,VPS39,TJP1,TLR2,NUP188,TPR,TRAF3,NUP62,VPS16,TUFM,UBA52,UBB,UBC,YWHAB,YWHAE,YWHAG,YWHAH,YWHAZ,MAP1LC3B,NUP107,NUP214,NLRP3,AAAS",True,100
Pathway,M47898,KEGG_MEDICUS_REFERENCE_MICROTUBULE_NUCLEATION,KEGG Medicus Pathways,2.868e-14,1.06e-10,6.585e-13,5.79e-12,26,28,"TUBGCP5,CKAP5,TUBA1B,TUBB3,TUBB4A,TUBB4B,TUBGCP3,TUBGCP2,TUBGCP4,TUBA8,TUBB6,TUBA1C,TUBGCP6,TUBB8,TUBB2B,TUBA3E,MZT2B,TUBB,CDK5RAP2,MZT2A,NEDD1,TUBA3D,TUBA4A,TUBB2A,TUBB1,TUBA1A",True,26
Pathway,M47647,KEGG_MEDICUS_REFERENCE_GHRHR_PKA_GH_SIGNALING_PATHWAY,KEGG Medicus Pathways,2.868e-14,1.06e-10,6.585e-13,5.79e-12,26,28,"ADCY1,ADCY2,ADCY3,ADCY5,ADCY6,ADCY7,ADCY8,ADCY9,ADCY4,ATF4,CREB3L4,CREB3L1,CREB1,ATF2,ATF6B,CREB5,CREB3,GH1,GH2,GHRH,CREB3L3,GNAS,PRKACA,PRKACB,PRKACG,CREB3L2",True,26
Pathway,M27078,REACTOME_RHO_GTPASE_CYCLE,Reactome Pathways,3.207e-14,1.186e-10,7.319e-13,6.436e-12,182,450,"RALGAPA1,ABL2,ABR,KCTD13,RHOJ,USP9X,ACTB,ACTN1,ADD3,OSBPL11,CUL3,CDC42BPA,PIK3R3,ALS2,RHOA,RHOB,RHOC,ARHGAP1,ARHGDIA,RHOH,PDE5A,SNAP23,MTMR1,IQGAP1,ARHGEF7,WASL,STBD1,CAPZB,CAV1,ARHGEF25,FMNL3,CCT6A,ARHGEF1,HGS,CDC42,VAPB,CFTR,TRIP10,VAMP3,CLTC,SAMM50,ROCK2,SLC4A7,TMEM59,CDC42BPB,AKAP12,CSK,ITSN2,FAM169A,TOR1AIP1,DOCK4,CCP110,ARHGAP24,GIT2,DBN1,DBT,PARD6A,SRGAP3,DIAPH1,DIAPH2,KIF14,DOCK1,ECT2,BCAP31,ABI2,FARP1,KCTD3,FLOT1,STOM,SRRM1,STAM2,PAK4,FAM91A1,TUBA1B,BASP1,CCT7,CCT2,VMA22,CDC42EP3,GNA13,NCKAP1,NIPSNAP2,GJA1,RND1,RBMX,WWP2,GRB2,CDC42EP1,AKAP13,HMOX2,HNRNPC,POTEE,HSP90AA1,HSP90AB1,HSPE1,ITGB1,JUP,MPP7,LBR,LCK,LMNB1,EPSTI1,MCAM,MCF2,ARL13B,GIT1,MTR,MYO6,NDUFA5,NDUFS3,OCRL,OPHN1,PAK1,PAK2,PAK3,CPNE8,SENP1,GFOD1,PIK3CA,PIK3R1,PIK3R2,RHOF,IQGAP3,PLXNA1,DDX4,PLXNB1,RHOD,EFHD2,FNBP1L,LAMTOR1,CEP97,PHIP,RAC1,RAC2,UACA,ARHGAP17,STEAP3,ROCK1,CPSF7,BAIAP2L2,TRA2B,ITSN1,ANKRD26,SHMT2,SLC1A5,ARHGEF40,WDR11,ELMO2,DEPDC1B,SOS1,SOS2,FNBP1,SPTAN1,SRC,NSFL1C,BAIAP2L1,SCFD1,ESYT1,ARHGEF18,SRGAP2,ARHGAP39,TFRC,RHOQ,TMPO,TNFAIP1,SCRIB,TPM3,VCP,WAS,MUC13,ZAP70,PAK6,SOWAHC,RAB7A,DIAPH3,WIPF2,DDX39B,PAK5,STAM,VANGL2,AAAS,VANGL1",True,182
Pathway,M41727,REACTOME_SARS_COV_2_INFECTION,Reactome Pathways,3.303e-14,1.221e-10,7.492e-13,6.587e-12,134,303,"SEH1L,MAVS,AKT1,AKT2,RAE1,CANX,CAV1,CREBBP,CHMP2B,TKFC,NUP155,SEC24C,IKBKE,GEMIN4,NUP93,NLRP12,NUP58,DDOST,DDX5,CHMP7,TOMM70,POM121,G3BP2,NUP153,AKT3,RPS27L,G3BP1,PATJ,ZDHHC2,CRB3,CHMP4C,POM121C,CHMP3,NUP50,CHMP2A,GJA1,YWHAQ,NUP42,GSK3B,DDX20,MAN1B1,MGAT4B,HLA-A,HLA-B,MGAT4A,HSP90AA1,HSP90AB1,HSPG2,IFNAR1,IL17A,IRAK1,KPNA2,MAN2A1,NUP54,MGAT1,MGAT2,MGAT5,CHMP4A,TBK1,NUP88,NUP98,NUP43,NUP37,RANBP2,CHMP6,ANO1,CHMP4B,NUP85,RPN1,RPN2,RPS2,RPS3,RPS9,RPS10,RPS11,RPS12,RPS13,RPS14,RPS18,RPS20,RPS21,RPS23,RPS25,RPS27A,SDC1,SEC13,NUP35,NDC1,NUP133,SMN1,SNRPB,SNRPD1,SNRPD2,SNRPD3,SNRPE,SNRPF,SNRPG,SRPK1,SRPK2,STAT1,STAT2,NUP205,NOD2,GANAB,NUP210,NUP160,VPS39,TJP1,TLR2,NUP188,AGRN,TPR,TRAF3,ANO5,NUP62,VPS16,TUFM,UBA52,UBB,UBC,UBE2I,SUMO1,VCP,YWHAB,YWHAE,YWHAG,YWHAH,YWHAZ,MAP1LC3B,ANO2,NUP107,NUP214,NLRP3,AAAS",True,134
Pathway,M29841,REACTOME_SELECTIVE_AUTOPHAGY,Reactome Pathways,3.431e-14,1.268e-10,7.735e-13,6.801e-12,56,90,"TOMM5,PLIN2,DYNLL1,CETN1,CFTR,DYNLL2,TOMM20,TOMM70,DYNC1H1,DYNC1I1,DYNC1I2,DYNC1LI2,HDAC6,TOMM6,OPTN,DYNC1LI1,TUBA1B,TUBB3,TUBB4A,TUBB4B,TOMM40,MAP1LC3A,TUBA8,TUBB6,TUBA1C,PARK7,HSPA8,HSP90AA1,TUBB8,TUBB2B,ARL13B,TBK1,PRKN,PCNT,TOMM7,TUBAL3,TUBA3E,RPS27A,SRC,TUBA3D,TUBA4A,TUBB2A,TUBB1,UBA52,UBB,UBC,UBE2D2,UBE2D3,VCP,VDAC1,VDAC2,VDAC3,TOMM22,TUBA1A,MAP1LC3B,IFT88",True,56
Pathway,M841,REACTOME_ADP_SIGNALLING_THROUGH_P2Y_PURINOCEPTOR_12,Reactome Pathways,3.64e-14,1.346e-10,8.108e-13,7.129e-12,22,22,"GNB4,GNB5,GNAT3,GNG13,GNAI1,GNAI2,GNAI3,GNB1,GNB2,GNB3,GNG3,GNG4,GNG5,GNG7,GNG10,GNG11,GNGT1,GNGT2,GNG8,GNG2,GNG12,P2RY12",True,22
Pathway,MM15016,REACTOME_ADP_SIGNALLING_THROUGH_P2Y_PURINOCEPTOR_12,Reactome Pathways,3.64e-14,1.346e-10,8.108e-13,7.129e-12,22,22,"GNB4,GNB5,GNAT3,GNG13,GNAI1,GNAI2,GNAI3,GNB1,GNB2,GNB3,GNG3,GNG4,GNG5,GNG7,GNG10,GNG11,GNGT1,GNGT2,GNG8,GNG2,GNG12,P2RY12",True,22
Pathway,M749,REACTOME_CA_DEPENDENT_EVENTS,Reactome Pathways,5.185e-14,1.917e-10,1.148e-12,1.009e-11,31,37,"ADCY1,ADCY2,ADCY3,ADCY5,ADCY6,ADCY7,ADCY8,ADCY9,GRK2,ADCY4,CALM1,CAMK4,CAMK2A,CAMK2B,CAMK2D,CAMK2G,CREB1,KPNA2,PDE1A,PDE1C,PDE1B,PRKACA,PRKACB,PRKACG,PRKAR1A,PRKAR1B,PRKAR2A,PRKAR2B,PRKCA,PRKCG,MAPK1",True,31
Pathway,M4904,REACTOME_G_ALPHA_S_SIGNALLING_EVENTS,Reactome Pathways,6.369e-14,2.355e-10,1.402e-12,1.232e-11,82,157,"ADCY1,ADCY2,ADCY3,ADCY5,ADCY6,ADCY7,ADCY8,ADCY9,ADORA2A,ADRB1,ADRB2,ADRB3,GRK2,GRK3,ADCY4,ARRB1,ARRB2,AVPR2,TAAR5,CRH,CRHR1,PDE11A,GNB4,NPSR1,FN1,GNB5,GNAT3,PDE7B,GNG13,GCGR,PDE10A,GHRH,GNAI1,GNAI2,GNAI3,GNAS,GNAZ,GNB1,GNB2,GNB3,GNG3,GNG4,GNG5,GNG7,GNG10,GNG11,GNGT1,GNGT2,GRK5,GRK6,HRH2,ITGB1,TAAR1,LHCGR,GNG8,MC1R,MC2R,MC4R,MC5R,GPR84,PDE1A,PDE2A,PDE3A,PDE3B,PDE4A,PDE1B,GNG2,POMC,PRKACA,PRKACB,PRKACG,PRKAR1A,PRKAR1B,PRKAR2A,PRKAR2B,PTH,PTH1R,PTH2R,SCT,SCTR,SRC,GNG12",True,82
Pathway,MM14988,REACTOME_BETA_CATENIN_INDEPENDENT_WNT_SIGNALING,Reactome Pathways,6.685e-14,2.471e-10,1.462e-12,1.286e-11,65,113,"FZD4,FZD6,AP2A1,AP2A2,AP2B1,RHOA,ARRB2,CALM1,CALM2,CALM3,CAMK2A,CLTC,CTNNB1,PARD6A,DVL1,DVL2,GNB4,PSMD14,GNB5,FZD2,GNG13,GNAO1,GNAT2,GNB1,GNB2,GNB3,GNG3,GNG4,GNG5,GNG7,GNG10,GNG11,GNGT1,GNGT2,ADRM1,KRAS,GNG8,PDE6G,PDE6B,GNG2,PFN1,PLCB2,PLCB3,PPP3CB,PRKCB,PRKCG,PSMC1,PSMC5,PSMD2,PSMD3,PSMD13,RAC1,RAC2,RPS27A,GNG12,PLCB1,WNT5B,UBA52,UBB,UBC,WNT5A,WNT11,FZD5,FZD3,SMURF1",True,65
Pathway,M27212,REACTOME_NUCLEAR_ENVELOPE_BREAKDOWN,Reactome Pathways,7.59e-14,2.806e-10,1.651e-12,1.451e-11,39,53,"SEH1L,RAE1,BANF1,NUP155,LPIN2,NUP93,NUP58,NEK9,POM121,NUP153,POM121C,NUP50,NUP42,LMNA,LMNB1,NUP54,NUP88,NUP98,NUP43,NUP37,PLK1,PRKCA,PRKCB,RANBP2,NUP85,SEC13,NUP35,NDC1,NUP133,NUP205,NUP210,NUP160,TMPO,NUP188,TPR,NUP62,NUP107,NUP214,AAAS",True,39
Pathway,M27253,REACTOME_CELLULAR_RESPONSE_TO_HEAT_STRESS,Reactome Pathways,8.412e-14,3.11e-10,1.819e-12,1.599e-11,60,101,"SEH1L,RAE1,CCAR2,CAMK2A,CAMK2B,CAMK2D,CAMK2G,BAG5,BAG3,BAG2,CREBBP,NUP155,NUP93,NUP58,POM121,NUP153,HDAC6,EEF1A1,EP300,POM121C,PTGES3,NUP50,NUP42,GSK3B,HSPA1A,HSPA1B,HSPA4,HSPA5,HSPA8,HSPA9,HSPB1,HSP90AA1,HSP90AB1,NUP54,NUP88,NUP98,NUP43,NUP37,MAPK1,MAPK3,RANBP2,NUP85,SEC13,HSPA4L,NUP35,NDC1,NUP133,NUP205,NUP210,NUP160,SIRT1,NUP188,TPR,NUP62,UBB,VCP,YWHAE,NUP107,NUP214,AAAS",True,60
Pathway,M861,REACTOME_THROMBIN_SIGNALLING_THROUGH_PROTEINASE_ACTIVATED_RECEPTORS_PARS,Reactome Pathways,9.492e-14,3.509e-10,2.017e-12,1.773e-11,28,32,"ARRB1,ARRB2,GNA14,GNB4,GNA13,GNB5,GNG13,GNA11,GNA12,GNA15,GNAQ,GNB1,GNB2,GNB3,GNG3,GNG4,GNG5,GNG7,GNG10,GNG11,GNGT1,GNGT2,GNG8,GNG2,MAPK1,MAPK3,SRC,GNG12",True,28
Pathway,MM15148,REACTOME_THROMBIN_SIGNALLING_THROUGH_PROTEINASE_ACTIVATED_RECEPTORS_PARS,Reactome Pathways,9.492e-14,3.509e-10,2.017e-12,1.773e-11,28,32,"ARRB1,ARRB2,GNA14,GNB4,GNA13,GNB5,GNG13,GNA11,GNA12,GNA15,GNAQ,GNB1,GNB2,GNB3,GNG3,GNG4,GNG5,GNG7,GNG10,GNG11,GNGT1,GNGT2,GNG8,GNG2,MAPK1,MAPK3,SRC,GNG12",True,28
Pathway,M3985,KEGG_CITRATE_CYCLE_TCA_CYCLE,KEGG Legacy Pathways,9.492e-14,3.509e-10,2.017e-12,1.773e-11,28,32,"ACLY,ACO1,ACO2,SUCLG2,SUCLG1,SUCLA2,CS,DLAT,DLD,DLST,FH,IDH1,IDH2,IDH3A,IDH3B,IDH3G,MDH2,OGDH,PC,PCK2,PDHA1,PDHA2,PDHB,SDHA,SDHB,SDHC,SDHD,OGDHL",True,28
Pathway,MM15672,REACTOME_SELECTIVE_AUTOPHAGY,Reactome Pathways,1.089e-13,4.027e-10,2.254e-12,1.982e-11,48,73,"TOMM5,DYNLL1,CETN1,CFTR,DYNLL2,TOMM20,TOMM70,DYNC1H1,DYNC1I1,DYNC1I2,DYNC1LI2,HDAC6,TOMM6,OPTN,DYNC1LI1,TUBA1B,TUBB3,TUBB4A,TUBB4B,TOMM40,MAP1LC3A,TUBA8,TUBB6,TUBA1C,PARK7,TUBB2B,ARL13B,TBK1,PRKN,TOMM7,TUBAL3,RPS27A,SRC,TUBA3D,TUBA4A,TUBB2A,TUBB1,UBA52,UBB,UBC,UBE2D2,UBE2D3,VDAC1,VDAC2,VDAC3,TOMM22,TUBA1A,MAP1LC3B",True,48
Pathway,MM14735,REACTOME_CHOLESTEROL_BIOSYNTHESIS,Reactome Pathways,1.091e-13,4.034e-10,2.254e-12,1.982e-11,25,27,"ACAT2,GGPS1,CYP51A1,IDI2,NSDHL,DHCR7,DHCR24,FDFT1,FDPS,HSD17B7,PMVK,EBP,HMGCR,HMGCS1,IDI1,LBR,LSS,MVD,MVK,MSMO1,SC5D,SQLE,SREBF1,SREBF2,TM7SF2",True,25
Pathway,M16227,REACTOME_CHOLESTEROL_BIOSYNTHESIS,Reactome Pathways,1.091e-13,4.034e-10,2.254e-12,1.982e-11,25,27,"ACAT2,GGPS1,CYP51A1,IDI2,NSDHL,DHCR7,DHCR24,FDFT1,FDPS,HSD17B7,PMVK,EBP,HMGCR,HMGCS1,IDI1,LBR,LSS,MVD,MVK,MSMO1,SC5D,SQLE,SREBF1,SREBF2,TM7SF2",True,25
Pathway,M29807,REACTOME_POSTMITOTIC_NUCLEAR_PORE_COMPLEX_NPC_REFORMATION,Reactome Pathways,1.091e-13,4.034e-10,2.254e-12,1.982e-11,25,27,"SEH1L,RCC1,NUP155,NUP93,NUP58,POM121,TNPO1,NUP54,NUP98,NUP43,NUP37,RAN,RANGAP1,NUP85,SEC13,NUP35,NDC1,NUP133,NUP205,NUP160,NUP188,NUP62,UBE2I,SUMO1,NUP107",True,25
Pathway,M47454,KEGG_MEDICUS_REFERENCE_CXCR_GNB_G_ERK_SIGNALING_PATHWAY,KEGG Medicus Pathways,1.091e-13,4.034e-10,2.254e-12,1.982e-11,25,27,"GNB4,GNB5,GNG13,GNB1,GNB2,GNB3,GNG3,GNG4,GNG5,GNG7,GNG10,GNG11,GNGT1,GNGT2,HRAS,KRAS,GNG8,NRAS,GNG2,MAPK1,MAPK3,MAP2K1,MAP2K2,RAF1,GNG12",True,25
Pathway,MM14951,REACTOME_CELLULAR_RESPONSE_TO_HEAT_STRESS,Reactome Pathways,1.324e-13,4.895e-10,2.719e-12,2.391e-11,56,92,"SEH1L,RAE1,CAMK2A,CAMK2B,CAMK2D,CAMK2G,BAG5,BAG3,BAG2,NUP155,NUP93,NUP58,POM121,NUP153,HDAC6,EEF1A1,EP300,POM121C,PTGES3,NUP50,NUP42,GSK3B,HSPA1A,HSPA1B,HSPA4,HSPA5,HSPA8,HSPA9,HSP90AA1,HSP90AB1,NUP54,NUP88,NUP98,NUP43,NUP37,MAPK1,MAPK3,RANBP2,NUP85,SEC13,HSPA4L,NUP35,NDC1,NUP133,NUP205,NUP210,NUP160,SIRT1,NUP188,TPR,NUP62,VCP,YWHAE,NUP107,NUP214,AAAS",True,56
Pathway,M27479,REACTOME_VXPX_CARGO_TARGETING_TO_CILIUM,Reactome Pathways,1.489e-13,5.506e-10,3.042e-12,2.675e-11,21,21,"ARF4,GBF1,RAB11A,CNGB1,CNGA2,CNGA4,RAB11FIP3,ASAP1,EXOC8,EXOC5,RAB3IP,EXOC4,EXOC3,RAB8A,PKD1,PKD2,EXOC6,RHO,EXOC1,EXOC2,EXOC7",True,21
Pathway,M1835,KEGG_GLIOMA,KEGG Legacy Pathways,2.434e-13,8.998e-10,4.944e-12,4.347e-11,44,65,"AKT1,AKT2,PIK3R3,ARAF,BRAF,CALM1,CALM2,CALM3,CALML3,CAMK2A,CAMK2B,CAMK2D,CAMK2G,CDKN2A,AKT3,EGFR,CALML5,GRB2,HRAS,KRAS,MDM2,NRAS,PDGFRB,PIK3CA,PIK3CB,PIK3CD,PIK3CG,PIK3R1,PIK3R2,PLCG1,PLCG2,PRKCA,PRKCB,PRKCG,MAPK1,MAPK3,MAP2K1,MAP2K2,PTEN,RAF1,SOS1,SOS2,TP53,CALML6",True,44
Pathway,M26954,REACTOME_TRANSLOCATION_OF_SLC2A4_GLUT4_TO_THE_PLASMA_MEMBRANE,Reactome Pathways,2.954e-13,1.092e-09,5.967e-12,5.247e-11,47,72,"ACTB,AKT1,AKT2,RAB11A,SNAP23,CALM1,KIF3B,EXOC8,TUBA1B,TUBB3,TUBB4A,TUBB4B,EXOC5,TUBA8,TUBB6,RAB10,YWHAQ,TUBA1C,KIF3A,EXOC4,EXOC3,TUBB8,TUBB2B,RAB8A,MYH9,MYO5A,EXOC6,RAB13,RAC1,TUBAL3,TUBA3E,SLC2A4,KIFAP3,EXOC1,EXOC2,EXOC7,TUBA3D,RHOQ,TUBA4A,TUBB2A,TUBB1,YWHAB,YWHAE,YWHAG,YWHAH,YWHAZ,TUBA1A",True,47
Pathway,M1009,REACTOME_ENDOSOMAL_SORTING_COMPLEX_REQUIRED_FOR_TRANSPORT_ESCRT,Reactome Pathways,3.407e-13,1.26e-09,6.772e-12,5.954e-11,27,31,"HGS,CHMP2B,CHMP7,VPS36,VPS28,STAM2,UBAP1,CHMP4C,VPS25,CHMP3,CHMP2A,SNF8,MVB12A,CHMP4A,VPS37C,CHMP6,CHMP4B,VPS37B,RPS27A,VPS37A,TSG101,UBA52,UBB,UBC,VPS37D,MVB12B,STAM",True,27
Pathway,MM15637,REACTOME_ENDOSOMAL_SORTING_COMPLEX_REQUIRED_FOR_TRANSPORT_ESCRT,Reactome Pathways,3.407e-13,1.26e-09,6.772e-12,5.954e-11,27,31,"HGS,CHMP2B,CHMP7,VPS36,VPS28,STAM2,UBAP1,CHMP4C,VPS25,CHMP3,CHMP2A,SNF8,MVB12A,RNF103-CHMP3,VPS37C,CHMP6,CHMP4B,VPS37B,RPS27A,VPS37A,TSG101,UBA52,UBB,UBC,VPS37D,MVB12B,STAM",True,27
Pathway,M47540,KEGG_MEDICUS_REFERENCE_CCR2_GNB_G_PI3K_NFKB_SIGNALING_PATHWAY,KEGG Medicus Pathways,3.407e-13,1.26e-09,6.772e-12,5.954e-11,27,31,"CCR2,AKT1,AKT2,AKT3,GNB4,GNB5,GNG13,GNB1,GNB2,GNB3,GNG3,GNG4,GNG5,GNG7,GNG10,GNG11,GNGT1,GNGT2,GNG8,NFKBIA,GNG2,PIK3CA,PIK3CB,PIK3CD,RELA,CCL2,GNG12",True,27
Pathway,M18155,KEGG_INSULIN_SIGNALING_PATHWAY,KEGG Legacy Pathways,4.058e-13,1.5e-09,8.023e-12,7.054e-11,73,137,"AKT1,AKT2,PIK3R3,ARAF,SOCS1,G6PC2,FBP2,BRAF,CALM1,CALM2,CALM3,CALML3,SOCS3,TRIP10,AKT3,FLOT1,FASN,FBP1,SORBS1,GCK,CALML5,PPARGC1A,GRB2,GSK3B,GYS1,GYS2,HK1,HK2,HK3,HRAS,INS,KRAS,NRAS,PCK2,PDE3A,PDE3B,PIK3CA,PIK3CB,PIK3CD,PIK3CG,PIK3R1,PIK3R2,PKLR,PPP1CA,PPP1CB,PPP1CC,PRKACA,PRKACB,PRKACG,PRKAR1A,PRKAR1B,PRKAR2A,PRKAR2B,PRKCZ,MAPK1,MAPK3,MAPK8,MAPK9,MAP2K1,MAP2K2,PYGB,PYGL,PYGM,RAF1,RHEB,SLC2A4,SOS1,SOS2,SREBF1,EXOC7,RHOQ,TSC1,CALML6",True,73
Pathway,M9648,REACTOME_FORMATION_OF_TUBULIN_FOLDING_INTERMEDIATES_BY_CCT_TRIC,Reactome Pathways,4.14e-13,1.531e-09,8.141e-12,7.158e-11,24,26,"CCT6A,TUBA1B,TUBB3,TUBB4A,TUBB4B,CCT7,CCT4,CCT2,CCT6B,CCT8,TUBA8,TUBB6,TUBA1C,TUBB2B,TUBAL3,TUBA3E,CCT5,TCP1,TUBA3D,CCT3,TUBA4A,TUBB2A,TUBB1,TUBA1A",True,24
Pathway,M47550,KEGG_MEDICUS_PATHOGEN_HCMV_UL33_TO_GNB_G_RHO_SIGNALING_PATHWAY,KEGG Medicus Pathways,4.79e-13,1.771e-09,9.37e-12,8.239e-11,28,33,"RHOA,ATF4,CREB3L4,CREB3L1,CREB1,ATF2,ATF6B,CREB5,GNB4,CREB3,GNB5,GNG13,CREB3L3,GNB1,GNB2,GNB3,GNG3,GNG4,GNG5,GNG7,GNG10,GNG11,GNGT1,GNGT2,GNG8,GNG2,GNG12,CREB3L2",True,28
Pathway,M27869,REACTOME_SIGNALING_BY_NUCLEAR_RECEPTORS,Reactome Pathways,4.996e-13,1.847e-09,9.722e-12,8.548e-11,128,294,"NCOA3,ABCA1,SMC1A,ADH1A,ADH1C,ADH4,H2AC18,H2AC20,H2BC21,H3C2,H4C6,AKT1,AKT2,ALDH1A1,ALDH1A3,PIK3R3,RDH14,APOE,RDH16,BCL2,HDAC3,KAT2B,ALDH1A2,CALM1,CAV1,SMC3,DHRS3,CHD1,CRABP1,CRABP2,CREB1,ATF2,CREBBP,NCOR1,NCOR2,CTSD,CYP26A1,DDX5,DLAT,DLD,AKT3,RDH10,EGFR,RDH11,DHRS9,GNB4,EP300,FASN,KAT5,FOS,FOSB,GNB5,GNAT3,PTGES3,STAG2,GNG13,DHRS4,GNAI1,GNAI2,GNAI3,GNB1,GNB2,GNB3,GNG3,GNG4,GNG5,GNG7,GNG10,GNG11,GNGT1,GNGT2,GPS2,H2AX,H3-3A,H3-3B,HDAC1,HRAS,HSPB1,HSP90AA1,HSP90AB1,JUN,JUND,KPNA2,KRAS,GNG8,MYC,CYP26C1,NRAS,UHMK1,PDHA1,PDHA2,PDHB,PDK1,PDK4,GNG2,PGR,PIK3CA,PIK3R1,PIK3R2,POLR2A,POLR2B,POLR2C,POU2F1,MED1,PRKCZ,MAPK1,MAPK3,RARA,RARB,RARG,RDH5,TBL1XR1,RDH13,RXRG,SCD,SP1,SRC,SREBF1,GNG12,ABCG5,TBL1X,TBP,ALDH8A1,USF1,SDR16C5,CYP26B1,XPO1,PDHX",True,128
Pathway,M893,REACTOME_RESPIRATORY_ELECTRON_TRANSPORT,Reactome Pathways,5.262e-13,1.945e-09,1.019e-11,8.956e-11,81,159,"SLC25A11,SLC25A12,LYRM7,COX19,BCS1L,COX5A,COX4I1,COX5B,COX6A1,COX8A,COX11,COX15,PNKD,CYC1,PET100,SCO2,SLC25A18,COX17,NDUFA13,TRAP1,SLC25A13,ETFA,ETFB,ETFDH,FXN,UQCRQ,GOT1,GOT2,HSCB,COQ10A,HSPA9,MDH2,ACAD9,MT-CO1,MT-CO2,MT-CO3,TIMM21,MT-CYB,MT-ND1,MT-ND2,MT-ND4,MT-ND5,NDUFA2,NDUFA3,NDUFA4,NDUFA5,NDUFA8,NDUFA9,NDUFA10,NDUFAB1,NDUFB3,NDUFB4,NDUFB7,NDUFB8,NDUFB9,NDUFS1,NDUFS2,NDUFS3,NDUFV1,NDUFS8,NDUFV2,CYCS,UQCR10,NDUFAF5,NDUFS7,SLC25A22,UQCC1,SCO1,SDHA,SDHB,SDHC,SDHD,COQ10B,NUBPL,NDUFAF6,NDUFA12,COX18,HIGD1C,UQCRC1,UQCRC2,UQCRFS1",True,81
Pathway,MM14888,REACTOME_THE_CANONICAL_RETINOID_CYCLE_IN_RODS_TWILIGHT_VISION,Reactome Pathways,6.092e-13,2.252e-09,1.155e-11,1.016e-10,20,20,"ABCA4,RDH16,HSD17B6,LRAT,RDH10,RDH11,DHRS9,MYO7A,RBP1,RBP3,RBP4,RDH5,RDH12,RHO,RLBP1,RPE65,SDR9C7,STRA6,CYP4V2,TTR",True,20
Pathway,MM15208,REACTOME_VXPX_CARGO_TARGETING_TO_CILIUM,Reactome Pathways,6.092e-13,2.252e-09,1.155e-11,1.016e-10,20,20,"ARF4,GBF1,RAB11A,CNGB1,CNGA2,CNGA4,RAB11FIP3,ASAP1,EXOC8,EXOC5,RAB3IP,EXOC4,EXOC3,RAB8A,PKD1,PKD2,RHO,EXOC1,EXOC2,EXOC7",True,20
Pathway,M1044,REACTOME_CONVERSION_FROM_APC_C_CDC20_TO_APC_C_CDH1_IN_LATE_ANAPHASE,Reactome Pathways,6.092e-13,2.252e-09,1.155e-11,1.016e-10,20,20,"CDC14A,CDC26,CDC23,CDC16,CDC20,CDC27,ANAPC15,FZR1,ANAPC10,ANAPC5,ANAPC7,ANAPC11,UBE2S,UBE2C,ANAPC16,ANAPC2,ANAPC4,UBE2D1,UBE2E1,ANAPC1",True,20
Pathway,MM14688,REACTOME_CONVERSION_FROM_APC_C_CDC20_TO_APC_C_CDH1_IN_LATE_ANAPHASE,Reactome Pathways,6.092e-13,2.252e-09,1.155e-11,1.016e-10,20,20,"CDC14A,CDC26,CDC23,CDC16,CDC20,CDC27,ANAPC15,FZR1,ANAPC10,ANAPC5,ANAPC7,ANAPC11,UBE2S,UBE2C,ANAPC16,ANAPC2,ANAPC4,UBE2D1,UBE2E1,ANAPC1",True,20
Pathway,MM14962,REACTOME_SIGNALING_BY_GPCR,Reactome Pathways,6.176e-13,2.283e-09,1.165e-11,1.024e-10,238,645,"ABR,ADCY1,ADCY2,ADCY3,ADCY5,ADCY6,ADCY7,ADCY8,ADCY9,ADORA2A,ADRA1D,ADRA1B,ADRA1A,ADRA2A,ADRA2B,ADRB1,ADRB2,ADRB3,GRK2,GRK3,AGT,AGTR1,AGTR2,OPN5,AKT1,AKT2,ADCY4,RGS5,PIK3R3,RHOA,RHOB,RHOC,ARRB1,ARRB2,RGS20,AVPR1A,AVPR1B,AVPR2,RGS11,RGS9,OPN1SW,CXCR5,ARHGEF7,CALM1,CALM2,CALM3,CCRL2,CASR,TAAR5,ARHGEF25,CCK,ARHGEF33,ARHGEF1,CDC42,CDK5,GPR55,CHRM1,CCR1,CCR3,CCR5,CCR6,CNR1,ROCK2,CREB1,CRH,CRHR1,RGS6,GNA14,ABHD12,CX3CR1,TAS2R4,TAS2R16,TAS2R1,PLPPR4,PDE11A,AKT3,DRD2,DRD4,ECT2,EGFR,RGS17,GNB4,RGS19,NPSR1,OPN1MW3,FN1,FPR1,GNA13,GNB5,RRH,GNAT3,PDE7B,GABBR1,GHRL,GNG13,GCGR,PDE10A,GHRH,GNA11,GNA12,GNA15,GNAI1,GNAI2,GNAI3,GNAL,GNAQ,GNAS,GNAT1,GNAT2,GNAZ,GNB1,GNB2,GNB3,GNG3,GNG4,GNG5,GNG7,GNG10,GNG11,GNGT1,GNGT2,GNRHR,MCHR1,GRK5,GRK6,GRB2,GRM1,GRM5,GRM6,AKAP13,HCRT,HRAS,HRH1,HRH2,HTR2B,HTR2C,RGS8,RXFP4,ITGB1,TAAR1,KRAS,LHCGR,OPN4,GNG8,MC1R,MC2R,MC4R,MC5R,MCF2,GPR84,NPY,NPY1R,NPY2R,NTS,NTSR1,OPRM1,OXT,OXTR,PAK1,PDE1A,PDE1C,PDE2A,PDE3A,PDE4A,PDE4B,PDE1B,PDYN,GNG2,PIK3CA,PIK3CG,PIK3R1,PIK3R2,GPSM2,PLCB2,PLCB3,PLCB4,PLXNB1,PNOC,POMC,PPP1CA,PRKACA,PRKACB,PRKAR1A,PRKAR1B,PRKCG,MAPK1,MAPK3,PYY,PTAFR,RGS21,TAS2R38,PLPPR1,PTH,PTH1R,PTH2R,OPN1LW,RGR,RGS1,RGS2,RGS3,RGS4,RGS7,RGS12,RGS13,RGS16,RHO,ROCK1,PLPPR3,SCT,SCTR,CCL2,CCL19,CCL21,CCL22,CXCL11,CX3CL1,ITSN1,SOS1,SOS2,SRC,SSTR2,SSTR3,SSTR5,GNG12,PLCB1,TAC1,TBXA2R,ARHGEF18,RGS18,TRHR,OPN3,TRPC6,NTSR2,PLPPR2,P2RY12,PLPPR5,CXCR4,ACKR3",True,238
Pathway,MM15033,REACTOME_ADRENALINE_NORADRENALINE_INHIBITS_INSULIN_SECRETION,Reactome Pathways,6.416e-13,2.372e-09,1.204e-11,1.059e-10,22,23,"ADCY5,ADCY6,ADRA2A,GNB4,GNB5,GNG13,GNAI1,GNAI2,GNB1,GNB2,GNB3,GNG3,GNG4,GNG5,GNG7,GNG10,GNG11,GNGT1,GNGT2,GNG8,GNG2,GNG12",True,22
Pathway,MM14607,REACTOME_METABOLISM_OF_NUCLEOTIDES,Reactome Pathways,6.689e-13,2.473e-09,1.249e-11,1.098e-10,57,97,"AK9,ADA,ADK,ADSL,ADSS2,AMPD1,AMPD2,AMPD3,APRT,ATIC,GMPS,CAD,NUDT16,ENTPD1,ENTPD6,ENTPD3,ENTPD5,ENTPD8,NUDT13,ENTPD4,GDA,CTPS1,DCK,DHODH,DPYD,NT5C3A,PAICS,GART,NT5C1A,GMPR,NT5C1B,GSR,NUDT5,GUK1,HPRT1,IMPDH1,IMPDH2,ITPA,NT5C1B-RDH14,NME1,NME2,NME3,NME4,PNP,NT5E,PPAT,NT5C,NT5C2,TK1,NME1-NME2,TXN,TXNRD1,TYMS,CTPS2,UMPS,NT5M,ADSS1",True,57
Pathway,MM15057,REACTOME_G_ALPHA_I_SIGNALLING_EVENTS,Reactome Pathways,6.738e-13,2.491e-09,1.252e-11,1.101e-10,126,289,"ADCY1,ADCY2,ADCY3,ADCY5,ADCY6,ADCY7,ADCY8,ADCY9,ADRA2A,ADRA2B,GRK2,AGT,AGTR2,OPN5,ADCY4,RGS5,RGS20,RGS11,RGS9,OPN1SW,CXCR5,CALM1,CALM2,CALM3,CASR,CDK5,GPR55,CCR1,CCR3,CCR5,CCR6,CNR1,RGS6,GNA14,CX3CR1,TAS2R4,TAS2R16,TAS2R1,DRD4,RGS17,GNB4,RGS19,OPN1MW3,FPR1,GNB5,RRH,GNAT3,GABBR1,GNG13,GNA11,GNA15,GNAI1,GNAI2,GNAI3,GNAL,GNAQ,GNAT1,GNAT2,GNB1,GNB2,GNB3,GNG3,GNG4,GNG5,GNG7,GNG10,GNG11,GNGT1,GNGT2,MCHR1,GRM6,RGS8,RXFP4,GNG8,NPY,NPY1R,NPY2R,OPRM1,PDE1A,PDE1C,PDE4A,PDE4B,PDE1B,PDYN,GNG2,GPSM2,PLCB2,PLCB3,PLCB4,PNOC,POMC,PPP1CA,PRKACA,PRKACB,PRKAR1A,PRKAR1B,PRKCG,MAPK1,PYY,RGS21,TAS2R38,OPN1LW,RGR,RGS1,RGS3,RGS4,RGS7,RGS12,RGS13,RGS16,RHO,CCL19,CCL21,CXCL11,CX3CL1,SRC,SSTR2,SSTR3,SSTR5,GNG12,PLCB1,RGS18,OPN3,P2RY12,CXCR4,ACKR3",True,126
Pathway,MM15151,REACTOME_SUMOYLATION_OF_DNA_REPLICATION_PROTEINS,Reactome Pathways,6.912e-13,2.555e-09,1.278e-11,1.123e-10,37,51,"SEH1L,RAE1,NUP155,NUP93,NUP58,POM121,NUP153,SUMO4,PIAS3,POM121C,PIAS4,NUP50,NUP42,NUP54,NUP88,NUP98,NUP43,NUP37,RANBP2,RANGAP1,NUP85,NUP35,NDC1,NUP133,SUMO2,NUP205,NUP210,NUP160,NUP188,TOP1,TPR,NUP62,UBE2I,SUMO1,NUP107,NUP214,AAAS",True,37
Pathway,M1921,REACTOME_REGULATION_OF_INSULIN_SECRETION,Reactome Pathways,8.095e-13,2.993e-09,1.485e-11,1.306e-10,49,78,"ADCY5,ADCY6,ADCY8,ADRA2A,IQGAP1,CD36,GNA14,GNB4,ACSL3,GNB5,AHCYL1,GNG13,GNA11,GNA15,GNAI1,GNAI2,GNAQ,GNAS,GNB1,GNB2,GNB3,GNG3,GNG4,GNG5,GNG7,GNG10,GNG11,GNGT1,GNGT2,RAPGEF4,INS,GNG8,GNG2,PLCB2,PLCB3,PRKACA,PRKACB,PRKACG,PRKAR1A,PRKAR1B,PRKAR2A,PRKAR2B,PRKCA,SLC2A1,SLC2A2,SNAP25,STX1A,GNG12,PLCB1",True,49
Pathway,MM15186,REACTOME_SIGNALING_BY_RETINOIC_ACID,Reactome Pathways,8.113e-13,2.999e-09,1.485e-11,1.306e-10,35,47,"ADH1A,ADH1B,ADH1C,ADH4,ALDH1A1,ALDH1A3,RDH14,RDH16,ALDH1A2,DHRS3,CRABP1,CRABP2,CYP26A1,DLAT,DLD,RDH10,RDH11,DHRS9,DHRS4,CYP26C1,PDHA1,PDHA2,PDHB,PDK1,PDK4,RARA,RARB,RARG,RDH5,RDH13,RXRG,ALDH8A1,SDR16C5,CYP26B1,PDHX",True,35
Pathway,M512,REACTOME_DAG_AND_IP3_SIGNALING,Reactome Pathways,8.484e-13,3.137e-09,1.545e-11,1.359e-10,32,41,"ADCY1,ADCY2,ADCY3,ADCY5,ADCY6,ADCY7,ADCY8,ADCY9,GRK2,ADCY4,CALM1,CAMK4,CAMK2A,CAMK2B,CAMK2D,CAMK2G,CREB1,AHCYL1,KPNA2,PDE1A,PDE1C,PDE1B,PLCG1,PRKACA,PRKACB,PRKACG,PRKAR1A,PRKAR1B,PRKAR2A,PRKAR2B,PRKCA,PRKCG",True,32
Pathway,MM14609,REACTOME_TRANSPORT_OF_THE_SLBP_DEPENDANT_MATURE_MRNA,Reactome Pathways,8.63e-13,3.191e-09,1.564e-11,1.375e-10,33,43,"SEH1L,RAE1,NUP155,NUP93,NUP58,POM121,NUP153,ALYREF,POM121C,NUP50,NUP42,NUP54,NCBP1,NUP88,NUP98,NUP43,NUP37,RANBP2,NUP85,SEC13,NUP35,NCBP2,NDC1,NUP133,NUP205,NUP210,NUP160,NUP188,TPR,NUP62,NUP107,NUP214,AAAS",True,33
Pathway,M976,REACTOME_GABA_RECEPTOR_ACTIVATION,Reactome Pathways,9.85e-13,3.641e-09,1.768e-11,1.554e-10,41,60,"ADCY1,ADCY2,ADCY3,ADCY5,ADCY6,ADCY7,ADCY8,ADCY9,ADCY4,GNB4,GNB5,GNAT3,GABBR1,GABRA1,GABRA5,GABRB1,GABRG2,GABRR1,GABRR2,GNG13,GNAI1,GNAI2,GNAI3,GNAL,GNB1,GNB2,GNB3,GNG3,GNG4,GNG5,GNG7,GNG10,GNG11,GNGT1,GNGT2,KCNJ3,KCNJ5,KCNJ10,GNG8,GNG2,GNG12",True,41
Pathway,MM15708,REACTOME_GABA_RECEPTOR_ACTIVATION,Reactome Pathways,9.85e-13,3.641e-09,1.768e-11,1.554e-10,41,60,"ADCY1,ADCY2,ADCY3,ADCY5,ADCY6,ADCY7,ADCY8,ADCY9,ADCY4,GNB4,GNB5,GNAT3,GABBR1,GABRA1,GABRA5,GABRB1,GABRG2,GABRR1,GABRR2,GNG13,GNAI1,GNAI2,GNAI3,GNAL,GNB1,GNB2,GNB3,GNG3,GNG4,GNG5,GNG7,GNG10,GNG11,GNGT1,GNGT2,KCNJ3,KCNJ5,KCNJ10,GNG8,GNG2,GNG12",True,41
Pathway,M49156,REACTOME_HIGH_LAMINAR_FLOW_SHEAR_STRESS_ACTIVATES_SIGNALING_BY_PIEZO1_AND_PECAM1_CDH5_KDR_IN_ENDOTHELIAL_CELLS,Reactome Pathways,9.946e-13,3.677e-09,1.776e-11,1.562e-10,45,69,"ADCY1,ADCY2,ADCY3,ADCY5,ADCY6,ADCY7,ADCY8,ADCY9,AKT1,ADCY4,CALM1,CDH5,CTNNB1,GNB4,GNB5,FYN,GNG13,GNA11,GNAQ,GNAS,GNB1,GNB2,GNB3,GNG3,GNG4,GNG5,GNG7,GNG10,GNG11,GNGT1,GNGT2,GNG8,GNG2,PIK3CA,PIK3CB,PIK3CD,PIK3R2,PRKACA,PRKACB,PRKACG,PRKAR1A,PRKAR1B,PRKAR2A,PRKAR2B,GNG12",True,45
Pathway,MM14736,REACTOME_SNRNP_ASSEMBLY,Reactome Pathways,1.17e-12,4.326e-09,2.08e-11,1.829e-10,40,58,"SEH1L,RAE1,NUP155,GEMIN4,NUP93,NUP58,POM121,NUP153,POM121C,NUP50,NUP42,DDX20,NUP54,NUP88,NUP98,NUP43,NUP37,RANBP2,NUP85,SEC13,NUP35,NDC1,NUP133,SMN1,SNRPB,SNRPD1,SNRPD2,SNRPD3,SNRPE,SNRPF,SNRPG,NUP205,NUP210,NUP160,NUP188,TPR,NUP62,NUP107,NUP214,AAAS",True,40
Pathway,M47710,KEGG_MEDICUS_VARIANT_MUTATION_CAUSED_ABERRANT_SNCA_TO_ANTEROGRADE_AXONAL_TRANSPORT,KEGG Medicus Pathways,1.566e-12,5.788e-09,2.769e-11,2.435e-10,23,25,"KLC3,TUBA1B,TUBB3,TUBB4A,TUBB4B,TUBA8,TUBB6,TUBA1C,TUBB8,TUBB2B,KIF5A,KIF5B,KLC1,TUBA3E,TUBB,SNCA,TUBA3D,TUBA4A,TUBB2A,TUBB1,KLC2,TUBA1A,KLC4",True,23
Pathway,MM14917,REACTOME_NUCLEAR_ENVELOPE_BREAKDOWN,Reactome Pathways,1.597e-12,5.903e-09,2.811e-11,2.472e-10,38,54,"SEH1L,RAE1,BANF1,RBM39,NUP155,LPIN2,NUP93,NUP58,NEK9,POM121,NUP153,POM121C,NUP50,NUP42,LMNA,LMNB1,NUP54,NUP88,NUP98,NUP43,NUP37,PLK1,PRKCB,RANBP2,NUP85,SEC13,NUP35,NDC1,NUP133,NUP205,NUP210,NUP160,NUP188,TPR,NUP62,NUP107,NUP214,AAAS",True,38
Pathway,M14309,REACTOME_G_PROTEIN_BETA_GAMMA_SIGNALLING,Reactome Pathways,1.668e-12,6.166e-09,2.922e-11,2.569e-10,27,32,"AKT1,AKT2,RHOA,CDC42,AKT3,GNB4,GNB5,GNG13,GNB1,GNB2,GNB3,GNG3,GNG4,GNG5,GNG7,GNG10,GNG11,GNGT1,GNGT2,GNG8,PAK1,GNG2,PIK3CG,PLCB2,PLCB3,GNG12,PLCB1",True,27
Pathway,MM15189,REACTOME_MITOCHONDRIAL_TRANSLATION,Reactome Pathways,2.058e-12,7.609e-09,3.572e-11,3.141e-10,53,89,"MRPS34,MRPL49,MRPL33,MRPL19,ERAL1,MRPL54,MRPL53,MRPS16,MRPS18C,MRPL2,MRPL4,MRPS2,MRPL46,MRPL51,MRPL30,MRPL27,MRPL10,KGD4,MRRF,MRPL45,MRPL43,MRPL3,MRPS35,GFM1,MRPL13,MRPL15,MRPL22,MRPS21,MRPL50,MRPL16,MRPS18A,MRPS10,MRPL23,MRPS12,MRPL17,MRPS14,MRPL21,MRPS25,MRPS15,MRPS11,MRPS9,MRPS6,MRPS5,MRPL41,MRPL40,MRPL38,MRPL36,MRPL34,MRPL32,MRPL11,MRPL44,DAP3,MRPL47",True,53
Pathway,M13191,KEGG_PROSTATE_CANCER,KEGG Legacy Pathways,2.058e-12,7.609e-09,3.572e-11,3.141e-10,53,89,"AKT1,AKT2,PIK3R3,AR,ARAF,ATF4,BCL2,BRAF,CREB3L4,CREB3L1,CREB1,CREBBP,CREB5,CTNNB1,AKT3,EGFR,EP300,ERBB2,FGFR1,CREB3,CREB3L3,GRB2,GSK3B,HRAS,HSP90AA1,HSP90AB1,INS,KRAS,MDM2,NFKBIA,NKX3-1,NRAS,PDGFRB,PIK3CA,PIK3CB,PIK3CD,PIK3CG,PIK3R1,PIK3R2,MAPK1,MAPK3,MAP2K1,MAP2K2,PTEN,RAF1,RELA,SOS1,SOS2,SRD5A2,PDGFC,TP53,HSP90B1,CREB3L2",True,53
Pathway,M3115,KEGG_LONG_TERM_POTENTIATION,KEGG Legacy Pathways,2.124e-12,7.853e-09,3.67e-11,3.227e-10,45,70,"ADCY1,ADCY8,ARAF,ATF4,BRAF,CALM1,CALM2,CALM3,CALML3,CAMK4,CAMK2A,CAMK2B,CAMK2D,CAMK2G,CREBBP,EP300,CALML5,GNAQ,GRIA1,GRM1,GRM5,HRAS,KRAS,PPP1R12A,NRAS,PLCB2,PLCB3,PLCB4,PPP1CA,PPP1CB,PPP1CC,PPP3CB,PRKACA,PRKACB,PRKACG,PRKCA,PRKCB,PRKCG,MAPK1,MAPK3,MAP2K1,MAP2K2,RAF1,PLCB1,CALML6",True,45
Pathway,M27174,REACTOME_THE_CANONICAL_RETINOID_CYCLE_IN_RODS_TWILIGHT_VISION,Reactome Pathways,2.512e-12,9.287e-09,4.3e-11,3.78e-10,21,22,"ABCA4,RDH16,HSD17B6,LRAT,RDH8,RDH10,RDH11,DHRS9,MYO7A,RBP1,RBP3,RBP4,RDH5,RDH12,RHO,RLBP1,RPE65,SDR9C7,STRA6,CYP4V2,TTR",True,21
Pathway,M27445,REACTOME_RA_BIOSYNTHESIS_PATHWAY,Reactome Pathways,2.512e-12,9.287e-09,4.3e-11,3.78e-10,21,22,"ADH1A,ADH1C,ADH4,ALDH1A1,ALDH1A3,RDH14,RDH16,ALDH1A2,DHRS3,CRABP1,CYP26A1,RDH10,RDH11,DHRS9,DHRS4,CYP26C1,RDH5,RDH13,ALDH8A1,SDR16C5,CYP26B1",True,21
Pathway,M109,REACTOME_VIRAL_MESSENGER_RNA_SYNTHESIS,Reactome Pathways,2.637e-12,9.749e-09,4.493e-11,3.95e-10,33,44,"SEH1L,RAE1,NUP155,NUP93,NUP58,POM121,NUP153,POM121C,NUP50,NUP42,NUP54,NUP88,NUP98,NUP43,NUP37,POLR2A,POLR2B,POLR2C,RANBP2,NUP85,SEC13,NUP35,NDC1,NUP133,NUP205,NUP210,NUP160,NUP188,TPR,NUP62,NUP107,NUP214,AAAS",True,33
Pathway,M27288,REACTOME_BETA_CATENIN_INDEPENDENT_WNT_SIGNALING,Reactome Pathways,2.678e-12,9.9e-09,4.541e-11,3.993e-10,70,133,"FZD4,FZD6,AP2A1,AP2A2,AP2B1,RHOA,ARRB2,CALM1,CAMK2A,CLTC,CTNNB1,PARD6A,DVL1,DVL2,GNB4,PSMD14,GNB5,FZD2,GNG13,GNAO1,GNAT2,GNB1,GNB2,GNB3,GNG3,GNG4,GNG5,GNG7,GNG10,GNG11,GNGT1,GNGT2,ADRM1,KRAS,GNG8,MYC,PDE6A,PDE6G,PDE6B,GNG2,PFN1,PLCB2,PLCB3,PPP3CB,PRKCA,PRKCB,PRKCG,PRKG1,PRKG2,PSMC1,PSMC5,PSMD2,PSMD3,PSMD13,RAC1,RAC2,RPS27A,GNG12,PLCB1,SCRIB,WNT5B,UBA52,UBB,UBC,WNT5A,WNT11,FZD5,FZD3,SMURF1,VANGL2",True,70
Pathway,MM15664,REACTOME_GPER1_SIGNALING,Reactome Pathways,2.853e-12,1.055e-08,4.816e-11,4.235e-10,24,27,"GNB4,FN1,GNB5,GNG13,GNAS,GNB1,GNB2,GNB3,GNG3,GNG4,GNG5,GNG7,GNG10,GNG11,GNGT1,GNGT2,ITGB1,GNG8,GNG2,PRKACA,PRKACB,PRKAR1A,PRKAR1B,GNG12",True,24
Pathway,M15514,REACTOME_TRANSMISSION_ACROSS_CHEMICAL_SYNAPSES,Reactome Pathways,2.996e-12,1.108e-08,5.035e-11,4.427e-10,118,270,"ACTN2,ADCY1,ADCY2,ADCY3,ADCY5,ADCY6,ADCY7,ADCY8,ADCY9,AP2A1,AP2A2,AP2B1,KIF17,ADCY4,CAMK1,CASK,ARHGEF7,CALM1,CAMK4,CAMK2A,CAMK2B,CAMK2D,CAMK2G,CREB1,DLG4,GNB4,NCALD,CACNG2,TUBA1B,TUBB3,TUBB4A,TUBB4B,ARL6IP5,GNB5,GNAT3,GABBR1,GABRA1,GABRA5,GABRB1,GABRG2,GABRR1,GABRR2,GAD2,GNG13,TUBA8,TUBB6,GLUL,GNAI1,GNAI2,GNAI3,GNAL,GNB1,GNB2,GNB3,GNG3,GNG4,GNG5,GNG7,GNG10,GNG11,GNGT1,GNGT2,TUBA1C,GRIA1,SLC5A7,HRAS,HSPA8,TUBB8,TUBB2B,KCNJ3,KCNJ5,KCNJ10,KPNA2,KRAS,GNG8,MDM2,GIT1,MYO6,NEFL,NRAS,GNG2,PLCB2,PLCB3,PRKACA,PRKACB,PRKACG,PRKAR1A,PRKAR1B,PRKAR2A,PRKAR2B,PRKCA,PRKCB,PRKCG,MAPK1,MAPK3,RAC1,TUBAL3,TUBA3E,SLC1A1,SLC1A2,SLC1A3,SLC6A1,SLC6A11,SLC6A13,DNAJC5,RIMS1,SNAP25,SRC,STX1A,GNG12,PLCB1,TUBA3D,GRIP1,TUBA4A,TUBB2A,TUBB1,TUBA1A,ALDH5A1",True,118
Pathway,MM14627,REACTOME_MACROAUTOPHAGY,Reactome Pathways,3.655e-12,1.351e-08,6.114e-11,5.376e-10,69,131,"TOMM5,DYNLL1,CETN1,CFTR,CHMP2B,DYNLL2,ATG13,TOMM20,RB1CC1,CHMP7,TOMM70,DYNC1H1,DYNC1I1,DYNC1I2,DYNC1LI2,HDAC6,TOMM6,OPTN,DYNC1LI1,TUBA1B,TUBB3,TUBB4A,TUBB4B,TOMM40,CHMP4C,ATG7,CHMP3,MAP1LC3A,TUBA8,CHMP2A,TUBB6,TUBA1C,PARK7,GABARAP,GABARAPL2,TUBB2B,RNF103-CHMP3,ARL13B,TBK1,PRKN,TOMM7,SLC38A9,LAMTOR1,CHMP6,CHMP4B,RHEB,TUBAL3,RPS27A,AMBRA1,SRC,ATG4B,TUBA3D,ATG3,TSC1,TUBA4A,TUBB2A,TUBB1,UBA52,UBB,UBC,UBE2D2,UBE2D3,GABARAPL1,VDAC1,VDAC2,VDAC3,TOMM22,TUBA1A,MAP1LC3B",True,69
Pathway,MM15595,REACTOME_RHO_GTPASE_CYCLE,Reactome Pathways,4.174e-12,1.543e-08,6.951e-11,6.111e-10,172,439,"RALGAPA1,ABL2,ABR,KCTD13,RHOJ,USP9X,ACTB,ACTN1,ADD3,OSBPL11,CUL3,CDC42BPA,PIK3R3,ALS2,RHOA,RHOB,RHOC,ARHGAP1,ARHGDIA,RHOH,PDE5A,SNAP23,MTMR1,IQGAP1,ARHGEF7,STBD1,CAPZB,CAV1,ARHGEF25,FMNL3,CCT6A,ARHGEF1,HGS,CDC42,VAPB,CFTR,TRIP10,VAMP3,CLTC,SAMM50,ROCK2,SLC4A7,TMEM59,CDC42BPB,RBM39,AKAP12,CSK,ITSN2,FAM169A,TOR1AIP1,DOCK4,CCP110,ARHGAP24,GIT2,DBT,PARD6A,SRGAP3,DIAPH1,DIAPH2,KIF14,DOCK1,ECT2,BCAP31,ABI2,FARP1,FLOT1,STOM,SRRM1,STAM2,PAK4,FAM91A1,TUBA1B,BASP1,CCT7,CCT2,VMA22,CDC42EP3,GNA13,NCKAP1,NIPSNAP2,GJA1,RND1,RBMX,WWP2,GRB2,CDC42EP1,AKAP13,HMOX2,HNRNPC,HSP90AA1,HSP90AB1,HSPE1,ITGB1,JUP,MPP7,LBR,LCK,LMNB1,EPSTI1,MCAM,MCF2,ARL13B,GIT1,MTR,MYO6,NDUFA5,NDUFS3,OCRL,OPHN1,PAK1,PAK2,PAK3,CPNE8,SENP1,GFOD1,PIK3CA,PIK3R1,PIK3R2,RHOF,IQGAP3,PLXNA1,PLXNB1,RHOD,EFHD2,LAMTOR1,CEP97,PHIP,RAC1,RAC2,ARHGAP17,STEAP3,ROCK1,CPSF7,BAIAP2L2,TRA2B,ITSN1,ANKRD26,SHMT2,SLC1A5,WDR11,ELMO2,DEPDC1B,SOS1,SOS2,FNBP1,SPTAN1,NSFL1C,BAIAP2L1,SCFD1,ESYT1,ARHGEF18,SRGAP2,ARHGAP39,TFRC,RHOQ,TNFAIP1,SCRIB,TPM3,HNRNPCL1,VCP,MUC13,ZAP70,PAK6,SOWAHC,RAB7A,DIAPH3,DDX39B,PAK5,STAM,VANGL2,AAAS,VANGL1",True,172
Pathway,M27476,REACTOME_DISORDERS_OF_TRANSMEMBRANE_TRANSPORTERS,Reactome Pathways,4.318e-12,1.597e-08,7.159e-11,6.295e-10,81,164,"SEH1L,ABCA1,RAE1,SLC17A8,SLC4A4,AVPR1A,AVPR1B,AVPR2,BSG,SLC7A7,SLC24A1,CFTR,NUP155,NUP93,NUP58,POM121,NUP153,SLC26A3,SLC26A2,ABCB6,PSMD14,SLC9A6,POM121C,NUP50,GCK,GCKR,OS9,SLC27A4,ADRM1,NUP42,SLC7A9,ERLIN2,HK1,SLC5A7,NUP54,SLC11A2,NUP88,NUP98,NUP43,SLC26A4,ABCB4,NUP37,DERL1,SLC40A1,PSMC1,PSMC5,PSMD2,PSMD3,PSMD13,RANBP2,RNF5,NUP85,SLC35C1,RPS27A,SEC13,SLC1A1,SLC1A3,SLC2A1,SLC2A2,SLC3A1,NUP35,SLC3A2,NDC1,SLC12A1,SLC12A3,SLC20A2,NUP133,NUP205,NUP210,NUP160,ABCG5,NUP188,TPR,NUP62,UBA52,UBB,UBC,VCP,NUP107,NUP214,AAAS",True,81
Pathway,M29614,REACTOME_SEPARATION_OF_SISTER_CHROMATIDS,Reactome Pathways,4.379e-12,1.619e-08,7.228e-11,6.355e-10,86,178,"SEH1L,KIF18A,SMC1A,CDC26,DYNLL1,CDC23,CDC16,BUB1B,SMC3,CDC20,CDC27,CENPA,CENPE,CENPF,ANAPC15,DYNLL2,CKAP5,DYNC1H1,DYNC1I1,DYNC1I2,DYNC1LI2,DYNC1LI1,PSMD14,TUBA1B,TUBB3,TUBB4A,TUBB4B,ANAPC10,ANAPC5,ANAPC7,ANAPC11,STAG2,TUBA8,TUBB6,UBE2S,ADRM1,TUBA1C,UBE2C,TUBB8,TUBB2B,KIF2A,MAD2L1,ANAPC16,NUP98,NUP43,PAFAH1B1,NUP37,ANAPC2,PLK1,ANAPC4,PPP1CC,NDE1,PSMC1,PSMC5,PSMD2,PSMD3,PSMD13,RANBP2,RANGAP1,TUBAL3,NUP85,TUBA3E,RPS27A,SEC13,CENPT,MAPRE1,NUP133,PDS5B,HDAC8,PDS5A,NUP160,TUBA3D,B9D2,TUBA4A,TUBB2A,TUBB1,UBA52,UBB,UBC,UBE2D1,UBE2E1,ANAPC1,XPO1,NDEL1,TUBA1A,NUP107",True,86
Pathway,M39009,REACTOME_SARS_COV_INFECTIONS,Reactome Pathways,4.793e-12,1.772e-08,7.875e-11,6.924e-10,183,475,"SEH1L,AP2A1,AP2A2,MAVS,AP2B1,AKT1,AKT2,CUL3,RAE1,ATP1A4,CANX,CAV1,NMI,CHD3,CHD4,PPIG,BRMS1,ROCK2,CREBBP,CHMP2B,TKFC,NUP155,SEC24C,IKBKE,GEMIN4,NUP93,NLRP12,KEAP1,NUP58,DDOST,DDX5,CHMP7,TOMM70,POM121,G3BP2,NUP153,RBX1,AKT3,RPS27L,EEF1A1,G3BP1,PATJ,EP300,ZDHHC2,SAP18,CRB3,PPIH,FKBP1A,CHMP4C,FNTA,FNTB,POM121C,CHMP3,PTGES3,NUP50,ARID4B,CHMP2A,GJA1,YWHAQ,GRB2,NUP42,GSK3B,DDX20,MAN1B1,HDAC1,HDAC2,MGAT4B,HLA-A,HLA-B,MGAT4A,HNRNPA1,HSP90AA1,HSP90AB1,HSPG2,IFNAR1,IGHD,IL17A,IMPDH1,IMPDH2,IRAK1,ITGA4,ITGB1,JAK2,KPNA2,SMAD4,MAN2A1,NUP54,MGAT1,MGAT2,MGAT5,CHMP4A,TBK1,NFE2L2,NFKBIA,NPM1,NUP88,NUP98,NUP43,PCBP2,NUP37,PKLR,PLCG2,PPIA,PPIB,RANBP2,CHMP6,ARID4A,ANO1,RELA,CHMP4B,ROCK1,NUP85,RPN1,RPN2,RPS2,RPS3,RPS9,RPS10,RPS11,RPS12,RPS13,RPS14,RPS18,RPS20,RPS21,RPS23,RPS25,RPS27A,SDC1,SEC13,TUBB,NUP35,NDC1,NUP133,SMN1,SNRPB,SNRPD1,SNRPD2,SNRPD3,SNRPE,SNRPF,SNRPG,SOS1,SP1,SRPK1,SRPK2,STAT1,STAT2,NUP205,NOD2,RCOR1,GANAB,NUP210,NUP160,VPS39,TJP1,BRD4,TLR2,NUP188,AGRN,TPR,TRAF3,ANO5,NUP62,VPS16,TUFM,UBA52,UBB,UBC,UBE2I,SUMO1,VCP,YWHAB,YWHAE,YWHAG,YWHAH,YWHAZ,MAP1LC3B,ANO2,NUP107,NUP214,NLRP3,AAAS",True,183
Pathway,M27321,REACTOME_CA2_PATHWAY,Reactome Pathways,5.164e-12,1.909e-08,8.448e-11,7.428e-10,41,62,"FZD4,FZD6,CALM1,CAMK2A,CTNNB1,GNB4,GNB5,FZD2,GNG13,GNAO1,GNAT2,GNB1,GNB2,GNB3,GNG3,GNG4,GNG5,GNG7,GNG10,GNG11,GNGT1,GNGT2,KRAS,GNG8,MYC,PDE6A,PDE6G,PDE6B,GNG2,PLCB2,PLCB3,PPP3CB,PRKCA,PRKG1,PRKG2,GNG12,PLCB1,WNT5A,WNT11,FZD5,FZD3",True,41
Pathway,M47541,KEGG_MEDICUS_PATHOGEN_HCMV_US28_TO_GNB_G_PI3K_NFKB_SIGNALING_PATHWAY,KEGG Medicus Pathways,5.774e-12,2.135e-08,9.363e-11,8.233e-10,26,31,"AKT1,AKT2,AKT3,GNB4,GNB5,GNG13,GNB1,GNB2,GNB3,GNG3,GNG4,GNG5,GNG7,GNG10,GNG11,GNGT1,GNGT2,IL6,GNG8,NFKBIA,GNG2,PIK3CA,PIK3CB,PIK3CD,RELA,GNG12",True,26
Pathway,M47507,KEGG_MEDICUS_VARIANT_CYP11B1_CYP11B2_FUSION_TO_ACTH_CORTISOL_SIGNALING_PATHWAY,KEGG Medicus Pathways,5.774e-12,2.135e-08,9.363e-11,8.233e-10,26,31,"ADCY1,ADCY2,ADCY3,ADCY5,ADCY6,ADCY7,ADCY8,ADCY9,ADCY4,ATF4,CREB3L4,CREB3L1,CREB1,ATF2,ATF6B,CREB5,CREB3,CREB3L3,GNAS,MC2R,POMC,PRKACA,PRKACB,PRKACG,SP1,CREB3L2",True,26
Pathway,M47671,KEGG_MEDICUS_REFERENCE_ANTEROGRADE_AXONAL_TRANSPORT,KEGG Medicus Pathways,5.9e-12,2.181e-08,9.402e-11,8.267e-10,22,24,"KLC3,TUBA1B,TUBB3,TUBB4A,TUBB4B,TUBA8,TUBB6,TUBA1C,TUBB8,TUBB2B,KIF5A,KIF5B,KLC1,TUBA3E,TUBB,TUBA3D,TUBA4A,TUBB2A,TUBB1,KLC2,TUBA1A,KLC4",True,22
Pathway,M1039,REACTOME_APC_C_CDC20_MEDIATED_DEGRADATION_OF_CYCLIN_B,Reactome Pathways,5.9e-12,2.181e-08,9.402e-11,8.267e-10,22,24,"CDC26,CDC23,CDC16,CDC20,CDC27,ANAPC15,ANAPC10,ANAPC5,ANAPC7,ANAPC11,UBE2S,UBE2C,ANAPC16,ANAPC2,ANAPC4,RPS27A,UBA52,UBB,UBC,UBE2D1,UBE2E1,ANAPC1",True,22
Pathway,MM15658,REACTOME_POSTMITOTIC_NUCLEAR_PORE_COMPLEX_NPC_REFORMATION,Reactome Pathways,5.9e-12,2.181e-08,9.402e-11,8.267e-10,22,24,"SEH1L,RCC1,NUP155,NUP93,POM121,POM121C,NUP98,NUP43,NUP37,RAN,RANGAP1,NUP85,SEC13,NUP35,NDC1,NUP133,NUP205,NUP160,NUP188,UBE2I,SUMO1,NUP107",True,22
Pathway,MM14675,REACTOME_APC_C_CDC20_MEDIATED_DEGRADATION_OF_CYCLIN_B,Reactome Pathways,5.9e-12,2.181e-08,9.402e-11,8.267e-10,22,24,"CDC26,CDC23,CDC16,CDC20,CDC27,ANAPC15,ANAPC10,ANAPC5,ANAPC7,ANAPC11,UBE2S,UBE2C,ANAPC16,ANAPC2,ANAPC4,RPS27A,UBA52,UBB,UBC,UBE2D1,UBE2E1,ANAPC1",True,22
Pathway,MM15420,REACTOME_TRANSLATION,Reactome Pathways,6.637e-12,2.454e-08,1.053e-10,9.259e-10,104,231,"MRPS34,EIF3B,EIF3C,EIF3D,EIF3F,EIF3G,EIF3I,EIF2B4,EIF2B3,MRPL49,RPL23,EIF2S3B,MRPL33,MRPL19,ERAL1,MRPL54,MRPL53,MRPS16,MRPS18C,RPS27L,EEF1A1,MRPL2,MRPL4,EEF1G,EEF2,MRPS2,EIF2S1,EIF2S3,EIF4A1,EIF4A2,EIF4B,MRPL46,MRPL51,MRPL30,MRPL27,MRPL10,KGD4,MRRF,MRPL45,PABPC1,MRPL43,MRPL3,MRPS35,GFM1,RPL22L1,MRPL13,MRPL15,MRPL22,PABPC3,MRPS21,MRPL50,MRPL16,MRPS18A,MRPS10,RPL5,RPL6,RPL7,RPL7A,RPL11,RPL19,MRPL23,RPL27,RPL36AL,RPLP1,MRPS12,RPS2,RPS3,RPS9,RPS10,RPS11,RPS12,RPS13,RPS14,RPS18,RPS20,RPS21,RPS23,RPS25,RPS27A,MRPL17,MRPS14,SRP9,SRP19,SRP54,SRP68,MRPL21,MRPS25,UBA52,EIF4H,MRPS15,MRPS11,MRPS9,MRPS6,MRPS5,MRPL41,MRPL40,MRPL38,MRPL36,MRPL34,MRPL32,MRPL11,MRPL44,DAP3,MRPL47",True,104
Pathway,M27446,REACTOME_MITOCHONDRIAL_TRANSLATION,Reactome Pathways,6.984e-12,2.582e-08,1.099e-10,9.666e-10,55,96,"MRPS34,MRPL49,MRPL33,MRPL19,ERAL1,MRPL54,MRPL53,MRPS16,MRPS18C,TSFM,MRPL2,MRPL4,MRPS2,MRPL46,MRPL51,MRPL30,MRPL27,MRPL10,KGD4,MRRF,MRPL45,MRPL43,MRPL3,MRPS35,GFM1,MRPL13,MRPL15,MRPL22,MRPS21,MRPL50,MRPL16,MRPS18A,MRPS10,MRPL23,MRPS12,MRPL17,MRPS14,MRPL21,MRPS25,TUFM,MRPS15,MRPS11,MRPS9,MRPS6,MRPS5,MRPL41,MRPL40,MRPL38,MRPL36,MRPL34,MRPL32,MRPL11,MRPL44,DAP3,MRPL47",True,55
Pathway,MM15027,REACTOME_G_PROTEIN_BETA_GAMMA_SIGNALLING,Reactome Pathways,7.018e-12,2.594e-08,1.099e-10,9.666e-10,27,33,"AKT1,AKT2,RHOA,CDC42,AKT3,GNB4,GNB5,GNG13,GNB1,GNB2,GNB3,GNG3,GNG4,GNG5,GNG7,GNG10,GNG11,GNGT1,GNGT2,GNG8,PAK1,GNG2,PIK3CG,PLCB2,PLCB3,GNG12,PLCB1",True,27
Pathway,M27297,REACTOME_COOPERATION_OF_PREFOLDIN_AND_TRIC_CCT_IN_ACTIN_AND_TUBULIN_FOLDING,Reactome Pathways,7.018e-12,2.594e-08,1.099e-10,9.666e-10,27,33,"ACTB,CCT6A,TUBA1B,TUBB3,TUBB4A,TUBB4B,CCT7,CCT4,CCT2,CCT6B,CCT8,TUBA8,TUBB6,TUBA1C,TUBB2B,PFDN1,PFDN5,TUBAL3,TUBA3E,CCT5,TCP1,TUBA3D,CCT3,TUBA4A,TUBB2A,TUBB1,TUBA1A",True,27
Pathway,M29805,REACTOME_HCMV_EARLY_EVENTS,Reactome Pathways,7.759e-12,2.869e-08,1.21e-10,1.064e-09,71,138,"SEH1L,H2AC18,H2AC20,H2BC21,H3C2,H4C6,RAE1,DYNLL1,HDAC3,CREB1,NCOR1,NCOR2,NUP155,DYNLL2,NUP93,DAXX,NUP58,POM121,DYNC1H1,DYNC1I1,NUP153,DYNC1I2,DYNC1LI2,EGFR,TRIM28,DYNC1LI1,EZH2,TUBA1B,TUBB3,TUBB4A,TUBB4B,POM121C,NUP50,TUBA8,TUBB6,TUBA1C,GPS2,NUP42,TUBB8,TUBB2B,ITGB1,NUP54,NUP88,NUP98,NUP43,NUP37,PML,RANBP2,TBL1XR1,TUBAL3,NUP85,TUBA3E,SEC13,NUP35,NDC1,NUP133,NUP205,NUP210,NUP160,TBL1X,TUBA3D,NUP188,TPR,NUP62,TUBA4A,TUBB2A,TUBB1,TUBA1A,NUP107,NUP214,AAAS",True,71
Pathway,MM15200,REACTOME_TRANSCRIPTIONAL_REGULATION_BY_SMALL_RNAS,Reactome Pathways,8.527e-12,3.153e-08,1.325e-10,1.165e-09,31,41,"SEH1L,RAE1,NUP155,NUP93,NUP58,POM121,NUP153,POM121C,NUP50,NUP42,NUP54,NUP88,NUP98,NUP43,NUP37,RAN,RANBP2,NUP85,SEC13,NUP35,NDC1,NUP133,NUP205,NUP210,NUP160,NUP188,TPR,NUP62,NUP107,NUP214,AAAS",True,31
Pathway,M47792,KEGG_MEDICUS_REFERENCE_ACH_CHRN_RAS_ERK_SIGNALING_PATHWAY,KEGG Medicus Pathways,9.814e-12,3.628e-08,1.493e-10,1.313e-09,20,21,"ARAF,ATF4,BRAF,CREB3L4,CREB3L1,CREB1,ATF2,ATF6B,CREB5,CREB3,CREB3L3,HRAS,KRAS,NRAS,MAPK1,MAPK3,MAP2K1,MAP2K2,RAF1,CREB3L2",True,20
Pathway,MM15159,REACTOME_PRESYNAPTIC_FUNCTION_OF_KAINATE_RECEPTORS,Reactome Pathways,9.814e-12,3.628e-08,1.493e-10,1.313e-09,20,21,"GNB4,GNB5,GNG13,GNB1,GNB2,GNB3,GNG3,GNG4,GNG5,GNG7,GNG10,GNG11,GNGT1,GNGT2,GNG8,GNG2,PLCB2,PLCB3,GNG12,PLCB1",True,20
Pathway,M489,REACTOME_INHIBITION_OF_THE_PROTEOLYTIC_ACTIVITY_OF_APC_C_REQUIRED_FOR_THE_ONSET_OF_ANAPHASE_BY_MITOTIC_SPINDLE_CHECKPOINT_COMPONENTS,Reactome Pathways,9.814e-12,3.628e-08,1.493e-10,1.313e-09,20,21,"CDC26,CDC23,CDC16,BUB1B,CDC20,CDC27,ANAPC15,ANAPC10,ANAPC5,ANAPC7,ANAPC11,UBE2S,UBE2C,MAD2L1,ANAPC16,ANAPC2,ANAPC4,UBE2D1,UBE2E1,ANAPC1",True,20
Pathway,M27409,REACTOME_PRESYNAPTIC_FUNCTION_OF_KAINATE_RECEPTORS,Reactome Pathways,9.814e-12,3.628e-08,1.493e-10,1.313e-09,20,21,"GNB4,GNB5,GNG13,GNB1,GNB2,GNB3,GNG3,GNG4,GNG5,GNG7,GNG10,GNG11,GNGT1,GNGT2,GNG8,GNG2,PLCB2,PLCB3,GNG12,PLCB1",True,20
Pathway,MM14560,REACTOME_INHIBITION_OF_THE_PROTEOLYTIC_ACTIVITY_OF_APC_C_REQUIRED_FOR_THE_ONSET_OF_ANAPHASE_BY_MITOTIC_SPINDLE_CHECKPOINT_COMPONENTS,Reactome Pathways,9.814e-12,3.628e-08,1.493e-10,1.313e-09,20,21,"CDC26,CDC23,CDC16,BUB1B,CDC20,CDC27,ANAPC15,ANAPC10,ANAPC5,ANAPC7,ANAPC11,UBE2S,UBE2C,MAD2L1,ANAPC16,ANAPC2,ANAPC4,UBE2D1,UBE2E1,ANAPC1",True,20
Pathway,M47672,KEGG_MEDICUS_VARIANT_MUTATION_CAUSED_ABERRANT_HTT_TO_ANTEROGRADE_AXONAL_TRANSPORT,KEGG Medicus Pathways,1.039e-11,3.843e-08,1.575e-10,1.385e-09,23,26,"KLC3,TUBA1B,TUBB3,TUBB4A,TUBB4B,TUBA8,TUBB6,TUBA1C,HTT,TUBB8,TUBB2B,KIF5A,KIF5B,KLC1,TUBA3E,TUBB,TUBA3D,TUBA4A,TUBB2A,TUBB1,KLC2,TUBA1A,KLC4",True,23
Pathway,M9387,KEGG_VASCULAR_SMOOTH_MUSCLE_CONTRACTION,KEGG Legacy Pathways,1.211e-11,4.478e-08,1.828e-10,1.607e-09,62,115,"ADCY1,ADCY2,ADCY3,ADCY5,ADCY6,ADCY7,ADCY8,ADCY9,ADORA2A,ADRA1D,ADRA1B,ADRA1A,AGTR1,PLA2G6,ADCY4,ARAF,RHOA,AVPR1A,AVPR1B,BRAF,CACNA1F,CALM1,CALM2,CALM3,CALML3,ARHGEF1,ROCK2,MYL9,GNA13,CALML5,GNA11,GNA12,GNAQ,GNAS,GUCY1A2,GUCY1A1,GUCY1B1,KCNMA1,PPP1R12A,NPR1,NPR2,PLCB2,PLCB3,PLCB4,PPP1CA,PPP1CB,PPP1CC,PRKACA,PRKACB,PRKACG,PRKCA,PRKCB,PRKCG,PRKG1,MAPK1,MAPK3,MAP2K1,MAP2K2,RAF1,ROCK1,PLCB1,CALML6",True,62
Pathway,M777,REACTOME_METABOLISM_OF_NUCLEOTIDES,Reactome Pathways,1.23e-11,4.546e-08,1.848e-10,1.625e-09,55,97,"AK9,ADA,ADK,ADSL,ADSS2,AMPD1,AMPD2,AMPD3,APRT,ATIC,GMPS,CAD,NUDT16,ENTPD1,ENTPD6,ENTPD3,ENTPD5,ENTPD8,NUDT13,ENTPD4,GDA,CTPS1,DCK,DHODH,DPYD,NT5C3A,PAICS,GART,NT5C1A,GMPR,NT5C1B,GSR,NUDT5,GUK1,HPRT1,IMPDH1,IMPDH2,ITPA,NME1,NME2,NME3,NME4,PNP,NT5E,PPAT,NT5C,NT5C2,TK1,TXN,TXNRD1,TYMS,CTPS2,UMPS,NT5M,ADSS1",True,55
Pathway,M920,REACTOME_AQUAPORIN_MEDIATED_TRANSPORT,Reactome Pathways,1.33e-11,4.915e-08,1.986e-10,1.746e-09,36,52,"ADCY1,ADCY2,ADCY3,ADCY5,ADCY6,ADCY7,ADCY8,ADCY9,ADCY4,AVPR2,RAB11A,GNB4,GNB5,GNG13,GNAS,GNB1,GNB2,GNB3,GNG3,GNG4,GNG5,GNG7,GNG10,GNG11,GNGT1,GNGT2,GNG8,GNG2,PRKACA,PRKACB,PRKACG,PRKAR1A,PRKAR1B,PRKAR2A,PRKAR2B,GNG12",True,36
Pathway,MM14755,REACTOME_RHO_GTPASE_EFFECTORS,Reactome Pathways,1.332e-11,4.924e-08,1.986e-10,1.746e-09,112,257,"SEH1L,KIF18A,ABL1,ACTB,KLC3,AR,RHOA,RHOB,RHOC,DYNLL1,IQGAP1,BUB1B,CALM1,CALM2,CALM3,PRC1,FMNL3,CDC20,CDC42,CENPA,CENPE,CENPF,CFTR,ROCK2,DYNLL2,CTNNB1,CKAP5,DIAPH1,DIAPH2,KIF14,DLG4,DYNC1H1,DYNC1I1,DYNC1I2,DYNC1LI2,DVL1,DVL2,ABI2,DYNC1LI1,TUBA1B,TUBB3,TUBB4A,TUBB4B,MYL9,FLNA,NCKAP1,TUBA8,TUBB6,YWHAQ,TUBA1C,GRB2,TUBB2B,KIF2A,KIF5A,KIF5B,KLC1,MAD2L1,MEN1,MYH9,PPP1R12A,NUP98,NUP43,PAFAH1B1,PAK1,PAK2,PAK3,PFN1,PFN2,NUP37,PLK1,IQGAP3,RHOD,PPP1CB,PPP1CC,PRKCB,PRKCZ,MAPK1,MAPK3,MYL12B,NDE1,RAC1,RAC2,RANBP2,RANGAP1,ROCK1,TUBAL3,NUP85,SEC13,CENPT,MAPRE1,NUP133,SRC,NUP160,TUBA3D,SRGAP2,B9D2,RHOQ,TUBA4A,TUBB2A,TUBB1,KLC2,XPO1,YWHAB,YWHAE,YWHAG,YWHAH,YWHAZ,NDEL1,TUBA1A,DIAPH3,NUP107,KLC4",True,112
Pathway,MM15309,REACTOME_RESPIRATORY_ELECTRON_TRANSPORT,Reactome Pathways,1.365e-11,5.047e-08,2.027e-10,1.782e-09,72,142,"SLC25A11,SLC25A12,LYRM7,COX19,COX5A,COX4I1,COX5B,COX6A1,COX8A,COX11,COX15,CYC1,SCO2,SLC25A18,COX17,NDUFA13,SLC25A13,ETFA,ETFB,ETFDH,FXN,UQCRQ,GOT1,GOT2,HSCB,COQ10A,HSPA9,MDH2,ACAD9,MT-CO1,MT-CO2,MT-CO3,TIMM21,MT-CYB,MT-ND1,MT-ND2,MT-ND4,MT-ND5,NDUFA2,NDUFA3,NDUFA4,NDUFA5,NDUFA8,NDUFA9,NDUFA10,NDUFAB1,NDUFB3,NDUFB4,NDUFB7,NDUFB8,NDUFB9,NDUFS1,NDUFS2,NDUFS3,NDUFV1,NDUFS8,NDUFV2,CYCS,UQCR10,NDUFAF5,NDUFS7,SLC25A22,SCO1,COQ10B,NUBPL,NDUFAF6,NDUFA12,COX18,HIGD1C,UQCRC1,UQCRC2,UQCRFS1",True,72
Pathway,M5583,REACTOME_MRNA_SPLICING_MINOR_PATHWAY,Reactome Pathways,1.557e-11,5.755e-08,2.293e-10,2.016e-09,35,50,"ZRSR2,EFTUD2,SNRNP40,DDX23,SF3B5,SF3B4,PRPF8,SF3B6,TXNL4A,SF3B2,SNRNP35,DDX42,NCBP1,YBX1,POLR2A,POLR2B,POLR2C,SRSF1,SRSF2,SRSF6,SRSF7,RNPC3,NCBP2,SNRNP48,SNRPB,SNRPD1,SNRPD2,SNRPD3,SNRPE,SNRNP200,SNRPF,SNRPG,SF3B3,SF3B1,PRPF6",True,35
Pathway,MM14610,REACTOME_TRANSPORT_OF_MATURE_MRNAS_DERIVED_FROM_INTRONLESS_TRANSCRIPTS,Reactome Pathways,1.557e-11,5.755e-08,2.293e-10,2.016e-09,35,50,"SEH1L,RAE1,NUP155,NUP93,NUP58,POM121,NUP153,ALYREF,POM121C,NUP50,NUP42,NUP54,NCBP1,NUP88,NUP98,NUP43,NUP37,CPSF1,RANBP2,NUP85,WDR33,SEC13,NUP35,NCBP2,NDC1,NUP133,NUP205,NUP210,NUP160,NUP188,TPR,NUP62,NUP107,NUP214,AAAS",True,35
Pathway,MM14948,REACTOME_REGULATION_OF_HSF1_MEDIATED_HEAT_SHOCK_RESPONSE,Reactome Pathways,1.79e-11,6.617e-08,2.626e-10,2.309e-09,45,73,"SEH1L,RAE1,BAG5,BAG3,BAG2,NUP155,NUP93,NUP58,POM121,NUP153,POM121C,NUP50,NUP42,GSK3B,HSPA1A,HSPA1B,HSPA4,HSPA5,HSPA8,HSPA9,NUP54,NUP88,NUP98,NUP43,NUP37,MAPK1,MAPK3,RANBP2,NUP85,SEC13,HSPA4L,NUP35,NDC1,NUP133,NUP205,NUP210,NUP160,SIRT1,NUP188,TPR,NUP62,YWHAE,NUP107,NUP214,AAAS",True,45
Pathway,M47752,KEGG_MEDICUS_REFERENCE_NUCLEAR_EXPORT_OF_MRNA,KEGG Medicus Pathways,1.987e-11,7.346e-08,2.904e-10,2.553e-09,25,30,"SEH1L,NUP155,NUP93,NUP58,POM121,ALYREF,NUP54,NCBP1,NUP88,NUP43,NUP37,RANBP2,NUP85,SRSF3,SRSF7,NUP35,NDC1,NUP133,NUP205,NUP210,NUP160,NUP188,NUP62,NUP107,NUP214",True,25
Pathway,M47799,KEGG_MEDICUS_REFERENCE_E2_ER_RAS_ERK_SIGNALING_PATHWAY,KEGG Medicus Pathways,2.215e-11,8.19e-08,3.212e-10,2.824e-09,21,23,"ARAF,ATF4,BRAF,CREB3L4,CREB3L1,CREB1,ATF2,ATF6B,CREB5,CREB3,CREB3L3,HRAS,KRAS,NRAS,MAPK1,MAPK3,MAP2K1,MAP2K2,RAF1,SRC,CREB3L2",True,21
Pathway,M47512,KEGG_MEDICUS_VARIANT_MUTATION_INACTIVATED_ATP2B3_TO_ANGIOTENSIN_ALDOSTERONE_SIGNALING_PATHWAY,KEGG Medicus Pathways,2.215e-11,8.19e-08,3.212e-10,2.824e-09,21,23,"CAMK1,ATF4,CALM1,CALM2,CALM3,CAMK4,CAMK2A,CAMK2B,CAMK2D,CAMK2G,CREB3L4,CREB3L1,CREB1,ATF2,ATF6B,CREB5,CREB3,CREB3L3,CREB3L2,CAMK1D,CAMK1G",True,21
Pathway,M27295,REACTOME_SUMOYLATION_OF_TRANSCRIPTION_COFACTORS,Reactome Pathways,2.279e-11,8.424e-08,3.291e-10,2.893e-09,32,44,"CBX4,PIAS1,BMI1,PIAS2,SIN3A,CREBBP,NCOR2,CTBP1,DAXX,DDX5,PHC1,PHC2,TRIM28,TOPORS,EP300,PIAS3,DDX17,PIAS4,PPARGC1A,CBX2,PARK7,HIPK2,NPM1,RING1,RNF2,PHC3,SCMH1,SUMO2,UBE2I,SUMO1,PCGF2,CBX8",True,32
Pathway,M47506,KEGG_MEDICUS_REFERENCE_ACTH_CORTISOL_SIGNALING_PATHWAY,KEGG Medicus Pathways,2.357e-11,8.713e-08,3.39e-10,2.981e-09,26,32,"ADCY1,ADCY2,ADCY3,ADCY5,ADCY6,ADCY7,ADCY8,ADCY9,ADCY4,ATF4,CREB3L4,CREB3L1,CREB1,ATF2,ATF6B,CREB5,CREB3,CREB3L3,GNAS,MC2R,POMC,PRKACA,PRKACB,PRKACG,SP1,CREB3L2",True,26
Pathway,M15898,KEGG_FRUCTOSE_AND_MANNOSE_METABOLISM,KEGG Legacy Pathways,2.608e-11,9.641e-08,3.737e-10,3.286e-09,27,34,"ALDOA,ALDOB,ALDOC,AKR1B1,MTMR1,FBP2,FCSK,FBP1,HK1,HK2,HK3,KHK,MPI,PFKFB1,PFKFB2,PFKFB3,PFKFB4,PFKL,PFKM,PFKP,GMPPB,GMPPA,PMM1,PMM2,SORD,TPI1,AKR1B10",True,27
Pathway,MM14945,REACTOME_NUCLEAR_PORE_COMPLEX_NPC_DISASSEMBLY,Reactome Pathways,2.65e-11,9.799e-08,3.783e-10,3.326e-09,30,40,"SEH1L,RAE1,NUP155,NUP93,NUP58,POM121,NUP153,POM121C,NUP50,NUP42,NUP54,NUP88,NUP98,NUP43,NUP37,RANBP2,NUP85,SEC13,NUP35,NDC1,NUP133,NUP205,NUP210,NUP160,NUP188,TPR,NUP62,NUP107,NUP214,AAAS",True,30
Pathway,M811,REACTOME_ADP_SIGNALLING_THROUGH_P2Y_PURINOCEPTOR_1,Reactome Pathways,3.769e-11,1.393e-07,5.278e-10,4.64e-09,22,25,"GNA14,GNB4,GNB5,GNG13,GNA11,GNA15,GNAQ,GNB1,GNB2,GNB3,GNG3,GNG4,GNG5,GNG7,GNG10,GNG11,GNGT1,GNGT2,GNG8,GNG2,SRC,GNG12",True,22
Pathway,M47775,KEGG_MEDICUS_PATHOGEN_SALMONELLA_SIFA_TO_MICROTUBULE_PLUS_END_DIRECTED_TRANSPORT,KEGG Medicus Pathways,3.769e-11,1.393e-07,5.278e-10,4.64e-09,22,25,"KLC3,TUBA1B,TUBB3,TUBB4A,TUBB4B,TUBA8,TUBB6,TUBA1C,TUBB8,TUBB2B,KIF5A,KIF5B,KLC1,TUBA3E,TUBB,TUBA3D,TUBA4A,TUBB2A,TUBB1,KLC2,TUBA1A,KLC4",True,22
Pathway,M14301,REACTOME_G_BETA_GAMMA_SIGNALLING_THROUGH_PI3KGAMMA,Reactome Pathways,3.769e-11,1.393e-07,5.278e-10,4.64e-09,22,25,"AKT1,AKT2,RHOA,AKT3,GNB4,GNB5,GNG13,GNB1,GNB2,GNB3,GNG3,GNG4,GNG5,GNG7,GNG10,GNG11,GNGT1,GNGT2,GNG8,GNG2,PIK3CG,GNG12",True,22
Pathway,MM15056,REACTOME_ADP_SIGNALLING_THROUGH_P2Y_PURINOCEPTOR_1,Reactome Pathways,3.769e-11,1.393e-07,5.278e-10,4.64e-09,22,25,"GNA14,GNB4,GNB5,GNG13,GNA11,GNA15,GNAQ,GNB1,GNB2,GNB3,GNG3,GNG4,GNG5,GNG7,GNG10,GNG11,GNGT1,GNGT2,GNG8,GNG2,SRC,GNG12",True,22
Pathway,M47510,KEGG_MEDICUS_VARIANT_MUTATION_ACTIVATED_KCNJ5_TO_ANGIOTENSIN_ALDOSTERONE_SIGNALING_PATHWAY,KEGG Medicus Pathways,3.769e-11,1.393e-07,5.278e-10,4.64e-09,22,25,"CAMK1,ATF4,CALM1,CALM2,CALM3,CAMK4,CAMK2A,CAMK2B,CAMK2D,CAMK2G,CREB3L4,CREB3L1,CREB1,ATF2,ATF6B,CREB5,CREB3,CREB3L3,KCNJ5,CREB3L2,CAMK1D,CAMK1G",True,22
Pathway,M47890,KEGG_MEDICUS_REFERENCE_KINETOCHORE_MICROTUBULE_ATTACHMENT,KEGG Medicus Pathways,3.825e-11,1.414e-07,5.296e-10,4.657e-09,19,20,"BUB1B,CENPE,CENPF,TUBA1B,TUBB3,TUBB4A,TUBB4B,TUBA8,TUBB6,TUBA1C,TUBB8,TUBB2B,TUBA3E,TUBB,TUBA3D,TUBA4A,TUBB2A,TUBB1,TUBA1A",True,19
Pathway,M27853,REACTOME_G_BETA_GAMMA_SIGNALLING_THROUGH_CDC42,Reactome Pathways,3.825e-11,1.414e-07,5.296e-10,4.657e-09,19,20,"CDC42,GNB4,GNB5,GNG13,GNB1,GNB2,GNB3,GNG3,GNG4,GNG5,GNG7,GNG10,GNG11,GNGT1,GNGT2,GNG8,PAK1,GNG2,GNG12",True,19
Pathway,MM15572,REACTOME_G_BETA_GAMMA_SIGNALLING_THROUGH_CDC42,Reactome Pathways,3.825e-11,1.414e-07,5.296e-10,4.657e-09,19,20,"CDC42,GNB4,GNB5,GNG13,GNB1,GNB2,GNB3,GNG3,GNG4,GNG5,GNG7,GNG10,GNG11,GNGT1,GNGT2,GNG8,PAK1,GNG2,GNG12",True,19
Pathway,M26995,REACTOME_PKA_ACTIVATION_IN_GLUCAGON_SIGNALLING,Reactome Pathways,4.163e-11,1.539e-07,5.721e-10,5.03e-09,17,17,"ADCY1,ADCY2,ADCY3,ADCY5,ADCY6,ADCY7,ADCY8,ADCY9,ADCY4,GNAS,PRKACA,PRKACB,PRKACG,PRKAR1A,PRKAR1B,PRKAR2A,PRKAR2B",True,17
Pathway,M47544,KEGG_MEDICUS_REFERENCE_CX3CR1_GNAI_AC_PKA_SIGNALING_PATHWAY,KEGG Medicus Pathways,4.163e-11,1.539e-07,5.721e-10,5.03e-09,17,17,"ADCY1,ADCY2,ADCY3,ADCY5,ADCY6,ADCY7,ADCY8,ADCY9,ADCY4,CX3CR1,GNAI1,GNAI2,GNAI3,PRKACA,PRKACB,PRKACG,CX3CL1",True,17
Pathway,M16024,KEGG_ALZHEIMERS_DISEASE,KEGG Legacy Pathways,4.178e-11,1.545e-07,5.721e-10,5.03e-09,80,167,"APOE,ATP2A1,ATP5F1A,ATP5F1B,ATP5F1C,ATP5F1D,ATP5PB,ATP5MC1,ATP5PF,ATP5PO,CACNA1F,CALM1,CALM2,CALM3,CALML3,CAPN1,CASP3,CDK5,COX5A,EIF2AK3,COX4I1,COX5B,COX6A1,COX8A,CYC1,ATP5PD,UQCRQ,GAPDH,CALML5,GNAQ,GSK3B,HSD17B10,IL1B,LRP1,MT-CO1,MT-CO2,MT-CO3,MT-CYB,NDUFA2,NDUFA3,NDUFA4,NDUFA5,NDUFA8,NDUFA9,NDUFA10,NDUFAB1,NDUFB3,NDUFB4,NDUFB7,NDUFB8,NDUFB9,NDUFS1,NDUFS2,NDUFS3,NDUFV1,NDUFS8,NDUFV2,CYCS,UQCR10,PLCB2,PLCB3,PLCB4,PPP3CB,MAPK1,MAPK3,NDUFS7,SDHA,SDHB,SDHC,SDHD,ATF6,SNCA,PLCB1,ADAM17,TNF,TNFRSF1A,UQCRC1,UQCRC2,UQCRFS1,CALML6",True,80
Pathway,M7272,KEGG_PARKINSONS_DISEASE,KEGG Legacy Pathways,4.229e-11,1.564e-07,5.77e-10,5.073e-09,67,131,"SLC25A4,SLC25A5,SLC25A6,ATP5F1A,ATP5F1B,ATP5F1C,ATP5F1D,ATP5PB,ATP5MC1,ATP5PF,ATP5PO,CASP3,COX5A,COX4I1,COX5B,COX6A1,COX8A,CYC1,ATP5PD,UQCRQ,PARK7,MT-CO1,MT-CO2,MT-CO3,MT-CYB,MT-ND1,MT-ND2,MT-ND4,MT-ND5,NDUFA2,NDUFA3,NDUFA4,NDUFA5,NDUFA8,NDUFA9,NDUFA10,NDUFAB1,NDUFB3,NDUFB4,NDUFB7,NDUFB8,NDUFB9,NDUFS1,NDUFS2,NDUFS3,NDUFV1,NDUFS8,NDUFV2,CYCS,PRKN,UQCR10,NDUFS7,LRRK2,SDHA,SDHB,SDHC,SDHD,SNCA,TH,UBB,UBA1,UQCRC1,UQCRC2,UQCRFS1,VDAC1,VDAC2,VDAC3",True,67
Pathway,M16763,KEGG_NEUROTROPHIN_SIGNALING_PATHWAY,KEGG Legacy Pathways,5.069e-11,1.874e-07,6.889e-10,6.058e-09,65,126,"ABL1,AKT1,AKT2,PIK3R3,RHOA,ARHGDIA,ATF4,BAX,BCL2,BRAF,RPS6KA4,CALM1,CALM2,CALM3,CALML3,CAMK4,CAMK2A,CAMK2B,CAMK2D,CAMK2G,CDC42,RPS6KA5,SH2B1,CSK,AKT3,GAB1,CALML5,YWHAQ,GRB2,GSK3B,HRAS,IRAK1,JUN,KRAS,MAP3K1,MAP3K5,NFKBIA,NRAS,NTRK2,PIK3CA,PIK3CB,PIK3CD,PIK3CG,PIK3R1,PIK3R2,PLCG1,PLCG2,MAPK1,MAPK3,MAPK8,MAPK9,MAP2K1,MAP2K2,RAC1,RAF1,RELA,SOS1,SOS2,TP53,YWHAB,YWHAE,YWHAG,YWHAH,YWHAZ,CALML6",True,65
Pathway,M27250,REACTOME_REGULATION_OF_HSF1_MEDIATED_HEAT_SHOCK_RESPONSE,Reactome Pathways,5.308e-11,1.962e-07,7.188e-10,6.32e-09,48,82,"SEH1L,RAE1,CCAR2,BAG5,BAG3,BAG2,NUP155,NUP93,NUP58,POM121,NUP153,POM121C,NUP50,NUP42,GSK3B,HSPA1A,HSPA1B,HSPA4,HSPA5,HSPA8,HSPA9,HSPB1,NUP54,NUP88,NUP98,NUP43,NUP37,MAPK1,MAPK3,RANBP2,NUP85,SEC13,HSPA4L,NUP35,NDC1,NUP133,NUP205,NUP210,NUP160,SIRT1,NUP188,TPR,NUP62,UBB,YWHAE,NUP107,NUP214,AAAS",True,48
Pathway,M1386,KEGG_PENTOSE_PHOSPHATE_PATHWAY,KEGG Legacy Pathways,5.376e-11,1.987e-07,7.254e-10,6.378e-09,23,27,"TKTL1,ALDOA,ALDOB,ALDOC,FBP2,PRPS1L1,H6PD,DERA,TKTL2,FBP1,G6PD,GPI,PFKL,PFKM,PFKP,PGD,PGM1,PRPS1,PRPS2,PGM2,RPIA,TALDO1,TKT",True,23
Pathway,M27550,REACTOME_RHO_GTPASES_ACTIVATE_FORMINS,Reactome Pathways,5.977e-11,2.21e-07,8.035e-10,7.065e-09,70,140,"SEH1L,KIF18A,ACTB,RHOA,RHOB,RHOC,DYNLL1,BUB1B,FMNL3,CDC20,CDC42,CENPA,CENPE,CENPF,DYNLL2,CKAP5,DIAPH1,DIAPH2,DYNC1H1,DYNC1I1,DYNC1I2,DYNC1LI2,DVL1,DVL2,DYNC1LI1,TUBA1B,TUBB3,TUBB4A,TUBB4B,TUBA8,TUBB6,TUBA1C,TUBB8,TUBB2B,ITGB1,KIF2A,MAD2L1,NUP98,NUP43,PAFAH1B1,PFN1,PFN2,NUP37,PLK1,RHOD,PPP1CC,NDE1,RAC1,RANBP2,RANGAP1,TUBAL3,NUP85,TUBA3E,SEC13,CENPT,MAPRE1,NUP133,SRC,NUP160,TUBA3D,SRGAP2,B9D2,TUBA4A,TUBB2A,TUBB1,XPO1,NDEL1,TUBA1A,DIAPH3,NUP107",True,70
Pathway,M27874,REACTOME_EXTRA_NUCLEAR_ESTROGEN_SIGNALING,Reactome Pathways,6.646e-11,2.457e-07,8.902e-10,7.827e-09,45,75,"AKT1,AKT2,PIK3R3,BCL2,CALM1,CAV1,CREB1,AKT3,EGFR,GNB4,FOS,GNB5,GNAT3,GNG13,GNAI1,GNAI2,GNAI3,GNB1,GNB2,GNB3,GNG3,GNG4,GNG5,GNG7,GNG10,GNG11,GNGT1,GNGT2,HRAS,HSPB1,HSP90AA1,KRAS,GNG8,NRAS,UHMK1,GNG2,PIK3CA,PIK3R1,PIK3R2,PRKCZ,MAPK1,MAPK3,SRC,GNG12,XPO1",True,45
Pathway,M4669,REACTOME_INFLUENZA_INFECTION,Reactome Pathways,6.791e-11,2.511e-07,9.003e-10,7.916e-09,76,157,"SEH1L,RAE1,SLC25A6,CALR,CANX,RPL23,KPNA7,CLTC,NUP155,NUP93,NUP58,POM121,NUP153,RPS27L,POM121C,NUP50,NUP42,HSPA1A,HSP90AA1,KPNA1,KPNA2,KPNA3,KPNA4,KPNA5,NUP54,RPL22L1,NUP88,NUP98,NUP43,NUP37,POLR2A,POLR2B,POLR2C,RAN,RANBP2,RPL5,RPL6,RPL7,RPL7A,RPL11,RPL19,RPL27,RPL36AL,NUP85,RPLP1,RPS2,RPS3,RPS9,RPS10,RPS11,RPS12,RPS13,RPS14,RPS18,RPS20,RPS21,RPS23,RPS25,RPS27A,SEC13,NUP35,NDC1,NUP133,NUP205,NUP210,NUP160,TGFB1,NUP188,TPR,NUP62,UBA52,XPO1,NUP107,NUP214,AAAS,PABPN1",True,76
Pathway,MM15219,REACTOME_RHO_GTPASES_ACTIVATE_IQGAPS,Reactome Pathways,6.794e-11,2.512e-07,9.003e-10,7.916e-09,24,29,"ACTB,IQGAP1,CALM1,CALM2,CALM3,CDC42,CTNNB1,TUBA1B,TUBB3,TUBB4A,TUBB4B,TUBA8,TUBB6,TUBA1C,TUBB2B,MEN1,IQGAP3,RAC1,TUBAL3,TUBA3D,TUBA4A,TUBB2A,TUBB1,TUBA1A",True,24
Pathway,M47515,KEGG_MEDICUS_VARIANT_MUTATION_ACTIVATED_GNAS_TO_ACTH_CORTISOL_SIGNALING_PATHWAY,KEGG Medicus Pathways,6.794e-11,2.512e-07,9.003e-10,7.916e-09,24,29,"ADCY1,ADCY2,ADCY3,ADCY5,ADCY6,ADCY7,ADCY8,ADCY9,ADCY4,ATF4,CREB3L4,CREB3L1,CREB1,ATF2,ATF6B,CREB5,CREB3,CREB3L3,GNAS,PRKACA,PRKACB,PRKACG,SP1,CREB3L2",True,24
Pathway,M49155,REACTOME_CELLULAR_RESPONSES_TO_MECHANICAL_STIMULI,Reactome Pathways,7.649e-11,2.828e-07,1.01e-09,8.88e-09,56,103,"ABL1,ADCY1,ADCY2,ADCY3,ADCY5,ADCY6,ADCY7,ADCY8,ADCY9,AKT1,ADCY4,ANXA2,CALM1,CDH5,IKBKE,CTNNB1,GNB4,FN1,GNB5,FYN,GNG13,GJA1,GNA11,GNAQ,GNAS,GNB1,GNB2,GNB3,GNG3,GNG4,GNG5,GNG7,GNG10,GNG11,GNGT1,GNGT2,HSPG2,ITGB1,GNG8,NFKBIA,GNG2,PIK3CA,PIK3CB,PIK3CD,PIK3R2,PRKACA,PRKACB,PRKACG,PRKAR1A,PRKAR1B,PRKAR2A,PRKAR2B,RELA,STAT1,GNG12,NLRP3",True,56
Pathway,M47554,KEGG_MEDICUS_REFERENCE_CXCR4_GNB_G_PLCB_PKC_SIGNALING_PATHWAY,KEGG Medicus Pathways,7.861e-11,2.906e-07,1.034e-09,9.093e-09,25,31,"GNB4,GNB5,GNG13,GNB1,GNB2,GNB3,GNG3,GNG4,GNG5,GNG7,GNG10,GNG11,GNGT1,GNGT2,GNG8,GNG2,PLCB2,PLCB3,PLCB4,PRKCA,PRKCB,PRKCG,GNG12,PLCB1,CXCR4",True,25
Pathway,MM14689,REACTOME_REGULATION_OF_APC_C_ACTIVATORS_BETWEEN_G1_S_AND_EARLY_ANAPHASE,Reactome Pathways,8.73e-11,3.228e-07,1.145e-09,1.006e-08,27,35,"CDC26,CDC23,CDC16,BUB1B,CDC20,CDC27,ANAPC15,FZR1,ANAPC10,ANAPC5,ANAPC7,ANAPC11,UBE2S,UBE2C,MAD2L1,ANAPC16,ANAPC2,PLK1,ANAPC4,RPS27A,SKP1,UBA52,UBB,UBC,UBE2D1,UBE2E1,ANAPC1",True,27
Pathway,MM14501,REACTOME_NEUROTRANSMITTER_RECEPTORS_AND_POSTSYNAPTIC_SIGNAL_TRANSMISSION,Reactome Pathways,9.932e-11,3.672e-07,1.298e-09,1.141e-08,71,144,"ACTN2,ADCY1,ADCY2,ADCY3,ADCY5,ADCY6,ADCY7,ADCY8,ADCY9,AP2A1,AP2A2,AP2B1,ADCY4,CAMK1,CALM1,CALM2,CALM3,CAMK2A,CAMK2B,CAMK2D,CAMK2G,CREB1,DLG4,GNB4,NCALD,CACNG2,GNB5,GNAT3,GABBR1,GABRA1,GABRA5,GABRB1,GABRG2,GABRR1,GABRR2,GNG13,GNAI1,GNAI2,GNAI3,GNAL,GNB1,GNB2,GNB3,GNG3,GNG4,GNG5,GNG7,GNG10,GNG11,GNGT1,GNGT2,GRIA1,KCNJ3,KCNJ5,KCNJ10,GNG8,MDM2,MYO6,NEFL,GNG2,PLCB2,PLCB3,PRKACA,PRKACB,PRKAR1A,PRKAR1B,PRKCB,PRKCG,GNG12,PLCB1,GRIP1",True,71
Pathway,M27606,REACTOME_TRNA_PROCESSING_IN_THE_NUCLEUS,Reactome Pathways,1.019e-10,3.766e-07,1.323e-09,1.163e-08,38,59,"SEH1L,RAE1,NUP155,CSTF2,NUP93,NUP58,DDX1,POM121,NUP153,TRNT1,RTCB,RPP38,POM121C,NUP50,CLP1,NUP42,NUP54,NUP88,NUP98,NUP43,NUP37,CPSF1,RAN,RANBP2,NUP85,SEC13,NUP35,NDC1,NUP133,NUP205,NUP210,NUP160,NUP188,TPR,NUP62,NUP107,NUP214,AAAS",True,38
Pathway,M2890,KEGG_CALCIUM_SIGNALING_PATHWAY,KEGG Legacy Pathways,1.02e-10,3.771e-07,1.323e-09,1.163e-08,83,178,"ADCY1,ADCY2,ADCY3,ADCY7,ADCY8,ADCY9,ADORA2A,ADRA1D,ADRA1B,ADRA1A,ADRB1,ADRB2,ADRB3,AGTR1,ADCY4,SLC25A4,SLC25A5,SLC25A6,ATP2A1,AVPR1A,AVPR1B,CACNA1F,CALM1,CALM2,CALM3,CALML3,CAMK4,CAMK2A,CAMK2B,CAMK2D,CAMK2G,CHRM1,GNA14,EGFR,PLCE1,ERBB2,CALML5,GNA11,GNA15,GNAL,GNAQ,GNAS,PLCD4,GRM1,GRM5,HRH1,HRH2,HTR2B,HTR2C,LHCGR,NTSR1,OXTR,P2RX4,PDE1A,PDE1C,PDE1B,PDGFRB,PLCB2,PLCB3,PLCB4,PLCD1,PLCG1,PLCG2,PPP3CB,PRKACA,PRKACB,PRKACG,PRKCA,PRKCB,PRKCG,PTAFR,RYR1,RYR2,PLCD3,SLC8A1,PLCB1,TBXA2R,TRHR,VDAC1,VDAC2,VDAC3,PLCZ1,CALML6",True,83
Pathway,MM14890,REACTOME_SEPARATION_OF_SISTER_CHROMATIDS,Reactome Pathways,1.064e-10,3.934e-07,1.375e-09,1.209e-08,84,181,"SEH1L,KIF18A,SMC1A,CDC26,DYNLL1,CDC23,CDC16,BUB1B,SMC3,CDC20,CDC27,CENPA,CENPE,CENPF,ANAPC15,DYNLL2,CKAP5,DYNC1H1,DYNC1I1,DYNC1I2,DYNC1LI2,DYNC1LI1,PSMD14,TUBA1B,TUBB3,TUBB4A,TUBB4B,ANAPC10,ANAPC5,ANAPC7,ANAPC11,STAG2,TUBA8,TUBB6,UBE2S,ADRM1,TUBA1C,UBE2C,TUBB2B,KIF2A,MAD2L1,ANAPC16,NUP98,NUP43,PAFAH1B1,NUP37,ANAPC2,PLK1,ANAPC4,PPP1CC,NDE1,PSMC1,PSMC5,PSMD2,PSMD3,PSMD13,RANBP2,RANGAP1,TUBAL3,NUP85,RPS27A,SEC13,CENPT,MAPRE1,NUP133,PDS5B,HDAC8,PDS5A,NUP160,TUBA3D,B9D2,TUBA4A,TUBB2A,TUBB1,UBA52,UBB,UBC,UBE2D1,UBE2E1,ANAPC1,XPO1,NDEL1,TUBA1A,NUP107",True,84
Pathway,M8229,REACTOME_TRANSLATION,Reactome Pathways,1.081e-10,3.997e-07,1.393e-09,1.225e-08,122,295,"YARS1,MRPS34,EIF3B,EIF3C,EIF3D,EIF3F,EIF3G,EIF3I,EIF2B4,EIF2B3,MRPL49,RPL23,MRPL33,PARS2,MRPL19,DDOST,ERAL1,MRPL54,MRPL53,MRPS16,MRPS18C,TSFM,RPS27L,EEF1A1,MRPL2,MRPL4,EEF1G,EEF2,MRPS2,EIF2S1,EIF2S3,EIF4A1,EIF4A2,EIF4B,MRPL46,EPRS1,MRPL51,MRPL30,MRPL27,MRPL10,KGD4,MRRF,MRPL45,PABPC1,MRPL43,SEC61B,MRPL3,HARS1,MRPS35,IARS1,GFM1,MARS1,RPL22L1,MRPL13,MRPL15,MRPL22,MRPS21,SEC61A1,MRPL50,MRPL16,RARS1,MRPS18A,MRPS10,SEC61A2,RPL5,RPL6,RPL7,RPL7A,RPL11,RPL19,MRPL23,RPL27,RPL36AL,RPLP1,MRPS12,RPN1,RPN2,RPS2,RPS3,RPS9,RPS10,RPS11,RPS12,RPS13,RPS14,RPS18,RPS20,RPS21,RPS23,RPS25,RPS27A,MRPL17,MRPS14,SRP9,SRP19,SRP54,SRP68,SRPRA,SSR4,MRPL21,HARS2,MRPS25,TUFM,UBA52,VARS1,WARS1,EIF4H,MRPS15,MRPS11,MRPS9,MRPS6,MRPS5,MRPL41,MRPL40,MRPL38,MRPL36,MRPL34,MRPL32,MRPL11,MRPL44,DAP3,MRPL47",True,122
Pathway,MM15590,REACTOME_EXTRA_NUCLEAR_ESTROGEN_SIGNALING,Reactome Pathways,1.148e-10,4.243e-07,1.473e-09,1.295e-08,43,71,"AKT1,AKT2,PIK3R3,CALM1,CALM2,CALM3,CAV1,CREB1,AKT3,EGFR,GNB4,GNB5,GNAT3,GNG13,GNAI1,GNAI2,GNAI3,GNB1,GNB2,GNB3,GNG3,GNG4,GNG5,GNG7,GNG10,GNG11,GNGT1,GNGT2,HRAS,HSPB1,HSP90AA1,KRAS,GNG8,UHMK1,GNG2,PIK3CA,PIK3R1,PIK3R2,PRKCZ,MAPK1,SRC,GNG12,XPO1",True,43
Pathway,MM15410,REACTOME_MRNA_SPLICING_MINOR_PATHWAY,Reactome Pathways,1.281e-10,4.736e-07,1.634e-09,1.437e-08,33,48,"ZRSR2,EFTUD2,SNRNP40,DDX23,SF3B5,SF3B4,PRPF8,TXNL4A,SF3B2,SNRNP35,DDX42,NCBP1,YBX1,POLR2A,POLR2B,POLR2C,SRSF1,SRSF2,SRSF7,RNPC3,NCBP2,SNRNP48,SNRPB,SNRPD1,SNRPD2,SNRPD3,SNRPE,SNRNP200,SNRPF,SNRPG,SF3B3,SF3B1,PRPF6",True,33
Pathway,M27251,REACTOME_HSP90_CHAPERONE_CYCLE_FOR_STEROID_HORMONE_RECEPTORS_SHR_IN_THE_PRESENCE_OF_LIGAND,Reactome Pathways,1.282e-10,4.74e-07,1.634e-09,1.437e-08,37,57,"AR,DYNLL1,CAPZA1,CAPZB,DYNLL2,DCTN1,DYNC1H1,DYNC1I1,DYNC1I2,DYNC1LI2,DYNC1LI1,DCTN4,TUBA1B,TUBB3,TUBB4A,TUBB4B,DCTN2,PTGES3,TUBA8,TUBB6,TUBA1C,DNAJA1,HSPA1A,HSPA1B,HSPA8,HSP90AA1,HSP90AB1,TUBB8,TUBB2B,PGR,TUBAL3,TUBA3E,TUBA3D,TUBA4A,TUBB2A,TUBB1,TUBA1A",True,37
Pathway,M47460,KEGG_MEDICUS_PATHOGEN_KSHV_VGPCR_TO_GNB_G_PI3K_AKT_SIGNALING_PATHWAY,KEGG Medicus Pathways,1.359e-10,5.025e-07,1.721e-09,1.513e-08,21,24,"AKT1,AKT2,AKT3,GNB4,GNB5,GNG13,GNB1,GNB2,GNB3,GNG3,GNG4,GNG5,GNG7,GNG10,GNG11,GNGT1,GNGT2,GNG8,GNG2,PIK3CG,GNG12",True,21
Pathway,M47509,KEGG_MEDICUS_VARIANT_MUTATION_ACTIVATED_CACNA1D_H_TO_ANGIOTENSIN_ALDOSTERONE_SIGNALING_PATHWAY,KEGG Medicus Pathways,1.359e-10,5.025e-07,1.721e-09,1.513e-08,21,24,"CAMK1,ATF4,CALM1,CALM2,CALM3,CAMK4,CAMK2A,CAMK2B,CAMK2D,CAMK2G,CREB3L4,CREB3L1,CREB1,ATF2,ATF6B,CREB5,CREB3,CREB3L3,CREB3L2,CAMK1D,CAMK1G",True,21
Pathway,M926,REACTOME_PROSTACYCLIN_SIGNALLING_THROUGH_PROSTACYCLIN_RECEPTOR,Reactome Pathways,1.487e-10,5.497e-07,1.863e-09,1.638e-08,18,19,"GNB4,GNB5,GNG13,GNAS,GNB1,GNB2,GNB3,GNG3,GNG4,GNG5,GNG7,GNG10,GNG11,GNGT1,GNGT2,GNG8,GNG2,GNG12",True,18
Pathway,M47596,KEGG_MEDICUS_REFERENCE_CXCL12_CXCR4_PKC_ERK_SIGNALING_PATHAWAY,KEGG Medicus Pathways,1.487e-10,5.497e-07,1.863e-09,1.638e-08,18,19,"ARAF,BRAF,GNAQ,PLCB2,PLCB3,PLCB4,PLCG1,PLCG2,PRKCA,PRKCB,PRKCG,MAPK1,MAPK3,MAP2K1,MAP2K2,RAF1,PLCB1,CXCR4",True,18
Pathway,MM15021,REACTOME_PROSTACYCLIN_SIGNALLING_THROUGH_PROSTACYCLIN_RECEPTOR,Reactome Pathways,1.487e-10,5.497e-07,1.863e-09,1.638e-08,18,19,"GNB4,GNB5,GNG13,GNAS,GNB1,GNB2,GNB3,GNG3,GNG4,GNG5,GNG7,GNG10,GNG11,GNGT1,GNGT2,GNG8,GNG2,GNG12",True,18
Pathway,M627,REACTOME_TGF_BETA_RECEPTOR_SIGNALING_IN_EMT_EPITHELIAL_TO_MESENCHYMAL_TRANSITION,Reactome Pathways,1.701e-10,6.29e-07,2.118e-09,1.862e-08,16,16,"CGN,RHOA,F11R,PARD6A,FKBP1A,PRKCZ,RPS27A,ARHGEF18,TGFB1,TGFBR1,TGFBR2,PARD3,UBA52,UBB,UBC,SMURF1",True,16
Pathway,MM14492,REACTOME_PKA_MEDIATED_PHOSPHORYLATION_OF_CREB,Reactome Pathways,1.701e-10,6.29e-07,2.118e-09,1.862e-08,16,16,"ADCY1,ADCY2,ADCY3,ADCY5,ADCY6,ADCY7,ADCY8,ADCY9,ADCY4,CALM1,CALM2,CALM3,PRKACA,PRKACB,PRKAR1A,PRKAR1B",True,16
Pathway,MM14495,REACTOME_CA_DEPENDENT_EVENTS,Reactome Pathways,1.878e-10,6.943e-07,2.314e-09,2.035e-08,22,26,"ADCY1,ADCY2,ADCY3,ADCY5,ADCY6,ADCY7,ADCY8,ADCY9,GRK2,ADCY4,CALM1,CALM2,CALM3,PDE1A,PDE1C,PDE1B,PRKACA,PRKACB,PRKAR1A,PRKAR1B,PRKCG,MAPK1",True,22
Pathway,MM15017,REACTOME_G_BETA_GAMMA_SIGNALLING_THROUGH_PI3KGAMMA,Reactome Pathways,1.878e-10,6.943e-07,2.314e-09,2.035e-08,22,26,"AKT1,AKT2,RHOA,AKT3,GNB4,GNB5,GNG13,GNB1,GNB2,GNB3,GNG3,GNG4,GNG5,GNG7,GNG10,GNG11,GNGT1,GNGT2,GNG8,GNG2,PIK3CG,GNG12",True,22
Pathway,M47562,KEGG_MEDICUS_PATHOGEN_HIV_GP120_TO_CXCR4_GNB_G_RAC_SIGNALING_PATHWAY,KEGG Medicus Pathways,1.878e-10,6.943e-07,2.314e-09,2.035e-08,22,26,"CCR5,GNB4,GNB5,GNG13,GNB1,GNB2,GNB3,GNG3,GNG4,GNG5,GNG7,GNG10,GNG11,GNGT1,GNGT2,GNG8,PAK1,GNG2,RAC1,RAC2,GNG12,CXCR4",True,22
Pathway,MM14756,REACTOME_SIGNALING_BY_WNT,Reactome Pathways,1.94e-10,7.173e-07,2.383e-09,2.095e-08,99,227,"TRRAP,FZD4,FZD6,AP2A1,AP2A2,AP2B1,PIP5K1B,AKT1,AKT2,CUL3,LEO1,CHD8,RHOA,ARRB2,RUVBL1,CALM1,CALM2,CALM3,CAMK2A,CAV1,ASH2L,CBY1,CLTC,VPS26A,CTBP1,CTBP2,CTNNB1,SOX7,PARD6A,RBX1,DVL1,DVL2,GNB4,KLHL12,PSMD14,EP300,KAT5,GNB5,FZD2,VPS29,GNG13,GNAO1,GNAT2,GNB1,GNB2,GNB3,GNG3,GNG4,GNG5,GNG7,GNG10,GNG11,GNGT1,GNGT2,ADRM1,GSK3B,HDAC1,KRAS,LRP5,GNG8,MEN1,BCL9L,PDE6G,PDE6B,GNG2,PFN1,PLCB2,PLCB3,PPP3CB,PRKCB,PRKCG,PSMC1,PSMC5,PSMD2,PSMD3,PSMD13,RAC1,RAC2,RBBP5,RPS27A,SKP1,VPS35,TNKS2,SOX4,GNG12,PLCB1,TERT,WNT5B,UBA52,UBB,UBC,WNT5A,WNT11,XPO1,YWHAZ,FZD5,FZD3,SMURF1,KMT2D",True,99
Pathway,M41811,REACTOME_RHOD_GTPASE_CYCLE,Reactome Pathways,1.992e-10,7.363e-07,2.438e-09,2.144e-08,35,53,"ACTN1,ADD3,ARHGAP1,STBD1,CAPZB,CAV1,VAPB,VAMP3,SLC4A7,AKAP12,TOR1AIP1,DBN1,DIAPH1,DIAPH2,LBR,LMNB1,MCAM,CPNE8,PIK3R1,PIK3R2,PLXNA1,PLXNB1,RHOD,EFHD2,ARHGAP17,STEAP3,DEPDC1B,ESYT1,ARHGAP39,TMPO,PAK6,RAB7A,DIAPH3,PAK5,VANGL1",True,35
Pathway,M791,REACTOME_GLUCAGON_LIKE_PEPTIDE_1_GLP1_REGULATES_INSULIN_SECRETION,Reactome Pathways,2.021e-10,7.473e-07,2.466e-09,2.169e-08,30,42,"ADCY5,ADCY6,ADCY8,IQGAP1,GNB4,GNB5,GNG13,GNAS,GNB1,GNB2,GNB3,GNG3,GNG4,GNG5,GNG7,GNG10,GNG11,GNGT1,GNGT2,RAPGEF4,GNG8,GNG2,PRKACA,PRKACB,PRKACG,PRKAR1A,PRKAR1B,PRKAR2A,PRKAR2B,GNG12",True,30
Pathway,M16817,KEGG_OOCYTE_MEIOSIS,KEGG Legacy Pathways,2.094e-10,7.741e-07,2.546e-09,2.239e-08,59,113,"SMC1A,ADCY1,ADCY2,ADCY3,ADCY5,ADCY6,ADCY7,ADCY8,ADCY9,ADCY4,AR,CDC26,CDC23,CDC16,CALM1,CALM2,CALM3,CALML3,CAMK2A,CAMK2B,CAMK2D,CAMK2G,SMC3,CDC20,CDC27,ANAPC13,RBX1,ANAPC10,ANAPC5,ANAPC7,ANAPC11,CALML5,YWHAQ,INS,MAD2L1,PGR,ANAPC2,PLK1,ANAPC4,PPP1CA,PPP1CB,PPP1CC,PPP3CB,PRKACA,PRKACB,PRKACG,MAPK1,MAPK3,MAP2K1,SKP1,AURKA,ANAPC1,YWHAB,YWHAE,YWHAG,YWHAH,YWHAZ,PLCZ1,CALML6",True,59
Pathway,M12467,KEGG_ERBB_SIGNALING_PATHWAY,KEGG Legacy Pathways,2.222e-10,8.214e-07,2.693e-09,2.368e-08,49,87,"ABL1,ABL2,AKT1,AKT2,PIK3R3,ARAF,BRAF,CAMK2A,CAMK2B,CAMK2D,CAMK2G,AKT3,EGFR,ERBB2,PAK4,GAB1,GRB2,GSK3B,HRAS,JUN,KRAS,MYC,NRAS,PAK1,PAK2,PAK3,PIK3CA,PIK3CB,PIK3CD,PIK3CG,PIK3R1,PIK3R2,PLCG1,PLCG2,PRKCA,PRKCB,PRKCG,MAPK1,MAPK3,MAPK8,MAPK9,MAP2K1,MAP2K2,RAF1,SOS1,SOS2,SRC,PAK6,PAK5",True,49
Pathway,MM15000,REACTOME_SUMOYLATION_OF_TRANSCRIPTION_COFACTORS,Reactome Pathways,2.273e-10,8.403e-07,2.746e-09,2.414e-08,29,40,"CBX4,PIAS1,BMI1,PIAS2,SIN3A,CTBP1,DAXX,DDX5,PHC1,PHC2,TOPORS,EP300,SUMO4,PIAS3,DDX17,PIAS4,CBX2,PARK7,HIPK2,NPM1,RING1,RNF2,PHC3,SCMH1,SUMO2,UBE2I,SUMO1,PCGF2,CBX8",True,29
Pathway,M26982,REACTOME_BUDDING_AND_MATURATION_OF_HIV_VIRION,Reactome Pathways,2.307e-10,8.529e-07,2.778e-09,2.443e-08,23,28,"CHMP2B,CHMP7,VPS28,UBAP1,CHMP4C,CHMP3,CHMP2A,MVB12A,CHMP4A,PPIA,VPS37C,CHMP6,CHMP4B,VPS37B,RPS27A,VPS37A,NEDD4L,TSG101,UBA52,UBB,UBC,VPS37D,MVB12B",True,23
Pathway,MM15143,REACTOME_ACTIVATION_OF_KAINATE_RECEPTORS_UPON_GLUTAMATE_BINDING,Reactome Pathways,2.752e-10,1.017e-06,3.303e-09,2.904e-08,25,32,"CALM1,CALM2,CALM3,DLG4,GNB4,NCALD,GNB5,GNG13,GNB1,GNB2,GNB3,GNG3,GNG4,GNG5,GNG7,GNG10,GNG11,GNGT1,GNGT2,GNG8,GNG2,PLCB2,PLCB3,GNG12,PLCB1",True,25
Pathway,M27546,REACTOME_DISEASES_OF_CARBOHYDRATE_METABOLISM,Reactome Pathways,2.767e-10,1.023e-06,3.31e-09,2.911e-08,26,34,"ALDOB,ARSB,G6PC3,GAA,GALNS,GBE1,GLB1,GNS,GUSB,GYS1,GYS2,HYAL1,IDS,IDUA,KHK,LCT,NAGLU,RPS27A,SGSH,SI,RPIA,TALDO1,HGSNAT,UBA52,UBB,UBC",True,26
Pathway,M47767,KEGG_MEDICUS_REFERENCE_MICROTUBULE_RHOA_SIGNALING_PATHWAY,KEGG Medicus Pathways,3.084e-10,1.14e-06,3.678e-09,3.234e-08,19,21,"RHOA,ROCK2,TUBA1B,TUBB3,TUBB4A,TUBB4B,TUBA8,TUBB6,TUBA1C,TUBB8,TUBB2B,ROCK1,TUBA3E,TUBB,TUBA3D,TUBA4A,TUBB2A,TUBB1,TUBA1A",True,19
Pathway,MM15371,REACTOME_SWITCHING_OF_ORIGINS_TO_A_POST_REPLICATIVE_STATE,Reactome Pathways,4.116e-10,1.522e-06,4.892e-09,4.302e-08,45,78,"CDC26,CDC23,CDC16,CDC6,CDC27,ANAPC15,RBX1,PSMD14,FZR1,ANAPC10,ANAPC5,ANAPC7,ANAPC11,MCM8,UBE2S,ADRM1,UBE2C,MCM2,MCM3,MCM4,MCM5,MCM6,MCM7,ANAPC16,ORC1,ORC2,ORC4,ORC5,ANAPC2,ANAPC4,PSMC1,PSMC5,PSMD2,PSMD3,PSMD13,RPS27A,SKP1,ORC3,UBA52,UBB,UBC,UBE2D1,UBE2E1,ANAPC1,CDT1",True,45
Pathway,M47900,KEGG_MEDICUS_REFERENCE_KINETOCHORE_FIBER_ORGANIZATION,KEGG Medicus Pathways,4.874e-10,1.802e-06,5.775e-09,5.078e-08,20,23,"CLTC,CKAP5,TUBA1B,TUBB3,TUBB4A,TUBB4B,TACC3,TUBA8,TUBB6,TUBA1C,TUBB8,TUBB2B,TUBA3E,TUBB,AURKA,TUBA3D,TUBA4A,TUBB2A,TUBB1,TUBA1A",True,20
Pathway,MM14949,REACTOME_HSP90_CHAPERONE_CYCLE_FOR_STEROID_HORMONE_RECEPTORS_SHR_IN_THE_PRESENCE_OF_LIGAND,Reactome Pathways,5.418e-10,2.003e-06,6.4e-09,5.627e-08,34,52,"AR,DYNLL1,CAPZB,DYNLL2,DCTN1,DYNC1H1,DYNC1I1,DYNC1I2,DYNC1LI2,DYNC1LI1,DCTN4,TUBA1B,TUBB3,TUBB4A,TUBB4B,DCTN2,PTGES3,TUBA8,TUBB6,TUBA1C,DNAJA1,HSPA1A,HSPA1B,HSPA8,HSP90AA1,HSP90AB1,TUBB2B,PGR,TUBAL3,TUBA3D,TUBA4A,TUBB2A,TUBB1,TUBA1A",True,34
Pathway,M47753,KEGG_MEDICUS_VARIANT_MUTATION_CAUSED_ABERRANT_DCTN1_TO_RETROGRADE_AXONAL_TRANSPORT,KEGG Medicus Pathways,5.762e-10,2.13e-06,6.785e-09,5.965e-08,17,18,"DCTN1,TUBA1B,TUBB3,TUBB4A,TUBB4B,TUBA8,TUBB6,TUBA1C,TUBB8,TUBB2B,TUBA3E,TUBB,TUBA3D,TUBA4A,TUBB2A,TUBB1,TUBA1A",True,17
Pathway,M27855,REACTOME_METABOLISM_OF_COFACTORS,Reactome Pathways,6.516e-10,2.409e-06,7.6e-09,6.682e-08,21,25,"ACO1,AKT1,CALM1,DHFR,COQ6,COQ4,COQ7,COQ5,GCH1,COQ3,COQ2,HPDL,HSP90AA1,IDH1,PRKG2,COQ8B,PDSS1,STARD7,COQ8A,COQ9,PDSS2",True,21
Pathway,MM15574,REACTOME_METABOLISM_OF_COFACTORS,Reactome Pathways,6.516e-10,2.409e-06,7.6e-09,6.682e-08,21,25,"ACO1,AKT1,CALM1,CALM2,CALM3,COQ6,COQ4,COQ7,COQ5,GCH1,COQ3,COQ2,HPDL,HSP90AA1,IDH1,COQ8B,PDSS1,STARD7,COQ8A,COQ9,PDSS2",True,21
Pathway,M47511,KEGG_MEDICUS_VARIANT_MUTATION_INACTIVATED_ATP1A1_TO_ANGIOTENSIN_ALDOSTERONE_SIGNALING_PATHWAY,KEGG Medicus Pathways,6.516e-10,2.409e-06,7.6e-09,6.682e-08,21,25,"CAMK1,ATF4,CALM1,CALM2,CALM3,CAMK4,CAMK2A,CAMK2B,CAMK2D,CAMK2G,CREB3L4,CREB3L1,CREB1,ATF2,ATF6B,CREB5,CREB3,CREB3L3,CREB3L2,CAMK1D,CAMK1G",True,21
Pathway,MM14875,REACTOME_TGF_BETA_RECEPTOR_SIGNALING_IN_EMT_EPITHELIAL_TO_MESENCHYMAL_TRANSITION,Reactome Pathways,6.952e-10,2.57e-06,8.031e-09,7.062e-08,15,15,"CGN,RHOA,F11R,PARD6A,PRKCZ,RPS27A,ARHGEF18,TGFB1,TGFBR1,TGFBR2,PARD3,UBA52,UBB,UBC,SMURF1",True,15
Pathway,M13465,KEGG_TERPENOID_BACKBONE_BIOSYNTHESIS,KEGG Legacy Pathways,6.952e-10,2.57e-06,8.031e-09,7.062e-08,15,15,"ACAT1,ACAT2,GGPS1,IDI2,FDPS,PMVK,HMGCR,HMGCS1,HMGCS2,IDI1,MVD,MVK,DHDDS,PDSS1,PDSS2",True,15
Pathway,M47504,KEGG_MEDICUS_REFERENCE_PTH_PTH1R_PKA_SIGNALING_PATHWAY,KEGG Medicus Pathways,6.952e-10,2.57e-06,8.031e-09,7.062e-08,15,15,"ADCY1,ADCY2,ADCY3,ADCY5,ADCY6,ADCY7,ADCY8,ADCY9,ADCY4,GNAS,PRKACA,PRKACB,PRKACG,PTH,PTH1R",True,15
Pathway,M27554,REACTOME_DISEASES_OF_METABOLISM,Reactome Pathways,7.047e-10,2.605e-06,8.116e-09,7.136e-08,109,262,"SFTA3,ACAT1,ADA,ACAN,AHCY,ALDOB,APRT,ARSB,BCKDHA,BCKDHB,DPM1,DPM2,LARGE1,MUC17,MPDU1,NCAN,NUS1,CYP1B1,CYP11A1,DAG1,DBT,B3GAT3,HIBCH,DLD,DPAGT1,SLC26A2,ECHS1,ALG3,BCKDK,EXT1,EXT2,FDX1,FDXR,POMT1,G6PC3,GAA,GALK1,GALNS,GALNT3,GBE1,GFPT1,B4GALT1,GLB1,GNS,B4GAT1,GUSB,GYS1,GYS2,MAN1B1,ALG14,HPRT1,HSPG2,HYAL1,IDH1,IDS,IDUA,KHK,MUC16,LCT,MAT1A,MC2R,MGAT2,MPI,MTR,MTRR,MUC7,NAGLU,CYP26C1,PNP,PC,DPM3,PGM1,ALG8,ALG6,ALG12,PMM2,POMT2,POMC,SRD5A3,ALG11,GALNT12,ALG13,DHDDS,RPS27A,FDX2,ADAMTS20,SDC1,SGSH,DOLK,POMGNT1,SI,RPIA,ADAMTS18,TALDO1,ALG1,HGSNAT,MUC5B,THBS1,CYP2U1,MMAB,AGRN,TPMT,UBA52,UBB,UBC,CYP26B1,MUC13,GALM,CUBN",True,109
Pathway,M27547,REACTOME_DISEASES_OF_SIGNAL_TRANSDUCTION_BY_GROWTH_FACTOR_RECEPTORS_AND_SECOND_MESSENGERS,Reactome Pathways,7.214e-10,2.667e-06,8.283e-09,7.283e-08,169,454,"ACTB,FZD4,FZD6,MIB1,AKT1,AKT2,ALK,WDR48,PIK3R3,KIAA1549,AP3B1,ARAF,ARRB1,ARRB2,ATIC,TRIM24,IQGAP1,HDAC3,KSR1,KAT2B,BRAF,CALM1,CAMK2A,CAMK2B,CAMK2D,CAMK2G,PAPSS1,CD80,CD86,CEBPB,CLCN6,CLTC,QKI,EIF2AK3,CREB1,CREBBP,NCOR1,NCOR2,CSK,CTBP1,CTBP2,CTNNB1,CUX1,FAM131B,HDAC4,DCTN1,RBX1,AKT3,HDAC6,BCL2L11,DUSP6,EEF1G,AKAP9,EGFR,PSMD14,EP300,ERBB2,FGFR1,FKBP1A,FN1,ATG7,SND1,FYN,GAB1,FAM114A2,KAT2A,OS9,GOLGA4,TENT4A,ADRM1,CPSF6,EML4,CNTRL,GRB2,GSK3B,ERLIN2,HDAC1,HDAC2,HRAS,HSP90AA1,IL10,JAK2,JUN,KIF5B,KLC1,KRAS,LCK,LMNA,LRP5,SMAD4,MDM2,MECP2,MSN,MYC,MYH9,NCBP1,NF1,NPM1,NRAS,NTRK2,PEBP1,PDGFRB,PIK3CA,PIK3CB,PIK3CD,PIK3CG,PIK3R1,PIK3R2,PLCG1,POLR2A,POLR2B,POLR2C,PPM1B,PPP1CB,PPP1CC,PRKAR1A,MAPK1,MAPK3,MAPK8,MAPK9,MAP2K1,MAP2K2,ESRP1,PSMC1,PSMC5,PSMD2,PSMD3,PSMD13,PTEN,RAC1,RAC2,RAF1,RANBP2,AGGF1,TBL1XR1,RPS27A,SHH,SKP1,TRAK1,NCBP2,SNW1,AGK,TNKS2,SOS1,SRC,HDAC8,STAT1,STAT3,MPRIP,ADAM17,TBL1X,TGFB1,TGFBR1,TGFBR2,KDM7A,TP53,TPM3,TPR,UBA52,UBB,UBC,VCP,VWF,YWHAB,ZAP70,ZC3HAV1,FZD5,AGTRAP,FXR1",True,169
Pathway,M27666,REACTOME_SWITCHING_OF_ORIGINS_TO_A_POST_REPLICATIVE_STATE,Reactome Pathways,7.297e-10,2.698e-06,8.352e-09,7.343e-08,45,79,"CDC26,CDC23,CDC16,CDC6,CDC27,ANAPC15,RBX1,PSMD14,FZR1,ANAPC10,ANAPC5,ANAPC7,ANAPC11,MCM8,UBE2S,ADRM1,UBE2C,MCM2,MCM3,MCM4,MCM5,MCM6,MCM7,ANAPC16,ORC1,ORC2,ORC4,ORC5,ANAPC2,ANAPC4,PSMC1,PSMC5,PSMD2,PSMD3,PSMD13,RPS27A,SKP1,ORC3,UBA52,UBB,UBC,UBE2D1,UBE2E1,ANAPC1,CDT1",True,45
Pathway,MM15674,REACTOME_SEALING_OF_THE_NUCLEAR_ENVELOPE_NE_BY_ESCRT_III,Reactome Pathways,7.776e-10,2.875e-06,8.872e-09,7.801e-08,22,27,"CHMP2B,CHMP7,TUBA1B,TUBB3,TUBB4A,TUBB4B,CHMP4C,CHMP3,TUBA8,CHMP2A,TUBB6,TUBA1C,TUBB2B,RNF103-CHMP3,CHMP6,CHMP4B,TUBAL3,TUBA3D,TUBA4A,TUBB2A,TUBB1,TUBA1A",True,22
Pathway,M47774,KEGG_MEDICUS_REFERENCE_ARL8_REGULATED_MICROTUBULE_PLUS_END_DIRECTED_TRANSPORT,KEGG Medicus Pathways,8.238e-10,3.046e-06,9.371e-09,8.24e-08,26,35,"KLC3,TUBA1B,TUBB3,TUBB4A,TUBB4B,BLOC1S1,TUBA8,TUBB6,TUBA1C,TUBB8,TUBB2B,KIF5A,KIF5B,KLC1,BORCS7,BLOC1S2,BORCS6,TUBA3E,TUBB,TUBA3D,TUBA4A,TUBB2A,TUBB1,KLC2,TUBA1A,KLC4",True,26
Pathway,M47970,KEGG_MEDICUS_REFERENCE_MITOCHONDRIAL_COMPLEX_UCP1_IN_THERMOGENESIS,KEGG Medicus Pathways,8.477e-10,3.134e-06,9.613e-09,8.452e-08,38,62,"ATP5F1A,ATP5F1D,ATP5PO,COX5A,COX4I1,COX8A,COX10,COX11,COX15,CYC1,NDUFA13,UQCRQ,COA6,NDUFA2,NDUFA4,NDUFA8,NDUFA9,NDUFA10,NDUFB3,NDUFB7,NDUFB8,NDUFB9,NDUFS1,NDUFS2,NDUFS3,NDUFV1,NDUFS8,NDUFV2,NDUFAF5,NDUFS7,SDHA,SDHB,SDHC,SDHD,NDUFAF6,NDUFA12,UQCRC2,UQCRFS1",True,38
Pathway,M47627,KEGG_MEDICUS_REFERENCE_TSH_TG_SIGNALING_PATHWAY,KEGG Medicus Pathways,8.546e-10,3.159e-06,9.633e-09,8.47e-08,23,29,"ADCY1,ADCY2,ADCY3,ADCY5,ADCY6,ADCY7,ADCY8,ADCY9,ADCY4,ATF4,CREB3L4,CREB3L1,CREB1,ATF2,ATF6B,CREB5,CREB3,CREB3L3,GNAS,PRKACA,PRKACB,PRKACG,CREB3L2",True,23
Pathway,M47466,KEGG_MEDICUS_PATHOGEN_KSHV_VGPCR_TO_GNB_G_PI3K_JNK_SIGNALING_PATHWAY,KEGG Medicus Pathways,8.546e-10,3.159e-06,9.633e-09,8.47e-08,23,29,"GNB4,GNB5,GNG13,GNB1,GNB2,GNB3,GNG3,GNG4,GNG5,GNG7,GNG10,GNG11,GNGT1,GNGT2,IL6,GNG8,GNG2,PIK3CG,MAPK8,MAPK9,RAC1,RELA,GNG12",True,23
Pathway,MM15094,REACTOME_VASOPRESSIN_REGULATES_RENAL_WATER_HOMEOSTASIS_VIA_AQUAPORINS,Reactome Pathways,8.829e-10,3.264e-06,9.921e-09,8.723e-08,24,31,"AVPR2,RAB11A,GNB4,GNB5,GNG13,GNAS,GNB1,GNB2,GNB3,GNG3,GNG4,GNG5,GNG7,GNG10,GNG11,GNGT1,GNGT2,GNG8,GNG2,PRKACA,PRKACB,PRKAR1A,PRKAR1B,GNG12",True,24
Pathway,MM14631,REACTOME_INTEGRATION_OF_ENERGY_METABOLISM,Reactome Pathways,9.817e-10,3.629e-06,1.1e-08,9.67e-08,42,72,"ADCY5,ADCY6,ADRA2A,CD36,GNA14,GNB4,ACSL3,GNB5,GNG13,GCGR,GNA11,GNA15,GNAI1,GNAI2,GNAQ,GNAS,GNB1,GNB2,GNB3,GNG3,GNG4,GNG5,GNG7,GNG10,GNG11,GNGT1,GNGT2,RAPGEF4,GNG8,GNG2,PLCB2,PLCB3,PRKACA,PRKACB,PRKAR1A,PRKAR1B,SLC2A1,SLC2A2,GNG12,PLCB1,TALDO1,TKT",True,42
Pathway,M39015,REACTOME_ABERRANT_REGULATION_OF_MITOTIC_EXIT_IN_CANCER_DUE_TO_RB1_DEFECTS,Reactome Pathways,1.143e-09,4.224e-06,1.261e-08,1.109e-07,18,20,"CDC26,CDC23,CDC16,CDC27,ANAPC15,FZR1,ANAPC10,ANAPC5,ANAPC7,ANAPC11,UBE2S,UBE2C,ANAPC16,ANAPC2,ANAPC4,UBE2D1,UBE2E1,ANAPC1",True,18
Pathway,M1050,REACTOME_PHOSPHORYLATION_OF_THE_APC_C,Reactome Pathways,1.143e-09,4.224e-06,1.261e-08,1.109e-07,18,20,"CDC26,CDC23,CDC16,CDC27,ANAPC15,ANAPC10,ANAPC5,ANAPC7,ANAPC11,UBE2S,UBE2C,ANAPC16,ANAPC2,PLK1,ANAPC4,UBE2D1,UBE2E1,ANAPC1",True,18
Pathway,M47911,KEGG_MEDICUS_REFERENCE_MICROTUBULE_DEPOLYMERIZATION_AT_THE_MINUS_ENDS,KEGG Medicus Pathways,1.143e-09,4.224e-06,1.261e-08,1.109e-07,18,20,"TUBA1B,TUBB3,TUBB4A,TUBB4B,TUBA8,TUBB6,TUBA1C,TUBB8,TUBB2B,KIF2A,PLK1,TUBA3E,TUBB,TUBA3D,TUBA4A,TUBB2A,TUBB1,TUBA1A",True,18
Pathway,M759,REACTOME_PKA_MEDIATED_PHOSPHORYLATION_OF_CREB,Reactome Pathways,1.143e-09,4.224e-06,1.261e-08,1.109e-07,18,20,"ADCY1,ADCY2,ADCY3,ADCY5,ADCY6,ADCY7,ADCY8,ADCY9,ADCY4,CALM1,CREB1,PRKACA,PRKACB,PRKACG,PRKAR1A,PRKAR1B,PRKAR2A,PRKAR2B",True,18
Pathway,MM14690,REACTOME_PHOSPHORYLATION_OF_THE_APC_C,Reactome Pathways,1.143e-09,4.224e-06,1.261e-08,1.109e-07,18,20,"CDC26,CDC23,CDC16,CDC27,ANAPC15,ANAPC10,ANAPC5,ANAPC7,ANAPC11,UBE2S,UBE2C,ANAPC16,ANAPC2,PLK1,ANAPC4,UBE2D1,UBE2E1,ANAPC1",True,18
Pathway,M27651,REACTOME_COPI_INDEPENDENT_GOLGI_TO_ER_RETROGRADE_TRAFFIC,Reactome Pathways,1.155e-09,4.27e-06,1.271e-08,1.117e-07,34,53,"PLA2G6,DYNLL1,CAPZA1,CAPZB,DYNLL2,DCTN1,DYNC1H1,DYNC1I1,DYNC1I2,DYNC1LI2,DYNC1LI1,DCTN4,TUBA1B,TUBB3,TUBB4A,TUBB4B,DCTN2,RAB6B,GALNT2,TUBA8,TUBB6,TUBA1C,TUBB8,TUBB2B,PAFAH1B1,PAFAH1B2,RAB6A,TUBAL3,TUBA3E,TUBA3D,TUBA4A,TUBB2A,TUBB1,TUBA1A",True,34
Pathway,M9011,KEGG_VASOPRESSIN_REGULATED_WATER_REABSORPTION,KEGG Legacy Pathways,1.229e-09,4.544e-06,1.348e-08,1.186e-07,30,44,"ADCY3,ADCY6,ADCY9,ARHGDIA,DYNLL1,AVPR2,RAB11A,CREB3L4,CREB3L1,CREB1,CREB5,DYNLL2,DCTN1,DYNC1H1,DYNC1I1,DYNC1I2,DYNC1LI2,DYNC1LI1,DCTN4,CREB3,DCTN2,DYNC2LI1,CREB3L3,GNAS,PRKACA,PRKACB,PRKACG,RAB5A,DYNC2H1,CREB3L2",True,30
Pathway,M13266,KEGG_RENAL_CELL_CARCINOMA,KEGG Legacy Pathways,1.308e-09,4.837e-06,1.431e-08,1.258e-07,41,70,"AKT1,AKT2,PIK3R3,ARAF,ARNT,BRAF,CDC42,CREBBP,RBX1,AKT3,EP300,PAK4,FH,GAB1,GRB2,HIF1A,HRAS,JUN,KRAS,NRAS,PAK1,PAK2,PAK3,PIK3CA,PIK3CB,PIK3CD,PIK3CG,PIK3R1,PIK3R2,MAPK1,MAPK3,MAP2K1,MAP2K2,RAC1,RAF1,SLC2A1,SOS1,SOS2,TGFB1,PAK6,PAK5",True,41
Pathway,M983,REACTOME_INTERFERON_SIGNALING,Reactome Pathways,1.334e-09,4.93e-06,1.454e-08,1.279e-07,114,280,"SEH1L,MAVS,RAE1,FANCM,PIAS1,SOCS1,CAMK2A,CAMK2B,CAMK2D,CAMK2G,SOCS3,KPNA7,ARIH1,EIF2AK3,NUP155,NUP93,EIF4A3,NUP58,DHX9,POM121,NUP153,EIF2S1,EIF2S3,EIF4A1,EIF4A2,TUBA1B,TUBB3,TUBB4A,TUBB4B,FCGR1A,IP6K2,FLNA,FLNB,POM121C,NUP50,TUBA8,TUBB6,IFI44L,TUBA1C,NUP42,HLA-A,HLA-B,HSPA1A,HSPA1B,HSPA5,HSPA8,ICAM1,IRF8,IFI35,IFNAR1,IFNG,ILF2,ILF3,TUBB8,TUBB2B,JAK2,KPNA1,KPNA2,KPNA3,KPNA4,KPNA5,NUP54,MX1,NEDD4,NPM1,YBX1,NUP88,NUP98,NUP43,NUP37,PLCG1,PML,PPM1B,MAPK1,MAPK3,PTAFR,RAF1,RANBP2,TUBAL3,NUP85,TUBA3E,RPS27A,SEC13,NUP35,ATF6,NDC1,NUP133,SNCA,SP100,STAT1,STAT2,STAT3,NUP205,NUP210,NUP160,TUBA3D,NUP188,TP53,TPR,NUP62,TUBA4A,TUBB2A,TUBB1,UBA52,UBB,UBC,UBE2E1,UBE2I,SUMO1,TRIM26,TUBA1A,NUP107,NUP214,AAAS",True,114
Pathway,M1979,KEGG_GNRH_SIGNALING_PATHWAY,KEGG Legacy Pathways,1.359e-09,5.026e-06,1.478e-08,1.3e-07,53,101,"ADCY1,ADCY2,ADCY3,ADCY5,ADCY6,ADCY7,ADCY8,ADCY9,PLA2G6,ADCY4,ATF4,CACNA1F,CALM1,CALM2,CALM3,CALML3,CAMK2A,CAMK2B,CAMK2D,CAMK2G,CDC42,EGFR,CALML5,GNA11,GNAQ,GNAS,GNRHR,GRB2,HRAS,JUN,KRAS,MAP3K1,NRAS,PLCB2,PLCB3,PLCB4,PRKACA,PRKACB,PRKACG,PRKCA,PRKCB,MAPK1,MAPK3,MAPK8,MAPK9,MAP2K1,MAP2K2,RAF1,SOS1,SOS2,SRC,PLCB1,CALML6",True,53
Pathway,MM15071,REACTOME_REGULATION_OF_INSULIN_SECRETION,Reactome Pathways,2.143e-09,7.922e-06,2.323e-08,2.043e-07,37,61,"ADCY5,ADCY6,ADRA2A,CD36,GNA14,GNB4,ACSL3,GNB5,GNG13,GNA11,GNA15,GNAI1,GNAI2,GNAQ,GNAS,GNB1,GNB2,GNB3,GNG3,GNG4,GNG5,GNG7,GNG10,GNG11,GNGT1,GNGT2,RAPGEF4,GNG8,GNG2,PLCB2,PLCB3,PRKACA,PRKACB,SLC2A1,SLC2A2,GNG12,PLCB1",True,37
Pathway,M47768,KEGG_MEDICUS_PATHOGEN_ESCHERICHIA_ESPG_TO_MICROTUBULE_RHOA_SIGNALING_PATHWAY,KEGG Medicus Pathways,2.226e-09,8.23e-06,2.4e-08,2.11e-07,16,17,"TUBA1B,TUBB3,TUBB4A,TUBB4B,TUBA8,TUBB6,TUBA1C,TUBB8,TUBB2B,TUBA3E,TUBB,TUBA3D,TUBA4A,TUBB2A,TUBB1,TUBA1A",True,16
Pathway,MM14731,REACTOME_TRANSPORT_OF_CONNEXONS_TO_THE_PLASMA_MEMBRANE,Reactome Pathways,2.226e-09,8.23e-06,2.4e-08,2.11e-07,16,17,"TUBA1B,TUBB3,TUBB4A,TUBB4B,TUBA8,TUBB6,GJA1,GJB2,TUBA1C,TUBB2B,TUBAL3,TUBA3D,TUBA4A,TUBB2A,TUBB1,TUBA1A",True,16
Pathway,M19818,KEGG_NON_SMALL_CELL_LUNG_CANCER,KEGG Legacy Pathways,2.383e-09,8.811e-06,2.561e-08,2.252e-07,34,54,"AKT1,AKT2,PIK3R3,ARAF,BRAF,CDKN2A,AKT3,EGFR,ERBB2,GRB2,HRAS,KRAS,NRAS,PIK3CA,PIK3CB,PIK3CD,PIK3CG,PIK3R1,PIK3R2,PLCG1,PLCG2,PRKCA,PRKCB,PRKCG,MAPK1,MAPK3,MAP2K1,MAP2K2,RAF1,RARB,RXRG,SOS1,SOS2,TP53",True,34
Pathway,MM15266,REACTOME_RHO_GTPASES_ACTIVATE_FORMINS,Reactome Pathways,2.4e-09,8.874e-06,2.572e-08,2.262e-07,67,141,"SEH1L,KIF18A,ACTB,RHOA,RHOB,RHOC,DYNLL1,BUB1B,FMNL3,CDC20,CDC42,CENPA,CENPE,CENPF,DYNLL2,CKAP5,DIAPH1,DIAPH2,DYNC1H1,DYNC1I1,DYNC1I2,DYNC1LI2,DVL1,DVL2,DYNC1LI1,TUBA1B,TUBB3,TUBB4A,TUBB4B,TUBA8,TUBB6,TUBA1C,TUBB2B,KIF2A,MAD2L1,NUP98,NUP43,PAFAH1B1,PFN1,PFN2,NUP37,PLK1,RHOD,PPP1CC,NDE1,RAC1,RANBP2,RANGAP1,TUBAL3,NUP85,SEC13,CENPT,MAPRE1,NUP133,SRC,NUP160,TUBA3D,SRGAP2,B9D2,TUBA4A,TUBB2A,TUBB1,XPO1,NDEL1,TUBA1A,DIAPH3,NUP107",True,67
Pathway,MM15392,REACTOME_GLUCONEOGENESIS,Reactome Pathways,2.6e-09,9.611e-06,2.746e-08,2.415e-07,21,26,"ALDOA,ALDOB,ALDOC,G6PC2,FBP2,GAPDHS,ENO2,ENO3,FBP1,G6PC3,GAPDH,ENO4,GPI,PC,PCK2,PGAM1,PGAM2,PGK1,PGK2,TPI1,PGAM4",True,21
Pathway,M4377,KEGG_GALACTOSE_METABOLISM,KEGG Legacy Pathways,2.6e-09,9.611e-06,2.746e-08,2.415e-07,21,26,"AKR1B1,G6PC2,B4GALT2,MGAM,GAA,GALK1,GALK2,GANC,GCK,B4GALT1,GLB1,HK1,HK2,HK3,LCT,PFKL,PFKM,PFKP,PGM1,PGM2,UGP2",True,21
Pathway,M13748,REACTOME_GLUCONEOGENESIS,Reactome Pathways,2.6e-09,9.611e-06,2.746e-08,2.415e-07,21,26,"ALDOA,ALDOB,ALDOC,G6PC2,FBP2,GAPDHS,ENO1,ENO2,ENO3,FBP1,G6PC3,GAPDH,ENO4,GPI,PC,PCK2,PGAM1,PGAM2,PGK1,PGK2,TPI1",True,21
Pathway,M47561,KEGG_MEDICUS_REFERENCE_CXCR4_GNB_G_RAC_SIGNALING_PATHWAY,KEGG Medicus Pathways,2.6e-09,9.611e-06,2.746e-08,2.415e-07,21,26,"GNB4,GNB5,GNG13,GNB1,GNB2,GNB3,GNG3,GNG4,GNG5,GNG7,GNG10,GNG11,GNGT1,GNGT2,GNG8,PAK1,GNG2,RAC1,RAC2,GNG12,CXCR4",True,21
Pathway,M47456,KEGG_MEDICUS_REFERENCE_CXCR_GNB_G_PI3K_AKT_SIGNALING_PATHWAY,KEGG Medicus Pathways,2.6e-09,9.611e-06,2.746e-08,2.415e-07,21,26,"AKT1,AKT2,AKT3,GNB4,GNB5,GNG13,GNB1,GNB2,GNB3,GNG3,GNG4,GNG5,GNG7,GNG10,GNG11,GNGT1,GNGT2,GNG8,GNG2,PIK3CG,GNG12",True,21
Pathway,M27491,REACTOME_RHO_GTPASES_ACTIVATE_IQGAPS,Reactome Pathways,2.706e-09,1e-05,2.842e-08,2.499e-07,24,32,"ACTB,IQGAP1,CALM1,CDC42,CTNNB1,TUBA1B,TUBB3,TUBB4A,TUBB4B,TUBA8,TUBB6,TUBA1C,TUBB8,TUBB2B,MEN1,IQGAP3,RAC1,TUBAL3,TUBA3E,TUBA3D,TUBA4A,TUBB2A,TUBB1,TUBA1A",True,24
Pathway,M29848,REACTOME_SEALING_OF_THE_NUCLEAR_ENVELOPE_NE_BY_ESCRT_III,Reactome Pathways,2.706e-09,1e-05,2.842e-08,2.499e-07,24,32,"CHMP2B,CHMP7,TUBA1B,TUBB3,TUBB4A,TUBB4B,CHMP4C,CHMP3,TUBA8,CHMP2A,TUBB6,TUBA1C,TUBB8,TUBB2B,CHMP4A,CHMP6,CHMP4B,TUBAL3,TUBA3E,TUBA3D,TUBA4A,TUBB2A,TUBB1,TUBA1A",True,24
Pathway,MM15188,REACTOME_RA_BIOSYNTHESIS_PATHWAY,Reactome Pathways,2.783e-09,1.029e-05,2.906e-08,2.555e-07,22,28,"ADH1A,ADH1B,ADH1C,ADH4,ALDH1A1,ALDH1A3,RDH14,RDH16,ALDH1A2,DHRS3,CRABP1,CYP26A1,RDH10,RDH11,DHRS9,DHRS4,CYP26C1,RDH5,RDH13,ALDH8A1,SDR16C5,CYP26B1",True,22
Pathway,M10679,REACTOME_ADRENALINE_NORADRENALINE_INHIBITS_INSULIN_SECRETION,Reactome Pathways,2.783e-09,1.029e-05,2.906e-08,2.555e-07,22,28,"ADCY5,ADCY6,ADRA2A,GNB4,GNB5,GNG13,GNAI1,GNAI2,GNB1,GNB2,GNB3,GNG3,GNG4,GNG5,GNG7,GNG10,GNG11,GNGT1,GNGT2,GNG8,GNG2,GNG12",True,22
Pathway,M18193,REACTOME_ACTIVATION_OF_KAINATE_RECEPTORS_UPON_GLUTAMATE_BINDING,Reactome Pathways,2.808e-09,1.038e-05,2.916e-08,2.564e-07,23,30,"CALM1,DLG4,GNB4,NCALD,GNB5,GNG13,GNB1,GNB2,GNB3,GNG3,GNG4,GNG5,GNG7,GNG10,GNG11,GNGT1,GNGT2,GNG8,GNG2,PLCB2,PLCB3,GNG12,PLCB1",True,23
Pathway,M27059,REACTOME_HEME_BIOSYNTHESIS,Reactome Pathways,2.84e-09,1.05e-05,2.916e-08,2.564e-07,14,14,"ALAD,ALAS1,ALAS2,ALB,ABCG2,COX10,COX15,CPOX,FECH,HMBS,FLVCR1,PPOX,UROD,UROS",True,14
Pathway,M750,REACTOME_ADENYLATE_CYCLASE_INHIBITORY_PATHWAY,Reactome Pathways,2.84e-09,1.05e-05,2.916e-08,2.564e-07,14,14,"ADCY1,ADCY2,ADCY3,ADCY5,ADCY6,ADCY7,ADCY8,ADCY9,ADCY4,GNAT3,GNAI1,GNAI2,GNAI3,GNAL",True,14
Pathway,M47364,KEGG_MEDICUS_VARIANT_BCR_ABL_FUSION_KINASE_TO_RAS_ERK_SIGNALING_PATHWAY,KEGG Medicus Pathways,2.84e-09,1.05e-05,2.916e-08,2.564e-07,14,14,"ABL1,ARAF,BRAF,GRB2,HRAS,KRAS,NRAS,MAPK1,MAPK3,MAP2K1,MAP2K2,RAF1,SOS1,SOS2",True,14
Pathway,M47386,KEGG_MEDICUS_VARIANT_AMPLIFIED_EGFR_TO_PLCG_CAMK_SIGNALING_PATHWAY,KEGG Medicus Pathways,2.84e-09,1.05e-05,2.916e-08,2.564e-07,14,14,"CAMK1,CALM1,CALM2,CALM3,CAMK4,CAMK2A,CAMK2B,CAMK2D,CAMK2G,EGFR,PLCG1,PLCG2,CAMK1D,CAMK1G",True,14
Pathway,MM14669,REACTOME_ADENYLATE_CYCLASE_INHIBITORY_PATHWAY,Reactome Pathways,2.84e-09,1.05e-05,2.916e-08,2.564e-07,14,14,"ADCY1,ADCY2,ADCY3,ADCY5,ADCY6,ADCY7,ADCY8,ADCY9,ADCY4,GNAT3,GNAI1,GNAI2,GNAI3,GNAL",True,14
Pathway,M14631,KEGG_COLORECTAL_CANCER,KEGG Legacy Pathways,4.06e-09,1.501e-05,4.157e-08,3.656e-07,37,62,"AKT1,AKT2,PIK3R3,ARAF,RHOA,BAX,BCL2,BRAF,CASP3,APPL1,CTNNB1,AKT3,FOS,GSK3B,JUN,KRAS,SMAD4,MYC,CYCS,PIK3CA,PIK3CB,PIK3CD,PIK3CG,PIK3R1,PIK3R2,MAPK1,MAPK3,MAPK8,MAPK9,MAP2K1,RAC1,RAC2,RAF1,TGFB1,TGFBR1,TGFBR2,TP53",True,37
Pathway,M47818,KEGG_MEDICUS_ENV_FACTOR_IRON_TO_ANTEROGRADE_AXONAL_TRANSPORT,KEGG Medicus Pathways,4.211e-09,1.557e-05,4.288e-08,3.77e-07,17,19,"CDK5,TUBA1B,TUBB3,TUBB4A,TUBB4B,TUBA8,TUBB6,TUBA1C,TUBB8,TUBB2B,TUBA3E,TUBB,TUBA3D,TUBA4A,TUBB2A,TUBB1,TUBA1A",True,17
Pathway,M47813,KEGG_MEDICUS_ENV_FACTOR_ZN_TO_ANTEROGRADE_AXONAL_TRANSPORT,KEGG Medicus Pathways,4.211e-09,1.557e-05,4.288e-08,3.77e-07,17,19,"TUBA1B,TUBB3,TUBB4A,TUBB4B,TUBA8,TUBB6,TUBA1C,GSK3B,TUBB8,TUBB2B,TUBA3E,TUBB,TUBA3D,TUBA4A,TUBB2A,TUBB1,TUBA1A",True,17
Pathway,MM15353,REACTOME_COPI_INDEPENDENT_GOLGI_TO_ER_RETROGRADE_TRAFFIC,Reactome Pathways,4.93e-09,1.823e-05,5.007e-08,4.403e-07,31,48,"PLA2G6,DYNLL1,CAPZB,DYNLL2,DCTN1,DYNC1H1,DYNC1I1,DYNC1I2,DYNC1LI2,DYNC1LI1,DCTN4,TUBA1B,TUBB3,TUBB4A,TUBB4B,DCTN2,RAB6B,GALNT2,TUBA8,TUBB6,TUBA1C,TUBB2B,PAFAH1B1,PAFAH1B2,RAB6A,TUBAL3,TUBA3D,TUBA4A,TUBB2A,TUBB1,TUBA1A",True,31
Pathway,M27067,REACTOME_TRANSPORT_OF_CONNEXONS_TO_THE_PLASMA_MEMBRANE,Reactome Pathways,6.147e-09,2.273e-05,6.227e-08,5.475e-07,18,21,"TUBA1B,TUBB3,TUBB4A,TUBB4B,TUBA8,TUBB6,GJA1,GJB2,TUBA1C,TUBB8,TUBB2B,TUBAL3,TUBA3E,TUBA3D,TUBA4A,TUBB2A,TUBB1,TUBA1A",True,18
Pathway,M11079,KEGG_N_GLYCAN_BIOSYNTHESIS,KEGG Legacy Pathways,6.203e-09,2.293e-05,6.266e-08,5.509e-07,30,46,"B4GALT3,B4GALT2,DPM1,DPM2,DDOST,DPAGT1,ALG3,B4GALT1,MAN1B1,MGAT4B,MGAT4A,ALG14,MAN2A2,MAN2A1,MGAT1,MGAT2,MGAT5,DPM3,ALG5,ALG8,ALG6,ALG12,ALG11,ALG13,RPN1,RPN2,GANAB,ALG1,MGAT5B,DOLPP1",True,30
Pathway,M2843,REACTOME_ACTIVATION_OF_NMDA_RECEPTORS_AND_POSTSYNAPTIC_EVENTS,Reactome Pathways,7.534e-09,2.785e-05,7.589e-08,6.673e-07,49,94,"ACTN2,ADCY1,ADCY8,KIF17,CAMK1,CASK,ARHGEF7,CALM1,CAMK4,CAMK2A,CAMK2B,CAMK2D,CAMK2G,CREB1,DLG4,TUBA1B,TUBB3,TUBB4A,TUBB4B,TUBA8,TUBB6,TUBA1C,GRIA1,HRAS,TUBB8,TUBB2B,KPNA2,KRAS,GIT1,NEFL,NRAS,PRKACA,PRKACB,PRKACG,PRKAR1A,PRKAR1B,PRKAR2A,PRKAR2B,MAPK1,MAPK3,RAC1,TUBAL3,TUBA3E,SRC,TUBA3D,TUBA4A,TUBB2A,TUBB1,TUBA1A",True,49
Pathway,M47910,KEGG_MEDICUS_REFERENCE_MICROTUBULE_DEPOLYMERIZATION,KEGG Medicus Pathways,7.672e-09,2.836e-05,7.707e-08,6.777e-07,19,23,"TUBA1B,TUBB3,TUBB4A,TUBB4B,TUBA8,TUBB6,TUBA1C,TUBB8,TUBB2B,TUBA3E,TUBB,MAPRE1,MAPRE3,AURKA,TUBA3D,TUBA4A,TUBB2A,TUBB1,TUBA1A",True,19
Pathway,M29806,REACTOME_HCMV_LATE_EVENTS,Reactome Pathways,7.998e-09,2.957e-05,8.014e-08,7.046e-07,57,116,"SEH1L,H2AC18,H2AC20,H2BC21,H3C2,H4C6,RAE1,CHMP2B,NUP155,NUP93,NUP58,CHMP7,POM121,NUP153,VPS36,VPS28,UBAP1,CHMP4C,VPS25,POM121C,CHMP3,NUP50,CHMP2A,NUP42,SNF8,HNRNPK,MVB12A,NUP54,CHMP4A,NUP88,NUP98,NUP43,CHMP1A,NUP37,VPS37C,RANBP2,CHMP6,CHMP4B,VPS37B,NUP85,SEC13,VPS37A,NUP35,NDC1,NUP133,NUP205,NUP210,NUP160,NUP188,TPR,TSG101,NUP62,VPS37D,MVB12B,NUP107,NUP214,AAAS",True,57
Pathway,M47804,KEGG_MEDICUS_REFERENCE_P4_PR_RAS_ERK_SIGNALING_PATHWAY,KEGG Medicus Pathways,8.571e-09,3.169e-05,8.472e-08,7.449e-07,15,16,"ARAF,BRAF,GRB2,HRAS,KRAS,NRAS,PGR,MAPK1,MAPK3,MAP2K1,MAP2K2,RAF1,SOS1,SOS2,SRC",True,15
Pathway,M27033,REACTOME_ASSEMBLY_OF_THE_HIV_VIRION,Reactome Pathways,8.571e-09,3.169e-05,8.472e-08,7.449e-07,15,16,"NMT2,VPS28,UBAP1,MVB12A,PPIA,VPS37C,VPS37B,RPS27A,VPS37A,TSG101,UBA52,UBB,UBC,VPS37D,MVB12B",True,15
Pathway,M47373,KEGG_MEDICUS_VARIANT_MUTATION_ACTIVATED_FGFR3_TO_RAS_ERK_SIGNALING_PATHWAY,KEGG Medicus Pathways,8.571e-09,3.169e-05,8.472e-08,7.449e-07,15,16,"ARAF,BRAF,RPS6KA5,GRB2,HRAS,KRAS,MYC,NRAS,MAPK1,MAPK3,MAP2K1,MAP2K2,RAF1,SOS1,SOS2",True,15
Pathway,M47381,KEGG_MEDICUS_REFERENCE_EGF_ERBB2_RAS_ERK_SIGNALING_PATHWAY,KEGG Medicus Pathways,8.571e-09,3.169e-05,8.472e-08,7.449e-07,15,16,"ARAF,BRAF,EGFR,ERBB2,GRB2,HRAS,KRAS,NRAS,MAPK1,MAPK3,MAP2K1,MAP2K2,RAF1,SOS1,SOS2",True,15
Pathway,M47551,KEGG_MEDICUS_REFERENCE_DRD1_GNAS_AC_PKA_SIGNALING_PATHWAY,KEGG Medicus Pathways,8.571e-09,3.169e-05,8.472e-08,7.449e-07,15,16,"ADCY5,ATF4,CREB3L4,CREB3L1,CREB1,ATF2,ATF6B,CREB5,CREB3,CREB3L3,GNAS,PRKACA,PRKACB,PRKACG,CREB3L2",True,15
Pathway,M47623,KEGG_MEDICUS_REFERENCE_GLYCOLYSIS,KEGG Medicus Pathways,8.617e-09,3.186e-05,8.495e-08,7.47e-07,20,25,"ALDOA,ALDOB,ALDOC,ENO1,ENO2,ENO3,GAPDH,ENO4,GPI,LDHA,PFKL,PFKM,PFKP,PGAM1,PGAM2,PGK1,PGK2,PKLR,PKM,PGAM4",True,20
Pathway,M27080,REACTOME_RHO_GTPASE_EFFECTORS,Reactome Pathways,8.777e-09,3.245e-05,8.63e-08,7.588e-07,125,323,"SEH1L,KIF18A,ABL1,ACTB,H2AC18,H2AC20,H2BC21,H3C2,H4C6,KLC3,AR,RHOA,RHOB,RHOC,DYNLL1,IQGAP1,BUB1B,WASL,CALM1,PRC1,FMNL3,CDC20,CDC42,CENPA,CENPE,CENPF,CFTR,ROCK2,DYNLL2,CTNNB1,CKAP5,DIAPH1,DIAPH2,KIF14,DLG4,DYNC1H1,DYNC1I1,DYNC1I2,DYNC1LI2,DVL1,DVL2,ABI2,DYNC1LI1,TUBA1B,TUBB3,TUBB4A,TUBB4B,MYL9,FLNA,NCKAP1,TUBA8,TUBB6,YWHAQ,TUBA1C,GRB2,H2AX,H3-3A,H3-3B,TUBB8,TUBB2B,ITGB1,KIF2A,KIF5A,KIF5B,KLC1,MAD2L1,MEN1,MYH9,PPP1R12A,NUP98,NUP43,PAFAH1B1,PAK1,PAK2,PAK3,PFN1,PFN2,NUP37,PLK1,IQGAP3,RHOD,PPP1CB,PPP1CC,PRKCA,PRKCB,PRKCZ,MAPK1,MAPK3,MYL12B,NDE1,RAC1,RAC2,RANBP2,RANGAP1,ROCK1,TUBAL3,NUP85,TUBA3E,SEC13,CENPT,MAPRE1,NUP133,SRC,NUP160,TUBA3D,SRGAP2,B9D2,RHOQ,TUBA4A,TUBB2A,TUBB1,WAS,KLC2,XPO1,YWHAB,YWHAE,YWHAG,YWHAH,YWHAZ,NDEL1,TUBA1A,DIAPH3,WIPF2,NUP107,KLC4",True,125
Pathway,MM14837,REACTOME_GENE_SILENCING_BY_RNA,Reactome Pathways,1.027e-08,3.795e-05,1.007e-07,8.851e-07,31,49,"SEH1L,RAE1,NUP155,NUP93,NUP58,POM121,NUP153,POM121C,NUP50,NUP42,NUP54,NUP88,NUP98,NUP43,NUP37,RAN,RANBP2,NUP85,SEC13,NUP35,NDC1,NUP133,NUP205,NUP210,NUP160,NUP188,TPR,NUP62,NUP107,NUP214,AAAS",True,31
Pathway,M27142,REACTOME_UBIQUINOL_BIOSYNTHESIS,Reactome Pathways,1.16e-08,4.288e-05,1.117e-07,9.817e-07,13,13,"COQ6,COQ4,COQ7,COQ5,COQ3,COQ2,HPDL,COQ8B,PDSS1,STARD7,COQ8A,COQ9,PDSS2",True,13
Pathway,M47674,KEGG_MEDICUS_VARIANT_MUTATION_CAUSED_ABERRANT_HTT_TO_CREB_MEDIATED_TRANSCRIPTION,KEGG Medicus Pathways,1.16e-08,4.288e-05,1.117e-07,9.817e-07,13,13,"ATF4,CREB3L4,CREB3L1,CREB1,ATF2,ATF6B,CREB5,CREB3,PPARGC1A,CREB3L3,HTT,TAF4,CREB3L2",True,13
Pathway,MM15210,REACTOME_BBSOME_MEDIATED_CARGO_TARGETING_TO_CILIUM,Reactome Pathways,1.16e-08,4.288e-05,1.117e-07,9.817e-07,13,13,"TTC8,BBS1,BBS2,BBS4,ARL6,RAB3IP,BBS9,MCHR1,LZTFL1,BBS7,SMO,SSTR3,BBS5",True,13
Pathway,MM14720,REACTOME_HEME_BIOSYNTHESIS,Reactome Pathways,1.16e-08,4.288e-05,1.117e-07,9.817e-07,13,13,"ALAD,ALAS1,ALAS2,ALB,COX10,COX15,CPOX,FECH,HMBS,FLVCR1,PPOX,UROD,UROS",True,13
Pathway,MM17216,REACTOME_UBIQUINOL_BIOSYNTHESIS,Reactome Pathways,1.16e-08,4.288e-05,1.117e-07,9.817e-07,13,13,"COQ6,COQ4,COQ7,COQ5,COQ3,COQ2,HPDL,COQ8B,PDSS1,STARD7,COQ8A,COQ9,PDSS2",True,13
Pathway,M47945,KEGG_MEDICUS_REFERENCE_CHOLESTEROL_BIOSYNTHESIS,KEGG Medicus Pathways,1.16e-08,4.288e-05,1.117e-07,9.817e-07,13,13,"CYP51A1,NSDHL,DHCR7,DHCR24,FDFT1,HSD17B7,EBP,LBR,LSS,MSMO1,SC5D,SQLE,TM7SF2",True,13
Pathway,M47589,KEGG_MEDICUS_PATHOGEN_HCV_CORE_TO_ERK_SIGNALING_PATHWAY,KEGG Medicus Pathways,1.16e-08,4.288e-05,1.117e-07,9.817e-07,13,13,"ARAF,BRAF,YWHAQ,MAPK1,MAPK3,MAP2K1,MAP2K2,RAF1,YWHAB,YWHAE,YWHAG,YWHAH,YWHAZ",True,13
Pathway,M46424,REACTOME_SARS_COV_1_HOST_INTERACTIONS,Reactome Pathways,1.352e-08,4.997e-05,1.298e-07,1.141e-06,50,98,"MAVS,CAV1,NMI,PPIG,TKFC,IKBKE,TOMM70,RPS27L,EEF1A1,EP300,PPIH,FKBP1A,YWHAQ,HNRNPA1,KPNA2,SMAD4,TBK1,NFKBIA,NPM1,PCBP2,PKLR,PPIA,PPIB,RELA,RPS2,RPS3,RPS9,RPS10,RPS11,RPS12,RPS13,RPS14,RPS18,RPS20,RPS21,RPS23,RPS25,RPS27A,SP1,TRAF3,UBA52,UBB,UBC,UBE2I,YWHAB,YWHAE,YWHAG,YWHAH,YWHAZ,NLRP3",True,50
Pathway,M39006,REACTOME_SARS_COV_1_INFECTION,Reactome Pathways,1.365e-08,5.046e-05,1.307e-07,1.149e-06,66,143,"MAVS,CANX,CAV1,NMI,PPIG,CHMP2B,TKFC,IKBKE,DDX5,CHMP7,TOMM70,RPS27L,EEF1A1,EP300,PPIH,FKBP1A,CHMP4C,CHMP3,CHMP2A,YWHAQ,GSK3B,HNRNPA1,KPNA2,SMAD4,MGAT1,CHMP4A,TBK1,NFKBIA,NPM1,PCBP2,PKLR,PPIA,PPIB,CHMP6,RELA,CHMP4B,RPS2,RPS3,RPS9,RPS10,RPS11,RPS12,RPS13,RPS14,RPS18,RPS20,RPS21,RPS23,RPS25,RPS27A,SP1,GANAB,TRAF3,UBA52,UBB,UBC,UBE2I,SUMO1,VCP,YWHAB,YWHAE,YWHAG,YWHAH,YWHAZ,MAP1LC3B,NLRP3",True,66
Pathway,M41822,REACTOME_SENSORY_PROCESSING_OF_SOUND,Reactome Pathways,1.55e-08,5.729e-05,1.48e-07,1.302e-06,42,77,"ACTB,CASK,SLC17A8,CAPZA1,CAPZB,KCNQ4,OTOF,FSCN2,WHRN,CABP1,LHFPL5,CTBP2,USH1G,ESPN,USH1C,MYO15A,CABP2,CIB2,TMC1,PCLO,TRIOBP,GSN,PJVK,KCNMA1,CLIC5,MPP1,MSN,MYH9,MYO7A,MYO3A,OTOGL,OTOG,STRC,XIRP2,DNAJC5,SNAP25,SPTAN1,CDH23,STX1A,SYP,SLC26A5,PCDH15",True,42
Pathway,M47670,KEGG_MEDICUS_VARIANT_MUTATION_CAUSED_ABERRANT_HTT_TO_RETROGRADE_AXONAL_TRANSPORT,KEGG Medicus Pathways,1.667e-08,6.162e-05,1.588e-07,1.396e-06,29,45,"DNAH11,HAP1,DCTN1,DNAH5,DNAH9,DCTN4,TUBA1B,TUBB3,TUBB4A,TUBB4B,DCTN2,DNAI1,TUBA8,TUBB6,TUBA1C,HTT,TUBB8,TUBB2B,DNAH12,TUBA3E,TUBB,TUBA3D,DNAI2,TUBA4A,TUBB2A,TUBB1,DNALI1,TUBA1A,DNAH10",True,29
Pathway,M8232,KEGG_LONG_TERM_DEPRESSION,KEGG Legacy Pathways,2.294e-08,8.48e-05,2.18e-07,1.917e-06,39,70,"PLA2G6,ARAF,BRAF,CRH,CRHR1,GNA13,GNA11,GNA12,GNAI1,GNAI2,GNAI3,GNAO1,GNAQ,GNAS,GNAZ,GRIA1,GRM1,GRM5,GUCY1A2,GUCY1A1,GUCY1B1,HRAS,KRAS,NRAS,PLCB2,PLCB3,PLCB4,PRKCA,PRKCB,PRKCG,PRKG1,PRKG2,MAPK1,MAPK3,MAP2K1,MAP2K2,RAF1,RYR1,PLCB1",True,39
Pathway,M27001,REACTOME_REGULATION_OF_CHOLESTEROL_BIOSYNTHESIS_BY_SREBP_SREBF,Reactome Pathways,2.325e-08,8.595e-05,2.204e-07,1.938e-06,33,55,"MBTPS1,GGPS1,CREBBP,SEC24C,CYP51A1,DHCR7,FASN,MBTPS2,FDFT1,FDPS,PMVK,HMGCR,HMGCS1,IDI1,INSIG1,LSS,MVD,MVK,NFYA,NFYB,NFYC,MED1,RAN,TBL1XR1,SC5D,SCD,SCAP,SP1,SQLE,SREBF1,SREBF2,TBL1X,TM7SF2",True,33
Pathway,MM14502,REACTOME_TRANSMISSION_ACROSS_CHEMICAL_SYNAPSES,Reactome Pathways,2.637e-08,9.75e-05,2.494e-07,2.193e-06,88,211,"ACTN2,ADCY1,ADCY2,ADCY3,ADCY5,ADCY6,ADCY7,ADCY8,ADCY9,AP2A1,AP2A2,AP2B1,ADCY4,CAMK1,CASK,CALM1,CALM2,CALM3,CAMK2A,CAMK2B,CAMK2D,CAMK2G,CREB1,DLG4,GNB4,NCALD,CACNG2,ARL6IP5,GNB5,GNAT3,GABBR1,GABRA1,GABRA5,GABRB1,GABRG2,GABRR1,GABRR2,GAD2,GNG13,GLUL,GNAI1,GNAI2,GNAI3,GNAL,GNB1,GNB2,GNB3,GNG3,GNG4,GNG5,GNG7,GNG10,GNG11,GNGT1,GNGT2,GRIA1,SLC5A7,HSPA8,KCNJ3,KCNJ5,KCNJ10,GNG8,MDM2,MYO6,NEFL,GNG2,PLCB2,PLCB3,PRKACA,PRKACB,PRKAR1A,PRKAR1B,PRKCB,PRKCG,SLC1A1,SLC1A2,SLC1A3,SLC6A1,SLC6A11,SLC6A13,DNAJC5,RIMS1,SNAP25,STX1A,GNG12,PLCB1,GRIP1,ALDH5A1",True,88
Pathway,M7963,KEGG_CELL_CYCLE,KEGG Legacy Pathways,2.889e-08,0.0001068,2.725e-07,2.396e-06,59,125,"ABL1,SMC1A,CDC14A,CDC26,CDC23,CDC16,BUB1B,SMC3,CDC6,CDC20,CDC27,CDK7,CDKN2A,ANAPC13,CREBBP,RBX1,EP300,FZR1,ANAPC10,ANAPC5,ANAPC7,ANAPC11,STAG2,YWHAQ,GSK3B,CHEK2,HDAC1,HDAC2,CCNB3,MAD2L1,SMAD4,MCM2,MCM3,MCM4,MCM5,MCM6,MCM7,MDM2,MYC,ORC1,ORC2,ORC4,ORC5,ANAPC2,PLK1,ANAPC4,PRKDC,SKP1,TGFB1,TP53,ORC3,TTK,ANAPC1,YWHAB,YWHAE,YWHAG,YWHAH,YWHAZ,ZBTB17",True,59
Pathway,M1519,KEGG_ENDOCYTOSIS,KEGG Legacy Pathways,3.009e-08,0.0001112,2.831e-07,2.489e-06,78,181,"CLTCL1,ADRB1,ADRB2,ADRB3,GRK2,GRK3,AP2A1,AP2A2,AP2B1,PIP5K1A,PIP5K1B,PIP4K2B,ARRB1,ARRB2,RAB11A,GRK7,RABEP1,HGS,CDC42,CLTC,CCR5,CHMP2B,RAB11FIP3,GIT2,DNAJC6,ASAP1,PARD6A,DNM1,DNM2,VPS36,EGFR,VPS28,EPS15,STAM2,CHMP4C,PSD2,VPS25,CHMP3,CHMP2A,EHD1,GRK4,GRK5,GRK6,SNF8,HLA-A,HLA-B,MVB12A,HRAS,HSPA1A,HSPA1B,HSPA8,IL2RG,PIKFYVE,MDM2,GIT1,CHMP4A,NEDD4,EPN1,PRKCZ,RAB5A,VPS37C,CHMP6,CHMP4B,VPS37B,GRK1,VPS37A,SRC,NEDD4L,PIP5K1C,TFRC,PARD3,TSG101,CXCR4,VPS37D,MVB12B,CHMP1B,SMURF1,STAM",True,78
Pathway,M47794,KEGG_MEDICUS_REFERENCE_EP_NE_ADRB_CAMP_SIGNALING_PATHWAY,KEGG Medicus Pathways,3.286e-08,0.0001215,2.992e-07,2.631e-06,14,15,"ADCY1,ADCY2,ADCY3,ADCY5,ADCY6,ADCY7,ADCY8,ADCY9,ADRB2,ADCY4,GNAS,PRKACA,PRKACB,PRKACG",True,14
Pathway,M47385,KEGG_MEDICUS_REFERENCE_EGF_EGFR_PLCG_CAMK_SIGNALING_PATHWAY,KEGG Medicus Pathways,3.286e-08,0.0001215,2.992e-07,2.631e-06,14,15,"CAMK1,CALM1,CALM2,CALM3,CAMK4,CAMK2A,CAMK2B,CAMK2D,CAMK2G,EGFR,PLCG1,PLCG2,CAMK1D,CAMK1G",True,14
Pathway,M47375,KEGG_MEDICUS_VARIANT_MUTATION_ACTIVATED_EGFR_TO_RAS_ERK_SIGNALING_PATHWAY,KEGG Medicus Pathways,3.286e-08,0.0001215,2.992e-07,2.631e-06,14,15,"ARAF,BRAF,EGFR,GRB2,HRAS,KRAS,NRAS,MAPK1,MAPK3,MAP2K1,MAP2K2,RAF1,SOS1,SOS2",True,14
Pathway,M47380,KEGG_MEDICUS_VARIANT_AMPLIFIED_FGFR_TO_RAS_ERK_SIGNALING_PATHWAY,KEGG Medicus Pathways,3.286e-08,0.0001215,2.992e-07,2.631e-06,14,15,"ARAF,BRAF,FGFR1,GRB2,HRAS,KRAS,NRAS,MAPK1,MAPK3,MAP2K1,MAP2K2,RAF1,SOS1,SOS2",True,14
Pathway,M47592,KEGG_MEDICUS_REFERENCE_CA2_PYK2_RAS_ERK_SIGNALING_PATHWAY,KEGG Medicus Pathways,3.286e-08,0.0001215,2.992e-07,2.631e-06,14,15,"ARAF,BRAF,GRB2,HRAS,KRAS,NRAS,MAPK1,MAPK3,MAP2K1,MAP2K2,RAF1,SOS1,SOS2,SRC",True,14
Pathway,M47593,KEGG_MEDICUS_PATHOGEN_HBV_HBX_TO_RAS_ERK_SIGNALING_PATHWAY,KEGG Medicus Pathways,3.286e-08,0.0001215,2.992e-07,2.631e-06,14,15,"ARAF,BRAF,GRB2,HRAS,KRAS,NRAS,MAPK1,MAPK3,MAP2K1,MAP2K2,RAF1,SOS1,SOS2,SRC",True,14
Pathway,M47640,KEGG_MEDICUS_VARIANT_MUTATION_INACTIVATED_FGF17_TO_RAS_ERK_SIGNALING_PATHWAY,KEGG Medicus Pathways,3.286e-08,0.0001215,2.992e-07,2.631e-06,14,15,"ARAF,BRAF,FGFR1,GRB2,HRAS,KRAS,NRAS,MAPK1,MAPK3,MAP2K1,MAP2K2,RAF1,SOS1,SOS2",True,14
Pathway,M47480,KEGG_MEDICUS_REFERENCE_TGFA_EGFR_RAS_ERK_SIGNALING_PATHWAY,KEGG Medicus Pathways,3.286e-08,0.0001215,2.992e-07,2.631e-06,14,15,"ARAF,BRAF,EGFR,GRB2,HRAS,KRAS,NRAS,MAPK1,MAPK3,MAP2K1,MAP2K2,RAF1,SOS1,SOS2",True,14
Pathway,M47495,KEGG_MEDICUS_VARIANT_EGF_OVEREXPRESSION_TO_RAS_ERK_SIGNALING_PATHWAY,KEGG Medicus Pathways,3.286e-08,0.0001215,2.992e-07,2.631e-06,14,15,"ARAF,BRAF,EGFR,GRB2,HRAS,KRAS,NRAS,MAPK1,MAPK3,MAP2K1,MAP2K2,RAF1,SOS1,SOS2",True,14
Pathway,M47496,KEGG_MEDICUS_REFERENCE_EREG_EGFR_RAS_ERK_SIGNALING_PATHWAY,KEGG Medicus Pathways,3.286e-08,0.0001215,2.992e-07,2.631e-06,14,15,"ARAF,BRAF,EGFR,GRB2,HRAS,KRAS,NRAS,MAPK1,MAPK3,MAP2K1,MAP2K2,RAF1,SOS1,SOS2",True,14
Pathway,M47497,KEGG_MEDICUS_REFERENCE_AREG_EGFR_RAS_ERK_SIGNALING_PATHWAY,KEGG Medicus Pathways,3.286e-08,0.0001215,2.992e-07,2.631e-06,14,15,"ARAF,BRAF,EGFR,GRB2,HRAS,KRAS,NRAS,MAPK1,MAPK3,MAP2K1,MAP2K2,RAF1,SOS1,SOS2",True,14
Pathway,M47535,KEGG_MEDICUS_PATHOGEN_HCMV_GB_TO_PDGFR_RAS_ERK_SIGNALING_PATHWAY,KEGG Medicus Pathways,3.286e-08,0.0001215,2.992e-07,2.631e-06,14,15,"ARAF,BRAF,GRB2,HRAS,KRAS,NRAS,PDGFRB,MAPK1,MAPK3,MAP2K1,MAP2K2,RAF1,SOS1,SOS2",True,14
Pathway,M47531,KEGG_MEDICUS_PATHOGEN_HPV_E5_TO_EGFR_RAS_ERK_SIGNALING_PATHWAY,KEGG Medicus Pathways,3.286e-08,0.0001215,2.992e-07,2.631e-06,14,15,"ARAF,BRAF,EGFR,GRB2,HRAS,KRAS,NRAS,MAPK1,MAPK3,MAP2K1,MAP2K2,RAF1,SOS1,SOS2",True,14
Pathway,M41836,REACTOME_CELLULAR_RESPONSE_TO_CHEMICAL_STRESS,Reactome Pathways,3.781e-08,0.0001398,3.434e-07,3.02e-06,83,197,"AKT1,AKT2,ALB,CUL3,NUDT2,ATF4,BCL2,BLVRB,HDAC3,BRCA1,CDKN2A,COX5A,ABCG2,EIF2AK3,COX4I1,COX5B,COX6A1,COX8A,SIN3A,CREBBP,NCOR1,NCOR2,UBXN7,KEAP1,RBX1,AKT3,PSMD14,EP300,GPX8,TXNRD2,TXNIP,G6PD,PRDX3,ADRM1,GPX2,GPX7,GSK3B,GSR,HMOX1,HMOX2,GPX6,IDH1,MAFG,MT-CO1,MT-CO2,MT-CO3,MYC,NDUFA4,NFE2L2,CYCS,PGD,MED1,PSMC1,PSMC5,PSMD2,PSMD3,PSMD13,RELA,TBL1XR1,RPS27A,CCL2,SKP1,NPLOC4,SOD1,SOD2,SP1,STAT3,TALDO1,TBL1X,SIN3B,HIGD1C,TKT,TXN,TXNRD1,UBA52,UBB,UBC,UFD1,VCP,FBXL17,HM13,MAP1LC3B,NLRP3",True,83
Pathway,M18306,KEGG_REGULATION_OF_ACTIN_CYTOSKELETON,KEGG Legacy Pathways,4.459e-08,0.0001649,4.04e-07,3.553e-06,88,213,"ACTB,ACTN4,ACTN1,ACTN2,PIP5K1A,PIP5K1B,PIP4K2B,PIK3R3,ARAF,RHOA,IQGAP1,BRAF,ARHGEF7,WASL,ARHGEF1,CDC42,CHRM1,ROCK2,CSK,DIAPH1,DIAPH2,DOCK1,EGFR,ABI2,PAK4,MYL9,FGFR1,FN1,GNA13,NCKAP1,GNA12,GSN,HRAS,SCIN,INS,ITGA4,ITGAE,ITGAM,ITGAX,ITGB1,ITGB5,KRAS,PIKFYVE,GIT1,MSN,MYH9,MYL5,PPP1R12A,NRAS,PAK1,PAK2,PAK3,PDGFRB,PFN1,PFN2,PIK3CA,PIK3CB,PIK3CD,PIK3CG,PIK3R1,PIK3R2,PIP4K2A,IQGAP3,PPP1CA,PPP1CB,PPP1CC,MAPK1,MAPK3,MAP2K1,MAP2K2,MYL12B,SSH3,RAC1,RAC2,RAF1,ROCK1,PIP4K2C,SLC9A1,ENAH,SOS1,SOS2,GNG12,PDGFC,PIP5K1C,WAS,PAK6,DIAPH3,PAK5",True,88
Pathway,M47815,KEGG_MEDICUS_ENV_FACTOR_METALS_TO_RAS_ERK_SIGNALING_PATHWAY,KEGG Medicus Pathways,4.735e-08,0.0001751,4.249e-07,3.736e-06,12,12,"ARAF,BRAF,FOS,HRAS,JUN,KRAS,NRAS,MAPK1,MAPK3,MAP2K1,MAP2K2,RAF1",True,12
Pathway,M794,REACTOME_ATF6_ATF6_ALPHA_ACTIVATES_CHAPERONES,Reactome Pathways,4.735e-08,0.0001751,4.249e-07,3.736e-06,12,12,"ATF4,MBTPS1,CALR,DDIT3,MBTPS2,HSPA5,NFYA,NFYB,NFYC,ATF6,HSP90B1,XBP1",True,12
Pathway,M47946,KEGG_MEDICUS_REFERENCE_MEVALONATE_PATHWAY,KEGG Medicus Pathways,4.735e-08,0.0001751,4.249e-07,3.736e-06,12,12,"ACAT1,ACAT2,GGPS1,IDI2,FDPS,PMVK,HMGCR,HMGCS1,HMGCS2,IDI1,MVD,MVK",True,12
Pathway,M47597,KEGG_MEDICUS_PATHOGEN_HBV_LHBS_TO_PKC_ERK_SIGNALING_PATHWAY,KEGG Medicus Pathways,4.735e-08,0.0001751,4.249e-07,3.736e-06,12,12,"ARAF,BRAF,FOS,JUN,PRKCA,PRKCB,PRKCG,MAPK1,MAPK3,MAP2K1,MAP2K2,RAF1",True,12
Pathway,M12868,KEGG_PATHWAYS_IN_CANCER,KEGG Legacy Pathways,5.159e-08,0.0001907,4.618e-07,4.06e-06,123,325,"ABL1,FZD4,FZD6,AKT1,AKT2,PIK3R3,BIRC3,PIAS1,AR,ARAF,RHOA,ARNT,BAX,BCL2,BRAF,BRCA2,CASP3,PIAS2,CDC42,CDKN2A,CREBBP,APPL1,CTBP1,CTBP2,CTNNB1,RBX1,AKT3,DVL1,DVL2,EGFR,EP300,ERBB2,LAMC3,PIAS3,FGFR1,FH,FN1,FOS,PIAS4,SUFU,FZD2,GLI1,GLI2,GLI3,GRB2,GSK3B,HDAC1,HDAC2,HIF1A,HRAS,HSP90AA1,HSP90AB1,IL6,ITGB1,JUN,JUP,KRAS,LAMA2,LAMB2,LAMB3,LAMC1,LAMC2,SMAD4,MAX,MDM2,MITF,MYC,NFKBIA,NKX3-1,NRAS,CYCS,PDGFRB,PIK3CA,PIK3CB,PIK3CD,PIK3CG,PIK3R1,PIK3R2,PLCG1,PLCG2,PML,PPARG,PRKCA,PRKCB,PRKCG,MAPK1,MAPK3,MAPK8,MAPK9,MAP2K1,MAP2K2,PTCH1,PTEN,PTGS2,RAC1,RAC2,RAD51,RAF1,RARA,RARB,RELA,RXRG,SHH,SLC2A1,SMO,SOS1,SOS2,STAT1,STAT3,TGFB1,TGFBR1,TGFBR2,TP53,TPM3,TPR,HSP90B1,TRAF3,WNT5B,WNT5A,WNT11,FZD5,FZD3,NCOA4",True,123
Pathway,M47888,KEGG_MEDICUS_REFERENCE_DISASSEMBLY_OF_MCC,KEGG Medicus Pathways,5.615e-08,0.0002076,5.014e-07,4.409e-06,15,17,"CDC26,CDC23,CDC16,BUB1B,CDC20,CDC27,TRIP13,ANAPC10,ANAPC5,ANAPC7,ANAPC11,MAD2L1,ANAPC2,ANAPC4,ANAPC1",True,15
Pathway,M27172,REACTOME_ACTIVATION_OF_GENE_EXPRESSION_BY_SREBF_SREBP,Reactome Pathways,5.641e-08,0.0002086,5.025e-07,4.419e-06,27,42,"GGPS1,CREBBP,CYP51A1,DHCR7,FASN,FDFT1,FDPS,PMVK,HMGCR,HMGCS1,IDI1,LSS,MVD,MVK,NFYA,NFYB,NFYC,MED1,TBL1XR1,SC5D,SCD,SP1,SQLE,SREBF1,SREBF2,TBL1X,TM7SF2",True,27
Pathway,MM15044,REACTOME_G_ALPHA_12_13_SIGNALLING_EVENTS,Reactome Pathways,5.706e-08,0.000211,5.071e-07,4.459e-06,41,77,"ABR,ADRA1D,ADRA1B,ADRA1A,RHOA,RHOB,RHOC,ARHGEF7,ARHGEF25,ARHGEF33,ARHGEF1,ROCK2,ECT2,GNB4,GNA13,GNB5,GNG13,GNA12,GNB1,GNB2,GNB3,GNG3,GNG4,GNG5,GNG7,GNG10,GNG11,GNGT1,GNGT2,AKAP13,GNG8,MCF2,GNG2,PLXNB1,ROCK1,ITSN1,SOS1,SOS2,GNG12,TBXA2R,ARHGEF18",True,41
Pathway,MM15407,REACTOME_CITRIC_ACID_CYCLE_TCA_CYCLE,Reactome Pathways,5.756e-08,0.0002128,5.103e-07,4.487e-06,23,33,"ACAT1,ACO2,SUCLG2,SUCLG1,SUCLA2,CS,DLD,DLST,TRAP1,KGD4,FH,FXN,IDH2,IDH3A,IDH3B,IDH3G,MDH2,OGDH,SDHA,SDHB,SDHC,SDHD,NNT",True,23
Pathway,MM15369,REACTOME_DNA_REPLICATION_PRE_INITIATION,Reactome Pathways,6.499e-08,0.0002403,5.748e-07,5.054e-06,45,88,"CDC26,CDC23,CDC16,CDC6,CDC27,ANAPC15,PSMD14,FZR1,ANAPC10,ANAPC5,ANAPC7,ANAPC11,MCM8,UBE2S,ADRM1,UBE2C,KPNA1,MCM2,MCM3,MCM4,MCM5,MCM6,MCM7,ANAPC16,ORC1,ORC2,ORC4,ORC5,ANAPC2,ANAPC4,PSMC1,PSMC5,PSMD2,PSMD3,PSMD13,RPS27A,ORC3,KPNA6,UBA52,UBB,UBC,UBE2D1,UBE2E1,ANAPC1,CDT1",True,45
Pathway,M41816,REACTOME_RHOU_GTPASE_CYCLE,Reactome Pathways,7.137e-08,0.0002639,6.297e-07,5.537e-06,26,40,"USP9X,IQGAP1,ARHGEF7,HGS,CDC42,CLTC,ITSN2,GIT2,PARD6A,STAM2,PAK4,WWP2,GRB2,GIT1,MYO6,PAK1,PAK2,PAK3,PIK3R1,PIK3R2,DEPDC1B,SPTAN1,SRC,SRGAP2,STAM,VANGL1",True,26
Pathway,MM15549,REACTOME_CARBOXYTERMINAL_POST_TRANSLATIONAL_MODIFICATIONS_OF_TUBULIN,Reactome Pathways,8.495e-08,0.0003141,7.478e-07,6.575e-06,20,27,"TTLL10,TTLL4,TUBA1B,TUBB3,TUBB4A,TUBB4B,TTLL11,TUBA8,TUBB6,TUBA1C,TUBB2B,TTLL6,TTLL7,TUBAL3,TTLL5,TUBA3D,TUBA4A,TUBB2A,TUBB1,TUBA1A",True,20
Pathway,M27673,REACTOME_MITOTIC_SPINDLE_CHECKPOINT,Reactome Pathways,8.953e-08,0.000331,7.862e-07,6.913e-06,53,111,"SEH1L,KIF18A,CDC26,DYNLL1,CDC23,CDC16,BUB1B,CDC20,CDC27,CENPA,CENPE,CENPF,ANAPC15,DYNLL2,CKAP5,DYNC1H1,DYNC1I1,DYNC1I2,DYNC1LI2,DYNC1LI1,ANAPC10,ANAPC5,ANAPC7,ANAPC11,UBE2S,UBE2C,KIF2A,MAD2L1,ANAPC16,NUP98,NUP43,PAFAH1B1,NUP37,ANAPC2,PLK1,ANAPC4,PPP1CC,NDE1,RANBP2,RANGAP1,NUP85,SEC13,CENPT,MAPRE1,NUP133,NUP160,B9D2,UBE2D1,UBE2E1,ANAPC1,XPO1,NDEL1,NUP107",True,53
Pathway,M19135,REACTOME_POST_CHAPERONIN_TUBULIN_FOLDING_PATHWAY,Reactome Pathways,9.196e-08,0.00034,8.037e-07,7.067e-06,18,23,"ARL2,TUBA1B,TUBB3,TUBB4A,TUBB4B,TUBA8,TUBB6,TUBA1C,TUBB2B,TUBAL3,TUBA3E,TBCC,TBCD,TUBA3D,TUBA4A,TUBB2A,TUBB1,TUBA1A",True,18
Pathway,M47549,KEGG_MEDICUS_REFERENCE_LPAR_GNB_G_RHO_SIGNALING_PATHWAY,KEGG Medicus Pathways,9.196e-08,0.00034,8.037e-07,7.067e-06,18,23,"RHOA,GNB4,GNB5,GNG13,GNB1,GNB2,GNB3,GNG3,GNG4,GNG5,GNG7,GNG10,GNG11,GNGT1,GNGT2,GNG8,GNG2,GNG12",True,18
Pathway,M45009,REACTOME_SARS_COV_2_ACTIVATES_MODULATES_INNATE_AND_ADAPTIVE_IMMUNE_RESPONSES,Reactome Pathways,1.136e-07,0.00042,9.905e-07,8.709e-06,58,126,"SEH1L,MAVS,RAE1,CREBBP,TKFC,NUP155,SEC24C,IKBKE,NUP93,NLRP12,NUP58,TOMM70,POM121,G3BP2,NUP153,G3BP1,POM121C,NUP50,NUP42,HLA-A,HLA-B,HSP90AA1,HSP90AB1,IFNAR1,IL17A,IRAK1,KPNA2,NUP54,TBK1,NUP88,NUP98,NUP43,NUP37,RANBP2,NUP85,RPS27A,SEC13,NUP35,NDC1,NUP133,STAT1,STAT2,NUP205,NOD2,NUP210,NUP160,TLR2,NUP188,TPR,TRAF3,NUP62,UBA52,UBB,UBC,NUP107,NUP214,NLRP3,AAAS",True,58
Pathway,M47669,KEGG_MEDICUS_REFERENCE_RETROGRADE_AXONAL_TRANSPORT,KEGG Medicus Pathways,1.161e-07,0.0004293,1.01e-06,8.882e-06,27,43,"DNAH11,DCTN1,DNAH5,DNAH9,DCTN4,TUBA1B,TUBB3,TUBB4A,TUBB4B,DCTN2,DNAI1,TUBA8,TUBB6,TUBA1C,TUBB8,TUBB2B,DNAH12,TUBA3E,TUBB,TUBA3D,DNAI2,TUBA4A,TUBB2A,TUBB1,DNALI1,TUBA1A,DNAH10",True,27
Pathway,M27830,REACTOME_NUCLEOTIDE_BIOSYNTHESIS,Reactome Pathways,1.254e-07,0.0004638,1.069e-06,9.396e-06,13,14,"ADSL,ADSS2,ATIC,GMPS,CAD,DHODH,PAICS,GART,IMPDH1,IMPDH2,PPAT,UMPS,ADSS1",True,13
Pathway,MM15551,REACTOME_NUCLEOTIDE_BIOSYNTHESIS,Reactome Pathways,1.254e-07,0.0004638,1.069e-06,9.396e-06,13,14,"ADSL,ADSS2,ATIC,GMPS,CAD,DHODH,PAICS,GART,IMPDH1,IMPDH2,PPAT,UMPS,ADSS1",True,13
Pathway,M47365,KEGG_MEDICUS_VARIANT_MUTATION_ACTIVATED_KIT_TO_RAS_ERK_SIGNALING_PATHWAY,KEGG Medicus Pathways,1.254e-07,0.0004638,1.069e-06,9.396e-06,13,14,"ARAF,BRAF,GRB2,HRAS,KRAS,NRAS,MAPK1,MAPK3,MAP2K1,MAP2K2,RAF1,SOS1,SOS2",True,13
Pathway,M47366,KEGG_MEDICUS_VARIANT_DUPLICATION_OR_MUTATION_ACTIVATED_FLT3_TO_RAS_ERK_SIGNALING_PATHWAY,KEGG Medicus Pathways,1.254e-07,0.0004638,1.069e-06,9.396e-06,13,14,"ARAF,BRAF,GRB2,HRAS,KRAS,NRAS,MAPK1,MAPK3,MAP2K1,MAP2K2,RAF1,SOS1,SOS2",True,13
Pathway,M47388,KEGG_MEDICUS_VARIANT_AMPLIFIED_PDGFR_TO_PLCG_CAMK_SIGNALING_PATHWAY,KEGG Medicus Pathways,1.254e-07,0.0004638,1.069e-06,9.396e-06,13,14,"CAMK1,CALM1,CALM2,CALM3,CAMK4,CAMK2A,CAMK2B,CAMK2D,CAMK2G,PLCG1,PLCG2,CAMK1D,CAMK1G",True,13
Pathway,M47378,KEGG_MEDICUS_VARIANT_AMPLIFIED_PDGFR_TO_RAS_ERK_SIGNALING_PATHWAY,KEGG Medicus Pathways,1.254e-07,0.0004638,1.069e-06,9.396e-06,13,14,"ARAF,BRAF,GRB2,HRAS,KRAS,NRAS,MAPK1,MAPK3,MAP2K1,MAP2K2,RAF1,SOS1,SOS2",True,13
Pathway,M47383,KEGG_MEDICUS_VARIANT_MUTATION_ACTIVATED_EGFR_TO_PLCG_ERK_SIGNALING_PATHWAY,KEGG Medicus Pathways,1.254e-07,0.0004638,1.069e-06,9.396e-06,13,14,"ARAF,BRAF,EGFR,PLCG1,PLCG2,PRKCA,PRKCB,PRKCG,MAPK1,MAPK3,MAP2K1,MAP2K2,RAF1",True,13
Pathway,M47384,KEGG_MEDICUS_VARIANT_EML4_ALK_FUSION_KINASE_TO_PLCG_ERK_SIGNALING_PATHWAY,KEGG Medicus Pathways,1.254e-07,0.0004638,1.069e-06,9.396e-06,13,14,"ALK,ARAF,BRAF,PLCG1,PLCG2,PRKCA,PRKCB,PRKCG,MAPK1,MAPK3,MAP2K1,MAP2K2,RAF1",True,13
Pathway,M47488,KEGG_MEDICUS_VARIANT_MET_OVEREXPRESSION_TO_RAS_ERK_SIGNALING_PATHWAY,KEGG Medicus Pathways,1.254e-07,0.0004638,1.069e-06,9.396e-06,13,14,"ARAF,BRAF,GRB2,HRAS,KRAS,NRAS,MAPK1,MAPK3,MAP2K1,MAP2K2,RAF1,SOS1,SOS2",True,13
Pathway,MM14589,REACTOME_INOSITOL_PHOSPHATE_METABOLISM,Reactome Pathways,1.334e-07,0.0004933,1.134e-06,9.972e-06,29,48,"INPP4B,SYNJ1,CALM1,CALM2,CALM3,MINPP1,PLCH2,PPIP5K1,PLCE1,IP6K2,ISYNA1,PLCD4,IMPA1,IMPA2,INPP4A,INPP5A,INPP5B,OCRL,PLCB2,PLCB3,PLCB4,PLCD1,PLCG1,PLCG2,PTEN,PLCD3,PLCH1,PLCB1,PLCZ1",True,29
Pathway,M784,REACTOME_CITRIC_ACID_CYCLE_TCA_CYCLE,Reactome Pathways,1.365e-07,0.0005045,1.157e-06,1.017e-05,23,34,"ACAT1,ACO2,SUCLG2,SUCLG1,SUCLA2,CS,DLD,DLST,TRAP1,KGD4,FH,FXN,IDH2,IDH3A,IDH3B,IDH3G,MDH2,OGDH,SDHA,SDHB,SDHC,SDHD,NNT",True,23
Pathway,M27181,REACTOME_RESOLUTION_OF_SISTER_CHROMATID_COHESION,Reactome Pathways,1.595e-07,0.0005896,1.349e-06,1.186e-05,58,127,"SEH1L,KIF18A,SMC1A,DYNLL1,BUB1B,SMC3,CDC20,CENPA,CENPE,CENPF,DYNLL2,CKAP5,DYNC1H1,DYNC1I1,DYNC1I2,DYNC1LI2,DYNC1LI1,TUBA1B,TUBB3,TUBB4A,TUBB4B,STAG2,TUBA8,TUBB6,TUBA1C,TUBB8,TUBB2B,KIF2A,MAD2L1,NUP98,NUP43,PAFAH1B1,NUP37,PLK1,PPP1CC,NDE1,RANBP2,RANGAP1,TUBAL3,NUP85,TUBA3E,SEC13,CENPT,MAPRE1,NUP133,PDS5B,HDAC8,PDS5A,NUP160,TUBA3D,B9D2,TUBA4A,TUBB2A,TUBB1,XPO1,NDEL1,TUBA1A,NUP107",True,58
Pathway,M47962,KEGG_MEDICUS_REFERENCE_GPCR_PI3K_SIGNALING_PATHWAY,KEGG Medicus Pathways,1.651e-07,0.0006104,1.394e-06,1.225e-05,22,32,"AKT1,AKT2,CHRM1,AKT3,GNB4,GNB5,GNG13,GNB1,GNB2,GNB3,GNG3,GNG4,GNG5,GNG7,GNG10,GNG11,GNGT1,GNGT2,GNG8,GNG2,PIK3CG,GNG12",True,22
Pathway,M19540,KEGG_OXIDATIVE_PHOSPHORYLATION,KEGG Legacy Pathways,1.677e-07,0.0006201,1.412e-06,1.242e-05,60,133,"ATP12A,ATP4A,ATP5F1A,ATP5F1B,ATP5F1C,ATP5F1D,ATP5PB,ATP5MC1,ATP5PF,ATP6V0A1,ATP5PO,COX5A,COX4I1,COX5B,COX6A1,COX8A,COX10,COX11,COX15,CYC1,COX17,ATP5PD,ATP5MG,UQCRQ,MT-CO1,MT-CO2,MT-CO3,MT-CYB,MT-ND1,MT-ND2,MT-ND4,MT-ND5,NDUFA2,NDUFA3,NDUFA4,NDUFA5,NDUFA8,NDUFA9,NDUFA10,NDUFAB1,NDUFB3,NDUFB4,NDUFB7,NDUFB8,NDUFB9,NDUFS1,NDUFS2,NDUFS3,NDUFV1,NDUFS8,NDUFV2,UQCR10,NDUFS7,SDHA,SDHB,SDHC,SDHD,UQCRC1,UQCRC2,UQCRFS1",True,60
Pathway,MM17670,REACTOME_HIGH_LAMINAR_FLOW_SHEAR_STRESS_ACTIVATES_SIGNALING_BY_PIEZO1_AND_PECAM1_CDH5_KDR_IN_ENDOTHELIAL_CELLS,Reactome Pathways,1.756e-07,0.0006492,1.475e-06,1.297e-05,28,46,"AKT1,CALM1,CALM2,CALM3,GNB4,GNB5,GNG13,GNA11,GNAQ,GNAS,GNB1,GNB2,GNB3,GNG3,GNG4,GNG5,GNG7,GNG10,GNG11,GNGT1,GNGT2,GNG8,GNG2,PRKACA,PRKACB,PRKAR1A,PRKAR1B,GNG12",True,28
Pathway,M2333,KEGG_PATHOGENIC_ESCHERICHIA_COLI_INFECTION,KEGG Legacy Pathways,1.88e-07,0.0006949,1.576e-06,1.386e-05,32,56,"ABL1,ACTB,RHOA,WASL,CDC42,ROCK2,CTNNB1,TUBA1B,TUBB3,TUBB4A,TUBB4B,FYN,TUBA8,TUBB6,YWHAQ,TUBA1C,TUBB8,TUBB2B,ITGB1,PRKCA,ROCK1,TUBAL3,TUBA3E,TUBB,TUBA3D,TLR4,TUBA4A,TUBB2A,TUBB1,WAS,YWHAZ,TUBA1A",True,32
Pathway,MM15607,REACTOME_RHOU_GTPASE_CYCLE,Reactome Pathways,1.912e-07,0.0007068,1.599e-06,1.406e-05,25,39,"USP9X,IQGAP1,ARHGEF7,HGS,CDC42,CLTC,ITSN2,GIT2,PARD6A,STAM2,PAK4,WWP2,GRB2,GIT1,MYO6,PAK1,PAK2,PAK3,PIK3R1,PIK3R2,DEPDC1B,SPTAN1,SRGAP2,STAM,VANGL1",True,25
Pathway,M27180,REACTOME_ACTIVATION_OF_THE_PHOTOTRANSDUCTION_CASCADE,Reactome Pathways,1.933e-07,0.0007147,1.61e-06,1.415e-05,11,11,"SLC24A1,CNGB1,CNGA1,GNAT1,GNB1,GNGT1,PDE6A,PDE6G,PDE6B,RHO,SAG",True,11
Pathway,M27160,REACTOME_MUCOPOLYSACCHARIDOSES,Reactome Pathways,1.933e-07,0.0007147,1.61e-06,1.415e-05,11,11,"ARSB,GALNS,GLB1,GNS,GUSB,HYAL1,IDS,IDUA,NAGLU,SGSH,HGSNAT",True,11
Pathway,MM14542,REACTOME_ACTIVATION_OF_G_PROTEIN_GATED_POTASSIUM_CHANNELS,Reactome Pathways,1.963e-07,0.0007257,1.631e-06,1.434e-05,21,30,"GNB4,GNB5,GABBR1,GNG13,GNB1,GNB2,GNB3,GNG3,GNG4,GNG5,GNG7,GNG10,GNG11,GNGT1,GNGT2,KCNJ3,KCNJ5,KCNJ10,GNG8,GNG2,GNG12",True,21
Pathway,M47363,KEGG_MEDICUS_REFERENCE_EGF_EGFR_RAS_ERK_SIGNALING_PATHWAY,KEGG Medicus Pathways,2.029e-07,0.0007502,1.678e-06,1.476e-05,14,16,"ARAF,BRAF,EGFR,GRB2,HRAS,KRAS,NRAS,MAPK1,MAPK3,MAP2K1,MAP2K2,RAF1,SOS1,SOS2",True,14
Pathway,M47645,KEGG_MEDICUS_REFERENCE_LHCGR_GNAS_PKA_SIGNALING_PATHWAY,KEGG Medicus Pathways,2.029e-07,0.0007502,1.678e-06,1.476e-05,14,16,"ADCY1,ADCY2,ADCY3,ADCY5,ADCY6,ADCY7,ADCY8,ADCY9,ADCY4,GNAS,LHCGR,PRKACA,PRKACB,PRKACG",True,14
Pathway,M27867,REACTOME_INTRACELLULAR_SIGNALING_BY_SECOND_MESSENGERS,Reactome Pathways,2.253e-07,0.000833,1.859e-06,1.635e-05,114,303,"ADCY1,ADCY2,ADCY3,ADCY5,ADCY6,ADCY7,ADCY8,ADCY9,GRK2,PIP5K1A,PIP5K1B,PIP4K2B,AKT1,AKT2,ADCY4,PIK3R3,CBX4,BMI1,HDAC3,CALM1,CAMK4,CAMK2A,CAMK2B,CAMK2D,CAMK2G,CD80,CD86,CHD3,CHD4,CREB1,ATF2,AKT3,PHC1,PHC2,EGFR,PSMD14,ERBB2,STUB1,EZH2,FGFR1,FYN,GAB1,AHCYL1,CBX2,ADRM1,WWP2,GRB2,GSK3B,HDAC1,HDAC2,INS,IRAK1,JUN,KPNA2,LCK,MDM2,MYD88,NEDD4,NTRK2,PDE1A,PDE1C,PDE1B,PDGFRB,PIK3CA,PIK3CB,PIK3CD,PIK3CG,PIK3R1,PIK3R2,PIP4K2A,PLCG1,PML,PPARG,PRKACA,PRKACB,PRKACG,PRKAR1A,PRKAR1B,PRKAR2A,PRKAR2B,PRKCA,PRKCG,MAPK1,MAPK3,SLC38A9,PSMC1,PSMC5,PSMD2,PSMD3,PSMD13,PTEN,LAMTOR1,RAC1,RAC2,TRIM27,RHEB,RING1,RNF2,PIP4K2C,RPS27A,PHC3,SCMH1,TNKS2,SRC,RCOR1,PIP5K1C,NR2E1,TP53,MKRN1,UBA52,UBB,UBC,USP7,CBX8",True,114
Pathway,MM14711,REACTOME_SYNTHESIS_OF_IP3_AND_IP4_IN_THE_CYTOSOL,Reactome Pathways,2.284e-07,0.0008445,1.879e-06,1.652e-05,20,28,"SYNJ1,CALM1,CALM2,CALM3,PLCH2,PLCE1,PLCD4,INPP5B,OCRL,PLCB2,PLCB3,PLCB4,PLCD1,PLCG1,PLCG2,PTEN,PLCD3,PLCH1,PLCB1,PLCZ1",True,20
Pathway,M800,REACTOME_G_ALPHA_12_13_SIGNALLING_EVENTS,Reactome Pathways,2.287e-07,0.0008454,1.879e-06,1.652e-05,41,80,"ABR,ADRA1D,ADRA1B,ADRA1A,RHOA,RHOB,RHOC,ARHGEF7,ARHGEF33,ARHGEF1,ROCK2,ECT2,GNB4,GNA13,GNB5,GNG13,GNA12,GNB1,GNB2,GNB3,GNG3,GNG4,GNG5,GNG7,GNG10,GNG11,GNGT1,GNGT2,AKAP13,GNG8,MCF2,GNG2,PLXNB1,ROCK1,ITSN1,ARHGEF40,SOS1,SOS2,GNG12,TBXA2R,ARHGEF18",True,41
Pathway,MM15055,REACTOME_G_ALPHA_S_SIGNALLING_EVENTS,Reactome Pathways,2.399e-07,0.0008869,1.966e-06,1.729e-05,63,143,"ADORA2A,ADRB1,ADRB2,ADRB3,GRK2,GRK3,ARRB1,ARRB2,AVPR2,TAAR5,CRH,CRHR1,PDE11A,GNB4,NPSR1,FN1,GNB5,PDE7B,GNG13,GCGR,PDE10A,GHRH,GNAS,GNB1,GNB2,GNB3,GNG3,GNG4,GNG5,GNG7,GNG10,GNG11,GNGT1,GNGT2,GRK5,GRK6,HRH2,ITGB1,TAAR1,LHCGR,GNG8,MC1R,MC2R,MC4R,MC5R,GPR84,PDE1A,PDE2A,PDE3A,PDE4A,PDE1B,GNG2,POMC,PRKACA,PRKACB,PRKAR1A,PRKAR1B,PTH,PTH1R,PTH2R,SCT,SCTR,GNG12",True,63
Pathway,MM15102,REACTOME_RECYCLING_PATHWAY_OF_L1,Reactome Pathways,2.427e-07,0.0008972,1.985e-06,1.745e-05,24,37,"ACTB,AP2A1,AP2A2,AP2B1,CLTC,DNM1,DNM2,TUBA1B,TUBB3,TUBB4A,TUBB4B,TUBA8,TUBB6,TUBA1C,TUBB2B,MSN,MAPK1,TUBAL3,SRC,TUBA3D,TUBA4A,TUBB2A,TUBB1,TUBA1A",True,24
Pathway,M18437,REACTOME_G_ALPHA_Q_SIGNALLING_EVENTS,Reactome Pathways,2.626e-07,0.0009708,2.143e-06,1.884e-05,87,217,"ADRA1D,ADRA1B,ADRA1A,GRK2,AGT,AGTR1,RGS5,PIK3R3,AVPR1A,AVPR1B,CASR,ARHGEF25,CCK,CHRM1,CREB1,GNA14,ABHD12,EGFR,RGS17,GNB4,RGS19,NPSR1,GNB5,GHRL,GNG13,GCGR,GNA11,GNA15,GNAQ,GNB1,GNB2,GNB3,GNG3,GNG4,GNG5,GNG7,GNG10,GNG11,GNGT1,GNGT2,GNRHR,MCHR1,MLNR,GRK5,GRB2,GRM1,GRM5,HCRT,HRAS,HRH1,HTR2B,HTR2C,KRAS,OPN4,GNG8,NRAS,NTS,NTSR1,OXT,OXTR,GNG2,PIK3CA,PIK3R1,PIK3R2,PLCB2,PLCB3,PLCB4,PRKCA,MAPK1,MAPK3,PTAFR,RGS21,RGS1,RGS2,RGS3,RGS4,RGS13,RGS16,SOS1,GNG12,PLCB1,TAC1,TBXA2R,RGS18,TRHR,TRPC6,NTSR2",True,87
Pathway,M47700,KEGG_MEDICUS_VARIANT_MUTATION_CAUSED_ABERRANT_ABETA_TO_ANTEROGRADE_AXONAL_TRANSPORT,KEGG Medicus Pathways,2.829e-07,0.001046,2.304e-06,2.026e-05,18,24,"CAPN1,CDK5,TUBA1B,TUBB3,TUBB4A,TUBB4B,TUBA8,TUBB6,TUBA1C,TUBB8,TUBB2B,TUBA3E,TUBB,TUBA3D,TUBA4A,TUBB2A,TUBB1,TUBA1A",True,18
Pathway,M27937,REACTOME_CHAPERONE_MEDIATED_AUTOPHAGY,Reactome Pathways,2.955e-07,0.001093,2.396e-06,2.107e-05,17,22,"PLIN2,CETN1,CFTR,HDAC6,EEF1A1,GFAP,PARK7,HSPA8,HSP90AA1,HSP90AB1,ARL13B,PCNT,RPS27A,UBA52,UBB,UBC,IFT88",True,17
Pathway,M47903,KEGG_MEDICUS_REFERENCE_PROMOTION_OF_MICROTUBULE_GROWTH,KEGG Medicus Pathways,2.955e-07,0.001093,2.396e-06,2.107e-05,17,22,"TUBA1B,TUBB3,TUBB4A,TUBB4B,TUBA8,TUBB6,TUBA1C,TUBB8,TUBB2B,TUBA3E,TUBB,MAPRE1,TUBA3D,TUBA4A,TUBB2A,TUBB1,TUBA1A",True,17
Pathway,M705,REACTOME_MHC_CLASS_II_ANTIGEN_PRESENTATION,Reactome Pathways,3.019e-07,0.001116,2.442e-06,2.147e-05,57,126,"KIF18A,AP2A1,AP2A2,AP2B1,AP1G1,KLC3,DYNLL1,CTSF,CANX,CAPZA1,CAPZB,CENPE,KIF3B,CLTC,SEC24C,DYNLL2,CTSD,CTSH,RILP,DCTN1,DNM1,DYNC1H1,DYNC1I1,DYNC1I2,DYNC1LI2,DNM2,DYNC1LI1,DCTN4,TUBA1B,TUBB3,TUBB4A,TUBB4B,DCTN2,TUBA8,TUBB6,TUBA1C,KIF3A,TUBB8,TUBB2B,KIF2A,KIF5A,KIF5B,KLC1,KIF11,LGMN,TUBAL3,TUBA3E,SEC13,KIFAP3,TUBA3D,TUBA4A,TUBB2A,TUBB1,KLC2,TUBA1A,RAB7A,KLC4",True,57
Pathway,M7253,KEGG_FOCAL_ADHESION,KEGG Legacy Pathways,3.198e-07,0.001182,2.581e-06,2.27e-05,81,199,"ACTB,ACTN4,ACTN1,ACTN2,AKT1,AKT2,PIK3R3,BIRC3,RHOA,BCL2,BRAF,CAV1,CDC42,CHAD,ROCK2,CTNNB1,DIAPH1,DOCK1,AKT3,EGFR,ERBB2,PAK4,LAMC3,MYL9,FLNA,FLNB,FLNC,FN1,FYN,GRB2,GSK3B,HRAS,ITGA4,ITGB1,ITGB5,JUN,LAMA2,LAMB2,LAMB3,LAMC1,LAMC2,MYL5,PPP1R12A,PAK1,PAK2,PAK3,PDGFRB,PIK3CA,PIK3CB,PIK3CD,PIK3CG,PIK3R1,PIK3R2,PPP1CA,PPP1CB,PPP1CC,PRKCA,PRKCB,PRKCG,MAPK1,MAPK3,MAPK8,MAPK9,MAP2K1,MYL12B,PTEN,RAC1,RAC2,RAF1,ROCK1,SOS1,SOS2,SRC,PDGFC,PIP5K1C,THBS1,VASP,VTN,VWF,PAK6,PAK5",True,81
Pathway,M29836,REACTOME_LEISHMANIA_INFECTION,Reactome Pathways,3.33e-07,0.001231,2.682e-06,2.358e-05,87,218,"ABL1,ACTB,ADCY1,ADCY2,ADCY3,ADCY5,ADCY6,ADCY7,ADCY8,ADCY9,ADCY4,WASL,CALM1,PSTPIP1,ENTPD1,ENTPD5,CDC42,CD163,CREB1,ELMO1,DOCK1,DVL1,DVL2,ABI2,GNB4,FCGR1A,FCGR3A,TXNIP,GNB5,GNAT3,FYN,AHCYL1,NCKAP1,GNG13,GNAI1,GNAI2,GNAI3,GNAS,GNAZ,GNB1,GNB2,GNB3,GNG3,GNG4,GNG5,GNG7,GNG10,GNG11,GNGT1,GNGT2,GRB2,HMOX1,HSP90AB1,IL1B,IL6,IL10,JUN,GNG8,MEFV,MYH9,MYO5A,NT5E,P2RX4,GNG2,PLCG1,PLCG2,PRKACA,PRKACB,PRKACG,PRKAR1A,PRKAR1B,PRKAR2A,PRKAR2B,MAPK1,MAPK3,MAPK8,RAC1,RELA,ELMO2,SRC,GNG12,ADAM17,TXN,WAS,WNT5A,WIPF2,NLRP3",True,87
Pathway,M19877,KEGG_ENDOMETRIAL_CANCER,KEGG Legacy Pathways,3.4e-07,0.001257,2.733e-06,2.403e-05,30,52,"AKT1,AKT2,PIK3R3,ARAF,BRAF,CTNNB1,AKT3,EGFR,ERBB2,GRB2,GSK3B,HRAS,KRAS,MYC,NRAS,PIK3CA,PIK3CB,PIK3CD,PIK3CG,PIK3R1,PIK3R2,MAPK1,MAPK3,MAP2K1,MAP2K2,PTEN,RAF1,SOS1,SOS2,TP53",True,30
Pathway,M321,KEGG_CHRONIC_MYELOID_LEUKEMIA,KEGG Legacy Pathways,3.744e-07,0.001384,3.002e-06,2.64e-05,38,73,"ABL1,AKT1,AKT2,PIK3R3,ARAF,BRAF,CDKN2A,CTBP1,CTBP2,AKT3,GRB2,HDAC1,HDAC2,HRAS,KRAS,SMAD4,MDM2,MYC,NFKBIA,NRAS,PIK3CA,PIK3CB,PIK3CD,PIK3CG,PIK3R1,PIK3R2,MAPK1,MAPK3,MAP2K1,MAP2K2,RAF1,RELA,SOS1,SOS2,TGFB1,TGFBR1,TGFBR2,TP53",True,38
Pathway,M10322,REACTOME_GLUCAGON_TYPE_LIGAND_RECEPTORS,Reactome Pathways,3.802e-07,0.001406,3.036e-06,2.669e-05,22,33,"GNB4,GNB5,GNG13,GCGR,GHRH,GNAS,GNB1,GNB2,GNB3,GNG3,GNG4,GNG5,GNG7,GNG10,GNG11,GNGT1,GNGT2,GNG8,GNG2,SCT,SCTR,GNG12",True,22
Pathway,MM15066,REACTOME_GLUCAGON_TYPE_LIGAND_RECEPTORS,Reactome Pathways,3.802e-07,0.001406,3.036e-06,2.669e-05,22,33,"GNB4,GNB5,GNG13,GCGR,GHRH,GNAS,GNB1,GNB2,GNB3,GNG3,GNG4,GNG5,GNG7,GNG10,GNG11,GNGT1,GNGT2,GNG8,GNG2,SCT,SCTR,GNG12",True,22
Pathway,MM14900,REACTOME_SENESCENCE_ASSOCIATED_SECRETORY_PHENOTYPE_SASP,Reactome Pathways,3.909e-07,0.001445,3.114e-06,2.738e-05,25,40,"CDC26,CDC23,CDC16,CDC27,CEBPB,ANAPC15,FZR1,ANAPC10,ANAPC5,ANAPC7,ANAPC11,UBE2S,UBE2C,ANAPC16,ANAPC2,ANAPC4,MAPK1,MAPK3,RPS27A,UBA52,UBB,UBC,UBE2D1,UBE2E1,ANAPC1",True,25
Pathway,MM15529,REACTOME_ESR_MEDIATED_SIGNALING,Reactome Pathways,4.3e-07,0.00159,3.419e-06,3.006e-05,59,133,"AKT1,AKT2,PIK3R3,KAT2B,CALM1,CALM2,CALM3,CAV1,CREB1,DDX5,AKT3,EGFR,GNB4,EP300,KAT5,GNB5,GNAT3,PTGES3,GNG13,GNAI1,GNAI2,GNAI3,GNB1,GNB2,GNB3,GNG3,GNG4,GNG5,GNG7,GNG10,GNG11,GNGT1,GNGT2,H3-3A,H3-3B,HRAS,HSPB1,HSP90AA1,HSP90AB1,KRAS,GNG8,UHMK1,GNG2,PGR,PIK3CA,PIK3R1,PIK3R2,POLR2A,POLR2B,POLR2C,MED1,PRKCZ,MAPK1,SP1,SRC,GNG12,TBP,USF1,XPO1",True,59
Pathway,MM14968,REACTOME_L1CAM_INTERACTIONS,Reactome Pathways,4.391e-07,0.001623,3.477e-06,3.057e-05,36,68,"ACTB,AP2A1,AP2A2,AP2B1,CLTC,DNM1,DNM2,EGFR,TUBA1B,TUBB3,TUBB4A,TUBB4B,FGFR1,TUBA8,TUBB6,TUBA1C,TUBB2B,ITGB1,MSN,PAK1,MAPK1,MAPK3,MAP2K1,MAP2K2,RAC1,TUBAL3,SPTA1,SPTAN1,SPTB,SRC,NFASC,TUBA3D,TUBA4A,TUBB2A,TUBB1,TUBA1A",True,36
Pathway,M47741,KEGG_MEDICUS_VARIANT_MUTATION_CAUSED_ABERRANT_TDP43_TO_ELECTRON_TRANSFER_IN_COMPLEX_I,KEGG Medicus Pathways,4.411e-07,0.001631,3.477e-06,3.057e-05,27,45,"NDUFA13,MT-ND1,MT-ND2,MT-ND4,MT-ND5,NDUFA2,NDUFA3,NDUFA4,NDUFA5,NDUFA8,NDUFA9,NDUFA10,NDUFAB1,NDUFB3,NDUFB4,NDUFB7,NDUFB8,NDUFB9,NDUFS1,NDUFS2,NDUFS3,NDUFV1,NDUFS8,NDUFV2,NDUFS7,NDUFA12,TARDBP",True,27
Pathway,M47705,KEGG_MEDICUS_VARIANT_MUTATION_CAUSED_ABERRANT_SNCA_TO_ELECTRON_TRANSFER_IN_COMPLEX_I,KEGG Medicus Pathways,4.411e-07,0.001631,3.477e-06,3.057e-05,27,45,"NDUFA13,MT-ND1,MT-ND2,MT-ND4,MT-ND5,NDUFA2,NDUFA3,NDUFA4,NDUFA5,NDUFA8,NDUFA9,NDUFA10,NDUFAB1,NDUFB3,NDUFB4,NDUFB7,NDUFB8,NDUFB9,NDUFS1,NDUFS2,NDUFS3,NDUFV1,NDUFS8,NDUFV2,NDUFS7,SNCA,NDUFA12",True,27
Pathway,M27623,REACTOME_SIGNALING_BY_MODERATE_KINASE_ACTIVITY_BRAF_MUTANTS,Reactome Pathways,4.411e-07,0.001631,3.477e-06,3.057e-05,27,45,"ACTB,ARAF,ARRB1,ARRB2,IQGAP1,KSR1,BRAF,CALM1,CAMK2A,CAMK2B,CAMK2D,CAMK2G,CSK,FN1,HRAS,JAK2,KRAS,NRAS,PEBP1,MAPK1,MAPK3,MAP2K1,MAP2K2,RAF1,SRC,VWF,YWHAB",True,27
Pathway,M47455,KEGG_MEDICUS_REFERENCE_CCR_CXCR_GNB_G_PI3K_RAC_SIGNALING_PATHWAY,KEGG Medicus Pathways,4.674e-07,0.001728,3.676e-06,3.232e-05,21,31,"CCR3,GNB4,GNB5,GNG13,GNB1,GNB2,GNB3,GNG3,GNG4,GNG5,GNG7,GNG10,GNG11,GNGT1,GNGT2,GNG8,GNG2,PIK3CG,RAC1,CCL2,GNG12",True,21
Pathway,M29766,REACTOME_LOSS_OF_FUNCTION_OF_MECP2_IN_RETT_SYNDROME,Reactome Pathways,4.764e-07,0.001761,3.732e-06,3.281e-05,12,13,"HDAC3,CALM1,CAMK4,SIN3A,NCOR1,NCOR2,GPS2,HDAC1,MECP2,PRKACA,TBL1XR1,TBL1X",True,12
Pathway,M29612,REACTOME_RETINOID_CYCLE_DISEASE_EVENTS,Reactome Pathways,4.764e-07,0.001761,3.732e-06,3.281e-05,12,13,"ABCA4,OPN1SW,LRAT,OPN1MW,RBP1,RBP4,OPN1LW,RDH5,RDH12,RLBP1,STRA6,TTR",True,12
Pathway,M1060,REACTOME_CYTOKINE_SIGNALING_IN_IMMUNE_SYSTEM,Reactome Pathways,5.351e-07,0.001978,4.183e-06,3.678e-05,252,785,"SEH1L,ABL2,CCR2,MAVS,H3C2,AKT1,AKT2,RAE1,ANXA2,PIK3R3,BIRC3,FANCM,PIAS1,SOCS1,ATF1,BCL2,BCL6,CAMK2A,CAMK2B,CAMK2D,CAMK2G,CANX,CAPZA1,SOCS3,CASP3,AIP,USP14,CD4,CD27,CD80,CD86,CD36,CDC42,CRLF1,RPS6KA5,KPNA7,CCR1,CCR5,ARIH1,EIF2AK3,CNTF,CREB1,ATF2,SH2B1,CSF1,CSF2,NUP155,CSH1,CSK,NUP93,EIF4A3,NUP58,DHX9,POM121,NUP153,RBX1,HNRNPDL,AKT3,BCL2L11,DUSP6,EIF2S1,EIF2S3,EIF4A1,EIF4A2,PSMD14,TUBA1B,TUBB3,TUBB4A,TUBB4B,FCGR1A,IP6K2,FLNA,FLNB,IL31RA,FN1,BATF,FOS,FPR1,POM121C,TNFSF13B,FYN,NUP50,TUBA8,GH1,GH2,TUBB6,IFI44L,ADRM1,TUBA1C,GRB2,NUP42,HIF1A,HLA-A,HLA-B,HMOX1,HNRNPA2B1,HNRNPF,HRAS,HSPA1A,HSPA1B,HSPA5,HSPA8,HSPA9,HSP90AA1,ICAM1,IRF8,IFI35,IFNAR1,IFNG,IL1B,IL1RN,IL2RG,IL4,IL6,IL10,IL17A,ILF2,ILF3,TUBB8,IRAK1,TUBB2B,ITGAM,ITGAX,ITGB1,JAK2,JUN,KPNA1,KPNA2,KPNA3,KPNA4,KPNA5,KRAS,LCK,LGALS9,LMNB1,LTBR,NUP54,MSN,MTAP,TBK1,MX1,MYC,MYD88,NEDD4,NFKBIA,NPM1,NRAS,YBX1,NUP88,NUP98,NUP43,OPRM1,PAK2,PIK3CA,PIK3CB,PIK3CD,NUP37,PIK3R1,PIK3R2,PITPNA,PLCG1,PLCG2,PML,POMC,POU2F1,PPIA,PPM1B,PRKACA,MAPK1,MAPK3,MAPK8,MAPK9,MAP2K1,PSMC1,PSMC5,PSMD2,PSMD3,PSMD13,PTAFR,PTGS2,RAF1,RAG1,RANBP2,RELA,RELB,RORA,TUBAL3,NUP85,TUBA3E,RPS27A,S100B,CCL2,CCL19,CCL22,SDC1,SEC13,SKP1,NUP35,ATF6,NDC1,NUP133,SNAP25,SNCA,FSCN1,SNRPA1,SOD1,SOD2,SOS1,SOS2,SOX2,SP100,SRC,STAT1,STAT2,STAT3,NUP205,NOD2,STX1A,STX3,NUP210,ADAM17,TALDO1,NUP160,TCP1,TUBA3D,TGFB1,TNF,NUP188,TNFRSF1A,TP53,TPR,HSP90B1,TRAF3,NUP62,TUBA4A,TUBB2A,TUBB1,UBA52,UBB,UBC,UBE2D1,UBE2D2,UBE2D3,UBE2E1,UBE2I,SUMO1,YWHAZ,TRIM26,TUBA1A,NUP107,NUP214,AAAS",True,252
Pathway,M11480,REACTOME_MEMBRANE_TRAFFICKING,Reactome Pathways,6.128e-07,0.002266,4.78e-06,4.203e-05,208,630,"KIF18A,CLTCL1,ACTB,SYS1,FZD4,ADRB2,GRK2,GRK3,AP2A1,AP2A2,AP2B1,AP1G1,AGTR1,PLA2G6,AKT1,AKT2,RIC1,KLC3,ALPP,ANK3,ALS2,AP3B1,ARF4,ARL1,ARRB1,ARRB2,DYNLL1,GBF1,AVPR2,RAB11A,SNAP23,SYNJ1,SYNJ2,WASL,CALM1,CAPZA1,CAPZB,KIFC2,CD4,SEC22C,RABEP1,SCARB2,HGS,CENPE,CFTR,CHM,TRIP10,VAMP3,EPS15L1,RAB9A,KIF3B,CLTC,CHMP2B,SEC24C,ITSN2,DYNLL2,PUM1,GGA1,CUX1,DNAJC6,DCTN1,KIAA0319,CHMP7,DNM1,DYNC1H1,DYNC1I1,DYNC1I2,DYNC1LI2,DNM2,AKT3,DVL2,VPS36,EXOC8,OPTN,ARFRP1,EGFR,DYNC1LI1,VPS28,DCTN4,RABEPK,EPS15,STAM2,UBAP1,TUBA1B,TUBB3,TUBB4A,TUBB4B,CHMP4C,DCTN2,VPS25,NAA38,RAB6B,NBAS,EXOC5,RAB3IP,FTH1,CHMP3,RAB7B,GALNT2,BLOC1S1,TUBA8,CHMP2A,TUBB6,GJA1,RAB10,GJA8,GJB2,YWHAQ,COPS5,GNS,GOLGA4,TUBA1C,GRB2,GRIA1,KIF3A,EXOC4,SNF8,EXOC3,GABARAP,GABARAPL2,MVB12A,SCOC,HSPA8,TRAPPC11,TUBB8,INS,TUBB2B,KIF2A,KIF5A,KIF5B,KLC1,KIF11,KIFC1,KIF25,MAN2A2,MAN2A1,RAB8A,CHMP4A,MYH9,MYO5A,MYO6,NEDD8,OCRL,PAFAH1B1,PAFAH1B2,PIK3C2A,EPN1,EXOC6,UBQLN2,FNBP1L,RAB5A,RAB6A,RAB13,RAC1,VPS37C,CHMP6,CHMP4B,VPS37B,TUBAL3,TUBA3E,RPS27A,SEC13,TRAPPC2,VPS37A,COPG1,ITSN1,SLC2A4,KIFAP3,NECAP2,EXOC1,EXOC2,FNBP1,SPTA1,SPTAN1,SPTB,SRC,SCFD1,EXOC7,TUBA3D,PIP5K1C,TFRC,RHOQ,TJP1,TSC1,TSG101,RABGAP1,ARFIP2,TUBA4A,TUBB2A,TUBB1,UBA52,UBB,UBC,WNT5A,KLC2,YWHAB,YWHAE,YWHAG,YWHAH,YWHAZ,TUBA1A,TRAPPC6B,RAB7A,MAP1LC3B,VPS37D,MVB12B,STAM,KLC4",True,208
Pathway,M47973,KEGG_MEDICUS_REFERENCE_TRANSCRIPTIONAL_ACTIVATION_BY_ACETYLATION_OF_H3K27,KEGG Medicus Pathways,7.273e-07,0.002689,5.578e-06,4.905e-05,13,15,"H3C2,YAF2,EP300,DCAF7,PCGF3,PCGF5,H3-3A,H3-3B,TEX10,RING1,RNF2,FBRS,RYBP",True,13
Pathway,M47367,KEGG_MEDICUS_VARIANT_MUTATION_ACTIVATED_MET_TO_RAS_ERK_SIGNALING_PATHWAY,KEGG Medicus Pathways,7.273e-07,0.002689,5.578e-06,4.905e-05,13,15,"ARAF,BRAF,GRB2,HRAS,KRAS,NRAS,MAPK1,MAPK3,MAP2K1,MAP2K2,RAF1,SOS1,SOS2",True,13
Pathway,M47389,KEGG_MEDICUS_REFERENCE_EGF_EGFR_RAS_PI3K_SIGNALING_PATHWAY,KEGG Medicus Pathways,7.273e-07,0.002689,5.578e-06,4.905e-05,13,15,"AKT1,AKT2,AKT3,EGFR,GRB2,HRAS,KRAS,NRAS,PIK3CA,PIK3CB,PIK3CD,SOS1,SOS2",True,13
Pathway,M47382,KEGG_MEDICUS_REFERENCE_EGF_EGFR_PLCG_ERK_SIGNALING_PATHWAY,KEGG Medicus Pathways,7.273e-07,0.002689,5.578e-06,4.905e-05,13,15,"ARAF,BRAF,EGFR,PLCG1,PLCG2,PRKCA,PRKCB,PRKCG,MAPK1,MAPK3,MAP2K1,MAP2K2,RAF1",True,13
Pathway,M47485,KEGG_MEDICUS_VARIANT_IGF2_OVEREXPRESSION_TO_RAS_ERK_SIGNALING_PATHWAY,KEGG Medicus Pathways,7.273e-07,0.002689,5.578e-06,4.905e-05,13,15,"ARAF,BRAF,GRB2,HRAS,KRAS,NRAS,MAPK1,MAPK3,MAP2K1,MAP2K2,RAF1,SOS1,SOS2",True,13
Pathway,M47473,KEGG_MEDICUS_REFERENCE_HGF_MET_RAS_ERK_SIGNALING_PATHWAY,KEGG Medicus Pathways,7.273e-07,0.002689,5.578e-06,4.905e-05,13,15,"ARAF,BRAF,GRB2,HRAS,KRAS,NRAS,MAPK1,MAPK3,MAP2K1,MAP2K2,RAF1,SOS1,SOS2",True,13
Pathway,M47474,KEGG_MEDICUS_REFERENCE_FLT3LG_FLT3_RAS_ERK_SIGNALING_PATHWAY,KEGG Medicus Pathways,7.273e-07,0.002689,5.578e-06,4.905e-05,13,15,"ARAF,BRAF,GRB2,HRAS,KRAS,NRAS,MAPK1,MAPK3,MAP2K1,MAP2K2,RAF1,SOS1,SOS2",True,13
Pathway,M47472,KEGG_MEDICUS_REFERENCE_KITLG_KIT_RAS_ERK_SIGNALING_PATHWAY,KEGG Medicus Pathways,7.273e-07,0.002689,5.578e-06,4.905e-05,13,15,"ARAF,BRAF,GRB2,HRAS,KRAS,NRAS,MAPK1,MAPK3,MAP2K1,MAP2K2,RAF1,SOS1,SOS2",True,13
Pathway,MM15387,REACTOME_MITOTIC_SPINDLE_CHECKPOINT,Reactome Pathways,7.374e-07,0.002726,5.644e-06,4.962e-05,53,117,"SEH1L,KIF18A,CDC26,DYNLL1,CDC23,CDC16,BUB1B,CDC20,CDC27,CENPA,CENPE,CENPF,ANAPC15,DYNLL2,CKAP5,DYNC1H1,DYNC1I1,DYNC1I2,DYNC1LI2,DYNC1LI1,ANAPC10,ANAPC5,ANAPC7,ANAPC11,UBE2S,UBE2C,KIF2A,MAD2L1,ANAPC16,NUP98,NUP43,PAFAH1B1,NUP37,ANAPC2,PLK1,ANAPC4,PPP1CC,NDE1,RANBP2,RANGAP1,NUP85,SEC13,CENPT,MAPRE1,NUP133,NUP160,B9D2,UBE2D1,UBE2E1,ANAPC1,XPO1,NDEL1,NUP107",True,53
Pathway,MM15043,REACTOME_G_ALPHA_Q_SIGNALLING_EVENTS,Reactome Pathways,7.821e-07,0.002892,5.953e-06,5.234e-05,83,209,"ADRA1D,ADRA1B,ADRA1A,GRK2,AGT,AGTR1,RGS5,PIK3R3,AVPR1A,AVPR1B,CASR,ARHGEF25,CCK,CHRM1,CREB1,GNA14,ABHD12,EGFR,RGS17,GNB4,RGS19,NPSR1,GNB5,GHRL,GNG13,GCGR,GNA11,GNA15,GNAQ,GNB1,GNB2,GNB3,GNG3,GNG4,GNG5,GNG7,GNG10,GNG11,GNGT1,GNGT2,GNRHR,MCHR1,GRB2,GRM1,GRM5,HCRT,HRAS,HRH1,HTR2B,HTR2C,KRAS,OPN4,GNG8,NTS,NTSR1,OXT,OXTR,GNG2,PIK3CA,PIK3R1,PIK3R2,PLCB2,PLCB3,PLCB4,MAPK1,MAPK3,PTAFR,RGS21,RGS1,RGS2,RGS3,RGS4,RGS13,RGS16,SOS1,GNG12,PLCB1,TAC1,TBXA2R,RGS18,TRHR,TRPC6,NTSR2",True,83
Pathway,M19522,REACTOME_ADENYLATE_CYCLASE_ACTIVATING_PATHWAY,Reactome Pathways,7.89e-07,0.002917,5.953e-06,5.234e-05,10,10,"ADCY1,ADCY2,ADCY3,ADCY5,ADCY6,ADCY7,ADCY8,ADCY9,ADCY4,GNAL",True,10
Pathway,M801,REACTOME_ATF6_ATF6_ALPHA_ACTIVATES_CHAPERONE_GENES,Reactome Pathways,7.89e-07,0.002917,5.953e-06,5.234e-05,10,10,"ATF4,CALR,DDIT3,HSPA5,NFYA,NFYB,NFYC,ATF6,HSP90B1,XBP1",True,10
Pathway,M47735,KEGG_MEDICUS_REFERENCE_RAC_CDC42_PAK_ERK_SIGNALING_PATHWAY,KEGG Medicus Pathways,7.89e-07,0.002917,5.953e-06,5.234e-05,10,10,"ARAF,BRAF,CDC42,PAK1,MAPK1,MAPK3,MAP2K1,MAP2K2,RAC1,RAF1",True,10
Pathway,M47420,KEGG_MEDICUS_VARIANT_HRAS_OVEREXPRESSION_TO_ERK_SIGNALING_PATHWAY,KEGG Medicus Pathways,7.89e-07,0.002917,5.953e-06,5.234e-05,10,10,"ARAF,BRAF,RPS6KA5,HRAS,MYC,MAPK1,MAPK3,MAP2K1,MAP2K2,RAF1",True,10
Pathway,MM14668,REACTOME_ADENYLATE_CYCLASE_ACTIVATING_PATHWAY,Reactome Pathways,7.89e-07,0.002917,5.953e-06,5.234e-05,10,10,"ADCY1,ADCY2,ADCY3,ADCY5,ADCY6,ADCY7,ADCY8,ADCY9,ADCY4,GNAL",True,10
Pathway,M27299,REACTOME_FOLDING_OF_ACTIN_BY_CCT_TRIC,Reactome Pathways,7.89e-07,0.002917,5.953e-06,5.234e-05,10,10,"ACTB,CCT6A,CCT7,CCT4,CCT2,CCT6B,CCT8,CCT5,TCP1,CCT3",True,10
Pathway,M15247,KEGG_UBIQUITIN_MEDIATED_PROTEOLYSIS,KEGG Legacy Pathways,7.942e-07,0.002936,5.98e-06,5.258e-05,59,135,"KLHL13,CUL3,AIRE,BIRC3,PIAS1,CDC26,SOCS1,CDC23,BRCA1,CDC16,SOCS3,PIAS2,CDC20,CDC27,TRIP12,ANAPC13,RCHY1,KEAP1,CUL7,DDB1,RBX1,UBA2,SAE1,HUWE1,STUB1,FZR1,ANAPC10,PIAS3,UBR5,ANAPC5,ANAPC7,UBE2E3,ANAPC11,PIAS4,UBE2S,PRPF19,WWP2,UBE2C,MDM2,MAP3K1,NEDD4,PRKN,ANAPC2,ANAPC4,PML,UBA6,SKP1,TRIM32,KLHL9,NEDD4L,UBA1,UBE2D1,UBE2D2,UBE2D3,UBE2E1,UBE2I,ANAPC1,PPIL2,SMURF1",True,59
Pathway,MM15601,REACTOME_RHOD_GTPASE_CYCLE,Reactome Pathways,8.211e-07,0.003036,6.17e-06,5.425e-05,34,64,"ACTN1,ADD3,ARHGAP1,STBD1,CAPZB,CAV1,VAPB,VAMP3,SLC4A7,RBM39,AKAP12,TOR1AIP1,DIAPH1,DIAPH2,LBR,LMNB1,MCAM,CPNE8,PIK3R1,PIK3R2,PLXNA1,PLXNB1,RHOD,EFHD2,ARHGAP17,STEAP3,DEPDC1B,ESYT1,ARHGAP39,PAK6,RAB7A,DIAPH3,PAK5,VANGL1",True,34
Pathway,M47387,KEGG_MEDICUS_REFERENCE_PDGF_PDGFR_PLCG_CAMK_SIGNALING_PATHWAY,KEGG Medicus Pathways,8.878e-07,0.003282,6.644e-06,5.842e-05,14,17,"CAMK1,CALM1,CALM2,CALM3,CAMK4,CAMK2A,CAMK2B,CAMK2D,CAMK2G,PDGFRB,PLCG1,PLCG2,CAMK1D,CAMK1G",True,14
Pathway,M47376,KEGG_MEDICUS_REFERENCE_PDGF_PDGFR_RAS_ERK_SIGNALING_PATHWAY,KEGG Medicus Pathways,8.878e-07,0.003282,6.644e-06,5.842e-05,14,17,"ARAF,BRAF,GRB2,HRAS,KRAS,NRAS,PDGFRB,MAPK1,MAPK3,MAP2K1,MAP2K2,RAF1,SOS1,SOS2",True,14
Pathway,M27485,REACTOME_CD209_DC_SIGN_SIGNALING,Reactome Pathways,9.381e-07,0.003468,7.007e-06,6.161e-05,16,21,"RPS6KA5,CREBBP,EP300,FYN,HRAS,KRAS,NRAS,PAK1,PAK2,PAK3,PRKACA,PRKACB,PRKACG,RAF1,RELA,RELB",True,16
Pathway,M559,REACTOME_CONSTITUTIVE_SIGNALING_BY_LIGAND_RESPONSIVE_EGFR_CANCER_VARIANTS,Reactome Pathways,9.518e-07,0.003519,7.094e-06,6.238e-05,15,19,"EGFR,GAB1,GRB2,HRAS,HSP90AA1,KRAS,NRAS,PIK3CA,PIK3R1,PLCG1,RPS27A,SOS1,UBA52,UBB,UBC",True,15
Pathway,M27832,REACTOME_METABOLISM_OF_STEROIDS,Reactome Pathways,1.016e-06,0.003756,7.558e-06,6.645e-05,65,154,"ACAT2,OSBPL6,ALB,AKR1B1,MBTPS1,CH25H,SERPINA6,GGPS1,CREBBP,SEC24C,CYP11A1,CYP51A1,IDI2,NSDHL,DHCR7,DHCR24,HSD17B12,STARD3NL,FASN,MBTPS2,FDFT1,FDPS,FDX1,FDXR,HSD17B7,PIAS4,PMVK,EBP,STARD3,SLC27A5,SLC27A2,HMGCR,HMGCS1,IDI1,INSIG1,LBR,LSS,MVD,MVK,NFYA,NFYB,NFYC,POMC,MED1,LGMN,RAN,SRD5A3,TBL1XR1,MSMO1,SC5D,FDX2,SCD,SCP2,HSD3B7,SCAP,SUMO2,SP1,SQLE,SRD5A2,SREBF1,SREBF2,TBL1X,TM7SF2,UBE2I,CUBN",True,65
Pathway,M27900,REACTOME_REGULATION_OF_MECP2_EXPRESSION_AND_ACTIVITY,Reactome Pathways,1.044e-06,0.003861,7.707e-06,6.777e-05,21,32,"HDAC3,CALM1,CAMK4,CAMK2A,CAMK2B,CAMK2D,CAMK2G,SIN3A,CREB1,NCOR1,NCOR2,GPS2,HTT,HDAC1,HDAC2,LBR,MECP2,HIPK2,PRKACA,TBL1XR1,TBL1X",True,21
Pathway,MM14983,REACTOME_GLUCAGON_LIKE_PEPTIDE_1_GLP1_REGULATES_INSULIN_SECRETION,Reactome Pathways,1.044e-06,0.003861,7.707e-06,6.777e-05,21,32,"GNB4,GNB5,GNG13,GNAS,GNB1,GNB2,GNB3,GNG3,GNG4,GNG5,GNG7,GNG10,GNG11,GNGT1,GNGT2,RAPGEF4,GNG8,GNG2,PRKACA,PRKACB,GNG12",True,21
Pathway,M27419,REACTOME_PINK1_PRKN_MEDIATED_MITOPHAGY,Reactome Pathways,1.044e-06,0.003861,7.707e-06,6.777e-05,21,32,"TOMM5,TOMM20,TOMM70,TOMM6,OPTN,TOMM40,MAP1LC3A,TBK1,PRKN,TOMM7,RPS27A,UBA52,UBB,UBC,UBE2D2,UBE2D3,VDAC1,VDAC2,VDAC3,TOMM22,MAP1LC3B",True,21
Pathway,M17758,KEGG_ALANINE_ASPARTATE_AND_GLUTAMATE_METABOLISM,KEGG Legacy Pathways,1.044e-06,0.003861,7.707e-06,6.777e-05,21,32,"ADSL,ADSS2,AGXT,ASL,ASS1,CAD,GFPT2,GAD2,GFPT1,GLUD1,GLUD2,GLUL,GPT2,GOT1,GOT2,GPT,IL4I1,PPAT,NIT2,ALDH5A1,ADSS1",True,21
Pathway,M47683,KEGG_MEDICUS_REFERENCE_ELECTRON_TRANSFER_IN_COMPLEX_I,KEGG Medicus Pathways,1.093e-06,0.004039,8.037e-06,7.066e-05,26,44,"NDUFA13,MT-ND1,MT-ND2,MT-ND4,MT-ND5,NDUFA2,NDUFA3,NDUFA4,NDUFA5,NDUFA8,NDUFA9,NDUFA10,NDUFAB1,NDUFB3,NDUFB4,NDUFB7,NDUFB8,NDUFB9,NDUFS1,NDUFS2,NDUFS3,NDUFV1,NDUFS8,NDUFV2,NDUFS7,NDUFA12",True,26
Pathway,M891,REACTOME_RECYCLING_PATHWAY_OF_L1,Reactome Pathways,1.093e-06,0.004043,8.037e-06,7.066e-05,28,49,"ACTB,AP2A1,AP2A2,AP2B1,RPS6KA4,RPS6KA5,CLTC,DNM1,DNM2,TUBA1B,TUBB3,TUBB4A,TUBB4B,TUBA8,TUBB6,TUBA1C,TUBB8,TUBB2B,MSN,MAPK1,TUBAL3,TUBA3E,SRC,TUBA3D,TUBA4A,TUBB2A,TUBB1,TUBA1A",True,28
Pathway,M47889,KEGG_MEDICUS_REFERENCE_DYNEIN_RECRUITMENT_TO_THE_KINETOCHORE,KEGG Medicus Pathways,1.304e-06,0.004822,9.567e-06,8.412e-05,20,30,"DYNLL1,CENPF,DYNLL2,DCTN1,DYNLRB2,DYNLRB1,DYNC1H1,DYNC1I1,DYNC1I2,DYNC1LI2,DYNC1LI1,DCTN4,DCTN2,DYNC2LI1,PAFAH1B1,NDE1,DYNC2H1,DYNLT3,DYNLT1,NDEL1",True,20
Pathway,MM15600,REACTOME_RAC2_GTPASE_CYCLE,Reactome Pathways,1.314e-06,0.004858,9.62e-06,8.458e-05,42,87,"ABR,PIK3R3,ARHGAP1,ARHGDIA,IQGAP1,STBD1,CAV1,CDC42,VAPB,VAMP3,SAMM50,RBM39,DOCK4,GIT2,DOCK1,ABI2,PAK4,NCKAP1,CDC42EP1,ITGB1,MPP7,LBR,MCAM,MCF2,GIT1,OPHN1,PAK1,PAK2,PIK3CA,PIK3R1,PIK3R2,LAMTOR1,RAC2,ARHGAP17,DEPDC1B,BAIAP2L1,ESYT1,ARHGAP39,TFRC,RAB7A,DIAPH3,VANGL1",True,42
Pathway,M2780,REACTOME_SIGNALING_BY_ROBO_RECEPTORS,Reactome Pathways,1.343e-06,0.004967,9.816e-06,8.631e-05,81,205,"ABL1,ABL2,RHOA,CDC42,RPL23,LHX2,EIF4A3,DAG1,SRGAP3,RBM8A,RBX1,RPS27L,PSMD14,PAK4,PABPC1,RNPS1,ADRM1,ISL1,MAGOH,RPL22L1,NCBP1,PAK1,PAK2,PAK3,PFN1,PFN2,PPP3CB,PRKACA,PRKACB,PRKACG,PRKAR2A,PRKCA,PSMC1,PSMC5,PSMD2,PSMD3,PSMD13,RAC1,MAGOHB,RPL5,RPL6,RPL7,RPL7A,RPL11,RPL19,RPL27,RPL36AL,RPLP1,RPS2,RPS3,RPS9,RPS10,RPS11,RPS12,RPS13,RPS14,RPS18,RPS20,RPS21,RPS23,RPS25,RPS27A,CASC3,NCBP2,ENAH,SOS1,SOS2,ZSWIM8,SRC,SRGAP2,ARHGAP39,UBA52,UBB,UBC,VASP,UPF3B,PAK6,CXCR4,LHX4,PAK5,LHX3",True,81
Pathway,M42521,REACTOME_SIGNALING_BY_ALK_IN_CANCER,Reactome Pathways,1.488e-06,0.005502,1.085e-05,9.541e-05,44,93,"ALK,ATIC,CEBPB,CLTC,EIF2AK3,DCTN1,RBX1,EEF1G,FN1,EML4,GRB2,HDAC1,IL10,JUN,KIF5B,KLC1,MDM2,MECP2,MSN,MYH9,NPM1,PIK3CA,PIK3CB,PIK3R1,PIK3R2,PLCG1,PPM1B,PRKAR1A,MAPK1,MAPK3,MAPK8,MAPK9,RANBP2,RPS27A,SKP1,STAT1,STAT3,TP53,TPM3,TPR,UBA52,UBB,UBC,ZAP70",True,44
Pathway,M7847,REACTOME_SIGNALING_BY_WNT,Reactome Pathways,1.682e-06,0.00622,1.224e-05,0.0001077,115,317,"TRRAP,FZD4,FZD6,H2AC18,H2AC20,H2BC21,AP2A1,AP2A2,AP2B1,H3C2,H4C6,PIP5K1B,AKT1,AKT2,CUL3,LEO1,CHD8,RHOA,ARRB2,RUVBL1,CALM1,CAMK2A,CAV1,ASH2L,CBY1,CLTC,VPS26A,CREBBP,CTBP1,CTBP2,CTNNB1,SOX7,PARD6A,RBX1,DVL1,DVL2,GNB4,KLHL12,PSMD14,EP300,KAT5,GNB5,FZD2,VPS29,GNG13,GNAO1,GNAT2,GNB1,GNB2,GNB3,GNG3,GNG4,GNG5,GNG7,GNG10,GNG11,GNGT1,GNGT2,ADRM1,GSK3B,H2AX,H3-3A,H3-3B,HDAC1,KRAS,LRP5,GNG8,MEN1,MYC,BCL9L,PDE6A,PDE6G,PDE6B,GNG2,PFN1,PLCB2,PLCB3,PPP3CB,PRKCA,PRKCB,PRKCG,PRKG1,PRKG2,PSMC1,PSMC5,PSMD2,PSMD3,PSMD13,RAC1,RAC2,RBBP5,LGR4,RPS27A,SKP1,VPS35,TNKS2,SOX2,SOX4,GNG12,PLCB1,TERT,SCRIB,WNT5B,UBA52,UBB,UBC,WNT5A,WNT11,XPO1,YWHAZ,FZD5,FZD3,SMURF1,VANGL2,KMT2D",True,115
Pathway,M41823,REACTOME_SENSORY_PROCESSING_OF_SOUND_BY_OUTER_HAIR_CELLS_OF_THE_COCHLEA,Reactome Pathways,1.741e-06,0.006438,1.265e-05,0.0001112,30,55,"ACTB,CASK,KCNQ4,FSCN2,WHRN,LHFPL5,USH1G,ESPN,USH1C,MYO15A,CIB2,TMC1,TRIOBP,GSN,PJVK,KCNMA1,CLIC5,MPP1,MSN,MYH9,MYO7A,MYO3A,OTOGL,OTOG,STRC,XIRP2,SPTAN1,CDH23,SLC26A5,PCDH15",True,30
Pathway,M47369,KEGG_MEDICUS_VARIANT_EML4_ALK_FUSION_KINASE_TO_RAS_ERK_SIGNALING_PATHWAY,KEGG Medicus Pathways,1.799e-06,0.00665,1.296e-05,0.000114,11,12,"ALK,ARAF,BRAF,HRAS,KRAS,NRAS,MAPK1,MAPK3,MAP2K1,MAP2K2,RAF1",True,11
Pathway,M47559,KEGG_MEDICUS_PATHOGEN_HIV_GP120_TO_CXCR4_GNAI_PI3K_BAD_SIGNALING_PATHWAY,KEGG Medicus Pathways,1.799e-06,0.00665,1.296e-05,0.000114,11,12,"AKT1,AKT2,CCR5,AKT3,GNAI1,GNAI2,GNAI3,PIK3CA,PIK3CB,PIK3CD,CXCR4",True,11
Pathway,M27363,REACTOME_CREB1_PHOSPHORYLATION_THROUGH_THE_ACTIVATION_OF_ADENYLATE_CYCLASE,Reactome Pathways,1.799e-06,0.00665,1.296e-05,0.000114,11,12,"ADCY1,ADCY8,CALM1,CREB1,PRKACA,PRKACB,PRKACG,PRKAR1A,PRKAR1B,PRKAR2A,PRKAR2B",True,11
Pathway,M29851,REACTOME_SIGNALING_BY_PDGFRA_TRANSMEMBRANE_JUXTAMEMBRANE_AND_KINASE_DOMAIN_MUTANTS,Reactome Pathways,1.799e-06,0.00665,1.296e-05,0.000114,11,12,"GRB2,HRAS,KRAS,NRAS,PIK3CA,PIK3CB,PIK3R1,PIK3R2,SOS1,STAT1,STAT3",True,11
Pathway,MM15074,REACTOME_TRANSPORT_OF_INORGANIC_CATIONS_ANIONS_AND_AMINO_ACIDS_OLIGOPEPTIDES,Reactome Pathways,1.803e-06,0.006665,1.297e-05,0.000114,49,108,"SLC25A11,SLC26A9,SLC17A8,SLC4A4,CALM1,CALM2,CALM3,SLC7A7,SLC7A6,SLC24A1,SLC24A2,SLC4A7,SLC4A8,SLC25A10,CTNS,SLC36A1,SLC26A3,SLC25A18,SLC26A2,SLC9A6,SLC26A1,SLC7A9,SLC9A4,SLC5A8,SLC26A4,SLC25A22,SLC1A1,SLC1A2,SLC1A3,SLC4A3,SLC1A5,SLC3A1,SLC3A2,SLC7A1,SLC8A1,SLC9A1,SLC9A2,SLC9A3,SLC9A5,SLC12A1,SLC12A2,SLC12A3,SLC20A1,SLC20A2,SLC9A8,SLC7A8,SLC7A10,SLC26A6,SLC7A5",True,49
Pathway,MM15688,REACTOME_CELLULAR_RESPONSE_TO_CHEMICAL_STRESS,Reactome Pathways,1.812e-06,0.0067,1.301e-05,0.0001144,63,150,"AKT1,AKT2,ALB,CUL3,NUDT2,TBL1Y,BLVRB,HDAC3,COX5A,COX4I1,COX5B,COX6A1,COX8A,SIN3A,NCOR2,UBXN7,KEAP1,RBX1,AKT3,PSMD14,EP300,GPX8,TXNRD2,PRDX3,ADRM1,GPX2,GPX7,GSK3B,GSR,HMOX1,HMOX2,GPX6,MT-CO1,MT-CO2,MT-CO3,NDUFA4,NFE2L2,CYCS,MED1,PSMC1,PSMC5,PSMD2,PSMD3,PSMD13,TBL1XR1,RPS27A,SKP1,NPLOC4,SOD1,SOD2,TBL1X,SIN3B,HIGD1C,TXN,TXNRD1,UBA52,UBB,UBC,UFD1,VCP,FBXL17,HM13,MAP1LC3B",True,63
Pathway,M41810,REACTOME_RAC2_GTPASE_CYCLE,Reactome Pathways,1.921e-06,0.007102,1.376e-05,0.000121,42,88,"ABR,PIK3R3,ARHGAP1,ARHGDIA,IQGAP1,STBD1,CAV1,CDC42,VAPB,VAMP3,SAMM50,DOCK4,GIT2,DOCK1,ABI2,PAK4,NCKAP1,CDC42EP1,ITGB1,MPP7,LBR,MCAM,MCF2,GIT1,OPHN1,PAK1,PAK2,PIK3CA,PIK3R1,PIK3R2,LAMTOR1,RAC2,ARHGAP17,DEPDC1B,BAIAP2L1,ESYT1,ARHGAP39,TFRC,TMPO,RAB7A,DIAPH3,VANGL1",True,42
Pathway,MM15115,REACTOME_AQUAPORIN_MEDIATED_TRANSPORT,Reactome Pathways,1.933e-06,0.007147,1.382e-05,0.0001215,24,40,"AVPR2,RAB11A,GNB4,GNB5,GNG13,GNAS,GNB1,GNB2,GNB3,GNG3,GNG4,GNG5,GNG7,GNG10,GNG11,GNGT1,GNGT2,GNG8,GNG2,PRKACA,PRKACB,PRKAR1A,PRKAR1B,GNG12",True,24
Pathway,MM14894,REACTOME_RESOLUTION_OF_SISTER_CHROMATID_COHESION,Reactome Pathways,1.941e-06,0.007177,1.385e-05,0.0001218,56,129,"SEH1L,KIF18A,SMC1A,DYNLL1,BUB1B,SMC3,CDC20,CENPA,CENPE,CENPF,DYNLL2,CKAP5,DYNC1H1,DYNC1I1,DYNC1I2,DYNC1LI2,DYNC1LI1,TUBA1B,TUBB3,TUBB4A,TUBB4B,STAG2,TUBA8,TUBB6,TUBA1C,TUBB2B,KIF2A,MAD2L1,NUP98,NUP43,PAFAH1B1,NUP37,PLK1,PPP1CC,NDE1,RANBP2,RANGAP1,TUBAL3,NUP85,SEC13,CENPT,MAPRE1,NUP133,PDS5B,HDAC8,PDS5A,NUP160,TUBA3D,B9D2,TUBA4A,TUBB2A,TUBB1,XPO1,NDEL1,TUBA1A,NUP107",True,56
Pathway,M27053,REACTOME_SYNTHESIS_OF_IP3_AND_IP4_IN_THE_CYTOSOL,Reactome Pathways,1.945e-06,0.00719,1.385e-05,0.0001218,18,26,"SYNJ1,CALM1,PLCH2,PLCE1,PLCD4,INPP5B,OCRL,PLCB2,PLCB3,PLCB4,PLCD1,PLCG1,PLCG2,PTEN,PLCD3,PLCH1,PLCB1,PLCZ1",True,18
Pathway,M47706,KEGG_MEDICUS_VARIANT_MUTATION_INACTIVATED_PINK1_TO_ELECTRON_TRANSFER_IN_COMPLEX_I,KEGG Medicus Pathways,1.984e-06,0.007335,1.411e-05,0.000124,26,45,"NDUFA13,MT-ND1,MT-ND2,MT-ND4,MT-ND5,NDUFA2,NDUFA3,NDUFA4,NDUFA5,NDUFA8,NDUFA9,NDUFA10,NDUFAB1,NDUFB3,NDUFB4,NDUFB7,NDUFB8,NDUFB9,NDUFS1,NDUFS2,NDUFS3,NDUFV1,NDUFS8,NDUFV2,NDUFS7,NDUFA12",True,26
Pathway,M1041,REACTOME_SIGNALING_BY_TGF_BETA_RECEPTOR_COMPLEX,Reactome Pathways,2.137e-06,0.007902,1.517e-05,0.0001334,44,94,"USP9X,CGN,RHOA,NCOR1,NCOR2,F11R,PARD6A,USP15,EP300,STUB1,FKBP1A,HDAC1,ITGB1,ITGB5,SMAD4,MEN1,MYC,NEDD8,YBX1,PPM1A,PPP1CA,PPP1CB,PPP1CC,PRKCZ,MAPK1,MAPK3,RPS27A,SNW1,SP1,STAT1,NEDD4L,ARHGEF18,TGFB1,TGFBR1,TGFBR2,TGFBR3,PARD3,UBA52,UBB,UBC,UBE2D1,UBE2D3,XPO1,SMURF1",True,44
Pathway,MM17669,REACTOME_CELLULAR_RESPONSES_TO_MECHANICAL_STIMULI,Reactome Pathways,2.353e-06,0.0087,1.667e-05,0.0001465,35,69,"ABL1,AKT1,ANXA2,CALM1,CALM2,CALM3,IKBKE,GNB4,FN1,GNB5,GNG13,GNA11,GNAQ,GNAS,GNB1,GNB2,GNB3,GNG3,GNG4,GNG5,GNG7,GNG10,GNG11,GNGT1,GNGT2,ITGB1,GNG8,NFKBIA,GNG2,PRKACA,PRKACB,PRKAR1A,PRKAR1B,RELA,GNG12",True,35
Pathway,M977,REACTOME_KINESINS,Reactome Pathways,2.473e-06,0.009142,1.745e-05,0.0001534,32,61,"KIF18A,KLC3,KIFC2,CENPE,KIF3B,TUBA1B,TUBB3,TUBB4A,TUBB4B,TUBA8,TUBB6,TUBA1C,KIF3A,TUBB8,TUBB2B,KIF2A,KIF5A,KIF5B,KLC1,KIF11,KIFC1,KIF25,TUBAL3,TUBA3E,KIFAP3,TUBA3D,TUBA4A,TUBB2A,TUBB1,KLC2,TUBA1A,KLC4",True,32
Pathway,M1030,REACTOME_APC_C_CDH1_MEDIATED_DEGRADATION_OF_CDC20_AND_OTHER_APC_C_CDH1_TARGETED_PROTEINS_IN_LATE_MITOSIS_EARLY_G1,Reactome Pathways,2.473e-06,0.009142,1.745e-05,0.0001534,32,61,"CDC26,CDC23,CDC16,CDC20,CDC27,ANAPC15,PSMD14,FZR1,ANAPC10,ANAPC5,ANAPC7,ANAPC11,UBE2S,ADRM1,UBE2C,ANAPC16,ANAPC2,PLK1,ANAPC4,PSMC1,PSMC5,PSMD2,PSMD3,PSMD13,RPS27A,AURKA,UBA52,UBB,UBC,UBE2D1,UBE2E1,ANAPC1",True,32
Pathway,M47390,KEGG_MEDICUS_VARIANT_DUPLICATION_OR_MUTATION_ACTIVATED_FLT3_TO_RAS_PI3K_SIGNALING_PATHWAY,KEGG Medicus Pathways,2.582e-06,0.009547,1.815e-05,0.0001596,12,14,"AKT1,AKT2,AKT3,GRB2,HRAS,KRAS,NRAS,PIK3CA,PIK3CB,PIK3CD,SOS1,SOS2",True,12
Pathway,M26964,REACTOME_INOSITOL_PHOSPHATE_METABOLISM,Reactome Pathways,2.582e-06,0.009547,1.815e-05,0.0001596,27,48,"INPP4B,SYNJ1,CALM1,MINPP1,PLCH2,PPIP5K1,PLCE1,IP6K2,ISYNA1,PLCD4,IMPA1,IMPA2,INPP4A,INPP5A,INPP5B,OCRL,PLCB2,PLCB3,PLCB4,PLCD1,PLCG1,PLCG2,PTEN,PLCD3,PLCH1,PLCB1,PLCZ1",True,27
Pathway,MM15388,REACTOME_CELL_CYCLE_CHECKPOINTS,Reactome Pathways,2.701e-06,0.009984,1.894e-05,0.0001666,97,260,"SEH1L,KIF18A,CDC26,DYNLL1,CDC23,BARD1,BRCA1,CDC16,BUB1B,CDC6,CDC20,CDC27,CENPA,CENPE,CENPF,ANAPC15,BABAM2,DYNLL2,CKAP5,DYNC1H1,DYNC1I1,DYNC1I2,DYNC1LI2,DYNC1LI1,PSMD14,PHF20,ANAPC10,ANAPC5,ANAPC7,KAT5,GTSE1,ANAPC11,PIAS4,MCM8,UBE2S,YWHAQ,ADRM1,UBE2C,CHEK2,H2AX,KIF2A,MAD2L1,MCM2,MCM3,MCM4,MCM5,MCM6,MCM7,MDM2,MRE11,ANAPC16,NUP98,NUP43,ORC1,ORC2,ORC4,ORC5,PAFAH1B1,NUP37,ANAPC2,PLK1,ANAPC4,BRCC3,PPP1CC,NDE1,PSMC1,PSMC5,PSMD2,PSMD3,PSMD13,RANBP2,RANGAP1,NUP85,RPS27A,SEC13,CENPT,MAPRE1,NUP133,NUP160,B9D2,TP53,TP53BP1,ORC3,UBA52,UBB,UBC,UBE2D1,UBE2E1,ANAPC1,XPO1,YWHAB,YWHAE,YWHAG,YWHAH,YWHAZ,NDEL1,NUP107",True,97
Pathway,M49143,REACTOME_ACTIVATION_OF_APC_C_AND_APC_C_CDC20_MEDIATED_DEGRADATION_OF_MITOTIC_PROTEINS,Reactome Pathways,2.852e-06,0.01054,1.997e-05,0.0001756,33,64,"CDC26,CDC23,CDC16,BUB1B,CDC20,CDC27,ANAPC15,PSMD14,ANAPC10,ANAPC5,ANAPC7,ANAPC11,UBE2S,ADRM1,UBE2C,MAD2L1,NEK2,ANAPC16,ANAPC2,PLK1,ANAPC4,PSMC1,PSMC5,PSMD2,PSMD3,PSMD13,RPS27A,UBA52,UBB,UBC,UBE2D1,UBE2E1,ANAPC1",True,33
Pathway,M29582,REACTOME_APC_C_MEDIATED_DEGRADATION_OF_CELL_CYCLE_PROTEINS,Reactome Pathways,2.887e-06,0.01067,2.014e-05,0.000177,37,75,"CDC14A,CDC26,CDC23,CDC16,BUB1B,CDC20,CDC27,ANAPC15,PSMD14,FZR1,ANAPC10,ANAPC5,ANAPC7,ANAPC11,UBE2S,ADRM1,UBE2C,MAD2L1,NEK2,ANAPC16,ANAPC2,PLK1,ANAPC4,PSMC1,PSMC5,PSMD2,PSMD3,PSMD13,RPS27A,SKP1,AURKA,UBA52,UBB,UBC,UBE2D1,UBE2E1,ANAPC1",True,37
Pathway,MM14677,REACTOME_APC_C_MEDIATED_DEGRADATION_OF_CELL_CYCLE_PROTEINS,Reactome Pathways,2.887e-06,0.01067,2.014e-05,0.000177,37,75,"CDC14A,CDC26,CDC23,CDC16,BUB1B,CDC20,CDC27,ANAPC15,PSMD14,FZR1,ANAPC10,ANAPC5,ANAPC7,ANAPC11,UBE2S,ADRM1,UBE2C,MAD2L1,NEK2,ANAPC16,ANAPC2,PLK1,ANAPC4,PSMC1,PSMC5,PSMD2,PSMD3,PSMD13,RPS27A,SKP1,AURKA,UBA52,UBB,UBC,UBE2D1,UBE2E1,ANAPC1",True,37
Pathway,M39002,REACTOME_SIGNALING_BY_KIT_IN_DISEASE,Reactome Pathways,2.938e-06,0.01086,2.045e-05,0.0001798,15,20,"PIK3R3,FYN,GRB2,HRAS,JAK2,KRAS,LCK,NRAS,PIK3CA,PIK3R1,PIK3R2,SOS1,SRC,STAT1,STAT3",True,15
Pathway,M47871,KEGG_MEDICUS_REFERENCE_COHESIN_DISSOCIATION_IN_ANAPHASE,KEGG Medicus Pathways,2.999e-06,0.01109,2.057e-05,0.0001809,13,16,"CDC26,CDC23,CDC16,CDC20,CDC27,ANAPC13,ANAPC10,ANAPC5,ANAPC7,ANAPC11,ANAPC2,ANAPC4,ANAPC1",True,13
Pathway,M47801,KEGG_MEDICUS_ENV_FACTOR_E2_TO_RAS_ERK_SIGNALING_PATHWAY,KEGG Medicus Pathways,2.999e-06,0.01109,2.057e-05,0.0001809,13,16,"ARAF,BRAF,FOS,HRAS,JUN,KRAS,NRAS,MAPK1,MAPK3,MAP2K1,MAP2K2,RAF1,SRC",True,13
Pathway,M47682,KEGG_MEDICUS_REFERENCE_AGE_RAGE_SIGNALING_PATHWAY,KEGG Medicus Pathways,2.999e-06,0.01109,2.057e-05,0.0001809,13,16,"ARAF,BRAF,HRAS,IL6,KRAS,NRAS,MAPK1,MAPK3,MAP2K1,MAP2K2,RAF1,RELA,TNF",True,13
Pathway,M27403,REACTOME_SUMOYLATION_OF_DNA_METHYLATION_PROTEINS,Reactome Pathways,2.999e-06,0.01109,2.057e-05,0.0001809,13,16,"CBX4,BMI1,PHC1,PHC2,CBX2,RING1,RNF2,PHC3,SCMH1,UBE2I,SUMO1,PCGF2,CBX8",True,13
Pathway,M27468,REACTOME_DISEASES_ASSOCIATED_WITH_GLYCOSYLATION_PRECURSOR_BIOSYNTHESIS,Reactome Pathways,2.999e-06,0.01109,2.057e-05,0.0001809,13,16,"DPM1,DPM2,NUS1,GALK1,GFPT1,MPI,DPM3,PGM1,PMM2,SRD5A3,DHDDS,DOLK,GALM",True,13
Pathway,M47650,KEGG_MEDICUS_REFERENCE_FSHR_GNAS_PKA_SIGNALING_PATHWAY,KEGG Medicus Pathways,2.999e-06,0.01109,2.057e-05,0.0001809,13,16,"ADCY1,ADCY2,ADCY3,ADCY5,ADCY6,ADCY7,ADCY8,ADCY9,ADCY4,GNAS,PRKACA,PRKACB,PRKACG",True,13
Pathway,M47476,KEGG_MEDICUS_PATHOGEN_HTLV_1_TAX_TO_SPINDLE_ASSEMBLY_CHECKPOINT_SIGNALING,KEGG Medicus Pathways,2.999e-06,0.01109,2.057e-05,0.0001809,13,16,"CDC26,CDC23,CDC16,CDC20,CDC27,ANAPC13,ANAPC10,ANAPC5,ANAPC7,ANAPC11,ANAPC2,ANAPC4,ANAPC1",True,13
Pathway,M47483,KEGG_MEDICUS_REFERENCE_IGF_IGF1R_RAS_ERK_SIGNALING_PATHWAY,KEGG Medicus Pathways,2.999e-06,0.01109,2.057e-05,0.0001809,13,16,"ARAF,BRAF,GRB2,HRAS,KRAS,NRAS,MAPK1,MAPK3,MAP2K1,MAP2K2,RAF1,SOS1,SOS2",True,13
Pathway,M19806,REACTOME_POST_TRANSLATIONAL_PROTEIN_MODIFICATION,Reactome Pathways,3.009e-06,0.01113,2.06e-05,0.0001811,439,1491,"SEH1L,USP9X,SMC1A,ACTB,TRRAP,MYSM1,GALNT13,BAP1,H2AC18,H2AC20,ADRB2,H2BC21,MAVS,H4C6,KLHL13,KLHL42,ALB,TTLL10,WDR48,CUL3,AMELX,OGT,ANK3,LEO1,RAE1,BIRC3,CBX4,APOE,APOL1,PIAS1,AR,ARF4,RHOA,ARRB1,ARRB2,ARSB,RUVBL1,PSMG1,DYNLL1,B4GALT3,B4GALT2,MBTPS1,GBF1,RAB11A,BARD1,DPM1,DPM2,BMI1,FCSK,KAT2B,BRCA1,CALM1,CALR,CANX,CAPZA1,SOCS3,CAPZB,PIAS2,CCNF,USP14,USP10,SEC22C,SMC3,HGS,CDC20,LARGE1,CDKN2A,CETN2,CFTR,CHD3,CHM,RAB9A,MUC17,ASB6,TTLL1,USP49,CHST10,PSMF1,MPDU1,B3GALNT2,SIN3A,BABAM2,CREBBP,NCOR2,CSF1,NUP155,SEC24C,IKBKE,TTLL4,NUS1,UBXN7,DYNLL2,CST3,CTBP1,NUP93,EDEM1,CCP110,HDAC4,DAG1,TOMM20,DAXX,KEAP1,NUP58,CUL7,DBT,DCTN1,DDB1,DDOST,DDX5,FBXL5,KLHL3,TOMM70,POM121,FBXO9,KLHL21,WDR20,DLAT,DLST,GFPT2,USP15,DYNC1H1,DYNC1I1,NUP153,DYNC1I2,DYNC1LI2,RBX1,RCE1,DPAGT1,DPH2,L3MBTL2,UBA2,SAE1,PHC1,PHC2,EEF1A1,EEF2,TRIM28,DYNC1LI1,ALG3,PSME3,DCTN4,TOPORS,PSMD14,EP300,DCAF7,STAM2,ETFB,KLHL41,F9,KBTBD7,TUBA1B,TUBB3,TUBB4A,TUBB4B,TMEM129,PIAS3,FCGR3B,EVA1A,FDX1,MCRS1,POMK,UBE2E3,DDX17,FN1,UBD,DCTN2,POMT1,POM121C,RAB6B,USP16,PIAS4,NOP58,DPH5,TTLL11,B3GNT2,RAB7B,NUB1,FUCA1,STAG2,RAB23,NUP50,FBXO40,GALNT2,GALNT3,INO80C,KBTBD8,GAS6,KAT2A,GCNT1,TUBA8,GFPT1,KLHL20,GGCX,B4GALT1,TUBB6,RAB10,PPARGC1A,ST6GAL2,GLB1,UBE2S,OS9,COPS5,SPSB2,CBX2,B4GAT1,ADRM1,TUBA1C,UBE2C,GRIA1,WDR5,NUP42,KLHL22,AGBL4,POMGNT2,TTL,FBXL20,RNF139,HCFC1,MAN1B1,HDAC1,HDAC2,KLHL2,MGAT4B,HIF1A,HK1,HLA-A,PARK7,MGAT4A,U2AF2,AGBL5,HNRNPC,HNRNPK,ALG14,HSPA8,IL6,TUBB8,INS,TUBB2B,ACTR8,MUC16,LAMB2,LAMC1,SMAD4,MAN2A2,MAN2A1,MDM2,RAB8A,NUP54,MEN1,MFGE8,MGAT1,MGAT2,MGAT5,MITF,MPI,HIPK2,MDGA1,MUC7,MVD,MYC,NDUFAB1,NEDD8,RAB24,NFE2L2,NFKBIA,NPM1,NUP88,NUP98,NUP43,PRKN,DPM3,PGM3,PGR,SENP1,TFPT,NUP37,ALG5,ALG8,GMPPB,GMPPA,ALG6,ALG12,PML,PMM1,PMM2,POMT2,LARGE2,DERL1,MXRA8,BRCC3,PPARG,DCAF10,TTLL6,PRKDC,PROS1,PSMC1,PSMC5,PSMD2,PSMD3,PSMD13,PTEN,INO80D,RAB5A,RAB6A,RAB13,RAD23A,RAD23B,RANBP2,RANGAP1,RARA,SRD5A3,RBBP5,ALG11,GALNT12,RELA,TRIM27,TTLL7,RING1,KLHL11,RNF2,RNF5,UBA6,OGFOD1,RORA,TUBAL3,ALG13,NUP85,RPN1,RPN2,RPS2,SLC35C1,DHDDS,TUBA3E,RPS23,RPS27A,PHC3,SATB1,ATXN7,ADAMTS20,SEC13,TRAPPC2,NAGK,COPG1,DOLK,POMGNT1,SKP1,NPLOC4,ARSG,NUP35,NDC1,KIN,SCMH1,NUP133,SUMO2,TNKS2,SP100,SPTA1,SPTAN1,TTLL5,SPTB,NUP205,NOD2,AURKA,KLHL9,GANAB,SUMF1,NUP210,DPH3,ADAMTS18,SCFD1,NUP160,ALG1,OTOA,TUBA3D,TECTB,PUM2,MUC5B,TDG,HIF3A,TFAP2A,TGFB1,TGFBR1,TGFBR2,THBS1,KLHL25,THRB,ICMT,NUP188,TOP1,TP53,TP53BP1,TPR,ASXL1,NR2C1,HSP90B1,TRAF3,NUP62,TUBA4A,TUBB2A,TUBB1,UBA52,UBB,UBC,UBA1,UBE2D1,UBE2D2,UBE2D3,UBE2E1,UBE2I,SPACA4,SUMO1,UFD1,USP4,FKBP8,VCP,VDAC1,VDAC2,VDAC3,KCTD7,WFS1,GNPNAT1,MUC13,PCGF2,ANKRD9,TULP4,TUBA1A,TRAPPC6B,USP7,RAB7A,NUP107,KBTBD6,DOLPP1,NUP214,STAM,NLRP3,USP5,AAAS,GAN,CBX8",True,439
Pathway,M47659,KEGG_MEDICUS_VARIANT_MUTATION_CAUSED_ABBERANT_ATXN2_3_TO_MGLUR5_CA2_APOPTOTIC_PATHWAY,KEGG Medicus Pathways,3.086e-06,0.01141,2.109e-05,0.0001854,14,18,"SLC25A4,SLC25A5,SLC25A6,GNAQ,GRM1,CYCS,PLCB2,PLCB3,PLCB4,ATXN2,PLCB1,VDAC1,VDAC2,VDAC3",True,14
Pathway,M27287,REACTOME_TRANSPORT_OF_SMALL_MOLECULES,Reactome Pathways,3.174e-06,0.01173,2.165e-05,0.0001904,230,722,"ABCA1,ABCB7,ABCF1,ABCA4,MRS2,ACO1,CYGB,ADCY1,ADCY2,ADCY3,ADCY5,ADCY6,ADCY7,ADCY8,ADCY9,ADD3,AP2A1,AP2A2,AP2B1,SLC25A11,ALB,ADCY4,SLC25A4,SLC25A5,SLC25A6,SLC26A9,APOE,ARL2,SLC17A8,ATP12A,SLC4A4,ATP1A4,ATP2A1,ATP4A,MBTPS1,ATP6V0A1,AVPR2,RAB11A,BSG,CA2,CA4,TRPA1,CALM1,CAMK2A,CAMK2B,CAMK2D,CAMK2G,SLC7A7,SLC7A6,SLC16A3,SCARB1,SLC24A1,CFTR,CLCA1,CLCN3,CLCN6,SLC24A2,LIPG,CLN3,CLTC,ABCG2,SLC4A7,SLC4A8,PMPCB,CLCA2,SLC25A10,CTNS,SLC36A1,FBXL5,SLC26A3,SLC25A18,TSC22D3,SLC26A2,ABCB6,EIF2S1,EIF2S3,GNB4,CYB5R4,PSMD14,STOM,SLC41A2,MBTPS2,FKBP1B,SLC9A6,LRRC8C,NPC2,GNB5,FTH1,CYB5R1,ATP8A2,GNG13,SLC26A1,OS9,CREB3L3,GNAS,GNB1,GNB2,GNB3,GNG3,GNG4,GNG5,GNG7,GNG10,GNG11,GNGT1,GNGT2,SLC27A4,ADRM1,SLC7A9,ERLIN2,ABCB8,HFE,SLC5A7,HMOX1,HMOX2,IREB2,LCAT,SLC9A4,LIPC,GNG8,MB,TRPM1,SLC27A6,FLVCR1,NEDD8,NPC1,SLC11A2,SLC5A8,PCSK5,SLC26A4,GNG2,ABCB4,STOML3,DERL1,SLC40A1,PRKACA,PRKACB,PRKACG,PRKAR1A,PRKAR1B,PRKAR2A,PRKAR2B,BEST2,PSMC1,PSMC5,PSMD2,PSMD3,PSMD13,SLC66A1,PEX19,RAF1,ANO1,LRRC8D,SLC25A22,RNF5,STEAP3,CYBRD1,SLC35C1,RPS27A,RYR1,RYR2,STOML2,LRRC8E,CLCA4,SKP1,SLC1A1,SLC1A2,SLC1A3,SLC4A3,SLC1A5,SLC2A1,SLC2A2,SLC2A3,SLC2A4,SLC3A1,SLC3A2,SLC6A1,SLC6A11,SLC6A13,SLC7A1,SLC8A1,SLC9A1,SLC9A2,SLC9A3,SLC9A5,SLC12A1,SLC12A2,SLC12A3,SLC20A1,SLC20A2,SLC46A1,APOBR,SLC39A8,SLC9C1,GNG12,PMPCA,ABCG5,SLC9A8,NEDD4L,ESYT1,ATP13A2,TFR2,TFRC,SLC7A8,ABCB10,LRRC8A,LRRC8B,SLC7A10,SLC16A8,ARL2BP,TRPC6,ANO5,UBA52,UBB,UBC,VCP,VDAC1,VDAC2,VDAC3,BEST1,TRPV1,SLC30A5,SLC26A6,SLC27A1,ANO2,RHBG,SLC44A2,CUBN,MCOLN1,SLC7A5",True,230
Pathway,M27773,REACTOME_CREB3_FACTORS_ACTIVATE_GENES,Reactome Pathways,3.219e-06,0.0119,2.176e-05,0.0001913,9,9,"MBTPS1,CREB3L4,CREB3L1,MBTPS2,CREB3,CREB3L3,CREBRF,CREB3L2,DCSTAMP",True,9
Pathway,M47937,KEGG_MEDICUS_REFERENCE_CITRATE_CYCLE_FIRST_CARBON_OXIDATION,KEGG Medicus Pathways,3.219e-06,0.0119,2.176e-05,0.0001913,9,9,"ACLY,ACO1,ACO2,CS,IDH1,IDH2,IDH3A,IDH3B,IDH3G",True,9
Pathway,M47606,KEGG_MEDICUS_REFERENCE_HEME_BIOSYNTHESIS,KEGG Medicus Pathways,3.219e-06,0.0119,2.176e-05,0.0001913,9,9,"ALAD,ALAS1,ALAS2,CPOX,FECH,HMBS,PPOX,UROD,UROS",True,9
Pathway,M47613,KEGG_MEDICUS_REFERENCE_N_GLYCAN_PRECURSOR_BIOSYNTHESIS_GLC_6P_TO_MAN_P_DOL,KEGG Medicus Pathways,3.219e-06,0.0119,2.176e-05,0.0001913,9,9,"DPM1,DPM2,GPI,MPI,DPM3,GMPPB,GMPPA,PMM1,PMM2",True,9
Pathway,M6285,REACTOME_OPSINS,Reactome Pathways,3.219e-06,0.0119,2.176e-05,0.0001913,9,9,"OPN5,OPN1SW,RRH,OPN1MW,OPN4,OPN1LW,RGR,RHO,OPN3",True,9
Pathway,M47685,KEGG_MEDICUS_VARIANT_MUTATION_CAUSED_ABERRANT_ABETA_TO_ELECTRON_TRANSFER_IN_COMPLEX_I,KEGG Medicus Pathways,3.236e-06,0.01196,2.183e-05,0.000192,28,51,"CAPN1,CDK5,NDUFA13,MT-ND1,MT-ND2,MT-ND4,MT-ND5,NDUFA2,NDUFA3,NDUFA4,NDUFA5,NDUFA8,NDUFA9,NDUFA10,NDUFAB1,NDUFB3,NDUFB4,NDUFB7,NDUFB8,NDUFB9,NDUFS1,NDUFS2,NDUFS3,NDUFV1,NDUFS8,NDUFV2,NDUFS7,NDUFA12",True,28
Pathway,M27828,REACTOME_CARBOXYTERMINAL_POST_TRANSLATIONAL_MODIFICATIONS_OF_TUBULIN,Reactome Pathways,3.499e-06,0.01294,2.357e-05,0.0002072,26,46,"TTLL10,TTLL1,TTLL4,TUBA1B,TUBB3,TUBB4A,TUBB4B,TTLL11,TUBA8,TUBB6,TUBA1C,AGBL4,TTL,AGBL5,TUBB8,TUBB2B,TTLL6,TTLL7,TUBAL3,TUBA3E,TTLL5,TUBA3D,TUBA4A,TUBB2A,TUBB1,TUBA1A",True,26
Pathway,M29748,REACTOME_TRANSCRIPTIONAL_REGULATION_BY_VENTX,Reactome Pathways,3.578e-06,0.01323,2.405e-05,0.0002114,24,41,"CDC26,CDC23,CDC16,CDC27,CDKN2A,CEBPB,ANAPC15,CTNNB1,FZR1,ANAPC10,ANAPC5,ANAPC7,ANAPC11,UBE2S,UBE2C,IL6,ANAPC16,ANAPC2,ANAPC4,RELA,TP53,UBE2D1,UBE2E1,ANAPC1",True,24
Pathway,M47764,KEGG_MEDICUS_REFERENCE_PRNP_PI3K_NOX2_SIGNALING_PATHWAY,KEGG Medicus Pathways,3.584e-06,0.01325,2.405e-05,0.0002114,19,29,"ATF4,CAV1,CREB3L4,CREB3L1,CREB1,ATF2,ATF6B,CREB5,CREB3,FYN,CREB3L3,PIK3CA,PIK3CB,PIK3CD,MAPK1,MAPK3,RAC1,RAC2,CREB3L2",True,19
Pathway,M9726,KEGG_PANCREATIC_CANCER,KEGG Legacy Pathways,3.601e-06,0.01331,2.412e-05,0.0002121,35,70,"AKT1,AKT2,PIK3R3,ARAF,BRAF,BRCA2,CDC42,CDKN2A,AKT3,EGFR,ERBB2,KRAS,SMAD4,PIK3CA,PIK3CB,PIK3CD,PIK3CG,PIK3R1,PIK3R2,MAPK1,MAPK3,MAPK8,MAPK9,MAP2K1,RAC1,RAC2,RAD51,RAF1,RELA,STAT1,STAT3,TGFB1,TGFBR1,TGFBR2,TP53",True,35
Pathway,MM14678,REACTOME_APC_C_CDH1_MEDIATED_DEGRADATION_OF_CDC20_AND_OTHER_APC_C_CDH1_TARGETED_PROTEINS_IN_LATE_MITOSIS_EARLY_G1,Reactome Pathways,3.913e-06,0.01447,2.616e-05,0.00023,32,62,"CDC26,CDC23,CDC16,CDC20,CDC27,ANAPC15,PSMD14,FZR1,ANAPC10,ANAPC5,ANAPC7,ANAPC11,UBE2S,ADRM1,UBE2C,ANAPC16,ANAPC2,PLK1,ANAPC4,PSMC1,PSMC5,PSMD2,PSMD3,PSMD13,RPS27A,AURKA,UBA52,UBB,UBC,UBE2D1,UBE2E1,ANAPC1",True,32
Pathway,MM14692,REACTOME_ACTIVATION_OF_APC_C_AND_APC_C_CDC20_MEDIATED_DEGRADATION_OF_MITOTIC_PROTEINS,Reactome Pathways,4.434e-06,0.01639,2.955e-05,0.0002598,33,65,"CDC26,CDC23,CDC16,BUB1B,CDC20,CDC27,ANAPC15,PSMD14,ANAPC10,ANAPC5,ANAPC7,ANAPC11,UBE2S,ADRM1,UBE2C,MAD2L1,NEK2,ANAPC16,ANAPC2,PLK1,ANAPC4,PSMC1,PSMC5,PSMD2,PSMD3,PSMD13,RPS27A,UBA52,UBB,UBC,UBE2D1,UBE2E1,ANAPC1",True,33
Pathway,MM15167,REACTOME_PINK1_PRKN_MEDIATED_MITOPHAGY,Reactome Pathways,4.436e-06,0.0164,2.955e-05,0.0002598,21,34,"TOMM5,TOMM20,TOMM70,TOMM6,OPTN,TOMM40,MAP1LC3A,TBK1,PRKN,TOMM7,RPS27A,UBA52,UBB,UBC,UBE2D2,UBE2D3,VDAC1,VDAC2,VDAC3,TOMM22,MAP1LC3B",True,21
Pathway,MM15378,REACTOME_S_PHASE,Reactome Pathways,4.536e-06,0.01677,3.016e-05,0.0002652,57,135,"SMC1A,ESCO1,AKT1,AKT2,CDC26,CDC23,CDC16,SMC3,CDC6,CDC27,CDK7,ANAPC15,RBX1,AKT3,ESCO2,PSMD14,FZR1,ANAPC10,FEN1,ANAPC5,ANAPC7,ANAPC11,STAG2,MCM8,UBE2S,ADRM1,UBE2C,MCM2,MCM3,MCM4,MCM5,MCM6,MCM7,ANAPC16,ORC1,ORC2,ORC4,ORC5,ANAPC2,ANAPC4,PSMC1,PSMC5,PSMD2,PSMD3,PSMD13,RPS27A,SKP1,PDS5B,PDS5A,ORC3,UBA52,UBB,UBC,UBE2D1,UBE2E1,ANAPC1,CDT1",True,57
Pathway,M9904,KEGG_T_CELL_RECEPTOR_SIGNALING_PATHWAY,KEGG Legacy Pathways,4.664e-06,0.01724,3.096e-05,0.0002722,48,108,"AKT1,AKT2,PIK3R3,RHOA,CD4,CD8A,CDC42,CSF2,AKT3,PAK4,FOS,FYN,GRB2,GSK3B,HRAS,IFNG,IL4,IL10,JUN,KRAS,LCK,NFKBIA,NRAS,PAK1,PAK2,PAK3,PIK3CA,PIK3CB,PIK3CD,PIK3CG,PIK3R1,PIK3R2,PLCG1,PPP3CB,MAPK1,MAPK3,MAPK9,MAP2K1,MAP2K2,PTPRC,RAF1,RELA,SOS1,SOS2,TNF,ZAP70,PAK6,PAK5",True,48
Pathway,M27934,REACTOME_ASSEMBLY_AND_CELL_SURFACE_PRESENTATION_OF_NMDA_RECEPTORS,Reactome Pathways,4.738e-06,0.01752,3.139e-05,0.000276,25,44,"ACTN2,KIF17,CASK,CAMK2A,CAMK2B,CAMK2D,CAMK2G,DLG4,TUBA1B,TUBB3,TUBB4A,TUBB4B,TUBA8,TUBB6,TUBA1C,TUBB8,TUBB2B,NEFL,TUBAL3,TUBA3E,TUBA3D,TUBA4A,TUBB2A,TUBB1,TUBA1A",True,25
Pathway,M47797,KEGG_MEDICUS_ENV_FACTOR_NICOTINE_NNK_TO_PI3K_SIGNALING_PATHWAY,KEGG Medicus Pathways,6.746e-06,0.02494,4.43e-05,0.0003895,10,11,"ADRB2,AKT1,AKT2,AKT3,GNAI1,GNAI2,GNAI3,PIK3CA,PIK3CB,PIK3CD",True,10
Pathway,MM15425,REACTOME_PURINE_RIBONUCLEOSIDE_MONOPHOSPHATE_BIOSYNTHESIS,Reactome Pathways,6.746e-06,0.02494,4.43e-05,0.0003895,10,11,"ADSL,ADSS2,ATIC,GMPS,PAICS,GART,IMPDH1,IMPDH2,PPAT,ADSS1",True,10
Pathway,M47370,KEGG_MEDICUS_VARIANT_RET_FUSION_KINASE_TO_RAS_ERK_SIGNALING_PATHWAY,KEGG Medicus Pathways,6.746e-06,0.02494,4.43e-05,0.0003895,10,11,"ARAF,BRAF,HRAS,KRAS,NRAS,MAPK1,MAPK3,MAP2K1,MAP2K2,RAF1",True,10
Pathway,M47371,KEGG_MEDICUS_VARIANT_TRK_FUSION_KINASE_TO_RAS_ERK_SIGNALING_PATHWAY,KEGG Medicus Pathways,6.746e-06,0.02494,4.43e-05,0.0003895,10,11,"ARAF,BRAF,HRAS,KRAS,NRAS,MAPK1,MAPK3,MAP2K1,MAP2K2,RAF1",True,10
Pathway,M2071,REACTOME_PURINE_RIBONUCLEOSIDE_MONOPHOSPHATE_BIOSYNTHESIS,Reactome Pathways,6.746e-06,0.02494,4.43e-05,0.0003895,10,11,"ADSL,ADSS2,ATIC,GMPS,PAICS,GART,IMPDH1,IMPDH2,PPAT,ADSS1",True,10
Pathway,M27743,REACTOME_THE_ROLE_OF_GTSE1_IN_G2_M_PROGRESSION_AFTER_G2_CHECKPOINT,Reactome Pathways,6.789e-06,0.0251,4.45e-05,0.0003913,33,66,"PSMD14,TUBA1B,TUBB3,TUBB4A,TUBB4B,GTSE1,TUBA8,TUBB6,ADRM1,TUBA1C,HSP90AA1,HSP90AB1,TUBB8,TUBB2B,PLK1,PSMC1,PSMC5,PSMD2,PSMD3,PSMD13,TUBAL3,TUBA3E,RPS27A,MAPRE1,TUBA3D,TP53,TUBA4A,TUBB2A,TUBB1,UBA52,UBB,UBC,TUBA1A",True,33
Pathway,M47951,KEGG_MEDICUS_REFERENCE_GPCR_PLCB_ITPR_SIGNALING_PATHWAY,KEGG Medicus Pathways,7.351e-06,0.02718,4.802e-05,0.0004222,27,50,"ADRA1D,ADRA1B,ADRA1A,AGTR1,AVPR1A,AVPR1B,CHRM1,GNA14,GNA11,GNA15,GNAQ,GRM1,GRM5,HRH1,HTR2B,HTR2C,LHCGR,NTSR1,OXTR,PLCB2,PLCB3,PLCB4,PTAFR,PLCB1,TBXA2R,TRHR,CXCR4",True,27
Pathway,MM14641,REACTOME_SYNTHESIS_OF_PIPS_AT_THE_PLASMA_MEMBRANE,Reactome Pathways,7.351e-06,0.02718,4.802e-05,0.0004222,27,50,"PIP5K1A,PIP5K1B,PIP4K2B,PIK3R3,MTMR1,INPP4B,BMX,SYNJ1,SYNJ2,INPP4A,OCRL,PIK3C2A,PIK3C2B,PIK3C2G,PIK3CA,PIK3CB,PIK3CD,PIK3CG,PIK3R1,PIK3R2,PIP4K2A,PTEN,RAB5A,PIP4K2C,PI4K2B,PI4K2A,PIP5K1C",True,27
Pathway,M47583,KEGG_MEDICUS_REFERENCE_SPINDLE_ASSEMBLY_CHECKPOINT_SIGNALING,KEGG Medicus Pathways,7.937e-06,0.02934,5.166e-05,0.0004542,15,21,"CDC26,CDC23,CDC16,BUB1B,CDC20,CDC27,ANAPC13,ANAPC10,ANAPC5,ANAPC7,ANAPC11,MAD2L1,ANAPC2,ANAPC4,ANAPC1",True,15
Pathway,M47638,KEGG_MEDICUS_REFERENCE_GNRH_GNRHR_PLCB_PKC_SIGNALING_PATHWAY,KEGG Medicus Pathways,7.937e-06,0.02934,5.166e-05,0.0004542,15,21,"GNA11,GNAQ,GNRHR,PLCB2,PLCB3,PLCB4,PRKCA,PRKCB,PRKCG,MAPK1,MAPK3,MAP2K1,MAP2K2,RAF1,PLCB1",True,15
Pathway,MM14855,REACTOME_MHC_CLASS_II_ANTIGEN_PRESENTATION,Reactome Pathways,7.952e-06,0.0294,5.167e-05,0.0004543,56,134,"KIF18A,AP2A1,AP2A2,AP2B1,AP1G1,KLC3,DYNLL1,CTSF,CANX,CAPZB,KIFC2,CENPE,KIF3B,CLTC,SEC24C,DYNLL2,CTSD,CTSH,RILP,DCTN1,DNM1,DYNC1H1,DYNC1I1,DYNC1I2,DYNC1LI2,DNM2,DYNC1LI1,DCTN4,TUBA1B,TUBB3,TUBB4A,TUBB4B,DCTN2,TUBA8,TUBB6,TUBA1C,KIF3A,TUBB2B,KIF2A,KIF5A,KIF5B,KLC1,KIF11,KIFC1,LGMN,TUBAL3,SEC13,KIFAP3,TUBA3D,TUBA4A,TUBB2A,TUBB1,KLC2,TUBA1A,RAB7A,KLC4",True,56
Pathway,M5109,KEGG_PYRIMIDINE_METABOLISM,KEGG Legacy Pathways,8.325e-06,0.03078,5.399e-05,0.0004747,44,98,"NME5,NUDT2,UPRT,CAD,ENTPD1,ENTPD6,ENTPD3,ENTPD5,ENTPD8,ENTPD4,CTPS1,DCK,CANT1,DHODH,DPYD,NME6,NT5C3A,POLR1B,TXNRD2,POLR3F,NT5C1A,NT5C1B,ITPA,NME1,NME2,NME3,NME4,PNP,NT5E,PNPT1,NME7,POLR2A,POLR2B,POLR2C,NT5C,POLR3B,NT5C2,TK1,NME1-NME2,TXNRD1,TYMS,CTPS2,UMPS,NT5M",True,44
Pathway,MM15491,REACTOME_THE_ROLE_OF_GTSE1_IN_G2_M_PROGRESSION_AFTER_G2_CHECKPOINT,Reactome Pathways,8.364e-06,0.03092,5.416e-05,0.0004762,31,61,"PSMD14,TUBA1B,TUBB3,TUBB4A,TUBB4B,GTSE1,TUBA8,TUBB6,ADRM1,TUBA1C,HSP90AA1,HSP90AB1,TUBB2B,PLK1,PSMC1,PSMC5,PSMD2,PSMD3,PSMD13,TUBAL3,RPS27A,MAPRE1,TUBA3D,TP53,TUBA4A,TUBB2A,TUBB1,UBA52,UBB,UBC,TUBA1A",True,31
Pathway,M1075,REACTOME_INWARDLY_RECTIFYING_K_CHANNELS,Reactome Pathways,8.524e-06,0.03151,5.509e-05,0.0004844,21,35,"GNB4,GNB5,GABBR1,GNG13,GNB1,GNB2,GNB3,GNG3,GNG4,GNG5,GNG7,GNG10,GNG11,GNGT1,GNGT2,KCNJ3,KCNJ5,KCNJ10,GNG8,GNG2,GNG12",True,21
Pathway,M823,REACTOME_TRANSPORT_OF_INORGANIC_CATIONS_ANIONS_AND_AMINO_ACIDS_OLIGOPEPTIDES,Reactome Pathways,8.602e-06,0.0318,5.55e-05,0.000488,47,107,"SLC25A11,SLC26A9,SLC17A8,SLC4A4,CALM1,SLC7A7,SLC7A6,SLC24A1,SLC24A2,SLC4A7,SLC4A8,SLC25A10,CTNS,SLC36A1,SLC26A3,SLC25A18,SLC26A2,SLC9A6,SLC26A1,SLC7A9,SLC9A4,SLC5A8,SLC26A4,SLC25A22,SLC1A1,SLC1A2,SLC1A3,SLC4A3,SLC1A5,SLC3A1,SLC3A2,SLC7A1,SLC8A1,SLC9A1,SLC9A2,SLC9A3,SLC9A5,SLC12A1,SLC12A2,SLC12A3,SLC20A1,SLC20A2,SLC9A8,SLC7A8,SLC7A10,SLC26A6,SLC7A5",True,47
Pathway,M47793,KEGG_MEDICUS_ENV_FACTOR_NNK_NNN_TO_RAS_ERK_SIGNALING_PATHWAY,KEGG Medicus Pathways,9.061e-06,0.0335,5.823e-05,0.000512,14,19,"ARAF,BCL2,BRAF,FOS,HRAS,JUN,KRAS,MYC,NRAS,MAPK1,MAPK3,MAP2K1,MAP2K2,RAF1",True,14
Pathway,MM15473,REACTOME_INTERFERON_GAMMA_SIGNALING,Reactome Pathways,9.061e-06,0.0335,5.823e-05,0.000512,14,19,"PIAS1,SOCS1,CAMK2A,CAMK2B,CAMK2D,CAMK2G,SOCS3,IFNG,JAK2,YBX1,MAPK1,MAPK3,RAF1,SUMO1",True,14
Pathway,M47595,KEGG_MEDICUS_PATHOGEN_HBV_HBX_TO_CREB_MEDIATED_TRANSCRIPTION,KEGG Medicus Pathways,9.072e-06,0.03354,5.823e-05,0.000512,11,13,"ATF4,CREB3L4,CREB3L1,CREB1,ATF2,CREBBP,ATF6B,CREB5,CREB3,CREB3L3,CREB3L2",True,11
Pathway,M9488,KEGG_RETINOL_METABOLISM,KEGG Legacy Pathways,9.326e-06,0.03448,5.976e-05,0.0005254,32,64,"PNPLA4,ADH1A,ADH1B,ADH1C,ADH4,ADH5,ADH6,ADH7,ALDH1A1,RDH16,DGAT1,ALDH1A2,LRAT,DHRS3,CYP1A1,CYP1A2,RDH8,CYP3A4,CYP26A1,RDH10,RDH11,DHRS9,DHRS4,DGAT2,AWAT2,BCO1,CYP26C1,RETSAT,RDH5,RDH12,RPE65,CYP26B1",True,32
Pathway,M47684,KEGG_MEDICUS_VARIANT_MUTATION_CAUSED_ABERRANT_ABETA_TO_AGE_RAGE_SIGNALING_PATHWAY,KEGG Medicus Pathways,9.862e-06,0.03646,6.296e-05,0.0005536,13,17,"ARAF,BRAF,HRAS,IL6,KRAS,NRAS,MAPK1,MAPK3,MAP2K1,MAP2K2,RAF1,RELA,TNF",True,13
Pathway,MM15215,REACTOME_CD209_DC_SIGN_SIGNALING,Reactome Pathways,9.862e-06,0.03646,6.296e-05,0.0005536,13,17,"RPS6KA5,EP300,FYN,HRAS,KRAS,PAK1,PAK2,PAK3,PRKACA,PRKACB,RAF1,RELA,RELB",True,13
Pathway,MM15635,REACTOME_INTERFERON_SIGNALING,Reactome Pathways,9.878e-06,0.03652,6.296e-05,0.0005536,58,141,"MAVS,FANCM,PIAS1,SOCS1,CAMK2A,CAMK2B,CAMK2D,CAMK2G,SOCS3,ARIH1,EIF4A3,DHX9,EIF4A1,EIF4A2,TUBA1B,TUBB3,TUBB4A,TUBB4B,FLNB,TUBA8,TUBB6,IFI44L,TUBA1C,HSPA1A,HSPA1B,HSPA8,IFNAR1,IFNG,ILF2,ILF3,TUBB2B,JAK2,KPNA1,MX1,NEDD4,NPM1,YBX1,PLCG1,PPM1B,MAPK1,MAPK3,RAF1,TUBAL3,RPS27A,SNCA,STAT2,STAT3,TUBA3D,TP53,TUBA4A,TUBB2A,TUBB1,UBA52,UBB,UBC,UBE2E1,SUMO1,TUBA1A",True,58
Pathway,M47475,KEGG_MEDICUS_REFERENCE_FLT3LG_FLT3_RAS_PI3K_SIGNALING_PATHWAY,KEGG Medicus Pathways,1e-05,0.03698,6.365e-05,0.0005596,12,15,"AKT1,AKT2,AKT3,GRB2,HRAS,KRAS,NRAS,PIK3CA,PIK3CB,PIK3CD,SOS1,SOS2",True,12
Pathway,M10294,REACTOME_UNFOLDED_PROTEIN_RESPONSE_UPR,Reactome Pathways,1.109e-05,0.041,7.044e-05,0.0006194,42,93,"KHSRP,ATF3,ATF4,MBTPS1,CALR,CREB3L4,CREB3L1,CEBPB,CEBPG,TPP1,EIF2AK3,ATF6B,EDEM1,CUL7,DCTN1,DDIT3,EIF2S1,EIF2S3,EXTL2,EXTL3,MBTPS2,CREB3,GFPT1,YIF1A,CREB3L3,HSPA5,LMNA,NFYA,NFYB,NFYC,EXOSC9,CREBRF,CCL2,ATF6,SRPRA,EXOSC2,HSP90B1,CREB3L2,WFS1,XBP1,ZBTB17,DCSTAMP",True,42
Pathway,M16121,KEGG_FC_GAMMA_R_MEDIATED_PHAGOCYTOSIS,KEGG Legacy Pathways,1.13e-05,0.04177,7.164e-05,0.0006299,43,96,"PIP5K1A,PIP5K1B,PIP4K2B,PLA2G6,AKT1,AKT2,PIK3R3,PLPP1,PLPP2,PLPP3,WASL,CDC42,ASAP1,DNM1,DNM2,AKT3,FCGR1A,FCGR3A,GSN,SCIN,PIKFYVE,PAK1,PIK3CA,PIK3CB,PIK3CD,PIK3CG,PIK3R1,PIK3R2,PLCG1,PLCG2,PRKCA,PRKCB,PRKCG,MAPK1,MAPK3,MAP2K1,PTPRC,RAC1,RAC2,RAF1,PIP5K1C,VASP,WAS",True,43
Pathway,MM15370,REACTOME_CDK_MEDIATED_PHOSPHORYLATION_AND_REMOVAL_OF_CDC6,Reactome Pathways,1.149e-05,0.04249,7.276e-05,0.0006398,30,59,"CDC26,CDC23,CDC16,CDC6,CDC27,ANAPC15,PSMD14,FZR1,ANAPC10,ANAPC5,ANAPC7,ANAPC11,UBE2S,ADRM1,UBE2C,ANAPC16,ANAPC2,ANAPC4,PSMC1,PSMC5,PSMD2,PSMD3,PSMD13,RPS27A,UBA52,UBB,UBC,UBE2D1,UBE2E1,ANAPC1",True,30
Pathway,M29853,REACTOME_NERVOUS_SYSTEM_DEVELOPMENT,Reactome Pathways,1.165e-05,0.04308,7.365e-05,0.0006475,182,562,"ABL1,CLTCL1,ABL2,ACTB,AP2A1,AP2A2,AP2B1,ANK3,PIK3R3,RHOA,RHOB,RHOC,ARHGEF7,WASL,RPS6KA4,CDC42,CDK5,RPS6KA5,RPL23,LHX2,CLTC,HJV,ROCK2,COL9A2,CREB1,NCAN,EIF4A3,CYP51A1,DAG1,SRGAP3,DLG4,RBM8A,DNM1,DNM2,RBX1,DOCK1,DPYSL3,DSCAM,RPS27L,EGFR,PSMD14,ERBB2,PAK4,ADGRV1,SEMA3A,TUBA1B,TUBB3,TUBB4A,TUBB4B,MYL9,FGFR1,PABPC1,FYN,GAB1,TUBA8,TUBB6,RND1,RNPS1,ADRM1,TUBA1C,GRB2,GSK3B,HDAC2,HMGCR,HRAS,HSPA8,HSP90AA1,HSP90AB1,TUBB8,TUBB2B,ISL1,ITGB1,KRAS,LAMA2,LAMC1,MAGOH,RPL22L1,GIT1,MSN,MYH9,NCBP1,NRAS,TREM2,PAK1,PAK2,PAK3,PFN1,PFN2,PIK3CA,PIK3CB,PIK3CD,PIK3R1,PIK3R2,PITPNA,PLCG1,PLXNA1,PLXNB1,PPP3CB,PRKACA,PRKACB,PRKACG,PRKAR2A,PRKCA,MAPK1,MAPK3,MAP2K1,MAP2K2,MYL12B,PSMC1,PSMC5,PSMD2,PSMD3,PSMD13,PTPRC,RAC1,RASA1,MAGOHB,ROCK1,RPL5,RPL6,RPL7,RPL7A,TUBAL3,RPL11,RPL19,RPL27,RPL36AL,RPLP1,RPS2,RPS3,RPS9,RPS10,RPS11,RPS12,RPS13,RPS14,TUBA3E,RPS18,RPS20,RPS21,RPS23,RPS25,RPS27A,SCN5A,SCN10A,CASC3,ITSN1,NCBP2,ENAH,SCN3B,SOS1,SOS2,ZSWIM8,SPTA1,SPTAN1,SPTB,SRC,SREBF2,NFASC,SEMA4A,UNC5D,TUBA3D,SRGAP2,ARHGAP39,PIP5K1C,AGRN,TRPC6,TUBA4A,TUBB2A,TUBB1,UBA52,UBB,UBC,UTRN,VASP,UPF3B,PAK6,TUBA1A,CXCR4,LHX4,PAK5,LHX3",True,182
Pathway,M16647,REACTOME_CELL_CYCLE_CHECKPOINTS,Reactome Pathways,1.181e-05,0.04367,7.452e-05,0.0006552,100,278,"SEH1L,KIF18A,H2BC21,H4C6,CDC26,DYNLL1,CDC23,BARD1,BRCA1,CDC16,BUB1B,CDC6,CDC20,CDC27,CDKN2A,CENPA,CENPE,CENPF,ANAPC15,BABAM2,DYNLL2,CKAP5,DYNC1H1,DYNC1I1,DYNC1I2,DYNC1LI2,DYNC1LI1,PSMD14,PHF20,ANAPC10,ANAPC5,ANAPC7,KAT5,GTSE1,ANAPC11,PIAS4,MCM8,UBE2S,YWHAQ,ADRM1,UBE2C,CHEK2,H2AX,KIF2A,MAD2L1,MCM2,MCM3,MCM4,MCM5,MCM6,MCM7,MDM2,MRE11,ANAPC16,NUP98,NUP43,ORC1,ORC2,ORC4,ORC5,PAFAH1B1,NUP37,ANAPC2,PLK1,ANAPC4,BRCC3,PPP1CC,NDE1,PSMC1,PSMC5,PSMD2,PSMD3,PSMD13,RANBP2,RANGAP1,NUP85,RPS27A,SEC13,CENPT,MAPRE1,NUP133,NUP160,B9D2,TP53,TP53BP1,ORC3,UBA52,UBB,UBC,UBE2D1,UBE2E1,ANAPC1,XPO1,YWHAB,YWHAE,YWHAG,YWHAH,YWHAZ,NDEL1,NUP107",True,100
Pathway,M26972,REACTOME_GAP_JUNCTION_TRAFFICKING_AND_REGULATION,Reactome Pathways,1.198e-05,0.04429,7.545e-05,0.0006634,27,51,"CLTCL1,ACTB,CLTC,DNM1,DNM2,TUBA1B,TUBB3,TUBB4A,TUBB4B,TUBA8,TUBB6,GJA1,GJA8,GJB2,TUBA1C,TUBB8,TUBB2B,MYO6,TUBAL3,TUBA3E,SRC,TUBA3D,TJP1,TUBA4A,TUBB2A,TUBB1,TUBA1A",True,27
Pathway,M48267,REACTOME_TRANSCRIPTIONAL_AND_POST_TRANSLATIONAL_REGULATION_OF_MITF_M_EXPRESSION_AND_ACTIVITY,Reactome Pathways,1.282e-05,0.04738,8.058e-05,0.0007085,31,62,"CREB1,CREBBP,CSF1,CTNNB1,AKT3,EP300,EPRS1,GSK3B,HDAC1,IARS1,MARS1,MC1R,MC4R,MC5R,MITF,PAX3,POMC,MAPK1,MAPK3,RARS1,SOX2,SIRT1,UBE2I,SUMO1,XPO1,YWHAB,YWHAE,YWHAG,YWHAH,YWHAZ,TFEB",True,31
Pathway,M47803,KEGG_MEDICUS_REFERENCE_P4_PR_PI3K_SIGNALING_PATHWAY,KEGG Medicus Pathways,1.313e-05,0.04856,8.216e-05,0.0007224,8,8,"AKT1,AKT2,AKT3,PGR,PIK3CA,PIK3CB,PIK3CD,SRC",True,8
Pathway,MM14893,REACTOME_ACTIVATION_OF_THE_PHOTOTRANSDUCTION_CASCADE,Reactome Pathways,1.313e-05,0.04856,8.216e-05,0.0007224,8,8,"CNGB1,CNGA1,GNAT1,GNB1,GNGT1,PDE6G,PDE6B,RHO",True,8
Pathway,M46443,REACTOME_NFE2L2_REGULATES_PENTOSE_PHOSPHATE_PATHWAY_GENES,Reactome Pathways,1.313e-05,0.04856,8.216e-05,0.0007224,8,8,"CREBBP,EP300,G6PD,MAFG,NFE2L2,PGD,TALDO1,TKT",True,8
Pathway,M27322,REACTOME_PCP_CE_PATHWAY,Reactome Pathways,1.327e-05,0.04907,8.288e-05,0.0007288,37,79,"FZD4,FZD6,AP2A1,AP2A2,AP2B1,RHOA,ARRB2,CLTC,PARD6A,DVL1,DVL2,PSMD14,FZD2,ADRM1,PFN1,PRKCA,PRKCB,PRKCG,PSMC1,PSMC5,PSMD2,PSMD3,PSMD13,RAC1,RAC2,RPS27A,SCRIB,WNT5B,UBA52,UBB,UBC,WNT5A,WNT11,FZD5,FZD3,SMURF1,VANGL2",True,37
Pathway,MM15380,REACTOME_DNA_REPLICATION,Reactome Pathways,1.519e-05,0.05616,9.47e-05,0.0008327,50,118,"CDC26,CDC23,CDC16,CDC6,CDC27,ANAPC15,RBX1,PSMD14,FZR1,ANAPC10,FEN1,ANAPC5,ANAPC7,ANAPC11,MCM8,UBE2S,ADRM1,UBE2C,KPNA1,MCM2,MCM3,MCM4,MCM5,MCM6,MCM7,ANAPC16,ORC1,ORC2,ORC4,ORC5,ANAPC2,ANAPC4,POLG,POLRMT,PSMC1,PSMC5,PSMD2,PSMD3,PSMD13,RPS27A,SKP1,ORC3,KPNA6,UBA52,UBB,UBC,UBE2D1,UBE2E1,ANAPC1,CDT1",True,50
Pathway,M45021,REACTOME_KEAP1_NFE2L2_PATHWAY,Reactome Pathways,1.553e-05,0.0574,9.664e-05,0.0008497,48,112,"AKT1,AKT2,CUL3,ATF4,BCL2,BRCA1,CDKN2A,ABCG2,EIF2AK3,CREBBP,UBXN7,KEAP1,RBX1,AKT3,PSMD14,EP300,G6PD,ADRM1,GSK3B,GSR,HMOX1,IDH1,MAFG,MYC,NFE2L2,PGD,PSMC1,PSMC5,PSMD2,PSMD3,PSMD13,RELA,RPS27A,CCL2,SKP1,NPLOC4,SP1,TALDO1,TKT,TXN,TXNRD1,UBA52,UBB,UBC,UFD1,VCP,FBXL17,MAP1LC3B",True,48
Pathway,MM14544,REACTOME_INWARDLY_RECTIFYING_K_CHANNELS,Reactome Pathways,1.573e-05,0.05815,9.774e-05,0.0008594,21,36,"GNB4,GNB5,GABBR1,GNG13,GNB1,GNB2,GNB3,GNG3,GNG4,GNG5,GNG7,GNG10,GNG11,GNGT1,GNGT2,KCNJ3,KCNJ5,KCNJ10,GNG8,GNG2,GNG12",True,21
Pathway,M19888,KEGG_ACUTE_MYELOID_LEUKEMIA,KEGG Legacy Pathways,1.58e-05,0.05841,9.784e-05,0.0008603,29,57,"AKT1,AKT2,PIK3R3,ARAF,BRAF,AKT3,GRB2,HRAS,JUP,KRAS,MYC,NRAS,PIK3CA,PIK3CB,PIK3CD,PIK3CG,PIK3R1,PIK3R2,PML,MAPK1,MAPK3,MAP2K1,MAP2K2,RAF1,RARA,RELA,SOS1,SOS2,STAT3",True,29
Pathway,MM15714,REACTOME_KINESINS,Reactome Pathways,1.58e-05,0.05841,9.784e-05,0.0008603,29,57,"KIF18A,KLC3,KIFC2,CENPE,KIF3B,TUBA1B,TUBB3,TUBB4A,TUBB4B,TUBA8,TUBB6,TUBA1C,KIF3A,TUBB2B,KIF2A,KIF5A,KIF5B,KLC1,KIF11,KIFC1,TUBAL3,KIFAP3,TUBA3D,TUBA4A,TUBB2A,TUBB1,KLC2,TUBA1A,KLC4",True,29
Pathway,M27794,REACTOME_ESR_MEDIATED_SIGNALING,Reactome Pathways,1.613e-05,0.05963,9.972e-05,0.0008768,82,220,"NCOA3,SMC1A,H2AC18,H2AC20,H2BC21,H3C2,H4C6,AKT1,AKT2,PIK3R3,BCL2,KAT2B,CALM1,CAV1,SMC3,CHD1,CREB1,ATF2,CREBBP,CTSD,DDX5,AKT3,EGFR,GNB4,EP300,KAT5,FOS,FOSB,GNB5,GNAT3,PTGES3,STAG2,GNG13,GNAI1,GNAI2,GNAI3,GNB1,GNB2,GNB3,GNG3,GNG4,GNG5,GNG7,GNG10,GNG11,GNGT1,GNGT2,H2AX,H3-3A,H3-3B,HDAC1,HRAS,HSPB1,HSP90AA1,HSP90AB1,JUN,JUND,KPNA2,KRAS,GNG8,MYC,NRAS,UHMK1,GNG2,PGR,PIK3CA,PIK3R1,PIK3R2,POLR2A,POLR2B,POLR2C,POU2F1,MED1,PRKCZ,MAPK1,MAPK3,SP1,SRC,GNG12,TBP,USF1,XPO1",True,82
Pathway,M48033,REACTOME_BACTERIAL_INFECTION_PATHWAYS,Reactome Pathways,1.632e-05,0.06032,0.0001005,0.000884,34,71,"CALM1,HGS,CTNNB1,SV2A,EEF2,ENO1,EPS15,STAM2,GRB2,CORO1A,GUCY2C,HSP90AA1,HSP90AB1,KPNA1,MRC1,PGK1,MAPK1,MAPK3,MAP2K1,MAP2K2,RAB5A,TRIM27,RPS27A,SFPQ,SNAP25,SRC,STX1A,TLR2,TXNRD1,UBA52,UBB,UBC,RAB7A,STAM",True,34
Pathway,MM15604,REACTOME_RHOG_GTPASE_CYCLE,Reactome Pathways,1.632e-05,0.06032,0.0001005,0.000884,34,71,"ARHGAP1,ARHGDIA,STBD1,CAV1,CDC42,VAPB,VAMP3,RBM39,DOCK4,DOCK1,PAK4,CDC42EP1,HSPE1,ITGB1,MPP7,LBR,MCAM,MCF2,NDUFA5,NDUFS3,OPHN1,PAK2,PIK3R1,LAMTOR1,ITSN1,SHMT2,ELMO2,DEPDC1B,ESYT1,ARHGAP39,TFRC,RAB7A,DIAPH3,VANGL1",True,34
Pathway,M709,REACTOME_CDK_MEDIATED_PHOSPHORYLATION_AND_REMOVAL_OF_CDC6,Reactome Pathways,1.762e-05,0.06513,0.0001084,0.0009529,30,60,"CDC26,CDC23,CDC16,CDC6,CDC27,ANAPC15,PSMD14,FZR1,ANAPC10,ANAPC5,ANAPC7,ANAPC11,UBE2S,ADRM1,UBE2C,ANAPC16,ANAPC2,ANAPC4,PSMC1,PSMC5,PSMD2,PSMD3,PSMD13,RPS27A,UBA52,UBB,UBC,UBE2D1,UBE2E1,ANAPC1",True,30
Pathway,M8104,KEGG_AMINO_SUGAR_AND_NUCLEOTIDE_SUGAR_METABOLISM,KEGG Legacy Pathways,1.881e-05,0.06955,0.0001153,0.001014,24,44,"FCSK,GNPDA2,GFPT2,GNPDA1,CYB5R1,GALK1,GALK2,GCK,GFPT1,GPI,HK1,HK2,HK3,MPI,PGM1,PGM3,GMPPB,GMPPA,PMM1,PMM2,PGM2,NAGK,UGP2,GNPNAT1",True,24
Pathway,MM14606,REACTOME_GAP_JUNCTION_TRAFFICKING_AND_REGULATION,Reactome Pathways,1.881e-05,0.06955,0.0001153,0.001014,24,44,"ACTB,CLTC,DNM1,DNM2,TUBA1B,TUBB3,TUBB4A,TUBB4B,TUBA8,TUBB6,GJA1,GJA8,GJB2,TUBA1C,TUBB2B,MYO6,TUBAL3,SRC,TUBA3D,TJP1,TUBA4A,TUBB2A,TUBB1,TUBA1A",True,24
Pathway,M27862,REACTOME_TRANSCRIPTIONAL_REGULATION_BY_MECP2,Reactome Pathways,1.933e-05,0.07147,0.0001183,0.00104,31,63,"HDAC3,CALM1,CAMK4,CAMK2A,CAMK2B,CAMK2D,CAMK2G,SIN3A,CREB1,CRH,NCOR1,NCOR2,GAD2,GPS2,HTT,HDAC1,HDAC2,IRAK1,LBR,MECP2,MOBP,HIPK2,OPRM1,PPARG,PRKACA,PTEN,PVALB,TBL1XR1,SLC2A3,SOX2,TBL1X",True,31
Pathway,M3158,REACTOME_S_PHASE,Reactome Pathways,1.95e-05,0.07209,0.0001192,0.001048,60,150,"SMC1A,ESCO1,AKT1,AKT2,CDC26,CDC23,CDC16,SMC3,CDC6,CDC27,CDK7,ANAPC15,RBX1,AKT3,ESCO2,PSMD14,FZR1,ANAPC10,FEN1,ANAPC5,ANAPC7,ANAPC11,STAG2,MCM8,UBE2S,ADRM1,UBE2C,GSK3B,MAX,MCM2,MCM3,MCM4,MCM5,MCM6,MCM7,MYC,ANAPC16,ORC1,ORC2,ORC4,ORC5,ANAPC2,ANAPC4,PSMC1,PSMC5,PSMD2,PSMD3,PSMD13,RPS27A,SKP1,PDS5B,PDS5A,ORC3,UBA52,UBB,UBC,UBE2D1,UBE2E1,ANAPC1,CDT1",True,60
Pathway,M783,REACTOME_PROCESSING_OF_CAPPED_INTRONLESS_PRE_MRNA,Reactome Pathways,1.967e-05,0.07272,0.0001198,0.001053,18,29,"CSTF2,PCF11,PAPOLA,CLP1,NUDT21,CPSF6,LSM10,NCBP1,CPSF1,CPSF7,WDR33,NCBP2,SNRPB,SNRPD3,SNRPE,SNRPF,SNRPG,PABPN1",True,18
Pathway,MM15444,REACTOME_PROCESSING_OF_CAPPED_INTRONLESS_PRE_MRNA,Reactome Pathways,1.967e-05,0.07272,0.0001198,0.001053,18,29,"CSTF2,PCF11,PAPOLA,CLP1,NUDT21,CPSF6,LSM10,NCBP1,CPSF1,CPSF7,WDR33,NCBP2,SNRPB,SNRPD3,SNRPE,SNRPF,SNRPG,PABPN1",True,18
Pathway,MM15436,REACTOME_GENE_EXPRESSION_TRANSCRIPTION,Reactome Pathways,2.001e-05,0.07397,0.0001217,0.00107,304,1011,"SEH1L,ABL1,USP9X,ACTB,H2AC18,H2AC20,PIP4K2B,AKT1,AKT2,NR0B2,OGT,LEO1,RAE1,CBX4,AR,ARNT,SRSF9,TBL1Y,BARD1,BAX,BMI1,HDAC3,KAT2B,BRCA1,PIP4P1,ASH2L,DDX21,CDK5,CDK7,SRSF11,CHD3,CHD4,CHM,GTF3C5,COX5A,COX4I1,COX5B,COX6A1,COX8A,SIN3A,NR1D1,NCOR2,NUP155,CSTF2,NUP93,CTNNB1,KMT2B,HDAC4,EIF4A3,DHX38,DAXX,NUP58,SETDB1,POM121,RBM8A,TTC5,NUP153,RBX1,FOXP3,THOC1,AKT3,DR1,NR2E3,HDAC6,L3MBTL2,E2F6,PHC1,PHC2,INTS6,YAF2,TRIM28,INTS4,ALYREF,DDX39A,PSMD14,EP300,SRRM1,ERCC6,PHF20,STUB1,ESRRA,ESRRB,ESRRG,EZH2,PCGF6,CDC40,KAT8,MCRS1,POLR1B,MYBBP1A,KAT5,NELFCD,POLDIP3,SLU7,POM121C,PCGF5,POLR3F,PCF11,SRRT,ZNF764,G6PD,AFF4,NUP50,WWOX,KAT2A,PAPOLA,RNPS1,YWHAQ,CLP1,CBX2,GPI,ADRM1,NUDT21,CPSF6,GPS2,GPX2,WDR5,NUP42,GSK3B,GSR,GTF2B,GTF3C1,GTF3C2,PSIP1,SUPT16H,CHEK2,H2AX,H3-3A,H3-3B,LSM10,HCFC1,HDAC1,U2AF1L4,U2AF2,HNF4A,EAF1,LBR,SMAD4,MAGOH,MAX,MDM2,MECP2,NUP54,MEN1,KMT2A,MLLT1,MLLT3,MRE11,HIPK2,MT-CO1,MT-CO2,MT-CO3,BRD7,MYC,NCBP1,NDUFA4,ZNF740,CNOT3,NPM1,NUP88,NUP98,NUP43,ZNF786,CYCS,PGR,NUP37,PIP4K2A,CPSF1,HCFC2,PML,POLR2A,POLR2B,POLR2C,POLRMT,POU2F1,POU2F2,POU4F1,POU4F2,MED1,PPM1A,ZNF557,KANSL1,MAPK1,MAPK3,SLC38A9,PSMC1,PSMC5,PSMD2,PSMD3,PSMD13,LAMTOR1,RAN,RANBP2,RARA,RARB,RARG,RBBP5,TBL1XR1,RHEB,RING1,RNF2,STEAP3,RORA,RORB,PIP4K2C,CPSF7,NUP85,WDR33,RPS27A,RXRG,PHC3,SEC13,CASC3,SRSF1,SRSF2,SRSF3,SRSF5,SRSF7,RNF34,SKP1,NUP35,NCBP2,POLR3B,NDC1,SCMH1,NUP133,SMARCC2,SNAPC4,SNRPB,SNRPD3,CNOT1,SNRPE,SNRPF,SNRPG,SP1,SRC,HDAC8,SSRP1,NUP205,AURKA,STK11,SUPT5H,SUPT6H,NUP210,TAF1,TAF4,TAF4B,TAF6,TAF7,TAF9,MGA,NUP160,TBL1X,TBP,TCEA1,ELOA,SIN3B,NEDD4L,TDG,HIGD1C,TFAP2A,SIRT1,TGFB1,RYBP,SF3B1,THRB,NR2E1,NUP188,TP53,TPR,NR2C1,NR2C2,TSC1,NUP62,TXN,TXNRD1,U2AF1,UBA52,UBB,UBC,UBE2D1,UBE2D3,UBE2I,SUMO1,YWHAB,YWHAE,YWHAG,YWHAH,YWHAZ,PCGF2,UPF3B,USP7,DDX39B,TIGAR,NUP107,ZNF212,SMURF1,NUP214,THOC2,KMT2D,AAAS,YEATS4,PABPN1,CBX8",True,304
Pathway,MM15715,REACTOME_FACTORS_INVOLVED_IN_MEGAKARYOCYTE_DEVELOPMENT_AND_PLATELET_PRODUCTION,Reactome Pathways,2.034e-05,0.0752,0.0001235,0.001086,49,116,"KIF18A,KLC3,CAPZB,KIFC2,CDC42,CENPE,KIF3B,SH2B1,DOCK4,DOCK1,TUBA1B,TUBB3,TUBB4A,TUBB4B,TUBA8,TUBB6,EHD1,TUBA1C,KIF3A,H3-3A,H3-3B,HDAC1,TUBB2B,JAK2,KIF2A,KIF5A,KIF5B,KLC1,KIF11,KIFC1,MAFG,PRKACA,PRKACB,PRKAR1A,PRKAR1B,RAB5A,RAC1,RAD51B,TUBAL3,KIFAP3,RCOR1,TUBA3D,TUBA4A,TUBB2A,TUBB1,MAFF,KLC2,TUBA1A,KLC4",True,49
Pathway,M27418,REACTOME_MITOPHAGY,Reactome Pathways,2.059e-05,0.07614,0.0001248,0.001097,22,39,"TOMM5,TOMM20,TOMM70,TOMM6,OPTN,TOMM40,MAP1LC3A,TBK1,PRKN,TOMM7,RPS27A,SRC,UBA52,UBB,UBC,UBE2D2,UBE2D3,VDAC1,VDAC2,VDAC3,TOMM22,MAP1LC3B",True,22
Pathway,M27938,REACTOME_FOXO_MEDIATED_TRANSCRIPTION,Reactome Pathways,2.092e-05,0.07735,0.0001266,0.001113,32,66,"AKT1,AKT2,BCL6,KAT2B,CAV1,SIN3A,CREBBP,DDIT3,AKT3,BCL2L11,EP300,TXNIP,GCK,PPARGC1A,YWHAQ,HDAC1,HDAC2,INS,SMAD4,NFYA,NFYB,NFYC,NPY,POMC,SOD2,SREBF1,STK11,SIRT1,TXN,YWHAB,YWHAG,YWHAZ",True,32
Pathway,M894,REACTOME_ASPARAGINE_N_LINKED_GLYCOSYLATION,Reactome Pathways,2.141e-05,0.07914,0.0001293,0.001137,109,312,"ANK3,ARF4,DYNLL1,B4GALT3,B4GALT2,GBF1,DPM1,DPM2,FCSK,CALR,CANX,CAPZA1,CAPZB,SEC22C,CHST10,MPDU1,SEC24C,NUS1,DYNLL2,EDEM1,DCTN1,DDOST,GFPT2,DYNC1H1,DYNC1I1,DYNC1I2,DYNC1LI2,DPAGT1,DYNC1LI1,ALG3,DCTN4,TUBA1B,TUBB3,TUBB4A,TUBB4B,DCTN2,FUCA1,TUBA8,GFPT1,B4GALT1,TUBB6,ST6GAL2,GLB1,OS9,TUBA1C,GRIA1,RNF139,MAN1B1,MGAT4B,HK1,MGAT4A,ALG14,TUBB8,INS,TUBB2B,MAN2A2,MAN2A1,MGAT1,MGAT2,MGAT5,MPI,MVD,DPM3,PGM3,ALG5,ALG8,GMPPB,GMPPA,ALG6,ALG12,PMM1,PMM2,DERL1,PSMC1,RAD23B,SRD5A3,ALG11,RNF5,TUBAL3,ALG13,RPN1,RPN2,SLC35C1,DHDDS,TUBA3E,RPS27A,SEC13,TRAPPC2,NAGK,COPG1,DOLK,SPTA1,SPTAN1,SPTB,GANAB,SCFD1,ALG1,TUBA3D,TUBA4A,TUBB2A,TUBB1,UBA52,UBB,UBC,VCP,GNPNAT1,TUBA1A,TRAPPC6B,DOLPP1",True,109
Pathway,M27274,REACTOME_DISEASES_ASSOCIATED_WITH_N_GLYCOSYLATION_OF_PROTEINS,Reactome Pathways,2.335e-05,0.08632,0.0001406,0.001236,14,20,"MPDU1,DPAGT1,ALG3,B4GALT1,GLB1,MAN1B1,ALG14,MGAT2,ALG8,ALG6,ALG12,ALG11,ALG13,ALG1",True,14
Pathway,M47517,KEGG_MEDICUS_VARIANT_MUTATION_INACTIVATED_PDE11A_PDE8B_TO_ACTH_CORTISOL_SIGNALING_PATHWAY,KEGG Medicus Pathways,2.335e-05,0.08632,0.0001406,0.001236,14,20,"ATF4,CREB3L4,CREB3L1,CREB1,ATF2,ATF6B,CREB5,PDE11A,CREB3,CREB3L3,PRKACA,PRKAR1A,SP1,CREB3L2",True,14
Pathway,MM15553,REACTOME_METABOLISM_OF_STEROIDS,Reactome Pathways,2.503e-05,0.09252,0.0001494,0.001314,52,126,"ACAT2,OSBPL6,ALB,AKR1B1,MBTPS1,CH25H,SERPINA6,GGPS1,CYP11A1,CYP51A1,IDI2,NSDHL,DHCR7,DHCR24,HSD17B12,STARD3NL,MBTPS2,FDFT1,FDPS,FDX1,FDXR,HSD17B7,PIAS4,PMVK,EBP,STARD3,SLC27A5,SLC27A2,HMGCR,HMGCS1,IDI1,LBR,LSS,MVD,MVK,POMC,RAN,SRD5A3,MSMO1,SC5D,FDX2,SCP2,HSD3B7,SCAP,SUMO2,SQLE,SRD5A2,SREBF1,SREBF2,TM7SF2,UBE2I,AKR1B10",True,52
Pathway,M47942,KEGG_MEDICUS_REFERENCE_CITRATE_CYCLE_SECOND_CARBON_OXIDATION_2,KEGG Medicus Pathways,2.509e-05,0.09277,0.0001494,0.001314,9,10,"SUCLG2,SUCLG1,SUCLA2,FH,MDH2,SDHA,SDHB,SDHC,SDHD",True,9
Pathway,M47374,KEGG_MEDICUS_VARIANT_MUTATION_ACTIVATED_KRAS_NRAS_TO_ERK_SIGNALING_PATHWAY,KEGG Medicus Pathways,2.509e-05,0.09277,0.0001494,0.001314,9,10,"ARAF,BRAF,KRAS,NRAS,MAPK1,MAPK3,MAP2K1,MAP2K2,RAF1",True,9
Pathway,MM15063,REACTOME_OPSINS,Reactome Pathways,2.509e-05,0.09277,0.0001494,0.001314,9,10,"OPN5,OPN1SW,OPN1MW3,RRH,OPN4,OPN1LW,RGR,RHO,OPN3",True,9
Pathway,M47615,KEGG_MEDICUS_REFERENCE_CD80_CD86_CD28_PI3K_SIGNALING_PATHWAY,KEGG Medicus Pathways,2.509e-05,0.09277,0.0001494,0.001314,9,10,"AKT1,AKT2,CD80,CD86,AKT3,GSK3B,PIK3CA,PIK3CB,PIK3CD",True,9
Pathway,MM15004,REACTOME_ASSOCIATION_OF_TRIC_CCT_WITH_TARGET_PROTEINS_DURING_BIOSYNTHESIS,Reactome Pathways,2.509e-05,0.09277,0.0001494,0.001314,9,10,"CCT6A,CCT7,CCT4,CCT2,CCT6B,CCT8,CCT5,TCP1,CCT3",True,9
Pathway,MM14538,REACTOME_MITOCHONDRIAL_PROTEIN_IMPORT,Reactome Pathways,2.509e-05,0.09277,0.0001494,0.001314,9,10,"ATP5F1B,LDHD,PITRM1,FXN,COQ2,HSCB,HSPD1,NDUFB8,OTC",True,9
Pathway,M1088,REACTOME_METABOLISM_OF_PORPHYRINS,Reactome Pathways,2.571e-05,0.09504,0.0001526,0.001341,17,27,"ALAD,ALAS1,ALAS2,ALB,BLVRB,ABCG2,COX10,COX15,CPOX,FECH,HMBS,HMOX1,HMOX2,FLVCR1,PPOX,UROD,UROS",True,17
Pathway,M29816,REACTOME_INFECTION_WITH_MYCOBACTERIUM_TUBERCULOSIS,Reactome Pathways,2.571e-05,0.09504,0.0001526,0.001341,17,27,"HGS,ENO1,CORO1A,KPNA1,MRC1,PGK1,MAPK1,MAPK3,RAB5A,TRIM27,RPS27A,SFPQ,TLR2,UBA52,UBB,UBC,RAB7A",True,17
Pathway,M553,REACTOME_SIGNALING_BY_ERBB2,Reactome Pathways,2.628e-05,0.09715,0.0001557,0.001369,26,50,"AKT1,AKT2,RHOA,DIAPH1,AKT3,MEMO1,EGFR,ERBB2,STUB1,FYN,GAB1,GRB2,HRAS,HSP90AA1,KRAS,NRAS,PIK3CA,PIK3R1,PLCG1,PRKCA,RPS27A,SOS1,SRC,UBA52,UBB,UBC",True,26
Pathway,M47516,KEGG_MEDICUS_VARIANT_MUTATION_INACTIVATED_PRKAR1A_TO_ACTH_CORTISOL_SIGNALING_PATHWAY,KEGG Medicus Pathways,2.748e-05,0.1016,0.0001626,0.001429,13,18,"ATF4,CREB3L4,CREB3L1,CREB1,ATF2,ATF6B,CREB5,CREB3,CREB3L3,PRKACA,PRKAR1A,SP1,CREB3L2",True,13
Pathway,M5224,REACTOME_SYNTHESIS_OF_DNA,Reactome Pathways,2.8e-05,0.1035,0.0001654,0.001454,46,108,"CDC26,CDC23,CDC16,CDC6,CDC27,ANAPC15,RBX1,PSMD14,FZR1,ANAPC10,FEN1,ANAPC5,ANAPC7,ANAPC11,MCM8,UBE2S,ADRM1,UBE2C,MCM2,MCM3,MCM4,MCM5,MCM6,MCM7,ANAPC16,ORC1,ORC2,ORC4,ORC5,ANAPC2,ANAPC4,PSMC1,PSMC5,PSMD2,PSMD3,PSMD13,RPS27A,SKP1,ORC3,UBA52,UBB,UBC,UBE2D1,UBE2E1,ANAPC1,CDT1",True,46
Pathway,M27039,REACTOME_SIGNALING_BY_EGFR,Reactome Pathways,2.989e-05,0.1105,0.000176,0.001547,27,53,"AAMP,ARHGEF7,HGS,CDC42,EPS15L1,CSK,EGFR,EPS15,STAM2,GAB1,GRB2,HRAS,KRAS,NRAS,PIK3CA,PIK3R1,PLCG1,EPN1,PTPN3,RPS27A,SOS1,SRC,ADAM17,UBA52,UBB,UBC,STAM",True,27
Pathway,M662,REACTOME_SYNTHESIS_OF_PIPS_AT_THE_PLASMA_MEMBRANE,Reactome Pathways,2.989e-05,0.1105,0.000176,0.001547,27,53,"PIP5K1A,PIP5K1B,PIP4K2B,PIK3R3,MTMR1,INPP4B,BMX,SYNJ1,SYNJ2,INPP4A,OCRL,PIK3C2A,PIK3C2B,PIK3C2G,PIK3CA,PIK3CB,PIK3CD,PIK3CG,PIK3R1,PIK3R2,PIP4K2A,PTEN,RAB5A,PIP4K2C,PI4K2B,PI4K2A,PIP5K1C",True,27
Pathway,M29847,REACTOME_SIGNALING_BY_ERBB2_ECD_MUTANTS,Reactome Pathways,3.101e-05,0.1147,0.0001823,0.001603,12,16,"EGFR,ERBB2,GAB1,GRB2,HRAS,HSP90AA1,KRAS,NRAS,PIK3CA,PIK3R1,PLCG1,SOS1",True,12
Pathway,M14663,REACTOME_ETHANOL_OXIDATION,Reactome Pathways,3.148e-05,0.1164,0.000183,0.001609,10,12,"ADH1A,ADH1B,ADH1C,ADH4,ADH5,ADH6,ADH7,ALDH1A1,ACSS1,ACSS2",True,10
Pathway,MM14981,REACTOME_UNFOLDED_PROTEIN_RESPONSE_UPR,Reactome Pathways,3.148e-05,0.1164,0.000183,0.001609,10,12,"MBTPS1,EIF2S3B,ATF6B,EIF2S1,EIF2S3,MBTPS2,CREB3,CREB3L3,CREBRF,ATF6",True,10
Pathway,MM14994,REACTOME_CD28_DEPENDENT_VAV1_PATHWAY,Reactome Pathways,3.148e-05,0.1164,0.000183,0.001609,10,12,"CD80,CD86,CDC42,FYN,GRB2,LCK,PAK1,PAK2,PAK3,RAC1",True,10
Pathway,M47558,KEGG_MEDICUS_REFERENCE_CXCR4_GNAI_PI3K_BAD_SIGNALING_PATHWAY,KEGG Medicus Pathways,3.148e-05,0.1164,0.000183,0.001609,10,12,"AKT1,AKT2,AKT3,GNAI1,GNAI2,GNAI3,PIK3CA,PIK3CB,PIK3CD,CXCR4",True,10
Pathway,M47649,KEGG_MEDICUS_REFERENCE_TRH_TRHR_PLCB_PKC_SIGNALING_PATHWAY,KEGG Medicus Pathways,3.148e-05,0.1164,0.000183,0.001609,10,12,"GNA11,GNAQ,PLCB2,PLCB3,PLCB4,PRKCA,PRKCB,PRKCG,PLCB1,TRHR",True,10
Pathway,M13618,REACTOME_CD28_DEPENDENT_VAV1_PATHWAY,Reactome Pathways,3.148e-05,0.1164,0.000183,0.001609,10,12,"CD80,CD86,CDC42,FYN,GRB2,LCK,PAK1,PAK2,PAK3,RAC1",True,10
Pathway,M45022,REACTOME_SARS_COV_2_TARGETS_HOST_INTRACELLULAR_SIGNALLING_AND_REGULATORY_PATHWAYS,Reactome Pathways,3.148e-05,0.1164,0.000183,0.001609,10,12,"AKT1,AKT2,CAV1,AKT3,YWHAQ,YWHAB,YWHAE,YWHAG,YWHAH,YWHAZ",True,10
Pathway,M4280,REACTOME_EARLY_PHASE_OF_HIV_LIFE_CYCLE,Reactome Pathways,3.287e-05,0.1215,0.0001908,0.001677,11,14,"BANF1,CD4,CCR5,FEN1,XRCC6,PSIP1,HMGA1,KPNA1,PPIA,XRCC5,CXCR4",True,11
Pathway,M27198,REACTOME_INSULIN_PROCESSING,Reactome Pathways,3.333e-05,0.1232,0.0001931,0.001698,16,25,"CPE,EXOC8,EXOC5,EXOC4,EXOC3,INS,KIF5A,KIF5B,MYO5A,PCSK2,EXOC6,EXOC1,EXOC2,STX1A,EXOC7,SLC30A5",True,16
Pathway,MM15041,REACTOME_PCP_CE_PATHWAY,Reactome Pathways,3.394e-05,0.1255,0.0001963,0.001726,34,73,"FZD4,FZD6,AP2A1,AP2A2,AP2B1,RHOA,ARRB2,CLTC,PARD6A,DVL1,DVL2,PSMD14,FZD2,ADRM1,PFN1,PRKCB,PRKCG,PSMC1,PSMC5,PSMD2,PSMD3,PSMD13,RAC1,RAC2,RPS27A,WNT5B,UBA52,UBB,UBC,WNT5A,WNT11,FZD5,FZD3,SMURF1",True,34
Pathway,M27557,REACTOME_MAP2K_AND_MAPK_ACTIVATION,Reactome Pathways,3.518e-05,0.1301,0.0002032,0.001787,22,40,"ACTB,ARAF,ARRB1,ARRB2,IQGAP1,KSR1,BRAF,CSK,FN1,WDR83,HRAS,KRAS,NRAS,PEBP1,MAPK1,MAPK3,MAP2K1,MAP2K2,RAF1,SRC,VWF,YWHAB",True,22
Pathway,MM15676,REACTOME_NERVOUS_SYSTEM_DEVELOPMENT,Reactome Pathways,3.579e-05,0.1323,0.0002064,0.001815,93,261,"ABL1,ABL2,ACTB,AP2A1,AP2A2,AP2B1,PIK3R3,RHOA,RHOB,RHOC,ARHGEF7,CDC42,CDK5,RPS6KA5,CLTC,ROCK2,COL9A2,CREB1,DAG1,DNM1,DNM2,DOCK1,DPYSL3,DSCAM,EGFR,ERBB2,TUBA1B,TUBB3,TUBB4A,TUBB4B,FGFR1,FYN,GAB1,TUBA8,TUBB6,RND1,TUBA1C,GRB2,GSK3B,HRAS,HSP90AA1,HSP90AB1,TUBB2B,ITGB1,KRAS,GIT1,MSN,TREM2,PAK1,PAK2,PAK3,PFN1,PFN2,PIK3CA,PIK3CB,PIK3CD,PIK3R1,PIK3R2,PLCG1,PLXNA1,PLXNB1,PRKACA,PRKACB,MAPK1,MAPK3,MAP2K1,MAP2K2,PTPRC,RAC1,RASA1,ROCK1,TUBAL3,RPS27A,ITSN1,ENAH,SOS1,SPTA1,SPTAN1,SPTB,SRC,NFASC,SEMA4A,TUBA3D,PIP5K1C,TUBA4A,TUBB2A,TUBB1,UBA52,UBB,UBC,VASP,TUBA1A,CXCR4",True,93
Pathway,MM15271,REACTOME_RAF_ACTIVATION,Reactome Pathways,3.797e-05,0.1404,0.0002183,0.001919,20,35,"ARAF,KSR1,BRAF,CALM1,CALM2,CALM3,CAMK2A,CAMK2B,CAMK2D,CAMK2G,HRAS,JAK2,KRAS,PPP1CB,PPP1CC,MAP2K1,MAP2K2,RAF1,SRC,YWHAB",True,20
Pathway,MM15550,REACTOME_NUCLEOTIDE_CATABOLISM,Reactome Pathways,3.797e-05,0.1404,0.0002183,0.001919,20,35,"NUDT16,ENTPD1,ENTPD6,ENTPD3,ENTPD5,ENTPD8,ENTPD4,GDA,DPYD,NT5C3A,NT5C1A,NT5C1B,NUDT5,ITPA,NT5C1B-RDH14,PNP,NT5E,NT5C,NT5C2,NT5M",True,20
Pathway,M27751,REACTOME_GOLGI_TO_ER_RETROGRADE_TRANSPORT,Reactome Pathways,3.902e-05,0.1442,0.000224,0.001969,54,134,"KIF18A,PLA2G6,KLC3,ARF4,DYNLL1,GBF1,CAPZA1,CAPZB,KIFC2,CENPE,KIF3B,DYNLL2,DCTN1,DYNC1H1,DYNC1I1,DYNC1I2,DYNC1LI2,DYNC1LI1,DCTN4,TUBA1B,TUBB3,TUBB4A,TUBB4B,DCTN2,RAB6B,NBAS,GALNT2,TUBA8,TUBB6,TUBA1C,KIF3A,TUBB8,TUBB2B,KIF2A,KIF5A,KIF5B,KLC1,KIF11,KIFC1,KIF25,PAFAH1B1,PAFAH1B2,RAB6A,TUBAL3,TUBA3E,COPG1,KIFAP3,TUBA3D,TUBA4A,TUBB2A,TUBB1,KLC2,TUBA1A,KLC4",True,54
Pathway,M27507,REACTOME_VESICLE_MEDIATED_TRANSPORT,Reactome Pathways,4.109e-05,0.1519,0.0002355,0.002071,224,725,"KIF18A,CLTCL1,ACTB,SYS1,FZD4,ADRB2,GRK2,GRK3,AP2A1,AP2A2,AP2B1,AP1G1,AGTR1,PLA2G6,AKT1,AKT2,ALB,RIC1,KLC3,ALPP,AMBP,ANK3,ALS2,APOE,APOL1,AP3B1,ARF4,SCARF1,ARL1,ARRB1,ARRB2,DYNLL1,GBF1,AVPR2,RAB11A,SNAP23,SYNJ1,SYNJ2,WASL,CALM1,CALR,CAPZA1,CAPZB,KIFC2,CD4,SEC22C,RABEP1,CD36,SCARB1,SCARB2,HGS,CENPE,CFTR,CHM,TRIP10,CD163,VAMP3,EPS15L1,RAB9A,KIF3B,CLTC,CHMP2B,SEC24C,ITSN2,DYNLL2,PUM1,GGA1,CUX1,DNAJC6,DCTN1,KIAA0319,CHMP7,DNM1,DYNC1H1,DYNC1I1,DYNC1I2,DYNC1LI2,DNM2,AKT3,DVL2,VPS36,EXOC8,OPTN,ARFRP1,EGFR,DYNC1LI1,VPS28,DCTN4,RABEPK,EPS15,STAM2,UBAP1,TUBA1B,TUBB3,TUBB4A,TUBB4B,CHMP4C,DCTN2,VPS25,NAA38,RAB6B,NBAS,EXOC5,RAB3IP,FTH1,CHMP3,RAB7B,GALNT2,BLOC1S1,TUBA8,CHMP2A,TUBB6,GJA1,RAB10,GJA8,GJB2,YWHAQ,COPS5,GNS,GOLGA4,TUBA1C,GRB2,GRIA1,KIF3A,EXOC4,SNF8,EXOC3,GABARAP,GABARAPL2,MVB12A,SCOC,HPX,HSPA8,HSP90AA1,TRAPPC11,TUBB8,INS,TUBB2B,KIF2A,KIF5A,KIF5B,KLC1,KIF11,KIFC1,KIF25,LRP1,MAN2A2,MAN2A1,RAB8A,MSR1,CHMP4A,MYH9,MYO5A,MYO6,NEDD8,OCRL,PAFAH1B1,PAFAH1B2,PIK3C2A,EPN1,EXOC6,UBQLN2,FNBP1L,RAB5A,RAB6A,RAB13,RAC1,VPS37C,CHMP6,CHMP4B,VPS37B,TUBAL3,TUBA3E,RPS27A,SEC13,TRAPPC2,VPS37A,STAB2,COPG1,ITSN1,SLC2A4,KIFAP3,NECAP2,EXOC1,EXOC2,FNBP1,SPTA1,SPTAN1,SPTB,SRC,STAB1,SCFD1,EXOC7,TUBA3D,PIP5K1C,TFRC,RHOQ,TJP1,HSP90B1,TSC1,TSG101,RABGAP1,ARFIP2,TUBA4A,TUBB2A,TUBB1,UBA52,UBB,UBC,WNT5A,KLC2,YWHAB,YWHAE,YWHAG,YWHAH,YWHAZ,TUBA1A,TRAPPC6B,RAB7A,MAP1LC3B,VPS37D,MVB12B,STAM,KLC4",True,224
Pathway,MM15331,REACTOME_COMPLEX_I_BIOGENESIS,Reactome Pathways,4.21e-05,0.1556,0.0002409,0.002118,31,65,"NDUFA13,HSCB,HSPA9,ACAD9,MT-ND1,MT-ND2,MT-ND4,MT-ND5,NDUFA2,NDUFA3,NDUFA5,NDUFA8,NDUFA9,NDUFA10,NDUFAB1,NDUFB3,NDUFB4,NDUFB7,NDUFB8,NDUFB9,NDUFS1,NDUFS2,NDUFS3,NDUFV1,NDUFS8,NDUFV2,NDUFAF5,NDUFS7,NUBPL,NDUFAF6,NDUFA12",True,31
Pathway,M47676,KEGG_MEDICUS_VARIANT_MUTATION_CAUSED_ABERRANT_HTT_TO_MGLUR5_CA2_APOPTOTIC_PATHWAY,KEGG Medicus Pathways,4.278e-05,0.1582,0.0002433,0.002139,15,23,"SLC25A4,SLC25A5,SLC25A6,CASP3,GNAQ,GRM5,HTT,CYCS,PLCB2,PLCB3,PLCB4,PLCB1,VDAC1,VDAC2,VDAC3",True,15
Pathway,M913,REACTOME_NEPHRIN_FAMILY_INTERACTIONS,Reactome Pathways,4.278e-05,0.1582,0.0002433,0.002139,15,23,"ACTN4,ACTN1,ACTN2,CASK,IQGAP1,WASL,FYN,NPHS1,PIK3CA,PIK3CB,PIK3R1,PIK3R2,SPTAN1,CD2AP,NPHS2",True,15
Pathway,M41723,REACTOME_RHOBTB2_GTPASE_CYCLE,Reactome Pathways,4.278e-05,0.1582,0.0002433,0.002139,15,23,"ACTN1,CUL3,CCT6A,DBN1,SRRM1,CCT7,CCT2,RBMX,HNRNPC,HSP90AA1,HSP90AB1,MYO6,PHIP,TRA2B,DDX39B",True,15
Pathway,M29824,REACTOME_RESPONSE_OF_MTB_TO_PHAGOCYTOSIS,Reactome Pathways,4.278e-05,0.1582,0.0002433,0.002139,15,23,"HGS,ENO1,CORO1A,KPNA1,PGK1,MAPK1,MAPK3,RAB5A,TRIM27,RPS27A,SFPQ,UBA52,UBB,UBC,RAB7A",True,15
Pathway,MM14985,REACTOME_TRANSPORT_OF_SMALL_MOLECULES,Reactome Pathways,4.611e-05,0.1705,0.0002618,0.002302,208,668,"ABCA1,ABCB7,ABCF1,ABCA4,MRS2,ACO1,CYGB,ADD3,AP2A1,AP2A2,AP2B1,SLC25A11,ALB,SLC25A4,SLC25A5,SLC26A9,APOE,ARL2,SLC17A8,ATP12A,SLC4A4,ATP1A4,ATP2A1,ATP4A,ATP6V0A1,AVPR2,RAB11A,BSG,CA2,CA4,TRPA1,CALM1,CALM2,CALM3,CAMK2A,CAMK2B,CAMK2D,CAMK2G,SLC7A7,SLC7A6,SLC16A3,SCARB1,SLC24A1,CFTR,CLCA1,CLCN6,SLC24A2,LIPG,CLN3,CLTC,SLC4A7,SLC4A8,PMPCB,EIF2S3B,CLCA2,SLC25A10,CTNS,SLC36A1,FBXL5,SLC26A3,SLC25A18,SLC26A2,ABCB6,EIF2S1,EIF2S3,GNB4,CYB5R4,PSMD14,STOM,SLC41A2,FKBP1B,SLC9A6,LRRC8C,NPC2,GNB5,FTH1,CYB5R1,ATP8A2,GNG13,SLC26A1,OS9,GNAS,GNB1,GNB2,GNB3,GNG3,GNG4,GNG5,GNG7,GNG10,GNG11,GNGT1,GNGT2,SLC27A4,ADRM1,SLC7A9,ERLIN2,ABCB8,HFE,SLC5A7,HMOX1,HMOX2,IREB2,LCAT,SLC9A4,LIPC,GNG8,MB,TRPM1,SLC27A6,FLVCR1,NEDD8,NPC1,SLC11A2,SLC5A8,PCSK5,SLC26A4,GNG2,ABCB4,STOML3,DERL1,SLC40A1,PRKACA,PRKACB,PRKAR1A,PRKAR1B,BEST2,PSMC1,PSMC5,PSMD2,PSMD3,PSMD13,SLC66A1,PEX19,RAF1,ANO1,LRRC8D,SLC25A22,RNF5,STEAP3,CYBRD1,SLC35C1,RPS27A,RYR1,RYR2,STOML2,LRRC8E,CLCA4,SKP1,SLC1A1,SLC1A2,SLC1A3,SLC4A3,SLC1A5,SLC2A1,SLC2A2,SLC2A3,SLC2A4,SLC3A1,SLC3A2,SLC6A1,SLC6A11,SLC6A13,SLC7A1,SLC8A1,SLC9A1,SLC9A2,SLC9A3,SLC9A5,SLC12A1,SLC12A2,SLC12A3,SLC20A1,SLC20A2,SLC46A1,APOBR,SLC39A8,GNG12,PMPCA,ABCG5,SLC9A8,NEDD4L,ESYT1,ATP13A2,TFR2,TFRC,SLC7A8,LRRC8A,LRRC8B,SLC7A10,SLC16A8,ARL2BP,TRPC6,ANO5,UBA52,UBB,UBC,VCP,BEST1,TRPV1,SLC30A5,SLC26A6,SLC27A1,ANO2,RHBG,SLC44A2,MCOLN1,SLC7A5",True,208
Pathway,M41814,REACTOME_RHOG_GTPASE_CYCLE,Reactome Pathways,4.809e-05,0.1778,0.0002724,0.002395,34,74,"ARHGAP1,ARHGDIA,STBD1,CAV1,CDC42,VAPB,VAMP3,DOCK4,DOCK1,PAK4,CDC42EP1,HSPE1,ITGB1,MPP7,LBR,MCAM,MCF2,NDUFA5,NDUFS3,OPHN1,PAK2,PIK3R1,LAMTOR1,ITSN1,SHMT2,ELMO2,DEPDC1B,ESYT1,ARHGAP39,TFRC,TMPO,RAB7A,DIAPH3,VANGL1",True,34
Pathway,M27820,REACTOME_GENE_AND_PROTEIN_EXPRESSION_BY_JAK_STAT_SIGNALING_AFTER_INTERLEUKIN_12_STIMULATION,Reactome Pathways,4.811e-05,0.1779,0.0002724,0.002395,21,38,"ANXA2,CAPZA1,AIP,CDC42,HNRNPDL,HNRNPA2B1,HNRNPF,HSPA9,IFNG,IL10,LMNB1,MSN,MTAP,PAK2,PITPNA,PPIA,SNRPA1,SOD1,SOD2,TALDO1,TCP1",True,21
Pathway,MM15687,REACTOME_SENSORY_PERCEPTION,Reactome Pathways,5.267e-05,0.1947,0.0002977,0.002618,71,190,"ABCA4,APOE,RDH16,HSD17B6,RGS9,OPN1SW,CALM1,CALM2,CALM3,LRAT,DHRS3,NMT2,CNGB1,CNGA1,TAS2R4,TAS2R16,TAS2R1,RDH10,BCO2,RDH11,DHRS9,OPN1MW3,FNTA,FNTB,GNB5,GNAT3,GNG13,GNAL,GNAT1,GNB1,GNB3,GNGT1,METAP2,GRK4,GUCA1A,GUCA1B,GUCY2F,GUCY2D,AWAT2,RGS9BP,LRP1,BCO1,CHURC1-FNTB,MYO7A,NMT1,OR2C1,PDE6G,PDE6B,PPEF1,TAS2R38,RBP1,RBP2,RBP3,RBP4,OPN1LW,RCVRN,RDH5,RDH12,RHO,GRK1,RLBP1,RPE65,SAG,SDC1,SDR9C7,METAP1,STRA6,CYP4V2,AGRN,TTR,AKR1B10",True,71
Pathway,M27157,REACTOME_THE_RETINOID_CYCLE_IN_CONES_DAYLIGHT_VISION,Reactome Pathways,5.357e-05,0.1981,0.0002992,0.002631,7,7,"OPN1SW,DHRS3,OPN1MW,AWAT2,RBP3,OPN1LW,RLBP1",True,7
Pathway,M47896,KEGG_MEDICUS_REFERENCE_PKA_HOLOENZYME,KEGG Medicus Pathways,5.357e-05,0.1981,0.0002992,0.002631,7,7,"PRKACA,PRKACB,PRKACG,PRKAR1A,PRKAR1B,PRKAR2A,PRKAR2B",True,7
Pathway,M27899,REACTOME_LOSS_OF_MECP2_BINDING_ABILITY_TO_THE_NCOR_SMRT_COMPLEX,Reactome Pathways,5.357e-05,0.1981,0.0002992,0.002631,7,7,"HDAC3,NCOR1,NCOR2,GPS2,MECP2,TBL1XR1,TBL1X",True,7
Pathway,MM15217,REACTOME_RHO_GTPASES_ACTIVATE_CIT,Reactome Pathways,5.357e-05,0.1981,0.0002992,0.002631,7,7,"RHOA,RHOB,RHOC,PRC1,KIF14,DLG4,RAC1",True,7
Pathway,MM15231,REACTOME_FRUCTOSE_METABOLISM,Reactome Pathways,5.357e-05,0.1981,0.0002992,0.002631,7,7,"ALDH1A1,ALDOB,AKR1B1,GLYCTK,TKFC,KHK,SORD",True,7
Pathway,M27506,REACTOME_FRUCTOSE_METABOLISM,Reactome Pathways,5.357e-05,0.1981,0.0002992,0.002631,7,7,"ALDH1A1,ALDOB,AKR1B1,GLYCTK,TKFC,KHK,SORD",True,7
Pathway,M47608,KEGG_MEDICUS_REFERENCE_HEPARAN_SULFATE_DEGRADATION,KEGG Medicus Pathways,5.357e-05,0.1981,0.0002992,0.002631,7,7,"GNS,GUSB,IDS,IDUA,NAGLU,SGSH,HGSNAT",True,7
Pathway,M47505,KEGG_MEDICUS_REFERENCE_CASR_PTH_SIGNALING_PATHWAY,KEGG Medicus Pathways,5.357e-05,0.1981,0.0002992,0.002631,7,7,"CASR,GNAQ,PLCB2,PLCB3,PLCB4,PTH,PLCB1",True,7
Pathway,M41830,REACTOME_CYTOPROTECTION_BY_HMOX1,Reactome Pathways,5.424e-05,0.2005,0.0003024,0.002659,29,60,"ALB,BLVRB,HDAC3,COX5A,COX4I1,COX5B,COX6A1,COX8A,SIN3A,CREBBP,NCOR1,NCOR2,TXNIP,HMOX1,HMOX2,MT-CO1,MT-CO2,MT-CO3,NDUFA4,NFE2L2,CYCS,MED1,TBL1XR1,STAT3,TBL1X,SIN3B,HIGD1C,HM13,NLRP3",True,29
Pathway,MM14695,REACTOME_SIGNALING_BY_EGFR,Reactome Pathways,5.667e-05,0.2095,0.0003155,0.002774,25,49,"AAMP,ARHGEF7,HGS,CDC42,EPS15L1,CSK,EGFR,EPS15,STAM2,GAB1,GRB2,HRAS,KRAS,PIK3CA,PIK3R1,PLCG1,EPN1,PTPN3,RPS27A,SOS1,SRC,UBA52,UBB,UBC,STAM",True,25
Pathway,MM15166,REACTOME_MITOPHAGY,Reactome Pathways,5.838e-05,0.2158,0.0003246,0.002854,22,41,"TOMM5,TOMM20,TOMM70,TOMM6,OPTN,TOMM40,MAP1LC3A,TBK1,PRKN,TOMM7,RPS27A,SRC,UBA52,UBB,UBC,UBE2D2,UBE2D3,VDAC1,VDAC2,VDAC3,TOMM22,MAP1LC3B",True,22
Pathway,M1077,REACTOME_PLATELET_ACTIVATION_SIGNALING_AND_AGGREGATION,Reactome Pathways,6.249e-05,0.231,0.0003469,0.00305,92,261,"SERPINA3,AAMP,ACTN4,ACTN1,ACTN2,ADRA2A,ADRA2B,AKT1,ALB,ALDOA,PIK3R3,RHOA,RHOB,ARRB1,ARRB2,CHID1,CALM1,CD36,CDC42,CLU,GNA14,CSK,ABHD12,PHACTR2,GNB4,FLNA,FN1,GNA13,GNB5,GNAT3,FYN,CYB5R1,GNG13,GAS6,GNA11,GNA12,GNA15,GNAI1,GNAI2,GNAI3,GNAQ,GNB1,GNB2,GNB3,GNG3,GNG4,GNG5,GNG7,GNG10,GNG11,GNGT1,GNGT2,RAPGEF4,GRB2,HSPA5,LCK,GNG8,GNG2,PFN1,PIK3CA,PIK3CB,PIK3CG,PIK3R1,PIK3R2,PLCG2,PLEK,PPIA,PRKCA,PRKCB,PRKCG,PRKCZ,MAPK1,MAPK3,PROS1,RAC1,RAC2,RAF1,HABP4,SOD1,SOS1,SRC,GNG12,TBXA2R,TGFB1,THBS1,TIMP3,TRPC6,TTN,TUBA4A,VWF,P2RY12,YWHAZ",True,92
Pathway,MM15225,REACTOME_HEDGEHOG_ON_STATE,Reactome Pathways,6.348e-05,0.2347,0.0003519,0.003094,32,69,"GRK2,SPOP,CUL3,ARRB1,ARRB2,RBX1,EVC2,PSMD14,EVC,SUFU,GLI1,GLI2,GLI3,ADRM1,KIF3A,SPOPL,PSMC1,PSMC5,PSMD2,PSMD3,PSMD13,PTCH1,KIF7,RPS27A,SHH,DZIP1,SMO,GPR161,UBA52,UBB,UBC,SMURF1",True,32
Pathway,M29840,REACTOME_ANTI_INFLAMMATORY_RESPONSE_FAVOURING_LEISHMANIA_PARASITE_INFECTION,Reactome Pathways,6.54e-05,0.2418,0.0003619,0.003182,53,133,"ADCY1,ADCY2,ADCY3,ADCY5,ADCY6,ADCY7,ADCY8,ADCY9,ADCY4,CALM1,CD163,CREB1,GNB4,FCGR1A,FCGR3A,GNB5,GNAT3,FYN,AHCYL1,GNG13,GNAI1,GNAI2,GNAI3,GNAS,GNAZ,GNB1,GNB2,GNB3,GNG3,GNG4,GNG5,GNG7,GNG10,GNG11,GNGT1,GNGT2,IL6,IL10,GNG8,MYH9,GNG2,PLCG1,PLCG2,PRKACA,PRKACB,PRKACG,PRKAR1A,PRKAR1B,PRKAR2A,PRKAR2B,SRC,GNG12,ADAM17",True,53
Pathway,M47923,KEGG_MEDICUS_REFERENCE_DEUBIQUITINATION_OF_H2AK119,KEGG Medicus Pathways,6.69e-05,0.2473,0.0003697,0.003251,16,26,"BAP1,OGT,CBX4,BMI1,PHC1,PHC2,CBX2,HCFC1,RING1,RNF2,PHC3,SCMH1,CBX7,ASXL1,PCGF2,CBX8",True,16
Pathway,M47863,KEGG_MEDICUS_REFERENCE_ASSEMBLY_AND_TRAFFICKING_OF_TELOMERASE,KEGG Medicus Pathways,6.739e-05,0.2491,0.0003718,0.00327,13,19,"RUVBL1,CCT6A,CCT7,CCT4,CCT2,CCT6B,CCT8,RUVBL2,NHP2,CCT5,TCP1,TERT,CCT3",True,13
Pathway,MM14520,REACTOME_SIGNALING_BY_ERBB2,Reactome Pathways,6.846e-05,0.2531,0.0003772,0.003317,23,44,"AKT1,AKT2,RHOA,DIAPH1,AKT3,MEMO1,EGFR,ERBB2,STUB1,FYN,GAB1,GRB2,HRAS,HSP90AA1,KRAS,PIK3CA,PIK3R1,RPS27A,SOS1,SRC,UBA52,UBB,UBC",True,23
Pathway,M735,REACTOME_NEURONAL_SYSTEM,Reactome Pathways,7.442e-05,0.2751,0.0004094,0.0036,135,411,"KCNH8,ACTN2,ADCY1,ADCY2,ADCY3,ADCY5,ADCY6,ADCY7,ADCY8,ADCY9,AP2A1,AP2A2,AP2B1,KIF17,ADCY4,EPB41L5,CAMK1,CASK,ARHGEF7,CALM1,CAMK4,CAMK2A,CAMK2B,CAMK2D,CAMK2G,KCNQ4,NRXN1,NRXN2,CREB1,DLG4,GNB4,FLOT1,EPB41,NCALD,RTN3,CACNG2,TUBA1B,TUBB3,TUBB4A,TUBB4B,ARL6IP5,GNB5,GNAT3,GABBR1,GABRA1,GABRA5,GABRB1,GABRG2,GABRR1,GABRR2,GAD2,GNG13,TUBA8,TUBB6,GLUL,GNAI1,GNAI2,GNAI3,GNAL,GNB1,GNB2,GNB3,GNG3,GNG4,GNG5,GNG7,GNG10,GNG11,GNGT1,GNGT2,TUBA1C,GRIA1,GRM1,GRM5,KCNG4,SLC5A7,HRAS,HSPA8,TUBB8,TUBB2B,KCNJ3,KCNJ5,KCNJ10,KCNK2,KCNMA1,KPNA2,KRAS,GNG8,MDM2,GIT1,MYO6,NEFL,NRAS,GNG2,LRFN4,PLCB2,PLCB3,PRKACA,PRKACB,PRKACG,PRKAR1A,PRKAR1B,PRKAR2A,PRKAR2B,PRKCA,PRKCB,PRKCG,MAPK1,MAPK3,KCNV2,RAC1,TUBAL3,TUBA3E,SLC1A1,SLC1A2,SLC1A3,SLC6A1,SLC6A11,SLC6A13,DNAJC5,RIMS1,SNAP25,SRC,STX1A,GNG12,PLCB1,TUBA3D,KCNG3,GRIP1,TUBA4A,TUBB2A,TUBB1,TUBA1A,KCNK17,ALDH5A1",True,135
Pathway,MM15307,REACTOME_POST_TRANSLATIONAL_PROTEIN_MODIFICATION,Reactome Pathways,7.581e-05,0.2803,0.0004165,0.003662,402,1396,"SEH1L,USP9X,SMC1A,ACTB,TRRAP,MYSM1,GALNT13,BAP1,H2AC18,H2AC20,ADRB2,KLHL13,KLHL42,ALB,TTLL10,ALPP,WDR48,CUL3,AMELX,AMELY,OGT,LEO1,RAE1,BIRC3,CBX4,APOE,APOL1,PIAS1,AR,ARF4,RHOA,ARRB1,ARRB2,ARSB,RUVBL1,PSMG1,DYNLL1,B4GALT3,B4GALT2,MBTPS1,GBF1,RAB11A,BARD1,DPM1,DPM2,BMI1,FCSK,KAT2B,BRCA1,CALM1,CALM2,CALM3,CALR,CANX,SOCS3,CAPZB,PIAS2,CCNF,USP14,USP10,SEC22C,SMC3,HGS,CDC20,LARGE1,CETN2,CFTR,CHM,RAB9A,MUC17,ASB6,CHST10,MPDU1,B3GALNT2,SIN3A,BABAM2,CSF1,NUP155,SEC24C,IKBKE,TTLL4,NUS1,UBXN7,DYNLL2,CST3,CTBP1,NUP93,CCP110,HDAC4,DAG1,TOMM20,DAXX,KEAP1,NUP58,DBT,DCTN1,DDB1,DDX5,FBXL5,KLHL3,TOMM70,POM121,FBXO9,KLHL21,WDR20,DLAT,DLST,GFPT2,USP15,DYNC1H1,DYNC1I1,NUP153,DYNC1I2,DYNC1LI2,RBX1,RCE1,DPAGT1,DPH2,L3MBTL2,UBA2,SAE1,PHC1,PHC2,EEF1A1,EEF2,DYNC1LI1,ALG3,PSME3,DCTN4,TOPORS,PSMD14,EP300,DCAF7,STAM2,SUMO4,ETFB,KLHL41,F9,KBTBD7,TUBA1B,TUBB3,TUBB4A,TUBB4B,PIAS3,FCGR3A,FCGR3B,FDX1,MCRS1,POMK,UBE2E3,DDX17,FN1,UBD,DCTN2,POMT1,POM121C,RAB6B,USP16,PIAS4,NOP58,DPH5,TTLL11,B3GNT2,RAB7B,NUB1,FUCA1,STAG2,RAB23,NUP50,FBXO40,GALNT2,GALNT3,INO80C,KBTBD8,GAS6,KAT2A,GCNT1,TUBA8,GFPT1,KLHL20,GGCX,B4GALT1,TUBB6,RAB10,ST6GAL2,GLB1,UBE2S,COPS5,SPSB2,CBX2,B4GAT1,ADRM1,TUBA1C,UBE2C,GRIA1,WDR5,NUP42,KLHL22,POMGNT2,FBXL20,HCFC1,HDAC1,KLHL2,MGAT4B,HIF1A,HK1,PARK7,MGAT4A,U2AF2,HNRNPC,HNRNPK,ALG14,HSPA8,IL6,INS,TUBB2B,ACTR8,MUC16,SMAD4,MAN2A2,MAN2A1,MDM2,RAB8A,NUP54,MEN1,MFGE8,MGAT1,MGAT2,MGAT5,RAB40AL,MITF,MPI,HIPK2,MDGA1,MVD,MYC,NDUFAB1,NEDD8,RAB24,NFE2L2,NFKBIA,NPM1,NUP88,NUP98,NUP43,PRKN,DPM3,PGM3,PGR,SENP1,TFPT,NUP37,ALG5,ALG8,GMPPB,GMPPA,ALG6,ALG12,PML,PMM1,PMM2,POMT2,LARGE2,DERL1,MXRA8,BRCC3,DCAF10,TTLL6,PRKDC,PROS1,PSMC1,PSMC5,PSMD2,PSMD3,PSMD13,PTEN,INO80D,RAB5A,RAB6A,RAB13,RAD23A,RAD23B,RANBP2,RANGAP1,RARA,SRD5A3,RBBP5,GALNT12,RELA,TRIM27,TTLL7,RING1,KLHL11,RNF2,UBA6,OGFOD1,RORA,TUBAL3,ALG13,NUP85,RPS2,SLC35C1,DHDDS,RPS23,RPS27A,PHC3,SATB1,ATXN7,ADAMTS20,SEC13,TRAPPC2,NAGK,COPG1,DOLK,POMGNT1,SKP1,NPLOC4,ARSG,NUP35,NDC1,KIN,SCMH1,NUP133,SUMO2,TNKS2,SP100,SPTA1,SPTAN1,TTLL5,SPTB,NUP205,NOD2,KLHL9,SUMF1,NUP210,DPH3,ADAMTS18,SCFD1,NUP160,ALG1,OTOA,TUBA3D,TECTB,MUC5B,TDG,HIF3A,TGFBR1,THBS1,KLHL25,THRB,ICMT,NUP188,TOP1,TP53,TP53BP1,TPR,ASXL1,HSP90B1,TRAF3,HNRNPCL1,NUP62,TUBA4A,TUBB2A,TUBB1,UBA52,UBB,UBC,UBA1,UBE2D1,UBE2D2,UBE2D3,UBE2E1,UBE2I,SPACA4,SUMO1,UFD1,USP4,FKBP8,VCP,VDAC1,VDAC2,VDAC3,KCTD7,WFS1,GNPNAT1,MUC13,PCGF2,ANKRD9,TULP4,TUBA1A,TRAPPC6B,USP7,RAB7A,NUP107,DOLPP1,NUP214,STAM,NLRP3,USP5,AAAS,GAN,CBX8",True,402
Pathway,M19708,KEGG_TYPE_II_DIABETES_MELLITUS,KEGG Legacy Pathways,7.809e-05,0.2887,0.0004283,0.003766,24,47,"PIK3R3,SOCS1,SOCS3,GCK,HK1,HK2,HK3,INS,PIK3CA,PIK3CB,PIK3CD,PIK3CG,PIK3R1,PIK3R2,PKLR,PKM,PRKCZ,MAPK1,MAPK3,MAPK8,MAPK9,SLC2A2,SLC2A4,TNF",True,24
Pathway,MM15272,REACTOME_MAP2K_AND_MAPK_ACTIVATION,Reactome Pathways,8.021e-05,0.2965,0.0004393,0.003862,21,39,"ACTB,ARAF,ARRB1,ARRB2,IQGAP1,KSR1,BRAF,CSK,FN1,WDR83,HRAS,KRAS,PEBP1,MAPK1,MAPK3,MAP2K1,MAP2K2,RAF1,SRC,VWF,YWHAB",True,21
Pathway,M5872,KEGG_STEROID_BIOSYNTHESIS,KEGG Legacy Pathways,8.178e-05,0.3023,0.0004466,0.003926,12,17,"CYP51A1,NSDHL,DHCR7,DHCR24,FDFT1,HSD17B7,EBP,LSS,MSMO1,SC5D,SQLE,TM7SF2",True,12
Pathway,M47514,KEGG_MEDICUS_VARIANT_MUTATION_ACTIVATED_PRKACA_TO_ACTH_CORTISOL_SIGNALING_PATHWAY,KEGG Medicus Pathways,8.178e-05,0.3023,0.0004466,0.003926,12,17,"ATF4,CREB3L4,CREB3L1,CREB1,ATF2,ATF6B,CREB5,CREB3,CREB3L3,PRKACA,SP1,CREB3L2",True,12
Pathway,M27077,REACTOME_SIGNALING_BY_VEGF,Reactome Pathways,8.67e-05,0.3205,0.0004727,0.004157,44,106,"AAMP,ACTB,AKT1,AKT2,RHOA,AXL,CALM1,CAV1,CDC42,CDH5,ROCK2,CTNNB1,ELMO1,DOCK1,AKT3,ABI2,FYN,AHCYL1,NCKAP1,HRAS,HSPB1,HSP90AA1,JUP,KRAS,NRAS,PAK1,PAK2,PAK3,PIK3CA,PIK3CB,PIK3R1,PIK3R2,PLCG1,PRKACA,PRKACB,PRKACG,PRKCA,PRKCB,PRKCZ,RAC1,RASA1,ROCK1,ELMO2,SRC",True,44
Pathway,M38995,REACTOME_RAS_PROCESSING,Reactome Pathways,8.816e-05,0.3259,0.00048,0.004221,15,24,"ARL2,CALM1,RCE1,FNTA,FNTB,HRAS,KRAS,NRAS,PDE6D,PRKG2,RPS27A,ICMT,UBA52,UBB,UBC",True,15
Pathway,M27556,REACTOME_RAF_ACTIVATION,Reactome Pathways,8.987e-05,0.3323,0.0004886,0.004296,19,34,"ARAF,KSR1,BRAF,CALM1,CAMK2A,CAMK2B,CAMK2D,CAMK2G,HRAS,JAK2,KRAS,NRAS,PPP1CB,PPP1CC,MAP2K1,MAP2K2,RAF1,SRC,YWHAB",True,19
Pathway,M27497,REACTOME_HEDGEHOG_ON_STATE,Reactome Pathways,9.182e-05,0.3395,0.0004961,0.004362,33,73,"GRK2,SPOP,CUL3,ARRB1,ARRB2,RBX1,EVC2,PSMD14,EVC,SUFU,EFCAB7,GLI1,GLI2,GLI3,ADRM1,KIF3A,SPOPL,PSMC1,PSMC5,PSMD2,PSMD3,PSMD13,PTCH1,KIF7,RPS27A,SHH,DZIP1,SMO,GPR161,UBA52,UBB,UBC,SMURF1",True,33
Pathway,MM17242,REACTOME_MALATE_ASPARTATE_SHUTTLE,Reactome Pathways,9.245e-05,0.3418,0.0004961,0.004362,8,9,"SLC25A11,SLC25A12,SLC25A18,SLC25A13,GOT1,GOT2,MDH2,SLC25A22",True,8
Pathway,M27814,REACTOME_REGULATION_OF_PTEN_LOCALIZATION,Reactome Pathways,9.245e-05,0.3418,0.0004961,0.004362,8,9,"NEDD4,PML,PTEN,RPS27A,UBA52,UBB,UBC,USP7",True,8
Pathway,M47391,KEGG_MEDICUS_VARIANT_MUTATION_ACTIVATED_KRAS_NRAS_TO_PI3K_SIGNALING_PATHWAY,KEGG Medicus Pathways,9.245e-05,0.3418,0.0004961,0.004362,8,9,"AKT1,AKT2,AKT3,KRAS,NRAS,PIK3CA,PIK3CB,PIK3CD",True,8
Pathway,M27302,REACTOME_ADRENOCEPTORS,Reactome Pathways,9.245e-05,0.3418,0.0004961,0.004362,8,9,"ADRA1D,ADRA1B,ADRA1A,ADRA2A,ADRA2B,ADRB1,ADRB2,ADRB3",True,8
Pathway,M48269,REACTOME_MALATE_ASPARTATE_SHUTTLE,Reactome Pathways,9.245e-05,0.3418,0.0004961,0.004362,8,9,"SLC25A11,SLC25A12,SLC25A18,SLC25A13,GOT1,GOT2,MDH2,SLC25A22",True,8
Pathway,M47621,KEGG_MEDICUS_REFERENCE_GLYCOGEN_DEGRADATION,KEGG Medicus Pathways,9.245e-05,0.3418,0.0004961,0.004362,8,9,"AGL,G6PC2,G6PC3,PGM1,PYGB,PYGL,PYGM,PGM2",True,8
Pathway,M29819,REACTOME_PREVENTION_OF_PHAGOSOMAL_LYSOSOMAL_FUSION,Reactome Pathways,9.245e-05,0.3418,0.0004961,0.004362,8,9,"HGS,CORO1A,RAB5A,RPS27A,UBA52,UBB,UBC,RAB7A",True,8
Pathway,MM15009,REACTOME_ADRENOCEPTORS,Reactome Pathways,9.245e-05,0.3418,0.0004961,0.004362,8,9,"ADRA1D,ADRA1B,ADRA1A,ADRA2A,ADRA2B,ADRB1,ADRB2,ADRB3",True,8
Pathway,M48037,REACTOME_PKR_MEDIATED_SIGNALING,Reactome Pathways,9.342e-05,0.3454,0.0005006,0.004401,34,76,"MAVS,FANCM,ARIH1,DHX9,EIF2S1,EIF2S3,TUBA1B,TUBB3,TUBB4A,TUBB4B,TUBA8,TUBB6,TUBA1C,HSPA1A,HSPA1B,HSPA8,ILF2,ILF3,TUBB8,TUBB2B,NPM1,TUBAL3,TUBA3E,SNCA,STAT1,STAT3,TUBA3D,TP53,TUBA4A,TUBB2A,TUBB1,UBE2I,SUMO1,TUBA1A",True,34
Pathway,M27948,REACTOME_ACTIVATION_OF_AMPK_DOWNSTREAM_OF_NMDARS,Reactome Pathways,9.41e-05,0.3479,0.0005035,0.004427,17,29,"CALM1,TUBA1B,TUBB3,TUBB4A,TUBB4B,TUBA8,TUBB6,TUBA1C,TUBB8,TUBB2B,TUBAL3,TUBA3E,TUBA3D,TUBA4A,TUBB2A,TUBB1,TUBA1A",True,17
Pathway,M16743,KEGG_TYROSINE_METABOLISM,KEGG Legacy Pathways,9.43e-05,0.3486,0.0005038,0.00443,22,42,"ADH1A,ADH1B,ADH1C,ADH4,ADH5,ADH6,ADH7,ALDH1A3,AOC2,AOX1,AOC3,METTL6,DCT,GOT1,GOT2,HPD,MAOB,IL4I1,TAT,TH,TYR,BUD23",True,22
Pathway,M29701,REACTOME_CONSTITUTIVE_SIGNALING_BY_EGFRVIII,Reactome Pathways,9.575e-05,0.354,0.0005101,0.004485,11,15,"EGFR,GAB1,GRB2,HRAS,HSP90AA1,KRAS,NRAS,PIK3CA,PIK3R1,PLCG1,SOS1",True,11
Pathway,M27413,REACTOME_WNT5A_DEPENDENT_INTERNALIZATION_OF_FZD4,Reactome Pathways,9.575e-05,0.354,0.0005101,0.004485,11,15,"FZD4,AP2A1,AP2A2,AP2B1,ARRB2,CLTC,DVL2,PRKCA,PRKCB,PRKCG,WNT5A",True,11
Pathway,MM14472,REACTOME_HEMOSTASIS,Reactome Pathways,0.0001038,0.3837,0.0005521,0.004854,179,571,"KIF18A,SERPINA3,AAMP,ACTN4,ACTN1,ACTN2,ADRA2A,ADRA2B,AKT1,ALB,ALDOA,KLC3,ANXA2,PIK3R3,RHOA,RHOB,ARRB1,ARRB2,PDE5A,CHID1,ATP2A1,TNFRSF10B,TNFRSF10A,BSG,CALM1,CALM2,CALM3,CAPZB,CAV1,SLC7A7,SLC7A6,KIFC2,SLC16A3,CD36,CD47,CDC42,CENPE,KIF3B,CLU,SH2B1,GNA14,CSK,ABHD12,DOCK4,PHACTR2,SIRPA,F11R,PDE11A,DOCK1,GNB4,F9,F11,F12,TUBA1B,TUBB3,TUBB4A,TUBB4B,MERTK,FLNA,FN1,GNA13,GNB5,GNAT3,FYN,CYB5R1,GNG13,GAS6,PDE10A,TUBA8,TUBB6,EHD1,GNA11,GNA12,GNA15,GNAI1,GNAI2,GNAI3,GNAQ,GNAS,GNB1,GNB2,GNB3,GNG3,GNG4,GNG5,GNG7,GNG10,GNG11,GNGT1,GNGT2,TUBA1C,RAPGEF4,GRB2,GRB14,KIF3A,SLC7A9,H3-3A,H3-3B,HDAC1,HRAS,TUBB2B,ITGA4,ITGAM,ITGAX,ITGB1,JAK2,KIF2A,KIF5A,KIF5B,KLKB1,KLC1,KIF11,KIFC1,KRAS,LCK,MAFG,GNG8,P2RX4,PDE1A,PDE2A,PDE9A,PDE1B,GNG2,PIK3CA,PIK3CB,PIK3CG,PIK3R1,PIK3R2,PLCG1,PLCG2,PLEK,PPIA,PRKACA,PRKACB,PRKAR1A,PRKAR1B,PRKCB,PRKCG,PRKG1,MAPK1,MAPK3,PROS1,RAB5A,RAC1,RAC2,RAD51B,RAF1,TUBAL3,SDC1,SLC3A2,KIFAP3,HABP4,SLC8A1,SOD1,SOS1,SRC,RCOR1,GNG12,TBXA2R,TUBA3D,TGFB1,SLC7A8,THBS1,TIMP3,SLC7A10,SLC16A8,TRPC6,TUBA4A,TUBB2A,TUBB1,PPIL2,MAFF,VWF,P2RY12,KLC2,YWHAZ,TUBA1A,KLC4,SLC7A5",True,179
Pathway,M814,REACTOME_PURINE_SALVAGE,Reactome Pathways,0.0001062,0.3925,0.0005614,0.004936,10,13,"ADA,ADK,AMPD1,AMPD2,AMPD3,APRT,DCK,GMPR,HPRT1,PNP",True,10
Pathway,MM15438,REACTOME_PURINE_SALVAGE,Reactome Pathways,0.0001062,0.3925,0.0005614,0.004936,10,13,"ADA,ADK,AMPD1,AMPD2,AMPD3,APRT,DCK,GMPR,HPRT1,PNP",True,10
Pathway,M47594,KEGG_MEDICUS_REFERENCE_EGF_EGFR_RAS_JNK_SIGNALING_PATHWAY,KEGG Medicus Pathways,0.0001062,0.3925,0.0005614,0.004936,10,13,"EGFR,GRB2,HRAS,KRAS,MAP3K1,NRAS,MAPK8,MAPK9,SOS1,SOS2",True,10
Pathway,MM15361,REACTOME_MITOTIC_PROPHASE,Reactome Pathways,0.0001063,0.393,0.0005614,0.004936,46,113,"SEH1L,H2AC18,H2AC20,RAE1,BANF1,RBM39,NUP155,LPIN2,NUP93,NUP58,NEK9,POM121,NUP153,POM121C,NUP50,NUP42,H2AX,H3-3A,H3-3B,LMNA,LMNB1,NUP54,NUP88,NUP98,NUP43,NUP37,PLK1,PRKCB,MAPK1,MAPK3,RANBP2,MCPH1,NUP85,SEC13,NUP35,NDC1,NUP133,NUP205,NUP210,NUP160,NUP188,TPR,NUP62,NUP107,NUP214,AAAS",True,46
Pathway,M47820,KEGG_MEDICUS_REFERENCE_PURINE_SALVAGE_PATHWAY_HYPOXANTHINE_GUANINE_TO_IMP_GMP,KEGG Medicus Pathways,0.0001077,0.398,0.0005614,0.004936,9,11,"NT5C1A,NT5C1B,HPRT1,NT5C1B-RDH14,PNP,NT5E,NT5C,NT5C2,NT5M",True,9
Pathway,M47819,KEGG_MEDICUS_REFERENCE_PURINE_SALVAGE_PATHWAY_ADENINE_TO_AMP,KEGG Medicus Pathways,0.0001077,0.398,0.0005614,0.004936,9,11,"APRT,NT5C1A,NT5C1B,NT5C1B-RDH14,PNP,NT5E,NT5C,NT5C2,NT5M",True,9
Pathway,MM15218,REACTOME_RHO_GTPASES_ACTIVATE_KTN1,Reactome Pathways,0.0001077,0.398,0.0005614,0.004936,9,11,"KLC3,RHOA,CDC42,KIF5A,KIF5B,KLC1,RAC1,KLC2,KLC4",True,9
Pathway,M42523,REACTOME_STAT3_NUCLEAR_EVENTS_DOWNSTREAM_OF_ALK_SIGNALING,Reactome Pathways,0.0001077,0.398,0.0005614,0.004936,9,11,"PRDM1,HDAC3,SIN3A,EP300,HDAC1,HDAC2,HIF1A,IL2RG,STAT3",True,9
Pathway,MM15405,REACTOME_ETHANOL_OXIDATION,Reactome Pathways,0.0001077,0.398,0.0005614,0.004936,9,11,"ADH1A,ADH1B,ADH1C,ADH4,ADH5,ADH7,ALDH1A1,ACSS1,ACSS2",True,9
Pathway,M27535,REACTOME_SIGNALING_BY_FGFR4_IN_DISEASE,Reactome Pathways,0.0001077,0.398,0.0005614,0.004936,9,11,"GAB1,GRB2,HRAS,KRAS,NRAS,PIK3CA,PIK3R1,PLCG1,SOS1",True,9
Pathway,M27490,REACTOME_RHO_GTPASES_ACTIVATE_KTN1,Reactome Pathways,0.0001077,0.398,0.0005614,0.004936,9,11,"KLC3,RHOA,CDC42,KIF5A,KIF5B,KLC1,RAC1,KLC2,KLC4",True,9
Pathway,M27317,REACTOME_FREE_FATTY_ACIDS_REGULATE_INSULIN_SECRETION,Reactome Pathways,0.0001077,0.398,0.0005614,0.004936,9,11,"CD36,GNA14,ACSL3,GNA11,GNA15,GNAQ,PLCB2,PLCB3,PLCB1",True,9
Pathway,MM15035,REACTOME_FREE_FATTY_ACIDS_REGULATE_INSULIN_SECRETION,Reactome Pathways,0.0001077,0.398,0.0005614,0.004936,9,11,"CD36,GNA14,ACSL3,GNA11,GNA15,GNAQ,PLCB2,PLCB3,PLCB1",True,9
Pathway,M47637,KEGG_MEDICUS_REFERENCE_KISS1_KISS1R_PLCB_PKC_SIGNALING_PATHWAY,KEGG Medicus Pathways,0.0001077,0.398,0.0005614,0.004936,9,11,"GNA11,GNAQ,PLCB2,PLCB3,PLCB4,PRKCA,PRKCB,PRKCG,PLCB1",True,9
Pathway,M41819,REACTOME_RHOV_GTPASE_CYCLE,Reactome Pathways,0.0001102,0.4075,0.0005739,0.005046,20,37,"USP9X,IQGAP1,ARHGEF7,WASL,CDC42,CLTC,CCP110,GIT2,PARD6A,PAK4,GIT1,PAK1,PAK2,PIK3R1,CEP97,DEPDC1B,SPTAN1,TPM3,PAK6,VANGL1",True,20
Pathway,M47690,KEGG_MEDICUS_VARIANT_MUTATION_CAUSED_ABERRANT_ABETA_TO_MGLUR5_CA2_APOPTOTIC_PATHWAY,KEGG Medicus Pathways,0.0001153,0.4262,0.0005985,0.005263,14,22,"SLC25A4,SLC25A5,SLC25A6,CASP3,GNAQ,GRM5,CYCS,PLCB2,PLCB3,PLCB4,PLCB1,VDAC1,VDAC2,VDAC3",True,14
Pathway,M47675,KEGG_MEDICUS_REFERENCE_MGLUR5_CA2_APOPTOTIC_PATHWAY,KEGG Medicus Pathways,0.0001153,0.4262,0.0005985,0.005263,14,22,"SLC25A4,SLC25A5,SLC25A6,CASP3,GNAQ,GRM5,CYCS,PLCB2,PLCB3,PLCB4,PLCB1,VDAC1,VDAC2,VDAC3",True,14
Pathway,M27646,REACTOME_PTEN_REGULATION,Reactome Pathways,0.0001176,0.4348,0.0006098,0.005362,50,126,"AKT1,AKT2,CBX4,BMI1,HDAC3,CHD3,CHD4,ATF2,AKT3,PHC1,PHC2,PSMD14,STUB1,EZH2,CBX2,ADRM1,WWP2,HDAC1,HDAC2,JUN,NEDD4,PML,PPARG,MAPK1,MAPK3,SLC38A9,PSMC1,PSMC5,PSMD2,PSMD3,PSMD13,PTEN,LAMTOR1,TRIM27,RHEB,RING1,RNF2,RPS27A,PHC3,SCMH1,TNKS2,RCOR1,NR2E1,TP53,MKRN1,UBA52,UBB,UBC,USP7,CBX8",True,50
Pathway,MM15416,REACTOME_ACTIVATION_OF_THE_MRNA_UPON_BINDING_OF_THE_CAP_BINDING_COMPLEX_AND_EIFS_AND_SUBSEQUENT_BINDING_TO_43S,Reactome Pathways,0.0001188,0.4392,0.0006145,0.005403,30,65,"EIF3B,EIF3C,EIF3D,EIF3F,EIF3G,EIF3I,EIF2S3B,RPS27L,EIF2S1,EIF2S3,EIF4A1,EIF4A2,EIF4B,PABPC1,PABPC3,RPS2,RPS3,RPS9,RPS10,RPS11,RPS12,RPS13,RPS14,RPS18,RPS20,RPS21,RPS23,RPS25,RPS27A,EIF4H",True,30
Pathway,MM15178,REACTOME_PROGRAMMED_CELL_DEATH,Reactome Pathways,0.0001188,0.4394,0.0006145,0.005403,55,142,"OGT,BIRC3,DYNLL1,BAX,BCL2,TNFRSF10B,TNFRSF10A,BMX,CASP3,CHMP2B,DYNLL2,APPL1,CTNNB1,CHMP7,BCL2L11,BCAP31,FLOT1,STUB1,CHMP4C,FNTA,CHMP3,CHMP2A,YWHAQ,GSN,HSP90AA1,IL1B,KPNA1,RNF103-CHMP3,LMNA,LMNB1,NMT1,CYCS,PRKN,PKP1,PLEC,MAPK1,MAPK3,MAPK8,CHMP6,CHMP4B,ROCK1,RPS27A,SATB1,ACIN1,SPTAN1,TJP1,TLR4,UBA52,UBB,UBC,YWHAB,YWHAE,YWHAG,YWHAH,YWHAZ",True,55
Pathway,M27621,REACTOME_COMPLEX_I_BIOGENESIS,Reactome Pathways,0.0001224,0.4524,0.0006319,0.005556,31,68,"NDUFA13,HSCB,HSPA9,ACAD9,MT-ND1,MT-ND2,MT-ND4,MT-ND5,NDUFA2,NDUFA3,NDUFA5,NDUFA8,NDUFA9,NDUFA10,NDUFAB1,NDUFB3,NDUFB4,NDUFB7,NDUFB8,NDUFB9,NDUFS1,NDUFS2,NDUFS3,NDUFV1,NDUFS8,NDUFV2,NDUFAF5,NDUFS7,NUBPL,NDUFAF6,NDUFA12",True,31
Pathway,MM15118,REACTOME_BIOSYNTHESIS_OF_THE_N_GLYCAN_PRECURSOR_DOLICHOL_LIPID_LINKED_OLIGOSACCHARIDE_LLO_AND_TRANSFER_TO_A_NASCENT_PROTEIN,Reactome Pathways,0.0001282,0.4739,0.000661,0.005812,34,77,"DPM1,DPM2,FCSK,MPDU1,NUS1,GFPT2,DPAGT1,ALG3,GFPT1,ST6GAL2,GLB1,HK1,ALG14,MPI,MVD,DPM3,PGM3,ALG5,ALG8,GMPPB,GMPPA,ALG6,ALG12,PMM1,PMM2,SRD5A3,ALG13,SLC35C1,DHDDS,NAGK,DOLK,ALG1,GNPNAT1,DOLPP1",True,34
Pathway,M897,REACTOME_BIOSYNTHESIS_OF_THE_N_GLYCAN_PRECURSOR_DOLICHOL_LIPID_LINKED_OLIGOSACCHARIDE_LLO_AND_TRANSFER_TO_A_NASCENT_PROTEIN,Reactome Pathways,0.0001287,0.4758,0.0006626,0.005826,35,80,"DPM1,DPM2,FCSK,MPDU1,NUS1,GFPT2,DPAGT1,ALG3,GFPT1,ST6GAL2,GLB1,HK1,ALG14,MPI,MVD,DPM3,PGM3,ALG5,ALG8,GMPPB,GMPPA,ALG6,ALG12,PMM1,PMM2,SRD5A3,ALG11,ALG13,SLC35C1,DHDDS,NAGK,DOLK,ALG1,GNPNAT1,DOLPP1",True,35
Pathway,M7934,KEGG_PYRUVATE_METABOLISM,KEGG Legacy Pathways,0.00013,0.4805,0.0006683,0.005876,21,40,"ACAT1,ACAT2,AKR1B1,ALDH7A1,LDHD,GRHPR,DLAT,DLD,ACSS1,GLO1,LDHA,MDH2,ME2,PC,PCK2,PDHA1,PDHA2,PDHB,PKLR,PKM,ACSS2",True,21
Pathway,M45019,REACTOME_SARS_COV_2_MODULATES_HOST_TRANSLATION_MACHINERY,Reactome Pathways,0.0001312,0.4851,0.0006737,0.005924,25,51,"GEMIN4,RPS27L,DDX20,RPS2,RPS3,RPS9,RPS10,RPS11,RPS12,RPS13,RPS14,RPS18,RPS20,RPS21,RPS23,RPS25,RPS27A,SMN1,SNRPB,SNRPD1,SNRPD2,SNRPD3,SNRPE,SNRPF,SNRPG",True,25
Pathway,M47688,KEGG_MEDICUS_REFERENCE_MACHR_CA2_APOPTOTIC_PATHWAY,KEGG Medicus Pathways,0.0001492,0.5515,0.0007618,0.006698,13,20,"SLC25A4,SLC25A5,SLC25A6,CHRM1,GNAQ,CYCS,PLCB2,PLCB3,PLCB4,PLCB1,VDAC1,VDAC2,VDAC3",True,13
Pathway,MM14974,REACTOME_SIGNALING_BY_ROBO_RECEPTORS,Reactome Pathways,0.0001492,0.5515,0.0007618,0.006698,13,20,"ABL1,ABL2,RHOA,DAG1,PFN1,PFN2,RPS27A,ENAH,UBA52,UBB,UBC,VASP,CXCR4",True,13
Pathway,M29849,REACTOME_SIGNALING_BY_PDGFR_IN_DISEASE,Reactome Pathways,0.0001492,0.5515,0.0007618,0.006698,13,20,"WDR48,GOLGA4,GRB2,HRAS,KRAS,NRAS,PIK3CA,PIK3CB,PIK3R1,PIK3R2,SOS1,STAT1,STAT3",True,13
Pathway,M27237,REACTOME_SUMOYLATION_OF_TRANSCRIPTION_FACTORS,Reactome Pathways,0.0001492,0.5515,0.0007618,0.006698,13,20,"PIAS1,PIAS2,CDKN2A,PIAS3,PIAS4,MDM2,MITF,SUMO2,TFAP2A,TP53,TP53BP1,UBE2I,SUMO1",True,13
Pathway,MM15366,REACTOME_ORC1_REMOVAL_FROM_CHROMATIN,Reactome Pathways,0.0001496,0.553,0.0007628,0.006707,27,57,"CDC6,RBX1,PSMD14,MCM8,ADRM1,MCM2,MCM3,MCM4,MCM5,MCM6,MCM7,ORC1,ORC2,ORC4,ORC5,PSMC1,PSMC5,PSMD2,PSMD3,PSMD13,RPS27A,SKP1,ORC3,UBA52,UBB,UBC,CDT1",True,27
Pathway,M27829,REACTOME_NUCLEOTIDE_CATABOLISM,Reactome Pathways,0.0001515,0.5601,0.0007705,0.006774,19,35,"NUDT16,ENTPD1,ENTPD6,ENTPD3,ENTPD5,ENTPD8,ENTPD4,GDA,DPYD,NT5C3A,NT5C1A,NT5C1B,NUDT5,ITPA,PNP,NT5E,NT5C,NT5C2,NT5M",True,19
Pathway,M41738,REACTOME_RHOBTB_GTPASE_CYCLE,Reactome Pathways,0.0001515,0.5601,0.0007705,0.006774,19,35,"ACTN1,CUL3,PDE5A,CCT6A,ROCK2,DBN1,SRRM1,CCT7,CCT2,RBMX,HNRNPC,HSP90AA1,HSP90AB1,MYO6,PHIP,ROCK1,CPSF7,TRA2B,DDX39B",True,19
Pathway,M721,REACTOME_ACTIVATION_OF_THE_MRNA_UPON_BINDING_OF_THE_CAP_BINDING_COMPLEX_AND_EIFS_AND_SUBSEQUENT_BINDING_TO_43S,Reactome Pathways,0.0001567,0.5794,0.0007959,0.006998,28,60,"EIF3B,EIF3C,EIF3D,EIF3F,EIF3G,EIF3I,RPS27L,EIF2S1,EIF2S3,EIF4A1,EIF4A2,EIF4B,PABPC1,RPS2,RPS3,RPS9,RPS10,RPS11,RPS12,RPS13,RPS14,RPS18,RPS20,RPS21,RPS23,RPS25,RPS27A,EIF4H",True,28
Pathway,M872,REACTOME_L1CAM_INTERACTIONS,Reactome Pathways,0.0001609,0.5948,0.0008159,0.007174,48,121,"ACTB,AP2A1,AP2A2,AP2B1,ANK3,RPS6KA4,RPS6KA5,CLTC,NCAN,DLG4,DNM1,DNM2,EGFR,TUBA1B,TUBB3,TUBB4A,TUBB4B,FGFR1,TUBA8,TUBB6,TUBA1C,HSPA8,TUBB8,TUBB2B,ITGB1,LAMC1,MSN,PAK1,MAPK1,MAPK3,MAP2K1,MAP2K2,RAC1,TUBAL3,TUBA3E,SCN5A,SCN10A,SCN3B,SPTA1,SPTAN1,SPTB,SRC,NFASC,TUBA3D,TUBA4A,TUBB2A,TUBB1,TUBA1A",True,48
Pathway,M42517,REACTOME_SIGNALING_BY_ALK,Reactome Pathways,0.0001676,0.6196,0.0008488,0.007463,17,30,"ALK,PRDM1,HDAC3,SIN3A,EP300,HDAC1,HDAC2,HIF1A,IL2RG,MYC,PIK3CA,PIK3CB,PIK3R1,PIK3R2,PLCG1,SRC,STAT3",True,17
Pathway,M563,REACTOME_SIGNALING_BY_EGFR_IN_CANCER,Reactome Pathways,0.0001704,0.63,0.0008606,0.007567,15,25,"EGFR,GAB1,GRB2,HRAS,HSP90AA1,KRAS,NRAS,PIK3CA,PIK3R1,PLCG1,RPS27A,SOS1,UBA52,UBB,UBC",True,15
Pathway,MM15606,REACTOME_RHOBTB2_GTPASE_CYCLE,Reactome Pathways,0.0001704,0.63,0.0008606,0.007567,15,25,"ACTN1,CUL3,CCT6A,SRRM1,CCT7,CCT2,RBMX,HNRNPC,HSP90AA1,HSP90AB1,MYO6,PHIP,TRA2B,HNRNPCL1,DDX39B",True,15
Pathway,M676,REACTOME_PI_METABOLISM,Reactome Pathways,0.0001724,0.6372,0.0008693,0.007644,36,84,"PIP5K1A,PIP5K1B,PIP4K2B,PIK3R3,MTMR1,INPP4B,BMX,SYNJ1,SYNJ2,PIP4P1,INPP4A,PIKFYVE,OCRL,PIK3C2A,PIK3C2B,PIK3C2G,PIK3CA,PIK3CB,PIK3CD,PIK3CG,PIK3R1,PIK3R2,PI4KA,PI4KB,PIP4K2A,GDPD3,GDPD1,PTEN,MTMR10,RAB5A,PIP4K2C,PI4K2B,PI4K2A,INPP5F,PIP5K1C,INPP5E",True,36
Pathway,M941,REACTOME_FACTORS_INVOLVED_IN_MEGAKARYOCYTE_DEVELOPMENT_AND_PLATELET_PRODUCTION,Reactome Pathways,0.0001777,0.657,0.0008952,0.007871,63,170,"KIF18A,ABL1,ACTB,H3C2,KLC3,CAPZA1,CAPZB,KIFC2,CDC42,CDK5,CENPE,KIF3B,SIN3A,SH2B1,DOCK4,DOCK1,TUBA1B,TUBB3,TUBB4A,TUBB4B,TUBA8,TUBB6,EHD1,TUBA1C,KIF3A,H3-3A,H3-3B,HDAC1,HDAC2,TUBB8,TUBB2B,JAK2,KIF2A,KIF5A,KIF5B,KLC1,KIF11,KIFC1,KIF25,MAFG,PRKACA,PRKACB,PRKACG,PRKAR1A,PRKAR1B,PRKAR2A,PRKAR2B,RAB5A,RAC1,RAD51B,TUBAL3,TUBA3E,KIFAP3,RCOR1,TUBA3D,TP53,TUBA4A,TUBB2A,TUBB1,MAFF,KLC2,TUBA1A,KLC4",True,63
Pathway,M39005,REACTOME_DISEASES_OF_MITOTIC_CELL_CYCLE,Reactome Pathways,0.0001792,0.6626,0.0009015,0.007927,20,38,"CDC26,CDC23,ATRX,CDC16,CDC27,ANAPC15,DAXX,FZR1,ANAPC10,ANAPC5,ANAPC7,ANAPC11,UBE2S,UBE2C,ANAPC16,ANAPC2,ANAPC4,UBE2D1,UBE2E1,ANAPC1",True,20
Pathway,MM15324,REACTOME_MAJOR_PATHWAY_OF_RRNA_PROCESSING_IN_THE_NUCLEOLUS_AND_CYTOSOL,Reactome Pathways,0.0001808,0.6685,0.0009082,0.007986,66,180,"DHX37,NOP14,BYSL,DDX21,RPL23,NOL11,UTP14C,SENP3,BMS1,GNL3,RPS27L,RCL1,FBL,NOP56,RPP38,NOP58,UTP25,PELP1,FTSJ3,UTP14A,EBNA1BP2,DDX52,WDR36,RPL22L1,SNU13,NOC4L,EXOSC9,EXOSC10,DDX49,TEX10,RPL5,RPL6,RPL7,RPL7A,RPL11,RPL19,RPL27,RPL36AL,RPLP1,RPS2,RPS3,RPS9,RPS10,RPS11,RPS12,RPS13,RPS14,RPS18,RPS20,RPS21,RPS23,RPS25,RPS27A,XRN2,PDCD11,WDR12,UTP6,RRP36,BOP1,EXOSC2,PES1,MTREX,UBA52,BUD23,NOL6,LAS1L",True,66
Pathway,M14171,KEGG_STARCH_AND_SUCROSE_METABOLISM,KEGG Legacy Pathways,0.0001942,0.7179,0.0009741,0.008565,25,52,"AGL,AMY1B,G6PC2,MGAM,GAA,GANC,GBE1,GCK,GPI,TREH,GUSB,GYS1,GYS2,HK1,HK2,HK3,ENPP1,ENPP3,PGM1,PYGB,PYGL,PYGM,PGM2,SI,UGP2",True,25
Pathway,M46425,REACTOME_SARS_COV_1_ACTIVATES_MODULATES_INNATE_IMMUNE_RESPONSES,Reactome Pathways,0.0002051,0.7584,0.001028,0.009035,21,41,"MAVS,NMI,PPIG,TKFC,IKBKE,TOMM70,PPIH,FKBP1A,KPNA2,TBK1,NFKBIA,PCBP2,PPIA,PPIB,RELA,RPS27A,TRAF3,UBA52,UBB,UBC,NLRP3",True,21
Pathway,M27145,REACTOME_TRANSCRIPTIONAL_ACTIVATION_OF_MITOCHONDRIAL_BIOGENESIS,Reactome Pathways,0.0002055,0.7599,0.001028,0.009041,26,55,"ALAS1,ATP5F1B,HDAC3,CALM1,CAMK4,NR1D1,CREB1,ATF2,CREBBP,NCOR1,ESRRA,PPARGC1A,GLUD1,GLUD2,HCFC1,IDH2,CRTC2,MEF2D,CYCS,POLRMT,MED1,TBL1XR1,SOD2,PPRC1,ACSS2,TBL1X",True,26
Pathway,M4138,REACTOME_ORC1_REMOVAL_FROM_CHROMATIN,Reactome Pathways,0.0002149,0.7946,0.001073,0.009431,27,58,"CDC6,RBX1,PSMD14,MCM8,ADRM1,MCM2,MCM3,MCM4,MCM5,MCM6,MCM7,ORC1,ORC2,ORC4,ORC5,PSMC1,PSMC5,PSMD2,PSMD3,PSMD13,RPS27A,SKP1,ORC3,UBA52,UBB,UBC,CDT1",True,27
Pathway,MM15273,REACTOME_NEGATIVE_FEEDBACK_REGULATION_OF_MAPK_PATHWAY,Reactome Pathways,0.0002185,0.8076,0.001073,0.009431,6,6,"BRAF,MAPK1,MAPK3,MAP2K1,MAP2K2,RAF1",True,6
Pathway,M47750,KEGG_MEDICUS_VARIANT_MUTATION_CAUSED_ABERRANT_SOD1_TO_PERK_ATF4_SIGNALING_PATHWAY,KEGG Medicus Pathways,0.0002185,0.8076,0.001073,0.009431,6,6,"ATF4,EIF2AK3,DDIT3,EIF2S1,HSPA5,SOD1",True,6
Pathway,M47704,KEGG_MEDICUS_VARIANT_MUTATION_CAUSED_ABERRANT_SNCA_TO_PERK_ATF4_SIGNALING_PATHWAY,KEGG Medicus Pathways,0.0002185,0.8076,0.001073,0.009431,6,6,"ATF4,EIF2AK3,DDIT3,EIF2S1,HSPA5,SNCA",True,6
Pathway,MM17218,REACTOME_SYNTHESIS_OF_GDP_MANNOSE,Reactome Pathways,0.0002185,0.8076,0.001073,0.009431,6,6,"HK1,MPI,GMPPB,GMPPA,PMM1,PMM2",True,6
Pathway,MM17245,REACTOME_PDH_COMPLEX_SYNTHESIZES_ACETYL_COA_FROM_PYR,Reactome Pathways,0.0002185,0.8076,0.001073,0.009431,6,6,"DLAT,DLD,PDHA1,PDHA2,PDHB,PDHX",True,6
Pathway,M27559,REACTOME_NEGATIVE_FEEDBACK_REGULATION_OF_MAPK_PATHWAY,Reactome Pathways,0.0002185,0.8076,0.001073,0.009431,6,6,"BRAF,MAPK1,MAPK3,MAP2K1,MAP2K2,RAF1",True,6
Pathway,MM14494,REACTOME_CAM_PDE_1_ACTIVATION,Reactome Pathways,0.0002185,0.8076,0.001073,0.009431,6,6,"CALM1,CALM2,CALM3,PDE1A,PDE1C,PDE1B",True,6
Pathway,M48273,REACTOME_PDH_COMPLEX_SYNTHESIZES_ACETYL_COA_FROM_PYR,Reactome Pathways,0.0002185,0.8076,0.001073,0.009431,6,6,"DLAT,DLD,PDHA1,PDHA2,PDHB,PDHX",True,6
Pathway,M27374,REACTOME_SYNTHESIS_OF_GDP_MANNOSE,Reactome Pathways,0.0002185,0.8076,0.001073,0.009431,6,6,"HK1,MPI,GMPPB,GMPPA,PMM1,PMM2",True,6
Pathway,M47654,KEGG_MEDICUS_PATHOGEN_SHIGELLA_FIMA_TO_CROSSTALK_BETWEEN_EXTRINSIC_AND_INTRINSIC_APOPTOTIC_PATHWAYS,KEGG Medicus Pathways,0.0002185,0.8076,0.001073,0.009431,6,6,"BAX,HK1,HK2,HK3,HKDC1,VDAC1",True,6
Pathway,MM15119,REACTOME_SYNTHESIS_OF_DOLICHYL_PHOSPHATE,Reactome Pathways,0.0002185,0.8076,0.001073,0.009431,6,6,"NUS1,MVD,SRD5A3,DHDDS,DOLK,DOLPP1",True,6
Pathway,M47618,KEGG_MEDICUS_REFERENCE_MANNOSE_TYPE_O_GLYCAN_BIOSYNTHESIS_FKTN_TO_LARGE,KEGG Medicus Pathways,0.0002185,0.8076,0.001073,0.009431,6,6,"LARGE1,RXYLT1,FKTN,B4GAT1,LARGE2,FKRP",True,6
Pathway,M47548,KEGG_MEDICUS_PATHOGEN_HCMV_UL33_TO_GNAQ_PLCB_G_CALCINEURIN_SIGNALING_PATHWAY,KEGG Medicus Pathways,0.0002185,0.8076,0.001073,0.009431,6,6,"GNA11,GNAQ,PLCB2,PLCB3,PLCB4,PLCB1",True,6
Pathway,M27811,REACTOME_REGULATION_OF_PTEN_GENE_TRANSCRIPTION,Reactome Pathways,0.0002224,0.8223,0.001091,0.009589,28,61,"CBX4,BMI1,HDAC3,CHD3,CHD4,ATF2,PHC1,PHC2,EZH2,CBX2,HDAC1,HDAC2,JUN,PPARG,MAPK1,MAPK3,SLC38A9,PTEN,LAMTOR1,RHEB,RING1,RNF2,PHC3,SCMH1,RCOR1,NR2E1,TP53,CBX8",True,28
Pathway,MM15222,REACTOME_RHO_GTPASES_ACTIVATE_PAKS,Reactome Pathways,0.000228,0.8431,0.001117,0.009818,14,23,"CALM1,CALM2,CALM3,CDC42,MYL9,FLNA,MYH9,PPP1R12A,PAK1,PAK2,PAK3,PPP1CB,MYL12B,RAC1",True,14
Pathway,M11835,KEGG_VALINE_LEUCINE_AND_ISOLEUCINE_DEGRADATION,KEGG Legacy Pathways,0.0002287,0.8453,0.001118,0.009832,22,44,"ACAA1,ACADM,ACAT1,ACAT2,AOX1,ALDH7A1,BCAT1,BCAT2,BCKDHA,BCKDHB,DBT,HIBCH,DLD,ECHS1,ACAA2,HSD17B10,HADHA,HADHB,HMGCL,HMGCS1,HMGCS2,IL4I1",True,22
Pathway,M11816,KEGG_FC_EPSILON_RI_SIGNALING_PATHWAY,KEGG Legacy Pathways,0.0002344,0.8664,0.001145,0.01006,34,79,"PLA2G6,AKT1,AKT2,PIK3R3,CSF2,AKT3,FYN,GRB2,HRAS,IL4,KRAS,NRAS,PIK3CA,PIK3CB,PIK3CD,PIK3CG,PIK3R1,PIK3R2,PLCG1,PLCG2,PRKCA,PRKCB,MAPK1,MAPK3,MAPK8,MAPK9,MAP2K1,MAP2K2,RAC1,RAC2,RAF1,SOS1,SOS2,TNF",True,34
Pathway,MM15051,REACTOME_PLATELET_HOMEOSTASIS,Reactome Pathways,0.0002356,0.8711,0.001149,0.0101,33,76,"PDE5A,ATP2A1,CALM1,CALM2,CALM3,PDE11A,GNB4,GNB5,GNG13,PDE10A,GNAS,GNB1,GNB2,GNB3,GNG3,GNG4,GNG5,GNG7,GNG10,GNG11,GNGT1,GNGT2,GNG8,P2RX4,PDE1A,PDE2A,PDE9A,PDE1B,GNG2,PRKG1,SLC8A1,GNG12,TRPC6",True,33
Pathway,M46428,REACTOME_SARS_COV_1_TARGETS_HOST_INTRACELLULAR_SIGNALLING_AND_REGULATORY_PATHWAYS,Reactome Pathways,0.0002382,0.8805,0.00116,0.0102,11,16,"CAV1,EP300,YWHAQ,SMAD4,SP1,UBE2I,YWHAB,YWHAE,YWHAG,YWHAH,YWHAZ",True,11
Pathway,MM15585,REACTOME_INTRACELLULAR_SIGNALING_BY_SECOND_MESSENGERS,Reactome Pathways,0.000267,0.9872,0.001299,0.01142,84,243,"ADCY1,ADCY2,ADCY3,ADCY5,ADCY6,ADCY7,ADCY8,ADCY9,GRK2,PIP5K1A,PIP5K1B,PIP4K2B,AKT1,AKT2,ADCY4,PIK3R3,CALM1,CALM2,CALM3,CD80,CD86,CHD3,CHD4,CREB1,AKT3,EGFR,PSMD14,ERBB2,STUB1,FGFR1,FYN,GAB1,ADRM1,WWP2,GRB2,HDAC1,INS,IRAK1,LCK,MDM2,MYD88,NEDD4,NTRK2,PDE1A,PDE1C,PDE1B,PDGFRB,PIK3CA,PIK3CB,PIK3CD,PIK3CG,PIK3R1,PIK3R2,PIP4K2A,PML,PRKACA,PRKACB,PRKAR1A,PRKAR1B,PRKCG,MAPK1,MAPK3,SLC38A9,PSMC1,PSMC5,PSMD2,PSMD3,PSMD13,PTEN,LAMTOR1,RAC1,RAC2,TRIM27,RHEB,PIP4K2C,RPS27A,TNKS2,SRC,PIP5K1C,MKRN1,UBA52,UBB,UBC,USP7",True,84
Pathway,MM15454,REACTOME_PLATELET_ACTIVATION_SIGNALING_AND_AGGREGATION,Reactome Pathways,0.0002783,1.0,0.001352,0.01189,88,257,"SERPINA3,AAMP,ACTN4,ACTN1,ACTN2,ADRA2A,ADRA2B,AKT1,ALB,ALDOA,PIK3R3,RHOA,RHOB,ARRB1,ARRB2,CHID1,CALM1,CALM2,CALM3,CD36,CDC42,CLU,GNA14,CSK,ABHD12,PHACTR2,GNB4,FLNA,FN1,GNA13,GNB5,GNAT3,FYN,CYB5R1,GNG13,GAS6,GNA11,GNA12,GNA15,GNAI1,GNAI2,GNAI3,GNAQ,GNB1,GNB2,GNB3,GNG3,GNG4,GNG5,GNG7,GNG10,GNG11,GNGT1,GNGT2,RAPGEF4,GRB2,LCK,GNG8,GNG2,PIK3CA,PIK3CB,PIK3CG,PIK3R1,PIK3R2,PLCG2,PLEK,PRKCB,PRKCG,MAPK1,MAPK3,PROS1,RAC1,RAC2,RAF1,HABP4,SOD1,SOS1,SRC,GNG12,TBXA2R,TGFB1,THBS1,TIMP3,TRPC6,TUBA4A,VWF,P2RY12,YWHAZ",True,88
Pathway,M3871,REACTOME_ASSOCIATION_OF_TRIC_CCT_WITH_TARGET_PROTEINS_DURING_BIOSYNTHESIS,Reactome Pathways,0.0002835,1.0,0.001375,0.01209,20,39,"HDAC3,CCT6A,FBXL5,GAPDHS,LONP2,DCAF7,NOP56,CCT7,CCT4,CCT2,AP3M1,CCT6B,CCT8,KIFC3,XRN2,CCT5,STAT3,TCP1,TP53,CCT3",True,20
Pathway,M669,REACTOME_DOWNREGULATION_OF_SMAD2_3_SMAD4_TRANSCRIPTIONAL_ACTIVITY,Reactome Pathways,0.0002865,1.0,0.001385,0.01218,17,31,"USP9X,NCOR1,NCOR2,HDAC1,SMAD4,PPM1A,MAPK1,MAPK3,RPS27A,SNW1,STAT1,NEDD4L,UBA52,UBB,UBC,UBE2D1,UBE2D3",True,17
Pathway,M766,KEGG_GLYCINE_SERINE_AND_THREONINE_METABOLISM,KEGG Legacy Pathways,0.0002865,1.0,0.001385,0.01218,17,31,"AGXT,ALAS1,ALAS2,AOC2,AOC3,CBS,GLYCTK,CTH,PHGDH,DLD,MAOB,PSAT1,PSPH,CHDH,SHMT1,SHMT2,SRR",True,17
Pathway,M46423,REACTOME_SIGNALING_BY_CSF1_M_CSF_IN_MYELOID_CELLS,Reactome Pathways,0.0002865,1.0,0.001385,0.01218,17,31,"CSF1,FYN,GRB2,KRAS,PIK3CA,PIK3CB,PIK3CD,PIK3R1,PLCG2,RPS27A,SOS1,SRC,STAT1,STAT3,UBA52,UBB,UBC",True,17
Pathway,MM15161,REACTOME_WNT5A_DEPENDENT_INTERNALIZATION_OF_FZD4,Reactome Pathways,0.0002894,1.0,0.001395,0.01227,10,14,"FZD4,AP2A1,AP2A2,AP2B1,ARRB2,CLTC,DVL2,PRKCB,PRKCG,WNT5A",True,10
Pathway,M47414,KEGG_MEDICUS_REFERENCE_HEDGEHOG_SIGNALING_PATHWAY,KEGG Medicus Pathways,0.0002894,1.0,0.001395,0.01227,10,14,"EVC2,EVC,SUFU,GLI1,GLI2,GLI3,PTCH1,KIF7,SHH,SMO",True,10
Pathway,M916,REACTOME_PLATELET_HOMEOSTASIS,Reactome Pathways,0.0003019,1.0,0.001452,0.01276,36,86,"PDE5A,ATP2A1,CALM1,PDE11A,GNB4,GNB5,GNG13,PDE10A,GNAS,GNB1,GNB2,GNB3,GNG3,GNG4,GNG5,GNG7,GNG10,GNG11,GNGT1,GNGT2,GUCY1A2,GUCY1A1,GUCY1B1,KCNMA1,GNG8,P2RX4,PDE1A,PDE2A,PDE9A,PDE1B,GNG2,PRKG1,PRKG2,SLC8A1,GNG12,TRPC6",True,36
Pathway,M45026,REACTOME_NUCLEAR_EVENTS_MEDIATED_BY_NFE2L2,Reactome Pathways,0.0003019,1.0,0.001452,0.01276,36,86,"ATF4,BCL2,CDKN2A,ABCG2,CREBBP,KEAP1,RBX1,PSMD14,EP300,G6PD,ADRM1,GSK3B,GSR,HMOX1,IDH1,MAFG,MYC,NFE2L2,PGD,PSMC1,PSMC5,PSMD2,PSMD3,PSMD13,RELA,RPS27A,CCL2,SKP1,SP1,TALDO1,TKT,TXN,TXNRD1,UBA52,UBB,UBC",True,36
Pathway,M47689,KEGG_MEDICUS_VARIANT_MUTATION_CAUSED_ABERRANT_ABETA_TO_MACHR_CA2_APOPTOTIC_PATHWAY,KEGG Medicus Pathways,0.0003036,1.0,0.001457,0.01282,13,21,"SLC25A4,SLC25A5,SLC25A6,CHRM1,GNAQ,CYCS,PLCB2,PLCB3,PLCB4,PLCB1,VDAC1,VDAC2,VDAC3",True,13
Pathway,M27857,REACTOME_GLYCOGEN_METABOLISM,Reactome Pathways,0.0003115,1.0,0.001492,0.01312,15,26,"AGL,CALM1,GAA,GBE1,GYS1,GYS2,PGM1,PYGB,PYGL,PYGM,RPS27A,UBA52,UBB,UBC,UGP2",True,15
Pathway,M628,REACTOME_DOWNREGULATION_OF_TGF_BETA_RECEPTOR_SIGNALING,Reactome Pathways,0.0003115,1.0,0.001492,0.01312,15,26,"USP15,STUB1,PPP1CA,PPP1CB,PPP1CC,RPS27A,NEDD4L,TGFB1,TGFBR1,TGFBR2,UBA52,UBB,UBC,XPO1,SMURF1",True,15
Pathway,M699,KEGG_FATTY_ACID_METABOLISM,KEGG Legacy Pathways,0.000316,1.0,0.001508,0.01326,21,42,"ACAA1,ACADM,ACAT1,ACAT2,ACOX3,ADH1A,ADH1B,ADH1C,ADH4,ADH5,ADH6,ADH7,ALDH7A1,ECI1,ECHS1,ACSL3,ACAA2,ECI2,GCDH,HADHA,HADHB",True,21
Pathway,M27272,REACTOME_DEACTIVATION_OF_THE_BETA_CATENIN_TRANSACTIVATING_COMPLEX,Reactome Pathways,0.000316,1.0,0.001508,0.01326,21,42,"AKT1,AKT2,CHD8,ASH2L,CBY1,CTBP1,CTNNB1,SOX7,HDAC1,MEN1,BCL9L,RBBP5,RPS27A,SOX2,SOX4,UBA52,UBB,UBC,XPO1,YWHAZ,KMT2D",True,21
Pathway,MM14590,REACTOME_PI_METABOLISM,Reactome Pathways,0.0003162,1.0,0.001508,0.01326,33,77,"PIP5K1A,PIP5K1B,PIP4K2B,PIK3R3,MTMR1,INPP4B,BMX,SYNJ1,SYNJ2,PIP4P1,INPP4A,PIKFYVE,OCRL,PIK3C2A,PIK3C2B,PIK3C2G,PIK3CA,PIK3CB,PIK3CD,PIK3CG,PIK3R1,PIK3R2,PI4KA,PI4KB,PIP4K2A,PTEN,RAB5A,PIP4K2C,PI4K2B,PI4K2A,INPP5F,PIP5K1C,INPP5E",True,33
Pathway,M41807,REACTOME_RHOC_GTPASE_CYCLE,Reactome Pathways,0.0003186,1.0,0.001518,0.01335,32,74,"ABR,RHOA,RHOC,ARHGAP1,ARHGDIA,IQGAP1,CAV1,ARHGEF25,FMNL3,ARHGEF1,VAPB,VAMP3,ROCK2,DIAPH1,FLOT1,STOM,AKAP13,JUP,LBR,MCAM,MCF2,OPHN1,PIK3R1,IQGAP3,ROCK1,ARHGEF40,DEPDC1B,ARHGAP39,TFRC,TMPO,DIAPH3,VANGL1",True,32
Pathway,M11266,KEGG_LYSOSOME,KEGG Legacy Pathways,0.0003326,1.0,0.001573,0.01383,47,121,"CLTCL1,AP1G1,AGA,AP3B1,ARSB,CTSF,ATP6V0A1,SCARB2,CD68,PPT2,TPP1,CLN3,CLN5,CLTC,ENTPD4,CTNS,CTSD,CTSH,GGA1,NAGPA,NPC2,AP3M1,MFSD8,FUCA1,GAA,GALNS,GNPTG,GLB1,GNS,GUSB,HYAL1,IDS,IDUA,LAMP1,MAN2B1,NAGLU,NPC1,SLC11A2,GNPTAB,PPT1,LGMN,SGSH,ARSG,SMPD1,SUMF1,HGSNAT,MCOLN1",True,47
Pathway,MM14710,REACTOME_SYNTHESIS_OF_IP2_IP_AND_INS_IN_THE_CYTOSOL,Reactome Pathways,0.0003362,1.0,0.001573,0.01383,9,12,"INPP4B,SYNJ1,ISYNA1,IMPA1,IMPA2,INPP4A,INPP5A,INPP5B,OCRL",True,9
Pathway,MM15157,REACTOME_SUMOYLATION_OF_IMMUNE_RESPONSE_PROTEINS,Reactome Pathways,0.0003362,1.0,0.001573,0.01383,9,12,"IKBKE,TOPORS,SUMO4,PIAS3,PIAS4,NFKBIA,RELA,UBE2I,SUMO1",True,9
Pathway,MM15359,REACTOME_CDC6_ASSOCIATION_WITH_THE_ORC_ORIGIN_COMPLEX,Reactome Pathways,0.0003366,1.0,0.001573,0.01383,7,8,"CDC6,MCM8,ORC1,ORC2,ORC4,ORC5,ORC3",True,7
Pathway,MM14880,REACTOME_THE_RETINOID_CYCLE_IN_CONES_DAYLIGHT_VISION,Reactome Pathways,0.0003366,1.0,0.001573,0.01383,7,8,"OPN1SW,DHRS3,OPN1MW3,AWAT2,RBP3,OPN1LW,RLBP1",True,7
Pathway,M780,REACTOME_CDC6_ASSOCIATION_WITH_THE_ORC_ORIGIN_COMPLEX,Reactome Pathways,0.0003366,1.0,0.001573,0.01383,7,8,"CDC6,MCM8,ORC1,ORC2,ORC4,ORC5,ORC3",True,7
Pathway,MM14950,REACTOME_HSF1_ACTIVATION,Reactome Pathways,0.0003366,1.0,0.001573,0.01383,7,8,"HDAC6,EEF1A1,PTGES3,HSP90AA1,HSP90AB1,VCP,YWHAE",True,7
Pathway,M47394,KEGG_MEDICUS_VARIANT_AMPLIFIED_EGFR_TO_PI3K_SIGNALING_PATHWAY,KEGG Medicus Pathways,0.0003366,1.0,0.001573,0.01383,7,8,"AKT1,AKT2,AKT3,EGFR,PIK3CA,PIK3CB,PIK3CD",True,7
Pathway,M47395,KEGG_MEDICUS_VARIANT_MUTATION_ACTIVATED_EGFR_TO_PI3K_SIGNALING_PATHWAY,KEGG Medicus Pathways,0.0003366,1.0,0.001573,0.01383,7,8,"AKT1,AKT2,AKT3,EGFR,PIK3CA,PIK3CB,PIK3CD",True,7
Pathway,M47405,KEGG_MEDICUS_VARIANT_EML4_ALK_FUSION_KINASE_TO_PI3K_SIGNALING_PATHWAY,KEGG Medicus Pathways,0.0003366,1.0,0.001573,0.01383,7,8,"AKT1,AKT2,ALK,AKT3,PIK3CA,PIK3CB,PIK3CD",True,7
Pathway,MM15032,REACTOME_ACETYLCHOLINE_REGULATES_INSULIN_SECRETION,Reactome Pathways,0.0003366,1.0,0.001573,0.01383,7,8,"GNA14,GNA11,GNA15,GNAQ,PLCB2,PLCB3,PLCB1",True,7
Pathway,M27356,REACTOME_FATTY_ACIDS_BOUND_TO_GPR40_FFAR1_REGULATE_INSULIN_SECRETION,Reactome Pathways,0.0003366,1.0,0.001573,0.01383,7,8,"GNA14,GNA11,GNA15,GNAQ,PLCB2,PLCB3,PLCB1",True,7
Pathway,MM15100,REACTOME_FATTY_ACIDS_BOUND_TO_GPR40_FFAR1_REGULATE_INSULIN_SECRETION,Reactome Pathways,0.0003366,1.0,0.001573,0.01383,7,8,"GNA14,GNA11,GNA15,GNAQ,PLCB2,PLCB3,PLCB1",True,7
Pathway,M47482,KEGG_MEDICUS_VARIANT_TGFA_OVEREXPRESSION_TO_PI3K_SIGNALING_PATHWAY,KEGG Medicus Pathways,0.0003366,1.0,0.001573,0.01383,7,8,"AKT1,AKT2,AKT3,EGFR,PIK3CA,PIK3CB,PIK3CD",True,7
Pathway,M47498,KEGG_MEDICUS_VARIANT_EGF_OVEREXPRESSION_TO_PI3K_SIGNALING_PATHWAY,KEGG Medicus Pathways,0.0003366,1.0,0.001573,0.01383,7,8,"AKT1,AKT2,AKT3,EGFR,PIK3CA,PIK3CB,PIK3CD",True,7
Pathway,MM15497,REACTOME_GOLGI_TO_ER_RETROGRADE_TRANSPORT,Reactome Pathways,0.0003569,1.0,0.001666,0.01465,50,131,"KIF18A,PLA2G6,KLC3,ARF4,DYNLL1,GBF1,CAPZB,KIFC2,CENPE,KIF3B,DYNLL2,DCTN1,DYNC1H1,DYNC1I1,DYNC1I2,DYNC1LI2,DYNC1LI1,DCTN4,TUBA1B,TUBB3,TUBB4A,TUBB4B,DCTN2,RAB6B,NBAS,GALNT2,TUBA8,TUBB6,TUBA1C,KIF3A,TUBB2B,KIF2A,KIF5A,KIF5B,KLC1,KIF11,KIFC1,PAFAH1B1,PAFAH1B2,RAB6A,TUBAL3,COPG1,KIFAP3,TUBA3D,TUBA4A,TUBB2A,TUBB1,KLC2,TUBA1A,KLC4",True,50
Pathway,MM15539,REACTOME_REGULATION_OF_PTEN_LOCALIZATION,Reactome Pathways,0.0003619,1.0,0.001675,0.01472,8,10,"NEDD4,PML,PTEN,RPS27A,UBA52,UBB,UBC,USP7",True,8
Pathway,M1825,REACTOME_ACETYLCHOLINE_REGULATES_INSULIN_SECRETION,Reactome Pathways,0.0003619,1.0,0.001675,0.01472,8,10,"GNA14,GNA11,GNA15,GNAQ,PLCB2,PLCB3,PRKCA,PLCB1",True,8
Pathway,MM15054,REACTOME_CGMP_EFFECTS,Reactome Pathways,0.0003619,1.0,0.001675,0.01472,8,10,"PDE5A,PDE11A,PDE10A,PDE1A,PDE2A,PDE9A,PDE1B,PRKG1",True,8
Pathway,M47644,KEGG_MEDICUS_REFERENCE_TAC3_TACR3_PLC_PKC_SIGNALING_PATHWAY,KEGG Medicus Pathways,0.0003619,1.0,0.001675,0.01472,8,10,"GNAQ,PLCB2,PLCB3,PLCB4,PRKCA,PRKCB,PRKCG,PLCB1",True,8
Pathway,M47648,KEGG_MEDICUS_REFERENCE_AVP_V2R_PKA_SIGNALING_PATHWAY,KEGG Medicus Pathways,0.0003619,1.0,0.001675,0.01472,8,10,"ADCY3,ADCY6,ADCY9,AVPR2,GNAS,PRKACA,PRKACB,PRKACG",True,8
Pathway,M26910,REACTOME_CAMK_IV_MEDIATED_PHOSPHORYLATION_OF_CREB,Reactome Pathways,0.0003619,1.0,0.001675,0.01472,8,10,"CALM1,CAMK4,CAMK2A,CAMK2B,CAMK2D,CAMK2G,CREB1,KPNA2",True,8
Pathway,M26973,REACTOME_MITOCHONDRIAL_BIOGENESIS,Reactome Pathways,0.0003619,1.0,0.001675,0.01472,39,96,"ALAS1,ATP5F1A,ATP5F1B,ATP5F1C,ATP5F1D,ATP5PB,ATP5MC1,ATP5PF,ATP5PO,HDAC3,CALM1,CAMK4,SAMM50,NR1D1,CREB1,ATF2,CREBBP,NCOR1,ESRRA,ATP5PD,ATP5MG,PPARGC1A,GLUD1,GLUD2,IMMT,HCFC1,HSPA9,IDH2,CRTC2,MEF2D,CYCS,POLRMT,MED1,CHCHD3,TBL1XR1,SOD2,PPRC1,ACSS2,TBL1X",True,39
Pathway,M611,REACTOME_NOTCH1_INTRACELLULAR_DOMAIN_REGULATES_TRANSCRIPTION,Reactome Pathways,0.0003686,1.0,0.001701,0.01496,23,48,"HDAC3,KAT2B,CREBBP,NCOR1,NCOR2,HDAC4,RBX1,HDAC6,EP300,KAT2A,HDAC1,HDAC2,HIF1A,MYC,TBL1XR1,RPS27A,SKP1,SNW1,HDAC8,TBL1X,UBA52,UBB,UBC",True,23
Pathway,MM15479,REACTOME_SIGNALING_BY_PTK6,Reactome Pathways,0.0003686,1.0,0.001701,0.01496,23,48,"AKT1,RHOA,SOCS3,ELMO1,DOCK1,EGFR,ERBB2,GPNMB,KHDRBS1,HIF1A,HRAS,KRAS,RAC1,RASA1,KHDRBS2,LRRK2,RPS27A,SFPQ,ELMO2,STAT3,UBA52,UBB,UBC",True,23
Pathway,MM15609,REACTOME_RAC3_GTPASE_CYCLE,Reactome Pathways,0.0003734,1.0,0.001721,0.01513,38,93,"ABL2,ABR,ARHGAP1,SNAP23,STBD1,CAV1,CDC42,VAMP3,RBM39,GIT2,ABI2,PAK4,NCKAP1,CDC42EP1,ITGB1,MPP7,LBR,MCAM,MCF2,GIT1,OCRL,OPHN1,PAK1,PAK2,PIK3R1,PIK3R2,LAMTOR1,ARHGAP17,SLC1A5,DEPDC1B,BAIAP2L1,ESYT1,SRGAP2,ARHGAP39,TFRC,RAB7A,DIAPH3,VANGL1",True,38
Pathway,MM15683,REACTOME_RHOBTB_GTPASE_CYCLE,Reactome Pathways,0.0003921,1.0,0.001803,0.01585,19,37,"ACTN1,CUL3,PDE5A,CCT6A,ROCK2,SRRM1,CCT7,CCT2,RBMX,HNRNPC,HSP90AA1,HSP90AB1,MYO6,PHIP,ROCK1,CPSF7,TRA2B,HNRNPCL1,DDX39B",True,19
Pathway,MM15610,REACTOME_RHOV_GTPASE_CYCLE,Reactome Pathways,0.0003921,1.0,0.001803,0.01585,19,37,"USP9X,IQGAP1,ARHGEF7,CDC42,CLTC,CCP110,GIT2,PARD6A,PAK4,GIT1,PAK1,PAK2,PIK3R1,CEP97,DEPDC1B,SPTAN1,TPM3,PAK6,VANGL1",True,19
Pathway,MM15291,REACTOME_METALLOPROTEASE_DUBS,Reactome Pathways,0.0003942,1.0,0.001806,0.01588,16,29,"MYSM1,H2AC18,H2AC20,BARD1,KAT2B,BRCA1,BABAM2,PSMD14,EP300,BRCC3,RPS27A,UBA52,UBB,UBC,STAM,NLRP3",True,16
Pathway,M523,KEGG_THYROID_CANCER,KEGG Legacy Pathways,0.0003942,1.0,0.001806,0.01588,16,29,"BRAF,CTNNB1,HRAS,KRAS,MYC,NRAS,PPARG,MAPK1,MAPK3,MAP2K1,MAP2K2,RXRG,TP53,TPM3,TPR,NCOA4",True,16
Pathway,MM15652,REACTOME_FLT3_SIGNALING,Reactome Pathways,0.0003942,1.0,0.001806,0.01588,16,29,"ABL2,AKT1,AKT2,CSK,AKT3,GRB2,HRAS,KRAS,LCK,PIK3CA,PIK3R1,RPS27A,SOS1,UBA52,UBB,UBC",True,16
Pathway,M27489,REACTOME_RHO_GTPASES_ACTIVATE_CIT,Reactome Pathways,0.0004012,1.0,0.001836,0.01614,12,19,"RHOA,RHOB,RHOC,PRC1,KIF14,DLG4,MYL9,MYH9,PPP1R12A,PPP1CB,MYL12B,RAC1",True,12
Pathway,M3228,KEGG_SMALL_CELL_LUNG_CANCER,KEGG Legacy Pathways,0.0004043,1.0,0.001846,0.01623,35,84,"AKT1,AKT2,PIK3R3,BIRC3,PIAS1,BCL2,PIAS2,AKT3,LAMC3,PIAS3,FN1,PIAS4,ITGB1,LAMA2,LAMB2,LAMB3,LAMC1,LAMC2,MAX,MYC,NFKBIA,CYCS,PIK3CA,PIK3CB,PIK3CD,PIK3CG,PIK3R1,PIK3R2,PTEN,PTGS2,RARB,RELA,RXRG,TP53,TRAF3",True,35
Pathway,M29742,REACTOME_SIGNALING_BY_PTK6,Reactome Pathways,0.0004045,1.0,0.001846,0.01623,25,54,"AKT1,RHOA,SOCS3,ELMO1,DOCK1,EGFR,ERBB2,GPNMB,KHDRBS1,PELP1,HIF1A,HRAS,KRAS,NRAS,RAC1,RASA1,KHDRBS2,LRRK2,RPS27A,SFPQ,ELMO2,STAT3,UBA52,UBB,UBC",True,25
Pathway,M27436,REACTOME_PROGRAMMED_CELL_DEATH,Reactome Pathways,0.000405,1.0,0.001846,0.01623,70,198,"AKT1,AKT2,OGT,BIRC3,DYNLL1,BAX,BCL2,TNFRSF10B,TNFRSF10A,BMX,CASP3,CDKN2A,CHMP2B,DYNLL2,APPL1,CTNNB1,CHMP7,AKT3,BCL2L11,BCAP31,FLOT1,PSMD14,STUB1,CHMP4C,FNTA,CHMP3,CHMP2A,YWHAQ,ADRM1,GSN,HSP90AA1,IL1B,KPNA1,LMNA,LMNB1,CHMP4A,NMT1,CYCS,PAK2,PRKN,PKP1,PLEC,MAPK1,MAPK3,MAPK8,PSMC1,PSMC5,PSMD2,PSMD3,PSMD13,CHMP6,UACA,CHMP4B,ROCK1,RPS27A,SATB1,ACIN1,SPTAN1,STAT3,TJP1,TLR4,TP53,UBA52,UBB,UBC,YWHAB,YWHAE,YWHAG,YWHAH,YWHAZ",True,70
Pathway,M27458,REACTOME_TRANSCRIPTIONAL_REGULATION_BY_SMALL_RNAS,Reactome Pathways,0.0004133,1.0,0.001882,0.01654,42,106,"SEH1L,H2AC18,H2AC20,H2BC21,H3C2,H4C6,RAE1,NUP155,NUP93,NUP58,POM121,NUP153,POM121C,NUP50,NUP42,H2AX,H3-3A,H3-3B,NUP54,NUP88,NUP98,NUP43,NUP37,POLR2A,POLR2B,POLR2C,RAN,RANBP2,NUP85,SEC13,NUP35,NDC1,NUP133,NUP205,NUP210,NUP160,NUP188,TPR,NUP62,NUP107,NUP214,AAAS",True,42
Pathway,M27381,REACTOME_INTERLEUKIN_12_FAMILY_SIGNALING,Reactome Pathways,0.0004166,1.0,0.001895,0.01666,26,57,"ANXA2,CANX,CAPZA1,AIP,CDC42,CRLF1,HNRNPDL,HNRNPA2B1,HNRNPF,HSPA9,IFNG,IL10,JAK2,LMNB1,MSN,MTAP,PAK2,PITPNA,PPIA,SNRPA1,SOD1,SOD2,STAT1,STAT3,TALDO1,TCP1",True,26
Pathway,M19895,KEGG_NICOTINATE_AND_NICOTINAMIDE_METABOLISM,KEGG Legacy Pathways,0.0004239,1.0,0.001918,0.01686,14,24,"AOX1,NT5C3A,NT5C1A,NT5C1B,PNP,NT5E,ENPP1,ENPP3,NT5C,NT5C2,NNT,NMNAT1,NT5M,NADK",True,14
Pathway,MM14877,REACTOME_DOWNREGULATION_OF_SMAD2_3_SMAD4_TRANSCRIPTIONAL_ACTIVITY,Reactome Pathways,0.0004239,1.0,0.001918,0.01686,14,24,"USP9X,NCOR2,HDAC1,SMAD4,PPM1A,MAPK1,MAPK3,RPS27A,NEDD4L,UBA52,UBB,UBC,UBE2D1,UBE2D3",True,14
Pathway,MM17215,REACTOME_BASIGIN_INTERACTIONS,Reactome Pathways,0.0004239,1.0,0.001918,0.01686,14,24,"BSG,CAV1,SLC7A7,SLC7A6,SLC16A3,SLC7A9,ITGB1,PPIA,SLC3A2,SLC7A8,SLC7A10,SLC16A8,PPIL2,SLC7A5",True,14
Pathway,M47568,KEGG_MEDICUS_REFERENCE_TNF_P38_SIGNALING_PATHWAY,KEGG Medicus Pathways,0.0004239,1.0,0.001918,0.01686,14,24,"ATF4,RPS6KA4,CREB3L4,CREB3L1,RPS6KA5,CREB1,ATF2,ATF6B,CREB5,CREB3,CREB3L3,TNF,TNFRSF1A,CREB3L2",True,14
Pathway,MM14964,REACTOME_CLASS_B_2_SECRETIN_FAMILY_RECEPTORS,Reactome Pathways,0.0004252,1.0,0.001922,0.0169,27,60,"CRH,CRHR1,GNB4,GNB5,GNG13,GCGR,GHRH,GNAS,GNB1,GNB2,GNB3,GNG3,GNG4,GNG5,GNG7,GNG10,GNG11,GNGT1,GNGT2,GNG8,GNG2,PTH,PTH1R,PTH2R,SCT,SCTR,GNG12",True,27
Pathway,MM14752,REACTOME_SIGNALING_BY_VEGF,Reactome Pathways,0.0004301,1.0,0.001941,0.01707,41,103,"ACTB,AKT1,AKT2,RHOA,AXL,CALM1,CALM2,CALM3,CAV1,CDC42,CDH5,ROCK2,CTNNB1,ELMO1,DOCK1,AKT3,ABI2,FYN,NCKAP1,HRAS,HSPB1,HSP90AA1,JUP,KRAS,PAK1,PAK2,PAK3,PIK3CA,PIK3CB,PIK3R1,PIK3R2,PLCG1,PRKACA,PRKACB,PRKCB,PRKCZ,RAC1,RASA1,ROCK1,ELMO2,SRC",True,41
Pathway,M27753,REACTOME_CLATHRIN_MEDIATED_ENDOCYTOSIS,Reactome Pathways,0.0004325,1.0,0.00195,0.01715,54,145,"CLTCL1,ACTB,FZD4,ADRB2,GRK2,GRK3,AP2A1,AP2A2,AP2B1,AGTR1,ARRB1,ARRB2,AVPR2,SYNJ1,SYNJ2,WASL,CD4,SCARB2,HGS,CFTR,TRIP10,VAMP3,EPS15L1,CLTC,ITSN2,DNAJC6,KIAA0319,DNM1,DNM2,DVL2,EGFR,EPS15,STAM2,COPS5,GRB2,HSPA8,NEDD8,OCRL,PIK3C2A,EPN1,UBQLN2,FNBP1L,RAB5A,RPS27A,ITSN1,NECAP2,FNBP1,PIP5K1C,TFRC,UBA52,UBB,UBC,WNT5A,STAM",True,54
Pathway,M41808,REACTOME_CDC42_GTPASE_CYCLE,Reactome Pathways,0.0004418,1.0,0.001989,0.01749,57,155,"ABR,CDC42BPA,ARHGAP1,ARHGDIA,SNAP23,IQGAP1,ARHGEF7,WASL,CAV1,ARHGEF25,FMNL3,CDC42,VAMP3,CDC42BPB,ARHGAP24,GIT2,PARD6A,SRGAP3,ECT2,FARP1,KCTD3,STOM,PAK4,CDC42EP3,GNA13,CDC42EP1,JUP,LBR,MCF2,GIT1,OPHN1,PAK1,PAK2,PAK3,CPNE8,PIK3R1,PIK3R2,IQGAP3,FNBP1L,LAMTOR1,ARHGAP17,STEAP3,ITSN1,DEPDC1B,FNBP1,SRGAP2,ARHGAP39,TFRC,TMPO,SCRIB,WAS,PAK6,RAB7A,DIAPH3,WIPF2,PAK5,VANGL1",True,57
Pathway,MM14730,REACTOME_GAP_JUNCTION_ASSEMBLY,Reactome Pathways,0.0004721,1.0,0.002121,0.01865,17,32,"TUBA1B,TUBB3,TUBB4A,TUBB4B,TUBA8,TUBB6,GJA1,GJA8,GJB2,TUBA1C,TUBB2B,TUBAL3,TUBA3D,TUBA4A,TUBB2A,TUBB1,TUBA1A",True,17
Pathway,M792,REACTOME_PERK_REGULATES_GENE_EXPRESSION,Reactome Pathways,0.0004721,1.0,0.002121,0.01865,17,32,"KHSRP,ATF3,ATF4,CEBPB,CEBPG,EIF2AK3,DDIT3,EIF2S1,EIF2S3,HSPA5,NFYA,NFYB,NFYC,EXOSC9,CCL2,ATF6,EXOSC2",True,17
Pathway,M41818,REACTOME_RAC3_GTPASE_CYCLE,Reactome Pathways,0.0004802,1.0,0.002155,0.01894,38,94,"ABL2,ABR,ARHGAP1,SNAP23,STBD1,CAV1,CDC42,VAMP3,GIT2,ABI2,PAK4,NCKAP1,CDC42EP1,ITGB1,MPP7,LBR,MCAM,MCF2,GIT1,OCRL,OPHN1,PAK1,PAK2,PIK3R1,PIK3R2,LAMTOR1,ARHGAP17,SLC1A5,DEPDC1B,BAIAP2L1,ESYT1,SRGAP2,ARHGAP39,TFRC,TMPO,RAB7A,DIAPH3,VANGL1",True,38
Pathway,M27918,REACTOME_SIGNALING_BY_NTRK3_TRKC,Reactome Pathways,0.0005249,1.0,0.002352,0.02068,11,17,"BAX,GRB2,HRAS,KRAS,NRAS,PIK3CA,PIK3R1,PLCG1,PTPRO,SOS1,SRC",True,11
Pathway,M47941,KEGG_MEDICUS_REFERENCE_ACTIVATION_OF_PRC2.2_BY_UBIQUITINATION_OF_H2AK119_IN_GERMLINE_GENES,KEGG Medicus Pathways,0.0005424,1.0,0.002428,0.02135,15,27,"L3MBTL2,E2F6,YAF2,EZH2,PCGF6,WDR5,HDAC1,HDAC2,CBX3,MAX,RING1,RNF2,MGA,RYBP,UBB",True,15
Pathway,MM15684,REACTOME_CYTOPROTECTION_BY_HMOX1,Reactome Pathways,0.0005552,1.0,0.002482,0.02182,24,52,"ALB,TBL1Y,BLVRB,HDAC3,COX5A,COX4I1,COX5B,COX6A1,COX8A,SIN3A,NCOR2,HMOX1,HMOX2,MT-CO1,MT-CO2,MT-CO3,NDUFA4,CYCS,MED1,TBL1XR1,TBL1X,SIN3B,HIGD1C,HM13",True,24
Pathway,MM15223,REACTOME_TP53_REGULATES_METABOLIC_GENES,Reactome Pathways,0.0005744,1.0,0.002564,0.02254,31,73,"AKT1,AKT2,COX5A,COX4I1,COX5B,COX6A1,COX8A,AKT3,G6PD,YWHAQ,GPI,GPX2,GSR,MT-CO1,MT-CO2,MT-CO3,NDUFA4,CYCS,SLC38A9,LAMTOR1,RHEB,HIGD1C,TSC1,TXN,TXNRD1,YWHAB,YWHAE,YWHAG,YWHAH,YWHAZ,TIGAR",True,31
Pathway,M915,REACTOME_NITRIC_OXIDE_STIMULATES_GUANYLATE_CYCLASE,Reactome Pathways,0.0005755,1.0,0.002564,0.02254,13,22,"PDE5A,PDE11A,PDE10A,GUCY1A2,GUCY1A1,GUCY1B1,KCNMA1,PDE1A,PDE2A,PDE9A,PDE1B,PRKG1,PRKG2",True,13
Pathway,M47924,KEGG_MEDICUS_REFERENCE_ACTIVATION_OF_PRC2.2_BY_UBIQUITINATION_OF_H2AK119,KEGG Medicus Pathways,0.0005755,1.0,0.002564,0.02254,13,22,"YAF2,EZH2,KDM2B,PCGF1,BCORL1,BCOR,TRIM27,RING1,RNF2,SKP1,RYBP,UBB,USP7",True,13
Pathway,MM15597,REACTOME_RHOC_GTPASE_CYCLE,Reactome Pathways,0.0005817,1.0,0.002588,0.02275,30,70,"ABR,RHOA,RHOC,ARHGAP1,ARHGDIA,IQGAP1,CAV1,ARHGEF25,FMNL3,ARHGEF1,VAPB,VAMP3,ROCK2,DIAPH1,FLOT1,STOM,AKAP13,JUP,LBR,MCAM,MCF2,OPHN1,PIK3R1,IQGAP3,ROCK1,DEPDC1B,ARHGAP39,TFRC,DIAPH3,VANGL1",True,30
Pathway,M7923,REACTOME_SEMAPHORIN_INTERACTIONS,Reactome Pathways,0.000588,1.0,0.002613,0.02297,28,64,"RHOA,RHOB,RHOC,CDK5,ROCK2,DPYSL3,ERBB2,SEMA3A,MYL9,FYN,RND1,GSK3B,HSP90AA1,HSP90AB1,ITGB1,MYH9,TREM2,PAK1,PAK2,PAK3,PLXNA1,PLXNB1,MYL12B,PTPRC,RAC1,ROCK1,SEMA4A,PIP5K1C",True,28
Pathway,M14981,REACTOME_GAP_JUNCTION_ASSEMBLY,Reactome Pathways,0.0006049,1.0,0.002682,0.02358,19,38,"TUBA1B,TUBB3,TUBB4A,TUBB4B,TUBA8,TUBB6,GJA1,GJA8,GJB2,TUBA1C,TUBB8,TUBB2B,TUBAL3,TUBA3E,TUBA3D,TUBA4A,TUBB2A,TUBB1,TUBA1A",True,19
Pathway,M29803,REACTOME_FLT3_SIGNALING,Reactome Pathways,0.0006049,1.0,0.002682,0.02358,19,38,"ABL2,AKT1,AKT2,CSK,AKT3,BCL2L11,FYN,GRB2,HRAS,KRAS,LCK,NRAS,PIK3CA,PIK3R1,RPS27A,SOS1,UBA52,UBB,UBC",True,19
Pathway,MM15175,REACTOME_N_GLYCAN_TRIMMING_IN_THE_ER_AND_CALNEXIN_CALRETICULIN_CYCLE,Reactome Pathways,0.0006768,1.0,0.002986,0.02625,10,15,"CALR,CANX,DERL1,PSMC1,RAD23B,RPS27A,UBA52,UBB,UBC,VCP",True,10
Pathway,M27682,REACTOME_PENTOSE_PHOSPHATE_PATHWAY,Reactome Pathways,0.0006768,1.0,0.002986,0.02625,10,15,"PRPS1L1,DERA,G6PD,PGD,PRPS1,PRPS2,PGM2,RPIA,TALDO1,TKT",True,10
Pathway,MM15404,REACTOME_PENTOSE_PHOSPHATE_PATHWAY,Reactome Pathways,0.0006768,1.0,0.002986,0.02625,10,15,"PRPS1L1,DERA,G6PD,PGD,PRPS1,PRPS2,PGM2,RPIA,TALDO1,TKT",True,10
Pathway,M26902,REACTOME_ACTIVATION_OF_BAD_AND_TRANSLOCATION_TO_MITOCHONDRIA,Reactome Pathways,0.0006768,1.0,0.002986,0.02625,10,15,"AKT1,AKT2,BCL2,AKT3,YWHAQ,YWHAB,YWHAE,YWHAG,YWHAH,YWHAZ",True,10
Pathway,MM15393,REACTOME_PYRUVATE_METABOLISM,Reactome Pathways,0.0007013,1.0,0.00309,0.02717,21,44,"DLAT,DLD,GLO1,GPT,LDHA,ME2,MKLN1,NEK1,PC,PDHA1,PDHA2,PDHB,PDK1,PDK4,PKM,RPS27A,UBA52,UBB,UBC,VDAC1,PDHX",True,21
Pathway,M27685,REACTOME_RRNA_PROCESSING,Reactome Pathways,0.0007192,1.0,0.003165,0.02783,71,205,"DHX37,RRP1,NOP14,BYSL,DDX21,RPL23,NOL11,UTP14C,SENP3,BMS1,GNL3,RPS27L,RCL1,FBL,NOP56,RPP38,NOP58,UTP25,PELP1,FTSJ3,UTP14A,EBNA1BP2,DDX52,HSD17B10,WDR36,RPL22L1,SNU13,NOC4L,EXOSC9,EXOSC10,DDX49,TEX10,RBM28,NAT10,RPL5,RPL6,RPL7,RPL7A,RPL11,RPL19,RPL27,RPL36AL,RPLP1,RPS2,RPS3,RPS9,RPS10,RPS11,RPS12,RPS13,RPS14,RPS18,RPS20,RPS21,RPS23,RPS25,RPS27A,XRN2,NHP2,PDCD11,WDR12,UTP6,RRP36,BOP1,EXOSC2,PES1,MTREX,UBA52,BUD23,NOL6,LAS1L",True,71
Pathway,M727,REACTOME_METABOLISM_OF_AMINO_ACIDS_AND_DERIVATIVES,Reactome Pathways,0.0007244,1.0,0.003184,0.028,113,352,"ACAT1,NMRAL1,RIMKLB,SERINC1,AGXT,AHCY,BBOX1,KMO,ARG1,SLC25A12,ASL,ASS1,ALDH7A1,BCAT1,BCAT2,BCKDHA,BCKDHB,PAPSS1,CBS,SQOR,RPL23,GRHPR,SLC25A10,SLC25A44,CTH,DBT,DCT,PHGDH,HIBCH,DLD,DLST,ECHS1,RPS27L,AASS,SLC25A13,SLC45A2,PSMD14,EPRS1,BCKDK,KGD4,GCDH,GLUD1,GLUD2,GLUL,GPT2,GOT1,GOT2,ADRM1,GPT,GSR,HSD17B10,HPD,EEFSEC,IARS1,MARS1,MAT1A,RPL22L1,MTAP,MTR,MTRR,OAT,OGDH,OTC,HAO1,IL4I1,PSAT1,PSMC1,PSMC5,PSMD2,PSMD3,PSMD13,PSPH,ALDH18A1,QDPR,RARS1,RPL5,RPL6,RPL7,RPL7A,RPL11,RPL19,RPL27,RPL36AL,RPLP1,RPS2,RPS3,CHDH,RPS9,RPS10,RPS11,RPS12,RPS13,RPS14,RPS18,RPS20,RPS21,RPS23,RPS25,RPS27A,DHTKD1,SHMT1,SRR,SLC3A2,SLC6A11,NAGS,TAT,TH,HAAO,SDSL,TXNRD1,TYR,UBA52,SLC7A5",True,113
Pathway,M27894,REACTOME_INTERLEUKIN_12_SIGNALING,Reactome Pathways,0.000736,1.0,0.003231,0.02841,22,47,"ANXA2,CAPZA1,AIP,CDC42,HNRNPDL,HNRNPA2B1,HNRNPF,HSPA9,IFNG,IL10,JAK2,LMNB1,MSN,MTAP,PAK2,PITPNA,PPIA,SNRPA1,SOD1,SOD2,TALDO1,TCP1",True,22
Pathway,MM14670,REACTOME_SIGNALING_BY_TGF_BETA_RECEPTOR_COMPLEX,Reactome Pathways,0.0007419,1.0,0.003254,0.02861,32,77,"USP9X,CGN,RHOA,NCOR2,F11R,PARD6A,STUB1,FKBP1A,HDAC1,ITGB1,SMAD4,MEN1,NEDD8,PPM1A,PRKCZ,MAPK1,MAPK3,RPS27A,SP1,NEDD4L,ARHGEF18,TGFB1,TGFBR1,TGFBR2,TGFBR3,PARD3,UBA52,UBB,UBC,UBE2D1,UBE2D3,SMURF1",True,32
Pathway,M27864,REACTOME_SIGNALING_BY_NTRK2_TRKB,Reactome Pathways,0.0007465,1.0,0.003258,0.02865,14,25,"CDK5,FYN,GAB1,GRB2,HRAS,KRAS,NRAS,NTRK2,PIK3CA,PIK3R1,PLCG1,RAC1,SOS1,SRC",True,14
Pathway,M27865,REACTOME_SIGNALING_BY_ERYTHROPOIETIN,Reactome Pathways,0.0007465,1.0,0.003258,0.02865,14,25,"GAB1,GRB2,HRAS,JAK2,KRAS,NRAS,PIK3CA,PIK3CB,PIK3CD,PIK3CG,PIK3R1,PLCG1,PLCG2,SOS1",True,14
Pathway,MM15546,REACTOME_TRANSCRIPTIONAL_REGULATION_BY_E2F6,Reactome Pathways,0.0007465,1.0,0.003258,0.02865,14,25,"BMI1,L3MBTL2,E2F6,PHC1,YAF2,EZH2,PCGF6,MAX,RING1,RNF2,PHC3,MGA,RYBP,PCGF2",True,14
Pathway,M4974,REACTOME_BASIGIN_INTERACTIONS,Reactome Pathways,0.0007465,1.0,0.003258,0.02865,14,25,"BSG,CAV1,SLC7A7,SLC7A6,SLC16A3,SLC7A9,ITGB1,PPIA,SLC3A2,SLC7A8,SLC7A10,SLC16A8,PPIL2,SLC7A5",True,14
Pathway,M27684,REACTOME_TRNA_PROCESSING,Reactome Pathways,0.0007744,1.0,0.003376,0.02968,43,112,"SEH1L,RAE1,NUP155,CSTF2,NUP93,NUP58,DDX1,POM121,NUP153,TRNT1,EPRS1,RTCB,RPP38,POM121C,TRMT6,NUP50,CLP1,NUP42,HSD17B10,CTU2,NUP54,NUP88,NUP98,NUP43,NUP37,CPSF1,TRIT1,RAN,RANBP2,NUP85,SEC13,NUP35,NDC1,NUP133,NUP205,NUP210,NUP160,NUP188,TPR,NUP62,NUP107,NUP214,AAAS",True,43
Pathway,MM15469,REACTOME_PROCESSING_OF_INTRONLESS_PRE_MRNAS,Reactome Pathways,0.0007792,1.0,0.003389,0.0298,12,20,"CSTF2,PCF11,PAPOLA,CLP1,NUDT21,CPSF6,NCBP1,CPSF1,CPSF7,WDR33,NCBP2,PABPN1",True,12
Pathway,M497,REACTOME_PROCESSING_OF_INTRONLESS_PRE_MRNAS,Reactome Pathways,0.0007792,1.0,0.003389,0.0298,12,20,"CSTF2,PCF11,PAPOLA,CLP1,NUDT21,CPSF6,NCBP1,CPSF1,CPSF7,WDR33,NCBP2,PABPN1",True,12
Pathway,M8276,REACTOME_NUCLEAR_RECEPTOR_TRANSCRIPTION_PATHWAY,Reactome Pathways,0.0007808,1.0,0.003392,0.02983,24,53,"NR0B2,AR,NR1D1,NCOR1,NCOR2,NR2E3,ESRRA,ESRRB,ESRRG,HNF4A,PGR,NRBP1,PPARG,MED1,RARA,RARB,RARG,RORA,RORB,RXRG,THRB,NR2E1,NR2C1,NR2C2",True,24
Pathway,M835,KEGG_DILATED_CARDIOMYOPATHY,KEGG Legacy Pathways,0.0008424,1.0,0.003655,0.03214,36,90,"ACTB,ADCY1,ADCY2,ADCY3,ADCY5,ADCY6,ADCY7,ADCY8,ADCY9,ADRB1,ADCY4,CACNA1F,DAG1,DMD,CACNG2,GNAS,CACNA2D4,ITGA4,ITGB1,ITGB5,LAMA2,LMNA,PRKACA,PRKACB,PRKACG,RYR2,SGCA,SGCB,SGCD,SGCG,SLC8A1,TGFB1,TNF,TPM1,TPM3,TTN",True,36
Pathway,M47703,KEGG_MEDICUS_VARIANT_MUTATION_CAUSED_ABERRANT_SNCA_TO_VGCC_CA2_APOPTOTIC_PATHWAY,KEGG Medicus Pathways,0.0008538,1.0,0.003674,0.03231,9,13,"SLC25A4,SLC25A5,SLC25A6,CASP3,CYCS,SNCA,VDAC1,VDAC2,VDAC3",True,9
Pathway,MM14909,REACTOME_INSULIN_PROCESSING,Reactome Pathways,0.0008538,1.0,0.003674,0.03231,9,13,"EXOC8,EXOC5,EXOC4,EXOC3,INS,EXOC1,EXOC2,EXOC7,SLC30A5",True,9
Pathway,M47656,KEGG_MEDICUS_REFERENCE_MGLUR1_TRPC3_SIGNALING_PATHWAY,KEGG Medicus Pathways,0.0008538,1.0,0.003674,0.03231,9,13,"GNAQ,GRM1,PLCB2,PLCB3,PLCB4,PRKCA,PRKCB,PRKCG,PLCB1",True,9
Pathway,M29823,REACTOME_SUPPRESSION_OF_PHAGOSOMAL_MATURATION,Reactome Pathways,0.0008538,1.0,0.003674,0.03231,9,13,"HGS,CORO1A,KPNA1,RAB5A,RPS27A,UBA52,UBB,UBC,RAB7A",True,9
Pathway,M6322,REACTOME_ACTIVATION_OF_RAC1,Reactome Pathways,0.0008538,1.0,0.003674,0.03231,9,13,"PAK4,PAK1,PAK2,PAK3,RAC1,SOS1,SOS2,PAK6,PAK5",True,9
Pathway,M47547,KEGG_MEDICUS_PATHOGEN_HCMV_US28_TO_GNA12_13_RHO_SIGNALING_PATHWAY,KEGG Medicus Pathways,0.0008538,1.0,0.003674,0.03231,9,13,"RHOA,ARHGEF1,ROCK2,CTNNB1,GNA13,GNA12,ROCK1,CCL2,CX3CL1",True,9
Pathway,MM14516,REACTOME_PROLACTIN_RECEPTOR_SIGNALING,Reactome Pathways,0.0008538,1.0,0.003674,0.03231,9,13,"SH2B1,CSH1,CSH2,CSHL1,RBX1,GH1,GH2,JAK2,SKP1",True,9
Pathway,MM15499,REACTOME_CLATHRIN_MEDIATED_ENDOCYTOSIS,Reactome Pathways,0.0008592,1.0,0.003694,0.03248,52,142,"ACTB,FZD4,ADRB2,GRK2,GRK3,AP2A1,AP2A2,AP2B1,AGTR1,ARRB1,ARRB2,AVPR2,SYNJ1,SYNJ2,CD4,SCARB2,HGS,CFTR,TRIP10,VAMP3,EPS15L1,CLTC,ITSN2,DNAJC6,KIAA0319,DNM1,DNM2,DVL2,EGFR,EPS15,STAM2,COPS5,GRB2,HSPA8,NEDD8,OCRL,PIK3C2A,EPN1,UBQLN2,FNBP1L,RAB5A,RPS27A,ITSN1,NECAP2,FNBP1,PIP5K1C,TFRC,UBA52,UBB,UBC,WNT5A,STAM",True,52
Pathway,M8492,KEGG_APOPTOSIS,KEGG Legacy Pathways,0.0008744,1.0,0.003755,0.03301,35,87,"AKT1,AKT2,PIK3R3,BIRC3,BAX,BCL2,TNFRSF10B,TNFRSF10A,CAPN1,CASP3,AIFM1,AKT3,IL1B,IRAK1,MYD88,NFKBIA,CYCS,PIK3CA,PIK3CB,PIK3CD,PIK3CG,PIK3R1,PIK3R2,PPP3CB,PRKACA,PRKACB,PRKACG,PRKAR1A,PRKAR1B,PRKAR2A,PRKAR2B,RELA,TNF,TNFRSF1A,TP53",True,35
Pathway,MM15221,REACTOME_RHO_GTPASES_ACTIVATE_ROCKS,Reactome Pathways,0.0008907,1.0,0.00378,0.03324,5,5,"RHOA,RHOB,RHOC,ROCK2,ROCK1",True,5
Pathway,M49164,REACTOME_BRANCHED_CHAIN_KETOACID_DEHYDROGENASE_KINASE_DEFICIENCY,Reactome Pathways,0.0008907,1.0,0.00378,0.03324,5,5,"BCKDHA,BCKDHB,DBT,DLD,BCKDK",True,5
Pathway,MM15582,REACTOME_TRANSCRIPTIONAL_REGULATION_BY_MECP2,Reactome Pathways,0.0008907,1.0,0.00378,0.03324,5,5,"SIN3A,HDAC1,LBR,MECP2,HIPK2",True,5
Pathway,MM15513,REACTOME_CREB3_FACTORS_ACTIVATE_GENES,Reactome Pathways,0.0008907,1.0,0.00378,0.03324,5,5,"MBTPS1,MBTPS2,CREB3,CREB3L3,CREBRF",True,5
Pathway,MM15395,REACTOME_FRUCTOSE_CATABOLISM,Reactome Pathways,0.0008907,1.0,0.00378,0.03324,5,5,"ALDH1A1,ALDOB,GLYCTK,TKFC,KHK",True,5
Pathway,M27675,REACTOME_FRUCTOSE_CATABOLISM,Reactome Pathways,0.0008907,1.0,0.00378,0.03324,5,5,"ALDH1A1,ALDOB,GLYCTK,TKFC,KHK",True,5
Pathway,M49016,KEGG_MEDICUS_VARIANT_MUTATION_ACTIVATED_BRAF_TO_ERK_SIGNALING_PATHWAY,KEGG Medicus Pathways,0.0008907,1.0,0.00378,0.03324,5,5,"BRAF,MAPK1,MAPK3,MAP2K1,MAP2K2",True,5
Pathway,M27486,REACTOME_TRAFFICKING_OF_MYRISTOYLATED_PROTEINS_TO_THE_CILIUM,Reactome Pathways,0.0008907,1.0,0.00378,0.03324,5,5,"ARL3,NPHP3,UNC119B,CYS1,RP2",True,5
Pathway,M48990,KEGG_MEDICUS_VARIANT_MUTATION_CAUSED_ABERRANT_HTT_TO_ELECTRON_TRANSFER_IN_COMPLEX_II,KEGG Medicus Pathways,0.0008907,1.0,0.00378,0.03324,5,5,"HTT,SDHA,SDHB,SDHC,SDHD",True,5
Pathway,M47610,KEGG_MEDICUS_REFERENCE_MANNOSE_TYPE_O_GLYCAN_BIOSYNTHESIS_POMT_TO_POMK,KEGG Medicus Pathways,0.0008907,1.0,0.00378,0.03324,5,5,"B3GALNT2,POMK,POMT1,POMGNT2,POMT2",True,5
Pathway,M8395,REACTOME_HEMOSTASIS,Reactome Pathways,0.000904,1.0,0.003833,0.0337,202,679,"KIF18A,SERPINA3,AAMP,ABL1,ACTB,ACTN4,ACTN1,ACTN2,ADRA2A,ADRA2B,H3C2,AKT1,ALB,ALDOA,KLC3,ANXA2,PIK3R3,RHOA,RHOB,ARRB1,ARRB2,PDE5A,CHID1,ATP2A1,TNFRSF10B,TNFRSF10A,BSG,CALM1,CAPZA1,CAPZB,CAV1,SLC7A7,SLC7A6,KIFC2,SLC16A3,CD36,CD47,CDC42,CDK5,CENPE,KIF3B,CLU,SIN3A,SH2B1,GNA14,CSK,ABHD12,DOCK4,PHACTR2,SIRPA,F11R,PDE11A,DOCK1,GNB4,F9,F11,F12,TUBA1B,TUBB3,TUBB4A,TUBB4B,MERTK,FLNA,FN1,GNA13,GNB5,GNAT3,FYN,CYB5R1,GNG13,GAS6,PDE10A,TUBA8,TUBB6,EHD1,GNA11,GNA12,GNA15,GNAI1,GNAI2,GNAI3,GNAQ,GNAS,GNB1,GNB2,GNB3,GNG3,GNG4,GNG5,GNG7,GNG10,GNG11,GNGT1,GNGT2,TUBA1C,RAPGEF4,GRB2,GRB14,KIF3A,SLC7A9,GUCY1A2,GUCY1A1,GUCY1B1,H3-3A,H3-3B,HDAC1,HDAC2,HRAS,HSPA5,TUBB8,TUBB2B,ITGA4,ITGAM,ITGAX,ITGB1,JAK2,KCNMA1,KIF2A,KIF5A,KIF5B,KLKB1,KLC1,KIF11,KIFC1,KIF25,KRAS,LCK,MAFG,GNG8,NRAS,P2RX4,PDE1A,PDE2A,PDE9A,PDE1B,GNG2,PFN1,PIK3CA,PIK3CB,PIK3CG,PIK3R1,PIK3R2,PLCG1,PLCG2,PLEK,PPIA,PRKACA,PRKACB,PRKACG,PRKAR1A,PRKAR1B,PRKAR2A,PRKAR2B,PRKCA,PRKCB,PRKCG,PRKCZ,PRKG1,PRKG2,MAPK1,MAPK3,PROS1,RAB5A,RAC1,RAC2,RAD51B,RAF1,TUBAL3,TUBA3E,SDC1,SLC3A2,KIFAP3,HABP4,SLC8A1,SOD1,SOS1,SRC,RCOR1,GNG12,TBXA2R,TUBA3D,TGFB1,SLC7A8,THBS1,TIMP3,SLC7A10,SLC16A8,TP53,TRPC6,TTN,TUBA4A,TUBB2A,TUBB1,PPIL2,MAFF,VWF,P2RY12,KLC2,YWHAZ,TUBA1A,KLC4,SLC7A5",True,202
Pathway,M27495,REACTOME_TP53_REGULATES_METABOLIC_GENES,Reactome Pathways,0.0009058,1.0,0.003836,0.03373,34,84,"AKT1,AKT2,COX5A,COX4I1,COX5B,COX6A1,COX8A,SCO2,AKT3,G6PD,YWHAQ,GPI,GPX2,GSR,MT-CO1,MT-CO2,MT-CO3,NDUFA4,CYCS,SLC38A9,PTEN,LAMTOR1,RHEB,HIGD1C,TP53,TSC1,TXN,TXNRD1,YWHAB,YWHAE,YWHAG,YWHAH,YWHAZ,TIGAR",True,34
Pathway,M5436,KEGG_B_CELL_RECEPTOR_SIGNALING_PATHWAY,KEGG Legacy Pathways,0.0009931,1.0,0.004201,0.03694,31,75,"AKT1,AKT2,PIK3R3,AKT3,FOS,GRB2,GSK3B,HRAS,JUN,KRAS,NFKBIA,NRAS,PIK3CA,PIK3CB,PIK3CD,PIK3CG,PIK3R1,PIK3R2,PLCG2,PPP3CB,PRKCB,MAPK1,MAPK3,MAP2K1,MAP2K2,RAC1,RAC2,RAF1,RELA,SOS1,SOS2",True,31
Pathway,M27605,REACTOME_INTERLEUKIN_10_SIGNALING,Reactome Pathways,0.001014,1.0,0.004283,0.03766,21,45,"CCR2,CD80,CD86,CCR1,CCR5,CSF1,CSF2,FPR1,ICAM1,IL1B,IL1RN,IL6,IL10,PTAFR,PTGS2,CCL2,CCL19,CCL22,STAT3,TNF,TNFRSF1A",True,21
Pathway,MM17677,REACTOME_EPIGENETIC_REGULATION_BY_WDR5_CONTAINING_HISTONE_MODIFYING_COMPLEXES,Reactome Pathways,0.001018,1.0,0.004298,0.03779,30,72,"ABL1,H2AC18,H2AC20,OGT,TBL1Y,HDAC3,KAT2B,ASH2L,NCOR2,KMT2B,DR1,PHF20,KAT8,MCRS1,KAT2A,GPS2,WDR5,PSIP1,H2AX,H3-3A,H3-3B,HCFC1,MEN1,KMT2A,HCFC2,KANSL1,RBBP5,TBL1XR1,TBL1X,KMT2D",True,30
Pathway,M797,REACTOME_CLASS_B_2_SECRETIN_FAMILY_RECEPTORS,Reactome Pathways,0.001024,1.0,0.004314,0.03793,37,94,"FZD4,FZD6,CRH,CRHR1,GNB4,GNB5,FZD2,GNG13,GCGR,GHRH,GNAS,GNB1,GNB2,GNB3,GNG3,GNG4,GNG5,GNG7,GNG10,GNG11,GNGT1,GNGT2,GNG8,GNG2,PTCH1,PTH,PTH1R,PTH2R,SCT,SCTR,SHH,SMO,GNG12,WNT5A,WNT11,FZD5,FZD3",True,37
Pathway,MM14515,REACTOME_ANTIVIRAL_MECHANISM_BY_IFN_STIMULATED_GENES,Reactome Pathways,0.001024,1.0,0.004314,0.03793,37,94,"MAVS,FANCM,ARIH1,EIF4A3,DHX9,EIF4A1,EIF4A2,TUBA1B,TUBB3,TUBB4A,TUBB4B,FLNB,TUBA8,TUBB6,TUBA1C,HSPA1A,HSPA1B,HSPA8,ILF2,ILF3,TUBB2B,MX1,NEDD4,NPM1,PLCG1,PPM1B,MAPK3,TUBAL3,SNCA,STAT3,TUBA3D,TP53,TUBA4A,TUBB2A,TUBB1,UBE2E1,TUBA1A",True,37
Pathway,MM15216,REACTOME_RHO_GTPASES_ACTIVATE_PKNS,Reactome Pathways,0.001027,1.0,0.004316,0.03795,13,23,"AR,RHOA,RHOB,RHOC,YWHAQ,PPP1R12A,PPP1CB,RAC1,YWHAB,YWHAE,YWHAG,YWHAH,YWHAZ",True,13
Pathway,M41817,REACTOME_RHOBTB1_GTPASE_CYCLE,Reactome Pathways,0.001027,1.0,0.004316,0.03795,13,23,"CUL3,PDE5A,ROCK2,DBN1,SRRM1,CCT7,CCT2,RBMX,HNRNPC,MYO6,ROCK1,CPSF7,TRA2B",True,13
Pathway,MM15286,REACTOME_DEUBIQUITINATION,Reactome Pathways,0.001034,1.0,0.00434,0.03816,83,249,"USP9X,ACTB,TRRAP,MYSM1,BAP1,H2AC18,H2AC20,ADRB2,WDR48,OGT,BIRC3,AR,RHOA,ARRB1,ARRB2,RUVBL1,BARD1,KAT2B,BRCA1,USP14,USP10,HGS,CDC20,CFTR,BABAM2,CCP110,TOMM20,KEAP1,TOMM70,WDR20,USP15,RCE1,PSMD14,EP300,STAM2,MCRS1,USP16,INO80C,KAT2A,ADRM1,HCFC1,HIF1A,ACTR8,SMAD4,MDM2,MYC,NEDD8,NFKBIA,PRKN,TFPT,BRCC3,PSMC1,PSMC5,PSMD2,PSMD3,PSMD13,PTEN,INO80D,RAD23A,RAD23B,RPS27A,ATXN7,TNKS2,NOD2,TGFBR1,TP53,ASXL1,TRAF3,UBA52,UBB,UBC,UBE2D1,UFD1,USP4,FKBP8,VCP,VDAC1,VDAC2,VDAC3,USP7,STAM,NLRP3,USP5",True,83
Pathway,MM15468,REACTOME_SLBP_DEPENDENT_PROCESSING_OF_REPLICATION_DEPENDENT_HISTONE_PRE_MRNAS,Reactome Pathways,0.00104,1.0,0.004344,0.03819,8,11,"LSM10,NCBP1,NCBP2,SNRPB,SNRPD3,SNRPE,SNRPF,SNRPG",True,8
Pathway,M732,REACTOME_SLBP_DEPENDENT_PROCESSING_OF_REPLICATION_DEPENDENT_HISTONE_PRE_MRNAS,Reactome Pathways,0.00104,1.0,0.004344,0.03819,8,11,"LSM10,NCBP1,NCBP2,SNRPB,SNRPD3,SNRPE,SNRPF,SNRPG",True,8
Pathway,M48241,REACTOME_REGULATION_OF_TBK1_IKK_MEDIATED_ACTIVATION_OF_IRF3_IRF7_UPON_TLR3_LIGATION,Reactome Pathways,0.00104,1.0,0.004344,0.03819,8,11,"IKBKE,OPTN,TBK1,RPS27A,TRAF3,UBA52,UBB,UBC",True,8
Pathway,MM15046,REACTOME_SEMA4D_INDUCED_CELL_MIGRATION_AND_GROWTH_CONE_COLLAPSE,Reactome Pathways,0.00104,1.0,0.004344,0.03819,8,11,"RHOA,RHOB,RHOC,ROCK2,ERBB2,RND1,PLXNB1,ROCK1",True,8
Pathway,M7223,REACTOME_TRAFFICKING_OF_AMPA_RECEPTORS,Reactome Pathways,0.001044,1.0,0.004357,0.03831,16,31,"AP2A1,AP2A2,AP2B1,CAMK2A,CAMK2B,CAMK2D,CAMK2G,DLG4,CACNG2,GRIA1,MDM2,MYO6,PRKCA,PRKCB,PRKCG,GRIP1",True,16
Pathway,MM15439,REACTOME_PURINE_CATABOLISM,Reactome Pathways,0.001051,1.0,0.004374,0.03846,11,18,"NUDT16,GDA,NT5C1A,NT5C1B,NUDT5,ITPA,NT5C1B-RDH14,PNP,NT5E,NT5C,NT5C2",True,11
Pathway,MM14510,REACTOME_ACTIVATION_OF_BH3_ONLY_PROTEINS,Reactome Pathways,0.001051,1.0,0.004374,0.03846,11,18,"DYNLL1,BCL2,DYNLL2,BCL2L11,YWHAQ,MAPK8,YWHAB,YWHAE,YWHAG,YWHAH,YWHAZ",True,11
Pathway,MM14967,REACTOME_SEMAPHORIN_INTERACTIONS,Reactome Pathways,0.001069,1.0,0.004446,0.03909,23,51,"RHOA,RHOB,RHOC,CDK5,ROCK2,DPYSL3,ERBB2,FYN,RND1,GSK3B,HSP90AA1,HSP90AB1,TREM2,PAK1,PAK2,PAK3,PLXNA1,PLXNB1,PTPRC,RAC1,ROCK1,SEMA4A,PIP5K1C",True,23
Pathway,M27613,REACTOME_RRNA_MODIFICATION_IN_THE_NUCLEUS_AND_CYTOSOL,Reactome Pathways,0.001083,1.0,0.004499,0.03956,26,60,"DHX37,NOP14,NOL11,UTP14C,BMS1,RCL1,FBL,NOP56,NOP58,UTP25,UTP14A,DDX52,WDR36,SNU13,NOC4L,DDX49,NAT10,RPS2,RPS9,RPS14,NHP2,PDCD11,UTP6,RRP36,BUD23,NOL6",True,26
Pathway,M738,REACTOME_PHASE_I_FUNCTIONALIZATION_OF_COMPOUNDS,Reactome Pathways,0.001114,1.0,0.004624,0.04065,40,104,"AOC1,ADH1A,ADH1B,ADH1C,ADH4,ADH5,ADH6,ADH7,AHR,ALDH1A1,AOC2,ARNT,AOC3,AIP,CES1,CYP1A1,CYP1A2,CYP1B1,CYP2F1,CYP3A4,CYP11A1,CYP26A1,CYP51A1,FDX1,FDXR,PTGES3,ACSS1,HSP90AB1,MAOB,CYP26C1,CYP2S1,POMC,POR,CYP2W1,FDX2,ACSS2,CYP4V2,CYB5B,CYP2U1,CYP26B1",True,40
Pathway,M27826,REACTOME_TRANSCRIPTIONAL_REGULATION_BY_E2F6,Reactome Pathways,0.001163,1.0,0.004821,0.04239,17,34,"BMI1,BRCA1,L3MBTL2,E2F6,PHC1,YAF2,EZH2,PCGF6,CBX3,MAX,RAD51,RING1,RNF2,PHC3,MGA,RYBP,PCGF2",True,17
Pathway,M27156,REACTOME_EGFR_TRANSACTIVATION_BY_GASTRIN,Reactome Pathways,0.001191,1.0,0.004856,0.04269,7,9,"EGFR,GRB2,HRAS,KRAS,NRAS,PRKCA,SOS1",True,7
Pathway,MM15358,REACTOME_ASSEMBLY_OF_THE_ORC_COMPLEX_AT_THE_ORIGIN_OF_REPLICATION,Reactome Pathways,0.001191,1.0,0.004856,0.04269,7,9,"KPNA1,ORC1,ORC2,ORC4,ORC5,ORC3,KPNA6",True,7
Pathway,M47699,KEGG_MEDICUS_VARIANT_MUTATION_CAUSED_ABERRANT_PSEN1_TO_ANTEROGRADE_AXONAL_TRANSPORT,KEGG Medicus Pathways,0.001191,1.0,0.004856,0.04269,7,9,"KLC3,GSK3B,KIF5A,KIF5B,KLC1,KLC2,KLC4",True,7
Pathway,M1051,REACTOME_INTEGRATION_OF_PROVIRUS,Reactome Pathways,0.001191,1.0,0.004856,0.04269,7,9,"BANF1,XRCC6,PSIP1,HMGA1,KPNA1,PPIA,XRCC5",True,7
Pathway,M47972,KEGG_MEDICUS_REFERENCE_ICOSLG_ICOS_PI3K_SIGNALING_PATHWAY,KEGG Medicus Pathways,0.001191,1.0,0.004856,0.04269,7,9,"AKT1,AKT2,PIK3R3,AKT3,PIK3CD,PIK3R1,PIK3R2",True,7
Pathway,M47397,KEGG_MEDICUS_VARIANT_AMPLIFIED_FGFR_TO_PI3K_SIGNALING_PATHWAY,KEGG Medicus Pathways,0.001191,1.0,0.004856,0.04269,7,9,"AKT1,AKT2,AKT3,FGFR1,PIK3CA,PIK3CB,PIK3CD",True,7
Pathway,M47392,KEGG_MEDICUS_REFERENCE_EGF_EGFR_PI3K_SIGNALING_PATHWAY,KEGG Medicus Pathways,0.001191,1.0,0.004856,0.04269,7,9,"AKT1,AKT2,AKT3,EGFR,PIK3CA,PIK3CB,PIK3CD",True,7
Pathway,M47402,KEGG_MEDICUS_VARIANT_MUTATION_ACTIVATED_MET_TO_PI3K_SIGNALING_PATHWAY,KEGG Medicus Pathways,0.001191,1.0,0.004856,0.04269,7,9,"AKT1,AKT2,AKT3,GAB1,PIK3CA,PIK3CB,PIK3CD",True,7
Pathway,MM15666,REACTOME_ESTROGEN_DEPENDENT_NUCLEAR_EVENTS_DOWNSTREAM_OF_ESR_MEMBRANE_SIGNALING,Reactome Pathways,0.001191,1.0,0.004856,0.04269,7,9,"AKT1,AKT2,CREB1,AKT3,UHMK1,MAPK1,XPO1",True,7
Pathway,M27337,REACTOME_SODIUM_PROTON_EXCHANGERS,Reactome Pathways,0.001191,1.0,0.004856,0.04269,7,9,"SLC9A6,SLC9A4,SLC9A1,SLC9A2,SLC9A3,SLC9A5,SLC9A8",True,7
Pathway,MM15079,REACTOME_SODIUM_PROTON_EXCHANGERS,Reactome Pathways,0.001191,1.0,0.004856,0.04269,7,9,"SLC9A6,SLC9A4,SLC9A1,SLC9A2,SLC9A3,SLC9A5,SLC9A8",True,7
Pathway,MM14676,REACTOME_SCF_BETA_TRCP_MEDIATED_DEGRADATION_OF_EMI1,Reactome Pathways,0.001191,1.0,0.004856,0.04269,7,9,"CDC20,FZR1,RPS27A,SKP1,UBA52,UBB,UBC",True,7
Pathway,M47490,KEGG_MEDICUS_VARIANT_AMPLIFIED_MET_TO_PI3K_SIGNALING_PATHWAY,KEGG Medicus Pathways,0.001191,1.0,0.004856,0.04269,7,9,"AKT1,AKT2,AKT3,GAB1,PIK3CA,PIK3CB,PIK3CD",True,7
Pathway,M47481,KEGG_MEDICUS_REFERENCE_TGFA_EGFR_PI3K_SIGNALING_PATHWAY,KEGG Medicus Pathways,0.001191,1.0,0.004856,0.04269,7,9,"AKT1,AKT2,AKT3,EGFR,PIK3CA,PIK3CB,PIK3CD",True,7
Pathway,M47546,KEGG_MEDICUS_REFERENCE_CXCR4_GNA12_13_RHO_SIGNALING_PATHWAY,KEGG Medicus Pathways,0.001191,1.0,0.004856,0.04269,7,9,"RHOA,ARHGEF1,ROCK2,GNA13,GNA12,ROCK1,CXCR4",True,7
Pathway,M47790,KEGG_MEDICUS_REFERENCE_ACH_CHRN_PI3K_SIGNALING_PATHWAY,KEGG Medicus Pathways,0.001208,1.0,0.004891,0.043,6,7,"AKT1,AKT2,AKT3,PIK3CA,PIK3CB,PIK3CD",True,6
Pathway,MM15592,REACTOME_CALNEXIN_CALRETICULIN_CYCLE,Reactome Pathways,0.001208,1.0,0.004891,0.043,6,7,"CALR,CANX,RPS27A,UBA52,UBB,UBC",True,6
Pathway,M48255,REACTOME_SIGNALING_BY_LTK_IN_CANCER,Reactome Pathways,0.001208,1.0,0.004891,0.043,6,7,"PIK3CA,PIK3CB,PIK3R1,PIK3R2,MAPK1,MAPK3",True,6
Pathway,M27373,REACTOME_SYNTHESIS_OF_DOLICHYL_PHOSPHATE,Reactome Pathways,0.001208,1.0,0.004891,0.043,6,7,"NUS1,MVD,SRD5A3,DHDDS,DOLK,DOLPP1",True,6
Pathway,MM14639,REACTOME_REGULATION_OF_CHOLESTEROL_BIOSYNTHESIS_BY_SREBP_SREBF,Reactome Pathways,0.001208,1.0,0.004891,0.043,6,7,"MBTPS1,MBTPS2,RAN,SCAP,SREBF1,SREBF2",True,6
Pathway,M29822,REACTOME_MODULATION_BY_MTB_OF_HOST_IMMUNE_SYSTEM,Reactome Pathways,0.001208,1.0,0.004891,0.043,6,7,"MRC1,RPS27A,TLR2,UBA52,UBB,UBC",True,6
Pathway,M27275,REACTOME_DISEASES_OF_GLYCOSYLATION,Reactome Pathways,0.001237,1.0,0.005002,0.04398,52,144,"ACAN,DPM1,DPM2,LARGE1,MUC17,MPDU1,NCAN,NUS1,DAG1,B3GAT3,DPAGT1,SLC26A2,ALG3,EXT1,EXT2,POMT1,GALK1,GALNT3,GFPT1,B4GALT1,GLB1,B4GAT1,MAN1B1,ALG14,HSPG2,MUC16,MGAT2,MPI,MUC7,DPM3,PGM1,ALG8,ALG6,ALG12,PMM2,POMT2,SRD5A3,ALG11,GALNT12,ALG13,DHDDS,ADAMTS20,SDC1,DOLK,POMGNT1,ADAMTS18,ALG1,MUC5B,THBS1,AGRN,MUC13,GALM",True,52
Pathway,MM15403,REACTOME_METABOLISM_OF_AMINO_ACIDS_AND_DERIVATIVES,Reactome Pathways,0.001256,1.0,0.005074,0.04461,78,233,"ACAT1,NMRAL1,RIMKLB,SERINC1,AGXT,AHCY,BBOX1,KMO,ARG1,SLC25A12,ASL,ASS1,ALDH7A1,BCAT1,BCAT2,BCKDHA,BCKDHB,CBS,SQOR,GRHPR,SLC25A10,CTH,DBT,DCT,PHGDH,HIBCH,DLD,DLST,ECHS1,AASS,SLC25A13,SLC45A2,PSMD14,BCKDK,KGD4,GCDH,GLUD1,GLUD2,GLUL,GPT2,GOT1,GOT2,ADRM1,GPT,HSD17B10,HPD,MAT1A,MTAP,MTR,MTRR,OAT,OGDH,OTC,HAO1,IL4I1,PSAT1,PSMC1,PSMC5,PSMD2,PSMD3,PSMD13,PSPH,ALDH18A1,QDPR,CHDH,DHTKD1,SHMT1,SRR,SLC3A2,SLC6A11,NAGS,TAT,TH,HAAO,SDSL,TXNRD1,TYR,SLC7A5",True,78
Pathway,M1749,KEGG_VEGF_SIGNALING_PATHWAY,KEGG Legacy Pathways,0.001288,1.0,0.005199,0.04571,31,76,"PLA2G6,AKT1,AKT2,PIK3R3,CDC42,AKT3,HRAS,HSPB1,KRAS,NRAS,PIK3CA,PIK3CB,PIK3CD,PIK3CG,PIK3R1,PIK3R2,PLCG1,PLCG2,PPP3CB,PRKCA,PRKCB,PRKCG,MAPK1,MAPK3,MAP2K1,MAP2K2,PTGS2,RAC1,RAC2,RAF1,SRC",True,31
Pathway,MM15120,REACTOME_ASPARAGINE_N_LINKED_GLYCOSYLATION,Reactome Pathways,0.001298,1.0,0.005233,0.04601,95,293,"ARF4,DYNLL1,B4GALT3,B4GALT2,GBF1,DPM1,DPM2,FCSK,CALR,CANX,CAPZB,SEC22C,CHST10,MPDU1,SEC24C,NUS1,DYNLL2,DCTN1,GFPT2,DYNC1H1,DYNC1I1,DYNC1I2,DYNC1LI2,DPAGT1,DYNC1LI1,ALG3,DCTN4,TUBA1B,TUBB3,TUBB4A,TUBB4B,DCTN2,FUCA1,TUBA8,GFPT1,B4GALT1,TUBB6,ST6GAL2,GLB1,TUBA1C,GRIA1,MGAT4B,HK1,MGAT4A,ALG14,INS,TUBB2B,MAN2A2,MAN2A1,MGAT1,MGAT2,MGAT5,MPI,MVD,DPM3,PGM3,ALG5,ALG8,GMPPB,GMPPA,ALG6,ALG12,PMM1,PMM2,DERL1,PSMC1,RAD23B,SRD5A3,TUBAL3,ALG13,SLC35C1,DHDDS,RPS27A,SEC13,TRAPPC2,NAGK,COPG1,DOLK,SPTA1,SPTAN1,SPTB,SCFD1,ALG1,TUBA3D,TUBA4A,TUBB2A,TUBB1,UBA52,UBB,UBC,VCP,GNPNAT1,TUBA1A,TRAPPC6B,DOLPP1",True,95
Pathway,M638,KEGG_ADHERENS_JUNCTION,KEGG Legacy Pathways,0.001328,1.0,0.005349,0.04703,30,73,"ACTB,ACTN4,ACTN1,ACTN2,RHOA,IQGAP1,WASL,CDC42,NECTIN3,CREBBP,CTNNB1,EGFR,EP300,ERBB2,FGFR1,SORBS1,SSX2IP,FYN,SMAD4,MAPK1,MAPK3,RAC1,RAC2,SRC,TGFBR1,TGFBR2,TJP1,PARD3,WAS,NECTIN4",True,30
Pathway,M47917,KEGG_MEDICUS_REFERENCE_GENE_SILENCING_BY_METHYLATION_OF_H3K27_AND_UBIQUITINATION_OF_H2AK119,KEGG Medicus Pathways,0.001339,1.0,0.005385,0.04735,19,40,"H3C2,CBX4,BMI1,CTBP1,CTBP2,PHC1,PHC2,EZH2,CBX2,H3-3A,H3-3B,RING1,RNF2,PHC3,SCMH1,CBX7,UBB,PCGF2,CBX8",True,19
Pathway,M27316,REACTOME_REGULATION_OF_LIPID_METABOLISM_BY_PPARALPHA,Reactome Pathways,0.001362,1.0,0.005474,0.04813,44,118,"NCOA3,ABCA1,ACADM,PLIN2,AGT,AHR,ALAS1,ARNT,HDAC3,CD36,SIN3A,NR1D1,CREBBP,NCOR1,NCOR2,CYP1A1,MED24,THRAP3,MED16,EP300,ESRRA,FDFT1,PPARGC1A,GLIPR1,GPS2,HMGCR,HMGCS1,HMGCS2,NFYA,NFYB,NFYC,ABCB4,PPARG,MED1,TBL1XR1,RORA,MED19,SP1,SREBF1,SREBF2,TBL1X,SIN3B,TXNRD1,SLC27A1",True,44
Pathway,M47862,KEGG_MEDICUS_REFERENCE_TRAIP_DEPENDENT_REPLISOME_DISASSEMBLY,KEGG Medicus Pathways,0.001408,1.0,0.005625,0.04945,10,16,"MCM2,MCM3,MCM4,MCM5,MCM6,MCM7,NPLOC4,UBB,UFD1,VCP",True,10
Pathway,M902,REACTOME_CGMP_EFFECTS,Reactome Pathways,0.001408,1.0,0.005625,0.04945,10,16,"PDE5A,PDE11A,PDE10A,KCNMA1,PDE1A,PDE2A,PDE9A,PDE1B,PRKG1,PRKG2",True,10
Pathway,MM14938,REACTOME_SUMOYLATION_OF_TRANSCRIPTION_FACTORS,Reactome Pathways,0.001408,1.0,0.005625,0.04945,10,16,"PIAS1,PIAS2,SUMO4,PIAS3,PIAS4,MITF,SUMO2,TP53BP1,UBE2I,SUMO1",True,10
Pathway,M47632,KEGG_MEDICUS_REFERENCE_N_GLYCAN_BIOSYNTHESIS,KEGG Medicus Pathways,0.001408,1.0,0.005625,0.04945,10,16,"B4GALT3,B4GALT2,B4GALT1,ST6GAL2,MAN1B1,MAN2A2,MAN2A1,MGAT1,MGAT2,GANAB",True,10
Pathway,M17694,REACTOME_BRANCHED_CHAIN_AMINO_ACID_CATABOLISM,Reactome Pathways,0.001413,1.0,0.005625,0.04945,12,21,"ACAT1,BCAT1,BCAT2,BCKDHA,BCKDHB,SLC25A44,DBT,HIBCH,DLD,ECHS1,BCKDK,HSD17B10",True,12
Pathway,M27494,REACTOME_RHO_GTPASES_ACTIVATE_PAKS,Reactome Pathways,0.001413,1.0,0.005625,0.04945,12,21,"CALM1,CDC42,MYL9,FLNA,MYH9,PPP1R12A,PAK1,PAK2,PAK3,PPP1CB,MYL12B,RAC1",True,12
Pathway,MM15633,REACTOME_REGULATION_OF_SIGNALING_BY_CBL,Reactome Pathways,0.001413,1.0,0.005625,0.04945,12,21,"PIK3R3,FYN,GRB2,PIK3CA,PIK3CB,PIK3CD,PIK3R1,PIK3R2,RPS27A,UBA52,UBB,UBC",True,12
Pathway,M3624,KEGG_GLYCOSAMINOGLYCAN_DEGRADATION,KEGG Legacy Pathways,0.001413,1.0,0.005625,0.04945,12,21,"ARSB,GALNS,GLB1,GNS,GUSB,HYAL1,IDS,IDUA,NAGLU,SGSH,SPAM1,HGSNAT",True,12
Pathway,M47542,KEGG_MEDICUS_REFERENCE_CXCR4_GNAQ_PLCB_G_CALCINEURIN_SIGNALING_PATHWAY,KEGG Medicus Pathways,0.001413,1.0,0.005625,0.04945,12,21,"CALM1,CALM2,CALM3,GNAQ,PLCB2,PLCB3,PLCB4,PLCG1,PLCG2,PPP3CB,PLCB1,CXCR4",True,12
Pathway,M27171,REACTOME_DAP12_SIGNALING,Reactome Pathways,0.001451,1.0,0.005757,0.05062,15,29,"FYN,GRB2,HRAS,KRAS,LCK,NRAS,TREM2,PIK3CA,PIK3CB,PIK3R1,PIK3R2,PLCG1,PLCG2,RAC1,SOS1",True,15
Pathway,M779,REACTOME_DOWNSTREAM_SIGNAL_TRANSDUCTION,Reactome Pathways,0.001451,1.0,0.005757,0.05062,15,29,"GRB2,HRAS,KRAS,NRAS,PDGFRB,PIK3CA,PIK3CB,PIK3R1,PIK3R2,PLCG1,RASA1,SOS1,SRC,STAT1,STAT3",True,15
Pathway,MM15028,REACTOME_TRAFFICKING_OF_AMPA_RECEPTORS,Reactome Pathways,0.001451,1.0,0.005757,0.05062,15,29,"AP2A1,AP2A2,AP2B1,CAMK2A,CAMK2B,CAMK2D,CAMK2G,DLG4,CACNG2,GRIA1,MDM2,MYO6,PRKCB,PRKCG,GRIP1",True,15
Pathway,M17157,REACTOME_PYRUVATE_METABOLISM,Reactome Pathways,0.001464,1.0,0.005802,0.05101,22,49,"DLAT,DLD,GLO1,GPT,LDHA,ME2,MKLN1,NEK1,PC,PDHA1,PDHA2,PDHB,PDK1,PDK4,PKLR,PKM,RPS27A,UBA52,UBB,UBC,VDAC1,PDHX",True,22
Pathway,M544,REACTOME_SIGNALING_BY_ERBB4,Reactome Pathways,0.001469,1.0,0.005816,0.05113,25,58,"APOE,NCOR1,DLG4,EGFR,GABRA1,GABRB1,GABRG2,WWOX,GFAP,GRB2,HRAS,KRAS,NEDD4,NRAS,PGR,PIK3CA,PIK3R1,RPS27A,S100B,SOS1,SRC,ADAM17,UBA52,UBB,UBC",True,25
Pathway,M7455,REACTOME_INTRINSIC_PATHWAY_FOR_APOPTOSIS,Reactome Pathways,0.001478,1.0,0.005844,0.05138,24,55,"AKT1,AKT2,DYNLL1,BAX,BCL2,CASP3,CDKN2A,DYNLL2,AKT3,BCL2L11,YWHAQ,NMT1,CYCS,MAPK1,MAPK3,MAPK8,UACA,STAT3,TP53,YWHAB,YWHAE,YWHAG,YWHAH,YWHAZ",True,24
Pathway,M27654,REACTOME_INTRA_GOLGI_AND_RETROGRADE_GOLGI_TO_ER_TRAFFIC,Reactome Pathways,0.00149,1.0,0.005886,0.05176,69,203,"KIF18A,SYS1,PLA2G6,RIC1,KLC3,ALPP,ARF4,ARL1,DYNLL1,GBF1,CAPZA1,CAPZB,KIFC2,CENPE,VAMP3,RAB9A,KIF3B,DYNLL2,CUX1,DCTN1,DYNC1H1,DYNC1I1,DYNC1I2,DYNC1LI2,ARFRP1,DYNC1LI1,DCTN4,RABEPK,TUBA1B,TUBB3,TUBB4A,TUBB4B,DCTN2,NAA38,RAB6B,NBAS,GALNT2,TUBA8,TUBB6,GOLGA4,TUBA1C,KIF3A,SCOC,TUBB8,TUBB2B,KIF2A,KIF5A,KIF5B,KLC1,KIF11,KIFC1,KIF25,MAN2A2,MAN2A1,PAFAH1B1,PAFAH1B2,RAB6A,TUBAL3,TUBA3E,COPG1,KIFAP3,TUBA3D,ARFIP2,TUBA4A,TUBB2A,TUBB1,KLC2,TUBA1A,KLC4",True,69
Pathway,MM14707,REACTOME_CYTOSOLIC_SENSORS_OF_PATHOGEN_ASSOCIATED_DNA,Reactome Pathways,0.001616,1.0,0.006371,0.05601,16,32,"CTNNB1,DHX9,EP300,DDX41,MRE11,TBK1,MYD88,NFKBIA,RELA,RPS27A,TRIM32,DHX36,UBA52,UBB,UBC,TRIM56",True,16
Pathway,MM14719,REACTOME_METABOLISM_OF_PORPHYRINS,Reactome Pathways,0.001616,1.0,0.006371,0.05601,16,32,"ALAD,ALAS1,ALAS2,ALB,BLVRB,COX10,COX15,CPOX,FECH,HMBS,HMOX1,HMOX2,FLVCR1,PPOX,UROD,UROS",True,16
Pathway,M27665,REACTOME_DNA_REPLICATION_PRE_INITIATION,Reactome Pathways,0.001647,1.0,0.006483,0.057,53,149,"H2AC18,H2AC20,H2BC21,H3C2,H4C6,CDC26,CDC23,CDC16,CDC6,CDC27,ANAPC15,PSMD14,FZR1,ANAPC10,ANAPC5,ANAPC7,ANAPC11,MCM8,UBE2S,ADRM1,UBE2C,H2AX,H3-3A,H3-3B,KPNA1,MCM2,MCM3,MCM4,MCM5,MCM6,MCM7,ANAPC16,ORC1,ORC2,ORC4,ORC5,ANAPC2,ANAPC4,PSMC1,PSMC5,PSMD2,PSMD3,PSMD13,RPS27A,ORC3,KPNA6,UBA52,UBB,UBC,UBE2D1,UBE2E1,ANAPC1,CDT1",True,53
Pathway,M47857,KEGG_MEDICUS_REFERENCE_DNA_REPLICATION_LICENSING,KEGG Medicus Pathways,0.00174,1.0,0.006838,0.06012,13,24,"CDC6,MCM2,MCM3,MCM4,MCM5,MCM6,MCM7,ORC1,ORC2,ORC4,ORC5,ORC3,CDT1",True,13
Pathway,M751,REACTOME_DARPP_32_EVENTS,Reactome Pathways,0.00174,1.0,0.006838,0.06012,13,24,"CALM1,CDK5,PDE4A,PDE4B,PPP1CA,PPP3CB,PRKACA,PRKACB,PRKACG,PRKAR1A,PRKAR1B,PRKAR2A,PRKAR2B",True,13
Pathway,M47969,KEGG_MEDICUS_REFERENCE_ADRB3_UCP1_SIGNALING_PATHWAY,KEGG Medicus Pathways,0.001749,1.0,0.006858,0.0603,17,35,"ACTB,ADCY1,ADCY2,ADCY3,ADCY5,ADCY6,ADCY7,ADCY8,ADCY9,ADRB3,ADCY4,GNAS,PPARG,PRKACA,PRKACB,PRKACG,SMARCC2",True,17
Pathway,MM15109,REACTOME_ACTIVATION_OF_NMDA_RECEPTORS_AND_POSTSYNAPTIC_EVENTS,Reactome Pathways,0.001749,1.0,0.006858,0.0603,17,35,"ACTN2,CAMK1,CALM1,CALM2,CALM3,CAMK2A,CAMK2B,CAMK2D,CAMK2G,CREB1,DLG4,GRIA1,NEFL,PRKACA,PRKACB,PRKAR1A,PRKAR1B",True,17
Pathway,M15798,KEGG_MELANOMA,KEGG Legacy Pathways,0.001774,1.0,0.006948,0.06109,29,71,"AKT1,AKT2,PIK3R3,ARAF,BRAF,CDKN2A,AKT3,EGFR,FGFR1,HRAS,KRAS,MDM2,MITF,NRAS,PDGFRB,PIK3CA,PIK3CB,PIK3CD,PIK3CG,PIK3R1,PIK3R2,MAPK1,MAPK3,MAP2K1,MAP2K2,PTEN,RAF1,PDGFC,TP53",True,29
Pathway,MM17073,REACTOME_FORMATION_OF_WDR5_CONTAINING_HISTONE_MODIFYING_COMPLEXES,Reactome Pathways,0.001852,1.0,0.007244,0.0637,18,38,"OGT,KAT2B,ASH2L,KMT2B,DR1,PHF20,KAT8,MCRS1,KAT2A,WDR5,PSIP1,HCFC1,MEN1,KMT2A,HCFC2,KANSL1,RBBP5,KMT2D",True,18
Pathway,M39008,REACTOME_TRANSLATION_OF_REPLICASE_AND_ASSEMBLY_OF_THE_REPLICATION_TRANSCRIPTION_COMPLEX,Reactome Pathways,0.00187,1.0,0.00726,0.06384,9,14,"CHMP2B,CHMP7,CHMP4C,CHMP3,CHMP2A,CHMP4A,CHMP6,CHMP4B,MAP1LC3B",True,9
Pathway,M27052,REACTOME_SYNTHESIS_OF_IP2_IP_AND_INS_IN_THE_CYTOSOL,Reactome Pathways,0.00187,1.0,0.00726,0.06384,9,14,"INPP4B,SYNJ1,ISYNA1,IMPA1,IMPA2,INPP4A,INPP5A,INPP5B,OCRL",True,9
Pathway,M27734,REACTOME_PTK6_REGULATES_RHO_GTPASES_RAS_GTPASE_AND_MAP_KINASES,Reactome Pathways,0.00187,1.0,0.00726,0.06384,9,14,"RHOA,ELMO1,DOCK1,HRAS,KRAS,NRAS,RAC1,RASA1,ELMO2",True,9
Pathway,MM15092,REACTOME_MRNA_DECAY_BY_5_TO_3_EXORIBONUCLEASE,Reactome Pathways,0.00187,1.0,0.00726,0.06384,9,14,"LSM2,LSM4,LSM7,LSM1,LSM3,LSM6,PATL1,EDC4,LSM5",True,9
Pathway,M48239,REACTOME_REGULATION_OF_TBK1_IKK_IKBKE_MEDIATED_ACTIVATION_OF_IRF3_IRF7,Reactome Pathways,0.00187,1.0,0.00726,0.06384,9,14,"IKBKE,OPTN,TBK1,RPS27A,TLR4,TRAF3,UBA52,UBB,UBC",True,9
Pathway,M27247,REACTOME_GLYCOGEN_SYNTHESIS,Reactome Pathways,0.00187,1.0,0.00726,0.06384,9,14,"GBE1,GYS1,GYS2,PGM1,RPS27A,UBA52,UBB,UBC,UGP2",True,9
Pathway,M47536,KEGG_MEDICUS_REFERENCE_EGF_EGFR_PI3K_NFKB_SIGNALING_PATHWAY,KEGG Medicus Pathways,0.00187,1.0,0.00726,0.06384,9,14,"AKT1,AKT2,AKT3,EGFR,NFKBIA,PIK3CA,PIK3CB,PIK3CD,RELA",True,9
Pathway,MM15698,REACTOME_KEAP1_NFE2L2_PATHWAY,Reactome Pathways,0.00188,1.0,0.007292,0.06411,27,65,"AKT1,AKT2,CUL3,UBXN7,KEAP1,RBX1,AKT3,PSMD14,EP300,ADRM1,GSK3B,NFE2L2,PSMC1,PSMC5,PSMD2,PSMD3,PSMD13,RPS27A,SKP1,NPLOC4,UBA52,UBB,UBC,UFD1,VCP,FBXL17,MAP1LC3B",True,27
Pathway,M41809,REACTOME_RAC1_GTPASE_CYCLE,Reactome Pathways,0.001909,1.0,0.007398,0.06505,63,184,"ABL2,ABR,CDC42BPA,PIK3R3,ALS2,ARHGAP1,ARHGDIA,SNAP23,IQGAP1,ARHGEF7,WASL,CAV1,ARHGEF25,CDC42,VAMP3,DOCK4,ARHGAP24,GIT2,PARD6A,SRGAP3,DOCK1,ECT2,ABI2,FARP1,PAK4,GNA13,NCKAP1,CDC42EP1,ITGB1,MPP7,LBR,MCAM,MCF2,GIT1,OPHN1,PAK1,PAK2,PAK3,PIK3CA,PIK3R1,PIK3R2,IQGAP3,LAMTOR1,RAC1,ARHGAP17,SLC1A5,DEPDC1B,SOS1,SOS2,BAIAP2L1,ESYT1,ARHGEF18,SRGAP2,ARHGAP39,TFRC,TMPO,WAS,PAK6,RAB7A,DIAPH3,WIPF2,PAK5,VANGL1",True,63
Pathway,MM17248,REACTOME_COMPLEX_III_ASSEMBLY,Reactome Pathways,0.001943,1.0,0.007492,0.06588,11,19,"LYRM7,CYC1,FXN,UQCRQ,HSCB,HSPA9,MT-CYB,UQCR10,UQCRC1,UQCRC2,UQCRFS1",True,11
Pathway,MM15577,REACTOME_GLYCOGEN_METABOLISM,Reactome Pathways,0.001943,1.0,0.007492,0.06588,11,19,"AGL,CALM1,CALM2,CALM3,GAA,GBE1,GYS1,PGM1,PYGL,PYGM,UGP2",True,11
Pathway,M47957,KEGG_MEDICUS_REFERENCE_CA2_CAM_CAMK_SIGNALING_PATHWAY,KEGG Medicus Pathways,0.001943,1.0,0.007492,0.06588,11,19,"CAMK1,CALM1,CALM2,CALM3,CAMK4,CAMK2A,CAMK2B,CAMK2D,CAMK2G,CAMK1D,CAMK1G",True,11
Pathway,M27423,REACTOME_VEGFR2_MEDIATED_CELL_PROLIFERATION,Reactome Pathways,0.001943,1.0,0.007492,0.06588,11,19,"CALM1,AHCYL1,HRAS,KRAS,NRAS,PLCG1,PRKCA,PRKCB,PRKCZ,RASA1,SRC",True,11
Pathway,M27493,REACTOME_RHO_GTPASES_ACTIVATE_ROCKS,Reactome Pathways,0.001943,1.0,0.007492,0.06588,11,19,"RHOA,RHOB,RHOC,ROCK2,MYL9,MYH9,PPP1R12A,PAK1,PPP1CB,MYL12B,ROCK1",True,11
Pathway,M41803,REACTOME_REGULATED_NECROSIS,Reactome Pathways,0.001963,1.0,0.007551,0.06639,25,59,"OGT,BIRC3,BAX,TNFRSF10B,TNFRSF10A,CASP3,CHMP2B,CHMP7,FLOT1,STUB1,CHMP4C,CHMP3,CHMP2A,HSP90AA1,IL1B,CHMP4A,CYCS,PRKN,CHMP6,CHMP4B,RPS27A,TP53,UBA52,UBB,UBC",True,25
Pathway,M963,KEGG_RNA_DEGRADATION,KEGG Legacy Pathways,0.001963,1.0,0.007551,0.06639,25,59,"LSM2,LSM4,ENO1,ENO2,ENO3,LSM7,LSM8,LSM1,LSM3,PAPOLA,TENT4A,LSM6,HSPA9,HSPD1,CNOT3,PNPT1,EXOSC9,EXOSC10,XRN2,CNOT1,PATL1,EXOSC2,MTREX,EDC4,LSM5",True,25
Pathway,M646,REACTOME_TGF_BETA_RECEPTOR_SIGNALING_ACTIVATES_SMADS,Reactome Pathways,0.002005,1.0,0.007707,0.06776,21,47,"USP15,STUB1,FKBP1A,ITGB1,ITGB5,SMAD4,NEDD8,PPP1CA,PPP1CB,PPP1CC,RPS27A,NEDD4L,TGFB1,TGFBR1,TGFBR2,TGFBR3,UBA52,UBB,UBC,XPO1,SMURF1",True,21
Pathway,M13897,REACTOME_CD28_DEPENDENT_PI3K_AKT_SIGNALING,Reactome Pathways,0.00202,1.0,0.007755,0.06819,14,27,"AKT1,AKT2,PIK3R3,CD80,CD86,AKT3,FYN,LCK,PIK3CA,PIK3CB,PIK3CD,PIK3CG,PIK3R1,PIK3R2",True,14
Pathway,MM15232,REACTOME_VESICLE_MEDIATED_TRANSPORT,Reactome Pathways,0.002084,1.0,0.007991,0.07026,190,645,"KIF18A,ACTB,SYS1,FZD4,ADRB2,GRK2,GRK3,AP2A1,AP2A2,AP2B1,AP1G1,AGTR1,PLA2G6,AKT1,AKT2,ALB,RIC1,KLC3,ALPP,AMBP,ALS2,APOE,APOL1,AP3B1,ARF4,ARL1,ARRB1,ARRB2,DYNLL1,GBF1,AVPR2,RAB11A,SNAP23,SYNJ1,SYNJ2,CALR,CAPZB,KIFC2,CD4,SEC22C,CD36,SCARB1,SCARB2,HGS,CENPE,CFTR,CHM,TRIP10,CD163,VAMP3,EPS15L1,RAB9A,KIF3B,CLTC,CHMP2B,SEC24C,ITSN2,DYNLL2,PUM1,DNAJC6,DCTN1,KIAA0319,CHMP7,DNM1,DYNC1H1,DYNC1I1,DYNC1I2,DYNC1LI2,DNM2,AKT3,DVL2,VPS36,OPTN,ARFRP1,EGFR,DYNC1LI1,VPS28,DCTN4,RABEPK,EPS15,STAM2,UBAP1,TUBA1B,TUBB3,TUBB4A,TUBB4B,CHMP4C,DCTN2,VPS25,RAB6B,NBAS,RAB3IP,FTH1,CHMP3,RAB7B,GALNT2,BLOC1S1,TUBA8,CHMP2A,TUBB6,GJA1,RAB10,GJA8,GJB2,COPS5,GNS,GOLGA4,TUBA1C,GRB2,GRIA1,KIF3A,SNF8,GABARAP,GABARAPL2,MVB12A,SCOC,HPX,HSPA8,TRAPPC11,INS,TUBB2B,KIF2A,KIF5A,KIF5B,KLC1,KIF11,KIFC1,RNF103-CHMP3,LRP1,RAB8A,MSR1,MYO6,NEDD8,OCRL,PAFAH1B1,PAFAH1B2,PIK3C2A,EPN1,UBQLN2,FNBP1L,RAB5A,RAB6A,RAB13,VPS37C,CHMP6,CHMP4B,VPS37B,TUBAL3,RPS27A,SEC13,TRAPPC2,VPS37A,STAB2,COPG1,ITSN1,KIFAP3,NECAP2,FNBP1,SPTA1,SPTAN1,SPTB,SRC,STAB1,SCFD1,TUBA3D,PIP5K1C,TFRC,TJP1,HSP90B1,TSC1,TSG101,RABGAP1,ARFIP2,TUBA4A,TUBB2A,TUBB1,UBA52,UBB,UBC,WNT5A,KLC2,YWHAE,TUBA1A,TRAPPC6B,RAB7A,MAP1LC3B,VPS37D,MVB12B,STAM,KLC4",True,190
Pathway,MM14652,REACTOME_SIGNALING_BY_NTRKS,Reactome Pathways,0.002198,1.0,0.008422,0.07405,30,75,"AP2A1,AP2A2,AP2B1,RHOA,ATF1,BRAF,RPS6KA5,CHD4,CLTC,CREB1,DUSP6,FYN,GRB2,HRAS,KRAS,NTRK2,PCSK5,PIK3CA,PIK3CB,PIK3R1,PIK3R2,PLCG1,MAPK1,MAPK3,MAP2K1,MAP2K2,RAC1,SOS1,SRC,YWHAB",True,30
Pathway,MM15170,REACTOME_VEGFR2_MEDIATED_VASCULAR_PERMEABILITY,Reactome Pathways,0.002249,1.0,0.008564,0.0753,15,30,"AKT1,AKT2,CALM1,CALM2,CALM3,CAV1,CDH5,CTNNB1,AKT3,HSP90AA1,JUP,PAK1,PAK2,PAK3,RAC1",True,15
Pathway,M27762,REACTOME_SYNTHESIS_OF_ACTIVE_UBIQUITIN_ROLES_OF_E1_AND_E2_ENZYMES,Reactome Pathways,0.002249,1.0,0.008564,0.0753,15,30,"USP9X,UBE2E3,UBE2S,UBE2C,UBA6,RPS27A,UBA52,UBB,UBC,UBA1,UBE2D1,UBE2D2,UBE2E1,USP7,USP5",True,15
Pathway,MM15507,REACTOME_SYNTHESIS_OF_ACTIVE_UBIQUITIN_ROLES_OF_E1_AND_E2_ENZYMES,Reactome Pathways,0.002249,1.0,0.008564,0.0753,15,30,"USP9X,UBE2E3,UBE2S,UBE2C,UBA6,RPS27A,UBA52,UBB,UBC,UBA1,UBE2D1,UBE2D2,UBE2E1,USP7,USP5",True,15
Pathway,M27637,REACTOME_REGULATION_OF_TP53_ACTIVITY_THROUGH_ACETYLATION,Reactome Pathways,0.002249,1.0,0.008564,0.0753,15,30,"PIP4K2B,AKT1,AKT2,PIP4P1,CHD3,CHD4,AKT3,EP300,HDAC1,HDAC2,BRD7,PIP4K2A,PML,PIP4K2C,TP53",True,15
Pathway,M27323,REACTOME_SUMOYLATION_OF_INTRACELLULAR_RECEPTORS,Reactome Pathways,0.002249,1.0,0.008564,0.0753,15,30,"PIAS1,AR,PIAS2,HDAC4,PIAS3,PIAS4,PGR,PPARG,RARA,RORA,SUMO2,THRB,NR2C1,UBE2I,SUMO1",True,15
Pathway,M17814,REACTOME_ACTIVATION_OF_BH3_ONLY_PROTEINS,Reactome Pathways,0.002249,1.0,0.008564,0.0753,15,30,"AKT1,AKT2,DYNLL1,BCL2,DYNLL2,AKT3,BCL2L11,YWHAQ,MAPK8,TP53,YWHAB,YWHAE,YWHAG,YWHAH,YWHAZ",True,15
Pathway,M3574,REACTOME_SIGNALING_BY_NTRKS,Reactome Pathways,0.002253,1.0,0.00857,0.07535,48,134,"ADORA2A,AP2A1,AP2A2,AP2B1,RHOA,ASCL1,ATF1,BAX,BRAF,CDK5,RPS6KA5,CHD4,CLTC,CREB1,ATF2,DNM1,DNM2,DUSP6,TRIB1,EP300,FOS,FOSB,FYN,GAB1,GRB2,HRAS,JUND,KRAS,MEF2D,NRAS,NTRK2,PCSK5,PIK3CA,PIK3CB,PIK3R1,PIK3R2,PLCG1,MAPK1,MAPK3,MAP2K1,MAP2K2,PTPRO,RAC1,SOS1,SRC,STAT3,YWHAB,FOSL1",True,48
Pathway,M19428,KEGG_WNT_SIGNALING_PATHWAY,KEGG Legacy Pathways,0.002297,1.0,0.008728,0.07674,53,151,"FZD4,FZD6,CHD8,RHOA,RUVBL1,TBL1Y,CAMK2A,CAMK2B,CAMK2D,CAMK2G,ROCK2,CREBBP,CTBP1,CTBP2,CTNNB1,RBX1,DVL1,DVL2,EP300,FZD2,GSK3B,JUN,LRP5,SMAD4,MYC,PLCB2,PLCB3,PLCB4,PPP3CB,PRKACA,PRKACB,PRKACG,PRKCA,PRKCB,PRKCG,MAPK8,MAPK9,RAC1,RAC2,TBL1XR1,ROCK1,SKP1,PLCB1,TBL1X,TP53,WNT5B,WNT5A,WNT11,FZD5,FZD3,FOSL1,VANGL2,VANGL1",True,53
Pathway,MM15599,REACTOME_RAC1_GTPASE_CYCLE,Reactome Pathways,0.002325,1.0,0.008826,0.07761,60,175,"ABL2,ABR,CDC42BPA,PIK3R3,ALS2,ARHGAP1,ARHGDIA,SNAP23,IQGAP1,ARHGEF7,CAV1,ARHGEF25,CDC42,VAMP3,RBM39,DOCK4,ARHGAP24,GIT2,PARD6A,SRGAP3,DOCK1,ECT2,ABI2,FARP1,PAK4,GNA13,NCKAP1,CDC42EP1,ITGB1,MPP7,LBR,MCAM,MCF2,GIT1,OPHN1,PAK1,PAK2,PAK3,PIK3CA,PIK3R1,PIK3R2,IQGAP3,LAMTOR1,RAC1,ARHGAP17,SLC1A5,DEPDC1B,SOS1,SOS2,BAIAP2L1,ESYT1,ARHGEF18,SRGAP2,ARHGAP39,TFRC,PAK6,RAB7A,DIAPH3,PAK5,VANGL1",True,60
Pathway,MM15596,REACTOME_RHOB_GTPASE_CYCLE,Reactome Pathways,0.002367,1.0,0.008977,0.07893,28,69,"ABR,RHOB,ARHGAP1,SNAP23,CAV1,ARHGEF25,ARHGEF1,VAMP3,ROCK2,DIAPH1,ECT2,FLOT1,STOM,AKAP13,JUP,MCAM,MCF2,OPHN1,PIK3R1,PIK3R2,IQGAP3,ROCK1,DEPDC1B,ARHGAP39,TFRC,SOWAHC,DIAPH3,VANGL1",True,28
Pathway,M27609,REACTOME_INTERLEUKIN_4_AND_INTERLEUKIN_13_SIGNALING,Reactome Pathways,0.002389,1.0,0.009051,0.07958,41,111,"AKT1,SOCS1,BCL2,BCL6,SOCS3,CD36,FN1,BATF,FOS,HIF1A,HMOX1,HSPA8,HSP90AA1,ICAM1,IL1B,IL2RG,IL4,IL6,IL10,IL17A,ITGAM,ITGAX,ITGB1,JAK2,MYC,OPRM1,PIK3R1,POMC,POU2F1,PTGS2,RORA,CCL2,CCL22,FSCN1,SOX2,STAT1,STAT3,TGFB1,TNF,TP53,HSP90B1",True,41
Pathway,M903,REACTOME_REGULATION_OF_SIGNALING_BY_CBL,Reactome Pathways,0.002419,1.0,0.009112,0.08012,12,22,"PIK3R3,FYN,GRB2,PIK3CA,PIK3CB,PIK3CD,PIK3R1,PIK3R2,RPS27A,UBA52,UBB,UBC",True,12
Pathway,MM15675,REACTOME_SIGNALING_BY_CSF3_G_CSF,Reactome Pathways,0.002419,1.0,0.009112,0.08012,12,22,"SOCS1,SOCS3,GRB2,JAK2,KRAS,RPS27A,UBA52,UBB,UBC,UBE2D1,UBE2D2,UBE2D3",True,12
Pathway,MM17246,REACTOME_REGULATION_OF_PYRUVATE_METABOLISM,Reactome Pathways,0.002429,1.0,0.009112,0.08012,16,33,"DLAT,DLD,LDHA,MKLN1,NEK1,PDHA1,PDHA2,PDHB,PDK1,PDK4,PKM,RPS27A,UBA52,UBB,UBC,PDHX",True,16
Pathway,M48274,REACTOME_REGULATION_OF_PYRUVATE_METABOLISM,Reactome Pathways,0.002429,1.0,0.009112,0.08012,16,33,"DLAT,DLD,LDHA,MKLN1,NEK1,PDHA1,PDHA2,PDHB,PDK1,PDK4,PKM,RPS27A,UBA52,UBB,UBC,PDHX",True,16
Pathway,MM14608,REACTOME_MITOCHONDRIAL_BIOGENESIS,Reactome Pathways,0.002429,1.0,0.009112,0.08012,16,33,"ATP5F1A,ATP5F1B,ATP5F1C,ATP5F1D,ATP5PB,ATP5MC1,ATP5PF,ATP5PO,ATP5PD,ATP5MG,GLUD1,GLUD2,IDH2,CYCS,SOD2,ACSS2",True,16
Pathway,MM15288,REACTOME_JOSEPHIN_DOMAIN_DUBS,Reactome Pathways,0.002447,1.0,0.009112,0.08012,8,12,"PRKN,RAD23A,RAD23B,RPS27A,UBA52,UBB,UBC,VCP",True,8
Pathway,M47798,KEGG_MEDICUS_ENV_FACTOR_NNK_NNN_TO_PI3K_SIGNALING_PATHWAY_N01350,KEGG Medicus Pathways,0.002447,1.0,0.009112,0.08012,8,12,"AKT1,AKT2,AKT3,FOS,JUN,PIK3CA,PIK3CB,PIK3CD",True,8
Pathway,MM16638,REACTOME_RIBAVIRIN_ADME,Reactome Pathways,0.002447,1.0,0.009112,0.08012,8,12,"ADA,ADK,ITPA,NME1,NME2,PNP,NT5C2,NME1-NME2",True,8
Pathway,M47679,KEGG_MEDICUS_VARIANT_MUTATION_CAUSED_ABERRANT_HTT_TO_ELECTRON_TRANSFER_IN_COMPLEX_III,KEGG Medicus Pathways,0.002447,1.0,0.009112,0.08012,8,12,"CYC1,UQCRQ,HTT,MT-CYB,UQCR10,UQCRC1,UQCRC2,UQCRFS1",True,8
Pathway,M42522,REACTOME_ALK_MUTANTS_BIND_TKIS,Reactome Pathways,0.002447,1.0,0.009112,0.08012,8,12,"ALK,CLTC,EIF2AK3,FN1,EML4,NPM1,PPM1B,PRKAR1A",True,8
Pathway,M47943,KEGG_MEDICUS_REFERENCE_BLOCKING_UBIQUITINATION_OF_H2AK119_BY_CK2,KEGG Medicus Pathways,0.002447,1.0,0.009112,0.08012,8,12,"YAF2,DCAF7,PCGF3,PCGF5,RING1,RNF2,FBRS,RYBP",True,8
Pathway,M27577,REACTOME_JOSEPHIN_DOMAIN_DUBS,Reactome Pathways,0.002447,1.0,0.009112,0.08012,8,12,"PRKN,RAD23A,RAD23B,RPS27A,UBA52,UBB,UBC,VCP",True,8
Pathway,M47393,KEGG_MEDICUS_VARIANT_ERBB2_OVEREXPRESSION_TO_PI3K_SIGNALING_PATHWAY,KEGG Medicus Pathways,0.002447,1.0,0.009112,0.08012,8,12,"AKT1,AKT2,AKT3,EGFR,ERBB2,PIK3CA,PIK3CB,PIK3CD",True,8
Pathway,M27404,REACTOME_SUMOYLATION_OF_IMMUNE_RESPONSE_PROTEINS,Reactome Pathways,0.002447,1.0,0.009112,0.08012,8,12,"IKBKE,TOPORS,PIAS3,PIAS4,NFKBIA,RELA,UBE2I,SUMO1",True,8
Pathway,M47628,KEGG_MEDICUS_REFERENCE_TSH_DUOX2_TG_SIGNALING_PATHWAY,KEGG Medicus Pathways,0.002447,1.0,0.009112,0.08012,8,12,"GNAQ,PLCB2,PLCB3,PLCB4,PRKCA,PRKCB,PRKCG,PLCB1",True,8
Pathway,MM14550,REACTOME_DOWNREGULATION_OF_ERBB2_ERBB3_SIGNALING,Reactome Pathways,0.002447,1.0,0.009112,0.08012,8,12,"AKT1,AKT2,AKT3,ERBB2,RPS27A,UBA52,UBB,UBC",True,8
Pathway,MM17074,REACTOME_PKR_MEDIATED_SIGNALING,Reactome Pathways,0.002447,1.0,0.009112,0.08012,27,66,"MAVS,FANCM,ARIH1,DHX9,TUBA1B,TUBB3,TUBB4A,TUBB4B,TUBA8,TUBB6,TUBA1C,HSPA1A,HSPA1B,HSPA8,ILF2,ILF3,TUBB2B,NPM1,TUBAL3,SNCA,STAT3,TUBA3D,TP53,TUBA4A,TUBB2A,TUBB1,TUBA1A",True,27
Pathway,M49166,REACTOME_FORMATION_OF_THE_DYSTROPHIN_GLYCOPROTEIN_COMPLEX_DGC,Reactome Pathways,0.002564,1.0,0.009537,0.08386,17,36,"ACTB,DAG1,DMD,LAMC3,HSPG2,LAMA2,LAMB2,LAMB3,LAMC1,LAMC2,SNTG2,SGCA,SGCB,SGCD,SGCG,AGRN,UTRN",True,17
Pathway,M27102,REACTOME_METABOLISM_OF_NITRIC_OXIDE_NOS3_ACTIVATION_AND_REGULATION,Reactome Pathways,0.002669,1.0,0.009898,0.08703,10,17,"CYGB,AKT1,WASL,CALM1,CAV1,NMT2,DNM2,HSP90AA1,NMT1,CYB5B",True,10
Pathway,M842,REACTOME_PURINE_CATABOLISM,Reactome Pathways,0.002669,1.0,0.009898,0.08703,10,17,"NUDT16,GDA,NT5C1A,NT5C1B,NUDT5,ITPA,PNP,NT5E,NT5C,NT5C2",True,10
Pathway,MM14790,REACTOME_SIGNALING_BY_ALK,Reactome Pathways,0.002669,1.0,0.009898,0.08703,10,17,"ALK,HDAC3,EP300,HDAC1,PIK3CA,PIK3CB,PIK3R1,PIK3R2,PLCG1,STAT3",True,10
Pathway,M27752,REACTOME_CARGO_RECOGNITION_FOR_CLATHRIN_MEDIATED_ENDOCYTOSIS,Reactome Pathways,0.002683,1.0,0.009939,0.08739,39,105,"CLTCL1,FZD4,ADRB2,GRK2,GRK3,AP2A1,AP2A2,AP2B1,AGTR1,ARRB1,ARRB2,AVPR2,CD4,SCARB2,HGS,CFTR,VAMP3,EPS15L1,CLTC,ITSN2,KIAA0319,DVL2,EGFR,EPS15,STAM2,COPS5,GRB2,NEDD8,EPN1,UBQLN2,RPS27A,ITSN1,NECAP2,TFRC,UBA52,UBB,UBC,WNT5A,STAM",True,39
Pathway,M48018,REACTOME_FORMATION_OF_WDR5_CONTAINING_HISTONE_MODIFYING_COMPLEXES,Reactome Pathways,0.002718,1.0,0.01006,0.08844,19,42,"OGT,KAT2B,ASH2L,KMT2B,DR1,PHF20,KAT8,MCRS1,KAT2A,DPY30,WDR5,PSIP1,HCFC1,MEN1,KMT2A,HCFC2,KANSL1,RBBP5,KMT2D",True,19
Pathway,M665,REACTOME_TRANSCRIPTIONAL_ACTIVITY_OF_SMAD2_SMAD3_SMAD4_HETEROTRIMER,Reactome Pathways,0.002734,1.0,0.01011,0.08887,22,51,"USP9X,NCOR1,NCOR2,EP300,HDAC1,SMAD4,MEN1,MYC,YBX1,PPM1A,MAPK1,MAPK3,RPS27A,SNW1,SP1,STAT1,NEDD4L,UBA52,UBB,UBC,UBE2D1,UBE2D3",True,22
Pathway,MM17226,REACTOME_MITF_M_REGULATED_MELANOCYTE_DEVELOPMENT,Reactome Pathways,0.002747,1.0,0.01013,0.08907,20,45,"SIN3A,CSF1,CTNNB1,AKT3,EP300,EPRS1,GSK3B,HDAC1,IARS1,MARS1,MITF,MYO5A,MAPK1,MAPK3,RARS1,SIRT1,UBE2I,SUMO1,USF1,XPO1",True,20
Pathway,MM14987,REACTOME_NUCLEAR_RECEPTOR_TRANSCRIPTION_PATHWAY,Reactome Pathways,0.002751,1.0,0.01013,0.08907,21,48,"NR0B2,AR,NR1D1,NCOR2,NR2E3,ESRRA,ESRRB,ESRRG,HNF4A,PGR,MED1,RARA,RARB,RARG,RORA,RORB,RXRG,THRB,NR2E1,NR2C1,NR2C2",True,21
Pathway,M48275,REACTOME_COMPLEX_IV_ASSEMBLY,Reactome Pathways,0.002751,1.0,0.01013,0.08907,21,48,"COX19,COX5A,COX4I1,COX5B,COX6A1,COX8A,COX11,COX15,PNKD,PET100,SCO2,COX17,COQ10A,MT-CO1,MT-CO2,MT-CO3,TIMM21,NDUFA4,SCO1,COQ10B,COX18",True,21
Pathway,M11725,REACTOME_CO_STIMULATION_BY_CD28,Reactome Pathways,0.002751,1.0,0.01013,0.08907,21,48,"AKT1,AKT2,PIK3R3,CD80,CD86,CDC42,AKT3,FYN,GRB2,LCK,PAK1,PAK2,PAK3,PIK3CA,PIK3CB,PIK3CD,PIK3CG,PIK3R1,PIK3R2,RAC1,SRC",True,21
Pathway,M27660,REACTOME_MITOTIC_PROPHASE,Reactome Pathways,0.002787,1.0,0.01025,0.09013,50,142,"SEH1L,H2AC18,H2AC20,H2BC21,H3C2,H4C6,RAE1,BANF1,NUP155,LPIN2,NUP93,NUP58,NEK9,POM121,NUP153,POM121C,NUP50,NUP42,H2AX,H3-3A,H3-3B,LMNA,LMNB1,NUP54,NUP88,NUP98,NUP43,NUP37,PLK1,PRKCA,PRKCB,MAPK1,MAPK3,RANBP2,MCPH1,NUP85,SEC13,NUP35,NDC1,NUP133,NUP205,NUP210,NUP160,TMPO,NUP188,TPR,NUP62,NUP107,NUP214,AAAS",True,50
Pathway,MM15608,REACTOME_RHOBTB1_GTPASE_CYCLE,Reactome Pathways,0.002817,1.0,0.01035,0.09103,13,25,"CUL3,PDE5A,ROCK2,SRRM1,CCT7,CCT2,RBMX,HNRNPC,MYO6,ROCK1,CPSF7,TRA2B,HNRNPCL1",True,13
Pathway,MM15498,REACTOME_CARGO_RECOGNITION_FOR_CLATHRIN_MEDIATED_ENDOCYTOSIS,Reactome Pathways,0.002841,1.0,0.01043,0.09172,38,102,"FZD4,ADRB2,GRK2,GRK3,AP2A1,AP2A2,AP2B1,AGTR1,ARRB1,ARRB2,AVPR2,CD4,SCARB2,HGS,CFTR,VAMP3,EPS15L1,CLTC,ITSN2,KIAA0319,DVL2,EGFR,EPS15,STAM2,COPS5,GRB2,NEDD8,EPN1,UBQLN2,RPS27A,ITSN1,NECAP2,TFRC,UBA52,UBB,UBC,WNT5A,STAM",True,38
Pathway,MM14540,REACTOME_ADAPTIVE_IMMUNE_SYSTEM,Reactome Pathways,0.002903,1.0,0.01065,0.09361,212,732,"KIF18A,AP2A1,AP2A2,AP2B1,AP1G1,KLHL13,HACE1,KLHL42,AKT1,AKT2,KLC3,CUL3,PIK3R3,CDC26,SOCS1,DYNLL1,CDC23,CTSF,SNAP23,CDC16,BTN1A1,CALM1,CALM2,CALM3,CALR,CANX,SOCS3,CAPZB,KIFC2,CCNF,CD1D,CD4,CD8A,CD80,CD86,CD34,CD36,CDC20,CDC27,CDC42,CENPE,TRIP12,VAMP3,KIF3B,ASB6,CLTC,ANAPC13,RCHY1,SEC24C,CSK,DYNLL2,LTN1,CTSD,CTSH,KEAP1,RILP,CUL7,DCTN1,FBXL5,KLHL3,FBXO9,KLHL21,DNM1,DYNC1H1,DYNC1I1,DYNC1I2,DYNC1LI2,DNM2,RBX1,AKT3,HUWE1,ZNRF2,BCAP31,DYNC1LI1,DCTN4,PSMD14,STUB1,KLHL41,KBTBD7,MEX3C,TUBA1B,TUBB3,TUBB4A,FZR1,TUBB4B,ANAPC10,FCGR1A,FCGR3A,FCGR3B,UBAC1,FKBP1A,ANAPC5,ANAPC7,UBE2E3,ATG7,DCTN2,ANAPC11,RBCK1,FYN,FBXO40,KBTBD8,TUBA8,KLHL20,TUBB6,UBE2S,SPSB2,ADRM1,TUBA1C,UBE2C,RAPGEF4,GRB2,KIF3A,KLHL22,GLMN,FBXL20,KLHL2,HLA-A,HLA-B,HRAS,HSPA5,ICAM1,IGHD,TUBB2B,ITGA4,ITGB1,KIF2A,KIF5A,KIF5B,KLC1,KIF11,KIFC1,KRAS,LCK,MRC1,NEDD4,NFKBIA,TREM2,PAK1,PAK2,PAK3,PRKN,PIK3CA,PIK3CB,PIK3CD,PIK3CG,PIK3R1,PIK3R2,ANAPC2,PLCG1,PLCG2,ANAPC4,PPP3CB,PRKACA,PRKACB,PRKCB,PRKG1,LGMN,PSMC1,PSMC5,PSMD2,PSMD3,PSMD13,PTEN,PTPRC,RAC1,RAF1,REL,RELA,KLHL11,RNF4,UBA6,TUBAL3,RPS27A,SEC13,RNF34,SKP1,KIFAP3,TRIM32,SIGLEC1,SOS1,RNF130,SRC,KLHL9,TAPBP,NEDD4L,TUBA3D,UBR4,RNF25,KLHL25,MKRN1,TUBA4A,TUBB2A,TUBB1,UBA52,UBB,UBC,UBA1,UBE2D1,UBE2D2,UBE2D3,UBE2E1,ANAPC1,KCTD7,KLC2,YWHAB,YWHAZ,ZAP70,TUBA1A,RAB7A,SMURF1,KLC4,GAN",True,212
Pathway,M27531,REACTOME_SIGNALING_BY_FGFR2,Reactome Pathways,0.002914,1.0,0.01068,0.09388,29,73,"BRAF,GAB1,GRB2,HNRNPA1,HNRNPF,HNRNPH1,HRAS,KRAS,HNRNPM,NCBP1,NRAS,PIK3CA,PIK3R1,PLCG1,POLR2A,POLR2B,POLR2C,MAPK1,MAPK3,ESRP1,PTBP1,RPS27A,NCBP2,SOS1,SRC,TIA1,UBA52,UBB,UBC",True,29
Pathway,M41806,REACTOME_RHOB_GTPASE_CYCLE,Reactome Pathways,0.003035,1.0,0.01111,0.09769,28,70,"ABR,RHOB,ARHGAP1,SNAP23,CAV1,ARHGEF25,ARHGEF1,VAMP3,ROCK2,DIAPH1,ECT2,FLOT1,STOM,AKAP13,JUP,MCAM,MCF2,OPHN1,PIK3R1,PIK3R2,IQGAP3,ROCK1,DEPDC1B,ARHGAP39,TFRC,SOWAHC,DIAPH3,VANGL1",True,28
Pathway,MM15135,REACTOME_ACTIVATION_OF_THE_AP_1_FAMILY_OF_TRANSCRIPTION_FACTORS,Reactome Pathways,0.003126,1.0,0.01137,0.09993,7,10,"ATF2,FOS,JUN,MAPK1,MAPK3,MAPK8,MAPK9",True,7
Pathway,M47694,KEGG_MEDICUS_VARIANT_MUTATION_CAUSED_ABERRANT_ABETA_TO_VGCC_CA2_APOPTOTIC_PATHWAY_N01006,KEGG Medicus Pathways,0.003126,1.0,0.01137,0.09993,7,10,"SLC25A4,SLC25A5,SLC25A6,CYCS,VDAC1,VDAC2,VDAC3",True,7
Pathway,M13962,REACTOME_ACTIVATION_OF_THE_AP_1_FAMILY_OF_TRANSCRIPTION_FACTORS,Reactome Pathways,0.003126,1.0,0.01137,0.09993,7,10,"ATF2,FOS,JUN,MAPK1,MAPK3,MAPK8,MAPK9",True,7
Pathway,M47400,KEGG_MEDICUS_VARIANT_EGFR_OVEREXPRESSION_TO_PI3K_SIGNALING_PATHWAY,KEGG Medicus Pathways,0.003126,1.0,0.01137,0.09993,7,10,"AKT1,AKT2,AKT3,EGFR,PIK3CA,PIK3CB,PIK3CD",True,7
Pathway,M47401,KEGG_MEDICUS_REFERENCE_HGF_MET_PI3K_SIGNALING_PATHWAY,KEGG Medicus Pathways,0.003126,1.0,0.01137,0.09993,7,10,"AKT1,AKT2,AKT3,GAB1,PIK3CA,PIK3CB,PIK3CD",True,7
Pathway,M47635,KEGG_MEDICUS_REFERENCE_ISOLEUCINE_DEGRADATION,KEGG Medicus Pathways,0.003126,1.0,0.01137,0.09993,7,10,"ACAA1,ACADM,ECHS1,ACAA2,HSD17B10,HADHA,HADHB",True,7
Pathway,M6177,REACTOME_NOTCH_HLH_TRANSCRIPTION_PATHWAY,Reactome Pathways,0.003136,1.0,0.01137,0.09993,14,28,"HDAC3,KAT2B,CREBBP,NCOR1,NCOR2,HDAC4,HDAC6,KAT2A,HDAC1,HDAC2,TBL1XR1,SNW1,HDAC8,TBL1X",True,14
Pathway,M837,REACTOME_CREB1_PHOSPHORYLATION_THROUGH_NMDA_RECEPTOR_MEDIATED_ACTIVATION_OF_RAS_SIGNALING,Reactome Pathways,0.003136,1.0,0.01137,0.09993,14,28,"ACTN2,CALM1,CAMK2A,CAMK2B,CAMK2D,CAMK2G,CREB1,DLG4,HRAS,KRAS,NEFL,NRAS,MAPK1,MAPK3",True,14
Pathway,MM14993,REACTOME_CD28_DEPENDENT_PI3K_AKT_SIGNALING,Reactome Pathways,0.003136,1.0,0.01137,0.09993,14,28,"AKT1,AKT2,PIK3R3,CD80,CD86,AKT3,FYN,LCK,PIK3CA,PIK3CB,PIK3CD,PIK3CG,PIK3R1,PIK3R2",True,14
Pathway,MM15042,REACTOME_SUMOYLATION_OF_INTRACELLULAR_RECEPTORS,Reactome Pathways,0.003136,1.0,0.01137,0.09993,14,28,"PIAS1,AR,PIAS2,HDAC4,SUMO4,PIAS3,PIAS4,PGR,RARA,RORA,SUMO2,THRB,UBE2I,SUMO1",True,14
Pathway,MM14539,REACTOME_CYTOKINE_SIGNALING_IN_IMMUNE_SYSTEM,Reactome Pathways,0.003243,1.0,0.01174,0.1033,140,465,"ABL2,MAVS,AKT1,AKT2,PIK3R3,BIRC3,FANCM,PIAS1,SOCS1,ATF1,CAMK2A,CAMK2B,CAMK2D,CAMK2G,CANX,SOCS3,CASP3,USP14,CD4,CD27,CRLF1,RPS6KA5,ARIH1,CNTF,CREB1,ATF2,SH2B1,CSF1,CSF2,CSH1,CSH2,CSHL1,CSK,EIF4A3,DHX9,RBX1,AKT3,DUSP6,EIF4A1,EIF4A2,PSMD14,TUBA1B,TUBB3,TUBB4A,TUBB4B,FLNB,IL31RA,FOS,TNFSF13B,FYN,TUBA8,GH1,GH2,TUBB6,IFI44L,ADRM1,TUBA1C,GRB2,HRAS,HSPA1A,HSPA1B,HSPA8,IFNAR1,IFNG,IL1B,IL1RN,IL2RG,IL4,IL6,IL10,ILF2,ILF3,IRAK1,TUBB2B,JAK2,JUN,KPNA1,KRAS,LCK,LTBR,TBK1,MX1,MYD88,NEDD4,NFKBIA,NPM1,YBX1,PIK3CA,PIK3CB,PIK3CD,PIK3R1,PIK3R2,PLCG1,PPM1B,PRKACA,MAPK1,MAPK3,MAPK8,MAPK9,PSMC1,PSMC5,PSMD2,PSMD3,PSMD13,RAF1,RELA,RELB,TUBAL3,RPS27A,S100B,SDC1,SKP1,SNAP25,SNCA,SOS1,SOS2,STAT2,STAT3,NOD2,STX1A,STX3,TUBA3D,TNF,TNFRSF1A,TP53,HSP90B1,TRAF3,TUBA4A,TUBB2A,TUBB1,UBA52,UBB,UBC,UBE2D1,UBE2D2,UBE2D3,UBE2E1,SUMO1,YWHAZ,TUBA1A",True,140
Pathway,M27870,REACTOME_SIGNALING_BY_RECEPTOR_TYROSINE_KINASES,Reactome Pathways,0.003355,1.0,0.01213,0.1066,158,532,"AAMP,ACTB,ADORA2A,AP2A1,AP2A2,AP2B1,AKT1,AKT2,ALK,PIK3R3,APOE,RHOA,ASCL1,SOCS1,ATF1,ATP6V0A1,AXL,BAX,PRDM1,HDAC3,BRAF,ARHGEF7,CALM1,CAV1,HGS,CDC42,CDH5,CDK5,RPS6KA5,CHD4,EPS15L1,CLTC,ROCK2,COL9A2,SIN3A,CREB1,ATF2,NCOR1,CSK,CTNNB1,CTSD,ELMO1,DIAPH1,DLG4,DNM1,DNM2,DOCK1,AKT3,DUSP6,MEMO1,EGFR,ABI2,TNK2,TRIB1,EP300,EPS15,STAM2,ERBB2,STUB1,LAMC3,FGFR1,FN1,FOS,FOSB,FYN,GAB1,GABRA1,GABRB1,GABRG2,AHCYL1,WWOX,GALNT3,NCKAP1,GFAP,GRB2,HDAC1,HDAC2,HGFAC,HIF1A,HNRNPA1,HNRNPF,HNRNPH1,HRAS,HSPB1,HSP90AA1,IL2RG,INS,ITGB1,JAK2,JUND,JUP,ANOS1,KRAS,LAMA2,LAMB2,LAMB3,LAMC1,LAMC2,LCK,MEF2D,MYC,HNRNPM,NCBP1,NEDD4,NRAS,NTRK2,PAK1,PAK2,PAK3,PCSK5,PDE3B,PDGFRB,PGR,PIK3CA,PIK3CB,PIK3R1,PIK3R2,PLCG1,EPN1,POLR2A,POLR2B,POLR2C,PRKACA,PRKACB,PRKACG,PRKCA,PRKCB,PRKCZ,MAPK1,MAPK3,MAP2K1,MAP2K2,ESRP1,PTBP1,PTPN3,PTPRO,RAC1,RASA1,ROCK1,RPS27A,S100B,NCBP2,ELMO2,SOS1,SRC,STAT1,STAT3,ADAM17,PDGFC,TGFBR3,THBS1,TIA1,UBA52,UBB,UBC,YWHAB,STAM,FOSL1",True,158
Pathway,M17670,REACTOME_RAS_ACTIVATION_UPON_CA2_INFLUX_THROUGH_NMDA_RECEPTOR,Reactome Pathways,0.003366,1.0,0.01213,0.1066,11,20,"ACTN2,CALM1,CAMK2A,CAMK2B,CAMK2D,CAMK2G,DLG4,HRAS,KRAS,NEFL,NRAS",True,11
Pathway,M27780,REACTOME_LISTERIA_MONOCYTOGENES_ENTRY_INTO_HOST_CELLS,Reactome Pathways,0.003366,1.0,0.01213,0.1066,11,20,"HGS,CTNNB1,EPS15,STAM2,GRB2,RPS27A,SRC,UBA52,UBB,UBC,STAM",True,11
Pathway,MM15397,REACTOME_BRANCHED_CHAIN_AMINO_ACID_CATABOLISM,Reactome Pathways,0.003366,1.0,0.01213,0.1066,11,20,"ACAT1,BCAT1,BCAT2,BCKDHA,BCKDHB,DBT,HIBCH,DLD,ECHS1,BCKDK,HSD17B10",True,11
Pathway,M18415,REACTOME_SEMA4D_INDUCED_CELL_MIGRATION_AND_GROWTH_CONE_COLLAPSE,Reactome Pathways,0.003366,1.0,0.01213,0.1066,11,20,"RHOA,RHOB,RHOC,ROCK2,ERBB2,MYL9,RND1,MYH9,PLXNB1,MYL12B,ROCK1",True,11
Pathway,MM14772,REACTOME_METABOLISM_OF_VITAMINS_AND_COFACTORS,Reactome Pathways,0.00337,1.0,0.01213,0.1066,61,181,"ACO1,AKT1,AOX1,APOE,CALM1,CALM2,CALM3,LRAT,CYB5A,DHFR,COQ6,BCO2,RDH11,COQ4,COQ7,GPHN,FASN,COQ5,FPGS,SLC19A2,GCH1,COQ3,COQ2,HPDL,HSP90AA1,IDH1,LRP1,MOCS1,BCO1,MTHFD1,MTR,MTRR,NT5E,SLC5A8,PC,ENPP1,UBIAD1,RBP1,RBP2,RBP4,RFK,COQ8B,SDC1,SHMT1,SHMT2,SLC2A1,SLC2A3,FLAD1,COASY,SLC46A1,MMAB,AGRN,PDSS1,TTR,NMNAT1,STARD7,COQ8A,AKR1B10,COQ9,NADK,PDSS2",True,61
Pathway,MM14705,REACTOME_EGFR_DOWNREGULATION,Reactome Pathways,0.003379,1.0,0.01213,0.1066,15,31,"ARHGEF7,HGS,CDC42,EPS15L1,EGFR,EPS15,STAM2,GRB2,EPN1,PTPN3,RPS27A,UBA52,UBB,UBC,STAM",True,15
Pathway,MM17240,REACTOME_TRANSCRIPTIONAL_AND_POST_TRANSLATIONAL_REGULATION_OF_MITF_M_EXPRESSION_AND_ACTIVITY,Reactome Pathways,0.003379,1.0,0.01213,0.1066,15,31,"CSF1,AKT3,EP300,EPRS1,GSK3B,IARS1,MARS1,MITF,MAPK1,MAPK3,RARS1,SIRT1,UBE2I,SUMO1,XPO1",True,15
Pathway,M16597,REACTOME_EGFR_DOWNREGULATION,Reactome Pathways,0.003379,1.0,0.01213,0.1066,15,31,"ARHGEF7,HGS,CDC42,EPS15L1,EGFR,EPS15,STAM2,GRB2,EPN1,PTPN3,RPS27A,UBA52,UBB,UBC,STAM",True,15
Pathway,MM15415,REACTOME_EUKARYOTIC_TRANSLATION_INITIATION,Reactome Pathways,0.003449,1.0,0.01237,0.1087,44,123,"EIF3B,EIF3C,EIF3D,EIF3F,EIF3G,EIF3I,EIF2B4,EIF2B3,RPL23,EIF2S3B,RPS27L,EIF2S1,EIF2S3,EIF4A1,EIF4A2,EIF4B,PABPC1,RPL22L1,PABPC3,RPL5,RPL6,RPL7,RPL7A,RPL11,RPL19,RPL27,RPL36AL,RPLP1,RPS2,RPS3,RPS9,RPS10,RPS11,RPS12,RPS13,RPS14,RPS18,RPS20,RPS21,RPS23,RPS25,RPS27A,UBA52,EIF4H",True,44
Pathway,M29616,REACTOME_SIGNALING_BY_NOTCH1_PEST_DOMAIN_MUTANTS_IN_CANCER,Reactome Pathways,0.003485,1.0,0.01247,0.1097,24,58,"MIB1,HDAC3,KAT2B,CREBBP,NCOR1,NCOR2,HDAC4,RBX1,HDAC6,EP300,KAT2A,HDAC1,HDAC2,MYC,TBL1XR1,RPS27A,SKP1,SNW1,HDAC8,ADAM17,TBL1X,UBA52,UBB,UBC",True,24
Pathway,M962,REACTOME_IRON_UPTAKE_AND_TRANSPORT,Reactome Pathways,0.003485,1.0,0.01247,0.1097,24,58,"ACO1,ATP6V0A1,ABCG2,FBXL5,FTH1,HFE,HMOX1,HMOX2,IREB2,FLVCR1,NEDD8,SLC11A2,SLC40A1,STEAP3,CYBRD1,RPS27A,SKP1,SLC46A1,TFR2,TFRC,UBA52,UBB,UBC,MCOLN1",True,24
Pathway,MM15531,REACTOME_RUNX1_INTERACTS_WITH_CO_FACTORS_WHOSE_PRECISE_EFFECT_ON_RUNX1_TARGETS_IS_NOT_KNOWN,Reactome Pathways,0.003555,1.0,0.0127,0.1116,16,34,"CBX4,BMI1,PHC1,PHC2,YAF2,EP300,PCGF5,CBX2,HIPK2,RING1,RNF2,PHC3,SCMH1,SMARCC2,RYBP,CBX8",True,16
Pathway,M3397,KEGG_BUTANOATE_METABOLISM,KEGG Legacy Pathways,0.003555,1.0,0.0127,0.1116,16,34,"ACAT1,ACAT2,AACS,ALDH7A1,ECHS1,GAD2,HADHA,HMGCL,HMGCS1,HMGCS2,PDHA1,PDHA2,PDHB,L2HGDH,AKR1B10,ALDH5A1",True,16
Pathway,MM15591,REACTOME_ER_QUALITY_CONTROL_COMPARTMENT_ERQC,Reactome Pathways,0.00363,1.0,0.01296,0.1139,4,4,"RPS27A,UBA52,UBB,UBC",True,4
Pathway,M27774,REACTOME_INLB_MEDIATED_ENTRY_OF_LISTERIA_MONOCYTOGENES_INTO_HOST_CELL,Reactome Pathways,0.003659,1.0,0.01299,0.1142,9,15,"HGS,EPS15,STAM2,GRB2,RPS27A,UBA52,UBB,UBC,STAM",True,9
Pathway,MM17228,REACTOME_REGULATION_OF_TBK1_IKK_IKBKE_MEDIATED_ACTIVATION_OF_IRF3_IRF7,Reactome Pathways,0.003659,1.0,0.01299,0.1142,9,15,"IKBKE,OPTN,TBK1,RPS27A,TLR4,TRAF3,UBA52,UBB,UBC",True,9
Pathway,M11063,REACTOME_MRNA_DECAY_BY_5_TO_3_EXORIBONUCLEASE,Reactome Pathways,0.003659,1.0,0.01299,0.1142,9,15,"LSM2,LSM4,LSM7,LSM1,LSM3,LSM6,PATL1,EDC4,LSM5",True,9
Pathway,MM15037,REACTOME_SEMA4D_IN_SEMAPHORIN_SIGNALING,Reactome Pathways,0.003659,1.0,0.01299,0.1142,9,15,"RHOA,RHOB,RHOC,ROCK2,ERBB2,RND1,PLXNB1,RAC1,ROCK1",True,9
Pathway,MM15103,REACTOME_POST_NMDA_RECEPTOR_ACTIVATION_EVENTS,Reactome Pathways,0.003659,1.0,0.01299,0.1142,9,15,"CAMK1,CALM1,CALM2,CALM3,CREB1,PRKACA,PRKACB,PRKAR1A,PRKAR1B",True,9
Pathway,M46427,REACTOME_SARS_COV_1_MODULATES_HOST_TRANSLATION_MACHINERY,Reactome Pathways,0.003672,1.0,0.01302,0.1145,17,37,"RPS27L,EEF1A1,HNRNPA1,RPS2,RPS3,RPS9,RPS10,RPS11,RPS12,RPS13,RPS14,RPS18,RPS20,RPS21,RPS23,RPS25,RPS27A",True,17
Pathway,MM14901,REACTOME_CELLULAR_SENESCENCE,Reactome Pathways,0.003673,1.0,0.01302,0.1145,43,120,"H2AC18,H2AC20,CDC26,CDC23,CDC16,CDC27,CEBPB,ANAPC15,POT1,EZH2,FZR1,ANAPC10,ANAPC5,ANAPC7,KAT5,FOS,ANAPC11,UBE2S,UBE2C,H2AX,HMGA1,JUN,LMNB1,MDM2,MAP3K5,MRE11,ANAPC16,ANAPC2,ANAPC4,MAPK1,MAPK3,MAPK8,MAPK9,RPS27A,KDM6B,TP53,TXN,UBA52,UBB,UBC,UBE2D1,UBE2E1,ANAPC1",True,43
Pathway,MM14992,REACTOME_CO_STIMULATION_BY_CD28,Reactome Pathways,0.003716,1.0,0.01316,0.1157,21,49,"AKT1,AKT2,PIK3R3,CD80,CD86,CDC42,AKT3,FYN,GRB2,LCK,PAK1,PAK2,PAK3,PIK3CA,PIK3CB,PIK3CD,PIK3CG,PIK3R1,PIK3R2,RAC1,SRC",True,21
Pathway,M27532,REACTOME_SIGNALING_BY_FGFR3,Reactome Pathways,0.003739,1.0,0.01321,0.1162,18,40,"BRAF,GAB1,GALNT3,GRB2,HRAS,KRAS,NRAS,PIK3CA,PIK3R1,PLCG1,MAPK1,MAPK3,RPS27A,SOS1,SRC,UBA52,UBB,UBC",True,18
Pathway,M980,KEGG_TRYPTOPHAN_METABOLISM,KEGG Legacy Pathways,0.003739,1.0,0.01321,0.1162,18,40,"AOC1,ACAT1,ACAT2,AOX1,KMO,ALDH7A1,CYP1A1,CYP1A2,CYP1B1,ECHS1,GCDH,HADHA,MAOB,OGDH,IL4I1,OGDHL,HAAO,WARS1",True,18
Pathway,M48232,REACTOME_MITF_M_REGULATED_MELANOCYTE_DEVELOPMENT,Reactome Pathways,0.003758,1.0,0.01327,0.1167,55,161,"ACTB,AKT2,ATP6V0A1,BCL2,BRCA1,CDKN2A,SIN3A,CREB1,CREBBP,CSF1,CTNNB1,DCT,DIAPH1,AKT3,ATP6AP2,EP300,EPRS1,PPARGC1A,GMPR,GSK3B,HDAC1,IARS1,MARS1,MC1R,MC4R,MC5R,MCM2,MCM5,MITF,TRPM1,MYO5A,PAX3,PLK1,POMC,MAPK1,MAPK3,RARS1,PMEL,SMARCC2,SOX2,TERT,TFAP2A,SIRT1,TYR,UBE2I,SUMO1,USF1,XPO1,YWHAB,YWHAE,YWHAG,YWHAH,YWHAZ,PXDN,TFEB",True,55
Pathway,M27560,REACTOME_NEGATIVE_REGULATION_OF_MAPK_PATHWAY,Reactome Pathways,0.003764,1.0,0.01328,0.1167,19,43,"ARAF,KSR1,BRAF,DUSP6,HRAS,KRAS,NRAS,PEBP1,MAPK1,MAPK3,MAP2K1,MAP2K2,PTPN3,RAF1,RPS27A,UBA52,UBB,UBC,YWHAB",True,19
Pathway,M47840,KEGG_MEDICUS_REFERENCE_BREAK_INDUCED_REPLICATION,KEGG Medicus Pathways,0.003821,1.0,0.01331,0.1171,6,8,"MCM2,MCM3,MCM4,MCM5,MCM6,MCM7",True,6
Pathway,M47715,KEGG_MEDICUS_VARIANT_MUTATION_ACTIVATED_RET_TO_PI3K_SIGNALING_PATHWAY,KEGG Medicus Pathways,0.003821,1.0,0.01331,0.1171,6,8,"AKT1,AKT2,AKT3,PIK3CA,PIK3CB,PIK3CD",True,6
Pathway,M27737,REACTOME_PHOSPHATE_BOND_HYDROLYSIS_BY_NTPDASE_PROTEINS,Reactome Pathways,0.003821,1.0,0.01331,0.1171,6,8,"ENTPD1,ENTPD6,ENTPD3,ENTPD5,ENTPD8,ENTPD4",True,6
Pathway,MM17233,REACTOME_TGFBR3_REGULATES_TGF_BETA_SIGNALING,Reactome Pathways,0.003821,1.0,0.01331,0.1171,6,8,"ARRB1,ARRB2,TGFB1,TGFBR1,TGFBR2,TGFBR3",True,6
Pathway,MM15486,REACTOME_PHOSPHATE_BOND_HYDROLYSIS_BY_NTPDASE_PROTEINS,Reactome Pathways,0.003821,1.0,0.01331,0.1171,6,8,"ENTPD1,ENTPD6,ENTPD3,ENTPD5,ENTPD8,ENTPD4",True,6
Pathway,M47933,KEGG_MEDICUS_REFERENCE_REGULATION_OF_GF_RTK_RAS_ERK_SIGNALING_MRAS_SHOC2_PP1_HOLOPHOSPHATASE,KEGG Medicus Pathways,0.003821,1.0,0.01331,0.1171,6,8,"ARAF,BRAF,PPP1CA,PPP1CB,PPP1CC,RAF1",True,6
Pathway,M47399,KEGG_MEDICUS_VARIANT_AMPLIFIED_PDGFR_TO_PI3K_SIGNALING_PATHWAY,KEGG Medicus Pathways,0.003821,1.0,0.01331,0.1171,6,8,"AKT1,AKT2,AKT3,PIK3CA,PIK3CB,PIK3CD",True,6
Pathway,M47404,KEGG_MEDICUS_VARIANT_MUTATION_ACTIVATED_KIT_TO_PI3K_SIGNALING_PATHWAY,KEGG Medicus Pathways,0.003821,1.0,0.01331,0.1171,6,8,"AKT1,AKT2,AKT3,PIK3CA,PIK3CB,PIK3CD",True,6
Pathway,M38999,REACTOME_SIGNALING_BY_MRAS_COMPLEX_MUTANTS,Reactome Pathways,0.003821,1.0,0.01331,0.1171,6,8,"ARAF,BRAF,PPP1CB,PPP1CC,RAF1,YWHAB",True,6
Pathway,M48252,REACTOME_TGFBR3_REGULATES_TGF_BETA_SIGNALING,Reactome Pathways,0.003821,1.0,0.01331,0.1171,6,8,"ARRB1,ARRB2,TGFB1,TGFBR1,TGFBR2,TGFBR3",True,6
Pathway,M10546,REACTOME_CREB1_PHOSPHORYLATION_THROUGH_THE_ACTIVATION_OF_CAMKII_CAMKK_CAMKIV_CASCASDE,Reactome Pathways,0.003821,1.0,0.01331,0.1171,6,8,"CALM1,CAMK4,CAMK2B,CAMK2G,CREB1,KPNA2",True,6
Pathway,M47479,KEGG_MEDICUS_REFERENCE_TGFA_EGFR_PLCG_PKC_SIGNALING_PATHWAY,KEGG Medicus Pathways,0.003821,1.0,0.01331,0.1171,6,8,"EGFR,PLCG1,PLCG2,PRKCA,PRKCB,PRKCG",True,6
Pathway,M47513,KEGG_MEDICUS_REFERENCE_AHR_SIGNALING_PATHWAY,KEGG Medicus Pathways,0.003821,1.0,0.01331,0.1171,6,8,"AHR,ARNT,CYP1A1,CYP1B1,IL6,PTGS2",True,6
Pathway,M27451,REACTOME_METABOLISM_OF_LIPIDS,Reactome Pathways,0.004106,1.0,0.01429,0.1257,217,756,"NCOA3,ABCA1,ACAA1,ACADM,PNPLA4,ACAT1,ACAT2,ACLY,HACD4,ACOX3,PLIN2,AGT,OSBPL6,AHR,PIP5K1A,PIP5K1B,PIP4K2B,PLA2G6,ALAS1,ALB,AKR1B1,PIK3R3,AGPS,DEGS1,ARNT,ARSB,PLPP1,PLPP2,PLPP3,AACS,DGAT1,MBTPS1,CDS2,MTMR1,INPP4B,HDAC3,BMX,SYNJ1,SYNJ2,PIP4P1,CH25H,CAV1,SERPINA6,CD36,VAPB,CDS1,CHKA,PPT2,ABCG2,GGPS1,PRKD2,SIN3A,NR1D1,CREBBP,PITPNM1,NCOR1,NCOR2,SEC24C,LPIN2,PITPNM3,HACL1,CYP1A1,CYP1A2,CYP1B1,CYP3A4,CYP11A1,CYP51A1,IDI2,ECI1,NSDHL,MED24,DHCR7,DHCR24,THRAP3,MED16,ECHS1,HSD17B12,STARD3NL,HAO2,EP300,EPHX2,ESRRA,ACSL3,FASN,MBTPS2,FDFT1,FDPS,FDX1,FDXR,ACAA2,ECI2,FAR1,HSD17B7,AGPAT1,SPTLC1,PIAS4,PMVK,EBP,KDSR,PTGES3,PPARGC1A,GLB1,DGAT2,STARD3,MCAT,SLC27A5,SLC27A3,SLC27A2,GLIPR1,GPD1,GPD2,GPS2,GPX2,GPX4,HADHA,HADHB,ACER1,HMGCL,HMGCR,HMGCS1,HMGCS2,AWAT2,IDI1,INPP4A,INSIG1,LBR,PIKFYVE,LSS,MVD,MVK,ACER2,NDUFAB1,NFYA,NFYB,NFYC,OCRL,ABCB4,PIK3C2A,PIK3C2B,PIK3C2G,PIK3CA,PIK3CB,PIK3CD,PIK3CG,PIK3R1,PIK3R2,PI4KA,PI4KB,PIP4K2A,HMGCLL1,GDPD3,POMC,PPARG,MED1,PPP1CA,PPP1CB,PPP1CC,PPT1,PRKACA,PRKACB,PRKACG,PRKD1,GDPD1,LGMN,PTEN,MTMR10,PTGS2,PLAAT2,RAB5A,RAN,SRD5A3,TBL1XR1,RORA,PIP4K2C,PI4K2B,PI4K2A,MSMO1,SC5D,FDX2,SCD,SCP2,INPP5F,ARSG,HSD3B7,MED19,SCAP,AGK,SMPD1,SUMO2,SP1,SQLE,SRD5A2,SREBF1,SREBF2,ELOVL4,SUMF1,TBL1X,SIN3B,PIP5K1C,CYB5B,THRSP,TM7SF2,CYP2U1,TXNRD1,PRKD3,UBE2I,PISD,INPP5E,ASAH2,SGPP2,STARD7,SGPP1,SLC27A1,ACSBG2,PLAAT1,SLC44A2,CUBN",True,217
Pathway,M27951,REACTOME_ESTROGEN_STIMULATED_SIGNALING_THROUGH_PRKCZ,Reactome Pathways,0.004252,1.0,0.01465,0.1288,5,6,"HRAS,KRAS,NRAS,PRKCZ,MAPK1",True,5
Pathway,M47810,KEGG_MEDICUS_PATHOGEN_ARSENIC_TO_ELECTRON_TRANSFER_IN_COMPLEX_II,KEGG Medicus Pathways,0.004252,1.0,0.01465,0.1288,5,6,"AS3MT,SDHA,SDHB,SDHC,SDHD",True,5
Pathway,M47759,KEGG_MEDICUS_VARIANT_SCRAPIE_CONFORMATION_PRPSC_TO_PERK_ATF4_SIGNALING_PATHWAY,KEGG Medicus Pathways,0.004252,1.0,0.01465,0.1288,5,6,"ATF4,EIF2AK3,DDIT3,EIF2S1,HSPA5",True,5
Pathway,M47712,KEGG_MEDICUS_VARIANT_MUTATION_INACTIVATED_DJ1_TO_FAS_JNK_SIGNALING_PATWHAY,KEGG Medicus Pathways,0.004252,1.0,0.01465,0.1288,5,6,"DAXX,PARK7,MAP3K5,MAPK8,MAPK9",True,5
Pathway,M27793,REACTOME_ARYL_HYDROCARBON_RECEPTOR_SIGNALLING,Reactome Pathways,0.004252,1.0,0.01465,0.1288,5,6,"AHR,ARNT,AIP,PTGES3,HSP90AB1",True,5
Pathway,M49153,REACTOME_REGULATION_OF_MITF_M_DEPENDENT_GENES_INVOLVED_IN_DNA_REPLICATION_DAMAGE_REPAIR_AND_SENESCENCE,Reactome Pathways,0.004252,1.0,0.01465,0.1288,5,6,"BRCA1,MCM2,MCM5,MITF,TERT",True,5
Pathway,MM14989,REACTOME_VASOPRESSIN_LIKE_RECEPTORS,Reactome Pathways,0.004252,1.0,0.01465,0.1288,5,6,"AVPR1A,AVPR1B,AVPR2,OXT,OXTR",True,5
Pathway,M47931,KEGG_MEDICUS_REFERENCE_REGULATION_OF_GF_RTK_RAS_ERK_SIGNALING_RAS_UBIQUITINATION_BY_CUL3_COMPLEX,KEGG Medicus Pathways,0.004252,1.0,0.01465,0.1288,5,6,"LZTR1,CUL3,HRAS,KRAS,NRAS",True,5
Pathway,M47612,KEGG_MEDICUS_REFERENCE_N_GLYCAN_PRECURSOR_BIOSYNTHESIS_ALG7_TO_ALG11,KEGG Medicus Pathways,0.004252,1.0,0.01465,0.1288,5,6,"DPAGT1,ALG14,ALG11,ALG13,ALG1",True,5
Pathway,MM14628,REACTOME_GLUCAGON_SIGNALING_IN_METABOLIC_REGULATION,Reactome Pathways,0.004252,1.0,0.01465,0.1288,5,6,"GCGR,PRKACA,PRKACB,PRKAR1A,PRKAR1B",True,5
Pathway,M27289,REACTOME_VASOPRESSIN_LIKE_RECEPTORS,Reactome Pathways,0.004252,1.0,0.01465,0.1288,5,6,"AVPR1A,AVPR1B,AVPR2,OXT,OXTR",True,5
Pathway,MM14793,REACTOME_FORMATION_OF_THE_BETA_CATENIN_TCF_TRANSACTIVATING_COMPLEX,Reactome Pathways,0.00438,1.0,0.01504,0.1322,13,26,"TRRAP,LEO1,RUVBL1,ASH2L,CTNNB1,EP300,KAT5,HDAC1,MEN1,BCL9L,RBBP5,TERT,KMT2D",True,13
Pathway,M48276,REACTOME_COMPLEX_III_ASSEMBLY,Reactome Pathways,0.00438,1.0,0.01504,0.1322,13,26,"LYRM7,BCS1L,CYC1,FXN,UQCRQ,HSCB,HSPA9,MT-CYB,UQCR10,UQCC1,UQCRC1,UQCRC2,UQCRFS1",True,13
Pathway,M47565,KEGG_MEDICUS_REFERENCE_TLR2_4_MAPK_SIGNALING_PATHWAY,KEGG Medicus Pathways,0.00438,1.0,0.01504,0.1322,13,26,"FOS,IRAK1,JUN,MYD88,MAPK1,MAPK3,MAPK8,MAPK9,MAP2K1,MAP2K2,TLR2,TLR4,TIRAP",True,13
Pathway,M29838,REACTOME_PURINERGIC_SIGNALING_IN_LEISHMANIASIS_INFECTION,Reactome Pathways,0.00438,1.0,0.01504,0.1322,13,26,"PSTPIP1,ENTPD1,ENTPD5,TXNIP,HMOX1,HSP90AB1,IL1B,MEFV,NT5E,P2RX4,RELA,TXN,NLRP3",True,13
Pathway,MM15169,REACTOME_REGULATED_NECROSIS,Reactome Pathways,0.004528,1.0,0.01553,0.1365,24,59,"OGT,BIRC3,BAX,TNFRSF10B,TNFRSF10A,CASP3,CHMP2B,CHMP7,FLOT1,STUB1,CHMP4C,CHMP3,CHMP2A,HSP90AA1,IL1B,RNF103-CHMP3,CYCS,PRKN,CHMP6,CHMP4B,RPS27A,UBA52,UBB,UBC",True,24
Pathway,M27211,REACTOME_PEPTIDE_HORMONE_METABOLISM,Reactome Pathways,0.004614,1.0,0.01581,0.139,33,88,"AGT,GPR119,CES1,CPE,CTNNB1,CTSD,ACE,EXOC8,ATP6AP2,EXOC5,GNAT3,GHRL,GNG13,GH1,GNB1,GNB3,EXOC4,EXOC3,INS,ISL1,KIF5A,KIF5B,LEP,MYO5A,PAX6,PCSK2,EXOC6,POMC,EXOC1,EXOC2,STX1A,EXOC7,SLC30A5",True,33
Pathway,MM15638,REACTOME_IRON_UPTAKE_AND_TRANSPORT,Reactome Pathways,0.004682,1.0,0.016,0.1407,23,56,"ACO1,ATP6V0A1,FBXL5,FTH1,HFE,HMOX1,HMOX2,IREB2,FLVCR1,NEDD8,SLC11A2,SLC40A1,STEAP3,CYBRD1,RPS27A,SKP1,SLC46A1,TFR2,TFRC,UBA52,UBB,UBC,MCOLN1",True,23
Pathway,M657,REACTOME_GASTRIN_CREB_SIGNALLING_PATHWAY_VIA_PKC_AND_MAPK,Reactome Pathways,0.004693,1.0,0.016,0.1407,10,18,"CREB1,EGFR,GRB2,HRAS,KRAS,NRAS,PRKCA,MAPK1,MAPK3,SOS1",True,10
Pathway,M27500,REACTOME_ACTIVATION_OF_SMO,Reactome Pathways,0.004693,1.0,0.016,0.1407,10,18,"GRK2,ARRB1,ARRB2,EVC2,EVC,EFCAB7,KIF3A,PTCH1,SHH,SMO",True,10
Pathway,M11932,REACTOME_TIE2_SIGNALING,Reactome Pathways,0.004693,1.0,0.016,0.1407,10,18,"GRB2,GRB14,HRAS,KRAS,NRAS,PIK3CA,PIK3CB,PIK3R1,PIK3R2,SOS1",True,10
Pathway,MM15680,REACTOME_INACTIVATION_OF_CSF3_G_CSF_SIGNALING,Reactome Pathways,0.004693,1.0,0.016,0.1407,10,18,"SOCS1,SOCS3,JAK2,RPS27A,UBA52,UBB,UBC,UBE2D1,UBE2D2,UBE2D3",True,10
Pathway,MM15340,REACTOME_REGULATION_OF_TP53_ACTIVITY_THROUGH_ACETYLATION,Reactome Pathways,0.004708,1.0,0.01603,0.1409,14,29,"PIP4K2B,AKT1,AKT2,PIP4P1,CHD3,CHD4,AKT3,EP300,HDAC1,BRD7,PIP4K2A,PML,PIP4K2C,TP53",True,14
Pathway,MM15158,REACTOME_INTERCONVERSION_OF_NUCLEOTIDE_DI_AND_TRIPHOSPHATES,Reactome Pathways,0.004708,1.0,0.01603,0.1409,14,29,"AK9,NUDT13,CTPS1,GSR,GUK1,NME1,NME2,NME3,NME4,NME1-NME2,TXN,TXNRD1,TYMS,CTPS2",True,14
Pathway,MM14975,REACTOME_DEACTIVATION_OF_THE_BETA_CATENIN_TRANSACTIVATING_COMPLEX,Reactome Pathways,0.004935,1.0,0.01678,0.1476,15,32,"AKT1,AKT2,CHD8,CBY1,CTBP1,CTNNB1,SOX7,HDAC1,RPS27A,SOX4,UBA52,UBB,UBC,XPO1,YWHAZ",True,15
Pathway,MM14817,REACTOME_ENOS_ACTIVATION,Reactome Pathways,0.004996,1.0,0.01684,0.1481,8,13,"CYGB,AKT1,CALM1,CALM2,CALM3,CAV1,HSP90AA1,CYB5B",True,8
Pathway,M27111,REACTOME_ENOS_ACTIVATION,Reactome Pathways,0.004996,1.0,0.01684,0.1481,8,13,"CYGB,AKT1,CALM1,CAV1,NMT2,HSP90AA1,NMT1,CYB5B",True,8
Pathway,M27884,REACTOME_TICAM1_DEPENDENT_ACTIVATION_OF_IRF3_IRF7,Reactome Pathways,0.004996,1.0,0.01684,0.1481,8,13,"IKBKE,OPTN,TBK1,RPS27A,TRAF3,UBA52,UBB,UBC",True,8
Pathway,M49160,REACTOME_DISEASES_OF_BRANCHED_CHAIN_AMINO_ACID_CATABOLISM,Reactome Pathways,0.004996,1.0,0.01684,0.1481,8,13,"ACAT1,BCKDHA,BCKDHB,DBT,HIBCH,DLD,ECHS1,BCKDK",True,8
Pathway,MM14931,REACTOME_REGULATION_OF_INNATE_IMMUNE_RESPONSES_TO_CYTOSOLIC_DNA,Reactome Pathways,0.004996,1.0,0.01684,0.1481,8,13,"DDX41,TBK1,RPS27A,TRIM32,UBA52,UBB,UBC,TRIM56",True,8
Pathway,MM15484,REACTOME_PTK6_REGULATES_RHO_GTPASES_RAS_GTPASE_AND_MAP_KINASES,Reactome Pathways,0.004996,1.0,0.01684,0.1481,8,13,"RHOA,ELMO1,DOCK1,HRAS,KRAS,RAC1,RASA1,ELMO2",True,8
Pathway,M549,REACTOME_DOWNREGULATION_OF_ERBB2_ERBB3_SIGNALING,Reactome Pathways,0.004996,1.0,0.01684,0.1481,8,13,"AKT1,AKT2,AKT3,ERBB2,RPS27A,UBA52,UBB,UBC",True,8
Pathway,MM15622,REACTOME_NR1H2_AND_NR1H3_MEDIATED_SIGNALING,Reactome Pathways,0.004996,1.0,0.01684,0.1481,8,13,"ABCA1,TBL1Y,HDAC3,NCOR2,EP300,GPS2,TBL1XR1,TBL1X",True,8
Pathway,MM15015,REACTOME_NITRIC_OXIDE_STIMULATES_GUANYLATE_CYCLASE,Reactome Pathways,0.004996,1.0,0.01684,0.1481,8,13,"PDE5A,PDE11A,PDE10A,PDE1A,PDE2A,PDE9A,PDE1B,PRKG1",True,8
Pathway,M47603,KEGG_MEDICUS_REFERENCE_IGF_IGF1R_PI3K_SIGNALING_PATHWAY,KEGG Medicus Pathways,0.004996,1.0,0.01684,0.1481,8,13,"AKT1,AKT2,AKT3,PIK3CA,PIK3CB,PIK3CD,RHEB,TSC1",True,8
Pathway,MM14842,REACTOME_PHASE_I_FUNCTIONALIZATION_OF_COMPOUNDS,Reactome Pathways,0.005025,1.0,0.01692,0.1488,38,105,"AOC1,ADH1A,ADH1B,ADH1C,ADH4,ADH5,ADH7,AHR,ALDH1A1,AOC2,ARNT,AOC3,AIP,CES1,CYP1A1,CYP1A2,CYP1B1,CYP2F1,CYP3A4,CYP11A1,CYP26A1,CYP51A1,FDX1,FDXR,PTGES3,ACSS1,HSP90AB1,MAOB,CYP26C1,CYP2S1,POMC,CYP2W1,FDX2,ACSS2,CYP4V2,CYB5B,CYP2U1,CYP26B1",True,38
Pathway,M918,REACTOME_N_GLYCAN_TRIMMING_IN_THE_ER_AND_CALNEXIN_CALRETICULIN_CYCLE,Reactome Pathways,0.005075,1.0,0.01706,0.15,16,35,"CALR,CANX,EDEM1,OS9,RNF139,MAN1B1,DERL1,PSMC1,RAD23B,RNF5,RPS27A,GANAB,UBA52,UBB,UBC,VCP",True,16
Pathway,M13036,KEGG_PRION_DISEASES,KEGG Legacy Pathways,0.005075,1.0,0.01706,0.15,16,35,"BAX,C1QA,FYN,HSPA1A,HSPA5,IL1B,IL6,LAMC1,PRKACA,PRKACB,PRKACG,MAPK1,MAPK3,MAP2K1,MAP2K2,SOD1",True,16
Pathway,MM15301,REACTOME_DNA_DAMAGE_RECOGNITION_IN_GG_NER,Reactome Pathways,0.005145,1.0,0.01725,0.1516,17,38,"ACTB,RUVBL1,CETN2,DDB1,RBX1,MCRS1,INO80C,COPS5,ACTR8,TFPT,INO80D,RAD23A,RAD23B,RPS27A,UBA52,UBB,UBC",True,17
Pathway,M27536,REACTOME_SIGNALING_BY_FGFR1_IN_DISEASE,Reactome Pathways,0.005145,1.0,0.01725,0.1516,17,38,"TRIM24,CUX1,FGFR1,GAB1,CPSF6,CNTRL,GRB2,ERLIN2,HRAS,KRAS,NRAS,PIK3CA,PIK3R1,PLCG1,SOS1,STAT1,STAT3",True,17
Pathway,M27592,REACTOME_DNA_DAMAGE_RECOGNITION_IN_GG_NER,Reactome Pathways,0.005145,1.0,0.01725,0.1516,17,38,"ACTB,RUVBL1,CETN2,DDB1,RBX1,MCRS1,INO80C,COPS5,ACTR8,TFPT,INO80D,RAD23A,RAD23B,RPS27A,UBA52,UBB,UBC",True,17
Pathway,MM15162,REACTOME_INTERLEUKIN_3_INTERLEUKIN_5_AND_GM_CSF_SIGNALING,Reactome Pathways,0.005157,1.0,0.01725,0.1517,18,41,"PIK3R3,CSF2,FYN,GRB2,IL2RG,JAK2,PIK3CA,PIK3CB,PIK3CD,PIK3R1,PIK3R2,PRKACA,RPS27A,SOS1,UBA52,UBB,UBC,YWHAZ",True,18
Pathway,M7399,KEGG_PORPHYRIN_AND_CHLOROPHYLL_METABOLISM,KEGG Legacy Pathways,0.005157,1.0,0.01725,0.1517,18,41,"ALAD,ALAS1,ALAS2,BLVRB,COX10,COX15,CPOX,EPRS1,FECH,FTH1,GUSB,HMBS,HMOX1,HMOX2,PPOX,MMAB,UROD,UROS",True,18
Pathway,M938,REACTOME_CIRCADIAN_CLOCK,Reactome Pathways,0.005294,1.0,0.0177,0.1556,40,112,"HDAC3,PER2,CDK5,NR1D1,CREB1,ATF2,CREBBP,CREM,NCOR1,RBX1,PSMD14,EP300,PPARGC1A,ADRM1,CRTC2,MEF2D,KMT2A,MED1,PPP1CA,PPP1CB,PPP1CC,PSMC1,PSMC5,PSMD2,PSMD3,PSMD13,RBM4,TBL1XR1,RORA,RORB,RPS27A,SKP1,SREBF1,TBL1X,SIRT1,UBA52,UBB,UBC,UBE2D1,TFEB",True,40
Pathway,M3261,KEGG_TOLL_LIKE_RECEPTOR_SIGNALING_PATHWAY,KEGG Legacy Pathways,0.005348,1.0,0.01784,0.1569,37,102,"AKT1,AKT2,PIK3R3,CD80,CD86,IKBKE,AKT3,FOS,IFNAR1,IL1B,IL6,IRAK1,JUN,TBK1,MYD88,NFKBIA,PIK3CA,PIK3CB,PIK3CD,PIK3CG,PIK3R1,PIK3R2,MAPK1,MAPK3,MAPK8,MAPK9,MAP2K1,MAP2K2,RAC1,RELA,CXCL11,STAT1,TLR2,TLR4,TNF,TRAF3,TIRAP",True,37
Pathway,M29813,REACTOME_RESPONSE_OF_EIF2AK4_GCN2_TO_AMINO_ACID_DEFICIENCY,Reactome Pathways,0.005348,1.0,0.01784,0.1569,37,102,"ATF3,ATF4,CEBPB,CEBPG,RPL23,ATF2,DDIT3,RPS27L,EIF2S1,EIF2S3,GCN1,RPL22L1,EIF2AK4,RPL5,RPL6,RPL7,RPL7A,RPL11,RPL19,RPL27,RPL36AL,RPLP1,RPS2,RPS3,RPS9,RPS10,RPS11,RPS12,RPS13,RPS14,RPS18,RPS20,RPS21,RPS23,RPS25,RPS27A,UBA52",True,37
Pathway,MM14503,REACTOME_NEURONAL_SYSTEM,Reactome Pathways,0.005421,1.0,0.01807,0.1589,103,335,"KCNH8,ACTN2,ADCY1,ADCY2,ADCY3,ADCY5,ADCY6,ADCY7,ADCY8,ADCY9,AP2A1,AP2A2,AP2B1,ADCY4,EPB41L5,CAMK1,CASK,CALM1,CALM2,CALM3,CAMK2A,CAMK2B,CAMK2D,CAMK2G,KCNQ4,NRXN1,NRXN2,CREB1,DLG4,GNB4,FLOT1,EPB41,NCALD,RTN3,CACNG2,ARL6IP5,GNB5,GNAT3,GABBR1,GABRA1,GABRA5,GABRB1,GABRG2,GABRR1,GABRR2,GAD2,GNG13,GLUL,GNAI1,GNAI2,GNAI3,GNAL,GNB1,GNB2,GNB3,GNG3,GNG4,GNG5,GNG7,GNG10,GNG11,GNGT1,GNGT2,GRIA1,GRM1,GRM5,KCNG4,SLC5A7,HSPA8,KCNJ3,KCNJ5,KCNJ10,KCNK2,GNG8,MDM2,MYO6,NEFL,GNG2,LRFN4,PLCB2,PLCB3,PRKACA,PRKACB,PRKAR1A,PRKAR1B,PRKCB,PRKCG,KCNV2,SLC1A1,SLC1A2,SLC1A3,SLC6A1,SLC6A11,SLC6A13,DNAJC5,RIMS1,SNAP25,STX1A,GNG12,PLCB1,KCNG3,GRIP1,ALDH5A1",True,103
Pathway,M47861,KEGG_MEDICUS_REFERENCE_DNA_REPLICATION_TERMINATION,KEGG Medicus Pathways,0.005515,1.0,0.01837,0.1615,11,21,"RBX1,MCM2,MCM3,MCM4,MCM5,MCM6,MCM7,NPLOC4,UBB,UFD1,VCP",True,11
Pathway,M1090,REACTOME_SIGNALING_BY_FGFR,Reactome Pathways,0.005637,1.0,0.01876,0.1649,33,89,"BRAF,FGFR1,GAB1,GALNT3,GRB2,HNRNPA1,HNRNPF,HNRNPH1,HRAS,ANOS1,KRAS,HNRNPM,NCBP1,NRAS,PIK3CA,PIK3R1,PLCG1,POLR2A,POLR2B,POLR2C,MAPK1,MAPK3,ESRP1,PTBP1,RPS27A,NCBP2,SOS1,SRC,TGFBR3,TIA1,UBA52,UBB,UBC",True,33
Pathway,M2164,KEGG_LEUKOCYTE_TRANSENDOTHELIAL_MIGRATION,KEGG Legacy Pathways,0.005893,1.0,0.01959,0.1723,41,116,"ACTB,ACTN4,ACTN1,ACTN2,PIK3R3,RHOA,RHOH,CDC42,CDH5,ROCK2,CTNNB1,F11R,CLDN19,MYL9,GNAI1,GNAI2,GNAI3,RAPGEF4,ICAM1,ITGA4,ITGAM,ITGB1,MSN,MYL5,PIK3CA,PIK3CB,PIK3CD,PIK3CG,PIK3R1,PIK3R2,PLCG1,PLCG2,PRKCA,PRKCB,PRKCG,MYL12B,RAC1,RAC2,ROCK1,VASP,CXCR4",True,41
Pathway,MM15212,REACTOME_PYROPTOSIS,Reactome Pathways,0.006133,1.0,0.02034,0.1788,12,24,"BAX,CASP3,CHMP2B,CHMP7,CHMP4C,CHMP3,CHMP2A,IL1B,RNF103-CHMP3,CYCS,CHMP6,CHMP4B",True,12
Pathway,M2243,REACTOME_SEMA4D_IN_SEMAPHORIN_SIGNALING,Reactome Pathways,0.006133,1.0,0.02034,0.1788,12,24,"RHOA,RHOB,RHOC,ROCK2,ERBB2,MYL9,RND1,MYH9,PLXNB1,MYL12B,RAC1,ROCK1",True,12
Pathway,M519,REACTOME_GROWTH_HORMONE_RECEPTOR_SIGNALING,Reactome Pathways,0.006133,1.0,0.02034,0.1788,12,24,"SOCS1,SOCS3,SH2B1,CSH1,GH1,GH2,JAK2,MAPK1,MAPK3,STAT1,STAT3,ADAM17",True,12
Pathway,M18311,REACTOME_METABOLISM_OF_VITAMINS_AND_COFACTORS,Reactome Pathways,0.006148,1.0,0.02037,0.1791,64,196,"ACO1,AKT1,AOX1,APOE,CALM1,LRAT,CYB5A,DHFR,COQ6,BCO2,RDH11,COQ4,COQ7,GPHN,FASN,COQ5,FPGS,SLC19A2,GCH1,COQ3,COQ2,HPDL,HSP90AA1,HSPG2,IDH1,LRP1,MOCS1,BCO1,MTHFD1,MTR,MTRR,NT5E,SLC5A8,PC,ENPP1,ENPP3,UBIAD1,PRKG2,RETSAT,RBP1,RBP2,RBP4,RFK,COQ8B,SDC1,SHMT1,SHMT2,SLC2A1,SLC2A3,FLAD1,COASY,SLC46A1,MMAB,AGRN,PDSS1,TTR,NMNAT1,STARD7,COQ8A,AKR1B10,COQ9,NADK,PDSS2,CUBN",True,64
Pathway,MM14916,REACTOME_PEPTIDE_HORMONE_METABOLISM,Reactome Pathways,0.006389,1.0,0.02115,0.1859,27,70,"AGT,GPR119,CES1,CSH1,CSH2,CSHL1,CTSD,ACE,EXOC8,ATP6AP2,EXOC5,GNAT3,GHRL,GNG13,GH1,GH2,GNB1,GNB3,EXOC4,EXOC3,INS,LEP,POMC,EXOC1,EXOC2,EXOC7,SLC30A5",True,27
Pathway,M27396,REACTOME_ASYMMETRIC_LOCALIZATION_OF_PCP_PROTEINS,Reactome Pathways,0.006497,1.0,0.02146,0.1887,21,51,"FZD4,PARD6A,DVL2,PSMD14,FZD2,ADRM1,PSMC1,PSMC5,PSMD2,PSMD3,PSMD13,RPS27A,SCRIB,UBA52,UBB,UBC,WNT5A,FZD5,FZD3,SMURF1,VANGL2",True,21
Pathway,M27686,REACTOME_EUKARYOTIC_TRANSLATION_INITIATION,Reactome Pathways,0.006517,1.0,0.02146,0.1887,42,120,"EIF3B,EIF3C,EIF3D,EIF3F,EIF3G,EIF3I,EIF2B4,EIF2B3,RPL23,RPS27L,EIF2S1,EIF2S3,EIF4A1,EIF4A2,EIF4B,PABPC1,RPL22L1,RPL5,RPL6,RPL7,RPL7A,RPL11,RPL19,RPL27,RPL36AL,RPLP1,RPS2,RPS3,RPS9,RPS10,RPS11,RPS12,RPS13,RPS14,RPS18,RPS20,RPS21,RPS23,RPS25,RPS27A,UBA52,EIF4H",True,42
Pathway,M16498,REACTOME_SEMA3A_PAK_DEPENDENT_AXON_REPULSION,Reactome Pathways,0.006553,1.0,0.02146,0.1887,9,16,"SEMA3A,FYN,HSP90AA1,HSP90AB1,PAK1,PAK2,PAK3,PLXNA1,RAC1",True,9
Pathway,M5244,KEGG_GLYOXYLATE_AND_DICARBOXYLATE_METABOLISM,KEGG Legacy Pathways,0.006553,1.0,0.02146,0.1887,9,16,"ACO1,ACO2,GLYCTK,GRHPR,CS,HAO2,MDH2,MTHFD1,HAO1",True,9
Pathway,M27940,REACTOME_FOXO_MEDIATED_TRANSCRIPTION_OF_CELL_DEATH_GENES,Reactome Pathways,0.006553,1.0,0.02146,0.1887,9,16,"BCL6,CREBBP,DDIT3,BCL2L11,EP300,NFYA,NFYB,NFYC,STK11",True,9
Pathway,MM14795,REACTOME_METABOLISM_OF_NITRIC_OXIDE_NOS3_ACTIVATION_AND_REGULATION,Reactome Pathways,0.006553,1.0,0.02146,0.1887,9,16,"CYGB,AKT1,CALM1,CALM2,CALM3,CAV1,DNM2,HSP90AA1,CYB5B",True,9
Pathway,MM15710,REACTOME_GROWTH_HORMONE_RECEPTOR_SIGNALING,Reactome Pathways,0.006553,1.0,0.02146,0.1887,9,16,"SH2B1,CSH1,CSH2,CSHL1,GH1,GH2,JAK2,MAPK1,MAPK3",True,9
Pathway,M514,REACTOME_SPRY_REGULATION_OF_FGF_SIGNALING,Reactome Pathways,0.006553,1.0,0.02146,0.1887,9,16,"BRAF,GRB2,MAPK1,MAPK3,RPS27A,SRC,UBA52,UBB,UBC",True,9
Pathway,M27236,REACTOME_GLYCOGEN_STORAGE_DISEASES,Reactome Pathways,0.006553,1.0,0.02146,0.1887,9,16,"G6PC3,GAA,GBE1,GYS1,GYS2,RPS27A,UBA52,UBB,UBC",True,9
Pathway,MM14541,REACTOME_SPRY_REGULATION_OF_FGF_SIGNALING,Reactome Pathways,0.006553,1.0,0.02146,0.1887,9,16,"BRAF,GRB2,MAPK1,MAPK3,RPS27A,SRC,UBA52,UBB,UBC",True,9
Pathway,M47858,KEGG_MEDICUS_REFERENCE_PRE_IC_FORMATION,KEGG Medicus Pathways,0.006572,1.0,0.02146,0.1887,13,27,"CDC6,MCM2,MCM3,MCM4,MCM5,MCM6,MCM7,ORC1,ORC2,ORC4,ORC5,ORC3,CDT1",True,13
Pathway,MM14712,REACTOME_DOWNSTREAM_SIGNAL_TRANSDUCTION,Reactome Pathways,0.006572,1.0,0.02146,0.1887,13,27,"GRB2,HRAS,KRAS,PDGFRB,PIK3CA,PIK3CB,PIK3R1,PIK3R2,PLCG1,RASA1,SOS1,SRC,STAT3",True,13
Pathway,M796,REACTOME_ATF4_ACTIVATES_GENES_IN_RESPONSE_TO_ENDOPLASMIC_RETICULUM_STRESS,Reactome Pathways,0.006572,1.0,0.02146,0.1887,13,27,"KHSRP,ATF3,ATF4,CEBPB,CEBPG,DDIT3,NFYA,NFYB,NFYC,EXOSC9,CCL2,ATF6,EXOSC2",True,13
Pathway,M41804,REACTOME_PYROPTOSIS,Reactome Pathways,0.006572,1.0,0.02146,0.1887,13,27,"BAX,CASP3,CHMP2B,CHMP7,CHMP4C,CHMP3,CHMP2A,IL1B,CHMP4A,CYCS,CHMP6,CHMP4B,TP53",True,13
Pathway,M27422,REACTOME_VEGFR2_MEDIATED_VASCULAR_PERMEABILITY,Reactome Pathways,0.006572,1.0,0.02146,0.1887,13,27,"AKT1,AKT2,CALM1,CAV1,CDH5,CTNNB1,AKT3,HSP90AA1,JUP,PAK1,PAK2,PAK3,RAC1",True,13
Pathway,M27177,REACTOME_ESTABLISHMENT_OF_SISTER_CHROMATID_COHESION,Reactome Pathways,0.006778,1.0,0.02177,0.1914,7,11,"SMC1A,ESCO1,SMC3,ESCO2,STAG2,PDS5B,PDS5A",True,7
Pathway,MM14891,REACTOME_ESTABLISHMENT_OF_SISTER_CHROMATID_COHESION,Reactome Pathways,0.006778,1.0,0.02177,0.1914,7,11,"SMC1A,ESCO1,SMC3,ESCO2,STAG2,PDS5B,PDS5A",True,7
Pathway,M47678,KEGG_MEDICUS_REFERENCE_ELECTRON_TRANSFER_IN_COMPLEX_III,KEGG Medicus Pathways,0.006778,1.0,0.02177,0.1914,7,11,"CYC1,UQCRQ,MT-CYB,UQCR10,UQCRC1,UQCRC2,UQCRFS1",True,7
Pathway,M47791,KEGG_MEDICUS_ENV_FACTOR_NNK_NNN_TO_PI3K_SIGNALING_PATHWAY_N01339,KEGG Medicus Pathways,0.006778,1.0,0.02177,0.1914,7,11,"AKT1,AKT2,AKT3,PIK3CA,PIK3CB,PIK3CD,RELA",True,7
Pathway,MM17235,REACTOME_SIGNALING_BY_LTK,Reactome Pathways,0.006778,1.0,0.02177,0.1914,7,11,"TNK2,GRB2,PIK3CA,PIK3CB,PIK3R1,PIK3R2,SOS1",True,7
Pathway,M49173,REACTOME_CO_STIMULATION_BY_ICOS,Reactome Pathways,0.006778,1.0,0.02177,0.1914,7,11,"PIK3R3,PIK3CA,PIK3CB,PIK3CD,PIK3CG,PIK3R1,PIK3R2",True,7
Pathway,M17946,KEGG_VALINE_LEUCINE_AND_ISOLEUCINE_BIOSYNTHESIS,KEGG Legacy Pathways,0.006778,1.0,0.02177,0.1914,7,11,"BCAT1,BCAT2,IARS1,PDHA1,PDHA2,PDHB,VARS1",True,7
Pathway,MM14937,REACTOME_PROCESSING_AND_ACTIVATION_OF_SUMO,Reactome Pathways,0.006778,1.0,0.02177,0.1914,7,11,"UBA2,SAE1,SUMO4,SENP1,SUMO2,UBE2I,SUMO1",True,7
Pathway,M41833,REACTOME_REGULATION_OF_BACH1_ACTIVITY,Reactome Pathways,0.006778,1.0,0.02177,0.1914,7,11,"RBX1,RPS27A,SKP1,UBA52,UBB,UBC,FBXL17",True,7
Pathway,M47406,KEGG_MEDICUS_VARIANT_BCR_ABL_FUSION_KINASE_TO_PI3K_SIGNALING_PATHWAY,KEGG Medicus Pathways,0.006778,1.0,0.02177,0.1914,7,11,"ABL1,AKT1,AKT2,AKT3,PIK3CA,PIK3CB,PIK3CD",True,7
Pathway,M49033,KEGG_MEDICUS_VARIANT_MUTATION_ACTIVATED_PRKCG_TO_MGLUR1_TRPC3_SIGNALING_PATHWAY,KEGG Medicus Pathways,0.006778,1.0,0.02177,0.1914,7,11,"GNAQ,GRM1,PLCB2,PLCB3,PLCB4,PRKCG,PLCB1",True,7
Pathway,MM15686,REACTOME_REGULATION_OF_BACH1_ACTIVITY,Reactome Pathways,0.006778,1.0,0.02177,0.1914,7,11,"RBX1,RPS27A,SKP1,UBA52,UBB,UBC,FBXL17",True,7
Pathway,MM17678,REACTOME_CO_STIMULATION_BY_ICOS,Reactome Pathways,0.006778,1.0,0.02177,0.1914,7,11,"PIK3R3,PIK3CA,PIK3CB,PIK3CD,PIK3CG,PIK3R1,PIK3R2",True,7
Pathway,M29814,REACTOME_CONSTITUTIVE_SIGNALING_BY_OVEREXPRESSED_ERBB2,Reactome Pathways,0.006778,1.0,0.02177,0.1914,7,11,"ERBB2,GRB2,HRAS,HSP90AA1,KRAS,NRAS,SOS1",True,7
Pathway,M47499,KEGG_MEDICUS_REFERENCE_EREG_EGFR_PI3K_SIGNALING_PATHWAY,KEGG Medicus Pathways,0.006778,1.0,0.02177,0.1914,7,11,"AKT1,AKT2,AKT3,EGFR,PIK3CA,PIK3CB,PIK3CD",True,7
Pathway,M47436,KEGG_MEDICUS_REFERENCE_EGF_EGFR_RAS_RALGDS_SIGNALING_PATHWAY,KEGG Medicus Pathways,0.006778,1.0,0.02177,0.1914,7,11,"EGFR,GRB2,HRAS,KRAS,NRAS,SOS1,SOS2",True,7
Pathway,M47432,KEGG_MEDICUS_REFERENCE_EGF_EGFR_RAS_RASSF1_SIGNALING_PATHWAY,KEGG Medicus Pathways,0.006778,1.0,0.02177,0.1914,7,11,"EGFR,GRB2,HRAS,KRAS,NRAS,SOS1,SOS2",True,7
Pathway,M47501,KEGG_MEDICUS_REFERENCE_AREG_EGFR_PI3K_SIGNALING_PATHWAY,KEGG Medicus Pathways,0.006778,1.0,0.02177,0.1914,7,11,"AKT1,AKT2,AKT3,EGFR,PIK3CA,PIK3CB,PIK3CD",True,7
Pathway,M46429,REACTOME_RIBAVIRIN_ADME,Reactome Pathways,0.006778,1.0,0.02177,0.1914,7,11,"ADA,ADK,ITPA,NME1,NME2,PNP,NT5C2",True,7
Pathway,M27650,REACTOME_COPI_DEPENDENT_GOLGI_TO_ER_RETROGRADE_TRAFFIC,Reactome Pathways,0.006829,1.0,0.0219,0.1925,36,100,"KIF18A,KLC3,ARF4,GBF1,KIFC2,CENPE,KIF3B,TUBA1B,TUBB3,TUBB4A,TUBB4B,NBAS,TUBA8,TUBB6,TUBA1C,KIF3A,TUBB8,TUBB2B,KIF2A,KIF5A,KIF5B,KLC1,KIF11,KIFC1,KIF25,TUBAL3,TUBA3E,COPG1,KIFAP3,TUBA3D,TUBA4A,TUBB2A,TUBB1,KLC2,TUBA1A,KLC4",True,36
Pathway,MM14561,REACTOME_AMPLIFICATION_OF_SIGNAL_FROM_THE_KINETOCHORES,Reactome Pathways,0.006829,1.0,0.0219,0.1925,36,100,"SEH1L,KIF18A,DYNLL1,BUB1B,CDC20,CENPA,CENPE,CENPF,DYNLL2,CKAP5,DYNC1H1,DYNC1I1,DYNC1I2,DYNC1LI2,DYNC1LI1,KIF2A,MAD2L1,NUP98,NUP43,PAFAH1B1,NUP37,PLK1,PPP1CC,NDE1,RANBP2,RANGAP1,NUP85,SEC13,CENPT,MAPRE1,NUP133,NUP160,B9D2,XPO1,NDEL1,NUP107",True,36
Pathway,MM17247,REACTOME_COMPLEX_IV_ASSEMBLY,Reactome Pathways,0.006857,1.0,0.02196,0.193,19,45,"COX19,COX5A,COX4I1,COX5B,COX6A1,COX8A,COX11,COX15,SCO2,COX17,COQ10A,MT-CO1,MT-CO2,MT-CO3,TIMM21,NDUFA4,SCO1,COQ10B,COX18",True,19
Pathway,M41825,REACTOME_SIGNALING_BY_CSF3_G_CSF,Reactome Pathways,0.006859,1.0,0.02196,0.193,14,30,"SOCS1,SOCS3,GRB2,JAK2,KRAS,RPS27A,STAT1,STAT3,UBA52,UBB,UBC,UBE2D1,UBE2D2,UBE2D3",True,14
Pathway,M507,REACTOME_GPCR_LIGAND_BINDING,Reactome Pathways,0.006888,1.0,0.02203,0.1937,137,463,"FZD4,FZD6,CCR2,ADORA2A,ADRA1D,ADRA1B,ADRA1A,ADRA2A,ADRA2B,ADRB1,ADRB2,ADRB3,AGT,AGTR1,AGTR2,OPN5,AVPR1A,AVPR1B,AVPR2,OPN1SW,CXCR5,CCRL2,CASR,TAAR5,CCK,GPR55,CHRM1,CCR1,CCR3,CCR5,CCR6,CNR1,CRH,CRHR1,CX3CR1,TAS2R4,TAS2R16,TAS2R1,PLPPR4,DRD2,DRD4,GNB4,NPSR1,FPR1,GNB5,RRH,FZD2,GABBR1,GHRL,GNG13,GCGR,OPN1MW,GHRH,GNAS,GNB1,GNB2,GNB3,GNG3,GNG4,GNG5,GNG7,GNG10,GNG11,GNGT1,GNGT2,GNRHR,MCHR1,MLNR,GRM1,GRM5,GRM6,HCRT,HRH1,HRH2,HTR2B,HTR2C,RXFP4,TAAR1,LHCGR,OPN4,GNG8,MC1R,MC2R,MC4R,MC5R,NPY,NPY1R,NPY2R,NTS,NTSR1,OPRM1,OXT,OXTR,PDYN,GNG2,PNOC,POMC,PYY,PTAFR,TAS2R38,PTCH1,PLPPR1,PTH,PTH1R,PTH2R,OPN1LW,RGR,RHO,PLPPR3,SCT,SCTR,CCL2,CCL19,CCL21,CCL22,CXCL11,CX3CL1,SHH,SMO,SSTR2,SSTR3,SSTR5,GNG12,TAC1,TBXA2R,TRHR,OPN3,NTSR2,PLPPR2,P2RY12,WNT5A,WNT11,PLPPR5,CXCR4,ACKR3,FZD5,FZD3",True,137
Pathway,MM15274,REACTOME_NEGATIVE_REGULATION_OF_MAPK_PATHWAY,Reactome Pathways,0.006986,1.0,0.02228,0.1959,18,42,"ARAF,KSR1,BRAF,DUSP6,HRAS,KRAS,PEBP1,MAPK1,MAPK3,MAP2K1,MAP2K2,PTPN3,RAF1,RPS27A,UBA52,UBB,UBC,YWHAB",True,18
Pathway,M19096,KEGG_BLADDER_CANCER,KEGG Legacy Pathways,0.006986,1.0,0.02228,0.1959,18,42,"ARAF,BRAF,CDKN2A,RPS6KA5,EGFR,ERBB2,HRAS,KRAS,MDM2,MYC,NRAS,MAPK1,MAPK3,MAP2K1,MAP2K2,RAF1,THBS1,TP53",True,18
Pathway,M17541,REACTOME_REGULATION_OF_BETA_CELL_DEVELOPMENT,Reactome Pathways,0.006986,1.0,0.02228,0.1959,18,42,"AKT1,AKT2,KAT2B,CREBBP,AKT3,EP300,PTF1A,GCK,KAT2A,HNF4A,ONECUT1,INS,NEUROD1,PAX4,PAX6,PKLR,SLC2A2,SNW1",True,18
Pathway,MM15257,REACTOME_SIGNALING_BY_FGFR3,Reactome Pathways,0.007067,1.0,0.02252,0.198,17,39,"BRAF,GAB1,GALNT3,GRB2,HRAS,KRAS,PIK3CA,PIK3R1,PLCG1,MAPK1,MAPK3,RPS27A,SOS1,SRC,UBA52,UBB,UBC",True,17
Pathway,M49175,REACTOME_EXPRESSION_OF_BMAL_ARNTL_CLOCK_AND_NPAS2,Reactome Pathways,0.007084,1.0,0.02256,0.1984,16,36,"HDAC3,NR1D1,CREB1,ATF2,CREBBP,NCOR1,EP300,PPARGC1A,CRTC2,MEF2D,MED1,TBL1XR1,RORA,RORB,TBL1X,SIRT1",True,16
Pathway,M27876,REACTOME_REGULATION_OF_EXPRESSION_OF_SLITS_AND_ROBOS,Reactome Pathways,0.007621,1.0,0.02424,0.2131,53,159,"RPL23,LHX2,EIF4A3,DAG1,RBM8A,RBX1,RPS27L,PSMD14,PABPC1,RNPS1,ADRM1,ISL1,MAGOH,RPL22L1,NCBP1,PSMC1,PSMC5,PSMD2,PSMD3,PSMD13,MAGOHB,RPL5,RPL6,RPL7,RPL7A,RPL11,RPL19,RPL27,RPL36AL,RPLP1,RPS2,RPS3,RPS9,RPS10,RPS11,RPS12,RPS13,RPS14,RPS18,RPS20,RPS21,RPS23,RPS25,RPS27A,CASC3,NCBP2,ZSWIM8,UBA52,UBB,UBC,UPF3B,LHX4,LHX3",True,53
Pathway,M15303,REACTOME_APOPTOSIS,Reactome Pathways,0.007625,1.0,0.02424,0.2131,55,166,"AKT1,AKT2,DYNLL1,BAX,BCL2,TNFRSF10B,TNFRSF10A,BMX,CASP3,CDKN2A,DYNLL2,APPL1,CTNNB1,AKT3,BCL2L11,BCAP31,PSMD14,FNTA,YWHAQ,ADRM1,GSN,KPNA1,LMNA,LMNB1,NMT1,CYCS,PAK2,PKP1,PLEC,MAPK1,MAPK3,MAPK8,PSMC1,PSMC5,PSMD2,PSMD3,PSMD13,UACA,ROCK1,RPS27A,SATB1,ACIN1,SPTAN1,STAT3,TJP1,TLR4,TP53,UBA52,UBB,UBC,YWHAB,YWHAE,YWHAG,YWHAH,YWHAZ",True,55
Pathway,MM15076,REACTOME_SLC_MEDIATED_TRANSMEMBRANE_TRANSPORT,Reactome Pathways,0.007633,1.0,0.02424,0.2132,75,237,"SLC25A11,SLC25A4,SLC25A5,SLC26A9,ARL2,SLC17A8,SLC4A4,BSG,CALM1,CALM2,CALM3,SLC7A7,SLC7A6,SLC16A3,SLC24A1,SLC24A2,SLC4A7,SLC4A8,SLC25A10,CTNS,SLC36A1,SLC26A3,SLC25A18,SLC26A2,SLC41A2,SLC9A6,SLC26A1,SLC27A4,SLC7A9,SLC5A7,SLC9A4,SLC27A6,SLC11A2,SLC5A8,SLC26A4,SLC40A1,SLC25A22,SLC35C1,SLC1A1,SLC1A2,SLC1A3,SLC4A3,SLC1A5,SLC2A1,SLC2A2,SLC2A3,SLC2A4,SLC3A1,SLC3A2,SLC6A1,SLC6A11,SLC6A13,SLC7A1,SLC8A1,SLC9A1,SLC9A2,SLC9A3,SLC9A5,SLC12A1,SLC12A2,SLC12A3,SLC20A1,SLC20A2,SLC39A8,SLC9A8,SLC7A8,SLC7A10,SLC16A8,ARL2BP,SLC30A5,SLC26A6,SLC27A1,RHBG,SLC44A2,SLC7A5",True,75
Pathway,M47677,KEGG_MEDICUS_VARIANT_MUTATION_CAUSED_ABERRANT_HTT_TO_TRANSPORT_OF_CALCIUM,KEGG Medicus Pathways,0.007748,1.0,0.0245,0.2154,10,19,"SLC25A4,SLC25A5,SLC25A6,CASP3,DLG4,HTT,CYCS,VDAC1,VDAC2,VDAC3",True,10
Pathway,M47760,KEGG_MEDICUS_VARIANT_SCRAPIE_CONFORMATION_PRPSC_TO_MGLUR5_CA2_APOPTOTIC_PATHWAY,KEGG Medicus Pathways,0.007748,1.0,0.0245,0.2154,10,19,"SLC25A4,SLC25A5,SLC25A6,CASP3,CYCS,RYR1,RYR2,VDAC1,VDAC2,VDAC3",True,10
Pathway,M927,REACTOME_GABA_SYNTHESIS_RELEASE_REUPTAKE_AND_DEGRADATION,Reactome Pathways,0.007748,1.0,0.0245,0.2154,10,19,"GAD2,HSPA8,SLC6A1,SLC6A11,SLC6A13,DNAJC5,RIMS1,SNAP25,STX1A,ALDH5A1",True,10
Pathway,MM15523,REACTOME_GABA_SYNTHESIS_RELEASE_REUPTAKE_AND_DEGRADATION,Reactome Pathways,0.007748,1.0,0.0245,0.2154,10,19,"GAD2,HSPA8,SLC6A1,SLC6A11,SLC6A13,DNAJC5,RIMS1,SNAP25,STX1A,ALDH5A1",True,10
Pathway,M47543,KEGG_MEDICUS_PATHOGEN_HCMV_US28_TO_GNAQ_PLCB_G_CALCINEURIN_SIGNALING_PATHWAY,KEGG Medicus Pathways,0.007748,1.0,0.0245,0.2154,10,19,"CALM1,CALM2,CALM3,GNAQ,PLCB2,PLCB3,PLCB4,PPP3CB,PTGS2,PLCB1",True,10
Pathway,M27187,REACTOME_SENESCENCE_ASSOCIATED_SECRETORY_PHENOTYPE_SASP,Reactome Pathways,0.007943,1.0,0.0251,0.2207,39,111,"H2AC18,H2AC20,H2BC21,H3C2,H4C6,CDC26,CDC23,CDC16,CDC27,CDKN2A,CEBPB,ANAPC15,FZR1,ANAPC10,ANAPC5,ANAPC7,FOS,ANAPC11,UBE2S,UBE2C,H2AX,H3-3A,H3-3B,IL6,JUN,ANAPC16,ANAPC2,ANAPC4,MAPK1,MAPK3,RELA,RPS27A,STAT3,UBA52,UBB,UBC,UBE2D1,UBE2E1,ANAPC1",True,39
Pathway,M27574,REACTOME_DEUBIQUITINATION,Reactome Pathways,0.0085,1.0,0.02684,0.236,88,285,"USP9X,ACTB,TRRAP,MYSM1,BAP1,H2AC18,H2AC20,ADRB2,H2BC21,MAVS,WDR48,OGT,BIRC3,AR,RHOA,ARRB1,ARRB2,RUVBL1,BARD1,KAT2B,BRCA1,USP14,USP10,HGS,CDC20,CFTR,USP49,BABAM2,CCP110,TOMM20,KEAP1,TOMM70,WDR20,USP15,RCE1,PSMD14,EP300,STAM2,MCRS1,USP16,INO80C,KAT2A,ADRM1,HCFC1,HIF1A,ACTR8,SMAD4,MDM2,MYC,NEDD8,NFKBIA,PRKN,TFPT,BRCC3,PSMC1,PSMC5,PSMD2,PSMD3,PSMD13,PTEN,INO80D,RAD23A,RAD23B,RPS27A,ATXN7,TNKS2,NOD2,TGFB1,TGFBR1,TGFBR2,TP53,ASXL1,TRAF3,UBA52,UBB,UBC,UBE2D1,UFD1,USP4,FKBP8,VCP,VDAC1,VDAC2,VDAC3,USP7,STAM,NLRP3,USP5",True,88
Pathway,MM15656,REACTOME_FOXO_MEDIATED_TRANSCRIPTION,Reactome Pathways,0.008611,1.0,0.02712,0.2384,11,22,"AKT1,AKT2,KAT2B,AKT3,EP300,YWHAQ,SMAD4,SIRT1,YWHAB,YWHAG,YWHAZ",True,11
Pathway,MM15632,REACTOME_INTERLEUKIN_RECEPTOR_SHC_SIGNALING,Reactome Pathways,0.008611,1.0,0.02712,0.2384,11,22,"PIK3R3,CSF2,GRB2,IL2RG,JAK2,PIK3CA,PIK3CB,PIK3CD,PIK3R1,PIK3R2,SOS1",True,11
Pathway,MM15104,REACTOME_UNBLOCKING_OF_NMDA_RECEPTORS_GLUTAMATE_BINDING_AND_ACTIVATION,Reactome Pathways,0.008611,1.0,0.02712,0.2384,11,22,"ACTN2,CALM1,CALM2,CALM3,CAMK2A,CAMK2B,CAMK2D,CAMK2G,DLG4,GRIA1,NEFL",True,11
Pathway,M715,REACTOME_GENE_SILENCING_BY_RNA,Reactome Pathways,0.008628,1.0,0.02715,0.2387,47,139,"SEH1L,H2AC18,H2AC20,H2BC21,H3C2,H4C6,RAE1,NUP155,NUP93,NUP58,POM121,NUP153,POM121C,NUP50,NUP42,H2AX,H3-3A,H3-3B,HSP90AA1,NUP54,MYBL1,NUP88,NUP98,NUP43,NUP37,DDX4,POLR2A,POLR2B,POLR2C,RAN,RANBP2,ASZ1,NUP85,SEC13,NUP35,NDC1,NUP133,NUP205,NUP210,NUP160,NUP188,TPR,NUP62,TDRD9,NUP107,NUP214,AAAS",True,47
Pathway,M41832,REACTOME_HEME_SIGNALING,Reactome Pathways,0.008742,1.0,0.02748,0.2417,20,49,"HDAC3,NR1D1,CREB1,ATF2,CREBBP,NCOR1,EP300,PPARGC1A,HMOX1,CRTC2,MEF2D,NFE2L2,MED1,TBL1XR1,RORA,SLC46A1,TBL1X,SIRT1,TLR4,XPO1",True,20
Pathway,M892,REACTOME_SYNTHESIS_OF_SUBSTRATES_IN_N_GLYCAN_BIOSYTHESIS,Reactome Pathways,0.008846,1.0,0.02779,0.2443,25,65,"DPM1,DPM2,FCSK,NUS1,GFPT2,GFPT1,ST6GAL2,GLB1,HK1,MPI,MVD,DPM3,PGM3,ALG5,GMPPB,GMPPA,PMM1,PMM2,SRD5A3,SLC35C1,DHDDS,NAGK,DOLK,GNPNAT1,DOLPP1",True,25
Pathway,M5756,REACTOME_E2F_ENABLED_INHIBITION_OF_PRE_REPLICATION_COMPLEX_FORMATION,Reactome Pathways,0.009081,1.0,0.02821,0.2481,6,9,"MCM8,ORC1,ORC2,ORC4,ORC5,ORC3",True,6
Pathway,MM15357,REACTOME_PI5P_REGULATES_TP53_ACETYLATION,Reactome Pathways,0.009081,1.0,0.02821,0.2481,6,9,"PIP4K2B,PIP4P1,EP300,PIP4K2A,PIP4K2C,TP53",True,6
Pathway,M47802,KEGG_MEDICUS_REFERENCE_MEMBRANE_INITIATED_PROGESTERONE_SIGNALING_PATHWAY,KEGG Medicus Pathways,0.009081,1.0,0.02821,0.2481,6,9,"AKT1,AKT2,AKT3,PIK3CA,PIK3CB,PIK3CD",True,6
Pathway,M27877,REACTOME_ROBO_RECEPTORS_BIND_AKAP5,Reactome Pathways,0.009081,1.0,0.02821,0.2481,6,9,"PPP3CB,PRKACA,PRKACB,PRKACG,PRKAR2A,PRKCA",True,6
Pathway,M27904,REACTOME_ACTIVATED_NTRK2_SIGNALS_THROUGH_RAS,Reactome Pathways,0.009081,1.0,0.02821,0.2481,6,9,"GRB2,HRAS,KRAS,NRAS,NTRK2,SOS1",True,6
Pathway,M27781,REACTOME_INLA_MEDIATED_ENTRY_OF_LISTERIA_MONOCYTOGENES_INTO_HOST_CELLS,Reactome Pathways,0.009081,1.0,0.02821,0.2481,6,9,"CTNNB1,RPS27A,SRC,UBA52,UBB,UBC",True,6
Pathway,MM15583,REACTOME_SIGNALING_BY_NTRK2_TRKB,Reactome Pathways,0.009081,1.0,0.02821,0.2481,6,9,"FYN,GRB2,NTRK2,PLCG1,RAC1,SOS1",True,6
Pathway,M27655,REACTOME_PI5P_REGULATES_TP53_ACETYLATION,Reactome Pathways,0.009081,1.0,0.02821,0.2481,6,9,"PIP4K2B,PIP4P1,EP300,PIP4K2A,PIP4K2C,TP53",True,6
Pathway,MM15474,REACTOME_REGULATION_OF_IFNG_SIGNALING,Reactome Pathways,0.009081,1.0,0.02821,0.2481,6,9,"PIAS1,SOCS1,SOCS3,IFNG,JAK2,SUMO1",True,6
Pathway,M27344,REACTOME_MULTIFUNCTIONAL_ANION_EXCHANGERS,Reactome Pathways,0.009081,1.0,0.02821,0.2481,6,9,"SLC26A9,SLC26A3,SLC26A2,SLC26A1,SLC26A4,SLC26A6",True,6
Pathway,MM15084,REACTOME_MULTIFUNCTIONAL_ANION_EXCHANGERS,Reactome Pathways,0.009081,1.0,0.02821,0.2481,6,9,"SLC26A9,SLC26A3,SLC26A2,SLC26A1,SLC26A4,SLC26A6",True,6
Pathway,M26930,REACTOME_DOWNREGULATION_OF_ERBB4_SIGNALING,Reactome Pathways,0.009081,1.0,0.02821,0.2481,6,9,"NEDD4,RPS27A,SRC,UBA52,UBB,UBC",True,6
Pathway,MM14535,REACTOME_DOWNREGULATION_OF_ERBB4_SIGNALING,Reactome Pathways,0.009081,1.0,0.02821,0.2481,6,9,"NEDD4,RPS27A,SRC,UBA52,UBB,UBC",True,6
Pathway,M47692,KEGG_MEDICUS_VARIANT_MUTATION_CAUSED_ABERRANT_ABETA_TO_VGCC_CA2_APOPTOTIC_PATHWAY_N01004,KEGG Medicus Pathways,0.009166,1.0,0.02838,0.2495,8,14,"SLC25A4,SLC25A5,SLC25A6,CACNA1F,CYCS,VDAC1,VDAC2,VDAC3",True,8
Pathway,M27459,REACTOME_PHYSIOLOGICAL_FACTORS,Reactome Pathways,0.009166,1.0,0.02838,0.2495,8,14,"KAT2B,CES1,NKX2-5,HIPK2,NPPA,NPPC,NPR1,NPR2",True,8
Pathway,MM15029,REACTOME_SEMA3A_PAK_DEPENDENT_AXON_REPULSION,Reactome Pathways,0.009166,1.0,0.02838,0.2495,8,14,"FYN,HSP90AA1,HSP90AB1,PAK1,PAK2,PAK3,PLXNA1,RAC1",True,8
Pathway,M47467,KEGG_MEDICUS_REFERENCE_IGF_IGFR_PI3K_NFKB_SIGNALING_PATHWAY,KEGG Medicus Pathways,0.009166,1.0,0.02838,0.2495,8,14,"AKT1,AKT2,AKT3,NFKBIA,PIK3CA,PIK3CB,PIK3CD,RELA",True,8
Pathway,M41829,REACTOME_INACTIVATION_OF_CSF3_G_CSF_SIGNALING,Reactome Pathways,0.009194,1.0,0.02844,0.2501,12,25,"SOCS1,SOCS3,JAK2,RPS27A,STAT1,STAT3,UBA52,UBB,UBC,UBE2D1,UBE2D2,UBE2D3",True,12
Pathway,MM15137,REACTOME_AUF1_HNRNP_D0_BINDS_AND_DESTABILIZES_MRNA,Reactome Pathways,0.009307,1.0,0.02874,0.2527,18,43,"PSMD14,PABPC1,ADRM1,HNRNPD,HSPA1A,HSPA1B,HSPA8,HSPB1,PABPC3,PSMC1,PSMC5,PSMD2,PSMD3,PSMD13,RPS27A,UBA52,UBB,UBC",True,18
Pathway,M508,REACTOME_SIGNALING_BY_SCF_KIT,Reactome Pathways,0.009307,1.0,0.02874,0.2527,18,43,"PIK3R3,SOCS1,FYN,GRB2,HRAS,JAK2,KRAS,LCK,NRAS,PIK3CA,PIK3R1,PIK3R2,PRKCA,RAC1,SOS1,SRC,STAT1,STAT3",True,18
Pathway,MM14473,REACTOME_INTRINSIC_PATHWAY_FOR_APOPTOSIS,Reactome Pathways,0.009527,1.0,0.0294,0.2585,17,40,"DYNLL1,BAX,BCL2,CASP3,DYNLL2,BCL2L11,YWHAQ,NMT1,CYCS,MAPK1,MAPK3,MAPK8,YWHAB,YWHAE,YWHAG,YWHAH,YWHAZ",True,17
Pathway,MM15356,REACTOME_INTRA_GOLGI_AND_RETROGRADE_GOLGI_TO_ER_TRAFFIC,Reactome Pathways,0.009626,1.0,0.02968,0.261,61,189,"KIF18A,SYS1,PLA2G6,RIC1,KLC3,ALPP,ARF4,ARL1,DYNLL1,GBF1,CAPZB,KIFC2,CENPE,VAMP3,RAB9A,KIF3B,DYNLL2,DCTN1,DYNC1H1,DYNC1I1,DYNC1I2,DYNC1LI2,ARFRP1,DYNC1LI1,DCTN4,RABEPK,TUBA1B,TUBB3,TUBB4A,TUBB4B,DCTN2,RAB6B,NBAS,GALNT2,TUBA8,TUBB6,GOLGA4,TUBA1C,KIF3A,SCOC,TUBB2B,KIF2A,KIF5A,KIF5B,KLC1,KIF11,KIFC1,PAFAH1B1,PAFAH1B2,RAB6A,TUBAL3,COPG1,KIFAP3,TUBA3D,ARFIP2,TUBA4A,TUBB2A,TUBB1,KLC2,TUBA1A,KLC4",True,61
Pathway,M27648,REACTOME_COPI_MEDIATED_ANTEROGRADE_TRANSPORT,Reactome Pathways,0.009684,1.0,0.02974,0.2615,36,102,"ANK3,ARF4,DYNLL1,GBF1,CAPZA1,CAPZB,DYNLL2,DCTN1,DYNC1H1,DYNC1I1,DYNC1I2,DYNC1LI2,DYNC1LI1,DCTN4,TUBA1B,TUBB3,TUBB4A,TUBB4B,DCTN2,TUBA8,TUBB6,TUBA1C,TUBB8,INS,TUBB2B,TUBAL3,TUBA3E,COPG1,SPTA1,SPTAN1,SPTB,TUBA3D,TUBA4A,TUBB2A,TUBB1,TUBA1A",True,36
Pathway,MM14899,REACTOME_OXIDATIVE_STRESS_INDUCED_SENESCENCE,Reactome Pathways,0.009684,1.0,0.02974,0.2615,16,37,"EZH2,FOS,JUN,MDM2,MAP3K5,MAPK1,MAPK3,MAPK8,MAPK9,RPS27A,KDM6B,TP53,TXN,UBA52,UBB,UBC",True,16
Pathway,M27797,REACTOME_RUNX1_INTERACTS_WITH_CO_FACTORS_WHOSE_PRECISE_EFFECT_ON_RUNX1_TARGETS_IS_NOT_KNOWN,Reactome Pathways,0.009684,1.0,0.02974,0.2615,16,37,"CBX4,BMI1,PHC1,PHC2,YAF2,EP300,PCGF5,CBX2,HIPK2,RING1,RNF2,PHC3,SCMH1,SMARCC2,RYBP,CBX8",True,16
Pathway,M27641,REACTOME_REGULATION_OF_TP53_EXPRESSION_AND_DEGRADATION,Reactome Pathways,0.009684,1.0,0.02974,0.2615,16,37,"AKT1,AKT2,PRDM1,CDKN2A,DAXX,AKT3,PHF20,CHEK2,MDM2,RPS27A,RNF34,TP53,UBA52,UBB,UBC,USP7",True,16
Pathway,M27580,REACTOME_METALLOPROTEASE_DUBS,Reactome Pathways,0.009684,1.0,0.02974,0.2615,16,37,"MYSM1,H2AC18,H2AC20,BARD1,KAT2B,BRCA1,BABAM2,PSMD14,EP300,BRCC3,RPS27A,UBA52,UBB,UBC,STAM,NLRP3",True,16
Pathway,MM14886,REACTOME_DAP12_SIGNALING,Reactome Pathways,0.009725,1.0,0.02984,0.2623,14,31,"FYN,GRB2,HRAS,KRAS,LCK,TREM2,PIK3CA,PIK3CB,PIK3R1,PIK3R2,PLCG1,PLCG2,RAC1,SOS1",True,14
Pathway,M5669,KEGG_NATURAL_KILLER_CELL_MEDIATED_CYTOTOXICITY,KEGG Legacy Pathways,0.01066,1.0,0.03269,0.2874,46,137,"PIK3R3,ARAF,TNFRSF10B,TNFRSF10A,BRAF,CASP3,CSF2,FCGR3A,FCGR3B,FYN,GRB2,HLA-A,HLA-B,HRAS,ICAM1,IFNAR1,IFNG,KRAS,LCK,MICB,NRAS,PAK1,PIK3CA,PIK3CB,PIK3CD,PIK3CG,PIK3R1,PIK3R2,PLCG1,PLCG2,PPP3CB,PRKCA,PRKCB,PRKCG,MAPK1,MAPK3,MAP2K1,MAP2K2,RAC1,RAC2,RAF1,SOS1,SOS2,MICA,TNF,ZAP70",True,46
Pathway,M27188,REACTOME_CELLULAR_SENESCENCE,Reactome Pathways,0.01069,1.0,0.03273,0.2878,63,197,"H2AC18,H2AC20,H2BC21,H3C2,H4C6,CBX4,CDC26,CDC23,BMI1,CDC16,CDC27,CDKN2A,CEBPB,ANAPC15,POT1,PHC1,PHC2,EZH2,FZR1,ANAPC10,ANAPC5,ANAPC7,KAT5,FOS,ANAPC11,UBE2S,CBX2,UBE2C,H2AX,H3-3A,H3-3B,HMGA1,IL6,JUN,LMNB1,MDM2,MAP3K5,MRE11,ANAPC16,ANAPC2,ANAPC4,MAPK1,MAPK3,MAPK8,MAPK9,RELA,RING1,RNF2,RPS27A,PHC3,SCMH1,SP1,KDM6B,STAT3,TP53,TXN,UBA52,UBB,UBC,UBE2D1,UBE2E1,ANAPC1,CBX8",True,63
Pathway,M27785,REACTOME_TRANSCRIPTIONAL_REGULATION_BY_RUNX2,Reactome Pathways,0.0107,1.0,0.03275,0.2879,37,106,"ABL1,AKT1,AKT2,AR,BAX,HDAC3,HDAC4,RBX1,AKT3,HDAC6,PSMD14,STUB1,ESRRA,PPARGC1A,GLI2,GLI3,ADRM1,GSK3B,LGALS3,SMAD4,SMAD6,MAF,MAPK1,MAPK3,PSMC1,PSMC5,PSMD2,PSMD3,PSMD13,RPS27A,SKP1,SRC,STAT1,UBA52,UBB,UBC,SMURF1",True,37
Pathway,MM14836,REACTOME_TIE2_SIGNALING,Reactome Pathways,0.01092,1.0,0.03337,0.2934,9,17,"GRB2,GRB14,HRAS,KRAS,PIK3CA,PIK3CB,PIK3R1,PIK3R2,SOS1",True,9
Pathway,M47560,KEGG_MEDICUS_PATHOGEN_HIV_GP120_TO_CXCR4_GNAQ_PLCB_G_CALCINEURIN,KEGG Medicus Pathways,0.01092,1.0,0.03337,0.2934,9,17,"CALM1,CALM2,CALM3,CCR5,GNAQ,PLCG1,PLCG2,PPP3CB,CXCR4",True,9
Pathway,M567,REACTOME_SRP_DEPENDENT_COTRANSLATIONAL_PROTEIN_TARGETING_TO_MEMBRANE,Reactome Pathways,0.01098,1.0,0.03351,0.2947,39,113,"RPL23,DDOST,RPS27L,SEC61B,RPL22L1,SEC61A1,SEC61A2,RPL5,RPL6,RPL7,RPL7A,RPL11,RPL19,RPL27,RPL36AL,RPLP1,RPN1,RPN2,RPS2,RPS3,RPS9,RPS10,RPS11,RPS12,RPS13,RPS14,RPS18,RPS20,RPS21,RPS23,RPS25,RPS27A,SRP9,SRP19,SRP54,SRP68,SRPRA,SSR4,UBA52",True,39
Pathway,M27484,REACTOME_C_TYPE_LECTIN_RECEPTORS_CLRS,Reactome Pathways,0.01133,1.0,0.03455,0.3038,43,127,"CALM1,RPS6KA5,MUC17,CREBBP,PSMD14,EP300,FYN,AHCYL1,ADRM1,HRAS,IL1B,KRAS,MUC16,MUC7,NFKBIA,NRAS,PAK1,PAK2,PAK3,PLCG2,PPP3CB,PRKACA,PRKACB,PRKACG,PSMC1,PSMC5,PSMD2,PSMD3,PSMD13,RAF1,RELA,RELB,RPS27A,CCL22,SKP1,SRC,MUC5B,UBA52,UBB,UBC,UBE2D1,UBE2D2,MUC13",True,43
Pathway,MM15653,REACTOME_PROTEIN_LOCALIZATION,Reactome Pathways,0.01144,1.0,0.03488,0.3067,36,103,"ACAA1,USP9X,ACOX3,AGXT,ATP5F1B,LDHD,HACL1,CYB5A,LONP2,HAO2,EPHX2,ECI2,PITRM1,FXN,COQ2,DHRS4,SEC61B,SLC27A2,HSCB,HMGCL,HMOX1,HSPD1,IDH1,NDUFB8,OTC,HAO1,PEX19,RPS27A,SCP2,STX1A,UBA52,UBB,UBC,UBE2D1,UBE2D2,UBE2D3",True,36
Pathway,MM14714,REACTOME_SIGNALING_BY_NTRK1_TRKA,Reactome Pathways,0.01162,1.0,0.03539,0.3111,24,63,"AP2A1,AP2A2,AP2B1,RHOA,ATF1,BRAF,RPS6KA5,CHD4,CLTC,CREB1,DUSP6,GRB2,HRAS,KRAS,PIK3CA,PIK3CB,PIK3R1,PIK3R2,MAPK1,MAPK3,MAP2K1,MAP2K2,SOS1,YWHAB",True,24
Pathway,MM17070,REACTOME_IFNG_SIGNALING_ACTIVATES_MAPKS,Reactome Pathways,0.01186,1.0,0.0358,0.3147,5,7,"IFNG,JAK2,MAPK1,MAPK3,RAF1",True,5
Pathway,MM14879,REACTOME_EGFR_TRANSACTIVATION_BY_GASTRIN,Reactome Pathways,0.01186,1.0,0.0358,0.3147,5,7,"EGFR,GRB2,HRAS,KRAS,SOS1",True,5
Pathway,M47673,KEGG_MEDICUS_VARIANT_MUTATION_CAUSED_ABERRANT_HTT_TO_REST_MEDIATED_TRANSCRIPTIONAL_REPRESSION,KEGG Medicus Pathways,0.01186,1.0,0.0358,0.3147,5,7,"SIN3A,HTT,HDAC1,HDAC2,RCOR1",True,5
Pathway,MM15201,REACTOME_PHYSIOLOGICAL_FACTORS,Reactome Pathways,0.01186,1.0,0.0358,0.3147,5,7,"CES1,NPPA,NPPC,NPR1,NPR2",True,5
Pathway,M19489,REACTOME_SOS_MEDIATED_SIGNALLING,Reactome Pathways,0.01186,1.0,0.0358,0.3147,5,7,"GRB2,HRAS,KRAS,NRAS,SOS1",True,5
Pathway,M27947,REACTOME_ACTIVATION_OF_RAC1_DOWNSTREAM_OF_NMDARS,Reactome Pathways,0.01186,1.0,0.0358,0.3147,5,7,"CAMK1,ARHGEF7,CALM1,GIT1,RAC1",True,5
Pathway,M27910,REACTOME_ACTIVATED_NTRK2_SIGNALS_THROUGH_PI3K,Reactome Pathways,0.01186,1.0,0.0358,0.3147,5,7,"GAB1,GRB2,NTRK2,PIK3CA,PIK3R1",True,5
Pathway,MM15593,REACTOME_REGULATION_OF_EXPRESSION_OF_SLITS_AND_ROBOS,Reactome Pathways,0.01186,1.0,0.0358,0.3147,5,7,"DAG1,RPS27A,UBA52,UBB,UBC",True,5
Pathway,MM15528,REACTOME_ARYL_HYDROCARBON_RECEPTOR_SIGNALLING,Reactome Pathways,0.01186,1.0,0.0358,0.3147,5,7,"AHR,ARNT,AIP,PTGES3,HSP90AB1",True,5
Pathway,M26996,REACTOME_2_LTR_CIRCLE_FORMATION,Reactome Pathways,0.01186,1.0,0.0358,0.3147,5,7,"BANF1,XRCC6,PSIP1,HMGA1,XRCC5",True,5
Pathway,M27224,REACTOME_SUMO_IS_TRANSFERRED_FROM_E1_TO_E2_UBE2I_UBC9,Reactome Pathways,0.01186,1.0,0.0358,0.3147,5,7,"UBA2,SAE1,SUMO2,UBE2I,SUMO1",True,5
Pathway,M11716,REACTOME_FORMATION_OF_ATP_BY_CHEMIOSMOTIC_COUPLING,Reactome Pathways,0.01213,1.0,0.03657,0.3216,10,20,"ATP5F1A,ATP5F1B,ATP5F1C,ATP5F1D,ATP5PB,ATP5MC1,ATP5PF,ATP5PO,ATP5PD,ATP5MG",True,10
Pathway,MM15214,REACTOME_C_TYPE_LECTIN_RECEPTORS_CLRS,Reactome Pathways,0.01224,1.0,0.03687,0.3242,35,100,"CALM1,CALM2,CALM3,RPS6KA5,PSMD14,EP300,FYN,ADRM1,HRAS,IL1B,KRAS,NFKBIA,PAK1,PAK2,PAK3,PLCG2,PPP3CB,PRKACA,PRKACB,PSMC1,PSMC5,PSMD2,PSMD3,PSMD13,RAF1,RELA,RELB,RPS27A,SKP1,SRC,UBA52,UBB,UBC,UBE2D1,UBE2D2",True,35
Pathway,M27533,REACTOME_SIGNALING_BY_FGFR4,Reactome Pathways,0.01262,1.0,0.038,0.3341,17,41,"BRAF,GAB1,GRB2,HRAS,KRAS,NRAS,PIK3CA,PIK3R1,PLCG1,MAPK1,MAPK3,RPS27A,SOS1,SRC,UBA52,UBB,UBC",True,17
Pathway,M27218,REACTOME_NON_INTEGRIN_MEMBRANE_ECM_INTERACTIONS,Reactome Pathways,0.01281,1.0,0.03819,0.3358,29,80,"ACTB,ACTN1,CASK,NRXN1,DAG1,DMD,LAMC3,FN1,HSPG2,ITGB1,ITGB5,LAMA2,LAMB2,LAMB3,LAMC1,LAMC2,SNTG2,PRKCA,SDC1,SGCA,SGCB,SGCD,SGCG,TGFB1,THBS1,AGRN,TTR,UTRN,VTN",True,29
Pathway,M27950,REACTOME_REGULATION_OF_GLYCOLYSIS_BY_FRUCTOSE_2_6_BISPHOSPHATE_METABOLISM,Reactome Pathways,0.01284,1.0,0.03819,0.3358,7,12,"PFKFB1,PFKFB2,PFKFB3,PFKFB4,PRKACA,PRKACB,PRKACG",True,7
Pathway,MM15163,REACTOME_WNT5A_DEPENDENT_INTERNALIZATION_OF_FZD2_FZD5_AND_ROR2,Reactome Pathways,0.01284,1.0,0.03819,0.3358,7,12,"AP2A1,AP2A2,AP2B1,CLTC,FZD2,WNT5A,FZD5",True,7
Pathway,M27082,REACTOME_PREGNENOLONE_BIOSYNTHESIS,Reactome Pathways,0.01284,1.0,0.03819,0.3358,7,12,"AKR1B1,CYP11A1,STARD3NL,FDX1,FDXR,STARD3,FDX2",True,7
Pathway,M27905,REACTOME_ERYTHROPOIETIN_ACTIVATES_PHOSPHOINOSITIDE_3_KINASE_PI3K,Reactome Pathways,0.01284,1.0,0.03819,0.3358,7,12,"GAB1,JAK2,PIK3CA,PIK3CB,PIK3CD,PIK3CG,PIK3R1",True,7
Pathway,MM14758,REACTOME_PREGNENOLONE_BIOSYNTHESIS,Reactome Pathways,0.01284,1.0,0.03819,0.3358,7,12,"AKR1B1,CYP11A1,STARD3NL,FDX1,FDXR,STARD3,FDX2",True,7
Pathway,M27939,REACTOME_REGULATION_OF_LOCALIZATION_OF_FOXO_TRANSCRIPTION_FACTORS,Reactome Pathways,0.01284,1.0,0.03819,0.3358,7,12,"AKT1,AKT2,AKT3,YWHAQ,YWHAB,YWHAG,YWHAZ",True,7
Pathway,MM17238,REACTOME_SPHINGOLIPID_CATABOLISM,Reactome Pathways,0.01284,1.0,0.03819,0.3358,7,12,"PLPP1,PLPP2,PLPP3,ACER1,ACER2,SGPP2,SGPP1",True,7
Pathway,M3656,REACTOME_UNWINDING_OF_DNA,Reactome Pathways,0.01284,1.0,0.03819,0.3358,7,12,"MCM8,MCM2,MCM3,MCM4,MCM5,MCM6,MCM7",True,7
Pathway,MM14482,REACTOME_ACTIVATION_OF_BAD_AND_TRANSLOCATION_TO_MITOCHONDRIA,Reactome Pathways,0.01284,1.0,0.03819,0.3358,7,12,"BCL2,YWHAQ,YWHAB,YWHAE,YWHAG,YWHAH,YWHAZ",True,7
Pathway,MM15657,REACTOME_REGULATION_OF_LOCALIZATION_OF_FOXO_TRANSCRIPTION_FACTORS,Reactome Pathways,0.01284,1.0,0.03819,0.3358,7,12,"AKT1,AKT2,AKT3,YWHAQ,YWHAB,YWHAG,YWHAZ",True,7
Pathway,MM15623,REACTOME_ERYTHROPOIETIN_ACTIVATES_PHOSPHOINOSITIDE_3_KINASE_PI3K,Reactome Pathways,0.01284,1.0,0.03819,0.3358,7,12,"GAB1,JAK2,PIK3CA,PIK3CB,PIK3CD,PIK3CG,PIK3R1",True,7
Pathway,M48264,REACTOME_SPHINGOLIPID_CATABOLISM,Reactome Pathways,0.01284,1.0,0.03819,0.3358,7,12,"PLPP1,PLPP2,PLPP3,ACER1,ACER2,SGPP2,SGPP1",True,7
Pathway,M48256,REACTOME_SIGNALING_BY_LTK,Reactome Pathways,0.01284,1.0,0.03819,0.3358,7,12,"TNK2,GRB2,PIK3CA,PIK3CB,PIK3R1,PIK3R2,SOS1",True,7
Pathway,M15243,REACTOME_GAP_JUNCTION_DEGRADATION,Reactome Pathways,0.01284,1.0,0.03819,0.3358,7,12,"CLTCL1,ACTB,CLTC,DNM1,DNM2,GJA1,MYO6",True,7
Pathway,M27831,REACTOME_NUCLEOTIDE_SALVAGE,Reactome Pathways,0.0129,1.0,0.03823,0.3362,11,23,"ADA,ADK,AMPD1,AMPD2,AMPD3,APRT,DCK,GMPR,HPRT1,PNP,TK1",True,11
Pathway,MM15552,REACTOME_NUCLEOTIDE_SALVAGE,Reactome Pathways,0.0129,1.0,0.03823,0.3362,11,23,"ADA,ADK,AMPD1,AMPD2,AMPD3,APRT,DCK,GMPR,HPRT1,PNP,TK1",True,11
Pathway,MM14953,REACTOME_HSF1_DEPENDENT_TRANSACTIVATION,Reactome Pathways,0.0129,1.0,0.03823,0.3362,11,23,"CAMK2A,CAMK2B,CAMK2D,CAMK2G,EP300,PTGES3,HSPA1A,HSPA1B,HSPA8,HSP90AA1,HSP90AB1",True,11
Pathway,MM14954,REACTOME_NOTCH_HLH_TRANSCRIPTION_PATHWAY,Reactome Pathways,0.0129,1.0,0.03823,0.3362,11,23,"TBL1Y,HDAC3,KAT2B,NCOR2,HDAC4,HDAC6,KAT2A,HDAC1,TBL1XR1,HDAC8,TBL1X",True,11
Pathway,M773,REACTOME_GPVI_MEDIATED_ACTIVATION_CASCADE,Reactome Pathways,0.01327,1.0,0.03932,0.3457,15,35,"PIK3R3,RHOA,RHOB,CDC42,FYN,LCK,PIK3CA,PIK3CB,PIK3CG,PIK3R1,PIK3R2,PLCG2,PRKCZ,RAC1,RAC2",True,15
Pathway,M907,REACTOME_CALNEXIN_CALRETICULIN_CYCLE,Reactome Pathways,0.01332,1.0,0.0394,0.3464,12,26,"CALR,CANX,EDEM1,OS9,RNF139,MAN1B1,RNF5,RPS27A,GANAB,UBA52,UBB,UBC",True,12
Pathway,M29535,REACTOME_SIGNALING_BY_ERBB2_IN_CANCER,Reactome Pathways,0.01332,1.0,0.0394,0.3464,12,26,"EGFR,ERBB2,GAB1,GRB2,HRAS,HSP90AA1,KRAS,NRAS,PIK3CA,PIK3R1,PLCG1,SOS1",True,12
Pathway,MM15368,REACTOME_ACTIVATION_OF_THE_PRE_REPLICATIVE_COMPLEX,Reactome Pathways,0.01345,1.0,0.03975,0.3495,14,32,"CDC6,MCM8,MCM2,MCM3,MCM4,MCM5,MCM6,MCM7,ORC1,ORC2,ORC4,ORC5,ORC3,CDT1",True,14
Pathway,M27408,REACTOME_INTERCONVERSION_OF_NUCLEOTIDE_DI_AND_TRIPHOSPHATES,Reactome Pathways,0.01348,1.0,0.03982,0.3501,13,29,"AK9,NUDT13,CTPS1,GSR,GUK1,NME1,NME2,NME3,NME4,TXN,TXNRD1,TYMS,CTPS2",True,13
Pathway,M10462,KEGG_ADIPOCYTOKINE_SIGNALING_PATHWAY,KEGG Legacy Pathways,0.01353,1.0,0.03991,0.3509,25,67,"AKT1,AKT2,G6PC2,SOCS3,CD36,AKT3,ACSL3,PPARGC1A,JAK2,LEP,LEPR,NFKBIA,NPY,PCK2,POMC,MAPK8,MAPK9,RELA,RXRG,SLC2A1,SLC2A4,STAT3,STK11,TNF,TNFRSF1A",True,25
Pathway,MM15089,REACTOME_DEADENYLATION_DEPENDENT_MRNA_DECAY,Reactome Pathways,0.01365,1.0,0.04024,0.3538,21,54,"NT5C3B,LSM2,LSM4,EIF4A3,EIF4A1,EIF4A2,EIF4B,PABPC1,LSM7,HBS1L,LSM1,LSM3,LSM6,CNOT3,PABPC3,EXOSC9,CNOT1,PATL1,EXOSC2,EDC4,LSM5",True,21
Pathway,MM14791,REACTOME_TCF_DEPENDENT_SIGNALING_IN_RESPONSE_TO_WNT,Reactome Pathways,0.01402,1.0,0.04131,0.3632,48,146,"TRRAP,FZD4,FZD6,PIP5K1B,AKT1,AKT2,CUL3,LEO1,CHD8,RUVBL1,CAV1,ASH2L,CBY1,CTBP1,CTNNB1,SOX7,RBX1,DVL1,DVL2,KLHL12,PSMD14,EP300,KAT5,FZD2,ADRM1,GSK3B,HDAC1,LRP5,MEN1,BCL9L,PSMC1,PSMC5,PSMD2,PSMD3,PSMD13,RBBP5,RPS27A,TNKS2,SOX4,TERT,UBA52,UBB,UBC,WNT5A,XPO1,YWHAZ,FZD5,KMT2D",True,48
Pathway,MM15315,REACTOME_FORMATION_OF_TC_NER_PRE_INCISION_COMPLEX,Reactome Pathways,0.01435,1.0,0.04214,0.3705,20,51,"ISY1,CDK7,ZNF830,AQR,DDB1,RBX1,ERCC6,PRPF19,COPS5,ISY1-RAB43,POLR2A,POLR2B,POLR2C,RPS27A,TCEA1,UBA52,UBB,UBC,XAB2,USP7",True,20
Pathway,M27599,REACTOME_FORMATION_OF_TC_NER_PRE_INCISION_COMPLEX,Reactome Pathways,0.01435,1.0,0.04214,0.3705,20,51,"ISY1,CDK7,ZNF830,AQR,DDB1,RBX1,ERCC6,PPIE,PRPF19,COPS5,POLR2A,POLR2B,POLR2C,RPS27A,TCEA1,UBA52,UBB,UBC,XAB2,USP7",True,20
Pathway,MM15140,REACTOME_REGULATION_OF_MRNA_STABILITY_BY_PROTEINS_THAT_BIND_AU_RICH_ELEMENTS,Reactome Pathways,0.01455,1.0,0.04214,0.3705,27,74,"AKT1,KHSRP,PSMD14,PABPC1,ADRM1,HNRNPD,HSPA1A,HSPA1B,HSPA8,HSPB1,TNPO1,PABPC3,EXOSC9,PSMC1,PSMC5,PSMD2,PSMD3,PSMD13,RPS27A,EXOSC2,UBA52,UBB,UBC,XPO1,YWHAB,YWHAZ,NUP214",True,27
Pathway,M616,REACTOME_SIGNALING_BY_NOTCH1,Reactome Pathways,0.01455,1.0,0.04214,0.3705,27,74,"MIB1,ARRB1,ARRB2,HDAC3,KAT2B,CREBBP,NCOR1,NCOR2,HDAC4,RBX1,HDAC6,EP300,KAT2A,HDAC1,HDAC2,HIF1A,MYC,TBL1XR1,RPS27A,SKP1,SNW1,HDAC8,ADAM17,TBL1X,UBA52,UBB,UBC",True,27
Pathway,M48020,REACTOME_NFE2L2_REGULATING_INFLAMMATION_ASSOCIATED_GENES,Reactome Pathways,0.01459,1.0,0.04214,0.3705,4,5,"CREBBP,EP300,NFE2L2,CCL2",True,4
Pathway,M48023,REACTOME_NFE2L2_REGULATING_ER_STRESS_ASSOCIATED_GENES,Reactome Pathways,0.01459,1.0,0.04214,0.3705,4,5,"ATF4,CREBBP,EP300,NFE2L2",True,4
Pathway,M27040,REACTOME_APOBEC3G_MEDIATED_RESISTANCE_TO_HIV_1_INFECTION,Reactome Pathways,0.01459,1.0,0.04214,0.3705,4,5,"BANF1,PSIP1,HMGA1,PPIA",True,4
Pathway,M27723,REACTOME_BETA_OXIDATION_OF_OCTANOYL_COA_TO_HEXANOYL_COA,Reactome Pathways,0.01459,1.0,0.04214,0.3705,4,5,"ACADM,ECHS1,HADHA,HADHB",True,4
Pathway,M49159,REACTOME_MAPLE_SYRUP_URINE_DISEASE,Reactome Pathways,0.01459,1.0,0.04214,0.3705,4,5,"BCKDHA,BCKDHB,DBT,DLD",True,4
Pathway,MM14927,REACTOME_SUMO_IS_TRANSFERRED_FROM_E1_TO_E2_UBE2I_UBC9,Reactome Pathways,0.01459,1.0,0.04214,0.3705,4,5,"UBA2,SAE1,UBE2I,SUMO1",True,4
Pathway,MM15465,REACTOME_BETA_OXIDATION_OF_OCTANOYL_COA_TO_HEXANOYL_COA,Reactome Pathways,0.01459,1.0,0.04214,0.3705,4,5,"ACADM,ECHS1,HADHA,HADHB",True,4
Pathway,M49028,KEGG_MEDICUS_VARIANT_MUTATION_ACTIVATED_USP8_TO_EGFR_ERK_ACTH_SIGNALING_PATHWAY,KEGG Medicus Pathways,0.01459,1.0,0.04214,0.3705,4,5,"EGFR,POMC,MAPK1,MAPK3",True,4
Pathway,M49014,KEGG_MEDICUS_PATHOGEN_ESCHERICHIA_ESPJ_TO_IGG_FCGR_RAC_SIGNALING_PATHWAY,KEGG Medicus Pathways,0.01459,1.0,0.04214,0.3705,4,5,"FCGR1A,FCGR3A,FCGR3B,SRC",True,4
Pathway,M49021,KEGG_MEDICUS_ENV_FACTOR_PARAQUAT_TO_FAS_JNK_SIGNALING_PATHWAY,KEGG Medicus Pathways,0.01459,1.0,0.04214,0.3705,4,5,"MAP3K5,MAPK8,MAPK9,TXN",True,4
Pathway,M49020,KEGG_MEDICUS_PATHOGEN_EBV_LMP1_TO_PI3K_SIGNALING_PATHWAY,KEGG Medicus Pathways,0.01459,1.0,0.04214,0.3705,4,5,"PIK3CA,PIK3CB,PIK3CD,TRAF3",True,4
Pathway,M26988,REACTOME_PKA_MEDIATED_PHOSPHORYLATION_OF_KEY_METABOLIC_FACTORS,Reactome Pathways,0.01459,1.0,0.04214,0.3705,4,5,"PFKFB1,PRKACA,PRKACB,PRKACG",True,4
Pathway,M49036,KEGG_MEDICUS_REFERENCE_UCHL1_MEDIATED_HYDROLYSIS,KEGG Medicus Pathways,0.01459,1.0,0.04214,0.3705,4,5,"RPS27A,UBA52,UBB,UBC",True,4
Pathway,M49004,KEGG_MEDICUS_PATHOGEN_HBV_HBX_TO_ERK_SIGNALING_PATHWAY,KEGG Medicus Pathways,0.01459,1.0,0.04214,0.3705,4,5,"FOS,JUN,MAPK1,MAPK3",True,4
Pathway,M49003,KEGG_MEDICUS_REFERENCE_COHESIN_ACETYLATION,KEGG Medicus Pathways,0.01459,1.0,0.04214,0.3705,4,5,"ESCO1,SMC3,ESCO2,HDAC8",True,4
Pathway,M49007,KEGG_MEDICUS_VARIANT_MUTATION_CAUSED_ABERRANT_PSEN1_TO_PERK_ATF4_SIGNALING_PATHWAY,KEGG Medicus Pathways,0.01459,1.0,0.04214,0.3705,4,5,"ATF4,EIF2AK3,DDIT3,EIF2S1",True,4
Pathway,M47570,KEGG_MEDICUS_PATHOGEN_HIV_VPR_TAT_TO_TNF_JNK_SIGNALING_PATHWAY,KEGG Medicus Pathways,0.01459,1.0,0.04214,0.3705,4,5,"FOS,JUN,MAPK8,MAPK9",True,4
Pathway,M48999,KEGG_MEDICUS_VARIANT_LOSS_OF_NKX3_1_TO_PI3K_SIGNALING_PATHWAY,KEGG Medicus Pathways,0.01459,1.0,0.04214,0.3705,4,5,"AKT1,AKT2,AKT3,NKX3-1",True,4
Pathway,M48982,KEGG_MEDICUS_PATHOGEN_SHIGELLA_IPGB1_TO_ITGA_B_RHOG_RAC_SIGNALING_PATHWAY,KEGG Medicus Pathways,0.01459,1.0,0.04214,0.3705,4,5,"ELMO1,DOCK1,RAC1,ELMO2",True,4
Pathway,M45010,REACTOME_SARS_COV_2_TARGETS_PDZ_PROTEINS_IN_CELL_CELL_JUNCTION,Reactome Pathways,0.01459,1.0,0.04214,0.3705,4,5,"PATJ,CRB3,GJA1,TJP1",True,4
Pathway,M27223,REACTOME_SUMO_IS_CONJUGATED_TO_E1_UBA2_SAE1,Reactome Pathways,0.01459,1.0,0.04214,0.3705,4,5,"UBA2,SAE1,SUMO2,SUMO1",True,4
Pathway,MM15712,REACTOME_CLASS_I_MHC_MEDIATED_ANTIGEN_PROCESSING_PRESENTATION,Reactome Pathways,0.01467,1.0,0.04235,0.3724,100,335,"KLHL13,HACE1,KLHL42,CUL3,CDC26,SOCS1,CDC23,SNAP23,CDC16,CALR,CANX,SOCS3,CCNF,CD36,CDC20,CDC27,TRIP12,VAMP3,ASB6,ANAPC13,RCHY1,SEC24C,LTN1,KEAP1,CUL7,FBXL5,KLHL3,FBXO9,KLHL21,RBX1,HUWE1,ZNRF2,BCAP31,PSMD14,STUB1,KLHL41,KBTBD7,MEX3C,FZR1,ANAPC10,FCGR1A,UBAC1,ANAPC5,ANAPC7,UBE2E3,ATG7,ANAPC11,RBCK1,FBXO40,KBTBD8,KLHL20,UBE2S,SPSB2,ADRM1,UBE2C,KLHL22,GLMN,FBXL20,KLHL2,HLA-A,HLA-B,HSPA5,MRC1,NEDD4,PRKN,ANAPC2,ANAPC4,PSMC1,PSMC5,PSMD2,PSMD3,PSMD13,KLHL11,RNF4,UBA6,RPS27A,SEC13,RNF34,SKP1,TRIM32,RNF130,KLHL9,TAPBP,NEDD4L,UBR4,RNF25,KLHL25,MKRN1,UBA52,UBB,UBC,UBA1,UBE2D1,UBE2D2,UBE2D3,UBE2E1,ANAPC1,KCTD7,SMURF1,GAN",True,100
Pathway,MM15304,REACTOME_NUCLEOTIDE_EXCISION_REPAIR,Reactome Pathways,0.0147,1.0,0.04239,0.3728,37,108,"ACTB,ISY1,PIAS1,RUVBL1,CDK7,CETN2,ZNF830,AQR,DDB1,RBX1,SUMO4,ERCC6,PIAS3,MCRS1,INO80C,PRPF19,COPS5,USP45,ISY1-RAB43,ACTR8,TFPT,POLR2A,POLR2B,POLR2C,INO80D,RAD23A,RAD23B,RPS27A,SUMO2,TCEA1,UBA52,UBB,UBC,UBE2I,SUMO1,XAB2,USP7",True,37
Pathway,MM15640,REACTOME_NONSENSE_MEDIATED_DECAY_NMD,Reactome Pathways,0.0149,1.0,0.04295,0.3776,39,115,"RPL23,EIF4A3,RBM8A,RPS27L,PABPC1,RNPS1,MAGOH,RPL22L1,NCBP1,PABPC3,UPF1,RPL5,RPL6,RPL7,RPL7A,RPL11,RPL19,RPL27,RPL36AL,RPLP1,RPS2,RPS3,RPS9,RPS10,RPS11,RPS12,RPS13,RPS14,RPS18,RPS20,RPS21,RPS23,RPS25,RPS27A,CASC3,NCBP2,SMG6,UBA52,UPF3B",True,39
Pathway,MM15150,REACTOME_ASYMMETRIC_LOCALIZATION_OF_PCP_PROTEINS,Reactome Pathways,0.01506,1.0,0.04337,0.3814,19,48,"FZD4,PARD6A,DVL2,PSMD14,FZD2,ADRM1,PSMC1,PSMC5,PSMD2,PSMD3,PSMD13,RPS27A,UBA52,UBB,UBC,WNT5A,FZD5,FZD3,SMURF1",True,19
Pathway,M5539,KEGG_AXON_GUIDANCE,KEGG Legacy Pathways,0.01508,1.0,0.04339,0.3815,43,129,"ABL1,LRRC4C,RHOA,CDC42,CDK5,ROCK2,SRGAP3,PAK4,SEMA3A,SEMA4B,FYN,RND1,GNAI1,GNAI2,GNAI3,GSK3B,HRAS,ITGB1,KRAS,NRAS,PAK1,PAK2,PAK3,PLXNA1,PLXNB1,RHOD,PPP3CB,MAPK1,MAPK3,SEMA4C,RAC1,RAC2,RASA1,RGS3,ROCK1,SEMA3F,SEMA4A,UNC5D,SRGAP2,PAK6,CXCR4,SEMA3B,PAK5",True,43
Pathway,M1058,REACTOME_ADAPTIVE_IMMUNE_SYSTEM,Reactome Pathways,0.01537,1.0,0.04418,0.3885,229,824,"KIF18A,AP2A1,AP2A2,AP2B1,AP1G1,KLHL13,HACE1,KLHL42,AKT1,AKT2,KLC3,CUL3,PIK3R3,CDC26,SOCS1,DYNLL1,CDC23,CTSF,SNAP23,CDC16,BTN1A1,CALM1,CALR,CANX,CAPZA1,SOCS3,CAPZB,CCNF,CD1D,CD4,CD8A,CD80,CD86,CD34,CD36,CDC20,CDC27,CDC42,CENPE,TRIP12,VAMP3,KIF3B,ASB6,CLTC,ANAPC13,RCHY1,SEC24C,CSK,DYNLL2,LTN1,CTSD,CTSH,KEAP1,RILP,CUL7,DCTN1,FBXL5,KLHL3,FBXO9,KLHL21,DNM1,DYNC1H1,DYNC1I1,DYNC1I2,DYNC1LI2,DNM2,RBX1,AKT3,HUWE1,ZNRF2,BCAP31,DYNC1LI1,DCTN4,PSMD14,STUB1,KLHL41,KBTBD7,MEX3C,TUBA1B,TUBB3,TUBB4A,FZR1,TUBB4B,KLRF1,ANAPC10,FCGR1A,FCGR3A,UBAC1,FKBP1A,ANAPC5,ANAPC7,UBE2E3,ATG7,DCTN2,ANAPC11,RBCK1,FYN,FBXO40,AHCYL1,KBTBD8,TUBA8,KLHL20,TUBB6,SEC61B,UBE2S,SPSB2,ADRM1,TUBA1C,UBE2C,RAPGEF4,GRB2,KIF3A,KLHL22,GLMN,FBXL20,KLHL2,HLA-A,HLA-B,HRAS,HSPA5,ICAM1,IGHD,TUBB8,TUBB2B,ITGA4,ITGB1,ITGB5,KIF2A,KIF5A,KIF5B,KLC1,KIF11,KRAS,LCK,MICB,MRC1,MYD88,NEDD4,NFKBIA,NRAS,TREM2,PAK1,PAK2,PAK3,PRKN,PIK3CA,PIK3CB,PIK3CD,PIK3CG,PIK3R1,PIK3R2,ANAPC2,PLCG1,PLCG2,SEC61A1,ANAPC4,PPIA,PPP3CB,PRKACA,PRKACB,PRKACG,PRKCB,PRKG1,LGMN,PSMC1,PSMC5,PSMD2,PSMD3,PSMD13,PTEN,PTPRC,RAC1,RAF1,REL,RELA,KLHL11,SEC61A2,RNF4,UBA6,TUBAL3,TUBA3E,RPS27A,SEC13,RNF34,SKP1,KIFAP3,TRIM32,ENAH,SIGLEC1,SOS1,RNF130,SRC,KLHL9,MICA,TAPBP,NEDD4L,TUBA3D,UBR4,RNF25,KLHL25,TLR2,TLR4,MKRN1,TUBA4A,TUBB2A,TUBB1,UBA52,UBB,UBC,UBA1,UBE2D1,UBE2D2,UBE2D3,UBE2E1,ANAPC1,VASP,KCTD7,WAS,KLC2,YWHAB,YWHAZ,ZAP70,TUBA1A,RAB7A,KBTBD6,SMURF1,KLC4,TIRAP,GAN",True,229
Pathway,MM14820,REACTOME_REGULATION_OF_PYRUVATE_DEHYDROGENASE_PDH_COMPLEX,Reactome Pathways,0.01546,1.0,0.0442,0.3886,8,15,"DLAT,DLD,PDHA1,PDHA2,PDHB,PDK1,PDK4,PDHX",True,8
Pathway,M47816,KEGG_MEDICUS_ENV_FACTOR_METALS_TO_NFKB_SIGNALING_PATHWAY,KEGG Medicus Pathways,0.01546,1.0,0.0442,0.3886,8,15,"ABL1,ABL2,PRKD2,NFKBIA,PRKD1,RELA,SRC,PRKD3",True,8
Pathway,MM15391,REACTOME_GLYCOGEN_BREAKDOWN_GLYCOGENOLYSIS,Reactome Pathways,0.01546,1.0,0.0442,0.3886,8,15,"AGL,CALM1,CALM2,CALM3,GAA,PGM1,PYGL,PYGM",True,8
Pathway,M716,REACTOME_REGULATION_OF_PYRUVATE_DEHYDROGENASE_PDH_COMPLEX,Reactome Pathways,0.01546,1.0,0.0442,0.3886,8,15,"DLAT,DLD,PDHA1,PDHA2,PDHB,PDK1,PDK4,PDHX",True,8
Pathway,M47663,KEGG_MEDICUS_REFERENCE_RELN_VLDLR_PI3K_SIGNALING_PATHWAY,KEGG Medicus Pathways,0.01546,1.0,0.0442,0.3886,8,15,"AKT1,AKT2,AKT3,PIK3CA,PIK3CB,PIK3CD,RHEB,TSC1",True,8
Pathway,M29832,REACTOME_RESPONSE_OF_EIF2AK1_HRI_TO_HEME_DEFICIENCY,Reactome Pathways,0.01546,1.0,0.0442,0.3886,8,15,"ATF3,ATF4,CEBPB,CEBPG,DDIT3,EIF2S1,EIF2S3,EIF2AK1",True,8
Pathway,M27229,REACTOME_REGULATION_OF_INNATE_IMMUNE_RESPONSES_TO_CYTOSOLIC_DNA,Reactome Pathways,0.01546,1.0,0.0442,0.3886,8,15,"DDX41,TBK1,RPS27A,TRIM32,UBA52,UBB,UBC,TRIM56",True,8
Pathway,M27871,REACTOME_SIGNALING_BY_TGFB_FAMILY_MEMBERS,Reactome Pathways,0.01563,1.0,0.04467,0.3927,52,161,"USP9X,CGN,RHOA,ARRB1,ARRB2,NCOR1,NCOR2,F11R,PARD6A,USP15,EP300,STUB1,FKBP1A,DRAP1,GDF2,HDAC1,ITGB1,ITGB5,SMAD4,SMAD5,SMAD6,MEN1,MYC,NEDD8,YBX1,PPM1A,PPP1CA,PPP1CB,PPP1CC,PRKCZ,MAPK1,MAPK3,RARA,RPS27A,SNW1,SP1,STAT1,NEDD4L,ARHGEF18,TGFB1,TGFBR1,TGFBR2,TGFBR3,TIMP2,PARD3,UBA52,UBB,UBC,UBE2D1,UBE2D3,XPO1,SMURF1",True,52
Pathway,MM15205,REACTOME_GLI3_IS_PROCESSED_TO_GLI3R_BY_THE_PROTEASOME,Reactome Pathways,0.01577,1.0,0.04501,0.3958,18,45,"RBX1,PSMD14,SUFU,GLI3,ADRM1,GSK3B,PRKACA,PRKACB,PSMC1,PSMC5,PSMD2,PSMD3,PSMD13,RPS27A,SKP1,UBA52,UBB,UBC",True,18
Pathway,MM14971,REACTOME_AMINE_LIGAND_BINDING_RECEPTORS,Reactome Pathways,0.01645,1.0,0.0469,0.4124,17,42,"ADRA1D,ADRA1B,ADRA1A,ADRA2A,ADRA2B,ADRB1,ADRB2,ADRB3,TAAR5,CHRM1,DRD2,DRD4,HRH1,HRH2,HTR2B,HTR2C,TAAR1",True,17
Pathway,M5868,REACTOME_AMINE_LIGAND_BINDING_RECEPTORS,Reactome Pathways,0.01645,1.0,0.0469,0.4124,17,42,"ADRA1D,ADRA1B,ADRA1A,ADRA2A,ADRA2B,ADRB1,ADRB2,ADRB3,TAAR5,CHRM1,DRD2,DRD4,HRH1,HRH2,HTR2B,HTR2C,TAAR1",True,17
Pathway,MM14746,REACTOME_P75_NTR_RECEPTOR_MEDIATED_SIGNALLING,Reactome Pathways,0.01714,1.0,0.04859,0.4272,30,85,"ABR,RHOA,ARHGDIA,ARHGEF7,CASP3,ARHGEF25,ARHGEF33,ARHGEF1,BCL2L11,ECT2,GNA13,AKAP13,IRAK1,MCF2,MYD88,NFKBIA,MAPK8,RAC1,RELA,RPS27A,ITSN1,SOS1,SOS2,ADAM17,ARHGEF18,UBA52,UBB,UBC,YWHAE,RTN4",True,30
Pathway,MM15342,REACTOME_REGULATION_OF_TP53_ACTIVITY_THROUGH_METHYLATION,Reactome Pathways,0.01715,1.0,0.04859,0.4272,9,18,"TTC5,EP300,CHEK2,MDM2,RPS27A,TP53,UBA52,UBB,UBC",True,9
Pathway,M970,REACTOME_ACTIVATION_OF_IRF3_IRF7_MEDIATED_BY_TBK1_IKK_IKBKE,Reactome Pathways,0.01715,1.0,0.04859,0.4272,9,18,"IKBKE,OPTN,TBK1,RPS27A,TLR4,TRAF3,UBA52,UBB,UBC",True,9
Pathway,M673,REACTOME_SIGNALING_BY_CYTOSOLIC_FGFR1_FUSION_MUTANTS,Reactome Pathways,0.01715,1.0,0.04859,0.4272,9,18,"TRIM24,CUX1,CPSF6,CNTRL,GRB2,PIK3CA,PIK3R1,STAT1,STAT3",True,9
Pathway,M49154,REACTOME_MITOCHONDRIAL_UNFOLDED_PROTEIN_RESPONSE_UPRMT,Reactome Pathways,0.01715,1.0,0.04859,0.4272,9,18,"AKT1,LONP1,DNAJA1,HSPA1A,HSPA1B,HSPA9,HSPD1,HSPE1,SOD2",True,9
Pathway,M645,REACTOME_SYNTHESIS_OF_PIPS_AT_THE_GOLGI_MEMBRANE,Reactome Pathways,0.01715,1.0,0.04859,0.4272,9,18,"PIKFYVE,OCRL,PIK3C2A,PIK3C2G,PI4KA,PI4KB,PI4K2B,PI4K2A,INPP5E",True,9
Pathway,M16650,KEGG_PHENYLALANINE_METABOLISM,KEGG Legacy Pathways,0.01715,1.0,0.04859,0.4272,9,18,"ALDH1A3,AOC2,AOC3,GOT1,GOT2,HPD,MAOB,IL4I1,TAT",True,9
Pathway,MM14642,REACTOME_SYNTHESIS_OF_PIPS_AT_THE_GOLGI_MEMBRANE,Reactome Pathways,0.01715,1.0,0.04859,0.4272,9,18,"PIKFYVE,OCRL,PIK3C2A,PIK3C2G,PI4KA,PI4KB,PI4K2B,PI4K2A,INPP5E",True,9
Pathway,M27921,REACTOME_NONSENSE_MEDIATED_DECAY_NMD,Reactome Pathways,0.01726,1.0,0.04885,0.4295,39,116,"RPL23,EIF4A3,RBM8A,RPS27L,PABPC1,RNPS1,MAGOH,RPL22L1,NCBP1,MAGOHB,UPF1,RPL5,RPL6,RPL7,RPL7A,RPL11,RPL19,RPL27,RPL36AL,RPLP1,RPS2,RPS3,RPS9,RPS10,RPS11,RPS12,RPS13,RPS14,RPS18,RPS20,RPS21,RPS23,RPS25,RPS27A,CASC3,NCBP2,SMG6,UBA52,UPF3B",True,39
