Normalized_Pathway,Enrichr_Significant,ToppFun_Significant,Agreement,Enrichr_Pathway,Enrichr_FDR,ToppFun_Pathway,ToppFun_IDs,ToppFun_Record_Count,ToppFun_Best_FDR
2_LTR_CIRCLE_FORMATION,False,True,ToppFun_only,,,REACTOME_2_LTR_CIRCLE_FORMATION,M26996,1.0,0.0358
ABC_FAMILY_PROTEINS_MEDIATED_TRANSPORT,True,False,Enrichr_only,ABC-family Proteins Mediated Transport,0.0331684768598565,,,,
ABC_TRANSPORTER_DISORDERS,True,False,Enrichr_only,ABC Transporter Disorders,0.0459403262501496,,,,
ABERRANT_REGULATION_OF_MITOTIC_CELL_CYCLE_DUE_TO_RB1_DEFECTS,True,False,Enrichr_only,Aberrant Regulation of Mitotic Cell Cycle Due to RB1 Defects,0.0003719592375618,,,,
ABERRANT_REGULATION_OF_MITOTIC_EXIT_IN_CANCER_DUE_TO_RB1_DEFECTS,True,True,Both,Aberrant Regulation of Mitotic Exit in Cancer Due to RB1 Defects,5.418009264648174e-10,REACTOME_ABERRANT_REGULATION_OF_MITOTIC_EXIT_IN_CANCER_DUE_TO_RB1_DEFECTS,M39015,1.0,1.261e-08
ACETYLCHOLINE_REGULATES_INSULIN_SECRETION,True,True,Both,Acetylcholine Regulates Insulin Secretion,0.0004240572479565,REACTOME_ACETYLCHOLINE_REGULATES_INSULIN_SECRETION,MM15032;M1825,2.0,0.001573
ACTIVATED_NTRK2_SIGNALS_THROUGH_FRS2_AND_FRS3,True,False,Enrichr_only,Activated NTRK2 Signals Through FRS2 and FRS3,0.0348994733580659,,,,
ACTIVATED_NTRK2_SIGNALS_THROUGH_PI3K,True,True,Both,Activated NTRK2 Signals Through PI3K,0.0154187215199708,REACTOME_ACTIVATED_NTRK2_SIGNALS_THROUGH_PI3K,M27910,1.0,0.0358
ACTIVATED_NTRK2_SIGNALS_THROUGH_RAS,True,True,Both,Activated NTRK2 Signals Through RAS,0.0109898352572602,REACTOME_ACTIVATED_NTRK2_SIGNALS_THROUGH_RAS,M27904,1.0,0.02821
ACTIVATED_NTRK3_SIGNALS_THROUGH_RAS,True,False,Enrichr_only,Activated NTRK3 Signals Through RAS,0.0313721210176034,,,,
ACTIVATION_OF_AMPK_DOWNSTREAM_OF_NMDARS,True,True,Both,Activation of AMPK Downstream of NMDARs,0.0001179518332998,REACTOME_ACTIVATION_OF_AMPK_DOWNSTREAM_OF_NMDARS,M27948,1.0,0.0005035
ACTIVATION_OF_APC_C_AND_APC_C_CDC20_MEDIATED_DEGRADATION_OF_MITOTIC_PROTEINS,True,True,Both,Activation of APC C and APC C Cdc20 Mediated Degradation of Mitotic Proteins,3.039642320611225e-07,REACTOME_ACTIVATION_OF_APC_C_AND_APC_C_CDC20_MEDIATED_DEGRADATION_OF_MITOTIC_PROTEINS,M49143;MM14692,2.0,1.997e-05
ACTIVATION_OF_BAD_AND_TRANSLOCATION_TO_MITOCHONDRIA,True,True,Both,Activation of BAD and Translocation to Mitochondria,0.0006164515827177,REACTOME_ACTIVATION_OF_BAD_AND_TRANSLOCATION_TO_MITOCHONDRIA,M26902;MM14482,2.0,0.002986
ACTIVATION_OF_BH3_ONLY_PROTEINS,True,True,Both,Activation of BH3-only Proteins,0.0012808326935694,REACTOME_ACTIVATION_OF_BH3_ONLY_PROTEINS,MM14510;M17814,2.0,0.004374
ACTIVATION_OF_GABAB_RECEPTORS,True,False,Enrichr_only,Activation of GABAB Receptors,3.976451583846429e-16,,,,
ACTIVATION_OF_GENE_EXPRESSION_BY_SREBF_SREBP,True,True,Both,Activation of Gene Expression by SREBF (SREBP),1.9290513128167812e-08,REACTOME_ACTIVATION_OF_GENE_EXPRESSION_BY_SREBF_SREBP,M27172,1.0,5.025e-07
ACTIVATION_OF_G_PROTEIN_GATED_POTASSIUM_CHANNELS,True,True,Both,Activation of G Protein Gated Potassium Channels,2.40485370840019e-08,REACTOME_ACTIVATION_OF_G_PROTEIN_GATED_POTASSIUM_CHANNELS,MM14542,1.0,1.631e-06
ACTIVATION_OF_IRF3_IRF7_MEDIATED_BY_TBK1_IKK_IKBKE,True,True,Both,"Activation of IRF3, IRF7 Mediated by TBK1, IKKε (IKBKE)",0.0152648783539231,REACTOME_ACTIVATION_OF_IRF3_IRF7_MEDIATED_BY_TBK1_IKK_IKBKE,M970,1.0,0.04859
ACTIVATION_OF_KAINATE_RECEPTORS_UPON_GLUTAMATE_BINDING,True,True,Both,Activation of Kainate Receptors Upon Glutamate Binding,7.093165842603884e-10,REACTOME_ACTIVATION_OF_KAINATE_RECEPTORS_UPON_GLUTAMATE_BINDING,MM15143;M18193,2.0,3.303e-09
ACTIVATION_OF_NMDA_RECEPTORS_AND_POSTSYNAPTIC_EVENTS,True,True,Both,Activation of NMDA Receptors and Postsynaptic Events,3.5313813903945556e-10,REACTOME_ACTIVATION_OF_NMDA_RECEPTORS_AND_POSTSYNAPTIC_EVENTS,M2843;MM15109,2.0,7.589e-08
ACTIVATION_OF_RAC1,True,True,Both,Activation of RAC1,0.0008681971543798,REACTOME_ACTIVATION_OF_RAC1,M6322,1.0,0.003674
ACTIVATION_OF_RAC1_DOWNSTREAM_OF_NMDARS,True,True,Both,Activation of RAC1 Downstream of NMDARs,0.0154187215199708,REACTOME_ACTIVATION_OF_RAC1_DOWNSTREAM_OF_NMDARS,M27947,1.0,0.0358
ACTIVATION_OF_SMO,True,True,Both,Activation of SMO,0.004100996638595,REACTOME_ACTIVATION_OF_SMO,M27500,1.0,0.016
ACTIVATION_OF_THE_AP_1_FAMILY_OF_TRANSCRIPTION_FACTORS,True,True,Both,Activation of the AP-1 Family of Transcription Factors,0.0036909082064198,REACTOME_ACTIVATION_OF_THE_AP_1_FAMILY_OF_TRANSCRIPTION_FACTORS,MM15135;M13962,2.0,0.01137
ACTIVATION_OF_THE_MRNA_UPON_BINDING_OF_THE_CAP_BINDING_COMPLEX_AND_EIFS_AND_SUBSEQUENT_BINDING_TO_43S,False,True,ToppFun_only,,,REACTOME_ACTIVATION_OF_THE_MRNA_UPON_BINDING_OF_THE_CAP_BINDING_COMPLEX_AND_EIFS_AND_SUBSEQUENT_BINDING_TO_43S,MM15416;M721,2.0,0.0006145
ACTIVATION_OF_THE_PHOTOTRANSDUCTION_CASCADE,True,True,Both,Activation of the Phototransduction Cascade,2.1512220193382386e-07,REACTOME_ACTIVATION_OF_THE_PHOTOTRANSDUCTION_CASCADE,M27180;MM14893,2.0,1.61e-06
ACTIVATION_OF_THE_PRE_REPLICATIVE_COMPLEX,True,True,Both,Activation of the Pre-Replicative Complex,0.0113164386972413,REACTOME_ACTIVATION_OF_THE_PRE_REPLICATIVE_COMPLEX,MM15368,1.0,0.03975
ADAPTIVE_IMMUNE_SYSTEM,True,True,Both,Adaptive Immune System,9.20962085288709e-05,REACTOME_ADAPTIVE_IMMUNE_SYSTEM,MM14540;M1058,2.0,0.01065
ADENYLATE_CYCLASE_ACTIVATING_PATHWAY,True,True,Both,Adenylate Cyclase Activating Pathway,9.219683589854372e-07,REACTOME_ADENYLATE_CYCLASE_ACTIVATING_PATHWAY,M19522;MM14668,2.0,5.953e-06
ADENYLATE_CYCLASE_INHIBITORY_PATHWAY,True,True,Both,Adenylate Cyclase Inhibitory Pathway,2.319839890581004e-09,REACTOME_ADENYLATE_CYCLASE_INHIBITORY_PATHWAY,M750;MM14669,2.0,2.916e-08
ADORA2B_MEDIATED_ANTI_INFLAMMATORY_CYTOKINES_PRODUCTION,True,True,Both,ADORA2B Mediated Anti-Inflammatory Cytokines Production,1.928858912586579e-24,REACTOME_ADORA2B_MEDIATED_ANTI_INFLAMMATORY_CYTOKINES_PRODUCTION,M29837,1.0,4.465e-21
ADP_SIGNALLING_THROUGH_P2Y_PURINOCEPTOR_1,True,True,Both,ADP Signalling Through P2Y Purinoceptor 1,1.0546335384297326e-11,REACTOME_ADP_SIGNALLING_THROUGH_P2Y_PURINOCEPTOR_1,M811;MM15056,2.0,5.278e-10
ADP_SIGNALLING_THROUGH_P2Y_PURINOCEPTOR_12,True,True,Both,ADP Signalling Through P2Y Purinoceptor 12,1.1560386936402496e-14,REACTOME_ADP_SIGNALLING_THROUGH_P2Y_PURINOCEPTOR_12,M841;MM15016,2.0,8.108e-13
ADRENALINE_NORADRENALINE_INHIBITS_INSULIN_SECRETION,True,True,Both,"Adrenaline,noradrenaline Inhibits Insulin Secretion",7.886780360597972e-10,REACTOME_ADRENALINE_NORADRENALINE_INHIBITS_INSULIN_SECRETION,MM15033;M10679,2.0,1.204e-11
ADRENOCEPTORS,True,True,Both,Adrenoceptors,0.0001158085025075,REACTOME_ADRENOCEPTORS,M27302;MM15009,2.0,0.0004961
AEROBIC_RESPIRATION_AND_RESPIRATORY_ELECTRON_TRANSPORT,True,True,Both,Aerobic Respiration and Respiratory Electron Transport,1.9236025924352965e-24,REACTOME_AEROBIC_RESPIRATION_AND_RESPIRATORY_ELECTRON_TRANSPORT,MM14562;M516,2.0,1.173e-17
AGGREPHAGY,True,True,Both,Aggrephagy,3.976451583846429e-16,REACTOME_AGGREPHAGY,M29830;MM15669,2.0,4.737e-15
ALK_MUTANTS_BIND_TKIS,True,True,Both,ALK Mutants Bind TKIs,0.0025882261761826,REACTOME_ALK_MUTANTS_BIND_TKIS,M42522,1.0,0.009112
AMINE_LIGAND_BINDING_RECEPTORS,True,True,Both,Amine Ligand-Binding Receptors,0.0109758918511709,REACTOME_AMINE_LIGAND_BINDING_RECEPTORS,MM14971;M5868,2.0,0.0469
AMPLIFICATION_OF_SIGNAL_FROM_THE_KINETOCHORES,True,True,Both,Amplification of Signal From the Kinetochores,0.0002884958069056,REACTOME_AMPLIFICATION_OF_SIGNAL_FROM_THE_KINETOCHORES,MM14561,1.0,0.0219
AMPLIFICATION_OF_SIGNAL_FROM_UNATTACHED_KINETOCHORES_VIA_A_MAD2_INHIBITORY_SIGNAL,True,False,Enrichr_only,Amplification of Signal From Unattached Kinetochores via a MAD2 Inhibitory Signal,0.0002884958069056,,,,
ANCHORING_OF_THE_BASAL_BODY_TO_THE_PLASMA_MEMBRANE,True,True,Both,Anchoring of the Basal Body to the Plasma Membrane,9.385540199998298e-45,REACTOME_ANCHORING_OF_THE_BASAL_BODY_TO_THE_PLASMA_MEMBRANE,M27478;MM15207,2.0,5.581e-37
ANTIGEN_PROCESSING_UBIQUITINATION_PROTEASOME_DEGRADATION,True,False,Enrichr_only,Antigen Processing Ubiquitination & Proteasome Degradation,0.0013398561719108,,,,
ANTIVIRAL_MECHANISM_BY_IFN_STIMULATED_GENES,True,True,Both,Antiviral Mechanism by IFN-stimulated Genes,8.399126194756995e-19,REACTOME_ANTIVIRAL_MECHANISM_BY_IFN_STIMULATED_GENES,M550;MM14515,2.0,2.128e-15
ANTI_INFLAMMATORY_RESPONSE_FAVOURING_LEISHMANIA_PARASITE_INFECTION,True,True,Both,Anti-inflammatory Response Favouring Leishmania Parasite Infection,0.0005263057589976,REACTOME_ANTI_INFLAMMATORY_RESPONSE_FAVOURING_LEISHMANIA_PARASITE_INFECTION,M29840,1.0,0.0003619
APC_CDC20_MEDIATED_DEGRADATION_OF_CELL_CYCLE_PROTEINS_PRIOR_TO_SATISFATION_OF_THE_CHECKPOINT,True,False,Enrichr_only,APC Cdc20 Mediated Degradation of Cell Cycle Proteins Prior to Satisfation of the Checkpoint,2.865696061349873e-07,,,,
APC_CDC20_MEDIATED_DEGRADATION_OF_NEK2A,True,True,Both,APC-Cdc20 Mediated Degradation of Nek2A,2.3314820390268125e-15,REACTOME_APC_CDC20_MEDIATED_DEGRADATION_OF_NEK2A,M1079;MM14697,2.0,2.603e-13
APC_C_CDC20_MEDIATED_DEGRADATION_OF_CYCLIN_B,True,True,Both,APC C Cdc20 Mediated Degradation of Cyclin B,1.7158501136162005e-12,REACTOME_APC_C_CDC20_MEDIATED_DEGRADATION_OF_CYCLIN_B,M1039;MM14675,2.0,9.402e-11
APC_C_CDC20_MEDIATED_DEGRADATION_OF_MITOTIC_PROTEINS,True,False,Enrichr_only,APC C Cdc20 Mediated Degradation of Mitotic Proteins,7.092680131576347e-07,,,,
APC_C_CDC20_MEDIATED_DEGRADATION_OF_SECURIN,True,False,Enrichr_only,APC C Cdc20 Mediated Degradation of Securin,9.550067527853364e-07,,,,
APC_C_CDH1_MEDIATED_DEGRADATION_OF_CDC20_AND_OTHER_APC_C_CDH1_TARGETED_PROTEINS_IN_LATE_MITOSIS_EARLY_G1,False,True,ToppFun_only,,,REACTOME_APC_C_CDH1_MEDIATED_DEGRADATION_OF_CDC20_AND_OTHER_APC_C_CDH1_TARGETED_PROTEINS_IN_LATE_MITOSIS_EARLY_G1,M1030;MM14678,2.0,1.745e-05
APC_C_CDH1_MEDIATED_DEGRADATION_OF_CDC20_AND_OTHER_APC_C_CDH1_TARGETS_IN_LATE_MITOSIS_EARLY_G1,True,False,Enrichr_only,APC C Cdh1 Mediated Degradation of Cdc20 and Other APC C Cdh1 Targets in Late Mitosis Early G1,2.865696061349873e-07,,,,
APC_C_MEDIATED_DEGRADATION_OF_CELL_CYCLE_PROTEINS,True,True,Both,APC C-mediated Degradation of Cell Cycle Proteins,2.206797124164675e-07,REACTOME_APC_C_MEDIATED_DEGRADATION_OF_CELL_CYCLE_PROTEINS,M29582;MM14677,2.0,2.014e-05
APOBEC3G_MEDIATED_RESISTANCE_TO_HIV_1_INFECTION,False,True,ToppFun_only,,,REACTOME_APOBEC3G_MEDIATED_RESISTANCE_TO_HIV_1_INFECTION,M27040,1.0,0.04214
APOPTOSIS,True,True,Both,Apoptosis,0.0006617866811056,REACTOME_APOPTOSIS,M15303,1.0,0.02424
APOPTOTIC_CLEAVAGE_OF_CELLULAR_PROTEINS,True,False,Enrichr_only,Apoptotic Cleavage of Cellular Proteins,0.0175611837346538,,,,
AQUAPORIN_MEDIATED_TRANSPORT,True,True,Both,Aquaporin-mediated Transport,7.005838246714283e-13,REACTOME_AQUAPORIN_MEDIATED_TRANSPORT,M920;MM15115,2.0,1.986e-10
ARYL_HYDROCARBON_RECEPTOR_SIGNALLING,True,True,Both,Aryl Hydrocarbon Receptor Signalling,0.0154187215199708,REACTOME_ARYL_HYDROCARBON_RECEPTOR_SIGNALLING,M27793;MM15528,2.0,0.01465
ASPARAGINE_N_LINKED_GLYCOSYLATION,True,True,Both,Asparagine N-linked Glycosylation,1.4081124315855115e-08,REACTOME_ASPARAGINE_N_LINKED_GLYCOSYLATION,M894;MM15120,2.0,0.0001293
ASSEMBLY_AND_CELL_SURFACE_PRESENTATION_OF_NMDA_RECEPTORS,True,True,Both,Assembly and Cell Surface Presentation of NMDA Receptors,2.6444073393674883e-06,REACTOME_ASSEMBLY_AND_CELL_SURFACE_PRESENTATION_OF_NMDA_RECEPTORS,M27934,1.0,3.139e-05
ASSEMBLY_OF_THE_HIV_VIRION,True,True,Both,Assembly Of The HIV Virion,5.1519595270293e-05,REACTOME_ASSEMBLY_OF_THE_HIV_VIRION,M27033,1.0,8.472e-08
ASSEMBLY_OF_THE_ORC_COMPLEX_AT_THE_ORIGIN_OF_REPLICATION,False,True,ToppFun_only,,,REACTOME_ASSEMBLY_OF_THE_ORC_COMPLEX_AT_THE_ORIGIN_OF_REPLICATION,MM15358,1.0,0.004856
ASSEMBLY_OF_THE_PRE_REPLICATIVE_COMPLEX,True,False,Enrichr_only,Assembly of the Pre-Replicative Complex,3.426461883878757e-09,,,,
ASSOCIATION_OF_TRIC_CCT_WITH_TARGET_PROTEINS_DURING_BIOSYNTHESIS,True,True,Both,Association of TriC CCT With Target Proteins During Biosynthesis,0.0001051016831697,REACTOME_ASSOCIATION_OF_TRIC_CCT_WITH_TARGET_PROTEINS_DURING_BIOSYNTHESIS,MM15004;M3871,2.0,0.0001494
ASYMMETRIC_LOCALIZATION_OF_PCP_PROTEINS,True,True,Both,Asymmetric Localization of PCP Proteins,0.002449753628155,REACTOME_ASYMMETRIC_LOCALIZATION_OF_PCP_PROTEINS,M27396;MM15150,2.0,0.02146
ATF4_ACTIVATES_GENES_IN_RESPONSE_TO_ENDOPLASMIC_RETICULUM_STRESS,True,True,Both,ATF4 Activates Genes in Response to Endoplasmic Reticulum Stress,0.0063244019599032,REACTOME_ATF4_ACTIVATES_GENES_IN_RESPONSE_TO_ENDOPLASMIC_RETICULUM_STRESS,M796,1.0,0.02146
ATF6_ATF6_ALPHA_ACTIVATES_CHAPERONES,True,True,Both,ATF6 (ATF6-alpha) Activates Chaperones,4.699945562506491e-08,REACTOME_ATF6_ATF6_ALPHA_ACTIVATES_CHAPERONES,M794,1.0,4.249e-07
ATF6_ATF6_ALPHA_ACTIVATES_CHAPERONE_GENES,True,True,Both,ATF6 (ATF6-alpha) Activates Chaperone Genes,9.219683589854372e-07,REACTOME_ATF6_ATF6_ALPHA_ACTIVATES_CHAPERONE_GENES,M801,1.0,5.953e-06
AUF1_HNRNP_D0_BINDS_AND_DESTABILIZES_MRNA,True,True,Both,AUF1 (hnRNP D0) Binds and Destabilizes mRNA,0.0430698496720821,REACTOME_AUF1_HNRNP_D0_BINDS_AND_DESTABILIZES_MRNA,MM15137,1.0,0.02874
AURKA_ACTIVATION_BY_TPX2,True,True,Both,AURKA Activation by TPX2,6.096908912863625e-27,REACTOME_AURKA_ACTIVATION_BY_TPX2,M27749;MM15495,2.0,2.13e-21
AUTODEGRADATION_OF_CDH1_BY_CDH1_APC_C,True,False,Enrichr_only,Autodegradation of Cdh1 by Cdh1 APC C,5.815244501051547e-07,,,,
AUTOPHAGY,True,True,Both,Autophagy,4.473603355408956e-20,REACTOME_AUTOPHAGY,M27935,1.0,6.891e-16
AXON_GUIDANCE,True,False,Enrichr_only,Axon Guidance,2.4302450608081347e-09,,,,
BACTERIAL_INFECTION_PATHWAYS,False,True,ToppFun_only,,,REACTOME_BACTERIAL_INFECTION_PATHWAYS,M48033,1.0,0.0001005
BASIGIN_INTERACTIONS,True,True,Both,Basigin Interactions,0.0004621779181337,REACTOME_BASIGIN_INTERACTIONS,MM17215;M4974,2.0,0.001918
BBSOME_MEDIATED_CARGO_TARGETING_TO_CILIUM,True,True,Both,BBSome-mediated Cargo-Targeting to Cilium,2.621580693544043e-15,REACTOME_BBSOME_MEDIATED_CARGO_TARGETING_TO_CILIUM,M27481;MM15210,2.0,2.237e-13
BETA_CATENIN_INDEPENDENT_WNT_SIGNALING,True,True,Both,Beta-catenin Independent WNT Signaling,7.940219954038e-15,REACTOME_BETA_CATENIN_INDEPENDENT_WNT_SIGNALING,MM14988;M27288,2.0,1.462e-12
BETA_OXIDATION_OF_DECANOYL_COA_TO_OCTANOYL_COA_COA,True,False,Enrichr_only,Beta Oxidation of decanoyl-CoA to octanoyl-CoA-CoA,0.0467173190355908,,,,
BETA_OXIDATION_OF_OCTANOYL_COA_TO_HEXANOYL_COA,True,True,Both,Beta Oxidation of octanoyl-CoA to hexanoyl-CoA,0.0208761429402771,REACTOME_BETA_OXIDATION_OF_OCTANOYL_COA_TO_HEXANOYL_COA,M27723;MM15465,2.0,0.04214
BIOSYNTHESIS_OF_THE_N_GLYCAN_PRECURSOR_DOLICHOL_LIPID_LINKED_OLIGOSACCHARIDE_LLO_AND_TRANSFER_TO_A_NASCENT_PROTEIN,False,True,ToppFun_only,,,REACTOME_BIOSYNTHESIS_OF_THE_N_GLYCAN_PRECURSOR_DOLICHOL_LIPID_LINKED_OLIGOSACCHARIDE_LLO_AND_TRANSFER_TO_A_NASCENT_PROTEIN,MM15118;M897,2.0,0.000661
BIOSYNTHESIS_OF_THE_N_GLYCAN_PRECURSOR_DOLICHOL_LLO_AND_TRANSFER_TO_A_NASCENT_PROTEIN,True,False,Enrichr_only,Biosynthesis of the N-glycan Precursor (Dolichol LLO) and Transfer to a Nascent Protein,1.0406524284497408e-05,,,,
BRANCHED_CHAIN_AMINO_ACID_CATABOLISM,True,True,Both,Branched-chain Amino Acid Catabolism,0.0010544240486185,REACTOME_BRANCHED_CHAIN_AMINO_ACID_CATABOLISM,M17694;MM15397,2.0,0.005625
BRANCHED_CHAIN_KETOACID_DEHYDROGENASE_KINASE_DEFICIENCY,True,True,Both,Branched-chain Ketoacid Dehydrogenase Kinase Deficiency,0.001433050897553,REACTOME_BRANCHED_CHAIN_KETOACID_DEHYDROGENASE_KINASE_DEFICIENCY,M49164,1.0,0.00378
BUDDING_AND_MATURATION_OF_HIV_VIRION,True,True,Both,Budding and Maturation of HIV Virion,1.692852969816711e-07,REACTOME_BUDDING_AND_MATURATION_OF_HIV_VIRION,M26982,1.0,2.778e-09
CA2_PATHWAY,True,True,Both,Ca2+ Pathway,3.425530152534096e-13,REACTOME_CA2_PATHWAY,MM15040;M27321,2.0,2.143e-14
CALMODULIN_INDUCED_EVENTS,True,False,Enrichr_only,Calmodulin Induced Events,4.196142935874428e-15,,,,
CALNEXIN_CALRETICULIN_CYCLE,True,True,Both,Calnexin Calreticulin Cycle,0.0095972087041962,REACTOME_CALNEXIN_CALRETICULIN_CYCLE,MM15592;M907,2.0,0.004891
CAMK_IV_MEDIATED_PHOSPHORYLATION_OF_CREB,True,True,Both,CaMK IV-mediated Phosphorylation of CREB,0.0004240572479565,REACTOME_CAMK_IV_MEDIATED_PHOSPHORYLATION_OF_CREB,M26910,1.0,0.001675
CAM_PATHWAY,True,False,Enrichr_only,CaM Pathway,4.196142935874428e-15,,,,
CAM_PDE_1_ACTIVATION,False,True,ToppFun_only,,,REACTOME_CAM_PDE_1_ACTIVATION,MM14494,1.0,0.001073
CAP_DEPENDENT_TRANSLATION_INITIATION,True,False,Enrichr_only,Cap-dependent Translation Initiation,0.0015526176051772,,,,
CARBOXYTERMINAL_POST_TRANSLATIONAL_MODIFICATIONS_OF_TUBULIN,True,True,Both,Carboxyterminal Post-Translational Modifications of Tubulin,1.7568445473546012e-06,REACTOME_CARBOXYTERMINAL_POST_TRANSLATIONAL_MODIFICATIONS_OF_TUBULIN,MM15549;M27828,2.0,7.478e-07
CARGO_RECOGNITION_FOR_CLATHRIN_MEDIATED_ENDOCYTOSIS,True,True,Both,Cargo Recognition for Clathrin-Mediated Endocytosis,0.0003207033047657,REACTOME_CARGO_RECOGNITION_FOR_CLATHRIN_MEDIATED_ENDOCYTOSIS,M27752;MM15498,2.0,0.009939
CARGO_TRAFFICKING_TO_THE_PERICILIARY_MEMBRANE,True,True,Both,Cargo Trafficking to the Periciliary Membrane,9.082524651021045e-34,REACTOME_CARGO_TRAFFICKING_TO_THE_PERICILIARY_MEMBRANE,M27480;MM15209,2.0,1.381e-29
CA_DEPENDENT_EVENTS,True,True,Both,Ca-dependent Events,4.830539629082665e-15,REACTOME_CA_DEPENDENT_EVENTS,M749;MM14495,2.0,1.148e-12
CD209_DC_SIGN_SIGNALING,True,True,Both,CD209 (DC-SIGN) Signaling,5.109317558201385e-07,REACTOME_CD209_DC_SIGN_SIGNALING,M27485;MM15215,2.0,7.007e-06
CD28_CO_STIMULATION,True,False,Enrichr_only,CD28 Co-Stimulation,0.0002392601134433,,,,
CD28_DEPENDENT_PI3K_AKT_SIGNALING,True,True,Both,CD28 Dependent PI3K Akt Signaling,0.0142700434605191,REACTOME_CD28_DEPENDENT_PI3K_AKT_SIGNALING,M13897;MM14993,2.0,0.007755
CD28_DEPENDENT_VAV1_PATHWAY,True,True,Both,CD28 Dependent Vav1 Pathway,3.269834743689209e-05,REACTOME_CD28_DEPENDENT_VAV1_PATHWAY,MM14994;M13618,2.0,0.000183
CDC20_PHOSPHO_APC_C_MEDIATED_DEGRADATION_OF_CYCLIN_A,True,False,Enrichr_only,Cdc20 Phospho-APC C Mediated Degradation of Cyclin A,6.797510560669506e-07,,,,
CDC42_GTPASE_CYCLE,True,True,Both,CDC42 GTPase Cycle,1.4745072957698692e-05,REACTOME_CDC42_GTPASE_CYCLE,M41808,1.0,0.001989
CDC6_ASSOCIATION_WITH_THE_ORC_ORIGIN_COMPLEX,True,True,Both,CDC6 Association With the ORC Origin Complex,0.0004457567472722,REACTOME_CDC6_ASSOCIATION_WITH_THE_ORC_ORIGIN_COMPLEX,MM15359;M780,2.0,0.001573
CDK_MEDIATED_PHOSPHORYLATION_AND_REMOVAL_OF_CDC6,True,True,Both,CDK-mediated Phosphorylation and Removal of Cdc6,2.5346106408514603e-06,REACTOME_CDK_MEDIATED_PHOSPHORYLATION_AND_REMOVAL_OF_CDC6,MM15370;M709,2.0,7.276e-05
CELLULAR_RESPONSES_TO_MECHANICAL_STIMULI,True,True,Both,Cellular Responses to Mechanical Stimuli,4.1525412339440455e-14,REACTOME_CELLULAR_RESPONSES_TO_MECHANICAL_STIMULI,M49155;MM17669,2.0,1.01e-09
CELLULAR_RESPONSES_TO_STIMULI,True,True,Both,Cellular Responses to Stimuli,8.447061761871394e-39,REACTOME_CELLULAR_RESPONSES_TO_STIMULI,M27827;MM15548,2.0,2.015e-23
CELLULAR_RESPONSES_TO_STRESS,True,False,Enrichr_only,Cellular Responses to Stress,7.411785449993569e-30,,,,
CELLULAR_RESPONSE_TO_CHEMICAL_STRESS,True,True,Both,Cellular Response to Chemical Stress,1.87951316196623e-09,REACTOME_CELLULAR_RESPONSE_TO_CHEMICAL_STRESS,M41836;MM15688,2.0,3.434e-07
CELLULAR_RESPONSE_TO_HEAT_STRESS,True,True,Both,Cellular Response to Heat Stress,1.7602923686263212e-15,REACTOME_CELLULAR_RESPONSE_TO_HEAT_STRESS,M27253;MM14951,2.0,1.819e-12
CELLULAR_RESPONSE_TO_HYPOXIA,True,False,Enrichr_only,Cellular Response to Hypoxia,0.0142524131592422,,,,
CELLULAR_SENESCENCE,True,True,Both,Cellular Senescence,4.0181828553490425e-05,REACTOME_CELLULAR_SENESCENCE,MM14901;M27188,2.0,0.01302
CELL_CYCLE,True,True,Both,Cell Cycle,1.66002063998215e-32,REACTOME_CELL_CYCLE,MM14635;M543,2.0,1.841e-19
CELL_CYCLE_CHECKPOINTS,True,True,Both,Cell Cycle Checkpoints,4.48315537473789e-09,REACTOME_CELL_CYCLE_CHECKPOINTS,MM15388;M16647,2.0,1.894e-05
CELL_CYCLE_MITOTIC,True,True,Both,"Cell Cycle, Mitotic",2.1886163424236126e-38,REACTOME_CELL_CYCLE_MITOTIC,M5336,1.0,7.849e-23
CELL_RECRUITMENT_PRO_INFLAMMATORY_RESPONSE,True,False,Enrichr_only,Cell Recruitment (Pro-Inflammatory Response),0.0044373015844525,,,,
CENTROSOME_MATURATION,True,False,Enrichr_only,Centrosome Maturation,8.556130369260894e-35,,,,
CGMP_EFFECTS,True,True,Both,cGMP Effects,0.0012651611398787,REACTOME_CGMP_EFFECTS,MM15054;M902,2.0,0.001675
CHAPERONE_MEDIATED_AUTOPHAGY,True,True,Both,Chaperone Mediated Autophagy,1.490246952750138e-07,REACTOME_CHAPERONE_MEDIATED_AUTOPHAGY,M27937,1.0,2.396e-06
CHAPERONIN_MEDIATED_PROTEIN_FOLDING,True,True,Both,Chaperonin-mediated Protein Folding,5.3882694355107814e-21,REACTOME_CHAPERONIN_MEDIATED_PROTEIN_FOLDING,MM15003,1.0,8.211e-15
CHK1_CHK2_CDS1_MEDIATED_INACTIVATION_OF_CYCLIN_B_CDK1_COMPLEX,True,False,Enrichr_only,Chk1 Chk2(Cds1) Mediated Inactivation of Cyclin B Cdk1 Complex,0.0228725908898279,,,,
CHOLESTEROL_BIOSYNTHESIS,True,True,Both,Cholesterol Biosynthesis,2.1796613184730023e-14,REACTOME_CHOLESTEROL_BIOSYNTHESIS,MM14735;M16227,2.0,2.254e-12
CILIUM_ASSEMBLY,True,True,Both,Cilium Assembly,7.4149942652115605e-93,REACTOME_CILIUM_ASSEMBLY,M27472,1.0,1.6000000000000002e-76
CIRCADIAN_CLOCK,True,True,Both,Circadian Clock,0.0002801660438441,REACTOME_CIRCADIAN_CLOCK,M938,1.0,0.0177
CITRIC_ACID_CYCLE_TCA_CYCLE,True,True,Both,Citric Acid Cycle (TCA Cycle),3.438918750219414e-08,REACTOME_CITRIC_ACID_CYCLE_TCA_CYCLE,MM15407;M784,2.0,5.103e-07
CLASS_A_1_RHODOPSIN_LIKE_RECEPTORS,True,False,Enrichr_only,Class A 1 (Rhodopsin-like Receptors),0.0064452899244837,,,,
CLASS_B_2_SECRETIN_FAMILY_RECEPTORS,True,True,Both,Class B 2 (Secretin Family Receptors),0.0001202847554393,REACTOME_CLASS_B_2_SECRETIN_FAMILY_RECEPTORS,MM14964;M797,2.0,0.001922
CLASS_I_MHC_MEDIATED_ANTIGEN_PROCESSING_PRESENTATION,True,True,Both,Class I MHC Mediated Antigen Processing & Presentation,0.0003384681670899,REACTOME_CLASS_I_MHC_MEDIATED_ANTIGEN_PROCESSING_PRESENTATION,MM15712,1.0,0.04235
CLATHRIN_MEDIATED_ENDOCYTOSIS,True,True,Both,Clathrin-mediated Endocytosis,1.708091639713246e-05,REACTOME_CLATHRIN_MEDIATED_ENDOCYTOSIS,M27753;MM15499,2.0,0.00195
COMPLEX_III_ASSEMBLY,True,True,Both,Complex III Assembly,0.0018643822533661,REACTOME_COMPLEX_III_ASSEMBLY,MM17248;M48276,2.0,0.007492
COMPLEX_IV_ASSEMBLY,True,True,Both,Complex IV Assembly,0.0010212523831563,REACTOME_COMPLEX_IV_ASSEMBLY,M48275;MM17247,2.0,0.01013
COMPLEX_I_BIOGENESIS,True,True,Both,Complex I Biogenesis,1.864008375588769e-05,REACTOME_COMPLEX_I_BIOGENESIS,MM15331;M27621,2.0,0.0002409
CONSTITUTIVE_SIGNALING_BY_EGFRVIII,True,True,Both,Constitutive Signaling by EGFRvIII,8.489136298306621e-05,REACTOME_CONSTITUTIVE_SIGNALING_BY_EGFRVIII,M29701,1.0,0.0005101
CONSTITUTIVE_SIGNALING_BY_LIGAND_RESPONSIVE_EGFR_CANCER_VARIANTS,True,True,Both,Constitutive Signaling by Ligand-Responsive EGFR Cancer Variants,5.815244501051547e-07,REACTOME_CONSTITUTIVE_SIGNALING_BY_LIGAND_RESPONSIVE_EGFR_CANCER_VARIANTS,M559,1.0,7.094e-06
CONSTITUTIVE_SIGNALING_BY_NOTCH1_HD_PEST_DOMAIN_MUTANTS,True,False,Enrichr_only,Constitutive Signaling by NOTCH1 HD+PEST Domain Mutants,0.0010544240486185,,,,
CONSTITUTIVE_SIGNALING_BY_NOTCH1_PEST_DOMAIN_MUTANTS,True,False,Enrichr_only,Constitutive Signaling by NOTCH1 PEST Domain Mutants,0.0010544240486185,,,,
CONSTITUTIVE_SIGNALING_BY_OVEREXPRESSED_ERBB2,True,True,Both,Constitutive Signaling by Overexpressed ERBB2,0.0075155299688926,REACTOME_CONSTITUTIVE_SIGNALING_BY_OVEREXPRESSED_ERBB2,M29814,1.0,0.02177
CONVERSION_FROM_APC_C_CDC20_TO_APC_C_CDH1_IN_LATE_ANAPHASE,True,True,Both,Conversion From APC C Cdc20 to APC C Cdh1 in Late Anaphase,2.4501229484300694e-13,REACTOME_CONVERSION_FROM_APC_C_CDC20_TO_APC_C_CDH1_IN_LATE_ANAPHASE,M1044;MM14688,2.0,1.155e-11
COOPERATION_OF_PDCL_PHLP1_AND_TRIC_CCT_IN_G_PROTEIN_BETA_FOLDING,True,True,Both,Cooperation of PDCL (PhLP1) and TRiC CCT in G-protein Beta Folding,3.129261729951748e-18,REACTOME_COOPERATION_OF_PDCL_PHLP1_AND_TRIC_CCT_IN_G_PROTEIN_BETA_FOLDING,M27656,1.0,1.508e-15
COOPERATION_OF_PREFOLDIN_AND_TRIC_CCT_IN_ACTIN_AND_TUBULIN_FOLDING,True,True,Both,Cooperation of Prefoldin and TriC CCT in Actin and Tubulin Folding,3.973905243854044e-12,REACTOME_COOPERATION_OF_PREFOLDIN_AND_TRIC_CCT_IN_ACTIN_AND_TUBULIN_FOLDING,M27297,1.0,1.099e-10
COPI_DEPENDENT_GOLGI_TO_ER_RETROGRADE_TRAFFIC,True,True,Both,COPI-dependent Golgi-to-ER Retrograde Traffic,0.0026428268876914,REACTOME_COPI_DEPENDENT_GOLGI_TO_ER_RETROGRADE_TRAFFIC,M27650,1.0,0.0219
COPI_INDEPENDENT_GOLGI_TO_ER_RETROGRADE_TRAFFIC,True,True,Both,COPI-independent Golgi-to-ER Retrograde Traffic,2.5389685110544526e-10,REACTOME_COPI_INDEPENDENT_GOLGI_TO_ER_RETROGRADE_TRAFFIC,M27651;MM15353,2.0,1.271e-08
COPI_MEDIATED_ANTEROGRADE_TRANSPORT,True,True,Both,COPI-mediated Anterograde Transport,0.0026428268876914,REACTOME_COPI_MEDIATED_ANTEROGRADE_TRANSPORT,M27648,1.0,0.02974
CO_STIMULATION_BY_CD28,False,True,ToppFun_only,,,REACTOME_CO_STIMULATION_BY_CD28,M11725;MM14992,2.0,0.01013
CO_STIMULATION_BY_ICOS,False,True,ToppFun_only,,,REACTOME_CO_STIMULATION_BY_ICOS,M49173;MM17678,2.0,0.02177
CREB1_PHOSPHORYLATION_THROUGH_NMDA_RECEPTOR_MEDIATED_ACTIVATION_OF_RAS_SIGNALING,True,True,Both,CREB1 Phosphorylation Through NMDA Receptor-Mediated Activation of RAS Signaling,0.0019013047009472,REACTOME_CREB1_PHOSPHORYLATION_THROUGH_NMDA_RECEPTOR_MEDIATED_ACTIVATION_OF_RAS_SIGNALING,M837,1.0,0.01137
CREB1_PHOSPHORYLATION_THROUGH_THE_ACTIVATION_OF_ADENYLATE_CYCLASE,True,True,Both,CREB1 Phosphorylation Through the Activation of Adenylate Cyclase,1.7568445473546012e-06,REACTOME_CREB1_PHOSPHORYLATION_THROUGH_THE_ACTIVATION_OF_ADENYLATE_CYCLASE,M27363,1.0,1.296e-05
CREB1_PHOSPHORYLATION_THROUGH_THE_ACTIVATION_OF_CAMKII_CAMKK_CAMKIV_CASCASDE,True,True,Both,CREB1 Phosphorylation Through the Activation of CaMKII CaMKK CaMKIV Cascasde,0.004939564587831,REACTOME_CREB1_PHOSPHORYLATION_THROUGH_THE_ACTIVATION_OF_CAMKII_CAMKK_CAMKIV_CASCASDE,M10546,1.0,0.01331
CREB3_FACTORS_ACTIVATE_GENES,True,True,Both,CREB3 Factors Activate Genes,4.102415589657916e-06,REACTOME_CREB3_FACTORS_ACTIVATE_GENES,M27773;MM15513,2.0,2.176e-05
CRISTAE_FORMATION,True,False,Enrichr_only,Cristae Formation,0.0113164386972413,,,,
CYTOCHROME_P450_ARRANGED_BY_SUBSTRATE_TYPE,True,False,Enrichr_only,Cytochrome P450 - Arranged by Substrate Type,0.0459403262501496,,,,
CYTOKINE_SIGNALING_IN_IMMUNE_SYSTEM,True,True,Both,Cytokine Signaling in Immune System,7.777872015269408e-13,REACTOME_CYTOKINE_SIGNALING_IN_IMMUNE_SYSTEM,M1060;MM14539,2.0,4.183e-06
CYTOPROTECTION_BY_HMOX1,True,True,Both,Cytoprotection by HMOX1,5.929440486648038e-06,REACTOME_CYTOPROTECTION_BY_HMOX1,M41830;MM15684,2.0,0.0003024
CYTOSOLIC_SENSORS_OF_PATHOGEN_ASSOCIATED_DNA,True,True,Both,Cytosolic Sensors of Pathogen-Associated DNA,0.0103144422215875,REACTOME_CYTOSOLIC_SENSORS_OF_PATHOGEN_ASSOCIATED_DNA,MM14707,1.0,0.006371
C_TYPE_LECTIN_RECEPTORS_CLRS,True,True,Both,C-type Lectin Receptors (CLRs),0.0026400299366909,REACTOME_C_TYPE_LECTIN_RECEPTORS_CLRS,M27484;MM15214,2.0,0.03455
DAG_AND_IP3_SIGNALING,True,True,Both,DAG and IP3 Signaling,6.820158763560978e-14,REACTOME_DAG_AND_IP3_SIGNALING,M512,1.0,1.545e-11
DAP12_INTERACTIONS,True,False,Enrichr_only,DAP12 Interactions,0.0375416401232217,,,,
DAP12_SIGNALING,True,True,Both,DAP12 Signaling,0.0008313990729481,REACTOME_DAP12_SIGNALING,M27171;MM14886,2.0,0.005757
DARPP_32_EVENTS,True,True,Both,DARPP-32 Events,0.0011746711327422,REACTOME_DARPP_32_EVENTS,M751,1.0,0.006838
DEACTIVATION_OF_THE_BETA_CATENIN_TRANSACTIVATING_COMPLEX,True,True,Both,Deactivation of the Beta-Catenin Transactivating Complex,0.000107555025845,REACTOME_DEACTIVATION_OF_THE_BETA_CATENIN_TRANSACTIVATING_COMPLEX,M27272;MM14975,2.0,0.001508
DEADENYLATION_DEPENDENT_MRNA_DECAY,True,True,Both,Deadenylation-dependent mRNA Decay,0.0183790152952461,REACTOME_DEADENYLATION_DEPENDENT_MRNA_DECAY,MM15089,1.0,0.04024
DEATH_RECEPTOR_SIGNALING,True,False,Enrichr_only,Death Receptor Signaling,0.0067205315315504,,,,
DEFECTIVE_CFTR_CAUSES_CYSTIC_FIBROSIS,True,False,Enrichr_only,Defective CFTR Causes Cystic Fibrosis,0.0332278855119968,,,,
DEFECTIVE_TPR_MAY_CONFER_SUSCEPTIBILITY_TOWARDS_THYROID_PAPILLARY_CARCINOMA_TPC,True,False,Enrichr_only,Defective TPR May Confer Susceptibility Towards Thyroid Papillary Carcinoma (TPC),3.511939751869679e-21,,,,
DEGRADATION_OF_DVL,True,False,Enrichr_only,Degradation of DVL,0.0311379828624739,,,,
DEGRADATION_OF_GLI1_BY_THE_PROTEASOME,True,False,Enrichr_only,Degradation of GLI1 by the Proteasome,0.0124488693689971,,,,
DEGRADATION_OF_GLI2_BY_THE_PROTEASOME,True,False,Enrichr_only,Degradation of GLI2 by the Proteasome,0.0051982602251441,,,,
DEUBIQUITINATION,True,True,Both,Deubiquitination,0.000111442016296,REACTOME_DEUBIQUITINATION,MM15286;M27574,2.0,0.00434
DEVELOPMENTAL_BIOLOGY,True,False,Enrichr_only,Developmental Biology,0.0409769858830088,,,,
DISEASE,True,False,Enrichr_only,Disease,2.256727224850785e-47,,,,
DISEASES_ASSOCIATED_WITH_GLYCOSYLATION_PRECURSOR_BIOSYNTHESIS,True,True,Both,Diseases Associated With Glycosylation Precursor Biosynthesis,8.365676168196641e-06,REACTOME_DISEASES_ASSOCIATED_WITH_GLYCOSYLATION_PRECURSOR_BIOSYNTHESIS,M27468,1.0,2.057e-05
DISEASES_ASSOCIATED_WITH_N_GLYCOSYLATION_OF_PROTEINS,True,True,Both,Diseases Associated With N-glycosylation of Proteins,1.546685042772903e-05,REACTOME_DISEASES_ASSOCIATED_WITH_N_GLYCOSYLATION_OF_PROTEINS,M27274,1.0,0.0001406
DISEASES_ASSOCIATED_WITH_VISUAL_TRANSDUCTION,True,False,Enrichr_only,Diseases Associated With Visual Transduction,4.357354858148711e-07,,,,
DISEASES_OF_BRANCHED_CHAIN_AMINO_ACID_CATABOLISM,True,True,Both,Diseases of Branched-Chain Amino Acid Catabolism,0.0051666664165554,REACTOME_DISEASES_OF_BRANCHED_CHAIN_AMINO_ACID_CATABOLISM,M49160,1.0,0.01684
DISEASES_OF_CARBOHYDRATE_METABOLISM,True,True,Both,Diseases of Carbohydrate Metabolism,4.651455379468907e-11,REACTOME_DISEASES_OF_CARBOHYDRATE_METABOLISM,M27546,1.0,3.31e-09
DISEASES_OF_GLYCOSYLATION,True,True,Both,Diseases of Glycosylation,0.0001946180428583,REACTOME_DISEASES_OF_GLYCOSYLATION,M27275,1.0,0.005002
DISEASES_OF_METABOLISM,True,True,Both,Diseases of Metabolism,5.173614062471834e-13,REACTOME_DISEASES_OF_METABOLISM,M27554,1.0,8.116e-09
DISEASES_OF_MITOTIC_CELL_CYCLE,True,True,Both,Diseases of Mitotic Cell Cycle,6.6610351437102e-05,REACTOME_DISEASES_OF_MITOTIC_CELL_CYCLE,M39005,1.0,0.0009015
DISEASES_OF_SIGNAL_TRANSDUCTION_BY_GROWTH_FACTOR_RECEPTORS_AND_SECOND_MESSENGERS,True,True,Both,Diseases of Signal Transduction by Growth Factor Receptors and Second Messengers,1.2809223743392034e-15,REACTOME_DISEASES_OF_SIGNAL_TRANSDUCTION_BY_GROWTH_FACTOR_RECEPTORS_AND_SECOND_MESSENGERS,M27547,1.0,8.283e-09
DISEASES_OF_THE_NEURONAL_SYSTEM,True,False,Enrichr_only,Diseases of the Neuronal System,4.357354858148711e-07,,,,
DISORDERS_OF_DEVELOPMENTAL_BIOLOGY,True,False,Enrichr_only,Disorders of Developmental Biology,4.357354858148711e-07,,,,
DISORDERS_OF_NERVOUS_SYSTEM_DEVELOPMENT,True,False,Enrichr_only,Disorders of Nervous System Development,4.357354858148711e-07,,,,
DISORDERS_OF_TRANSMEMBRANE_TRANSPORTERS,True,True,Both,Disorders of Transmembrane Transporters,3.2371230975171454e-15,REACTOME_DISORDERS_OF_TRANSMEMBRANE_TRANSPORTERS,M27476,1.0,7.159e-11
DNA_DAMAGE_RECOGNITION_IN_GG_NER,True,True,Both,DNA Damage Recognition in GG-NER,0.0025241115268769,REACTOME_DNA_DAMAGE_RECOGNITION_IN_GG_NER,MM15301;M27592,2.0,0.01725
DNA_DOUBLE_STRAND_BREAK_RESPONSE,True,False,Enrichr_only,DNA Double Strand Break Response,0.0448085937706113,,,,
DNA_REPLICATION,True,True,Both,DNA Replication,5.207405895314643e-05,REACTOME_DNA_REPLICATION,MM15380,1.0,9.47e-05
DNA_REPLICATION_PRE_INITIATION,True,True,Both,DNA Replication Pre-Initiation,1.301633096220812e-06,REACTOME_DNA_REPLICATION_PRE_INITIATION,MM15369;M27665,2.0,5.748e-07
DOWNREGULATION_OF_ERBB2_ERBB3_SIGNALING,True,True,Both,Downregulation of ERBB2 ERBB3 Signaling,0.0051666664165554,REACTOME_DOWNREGULATION_OF_ERBB2_ERBB3_SIGNALING,MM14550;M549,2.0,0.009112
DOWNREGULATION_OF_ERBB4_SIGNALING,True,True,Both,Downregulation of ERBB4 Signaling,0.0109898352572602,REACTOME_DOWNREGULATION_OF_ERBB4_SIGNALING,M26930;MM14535,2.0,0.02821
DOWNREGULATION_OF_SMAD2_3_SMAD4_TRANSCRIPTIONAL_ACTIVITY,True,True,Both,Downregulation of SMAD2 3 SMAD4 Transcriptional Activity,0.0001352810890961,REACTOME_DOWNREGULATION_OF_SMAD2_3_SMAD4_TRANSCRIPTIONAL_ACTIVITY,M669;MM14877,2.0,0.001385
DOWNREGULATION_OF_TGF_BETA_RECEPTOR_SIGNALING,True,True,Both,Downregulation of TGF-beta Receptor Signaling,0.0007812414651083,REACTOME_DOWNREGULATION_OF_TGF_BETA_RECEPTOR_SIGNALING,M628,1.0,0.001492
DOWNSTREAM_SIGNALING_EVENTS_OF_B_CELL_RECEPTOR_BCR,True,False,Enrichr_only,Downstream Signaling Events of B Cell Receptor (BCR),0.021595165519897,,,,
DOWNSTREAM_SIGNAL_TRANSDUCTION,True,True,Both,Downstream Signal Transduction,0.0008313990729481,REACTOME_DOWNSTREAM_SIGNAL_TRANSDUCTION,M779;MM14712,2.0,0.005757
E2F_ENABLED_INHIBITION_OF_PRE_REPLICATION_COMPLEX_FORMATION,True,True,Both,E2F-enabled Inhibition of Pre-Replication Complex Formation,0.0109898352572602,REACTOME_E2F_ENABLED_INHIBITION_OF_PRE_REPLICATION_COMPLEX_FORMATION,M5756,1.0,0.02821
EARLY_PHASE_OF_HIV_LIFE_CYCLE,True,True,Both,Early Phase of HIV Life Cycle,0.0066159026642644,REACTOME_EARLY_PHASE_OF_HIV_LIFE_CYCLE,M4280,1.0,0.0001908
EGFR_DOWNREGULATION,True,True,Both,EGFR Downregulation,0.0018990466155419,REACTOME_EGFR_DOWNREGULATION,MM14705;M16597,2.0,0.01213
EGFR_TRANSACTIVATION_BY_GASTRIN,True,True,Both,EGFR Transactivation by Gastrin,0.0014710475622617,REACTOME_EGFR_TRANSACTIVATION_BY_GASTRIN,M27156;MM14879,2.0,0.004856
EML4_AND_NUDC_IN_MITOTIC_SPINDLE_FORMATION,True,False,Enrichr_only,EML4 and NUDC in Mitotic Spindle Formation,1.0214712606546418e-08,,,,
ENDOSOMAL_SORTING_COMPLEX_REQUIRED_FOR_TRANSPORT_ESCRT,True,True,Both,Endosomal Sorting Complex Required For Transport (ESCRT),5.1633620832116693e-14,REACTOME_ENDOSOMAL_SORTING_COMPLEX_REQUIRED_FOR_TRANSPORT_ESCRT,M1009;MM15637,2.0,6.772e-12
ENOS_ACTIVATION,True,True,Both,eNOS Activation,0.0051666664165554,REACTOME_ENOS_ACTIVATION,MM14817;M27111,2.0,0.01684
EPIGENETIC_REGULATION_BY_WDR5_CONTAINING_HISTONE_MODIFYING_COMPLEXES,True,True,Both,Epigenetic Regulation by WDR5-containing Histone Modifying Complexes,0.0003968215245072,REACTOME_EPIGENETIC_REGULATION_BY_WDR5_CONTAINING_HISTONE_MODIFYING_COMPLEXES,MM17677,1.0,0.004298
EPIGENETIC_REGULATION_OF_ADIPOGENESIS_GENES_BY_MLL3_AND_MLL4_COMPLEXES,True,False,Enrichr_only,Epigenetic Regulation of Adipogenesis Genes by MLL3 and MLL4 Complexes,0.0131659689399303,,,,
EPIGENETIC_REGULATION_OF_GENE_EXPRESSION_BY_MLL3_AND_MLL4_COMPLEXES,True,False,Enrichr_only,Epigenetic Regulation of Gene Expression by MLL3 and MLL4 Complexes,0.0131659689399303,,,,
ERYTHROPOIETIN_ACTIVATES_PHOSPHOINOSITIDE_3_KINASE_PI3K,True,True,Both,Erythropoietin Activates Phosphoinositide-3-kinase (PI3K),0.0137975776666062,REACTOME_ERYTHROPOIETIN_ACTIVATES_PHOSPHOINOSITIDE_3_KINASE_PI3K,M27905;MM15623,2.0,0.03819
ER_PHAGOSOME_PATHWAY,True,False,Enrichr_only,ER-Phagosome Pathway,0.0422333217904824,,,,
ER_QUALITY_CONTROL_COMPARTMENT_ERQC,True,True,Both,ER Quality Control Compartment (ERQC),0.0438710072786745,REACTOME_ER_QUALITY_CONTROL_COMPARTMENT_ERQC,MM15591,1.0,0.01296
ESR_MEDIATED_SIGNALING,True,True,Both,ESR-mediated Signaling,4.8790442282383085e-09,REACTOME_ESR_MEDIATED_SIGNALING,MM15529;M27794,2.0,3.419e-06
ESTABLISHMENT_OF_SISTER_CHROMATID_COHESION,True,True,Both,Establishment of Sister Chromatid Cohesion,0.0075155299688926,REACTOME_ESTABLISHMENT_OF_SISTER_CHROMATID_COHESION,M27177;MM14891,2.0,0.02177
ESTROGEN_DEPENDENT_GENE_EXPRESSION,True,False,Enrichr_only,Estrogen-dependent Gene Expression,0.0298900903261734,,,,
ESTROGEN_DEPENDENT_NUCLEAR_EVENTS_DOWNSTREAM_OF_ESR_MEMBRANE_SIGNALING,True,True,Both,Estrogen-dependent Nuclear Events Downstream of ESR-membrane Signaling,0.0142700434605191,REACTOME_ESTROGEN_DEPENDENT_NUCLEAR_EVENTS_DOWNSTREAM_OF_ESR_MEMBRANE_SIGNALING,MM15666,1.0,0.004856
ESTROGEN_STIMULATED_SIGNALING_THROUGH_PRKCZ,True,True,Both,Estrogen-stimulated Signaling Through PRKCZ,0.0060447135597466,REACTOME_ESTROGEN_STIMULATED_SIGNALING_THROUGH_PRKCZ,M27951,1.0,0.01465
ETHANOL_OXIDATION,True,True,Both,Ethanol Oxidation,3.269834743689209e-05,REACTOME_ETHANOL_OXIDATION,M14663;MM15405,2.0,0.000183
EUKARYOTIC_TRANSLATION_ELONGATION,True,False,Enrichr_only,Eukaryotic Translation Elongation,0.0376835951770825,,,,
EUKARYOTIC_TRANSLATION_INITIATION,True,True,Both,Eukaryotic Translation Initiation,0.0015526176051772,REACTOME_EUKARYOTIC_TRANSLATION_INITIATION,MM15415;M27686,2.0,0.01237
EXPORT_OF_VIRAL_RIBONUCLEOPROTEINS_FROM_NUCLEUS,True,True,Both,Export of Viral Ribonucleoproteins From Nucleus,3.4682303755410603e-16,REACTOME_EXPORT_OF_VIRAL_RIBONUCLEOPROTEINS_FROM_NUCLEUS,M27016,1.0,5.143e-19
EXPRESSION_OF_BMAL_ARNTL_CLOCK_AND_NPAS2,False,True,ToppFun_only,,,REACTOME_EXPRESSION_OF_BMAL_ARNTL_CLOCK_AND_NPAS2,M49175,1.0,0.02256
EXTRA_NUCLEAR_ESTROGEN_SIGNALING,True,True,Both,Extra-nuclear Estrogen Signaling,7.577828171066679e-12,REACTOME_EXTRA_NUCLEAR_ESTROGEN_SIGNALING,M27874;MM15590,2.0,8.902e-10
FACTORS_INVOLVED_IN_MEGAKARYOCYTE_DEVELOPMENT_AND_PLATELET_PRODUCTION,True,True,Both,Factors Involved in Megakaryocyte Development and Platelet Production,1.0795689051334748e-06,REACTOME_FACTORS_INVOLVED_IN_MEGAKARYOCYTE_DEVELOPMENT_AND_PLATELET_PRODUCTION,MM15715;M941,2.0,0.0001235
FATTY_ACIDS_BOUND_TO_GPR40_FFAR1_REGULATE_INSULIN_SECRETION,True,True,Both,Fatty Acids Bound to GPR40 (FFAR1) Regulate Insulin Secretion,0.0004457567472722,REACTOME_FATTY_ACIDS_BOUND_TO_GPR40_FFAR1_REGULATE_INSULIN_SECRETION,M27356;MM15100,2.0,0.001573
FGFR2_ALTERNATIVE_SPLICING,True,False,Enrichr_only,FGFR2 Alternative Splicing,0.0182478174424769,,,,
FLT3_SIGNALING,True,True,Both,FLT3 Signaling,0.0002459632826765,REACTOME_FLT3_SIGNALING,MM15652;M29803,2.0,0.001806
FLT3_SIGNALING_IN_DISEASE,True,False,Enrichr_only,FLT3 Signaling in Disease,0.0462316879660977,,,,
FOLDING_OF_ACTIN_BY_CCT_TRIC,True,True,Both,Folding of Actin by CCT TriC,9.219683589854372e-07,REACTOME_FOLDING_OF_ACTIN_BY_CCT_TRIC,M27299,1.0,5.953e-06
FORMATION_OF_ANNULAR_GAP_JUNCTIONS,True,False,Enrichr_only,Formation of Annular Gap Junctions,0.0348994733580659,,,,
FORMATION_OF_ATP_BY_CHEMIOSMOTIC_COUPLING,True,True,Both,Formation of ATP by Chemiosmotic Coupling,0.0102028823710854,REACTOME_FORMATION_OF_ATP_BY_CHEMIOSMOTIC_COUPLING,M11716,1.0,0.03657
FORMATION_OF_A_POOL_OF_FREE_40S_SUBUNITS,True,False,Enrichr_only,Formation of a Pool of Free 40S Subunits,0.0201673230527968,,,,
FORMATION_OF_INCISION_COMPLEX_IN_GG_NER,True,False,Enrichr_only,Formation of Incision Complex in GG-NER,0.024800233553597,,,,
FORMATION_OF_TC_NER_PRE_INCISION_COMPLEX,True,True,Both,Formation of TC-NER Pre-Incision Complex,0.0060447135597466,REACTOME_FORMATION_OF_TC_NER_PRE_INCISION_COMPLEX,MM15315;M27599,2.0,0.04214
FORMATION_OF_THE_BETA_CATENIN_TCF_TRANSACTIVATING_COMPLEX,False,True,ToppFun_only,,,REACTOME_FORMATION_OF_THE_BETA_CATENIN_TCF_TRANSACTIVATING_COMPLEX,MM14793,1.0,0.01504
FORMATION_OF_THE_DYSTROPHIN_GLYCOPROTEIN_COMPLEX_DGC,False,True,ToppFun_only,,,REACTOME_FORMATION_OF_THE_DYSTROPHIN_GLYCOPROTEIN_COMPLEX_DGC,M49166,1.0,0.009537
FORMATION_OF_THE_TERNARY_COMPLEX_AND_SUBSEQUENTLY_THE_43S_COMPLEX,True,False,Enrichr_only,"Formation of the Ternary Complex, and Subsequently, the 43S Complex",0.0006244509054022,,,,
FORMATION_OF_TUBULIN_FOLDING_INTERMEDIATES_BY_CCT_TRIC,True,True,Both,Formation of Tubulin Folding Intermediates by CCT TriC,4.0001856531196826e-13,REACTOME_FORMATION_OF_TUBULIN_FOLDING_INTERMEDIATES_BY_CCT_TRIC,M9648,1.0,8.141e-12
FORMATION_OF_WDR5_CONTAINING_HISTONE_MODIFYING_COMPLEXES,True,True,Both,Formation of WDR5-containing Histone-Modifying Complexes,0.0011525738496992,REACTOME_FORMATION_OF_WDR5_CONTAINING_HISTONE_MODIFYING_COMPLEXES,MM17073;M48018,2.0,0.007244
FOXO_MEDIATED_TRANSCRIPTION,True,True,Both,FOXO-mediated Transcription,1.1206293337321758e-06,REACTOME_FOXO_MEDIATED_TRANSCRIPTION,M27938;MM15656,2.0,0.0001266
FOXO_MEDIATED_TRANSCRIPTION_OF_CELL_DEATH_GENES,True,True,Both,FOXO-mediated Transcription of Cell Death Genes,0.0060447135597466,REACTOME_FOXO_MEDIATED_TRANSCRIPTION_OF_CELL_DEATH_GENES,M27940,1.0,0.02146
FOXO_MEDIATED_TRANSCRIPTION_OF_OXIDATIVE_STRESS_METABOLIC_AND_NEURONAL_GENES,True,False,Enrichr_only,"FOXO-mediated Transcription of Oxidative Stress, Metabolic and Neuronal Genes",0.0409769858830088,,,,
FREE_FATTY_ACIDS_REGULATE_INSULIN_SECRETION,True,True,Both,Free Fatty Acids Regulate Insulin Secretion,0.000117488834026,REACTOME_FREE_FATTY_ACIDS_REGULATE_INSULIN_SECRETION,M27317;MM15035,2.0,0.0005614
FRUCTOSE_CATABOLISM,True,True,Both,Fructose Catabolism,0.001433050897553,REACTOME_FRUCTOSE_CATABOLISM,MM15395;M27675,2.0,0.00378
FRUCTOSE_METABOLISM,True,True,Both,Fructose Metabolism,8.024636660988727e-05,REACTOME_FRUCTOSE_METABOLISM,MM15231;M27506,2.0,0.0002992
G1_S_TRANSITION,True,False,Enrichr_only,G1 S Transition,0.0180348074594309,,,,
G2_M_CHECKPOINTS,True,False,Enrichr_only,G2 M Checkpoints,0.0181228005149615,,,,
G2_M_TRANSITION,True,False,Enrichr_only,G2 M Transition,4.0978138911978766e-27,,,,
GABA_B_RECEPTOR_ACTIVATION,True,True,Both,GABA B Receptor Activation,3.976451583846429e-16,REACTOME_GABA_B_RECEPTOR_ACTIVATION,M954;MM15709,2.0,1.689e-13
GABA_RECEPTOR_ACTIVATION,True,True,Both,GABA Receptor Activation,2.8201014442345605e-14,REACTOME_GABA_RECEPTOR_ACTIVATION,M976;MM15708,2.0,1.768e-11
GABA_SYNTHESIS_RELEASE_REUPTAKE_AND_DEGRADATION,True,True,Both,"GABA Synthesis, Release, Reuptake and Degradation",0.0065030280696083,REACTOME_GABA_SYNTHESIS_RELEASE_REUPTAKE_AND_DEGRADATION,M927;MM15523,2.0,0.0245
GAIN_OF_FUNCTION_MRAS_COMPLEXES_ACTIVATE_RAF_SIGNALING,True,False,Enrichr_only,Gain-of-function MRAS Complexes Activate RAF Signaling,0.004939564587831,,,,
GAP_JUNCTION_ASSEMBLY,True,True,Both,Gap Junction Assembly,0.0005580426775537,REACTOME_GAP_JUNCTION_ASSEMBLY,MM14730;M14981,2.0,0.002121
GAP_JUNCTION_DEGRADATION,True,True,Both,Gap Junction Degradation,0.0137975776666062,REACTOME_GAP_JUNCTION_DEGRADATION,M15243,1.0,0.03819
GAP_JUNCTION_TRAFFICKING,True,False,Enrichr_only,Gap Junction Trafficking,3.156949045150167e-05,,,,
GAP_JUNCTION_TRAFFICKING_AND_REGULATION,True,True,Both,Gap Junction Trafficking and Regulation,8.648977792968056e-06,REACTOME_GAP_JUNCTION_TRAFFICKING_AND_REGULATION,M26972;MM14606,2.0,7.545e-05
GASTRIN_CREB_SIGNALLING_PATHWAY_VIA_PKC_AND_MAPK,True,True,Both,Gastrin-CREB Signalling Pathway via PKC and MAPK,0.004100996638595,REACTOME_GASTRIN_CREB_SIGNALLING_PATHWAY_VIA_PKC_AND_MAPK,M657,1.0,0.016
GENERIC_TRANSCRIPTION_PATHWAY,True,False,Enrichr_only,Generic Transcription Pathway,0.0061744150758162,,,,
GENE_AND_PROTEIN_EXPRESSION_BY_JAK_STAT_SIGNALING_AFTER_INTERLEUKIN_12_STIMULATION,True,True,Both,Gene and Protein Expression by JAK-STAT Signaling After Interleukin-12 Stimulation,9.039705353329715e-06,REACTOME_GENE_AND_PROTEIN_EXPRESSION_BY_JAK_STAT_SIGNALING_AFTER_INTERLEUKIN_12_STIMULATION,M27820,1.0,0.0002724
GENE_EXPRESSION_TRANSCRIPTION,True,True,Both,Gene Expression (Transcription),5.5484025762584696e-08,REACTOME_GENE_EXPRESSION_TRANSCRIPTION,MM15436,1.0,0.0001217
GENE_SILENCING_BY_RNA,True,True,Both,Gene Silencing by RNA,0.0043054420059438,REACTOME_GENE_SILENCING_BY_RNA,MM14837;M715,2.0,1.007e-07
GLI3_IS_PROCESSED_TO_GLI3R_BY_THE_PROTEASOME,True,True,Both,GLI3 Is Processed to GLI3R by the Proteasome,0.0051982602251441,REACTOME_GLI3_IS_PROCESSED_TO_GLI3R_BY_THE_PROTEASOME,MM15205,1.0,0.04501
GLUCAGON_LIKE_PEPTIDE_1_GLP1_REGULATES_INSULIN_SECRETION,True,True,Both,Glucagon-like Peptide-1 (GLP1) Regulates Insulin Secretion,2.1009152478501985e-11,REACTOME_GLUCAGON_LIKE_PEPTIDE_1_GLP1_REGULATES_INSULIN_SECRETION,M791;MM14983,2.0,2.466e-09
GLUCAGON_SIGNALING_IN_METABOLIC_REGULATION,True,True,Both,Glucagon Signaling in Metabolic Regulation,7.993931243984661e-20,REACTOME_GLUCAGON_SIGNALING_IN_METABOLIC_REGULATION,M11575;MM14628,2.0,3.401e-17
GLUCAGON_TYPE_LIGAND_RECEPTORS,True,True,Both,Glucagon-type Ligand Receptors,1.0843506329709104e-07,REACTOME_GLUCAGON_TYPE_LIGAND_RECEPTORS,M10322;MM15066,2.0,3.036e-06
GLUCONEOGENESIS,True,True,Both,Gluconeogenesis,8.307542931661593e-10,REACTOME_GLUCONEOGENESIS,MM15392;M13748,2.0,2.746e-08
GLUCOSE_METABOLISM,True,True,Both,Glucose Metabolism,1.2370364008329264e-34,REACTOME_GLUCOSE_METABOLISM,M1870;MM15394,2.0,7.47e-30
GLUTAMATE_AND_GLUTAMINE_METABOLISM,True,False,Enrichr_only,Glutamate and Glutamine Metabolism,0.0351596179600824,,,,
GLUTAMATE_BINDING_ACTIVATION_OF_AMPA_RECEPTORS_AND_SYNAPTIC_PLASTICITY,True,False,Enrichr_only,"Glutamate Binding, Activation of AMPA Receptors and Synaptic Plasticity",0.0005431845879733,,,,
GLYCOGEN_BREAKDOWN_GLYCOGENOLYSIS,True,True,Both,Glycogen Breakdown (Glycogenolysis),0.0351596179600824,REACTOME_GLYCOGEN_BREAKDOWN_GLYCOGENOLYSIS,MM15391,1.0,0.0442
GLYCOGEN_METABOLISM,True,True,Both,Glycogen Metabolism,9.873341012223902e-05,REACTOME_GLYCOGEN_METABOLISM,M27857;MM15577,2.0,0.001492
GLYCOGEN_STORAGE_DISEASES,True,True,Both,Glycogen Storage Diseases,0.0060447135597466,REACTOME_GLYCOGEN_STORAGE_DISEASES,M27236,1.0,0.02146
GLYCOGEN_SYNTHESIS,True,True,Both,Glycogen Synthesis,0.001796640671767,REACTOME_GLYCOGEN_SYNTHESIS,M27247,1.0,0.00726
GLYCOLYSIS,True,False,Enrichr_only,Glycolysis,1.139015556160857e-34,,,,
GOLGI_TO_ER_RETROGRADE_TRANSPORT,True,True,Both,Golgi-to-ER Retrograde Transport,3.437886507274912e-06,REACTOME_GOLGI_TO_ER_RETROGRADE_TRANSPORT,M27751;MM15497,2.0,0.000224
GPCR_DOWNSTREAM_SIGNALLING,True,False,Enrichr_only,GPCR Downstream Signalling,6.573272412496088e-25,,,,
GPCR_LIGAND_BINDING,True,True,Both,GPCR Ligand Binding,2.423568344703728e-05,REACTOME_GPCR_LIGAND_BINDING,M507,1.0,0.02203
GPER1_SIGNALING,True,True,Both,GPER1 Signaling,4.637487186441588e-24,REACTOME_GPER1_SIGNALING,M45008;MM15664,2.0,1.266e-20
GPVI_MEDIATED_ACTIVATION_CASCADE,True,True,Both,GPVI-mediated Activation Cascade,0.0076270837529975,REACTOME_GPVI_MEDIATED_ACTIVATION_CASCADE,M773,1.0,0.03932
GROWTH_HORMONE_RECEPTOR_SIGNALING,True,True,Both,Growth Hormone Receptor Signaling,0.0044729147614126,REACTOME_GROWTH_HORMONE_RECEPTOR_SIGNALING,M519;MM15710,2.0,0.02034
GSK3B_AND_BTRC_CUL1_MEDIATED_DEGRADATION_OF_NFE2L2,True,False,Enrichr_only,GSK3B and BTRC CUL1-mediated-degradation of NFE2L2,0.0430698496720821,,,,
GTP_HYDROLYSIS_AND_JOINING_OF_THE_60S_RIBOSOMAL_SUBUNIT,True,False,Enrichr_only,GTP Hydrolysis and Joining of the 60S Ribosomal Subunit,0.003228376917418,,,,
G_ALPHA_12_13_SIGNALLING_EVENTS,True,True,Both,G Alpha (12 13) Signalling Events,1.0822747557066394e-08,REACTOME_G_ALPHA_12_13_SIGNALLING_EVENTS,MM15044;M800,2.0,5.071e-07
G_ALPHA_I_SIGNALLING_EVENTS,True,True,Both,G Alpha (I) Signalling Events,1.1983353808292475e-20,REACTOME_G_ALPHA_I_SIGNALLING_EVENTS,M600;MM15057,2.0,4.453e-14
G_ALPHA_Q_SIGNALLING_EVENTS,True,True,Both,G Alpha (Q) Signalling Events,7.384279995081757e-10,REACTOME_G_ALPHA_Q_SIGNALLING_EVENTS,M18437;MM15043,2.0,2.143e-06
G_ALPHA_S_SIGNALLING_EVENTS,True,True,Both,G Alpha (S) Signalling Events,5.931334300049493e-17,REACTOME_G_ALPHA_S_SIGNALLING_EVENTS,M4904;MM15055,2.0,1.402e-12
G_ALPHA_Z_SIGNALLING_EVENTS,True,True,Both,G Alpha (Z) Signalling Events,1.6210279123963705e-21,REACTOME_G_ALPHA_Z_SIGNALLING_EVENTS,M10775;MM15058,2.0,3.096e-18
G_BETA_GAMMA_SIGNALLING_THROUGH_BTK,True,False,Enrichr_only,G Beta Gamma Signalling Through BTK,3.159886681313731e-10,,,,
G_BETA_GAMMA_SIGNALLING_THROUGH_CDC42,True,True,Both,G Beta Gamma Signalling Through CDC42,1.5977503157486577e-11,REACTOME_G_BETA_GAMMA_SIGNALLING_THROUGH_CDC42,M27853;MM15572,2.0,5.296e-10
G_BETA_GAMMA_SIGNALLING_THROUGH_PI3KGAMMA,True,True,Both,G Beta Gamma Signalling Through PI3Kgamma,1.0546335384297326e-11,REACTOME_G_BETA_GAMMA_SIGNALLING_THROUGH_PI3KGAMMA,M14301;MM15017,2.0,5.278e-10
G_BETA_GAMMA_SIGNALLING_THROUGH_PLC_BETA,True,False,Enrichr_only,G Beta Gamma Signalling Through PLC Beta,2.4501229484300694e-13,,,,
G_PROTEIN_ACTIVATION,True,True,Both,G-protein Activation,5.75441996858499e-16,REACTOME_G_PROTEIN_ACTIVATION,MM14794;M13115,2.0,6.088e-14
G_PROTEIN_BETA_GAMMA_SIGNALLING,True,True,Both,G-protein Beta Gamma Signalling,2.532310898820629e-13,REACTOME_G_PROTEIN_BETA_GAMMA_SIGNALLING,M14309;MM15027,2.0,2.922e-11
G_PROTEIN_GATED_POTASSIUM_CHANNELS,True,False,Enrichr_only,G Protein Gated Potassium Channels,2.40485370840019e-08,,,,
G_PROTEIN_MEDIATED_EVENTS,True,True,Both,G-protein Mediated Events,2.931781083263376e-21,REACTOME_G_PROTEIN_MEDIATED_EVENTS,M26911;MM14496,2.0,7.972e-18
H139HFS13_PPM1K_CAUSES_A_MILD_VARIANT_OF_MSUD,True,False,Enrichr_only,H139Hfs13* PPM1K Causes a Mild Variant of MSUD,0.0208761429402771,,,,
HCMV_EARLY_EVENTS,True,True,Both,HCMV Early Events,9.01518444940952e-05,REACTOME_HCMV_EARLY_EVENTS,M29805,1.0,1.21e-10
HCMV_INFECTION,True,True,Both,HCMV Infection,5.815244501051547e-07,REACTOME_HCMV_INFECTION,M29804,1.0,1.754e-17
HCMV_LATE_EVENTS,True,True,Both,HCMV Late Events,0.001059445178062,REACTOME_HCMV_LATE_EVENTS,M29806,1.0,8.014e-08
HEDGEHOG_OFF_STATE,True,True,Both,Hedgehog 'Off' State,2.431657223835001e-22,REACTOME_HEDGEHOG_OFF_STATE,M27471;MM15206,2.0,3.096e-18
HEDGEHOG_ON_STATE,True,True,Both,Hedgehog 'On' State,1.17017833784549e-05,REACTOME_HEDGEHOG_ON_STATE,MM15225;M27497,2.0,0.0003519
HEME_BIOSYNTHESIS,True,True,Both,Heme Biosynthesis,2.319839890581004e-09,REACTOME_HEME_BIOSYNTHESIS,M27059;MM14720,2.0,2.916e-08
HEME_SIGNALING,True,True,Both,Heme Signaling,0.0019898291125303,REACTOME_HEME_SIGNALING,M41832,1.0,0.02748
HEMOSTASIS,True,True,Both,Hemostasis,7.618994654699772e-06,REACTOME_HEMOSTASIS,MM14472;M8395,2.0,0.0005521
HIGH_LAMINAR_FLOW_SHEAR_STRESS_ACTIVATES_SIGNALING_BY_PIEZO1_AND_PECAM1_CDH5_KDR_IN_ENDOTHELIAL_CELL,True,False,Enrichr_only,High Laminar Flow Shear Stress Activates Signaling by PIEZO1 and PECAM1 CDH5 KDR in Endothelial Cell,1.861185442342337e-14,,,,
HIGH_LAMINAR_FLOW_SHEAR_STRESS_ACTIVATES_SIGNALING_BY_PIEZO1_AND_PECAM1_CDH5_KDR_IN_ENDOTHELIAL_CELLS,False,True,ToppFun_only,,,REACTOME_HIGH_LAMINAR_FLOW_SHEAR_STRESS_ACTIVATES_SIGNALING_BY_PIEZO1_AND_PECAM1_CDH5_KDR_IN_ENDOTHELIAL_CELLS,M49156;MM17670,2.0,1.776e-11
HIV_INFECTION,True,True,Both,HIV Infection,9.94227906890091e-22,REACTOME_HIV_INFECTION,M12469,1.0,1.101e-16
HIV_LIFE_CYCLE,True,True,Both,HIV Life Cycle,9.718434409370636e-23,REACTOME_HIV_LIFE_CYCLE,M4076,1.0,7.836e-19
HOST_INTERACTIONS_OF_HIV_FACTORS,True,True,Both,Host Interactions of HIV Factors,5.716512547965902e-16,REACTOME_HOST_INTERACTIONS_OF_HIV_FACTORS,M5283,1.0,3.728e-13
HSF1_ACTIVATION,False,True,ToppFun_only,,,REACTOME_HSF1_ACTIVATION,MM14950,1.0,0.001573
HSF1_DEPENDENT_TRANSACTIVATION,False,True,ToppFun_only,,,REACTOME_HSF1_DEPENDENT_TRANSACTIVATION,MM14953,1.0,0.03823
HSP90_CHAPERONE_CYCLE_FOR_STEROID_HORMONE_RECEPTORS_SHR_IN_THE_PRESENCE_OF_LIGAND,True,True,Both,HSP90 Chaperone Cycle for Steroid Hormone Receptors (SHR) in the Presence of Ligand,1.874994523911016e-11,REACTOME_HSP90_CHAPERONE_CYCLE_FOR_STEROID_HORMONE_RECEPTORS_SHR_IN_THE_PRESENCE_OF_LIGAND,M27251;MM14949,2.0,1.634e-09
HS_GAG_DEGRADATION,True,False,Enrichr_only,HS-GAG Degradation,0.0397094097430561,,,,
HYALURONAN_METABOLISM,True,False,Enrichr_only,Hyaluronan Metabolism,0.0341740920193651,,,,
IFNG_SIGNALING_ACTIVATES_MAPKS,True,True,Both,IFNG Signaling Activates MAPKs,0.0313721210176034,REACTOME_IFNG_SIGNALING_ACTIVATES_MAPKS,MM17070,1.0,0.0358
IMMUNE_SYSTEM,True,False,Enrichr_only,Immune System,7.578248182105183e-09,,,,
INACTIVATION_OF_APC_C_VIA_DIRECT_INHIBITION_OF_THE_APC_C_COMPLEX,True,False,Enrichr_only,Inactivation of APC C via Direct Inhibition of the APC C Complex,3.687918044085914e-12,,,,
INACTIVATION_OF_CDC42_AND_RAC1,True,False,Enrichr_only,Inactivation of CDC42 and RAC1,0.0313721210176034,,,,
INACTIVATION_OF_CSF3_G_CSF_SIGNALING,True,True,Both,Inactivation of CSF3 (G-CSF) Signaling,0.0065345915227309,REACTOME_INACTIVATION_OF_CSF3_G_CSF_SIGNALING,MM15680;M41829,2.0,0.016
INACTIVATION_RECOVERY_AND_REGULATION_OF_THE_PHOTOTRANSDUCTION_CASCADE,True,False,Enrichr_only,"Inactivation, Recovery and Regulation of the Phototransduction Cascade",3.992809346245198e-18,,,,
INFECTION_WITH_MYCOBACTERIUM_TUBERCULOSIS,False,True,ToppFun_only,,,REACTOME_INFECTION_WITH_MYCOBACTERIUM_TUBERCULOSIS,M29816,1.0,0.0001526
INFECTIOUS_DISEASE,True,True,Both,Infectious Disease,1.5590921225882266e-23,REACTOME_INFECTIOUS_DISEASE,M27548,1.0,1.3700000000000001e-27
INFLUENZA_INFECTION,True,True,Both,Influenza Infection,9.597959026507894e-12,REACTOME_INFLUENZA_INFECTION,M4669,1.0,9.003e-10
INFLUENZA_VIRAL_RNA_TRANSCRIPTION_AND_REPLICATION,True,False,Enrichr_only,Influenza Viral RNA Transcription and Replication,1.0047713617341444e-07,,,,
INHIBITION_OF_THE_PROTEOLYTIC_ACTIVITY_OF_APC_C_REQUIRED_FOR_THE_ONSET_OF_ANAPHASE_BY_MITOTIC_SPINDLE_CHECKPOINT_COMPONENTS,False,True,ToppFun_only,,,REACTOME_INHIBITION_OF_THE_PROTEOLYTIC_ACTIVITY_OF_APC_C_REQUIRED_FOR_THE_ONSET_OF_ANAPHASE_BY_MITOTIC_SPINDLE_CHECKPOINT_COMPONENTS,M489;MM14560,2.0,1.493e-10
INHIBITION_OF_VOLTAGE_GATED_CA2_CHANNELS_VIA_GBETA_GAMMA_SUBUNITS,True,False,Enrichr_only,Inhibition of Voltage Gated Ca2+ Channels via Gbeta Gamma Subunits,2.40485370840019e-08,,,,
INHIB_OF_PROTEOLYTIC_ACTIVITY_OF_APC_C_REQUIRED_FOR_ONSET_OF_ANAPHASE_BY_MITOTIC_SPINDLE_CHECKPOINT,True,False,Enrichr_only,Inhib of Proteolytic Activity of APC C Required for Onset of Anaphase by Mitotic Spindle Checkpoint,3.687918044085914e-12,,,,
INLA_MEDIATED_ENTRY_OF_LISTERIA_MONOCYTOGENES_INTO_HOST_CELLS,True,True,Both,InlA-mediated Entry of Listeria Monocytogenes Into Host Cells,0.0208761429402771,REACTOME_INLA_MEDIATED_ENTRY_OF_LISTERIA_MONOCYTOGENES_INTO_HOST_CELLS,M27781,1.0,0.02821
INLB_MEDIATED_ENTRY_OF_LISTERIA_MONOCYTOGENES_INTO_HOST_CELL,True,True,Both,InlB-mediated Entry of Listeria Monocytogenes Into Host Cell,0.0060447135597466,REACTOME_INLB_MEDIATED_ENTRY_OF_LISTERIA_MONOCYTOGENES_INTO_HOST_CELL,M27774,1.0,0.01299
INNATE_IMMUNE_SYSTEM,True,False,Enrichr_only,Innate Immune System,0.0198157728668189,,,,
INOSITOL_PHOSPHATE_METABOLISM,True,True,Both,Inositol Phosphate Metabolism,4.54950609129644e-07,REACTOME_INOSITOL_PHOSPHATE_METABOLISM,MM14589;M26964,2.0,1.134e-06
INSULIN_PROCESSING,True,True,Both,Insulin Processing,1.7882352484423234e-05,REACTOME_INSULIN_PROCESSING,M27198;MM14909,2.0,0.0001931
INTEGRATION_OF_ENERGY_METABOLISM,True,True,Both,Integration of Energy Metabolism,4.105763436981968e-17,REACTOME_INTEGRATION_OF_ENERGY_METABOLISM,M17034;MM14631,2.0,3.573e-13
INTEGRATION_OF_PROVIRUS,False,True,ToppFun_only,,,REACTOME_INTEGRATION_OF_PROVIRUS,M1051,1.0,0.004856
INTERACTIONS_OF_REV_WITH_HOST_CELLULAR_PROTEINS,True,True,Both,Interactions of Rev With Host Cellular Proteins,2.931781083263376e-21,REACTOME_INTERACTIONS_OF_REV_WITH_HOST_CELLULAR_PROTEINS,M27038,1.0,2.243e-19
INTERACTIONS_OF_VPR_WITH_HOST_CELLULAR_PROTEINS,True,True,Both,Interactions of Vpr With Host Cellular Proteins,1.5131592990066608e-18,REACTOME_INTERACTIONS_OF_VPR_WITH_HOST_CELLULAR_PROTEINS,M1029,1.0,2.488e-21
INTERCONVERSION_OF_NUCLEOTIDE_DI_AND_TRIPHOSPHATES,True,True,Both,Interconversion of Nucleotide Di- and Triphosphates,0.0124378123091742,REACTOME_INTERCONVERSION_OF_NUCLEOTIDE_DI_AND_TRIPHOSPHATES,MM15158;M27408,2.0,0.01603
INTERFERON_GAMMA_SIGNALING,False,True,ToppFun_only,,,REACTOME_INTERFERON_GAMMA_SIGNALING,MM15473,1.0,5.823e-05
INTERFERON_SIGNALING,True,True,Both,Interferon Signaling,2.667998865555768e-12,REACTOME_INTERFERON_SIGNALING,M983;MM15635,2.0,1.454e-08
INTERLEUKIN_10_SIGNALING,True,True,Both,Interleukin-10 Signaling,0.0014862875994622,REACTOME_INTERLEUKIN_10_SIGNALING,M27605,1.0,0.004283
INTERLEUKIN_12_FAMILY_SIGNALING,True,True,Both,Interleukin-12 Family Signaling,6.85346697369442e-05,REACTOME_INTERLEUKIN_12_FAMILY_SIGNALING,M27381,1.0,0.001895
INTERLEUKIN_12_SIGNALING,True,True,Both,Interleukin-12 Signaling,0.0001593406894223,REACTOME_INTERLEUKIN_12_SIGNALING,M27894,1.0,0.003231
INTERLEUKIN_3_INTERLEUKIN_5_AND_GM_CSF_SIGNALING,True,True,Both,"Interleukin-3, Interleukin-5 and GM-CSF Signaling",0.0332278855119968,REACTOME_INTERLEUKIN_3_INTERLEUKIN_5_AND_GM_CSF_SIGNALING,MM15162,1.0,0.01725
INTERLEUKIN_4_AND_INTERLEUKIN_13_SIGNALING,True,True,Both,Interleukin-4 and Interleukin-13 Signaling,0.0003120014849164,REACTOME_INTERLEUKIN_4_AND_INTERLEUKIN_13_SIGNALING,M27609,1.0,0.009051
INTERLEUKIN_RECEPTOR_SHC_SIGNALING,False,True,ToppFun_only,,,REACTOME_INTERLEUKIN_RECEPTOR_SHC_SIGNALING,MM15632,1.0,0.02712
INTRACELLULAR_SIGNALING_BY_SECOND_MESSENGERS,True,True,Both,Intracellular Signaling by Second Messengers,7.534679125451287e-09,REACTOME_INTRACELLULAR_SIGNALING_BY_SECOND_MESSENGERS,M27867;MM15585,2.0,1.859e-06
INTRAFLAGELLAR_TRANSPORT,True,True,Both,Intraflagellar Transport,1.6867785889360586e-19,REACTOME_INTRAFLAGELLAR_TRANSPORT,MM15211;M27482,2.0,8.448e-15
INTRA_GOLGI_AND_RETROGRADE_GOLGI_TO_ER_TRAFFIC,True,True,Both,Intra-Golgi and Retrograde Golgi-to-ER Traffic,7.700180428209309e-05,REACTOME_INTRA_GOLGI_AND_RETROGRADE_GOLGI_TO_ER_TRAFFIC,M27654;MM15356,2.0,0.005886
INTRINSIC_PATHWAY_FOR_APOPTOSIS,True,True,Both,Intrinsic Pathway for Apoptosis,0.0004240572479565,REACTOME_INTRINSIC_PATHWAY_FOR_APOPTOSIS,M7455;MM14473,2.0,0.005844
INWARDLY_RECTIFYING_K_CHANNELS,True,True,Both,Inwardly Rectifying K+ Channels,2.6678538033395744e-06,REACTOME_INWARDLY_RECTIFYING_K_CHANNELS,M1075;MM14544,2.0,5.509e-05
IRON_UPTAKE_AND_TRANSPORT,True,True,Both,Iron Uptake and Transport,0.0005328649643822,REACTOME_IRON_UPTAKE_AND_TRANSPORT,M962;MM15638,2.0,0.01247
ISG15_ANTIVIRAL_MECHANISM,True,True,Both,ISG15 Antiviral Mechanism,7.081642467897015e-18,REACTOME_ISG15_ANTIVIRAL_MECHANISM,M48006,1.0,4.707e-15
JOSEPHIN_DOMAIN_DUBS,True,True,Both,Josephin Domain DUBs,0.0137975776666062,REACTOME_JOSEPHIN_DOMAIN_DUBS,MM15288;M27577,2.0,0.009112
KEAP1_NFE2L2_PATHWAY,True,True,Both,KEAP1-NFE2L2 Pathway,2.745571921251734e-05,REACTOME_KEAP1_NFE2L2_PATHWAY,M45021;MM15698,2.0,9.664e-05
KINESINS,True,True,Both,Kinesins,1.688569847093553e-06,REACTOME_KINESINS,M977;MM15714,2.0,1.745e-05
L13A_MEDIATED_TRANSLATIONAL_SILENCING_OF_CERULOPLASMIN_EXPRESSION,True,False,Enrichr_only,L13a-mediated Translational Silencing of Ceruloplasmin Expression,0.0014169587108051,,,,
L1CAM_INTERACTIONS,True,True,Both,L1CAM Interactions,1.4791377694384445e-05,REACTOME_L1CAM_INTERACTIONS,MM14968;M872,2.0,3.477e-06
LATE_ENDOSOMAL_MICROAUTOPHAGY,True,True,Both,Late Endosomal Microautophagy,8.159642496734593e-16,REACTOME_LATE_ENDOSOMAL_MICROAUTOPHAGY,M27942,1.0,1.842e-13
LATE_PHASE_OF_HIV_LIFE_CYCLE,True,False,Enrichr_only,Late Phase of HIV Life Cycle,2.9267291131939575e-19,,,,
LATE_SARS_COV_2_INFECTION_EVENTS,True,False,Enrichr_only,Late SARS-CoV-2 Infection Events,0.0422333217904824,,,,
LEISHMANIA_INFECTION,True,True,Both,Leishmania Infection,3.291375594692609e-07,REACTOME_LEISHMANIA_INFECTION,M29836,1.0,2.682e-06
LEISHMANIA_PARASITE_GROWTH_AND_SURVIVAL,True,False,Enrichr_only,Leishmania Parasite Growth and Survival,0.0005263057589976,,,,
LISTERIA_MONOCYTOGENES_ENTRY_INTO_HOST_CELLS,True,True,Both,Listeria Monocytogenes Entry Into Host Cells,0.0066159026642644,REACTOME_LISTERIA_MONOCYTOGENES_ENTRY_INTO_HOST_CELLS,M27780,1.0,0.01213
LONG_TERM_POTENTIATION,True,False,Enrichr_only,Long-term Potentiation,0.0299159851995937,,,,
LOSS_OF_FUNCTION_OF_MECP2_IN_RETT_SYNDROME,True,True,Both,Loss of Function of MECP2 in Rett Syndrome,4.357354858148711e-07,REACTOME_LOSS_OF_FUNCTION_OF_MECP2_IN_RETT_SYNDROME,M29766,1.0,3.732e-06
LOSS_OF_MECP2_BINDING_ABILITY_TO_THE_NCOR_SMRT_COMPLEX,True,True,Both,Loss of MECP2 Binding Ability to the NCoR SMRT Complex,8.024636660988727e-05,REACTOME_LOSS_OF_MECP2_BINDING_ABILITY_TO_THE_NCOR_SMRT_COMPLEX,M27899,1.0,0.0002992
LOSS_OF_NLP_FROM_MITOTIC_CENTROSOMES,True,False,Enrichr_only,Loss of Nlp From Mitotic Centrosomes,1.2748614395074643e-27,,,,
LOSS_OF_PROTEINS_REQUIRED_FOR_INTERPHASE_MICROTUBULE_ORGANIZATION_FROM_THE_CENTROSOME,True,False,Enrichr_only,Loss of Proteins Required for Interphase Microtubule Organization From the Centrosome,1.2748614395074643e-27,,,,
MACROAUTOPHAGY,True,True,Both,Macroautophagy,6.178206077588394e-16,REACTOME_MACROAUTOPHAGY,MM14627,1.0,6.114e-11
MAJOR_PATHWAY_OF_RRNA_PROCESSING_IN_THE_NUCLEOLUS_AND_CYTOSOL,True,True,Both,Major Pathway of rRNA Processing in the Nucleolus and Cytosol,1.970868278935397e-05,REACTOME_MAJOR_PATHWAY_OF_RRNA_PROCESSING_IN_THE_NUCLEOLUS_AND_CYTOSOL,MM15324,1.0,0.0009082
MALATE_ASPARTATE_SHUTTLE,True,True,Both,Malate-aspartate Shuttle,0.0001158085025075,REACTOME_MALATE_ASPARTATE_SHUTTLE,MM17242;M48269,2.0,0.0004961
MAP2K_AND_MAPK_ACTIVATION,True,True,Both,MAP2K and MAPK Activation,1.0456518513680722e-05,REACTOME_MAP2K_AND_MAPK_ACTIVATION,M27557;MM15272,2.0,0.0002032
MAPK1_MAPK3_SIGNALING,True,False,Enrichr_only,MAPK1 MAPK3 Signaling,0.0102280332703489,,,,
MAPK6_MAPK4_SIGNALING,True,False,Enrichr_only,MAPK6 MAPK4 Signaling,0.0129704845321352,,,,
MAPK_FAMILY_SIGNALING_CASCADES,True,False,Enrichr_only,MAPK Family Signaling Cascades,0.0010532040279705,,,,
MAPLE_SYRUP_URINE_DISEASE,True,True,Both,Maple Syrup Urine Disease,0.0208761429402771,REACTOME_MAPLE_SYRUP_URINE_DISEASE,M49159,1.0,0.04214
MATURATION_OF_PROTEIN_E_9683683,True,False,Enrichr_only,Maturation of Protein E 9683683,0.0208761429402771,,,,
MATURATION_OF_PROTEIN_E_9694493,True,False,Enrichr_only,Maturation of Protein E 9694493,0.0208761429402771,,,,
MATURATION_OF_TCA_ENZYMES_AND_REGULATION_OF_TCA_CYCLE,True,False,Enrichr_only,Maturation of TCA Enzymes and Regulation of TCA Cycle,0.0322357941380148,,,,
MECP2_REGULATES_TRANSCRIPTION_OF_NEURONAL_LIGANDS,True,False,Enrichr_only,MECP2 Regulates Transcription of Neuronal Ligands,0.0313721210176034,,,,
MEMBRANE_BINDING_AND_TARGETTING_OF_GAG_PROTEINS,True,False,Enrichr_only,Membrane Binding and Targetting of GAG Proteins,2.457947822056093e-08,,,,
MEMBRANE_TRAFFICKING,True,True,Both,Membrane Trafficking,2.515634740488961e-12,REACTOME_MEMBRANE_TRAFFICKING,M11480,1.0,4.78e-06
METABOLISM,True,True,Both,Metabolism,2.189433100247142e-70,REACTOME_METABOLISM,MM14563,1.0,2.8500000000000003e-37
METABOLISM_OF_AMINO_ACIDS_AND_DERIVATIVES,True,True,Both,Metabolism of Amino Acids and Derivatives,7.2032075843982125e-06,REACTOME_METABOLISM_OF_AMINO_ACIDS_AND_DERIVATIVES,M727;MM15403,2.0,0.003184
METABOLISM_OF_CARBOHYDRATES,True,False,Enrichr_only,Metabolism of Carbohydrates,2.0288143735934628e-24,,,,
METABOLISM_OF_CARBOHYDRATES_AND_CARBOHYDRATE_DERIVATIVES,False,True,ToppFun_only,,,REACTOME_METABOLISM_OF_CARBOHYDRATES_AND_CARBOHYDRATE_DERIVATIVES,M16864;MM15406,2.0,7.972e-18
METABOLISM_OF_COFACTORS,True,True,Both,Metabolism of Cofactors,2.1081496781706747e-10,REACTOME_METABOLISM_OF_COFACTORS,M27855;MM15574,2.0,7.6e-09
METABOLISM_OF_LIPIDS,True,True,Both,Metabolism of Lipids,6.996768939005633e-07,REACTOME_METABOLISM_OF_LIPIDS,M27451,1.0,0.01429
METABOLISM_OF_NITRIC_OXIDE_NOS3_ACTIVATION_AND_REGULATION,True,True,Both,Metabolism of Nitric Oxide NOS3 Activation and Regulation,0.0023169791597988,REACTOME_METABOLISM_OF_NITRIC_OXIDE_NOS3_ACTIVATION_AND_REGULATION,M27102;MM14795,2.0,0.009898
METABOLISM_OF_NON_CODING_RNA,True,False,Enrichr_only,Metabolism of Non-Coding RNA,7.204975227121684e-18,,,,
METABOLISM_OF_NUCLEOTIDES,True,True,Both,Metabolism of Nucleotides,1.446713139422648e-11,REACTOME_METABOLISM_OF_NUCLEOTIDES,MM14607;M777,2.0,1.249e-11
METABOLISM_OF_PORPHYRINS,True,True,Both,Metabolism of Porphyrins,4.139996825792285e-06,REACTOME_METABOLISM_OF_PORPHYRINS,M1088;MM14719,2.0,0.0001526
METABOLISM_OF_PROTEINS,True,True,Both,Metabolism of Proteins,2.7239423243608944e-46,REACTOME_METABOLISM_OF_PROTEINS,MM15018,1.0,3.725e-19
METABOLISM_OF_RNA,True,True,Both,Metabolism of RNA,8.732713798225821e-61,REACTOME_METABOLISM_OF_RNA,MM15547;M16843,2.0,2.9699999999999996e-54
METABOLISM_OF_STEROIDS,True,True,Both,Metabolism of Steroids,1.1888803608934366e-08,REACTOME_METABOLISM_OF_STEROIDS,M27832;MM15553,2.0,7.558e-06
METABOLISM_OF_VITAMINS_AND_COFACTORS,True,True,Both,Metabolism of Vitamins and Cofactors,0.0001811225208593,REACTOME_METABOLISM_OF_VITAMINS_AND_COFACTORS,MM14772;M18311,2.0,0.01213
METALLOPROTEASE_DUBS,True,True,Both,Metalloprotease DUBs,0.0018990466155419,REACTOME_METALLOPROTEASE_DUBS,MM15291;M27580,2.0,0.001806
METHYLATION,True,False,Enrichr_only,Methylation,0.0351596179600824,,,,
MET_ACTIVATES_PI3K_AKT_SIGNALING,True,False,Enrichr_only,MET Activates PI3K AKT Signaling,0.0467173190355908,,,,
MHC_CLASS_II_ANTIGEN_PRESENTATION,True,True,Both,MHC Class II Antigen Presentation,1.2309066121186917e-08,REACTOME_MHC_CLASS_II_ANTIGEN_PRESENTATION,M705;MM14855,2.0,2.442e-06
MICROTUBULE_DEPENDENT_TRAFFICKING_OF_CONNEXONS_FROM_GOLGI_TO_THE_PLASMA_MEMBRANE,True,False,Enrichr_only,Microtubule-dependent Trafficking of Connexons From Golgi to the Plasma Membrane,4.321705337251807e-08,,,,
MITF_M_REGULATED_MELANOCYTE_DEVELOPMENT,True,True,Both,MITF-M-regulated Melanocyte Development,0.0097520561181369,REACTOME_MITF_M_REGULATED_MELANOCYTE_DEVELOPMENT,MM17226;M48232,2.0,0.01013
MITOCHONDRIAL_BIOGENESIS,True,True,Both,Mitochondrial Biogenesis,4.569977430514015e-05,REACTOME_MITOCHONDRIAL_BIOGENESIS,M26973;MM14608,2.0,0.001675
MITOCHONDRIAL_FATTY_ACID_BETA_OXIDATION_OF_UNSATURATED_FATTY_ACIDS,True,False,Enrichr_only,Mitochondrial Fatty Acid Beta-Oxidation of Unsaturated Fatty Acids,0.0467173190355908,,,,
MITOCHONDRIAL_IRON_SULFUR_CLUSTER_BIOGENESIS,True,False,Enrichr_only,Mitochondrial Iron-Sulfur Cluster Biogenesis,0.0228725908898279,,,,
MITOCHONDRIAL_PROTEIN_DEGRADATION,True,True,Both,Mitochondrial Protein Degradation,1.5469284394960205e-20,REACTOME_MITOCHONDRIAL_PROTEIN_DEGRADATION,M48249;MM17230,2.0,1.092e-16
MITOCHONDRIAL_PROTEIN_IMPORT,True,True,Both,Mitochondrial Protein Import,5.421538578679015e-32,REACTOME_MITOCHONDRIAL_PROTEIN_IMPORT,M590;MM14538,2.0,2.141e-27
MITOCHONDRIAL_TRANSLATION,True,True,Both,Mitochondrial Translation,9.260599138137265e-14,REACTOME_MITOCHONDRIAL_TRANSLATION,MM15189;M27446,2.0,3.572e-11
MITOCHONDRIAL_TRANSLATION_ELONGATION,True,False,Enrichr_only,Mitochondrial Translation Elongation,1.1886405961268722e-14,,,,
MITOCHONDRIAL_TRANSLATION_INITIATION,True,False,Enrichr_only,Mitochondrial Translation Initiation,1.5167447292362389e-12,,,,
MITOCHONDRIAL_TRANSLATION_TERMINATION,True,False,Enrichr_only,Mitochondrial Translation Termination,3.13455964942802e-13,,,,
MITOCHONDRIAL_UNFOLDED_PROTEIN_RESPONSE_UPRMT,True,True,Both,Mitochondrial Unfolded Protein Response (UPRmt),0.0152648783539231,REACTOME_MITOCHONDRIAL_UNFOLDED_PROTEIN_RESPONSE_UPRMT,M49154,1.0,0.04859
MITOPHAGY,True,True,Both,Mitophagy,2.698436591336909e-05,REACTOME_MITOPHAGY,M27418;MM15166,2.0,0.0001248
MITOTIC_ANAPHASE,True,False,Enrichr_only,Mitotic Anaphase,2.431657223835001e-22,,,,
MITOTIC_G1_PHASE_AND_G1_S_TRANSITION,True,False,Enrichr_only,Mitotic G1 Phase and G1 S Transition,0.0228725908898279,,,,
MITOTIC_G2_G2_M_PHASES,True,True,Both,Mitotic G2-G2 M Phases,1.3804123280916663e-26,REACTOME_MITOTIC_G2_G2_M_PHASES,M864;MM15145,2.0,5.143e-19
MITOTIC_METAPHASE_AND_ANAPHASE,True,True,Both,Mitotic Metaphase and Anaphase,3.8113350952165683e-22,REACTOME_MITOTIC_METAPHASE_AND_ANAPHASE,M27185;MM14898,2.0,2.943e-16
MITOTIC_PROMETAPHASE,True,True,Both,Mitotic Prometaphase,1.0729142695456914e-27,REACTOME_MITOTIC_PROMETAPHASE,M4217;MM15362,2.0,1.4930000000000002e-20
MITOTIC_PROPHASE,True,True,Both,Mitotic Prophase,3.093729543743467e-06,REACTOME_MITOTIC_PROPHASE,MM15361;M27660,2.0,0.0005614
MITOTIC_SPINDLE_CHECKPOINT,True,True,Both,Mitotic Spindle Checkpoint,1.4821364296250132e-09,REACTOME_MITOTIC_SPINDLE_CHECKPOINT,M27673;MM15387,2.0,7.862e-07
MLL4_AND_MLL3_COMPLEXES_REGULATE_EXPRESSION_OF_PPARG_TARGETS_IN_ADIPOGENESIS_AND_HEPATIC_STEATOSIS,True,False,Enrichr_only,MLL4 and MLL3 Complexes Regulate Expression of PPARG Targets in Adipogenesis and Hepatic Steatosis,0.0131659689399303,,,,
MODULATION_BY_MTB_OF_HOST_IMMUNE_SYSTEM,True,True,Both,Modulation by Mtb of Host Immune System,0.0348994733580659,REACTOME_MODULATION_BY_MTB_OF_HOST_IMMUNE_SYSTEM,M29822,1.0,0.004891
MRNA_3_END_PROCESSING,True,False,Enrichr_only,mRNA 3'-End Processing,4.701480138361721e-15,,,,
MRNA_ACTIVATION_UPON_BINDING_OF_THE_CAP_BINDING_COMPLEX_AND_EIFS_AND_SUBSEQUENT_BINDING_TO_43S,True,False,Enrichr_only,"mRNA Activation Upon Binding of the Cap-Binding Complex and eIFs, and Subsequent Binding to 43S",4.407482779613696e-05,,,,
MRNA_DECAY_BY_5_TO_3_EXORIBONUCLEASE,True,True,Both,mRNA Decay by 5' to 3' Exoribonuclease,0.003499470528908,REACTOME_MRNA_DECAY_BY_5_TO_3_EXORIBONUCLEASE,MM15092;M11063,2.0,0.00726
MRNA_SPLICING,True,True,Both,mRNA Splicing,5.778871455629e-101,REACTOME_MRNA_SPLICING,M14033;MM15411,2.0,6.855e-91
MRNA_SPLICING_MAJOR_PATHWAY,True,False,Enrichr_only,mRNA Splicing - Major Pathway,1.656626983222031e-104,,,,
MRNA_SPLICING_MINOR_PATHWAY,True,True,Both,mRNA Splicing - Minor Pathway,1.2067552532587456e-11,REACTOME_MRNA_SPLICING_MINOR_PATHWAY,M5583;MM15410,2.0,2.293e-10
MUCOPOLYSACCHARIDOSES,True,True,Both,Mucopolysaccharidoses,2.1512220193382386e-07,REACTOME_MUCOPOLYSACCHARIDOSES,M27160,1.0,1.61e-06
MULTIFUNCTIONAL_ANION_EXCHANGERS,True,True,Both,Multifunctional Anion Exchangers,0.0109898352572602,REACTOME_MULTIFUNCTIONAL_ANION_EXCHANGERS,M27344;MM15084,2.0,0.02821
MYD88_INDEPENDENT_TLR4_CASCADE,True,False,Enrichr_only,MyD88-independent TLR4 Cascade,0.0335241411362486,,,,
M_PHASE,True,True,Both,M Phase,8.458272222215564e-38,REACTOME_M_PHASE,MM15364;M27662,2.0,2.416e-24
NEGATIVE_FEEDBACK_REGULATION_OF_MAPK_PATHWAY,True,True,Both,Negative Feedback Regulation of MAPK Pathway,0.0003384681670899,REACTOME_NEGATIVE_FEEDBACK_REGULATION_OF_MAPK_PATHWAY,MM15273;M27559,2.0,0.001073
NEGATIVE_REGULATION_OF_MAPK_PATHWAY,True,True,Both,Negative Regulation of MAPK Pathway,0.0015830543656389,REACTOME_NEGATIVE_REGULATION_OF_MAPK_PATHWAY,M27560;MM15274,2.0,0.01328
NEGATIVE_REGULATION_OF_MET_ACTIVITY,True,False,Enrichr_only,Negative Regulation of MET Activity,0.0438710072786745,,,,
NEGATIVE_REGULATION_OF_NMDA_RECEPTOR_MEDIATED_NEURONAL_TRANSMISSION,True,False,Enrichr_only,Negative Regulation of NMDA Receptor-Mediated Neuronal Transmission,0.0150421555466797,,,,
NEGATIVE_REGULATION_OF_NOTCH4_SIGNALING,True,False,Enrichr_only,Negative Regulation of NOTCH4 Signaling,0.0311379828624739,,,,
NEGATIVE_REGULATION_OF_THE_PI3K_AKT_NETWORK,True,False,Enrichr_only,Negative Regulation of the PI3K AKT Network,0.0334379369553747,,,,
NEPHRIN_FAMILY_INTERACTIONS,True,True,Both,Nephrin Family Interactions,2.5426068890009464e-05,REACTOME_NEPHRIN_FAMILY_INTERACTIONS,M913,1.0,0.0002433
NEP_NS2_INTERACTS_WITH_THE_CELLULAR_EXPORT_MACHINERY,True,False,Enrichr_only,NEP NS2 Interacts With the Cellular Export Machinery,1.2809223743392034e-15,,,,
NERVOUS_SYSTEM_DEVELOPMENT,True,True,Both,Nervous System Development,2.074098754344565e-09,REACTOME_NERVOUS_SYSTEM_DEVELOPMENT,M29853;MM15676,2.0,7.365e-05
NEURONAL_SYSTEM,True,True,Both,Neuronal System,5.651877738775389e-08,REACTOME_NEURONAL_SYSTEM,M735;MM14503,2.0,0.0004094
NEUROTRANSMITTER_RECEPTORS_AND_POSTSYNAPTIC_SIGNAL_TRANSMISSION,True,True,Both,Neurotransmitter Receptors and Postsynaptic Signal Transmission,8.238355118874432e-19,REACTOME_NEUROTRANSMITTER_RECEPTORS_AND_POSTSYNAPTIC_SIGNAL_TRANSMISSION,M752;MM14501,2.0,1.04e-13
NEUTROPHIL_DEGRANULATION,True,False,Enrichr_only,Neutrophil Degranulation,8.029242723990423e-05,,,,
NFE2L2_REGULATES_PENTOSE_PHOSPHATE_PATHWAY_GENES,True,True,Both,NFE2L2 Regulates Pentose Phosphate Pathway Genes,1.8479284268036523e-05,REACTOME_NFE2L2_REGULATES_PENTOSE_PHOSPHATE_PATHWAY_GENES,M46443,1.0,8.216e-05
NFE2L2_REGULATING_ER_STRESS_ASSOCIATED_GENES,True,True,Both,NFE2L2 Regulating ER-stress Associated Genes,0.0208761429402771,REACTOME_NFE2L2_REGULATING_ER_STRESS_ASSOCIATED_GENES,M48023,1.0,0.04214
NFE2L2_REGULATING_INFLAMMATION_ASSOCIATED_GENES,True,True,Both,NFE2L2 Regulating Inflammation Associated Genes,0.0467173190355908,REACTOME_NFE2L2_REGULATING_INFLAMMATION_ASSOCIATED_GENES,M48020,1.0,0.04214
NF_KB_IS_ACTIVATED_AND_SIGNALS_SURVIVAL,True,False,Enrichr_only,NF-kB Is Activated and Signals Survival,0.0228725908898279,,,,
NGF_STIMULATED_TRANSCRIPTION,True,False,Enrichr_only,NGF-stimulated Transcription,0.0490931448592963,,,,
NITRIC_OXIDE_STIMULATES_GUANYLATE_CYCLASE,True,True,Both,Nitric Oxide Stimulates Guanylate Cyclase,0.0100115836852497,REACTOME_NITRIC_OXIDE_STIMULATES_GUANYLATE_CYCLASE,M915;MM15015,2.0,0.002564
NONSENSE_MEDIATED_DECAY_NMD,True,True,Both,Nonsense-Mediated Decay (NMD),0.0051982602251441,REACTOME_NONSENSE_MEDIATED_DECAY_NMD,MM15640;M27921,2.0,0.04295
NONSENSE_MEDIATED_DECAY_NMD_ENHANCED_BY_THE_EXON_JUNCTION_COMPLEX_EJC,True,False,Enrichr_only,Nonsense Mediated Decay (NMD) Enhanced by the Exon Junction Complex (EJC),0.0051982602251441,,,,
NONSENSE_MEDIATED_DECAY_NMD_INDEPENDENT_OF_THE_EXON_JUNCTION_COMPLEX_EJC,True,False,Enrichr_only,Nonsense Mediated Decay (NMD) Independent of the Exon Junction Complex (EJC),0.0257349157956148,,,,
NON_INTEGRIN_MEMBRANE_ECM_INTERACTIONS,True,True,Both,Non-integrin membrane-ECM Interactions,0.0075841453571869,REACTOME_NON_INTEGRIN_MEMBRANE_ECM_INTERACTIONS,M27218,1.0,0.03819
NOTCH1_INTRACELLULAR_DOMAIN_REGULATES_TRANSCRIPTION,True,True,Both,NOTCH1 Intracellular Domain Regulates Transcription,0.000107555025845,REACTOME_NOTCH1_INTRACELLULAR_DOMAIN_REGULATES_TRANSCRIPTION,M611,1.0,0.001701
NOTCH_HLH_TRANSCRIPTION_PATHWAY,True,True,Both,Notch-HLH Transcription Pathway,0.0019013047009472,REACTOME_NOTCH_HLH_TRANSCRIPTION_PATHWAY,M6177;MM14954,2.0,0.01137
NR1H2_AND_NR1H3_MEDIATED_SIGNALING,False,True,ToppFun_only,,,REACTOME_NR1H2_AND_NR1H3_MEDIATED_SIGNALING,MM15622,1.0,0.01684
NS1_MEDIATED_EFFECTS_ON_HOST_PATHWAYS,True,True,Both,NS1 Mediated Effects on Host Pathways,2.915380539434314e-19,REACTOME_NS1_MEDIATED_EFFECTS_ON_HOST_PATHWAYS,M29574,1.0,3.88e-17
NUCLEAR_ENVELOPE_BREAKDOWN,True,True,Both,Nuclear Envelope Breakdown,2.768651054807644e-15,REACTOME_NUCLEAR_ENVELOPE_BREAKDOWN,M27212;MM14917,2.0,1.651e-12
NUCLEAR_ENVELOPE_NE_REASSEMBLY,True,True,Both,Nuclear Envelope (NE) Reassembly,3.657703040695518e-19,REACTOME_NUCLEAR_ENVELOPE_NE_REASSEMBLY,M27215;MM14921,2.0,6.155e-16
NUCLEAR_EVENTS_MEDIATED_BY_NFE2L2,True,True,Both,Nuclear Events Mediated by NFE2L2,4.633543539535415e-05,REACTOME_NUCLEAR_EVENTS_MEDIATED_BY_NFE2L2,M45026,1.0,0.001452
NUCLEAR_IMPORT_OF_REV_PROTEIN,True,True,Both,Nuclear Import of Rev Protein,2.2747864017436653e-19,REACTOME_NUCLEAR_IMPORT_OF_REV_PROTEIN,M27041,1.0,9.708e-18
NUCLEAR_PORE_COMPLEX_NPC_DISASSEMBLY,True,True,Both,Nuclear Pore Complex (NPC) Disassembly,1.0817507517360546e-15,REACTOME_NUCLEAR_PORE_COMPLEX_NPC_DISASSEMBLY,M27245;MM14945,2.0,2.677e-13
NUCLEAR_RECEPTOR_TRANSCRIPTION_PATHWAY,True,True,Both,Nuclear Receptor Transcription Pathway,0.0002174496799894,REACTOME_NUCLEAR_RECEPTOR_TRANSCRIPTION_PATHWAY,M8276;MM14987,2.0,0.003392
NUCLEOTIDE_BIOSYNTHESIS,True,True,Both,Nucleotide Biosynthesis,3.0395652320999168e-05,REACTOME_NUCLEOTIDE_BIOSYNTHESIS,M27830;MM15551,2.0,1.069e-06
NUCLEOTIDE_CATABOLISM,True,True,Both,Nucleotide Catabolism,0.0002392601134433,REACTOME_NUCLEOTIDE_CATABOLISM,MM15550;M27829,2.0,0.0002183
NUCLEOTIDE_EXCISION_REPAIR,True,True,Both,Nucleotide Excision Repair,0.0048171440467136,REACTOME_NUCLEOTIDE_EXCISION_REPAIR,MM15304,1.0,0.04239
NUCLEOTIDE_SALVAGE,True,True,Both,Nucleotide Salvage,0.0100115836852497,REACTOME_NUCLEOTIDE_SALVAGE,M27831;MM15552,2.0,0.03823
N_GLYCAN_ANTENNAE_ELONGATION_IN_THE_MEDIAL_TRANS_GOLGI,True,False,Enrichr_only,N-glycan Antennae Elongation in the Medial trans-Golgi,0.0270556468348063,,,,
N_GLYCAN_TRIMMING_IN_THE_ER_AND_CALNEXIN_CALRETICULIN_CYCLE,True,True,Both,N-glycan Trimming in the ER and Calnexin Calreticulin Cycle,0.0026550612566931,REACTOME_N_GLYCAN_TRIMMING_IN_THE_ER_AND_CALNEXIN_CALRETICULIN_CYCLE,MM15175;M918,2.0,0.002986
ONCOGENIC_MAPK_SIGNALING,True,True,Both,Oncogenic MAPK Signaling,2.9418986875774747e-18,REACTOME_ONCOGENIC_MAPK_SIGNALING,M27626,1.0,7.631e-14
OPIOID_SIGNALLING,True,True,Both,Opioid Signalling,3.011502781919307e-29,REACTOME_OPIOID_SIGNALLING,M6467;MM14491,2.0,3.914e-24
OPSINS,True,True,Both,Opsins,4.102415589657916e-06,REACTOME_OPSINS,M6285;MM15063,2.0,2.176e-05
ORC1_REMOVAL_FROM_CHROMATIN,True,True,Both,Orc1 Removal From Chromatin,4.573418329885484e-05,REACTOME_ORC1_REMOVAL_FROM_CHROMATIN,MM15366;M4138,2.0,0.0007628
ORGANELLE_BIOGENESIS_AND_MAINTENANCE,True,True,Both,Organelle Biogenesis and Maintenance,1.7349841336801158e-81,REACTOME_ORGANELLE_BIOGENESIS_AND_MAINTENANCE,M27050;MM14708,2.0,4.241e-65
OXIDATIVE_STRESS_INDUCED_SENESCENCE,True,True,Both,Oxidative Stress Induced Senescence,0.0107200265357951,REACTOME_OXIDATIVE_STRESS_INDUCED_SENESCENCE,MM14899,1.0,0.02974
OXYGEN_DEPENDENT_PROLINE_HYDROXYLATION_OF_HYPOXIA_INDUCIBLE_FACTOR_ALPHA,True,False,Enrichr_only,Oxygen-dependent Proline Hydroxylation of Hypoxia-inducible Factor Alpha,0.0420364401736664,,,,
P75NTR_SIGNALS_VIA_NF_KB,True,False,Enrichr_only,p75NTR Signals via NF-kB,0.0231140609505467,,,,
P75_NTR_RECEPTOR_MEDIATED_SIGNALLING,True,True,Both,P75 NTR Receptor-Mediated Signalling,0.0059441106308955,REACTOME_P75_NTR_RECEPTOR_MEDIATED_SIGNALLING,MM14746,1.0,0.04859
PARADOXICAL_ACTIVATION_OF_RAF_SIGNALING_BY_KINASE_INACTIVE_BRAF,True,False,Enrichr_only,Paradoxical Activation of RAF Signaling by Kinase Inactive BRAF,1.3335088920328025e-08,,,,
PARASITIC_INFECTION_PATHWAYS,True,False,Enrichr_only,Parasitic Infection Pathways,3.291375594692609e-07,,,,
PCP_CE_PATHWAY,True,True,Both,PCP CE Pathway,1.0786219150096715e-06,REACTOME_PCP_CE_PATHWAY,M27322;MM15041,2.0,8.288e-05
PDH_COMPLEX_SYNTHESIZES_ACETYL_COA_FROM_PYR,True,True,Both,PDH Complex Synthesizes acetyl-CoA From PYR,0.0003384681670899,REACTOME_PDH_COMPLEX_SYNTHESIZES_ACETYL_COA_FROM_PYR,MM17245;M48273,2.0,0.001073
PENTOSE_PHOSPHATE_PATHWAY,True,True,Both,Pentose Phosphate Pathway,0.0006164515827177,REACTOME_PENTOSE_PHOSPHATE_PATHWAY,M27682;MM15404,2.0,0.002986
PEPTIDE_CHAIN_ELONGATION,True,False,Enrichr_only,Peptide Chain Elongation,0.0333286752367022,,,,
PEPTIDE_HORMONE_METABOLISM,True,True,Both,Peptide Hormone Metabolism,0.0005167945802918,REACTOME_PEPTIDE_HORMONE_METABOLISM,M27211;MM14916,2.0,0.01581
PERK_REGULATES_GENE_EXPRESSION,True,True,Both,PERK Regulates Gene Expression,0.0003619497507828,REACTOME_PERK_REGULATES_GENE_EXPRESSION,M792,1.0,0.002121
PEROXISOMAL_PROTEIN_IMPORT,True,False,Enrichr_only,Peroxisomal Protein Import,0.0083632715836926,,,,
PERVASIVE_DEVELOPMENTAL_DISORDERS,True,False,Enrichr_only,Pervasive Developmental Disorders,4.357354858148711e-07,,,,
PHASE_I_FUNCTIONALIZATION_OF_COMPOUNDS,True,True,Both,Phase I - Functionalization of Compounds,0.0001403681349932,REACTOME_PHASE_I_FUNCTIONALIZATION_OF_COMPOUNDS,M738;MM14842,2.0,0.004624
PHOSPHATE_BOND_HYDROLYSIS_BY_NTPDASE_PROTEINS,True,True,Both,Phosphate Bond Hydrolysis by NTPDase Proteins,0.004939564587831,REACTOME_PHOSPHATE_BOND_HYDROLYSIS_BY_NTPDASE_PROTEINS,M27737;MM15486,2.0,0.01331
PHOSPHORYLATION_OF_THE_APC_C,True,True,Both,Phosphorylation of the APC C,5.418009264648174e-10,REACTOME_PHOSPHORYLATION_OF_THE_APC_C,M1050;MM14690,2.0,1.261e-08
PHYSIOLOGICAL_FACTORS,True,True,Both,Physiological Factors,0.0092110353618113,REACTOME_PHYSIOLOGICAL_FACTORS,M27459;MM15201,2.0,0.02838
PI5P_REGULATES_TP53_ACETYLATION,False,True,ToppFun_only,,,REACTOME_PI5P_REGULATES_TP53_ACETYLATION,MM15357;M27655,2.0,0.02821
PINK1_PRKN_MEDIATED_MITOPHAGY,True,True,Both,PINK1-PRKN Mediated Mitophagy,1.998048530874471e-06,REACTOME_PINK1_PRKN_MEDIATED_MITOPHAGY,M27419;MM15167,2.0,7.707e-06
PIP3_ACTIVATES_AKT_SIGNALING,True,False,Enrichr_only,PIP3 Activates AKT Signaling,0.0015370421061725,,,,
PI_METABOLISM,True,True,Both,PI Metabolism,5.077971399979002e-05,REACTOME_PI_METABOLISM,M676;MM14590,2.0,0.0008693
PKA_ACTIVATION,True,False,Enrichr_only,PKA Activation,3.159886681313731e-10,,,,
PKA_ACTIVATION_IN_GLUCAGON_SIGNALLING,True,True,Both,PKA Activation in Glucagon Signalling,2.2695332343276303e-11,REACTOME_PKA_ACTIVATION_IN_GLUCAGON_SIGNALLING,M26995,1.0,5.721e-10
PKA_MEDIATED_PHOSPHORYLATION_OF_CREB,True,True,Both,PKA-mediated Phosphorylation of CREB,5.418009264648174e-10,REACTOME_PKA_MEDIATED_PHOSPHORYLATION_OF_CREB,MM14492;M759,2.0,2.118e-09
PKA_MEDIATED_PHOSPHORYLATION_OF_KEY_METABOLIC_FACTORS,True,True,Both,PKA-mediated Phosphorylation of Key Metabolic Factors,0.0208761429402771,REACTOME_PKA_MEDIATED_PHOSPHORYLATION_OF_KEY_METABOLIC_FACTORS,M26988,1.0,0.04214
PKR_MEDIATED_SIGNALING,True,True,Both,PKR-mediated Signaling,4.129424466551737e-05,REACTOME_PKR_MEDIATED_SIGNALING,M48037;MM17074,2.0,0.0005006
PLASMA_LIPOPROTEIN_ASSEMBLY_REMODELING_AND_CLEARANCE,True,False,Enrichr_only,"Plasma Lipoprotein Assembly, Remodeling, and Clearance",0.0103144422215875,,,,
PLASMA_LIPOPROTEIN_CLEARANCE,True,False,Enrichr_only,Plasma Lipoprotein Clearance,0.0136993405101899,,,,
PLATELET_ACTIVATION_SIGNALING_AND_AGGREGATION,True,True,Both,"Platelet Activation, Signaling and Aggregation",2.587330691939639e-07,REACTOME_PLATELET_ACTIVATION_SIGNALING_AND_AGGREGATION,M1077;MM15454,2.0,0.0003469
PLATELET_HOMEOSTASIS,True,True,Both,Platelet Homeostasis,0.0002844276605269,REACTOME_PLATELET_HOMEOSTASIS,MM15051;M916,2.0,0.001149
PLC_BETA_MEDIATED_EVENTS,True,False,Enrichr_only,PLC Beta Mediated Events,2.1961932849016325e-18,,,,
POSTMITOTIC_NUCLEAR_PORE_COMPLEX_NPC_REFORMATION,True,True,Both,Postmitotic Nuclear Pore Complex (NPC) Reformation,2.1796613184730023e-14,REACTOME_POSTMITOTIC_NUCLEAR_PORE_COMPLEX_NPC_REFORMATION,M29807;MM15658,2.0,2.254e-12
POST_CHAPERONIN_TUBULIN_FOLDING_PATHWAY,True,True,Both,Post-chaperonin Tubulin Folding Pathway,1.490246952750138e-07,REACTOME_POST_CHAPERONIN_TUBULIN_FOLDING_PATHWAY,M19135,1.0,8.037e-07
POST_NMDA_RECEPTOR_ACTIVATION_EVENTS,True,True,Both,Post NMDA Receptor Activation Events,6.319848150938452e-12,REACTOME_POST_NMDA_RECEPTOR_ACTIVATION_EVENTS,MM15103,1.0,0.01299
POST_TRANSLATIONAL_PROTEIN_MODIFICATION,True,True,Both,Post-translational Protein Modification,2.1269325206199444e-16,REACTOME_POST_TRANSLATIONAL_PROTEIN_MODIFICATION,M19806;MM15307,2.0,2.06e-05
PPARA_ACTIVATES_GENE_EXPRESSION,True,False,Enrichr_only,PPARA Activates Gene Expression,0.0004180271155273,,,,
PREFOLDIN_MEDIATED_TRANSFER_OF_SUBSTRATE_TO_CCT_TRIC,True,False,Enrichr_only,Prefoldin Mediated Transfer of Substrate to CCT TriC,2.2090909504458678e-10,,,,
PREGNENOLONE_BIOSYNTHESIS,True,True,Both,Pregnenolone Biosynthesis,0.0137975776666062,REACTOME_PREGNENOLONE_BIOSYNTHESIS,M27082;MM14758,2.0,0.03819
PRESYNAPTIC_FUNCTION_OF_KAINATE_RECEPTORS,True,True,Both,Presynaptic Function of Kainate Receptors,3.687918044085914e-12,REACTOME_PRESYNAPTIC_FUNCTION_OF_KAINATE_RECEPTORS,MM15159;M27409,2.0,1.493e-10
PREVENTION_OF_PHAGOSOMAL_LYSOSOMAL_FUSION,True,True,Both,Prevention of Phagosomal-Lysosomal Fusion,0.048054809199789,REACTOME_PREVENTION_OF_PHAGOSOMAL_LYSOSOMAL_FUSION,M29819,1.0,0.0004961
PROCESSING_AND_ACTIVATION_OF_SUMO,True,True,Both,Processing and Activation of SUMO,0.0208761429402771,REACTOME_PROCESSING_AND_ACTIVATION_OF_SUMO,MM14937,1.0,0.02177
PROCESSING_OF_CAPPED_INTRONLESS_PRE_MRNA,True,True,Both,Processing of Capped Intronless Pre-mRNA,8.466072274834683e-06,REACTOME_PROCESSING_OF_CAPPED_INTRONLESS_PRE_MRNA,M783;MM15444,2.0,0.0001198
PROCESSING_OF_CAPPED_INTRON_CONTAINING_PRE_MRNA,True,True,Both,Processing of Capped Intron-Containing Pre-mRNA,3.2562380929590493e-109,REACTOME_PROCESSING_OF_CAPPED_INTRON_CONTAINING_PRE_MRNA,M13087;MM15414,2.0,4.326e-95
PROCESSING_OF_INTRONLESS_PRE_MRNAS,True,True,Both,Processing of Intronless Pre-mRNAs,0.0005800847734888,REACTOME_PROCESSING_OF_INTRONLESS_PRE_MRNAS,MM15469;M497,2.0,0.003389
PROGRAMMED_CELL_DEATH,True,True,Both,Programmed Cell Death,2.8138303446723583e-05,REACTOME_PROGRAMMED_CELL_DEATH,MM15178;M27436,2.0,0.0006145
PROLACTIN_RECEPTOR_SIGNALING,False,True,ToppFun_only,,,REACTOME_PROLACTIN_RECEPTOR_SIGNALING,MM14516,1.0,0.003674
PROSTACYCLIN_SIGNALLING_THROUGH_PROSTACYCLIN_RECEPTOR,True,True,Both,Prostacyclin Signalling Through Prostacyclin Receptor,7.074617839241313e-11,REACTOME_PROSTACYCLIN_SIGNALLING_THROUGH_PROSTACYCLIN_RECEPTOR,M926;MM15021,2.0,1.863e-09
PROTEIN_FOLDING,True,True,Both,Protein Folding,2.3493191108896067e-21,REACTOME_PROTEIN_FOLDING,M776,1.0,2.007e-17
PROTEIN_LOCALIZATION,True,True,Both,Protein Localization,5.766631134539211e-20,REACTOME_PROTEIN_LOCALIZATION,M27932;MM15653,2.0,8.211e-15
PROTEIN_METHYLATION,True,False,Enrichr_only,Protein Methylation,0.0341740920193651,,,,
PTEN_REGULATION,True,True,Both,PTEN Regulation,0.000325576547788,REACTOME_PTEN_REGULATION,M27646,1.0,0.0006098
PTK6_REGULATES_RHO_GTPASES_RAS_GTPASE_AND_MAP_KINASES,True,True,Both,"PTK6 Regulates RHO GTPases, RAS GTPase and MAP Kinases",0.001796640671767,REACTOME_PTK6_REGULATES_RHO_GTPASES_RAS_GTPASE_AND_MAP_KINASES,M27734;MM15484,2.0,0.00726
PURINERGIC_SIGNALING_IN_LEISHMANIASIS_INFECTION,True,True,Both,Purinergic Signaling in Leishmaniasis Infection,0.0044373015844525,REACTOME_PURINERGIC_SIGNALING_IN_LEISHMANIASIS_INFECTION,M29838,1.0,0.01504
PURINE_CATABOLISM,True,True,Both,Purine Catabolism,0.0023169791597988,REACTOME_PURINE_CATABOLISM,MM15439;M842,2.0,0.004374
PURINE_RIBONUCLEOSIDE_MONOPHOSPHATE_BIOSYNTHESIS,True,True,Both,Purine Ribonucleoside Monophosphate Biosynthesis,0.0011606924660974,REACTOME_PURINE_RIBONUCLEOSIDE_MONOPHOSPHATE_BIOSYNTHESIS,MM15425;M2071,2.0,4.43e-05
PURINE_SALVAGE,True,True,Both,Purine Salvage,0.0001051016831697,REACTOME_PURINE_SALVAGE,M814;MM15438,2.0,0.0005614
PYROPTOSIS,True,True,Both,Pyroptosis,0.0044373015844525,REACTOME_PYROPTOSIS,MM15212;M41804,2.0,0.02034
PYRUVATE_METABOLISM,True,True,Both,Pyruvate Metabolism,0.000482767587943,REACTOME_PYRUVATE_METABOLISM,MM15393;M17157,2.0,0.00309
RAC1_GTPASE_CYCLE,True,True,Both,RAC1 GTPase Cycle,6.129338675040945e-05,REACTOME_RAC1_GTPASE_CYCLE,M41809;MM15599,2.0,0.007398
RAC2_GTPASE_CYCLE,True,True,Both,RAC2 GTPase Cycle,9.475548581473349e-08,REACTOME_RAC2_GTPASE_CYCLE,MM15600;M41810,2.0,9.62e-06
RAC3_GTPASE_CYCLE,True,True,Both,RAC3 GTPase Cycle,5.049276265475591e-05,REACTOME_RAC3_GTPASE_CYCLE,MM15609;M41818,2.0,0.001721
RAF_ACTIVATION,True,True,Both,RAF Activation,7.495438421775252e-06,REACTOME_RAF_ACTIVATION,MM15271;M27556,2.0,0.0002183
RAF_MAP_KINASE_CASCADE,True,False,Enrichr_only,RAF MAP Kinase Cascade,0.008606583057389,,,,
RAP1_SIGNALLING,True,False,Enrichr_only,Rap1 Signalling,0.0231140609505467,,,,
RAS_ACTIVATION_UPON_CA2_INFLUX_THROUGH_NMDA_RECEPTOR,True,True,Both,Ras Activation Upon Ca2+ Influx Through NMDA Receptor,0.0026428268876914,REACTOME_RAS_ACTIVATION_UPON_CA2_INFLUX_THROUGH_NMDA_RECEPTOR,M17670,1.0,0.01213
RAS_PROCESSING,True,True,Both,RAS Processing,5.1519595270293e-05,REACTOME_RAS_PROCESSING,M38995,1.0,0.00048
RA_BIOSYNTHESIS_PATHWAY,True,True,Both,RA Biosynthesis Pathway,8.377863273964073e-13,REACTOME_RA_BIOSYNTHESIS_PATHWAY,M27445;MM15188,2.0,4.3e-11
RECRUITMENT_OF_MITOTIC_CENTROSOME_PROTEINS_AND_COMPLEXES,True,True,Both,Recruitment of Mitotic Centrosome Proteins and Complexes,8.556130369260894e-35,REACTOME_RECRUITMENT_OF_MITOTIC_CENTROSOME_PROTEINS_AND_COMPLEXES,M748,1.0,2.755e-28
RECRUITMENT_OF_NUMA_TO_MITOTIC_CENTROSOMES,True,True,Both,Recruitment of NuMA to Mitotic Centrosomes,1.8259261021098605e-37,REACTOME_RECRUITMENT_OF_NUMA_TO_MITOTIC_CENTROSOMES,M6729;MM14979,2.0,6.318e-31
RECYCLING_PATHWAY_OF_L1,True,True,Both,Recycling Pathway of L1,4.54950609129644e-07,REACTOME_RECYCLING_PATHWAY_OF_L1,MM15102;M891,2.0,1.985e-06
REGULATED_NECROSIS,True,True,Both,Regulated Necrosis,0.002325756778344,REACTOME_REGULATED_NECROSIS,M41803;MM15169,2.0,0.007551
REGULATION_OF_APC_C_ACTIVATORS_BETWEEN_G1_S_AND_EARLY_ANAPHASE,True,True,Both,Regulation of APC C Activators Between G1 S and Early Anaphase,4.850773917034518e-07,REACTOME_REGULATION_OF_APC_C_ACTIVATORS_BETWEEN_G1_S_AND_EARLY_ANAPHASE,MM14689,1.0,1.145e-09
REGULATION_OF_BACH1_ACTIVITY,False,True,ToppFun_only,,,REACTOME_REGULATION_OF_BACH1_ACTIVITY,M41833;MM15686,2.0,0.02177
REGULATION_OF_BETA_CELL_DEVELOPMENT,True,True,Both,Regulation of Beta-Cell Development,0.0032523012913847,REACTOME_REGULATION_OF_BETA_CELL_DEVELOPMENT,M17541,1.0,0.02228
REGULATION_OF_CHOLESTEROL_BIOSYNTHESIS_BY_SREBP_SREBF,True,True,Both,Regulation of Cholesterol Biosynthesis by SREBP (SREBF),3.9148833770121204e-09,REACTOME_REGULATION_OF_CHOLESTEROL_BIOSYNTHESIS_BY_SREBP_SREBF,M27001;MM14639,2.0,2.204e-07
REGULATION_OF_EXPRESSION_OF_SLITS_AND_ROBOS,True,True,Both,Regulation of Expression of SLITs and ROBOs,0.0011746711327422,REACTOME_REGULATION_OF_EXPRESSION_OF_SLITS_AND_ROBOS,M27876;MM15593,2.0,0.02424
REGULATION_OF_FOXO_TRANSCRIPTIONAL_ACTIVITY_BY_ACETYLATION,True,False,Enrichr_only,Regulation of FOXO Transcriptional Activity by Acetylation,0.0208761429402771,,,,
REGULATION_OF_FZD_BY_UBIQUITINATION,True,False,Enrichr_only,Regulation of FZD by Ubiquitination,0.0438710072786745,,,,
REGULATION_OF_GENE_EXPRESSION_BY_HYPOXIA_INDUCIBLE_FACTOR,True,False,Enrichr_only,Regulation of Gene Expression by Hypoxia-inducible Factor,0.0348994733580659,,,,
REGULATION_OF_GENE_EXPRESSION_IN_BETA_CELLS,True,False,Enrichr_only,Regulation of Gene Expression in Beta Cells,0.0150421555466797,,,,
REGULATION_OF_GLUCOKINASE_BY_GLUCOKINASE_REGULATORY_PROTEIN,True,True,Both,Regulation of Glucokinase by Glucokinase Regulatory Protein,3.511939751869679e-21,REACTOME_REGULATION_OF_GLUCOKINASE_BY_GLUCOKINASE_REGULATORY_PROTEIN,M29579,1.0,1.875e-18
REGULATION_OF_GLYCOLYSIS_BY_FRUCTOSE_2_6_BISPHOSPHATE_METABOLISM,True,True,Both,"Regulation of Glycolysis by Fructose 2,6-Bisphosphate Metabolism",0.0137975776666062,REACTOME_REGULATION_OF_GLYCOLYSIS_BY_FRUCTOSE_2_6_BISPHOSPHATE_METABOLISM,M27950,1.0,0.03819
REGULATION_OF_HSF1_MEDIATED_HEAT_SHOCK_RESPONSE,True,True,Both,Regulation of HSF1-mediated Heat Shock Response,7.603769633334128e-12,REACTOME_REGULATION_OF_HSF1_MEDIATED_HEAT_SHOCK_RESPONSE,MM14948;M27250,2.0,2.626e-10
REGULATION_OF_IFNG_SIGNALING,True,True,Both,Regulation of IFNG Signaling,0.0351596179600824,REACTOME_REGULATION_OF_IFNG_SIGNALING,MM15474,1.0,0.02821
REGULATION_OF_INNATE_IMMUNE_RESPONSES_TO_CYTOSOLIC_DNA,True,True,Both,Regulation of Innate Immune Responses to Cytosolic DNA,0.0150722515048774,REACTOME_REGULATION_OF_INNATE_IMMUNE_RESPONSES_TO_CYTOSOLIC_DNA,MM14931;M27229,2.0,0.01684
REGULATION_OF_INSULIN_SECRETION,True,True,Both,Regulation of Insulin Secretion,1.0124810496723195e-14,REACTOME_REGULATION_OF_INSULIN_SECRETION,M1921;MM15071,2.0,1.485e-11
REGULATION_OF_LIPID_METABOLISM_BY_PPARALPHA,True,True,Both,Regulation of Lipid Metabolism by PPARalpha,0.0001371936863032,REACTOME_REGULATION_OF_LIPID_METABOLISM_BY_PPARALPHA,M27316,1.0,0.005474
REGULATION_OF_LOCALIZATION_OF_FOXO_TRANSCRIPTION_FACTORS,True,True,Both,Regulation of Localization of FOXO Transcription Factors,0.0137975776666062,REACTOME_REGULATION_OF_LOCALIZATION_OF_FOXO_TRANSCRIPTION_FACTORS,M27939;MM15657,2.0,0.03819
REGULATION_OF_MECP2_EXPRESSION_AND_ACTIVITY,True,True,Both,Regulation of MECP2 Expression and Activity,3.329101583301603e-07,REACTOME_REGULATION_OF_MECP2_EXPRESSION_AND_ACTIVITY,M27900,1.0,7.707e-06
REGULATION_OF_MITF_M_DEPENDENT_GENES_INVOLVED_IN_DNA_REPLICATION_DAMAGE_REPAIR_AND_SENESCENCE,False,True,ToppFun_only,,,REACTOME_REGULATION_OF_MITF_M_DEPENDENT_GENES_INVOLVED_IN_DNA_REPLICATION_DAMAGE_REPAIR_AND_SENESCENCE,M49153,1.0,0.01465
REGULATION_OF_MITOTIC_CELL_CYCLE,True,False,Enrichr_only,Regulation of Mitotic Cell Cycle,2.206797124164675e-07,,,,
REGULATION_OF_MRNA_STABILITY_BY_PROTEINS_THAT_BIND_AU_RICH_ELEMENTS,True,True,Both,Regulation of mRNA Stability by Proteins That Bind AU-rich Elements,0.0231140609505467,REACTOME_REGULATION_OF_MRNA_STABILITY_BY_PROTEINS_THAT_BIND_AU_RICH_ELEMENTS,MM15140,1.0,0.04214
REGULATION_OF_NFE2L2_GENE_EXPRESSION,True,False,Enrichr_only,Regulation of NFE2L2 Gene Expression,0.0313721210176034,,,,
REGULATION_OF_PLK1_ACTIVITY_AT_G2_M_TRANSITION,True,True,Both,Regulation of PLK1 Activity at G2 M Transition,9.429534839125254e-30,REACTOME_REGULATION_OF_PLK1_ACTIVITY_AT_G2_M_TRANSITION,M27194;MM14906,2.0,1.157e-23
REGULATION_OF_PTEN_GENE_TRANSCRIPTION,True,True,Both,Regulation of PTEN Gene Transcription,4.407482779613696e-05,REACTOME_REGULATION_OF_PTEN_GENE_TRANSCRIPTION,M27811,1.0,0.001091
REGULATION_OF_PTEN_LOCALIZATION,True,True,Both,Regulation of PTEN Localization,0.0001158085025075,REACTOME_REGULATION_OF_PTEN_LOCALIZATION,M27814;MM15539,2.0,0.0004961
REGULATION_OF_PTEN_STABILITY_AND_ACTIVITY,True,False,Enrichr_only,Regulation of PTEN Stability and Activity,0.0086317960334099,,,,
REGULATION_OF_PYRUVATE_DEHYDROGENASE_PDH_COMPLEX,True,True,Both,Regulation of Pyruvate Dehydrogenase (PDH) Complex,0.0150722515048774,REACTOME_REGULATION_OF_PYRUVATE_DEHYDROGENASE_PDH_COMPLEX,MM14820;M716,2.0,0.0442
REGULATION_OF_PYRUVATE_METABOLISM,True,True,Both,Regulation of Pyruvate Metabolism,0.0012808326935694,REACTOME_REGULATION_OF_PYRUVATE_METABOLISM,MM17246;M48274,2.0,0.009112
REGULATION_OF_RAS_BY_GAPS,True,False,Enrichr_only,Regulation of RAS by GAPs,0.0311122167904842,,,,
REGULATION_OF_RUNX3_EXPRESSION_AND_ACTIVITY,True,False,Enrichr_only,Regulation of RUNX3 Expression and Activity,0.0175628505339746,,,,
REGULATION_OF_SIGNALING_BY_CBL,True,True,Both,Regulation of Signaling by CBL,0.0017517146531649,REACTOME_REGULATION_OF_SIGNALING_BY_CBL,MM15633;M903,2.0,0.005625
REGULATION_OF_TBK1_IKK_IKBKE_MEDIATED_ACTIVATION_OF_IRF3_IRF7,True,True,Both,"Regulation of TBK1, IKKε (IKBKE)-mediated Activation of IRF3, IRF7",0.001796640671767,REACTOME_REGULATION_OF_TBK1_IKK_IKBKE_MEDIATED_ACTIVATION_OF_IRF3_IRF7,M48239;MM17228,2.0,0.00726
REGULATION_OF_TBK1_IKK_MEDIATED_ACTIVATION_OF_IRF3_IRF7_UPON_TLR3_LIGATION,True,True,Both,"Regulation of TBK1, IKKε-mediated Activation of IRF3, IRF7 Upon TLR3 Ligation",0.0011606924660974,REACTOME_REGULATION_OF_TBK1_IKK_MEDIATED_ACTIVATION_OF_IRF3_IRF7_UPON_TLR3_LIGATION,M48241,1.0,0.004344
REGULATION_OF_TNFR1_SIGNALING,True,False,Enrichr_only,Regulation of TNFR1 Signaling,0.0478026401045331,,,,
REGULATION_OF_TP53_ACTIVITY,True,False,Enrichr_only,Regulation of TP53 Activity,0.0245299688926833,,,,
REGULATION_OF_TP53_ACTIVITY_THROUGH_ACETYLATION,True,True,Both,Regulation of TP53 Activity Through Acetylation,0.0043054420059438,REACTOME_REGULATION_OF_TP53_ACTIVITY_THROUGH_ACETYLATION,M27637;MM15340,2.0,0.008564
REGULATION_OF_TP53_ACTIVITY_THROUGH_ASSOCIATION_WITH_CO_FACTORS,True,False,Enrichr_only,Regulation of TP53 Activity Through Association With Co-factors,0.0351596179600824,,,,
REGULATION_OF_TP53_ACTIVITY_THROUGH_METHYLATION,True,True,Both,Regulation of TP53 Activity Through Methylation,0.0226598747017253,REACTOME_REGULATION_OF_TP53_ACTIVITY_THROUGH_METHYLATION,MM15342,1.0,0.04859
REGULATION_OF_TP53_DEGRADATION,True,False,Enrichr_only,Regulation of TP53 Degradation,0.0103301142679054,,,,
REGULATION_OF_TP53_EXPRESSION_AND_DEGRADATION,True,True,Both,Regulation of TP53 Expression and Degradation,0.0051982602251441,REACTOME_REGULATION_OF_TP53_EXPRESSION_AND_DEGRADATION,M27641,1.0,0.02974
RESOLUTION_OF_SISTER_CHROMATID_COHESION,True,True,Both,Resolution of Sister Chromatid Cohesion,4.036243380786311e-09,REACTOME_RESOLUTION_OF_SISTER_CHROMATID_COHESION,M27181;MM14894,2.0,1.349e-06
RESPIRATORY_ELECTRON_TRANSPORT,True,True,Both,Respiratory Electron Transport,2.317889873486497e-16,REACTOME_RESPIRATORY_ELECTRON_TRANSPORT,M893;MM15309,2.0,1.019e-11
RESPONSE_OF_EIF2AK1_HRI_TO_HEME_DEFICIENCY,True,True,Both,Response of EIF2AK1 (HRI) to Heme Deficiency,0.0150722515048774,REACTOME_RESPONSE_OF_EIF2AK1_HRI_TO_HEME_DEFICIENCY,M29832,1.0,0.0442
RESPONSE_OF_EIF2AK4_GCN2_TO_AMINO_ACID_DEFICIENCY,True,True,Both,Response of EIF2AK4 (GCN2) to Amino Acid Deficiency,0.0017001416977665,REACTOME_RESPONSE_OF_EIF2AK4_GCN2_TO_AMINO_ACID_DEFICIENCY,M29813,1.0,0.01784
RESPONSE_OF_ENDOTHELIAL_CELLS_TO_SHEAR_STRESS,True,False,Enrichr_only,Response of Endothelial Cells to Shear Stress,4.1525412339440455e-14,,,,
RESPONSE_OF_MTB_TO_PHAGOCYTOSIS,True,True,Both,Response of Mtb to Phagocytosis,0.0224399244396908,REACTOME_RESPONSE_OF_MTB_TO_PHAGOCYTOSIS,M29824,1.0,0.0002433
RETINOID_CYCLE_DISEASE_EVENTS,True,True,Both,Retinoid Cycle Disease Events,4.357354858148711e-07,REACTOME_RETINOID_CYCLE_DISEASE_EVENTS,M29612,1.0,3.732e-06
RET_SIGNALING,True,False,Enrichr_only,RET Signaling,0.0348994733580659,,,,
REV_MEDIATED_NUCLEAR_EXPORT_OF_HIV_RNA,True,False,Enrichr_only,Rev-mediated Nuclear Export of HIV RNA,9.869608559983393e-22,,,,
RHOA_GTPASE_CYCLE,True,False,Enrichr_only,RHOA GTPase Cycle,0.0111534282487863,,,,
RHOBTB1_GTPASE_CYCLE,True,True,Both,RHOBTB1 GTPase Cycle,0.0006964869461893,REACTOME_RHOBTB1_GTPASE_CYCLE,M41817;MM15608,2.0,0.004316
RHOBTB2_GTPASE_CYCLE,True,True,Both,RHOBTB2 GTPase Cycle,2.5426068890009464e-05,REACTOME_RHOBTB2_GTPASE_CYCLE,M41723;MM15606,2.0,0.0002433
RHOBTB_GTPASE_CYCLE,True,True,Both,RHOBTB GTPase Cycle,6.129338675040945e-05,REACTOME_RHOBTB_GTPASE_CYCLE,M41738;MM15683,2.0,0.0007705
RHOB_GTPASE_CYCLE,True,True,Both,RHOB GTPase Cycle,0.0006994143408802,REACTOME_RHOB_GTPASE_CYCLE,MM15596;M41806,2.0,0.008977
RHOC_GTPASE_CYCLE,True,True,Both,RHOC GTPase Cycle,4.822036085940938e-05,REACTOME_RHOC_GTPASE_CYCLE,M41807;MM15597,2.0,0.001518
RHOD_GTPASE_CYCLE,True,True,Both,RHOD GTPase Cycle,1.2067552532587456e-11,REACTOME_RHOD_GTPASE_CYCLE,M41811;MM15601,2.0,2.438e-09
RHOF_GTPASE_CYCLE,True,True,Both,RHOF GTPase Cycle,5.863186314985157e-18,REACTOME_RHOF_GTPASE_CYCLE,M41821;MM15630,2.0,3.594e-15
RHOG_GTPASE_CYCLE,True,True,Both,RHOG GTPase Cycle,5.411793231156119e-06,REACTOME_RHOG_GTPASE_CYCLE,MM15604;M41814,2.0,0.0001005
RHOH_GTPASE_CYCLE,True,True,Both,RHOH GTPase Cycle,4.634140327360977e-19,REACTOME_RHOH_GTPASE_CYCLE,M41813;MM15603,2.0,8.753e-18
RHOJ_GTPASE_CYCLE,True,True,Both,RHOJ GTPase Cycle,1.1724670002758072e-20,REACTOME_RHOJ_GTPASE_CYCLE,M41815,1.0,2.569e-18
RHOQ_GTPASE_CYCLE,True,True,Both,RHOQ GTPase Cycle,1.7596695665043706e-17,REACTOME_RHOQ_GTPASE_CYCLE,M41812;MM15602,2.0,2.504e-14
RHOU_GTPASE_CYCLE,True,True,Both,RHOU GTPase Cycle,1.3188127975052613e-08,REACTOME_RHOU_GTPASE_CYCLE,M41816;MM15607,2.0,6.297e-07
RHOV_GTPASE_CYCLE,True,True,Both,RHOV GTPase Cycle,4.082893311650355e-05,REACTOME_RHOV_GTPASE_CYCLE,M41819;MM15610,2.0,0.0005739
RHO_GTPASES_ACTIVATE_CIT,True,True,Both,RHO GTPases Activate CIT,0.0003070577993305,REACTOME_RHO_GTPASES_ACTIVATE_CIT,MM15217;M27489,2.0,0.0002992
RHO_GTPASES_ACTIVATE_FORMINS,True,True,Both,RHO GTPases Activate Formins,3.13455964942802e-13,REACTOME_RHO_GTPASES_ACTIVATE_FORMINS,M27550;MM15266,2.0,8.035e-10
RHO_GTPASES_ACTIVATE_IQGAPS,True,True,Both,RHO GTPases Activate IQGAPs,2.12583546947321e-09,REACTOME_RHO_GTPASES_ACTIVATE_IQGAPS,MM15219;M27491,2.0,9.003e-10
RHO_GTPASES_ACTIVATE_KTN1,True,True,Both,RHO GTPases Activate KTN1,0.000117488834026,REACTOME_RHO_GTPASES_ACTIVATE_KTN1,MM15218;M27490,2.0,0.0005614
RHO_GTPASES_ACTIVATE_PAKS,True,True,Both,RHO GTPases Activate PAKs,0.0010544240486185,REACTOME_RHO_GTPASES_ACTIVATE_PAKS,MM15222;M27494,2.0,0.001117
RHO_GTPASES_ACTIVATE_PKNS,True,True,Both,RHO GTPases Activate PKNs,0.0283542825317515,REACTOME_RHO_GTPASES_ACTIVATE_PKNS,MM15216,1.0,0.004316
RHO_GTPASES_ACTIVATE_ROCKS,True,True,Both,RHO GTPases Activate ROCKs,0.0015532223404834,REACTOME_RHO_GTPASES_ACTIVATE_ROCKS,MM15221;M27493,2.0,0.00378
RHO_GTPASE_CYCLE,True,True,Both,RHO GTPase Cycle,2.6740656310199192e-20,REACTOME_RHO_GTPASE_CYCLE,M27078;MM15595,2.0,7.319e-13
RHO_GTPASE_EFFECTORS,True,True,Both,RHO GTPase Effectors,1.1557322647339004e-14,REACTOME_RHO_GTPASE_EFFECTORS,MM14755;M27080,2.0,1.986e-10
RIBAVIRIN_ADME,True,True,Both,Ribavirin ADME,0.0075155299688926,REACTOME_RIBAVIRIN_ADME,MM16638;M46429,2.0,0.009112
RIBOSOMAL_SCANNING_AND_START_CODON_RECOGNITION,True,False,Enrichr_only,Ribosomal Scanning and Start Codon Recognition,9.2963188326717e-05,,,,
RNA_POLYMERASE_II_PRE_TRANSCRIPTION_EVENTS,True,False,Enrichr_only,RNA Polymerase II Pre-transcription Events,0.0279504816299163,,,,
RNA_POLYMERASE_II_TRANSCRIPTION,True,False,Enrichr_only,RNA Polymerase II Transcription,2.063063494011925e-06,,,,
RNA_POLYMERASE_II_TRANSCRIPTION_TERMINATION,True,True,Both,RNA Polymerase II Transcription Termination,6.87540927229138e-17,REACTOME_RNA_POLYMERASE_II_TRANSCRIPTION_TERMINATION,M27694;MM15426,2.0,1.149e-13
RND1_GTPASE_CYCLE,True,False,Enrichr_only,RND1 GTPase Cycle,0.0430698496720821,,,,
RND2_GTPASE_CYCLE,True,False,Enrichr_only,RND2 GTPase Cycle,0.024800233553597,,,,
ROBO_RECEPTORS_BIND_AKAP5,True,True,Both,ROBO Receptors Bind AKAP5,0.0109898352572602,REACTOME_ROBO_RECEPTORS_BIND_AKAP5,M27877,1.0,0.02821
RRNA_MODIFICATION_IN_THE_NUCLEUS_AND_CYTOSOL,True,True,Both,rRNA Modification in the Nucleus and Cytosol,0.0016127542085772,REACTOME_RRNA_MODIFICATION_IN_THE_NUCLEUS_AND_CYTOSOL,M27613,1.0,0.004499
RRNA_PROCESSING,True,True,Both,rRNA Processing,6.303857339317493e-05,REACTOME_RRNA_PROCESSING,M27685,1.0,0.003165
RRNA_PROCESSING_IN_THE_NUCLEUS_AND_CYTOSOL,True,False,Enrichr_only,rRNA Processing in the Nucleus and Cytosol,3.1997921307073016e-05,,,,
RUNX1_INTERACTS_WITH_CO_FACTORS_WHOSE_PRECISE_EFFECT_ON_RUNX1_TARGETS_IS_NOT_KNOWN,True,True,Both,RUNX1 Interacts With Co-Factors Whose Precise Effect on RUNX1 Targets Is Not Known,0.0051982602251441,REACTOME_RUNX1_INTERACTS_WITH_CO_FACTORS_WHOSE_PRECISE_EFFECT_ON_RUNX1_TARGETS_IS_NOT_KNOWN,MM15531;M27797,2.0,0.0127
RUNX2_REGULATES_BONE_DEVELOPMENT,True,False,Enrichr_only,RUNX2 Regulates Bone Development,0.0165721904474855,,,,
RUNX3_REGULATES_P14_ARF,True,False,Enrichr_only,RUNX3 Regulates p14-ARF,0.0208761429402771,,,,
SARS_COV_1_ACTIVATES_MODULATES_INNATE_IMMUNE_RESPONSES,True,True,Both,SARS-CoV-1 Activates Modulates Innate Immune Responses,0.0053969532662868,REACTOME_SARS_COV_1_ACTIVATES_MODULATES_INNATE_IMMUNE_RESPONSES,M46425,1.0,0.001028
SARS_COV_1_HOST_INTERACTIONS,True,True,Both,SARS-CoV-1-host Interactions,2.2715861993090893e-08,REACTOME_SARS_COV_1_HOST_INTERACTIONS,M46424,1.0,1.298e-07
SARS_COV_1_INFECTION,True,True,Both,SARS-CoV-1 Infection,2.884502971135246e-09,REACTOME_SARS_COV_1_INFECTION,M39006,1.0,1.307e-07
SARS_COV_1_MODULATES_HOST_TRANSLATION_MACHINERY,True,True,Both,SARS-CoV-1 Modulates Host Translation Machinery,0.0063421474398227,REACTOME_SARS_COV_1_MODULATES_HOST_TRANSLATION_MACHINERY,M46427,1.0,0.01302
SARS_COV_1_TARGETS_HOST_INTRACELLULAR_SIGNALLING_AND_REGULATORY_PATHWAYS,True,True,Both,SARS-CoV-1 Targets Host Intracellular Signalling and Regulatory Pathways,0.0015532223404834,REACTOME_SARS_COV_1_TARGETS_HOST_INTRACELLULAR_SIGNALLING_AND_REGULATORY_PATHWAYS,M46428,1.0,0.00116
SARS_COV_2_ACTIVATES_MODULATES_INNATE_AND_ADAPTIVE_IMMUNE_RESPONSES,True,True,Both,SARS-CoV-2 Activates Modulates Innate and Adaptive Immune Responses,7.297905753063234e-08,REACTOME_SARS_COV_2_ACTIVATES_MODULATES_INNATE_AND_ADAPTIVE_IMMUNE_RESPONSES,M45009,1.0,9.905e-07
SARS_COV_2_HOST_INTERACTIONS,True,True,Both,SARS-CoV-2-host Interactions,2.405773872917514e-16,REACTOME_SARS_COV_2_HOST_INTERACTIONS,M45011,1.0,5.766e-13
SARS_COV_2_INFECTION,True,True,Both,SARS-CoV-2 Infection,2.8069631237547498e-18,REACTOME_SARS_COV_2_INFECTION,M41727,1.0,7.492e-13
SARS_COV_2_MODULATES_HOST_TRANSLATION_MACHINERY,True,True,Both,SARS-CoV-2 Modulates Host Translation Machinery,0.0001428678926927,REACTOME_SARS_COV_2_MODULATES_HOST_TRANSLATION_MACHINERY,M45019,1.0,0.0006737
SARS_COV_2_TARGETS_HOST_INTRACELLULAR_SIGNALLING_AND_REGULATORY_PATHWAYS,True,True,Both,SARS-CoV-2 Targets Host Intracellular Signalling and Regulatory Pathways,0.0006164515827177,REACTOME_SARS_COV_2_TARGETS_HOST_INTRACELLULAR_SIGNALLING_AND_REGULATORY_PATHWAYS,M45022,1.0,0.000183
SARS_COV_2_TARGETS_PDZ_PROTEINS_IN_CELL_CELL_JUNCTION,True,True,Both,SARS-CoV-2 Targets PDZ Proteins in Cell-Cell Junction,0.0060447135597466,REACTOME_SARS_COV_2_TARGETS_PDZ_PROTEINS_IN_CELL_CELL_JUNCTION,M45010,1.0,0.04214
SARS_COV_INFECTIONS,True,True,Both,SARS-CoV Infections,3.2432315499615473e-16,REACTOME_SARS_COV_INFECTIONS,M39009,1.0,7.875e-11
SCF_BETA_TRCP_MEDIATED_DEGRADATION_OF_EMI1,False,True,ToppFun_only,,,REACTOME_SCF_BETA_TRCP_MEDIATED_DEGRADATION_OF_EMI1,MM14676,1.0,0.004856
SEALING_OF_THE_NUCLEAR_ENVELOPE_NE_BY_ESCRT_III,True,True,Both,Sealing of the Nuclear Envelope (NE) by ESCRT-III,2.12583546947321e-09,REACTOME_SEALING_OF_THE_NUCLEAR_ENVELOPE_NE_BY_ESCRT_III,MM15674;M29848,2.0,8.872e-09
SELECTIVE_AUTOPHAGY,True,True,Both,Selective Autophagy,3.2791900099346105e-15,REACTOME_SELECTIVE_AUTOPHAGY,M29841;MM15672,2.0,7.735e-13
SELENOAMINO_ACID_METABOLISM,True,False,Enrichr_only,Selenoamino Acid Metabolism,0.0069664485621398,,,,
SEMA3A_PAK_DEPENDENT_AXON_REPULSION,True,True,Both,Sema3A PAK Dependent Axon Repulsion,0.0060447135597466,REACTOME_SEMA3A_PAK_DEPENDENT_AXON_REPULSION,M16498;MM15029,2.0,0.02146
SEMA4D_INDUCED_CELL_MIGRATION_AND_GROWTH_CONE_COLLAPSE,True,True,Both,Sema4D Induced Cell Migration and Growth-Cone Collapse,0.0026428268876914,REACTOME_SEMA4D_INDUCED_CELL_MIGRATION_AND_GROWTH_CONE_COLLAPSE,MM15046;M18415,2.0,0.004344
SEMA4D_IN_SEMAPHORIN_SIGNALING,True,True,Both,Sema4D in Semaphorin Signaling,0.0044729147614126,REACTOME_SEMA4D_IN_SEMAPHORIN_SIGNALING,MM15037;M2243,2.0,0.01299
SEMAPHORIN_INTERACTIONS,True,True,Both,Semaphorin Interactions,0.0001193089469496,REACTOME_SEMAPHORIN_INTERACTIONS,M7923;MM14967,2.0,0.002613
SENESCENCE_ASSOCIATED_SECRETORY_PHENOTYPE_SASP,True,True,Both,Senescence-Associated Secretory Phenotype (SASP),2.032710222935837e-05,REACTOME_SENESCENCE_ASSOCIATED_SECRETORY_PHENOTYPE_SASP,MM14900;M27187,2.0,3.114e-06
SENSORY_PERCEPTION,False,True,ToppFun_only,,,REACTOME_SENSORY_PERCEPTION,MM15687,1.0,0.0002977
SENSORY_PROCESSING_OF_SOUND,True,True,Both,Sensory Processing of Sound,2.4726372230803804e-09,REACTOME_SENSORY_PROCESSING_OF_SOUND,M41822,1.0,1.48e-07
SENSORY_PROCESSING_OF_SOUND_BY_INNER_HAIR_CELLS_OF_THE_COCHLEA,True,False,Enrichr_only,Sensory Processing of Sound by Inner Hair Cells of the Cochlea,5.349197166728323e-08,,,,
SENSORY_PROCESSING_OF_SOUND_BY_OUTER_HAIR_CELLS_OF_THE_COCHLEA,True,True,Both,Sensory Processing of Sound by Outer Hair Cells of the Cochlea,9.550067527853364e-07,REACTOME_SENSORY_PROCESSING_OF_SOUND_BY_OUTER_HAIR_CELLS_OF_THE_COCHLEA,M41823,1.0,1.265e-05
SEPARATION_OF_SISTER_CHROMATIDS,True,True,Both,Separation of Sister Chromatids,4.850339027267956e-15,REACTOME_SEPARATION_OF_SISTER_CHROMATIDS,M29614;MM14890,2.0,7.228e-11
SHOC2_M1731_MUTANT_ABOLISHES_MRAS_COMPLEX_FUNCTION,True,False,Enrichr_only,SHOC2 M1731 Mutant Abolishes MRAS Complex Function,0.004939564587831,,,,
SIGNALING_BY_ALK,True,True,Both,Signaling by ALK,8.08097556927254e-05,REACTOME_SIGNALING_BY_ALK,M42517;MM14790,2.0,0.0008488
SIGNALING_BY_ALK_FUSIONS_AND_ACTIVATED_POINT_MUTANTS,True,False,Enrichr_only,Signaling by ALK Fusions and Activated Point Mutants,6.068427139232883e-08,,,,
SIGNALING_BY_ALK_IN_CANCER,True,True,Both,Signaling by ALK in Cancer,6.068427139232883e-08,REACTOME_SIGNALING_BY_ALK_IN_CANCER,M42521,1.0,1.085e-05
SIGNALING_BY_BRAF_AND_RAF1_FUSIONS,True,True,Both,Signaling by BRAF and RAF1 Fusions,9.886480479358856e-21,REACTOME_SIGNALING_BY_BRAF_AND_RAF1_FUSIONS,M38994,1.0,4.047e-17
SIGNALING_BY_CSF1_M_CSF_IN_MYELOID_CELLS,True,True,Both,Signaling by CSF1 (M-CSF) in Myeloid Cells,0.0001352810890961,REACTOME_SIGNALING_BY_CSF1_M_CSF_IN_MYELOID_CELLS,M46423,1.0,0.001385
SIGNALING_BY_CSF3_G_CSF,True,True,Both,Signaling by CSF3 (G-CSF),0.0043054420059438,REACTOME_SIGNALING_BY_CSF3_G_CSF,MM15675;M41825,2.0,0.009112
SIGNALING_BY_CYTOSOLIC_FGFR1_FUSION_MUTANTS,True,True,Both,Signaling by Cytosolic FGFR1 Fusion Mutants,0.0152648783539231,REACTOME_SIGNALING_BY_CYTOSOLIC_FGFR1_FUSION_MUTANTS,M673,1.0,0.04859
SIGNALING_BY_EGFR,True,True,Both,Signaling by EGFR,5.689009751974685e-06,REACTOME_SIGNALING_BY_EGFR,M27039;MM14695,2.0,0.000176
SIGNALING_BY_EGFRVIII_IN_CANCER,True,False,Enrichr_only,Signaling by EGFRvIII in Cancer,8.489136298306621e-05,,,,
SIGNALING_BY_EGFR_IN_CANCER,True,True,Both,Signaling by EGFR in Cancer,9.873341012223902e-05,REACTOME_SIGNALING_BY_EGFR_IN_CANCER,M563,1.0,0.0008606
SIGNALING_BY_ERBB2,True,True,Both,Signaling by ERBB2,5.432966503234283e-06,REACTOME_SIGNALING_BY_ERBB2,M553;MM14520,2.0,0.0001557
SIGNALING_BY_ERBB2_ECD_MUTANTS,True,True,Both,Signaling by ERBB2 ECD Mutants,2.5620163676152827e-05,REACTOME_SIGNALING_BY_ERBB2_ECD_MUTANTS,M29847,1.0,0.0001823
SIGNALING_BY_ERBB2_IN_CANCER,True,True,Both,Signaling by ERBB2 in Cancer,0.0095972087041962,REACTOME_SIGNALING_BY_ERBB2_IN_CANCER,M29535,1.0,0.0394
SIGNALING_BY_ERBB2_KD_MUTANTS,True,False,Enrichr_only,Signaling by ERBB2 KD Mutants,0.0065345915227309,,,,
SIGNALING_BY_ERBB4,True,True,Both,Signaling by ERBB4,0.0003955748773835,REACTOME_SIGNALING_BY_ERBB4,M544,1.0,0.005816
SIGNALING_BY_ERYTHROPOIETIN,True,True,Both,Signaling by Erythropoietin,0.0004621779181337,REACTOME_SIGNALING_BY_ERYTHROPOIETIN,M27865,1.0,0.003258
SIGNALING_BY_FGFR,True,True,Both,Signaling by FGFR,0.0015671180938166,REACTOME_SIGNALING_BY_FGFR,M1090,1.0,0.01876
SIGNALING_BY_FGFR1,True,False,Enrichr_only,Signaling by FGFR1,0.0076564156625113,,,,
SIGNALING_BY_FGFR1_IN_DISEASE,True,True,Both,Signaling by FGFR1 in Disease,0.0025241115268769,REACTOME_SIGNALING_BY_FGFR1_IN_DISEASE,M27536,1.0,0.01725
SIGNALING_BY_FGFR2,True,True,Both,Signaling by FGFR2,0.0010544240486185,REACTOME_SIGNALING_BY_FGFR2,M27531,1.0,0.01068
SIGNALING_BY_FGFR3,True,True,Both,Signaling by FGFR3,0.0016904579959141,REACTOME_SIGNALING_BY_FGFR3,M27532;MM15257,2.0,0.01321
SIGNALING_BY_FGFR4,True,True,Both,Signaling by FGFR4,0.0063421474398227,REACTOME_SIGNALING_BY_FGFR4,M27533,1.0,0.038
SIGNALING_BY_FGFR4_IN_DISEASE,True,True,Both,Signaling by FGFR4 in Disease,0.000117488834026,REACTOME_SIGNALING_BY_FGFR4_IN_DISEASE,M27535,1.0,0.0005614
SIGNALING_BY_FGFR_IN_DISEASE,True,False,Enrichr_only,Signaling by FGFR in Disease,0.0171960985286601,,,,
SIGNALING_BY_GPCR,True,True,Both,Signaling by GPCR,3.0885080350361508e-24,REACTOME_SIGNALING_BY_GPCR,M746;MM14962,2.0,3.422e-14
SIGNALING_BY_HEDGEHOG,True,True,Both,Signaling by Hedgehog,2.483365658597057e-22,REACTOME_SIGNALING_BY_HEDGEHOG,M27440;MM15182,2.0,1.41e-17
SIGNALING_BY_HIGH_KINASE_ACTIVITY_BRAF_MUTANTS,True,False,Enrichr_only,Signaling by High-Kinase Activity BRAF Mutants,5.045611781624652e-06,,,,
SIGNALING_BY_INTERLEUKINS,True,False,Enrichr_only,Signaling by Interleukins,0.0001593406894223,,,,
SIGNALING_BY_KIT_IN_DISEASE,True,True,Both,Signaling by KIT in Disease,1.753053569866669e-06,REACTOME_SIGNALING_BY_KIT_IN_DISEASE,M39002,1.0,2.045e-05
SIGNALING_BY_LEPTIN,True,False,Enrichr_only,Signaling by Leptin,0.0348994733580659,,,,
SIGNALING_BY_LIGAND_RESPONSIVE_EGFR_VARIANTS_IN_CANCER,True,False,Enrichr_only,Signaling by Ligand-Responsive EGFR Variants in Cancer,5.815244501051547e-07,,,,
SIGNALING_BY_LTK,True,True,Both,Signaling by LTK,0.0137975776666062,REACTOME_SIGNALING_BY_LTK,MM17235;M48256,2.0,0.02177
SIGNALING_BY_LTK_IN_CANCER,True,True,Both,Signaling by LTK in Cancer,0.0016594077673935,REACTOME_SIGNALING_BY_LTK_IN_CANCER,M48255,1.0,0.004891
SIGNALING_BY_MET,True,False,Enrichr_only,Signaling by MET,0.0054234267194834,,,,
SIGNALING_BY_MODERATE_KINASE_ACTIVITY_BRAF_MUTANTS,True,True,Both,Signaling by Moderate Kinase Activity BRAF Mutants,1.3335088920328025e-08,REACTOME_SIGNALING_BY_MODERATE_KINASE_ACTIVITY_BRAF_MUTANTS,M27623,1.0,3.477e-06
SIGNALING_BY_MRAS_COMPLEX_MUTANTS,True,True,Both,Signaling by MRAS-complex Mutants,0.004939564587831,REACTOME_SIGNALING_BY_MRAS_COMPLEX_MUTANTS,M38999,1.0,0.01331
SIGNALING_BY_NON_RECEPTOR_TYROSINE_KINASES,True,False,Enrichr_only,Signaling by Non-Receptor Tyrosine Kinases,0.0001428678926927,,,,
SIGNALING_BY_NOTCH1,True,True,Both,Signaling by NOTCH1,0.0041894212431831,REACTOME_SIGNALING_BY_NOTCH1,M616,1.0,0.04214
SIGNALING_BY_NOTCH1_HD_PEST_DOMAIN_MUTANTS_IN_CANCER,True,False,Enrichr_only,Signaling by NOTCH1 HD+PEST Domain Mutants in Cancer,0.0010544240486185,,,,
SIGNALING_BY_NOTCH1_IN_CANCER,True,False,Enrichr_only,Signaling by NOTCH1 in Cancer,0.0010544240486185,,,,
SIGNALING_BY_NOTCH1_PEST_DOMAIN_MUTANTS_IN_CANCER,True,True,Both,Signaling by NOTCH1 PEST Domain Mutants in Cancer,0.0010544240486185,REACTOME_SIGNALING_BY_NOTCH1_PEST_DOMAIN_MUTANTS_IN_CANCER,M29616,1.0,0.01247
SIGNALING_BY_NTRK1_TRKA,True,True,Both,Signaling by NTRK1 (TRKA),0.0002763951858619,REACTOME_SIGNALING_BY_NTRK1_TRKA,MM14714,1.0,0.03539
SIGNALING_BY_NTRK2_TRKB,True,True,Both,Signaling by NTRK2 (TRKB),0.0004621779181337,REACTOME_SIGNALING_BY_NTRK2_TRKB,M27864;MM15583,2.0,0.003258
SIGNALING_BY_NTRK3_TRKC,True,True,Both,Signaling by NTRK3 (TRKC),0.0004378171188192,REACTOME_SIGNALING_BY_NTRK3_TRKC,M27918,1.0,0.002352
SIGNALING_BY_NTRKS,True,True,Both,Signaling by NTRKs,0.0001571611621466,REACTOME_SIGNALING_BY_NTRKS,MM14652;M3574,2.0,0.008422
SIGNALING_BY_NUCLEAR_RECEPTORS,True,True,Both,Signaling by Nuclear Receptors,5.452498666525628e-19,REACTOME_SIGNALING_BY_NUCLEAR_RECEPTORS,MM15586;M27869,2.0,4.093e-16
SIGNALING_BY_PDGFRA_EXTRACELLULAR_DOMAIN_MUTANTS,True,False,Enrichr_only,Signaling by PDGFRA Extracellular Domain Mutants,1.7568445473546012e-06,,,,
SIGNALING_BY_PDGFRA_TRANSMEMBRANE_JUXTAMEMBRANE_AND_KINASE_DOMAIN_MUTANTS,True,True,Both,"Signaling by PDGFRA Transmembrane, Juxtamembrane and Kinase Domain Mutants",1.7568445473546012e-06,REACTOME_SIGNALING_BY_PDGFRA_TRANSMEMBRANE_JUXTAMEMBRANE_AND_KINASE_DOMAIN_MUTANTS,M29851,1.0,1.296e-05
SIGNALING_BY_PDGFR_IN_DISEASE,True,True,Both,Signaling by PDGFR in Disease,0.0001051016831697,REACTOME_SIGNALING_BY_PDGFR_IN_DISEASE,M29849,1.0,0.0007618
SIGNALING_BY_PHOSPHORYLATED_JUXTAMEMBRANE_EXTRACELLULAR_AND_KINASE_DOMAIN_KIT_MUTANTS,True,False,Enrichr_only,"Signaling by Phosphorylated Juxtamembrane, Extracellular and Kinase Domain KIT Mutants",1.753053569866669e-06,,,,
SIGNALING_BY_PTK6,True,True,Both,Signaling by PTK6,0.0001428678926927,REACTOME_SIGNALING_BY_PTK6,MM15479;M29742,2.0,0.001701
SIGNALING_BY_RAF1_MUTANTS,True,False,Enrichr_only,Signaling by RAF1 Mutants,2.731130109639985e-08,,,,
SIGNALING_BY_RAS_MUTANTS,True,False,Enrichr_only,Signaling by RAS Mutants,1.3335088920328025e-08,,,,
SIGNALING_BY_RECEPTOR_TYROSINE_KINASES,True,True,Both,Signaling by Receptor Tyrosine Kinases,5.884407864349895e-06,REACTOME_SIGNALING_BY_RECEPTOR_TYROSINE_KINASES,M27870,1.0,0.01213
SIGNALING_BY_RETINOIC_ACID,True,True,Both,Signaling by Retinoic Acid,3.8897367270058965e-16,REACTOME_SIGNALING_BY_RETINOIC_ACID,M27443;MM15186,2.0,1.439e-13
SIGNALING_BY_RHO_GTPASES,True,False,Enrichr_only,Signaling by Rho GTPases,1.369437517262771e-29,,,,
SIGNALING_BY_RHO_GTPASES_MIRO_GTPASES_AND_RHOBTB3,True,True,Both,"Signaling by Rho GTPases, Miro GTPases and RHOBTB3",1.7060055506053834e-28,REACTOME_SIGNALING_BY_RHO_GTPASES_MIRO_GTPASES_AND_RHOBTB3,MM15690;M41838,2.0,3.401e-17
SIGNALING_BY_ROBO_RECEPTORS,True,True,Both,Signaling by ROBO Receptors,1.4812341668475565e-08,REACTOME_SIGNALING_BY_ROBO_RECEPTORS,M2780;MM14974,2.0,9.816e-06
SIGNALING_BY_SCF_KIT,True,True,Both,Signaling by SCF-KIT,0.0044373015844525,REACTOME_SIGNALING_BY_SCF_KIT,M508,1.0,0.02874
SIGNALING_BY_TGFB_FAMILY_MEMBERS,True,True,Both,Signaling by TGFB Family Members,0.0023408576190453,REACTOME_SIGNALING_BY_TGFB_FAMILY_MEMBERS,M27871,1.0,0.04467
SIGNALING_BY_TGF_BETA_RECEPTOR_COMPLEX,True,True,Both,Signaling by TGF-beta Receptor Complex,2.930263217956543e-07,REACTOME_SIGNALING_BY_TGF_BETA_RECEPTOR_COMPLEX,M1041;MM14670,2.0,1.517e-05
SIGNALING_BY_TGF_BETA_RECEPTOR_COMPLEX_IN_CANCER,True,False,Enrichr_only,Signaling by TGF-beta Receptor Complex in Cancer,0.0313721210176034,,,,
SIGNALING_BY_VEGF,True,True,Both,Signaling by VEGF,2.30272321625376e-05,REACTOME_SIGNALING_BY_VEGF,M27077;MM14752,2.0,0.0004727
SIGNALING_BY_WNT,True,True,Both,Signaling by WNT,1.631375860962686e-11,REACTOME_SIGNALING_BY_WNT,MM14756;M7847,2.0,2.383e-09
SIGNALING_DOWNSTREAM_OF_RAS_MUTANTS,True,False,Enrichr_only,Signaling Downstream of RAS Mutants,1.3335088920328025e-08,,,,
SIGNAL_AMPLIFICATION,True,True,Both,Signal Amplification,1.3936513880328494e-16,REACTOME_SIGNAL_AMPLIFICATION,MM15020;M9379,2.0,3.366e-14
SIGNAL_TRANSDUCTION,True,False,Enrichr_only,Signal Transduction,1.1394741290562122e-53,,,,
SIGNAL_TRANSDUCTION_BY_L1,True,False,Enrichr_only,Signal Transduction by L1,0.0438710072786745,,,,
SLBP_DEPENDENT_PROCESSING_OF_REPLICATION_DEPENDENT_HISTONE_PRE_MRNAS,True,True,Both,SLBP Dependent Processing of Replication-Dependent Histone Pre-mRNAs,0.0011606924660974,REACTOME_SLBP_DEPENDENT_PROCESSING_OF_REPLICATION_DEPENDENT_HISTONE_PRE_MRNAS,MM15468;M732,2.0,0.004344
SLBP_INDEPENDENT_PROCESSING_OF_HISTONE_PRE_MRNAS,True,False,Enrichr_only,SLBP Independent Processing of Histone Pre-mRNAs,0.0004240572479565,,,,
SLC_MEDIATED_TRANSMEMBRANE_TRANSPORT,True,True,Both,SLC-mediated Transmembrane Transport,0.0015813486376351,REACTOME_SLC_MEDIATED_TRANSMEMBRANE_TRANSPORT,MM15076,1.0,0.02424
SLC_TRANSPORTER_DISORDERS,True,True,Both,SLC Transporter Disorders,9.788961725650808e-17,REACTOME_SLC_TRANSPORTER_DISORDERS,M27474,1.0,5.54e-13
SNRNP_ASSEMBLY,True,True,Both,snRNP Assembly,7.204975227121684e-18,REACTOME_SNRNP_ASSEMBLY,M29594;MM14736,2.0,8.735e-15
SODIUM_PROTON_EXCHANGERS,True,True,Both,Sodium Proton Exchangers,0.0014710475622617,REACTOME_SODIUM_PROTON_EXCHANGERS,M27337;MM15079,2.0,0.004856
SOS_MEDIATED_SIGNALLING,True,True,Both,SOS-mediated Signalling,0.0154187215199708,REACTOME_SOS_MEDIATED_SIGNALLING,M19489,1.0,0.0358
SPHINGOLIPID_CATABOLISM,True,True,Both,Sphingolipid Catabolism,0.0137975776666062,REACTOME_SPHINGOLIPID_CATABOLISM,MM17238;M48264,2.0,0.03819
SPRY_REGULATION_OF_FGF_SIGNALING,True,True,Both,Spry Regulation of FGF Signaling,0.0060447135597466,REACTOME_SPRY_REGULATION_OF_FGF_SIGNALING,M514;MM14541,2.0,0.02146
SRP_DEPENDENT_COTRANSLATIONAL_PROTEIN_TARGETING_TO_MEMBRANE,True,True,Both,SRP-dependent Cotranslational Protein Targeting to Membrane,0.0044969982548569,REACTOME_SRP_DEPENDENT_COTRANSLATIONAL_PROTEIN_TARGETING_TO_MEMBRANE,M567,1.0,0.03351
STABILIZATION_OF_P53,True,False,Enrichr_only,Stabilization of P53,0.0311379828624739,,,,
STAT3_NUCLEAR_EVENTS_DOWNSTREAM_OF_ALK_SIGNALING,True,True,Both,STAT3 Nuclear Events Downstream of ALK Signaling,0.000117488834026,REACTOME_STAT3_NUCLEAR_EVENTS_DOWNSTREAM_OF_ALK_SIGNALING,M42523,1.0,0.0005614
SUMOYLATION,True,True,Both,SUMOylation,1.0700039706046622e-25,REACTOME_SUMOYLATION,M27214;MM14919,2.0,3.49e-17
SUMOYLATION_OF_CHROMATIN_ORGANIZATION_PROTEINS,True,True,Both,SUMOylation of Chromatin Organization Proteins,1.2669703364431551e-27,REACTOME_SUMOYLATION_OF_CHROMATIN_ORGANIZATION_PROTEINS,MM15147;M27394,2.0,4.991e-18
SUMOYLATION_OF_DNA_DAMAGE_RESPONSE_AND_REPAIR_PROTEINS,True,True,Both,SUMOylation of DNA Damage Response and Repair Proteins,3.736448547638672e-21,REACTOME_SUMOYLATION_OF_DNA_DAMAGE_RESPONSE_AND_REPAIR_PROTEINS,M27226;MM14929,2.0,3.401e-17
SUMOYLATION_OF_DNA_METHYLATION_PROTEINS,True,True,Both,SUMOylation of DNA Methylation Proteins,2.2520749524384634e-06,REACTOME_SUMOYLATION_OF_DNA_METHYLATION_PROTEINS,M27403,1.0,2.057e-05
SUMOYLATION_OF_DNA_REPLICATION_PROTEINS,True,True,Both,SUMOylation of DNA Replication Proteins,7.518758324780479e-18,REACTOME_SUMOYLATION_OF_DNA_REPLICATION_PROTEINS,M27397;MM15151,2.0,5.932e-15
SUMOYLATION_OF_IMMUNE_RESPONSE_PROTEINS,True,True,Both,SUMOylation of Immune Response Proteins,0.0025882261761826,REACTOME_SUMOYLATION_OF_IMMUNE_RESPONSE_PROTEINS,MM15157;M27404,2.0,0.001573
SUMOYLATION_OF_INTRACELLULAR_RECEPTORS,True,True,Both,SUMOylation of Intracellular Receptors,0.0012808326935694,REACTOME_SUMOYLATION_OF_INTRACELLULAR_RECEPTORS,M27323;MM15042,2.0,0.008564
SUMOYLATION_OF_RNA_BINDING_PROTEINS,True,True,Both,SUMOylation of RNA Binding Proteins,4.502818773280851e-31,REACTOME_SUMOYLATION_OF_RNA_BINDING_PROTEINS,M27395;MM15149,2.0,3.019e-27
SUMOYLATION_OF_SUMOYLATION_PROTEINS,True,True,Both,SUMOylation of SUMOylation Proteins,3.923635378344835e-23,REACTOME_SUMOYLATION_OF_SUMOYLATION_PROTEINS,M27320;MM15039,2.0,3.5780000000000005e-20
SUMOYLATION_OF_TRANSCRIPTION_COFACTORS,True,True,Both,SUMOylation of Transcription Cofactors,1.899980768071419e-12,REACTOME_SUMOYLATION_OF_TRANSCRIPTION_COFACTORS,M27295;MM15000,2.0,3.291e-10
SUMOYLATION_OF_TRANSCRIPTION_FACTORS,True,True,Both,SUMOylation of Transcription Factors,0.0001051016831697,REACTOME_SUMOYLATION_OF_TRANSCRIPTION_FACTORS,M27237;MM14938,2.0,0.0007618
SUMOYLATION_OF_UBIQUITINYLATION_PROTEINS,True,True,Both,SUMOylation of Ubiquitinylation Proteins,1.1033776399264452e-23,REACTOME_SUMOYLATION_OF_UBIQUITINYLATION_PROTEINS,M27238;MM14939,2.0,1.618e-20
SUMO_E3_LIGASES_SUMOYLATE_TARGET_PROTEINS,True,False,Enrichr_only,SUMO E3 Ligases SUMOylate Target Proteins,3.499465953423789e-25,,,,
SUMO_IS_CONJUGATED_TO_E1_UBA2_SAE1,True,True,Both,SUMO Is Conjugated to E1 (UBA2 SAE1),0.0208761429402771,REACTOME_SUMO_IS_CONJUGATED_TO_E1_UBA2_SAE1,M27223,1.0,0.04214
SUMO_IS_TRANSFERRED_FROM_E1_TO_E2_UBE2I_UBC9,True,True,Both,"SUMO Is Transferred From E1 to E2 (UBE2I, UBC9)",0.0154187215199708,REACTOME_SUMO_IS_TRANSFERRED_FROM_E1_TO_E2_UBE2I_UBC9,M27224;MM14927,2.0,0.0358
SUPPRESSION_OF_PHAGOSOMAL_MATURATION,False,True,ToppFun_only,,,REACTOME_SUPPRESSION_OF_PHAGOSOMAL_MATURATION,M29823,1.0,0.003674
SWITCHING_OF_ORIGINS_TO_A_POST_REPLICATIVE_STATE,True,True,Both,Switching of Origins to a Post-Replicative State,1.676407514049965e-11,REACTOME_SWITCHING_OF_ORIGINS_TO_A_POST_REPLICATIVE_STATE,MM15371;M27666,2.0,4.892e-09
SYNTHESIS_AND_PROCESSING_OF_GAG_GAGPOL_POLYPROTEINS,True,False,Enrichr_only,"Synthesis And Processing Of GAG, GAGPOL Polyproteins",2.457947822056093e-08,,,,
SYNTHESIS_OF_ACTIVE_UBIQUITIN_ROLES_OF_E1_AND_E2_ENZYMES,True,True,Both,Synthesis of Active Ubiquitin Roles of E1 and E2 Enzymes,0.0012808326935694,REACTOME_SYNTHESIS_OF_ACTIVE_UBIQUITIN_ROLES_OF_E1_AND_E2_ENZYMES,M27762;MM15507,2.0,0.008564
SYNTHESIS_OF_DNA,True,True,Both,Synthesis of DNA,1.2506547720834251e-06,REACTOME_SYNTHESIS_OF_DNA,M5224,1.0,0.0001654
SYNTHESIS_OF_DOLICHYL_PHOSPHATE,True,True,Both,Synthesis of Dolichyl-phosphate,0.0003384681670899,REACTOME_SYNTHESIS_OF_DOLICHYL_PHOSPHATE,MM15119;M27373,2.0,0.001073
SYNTHESIS_OF_GDP_MANNOSE,True,True,Both,Synthesis of GDP-mannose,0.0003384681670899,REACTOME_SYNTHESIS_OF_GDP_MANNOSE,MM17218;M27374,2.0,0.001073
SYNTHESIS_OF_IP2_IP_AND_INS_IN_THE_CYTOSOL,True,True,Both,"Synthesis of IP2, IP, and Ins in the Cytosol",0.001796640671767,REACTOME_SYNTHESIS_OF_IP2_IP_AND_INS_IN_THE_CYTOSOL,MM14710;M27052,2.0,0.001573
SYNTHESIS_OF_IP3_AND_IP4_IN_THE_CYTOSOL,True,True,Both,Synthesis of IP3 and IP4 in the Cytosol,8.396573721520188e-07,REACTOME_SYNTHESIS_OF_IP3_AND_IP4_IN_THE_CYTOSOL,MM14711;M27053,2.0,1.879e-06
SYNTHESIS_OF_KETONE_BODIES,True,False,Enrichr_only,Synthesis of Ketone Bodies,0.0313721210176034,,,,
SYNTHESIS_OF_PIPS_AT_THE_EARLY_ENDOSOME_MEMBRANE,True,False,Enrichr_only,Synthesis of PIPs at the Early Endosome Membrane,0.0231140609505467,,,,
SYNTHESIS_OF_PIPS_AT_THE_GOLGI_MEMBRANE,True,True,Both,Synthesis of PIPs at the Golgi Membrane,0.0152648783539231,REACTOME_SYNTHESIS_OF_PIPS_AT_THE_GOLGI_MEMBRANE,M645;MM14642,2.0,0.04859
SYNTHESIS_OF_PIPS_AT_THE_PLASMA_MEMBRANE,True,True,Both,Synthesis of PIPs at the Plasma Membrane,5.689009751974685e-06,REACTOME_SYNTHESIS_OF_PIPS_AT_THE_PLASMA_MEMBRANE,MM14641;M662,2.0,4.802e-05
SYNTHESIS_OF_SUBSTRATES_IN_N_GLYCAN_BIOSYTHESIS,True,True,Both,Synthesis of Substrates in N-glycan Biosythesis,0.0020666023447733,REACTOME_SYNTHESIS_OF_SUBSTRATES_IN_N_GLYCAN_BIOSYTHESIS,M892,1.0,0.02779
SYNTHESIS_OF_UDP_N_ACETYL_GLUCOSAMINE,True,False,Enrichr_only,Synthesis of UDP-N-acetyl-glucosamine,0.0313721210176034,,,,
S_PHASE,True,True,Both,S Phase,3.380969022222408e-07,REACTOME_S_PHASE,MM15378;M3158,2.0,3.016e-05
TBC_RABGAPS,True,False,Enrichr_only,TBC RABGAPs,0.0375416401232217,,,,
TCF_DEPENDENT_SIGNALING_IN_RESPONSE_TO_WNT,True,True,Both,TCF Dependent Signaling in Response to WNT,0.0067337381626311,REACTOME_TCF_DEPENDENT_SIGNALING_IN_RESPONSE_TO_WNT,MM14791,1.0,0.04131
TCR_SIGNALING,True,False,Enrichr_only,TCR Signaling,0.0299309103314957,,,,
TETRAHYDROBIOPTERIN_BH4_SYNTHESIS_RECYCLING_SALVAGE_AND_REGULATION,True,False,Enrichr_only,"Tetrahydrobiopterin (BH4) Synthesis, Recycling, Salvage and Regulation",0.0208761429402771,,,,
TGFBR3_REGULATES_TGF_BETA_SIGNALING,True,True,Both,TGFBR3 Regulates TGF-beta Signaling,0.004939564587831,REACTOME_TGFBR3_REGULATES_TGF_BETA_SIGNALING,MM17233;M48252,2.0,0.01331
TGF_BETA_RECEPTOR_SIGNALING_ACTIVATES_SMADS,True,True,Both,TGF-beta Receptor Signaling Activates SMADs,0.0019898291125303,REACTOME_TGF_BETA_RECEPTOR_SIGNALING_ACTIVATES_SMADS,M646,1.0,0.007707
TGF_BETA_RECEPTOR_SIGNALING_IN_EMT_EPITHELIAL_TO_MESENCHYMAL_TRANSITION,True,True,Both,TGF-beta Receptor Signaling in EMT (Epithelial to Mesenchymal Transition),1.0850803128261595e-10,REACTOME_TGF_BETA_RECEPTOR_SIGNALING_IN_EMT_EPITHELIAL_TO_MESENCHYMAL_TRANSITION,M627;MM14875,2.0,2.118e-09
THE_CANONICAL_RETINOID_CYCLE_IN_RODS_TWILIGHT_VISION,True,True,Both,The Canonical Retinoid Cycle in Rods (Twilight Vision),8.377863273964073e-13,REACTOME_THE_CANONICAL_RETINOID_CYCLE_IN_RODS_TWILIGHT_VISION,MM14888;M27174,2.0,1.155e-11
THE_NLRP3_INFLAMMASOME,True,False,Enrichr_only,The NLRP3 Inflammasome,0.0341740920193651,,,,
THE_PHOTOTRANSDUCTION_CASCADE,True,True,Both,The Phototransduction Cascade,9.442937111063351e-19,REACTOME_THE_PHOTOTRANSDUCTION_CASCADE,M27183;MM14896,2.0,3.806e-16
THE_RETINOID_CYCLE_IN_CONES_DAYLIGHT_VISION,True,True,Both,The Retinoid Cycle in Cones (Daylight Vision),8.024636660988727e-05,REACTOME_THE_RETINOID_CYCLE_IN_CONES_DAYLIGHT_VISION,M27157;MM14880,2.0,0.0002992
THE_ROLE_OF_GTSE1_IN_G2_M_PROGRESSION_AFTER_G2_CHECKPOINT,True,True,Both,The Role of GTSE1 in G2 M Progression After G2 Checkpoint,1.7122108185646283e-06,REACTOME_THE_ROLE_OF_GTSE1_IN_G2_M_PROGRESSION_AFTER_G2_CHECKPOINT,M27743;MM15491,2.0,4.45e-05
THROMBIN_SIGNALLING_THROUGH_PROTEINASE_ACTIVATED_RECEPTORS_PARS,True,True,Both,Thrombin Signalling Through Proteinase Activated Receptors (PARs),1.279670352588356e-14,REACTOME_THROMBIN_SIGNALLING_THROUGH_PROTEINASE_ACTIVATED_RECEPTORS_PARS,M861;MM15148,2.0,2.017e-12
THROMBOXANE_SIGNALLING_THROUGH_TP_RECEPTOR,True,True,Both,Thromboxane Signalling Through TP Receptor,5.75441996858499e-16,REACTOME_THROMBOXANE_SIGNALLING_THROUGH_TP_RECEPTOR,MM15088;M18308,2.0,6.088e-14
TICAM1_DEPENDENT_ACTIVATION_OF_IRF3_IRF7,True,True,Both,TICAM1-dependent Activation of IRF3 IRF7,0.0051666664165554,REACTOME_TICAM1_DEPENDENT_ACTIVATION_OF_IRF3_IRF7,M27884,1.0,0.01684
TIE2_SIGNALING,True,True,Both,Tie2 Signaling,0.004100996638595,REACTOME_TIE2_SIGNALING,M11932;MM14836,2.0,0.016
TOLL_LIKE_RECEPTOR_3_TLR3_CASCADE,True,False,Enrichr_only,Toll Like Receptor 3 (TLR3) Cascade,0.0335241411362486,,,,
TOLL_LIKE_RECEPTOR_4_TLR4_CASCADE,True,False,Enrichr_only,Toll Like Receptor 4 (TLR4) Cascade,0.0252201428718944,,,,
TP53_REGULATES_METABOLIC_GENES,True,True,Both,TP53 Regulates Metabolic Genes,0.0002186854887322,REACTOME_TP53_REGULATES_METABOLIC_GENES,MM15223;M27495,2.0,0.002564
TRAFFICKING_OF_AMPA_RECEPTORS,True,True,Both,Trafficking of AMPA Receptors,0.0005431845879733,REACTOME_TRAFFICKING_OF_AMPA_RECEPTORS,M7223;MM15028,2.0,0.004357
TRAFFICKING_OF_GLUR2_CONTAINING_AMPA_RECEPTORS,True,False,Enrichr_only,Trafficking of GluR2-containing AMPA Receptors,0.0341740920193651,,,,
TRAFFICKING_OF_MYRISTOYLATED_PROTEINS_TO_THE_CILIUM,True,True,Both,Trafficking of Myristoylated Proteins to the Cilium,0.001433050897553,REACTOME_TRAFFICKING_OF_MYRISTOYLATED_PROTEINS_TO_THE_CILIUM,M27486,1.0,0.00378
TRANSCRIPTIONAL_ACTIVATION_OF_MITOCHONDRIAL_BIOGENESIS,True,True,Both,Transcriptional Activation of Mitochondrial Biogenesis,6.85346697369442e-05,REACTOME_TRANSCRIPTIONAL_ACTIVATION_OF_MITOCHONDRIAL_BIOGENESIS,M27145,1.0,0.001028
TRANSCRIPTIONAL_ACTIVITY_OF_SMAD2_SMAD3_SMAD4_HETEROTRIMER,True,True,Both,Transcriptional Activity of SMAD2 SMAD3 SMAD4 Heterotrimer,0.0009413806671979,REACTOME_TRANSCRIPTIONAL_ACTIVITY_OF_SMAD2_SMAD3_SMAD4_HETEROTRIMER,M665,1.0,0.01011
TRANSCRIPTIONAL_AND_POST_TRANSLATIONAL_REGULATION_OF_MITF_M_EXPRESSION_AND_ACTIVITY,True,True,Both,Transcriptional and Post-Translational Regulation of MITF-M Expression and Activity,0.0009413806671979,REACTOME_TRANSCRIPTIONAL_AND_POST_TRANSLATIONAL_REGULATION_OF_MITF_M_EXPRESSION_AND_ACTIVITY,M48267;MM17240,2.0,8.058e-05
TRANSCRIPTIONAL_REGULATION_BY_E2F6,True,True,Both,Transcriptional Regulation by E2F6,0.00055798385352,REACTOME_TRANSCRIPTIONAL_REGULATION_BY_E2F6,MM15546;M27826,2.0,0.003258
TRANSCRIPTIONAL_REGULATION_BY_MECP2,True,True,Both,Transcriptional Regulation by MECP2,2.5688672731221543e-06,REACTOME_TRANSCRIPTIONAL_REGULATION_BY_MECP2,M27862;MM15582,2.0,0.0001183
TRANSCRIPTIONAL_REGULATION_BY_RUNX1,True,False,Enrichr_only,Transcriptional Regulation by RUNX1,0.03764738135182,,,,
TRANSCRIPTIONAL_REGULATION_BY_RUNX2,True,True,Both,Transcriptional Regulation by RUNX2,0.0017001416977665,REACTOME_TRANSCRIPTIONAL_REGULATION_BY_RUNX2,M27785,1.0,0.03275
TRANSCRIPTIONAL_REGULATION_BY_RUNX3,True,False,Enrichr_only,Transcriptional Regulation by RUNX3,0.00514621036934,,,,
TRANSCRIPTIONAL_REGULATION_BY_SMALL_RNAS,True,True,Both,Transcriptional Regulation by Small RNAs,5.8975262608926144e-08,REACTOME_TRANSCRIPTIONAL_REGULATION_BY_SMALL_RNAS,MM15200;M27458,2.0,1.325e-10
TRANSCRIPTIONAL_REGULATION_BY_TP53,True,False,Enrichr_only,Transcriptional Regulation by TP53,0.0061744150758162,,,,
TRANSCRIPTIONAL_REGULATION_BY_VENTX,True,True,Both,Transcriptional Regulation by VENTX,8.396573721520188e-07,REACTOME_TRANSCRIPTIONAL_REGULATION_BY_VENTX,M29748,1.0,2.405e-05
TRANSLATION,True,True,Both,Translation,1.0027929241635553e-13,REACTOME_TRANSLATION,MM15420;M8229,2.0,1.053e-10
TRANSLATION_INITIATION_COMPLEX_FORMATION,True,False,Enrichr_only,Translation Initiation Complex Formation,3.0395652320999168e-05,,,,
TRANSLATION_OF_REPLICASE_AND_ASSEMBLY_OF_THE_REPLICATION_TRANSCRIPTION_COMPLEX,False,True,ToppFun_only,,,REACTOME_TRANSLATION_OF_REPLICASE_AND_ASSEMBLY_OF_THE_REPLICATION_TRANSCRIPTION_COMPLEX,M39008,1.0,0.00726
TRANSLATION_OF_REPLICASE_AND_ASSEMBLY_OF_THE_REPLICATION_TRANSCRIPTION_COMPLEX_9679504,True,False,Enrichr_only,Translation of Replicase and Assembly of the Replication Transcription Complex 9679504,0.0152648783539231,,,,
TRANSLATION_OF_REPLICASE_AND_ASSEMBLY_OF_THE_REPLICATION_TRANSCRIPTION_COMPLEX_9694676,True,False,Enrichr_only,Translation of Replicase and Assembly of the Replication Transcription Complex 9694676,0.0100115836852497,,,,
TRANSLATION_OF_STRUCTURAL_PROTEINS_9694635,True,False,Enrichr_only,Translation of Structural Proteins 9694635,0.0171960985286601,,,,
TRANSLOCATION_OF_SLC2A4_GLUT4_TO_THE_PLASMA_MEMBRANE,True,True,Both,Translocation of SLC2A4 (GLUT4) to the Plasma Membrane,1.3243484095904652e-14,REACTOME_TRANSLOCATION_OF_SLC2A4_GLUT4_TO_THE_PLASMA_MEMBRANE,M26954,1.0,5.967e-12
TRANSMISSION_ACROSS_CHEMICAL_SYNAPSES,True,True,Both,Transmission Across Chemical Synapses,2.8427782897059554e-16,REACTOME_TRANSMISSION_ACROSS_CHEMICAL_SYNAPSES,M15514;MM14502,2.0,5.035e-11
TRANSPORT_OF_CONNEXONS_TO_THE_PLASMA_MEMBRANE,True,True,Both,Transport of Connexons to the Plasma Membrane,1.1305535461805089e-08,REACTOME_TRANSPORT_OF_CONNEXONS_TO_THE_PLASMA_MEMBRANE,MM14731;M27067,2.0,2.4e-08
TRANSPORT_OF_INORGANIC_CATIONS_ANIONS_AND_AMINO_ACIDS_OLIGOPEPTIDES,True,True,Both,Transport of Inorganic Cations Anions and Amino Acids Oligopeptides,3.296886712994236e-07,REACTOME_TRANSPORT_OF_INORGANIC_CATIONS_ANIONS_AND_AMINO_ACIDS_OLIGOPEPTIDES,MM15074;M823,2.0,1.297e-05
TRANSPORT_OF_MATURE_MRNAS_DERIVED_FROM_INTRONLESS_TRANSCRIPTS,True,True,Both,Transport of Mature mRNAs Derived From Intronless Transcripts,3.976451583846429e-16,REACTOME_TRANSPORT_OF_MATURE_MRNAS_DERIVED_FROM_INTRONLESS_TRANSCRIPTS,M26975;MM14610,2.0,1.689e-13
TRANSPORT_OF_MATURE_MRNA_DERIVED_FROM_AN_INTRONLESS_TRANSCRIPT,True,False,Enrichr_only,Transport of Mature mRNA Derived From an Intronless Transcript,1.040502530469282e-16,,,,
TRANSPORT_OF_MATURE_MRNA_DERIVED_FROM_AN_INTRON_CONTAINING_TRANSCRIPT,True,False,Enrichr_only,Transport of Mature mRNA Derived From an Intron-Containing Transcript,4.5265427919577045e-28,,,,
TRANSPORT_OF_MATURE_TRANSCRIPT_TO_CYTOPLASM,True,True,Both,Transport of Mature Transcript to Cytoplasm,2.342186402258157e-25,REACTOME_TRANSPORT_OF_MATURE_TRANSCRIPT_TO_CYTOPLASM,M725;MM15413,2.0,2.46e-20
TRANSPORT_OF_RIBONUCLEOPROTEINS_INTO_THE_HOST_NUCLEUS,True,False,Enrichr_only,Transport of Ribonucleoproteins Into the Host Nucleus,4.830539629082665e-15,,,,
TRANSPORT_OF_SMALL_MOLECULES,True,True,Both,Transport of Small Molecules,2.0398392021754768e-12,REACTOME_TRANSPORT_OF_SMALL_MOLECULES,M27287;MM14985,2.0,2.165e-05
TRANSPORT_OF_THE_SLBP_DEPENDANT_MATURE_MRNA,True,True,Both,Transport of the SLBP Dependant Mature mRNA,1.9290295653562186e-18,REACTOME_TRANSPORT_OF_THE_SLBP_DEPENDANT_MATURE_MRNA,M26974;MM14609,2.0,8.085e-16
TRANSPORT_OF_THE_SLBP_INDEPENDENT_MATURE_MRNA,True,False,Enrichr_only,Transport of the SLBP Independent Mature mRNA,2.2747864017436653e-19,,,,
TRANSPORT_TO_THE_GOLGI_AND_SUBSEQUENT_MODIFICATION,True,False,Enrichr_only,Transport to the Golgi and Subsequent Modification,0.0121363071800244,,,,
TRIF_TICAM1_MEDIATED_TLR4_SIGNALING,True,False,Enrichr_only,TRIF (TICAM1)-mediated TLR4 Signaling,0.0335241411362486,,,,
TRNA_PROCESSING,True,True,Both,tRNA Processing,0.0001946180428583,REACTOME_TRNA_PROCESSING,M27684,1.0,0.003376
TRNA_PROCESSING_IN_THE_NUCLEUS,True,True,Both,tRNA Processing in the Nucleus,4.453225500459781e-12,REACTOME_TRNA_PROCESSING_IN_THE_NUCLEUS,M27606,1.0,1.323e-09
UBIQUINOL_BIOSYNTHESIS,True,True,Both,Ubiquinol Biosynthesis,1.0618081125357992e-08,REACTOME_UBIQUINOL_BIOSYNTHESIS,M27142;MM17216,2.0,1.117e-07
UB_SPECIFIC_PROCESSING_PROTEASES,True,False,Enrichr_only,Ub-specific Processing Proteases,0.0120405895088866,,,,
UCH_PROTEINASES,True,False,Enrichr_only,UCH Proteinases,0.0048561672339655,,,,
UNBLOCKING_OF_NMDA_RECEPTORS_GLUTAMATE_BINDING_AND_ACTIVATION,True,True,Both,"Unblocking of NMDA Receptors, Glutamate Binding and Activation",0.0438710072786745,REACTOME_UNBLOCKING_OF_NMDA_RECEPTORS_GLUTAMATE_BINDING_AND_ACTIVATION,MM15104,1.0,0.02712
UNFOLDED_PROTEIN_RESPONSE_UPR,True,True,Both,Unfolded Protein Response (UPR),1.2140275792937374e-06,REACTOME_UNFOLDED_PROTEIN_RESPONSE_UPR,M10294;MM14981,2.0,7.044e-05
UNWINDING_OF_DNA,True,True,Both,Unwinding of DNA,0.0137975776666062,REACTOME_UNWINDING_OF_DNA,M3656,1.0,0.03819
UPTAKE_AND_FUNCTION_OF_DIPHTHERIA_TOXIN,True,False,Enrichr_only,Uptake and Function of Diphtheria Toxin,0.0467173190355908,,,,
UREA_CYCLE,True,False,Enrichr_only,Urea Cycle,0.0208761429402771,,,,
VASOPRESSIN_LIKE_RECEPTORS,True,True,Both,Vasopressin-like Receptors,0.0060447135597466,REACTOME_VASOPRESSIN_LIKE_RECEPTORS,MM14989;M27289,2.0,0.01465
VASOPRESSIN_REGULATES_RENAL_WATER_HOMEOSTASIS_VIA_AQUAPORINS,True,True,Both,Vasopressin Regulates Renal Water Homeostasis via Aquaporins,2.705116394923439e-17,REACTOME_VASOPRESSIN_REGULATES_RENAL_WATER_HOMEOSTASIS_VIA_AQUAPORINS,M933;MM15094,2.0,1.509e-14
VEGFA_VEGFR2_PATHWAY,True,False,Enrichr_only,VEGFA-VEGFR2 Pathway,4.439117676767969e-06,,,,
VEGFR2_MEDIATED_CELL_PROLIFERATION,True,True,Both,VEGFR2 Mediated Cell Proliferation,0.0015532223404834,REACTOME_VEGFR2_MEDIATED_CELL_PROLIFERATION,M27423,1.0,0.007492
VEGFR2_MEDIATED_VASCULAR_PERMEABILITY,True,True,Both,VEGFR2 Mediated Vascular Permeability,0.0090089517768556,REACTOME_VEGFR2_MEDIATED_VASCULAR_PERMEABILITY,MM15170;M27422,2.0,0.008564
VESICLE_MEDIATED_TRANSPORT,True,True,Both,Vesicle-mediated Transport,8.866660390637768e-09,REACTOME_VESICLE_MEDIATED_TRANSPORT,M27507;MM15232,2.0,0.0002355
VIRAL_INFECTION_PATHWAYS,True,True,Both,Viral Infection Pathways,3.3671941174111195e-16,REACTOME_VIRAL_INFECTION_PATHWAYS,M48034,1.0,3.806e-16
VIRAL_MESSENGER_RNA_SYNTHESIS,True,True,Both,Viral Messenger RNA Synthesis,2.241617779739221e-11,REACTOME_VIRAL_MESSENGER_RNA_SYNTHESIS,M109,1.0,4.493e-11
VISUAL_PHOTOTRANSDUCTION,True,True,Both,Visual Phototransduction,2.431657223835001e-22,REACTOME_VISUAL_PHOTOTRANSDUCTION,M27158;MM14881,2.0,7.972e-18
VLDLR_INTERNALISATION_AND_DEGRADATION,True,False,Enrichr_only,VLDLR Internalisation and Degradation,0.0231140609505467,,,,
VPR_MEDIATED_NUCLEAR_IMPORT_OF_PICS,True,False,Enrichr_only,Vpr-mediated Nuclear Import of PICs,9.195539698746972e-17,,,,
VXPX_CARGO_TARGETING_TO_CILIUM,True,True,Both,VxPx Cargo-Targeting to Cilium,5.2092111208654486e-14,REACTOME_VXPX_CARGO_TARGETING_TO_CILIUM,M27479;MM15208,2.0,3.042e-12
WNT5A_DEPENDENT_INTERNALIZATION_OF_FZD2_FZD5_AND_ROR2,True,True,Both,"WNT5A-dependent Internalization of FZD2, FZD5 and ROR2",0.0228725908898279,REACTOME_WNT5A_DEPENDENT_INTERNALIZATION_OF_FZD2_FZD5_AND_ROR2,MM15163,1.0,0.03819
WNT5A_DEPENDENT_INTERNALIZATION_OF_FZD4,True,True,Both,WNT5A-dependent Internalization of FZD4,8.489136298306621e-05,REACTOME_WNT5A_DEPENDENT_INTERNALIZATION_OF_FZD4,M27413;MM15161,2.0,0.0005101
