Normalized_Pathway,ToppFun_Pathway_ID,Enrichr_Gene_Count,ToppFun_Gene_Count,Shared_Gene_Count,Enrichr_Only_Gene_Count,ToppFun_Only_Gene_Count,Jaccard_Similarity,Shared_Genes,Enrichr_Only_Genes,ToppFun_Only_Genes
ABERRANT_REGULATION_OF_MITOTIC_EXIT_IN_CANCER_DUE_TO_RB1_DEFECTS,M39015,18,18,18,0,0,1.0,ANAPC1;ANAPC10;ANAPC11;ANAPC15;ANAPC16;ANAPC2;ANAPC4;ANAPC5;ANAPC7;CDC16;CDC23;CDC26;CDC27;FZR1;UBE2C;UBE2D1;UBE2E1;UBE2S,,
ACETYLCHOLINE_REGULATES_INSULIN_SECRETION,M1825,8,8,8,0,0,1.0,GNA11;GNA14;GNA15;GNAQ;PLCB1;PLCB2;PLCB3;PRKCA,,
ACETYLCHOLINE_REGULATES_INSULIN_SECRETION,MM15032,8,7,7,1,0,0.875,GNA11;GNA14;GNA15;GNAQ;PLCB1;PLCB2;PLCB3,PRKCA,
ACTIVATED_NTRK2_SIGNALS_THROUGH_PI3K,M27910,5,5,5,0,0,1.0,GAB1;GRB2;NTRK2;PIK3CA;PIK3R1,,
ACTIVATED_NTRK2_SIGNALS_THROUGH_RAS,M27904,6,6,6,0,0,1.0,GRB2;HRAS;KRAS;NRAS;NTRK2;SOS1,,
ACTIVATION_OF_AMPK_DOWNSTREAM_OF_NMDARS,M27948,16,17,16,0,1,0.9411764705882353,CALM1;TUBA1A;TUBA1B;TUBA1C;TUBA3E;TUBA4A;TUBA8;TUBAL3;TUBB1;TUBB2A;TUBB2B;TUBB3;TUBB4A;TUBB4B;TUBB6;TUBB8,,TUBA3D
ACTIVATION_OF_APC_C_AND_APC_C_CDC20_MEDIATED_DEGRADATION_OF_MITOTIC_PROTEINS,M49143,33,33,33,0,0,1.0,ADRM1;ANAPC1;ANAPC10;ANAPC11;ANAPC15;ANAPC16;ANAPC2;ANAPC4;ANAPC5;ANAPC7;BUB1B;CDC16;CDC20;CDC23;CDC26;CDC27;MAD2L1;NEK2;PLK1;PSMC1;PSMC5;PSMD13;PSMD14;PSMD2;PSMD3;RPS27A;UBA52;UBB;UBC;UBE2C;UBE2D1;UBE2E1;UBE2S,,
ACTIVATION_OF_APC_C_AND_APC_C_CDC20_MEDIATED_DEGRADATION_OF_MITOTIC_PROTEINS,MM14692,33,33,33,0,0,1.0,ADRM1;ANAPC1;ANAPC10;ANAPC11;ANAPC15;ANAPC16;ANAPC2;ANAPC4;ANAPC5;ANAPC7;BUB1B;CDC16;CDC20;CDC23;CDC26;CDC27;MAD2L1;NEK2;PLK1;PSMC1;PSMC5;PSMD13;PSMD14;PSMD2;PSMD3;RPS27A;UBA52;UBB;UBC;UBE2C;UBE2D1;UBE2E1;UBE2S,,
ACTIVATION_OF_BAD_AND_TRANSLOCATION_TO_MITOCHONDRIA,M26902,10,10,10,0,0,1.0,AKT1;AKT2;AKT3;BCL2;YWHAB;YWHAE;YWHAG;YWHAH;YWHAQ;YWHAZ,,
ACTIVATION_OF_BAD_AND_TRANSLOCATION_TO_MITOCHONDRIA,MM14482,10,7,7,3,0,0.7,BCL2;YWHAB;YWHAE;YWHAG;YWHAH;YWHAQ;YWHAZ,AKT1;AKT2;AKT3,
ACTIVATION_OF_BH3_ONLY_PROTEINS,M17814,15,15,15,0,0,1.0,AKT1;AKT2;AKT3;BCL2;BCL2L11;DYNLL1;DYNLL2;MAPK8;TP53;YWHAB;YWHAE;YWHAG;YWHAH;YWHAQ;YWHAZ,,
ACTIVATION_OF_BH3_ONLY_PROTEINS,MM14510,15,11,11,4,0,0.7333333333333333,BCL2;BCL2L11;DYNLL1;DYNLL2;MAPK8;YWHAB;YWHAE;YWHAG;YWHAH;YWHAQ;YWHAZ,AKT1;AKT2;AKT3;TP53,
ACTIVATION_OF_GENE_EXPRESSION_BY_SREBF_SREBP,M27172,27,27,27,0,0,1.0,CREBBP;CYP51A1;DHCR7;FASN;FDFT1;FDPS;GGPS1;HMGCR;HMGCS1;IDI1;LSS;MED1;MVD;MVK;NFYA;NFYB;NFYC;PMVK;SC5D;SCD;SP1;SQLE;SREBF1;SREBF2;TBL1X;TBL1XR1;TM7SF2,,
ACTIVATION_OF_G_PROTEIN_GATED_POTASSIUM_CHANNELS,MM14542,21,21,21,0,0,1.0,GABBR1;GNB1;GNB2;GNB3;GNB4;GNB5;GNG10;GNG11;GNG12;GNG13;GNG2;GNG3;GNG4;GNG5;GNG7;GNG8;GNGT1;GNGT2;KCNJ10;KCNJ3;KCNJ5,,
ACTIVATION_OF_IRF3_IRF7_MEDIATED_BY_TBK1_IKK_IKBKE,M970,9,9,9,0,0,1.0,IKBKE;OPTN;RPS27A;TBK1;TLR4;TRAF3;UBA52;UBB;UBC,,
ACTIVATION_OF_KAINATE_RECEPTORS_UPON_GLUTAMATE_BINDING,M18193,23,23,23,0,0,1.0,CALM1;DLG4;GNB1;GNB2;GNB3;GNB4;GNB5;GNG10;GNG11;GNG12;GNG13;GNG2;GNG3;GNG4;GNG5;GNG7;GNG8;GNGT1;GNGT2;NCALD;PLCB1;PLCB2;PLCB3,,
ACTIVATION_OF_KAINATE_RECEPTORS_UPON_GLUTAMATE_BINDING,MM15143,23,25,23,0,2,0.92,CALM1;DLG4;GNB1;GNB2;GNB3;GNB4;GNB5;GNG10;GNG11;GNG12;GNG13;GNG2;GNG3;GNG4;GNG5;GNG7;GNG8;GNGT1;GNGT2;NCALD;PLCB1;PLCB2;PLCB3,,CALM2;CALM3
ACTIVATION_OF_NMDA_RECEPTORS_AND_POSTSYNAPTIC_EVENTS,M2843,48,49,48,0,1,0.9795918367346939,ACTN2;ADCY1;ADCY8;ARHGEF7;CALM1;CAMK1;CAMK2A;CAMK2B;CAMK2D;CAMK2G;CAMK4;CASK;CREB1;DLG4;GIT1;GRIA1;HRAS;KIF17;KPNA2;KRAS;MAPK1;MAPK3;NEFL;NRAS;PRKACA;PRKACB;PRKACG;PRKAR1A;PRKAR1B;PRKAR2A;PRKAR2B;RAC1;SRC;TUBA1A;TUBA1B;TUBA1C;TUBA3E;TUBA4A;TUBA8;TUBAL3;TUBB1;TUBB2A;TUBB2B;TUBB3;TUBB4A;TUBB4B;TUBB6;TUBB8,,TUBA3D
ACTIVATION_OF_NMDA_RECEPTORS_AND_POSTSYNAPTIC_EVENTS,MM15109,48,17,15,33,2,0.3,ACTN2;CALM1;CAMK1;CAMK2A;CAMK2B;CAMK2D;CAMK2G;CREB1;DLG4;GRIA1;NEFL;PRKACA;PRKACB;PRKAR1A;PRKAR1B,ADCY1;ADCY8;ARHGEF7;CAMK4;CASK;GIT1;HRAS;KIF17;KPNA2;KRAS;MAPK1;MAPK3;NRAS;PRKACG;PRKAR2A;PRKAR2B;RAC1;SRC;TUBA1A;TUBA1B;TUBA1C;TUBA3E;TUBA4A;TUBA8;TUBAL3;TUBB1;TUBB2A;TUBB2B;TUBB3;TUBB4A;TUBB4B;TUBB6;TUBB8,CALM2;CALM3
ACTIVATION_OF_RAC1,M6322,9,9,9,0,0,1.0,PAK1;PAK2;PAK3;PAK4;PAK5;PAK6;RAC1;SOS1;SOS2,,
ACTIVATION_OF_RAC1_DOWNSTREAM_OF_NMDARS,M27947,5,5,5,0,0,1.0,ARHGEF7;CALM1;CAMK1;GIT1;RAC1,,
ACTIVATION_OF_SMO,M27500,10,10,10,0,0,1.0,ARRB1;ARRB2;EFCAB7;EVC;EVC2;GRK2;KIF3A;PTCH1;SHH;SMO,,
ACTIVATION_OF_THE_AP_1_FAMILY_OF_TRANSCRIPTION_FACTORS,M13962,7,7,7,0,0,1.0,ATF2;FOS;JUN;MAPK1;MAPK3;MAPK8;MAPK9,,
ACTIVATION_OF_THE_AP_1_FAMILY_OF_TRANSCRIPTION_FACTORS,MM15135,7,7,7,0,0,1.0,ATF2;FOS;JUN;MAPK1;MAPK3;MAPK8;MAPK9,,
ACTIVATION_OF_THE_PHOTOTRANSDUCTION_CASCADE,M27180,11,11,11,0,0,1.0,CNGA1;CNGB1;GNAT1;GNB1;GNGT1;PDE6A;PDE6B;PDE6G;RHO;SAG;SLC24A1,,
ACTIVATION_OF_THE_PHOTOTRANSDUCTION_CASCADE,MM14893,11,8,8,3,0,0.7272727272727273,CNGA1;CNGB1;GNAT1;GNB1;GNGT1;PDE6B;PDE6G;RHO,PDE6A;SAG;SLC24A1,
ACTIVATION_OF_THE_PRE_REPLICATIVE_COMPLEX,MM15368,14,14,14,0,0,1.0,CDC6;CDT1;MCM2;MCM3;MCM4;MCM5;MCM6;MCM7;MCM8;ORC1;ORC2;ORC3;ORC4;ORC5,,
ADAPTIVE_IMMUNE_SYSTEM,M1058,226,229,226,0,3,0.9868995633187773,ADRM1;AHCYL1;AKT1;AKT2;AKT3;ANAPC1;ANAPC10;ANAPC11;ANAPC13;ANAPC2;ANAPC4;ANAPC5;ANAPC7;AP1G1;AP2A1;AP2A2;AP2B1;ASB6;ATG7;BCAP31;BTN1A1;CALM1;CALR;CANX;CAPZA1;CAPZB;CCNF;CD1D;CD34;CD36;CD4;CD80;CD86;CD8A;CDC16;CDC20;CDC23;CDC26;CDC27;CDC42;CENPE;CLTC;CSK;CTSD;CTSF;CTSH;CUL3;CUL7;DCTN1;DCTN2;DCTN4;DNM1;DNM2;DYNC1H1;DYNC1I1;DYNC1I2;DYNC1LI1;DYNC1LI2;DYNLL1;DYNLL2;ENAH;FBXL20;FBXL5;FBXO40;FBXO9;FCGR1A;FCGR3A;FKBP1A;FYN;FZR1;GAN;GLMN;GRB2;HACE1;HLA-A;HLA-B;HRAS;HSPA5;HUWE1;ICAM1;IGHD;ITGA4;ITGB1;ITGB5;KBTBD6;KBTBD7;KBTBD8;KCTD7;KEAP1;KIF11;KIF18A;KIF2A;KIF3A;KIF3B;KIF5A;KIF5B;KIFAP3;KLC1;KLC2;KLC3;KLC4;KLHL11;KLHL13;KLHL2;KLHL20;KLHL21;KLHL22;KLHL25;KLHL3;KLHL41;KLHL42;KLHL9;KLRF1;KRAS;LCK;LGMN;LTN1;MEX3C;MICA;MICB;MKRN1;MRC1;MYD88;NEDD4;NEDD4L;NFKBIA;NRAS;PAK1;PAK2;PAK3;PIK3CA;PIK3CB;PIK3CD;PIK3R1;PIK3R2;PIK3R3;PLCG1;PLCG2;PPIA;PPP3CB;PRKACA;PRKACB;PRKACG;PRKCB;PRKG1;PSMC1;PSMC5;PSMD13;PSMD14;PSMD2;PSMD3;PTEN;PTPRC;RAB7A;RAC1;RAF1;RAPGEF4;RBCK1;RBX1;RCHY1;REL;RELA;RILP;RNF130;RNF25;RNF34;RNF4;RPS27A;SEC13;SEC24C;SEC61A1;SEC61A2;SEC61B;SIGLEC1;SKP1;SMURF1;SNAP23;SOCS1;SOCS3;SOS1;SPSB2;SRC;STUB1;TAPBP;TIRAP;TLR2;TLR4;TREM2;TRIM32;TRIP12;TUBA1A;TUBA1B;TUBA1C;TUBA3E;TUBA4A;TUBA8;TUBAL3;TUBB1;TUBB2A;TUBB2B;TUBB3;TUBB4A;TUBB4B;TUBB6;TUBB8;UBA1;UBA52;UBA6;UBAC1;UBB;UBC;UBE2C;UBE2D1;UBE2D2;UBE2D3;UBE2E1;UBE2E3;UBE2S;UBR4;VAMP3;VASP;WAS;YWHAB;YWHAZ;ZAP70;ZNRF2,,PIK3CG;PRKN;TUBA3D
ADAPTIVE_IMMUNE_SYSTEM,MM14540,226,212,204,22,8,0.8717948717948718,ADRM1;AKT1;AKT2;AKT3;ANAPC1;ANAPC10;ANAPC11;ANAPC13;ANAPC2;ANAPC4;ANAPC5;ANAPC7;AP1G1;AP2A1;AP2A2;AP2B1;ASB6;ATG7;BCAP31;BTN1A1;CALM1;CALR;CANX;CAPZB;CCNF;CD1D;CD34;CD36;CD4;CD80;CD86;CD8A;CDC16;CDC20;CDC23;CDC26;CDC27;CDC42;CENPE;CLTC;CSK;CTSD;CTSF;CTSH;CUL3;CUL7;DCTN1;DCTN2;DCTN4;DNM1;DNM2;DYNC1H1;DYNC1I1;DYNC1I2;DYNC1LI1;DYNC1LI2;DYNLL1;DYNLL2;FBXL20;FBXL5;FBXO40;FBXO9;FCGR1A;FCGR3A;FKBP1A;FYN;FZR1;GAN;GLMN;GRB2;HACE1;HLA-A;HLA-B;HRAS;HSPA5;HUWE1;ICAM1;IGHD;ITGA4;ITGB1;KBTBD7;KBTBD8;KCTD7;KEAP1;KIF11;KIF18A;KIF2A;KIF3A;KIF3B;KIF5A;KIF5B;KIFAP3;KLC1;KLC2;KLC3;KLC4;KLHL11;KLHL13;KLHL2;KLHL20;KLHL21;KLHL22;KLHL25;KLHL3;KLHL41;KLHL42;KLHL9;KRAS;LCK;LGMN;LTN1;MEX3C;MKRN1;MRC1;NEDD4;NEDD4L;NFKBIA;PAK1;PAK2;PAK3;PIK3CA;PIK3CB;PIK3CD;PIK3R1;PIK3R2;PIK3R3;PLCG1;PLCG2;PPP3CB;PRKACA;PRKACB;PRKCB;PRKG1;PSMC1;PSMC5;PSMD13;PSMD14;PSMD2;PSMD3;PTEN;PTPRC;RAB7A;RAC1;RAF1;RAPGEF4;RBCK1;RBX1;RCHY1;REL;RELA;RILP;RNF130;RNF25;RNF34;RNF4;RPS27A;SEC13;SEC24C;SIGLEC1;SKP1;SMURF1;SNAP23;SOCS1;SOCS3;SOS1;SPSB2;SRC;STUB1;TAPBP;TREM2;TRIM32;TRIP12;TUBA1A;TUBA1B;TUBA1C;TUBA4A;TUBA8;TUBAL3;TUBB1;TUBB2A;TUBB2B;TUBB3;TUBB4A;TUBB4B;TUBB6;UBA1;UBA52;UBA6;UBAC1;UBB;UBC;UBE2C;UBE2D1;UBE2D2;UBE2D3;UBE2E1;UBE2E3;UBE2S;UBR4;VAMP3;YWHAB;YWHAZ;ZAP70;ZNRF2,AHCYL1;CAPZA1;ENAH;ITGB5;KBTBD6;KLRF1;MICA;MICB;MYD88;NRAS;PPIA;PRKACG;SEC61A1;SEC61A2;SEC61B;TIRAP;TLR2;TLR4;TUBA3E;TUBB8;VASP;WAS,CALM2;CALM3;FCGR3B;KIFC1;KIFC2;PIK3CG;PRKN;TUBA3D
ADENYLATE_CYCLASE_ACTIVATING_PATHWAY,M19522,10,10,10,0,0,1.0,ADCY1;ADCY2;ADCY3;ADCY4;ADCY5;ADCY6;ADCY7;ADCY8;ADCY9;GNAL,,
ADENYLATE_CYCLASE_ACTIVATING_PATHWAY,MM14668,10,10,10,0,0,1.0,ADCY1;ADCY2;ADCY3;ADCY4;ADCY5;ADCY6;ADCY7;ADCY8;ADCY9;GNAL,,
ADENYLATE_CYCLASE_INHIBITORY_PATHWAY,M750,14,14,14,0,0,1.0,ADCY1;ADCY2;ADCY3;ADCY4;ADCY5;ADCY6;ADCY7;ADCY8;ADCY9;GNAI1;GNAI2;GNAI3;GNAL;GNAT3,,
ADENYLATE_CYCLASE_INHIBITORY_PATHWAY,MM14669,14,14,14,0,0,1.0,ADCY1;ADCY2;ADCY3;ADCY4;ADCY5;ADCY6;ADCY7;ADCY8;ADCY9;GNAI1;GNAI2;GNAI3;GNAL;GNAT3,,
ADORA2B_MEDIATED_ANTI_INFLAMMATORY_CYTOKINES_PRODUCTION,M29837,41,41,41,0,0,1.0,ADCY1;ADCY2;ADCY3;ADCY4;ADCY5;ADCY6;ADCY7;ADCY8;ADCY9;CREB1;GNAI1;GNAI2;GNAI3;GNAS;GNAT3;GNAZ;GNB1;GNB2;GNB3;GNB4;GNB5;GNG10;GNG11;GNG12;GNG13;GNG2;GNG3;GNG4;GNG5;GNG7;GNG8;GNGT1;GNGT2;IL6;PRKACA;PRKACB;PRKACG;PRKAR1A;PRKAR1B;PRKAR2A;PRKAR2B,,
ADP_SIGNALLING_THROUGH_P2Y_PURINOCEPTOR_1,M811,22,22,22,0,0,1.0,GNA11;GNA14;GNA15;GNAQ;GNB1;GNB2;GNB3;GNB4;GNB5;GNG10;GNG11;GNG12;GNG13;GNG2;GNG3;GNG4;GNG5;GNG7;GNG8;GNGT1;GNGT2;SRC,,
ADP_SIGNALLING_THROUGH_P2Y_PURINOCEPTOR_1,MM15056,22,22,22,0,0,1.0,GNA11;GNA14;GNA15;GNAQ;GNB1;GNB2;GNB3;GNB4;GNB5;GNG10;GNG11;GNG12;GNG13;GNG2;GNG3;GNG4;GNG5;GNG7;GNG8;GNGT1;GNGT2;SRC,,
ADP_SIGNALLING_THROUGH_P2Y_PURINOCEPTOR_12,M841,22,22,22,0,0,1.0,GNAI1;GNAI2;GNAI3;GNAT3;GNB1;GNB2;GNB3;GNB4;GNB5;GNG10;GNG11;GNG12;GNG13;GNG2;GNG3;GNG4;GNG5;GNG7;GNG8;GNGT1;GNGT2;P2RY12,,
ADP_SIGNALLING_THROUGH_P2Y_PURINOCEPTOR_12,MM15016,22,22,22,0,0,1.0,GNAI1;GNAI2;GNAI3;GNAT3;GNB1;GNB2;GNB3;GNB4;GNB5;GNG10;GNG11;GNG12;GNG13;GNG2;GNG3;GNG4;GNG5;GNG7;GNG8;GNGT1;GNGT2;P2RY12,,
ADRENALINE_NORADRENALINE_INHIBITS_INSULIN_SECRETION,M10679,22,22,22,0,0,1.0,ADCY5;ADCY6;ADRA2A;GNAI1;GNAI2;GNB1;GNB2;GNB3;GNB4;GNB5;GNG10;GNG11;GNG12;GNG13;GNG2;GNG3;GNG4;GNG5;GNG7;GNG8;GNGT1;GNGT2,,
ADRENALINE_NORADRENALINE_INHIBITS_INSULIN_SECRETION,MM15033,22,22,22,0,0,1.0,ADCY5;ADCY6;ADRA2A;GNAI1;GNAI2;GNB1;GNB2;GNB3;GNB4;GNB5;GNG10;GNG11;GNG12;GNG13;GNG2;GNG3;GNG4;GNG5;GNG7;GNG8;GNGT1;GNGT2,,
ADRENOCEPTORS,M27302,8,8,8,0,0,1.0,ADRA1A;ADRA1B;ADRA1D;ADRA2A;ADRA2B;ADRB1;ADRB2;ADRB3,,
ADRENOCEPTORS,MM15009,8,8,8,0,0,1.0,ADRA1A;ADRA1B;ADRA1D;ADRA2A;ADRA2B;ADRB1;ADRB2;ADRB3,,
AEROBIC_RESPIRATION_AND_RESPIRATORY_ELECTRON_TRANSPORT,M516,130,130,129,1,1,0.9847328244274809,ACAD9;ACAT1;ACO2;ATP5F1A;ATP5F1B;ATP5F1C;ATP5F1D;ATP5MC1;ATP5MG;ATP5PB;ATP5PD;ATP5PF;ATP5PO;BCS1L;COQ10A;COQ10B;COX11;COX15;COX17;COX18;COX19;COX4I1;COX5A;COX5B;COX6A1;COX8A;CS;CYC1;CYCS;DLAT;DLD;DLST;ETFA;ETFB;ETFDH;FH;FXN;GLO1;GOT1;GOT2;GPT;HIGD1C;HSCB;HSPA9;IDH2;IDH3A;IDH3B;IDH3G;L2HGDH;LDHA;LYRM7;MDH2;ME2;MKLN1;MT-CO1;MT-CO2;MT-CO3;MT-CYB;MT-ND1;MT-ND2;MT-ND4;MT-ND5;NDUFA10;NDUFA12;NDUFA13;NDUFA2;NDUFA3;NDUFA4;NDUFA5;NDUFA8;NDUFA9;NDUFAB1;NDUFAF5;NDUFAF6;NDUFB3;NDUFB4;NDUFB7;NDUFB8;NDUFB9;NDUFS1;NDUFS2;NDUFS3;NDUFS7;NDUFS8;NDUFV1;NDUFV2;NEK1;NNT;NUBPL;OGDH;PC;PDHA1;PDHA2;PDHB;PDHX;PDK1;PDK4;PET100;PKLR;PKM;PNKD;RPS27A;SCO1;SCO2;SDHA;SDHB;SDHC;SDHD;SLC25A11;SLC25A12;SLC25A13;SLC25A18;SLC25A22;SLC25A4;SUCLA2;SUCLG1;SUCLG2;TIMM21;TRAP1;UBA52;UBB;UBC;UQCC1;UQCR10;UQCRC1;UQCRC2;UQCRFS1;UQCRQ;VDAC1,MRPS36,KGD4
AEROBIC_RESPIRATION_AND_RESPIRATORY_ELECTRON_TRANSPORT,MM14562,130,125,124,6,1,0.9465648854961832,ACAD9;ACAT1;ACO2;ATP5F1A;ATP5F1B;ATP5F1C;ATP5F1D;ATP5MC1;ATP5MG;ATP5PB;ATP5PD;ATP5PF;ATP5PO;COQ10A;COQ10B;COX11;COX15;COX17;COX18;COX19;COX4I1;COX5A;COX5B;COX6A1;COX8A;CS;CYC1;CYCS;DLAT;DLD;DLST;ETFA;ETFB;ETFDH;FH;FXN;GLO1;GOT1;GOT2;GPT;HIGD1C;HSCB;HSPA9;IDH2;IDH3A;IDH3B;IDH3G;L2HGDH;LDHA;LYRM7;MDH2;ME2;MKLN1;MT-CO1;MT-CO2;MT-CO3;MT-CYB;MT-ND1;MT-ND2;MT-ND4;MT-ND5;NDUFA10;NDUFA12;NDUFA13;NDUFA2;NDUFA3;NDUFA4;NDUFA5;NDUFA8;NDUFA9;NDUFAB1;NDUFAF5;NDUFAF6;NDUFB3;NDUFB4;NDUFB7;NDUFB8;NDUFB9;NDUFS1;NDUFS2;NDUFS3;NDUFS7;NDUFS8;NDUFV1;NDUFV2;NEK1;NNT;NUBPL;OGDH;PC;PDHA1;PDHA2;PDHB;PDHX;PDK1;PDK4;PKM;RPS27A;SCO1;SCO2;SDHA;SDHB;SDHC;SDHD;SLC25A11;SLC25A12;SLC25A13;SLC25A18;SLC25A22;SLC25A4;SUCLA2;SUCLG1;SUCLG2;TIMM21;TRAP1;UBA52;UBB;UBC;UQCR10;UQCRC1;UQCRC2;UQCRFS1;UQCRQ;VDAC1,BCS1L;MRPS36;PET100;PKLR;PNKD;UQCC1,KGD4
AGGREPHAGY,M29830,35,37,35,0,2,0.9459459459459459,ARL13B;CETN1;CFTR;DYNC1H1;DYNC1I1;DYNC1I2;DYNC1LI1;DYNC1LI2;DYNLL1;DYNLL2;HDAC6;HSP90AA1;IFT88;PARK7;PCNT;RPS27A;TUBA1A;TUBA1B;TUBA1C;TUBA3E;TUBA4A;TUBA8;TUBAL3;TUBB1;TUBB2A;TUBB2B;TUBB3;TUBB4A;TUBB4B;TUBB6;TUBB8;UBA52;UBB;UBC;VCP,,PRKN;TUBA3D
AGGREPHAGY,MM15669,35,31,29,6,2,0.7837837837837838,ARL13B;CETN1;CFTR;DYNC1H1;DYNC1I1;DYNC1I2;DYNC1LI1;DYNC1LI2;DYNLL1;DYNLL2;HDAC6;PARK7;RPS27A;TUBA1A;TUBA1B;TUBA1C;TUBA4A;TUBA8;TUBAL3;TUBB1;TUBB2A;TUBB2B;TUBB3;TUBB4A;TUBB4B;TUBB6;UBA52;UBB;UBC,HSP90AA1;IFT88;PCNT;TUBA3E;TUBB8;VCP,PRKN;TUBA3D
ALK_MUTANTS_BIND_TKIS,M42522,8,8,8,0,0,1.0,ALK;CLTC;EIF2AK3;EML4;FN1;NPM1;PPM1B;PRKAR1A,,
AMINE_LIGAND_BINDING_RECEPTORS,M5868,17,17,17,0,0,1.0,ADRA1A;ADRA1B;ADRA1D;ADRA2A;ADRA2B;ADRB1;ADRB2;ADRB3;CHRM1;DRD2;DRD4;HRH1;HRH2;HTR2B;HTR2C;TAAR1;TAAR5,,
AMINE_LIGAND_BINDING_RECEPTORS,MM14971,17,17,17,0,0,1.0,ADRA1A;ADRA1B;ADRA1D;ADRA2A;ADRA2B;ADRB1;ADRB2;ADRB3;CHRM1;DRD2;DRD4;HRH1;HRH2;HTR2B;HTR2C;TAAR1;TAAR5,,
AMPLIFICATION_OF_SIGNAL_FROM_THE_KINETOCHORES,MM14561,36,36,36,0,0,1.0,B9D2;BUB1B;CDC20;CENPA;CENPE;CENPF;CENPT;CKAP5;DYNC1H1;DYNC1I1;DYNC1I2;DYNC1LI1;DYNC1LI2;DYNLL1;DYNLL2;KIF18A;KIF2A;MAD2L1;MAPRE1;NDE1;NDEL1;NUP107;NUP133;NUP160;NUP37;NUP43;NUP85;NUP98;PAFAH1B1;PLK1;PPP1CC;RANBP2;RANGAP1;SEC13;SEH1L;XPO1,,
ANCHORING_OF_THE_BASAL_BODY_TO_THE_PLASMA_MEMBRANE,M27478,86,85,85,1,0,0.9883720930232558,AHI1;AKAP9;ALMS1;B9D1;B9D2;C2CD3;CC2D2A;CCP110;CDK5RAP2;CEP131;CEP135;CEP152;CEP162;CEP164;CEP192;CEP250;CEP290;CEP41;CEP63;CEP70;CEP72;CEP76;CEP78;CEP83;CEP89;CEP97;CETN2;CKAP5;CNTRL;DCTN1;DCTN2;DYNC1H1;DYNC1I2;DYNLL1;FBF1;HAUS1;HAUS2;HAUS3;HAUS4;HAUS5;HAUS6;HAUS7;HAUS8;HSP90AA1;IQCB1;KIF24;MAPRE1;MARK4;MKS1;NDE1;NEDD1;NEK2;NINL;NPHP1;NPHP4;ODF2;OFD1;PAFAH1B1;PCM1;PCNT;PLK1;PLK4;PRKACA;PRKAR2B;RAB11A;RAB3IP;RAB8A;RPGRIP1L;SCLT1;SDCCAG8;SEPTIN2;TCTN1;TCTN2;TCTN3;TMEM216;TMEM67;TTBK2;TUBA1A;TUBA4A;TUBB;TUBB4A;TUBB4B;TUBG1;YWHAE;YWHAG,CENPJ,
ANCHORING_OF_THE_BASAL_BODY_TO_THE_PLASMA_MEMBRANE,MM15207,86,83,82,4,1,0.9425287356321839,AHI1;AKAP9;ALMS1;B9D1;B9D2;C2CD3;CC2D2A;CCP110;CDK5RAP2;CEP131;CEP135;CEP152;CEP162;CEP164;CEP192;CEP250;CEP290;CEP41;CEP63;CEP70;CEP72;CEP76;CEP78;CEP83;CEP89;CEP97;CETN2;CKAP5;DCTN1;DCTN2;DYNC1H1;DYNC1I2;DYNLL1;FBF1;HAUS1;HAUS2;HAUS3;HAUS4;HAUS5;HAUS6;HAUS7;HAUS8;HSP90AA1;IQCB1;KIF24;MAPRE1;MARK4;MKS1;NDE1;NEDD1;NEK2;NINL;NPHP1;NPHP4;ODF2;OFD1;PAFAH1B1;PCM1;PLK1;PLK4;PRKACA;RAB11A;RAB3IP;RAB8A;RPGRIP1L;SCLT1;SDCCAG8;SEPTIN2;TCTN1;TCTN2;TCTN3;TMEM216;TMEM67;TTBK2;TUBA1A;TUBA4A;TUBB;TUBB4A;TUBB4B;TUBG1;YWHAE;YWHAG,CENPJ;CNTRL;PCNT;PRKAR2B,YWHAQ
ANTIVIRAL_MECHANISM_BY_IFN_STIMULATED_GENES,M550,85,85,84,1,1,0.9767441860465116,AAAS;ARIH1;DHX9;EIF2S1;EIF2S3;EIF4A1;EIF4A2;EIF4A3;FANCM;FLNA;FLNB;HSPA1A;HSPA1B;HSPA8;ILF2;ILF3;KPNA1;KPNA2;KPNA3;KPNA4;KPNA5;KPNA7;MAPK3;MAVS;MX1;NDC1;NEDD4;NPM1;NUP107;NUP133;NUP153;NUP155;NUP160;NUP188;NUP205;NUP210;NUP214;NUP35;NUP37;NUP42;NUP43;NUP50;NUP54;NUP58;NUP62;NUP85;NUP88;NUP93;NUP98;PLCG1;POM121;POM121C;PPM1B;RAE1;RANBP2;RPS27A;SEC13;SEH1L;SNCA;STAT1;STAT3;SUMO1;TP53;TPR;TUBA1A;TUBA1B;TUBA1C;TUBA3E;TUBA4A;TUBA8;TUBAL3;TUBB1;TUBB2A;TUBB2B;TUBB3;TUBB4A;TUBB4B;TUBB6;TUBB8;UBA52;UBB;UBC;UBE2E1;UBE2I,TAT,TUBA3D
ANTIVIRAL_MECHANISM_BY_IFN_STIMULATED_GENES,MM14515,85,37,36,49,1,0.4186046511627907,ARIH1;DHX9;EIF4A1;EIF4A2;EIF4A3;FANCM;FLNB;HSPA1A;HSPA1B;HSPA8;ILF2;ILF3;MAPK3;MAVS;MX1;NEDD4;NPM1;PLCG1;PPM1B;SNCA;STAT3;TP53;TUBA1A;TUBA1B;TUBA1C;TUBA4A;TUBA8;TUBAL3;TUBB1;TUBB2A;TUBB2B;TUBB3;TUBB4A;TUBB4B;TUBB6;UBE2E1,AAAS;EIF2S1;EIF2S3;FLNA;KPNA1;KPNA2;KPNA3;KPNA4;KPNA5;KPNA7;NDC1;NUP107;NUP133;NUP153;NUP155;NUP160;NUP188;NUP205;NUP210;NUP214;NUP35;NUP37;NUP42;NUP43;NUP50;NUP54;NUP58;NUP62;NUP85;NUP88;NUP93;NUP98;POM121;POM121C;RAE1;RANBP2;RPS27A;SEC13;SEH1L;STAT1;SUMO1;TAT;TPR;TUBA3E;TUBB8;UBA52;UBB;UBC;UBE2I,TUBA3D
ANTI_INFLAMMATORY_RESPONSE_FAVOURING_LEISHMANIA_PARASITE_INFECTION,M29840,53,53,53,0,0,1.0,ADAM17;ADCY1;ADCY2;ADCY3;ADCY4;ADCY5;ADCY6;ADCY7;ADCY8;ADCY9;AHCYL1;CALM1;CD163;CREB1;FCGR1A;FCGR3A;FYN;GNAI1;GNAI2;GNAI3;GNAS;GNAT3;GNAZ;GNB1;GNB2;GNB3;GNB4;GNB5;GNG10;GNG11;GNG12;GNG13;GNG2;GNG3;GNG4;GNG5;GNG7;GNG8;GNGT1;GNGT2;IL10;IL6;MYH9;PLCG1;PLCG2;PRKACA;PRKACB;PRKACG;PRKAR1A;PRKAR1B;PRKAR2A;PRKAR2B;SRC,,
APC_CDC20_MEDIATED_DEGRADATION_OF_NEK2A,M1079,25,25,25,0,0,1.0,ANAPC1;ANAPC10;ANAPC11;ANAPC15;ANAPC16;ANAPC2;ANAPC4;ANAPC5;ANAPC7;BUB1B;CDC16;CDC20;CDC23;CDC26;CDC27;MAD2L1;NEK2;RPS27A;UBA52;UBB;UBC;UBE2C;UBE2D1;UBE2E1;UBE2S,,
APC_CDC20_MEDIATED_DEGRADATION_OF_NEK2A,MM14697,25,25,25,0,0,1.0,ANAPC1;ANAPC10;ANAPC11;ANAPC15;ANAPC16;ANAPC2;ANAPC4;ANAPC5;ANAPC7;BUB1B;CDC16;CDC20;CDC23;CDC26;CDC27;MAD2L1;NEK2;RPS27A;UBA52;UBB;UBC;UBE2C;UBE2D1;UBE2E1;UBE2S,,
APC_C_CDC20_MEDIATED_DEGRADATION_OF_CYCLIN_B,M1039,22,22,22,0,0,1.0,ANAPC1;ANAPC10;ANAPC11;ANAPC15;ANAPC16;ANAPC2;ANAPC4;ANAPC5;ANAPC7;CDC16;CDC20;CDC23;CDC26;CDC27;RPS27A;UBA52;UBB;UBC;UBE2C;UBE2D1;UBE2E1;UBE2S,,
APC_C_CDC20_MEDIATED_DEGRADATION_OF_CYCLIN_B,MM14675,22,22,22,0,0,1.0,ANAPC1;ANAPC10;ANAPC11;ANAPC15;ANAPC16;ANAPC2;ANAPC4;ANAPC5;ANAPC7;CDC16;CDC20;CDC23;CDC26;CDC27;RPS27A;UBA52;UBB;UBC;UBE2C;UBE2D1;UBE2E1;UBE2S,,
APC_C_MEDIATED_DEGRADATION_OF_CELL_CYCLE_PROTEINS,M29582,37,37,37,0,0,1.0,ADRM1;ANAPC1;ANAPC10;ANAPC11;ANAPC15;ANAPC16;ANAPC2;ANAPC4;ANAPC5;ANAPC7;AURKA;BUB1B;CDC14A;CDC16;CDC20;CDC23;CDC26;CDC27;FZR1;MAD2L1;NEK2;PLK1;PSMC1;PSMC5;PSMD13;PSMD14;PSMD2;PSMD3;RPS27A;SKP1;UBA52;UBB;UBC;UBE2C;UBE2D1;UBE2E1;UBE2S,,
APC_C_MEDIATED_DEGRADATION_OF_CELL_CYCLE_PROTEINS,MM14677,37,37,37,0,0,1.0,ADRM1;ANAPC1;ANAPC10;ANAPC11;ANAPC15;ANAPC16;ANAPC2;ANAPC4;ANAPC5;ANAPC7;AURKA;BUB1B;CDC14A;CDC16;CDC20;CDC23;CDC26;CDC27;FZR1;MAD2L1;NEK2;PLK1;PSMC1;PSMC5;PSMD13;PSMD14;PSMD2;PSMD3;RPS27A;SKP1;UBA52;UBB;UBC;UBE2C;UBE2D1;UBE2E1;UBE2S,,
APOPTOSIS,M15303,55,55,55,0,0,1.0,ACIN1;ADRM1;AKT1;AKT2;AKT3;APPL1;BAX;BCAP31;BCL2;BCL2L11;BMX;CASP3;CDKN2A;CTNNB1;CYCS;DYNLL1;DYNLL2;FNTA;GSN;KPNA1;LMNA;LMNB1;MAPK1;MAPK3;MAPK8;NMT1;PAK2;PKP1;PLEC;PSMC1;PSMC5;PSMD13;PSMD14;PSMD2;PSMD3;ROCK1;RPS27A;SATB1;SPTAN1;STAT3;TJP1;TLR4;TNFRSF10A;TNFRSF10B;TP53;UACA;UBA52;UBB;UBC;YWHAB;YWHAE;YWHAG;YWHAH;YWHAQ;YWHAZ,,
AQUAPORIN_MEDIATED_TRANSPORT,M920,36,36,36,0,0,1.0,ADCY1;ADCY2;ADCY3;ADCY4;ADCY5;ADCY6;ADCY7;ADCY8;ADCY9;AVPR2;GNAS;GNB1;GNB2;GNB3;GNB4;GNB5;GNG10;GNG11;GNG12;GNG13;GNG2;GNG3;GNG4;GNG5;GNG7;GNG8;GNGT1;GNGT2;PRKACA;PRKACB;PRKACG;PRKAR1A;PRKAR1B;PRKAR2A;PRKAR2B;RAB11A,,
AQUAPORIN_MEDIATED_TRANSPORT,MM15115,36,24,24,12,0,0.6666666666666666,AVPR2;GNAS;GNB1;GNB2;GNB3;GNB4;GNB5;GNG10;GNG11;GNG12;GNG13;GNG2;GNG3;GNG4;GNG5;GNG7;GNG8;GNGT1;GNGT2;PRKACA;PRKACB;PRKAR1A;PRKAR1B;RAB11A,ADCY1;ADCY2;ADCY3;ADCY4;ADCY5;ADCY6;ADCY7;ADCY8;ADCY9;PRKACG;PRKAR2A;PRKAR2B,
ARYL_HYDROCARBON_RECEPTOR_SIGNALLING,M27793,5,5,5,0,0,1.0,AHR;AIP;ARNT;HSP90AB1;PTGES3,,
ARYL_HYDROCARBON_RECEPTOR_SIGNALLING,MM15528,5,5,5,0,0,1.0,AHR;AIP;ARNT;HSP90AB1;PTGES3,,
ASPARAGINE_N_LINKED_GLYCOSYLATION,M894,108,109,108,0,1,0.9908256880733946,ALG1;ALG11;ALG12;ALG13;ALG14;ALG3;ALG5;ALG6;ALG8;ANK3;ARF4;B4GALT1;B4GALT2;B4GALT3;CALR;CANX;CAPZA1;CAPZB;CHST10;COPG1;DCTN1;DCTN2;DCTN4;DDOST;DERL1;DHDDS;DOLK;DOLPP1;DPAGT1;DPM1;DPM2;DPM3;DYNC1H1;DYNC1I1;DYNC1I2;DYNC1LI1;DYNC1LI2;DYNLL1;DYNLL2;EDEM1;FCSK;FUCA1;GANAB;GBF1;GFPT1;GFPT2;GLB1;GMPPA;GMPPB;GNPNAT1;GRIA1;HK1;INS;MAN1B1;MAN2A1;MAN2A2;MGAT1;MGAT2;MGAT4A;MGAT4B;MGAT5;MPDU1;MPI;MVD;NAGK;NUS1;OS9;PGM3;PMM1;PMM2;PSMC1;RAD23B;RNF139;RNF5;RPN1;RPN2;RPS27A;SCFD1;SEC13;SEC22C;SEC24C;SLC35C1;SPTA1;SPTAN1;SPTB;SRD5A3;ST6GAL2;TRAPPC2;TRAPPC6B;TUBA1A;TUBA1B;TUBA1C;TUBA3E;TUBA4A;TUBA8;TUBAL3;TUBB1;TUBB2A;TUBB2B;TUBB3;TUBB4A;TUBB4B;TUBB6;TUBB8;UBA52;UBB;UBC;VCP,,TUBA3D
ASPARAGINE_N_LINKED_GLYCOSYLATION,MM15120,108,95,94,14,1,0.8623853211009175,ALG1;ALG12;ALG13;ALG14;ALG3;ALG5;ALG6;ALG8;ARF4;B4GALT1;B4GALT2;B4GALT3;CALR;CANX;CAPZB;CHST10;COPG1;DCTN1;DCTN2;DCTN4;DERL1;DHDDS;DOLK;DOLPP1;DPAGT1;DPM1;DPM2;DPM3;DYNC1H1;DYNC1I1;DYNC1I2;DYNC1LI1;DYNC1LI2;DYNLL1;DYNLL2;FCSK;FUCA1;GBF1;GFPT1;GFPT2;GLB1;GMPPA;GMPPB;GNPNAT1;GRIA1;HK1;INS;MAN2A1;MAN2A2;MGAT1;MGAT2;MGAT4A;MGAT4B;MGAT5;MPDU1;MPI;MVD;NAGK;NUS1;PGM3;PMM1;PMM2;PSMC1;RAD23B;RPS27A;SCFD1;SEC13;SEC22C;SEC24C;SLC35C1;SPTA1;SPTAN1;SPTB;SRD5A3;ST6GAL2;TRAPPC2;TRAPPC6B;TUBA1A;TUBA1B;TUBA1C;TUBA4A;TUBA8;TUBAL3;TUBB1;TUBB2A;TUBB2B;TUBB3;TUBB4A;TUBB4B;TUBB6;UBA52;UBB;UBC;VCP,ALG11;ANK3;CAPZA1;DDOST;EDEM1;GANAB;MAN1B1;OS9;RNF139;RNF5;RPN1;RPN2;TUBA3E;TUBB8,TUBA3D
ASSEMBLY_AND_CELL_SURFACE_PRESENTATION_OF_NMDA_RECEPTORS,M27934,24,25,24,0,1,0.96,ACTN2;CAMK2A;CAMK2B;CAMK2D;CAMK2G;CASK;DLG4;KIF17;NEFL;TUBA1A;TUBA1B;TUBA1C;TUBA3E;TUBA4A;TUBA8;TUBAL3;TUBB1;TUBB2A;TUBB2B;TUBB3;TUBB4A;TUBB4B;TUBB6;TUBB8,,TUBA3D
ASSEMBLY_OF_THE_HIV_VIRION,M27033,15,15,15,0,0,1.0,MVB12A;MVB12B;NMT2;PPIA;RPS27A;TSG101;UBA52;UBAP1;UBB;UBC;VPS28;VPS37A;VPS37B;VPS37C;VPS37D,,
ASSOCIATION_OF_TRIC_CCT_WITH_TARGET_PROTEINS_DURING_BIOSYNTHESIS,M3871,20,20,20,0,0,1.0,AP3M1;CCT2;CCT3;CCT4;CCT5;CCT6A;CCT6B;CCT7;CCT8;DCAF7;FBXL5;GAPDHS;HDAC3;KIFC3;LONP2;NOP56;STAT3;TCP1;TP53;XRN2,,
ASSOCIATION_OF_TRIC_CCT_WITH_TARGET_PROTEINS_DURING_BIOSYNTHESIS,MM15004,20,9,9,11,0,0.45,CCT2;CCT3;CCT4;CCT5;CCT6A;CCT6B;CCT7;CCT8;TCP1,AP3M1;DCAF7;FBXL5;GAPDHS;HDAC3;KIFC3;LONP2;NOP56;STAT3;TP53;XRN2,
ASYMMETRIC_LOCALIZATION_OF_PCP_PROTEINS,M27396,21,21,21,0,0,1.0,ADRM1;DVL2;FZD2;FZD3;FZD4;FZD5;PARD6A;PSMC1;PSMC5;PSMD13;PSMD14;PSMD2;PSMD3;RPS27A;SCRIB;SMURF1;UBA52;UBB;UBC;VANGL2;WNT5A,,
ASYMMETRIC_LOCALIZATION_OF_PCP_PROTEINS,MM15150,21,19,19,2,0,0.9047619047619048,ADRM1;DVL2;FZD2;FZD3;FZD4;FZD5;PARD6A;PSMC1;PSMC5;PSMD13;PSMD14;PSMD2;PSMD3;RPS27A;SMURF1;UBA52;UBB;UBC;WNT5A,SCRIB;VANGL2,
ATF4_ACTIVATES_GENES_IN_RESPONSE_TO_ENDOPLASMIC_RETICULUM_STRESS,M796,13,13,13,0,0,1.0,ATF3;ATF4;ATF6;CCL2;CEBPB;CEBPG;DDIT3;EXOSC2;EXOSC9;KHSRP;NFYA;NFYB;NFYC,,
ATF6_ATF6_ALPHA_ACTIVATES_CHAPERONES,M794,12,12,12,0,0,1.0,ATF4;ATF6;CALR;DDIT3;HSP90B1;HSPA5;MBTPS1;MBTPS2;NFYA;NFYB;NFYC;XBP1,,
ATF6_ATF6_ALPHA_ACTIVATES_CHAPERONE_GENES,M801,10,10,10,0,0,1.0,ATF4;ATF6;CALR;DDIT3;HSP90B1;HSPA5;NFYA;NFYB;NFYC;XBP1,,
AUF1_HNRNP_D0_BINDS_AND_DESTABILIZES_MRNA,MM15137,15,18,15,0,3,0.8333333333333334,ADRM1;HNRNPD;HSPA1A;HSPA8;PABPC1;PSMC1;PSMC5;PSMD13;PSMD14;PSMD2;PSMD3;RPS27A;UBA52;UBB;UBC,,HSPA1B;HSPB1;PABPC3
AURKA_ACTIVATION_BY_TPX2,M27749,59,58,58,1,0,0.9830508474576272,AKAP9;ALMS1;AURKA;CCP110;CDK5RAP2;CEP131;CEP135;CEP152;CEP164;CEP192;CEP250;CEP290;CEP41;CEP63;CEP70;CEP72;CEP76;CEP78;CETN2;CKAP5;CNTRL;DCTN1;DCTN2;DYNC1H1;DYNC1I2;DYNLL1;HAUS1;HAUS2;HAUS3;HAUS4;HAUS5;HAUS6;HAUS7;HAUS8;HSP90AA1;MAPRE1;NDE1;NEDD1;NEK2;NINL;ODF2;OFD1;PAFAH1B1;PCM1;PCNT;PLK1;PLK4;PRKACA;PRKAR2B;SDCCAG8;TUBA1A;TUBA4A;TUBB;TUBB4A;TUBB4B;TUBG1;YWHAE;YWHAG,CENPJ,
AURKA_ACTIVATION_BY_TPX2,MM15495,59,56,55,4,1,0.9166666666666666,AKAP9;ALMS1;AURKA;CCP110;CDK5RAP2;CEP131;CEP135;CEP152;CEP164;CEP192;CEP250;CEP290;CEP41;CEP63;CEP70;CEP72;CEP76;CEP78;CETN2;CKAP5;DCTN1;DCTN2;DYNC1H1;DYNC1I2;DYNLL1;HAUS1;HAUS2;HAUS3;HAUS4;HAUS5;HAUS6;HAUS7;HAUS8;HSP90AA1;MAPRE1;NDE1;NEDD1;NEK2;NINL;ODF2;OFD1;PAFAH1B1;PCM1;PLK1;PLK4;PRKACA;SDCCAG8;TUBA1A;TUBA4A;TUBB;TUBB4A;TUBB4B;TUBG1;YWHAE;YWHAG,CENPJ;CNTRL;PCNT;PRKAR2B,YWHAQ
AUTOPHAGY,M27935,87,89,87,0,2,0.9775280898876404,AMBRA1;ARL13B;ATG13;ATG3;ATG4B;ATG7;CETN1;CFTR;CHMP2A;CHMP2B;CHMP3;CHMP4A;CHMP4B;CHMP4C;CHMP6;CHMP7;DYNC1H1;DYNC1I1;DYNC1I2;DYNC1LI1;DYNC1LI2;DYNLL1;DYNLL2;EEF1A1;GABARAP;GABARAPL1;GABARAPL2;GFAP;HDAC6;HSP90AA1;HSP90AB1;HSPA8;IFT88;LAMTOR1;MAP1LC3A;MAP1LC3B;MVB12A;MVB12B;OPTN;PARK7;PCNT;PLIN2;RB1CC1;RHEB;RPS27A;SLC38A9;SRC;TBK1;TOMM20;TOMM22;TOMM40;TOMM5;TOMM6;TOMM7;TOMM70;TSC1;TSG101;TUBA1A;TUBA1B;TUBA1C;TUBA3E;TUBA4A;TUBA8;TUBAL3;TUBB1;TUBB2A;TUBB2B;TUBB3;TUBB4A;TUBB4B;TUBB6;TUBB8;UBA52;UBAP1;UBB;UBC;UBE2D2;UBE2D3;VCP;VDAC1;VDAC2;VDAC3;VPS28;VPS37A;VPS37B;VPS37C;VPS37D,,PRKN;TUBA3D
BASIGIN_INTERACTIONS,M4974,14,14,14,0,0,1.0,BSG;CAV1;ITGB1;PPIA;PPIL2;SLC16A3;SLC16A8;SLC3A2;SLC7A10;SLC7A5;SLC7A6;SLC7A7;SLC7A8;SLC7A9,,
BASIGIN_INTERACTIONS,MM17215,14,14,14,0,0,1.0,BSG;CAV1;ITGB1;PPIA;PPIL2;SLC16A3;SLC16A8;SLC3A2;SLC7A10;SLC7A5;SLC7A6;SLC7A7;SLC7A8;SLC7A9,,
BBSOME_MEDIATED_CARGO_TARGETING_TO_CILIUM,M27481,23,23,23,0,0,1.0,ARL6;BBIP1;BBS1;BBS10;BBS12;BBS2;BBS4;BBS5;BBS7;BBS9;CCT2;CCT3;CCT4;CCT5;CCT8;LZTFL1;MCHR1;MKKS;RAB3IP;SMO;SSTR3;TCP1;TTC8,,
BBSOME_MEDIATED_CARGO_TARGETING_TO_CILIUM,MM15210,23,13,13,10,0,0.5652173913043478,ARL6;BBS1;BBS2;BBS4;BBS5;BBS7;BBS9;LZTFL1;MCHR1;RAB3IP;SMO;SSTR3;TTC8,BBIP1;BBS10;BBS12;CCT2;CCT3;CCT4;CCT5;CCT8;MKKS;TCP1,
BETA_CATENIN_INDEPENDENT_WNT_SIGNALING,M27288,70,70,70,0,0,1.0,ADRM1;AP2A1;AP2A2;AP2B1;ARRB2;CALM1;CAMK2A;CLTC;CTNNB1;DVL1;DVL2;FZD2;FZD3;FZD4;FZD5;FZD6;GNAO1;GNAT2;GNB1;GNB2;GNB3;GNB4;GNB5;GNG10;GNG11;GNG12;GNG13;GNG2;GNG3;GNG4;GNG5;GNG7;GNG8;GNGT1;GNGT2;KRAS;MYC;PARD6A;PDE6A;PDE6B;PDE6G;PFN1;PLCB1;PLCB2;PLCB3;PPP3CB;PRKCA;PRKCB;PRKCG;PRKG1;PRKG2;PSMC1;PSMC5;PSMD13;PSMD14;PSMD2;PSMD3;RAC1;RAC2;RHOA;RPS27A;SCRIB;SMURF1;UBA52;UBB;UBC;VANGL2;WNT11;WNT5A;WNT5B,,
BETA_CATENIN_INDEPENDENT_WNT_SIGNALING,MM14988,70,65,63,7,2,0.875,ADRM1;AP2A1;AP2A2;AP2B1;ARRB2;CALM1;CAMK2A;CLTC;CTNNB1;DVL1;DVL2;FZD2;FZD3;FZD4;FZD5;FZD6;GNAO1;GNAT2;GNB1;GNB2;GNB3;GNB4;GNB5;GNG10;GNG11;GNG12;GNG13;GNG2;GNG3;GNG4;GNG5;GNG7;GNG8;GNGT1;GNGT2;KRAS;PARD6A;PDE6B;PDE6G;PFN1;PLCB1;PLCB2;PLCB3;PPP3CB;PRKCB;PRKCG;PSMC1;PSMC5;PSMD13;PSMD14;PSMD2;PSMD3;RAC1;RAC2;RHOA;RPS27A;SMURF1;UBA52;UBB;UBC;WNT11;WNT5A;WNT5B,MYC;PDE6A;PRKCA;PRKG1;PRKG2;SCRIB;VANGL2,CALM2;CALM3
BETA_OXIDATION_OF_OCTANOYL_COA_TO_HEXANOYL_COA,M27723,4,4,4,0,0,1.0,ACADM;ECHS1;HADHA;HADHB,,
BETA_OXIDATION_OF_OCTANOYL_COA_TO_HEXANOYL_COA,MM15465,4,4,4,0,0,1.0,ACADM;ECHS1;HADHA;HADHB,,
BRANCHED_CHAIN_AMINO_ACID_CATABOLISM,M17694,12,12,12,0,0,1.0,ACAT1;BCAT1;BCAT2;BCKDHA;BCKDHB;BCKDK;DBT;DLD;ECHS1;HIBCH;HSD17B10;SLC25A44,,
BRANCHED_CHAIN_AMINO_ACID_CATABOLISM,MM15397,12,11,11,1,0,0.9166666666666666,ACAT1;BCAT1;BCAT2;BCKDHA;BCKDHB;BCKDK;DBT;DLD;ECHS1;HIBCH;HSD17B10,SLC25A44,
BRANCHED_CHAIN_KETOACID_DEHYDROGENASE_KINASE_DEFICIENCY,M49164,5,5,5,0,0,1.0,BCKDHA;BCKDHB;BCKDK;DBT;DLD,,
BUDDING_AND_MATURATION_OF_HIV_VIRION,M26982,23,23,23,0,0,1.0,CHMP2A;CHMP2B;CHMP3;CHMP4A;CHMP4B;CHMP4C;CHMP6;CHMP7;MVB12A;MVB12B;NEDD4L;PPIA;RPS27A;TSG101;UBA52;UBAP1;UBB;UBC;VPS28;VPS37A;VPS37B;VPS37C;VPS37D,,
CA2_PATHWAY,M27321,41,41,41,0,0,1.0,CALM1;CAMK2A;CTNNB1;FZD2;FZD3;FZD4;FZD5;FZD6;GNAO1;GNAT2;GNB1;GNB2;GNB3;GNB4;GNB5;GNG10;GNG11;GNG12;GNG13;GNG2;GNG3;GNG4;GNG5;GNG7;GNG8;GNGT1;GNGT2;KRAS;MYC;PDE6A;PDE6B;PDE6G;PLCB1;PLCB2;PLCB3;PPP3CB;PRKCA;PRKG1;PRKG2;WNT11;WNT5A,,
CA2_PATHWAY,MM15040,41,38,36,5,2,0.8372093023255814,CALM1;CAMK2A;CTNNB1;FZD2;FZD3;FZD4;FZD5;FZD6;GNAO1;GNAT2;GNB1;GNB2;GNB3;GNB4;GNB5;GNG10;GNG11;GNG12;GNG13;GNG2;GNG3;GNG4;GNG5;GNG7;GNG8;GNGT1;GNGT2;KRAS;PDE6B;PDE6G;PLCB1;PLCB2;PLCB3;PPP3CB;WNT11;WNT5A,MYC;PDE6A;PRKCA;PRKG1;PRKG2,CALM2;CALM3
CALNEXIN_CALRETICULIN_CYCLE,M907,12,12,12,0,0,1.0,CALR;CANX;EDEM1;GANAB;MAN1B1;OS9;RNF139;RNF5;RPS27A;UBA52;UBB;UBC,,
CALNEXIN_CALRETICULIN_CYCLE,MM15592,12,6,6,6,0,0.5,CALR;CANX;RPS27A;UBA52;UBB;UBC,EDEM1;GANAB;MAN1B1;OS9;RNF139;RNF5,
CAMK_IV_MEDIATED_PHOSPHORYLATION_OF_CREB,M26910,8,8,8,0,0,1.0,CALM1;CAMK2A;CAMK2B;CAMK2D;CAMK2G;CAMK4;CREB1;KPNA2,,
CARBOXYTERMINAL_POST_TRANSLATIONAL_MODIFICATIONS_OF_TUBULIN,M27828,25,26,25,0,1,0.9615384615384616,AGBL4;AGBL5;TTL;TTLL1;TTLL10;TTLL11;TTLL4;TTLL5;TTLL6;TTLL7;TUBA1A;TUBA1B;TUBA1C;TUBA3E;TUBA4A;TUBA8;TUBAL3;TUBB1;TUBB2A;TUBB2B;TUBB3;TUBB4A;TUBB4B;TUBB6;TUBB8,,TUBA3D
CARBOXYTERMINAL_POST_TRANSLATIONAL_MODIFICATIONS_OF_TUBULIN,MM15549,25,20,19,6,1,0.7307692307692307,TTLL10;TTLL11;TTLL4;TTLL5;TTLL6;TTLL7;TUBA1A;TUBA1B;TUBA1C;TUBA4A;TUBA8;TUBAL3;TUBB1;TUBB2A;TUBB2B;TUBB3;TUBB4A;TUBB4B;TUBB6,AGBL4;AGBL5;TTL;TTLL1;TUBA3E;TUBB8,TUBA3D
CARGO_RECOGNITION_FOR_CLATHRIN_MEDIATED_ENDOCYTOSIS,M27752,39,39,39,0,0,1.0,ADRB2;AGTR1;AP2A1;AP2A2;AP2B1;ARRB1;ARRB2;AVPR2;CD4;CFTR;CLTC;CLTCL1;COPS5;DVL2;EGFR;EPN1;EPS15;EPS15L1;FZD4;GRB2;GRK2;GRK3;HGS;ITSN1;ITSN2;KIAA0319;NECAP2;NEDD8;RPS27A;SCARB2;STAM;STAM2;TFRC;UBA52;UBB;UBC;UBQLN2;VAMP3;WNT5A,,
CARGO_RECOGNITION_FOR_CLATHRIN_MEDIATED_ENDOCYTOSIS,MM15498,39,38,38,1,0,0.9743589743589743,ADRB2;AGTR1;AP2A1;AP2A2;AP2B1;ARRB1;ARRB2;AVPR2;CD4;CFTR;CLTC;COPS5;DVL2;EGFR;EPN1;EPS15;EPS15L1;FZD4;GRB2;GRK2;GRK3;HGS;ITSN1;ITSN2;KIAA0319;NECAP2;NEDD8;RPS27A;SCARB2;STAM;STAM2;TFRC;UBA52;UBB;UBC;UBQLN2;VAMP3;WNT5A,CLTCL1,
CARGO_TRAFFICKING_TO_THE_PERICILIARY_MEMBRANE,M27480,51,51,51,0,0,1.0,ARF4;ARL13B;ARL3;ARL6;ASAP1;BBIP1;BBS1;BBS10;BBS12;BBS2;BBS4;BBS5;BBS7;BBS9;CCT2;CCT3;CCT4;CCT5;CCT8;CNGA2;CNGA4;CNGB1;CYS1;EXOC1;EXOC2;EXOC3;EXOC4;EXOC5;EXOC6;EXOC7;EXOC8;GBF1;INPP5E;LZTFL1;MCHR1;MKKS;NPHP3;PDE6D;PKD1;PKD2;RAB11A;RAB11FIP3;RAB3IP;RAB8A;RHO;RP2;SMO;SSTR3;TCP1;TTC8;UNC119B,,
CARGO_TRAFFICKING_TO_THE_PERICILIARY_MEMBRANE,MM15209,51,39,39,12,0,0.7647058823529411,ARF4;ARL13B;ARL3;ARL6;ASAP1;BBS1;BBS2;BBS4;BBS5;BBS7;BBS9;CNGA2;CNGA4;CNGB1;EXOC1;EXOC2;EXOC3;EXOC4;EXOC5;EXOC7;EXOC8;GBF1;INPP5E;LZTFL1;MCHR1;NPHP3;PDE6D;PKD1;PKD2;RAB11A;RAB11FIP3;RAB3IP;RAB8A;RHO;RP2;SMO;SSTR3;TTC8;UNC119B,BBIP1;BBS10;BBS12;CCT2;CCT3;CCT4;CCT5;CCT8;CYS1;EXOC6;MKKS;TCP1,
CA_DEPENDENT_EVENTS,M749,31,31,31,0,0,1.0,ADCY1;ADCY2;ADCY3;ADCY4;ADCY5;ADCY6;ADCY7;ADCY8;ADCY9;CALM1;CAMK2A;CAMK2B;CAMK2D;CAMK2G;CAMK4;CREB1;GRK2;KPNA2;MAPK1;PDE1A;PDE1B;PDE1C;PRKACA;PRKACB;PRKACG;PRKAR1A;PRKAR1B;PRKAR2A;PRKAR2B;PRKCA;PRKCG,,
CA_DEPENDENT_EVENTS,MM14495,31,22,20,11,2,0.6060606060606061,ADCY1;ADCY2;ADCY3;ADCY4;ADCY5;ADCY6;ADCY7;ADCY8;ADCY9;CALM1;GRK2;MAPK1;PDE1A;PDE1B;PDE1C;PRKACA;PRKACB;PRKAR1A;PRKAR1B;PRKCG,CAMK2A;CAMK2B;CAMK2D;CAMK2G;CAMK4;CREB1;KPNA2;PRKACG;PRKAR2A;PRKAR2B;PRKCA,CALM2;CALM3
CD209_DC_SIGN_SIGNALING,M27485,16,16,16,0,0,1.0,CREBBP;EP300;FYN;HRAS;KRAS;NRAS;PAK1;PAK2;PAK3;PRKACA;PRKACB;PRKACG;RAF1;RELA;RELB;RPS6KA5,,
CD209_DC_SIGN_SIGNALING,MM15215,16,13,13,3,0,0.8125,EP300;FYN;HRAS;KRAS;PAK1;PAK2;PAK3;PRKACA;PRKACB;RAF1;RELA;RELB;RPS6KA5,CREBBP;NRAS;PRKACG,
CD28_DEPENDENT_PI3K_AKT_SIGNALING,M13897,11,14,11,0,3,0.7857142857142857,AKT1;AKT2;AKT3;CD80;CD86;FYN;LCK;PIK3CA;PIK3R1;PIK3R2;PIK3R3,,PIK3CB;PIK3CD;PIK3CG
CD28_DEPENDENT_PI3K_AKT_SIGNALING,MM14993,11,14,11,0,3,0.7857142857142857,AKT1;AKT2;AKT3;CD80;CD86;FYN;LCK;PIK3CA;PIK3R1;PIK3R2;PIK3R3,,PIK3CB;PIK3CD;PIK3CG
CD28_DEPENDENT_VAV1_PATHWAY,M13618,10,10,10,0,0,1.0,CD80;CD86;CDC42;FYN;GRB2;LCK;PAK1;PAK2;PAK3;RAC1,,
CD28_DEPENDENT_VAV1_PATHWAY,MM14994,10,10,10,0,0,1.0,CD80;CD86;CDC42;FYN;GRB2;LCK;PAK1;PAK2;PAK3;RAC1,,
CDC42_GTPASE_CYCLE,M41808,57,57,57,0,0,1.0,ABR;ARHGAP1;ARHGAP17;ARHGAP24;ARHGAP39;ARHGDIA;ARHGEF25;ARHGEF7;CAV1;CDC42;CDC42BPA;CDC42BPB;CDC42EP1;CDC42EP3;CPNE8;DEPDC1B;DIAPH3;ECT2;FARP1;FMNL3;FNBP1;FNBP1L;GIT1;GIT2;GNA13;IQGAP1;IQGAP3;ITSN1;JUP;KCTD3;LAMTOR1;LBR;MCF2;OPHN1;PAK1;PAK2;PAK3;PAK4;PAK5;PAK6;PARD6A;PIK3R1;PIK3R2;RAB7A;SCRIB;SNAP23;SRGAP2;SRGAP3;STEAP3;STOM;TFRC;TMPO;VAMP3;VANGL1;WAS;WASL;WIPF2,,
CDC6_ASSOCIATION_WITH_THE_ORC_ORIGIN_COMPLEX,M780,7,7,7,0,0,1.0,CDC6;MCM8;ORC1;ORC2;ORC3;ORC4;ORC5,,
CDC6_ASSOCIATION_WITH_THE_ORC_ORIGIN_COMPLEX,MM15359,7,7,7,0,0,1.0,CDC6;MCM8;ORC1;ORC2;ORC3;ORC4;ORC5,,
CDK_MEDIATED_PHOSPHORYLATION_AND_REMOVAL_OF_CDC6,M709,30,30,30,0,0,1.0,ADRM1;ANAPC1;ANAPC10;ANAPC11;ANAPC15;ANAPC16;ANAPC2;ANAPC4;ANAPC5;ANAPC7;CDC16;CDC23;CDC26;CDC27;CDC6;FZR1;PSMC1;PSMC5;PSMD13;PSMD14;PSMD2;PSMD3;RPS27A;UBA52;UBB;UBC;UBE2C;UBE2D1;UBE2E1;UBE2S,,
CDK_MEDIATED_PHOSPHORYLATION_AND_REMOVAL_OF_CDC6,MM15370,30,30,30,0,0,1.0,ADRM1;ANAPC1;ANAPC10;ANAPC11;ANAPC15;ANAPC16;ANAPC2;ANAPC4;ANAPC5;ANAPC7;CDC16;CDC23;CDC26;CDC27;CDC6;FZR1;PSMC1;PSMC5;PSMD13;PSMD14;PSMD2;PSMD3;RPS27A;UBA52;UBB;UBC;UBE2C;UBE2D1;UBE2E1;UBE2S,,
CELLULAR_RESPONSES_TO_MECHANICAL_STIMULI,M49155,54,56,54,0,2,0.9642857142857143,ABL1;ADCY1;ADCY2;ADCY3;ADCY4;ADCY5;ADCY6;ADCY7;ADCY8;ADCY9;AKT1;ANXA2;CALM1;CDH5;CTNNB1;FN1;FYN;GNA11;GNAQ;GNAS;GNB1;GNB2;GNB3;GNB4;GNB5;GNG10;GNG11;GNG12;GNG13;GNG2;GNG3;GNG4;GNG5;GNG7;GNG8;GNGT1;GNGT2;IKBKE;ITGB1;NFKBIA;NLRP3;PIK3CA;PIK3CB;PIK3CD;PIK3R2;PRKACA;PRKACB;PRKACG;PRKAR1A;PRKAR1B;PRKAR2A;PRKAR2B;RELA;STAT1,,GJA1;HSPG2
CELLULAR_RESPONSES_TO_MECHANICAL_STIMULI,MM17669,54,35,33,21,2,0.5892857142857143,ABL1;AKT1;ANXA2;CALM1;FN1;GNA11;GNAQ;GNAS;GNB1;GNB2;GNB3;GNB4;GNB5;GNG10;GNG11;GNG12;GNG13;GNG2;GNG3;GNG4;GNG5;GNG7;GNG8;GNGT1;GNGT2;IKBKE;ITGB1;NFKBIA;PRKACA;PRKACB;PRKAR1A;PRKAR1B;RELA,ADCY1;ADCY2;ADCY3;ADCY4;ADCY5;ADCY6;ADCY7;ADCY8;ADCY9;CDH5;CTNNB1;FYN;NLRP3;PIK3CA;PIK3CB;PIK3CD;PIK3R2;PRKACG;PRKAR2A;PRKAR2B;STAT1,CALM2;CALM3
CELLULAR_RESPONSES_TO_STIMULI,M27827,354,364,354,0,10,0.9725274725274725,AAAS;ABCG2;ABL1;ADCY1;ADCY2;ADCY3;ADCY4;ADCY5;ADCY6;ADCY7;ADCY8;ADCY9;ADRM1;AKT1;AKT2;AKT3;ALB;ANAPC1;ANAPC10;ANAPC11;ANAPC15;ANAPC16;ANAPC2;ANAPC4;ANAPC5;ANAPC7;ANXA2;AR;ARNT;ATF2;ATF3;ATF4;ATF6;ATF6B;BAG2;BAG3;BAG5;BCL2;BLVRB;BMI1;BRCA1;CA9;CALM1;CALR;CAMK2A;CAMK2B;CAMK2D;CAMK2G;CAPZA1;CAPZB;CBX2;CBX4;CBX8;CCAR2;CCL2;CDC16;CDC23;CDC26;CDC27;CDH5;CDKN2A;CEBPB;CEBPG;COX4I1;COX5A;COX5B;COX6A1;COX8A;CREB1;CREB3;CREB3L1;CREB3L2;CREB3L3;CREB3L4;CREBBP;CREBRF;CRTC2;CTNNB1;CUL3;CUL7;CYCS;DCSTAMP;DCTN1;DCTN2;DCTN4;DDIT3;DNAJA1;DYNC1H1;DYNC1I1;DYNC1I2;DYNC1LI1;DYNC1LI2;DYNLL1;DYNLL2;EDEM1;EEF1A1;EIF2AK1;EIF2AK3;EIF2AK4;EIF2S1;EIF2S3;EP300;EXOSC2;EXOSC9;EXTL2;EXTL3;EZH2;FBXL17;FN1;FOS;FYN;FZR1;G6PD;GCN1;GFPT1;GNA11;GNAQ;GNAS;GNB1;GNB2;GNB3;GNB4;GNB5;GNG10;GNG11;GNG12;GNG13;GNG2;GNG3;GNG4;GNG5;GNG7;GNG8;GNGT1;GNGT2;GPX2;GPX6;GPX7;GPX8;GSK3B;GSR;H2AC18;H2AC20;H2BC21;H3-3A;HDAC3;HDAC6;HIF1A;HIF3A;HIGD1C;HM13;HMGA1;HMOX1;HMOX2;HSP90AA1;HSP90AB1;HSP90B1;HSPA1A;HSPA1B;HSPA4;HSPA4L;HSPA5;HSPA8;HSPA9;HSPD1;HSPE1;IDH1;IKBKE;IL6;ITGB1;JUN;KAT5;KDM6B;KEAP1;KHSRP;LAMTOR1;LMNA;LMNB1;LONP1;MAFG;MAP1LC3B;MAP3K5;MAPK1;MAPK3;MAPK8;MAPK9;MBTPS1;MBTPS2;MDM2;MED1;MEF2D;MRE11;MT-CO1;MT-CO2;MT-CO3;MYC;NCOR1;NCOR2;NDC1;NDUFA4;NFE2L2;NFKBIA;NFYA;NFYB;NFYC;NLRP3;NPLOC4;NPRL3;NR1D1;NUDT2;NUP107;NUP133;NUP153;NUP155;NUP160;NUP188;NUP205;NUP210;NUP214;NUP35;NUP37;NUP42;NUP43;NUP50;NUP54;NUP58;NUP62;NUP85;NUP88;NUP93;NUP98;PGD;PGR;PHC1;PHC2;PHC3;PIK3CA;PIK3CB;PIK3CD;PIK3R2;POM121;POM121C;POT1;PPARGC1A;PRDX3;PRKACA;PRKACB;PRKACG;PRKAR1A;PRKAR1B;PRKAR2A;PRKAR2B;PSMC1;PSMC5;PSMD13;PSMD14;PSMD2;PSMD3;PTGES3;RAE1;RANBP2;RBX1;RELA;RHEB;RING1;RNF2;RORA;RPL11;RPL19;RPL22L1;RPL23;RPL27;RPL36AL;RPL5;RPL6;RPL7;RPL7A;RPLP1;RPS10;RPS11;RPS12;RPS13;RPS14;RPS18;RPS2;RPS20;RPS21;RPS23;RPS25;RPS27A;RPS27L;RPS3;RPS9;SCMH1;SEC13;SEH1L;SIN3A;SIN3B;SIRT1;SKP1;SLC38A9;SLC46A1;SOD1;SOD2;SP1;SRPRA;STAT1;STAT3;STOML2;TALDO1;TBL1X;TBL1XR1;TKT;TLR4;TP53;TPP1;TPR;TUBA1A;TUBA1B;TUBA1C;TUBA3E;TUBA4A;TUBA8;TUBAL3;TUBB1;TUBB2A;TUBB2B;TUBB3;TUBB4A;TUBB4B;TUBB6;TUBB8;TXN;TXNIP;TXNRD1;TXNRD2;UBA52;UBB;UBC;UBE2C;UBE2D1;UBE2D2;UBE2D3;UBE2E1;UBE2S;VCP;WDR24;WFS1;WTIP;XBP1;XPO1;YIF1A;YWHAE;ZBTB17,,GJA1;H2AX;H3-3B;H3C2;H4C6;HSPB1;HSPG2;TUBA3D;UBXN7;UFD1
CELLULAR_RESPONSES_TO_STIMULI,MM15548,354,240,232,122,8,0.6408839779005525,AAAS;ABL1;ADRM1;AKT1;AKT2;AKT3;ALB;ANAPC1;ANAPC10;ANAPC11;ANAPC15;ANAPC16;ANAPC2;ANAPC4;ANAPC5;ANAPC7;ANXA2;AR;ARNT;ATF6;ATF6B;BAG2;BAG3;BAG5;BLVRB;CALM1;CAMK2A;CAMK2B;CAMK2D;CAMK2G;CAPZB;CDC16;CDC23;CDC26;CDC27;CEBPB;COX4I1;COX5A;COX5B;COX6A1;COX8A;CREB3;CREB3L3;CREBRF;CUL3;CYCS;DCTN1;DCTN2;DCTN4;DNAJA1;DYNC1H1;DYNC1I1;DYNC1I2;DYNC1LI1;DYNC1LI2;DYNLL1;DYNLL2;EEF1A1;EIF2AK1;EIF2S1;EIF2S3;EP300;EZH2;FBXL17;FN1;FOS;FZR1;GNA11;GNAQ;GNAS;GNB1;GNB2;GNB3;GNB4;GNB5;GNG10;GNG11;GNG12;GNG13;GNG2;GNG3;GNG4;GNG5;GNG7;GNG8;GNGT1;GNGT2;GPX2;GPX6;GPX7;GPX8;GSK3B;GSR;H2AC18;H2AC20;HDAC3;HDAC6;HIF1A;HIF3A;HIGD1C;HM13;HMGA1;HMOX1;HMOX2;HSP90AA1;HSP90AB1;HSPA1A;HSPA1B;HSPA4;HSPA4L;HSPA5;HSPA8;HSPA9;IKBKE;ITGB1;JUN;KAT5;KDM6B;KEAP1;LAMTOR1;LMNB1;MAP1LC3B;MAP3K5;MAPK1;MAPK3;MAPK8;MAPK9;MBTPS1;MBTPS2;MDM2;MED1;MRE11;MT-CO1;MT-CO2;MT-CO3;NCOR2;NDC1;NDUFA4;NFE2L2;NFKBIA;NPLOC4;NPRL3;NUDT2;NUP107;NUP133;NUP153;NUP155;NUP160;NUP188;NUP205;NUP210;NUP214;NUP35;NUP37;NUP42;NUP43;NUP50;NUP54;NUP58;NUP62;NUP85;NUP88;NUP93;NUP98;PGR;POM121;POM121C;POT1;PRDX3;PRKACA;PRKACB;PRKAR1A;PRKAR1B;PSMC1;PSMC5;PSMD13;PSMD14;PSMD2;PSMD3;PTGES3;RAE1;RANBP2;RBX1;RELA;RHEB;RPS27A;SEC13;SEH1L;SIN3A;SIN3B;SIRT1;SKP1;SLC38A9;SLC46A1;SOD1;SOD2;STOML2;TBL1X;TBL1XR1;TLR4;TP53;TPR;TUBA1A;TUBA1B;TUBA1C;TUBA4A;TUBA8;TUBAL3;TUBB1;TUBB2A;TUBB2B;TUBB3;TUBB4A;TUBB4B;TUBB6;TXN;TXNRD1;TXNRD2;UBA52;UBB;UBC;UBE2C;UBE2D1;UBE2D2;UBE2D3;UBE2E1;UBE2S;VCP;WDR24;WTIP;XPO1;YWHAE,ABCG2;ADCY1;ADCY2;ADCY3;ADCY4;ADCY5;ADCY6;ADCY7;ADCY8;ADCY9;ATF2;ATF3;ATF4;BCL2;BMI1;BRCA1;CA9;CALR;CAPZA1;CBX2;CBX4;CBX8;CCAR2;CCL2;CDH5;CDKN2A;CEBPG;CREB1;CREB3L1;CREB3L2;CREB3L4;CREBBP;CRTC2;CTNNB1;CUL7;DCSTAMP;DDIT3;EDEM1;EIF2AK3;EIF2AK4;EXOSC2;EXOSC9;EXTL2;EXTL3;FYN;G6PD;GCN1;GFPT1;H2BC21;H3-3A;HSP90B1;HSPD1;HSPE1;IDH1;IL6;KHSRP;LMNA;LONP1;MAFG;MEF2D;MYC;NCOR1;NFYA;NFYB;NFYC;NLRP3;NR1D1;PGD;PHC1;PHC2;PHC3;PIK3CA;PIK3CB;PIK3CD;PIK3R2;PPARGC1A;PRKACG;PRKAR2A;PRKAR2B;RING1;RNF2;RORA;RPL11;RPL19;RPL22L1;RPL23;RPL27;RPL36AL;RPL5;RPL6;RPL7;RPL7A;RPLP1;RPS10;RPS11;RPS12;RPS13;RPS14;RPS18;RPS2;RPS20;RPS21;RPS23;RPS25;RPS27L;RPS3;RPS9;SCMH1;SP1;SRPRA;STAT1;STAT3;TALDO1;TKT;TPP1;TUBA3E;TUBB8;TXNIP;WFS1;XBP1;YIF1A;ZBTB17,CALM2;CALM3;EIF2S3B;H2AX;TBL1Y;TUBA3D;UBXN7;UFD1
CELLULAR_RESPONSE_TO_CHEMICAL_STRESS,M41836,81,83,81,0,2,0.9759036144578314,ABCG2;ADRM1;AKT1;AKT2;AKT3;ALB;ATF4;BCL2;BLVRB;BRCA1;CCL2;CDKN2A;COX4I1;COX5A;COX5B;COX6A1;COX8A;CREBBP;CUL3;CYCS;EIF2AK3;EP300;FBXL17;G6PD;GPX2;GPX6;GPX7;GPX8;GSK3B;GSR;HDAC3;HIGD1C;HM13;HMOX1;HMOX2;IDH1;KEAP1;MAFG;MAP1LC3B;MED1;MT-CO1;MT-CO2;MT-CO3;MYC;NCOR1;NCOR2;NDUFA4;NFE2L2;NLRP3;NPLOC4;NUDT2;PGD;PRDX3;PSMC1;PSMC5;PSMD13;PSMD14;PSMD2;PSMD3;RBX1;RELA;RPS27A;SIN3A;SIN3B;SKP1;SOD1;SOD2;SP1;STAT3;TALDO1;TBL1X;TBL1XR1;TKT;TXN;TXNIP;TXNRD1;TXNRD2;UBA52;UBB;UBC;VCP,,UBXN7;UFD1
CELLULAR_RESPONSE_TO_CHEMICAL_STRESS,MM15688,81,63,60,21,3,0.7142857142857143,ADRM1;AKT1;AKT2;AKT3;ALB;BLVRB;COX4I1;COX5A;COX5B;COX6A1;COX8A;CUL3;CYCS;EP300;FBXL17;GPX2;GPX6;GPX7;GPX8;GSK3B;GSR;HDAC3;HIGD1C;HM13;HMOX1;HMOX2;KEAP1;MAP1LC3B;MED1;MT-CO1;MT-CO2;MT-CO3;NCOR2;NDUFA4;NFE2L2;NPLOC4;NUDT2;PRDX3;PSMC1;PSMC5;PSMD13;PSMD14;PSMD2;PSMD3;RBX1;RPS27A;SIN3A;SIN3B;SKP1;SOD1;SOD2;TBL1X;TBL1XR1;TXN;TXNRD1;TXNRD2;UBA52;UBB;UBC;VCP,ABCG2;ATF4;BCL2;BRCA1;CCL2;CDKN2A;CREBBP;EIF2AK3;G6PD;IDH1;MAFG;MYC;NCOR1;NLRP3;PGD;RELA;SP1;STAT3;TALDO1;TKT;TXNIP,TBL1Y;UBXN7;UFD1
CELLULAR_RESPONSE_TO_HEAT_STRESS,M27253,59,60,59,0,1,0.9833333333333333,AAAS;BAG2;BAG3;BAG5;CAMK2A;CAMK2B;CAMK2D;CAMK2G;CCAR2;CREBBP;EEF1A1;EP300;GSK3B;HDAC6;HSP90AA1;HSP90AB1;HSPA1A;HSPA1B;HSPA4;HSPA4L;HSPA5;HSPA8;HSPA9;MAPK1;MAPK3;NDC1;NUP107;NUP133;NUP153;NUP155;NUP160;NUP188;NUP205;NUP210;NUP214;NUP35;NUP37;NUP42;NUP43;NUP50;NUP54;NUP58;NUP62;NUP85;NUP88;NUP93;NUP98;POM121;POM121C;PTGES3;RAE1;RANBP2;SEC13;SEH1L;SIRT1;TPR;UBB;VCP;YWHAE,,HSPB1
CELLULAR_RESPONSE_TO_HEAT_STRESS,MM14951,59,56,56,3,0,0.9491525423728814,AAAS;BAG2;BAG3;BAG5;CAMK2A;CAMK2B;CAMK2D;CAMK2G;EEF1A1;EP300;GSK3B;HDAC6;HSP90AA1;HSP90AB1;HSPA1A;HSPA1B;HSPA4;HSPA4L;HSPA5;HSPA8;HSPA9;MAPK1;MAPK3;NDC1;NUP107;NUP133;NUP153;NUP155;NUP160;NUP188;NUP205;NUP210;NUP214;NUP35;NUP37;NUP42;NUP43;NUP50;NUP54;NUP58;NUP62;NUP85;NUP88;NUP93;NUP98;POM121;POM121C;PTGES3;RAE1;RANBP2;SEC13;SEH1L;SIRT1;TPR;VCP;YWHAE,CCAR2;CREBBP;UBB,
CELLULAR_SENESCENCE,M27188,59,63,59,0,4,0.9365079365079365,ANAPC1;ANAPC10;ANAPC11;ANAPC15;ANAPC16;ANAPC2;ANAPC4;ANAPC5;ANAPC7;BMI1;CBX2;CBX4;CBX8;CDC16;CDC23;CDC26;CDC27;CDKN2A;CEBPB;EZH2;FOS;FZR1;H2AC18;H2AC20;H2BC21;H3-3A;HMGA1;IL6;JUN;KAT5;KDM6B;LMNB1;MAP3K5;MAPK1;MAPK3;MAPK8;MAPK9;MDM2;MRE11;PHC1;PHC2;PHC3;POT1;RELA;RING1;RNF2;RPS27A;SCMH1;SP1;STAT3;TP53;TXN;UBA52;UBB;UBC;UBE2C;UBE2D1;UBE2E1;UBE2S,,H2AX;H3-3B;H3C2;H4C6
CELLULAR_SENESCENCE,MM14901,59,43,42,17,1,0.7,ANAPC1;ANAPC10;ANAPC11;ANAPC15;ANAPC16;ANAPC2;ANAPC4;ANAPC5;ANAPC7;CDC16;CDC23;CDC26;CDC27;CEBPB;EZH2;FOS;FZR1;H2AC18;H2AC20;HMGA1;JUN;KAT5;KDM6B;LMNB1;MAP3K5;MAPK1;MAPK3;MAPK8;MAPK9;MDM2;MRE11;POT1;RPS27A;TP53;TXN;UBA52;UBB;UBC;UBE2C;UBE2D1;UBE2E1;UBE2S,BMI1;CBX2;CBX4;CBX8;CDKN2A;H2BC21;H3-3A;IL6;PHC1;PHC2;PHC3;RELA;RING1;RNF2;SCMH1;SP1;STAT3,H2AX
CELL_CYCLE,M543,269,274,268,1,6,0.9745454545454545,AAAS;ABL1;ADRM1;AKAP9;AKT1;AKT2;AKT3;ALMS1;ANAPC1;ANAPC10;ANAPC11;ANAPC15;ANAPC16;ANAPC2;ANAPC4;ANAPC5;ANAPC7;ATRX;AURKA;B9D2;BANF1;BARD1;BORA;BRCA1;BRCA2;BRCC3;BUB1B;CCP110;CDC14A;CDC16;CDC20;CDC23;CDC26;CDC27;CDC6;CDK11A;CDK11B;CDK5RAP2;CDK7;CDKN2A;CDT1;CENPA;CENPE;CENPF;CENPT;CEP131;CEP135;CEP152;CEP164;CEP192;CEP250;CEP290;CEP41;CEP63;CEP70;CEP72;CEP76;CEP78;CETN2;CHEK2;CHMP2A;CHMP2B;CHMP3;CHMP4A;CHMP4B;CHMP4C;CHMP6;CHMP7;CKAP5;CNTRL;DAXX;DCTN1;DCTN2;DHFR;DIDO1;DYNC1H1;DYNC1I1;DYNC1I2;DYNC1LI1;DYNC1LI2;DYNLL1;DYNLL2;E2F6;EML4;EP300;ESCO1;ESCO2;FEN1;FZR1;GSK3B;GTSE1;H2AC18;H2AC20;H2BC21;H3-3A;HAUS1;HAUS2;HAUS3;HAUS4;HAUS5;HAUS6;HAUS7;HAUS8;HDAC1;HDAC8;HSP90AA1;HSP90AB1;JAK2;KAT5;KIF18A;KIF2A;LBR;LMNA;LMNB1;LPIN2;MAD2L1;MAPK1;MAPK3;MAPRE1;MAX;MCM2;MCM3;MCM4;MCM5;MCM6;MCM7;MCM8;MCPH1;MDM2;MRE11;MYC;MZT1;MZT2A;MZT2B;NDC1;NDE1;NDEL1;NEDD1;NEK2;NEK9;NHP2;NINL;NME7;NPM1;NUP107;NUP133;NUP153;NUP155;NUP160;NUP188;NUP205;NUP210;NUP214;NUP35;NUP37;NUP42;NUP43;NUP50;NUP54;NUP58;NUP62;NUP85;NUP88;NUP93;NUP98;ODF2;OFD1;OPTN;ORC1;ORC2;ORC3;ORC4;ORC5;PAFAH1B1;PCM1;PCNT;PDS5A;PDS5B;PHF20;PIAS4;PLK1;PLK4;POLR2A;POLR2B;POLR2C;POM121;POM121C;POT1;PPP1CB;PPP1CC;PPP1R12A;PRKACA;PRKAR2B;PRKCA;PRKCB;PSMC1;PSMC5;PSMD13;PSMD14;PSMD2;PSMD3;RAB8A;RAD51;RAE1;RAN;RANBP2;RANGAP1;RBX1;RCC1;RPS27A;RUVBL1;RUVBL2;SDCCAG8;SEC13;SEH1L;SKP1;SMC1A;SMC3;SRC;STAG2;SUMO1;SYNE1;TERT;TK1;TMPO;TNPO1;TP53;TP53BP1;TPR;TUBA1A;TUBA1B;TUBA1C;TUBA3E;TUBA4A;TUBA8;TUBAL3;TUBB;TUBB1;TUBB2A;TUBB2B;TUBB3;TUBB4A;TUBB4B;TUBB6;TUBB8;TUBG1;TUBG2;TUBGCP2;TUBGCP3;TUBGCP4;TUBGCP5;TUBGCP6;TYMS;UBA52;UBB;UBC;UBE2C;UBE2D1;UBE2E1;UBE2I;UBE2S;XPO1;YWHAB;YWHAE;YWHAG;YWHAH;YWHAQ;YWHAZ,CENPJ,BABAM2;H2AX;H3-3B;H3C2;H4C6;TUBA3D
CELL_CYCLE,MM14635,269,248,242,27,6,0.88,AAAS;ABL1;ADRM1;AKAP9;AKT1;AKT2;AKT3;ALMS1;ANAPC1;ANAPC10;ANAPC11;ANAPC15;ANAPC16;ANAPC2;ANAPC4;ANAPC5;ANAPC7;ATRX;AURKA;B9D2;BANF1;BARD1;BORA;BRCA1;BRCC3;BUB1B;CCP110;CDC14A;CDC16;CDC20;CDC23;CDC26;CDC27;CDC6;CDK11A;CDK11B;CDK5RAP2;CDK7;CDT1;CENPA;CENPE;CENPF;CENPT;CEP131;CEP135;CEP152;CEP164;CEP192;CEP250;CEP290;CEP41;CEP63;CEP70;CEP72;CEP76;CEP78;CETN2;CHEK2;CHMP2A;CHMP2B;CHMP3;CHMP4B;CHMP4C;CHMP6;CHMP7;CKAP5;DAXX;DCTN1;DCTN2;DYNC1H1;DYNC1I1;DYNC1I2;DYNC1LI1;DYNC1LI2;DYNLL1;DYNLL2;EML4;ESCO1;ESCO2;FEN1;FZR1;GTSE1;H2AC18;H2AC20;H3-3A;HAUS1;HAUS2;HAUS3;HAUS4;HAUS5;HAUS6;HAUS7;HAUS8;HDAC1;HDAC8;HSP90AA1;HSP90AB1;JAK2;KAT5;KIF18A;KIF2A;LBR;LMNA;LMNB1;LPIN2;MAD2L1;MAPK1;MAPK3;MAPRE1;MCM2;MCM3;MCM4;MCM5;MCM6;MCM7;MCM8;MCPH1;MDM2;MRE11;MZT1;MZT2A;MZT2B;NDC1;NDE1;NDEL1;NEDD1;NEK2;NEK9;NHP2;NINL;NME7;NPM1;NUP107;NUP133;NUP153;NUP155;NUP160;NUP188;NUP205;NUP210;NUP214;NUP35;NUP37;NUP42;NUP43;NUP50;NUP54;NUP58;NUP62;NUP85;NUP88;NUP93;NUP98;ODF2;OFD1;OPTN;ORC1;ORC2;ORC3;ORC4;ORC5;PAFAH1B1;PCM1;PDS5A;PDS5B;PHF20;PIAS4;PLK1;PLK4;POM121;POM121C;POT1;PPP1CB;PPP1CC;PPP1R12A;PRKACA;PRKCB;PSMC1;PSMC5;PSMD13;PSMD14;PSMD2;PSMD3;RAB8A;RAD51;RAE1;RAN;RANBP2;RANGAP1;RBX1;RCC1;RPS27A;RUVBL1;SDCCAG8;SEC13;SEH1L;SKP1;SMC1A;SMC3;SRC;STAG2;SUMO1;TERT;TP53;TP53BP1;TPR;TUBA1A;TUBA1B;TUBA1C;TUBA4A;TUBA8;TUBAL3;TUBB;TUBB1;TUBB2A;TUBB2B;TUBB3;TUBB4A;TUBB4B;TUBB6;TUBG1;TUBG2;TUBGCP2;TUBGCP3;TUBGCP4;TUBGCP5;TUBGCP6;UBA52;UBB;UBC;UBE2C;UBE2D1;UBE2E1;UBE2I;UBE2S;XPO1;YWHAB;YWHAE;YWHAG;YWHAH;YWHAQ;YWHAZ,BRCA2;CDKN2A;CENPJ;CHMP4A;CNTRL;DHFR;DIDO1;E2F6;EP300;GSK3B;H2BC21;MAX;MYC;PCNT;POLR2A;POLR2B;POLR2C;PRKAR2B;PRKCA;RUVBL2;SYNE1;TK1;TMPO;TNPO1;TUBA3E;TUBB8;TYMS,BABAM2;H2AX;H3-3B;RBM39;RNF103-CHMP3;TUBA3D
CELL_CYCLE_CHECKPOINTS,M16647,97,100,97,0,3,0.97,ADRM1;ANAPC1;ANAPC10;ANAPC11;ANAPC15;ANAPC16;ANAPC2;ANAPC4;ANAPC5;ANAPC7;B9D2;BARD1;BRCA1;BRCC3;BUB1B;CDC16;CDC20;CDC23;CDC26;CDC27;CDC6;CDKN2A;CENPA;CENPE;CENPF;CENPT;CHEK2;CKAP5;DYNC1H1;DYNC1I1;DYNC1I2;DYNC1LI1;DYNC1LI2;DYNLL1;DYNLL2;GTSE1;H2BC21;KAT5;KIF18A;KIF2A;MAD2L1;MAPRE1;MCM2;MCM3;MCM4;MCM5;MCM6;MCM7;MCM8;MDM2;MRE11;NDE1;NDEL1;NUP107;NUP133;NUP160;NUP37;NUP43;NUP85;NUP98;ORC1;ORC2;ORC3;ORC4;ORC5;PAFAH1B1;PHF20;PIAS4;PLK1;PPP1CC;PSMC1;PSMC5;PSMD13;PSMD14;PSMD2;PSMD3;RANBP2;RANGAP1;RPS27A;SEC13;SEH1L;TP53;TP53BP1;UBA52;UBB;UBC;UBE2C;UBE2D1;UBE2E1;UBE2S;XPO1;YWHAB;YWHAE;YWHAG;YWHAH;YWHAQ;YWHAZ,,BABAM2;H2AX;H4C6
CELL_CYCLE_CHECKPOINTS,MM15388,97,97,95,2,2,0.9595959595959596,ADRM1;ANAPC1;ANAPC10;ANAPC11;ANAPC15;ANAPC16;ANAPC2;ANAPC4;ANAPC5;ANAPC7;B9D2;BARD1;BRCA1;BRCC3;BUB1B;CDC16;CDC20;CDC23;CDC26;CDC27;CDC6;CENPA;CENPE;CENPF;CENPT;CHEK2;CKAP5;DYNC1H1;DYNC1I1;DYNC1I2;DYNC1LI1;DYNC1LI2;DYNLL1;DYNLL2;GTSE1;KAT5;KIF18A;KIF2A;MAD2L1;MAPRE1;MCM2;MCM3;MCM4;MCM5;MCM6;MCM7;MCM8;MDM2;MRE11;NDE1;NDEL1;NUP107;NUP133;NUP160;NUP37;NUP43;NUP85;NUP98;ORC1;ORC2;ORC3;ORC4;ORC5;PAFAH1B1;PHF20;PIAS4;PLK1;PPP1CC;PSMC1;PSMC5;PSMD13;PSMD14;PSMD2;PSMD3;RANBP2;RANGAP1;RPS27A;SEC13;SEH1L;TP53;TP53BP1;UBA52;UBB;UBC;UBE2C;UBE2D1;UBE2E1;UBE2S;XPO1;YWHAB;YWHAE;YWHAG;YWHAH;YWHAQ;YWHAZ,CDKN2A;H2BC21,BABAM2;H2AX
CELL_CYCLE_MITOTIC,M5336,240,244,239,1,5,0.9755102040816327,AAAS;ABL1;ADRM1;AKAP9;AKT1;AKT2;AKT3;ALMS1;ANAPC1;ANAPC10;ANAPC11;ANAPC15;ANAPC16;ANAPC2;ANAPC4;ANAPC5;ANAPC7;AURKA;B9D2;BANF1;BORA;BUB1B;CCP110;CDC14A;CDC16;CDC20;CDC23;CDC26;CDC27;CDC6;CDK11A;CDK11B;CDK5RAP2;CDK7;CDKN2A;CDT1;CENPA;CENPE;CENPF;CENPT;CEP131;CEP135;CEP152;CEP164;CEP192;CEP250;CEP290;CEP41;CEP63;CEP70;CEP72;CEP76;CEP78;CETN2;CHMP2A;CHMP2B;CHMP3;CHMP4A;CHMP4B;CHMP4C;CHMP6;CHMP7;CKAP5;CNTRL;DCTN1;DCTN2;DHFR;DYNC1H1;DYNC1I1;DYNC1I2;DYNC1LI1;DYNC1LI2;DYNLL1;DYNLL2;E2F6;EML4;EP300;ESCO1;ESCO2;FEN1;FZR1;GSK3B;GTSE1;H2AC18;H2AC20;H2BC21;H3-3A;HAUS1;HAUS2;HAUS3;HAUS4;HAUS5;HAUS6;HAUS7;HAUS8;HDAC1;HDAC8;HSP90AA1;HSP90AB1;JAK2;KIF18A;KIF2A;LBR;LMNA;LMNB1;LPIN2;MAD2L1;MAPK1;MAPK3;MAPRE1;MAX;MCM2;MCM3;MCM4;MCM5;MCM6;MCM7;MCM8;MCPH1;MYC;MZT1;MZT2A;MZT2B;NDC1;NDE1;NDEL1;NEDD1;NEK2;NEK9;NINL;NME7;NUP107;NUP133;NUP153;NUP155;NUP160;NUP188;NUP205;NUP210;NUP214;NUP35;NUP37;NUP42;NUP43;NUP50;NUP54;NUP58;NUP62;NUP85;NUP88;NUP93;NUP98;ODF2;OFD1;OPTN;ORC1;ORC2;ORC3;ORC4;ORC5;PAFAH1B1;PCM1;PCNT;PDS5A;PDS5B;PLK1;PLK4;POM121;POM121C;PPP1CB;PPP1CC;PPP1R12A;PRKACA;PRKAR2B;PRKCA;PRKCB;PSMC1;PSMC5;PSMD13;PSMD14;PSMD2;PSMD3;RAB8A;RAE1;RAN;RANBP2;RANGAP1;RBX1;RCC1;RPS27A;SDCCAG8;SEC13;SEH1L;SKP1;SMC1A;SMC3;SRC;STAG2;SUMO1;TK1;TMPO;TNPO1;TP53;TPR;TUBA1A;TUBA1B;TUBA1C;TUBA3E;TUBA4A;TUBA8;TUBAL3;TUBB;TUBB1;TUBB2A;TUBB2B;TUBB3;TUBB4A;TUBB4B;TUBB6;TUBB8;TUBG1;TUBG2;TUBGCP2;TUBGCP3;TUBGCP4;TUBGCP5;TUBGCP6;TYMS;UBA52;UBB;UBC;UBE2C;UBE2D1;UBE2E1;UBE2I;UBE2S;XPO1;YWHAE;YWHAG,CENPJ,H2AX;H3-3B;H3C2;H4C6;TUBA3D
CGMP_EFFECTS,M902,10,10,10,0,0,1.0,KCNMA1;PDE10A;PDE11A;PDE1A;PDE1B;PDE2A;PDE5A;PDE9A;PRKG1;PRKG2,,
CGMP_EFFECTS,MM15054,10,8,8,2,0,0.8,PDE10A;PDE11A;PDE1A;PDE1B;PDE2A;PDE5A;PDE9A;PRKG1,KCNMA1;PRKG2,
CHAPERONE_MEDIATED_AUTOPHAGY,M27937,17,17,17,0,0,1.0,ARL13B;CETN1;CFTR;EEF1A1;GFAP;HDAC6;HSP90AA1;HSP90AB1;HSPA8;IFT88;PARK7;PCNT;PLIN2;RPS27A;UBA52;UBB;UBC,,
CHAPERONIN_MEDIATED_PROTEIN_FOLDING,MM15003,62,34,34,28,0,0.5483870967741935,CCT2;CCT3;CCT4;CCT5;CCT6A;CCT6B;CCT7;CCT8;GNA11;GNA14;GNA15;GNAQ;GNB1;GNB2;GNB3;GNB4;GNB5;GNG10;GNG11;GNG12;GNG13;GNG2;GNG3;GNG4;GNG5;GNG7;GNG8;GNGT1;GNGT2;RGS11;RGS6;RGS7;RGS9;TCP1,ACTB;AP3M1;DCAF7;FBXL5;GAPDHS;HDAC3;KIFC3;LONP2;NOP56;PFDN1;PFDN5;STAT3;TP53;TUBA1A;TUBA1B;TUBA1C;TUBA3E;TUBA4A;TUBA8;TUBAL3;TUBB1;TUBB2A;TUBB2B;TUBB3;TUBB4A;TUBB4B;TUBB6;XRN2,
CHOLESTEROL_BIOSYNTHESIS,M16227,25,25,25,0,0,1.0,ACAT2;CYP51A1;DHCR24;DHCR7;EBP;FDFT1;FDPS;GGPS1;HMGCR;HMGCS1;HSD17B7;IDI1;IDI2;LBR;LSS;MSMO1;MVD;MVK;NSDHL;PMVK;SC5D;SQLE;SREBF1;SREBF2;TM7SF2,,
CHOLESTEROL_BIOSYNTHESIS,MM14735,25,25,25,0,0,1.0,ACAT2;CYP51A1;DHCR24;DHCR7;EBP;FDFT1;FDPS;GGPS1;HMGCR;HMGCS1;HSD17B7;IDI1;IDI2;LBR;LSS;MSMO1;MVD;MVK;NSDHL;PMVK;SC5D;SQLE;SREBF1;SREBF2;TM7SF2,,
CILIUM_ASSEMBLY,M27472,177,175,174,3,1,0.9775280898876404,AHI1;AKAP9;ALMS1;ARF4;ARL13B;ARL3;ARL6;ASAP1;B9D1;B9D2;BBIP1;BBS1;BBS10;BBS12;BBS2;BBS4;BBS5;BBS7;BBS9;C2CD3;CC2D2A;CCP110;CCT2;CCT3;CCT4;CCT5;CCT8;CDK5RAP2;CEP131;CEP135;CEP152;CEP162;CEP164;CEP192;CEP250;CEP290;CEP41;CEP63;CEP70;CEP72;CEP76;CEP78;CEP83;CEP89;CEP97;CETN2;CKAP5;CLUAP1;CNGA2;CNGA4;CNGB1;CNTRL;CYS1;DCTN1;DCTN2;DYNC1H1;DYNC1I2;DYNC2H1;DYNC2LI1;DYNLL1;DYNLL2;DYNLRB1;DYNLRB2;EXOC1;EXOC2;EXOC3;EXOC4;EXOC5;EXOC6;EXOC7;EXOC8;FBF1;GBF1;HAUS1;HAUS2;HAUS3;HAUS4;HAUS5;HAUS6;HAUS7;HAUS8;HDAC6;HSP90AA1;IFT122;IFT140;IFT172;IFT20;IFT22;IFT27;IFT43;IFT46;IFT52;IFT57;IFT74;IFT80;IFT81;IFT88;INPP5E;IQCB1;KIF17;KIF24;KIF3A;KIF3B;KIFAP3;LZTFL1;MAPRE1;MARK4;MCHR1;MKKS;MKS1;NDE1;NEDD1;NEK2;NINL;NPHP1;NPHP3;NPHP4;ODF2;OFD1;PAFAH1B1;PCM1;PCNT;PDE6D;PKD1;PKD2;PLK1;PLK4;PRKACA;PRKAR2B;RAB11A;RAB11FIP3;RAB3IP;RAB8A;RHO;RP2;RPGRIP1L;SCLT1;SDCCAG8;SEPTIN2;SMO;SSTR3;TCP1;TCTN1;TCTN2;TCTN3;TMEM216;TMEM67;TNPO1;TRAF3IP1;TTBK2;TTC21B;TTC8;TUBA1A;TUBA1B;TUBA1C;TUBA3E;TUBA4A;TUBA8;TUBAL3;TUBB;TUBB1;TUBB2A;TUBB2B;TUBB3;TUBB4A;TUBB4B;TUBB6;TUBB8;TUBG1;UNC119B;WDR19;WDR35;YWHAE;YWHAG,CENPJ;HSPB11;TTC26,TUBA3D
CIRCADIAN_CLOCK,M938,29,40,27,2,13,0.6428571428571429,ATF2;CREB1;CREBBP;CREM;CRTC2;EP300;HDAC3;MED1;MEF2D;NCOR1;NR1D1;PER2;PPARGC1A;PPP1CA;PPP1CB;PPP1CC;RBM4;RORA;RPS27A;SIRT1;SKP1;SREBF1;TBL1X;TBL1XR1;UBA52;UBB;UBC,HIF1A;NFIL3,ADRM1;CDK5;KMT2A;PSMC1;PSMC5;PSMD13;PSMD14;PSMD2;PSMD3;RBX1;RORB;TFEB;UBE2D1
CITRIC_ACID_CYCLE_TCA_CYCLE,M784,23,23,22,1,1,0.9166666666666666,ACAT1;ACO2;CS;DLD;DLST;FH;FXN;IDH2;IDH3A;IDH3B;IDH3G;MDH2;NNT;OGDH;SDHA;SDHB;SDHC;SDHD;SUCLA2;SUCLG1;SUCLG2;TRAP1,MRPS36,KGD4
CITRIC_ACID_CYCLE_TCA_CYCLE,MM15407,23,23,22,1,1,0.9166666666666666,ACAT1;ACO2;CS;DLD;DLST;FH;FXN;IDH2;IDH3A;IDH3B;IDH3G;MDH2;NNT;OGDH;SDHA;SDHB;SDHC;SDHD;SUCLA2;SUCLG1;SUCLG2;TRAP1,MRPS36,KGD4
CLASS_B_2_SECRETIN_FAMILY_RECEPTORS,M797,37,37,37,0,0,1.0,CRH;CRHR1;FZD2;FZD3;FZD4;FZD5;FZD6;GCGR;GHRH;GNAS;GNB1;GNB2;GNB3;GNB4;GNB5;GNG10;GNG11;GNG12;GNG13;GNG2;GNG3;GNG4;GNG5;GNG7;GNG8;GNGT1;GNGT2;PTCH1;PTH;PTH1R;PTH2R;SCT;SCTR;SHH;SMO;WNT11;WNT5A,,
CLASS_B_2_SECRETIN_FAMILY_RECEPTORS,MM14964,37,27,27,10,0,0.7297297297297297,CRH;CRHR1;GCGR;GHRH;GNAS;GNB1;GNB2;GNB3;GNB4;GNB5;GNG10;GNG11;GNG12;GNG13;GNG2;GNG3;GNG4;GNG5;GNG7;GNG8;GNGT1;GNGT2;PTH;PTH1R;PTH2R;SCT;SCTR,FZD2;FZD3;FZD4;FZD5;FZD6;PTCH1;SHH;SMO;WNT11;WNT5A,
CLASS_I_MHC_MEDIATED_ANTIGEN_PROCESSING_PRESENTATION,MM15712,108,100,99,9,1,0.908256880733945,ADRM1;ANAPC1;ANAPC10;ANAPC11;ANAPC13;ANAPC2;ANAPC4;ANAPC5;ANAPC7;ASB6;ATG7;BCAP31;CALR;CANX;CCNF;CD36;CDC16;CDC20;CDC23;CDC26;CDC27;CUL3;CUL7;FBXL20;FBXL5;FBXO40;FBXO9;FCGR1A;FZR1;GAN;GLMN;HACE1;HLA-A;HLA-B;HSPA5;HUWE1;KBTBD7;KBTBD8;KCTD7;KEAP1;KLHL11;KLHL13;KLHL2;KLHL20;KLHL21;KLHL22;KLHL25;KLHL3;KLHL41;KLHL42;KLHL9;LTN1;MEX3C;MKRN1;MRC1;NEDD4;NEDD4L;PSMC1;PSMC5;PSMD13;PSMD14;PSMD2;PSMD3;RBCK1;RBX1;RCHY1;RNF130;RNF25;RNF34;RNF4;RPS27A;SEC13;SEC24C;SKP1;SMURF1;SNAP23;SOCS1;SOCS3;SPSB2;STUB1;TAPBP;TRIM32;TRIP12;UBA1;UBA52;UBA6;UBAC1;UBB;UBC;UBE2C;UBE2D1;UBE2D2;UBE2D3;UBE2E1;UBE2E3;UBE2S;UBR4;VAMP3;ZNRF2,ITGB5;KBTBD6;MYD88;SEC61A1;SEC61A2;SEC61B;TIRAP;TLR2;TLR4,PRKN
CLATHRIN_MEDIATED_ENDOCYTOSIS,M27753,54,54,54,0,0,1.0,ACTB;ADRB2;AGTR1;AP2A1;AP2A2;AP2B1;ARRB1;ARRB2;AVPR2;CD4;CFTR;CLTC;CLTCL1;COPS5;DNAJC6;DNM1;DNM2;DVL2;EGFR;EPN1;EPS15;EPS15L1;FNBP1;FNBP1L;FZD4;GRB2;GRK2;GRK3;HGS;HSPA8;ITSN1;ITSN2;KIAA0319;NECAP2;NEDD8;OCRL;PIK3C2A;PIP5K1C;RAB5A;RPS27A;SCARB2;STAM;STAM2;SYNJ1;SYNJ2;TFRC;TRIP10;UBA52;UBB;UBC;UBQLN2;VAMP3;WASL;WNT5A,,
CLATHRIN_MEDIATED_ENDOCYTOSIS,MM15499,54,52,52,2,0,0.9629629629629629,ACTB;ADRB2;AGTR1;AP2A1;AP2A2;AP2B1;ARRB1;ARRB2;AVPR2;CD4;CFTR;CLTC;COPS5;DNAJC6;DNM1;DNM2;DVL2;EGFR;EPN1;EPS15;EPS15L1;FNBP1;FNBP1L;FZD4;GRB2;GRK2;GRK3;HGS;HSPA8;ITSN1;ITSN2;KIAA0319;NECAP2;NEDD8;OCRL;PIK3C2A;PIP5K1C;RAB5A;RPS27A;SCARB2;STAM;STAM2;SYNJ1;SYNJ2;TFRC;TRIP10;UBA52;UBB;UBC;UBQLN2;VAMP3;WNT5A,CLTCL1;WASL,
COMPLEX_III_ASSEMBLY,M48276,13,13,13,0,0,1.0,BCS1L;CYC1;FXN;HSCB;HSPA9;LYRM7;MT-CYB;UQCC1;UQCR10;UQCRC1;UQCRC2;UQCRFS1;UQCRQ,,
COMPLEX_III_ASSEMBLY,MM17248,13,11,11,2,0,0.8461538461538461,CYC1;FXN;HSCB;HSPA9;LYRM7;MT-CYB;UQCR10;UQCRC1;UQCRC2;UQCRFS1;UQCRQ,BCS1L;UQCC1,
COMPLEX_IV_ASSEMBLY,M48275,21,21,21,0,0,1.0,COQ10A;COQ10B;COX11;COX15;COX17;COX18;COX19;COX4I1;COX5A;COX5B;COX6A1;COX8A;MT-CO1;MT-CO2;MT-CO3;NDUFA4;PET100;PNKD;SCO1;SCO2;TIMM21,,
COMPLEX_IV_ASSEMBLY,MM17247,21,19,19,2,0,0.9047619047619048,COQ10A;COQ10B;COX11;COX15;COX17;COX18;COX19;COX4I1;COX5A;COX5B;COX6A1;COX8A;MT-CO1;MT-CO2;MT-CO3;NDUFA4;SCO1;SCO2;TIMM21,PET100;PNKD,
COMPLEX_I_BIOGENESIS,M27621,31,31,31,0,0,1.0,ACAD9;HSCB;HSPA9;MT-ND1;MT-ND2;MT-ND4;MT-ND5;NDUFA10;NDUFA12;NDUFA13;NDUFA2;NDUFA3;NDUFA5;NDUFA8;NDUFA9;NDUFAB1;NDUFAF5;NDUFAF6;NDUFB3;NDUFB4;NDUFB7;NDUFB8;NDUFB9;NDUFS1;NDUFS2;NDUFS3;NDUFS7;NDUFS8;NDUFV1;NDUFV2;NUBPL,,
COMPLEX_I_BIOGENESIS,MM15331,31,31,31,0,0,1.0,ACAD9;HSCB;HSPA9;MT-ND1;MT-ND2;MT-ND4;MT-ND5;NDUFA10;NDUFA12;NDUFA13;NDUFA2;NDUFA3;NDUFA5;NDUFA8;NDUFA9;NDUFAB1;NDUFAF5;NDUFAF6;NDUFB3;NDUFB4;NDUFB7;NDUFB8;NDUFB9;NDUFS1;NDUFS2;NDUFS3;NDUFS7;NDUFS8;NDUFV1;NDUFV2;NUBPL,,
CONSTITUTIVE_SIGNALING_BY_EGFRVIII,M29701,11,11,11,0,0,1.0,EGFR;GAB1;GRB2;HRAS;HSP90AA1;KRAS;NRAS;PIK3CA;PIK3R1;PLCG1;SOS1,,
CONSTITUTIVE_SIGNALING_BY_LIGAND_RESPONSIVE_EGFR_CANCER_VARIANTS,M559,15,15,15,0,0,1.0,EGFR;GAB1;GRB2;HRAS;HSP90AA1;KRAS;NRAS;PIK3CA;PIK3R1;PLCG1;RPS27A;SOS1;UBA52;UBB;UBC,,
CONSTITUTIVE_SIGNALING_BY_OVEREXPRESSED_ERBB2,M29814,7,7,7,0,0,1.0,ERBB2;GRB2;HRAS;HSP90AA1;KRAS;NRAS;SOS1,,
CONVERSION_FROM_APC_C_CDC20_TO_APC_C_CDH1_IN_LATE_ANAPHASE,M1044,20,20,20,0,0,1.0,ANAPC1;ANAPC10;ANAPC11;ANAPC15;ANAPC16;ANAPC2;ANAPC4;ANAPC5;ANAPC7;CDC14A;CDC16;CDC20;CDC23;CDC26;CDC27;FZR1;UBE2C;UBE2D1;UBE2E1;UBE2S,,
CONVERSION_FROM_APC_C_CDC20_TO_APC_C_CDH1_IN_LATE_ANAPHASE,MM14688,20,20,20,0,0,1.0,ANAPC1;ANAPC10;ANAPC11;ANAPC15;ANAPC16;ANAPC2;ANAPC4;ANAPC5;ANAPC7;CDC14A;CDC16;CDC20;CDC23;CDC26;CDC27;FZR1;UBE2C;UBE2D1;UBE2E1;UBE2S,,
COOPERATION_OF_PDCL_PHLP1_AND_TRIC_CCT_IN_G_PROTEIN_BETA_FOLDING,M27656,34,34,34,0,0,1.0,CCT2;CCT3;CCT4;CCT5;CCT6A;CCT6B;CCT7;CCT8;GNA11;GNA14;GNA15;GNAQ;GNB1;GNB2;GNB3;GNB4;GNB5;GNG10;GNG11;GNG12;GNG13;GNG2;GNG3;GNG4;GNG5;GNG7;GNG8;GNGT1;GNGT2;RGS11;RGS6;RGS7;RGS9;TCP1,,
COOPERATION_OF_PREFOLDIN_AND_TRIC_CCT_IN_ACTIN_AND_TUBULIN_FOLDING,M27297,26,27,26,0,1,0.9629629629629629,ACTB;CCT2;CCT3;CCT4;CCT5;CCT6A;CCT6B;CCT7;CCT8;PFDN1;PFDN5;TCP1;TUBA1A;TUBA1B;TUBA1C;TUBA3E;TUBA4A;TUBA8;TUBAL3;TUBB1;TUBB2A;TUBB2B;TUBB3;TUBB4A;TUBB4B;TUBB6,,TUBA3D
COPI_DEPENDENT_GOLGI_TO_ER_RETROGRADE_TRAFFIC,M27650,35,36,35,0,1,0.9722222222222222,ARF4;CENPE;COPG1;GBF1;KIF11;KIF18A;KIF25;KIF2A;KIF3A;KIF3B;KIF5A;KIF5B;KIFAP3;KIFC1;KIFC2;KLC1;KLC2;KLC3;KLC4;NBAS;TUBA1A;TUBA1B;TUBA1C;TUBA3E;TUBA4A;TUBA8;TUBAL3;TUBB1;TUBB2A;TUBB2B;TUBB3;TUBB4A;TUBB4B;TUBB6;TUBB8,,TUBA3D
COPI_INDEPENDENT_GOLGI_TO_ER_RETROGRADE_TRAFFIC,M27651,33,34,33,0,1,0.9705882352941176,CAPZA1;CAPZB;DCTN1;DCTN2;DCTN4;DYNC1H1;DYNC1I1;DYNC1I2;DYNC1LI1;DYNC1LI2;DYNLL1;DYNLL2;GALNT2;PAFAH1B1;PAFAH1B2;PLA2G6;RAB6A;RAB6B;TUBA1A;TUBA1B;TUBA1C;TUBA3E;TUBA4A;TUBA8;TUBAL3;TUBB1;TUBB2A;TUBB2B;TUBB3;TUBB4A;TUBB4B;TUBB6;TUBB8,,TUBA3D
COPI_INDEPENDENT_GOLGI_TO_ER_RETROGRADE_TRAFFIC,MM15353,33,31,30,3,1,0.8823529411764706,CAPZB;DCTN1;DCTN2;DCTN4;DYNC1H1;DYNC1I1;DYNC1I2;DYNC1LI1;DYNC1LI2;DYNLL1;DYNLL2;GALNT2;PAFAH1B1;PAFAH1B2;PLA2G6;RAB6A;RAB6B;TUBA1A;TUBA1B;TUBA1C;TUBA4A;TUBA8;TUBAL3;TUBB1;TUBB2A;TUBB2B;TUBB3;TUBB4A;TUBB4B;TUBB6,CAPZA1;TUBA3E;TUBB8,TUBA3D
COPI_MEDIATED_ANTEROGRADE_TRANSPORT,M27648,35,36,35,0,1,0.9722222222222222,ANK3;ARF4;CAPZA1;CAPZB;COPG1;DCTN1;DCTN2;DCTN4;DYNC1H1;DYNC1I1;DYNC1I2;DYNC1LI1;DYNC1LI2;DYNLL1;DYNLL2;GBF1;INS;SPTA1;SPTAN1;SPTB;TUBA1A;TUBA1B;TUBA1C;TUBA3E;TUBA4A;TUBA8;TUBAL3;TUBB1;TUBB2A;TUBB2B;TUBB3;TUBB4A;TUBB4B;TUBB6;TUBB8,,TUBA3D
CREB1_PHOSPHORYLATION_THROUGH_NMDA_RECEPTOR_MEDIATED_ACTIVATION_OF_RAS_SIGNALING,M837,14,14,14,0,0,1.0,ACTN2;CALM1;CAMK2A;CAMK2B;CAMK2D;CAMK2G;CREB1;DLG4;HRAS;KRAS;MAPK1;MAPK3;NEFL;NRAS,,
CREB1_PHOSPHORYLATION_THROUGH_THE_ACTIVATION_OF_ADENYLATE_CYCLASE,M27363,11,11,11,0,0,1.0,ADCY1;ADCY8;CALM1;CREB1;PRKACA;PRKACB;PRKACG;PRKAR1A;PRKAR1B;PRKAR2A;PRKAR2B,,
CREB1_PHOSPHORYLATION_THROUGH_THE_ACTIVATION_OF_CAMKII_CAMKK_CAMKIV_CASCASDE,M10546,6,6,6,0,0,1.0,CALM1;CAMK2B;CAMK2G;CAMK4;CREB1;KPNA2,,
CREB3_FACTORS_ACTIVATE_GENES,M27773,9,9,9,0,0,1.0,CREB3;CREB3L1;CREB3L2;CREB3L3;CREB3L4;CREBRF;DCSTAMP;MBTPS1;MBTPS2,,
CREB3_FACTORS_ACTIVATE_GENES,MM15513,9,5,5,4,0,0.5555555555555556,CREB3;CREB3L3;CREBRF;MBTPS1;MBTPS2,CREB3L1;CREB3L2;CREB3L4;DCSTAMP,
CYTOKINE_SIGNALING_IN_IMMUNE_SYSTEM,M1060,247,252,245,2,7,0.9645669291338582,AAAS;ABL2;ADAM17;ADRM1;AIP;AKT1;AKT2;AKT3;ANXA2;ARIH1;ATF1;ATF2;BATF;BCL2;BCL2L11;BCL6;BIRC3;CAMK2A;CAMK2B;CAMK2D;CAMK2G;CANX;CAPZA1;CASP3;CCL19;CCL2;CCL22;CCR1;CCR2;CCR5;CD27;CD36;CD4;CD80;CD86;CDC42;CNTF;CREB1;CRLF1;CSF1;CSH1;CSK;DHX9;DUSP6;EIF2S1;EIF2S3;EIF4A1;EIF4A2;EIF4A3;FANCM;FCGR1A;FLNA;FLNB;FN1;FOS;FPR1;FSCN1;FYN;GH1;GH2;GRB2;HIF1A;HLA-A;HLA-B;HMOX1;HNRNPA2B1;HNRNPDL;HNRNPF;HRAS;HSP90AA1;HSP90B1;HSPA1A;HSPA1B;HSPA8;HSPA9;ICAM1;IFI35;IFNAR1;IFNG;IL10;IL17A;IL1B;IL1RN;IL2RG;IL31RA;IL4;IL6;ILF2;ILF3;IP6K2;IRAK1;IRF8;ITGAM;ITGAX;ITGB1;JAK2;JUN;KPNA1;KPNA2;KPNA3;KPNA4;KPNA5;KPNA7;KRAS;LCK;LGALS9;LMNB1;LTBR;MAP2K1;MAPK1;MAPK3;MAPK8;MAPK9;MAVS;MSN;MTAP;MX1;MYC;MYD88;NDC1;NEDD4;NFKBIA;NOD2;NPM1;NRAS;NUP107;NUP133;NUP153;NUP155;NUP160;NUP188;NUP205;NUP210;NUP214;NUP35;NUP37;NUP42;NUP43;NUP50;NUP54;NUP58;NUP62;NUP85;NUP88;NUP93;NUP98;OPRM1;PAK2;PIAS1;PIK3CA;PIK3CB;PIK3CD;PIK3R1;PIK3R2;PIK3R3;PITPNA;PLCG1;PLCG2;PML;POM121;POM121C;POMC;POU2F1;PPIA;PPM1B;PRKACA;PSMC1;PSMC5;PSMD13;PSMD14;PSMD2;PSMD3;PTAFR;PTGS2;RAE1;RAF1;RAG1;RANBP2;RBX1;RELA;RELB;RORA;RPS27A;RPS6KA5;S100B;SDC1;SEC13;SEH1L;SH2B1;SKP1;SNAP25;SNCA;SNRPA1;SOCS1;SOCS3;SOD1;SOD2;SOS1;SOS2;SOX2;SP100;SRC;STAT1;STAT2;STAT3;STX1A;STX3;SUMO1;TALDO1;TBK1;TCP1;TGFB1;TNF;TNFRSF1A;TNFSF13B;TP53;TPR;TRAF3;TRIM26;TUBA1A;TUBA1B;TUBA1C;TUBA3E;TUBA4A;TUBA8;TUBAL3;TUBB1;TUBB2A;TUBB2B;TUBB3;TUBB4A;TUBB4B;TUBB6;TUBB8;UBA52;UBB;UBC;UBE2D1;UBE2D2;UBE2D3;UBE2E1;UBE2I;USP14;YBX1;YWHAZ,FCGR1B;TAT,ATF6;CSF2;EIF2AK3;H3C2;HSPA5;IFI44L;TUBA3D
CYTOKINE_SIGNALING_IN_IMMUNE_SYSTEM,MM14539,247,140,135,112,5,0.5357142857142857,ABL2;ADRM1;AKT1;AKT2;AKT3;ARIH1;ATF1;ATF2;BIRC3;CAMK2A;CAMK2B;CAMK2D;CAMK2G;CANX;CASP3;CD27;CD4;CNTF;CREB1;CRLF1;CSF1;CSH1;CSK;DHX9;DUSP6;EIF4A1;EIF4A2;EIF4A3;FANCM;FLNB;FOS;FYN;GH1;GH2;GRB2;HRAS;HSP90B1;HSPA1A;HSPA1B;HSPA8;IFNAR1;IFNG;IL10;IL1B;IL1RN;IL2RG;IL31RA;IL4;IL6;ILF2;ILF3;IRAK1;JAK2;JUN;KPNA1;KRAS;LCK;LTBR;MAPK1;MAPK3;MAPK8;MAPK9;MAVS;MX1;MYD88;NEDD4;NFKBIA;NOD2;NPM1;PIAS1;PIK3CA;PIK3CB;PIK3CD;PIK3R1;PIK3R2;PIK3R3;PLCG1;PPM1B;PRKACA;PSMC1;PSMC5;PSMD13;PSMD14;PSMD2;PSMD3;RAF1;RBX1;RELA;RELB;RPS27A;RPS6KA5;S100B;SDC1;SH2B1;SKP1;SNAP25;SNCA;SOCS1;SOCS3;SOS1;SOS2;STAT2;STAT3;STX1A;STX3;SUMO1;TBK1;TNF;TNFRSF1A;TNFSF13B;TP53;TRAF3;TUBA1A;TUBA1B;TUBA1C;TUBA4A;TUBA8;TUBAL3;TUBB1;TUBB2A;TUBB2B;TUBB3;TUBB4A;TUBB4B;TUBB6;UBA52;UBB;UBC;UBE2D1;UBE2D2;UBE2D3;UBE2E1;USP14;YBX1;YWHAZ,AAAS;ADAM17;AIP;ANXA2;BATF;BCL2;BCL2L11;BCL6;CAPZA1;CCL19;CCL2;CCL22;CCR1;CCR2;CCR5;CD36;CD80;CD86;CDC42;EIF2S1;EIF2S3;FCGR1A;FCGR1B;FLNA;FN1;FPR1;FSCN1;HIF1A;HLA-A;HLA-B;HMOX1;HNRNPA2B1;HNRNPDL;HNRNPF;HSP90AA1;HSPA9;ICAM1;IFI35;IL17A;IP6K2;IRF8;ITGAM;ITGAX;ITGB1;KPNA2;KPNA3;KPNA4;KPNA5;KPNA7;LGALS9;LMNB1;MAP2K1;MSN;MTAP;MYC;NDC1;NRAS;NUP107;NUP133;NUP153;NUP155;NUP160;NUP188;NUP205;NUP210;NUP214;NUP35;NUP37;NUP42;NUP43;NUP50;NUP54;NUP58;NUP62;NUP85;NUP88;NUP93;NUP98;OPRM1;PAK2;PITPNA;PLCG2;PML;POM121;POM121C;POMC;POU2F1;PPIA;PTAFR;PTGS2;RAE1;RAG1;RANBP2;RORA;SEC13;SEH1L;SNRPA1;SOD1;SOD2;SOX2;SP100;SRC;STAT1;TALDO1;TAT;TCP1;TGFB1;TPR;TRIM26;TUBA3E;TUBB8;UBE2I,CSF2;CSH2;CSHL1;IFI44L;TUBA3D
CYTOPROTECTION_BY_HMOX1,M41830,29,29,29,0,0,1.0,ALB;BLVRB;COX4I1;COX5A;COX5B;COX6A1;COX8A;CREBBP;CYCS;HDAC3;HIGD1C;HM13;HMOX1;HMOX2;MED1;MT-CO1;MT-CO2;MT-CO3;NCOR1;NCOR2;NDUFA4;NFE2L2;NLRP3;SIN3A;SIN3B;STAT3;TBL1X;TBL1XR1;TXNIP,,
CYTOPROTECTION_BY_HMOX1,MM15684,29,24,23,6,1,0.7666666666666667,ALB;BLVRB;COX4I1;COX5A;COX5B;COX6A1;COX8A;CYCS;HDAC3;HIGD1C;HM13;HMOX1;HMOX2;MED1;MT-CO1;MT-CO2;MT-CO3;NCOR2;NDUFA4;SIN3A;SIN3B;TBL1X;TBL1XR1,CREBBP;NCOR1;NFE2L2;NLRP3;STAT3;TXNIP,TBL1Y
CYTOSOLIC_SENSORS_OF_PATHOGEN_ASSOCIATED_DNA,MM14707,23,16,16,7,0,0.6956521739130435,CTNNB1;DDX41;DHX36;DHX9;EP300;MRE11;MYD88;NFKBIA;RELA;RPS27A;TBK1;TRIM32;TRIM56;UBA52;UBB;UBC,CGAS;CREBBP;POLR3B;POLR3F;PRKDC;XRCC5;XRCC6,
C_TYPE_LECTIN_RECEPTORS_CLRS,M27484,43,43,43,0,0,1.0,ADRM1;AHCYL1;CALM1;CCL22;CREBBP;EP300;FYN;HRAS;IL1B;KRAS;MUC13;MUC16;MUC17;MUC5B;MUC7;NFKBIA;NRAS;PAK1;PAK2;PAK3;PLCG2;PPP3CB;PRKACA;PRKACB;PRKACG;PSMC1;PSMC5;PSMD13;PSMD14;PSMD2;PSMD3;RAF1;RELA;RELB;RPS27A;RPS6KA5;SKP1;SRC;UBA52;UBB;UBC;UBE2D1;UBE2D2,,
C_TYPE_LECTIN_RECEPTORS_CLRS,MM15214,43,35,33,10,2,0.7333333333333333,ADRM1;CALM1;EP300;FYN;HRAS;IL1B;KRAS;NFKBIA;PAK1;PAK2;PAK3;PLCG2;PPP3CB;PRKACA;PRKACB;PSMC1;PSMC5;PSMD13;PSMD14;PSMD2;PSMD3;RAF1;RELA;RELB;RPS27A;RPS6KA5;SKP1;SRC;UBA52;UBB;UBC;UBE2D1;UBE2D2,AHCYL1;CCL22;CREBBP;MUC13;MUC16;MUC17;MUC5B;MUC7;NRAS;PRKACG,CALM2;CALM3
DAG_AND_IP3_SIGNALING,M512,32,32,32,0,0,1.0,ADCY1;ADCY2;ADCY3;ADCY4;ADCY5;ADCY6;ADCY7;ADCY8;ADCY9;AHCYL1;CALM1;CAMK2A;CAMK2B;CAMK2D;CAMK2G;CAMK4;CREB1;GRK2;KPNA2;PDE1A;PDE1B;PDE1C;PLCG1;PRKACA;PRKACB;PRKACG;PRKAR1A;PRKAR1B;PRKAR2A;PRKAR2B;PRKCA;PRKCG,,
DAP12_SIGNALING,M27171,15,15,15,0,0,1.0,FYN;GRB2;HRAS;KRAS;LCK;NRAS;PIK3CA;PIK3CB;PIK3R1;PIK3R2;PLCG1;PLCG2;RAC1;SOS1;TREM2,,
DAP12_SIGNALING,MM14886,15,14,14,1,0,0.9333333333333333,FYN;GRB2;HRAS;KRAS;LCK;PIK3CA;PIK3CB;PIK3R1;PIK3R2;PLCG1;PLCG2;RAC1;SOS1;TREM2,NRAS,
DARPP_32_EVENTS,M751,13,13,13,0,0,1.0,CALM1;CDK5;PDE4A;PDE4B;PPP1CA;PPP3CB;PRKACA;PRKACB;PRKACG;PRKAR1A;PRKAR1B;PRKAR2A;PRKAR2B,,
DEACTIVATION_OF_THE_BETA_CATENIN_TRANSACTIVATING_COMPLEX,M27272,21,21,21,0,0,1.0,AKT1;AKT2;ASH2L;BCL9L;CBY1;CHD8;CTBP1;CTNNB1;HDAC1;KMT2D;MEN1;RBBP5;RPS27A;SOX2;SOX4;SOX7;UBA52;UBB;UBC;XPO1;YWHAZ,,
DEACTIVATION_OF_THE_BETA_CATENIN_TRANSACTIVATING_COMPLEX,MM14975,21,15,15,6,0,0.7142857142857143,AKT1;AKT2;CBY1;CHD8;CTBP1;CTNNB1;HDAC1;RPS27A;SOX4;SOX7;UBA52;UBB;UBC;XPO1;YWHAZ,ASH2L;BCL9L;KMT2D;MEN1;RBBP5;SOX2,
DEADENYLATION_DEPENDENT_MRNA_DECAY,MM15089,20,21,20,0,1,0.9523809523809523,CNOT1;CNOT3;EDC4;EIF4A1;EIF4A2;EIF4A3;EIF4B;EXOSC2;EXOSC9;HBS1L;LSM1;LSM2;LSM3;LSM4;LSM5;LSM6;LSM7;NT5C3B;PABPC1;PATL1,,PABPC3
DEUBIQUITINATION,M27574,84,88,84,0,4,0.9545454545454546,ACTB;ACTR8;ADRB2;ADRM1;AR;ARRB1;ARRB2;ASXL1;ATXN7;BAP1;BARD1;BIRC3;BRCA1;BRCC3;CCP110;CDC20;CFTR;EP300;FKBP8;H2AC18;H2AC20;H2BC21;HCFC1;HGS;HIF1A;INO80C;INO80D;KAT2A;KAT2B;KEAP1;MAVS;MCRS1;MDM2;MYC;MYSM1;NEDD8;NFKBIA;NLRP3;NOD2;OGT;PSMC1;PSMC5;PSMD13;PSMD14;PSMD2;PSMD3;PTEN;RAD23A;RAD23B;RCE1;RHOA;RPS27A;RUVBL1;SMAD4;STAM;STAM2;TFPT;TGFB1;TGFBR1;TGFBR2;TNKS2;TOMM20;TOMM70;TP53;TRAF3;TRRAP;UBA52;UBB;UBC;UBE2D1;USP10;USP14;USP16;USP4;USP49;USP5;USP7;USP9X;VCP;VDAC1;VDAC2;VDAC3;WDR20;WDR48,,BABAM2;PRKN;UFD1;USP15
DEUBIQUITINATION,MM15286,84,83,79,5,4,0.8977272727272727,ACTB;ACTR8;ADRB2;ADRM1;AR;ARRB1;ARRB2;ASXL1;ATXN7;BAP1;BARD1;BIRC3;BRCA1;BRCC3;CCP110;CDC20;CFTR;EP300;FKBP8;H2AC18;H2AC20;HCFC1;HGS;HIF1A;INO80C;INO80D;KAT2A;KAT2B;KEAP1;MCRS1;MDM2;MYC;MYSM1;NEDD8;NFKBIA;NLRP3;NOD2;OGT;PSMC1;PSMC5;PSMD13;PSMD14;PSMD2;PSMD3;PTEN;RAD23A;RAD23B;RCE1;RHOA;RPS27A;RUVBL1;SMAD4;STAM;STAM2;TFPT;TGFBR1;TNKS2;TOMM20;TOMM70;TP53;TRAF3;TRRAP;UBA52;UBB;UBC;UBE2D1;USP10;USP14;USP16;USP4;USP5;USP7;USP9X;VCP;VDAC1;VDAC2;VDAC3;WDR20;WDR48,H2BC21;MAVS;TGFB1;TGFBR2;USP49,BABAM2;PRKN;UFD1;USP15
DISEASES_ASSOCIATED_WITH_GLYCOSYLATION_PRECURSOR_BIOSYNTHESIS,M27468,12,13,12,0,1,0.9230769230769231,DHDDS;DOLK;DPM1;DPM2;DPM3;GALK1;GFPT1;MPI;NUS1;PGM1;PMM2;SRD5A3,,GALM
DISEASES_ASSOCIATED_WITH_N_GLYCOSYLATION_OF_PROTEINS,M27274,14,14,14,0,0,1.0,ALG1;ALG11;ALG12;ALG13;ALG14;ALG3;ALG6;ALG8;B4GALT1;DPAGT1;GLB1;MAN1B1;MGAT2;MPDU1,,
DISEASES_OF_BRANCHED_CHAIN_AMINO_ACID_CATABOLISM,M49160,8,8,8,0,0,1.0,ACAT1;BCKDHA;BCKDHB;BCKDK;DBT;DLD;ECHS1;HIBCH,,
DISEASES_OF_CARBOHYDRATE_METABOLISM,M27546,26,26,26,0,0,1.0,ALDOB;ARSB;G6PC3;GAA;GALNS;GBE1;GLB1;GNS;GUSB;GYS1;GYS2;HGSNAT;HYAL1;IDS;IDUA;KHK;LCT;NAGLU;RPIA;RPS27A;SGSH;SI;TALDO1;UBA52;UBB;UBC,,
DISEASES_OF_GLYCOSYLATION,M27275,51,52,51,0,1,0.9807692307692307,ACAN;ADAMTS18;ADAMTS20;AGRN;ALG1;ALG11;ALG12;ALG13;ALG14;ALG3;ALG6;ALG8;B3GAT3;B4GALT1;B4GAT1;DAG1;DHDDS;DOLK;DPAGT1;DPM1;DPM2;DPM3;EXT1;EXT2;GALK1;GALNT12;GALNT3;GFPT1;GLB1;HSPG2;LARGE1;MAN1B1;MGAT2;MPDU1;MPI;MUC13;MUC16;MUC17;MUC5B;MUC7;NCAN;NUS1;PGM1;PMM2;POMGNT1;POMT1;POMT2;SDC1;SLC26A2;SRD5A3;THBS1,,GALM
DISEASES_OF_METABOLISM,M27554,108,109,108,0,1,0.9908256880733946,ACAN;ACAT1;ADA;ADAMTS18;ADAMTS20;AGRN;AHCY;ALDOB;ALG1;ALG11;ALG12;ALG13;ALG14;ALG3;ALG6;ALG8;APRT;ARSB;B3GAT3;B4GALT1;B4GAT1;BCKDHA;BCKDHB;BCKDK;CUBN;CYP11A1;CYP1B1;CYP26B1;CYP26C1;CYP2U1;DAG1;DBT;DHDDS;DLD;DOLK;DPAGT1;DPM1;DPM2;DPM3;ECHS1;EXT1;EXT2;FDX1;FDX2;FDXR;G6PC3;GAA;GALK1;GALNS;GALNT12;GALNT3;GBE1;GFPT1;GLB1;GNS;GUSB;GYS1;GYS2;HGSNAT;HIBCH;HPRT1;HSPG2;HYAL1;IDH1;IDS;IDUA;KHK;LARGE1;LCT;MAN1B1;MAT1A;MC2R;MGAT2;MMAB;MPDU1;MPI;MTR;MTRR;MUC13;MUC16;MUC17;MUC5B;MUC7;NAGLU;NCAN;NUS1;PC;PGM1;PMM2;PNP;POMC;POMGNT1;POMT1;POMT2;RPIA;RPS27A;SDC1;SFTA3;SGSH;SI;SLC26A2;SRD5A3;TALDO1;THBS1;TPMT;UBA52;UBB;UBC,,GALM
DISEASES_OF_MITOTIC_CELL_CYCLE,M39005,20,20,20,0,0,1.0,ANAPC1;ANAPC10;ANAPC11;ANAPC15;ANAPC16;ANAPC2;ANAPC4;ANAPC5;ANAPC7;ATRX;CDC16;CDC23;CDC26;CDC27;DAXX;FZR1;UBE2C;UBE2D1;UBE2E1;UBE2S,,
DISEASES_OF_SIGNAL_TRANSDUCTION_BY_GROWTH_FACTOR_RECEPTORS_AND_SECOND_MESSENGERS,M27547,169,169,168,1,1,0.9882352941176471,ACTB;ADAM17;ADRM1;AGGF1;AGK;AGTRAP;AKAP9;AKT1;AKT2;AKT3;ALK;AP3B1;ARAF;ARRB1;ARRB2;ATG7;ATIC;BCL2L11;BRAF;CALM1;CAMK2A;CAMK2B;CAMK2D;CAMK2G;CD80;CD86;CEBPB;CLCN6;CLTC;CNTRL;CPSF6;CREB1;CREBBP;CSK;CTBP1;CTBP2;CTNNB1;CUX1;DCTN1;DUSP6;EEF1G;EGFR;EIF2AK3;EML4;EP300;ERBB2;ERLIN2;ESRP1;FAM114A2;FAM131B;FGFR1;FKBP1A;FN1;FXR1;FYN;FZD4;FZD5;FZD6;GAB1;GOLGA4;GRB2;GSK3B;HDAC1;HDAC2;HDAC3;HDAC4;HDAC6;HDAC8;HRAS;HSP90AA1;IL10;IQGAP1;JAK2;JUN;KAT2A;KAT2B;KDM7A;KIAA1549;KIF5B;KLC1;KRAS;KSR1;LCK;LMNA;LRP5;MAP2K1;MAP2K2;MAPK1;MAPK3;MAPK8;MAPK9;MDM2;MECP2;MIB1;MPRIP;MSN;MYC;MYH9;NCBP1;NCBP2;NCOR1;NCOR2;NF1;NPM1;NRAS;NTRK2;OS9;PAPSS1;PDGFRB;PEBP1;PIK3CA;PIK3CB;PIK3CD;PIK3R1;PIK3R2;PIK3R3;PLCG1;POLR2A;POLR2B;POLR2C;PPM1B;PPP1CB;PPP1CC;PRKAR1A;PSMC1;PSMC5;PSMD13;PSMD14;PSMD2;PSMD3;PTEN;QKI;RAC1;RAC2;RAF1;RANBP2;RBX1;RPS27A;SHH;SKP1;SMAD4;SND1;SNW1;SOS1;SRC;STAT1;STAT3;TBL1X;TBL1XR1;TENT4A;TGFB1;TGFBR1;TGFBR2;TNKS2;TP53;TPM3;TPR;TRAK1;TRIM24;UBA52;UBB;UBC;VCP;VWF;WDR48;YWHAB;ZAP70;ZC3HAV1,PHB,PIK3CG
DISORDERS_OF_TRANSMEMBRANE_TRANSPORTERS,M27476,81,81,81,0,0,1.0,AAAS;ABCA1;ABCB4;ABCB6;ABCG5;ADRM1;AVPR1A;AVPR1B;AVPR2;BSG;CFTR;DERL1;ERLIN2;GCK;GCKR;HK1;NDC1;NUP107;NUP133;NUP153;NUP155;NUP160;NUP188;NUP205;NUP210;NUP214;NUP35;NUP37;NUP42;NUP43;NUP50;NUP54;NUP58;NUP62;NUP85;NUP88;NUP93;NUP98;OS9;POM121;POM121C;PSMC1;PSMC5;PSMD13;PSMD14;PSMD2;PSMD3;RAE1;RANBP2;RNF5;RPS27A;SEC13;SEH1L;SLC11A2;SLC12A1;SLC12A3;SLC17A8;SLC1A1;SLC1A3;SLC20A2;SLC24A1;SLC26A2;SLC26A3;SLC26A4;SLC27A4;SLC2A1;SLC2A2;SLC35C1;SLC3A1;SLC3A2;SLC40A1;SLC4A4;SLC5A7;SLC7A7;SLC7A9;SLC9A6;TPR;UBA52;UBB;UBC;VCP,,
DNA_DAMAGE_RECOGNITION_IN_GG_NER,M27592,17,17,17,0,0,1.0,ACTB;ACTR8;CETN2;COPS5;DDB1;INO80C;INO80D;MCRS1;RAD23A;RAD23B;RBX1;RPS27A;RUVBL1;TFPT;UBA52;UBB;UBC,,
DNA_DAMAGE_RECOGNITION_IN_GG_NER,MM15301,17,17,17,0,0,1.0,ACTB;ACTR8;CETN2;COPS5;DDB1;INO80C;INO80D;MCRS1;RAD23A;RAD23B;RBX1;RPS27A;RUVBL1;TFPT;UBA52;UBB;UBC,,
DNA_REPLICATION,MM15380,52,50,48,4,2,0.8888888888888888,ADRM1;ANAPC1;ANAPC10;ANAPC11;ANAPC15;ANAPC16;ANAPC2;ANAPC4;ANAPC5;ANAPC7;CDC16;CDC23;CDC26;CDC27;CDC6;CDT1;FEN1;FZR1;KPNA1;KPNA6;MCM2;MCM3;MCM4;MCM5;MCM6;MCM7;MCM8;ORC1;ORC2;ORC3;ORC4;ORC5;PSMC1;PSMC5;PSMD13;PSMD14;PSMD2;PSMD3;RBX1;RPS27A;SKP1;UBA52;UBB;UBC;UBE2C;UBE2D1;UBE2E1;UBE2S,H2AC18;H2AC20;H2BC21;H3-3A,POLG;POLRMT
DNA_REPLICATION_PRE_INITIATION,M27665,49,53,49,0,4,0.9245283018867925,ADRM1;ANAPC1;ANAPC10;ANAPC11;ANAPC15;ANAPC16;ANAPC2;ANAPC4;ANAPC5;ANAPC7;CDC16;CDC23;CDC26;CDC27;CDC6;CDT1;FZR1;H2AC18;H2AC20;H2BC21;H3-3A;KPNA1;KPNA6;MCM2;MCM3;MCM4;MCM5;MCM6;MCM7;MCM8;ORC1;ORC2;ORC3;ORC4;ORC5;PSMC1;PSMC5;PSMD13;PSMD14;PSMD2;PSMD3;RPS27A;UBA52;UBB;UBC;UBE2C;UBE2D1;UBE2E1;UBE2S,,H2AX;H3-3B;H3C2;H4C6
DNA_REPLICATION_PRE_INITIATION,MM15369,49,45,45,4,0,0.9183673469387755,ADRM1;ANAPC1;ANAPC10;ANAPC11;ANAPC15;ANAPC16;ANAPC2;ANAPC4;ANAPC5;ANAPC7;CDC16;CDC23;CDC26;CDC27;CDC6;CDT1;FZR1;KPNA1;KPNA6;MCM2;MCM3;MCM4;MCM5;MCM6;MCM7;MCM8;ORC1;ORC2;ORC3;ORC4;ORC5;PSMC1;PSMC5;PSMD13;PSMD14;PSMD2;PSMD3;RPS27A;UBA52;UBB;UBC;UBE2C;UBE2D1;UBE2E1;UBE2S,H2AC18;H2AC20;H2BC21;H3-3A,
DOWNREGULATION_OF_ERBB2_ERBB3_SIGNALING,M549,8,8,8,0,0,1.0,AKT1;AKT2;AKT3;ERBB2;RPS27A;UBA52;UBB;UBC,,
DOWNREGULATION_OF_ERBB2_ERBB3_SIGNALING,MM14550,8,8,8,0,0,1.0,AKT1;AKT2;AKT3;ERBB2;RPS27A;UBA52;UBB;UBC,,
DOWNREGULATION_OF_ERBB4_SIGNALING,M26930,6,6,6,0,0,1.0,NEDD4;RPS27A;SRC;UBA52;UBB;UBC,,
DOWNREGULATION_OF_ERBB4_SIGNALING,MM14535,6,6,6,0,0,1.0,NEDD4;RPS27A;SRC;UBA52;UBB;UBC,,
DOWNREGULATION_OF_SMAD2_3_SMAD4_TRANSCRIPTIONAL_ACTIVITY,M669,17,17,17,0,0,1.0,HDAC1;MAPK1;MAPK3;NCOR1;NCOR2;NEDD4L;PPM1A;RPS27A;SMAD4;SNW1;STAT1;UBA52;UBB;UBC;UBE2D1;UBE2D3;USP9X,,
DOWNREGULATION_OF_SMAD2_3_SMAD4_TRANSCRIPTIONAL_ACTIVITY,MM14877,17,14,14,3,0,0.8235294117647058,HDAC1;MAPK1;MAPK3;NCOR2;NEDD4L;PPM1A;RPS27A;SMAD4;UBA52;UBB;UBC;UBE2D1;UBE2D3;USP9X,NCOR1;SNW1;STAT1,
DOWNREGULATION_OF_TGF_BETA_RECEPTOR_SIGNALING,M628,14,15,14,0,1,0.9333333333333333,NEDD4L;PPP1CA;PPP1CB;PPP1CC;RPS27A;SMURF1;STUB1;TGFB1;TGFBR1;TGFBR2;UBA52;UBB;UBC;XPO1,,USP15
DOWNSTREAM_SIGNAL_TRANSDUCTION,M779,15,15,15,0,0,1.0,GRB2;HRAS;KRAS;NRAS;PDGFRB;PIK3CA;PIK3CB;PIK3R1;PIK3R2;PLCG1;RASA1;SOS1;SRC;STAT1;STAT3,,
DOWNSTREAM_SIGNAL_TRANSDUCTION,MM14712,15,13,13,2,0,0.8666666666666667,GRB2;HRAS;KRAS;PDGFRB;PIK3CA;PIK3CB;PIK3R1;PIK3R2;PLCG1;RASA1;SOS1;SRC;STAT3,NRAS;STAT1,
E2F_ENABLED_INHIBITION_OF_PRE_REPLICATION_COMPLEX_FORMATION,M5756,6,6,6,0,0,1.0,MCM8;ORC1;ORC2;ORC3;ORC4;ORC5,,
EARLY_PHASE_OF_HIV_LIFE_CYCLE,M4280,11,11,11,0,0,1.0,BANF1;CCR5;CD4;CXCR4;FEN1;HMGA1;KPNA1;PPIA;PSIP1;XRCC5;XRCC6,,
EGFR_DOWNREGULATION,M16597,15,15,15,0,0,1.0,ARHGEF7;CDC42;EGFR;EPN1;EPS15;EPS15L1;GRB2;HGS;PTPN3;RPS27A;STAM;STAM2;UBA52;UBB;UBC,,
EGFR_DOWNREGULATION,MM14705,15,15,15,0,0,1.0,ARHGEF7;CDC42;EGFR;EPN1;EPS15;EPS15L1;GRB2;HGS;PTPN3;RPS27A;STAM;STAM2;UBA52;UBB;UBC,,
EGFR_TRANSACTIVATION_BY_GASTRIN,M27156,7,7,7,0,0,1.0,EGFR;GRB2;HRAS;KRAS;NRAS;PRKCA;SOS1,,
EGFR_TRANSACTIVATION_BY_GASTRIN,MM14879,7,5,5,2,0,0.7142857142857143,EGFR;GRB2;HRAS;KRAS;SOS1,NRAS;PRKCA,
ENDOSOMAL_SORTING_COMPLEX_REQUIRED_FOR_TRANSPORT_ESCRT,M1009,27,27,27,0,0,1.0,CHMP2A;CHMP2B;CHMP3;CHMP4A;CHMP4B;CHMP4C;CHMP6;CHMP7;HGS;MVB12A;MVB12B;RPS27A;SNF8;STAM;STAM2;TSG101;UBA52;UBAP1;UBB;UBC;VPS25;VPS28;VPS36;VPS37A;VPS37B;VPS37C;VPS37D,,
ENDOSOMAL_SORTING_COMPLEX_REQUIRED_FOR_TRANSPORT_ESCRT,MM15637,27,27,26,1,1,0.9285714285714286,CHMP2A;CHMP2B;CHMP3;CHMP4B;CHMP4C;CHMP6;CHMP7;HGS;MVB12A;MVB12B;RPS27A;SNF8;STAM;STAM2;TSG101;UBA52;UBAP1;UBB;UBC;VPS25;VPS28;VPS36;VPS37A;VPS37B;VPS37C;VPS37D,CHMP4A,RNF103-CHMP3
ENOS_ACTIVATION,M27111,8,8,8,0,0,1.0,AKT1;CALM1;CAV1;CYB5B;CYGB;HSP90AA1;NMT1;NMT2,,
ENOS_ACTIVATION,MM14817,8,8,6,2,2,0.6,AKT1;CALM1;CAV1;CYB5B;CYGB;HSP90AA1,NMT1;NMT2,CALM2;CALM3
EPIGENETIC_REGULATION_BY_WDR5_CONTAINING_HISTONE_MODIFYING_COMPLEXES,MM17677,47,30,27,20,3,0.54,ABL1;ASH2L;DR1;GPS2;H2AC18;H2AC20;H3-3A;HCFC1;HCFC2;HDAC3;KANSL1;KAT2A;KAT2B;KAT8;KMT2A;KMT2B;KMT2D;MCRS1;MEN1;NCOR2;OGT;PHF20;PSIP1;RBBP5;TBL1X;TBL1XR1;WDR5,CD36;CDK5;CREBBP;DGAT2;DPY30;EP300;H2BC21;MED1;MED16;MED24;NCOA3;NCOA4;NCOR1;PDK4;PLIN2;PPARG;PPARGC1A;SCD;SIRT1;THRSP,H2AX;H3-3B;TBL1Y
ERYTHROPOIETIN_ACTIVATES_PHOSPHOINOSITIDE_3_KINASE_PI3K,M27905,7,7,7,0,0,1.0,GAB1;JAK2;PIK3CA;PIK3CB;PIK3CD;PIK3CG;PIK3R1,,
ERYTHROPOIETIN_ACTIVATES_PHOSPHOINOSITIDE_3_KINASE_PI3K,MM15623,7,7,7,0,0,1.0,GAB1;JAK2;PIK3CA;PIK3CB;PIK3CD;PIK3CG;PIK3R1,,
ER_QUALITY_CONTROL_COMPARTMENT_ERQC,MM15591,9,4,4,5,0,0.4444444444444444,RPS27A;UBA52;UBB;UBC,EDEM1;MAN1B1;OS9;RNF139;RNF5,
ESR_MEDIATED_SIGNALING,M27794,77,82,77,0,5,0.9390243902439024,AKT1;AKT2;AKT3;ATF2;BCL2;CALM1;CAV1;CHD1;CREB1;CREBBP;CTSD;DDX5;EGFR;EP300;FOS;FOSB;GNAI1;GNAI2;GNAI3;GNAT3;GNB1;GNB2;GNB3;GNB4;GNB5;GNG10;GNG11;GNG12;GNG13;GNG2;GNG3;GNG4;GNG5;GNG7;GNG8;GNGT1;GNGT2;H2AC18;H2AC20;H2BC21;H3-3A;HDAC1;HRAS;HSP90AA1;HSP90AB1;JUN;JUND;KAT2B;KAT5;KPNA2;KRAS;MAPK1;MAPK3;MED1;MYC;NCOA3;NRAS;PGR;PIK3CA;PIK3R1;PIK3R2;PIK3R3;POLR2A;POLR2B;POLR2C;POU2F1;PRKCZ;PTGES3;SMC1A;SMC3;SP1;SRC;STAG2;TBP;UHMK1;USF1;XPO1,,H2AX;H3-3B;H3C2;H4C6;HSPB1
ESR_MEDIATED_SIGNALING,MM15529,77,59,55,22,4,0.6790123456790124,AKT1;AKT2;AKT3;CALM1;CAV1;CREB1;DDX5;EGFR;EP300;GNAI1;GNAI2;GNAI3;GNAT3;GNB1;GNB2;GNB3;GNB4;GNB5;GNG10;GNG11;GNG12;GNG13;GNG2;GNG3;GNG4;GNG5;GNG7;GNG8;GNGT1;GNGT2;H3-3A;HRAS;HSP90AA1;HSP90AB1;KAT2B;KAT5;KRAS;MAPK1;MED1;PGR;PIK3CA;PIK3R1;PIK3R2;PIK3R3;POLR2A;POLR2B;POLR2C;PRKCZ;PTGES3;SP1;SRC;TBP;UHMK1;USF1;XPO1,ATF2;BCL2;CHD1;CREBBP;CTSD;FOS;FOSB;H2AC18;H2AC20;H2BC21;HDAC1;JUN;JUND;KPNA2;MAPK3;MYC;NCOA3;NRAS;POU2F1;SMC1A;SMC3;STAG2,CALM2;CALM3;H3-3B;HSPB1
ESTABLISHMENT_OF_SISTER_CHROMATID_COHESION,M27177,7,7,7,0,0,1.0,ESCO1;ESCO2;PDS5A;PDS5B;SMC1A;SMC3;STAG2,,
ESTABLISHMENT_OF_SISTER_CHROMATID_COHESION,MM14891,7,7,7,0,0,1.0,ESCO1;ESCO2;PDS5A;PDS5B;SMC1A;SMC3;STAG2,,
ESTROGEN_DEPENDENT_NUCLEAR_EVENTS_DOWNSTREAM_OF_ESR_MEMBRANE_SIGNALING,MM15666,11,7,7,4,0,0.6363636363636364,AKT1;AKT2;AKT3;CREB1;MAPK1;UHMK1;XPO1,BCL2;EGFR;FOS;MAPK3,
ESTROGEN_STIMULATED_SIGNALING_THROUGH_PRKCZ,M27951,5,5,5,0,0,1.0,HRAS;KRAS;MAPK1;NRAS;PRKCZ,,
ETHANOL_OXIDATION,M14663,10,10,10,0,0,1.0,ACSS1;ACSS2;ADH1A;ADH1B;ADH1C;ADH4;ADH5;ADH6;ADH7;ALDH1A1,,
ETHANOL_OXIDATION,MM15405,10,9,9,1,0,0.9,ACSS1;ACSS2;ADH1A;ADH1B;ADH1C;ADH4;ADH5;ADH7;ALDH1A1,ADH6,
EUKARYOTIC_TRANSLATION_INITIATION,M27686,42,42,42,0,0,1.0,EIF2B3;EIF2B4;EIF2S1;EIF2S3;EIF3B;EIF3C;EIF3D;EIF3F;EIF3G;EIF3I;EIF4A1;EIF4A2;EIF4B;EIF4H;PABPC1;RPL11;RPL19;RPL22L1;RPL23;RPL27;RPL36AL;RPL5;RPL6;RPL7;RPL7A;RPLP1;RPS10;RPS11;RPS12;RPS13;RPS14;RPS18;RPS2;RPS20;RPS21;RPS23;RPS25;RPS27A;RPS27L;RPS3;RPS9;UBA52,,
EUKARYOTIC_TRANSLATION_INITIATION,MM15415,42,44,42,0,2,0.9545454545454546,EIF2B3;EIF2B4;EIF2S1;EIF2S3;EIF3B;EIF3C;EIF3D;EIF3F;EIF3G;EIF3I;EIF4A1;EIF4A2;EIF4B;EIF4H;PABPC1;RPL11;RPL19;RPL22L1;RPL23;RPL27;RPL36AL;RPL5;RPL6;RPL7;RPL7A;RPLP1;RPS10;RPS11;RPS12;RPS13;RPS14;RPS18;RPS2;RPS20;RPS21;RPS23;RPS25;RPS27A;RPS27L;RPS3;RPS9;UBA52,,EIF2S3B;PABPC3
EXPORT_OF_VIRAL_RIBONUCLEOPROTEINS_FROM_NUCLEUS,M27016,33,33,33,0,0,1.0,AAAS;HSPA1A;NDC1;NUP107;NUP133;NUP153;NUP155;NUP160;NUP188;NUP205;NUP210;NUP214;NUP35;NUP37;NUP42;NUP43;NUP50;NUP54;NUP58;NUP62;NUP85;NUP88;NUP93;NUP98;POM121;POM121C;RAE1;RAN;RANBP2;SEC13;SEH1L;TPR;XPO1,,
EXTRA_NUCLEAR_ESTROGEN_SIGNALING,M27874,44,45,44,0,1,0.9777777777777777,AKT1;AKT2;AKT3;BCL2;CALM1;CAV1;CREB1;EGFR;FOS;GNAI1;GNAI2;GNAI3;GNAT3;GNB1;GNB2;GNB3;GNB4;GNB5;GNG10;GNG11;GNG12;GNG13;GNG2;GNG3;GNG4;GNG5;GNG7;GNG8;GNGT1;GNGT2;HRAS;HSP90AA1;KRAS;MAPK1;MAPK3;NRAS;PIK3CA;PIK3R1;PIK3R2;PIK3R3;PRKCZ;SRC;UHMK1;XPO1,,HSPB1
EXTRA_NUCLEAR_ESTROGEN_SIGNALING,MM15590,44,43,40,4,3,0.851063829787234,AKT1;AKT2;AKT3;CALM1;CAV1;CREB1;EGFR;GNAI1;GNAI2;GNAI3;GNAT3;GNB1;GNB2;GNB3;GNB4;GNB5;GNG10;GNG11;GNG12;GNG13;GNG2;GNG3;GNG4;GNG5;GNG7;GNG8;GNGT1;GNGT2;HRAS;HSP90AA1;KRAS;MAPK1;PIK3CA;PIK3R1;PIK3R2;PIK3R3;PRKCZ;SRC;UHMK1;XPO1,BCL2;FOS;MAPK3;NRAS,CALM2;CALM3;HSPB1
FACTORS_INVOLVED_IN_MEGAKARYOCYTE_DEVELOPMENT_AND_PLATELET_PRODUCTION,M941,61,63,60,1,3,0.9375,ABL1;ACTB;CAPZA1;CAPZB;CDC42;CDK5;CENPE;DOCK1;DOCK4;EHD1;H3-3A;HDAC1;HDAC2;JAK2;KIF11;KIF18A;KIF25;KIF2A;KIF3A;KIF3B;KIF5A;KIF5B;KIFAP3;KIFC1;KIFC2;KLC1;KLC2;KLC3;KLC4;MAFF;MAFG;PRKACA;PRKACB;PRKACG;PRKAR1A;PRKAR1B;PRKAR2A;PRKAR2B;RAB5A;RAC1;RAD51B;RCOR1;SH2B1;SIN3A;TP53;TUBA1A;TUBA1B;TUBA1C;TUBA3E;TUBA4A;TUBA8;TUBAL3;TUBB1;TUBB2A;TUBB2B;TUBB3;TUBB4A;TUBB4B;TUBB6;TUBB8,HBD,H3-3B;H3C2;TUBA3D
FACTORS_INVOLVED_IN_MEGAKARYOCYTE_DEVELOPMENT_AND_PLATELET_PRODUCTION,MM15715,61,49,47,14,2,0.746031746031746,CAPZB;CDC42;CENPE;DOCK1;DOCK4;EHD1;H3-3A;HDAC1;JAK2;KIF11;KIF18A;KIF2A;KIF3A;KIF3B;KIF5A;KIF5B;KIFAP3;KIFC1;KIFC2;KLC1;KLC2;KLC3;KLC4;MAFF;MAFG;PRKACA;PRKACB;PRKAR1A;PRKAR1B;RAB5A;RAC1;RAD51B;RCOR1;SH2B1;TUBA1A;TUBA1B;TUBA1C;TUBA4A;TUBA8;TUBAL3;TUBB1;TUBB2A;TUBB2B;TUBB3;TUBB4A;TUBB4B;TUBB6,ABL1;ACTB;CAPZA1;CDK5;HBD;HDAC2;KIF25;PRKACG;PRKAR2A;PRKAR2B;SIN3A;TP53;TUBA3E;TUBB8,H3-3B;TUBA3D
FATTY_ACIDS_BOUND_TO_GPR40_FFAR1_REGULATE_INSULIN_SECRETION,M27356,7,7,7,0,0,1.0,GNA11;GNA14;GNA15;GNAQ;PLCB1;PLCB2;PLCB3,,
FATTY_ACIDS_BOUND_TO_GPR40_FFAR1_REGULATE_INSULIN_SECRETION,MM15100,7,7,7,0,0,1.0,GNA11;GNA14;GNA15;GNAQ;PLCB1;PLCB2;PLCB3,,
FLT3_SIGNALING,M29803,19,19,19,0,0,1.0,ABL2;AKT1;AKT2;AKT3;BCL2L11;CSK;FYN;GRB2;HRAS;KRAS;LCK;NRAS;PIK3CA;PIK3R1;RPS27A;SOS1;UBA52;UBB;UBC,,
FLT3_SIGNALING,MM15652,19,16,16,3,0,0.8421052631578947,ABL2;AKT1;AKT2;AKT3;CSK;GRB2;HRAS;KRAS;LCK;PIK3CA;PIK3R1;RPS27A;SOS1;UBA52;UBB;UBC,BCL2L11;FYN;NRAS,
FOLDING_OF_ACTIN_BY_CCT_TRIC,M27299,10,10,10,0,0,1.0,ACTB;CCT2;CCT3;CCT4;CCT5;CCT6A;CCT6B;CCT7;CCT8;TCP1,,
FORMATION_OF_ATP_BY_CHEMIOSMOTIC_COUPLING,M11716,10,10,10,0,0,1.0,ATP5F1A;ATP5F1B;ATP5F1C;ATP5F1D;ATP5MC1;ATP5MG;ATP5PB;ATP5PD;ATP5PF;ATP5PO,,
FORMATION_OF_TC_NER_PRE_INCISION_COMPLEX,M27599,20,20,20,0,0,1.0,AQR;CDK7;COPS5;DDB1;ERCC6;ISY1;POLR2A;POLR2B;POLR2C;PPIE;PRPF19;RBX1;RPS27A;TCEA1;UBA52;UBB;UBC;USP7;XAB2;ZNF830,,
FORMATION_OF_TC_NER_PRE_INCISION_COMPLEX,MM15315,20,20,19,1,1,0.9047619047619048,AQR;CDK7;COPS5;DDB1;ERCC6;ISY1;POLR2A;POLR2B;POLR2C;PRPF19;RBX1;RPS27A;TCEA1;UBA52;UBB;UBC;USP7;XAB2;ZNF830,PPIE,ISY1-RAB43
FORMATION_OF_TUBULIN_FOLDING_INTERMEDIATES_BY_CCT_TRIC,M9648,23,24,23,0,1,0.9583333333333334,CCT2;CCT3;CCT4;CCT5;CCT6A;CCT6B;CCT7;CCT8;TCP1;TUBA1A;TUBA1B;TUBA1C;TUBA3E;TUBA4A;TUBA8;TUBAL3;TUBB1;TUBB2A;TUBB2B;TUBB3;TUBB4A;TUBB4B;TUBB6,,TUBA3D
FORMATION_OF_WDR5_CONTAINING_HISTONE_MODIFYING_COMPLEXES,M48018,19,19,19,0,0,1.0,ASH2L;DPY30;DR1;HCFC1;HCFC2;KANSL1;KAT2A;KAT2B;KAT8;KMT2A;KMT2B;KMT2D;MCRS1;MEN1;OGT;PHF20;PSIP1;RBBP5;WDR5,,
FORMATION_OF_WDR5_CONTAINING_HISTONE_MODIFYING_COMPLEXES,MM17073,19,18,18,1,0,0.9473684210526315,ASH2L;DR1;HCFC1;HCFC2;KANSL1;KAT2A;KAT2B;KAT8;KMT2A;KMT2B;KMT2D;MCRS1;MEN1;OGT;PHF20;PSIP1;RBBP5;WDR5,DPY30,
FOXO_MEDIATED_TRANSCRIPTION,M27938,33,32,32,1,0,0.9696969696969697,AKT1;AKT2;AKT3;BCL2L11;BCL6;CAV1;CREBBP;DDIT3;EP300;GCK;HDAC1;HDAC2;INS;KAT2B;NFYA;NFYB;NFYC;NPY;POMC;PPARGC1A;SIN3A;SIRT1;SMAD4;SOD2;SREBF1;STK11;TXN;TXNIP;YWHAB;YWHAG;YWHAQ;YWHAZ,G6PC,
FOXO_MEDIATED_TRANSCRIPTION,MM15656,33,11,11,22,0,0.3333333333333333,AKT1;AKT2;AKT3;EP300;KAT2B;SIRT1;SMAD4;YWHAB;YWHAG;YWHAQ;YWHAZ,BCL2L11;BCL6;CAV1;CREBBP;DDIT3;G6PC;GCK;HDAC1;HDAC2;INS;NFYA;NFYB;NFYC;NPY;POMC;PPARGC1A;SIN3A;SOD2;SREBF1;STK11;TXN;TXNIP,
FOXO_MEDIATED_TRANSCRIPTION_OF_CELL_DEATH_GENES,M27940,9,9,9,0,0,1.0,BCL2L11;BCL6;CREBBP;DDIT3;EP300;NFYA;NFYB;NFYC;STK11,,
FREE_FATTY_ACIDS_REGULATE_INSULIN_SECRETION,M27317,9,9,9,0,0,1.0,ACSL3;CD36;GNA11;GNA14;GNA15;GNAQ;PLCB1;PLCB2;PLCB3,,
FREE_FATTY_ACIDS_REGULATE_INSULIN_SECRETION,MM15035,9,9,9,0,0,1.0,ACSL3;CD36;GNA11;GNA14;GNA15;GNAQ;PLCB1;PLCB2;PLCB3,,
FRUCTOSE_CATABOLISM,M27675,5,5,5,0,0,1.0,ALDH1A1;ALDOB;GLYCTK;KHK;TKFC,,
FRUCTOSE_CATABOLISM,MM15395,5,5,5,0,0,1.0,ALDH1A1;ALDOB;GLYCTK;KHK;TKFC,,
FRUCTOSE_METABOLISM,M27506,7,7,7,0,0,1.0,AKR1B1;ALDH1A1;ALDOB;GLYCTK;KHK;SORD;TKFC,,
FRUCTOSE_METABOLISM,MM15231,7,7,7,0,0,1.0,AKR1B1;ALDH1A1;ALDOB;GLYCTK;KHK;SORD;TKFC,,
GABA_B_RECEPTOR_ACTIVATION,M954,35,35,35,0,0,1.0,ADCY1;ADCY2;ADCY3;ADCY4;ADCY5;ADCY6;ADCY7;ADCY8;ADCY9;GABBR1;GNAI1;GNAI2;GNAI3;GNAL;GNAT3;GNB1;GNB2;GNB3;GNB4;GNB5;GNG10;GNG11;GNG12;GNG13;GNG2;GNG3;GNG4;GNG5;GNG7;GNG8;GNGT1;GNGT2;KCNJ10;KCNJ3;KCNJ5,,
GABA_B_RECEPTOR_ACTIVATION,MM15709,35,35,35,0,0,1.0,ADCY1;ADCY2;ADCY3;ADCY4;ADCY5;ADCY6;ADCY7;ADCY8;ADCY9;GABBR1;GNAI1;GNAI2;GNAI3;GNAL;GNAT3;GNB1;GNB2;GNB3;GNB4;GNB5;GNG10;GNG11;GNG12;GNG13;GNG2;GNG3;GNG4;GNG5;GNG7;GNG8;GNGT1;GNGT2;KCNJ10;KCNJ3;KCNJ5,,
GABA_RECEPTOR_ACTIVATION,M976,41,41,41,0,0,1.0,ADCY1;ADCY2;ADCY3;ADCY4;ADCY5;ADCY6;ADCY7;ADCY8;ADCY9;GABBR1;GABRA1;GABRA5;GABRB1;GABRG2;GABRR1;GABRR2;GNAI1;GNAI2;GNAI3;GNAL;GNAT3;GNB1;GNB2;GNB3;GNB4;GNB5;GNG10;GNG11;GNG12;GNG13;GNG2;GNG3;GNG4;GNG5;GNG7;GNG8;GNGT1;GNGT2;KCNJ10;KCNJ3;KCNJ5,,
GABA_RECEPTOR_ACTIVATION,MM15708,41,41,41,0,0,1.0,ADCY1;ADCY2;ADCY3;ADCY4;ADCY5;ADCY6;ADCY7;ADCY8;ADCY9;GABBR1;GABRA1;GABRA5;GABRB1;GABRG2;GABRR1;GABRR2;GNAI1;GNAI2;GNAI3;GNAL;GNAT3;GNB1;GNB2;GNB3;GNB4;GNB5;GNG10;GNG11;GNG12;GNG13;GNG2;GNG3;GNG4;GNG5;GNG7;GNG8;GNGT1;GNGT2;KCNJ10;KCNJ3;KCNJ5,,
GABA_SYNTHESIS_RELEASE_REUPTAKE_AND_DEGRADATION,M927,10,10,10,0,0,1.0,ALDH5A1;DNAJC5;GAD2;HSPA8;RIMS1;SLC6A1;SLC6A11;SLC6A13;SNAP25;STX1A,,
GABA_SYNTHESIS_RELEASE_REUPTAKE_AND_DEGRADATION,MM15523,10,10,10,0,0,1.0,ALDH5A1;DNAJC5;GAD2;HSPA8;RIMS1;SLC6A1;SLC6A11;SLC6A13;SNAP25;STX1A,,
GAP_JUNCTION_ASSEMBLY,M14981,18,19,18,0,1,0.9473684210526315,GJA1;GJA8;GJB2;TUBA1A;TUBA1B;TUBA1C;TUBA3E;TUBA4A;TUBA8;TUBAL3;TUBB1;TUBB2A;TUBB2B;TUBB3;TUBB4A;TUBB4B;TUBB6;TUBB8,,TUBA3D
GAP_JUNCTION_ASSEMBLY,MM14730,18,17,16,2,1,0.8421052631578947,GJA1;GJA8;GJB2;TUBA1A;TUBA1B;TUBA1C;TUBA4A;TUBA8;TUBAL3;TUBB1;TUBB2A;TUBB2B;TUBB3;TUBB4A;TUBB4B;TUBB6,TUBA3E;TUBB8,TUBA3D
GAP_JUNCTION_DEGRADATION,M15243,7,7,7,0,0,1.0,ACTB;CLTC;CLTCL1;DNM1;DNM2;GJA1;MYO6,,
GAP_JUNCTION_TRAFFICKING_AND_REGULATION,M26972,26,27,26,0,1,0.9629629629629629,ACTB;CLTC;CLTCL1;DNM1;DNM2;GJA1;GJA8;GJB2;MYO6;SRC;TJP1;TUBA1A;TUBA1B;TUBA1C;TUBA3E;TUBA4A;TUBA8;TUBAL3;TUBB1;TUBB2A;TUBB2B;TUBB3;TUBB4A;TUBB4B;TUBB6;TUBB8,,TUBA3D
GAP_JUNCTION_TRAFFICKING_AND_REGULATION,MM14606,26,24,23,3,1,0.8518518518518519,ACTB;CLTC;DNM1;DNM2;GJA1;GJA8;GJB2;MYO6;SRC;TJP1;TUBA1A;TUBA1B;TUBA1C;TUBA4A;TUBA8;TUBAL3;TUBB1;TUBB2A;TUBB2B;TUBB3;TUBB4A;TUBB4B;TUBB6,CLTCL1;TUBA3E;TUBB8,TUBA3D
GASTRIN_CREB_SIGNALLING_PATHWAY_VIA_PKC_AND_MAPK,M657,10,10,10,0,0,1.0,CREB1;EGFR;GRB2;HRAS;KRAS;MAPK1;MAPK3;NRAS;PRKCA;SOS1,,
GENE_AND_PROTEIN_EXPRESSION_BY_JAK_STAT_SIGNALING_AFTER_INTERLEUKIN_12_STIMULATION,M27820,21,21,21,0,0,1.0,AIP;ANXA2;CAPZA1;CDC42;HNRNPA2B1;HNRNPDL;HNRNPF;HSPA9;IFNG;IL10;LMNB1;MSN;MTAP;PAK2;PITPNA;PPIA;SNRPA1;SOD1;SOD2;TALDO1;TCP1,,
GENE_EXPRESSION_TRANSCRIPTION,MM15436,425,304,300,125,4,0.6993006993006993,AAAS;ABL1;ACTB;ADRM1;AFF4;AKT1;AKT2;AKT3;ALYREF;AR;ARNT;ASH2L;AURKA;BARD1;BAX;BMI1;BRCA1;BRD7;CASC3;CBX2;CBX4;CBX8;CDC40;CDK5;CDK7;CHD3;CHD4;CHEK2;CHM;CLP1;CNOT1;CNOT3;COX4I1;COX5A;COX5B;COX6A1;COX8A;CPSF1;CPSF6;CPSF7;CSTF2;CTNNB1;CYCS;DAXX;DDX21;DDX39A;DDX39B;DHX38;DR1;E2F6;EAF1;EIF4A3;ELOA;EP300;ERCC6;ESRRA;ESRRB;ESRRG;EZH2;FOXP3;G6PD;GPI;GPS2;GPX2;GSK3B;GSR;GTF2B;GTF3C1;GTF3C2;GTF3C5;H2AC18;H2AC20;H3-3A;HCFC1;HCFC2;HDAC1;HDAC3;HDAC4;HDAC6;HDAC8;HIGD1C;HIPK2;HNF4A;INTS4;INTS6;KANSL1;KAT2A;KAT2B;KAT5;KAT8;KMT2A;KMT2B;KMT2D;L3MBTL2;LAMTOR1;LBR;LEO1;LSM10;MAGOH;MAPK1;MAPK3;MAX;MCRS1;MDM2;MECP2;MED1;MEN1;MGA;MLLT1;MLLT3;MRE11;MT-CO1;MT-CO2;MT-CO3;MYBBP1A;MYC;NCBP1;NCBP2;NCOR2;NDC1;NDUFA4;NEDD4L;NELFCD;NPM1;NR0B2;NR1D1;NR2C1;NR2C2;NR2E1;NR2E3;NUDT21;NUP107;NUP133;NUP153;NUP155;NUP160;NUP188;NUP205;NUP210;NUP214;NUP35;NUP37;NUP42;NUP43;NUP50;NUP54;NUP58;NUP62;NUP85;NUP88;NUP93;NUP98;OGT;PABPN1;PAPOLA;PCF11;PCGF2;PCGF5;PCGF6;PGR;PHC1;PHC2;PHC3;PHF20;PIP4K2A;PIP4K2B;PIP4K2C;PML;POLDIP3;POLR1B;POLR2A;POLR2B;POLR2C;POLR3B;POLR3F;POLRMT;POM121;POM121C;POU2F1;POU2F2;POU4F1;POU4F2;PPM1A;PSIP1;PSMC1;PSMC5;PSMD13;PSMD14;PSMD2;PSMD3;RAE1;RAN;RANBP2;RARA;RARB;RARG;RBBP5;RBM8A;RBX1;RHEB;RING1;RNF2;RNF34;RNPS1;RORA;RORB;RPS27A;RXRG;RYBP;SCMH1;SEC13;SEH1L;SETDB1;SF3B1;SIN3A;SIN3B;SIRT1;SKP1;SLC38A9;SLU7;SMAD4;SMARCC2;SMURF1;SNAPC4;SNRPB;SNRPD3;SNRPE;SNRPF;SNRPG;SP1;SRC;SRRM1;SRRT;SRSF1;SRSF11;SRSF2;SRSF3;SRSF5;SRSF7;SRSF9;SSRP1;STEAP3;STK11;STUB1;SUMO1;SUPT16H;SUPT5H;SUPT6H;TAF1;TAF4;TAF4B;TAF6;TAF7;TAF9;TBL1X;TBL1XR1;TBP;TCEA1;TDG;TFAP2A;TGFB1;THOC1;THOC2;THRB;TIGAR;TP53;TPR;TRIM28;TSC1;TTC5;TXN;TXNRD1;U2AF1;U2AF1L4;U2AF2;UBA52;UBB;UBC;UBE2D1;UBE2D3;UBE2I;UPF3B;USP7;USP9X;WDR33;WDR5;WWOX;YAF2;YEATS4;YWHAB;YWHAE;YWHAG;YWHAH;YWHAQ;YWHAZ;ZNF212;ZNF557;ZNF740;ZNF764;ZNF786,ANAPC1;ANAPC10;ANAPC11;ANAPC15;ANAPC16;ANAPC2;ANAPC4;ANAPC5;ANAPC7;APOE;ARID4B;ASZ1;ATF2;BCL2L11;BCL6;BRD2;CALM1;CAMK2A;CAMK2B;CAMK2D;CAMK2G;CAMK4;CAV1;CBX3;CD36;CDC16;CDC23;CDC26;CDC27;CDKN2A;CEBPB;CENPJ;CREB1;CREBBP;CRH;DDIT3;DDX4;DGAT2;DPY30;EGFR;ERBB2;FOS;FZR1;G6PC;GAD2;GCK;GLI2;GLI3;H2BC21;HDAC2;HSP90AA1;HSPD1;HTT;IFNG;IL6;INS;IRAK1;ITGA4;JUN;KCNIP3;KRAS;LGALS3;MAF;MAGOHB;MED16;MED24;MOBP;MYBL1;MYL9;NCOA3;NCOA4;NCOR1;NFYA;NFYB;NFYC;NKX2-5;NPPA;NPY;NRBP1;OPRM1;PDK4;PLIN2;POMC;PPARG;PPARGC1A;PRDM1;PRKACA;PRKCB;PTEN;PVALB;RAD51;RBM7;RELA;SAP18;SCD;SCO2;SLC2A3;SMAD6;SNW1;SOCS3;SOD2;SOX2;SREBF1;SRSF4;SRSF6;STAT1;SUMO2;TDRD9;THBS1;THRSP;TJP1;TNFRSF10A;TNFRSF10B;TXNIP;UBE2C;UBE2E1;UBE2S;XPO1;YBX1;ZNF214;ZNF223;ZNF430;ZNF440;ZNF584;ZNF679,H2AX;H3-3B;PIP4P1;TBL1Y
GENE_SILENCING_BY_RNA,M715,43,47,43,0,4,0.9148936170212766,AAAS;ASZ1;DDX4;H2AC18;H2AC20;H2BC21;H3-3A;HSP90AA1;MYBL1;NDC1;NUP107;NUP133;NUP153;NUP155;NUP160;NUP188;NUP205;NUP210;NUP214;NUP35;NUP37;NUP42;NUP43;NUP50;NUP54;NUP58;NUP62;NUP85;NUP88;NUP93;NUP98;POLR2A;POLR2B;POLR2C;POM121;POM121C;RAE1;RAN;RANBP2;SEC13;SEH1L;TDRD9;TPR,,H2AX;H3-3B;H3C2;H4C6
GENE_SILENCING_BY_RNA,MM14837,43,31,31,12,0,0.7209302325581395,AAAS;NDC1;NUP107;NUP133;NUP153;NUP155;NUP160;NUP188;NUP205;NUP210;NUP214;NUP35;NUP37;NUP42;NUP43;NUP50;NUP54;NUP58;NUP62;NUP85;NUP88;NUP93;NUP98;POM121;POM121C;RAE1;RAN;RANBP2;SEC13;SEH1L;TPR,ASZ1;DDX4;H2AC18;H2AC20;H2BC21;H3-3A;HSP90AA1;MYBL1;POLR2A;POLR2B;POLR2C;TDRD9,
GLI3_IS_PROCESSED_TO_GLI3R_BY_THE_PROTEASOME,MM15205,19,18,18,1,0,0.9473684210526315,ADRM1;GLI3;GSK3B;PRKACA;PRKACB;PSMC1;PSMC5;PSMD13;PSMD14;PSMD2;PSMD3;RBX1;RPS27A;SKP1;SUFU;UBA52;UBB;UBC,PRKACG,
GLUCAGON_LIKE_PEPTIDE_1_GLP1_REGULATES_INSULIN_SECRETION,M791,30,30,30,0,0,1.0,ADCY5;ADCY6;ADCY8;GNAS;GNB1;GNB2;GNB3;GNB4;GNB5;GNG10;GNG11;GNG12;GNG13;GNG2;GNG3;GNG4;GNG5;GNG7;GNG8;GNGT1;GNGT2;IQGAP1;PRKACA;PRKACB;PRKACG;PRKAR1A;PRKAR1B;PRKAR2A;PRKAR2B;RAPGEF4,,
GLUCAGON_LIKE_PEPTIDE_1_GLP1_REGULATES_INSULIN_SECRETION,MM14983,30,21,21,9,0,0.7,GNAS;GNB1;GNB2;GNB3;GNB4;GNB5;GNG10;GNG11;GNG12;GNG13;GNG2;GNG3;GNG4;GNG5;GNG7;GNG8;GNGT1;GNGT2;PRKACA;PRKACB;RAPGEF4,ADCY5;ADCY6;ADCY8;IQGAP1;PRKACG;PRKAR1A;PRKAR1B;PRKAR2A;PRKAR2B,
GLUCAGON_SIGNALING_IN_METABOLIC_REGULATION,M11575,32,32,32,0,0,1.0,ADCY1;ADCY2;ADCY3;ADCY4;ADCY5;ADCY6;ADCY7;ADCY8;ADCY9;GCGR;GNAS;GNB1;GNB2;GNB3;GNB4;GNG10;GNG11;GNG12;GNG13;GNG2;GNG3;GNG4;GNG5;GNG7;GNG8;PRKACA;PRKACB;PRKACG;PRKAR1A;PRKAR1B;PRKAR2A;PRKAR2B,,
GLUCAGON_SIGNALING_IN_METABOLIC_REGULATION,MM14628,32,5,5,27,0,0.15625,GCGR;PRKACA;PRKACB;PRKAR1A;PRKAR1B,ADCY1;ADCY2;ADCY3;ADCY4;ADCY5;ADCY6;ADCY7;ADCY8;ADCY9;GNAS;GNB1;GNB2;GNB3;GNB4;GNG10;GNG11;GNG12;GNG13;GNG2;GNG3;GNG4;GNG5;GNG7;GNG8;PRKACG;PRKAR2A;PRKAR2B,
GLUCAGON_TYPE_LIGAND_RECEPTORS,M10322,22,22,22,0,0,1.0,GCGR;GHRH;GNAS;GNB1;GNB2;GNB3;GNB4;GNB5;GNG10;GNG11;GNG12;GNG13;GNG2;GNG3;GNG4;GNG5;GNG7;GNG8;GNGT1;GNGT2;SCT;SCTR,,
GLUCAGON_TYPE_LIGAND_RECEPTORS,MM15066,22,22,22,0,0,1.0,GCGR;GHRH;GNAS;GNB1;GNB2;GNB3;GNB4;GNB5;GNG10;GNG11;GNG12;GNG13;GNG2;GNG3;GNG4;GNG5;GNG7;GNG8;GNGT1;GNGT2;SCT;SCTR,,
GLUCONEOGENESIS,M13748,21,21,21,0,0,1.0,ALDOA;ALDOB;ALDOC;ENO1;ENO2;ENO3;ENO4;FBP1;FBP2;G6PC2;G6PC3;GAPDH;GAPDHS;GPI;PC;PCK2;PGAM1;PGAM2;PGK1;PGK2;TPI1,,
GLUCONEOGENESIS,MM15392,21,21,20,1,1,0.9090909090909091,ALDOA;ALDOB;ALDOC;ENO2;ENO3;ENO4;FBP1;FBP2;G6PC2;G6PC3;GAPDH;GAPDHS;GPI;PC;PCK2;PGAM1;PGAM2;PGK1;PGK2;TPI1,ENO1,PGAM4
GLUCOSE_METABOLISM,M1870,72,72,72,0,0,1.0,AAAS;ADPGK;ALDOA;ALDOB;ALDOC;ENO1;ENO2;ENO3;ENO4;FBP1;FBP2;G6PC2;G6PC3;GAPDH;GAPDHS;GCK;GCKR;GNPDA1;GNPDA2;GPI;HK1;HK2;HK3;HKDC1;NDC1;NUP107;NUP133;NUP153;NUP155;NUP160;NUP188;NUP205;NUP210;NUP214;NUP35;NUP37;NUP42;NUP43;NUP50;NUP54;NUP58;NUP62;NUP85;NUP88;NUP93;NUP98;PC;PCK2;PFKFB1;PFKFB2;PFKFB3;PFKFB4;PFKL;PFKM;PFKP;PGAM1;PGAM2;PGK1;PGK2;PKLR;PKM;POM121;POM121C;PRKACA;PRKACB;PRKACG;RAE1;RANBP2;SEC13;SEH1L;TPI1;TPR,,
GLUCOSE_METABOLISM,MM15394,72,68,67,5,1,0.9178082191780822,AAAS;ADPGK;ALDOA;ALDOB;ALDOC;ENO2;ENO3;ENO4;FBP1;FBP2;G6PC2;G6PC3;GAPDH;GAPDHS;GCK;GCKR;GNPDA1;GNPDA2;GPI;HK1;HK2;HK3;HKDC1;NDC1;NUP107;NUP133;NUP153;NUP155;NUP160;NUP188;NUP205;NUP210;NUP214;NUP35;NUP37;NUP42;NUP43;NUP50;NUP54;NUP58;NUP62;NUP85;NUP88;NUP93;NUP98;PC;PCK2;PFKFB1;PFKFB2;PFKFB3;PFKFB4;PFKL;PFKM;PFKP;PGAM1;PGAM2;PGK1;PGK2;PKM;POM121;POM121C;RAE1;RANBP2;SEC13;SEH1L;TPI1;TPR,ENO1;PKLR;PRKACA;PRKACB;PRKACG,PGAM4
GLYCOGEN_BREAKDOWN_GLYCOGENOLYSIS,MM15391,7,8,6,1,2,0.6666666666666666,AGL;CALM1;GAA;PGM1;PYGL;PYGM,PYGB,CALM2;CALM3
GLYCOGEN_METABOLISM,M27857,15,15,15,0,0,1.0,AGL;CALM1;GAA;GBE1;GYS1;GYS2;PGM1;PYGB;PYGL;PYGM;RPS27A;UBA52;UBB;UBC;UGP2,,
GLYCOGEN_METABOLISM,MM15577,15,11,9,6,2,0.5294117647058824,AGL;CALM1;GAA;GBE1;GYS1;PGM1;PYGL;PYGM;UGP2,GYS2;PYGB;RPS27A;UBA52;UBB;UBC,CALM2;CALM3
GLYCOGEN_STORAGE_DISEASES,M27236,9,9,9,0,0,1.0,G6PC3;GAA;GBE1;GYS1;GYS2;RPS27A;UBA52;UBB;UBC,,
GLYCOGEN_SYNTHESIS,M27247,9,9,9,0,0,1.0,GBE1;GYS1;GYS2;PGM1;RPS27A;UBA52;UBB;UBC;UGP2,,
GOLGI_TO_ER_RETROGRADE_TRANSPORT,M27751,53,54,53,0,1,0.9814814814814815,ARF4;CAPZA1;CAPZB;CENPE;COPG1;DCTN1;DCTN2;DCTN4;DYNC1H1;DYNC1I1;DYNC1I2;DYNC1LI1;DYNC1LI2;DYNLL1;DYNLL2;GALNT2;GBF1;KIF11;KIF18A;KIF25;KIF2A;KIF3A;KIF3B;KIF5A;KIF5B;KIFAP3;KIFC1;KIFC2;KLC1;KLC2;KLC3;KLC4;NBAS;PAFAH1B1;PAFAH1B2;PLA2G6;RAB6A;RAB6B;TUBA1A;TUBA1B;TUBA1C;TUBA3E;TUBA4A;TUBA8;TUBAL3;TUBB1;TUBB2A;TUBB2B;TUBB3;TUBB4A;TUBB4B;TUBB6;TUBB8,,TUBA3D
GOLGI_TO_ER_RETROGRADE_TRANSPORT,MM15497,53,50,49,4,1,0.9074074074074074,ARF4;CAPZB;CENPE;COPG1;DCTN1;DCTN2;DCTN4;DYNC1H1;DYNC1I1;DYNC1I2;DYNC1LI1;DYNC1LI2;DYNLL1;DYNLL2;GALNT2;GBF1;KIF11;KIF18A;KIF2A;KIF3A;KIF3B;KIF5A;KIF5B;KIFAP3;KIFC1;KIFC2;KLC1;KLC2;KLC3;KLC4;NBAS;PAFAH1B1;PAFAH1B2;PLA2G6;RAB6A;RAB6B;TUBA1A;TUBA1B;TUBA1C;TUBA4A;TUBA8;TUBAL3;TUBB1;TUBB2A;TUBB2B;TUBB3;TUBB4A;TUBB4B;TUBB6,CAPZA1;KIF25;TUBA3E;TUBB8,TUBA3D
GPCR_LIGAND_BINDING,M507,137,137,137,0,0,1.0,ACKR3;ADORA2A;ADRA1A;ADRA1B;ADRA1D;ADRA2A;ADRA2B;ADRB1;ADRB2;ADRB3;AGT;AGTR1;AGTR2;AVPR1A;AVPR1B;AVPR2;CASR;CCK;CCL19;CCL2;CCL21;CCL22;CCR1;CCR2;CCR3;CCR5;CCR6;CCRL2;CHRM1;CNR1;CRH;CRHR1;CX3CL1;CX3CR1;CXCL11;CXCR4;CXCR5;DRD2;DRD4;FPR1;FZD2;FZD3;FZD4;FZD5;FZD6;GABBR1;GCGR;GHRH;GHRL;GNAS;GNB1;GNB2;GNB3;GNB4;GNB5;GNG10;GNG11;GNG12;GNG13;GNG2;GNG3;GNG4;GNG5;GNG7;GNG8;GNGT1;GNGT2;GNRHR;GPR55;GRM1;GRM5;GRM6;HCRT;HRH1;HRH2;HTR2B;HTR2C;LHCGR;MC1R;MC2R;MC4R;MC5R;MCHR1;MLNR;NPSR1;NPY;NPY1R;NPY2R;NTS;NTSR1;NTSR2;OPN1LW;OPN1MW;OPN1SW;OPN3;OPN4;OPN5;OPRM1;OXT;OXTR;P2RY12;PDYN;PLPPR1;PLPPR2;PLPPR3;PLPPR4;PLPPR5;PNOC;POMC;PTAFR;PTCH1;PTH;PTH1R;PTH2R;PYY;RGR;RHO;RRH;RXFP4;SCT;SCTR;SHH;SMO;SSTR2;SSTR3;SSTR5;TAAR1;TAAR5;TAC1;TAS2R1;TAS2R16;TAS2R38;TAS2R4;TBXA2R;TRHR;WNT11;WNT5A,,
GPER1_SIGNALING,M45008,42,42,42,0,0,1.0,ADCY1;ADCY2;ADCY3;ADCY4;ADCY5;ADCY6;ADCY7;ADCY8;ADCY9;FN1;GNAI1;GNAI2;GNAI3;GNAS;GNAT3;GNAZ;GNB1;GNB2;GNB3;GNB4;GNB5;GNG10;GNG11;GNG12;GNG13;GNG2;GNG3;GNG4;GNG5;GNG7;GNG8;GNGT1;GNGT2;ITGB1;PRKACA;PRKACB;PRKACG;PRKAR1A;PRKAR1B;PRKAR2A;PRKAR2B;SRC,,
GPER1_SIGNALING,MM15664,42,24,24,18,0,0.5714285714285714,FN1;GNAS;GNB1;GNB2;GNB3;GNB4;GNB5;GNG10;GNG11;GNG12;GNG13;GNG2;GNG3;GNG4;GNG5;GNG7;GNG8;GNGT1;GNGT2;ITGB1;PRKACA;PRKACB;PRKAR1A;PRKAR1B,ADCY1;ADCY2;ADCY3;ADCY4;ADCY5;ADCY6;ADCY7;ADCY8;ADCY9;GNAI1;GNAI2;GNAI3;GNAT3;GNAZ;PRKACG;PRKAR2A;PRKAR2B;SRC,
GPVI_MEDIATED_ACTIVATION_CASCADE,M773,15,15,15,0,0,1.0,CDC42;FYN;LCK;PIK3CA;PIK3CB;PIK3CG;PIK3R1;PIK3R2;PIK3R3;PLCG2;PRKCZ;RAC1;RAC2;RHOA;RHOB,,
GROWTH_HORMONE_RECEPTOR_SIGNALING,M519,12,12,12,0,0,1.0,ADAM17;CSH1;GH1;GH2;JAK2;MAPK1;MAPK3;SH2B1;SOCS1;SOCS3;STAT1;STAT3,,
GROWTH_HORMONE_RECEPTOR_SIGNALING,MM15710,12,9,7,5,2,0.5,CSH1;GH1;GH2;JAK2;MAPK1;MAPK3;SH2B1,ADAM17;SOCS1;SOCS3;STAT1;STAT3,CSH2;CSHL1
G_ALPHA_12_13_SIGNALLING_EVENTS,M800,41,41,41,0,0,1.0,ABR;ADRA1A;ADRA1B;ADRA1D;AKAP13;ARHGEF1;ARHGEF18;ARHGEF33;ARHGEF40;ARHGEF7;ECT2;GNA12;GNA13;GNB1;GNB2;GNB3;GNB4;GNB5;GNG10;GNG11;GNG12;GNG13;GNG2;GNG3;GNG4;GNG5;GNG7;GNG8;GNGT1;GNGT2;ITSN1;MCF2;PLXNB1;RHOA;RHOB;RHOC;ROCK1;ROCK2;SOS1;SOS2;TBXA2R,,
G_ALPHA_12_13_SIGNALLING_EVENTS,MM15044,41,41,40,1,1,0.9523809523809523,ABR;ADRA1A;ADRA1B;ADRA1D;AKAP13;ARHGEF1;ARHGEF18;ARHGEF33;ARHGEF7;ECT2;GNA12;GNA13;GNB1;GNB2;GNB3;GNB4;GNB5;GNG10;GNG11;GNG12;GNG13;GNG2;GNG3;GNG4;GNG5;GNG7;GNG8;GNGT1;GNGT2;ITSN1;MCF2;PLXNB1;RHOA;RHOB;RHOC;ROCK1;ROCK2;SOS1;SOS2;TBXA2R,ARHGEF40,ARHGEF25
G_ALPHA_I_SIGNALLING_EVENTS,M600,141,141,141,0,0,1.0,ACKR3;ADCY1;ADCY2;ADCY3;ADCY4;ADCY5;ADCY6;ADCY7;ADCY8;ADCY9;ADRA2A;ADRA2B;AGT;AGTR2;AHCYL1;CALM1;CAMK2A;CAMK2B;CAMK2D;CAMK2G;CAMK4;CASR;CCL19;CCL21;CCR1;CCR2;CCR3;CCR5;CCR6;CDK5;CNR1;CREB1;CX3CL1;CX3CR1;CXCL11;CXCR4;CXCR5;DRD4;FPR1;GABBR1;GNA11;GNA14;GNA15;GNAI1;GNAI2;GNAI3;GNAL;GNAQ;GNAS;GNAT1;GNAT2;GNAT3;GNAZ;GNB1;GNB2;GNB3;GNB4;GNB5;GNG10;GNG11;GNG12;GNG13;GNG2;GNG3;GNG4;GNG5;GNG7;GNG8;GNGT1;GNGT2;GPR55;GPSM2;GRK2;GRM6;KPNA2;MAPK1;MCHR1;NPY;NPY1R;NPY2R;OPN1LW;OPN1MW;OPN1SW;OPN3;OPN5;OPRM1;P2RY12;PDE1A;PDE1B;PDE1C;PDE4A;PDE4B;PDYN;PLCB1;PLCB2;PLCB3;PLCB4;PNOC;POMC;PPP1CA;PPP3CB;PRKACA;PRKACB;PRKACG;PRKAR1A;PRKAR1B;PRKAR2A;PRKAR2B;PRKCA;PRKCG;PYY;RGR;RGS1;RGS10;RGS11;RGS12;RGS13;RGS16;RGS17;RGS18;RGS19;RGS20;RGS21;RGS3;RGS4;RGS5;RGS6;RGS7;RGS8;RGS9;RHO;RRH;RXFP4;SRC;SSTR2;SSTR3;SSTR5;TAS2R1;TAS2R16;TAS2R38;TAS2R4,,
G_ALPHA_I_SIGNALLING_EVENTS,MM15057,141,126,123,18,3,0.8541666666666666,ACKR3;ADCY1;ADCY2;ADCY3;ADCY4;ADCY5;ADCY6;ADCY7;ADCY8;ADCY9;ADRA2A;ADRA2B;AGT;AGTR2;CALM1;CASR;CCL19;CCL21;CCR1;CCR3;CCR5;CCR6;CDK5;CNR1;CX3CL1;CX3CR1;CXCL11;CXCR4;CXCR5;DRD4;FPR1;GABBR1;GNA11;GNA14;GNA15;GNAI1;GNAI2;GNAI3;GNAL;GNAQ;GNAT1;GNAT2;GNAT3;GNB1;GNB2;GNB3;GNB4;GNB5;GNG10;GNG11;GNG12;GNG13;GNG2;GNG3;GNG4;GNG5;GNG7;GNG8;GNGT1;GNGT2;GPR55;GPSM2;GRK2;GRM6;MAPK1;MCHR1;NPY;NPY1R;NPY2R;OPN1LW;OPN1SW;OPN3;OPN5;OPRM1;P2RY12;PDE1A;PDE1B;PDE1C;PDE4A;PDE4B;PDYN;PLCB1;PLCB2;PLCB3;PLCB4;PNOC;POMC;PPP1CA;PRKACA;PRKACB;PRKAR1A;PRKAR1B;PRKCG;PYY;RGR;RGS1;RGS11;RGS12;RGS13;RGS16;RGS17;RGS18;RGS19;RGS20;RGS21;RGS3;RGS4;RGS5;RGS6;RGS7;RGS8;RGS9;RHO;RRH;RXFP4;SRC;SSTR2;SSTR3;SSTR5;TAS2R1;TAS2R16;TAS2R38;TAS2R4,AHCYL1;CAMK2A;CAMK2B;CAMK2D;CAMK2G;CAMK4;CCR2;CREB1;GNAS;GNAZ;KPNA2;OPN1MW;PPP3CB;PRKACG;PRKAR2A;PRKAR2B;PRKCA;RGS10,CALM2;CALM3;OPN1MW3
G_ALPHA_Q_SIGNALLING_EVENTS,M18437,87,87,87,0,0,1.0,ABHD12;ADRA1A;ADRA1B;ADRA1D;AGT;AGTR1;ARHGEF25;AVPR1A;AVPR1B;CASR;CCK;CHRM1;CREB1;EGFR;GCGR;GHRL;GNA11;GNA14;GNA15;GNAQ;GNB1;GNB2;GNB3;GNB4;GNB5;GNG10;GNG11;GNG12;GNG13;GNG2;GNG3;GNG4;GNG5;GNG7;GNG8;GNGT1;GNGT2;GNRHR;GRB2;GRK2;GRK5;GRM1;GRM5;HCRT;HRAS;HRH1;HTR2B;HTR2C;KRAS;MAPK1;MAPK3;MCHR1;MLNR;NPSR1;NRAS;NTS;NTSR1;NTSR2;OPN4;OXT;OXTR;PIK3CA;PIK3R1;PIK3R2;PIK3R3;PLCB1;PLCB2;PLCB3;PLCB4;PRKCA;PTAFR;RGS1;RGS13;RGS16;RGS17;RGS18;RGS19;RGS2;RGS21;RGS3;RGS4;RGS5;SOS1;TAC1;TBXA2R;TRHR;TRPC6,,
G_ALPHA_Q_SIGNALLING_EVENTS,MM15043,87,83,83,4,0,0.9540229885057471,ABHD12;ADRA1A;ADRA1B;ADRA1D;AGT;AGTR1;ARHGEF25;AVPR1A;AVPR1B;CASR;CCK;CHRM1;CREB1;EGFR;GCGR;GHRL;GNA11;GNA14;GNA15;GNAQ;GNB1;GNB2;GNB3;GNB4;GNB5;GNG10;GNG11;GNG12;GNG13;GNG2;GNG3;GNG4;GNG5;GNG7;GNG8;GNGT1;GNGT2;GNRHR;GRB2;GRK2;GRM1;GRM5;HCRT;HRAS;HRH1;HTR2B;HTR2C;KRAS;MAPK1;MAPK3;MCHR1;NPSR1;NTS;NTSR1;NTSR2;OPN4;OXT;OXTR;PIK3CA;PIK3R1;PIK3R2;PIK3R3;PLCB1;PLCB2;PLCB3;PLCB4;PTAFR;RGS1;RGS13;RGS16;RGS17;RGS18;RGS19;RGS2;RGS21;RGS3;RGS4;RGS5;SOS1;TAC1;TBXA2R;TRHR;TRPC6,GRK5;MLNR;NRAS;PRKCA,
G_ALPHA_S_SIGNALLING_EVENTS,M4904,82,82,82,0,0,1.0,ADCY1;ADCY2;ADCY3;ADCY4;ADCY5;ADCY6;ADCY7;ADCY8;ADCY9;ADORA2A;ADRB1;ADRB2;ADRB3;ARRB1;ARRB2;AVPR2;CRH;CRHR1;FN1;GCGR;GHRH;GNAI1;GNAI2;GNAI3;GNAS;GNAT3;GNAZ;GNB1;GNB2;GNB3;GNB4;GNB5;GNG10;GNG11;GNG12;GNG13;GNG2;GNG3;GNG4;GNG5;GNG7;GNG8;GNGT1;GNGT2;GPR84;GRK2;GRK3;GRK5;GRK6;HRH2;ITGB1;LHCGR;MC1R;MC2R;MC4R;MC5R;NPSR1;PDE10A;PDE11A;PDE1A;PDE1B;PDE2A;PDE3A;PDE3B;PDE4A;PDE7B;POMC;PRKACA;PRKACB;PRKACG;PRKAR1A;PRKAR1B;PRKAR2A;PRKAR2B;PTH;PTH1R;PTH2R;SCT;SCTR;SRC;TAAR1;TAAR5,,
G_ALPHA_S_SIGNALLING_EVENTS,MM15055,82,63,63,19,0,0.7682926829268293,ADORA2A;ADRB1;ADRB2;ADRB3;ARRB1;ARRB2;AVPR2;CRH;CRHR1;FN1;GCGR;GHRH;GNAS;GNB1;GNB2;GNB3;GNB4;GNB5;GNG10;GNG11;GNG12;GNG13;GNG2;GNG3;GNG4;GNG5;GNG7;GNG8;GNGT1;GNGT2;GPR84;GRK2;GRK3;GRK5;GRK6;HRH2;ITGB1;LHCGR;MC1R;MC2R;MC4R;MC5R;NPSR1;PDE10A;PDE11A;PDE1A;PDE1B;PDE2A;PDE3A;PDE4A;PDE7B;POMC;PRKACA;PRKACB;PRKAR1A;PRKAR1B;PTH;PTH1R;PTH2R;SCT;SCTR;TAAR1;TAAR5,ADCY1;ADCY2;ADCY3;ADCY4;ADCY5;ADCY6;ADCY7;ADCY8;ADCY9;GNAI1;GNAI2;GNAI3;GNAT3;GNAZ;PDE3B;PRKACG;PRKAR2A;PRKAR2B;SRC,
G_ALPHA_Z_SIGNALLING_EVENTS,M10775,42,42,42,0,0,1.0,ADCY1;ADCY2;ADCY3;ADCY4;ADCY5;ADCY6;ADCY7;ADCY8;ADCY9;ADRA2A;ADRA2B;GNAI1;GNAI2;GNAI3;GNAS;GNAT3;GNAZ;GNB1;GNB2;GNB3;GNB4;GNB5;GNG10;GNG11;GNG12;GNG13;GNG2;GNG3;GNG4;GNG5;GNG7;GNG8;GNGT1;GNGT2;PRKCA;PRKCB;PRKCG;RGS16;RGS17;RGS19;RGS20;RGS4,,
G_ALPHA_Z_SIGNALLING_EVENTS,MM15058,42,32,32,10,0,0.7619047619047619,ADCY1;ADCY2;ADCY3;ADCY4;ADCY5;ADCY6;ADCY7;ADCY8;ADCY9;ADRA2A;ADRA2B;GNAZ;GNB1;GNB2;GNB3;GNB4;GNB5;GNG10;GNG11;GNG12;GNG13;GNG2;GNG3;GNG4;GNG5;GNG7;GNG8;GNGT1;GNGT2;RGS16;RGS17;RGS20,GNAI1;GNAI2;GNAI3;GNAS;GNAT3;PRKCA;PRKCB;PRKCG;RGS19;RGS4,
G_BETA_GAMMA_SIGNALLING_THROUGH_CDC42,M27853,19,19,19,0,0,1.0,CDC42;GNB1;GNB2;GNB3;GNB4;GNB5;GNG10;GNG11;GNG12;GNG13;GNG2;GNG3;GNG4;GNG5;GNG7;GNG8;GNGT1;GNGT2;PAK1,,
G_BETA_GAMMA_SIGNALLING_THROUGH_CDC42,MM15572,19,19,19,0,0,1.0,CDC42;GNB1;GNB2;GNB3;GNB4;GNB5;GNG10;GNG11;GNG12;GNG13;GNG2;GNG3;GNG4;GNG5;GNG7;GNG8;GNGT1;GNGT2;PAK1,,
G_BETA_GAMMA_SIGNALLING_THROUGH_PI3KGAMMA,M14301,22,22,22,0,0,1.0,AKT1;AKT2;AKT3;GNB1;GNB2;GNB3;GNB4;GNB5;GNG10;GNG11;GNG12;GNG13;GNG2;GNG3;GNG4;GNG5;GNG7;GNG8;GNGT1;GNGT2;PIK3CG;RHOA,,
G_BETA_GAMMA_SIGNALLING_THROUGH_PI3KGAMMA,MM15017,22,22,22,0,0,1.0,AKT1;AKT2;AKT3;GNB1;GNB2;GNB3;GNB4;GNB5;GNG10;GNG11;GNG12;GNG13;GNG2;GNG3;GNG4;GNG5;GNG7;GNG8;GNGT1;GNGT2;PIK3CG;RHOA,,
G_PROTEIN_ACTIVATION,M13115,24,24,24,0,0,1.0,GNA11;GNA14;GNA15;GNAQ;GNB1;GNB2;GNB3;GNB4;GNB5;GNG10;GNG11;GNG12;GNG13;GNG2;GNG3;GNG4;GNG5;GNG7;GNG8;GNGT1;GNGT2;OPRM1;PDYN;POMC,,
G_PROTEIN_ACTIVATION,MM14794,24,24,24,0,0,1.0,GNA11;GNA14;GNA15;GNAQ;GNB1;GNB2;GNB3;GNB4;GNB5;GNG10;GNG11;GNG12;GNG13;GNG2;GNG3;GNG4;GNG5;GNG7;GNG8;GNGT1;GNGT2;OPRM1;PDYN;POMC,,
G_PROTEIN_BETA_GAMMA_SIGNALLING,M14309,27,27,27,0,0,1.0,AKT1;AKT2;AKT3;CDC42;GNB1;GNB2;GNB3;GNB4;GNB5;GNG10;GNG11;GNG12;GNG13;GNG2;GNG3;GNG4;GNG5;GNG7;GNG8;GNGT1;GNGT2;PAK1;PIK3CG;PLCB1;PLCB2;PLCB3;RHOA,,
G_PROTEIN_BETA_GAMMA_SIGNALLING,MM15027,27,27,27,0,0,1.0,AKT1;AKT2;AKT3;CDC42;GNB1;GNB2;GNB3;GNB4;GNB5;GNG10;GNG11;GNG12;GNG13;GNG2;GNG3;GNG4;GNG5;GNG7;GNG8;GNGT1;GNGT2;PAK1;PIK3CG;PLCB1;PLCB2;PLCB3;RHOA,,
G_PROTEIN_MEDIATED_EVENTS,M26911,45,45,45,0,0,1.0,ADCY1;ADCY2;ADCY3;ADCY4;ADCY5;ADCY6;ADCY7;ADCY8;ADCY9;AHCYL1;CALM1;CAMK2A;CAMK2B;CAMK2D;CAMK2G;CAMK4;CREB1;GNA11;GNA14;GNA15;GNAI1;GNAI2;GNAI3;GNAL;GNAQ;GNAT3;GRK2;KPNA2;MAPK1;PDE1A;PDE1B;PDE1C;PLCB1;PLCB2;PLCB3;PLCB4;PRKACA;PRKACB;PRKACG;PRKAR1A;PRKAR1B;PRKAR2A;PRKAR2B;PRKCA;PRKCG,,
G_PROTEIN_MEDIATED_EVENTS,MM14496,45,35,33,12,2,0.7021276595744681,ADCY1;ADCY2;ADCY3;ADCY4;ADCY5;ADCY6;ADCY7;ADCY8;ADCY9;CALM1;GNA11;GNA14;GNA15;GNAI1;GNAI2;GNAI3;GNAL;GNAQ;GNAT3;GRK2;MAPK1;PDE1A;PDE1B;PDE1C;PLCB1;PLCB2;PLCB3;PLCB4;PRKACA;PRKACB;PRKAR1A;PRKAR1B;PRKCG,AHCYL1;CAMK2A;CAMK2B;CAMK2D;CAMK2G;CAMK4;CREB1;KPNA2;PRKACG;PRKAR2A;PRKAR2B;PRKCA,CALM2;CALM3
HCMV_EARLY_EVENTS,M29805,68,71,68,0,3,0.9577464788732394,AAAS;CREB1;DAXX;DYNC1H1;DYNC1I1;DYNC1I2;DYNC1LI1;DYNC1LI2;DYNLL1;DYNLL2;EGFR;EZH2;GPS2;H2AC18;H2AC20;H2BC21;HDAC3;ITGB1;NCOR1;NCOR2;NDC1;NUP107;NUP133;NUP153;NUP155;NUP160;NUP188;NUP205;NUP210;NUP214;NUP35;NUP37;NUP42;NUP43;NUP50;NUP54;NUP58;NUP62;NUP85;NUP88;NUP93;NUP98;PML;POM121;POM121C;RAE1;RANBP2;SEC13;SEH1L;TBL1X;TBL1XR1;TPR;TRIM28;TUBA1A;TUBA1B;TUBA1C;TUBA3E;TUBA4A;TUBA8;TUBAL3;TUBB1;TUBB2A;TUBB2B;TUBB3;TUBB4A;TUBB4B;TUBB6;TUBB8,,H3C2;H4C6;TUBA3D
HCMV_INFECTION,M29804,90,93,90,0,3,0.967741935483871,AAAS;CHMP1A;CHMP2A;CHMP2B;CHMP3;CHMP4A;CHMP4B;CHMP4C;CHMP6;CHMP7;CREB1;DAXX;DYNC1H1;DYNC1I1;DYNC1I2;DYNC1LI1;DYNC1LI2;DYNLL1;DYNLL2;EGFR;EZH2;GPS2;H2AC18;H2AC20;H2BC21;HDAC3;HNRNPK;ITGB1;MVB12A;MVB12B;NCOR1;NCOR2;NDC1;NUP107;NUP133;NUP153;NUP155;NUP160;NUP188;NUP205;NUP210;NUP214;NUP35;NUP37;NUP42;NUP43;NUP50;NUP54;NUP58;NUP62;NUP85;NUP88;NUP93;NUP98;PML;POM121;POM121C;RAE1;RANBP2;SEC13;SEH1L;SNF8;TBL1X;TBL1XR1;TPR;TRIM28;TSG101;TUBA1A;TUBA1B;TUBA1C;TUBA3E;TUBA4A;TUBA8;TUBAL3;TUBB1;TUBB2A;TUBB2B;TUBB3;TUBB4A;TUBB4B;TUBB6;TUBB8;UBAP1;VPS25;VPS28;VPS36;VPS37A;VPS37B;VPS37C;VPS37D,,H3C2;H4C6;TUBA3D
HCMV_LATE_EVENTS,M29806,55,57,55,0,2,0.9649122807017544,AAAS;CHMP1A;CHMP2A;CHMP2B;CHMP3;CHMP4A;CHMP4B;CHMP4C;CHMP6;CHMP7;H2AC18;H2AC20;H2BC21;HNRNPK;MVB12A;MVB12B;NDC1;NUP107;NUP133;NUP153;NUP155;NUP160;NUP188;NUP205;NUP210;NUP214;NUP35;NUP37;NUP42;NUP43;NUP50;NUP54;NUP58;NUP62;NUP85;NUP88;NUP93;NUP98;POM121;POM121C;RAE1;RANBP2;SEC13;SEH1L;SNF8;TPR;TSG101;UBAP1;VPS25;VPS28;VPS36;VPS37A;VPS37B;VPS37C;VPS37D,,H3C2;H4C6
HEDGEHOG_OFF_STATE,M27471,67,68,67,0,1,0.9852941176470589,ADCY1;ADCY10;ADCY2;ADCY3;ADCY4;ADCY5;ADCY6;ADCY7;ADCY8;ADCY9;ADRM1;DYNC2H1;GLI1;GLI2;GLI3;GNAS;GPR161;GSK3B;IFT122;IFT140;IFT172;IFT52;IFT57;IFT88;INTU;KIF3A;KIF7;MKS1;OFD1;PRKACA;PRKACB;PRKACG;PRKAR1A;PRKAR1B;PRKAR2A;PRKAR2B;PSMC1;PSMC5;PSMD13;PSMD14;PSMD2;PSMD3;PTCH1;RBX1;RPGRIP1L;RPS27A;SKP1;SMO;SUFU;TTC21B;TUBA1A;TUBA1B;TUBA1C;TUBA4A;TUBB1;TUBB2A;TUBB2B;TUBB3;TUBB4A;TUBB4B;TUBB6;TULP3;UBA52;UBB;UBC;WDR19;WDR35,,TUBA3D
HEDGEHOG_OFF_STATE,MM15206,67,63,62,5,1,0.9117647058823529,ADCY1;ADCY10;ADCY2;ADCY3;ADCY4;ADCY5;ADCY6;ADCY7;ADCY8;ADCY9;ADRM1;DYNC2H1;GLI1;GLI2;GLI3;GPR161;GSK3B;IFT122;IFT140;IFT172;IFT52;IFT57;INTU;KIF3A;KIF7;MKS1;OFD1;PRKACA;PRKACB;PRKAR1A;PRKAR1B;PSMC1;PSMC5;PSMD13;PSMD14;PSMD2;PSMD3;PTCH1;RBX1;RPGRIP1L;RPS27A;SKP1;SMO;SUFU;TTC21B;TUBA1A;TUBA1B;TUBA1C;TUBA4A;TUBB1;TUBB2A;TUBB2B;TUBB3;TUBB4A;TUBB4B;TUBB6;TULP3;UBA52;UBB;UBC;WDR19;WDR35,GNAS;IFT88;PRKACG;PRKAR2A;PRKAR2B,TUBA3D
HEDGEHOG_ON_STATE,M27497,33,33,33,0,0,1.0,ADRM1;ARRB1;ARRB2;CUL3;DZIP1;EFCAB7;EVC;EVC2;GLI1;GLI2;GLI3;GPR161;GRK2;KIF3A;KIF7;PSMC1;PSMC5;PSMD13;PSMD14;PSMD2;PSMD3;PTCH1;RBX1;RPS27A;SHH;SMO;SMURF1;SPOP;SPOPL;SUFU;UBA52;UBB;UBC,,
HEDGEHOG_ON_STATE,MM15225,33,32,32,1,0,0.9696969696969697,ADRM1;ARRB1;ARRB2;CUL3;DZIP1;EVC;EVC2;GLI1;GLI2;GLI3;GPR161;GRK2;KIF3A;KIF7;PSMC1;PSMC5;PSMD13;PSMD14;PSMD2;PSMD3;PTCH1;RBX1;RPS27A;SHH;SMO;SMURF1;SPOP;SPOPL;SUFU;UBA52;UBB;UBC,EFCAB7,
HEME_BIOSYNTHESIS,M27059,14,14,14,0,0,1.0,ABCG2;ALAD;ALAS1;ALAS2;ALB;COX10;COX15;CPOX;FECH;FLVCR1;HMBS;PPOX;UROD;UROS,,
HEME_BIOSYNTHESIS,MM14720,14,13,13,1,0,0.9285714285714286,ALAD;ALAS1;ALAS2;ALB;COX10;COX15;CPOX;FECH;FLVCR1;HMBS;PPOX;UROD;UROS,ABCG2,
HEME_SIGNALING,M41832,20,20,20,0,0,1.0,ATF2;CREB1;CREBBP;CRTC2;EP300;HDAC3;HMOX1;MED1;MEF2D;NCOR1;NFE2L2;NR1D1;PPARGC1A;RORA;SIRT1;SLC46A1;TBL1X;TBL1XR1;TLR4;XPO1,,
HEMOSTASIS,M8395,198,202,197,1,5,0.9704433497536946,AAMP;ABHD12;ABL1;ACTB;ACTN1;ACTN2;ACTN4;ADRA2A;ADRA2B;AKT1;ALB;ALDOA;ANXA2;ARRB1;ARRB2;ATP2A1;BSG;CALM1;CAPZA1;CAPZB;CAV1;CD36;CD47;CDC42;CDK5;CENPE;CHID1;CLU;CSK;CYB5R1;DOCK1;DOCK4;EHD1;F11;F11R;F12;F9;FLNA;FN1;FYN;GAS6;GNA11;GNA12;GNA13;GNA14;GNA15;GNAI1;GNAI2;GNAI3;GNAQ;GNAS;GNAT3;GNB1;GNB2;GNB3;GNB4;GNB5;GNG10;GNG11;GNG12;GNG13;GNG2;GNG3;GNG4;GNG5;GNG7;GNG8;GNGT1;GNGT2;GRB14;GRB2;GUCY1A2;H3-3A;HABP4;HDAC1;HDAC2;HRAS;HSPA5;ITGA4;ITGAM;ITGAX;ITGB1;JAK2;KCNMA1;KIF11;KIF18A;KIF25;KIF2A;KIF3A;KIF3B;KIF5A;KIF5B;KIFAP3;KIFC1;KIFC2;KLC1;KLC2;KLC3;KLC4;KLKB1;KRAS;LCK;MAFF;MAFG;MAPK1;MAPK3;MERTK;NRAS;P2RX4;P2RY12;PDE10A;PDE11A;PDE1A;PDE1B;PDE2A;PDE5A;PDE9A;PFN1;PHACTR2;PIK3CA;PIK3CB;PIK3CG;PIK3R1;PIK3R2;PIK3R3;PLCG1;PLCG2;PLEK;PPIA;PPIL2;PRKACA;PRKACB;PRKACG;PRKAR1A;PRKAR1B;PRKAR2A;PRKAR2B;PRKCA;PRKCB;PRKCG;PRKCZ;PRKG1;PRKG2;PROS1;RAB5A;RAC1;RAC2;RAD51B;RAF1;RAPGEF4;RCOR1;RHOA;RHOB;SDC1;SERPINA3;SH2B1;SIN3A;SIRPA;SLC16A3;SLC16A8;SLC3A2;SLC7A10;SLC7A5;SLC7A6;SLC7A7;SLC7A8;SLC7A9;SLC8A1;SOD1;SOS1;SRC;TBXA2R;TGFB1;THBS1;TIMP3;TNFRSF10A;TNFRSF10B;TP53;TRPC6;TTN;TUBA1A;TUBA1B;TUBA1C;TUBA3E;TUBA4A;TUBA8;TUBAL3;TUBB1;TUBB2A;TUBB2B;TUBB3;TUBB4A;TUBB4B;TUBB6;TUBB8;VWF;YWHAZ,HBD,GUCY1A1;GUCY1B1;H3-3B;H3C2;TUBA3D
HEMOSTASIS,MM14472,198,179,175,23,4,0.8663366336633663,AAMP;ABHD12;ACTN1;ACTN2;ACTN4;ADRA2A;ADRA2B;AKT1;ALB;ALDOA;ANXA2;ARRB1;ARRB2;ATP2A1;BSG;CALM1;CAPZB;CAV1;CD36;CD47;CDC42;CENPE;CHID1;CLU;CSK;CYB5R1;DOCK1;DOCK4;EHD1;F11;F11R;F12;F9;FLNA;FN1;FYN;GAS6;GNA11;GNA12;GNA13;GNA14;GNA15;GNAI1;GNAI2;GNAI3;GNAQ;GNAS;GNAT3;GNB1;GNB2;GNB3;GNB4;GNB5;GNG10;GNG11;GNG12;GNG13;GNG2;GNG3;GNG4;GNG5;GNG7;GNG8;GNGT1;GNGT2;GRB14;GRB2;H3-3A;HABP4;HDAC1;HRAS;ITGA4;ITGAM;ITGAX;ITGB1;JAK2;KIF11;KIF18A;KIF2A;KIF3A;KIF3B;KIF5A;KIF5B;KIFAP3;KIFC1;KIFC2;KLC1;KLC2;KLC3;KLC4;KLKB1;KRAS;LCK;MAFF;MAFG;MAPK1;MAPK3;MERTK;P2RX4;P2RY12;PDE10A;PDE11A;PDE1A;PDE1B;PDE2A;PDE5A;PDE9A;PHACTR2;PIK3CA;PIK3CB;PIK3CG;PIK3R1;PIK3R2;PIK3R3;PLCG1;PLCG2;PLEK;PPIA;PPIL2;PRKACA;PRKACB;PRKAR1A;PRKAR1B;PRKCB;PRKCG;PRKG1;PROS1;RAB5A;RAC1;RAC2;RAD51B;RAF1;RAPGEF4;RCOR1;RHOA;RHOB;SDC1;SERPINA3;SH2B1;SIRPA;SLC16A3;SLC16A8;SLC3A2;SLC7A10;SLC7A5;SLC7A6;SLC7A7;SLC7A8;SLC7A9;SLC8A1;SOD1;SOS1;SRC;TBXA2R;TGFB1;THBS1;TIMP3;TNFRSF10A;TNFRSF10B;TRPC6;TUBA1A;TUBA1B;TUBA1C;TUBA4A;TUBA8;TUBAL3;TUBB1;TUBB2A;TUBB2B;TUBB3;TUBB4A;TUBB4B;TUBB6;VWF;YWHAZ,ABL1;ACTB;CAPZA1;CDK5;GUCY1A2;HBD;HDAC2;HSPA5;KCNMA1;KIF25;NRAS;PFN1;PRKACG;PRKAR2A;PRKAR2B;PRKCA;PRKCZ;PRKG2;SIN3A;TP53;TTN;TUBA3E;TUBB8,CALM2;CALM3;H3-3B;TUBA3D
HIV_INFECTION,M12469,114,113,113,1,0,0.9912280701754386,AAAS;ADRM1;AP1G1;AP2A1;AP2A2;AP2B1;BANF1;CCR5;CD4;CDK7;CHMP2A;CHMP2B;CHMP3;CHMP4A;CHMP4B;CHMP4C;CHMP6;CHMP7;CXCR4;ELMO1;ELOA;FEN1;FYN;GTF2B;HLA-A;HMGA1;KPNA1;LCK;MVB12A;MVB12B;NCBP1;NCBP2;NDC1;NEDD4L;NELFCD;NMT1;NMT2;NPM1;NUP107;NUP133;NUP153;NUP155;NUP160;NUP188;NUP205;NUP210;NUP214;NUP35;NUP37;NUP42;NUP43;NUP50;NUP54;NUP58;NUP62;NUP85;NUP88;NUP93;NUP98;PAK2;POLR2A;POLR2B;POLR2C;POM121;POM121C;PPIA;PSIP1;PSMC1;PSMC5;PSMD13;PSMD14;PSMD2;PSMD3;RAC1;RAE1;RAN;RANBP1;RANBP2;RANGAP1;RBX1;RCC1;RPS27A;SEC13;SEH1L;SKP1;SLC25A4;SLC25A5;SLC25A6;SSRP1;SUPT16H;SUPT5H;TAF1;TAF4;TAF4B;TAF6;TAF7;TAF9;TBP;TCEA1;TPR;TSG101;UBA52;UBAP1;UBB;UBC;VPS28;VPS37A;VPS37B;VPS37C;VPS37D;XPO1;XRCC5;XRCC6,TAT,
HIV_LIFE_CYCLE,M4076,91,90,90,1,0,0.989010989010989,AAAS;BANF1;CCR5;CD4;CDK7;CHMP2A;CHMP2B;CHMP3;CHMP4A;CHMP4B;CHMP4C;CHMP6;CHMP7;CXCR4;ELOA;FEN1;GTF2B;HMGA1;KPNA1;MVB12A;MVB12B;NCBP1;NCBP2;NDC1;NEDD4L;NELFCD;NMT1;NMT2;NUP107;NUP133;NUP153;NUP155;NUP160;NUP188;NUP205;NUP210;NUP214;NUP35;NUP37;NUP42;NUP43;NUP50;NUP54;NUP58;NUP62;NUP85;NUP88;NUP93;NUP98;POLR2A;POLR2B;POLR2C;POM121;POM121C;PPIA;PSIP1;RAE1;RAN;RANBP1;RANBP2;RANGAP1;RCC1;RPS27A;SEC13;SEH1L;SSRP1;SUPT16H;SUPT5H;TAF1;TAF4;TAF4B;TAF6;TAF7;TAF9;TBP;TCEA1;TPR;TSG101;UBA52;UBAP1;UBB;UBC;VPS28;VPS37A;VPS37B;VPS37C;VPS37D;XPO1;XRCC5;XRCC6,TAT,
HOST_INTERACTIONS_OF_HIV_FACTORS,M5283,69,68,68,1,0,0.9855072463768116,AAAS;ADRM1;AP1G1;AP2A1;AP2A2;AP2B1;BANF1;CD4;ELMO1;FYN;HLA-A;HMGA1;KPNA1;LCK;NDC1;NPM1;NUP107;NUP133;NUP153;NUP155;NUP160;NUP188;NUP205;NUP210;NUP214;NUP35;NUP37;NUP42;NUP43;NUP50;NUP54;NUP58;NUP62;NUP85;NUP88;NUP93;NUP98;PAK2;POM121;POM121C;PPIA;PSIP1;PSMC1;PSMC5;PSMD13;PSMD14;PSMD2;PSMD3;RAC1;RAE1;RAN;RANBP1;RANBP2;RANGAP1;RBX1;RCC1;RPS27A;SEC13;SEH1L;SKP1;SLC25A4;SLC25A5;SLC25A6;TPR;UBA52;UBB;UBC;XPO1,TAT,
HSP90_CHAPERONE_CYCLE_FOR_STEROID_HORMONE_RECEPTORS_SHR_IN_THE_PRESENCE_OF_LIGAND,M27251,36,37,36,0,1,0.972972972972973,AR;CAPZA1;CAPZB;DCTN1;DCTN2;DCTN4;DNAJA1;DYNC1H1;DYNC1I1;DYNC1I2;DYNC1LI1;DYNC1LI2;DYNLL1;DYNLL2;HSP90AA1;HSP90AB1;HSPA1A;HSPA1B;HSPA8;PGR;PTGES3;TUBA1A;TUBA1B;TUBA1C;TUBA3E;TUBA4A;TUBA8;TUBAL3;TUBB1;TUBB2A;TUBB2B;TUBB3;TUBB4A;TUBB4B;TUBB6;TUBB8,,TUBA3D
HSP90_CHAPERONE_CYCLE_FOR_STEROID_HORMONE_RECEPTORS_SHR_IN_THE_PRESENCE_OF_LIGAND,MM14949,36,34,33,3,1,0.8918918918918919,AR;CAPZB;DCTN1;DCTN2;DCTN4;DNAJA1;DYNC1H1;DYNC1I1;DYNC1I2;DYNC1LI1;DYNC1LI2;DYNLL1;DYNLL2;HSP90AA1;HSP90AB1;HSPA1A;HSPA1B;HSPA8;PGR;PTGES3;TUBA1A;TUBA1B;TUBA1C;TUBA4A;TUBA8;TUBAL3;TUBB1;TUBB2A;TUBB2B;TUBB3;TUBB4A;TUBB4B;TUBB6,CAPZA1;TUBA3E;TUBB8,TUBA3D
IFNG_SIGNALING_ACTIVATES_MAPKS,MM17070,5,5,5,0,0,1.0,IFNG;JAK2;MAPK1;MAPK3;RAF1,,
INACTIVATION_OF_CSF3_G_CSF_SIGNALING,M41829,12,12,12,0,0,1.0,JAK2;RPS27A;SOCS1;SOCS3;STAT1;STAT3;UBA52;UBB;UBC;UBE2D1;UBE2D2;UBE2D3,,
INACTIVATION_OF_CSF3_G_CSF_SIGNALING,MM15680,12,10,10,2,0,0.8333333333333334,JAK2;RPS27A;SOCS1;SOCS3;UBA52;UBB;UBC;UBE2D1;UBE2D2;UBE2D3,STAT1;STAT3,
INFECTIOUS_DISEASE,M27548,425,424,421,4,3,0.9836448598130841,AAAS;ABI2;ABL1;ACTB;ADAM17;ADCY1;ADCY2;ADCY3;ADCY4;ADCY5;ADCY6;ADCY7;ADCY8;ADCY9;ADRM1;AGRN;AHCYL1;AKT1;AKT2;AKT3;ANO1;ANO2;ANO5;AP1G1;AP2A1;AP2A2;AP2B1;ARID4A;ARID4B;ARIH1;ATP1A4;BANF1;BCAP31;BRD4;BRMS1;CALM1;CALR;CANX;CAV1;CCR5;CD163;CD4;CDC42;CDK7;CHD3;CHD4;CHMP1A;CHMP2A;CHMP2B;CHMP3;CHMP4A;CHMP4B;CHMP4C;CHMP6;CHMP7;CLEC4M;CLTC;CORO1A;CRB3;CREB1;CREBBP;CTNNB1;CUL3;CX3CR1;CXCR4;DAXX;DDOST;DDX20;DDX5;DOCK1;DVL1;DVL2;DYNC1H1;DYNC1I1;DYNC1I2;DYNC1LI1;DYNC1LI2;DYNLL1;DYNLL2;EEF1A1;EEF2;EGFR;ELMO1;ELMO2;ELOA;ENO1;ENTPD1;ENTPD5;EP300;EPS15;EZH2;FCGR1A;FCGR3A;FEN1;FKBP1A;FNTA;FNTB;FYN;G3BP1;G3BP2;GANAB;GEMIN4;GJA1;GNAI1;GNAI2;GNAI3;GNAS;GNAT3;GNAZ;GNB1;GNB2;GNB3;GNB4;GNB5;GNG10;GNG11;GNG12;GNG13;GNG2;GNG3;GNG4;GNG5;GNG7;GNG8;GNGT1;GNGT2;GPS2;GRB2;GSK3B;GTF2B;GUCY2C;H2AC18;H2AC20;H2BC21;HDAC1;HDAC2;HDAC3;HGS;HLA-A;HLA-B;HMGA1;HMOX1;HNRNPA1;HNRNPK;HSP90AA1;HSP90AB1;HSPA1A;HSPA8;HSPG2;IFNAR1;IGHD;IKBKE;IL10;IL17A;IL1B;IL6;IMPDH1;IMPDH2;IRAK1;ITGA4;ITGB1;JAK2;JUN;KEAP1;KPNA1;KPNA2;KPNA3;KPNA4;KPNA5;KPNA7;LCK;MAN1B1;MAN2A1;MAP1LC3B;MAP2K1;MAP2K2;MAPK1;MAPK3;MAPK8;MAVS;MED1;MED16;MED19;MED24;MEFV;MGAT1;MGAT2;MGAT4A;MGAT4B;MGAT5;MRC1;MVB12A;MVB12B;MYH9;MYO5A;NCBP1;NCBP2;NCKAP1;NCOR1;NCOR2;NDC1;NEDD4L;NELFCD;NFE2L2;NFKBIA;NLRP12;NLRP3;NMI;NMT1;NMT2;NOD2;NPM1;NT5E;NUP107;NUP133;NUP153;NUP155;NUP160;NUP188;NUP205;NUP210;NUP214;NUP35;NUP37;NUP42;NUP43;NUP50;NUP54;NUP58;NUP62;NUP85;NUP88;NUP93;NUP98;P2RX4;PABPN1;PAK2;PATJ;PCBP2;PGK1;PKLR;PLCG1;PLCG2;PML;POLR2A;POLR2B;POLR2C;POM121;POM121C;PPIA;PPIB;PPIG;PPIH;PPP1CA;PPP1CB;PPP1CC;PRKACA;PRKACB;PRKACG;PRKAR1A;PRKAR1B;PRKAR2A;PRKAR2B;PSIP1;PSMC1;PSMC5;PSMD13;PSMD14;PSMD2;PSMD3;PSTPIP1;PTGES3;RAB5A;RAB7A;RAC1;RAE1;RAN;RANBP1;RANBP2;RANGAP1;RBX1;RCC1;RCOR1;RELA;ROCK1;ROCK2;RPL11;RPL19;RPL22L1;RPL23;RPL27;RPL36AL;RPL5;RPL6;RPL7;RPL7A;RPLP1;RPN1;RPN2;RPS10;RPS11;RPS12;RPS13;RPS14;RPS18;RPS2;RPS20;RPS21;RPS23;RPS25;RPS27A;RPS27L;RPS3;RPS9;SAP18;SDC1;SEC13;SEC24C;SEH1L;SFPQ;SKP1;SLC25A4;SLC25A5;SLC25A6;SMAD4;SMN1;SNAP25;SNF8;SNRPB;SNRPD1;SNRPD2;SNRPD3;SNRPE;SNRPF;SNRPG;SOS1;SP1;SRC;SRPK1;SRPK2;SSRP1;STAM;STAM2;STAT1;STAT2;STX1A;SUMO1;SUPT16H;SUPT5H;SV2A;TAF1;TAF4;TAF4B;TAF6;TAF7;TAF9;TBK1;TBL1X;TBL1XR1;TBP;TCEA1;TGFB1;TJP1;TKFC;TLR2;TLR4;TOMM70;TPR;TRAF3;TRIM27;TRIM28;TSG101;TUBA1A;TUBA1B;TUBA1C;TUBA3E;TUBA4A;TUBA8;TUBAL3;TUBB;TUBB1;TUBB2A;TUBB2B;TUBB3;TUBB4A;TUBB4B;TUBB6;TUBB8;TUFM;TXN;TXNIP;TXNRD1;UBA52;UBAP1;UBB;UBC;UBE2I;VCP;VPS16;VPS25;VPS28;VPS36;VPS37A;VPS37B;VPS37C;VPS37D;VPS39;WAS;WASL;WIPF2;WNT5A;XPO1;XRCC5;XRCC6;YWHAB;YWHAE;YWHAG;YWHAH;YWHAQ;YWHAZ;ZDHHC2,DLAT;MPP5;MSRA;TAT,H3C2;H4C6;TUBA3D
INFLUENZA_INFECTION,M4669,76,76,76,0,0,1.0,AAAS;CALR;CANX;CLTC;HSP90AA1;HSPA1A;KPNA1;KPNA2;KPNA3;KPNA4;KPNA5;KPNA7;NDC1;NUP107;NUP133;NUP153;NUP155;NUP160;NUP188;NUP205;NUP210;NUP214;NUP35;NUP37;NUP42;NUP43;NUP50;NUP54;NUP58;NUP62;NUP85;NUP88;NUP93;NUP98;PABPN1;POLR2A;POLR2B;POLR2C;POM121;POM121C;RAE1;RAN;RANBP2;RPL11;RPL19;RPL22L1;RPL23;RPL27;RPL36AL;RPL5;RPL6;RPL7;RPL7A;RPLP1;RPS10;RPS11;RPS12;RPS13;RPS14;RPS18;RPS2;RPS20;RPS21;RPS23;RPS25;RPS27A;RPS27L;RPS3;RPS9;SEC13;SEH1L;SLC25A6;TGFB1;TPR;UBA52;XPO1,,
INLA_MEDIATED_ENTRY_OF_LISTERIA_MONOCYTOGENES_INTO_HOST_CELLS,M27781,6,6,6,0,0,1.0,CTNNB1;RPS27A;SRC;UBA52;UBB;UBC,,
INLB_MEDIATED_ENTRY_OF_LISTERIA_MONOCYTOGENES_INTO_HOST_CELL,M27774,9,9,9,0,0,1.0,EPS15;GRB2;HGS;RPS27A;STAM;STAM2;UBA52;UBB;UBC,,
INOSITOL_PHOSPHATE_METABOLISM,M26964,27,27,27,0,0,1.0,CALM1;IMPA1;IMPA2;INPP4A;INPP4B;INPP5A;INPP5B;IP6K2;ISYNA1;MINPP1;OCRL;PLCB1;PLCB2;PLCB3;PLCB4;PLCD1;PLCD3;PLCD4;PLCE1;PLCG1;PLCG2;PLCH1;PLCH2;PLCZ1;PPIP5K1;PTEN;SYNJ1,,
INOSITOL_PHOSPHATE_METABOLISM,MM14589,27,29,27,0,2,0.9310344827586207,CALM1;IMPA1;IMPA2;INPP4A;INPP4B;INPP5A;INPP5B;IP6K2;ISYNA1;MINPP1;OCRL;PLCB1;PLCB2;PLCB3;PLCB4;PLCD1;PLCD3;PLCD4;PLCE1;PLCG1;PLCG2;PLCH1;PLCH2;PLCZ1;PPIP5K1;PTEN;SYNJ1,,CALM2;CALM3
INSULIN_PROCESSING,M27198,16,16,16,0,0,1.0,CPE;EXOC1;EXOC2;EXOC3;EXOC4;EXOC5;EXOC6;EXOC7;EXOC8;INS;KIF5A;KIF5B;MYO5A;PCSK2;SLC30A5;STX1A,,
INSULIN_PROCESSING,MM14909,16,9,9,7,0,0.5625,EXOC1;EXOC2;EXOC3;EXOC4;EXOC5;EXOC7;EXOC8;INS;SLC30A5,CPE;EXOC6;KIF5A;KIF5B;MYO5A;PCSK2;STX1A,
INTEGRATION_OF_ENERGY_METABOLISM,M17034,64,64,64,0,0,1.0,ACLY;ACSL3;ADCY1;ADCY2;ADCY3;ADCY4;ADCY5;ADCY6;ADCY7;ADCY8;ADCY9;ADRA2A;AGPAT1;AHCYL1;CD36;FASN;GCGR;GNA11;GNA14;GNA15;GNAI1;GNAI2;GNAQ;GNAS;GNB1;GNB2;GNB3;GNB4;GNB5;GNG10;GNG11;GNG12;GNG13;GNG2;GNG3;GNG4;GNG5;GNG7;GNG8;GNGT1;GNGT2;INS;IQGAP1;PFKFB1;PKLR;PLCB1;PLCB2;PLCB3;PRKACA;PRKACB;PRKACG;PRKAR1A;PRKAR1B;PRKAR2A;PRKAR2B;PRKCA;RAPGEF4;SLC2A1;SLC2A2;SNAP25;STK11;STX1A;TALDO1;TKT,,
INTEGRATION_OF_ENERGY_METABOLISM,MM14631,64,42,42,22,0,0.65625,ACSL3;ADCY5;ADCY6;ADRA2A;CD36;GCGR;GNA11;GNA14;GNA15;GNAI1;GNAI2;GNAQ;GNAS;GNB1;GNB2;GNB3;GNB4;GNB5;GNG10;GNG11;GNG12;GNG13;GNG2;GNG3;GNG4;GNG5;GNG7;GNG8;GNGT1;GNGT2;PLCB1;PLCB2;PLCB3;PRKACA;PRKACB;PRKAR1A;PRKAR1B;RAPGEF4;SLC2A1;SLC2A2;TALDO1;TKT,ACLY;ADCY1;ADCY2;ADCY3;ADCY4;ADCY7;ADCY8;ADCY9;AGPAT1;AHCYL1;FASN;INS;IQGAP1;PFKFB1;PKLR;PRKACG;PRKAR2A;PRKAR2B;PRKCA;SNAP25;STK11;STX1A,
INTERACTIONS_OF_REV_WITH_HOST_CELLULAR_PROTEINS,M27038,36,36,36,0,0,1.0,AAAS;NDC1;NPM1;NUP107;NUP133;NUP153;NUP155;NUP160;NUP188;NUP205;NUP210;NUP214;NUP35;NUP37;NUP42;NUP43;NUP50;NUP54;NUP58;NUP62;NUP85;NUP88;NUP93;NUP98;POM121;POM121C;RAE1;RAN;RANBP1;RANBP2;RANGAP1;RCC1;SEC13;SEH1L;TPR;XPO1,,
INTERACTIONS_OF_VPR_WITH_HOST_CELLULAR_PROTEINS,M1029,37,37,37,0,0,1.0,AAAS;BANF1;HMGA1;KPNA1;NDC1;NUP107;NUP133;NUP153;NUP155;NUP160;NUP188;NUP205;NUP210;NUP214;NUP35;NUP37;NUP42;NUP43;NUP50;NUP54;NUP58;NUP62;NUP85;NUP88;NUP93;NUP98;POM121;POM121C;PSIP1;RAE1;RANBP2;SEC13;SEH1L;SLC25A4;SLC25A5;SLC25A6;TPR,,
INTERCONVERSION_OF_NUCLEOTIDE_DI_AND_TRIPHOSPHATES,M27408,13,13,13,0,0,1.0,AK9;CTPS1;CTPS2;GSR;GUK1;NME1;NME2;NME3;NME4;NUDT13;TXN;TXNRD1;TYMS,,
INTERCONVERSION_OF_NUCLEOTIDE_DI_AND_TRIPHOSPHATES,MM15158,13,14,13,0,1,0.9285714285714286,AK9;CTPS1;CTPS2;GSR;GUK1;NME1;NME2;NME3;NME4;NUDT13;TXN;TXNRD1;TYMS,,NME1-NME2
INTERFERON_SIGNALING,M983,111,114,109,2,5,0.9396551724137931,AAAS;ARIH1;CAMK2A;CAMK2B;CAMK2D;CAMK2G;DHX9;EIF2S1;EIF2S3;EIF4A1;EIF4A2;EIF4A3;FANCM;FCGR1A;FLNA;FLNB;HLA-A;HLA-B;HSPA1A;HSPA1B;HSPA8;ICAM1;IFI35;IFNAR1;IFNG;ILF2;ILF3;IP6K2;IRF8;JAK2;KPNA1;KPNA2;KPNA3;KPNA4;KPNA5;KPNA7;MAPK1;MAPK3;MAVS;MX1;NDC1;NEDD4;NPM1;NUP107;NUP133;NUP153;NUP155;NUP160;NUP188;NUP205;NUP210;NUP214;NUP35;NUP37;NUP42;NUP43;NUP50;NUP54;NUP58;NUP62;NUP85;NUP88;NUP93;NUP98;PIAS1;PLCG1;PML;POM121;POM121C;PPM1B;PTAFR;RAE1;RAF1;RANBP2;RPS27A;SEC13;SEH1L;SNCA;SOCS1;SOCS3;SP100;STAT1;STAT2;STAT3;SUMO1;TP53;TPR;TRIM26;TUBA1A;TUBA1B;TUBA1C;TUBA3E;TUBA4A;TUBA8;TUBAL3;TUBB1;TUBB2A;TUBB2B;TUBB3;TUBB4A;TUBB4B;TUBB6;TUBB8;UBA52;UBB;UBC;UBE2E1;UBE2I;YBX1,FCGR1B;TAT,ATF6;EIF2AK3;HSPA5;IFI44L;TUBA3D
INTERFERON_SIGNALING,MM15635,111,58,56,55,2,0.49557522123893805,ARIH1;CAMK2A;CAMK2B;CAMK2D;CAMK2G;DHX9;EIF4A1;EIF4A2;EIF4A3;FANCM;FLNB;HSPA1A;HSPA1B;HSPA8;IFNAR1;IFNG;ILF2;ILF3;JAK2;KPNA1;MAPK1;MAPK3;MAVS;MX1;NEDD4;NPM1;PIAS1;PLCG1;PPM1B;RAF1;RPS27A;SNCA;SOCS1;SOCS3;STAT2;STAT3;SUMO1;TP53;TUBA1A;TUBA1B;TUBA1C;TUBA4A;TUBA8;TUBAL3;TUBB1;TUBB2A;TUBB2B;TUBB3;TUBB4A;TUBB4B;TUBB6;UBA52;UBB;UBC;UBE2E1;YBX1,AAAS;EIF2S1;EIF2S3;FCGR1A;FCGR1B;FLNA;HLA-A;HLA-B;ICAM1;IFI35;IP6K2;IRF8;KPNA2;KPNA3;KPNA4;KPNA5;KPNA7;NDC1;NUP107;NUP133;NUP153;NUP155;NUP160;NUP188;NUP205;NUP210;NUP214;NUP35;NUP37;NUP42;NUP43;NUP50;NUP54;NUP58;NUP62;NUP85;NUP88;NUP93;NUP98;PML;POM121;POM121C;PTAFR;RAE1;RANBP2;SEC13;SEH1L;SP100;STAT1;TAT;TPR;TRIM26;TUBA3E;TUBB8;UBE2I,IFI44L;TUBA3D
INTERLEUKIN_10_SIGNALING,M27605,20,21,20,0,1,0.9523809523809523,CCL19;CCL2;CCL22;CCR1;CCR2;CCR5;CD80;CD86;CSF1;FPR1;ICAM1;IL10;IL1B;IL1RN;IL6;PTAFR;PTGS2;STAT3;TNF;TNFRSF1A,,CSF2
INTERLEUKIN_12_FAMILY_SIGNALING,M27381,26,26,26,0,0,1.0,AIP;ANXA2;CANX;CAPZA1;CDC42;CRLF1;HNRNPA2B1;HNRNPDL;HNRNPF;HSPA9;IFNG;IL10;JAK2;LMNB1;MSN;MTAP;PAK2;PITPNA;PPIA;SNRPA1;SOD1;SOD2;STAT1;STAT3;TALDO1;TCP1,,
INTERLEUKIN_12_SIGNALING,M27894,22,22,22,0,0,1.0,AIP;ANXA2;CAPZA1;CDC42;HNRNPA2B1;HNRNPDL;HNRNPF;HSPA9;IFNG;IL10;JAK2;LMNB1;MSN;MTAP;PAK2;PITPNA;PPIA;SNRPA1;SOD1;SOD2;TALDO1;TCP1,,
INTERLEUKIN_3_INTERLEUKIN_5_AND_GM_CSF_SIGNALING,MM15162,17,18,17,0,1,0.9444444444444444,FYN;GRB2;IL2RG;JAK2;PIK3CA;PIK3CB;PIK3CD;PIK3R1;PIK3R2;PIK3R3;PRKACA;RPS27A;SOS1;UBA52;UBB;UBC;YWHAZ,,CSF2
INTERLEUKIN_4_AND_INTERLEUKIN_13_SIGNALING,M27609,41,41,41,0,0,1.0,AKT1;BATF;BCL2;BCL6;CCL2;CCL22;CD36;FN1;FOS;FSCN1;HIF1A;HMOX1;HSP90AA1;HSP90B1;HSPA8;ICAM1;IL10;IL17A;IL1B;IL2RG;IL4;IL6;ITGAM;ITGAX;ITGB1;JAK2;MYC;OPRM1;PIK3R1;POMC;POU2F1;PTGS2;RORA;SOCS1;SOCS3;SOX2;STAT1;STAT3;TGFB1;TNF;TP53,,
INTRACELLULAR_SIGNALING_BY_SECOND_MESSENGERS,M27867,113,114,113,0,1,0.9912280701754386,ADCY1;ADCY2;ADCY3;ADCY4;ADCY5;ADCY6;ADCY7;ADCY8;ADCY9;ADRM1;AHCYL1;AKT1;AKT2;AKT3;ATF2;BMI1;CALM1;CAMK2A;CAMK2B;CAMK2D;CAMK2G;CAMK4;CBX2;CBX4;CBX8;CD80;CD86;CHD3;CHD4;CREB1;EGFR;ERBB2;EZH2;FGFR1;FYN;GAB1;GRB2;GRK2;GSK3B;HDAC1;HDAC2;HDAC3;INS;IRAK1;JUN;KPNA2;LAMTOR1;LCK;MAPK1;MAPK3;MDM2;MKRN1;MYD88;NEDD4;NR2E1;NTRK2;PDE1A;PDE1B;PDE1C;PDGFRB;PHC1;PHC2;PHC3;PIK3CA;PIK3CB;PIK3CD;PIK3R1;PIK3R2;PIK3R3;PIP4K2A;PIP4K2B;PIP4K2C;PIP5K1A;PIP5K1B;PIP5K1C;PLCG1;PML;PPARG;PRKACA;PRKACB;PRKACG;PRKAR1A;PRKAR1B;PRKAR2A;PRKAR2B;PRKCA;PRKCG;PSMC1;PSMC5;PSMD13;PSMD14;PSMD2;PSMD3;PTEN;RAC1;RAC2;RCOR1;RHEB;RING1;RNF2;RPS27A;SCMH1;SLC38A9;SRC;STUB1;TNKS2;TP53;TRIM27;UBA52;UBB;UBC;USP7;WWP2,,PIK3CG
INTRACELLULAR_SIGNALING_BY_SECOND_MESSENGERS,MM15585,113,84,81,32,3,0.6982758620689655,ADCY1;ADCY2;ADCY3;ADCY4;ADCY5;ADCY6;ADCY7;ADCY8;ADCY9;ADRM1;AKT1;AKT2;AKT3;CALM1;CD80;CD86;CHD3;CHD4;CREB1;EGFR;ERBB2;FGFR1;FYN;GAB1;GRB2;GRK2;HDAC1;INS;IRAK1;LAMTOR1;LCK;MAPK1;MAPK3;MDM2;MKRN1;MYD88;NEDD4;NTRK2;PDE1A;PDE1B;PDE1C;PDGFRB;PIK3CA;PIK3CB;PIK3CD;PIK3R1;PIK3R2;PIK3R3;PIP4K2A;PIP4K2B;PIP4K2C;PIP5K1A;PIP5K1B;PIP5K1C;PML;PRKACA;PRKACB;PRKAR1A;PRKAR1B;PRKCG;PSMC1;PSMC5;PSMD13;PSMD14;PSMD2;PSMD3;PTEN;RAC1;RAC2;RHEB;RPS27A;SLC38A9;SRC;STUB1;TNKS2;TRIM27;UBA52;UBB;UBC;USP7;WWP2,AHCYL1;ATF2;BMI1;CAMK2A;CAMK2B;CAMK2D;CAMK2G;CAMK4;CBX2;CBX4;CBX8;EZH2;GSK3B;HDAC2;HDAC3;JUN;KPNA2;NR2E1;PHC1;PHC2;PHC3;PLCG1;PPARG;PRKACG;PRKAR2A;PRKAR2B;PRKCA;RCOR1;RING1;RNF2;SCMH1;TP53,CALM2;CALM3;PIK3CG
INTRAFLAGELLAR_TRANSPORT,M27482,43,42,41,2,1,0.9318181818181818,CLUAP1;DYNC2H1;DYNC2LI1;DYNLL1;DYNLL2;DYNLRB1;DYNLRB2;IFT122;IFT140;IFT172;IFT20;IFT22;IFT27;IFT43;IFT46;IFT52;IFT57;IFT74;IFT80;IFT81;IFT88;KIF17;KIF3A;KIF3B;KIFAP3;TNPO1;TRAF3IP1;TTC21B;TUBA1A;TUBA1B;TUBA1C;TUBA4A;TUBB1;TUBB2A;TUBB2B;TUBB3;TUBB4A;TUBB4B;TUBB6;WDR19;WDR35,HSPB11;TTC26,TUBA3D
INTRAFLAGELLAR_TRANSPORT,MM15211,43,41,40,3,1,0.9090909090909091,CLUAP1;DYNC2H1;DYNC2LI1;DYNLL1;DYNLL2;DYNLRB1;DYNLRB2;IFT122;IFT140;IFT172;IFT20;IFT22;IFT27;IFT43;IFT46;IFT52;IFT57;IFT74;IFT80;IFT81;KIF17;KIF3A;KIF3B;KIFAP3;TNPO1;TRAF3IP1;TTC21B;TUBA1A;TUBA1B;TUBA1C;TUBA4A;TUBB1;TUBB2A;TUBB2B;TUBB3;TUBB4A;TUBB4B;TUBB6;WDR19;WDR35,HSPB11;IFT88;TTC26,TUBA3D
INTRA_GOLGI_AND_RETROGRADE_GOLGI_TO_ER_TRAFFIC,M27654,68,69,68,0,1,0.9855072463768116,ALPP;ARF4;ARFIP2;ARFRP1;ARL1;CAPZA1;CAPZB;CENPE;COPG1;CUX1;DCTN1;DCTN2;DCTN4;DYNC1H1;DYNC1I1;DYNC1I2;DYNC1LI1;DYNC1LI2;DYNLL1;DYNLL2;GALNT2;GBF1;GOLGA4;KIF11;KIF18A;KIF25;KIF2A;KIF3A;KIF3B;KIF5A;KIF5B;KIFAP3;KIFC1;KIFC2;KLC1;KLC2;KLC3;KLC4;MAN2A1;MAN2A2;NAA38;NBAS;PAFAH1B1;PAFAH1B2;PLA2G6;RAB6A;RAB6B;RAB9A;RABEPK;RIC1;SCOC;SYS1;TUBA1A;TUBA1B;TUBA1C;TUBA3E;TUBA4A;TUBA8;TUBAL3;TUBB1;TUBB2A;TUBB2B;TUBB3;TUBB4A;TUBB4B;TUBB6;TUBB8;VAMP3,,TUBA3D
INTRA_GOLGI_AND_RETROGRADE_GOLGI_TO_ER_TRAFFIC,MM15356,68,61,60,8,1,0.8695652173913043,ALPP;ARF4;ARFIP2;ARFRP1;ARL1;CAPZB;CENPE;COPG1;DCTN1;DCTN2;DCTN4;DYNC1H1;DYNC1I1;DYNC1I2;DYNC1LI1;DYNC1LI2;DYNLL1;DYNLL2;GALNT2;GBF1;GOLGA4;KIF11;KIF18A;KIF2A;KIF3A;KIF3B;KIF5A;KIF5B;KIFAP3;KIFC1;KIFC2;KLC1;KLC2;KLC3;KLC4;NBAS;PAFAH1B1;PAFAH1B2;PLA2G6;RAB6A;RAB6B;RAB9A;RABEPK;RIC1;SCOC;SYS1;TUBA1A;TUBA1B;TUBA1C;TUBA4A;TUBA8;TUBAL3;TUBB1;TUBB2A;TUBB2B;TUBB3;TUBB4A;TUBB4B;TUBB6;VAMP3,CAPZA1;CUX1;KIF25;MAN2A1;MAN2A2;NAA38;TUBA3E;TUBB8,TUBA3D
INTRINSIC_PATHWAY_FOR_APOPTOSIS,M7455,24,24,24,0,0,1.0,AKT1;AKT2;AKT3;BAX;BCL2;BCL2L11;CASP3;CDKN2A;CYCS;DYNLL1;DYNLL2;MAPK1;MAPK3;MAPK8;NMT1;STAT3;TP53;UACA;YWHAB;YWHAE;YWHAG;YWHAH;YWHAQ;YWHAZ,,
INTRINSIC_PATHWAY_FOR_APOPTOSIS,MM14473,24,17,17,7,0,0.7083333333333334,BAX;BCL2;BCL2L11;CASP3;CYCS;DYNLL1;DYNLL2;MAPK1;MAPK3;MAPK8;NMT1;YWHAB;YWHAE;YWHAG;YWHAH;YWHAQ;YWHAZ,AKT1;AKT2;AKT3;CDKN2A;STAT3;TP53;UACA,
INWARDLY_RECTIFYING_K_CHANNELS,M1075,21,21,21,0,0,1.0,GABBR1;GNB1;GNB2;GNB3;GNB4;GNB5;GNG10;GNG11;GNG12;GNG13;GNG2;GNG3;GNG4;GNG5;GNG7;GNG8;GNGT1;GNGT2;KCNJ10;KCNJ3;KCNJ5,,
INWARDLY_RECTIFYING_K_CHANNELS,MM14544,21,21,21,0,0,1.0,GABBR1;GNB1;GNB2;GNB3;GNB4;GNB5;GNG10;GNG11;GNG12;GNG13;GNG2;GNG3;GNG4;GNG5;GNG7;GNG8;GNGT1;GNGT2;KCNJ10;KCNJ3;KCNJ5,,
IRON_UPTAKE_AND_TRANSPORT,M962,25,24,24,1,0,0.96,ABCG2;ACO1;ATP6V0A1;CYBRD1;FBXL5;FLVCR1;FTH1;HFE;HMOX1;HMOX2;IREB2;MCOLN1;NEDD8;RPS27A;SKP1;SLC11A2;SLC40A1;SLC46A1;STEAP3;TFR2;TFRC;UBA52;UBB;UBC,ALAD,
IRON_UPTAKE_AND_TRANSPORT,MM15638,25,23,23,2,0,0.92,ACO1;ATP6V0A1;CYBRD1;FBXL5;FLVCR1;FTH1;HFE;HMOX1;HMOX2;IREB2;MCOLN1;NEDD8;RPS27A;SKP1;SLC11A2;SLC40A1;SLC46A1;STEAP3;TFR2;TFRC;UBA52;UBB;UBC,ABCG2;ALAD,
ISG15_ANTIVIRAL_MECHANISM,M48006,52,52,52,0,0,1.0,AAAS;ARIH1;EIF4A1;EIF4A2;EIF4A3;FLNB;KPNA1;KPNA2;KPNA3;KPNA4;KPNA5;KPNA7;MAPK3;MX1;NDC1;NEDD4;NUP107;NUP133;NUP153;NUP155;NUP160;NUP188;NUP205;NUP210;NUP214;NUP35;NUP37;NUP42;NUP43;NUP50;NUP54;NUP58;NUP62;NUP85;NUP88;NUP93;NUP98;PLCG1;POM121;POM121C;PPM1B;RAE1;RANBP2;RPS27A;SEC13;SEH1L;STAT1;TPR;UBA52;UBB;UBC;UBE2E1,,
JOSEPHIN_DOMAIN_DUBS,M27577,7,8,7,0,1,0.875,RAD23A;RAD23B;RPS27A;UBA52;UBB;UBC;VCP,,PRKN
JOSEPHIN_DOMAIN_DUBS,MM15288,7,8,7,0,1,0.875,RAD23A;RAD23B;RPS27A;UBA52;UBB;UBC;VCP,,PRKN
KEAP1_NFE2L2_PATHWAY,M45021,46,48,46,0,2,0.9583333333333334,ABCG2;ADRM1;AKT1;AKT2;AKT3;ATF4;BCL2;BRCA1;CCL2;CDKN2A;CREBBP;CUL3;EIF2AK3;EP300;FBXL17;G6PD;GSK3B;GSR;HMOX1;IDH1;KEAP1;MAFG;MAP1LC3B;MYC;NFE2L2;NPLOC4;PGD;PSMC1;PSMC5;PSMD13;PSMD14;PSMD2;PSMD3;RBX1;RELA;RPS27A;SKP1;SP1;TALDO1;TKT;TXN;TXNRD1;UBA52;UBB;UBC;VCP,,UBXN7;UFD1
KEAP1_NFE2L2_PATHWAY,MM15698,46,27,25,21,2,0.5208333333333334,ADRM1;AKT1;AKT2;AKT3;CUL3;EP300;FBXL17;GSK3B;KEAP1;MAP1LC3B;NFE2L2;NPLOC4;PSMC1;PSMC5;PSMD13;PSMD14;PSMD2;PSMD3;RBX1;RPS27A;SKP1;UBA52;UBB;UBC;VCP,ABCG2;ATF4;BCL2;BRCA1;CCL2;CDKN2A;CREBBP;EIF2AK3;G6PD;GSR;HMOX1;IDH1;MAFG;MYC;PGD;RELA;SP1;TALDO1;TKT;TXN;TXNRD1,UBXN7;UFD1
KINESINS,M977,31,32,31,0,1,0.96875,CENPE;KIF11;KIF18A;KIF25;KIF2A;KIF3A;KIF3B;KIF5A;KIF5B;KIFAP3;KIFC1;KIFC2;KLC1;KLC2;KLC3;KLC4;TUBA1A;TUBA1B;TUBA1C;TUBA3E;TUBA4A;TUBA8;TUBAL3;TUBB1;TUBB2A;TUBB2B;TUBB3;TUBB4A;TUBB4B;TUBB6;TUBB8,,TUBA3D
KINESINS,MM15714,31,29,28,3,1,0.875,CENPE;KIF11;KIF18A;KIF2A;KIF3A;KIF3B;KIF5A;KIF5B;KIFAP3;KIFC1;KIFC2;KLC1;KLC2;KLC3;KLC4;TUBA1A;TUBA1B;TUBA1C;TUBA4A;TUBA8;TUBAL3;TUBB1;TUBB2A;TUBB2B;TUBB3;TUBB4A;TUBB4B;TUBB6,KIF25;TUBA3E;TUBB8,TUBA3D
L1CAM_INTERACTIONS,M872,47,48,47,0,1,0.9791666666666666,ACTB;ANK3;AP2A1;AP2A2;AP2B1;CLTC;DLG4;DNM1;DNM2;EGFR;FGFR1;HSPA8;ITGB1;LAMC1;MAP2K1;MAP2K2;MAPK1;MAPK3;MSN;NCAN;NFASC;PAK1;RAC1;RPS6KA4;RPS6KA5;SCN10A;SCN3B;SCN5A;SPTA1;SPTAN1;SPTB;SRC;TUBA1A;TUBA1B;TUBA1C;TUBA3E;TUBA4A;TUBA8;TUBAL3;TUBB1;TUBB2A;TUBB2B;TUBB3;TUBB4A;TUBB4B;TUBB6;TUBB8,,TUBA3D
L1CAM_INTERACTIONS,MM14968,47,36,35,12,1,0.7291666666666666,ACTB;AP2A1;AP2A2;AP2B1;CLTC;DNM1;DNM2;EGFR;FGFR1;ITGB1;MAP2K1;MAP2K2;MAPK1;MAPK3;MSN;NFASC;PAK1;RAC1;SPTA1;SPTAN1;SPTB;SRC;TUBA1A;TUBA1B;TUBA1C;TUBA4A;TUBA8;TUBAL3;TUBB1;TUBB2A;TUBB2B;TUBB3;TUBB4A;TUBB4B;TUBB6,ANK3;DLG4;HSPA8;LAMC1;NCAN;RPS6KA4;RPS6KA5;SCN10A;SCN3B;SCN5A;TUBA3E;TUBB8,TUBA3D
LATE_ENDOSOMAL_MICROAUTOPHAGY,M27942,30,30,30,0,0,1.0,ARL13B;CETN1;CFTR;CHMP2A;CHMP2B;CHMP3;CHMP4A;CHMP4B;CHMP4C;CHMP6;CHMP7;HDAC6;HSPA8;IFT88;MVB12A;MVB12B;PARK7;PCNT;PLIN2;RPS27A;TSG101;UBA52;UBAP1;UBB;UBC;VPS28;VPS37A;VPS37B;VPS37C;VPS37D,,
LEISHMANIA_INFECTION,M29836,87,87,87,0,0,1.0,ABI2;ABL1;ACTB;ADAM17;ADCY1;ADCY2;ADCY3;ADCY4;ADCY5;ADCY6;ADCY7;ADCY8;ADCY9;AHCYL1;CALM1;CD163;CDC42;CREB1;DOCK1;DVL1;DVL2;ELMO1;ELMO2;ENTPD1;ENTPD5;FCGR1A;FCGR3A;FYN;GNAI1;GNAI2;GNAI3;GNAS;GNAT3;GNAZ;GNB1;GNB2;GNB3;GNB4;GNB5;GNG10;GNG11;GNG12;GNG13;GNG2;GNG3;GNG4;GNG5;GNG7;GNG8;GNGT1;GNGT2;GRB2;HMOX1;HSP90AB1;IL10;IL1B;IL6;JUN;MAPK1;MAPK3;MAPK8;MEFV;MYH9;MYO5A;NCKAP1;NLRP3;NT5E;P2RX4;PLCG1;PLCG2;PRKACA;PRKACB;PRKACG;PRKAR1A;PRKAR1B;PRKAR2A;PRKAR2B;PSTPIP1;RAC1;RELA;SRC;TXN;TXNIP;WAS;WASL;WIPF2;WNT5A,,
LISTERIA_MONOCYTOGENES_ENTRY_INTO_HOST_CELLS,M27780,11,11,11,0,0,1.0,CTNNB1;EPS15;GRB2;HGS;RPS27A;SRC;STAM;STAM2;UBA52;UBB;UBC,,
LOSS_OF_FUNCTION_OF_MECP2_IN_RETT_SYNDROME,M29766,12,12,12,0,0,1.0,CALM1;CAMK4;GPS2;HDAC1;HDAC3;MECP2;NCOR1;NCOR2;PRKACA;SIN3A;TBL1X;TBL1XR1,,
LOSS_OF_MECP2_BINDING_ABILITY_TO_THE_NCOR_SMRT_COMPLEX,M27899,7,7,7,0,0,1.0,GPS2;HDAC3;MECP2;NCOR1;NCOR2;TBL1X;TBL1XR1,,
MACROAUTOPHAGY,MM14627,75,69,66,9,3,0.8461538461538461,AMBRA1;ARL13B;ATG13;ATG3;ATG4B;ATG7;CETN1;CFTR;CHMP2A;CHMP2B;CHMP3;CHMP4B;CHMP4C;CHMP6;CHMP7;DYNC1H1;DYNC1I1;DYNC1I2;DYNC1LI1;DYNC1LI2;DYNLL1;DYNLL2;GABARAP;GABARAPL1;GABARAPL2;HDAC6;LAMTOR1;MAP1LC3A;MAP1LC3B;OPTN;PARK7;RB1CC1;RHEB;RPS27A;SLC38A9;SRC;TBK1;TOMM20;TOMM22;TOMM40;TOMM5;TOMM6;TOMM7;TOMM70;TSC1;TUBA1A;TUBA1B;TUBA1C;TUBA4A;TUBA8;TUBAL3;TUBB1;TUBB2A;TUBB2B;TUBB3;TUBB4A;TUBB4B;TUBB6;UBA52;UBB;UBC;UBE2D2;UBE2D3;VDAC1;VDAC2;VDAC3,CHMP4A;HSP90AA1;HSPA8;IFT88;PCNT;PLIN2;TUBA3E;TUBB8;VCP,PRKN;RNF103-CHMP3;TUBA3D
MAJOR_PATHWAY_OF_RRNA_PROCESSING_IN_THE_NUCLEOLUS_AND_CYTOSOL,MM15324,66,66,64,2,2,0.9411764705882353,BMS1;BOP1;BYSL;DDX21;DDX49;DDX52;DHX37;EBNA1BP2;EXOSC10;EXOSC2;EXOSC9;FBL;FTSJ3;GNL3;LAS1L;NOC4L;NOL11;NOL6;NOP14;NOP56;NOP58;PDCD11;PELP1;PES1;RCL1;RPL11;RPL19;RPL22L1;RPL23;RPL27;RPL36AL;RPL5;RPL6;RPL7;RPL7A;RPLP1;RPP38;RPS10;RPS11;RPS12;RPS13;RPS14;RPS18;RPS2;RPS20;RPS21;RPS23;RPS25;RPS27A;RPS27L;RPS3;RPS9;RRP36;SENP3;SNU13;TEX10;UBA52;UTP14A;UTP14C;UTP25;UTP6;WDR12;WDR36;XRN2,RBM28;RRP1,BUD23;MTREX
MALATE_ASPARTATE_SHUTTLE,M48269,8,8,8,0,0,1.0,GOT1;GOT2;MDH2;SLC25A11;SLC25A12;SLC25A13;SLC25A18;SLC25A22,,
MALATE_ASPARTATE_SHUTTLE,MM17242,8,8,8,0,0,1.0,GOT1;GOT2;MDH2;SLC25A11;SLC25A12;SLC25A13;SLC25A18;SLC25A22,,
MAP2K_AND_MAPK_ACTIVATION,M27557,22,22,22,0,0,1.0,ACTB;ARAF;ARRB1;ARRB2;BRAF;CSK;FN1;HRAS;IQGAP1;KRAS;KSR1;MAP2K1;MAP2K2;MAPK1;MAPK3;NRAS;PEBP1;RAF1;SRC;VWF;WDR83;YWHAB,,
MAP2K_AND_MAPK_ACTIVATION,MM15272,22,21,21,1,0,0.9545454545454546,ACTB;ARAF;ARRB1;ARRB2;BRAF;CSK;FN1;HRAS;IQGAP1;KRAS;KSR1;MAP2K1;MAP2K2;MAPK1;MAPK3;PEBP1;RAF1;SRC;VWF;WDR83;YWHAB,NRAS,
MAPLE_SYRUP_URINE_DISEASE,M49159,4,4,4,0,0,1.0,BCKDHA;BCKDHB;DBT;DLD,,
MEMBRANE_TRAFFICKING,M11480,208,208,207,1,1,0.9904306220095693,ACTB;ADRB2;AGTR1;AKT1;AKT2;AKT3;ALPP;ALS2;ANK3;AP1G1;AP2A1;AP2A2;AP2B1;AP3B1;ARF4;ARFIP2;ARFRP1;ARL1;ARRB1;ARRB2;AVPR2;BLOC1S1;CALM1;CAPZA1;CAPZB;CD4;CENPE;CFTR;CHM;CHMP2A;CHMP2B;CHMP3;CHMP4A;CHMP4B;CHMP4C;CHMP6;CHMP7;CLTC;CLTCL1;COPG1;COPS5;CUX1;DCTN1;DCTN2;DCTN4;DNAJC6;DNM1;DNM2;DVL2;DYNC1H1;DYNC1I1;DYNC1I2;DYNC1LI1;DYNC1LI2;DYNLL1;DYNLL2;EGFR;EPN1;EPS15;EPS15L1;EXOC1;EXOC2;EXOC3;EXOC4;EXOC5;EXOC6;EXOC7;EXOC8;FNBP1;FNBP1L;FTH1;FZD4;GABARAP;GABARAPL2;GALNT2;GBF1;GGA1;GJA1;GJA8;GJB2;GNS;GOLGA4;GRB2;GRIA1;GRK2;GRK3;HGS;HSPA8;INS;ITSN1;ITSN2;KIAA0319;KIF11;KIF18A;KIF25;KIF2A;KIF3A;KIF3B;KIF5A;KIF5B;KIFAP3;KIFC1;KIFC2;KLC1;KLC2;KLC3;KLC4;MAN2A1;MAN2A2;MAP1LC3B;MVB12A;MVB12B;MYH9;MYO5A;MYO6;NAA38;NBAS;NECAP2;NEDD8;OCRL;OPTN;PAFAH1B1;PAFAH1B2;PIK3C2A;PIP5K1C;PLA2G6;PUM1;RAB10;RAB11A;RAB13;RAB3IP;RAB5A;RAB6A;RAB6B;RAB7A;RAB7B;RAB8A;RAB9A;RABEP1;RABEPK;RABGAP1;RAC1;RHOQ;RIC1;RPS27A;SCARB2;SCFD1;SCOC;SEC13;SEC22C;SEC24C;SLC2A4;SNAP23;SNF8;SPTA1;SPTAN1;SPTB;SRC;STAM;STAM2;SYNJ1;SYNJ2;SYS1;TFRC;TJP1;TRAPPC11;TRAPPC2;TRAPPC6B;TRIP10;TSC1;TSG101;TUBA1A;TUBA1B;TUBA1C;TUBA3E;TUBA4A;TUBA8;TUBAL3;TUBB1;TUBB2A;TUBB2B;TUBB3;TUBB4A;TUBB4B;TUBB6;TUBB8;UBA52;UBAP1;UBB;UBC;UBQLN2;VAMP3;VPS25;VPS28;VPS36;VPS37A;VPS37B;VPS37C;VPS37D;WASL;WNT5A;YWHAB;YWHAE;YWHAG;YWHAH;YWHAQ;YWHAZ,POLG,TUBA3D
METABOLISM,MM14563,793,690,675,118,15,0.8353960396039604,AAAS;AACS;AASS;ACAA1;ACAA2;ACAD9;ACADM;ACAN;ACAT1;ACAT2;ACER1;ACER2;ACLY;ACO1;ACO2;ACOX3;ACSBG2;ACSL3;ACSS1;ACSS2;ADA;ADCY5;ADCY6;ADH1A;ADH1B;ADH1C;ADH4;ADH5;ADH7;ADK;ADPGK;ADRA2A;ADRM1;ADSL;AGK;AGL;AGPAT1;AGRN;AGXT;AHCY;AHR;AIP;AK9;AKR1B1;AKR1B10;AKT1;ALAD;ALAS1;ALAS2;ALB;ALDH18A1;ALDH1A1;ALDH7A1;ALDOA;ALDOB;ALDOC;AMPD1;AMPD2;AMPD3;AOC1;AOC2;AOC3;AOX1;APOE;APRT;ARG1;ARNT;ARSB;ARSG;AS3MT;ASAH2;ASL;ASS1;ATIC;ATP5F1A;ATP5F1B;ATP5F1C;ATP5F1D;ATP5MC1;ATP5MG;ATP5PB;ATP5PD;ATP5PF;ATP5PO;AWAT2;B3GAT3;B3GNT2;B4GALT1;B4GALT2;B4GALT3;B4GAT1;BBOX1;BCAT1;BCAT2;BCKDHA;BCKDHB;BCKDK;BCO1;BCO2;BLVRB;BMX;CA12;CA14;CA2;CA4;CA9;CAD;CALM1;CAV1;CBS;CD36;CDS1;CDS2;CES1;CH25H;CHDH;CHKA;COASY;COQ10A;COQ10B;COQ2;COQ3;COQ4;COQ5;COQ6;COQ7;COQ8A;COQ8B;COQ9;COX10;COX11;COX15;COX17;COX18;COX19;COX4I1;COX5A;COX5B;COX6A1;COX8A;CPOX;CS;CTH;CTPS1;CTPS2;CYB5A;CYB5B;CYC1;CYCS;CYGB;CYP11A1;CYP1A1;CYP1A2;CYP1B1;CYP26A1;CYP26B1;CYP26C1;CYP2F1;CYP2S1;CYP2U1;CYP2W1;CYP3A4;CYP4V2;CYP51A1;DBT;DCK;DCT;DEGS1;DERA;DGAT1;DGAT2;DHCR24;DHCR7;DHFR;DHODH;DHTKD1;DLAT;DLD;DLST;DNM2;DPYD;EBP;ECHS1;ECI1;ECI2;ENO2;ENO3;ENO4;ENPP1;ENTPD1;ENTPD3;ENTPD4;ENTPD5;ENTPD6;ENTPD8;EPHX2;ETFA;ETFB;ETFDH;EXT1;EXT2;FAR1;FASN;FBP1;FBP2;FDFT1;FDPS;FDX1;FDX2;FDXR;FECH;FH;FLAD1;FLVCR1;FPGS;FXN;G6PC2;G6PC3;G6PD;GAA;GALK1;GALNS;GAPDH;GAPDHS;GART;GBE1;GCDH;GCGR;GCH1;GCK;GCKR;GDA;GGPS1;GLB1;GLO1;GLUD1;GLUD2;GLUL;GLYCTK;GMPR;GMPS;GNA11;GNA14;GNA15;GNAI1;GNAI2;GNAQ;GNAS;GNB1;GNB2;GNB3;GNB4;GNB5;GNG10;GNG11;GNG12;GNG13;GNG2;GNG3;GNG4;GNG5;GNG7;GNG8;GNGT1;GNGT2;GNPDA1;GNPDA2;GNS;GOT1;GOT2;GPD1;GPD2;GPHN;GPI;GPT;GPT2;GPX2;GPX4;GRHPR;GSR;GUK1;GUSB;GYS1;HAAO;HACD4;HACL1;HADHA;HADHB;HAO1;HAO2;HAS1;HAS2;HAS3;HDAC3;HGSNAT;HIBCH;HIGD1C;HK1;HK2;HK3;HKDC1;HMBS;HMGCL;HMGCLL1;HMGCR;HMGCS1;HMGCS2;HMOX1;HMOX2;HPD;HPDL;HPRT1;HSCB;HSD17B10;HSD17B12;HSD17B7;HSD3B7;HSP90AA1;HSP90AB1;HSPA9;HYAL1;IDH1;IDH2;IDH3A;IDH3B;IDH3G;IDI1;IDI2;IDS;IDUA;IL4I1;IMPA1;IMPA2;IMPDH1;IMPDH2;INPP4A;INPP4B;INPP5A;INPP5B;INPP5E;INPP5F;IP6K2;ISYNA1;ITPA;KDSR;KHK;KMO;L2HGDH;LBR;LDHA;LPIN2;LRAT;LRP1;LSS;LYRM7;LYVE1;MAN2B1;MAOB;MAT1A;MBTPS1;MBTPS2;MCAT;MDH2;ME2;MED1;MINPP1;MKLN1;MMAB;MOCS1;MSMO1;MT-CO1;MT-CO2;MT-CO3;MT-CYB;MT-ND1;MT-ND2;MT-ND4;MT-ND5;MTAP;MTHFD1;MTMR1;MTR;MTRR;MVD;MVK;NADK;NAGLU;NAGS;NCOR2;NDC1;NDUFA10;NDUFA12;NDUFA13;NDUFA2;NDUFA3;NDUFA4;NDUFA5;NDUFA8;NDUFA9;NDUFAB1;NDUFAF5;NDUFAF6;NDUFB3;NDUFB4;NDUFB7;NDUFB8;NDUFB9;NDUFS1;NDUFS2;NDUFS3;NDUFS7;NDUFS8;NDUFV1;NDUFV2;NEK1;NME1;NME2;NME3;NME4;NMNAT1;NMRAL1;NNT;NSDHL;NT5C;NT5C1A;NT5C1B;NT5C2;NT5E;NT5M;NUBPL;NUDT13;NUDT16;NUDT5;NUP107;NUP133;NUP153;NUP155;NUP160;NUP188;NUP205;NUP210;NUP214;NUP35;NUP37;NUP42;NUP43;NUP50;NUP54;NUP58;NUP62;NUP85;NUP88;NUP93;NUP98;OAT;OCRL;OGDH;OSBPL6;OTC;PAICS;PAPSS1;PC;PCK2;PDHA1;PDHA2;PDHB;PDHX;PDK1;PDK4;PDSS1;PDSS2;PFKFB1;PFKFB2;PFKFB3;PFKFB4;PFKL;PFKM;PFKP;PGAM1;PGAM2;PGD;PGK1;PGK2;PGM1;PGM2;PHGDH;PI4K2A;PI4K2B;PI4KA;PI4KB;PIAS4;PIK3C2A;PIK3C2B;PIK3C2G;PIK3CA;PIK3CB;PIK3CD;PIK3CG;PIK3R1;PIK3R2;PIK3R3;PIKFYVE;PIP4K2A;PIP4K2B;PIP4K2C;PIP5K1A;PIP5K1B;PIP5K1C;PITPNM1;PITPNM3;PKM;PLA2G6;PLAAT1;PLCB1;PLCB2;PLCB3;PLCB4;PLCD1;PLCD3;PLCD4;PLCE1;PLCG1;PLCG2;PLCH1;PLCH2;PLCZ1;PLPP1;PLPP2;PLPP3;PMVK;PNP;POM121;POM121C;POMC;PPAT;PPIP5K1;PPOX;PPT1;PPT2;PRKACA;PRKACB;PRKAR1A;PRKAR1B;PRPS1;PRPS1L1;PRPS2;PSAT1;PSMC1;PSMC5;PSMD13;PSMD14;PSMD2;PSMD3;PSPH;PTEN;PTGES3;PTGS2;PYGL;PYGM;QDPR;RAB5A;RAE1;RAN;RANBP2;RAPGEF4;RBP1;RBP2;RBP4;RDH11;RFK;RIMKLB;RPIA;RPS27A;SC5D;SCAP;SCD;SCO1;SCO2;SCP2;SDC1;SDHA;SDHB;SDHC;SDHD;SDSL;SEC13;SEH1L;SERINC1;SERPINA6;SGPP1;SGPP2;SGSH;SHMT1;SHMT2;SIN3A;SIN3B;SLC19A2;SLC25A10;SLC25A11;SLC25A12;SLC25A13;SLC25A18;SLC25A22;SLC25A4;SLC26A1;SLC26A2;SLC27A2;SLC27A5;SLC2A1;SLC2A2;SLC2A3;SLC3A2;SLC44A2;SLC45A2;SLC46A1;SLC5A8;SLC6A11;SLC7A5;SLC9A1;SMPD1;SORD;SPTLC1;SQLE;SRD5A2;SRD5A3;SREBF1;SREBF2;SRR;STAB2;STARD3;STARD3NL;STARD7;SUCLA2;SUCLG1;SUCLG2;SUMF1;SUMO2;SYNJ1;SYNJ2;TALDO1;TAT;TBL1X;TBL1XR1;TH;THRSP;TIMM21;TK1;TKFC;TKT;TM7SF2;TPI1;TPMT;TPR;TRAP1;TTR;TXN;TXNRD1;TYMS;TYR;UBA52;UBB;UBC;UBE2I;UBIAD1;UGP2;UMPS;UQCR10;UQCRC1;UQCRC2;UQCRFS1;UQCRQ;UROD;UROS;VDAC1;XYLB,ABCA1;ABCB4;ABCB7;ABCG2;ADCY1;ADCY2;ADCY3;ADCY4;ADCY7;ADCY8;ADCY9;ADH6;AGPS;AGT;AHCYL1;BCS1L;CIAO1;CREBBP;CUBN;EEFSEC;ELOVL4;ENO1;ENPP3;EP300;EPRS1;ESRRA;GDPD1;GDPD3;GLIPR1;GLYATL1;GPS2;GYS2;HSPG2;IARS1;INS;INSIG1;IQGAP1;LGMN;MARS1;MED16;MED19;MED24;MRPS36;MTMR10;NCAN;NCOA3;NCOR1;NDOR1;NFYA;NFYB;NFYC;NMT1;NMT2;NR1D1;PET100;PISD;PKLR;PLAAT2;PLIN2;PNKD;PNPLA4;POR;PPARG;PPARGC1A;PPP1CA;PPP1CB;PPP1CC;PRKACG;PRKAR2A;PRKAR2B;PRKCA;PRKD1;PRKD2;PRKD3;PRKG2;PYGB;RARS1;RETSAT;RORA;RPL11;RPL19;RPL22L1;RPL23;RPL27;RPL36AL;RPL5;RPL6;RPL7;RPL7A;RPLP1;RPS10;RPS11;RPS12;RPS13;RPS14;RPS18;RPS2;RPS20;RPS21;RPS23;RPS25;RPS27L;RPS3;RPS9;SEC24C;SLC25A28;SLC25A37;SLC25A44;SLC27A1;SLC27A3;SNAP25;SP1;STK11;STX1A;THRAP3;UQCC1;VAPB;WASL,ADSS1;ADSS2;ALPP;ASAH2B;CALM2;CALM3;GALM;KGD4;NME1-NME2;NT5C1B-RDH14;NT5C3A;PGAM4;PIP4P1;SQOR;TBL1Y
METABOLISM_OF_AMINO_ACIDS_AND_DERIVATIVES,M727,112,113,111,1,2,0.9736842105263158,AASS;ACAT1;ADRM1;AGXT;AHCY;ALDH18A1;ALDH7A1;ARG1;ASL;ASS1;BBOX1;BCAT1;BCAT2;BCKDHA;BCKDHB;BCKDK;CBS;CHDH;CTH;DBT;DCT;DHTKD1;DLD;DLST;ECHS1;EEFSEC;EPRS1;GCDH;GLUD1;GLUD2;GLUL;GOT1;GOT2;GPT;GPT2;GRHPR;GSR;HAAO;HAO1;HIBCH;HPD;HSD17B10;IARS1;IL4I1;KMO;MARS1;MAT1A;MTAP;MTR;MTRR;NAGS;NMRAL1;OAT;OGDH;OTC;PAPSS1;PHGDH;PSAT1;PSMC1;PSMC5;PSMD13;PSMD14;PSMD2;PSMD3;PSPH;QDPR;RARS1;RIMKLB;RPL11;RPL19;RPL22L1;RPL23;RPL27;RPL36AL;RPL5;RPL6;RPL7;RPL7A;RPLP1;RPS10;RPS11;RPS12;RPS13;RPS14;RPS18;RPS2;RPS20;RPS21;RPS23;RPS25;RPS27A;RPS27L;RPS3;RPS9;SDSL;SERINC1;SHMT1;SLC25A10;SLC25A12;SLC25A13;SLC25A44;SLC3A2;SLC45A2;SLC6A11;SLC7A5;SRR;TAT;TH;TXNRD1;TYR;UBA52,MRPS36,KGD4;SQOR
METABOLISM_OF_AMINO_ACIDS_AND_DERIVATIVES,MM15403,112,78,76,36,2,0.6666666666666666,AASS;ACAT1;ADRM1;AGXT;AHCY;ALDH18A1;ALDH7A1;ARG1;ASL;ASS1;BBOX1;BCAT1;BCAT2;BCKDHA;BCKDHB;BCKDK;CBS;CHDH;CTH;DBT;DCT;DHTKD1;DLD;DLST;ECHS1;GCDH;GLUD1;GLUD2;GLUL;GOT1;GOT2;GPT;GPT2;GRHPR;HAAO;HAO1;HIBCH;HPD;HSD17B10;IL4I1;KMO;MAT1A;MTAP;MTR;MTRR;NAGS;NMRAL1;OAT;OGDH;OTC;PHGDH;PSAT1;PSMC1;PSMC5;PSMD13;PSMD14;PSMD2;PSMD3;PSPH;QDPR;RIMKLB;SDSL;SERINC1;SHMT1;SLC25A10;SLC25A12;SLC25A13;SLC3A2;SLC45A2;SLC6A11;SLC7A5;SRR;TAT;TH;TXNRD1;TYR,EEFSEC;EPRS1;GSR;IARS1;MARS1;MRPS36;PAPSS1;RARS1;RPL11;RPL19;RPL22L1;RPL23;RPL27;RPL36AL;RPL5;RPL6;RPL7;RPL7A;RPLP1;RPS10;RPS11;RPS12;RPS13;RPS14;RPS18;RPS2;RPS20;RPS21;RPS23;RPS25;RPS27A;RPS27L;RPS3;RPS9;SLC25A44;UBA52,KGD4;SQOR
METABOLISM_OF_COFACTORS,M27855,21,21,21,0,0,1.0,ACO1;AKT1;CALM1;COQ2;COQ3;COQ4;COQ5;COQ6;COQ7;COQ8A;COQ8B;COQ9;DHFR;GCH1;HPDL;HSP90AA1;IDH1;PDSS1;PDSS2;PRKG2;STARD7,,
METABOLISM_OF_COFACTORS,MM15574,21,21,19,2,2,0.8260869565217391,ACO1;AKT1;CALM1;COQ2;COQ3;COQ4;COQ5;COQ6;COQ7;COQ8A;COQ8B;COQ9;GCH1;HPDL;HSP90AA1;IDH1;PDSS1;PDSS2;STARD7,DHFR;PRKG2,CALM2;CALM3
METABOLISM_OF_LIPIDS,M27451,216,217,216,0,1,0.9953917050691244,AACS;ABCA1;ABCB4;ABCG2;ACAA1;ACAA2;ACADM;ACAT1;ACAT2;ACER1;ACER2;ACLY;ACOX3;ACSBG2;ACSL3;AGK;AGPAT1;AGPS;AGT;AHR;AKR1B1;ALAS1;ALB;ARNT;ARSB;ARSG;ASAH2;AWAT2;BMX;CAV1;CD36;CDS1;CDS2;CH25H;CHKA;CREBBP;CUBN;CYB5B;CYP11A1;CYP1A1;CYP1A2;CYP1B1;CYP2U1;CYP3A4;CYP51A1;DEGS1;DGAT1;DGAT2;DHCR24;DHCR7;EBP;ECHS1;ECI1;ECI2;ELOVL4;EP300;EPHX2;ESRRA;FAR1;FASN;FDFT1;FDPS;FDX1;FDX2;FDXR;GDPD1;GDPD3;GGPS1;GLB1;GLIPR1;GPD1;GPD2;GPS2;GPX2;GPX4;HACD4;HACL1;HADHA;HADHB;HAO2;HDAC3;HMGCL;HMGCLL1;HMGCR;HMGCS1;HMGCS2;HSD17B12;HSD17B7;HSD3B7;IDI1;IDI2;INPP4A;INPP4B;INPP5E;INPP5F;INSIG1;KDSR;LBR;LGMN;LPIN2;LSS;MBTPS1;MBTPS2;MCAT;MED1;MED16;MED19;MED24;MSMO1;MTMR1;MTMR10;MVD;MVK;NCOA3;NCOR1;NCOR2;NDUFAB1;NFYA;NFYB;NFYC;NR1D1;NSDHL;OCRL;OSBPL6;PI4K2A;PI4K2B;PI4KA;PI4KB;PIAS4;PIK3C2A;PIK3C2B;PIK3C2G;PIK3CA;PIK3CB;PIK3CD;PIK3CG;PIK3R1;PIK3R2;PIK3R3;PIKFYVE;PIP4K2A;PIP4K2B;PIP4K2C;PIP5K1A;PIP5K1B;PIP5K1C;PISD;PITPNM1;PITPNM3;PLA2G6;PLAAT1;PLAAT2;PLIN2;PLPP1;PLPP2;PLPP3;PMVK;PNPLA4;POMC;PPARG;PPARGC1A;PPP1CA;PPP1CB;PPP1CC;PPT1;PPT2;PRKACA;PRKACB;PRKACG;PRKD1;PRKD2;PRKD3;PTEN;PTGES3;PTGS2;RAB5A;RAN;RORA;SC5D;SCAP;SCD;SCP2;SEC24C;SERPINA6;SGPP1;SGPP2;SIN3A;SIN3B;SLC27A1;SLC27A2;SLC27A3;SLC27A5;SLC44A2;SMPD1;SP1;SPTLC1;SQLE;SRD5A2;SRD5A3;SREBF1;SREBF2;STARD3;STARD3NL;STARD7;SUMF1;SUMO2;SYNJ1;SYNJ2;TBL1X;TBL1XR1;THRAP3;THRSP;TM7SF2;TXNRD1;UBE2I;VAPB,,PIP4P1
METABOLISM_OF_NITRIC_OXIDE_NOS3_ACTIVATION_AND_REGULATION,M27102,10,10,10,0,0,1.0,AKT1;CALM1;CAV1;CYB5B;CYGB;DNM2;HSP90AA1;NMT1;NMT2;WASL,,
METABOLISM_OF_NITRIC_OXIDE_NOS3_ACTIVATION_AND_REGULATION,MM14795,10,9,7,3,2,0.5833333333333334,AKT1;CALM1;CAV1;CYB5B;CYGB;DNM2;HSP90AA1,NMT1;NMT2;WASL,CALM2;CALM3
METABOLISM_OF_NUCLEOTIDES,M777,52,55,52,0,3,0.9454545454545454,ADA;ADK;ADSL;AK9;AMPD1;AMPD2;AMPD3;APRT;ATIC;CAD;CTPS1;CTPS2;DCK;DHODH;DPYD;ENTPD1;ENTPD3;ENTPD4;ENTPD5;ENTPD6;ENTPD8;GART;GDA;GMPR;GMPS;GSR;GUK1;HPRT1;IMPDH1;IMPDH2;ITPA;NME1;NME2;NME3;NME4;NT5C;NT5C1A;NT5C1B;NT5C2;NT5E;NT5M;NUDT13;NUDT16;NUDT5;PAICS;PNP;PPAT;TK1;TXN;TXNRD1;TYMS;UMPS,,ADSS1;ADSS2;NT5C3A
METABOLISM_OF_NUCLEOTIDES,MM14607,52,57,52,0,5,0.9122807017543859,ADA;ADK;ADSL;AK9;AMPD1;AMPD2;AMPD3;APRT;ATIC;CAD;CTPS1;CTPS2;DCK;DHODH;DPYD;ENTPD1;ENTPD3;ENTPD4;ENTPD5;ENTPD6;ENTPD8;GART;GDA;GMPR;GMPS;GSR;GUK1;HPRT1;IMPDH1;IMPDH2;ITPA;NME1;NME2;NME3;NME4;NT5C;NT5C1A;NT5C1B;NT5C2;NT5E;NT5M;NUDT13;NUDT16;NUDT5;PAICS;PNP;PPAT;TK1;TXN;TXNRD1;TYMS;UMPS,,ADSS1;ADSS2;NME1-NME2;NT5C1B-RDH14;NT5C3A
METABOLISM_OF_PORPHYRINS,M1088,18,17,17,1,0,0.9444444444444444,ABCG2;ALAD;ALAS1;ALAS2;ALB;BLVRB;COX10;COX15;CPOX;FECH;FLVCR1;HMBS;HMOX1;HMOX2;PPOX;UROD;UROS,GUSB,
METABOLISM_OF_PORPHYRINS,MM14719,18,16,16,2,0,0.8888888888888888,ALAD;ALAS1;ALAS2;ALB;BLVRB;COX10;COX15;CPOX;FECH;FLVCR1;HMBS;HMOX1;HMOX2;PPOX;UROD;UROS,ABCG2;GUSB,
METABOLISM_OF_PROTEINS,MM15018,696,613,589,107,24,0.8180555555555555,AAAS;ACAT1;ACE;ACO2;ACTB;ACTR8;ADAMTS18;ADAMTS20;ADORA2A;ADRA2A;ADRB2;ADRM1;AGT;ALAS1;ALB;ALDH18A1;ALG1;ALG12;ALG13;ALG14;ALG3;ALG5;ALG6;ALG8;AMELX;ANKRD9;APOE;APOL1;AR;ARF4;ARRB1;ARRB2;ARSB;ARSG;ASB6;ASXL1;ATP5F1A;ATP5F1B;ATP5F1C;ATP5MG;ATP5PD;ATP5PF;ATP5PO;ATP6AP2;ATXN7;B3GALNT2;B3GNT2;B4GALT1;B4GALT2;B4GALT3;B4GAT1;BAP1;BARD1;BIRC3;BMI1;BRCA1;BRCC3;CALM1;CALR;CANX;CAPZB;CBX2;CBX4;CBX8;CCNF;CCP110;CCT2;CCT3;CCT4;CCT5;CCT6A;CCT6B;CCT7;CCT8;CDC20;CES1;CETN2;CFTR;CHM;CHST10;CLPP;CLPX;COPG1;COPS5;COX5A;COX5B;CS;CSF1;CST3;CTBP1;CTSD;CTSH;CUL3;DAG1;DAP3;DAXX;DBT;DCAF10;DCAF7;DCTN1;DCTN2;DCTN4;DDB1;DDX17;DDX5;DERL1;DHDDS;DLAT;DLD;DLST;DOLK;DOLPP1;DPAGT1;DPH2;DPH3;DPH5;DPM1;DPM2;DPM3;DYNC1H1;DYNC1I1;DYNC1I2;DYNC1LI1;DYNC1LI2;DYNLL1;DYNLL2;ECI1;EEF1A1;EEF1G;EEF2;EIF2B3;EIF2B4;EIF2S1;EIF2S3;EIF3B;EIF3C;EIF3D;EIF3F;EIF3G;EIF3I;EIF4A1;EIF4A2;EIF4B;EIF4H;EP300;ERAL1;ETFB;EXOC1;EXOC2;EXOC3;EXOC4;EXOC5;EXOC7;EXOC8;F9;FBXL20;FBXL5;FBXO40;FBXO9;FCGR3B;FCSK;FDX1;FECH;FH;FKBP8;FN1;FUCA1;GALNT12;GALNT13;GALNT2;GALNT3;GAN;GAS6;GBF1;GCNT1;GFM1;GFPT1;GFPT2;GGCX;GH1;GHRL;GLB1;GLUD1;GMPPA;GMPPB;GNA11;GNA14;GNA15;GNAQ;GNAT3;GNB1;GNB2;GNB3;GNB4;GNB5;GNG10;GNG11;GNG12;GNG13;GNG2;GNG3;GNG4;GNG5;GNG7;GNG8;GNGT1;GNGT2;GNPNAT1;GPR119;GRIA1;H2AC18;H2AC20;HCFC1;HDAC1;HDAC4;HGS;HIF1A;HIF3A;HIPK2;HK1;HMGCS2;HNRNPC;HNRNPK;HSD17B10;HSP90B1;HSPA8;HSPA9;HSPD1;ICMT;IDH2;IDH3A;IKBKE;IL6;INO80C;INO80D;INS;KAT2A;KAT2B;KBTBD7;KBTBD8;KCTD7;KEAP1;KIN;KLHL11;KLHL13;KLHL2;KLHL20;KLHL21;KLHL22;KLHL25;KLHL3;KLHL41;KLHL42;KLHL9;L3MBTL2;LARGE1;LARGE2;LEO1;LEP;LONP1;MAN2A1;MAN2A2;MBTPS1;MCRS1;MDGA1;MDH2;MDM2;ME2;MEN1;MFGE8;MGAT1;MGAT2;MGAT4A;MGAT4B;MGAT5;MITF;MPDU1;MPI;MRPL10;MRPL11;MRPL13;MRPL15;MRPL16;MRPL17;MRPL19;MRPL2;MRPL21;MRPL22;MRPL23;MRPL27;MRPL3;MRPL30;MRPL32;MRPL33;MRPL34;MRPL36;MRPL38;MRPL4;MRPL40;MRPL41;MRPL43;MRPL44;MRPL45;MRPL46;MRPL47;MRPL49;MRPL50;MRPL51;MRPL53;MRPL54;MRPS10;MRPS11;MRPS14;MRPS15;MRPS16;MRPS18A;MRPS18C;MRPS2;MRPS21;MRPS25;MRPS34;MRPS35;MRPS5;MRPS6;MRPS9;MRRF;MSRA;MT-CO1;MUC13;MUC16;MUC17;MUC5B;MVD;MXRA8;MYC;MYSM1;NAGK;NDC1;NDUFA13;NDUFA2;NDUFAB1;NDUFS1;NDUFS3;NDUFV1;NEDD8;NFE2L2;NFKBIA;NLRP3;NOD2;NOP58;NPLOC4;NPM1;NUB1;NUP107;NUP133;NUP153;NUP155;NUP160;NUP188;NUP205;NUP210;NUP214;NUP35;NUP37;NUP42;NUP43;NUP50;NUP54;NUP58;NUP62;NUP85;NUP88;NUP93;NUP98;NUS1;OGDH;OGFOD1;OGT;OTOA;OXSM;PABPC1;PARK7;PCGF2;PDHA1;PDHB;PDK1;PGM3;PGR;PHC1;PHC2;PHC3;PIAS1;PIAS2;PIAS3;PIAS4;PML;PMM1;PMM2;PMPCA;POM121;POM121C;POMC;POMGNT1;POMGNT2;POMK;POMT1;POMT2;PRKACA;PRKDC;PROS1;PSMC1;PSMC5;PSMD13;PSMD14;PSMD2;PSMD3;PSME3;PSMG1;PTEN;RAB10;RAB11A;RAB13;RAB23;RAB24;RAB5A;RAB6A;RAB6B;RAB7A;RAB7B;RAB8A;RAB9A;RAD23A;RAD23B;RAE1;RANBP2;RANGAP1;RARA;RBBP5;RBX1;RCE1;RELA;RGS11;RGS6;RGS7;RGS9;RHOA;RING1;RNF2;RORA;RPL11;RPL19;RPL22L1;RPL23;RPL27;RPL36AL;RPL5;RPL6;RPL7;RPL7A;RPLP1;RPS10;RPS11;RPS12;RPS13;RPS14;RPS18;RPS2;RPS20;RPS21;RPS23;RPS25;RPS27A;RPS27L;RPS3;RPS9;RUVBL1;SAE1;SATB1;SCFD1;SCMH1;SEC13;SEC22C;SEC24C;SEH1L;SENP1;SHMT2;SIN3A;SKP1;SLC25A5;SLC30A5;SLC35C1;SMAD4;SMC1A;SMC3;SOCS3;SP100;SPACA4;SPSB2;SPTA1;SPTAN1;SPTB;SRD5A3;SRP19;SRP54;SRP68;SRP9;ST6GAL2;STAG2;STAM;STAM2;SUCLG2;SUMF1;SUMO1;SUMO2;TCP1;TDG;TECTB;TFPT;TGFBR1;THBS1;THRB;TNKS2;TOMM20;TOMM70;TOP1;TOPORS;TP53;TP53BP1;TPR;TRAF3;TRAPPC2;TRAPPC6B;TRIM27;TRRAP;TTLL10;TTLL11;TTLL4;TTLL5;TTLL6;TTLL7;TUBA1A;TUBA1B;TUBA1C;TUBA4A;TUBA8;TUBAL3;TUBB1;TUBB2A;TUBB2B;TUBB3;TUBB4A;TUBB4B;TUBB6;TULP4;TXN;U2AF2;UBA1;UBA2;UBA52;UBA6;UBB;UBC;UBD;UBE2C;UBE2D1;UBE2D2;UBE2D3;UBE2E1;UBE2E3;UBE2I;UBE2S;UQCRC2;UQCRQ;USP10;USP14;USP16;USP4;USP5;USP7;USP9X;VCP;VDAC1;VDAC2;VDAC3;WDR20;WDR48;WDR5;WFS1;ZDHHC2,AGBL4;AGBL5;ALG11;ANK3;AP3M1;ARL2;AURKA;CALB1;CAPZA1;CDKN2A;CHCHD2;CHD3;COX4I1;CPE;CREBBP;CTNNB1;CUL7;DDOST;EDEM1;EPRS1;EVA1A;EXOC6;GANAB;GAPDHS;GGA1;GSN;H2BC21;H3-3A;HARS1;HARS2;HDAC2;HDAC3;HLA-A;HLA-B;HSPG2;IARS1;ISL1;KBTBD6;KIF5A;KIF5B;KIFC3;LAMB2;LAMC1;LONP2;MAN1B1;MARS1;MAVS;MRPS36;MT-CO2;MT-ND1;MT-ND2;MT-ND5;MUC7;MYO5A;NCOR2;NOP56;NPPA;NR2C1;OS9;PARS2;PAX6;PCSK2;PFDN1;PFDN5;PPARG;PPARGC1A;PSMF1;PUM2;RARS1;RNF139;RNF5;RPN1;RPN2;SEC61A1;SEC61A2;SEC61B;SFTA3;SLC25A6;SNCA;SRPRA;SSR4;STARD7;STAT3;STX1A;TBCC;TBCD;TFAP2A;TGFB1;TGFBR2;TIMM10;TIMM17A;TIMM22;TIMM9;TMEM129;TRIM28;TSFM;TTL;TTLL1;TTR;TUBA3E;TUBB8;TUFM;USP49;VARS1;WARS1;XRN2;YARS1,ALPP;AMELY;BABAM2;CALM2;CALM3;CSH1;CSH2;CSHL1;EIF2S3B;FCGR3A;GH2;GLUD2;HNRNPCL1;KGD4;LDHD;MRPS12;PABPC3;PRKN;RAB40AL;SUMO4;TUBA3D;UBXN7;UFD1;USP15
METABOLISM_OF_RNA,M16843,360,357,348,12,9,0.943089430894309,AAAS;ACIN1;ADRM1;AKT1;ALYREF;APOBEC3H;AQR;BCAS2;BMS1;BOP1;BUD13;BUD31;BYSL;CACTIN;CASC3;CCAR1;CCDC12;CDC40;CDC5L;CDK7;CHERP;CLP1;CNOT1;CNOT3;CPSF1;CPSF6;CPSF7;CRNKL1;CSTF2;CTNNBL1;CTU2;CWC15;CWC22;CWC25;CWC27;CWF19L2;DDX1;DDX20;DDX21;DDX23;DDX39A;DDX39B;DDX41;DDX42;DDX46;DDX49;DDX5;DDX52;DHX15;DHX16;DHX35;DHX37;DHX38;DHX8;DHX9;DNAJC8;EBNA1BP2;EDC4;EFTUD2;EIF4A1;EIF4A2;EIF4A3;EIF4B;EPRS1;EXOSC10;EXOSC2;EXOSC9;FAM32A;FAM50A;FBL;FTSJ3;FUS;GCFC2;GEMIN4;GNL3;GPKOW;HBS1L;HNRNPA1;HNRNPA2B1;HNRNPA3;HNRNPC;HNRNPD;HNRNPF;HNRNPH1;HNRNPH2;HNRNPK;HNRNPL;HNRNPM;HNRNPR;HNRNPU;HSD17B10;HSPA1A;HSPA8;HTATSF1;IGF2BP1;IK;ISY1;KHSRP;LAS1L;LENG1;LSM1;LSM10;LSM2;LSM3;LSM4;LSM5;LSM6;LSM7;LSM8;LUC7L3;MAGOH;MAGOHB;MFAP1;NAT10;NCBP1;NCBP2;NDC1;NHP2;NKAP;NOC4L;NOL11;NOL6;NOP14;NOP56;NOP58;NT5C3B;NUDT21;NUP107;NUP133;NUP153;NUP155;NUP160;NUP188;NUP205;NUP210;NUP214;NUP35;NUP37;NUP42;NUP43;NUP50;NUP54;NUP58;NUP62;NUP85;NUP88;NUP93;NUP98;PABPC1;PABPN1;PAPOLA;PATL1;PCBP1;PCBP2;PCF11;PDCD11;PELP1;PES1;PHF5A;PLRG1;PNN;PNPT1;POLDIP3;POLR2A;POLR2B;POLR2C;POM121;POM121C;PPIE;PPIG;PPIH;PPIL1;PPIL2;PPIL3;PPIL4;PPP1R8;PPWD1;PQBP1;PRCC;PRKCA;PRKRIP1;PRPF18;PRPF19;PRPF3;PRPF31;PRPF38A;PRPF4;PRPF40A;PRPF6;PRPF8;PSMC1;PSMC5;PSMD13;PSMD14;PSMD2;PSMD3;PTBP1;PUF60;RAE1;RAN;RANBP2;RBM10;RBM17;RBM22;RBM25;RBM28;RBM39;RBM42;RBM5;RBM7;RBM8A;RBMX;RBMX2;RCL1;RNF113A;RNPC3;RNPS1;RPL11;RPL19;RPL22L1;RPL23;RPL27;RPL36AL;RPL5;RPL6;RPL7;RPL7A;RPLP1;RPP38;RPS10;RPS11;RPS12;RPS13;RPS14;RPS18;RPS2;RPS20;RPS21;RPS23;RPS25;RPS27A;RPS27L;RPS3;RPS9;RRP1;RRP36;RTCB;SAP18;SART1;SDE2;SEC13;SEH1L;SENP3;SF1;SF3A1;SF3A2;SF3A3;SF3B1;SF3B2;SF3B3;SF3B4;SF3B5;SF3B6;SLU7;SMG6;SMN1;SMNDC1;SMU1;SNIP1;SNRNP200;SNRNP27;SNRNP35;SNRNP40;SNRNP48;SNRNP70;SNRPA;SNRPA1;SNRPB;SNRPB2;SNRPC;SNRPD1;SNRPD2;SNRPD3;SNRPE;SNRPF;SNRPG;SNRPN;SNU13;SNW1;SRRM1;SRRM2;SRRT;SRSF1;SRSF10;SRSF11;SRSF2;SRSF3;SRSF4;SRSF5;SRSF6;SRSF7;SRSF9;SUGP1;SUPT5H;SYF2;TCERG1;TEX10;TFIP11;THOC1;THOC2;TNPO1;TPR;TRA2B;TRIT1;TRMT6;TRNT1;TXNL4A;U2AF1;U2AF1L4;U2AF2;U2SURP;UBA52;UBB;UBC;UBL5;UPF1;UPF3B;USP39;UTP14A;UTP14C;UTP25;UTP6;WBP11;WBP4;WDR12;WDR33;WDR36;WDR70;XAB2;XPO1;XRN2;YBX1;YJU2;YWHAB;YWHAZ;ZMAT2;ZNF830;ZRSR2,ACTB;C9ORF78;MT-CO1;MT-CO2;MT-CO3;MT-CYB;MT-ND1;MT-ND2;MT-ND4;MT-ND5;MYC;PRPF4B,BUD23;C9orf78;HSPB1;MTREX;PRP4K;TENT4A;YTHDC1;YTHDC2;ZC3H18
METABOLISM_OF_RNA,MM15547,360,329,316,44,13,0.8471849865951743,AAAS;ACIN1;ADRM1;AKT1;ALYREF;AQR;BCAS2;BMS1;BOP1;BUD13;BUD31;BYSL;CACTIN;CASC3;CCDC12;CDC40;CDC5L;CDK7;CHERP;CLP1;CNOT1;CNOT3;CPSF1;CPSF6;CPSF7;CRNKL1;CSTF2;CTNNBL1;CWC15;CWC22;CWC25;CWC27;DDX20;DDX21;DDX23;DDX39A;DDX39B;DDX41;DDX42;DDX46;DDX49;DDX5;DDX52;DHX15;DHX16;DHX35;DHX37;DHX38;DHX8;DHX9;EBNA1BP2;EDC4;EFTUD2;EIF4A1;EIF4A2;EIF4A3;EIF4B;EXOSC10;EXOSC2;EXOSC9;FAM32A;FAM50A;FBL;FTSJ3;FUS;GEMIN4;GNL3;GPKOW;HBS1L;HNRNPA1;HNRNPA2B1;HNRNPA3;HNRNPC;HNRNPD;HNRNPF;HNRNPH1;HNRNPH2;HNRNPK;HNRNPL;HNRNPR;HNRNPU;HSPA1A;HSPA8;HTATSF1;IK;ISY1;KHSRP;LAS1L;LENG1;LSM1;LSM10;LSM2;LSM3;LSM4;LSM5;LSM6;LSM7;LSM8;LUC7L3;MAGOH;MFAP1;NCBP1;NCBP2;NDC1;NKAP;NOC4L;NOL11;NOL6;NOP14;NOP56;NOP58;NT5C3B;NUDT21;NUP107;NUP133;NUP153;NUP155;NUP160;NUP188;NUP205;NUP210;NUP214;NUP35;NUP37;NUP42;NUP43;NUP50;NUP54;NUP58;NUP62;NUP85;NUP88;NUP93;NUP98;PABPC1;PABPN1;PAPOLA;PATL1;PCBP1;PCBP2;PCF11;PDCD11;PELP1;PES1;PHF5A;PLRG1;PNN;POLDIP3;POLR2A;POLR2B;POLR2C;POM121;POM121C;PPIH;PPIL1;PPIL2;PPIL3;PPIL4;PPWD1;PQBP1;PRCC;PRKRIP1;PRPF18;PRPF19;PRPF3;PRPF31;PRPF38A;PRPF4;PRPF40A;PRPF6;PRPF8;PSMC1;PSMC5;PSMD13;PSMD14;PSMD2;PSMD3;PTBP1;PUF60;RAE1;RANBP2;RBM10;RBM17;RBM22;RBM25;RBM39;RBM42;RBM5;RBM7;RBM8A;RBMX;RBMX2;RCL1;RNF113A;RNPC3;RNPS1;RPL11;RPL19;RPL22L1;RPL23;RPL27;RPL36AL;RPL5;RPL6;RPL7;RPL7A;RPLP1;RPP38;RPS10;RPS11;RPS12;RPS13;RPS14;RPS18;RPS2;RPS20;RPS21;RPS23;RPS25;RPS27A;RPS27L;RPS3;RPS9;RRP36;SART1;SDE2;SEC13;SEH1L;SENP3;SF1;SF3A1;SF3A2;SF3A3;SF3B1;SF3B2;SF3B3;SF3B4;SF3B5;SLU7;SMG6;SMN1;SMNDC1;SMU1;SNIP1;SNRNP200;SNRNP27;SNRNP35;SNRNP40;SNRNP48;SNRNP70;SNRPA;SNRPA1;SNRPB;SNRPB2;SNRPC;SNRPD1;SNRPD2;SNRPD3;SNRPE;SNRPF;SNRPG;SNRPN;SNU13;SRRM1;SRRM2;SRRT;SRSF1;SRSF10;SRSF11;SRSF2;SRSF3;SRSF5;SRSF7;SRSF9;SUGP1;SUPT5H;SYF2;TCERG1;TEX10;THOC1;THOC2;TNPO1;TPR;TRA2B;TXNL4A;U2AF1;U2AF1L4;U2AF2;U2SURP;UBA52;UBB;UBC;UBL5;UPF1;UPF3B;USP39;UTP14A;UTP14C;UTP25;UTP6;WBP11;WBP4;WDR12;WDR33;WDR36;WDR70;XAB2;XPO1;XRN2;YBX1;YJU2;YWHAB;YWHAZ;ZMAT2;ZNF830;ZRSR2,ACTB;APOBEC3H;C9ORF78;CCAR1;CTU2;CWF19L2;DDX1;DNAJC8;EPRS1;GCFC2;HNRNPM;HSD17B10;IGF2BP1;MAGOHB;MT-CO1;MT-CO2;MT-CO3;MT-CYB;MT-ND1;MT-ND2;MT-ND4;MT-ND5;MYC;NAT10;NHP2;PNPT1;PPIE;PPIG;PPP1R8;PRKCA;PRPF4B;RAN;RBM28;RRP1;RTCB;SAP18;SF3B6;SNW1;SRSF4;SRSF6;TFIP11;TRIT1;TRMT6;TRNT1,BUD23;C9orf78;HNRNPCL1;HSPA1B;HSPB1;ISY1-RAB43;MTREX;NXF5;PABPC3;PRP4K;YTHDC1;YTHDC2;ZC3H18
METABOLISM_OF_STEROIDS,M27832,65,65,65,0,0,1.0,ACAT2;AKR1B1;ALB;CH25H;CREBBP;CUBN;CYP11A1;CYP51A1;DHCR24;DHCR7;EBP;FASN;FDFT1;FDPS;FDX1;FDX2;FDXR;GGPS1;HMGCR;HMGCS1;HSD17B12;HSD17B7;HSD3B7;IDI1;IDI2;INSIG1;LBR;LGMN;LSS;MBTPS1;MBTPS2;MED1;MSMO1;MVD;MVK;NFYA;NFYB;NFYC;NSDHL;OSBPL6;PIAS4;PMVK;POMC;RAN;SC5D;SCAP;SCD;SCP2;SEC24C;SERPINA6;SLC27A2;SLC27A5;SP1;SQLE;SRD5A2;SRD5A3;SREBF1;SREBF2;STARD3;STARD3NL;SUMO2;TBL1X;TBL1XR1;TM7SF2;UBE2I,,
METABOLISM_OF_STEROIDS,MM15553,65,52,51,14,1,0.7727272727272727,ACAT2;AKR1B1;ALB;CH25H;CYP11A1;CYP51A1;DHCR24;DHCR7;EBP;FDFT1;FDPS;FDX1;FDX2;FDXR;GGPS1;HMGCR;HMGCS1;HSD17B12;HSD17B7;HSD3B7;IDI1;IDI2;LBR;LSS;MBTPS1;MBTPS2;MSMO1;MVD;MVK;NSDHL;OSBPL6;PIAS4;PMVK;POMC;RAN;SC5D;SCAP;SCP2;SERPINA6;SLC27A2;SLC27A5;SQLE;SRD5A2;SRD5A3;SREBF1;SREBF2;STARD3;STARD3NL;SUMO2;TM7SF2;UBE2I,CREBBP;CUBN;FASN;INSIG1;LGMN;MED1;NFYA;NFYB;NFYC;SCD;SEC24C;SP1;TBL1X;TBL1XR1,AKR1B10
METABOLISM_OF_VITAMINS_AND_COFACTORS,M18311,65,64,64,1,0,0.9846153846153847,ACO1;AGRN;AKR1B10;AKT1;AOX1;APOE;BCO1;BCO2;CALM1;COASY;COQ2;COQ3;COQ4;COQ5;COQ6;COQ7;COQ8A;COQ8B;COQ9;CUBN;CYB5A;DHFR;ENPP1;ENPP3;FASN;FLAD1;FPGS;GCH1;GPHN;HPDL;HSP90AA1;HSPG2;IDH1;LRAT;LRP1;MMAB;MOCS1;MTHFD1;MTR;MTRR;NADK;NMNAT1;NT5E;PC;PDSS1;PDSS2;PRKG2;RBP1;RBP2;RBP4;RDH11;RETSAT;RFK;SDC1;SHMT1;SHMT2;SLC19A2;SLC2A1;SLC2A3;SLC46A1;SLC5A8;STARD7;TTR;UBIAD1,PTGS2,
METABOLISM_OF_VITAMINS_AND_COFACTORS,MM14772,65,61,59,6,2,0.8805970149253731,ACO1;AGRN;AKR1B10;AKT1;AOX1;APOE;BCO1;BCO2;CALM1;COASY;COQ2;COQ3;COQ4;COQ5;COQ6;COQ7;COQ8A;COQ8B;COQ9;CYB5A;DHFR;ENPP1;FASN;FLAD1;FPGS;GCH1;GPHN;HPDL;HSP90AA1;IDH1;LRAT;LRP1;MMAB;MOCS1;MTHFD1;MTR;MTRR;NADK;NMNAT1;NT5E;PC;PDSS1;PDSS2;RBP1;RBP2;RBP4;RDH11;RFK;SDC1;SHMT1;SHMT2;SLC19A2;SLC2A1;SLC2A3;SLC46A1;SLC5A8;STARD7;TTR;UBIAD1,CUBN;ENPP3;HSPG2;PRKG2;PTGS2;RETSAT,CALM2;CALM3
METALLOPROTEASE_DUBS,M27580,15,16,15,0,1,0.9375,BARD1;BRCA1;BRCC3;EP300;H2AC18;H2AC20;KAT2B;MYSM1;NLRP3;PSMD14;RPS27A;STAM;UBA52;UBB;UBC,,BABAM2
METALLOPROTEASE_DUBS,MM15291,15,16,15,0,1,0.9375,BARD1;BRCA1;BRCC3;EP300;H2AC18;H2AC20;KAT2B;MYSM1;NLRP3;PSMD14;RPS27A;STAM;UBA52;UBB;UBC,,BABAM2
MHC_CLASS_II_ANTIGEN_PRESENTATION,M705,56,57,56,0,1,0.9824561403508771,AP1G1;AP2A1;AP2A2;AP2B1;CANX;CAPZA1;CAPZB;CENPE;CLTC;CTSD;CTSF;CTSH;DCTN1;DCTN2;DCTN4;DNM1;DNM2;DYNC1H1;DYNC1I1;DYNC1I2;DYNC1LI1;DYNC1LI2;DYNLL1;DYNLL2;KIF11;KIF18A;KIF2A;KIF3A;KIF3B;KIF5A;KIF5B;KIFAP3;KLC1;KLC2;KLC3;KLC4;LGMN;RAB7A;RILP;SEC13;SEC24C;TUBA1A;TUBA1B;TUBA1C;TUBA3E;TUBA4A;TUBA8;TUBAL3;TUBB1;TUBB2A;TUBB2B;TUBB3;TUBB4A;TUBB4B;TUBB6;TUBB8,,TUBA3D
MHC_CLASS_II_ANTIGEN_PRESENTATION,MM14855,56,56,53,3,3,0.8983050847457628,AP1G1;AP2A1;AP2A2;AP2B1;CANX;CAPZB;CENPE;CLTC;CTSD;CTSF;CTSH;DCTN1;DCTN2;DCTN4;DNM1;DNM2;DYNC1H1;DYNC1I1;DYNC1I2;DYNC1LI1;DYNC1LI2;DYNLL1;DYNLL2;KIF11;KIF18A;KIF2A;KIF3A;KIF3B;KIF5A;KIF5B;KIFAP3;KLC1;KLC2;KLC3;KLC4;LGMN;RAB7A;RILP;SEC13;SEC24C;TUBA1A;TUBA1B;TUBA1C;TUBA4A;TUBA8;TUBAL3;TUBB1;TUBB2A;TUBB2B;TUBB3;TUBB4A;TUBB4B;TUBB6,CAPZA1;TUBA3E;TUBB8,KIFC1;KIFC2;TUBA3D
MITF_M_REGULATED_MELANOCYTE_DEVELOPMENT,M48232,42,55,42,0,13,0.7636363636363637,ACTB;AKT2;AKT3;ATP6AP2;ATP6V0A1;BCL2;CDKN2A;CREB1;CREBBP;CTNNB1;DCT;DIAPH1;EPRS1;GMPR;GSK3B;HDAC1;IARS1;MAPK1;MAPK3;MARS1;MC1R;MC4R;MC5R;MITF;MYO5A;PAX3;PLK1;PMEL;POMC;PPARGC1A;RARS1;SIN3A;SIRT1;SMARCC2;SOX2;TERT;TFAP2A;TFEB;TRPM1;TYR;USF1;XPO1,,BRCA1;CSF1;EP300;MCM2;MCM5;PXDN;SUMO1;UBE2I;YWHAB;YWHAE;YWHAG;YWHAH;YWHAZ
MITF_M_REGULATED_MELANOCYTE_DEVELOPMENT,MM17226,42,20,16,26,4,0.34782608695652173,AKT3;CTNNB1;EPRS1;GSK3B;HDAC1;IARS1;MAPK1;MAPK3;MARS1;MITF;MYO5A;RARS1;SIN3A;SIRT1;USF1;XPO1,ACTB;AKT2;ATP6AP2;ATP6V0A1;BCL2;CDKN2A;CREB1;CREBBP;DCT;DIAPH1;GMPR;MC1R;MC4R;MC5R;PAX3;PLK1;PMEL;POMC;PPARGC1A;SMARCC2;SOX2;TERT;TFAP2A;TFEB;TRPM1;TYR,CSF1;EP300;SUMO1;UBE2I
MITOCHONDRIAL_BIOGENESIS,M26973,39,39,39,0,0,1.0,ACSS2;ALAS1;ATF2;ATP5F1A;ATP5F1B;ATP5F1C;ATP5F1D;ATP5MC1;ATP5MG;ATP5PB;ATP5PD;ATP5PF;ATP5PO;CALM1;CAMK4;CHCHD3;CREB1;CREBBP;CRTC2;CYCS;ESRRA;GLUD1;GLUD2;HCFC1;HDAC3;HSPA9;IDH2;IMMT;MED1;MEF2D;NCOR1;NR1D1;POLRMT;PPARGC1A;PPRC1;SAMM50;SOD2;TBL1X;TBL1XR1,,
MITOCHONDRIAL_BIOGENESIS,MM14608,39,16,16,23,0,0.41025641025641024,ACSS2;ATP5F1A;ATP5F1B;ATP5F1C;ATP5F1D;ATP5MC1;ATP5MG;ATP5PB;ATP5PD;ATP5PF;ATP5PO;CYCS;GLUD1;GLUD2;IDH2;SOD2,ALAS1;ATF2;CALM1;CAMK4;CHCHD3;CREB1;CREBBP;CRTC2;ESRRA;HCFC1;HDAC3;HSPA9;IMMT;MED1;MEF2D;NCOR1;NR1D1;POLRMT;PPARGC1A;PPRC1;SAMM50;TBL1X;TBL1XR1,
MITOCHONDRIAL_PROTEIN_DEGRADATION,M48249,64,65,64,0,1,0.9846153846153847,ACAT1;ACO2;ALAS1;ALDH18A1;ATP5F1A;ATP5F1B;ATP5F1C;ATP5MG;ATP5PD;ATP5PF;ATP5PO;CHCHD2;CLPP;CLPX;COX4I1;COX5A;COX5B;CS;DBT;DLD;ECI1;FECH;FH;GLUD1;HMGCS2;HSD17B10;HSPA9;HSPD1;IDH2;IDH3A;LONP1;MDH2;ME2;MRPL32;MRPS10;MRPS2;MT-CO1;MT-CO2;MT-ND1;MT-ND2;MT-ND5;NDUFA13;NDUFA2;NDUFS1;NDUFS3;NDUFV1;OGDH;OXSM;PDHA1;PDHB;PDK1;PMPCA;PRKACA;SHMT2;SLC25A5;SLC25A6;STARD7;SUCLG2;TIMM10;TIMM17A;TIMM22;TIMM9;UQCRC2;UQCRQ,,LDHD
MITOCHONDRIAL_PROTEIN_DEGRADATION,MM17230,64,54,52,12,2,0.7878787878787878,ACAT1;ACO2;ALAS1;ALDH18A1;ATP5F1A;ATP5F1B;ATP5F1C;ATP5MG;ATP5PD;ATP5PF;ATP5PO;CLPP;CLPX;COX5A;COX5B;CS;DBT;DLD;ECI1;FECH;FH;GLUD1;HMGCS2;HSD17B10;HSPA9;HSPD1;IDH2;IDH3A;LONP1;MDH2;ME2;MRPL32;MRPS10;MRPS2;MT-CO1;NDUFA13;NDUFA2;NDUFS1;NDUFS3;NDUFV1;OGDH;OXSM;PDHA1;PDHB;PDK1;PMPCA;PRKACA;SHMT2;SLC25A5;SUCLG2;UQCRC2;UQCRQ,CHCHD2;COX4I1;MT-CO2;MT-ND1;MT-ND2;MT-ND5;SLC25A6;STARD7;TIMM10;TIMM17A;TIMM22;TIMM9,GLUD2;LDHD
MITOCHONDRIAL_PROTEIN_IMPORT,M590,59,59,58,1,1,0.9666666666666667,ACO2;ATP5F1A;ATP5F1B;ATP5MC1;BCS1L;CHCHD10;CHCHD2;CHCHD3;CHCHD5;CHCHD7;CMC2;CMC4;COA4;COA6;COQ2;COX17;COX19;CS;CYC1;DNAJC19;FXN;GRPEL1;GRPEL2;HSCB;HSPA9;HSPD1;IDH3G;NDUFB8;OTC;PAM16;PITRM1;PMPCA;PMPCB;SAMM50;SLC25A12;SLC25A13;SLC25A4;SLC25A6;TIMM10;TIMM13;TIMM17A;TIMM17B;TIMM21;TIMM22;TIMM23;TIMM44;TIMM50;TIMM8A;TIMM8B;TIMM9;TOMM20;TOMM22;TOMM40;TOMM5;TOMM6;TOMM7;TOMM70;VDAC1,DLD,LDHD
MITOCHONDRIAL_PROTEIN_IMPORT,MM14538,59,9,8,51,1,0.13333333333333333,ATP5F1B;COQ2;FXN;HSCB;HSPD1;NDUFB8;OTC;PITRM1,ACO2;ATP5F1A;ATP5MC1;BCS1L;CHCHD10;CHCHD2;CHCHD3;CHCHD5;CHCHD7;CMC2;CMC4;COA4;COA6;COX17;COX19;CS;CYC1;DLD;DNAJC19;GRPEL1;GRPEL2;HSPA9;IDH3G;PAM16;PMPCA;PMPCB;SAMM50;SLC25A12;SLC25A13;SLC25A4;SLC25A6;TIMM10;TIMM13;TIMM17A;TIMM17B;TIMM21;TIMM22;TIMM23;TIMM44;TIMM50;TIMM8A;TIMM8B;TIMM9;TOMM20;TOMM22;TOMM40;TOMM5;TOMM6;TOMM7;TOMM70;VDAC1,LDHD
MITOCHONDRIAL_TRANSLATION,M27446,55,55,53,2,2,0.9298245614035088,DAP3;ERAL1;GFM1;MRPL10;MRPL11;MRPL13;MRPL15;MRPL16;MRPL17;MRPL19;MRPL2;MRPL21;MRPL22;MRPL23;MRPL27;MRPL3;MRPL30;MRPL32;MRPL33;MRPL34;MRPL36;MRPL38;MRPL4;MRPL40;MRPL41;MRPL43;MRPL44;MRPL45;MRPL46;MRPL47;MRPL49;MRPL50;MRPL51;MRPL53;MRPL54;MRPS10;MRPS11;MRPS14;MRPS15;MRPS16;MRPS18A;MRPS18C;MRPS2;MRPS21;MRPS25;MRPS34;MRPS35;MRPS5;MRPS6;MRPS9;MRRF;TSFM;TUFM,MRPS36;RPS12,KGD4;MRPS12
MITOCHONDRIAL_TRANSLATION,MM15189,55,53,51,4,2,0.8947368421052632,DAP3;ERAL1;GFM1;MRPL10;MRPL11;MRPL13;MRPL15;MRPL16;MRPL17;MRPL19;MRPL2;MRPL21;MRPL22;MRPL23;MRPL27;MRPL3;MRPL30;MRPL32;MRPL33;MRPL34;MRPL36;MRPL38;MRPL4;MRPL40;MRPL41;MRPL43;MRPL44;MRPL45;MRPL46;MRPL47;MRPL49;MRPL50;MRPL51;MRPL53;MRPL54;MRPS10;MRPS11;MRPS14;MRPS15;MRPS16;MRPS18A;MRPS18C;MRPS2;MRPS21;MRPS25;MRPS34;MRPS35;MRPS5;MRPS6;MRPS9;MRRF,MRPS36;RPS12;TSFM;TUFM,KGD4;MRPS12
MITOCHONDRIAL_UNFOLDED_PROTEIN_RESPONSE_UPRMT,M49154,9,9,9,0,0,1.0,AKT1;DNAJA1;HSPA1A;HSPA1B;HSPA9;HSPD1;HSPE1;LONP1;SOD2,,
MITOPHAGY,M27418,21,22,21,0,1,0.9545454545454546,MAP1LC3A;MAP1LC3B;OPTN;RPS27A;SRC;TBK1;TOMM20;TOMM22;TOMM40;TOMM5;TOMM6;TOMM7;TOMM70;UBA52;UBB;UBC;UBE2D2;UBE2D3;VDAC1;VDAC2;VDAC3,,PRKN
MITOPHAGY,MM15166,21,22,21,0,1,0.9545454545454546,MAP1LC3A;MAP1LC3B;OPTN;RPS27A;SRC;TBK1;TOMM20;TOMM22;TOMM40;TOMM5;TOMM6;TOMM7;TOMM70;UBA52;UBB;UBC;UBE2D2;UBE2D3;VDAC1;VDAC2;VDAC3,,PRKN
MITOTIC_G2_G2_M_PHASES,M864,107,108,106,1,2,0.9724770642201835,ADRM1;AKAP9;ALMS1;AURKA;BORA;CCP110;CDK11A;CDK11B;CDK5RAP2;CDK7;CENPF;CEP131;CEP135;CEP152;CEP164;CEP192;CEP250;CEP290;CEP41;CEP63;CEP70;CEP72;CEP76;CEP78;CETN2;CKAP5;CNTRL;DCTN1;DCTN2;DYNC1H1;DYNC1I2;DYNLL1;EP300;GTSE1;HAUS1;HAUS2;HAUS3;HAUS4;HAUS5;HAUS6;HAUS7;HAUS8;HSP90AA1;HSP90AB1;MAPRE1;MZT1;MZT2A;MZT2B;NDE1;NEDD1;NEK2;NINL;NME7;ODF2;OFD1;OPTN;PAFAH1B1;PCM1;PCNT;PLK1;PLK4;PPP1CB;PPP1R12A;PRKACA;PRKAR2B;PSMC1;PSMC5;PSMD13;PSMD14;PSMD2;PSMD3;RAB8A;RBX1;RPS27A;SDCCAG8;SKP1;TP53;TUBA1A;TUBA1B;TUBA1C;TUBA3E;TUBA4A;TUBA8;TUBAL3;TUBB;TUBB1;TUBB2A;TUBB2B;TUBB3;TUBB4A;TUBB4B;TUBB6;TUBB8;TUBG1;TUBG2;TUBGCP2;TUBGCP3;TUBGCP4;TUBGCP5;TUBGCP6;UBA52;UBB;UBC;XPO1;YWHAE;YWHAG,CENPJ,FZR1;TUBA3D
MITOTIC_G2_G2_M_PHASES,MM15145,107,102,99,8,3,0.9,ADRM1;AKAP9;ALMS1;AURKA;BORA;CCP110;CDK11A;CDK11B;CDK5RAP2;CDK7;CEP131;CEP135;CEP152;CEP164;CEP192;CEP250;CEP290;CEP41;CEP63;CEP70;CEP72;CEP76;CEP78;CETN2;CKAP5;DCTN1;DCTN2;DYNC1H1;DYNC1I2;DYNLL1;GTSE1;HAUS1;HAUS2;HAUS3;HAUS4;HAUS5;HAUS6;HAUS7;HAUS8;HSP90AA1;HSP90AB1;MAPRE1;MZT1;MZT2A;MZT2B;NDE1;NEDD1;NEK2;NINL;NME7;ODF2;OFD1;OPTN;PAFAH1B1;PCM1;PLK1;PLK4;PPP1CB;PPP1R12A;PRKACA;PSMC1;PSMC5;PSMD13;PSMD14;PSMD2;PSMD3;RAB8A;RBX1;RPS27A;SDCCAG8;SKP1;TP53;TUBA1A;TUBA1B;TUBA1C;TUBA4A;TUBA8;TUBAL3;TUBB;TUBB1;TUBB2A;TUBB2B;TUBB3;TUBB4A;TUBB4B;TUBB6;TUBG1;TUBG2;TUBGCP2;TUBGCP3;TUBGCP4;TUBGCP5;TUBGCP6;UBA52;UBB;UBC;XPO1;YWHAE;YWHAG,CENPF;CENPJ;CNTRL;EP300;PCNT;PRKAR2B;TUBA3E;TUBB8,FZR1;TUBA3D;YWHAQ
MITOTIC_METAPHASE_AND_ANAPHASE,M27185,113,114,113,0,1,0.9912280701754386,ADRM1;ANAPC1;ANAPC10;ANAPC11;ANAPC15;ANAPC16;ANAPC2;ANAPC4;ANAPC5;ANAPC7;B9D2;BANF1;BUB1B;CDC16;CDC20;CDC23;CDC26;CDC27;CENPA;CENPE;CENPF;CENPT;CHMP2A;CHMP2B;CHMP3;CHMP4A;CHMP4B;CHMP4C;CHMP6;CHMP7;CKAP5;DYNC1H1;DYNC1I1;DYNC1I2;DYNC1LI1;DYNC1LI2;DYNLL1;DYNLL2;HDAC8;KIF18A;KIF2A;LBR;LMNA;LMNB1;MAD2L1;MAPRE1;NDC1;NDE1;NDEL1;NUP107;NUP133;NUP155;NUP160;NUP188;NUP205;NUP35;NUP37;NUP43;NUP54;NUP58;NUP62;NUP85;NUP93;NUP98;PAFAH1B1;PDS5A;PDS5B;PLK1;POM121;PPP1CC;PSMC1;PSMC5;PSMD13;PSMD14;PSMD2;PSMD3;RAN;RANBP2;RANGAP1;RCC1;RPS27A;SEC13;SEH1L;SMC1A;SMC3;STAG2;SUMO1;TMPO;TNPO1;TUBA1A;TUBA1B;TUBA1C;TUBA3E;TUBA4A;TUBA8;TUBAL3;TUBB1;TUBB2A;TUBB2B;TUBB3;TUBB4A;TUBB4B;TUBB6;TUBB8;UBA52;UBB;UBC;UBE2C;UBE2D1;UBE2E1;UBE2I;UBE2S;XPO1,,TUBA3D
MITOTIC_METAPHASE_AND_ANAPHASE,MM14898,113,109,105,8,4,0.8974358974358975,ADRM1;ANAPC1;ANAPC10;ANAPC11;ANAPC15;ANAPC16;ANAPC2;ANAPC4;ANAPC5;ANAPC7;B9D2;BANF1;BUB1B;CDC16;CDC20;CDC23;CDC26;CDC27;CENPA;CENPE;CENPF;CENPT;CHMP2A;CHMP2B;CHMP3;CHMP4B;CHMP4C;CHMP6;CHMP7;CKAP5;DYNC1H1;DYNC1I1;DYNC1I2;DYNC1LI1;DYNC1LI2;DYNLL1;DYNLL2;HDAC8;KIF18A;KIF2A;LBR;LMNA;LMNB1;MAD2L1;MAPRE1;NDC1;NDE1;NDEL1;NUP107;NUP133;NUP155;NUP160;NUP188;NUP205;NUP35;NUP37;NUP43;NUP85;NUP93;NUP98;PAFAH1B1;PDS5A;PDS5B;PLK1;POM121;PPP1CC;PSMC1;PSMC5;PSMD13;PSMD14;PSMD2;PSMD3;RAN;RANBP2;RANGAP1;RCC1;RPS27A;SEC13;SEH1L;SMC1A;SMC3;STAG2;SUMO1;TUBA1A;TUBA1B;TUBA1C;TUBA4A;TUBA8;TUBAL3;TUBB1;TUBB2A;TUBB2B;TUBB3;TUBB4A;TUBB4B;TUBB6;UBA52;UBB;UBC;UBE2C;UBE2D1;UBE2E1;UBE2I;UBE2S;XPO1,CHMP4A;NUP54;NUP58;NUP62;TMPO;TNPO1;TUBA3E;TUBB8,POM121C;RBM39;RNF103-CHMP3;TUBA3D
MITOTIC_PROMETAPHASE,M4217,115,115,114,1,1,0.9827586206896551,AKAP9;ALMS1;B9D2;BUB1B;CCP110;CDC20;CDK5RAP2;CENPA;CENPE;CENPF;CENPT;CEP131;CEP135;CEP152;CEP164;CEP192;CEP250;CEP290;CEP41;CEP63;CEP70;CEP72;CEP76;CEP78;CETN2;CKAP5;CNTRL;DCTN1;DCTN2;DYNC1H1;DYNC1I1;DYNC1I2;DYNC1LI1;DYNC1LI2;DYNLL1;DYNLL2;EML4;HAUS1;HAUS2;HAUS3;HAUS4;HAUS5;HAUS6;HAUS7;HAUS8;HDAC8;HSP90AA1;KIF18A;KIF2A;MAD2L1;MAPRE1;MZT1;MZT2A;MZT2B;NDE1;NDEL1;NEDD1;NEK2;NEK9;NINL;NME7;NUP107;NUP133;NUP160;NUP37;NUP43;NUP85;NUP98;ODF2;OFD1;PAFAH1B1;PCM1;PCNT;PDS5A;PDS5B;PLK1;PLK4;PPP1CC;PRKACA;PRKAR2B;RANBP2;RANGAP1;SDCCAG8;SEC13;SEH1L;SMC1A;SMC3;STAG2;TUBA1A;TUBA1B;TUBA1C;TUBA3E;TUBA4A;TUBA8;TUBAL3;TUBB;TUBB1;TUBB2A;TUBB2B;TUBB3;TUBB4A;TUBB4B;TUBB6;TUBB8;TUBG1;TUBG2;TUBGCP2;TUBGCP3;TUBGCP4;TUBGCP5;TUBGCP6;XPO1;YWHAE;YWHAG,CENPJ,TUBA3D
MITOTIC_PROMETAPHASE,MM15362,115,110,108,7,2,0.9230769230769231,AKAP9;ALMS1;B9D2;BUB1B;CCP110;CDC20;CDK5RAP2;CENPA;CENPE;CENPF;CENPT;CEP131;CEP135;CEP152;CEP164;CEP192;CEP250;CEP290;CEP41;CEP63;CEP70;CEP72;CEP76;CEP78;CETN2;CKAP5;DCTN1;DCTN2;DYNC1H1;DYNC1I1;DYNC1I2;DYNC1LI1;DYNC1LI2;DYNLL1;DYNLL2;EML4;HAUS1;HAUS2;HAUS3;HAUS4;HAUS5;HAUS6;HAUS7;HAUS8;HDAC8;HSP90AA1;KIF18A;KIF2A;MAD2L1;MAPRE1;MZT1;MZT2A;MZT2B;NDE1;NDEL1;NEDD1;NEK2;NINL;NME7;NUP107;NUP133;NUP160;NUP37;NUP43;NUP85;NUP98;ODF2;OFD1;PAFAH1B1;PCM1;PDS5A;PDS5B;PLK1;PLK4;PPP1CC;PRKACA;RANBP2;RANGAP1;SDCCAG8;SEC13;SEH1L;SMC1A;SMC3;STAG2;TUBA1A;TUBA1B;TUBA1C;TUBA4A;TUBA8;TUBAL3;TUBB;TUBB1;TUBB2A;TUBB2B;TUBB3;TUBB4A;TUBB4B;TUBB6;TUBG1;TUBG2;TUBGCP2;TUBGCP3;TUBGCP4;TUBGCP5;TUBGCP6;XPO1;YWHAE;YWHAG,CENPJ;CNTRL;NEK9;PCNT;PRKAR2B;TUBA3E;TUBB8,TUBA3D;YWHAQ
MITOTIC_PROPHASE,M27660,46,50,46,0,4,0.92,AAAS;BANF1;H2AC18;H2AC20;H2BC21;H3-3A;LMNA;LMNB1;LPIN2;MAPK1;MAPK3;MCPH1;NDC1;NEK9;NUP107;NUP133;NUP153;NUP155;NUP160;NUP188;NUP205;NUP210;NUP214;NUP35;NUP37;NUP42;NUP43;NUP50;NUP54;NUP58;NUP62;NUP85;NUP88;NUP93;NUP98;PLK1;POM121;POM121C;PRKCA;PRKCB;RAE1;RANBP2;SEC13;SEH1L;TMPO;TPR,,H2AX;H3-3B;H3C2;H4C6
MITOTIC_PROPHASE,MM15361,46,46,43,3,3,0.8775510204081632,AAAS;BANF1;H2AC18;H2AC20;H3-3A;LMNA;LMNB1;LPIN2;MAPK1;MAPK3;MCPH1;NDC1;NEK9;NUP107;NUP133;NUP153;NUP155;NUP160;NUP188;NUP205;NUP210;NUP214;NUP35;NUP37;NUP42;NUP43;NUP50;NUP54;NUP58;NUP62;NUP85;NUP88;NUP93;NUP98;PLK1;POM121;POM121C;PRKCB;RAE1;RANBP2;SEC13;SEH1L;TPR,H2BC21;PRKCA;TMPO,H2AX;H3-3B;RBM39
MITOTIC_SPINDLE_CHECKPOINT,M27673,53,53,53,0,0,1.0,ANAPC1;ANAPC10;ANAPC11;ANAPC15;ANAPC16;ANAPC2;ANAPC4;ANAPC5;ANAPC7;B9D2;BUB1B;CDC16;CDC20;CDC23;CDC26;CDC27;CENPA;CENPE;CENPF;CENPT;CKAP5;DYNC1H1;DYNC1I1;DYNC1I2;DYNC1LI1;DYNC1LI2;DYNLL1;DYNLL2;KIF18A;KIF2A;MAD2L1;MAPRE1;NDE1;NDEL1;NUP107;NUP133;NUP160;NUP37;NUP43;NUP85;NUP98;PAFAH1B1;PLK1;PPP1CC;RANBP2;RANGAP1;SEC13;SEH1L;UBE2C;UBE2D1;UBE2E1;UBE2S;XPO1,,
MITOTIC_SPINDLE_CHECKPOINT,MM15387,53,53,53,0,0,1.0,ANAPC1;ANAPC10;ANAPC11;ANAPC15;ANAPC16;ANAPC2;ANAPC4;ANAPC5;ANAPC7;B9D2;BUB1B;CDC16;CDC20;CDC23;CDC26;CDC27;CENPA;CENPE;CENPF;CENPT;CKAP5;DYNC1H1;DYNC1I1;DYNC1I2;DYNC1LI1;DYNC1LI2;DYNLL1;DYNLL2;KIF18A;KIF2A;MAD2L1;MAPRE1;NDE1;NDEL1;NUP107;NUP133;NUP160;NUP37;NUP43;NUP85;NUP98;PAFAH1B1;PLK1;PPP1CC;RANBP2;RANGAP1;SEC13;SEH1L;UBE2C;UBE2D1;UBE2E1;UBE2S;XPO1,,
MODULATION_BY_MTB_OF_HOST_IMMUNE_SYSTEM,M29822,6,6,6,0,0,1.0,MRC1;RPS27A;TLR2;UBA52;UBB;UBC,,
MRNA_DECAY_BY_5_TO_3_EXORIBONUCLEASE,M11063,9,9,9,0,0,1.0,EDC4;LSM1;LSM2;LSM3;LSM4;LSM5;LSM6;LSM7;PATL1,,
MRNA_DECAY_BY_5_TO_3_EXORIBONUCLEASE,MM15092,9,9,9,0,0,1.0,EDC4;LSM1;LSM2;LSM3;LSM4;LSM5;LSM6;LSM7;PATL1,,
MRNA_SPLICING,M14033,191,192,189,2,3,0.9742268041237113,ACIN1;ALYREF;AQR;BCAS2;BUD13;BUD31;CACTIN;CASC3;CCAR1;CCDC12;CDC40;CDC5L;CHERP;CRNKL1;CTNNBL1;CWC15;CWC22;CWC25;CWC27;CWF19L2;DDX23;DDX39B;DDX41;DDX42;DDX46;DDX5;DHX15;DHX16;DHX35;DHX38;DHX8;DHX9;DNAJC8;EFTUD2;EIF4A3;FAM32A;FAM50A;FUS;GCFC2;GPKOW;HNRNPA1;HNRNPA2B1;HNRNPA3;HNRNPC;HNRNPD;HNRNPF;HNRNPH1;HNRNPH2;HNRNPK;HNRNPL;HNRNPM;HNRNPR;HNRNPU;HSPA8;HTATSF1;IK;ISY1;LENG1;LSM2;LSM3;LSM4;LSM5;LSM6;LSM7;LSM8;LUC7L3;MAGOH;MAGOHB;MFAP1;NCBP1;NCBP2;NKAP;PCBP1;PCBP2;PHF5A;PLRG1;PNN;POLR2A;POLR2B;POLR2C;PPIE;PPIG;PPIH;PPIL1;PPIL2;PPIL3;PPIL4;PPP1R8;PPWD1;PQBP1;PRCC;PRKRIP1;PRPF18;PRPF19;PRPF3;PRPF31;PRPF38A;PRPF4;PRPF40A;PRPF6;PRPF8;PTBP1;PUF60;RBM10;RBM17;RBM22;RBM25;RBM39;RBM42;RBM5;RBM7;RBM8A;RBMX;RBMX2;RNF113A;RNPC3;RNPS1;SAP18;SART1;SDE2;SF1;SF3A1;SF3A2;SF3A3;SF3B1;SF3B2;SF3B3;SF3B4;SF3B5;SF3B6;SLU7;SMNDC1;SMU1;SNIP1;SNRNP200;SNRNP27;SNRNP35;SNRNP40;SNRNP48;SNRNP70;SNRPA;SNRPA1;SNRPB;SNRPB2;SNRPC;SNRPD1;SNRPD2;SNRPD3;SNRPE;SNRPF;SNRPG;SNRPN;SNU13;SNW1;SRRM1;SRRM2;SRRT;SRSF1;SRSF10;SRSF11;SRSF2;SRSF3;SRSF4;SRSF5;SRSF6;SRSF7;SRSF9;SUGP1;SYF2;TCERG1;TFIP11;TRA2B;TXNL4A;U2AF1;U2AF1L4;U2AF2;U2SURP;UBL5;UPF3B;USP39;WBP11;WBP4;WDR70;XAB2;YBX1;YJU2;ZMAT2;ZNF830;ZRSR2,C9ORF78;PRPF4B,C9orf78;MTREX;PRP4K
MRNA_SPLICING,MM15411,191,179,174,17,5,0.8877551020408163,ACIN1;ALYREF;AQR;BCAS2;BUD13;BUD31;CACTIN;CASC3;CCDC12;CDC40;CDC5L;CHERP;CRNKL1;CTNNBL1;CWC15;CWC22;CWC25;CWC27;DDX23;DDX39B;DDX41;DDX42;DDX46;DDX5;DHX15;DHX16;DHX35;DHX38;DHX8;DHX9;EFTUD2;EIF4A3;FAM32A;FAM50A;FUS;GPKOW;HNRNPA1;HNRNPA2B1;HNRNPA3;HNRNPC;HNRNPD;HNRNPF;HNRNPH1;HNRNPH2;HNRNPK;HNRNPL;HNRNPR;HNRNPU;HSPA8;HTATSF1;IK;ISY1;LENG1;LSM2;LSM3;LSM4;LSM5;LSM6;LSM7;LSM8;LUC7L3;MAGOH;MFAP1;NCBP1;NCBP2;NKAP;PCBP1;PCBP2;PHF5A;PLRG1;PNN;POLR2A;POLR2B;POLR2C;PPIH;PPIL1;PPIL2;PPIL3;PPIL4;PPWD1;PQBP1;PRCC;PRKRIP1;PRPF18;PRPF19;PRPF3;PRPF31;PRPF38A;PRPF4;PRPF40A;PRPF6;PRPF8;PTBP1;PUF60;RBM10;RBM17;RBM22;RBM25;RBM39;RBM42;RBM5;RBM7;RBM8A;RBMX;RBMX2;RNF113A;RNPC3;RNPS1;SART1;SDE2;SF1;SF3A1;SF3A2;SF3A3;SF3B1;SF3B2;SF3B3;SF3B4;SF3B5;SLU7;SMNDC1;SMU1;SNIP1;SNRNP200;SNRNP27;SNRNP35;SNRNP40;SNRNP48;SNRNP70;SNRPA;SNRPA1;SNRPB;SNRPB2;SNRPC;SNRPD1;SNRPD2;SNRPD3;SNRPE;SNRPF;SNRPG;SNRPN;SNU13;SRRM1;SRRM2;SRRT;SRSF1;SRSF10;SRSF11;SRSF2;SRSF3;SRSF5;SRSF7;SRSF9;SUGP1;SYF2;TCERG1;TRA2B;TXNL4A;U2AF1;U2AF1L4;U2AF2;U2SURP;UBL5;UPF3B;USP39;WBP11;WBP4;WDR70;XAB2;YBX1;YJU2;ZMAT2;ZNF830;ZRSR2,C9ORF78;CCAR1;CWF19L2;DNAJC8;GCFC2;HNRNPM;MAGOHB;PPIE;PPIG;PPP1R8;PRPF4B;SAP18;SF3B6;SNW1;SRSF4;SRSF6;TFIP11,C9orf78;HNRNPCL1;ISY1-RAB43;MTREX;PRP4K
MRNA_SPLICING_MINOR_PATHWAY,M5583,35,35,35,0,0,1.0,DDX23;DDX42;EFTUD2;NCBP1;NCBP2;POLR2A;POLR2B;POLR2C;PRPF6;PRPF8;RNPC3;SF3B1;SF3B2;SF3B3;SF3B4;SF3B5;SF3B6;SNRNP200;SNRNP35;SNRNP40;SNRNP48;SNRPB;SNRPD1;SNRPD2;SNRPD3;SNRPE;SNRPF;SNRPG;SRSF1;SRSF2;SRSF6;SRSF7;TXNL4A;YBX1;ZRSR2,,
MRNA_SPLICING_MINOR_PATHWAY,MM15410,35,33,33,2,0,0.9428571428571428,DDX23;DDX42;EFTUD2;NCBP1;NCBP2;POLR2A;POLR2B;POLR2C;PRPF6;PRPF8;RNPC3;SF3B1;SF3B2;SF3B3;SF3B4;SF3B5;SNRNP200;SNRNP35;SNRNP40;SNRNP48;SNRPB;SNRPD1;SNRPD2;SNRPD3;SNRPE;SNRPF;SNRPG;SRSF1;SRSF2;SRSF7;TXNL4A;YBX1;ZRSR2,SF3B6;SRSF6,
MUCOPOLYSACCHARIDOSES,M27160,11,11,11,0,0,1.0,ARSB;GALNS;GLB1;GNS;GUSB;HGSNAT;HYAL1;IDS;IDUA;NAGLU;SGSH,,
MULTIFUNCTIONAL_ANION_EXCHANGERS,M27344,6,6,6,0,0,1.0,SLC26A1;SLC26A2;SLC26A3;SLC26A4;SLC26A6;SLC26A9,,
MULTIFUNCTIONAL_ANION_EXCHANGERS,MM15084,6,6,6,0,0,1.0,SLC26A1;SLC26A2;SLC26A3;SLC26A4;SLC26A6;SLC26A9,,
M_PHASE,M27662,191,195,190,1,5,0.9693877551020408,AAAS;ADRM1;AKAP9;ALMS1;ANAPC1;ANAPC10;ANAPC11;ANAPC15;ANAPC16;ANAPC2;ANAPC4;ANAPC5;ANAPC7;B9D2;BANF1;BUB1B;CCP110;CDC16;CDC20;CDC23;CDC26;CDC27;CDK5RAP2;CENPA;CENPE;CENPF;CENPT;CEP131;CEP135;CEP152;CEP164;CEP192;CEP250;CEP290;CEP41;CEP63;CEP70;CEP72;CEP76;CEP78;CETN2;CHMP2A;CHMP2B;CHMP3;CHMP4A;CHMP4B;CHMP4C;CHMP6;CHMP7;CKAP5;CNTRL;DCTN1;DCTN2;DYNC1H1;DYNC1I1;DYNC1I2;DYNC1LI1;DYNC1LI2;DYNLL1;DYNLL2;EML4;H2AC18;H2AC20;H2BC21;H3-3A;HAUS1;HAUS2;HAUS3;HAUS4;HAUS5;HAUS6;HAUS7;HAUS8;HDAC8;HSP90AA1;KIF18A;KIF2A;LBR;LMNA;LMNB1;LPIN2;MAD2L1;MAPK1;MAPK3;MAPRE1;MCPH1;MZT1;MZT2A;MZT2B;NDC1;NDE1;NDEL1;NEDD1;NEK2;NEK9;NINL;NME7;NUP107;NUP133;NUP153;NUP155;NUP160;NUP188;NUP205;NUP210;NUP214;NUP35;NUP37;NUP42;NUP43;NUP50;NUP54;NUP58;NUP62;NUP85;NUP88;NUP93;NUP98;ODF2;OFD1;PAFAH1B1;PCM1;PCNT;PDS5A;PDS5B;PLK1;PLK4;POM121;POM121C;PPP1CC;PRKACA;PRKAR2B;PRKCA;PRKCB;PSMC1;PSMC5;PSMD13;PSMD14;PSMD2;PSMD3;RAE1;RAN;RANBP2;RANGAP1;RCC1;RPS27A;SDCCAG8;SEC13;SEH1L;SMC1A;SMC3;STAG2;SUMO1;TMPO;TNPO1;TPR;TUBA1A;TUBA1B;TUBA1C;TUBA3E;TUBA4A;TUBA8;TUBAL3;TUBB;TUBB1;TUBB2A;TUBB2B;TUBB3;TUBB4A;TUBB4B;TUBB6;TUBB8;TUBG1;TUBG2;TUBGCP2;TUBGCP3;TUBGCP4;TUBGCP5;TUBGCP6;UBA52;UBB;UBC;UBE2C;UBE2D1;UBE2E1;UBE2I;UBE2S;XPO1;YWHAE;YWHAG,CENPJ,H2AX;H3-3B;H3C2;H4C6;TUBA3D
M_PHASE,MM15364,191,186,180,11,6,0.9137055837563451,AAAS;ADRM1;AKAP9;ALMS1;ANAPC1;ANAPC10;ANAPC11;ANAPC15;ANAPC16;ANAPC2;ANAPC4;ANAPC5;ANAPC7;B9D2;BANF1;BUB1B;CCP110;CDC16;CDC20;CDC23;CDC26;CDC27;CDK5RAP2;CENPA;CENPE;CENPF;CENPT;CEP131;CEP135;CEP152;CEP164;CEP192;CEP250;CEP290;CEP41;CEP63;CEP70;CEP72;CEP76;CEP78;CETN2;CHMP2A;CHMP2B;CHMP3;CHMP4B;CHMP4C;CHMP6;CHMP7;CKAP5;DCTN1;DCTN2;DYNC1H1;DYNC1I1;DYNC1I2;DYNC1LI1;DYNC1LI2;DYNLL1;DYNLL2;EML4;H2AC18;H2AC20;H3-3A;HAUS1;HAUS2;HAUS3;HAUS4;HAUS5;HAUS6;HAUS7;HAUS8;HDAC8;HSP90AA1;KIF18A;KIF2A;LBR;LMNA;LMNB1;LPIN2;MAD2L1;MAPK1;MAPK3;MAPRE1;MCPH1;MZT1;MZT2A;MZT2B;NDC1;NDE1;NDEL1;NEDD1;NEK2;NEK9;NINL;NME7;NUP107;NUP133;NUP153;NUP155;NUP160;NUP188;NUP205;NUP210;NUP214;NUP35;NUP37;NUP42;NUP43;NUP50;NUP54;NUP58;NUP62;NUP85;NUP88;NUP93;NUP98;ODF2;OFD1;PAFAH1B1;PCM1;PDS5A;PDS5B;PLK1;PLK4;POM121;POM121C;PPP1CC;PRKACA;PRKCB;PSMC1;PSMC5;PSMD13;PSMD14;PSMD2;PSMD3;RAE1;RAN;RANBP2;RANGAP1;RCC1;RPS27A;SDCCAG8;SEC13;SEH1L;SMC1A;SMC3;STAG2;SUMO1;TPR;TUBA1A;TUBA1B;TUBA1C;TUBA4A;TUBA8;TUBAL3;TUBB;TUBB1;TUBB2A;TUBB2B;TUBB3;TUBB4A;TUBB4B;TUBB6;TUBG1;TUBG2;TUBGCP2;TUBGCP3;TUBGCP4;TUBGCP5;TUBGCP6;UBA52;UBB;UBC;UBE2C;UBE2D1;UBE2E1;UBE2I;UBE2S;XPO1;YWHAE;YWHAG,CENPJ;CHMP4A;CNTRL;H2BC21;PCNT;PRKAR2B;PRKCA;TMPO;TNPO1;TUBA3E;TUBB8,H2AX;H3-3B;RBM39;RNF103-CHMP3;TUBA3D;YWHAQ
NEGATIVE_FEEDBACK_REGULATION_OF_MAPK_PATHWAY,M27559,6,6,6,0,0,1.0,BRAF;MAP2K1;MAP2K2;MAPK1;MAPK3;RAF1,,
NEGATIVE_FEEDBACK_REGULATION_OF_MAPK_PATHWAY,MM15273,6,6,6,0,0,1.0,BRAF;MAP2K1;MAP2K2;MAPK1;MAPK3;RAF1,,
NEGATIVE_REGULATION_OF_MAPK_PATHWAY,M27560,19,19,19,0,0,1.0,ARAF;BRAF;DUSP6;HRAS;KRAS;KSR1;MAP2K1;MAP2K2;MAPK1;MAPK3;NRAS;PEBP1;PTPN3;RAF1;RPS27A;UBA52;UBB;UBC;YWHAB,,
NEGATIVE_REGULATION_OF_MAPK_PATHWAY,MM15274,19,18,18,1,0,0.9473684210526315,ARAF;BRAF;DUSP6;HRAS;KRAS;KSR1;MAP2K1;MAP2K2;MAPK1;MAPK3;PEBP1;PTPN3;RAF1;RPS27A;UBA52;UBB;UBC;YWHAB,NRAS,
NEPHRIN_FAMILY_INTERACTIONS,M913,15,15,15,0,0,1.0,ACTN1;ACTN2;ACTN4;CASK;CD2AP;FYN;IQGAP1;NPHS1;NPHS2;PIK3CA;PIK3CB;PIK3R1;PIK3R2;SPTAN1;WASL,,
NERVOUS_SYSTEM_DEVELOPMENT,M29853,180,182,180,0,2,0.989010989010989,ABL1;ABL2;ACTB;ADGRV1;ADRM1;AGRN;ANK3;AP2A1;AP2A2;AP2B1;ARHGAP39;ARHGEF7;CASC3;CDC42;CDK5;CLTC;CLTCL1;COL9A2;CREB1;CXCR4;CYP51A1;DAG1;DLG4;DNM1;DNM2;DOCK1;DPYSL3;DSCAM;EGFR;EIF4A3;ENAH;ERBB2;FGFR1;FYN;GAB1;GIT1;GRB2;GSK3B;HDAC2;HMGCR;HRAS;HSP90AA1;HSP90AB1;HSPA8;ISL1;ITGB1;ITSN1;KRAS;LAMA2;LAMC1;LHX2;LHX3;LHX4;MAGOH;MAGOHB;MAP2K1;MAP2K2;MAPK1;MAPK3;MSN;MYH9;MYL12B;MYL9;NCAN;NCBP1;NCBP2;NFASC;NRAS;PABPC1;PAK1;PAK2;PAK3;PAK4;PAK5;PAK6;PFN1;PFN2;PIK3CA;PIK3CB;PIK3CD;PIK3R1;PIK3R2;PIK3R3;PIP5K1C;PITPNA;PLCG1;PLXNA1;PLXNB1;PPP3CB;PRKACA;PRKACB;PRKACG;PRKAR2A;PRKCA;PSMC1;PSMC5;PSMD13;PSMD14;PSMD2;PSMD3;PTPRC;RAC1;RASA1;RBM8A;RBX1;RHOA;RHOB;RHOC;RND1;RNPS1;ROCK1;ROCK2;RPL11;RPL19;RPL22L1;RPL23;RPL27;RPL36AL;RPL5;RPL6;RPL7;RPL7A;RPLP1;RPS10;RPS11;RPS12;RPS13;RPS14;RPS18;RPS2;RPS20;RPS21;RPS23;RPS25;RPS27A;RPS27L;RPS3;RPS6KA4;RPS6KA5;RPS9;SCN10A;SCN3B;SCN5A;SEMA3A;SEMA4A;SOS1;SOS2;SPTA1;SPTAN1;SPTB;SRC;SREBF2;SRGAP2;SRGAP3;TREM2;TRPC6;TUBA1A;TUBA1B;TUBA1C;TUBA3E;TUBA4A;TUBA8;TUBAL3;TUBB1;TUBB2A;TUBB2B;TUBB3;TUBB4A;TUBB4B;TUBB6;TUBB8;UBA52;UBB;UBC;UNC5D;UPF3B;UTRN;VASP;WASL;ZSWIM8,,HJV;TUBA3D
NERVOUS_SYSTEM_DEVELOPMENT,MM15676,180,93,92,88,1,0.5082872928176796,ABL1;ABL2;ACTB;AP2A1;AP2A2;AP2B1;ARHGEF7;CDC42;CDK5;CLTC;COL9A2;CREB1;CXCR4;DAG1;DNM1;DNM2;DOCK1;DPYSL3;DSCAM;EGFR;ENAH;ERBB2;FGFR1;FYN;GAB1;GIT1;GRB2;GSK3B;HRAS;HSP90AA1;HSP90AB1;ITGB1;ITSN1;KRAS;MAP2K1;MAP2K2;MAPK1;MAPK3;MSN;NFASC;PAK1;PAK2;PAK3;PFN1;PFN2;PIK3CA;PIK3CB;PIK3CD;PIK3R1;PIK3R2;PIK3R3;PIP5K1C;PLCG1;PLXNA1;PLXNB1;PRKACA;PRKACB;PTPRC;RAC1;RASA1;RHOA;RHOB;RHOC;RND1;ROCK1;ROCK2;RPS27A;RPS6KA5;SEMA4A;SOS1;SPTA1;SPTAN1;SPTB;SRC;TREM2;TUBA1A;TUBA1B;TUBA1C;TUBA4A;TUBA8;TUBAL3;TUBB1;TUBB2A;TUBB2B;TUBB3;TUBB4A;TUBB4B;TUBB6;UBA52;UBB;UBC;VASP,ADGRV1;ADRM1;AGRN;ANK3;ARHGAP39;CASC3;CLTCL1;CYP51A1;DLG4;EIF4A3;HDAC2;HMGCR;HSPA8;ISL1;LAMA2;LAMC1;LHX2;LHX3;LHX4;MAGOH;MAGOHB;MYH9;MYL12B;MYL9;NCAN;NCBP1;NCBP2;NRAS;PABPC1;PAK4;PAK5;PAK6;PITPNA;PPP3CB;PRKACG;PRKAR2A;PRKCA;PSMC1;PSMC5;PSMD13;PSMD14;PSMD2;PSMD3;RBM8A;RBX1;RNPS1;RPL11;RPL19;RPL22L1;RPL23;RPL27;RPL36AL;RPL5;RPL6;RPL7;RPL7A;RPLP1;RPS10;RPS11;RPS12;RPS13;RPS14;RPS18;RPS2;RPS20;RPS21;RPS23;RPS25;RPS27L;RPS3;RPS6KA4;RPS9;SCN10A;SCN3B;SCN5A;SEMA3A;SOS2;SREBF2;SRGAP2;SRGAP3;TRPC6;TUBA3E;TUBB8;UNC5D;UPF3B;UTRN;WASL;ZSWIM8,TUBA3D
NEURONAL_SYSTEM,M735,134,135,134,0,1,0.9925925925925926,ACTN2;ADCY1;ADCY2;ADCY3;ADCY4;ADCY5;ADCY6;ADCY7;ADCY8;ADCY9;ALDH5A1;AP2A1;AP2A2;AP2B1;ARHGEF7;ARL6IP5;CACNG2;CALM1;CAMK1;CAMK2A;CAMK2B;CAMK2D;CAMK2G;CAMK4;CASK;CREB1;DLG4;DNAJC5;EPB41;EPB41L5;FLOT1;GABBR1;GABRA1;GABRA5;GABRB1;GABRG2;GABRR1;GABRR2;GAD2;GIT1;GLUL;GNAI1;GNAI2;GNAI3;GNAL;GNAT3;GNB1;GNB2;GNB3;GNB4;GNB5;GNG10;GNG11;GNG12;GNG13;GNG2;GNG3;GNG4;GNG5;GNG7;GNG8;GNGT1;GNGT2;GRIA1;GRIP1;GRM1;GRM5;HRAS;HSPA8;KCNG3;KCNG4;KCNH8;KCNJ10;KCNJ3;KCNJ5;KCNK17;KCNK2;KCNMA1;KCNQ4;KCNV2;KIF17;KPNA2;KRAS;LRFN4;MAPK1;MAPK3;MDM2;MYO6;NCALD;NEFL;NRAS;NRXN1;NRXN2;PLCB1;PLCB2;PLCB3;PRKACA;PRKACB;PRKACG;PRKAR1A;PRKAR1B;PRKAR2A;PRKAR2B;PRKCA;PRKCB;PRKCG;RAC1;RIMS1;RTN3;SLC1A1;SLC1A2;SLC1A3;SLC5A7;SLC6A1;SLC6A11;SLC6A13;SNAP25;SRC;STX1A;TUBA1A;TUBA1B;TUBA1C;TUBA3E;TUBA4A;TUBA8;TUBAL3;TUBB1;TUBB2A;TUBB2B;TUBB3;TUBB4A;TUBB4B;TUBB6;TUBB8,,TUBA3D
NEURONAL_SYSTEM,MM14503,134,103,101,33,2,0.7426470588235294,ACTN2;ADCY1;ADCY2;ADCY3;ADCY4;ADCY5;ADCY6;ADCY7;ADCY8;ADCY9;ALDH5A1;AP2A1;AP2A2;AP2B1;ARL6IP5;CACNG2;CALM1;CAMK1;CAMK2A;CAMK2B;CAMK2D;CAMK2G;CASK;CREB1;DLG4;DNAJC5;EPB41;EPB41L5;FLOT1;GABBR1;GABRA1;GABRA5;GABRB1;GABRG2;GABRR1;GABRR2;GAD2;GLUL;GNAI1;GNAI2;GNAI3;GNAL;GNAT3;GNB1;GNB2;GNB3;GNB4;GNB5;GNG10;GNG11;GNG12;GNG13;GNG2;GNG3;GNG4;GNG5;GNG7;GNG8;GNGT1;GNGT2;GRIA1;GRIP1;GRM1;GRM5;HSPA8;KCNG3;KCNG4;KCNH8;KCNJ10;KCNJ3;KCNJ5;KCNK2;KCNQ4;KCNV2;LRFN4;MDM2;MYO6;NCALD;NEFL;NRXN1;NRXN2;PLCB1;PLCB2;PLCB3;PRKACA;PRKACB;PRKAR1A;PRKAR1B;PRKCB;PRKCG;RIMS1;RTN3;SLC1A1;SLC1A2;SLC1A3;SLC5A7;SLC6A1;SLC6A11;SLC6A13;SNAP25;STX1A,ARHGEF7;CAMK4;GIT1;HRAS;KCNK17;KCNMA1;KIF17;KPNA2;KRAS;MAPK1;MAPK3;NRAS;PRKACG;PRKAR2A;PRKAR2B;PRKCA;RAC1;SRC;TUBA1A;TUBA1B;TUBA1C;TUBA3E;TUBA4A;TUBA8;TUBAL3;TUBB1;TUBB2A;TUBB2B;TUBB3;TUBB4A;TUBB4B;TUBB6;TUBB8,CALM2;CALM3
NEUROTRANSMITTER_RECEPTORS_AND_POSTSYNAPTIC_SIGNAL_TRANSMISSION,M752,101,102,101,0,1,0.9901960784313726,ACTN2;ADCY1;ADCY2;ADCY3;ADCY4;ADCY5;ADCY6;ADCY7;ADCY8;ADCY9;AP2A1;AP2A2;AP2B1;ARHGEF7;CACNG2;CALM1;CAMK1;CAMK2A;CAMK2B;CAMK2D;CAMK2G;CAMK4;CASK;CREB1;DLG4;GABBR1;GABRA1;GABRA5;GABRB1;GABRG2;GABRR1;GABRR2;GIT1;GNAI1;GNAI2;GNAI3;GNAL;GNAT3;GNB1;GNB2;GNB3;GNB4;GNB5;GNG10;GNG11;GNG12;GNG13;GNG2;GNG3;GNG4;GNG5;GNG7;GNG8;GNGT1;GNGT2;GRIA1;GRIP1;HRAS;KCNJ10;KCNJ3;KCNJ5;KIF17;KPNA2;KRAS;MAPK1;MAPK3;MDM2;MYO6;NCALD;NEFL;NRAS;PLCB1;PLCB2;PLCB3;PRKACA;PRKACB;PRKACG;PRKAR1A;PRKAR1B;PRKAR2A;PRKAR2B;PRKCA;PRKCB;PRKCG;RAC1;SRC;TUBA1A;TUBA1B;TUBA1C;TUBA3E;TUBA4A;TUBA8;TUBAL3;TUBB1;TUBB2A;TUBB2B;TUBB3;TUBB4A;TUBB4B;TUBB6;TUBB8,,TUBA3D
NEUROTRANSMITTER_RECEPTORS_AND_POSTSYNAPTIC_SIGNAL_TRANSMISSION,MM14501,101,71,69,32,2,0.6699029126213593,ACTN2;ADCY1;ADCY2;ADCY3;ADCY4;ADCY5;ADCY6;ADCY7;ADCY8;ADCY9;AP2A1;AP2A2;AP2B1;CACNG2;CALM1;CAMK1;CAMK2A;CAMK2B;CAMK2D;CAMK2G;CREB1;DLG4;GABBR1;GABRA1;GABRA5;GABRB1;GABRG2;GABRR1;GABRR2;GNAI1;GNAI2;GNAI3;GNAL;GNAT3;GNB1;GNB2;GNB3;GNB4;GNB5;GNG10;GNG11;GNG12;GNG13;GNG2;GNG3;GNG4;GNG5;GNG7;GNG8;GNGT1;GNGT2;GRIA1;GRIP1;KCNJ10;KCNJ3;KCNJ5;MDM2;MYO6;NCALD;NEFL;PLCB1;PLCB2;PLCB3;PRKACA;PRKACB;PRKAR1A;PRKAR1B;PRKCB;PRKCG,ARHGEF7;CAMK4;CASK;GIT1;HRAS;KIF17;KPNA2;KRAS;MAPK1;MAPK3;NRAS;PRKACG;PRKAR2A;PRKAR2B;PRKCA;RAC1;SRC;TUBA1A;TUBA1B;TUBA1C;TUBA3E;TUBA4A;TUBA8;TUBAL3;TUBB1;TUBB2A;TUBB2B;TUBB3;TUBB4A;TUBB4B;TUBB6;TUBB8,CALM2;CALM3
NFE2L2_REGULATES_PENTOSE_PHOSPHATE_PATHWAY_GENES,M46443,8,8,8,0,0,1.0,CREBBP;EP300;G6PD;MAFG;NFE2L2;PGD;TALDO1;TKT,,
NFE2L2_REGULATING_ER_STRESS_ASSOCIATED_GENES,M48023,4,4,4,0,0,1.0,ATF4;CREBBP;EP300;NFE2L2,,
NFE2L2_REGULATING_INFLAMMATION_ASSOCIATED_GENES,M48020,4,4,4,0,0,1.0,CCL2;CREBBP;EP300;NFE2L2,,
NITRIC_OXIDE_STIMULATES_GUANYLATE_CYCLASE,M915,11,13,11,0,2,0.8461538461538461,GUCY1A2;KCNMA1;PDE10A;PDE11A;PDE1A;PDE1B;PDE2A;PDE5A;PDE9A;PRKG1;PRKG2,,GUCY1A1;GUCY1B1
NITRIC_OXIDE_STIMULATES_GUANYLATE_CYCLASE,MM15015,11,8,8,3,0,0.7272727272727273,PDE10A;PDE11A;PDE1A;PDE1B;PDE2A;PDE5A;PDE9A;PRKG1,GUCY1A2;KCNMA1;PRKG2,
NONSENSE_MEDIATED_DECAY_NMD,M27921,39,39,39,0,0,1.0,CASC3;EIF4A3;MAGOH;MAGOHB;NCBP1;NCBP2;PABPC1;RBM8A;RNPS1;RPL11;RPL19;RPL22L1;RPL23;RPL27;RPL36AL;RPL5;RPL6;RPL7;RPL7A;RPLP1;RPS10;RPS11;RPS12;RPS13;RPS14;RPS18;RPS2;RPS20;RPS21;RPS23;RPS25;RPS27A;RPS27L;RPS3;RPS9;SMG6;UBA52;UPF1;UPF3B,,
NONSENSE_MEDIATED_DECAY_NMD,MM15640,39,39,38,1,1,0.95,CASC3;EIF4A3;MAGOH;NCBP1;NCBP2;PABPC1;RBM8A;RNPS1;RPL11;RPL19;RPL22L1;RPL23;RPL27;RPL36AL;RPL5;RPL6;RPL7;RPL7A;RPLP1;RPS10;RPS11;RPS12;RPS13;RPS14;RPS18;RPS2;RPS20;RPS21;RPS23;RPS25;RPS27A;RPS27L;RPS3;RPS9;SMG6;UBA52;UPF1;UPF3B,MAGOHB,PABPC3
NON_INTEGRIN_MEMBRANE_ECM_INTERACTIONS,M27218,22,29,22,0,7,0.7586206896551724,ACTN1;AGRN;CASK;DAG1;DMD;FN1;HSPG2;ITGB1;ITGB5;LAMA2;LAMB2;LAMB3;LAMC1;LAMC2;LAMC3;NRXN1;PRKCA;SDC1;TGFB1;THBS1;TTR;VTN,,ACTB;SGCA;SGCB;SGCD;SGCG;SNTG2;UTRN
NOTCH1_INTRACELLULAR_DOMAIN_REGULATES_TRANSCRIPTION,M611,23,23,23,0,0,1.0,CREBBP;EP300;HDAC1;HDAC2;HDAC3;HDAC4;HDAC6;HDAC8;HIF1A;KAT2A;KAT2B;MYC;NCOR1;NCOR2;RBX1;RPS27A;SKP1;SNW1;TBL1X;TBL1XR1;UBA52;UBB;UBC,,
NOTCH_HLH_TRANSCRIPTION_PATHWAY,M6177,14,14,14,0,0,1.0,CREBBP;HDAC1;HDAC2;HDAC3;HDAC4;HDAC6;HDAC8;KAT2A;KAT2B;NCOR1;NCOR2;SNW1;TBL1X;TBL1XR1,,
NOTCH_HLH_TRANSCRIPTION_PATHWAY,MM14954,14,11,10,4,1,0.6666666666666666,HDAC1;HDAC3;HDAC4;HDAC6;HDAC8;KAT2A;KAT2B;NCOR2;TBL1X;TBL1XR1,CREBBP;HDAC2;NCOR1;SNW1,TBL1Y
NS1_MEDIATED_EFFECTS_ON_HOST_PATHWAYS,M29574,37,37,37,0,0,1.0,AAAS;KPNA1;KPNA2;KPNA3;KPNA4;KPNA5;KPNA7;NDC1;NUP107;NUP133;NUP153;NUP155;NUP160;NUP188;NUP205;NUP210;NUP214;NUP35;NUP37;NUP42;NUP43;NUP50;NUP54;NUP58;NUP62;NUP85;NUP88;NUP93;NUP98;PABPN1;POM121;POM121C;RAE1;RANBP2;SEC13;SEH1L;TPR,,
NUCLEAR_ENVELOPE_BREAKDOWN,M27212,39,39,39,0,0,1.0,AAAS;BANF1;LMNA;LMNB1;LPIN2;NDC1;NEK9;NUP107;NUP133;NUP153;NUP155;NUP160;NUP188;NUP205;NUP210;NUP214;NUP35;NUP37;NUP42;NUP43;NUP50;NUP54;NUP58;NUP62;NUP85;NUP88;NUP93;NUP98;PLK1;POM121;POM121C;PRKCA;PRKCB;RAE1;RANBP2;SEC13;SEH1L;TMPO;TPR,,
NUCLEAR_ENVELOPE_BREAKDOWN,MM14917,39,38,37,2,1,0.925,AAAS;BANF1;LMNA;LMNB1;LPIN2;NDC1;NEK9;NUP107;NUP133;NUP153;NUP155;NUP160;NUP188;NUP205;NUP210;NUP214;NUP35;NUP37;NUP42;NUP43;NUP50;NUP54;NUP58;NUP62;NUP85;NUP88;NUP93;NUP98;PLK1;POM121;POM121C;PRKCB;RAE1;RANBP2;SEC13;SEH1L;TPR,PRKCA;TMPO,RBM39
NUCLEAR_ENVELOPE_NE_REASSEMBLY,M27215,53,54,53,0,1,0.9814814814814815,BANF1;CHMP2A;CHMP2B;CHMP3;CHMP4A;CHMP4B;CHMP4C;CHMP6;CHMP7;LBR;LMNA;LMNB1;NDC1;NUP107;NUP133;NUP155;NUP160;NUP188;NUP205;NUP35;NUP37;NUP43;NUP54;NUP58;NUP62;NUP85;NUP93;NUP98;POM121;RAN;RANGAP1;RCC1;SEC13;SEH1L;SUMO1;TMPO;TNPO1;TUBA1A;TUBA1B;TUBA1C;TUBA3E;TUBA4A;TUBA8;TUBAL3;TUBB1;TUBB2A;TUBB2B;TUBB3;TUBB4A;TUBB4B;TUBB6;TUBB8;UBE2I,,TUBA3D
NUCLEAR_ENVELOPE_NE_REASSEMBLY,MM14921,53,49,45,8,4,0.7894736842105263,BANF1;CHMP2A;CHMP2B;CHMP3;CHMP4B;CHMP4C;CHMP6;CHMP7;LBR;LMNA;LMNB1;NDC1;NUP107;NUP133;NUP155;NUP160;NUP188;NUP205;NUP35;NUP37;NUP43;NUP85;NUP93;NUP98;POM121;RAN;RANGAP1;RCC1;SEC13;SEH1L;SUMO1;TUBA1A;TUBA1B;TUBA1C;TUBA4A;TUBA8;TUBAL3;TUBB1;TUBB2A;TUBB2B;TUBB3;TUBB4A;TUBB4B;TUBB6;UBE2I,CHMP4A;NUP54;NUP58;NUP62;TMPO;TNPO1;TUBA3E;TUBB8,POM121C;RBM39;RNF103-CHMP3;TUBA3D
NUCLEAR_EVENTS_MEDIATED_BY_NFE2L2,M45026,36,36,36,0,0,1.0,ABCG2;ADRM1;ATF4;BCL2;CCL2;CDKN2A;CREBBP;EP300;G6PD;GSK3B;GSR;HMOX1;IDH1;KEAP1;MAFG;MYC;NFE2L2;PGD;PSMC1;PSMC5;PSMD13;PSMD14;PSMD2;PSMD3;RBX1;RELA;RPS27A;SKP1;SP1;TALDO1;TKT;TXN;TXNRD1;UBA52;UBB;UBC,,
NUCLEAR_IMPORT_OF_REV_PROTEIN,M27041,33,33,33,0,0,1.0,AAAS;NDC1;NPM1;NUP107;NUP133;NUP153;NUP155;NUP160;NUP188;NUP205;NUP210;NUP214;NUP35;NUP37;NUP42;NUP43;NUP50;NUP54;NUP58;NUP62;NUP85;NUP88;NUP93;NUP98;POM121;POM121C;RAE1;RAN;RANBP2;RCC1;SEC13;SEH1L;TPR,,
NUCLEAR_PORE_COMPLEX_NPC_DISASSEMBLY,M27245,31,31,31,0,0,1.0,AAAS;NDC1;NEK9;NUP107;NUP133;NUP153;NUP155;NUP160;NUP188;NUP205;NUP210;NUP214;NUP35;NUP37;NUP42;NUP43;NUP50;NUP54;NUP58;NUP62;NUP85;NUP88;NUP93;NUP98;POM121;POM121C;RAE1;RANBP2;SEC13;SEH1L;TPR,,
NUCLEAR_PORE_COMPLEX_NPC_DISASSEMBLY,MM14945,31,30,30,1,0,0.967741935483871,AAAS;NDC1;NUP107;NUP133;NUP153;NUP155;NUP160;NUP188;NUP205;NUP210;NUP214;NUP35;NUP37;NUP42;NUP43;NUP50;NUP54;NUP58;NUP62;NUP85;NUP88;NUP93;NUP98;POM121;POM121C;RAE1;RANBP2;SEC13;SEH1L;TPR,NEK9,
NUCLEAR_RECEPTOR_TRANSCRIPTION_PATHWAY,M8276,24,24,24,0,0,1.0,AR;ESRRA;ESRRB;ESRRG;HNF4A;MED1;NCOR1;NCOR2;NR0B2;NR1D1;NR2C1;NR2C2;NR2E1;NR2E3;NRBP1;PGR;PPARG;RARA;RARB;RARG;RORA;RORB;RXRG;THRB,,
NUCLEAR_RECEPTOR_TRANSCRIPTION_PATHWAY,MM14987,24,21,21,3,0,0.875,AR;ESRRA;ESRRB;ESRRG;HNF4A;MED1;NCOR2;NR0B2;NR1D1;NR2C1;NR2C2;NR2E1;NR2E3;PGR;RARA;RARB;RARG;RORA;RORB;RXRG;THRB,NCOR1;NRBP1;PPARG,
NUCLEOTIDE_BIOSYNTHESIS,M27830,11,13,11,0,2,0.8461538461538461,ADSL;ATIC;CAD;DHODH;GART;GMPS;IMPDH1;IMPDH2;PAICS;PPAT;UMPS,,ADSS1;ADSS2
NUCLEOTIDE_BIOSYNTHESIS,MM15551,11,13,11,0,2,0.8461538461538461,ADSL;ATIC;CAD;DHODH;GART;GMPS;IMPDH1;IMPDH2;PAICS;PPAT;UMPS,,ADSS1;ADSS2
NUCLEOTIDE_CATABOLISM,M27829,18,19,18,0,1,0.9473684210526315,DPYD;ENTPD1;ENTPD3;ENTPD4;ENTPD5;ENTPD6;ENTPD8;GDA;ITPA;NT5C;NT5C1A;NT5C1B;NT5C2;NT5E;NT5M;NUDT16;NUDT5;PNP,,NT5C3A
NUCLEOTIDE_CATABOLISM,MM15550,18,20,18,0,2,0.9,DPYD;ENTPD1;ENTPD3;ENTPD4;ENTPD5;ENTPD6;ENTPD8;GDA;ITPA;NT5C;NT5C1A;NT5C1B;NT5C2;NT5E;NT5M;NUDT16;NUDT5;PNP,,NT5C1B-RDH14;NT5C3A
NUCLEOTIDE_EXCISION_REPAIR,MM15304,36,37,35,1,2,0.9210526315789473,ACTB;ACTR8;AQR;CDK7;CETN2;COPS5;DDB1;ERCC6;INO80C;INO80D;ISY1;MCRS1;PIAS1;PIAS3;POLR2A;POLR2B;POLR2C;PRPF19;RAD23A;RAD23B;RBX1;RPS27A;RUVBL1;SUMO1;SUMO2;TCEA1;TFPT;UBA52;UBB;UBC;UBE2I;USP45;USP7;XAB2;ZNF830,PPIE,ISY1-RAB43;SUMO4
NUCLEOTIDE_SALVAGE,M27831,11,11,11,0,0,1.0,ADA;ADK;AMPD1;AMPD2;AMPD3;APRT;DCK;GMPR;HPRT1;PNP;TK1,,
NUCLEOTIDE_SALVAGE,MM15552,11,11,11,0,0,1.0,ADA;ADK;AMPD1;AMPD2;AMPD3;APRT;DCK;GMPR;HPRT1;PNP;TK1,,
N_GLYCAN_TRIMMING_IN_THE_ER_AND_CALNEXIN_CALRETICULIN_CYCLE,M918,16,16,16,0,0,1.0,CALR;CANX;DERL1;EDEM1;GANAB;MAN1B1;OS9;PSMC1;RAD23B;RNF139;RNF5;RPS27A;UBA52;UBB;UBC;VCP,,
N_GLYCAN_TRIMMING_IN_THE_ER_AND_CALNEXIN_CALRETICULIN_CYCLE,MM15175,16,10,10,6,0,0.625,CALR;CANX;DERL1;PSMC1;RAD23B;RPS27A;UBA52;UBB;UBC;VCP,EDEM1;GANAB;MAN1B1;OS9;RNF139;RNF5,
ONCOGENIC_MAPK_SIGNALING,M27626,55,54,54,1,0,0.9818181818181818,ACTB;AGGF1;AGK;AGTRAP;AKAP9;AP3B1;ARAF;ARRB1;ARRB2;ATG7;BCL2L11;BRAF;CALM1;CAMK2A;CAMK2B;CAMK2D;CAMK2G;CLCN6;CSK;DUSP6;ESRP1;FAM114A2;FAM131B;FN1;FXR1;HRAS;IQGAP1;JAK2;KDM7A;KIAA1549;KRAS;KSR1;LMNA;MAP2K1;MAP2K2;MAPK1;MAPK3;MPRIP;NF1;NRAS;PAPSS1;PEBP1;PPP1CB;PPP1CC;QKI;RAF1;SND1;SRC;TENT4A;TRAK1;TRIM24;VWF;YWHAB;ZC3HAV1,PHB,
OPIOID_SIGNALLING,M6467,70,70,70,0,0,1.0,ADCY1;ADCY2;ADCY3;ADCY4;ADCY5;ADCY6;ADCY7;ADCY8;ADCY9;AHCYL1;CALM1;CAMK2A;CAMK2B;CAMK2D;CAMK2G;CAMK4;CDK5;CREB1;GNA11;GNA14;GNA15;GNAI1;GNAI2;GNAI3;GNAL;GNAQ;GNAT3;GNB1;GNB2;GNB3;GNB4;GNB5;GNG10;GNG11;GNG12;GNG13;GNG2;GNG3;GNG4;GNG5;GNG7;GNG8;GNGT1;GNGT2;GRK2;KPNA2;MAPK1;OPRM1;PDE1A;PDE1B;PDE1C;PDE4A;PDE4B;PDYN;PLCB1;PLCB2;PLCB3;PLCB4;POMC;PPP1CA;PPP3CB;PRKACA;PRKACB;PRKACG;PRKAR1A;PRKAR1B;PRKAR2A;PRKAR2B;PRKCA;PRKCG,,
OPIOID_SIGNALLING,MM14491,70,59,57,13,2,0.7916666666666666,ADCY1;ADCY2;ADCY3;ADCY4;ADCY5;ADCY6;ADCY7;ADCY8;ADCY9;CALM1;CDK5;GNA11;GNA14;GNA15;GNAI1;GNAI2;GNAI3;GNAL;GNAQ;GNAT3;GNB1;GNB2;GNB3;GNB4;GNB5;GNG10;GNG11;GNG12;GNG13;GNG2;GNG3;GNG4;GNG5;GNG7;GNG8;GNGT1;GNGT2;GRK2;MAPK1;OPRM1;PDE1A;PDE1B;PDE1C;PDE4A;PDE4B;PDYN;PLCB1;PLCB2;PLCB3;PLCB4;POMC;PPP1CA;PRKACA;PRKACB;PRKAR1A;PRKAR1B;PRKCG,AHCYL1;CAMK2A;CAMK2B;CAMK2D;CAMK2G;CAMK4;CREB1;KPNA2;PPP3CB;PRKACG;PRKAR2A;PRKAR2B;PRKCA,CALM2;CALM3
OPSINS,M6285,9,9,9,0,0,1.0,OPN1LW;OPN1MW;OPN1SW;OPN3;OPN4;OPN5;RGR;RHO;RRH,,
OPSINS,MM15063,9,9,8,1,1,0.8,OPN1LW;OPN1SW;OPN3;OPN4;OPN5;RGR;RHO;RRH,OPN1MW,OPN1MW3
ORC1_REMOVAL_FROM_CHROMATIN,M4138,27,27,27,0,0,1.0,ADRM1;CDC6;CDT1;MCM2;MCM3;MCM4;MCM5;MCM6;MCM7;MCM8;ORC1;ORC2;ORC3;ORC4;ORC5;PSMC1;PSMC5;PSMD13;PSMD14;PSMD2;PSMD3;RBX1;RPS27A;SKP1;UBA52;UBB;UBC,,
ORC1_REMOVAL_FROM_CHROMATIN,MM15366,27,27,27,0,0,1.0,ADRM1;CDC6;CDT1;MCM2;MCM3;MCM4;MCM5;MCM6;MCM7;MCM8;ORC1;ORC2;ORC3;ORC4;ORC5;PSMC1;PSMC5;PSMD13;PSMD14;PSMD2;PSMD3;RBX1;RPS27A;SKP1;UBA52;UBB;UBC,,
ORGANELLE_BIOGENESIS_AND_MAINTENANCE,M27050,216,214,213,3,1,0.9815668202764977,ACSS2;AHI1;AKAP9;ALAS1;ALMS1;ARF4;ARL13B;ARL3;ARL6;ASAP1;ATF2;ATP5F1A;ATP5F1B;ATP5F1C;ATP5F1D;ATP5MC1;ATP5MG;ATP5PB;ATP5PD;ATP5PF;ATP5PO;B9D1;B9D2;BBIP1;BBS1;BBS10;BBS12;BBS2;BBS4;BBS5;BBS7;BBS9;C2CD3;CALM1;CAMK4;CC2D2A;CCP110;CCT2;CCT3;CCT4;CCT5;CCT8;CDK5RAP2;CEP131;CEP135;CEP152;CEP162;CEP164;CEP192;CEP250;CEP290;CEP41;CEP63;CEP70;CEP72;CEP76;CEP78;CEP83;CEP89;CEP97;CETN2;CHCHD3;CKAP5;CLUAP1;CNGA2;CNGA4;CNGB1;CNTRL;CREB1;CREBBP;CRTC2;CYCS;CYS1;DCTN1;DCTN2;DYNC1H1;DYNC1I2;DYNC2H1;DYNC2LI1;DYNLL1;DYNLL2;DYNLRB1;DYNLRB2;ESRRA;EXOC1;EXOC2;EXOC3;EXOC4;EXOC5;EXOC6;EXOC7;EXOC8;FBF1;GBF1;GLUD1;GLUD2;HAUS1;HAUS2;HAUS3;HAUS4;HAUS5;HAUS6;HAUS7;HAUS8;HCFC1;HDAC3;HDAC6;HSP90AA1;HSPA9;IDH2;IFT122;IFT140;IFT172;IFT20;IFT22;IFT27;IFT43;IFT46;IFT52;IFT57;IFT74;IFT80;IFT81;IFT88;IMMT;INPP5E;IQCB1;KIF17;KIF24;KIF3A;KIF3B;KIFAP3;LZTFL1;MAPRE1;MARK4;MCHR1;MED1;MEF2D;MKKS;MKS1;NCOR1;NDE1;NEDD1;NEK2;NINL;NPHP1;NPHP3;NPHP4;NR1D1;ODF2;OFD1;PAFAH1B1;PCM1;PCNT;PDE6D;PKD1;PKD2;PLK1;PLK4;POLRMT;PPARGC1A;PPRC1;PRKACA;PRKAR2B;RAB11A;RAB11FIP3;RAB3IP;RAB8A;RHO;RP2;RPGRIP1L;SAMM50;SCLT1;SDCCAG8;SEPTIN2;SMO;SOD2;SSTR3;TBL1X;TBL1XR1;TCP1;TCTN1;TCTN2;TCTN3;TMEM216;TMEM67;TNPO1;TRAF3IP1;TTBK2;TTC21B;TTC8;TUBA1A;TUBA1B;TUBA1C;TUBA3E;TUBA4A;TUBA8;TUBAL3;TUBB;TUBB1;TUBB2A;TUBB2B;TUBB3;TUBB4A;TUBB4B;TUBB6;TUBB8;TUBG1;UNC119B;WDR19;WDR35;YWHAE;YWHAG,CENPJ;HSPB11;TTC26,TUBA3D
ORGANELLE_BIOGENESIS_AND_MAINTENANCE,MM14708,216,174,172,44,2,0.7889908256880734,ACSS2;AHI1;AKAP9;ALMS1;ARF4;ARL13B;ARL3;ARL6;ASAP1;ATP5F1A;ATP5F1B;ATP5F1C;ATP5F1D;ATP5MC1;ATP5MG;ATP5PB;ATP5PD;ATP5PF;ATP5PO;B9D1;B9D2;BBS1;BBS2;BBS4;BBS5;BBS7;BBS9;C2CD3;CC2D2A;CCP110;CDK5RAP2;CEP131;CEP135;CEP152;CEP162;CEP164;CEP192;CEP250;CEP290;CEP41;CEP63;CEP70;CEP72;CEP76;CEP78;CEP83;CEP89;CEP97;CETN2;CKAP5;CLUAP1;CNGA2;CNGA4;CNGB1;CYCS;DCTN1;DCTN2;DYNC1H1;DYNC1I2;DYNC2H1;DYNC2LI1;DYNLL1;DYNLL2;DYNLRB1;DYNLRB2;EXOC1;EXOC2;EXOC3;EXOC4;EXOC5;EXOC7;EXOC8;FBF1;GBF1;GLUD1;GLUD2;HAUS1;HAUS2;HAUS3;HAUS4;HAUS5;HAUS6;HAUS7;HAUS8;HDAC6;HSP90AA1;IDH2;IFT122;IFT140;IFT172;IFT20;IFT22;IFT27;IFT43;IFT46;IFT52;IFT57;IFT74;IFT80;IFT81;INPP5E;IQCB1;KIF17;KIF24;KIF3A;KIF3B;KIFAP3;LZTFL1;MAPRE1;MARK4;MCHR1;MKS1;NDE1;NEDD1;NEK2;NINL;NPHP1;NPHP3;NPHP4;ODF2;OFD1;PAFAH1B1;PCM1;PDE6D;PKD1;PKD2;PLK1;PLK4;PRKACA;RAB11A;RAB11FIP3;RAB3IP;RAB8A;RHO;RP2;RPGRIP1L;SCLT1;SDCCAG8;SEPTIN2;SMO;SOD2;SSTR3;TCTN1;TCTN2;TCTN3;TMEM216;TMEM67;TNPO1;TRAF3IP1;TTBK2;TTC21B;TTC8;TUBA1A;TUBA1B;TUBA1C;TUBA4A;TUBA8;TUBAL3;TUBB;TUBB1;TUBB2A;TUBB2B;TUBB3;TUBB4A;TUBB4B;TUBB6;TUBG1;UNC119B;WDR19;WDR35;YWHAE;YWHAG,ALAS1;ATF2;BBIP1;BBS10;BBS12;CALM1;CAMK4;CCT2;CCT3;CCT4;CCT5;CCT8;CENPJ;CHCHD3;CNTRL;CREB1;CREBBP;CRTC2;CYS1;ESRRA;EXOC6;HCFC1;HDAC3;HSPA9;HSPB11;IFT88;IMMT;MED1;MEF2D;MKKS;NCOR1;NR1D1;PCNT;POLRMT;PPARGC1A;PPRC1;PRKAR2B;SAMM50;TBL1X;TBL1XR1;TCP1;TTC26;TUBA3E;TUBB8,TUBA3D;YWHAQ
OXIDATIVE_STRESS_INDUCED_SENESCENCE,MM14899,31,16,16,15,0,0.5161290322580645,EZH2;FOS;JUN;KDM6B;MAP3K5;MAPK1;MAPK3;MAPK8;MAPK9;MDM2;RPS27A;TP53;TXN;UBA52;UBB;UBC,BMI1;CBX2;CBX4;CBX8;CDKN2A;H2AC18;H2AC20;H2BC21;H3-3A;PHC1;PHC2;PHC3;RING1;RNF2;SCMH1,
P75_NTR_RECEPTOR_MEDIATED_SIGNALLING,MM14746,33,30,29,4,1,0.8529411764705882,ABR;ADAM17;AKAP13;ARHGDIA;ARHGEF1;ARHGEF18;ARHGEF33;ARHGEF7;BCL2L11;CASP3;ECT2;GNA13;IRAK1;ITSN1;MAPK8;MCF2;MYD88;NFKBIA;RAC1;RELA;RHOA;RPS27A;RTN4;SOS1;SOS2;UBA52;UBB;UBC;YWHAE,ARHGEF40;HDAC1;HDAC2;HDAC3,ARHGEF25
PCP_CE_PATHWAY,M27322,37,37,37,0,0,1.0,ADRM1;AP2A1;AP2A2;AP2B1;ARRB2;CLTC;DVL1;DVL2;FZD2;FZD3;FZD4;FZD5;FZD6;PARD6A;PFN1;PRKCA;PRKCB;PRKCG;PSMC1;PSMC5;PSMD13;PSMD14;PSMD2;PSMD3;RAC1;RAC2;RHOA;RPS27A;SCRIB;SMURF1;UBA52;UBB;UBC;VANGL2;WNT11;WNT5A;WNT5B,,
PCP_CE_PATHWAY,MM15041,37,34,34,3,0,0.918918918918919,ADRM1;AP2A1;AP2A2;AP2B1;ARRB2;CLTC;DVL1;DVL2;FZD2;FZD3;FZD4;FZD5;FZD6;PARD6A;PFN1;PRKCB;PRKCG;PSMC1;PSMC5;PSMD13;PSMD14;PSMD2;PSMD3;RAC1;RAC2;RHOA;RPS27A;SMURF1;UBA52;UBB;UBC;WNT11;WNT5A;WNT5B,PRKCA;SCRIB;VANGL2,
PDH_COMPLEX_SYNTHESIZES_ACETYL_COA_FROM_PYR,M48273,6,6,6,0,0,1.0,DLAT;DLD;PDHA1;PDHA2;PDHB;PDHX,,
PDH_COMPLEX_SYNTHESIZES_ACETYL_COA_FROM_PYR,MM17245,6,6,6,0,0,1.0,DLAT;DLD;PDHA1;PDHA2;PDHB;PDHX,,
PENTOSE_PHOSPHATE_PATHWAY,M27682,10,10,10,0,0,1.0,DERA;G6PD;PGD;PGM2;PRPS1;PRPS1L1;PRPS2;RPIA;TALDO1;TKT,,
PENTOSE_PHOSPHATE_PATHWAY,MM15404,10,10,10,0,0,1.0,DERA;G6PD;PGD;PGM2;PRPS1;PRPS1L1;PRPS2;RPIA;TALDO1;TKT,,
PEPTIDE_HORMONE_METABOLISM,M27211,33,33,33,0,0,1.0,ACE;AGT;ATP6AP2;CES1;CPE;CTNNB1;CTSD;EXOC1;EXOC2;EXOC3;EXOC4;EXOC5;EXOC6;EXOC7;EXOC8;GH1;GHRL;GNAT3;GNB1;GNB3;GNG13;GPR119;INS;ISL1;KIF5A;KIF5B;LEP;MYO5A;PAX6;PCSK2;POMC;SLC30A5;STX1A,,
PEPTIDE_HORMONE_METABOLISM,MM14916,33,27,23,10,4,0.6216216216216216,ACE;AGT;ATP6AP2;CES1;CTSD;EXOC1;EXOC2;EXOC3;EXOC4;EXOC5;EXOC7;EXOC8;GH1;GHRL;GNAT3;GNB1;GNB3;GNG13;GPR119;INS;LEP;POMC;SLC30A5,CPE;CTNNB1;EXOC6;ISL1;KIF5A;KIF5B;MYO5A;PAX6;PCSK2;STX1A,CSH1;CSH2;CSHL1;GH2
PERK_REGULATES_GENE_EXPRESSION,M792,17,17,17,0,0,1.0,ATF3;ATF4;ATF6;CCL2;CEBPB;CEBPG;DDIT3;EIF2AK3;EIF2S1;EIF2S3;EXOSC2;EXOSC9;HSPA5;KHSRP;NFYA;NFYB;NFYC,,
PHASE_I_FUNCTIONALIZATION_OF_COMPOUNDS,M738,40,40,40,0,0,1.0,ACSS1;ACSS2;ADH1A;ADH1B;ADH1C;ADH4;ADH5;ADH6;ADH7;AHR;AIP;ALDH1A1;AOC1;AOC2;AOC3;ARNT;CES1;CYB5B;CYP11A1;CYP1A1;CYP1A2;CYP1B1;CYP26A1;CYP26B1;CYP26C1;CYP2F1;CYP2S1;CYP2U1;CYP2W1;CYP3A4;CYP4V2;CYP51A1;FDX1;FDX2;FDXR;HSP90AB1;MAOB;POMC;POR;PTGES3,,
PHASE_I_FUNCTIONALIZATION_OF_COMPOUNDS,MM14842,40,38,38,2,0,0.95,ACSS1;ACSS2;ADH1A;ADH1B;ADH1C;ADH4;ADH5;ADH7;AHR;AIP;ALDH1A1;AOC1;AOC2;AOC3;ARNT;CES1;CYB5B;CYP11A1;CYP1A1;CYP1A2;CYP1B1;CYP26A1;CYP26B1;CYP26C1;CYP2F1;CYP2S1;CYP2U1;CYP2W1;CYP3A4;CYP4V2;CYP51A1;FDX1;FDX2;FDXR;HSP90AB1;MAOB;POMC;PTGES3,ADH6;POR,
PHOSPHATE_BOND_HYDROLYSIS_BY_NTPDASE_PROTEINS,M27737,6,6,6,0,0,1.0,ENTPD1;ENTPD3;ENTPD4;ENTPD5;ENTPD6;ENTPD8,,
PHOSPHATE_BOND_HYDROLYSIS_BY_NTPDASE_PROTEINS,MM15486,6,6,6,0,0,1.0,ENTPD1;ENTPD3;ENTPD4;ENTPD5;ENTPD6;ENTPD8,,
PHOSPHORYLATION_OF_THE_APC_C,M1050,18,18,18,0,0,1.0,ANAPC1;ANAPC10;ANAPC11;ANAPC15;ANAPC16;ANAPC2;ANAPC4;ANAPC5;ANAPC7;CDC16;CDC23;CDC26;CDC27;PLK1;UBE2C;UBE2D1;UBE2E1;UBE2S,,
PHOSPHORYLATION_OF_THE_APC_C,MM14690,18,18,18,0,0,1.0,ANAPC1;ANAPC10;ANAPC11;ANAPC15;ANAPC16;ANAPC2;ANAPC4;ANAPC5;ANAPC7;CDC16;CDC23;CDC26;CDC27;PLK1;UBE2C;UBE2D1;UBE2E1;UBE2S,,
PHYSIOLOGICAL_FACTORS,M27459,8,8,8,0,0,1.0,CES1;HIPK2;KAT2B;NKX2-5;NPPA;NPPC;NPR1;NPR2,,
PHYSIOLOGICAL_FACTORS,MM15201,8,5,5,3,0,0.625,CES1;NPPA;NPPC;NPR1;NPR2,HIPK2;KAT2B;NKX2-5,
PINK1_PRKN_MEDIATED_MITOPHAGY,M27419,20,21,20,0,1,0.9523809523809523,MAP1LC3A;MAP1LC3B;OPTN;RPS27A;TBK1;TOMM20;TOMM22;TOMM40;TOMM5;TOMM6;TOMM7;TOMM70;UBA52;UBB;UBC;UBE2D2;UBE2D3;VDAC1;VDAC2;VDAC3,,PRKN
PINK1_PRKN_MEDIATED_MITOPHAGY,MM15167,20,21,20,0,1,0.9523809523809523,MAP1LC3A;MAP1LC3B;OPTN;RPS27A;TBK1;TOMM20;TOMM22;TOMM40;TOMM5;TOMM6;TOMM7;TOMM70;UBA52;UBB;UBC;UBE2D2;UBE2D3;VDAC1;VDAC2;VDAC3,,PRKN
PI_METABOLISM,M676,35,36,35,0,1,0.9722222222222222,BMX;GDPD1;GDPD3;INPP4A;INPP4B;INPP5E;INPP5F;MTMR1;MTMR10;OCRL;PI4K2A;PI4K2B;PI4KA;PI4KB;PIK3C2A;PIK3C2B;PIK3C2G;PIK3CA;PIK3CB;PIK3CD;PIK3CG;PIK3R1;PIK3R2;PIK3R3;PIKFYVE;PIP4K2A;PIP4K2B;PIP4K2C;PIP5K1A;PIP5K1B;PIP5K1C;PTEN;RAB5A;SYNJ1;SYNJ2,,PIP4P1
PI_METABOLISM,MM14590,35,33,32,3,1,0.8888888888888888,BMX;INPP4A;INPP4B;INPP5E;INPP5F;MTMR1;OCRL;PI4K2A;PI4K2B;PI4KA;PI4KB;PIK3C2A;PIK3C2B;PIK3C2G;PIK3CA;PIK3CB;PIK3CD;PIK3CG;PIK3R1;PIK3R2;PIK3R3;PIKFYVE;PIP4K2A;PIP4K2B;PIP4K2C;PIP5K1A;PIP5K1B;PIP5K1C;PTEN;RAB5A;SYNJ1;SYNJ2,GDPD1;GDPD3;MTMR10,PIP4P1
PKA_ACTIVATION_IN_GLUCAGON_SIGNALLING,M26995,17,17,17,0,0,1.0,ADCY1;ADCY2;ADCY3;ADCY4;ADCY5;ADCY6;ADCY7;ADCY8;ADCY9;GNAS;PRKACA;PRKACB;PRKACG;PRKAR1A;PRKAR1B;PRKAR2A;PRKAR2B,,
PKA_MEDIATED_PHOSPHORYLATION_OF_CREB,M759,18,18,18,0,0,1.0,ADCY1;ADCY2;ADCY3;ADCY4;ADCY5;ADCY6;ADCY7;ADCY8;ADCY9;CALM1;CREB1;PRKACA;PRKACB;PRKACG;PRKAR1A;PRKAR1B;PRKAR2A;PRKAR2B,,
PKA_MEDIATED_PHOSPHORYLATION_OF_CREB,MM14492,18,16,14,4,2,0.7,ADCY1;ADCY2;ADCY3;ADCY4;ADCY5;ADCY6;ADCY7;ADCY8;ADCY9;CALM1;PRKACA;PRKACB;PRKAR1A;PRKAR1B,CREB1;PRKACG;PRKAR2A;PRKAR2B,CALM2;CALM3
PKA_MEDIATED_PHOSPHORYLATION_OF_KEY_METABOLIC_FACTORS,M26988,4,4,4,0,0,1.0,PFKFB1;PRKACA;PRKACB;PRKACG,,
PKR_MEDIATED_SIGNALING,M48037,34,34,33,1,1,0.9428571428571428,ARIH1;DHX9;EIF2S1;EIF2S3;FANCM;HSPA1A;HSPA1B;HSPA8;ILF2;ILF3;MAVS;NPM1;SNCA;STAT1;STAT3;SUMO1;TP53;TUBA1A;TUBA1B;TUBA1C;TUBA3E;TUBA4A;TUBA8;TUBAL3;TUBB1;TUBB2A;TUBB2B;TUBB3;TUBB4A;TUBB4B;TUBB6;TUBB8;UBE2I,TAT,TUBA3D
PKR_MEDIATED_SIGNALING,MM17074,34,27,26,8,1,0.7428571428571429,ARIH1;DHX9;FANCM;HSPA1A;HSPA1B;HSPA8;ILF2;ILF3;MAVS;NPM1;SNCA;STAT3;TP53;TUBA1A;TUBA1B;TUBA1C;TUBA4A;TUBA8;TUBAL3;TUBB1;TUBB2A;TUBB2B;TUBB3;TUBB4A;TUBB4B;TUBB6,EIF2S1;EIF2S3;STAT1;SUMO1;TAT;TUBA3E;TUBB8;UBE2I,TUBA3D
PLATELET_ACTIVATION_SIGNALING_AND_AGGREGATION,M1077,92,92,92,0,0,1.0,AAMP;ABHD12;ACTN1;ACTN2;ACTN4;ADRA2A;ADRA2B;AKT1;ALB;ALDOA;ARRB1;ARRB2;CALM1;CD36;CDC42;CHID1;CLU;CSK;CYB5R1;FLNA;FN1;FYN;GAS6;GNA11;GNA12;GNA13;GNA14;GNA15;GNAI1;GNAI2;GNAI3;GNAQ;GNAT3;GNB1;GNB2;GNB3;GNB4;GNB5;GNG10;GNG11;GNG12;GNG13;GNG2;GNG3;GNG4;GNG5;GNG7;GNG8;GNGT1;GNGT2;GRB2;HABP4;HSPA5;LCK;MAPK1;MAPK3;P2RY12;PFN1;PHACTR2;PIK3CA;PIK3CB;PIK3CG;PIK3R1;PIK3R2;PIK3R3;PLCG2;PLEK;PPIA;PRKCA;PRKCB;PRKCG;PRKCZ;PROS1;RAC1;RAC2;RAF1;RAPGEF4;RHOA;RHOB;SERPINA3;SOD1;SOS1;SRC;TBXA2R;TGFB1;THBS1;TIMP3;TRPC6;TTN;TUBA4A;VWF;YWHAZ,,
PLATELET_ACTIVATION_SIGNALING_AND_AGGREGATION,MM15454,92,88,86,6,2,0.9148936170212766,AAMP;ABHD12;ACTN1;ACTN2;ACTN4;ADRA2A;ADRA2B;AKT1;ALB;ALDOA;ARRB1;ARRB2;CALM1;CD36;CDC42;CHID1;CLU;CSK;CYB5R1;FLNA;FN1;FYN;GAS6;GNA11;GNA12;GNA13;GNA14;GNA15;GNAI1;GNAI2;GNAI3;GNAQ;GNAT3;GNB1;GNB2;GNB3;GNB4;GNB5;GNG10;GNG11;GNG12;GNG13;GNG2;GNG3;GNG4;GNG5;GNG7;GNG8;GNGT1;GNGT2;GRB2;HABP4;LCK;MAPK1;MAPK3;P2RY12;PHACTR2;PIK3CA;PIK3CB;PIK3CG;PIK3R1;PIK3R2;PIK3R3;PLCG2;PLEK;PRKCB;PRKCG;PROS1;RAC1;RAC2;RAF1;RAPGEF4;RHOA;RHOB;SERPINA3;SOD1;SOS1;SRC;TBXA2R;TGFB1;THBS1;TIMP3;TRPC6;TUBA4A;VWF;YWHAZ,HSPA5;PFN1;PPIA;PRKCA;PRKCZ;TTN,CALM2;CALM3
PLATELET_HOMEOSTASIS,M916,34,36,34,0,2,0.9444444444444444,ATP2A1;CALM1;GNAS;GNB1;GNB2;GNB3;GNB4;GNB5;GNG10;GNG11;GNG12;GNG13;GNG2;GNG3;GNG4;GNG5;GNG7;GNG8;GNGT1;GNGT2;GUCY1A2;KCNMA1;P2RX4;PDE10A;PDE11A;PDE1A;PDE1B;PDE2A;PDE5A;PDE9A;PRKG1;PRKG2;SLC8A1;TRPC6,,GUCY1A1;GUCY1B1
PLATELET_HOMEOSTASIS,MM15051,34,33,31,3,2,0.8611111111111112,ATP2A1;CALM1;GNAS;GNB1;GNB2;GNB3;GNB4;GNB5;GNG10;GNG11;GNG12;GNG13;GNG2;GNG3;GNG4;GNG5;GNG7;GNG8;GNGT1;GNGT2;P2RX4;PDE10A;PDE11A;PDE1A;PDE1B;PDE2A;PDE5A;PDE9A;PRKG1;SLC8A1;TRPC6,GUCY1A2;KCNMA1;PRKG2,CALM2;CALM3
POSTMITOTIC_NUCLEAR_PORE_COMPLEX_NPC_REFORMATION,M29807,25,25,25,0,0,1.0,NDC1;NUP107;NUP133;NUP155;NUP160;NUP188;NUP205;NUP35;NUP37;NUP43;NUP54;NUP58;NUP62;NUP85;NUP93;NUP98;POM121;RAN;RANGAP1;RCC1;SEC13;SEH1L;SUMO1;TNPO1;UBE2I,,
POSTMITOTIC_NUCLEAR_PORE_COMPLEX_NPC_REFORMATION,MM15658,25,22,21,4,1,0.8076923076923077,NDC1;NUP107;NUP133;NUP155;NUP160;NUP188;NUP205;NUP35;NUP37;NUP43;NUP85;NUP93;NUP98;POM121;RAN;RANGAP1;RCC1;SEC13;SEH1L;SUMO1;UBE2I,NUP54;NUP58;NUP62;TNPO1,POM121C
POST_CHAPERONIN_TUBULIN_FOLDING_PATHWAY,M19135,17,18,17,0,1,0.9444444444444444,ARL2;TBCC;TBCD;TUBA1A;TUBA1B;TUBA1C;TUBA3E;TUBA4A;TUBA8;TUBAL3;TUBB1;TUBB2A;TUBB2B;TUBB3;TUBB4A;TUBB4B;TUBB6,,TUBA3D
POST_NMDA_RECEPTOR_ACTIVATION_EVENTS,MM15103,46,9,7,39,2,0.14583333333333334,CALM1;CAMK1;CREB1;PRKACA;PRKACB;PRKAR1A;PRKAR1B,ACTN2;ADCY1;ADCY8;ARHGEF7;CAMK2A;CAMK2B;CAMK2D;CAMK2G;CAMK4;DLG4;GIT1;GRIA1;HRAS;KPNA2;KRAS;MAPK1;MAPK3;NEFL;NRAS;PRKACG;PRKAR2A;PRKAR2B;RAC1;SRC;TUBA1A;TUBA1B;TUBA1C;TUBA3E;TUBA4A;TUBA8;TUBAL3;TUBB1;TUBB2A;TUBB2B;TUBB3;TUBB4A;TUBB4B;TUBB6;TUBB8,CALM2;CALM3
POST_TRANSLATIONAL_PROTEIN_MODIFICATION,M19806,433,439,432,1,7,0.9818181818181818,AAAS;ACTB;ACTR8;ADAMTS18;ADAMTS20;ADRB2;ADRM1;AGBL4;AGBL5;ALB;ALG1;ALG11;ALG12;ALG13;ALG14;ALG3;ALG5;ALG6;ALG8;AMELX;ANK3;ANKRD9;APOE;APOL1;AR;ARF4;ARRB1;ARRB2;ARSB;ARSG;ASB6;ASXL1;ATXN7;AURKA;B3GALNT2;B3GNT2;B4GALT1;B4GALT2;B4GALT3;B4GAT1;BAP1;BARD1;BIRC3;BMI1;BRCA1;BRCC3;CALM1;CALR;CANX;CAPZA1;CAPZB;CBX2;CBX4;CBX8;CCNF;CCP110;CDC20;CDKN2A;CETN2;CFTR;CHD3;CHM;CHST10;COPG1;COPS5;CREBBP;CSF1;CST3;CTBP1;CUL3;CUL7;DAG1;DAXX;DBT;DCAF10;DCAF7;DCTN1;DCTN2;DCTN4;DDB1;DDOST;DDX17;DDX5;DERL1;DHDDS;DLAT;DLST;DOLK;DOLPP1;DPAGT1;DPH2;DPH3;DPH5;DPM1;DPM2;DPM3;DYNC1H1;DYNC1I1;DYNC1I2;DYNC1LI1;DYNC1LI2;DYNLL1;DYNLL2;EDEM1;EEF1A1;EEF2;EP300;ETFB;EVA1A;F9;FBXL20;FBXL5;FBXO40;FBXO9;FCGR3B;FCSK;FDX1;FKBP8;FN1;FUCA1;GALNT12;GALNT13;GALNT2;GALNT3;GAN;GANAB;GAS6;GBF1;GCNT1;GFPT1;GFPT2;GGCX;GLB1;GMPPA;GMPPB;GNPNAT1;GRIA1;H2AC18;H2AC20;H2BC21;HCFC1;HDAC1;HDAC2;HDAC4;HGS;HIF1A;HIF3A;HIPK2;HK1;HLA-A;HNRNPC;HNRNPK;HSP90B1;HSPA8;ICMT;IKBKE;IL6;INO80C;INO80D;INS;KAT2A;KAT2B;KBTBD6;KBTBD7;KBTBD8;KCTD7;KEAP1;KIN;KLHL11;KLHL13;KLHL2;KLHL20;KLHL21;KLHL22;KLHL25;KLHL3;KLHL41;KLHL42;KLHL9;L3MBTL2;LAMB2;LAMC1;LARGE1;LARGE2;LEO1;MAN1B1;MAN2A1;MAN2A2;MAVS;MBTPS1;MCRS1;MDGA1;MDM2;MEN1;MFGE8;MGAT1;MGAT2;MGAT4A;MGAT4B;MGAT5;MITF;MPDU1;MPI;MUC13;MUC16;MUC17;MUC5B;MUC7;MVD;MXRA8;MYC;MYSM1;NAGK;NCOR2;NDC1;NDUFAB1;NEDD8;NFE2L2;NFKBIA;NLRP3;NOD2;NOP58;NPLOC4;NPM1;NR2C1;NUB1;NUP107;NUP133;NUP153;NUP155;NUP160;NUP188;NUP205;NUP210;NUP214;NUP35;NUP37;NUP42;NUP43;NUP50;NUP54;NUP58;NUP62;NUP85;NUP88;NUP93;NUP98;NUS1;OGFOD1;OGT;OS9;OTOA;PARK7;PCGF2;PGM3;PGR;PHC1;PHC2;PHC3;PIAS1;PIAS2;PIAS3;PIAS4;PML;PMM1;PMM2;POM121;POM121C;POMGNT1;POMGNT2;POMK;POMT1;POMT2;PPARG;PPARGC1A;PRKDC;PROS1;PSMC1;PSMC5;PSMD13;PSMD14;PSMD2;PSMD3;PSME3;PSMF1;PSMG1;PTEN;PUM2;RAB10;RAB11A;RAB13;RAB23;RAB24;RAB5A;RAB6A;RAB6B;RAB7A;RAB7B;RAB8A;RAB9A;RAD23A;RAD23B;RAE1;RANBP2;RANGAP1;RARA;RBBP5;RBX1;RCE1;RELA;RHOA;RING1;RNF139;RNF2;RNF5;RORA;RPN1;RPN2;RPS2;RPS23;RPS27A;RUVBL1;SAE1;SATB1;SCFD1;SCMH1;SEC13;SEC22C;SEC24C;SEH1L;SENP1;SIN3A;SKP1;SLC35C1;SMAD4;SMC1A;SMC3;SOCS3;SP100;SPACA4;SPSB2;SPTA1;SPTAN1;SPTB;SRD5A3;ST6GAL2;STAG2;STAM;STAM2;SUMF1;SUMO1;SUMO2;TDG;TECTB;TFAP2A;TFPT;TGFB1;TGFBR1;TGFBR2;THBS1;THRB;TMEM129;TNKS2;TOMM20;TOMM70;TOP1;TOPORS;TP53;TP53BP1;TPR;TRAF3;TRAPPC2;TRAPPC6B;TRIM27;TRIM28;TRRAP;TTL;TTLL1;TTLL10;TTLL11;TTLL4;TTLL5;TTLL6;TTLL7;TUBA1A;TUBA1B;TUBA1C;TUBA3E;TUBA4A;TUBA8;TUBAL3;TUBB1;TUBB2A;TUBB2B;TUBB3;TUBB4A;TUBB4B;TUBB6;TUBB8;TULP4;U2AF2;UBA1;UBA2;UBA52;UBA6;UBB;UBC;UBD;UBE2C;UBE2D1;UBE2D2;UBE2D3;UBE2E1;UBE2E3;UBE2I;UBE2S;USP10;USP14;USP16;USP4;USP49;USP5;USP7;USP9X;VCP;VDAC1;VDAC2;VDAC3;WDR20;WDR48;WDR5;WFS1,HLA-B,BABAM2;H4C6;PRKN;TUBA3D;UBXN7;UFD1;USP15
POST_TRANSLATIONAL_PROTEIN_MODIFICATION,MM15307,433,402,388,45,14,0.8680089485458613,AAAS;ACTB;ACTR8;ADAMTS18;ADAMTS20;ADRB2;ADRM1;ALB;ALG1;ALG12;ALG13;ALG14;ALG3;ALG5;ALG6;ALG8;AMELX;ANKRD9;APOE;APOL1;AR;ARF4;ARRB1;ARRB2;ARSB;ARSG;ASB6;ASXL1;ATXN7;B3GALNT2;B3GNT2;B4GALT1;B4GALT2;B4GALT3;B4GAT1;BAP1;BARD1;BIRC3;BMI1;BRCA1;BRCC3;CALM1;CALR;CANX;CAPZB;CBX2;CBX4;CBX8;CCNF;CCP110;CDC20;CETN2;CFTR;CHM;CHST10;COPG1;COPS5;CSF1;CST3;CTBP1;CUL3;DAG1;DAXX;DBT;DCAF10;DCAF7;DCTN1;DCTN2;DCTN4;DDB1;DDX17;DDX5;DERL1;DHDDS;DLAT;DLST;DOLK;DOLPP1;DPAGT1;DPH2;DPH3;DPH5;DPM1;DPM2;DPM3;DYNC1H1;DYNC1I1;DYNC1I2;DYNC1LI1;DYNC1LI2;DYNLL1;DYNLL2;EEF1A1;EEF2;EP300;ETFB;F9;FBXL20;FBXL5;FBXO40;FBXO9;FCGR3B;FCSK;FDX1;FKBP8;FN1;FUCA1;GALNT12;GALNT13;GALNT2;GALNT3;GAN;GAS6;GBF1;GCNT1;GFPT1;GFPT2;GGCX;GLB1;GMPPA;GMPPB;GNPNAT1;GRIA1;H2AC18;H2AC20;HCFC1;HDAC1;HDAC4;HGS;HIF1A;HIF3A;HIPK2;HK1;HNRNPC;HNRNPK;HSP90B1;HSPA8;ICMT;IKBKE;IL6;INO80C;INO80D;INS;KAT2A;KAT2B;KBTBD7;KBTBD8;KCTD7;KEAP1;KIN;KLHL11;KLHL13;KLHL2;KLHL20;KLHL21;KLHL22;KLHL25;KLHL3;KLHL41;KLHL42;KLHL9;L3MBTL2;LARGE1;LARGE2;LEO1;MAN2A1;MAN2A2;MBTPS1;MCRS1;MDGA1;MDM2;MEN1;MFGE8;MGAT1;MGAT2;MGAT4A;MGAT4B;MGAT5;MITF;MPDU1;MPI;MUC13;MUC16;MUC17;MUC5B;MVD;MXRA8;MYC;MYSM1;NAGK;NDC1;NDUFAB1;NEDD8;NFE2L2;NFKBIA;NLRP3;NOD2;NOP58;NPLOC4;NPM1;NUB1;NUP107;NUP133;NUP153;NUP155;NUP160;NUP188;NUP205;NUP210;NUP214;NUP35;NUP37;NUP42;NUP43;NUP50;NUP54;NUP58;NUP62;NUP85;NUP88;NUP93;NUP98;NUS1;OGFOD1;OGT;OTOA;PARK7;PCGF2;PGM3;PGR;PHC1;PHC2;PHC3;PIAS1;PIAS2;PIAS3;PIAS4;PML;PMM1;PMM2;POM121;POM121C;POMGNT1;POMGNT2;POMK;POMT1;POMT2;PRKDC;PROS1;PSMC1;PSMC5;PSMD13;PSMD14;PSMD2;PSMD3;PSME3;PSMG1;PTEN;RAB10;RAB11A;RAB13;RAB23;RAB24;RAB5A;RAB6A;RAB6B;RAB7A;RAB7B;RAB8A;RAB9A;RAD23A;RAD23B;RAE1;RANBP2;RANGAP1;RARA;RBBP5;RBX1;RCE1;RELA;RHOA;RING1;RNF2;RORA;RPS2;RPS23;RPS27A;RUVBL1;SAE1;SATB1;SCFD1;SCMH1;SEC13;SEC22C;SEC24C;SEH1L;SENP1;SIN3A;SKP1;SLC35C1;SMAD4;SMC1A;SMC3;SOCS3;SP100;SPACA4;SPSB2;SPTA1;SPTAN1;SPTB;SRD5A3;ST6GAL2;STAG2;STAM;STAM2;SUMF1;SUMO1;SUMO2;TDG;TECTB;TFPT;TGFBR1;THBS1;THRB;TNKS2;TOMM20;TOMM70;TOP1;TOPORS;TP53;TP53BP1;TPR;TRAF3;TRAPPC2;TRAPPC6B;TRIM27;TRRAP;TTLL10;TTLL11;TTLL4;TTLL5;TTLL6;TTLL7;TUBA1A;TUBA1B;TUBA1C;TUBA4A;TUBA8;TUBAL3;TUBB1;TUBB2A;TUBB2B;TUBB3;TUBB4A;TUBB4B;TUBB6;TULP4;U2AF2;UBA1;UBA2;UBA52;UBA6;UBB;UBC;UBD;UBE2C;UBE2D1;UBE2D2;UBE2D3;UBE2E1;UBE2E3;UBE2I;UBE2S;USP10;USP14;USP16;USP4;USP5;USP7;USP9X;VCP;VDAC1;VDAC2;VDAC3;WDR20;WDR48;WDR5;WFS1,AGBL4;AGBL5;ALG11;ANK3;AURKA;CAPZA1;CDKN2A;CHD3;CREBBP;CUL7;DDOST;EDEM1;EVA1A;GANAB;H2BC21;HDAC2;HLA-A;HLA-B;KBTBD6;LAMB2;LAMC1;MAN1B1;MAVS;MUC7;NCOR2;NR2C1;OS9;PPARG;PPARGC1A;PSMF1;PUM2;RNF139;RNF5;RPN1;RPN2;TFAP2A;TGFB1;TGFBR2;TMEM129;TRIM28;TTL;TTLL1;TUBA3E;TUBB8;USP49,ALPP;AMELY;BABAM2;CALM2;CALM3;FCGR3A;HNRNPCL1;PRKN;RAB40AL;SUMO4;TUBA3D;UBXN7;UFD1;USP15
PREGNENOLONE_BIOSYNTHESIS,M27082,7,7,7,0,0,1.0,AKR1B1;CYP11A1;FDX1;FDX2;FDXR;STARD3;STARD3NL,,
PREGNENOLONE_BIOSYNTHESIS,MM14758,7,7,7,0,0,1.0,AKR1B1;CYP11A1;FDX1;FDX2;FDXR;STARD3;STARD3NL,,
PRESYNAPTIC_FUNCTION_OF_KAINATE_RECEPTORS,M27409,20,20,20,0,0,1.0,GNB1;GNB2;GNB3;GNB4;GNB5;GNG10;GNG11;GNG12;GNG13;GNG2;GNG3;GNG4;GNG5;GNG7;GNG8;GNGT1;GNGT2;PLCB1;PLCB2;PLCB3,,
PRESYNAPTIC_FUNCTION_OF_KAINATE_RECEPTORS,MM15159,20,20,20,0,0,1.0,GNB1;GNB2;GNB3;GNB4;GNB5;GNG10;GNG11;GNG12;GNG13;GNG2;GNG3;GNG4;GNG5;GNG7;GNG8;GNGT1;GNGT2;PLCB1;PLCB2;PLCB3,,
PREVENTION_OF_PHAGOSOMAL_LYSOSOMAL_FUSION,M29819,8,8,8,0,0,1.0,CORO1A;HGS;RAB5A;RAB7A;RPS27A;UBA52;UBB;UBC,,
PROCESSING_AND_ACTIVATION_OF_SUMO,MM14937,6,7,6,0,1,0.8571428571428571,SAE1;SENP1;SUMO1;SUMO2;UBA2;UBE2I,,SUMO4
PROCESSING_OF_CAPPED_INTRONLESS_PRE_MRNA,M783,18,18,18,0,0,1.0,CLP1;CPSF1;CPSF6;CPSF7;CSTF2;LSM10;NCBP1;NCBP2;NUDT21;PABPN1;PAPOLA;PCF11;SNRPB;SNRPD3;SNRPE;SNRPF;SNRPG;WDR33,,
PROCESSING_OF_CAPPED_INTRONLESS_PRE_MRNA,MM15444,18,18,18,0,0,1.0,CLP1;CPSF1;CPSF6;CPSF7;CSTF2;LSM10;NCBP1;NCBP2;NUDT21;PABPN1;PAPOLA;PCF11;SNRPB;SNRPD3;SNRPE;SNRPF;SNRPG;WDR33,,
PROCESSING_OF_CAPPED_INTRON_CONTAINING_PRE_MRNA,M13087,235,236,233,2,3,0.9789915966386554,AAAS;ACIN1;ALYREF;AQR;BCAS2;BUD13;BUD31;CACTIN;CASC3;CCAR1;CCDC12;CDC40;CDC5L;CHERP;CLP1;CPSF1;CPSF6;CPSF7;CRNKL1;CSTF2;CTNNBL1;CWC15;CWC22;CWC25;CWC27;CWF19L2;DDX23;DDX39A;DDX39B;DDX41;DDX42;DDX46;DDX5;DHX15;DHX16;DHX35;DHX38;DHX8;DHX9;DNAJC8;EFTUD2;EIF4A3;FAM32A;FAM50A;FUS;GCFC2;GPKOW;HNRNPA1;HNRNPA2B1;HNRNPA3;HNRNPC;HNRNPD;HNRNPF;HNRNPH1;HNRNPH2;HNRNPK;HNRNPL;HNRNPM;HNRNPR;HNRNPU;HSPA8;HTATSF1;IK;ISY1;LENG1;LSM2;LSM3;LSM4;LSM5;LSM6;LSM7;LSM8;LUC7L3;MAGOH;MAGOHB;MFAP1;NCBP1;NCBP2;NDC1;NKAP;NUDT21;NUP107;NUP133;NUP153;NUP155;NUP160;NUP188;NUP205;NUP210;NUP214;NUP35;NUP37;NUP42;NUP43;NUP50;NUP54;NUP58;NUP62;NUP85;NUP88;NUP93;NUP98;PABPN1;PAPOLA;PCBP1;PCBP2;PCF11;PHF5A;PLRG1;PNN;POLDIP3;POLR2A;POLR2B;POLR2C;POM121;POM121C;PPIE;PPIG;PPIH;PPIL1;PPIL2;PPIL3;PPIL4;PPP1R8;PPWD1;PQBP1;PRCC;PRKRIP1;PRPF18;PRPF19;PRPF3;PRPF31;PRPF38A;PRPF4;PRPF40A;PRPF6;PRPF8;PTBP1;PUF60;RAE1;RANBP2;RBM10;RBM17;RBM22;RBM25;RBM39;RBM42;RBM5;RBM7;RBM8A;RBMX;RBMX2;RNF113A;RNPC3;RNPS1;SAP18;SART1;SDE2;SEC13;SEH1L;SF1;SF3A1;SF3A2;SF3A3;SF3B1;SF3B2;SF3B3;SF3B4;SF3B5;SF3B6;SLU7;SMNDC1;SMU1;SNIP1;SNRNP200;SNRNP27;SNRNP35;SNRNP40;SNRNP48;SNRNP70;SNRPA;SNRPA1;SNRPB;SNRPB2;SNRPC;SNRPD1;SNRPD2;SNRPD3;SNRPE;SNRPF;SNRPG;SNRPN;SNU13;SNW1;SRRM1;SRRM2;SRRT;SRSF1;SRSF10;SRSF11;SRSF2;SRSF3;SRSF4;SRSF5;SRSF6;SRSF7;SRSF9;SUGP1;SYF2;TCERG1;TFIP11;THOC1;THOC2;TPR;TRA2B;TXNL4A;U2AF1;U2AF1L4;U2AF2;U2SURP;UBL5;UPF3B;USP39;WBP11;WBP4;WDR33;WDR70;XAB2;YBX1;YJU2;ZMAT2;ZNF830;ZRSR2,C9ORF78;PRPF4B,C9orf78;MTREX;PRP4K
PROCESSING_OF_CAPPED_INTRON_CONTAINING_PRE_MRNA,MM15414,235,224,218,17,6,0.9045643153526971,AAAS;ACIN1;ALYREF;AQR;BCAS2;BUD13;BUD31;CACTIN;CASC3;CCDC12;CDC40;CDC5L;CHERP;CLP1;CPSF1;CPSF6;CPSF7;CRNKL1;CSTF2;CTNNBL1;CWC15;CWC22;CWC25;CWC27;DDX23;DDX39A;DDX39B;DDX41;DDX42;DDX46;DDX5;DHX15;DHX16;DHX35;DHX38;DHX8;DHX9;EFTUD2;EIF4A3;FAM32A;FAM50A;FUS;GPKOW;HNRNPA1;HNRNPA2B1;HNRNPA3;HNRNPC;HNRNPD;HNRNPF;HNRNPH1;HNRNPH2;HNRNPK;HNRNPL;HNRNPR;HNRNPU;HSPA8;HTATSF1;IK;ISY1;LENG1;LSM2;LSM3;LSM4;LSM5;LSM6;LSM7;LSM8;LUC7L3;MAGOH;MFAP1;NCBP1;NCBP2;NDC1;NKAP;NUDT21;NUP107;NUP133;NUP153;NUP155;NUP160;NUP188;NUP205;NUP210;NUP214;NUP35;NUP37;NUP42;NUP43;NUP50;NUP54;NUP58;NUP62;NUP85;NUP88;NUP93;NUP98;PABPN1;PAPOLA;PCBP1;PCBP2;PCF11;PHF5A;PLRG1;PNN;POLDIP3;POLR2A;POLR2B;POLR2C;POM121;POM121C;PPIH;PPIL1;PPIL2;PPIL3;PPIL4;PPWD1;PQBP1;PRCC;PRKRIP1;PRPF18;PRPF19;PRPF3;PRPF31;PRPF38A;PRPF4;PRPF40A;PRPF6;PRPF8;PTBP1;PUF60;RAE1;RANBP2;RBM10;RBM17;RBM22;RBM25;RBM39;RBM42;RBM5;RBM7;RBM8A;RBMX;RBMX2;RNF113A;RNPC3;RNPS1;SART1;SDE2;SEC13;SEH1L;SF1;SF3A1;SF3A2;SF3A3;SF3B1;SF3B2;SF3B3;SF3B4;SF3B5;SLU7;SMNDC1;SMU1;SNIP1;SNRNP200;SNRNP27;SNRNP35;SNRNP40;SNRNP48;SNRNP70;SNRPA;SNRPA1;SNRPB;SNRPB2;SNRPC;SNRPD1;SNRPD2;SNRPD3;SNRPE;SNRPF;SNRPG;SNRPN;SNU13;SRRM1;SRRM2;SRRT;SRSF1;SRSF10;SRSF11;SRSF2;SRSF3;SRSF5;SRSF7;SRSF9;SUGP1;SYF2;TCERG1;THOC1;THOC2;TPR;TRA2B;TXNL4A;U2AF1;U2AF1L4;U2AF2;U2SURP;UBL5;UPF3B;USP39;WBP11;WBP4;WDR33;WDR70;XAB2;YBX1;YJU2;ZMAT2;ZNF830;ZRSR2,C9ORF78;CCAR1;CWF19L2;DNAJC8;GCFC2;HNRNPM;MAGOHB;PPIE;PPIG;PPP1R8;PRPF4B;SAP18;SF3B6;SNW1;SRSF4;SRSF6;TFIP11,C9orf78;HNRNPCL1;ISY1-RAB43;MTREX;NXF5;PRP4K
PROCESSING_OF_INTRONLESS_PRE_MRNAS,M497,12,12,12,0,0,1.0,CLP1;CPSF1;CPSF6;CPSF7;CSTF2;NCBP1;NCBP2;NUDT21;PABPN1;PAPOLA;PCF11;WDR33,,
PROCESSING_OF_INTRONLESS_PRE_MRNAS,MM15469,12,12,12,0,0,1.0,CLP1;CPSF1;CPSF6;CPSF7;CSTF2;NCBP1;NCBP2;NUDT21;PABPN1;PAPOLA;PCF11;WDR33,,
PROGRAMMED_CELL_DEATH,M27436,69,70,69,0,1,0.9857142857142858,ACIN1;ADRM1;AKT1;AKT2;AKT3;APPL1;BAX;BCAP31;BCL2;BCL2L11;BIRC3;BMX;CASP3;CDKN2A;CHMP2A;CHMP2B;CHMP3;CHMP4A;CHMP4B;CHMP4C;CHMP6;CHMP7;CTNNB1;CYCS;DYNLL1;DYNLL2;FLOT1;FNTA;GSN;HSP90AA1;IL1B;KPNA1;LMNA;LMNB1;MAPK1;MAPK3;MAPK8;NMT1;OGT;PAK2;PKP1;PLEC;PSMC1;PSMC5;PSMD13;PSMD14;PSMD2;PSMD3;ROCK1;RPS27A;SATB1;SPTAN1;STAT3;STUB1;TJP1;TLR4;TNFRSF10A;TNFRSF10B;TP53;UACA;UBA52;UBB;UBC;YWHAB;YWHAE;YWHAG;YWHAH;YWHAQ;YWHAZ,,PRKN
PROGRAMMED_CELL_DEATH,MM15178,69,55,53,16,2,0.7464788732394366,ACIN1;APPL1;BAX;BCAP31;BCL2;BCL2L11;BIRC3;BMX;CASP3;CHMP2A;CHMP2B;CHMP3;CHMP4B;CHMP4C;CHMP6;CHMP7;CTNNB1;CYCS;DYNLL1;DYNLL2;FLOT1;FNTA;GSN;HSP90AA1;IL1B;KPNA1;LMNA;LMNB1;MAPK1;MAPK3;MAPK8;NMT1;OGT;PKP1;PLEC;ROCK1;RPS27A;SATB1;SPTAN1;STUB1;TJP1;TLR4;TNFRSF10A;TNFRSF10B;UBA52;UBB;UBC;YWHAB;YWHAE;YWHAG;YWHAH;YWHAQ;YWHAZ,ADRM1;AKT1;AKT2;AKT3;CDKN2A;CHMP4A;PAK2;PSMC1;PSMC5;PSMD13;PSMD14;PSMD2;PSMD3;STAT3;TP53;UACA,PRKN;RNF103-CHMP3
PROSTACYCLIN_SIGNALLING_THROUGH_PROSTACYCLIN_RECEPTOR,M926,18,18,18,0,0,1.0,GNAS;GNB1;GNB2;GNB3;GNB4;GNB5;GNG10;GNG11;GNG12;GNG13;GNG2;GNG3;GNG4;GNG5;GNG7;GNG8;GNGT1;GNGT2,,
PROSTACYCLIN_SIGNALLING_THROUGH_PROSTACYCLIN_RECEPTOR,MM15021,18,18,18,0,0,1.0,GNAS;GNB1;GNB2;GNB3;GNB4;GNB5;GNG10;GNG11;GNG12;GNG13;GNG2;GNG3;GNG4;GNG5;GNG7;GNG8;GNGT1;GNGT2,,
PROTEIN_FOLDING,M776,65,66,65,0,1,0.9848484848484849,ACTB;AP3M1;ARL2;CCT2;CCT3;CCT4;CCT5;CCT6A;CCT6B;CCT7;CCT8;DCAF7;FBXL5;GAPDHS;GNA11;GNA14;GNA15;GNAQ;GNB1;GNB2;GNB3;GNB4;GNB5;GNG10;GNG11;GNG12;GNG13;GNG2;GNG3;GNG4;GNG5;GNG7;GNG8;GNGT1;GNGT2;HDAC3;KIFC3;LONP2;NOP56;PFDN1;PFDN5;RGS11;RGS6;RGS7;RGS9;STAT3;TBCC;TBCD;TCP1;TP53;TUBA1A;TUBA1B;TUBA1C;TUBA3E;TUBA4A;TUBA8;TUBAL3;TUBB1;TUBB2A;TUBB2B;TUBB3;TUBB4A;TUBB4B;TUBB6;XRN2,,TUBA3D
PROTEIN_LOCALIZATION,M27932,89,89,88,1,1,0.9777777777777777,ACAA1;ACO2;ACOX3;AGPS;AGXT;ATP5F1A;ATP5F1B;ATP5MC1;BCS1L;CHCHD10;CHCHD2;CHCHD3;CHCHD5;CHCHD7;CMC2;CMC4;COA4;COA6;COQ2;COX17;COX19;CS;CYB5A;CYC1;DHRS4;DNAJC19;ECI2;EPHX2;FXN;GET4;GRPEL1;GRPEL2;HACL1;HAO1;HAO2;HMGCL;HMOX1;HSCB;HSPA9;HSPD1;IDH1;IDH3G;LONP2;NDUFB8;OTC;OTOF;PAM16;PEX19;PITRM1;PMPCA;PMPCB;RPS27A;SAMM50;SCP2;SEC61B;SLC25A12;SLC25A13;SLC25A4;SLC25A6;SLC27A2;STX1A;TIMM10;TIMM13;TIMM17A;TIMM17B;TIMM21;TIMM22;TIMM23;TIMM44;TIMM50;TIMM8A;TIMM8B;TIMM9;TOMM20;TOMM22;TOMM40;TOMM5;TOMM6;TOMM7;TOMM70;UBA52;UBB;UBC;UBE2D1;UBE2D2;UBE2D3;USP9X;VDAC1,DLD,LDHD
PROTEIN_LOCALIZATION,MM15653,89,36,35,54,1,0.3888888888888889,ACAA1;ACOX3;AGXT;ATP5F1B;COQ2;CYB5A;DHRS4;ECI2;EPHX2;FXN;HACL1;HAO1;HAO2;HMGCL;HMOX1;HSCB;HSPD1;IDH1;LONP2;NDUFB8;OTC;PEX19;PITRM1;RPS27A;SCP2;SEC61B;SLC27A2;STX1A;UBA52;UBB;UBC;UBE2D1;UBE2D2;UBE2D3;USP9X,ACO2;AGPS;ATP5F1A;ATP5MC1;BCS1L;CHCHD10;CHCHD2;CHCHD3;CHCHD5;CHCHD7;CMC2;CMC4;COA4;COA6;COX17;COX19;CS;CYC1;DLD;DNAJC19;GET4;GRPEL1;GRPEL2;HSPA9;IDH3G;OTOF;PAM16;PMPCA;PMPCB;SAMM50;SLC25A12;SLC25A13;SLC25A4;SLC25A6;TIMM10;TIMM13;TIMM17A;TIMM17B;TIMM21;TIMM22;TIMM23;TIMM44;TIMM50;TIMM8A;TIMM8B;TIMM9;TOMM20;TOMM22;TOMM40;TOMM5;TOMM6;TOMM7;TOMM70;VDAC1,LDHD
PTEN_REGULATION,M27646,50,50,50,0,0,1.0,ADRM1;AKT1;AKT2;AKT3;ATF2;BMI1;CBX2;CBX4;CBX8;CHD3;CHD4;EZH2;HDAC1;HDAC2;HDAC3;JUN;LAMTOR1;MAPK1;MAPK3;MKRN1;NEDD4;NR2E1;PHC1;PHC2;PHC3;PML;PPARG;PSMC1;PSMC5;PSMD13;PSMD14;PSMD2;PSMD3;PTEN;RCOR1;RHEB;RING1;RNF2;RPS27A;SCMH1;SLC38A9;STUB1;TNKS2;TP53;TRIM27;UBA52;UBB;UBC;USP7;WWP2,,
PTK6_REGULATES_RHO_GTPASES_RAS_GTPASE_AND_MAP_KINASES,M27734,9,9,9,0,0,1.0,DOCK1;ELMO1;ELMO2;HRAS;KRAS;NRAS;RAC1;RASA1;RHOA,,
PTK6_REGULATES_RHO_GTPASES_RAS_GTPASE_AND_MAP_KINASES,MM15484,9,8,8,1,0,0.8888888888888888,DOCK1;ELMO1;ELMO2;HRAS;KRAS;RAC1;RASA1;RHOA,NRAS,
PURINERGIC_SIGNALING_IN_LEISHMANIASIS_INFECTION,M29838,13,13,13,0,0,1.0,ENTPD1;ENTPD5;HMOX1;HSP90AB1;IL1B;MEFV;NLRP3;NT5E;P2RX4;PSTPIP1;RELA;TXN;TXNIP,,
PURINE_CATABOLISM,M842,10,10,10,0,0,1.0,GDA;ITPA;NT5C;NT5C1A;NT5C1B;NT5C2;NT5E;NUDT16;NUDT5;PNP,,
PURINE_CATABOLISM,MM15439,10,11,10,0,1,0.9090909090909091,GDA;ITPA;NT5C;NT5C1A;NT5C1B;NT5C2;NT5E;NUDT16;NUDT5;PNP,,NT5C1B-RDH14
PURINE_RIBONUCLEOSIDE_MONOPHOSPHATE_BIOSYNTHESIS,M2071,8,10,8,0,2,0.8,ADSL;ATIC;GART;GMPS;IMPDH1;IMPDH2;PAICS;PPAT,,ADSS1;ADSS2
PURINE_RIBONUCLEOSIDE_MONOPHOSPHATE_BIOSYNTHESIS,MM15425,8,10,8,0,2,0.8,ADSL;ATIC;GART;GMPS;IMPDH1;IMPDH2;PAICS;PPAT,,ADSS1;ADSS2
PURINE_SALVAGE,M814,10,10,10,0,0,1.0,ADA;ADK;AMPD1;AMPD2;AMPD3;APRT;DCK;GMPR;HPRT1;PNP,,
PURINE_SALVAGE,MM15438,10,10,10,0,0,1.0,ADA;ADK;AMPD1;AMPD2;AMPD3;APRT;DCK;GMPR;HPRT1;PNP,,
PYROPTOSIS,M41804,13,13,13,0,0,1.0,BAX;CASP3;CHMP2A;CHMP2B;CHMP3;CHMP4A;CHMP4B;CHMP4C;CHMP6;CHMP7;CYCS;IL1B;TP53,,
PYROPTOSIS,MM15212,13,12,11,2,1,0.7857142857142857,BAX;CASP3;CHMP2A;CHMP2B;CHMP3;CHMP4B;CHMP4C;CHMP6;CHMP7;CYCS;IL1B,CHMP4A;TP53,RNF103-CHMP3
PYRUVATE_METABOLISM,M17157,22,22,22,0,0,1.0,DLAT;DLD;GLO1;GPT;LDHA;ME2;MKLN1;NEK1;PC;PDHA1;PDHA2;PDHB;PDHX;PDK1;PDK4;PKLR;PKM;RPS27A;UBA52;UBB;UBC;VDAC1,,
PYRUVATE_METABOLISM,MM15393,22,21,21,1,0,0.9545454545454546,DLAT;DLD;GLO1;GPT;LDHA;ME2;MKLN1;NEK1;PC;PDHA1;PDHA2;PDHB;PDHX;PDK1;PDK4;PKM;RPS27A;UBA52;UBB;UBC;VDAC1,PKLR,
RAC1_GTPASE_CYCLE,M41809,63,63,63,0,0,1.0,ABI2;ABL2;ABR;ALS2;ARHGAP1;ARHGAP17;ARHGAP24;ARHGAP39;ARHGDIA;ARHGEF18;ARHGEF25;ARHGEF7;BAIAP2L1;CAV1;CDC42;CDC42BPA;CDC42EP1;DEPDC1B;DIAPH3;DOCK1;DOCK4;ECT2;ESYT1;FARP1;GIT1;GIT2;GNA13;IQGAP1;IQGAP3;ITGB1;LAMTOR1;LBR;MCAM;MCF2;MPP7;NCKAP1;OPHN1;PAK1;PAK2;PAK3;PAK4;PAK5;PAK6;PARD6A;PIK3CA;PIK3R1;PIK3R2;PIK3R3;RAB7A;RAC1;SLC1A5;SNAP23;SOS1;SOS2;SRGAP2;SRGAP3;TFRC;TMPO;VAMP3;VANGL1;WAS;WASL;WIPF2,,
RAC1_GTPASE_CYCLE,MM15599,63,60,59,4,1,0.921875,ABI2;ABL2;ABR;ALS2;ARHGAP1;ARHGAP17;ARHGAP24;ARHGAP39;ARHGDIA;ARHGEF18;ARHGEF25;ARHGEF7;BAIAP2L1;CAV1;CDC42;CDC42BPA;CDC42EP1;DEPDC1B;DIAPH3;DOCK1;DOCK4;ECT2;ESYT1;FARP1;GIT1;GIT2;GNA13;IQGAP1;IQGAP3;ITGB1;LAMTOR1;LBR;MCAM;MCF2;MPP7;NCKAP1;OPHN1;PAK1;PAK2;PAK3;PAK4;PAK5;PAK6;PARD6A;PIK3CA;PIK3R1;PIK3R2;PIK3R3;RAB7A;RAC1;SLC1A5;SNAP23;SOS1;SOS2;SRGAP2;SRGAP3;TFRC;VAMP3;VANGL1,TMPO;WAS;WASL;WIPF2,RBM39
RAC2_GTPASE_CYCLE,M41810,42,42,42,0,0,1.0,ABI2;ABR;ARHGAP1;ARHGAP17;ARHGAP39;ARHGDIA;BAIAP2L1;CAV1;CDC42;CDC42EP1;DEPDC1B;DIAPH3;DOCK1;DOCK4;ESYT1;GIT1;GIT2;IQGAP1;ITGB1;LAMTOR1;LBR;MCAM;MCF2;MPP7;NCKAP1;OPHN1;PAK1;PAK2;PAK4;PIK3CA;PIK3R1;PIK3R2;PIK3R3;RAB7A;RAC2;SAMM50;STBD1;TFRC;TMPO;VAMP3;VANGL1;VAPB,,
RAC2_GTPASE_CYCLE,MM15600,42,42,41,1,1,0.9534883720930233,ABI2;ABR;ARHGAP1;ARHGAP17;ARHGAP39;ARHGDIA;BAIAP2L1;CAV1;CDC42;CDC42EP1;DEPDC1B;DIAPH3;DOCK1;DOCK4;ESYT1;GIT1;GIT2;IQGAP1;ITGB1;LAMTOR1;LBR;MCAM;MCF2;MPP7;NCKAP1;OPHN1;PAK1;PAK2;PAK4;PIK3CA;PIK3R1;PIK3R2;PIK3R3;RAB7A;RAC2;SAMM50;STBD1;TFRC;VAMP3;VANGL1;VAPB,TMPO,RBM39
RAC3_GTPASE_CYCLE,M41818,38,38,38,0,0,1.0,ABI2;ABL2;ABR;ARHGAP1;ARHGAP17;ARHGAP39;BAIAP2L1;CAV1;CDC42;CDC42EP1;DEPDC1B;DIAPH3;ESYT1;GIT1;GIT2;ITGB1;LAMTOR1;LBR;MCAM;MCF2;MPP7;NCKAP1;OCRL;OPHN1;PAK1;PAK2;PAK4;PIK3R1;PIK3R2;RAB7A;SLC1A5;SNAP23;SRGAP2;STBD1;TFRC;TMPO;VAMP3;VANGL1,,
RAC3_GTPASE_CYCLE,MM15609,38,38,37,1,1,0.9487179487179487,ABI2;ABL2;ABR;ARHGAP1;ARHGAP17;ARHGAP39;BAIAP2L1;CAV1;CDC42;CDC42EP1;DEPDC1B;DIAPH3;ESYT1;GIT1;GIT2;ITGB1;LAMTOR1;LBR;MCAM;MCF2;MPP7;NCKAP1;OCRL;OPHN1;PAK1;PAK2;PAK4;PIK3R1;PIK3R2;RAB7A;SLC1A5;SNAP23;SRGAP2;STBD1;TFRC;VAMP3;VANGL1,TMPO,RBM39
RAF_ACTIVATION,M27556,20,19,19,1,0,0.95,ARAF;BRAF;CALM1;CAMK2A;CAMK2B;CAMK2D;CAMK2G;HRAS;JAK2;KRAS;KSR1;MAP2K1;MAP2K2;NRAS;PPP1CB;PPP1CC;RAF1;SRC;YWHAB,PHB,
RAF_ACTIVATION,MM15271,20,20,18,2,2,0.8181818181818182,ARAF;BRAF;CALM1;CAMK2A;CAMK2B;CAMK2D;CAMK2G;HRAS;JAK2;KRAS;KSR1;MAP2K1;MAP2K2;PPP1CB;PPP1CC;RAF1;SRC;YWHAB,NRAS;PHB,CALM2;CALM3
RAS_ACTIVATION_UPON_CA2_INFLUX_THROUGH_NMDA_RECEPTOR,M17670,11,11,11,0,0,1.0,ACTN2;CALM1;CAMK2A;CAMK2B;CAMK2D;CAMK2G;DLG4;HRAS;KRAS;NEFL;NRAS,,
RAS_PROCESSING,M38995,15,15,15,0,0,1.0,ARL2;CALM1;FNTA;FNTB;HRAS;ICMT;KRAS;NRAS;PDE6D;PRKG2;RCE1;RPS27A;UBA52;UBB;UBC,,
RA_BIOSYNTHESIS_PATHWAY,M27445,21,21,21,0,0,1.0,ADH1A;ADH1C;ADH4;ALDH1A1;ALDH1A2;ALDH1A3;ALDH8A1;CRABP1;CYP26A1;CYP26B1;CYP26C1;DHRS3;DHRS4;DHRS9;RDH10;RDH11;RDH13;RDH14;RDH16;RDH5;SDR16C5,,
RA_BIOSYNTHESIS_PATHWAY,MM15188,21,22,21,0,1,0.9545454545454546,ADH1A;ADH1C;ADH4;ALDH1A1;ALDH1A2;ALDH1A3;ALDH8A1;CRABP1;CYP26A1;CYP26B1;CYP26C1;DHRS3;DHRS4;DHRS9;RDH10;RDH11;RDH13;RDH14;RDH16;RDH5;SDR16C5,,ADH1B
RECRUITMENT_OF_MITOTIC_CENTROSOME_PROTEINS_AND_COMPLEXES,M748,70,69,69,1,0,0.9857142857142858,AKAP9;ALMS1;CCP110;CDK11A;CDK11B;CDK5RAP2;CEP131;CEP135;CEP152;CEP164;CEP192;CEP250;CEP290;CEP41;CEP63;CEP70;CEP72;CEP76;CEP78;CETN2;CKAP5;CNTRL;DCTN1;DCTN2;DYNC1H1;DYNC1I2;DYNLL1;HAUS1;HAUS2;HAUS3;HAUS4;HAUS5;HAUS6;HAUS7;HAUS8;HSP90AA1;MAPRE1;MZT1;MZT2A;MZT2B;NDE1;NEDD1;NEK2;NINL;NME7;ODF2;OFD1;PAFAH1B1;PCM1;PCNT;PLK1;PLK4;PRKACA;PRKAR2B;SDCCAG8;TUBA1A;TUBA4A;TUBB;TUBB4A;TUBB4B;TUBG1;TUBG2;TUBGCP2;TUBGCP3;TUBGCP4;TUBGCP5;TUBGCP6;YWHAE;YWHAG,CENPJ,
RECRUITMENT_OF_NUMA_TO_MITOTIC_CENTROSOMES,M6729,79,79,78,1,1,0.975,AKAP9;ALMS1;CCP110;CDK5RAP2;CEP131;CEP135;CEP152;CEP164;CEP192;CEP250;CEP290;CEP41;CEP63;CEP70;CEP72;CEP76;CEP78;CETN2;CKAP5;CNTRL;DCTN1;DCTN2;DYNC1H1;DYNC1I2;DYNLL1;HAUS1;HAUS2;HAUS3;HAUS4;HAUS5;HAUS6;HAUS7;HAUS8;HSP90AA1;MAPRE1;MZT1;MZT2A;MZT2B;NDE1;NEDD1;NEK2;NINL;NME7;ODF2;OFD1;PAFAH1B1;PCM1;PCNT;PLK1;PLK4;PRKACA;PRKAR2B;SDCCAG8;TUBA1A;TUBA1B;TUBA1C;TUBA3E;TUBA4A;TUBA8;TUBAL3;TUBB;TUBB1;TUBB2A;TUBB2B;TUBB3;TUBB4A;TUBB4B;TUBB6;TUBB8;TUBG1;TUBG2;TUBGCP2;TUBGCP3;TUBGCP4;TUBGCP5;TUBGCP6;YWHAE;YWHAG,CENPJ,TUBA3D
RECRUITMENT_OF_NUMA_TO_MITOTIC_CENTROSOMES,MM14979,79,75,73,6,2,0.9012345679012346,AKAP9;ALMS1;CCP110;CDK5RAP2;CEP131;CEP135;CEP152;CEP164;CEP192;CEP250;CEP290;CEP41;CEP63;CEP70;CEP72;CEP76;CEP78;CETN2;CKAP5;DCTN1;DCTN2;DYNC1H1;DYNC1I2;DYNLL1;HAUS1;HAUS2;HAUS3;HAUS4;HAUS5;HAUS6;HAUS7;HAUS8;HSP90AA1;MAPRE1;MZT1;MZT2A;MZT2B;NDE1;NEDD1;NEK2;NINL;NME7;ODF2;OFD1;PAFAH1B1;PCM1;PLK1;PLK4;PRKACA;SDCCAG8;TUBA1A;TUBA1B;TUBA1C;TUBA4A;TUBA8;TUBAL3;TUBB;TUBB1;TUBB2A;TUBB2B;TUBB3;TUBB4A;TUBB4B;TUBB6;TUBG1;TUBG2;TUBGCP2;TUBGCP3;TUBGCP4;TUBGCP5;TUBGCP6;YWHAE;YWHAG,CENPJ;CNTRL;PCNT;PRKAR2B;TUBA3E;TUBB8,TUBA3D;YWHAQ
RECYCLING_PATHWAY_OF_L1,M891,27,28,27,0,1,0.9642857142857143,ACTB;AP2A1;AP2A2;AP2B1;CLTC;DNM1;DNM2;MAPK1;MSN;RPS6KA4;RPS6KA5;SRC;TUBA1A;TUBA1B;TUBA1C;TUBA3E;TUBA4A;TUBA8;TUBAL3;TUBB1;TUBB2A;TUBB2B;TUBB3;TUBB4A;TUBB4B;TUBB6;TUBB8,,TUBA3D
RECYCLING_PATHWAY_OF_L1,MM15102,27,24,23,4,1,0.8214285714285714,ACTB;AP2A1;AP2A2;AP2B1;CLTC;DNM1;DNM2;MAPK1;MSN;SRC;TUBA1A;TUBA1B;TUBA1C;TUBA4A;TUBA8;TUBAL3;TUBB1;TUBB2A;TUBB2B;TUBB3;TUBB4A;TUBB4B;TUBB6,RPS6KA4;RPS6KA5;TUBA3E;TUBB8,TUBA3D
REGULATED_NECROSIS,M41803,24,25,24,0,1,0.96,BAX;BIRC3;CASP3;CHMP2A;CHMP2B;CHMP3;CHMP4A;CHMP4B;CHMP4C;CHMP6;CHMP7;CYCS;FLOT1;HSP90AA1;IL1B;OGT;RPS27A;STUB1;TNFRSF10A;TNFRSF10B;TP53;UBA52;UBB;UBC,,PRKN
REGULATED_NECROSIS,MM15169,24,24,22,2,2,0.8461538461538461,BAX;BIRC3;CASP3;CHMP2A;CHMP2B;CHMP3;CHMP4B;CHMP4C;CHMP6;CHMP7;CYCS;FLOT1;HSP90AA1;IL1B;OGT;RPS27A;STUB1;TNFRSF10A;TNFRSF10B;UBA52;UBB;UBC,CHMP4A;TP53,PRKN;RNF103-CHMP3
REGULATION_OF_APC_C_ACTIVATORS_BETWEEN_G1_S_AND_EARLY_ANAPHASE,MM14689,34,27,27,7,0,0.7941176470588235,ANAPC1;ANAPC10;ANAPC11;ANAPC15;ANAPC16;ANAPC2;ANAPC4;ANAPC5;ANAPC7;BUB1B;CDC16;CDC20;CDC23;CDC26;CDC27;FZR1;MAD2L1;PLK1;RPS27A;SKP1;UBA52;UBB;UBC;UBE2C;UBE2D1;UBE2E1;UBE2S,ADRM1;PSMC1;PSMC5;PSMD13;PSMD14;PSMD2;PSMD3,
REGULATION_OF_BETA_CELL_DEVELOPMENT,M17541,18,18,18,0,0,1.0,AKT1;AKT2;AKT3;CREBBP;EP300;GCK;HNF4A;INS;KAT2A;KAT2B;NEUROD1;ONECUT1;PAX4;PAX6;PKLR;PTF1A;SLC2A2;SNW1,,
REGULATION_OF_CHOLESTEROL_BIOSYNTHESIS_BY_SREBP_SREBF,M27001,33,33,33,0,0,1.0,CREBBP;CYP51A1;DHCR7;FASN;FDFT1;FDPS;GGPS1;HMGCR;HMGCS1;IDI1;INSIG1;LSS;MBTPS1;MBTPS2;MED1;MVD;MVK;NFYA;NFYB;NFYC;PMVK;RAN;SC5D;SCAP;SCD;SEC24C;SP1;SQLE;SREBF1;SREBF2;TBL1X;TBL1XR1;TM7SF2,,
REGULATION_OF_CHOLESTEROL_BIOSYNTHESIS_BY_SREBP_SREBF,MM14639,33,6,6,27,0,0.18181818181818182,MBTPS1;MBTPS2;RAN;SCAP;SREBF1;SREBF2,CREBBP;CYP51A1;DHCR7;FASN;FDFT1;FDPS;GGPS1;HMGCR;HMGCS1;IDI1;INSIG1;LSS;MED1;MVD;MVK;NFYA;NFYB;NFYC;PMVK;SC5D;SCD;SEC24C;SP1;SQLE;TBL1X;TBL1XR1;TM7SF2,
REGULATION_OF_EXPRESSION_OF_SLITS_AND_ROBOS,M27876,53,53,53,0,0,1.0,ADRM1;CASC3;DAG1;EIF4A3;ISL1;LHX2;LHX3;LHX4;MAGOH;MAGOHB;NCBP1;NCBP2;PABPC1;PSMC1;PSMC5;PSMD13;PSMD14;PSMD2;PSMD3;RBM8A;RBX1;RNPS1;RPL11;RPL19;RPL22L1;RPL23;RPL27;RPL36AL;RPL5;RPL6;RPL7;RPL7A;RPLP1;RPS10;RPS11;RPS12;RPS13;RPS14;RPS18;RPS2;RPS20;RPS21;RPS23;RPS25;RPS27A;RPS27L;RPS3;RPS9;UBA52;UBB;UBC;UPF3B;ZSWIM8,,
REGULATION_OF_EXPRESSION_OF_SLITS_AND_ROBOS,MM15593,53,5,5,48,0,0.09433962264150944,DAG1;RPS27A;UBA52;UBB;UBC,ADRM1;CASC3;EIF4A3;ISL1;LHX2;LHX3;LHX4;MAGOH;MAGOHB;NCBP1;NCBP2;PABPC1;PSMC1;PSMC5;PSMD13;PSMD14;PSMD2;PSMD3;RBM8A;RBX1;RNPS1;RPL11;RPL19;RPL22L1;RPL23;RPL27;RPL36AL;RPL5;RPL6;RPL7;RPL7A;RPLP1;RPS10;RPS11;RPS12;RPS13;RPS14;RPS18;RPS2;RPS20;RPS21;RPS23;RPS25;RPS27L;RPS3;RPS9;UPF3B;ZSWIM8,
REGULATION_OF_GLUCOKINASE_BY_GLUCOKINASE_REGULATORY_PROTEIN,M29579,32,32,32,0,0,1.0,AAAS;GCK;GCKR;NDC1;NUP107;NUP133;NUP153;NUP155;NUP160;NUP188;NUP205;NUP210;NUP214;NUP35;NUP37;NUP42;NUP43;NUP50;NUP54;NUP58;NUP62;NUP85;NUP88;NUP93;NUP98;POM121;POM121C;RAE1;RANBP2;SEC13;SEH1L;TPR,,
REGULATION_OF_GLYCOLYSIS_BY_FRUCTOSE_2_6_BISPHOSPHATE_METABOLISM,M27950,7,7,7,0,0,1.0,PFKFB1;PFKFB2;PFKFB3;PFKFB4;PRKACA;PRKACB;PRKACG,,
REGULATION_OF_HSF1_MEDIATED_HEAT_SHOCK_RESPONSE,M27250,47,48,47,0,1,0.9791666666666666,AAAS;BAG2;BAG3;BAG5;CCAR2;GSK3B;HSPA1A;HSPA1B;HSPA4;HSPA4L;HSPA5;HSPA8;HSPA9;MAPK1;MAPK3;NDC1;NUP107;NUP133;NUP153;NUP155;NUP160;NUP188;NUP205;NUP210;NUP214;NUP35;NUP37;NUP42;NUP43;NUP50;NUP54;NUP58;NUP62;NUP85;NUP88;NUP93;NUP98;POM121;POM121C;RAE1;RANBP2;SEC13;SEH1L;SIRT1;TPR;UBB;YWHAE,,HSPB1
REGULATION_OF_HSF1_MEDIATED_HEAT_SHOCK_RESPONSE,MM14948,47,45,45,2,0,0.9574468085106383,AAAS;BAG2;BAG3;BAG5;GSK3B;HSPA1A;HSPA1B;HSPA4;HSPA4L;HSPA5;HSPA8;HSPA9;MAPK1;MAPK3;NDC1;NUP107;NUP133;NUP153;NUP155;NUP160;NUP188;NUP205;NUP210;NUP214;NUP35;NUP37;NUP42;NUP43;NUP50;NUP54;NUP58;NUP62;NUP85;NUP88;NUP93;NUP98;POM121;POM121C;RAE1;RANBP2;SEC13;SEH1L;SIRT1;TPR;YWHAE,CCAR2;UBB,
REGULATION_OF_IFNG_SIGNALING,MM15474,7,6,6,1,0,0.8571428571428571,IFNG;JAK2;PIAS1;SOCS1;SOCS3;SUMO1,STAT1,
REGULATION_OF_INNATE_IMMUNE_RESPONSES_TO_CYTOSOLIC_DNA,M27229,8,8,8,0,0,1.0,DDX41;RPS27A;TBK1;TRIM32;TRIM56;UBA52;UBB;UBC,,
REGULATION_OF_INNATE_IMMUNE_RESPONSES_TO_CYTOSOLIC_DNA,MM14931,8,8,8,0,0,1.0,DDX41;RPS27A;TBK1;TRIM32;TRIM56;UBA52;UBB;UBC,,
REGULATION_OF_INSULIN_SECRETION,M1921,49,49,49,0,0,1.0,ACSL3;ADCY5;ADCY6;ADCY8;ADRA2A;AHCYL1;CD36;GNA11;GNA14;GNA15;GNAI1;GNAI2;GNAQ;GNAS;GNB1;GNB2;GNB3;GNB4;GNB5;GNG10;GNG11;GNG12;GNG13;GNG2;GNG3;GNG4;GNG5;GNG7;GNG8;GNGT1;GNGT2;INS;IQGAP1;PLCB1;PLCB2;PLCB3;PRKACA;PRKACB;PRKACG;PRKAR1A;PRKAR1B;PRKAR2A;PRKAR2B;PRKCA;RAPGEF4;SLC2A1;SLC2A2;SNAP25;STX1A,,
REGULATION_OF_INSULIN_SECRETION,MM15071,49,37,37,12,0,0.7551020408163265,ACSL3;ADCY5;ADCY6;ADRA2A;CD36;GNA11;GNA14;GNA15;GNAI1;GNAI2;GNAQ;GNAS;GNB1;GNB2;GNB3;GNB4;GNB5;GNG10;GNG11;GNG12;GNG13;GNG2;GNG3;GNG4;GNG5;GNG7;GNG8;GNGT1;GNGT2;PLCB1;PLCB2;PLCB3;PRKACA;PRKACB;RAPGEF4;SLC2A1;SLC2A2,ADCY8;AHCYL1;INS;IQGAP1;PRKACG;PRKAR1A;PRKAR1B;PRKAR2A;PRKAR2B;PRKCA;SNAP25;STX1A,
REGULATION_OF_LIPID_METABOLISM_BY_PPARALPHA,M27316,44,44,44,0,0,1.0,ABCA1;ABCB4;ACADM;AGT;AHR;ALAS1;ARNT;CD36;CREBBP;CYP1A1;EP300;ESRRA;FDFT1;GLIPR1;GPS2;HDAC3;HMGCR;HMGCS1;HMGCS2;MED1;MED16;MED19;MED24;NCOA3;NCOR1;NCOR2;NFYA;NFYB;NFYC;NR1D1;PLIN2;PPARG;PPARGC1A;RORA;SIN3A;SIN3B;SLC27A1;SP1;SREBF1;SREBF2;TBL1X;TBL1XR1;THRAP3;TXNRD1,,
REGULATION_OF_LOCALIZATION_OF_FOXO_TRANSCRIPTION_FACTORS,M27939,7,7,7,0,0,1.0,AKT1;AKT2;AKT3;YWHAB;YWHAG;YWHAQ;YWHAZ,,
REGULATION_OF_LOCALIZATION_OF_FOXO_TRANSCRIPTION_FACTORS,MM15657,7,7,7,0,0,1.0,AKT1;AKT2;AKT3;YWHAB;YWHAG;YWHAQ;YWHAZ,,
REGULATION_OF_MECP2_EXPRESSION_AND_ACTIVITY,M27900,21,21,21,0,0,1.0,CALM1;CAMK2A;CAMK2B;CAMK2D;CAMK2G;CAMK4;CREB1;GPS2;HDAC1;HDAC2;HDAC3;HIPK2;HTT;LBR;MECP2;NCOR1;NCOR2;PRKACA;SIN3A;TBL1X;TBL1XR1,,
REGULATION_OF_MRNA_STABILITY_BY_PROTEINS_THAT_BIND_AU_RICH_ELEMENTS,MM15140,25,27,24,1,3,0.8571428571428571,ADRM1;AKT1;EXOSC2;EXOSC9;HNRNPD;HSPA1A;HSPA8;KHSRP;NUP214;PABPC1;PSMC1;PSMC5;PSMD13;PSMD14;PSMD2;PSMD3;RPS27A;TNPO1;UBA52;UBB;UBC;XPO1;YWHAB;YWHAZ,PRKCA,HSPA1B;HSPB1;PABPC3
REGULATION_OF_PLK1_ACTIVITY_AT_G2_M_TRANSITION,M27194,69,68,68,1,0,0.9855072463768116,AKAP9;ALMS1;AURKA;BORA;CCP110;CDK5RAP2;CEP131;CEP135;CEP152;CEP164;CEP192;CEP250;CEP290;CEP41;CEP63;CEP70;CEP72;CEP76;CEP78;CETN2;CKAP5;CNTRL;DCTN1;DCTN2;DYNC1H1;DYNC1I2;DYNLL1;HAUS1;HAUS2;HAUS3;HAUS4;HAUS5;HAUS6;HAUS7;HAUS8;HSP90AA1;MAPRE1;NDE1;NEDD1;NEK2;NINL;ODF2;OFD1;OPTN;PAFAH1B1;PCM1;PCNT;PLK1;PLK4;PPP1CB;PPP1R12A;PRKACA;PRKAR2B;RAB8A;RPS27A;SDCCAG8;SKP1;TUBA1A;TUBA4A;TUBB;TUBB4A;TUBB4B;TUBG1;UBA52;UBB;UBC;YWHAE;YWHAG,CENPJ,
REGULATION_OF_PLK1_ACTIVITY_AT_G2_M_TRANSITION,MM14906,69,66,65,4,1,0.9285714285714286,AKAP9;ALMS1;AURKA;BORA;CCP110;CDK5RAP2;CEP131;CEP135;CEP152;CEP164;CEP192;CEP250;CEP290;CEP41;CEP63;CEP70;CEP72;CEP76;CEP78;CETN2;CKAP5;DCTN1;DCTN2;DYNC1H1;DYNC1I2;DYNLL1;HAUS1;HAUS2;HAUS3;HAUS4;HAUS5;HAUS6;HAUS7;HAUS8;HSP90AA1;MAPRE1;NDE1;NEDD1;NEK2;NINL;ODF2;OFD1;OPTN;PAFAH1B1;PCM1;PLK1;PLK4;PPP1CB;PPP1R12A;PRKACA;RAB8A;RPS27A;SDCCAG8;SKP1;TUBA1A;TUBA4A;TUBB;TUBB4A;TUBB4B;TUBG1;UBA52;UBB;UBC;YWHAE;YWHAG,CENPJ;CNTRL;PCNT;PRKAR2B,YWHAQ
REGULATION_OF_PTEN_GENE_TRANSCRIPTION,M27811,28,28,28,0,0,1.0,ATF2;BMI1;CBX2;CBX4;CBX8;CHD3;CHD4;EZH2;HDAC1;HDAC2;HDAC3;JUN;LAMTOR1;MAPK1;MAPK3;NR2E1;PHC1;PHC2;PHC3;PPARG;PTEN;RCOR1;RHEB;RING1;RNF2;SCMH1;SLC38A9;TP53,,
REGULATION_OF_PTEN_LOCALIZATION,M27814,8,8,8,0,0,1.0,NEDD4;PML;PTEN;RPS27A;UBA52;UBB;UBC;USP7,,
REGULATION_OF_PTEN_LOCALIZATION,MM15539,8,8,8,0,0,1.0,NEDD4;PML;PTEN;RPS27A;UBA52;UBB;UBC;USP7,,
REGULATION_OF_PYRUVATE_DEHYDROGENASE_PDH_COMPLEX,M716,8,8,8,0,0,1.0,DLAT;DLD;PDHA1;PDHA2;PDHB;PDHX;PDK1;PDK4,,
REGULATION_OF_PYRUVATE_DEHYDROGENASE_PDH_COMPLEX,MM14820,8,8,8,0,0,1.0,DLAT;DLD;PDHA1;PDHA2;PDHB;PDHX;PDK1;PDK4,,
REGULATION_OF_PYRUVATE_METABOLISM,M48274,16,16,16,0,0,1.0,DLAT;DLD;LDHA;MKLN1;NEK1;PDHA1;PDHA2;PDHB;PDHX;PDK1;PDK4;PKM;RPS27A;UBA52;UBB;UBC,,
REGULATION_OF_PYRUVATE_METABOLISM,MM17246,16,16,16,0,0,1.0,DLAT;DLD;LDHA;MKLN1;NEK1;PDHA1;PDHA2;PDHB;PDHX;PDK1;PDK4;PKM;RPS27A;UBA52;UBB;UBC,,
REGULATION_OF_SIGNALING_BY_CBL,M903,12,12,12,0,0,1.0,FYN;GRB2;PIK3CA;PIK3CB;PIK3CD;PIK3R1;PIK3R2;PIK3R3;RPS27A;UBA52;UBB;UBC,,
REGULATION_OF_SIGNALING_BY_CBL,MM15633,12,12,12,0,0,1.0,FYN;GRB2;PIK3CA;PIK3CB;PIK3CD;PIK3R1;PIK3R2;PIK3R3;RPS27A;UBA52;UBB;UBC,,
REGULATION_OF_TBK1_IKK_IKBKE_MEDIATED_ACTIVATION_OF_IRF3_IRF7,M48239,9,9,9,0,0,1.0,IKBKE;OPTN;RPS27A;TBK1;TLR4;TRAF3;UBA52;UBB;UBC,,
REGULATION_OF_TBK1_IKK_IKBKE_MEDIATED_ACTIVATION_OF_IRF3_IRF7,MM17228,9,9,9,0,0,1.0,IKBKE;OPTN;RPS27A;TBK1;TLR4;TRAF3;UBA52;UBB;UBC,,
REGULATION_OF_TBK1_IKK_MEDIATED_ACTIVATION_OF_IRF3_IRF7_UPON_TLR3_LIGATION,M48241,8,8,8,0,0,1.0,IKBKE;OPTN;RPS27A;TBK1;TRAF3;UBA52;UBB;UBC,,
REGULATION_OF_TP53_ACTIVITY_THROUGH_ACETYLATION,M27637,14,15,14,0,1,0.9333333333333333,AKT1;AKT2;AKT3;BRD7;CHD3;CHD4;EP300;HDAC1;HDAC2;PIP4K2A;PIP4K2B;PIP4K2C;PML;TP53,,PIP4P1
REGULATION_OF_TP53_ACTIVITY_THROUGH_ACETYLATION,MM15340,14,14,13,1,1,0.8666666666666667,AKT1;AKT2;AKT3;BRD7;CHD3;CHD4;EP300;HDAC1;PIP4K2A;PIP4K2B;PIP4K2C;PML;TP53,HDAC2,PIP4P1
REGULATION_OF_TP53_ACTIVITY_THROUGH_METHYLATION,MM15342,9,9,9,0,0,1.0,CHEK2;EP300;MDM2;RPS27A;TP53;TTC5;UBA52;UBB;UBC,,
REGULATION_OF_TP53_EXPRESSION_AND_DEGRADATION,M27641,16,16,16,0,0,1.0,AKT1;AKT2;AKT3;CDKN2A;CHEK2;DAXX;MDM2;PHF20;PRDM1;RNF34;RPS27A;TP53;UBA52;UBB;UBC;USP7,,
RESOLUTION_OF_SISTER_CHROMATID_COHESION,M27181,57,58,57,0,1,0.9827586206896551,B9D2;BUB1B;CDC20;CENPA;CENPE;CENPF;CENPT;CKAP5;DYNC1H1;DYNC1I1;DYNC1I2;DYNC1LI1;DYNC1LI2;DYNLL1;DYNLL2;HDAC8;KIF18A;KIF2A;MAD2L1;MAPRE1;NDE1;NDEL1;NUP107;NUP133;NUP160;NUP37;NUP43;NUP85;NUP98;PAFAH1B1;PDS5A;PDS5B;PLK1;PPP1CC;RANBP2;RANGAP1;SEC13;SEH1L;SMC1A;SMC3;STAG2;TUBA1A;TUBA1B;TUBA1C;TUBA3E;TUBA4A;TUBA8;TUBAL3;TUBB1;TUBB2A;TUBB2B;TUBB3;TUBB4A;TUBB4B;TUBB6;TUBB8;XPO1,,TUBA3D
RESOLUTION_OF_SISTER_CHROMATID_COHESION,MM14894,57,56,55,2,1,0.9482758620689655,B9D2;BUB1B;CDC20;CENPA;CENPE;CENPF;CENPT;CKAP5;DYNC1H1;DYNC1I1;DYNC1I2;DYNC1LI1;DYNC1LI2;DYNLL1;DYNLL2;HDAC8;KIF18A;KIF2A;MAD2L1;MAPRE1;NDE1;NDEL1;NUP107;NUP133;NUP160;NUP37;NUP43;NUP85;NUP98;PAFAH1B1;PDS5A;PDS5B;PLK1;PPP1CC;RANBP2;RANGAP1;SEC13;SEH1L;SMC1A;SMC3;STAG2;TUBA1A;TUBA1B;TUBA1C;TUBA4A;TUBA8;TUBAL3;TUBB1;TUBB2A;TUBB2B;TUBB3;TUBB4A;TUBB4B;TUBB6;XPO1,TUBA3E;TUBB8,TUBA3D
RESPIRATORY_ELECTRON_TRANSPORT,M893,81,81,81,0,0,1.0,ACAD9;BCS1L;COQ10A;COQ10B;COX11;COX15;COX17;COX18;COX19;COX4I1;COX5A;COX5B;COX6A1;COX8A;CYC1;CYCS;ETFA;ETFB;ETFDH;FXN;GOT1;GOT2;HIGD1C;HSCB;HSPA9;LYRM7;MDH2;MT-CO1;MT-CO2;MT-CO3;MT-CYB;MT-ND1;MT-ND2;MT-ND4;MT-ND5;NDUFA10;NDUFA12;NDUFA13;NDUFA2;NDUFA3;NDUFA4;NDUFA5;NDUFA8;NDUFA9;NDUFAB1;NDUFAF5;NDUFAF6;NDUFB3;NDUFB4;NDUFB7;NDUFB8;NDUFB9;NDUFS1;NDUFS2;NDUFS3;NDUFS7;NDUFS8;NDUFV1;NDUFV2;NUBPL;PET100;PNKD;SCO1;SCO2;SDHA;SDHB;SDHC;SDHD;SLC25A11;SLC25A12;SLC25A13;SLC25A18;SLC25A22;TIMM21;TRAP1;UQCC1;UQCR10;UQCRC1;UQCRC2;UQCRFS1;UQCRQ,,
RESPIRATORY_ELECTRON_TRANSPORT,MM15309,81,72,72,9,0,0.8888888888888888,ACAD9;COQ10A;COQ10B;COX11;COX15;COX17;COX18;COX19;COX4I1;COX5A;COX5B;COX6A1;COX8A;CYC1;CYCS;ETFA;ETFB;ETFDH;FXN;GOT1;GOT2;HIGD1C;HSCB;HSPA9;LYRM7;MDH2;MT-CO1;MT-CO2;MT-CO3;MT-CYB;MT-ND1;MT-ND2;MT-ND4;MT-ND5;NDUFA10;NDUFA12;NDUFA13;NDUFA2;NDUFA3;NDUFA4;NDUFA5;NDUFA8;NDUFA9;NDUFAB1;NDUFAF5;NDUFAF6;NDUFB3;NDUFB4;NDUFB7;NDUFB8;NDUFB9;NDUFS1;NDUFS2;NDUFS3;NDUFS7;NDUFS8;NDUFV1;NDUFV2;NUBPL;SCO1;SCO2;SLC25A11;SLC25A12;SLC25A13;SLC25A18;SLC25A22;TIMM21;UQCR10;UQCRC1;UQCRC2;UQCRFS1;UQCRQ,BCS1L;PET100;PNKD;SDHA;SDHB;SDHC;SDHD;TRAP1;UQCC1,
RESPONSE_OF_EIF2AK1_HRI_TO_HEME_DEFICIENCY,M29832,8,8,8,0,0,1.0,ATF3;ATF4;CEBPB;CEBPG;DDIT3;EIF2AK1;EIF2S1;EIF2S3,,
RESPONSE_OF_EIF2AK4_GCN2_TO_AMINO_ACID_DEFICIENCY,M29813,37,37,37,0,0,1.0,ATF2;ATF3;ATF4;CEBPB;CEBPG;DDIT3;EIF2AK4;EIF2S1;EIF2S3;GCN1;RPL11;RPL19;RPL22L1;RPL23;RPL27;RPL36AL;RPL5;RPL6;RPL7;RPL7A;RPLP1;RPS10;RPS11;RPS12;RPS13;RPS14;RPS18;RPS2;RPS20;RPS21;RPS23;RPS25;RPS27A;RPS27L;RPS3;RPS9;UBA52,,
RESPONSE_OF_MTB_TO_PHAGOCYTOSIS,M29824,15,15,15,0,0,1.0,CORO1A;ENO1;HGS;KPNA1;MAPK1;MAPK3;PGK1;RAB5A;RAB7A;RPS27A;SFPQ;TRIM27;UBA52;UBB;UBC,,
RETINOID_CYCLE_DISEASE_EVENTS,M29612,12,12,12,0,0,1.0,ABCA4;LRAT;OPN1LW;OPN1MW;OPN1SW;RBP1;RBP4;RDH12;RDH5;RLBP1;STRA6;TTR,,
RHOBTB1_GTPASE_CYCLE,M41817,13,13,13,0,0,1.0,CCT2;CCT7;CPSF7;CUL3;DBN1;HNRNPC;MYO6;PDE5A;RBMX;ROCK1;ROCK2;SRRM1;TRA2B,,
RHOBTB1_GTPASE_CYCLE,MM15608,13,13,12,1,1,0.8571428571428571,CCT2;CCT7;CPSF7;CUL3;HNRNPC;MYO6;PDE5A;RBMX;ROCK1;ROCK2;SRRM1;TRA2B,DBN1,HNRNPCL1
RHOBTB2_GTPASE_CYCLE,M41723,15,15,15,0,0,1.0,ACTN1;CCT2;CCT6A;CCT7;CUL3;DBN1;DDX39B;HNRNPC;HSP90AA1;HSP90AB1;MYO6;PHIP;RBMX;SRRM1;TRA2B,,
RHOBTB2_GTPASE_CYCLE,MM15606,15,15,14,1,1,0.875,ACTN1;CCT2;CCT6A;CCT7;CUL3;DDX39B;HNRNPC;HSP90AA1;HSP90AB1;MYO6;PHIP;RBMX;SRRM1;TRA2B,DBN1,HNRNPCL1
RHOBTB_GTPASE_CYCLE,M41738,19,19,19,0,0,1.0,ACTN1;CCT2;CCT6A;CCT7;CPSF7;CUL3;DBN1;DDX39B;HNRNPC;HSP90AA1;HSP90AB1;MYO6;PDE5A;PHIP;RBMX;ROCK1;ROCK2;SRRM1;TRA2B,,
RHOBTB_GTPASE_CYCLE,MM15683,19,19,18,1,1,0.9,ACTN1;CCT2;CCT6A;CCT7;CPSF7;CUL3;DDX39B;HNRNPC;HSP90AA1;HSP90AB1;MYO6;PDE5A;PHIP;RBMX;ROCK1;ROCK2;SRRM1;TRA2B,DBN1,HNRNPCL1
RHOB_GTPASE_CYCLE,M41806,28,28,28,0,0,1.0,ABR;AKAP13;ARHGAP1;ARHGAP39;ARHGEF1;ARHGEF25;CAV1;DEPDC1B;DIAPH1;DIAPH3;ECT2;FLOT1;IQGAP3;JUP;MCAM;MCF2;OPHN1;PIK3R1;PIK3R2;RHOB;ROCK1;ROCK2;SNAP23;SOWAHC;STOM;TFRC;VAMP3;VANGL1,,
RHOB_GTPASE_CYCLE,MM15596,28,28,28,0,0,1.0,ABR;AKAP13;ARHGAP1;ARHGAP39;ARHGEF1;ARHGEF25;CAV1;DEPDC1B;DIAPH1;DIAPH3;ECT2;FLOT1;IQGAP3;JUP;MCAM;MCF2;OPHN1;PIK3R1;PIK3R2;RHOB;ROCK1;ROCK2;SNAP23;SOWAHC;STOM;TFRC;VAMP3;VANGL1,,
RHOC_GTPASE_CYCLE,M41807,32,32,32,0,0,1.0,ABR;AKAP13;ARHGAP1;ARHGAP39;ARHGDIA;ARHGEF1;ARHGEF25;ARHGEF40;CAV1;DEPDC1B;DIAPH1;DIAPH3;FLOT1;FMNL3;IQGAP1;IQGAP3;JUP;LBR;MCAM;MCF2;OPHN1;PIK3R1;RHOA;RHOC;ROCK1;ROCK2;STOM;TFRC;TMPO;VAMP3;VANGL1;VAPB,,
RHOC_GTPASE_CYCLE,MM15597,32,30,30,2,0,0.9375,ABR;AKAP13;ARHGAP1;ARHGAP39;ARHGDIA;ARHGEF1;ARHGEF25;CAV1;DEPDC1B;DIAPH1;DIAPH3;FLOT1;FMNL3;IQGAP1;IQGAP3;JUP;LBR;MCAM;MCF2;OPHN1;PIK3R1;RHOA;RHOC;ROCK1;ROCK2;STOM;TFRC;VAMP3;VANGL1;VAPB,ARHGEF40;TMPO,
RHOD_GTPASE_CYCLE,M41811,35,35,35,0,0,1.0,ACTN1;ADD3;AKAP12;ARHGAP1;ARHGAP17;ARHGAP39;CAPZB;CAV1;CPNE8;DBN1;DEPDC1B;DIAPH1;DIAPH2;DIAPH3;EFHD2;ESYT1;LBR;LMNB1;MCAM;PAK5;PAK6;PIK3R1;PIK3R2;PLXNA1;PLXNB1;RAB7A;RHOD;SLC4A7;STBD1;STEAP3;TMPO;TOR1AIP1;VAMP3;VANGL1;VAPB,,
RHOD_GTPASE_CYCLE,MM15601,35,34,33,2,1,0.9166666666666666,ACTN1;ADD3;AKAP12;ARHGAP1;ARHGAP17;ARHGAP39;CAPZB;CAV1;CPNE8;DEPDC1B;DIAPH1;DIAPH2;DIAPH3;EFHD2;ESYT1;LBR;LMNB1;MCAM;PAK5;PAK6;PIK3R1;PIK3R2;PLXNA1;PLXNB1;RAB7A;RHOD;SLC4A7;STBD1;STEAP3;TOR1AIP1;VAMP3;VANGL1;VAPB,DBN1;TMPO,RBM39
RHOF_GTPASE_CYCLE,M41821,36,36,36,0,0,1.0,ACTB;ACTN1;ADD3;AKAP12;ARHGAP1;ARHGAP39;BAIAP2L1;BAIAP2L2;BASP1;CAPZB;CAV1;DEPDC1B;DIAPH1;DIAPH2;DIAPH3;ESYT1;FAM169A;FARP1;LMNB1;MCAM;MTMR1;PIK3R1;PIK3R2;POTEE;RAB7A;RHOF;SENP1;SLC4A7;SNAP23;SOWAHC;SRGAP2;STEAP3;TMPO;TOR1AIP1;VAMP3;VANGL1,,
RHOF_GTPASE_CYCLE,MM15630,36,34,34,2,0,0.9444444444444444,ACTB;ACTN1;ADD3;AKAP12;ARHGAP1;ARHGAP39;BAIAP2L1;BAIAP2L2;BASP1;CAPZB;CAV1;DEPDC1B;DIAPH1;DIAPH2;DIAPH3;ESYT1;FAM169A;FARP1;LMNB1;MCAM;MTMR1;PIK3R1;PIK3R2;RAB7A;RHOF;SENP1;SLC4A7;SNAP23;SOWAHC;SRGAP2;STEAP3;TOR1AIP1;VAMP3;VANGL1,POTEE;TMPO,
RHOG_GTPASE_CYCLE,M41814,34,34,34,0,0,1.0,ARHGAP1;ARHGAP39;ARHGDIA;CAV1;CDC42;CDC42EP1;DEPDC1B;DIAPH3;DOCK1;DOCK4;ELMO2;ESYT1;HSPE1;ITGB1;ITSN1;LAMTOR1;LBR;MCAM;MCF2;MPP7;NDUFA5;NDUFS3;OPHN1;PAK2;PAK4;PIK3R1;RAB7A;SHMT2;STBD1;TFRC;TMPO;VAMP3;VANGL1;VAPB,,
RHOG_GTPASE_CYCLE,MM15604,34,34,33,1,1,0.9428571428571428,ARHGAP1;ARHGAP39;ARHGDIA;CAV1;CDC42;CDC42EP1;DEPDC1B;DIAPH3;DOCK1;DOCK4;ELMO2;ESYT1;HSPE1;ITGB1;ITSN1;LAMTOR1;LBR;MCAM;MCF2;MPP7;NDUFA5;NDUFS3;OPHN1;PAK2;PAK4;PIK3R1;RAB7A;SHMT2;STBD1;TFRC;VAMP3;VANGL1;VAPB,TMPO,RBM39
RHOH_GTPASE_CYCLE,M41813,34,35,34,0,1,0.9714285714285714,ARHGDIA;CAV1;CSK;DBN1;DBT;FAM91A1;JUP;LAMTOR1;LCK;MTR;NSFL1C;OSBPL11;PAK1;PAK2;PAK4;PAK5;PAK6;RAB7A;RALGAPA1;RHOH;ROCK1;ROCK2;SLC1A5;SLC4A7;STOM;TFRC;TMEM59;TUBA1B;UACA;VAMP3;VANGL1;VCP;WDR11;ZAP70,,NIPSNAP2
RHOH_GTPASE_CYCLE,MM15603,34,33,32,2,1,0.9142857142857143,ARHGDIA;CAV1;CSK;DBT;FAM91A1;JUP;LAMTOR1;LCK;MTR;NSFL1C;OSBPL11;PAK1;PAK2;PAK4;PAK5;PAK6;RAB7A;RALGAPA1;RHOH;ROCK1;ROCK2;SLC1A5;SLC4A7;STOM;TFRC;TMEM59;TUBA1B;VAMP3;VANGL1;VCP;WDR11;ZAP70,DBN1;UACA,NIPSNAP2
RHOJ_GTPASE_CYCLE,M41815,45,46,45,0,1,0.9782608695652174,ARHGAP1;ARHGEF7;ARL13B;CAV1;CDC42;CDC42BPA;CDC42BPB;CDC42EP1;CPNE8;DEPDC1B;DIAPH3;FMNL3;FNBP1;FNBP1L;GIT1;GIT2;GJA1;IQGAP3;JUP;LAMTOR1;MPP7;OCRL;OPHN1;PAK1;PAK2;PAK3;PAK4;PIK3R1;PIK3R2;RAB7A;RHOJ;SCRIB;SLC1A5;SLC4A7;SNAP23;STEAP3;STOM;TFRC;TMPO;VAMP3;VANGL1;WAS;WASL;WIPF2;WWP2,,NIPSNAP2
RHOQ_GTPASE_CYCLE,M41812,44,44,44,0,0,1.0,ARHGAP1;ARHGAP17;ARHGEF7;ARL13B;CAV1;CDC42;CDC42BPA;CDC42BPB;CDC42EP1;CDC42EP3;CFTR;CPNE8;DEPDC1B;DIAPH3;FNBP1;GFOD1;GIT1;GIT2;GJA1;IQGAP1;IQGAP3;ITSN1;JUP;LAMTOR1;MPP7;OPHN1;PAK1;PAK2;PAK4;RAB7A;RHOQ;SCRIB;SLC1A5;SLC4A7;SNAP23;SRGAP2;STEAP3;STOM;TFRC;TRIP10;VAMP3;VANGL1;WASL;WWP2,,
RHOQ_GTPASE_CYCLE,MM15602,44,43,43,1,0,0.9772727272727273,ARHGAP1;ARHGAP17;ARHGEF7;ARL13B;CAV1;CDC42;CDC42BPA;CDC42BPB;CDC42EP1;CDC42EP3;CFTR;CPNE8;DEPDC1B;DIAPH3;FNBP1;GFOD1;GIT1;GIT2;GJA1;IQGAP1;IQGAP3;ITSN1;JUP;LAMTOR1;MPP7;OPHN1;PAK1;PAK2;PAK4;RAB7A;RHOQ;SCRIB;SLC1A5;SLC4A7;SNAP23;SRGAP2;STEAP3;STOM;TFRC;TRIP10;VAMP3;VANGL1;WWP2,WASL,
RHOU_GTPASE_CYCLE,M41816,26,26,26,0,0,1.0,ARHGEF7;CDC42;CLTC;DEPDC1B;GIT1;GIT2;GRB2;HGS;IQGAP1;ITSN2;MYO6;PAK1;PAK2;PAK3;PAK4;PARD6A;PIK3R1;PIK3R2;SPTAN1;SRC;SRGAP2;STAM;STAM2;USP9X;VANGL1;WWP2,,
RHOU_GTPASE_CYCLE,MM15607,26,25,25,1,0,0.9615384615384616,ARHGEF7;CDC42;CLTC;DEPDC1B;GIT1;GIT2;GRB2;HGS;IQGAP1;ITSN2;MYO6;PAK1;PAK2;PAK3;PAK4;PARD6A;PIK3R1;PIK3R2;SPTAN1;SRGAP2;STAM;STAM2;USP9X;VANGL1;WWP2,SRC,
RHOV_GTPASE_CYCLE,M41819,20,20,20,0,0,1.0,ARHGEF7;CCP110;CDC42;CEP97;CLTC;DEPDC1B;GIT1;GIT2;IQGAP1;PAK1;PAK2;PAK4;PAK6;PARD6A;PIK3R1;SPTAN1;TPM3;USP9X;VANGL1;WASL,,
RHOV_GTPASE_CYCLE,MM15610,20,19,19,1,0,0.95,ARHGEF7;CCP110;CDC42;CEP97;CLTC;DEPDC1B;GIT1;GIT2;IQGAP1;PAK1;PAK2;PAK4;PAK6;PARD6A;PIK3R1;SPTAN1;TPM3;USP9X;VANGL1,WASL,
RHO_GTPASES_ACTIVATE_CIT,M27489,12,12,12,0,0,1.0,DLG4;KIF14;MYH9;MYL12B;MYL9;PPP1CB;PPP1R12A;PRC1;RAC1;RHOA;RHOB;RHOC,,
RHO_GTPASES_ACTIVATE_CIT,MM15217,12,7,7,5,0,0.5833333333333334,DLG4;KIF14;PRC1;RAC1;RHOA;RHOB;RHOC,MYH9;MYL12B;MYL9;PPP1CB;PPP1R12A,
RHO_GTPASES_ACTIVATE_FORMINS,M27550,69,70,69,0,1,0.9857142857142858,ACTB;B9D2;BUB1B;CDC20;CDC42;CENPA;CENPE;CENPF;CENPT;CKAP5;DIAPH1;DIAPH2;DIAPH3;DVL1;DVL2;DYNC1H1;DYNC1I1;DYNC1I2;DYNC1LI1;DYNC1LI2;DYNLL1;DYNLL2;FMNL3;ITGB1;KIF18A;KIF2A;MAD2L1;MAPRE1;NDE1;NDEL1;NUP107;NUP133;NUP160;NUP37;NUP43;NUP85;NUP98;PAFAH1B1;PFN1;PFN2;PLK1;PPP1CC;RAC1;RANBP2;RANGAP1;RHOA;RHOB;RHOC;RHOD;SEC13;SEH1L;SRC;SRGAP2;TUBA1A;TUBA1B;TUBA1C;TUBA3E;TUBA4A;TUBA8;TUBAL3;TUBB1;TUBB2A;TUBB2B;TUBB3;TUBB4A;TUBB4B;TUBB6;TUBB8;XPO1,,TUBA3D
RHO_GTPASES_ACTIVATE_FORMINS,MM15266,69,67,66,3,1,0.9428571428571428,ACTB;B9D2;BUB1B;CDC20;CDC42;CENPA;CENPE;CENPF;CENPT;CKAP5;DIAPH1;DIAPH2;DIAPH3;DVL1;DVL2;DYNC1H1;DYNC1I1;DYNC1I2;DYNC1LI1;DYNC1LI2;DYNLL1;DYNLL2;FMNL3;KIF18A;KIF2A;MAD2L1;MAPRE1;NDE1;NDEL1;NUP107;NUP133;NUP160;NUP37;NUP43;NUP85;NUP98;PAFAH1B1;PFN1;PFN2;PLK1;PPP1CC;RAC1;RANBP2;RANGAP1;RHOA;RHOB;RHOC;RHOD;SEC13;SEH1L;SRC;SRGAP2;TUBA1A;TUBA1B;TUBA1C;TUBA4A;TUBA8;TUBAL3;TUBB1;TUBB2A;TUBB2B;TUBB3;TUBB4A;TUBB4B;TUBB6;XPO1,ITGB1;TUBA3E;TUBB8,TUBA3D
RHO_GTPASES_ACTIVATE_IQGAPS,M27491,23,24,23,0,1,0.9583333333333334,ACTB;CALM1;CDC42;CTNNB1;IQGAP1;IQGAP3;MEN1;RAC1;TUBA1A;TUBA1B;TUBA1C;TUBA3E;TUBA4A;TUBA8;TUBAL3;TUBB1;TUBB2A;TUBB2B;TUBB3;TUBB4A;TUBB4B;TUBB6;TUBB8,,TUBA3D
RHO_GTPASES_ACTIVATE_IQGAPS,MM15219,23,24,21,2,3,0.8076923076923077,ACTB;CALM1;CDC42;CTNNB1;IQGAP1;IQGAP3;MEN1;RAC1;TUBA1A;TUBA1B;TUBA1C;TUBA4A;TUBA8;TUBAL3;TUBB1;TUBB2A;TUBB2B;TUBB3;TUBB4A;TUBB4B;TUBB6,TUBA3E;TUBB8,CALM2;CALM3;TUBA3D
RHO_GTPASES_ACTIVATE_KTN1,M27490,9,9,9,0,0,1.0,CDC42;KIF5A;KIF5B;KLC1;KLC2;KLC3;KLC4;RAC1;RHOA,,
RHO_GTPASES_ACTIVATE_KTN1,MM15218,9,9,9,0,0,1.0,CDC42;KIF5A;KIF5B;KLC1;KLC2;KLC3;KLC4;RAC1;RHOA,,
RHO_GTPASES_ACTIVATE_PAKS,M27494,12,12,12,0,0,1.0,CALM1;CDC42;FLNA;MYH9;MYL12B;MYL9;PAK1;PAK2;PAK3;PPP1CB;PPP1R12A;RAC1,,
RHO_GTPASES_ACTIVATE_PAKS,MM15222,12,14,12,0,2,0.8571428571428571,CALM1;CDC42;FLNA;MYH9;MYL12B;MYL9;PAK1;PAK2;PAK3;PPP1CB;PPP1R12A;RAC1,,CALM2;CALM3
RHO_GTPASES_ACTIVATE_PKNS,MM15216,21,13,13,8,0,0.6190476190476191,AR;PPP1CB;PPP1R12A;RAC1;RHOA;RHOB;RHOC;YWHAB;YWHAE;YWHAG;YWHAH;YWHAQ;YWHAZ,H2AC18;H2AC20;H2BC21;H3-3A;MYH9;MYL12B;MYL9;PAK1,
RHO_GTPASES_ACTIVATE_ROCKS,M27493,11,11,11,0,0,1.0,MYH9;MYL12B;MYL9;PAK1;PPP1CB;PPP1R12A;RHOA;RHOB;RHOC;ROCK1;ROCK2,,
RHO_GTPASES_ACTIVATE_ROCKS,MM15221,11,5,5,6,0,0.45454545454545453,RHOA;RHOB;RHOC;ROCK1;ROCK2,MYH9;MYL12B;MYL9;PAK1;PPP1CB;PPP1R12A,
RHO_GTPASE_CYCLE,M27078,181,182,180,1,2,0.9836065573770492,AAAS;ABI2;ABL2;ABR;ACTB;ACTN1;ADD3;AKAP12;AKAP13;ALS2;ANKRD26;ARHGAP1;ARHGAP17;ARHGAP24;ARHGAP39;ARHGDIA;ARHGEF1;ARHGEF18;ARHGEF25;ARHGEF40;ARHGEF7;ARL13B;BAIAP2L1;BAIAP2L2;BASP1;BCAP31;CAPZB;CAV1;CCP110;CCT2;CCT6A;CCT7;CDC42;CDC42BPA;CDC42BPB;CDC42EP1;CDC42EP3;CEP97;CFTR;CLTC;CPNE8;CPSF7;CSK;CUL3;DBN1;DBT;DDX39B;DDX4;DEPDC1B;DIAPH1;DIAPH2;DIAPH3;DOCK1;DOCK4;ECT2;EFHD2;ELMO2;EPSTI1;ESYT1;FAM169A;FAM91A1;FARP1;FLOT1;FMNL3;FNBP1;FNBP1L;GFOD1;GIT1;GIT2;GJA1;GNA13;GRB2;HGS;HMOX2;HNRNPC;HSP90AA1;HSP90AB1;HSPE1;IQGAP1;IQGAP3;ITGB1;ITSN1;ITSN2;JUP;KCTD13;KCTD3;KIF14;LAMTOR1;LBR;LCK;LMNB1;MCAM;MCF2;MPP7;MTMR1;MTR;MUC13;MYO6;NCKAP1;NDUFA5;NDUFS3;NSFL1C;OCRL;OPHN1;OSBPL11;PAK1;PAK2;PAK3;PAK4;PAK5;PAK6;PARD6A;PDE5A;PHIP;PIK3CA;PIK3R1;PIK3R2;PIK3R3;PLXNA1;PLXNB1;POTEE;RAB7A;RAC1;RAC2;RALGAPA1;RBMX;RHOA;RHOB;RHOC;RHOD;RHOF;RHOH;RHOJ;RHOQ;RND1;ROCK1;ROCK2;SAMM50;SCFD1;SCRIB;SENP1;SHMT2;SLC1A5;SLC4A7;SNAP23;SOS1;SOS2;SOWAHC;SPTAN1;SRC;SRGAP2;SRGAP3;SRRM1;STAM;STAM2;STBD1;STEAP3;STOM;TFRC;TMEM59;TMPO;TNFAIP1;TOR1AIP1;TPM3;TRA2B;TRIP10;TUBA1B;UACA;USP9X;VAMP3;VANGL1;VANGL2;VAPB;VCP;WAS;WASL;WDR11;WIPF2;WWP2;ZAP70,CCDC115,NIPSNAP2;VMA22
RHO_GTPASE_CYCLE,MM15595,181,172,168,13,4,0.9081081081081082,AAAS;ABI2;ABL2;ABR;ACTB;ACTN1;ADD3;AKAP12;AKAP13;ALS2;ANKRD26;ARHGAP1;ARHGAP17;ARHGAP24;ARHGAP39;ARHGDIA;ARHGEF1;ARHGEF18;ARHGEF25;ARHGEF7;ARL13B;BAIAP2L1;BAIAP2L2;BASP1;BCAP31;CAPZB;CAV1;CCP110;CCT2;CCT6A;CCT7;CDC42;CDC42BPA;CDC42BPB;CDC42EP1;CDC42EP3;CEP97;CFTR;CLTC;CPNE8;CPSF7;CSK;CUL3;DBT;DDX39B;DEPDC1B;DIAPH1;DIAPH2;DIAPH3;DOCK1;DOCK4;ECT2;EFHD2;ELMO2;EPSTI1;ESYT1;FAM169A;FAM91A1;FARP1;FLOT1;FMNL3;FNBP1;GFOD1;GIT1;GIT2;GJA1;GNA13;GRB2;HGS;HMOX2;HNRNPC;HSP90AA1;HSP90AB1;HSPE1;IQGAP1;IQGAP3;ITGB1;ITSN1;ITSN2;JUP;KCTD13;KIF14;LAMTOR1;LBR;LCK;LMNB1;MCAM;MCF2;MPP7;MTMR1;MTR;MUC13;MYO6;NCKAP1;NDUFA5;NDUFS3;NSFL1C;OCRL;OPHN1;OSBPL11;PAK1;PAK2;PAK3;PAK4;PAK5;PAK6;PARD6A;PDE5A;PHIP;PIK3CA;PIK3R1;PIK3R2;PIK3R3;PLXNA1;PLXNB1;RAB7A;RAC1;RAC2;RALGAPA1;RBMX;RHOA;RHOB;RHOC;RHOD;RHOF;RHOH;RHOJ;RHOQ;RND1;ROCK1;ROCK2;SAMM50;SCFD1;SCRIB;SENP1;SHMT2;SLC1A5;SLC4A7;SNAP23;SOS1;SOS2;SOWAHC;SPTAN1;SRGAP2;SRGAP3;SRRM1;STAM;STAM2;STBD1;STEAP3;STOM;TFRC;TMEM59;TNFAIP1;TOR1AIP1;TPM3;TRA2B;TRIP10;TUBA1B;USP9X;VAMP3;VANGL1;VANGL2;VAPB;VCP;WDR11;WWP2;ZAP70,ARHGEF40;CCDC115;DBN1;DDX4;FNBP1L;KCTD3;POTEE;SRC;TMPO;UACA;WAS;WASL;WIPF2,HNRNPCL1;NIPSNAP2;RBM39;VMA22
RHO_GTPASE_EFFECTORS,M27080,120,125,120,0,5,0.96,ABI2;ABL1;ACTB;AR;B9D2;BUB1B;CALM1;CDC20;CDC42;CENPA;CENPE;CENPF;CENPT;CFTR;CKAP5;CTNNB1;DIAPH1;DIAPH2;DIAPH3;DLG4;DVL1;DVL2;DYNC1H1;DYNC1I1;DYNC1I2;DYNC1LI1;DYNC1LI2;DYNLL1;DYNLL2;FLNA;FMNL3;GRB2;H2AC18;H2AC20;H2BC21;H3-3A;IQGAP1;IQGAP3;ITGB1;KIF14;KIF18A;KIF2A;KIF5A;KIF5B;KLC1;KLC2;KLC3;KLC4;MAD2L1;MAPK1;MAPK3;MAPRE1;MEN1;MYH9;MYL12B;MYL9;NCKAP1;NDE1;NDEL1;NUP107;NUP133;NUP160;NUP37;NUP43;NUP85;NUP98;PAFAH1B1;PAK1;PAK2;PAK3;PFN1;PFN2;PLK1;PPP1CB;PPP1CC;PPP1R12A;PRC1;PRKCA;PRKCB;PRKCZ;RAC1;RAC2;RANBP2;RANGAP1;RHOA;RHOB;RHOC;RHOD;RHOQ;ROCK1;ROCK2;SEC13;SEH1L;SRC;SRGAP2;TUBA1A;TUBA1B;TUBA1C;TUBA3E;TUBA4A;TUBA8;TUBAL3;TUBB1;TUBB2A;TUBB2B;TUBB3;TUBB4A;TUBB4B;TUBB6;TUBB8;WAS;WASL;WIPF2;XPO1;YWHAB;YWHAE;YWHAG;YWHAH;YWHAQ;YWHAZ,,H2AX;H3-3B;H3C2;H4C6;TUBA3D
RHO_GTPASE_EFFECTORS,MM14755,120,112,109,11,3,0.8861788617886179,ABI2;ABL1;ACTB;AR;B9D2;BUB1B;CALM1;CDC20;CDC42;CENPA;CENPE;CENPF;CENPT;CFTR;CKAP5;CTNNB1;DIAPH1;DIAPH2;DIAPH3;DLG4;DVL1;DVL2;DYNC1H1;DYNC1I1;DYNC1I2;DYNC1LI1;DYNC1LI2;DYNLL1;DYNLL2;FLNA;FMNL3;GRB2;IQGAP1;IQGAP3;KIF14;KIF18A;KIF2A;KIF5A;KIF5B;KLC1;KLC2;KLC3;KLC4;MAD2L1;MAPK1;MAPK3;MAPRE1;MEN1;MYH9;MYL12B;MYL9;NCKAP1;NDE1;NDEL1;NUP107;NUP133;NUP160;NUP37;NUP43;NUP85;NUP98;PAFAH1B1;PAK1;PAK2;PAK3;PFN1;PFN2;PLK1;PPP1CB;PPP1CC;PPP1R12A;PRC1;PRKCB;PRKCZ;RAC1;RAC2;RANBP2;RANGAP1;RHOA;RHOB;RHOC;RHOD;RHOQ;ROCK1;ROCK2;SEC13;SEH1L;SRC;SRGAP2;TUBA1A;TUBA1B;TUBA1C;TUBA4A;TUBA8;TUBAL3;TUBB1;TUBB2A;TUBB2B;TUBB3;TUBB4A;TUBB4B;TUBB6;XPO1;YWHAB;YWHAE;YWHAG;YWHAH;YWHAQ;YWHAZ,H2AC18;H2AC20;H2BC21;H3-3A;ITGB1;PRKCA;TUBA3E;TUBB8;WAS;WASL;WIPF2,CALM2;CALM3;TUBA3D
RIBAVIRIN_ADME,M46429,7,7,7,0,0,1.0,ADA;ADK;ITPA;NME1;NME2;NT5C2;PNP,,
RIBAVIRIN_ADME,MM16638,7,8,7,0,1,0.875,ADA;ADK;ITPA;NME1;NME2;NT5C2;PNP,,NME1-NME2
RNA_POLYMERASE_II_TRANSCRIPTION_TERMINATION,M27694,47,47,47,0,0,1.0,ALYREF;CASC3;CDC40;CLP1;CPSF1;CPSF6;CPSF7;CSTF2;DDX39A;DDX39B;DHX38;EIF4A3;LSM10;MAGOH;MAGOHB;NCBP1;NCBP2;NUDT21;PABPN1;PAPOLA;PCF11;POLDIP3;RBM8A;RNPS1;SLU7;SNRPB;SNRPD3;SNRPE;SNRPF;SNRPG;SRRM1;SRSF1;SRSF11;SRSF2;SRSF3;SRSF4;SRSF5;SRSF6;SRSF7;SRSF9;THOC1;THOC2;U2AF1;U2AF1L4;U2AF2;UPF3B;WDR33,,
RNA_POLYMERASE_II_TRANSCRIPTION_TERMINATION,MM15426,47,44,44,3,0,0.9361702127659575,ALYREF;CASC3;CDC40;CLP1;CPSF1;CPSF6;CPSF7;CSTF2;DDX39A;DDX39B;DHX38;EIF4A3;LSM10;MAGOH;NCBP1;NCBP2;NUDT21;PABPN1;PAPOLA;PCF11;POLDIP3;RBM8A;RNPS1;SLU7;SNRPB;SNRPD3;SNRPE;SNRPF;SNRPG;SRRM1;SRSF1;SRSF11;SRSF2;SRSF3;SRSF5;SRSF7;SRSF9;THOC1;THOC2;U2AF1;U2AF1L4;U2AF2;UPF3B;WDR33,MAGOHB;SRSF4;SRSF6,
ROBO_RECEPTORS_BIND_AKAP5,M27877,6,6,6,0,0,1.0,PPP3CB;PRKACA;PRKACB;PRKACG;PRKAR2A;PRKCA,,
RRNA_MODIFICATION_IN_THE_NUCLEUS_AND_CYTOSOL,M27613,25,26,25,0,1,0.9615384615384616,BMS1;DDX49;DDX52;DHX37;FBL;NAT10;NHP2;NOC4L;NOL11;NOL6;NOP14;NOP56;NOP58;PDCD11;RCL1;RPS14;RPS2;RPS9;RRP36;SNU13;UTP14A;UTP14C;UTP25;UTP6;WDR36,,BUD23
RRNA_PROCESSING,M27685,77,71,69,8,2,0.8734177215189873,BMS1;BOP1;BYSL;DDX21;DDX49;DDX52;DHX37;EBNA1BP2;EXOSC10;EXOSC2;EXOSC9;FBL;FTSJ3;GNL3;HSD17B10;LAS1L;NAT10;NHP2;NOC4L;NOL11;NOL6;NOP14;NOP56;NOP58;PDCD11;PELP1;PES1;RBM28;RCL1;RPL11;RPL19;RPL22L1;RPL23;RPL27;RPL36AL;RPL5;RPL6;RPL7;RPL7A;RPLP1;RPP38;RPS10;RPS11;RPS12;RPS13;RPS14;RPS18;RPS2;RPS20;RPS21;RPS23;RPS25;RPS27A;RPS27L;RPS3;RPS9;RRP1;RRP36;SENP3;SNU13;TEX10;UBA52;UTP14A;UTP14C;UTP25;UTP6;WDR12;WDR36;XRN2,MT-CO1;MT-CO2;MT-CO3;MT-CYB;MT-ND1;MT-ND2;MT-ND4;MT-ND5,BUD23;MTREX
RUNX1_INTERACTS_WITH_CO_FACTORS_WHOSE_PRECISE_EFFECT_ON_RUNX1_TARGETS_IS_NOT_KNOWN,M27797,16,16,16,0,0,1.0,BMI1;CBX2;CBX4;CBX8;EP300;HIPK2;PCGF5;PHC1;PHC2;PHC3;RING1;RNF2;RYBP;SCMH1;SMARCC2;YAF2,,
RUNX1_INTERACTS_WITH_CO_FACTORS_WHOSE_PRECISE_EFFECT_ON_RUNX1_TARGETS_IS_NOT_KNOWN,MM15531,16,16,16,0,0,1.0,BMI1;CBX2;CBX4;CBX8;EP300;HIPK2;PCGF5;PHC1;PHC2;PHC3;RING1;RNF2;RYBP;SCMH1;SMARCC2;YAF2,,
SARS_COV_1_ACTIVATES_MODULATES_INNATE_IMMUNE_RESPONSES,M46425,21,21,21,0,0,1.0,FKBP1A;IKBKE;KPNA2;MAVS;NFKBIA;NLRP3;NMI;PCBP2;PPIA;PPIB;PPIG;PPIH;RELA;RPS27A;TBK1;TKFC;TOMM70;TRAF3;UBA52;UBB;UBC,,
SARS_COV_1_HOST_INTERACTIONS,M46424,51,50,50,1,0,0.9803921568627451,CAV1;EEF1A1;EP300;FKBP1A;HNRNPA1;IKBKE;KPNA2;MAVS;NFKBIA;NLRP3;NMI;NPM1;PCBP2;PKLR;PPIA;PPIB;PPIG;PPIH;RELA;RPS10;RPS11;RPS12;RPS13;RPS14;RPS18;RPS2;RPS20;RPS21;RPS23;RPS25;RPS27A;RPS27L;RPS3;RPS9;SMAD4;SP1;TBK1;TKFC;TOMM70;TRAF3;UBA52;UBB;UBC;UBE2I;YWHAB;YWHAE;YWHAG;YWHAH;YWHAQ;YWHAZ,MPP5,
SARS_COV_1_INFECTION,M39006,67,66,66,1,0,0.9850746268656716,CANX;CAV1;CHMP2A;CHMP2B;CHMP3;CHMP4A;CHMP4B;CHMP4C;CHMP6;CHMP7;DDX5;EEF1A1;EP300;FKBP1A;GANAB;GSK3B;HNRNPA1;IKBKE;KPNA2;MAP1LC3B;MAVS;MGAT1;NFKBIA;NLRP3;NMI;NPM1;PCBP2;PKLR;PPIA;PPIB;PPIG;PPIH;RELA;RPS10;RPS11;RPS12;RPS13;RPS14;RPS18;RPS2;RPS20;RPS21;RPS23;RPS25;RPS27A;RPS27L;RPS3;RPS9;SMAD4;SP1;SUMO1;TBK1;TKFC;TOMM70;TRAF3;UBA52;UBB;UBC;UBE2I;VCP;YWHAB;YWHAE;YWHAG;YWHAH;YWHAQ;YWHAZ,MPP5,
SARS_COV_1_MODULATES_HOST_TRANSLATION_MACHINERY,M46427,17,17,17,0,0,1.0,EEF1A1;HNRNPA1;RPS10;RPS11;RPS12;RPS13;RPS14;RPS18;RPS2;RPS20;RPS21;RPS23;RPS25;RPS27A;RPS27L;RPS3;RPS9,,
SARS_COV_1_TARGETS_HOST_INTRACELLULAR_SIGNALLING_AND_REGULATORY_PATHWAYS,M46428,11,11,11,0,0,1.0,CAV1;EP300;SMAD4;SP1;UBE2I;YWHAB;YWHAE;YWHAG;YWHAH;YWHAQ;YWHAZ,,
SARS_COV_2_ACTIVATES_MODULATES_INNATE_AND_ADAPTIVE_IMMUNE_RESPONSES,M45009,58,58,58,0,0,1.0,AAAS;CREBBP;G3BP1;G3BP2;HLA-A;HLA-B;HSP90AA1;HSP90AB1;IFNAR1;IKBKE;IL17A;IRAK1;KPNA2;MAVS;NDC1;NLRP12;NLRP3;NOD2;NUP107;NUP133;NUP153;NUP155;NUP160;NUP188;NUP205;NUP210;NUP214;NUP35;NUP37;NUP42;NUP43;NUP50;NUP54;NUP58;NUP62;NUP85;NUP88;NUP93;NUP98;POM121;POM121C;RAE1;RANBP2;RPS27A;SEC13;SEC24C;SEH1L;STAT1;STAT2;TBK1;TKFC;TLR2;TOMM70;TPR;TRAF3;UBA52;UBB;UBC,,
SARS_COV_2_HOST_INTERACTIONS,M45011,101,100,100,1,0,0.9900990099009901,AAAS;AKT1;AKT2;AKT3;CAV1;CRB3;CREBBP;DDX20;G3BP1;G3BP2;GEMIN4;GJA1;HLA-A;HLA-B;HSP90AA1;HSP90AB1;IFNAR1;IKBKE;IL17A;IRAK1;KPNA2;MAP1LC3B;MAVS;NDC1;NLRP12;NLRP3;NOD2;NUP107;NUP133;NUP153;NUP155;NUP160;NUP188;NUP205;NUP210;NUP214;NUP35;NUP37;NUP42;NUP43;NUP50;NUP54;NUP58;NUP62;NUP85;NUP88;NUP93;NUP98;PATJ;POM121;POM121C;RAE1;RANBP2;RPS10;RPS11;RPS12;RPS13;RPS14;RPS18;RPS2;RPS20;RPS21;RPS23;RPS25;RPS27A;RPS27L;RPS3;RPS9;SEC13;SEC24C;SEH1L;SMN1;SNRPB;SNRPD1;SNRPD2;SNRPD3;SNRPE;SNRPF;SNRPG;STAT1;STAT2;TBK1;TJP1;TKFC;TLR2;TOMM70;TPR;TRAF3;TUFM;UBA52;UBB;UBC;VPS16;VPS39;YWHAB;YWHAE;YWHAG;YWHAH;YWHAQ;YWHAZ,MPP5,
SARS_COV_2_INFECTION,M41727,135,134,134,1,0,0.9925925925925926,AAAS;AGRN;AKT1;AKT2;AKT3;ANO1;ANO2;ANO5;CANX;CAV1;CHMP2A;CHMP2B;CHMP3;CHMP4A;CHMP4B;CHMP4C;CHMP6;CHMP7;CRB3;CREBBP;DDOST;DDX20;DDX5;G3BP1;G3BP2;GANAB;GEMIN4;GJA1;GSK3B;HLA-A;HLA-B;HSP90AA1;HSP90AB1;HSPG2;IFNAR1;IKBKE;IL17A;IRAK1;KPNA2;MAN1B1;MAN2A1;MAP1LC3B;MAVS;MGAT1;MGAT2;MGAT4A;MGAT4B;MGAT5;NDC1;NLRP12;NLRP3;NOD2;NUP107;NUP133;NUP153;NUP155;NUP160;NUP188;NUP205;NUP210;NUP214;NUP35;NUP37;NUP42;NUP43;NUP50;NUP54;NUP58;NUP62;NUP85;NUP88;NUP93;NUP98;PATJ;POM121;POM121C;RAE1;RANBP2;RPN1;RPN2;RPS10;RPS11;RPS12;RPS13;RPS14;RPS18;RPS2;RPS20;RPS21;RPS23;RPS25;RPS27A;RPS27L;RPS3;RPS9;SDC1;SEC13;SEC24C;SEH1L;SMN1;SNRPB;SNRPD1;SNRPD2;SNRPD3;SNRPE;SNRPF;SNRPG;SRPK1;SRPK2;STAT1;STAT2;SUMO1;TBK1;TJP1;TKFC;TLR2;TOMM70;TPR;TRAF3;TUFM;UBA52;UBB;UBC;UBE2I;VCP;VPS16;VPS39;YWHAB;YWHAE;YWHAG;YWHAH;YWHAQ;YWHAZ;ZDHHC2,MPP5,
SARS_COV_2_MODULATES_HOST_TRANSLATION_MACHINERY,M45019,25,25,25,0,0,1.0,DDX20;GEMIN4;RPS10;RPS11;RPS12;RPS13;RPS14;RPS18;RPS2;RPS20;RPS21;RPS23;RPS25;RPS27A;RPS27L;RPS3;RPS9;SMN1;SNRPB;SNRPD1;SNRPD2;SNRPD3;SNRPE;SNRPF;SNRPG,,
SARS_COV_2_TARGETS_HOST_INTRACELLULAR_SIGNALLING_AND_REGULATORY_PATHWAYS,M45022,10,10,10,0,0,1.0,AKT1;AKT2;AKT3;CAV1;YWHAB;YWHAE;YWHAG;YWHAH;YWHAQ;YWHAZ,,
SARS_COV_2_TARGETS_PDZ_PROTEINS_IN_CELL_CELL_JUNCTION,M45010,5,4,4,1,0,0.8,CRB3;GJA1;PATJ;TJP1,MPP5,
SARS_COV_INFECTIONS,M39009,184,183,183,1,0,0.9945652173913043,AAAS;AGRN;AKT1;AKT2;AKT3;ANO1;ANO2;ANO5;AP2A1;AP2A2;AP2B1;ARID4A;ARID4B;ATP1A4;BRD4;BRMS1;CANX;CAV1;CHD3;CHD4;CHMP2A;CHMP2B;CHMP3;CHMP4A;CHMP4B;CHMP4C;CHMP6;CHMP7;CRB3;CREBBP;CUL3;DDOST;DDX20;DDX5;EEF1A1;EP300;FKBP1A;FNTA;FNTB;G3BP1;G3BP2;GANAB;GEMIN4;GJA1;GRB2;GSK3B;HDAC1;HDAC2;HLA-A;HLA-B;HNRNPA1;HSP90AA1;HSP90AB1;HSPG2;IFNAR1;IGHD;IKBKE;IL17A;IMPDH1;IMPDH2;IRAK1;ITGA4;ITGB1;JAK2;KEAP1;KPNA2;MAN1B1;MAN2A1;MAP1LC3B;MAVS;MGAT1;MGAT2;MGAT4A;MGAT4B;MGAT5;NDC1;NFE2L2;NFKBIA;NLRP12;NLRP3;NMI;NOD2;NPM1;NUP107;NUP133;NUP153;NUP155;NUP160;NUP188;NUP205;NUP210;NUP214;NUP35;NUP37;NUP42;NUP43;NUP50;NUP54;NUP58;NUP62;NUP85;NUP88;NUP93;NUP98;PATJ;PCBP2;PKLR;PLCG2;POM121;POM121C;PPIA;PPIB;PPIG;PPIH;PTGES3;RAE1;RANBP2;RBX1;RCOR1;RELA;ROCK1;ROCK2;RPN1;RPN2;RPS10;RPS11;RPS12;RPS13;RPS14;RPS18;RPS2;RPS20;RPS21;RPS23;RPS25;RPS27A;RPS27L;RPS3;RPS9;SAP18;SDC1;SEC13;SEC24C;SEH1L;SMAD4;SMN1;SNRPB;SNRPD1;SNRPD2;SNRPD3;SNRPE;SNRPF;SNRPG;SOS1;SP1;SRPK1;SRPK2;STAT1;STAT2;SUMO1;TBK1;TJP1;TKFC;TLR2;TOMM70;TPR;TRAF3;TUBB;TUFM;UBA52;UBB;UBC;UBE2I;VCP;VPS16;VPS39;YWHAB;YWHAE;YWHAG;YWHAH;YWHAQ;YWHAZ;ZDHHC2,MPP5,
SEALING_OF_THE_NUCLEAR_ENVELOPE_NE_BY_ESCRT_III,M29848,23,24,23,0,1,0.9583333333333334,CHMP2A;CHMP2B;CHMP3;CHMP4A;CHMP4B;CHMP4C;CHMP6;CHMP7;TUBA1A;TUBA1B;TUBA1C;TUBA3E;TUBA4A;TUBA8;TUBAL3;TUBB1;TUBB2A;TUBB2B;TUBB3;TUBB4A;TUBB4B;TUBB6;TUBB8,,TUBA3D
SEALING_OF_THE_NUCLEAR_ENVELOPE_NE_BY_ESCRT_III,MM15674,23,22,20,3,2,0.8,CHMP2A;CHMP2B;CHMP3;CHMP4B;CHMP4C;CHMP6;CHMP7;TUBA1A;TUBA1B;TUBA1C;TUBA4A;TUBA8;TUBAL3;TUBB1;TUBB2A;TUBB2B;TUBB3;TUBB4A;TUBB4B;TUBB6,CHMP4A;TUBA3E;TUBB8,RNF103-CHMP3;TUBA3D
SELECTIVE_AUTOPHAGY,M29841,54,56,54,0,2,0.9642857142857143,ARL13B;CETN1;CFTR;DYNC1H1;DYNC1I1;DYNC1I2;DYNC1LI1;DYNC1LI2;DYNLL1;DYNLL2;HDAC6;HSP90AA1;HSPA8;IFT88;MAP1LC3A;MAP1LC3B;OPTN;PARK7;PCNT;PLIN2;RPS27A;SRC;TBK1;TOMM20;TOMM22;TOMM40;TOMM5;TOMM6;TOMM7;TOMM70;TUBA1A;TUBA1B;TUBA1C;TUBA3E;TUBA4A;TUBA8;TUBAL3;TUBB1;TUBB2A;TUBB2B;TUBB3;TUBB4A;TUBB4B;TUBB6;TUBB8;UBA52;UBB;UBC;UBE2D2;UBE2D3;VCP;VDAC1;VDAC2;VDAC3,,PRKN;TUBA3D
SELECTIVE_AUTOPHAGY,MM15672,54,48,46,8,2,0.8214285714285714,ARL13B;CETN1;CFTR;DYNC1H1;DYNC1I1;DYNC1I2;DYNC1LI1;DYNC1LI2;DYNLL1;DYNLL2;HDAC6;MAP1LC3A;MAP1LC3B;OPTN;PARK7;RPS27A;SRC;TBK1;TOMM20;TOMM22;TOMM40;TOMM5;TOMM6;TOMM7;TOMM70;TUBA1A;TUBA1B;TUBA1C;TUBA4A;TUBA8;TUBAL3;TUBB1;TUBB2A;TUBB2B;TUBB3;TUBB4A;TUBB4B;TUBB6;UBA52;UBB;UBC;UBE2D2;UBE2D3;VDAC1;VDAC2;VDAC3,HSP90AA1;HSPA8;IFT88;PCNT;PLIN2;TUBA3E;TUBB8;VCP,PRKN;TUBA3D
SEMA3A_PAK_DEPENDENT_AXON_REPULSION,M16498,9,9,9,0,0,1.0,FYN;HSP90AA1;HSP90AB1;PAK1;PAK2;PAK3;PLXNA1;RAC1;SEMA3A,,
SEMA3A_PAK_DEPENDENT_AXON_REPULSION,MM15029,9,8,8,1,0,0.8888888888888888,FYN;HSP90AA1;HSP90AB1;PAK1;PAK2;PAK3;PLXNA1;RAC1,SEMA3A,
SEMA4D_INDUCED_CELL_MIGRATION_AND_GROWTH_CONE_COLLAPSE,M18415,11,11,11,0,0,1.0,ERBB2;MYH9;MYL12B;MYL9;PLXNB1;RHOA;RHOB;RHOC;RND1;ROCK1;ROCK2,,
SEMA4D_INDUCED_CELL_MIGRATION_AND_GROWTH_CONE_COLLAPSE,MM15046,11,8,8,3,0,0.7272727272727273,ERBB2;PLXNB1;RHOA;RHOB;RHOC;RND1;ROCK1;ROCK2,MYH9;MYL12B;MYL9,
SEMA4D_IN_SEMAPHORIN_SIGNALING,M2243,12,12,12,0,0,1.0,ERBB2;MYH9;MYL12B;MYL9;PLXNB1;RAC1;RHOA;RHOB;RHOC;RND1;ROCK1;ROCK2,,
SEMA4D_IN_SEMAPHORIN_SIGNALING,MM15037,12,9,9,3,0,0.75,ERBB2;PLXNB1;RAC1;RHOA;RHOB;RHOC;RND1;ROCK1;ROCK2,MYH9;MYL12B;MYL9,
SEMAPHORIN_INTERACTIONS,M7923,28,28,28,0,0,1.0,CDK5;DPYSL3;ERBB2;FYN;GSK3B;HSP90AA1;HSP90AB1;ITGB1;MYH9;MYL12B;MYL9;PAK1;PAK2;PAK3;PIP5K1C;PLXNA1;PLXNB1;PTPRC;RAC1;RHOA;RHOB;RHOC;RND1;ROCK1;ROCK2;SEMA3A;SEMA4A;TREM2,,
SEMAPHORIN_INTERACTIONS,MM14967,28,23,23,5,0,0.8214285714285714,CDK5;DPYSL3;ERBB2;FYN;GSK3B;HSP90AA1;HSP90AB1;PAK1;PAK2;PAK3;PIP5K1C;PLXNA1;PLXNB1;PTPRC;RAC1;RHOA;RHOB;RHOC;RND1;ROCK1;ROCK2;SEMA4A;TREM2,ITGB1;MYH9;MYL12B;MYL9;SEMA3A,
SENESCENCE_ASSOCIATED_SECRETORY_PHENOTYPE_SASP,M27187,35,39,35,0,4,0.8974358974358975,ANAPC1;ANAPC10;ANAPC11;ANAPC15;ANAPC16;ANAPC2;ANAPC4;ANAPC5;ANAPC7;CDC16;CDC23;CDC26;CDC27;CDKN2A;CEBPB;FOS;FZR1;H2AC18;H2AC20;H2BC21;H3-3A;IL6;JUN;MAPK1;MAPK3;RELA;RPS27A;STAT3;UBA52;UBB;UBC;UBE2C;UBE2D1;UBE2E1;UBE2S,,H2AX;H3-3B;H3C2;H4C6
SENESCENCE_ASSOCIATED_SECRETORY_PHENOTYPE_SASP,MM14900,35,25,25,10,0,0.7142857142857143,ANAPC1;ANAPC10;ANAPC11;ANAPC15;ANAPC16;ANAPC2;ANAPC4;ANAPC5;ANAPC7;CDC16;CDC23;CDC26;CDC27;CEBPB;FZR1;MAPK1;MAPK3;RPS27A;UBA52;UBB;UBC;UBE2C;UBE2D1;UBE2E1;UBE2S,CDKN2A;FOS;H2AC18;H2AC20;H2BC21;H3-3A;IL6;JUN;RELA;STAT3,
SENSORY_PROCESSING_OF_SOUND,M41822,41,42,41,0,1,0.9761904761904762,ACTB;CABP1;CABP2;CAPZA1;CAPZB;CASK;CDH23;CIB2;CLIC5;CTBP2;DNAJC5;ESPN;FSCN2;GSN;KCNMA1;KCNQ4;LHFPL5;MPP1;MSN;MYH9;MYO15A;MYO3A;MYO7A;OTOF;OTOG;OTOGL;PCDH15;PCLO;SLC17A8;SLC26A5;SNAP25;SPTAN1;STRC;STX1A;SYP;TMC1;TRIOBP;USH1C;USH1G;WHRN;XIRP2,,PJVK
SENSORY_PROCESSING_OF_SOUND_BY_OUTER_HAIR_CELLS_OF_THE_COCHLEA,M41823,29,30,29,0,1,0.9666666666666667,ACTB;CASK;CDH23;CIB2;CLIC5;ESPN;FSCN2;GSN;KCNMA1;KCNQ4;LHFPL5;MPP1;MSN;MYH9;MYO15A;MYO3A;MYO7A;OTOG;OTOGL;PCDH15;SLC26A5;SPTAN1;STRC;TMC1;TRIOBP;USH1C;USH1G;WHRN;XIRP2,,PJVK
SEPARATION_OF_SISTER_CHROMATIDS,M29614,85,86,85,0,1,0.9883720930232558,ADRM1;ANAPC1;ANAPC10;ANAPC11;ANAPC15;ANAPC16;ANAPC2;ANAPC4;ANAPC5;ANAPC7;B9D2;BUB1B;CDC16;CDC20;CDC23;CDC26;CDC27;CENPA;CENPE;CENPF;CENPT;CKAP5;DYNC1H1;DYNC1I1;DYNC1I2;DYNC1LI1;DYNC1LI2;DYNLL1;DYNLL2;HDAC8;KIF18A;KIF2A;MAD2L1;MAPRE1;NDE1;NDEL1;NUP107;NUP133;NUP160;NUP37;NUP43;NUP85;NUP98;PAFAH1B1;PDS5A;PDS5B;PLK1;PPP1CC;PSMC1;PSMC5;PSMD13;PSMD14;PSMD2;PSMD3;RANBP2;RANGAP1;RPS27A;SEC13;SEH1L;SMC1A;SMC3;STAG2;TUBA1A;TUBA1B;TUBA1C;TUBA3E;TUBA4A;TUBA8;TUBAL3;TUBB1;TUBB2A;TUBB2B;TUBB3;TUBB4A;TUBB4B;TUBB6;TUBB8;UBA52;UBB;UBC;UBE2C;UBE2D1;UBE2E1;UBE2S;XPO1,,TUBA3D
SEPARATION_OF_SISTER_CHROMATIDS,MM14890,85,84,83,2,1,0.9651162790697675,ADRM1;ANAPC1;ANAPC10;ANAPC11;ANAPC15;ANAPC16;ANAPC2;ANAPC4;ANAPC5;ANAPC7;B9D2;BUB1B;CDC16;CDC20;CDC23;CDC26;CDC27;CENPA;CENPE;CENPF;CENPT;CKAP5;DYNC1H1;DYNC1I1;DYNC1I2;DYNC1LI1;DYNC1LI2;DYNLL1;DYNLL2;HDAC8;KIF18A;KIF2A;MAD2L1;MAPRE1;NDE1;NDEL1;NUP107;NUP133;NUP160;NUP37;NUP43;NUP85;NUP98;PAFAH1B1;PDS5A;PDS5B;PLK1;PPP1CC;PSMC1;PSMC5;PSMD13;PSMD14;PSMD2;PSMD3;RANBP2;RANGAP1;RPS27A;SEC13;SEH1L;SMC1A;SMC3;STAG2;TUBA1A;TUBA1B;TUBA1C;TUBA4A;TUBA8;TUBAL3;TUBB1;TUBB2A;TUBB2B;TUBB3;TUBB4A;TUBB4B;TUBB6;UBA52;UBB;UBC;UBE2C;UBE2D1;UBE2E1;UBE2S;XPO1,TUBA3E;TUBB8,TUBA3D
SIGNALING_BY_ALK,M42517,17,17,17,0,0,1.0,ALK;EP300;HDAC1;HDAC2;HDAC3;HIF1A;IL2RG;MYC;PIK3CA;PIK3CB;PIK3R1;PIK3R2;PLCG1;PRDM1;SIN3A;SRC;STAT3,,
SIGNALING_BY_ALK,MM14790,17,10,10,7,0,0.5882352941176471,ALK;EP300;HDAC1;HDAC3;PIK3CA;PIK3CB;PIK3R1;PIK3R2;PLCG1;STAT3,HDAC2;HIF1A;IL2RG;MYC;PRDM1;SIN3A;SRC,
SIGNALING_BY_ALK_IN_CANCER,M42521,44,44,44,0,0,1.0,ALK;ATIC;CEBPB;CLTC;DCTN1;EEF1G;EIF2AK3;EML4;FN1;GRB2;HDAC1;IL10;JUN;KIF5B;KLC1;MAPK1;MAPK3;MAPK8;MAPK9;MDM2;MECP2;MSN;MYH9;NPM1;PIK3CA;PIK3CB;PIK3R1;PIK3R2;PLCG1;PPM1B;PRKAR1A;RANBP2;RBX1;RPS27A;SKP1;STAT1;STAT3;TP53;TPM3;TPR;UBA52;UBB;UBC;ZAP70,,
SIGNALING_BY_BRAF_AND_RAF1_FUSIONS,M38994,50,50,50,0,0,1.0,ACTB;AGGF1;AGK;AGTRAP;AKAP9;AP3B1;ARAF;ARRB1;ARRB2;ATG7;BCL2L11;BRAF;CALM1;CAMK2A;CAMK2B;CAMK2D;CAMK2G;CLCN6;CSK;ESRP1;FAM114A2;FAM131B;FN1;FXR1;HRAS;IQGAP1;JAK2;KDM7A;KIAA1549;KRAS;KSR1;LMNA;MAP2K1;MAP2K2;MAPK1;MAPK3;MPRIP;NRAS;PAPSS1;PEBP1;QKI;RAF1;SND1;SRC;TENT4A;TRAK1;TRIM24;VWF;YWHAB;ZC3HAV1,,
SIGNALING_BY_CSF1_M_CSF_IN_MYELOID_CELLS,M46423,17,17,17,0,0,1.0,CSF1;FYN;GRB2;KRAS;PIK3CA;PIK3CB;PIK3CD;PIK3R1;PLCG2;RPS27A;SOS1;SRC;STAT1;STAT3;UBA52;UBB;UBC,,
SIGNALING_BY_CSF3_G_CSF,M41825,14,14,14,0,0,1.0,GRB2;JAK2;KRAS;RPS27A;SOCS1;SOCS3;STAT1;STAT3;UBA52;UBB;UBC;UBE2D1;UBE2D2;UBE2D3,,
SIGNALING_BY_CSF3_G_CSF,MM15675,14,12,12,2,0,0.8571428571428571,GRB2;JAK2;KRAS;RPS27A;SOCS1;SOCS3;UBA52;UBB;UBC;UBE2D1;UBE2D2;UBE2D3,STAT1;STAT3,
SIGNALING_BY_CYTOSOLIC_FGFR1_FUSION_MUTANTS,M673,9,9,9,0,0,1.0,CNTRL;CPSF6;CUX1;GRB2;PIK3CA;PIK3R1;STAT1;STAT3;TRIM24,,
SIGNALING_BY_EGFR,M27039,27,27,27,0,0,1.0,AAMP;ADAM17;ARHGEF7;CDC42;CSK;EGFR;EPN1;EPS15;EPS15L1;GAB1;GRB2;HGS;HRAS;KRAS;NRAS;PIK3CA;PIK3R1;PLCG1;PTPN3;RPS27A;SOS1;SRC;STAM;STAM2;UBA52;UBB;UBC,,
SIGNALING_BY_EGFR,MM14695,27,25,25,2,0,0.9259259259259259,AAMP;ARHGEF7;CDC42;CSK;EGFR;EPN1;EPS15;EPS15L1;GAB1;GRB2;HGS;HRAS;KRAS;PIK3CA;PIK3R1;PLCG1;PTPN3;RPS27A;SOS1;SRC;STAM;STAM2;UBA52;UBB;UBC,ADAM17;NRAS,
SIGNALING_BY_EGFR_IN_CANCER,M563,15,15,15,0,0,1.0,EGFR;GAB1;GRB2;HRAS;HSP90AA1;KRAS;NRAS;PIK3CA;PIK3R1;PLCG1;RPS27A;SOS1;UBA52;UBB;UBC,,
SIGNALING_BY_ERBB2,M553,26,26,26,0,0,1.0,AKT1;AKT2;AKT3;DIAPH1;EGFR;ERBB2;FYN;GAB1;GRB2;HRAS;HSP90AA1;KRAS;MEMO1;NRAS;PIK3CA;PIK3R1;PLCG1;PRKCA;RHOA;RPS27A;SOS1;SRC;STUB1;UBA52;UBB;UBC,,
SIGNALING_BY_ERBB2,MM14520,26,23,23,3,0,0.8846153846153846,AKT1;AKT2;AKT3;DIAPH1;EGFR;ERBB2;FYN;GAB1;GRB2;HRAS;HSP90AA1;KRAS;MEMO1;PIK3CA;PIK3R1;RHOA;RPS27A;SOS1;SRC;STUB1;UBA52;UBB;UBC,NRAS;PLCG1;PRKCA,
SIGNALING_BY_ERBB2_ECD_MUTANTS,M29847,12,12,12,0,0,1.0,EGFR;ERBB2;GAB1;GRB2;HRAS;HSP90AA1;KRAS;NRAS;PIK3CA;PIK3R1;PLCG1;SOS1,,
SIGNALING_BY_ERBB2_IN_CANCER,M29535,12,12,12,0,0,1.0,EGFR;ERBB2;GAB1;GRB2;HRAS;HSP90AA1;KRAS;NRAS;PIK3CA;PIK3R1;PLCG1;SOS1,,
SIGNALING_BY_ERBB4,M544,25,25,25,0,0,1.0,ADAM17;APOE;DLG4;EGFR;GABRA1;GABRB1;GABRG2;GFAP;GRB2;HRAS;KRAS;NCOR1;NEDD4;NRAS;PGR;PIK3CA;PIK3R1;RPS27A;S100B;SOS1;SRC;UBA52;UBB;UBC;WWOX,,
SIGNALING_BY_ERYTHROPOIETIN,M27865,14,14,14,0,0,1.0,GAB1;GRB2;HRAS;JAK2;KRAS;NRAS;PIK3CA;PIK3CB;PIK3CD;PIK3CG;PIK3R1;PLCG1;PLCG2;SOS1,,
SIGNALING_BY_FGFR,M1090,33,33,33,0,0,1.0,ANOS1;BRAF;ESRP1;FGFR1;GAB1;GALNT3;GRB2;HNRNPA1;HNRNPF;HNRNPH1;HNRNPM;HRAS;KRAS;MAPK1;MAPK3;NCBP1;NCBP2;NRAS;PIK3CA;PIK3R1;PLCG1;POLR2A;POLR2B;POLR2C;PTBP1;RPS27A;SOS1;SRC;TGFBR3;TIA1;UBA52;UBB;UBC,,
SIGNALING_BY_FGFR1_IN_DISEASE,M27536,17,17,17,0,0,1.0,CNTRL;CPSF6;CUX1;ERLIN2;FGFR1;GAB1;GRB2;HRAS;KRAS;NRAS;PIK3CA;PIK3R1;PLCG1;SOS1;STAT1;STAT3;TRIM24,,
SIGNALING_BY_FGFR2,M27531,29,29,29,0,0,1.0,BRAF;ESRP1;GAB1;GRB2;HNRNPA1;HNRNPF;HNRNPH1;HNRNPM;HRAS;KRAS;MAPK1;MAPK3;NCBP1;NCBP2;NRAS;PIK3CA;PIK3R1;PLCG1;POLR2A;POLR2B;POLR2C;PTBP1;RPS27A;SOS1;SRC;TIA1;UBA52;UBB;UBC,,
SIGNALING_BY_FGFR3,M27532,18,18,18,0,0,1.0,BRAF;GAB1;GALNT3;GRB2;HRAS;KRAS;MAPK1;MAPK3;NRAS;PIK3CA;PIK3R1;PLCG1;RPS27A;SOS1;SRC;UBA52;UBB;UBC,,
SIGNALING_BY_FGFR3,MM15257,18,17,17,1,0,0.9444444444444444,BRAF;GAB1;GALNT3;GRB2;HRAS;KRAS;MAPK1;MAPK3;PIK3CA;PIK3R1;PLCG1;RPS27A;SOS1;SRC;UBA52;UBB;UBC,NRAS,
SIGNALING_BY_FGFR4,M27533,17,17,17,0,0,1.0,BRAF;GAB1;GRB2;HRAS;KRAS;MAPK1;MAPK3;NRAS;PIK3CA;PIK3R1;PLCG1;RPS27A;SOS1;SRC;UBA52;UBB;UBC,,
SIGNALING_BY_FGFR4_IN_DISEASE,M27535,9,9,9,0,0,1.0,GAB1;GRB2;HRAS;KRAS;NRAS;PIK3CA;PIK3R1;PLCG1;SOS1,,
SIGNALING_BY_GPCR,M746,265,265,265,0,0,1.0,ABHD12;ABR;ACKR3;ADCY1;ADCY2;ADCY3;ADCY4;ADCY5;ADCY6;ADCY7;ADCY8;ADCY9;ADORA2A;ADRA1A;ADRA1B;ADRA1D;ADRA2A;ADRA2B;ADRB1;ADRB2;ADRB3;AGT;AGTR1;AGTR2;AHCYL1;AKAP13;AKT1;AKT2;AKT3;ARHGEF1;ARHGEF18;ARHGEF25;ARHGEF33;ARHGEF40;ARHGEF7;ARRB1;ARRB2;AVPR1A;AVPR1B;AVPR2;CALM1;CAMK2A;CAMK2B;CAMK2D;CAMK2G;CAMK4;CASR;CCK;CCL19;CCL2;CCL21;CCL22;CCR1;CCR2;CCR3;CCR5;CCR6;CCRL2;CDC42;CDK5;CHRM1;CNR1;CREB1;CRH;CRHR1;CX3CL1;CX3CR1;CXCL11;CXCR4;CXCR5;DRD2;DRD4;ECT2;EGFR;FN1;FPR1;FZD2;FZD3;FZD4;FZD5;FZD6;GABBR1;GCGR;GHRH;GHRL;GNA11;GNA12;GNA13;GNA14;GNA15;GNAI1;GNAI2;GNAI3;GNAL;GNAQ;GNAS;GNAT1;GNAT2;GNAT3;GNAZ;GNB1;GNB2;GNB3;GNB4;GNB5;GNG10;GNG11;GNG12;GNG13;GNG2;GNG3;GNG4;GNG5;GNG7;GNG8;GNGT1;GNGT2;GNRHR;GPR55;GPR84;GPSM2;GRB2;GRK2;GRK3;GRK5;GRK6;GRM1;GRM5;GRM6;HCRT;HRAS;HRH1;HRH2;HTR2B;HTR2C;ITGB1;ITSN1;KPNA2;KRAS;LHCGR;MAPK1;MAPK3;MC1R;MC2R;MC4R;MC5R;MCF2;MCHR1;MLNR;NPSR1;NPY;NPY1R;NPY2R;NRAS;NTS;NTSR1;NTSR2;OPN1LW;OPN1MW;OPN1SW;OPN3;OPN4;OPN5;OPRM1;OXT;OXTR;P2RY12;PAK1;PDE10A;PDE11A;PDE1A;PDE1B;PDE1C;PDE2A;PDE3A;PDE3B;PDE4A;PDE4B;PDE7B;PDYN;PIK3CA;PIK3CG;PIK3R1;PIK3R2;PIK3R3;PLCB1;PLCB2;PLCB3;PLCB4;PLPPR1;PLPPR2;PLPPR3;PLPPR4;PLPPR5;PLXNB1;PNOC;POMC;PPP1CA;PPP3CB;PRKACA;PRKACB;PRKACG;PRKAR1A;PRKAR1B;PRKAR2A;PRKAR2B;PRKCA;PRKCB;PRKCG;PTAFR;PTCH1;PTH;PTH1R;PTH2R;PYY;RGR;RGS1;RGS10;RGS11;RGS12;RGS13;RGS16;RGS17;RGS18;RGS19;RGS2;RGS20;RGS21;RGS3;RGS4;RGS5;RGS6;RGS7;RGS8;RGS9;RHO;RHOA;RHOB;RHOC;ROCK1;ROCK2;RRH;RXFP4;SCT;SCTR;SHH;SMO;SOS1;SOS2;SRC;SSTR2;SSTR3;SSTR5;TAAR1;TAAR5;TAC1;TAS2R1;TAS2R16;TAS2R38;TAS2R4;TBXA2R;TRHR;TRPC6;WNT11;WNT5A,,
SIGNALING_BY_GPCR,MM14962,265,238,235,30,3,0.8768656716417911,ABHD12;ABR;ACKR3;ADCY1;ADCY2;ADCY3;ADCY4;ADCY5;ADCY6;ADCY7;ADCY8;ADCY9;ADORA2A;ADRA1A;ADRA1B;ADRA1D;ADRA2A;ADRA2B;ADRB1;ADRB2;ADRB3;AGT;AGTR1;AGTR2;AKAP13;AKT1;AKT2;AKT3;ARHGEF1;ARHGEF18;ARHGEF25;ARHGEF33;ARHGEF7;ARRB1;ARRB2;AVPR1A;AVPR1B;AVPR2;CALM1;CASR;CCK;CCL19;CCL2;CCL21;CCL22;CCR1;CCR3;CCR5;CCR6;CCRL2;CDC42;CDK5;CHRM1;CNR1;CREB1;CRH;CRHR1;CX3CL1;CX3CR1;CXCL11;CXCR4;CXCR5;DRD2;DRD4;ECT2;EGFR;FN1;FPR1;GABBR1;GCGR;GHRH;GHRL;GNA11;GNA12;GNA13;GNA14;GNA15;GNAI1;GNAI2;GNAI3;GNAL;GNAQ;GNAS;GNAT1;GNAT2;GNAT3;GNAZ;GNB1;GNB2;GNB3;GNB4;GNB5;GNG10;GNG11;GNG12;GNG13;GNG2;GNG3;GNG4;GNG5;GNG7;GNG8;GNGT1;GNGT2;GNRHR;GPR55;GPR84;GPSM2;GRB2;GRK2;GRK3;GRK5;GRK6;GRM1;GRM5;GRM6;HCRT;HRAS;HRH1;HRH2;HTR2B;HTR2C;ITGB1;ITSN1;KRAS;LHCGR;MAPK1;MAPK3;MC1R;MC2R;MC4R;MC5R;MCF2;MCHR1;NPSR1;NPY;NPY1R;NPY2R;NTS;NTSR1;NTSR2;OPN1LW;OPN1SW;OPN3;OPN4;OPN5;OPRM1;OXT;OXTR;P2RY12;PAK1;PDE10A;PDE11A;PDE1A;PDE1B;PDE1C;PDE2A;PDE3A;PDE4A;PDE4B;PDE7B;PDYN;PIK3CA;PIK3CG;PIK3R1;PIK3R2;PIK3R3;PLCB1;PLCB2;PLCB3;PLCB4;PLPPR1;PLPPR2;PLPPR3;PLPPR4;PLPPR5;PLXNB1;PNOC;POMC;PPP1CA;PRKACA;PRKACB;PRKAR1A;PRKAR1B;PRKCG;PTAFR;PTH;PTH1R;PTH2R;PYY;RGR;RGS1;RGS11;RGS12;RGS13;RGS16;RGS17;RGS18;RGS19;RGS2;RGS20;RGS21;RGS3;RGS4;RGS5;RGS6;RGS7;RGS8;RGS9;RHO;RHOA;RHOB;RHOC;ROCK1;ROCK2;RRH;RXFP4;SCT;SCTR;SOS1;SOS2;SRC;SSTR2;SSTR3;SSTR5;TAAR1;TAAR5;TAC1;TAS2R1;TAS2R16;TAS2R38;TAS2R4;TBXA2R;TRHR;TRPC6,AHCYL1;ARHGEF40;CAMK2A;CAMK2B;CAMK2D;CAMK2G;CAMK4;CCR2;FZD2;FZD3;FZD4;FZD5;FZD6;KPNA2;MLNR;NRAS;OPN1MW;PDE3B;PPP3CB;PRKACG;PRKAR2A;PRKAR2B;PRKCA;PRKCB;PTCH1;RGS10;SHH;SMO;WNT11;WNT5A,CALM2;CALM3;OPN1MW3
SIGNALING_BY_HEDGEHOG,M27440,82,83,82,0,1,0.9879518072289156,ADAM17;ADCY1;ADCY10;ADCY2;ADCY3;ADCY4;ADCY5;ADCY6;ADCY7;ADCY8;ADCY9;ADRM1;ARRB1;ARRB2;CUL3;DYNC2H1;DZIP1;EFCAB7;EVC;EVC2;GLI1;GLI2;GLI3;GNAS;GPR161;GRK2;GSK3B;IFT122;IFT140;IFT172;IFT52;IFT57;IFT88;INTU;KIF3A;KIF7;MKS1;OFD1;OS9;PRKACA;PRKACB;PRKACG;PRKAR1A;PRKAR1B;PRKAR2A;PRKAR2B;PSMC1;PSMC5;PSMD13;PSMD14;PSMD2;PSMD3;PTCH1;RBX1;RPGRIP1L;RPS27A;SHH;SKP1;SMO;SMURF1;SPOP;SPOPL;SUFU;TTC21B;TUBA1A;TUBA1B;TUBA1C;TUBA4A;TUBB1;TUBB2A;TUBB2B;TUBB3;TUBB4A;TUBB4B;TUBB6;TULP3;UBA52;UBB;UBC;VCP;WDR19;WDR35,,TUBA3D
SIGNALING_BY_HEDGEHOG,MM15182,82,76,75,7,1,0.9036144578313253,ADCY1;ADCY10;ADCY2;ADCY3;ADCY4;ADCY5;ADCY6;ADCY7;ADCY8;ADCY9;ADRM1;ARRB1;ARRB2;CUL3;DYNC2H1;DZIP1;EVC;EVC2;GLI1;GLI2;GLI3;GPR161;GRK2;GSK3B;IFT122;IFT140;IFT172;IFT52;IFT57;INTU;KIF3A;KIF7;MKS1;OFD1;OS9;PRKACA;PRKACB;PRKAR1A;PRKAR1B;PSMC1;PSMC5;PSMD13;PSMD14;PSMD2;PSMD3;PTCH1;RBX1;RPGRIP1L;RPS27A;SHH;SKP1;SMO;SMURF1;SPOP;SPOPL;SUFU;TTC21B;TUBA1A;TUBA1B;TUBA1C;TUBA4A;TUBB1;TUBB2A;TUBB2B;TUBB3;TUBB4A;TUBB4B;TUBB6;TULP3;UBA52;UBB;UBC;VCP;WDR19;WDR35,ADAM17;EFCAB7;GNAS;IFT88;PRKACG;PRKAR2A;PRKAR2B,TUBA3D
SIGNALING_BY_KIT_IN_DISEASE,M39002,15,15,15,0,0,1.0,FYN;GRB2;HRAS;JAK2;KRAS;LCK;NRAS;PIK3CA;PIK3R1;PIK3R2;PIK3R3;SOS1;SRC;STAT1;STAT3,,
SIGNALING_BY_LTK,M48256,7,7,7,0,0,1.0,GRB2;PIK3CA;PIK3CB;PIK3R1;PIK3R2;SOS1;TNK2,,
SIGNALING_BY_LTK,MM17235,7,7,7,0,0,1.0,GRB2;PIK3CA;PIK3CB;PIK3R1;PIK3R2;SOS1;TNK2,,
SIGNALING_BY_LTK_IN_CANCER,M48255,6,6,6,0,0,1.0,MAPK1;MAPK3;PIK3CA;PIK3CB;PIK3R1;PIK3R2,,
SIGNALING_BY_MODERATE_KINASE_ACTIVITY_BRAF_MUTANTS,M27623,28,27,27,1,0,0.9642857142857143,ACTB;ARAF;ARRB1;ARRB2;BRAF;CALM1;CAMK2A;CAMK2B;CAMK2D;CAMK2G;CSK;FN1;HRAS;IQGAP1;JAK2;KRAS;KSR1;MAP2K1;MAP2K2;MAPK1;MAPK3;NRAS;PEBP1;RAF1;SRC;VWF;YWHAB,PHB,
SIGNALING_BY_MRAS_COMPLEX_MUTANTS,M38999,6,6,6,0,0,1.0,ARAF;BRAF;PPP1CB;PPP1CC;RAF1;YWHAB,,
SIGNALING_BY_NOTCH1,M616,27,27,27,0,0,1.0,ADAM17;ARRB1;ARRB2;CREBBP;EP300;HDAC1;HDAC2;HDAC3;HDAC4;HDAC6;HDAC8;HIF1A;KAT2A;KAT2B;MIB1;MYC;NCOR1;NCOR2;RBX1;RPS27A;SKP1;SNW1;TBL1X;TBL1XR1;UBA52;UBB;UBC,,
SIGNALING_BY_NOTCH1_PEST_DOMAIN_MUTANTS_IN_CANCER,M29616,24,24,24,0,0,1.0,ADAM17;CREBBP;EP300;HDAC1;HDAC2;HDAC3;HDAC4;HDAC6;HDAC8;KAT2A;KAT2B;MIB1;MYC;NCOR1;NCOR2;RBX1;RPS27A;SKP1;SNW1;TBL1X;TBL1XR1;UBA52;UBB;UBC,,
SIGNALING_BY_NTRK1_TRKA,MM14714,42,24,24,18,0,0.5714285714285714,AP2A1;AP2A2;AP2B1;ATF1;BRAF;CHD4;CLTC;CREB1;DUSP6;GRB2;HRAS;KRAS;MAP2K1;MAP2K2;MAPK1;MAPK3;PIK3CA;PIK3CB;PIK3R1;PIK3R2;RHOA;RPS6KA5;SOS1;YWHAB,ADORA2A;ASCL1;ATF2;CDK5;DNM1;DNM2;EP300;FOS;FOSB;FOSL1;JUND;MEF2D;NRAS;NTRK2;PLCG1;SRC;STAT3;TRIB1,
SIGNALING_BY_NTRK2_TRKB,M27864,14,14,14,0,0,1.0,CDK5;FYN;GAB1;GRB2;HRAS;KRAS;NRAS;NTRK2;PIK3CA;PIK3R1;PLCG1;RAC1;SOS1;SRC,,
SIGNALING_BY_NTRK2_TRKB,MM15583,14,6,6,8,0,0.42857142857142855,FYN;GRB2;NTRK2;PLCG1;RAC1;SOS1,CDK5;GAB1;HRAS;KRAS;NRAS;PIK3CA;PIK3R1;SRC,
SIGNALING_BY_NTRK3_TRKC,M27918,11,11,11,0,0,1.0,BAX;GRB2;HRAS;KRAS;NRAS;PIK3CA;PIK3R1;PLCG1;PTPRO;SOS1;SRC,,
SIGNALING_BY_NTRKS,M3574,48,48,48,0,0,1.0,ADORA2A;AP2A1;AP2A2;AP2B1;ASCL1;ATF1;ATF2;BAX;BRAF;CDK5;CHD4;CLTC;CREB1;DNM1;DNM2;DUSP6;EP300;FOS;FOSB;FOSL1;FYN;GAB1;GRB2;HRAS;JUND;KRAS;MAP2K1;MAP2K2;MAPK1;MAPK3;MEF2D;NRAS;NTRK2;PCSK5;PIK3CA;PIK3CB;PIK3R1;PIK3R2;PLCG1;PTPRO;RAC1;RHOA;RPS6KA5;SOS1;SRC;STAT3;TRIB1;YWHAB,,
SIGNALING_BY_NTRKS,MM14652,48,30,30,18,0,0.625,AP2A1;AP2A2;AP2B1;ATF1;BRAF;CHD4;CLTC;CREB1;DUSP6;FYN;GRB2;HRAS;KRAS;MAP2K1;MAP2K2;MAPK1;MAPK3;NTRK2;PCSK5;PIK3CA;PIK3CB;PIK3R1;PIK3R2;PLCG1;RAC1;RHOA;RPS6KA5;SOS1;SRC;YWHAB,ADORA2A;ASCL1;ATF2;BAX;CDK5;DNM1;DNM2;EP300;FOS;FOSB;FOSL1;GAB1;JUND;MEF2D;NRAS;PTPRO;STAT3;TRIB1,
SIGNALING_BY_NUCLEAR_RECEPTORS,M27869,123,128,123,0,5,0.9609375,ABCA1;ABCG5;ADH1A;ADH1C;ADH4;AKT1;AKT2;AKT3;ALDH1A1;ALDH1A2;ALDH1A3;ALDH8A1;APOE;ATF2;BCL2;CALM1;CAV1;CHD1;CRABP1;CRABP2;CREB1;CREBBP;CTSD;CYP26A1;CYP26B1;CYP26C1;DDX5;DHRS3;DHRS4;DHRS9;DLAT;DLD;EGFR;EP300;FASN;FOS;FOSB;GNAI1;GNAI2;GNAI3;GNAT3;GNB1;GNB2;GNB3;GNB4;GNB5;GNG10;GNG11;GNG12;GNG13;GNG2;GNG3;GNG4;GNG5;GNG7;GNG8;GNGT1;GNGT2;GPS2;H2AC18;H2AC20;H2BC21;H3-3A;HDAC1;HDAC3;HRAS;HSP90AA1;HSP90AB1;JUN;JUND;KAT2B;KAT5;KPNA2;KRAS;MAPK1;MAPK3;MED1;MYC;NCOA3;NCOR1;NCOR2;NRAS;PDHA1;PDHA2;PDHB;PDHX;PDK1;PDK4;PGR;PIK3CA;PIK3R1;PIK3R2;PIK3R3;POLR2A;POLR2B;POLR2C;POU2F1;PRKCZ;PTGES3;RARA;RARB;RARG;RDH10;RDH11;RDH13;RDH14;RDH16;RDH5;RXRG;SCD;SDR16C5;SMC1A;SMC3;SP1;SRC;SREBF1;STAG2;TBL1X;TBL1XR1;TBP;UHMK1;USF1;XPO1,,H2AX;H3-3B;H3C2;H4C6;HSPB1
SIGNALING_BY_NUCLEAR_RECEPTORS,MM15586,123,101,95,28,6,0.7364341085271318,ABCA1;ADH1A;ADH1C;ADH4;AKT1;AKT2;AKT3;ALDH1A1;ALDH1A2;ALDH1A3;ALDH8A1;CALM1;CAV1;CRABP1;CRABP2;CREB1;CYP26A1;CYP26B1;CYP26C1;DDX5;DHRS3;DHRS4;DHRS9;DLAT;DLD;EGFR;EP300;GNAI1;GNAI2;GNAI3;GNAT3;GNB1;GNB2;GNB3;GNB4;GNB5;GNG10;GNG11;GNG12;GNG13;GNG2;GNG3;GNG4;GNG5;GNG7;GNG8;GNGT1;GNGT2;GPS2;H3-3A;HDAC3;HRAS;HSP90AA1;HSP90AB1;KAT2B;KAT5;KRAS;MAPK1;MED1;NCOR2;PDHA1;PDHA2;PDHB;PDHX;PDK1;PDK4;PGR;PIK3CA;PIK3R1;PIK3R2;PIK3R3;POLR2A;POLR2B;POLR2C;PRKCZ;PTGES3;RARA;RARB;RARG;RDH10;RDH11;RDH13;RDH14;RDH16;RDH5;RXRG;SDR16C5;SP1;SRC;TBL1X;TBL1XR1;TBP;UHMK1;USF1;XPO1,ABCG5;APOE;ATF2;BCL2;CHD1;CREBBP;CTSD;FASN;FOS;FOSB;H2AC18;H2AC20;H2BC21;HDAC1;JUN;JUND;KPNA2;MAPK3;MYC;NCOA3;NCOR1;NRAS;POU2F1;SCD;SMC1A;SMC3;SREBF1;STAG2,ADH1B;CALM2;CALM3;H3-3B;HSPB1;TBL1Y
SIGNALING_BY_PDGFRA_TRANSMEMBRANE_JUXTAMEMBRANE_AND_KINASE_DOMAIN_MUTANTS,M29851,11,11,11,0,0,1.0,GRB2;HRAS;KRAS;NRAS;PIK3CA;PIK3CB;PIK3R1;PIK3R2;SOS1;STAT1;STAT3,,
SIGNALING_BY_PDGFR_IN_DISEASE,M29849,13,13,13,0,0,1.0,GOLGA4;GRB2;HRAS;KRAS;NRAS;PIK3CA;PIK3CB;PIK3R1;PIK3R2;SOS1;STAT1;STAT3;WDR48,,
SIGNALING_BY_PTK6,M29742,25,25,25,0,0,1.0,AKT1;DOCK1;EGFR;ELMO1;ELMO2;ERBB2;GPNMB;HIF1A;HRAS;KHDRBS1;KHDRBS2;KRAS;LRRK2;NRAS;PELP1;RAC1;RASA1;RHOA;RPS27A;SFPQ;SOCS3;STAT3;UBA52;UBB;UBC,,
SIGNALING_BY_PTK6,MM15479,25,23,23,2,0,0.92,AKT1;DOCK1;EGFR;ELMO1;ELMO2;ERBB2;GPNMB;HIF1A;HRAS;KHDRBS1;KHDRBS2;KRAS;LRRK2;RAC1;RASA1;RHOA;RPS27A;SFPQ;SOCS3;STAT3;UBA52;UBB;UBC,NRAS;PELP1,
SIGNALING_BY_RECEPTOR_TYROSINE_KINASES,M27870,157,158,157,0,1,0.9936708860759493,AAMP;ABI2;ACTB;ADAM17;ADORA2A;AHCYL1;AKT1;AKT2;AKT3;ALK;ANOS1;AP2A1;AP2A2;AP2B1;APOE;ARHGEF7;ASCL1;ATF1;ATF2;ATP6V0A1;AXL;BAX;BRAF;CALM1;CAV1;CDC42;CDH5;CDK5;CHD4;CLTC;COL9A2;CREB1;CSK;CTNNB1;CTSD;DIAPH1;DLG4;DNM1;DNM2;DOCK1;DUSP6;EGFR;ELMO1;ELMO2;EP300;EPN1;EPS15;EPS15L1;ERBB2;ESRP1;FGFR1;FN1;FOS;FOSB;FOSL1;FYN;GAB1;GABRA1;GABRB1;GABRG2;GALNT3;GFAP;GRB2;HDAC1;HDAC2;HDAC3;HGFAC;HGS;HIF1A;HNRNPA1;HNRNPF;HNRNPH1;HNRNPM;HRAS;HSP90AA1;IL2RG;INS;ITGB1;JAK2;JUND;JUP;KRAS;LAMA2;LAMB2;LAMB3;LAMC1;LAMC2;LAMC3;LCK;MAP2K1;MAP2K2;MAPK1;MAPK3;MEF2D;MEMO1;MYC;NCBP1;NCBP2;NCKAP1;NCOR1;NEDD4;NRAS;NTRK2;PAK1;PAK2;PAK3;PCSK5;PDE3B;PDGFC;PDGFRB;PGR;PIK3CA;PIK3CB;PIK3R1;PIK3R2;PIK3R3;PLCG1;POLR2A;POLR2B;POLR2C;PRDM1;PRKACA;PRKACB;PRKACG;PRKCA;PRKCB;PRKCZ;PTBP1;PTPN3;PTPRO;RAC1;RASA1;RHOA;ROCK1;ROCK2;RPS27A;RPS6KA5;S100B;SIN3A;SOCS1;SOS1;SRC;STAM;STAM2;STAT1;STAT3;STUB1;TGFBR3;THBS1;TIA1;TNK2;TRIB1;UBA52;UBB;UBC;WWOX;YWHAB,,HSPB1
SIGNALING_BY_RETINOIC_ACID,M27443,34,34,34,0,0,1.0,ADH1A;ADH1C;ADH4;ALDH1A1;ALDH1A2;ALDH1A3;ALDH8A1;CRABP1;CRABP2;CYP26A1;CYP26B1;CYP26C1;DHRS3;DHRS4;DHRS9;DLAT;DLD;PDHA1;PDHA2;PDHB;PDHX;PDK1;PDK4;RARA;RARB;RARG;RDH10;RDH11;RDH13;RDH14;RDH16;RDH5;RXRG;SDR16C5,,
SIGNALING_BY_RETINOIC_ACID,MM15186,34,35,34,0,1,0.9714285714285714,ADH1A;ADH1C;ADH4;ALDH1A1;ALDH1A2;ALDH1A3;ALDH8A1;CRABP1;CRABP2;CYP26A1;CYP26B1;CYP26C1;DHRS3;DHRS4;DHRS9;DLAT;DLD;PDHA1;PDHA2;PDHB;PDHX;PDK1;PDK4;RARA;RARB;RARG;RDH10;RDH11;RDH13;RDH14;RDH16;RDH5;RXRG;SDR16C5,,ADH1B
SIGNALING_BY_RHO_GTPASES_MIRO_GTPASES_AND_RHOBTB3,M41838,271,277,270,1,7,0.9712230215827338,AAAS;ABI2;ABL1;ABL2;ABR;ACTB;ACTN1;ADD3;AKAP12;AKAP13;ALS2;ANKRD26;AR;ARHGAP1;ARHGAP17;ARHGAP24;ARHGAP39;ARHGDIA;ARHGEF1;ARHGEF18;ARHGEF25;ARHGEF40;ARHGEF7;ARL13B;B9D2;BAIAP2L1;BAIAP2L2;BASP1;BCAP31;BUB1B;CALM1;CAPZB;CAV1;CCP110;CCT2;CCT6A;CCT7;CDC20;CDC42;CDC42BPA;CDC42BPB;CDC42EP1;CDC42EP3;CENPA;CENPE;CENPF;CENPT;CEP97;CFTR;CKAP5;CLTC;CPNE8;CPSF7;CSK;CTNNB1;CUL3;DBN1;DBT;DDX39B;DDX4;DEPDC1B;DIAPH1;DIAPH2;DIAPH3;DLG4;DOCK1;DOCK4;DVL1;DVL2;DYNC1H1;DYNC1I1;DYNC1I2;DYNC1LI1;DYNC1LI2;DYNLL1;DYNLL2;ECT2;EFHD2;ELMO2;EPSTI1;ESYT1;FAM169A;FAM91A1;FARP1;FLNA;FLOT1;FMNL3;FNBP1;FNBP1L;GFOD1;GIT1;GIT2;GJA1;GNA13;GRB2;H2AC18;H2AC20;H2BC21;H3-3A;HGS;HMOX2;HNRNPC;HSP90AA1;HSP90AB1;HSPE1;IQGAP1;IQGAP3;ITGB1;ITSN1;ITSN2;JUP;KCTD13;KCTD3;KIF14;KIF18A;KIF2A;KIF5A;KIF5B;KLC1;KLC2;KLC3;KLC4;LAMTOR1;LBR;LCK;LMNB1;MAD2L1;MAPK1;MAPK3;MAPRE1;MCAM;MCF2;MEN1;MPP7;MTMR1;MTR;MUC13;MYH9;MYL12B;MYL9;MYO6;NCKAP1;NDE1;NDEL1;NDUFA5;NDUFS3;NSFL1C;NUP107;NUP133;NUP160;NUP37;NUP43;NUP85;NUP98;OCRL;OPHN1;OSBPL11;PAFAH1B1;PAK1;PAK2;PAK3;PAK4;PAK5;PAK6;PARD6A;PDE5A;PFN1;PFN2;PHIP;PIK3CA;PIK3R1;PIK3R2;PIK3R3;PLK1;PLXNA1;PLXNB1;POTEE;PPP1CB;PPP1CC;PPP1R12A;PRC1;PRKCA;PRKCB;PRKCZ;RAB7A;RAB9A;RAC1;RAC2;RALGAPA1;RANBP2;RANGAP1;RBMX;RHOA;RHOB;RHOC;RHOD;RHOF;RHOH;RHOJ;RHOQ;RND1;ROCK1;ROCK2;SAMM50;SCFD1;SCRIB;SEC13;SEH1L;SENP1;SHMT2;SLC1A5;SLC4A7;SNAP23;SOS1;SOS2;SOWAHC;SPTAN1;SRC;SRGAP2;SRGAP3;SRRM1;STAM;STAM2;STBD1;STEAP3;STOM;TFRC;TMEM59;TMPO;TNFAIP1;TOR1AIP1;TPM3;TRA2B;TRAK1;TRIP10;TUBA1A;TUBA1B;TUBA1C;TUBA3E;TUBA4A;TUBA8;TUBAL3;TUBB1;TUBB2A;TUBB2B;TUBB3;TUBB4A;TUBB4B;TUBB6;TUBB8;UACA;USP9X;VAMP3;VANGL1;VANGL2;VAPB;VCP;WAS;WASL;WDR11;WIPF2;WWP2;XPO1;YWHAB;YWHAE;YWHAG;YWHAH;YWHAQ;YWHAZ;ZAP70,CCDC115,H2AX;H3-3B;H3C2;H4C6;NIPSNAP2;TUBA3D;VMA22
SIGNALING_BY_RHO_GTPASES_MIRO_GTPASES_AND_RHOBTB3,MM15690,271,259,252,19,7,0.9064748201438849,AAAS;ABI2;ABL1;ABL2;ABR;ACTB;ACTN1;ADD3;AKAP12;AKAP13;ALS2;ANKRD26;AR;ARHGAP1;ARHGAP17;ARHGAP24;ARHGAP39;ARHGDIA;ARHGEF1;ARHGEF18;ARHGEF25;ARHGEF7;ARL13B;B9D2;BAIAP2L1;BAIAP2L2;BASP1;BCAP31;BUB1B;CALM1;CAPZB;CAV1;CCP110;CCT2;CCT6A;CCT7;CDC20;CDC42;CDC42BPA;CDC42BPB;CDC42EP1;CDC42EP3;CENPA;CENPE;CENPF;CENPT;CEP97;CFTR;CKAP5;CLTC;CPNE8;CPSF7;CSK;CTNNB1;CUL3;DBT;DDX39B;DEPDC1B;DIAPH1;DIAPH2;DIAPH3;DLG4;DOCK1;DOCK4;DVL1;DVL2;DYNC1H1;DYNC1I1;DYNC1I2;DYNC1LI1;DYNC1LI2;DYNLL1;DYNLL2;ECT2;EFHD2;ELMO2;EPSTI1;ESYT1;FAM169A;FAM91A1;FARP1;FLNA;FLOT1;FMNL3;FNBP1;GFOD1;GIT1;GIT2;GJA1;GNA13;GRB2;HGS;HMOX2;HNRNPC;HSP90AA1;HSP90AB1;HSPE1;IQGAP1;IQGAP3;ITGB1;ITSN1;ITSN2;JUP;KCTD13;KIF14;KIF18A;KIF2A;KIF5A;KIF5B;KLC1;KLC2;KLC3;KLC4;LAMTOR1;LBR;LCK;LMNB1;MAD2L1;MAPK1;MAPK3;MAPRE1;MCAM;MCF2;MEN1;MPP7;MTMR1;MTR;MUC13;MYH9;MYL12B;MYL9;MYO6;NCKAP1;NDE1;NDEL1;NDUFA5;NDUFS3;NSFL1C;NUP107;NUP133;NUP160;NUP37;NUP43;NUP85;NUP98;OCRL;OPHN1;OSBPL11;PAFAH1B1;PAK1;PAK2;PAK3;PAK4;PAK5;PAK6;PARD6A;PDE5A;PFN1;PFN2;PHIP;PIK3CA;PIK3R1;PIK3R2;PIK3R3;PLK1;PLXNA1;PLXNB1;PPP1CB;PPP1CC;PPP1R12A;PRC1;PRKCB;PRKCZ;RAB7A;RAB9A;RAC1;RAC2;RALGAPA1;RANBP2;RANGAP1;RBMX;RHOA;RHOB;RHOC;RHOD;RHOF;RHOH;RHOJ;RHOQ;RND1;ROCK1;ROCK2;SAMM50;SCFD1;SCRIB;SEC13;SEH1L;SENP1;SHMT2;SLC1A5;SLC4A7;SNAP23;SOS1;SOS2;SOWAHC;SPTAN1;SRC;SRGAP2;SRGAP3;SRRM1;STAM;STAM2;STBD1;STEAP3;STOM;TFRC;TMEM59;TNFAIP1;TOR1AIP1;TPM3;TRA2B;TRAK1;TRIP10;TUBA1A;TUBA1B;TUBA1C;TUBA4A;TUBA8;TUBAL3;TUBB1;TUBB2A;TUBB2B;TUBB3;TUBB4A;TUBB4B;TUBB6;USP9X;VAMP3;VANGL1;VANGL2;VAPB;VCP;WDR11;WWP2;XPO1;YWHAB;YWHAE;YWHAG;YWHAH;YWHAQ;YWHAZ;ZAP70,ARHGEF40;CCDC115;DBN1;DDX4;FNBP1L;H2AC18;H2AC20;H2BC21;H3-3A;KCTD3;POTEE;PRKCA;TMPO;TUBA3E;TUBB8;UACA;WAS;WASL;WIPF2,CALM2;CALM3;HNRNPCL1;NIPSNAP2;RBM39;TUBA3D;VMA22
SIGNALING_BY_ROBO_RECEPTORS,M2780,81,81,81,0,0,1.0,ABL1;ABL2;ADRM1;ARHGAP39;CASC3;CDC42;CXCR4;DAG1;EIF4A3;ENAH;ISL1;LHX2;LHX3;LHX4;MAGOH;MAGOHB;NCBP1;NCBP2;PABPC1;PAK1;PAK2;PAK3;PAK4;PAK5;PAK6;PFN1;PFN2;PPP3CB;PRKACA;PRKACB;PRKACG;PRKAR2A;PRKCA;PSMC1;PSMC5;PSMD13;PSMD14;PSMD2;PSMD3;RAC1;RBM8A;RBX1;RHOA;RNPS1;RPL11;RPL19;RPL22L1;RPL23;RPL27;RPL36AL;RPL5;RPL6;RPL7;RPL7A;RPLP1;RPS10;RPS11;RPS12;RPS13;RPS14;RPS18;RPS2;RPS20;RPS21;RPS23;RPS25;RPS27A;RPS27L;RPS3;RPS9;SOS1;SOS2;SRC;SRGAP2;SRGAP3;UBA52;UBB;UBC;UPF3B;VASP;ZSWIM8,,
SIGNALING_BY_ROBO_RECEPTORS,MM14974,81,13,13,68,0,0.16049382716049382,ABL1;ABL2;CXCR4;DAG1;ENAH;PFN1;PFN2;RHOA;RPS27A;UBA52;UBB;UBC;VASP,ADRM1;ARHGAP39;CASC3;CDC42;EIF4A3;ISL1;LHX2;LHX3;LHX4;MAGOH;MAGOHB;NCBP1;NCBP2;PABPC1;PAK1;PAK2;PAK3;PAK4;PAK5;PAK6;PPP3CB;PRKACA;PRKACB;PRKACG;PRKAR2A;PRKCA;PSMC1;PSMC5;PSMD13;PSMD14;PSMD2;PSMD3;RAC1;RBM8A;RBX1;RNPS1;RPL11;RPL19;RPL22L1;RPL23;RPL27;RPL36AL;RPL5;RPL6;RPL7;RPL7A;RPLP1;RPS10;RPS11;RPS12;RPS13;RPS14;RPS18;RPS2;RPS20;RPS21;RPS23;RPS25;RPS27L;RPS3;RPS9;SOS1;SOS2;SRC;SRGAP2;SRGAP3;UPF3B;ZSWIM8,
SIGNALING_BY_SCF_KIT,M508,18,18,18,0,0,1.0,FYN;GRB2;HRAS;JAK2;KRAS;LCK;NRAS;PIK3CA;PIK3R1;PIK3R2;PIK3R3;PRKCA;RAC1;SOCS1;SOS1;SRC;STAT1;STAT3,,
SIGNALING_BY_TGFB_FAMILY_MEMBERS,M27871,51,52,51,0,1,0.9807692307692307,ARHGEF18;ARRB1;ARRB2;CGN;DRAP1;EP300;F11R;FKBP1A;GDF2;HDAC1;ITGB1;ITGB5;MAPK1;MAPK3;MEN1;MYC;NCOR1;NCOR2;NEDD4L;NEDD8;PARD3;PARD6A;PPM1A;PPP1CA;PPP1CB;PPP1CC;PRKCZ;RARA;RHOA;RPS27A;SMAD4;SMAD5;SMAD6;SMURF1;SNW1;SP1;STAT1;STUB1;TGFB1;TGFBR1;TGFBR2;TGFBR3;TIMP2;UBA52;UBB;UBC;UBE2D1;UBE2D3;USP9X;XPO1;YBX1,,USP15
SIGNALING_BY_TGF_BETA_RECEPTOR_COMPLEX,M1041,43,44,43,0,1,0.9772727272727273,ARHGEF18;CGN;EP300;F11R;FKBP1A;HDAC1;ITGB1;ITGB5;MAPK1;MAPK3;MEN1;MYC;NCOR1;NCOR2;NEDD4L;NEDD8;PARD3;PARD6A;PPM1A;PPP1CA;PPP1CB;PPP1CC;PRKCZ;RHOA;RPS27A;SMAD4;SMURF1;SNW1;SP1;STAT1;STUB1;TGFB1;TGFBR1;TGFBR2;TGFBR3;UBA52;UBB;UBC;UBE2D1;UBE2D3;USP9X;XPO1;YBX1,,USP15
SIGNALING_BY_TGF_BETA_RECEPTOR_COMPLEX,MM14670,43,32,32,11,0,0.7441860465116279,ARHGEF18;CGN;F11R;FKBP1A;HDAC1;ITGB1;MAPK1;MAPK3;MEN1;NCOR2;NEDD4L;NEDD8;PARD3;PARD6A;PPM1A;PRKCZ;RHOA;RPS27A;SMAD4;SMURF1;SP1;STUB1;TGFB1;TGFBR1;TGFBR2;TGFBR3;UBA52;UBB;UBC;UBE2D1;UBE2D3;USP9X,EP300;ITGB5;MYC;NCOR1;PPP1CA;PPP1CB;PPP1CC;SNW1;STAT1;XPO1;YBX1,
SIGNALING_BY_VEGF,M27077,43,44,43,0,1,0.9772727272727273,AAMP;ABI2;ACTB;AHCYL1;AKT1;AKT2;AKT3;AXL;CALM1;CAV1;CDC42;CDH5;CTNNB1;DOCK1;ELMO1;ELMO2;FYN;HRAS;HSP90AA1;JUP;KRAS;NCKAP1;NRAS;PAK1;PAK2;PAK3;PIK3CA;PIK3CB;PIK3R1;PIK3R2;PLCG1;PRKACA;PRKACB;PRKACG;PRKCA;PRKCB;PRKCZ;RAC1;RASA1;RHOA;ROCK1;ROCK2;SRC,,HSPB1
SIGNALING_BY_VEGF,MM14752,43,41,38,5,3,0.8260869565217391,ABI2;ACTB;AKT1;AKT2;AKT3;AXL;CALM1;CAV1;CDC42;CDH5;CTNNB1;DOCK1;ELMO1;ELMO2;FYN;HRAS;HSP90AA1;JUP;KRAS;NCKAP1;PAK1;PAK2;PAK3;PIK3CA;PIK3CB;PIK3R1;PIK3R2;PLCG1;PRKACA;PRKACB;PRKCB;PRKCZ;RAC1;RASA1;RHOA;ROCK1;ROCK2;SRC,AAMP;AHCYL1;NRAS;PRKACG;PRKCA,CALM2;CALM3;HSPB1
SIGNALING_BY_WNT,M7847,111,115,111,0,4,0.9652173913043478,ADRM1;AKT1;AKT2;AP2A1;AP2A2;AP2B1;ARRB2;ASH2L;BCL9L;CALM1;CAMK2A;CAV1;CBY1;CHD8;CLTC;CREBBP;CTBP1;CTBP2;CTNNB1;CUL3;DVL1;DVL2;EP300;FZD2;FZD3;FZD4;FZD5;FZD6;GNAO1;GNAT2;GNB1;GNB2;GNB3;GNB4;GNB5;GNG10;GNG11;GNG12;GNG13;GNG2;GNG3;GNG4;GNG5;GNG7;GNG8;GNGT1;GNGT2;GSK3B;H2AC18;H2AC20;H2BC21;H3-3A;HDAC1;KAT5;KLHL12;KMT2D;KRAS;LEO1;LGR4;LRP5;MEN1;MYC;PARD6A;PDE6A;PDE6B;PDE6G;PFN1;PIP5K1B;PLCB1;PLCB2;PLCB3;PPP3CB;PRKCA;PRKCB;PRKCG;PRKG1;PRKG2;PSMC1;PSMC5;PSMD13;PSMD14;PSMD2;PSMD3;RAC1;RAC2;RBBP5;RBX1;RHOA;RPS27A;RUVBL1;SCRIB;SKP1;SMURF1;SOX2;SOX4;SOX7;TERT;TNKS2;TRRAP;UBA52;UBB;UBC;VANGL2;VPS26A;VPS29;VPS35;WNT11;WNT5A;WNT5B;XPO1;YWHAZ,,H2AX;H3-3B;H3C2;H4C6
SIGNALING_BY_WNT,MM14756,111,99,97,14,2,0.8584070796460177,ADRM1;AKT1;AKT2;AP2A1;AP2A2;AP2B1;ARRB2;ASH2L;BCL9L;CALM1;CAMK2A;CAV1;CBY1;CHD8;CLTC;CTBP1;CTBP2;CTNNB1;CUL3;DVL1;DVL2;EP300;FZD2;FZD3;FZD4;FZD5;FZD6;GNAO1;GNAT2;GNB1;GNB2;GNB3;GNB4;GNB5;GNG10;GNG11;GNG12;GNG13;GNG2;GNG3;GNG4;GNG5;GNG7;GNG8;GNGT1;GNGT2;GSK3B;HDAC1;KAT5;KLHL12;KMT2D;KRAS;LEO1;LRP5;MEN1;PARD6A;PDE6B;PDE6G;PFN1;PIP5K1B;PLCB1;PLCB2;PLCB3;PPP3CB;PRKCB;PRKCG;PSMC1;PSMC5;PSMD13;PSMD14;PSMD2;PSMD3;RAC1;RAC2;RBBP5;RBX1;RHOA;RPS27A;RUVBL1;SKP1;SMURF1;SOX4;SOX7;TERT;TNKS2;TRRAP;UBA52;UBB;UBC;VPS26A;VPS29;VPS35;WNT11;WNT5A;WNT5B;XPO1;YWHAZ,CREBBP;H2AC18;H2AC20;H2BC21;H3-3A;LGR4;MYC;PDE6A;PRKCA;PRKG1;PRKG2;SCRIB;SOX2;VANGL2,CALM2;CALM3
SIGNAL_AMPLIFICATION,M9379,30,30,30,0,0,1.0,AAMP;GNA11;GNA13;GNA14;GNA15;GNAI1;GNAI2;GNAI3;GNAQ;GNAT3;GNB1;GNB2;GNB3;GNB4;GNB5;GNG10;GNG11;GNG12;GNG13;GNG2;GNG3;GNG4;GNG5;GNG7;GNG8;GNGT1;GNGT2;P2RY12;SRC;TBXA2R,,
SIGNAL_AMPLIFICATION,MM15020,30,30,30,0,0,1.0,AAMP;GNA11;GNA13;GNA14;GNA15;GNAI1;GNAI2;GNAI3;GNAQ;GNAT3;GNB1;GNB2;GNB3;GNB4;GNB5;GNG10;GNG11;GNG12;GNG13;GNG2;GNG3;GNG4;GNG5;GNG7;GNG8;GNGT1;GNGT2;P2RY12;SRC;TBXA2R,,
SLBP_DEPENDENT_PROCESSING_OF_REPLICATION_DEPENDENT_HISTONE_PRE_MRNAS,M732,8,8,8,0,0,1.0,LSM10;NCBP1;NCBP2;SNRPB;SNRPD3;SNRPE;SNRPF;SNRPG,,
SLBP_DEPENDENT_PROCESSING_OF_REPLICATION_DEPENDENT_HISTONE_PRE_MRNAS,MM15468,8,8,8,0,0,1.0,LSM10;NCBP1;NCBP2;SNRPB;SNRPD3;SNRPE;SNRPF;SNRPG,,
SLC_MEDIATED_TRANSMEMBRANE_TRANSPORT,MM15076,74,75,73,1,2,0.9605263157894737,ARL2;ARL2BP;BSG;CALM1;CTNS;RHBG;SLC11A2;SLC12A1;SLC12A2;SLC12A3;SLC16A3;SLC16A8;SLC17A8;SLC1A1;SLC1A2;SLC1A3;SLC1A5;SLC20A1;SLC20A2;SLC24A1;SLC24A2;SLC25A10;SLC25A11;SLC25A18;SLC25A22;SLC25A4;SLC25A5;SLC26A1;SLC26A2;SLC26A3;SLC26A4;SLC26A6;SLC26A9;SLC27A1;SLC27A4;SLC27A6;SLC2A1;SLC2A2;SLC2A3;SLC2A4;SLC30A5;SLC35C1;SLC36A1;SLC39A8;SLC3A1;SLC3A2;SLC40A1;SLC41A2;SLC44A2;SLC4A3;SLC4A4;SLC4A7;SLC4A8;SLC5A7;SLC5A8;SLC6A1;SLC6A11;SLC6A13;SLC7A1;SLC7A10;SLC7A5;SLC7A6;SLC7A7;SLC7A8;SLC7A9;SLC8A1;SLC9A1;SLC9A2;SLC9A3;SLC9A4;SLC9A5;SLC9A6;SLC9A8,SLC25A6,CALM2;CALM3
SLC_TRANSPORTER_DISORDERS,M27474,60,60,60,0,0,1.0,AAAS;AVPR1A;AVPR1B;AVPR2;BSG;GCK;GCKR;HK1;NDC1;NUP107;NUP133;NUP153;NUP155;NUP160;NUP188;NUP205;NUP210;NUP214;NUP35;NUP37;NUP42;NUP43;NUP50;NUP54;NUP58;NUP62;NUP85;NUP88;NUP93;NUP98;POM121;POM121C;RAE1;RANBP2;SEC13;SEH1L;SLC11A2;SLC12A1;SLC12A3;SLC17A8;SLC1A1;SLC1A3;SLC20A2;SLC24A1;SLC26A2;SLC26A3;SLC26A4;SLC27A4;SLC2A1;SLC2A2;SLC35C1;SLC3A1;SLC3A2;SLC40A1;SLC4A4;SLC5A7;SLC7A7;SLC7A9;SLC9A6;TPR,,
SNRNP_ASSEMBLY,M29594,42,42,42,0,0,1.0,AAAS;DDX20;GEMIN4;NCBP1;NCBP2;NDC1;NUP107;NUP133;NUP153;NUP155;NUP160;NUP188;NUP205;NUP210;NUP214;NUP35;NUP37;NUP42;NUP43;NUP50;NUP54;NUP58;NUP62;NUP85;NUP88;NUP93;NUP98;POM121;POM121C;RAE1;RANBP2;SEC13;SEH1L;SMN1;SNRPB;SNRPD1;SNRPD2;SNRPD3;SNRPE;SNRPF;SNRPG;TPR,,
SNRNP_ASSEMBLY,MM14736,42,40,40,2,0,0.9523809523809523,AAAS;DDX20;GEMIN4;NDC1;NUP107;NUP133;NUP153;NUP155;NUP160;NUP188;NUP205;NUP210;NUP214;NUP35;NUP37;NUP42;NUP43;NUP50;NUP54;NUP58;NUP62;NUP85;NUP88;NUP93;NUP98;POM121;POM121C;RAE1;RANBP2;SEC13;SEH1L;SMN1;SNRPB;SNRPD1;SNRPD2;SNRPD3;SNRPE;SNRPF;SNRPG;TPR,NCBP1;NCBP2,
SODIUM_PROTON_EXCHANGERS,M27337,7,7,7,0,0,1.0,SLC9A1;SLC9A2;SLC9A3;SLC9A4;SLC9A5;SLC9A6;SLC9A8,,
SODIUM_PROTON_EXCHANGERS,MM15079,7,7,7,0,0,1.0,SLC9A1;SLC9A2;SLC9A3;SLC9A4;SLC9A5;SLC9A6;SLC9A8,,
SOS_MEDIATED_SIGNALLING,M19489,5,5,5,0,0,1.0,GRB2;HRAS;KRAS;NRAS;SOS1,,
SPHINGOLIPID_CATABOLISM,M48264,7,7,7,0,0,1.0,ACER1;ACER2;PLPP1;PLPP2;PLPP3;SGPP1;SGPP2,,
SPHINGOLIPID_CATABOLISM,MM17238,7,7,7,0,0,1.0,ACER1;ACER2;PLPP1;PLPP2;PLPP3;SGPP1;SGPP2,,
SPRY_REGULATION_OF_FGF_SIGNALING,M514,9,9,9,0,0,1.0,BRAF;GRB2;MAPK1;MAPK3;RPS27A;SRC;UBA52;UBB;UBC,,
SPRY_REGULATION_OF_FGF_SIGNALING,MM14541,9,9,9,0,0,1.0,BRAF;GRB2;MAPK1;MAPK3;RPS27A;SRC;UBA52;UBB;UBC,,
SRP_DEPENDENT_COTRANSLATIONAL_PROTEIN_TARGETING_TO_MEMBRANE,M567,39,39,39,0,0,1.0,DDOST;RPL11;RPL19;RPL22L1;RPL23;RPL27;RPL36AL;RPL5;RPL6;RPL7;RPL7A;RPLP1;RPN1;RPN2;RPS10;RPS11;RPS12;RPS13;RPS14;RPS18;RPS2;RPS20;RPS21;RPS23;RPS25;RPS27A;RPS27L;RPS3;RPS9;SEC61A1;SEC61A2;SEC61B;SRP19;SRP54;SRP68;SRP9;SRPRA;SSR4;UBA52,,
STAT3_NUCLEAR_EVENTS_DOWNSTREAM_OF_ALK_SIGNALING,M42523,9,9,9,0,0,1.0,EP300;HDAC1;HDAC2;HDAC3;HIF1A;IL2RG;PRDM1;SIN3A;STAT3,,
SUMOYLATION,M27214,102,103,102,0,1,0.9902912621359223,AAAS;AR;AURKA;BMI1;BRCA1;CBX2;CBX4;CBX8;CDKN2A;CETN2;CHD3;CREBBP;CTBP1;DAXX;DDX17;DDX5;EP300;HDAC1;HDAC2;HDAC4;HIPK2;HNRNPC;HNRNPK;IKBKE;L3MBTL2;MDM2;MITF;NCOR2;NDC1;NFKBIA;NOP58;NPM1;NR2C1;NUP107;NUP133;NUP153;NUP155;NUP160;NUP188;NUP205;NUP210;NUP214;NUP35;NUP37;NUP42;NUP43;NUP50;NUP54;NUP58;NUP62;NUP85;NUP88;NUP93;NUP98;PARK7;PCGF2;PGR;PHC1;PHC2;PHC3;PIAS1;PIAS2;PIAS3;PIAS4;PML;POM121;POM121C;PPARG;PPARGC1A;RAE1;RANBP2;RANGAP1;RARA;RELA;RING1;RNF2;RORA;SAE1;SATB1;SCMH1;SEC13;SEH1L;SENP1;SIN3A;SMC1A;SMC3;SP100;STAG2;SUMO1;SUMO2;TDG;TFAP2A;THRB;TOP1;TOPORS;TP53;TP53BP1;TPR;TRIM27;TRIM28;UBA2;UBE2I,,H4C6
SUMOYLATION,MM14919,102,92,90,12,2,0.8653846153846154,AAAS;AR;BMI1;BRCA1;CBX2;CBX4;CBX8;CETN2;CTBP1;DAXX;DDX17;DDX5;EP300;HDAC1;HDAC4;HIPK2;HNRNPC;HNRNPK;IKBKE;L3MBTL2;MDM2;MITF;NDC1;NFKBIA;NOP58;NPM1;NUP107;NUP133;NUP153;NUP155;NUP160;NUP188;NUP205;NUP210;NUP214;NUP35;NUP37;NUP42;NUP43;NUP50;NUP54;NUP58;NUP62;NUP85;NUP88;NUP93;NUP98;PARK7;PCGF2;PGR;PHC1;PHC2;PHC3;PIAS1;PIAS2;PIAS3;PIAS4;PML;POM121;POM121C;RAE1;RANBP2;RANGAP1;RARA;RELA;RING1;RNF2;RORA;SAE1;SATB1;SCMH1;SEC13;SEH1L;SENP1;SIN3A;SMC1A;SMC3;SP100;STAG2;SUMO1;SUMO2;TDG;THRB;TOP1;TOPORS;TP53BP1;TPR;TRIM27;UBA2;UBE2I,AURKA;CDKN2A;CHD3;CREBBP;HDAC2;NCOR2;NR2C1;PPARG;PPARGC1A;TFAP2A;TP53;TRIM28,HNRNPCL1;SUMO4
SUMOYLATION_OF_CHROMATIN_ORGANIZATION_PROTEINS,M27394,52,53,52,0,1,0.9811320754716981,AAAS;BMI1;CBX2;CBX4;CBX8;CHD3;HDAC1;HDAC2;HDAC4;L3MBTL2;NDC1;NUP107;NUP133;NUP153;NUP155;NUP160;NUP188;NUP205;NUP210;NUP214;NUP35;NUP37;NUP42;NUP43;NUP50;NUP54;NUP58;NUP62;NUP85;NUP88;NUP93;NUP98;PCGF2;PHC1;PHC2;PHC3;PIAS1;PIAS2;POM121;POM121C;RAE1;RANBP2;RING1;RNF2;SATB1;SCMH1;SEC13;SEH1L;SUMO1;SUMO2;TPR;UBE2I,,H4C6
SUMOYLATION_OF_CHROMATIN_ORGANIZATION_PROTEINS,MM15147,52,51,50,2,1,0.9433962264150944,AAAS;BMI1;CBX2;CBX4;CBX8;HDAC1;HDAC4;L3MBTL2;NDC1;NUP107;NUP133;NUP153;NUP155;NUP160;NUP188;NUP205;NUP210;NUP214;NUP35;NUP37;NUP42;NUP43;NUP50;NUP54;NUP58;NUP62;NUP85;NUP88;NUP93;NUP98;PCGF2;PHC1;PHC2;PHC3;PIAS1;PIAS2;POM121;POM121C;RAE1;RANBP2;RING1;RNF2;SATB1;SCMH1;SEC13;SEH1L;SUMO1;SUMO2;TPR;UBE2I,CHD3;HDAC2,SUMO4
SUMOYLATION_OF_DNA_DAMAGE_RESPONSE_AND_REPAIR_PROTEINS,M27226,56,56,56,0,0,1.0,AAAS;BMI1;BRCA1;CBX2;CBX4;CBX8;CDKN2A;CETN2;NDC1;NUP107;NUP133;NUP153;NUP155;NUP160;NUP188;NUP205;NUP210;NUP214;NUP35;NUP37;NUP42;NUP43;NUP50;NUP54;NUP58;NUP62;NUP85;NUP88;NUP93;NUP98;PCGF2;PHC1;PHC2;PHC3;PIAS1;PIAS2;PIAS4;PML;POM121;POM121C;RAE1;RANBP2;RING1;RNF2;SCMH1;SEC13;SEH1L;SMC1A;SMC3;SP100;STAG2;SUMO1;SUMO2;TDG;TPR;UBE2I,,
SUMOYLATION_OF_DNA_DAMAGE_RESPONSE_AND_REPAIR_PROTEINS,MM14929,56,56,55,1,1,0.9649122807017544,AAAS;BMI1;BRCA1;CBX2;CBX4;CBX8;CETN2;NDC1;NUP107;NUP133;NUP153;NUP155;NUP160;NUP188;NUP205;NUP210;NUP214;NUP35;NUP37;NUP42;NUP43;NUP50;NUP54;NUP58;NUP62;NUP85;NUP88;NUP93;NUP98;PCGF2;PHC1;PHC2;PHC3;PIAS1;PIAS2;PIAS4;PML;POM121;POM121C;RAE1;RANBP2;RING1;RNF2;SCMH1;SEC13;SEH1L;SMC1A;SMC3;SP100;STAG2;SUMO1;SUMO2;TDG;TPR;UBE2I,CDKN2A,SUMO4
SUMOYLATION_OF_DNA_METHYLATION_PROTEINS,M27403,13,13,13,0,0,1.0,BMI1;CBX2;CBX4;CBX8;PCGF2;PHC1;PHC2;PHC3;RING1;RNF2;SCMH1;SUMO1;UBE2I,,
SUMOYLATION_OF_DNA_REPLICATION_PROTEINS,M27397,38,38,38,0,0,1.0,AAAS;AURKA;NDC1;NUP107;NUP133;NUP153;NUP155;NUP160;NUP188;NUP205;NUP210;NUP214;NUP35;NUP37;NUP42;NUP43;NUP50;NUP54;NUP58;NUP62;NUP85;NUP88;NUP93;NUP98;PIAS3;PIAS4;POM121;POM121C;RAE1;RANBP2;RANGAP1;SEC13;SEH1L;SUMO1;SUMO2;TOP1;TPR;UBE2I,,
SUMOYLATION_OF_DNA_REPLICATION_PROTEINS,MM15151,38,37,36,2,1,0.9230769230769231,AAAS;NDC1;NUP107;NUP133;NUP153;NUP155;NUP160;NUP188;NUP205;NUP210;NUP214;NUP35;NUP37;NUP42;NUP43;NUP50;NUP54;NUP58;NUP62;NUP85;NUP88;NUP93;NUP98;PIAS3;PIAS4;POM121;POM121C;RAE1;RANBP2;RANGAP1;SEH1L;SUMO1;SUMO2;TOP1;TPR;UBE2I,AURKA;SEC13,SUMO4
SUMOYLATION_OF_IMMUNE_RESPONSE_PROTEINS,M27404,8,8,8,0,0,1.0,IKBKE;NFKBIA;PIAS3;PIAS4;RELA;SUMO1;TOPORS;UBE2I,,
SUMOYLATION_OF_IMMUNE_RESPONSE_PROTEINS,MM15157,8,9,8,0,1,0.8888888888888888,IKBKE;NFKBIA;PIAS3;PIAS4;RELA;SUMO1;TOPORS;UBE2I,,SUMO4
SUMOYLATION_OF_INTRACELLULAR_RECEPTORS,M27323,15,15,15,0,0,1.0,AR;HDAC4;NR2C1;PGR;PIAS1;PIAS2;PIAS3;PIAS4;PPARG;RARA;RORA;SUMO1;SUMO2;THRB;UBE2I,,
SUMOYLATION_OF_INTRACELLULAR_RECEPTORS,MM15042,15,14,13,2,1,0.8125,AR;HDAC4;PGR;PIAS1;PIAS2;PIAS3;PIAS4;RARA;RORA;SUMO1;SUMO2;THRB;UBE2I,NR2C1;PPARG,SUMO4
SUMOYLATION_OF_RNA_BINDING_PROTEINS,M27395,47,47,47,0,0,1.0,AAAS;BMI1;CBX2;CBX4;CBX8;HNRNPC;HNRNPK;NDC1;NOP58;NUP107;NUP133;NUP153;NUP155;NUP160;NUP188;NUP205;NUP210;NUP214;NUP35;NUP37;NUP42;NUP43;NUP50;NUP54;NUP58;NUP62;NUP85;NUP88;NUP93;NUP98;PCGF2;PHC1;PHC2;PHC3;POM121;POM121C;RAE1;RANBP2;RING1;RNF2;SCMH1;SEC13;SEH1L;SUMO1;SUMO2;TPR;UBE2I,,
SUMOYLATION_OF_RNA_BINDING_PROTEINS,MM15149,47,48,47,0,1,0.9791666666666666,AAAS;BMI1;CBX2;CBX4;CBX8;HNRNPC;HNRNPK;NDC1;NOP58;NUP107;NUP133;NUP153;NUP155;NUP160;NUP188;NUP205;NUP210;NUP214;NUP35;NUP37;NUP42;NUP43;NUP50;NUP54;NUP58;NUP62;NUP85;NUP88;NUP93;NUP98;PCGF2;PHC1;PHC2;PHC3;POM121;POM121C;RAE1;RANBP2;RING1;RNF2;SCMH1;SEC13;SEH1L;SUMO1;SUMO2;TPR;UBE2I,,HNRNPCL1
SUMOYLATION_OF_SUMOYLATION_PROTEINS,M27320,35,35,35,0,0,1.0,AAAS;NDC1;NUP107;NUP133;NUP153;NUP155;NUP160;NUP188;NUP205;NUP210;NUP214;NUP35;NUP37;NUP42;NUP43;NUP50;NUP54;NUP58;NUP62;NUP85;NUP88;NUP93;NUP98;PIAS4;POM121;POM121C;RAE1;RANBP2;SEC13;SEH1L;SUMO1;SUMO2;TOPORS;TPR;UBE2I,,
SUMOYLATION_OF_SUMOYLATION_PROTEINS,MM15039,35,35,35,0,0,1.0,AAAS;NDC1;NUP107;NUP133;NUP153;NUP155;NUP160;NUP188;NUP205;NUP210;NUP214;NUP35;NUP37;NUP42;NUP43;NUP50;NUP54;NUP58;NUP62;NUP85;NUP88;NUP93;NUP98;PIAS4;POM121;POM121C;RAE1;RANBP2;SEC13;SEH1L;SUMO1;SUMO2;TOPORS;TPR;UBE2I,,
SUMOYLATION_OF_TRANSCRIPTION_COFACTORS,M27295,32,32,32,0,0,1.0,BMI1;CBX2;CBX4;CBX8;CREBBP;CTBP1;DAXX;DDX17;DDX5;EP300;HIPK2;NCOR2;NPM1;PARK7;PCGF2;PHC1;PHC2;PHC3;PIAS1;PIAS2;PIAS3;PIAS4;PPARGC1A;RING1;RNF2;SCMH1;SIN3A;SUMO1;SUMO2;TOPORS;TRIM28;UBE2I,,
SUMOYLATION_OF_TRANSCRIPTION_COFACTORS,MM15000,32,29,28,4,1,0.8484848484848485,BMI1;CBX2;CBX4;CBX8;CTBP1;DAXX;DDX17;DDX5;EP300;HIPK2;NPM1;PARK7;PCGF2;PHC1;PHC2;PHC3;PIAS1;PIAS2;PIAS3;PIAS4;RING1;RNF2;SCMH1;SIN3A;SUMO1;SUMO2;TOPORS;UBE2I,CREBBP;NCOR2;PPARGC1A;TRIM28,SUMO4
SUMOYLATION_OF_TRANSCRIPTION_FACTORS,M27237,13,13,13,0,0,1.0,CDKN2A;MDM2;MITF;PIAS1;PIAS2;PIAS3;PIAS4;SUMO1;SUMO2;TFAP2A;TP53;TP53BP1;UBE2I,,
SUMOYLATION_OF_TRANSCRIPTION_FACTORS,MM14938,13,10,9,4,1,0.6428571428571429,MITF;PIAS1;PIAS2;PIAS3;PIAS4;SUMO1;SUMO2;TP53BP1;UBE2I,CDKN2A;MDM2;TFAP2A;TP53,SUMO4
SUMOYLATION_OF_UBIQUITINYLATION_PROTEINS,M27238,38,38,38,0,0,1.0,AAAS;MDM2;NDC1;NUP107;NUP133;NUP153;NUP155;NUP160;NUP188;NUP205;NUP210;NUP214;NUP35;NUP37;NUP42;NUP43;NUP50;NUP54;NUP58;NUP62;NUP85;NUP88;NUP93;NUP98;PIAS1;PIAS2;PIAS4;PML;POM121;POM121C;RAE1;RANBP2;SEC13;SEH1L;SUMO1;TPR;TRIM27;UBE2I,,
SUMOYLATION_OF_UBIQUITINYLATION_PROTEINS,MM14939,38,38,38,0,0,1.0,AAAS;MDM2;NDC1;NUP107;NUP133;NUP153;NUP155;NUP160;NUP188;NUP205;NUP210;NUP214;NUP35;NUP37;NUP42;NUP43;NUP50;NUP54;NUP58;NUP62;NUP85;NUP88;NUP93;NUP98;PIAS1;PIAS2;PIAS4;PML;POM121;POM121C;RAE1;RANBP2;SEC13;SEH1L;SUMO1;TPR;TRIM27;UBE2I,,
SUMO_IS_CONJUGATED_TO_E1_UBA2_SAE1,M27223,4,4,4,0,0,1.0,SAE1;SUMO1;SUMO2;UBA2,,
SUMO_IS_TRANSFERRED_FROM_E1_TO_E2_UBE2I_UBC9,M27224,5,5,5,0,0,1.0,SAE1;SUMO1;SUMO2;UBA2;UBE2I,,
SUMO_IS_TRANSFERRED_FROM_E1_TO_E2_UBE2I_UBC9,MM14927,5,4,4,1,0,0.8,SAE1;SUMO1;UBA2;UBE2I,SUMO2,
SWITCHING_OF_ORIGINS_TO_A_POST_REPLICATIVE_STATE,M27666,45,45,45,0,0,1.0,ADRM1;ANAPC1;ANAPC10;ANAPC11;ANAPC15;ANAPC16;ANAPC2;ANAPC4;ANAPC5;ANAPC7;CDC16;CDC23;CDC26;CDC27;CDC6;CDT1;FZR1;MCM2;MCM3;MCM4;MCM5;MCM6;MCM7;MCM8;ORC1;ORC2;ORC3;ORC4;ORC5;PSMC1;PSMC5;PSMD13;PSMD14;PSMD2;PSMD3;RBX1;RPS27A;SKP1;UBA52;UBB;UBC;UBE2C;UBE2D1;UBE2E1;UBE2S,,
SWITCHING_OF_ORIGINS_TO_A_POST_REPLICATIVE_STATE,MM15371,45,45,45,0,0,1.0,ADRM1;ANAPC1;ANAPC10;ANAPC11;ANAPC15;ANAPC16;ANAPC2;ANAPC4;ANAPC5;ANAPC7;CDC16;CDC23;CDC26;CDC27;CDC6;CDT1;FZR1;MCM2;MCM3;MCM4;MCM5;MCM6;MCM7;MCM8;ORC1;ORC2;ORC3;ORC4;ORC5;PSMC1;PSMC5;PSMD13;PSMD14;PSMD2;PSMD3;RBX1;RPS27A;SKP1;UBA52;UBB;UBC;UBE2C;UBE2D1;UBE2E1;UBE2S,,
SYNTHESIS_OF_ACTIVE_UBIQUITIN_ROLES_OF_E1_AND_E2_ENZYMES,M27762,15,15,15,0,0,1.0,RPS27A;UBA1;UBA52;UBA6;UBB;UBC;UBE2C;UBE2D1;UBE2D2;UBE2E1;UBE2E3;UBE2S;USP5;USP7;USP9X,,
SYNTHESIS_OF_ACTIVE_UBIQUITIN_ROLES_OF_E1_AND_E2_ENZYMES,MM15507,15,15,15,0,0,1.0,RPS27A;UBA1;UBA52;UBA6;UBB;UBC;UBE2C;UBE2D1;UBE2D2;UBE2E1;UBE2E3;UBE2S;USP5;USP7;USP9X,,
SYNTHESIS_OF_DNA,M5224,46,46,46,0,0,1.0,ADRM1;ANAPC1;ANAPC10;ANAPC11;ANAPC15;ANAPC16;ANAPC2;ANAPC4;ANAPC5;ANAPC7;CDC16;CDC23;CDC26;CDC27;CDC6;CDT1;FEN1;FZR1;MCM2;MCM3;MCM4;MCM5;MCM6;MCM7;MCM8;ORC1;ORC2;ORC3;ORC4;ORC5;PSMC1;PSMC5;PSMD13;PSMD14;PSMD2;PSMD3;RBX1;RPS27A;SKP1;UBA52;UBB;UBC;UBE2C;UBE2D1;UBE2E1;UBE2S,,
SYNTHESIS_OF_DOLICHYL_PHOSPHATE,M27373,6,6,6,0,0,1.0,DHDDS;DOLK;DOLPP1;MVD;NUS1;SRD5A3,,
SYNTHESIS_OF_DOLICHYL_PHOSPHATE,MM15119,6,6,6,0,0,1.0,DHDDS;DOLK;DOLPP1;MVD;NUS1;SRD5A3,,
SYNTHESIS_OF_GDP_MANNOSE,M27374,6,6,6,0,0,1.0,GMPPA;GMPPB;HK1;MPI;PMM1;PMM2,,
SYNTHESIS_OF_GDP_MANNOSE,MM17218,6,6,6,0,0,1.0,GMPPA;GMPPB;HK1;MPI;PMM1;PMM2,,
SYNTHESIS_OF_IP2_IP_AND_INS_IN_THE_CYTOSOL,M27052,9,9,9,0,0,1.0,IMPA1;IMPA2;INPP4A;INPP4B;INPP5A;INPP5B;ISYNA1;OCRL;SYNJ1,,
SYNTHESIS_OF_IP2_IP_AND_INS_IN_THE_CYTOSOL,MM14710,9,9,9,0,0,1.0,IMPA1;IMPA2;INPP4A;INPP4B;INPP5A;INPP5B;ISYNA1;OCRL;SYNJ1,,
SYNTHESIS_OF_IP3_AND_IP4_IN_THE_CYTOSOL,M27053,18,18,18,0,0,1.0,CALM1;INPP5B;OCRL;PLCB1;PLCB2;PLCB3;PLCB4;PLCD1;PLCD3;PLCD4;PLCE1;PLCG1;PLCG2;PLCH1;PLCH2;PLCZ1;PTEN;SYNJ1,,
SYNTHESIS_OF_IP3_AND_IP4_IN_THE_CYTOSOL,MM14711,18,20,18,0,2,0.9,CALM1;INPP5B;OCRL;PLCB1;PLCB2;PLCB3;PLCB4;PLCD1;PLCD3;PLCD4;PLCE1;PLCG1;PLCG2;PLCH1;PLCH2;PLCZ1;PTEN;SYNJ1,,CALM2;CALM3
SYNTHESIS_OF_PIPS_AT_THE_GOLGI_MEMBRANE,M645,9,9,9,0,0,1.0,INPP5E;OCRL;PI4K2A;PI4K2B;PI4KA;PI4KB;PIK3C2A;PIK3C2G;PIKFYVE,,
SYNTHESIS_OF_PIPS_AT_THE_GOLGI_MEMBRANE,MM14642,9,9,9,0,0,1.0,INPP5E;OCRL;PI4K2A;PI4K2B;PI4KA;PI4KB;PIK3C2A;PIK3C2G;PIKFYVE,,
SYNTHESIS_OF_PIPS_AT_THE_PLASMA_MEMBRANE,M662,27,27,27,0,0,1.0,BMX;INPP4A;INPP4B;MTMR1;OCRL;PI4K2A;PI4K2B;PIK3C2A;PIK3C2B;PIK3C2G;PIK3CA;PIK3CB;PIK3CD;PIK3CG;PIK3R1;PIK3R2;PIK3R3;PIP4K2A;PIP4K2B;PIP4K2C;PIP5K1A;PIP5K1B;PIP5K1C;PTEN;RAB5A;SYNJ1;SYNJ2,,
SYNTHESIS_OF_PIPS_AT_THE_PLASMA_MEMBRANE,MM14641,27,27,27,0,0,1.0,BMX;INPP4A;INPP4B;MTMR1;OCRL;PI4K2A;PI4K2B;PIK3C2A;PIK3C2B;PIK3C2G;PIK3CA;PIK3CB;PIK3CD;PIK3CG;PIK3R1;PIK3R2;PIK3R3;PIP4K2A;PIP4K2B;PIP4K2C;PIP5K1A;PIP5K1B;PIP5K1C;PTEN;RAB5A;SYNJ1;SYNJ2,,
SYNTHESIS_OF_SUBSTRATES_IN_N_GLYCAN_BIOSYTHESIS,M892,25,25,25,0,0,1.0,ALG5;DHDDS;DOLK;DOLPP1;DPM1;DPM2;DPM3;FCSK;GFPT1;GFPT2;GLB1;GMPPA;GMPPB;GNPNAT1;HK1;MPI;MVD;NAGK;NUS1;PGM3;PMM1;PMM2;SLC35C1;SRD5A3;ST6GAL2,,
S_PHASE,M3158,60,60,60,0,0,1.0,ADRM1;AKT1;AKT2;AKT3;ANAPC1;ANAPC10;ANAPC11;ANAPC15;ANAPC16;ANAPC2;ANAPC4;ANAPC5;ANAPC7;CDC16;CDC23;CDC26;CDC27;CDC6;CDK7;CDT1;ESCO1;ESCO2;FEN1;FZR1;GSK3B;MAX;MCM2;MCM3;MCM4;MCM5;MCM6;MCM7;MCM8;MYC;ORC1;ORC2;ORC3;ORC4;ORC5;PDS5A;PDS5B;PSMC1;PSMC5;PSMD13;PSMD14;PSMD2;PSMD3;RBX1;RPS27A;SKP1;SMC1A;SMC3;STAG2;UBA52;UBB;UBC;UBE2C;UBE2D1;UBE2E1;UBE2S,,
S_PHASE,MM15378,60,57,57,3,0,0.95,ADRM1;AKT1;AKT2;AKT3;ANAPC1;ANAPC10;ANAPC11;ANAPC15;ANAPC16;ANAPC2;ANAPC4;ANAPC5;ANAPC7;CDC16;CDC23;CDC26;CDC27;CDC6;CDK7;CDT1;ESCO1;ESCO2;FEN1;FZR1;MCM2;MCM3;MCM4;MCM5;MCM6;MCM7;MCM8;ORC1;ORC2;ORC3;ORC4;ORC5;PDS5A;PDS5B;PSMC1;PSMC5;PSMD13;PSMD14;PSMD2;PSMD3;RBX1;RPS27A;SKP1;SMC1A;SMC3;STAG2;UBA52;UBB;UBC;UBE2C;UBE2D1;UBE2E1;UBE2S,GSK3B;MAX;MYC,
TCF_DEPENDENT_SIGNALING_IN_RESPONSE_TO_WNT,MM14791,56,48,48,8,0,0.8571428571428571,ADRM1;AKT1;AKT2;ASH2L;BCL9L;CAV1;CBY1;CHD8;CTBP1;CTNNB1;CUL3;DVL1;DVL2;EP300;FZD2;FZD4;FZD5;FZD6;GSK3B;HDAC1;KAT5;KLHL12;KMT2D;LEO1;LRP5;MEN1;PIP5K1B;PSMC1;PSMC5;PSMD13;PSMD14;PSMD2;PSMD3;RBBP5;RBX1;RPS27A;RUVBL1;SOX4;SOX7;TERT;TNKS2;TRRAP;UBA52;UBB;UBC;WNT5A;XPO1;YWHAZ,CREBBP;H2AC18;H2AC20;H2BC21;H3-3A;LGR4;MYC;SOX2,
TGFBR3_REGULATES_TGF_BETA_SIGNALING,M48252,6,6,6,0,0,1.0,ARRB1;ARRB2;TGFB1;TGFBR1;TGFBR2;TGFBR3,,
TGFBR3_REGULATES_TGF_BETA_SIGNALING,MM17233,6,6,6,0,0,1.0,ARRB1;ARRB2;TGFB1;TGFBR1;TGFBR2;TGFBR3,,
TGF_BETA_RECEPTOR_SIGNALING_ACTIVATES_SMADS,M646,20,21,20,0,1,0.9523809523809523,FKBP1A;ITGB1;ITGB5;NEDD4L;NEDD8;PPP1CA;PPP1CB;PPP1CC;RPS27A;SMAD4;SMURF1;STUB1;TGFB1;TGFBR1;TGFBR2;TGFBR3;UBA52;UBB;UBC;XPO1,,USP15
TGF_BETA_RECEPTOR_SIGNALING_IN_EMT_EPITHELIAL_TO_MESENCHYMAL_TRANSITION,M627,16,16,16,0,0,1.0,ARHGEF18;CGN;F11R;FKBP1A;PARD3;PARD6A;PRKCZ;RHOA;RPS27A;SMURF1;TGFB1;TGFBR1;TGFBR2;UBA52;UBB;UBC,,
TGF_BETA_RECEPTOR_SIGNALING_IN_EMT_EPITHELIAL_TO_MESENCHYMAL_TRANSITION,MM14875,16,15,15,1,0,0.9375,ARHGEF18;CGN;F11R;PARD3;PARD6A;PRKCZ;RHOA;RPS27A;SMURF1;TGFB1;TGFBR1;TGFBR2;UBA52;UBB;UBC,FKBP1A,
THE_CANONICAL_RETINOID_CYCLE_IN_RODS_TWILIGHT_VISION,M27174,21,21,21,0,0,1.0,ABCA4;CYP4V2;DHRS9;HSD17B6;LRAT;MYO7A;RBP1;RBP3;RBP4;RDH10;RDH11;RDH12;RDH16;RDH5;RDH8;RHO;RLBP1;RPE65;SDR9C7;STRA6;TTR,,
THE_CANONICAL_RETINOID_CYCLE_IN_RODS_TWILIGHT_VISION,MM14888,21,20,20,1,0,0.9523809523809523,ABCA4;CYP4V2;DHRS9;HSD17B6;LRAT;MYO7A;RBP1;RBP3;RBP4;RDH10;RDH11;RDH12;RDH16;RDH5;RHO;RLBP1;RPE65;SDR9C7;STRA6;TTR,RDH8,
THE_PHOTOTRANSDUCTION_CASCADE,M27183,32,32,32,0,0,1.0,CALM1;CNGA1;CNGB1;FNTA;FNTB;GNAT1;GNB1;GNB5;GNGT1;GRK1;GRK4;GRK7;GUCA1A;GUCA1B;GUCA1C;GUCY2D;GUCY2F;METAP1;METAP2;NMT1;NMT2;PDE6A;PDE6B;PDE6G;PPEF1;PRKCA;RCVRN;RGS9;RGS9BP;RHO;SAG;SLC24A1,,
THE_PHOTOTRANSDUCTION_CASCADE,MM14896,32,30,27,5,3,0.7714285714285715,CALM1;CNGA1;CNGB1;FNTA;FNTB;GNAT1;GNB1;GNB5;GNGT1;GRK1;GRK4;GUCA1A;GUCA1B;GUCY2D;GUCY2F;METAP1;METAP2;NMT1;NMT2;PDE6B;PDE6G;PPEF1;RCVRN;RGS9;RGS9BP;RHO;SAG,GRK7;GUCA1C;PDE6A;PRKCA;SLC24A1,CALM2;CALM3;CHURC1-FNTB
THE_RETINOID_CYCLE_IN_CONES_DAYLIGHT_VISION,M27157,7,7,7,0,0,1.0,AWAT2;DHRS3;OPN1LW;OPN1MW;OPN1SW;RBP3;RLBP1,,
THE_RETINOID_CYCLE_IN_CONES_DAYLIGHT_VISION,MM14880,7,7,6,1,1,0.75,AWAT2;DHRS3;OPN1LW;OPN1SW;RBP3;RLBP1,OPN1MW,OPN1MW3
THE_ROLE_OF_GTSE1_IN_G2_M_PROGRESSION_AFTER_G2_CHECKPOINT,M27743,32,33,32,0,1,0.9696969696969697,ADRM1;GTSE1;HSP90AA1;HSP90AB1;MAPRE1;PLK1;PSMC1;PSMC5;PSMD13;PSMD14;PSMD2;PSMD3;RPS27A;TP53;TUBA1A;TUBA1B;TUBA1C;TUBA3E;TUBA4A;TUBA8;TUBAL3;TUBB1;TUBB2A;TUBB2B;TUBB3;TUBB4A;TUBB4B;TUBB6;TUBB8;UBA52;UBB;UBC,,TUBA3D
THE_ROLE_OF_GTSE1_IN_G2_M_PROGRESSION_AFTER_G2_CHECKPOINT,MM15491,32,31,30,2,1,0.9090909090909091,ADRM1;GTSE1;HSP90AA1;HSP90AB1;MAPRE1;PLK1;PSMC1;PSMC5;PSMD13;PSMD14;PSMD2;PSMD3;RPS27A;TP53;TUBA1A;TUBA1B;TUBA1C;TUBA4A;TUBA8;TUBAL3;TUBB1;TUBB2A;TUBB2B;TUBB3;TUBB4A;TUBB4B;TUBB6;UBA52;UBB;UBC,TUBA3E;TUBB8,TUBA3D
THROMBIN_SIGNALLING_THROUGH_PROTEINASE_ACTIVATED_RECEPTORS_PARS,M861,28,28,28,0,0,1.0,ARRB1;ARRB2;GNA11;GNA12;GNA13;GNA14;GNA15;GNAQ;GNB1;GNB2;GNB3;GNB4;GNB5;GNG10;GNG11;GNG12;GNG13;GNG2;GNG3;GNG4;GNG5;GNG7;GNG8;GNGT1;GNGT2;MAPK1;MAPK3;SRC,,
THROMBIN_SIGNALLING_THROUGH_PROTEINASE_ACTIVATED_RECEPTORS_PARS,MM15148,28,28,28,0,0,1.0,ARRB1;ARRB2;GNA11;GNA12;GNA13;GNA14;GNA15;GNAQ;GNB1;GNB2;GNB3;GNB4;GNB5;GNG10;GNG11;GNG12;GNG13;GNG2;GNG3;GNG4;GNG5;GNG7;GNG8;GNGT1;GNGT2;MAPK1;MAPK3;SRC,,
THROMBOXANE_SIGNALLING_THROUGH_TP_RECEPTOR,M18308,24,24,24,0,0,1.0,AAMP;GNA11;GNA13;GNA14;GNA15;GNAQ;GNB1;GNB2;GNB3;GNB4;GNB5;GNG10;GNG11;GNG12;GNG13;GNG2;GNG3;GNG4;GNG5;GNG7;GNG8;GNGT1;GNGT2;TBXA2R,,
THROMBOXANE_SIGNALLING_THROUGH_TP_RECEPTOR,MM15088,24,24,24,0,0,1.0,AAMP;GNA11;GNA13;GNA14;GNA15;GNAQ;GNB1;GNB2;GNB3;GNB4;GNB5;GNG10;GNG11;GNG12;GNG13;GNG2;GNG3;GNG4;GNG5;GNG7;GNG8;GNGT1;GNGT2;TBXA2R,,
TICAM1_DEPENDENT_ACTIVATION_OF_IRF3_IRF7,M27884,8,8,8,0,0,1.0,IKBKE;OPTN;RPS27A;TBK1;TRAF3;UBA52;UBB;UBC,,
TIE2_SIGNALING,M11932,10,10,10,0,0,1.0,GRB14;GRB2;HRAS;KRAS;NRAS;PIK3CA;PIK3CB;PIK3R1;PIK3R2;SOS1,,
TIE2_SIGNALING,MM14836,10,9,9,1,0,0.9,GRB14;GRB2;HRAS;KRAS;PIK3CA;PIK3CB;PIK3R1;PIK3R2;SOS1,NRAS,
TP53_REGULATES_METABOLIC_GENES,M27495,34,34,34,0,0,1.0,AKT1;AKT2;AKT3;COX4I1;COX5A;COX5B;COX6A1;COX8A;CYCS;G6PD;GPI;GPX2;GSR;HIGD1C;LAMTOR1;MT-CO1;MT-CO2;MT-CO3;NDUFA4;PTEN;RHEB;SCO2;SLC38A9;TIGAR;TP53;TSC1;TXN;TXNRD1;YWHAB;YWHAE;YWHAG;YWHAH;YWHAQ;YWHAZ,,
TP53_REGULATES_METABOLIC_GENES,MM15223,34,31,31,3,0,0.9117647058823529,AKT1;AKT2;AKT3;COX4I1;COX5A;COX5B;COX6A1;COX8A;CYCS;G6PD;GPI;GPX2;GSR;HIGD1C;LAMTOR1;MT-CO1;MT-CO2;MT-CO3;NDUFA4;RHEB;SLC38A9;TIGAR;TSC1;TXN;TXNRD1;YWHAB;YWHAE;YWHAG;YWHAH;YWHAQ;YWHAZ,PTEN;SCO2;TP53,
TRAFFICKING_OF_AMPA_RECEPTORS,M7223,16,16,16,0,0,1.0,AP2A1;AP2A2;AP2B1;CACNG2;CAMK2A;CAMK2B;CAMK2D;CAMK2G;DLG4;GRIA1;GRIP1;MDM2;MYO6;PRKCA;PRKCB;PRKCG,,
TRAFFICKING_OF_AMPA_RECEPTORS,MM15028,16,15,15,1,0,0.9375,AP2A1;AP2A2;AP2B1;CACNG2;CAMK2A;CAMK2B;CAMK2D;CAMK2G;DLG4;GRIA1;GRIP1;MDM2;MYO6;PRKCB;PRKCG,PRKCA,
TRAFFICKING_OF_MYRISTOYLATED_PROTEINS_TO_THE_CILIUM,M27486,5,5,5,0,0,1.0,ARL3;CYS1;NPHP3;RP2;UNC119B,,
TRANSCRIPTIONAL_ACTIVATION_OF_MITOCHONDRIAL_BIOGENESIS,M27145,26,26,26,0,0,1.0,ACSS2;ALAS1;ATF2;ATP5F1B;CALM1;CAMK4;CREB1;CREBBP;CRTC2;CYCS;ESRRA;GLUD1;GLUD2;HCFC1;HDAC3;IDH2;MED1;MEF2D;NCOR1;NR1D1;POLRMT;PPARGC1A;PPRC1;SOD2;TBL1X;TBL1XR1,,
TRANSCRIPTIONAL_ACTIVITY_OF_SMAD2_SMAD3_SMAD4_HETEROTRIMER,M665,22,22,22,0,0,1.0,EP300;HDAC1;MAPK1;MAPK3;MEN1;MYC;NCOR1;NCOR2;NEDD4L;PPM1A;RPS27A;SMAD4;SNW1;SP1;STAT1;UBA52;UBB;UBC;UBE2D1;UBE2D3;USP9X;YBX1,,
TRANSCRIPTIONAL_AND_POST_TRANSLATIONAL_REGULATION_OF_MITF_M_EXPRESSION_AND_ACTIVITY,M48267,22,31,22,0,9,0.7096774193548387,AKT3;CREB1;CREBBP;CTNNB1;EPRS1;GSK3B;HDAC1;IARS1;MAPK1;MAPK3;MARS1;MC1R;MC4R;MC5R;MITF;PAX3;POMC;RARS1;SIRT1;SOX2;TFEB;XPO1,,CSF1;EP300;SUMO1;UBE2I;YWHAB;YWHAE;YWHAG;YWHAH;YWHAZ
TRANSCRIPTIONAL_AND_POST_TRANSLATIONAL_REGULATION_OF_MITF_M_EXPRESSION_AND_ACTIVITY,MM17240,22,15,11,11,4,0.4230769230769231,AKT3;EPRS1;GSK3B;IARS1;MAPK1;MAPK3;MARS1;MITF;RARS1;SIRT1;XPO1,CREB1;CREBBP;CTNNB1;HDAC1;MC1R;MC4R;MC5R;PAX3;POMC;SOX2;TFEB,CSF1;EP300;SUMO1;UBE2I
TRANSCRIPTIONAL_REGULATION_BY_E2F6,M27826,17,17,17,0,0,1.0,BMI1;BRCA1;CBX3;E2F6;EZH2;L3MBTL2;MAX;MGA;PCGF2;PCGF6;PHC1;PHC3;RAD51;RING1;RNF2;RYBP;YAF2,,
TRANSCRIPTIONAL_REGULATION_BY_E2F6,MM15546,17,14,14,3,0,0.8235294117647058,BMI1;E2F6;EZH2;L3MBTL2;MAX;MGA;PCGF2;PCGF6;PHC1;PHC3;RING1;RNF2;RYBP;YAF2,BRCA1;CBX3;RAD51,
TRANSCRIPTIONAL_REGULATION_BY_MECP2,M27862,31,31,31,0,0,1.0,CALM1;CAMK2A;CAMK2B;CAMK2D;CAMK2G;CAMK4;CREB1;CRH;GAD2;GPS2;HDAC1;HDAC2;HDAC3;HIPK2;HTT;IRAK1;LBR;MECP2;MOBP;NCOR1;NCOR2;OPRM1;PPARG;PRKACA;PTEN;PVALB;SIN3A;SLC2A3;SOX2;TBL1X;TBL1XR1,,
TRANSCRIPTIONAL_REGULATION_BY_MECP2,MM15582,31,5,5,26,0,0.16129032258064516,HDAC1;HIPK2;LBR;MECP2;SIN3A,CALM1;CAMK2A;CAMK2B;CAMK2D;CAMK2G;CAMK4;CREB1;CRH;GAD2;GPS2;HDAC2;HDAC3;HTT;IRAK1;MOBP;NCOR1;NCOR2;OPRM1;PPARG;PRKACA;PTEN;PVALB;SLC2A3;SOX2;TBL1X;TBL1XR1,
TRANSCRIPTIONAL_REGULATION_BY_RUNX2,M27785,37,37,37,0,0,1.0,ABL1;ADRM1;AKT1;AKT2;AKT3;AR;BAX;ESRRA;GLI2;GLI3;GSK3B;HDAC3;HDAC4;HDAC6;LGALS3;MAF;MAPK1;MAPK3;PPARGC1A;PSMC1;PSMC5;PSMD13;PSMD14;PSMD2;PSMD3;RBX1;RPS27A;SKP1;SMAD4;SMAD6;SMURF1;SRC;STAT1;STUB1;UBA52;UBB;UBC,,
TRANSCRIPTIONAL_REGULATION_BY_SMALL_RNAS,M27458,38,42,38,0,4,0.9047619047619048,AAAS;H2AC18;H2AC20;H2BC21;H3-3A;NDC1;NUP107;NUP133;NUP153;NUP155;NUP160;NUP188;NUP205;NUP210;NUP214;NUP35;NUP37;NUP42;NUP43;NUP50;NUP54;NUP58;NUP62;NUP85;NUP88;NUP93;NUP98;POLR2A;POLR2B;POLR2C;POM121;POM121C;RAE1;RAN;RANBP2;SEC13;SEH1L;TPR,,H2AX;H3-3B;H3C2;H4C6
TRANSCRIPTIONAL_REGULATION_BY_SMALL_RNAS,MM15200,38,31,31,7,0,0.8157894736842105,AAAS;NDC1;NUP107;NUP133;NUP153;NUP155;NUP160;NUP188;NUP205;NUP210;NUP214;NUP35;NUP37;NUP42;NUP43;NUP50;NUP54;NUP58;NUP62;NUP85;NUP88;NUP93;NUP98;POM121;POM121C;RAE1;RAN;RANBP2;SEC13;SEH1L;TPR,H2AC18;H2AC20;H2BC21;H3-3A;POLR2A;POLR2B;POLR2C,
TRANSCRIPTIONAL_REGULATION_BY_VENTX,M29748,24,24,24,0,0,1.0,ANAPC1;ANAPC10;ANAPC11;ANAPC15;ANAPC16;ANAPC2;ANAPC4;ANAPC5;ANAPC7;CDC16;CDC23;CDC26;CDC27;CDKN2A;CEBPB;CTNNB1;FZR1;IL6;RELA;TP53;UBE2C;UBE2D1;UBE2E1;UBE2S,,
TRANSLATION,M8229,121,122,120,1,2,0.975609756097561,DAP3;DDOST;EEF1A1;EEF1G;EEF2;EIF2B3;EIF2B4;EIF2S1;EIF2S3;EIF3B;EIF3C;EIF3D;EIF3F;EIF3G;EIF3I;EIF4A1;EIF4A2;EIF4B;EIF4H;EPRS1;ERAL1;GFM1;HARS1;HARS2;IARS1;MARS1;MRPL10;MRPL11;MRPL13;MRPL15;MRPL16;MRPL17;MRPL19;MRPL2;MRPL21;MRPL22;MRPL23;MRPL27;MRPL3;MRPL30;MRPL32;MRPL33;MRPL34;MRPL36;MRPL38;MRPL4;MRPL40;MRPL41;MRPL43;MRPL44;MRPL45;MRPL46;MRPL47;MRPL49;MRPL50;MRPL51;MRPL53;MRPL54;MRPS10;MRPS11;MRPS14;MRPS15;MRPS16;MRPS18A;MRPS18C;MRPS2;MRPS21;MRPS25;MRPS34;MRPS35;MRPS5;MRPS6;MRPS9;MRRF;PABPC1;PARS2;RARS1;RPL11;RPL19;RPL22L1;RPL23;RPL27;RPL36AL;RPL5;RPL6;RPL7;RPL7A;RPLP1;RPN1;RPN2;RPS10;RPS11;RPS12;RPS13;RPS14;RPS18;RPS2;RPS20;RPS21;RPS23;RPS25;RPS27A;RPS27L;RPS3;RPS9;SEC61A1;SEC61A2;SEC61B;SRP19;SRP54;SRP68;SRP9;SRPRA;SSR4;TSFM;TUFM;UBA52;VARS1;WARS1;YARS1,MRPS36,KGD4;MRPS12
TRANSLATION,MM15420,121,104,100,21,4,0.8,DAP3;EEF1A1;EEF1G;EEF2;EIF2B3;EIF2B4;EIF2S1;EIF2S3;EIF3B;EIF3C;EIF3D;EIF3F;EIF3G;EIF3I;EIF4A1;EIF4A2;EIF4B;EIF4H;ERAL1;GFM1;MRPL10;MRPL11;MRPL13;MRPL15;MRPL16;MRPL17;MRPL19;MRPL2;MRPL21;MRPL22;MRPL23;MRPL27;MRPL3;MRPL30;MRPL32;MRPL33;MRPL34;MRPL36;MRPL38;MRPL4;MRPL40;MRPL41;MRPL43;MRPL44;MRPL45;MRPL46;MRPL47;MRPL49;MRPL50;MRPL51;MRPL53;MRPL54;MRPS10;MRPS11;MRPS14;MRPS15;MRPS16;MRPS18A;MRPS18C;MRPS2;MRPS21;MRPS25;MRPS34;MRPS35;MRPS5;MRPS6;MRPS9;MRRF;PABPC1;RPL11;RPL19;RPL22L1;RPL23;RPL27;RPL36AL;RPL5;RPL6;RPL7;RPL7A;RPLP1;RPS10;RPS11;RPS12;RPS13;RPS14;RPS18;RPS2;RPS20;RPS21;RPS23;RPS25;RPS27A;RPS27L;RPS3;RPS9;SRP19;SRP54;SRP68;SRP9;UBA52,DDOST;EPRS1;HARS1;HARS2;IARS1;MARS1;MRPS36;PARS2;RARS1;RPN1;RPN2;SEC61A1;SEC61A2;SEC61B;SRPRA;SSR4;TSFM;TUFM;VARS1;WARS1;YARS1,EIF2S3B;KGD4;MRPS12;PABPC3
TRANSLOCATION_OF_SLC2A4_GLUT4_TO_THE_PLASMA_MEMBRANE,M26954,46,47,46,0,1,0.9787234042553191,ACTB;AKT1;AKT2;CALM1;EXOC1;EXOC2;EXOC3;EXOC4;EXOC5;EXOC6;EXOC7;EXOC8;KIF3A;KIF3B;KIFAP3;MYH9;MYO5A;RAB10;RAB11A;RAB13;RAB8A;RAC1;RHOQ;SLC2A4;SNAP23;TUBA1A;TUBA1B;TUBA1C;TUBA3E;TUBA4A;TUBA8;TUBAL3;TUBB1;TUBB2A;TUBB2B;TUBB3;TUBB4A;TUBB4B;TUBB6;TUBB8;YWHAB;YWHAE;YWHAG;YWHAH;YWHAQ;YWHAZ,,TUBA3D
TRANSMISSION_ACROSS_CHEMICAL_SYNAPSES,M15514,117,118,117,0,1,0.9915254237288136,ACTN2;ADCY1;ADCY2;ADCY3;ADCY4;ADCY5;ADCY6;ADCY7;ADCY8;ADCY9;ALDH5A1;AP2A1;AP2A2;AP2B1;ARHGEF7;ARL6IP5;CACNG2;CALM1;CAMK1;CAMK2A;CAMK2B;CAMK2D;CAMK2G;CAMK4;CASK;CREB1;DLG4;DNAJC5;GABBR1;GABRA1;GABRA5;GABRB1;GABRG2;GABRR1;GABRR2;GAD2;GIT1;GLUL;GNAI1;GNAI2;GNAI3;GNAL;GNAT3;GNB1;GNB2;GNB3;GNB4;GNB5;GNG10;GNG11;GNG12;GNG13;GNG2;GNG3;GNG4;GNG5;GNG7;GNG8;GNGT1;GNGT2;GRIA1;GRIP1;HRAS;HSPA8;KCNJ10;KCNJ3;KCNJ5;KIF17;KPNA2;KRAS;MAPK1;MAPK3;MDM2;MYO6;NCALD;NEFL;NRAS;PLCB1;PLCB2;PLCB3;PRKACA;PRKACB;PRKACG;PRKAR1A;PRKAR1B;PRKAR2A;PRKAR2B;PRKCA;PRKCB;PRKCG;RAC1;RIMS1;SLC1A1;SLC1A2;SLC1A3;SLC5A7;SLC6A1;SLC6A11;SLC6A13;SNAP25;SRC;STX1A;TUBA1A;TUBA1B;TUBA1C;TUBA3E;TUBA4A;TUBA8;TUBAL3;TUBB1;TUBB2A;TUBB2B;TUBB3;TUBB4A;TUBB4B;TUBB6;TUBB8,,TUBA3D
TRANSMISSION_ACROSS_CHEMICAL_SYNAPSES,MM14502,117,88,86,31,2,0.7226890756302521,ACTN2;ADCY1;ADCY2;ADCY3;ADCY4;ADCY5;ADCY6;ADCY7;ADCY8;ADCY9;ALDH5A1;AP2A1;AP2A2;AP2B1;ARL6IP5;CACNG2;CALM1;CAMK1;CAMK2A;CAMK2B;CAMK2D;CAMK2G;CASK;CREB1;DLG4;DNAJC5;GABBR1;GABRA1;GABRA5;GABRB1;GABRG2;GABRR1;GABRR2;GAD2;GLUL;GNAI1;GNAI2;GNAI3;GNAL;GNAT3;GNB1;GNB2;GNB3;GNB4;GNB5;GNG10;GNG11;GNG12;GNG13;GNG2;GNG3;GNG4;GNG5;GNG7;GNG8;GNGT1;GNGT2;GRIA1;GRIP1;HSPA8;KCNJ10;KCNJ3;KCNJ5;MDM2;MYO6;NCALD;NEFL;PLCB1;PLCB2;PLCB3;PRKACA;PRKACB;PRKAR1A;PRKAR1B;PRKCB;PRKCG;RIMS1;SLC1A1;SLC1A2;SLC1A3;SLC5A7;SLC6A1;SLC6A11;SLC6A13;SNAP25;STX1A,ARHGEF7;CAMK4;GIT1;HRAS;KIF17;KPNA2;KRAS;MAPK1;MAPK3;NRAS;PRKACG;PRKAR2A;PRKAR2B;PRKCA;RAC1;SRC;TUBA1A;TUBA1B;TUBA1C;TUBA3E;TUBA4A;TUBA8;TUBAL3;TUBB1;TUBB2A;TUBB2B;TUBB3;TUBB4A;TUBB4B;TUBB6;TUBB8,CALM2;CALM3
TRANSPORT_OF_CONNEXONS_TO_THE_PLASMA_MEMBRANE,M27067,17,18,17,0,1,0.9444444444444444,GJA1;GJB2;TUBA1A;TUBA1B;TUBA1C;TUBA3E;TUBA4A;TUBA8;TUBAL3;TUBB1;TUBB2A;TUBB2B;TUBB3;TUBB4A;TUBB4B;TUBB6;TUBB8,,TUBA3D
TRANSPORT_OF_CONNEXONS_TO_THE_PLASMA_MEMBRANE,MM14731,17,16,15,2,1,0.8333333333333334,GJA1;GJB2;TUBA1A;TUBA1B;TUBA1C;TUBA4A;TUBA8;TUBAL3;TUBB1;TUBB2A;TUBB2B;TUBB3;TUBB4A;TUBB4B;TUBB6,TUBA3E;TUBB8,TUBA3D
TRANSPORT_OF_INORGANIC_CATIONS_ANIONS_AND_AMINO_ACIDS_OLIGOPEPTIDES,M823,47,47,47,0,0,1.0,CALM1;CTNS;SLC12A1;SLC12A2;SLC12A3;SLC17A8;SLC1A1;SLC1A2;SLC1A3;SLC1A5;SLC20A1;SLC20A2;SLC24A1;SLC24A2;SLC25A10;SLC25A11;SLC25A18;SLC25A22;SLC26A1;SLC26A2;SLC26A3;SLC26A4;SLC26A6;SLC26A9;SLC36A1;SLC3A1;SLC3A2;SLC4A3;SLC4A4;SLC4A7;SLC4A8;SLC5A8;SLC7A1;SLC7A10;SLC7A5;SLC7A6;SLC7A7;SLC7A8;SLC7A9;SLC8A1;SLC9A1;SLC9A2;SLC9A3;SLC9A4;SLC9A5;SLC9A6;SLC9A8,,
TRANSPORT_OF_INORGANIC_CATIONS_ANIONS_AND_AMINO_ACIDS_OLIGOPEPTIDES,MM15074,47,49,47,0,2,0.9591836734693877,CALM1;CTNS;SLC12A1;SLC12A2;SLC12A3;SLC17A8;SLC1A1;SLC1A2;SLC1A3;SLC1A5;SLC20A1;SLC20A2;SLC24A1;SLC24A2;SLC25A10;SLC25A11;SLC25A18;SLC25A22;SLC26A1;SLC26A2;SLC26A3;SLC26A4;SLC26A6;SLC26A9;SLC36A1;SLC3A1;SLC3A2;SLC4A3;SLC4A4;SLC4A7;SLC4A8;SLC5A8;SLC7A1;SLC7A10;SLC7A5;SLC7A6;SLC7A7;SLC7A8;SLC7A9;SLC8A1;SLC9A1;SLC9A2;SLC9A3;SLC9A4;SLC9A5;SLC9A6;SLC9A8,,CALM2;CALM3
TRANSPORT_OF_MATURE_MRNAS_DERIVED_FROM_INTRONLESS_TRANSCRIPTS,M26975,35,35,35,0,0,1.0,AAAS;ALYREF;CPSF1;NCBP1;NCBP2;NDC1;NUP107;NUP133;NUP153;NUP155;NUP160;NUP188;NUP205;NUP210;NUP214;NUP35;NUP37;NUP42;NUP43;NUP50;NUP54;NUP58;NUP62;NUP85;NUP88;NUP93;NUP98;POM121;POM121C;RAE1;RANBP2;SEC13;SEH1L;TPR;WDR33,,
TRANSPORT_OF_MATURE_MRNAS_DERIVED_FROM_INTRONLESS_TRANSCRIPTS,MM14610,35,35,35,0,0,1.0,AAAS;ALYREF;CPSF1;NCBP1;NCBP2;NDC1;NUP107;NUP133;NUP153;NUP155;NUP160;NUP188;NUP205;NUP210;NUP214;NUP35;NUP37;NUP42;NUP43;NUP50;NUP54;NUP58;NUP62;NUP85;NUP88;NUP93;NUP98;POM121;POM121C;RAE1;RANBP2;SEC13;SEH1L;TPR;WDR33,,
TRANSPORT_OF_MATURE_TRANSCRIPT_TO_CYTOPLASM,M725,63,63,63,0,0,1.0,AAAS;ALYREF;CASC3;CDC40;CPSF1;DDX39A;DDX39B;DHX38;EIF4A3;MAGOH;MAGOHB;NCBP1;NCBP2;NDC1;NUP107;NUP133;NUP153;NUP155;NUP160;NUP188;NUP205;NUP210;NUP214;NUP35;NUP37;NUP42;NUP43;NUP50;NUP54;NUP58;NUP62;NUP85;NUP88;NUP93;NUP98;POLDIP3;POM121;POM121C;RAE1;RANBP2;RBM8A;RNPS1;SEC13;SEH1L;SLU7;SRRM1;SRSF1;SRSF11;SRSF2;SRSF3;SRSF4;SRSF5;SRSF6;SRSF7;SRSF9;THOC1;THOC2;TPR;U2AF1;U2AF1L4;U2AF2;UPF3B;WDR33,,
TRANSPORT_OF_MATURE_TRANSCRIPT_TO_CYTOPLASM,MM15413,63,61,60,3,1,0.9375,AAAS;ALYREF;CASC3;CDC40;CPSF1;DDX39A;DDX39B;DHX38;EIF4A3;MAGOH;NCBP1;NCBP2;NDC1;NUP107;NUP133;NUP153;NUP155;NUP160;NUP188;NUP205;NUP210;NUP214;NUP35;NUP37;NUP42;NUP43;NUP50;NUP54;NUP58;NUP62;NUP85;NUP88;NUP93;NUP98;POLDIP3;POM121;POM121C;RAE1;RANBP2;RBM8A;RNPS1;SEC13;SEH1L;SLU7;SRRM1;SRSF1;SRSF11;SRSF2;SRSF3;SRSF5;SRSF7;SRSF9;THOC1;THOC2;TPR;U2AF1;U2AF1L4;U2AF2;UPF3B;WDR33,MAGOHB;SRSF4;SRSF6,NXF5
TRANSPORT_OF_SMALL_MOLECULES,M27287,232,230,230,2,0,0.9913793103448276,ABCA1;ABCA4;ABCB10;ABCB4;ABCB6;ABCB7;ABCB8;ABCF1;ABCG2;ABCG5;ACO1;ADCY1;ADCY2;ADCY3;ADCY4;ADCY5;ADCY6;ADCY7;ADCY8;ADCY9;ADD3;ADRM1;ALB;ANO1;ANO2;ANO5;AP2A1;AP2A2;AP2B1;APOBR;APOE;ARL2;ARL2BP;ATP12A;ATP13A2;ATP1A4;ATP2A1;ATP4A;ATP6V0A1;ATP8A2;AVPR2;BEST1;BEST2;BSG;CA2;CA4;CALM1;CAMK2A;CAMK2B;CAMK2D;CAMK2G;CFTR;CLCA1;CLCA2;CLCA4;CLCN3;CLCN6;CLN3;CLTC;CREB3L3;CTNS;CUBN;CYB5R1;CYB5R4;CYBRD1;CYGB;DERL1;EIF2S1;EIF2S3;ERLIN2;ESYT1;FBXL5;FKBP1B;FLVCR1;FTH1;GNAS;GNB1;GNB2;GNB3;GNB4;GNB5;GNG10;GNG11;GNG12;GNG13;GNG2;GNG3;GNG4;GNG5;GNG7;GNG8;GNGT1;GNGT2;HFE;HMOX1;HMOX2;IREB2;LCAT;LIPC;LIPG;LRRC8A;LRRC8B;LRRC8C;LRRC8D;LRRC8E;MB;MBTPS1;MBTPS2;MCOLN1;MRS2;NEDD4L;NEDD8;NPC1;NPC2;OS9;PCSK5;PEX19;PMPCA;PMPCB;PRKACA;PRKACB;PRKACG;PRKAR1A;PRKAR1B;PRKAR2A;PRKAR2B;PSMC1;PSMC5;PSMD13;PSMD14;PSMD2;PSMD3;RAB11A;RAF1;RHBG;RNF5;RPS27A;RYR1;RYR2;SCARB1;SKP1;SLC11A2;SLC12A1;SLC12A2;SLC12A3;SLC16A3;SLC16A8;SLC17A8;SLC1A1;SLC1A2;SLC1A3;SLC1A5;SLC20A1;SLC20A2;SLC24A1;SLC24A2;SLC25A10;SLC25A11;SLC25A18;SLC25A22;SLC25A4;SLC25A5;SLC25A6;SLC26A1;SLC26A2;SLC26A3;SLC26A4;SLC26A6;SLC26A9;SLC27A1;SLC27A4;SLC27A6;SLC2A1;SLC2A2;SLC2A3;SLC2A4;SLC30A5;SLC35C1;SLC36A1;SLC39A8;SLC3A1;SLC3A2;SLC40A1;SLC41A2;SLC44A2;SLC46A1;SLC4A3;SLC4A4;SLC4A7;SLC4A8;SLC5A7;SLC5A8;SLC66A1;SLC6A1;SLC6A11;SLC6A13;SLC7A1;SLC7A10;SLC7A5;SLC7A6;SLC7A7;SLC7A8;SLC7A9;SLC8A1;SLC9A1;SLC9A2;SLC9A3;SLC9A4;SLC9A5;SLC9A6;SLC9A8;SLC9C1;STEAP3;STOM;STOML2;STOML3;TFR2;TFRC;TRPA1;TRPC6;TRPM1;TRPV1;TSC22D3;UBA52;UBB;UBC;VCP;VDAC1;VDAC2;VDAC3,ALAD;PHB,
TRANSPORT_OF_SMALL_MOLECULES,MM14985,232,208,205,27,3,0.8723404255319149,ABCA1;ABCA4;ABCB4;ABCB6;ABCB7;ABCB8;ABCF1;ABCG5;ACO1;ADD3;ADRM1;ALB;ANO1;ANO2;ANO5;AP2A1;AP2A2;AP2B1;APOBR;APOE;ARL2;ARL2BP;ATP12A;ATP13A2;ATP1A4;ATP2A1;ATP4A;ATP6V0A1;ATP8A2;AVPR2;BEST1;BEST2;BSG;CA2;CA4;CALM1;CAMK2A;CAMK2B;CAMK2D;CAMK2G;CFTR;CLCA1;CLCA2;CLCA4;CLCN6;CLN3;CLTC;CTNS;CYB5R1;CYB5R4;CYBRD1;CYGB;DERL1;EIF2S1;EIF2S3;ERLIN2;ESYT1;FBXL5;FKBP1B;FLVCR1;FTH1;GNAS;GNB1;GNB2;GNB3;GNB4;GNB5;GNG10;GNG11;GNG12;GNG13;GNG2;GNG3;GNG4;GNG5;GNG7;GNG8;GNGT1;GNGT2;HFE;HMOX1;HMOX2;IREB2;LCAT;LIPC;LIPG;LRRC8A;LRRC8B;LRRC8C;LRRC8D;LRRC8E;MB;MCOLN1;MRS2;NEDD4L;NEDD8;NPC1;NPC2;OS9;PCSK5;PEX19;PMPCA;PMPCB;PRKACA;PRKACB;PRKAR1A;PRKAR1B;PSMC1;PSMC5;PSMD13;PSMD14;PSMD2;PSMD3;RAB11A;RAF1;RHBG;RNF5;RPS27A;RYR1;RYR2;SCARB1;SKP1;SLC11A2;SLC12A1;SLC12A2;SLC12A3;SLC16A3;SLC16A8;SLC17A8;SLC1A1;SLC1A2;SLC1A3;SLC1A5;SLC20A1;SLC20A2;SLC24A1;SLC24A2;SLC25A10;SLC25A11;SLC25A18;SLC25A22;SLC25A4;SLC25A5;SLC26A1;SLC26A2;SLC26A3;SLC26A4;SLC26A6;SLC26A9;SLC27A1;SLC27A4;SLC27A6;SLC2A1;SLC2A2;SLC2A3;SLC2A4;SLC30A5;SLC35C1;SLC36A1;SLC39A8;SLC3A1;SLC3A2;SLC40A1;SLC41A2;SLC44A2;SLC46A1;SLC4A3;SLC4A4;SLC4A7;SLC4A8;SLC5A7;SLC5A8;SLC66A1;SLC6A1;SLC6A11;SLC6A13;SLC7A1;SLC7A10;SLC7A5;SLC7A6;SLC7A7;SLC7A8;SLC7A9;SLC8A1;SLC9A1;SLC9A2;SLC9A3;SLC9A4;SLC9A5;SLC9A6;SLC9A8;STEAP3;STOM;STOML2;STOML3;TFR2;TFRC;TRPA1;TRPC6;TRPM1;TRPV1;UBA52;UBB;UBC;VCP,ABCB10;ABCG2;ADCY1;ADCY2;ADCY3;ADCY4;ADCY5;ADCY6;ADCY7;ADCY8;ADCY9;ALAD;CLCN3;CREB3L3;CUBN;MBTPS1;MBTPS2;PHB;PRKACG;PRKAR2A;PRKAR2B;SLC25A6;SLC9C1;TSC22D3;VDAC1;VDAC2;VDAC3,CALM2;CALM3;EIF2S3B
TRANSPORT_OF_THE_SLBP_DEPENDANT_MATURE_MRNA,M26974,33,33,33,0,0,1.0,AAAS;ALYREF;NCBP1;NCBP2;NDC1;NUP107;NUP133;NUP153;NUP155;NUP160;NUP188;NUP205;NUP210;NUP214;NUP35;NUP37;NUP42;NUP43;NUP50;NUP54;NUP58;NUP62;NUP85;NUP88;NUP93;NUP98;POM121;POM121C;RAE1;RANBP2;SEC13;SEH1L;TPR,,
TRANSPORT_OF_THE_SLBP_DEPENDANT_MATURE_MRNA,MM14609,33,33,33,0,0,1.0,AAAS;ALYREF;NCBP1;NCBP2;NDC1;NUP107;NUP133;NUP153;NUP155;NUP160;NUP188;NUP205;NUP210;NUP214;NUP35;NUP37;NUP42;NUP43;NUP50;NUP54;NUP58;NUP62;NUP85;NUP88;NUP93;NUP98;POM121;POM121C;RAE1;RANBP2;SEC13;SEH1L;TPR,,
TRNA_PROCESSING,M27684,51,43,43,8,0,0.8431372549019608,AAAS;CLP1;CPSF1;CSTF2;CTU2;DDX1;EPRS1;HSD17B10;NDC1;NUP107;NUP133;NUP153;NUP155;NUP160;NUP188;NUP205;NUP210;NUP214;NUP35;NUP37;NUP42;NUP43;NUP50;NUP54;NUP58;NUP62;NUP85;NUP88;NUP93;NUP98;POM121;POM121C;RAE1;RAN;RANBP2;RPP38;RTCB;SEC13;SEH1L;TPR;TRIT1;TRMT6;TRNT1,MT-CO1;MT-CO2;MT-CO3;MT-CYB;MT-ND1;MT-ND2;MT-ND4;MT-ND5,
TRNA_PROCESSING_IN_THE_NUCLEUS,M27606,38,38,38,0,0,1.0,AAAS;CLP1;CPSF1;CSTF2;DDX1;NDC1;NUP107;NUP133;NUP153;NUP155;NUP160;NUP188;NUP205;NUP210;NUP214;NUP35;NUP37;NUP42;NUP43;NUP50;NUP54;NUP58;NUP62;NUP85;NUP88;NUP93;NUP98;POM121;POM121C;RAE1;RAN;RANBP2;RPP38;RTCB;SEC13;SEH1L;TPR;TRNT1,,
UBIQUINOL_BIOSYNTHESIS,M27142,13,13,13,0,0,1.0,COQ2;COQ3;COQ4;COQ5;COQ6;COQ7;COQ8A;COQ8B;COQ9;HPDL;PDSS1;PDSS2;STARD7,,
UBIQUINOL_BIOSYNTHESIS,MM17216,13,13,13,0,0,1.0,COQ2;COQ3;COQ4;COQ5;COQ6;COQ7;COQ8A;COQ8B;COQ9;HPDL;PDSS1;PDSS2;STARD7,,
UNBLOCKING_OF_NMDA_RECEPTORS_GLUTAMATE_BINDING_AND_ACTIVATION,MM15104,9,11,9,0,2,0.8181818181818182,ACTN2;CALM1;CAMK2A;CAMK2B;CAMK2D;CAMK2G;DLG4;GRIA1;NEFL,,CALM2;CALM3
UNFOLDED_PROTEIN_RESPONSE_UPR,M10294,42,42,42,0,0,1.0,ATF3;ATF4;ATF6;ATF6B;CALR;CCL2;CEBPB;CEBPG;CREB3;CREB3L1;CREB3L2;CREB3L3;CREB3L4;CREBRF;CUL7;DCSTAMP;DCTN1;DDIT3;EDEM1;EIF2AK3;EIF2S1;EIF2S3;EXOSC2;EXOSC9;EXTL2;EXTL3;GFPT1;HSP90B1;HSPA5;KHSRP;LMNA;MBTPS1;MBTPS2;NFYA;NFYB;NFYC;SRPRA;TPP1;WFS1;XBP1;YIF1A;ZBTB17,,
UNFOLDED_PROTEIN_RESPONSE_UPR,MM14981,42,10,9,33,1,0.20930232558139536,ATF6;ATF6B;CREB3;CREB3L3;CREBRF;EIF2S1;EIF2S3;MBTPS1;MBTPS2,ATF3;ATF4;CALR;CCL2;CEBPB;CEBPG;CREB3L1;CREB3L2;CREB3L4;CUL7;DCSTAMP;DCTN1;DDIT3;EDEM1;EIF2AK3;EXOSC2;EXOSC9;EXTL2;EXTL3;GFPT1;HSP90B1;HSPA5;KHSRP;LMNA;NFYA;NFYB;NFYC;SRPRA;TPP1;WFS1;XBP1;YIF1A;ZBTB17,EIF2S3B
UNWINDING_OF_DNA,M3656,7,7,7,0,0,1.0,MCM2;MCM3;MCM4;MCM5;MCM6;MCM7;MCM8,,
VASOPRESSIN_LIKE_RECEPTORS,M27289,5,5,5,0,0,1.0,AVPR1A;AVPR1B;AVPR2;OXT;OXTR,,
VASOPRESSIN_LIKE_RECEPTORS,MM14989,5,5,5,0,0,1.0,AVPR1A;AVPR1B;AVPR2;OXT;OXTR,,
VASOPRESSIN_REGULATES_RENAL_WATER_HOMEOSTASIS_VIA_AQUAPORINS,M933,36,36,36,0,0,1.0,ADCY1;ADCY2;ADCY3;ADCY4;ADCY5;ADCY6;ADCY7;ADCY8;ADCY9;AVPR2;GNAS;GNB1;GNB2;GNB3;GNB4;GNB5;GNG10;GNG11;GNG12;GNG13;GNG2;GNG3;GNG4;GNG5;GNG7;GNG8;GNGT1;GNGT2;PRKACA;PRKACB;PRKACG;PRKAR1A;PRKAR1B;PRKAR2A;PRKAR2B;RAB11A,,
VASOPRESSIN_REGULATES_RENAL_WATER_HOMEOSTASIS_VIA_AQUAPORINS,MM15094,36,24,24,12,0,0.6666666666666666,AVPR2;GNAS;GNB1;GNB2;GNB3;GNB4;GNB5;GNG10;GNG11;GNG12;GNG13;GNG2;GNG3;GNG4;GNG5;GNG7;GNG8;GNGT1;GNGT2;PRKACA;PRKACB;PRKAR1A;PRKAR1B;RAB11A,ADCY1;ADCY2;ADCY3;ADCY4;ADCY5;ADCY6;ADCY7;ADCY8;ADCY9;PRKACG;PRKAR2A;PRKAR2B,
VEGFR2_MEDIATED_CELL_PROLIFERATION,M27423,11,11,11,0,0,1.0,AHCYL1;CALM1;HRAS;KRAS;NRAS;PLCG1;PRKCA;PRKCB;PRKCZ;RASA1;SRC,,
VEGFR2_MEDIATED_VASCULAR_PERMEABILITY,M27422,13,13,13,0,0,1.0,AKT1;AKT2;AKT3;CALM1;CAV1;CDH5;CTNNB1;HSP90AA1;JUP;PAK1;PAK2;PAK3;RAC1,,
VEGFR2_MEDIATED_VASCULAR_PERMEABILITY,MM15170,13,15,13,0,2,0.8666666666666667,AKT1;AKT2;AKT3;CALM1;CAV1;CDH5;CTNNB1;HSP90AA1;JUP;PAK1;PAK2;PAK3;RAC1,,CALM2;CALM3
VESICLE_MEDIATED_TRANSPORT,M27507,224,224,223,1,1,0.9911111111111112,ACTB;ADRB2;AGTR1;AKT1;AKT2;AKT3;ALB;ALPP;ALS2;AMBP;ANK3;AP1G1;AP2A1;AP2A2;AP2B1;AP3B1;APOE;APOL1;ARF4;ARFIP2;ARFRP1;ARL1;ARRB1;ARRB2;AVPR2;BLOC1S1;CALM1;CALR;CAPZA1;CAPZB;CD163;CD36;CD4;CENPE;CFTR;CHM;CHMP2A;CHMP2B;CHMP3;CHMP4A;CHMP4B;CHMP4C;CHMP6;CHMP7;CLTC;CLTCL1;COPG1;COPS5;CUX1;DCTN1;DCTN2;DCTN4;DNAJC6;DNM1;DNM2;DVL2;DYNC1H1;DYNC1I1;DYNC1I2;DYNC1LI1;DYNC1LI2;DYNLL1;DYNLL2;EGFR;EPN1;EPS15;EPS15L1;EXOC1;EXOC2;EXOC3;EXOC4;EXOC5;EXOC6;EXOC7;EXOC8;FNBP1;FNBP1L;FTH1;FZD4;GABARAP;GABARAPL2;GALNT2;GBF1;GGA1;GJA1;GJA8;GJB2;GNS;GOLGA4;GRB2;GRIA1;GRK2;GRK3;HGS;HPX;HSP90AA1;HSP90B1;HSPA8;INS;ITSN1;ITSN2;KIAA0319;KIF11;KIF18A;KIF25;KIF2A;KIF3A;KIF3B;KIF5A;KIF5B;KIFAP3;KIFC1;KIFC2;KLC1;KLC2;KLC3;KLC4;LRP1;MAN2A1;MAN2A2;MAP1LC3B;MSR1;MVB12A;MVB12B;MYH9;MYO5A;MYO6;NAA38;NBAS;NECAP2;NEDD8;OCRL;OPTN;PAFAH1B1;PAFAH1B2;PIK3C2A;PIP5K1C;PLA2G6;PUM1;RAB10;RAB11A;RAB13;RAB3IP;RAB5A;RAB6A;RAB6B;RAB7A;RAB7B;RAB8A;RAB9A;RABEP1;RABEPK;RABGAP1;RAC1;RHOQ;RIC1;RPS27A;SCARB1;SCARB2;SCARF1;SCFD1;SCOC;SEC13;SEC22C;SEC24C;SLC2A4;SNAP23;SNF8;SPTA1;SPTAN1;SPTB;SRC;STAB1;STAB2;STAM;STAM2;SYNJ1;SYNJ2;SYS1;TFRC;TJP1;TRAPPC11;TRAPPC2;TRAPPC6B;TRIP10;TSC1;TSG101;TUBA1A;TUBA1B;TUBA1C;TUBA3E;TUBA4A;TUBA8;TUBAL3;TUBB1;TUBB2A;TUBB2B;TUBB3;TUBB4A;TUBB4B;TUBB6;TUBB8;UBA52;UBAP1;UBB;UBC;UBQLN2;VAMP3;VPS25;VPS28;VPS36;VPS37A;VPS37B;VPS37C;VPS37D;WASL;WNT5A;YWHAB;YWHAE;YWHAG;YWHAH;YWHAQ;YWHAZ,POLG,TUBA3D
VESICLE_MEDIATED_TRANSPORT,MM15232,224,190,188,36,2,0.831858407079646,ACTB;ADRB2;AGTR1;AKT1;AKT2;AKT3;ALB;ALPP;ALS2;AMBP;AP1G1;AP2A1;AP2A2;AP2B1;AP3B1;APOE;APOL1;ARF4;ARFIP2;ARFRP1;ARL1;ARRB1;ARRB2;AVPR2;BLOC1S1;CALR;CAPZB;CD163;CD36;CD4;CENPE;CFTR;CHM;CHMP2A;CHMP2B;CHMP3;CHMP4B;CHMP4C;CHMP6;CHMP7;CLTC;COPG1;COPS5;DCTN1;DCTN2;DCTN4;DNAJC6;DNM1;DNM2;DVL2;DYNC1H1;DYNC1I1;DYNC1I2;DYNC1LI1;DYNC1LI2;DYNLL1;DYNLL2;EGFR;EPN1;EPS15;EPS15L1;FNBP1;FNBP1L;FTH1;FZD4;GABARAP;GABARAPL2;GALNT2;GBF1;GJA1;GJA8;GJB2;GNS;GOLGA4;GRB2;GRIA1;GRK2;GRK3;HGS;HPX;HSP90B1;HSPA8;INS;ITSN1;ITSN2;KIAA0319;KIF11;KIF18A;KIF2A;KIF3A;KIF3B;KIF5A;KIF5B;KIFAP3;KIFC1;KIFC2;KLC1;KLC2;KLC3;KLC4;LRP1;MAP1LC3B;MSR1;MVB12A;MVB12B;MYO6;NBAS;NECAP2;NEDD8;OCRL;OPTN;PAFAH1B1;PAFAH1B2;PIK3C2A;PIP5K1C;PLA2G6;PUM1;RAB10;RAB11A;RAB13;RAB3IP;RAB5A;RAB6A;RAB6B;RAB7A;RAB7B;RAB8A;RAB9A;RABEPK;RABGAP1;RIC1;RPS27A;SCARB1;SCARB2;SCFD1;SCOC;SEC13;SEC22C;SEC24C;SNAP23;SNF8;SPTA1;SPTAN1;SPTB;SRC;STAB1;STAB2;STAM;STAM2;SYNJ1;SYNJ2;SYS1;TFRC;TJP1;TRAPPC11;TRAPPC2;TRAPPC6B;TRIP10;TSC1;TSG101;TUBA1A;TUBA1B;TUBA1C;TUBA4A;TUBA8;TUBAL3;TUBB1;TUBB2A;TUBB2B;TUBB3;TUBB4A;TUBB4B;TUBB6;UBA52;UBAP1;UBB;UBC;UBQLN2;VAMP3;VPS25;VPS28;VPS36;VPS37A;VPS37B;VPS37C;VPS37D;WNT5A;YWHAE,ANK3;CALM1;CAPZA1;CHMP4A;CLTCL1;CUX1;EXOC1;EXOC2;EXOC3;EXOC4;EXOC5;EXOC6;EXOC7;EXOC8;GGA1;HSP90AA1;KIF25;MAN2A1;MAN2A2;MYH9;MYO5A;NAA38;POLG;RABEP1;RAC1;RHOQ;SCARF1;SLC2A4;TUBA3E;TUBB8;WASL;YWHAB;YWHAG;YWHAH;YWHAQ;YWHAZ,RNF103-CHMP3;TUBA3D
VIRAL_INFECTION_PATHWAYS,M48034,325,326,323,2,3,0.9847560975609756,AAAS;ADRM1;AGRN;AKT1;AKT2;AKT3;ANO1;ANO2;ANO5;AP1G1;AP2A1;AP2A2;AP2B1;ARID4A;ARID4B;ARIH1;ATP1A4;BANF1;BCAP31;BRD4;BRMS1;CALR;CANX;CAV1;CCR5;CD4;CDK7;CHD3;CHD4;CHMP1A;CHMP2A;CHMP2B;CHMP3;CHMP4A;CHMP4B;CHMP4C;CHMP6;CHMP7;CLEC4M;CLTC;CRB3;CREB1;CREBBP;CUL3;CX3CR1;CXCR4;DAXX;DDOST;DDX20;DDX5;DYNC1H1;DYNC1I1;DYNC1I2;DYNC1LI1;DYNC1LI2;DYNLL1;DYNLL2;EEF1A1;EGFR;ELMO1;ELOA;EP300;EZH2;FEN1;FKBP1A;FNTA;FNTB;FYN;G3BP1;G3BP2;GANAB;GEMIN4;GJA1;GPS2;GRB2;GSK3B;GTF2B;H2AC18;H2AC20;H2BC21;HDAC1;HDAC2;HDAC3;HLA-A;HLA-B;HMGA1;HNRNPA1;HNRNPK;HSP90AA1;HSP90AB1;HSPA1A;HSPA8;HSPG2;IFNAR1;IGHD;IKBKE;IL17A;IMPDH1;IMPDH2;IRAK1;ITGA4;ITGB1;JAK2;KEAP1;KPNA1;KPNA2;KPNA3;KPNA4;KPNA5;KPNA7;LCK;MAN1B1;MAN2A1;MAP1LC3B;MAVS;MED1;MED16;MED19;MED24;MGAT1;MGAT2;MGAT4A;MGAT4B;MGAT5;MVB12A;MVB12B;NCBP1;NCBP2;NCOR1;NCOR2;NDC1;NEDD4L;NELFCD;NFE2L2;NFKBIA;NLRP12;NLRP3;NMI;NMT1;NMT2;NOD2;NPM1;NUP107;NUP133;NUP153;NUP155;NUP160;NUP188;NUP205;NUP210;NUP214;NUP35;NUP37;NUP42;NUP43;NUP50;NUP54;NUP58;NUP62;NUP85;NUP88;NUP93;NUP98;PABPN1;PAK2;PATJ;PCBP2;PKLR;PLCG2;PML;POLR2A;POLR2B;POLR2C;POM121;POM121C;PPIA;PPIB;PPIG;PPIH;PPP1CA;PPP1CB;PPP1CC;PSIP1;PSMC1;PSMC5;PSMD13;PSMD14;PSMD2;PSMD3;PTGES3;RAB5A;RAC1;RAE1;RAN;RANBP1;RANBP2;RANGAP1;RBX1;RCC1;RCOR1;RELA;ROCK1;ROCK2;RPL11;RPL19;RPL22L1;RPL23;RPL27;RPL36AL;RPL5;RPL6;RPL7;RPL7A;RPLP1;RPN1;RPN2;RPS10;RPS11;RPS12;RPS13;RPS14;RPS18;RPS2;RPS20;RPS21;RPS23;RPS25;RPS27A;RPS27L;RPS3;RPS9;SAP18;SDC1;SEC13;SEC24C;SEH1L;SKP1;SLC25A4;SLC25A5;SLC25A6;SMAD4;SMN1;SNF8;SNRPB;SNRPD1;SNRPD2;SNRPD3;SNRPE;SNRPF;SNRPG;SOS1;SP1;SRPK1;SRPK2;SSRP1;STAT1;STAT2;SUMO1;SUPT16H;SUPT5H;TAF1;TAF4;TAF4B;TAF6;TAF7;TAF9;TBK1;TBL1X;TBL1XR1;TBP;TCEA1;TGFB1;TJP1;TKFC;TLR2;TLR4;TOMM70;TPR;TRAF3;TRIM28;TSG101;TUBA1A;TUBA1B;TUBA1C;TUBA3E;TUBA4A;TUBA8;TUBAL3;TUBB;TUBB1;TUBB2A;TUBB2B;TUBB3;TUBB4A;TUBB4B;TUBB6;TUBB8;TUFM;UBA52;UBAP1;UBB;UBC;UBE2I;VCP;VPS16;VPS25;VPS28;VPS36;VPS37A;VPS37B;VPS37C;VPS37D;VPS39;XPO1;XRCC5;XRCC6;YWHAB;YWHAE;YWHAG;YWHAH;YWHAQ;YWHAZ;ZDHHC2,MPP5;TAT,H3C2;H4C6;TUBA3D
VIRAL_MESSENGER_RNA_SYNTHESIS,M109,33,33,33,0,0,1.0,AAAS;NDC1;NUP107;NUP133;NUP153;NUP155;NUP160;NUP188;NUP205;NUP210;NUP214;NUP35;NUP37;NUP42;NUP43;NUP50;NUP54;NUP58;NUP62;NUP85;NUP88;NUP93;NUP98;POLR2A;POLR2B;POLR2C;POM121;POM121C;RAE1;RANBP2;SEC13;SEH1L;TPR,,
VISUAL_PHOTOTRANSDUCTION,M27158,67,67,67,0,0,1.0,ABCA4;AGRN;AKR1B10;APOE;AWAT2;BCO1;BCO2;CALM1;CNGA1;CNGB1;CYP4V2;DHRS3;DHRS9;FNTA;FNTB;GNAT1;GNB1;GNB5;GNGT1;GRK1;GRK4;GRK7;GUCA1A;GUCA1B;GUCA1C;GUCY2D;GUCY2F;HSD17B6;HSPG2;LRAT;LRP1;METAP1;METAP2;MYO7A;NMT1;NMT2;OPN1LW;OPN1MW;OPN1SW;PDE6A;PDE6B;PDE6G;PPEF1;PRKCA;RBP1;RBP2;RBP3;RBP4;RCVRN;RDH10;RDH11;RDH12;RDH16;RDH5;RDH8;RETSAT;RGS9;RGS9BP;RHO;RLBP1;RPE65;SAG;SDC1;SDR9C7;SLC24A1;STRA6;TTR,,
VISUAL_PHOTOTRANSDUCTION,MM14881,67,62,58,9,4,0.8169014084507042,ABCA4;AGRN;AKR1B10;APOE;AWAT2;BCO1;BCO2;CALM1;CNGA1;CNGB1;CYP4V2;DHRS3;DHRS9;FNTA;FNTB;GNAT1;GNB1;GNB5;GNGT1;GRK1;GRK4;GUCA1A;GUCA1B;GUCY2D;GUCY2F;HSD17B6;LRAT;LRP1;METAP1;METAP2;MYO7A;NMT1;NMT2;OPN1LW;OPN1SW;PDE6B;PDE6G;PPEF1;RBP1;RBP2;RBP3;RBP4;RCVRN;RDH10;RDH11;RDH12;RDH16;RDH5;RGS9;RGS9BP;RHO;RLBP1;RPE65;SAG;SDC1;SDR9C7;STRA6;TTR,GRK7;GUCA1C;HSPG2;OPN1MW;PDE6A;PRKCA;RDH8;RETSAT;SLC24A1,CALM2;CALM3;CHURC1-FNTB;OPN1MW3
VXPX_CARGO_TARGETING_TO_CILIUM,M27479,21,21,21,0,0,1.0,ARF4;ASAP1;CNGA2;CNGA4;CNGB1;EXOC1;EXOC2;EXOC3;EXOC4;EXOC5;EXOC6;EXOC7;EXOC8;GBF1;PKD1;PKD2;RAB11A;RAB11FIP3;RAB3IP;RAB8A;RHO,,
VXPX_CARGO_TARGETING_TO_CILIUM,MM15208,21,20,20,1,0,0.9523809523809523,ARF4;ASAP1;CNGA2;CNGA4;CNGB1;EXOC1;EXOC2;EXOC3;EXOC4;EXOC5;EXOC7;EXOC8;GBF1;PKD1;PKD2;RAB11A;RAB11FIP3;RAB3IP;RAB8A;RHO,EXOC6,
WNT5A_DEPENDENT_INTERNALIZATION_OF_FZD2_FZD5_AND_ROR2,MM15163,7,7,7,0,0,1.0,AP2A1;AP2A2;AP2B1;CLTC;FZD2;FZD5;WNT5A,,
WNT5A_DEPENDENT_INTERNALIZATION_OF_FZD4,M27413,11,11,11,0,0,1.0,AP2A1;AP2A2;AP2B1;ARRB2;CLTC;DVL2;FZD4;PRKCA;PRKCB;PRKCG;WNT5A,,
WNT5A_DEPENDENT_INTERNALIZATION_OF_FZD4,MM15161,11,10,10,1,0,0.9090909090909091,AP2A1;AP2A2;AP2B1;ARRB2;CLTC;DVL2;FZD4;PRKCB;PRKCG;WNT5A,PRKCA,
